0000003D
FFFFDEFB
FFFFE8A2
00001111
FFFFFC19
FFFFF850
0000041F
00001F4E
000007F4
FFFFF1B3
000015A6
FFFFF6CE
FFFFFA6B
00000F15
FFFFF4F4
FFFFFBD7
FFFFFCBB
00000A2A
00001E16
00000F25
000008A4
FFFFE3D7
FFFFE8FB
FFFFFE15
00001EDE
000000B7
00001A05
FFFFE116
FFFFFFB4
FFFFD69B
FFFFDBD3
FFFFDF4D
000005D4
FFFFD0EB
FFFFD743
0000059D
00001FCA
000020CD
00001B6B
FFFFFE59
00001758
FFFFDCA8
FFFFF397
FFFFFE94
FFFFF0E3
FFFFF887
FFFFF9A4
FFFFF9D6
FFFFE1C1
00001F9E
00001F4D
00000BAD
00001F1E
FFFFF405
FFFFF2BA
FFFFD907
FFFFFAF4
FFFFDF13
FFFFDD1B
FFFFF920
FFFFF2B1
FFFFF3B8
00000658
00000327
00002EAD
00000513
00001496
00003197
0000080A
0000179C
00003059
FFFFFCFC
FFFFE3BF
00000DBE
FFFFE38E
FFFFE121
FFFFD2A3
00000F59
00001EC7
FFFFE7DA
FFFFF326
0000132F
000017BE
0000096D
0000086E
00000C1A
FFFFF8F7
00000901
000018A4
00003069
00000706
00001D41
00002293
FFFFE66A
0000056C
00002BB8
FFFFFE94
000012B2
0000050C
FFFFF81C
00000FB3
FFFFF48D
FFFFE311
00000982
FFFFEA57
FFFFFB5D
00000A06
FFFFE9B0
FFFFF2E6
FFFFF7F2
00002B8A
FFFFFFBB
0000254F
FFFFFB6A
00002208
00002C18
0000152C
FFFFF8FA
00001148
00000CD1
FFFFF143
FFFFE236
000015F0
FFFFEE77
00001296
FFFFEE74
FFFFF9D5
00002BB7
0000096D
000034AF
00000A3D
00002BDA
000007C9
00003306
FFFFFD25
000017F2
00001687
FFFFFC9D
00002288
00000BEE
0000147C
00001C59
FFFFEA92
FFFFE62F
FFFFE712
00000C7A
00000EDD
00000163
00001C9C
FFFFE531
00001150
00001BF1
FFFFE617
00001014
00003CFD
00002147
00000CC2
00001498
00002F1A
00000616
FFFFF70F
00000677
00000A4A
0000056E
FFFFF36C
00000A5F
FFFFF399
FFFFE9B9
00000F84
FFFFE870
FFFFE380
00001FCF
FFFFFAAA
FFFFFC76
000037FC
00003AD7
FFFFF787
00001730
00000295
FFFFFF96
00001D44
000022FD
FFFFFBE6
FFFFDC51
FFFFFBD5
FFFFC652
FFFFF8BD
00002045
00001195
00000663
FFFFDAB9
FFFFD0FD
FFFFFDF5
FFFFE471
FFFFE9A2
FFFFFDCB
00001391
FFFFD1ED
00001DAA
FFFFF7EF
00000CAB
00000DB3
FFFFFFCA
FFFFE3B9
00000F53
000012F4
FFFFE021
FFFFF942
00001274
FFFFF4CA
FFFFF521
00001C14
000026A8
0000196F
000000B3
000007F6
FFFFFA8B
FFFFEE3E
FFFFD934
FFFFF999
00000D9E
FFFFF7F3
00001007
FFFFEFAE
FFFFE45B
00001D8C
FFFFF193
FFFFF3CF
FFFFFC59
000009D9
FFFFF2EE
00001711
00000A44
00001052
FFFFD9E7
FFFFD5B2
00002191
FFFFF330
000012DB
FFFFE26A
FFFFFD9E
000012D0
0000176C
00002623
FFFFFF64
00001BD8
00001B84
000033FC
FFFFEF54
000031DA
00000E02
00001504
FFFFFD11
0000090E
0000109F
FFFFFFEE
000016E7
00001584
00000EDF
00001257
FFFFFA1F
00000296
000009CB
FFFFFF2C
FFFFEA1D
00001516
000012DD
FFFFFE86
FFFFE5CE
00001AFD
00000DEC
00000286
000021FC
FFFFE256
000010D1
000011C3
FFFFFEA1
FFFFFF49
FFFFF874
0000084D
FFFFFF33
000003C9
00001A24
FFFFEFA5
FFFFFF33
FFFFE828
FFFFF7ED
FFFFE5A1
0000041A
FFFFFB3E
0000070E
00000E83
FFFFE2DC
00000D5D
000002A2
00000AF5
00000793
00001E4F
00001E95
FFFFE762
FFFFDFA1
00000EAE
FFFFEAB7
FFFFDF64
000012FB
FFFFE421
000022D0
000005BA
FFFFEDAB
00000D30
000008E6
FFFFED99
FFFFE8BE
FFFFED96
FFFFF048
00001985
00002ECF
000025B3
00000FFC
FFFFEDC1
FFFFE7DD
000020B4
FFFFF4DA
00002292
FFFFF751
00001361
00000493
FFFFE80C
FFFFF196
00000AC0
00000BE8
FFFFF408
0000054A
FFFFEC49
0000107D
FFFFF096
00001DEB
FFFFF067
000018D4
000031BD
00001211
00001763
00002E90
00002206
00001461
00001F6A
FFFFFE38
00001087
000010CA
00001A7B
FFFFF904
00000E40
FFFFFEAA
0000179B
00000BA3
00000C89
00001E01
00002046
FFFFFC56
00001B0A
00000AB9
FFFFEBB5
FFFFFB6B
00001714
00001902
000017AE
00001124
00002147
00000939
00000E93
FFFFFD46
FFFFED53
FFFFE7C6
FFFFFAB8
FFFFE08E
0000106D
FFFFD513
FFFFE1D9
FFFFEC32
FFFFF427
0000053B
00000A62
00001293
000016EC
000039A0
FFFFF93A
FFFFF5DC
00002965
00002C9A
00001CB0
FFFFE7E4
00000BB9
00002260
00000800
00002557
00002D51
FFFFF7C2
00000718
FFFFF9AF
00000414
00001EF7
0000078E
00001B6E
00001144
FFFFF922
00002F6A
FFFFF2BF
FFFFE77A
00000B2B
000013F2
FFFFE6B2
00000305
FFFFF470
000017BB
FFFFF4C3
FFFFF380
000005F2
00003B2D
FFFFFF3D
FFFFE553
00000C5C
00000C15
00001D26
00002067
000009D4
00000EBE
FFFFF72D
FFFFFA63
000000E5
00000CD6
00001375
00001B34
FFFFFD70
FFFFF17E
00000AE8
FFFFFD9E
00001B9C
000003CC
000001A8
0000108B
FFFFF01F
FFFFFDF2
FFFFDE94
FFFFE024
000001AB
FFFFFBC3
000010A8
FFFFF88A
000004D5
000018C5
FFFFF97F
FFFFE3E2
00000BDB
FFFFF5AD
FFFFE0B5
0000136D
FFFFE1A6
FFFFEBB6
00000D9A
FFFFE569
00001771
00001F92
00001689
00000B76
FFFFFD53
00001F3E
FFFFE7CF
0000083A
FFFFE992
FFFFF73C
00000263
0000001C
00001254
FFFFF4A9
FFFFF066
00001992
0000041F
00000AD9
0000152B
FFFFFC7F
000008A7
0000273F
FFFFFC40
FFFFF2C8
00001C16
FFFFFA10
FFFFFB25
000032C9
FFFFF136
FFFFF37F
000020E4
00001099
00001BD3
00002EFE
000010F8
FFFFD2DE
FFFFF32B
FFFFD236
00000759
0000007E
FFFFDA0E
000002EC
FFFFF6D7
FFFFE00D
00000DC9
00000D61
00000442
00000469
00000563
FFFFFC89
00000CDE
FFFFE853
00000154
0000114B
FFFFF9AC
FFFFE5FD
00001D03
00000081
FFFFF065
FFFFE966
0000099F
FFFFFA05
FFFFEE1D
000021C1
00002BEB
00000331
FFFFF045
00000826
00000362
00000BA0
FFFFF199
FFFFEA34
FFFFFE77
FFFFE406
000016DE
0000195E
00000AED
0000158C
00001327
FFFFF897
FFFFF6FA
0000145A
FFFFF791
FFFFDB05
00002240
FFFFED83
000016D5
00001D93
000022C6
FFFFD6BA
FFFFFE4F
FFFFEC4F
FFFFFA7E
00001FBB
000032D9
FFFFFDB4
00001CFD
00002E79
FFFFF974
0000014D
FFFFEDDE
FFFFE60A
00002402
FFFFF75F
FFFFED3A
000012EC
FFFFFD83
00000C0D
FFFFE45A
000017EE
00000A55
FFFFEB01
FFFFF813
00000700
00000344
FFFFF249
0000071E
00001C66
FFFFEE88
00000C9C
00002B8A
00001D59
FFFFDB0C
000037F1
00000F17
FFFFF868
00001311
000009C2
FFFFD360
FFFFC533
FFFFF39B
00003720
FFFFC272
0000297A
FFFFFBCA
00001BB7
00000428
FFFFF5F3
000044AD
FFFFE089
0000012C
00000903
00003E4B
FFFFD788
FFFFEF6A
00000F5A
FFFFEC2E
00001D55
FFFFFCCC
FFFFB82A
0000334E
FFFFEB66
000033A9
00004BC2
00000D80
000022CC
000048D6
FFFFD656
00004076
000043F8
00002449
FFFFE67F
FFFFE3F9
000039A4
FFFFCC25
FFFFC995
00002A34
0000118A
FFFFCCD7
FFFFDDB0
000025FC
000023C9
FFFFFF7D
FFFFE8C8
FFFFE0E3
00002EC5
00000E2D
000038FC
00002629
00004232
00001336
000019FB
00001CFE
FFFFD9C5
FFFFBDF6
0000195D
00000110
FFFFFB22
0000138C
FFFFF810
FFFFFEF3
00000790
00001C4A
00001C0B
00004CE9
FFFFF40E
00002623
FFFFBB75
FFFFCF72
0000116E
00001199
00000DE4
0000050E
0000267E
FFFFE00F
FFFFF119
FFFFC8E1
FFFFEBF2
FFFFE766
0000049D
00001386
00000E54
FFFFF76F
FFFFF957
00000009
000005B3
00002730
00002190
00000941
FFFFF6CB
0000314E
FFFFDD8D
0000375A
FFFFF6FA
00000F0D
00001ACC
00001F3C
FFFFCD6D
FFFFF2D8
FFFFFAA8
000001F4
00003521
FFFFFDA0
FFFFF927
FFFFE90F
00002D51
000009A3
FFFFEE54
00000C1C
00002AED
00000C11
00003AF9
0000246C
FFFFED10
00002E8E
FFFFD85F
0000052D
FFFFDF02
000035F6
FFFFF479
FFFFF54F
000032FE
FFFFE593
000039CA
FFFFFEB7
FFFFBAA3
00003393
00003B20
FFFFD445
00000ED5
00001025
000013C0
FFFFD667
FFFFCDC1
FFFFE89A
00000A97
0000256C
00000A1E
00002B83
FFFFDC95
FFFFEF84
FFFFE49A
FFFFE6A2
00001CDC
FFFFBCA4
FFFFCD4C
0000038F
FFFFD182
FFFFD573
FFFFE17A
FFFFFDDC
FFFFF2C3
00001161
00000091
000005C3
FFFFEB0A
FFFFDA90
00001761
FFFFC9FE
FFFFCE5F
000023F7
000003A2
FFFFE9B8
0000024B
FFFFD18F
00001234
FFFFC57F
00000AB8
00002D61
FFFFFA2B
FFFFDA9D
FFFFCD9E
00004177
00002EAE
FFFFF151
FFFFDBA4
FFFFF890
000002D1
FFFFFB83
00000C18
0000176E
FFFFFBA3
FFFFFB19
FFFFFB6A
000009AD
00001F92
FFFFDA55
000035D3
0000214D
00000506
00002526
FFFFE799
FFFFE0EB
FFFFF99F
000028D5
000022B9
00000DEE
00002C3C
FFFFEDB3
00000FA8
00000EB6
FFFFE94A
000001B3
00000812
FFFFE5DD
0000122B
FFFFF64F
0000282F
FFFFD2B0
FFFFE4DA
00002430
FFFFD654
00001D3B
FFFFD75C
00001BB8
000005CA
FFFFCCDB
00004073
FFFFF1A4
00000C07
FFFFA2D0
FFFF9689
00001774
00001984
00000312
00003ABC
FFFFC06E
FFFFDE5C
00001D81
00002E39
00000A04
00002A48
00000014
FFFFE9A9
00003D78
FFFFF5FA
00001300
000012E4
FFFFEF1E
FFFFFABA
FFFFF0CF
00002243
00003D03
FFFFE919
FFFFD1F3
FFFFD478
FFFFD747
00001DB8
FFFFCF89
00001873
00001D89
FFFFF4A5
FFFFE81C
FFFFEE7A
0000191C
00001488
00003766
FFFFDB36
000003ED
00001E4F
00001D80
00000D72
00002476
000002C9
00001A67
FFFFF30E
FFFFF3B1
FFFFCA2F
FFFFD554
FFFFDDA5
000028C4
FFFFF994
FFFFE3BD
FFFFF808
FFFFFF31
FFFFF5E0
FFFFDA57
000013E7
FFFFE094
0000038D
00000318
00001A67
0000178F
0000012C
0000451E
FFFFDB96
0000522F
00003FA7
FFFFF363
00002E17
00003840
0000400E
00001FC2
FFFFDD87
00001B24
00000757
FFFFE90A
00001B11
00002FBA
FFFFDB20
FFFFE596
FFFFC8C1
FFFFB458
FFFFD0CD
00001845
FFFFB3E0
FFFFEAC2
00000E62
FFFFFBF9
00001AF8
00000D14
000020D6
FFFFF16D
00004AC2
00002A46
00003090
00003227
000033E5
FFFFF334
00003D89
000040BB
00001584
FFFFED46
00007D8E
00003695
FFFFD91D
00000EEB
000018CF
FFFFFE36
00000982
FFFFFEEA
FFFFF014
000003BA
0000244E
00002B99
00003387
000000A5
00002C49
00000CA0
0000396B
FFFFE0F4
FFFFE6C5
0000062D
FFFFC60F
FFFFD5D0
000010C4
FFFFF8B4
00001975
00004085
FFFFF435
00001F55
000041EA
FFFFD95C
0000549B
00006B16
FFFFF685
FFFFF9B4
00003008
00002ABA
00002474
0000176E
00000C87
00001114
000020AD
00000469
FFFFE9B9
FFFFF7D7
FFFFE8DA
000003F8
000049C1
00000562
00002EDB
FFFFFDEE
FFFFCFCB
FFFFEACC
FFFFD570
FFFFFC8E
FFFFF2A4
000023D9
00001314
FFFFF5E9
FFFFF739
00002AD3
00001423
FFFFF4CE
FFFFDCE6
FFFFCB90
FFFFEC7E
0000129B
FFFFFB0A
000020A3
00000CC2
FFFFE074
00000BEC
00003B3B
000015CF
00002AAE
FFFFEB2A
00000F4A
FFFFFC87
00002DAC
FFFFEB9F
0000159E
FFFFCBA0
FFFFDAEE
FFFFCF6C
00002B42
000032F4
FFFFD2B3
FFFFF2F2
FFFFC350
FFFFE64A
000011E2
FFFFBB17
0000083B
0000102F
FFFFFC5C
FFFFB316
00001658
00001D29
00001AEC
FFFFF200
FFFFD4CB
FFFFCE32
FFFFF7F1
00003DAD
FFFFEA7F
000005F4
FFFFDF6C
00000C7A
000036CF
00002F11
00004C2A
FFFFF06D
FFFFF3E5
FFFFF18D
00000024
00000D4A
000016BF
000009FB
000014B7
FFFFFE97
00003785
00001875
FFFFD7D9
FFFFFC91
000033B6
FFFFF8E4
000049E8
0000247A
000040ED
0000073F
FFFFFABB
00002BDC
000015F2
00000805
00002BD8
FFFFDF32
FFFFF8A3
FFFFDFE1
00001A3E
00002B0B
000019F5
00002526
00002B44
000014A1
FFFFD9BC
FFFFE29C
0000296D
FFFFE1BE
00000105
00000A5A
FFFFE76F
FFFFBE75
00001CB0
FFFFE25A
FFFFE334
FFFFEF80
FFFFE84C
FFFFDBD1
FFFFE324
000013DD
00000A8C
00001E64
FFFFD201
000042AC
00001CE6
FFFFE801
FFFFE7B7
00000CBC
000002FD
00000C50
00000DE7
FFFFFF23
FFFFEC59
00000698
FFFFDEB2
00002EA9
FFFFF630
00000EE0
FFFFD90C
FFFFDCB1
FFFFF752
000010DB
000034FF
000011B0
00000CEC
FFFFC562
FFFFB5C5
00001351
FFFFEAAA
FFFFD886
00004172
00001626
0000143C
FFFFED2A
0000087C
00002FE2
00005015
00000CB5
00002260
00006E15
0000575E
00000468
0000205B
000029AE
FFFFCC85
FFFFCAF8
000003A2
000011DB
FFFFF35E
00003060
0000149A
0000247F
00003665
FFFFC1DB
FFFF9807
FFFFB095
00003419
FFFFC01B
00002BB2
00001B2B
FFFF8ED8
00001863
000053E4
FFFFF9BD
00001165
000016F7
00001AAD
00003BB9
0000073E
FFFFF76B
0000052E
FFFFFE4C
00001482
FFFFDE53
00000E92
000002C9
FFFFF2D2
00001D26
00002CC1
FFFFDAFD
000011F2
FFFFDB78
FFFF9B5E
FFFFEF07
000052DD
FFFFB595
FFFFB4CE
00000D01
FFFFD80C
FFFFCAF4
FFFFD863
FFFFF5E8
FFFFBABD
FFFFDA8D
00001BFA
FFFFEBCB
0000060A
FFFFEF24
000006D9
0000410A
FFFFD9EB
00002552
000013CC
00002651
00003FFF
FFFFE358
FFFFF36C
FFFFD320
00000138
0000401A
0000205B
0000011F
00001CF2
FFFFBD4F
00001474
FFFFAEF8
FFFFC810
FFFFF3A2
FFFFBE06
FFFFB5D3
FFFFAFF0
000032B8
FFFFC8AA
00003E52
0000181F
00004134
000012E0
FFFFCBD1
00000A5E
000024DA
FFFFF36A
FFFFF7B6
0000036A
000028ED
FFFFF428
FFFFE36E
FFFFCB81
00002256
FFFFF1DC
0000003A
00000B0C
00000B22
000043E4
0000327C
00003BDB
FFFFE6E8
000022C2
000005E8
FFFFFF5B
00001A90
00001A7F
000022B8
FFFFD11B
FFFFFC36
00003CBE
FFFFDA42
0000431C
FFFFD755
FFFFFA0F
00001E5D
00000D3F
000008B6
FFFFDD58
00001939
00002EA5
FFFFEABE
00002046
FFFFDC05
00001907
00001483
FFFFF0B2
FFFFCBC9
00001DDD
FFFFFD24
00000CF0
FFFFD8D6
FFFFE31A
000000F9
FFFFFB96
FFFFE0AE
000004B0
000022CE
000044B2
0000281C
FFFFF37E
FFFFF59B
FFFFFC40
FFFFD497
FFFFF709
00003127
FFFFE946
FFFFEC9D
FFFFE5C8
00003B41
00002EAA
000048E6
00002DEA
0000089D
00003D16
000042C2
FFFFE451
FFFFD519
FFFFD857
00000AA9
FFFFDA9E
FFFFE07D
00002F8D
000002A2
0000578B
FFFFDA42
FFFFBCAA
FFFFDB7C
000022DC
00000339
0000240B
0000594E
FFFFA72A
00003561
00001C83
00000F0C
00002E36
FFFFEEA9
FFFFF631
FFFFE244
FFFFD38A
FFFFD5D0
FFFFDF79
FFFFCF36
00001773
FFFFDD5D
000026E2
0000287E
FFFFF6D5
FFFFE10D
FFFFD1A8
FFFFAE0D
FFFF8D0D
00004A41
FFFFF0A5
00000105
FFFFE97D
FFFFAB2E
00003AC3
00002151
FFFFF570
00002C75
FFFFD8FA
FFFFF5E2
000032C6
00002E95
FFFFE01E
FFFFE12F
00000D84
00000AE0
0000029A
00000F36
0000077C
FFFFDC15
00005216
00004838
FFFFECDF
FFFF3B8A
FFFF934A
FFFFD432
00005A33
00005D7D
FFFFE2B1
00000DF4
FFFFCC0E
FFFFA1A7
00001358
FFFFD7BF
000026A5
FFFFC944
FFFFEBC4
00001853
FFFFE76F
00000D5C
FFFFE0F3
FFFFFCCF
FFFFE10B
FFFFE19D
FFFFE06E
FFFFF816
00000264
FFFFD467
00003464
00000E8D
FFFFBD7C
00000A73
000032BE
FFFFB228
FFFFD7E4
00000E23
FFFFC2F8
FFFFED93
FFFFB491
FFFFF7D5
00000D75
0000141D
FFFFF4F5
0000555E
FFFFFAFE
FFFFCD11
00000BCC
000006EB
0000017F
00002A9E
FFFFCE24
000048EE
FFFFE8CE
FFFFEFB1
00001928
FFFFC517
FFFFF988
00002547
FFFF8574
0000104E
FFFFCA5D
00000ACB
FFFFFE46
FFFFF4AD
FFFFFEAF
FFFFB171
FFFFBCAC
00002628
FFFFFD98
000007DD
FFFFBB53
FFFFB25D
0000448A
0000099D
00000A36
00001606
00000722
00003B75
FFFFBEA5
00001738
00001E14
FFFFCDC9
FFFFD5EF
00002E3C
00001C64
FFFFF692
000013FC
FFFFF184
00003245
00002FB9
FFFFE273
0000482E
FFFFEECF
FFFFAFA6
FFFFFC1F
FFFFB9F8
00000AA0
FFFFD25A
FFFFB342
00005CB5
00001899
00001701
0000098F
FFFFD4A4
FFFFCF2B
00000B1A
00002991
FFFFECED
00002AD1
FFFFF44F
000024F0
00002429
00001281
00002983
FFFFE351
00000916
00000027
FFFFEB71
FFFFECEE
00003974
00004ACF
00003268
00005A40
00009F59
000096FA
00002190
00002EBC
000042F1
000026D1
FFFFF7A5
FFFFE62B
0000276C
000013D0
FFFFED22
FFFFF493
00002D05
FFFFD8B9
00000D50
00001C22
FFFFD175
FFFFCF9A
FFFFEC1A
FFFFDDEF
FFFFC55D
FFFFB3DB
FFFF9E38
00001BB6
FFFFCEEE
FFFFF027
0000038B
00001809
00000F3A
FFFFE701
0000298B
FFFFC1C4
FFFFFE9E
FFFFD882
FFFFFE4A
000004BA
00002F2A
000020FA
000017C3
FFFFDF0A
000053C0
0000459C
FFFFF15D
00000BB2
00004631
0000042E
00000DDF
000009C7
00002803
FFFFF1D0
FFFFF82F
00000151
000010F7
00000BC1
FFFFF726
FFFFEB8E
FFFFFE23
FFFFEADB
00002AA2
FFFFF3CA
FFFFF8C2
000031E2
FFFFFCD9
00003AEB
000004C1
00002308
FFFFBB5E
00002CFD
00000ACD
FFFFBE0F
FFFFEA4F
FFFFD315
000024C5
FFFFF2BA
FFFFD151
0000136C
00001422
000031B8
FFFFC22E
FFFFE1BB
0000242E
00000903
00006083
FFFFFC6B
FFFFE267
00005877
FFFFFD4B
FFFFFDA0
FFFFB5FD
FFFFE397
FFFFBAE6
FFFFD394
FFFFE866
00002BBA
FFFFD254
FFFFC2A6
00003325
FFFFD5E7
FFFFBD93
000026EB
00001453
00003AD9
FFFFFC46
0000266F
000020B0
FFFFF1E3
000015F7
0000038F
FFFFFEC6
FFFFFC77
FFFFC092
00001624
FFFFC726
00000BE2
FFFFE1C4
00002582
00003F5C
00001195
0000589F
FFFFE4D6
00003232
FFFFF3D6
FFFFDECB
FFFFC545
FFFFFBFC
FFFFDC6B
00001DC7
FFFFBE72
FFFFE153
00004ADF
FFFF5DFE
FFFFFFB0
00003C22
FFFFAD6D
FFFFE23E
00007D7E
FFFFF20A
000037CE
00005D70
FFFFF996
0000536D
0000251A
000063C5
00005421
FFFFD659
00003785
0000098F
FFFFEA0A
FFFFD568
FFFFE998
FFFFEA15
000036F6
00001FA1
00002F36
000013EB
FFFFDEA0
FFFFDFEA
00001CB6
0000805A
00001FAE
00008DD9
000028A9
FFFFBE59
00004440
000054AF
00005EE4
00000840
FFFFF1E1
00004E89
FFFFE84B
FFFFF36C
FFFFDF67
00001A0D
FFFFE531
00001830
00000C46
00000738
00000ED1
000032F1
FFFFE3C9
0000097B
FFFFE419
FFFFF1FC
FFFFFE1E
000053CF
FFFFED6C
FFFFA28A
FFFFB6FF
FFFFB1C2
FFFFDB52
0000235B
0000136C
FFFFF0CC
FFFFD9D2
00001C51
000057D7
FFFFE6F9
0000116B
FFFFFEBD
FFFFD2D1
0000088F
00001538
FFFFF99C
FFFFDCB6
00001F67
FFFFEFFD
FFFFDE8D
000028D9
FFFFD65A
FFFFF8FF
FFFFE1F4
FFFFFBCB
FFFFF515
FFFFDAC3
00000A6B
0000120F
0000020E
000008F7
FFFFF4FC
0000215F
FFFFAA12
FFFFEB76
FFFFC675
FFFFF588
FFFFFEDC
FFFFC68B
FFFFF71F
000020C7
FFFFF4AE
FFFFE8F6
FFFFC8C3
FFFFD8D4
000043A2
0000096B
FFFFC2B8
00003490
FFFFD3BD
FFFFE352
00002324
000008E8
00002D54
00000302
FFFFDB71
00000748
FFFFF4E9
FFFFFEAB
FFFFDFF6
0000435D
0000187E
00001078
FFFFF612
0000325C
FFFFF3C4
FFFFC045
000002EB
00001E32
FFFF7316
FFFFD677
FFFFE075
FFFFC29E
FFFFF414
00000EA4
FFFFD7E4
FFFF9586
00001513
FFFFCC42
FFFFEBC5
00005119
00000D77
000068F2
000060DD
FFFFD43F
0000422C
00004449
00000B30
00002BDB
FFFFE8BC
FFFFC44A
FFFFCD23
FFFFEF2D
FFFFFF0E
FFFFD582
FFFFF270
FFFFEF63
00000F40
FFFFE30A
FFFFD242
00004FB3
00000440
FFFFCC31
0000225C
00001CE5
FFFFF442
FFFFE157
00004778
00004CB8
FFFFF13C
FFFFDA9D
00003682
00002A80
FFFFD460
00000B50
FFFFB9E9
00003830
0000191E
FFFFCE51
00001605
FFFFF448
0000141D
00000E37
FFFFF050
FFFFCDA7
FFFFF10E
FFFFB281
FFFFF33F
0000379E
FFFFDDC5
000017B9
00003259
FFFFF670
FFFFE56F
FFFFFD5B
0000161D
000035B4
0000435B
00001BCB
FFFFF855
FFFFFA9B
00002659
00001655
00002229
00000970
FFFFE4BD
FFFFD809
FFFFFF24
FFFFDA84
00001E1B
00000F38
FFFFE43E
00003165
FFFFE229
000016BC
000018D9
0000151D
0000197C
FFFFECA3
00000F23
00000BFF
FFFFD992
FFFFE226
000016ED
00004A5E
FFFFE175
00003CD3
FFFFE44E
000018EC
FFFFD1B7
000027E1
0000199B
FFFFE7F7
FFFFF17B
000040B8
FFFFEE6A
FFFFE66D
FFFFF7EA
00000AA6
FFFFDF0B
00000E0A
FFFFE98A
0000020C
00000C4B
FFFFE220
FFFFFE43
FFFFBB74
00001B8D
FFFFE21B
FFFFD6A3
FFFFDDA0
FFFFE798
00000077
00002FDA
00001101
FFFFD6C2
FFFFE620
000034F4
00001B52
FFFFE1F1
FFFFBCC6
00002B44
FFFFDF3D
FFFFC157
FFFFF5FE
00002635
0000025E
FFFFED1D
00004F2B
0000064F
FFFFF7A4
000013A9
FFFFDB51
FFFFEAAA
00002240
00001686
FFFFDA3B
00005A79
0000461A
000000E8
00000F0D
0000106C
00001CBE
00003EAC
00000CD3
000014CA
FFFFED8A
00004F24
FFFFDBBC
000012A1
FFFFE1C6
0000118D
FFFFFA83
FFFFC221
FFFFF60E
FFFFF4DF
FFFFE105
FFFFE07F
FFFFD399
FFFFF41C
FFFFFAE0
FFFFCB26
FFFFFA59
FFFFCFD4
FFFFF668
FFFFDC5A
FFFFF02C
FFFFC2B0
000020D1
FFFFCB15
FFFFF1A8
FFFFCAAB
FFFFF9ED
FFFFF262
000018FF
FFFFF52C
0000095F
FFFFD541
00000AC1
000010E5
0000099F
FFFFCB12
000038A0
000034B0
00001DDF
FFFFC83E
FFFFEF75
00000FCE
000095CA
00005A16
FFFFFC7B
FFFFC27E
000059A7
00002B1F
00002B10
000006C9
FFFFD0AA
FFFFD493
00000DB6
000026E9
FFFFF0B0
000010ED
FFFFCA80
00001C05
00001574
00001A09
FFFFE655
00002853
FFFFDCA7
000041B3
00005878
FFFFF49C
00004778
00000CAC
FFFFE061
FFFFD27D
00001423
000022FC
00000231
FFFFFD83
00003046
FFFFBFBD
00003381
FFFFE063
000015D3
000014F2
0000124D
FFFFC833
FFFFF749
000007F2
00003192
00003D61
00001801
00001987
00001193
FFFFD7E5
FFFFF472
00000482
00000663
000011D2
00003874
00002ED8
FFFFEA81
FFFFD518
FFFFC965
00001584
FFFF96A5
FFFFDC55
FFFFE82D
0000643B
FFFFEB5C
FFFFF6B5
000002E7
0000527E
FFFFA660
00001E5B
FFFFC045
00001013
000000D9
FFFFF0A5
FFFFD696
00001C5F
FFFFF3E6
FFFFD1FB
FFFFD2DA
FFFFE3C6
FFFFED9F
00002078
FFFFDD8B
000008FD
000023D9
00002AC0
FFFFEEB5
00002E20
FFFFF5AD
00001B41
000002FD
00001FF4
000000B9
000028B8
00000CD5
FFFFEFB6
000039BA
FFFFD965
FFFFEF70
000025CD
FFFFE54C
00003426
FFFFF024
FFFFFE0D
00002333
FFFFFB19
00001327
00002038
00000ABC
FFFFDFAB
000009FE
000028D9
FFFFD49E
00002816
FFFFDA7B
FFFFE279
00001E2A
0000227E
0000113F
FFFFD956
00002E42
00001C6C
FFFFFF09
00001186
00001A91
000029F1
0000006D
FFFFE917
FFFFD3E4
FFFFF95D
FFFFE336
00001C91
000016CD
000023D5
00003019
FFFFEEB2
00001EB9
000036EE
FFFFF08B
FFFFC85C
00002884
000042A3
FFFFEBCB
00003D07
00004B78
FFFFF7E3
FFFFC26C
FFFFBEF1
00002AAB
FFFFE7DB
FFFFD1B9
FFFFF4FB
FFFFF44B
FFFFE8C6
FFFFF447
00001045
FFFFC6D2
FFFFEC8D
FFFFC7BE
0000151E
0000145C
0000252D
FFFFE7EA
00002AB3
000049C0
000007DC
FFFFE7D2
FFFFEE03
00000902
FFFFF37B
00001EFA
FFFFE079
FFFFF296
FFFFECE0
FFFFE304
00002B0D
FFFFF18E
FFFFC18A
FFFFDA58
FFFFF7CD
FFFFF50D
00000EFD
00002787
00005270
000001A2
FFFFFCC5
00001E1A
FFFFFD90
FFFFD048
FFFFFFEF
FFFFF691
FFFFCE6C
FFFFB90F
000016FE
FFFFE9B9
0000144E
00000483
0000355D
FFFFD0A3
FFFFC84D
FFFFD929
000006AD
FFFFFC8B
FFFFD472
FFFFB5D4
FFFFE089
000007D1
00003980
FFFFCC15
000000A7
00001EEA
00002E4A
000025CD
000017AE
FFFFFD4F
00002F12
00001274
0000300D
00000146
00002592
0000121D
00000455
000007E9
FFFFFFBC
FFFFD950
00002090
FFFFCABB
00001BDE
000058C3
FFFFEC0A
000006D2
00000BA8
FFFFE929
FFFFD42A
000004B1
00003ED2
FFFFA4AE
FFFFE7D0
FFFFE7D5
FFFFFEC9
00002874
00001304
00000456
FFFFC370
0000179F
FFFFDB07
FFFFD005
FFFFB4DD
00006C2A
00003D64
00002575
0000043C
FFFFFF98
00004C73
FFFFBCAB
00004236
FFFFF23E
FFFFD39D
00001A80
000009BC
000014B3
00000DB9
FFFFBED5
FFFFE1EA
0000019C
FFFFF247
FFFFE2D6
FFFFB3BA
00000D2D
00000752
000003E6
FFFFF9F7
FFFFD82F
00000A4F
00000C28
00001919
00001EE6
00002784
FFFFD9C6
FFFFFD7C
FFFFD37C
FFFFE158
00001FED
FFFFFFD5
FFFFF506
000014A0
0000362C
FFFFF870
FFFFE2E5
000020E3
000010A3
FFFFE3EB
0000081D
FFFFF61C
00000FCE
00001016
FFFFF5F9
0000141E
FFFFC5DC
00001A1E
FFFFDB22
FFFFF9F6
0000133E
FFFFFE5F
FFFFE5AA
FFFFCF24
00001EA1
00001CF0
FFFFEFED
FFFFFDA4
00001901
0000106B
0000064C
00000C4F
FFFFF04C
FFFFE9B5
FFFFC3C5
00002427
00000C27
000007E5
000006AA
00001191
FFFFC051
000022A0
00003D3C
FFFFDE65
00000CE9
FFFFCD1A
000005FC
00002F9C
00000DAA
FFFFF405
00002D74
00002BB3
FFFFD8E3
FFFFF519
FFFFFA94
00000875
000026CC
000010A8
FFFFDE8B
FFFFFF58
00001C92
0000144E
FFFFCA64
FFFFDC53
FFFFBE96
FFFFB9D5
FFFFF002
FFFFCF07
00000EB7
FFFFC8AB
FFFFC912
FFFFBC89
FFFFF4C2
FFFFD12F
FFFFDCDA
000005C8
FFFFDD07
FFFFE096
FFFFFAD1
FFFFE441
FFFFFC5D
00002976
FFFFE4A0
00004E90
00001575
00003193
FFFFD881
00004242
0000060C
00000003
000020CA
FFFFF5A2
00005BE1
FFFFDC11
0000148F
FFFFECD4
FFFFDAC2
FFFFF8E6
FFFFD43E
FFFF8E34
FFFFEB96
00002D5F
0000121C
FFFFF0EF
00002E49
00001D12
FFFFF42A
000004B6
FFFFCB86
000003BC
00002DA9
FFFFE23B
00001D76
00003A36
00001F37
00000B2C
0000307F
00005A14
FFFF8A9C
FFFF96E8
FFFFF370
FFFFA38F
FFFFE93A
FFFF4F98
FFFFF9B1
00002FEF
FFFFCD90
FFFFD14F
00001978
00002EEE
00004A1E
000042EF
FFFFF31B
FFFFE2D4
FFFFEE02
0000C0B1
FFFFCFA4
00001D77
FFFFB442
FFFFAF93
FFFF85E1
FFFFABED
0000A40D
000003C2
00006249
FFFF2427
00009171
00004DC3
00004CA2
00001DF8
00001165
FFFFB805
FFFFD02B
00008B3C
0000154F
FFFFCCDA
FFFFCD92
00001790
FFFFB617
000004CF
000044F5
FFFF93C4
FFFFC41F
FFFFB3BB
FFFFD5A2
FFFFCA88
FFFFA7B5
FFFFA13F
00005DF6
FFFFCF48
FFFFD0F9
0000D0E9
00006996
FFFFB462
FFFFF0AE
FFFF9C5A
FFFF8D4B
FFFF9578
000091DC
00005891
00007FB5
00005D4C
FFFFE3CC
FFFFFB34
FFFFC207
0000159A
FFFF9012
000063EA
FFFFEA0B
00005A50
0000B75D
FFFFCB39
00008EAC
FFFFF8A6
FFFFFAB9
000005C8
FFFFE0B8
0000594B
FFFFE4AA
00001606
FFFFC027
FFFFF4F6
FFFF697E
FFFFADB1
000029CF
00004B9B
FFFFBC07
FFFFEE7A
00003A46
FFFFE746
000019AA
FFFFD9CF
FFFFB1FB
000045F9
FFFF855A
000060E0
00002A9A
FFFFB2CF
000036E6
00006947
FFFFEE4F
0000209C
000025AB
FFFFF480
00003AF2
000057B4
00001AD1
FFFFD951
FFFFCDDE
FFFFD67E
000049C8
00004256
FFFFD07D
FFFFCCEB
00000085
FFFFCA14
FFFFA45C
00007A9A
FFFF629F
00003911
FFFF7DC7
FFFFB739
0000289E
FFFF9B1D
0000240D
00000296
00000304
FFFFF94D
00003DE9
FFFFD557
00006375
00002A41
FFFF829E
000058DF
0000491D
FFFECA86
00010EE5
FFFFBB15
00003ECD
0000A36B
00002E96
000070FA
FFFFF721
00004F8D
000071CD
FFFFCAB2
00005577
FFFFD869
0000330B
0000207D
FFFF7FDE
FFFF66FE
FFFFA8BE
0000C863
00003B8F
FFFFEBDE
FFFFE3EA
00001564
00004AB0
FFFFE0BE
00006CCF
FFFFB2CE
000029B1
00001493
FFFF99A1
FFFFE783
00001D2E
FFFF641F
FFFFE89F
00009E1D
000008F9
00002706
00002E80
00005E4E
FFFFDA4E
000067B6
00005AA6
FFFF8CBC
FFFF4202
FFFF7486
00000CA6
0000279E
FFFFE879
FFFFCE80
FFFF5B49
FFFF5882
FFFFC861
00006A11
00001A6D
FFFF2326
00007802
FFFFD9C9
FFFFF6C7
0000169F
FFFFB9CF
FFFF7E94
0000145D
00003A13
000013CE
000030D1
00002192
0000520E
00003043
FFFFFD39
00003953
FFFFD157
00000156
FFFF7E51
000016AB
00001BCA
FFFFB6B9
0000365A
FFFFCCD8
0000458B
00001554
FFFF97FF
FFFF3CC8
000024DA
FFFF7670
00009290
0000012B
000026A2
000087FA
000099A2
FFFFAFF7
FFFFD989
00002471
FFFFD82D
FFFFC1E1
FFFFC895
00002A32
0000395B
FFFF9253
000035B8
0000769D
FFFFE551
FFFF892A
FFFFE441
FFFFB5F5
FFFF6C37
FFFFD59E
00002994
FFFFDF60
FFFFBF69
00006652
FFFF65FB
0000A6AD
FFFFB9C0
000011F8
FFFFC335
00000AA6
FFFFD1A0
FFFFC455
00003B22
FFFFE5FE
00000061
FFFFE7FB
00003461
FFFFB94B
000047A0
FFFFD73F
00001F30
FFFFCF17
00004FF0
0000284B
000020E0
00005C1B
0000CB83
FFFF5C27
00002389
00006472
000043C3
000016FC
00005A26
FFFF4F39
00001B5C
FFFFB3A7
00000C0B
FFFF5211
FFFFF1B2
000080D4
00002280
FFFFD336
00004077
FFFFFC83
FFFFFD33
FFFFFD7A
0000399B
0000267B
000039AC
FFFFCF15
FFFF9458
00005A1A
000039F0
FFFF9CD5
000014A8
0000702E
FFFFD397
0000D083
00001918
000075C0
00002AD7
FFFFCA34
00000D32
FFFFD7AA
FFFFAEA4
000008CB
00001B04
FFFFCCFF
000004E3
FFFFB8A3
FFFF9711
FFFF4660
FFFF70D1
FFFF75A5
000019D9
FFFFFFE4
00001477
FFFFB443
FFFFD546
000001EB
00000D28
FFFFCD7A
FFFFD717
FFFFC59C
00001AA5
FFFF7A2D
FFFFD476
FFFFAAC3
FFFF9DA7
00005E0A
00001D60
FFFFEBE3
FFFFF589
00008AA9
FFFFB15A
00000406
FFFFFDCD
000054CB
FFFFA607
00000C69
FFFFFB5F
00009AB5
FFFFD580
00004D1B
00003E6B
000009C7
FFFFEE12
000061AB
000039C3
FFFFE86E
FFFFEB19
FFFFD6ED
FFFFE7A9
FFFFC8E6
FFFFF490
0000096E
FFFF2D3C
FFFFD5B0
FFFFFBAE
FFFFE2EC
00007E07
00001F4C
00002114
FFFFD106
000028C2
00007702
FFFF3A6F
00001A20
000042CE
000092E0
FFFFF789
FFFFF8D1
FFFFDB73
00005730
FFFF7789
0000537B
FFFF7D5A
FFFFE9BC
FFFFBE0D
FFFFBE57
FFFFAC24
FFFF7841
0000374C
00009FF4
FFFFD1C9
00007196
0000285E
00000C6C
0000290E
FFFF8D17
000030A2
FFFFE5CD
FFFFAC85
0000231B
FFFFC945
00005798
00004DF2
000033E6
0000053E
FFFFD0A2
00003934
FFFFF7B6
FFFFC7EF
00007A9C
00005EB2
00003566
FFFF6BBD
FFFFF39F
FFFFA90B
FFFF976E
00000BF2
000093B9
FFFFBCBA
FFFFA00B
000037A2
00004A3C
00000DC7
FFFFBC52
00000148
0000201E
00001CF5
00005A34
FFFFB7D5
FFFF705F
FFFFD35B
000052A2
FFFF5AC7
FFFFF633
0000459B
FFFFC271
00000BD9
0000B7B2
FFFF8C7F
FFFFCB59
FFFFF5CC
FFFF96EE
00005459
FFFFF9DF
00008D6B
000023C5
FFFF4FD1
00001609
FFFFD7C8
FFFFF683
000049EB
FFFF9CFA
00005FE2
FFFFDA4A
00005BD0
00004A53
0000269E
00000834
000057C1
00000490
00000FB6
00004674
00003CEE
000011CB
FFFFCB1F
FFFFBFAD
00004686
00003080
000010A0
00002009
000037F6
FFFFDB01
000043B8
00001BFB
00000DCB
0000505F
FFFFF686
FFFFBAC3
00000743
FFFFE50E
00001ED1
00003E2D
00002A38
FFFFEA8A
00001E7C
00003C1E
FFFFE492
0000141F
FFFFEBEA
FFFFE07A
FFFF9125
FFFFE2BB
00007BE3
000008CE
000060A9
FFFFFC57
FFFF8AA3
FFFF2BC4
00007B8E
0000576B
00007F4E
FFFFF573
00001B24
FFFF95F4
FFFF90E1
FFFF92BE
0000630B
FFFFD86C
00004BF6
FFFFC0F7
FFFFCFF3
FFFFC952
00000F4D
000066D5
FFFFB332
00003889
000072EC
FFFFB3EB
FFFF71AC
00002075
FFFFA4D6
FFFFF5D2
0000678B
FFFFC98A
00006A6F
000037F8
0000142D
00004091
00000C03
FFFFD4B7
FFFFAE67
00007617
FFFF947F
000032E8
FFFFAAF1
FFFFB555
FFFEDD73
FFFF80A5
00000B90
00007429
0000A55F
FFFFE2F7
0000462E
FFFF5DB9
FFFFFED6
0000B090
FFFFDCD9
FFFFFD1A
00001E03
FFFFE67A
00000F42
FFFF8BF2
00002254
00004F98
00004763
FFFFAA04
FFFFC82C
FFFFED5C
00002322
FFFF6ADD
00006E93
00004CD4
FFFF7471
0000AA75
FFFF653D
FFFFB907
000008D0
FFFF987E
FFFFE688
000077A3
FFFF786F
00003423
00009656
FFFFFD2C
0000142A
FFFFF343
00001A53
FFFFD129
00000F5C
00001040
FFFFC531
00001D75
FFFFFBB2
FFFFCA2F
FFFFC1C2
FFFFF24B
FFFFFECF
00000E86
FFFFF214
FFFFD487
0000305F
FFFFDC98
FFFFE7C2
FFFFC88A
FFFFD7D8
FFFFEABC
00000FD9
FFFFDAF0
FFFFE12E
0000189D
FFFFD72F
000028ED
000006D0
FFFFDADB
FFFFF4A2
FFFFF4CF
00004417
FFFFDEAC
FFFFFA5A
00001A9A
FFFFD803
FFFFD5EE
FFFFFC73
FFFFE5FC
FFFFED3B
FFFFB2D7
FFFFC789
FFFFFC0B
00001EFB
FFFFBCC0
FFFFF2B9
0000010D
000029FF
FFFFDBA4
00000A45
00001A3B
000018E1
FFFFF6E3
FFFFF9D9
00001583
FFFFDE15
FFFFF111
FFFFE0F4
FFFFFB74
00001EC9
FFFFDBF6
000019A2
00000B4F
FFFFD9E8
00001759
FFFFF345
FFFFFD04
FFFFF9BD
FFFFE812
00002C3D
000027EC
FFFFE9B5
FFFFCD3B
00000657
0000054F
000006AF
0000072E
FFFFDF59
FFFFEBAE
00000342
FFFFD0CD
FFFFED24
000005E9
FFFFFD6B
FFFFA5AB
FFFFCC18
00001040
FFFFCBF1
00000EC3
00000602
FFFFC353
00002F66
FFFFD77B
FFFFD964
FFFFE543
FFFFF388
FFFFF8CF
FFFFD315
FFFFF145
FFFFF6DF
FFFFF34B
FFFFF74E
FFFFF93D
000014BE
FFFFF587
FFFFC77D
FFFFFED5
0000006B
FFFFD507
0000111A
000010A4
0000047E
0000111F
FFFFE6BD
00000585
FFFFF325
000016E8
FFFFFDAF
FFFFEB24
000015DF
FFFFFF26
FFFFEB85
00000EFE
00001A66
FFFFCF1D
FFFFFF1E
00002200
000005F8
FFFFF81A
FFFFFF88
FFFFE539
FFFFD797
FFFFEB76
FFFFFA95
000033DA
FFFFD35D
00001656
FFFFF208
00000067
FFFFF1C2
FFFFDF89
00000970
00003A39
00002100
00001124
FFFFB8AB
0000078C
FFFFE6A8
FFFFFE0F
00002644
FFFFE8B4
FFFFFD69
FFFFD8C8
FFFFCF62
FFFFF122
FFFFD907
FFFFC64E
FFFFF080
FFFFDCBD
FFFFE2A4
FFFFE152
FFFFF15E
FFFFDCA9
FFFFFC95
FFFFEA47
0000263D
FFFFD617
000022A2
00000637
FFFFD861
FFFFE85B
FFFFE272
FFFFDCA9
FFFFDD17
0000245D
FFFFCA30
00000C83
00001FB6
FFFFF44F
FFFFCFF7
00002F62
00001279
FFFFD899
FFFFA59E
00000ED7
FFFFF8B4
000014A6
000062F3
000044A2
FFFFAEF0
000003DE
FFFFD304
00000D2D
FFFFFE75
000011C7
00000321
FFFFF2B2
FFFFDCCD
000034B3
FFFFFDB4
FFFFE953
FFFFF54F
0000270B
FFFFB5E1
00002C8B
FFFFFC07
FFFFC2C1
FFFFE57B
FFFFD9E6
FFFFE4BC
FFFFEC2B
00001029
FFFFF5F6
FFFFD2F1
00002835
FFFFD7AF
FFFFFA73
FFFFCC1E
000023A5
00001079
FFFFF653
00003AF1
FFFFEF11
00001227
000028B0
FFFFD684
FFFFF903
FFFFF234
FFFFE8BE
FFFFDBB5
FFFFD810
00002ED3
FFFFF026
0000063F
000011E7
FFFFF2EB
00001FD5
00000133
FFFFAFE7
0000165D
00000BA7
00001B4C
FFFFF9B1
FFFFD0E8
00000039
FFFFBAAC
FFFFEBA3
FFFFCFFD
00003CBB
FFFFD739
FFFFF7B2
FFFFCCB9
FFFFE1E9
FFFFF4D7
00000296
FFFFE15A
FFFFED0D
00002086
00000020
0000071B
FFFFDCB2
FFFFE329
FFFFFE79
00001CC4
FFFFF104
FFFFFCB5
FFFFE4D2
FFFFE4A7
000013C9
00001787
FFFFFDC1
00000679
FFFFAC76
FFFFBD50
FFFFF396
FFFFC611
FFFFE9BD
0000087E
FFFFB498
00000CDB
FFFFDEFB
FFFFE876
FFFFF716
FFFFE886
00002A72
FFFFDB69
FFFFF634
FFFFE134
FFFFED13
FFFFF268
00001B94
00001DA0
FFFFD0F1
FFFFF518
00000639
FFFFD4CA
000024FF
00001E6B
FFFFD01A
FFFFF53E
000031A3
00002F5D
FFFFF1B9
000057C1
00002A0B
FFFFE141
FFFFF9B8
00003B6A
FFFFEDE2
000008BE
FFFFEC92
00001E23
00001477
00001DAB
000006E0
FFFFE37D
FFFFF68F
00000EDD
FFFFDCAA
FFFFC6DA
000027FA
FFFFEBEF
00000865
FFFFFDE2
00000455
FFFFEF7A
FFFFCC50
FFFFEF14
FFFFC98C
FFFFC9F8
00000334
FFFFCEA5
FFFFDC2D
FFFFEA7F
FFFFD1B1
FFFFF8EF
00001074
FFFFFDA6
000011DF
000026A5
FFFFFF5A
FFFFC995
00003A2B
FFFFE165
FFFFFC8C
00001E56
0000109F
000016C3
FFFFDF0D
FFFFE1E2
00001F6E
0000171D
000005CF
00001F66
FFFFC7EC
0000282F
FFFFE29D
00002616
FFFFE331
FFFFDF63
00000038
000008A7
00001E47
FFFFD8C3
00001732
00002077
FFFFD2BC
FFFFEC3A
00001F5E
000000A8
000032A6
FFFFF4F2
FFFFF600
FFFFFFD9
000019F7
0000096A
00002A1C
FFFFE2E3
FFFFEE8A
FFFFC6F2
0000411A
FFFFF81E
FFFFEABB
FFFFF079
000007FF
00001335
00002EA9
FFFFF89A
00001F06
FFFFC694
FFFFD1C9
FFFFDBF7
FFFFD5AA
00001DD5
FFFFE374
FFFFFC06
000028A0
FFFFFD13
FFFFFEB6
FFFFFCB4
FFFFE7B1
FFFFE91F
FFFFFB43
FFFFD768
FFFFDBFE
FFFFD29D
0000072D
FFFFFCE1
00000637
FFFFFA7E
FFFFEA3D
FFFFDA27
FFFFD906
FFFFEA3B
00000056
FFFFE1CE
FFFFD91A
FFFFD89E
0000060C
FFFFECFF
FFFFE9B8
00002F1E
FFFFD7BC
00002143
FFFFEDDC
FFFFFFB8
0000002B
FFFFFE21
00003446
FFFFE874
00000F25
FFFFFCB8
FFFFE5FB
FFFFFB77
000014E6
FFFFCE46
FFFFD47D
FFFFD15B
00004C56
FFFFFB69
FFFFF11F
0000270A
FFFFE8A9
00003677
FFFFFA51
FFFFF30C
000010B8
00000850
000028A7
0000036F
FFFFDC23
FFFFEC9F
FFFFBF6A
00000C00
FFFFE352
FFFFCBC0
FFFFE20F
FFFFEB42
FFFFCDEE
0000163B
FFFFCFBB
000032E5
FFFFFC71
00001A31
FFFFF353
FFFFDDCB
00000F82
FFFFFFD7
FFFFEAE6
FFFFE9F7
00001CB9
FFFFBAC6
FFFFEB62
000005DF
FFFFC257
FFFFF9E1
FFFFE753
FFFFF12E
0000015A
00001409
FFFFE965
FFFFF381
FFFFF88C
FFFFE259
000018AE
00000BBF
0000151C
FFFFF0B0
FFFFD3AA
FFFFE1A3
FFFFDCEA
000034C0
FFFFC614
000000CB
000025C2
FFFFD9B6
FFFFC6F7
000027B6
FFFFDC8E
0000009B
FFFFFDF2
FFFFD175
00001D25
00002DC1
FFFFC7FE
0000009B
00001EC0
FFFFF82E
FFFFF895
00000F4B
FFFFED2D
00000C87
FFFFD3F8
FFFFD9D9
FFFFD5F0
0000149C
00001BB7
FFFFEBA5
FFFFF718
000049A0
FFFFF638
FFFFD403
FFFFF82A
FFFFC5AD
FFFFF792
FFFFD6AF
FFFFFD56
00000776
FFFFD72A
0000170F
00001445
00000686
FFFFEC61
FFFFD240
00001B07
FFFFF211
000025EE
FFFFDEDD
FFFFDB89
00000E23
00000552
FFFFE3F6
000004D7
000003BE
0000092A
FFFFFD1B
FFFFFB15
FFFFE2E1
00002B87
FFFFF82F
000015A1
00000349
FFFFF1A1
FFFFBC1F
00001DE6
FFFFE166
FFFFDEEE
00001159
FFFFEB44
FFFFF41E
FFFFD4D1
000014E8
FFFFE919
FFFFFA6F
FFFFF473
00001EAE
FFFFFB0F
FFFFDF1E
0000099C
FFFFD8FD
FFFFF7A2
FFFFEC99
00000BE9
FFFFF884
000018D3
000007D3
FFFFF3ED
00000E17
FFFFD123
00000553
FFFFF1D8
FFFFB68E
00001C6E
FFFFC2D3
FFFFE2FF
FFFFE9D4
00000A9D
FFFFFCED
00000221
000010D8
00001ADA
00002CFC
00000C4C
FFFFF9C9
FFFFFE8F
0000422B
000028F3
00000354
0000262D
FFFFF17B
000015A8
FFFFFAF2
00000F24
00002846
FFFFF218
FFFFD0F6
FFFFE229
FFFFC8B2
FFFFF697
FFFFF23A
00005E68
FFFFF467
0000329F
00004705
00000101
FFFFF626
00000074
00001ADB
FFFFFB72
00000D48
FFFFEE6F
000019D5
FFFFA8EF
FFFFB0C7
00001F4C
FFFFF45A
FFFFFEC1
FFFFADB0
00000D06
FFFFF603
00002AF6
FFFFD1C8
FFFFF76E
FFFFEBD1
00001282
000039BC
FFFFD6BE
000047B0
FFFFD207
FFFFA8C6
0000107C
00001FF3
000002D4
0000183F
00001CB3
FFFFE389
FFFFC1B3
00003F7E
000027EF
00000BC0
FFFFC423
00000937
000001F6
FFFFF2B2
FFFFE85E
00003052
00000342
FFFFAEC0
00003ABA
FFFFF250
00002EF2
00003D86
FFFFEA8C
FFFFE9F2
000015D0
0000165C
FFFFD63F
00000DBB
00000839
00000DAF
00001140
000057E6
00001500
FFFFE5AA
000033A8
FFFFEFD3
00000D34
00000AD0
FFFFF8E2
00000EEC
00001C1A
00001EC3
FFFFF99C
00001E50
000027E2
FFFFC5A1
00000D23
0000046C
00002686
FFFFF3A2
FFFFA1AF
FFFFA525
00002DFA
FFFFBC33
FFFFF0B5
FFFFA615
FFFFF108
0000178D
FFFFD18B
00002410
00004600
00003137
FFFFC171
00003208
FFFFE626
000006F3
00004509
FFFFDE27
0000066E
00000368
FFFFF50D
FFFFC9E5
FFFFE5B5
FFFFD320
FFFFEFB2
000017B4
00000BA3
FFFFEB5C
00002980
00002923
00003C16
FFFFECEA
000025F3
FFFFEEDB
FFFFA113
FFFFFC93
FFFFEF7A
000014C3
FFFFFA17
FFFFE2F6
FFFFE402
00002F64
FFFFB07C
00000E24
FFFFF342
000043D6
FFFFD7D0
FFFFE6EC
FFFFF9B7
FFFFB911
000013CC
00002301
FFFFDB19
FFFFE4A9
00002E8C
FFFFC80A
00001197
000005E2
FFFFBF97
00000E49
000017F7
FFFFFE4C
0000215D
00000CBB
00004440
FFFFFB97
00000A21
FFFFDEAB
FFFFAA04
FFFFB050
000001B5
000019BE
0000433E
000079DB
00003347
000014D2
00000A68
FFFFD66A
000041C0
00001E71
FFFFBEFA
0000109B
FFFFE0AE
FFFFCEA8
FFFFC441
FFFFDD71
00001B02
FFFFB6C8
00000111
00002DDB
000039EB
FFFFE7DE
FFFFD7F0
FFFFDE27
00000156
00001CDD
00000DC4
0000062D
FFFFD92F
000009BA
00002DCC
000033FA
FFFFA5EE
FFFFE9D0
00001006
FFFFE600
000003A7
00002857
FFFFC3BB
000035E2
FFFFD99C
00001FA4
FFFFFDF2
FFFFD82A
000010D5
FFFFD60F
FFFFE5DA
00002DCF
FFFFF732
FFFFE0CB
FFFFFF5A
FFFFB9C9
000037FC
FFFFED28
FFFFE36C
00007307
FFFFDC2A
FFFFE09A
00001DDC
FFFFE0EA
FFFFF51E
FFFFC964
00000708
00001648
00000696
FFFEFB25
FFFFA97A
00004716
FFFFF2E2
FFFFEBE0
FFFFD94B
00000A34
00002CE9
FFFFC93B
FFFFCD91
FFFFBDB7
FFFFE088
0000116A
FFFFD07B
00004D6E
FFFFD13D
000045A0
000029B7
FFFF8B81
00002EAC
00001C44
FFFFEC6A
FFFFD6E6
FFFFE093
FFFFBDAA
FFFFFC33
FFFFD9A4
FFFF5ABF
FFFFEB7D
000004FE
FFFFC2A1
00002A2C
000003F8
FFFFA9AD
FFFFAF12
FFFFC1FD
FFFFD2E1
00000854
00001597
00001655
00003E76
00001980
FFFFD00E
0000158F
FFFFC46E
00001A5E
FFFFF876
FFFFD09D
FFFFF00B
000008F8
FFFFFEBD
FFFFF8ED
FFFF9D39
00000799
00005C75
000003A6
0000312F
0000555F
000081EB
FFFFE120
FFFFB4D4
00002145
FFFFDFD7
000014BD
FFFFB2BD
FFFFBC74
00000C93
FFFFD9C1
00001860
00000299
FFFFFF92
00006DD3
00008649
FFFFF001
FFFFB03B
FFFFB72E
FFFFFB1F
FFFFCF5A
FFFFEEC8
FFFFBCF4
000039EB
000009F5
FFFFE697
FFFFFBAD
FFFFC513
FFFFBE6A
0000075F
00003942
00002F4D
FFFFC616
FFFFD284
FFFFF7A0
FFFFA612
FFFFE2A3
000021E3
FFFFFC91
FFFFF565
FFFFFB6F
000008A1
0000673A
FFFFFF60
FFFFD7FB
FFFFBAE3
FFFFF721
00002379
FFFFB377
FFFFDDBF
FFFFC0E4
FFFFC825
FFFFB4CB
FFFFEF8B
FFFFF6F8
FFFFDEE4
FFFFD8DE
00002F8A
00002414
FFFFF498
00002E05
00001097
FFFFC104
FFFFDD65
FFFFD7A2
0000162E
00001F7B
FFFFFDC9
00003067
0000014F
00000598
00001AEB
FFFFF005
FFFFCA42
FFFFB882
FFFFF857
00003407
FFFFFAA1
FFFFEFAB
FFFF89C7
FFFFECD3
FFFFE620
FFFFE612
FFFFE8DB
00002BE0
FFFFCAA7
00002F16
FFFFF5EB
000007FC
FFFFF1F0
000003B3
FFFFEFAB
0000261E
000015BB
00003E07
00000BAC
FFFFCFE5
FFFFDB6C
000026F6
00001FC9
FFFFE3CA
FFFFC634
000022CE
FFFFD4F5
FFFFEF20
00003472
000012E5
000000FC
00001DC7
FFFFB6DD
00000CF8
FFFFB50C
FFFFD180
FFFFBF54
FFFF783D
00002CEE
FFFFF600
FFFFB509
FFFFD1C2
FFFFD7DF
00002A01
00001E2A
0000661C
000008D2
000014EC
00000453
FFFFD206
FFFFB782
000011C6
000005EB
00001414
FFFFE541
000008DD
FFFFAD64
000060F6
00004DA3
00000E48
FFFFF51A
FFFFB32B
00002F70
00003AC1
FFFFD0DA
00005866
00000CBE
FFFFF25F
FFFFF4FD
FFFFC244
FFFFCE81
0000130F
00001C17
00001C5B
00003D4E
00002A27
00002503
00000B8B
00006C03
FFFFF41C
00002290
FFFFD618
FFFFA917
00004048
000040A6
FFFFF8EE
000040C0
00004E42
00004634
00001E36
FFFFD9C3
00000CF6
00001A4C
FFFFB506
000003DD
000013F9
FFFFD574
FFFFC979
FFFFFF5E
000007E4
FFFFEAFB
00002901
00002F10
FFFFE4D7
00001A4E
FFFFDFB5
FFFFCF0C
00001910
00000237
FFFFB5E7
FFFFA71A
FFFFAF4E
FFFFA7EA
FFFFAB53
00003661
000058E3
FFFFF4C1
FFFFF4B3
000042D1
FFFFB208
00002791
00003EAE
000020C7
00002C9F
000044ED
0000029C
00002A51
000002BE
0000006F
FFFFEFD1
000019D0
FFFFD3B8
000001A5
FFFFE8BC
0000312D
FFFFC199
FFFFF1D8
00001A01
FFFFEA57
00002A85
FFFFC829
00001DBC
FFFFAE8E
00000C21
000012A4
0000228B
FFFFE6AE
FFFFCDA3
FFFFE578
FFFFBC86
FFFFDFD1
00003B0A
FFFF9070
0000287E
00005C45
FFFFF6F7
000021D4
FFFFB424
FFFFEFA8
FFFFDF8B
FFFFB2CF
FFFFB537
00004C9F
000034BA
FFFFE12F
FFFFD419
FFFFD629
00001059
FFFFF995
00001EAE
00000466
FFFF9C81
FFFFEF3E
00000218
000046FC
FFFFF0AC
FFFFE8CE
00001CB5
00001133
00000454
00008B16
00000087
FFFFE3E9
FFFFEF43
00003AE5
00004666
FFFFC4EB
00003342
00000E15
00000F77
FFFFF21D
FFFFF8FC
00007F73
00000170
000045E6
00000A3E
FFFFA786
FFFFBFB6
000004E4
FFFFF5B7
FFFFF38D
FFFFAC60
FFFFDADD
FFFFA5E7
000019E6
FFFFD5B0
FFFFB0E8
00004ACF
FFFFACAE
00004A6E
FFFFDF62
00004B95
FFFFE38C
00002DF5
FFFFE72A
FFFFDAB5
FFFFA25E
00000A48
FFFFF121
000042CE
000051AA
00000963
FFFF731F
FFFFD518
0000468D
FFFFF3EF
00004BAE
FFFF70F0
FFFFF9A8
00004FAB
00007980
FFFFE417
FFFFBAE6
FFFFA0FD
FFFFA91D
00005B06
FFFFBC06
0000147A
FFFFA3CE
FFFFF733
FFFFF065
000048CC
000042F1
000054E5
FFFFE50F
00005CB9
FFFFDF95
00001FE9
000018D4
00003903
FFFFB370
FFFFF256
0000589F
0000832F
00004364
FFFFC1AA
FFFFBA7C
FFFFA5CB
00002F95
00001CA5
000025B5
0000422D
FFFF8200
00005808
FFFFE2D1
00001333
00002F60
FFFF74BF
FFFFB37C
00000AB6
00003050
00002655
00001DC0
0000470E
FFFFBEAC
FFFFF6AB
00003667
00000F93
00003912
00001EB9
FFFFC404
FFFFE9E0
FFFFDF93
FFFFF4F2
FFFF9790
FFFFCE2E
FFFFE0E0
00004C1C
00000DF2
FFFFB22F
00000FE2
00005B92
FFFFDFC2
FFFFFDFC
00002065
FFFFCF6B
00002008
FFFFD10D
000034C2
000025CA
FFFFFD22
FFFFBDCF
FFFFFA18
00006D76
000048A4
FFFFB1B8
FFFFC04E
FFFFDE68
FFFFD266
00002DEB
FFFFD1A1
FFFFBAB4
FFFFE21E
FFFFB657
00005691
FFFFA539
FFFFD43F
FFFFDD8A
FFFFE941
000038C1
00000F6D
FFFFEA19
00004A2C
00002F64
00001FA1
FFFFCBC8
00006C72
FFFFA62E
000004CA
FFFF9F38
FFFFC126
0000C3B2
000059F7
FFFF7F04
00000E0A
00003AFD
00006E51
00004E0E
00006CD1
FFFFEAC0
FFFF950F
000046AA
FFFFB571
FFFFF43D
FFFFE282
FFFFDE5F
00007270
00002304
000066C1
FFFFBA0D
000023C4
000059F4
FFFF7E97
FFFFFA89
FFFFAD21
FFFF8E28
00000C82
000025A3
FFFFE69D
00005780
FFFFC51A
00000B1E
000052DD
FFFFF7F2
FFFFD41A
FFFFC883
00003ED8
00002ABC
FFFFDFBD
0000528D
FFFFB21E
00001808
FFFFE82B
FFFF6A4D
FFFFF7C7
FFFFC0AC
000091A8
000022D2
FFFFC0D9
FFFFFD15
000002DE
FFFFF461
FFFFF3F3
00000A4D
FFFFDCC4
0000260C
FFFFEF75
FFFFADEA
0000244B
00002F98
FFFFB82C
FFFFC326
00001157
FFFFEA82
00003774
FFFF77BE
00001D84
FFFFD9BD
0000300E
FFFFDA9E
FFFFBA1C
000067F5
FFFFFB38
FFFFE45F
FFFFE06A
000072FA
00002A24
FFFFA778
00003182
FFFFDA7B
FFFF9532
FFFF84E1
0000221E
00004712
FFFF894E
FFFFF433
00001B8A
FFFFBC9B
FFFFC424
0000074C
FFFFFD76
00000AC1
FFFFC548
00005E43
00004AF5
FFFFE9D1
000011AD
00000B91
FFFFE138
FFFF740E
FFFF83DC
000021D7
FFFFEEE8
0000020D
00001308
00004090
00004AE6
FFFFB882
00005DA5
FFFF7587
00002FF2
FFFFDDC4
FFFFD43F
FFFF074C
FFFFE87F
FFFFF622
0000369C
FFFFD228
00001D37
FFFFD11F
00005353
FFFFF991
FFFFE6A9
FFFFC4B7
00002AD3
FFFFE3D6
00002F8B
00003739
FFFFF7D9
00001837
FFFF916E
000027D0
FFFFBACA
00003109
00002209
00002FD4
FFFFB9F0
00000F35
FFFF97FF
FFFFA460
FFFF5571
FFFFFADC
FFFFAA5C
FFFFED0B
00001CDF
FFFFE2AC
00003F24
FFFFE17A
FFFFD970
FFFFDBBA
FFFFB746
FFFFD8AF
00007031
FFFFCD77
000001BE
00002DA7
FFFFD936
FFFFC6FA
00006759
00000486
FFFFDA9A
FFFFE298
0000548E
FFFFFD4C
000006E7
FFFFF2FC
000031B4
00004044
000004F7
00005C37
00003F88
FFFFF0FC
00002682
00004803
FFFFC94F
FFFFF21B
0000363F
FFFFD169
00003F31
FFFFD85D
00000995
FFFFF9A2
000007FD
FFFFA457
0000437E
FFFFECA2
000021DB
FFFFC8C8
000024C5
FFFFC87E
00000DBF
000017D7
00008539
FFFFDB4D
000003B2
FFFFEEB1
00002800
FFFFC963
00001593
FFFF984B
FFFF8FBD
FFFFFD59
00000082
FFFFD8C2
FFFFFB38
00001BF9
FFFFF9C0
FFFFBF44
00001EB7
000055E1
00004D0D
00001814
000000FA
FFFFE0E6
FFFFF06A
FFFFCBEE
FFFFDD97
00004045
FFFFCED9
FFFFEFB9
00000FA6
FFFFED6C
00003A9A
00006711
FFFFDE7A
FFFFD120
FFFFC0D4
FFFFABCD
FFFFA57B
0000899E
FFFFCF1B
FFFFF64A
FFFFB9A5
FFFFD828
FFFFA71F
FFFFC84C
00005084
000034A6
00007C08
FFFF932D
FFFFD8F9
000008E6
00003A55
FFFFFAEC
00007B19
FFFF87C0
FFFFB6DD
FFFFE326
000079D9
FFFFD391
FFFFCE4D
FFFFA381
FFFFFD60
FFFFC4A0
000029AE
FFFFBD15
00003573
00003071
000016E8
FFFFCB29
FFFFEDE6
FFFFAE7F
00001C19
FFFFEED6
FFFFC854
FFFFD821
FFFFAA9E
FFFF9355
FFFFD3C6
00001AFA
00003558
000002C3
00005D5A
00004550
FFFFEDB0
000000E5
00001DEB
FFFFDADB
00002B98
000007D8
00004442
FFFFE37E
000001BE
FFFFE24B
FFFFDDA0
FFFFF2C6
FFFFD531
00004270
FFFFD2E3
00003AB2
FFFFFA70
00002508
0000805D
00002F9B
00003270
FFFFE4D1
FFFFFA80
0000038A
00003E3B
FFFFCAD7
00000814
FFFF4FBA
00007E99
00001FC9
00003E60
000062C7
FFFFEDEE
000021C9
FFFFE3A6
00003799
00009248
FFFFFE23
FFFFEFDE
000052D0
000037B2
00000CB2
FFFFC03C
FFFFAF65
0000251B
FFFFFCBA
000029B1
FFFFC47C
FFFFFC5A
00001D59
FFFFB3B2
00004821
0000399B
00000CF7
00005600
FFFFAA7E
FFFFEEEE
FFFFCA6C
FFFFB0FF
FFFFAF47
00000D70
00001B28
0000114F
000071BC
FFFFD608
FFFFE068
FFFFEDE3
FFFFCF19
00002D59
000009B4
FFFFF313
00000DEE
000024C1
00001F1B
FFFFC198
FFFFB7A7
000035BA
00001819
FFFFD53B
FFFF9EFF
000003B7
FFFFC34E
0000159D
FFFFF597
FFFF538E
FFFFB2B7
FFFFB613
000006DA
00002018
FFFFD4DB
FFFF9380
FFFFF892
FFFFAE98
00003033
0000291F
0000141D
FFFFFEC2
000010FC
FFFFECA7
FFFFDBAD
FFFFF91C
0000034D
0000244C
00003595
FFFFBF21
FFFFC527
00003235
00003189
00001695
000067D2
00001117
000013D2
FFFFE76E
FFFFA47E
000033AF
00002F55
FFFFF78E
FFFFDFE3
00005BB1
00004070
00001DE8
FFFFFB44
00007985
FFFF907E
00001C41
0000401C
00008D4A
FFFFF239
FFFFAB0D
FFFFA4BB
FFFF6D04
00000719
FFFFC774
FFFFC512
000036C3
FFFFF1DD
0000969A
FFFFA99A
FFFF8BB6
000027FE
00000773
FFFFF749
000032AB
FFFFB528
FFFF98B9
00000696
FFFF6BB6
00003F3D
FFFF6FB5
00001A80
00001784
000059C9
000092F1
00001F47
00002A0C
00002B2C
FFFFCCC7
FFFFB883
00002D98
00003972
000001EE
00005C07
000060B8
000047FA
00001763
00000646
0000336B
FFFFFBC5
FFFFF67D
FFFFF29B
FFFFE38F
00000267
FFFFEB00
000022D0
0000129D
000010E5
FFFFE3D9
FFFFE56F
FFFFF2B7
FFFFCB09
FFFFE2E6
FFFFE366
FFFFFC46
FFFFCBC9
FFFFEBE7
FFFFD99B
00000D20
00001B71
FFFFF41B
FFFFE448
FFFFF775
0000382B
00001D0A
00000DED
00000A7A
FFFFEC31
00000EF6
FFFFE4AF
FFFFE704
FFFFD4E4
FFFFFEFF
FFFFE839
00000192
00000A4B
00001C88
0000133A
0000316E
FFFFFB28
FFFFD265
00001AF4
FFFFFE4A
FFFFF0D1
FFFFD9CF
00001856
000030DD
00000BCA
000015CB
FFFFFFF1
FFFFD466
FFFFEDCA
FFFFEE04
FFFFC8BE
FFFFBF4B
FFFFD99C
FFFFF23C
00001ACE
000022FB
000021DD
000028E3
FFFFEACF
0000024C
0000256B
FFFFDCA4
00002D4A
0000325F
00002149
FFFFE54B
FFFFDCE0
00001D00
FFFFE63D
FFFFC4E0
FFFFAA19
000027C6
000012DD
000028D1
000006D0
00002053
00002214
FFFFEE75
00001533
FFFFF89B
00002A14
FFFFF338
00001A93
00003100
FFFFF1D0
00002589
000034BE
FFFFE0ED
0000192D
FFFFFF29
00000D32
FFFFF07C
00001C9D
000017FE
000020D6
00002184
FFFFEC1A
00002E32
00002842
00002FA0
FFFFF2A0
000020E9
00000907
00002DC3
FFFFFED1
FFFFDB1D
FFFFFE44
00000224
00001501
FFFFDD21
FFFFE366
000018BA
FFFFEF60
000013E8
FFFFFDCC
000017A5
FFFFC0C4
FFFFE92B
FFFFEFB0
FFFFDB83
FFFFE830
00001DA0
000005A3
00000A4F
FFFFEC60
FFFFD3B7
00000EC3
00000987
FFFFC1BD
FFFFEDDD
FFFFFE55
FFFFEEF5
00004BC4
00001617
000031E7
000025B7
FFFFBB69
FFFFF071
FFFFEBF1
FFFFC98F
FFFFFE0A
FFFFEA1E
FFFFE560
00001EE1
FFFFE6E2
000007CE
00000244
FFFFEC55
FFFFFFED
00003A72
00003252
000015D4
0000307F
000004D6
00000B11
00000134
FFFFDCC1
000007D3
FFFFD66E
000013F4
000003AC
FFFFC46E
FFFFECE0
FFFFF0D2
FFFFFCF6
FFFFF56F
FFFFFBD6
FFFFEA58
0000001D
00000189
FFFFD875
00000508
FFFFFD17
FFFFE331
00004897
000012CE
000040A2
0000356A
FFFFF902
00004280
00004C44
00002E56
FFFFE8B8
FFFF8D27
00004817
00002D5E
0000162E
FFFFDF0D
FFFFF7AD
FFFFEFC5
00001028
FFFFDEEE
FFFFFD9A
FFFFE36F
00000D42
000023BC
FFFFE4FD
0000035F
FFFFDA16
FFFFD10D
FFFFC97D
00000DF8
0000210E
FFFFE415
00000EF7
00002DBF
FFFFF9AD
0000029D
00000558
FFFFEA58
00002220
FFFFF1E2
000023AB
00000305
00003640
00002977
FFFFF340
FFFFF9D1
FFFFECCE
FFFFF1AE
000017F0
FFFFF9DF
FFFFD4CA
000000DC
0000079E
FFFFCE32
0000157C
FFFFDFC7
00001916
00002B79
FFFFE79F
FFFFCE88
00001746
FFFFD7D0
000021C6
00000976
00004A53
00003FA0
FFFFFF3D
00000CBD
00002380
00003D82
00003EAD
FFFFC73B
FFFFD6A8
000004ED
00000600
0000180B
00001CF1
FFFFF254
FFFFCFEC
FFFFF41E
FFFFC5BD
00001139
FFFFDE46
FFFFEABF
FFFFDE17
00001683
FFFFECA0
00000DFF
FFFFE381
00000531
FFFFFA71
FFFFF9F1
00000B8D
FFFFF874
FFFFE0E8
FFFFF9BE
00003186
00002249
FFFFE2FE
FFFFEB70
FFFFF3F2
00001798
00002A2F
0000187D
000004E4
FFFFEAB0
0000178E
00001380
FFFFDEB3
000018A9
FFFFF219
FFFFD54F
FFFFF8FB
FFFFFD99
FFFFE56C
00002127
000021CE
FFFFFD5B
FFFFE279
00000670
FFFFF588
FFFFCD96
FFFFCD03
FFFFAA37
FFFFC998
00000617
FFFFE88C
FFFFDEAB
FFFFD6F6
0000066B
000007FA
FFFFE413
000015D5
00001380
00001C46
000009F8
0000160D
00000DAE
00000E4A
FFFFFCC6
000030C2
0000110E
00001109
000036BA
FFFFFB88
00000903
00000E1F
FFFFF697
00000B21
000008A9
00002393
FFFFDD54
000021C0
00001CE7
00002664
FFFFFA12
FFFFF2C9
0000116B
000006EA
00002B8B
FFFFFD4A
000004F2
000018B2
00001E29
000027F9
FFFFD3DB
FFFFFF6E
FFFFEC85
00002A56
00000291
00001226
FFFFF367
FFFFE884
0000161A
FFFFFFF6
FFFFFAB3
000001F6
00001EBB
000003CE
FFFFFBE2
00000881
00001646
00003102
000017D4
FFFFFD4E
FFFFDA13
FFFFE7C9
000040B0
FFFFE960
FFFFF4EA
FFFFE0E1
FFFFF339
0000003D
0000096C
FFFFF330
FFFFEFDA
00000618
FFFFFFDD
000008E2
FFFFDB2F
FFFFFD58
00000952
FFFFD597
FFFFD2DE
FFFFCF99
000018E1
00003D98
00001B5A
FFFFD767
0000188F
FFFFE659
FFFFF74C
FFFFD138
FFFFFAD9
FFFFFF1F
FFFFE9B5
FFFFF728
00002F16
0000460D
00002882
FFFFF077
000008EA
FFFFFC07
FFFFE5AE
00000248
00001EB6
00000464
00002633
FFFFE9B1
0000224A
FFFFEC6E
00000DB5
FFFFF975
FFFFD9B2
000012DA
00001282
FFFFF6DC
00003414
0000445E
00002309
FFFFF888
000054E6
0000094C
FFFFF711
00000057
00000A1F
FFFFFEE6
FFFFF643
000003A0
00000A8C
FFFFF627
FFFFF7CE
00002121
FFFFF6A3
FFFFF554
0000434D
00001001
00001988
0000360C
FFFFD84B
000001A1
00002A80
0000166A
FFFFB1A8
FFFFF288
FFFFC5C9
000014CE
0000030B
FFFFDA92
FFFFF408
00002074
FFFFC081
00000D76
FFFFD3A0
00002E8E
00000F70
0000205B
FFFFFB4D
0000011A
00000043
00000988
00000FAA
00001F9A
FFFFDB17
FFFFE640
FFFFEA8C
FFFFF65C
00000E9F
FFFFCC9D
000015DB
FFFFF97D
000003B7
FFFFF90A
FFFFFFF1
00003D59
00003874
00000749
FFFFDFE5
00002644
0000236D
FFFFE7E9
000021EE
00000E83
00001484
FFFFD9C7
FFFFE5A1
0000107B
FFFFEC8D
0000230D
FFFFCDC0
FFFFE800
FFFFE72D
00000184
00004427
0000314B
000006C9
00002B69
00001C38
00002BAB
00001E07
FFFFFDCF
000017B4
FFFFE5ED
FFFFD25F
FFFFE53D
00003022
FFFFF542
0000028E
FFFFFCDD
FFFFE861
FFFFE469
00000F3C
00000ECB
000010C9
FFFFF3E0
00000342
000007FC
FFFFFBA0
000000D0
FFFFFEF4
000018CE
FFFFF3D9
FFFFF63C
00001926
00001DF5
00001AE4
FFFFEC40
000017E2
000023A7
FFFFFFB1
00001DAC
FFFFDA10
FFFFEF36
0000033F
FFFFF96F
00002945
FFFFD3C8
0000064C
0000322D
FFFFB960
000009AC
00002A1F
000039C3
FFFFE089
FFFFF5ED
00000F09
0000130F
000000EB
FFFFF989
00002710
FFFFD722
FFFFF784
FFFFD175
00001816
00002B4B
000012D9
FFFFE5AE
FFFFFC59
000018AA
00001B95
0000133A
00000749
000021A1
00000515
00001B96
0000314A
FFFFD2EC
00000DAC
FFFFE2EB
00000C01
00001BB0
00001F9B
FFFFD2D9
FFFFE7B0
FFFFCC50
FFFFCD87
FFFFF1CC
00001573
FFFFDAE6
0000083B
00005201
00000A8B
00000AA8
FFFFED6E
00004667
00000196
0000249F
0000425C
00002EE3
00000233
000047FF
00005B1D
FFFFC382
00002253
FFFFFAA4
FFFFC048
00000AC2
FFFFEB46
00000251
FFFFF63A
00000FCE
00000D11
000021ED
FFFFD690
00004D69
00000277
FFFFC472
00000681
FFFFD561
FFFFD1F2
00000087
FFFFBE0E
00000AF7
00001FC9
00004F03
00000169
00000FE4
000002BD
FFFF7886
00002C6C
FFFFE282
FFFFC945
FFFFD808
FFFFD682
FFFFB3BD
00001D8C
00002EC1
FFFFF5AD
00002131
0000483E
FFFFE313
0000261E
FFFFEADD
FFFFFD5C
00000B13
FFFFEE7F
FFFFC2FD
FFFFEF4E
00007669
FFFFA232
FFFFF464
FFFFD955
00000E7A
00004C2B
00000148
00003BCA
FFFFDCBC
000022A5
000026F2
00003B73
00003D6D
FFFFFD35
FFFFE607
0000193B
FFFFCDE9
000025B8
FFFFD726
FFFFCCCB
FFFF9DB2
FFFFDBAA
FFFFFD95
FFFFEBC8
0000388A
FFFFFE00
0000375B
00005179
FFFFB7F8
00000672
000009C3
FFFFE31B
00002FBB
FFFFE14B
000032BC
00004676
00001BB5
FFFFC35E
00002037
FFFFF965
00002A95
FFFFF661
00003952
00002059
FFFFF113
00002EFF
FFFFDEF2
FFFFCE03
FFFFB06D
FFFFFFC0
FFFFD8F6
00004B02
0000129A
00004248
000053D4
00000234
FFFFEDBE
FFFFE1F3
00000BF1
FFFFAA86
000013B8
00002814
FFFFFE52
00003FE2
FFFFF499
000044A1
00003CF3
FFFFFFEC
00001818
0000475C
FFFFF655
FFFF9237
00001D01
00002AFA
00003B03
FFFFC752
0000224A
000040E6
00005641
00001050
FFFFE4A8
FFFFC245
FFFFF60C
FFFFE8C7
FFFFD478
0000496B
00002EE8
00004003
FFFFB09E
000044B2
00000DC7
FFFF95C7
0000321C
FFFFD180
FFFFDE4C
FFFFFA5A
FFFFCEF6
000034F0
FFFFDDFF
000042F5
FFFFB58F
00001359
00002CB4
FFFFF6F4
FFFFFF09
00003431
00004E03
FFFFC804
FFFFF6A8
FFFFFB79
FFFFBBA2
FFFFB45C
00004A75
0000078A
00003C86
000070D7
00005F91
00008D8C
00009004
00002793
FFFFF033
00006C52
00004C25
00003EE8
FFFFD6B0
FFFF2D6A
FFFF98AD
FFFFE76D
000041C8
FFFFD3F6
FFFFA985
00002A62
00000E9C
00000235
00005102
000018CD
0000079E
000025E5
FFFFF3DB
0000263E
00001D70
000019FA
FFFFC6C4
000010FC
FFFFCA61
00000C79
00000E94
000047E7
0000010D
00005025
00003E0B
00000E30
FFFFFD78
00002F66
FFFFDE2A
00002474
000001D5
00001069
000030CD
00000205
FFFFEE41
FFFFF3B0
00001148
FFFFFE43
FFFFD1A8
FFFFEE7C
FFFFD3EA
000040B8
FFFFE051
FFFFF521
00001AA2
00001A53
FFFFC603
00002BD0
FFFFEA6A
FFFFAD0A
FFFF74AD
FFFFE01F
00003E02
0000292A
00008441
FFFFBD5E
FFFFF7FB
00001961
0000470F
000001B8
00007B75
FFFFE170
00000481
FFFFD527
FFFF71C5
FFFFAF60
000033A3
FFFFA4A7
00003114
FFFFC071
00002112
00001BB3
00001806
FFFFC905
FFFFEDE8
FFFFE9A5
FFFF94C3
00001BA7
FFFFD7EB
FFFFE39B
FFFFF95E
FFFFEBF3
FFFFEF72
000039C4
FFFFFED9
FFFFE698
000011AF
00005877
000016E1
FFFFC26E
FFFFC481
FFFFAD6E
FFFFF086
000028D4
FFFFFEA5
FFFFF14E
000048AA
00005132
FFFFF75D
000026FF
000039A8
00000F94
0000428A
FFFFDF4F
000053AF
0000083F
FFFFDBE3
0000360C
FFFFDD3A
00003991
FFFFE25E
FFFFFA01
FFFFEE40
00002DF9
00003678
FFFFD362
00000E03
FFFFE7ED
0000305F
00000569
00006E8C
FFFFFB6E
00002EBB
00004EDF
FFFFC889
FFFFF3E0
000040C6
00000AAA
FFFFDDE2
00000DD5
FFFFCB82
FFFFD473
FFFFD827
000020C7
00003A3D
00001AEC
000005E9
00003B0D
FFFFD848
00003211
FFFFFD5F
FFFFB639
FFFFE20D
00004493
FFFFCB3D
FFFFDF03
FFFFAFFA
FFFFE49E
FFFFDE2E
FFFFFB48
FFFFCD08
FFFFE474
0000AD71
FFFFA2ED
00000020
FFFFD59A
FFFF9784
FFFFFDF1
0000200A
FFFFB3F1
0000347D
FFFFE3B2
00002DDA
000022CB
FFFFE774
FFFFAF09
FFFFB2CA
00006342
000023AF
FFFFD375
000067DB
FFFFE6C5
00003831
00004F8F
FFFFE24F
000017F3
0000206B
FFFFDDC4
FFFFED0C
000027A4
000006AE
FFFF9D3F
00007217
FFFFEC4F
00002797
FFFFF1E8
000048B5
FFFFB61A
00004C95
FFFFFB32
00000EA4
FFFFFEAE
FFFFD4D0
FFFFDD47
000032DB
00000C27
0000003D
000036BB
000050ED
00003A4E
00002F84
0000194C
000019A7
FFFFE871
FFFFE50D
00000AD9
FFFFD62F
FFFFE7BE
FFFFF376
00004010
00000504
FFFFC2CD
FFFFED89
FFFFE726
FFFFFCFA
00003043
000029EB
00000443
FFFFCFDD
000038E3
0000428A
FFFFCE7D
FFFFA5C2
00002015
FFFFD2A1
00002A11
FFFFC199
00002DBF
000015A7
FFFFD8BD
0000238C
00002F5F
FFFFC711
000045C2
FFFFAB04
FFFFF892
0000003D
000030BC
FFFFF9CB
FFFFDACE
00002ED7
0000024B
FFFFAD63
0000321D
00005106
FFFF9549
FFFFBEA5
000057AA
000032B0
0000076A
FFFFD89C
FFFFA79A
000011A3
00000C90
00003B3E
00003DB5
FFFFF407
0000078E
00001DAE
FFFFE550
00002C65
000072ED
FFFFDEA5
00002A0C
00005690
000029A0
00002C29
FFFFF808
FFFFEEA4
000028BC
000015DD
FFFFC11E
FFFFC6A7
FFFFB63D
FFFFDD9A
00001857
00002940
FFFFEE8A
0000186E
FFFFDD23
FFFFC184
00001872
000005EA
FFFFF6FD
FFFFE091
00001199
FFFFA979
00003C54
FFFFE9F1
FFFFA991
00003430
FFFFF64F
FFFFD52F
0000134F
FFFFFF60
00006027
0000427F
00005AFC
FFFFE564
FFFFE4EB
00001900
FFFFD8E8
FFFFD456
000019DB
FFFFF6CF
00000ED5
FFFFF63B
FFFFC78E
00001D5B
000037A9
FFFFDBC1
000030B5
0000264A
FFFFCFAD
FFFFF152
00001687
FFFFAD16
FFFFB948
0000163A
FFFFF239
FFFFDA49
000016F7
FFFFFA3A
FFFFFEB8
00000814
FFFFADD5
FFFFC8AF
000017C3
FFFFD097
00005C87
FFFFE878
00001D54
000030F1
FFFFF293
00002BD5
FFFFD9C3
00002FCE
0000224D
FFFFF3D5
FFFFFB0B
FFFF9BA3
000051A0
FFFF9A28
FFFFCBFB
FFFFB8A6
FFFFD05D
0000057F
00003E37
FFFFA997
FFFFBC0A
000008C0
FFFFE34B
FFFF5811
FFFFE3AB
00003511
FFFFD8F9
FFFFD202
FFFF9FF6
FFFFB339
FFFFB84F
00005C11
FFFF9B6E
000037F7
000012E8
000045F2
000001FE
FFFFA3FC
FFFFF0CD
FFFFA0E6
00007CDD
00004EF6
FFFFC8D8
FFFFDC48
0000433F
FFFFD049
000001BF
0000411E
FFFFFBEC
00004507
FFFFF96F
FFFFB5E7
FFFFA432
000001A2
FFFFE8D8
FFFFBDA9
0000264B
000021F2
FFFFE58A
0000004F
000053A2
FFFFD687
000037E7
FFFFD129
FFFFEEA1
FFFFF02D
FFFFCAC6
FFFFD5C3
000013BF
00001EFD
FFFFE4D0
FFFFEBE0
FFFFFFAF
FFFFFAC1
00001E4C
FFFFF6A0
FFFFFC97
FFFFFCA1
FFFFFCF4
FFFFC9DF
FFFFFBCC
FFFFC635
0000084A
FFFFEB71
00002A4A
00001EC9
FFFFFBF4
FFFFF8A7
FFFFFA27
FFFFF28A
0000113A
FFFFFB24
000020D3
FFFFCE98
FFFFE0F2
0000209B
FFFFF9EF
FFFFD744
0000101E
00000729
00001C7A
00001096
000007D5
00001050
00001AE7
FFFFEFE5
00001033
FFFFCE5F
00003419
0000191A
000030CE
0000178A
FFFFF296
FFFFD6D1
FFFFF73E
000001E3
000002AE
FFFFF573
FFFFD9ED
FFFFF591
FFFFF71E
00000567
00001EA2
FFFFFFF5
00002437
FFFFD995
FFFFC053
FFFFDFC2
FFFFDBE1
FFFFD8D0
00000F03
FFFFDF0A
00000BA3
FFFFE48F
FFFFF969
00000A9B
0000056D
FFFFDBA2
FFFFFC33
0000471A
FFFFF61B
00001C40
00000550
00001EAA
000009BE
FFFFDE64
000007C9
FFFFF4B6
FFFFCA2E
000002FE
FFFFDBE2
00000C56
FFFFDD0A
00000E21
FFFFED53
FFFFDAD1
00000F63
FFFFE7F2
FFFFCF97
00002CA1
FFFFDBF9
FFFFE4E9
FFFFE533
00000F0F
00001754
FFFFF04B
0000296E
00000C72
000029A0
FFFFE1B9
00001BD7
000010AD
FFFFDFA3
000009D4
FFFFED34
0000018A
FFFFF468
00001216
FFFFE560
00002FF0
000002BB
00002A8F
00001213
FFFFFAD6
00002B1D
0000287B
FFFFFBF4
FFFFFDA4
0000102C
00000B2D
00000BA7
FFFFCB52
FFFFB558
FFFFC3D6
0000019E
FFFFC560
FFFFBF58
FFFFD6F4
FFFFD710
FFFFECD5
00000529
FFFFD419
FFFFDAE4
FFFFCC1D
00000115
00000F80
00002836
00002591
00000082
FFFFEA9D
0000049C
0000308B
0000214B
00001D37
00002B8F
FFFFF8BB
FFFFE3D3
FFFFF1A8
FFFFFD37
00000E89
FFFFED91
FFFFAC5E
FFFFE32C
FFFFBEB2
FFFFE062
00001E15
000003E3
FFFFE2AB
FFFFFCF6
FFFFD621
FFFFE0AD
FFFFDD1C
FFFFDD5C
FFFFFDF4
00001CD1
00005629
FFFFFB29
FFFFE022
00002561
FFFFEA9E
FFFFC170
FFFFB96A
FFFFCC43
FFFF841D
FFFF44B9
FFFFC0C1
FFFFF97F
FFFFF257
FFFFCD86
FFFFE4EB
FFFFF8C4
000023ED
00001713
00003F26
0000254C
00001440
00001110
00001352
FFFFF74E
0000328F
00001F4C
00001B4F
00003E12
FFFFFA46
FFFFF253
00001279
000010E0
FFFFDCAF
000016A1
000004BF
00003E0E
0000004F
000012DC
00001D09
FFFFEAC7
000014CB
FFFFE964
FFFFFC4D
FFFFF45A
00004442
FFFFF628
00001319
00003DB0
000022CB
0000298B
000015D4
00002B8F
00001AF5
FFFFF544
000019F8
FFFFEBD5
0000315A
000003EC
FFFFE7A6
0000114C
00000AAD
FFFFE7AE
000033EF
FFFFFE38
00000F26
000016A0
00001A78
00001319
000015BB
000025E9
00000A7C
00000B6F
FFFFCF00
FFFFDF11
00003617
FFFF9607
FFFFBEAA
000006B6
00003A42
FFFFD66A
000019AD
0000060D
000018DD
FFFFDECA
FFFFEE73
FFFFE3A9
FFFFDEC3
00001E36
FFFFEF7D
0000248E
00001F50
FFFFFF3E
FFFFDDE7
FFFFF5F2
FFFFE4F5
FFFFE93F
00001C5C
FFFFE842
FFFFC1E1
FFFFD679
FFFFE1CF
00000B0A
FFFFD2DE
FFFFFD10
0000027B
FFFFE4DB
FFFFED88
FFFFE506
00003A53
FFFFF54A
000005B5
000038AE
00001D47
FFFFDD71
FFFFFC5A
0000015F
FFFFFF71
FFFFEE6A
00001685
FFFFE855
000014D0
FFFFEA48
FFFFE313
000025BA
000029D7
FFFFDD25
FFFFF624
FFFFD3E2
00003F60
00005D09
000018B0
00002F67
00002C98
00005FBF
000001A8
00001912
FFFFF166
00000E9C
00002EED
FFFFE708
FFFFE75F
FFFFF184
FFFFE9BA
00001E91
00002610
FFFFE702
00001564
00004DA4
FFFFEB03
00000923
00000D0D
FFFFFE8A
0000362B
000027AE
FFFFF76A
FFFFF200
00000880
FFFFD31C
00000228
00001613
00001250
FFFFF586
00000AD4
000024FB
00002B98
00001D60
FFFFF311
FFFFED0F
FFFFE8CA
0000368F
FFFFEB70
FFFFE97E
000000A0
0000188A
FFFFDA88
00002599
FFFFFF23
FFFFD7AB
FFFFF41C
00001FB2
FFFFEFCA
000003F4
FFFFD983
FFFFD6C2
000005AF
000019F5
0000017E
000033E1
000012DD
000005AE
000051FE
FFFFFFAE
FFFFF0D1
FFFFF8C7
FFFFFEE8
FFFFF617
00004F88
000036EF
00002AE8
00000152
00000219
FFFFFDA2
FFFFFA64
FFFFE0C0
000019D7
00000031
00001F30
FFFFE05B
0000295B
00003994
00007300
00003978
00001BE4
FFFFE96E
000056B4
0000197E
00000867
000027B7
FFFFCC37
00000B25
000017B1
FFFFE97D
00000B9D
00000181
0000100B
00000E53
FFFFE38C
00000E71
00000221
FFFFEFA1
FFFFE7D3
00000E3C
FFFFDFF0
FFFFE50D
00001FDF
FFFFFD75
00001138
FFFFE4B2
FFFFFE1E
00002C4A
00003000
00001B1B
FFFFEB98
FFFFE32A
FFFFE366
FFFFF8C6
FFFFE79B
000020A4
0000163C
00001CFD
FFFFD785
FFFFD37D
FFFFD765
FFFFF67E
00000DD4
FFFFEEB3
00000AEC
FFFFBA7A
FFFFCA58
FFFFBFC2
0000241A
FFFFFE90
00000756
FFFFF3FF
00002735
FFFFB25F
00001E2E
FFFFEC69
000002CF
FFFFF8C6
00003281
00003C00
000001C8
000051B7
00005FD3
000034A2
000047B8
FFFFF95B
FFFFF568
FFFFE86C
00003B5C
FFFFE44F
FFFFDD0E
FFFFDB77
000006AA
00001F2D
000014E2
FFFFF1EE
FFFFF3C3
00004661
000014E6
FFFFE656
00000CCF
00001E2C
000003A0
FFFFDB66
000045BE
FFFFFA7E
00001A6E
FFFFE205
FFFFEB06
0000206D
000011A5
FFFFDAD6
FFFFF9A8
000021A3
0000080D
FFFFFC7E
000028DF
00001A67
00001C50
00003225
FFFFEBAD
FFFFFF6D
FFFFD0F7
FFFFBADF
FFFFFA0C
FFFFF486
000003EB
FFFFF2E8
00001D35
00001471
FFFFD73A
000053A3
00000DF9
00004A30
FFFFDBD4
FFFFDD84
00001570
FFFFE534
FFFFED1E
FFFFFF04
00000F94
FFFFE3CD
00001088
000019A9
FFFFE7B8
00000A04
000005B2
FFFFF024
000003C3
FFFFFC1F
00003C10
000004BF
FFFFFBCC
FFFFDF7A
00000FA5
FFFFEF96
000010D5
FFFFE93A
000027C2
FFFFE8E6
0000231A
FFFFF6BE
00001F1A
FFFFE5EC
FFFFF006
000004ED
00002BF2
000044F1
00003D7C
FFFFF3A7
00001DC3
000001ED
00002A49
000014AD
FFFFF13D
FFFFE667
00001AE9
000017A5
FFFFE45D
00002C69
FFFFF8D4
0000001A
00000E25
00001D0D
FFFFFCA5
0000031D
00000399
000023FB
00002368
000035F4
0000207F
000004DA
FFFFBC61
FFFFCC2A
00002107
FFFFE35E
000000A5
0000349D
FFFFFB0C
FFFFE646
FFFFBDB6
000005BF
FFFFDE4D
00001C77
FFFFF042
00002183
00001769
00001BB6
FFFFE4CD
00000A46
0000361E
FFFFF84A
FFFFB7B0
FFFFFB3F
FFFFAC69
FFFFBADA
FFFFED80
FFFFFB41
FFFFC319
00002A28
FFFFC24B
FFFF9E74
FFFFD25D
00001D2E
FFFFAD82
FFFFDD21
FFFFDF27
00001208
FFFFEAAE
FFFFF25D
FFFFF88F
00004E6E
00005BC1
000077D8
000069DA
FFFFBCED
FFFFEE3E
FFFFD92B
0000288B
000007A5
FFFFD492
00006126
00000106
FFFFAB84
00005814
00003980
00003CE6
FFFFE5A2
000018CE
00000AC4
00000AA1
000008D1
0000192C
FFFFD474
FFFFEAC6
FFFF9A43
FFFFA833
FFFFEBB5
00001C80
FFFFC2B1
000027BF
FFFFA739
FFFFF90E
0000071C
FFFFE9EB
FFFFE3E9
0000382B
FFFFE516
FFFFE6D4
000066CF
FFFFFCCE
FFFFB650
FFFFFE76
FFFF9DD6
FFFFAEE3
FFFFFE86
00003FD6
0000236D
000035DB
00002BEC
0000206C
FFFFDAB2
FFFFFF9B
00001DD9
00003B23
00001E49
0000488C
FFFFC93B
0000034D
00006455
000031FB
FFFFC07E
00003BB6
000014D3
FFFFABB9
FFFFF31F
FFFFF48F
FFFFCB03
00002581
FFFFC7AA
00001C06
FFFFD8E8
000029BC
FFFFBBCC
FFFFBD04
00000277
FFFFF85E
00004B43
FFFFEDA2
00001854
FFFFFFE1
0000351C
00003931
00003A9F
00001526
00006289
FFFFEC73
00003CFA
FFFFDD7B
FFFFBC1E
FFFFF111
FFFFEE61
000067F9
FFFFECA7
FFFFE2BF
00001ED8
000015A5
00005643
00004B6A
FFFF90BE
000020BF
FFFFEBA2
00001230
000013AB
FFFFB819
00000EBF
FFFFFE2E
0000088C
FFFFEEEB
FFFF91D3
000054AB
00003708
FFFFFA77
00001FBC
00007217
FFFFF43D
FFFFD1B5
000055E4
FFFFCBE2
00005FC1
0000003E
FFFFA991
000013C6
00000333
00004296
0000257E
FFFFCDD4
00000122
00002919
000017CA
00000519
FFFFFAD1
FFFFB7EA
0000384D
00002483
000048B8
00001B47
000057EE
00002B68
00005CC8
FFFFB0B4
FFFFD04E
FFFFE05B
FFFFC145
00000BCF
FFFFD582
FFFF985C
00001BB2
FFFFC95B
FFFFDC1F
FFFFBEF4
FFFFF2C1
00000AE7
FFFFD44B
FFFFE6BF
FFFFB97B
FFFFF89E
00001ED9
FFFFB5ED
000056FC
FFFFD6D1
FFFFEF02
00009026
FFFF9112
0000492F
00002858
FFFFD8C9
00003C33
FFFFFDFA
0000015E
000042F1
00001DF0
000027DA
FFFFE325
FFFFEF89
FFFFF0D3
000031C9
00000FCB
FFFFEF23
FFFFF752
FFFFEF74
FFFFD3A8
FFFFEA22
FFFFA8CB
0000260F
00004791
FFFFC515
FFFFC341
00003DF6
FFFFF42E
00000F13
FFFFE0ED
0000099D
00001E66
00004D79
FFFFF165
00001318
FFFFBE66
00002FE7
00003FE8
FFFFA659
00003610
FFFFC46A
FFFFFD04
FFFF9FC4
FFFFCFB4
FFFFD434
0000043E
000041A7
FFFFEDE8
FFFFC71F
00007853
FFFFE8CC
FFFFDF9D
FFFFD9BF
FFFFD438
FFFFCC55
0000031B
FFFFCE39
00005333
00000EA9
00004C19
FFFFC8DA
00000FB8
FFFF9662
000064D7
FFFFB4AA
FFFF8F31
0000A046
FFFFD5B6
00002B31
FFFFA5DD
00002D8C
0000367C
00000B38
0000015C
FFFFF99E
0000035D
FFFFD528
00000AA9
00003D5C
FFFFF5D4
0000081B
00000720
FFFFDE25
0000486A
000062CA
00006C4F
FFFFD725
00001844
000002C4
FFFFFE5F
FFFFA2D2
FFFFDD10
0000136C
FFFFEB63
FFFFFC4B
00004290
FFFFCF3E
FFFFEFFD
FFFFF945
00001C76
00001FDE
FFFFA8E1
FFFFD4D0
00003ADD
FFFFE5CA
FFFFE697
FFFFEA1F
00002C15
00003682
FFFFE62F
00003E53
FFFFE2AB
000029AC
FFFFE955
FFFFDA62
FFFFAA71
FFFFC5CA
00006D14
0000B217
00007DE3
FFFFCAD5
00009C1B
0000BC8B
00001E33
0000228A
0000B360
00000714
00001856
00000EE4
FFFFAB6A
FFFFC7EC
FFFFFBA7
FFFFDE3C
00000549
00002C3D
FFFFF696
00003991
FFFFBE8B
00001D5C
FFFFBFB0
FFFF791C
FFFFE80C
FFFFE3B2
FFFFBE7E
000021CD
FFFFE759
FFFFCD93
00004292
00004A7C
FFFFC87D
0000552D
FFFFF499
FFFFE296
FFFFFA2F
FFFFFEE7
FFFFEE44
FFFFDCC7
FFFFEE29
FFFFC443
000009F4
00005969
FFFFBF48
0000150F
00003D8B
FFFFE004
00004B0A
00004FFD
FFFFFDAB
0000295A
FFFFF7A5
FFFFFB0C
000009D8
FFFFA482
000055F4
FFFFC674
00005794
00003ACA
000040C6
00000ACE
000042BE
FFFFE339
00003186
000044A8
00003433
FFFFF281
FFFFF82A
FFFFC255
FFFFBE31
000025A8
FFFFD05F
FFFFD382
00002BD7
00000D7A
FFFFBE2B
FFFFE6A4
FFFFCC07
00001B91
FFFF9DE3
000030B9
0000154B
FFFFFBF7
00001926
FFFFF54D
00000FC3
FFFFDB11
00002A7F
00001EB9
FFFFE450
FFFFF515
000040A6
FFFFE8CF
00001D1B
FFFFE9F1
FFFFD24F
FFFFB9E8
FFFFE29B
00002BAB
FFFFBF3A
000010CB
FFFFCEBF
00003D13
FFFFE569
FFFFC0BE
FFFFCD9C
FFFFB8C0
FFFFE41C
0000653B
000012C4
FFFFFCE8
00001B12
00003ED4
FFFFE0F0
00002D61
FFFFE213
00001433
FFFFAF6E
00003A57
00000364
00000246
FFFFFD7F
FFFFEB1B
00006824
FFFFD240
000021E3
00003270
FFFFB4D5
00002767
FFFFECDC
00000012
000011CF
FFFFEAAD
FFFFB812
FFFFE4E3
FFFFF8EC
000009D3
FFFFE62E
000094FA
00002AE2
FFFFE3BF
00004415
00000021
00005385
00008B49
00000187
000057E6
FFFFBC2C
FFFFBD12
00004486
FFFFF77E
00001A30
000040F7
FFFFBC77
00001632
FFFFD160
00002971
00001FF6
000004D4
0000456D
FFFFB97F
00007AA7
00000A6F
00004E38
FFFFD58E
FFFFFC5F
000009B8
000024A1
00000301
FFFFF3F9
00004D71
FFFFDFC5
00001E26
FFFFE09C
FFFFEC0A
00005935
FFFFF11C
FFFFF5AE
0000379A
0000410A
00000407
0000418A
00002990
00000323
0000094E
00005A33
FFFFF135
00003356
00001DE7
FFFF976D
0000497B
FFFFCAE6
FFFFFF71
FFFFDE0D
00002587
00003EF5
FFFFB61B
00002484
FFFFC3F2
FFFFA307
FFFFE684
00001E8F
00006A8E
FFFFF63F
000002CA
FFFFCDAC
FFFFDF81
FFFFCD24
FFFFA949
00004E9C
FFFFEFD7
00004B90
00004121
FFFFEB6A
FFFFE6CE
FFFFFAF6
00004676
FFFFAF43
FFFFEEE4
00007D72
FFFFFC38
00003E1D
00001B9E
00003372
00000406
00002380
FFFFF960
FFFFE3CD
000002E7
FFFFED29
00002AD2
00002A7C
FFFFFFBF
FFFFDF68
00005A9A
00002080
00004211
FFFFBBB2
000014FF
FFFF9119
FFFF7079
00001686
FFFFB70D
FFFFFC93
00005AA7
00003349
FFFFD819
FFFFF887
FFFFEFEE
000022AE
00006732
00000F3C
FFFFBCEE
00001725
00001A14
00001CEA
FFFFEFBE
00006AAF
FFFF9776
FFFF90ED
00000FF9
000038E5
FFFFD941
FFFFBA33
FFFFC5FE
00004FD0
FFFFA6E0
0000224D
00001E5D
FFFFF717
00001170
00004673
00009696
00006919
FFFFC4FE
00003942
00003217
0000382B
FFFFC9E3
000047E2
FFFFAF81
00002D5F
FFFFE6A1
0000151C
000048A9
FFFF9C17
000002CE
FFFF7F92
FFFF8A3F
00001A34
00002932
00003B7E
00002E87
0000748A
FFFFD5DE
FFFFCDA4
0000273A
00005655
FFFFE314
00008ED2
00008011
FFFFE066
FFFFEC08
00006FF0
000018C9
00008774
FFFFF230
FFFF7B24
00001848
00006CE7
FFFFEB75
FFFFF1AB
00007A70
00000BD8
00006141
00000AE5
FFFF8C7B
FFFFAD31
FFFFE524
000041CF
FFFFFEB2
00005603
FFFFA751
00003785
FFFFCE8C
FFFFE01E
FFFFEC8D
FFFFEB99
FFFFD8FA
0000254A
00000655
00003114
FFFFA08D
0000157A
FFFFCA83
00000241
000061F7
FFFF5F87
FFFFF175
FFFFC986
00004370
00004137
00002158
FFFFA1A6
000058CA
000001AC
FFFFA553
FFFFF387
00005F07
FFFFCDB7
FFFFD16D
00005A9C
00007E6F
FFFFD85F
0000A79E
00004FC0
000006B5
00004946
FFFFFEA7
000019BD
FFFFC8C1
FFFFA233
FFFFBB8F
0000571A
FFFFC0B4
0000518D
FFFFE5BE
FFFF5F56
000016AC
FFFFC7B4
00001E1C
FFFF984D
000037D8
FFFFA2F5
FFFFDCFF
00003DC1
FFFFDF1D
FFFFDE50
0000007A
FFFFEB21
000003AA
FFFFE6CB
0000495D
00006AB3
FFFFEC6E
FFFFC0E5
FFFFB33A
00002E9E
000004C2
00000D19
000058C0
FFFFCC1E
000006FF
FFFFD27E
0000545B
FFFFAB6E
00004571
00005894
FFFFFA19
00004184
FFFFD64E
FFFFC13A
FFFFE717
FFFFA033
FFFFB36C
0000436F
FFFFC1A3
FFFFEE30
00001700
00003D4E
0000C484
00005347
00003A4B
000012B1
FFFFE97D
FFFFE34C
FFFFB380
FFFFCB56
000018B4
00007BD2
FFFF7944
00000B8C
00000C31
00003615
FFFFD063
00000AF7
FFFFEA2F
FFFFD5F0
FFFFDA73
FFFFD16D
FFFFF8D7
000071AE
0000175F
FFFF6553
0000521C
00005B86
FFFF98CB
000042B9
00006991
00000708
00004D9B
00002429
00002F29
00007D90
00002572
FFFFFECF
FFFFFBAB
FFFFEE54
FFFFC2E8
FFFFFB34
0000575A
FFFFCE61
FFFFC697
00003A5F
0000356A
FFFFF266
FFFFE4EB
FFFFBAE4
FFFF7F36
FFFF6252
FFFFE54B
00007AB9
FFFFFC99
000007E6
0000B5F7
0000203C
FFFFF6D0
FFFFE3B6
000035AE
00000C22
FFFFB55C
00000277
000056F9
0000100C
FFFF7081
000011F3
FFFFEB68
FFFF69D6
FFFFDF7E
FFFF8A3A
00000AB7
00003ED5
FFFFFE99
FFFFCE8C
00007829
00000ABB
FFFFEC40
00003AEC
FFFFC923
FFFFC5C9
0000065E
000039E6
00000691
FFFF922B
000039FA
000012A2
FFFFF2B3
FFFFBED2
000039A3
FFFF858E
FFFFA742
00000131
000002CF
FFFFD0C1
000009B8
FFFFE3C0
000041FB
00003BE4
FFFFA429
00002FB9
00003331
FFFFD177
00003D37
00004C07
FFFFC84F
0000911F
000049A2
FFFFE253
FFFFF37F
FFFFCEE7
FFFFEB82
00000B4A
00005EA7
00001459
00002258
00002D83
FFFFE977
00001F92
000030C3
FFFFF725
00003D3A
000038FF
FFFFD72E
00000E94
00006AC0
00002F45
FFFFCE27
FFFFD4BC
00003417
00006EBA
000038CF
00001C17
FFFFFEA1
FFFFFA1E
FFFFE8E6
0000474B
FFFF97FD
0000067D
0000CC23
000030CD
FFFFA7BE
00002A09
0000624C
FFFFA232
0000228A
0000BE79
FFFFEC48
00008C91
000006A2
FFFFCA49
FFFFFB44
0000216F
FFFFC0A0
00003E28
FFFFD2CF
FFFFAB18
000028C5
FFFFBFF2
FFFFDE59
00004F2A
000021A6
00003F43
FFFFBCC3
0000141E
000046FA
0000667C
FFFFDB2D
000053E6
000078C5
0000770B
00009C26
0000B490
00005A68
00006912
00004FB8
FFFFEA80
000005CC
FFFFFD8F
000015AE
FFFFA8CE
00000B1B
FFFFCE5B
00002BD8
FFFF67A0
0000281D
FFFF93EC
000039B2
FFFFDC64
FFFF8651
00001DF8
0000529C
00005387
00005B22
FFFFE5DB
0000265F
FFFFCFF9
0000416B
FFFFEB4A
00003A27
000050B2
FFFFDC9B
00003ADC
FFFFDF6B
00001A4F
00000750
FFFFE358
00000E09
FFFF89DA
FFFFB33E
FFFFED3D
FFFFD6C4
FFFF9763
00002CAF
0000C60E
000018E1
FFFFF22E
00008F9C
FFFFEBF6
00004C61
0000509E
00006C4E
FFFFC2A1
000051A0
FFFFDB63
00003579
FFFF9B47
00003FC1
FFFFF48D
FFFFD9C6
FFFFA9E5
FFFFBCBC
00006DE4
000064B1
FFFFF58C
00000B97
FFFF748B
000038E7
FFFFB57F
00001AEB
FFFFE528
FFFFDE24
00003EC4
FFFFAC42
FFFFEB30
000027F4
FFFFFBD2
0000843C
00002174
00001C70
FFFF5EB7
FFFFEAEF
FFFFE507
FFFFFCD5
FFFFC9C2
00001A5A
FFFF7C39
FFFFFB77
00002A2E
00003A7F
00005767
00002245
00003314
FFFFA191
FFFFEA43
00001952
00000703
00002118
00001A4A
00003CF2
FFFFCBFB
000035FD
00000475
000035F6
FFFFD3D9
FFFFE217
FFFFE716
0000656E
00007FBF
FFFF9BD8
00006AD9
00007EE6
FFFFA8C4
0000024E
00006159
FFFFCAAD
FFFFB179
FFFFC0D9
FFFFBFBF
00004E2F
FFFFA890
00004DA4
0000686D
0000399B
FFFFEB2B
FFFFBD04
0000269A
00004FD1
0000AAE9
000017AC
FFFF9E4D
FFFFF222
0000383C
FFFFE24C
00002888
000089A1
00001DCE
00002978
0000C003
FFFFC7E9
FFFFE6FA
00002431
FFFFD59B
00006A85
000040BE
000039C9
FFFFDFA3
FFFF4C02
000041C2
00003D19
00004E0C
FFFFF1E0
00004069
FFFFFEB0
FFFFF0A9
FFFFE402
00006179
FFFFFADF
000025DC
FFFFF8EA
00004B70
FFFFBE5C
FFFFC06B
000021E0
00008912
FFFFB4F0
00001C2F
FFFFEFA1
00001029
FFFF7EC7
FFFFDB11
000049EB
FFFFC14A
FFFFB127
00004B55
00000880
FFFFC99E
FFFFD323
FFFFA0B9
FFFFCFE8
00004F6D
FFFFFA43
0000394B
00004164
FFFFA955
FFFFFDDD
0000612E
FFFFD7B1
FFFFB3A1
00008183
FFFF95AD
FFFFA0A8
FFFFE390
FFFFB3ED
FFFFCBEB
00002EF8
FFFFE0F2
00005CD8
0000695C
0000332E
FFFFDACA
0000081B
FFFFC69B
0000017B
00004A3C
FFFFF6CC
00005727
FFFFF80C
00001454
00005236
00001369
FFFFAB1A
0000443F
FFFFD263
00001E83
FFFFCBFC
FFFF661B
FFFFB8F2
00004453
FFFFF76B
000022EC
FFFFC7E7
00004AF5
0000108A
FFFFB271
00002E60
00003595
0000437F
FFFF8456
000034C0
00002515
000012CC
FFFFA95B
FFFFE5D4
000055A3
FFFF8166
000051F4
00003889
00006928
0000086D
FFFFF89A
FFFF956E
FFFFE4BE
000021D1
FFFF8ED1
00001C10
00007584
FFFFCBF2
00006F24
00002B05
00005BF7
00002017
FFFF9BAD
FFFF92E2
0000CB36
00006829
00006101
00002E73
000011DD
000018A5
00002076
00004EE7
FFFFEE52
00001A97
0000E807
FFFF603C
FFFFCCF8
FFFFE099
FFFFE32F
FFFFC917
FFFFC44A
0000115E
000001B0
00000822
00004AB5
0000127E
0000130F
00000D08
FFFFDB89
000014C6
FFFFEB27
00002EA7
FFFFD9B0
FFFFC536
FFFFE45E
FFFFC80A
0000131E
000026F0
00001284
FFFFD1DA
FFFFBCB6
00001457
FFFFDA48
000025A5
FFFFCF20
00001CB2
000009A6
FFFFCB6E
00002983
FFFFDBC5
0000389D
00004C16
00004D32
FFFFEB8C
FFFFC439
000064D0
FFFFFC62
00000D2B
FFFFFAC8
0000268A
00001E31
0000318E
FFFFDA56
000003C0
FFFFEA3A
FFFF89B2
FFFF903E
FFFFE042
FFFFA092
0000081C
FFFFD8BC
FFFFD892
000024C8
00000268
FFFFE918
00003EEA
FFFFBE20
FFFFD02E
FFFFF5E9
00000E95
FFFFF66A
FFFFF29C
FFFFB3E7
FFFFEDE0
FFFFBFAC
FFFFF260
FFFFF68C
0000376E
000049BC
00001316
00004590
FFFFDCFD
FFFFCFB9
000018D2
FFFFC6BD
00000971
FFFFCAC0
00004495
0000454F
FFFFEFAF
FFFFDB8E
00000689
FFFFF286
000024AC
00001AFC
00000F7B
FFFFF4C7
FFFFC693
000004DC
0000001C
FFFFE71C
00004014
FFFFF798
00003169
000047B6
FFFFBCFC
000020E3
FFFFE478
FFFFD781
FFFFE2DF
FFFFED05
FFFFD2F6
FFFFE2A5
FFFFD1C0
FFFFE1B2
FFFFEECD
0000228F
FFFFCD76
00000130
000026D0
FFFFFAB2
00002369
00001F7E
00001712
00002832
00001B16
00002593
0000472E
000001C0
FFFFBCFC
00000762
000029E8
00001300
FFFFD0BD
FFFFFE57
000010B8
000008E1
FFFFF55A
FFFFE682
0000114D
0000514B
FFFFAFCD
FFFFFC85
00002F51
FFFFD669
00000A75
FFFFE21B
000003FB
00001A86
FFFFD0A4
FFFFCF59
00004414
0000280E
FFFFA583
00000E6D
00000590
FFFFB10F
FFFFD4E8
FFFFA498
000006B2
FFFFF592
00000098
FFFFDD33
0000161E
FFFFE389
0000332C
0000378D
0000402F
0000218A
00001361
00000A7A
FFFFDE7C
00000565
FFFFF0E5
FFFFDDC7
FFFFDF11
FFFFEF21
00001DB4
00001AFC
00002ACB
0000232D
00001577
00002269
FFFFE8E5
FFFFD673
FFFFC318
FFFFBF52
00002622
00002C14
00000E91
00004478
00002637
FFFFB8A7
FFFFD59C
00002D17
FFFFFB10
0000817C
00006239
FFFFAA77
FFFF6AE5
FFFF6757
00000CF9
0000045B
FFFFE481
FFFFFF4E
00001DD5
FFFFF5F8
00001133
FFFFBDB0
000042A5
FFFFF6EE
000017A3
00002B1D
FFFFFB47
00001E1F
FFFFE3D2
FFFFDC40
FFFFE14F
FFFFFE04
FFFFE480
00001E50
000013CD
FFFFFF23
FFFFF848
FFFFC27B
000016EF
FFFFD88A
000023B0
FFFFD08D
00002A28
FFFFF6F0
FFFFDE36
00000080
00000E8B
FFFFD8B2
FFFFE705
FFFFFEF3
00004BFC
FFFFFE88
00002C11
FFFFC9F9
FFFFE8F5
0000387D
FFFFC2AC
FFFFF447
000007C3
00003E4C
0000005A
FFFFFE28
FFFFC7D6
00001D83
00001A78
FFFFD408
0000525C
FFFFF3BE
FFFFEEA5
FFFFFD80
FFFFE666
FFFFB242
00001691
00001ECB
FFFFCD7B
FFFFE557
000005D7
FFFFC4A8
FFFFC248
00002D65
FFFFE7D1
FFFFEAB1
00000818
00002736
FFFFFC6A
00000878
FFFFF08D
FFFFF558
FFFFE20E
FFFFFEEF
00002192
00003405
FFFFDBFB
00002178
00003C88
FFFFE1D7
000012C8
00001EC4
0000040B
FFFFDF66
00000616
00000EBE
00001816
000001FB
FFFFFE49
00002DC7
00001B54
FFFFD576
00003343
0000262F
FFFFDDCC
FFFFF818
FFFFE2D6
FFFFFFE2
00002F3F
FFFFD784
FFFFFE63
FFFFF093
FFFFE0C1
00001D8F
0000043B
00000FBF
FFFFE023
00004028
0000430E
FFFFCCA1
00000F7B
FFFFD76E
00002A74
FFFFEC78
FFFFB06A
0000108D
FFFFD495
FFFFB42A
FFFFF9E0
FFFFD814
FFFFE5D5
00000057
00000E5F
00002323
00001D58
00000BC6
00001484
FFFFB2FA
FFFFB94D
00000500
FFFFA7FE
00002E23
FFFFF22A
000008BE
000049D7
FFFFE7EC
00001D1B
FFFFEFD6
00001C42
0000349B
00002B40
FFFFE1A1
00000BFD
FFFFCA16
00002ADB
00005974
00001100
00002557
0000465D
00005447
000024F2
000004AE
FFFFA5E1
FFFFC870
FFFFCACE
FFFFBB42
00001F6A
0000320C
00003C91
FFFFF931
0000107B
FFFFECE2
000040BF
000031B8
00006020
00003227
00003760
00003DA1
00000C95
FFFFC556
00002003
FFFFB5BB
FFFFE9DB
000049BC
FFFFEA7B
FFFFF313
FFFFF468
FFFFE983
00004D9B
FFFFFA61
FFFFF9E2
00000385
FFFFFA0A
FFFFCE71
0000409A
000001BB
00002284
FFFFB7BE
FFFFF2DF
FFFFEC19
FFFFD846
00005DAD
00001581
FFFFB7F1
FFFFE4E4
FFFFD959
0000590F
000040BB
FFFFD699
FFFFF380
00000BEF
FFFFE937
FFFFDD6E
000017E4
00003403
00000873
FFFFD61C
FFFFDD1F
000008DC
000021AC
FFFFD544
FFFFFBDE
FFFFF4BA
FFFFD8E8
FFFFBAEB
FFFFE30B
00000400
FFFFEFF7
FFFFF87C
000038FC
00001C2D
FFFFFB78
00000641
FFFFBC87
00001D8E
0000446F
00000196
000017CA
00003BAD
FFFFDFA1
FFFFC002
FFFFB190
FFFFE5CC
0000045C
00003692
00000D70
00004F82
00005CEA
FFFF835A
FFFFB23E
00002432
0000388E
000038FA
00000533
FFFFF9E2
000015FA
0000026D
00000549
FFFFB528
FFFFEBA1
000032E0
00000749
FFFFF0AB
0000113A
000012EA
00004721
000013B9
00000DFB
00000461
FFFFFED5
000032E5
00000009
FFFFF3CD
FFFFE4D7
00003356
00004779
00001BF1
000003E6
FFFFBF08
FFFFF712
00000941
000016E3
FFFFFA9F
FFFFC39D
000059C8
00003348
00002724
FFFFEA36
00001CBD
FFFFECBF
FFFFEC9C
00002CFB
00001C9E
FFFFECA4
0000003A
00002A12
FFFF9033
FFFFECD3
FFFFBF7A
FFFFDD5C
FFFFCA8F
00000991
FFFFD907
FFFFF8D1
FFFFEB34
FFFFBC5A
FFFFD3DB
000001BA
00002BBC
0000427F
FFFFD054
FFFFEFF6
000012A2
FFFFF5B2
FFFFEA8D
00002A0C
000047E5
FFFFE774
000028A0
FFFFD21E
00007D62
000033CA
00002786
00001864
FFFFC84B
FFFF96DF
000027CB
FFFFF99A
FFFFF548
0000021E
FFFFE71F
0000256E
000008FB
FFFFCD82
00000E03
FFFFDAF0
FFFFFF2F
FFFFF47E
000027C7
00003C95
FFFFE89F
FFFFCB7B
00000811
00000401
00001389
000029D2
FFFFE9CD
00000D88
FFFFE9ED
FFFFF36D
000023C6
FFFFFCE3
00001356
00003FEB
FFFFC906
FFFFC1CF
000012CB
FFFFFDEB
FFFFC4BA
000003F9
00006A77
000011E0
00001CE9
FFFFDC67
FFFFC324
FFFFD04E
00000DAF
00003162
0000168D
00008990
00003B18
FFFFEB82
FFFFF191
00002ABB
FFFFF5CE
00001C27
000046DC
FFFFC8AB
0000670C
00004EA9
FFFFF7B7
00002556
000033F2
FFFFF492
FFFFCC84
FFFFEE4D
0000322F
000013D5
FFFFD663
00002263
FFFFE79F
FFFFD632
00003126
FFFFD8E5
FFFFF23C
00003282
00001BAF
FFFFEAB9
FFFFE77B
FFFFE004
FFFFCF97
00002E4D
FFFFF4E3
FFFFAEC1
FFFFDF15
00002A0B
00000CF9
00006BDC
00006363
00005E96
FFFFDE86
00007BE8
00003C82
FFFFD5F5
FFFFD360
FFFFBF03
00002245
FFFF6650
000039F2
FFFFB205
FFFFC061
000049EF
FFFFF0C5
00004961
FFFF6CD9
FFFFD113
000052C1
00004720
FFFFC4B2
00004C55
FFFFB7E6
00005F63
FFFFCC8F
00000267
FFFFEE54
FFFFCCD7
FFFFFCFF
FFFFCEFB
00006FD0
FFFFDB96
00000130
FFFFD063
FFFFF537
00005B0F
00007B50
000056B7
00006134
00001ADD
FFFFCE5F
0000088E
FFFF9989
FFFFC7B5
FFFFD7A8
FFFFC23F
FFFFD8DE
00003632
0000222B
0000269E
00002237
FFFFDB9F
FFFF8E37
FFFFB00B
FFFF8EA5
00002059
00005AD5
FFFFF1AE
0000AE4D
FFFFD073
FFFFCA4F
00000B55
FFFFDE81
000022A9
00000011
00002B72
00003268
00002527
000039C0
FFFFC286
FFFFF4C4
000022C6
FFFFBDD0
FFFFEAB7
00000E96
FFFFDAEC
000041BE
FFFFF37C
00003626
FFFFFFEB
000021FF
FFFFBCB1
FFFFADE4
0000581E
FFFF79BC
FFFFCBF5
FFFFD6AD
00000D78
FFFFDCD1
FFFF98A2
FFFFC0DA
0000325A
00000C63
FFFFF293
FFFFECF7
0000424A
FFFFA127
00003F14
FFFFD086
FFFF8473
FFFFD41A
FFFFED0A
000007A0
000004EE
FFFFFD5E
00002C08
FFFFE864
FFFFAB48
FFFFDE68
00004C4B
FFFFFC99
FFFFE2B4
00008933
00002317
0000517B
0000132C
FFFFA477
000049EA
FFFFD001
FFFFC929
FFFFC28A
FFFFFDFE
FFFF9E0A
00000014
00004673
FFFFEF8A
00009EFC
00003F9E
FFFFC995
00007C00
FFFF65E2
FFFF9B7E
FFFFD480
FFFFA830
FFFFE458
FFFFBEF0
00002A82
000051BD
00000810
00005D8D
0000279F
00001F3A
00004860
00000C20
FFFFEF63
00007F84
00002F5A
FFFF9EAC
00003E0E
FFFFD4B2
FFFF8B57
00000673
00007E47
00002557
00001302
000049B1
FFFFCBCD
FFFFC2C6
000047C7
000065A4
FFFFE01C
00006BA6
000094DC
000020D4
00003D67
FFFFBC23
00006495
FFFFB310
FFFF90E7
00001C73
FFFF3003
FFFF98F4
FFFFC69F
0000787F
0000FE63
00000C21
FFFFC127
FFFFDFD4
00003378
000044D6
FFFF910D
FFFFD31C
00003738
0000269A
FFFF9DC9
FFFFA013
FFFFFB66
FFFF923C
FFFFD93D
00004191
FFFFF89B
FFFFB69A
00004B75
FFFF92DC
FFFFE82C
00002A3D
0000037E
00005882
FFFFEF15
FFFFCB15
FFFFDFA2
FFFFCB1D
FFFFBCFB
FFFFB4FB
FFFFF881
FFFFBF2C
0000739F
FFFFCD91
FFFFAA6D
0000746F
00001865
00001E50
FFFFCC49
FFFFC1BA
000023F4
000024FD
0000205C
FFFFC1A6
00008AF2
00002923
FFFF9CAB
FFFFFBBA
FFFF8C6F
FFFFFC6A
00002C6C
FFFF328E
FFFFC17C
FFFFD2A3
FFFFCB5A
000024FD
0000380D
FFFFD7FA
FFFFE4CE
FFFFF2ED
FFFFF4D2
FFFF501D
00003D82
FFFFDBCD
FFFF9774
00003C4E
FFFFA708
00002E18
00000D45
00001F4C
00002A7F
000035ED
000022DC
FFFF88B1
FFFFBF49
0000128D
FFFFBC5B
FFFFB517
FFFFFBDE
00000310
00000638
FFFFF845
FFFFD01D
FFFFCBF6
00001162
00004ED2
FFFFBCB1
FFFF7C86
0000482D
00002452
FFFFB82D
0000656B
FFFFFD88
FFFFF7B8
000057A2
00000C6D
000006CC
FFFFDFA2
000068F9
000054E9
0000053F
000020F5
0000059B
00000DEB
FFFFAF8C
FFFFC405
FFFFCFB8
00004B12
FFFFDDBD
000009DD
0000234A
FFFFCE78
00000CD7
000012F6
00004B11
FFFFF33D
00002B5B
000070E5
000053D1
FFFFA3E0
FFFFFC95
0000191E
FFFFE681
000044C5
000021F6
FFFFBF2E
00001595
FFFFF216
FFFFCF9A
FFFFA8A2
FFFF9E13
00002B45
00006CB1
FFFFD746
000090F7
FFFFE24A
FFFFDD39
FFFFE0FC
FFFFC827
FFFF8CE2
0000234E
00000762
00000FEA
0000301B
FFFFE634
00002D66
00007B18
FFFFFE6D
FFFFC3D5
00005C5A
00004F6C
FFFFE5CD
00006837
000020F2
FFFFF5B0
00005E7F
FFFFE6B7
FFFFDE36
FFFFD8AD
000035B4
FFFFB371
FFFFCDDF
00003568
FFFFEE48
FFFFAF63
FFFFC48D
FFFF9EC5
FFFF99A7
00002183
FFFFE322
00000290
0000232D
00006967
FFFFF4E5
000099DE
FFFFC5B4
FFFFECE7
000056AB
FFFFCC44
FFFFDE74
FFFFDA63
FFFF76FD
00003767
000030FA
00000576
FFFFCD74
00000F72
FFFFD50F
00002F92
00005A18
0000131F
FFFFF8FC
FFFF8A4B
00000711
FFFF9D99
FFFFC04D
FFFFBF1C
00005092
0000C561
000045A6
00001E9D
00005C66
000001C5
FFFFC21D
FFFFD484
FFFFCF32
FFFFA7AC
FFFFD4A1
00001B1E
00003B43
00002911
00001080
FFFFF2E1
00005C97
FFFFEF58
FFFFC214
00001A38
FFFFE159
FFFF9963
FFFFB40A
0000499F
FFFFD519
0000236D
FFFFD606
FFFFD4F7
FFFFEA7D
00001DEE
000027B8
FFFFD636
00002CDD
00001E6D
000013F0
000021FB
FFFFFF24
00005C2C
0000367D
00003DB6
FFFFC225
00004699
000010C2
FFFFC008
00005FF1
0000057B
00003D25
0000206D
FFFF985B
FFFFE0DF
00000644
FFFFBFF1
FFFF6C8E
FFFFEF00
FFFFEE72
00001E37
0000085C
00006A1A
FFFFA3DD
FFFFF741
00000268
FFFFF61F
00000EBD
FFFFCB67
00006CB8
FFFFDFAA
00002F10
00009935
00000DD1
000047E1
FFFFFF3E
000044BC
00000605
FFFFC1C9
FFFFEEBF
000010B0
FFFFAEF7
FFFFBABF
FFFFC2B7
0000AFE8
00001CE5
FFFFA5F1
000074A6
FFFFDEB5
FFFFFD26
0000191A
FFFFE99F
0000A00C
00004A53
FFFFF93C
FFFFAE08
00002C3E
FFFFB9BE
FFFFF3EE
00000AC4
FFFFE361
FFFFBC15
FFFFF142
000018FD
000021B2
FFFFE79E
00005CBC
0000238C
FFFFC4E9
00003360
00000D12
FFFF41F7
FFFFC8A3
FFFFFD6B
FFFF84E3
FFFFF02E
FFFFE47D
000011CB
FFFFE9D4
00004C42
00001EDC
FFFF81B0
FFFFBC07
FFFFC271
FFFF8291
00000491
000007BB
00000721
FFFFBBEF
FFFFE960
FFFF9DA7
00003254
FFFFF6F3
00004215
00005000
FFFFDBBB
FFFFAD66
00000550
00007853
FFFFC2BE
00002039
00006F46
00001390
FFFFDC52
FFFFC7EF
FFFF7FB0
000003CD
FFFFEC76
00000BF8
0000050F
000027CE
00000D3A
00001784
FFFFDCA9
FFFFFA9F
00003FB5
FFFFF81C
00007133
FFFFFBA9
FFFFFCFA
FFFFC817
FFFFC0D8
00007C32
FFFF5F6A
00004E4F
0000501E
00004716
FFFFE540
FFFFC213
00002681
FFFF7C07
FFFFB6BD
0000253D
000008CD
00000E74
00005710
00001A3B
00001C42
00009B04
FFFFFB7D
FFFFFFE3
FFFFD6E5
00006F5B
FFFF92B9
FFFF8342
0000563C
FFFF003E
00003F81
0000182E
00001403
00008987
00008D04
00003276
FFFFBFF5
0000AD48
FFFFB8F5
FFFFBEB2
00003215
00000764
FFFFB1B0
00001F3B
FFFFF78E
00003234
FFFFF495
00001707
FFFFF117
FFFFFDE0
00002901
00000892
000012B1
FFFFF96F
0000105A
FFFFD8CD
0000067E
000005BA
FFFFEAD7
000006A3
FFFFD40B
00000633
FFFFD852
FFFFFB86
00001849
FFFFF4C2
00001E33
000006FB
00000EF0
FFFFEE19
FFFFF961
FFFFE846
FFFFF338
FFFFDFBE
00000E5A
00000EA0
FFFFE8AF
FFFFE987
00000EF6
00002157
0000132F
00001C8B
0000293C
000004E6
FFFFF707
0000132E
FFFFF3ED
000018A5
00001556
FFFFF10E
00002780
FFFFD5DF
FFFFF378
00000BAB
FFFFFFEC
FFFFD02A
FFFFF490
00000F5B
FFFFE9CE
FFFFF875
000025A6
00000A16
0000211B
00002B70
0000111E
FFFFF2C7
00001BCF
FFFFE2ED
00002202
00001E14
FFFFD2ED
FFFFEFB2
00000A93
FFFFEE3F
00000503
00002CA8
00001B6D
000011E2
00002FE5
000009BD
FFFFFE93
00004F48
FFFFF925
00003EF5
FFFFF064
FFFFF30D
00001B8B
00001906
FFFFE69A
00002627
000020AE
00000912
00002A8D
FFFFE640
FFFFD810
00001967
000003A4
FFFFDD32
FFFFE95B
FFFFECA2
FFFFF4FF
00002CB3
000011AE
FFFFF4B9
000026CA
00000E2D
00000F57
FFFFE8D0
0000084F
000000DA
FFFFFD91
FFFFF120
00000FD2
FFFFF77F
000003C2
FFFFE7D9
FFFFF2A1
FFFFD78F
FFFFFF27
FFFFEFBB
00001E22
FFFFE513
000011BA
FFFFE721
FFFFF262
00001F3E
00000406
FFFFFA18
FFFFE48B
FFFFD2ED
FFFFEABA
FFFFDF98
FFFFDDB2
FFFFC3A6
FFFFFB92
00001E4D
000009FB
FFFFDB8A
FFFFF531
00000D86
FFFFC81F
FFFFCA28
000013B6
FFFFB065
FFFFE318
00001934
FFFFDCA4
000002D6
FFFFF75E
FFFFF9BB
00000319
00000E87
00000DEE
FFFFD936
FFFFDF1E
FFFFFC9C
00000D69
FFFFE631
00000B2D
00001285
00000AF3
FFFFF011
00001132
00000DC1
FFFFEA66
FFFFE5DD
0000252D
FFFFFBA4
FFFFEA7C
FFFFF284
FFFFE46A
FFFFF48A
FFFFE549
FFFFEC3E
FFFFF4F4
FFFFE996
FFFFF301
FFFFDFA6
FFFFCCF5
FFFFECFA
FFFFE57E
FFFFDB69
00000E38
FFFFDB35
FFFFBCAE
FFFFCC33
FFFFC62D
FFFF948B
FFFFC08F
FFFFFA0B
FFFFFEF9
FFFFF29A
000029C7
000026C6
FFFFEA2A
FFFFE1E1
00003CAA
00001772
00001AA6
00001269
000025D8
FFFFDEB2
FFFFFF1B
FFFFD42F
00000AA2
FFFFFCC1
FFFFC5C9
FFFFD643
00000FEF
FFFFF959
FFFFF658
000008E3
FFFFFDCF
FFFFFEF3
00002522
000034D0
FFFFEE62
00000669
00001E2E
0000103C
000021A7
00002A58
FFFFED74
00001346
0000147B
FFFFF925
FFFFFFCC
0000005F
00001371
FFFFD5D6
FFFFDA13
FFFFDC09
FFFFE75E
000011D7
FFFFE77A
FFFFE4B7
FFFFDF86
FFFFE85B
FFFFF89C
00000746
00002067
FFFFD06A
000026FE
00003D9D
FFFFF585
0000229F
0000296A
000032FA
FFFFEF85
00002A52
FFFFF3B2
FFFFEB05
FFFFE6D3
FFFFFDFD
FFFFFC2B
00000BE9
FFFFEB1D
000004A7
0000210D
0000009A
000013E0
FFFFFBC4
00000A75
FFFFFFAE
FFFFDBCD
FFFFD899
FFFFF9EC
FFFFE9BF
FFFFED7C
FFFFD2DF
FFFFEFB1
FFFFFC81
FFFFDC94
0000145F
FFFFCFDD
00000022
FFFFFA6D
00001587
FFFFEBDB
FFFFE9B9
FFFFF3FC
000020F2
FFFFF570
00001696
00000C28
FFFFE535
FFFFDC8F
FFFFDE7D
FFFFD79F
00000CB6
00000740
0000271F
00001E5F
000025F8
FFFFFC6B
000015F7
000010C3
00001333
FFFFEF98
FFFFE38F
FFFFF089
FFFFDF14
FFFFD395
FFFFD2DE
FFFFD854
FFFFFA11
FFFFFDCA
FFFFFB65
000007D4
FFFFEDA2
FFFFF901
00001306
00001789
FFFFFFF2
00000B83
00001EC8
00000D67
00002057
00000025
FFFFEB11
FFFFF0D2
FFFFEE2E
FFFFD56B
FFFFDE56
00000577
0000061A
000015C7
0000301A
000014CD
FFFFF735
FFFFFE08
00000737
00000252
FFFFF6FC
00002927
00000D62
000034E0
00003E75
00000913
00002329
00002BA1
000014EA
000014B2
00001982
FFFFF4F0
FFFFE0D0
00000BF6
FFFFCA5F
FFFFFF1E
FFFFD299
FFFFDF40
00002542
00000C4C
FFFFF594
0000221B
00000D6A
0000072A
0000067F
FFFFE1DD
000021E3
FFFFD7DF
00000CA9
FFFFD2FB
00001BB9
000015F2
FFFFF01A
FFFFF20A
000014FF
FFFFF1E9
FFFFFE35
0000052C
00001FF6
FFFFE6E6
000011AA
00002034
000008AF
FFFFFE26
FFFFCD74
FFFFFFEE
FFFFE227
FFFFDF85
000019E8
000026E6
FFFFFC2D
FFFFF0B5
00000D83
000016DE
FFFFCC99
FFFFF32D
00000BFF
FFFFDF12
000001AB
00000E53
0000280C
0000261C
00001AF3
0000107D
000016FF
0000001F
FFFFF46E
00000652
000009B2
00000A8A
FFFFF6B3
00001A26
FFFFE02C
00000175
00000157
FFFFDE6B
FFFFFC60
FFFFF732
00000FE4
FFFFF4E5
FFFFF723
000027AF
FFFFFF4A
0000307B
FFFFE880
FFFFEED6
FFFFF25C
FFFFD55E
FFFFFBFA
FFFFEC32
FFFFCC7E
FFFFF818
FFFFF403
FFFFF8CA
FFFFF149
FFFFF20D
FFFFC8D7
FFFFE4D3
00000AD9
00000BB4
FFFFAF31
FFFFCBD8
FFFFF9C9
FFFFC7BC
FFFFDE8C
00000E16
FFFFA561
FFFFEC00
FFFFEDA1
FFFFE2B6
FFFFE172
FFFFEE66
00001C6E
FFFFF69B
FFFFE3AC
FFFFEF7E
0000079F
000010B5
00000C69
FFFFEA0B
00000D5E
0000277B
00000D43
00000DB7
000017A1
00002E71
FFFFD998
00001146
00001284
FFFFF096
0000197E
FFFFEF50
00002460
00000B86
00001382
FFFFF335
0000097B
000019DC
000019BA
FFFFE19B
000025A4
FFFFD5D4
FFFFF3FE
FFFFF822
FFFFF073
00001BCB
000015C1
FFFFEB6B
FFFFD622
00001008
FFFFECD7
FFFFF945
FFFFEE03
FFFFE978
0000023F
FFFFF520
FFFFE705
FFFFDCC5
FFFFF8D1
00000C79
FFFFEECB
0000084A
FFFFF2E5
0000015F
00002293
00001006
0000033C
FFFFFD48
000001C0
FFFFC34B
FFFFE384
00000903
00000BF9
FFFFE2F5
000017B5
00001A0E
00000CDF
FFFFE5F0
0000091A
0000178A
FFFFFB9C
FFFFE85E
FFFFF71D
FFFFF900
00002AF1
FFFFF975
FFFFD90C
000013E0
FFFFEFCF
FFFFDD07
00000003
00000213
0000002A
000015A2
00001625
FFFFF1D4
FFFFFDA6
FFFFFABE
0000011C
FFFFE031
0000040D
00004BFC
000021F7
00003198
FFFFE883
00001CDB
00003104
0000132E
FFFFEE04
FFFFDCC8
00001A48
00000080
00000FF8
00001771
FFFFEB3E
FFFFF88A
0000252F
00000C14
00002445
00001DFA
000000B2
000009C4
00001C2E
FFFFE878
000006B8
0000012D
FFFFF89E
FFFFF069
FFFFF3CE
FFFFDD4D
FFFFED4A
FFFFEBE9
FFFFADF0
FFFFFB4F
0000180A
FFFFACAD
FFFFF7C3
FFFFEA21
000001A5
FFFFE9DF
00000253
FFFFD5F7
FFFFDC54
00001057
FFFFE111
00001241
FFFFF591
FFFFD090
000020CD
FFFFA59A
00005619
000000BE
FFFFC18E
FFFFAFD3
00004036
FFFFD248
FFFFC497
FFFFB132
000048B4
0000974C
00007644
FFFFF5BE
00000D0C
FFFFA65B
FFFF87BB
00000060
0000842E
FFFF803E
00000806
FFFFB61C
00000450
00006386
FFFF9E1E
FFFFE7ED
FFFFAE2E
00005247
000018C3
00001EC5
FFFFC8B7
FFFF5380
FFFFC721
00005D33
00001307
000093D4
FFFF827E
0000438B
00004C0B
000048C2
FFFF4B16
FFFFB3EB
FFFF7334
000093AB
00008140
0000646F
FFFFEE7D
00004351
FFFFCE95
00007147
FFFF8994
000028EA
00002A5F
000019F1
0000847B
00006626
00003730
FFFFCF2A
00000FDF
00007B94
FFFFE019
FFFF8187
FFFFE72C
00005791
FFFFB59F
FFFFC2F9
00005D11
00005A20
FFFFE64A
00001238
00009656
FFFF689C
FFFFEBD7
FFFFFFB4
000039A7
FFFFAD85
000065C5
00004D50
FFFFF239
0000202E
FFFF96F4
00007A35
FFFF3801
FFFFB4AA
00002567
FFFFCF33
00000BBE
FFFFF84D
FFFFA8EB
000027C1
00006940
00006649
FFFF5C95
000047DE
00001A7A
FFFFF2CA
FFFFB704
00003E29
FFFFC7AD
FFFFC298
FFFFE432
FFFF9B3A
FFFFBF42
FFFFA0FA
FFFFE169
FFFFF451
FFFF4626
0000456F
FFFFDED8
FFFF4ACB
00002CD9
FFFFEE6B
FFFFCA58
00005466
00004A03
000091D8
00001285
FFFFC141
00000F18
FFFFE48F
FFFFFDCD
0000D74F
FFFFF305
000031AA
00007165
00006C8E
FFFF880F
0000376F
0000501D
00006032
00006152
00000E71
000000B0
000066EB
0000FB4B
FFFFCCA5
FFFF77B5
000039C7
FFFFE9AC
00002E51
FFFFBEB9
FFFFB2D6
00002B56
FFFFBABD
FFFFD85E
000071D8
0000091B
00002637
00003AE8
FFFFA281
FFFFC615
0000229C
0000579C
0000B7AE
FFFF472B
000085CD
FFFFDA10
FFFFD577
FFFFA9F3
FFFF8B49
0000266A
FFFFC6F2
FFFFECF0
00005DF3
FFFFDFB6
000052FB
FFFFD4C7
00000C48
FFFF9D7D
000025D1
00005F17
FFFFF113
00004060
000066C2
FFFFDDDE
FFFFDD90
0000297E
FFFFFBE2
000053EE
0000670F
FFFFA29D
0000CC3F
00004AE6
000155BC
0000A5DF
FFFFD957
0000A974
000060E6
FFFFE3DE
FFFF0E86
FFFF7613
00006C90
FFFFD0FE
FFFFE93A
000056E2
FFFFFE7F
FFFF9D3D
00008D37
FFFF7223
FFFF8E6D
0000E8F4
FFFF7738
00004DBC
00004A96
FFFFF126
000005FA
00001512
000067DE
FFFF735C
000003D4
00004853
FFFF7DB8
0000685A
00002344
FFFFCA97
0000031B
FFFF9240
FFFFF488
FFFFEADE
000046A9
FFFFDBE6
FFFF1A2A
FFFFEA39
FFFFAB6E
FFFFDDD1
FFFF9B3A
00005484
00001FA4
FFFFA1A7
FFFFA5C3
FFFF93BA
0000281D
FFFFCB3D
FFFF3D1F
FFFFE34E
FFFFC37C
FFFFB095
000039BD
00001BDF
FFFF49EB
0000078E
FFFFB871
FFFFCEDF
00004FFD
FFFFDD26
FFFFD61A
0000BF08
FFFF6A35
FFFF302E
FFFFA366
FFFFA056
FFFFAA64
00005E83
000046CE
FFFFD073
FFFFF4EA
00000B9E
FFFFE588
000040B1
FFFF9E26
00001162
FFFFD6E1
00002E01
000045CD
000028AB
000041FC
00002425
000001A5
FFFFBFC5
00004970
00008225
000066AA
000062AD
00001187
FFFF9491
FFFFF247
FFFFF543
FFFF9447
FFFFE2E7
00000DC4
FFFFEF76
00008ED7
0000254C
FFFFB730
00003456
FFFFBB05
00004B2A
00004E93
00004BF7
FFFF95A2
FFFF90B2
FFFF83EE
FFFFEB7E
0000160F
00003232
000000BD
00004A86
00006660
00006E4F
0000AE3F
FFFFDAD8
00008D72
0000F793
00005B0A
FFFF9808
FFFF949D
FFFFF49B
FFFFD4F6
0000366A
0000038B
FFFF5002
00001026
00000CA8
FFFFC34D
FFFFED7F
FFFF3111
0000534D
FFFF6E5D
FFFF9A01
FFFFB8A4
FFFF4EF0
00001356
FFFF96D8
FFFFD511
00006C67
0000A705
000020BB
FFFFBB31
000082EE
FFFFD4B5
00001139
00005EB8
00003875
00006156
0000AB63
00002427
0000A0C5
00000547
FFFFE385
00003743
FFFFB2A7
FFFFE775
FFFF8431
FFFFE5B0
00005189
FFFFCC39
00004E8D
FFFFF7D4
000019FD
00007D6A
FFFFE1DE
FFFFF2C6
FFFFA4AB
0000078E
FFFFC581
00003EC0
00003E03
00008C70
00005E2E
000077FB
FFFFFD3F
00006941
000021B2
000008AF
00001964
00000ACD
00006A2B
00001BFF
FFFFD0D4
FFFFC2E5
FFFFBDF3
FFFFFB59
000090CD
FFFFBC15
00005439
00001691
00001E0E
000034BA
000058A7
00007049
0000C390
FFFFE63C
00004EA4
00006AA1
000045D7
FFFF4C3B
FFFFF43B
0000017B
FFFF97E6
00008FBC
00003B08
0000046D
00000314
FFFF72BC
FFFF91CE
00005372
00003D35
FFFF74C7
00005C28
FFFF8E68
FFFFFFA6
FFFFF28F
0000162D
FFFF8243
FFFFE15C
FFFF8B11
000065A7
FFFFD74C
00006391
FFFFD457
FFFF5C35
00004AC6
00004CE1
00005D10
FFFF8971
00006D1C
00000882
000069D8
FFFFA91C
00002AD0
FFFF5BCF
FFFFCD58
00001718
FFFFF044
00006D85
000035B6
0000E8DA
FFFFCB00
00003D8E
000074CA
000030AB
FFFFCBA9
00009A08
00005503
00003C28
00006662
0000501D
0000010D
FFFFAE75
00001FF7
00006D76
FFFFD070
FFFF960D
0000DD48
FFFFA6CF
00004B62
00002632
FFFF6A1E
00007487
FFFFC425
00001E8F
FFFFD009
FFFFF7D3
00000D75
FFFF85B3
FFFFDE8F
000003C5
00005666
0000211E
FFFFED44
00002360
FFFFD730
00001AA2
00001E90
00001DD3
FFFFB872
FFFFEDA9
00005E3C
FFFFC298
FFFFB19F
0000ADC9
000051F0
FFFF9F3A
00000856
FFFFCEB6
00007738
FFFFD51E
00005AD9
FFFFE997
FFFFE5D8
FFFFE7D4
FFFFC92B
FFFFAE72
000005C8
FFFFFD9D
FFFF37F7
FFFFFBE5
000013C2
000056E9
00007044
000060B4
FFFFBBFC
00004617
FFFFE6FE
00003F66
FFFF727F
00002F92
FFFFBE8F
000070F8
0000857B
FFFFA407
0000395A
FFFFDB82
FFFFFD64
00002CE1
000056DA
FFFFE094
00000DA9
FFFF69F4
FFFF9A4F
00000617
FFFFBF43
FFFFF9EA
FFFF7F30
00008347
00000B72
FFFFA445
FFFFFE3C
00002D96
FFFF2248
FFFFE8EF
FFFFB1A4
000065AF
FFFFF9FB
000029CC
00005AD0
FFFFC4D3
FFFF7A12
FFFF9036
00003016
FFFF8B20
0000ADF5
00001D2F
0000EAE3
FFFF8C65
00002EA3
FFFF70CC
FFFF4124
00000E82
000068D5
FFFFBFFF
FFFFD371
0000E11D
000053D8
000023EC
00002FF5
0000CE96
FFFFAADE
00002AAB
FFFF08ED
00002275
0000A37F
00003341
FFFF942F
FFFF6F15
000007AB
0000F006
FFFF2230
00006D51
00009D21
FFFF190F
00012D39
00004DD0
FFFFF5EE
0000A820
FFFFFE2C
FFFF750E
00005E48
00006844
FFFFEF7F
00001923
FFFFFE95
FFFF87C7
FFFFFC00
FFFFDF24
FFFFCEA6
000027FD
FFFFD9E7
FFFFF870
00002112
FFFFE253
000010FD
0000207E
0000013E
0000021C
0000046D
FFFFF3E5
000026C7
00000BB6
000010CC
FFFFF310
00001B71
FFFFF284
FFFFF916
00003DA3
00000B50
0000070A
00002402
FFFFF48D
FFFFFFB7
FFFFF015
00001CDA
FFFFE135
FFFFDE46
0000264F
FFFFF396
FFFFF6D2
00001D1D
0000083B
FFFFF0FC
FFFFD8CF
FFFFE397
00000683
FFFFF02A
0000113F
00000A9D
000015FF
0000077F
FFFFD4A7
00003D9C
FFFFECAB
FFFFD644
FFFFFA80
FFFFFBEA
000022CE
00002B36
000009DE
000036E1
FFFFE2B7
FFFFCFDF
00000E36
FFFFDD4D
FFFFD41D
FFFFD080
0000183D
FFFFE26F
FFFFEDEC
00003152
FFFFF849
0000325C
000038AE
00002028
000041F8
00000830
0000417B
00002F5D
000005FF
FFFFFDFA
00002FDD
00000FF4
000012B3
000005B6
FFFFFFEB
00000968
FFFFEAD0
FFFFF980
000016DD
00001029
00001A4E
0000064B
00000815
00002C1B
000027CF
0000077E
0000009C
000014E9
00000294
FFFFD24A
000020B0
00002847
000007B9
000031FB
000003E9
FFFFF7DB
00000A74
FFFFF71F
FFFFFB28
FFFFFB99
00003175
00002743
00000AFC
0000169A
00000A07
000001D3
FFFFDA98
00002B28
FFFFE020
FFFFCF27
000029ED
FFFFED7D
FFFFE461
FFFFF6FC
00001A54
00002AAD
00001017
00001E27
000006AD
FFFFF0F2
FFFFCA57
FFFFDBC9
0000130B
FFFFEEB3
00001020
000030DC
FFFFF8F1
00001052
000010B4
FFFFF984
FFFFF401
000036F5
00001608
FFFFE948
00003C29
FFFFFD5C
000023D6
000038AC
000011DB
FFFFF498
00000093
00000212
00003DCC
FFFFEEF5
FFFFF0D6
000034A0
000002EA
FFFFF53A
000031BF
FFFFDD0D
FFFFE09D
00000EC2
00001976
0000037A
00000DD1
FFFFEA86
0000138D
FFFFF9D3
00000478
FFFFF0D1
FFFFE8AA
00002F58
FFFFF818
0000103F
FFFFF402
000026B6
00001BB6
0000186C
0000224A
00001DAE
FFFFF5FF
FFFFE35F
FFFFE51D
FFFFF352
FFFFFEB3
FFFFECD4
0000205B
00006D0D
0000706D
00001084
00000216
000056C5
000033FE
00003CB7
FFFFEB5B
FFFFE1E1
00000915
FFFFDBE7
000022A7
FFFFDA98
FFFFE077
FFFFE41B
000027EE
00000084
FFFFF001
FFFFF6DE
0000291A
FFFFE5D0
000013EF
00002530
0000174B
00000F0B
00001F68
00001B34
FFFFEF52
FFFFFDA2
FFFFF217
000009A5
00002713
00001E49
FFFFF058
00001503
FFFFE1A5
0000217D
FFFFFE03
00002203
00001A2F
00000F4D
00002278
FFFFF3FA
0000248C
FFFFEBB8
0000372F
FFFFF78D
00001AB4
000039BC
FFFFDDE3
00003810
00001733
000025C8
0000209D
FFFFE120
FFFFE6C6
00004CF4
FFFFFBEC
000022F9
00004E33
00003F9A
0000565E
00001D1E
00002AC4
00001F76
FFFFDE6A
FFFFEEFD
FFFFE9BA
000010C9
00003F2C
00003A67
00002CB0
FFFFDFDD
0000184E
FFFFFD0C
00001BC5
FFFFF320
00001CE4
0000097D
00002631
00000F12
00001A78
FFFFF54A
00003438
000036D4
000046ED
FFFFFB6F
FFFFF3F8
00000190
FFFFFAF5
00002957
00000343
00001C53
0000353F
FFFFFB90
00002FE7
FFFFF1C7
00001F7E
00002776
FFFFF783
000014B8
00000CDF
000020A2
00000044
FFFFEA4F
00001D92
00001B4F
0000338B
FFFFE94F
0000228A
0000111A
000012A8
FFFFEE9E
00003956
FFFFEBFA
0000306A
00003766
000029D2
00005827
00000268
FFFFF4AF
000013C1
00001E0A
00003174
FFFFD8BE
0000076F
00002155
FFFFF6A7
FFFFF80B
FFFFFD78
0000039F
000013CA
00004B22
00004479
000023AF
0000500A
00002EA8
FFFFEFC1
00001499
00000B0F
000002A1
FFFFE673
000034D8
FFFFF988
FFFFCF4B
00002454
000007E5
FFFFCEE6
000004C3
FFFFF8E9
FFFFF106
FFFFEBF8
FFFFE071
FFFFF179
00001118
FFFFD8E6
FFFFDDB4
FFFFDEEC
00000EDE
000033DD
000009A3
000038EE
00002317
0000425E
FFFFEC23
00001C21
FFFFF4E9
FFFFF101
FFFFE951
FFFFFCAE
FFFFF908
FFFFF4A4
00000811
000023D8
FFFFFCD6
000024BF
000044F8
00001800
FFFFF4E5
FFFFF66B
00001070
FFFFD617
FFFFF3B4
FFFFC576
FFFFEDDE
FFFFDAC0
FFFFFB29
FFFFDA6D
00003C36
00001FA8
00001ED9
FFFFD327
FFFFE8B6
00000BA4
00000A05
FFFFF4EA
00003520
00003024
000007DD
000024D0
FFFFFECF
00001884
000026BC
00001276
0000091C
0000289F
00001B2F
FFFFE49D
000009E5
00000C81
00002CD3
FFFFEF46
FFFFF2F5
FFFFF38D
00002889
00000BCC
00000581
FFFFE23C
00001E89
000034F6
00001031
000027B5
00002AED
000014B7
000021A0
FFFFF85F
0000085D
00000315
FFFFE6E5
FFFFEDE0
00000DF0
00002734
0000082A
00000B5D
FFFFE7BA
000007D3
00001F1F
00002D76
00002C9A
00002A25
00000CC3
FFFFE46B
00003A18
00006552
000007F5
000042B1
00004328
000005E8
000037CB
00001CCC
000042DB
FFFFF836
0000332F
00001179
00001B9E
00004E68
00004AB5
FFFFFBE2
FFFFF72E
FFFFF464
00000427
FFFFCD0C
FFFFD192
0000408E
000025E2
FFFFC81F
00001FD7
FFFFEE2D
FFFFE381
00001CD4
FFFFE300
FFFFD9E8
FFFFEAAB
0000342F
FFFFE1A6
000030F3
00001EFD
FFFFEAFC
000002D2
000006E5
FFFFBCC2
FFFFF22B
00001D95
FFFFE940
FFFFECEA
FFFFFE0A
FFFFDC46
FFFFE9A1
000020AF
FFFFF173
FFFFDF3B
FFFFE043
FFFFED24
00002028
00001A20
FFFFE614
00001881
FFFFFB1F
FFFFE3AB
FFFFE2A8
00001335
FFFFFFB6
00001782
FFFFF1D1
00001AA9
00002401
00001F86
FFFFD9F0
00001F50
00000008
FFFFFF7E
000004D6
00001417
FFFFF058
00001512
FFFFEAD1
00002070
00000B73
FFFFF66D
00002C0C
00003550
000035AC
00000FCD
00001720
FFFFE5C2
FFFFF1B4
000015FE
00002DA0
000004E6
FFFFF27C
00002E83
00002B92
FFFFFBF6
FFFFDF52
0000209F
00001B8F
00001974
FFFFFAA0
FFFFF414
FFFFE4FC
FFFFE6A9
00000D2A
000010AF
FFFFE6F6
000013BF
000029CF
FFFFD9AB
0000165A
FFFFF493
0000099A
00000240
FFFFF863
0000329A
FFFFEA9F
000033F0
FFFFC7DC
FFFFFBFA
FFFFB724
000040DC
00002CF2
FFFFFDAC
FFFFE176
00001A2F
00002205
FFFFF98F
00000062
FFFFF38E
000007F0
00005E40
FFFFF818
FFFFD294
00007015
0000111A
FFFFF38E
00005710
00000C4B
00003084
00001144
000039D5
000039DE
FFFFD20A
000012ED
00004E28
FFFFD8F7
0000298A
00001AA1
FFFFFA1F
000018B1
0000100C
00003077
00002252
FFFFEC6D
FFFFEDA6
FFFFE021
00002427
FFFFE379
FFFFBA0B
FFFFE5E2
FFFFFACA
FFFFCA24
000054B4
00002AB3
000042A1
FFFFECF1
00001833
FFFFD506
FFFFD44A
000024C0
FFFFBF4E
FFFFB387
FFFFFB92
FFFFD9FC
FFFFCA1D
0000270C
000027D4
0000284B
00005101
FFFFCA20
00001BEC
FFFFFAD2
00003AF6
00003FA9
000008CB
FFFFE7DC
FFFFDB1C
FFFFE5A4
00002D31
00000844
FFFFD7FC
FFFFED62
FFFFFBE1
FFFFFB05
000001F2
FFFFA1BC
FFFFF953
FFFFD92E
FFFFB7D3
FFFFFB7F
00000B46
00000B0F
FFFFFF90
FFFFEF4A
FFFFF526
FFFFF0D9
FFFFE39E
00004FA2
FFFFFF56
FFFFCCCC
FFFFE86C
FFFFEA98
00001A08
FFFFBAA4
FFFFEBE3
FFFFB184
FFFFF35C
FFFFEE99
00009A0A
00004BDC
00000CB6
00000B6F
000090BB
00000F47
FFFFB981
FFFFFC71
FFFFEDF1
FFFFFE8D
FFFFD2DC
FFFFE3E5
0000185B
0000378C
00001743
FFFFBE9B
00000FB8
00004B9F
0000021E
FFFFDD99
FFFFBB1B
FFFFD292
00001F2E
FFFFEEDD
00000EA4
FFFFEAA4
00002278
0000474B
000054A6
FFFFEBEB
00001866
FFFFB933
00000DB5
000042E9
FFFFD567
00002F49
00002756
FFFFC547
000030EF
FFFFE013
000004F2
000016FE
000014F1
00001147
FFFFC6C5
FFFFB51C
000002C3
FFFFC9EE
00001888
000016CA
0000427C
00003164
FFFFD025
FFFFFA3C
0000389F
0000260C
FFFFE120
00005297
00001E8A
00003D70
FFFF9FD7
FFFFF11D
000039C9
00004DE9
000015A3
0000187F
000015C2
FFFFF8BE
FFFFDFFF
000007ED
000007CC
000017B9
00004563
FFFFA097
000004E9
00003611
00007099
FFFF9B10
000000DF
00000183
FFFFFBD0
FFFFA276
FFFFC06E
00002C3F
00002CC3
000021EB
000039CF
FFFFD38C
FFFFB8FB
FFFFEB73
FFFFCED6
FFFFBBAB
FFFFE483
00002F94
FFFFFC3C
00004140
FFFFDD90
FFFFDFB2
FFFFBCF1
FFFFE5FB
FFFFC99A
0000131D
00000EF8
FFFFD39C
00002E04
FFFFCCE7
FFFFFE27
FFFFF066
00002D60
00002FAD
FFFFF917
FFFFFD05
00001FAD
00003369
0000794D
0000211B
00001AB8
FFFFFA18
00002E1F
00001F7D
0000445C
00007E1C
FFFF8B80
FFFF8262
FFFF256C
000027CF
00002884
FFFFC3C2
FFFFC2CA
FFFF8EA7
FFFFA844
000003E6
FFFFF8A3
FFFFFE8B
FFFFF5F8
FFFFDD44
FFFFDB70
0000174F
00002F0C
FFFFB2D4
0000130A
0000060A
000010D4
000009AB
FFFFADB4
000002DE
FFFFA347
FFFFF514
FFFFC6E3
FFFFF430
00004E80
00003B2E
FFFFD49C
000064F8
FFFFF965
FFFFBB5B
00000720
FFFFAC14
FFFFF7FC
0000332F
FFFFC8F3
FFFFE71D
0000409D
00000E92
0000161A
FFFFD946
000005AF
0000017D
000052DF
000009AD
00004B39
000066E3
00002C51
00000469
000017CF
00002290
FFFFD385
FFFFF3FE
00002F5C
FFFFD860
00003AC3
00001073
000034C2
FFFFE6D5
00002EE5
FFFFA6E2
0000B1C8
FFFFCB25
FFFFE586
FFFFC14D
FFFF895B
FFFFBE34
FFFFB1D2
00000096
000035D3
FFFFEEC8
FFFFF2C6
000004EF
00004365
FFFFB7F2
FFFFCD40
00001864
00001024
FFFFDEF3
00003714
FFFFD710
FFFFE22C
00001230
0000307B
0000317D
FFFFF3D6
FFFFA1A0
FFFFC9DF
000061F9
000017D7
00003757
FFFFD824
FFFFF920
00001B14
FFFFCAB3
00002049
000029FE
0000205E
00001C7F
FFFFF323
0000099E
FFFFC5BB
FFFFDA14
0000398D
00001198
FFFFECAE
0000006D
FFFFC2F0
00001D4B
FFFFC5FD
FFFFDD4E
000029FD
00003936
00002941
00002B20
000024EC
00000528
000030A3
00002C60
00003152
000037BE
FFFFE4D8
FFFFE7B4
FFFFE985
00001691
00002FD9
00001B2C
FFFFEFF8
FFFFDC54
FFFFDEF8
00002EC6
FFFFD1EE
FFFFDC9D
FFFFAC5D
FFFFF322
FFFFD97B
FFFFEDCD
FFFFF600
FFFFE51D
FFFFBC20
00001B82
0000283E
FFFFF182
000003AF
FFFFE187
FFFFB0E8
00001E84
000053AA
00000923
FFFFDF27
FFFFFAA5
0000582B
FFFFFF68
00003033
FFFFFD95
FFFFE270
FFFFF9FF
FFFFD182
FFFFDE22
FFFFDFAE
00003C62
00003954
FFFFD967
00000025
FFFFF07C
00002207
00005B0C
FFFFE1B7
FFFFE710
0000694D
FFFFFCE2
00000495
00004F34
00004367
FFFFD898
00000369
FFFFFE30
FFFF9B2E
000011F8
FFFFDEA7
00005497
00006C0F
00001E7D
00002DF7
0000120D
FFFFAD56
FFFFB184
FFFFB405
FFFFDCFC
FFFFC6DA
00001F7C
FFFFDB2D
00004A05
00003C6F
00001D1B
FFFFD9CF
000037CF
00000FAB
0000415B
0000103D
FFFFF204
00000E93
FFFFF0B4
FFFFBC12
0000422E
0000491A
0000525B
FFFFD56A
0000025E
00004096
FFFFBB4F
FFFFC0B6
FFFFD054
FFFFE336
FFFFE207
FFFFF8E0
00001935
FFFFEFDB
FFFFE95A
FFFFE922
0000186B
00000870
00000A05
0000230D
000011D4
00003A7A
00005CD8
FFFFCACB
000025EF
00000CC9
FFFFF5C6
FFFFE2CD
000065CD
FFFFD670
FFFFC233
FFFFF861
0000593E
FFFFF2CB
000008C2
FFFFF790
FFFFA08B
FFFFE0B5
00002602
FFFFE518
FFFFD514
0000105C
FFFFDF8E
FFFFEBD2
000047A7
000064DB
000034A8
00000B89
00003A9B
FFFFF7F5
00002021
FFFFC227
FFFFFF63
FFFFD1FB
0000150C
0000422D
0000006C
FFFF8985
FFFFF03E
FFFFD319
FFFFEF7A
FFFFCBA2
FFFFE378
000015EF
000014DD
FFFFD07C
FFFFDE37
0000030E
000020C8
00002CD1
FFFFE0BC
00003B42
FFFFFA14
0000A46C
00000512
00003FE1
FFFFFF42
000046D8
FFFFDF67
00000E11
0000139F
00002C84
00004F83
FFFFD709
00000E47
FFFFE0D9
FFFFDA3D
FFFFBB47
FFFFF967
00003730
FFFFEF99
FFFFED4D
FFFFF202
00001972
FFFFF892
00001AF9
00003B27
00003F2C
000006D7
FFFFE16C
00006233
00001158
00002043
FFFFE261
00003AF6
FFFF89A0
FFFFB764
FFFFFF23
00002CEA
000064C6
FFFFB95E
FFFFE0D5
FFFFECAD
FFFF6216
00002590
FFFFC473
000032D7
FFFFF6A3
00004A0D
0000385E
FFFFF8BA
00001B69
FFFFFCE8
00000998
000004D6
0000018A
000038EA
00003F58
00004A84
FFFFF74B
00000E7D
00000E99
FFFFEA07
FFFFDBC9
FFFFEA71
000002B4
FFFF9A4B
FFFFED0D
000007AD
FFFFB3BD
FFFFD1E9
0000256E
FFFFACB8
FFFFAFCC
00000524
FFFF847E
00003DAE
000015FD
00005ED0
FFFFBBFF
00003F30
FFFFBC88
FFFFA417
000046E6
FFFFE415
FFFFBC46
0000186A
FFFFE711
0000092E
FFFFBAB0
FFFFC5A5
00000AC9
00005C4D
00003743
FFFFE49A
FFFFA3A3
FFFFE0F1
0000465E
FFFFD550
00002267
00002BDD
FFFFB4A2
0000389E
FFFFF139
00005E79
FFFF9932
FFFF6668
000027DE
FFFFEE24
00001C2A
FFFFDE48
00000884
00003E21
FFFFD16B
FFFFF2BC
FFFFFD30
00000A75
FFFFDF65
FFFFED9D
00001909
00000EC6
0000031C
0000339A
000010B2
FFFFCC3B
000005E3
000009A2
00000875
00000785
FFFFFD5B
FFFFE456
FFFFE45E
FFFFE878
00000735
00001186
FFFFE68C
FFFFF3E0
FFFFE755
FFFFFFFC
FFFFF929
000011A1
FFFFEB68
00001DB5
00002C9B
000014FF
FFFFC478
00000089
FFFFF210
FFFFDB16
FFFFF1AB
00000C23
00001840
00003167
00003BFB
FFFFF3B7
00002608
00000512
FFFFC78E
0000091C
FFFFE927
FFFFE812
00001695
00002820
00000096
000004AD
FFFFECC6
00002DC1
0000020F
FFFFCF77
000025F2
000019F3
FFFFF1C3
0000328B
00000C04
00001815
000028C0
FFFFE6E9
00000BCD
FFFFCE67
FFFFEEDE
00003CCF
000048EE
FFFFF03A
FFFFDEDF
FFFFF50C
FFFFF8E2
FFFFDDC5
00000A1D
FFFFEC3F
FFFFFCC5
00000270
0000145B
00000650
FFFFF16F
FFFFF467
00002156
00000047
000015D0
00002004
FFFFEE10
FFFFF9F6
FFFFFEC1
FFFFFABC
0000163F
FFFFD8CB
FFFFDF30
00000EC6
FFFFE939
000016B4
FFFFF785
00002044
FFFFFE38
00000180
00001802
00000D36
000008D7
00000B77
FFFFF7E3
00003200
FFFFFBE1
00000D7D
FFFFF094
00001FD1
00001281
00001419
00002446
FFFFE777
FFFFE03D
FFFFEA8F
000016E8
0000250B
00002344
00001BE1
FFFFFC86
FFFFD77C
FFFFEDA5
FFFFEAED
00002798
000009BC
000018A7
FFFFF660
00001D81
FFFFFA68
FFFFEAF6
00000981
FFFFF4DA
00000760
00001DC9
FFFFFCDD
FFFFE229
FFFFE246
FFFFEA70
00002EAA
00002EBD
FFFFC5C9
FFFFED00
00001BA2
FFFFD923
FFFFE183
FFFFF00A
FFFFE86E
0000023A
000001F1
FFFFE835
000031B4
000011BD
FFFFE802
000034AC
FFFFE536
FFFFF0AA
FFFFCD7F
FFFFFF2B
FFFFDEC7
00000C31
FFFFE279
FFFFE108
00001DCC
00001C63
FFFFDF4C
00001693
00002B28
FFFFF138
00000695
000023DC
00001F10
FFFFF486
000010D4
FFFFDEE6
FFFFC433
00001D5D
00002155
0000357B
00005A44
FFFFCA78
FFFFB73C
00004180
000014B2
00004145
00000D43
FFFFB5ED
FFFFAB84
FFFFD764
FFFFEA28
000037DE
FFFFC111
00000EC2
FFFFD158
FFFFFE69
FFFFEA45
FFFFF61B
FFFFE1C7
FFFFFB93
00002CC0
0000154B
00001D24
00002B2A
00000C65
FFFFFB43
FFFFF395
FFFFF739
FFFFE4A4
FFFFE715
FFFFDF54
FFFFF422
000019EA
00001E22
000035F8
00000A45
FFFFEB29
000006BE
000017EC
FFFFDB31
0000065B
00001BAD
FFFFD9B9
FFFFEDA1
000024B1
000004FF
FFFFE941
00001F4E
0000145B
000010C3
000002F2
FFFFE3BA
00001CD7
FFFFDEBF
0000281C
000027D0
FFFFCF7A
FFFFF7B6
FFFFE114
FFFFE337
00002B8A
00002DCD
000033CB
00003387
FFFFE3ED
FFFFE3C7
FFFFF887
FFFFF1BF
00002C96
0000065C
00000731
00001302
FFFFFA88
FFFFFE4E
FFFFFE9B
FFFFEDE1
000018E2
000023CE
0000055A
00001587
FFFFFC53
FFFFF2CD
FFFFFFEF
FFFFFBD2
FFFFFE1D
FFFFFDE7
00000C62
00000874
FFFFF22D
FFFFF02F
FFFFF47A
00000106
FFFFE163
00001B4C
FFFFFFFE
FFFFF716
FFFFFBCE
000017C0
00001890
FFFFEBDF
FFFFFDCE
FFFFCFE5
FFFFE920
FFFFDA38
FFFFEE63
000031A5
FFFFDA07
FFFFFB36
FFFFF962
00001428
000003A2
00001BF8
000001B3
00000447
00002AC3
FFFFF386
000003DC
000010F6
FFFFE59C
0000265F
00000564
FFFFF104
00001365
0000335C
00002555
FFFFE685
FFFFE61A
00001C39
00001995
00002182
FFFFE8EB
000026C8
FFFFD6A7
00000D4F
FFFFF193
FFFFDBC6
0000004B
FFFFEDFD
FFFFE0D7
000010E5
FFFFE9AA
FFFFEDB1
FFFFDDED
000022D9
FFFFEDB1
00001C82
000002C1
0000157F
00000B91
FFFFCE8C
FFFFCBD8
00000BD5
FFFFFFA0
00000155
00002976
00000556
000009B8
00000DD7
FFFFEC59
000011E3
0000458A
00000102
FFFFCFA0
00003AE5
FFFFD7A7
FFFFF210
00002821
00001296
FFFFEBD0
00002694
00001AAA
00000F0A
0000164E
00000CE8
00002376
00002650
00001936
00001DE0
FFFFFE4A
000040D0
FFFFFD6B
000024C8
FFFFE3DA
00001A92
00000327
00001C7F
FFFFF6F7
FFFFC092
FFFFD61A
FFFFE352
00002E27
00001808
FFFFD6F7
00002F72
000024CD
FFFFF61B
00001379
FFFFFEF8
FFFFE033
FFFFFF8B
00000A9D
000006CC
FFFFC5C1
00000BC1
0000236C
FFFFF259
FFFFEE3F
00000B2F
00001F26
0000008F
FFFFCCCF
FFFFF8E9
FFFFF0B1
00001531
00001226
00000459
00000044
0000096D
0000174D
00001593
00001A3A
00001128
00000165
FFFFD97D
FFFFD02A
00000686
FFFFD3F3
FFFFF73B
000009B3
00001D4F
0000133B
000002DE
00001A5F
00000991
FFFFFCC7
0000094E
00001E0D
FFFFF777
FFFFE55A
000014E1
FFFFF8A1
FFFFFC11
000022F5
0000302F
FFFFF028
FFFFDAFD
FFFFDEC8
FFFFF3EC
FFFFEBEA
00000F44
FFFFF6DD
000021AE
000023C6
FFFFE694
FFFFF4C4
0000182A
00000CFE
FFFFD557
FFFFEBCC
FFFFE7EA
FFFFBF0E
FFFFE995
000018E4
FFFFFFBE
000008C5
FFFFE925
FFFFDB29
0000183F
FFFFE3FA
FFFFEF6F
FFFFE6C9
00000107
FFFFF1CB
FFFFED32
000022F4
FFFFFA05
000005C1
FFFFFD88
000018D2
00001B3A
00000C68
00000B32
FFFFE58A
000019C6
0000090E
FFFFEFB9
00000030
000037AA
FFFFF36E
0000037B
FFFFE8EA
0000293C
00003455
00003771
FFFFF745
0000166B
0000104B
FFFFD7E7
FFFFC95D
FFFFF29F
FFFFDED7
FFFFFBAE
FFFFFABD
00001A7A
FFFFF8AC
0000139D
000003E1
00001451
FFFFF9FE
00002A07
00001AB7
FFFFF6A4
FFFFEA56
FFFFD4F2
FFFFFFA3
FFFFF3C9
FFFFD78E
FFFFEA91
00000C68
FFFFFC4F
00002FC2
00001804
FFFFF9EF
00002FEF
FFFFD39B
FFFFDC97
000018C6
FFFFEC41
FFFFEEE4
FFFFF8B0
00002480
00002BE4
00001E9C
FFFFF357
000002AA
FFFFEB0D
FFFFFA3F
FFFFEBC1
FFFFFACA
FFFFFCA1
000010B8
FFFFF6EA
00001172
FFFFE2CF
FFFFD739
00000225
FFFFE67B
0000021A
FFFFD5EB
000034EB
00001DBD
00002026
00001711
00001F93
FFFFFE43
00001D61
FFFFBEBD
FFFFDB6A
00001421
00000B75
FFFFD6B5
00003005
0000018C
FFFFD391
FFFFF066
FFFFEE3C
FFFFFF5C
FFFFDC21
FFFFE0CB
FFFFF2F6
FFFFF0BE
00003955
00000D32
FFFF92B3
FFFFD213
FFFFECD6
FFFFC254
000058E6
0000042B
FFFF9857
00002013
FFFFFF8B
00000BDA
00002126
000017E2
00001EDE
FFFFFFE0
00000371
000007B0
FFFFBD00
FFFFFE09
00001132
FFFFF026
000009BF
000013FA
FFFFE2EB
00002389
0000152B
000007DE
FFFFEBF5
FFFFD687
FFFFD74A
00001AAC
FFFFB551
00003168
00001198
000017A5
00004149
000000E5
FFFFB94B
FFFFF318
00001DF5
00000B4C
00003845
FFFFDDE2
FFFFCE15
00005247
000046DA
000011B7
00002AD7
FFFFDA19
FFFFB9C5
FFFFC993
FFFFEB96
FFFFEFD0
00001965
00003689
FFFFD369
FFFFDF14
0000495B
FFFFB9BA
FFFFF4A7
FFFFBCC7
00001B68
00000288
FFFFD885
FFFFD90A
000019CD
FFFF90B5
0000174D
00007FD7
FFFFD556
FFFFC509
0000107A
000014D1
FFFFCF85
FFFFE1C6
00005133
00001C8C
FFFFC247
00002318
FFFFEAE1
00003302
000036E7
00006F0A
0000371A
FFFFF554
FFFFB90F
FFFFD122
00004961
FFFFCF71
0000547E
FFFFE451
00002018
00000B5E
00000329
FFFFC790
FFFFE2AD
FFFFB598
FFFFCBB6
000043FF
00003BF3
0000786F
00005498
FFFFC568
000043EF
FFFFBB8C
FFFFA5E7
00004806
0000464C
00005BBA
FFFFAD01
FFFFF968
FFFFDB53
000031BA
00002214
00001171
FFFFC59D
00001A74
FFFFE5A6
FFFFF782
00003C52
0000216B
FFFFBBFA
FFFFDCB4
FFFFD684
000038DD
00000137
FFFFC80E
00004323
FFFFD7A5
00004147
FFFFE9F3
00003A9E
00001054
FFFFE6CD
FFFFF7F3
FFFFB576
FFFFDF88
FFFFDBAB
000030F1
FFFFDA02
FFFFDD31
00003588
FFFFA138
000037E8
00004091
00006857
FFFFE137
FFFFE681
00001B62
000006A9
FFFFBAF4
FFFFD8C4
00001645
00005FB3
FFFFF11B
00003A6B
00001289
0000AFA7
00002171
00004F8A
00003502
00005B66
00002A61
00003DA8
00005FFD
00005FF7
00003DC2
00001D8E
FFFFC41E
00002BE1
00002AAF
00004B72
00003A1B
0000098F
FFFFFE29
FFFFE62C
FFFFB327
FFFF8FE8
FFFFCFF9
FFFFFE5D
FFFFAC4E
000016CB
00004E5D
00001914
FFFFC016
0000048C
00001B79
FFFFAA59
00000671
00002485
FFFFEA57
FFFFC277
FFFFD3A0
0000227C
FFFFDF31
FFFFF2E7
FFFFDECC
0000331E
FFFFDE3F
FFFFDBA6
FFFFF57B
FFFFE915
FFFFEC0E
00004187
00005876
FFFFEB72
00005C0B
FFFFD50A
FFFF9FC1
00001ED9
000033D0
000042E8
00006A2F
FFFFB39A
FFFFF657
FFFFF698
FFFFFF75
FFFFFF45
FFFFFD63
FFFFB1BF
0000167F
0000235E
FFFFB9B6
00002AC3
000029DD
00004226
FFFFF36F
00005711
00001748
00002097
00000314
FFFFCEEC
FFFFCF80
00002DC3
FFFFD2CF
FFFFD61B
FFFFD48E
0000063A
00002048
00006589
00004462
FFFFA668
FFFFF12C
000034FA
FFFFB3DE
FFFFEDC1
00001FDF
FFFFE839
FFFFD272
FFFFBD52
00003147
FFFFADF6
FFFFA597
FFFFEA53
00004098
FFFFF9D7
00005264
FFFFF587
00003C70
FFFFF5A5
FFFFE6E1
FFFFD350
0000072D
FFFF8ADC
FFFF7F31
FFFFC1E9
FFFFDE48
000006BD
FFFFABAC
FFFFCCDF
FFFFE42F
000032C8
000002E4
FFFFB7FF
FFFFC3C2
000079FC
FFFFD82F
00001806
FFFF79D8
FFFF9E43
FFFFDF2D
FFFFD2BB
FFFFD3B7
FFFFE51C
000042F4
FFFFF7BB
0000111C
FFFFDAED
00001CBF
00001F24
00003CE3
000018E1
FFFFFF02
FFFFEDF8
FFFFC6C5
000045A4
FFFFDA61
FFFFE44C
FFFFECDE
00003410
00000F34
FFFFD405
00009857
000026F2
FFFFE391
0000424E
0000373C
FFFFBA28
FFFFB752
00005D49
FFFFF921
00003FDA
FFFFAE23
0000413D
00002C12
0000147C
0000383F
0000058D
00000434
0000437B
FFFFFB56
FFFFEC0B
FFFFDC22
00000E9B
000002DE
00006FE8
0000237A
00007CF3
000062C0
00004B02
FFFFEF21
00004DFF
0000326E
00001B94
000005D0
FFFFF4FF
FFFFFE85
0000158E
FFFFFC28
00001AA3
00001BD7
FFFFF934
000003DC
000044D1
FFFFC722
FFFFB6A2
00003F07
FFFFFBF7
0000190D
0000111A
00004862
FFFFCB1E
FFFFFFFF
000047D2
FFFFFD6F
00000483
FFFFE31F
00000EFE
000039B0
FFFFC2F8
00002F67
0000314C
00002569
FFFFE2BA
000043B9
0000345D
00007AFE
00004A97
00001970
00001D45
00003349
0000375D
000007F7
00004FF5
000019CF
FFFFEB29
00003D5E
00000361
000030E0
000001BD
000039DD
000053AD
00000000
000000C1
0000518D
00000CE0
0000246F
00000FFE
0000435F
FFFFF67D
FFFFD5D7
FFFFF611
FFFF9BFE
FFFFE2AA
000064DF
00007223
00002862
00000692
FFFFCA1E
FFFFDED8
FFFFCAC0
000001E9
FFFFC72A
00002A17
FFFFF142
FFFFC3E1
FFFFF8B8
FFFFE714
00000A34
FFFFD153
00002CE4
0000649D
00000A73
00002D11
FFFFDFE6
00002982
00002ABE
FFFFD5F7
FFFFB9A8
FFFFF919
00000CDC
00002D8B
FFFFD41C
FFFFD8AC
FFFFEEF5
FFFFF9B4
00001C21
FFFFDE99
FFFFBEB7
FFFFADCF
0000221F
FFFFFA72
0000089C
00002FDD
0000721A
00002E45
00001D76
000033F3
FFFFB8EB
FFFFC20A
FFFFFCE2
00003A78
0000228E
000067D8
00004014
00000E6D
000071DB
FFFFD877
00004CE9
FFFFD114
FFFFE1DA
FFFFE8F4
FFFFB59B
FFFFE29B
0000387D
000019BE
00001B93
0000191F
00002039
00000422
00002DEA
000002CB
000026D9
00000AD2
FFFFDEE2
0000394F
00000671
00003009
000009EB
000001D1
FFFFCCA7
00000499
FFFFD589
FFFFAB0B
FFFFE51E
00003575
000039DD
FFFFE38C
00003739
000036F3
00003411
FFFFCA42
FFFFD40D
FFFFEF1E
FFFFC339
FFFFC0F3
FFFFBFCB
FFFFFFF0
00006513
FFFFF360
000024D7
000059C7
00002BB7
00004BA0
0000368D
00001F6C
FFFFE9A8
0000313F
00000B8C
FFFFCD90
000031DA
FFFFD82A
FFFFF388
00004160
FFFFD510
00002DB7
FFFFEFAF
00002692
FFFFD590
FFFFB666
FFFFE888
00001206
00000532
FFFFCEDD
000011DB
FFFFE06E
FFFFC8D8
00001991
000043D8
00001823
FFFFE9BF
FFFFFBD5
00001A37
FFFFCCBA
00002440
FFFFFB1B
0000530B
FFFFFE3E
FFFFCE18
00000956
00000C79
FFFFCAF7
00001718
FFFFC605
00001F55
000002D5
00004CE1
0000202C
00003C5D
FFFFE8BB
FFFFDC93
000026F4
FFFFC7FA
00000F08
FFFFD64B
000009DE
00005429
FFFFEABD
00004222
FFFFA964
FFFFC6DB
FFFFD6A5
FFFFE817
FFFFD9D3
00000D5F
FFFFA366
00002008
FFFFD74E
FFFFFFFB
FFFFABB7
00001B84
FFFFC6BC
FFFFA1E2
000019BA
0000264A
000018DF
FFFFBACD
000000FE
000014D0
000052E2
00000139
00001B2F
00002E8A
00002077
FFFFFD21
00003A36
0000299F
000025F0
FFFFC750
FFFFB536
00002298
000042D9
000020C0
FFFFC8C5
FFFFDCF5
000009B0
0000180B
FFFFEFE5
00002C33
FFFFD80E
00001FC6
00005532
FFFFB68F
00003E62
FFFFAFF1
00000B31
FFFFDDEB
00004B98
00005C2D
000024D7
00003FAA
0000557B
00002A82
00000C29
FFFFF611
00002FB8
FFFFE41E
00001170
FFFFEA75
00001901
FFFFE6DD
0000176F
FFFFF538
FFFFF040
FFFFE68E
FFFFD829
00001EC8
00000774
00000BB4
FFFFDF12
FFFFDEAE
FFFFEADB
00002FFC
FFFFF3B2
FFFFF97A
00000961
000044F6
00001E9A
00001641
00001C1F
000006B4
FFFFFF1C
00003139
FFFFFD25
FFFFDE3E
00000F89
00000A58
000020E9
FFFFEA1D
000027D5
FFFFE3D4
FFFFF01B
00003C90
FFFFF716
0000004D
00000A80
00001410
0000062C
FFFFEAD1
FFFFE7F8
000020E8
0000133F
FFFFE494
00000A2C
FFFFEE71
000016C5
FFFFCFD7
FFFFFB9A
000014AE
FFFFEC42
FFFFE2E2
FFFFFAF9
000008D1
00002494
FFFFEC79
00001734
00002AD9
00002861
00001ED2
0000071A
FFFFF77F
FFFFF7A2
00001CF9
FFFFED24
FFFFD189
00002083
FFFFDBBA
0000135D
0000264F
00002708
FFFFF945
000027F6
FFFFEE2D
FFFFE8B1
000034AD
FFFFF99F
FFFFFD09
0000246C
00001E56
00000BD2
00002A94
00003006
00000F0D
00002FF3
FFFFF41C
000029FB
00002437
00000266
0000328D
FFFFEC09
000011DA
00001BE1
0000214C
00000E1F
FFFFCDDE
FFFFE4BC
FFFFF20B
00000C02
00001416
FFFFEA52
FFFFD6B8
FFFFEA1B
00002CF5
00001047
0000237F
000014CD
FFFFEFDE
FFFFF9CA
FFFFEF76
000019FB
0000318C
FFFFFF3F
FFFFE12B
FFFFDAE0
0000261E
000022D7
00003BDE
FFFFE67F
FFFFF389
0000269F
000020F4
0000080C
00003FD3
00002E82
FFFFF99D
0000160F
00000E85
00004CA9
00003B61
00001644
FFFFF26E
00000A33
000032D6
0000006F
000027C5
000031A4
00000531
FFFFDEF6
0000004C
00003567
0000270C
00001446
00000A3D
00002DEF
00000C64
0000078D
00003338
00002259
FFFFF9B2
00000060
FFFFDA2A
00001702
FFFFDFBF
FFFFDE6E
00002622
000035F6
00001266
FFFFF1BD
000013EE
00000E7B
00001326
00002418
00001E05
0000161A
FFFFEE2C
FFFFFCC1
FFFFFDE6
0000196D
FFFFDA2F
00000537
0000082F
00002C7F
00001FEF
0000227A
FFFFAED9
FFFF9AC7
FFFFCF16
FFFFEEB2
000038C5
FFFFE34E
FFFFF6E3
0000039F
00001CBB
00000E8F
FFFFFA6B
FFFFF957
FFFFEBB7
FFFFDA07
FFFFEFFA
00002EBA
FFFFD509
FFFFEAE7
0000287A
00001161
FFFFE055
00002503
FFFFD528
00000CAE
00000217
FFFFD418
FFFFEF3B
000011D5
FFFFF509
000027CB
FFFFFF01
000018CA
FFFFE51E
FFFFE8BE
FFFFF0B4
FFFFFB19
000023EF
000014C8
0000147F
FFFFF35B
00001F59
00002DF6
FFFFF6FB
FFFFF110
FFFFF326
FFFFFC95
FFFFF9B8
00000050
FFFFDE23
FFFFE184
FFFFE8CA
00001F89
FFFFFDD7
000020A3
00000434
0000105F
FFFFF3A6
FFFFC97A
00004B5F
00000A90
00000B1D
0000419D
FFFFD854
FFFFE440
00000A08
000014A9
00000271
0000099B
FFFFFEEB
FFFFF651
FFFFF57A
00000A60
0000234A
00000825
00001688
FFFFFF65
FFFFD42E
00001A42
0000293B
00002A24
000010BC
00000B51
000006FF
FFFFE440
000006BB
00001821
00000B02
FFFFFE29
00002C52
FFFFE46D
0000214B
000039AC
FFFFFB0F
FFFFE3F1
00001BD2
000039B1
0000244F
0000396A
FFFFF8E0
FFFFE6A6
0000075A
FFFFE50D
000014B5
FFFFF6EA
00001BE7
000024A4
0000077E
FFFFD817
FFFFCCB1
00001230
FFFFFB1A
FFFFD5AC
FFFFEB89
000017D8
FFFFD459
FFFFE684
FFFFCBCD
00001C20
FFFFFD7A
FFFFE5BA
FFFFE354
000015BF
000036A1
000022A3
000019E7
000010F3
FFFFF48B
FFFFE665
FFFFF78B
FFFFD99C
0000237E
FFFFED91
FFFFE554
00002EA0
00001324
000003AF
00001895
000021C9
00001BA4
00001AAC
00001A2A
FFFFCDF5
0000191A
FFFFEF7F
FFFFF0F5
00002562
FFFFF88F
000017F6
00001195
00000F93
00003833
FFFFF3F3
00000CDE
000006AA
00000D20
00002002
00002AF7
FFFFEEDF
0000018A
00001B8B
00001235
FFFFFC8E
00000C87
00001491
00001745
FFFFF4CA
00001B8A
FFFFF714
00000217
00003E06
00002008
00000324
00000526
0000303E
FFFFF55B
FFFFF53E
000008C5
FFFFD895
FFFFE426
FFFFF2E2
00000135
FFFFD7FC
FFFFDA36
00003BEF
00003537
00001651
FFFFF73B
FFFFF42C
0000062B
000003C5
FFFFFB61
FFFFE2C8
FFFFDC8A
0000263F
FFFFFA89
00001D8F
FFFFFC8B
FFFFF348
FFFFEB93
FFFFF8D1
000033E6
00003614
0000165F
00000918
FFFFFE25
00000C8E
000018DD
00000A35
00001E4F
FFFFF5F1
00002182
00002AAD
000019CD
FFFFF72A
00000A42
000024F5
00002937
FFFFF10A
0000206A
0000035F
00002955
FFFFFB2F
000015A0
0000025E
00002D88
FFFFCCC1
FFFFE6AC
FFFFD99F
00000A79
FFFFF0A7
000025D6
00001919
0000326F
0000064D
00000EB1
FFFFE31D
00002598
00001EC9
00000C31
FFFFE985
0000250A
FFFFD1EF
00001323
00002663
FFFFE9AD
00001138
0000188A
00000DDF
000012C1
0000084F
000027F8
000012F4
0000013A
000012FE
FFFFDE37
000000B1
0000307C
000000F4
FFFFDFF4
000035B1
FFFFF73D
00000697
000011AF
FFFFEBCD
FFFFFF46
00000414
00000D4F
00002616
FFFFFBF0
0000167B
00001D31
00002A4F
FFFFFE19
00000FDA
FFFFE33F
00000F60
00001ADA
000014D1
FFFFEFBA
00003B57
FFFFFE7B
0000386B
0000114B
FFFFF325
FFFFE7CC
00004B1C
FFFFEB99
000004D3
FFFFE65C
FFFFEED8
00001336
00001E73
FFFFF535
FFFFFA2B
FFFFFD43
FFFFFAEB
FFFFF8D3
FFFFFD17
FFFFFF15
00000D56
000020C6
00000167
00000AF6
0000363E
0000365D
FFFFF83B
FFFFE66A
00000B3C
00001EB4
000022FD
00000960
00000762
0000004A
FFFFE9C7
00001495
000029B4
FFFFEDB4
00001487
FFFFC843
0000220F
FFFFFA94
000009FE
000013FD
00001907
00000229
000017D2
00001A05
000007B2
0000192B
FFFFE5C2
FFFFD81A
00001BD6
0000092B
00004287
0000282F
00004234
FFFFF19F
FFFFE75F
FFFFFEA3
00003634
00000DC5
FFFFFAE2
0000328E
0000195D
00001427
00003DB7
00001DC1
FFFFFAF9
00002E4B
00000E3A
00003842
00000F8F
00002AF5
0000205C
00003123
FFFFDA34
00000FD1
FFFFF1F3
00001815
FFFFFC7C
FFFFE5EC
FFFFE93E
FFFFE934
00000000
0000253D
00000D5B
00000AC3
0000475E
0000430C
00002181
0000347C
00003A57
FFFFF97B
FFFFEF7B
00000298
000032FD
000016E5
000024C5
FFFFE09F
00003FA4
000017B4
FFFFD742
000029EA
FFFFFC3F
FFFFE0C5
00002C4B
00000E18
0000287B
00002858
FFFFD93F
00001C79
000005FF
FFFFFB3F
FFFFF7E3
FFFFEEC9
00001045
000020F7
FFFFDAEF
FFFFD495
FFFFE6CB
FFFFF59F
FFFFE9FB
FFFFE918
00001703
FFFFC9AA
FFFFBF77
FFFFF4F1
000001C3
FFFFDB6B
FFFFC436
FFFFD697
FFFFE528
0000125A
FFFFE741
FFFFE573
00001275
FFFFED71
00001089
00001151
00004647
FFFFEC3A
FFFFF247
FFFFF08C
FFFFC43C
000028A7
00001D5F
FFFFC2B8
0000323C
00000C68
00000E44
FFFFCAD6
FFFFC3A4
00001EFD
00001B73
FFFFEF7A
000019DC
00001F35
FFFFE89E
FFFFC743
FFFFB5D5
000008F2
00003684
000003CB
00001470
00002BCF
FFFFC32E
FFFFFA51
00001332
FFFFD50B
FFFFF89B
FFFFF1DE
00003D37
00002D00
000037CA
0000336D
FFFFF26F
FFFFEDAE
FFFFFB82
00000BAF
000044AD
FFFFEDEF
0000425C
00001E15
00001179
00001DE9
FFFFBCEB
00001F9F
FFFFD0B8
00004288
00004D0D
000022B6
0000138E
FFFFDE0A
FFFFC139
00003628
00000A7C
0000414C
0000104C
00002AE1
FFFFC63C
FFFFEF76
00002D92
000025D3
FFFFD5D5
FFFFF21B
000007C8
0000341B
000024B2
FFFFF906
FFFFD03D
FFFFDD30
FFFFDAE5
FFFFFF2E
00000178
000001DF
00000892
0000209F
FFFFE480
00001003
FFFFD5DA
FFFFE330
FFFFDCA5
FFFFD455
0000045C
0000196F
00000228
00002752
FFFFF6C9
FFFFEA1F
000021DB
00000CB5
FFFFC8F7
FFFFE8B8
0000082D
000001B0
FFFFE218
0000188D
000022FA
FFFFE224
FFFFE6A0
FFFFE71D
FFFFEDF1
FFFFF806
FFFFD8A5
FFFFE874
00001C9F
00000D8E
FFFFD3CB
FFFFD5BB
00004676
00001F13
FFFFDFF3
000002ED
00002E2D
00002DFB
FFFFFADB
FFFFB0EF
FFFFE3A0
FFFFD5DB
000003DD
000010E1
FFFFF8B2
00002239
00000A52
FFFFDDB2
FFFFABFC
000006BD
FFFFFA5C
FFFFC041
FFFFF91B
00000D2A
00001D31
FFFFD459
FFFFCD9F
FFFFF57D
FFFFAEC3
000026D5
FFFFB864
00004094
FFFFF9FF
FFFFD988
FFFFF3EF
000017BC
000003EF
0000179E
FFFFCB8A
FFFFE52D
0000157E
FFFFD4B3
00003DE5
000048B4
00003356
000028C3
FFFFE7FD
00000BA3
FFFFF9D5
000010B5
0000677B
00001A73
000022DB
00006043
000011F8
FFFFA489
00002597
FFFFD59B
FFFFCD9B
00000236
00000CAC
FFFFF2C2
FFFFF591
FFFFFC49
FFFFFCEA
FFFFBD12
00001908
FFFFF6FD
FFFFF934
00000401
FFFFFC97
0000010D
FFFFD4F9
00000455
00001BA0
FFFFF3EF
FFFFCD33
0000154B
FFFFFBB3
00002C19
0000068C
00000126
FFFFCEF8
000037E7
FFFFF052
00000893
FFFFF0AF
FFFFDFDD
000009F7
00000DF8
FFFFB256
FFFFFB60
FFFFBF9D
FFFFBCEE
000020EF
000005D0
000008CE
00004452
00000CB3
FFFFEE00
FFFFD238
00002EB4
FFFFDC5E
FFFFC97A
FFFFDA33
FFFFEB56
00000441
FFFFE980
FFFFD0C5
FFFFB5C8
FFFFAA15
00000F37
0000147F
FFFFFD43
FFFFE54F
FFFFCF04
000049F5
FFFFF0E5
FFFFCC92
FFFFB92A
FFFFEA7D
FFFFEDE9
0000145C
FFFFD2E9
000006D9
000005DC
00002F9D
0000152A
FFFFD23C
000020E8
FFFFDAFA
00002AE8
00001FC6
00003354
00003A4A
00001F36
00001206
00000F88
00001371
FFFFF1AD
0000072A
FFFFF8F4
0000410E
000049AE
000006D1
000034EF
00005FE3
00001183
00000183
00004AA9
000027E3
FFFFEDDA
FFFFD449
FFFFF264
00002A11
FFFFF1A8
FFFFD984
000009DF
FFFFEBA9
FFFFFC99
00000068
FFFFE2CF
FFFFEF02
FFFFD265
0000179F
00001DDE
00001713
00003414
000023CC
00003F9F
000001CD
00000C74
00002318
0000001F
00001846
FFFFE075
0000090D
000021C3
FFFFCFA5
000004A4
FFFFF02D
FFFFDC66
0000237A
FFFFCD82
0000099D
FFFFFDBB
00000343
00000EEE
FFFFE930
FFFFD2FF
FFFFCE7A
FFFFDE2C
00001F65
00003952
FFFFF166
FFFFF75F
FFFFFE34
FFFFFB82
00002FBC
0000198A
FFFFD096
FFFFEEF7
FFFFE5BC
00000F53
00004485
FFFFC01A
000045DB
00004680
0000333C
FFFFDCF6
FFFFFA86
00005883
00001D8F
FFFFFEBC
00003312
00002429
00002477
00002677
FFFFF2A3
00001F1B
000010FB
000051EA
FFFFEBD6
FFFFC77A
FFFFDEBB
000015CB
FFFFF2F4
FFFFEB2C
00002285
000007FC
00004D76
000011D3
00000676
FFFFF7CB
000000BD
000063FB
000000BF
00001A75
00000171
00001CAD
00000159
FFFFDF8F
FFFFEBE8
FFFFEA5E
FFFFFA2B
FFFFB815
FFFFFCCA
00001EA7
00003140
0000485D
FFFFDB3F
FFFFC961
FFFFE630
00001691
FFFFD1C8
00000E79
0000295A
000004E8
000005E5
000018CC
00004855
000039A8
00003749
00000E93
FFFFCCEA
FFFFDD7E
FFFFDC54
FFFFEA9C
FFFFFC51
0000290B
00000CAB
00000899
00001F3D
FFFFEFF9
00001FAC
FFFFE237
00001CC1
00002F3C
00001C42
00000160
FFFFE0C2
000000F5
00000124
FFFFE052
00004D6C
FFFFE89A
00002CE7
00003095
FFFFF7CB
FFFFF877
FFFFF2B2
FFFFE678
00000C46
FFFFC8FC
000009C1
00001946
FFFFCC0E
FFFF97B1
FFFFFA72
00000890
FFFFF441
FFFFC4A9
FFFFB9F9
FFFFBDAA
00004FBE
00002EB6
FFFFF0D2
0000128D
00001E32
000018B2
0000346C
00004D4D
0000089F
FFFFD1F5
FFFFE09A
00001203
0000278A
FFFFFC52
0000291D
FFFFE19F
FFFFDF94
00000686
000015B6
00001282
FFFFCEE5
FFFFFA4A
00000841
FFFFC7EF
FFFFE308
0000848E
0000218E
00005200
00001215
00003AF2
000081E4
00002334
0000512A
FFFFC8C9
FFFFEBE7
0000018B
FFFFD2FD
0000105E
FFFFE8A3
FFFFE9E7
FFFFDB72
FFFFD30E
00003C5A
FFFFDD4D
00003C44
00001715
00002469
FFFFEBD0
FFFFC644
00002301
00001A95
000029A9
000045EF
FFFFE522
0000158F
000036C3
00000A18
000027C5
000007A1
FFFFC59A
000004E1
FFFFD997
FFFFC79B
00001B46
000032A8
00001BBF
FFFF84FF
FFFF855A
FFFFA906
000002D6
00000C7C
00003CEA
FFFFFC2C
FFFFE30E
00002387
00000115
0000015D
00001BDC
FFFFEAB2
FFFFD893
FFFFCA6D
0000555F
00002EEE
FFFFFBAE
00001AAE
FFFFDBE7
0000172A
FFFFF048
0000263F
FFFFFFB6
00001BDE
00000EA4
FFFFF1B9
000023D2
FFFFCB74
FFFFCE5B
000005BC
00001F2B
0000237E
FFFFD2D9
000045FD
FFFFAA94
FFFFABC2
FFFFEA28
FFFFAC89
00003C7E
00002CCD
FFFFE740
FFFFD9D6
00000644
0000091A
0000395C
000014E5
FFFFCAF2
FFFFDC5F
FFFFC7C0
00002DF3
0000811D
0000584F
0000293E
FFFFD02A
FFFFCC67
000009DA
00001512
FFFFC4F3
FFFFFE18
FFFFCF92
00003B86
0000206A
FFFFD97C
000015BC
FFFFCE54
00000316
FFFFEE75
FFFFFC25
000012D6
FFFFF69B
FFFFF4EA
0000035F
FFFFF22B
00001706
FFFFDCE3
FFFFF27B
FFFFFEF2
000014C1
FFFFCEC9
00001E79
000027D4
FFFFD72F
00000CB4
FFFFE4A4
00001BC3
00002375
FFFFDFB6
FFFFF404
000001D4
00000B8C
00002A55
00003542
000023CD
000024B6
FFFFE32C
0000143A
00000F55
0000281F
00001DFD
00000BD9
00003553
000024E2
FFFFDB9F
00000FF1
000017E0
00000538
FFFFFB0A
FFFFFA1C
00004094
FFFFE6C7
0000036D
00001AA1
FFFFF4AC
000039F0
FFFFDC74
000006CB
FFFFED4D
FFFFACEA
000019A1
00000753
0000399A
00003215
FFFFDEFF
0000059C
000023F9
00001928
000012F0
00003537
00000B78
FFFFE39B
0000471D
FFFFF2A6
00002CC1
FFFFFEDC
0000024A
0000128A
00001A04
FFFFF6B1
00003F01
000046CC
00004542
00002A40
000027B5
00000E60
FFFFEC43
0000220A
FFFFE620
00003239
FFFFE463
FFFFCB53
00002FE6
FFFFC832
FFFF9BA5
FFFFC85A
00000114
0000017A
000001E5
FFFFE03B
000040AE
FFFFF5A1
FFFFC154
FFFFECBF
00002298
FFFFC4E6
00002FDA
FFFFE0DC
00000977
000020D0
00001BE0
FFFFEE5D
000019F8
FFFFF239
00002426
FFFFFB3C
FFFFF6F3
FFFFF69D
FFFFED25
FFFFD263
FFFFE983
FFFFF3F6
000017B2
00000EAC
00004784
FFFFFC1D
00000128
0000448A
00000F62
FFFFE812
00004FD4
000041A5
00002668
00000445
00000975
0000034D
FFFFCC11
00001EEA
00001DD3
00000D0C
00003B4C
FFFFD794
FFFFD769
0000106F
0000261E
FFFFEC95
000002B2
FFFFEF7B
FFFFCB66
0000105C
FFFFE4FF
FFFFDC90
00002AF6
0000040F
0000153A
0000211A
00001015
FFFFD177
FFFFEC92
00003344
FFFFFB74
FFFFF4B3
FFFFF591
FFFFE5D1
000048C7
FFFFD133
FFFFC7B0
000020CC
FFFFC257
FFFFE860
000009C2
00002CFC
00000A6B
000036EA
00001C48
00002FC5
FFFFE10C
FFFFF8E9
FFFFFD2F
000008B1
00001B54
00000ADE
FFFFEA8B
000059A0
000000E8
00000757
FFFFFA41
FFFFD6B1
FFFFFC37
00002455
FFFFD4A3
00002419
000046AC
00002560
FFFFD1A4
00005883
00003AB1
00003B3C
FFFFA97C
FFFF570C
FFFF8DD0
FFFFFF62
FFFFB56E
0000142C
FFFFA3BE
00001292
FFFFC38D
000033A7
000010FD
FFFFDD9E
00002456
FFFFDB40
FFFFFDF4
00000A40
0000088A
0000235F
000013B8
000038B1
000025E9
FFFFF26B
00001A04
FFFFCAF9
FFFFF406
FFFFEA71
00000875
FFFFEC2D
FFFFFC05
FFFFE753
000014BA
000019ED
FFFFF816
FFFFD6B8
00002B97
FFFFDA13
FFFFEEB8
0000310C
000043A2
FFFFE812
000001D8
00002FB5
FFFFCF2C
00000DA1
FFFFDFA7
00003B14
00001754
FFFFEFB7
FFFFDF94
FFFFEB48
00000355
00001D4C
FFFFFD18
FFFFE2C9
00002E78
00001C48
0000217E
00001169
FFFFC8F9
FFFFFD3C
000002DE
FFFFF10B
00000168
FFFFE90E
000014AE
00002BD9
FFFFD125
FFFFDE84
FFFFF7B4
00000602
00000030
FFFFFB22
FFFFDEDF
00004520
FFFFE7F4
0000140D
FFFFEE40
00003F37
FFFFE4F5
00002011
000018D2
000003F4
00002DE7
00001A9D
FFFFE3E8
00002B1D
FFFFE9EA
000017AC
000010E0
000005BF
FFFFF6A0
00001641
00001E6A
FFFFCEB7
00002AB9
0000322F
0000173A
FFFFEA28
FFFFFC0C
000044B0
FFFFF376
FFFFFDAB
00001A68
FFFFE511
FFFFF7ED
00002754
FFFFF837
FFFFED66
000033E4
FFFFF914
00001563
FFFFEC99
000037AD
000026AB
000037E2
FFFFE72A
00003EE7
FFFFDCDC
FFFFFD9A
FFFFFBB0
FFFFFAA7
FFFFC2C2
00000A58
00000A78
0000347E
FFFFEF3D
FFFFD5F0
FFFFF1E4
00003AF7
FFFFD0EE
FFFFEE69
FFFFF708
FFFFDD76
00000EAD
FFFFFEBE
FFFFD24B
FFFFFB0B
FFFFF22B
00001BA6
FFFFAAAF
FFFFBBB2
00002C71
FFFFD25D
000020AD
FFFFBFDA
FFFFF122
FFFFC922
00000CD3
00003630
000020AE
FFFFD2FC
FFFFCE73
00000364
FFFFD53C
000053DF
00000FF8
FFFFF2AB
0000203C
00000AC6
FFFFD538
FFFFFE44
FFFFB6D8
0000178A
000043A2
00000CA2
0000019D
00002E9F
0000161D
00000E1F
00000DBF
00000773
000002C9
00001B20
00005F56
FFFFEE83
00002DA9
000051BC
0000190C
00003E7C
000027B4
FFFFD2D0
FFFFD29F
FFFFE116
0000069C
0000048F
FFFFF98D
00000270
FFFFD14D
FFFFE549
FFFFC196
FFFFE66A
000045DF
FFFFC5F3
FFFFD2B0
00000ADB
FFFFCD17
00000FB1
FFFFDE45
000013E5
FFFFFF37
000016E2
000016DC
FFFFFE05
00002A8A
FFFFCAEA
00002717
0000151F
00000155
000016D2
FFFFE74B
FFFFFFCC
0000279F
FFFFFE54
00002705
0000434D
00001C8A
000025AE
00002789
00000668
FFFFFA31
000000EA
000056B4
00000B13
FFFFFFBA
0000478B
FFFFDBE4
00000C14
00000F75
FFFFF745
FFFFF42D
000018A4
00001E5C
FFFFF547
00000DDB
FFFFD0F4
00000E82
00003236
FFFFED31
00001A5C
00000DB7
FFFFF04A
00000A58
00002660
00002604
00000C73
000004B5
FFFFF77F
FFFF7675
FFFFE877
FFFFFD1B
FFFFC158
FFFFCEEC
00000E9F
FFFFE4C6
FFFFF4CB
00000841
00001076
FFFFF637
FFFFCA8D
00002F2A
000007DE
00000D03
000020E5
00000492
FFFFFC5D
FFFFF487
FFFFDED2
FFFFF054
0000272C
FFFFDA7F
FFFFE5A9
FFFFF437
00001564
00000E16
00003140
FFFFCBF7
FFFFF162
FFFFE9F0
00002096
FFFFC768
0000068F
00001722
FFFFE44C
FFFFE70E
00002BDA
00001076
FFFFFA7D
000032D0
FFFFF28F
00002D3A
0000341E
FFFFDBCF
FFFFED1D
FFFFE52C
0000246C
000010FB
00000D15
FFFFEE42
FFFFF9CA
00004B70
00000A22
00002DC8
00003E16
FFFFE949
FFFFE1B0
00001D70
00001D56
000018E7
00003CD6
FFFFDDA1
FFFFD885
00003528
FFFFE84C
FFFFD3E1
FFFFF368
000012A7
00001338
00000D0F
FFFFCA81
FFFFFF0D
000038B9
FFFF9FB7
00000344
FFFFE0A0
00001E85
00000AED
00002B94
000016A1
00001BEF
00002F7B
FFFFE7DF
FFFFE92C
000028EC
000010C5
00000FC2
00003816
00000104
FFFFF55F
FFFFC16C
00000D4D
00000218
00001201
FFFFDCE9
0000422B
00003245
FFFFE746
FFFFD04E
FFFFC4BC
FFFFD7BF
FFFFD7D6
FFFFAB52
00000D32
00005ADF
000038B8
FFFF96FB
FFFFDC22
00001506
FFFFF7AA
FFFFF4E4
FFFFC692
00002DF8
FFFFFCFA
FFFFF8C9
FFFFE7A1
00001722
00000F62
FFFFF30C
FFFF7C5B
FFFF9B01
0000083E
00001C47
000037A1
FFFFF945
FFFFEA83
FFFFFF69
00000585
FFFFC4CB
00001191
FFFFEF06
FFFFD06C
00006493
000028EE
FFFF9C30
000000D6
FFFF9D23
00002B45
00000B7E
00000A63
00003A3B
000035D4
FFFFC76B
0000084A
00000193
FFFFFDAF
000013A2
000002B9
FFFFE72C
000019C8
0000045A
00003408
FFFFFE97
FFFFEC19
FFFFC4F1
FFFFAFE3
FFFFF717
FFFFB39B
00003374
00003C76
FFFFDB88
000042B8
FFFFF878
FFFFE5C7
FFFFE76C
00001687
0000164A
FFFFE45A
00001266
FFFFC1DC
00002063
00001D8E
FFFFD072
000012C3
FFFFF89E
000050DE
0000062E
000018B7
FFFFFF5A
000027C4
FFFFFEEA
FFFFF2D2
00002E12
FFFFF96E
FFFFCB8A
000008C7
000049D5
0000293B
000042AE
00002E4E
FFFFECC8
FFFFE44E
00003078
FFFFE488
FFFFD648
FFFFD54D
FFFFCFF8
00002D2D
FFFFB88D
FFFFD9AE
00002148
FFFFD4AF
FFFFE029
00002C99
00003A52
0000350C
00001BBB
00000280
FFFFD525
FFFFF568
FFFFDBD4
00001972
FFFFD4BC
FFFFBE85
FFFFBCBF
00000AA3
00000C53
FFFFC0B2
000035E8
FFFFF4D8
FFFFB9D6
0000283A
FFFFFF58
00001458
00002C0E
FFFFED74
00000165
000022FC
000036CA
0000143F
0000136F
00002654
00002BC9
000018AA
00001573
0000099A
FFFFF0C4
00001D9F
000036DA
FFFFCC29
FFFFDBA6
00002703
FFFFEFDE
FFFFEEAA
0000117C
00000B70
FFFFCD21
00001E0C
FFFFD5FA
FFFFEF46
FFFFE975
00002DE4
FFFFCA00
00000910
FFFFBAD1
00003B84
00002C11
FFFFB5F8
00002A0E
0000282D
FFFFEF15
FFFFEAC4
FFFFE4DA
FFFFDECA
000012BB
0000185C
00003BD1
FFFFEBAF
00000178
FFFFFDBF
00001890
FFFFEBC3
FFFFA2E3
FFFFAF5F
FFFFA7A9
FFFFEE3A
00000C89
FFFFEC77
FFFFD573
FFFFDA25
00001C31
000021CC
00002E0F
FFFFFC8A
FFFFEB18
00000D8D
FFFFB153
FFFFF1B5
FFFFFC72
FFFFE7DB
00001A58
FFFFD24B
FFFFDC41
FFFFC552
FFFFDB9B
FFFFC4D8
FFFFD367
FFFFC6D7
00000388
FFFFD59D
000038D9
00003C1C
FFFFFDF9
FFFFCB98
FFFFCCE0
FFFFEC9B
FFFFB8B4
000005F9
FFFFEB2F
FFFFE195
FFFFB344
000008C4
FFFFFFF6
00000F89
FFFFE8B0
000018CA
FFFFBE88
00005C78
FFFFEEEA
FFFFD63F
0000190D
00001865
FFFFF57C
FFFFC9C5
FFFFC6DE
FFFFE740
FFFF2539
FFFF8C9D
FFFFA117
000002E0
00001E13
FFFFEBBA
00004233
FFFFECE5
00003BDA
00001D76
FFFFF459
FFFFECB4
FFFFE55E
00001BF7
FFFFBA1C
FFFFE121
00000ACA
FFFFD570
00002611
0000034C
00000BDA
00000BA1
0000306E
00001244
0000284F
0000498A
00000A42
FFFFDCD9
00003506
00004006
000013AD
00000356
00003C9F
FFFFD041
FFFFE344
FFFFD644
00003168
00000432
00003EEF
00002C3B
FFFFAB7E
FFFFDADF
00001418
FFFFE8CF
FFFFD786
FFFFE16D
FFFFD9F7
FFFFD36B
FFFFF89C
FFFFE656
FFFFDE68
000012A5
FFFFDD4E
FFFFFF94
00002DA0
FFFFC4C1
000027A1
00001AA7
FFFFC0F7
FFFFF190
0000148B
00002CEA
FFFFE0C5
00000998
00005223
00004695
FFFFD7D9
FFFF6415
FFFF9FA7
FFFFE761
FFFFD9B2
FFFFB01E
FFFFC82E
00000181
FFFFF03E
FFFFED83
00002280
00003584
00001395
FFFFFDE2
000021D5
00001C0C
00000E31
FFFFD318
0000070C
FFFFEAD8
FFFFD09F
00002BBA
FFFFF796
FFFFCBA5
000027DD
FFFFF60A
000017F9
00000B7A
00001E92
00000403
FFFFDF6F
FFFFDAF8
000010A6
00003573
FFFFD25B
FFFFF6A1
00000EAB
FFFFD222
FFFFC5E6
00002A50
FFFFBF56
FFFFF266
0000272F
00001319
00000076
FFFFF496
00002A2D
000003B2
00000FB3
FFFFF3E9
FFFFC96B
FFFFBEE4
FFFFD261
FFFFF032
0000097E
000001D6
FFFFDBB5
00003AB1
FFFFE0BA
00001DD2
FFFFD7E8
FFFFF98A
0000229D
000027E9
00000170
00000B35
FFFFCD72
FFFFD3C1
00001674
FFFFF3C0
FFFFE8D1
FFFFD0F9
00001627
00000FB9
FFFFD82C
00002DFB
FFFFE0A0
FFFFEABD
00000463
00003354
FFFFE992
000038F3
FFFFE520
FFFFE825
00003693
FFFFCDBE
FFFFDE8C
00002D9F
00002506
00000B4B
00000C3B
00002B0E
FFFFFF56
FFFFF850
FFFFDD9D
FFFFFF8B
000005D1
FFFFF724
FFFFBAE8
FFFFF202
00000D7A
FFFFD11F
FFFFCD60
FFFFEB1C
0000030E
FFFFE6DB
000033DE
000005FD
FFFFF46B
0000035A
000003FB
FFFFE9AD
FFFFDA5C
000014D1
00000BA8
00002386
00001A29
0000293C
00002FE0
00000338
00001905
00001AC2
000014D2
0000102A
FFFFE5C2
00002FF5
FFFFCE36
FFFFFE09
FFFFE57D
000016F9
00002DD8
00002185
FFFFEB3A
00001787
FFFFC3E2
00005689
FFFFEC00
00001FB9
0000139A
00000A94
00000995
00001E05
00003CE0
00004F2B
FFFFE2BD
FFFFE463
0000374F
0000322A
FFFFF777
000020C1
FFFFE637
0000147B
0000119E
00001D1B
FFFFE7BB
FFFFB68F
FFFFDA93
FFFFE634
FFFFD29D
FFFFE742
00001C25
FFFFDCC0
FFFFE65E
FFFFE5CB
0000199E
00003EC1
FFFFF393
FFFFE720
FFFFE018
FFFFAA39
FFFFDCD6
FFFFD5A7
000002AE
00000AAB
0000000B
FFFFEABC
00001021
FFFFB728
FFFFFC79
0000001A
FFFFB5C3
00003636
FFFFFABF
0000020D
FFFFE79E
00000501
000005E5
FFFFD13B
00002386
FFFFC359
FFFFB9C0
FFFFD6B0
00001DB6
FFFFFC5A
00005349
00002359
00001511
FFFFFBE0
FFFFFE2C
00001584
FFFFE392
00000D5A
00001D45
FFFFD098
0000005D
FFFFE2D0
0000083F
00002CF5
00002202
00000536
FFFFC19B
FFFFEFE6
FFFFC69B
0000119B
00005657
00001A8F
000032E8
FFFFEF1F
FFFFCD3C
FFFFF4AA
00000822
FFFFDC7A
FFFFDBDA
FFFFE4C9
FFFFDA75
0000050E
FFFFD408
FFFFD2EE
FFFFBE9D
FFFFD7CF
FFFFA825
FFFFDB75
000012CC
FFFFE86D
FFFFCD8C
00000A28
FFFFF2CE
FFFFE6AA
000013BC
0000072C
000040D3
FFFFD6B6
00003553
00001BDB
FFFFF0D9
FFFFE163
FFFFE585
FFFFC591
FFFFCAC8
000001F9
00004E3E
FFFFD7CA
FFFFFB05
FFFF8D51
FFFFF7E7
FFFFF8C2
FFFFAB59
0000166D
00003C5B
FFFFCFF4
00002804
00000A84
00000B4F
00001D48
FFFFD77D
FFFFD96B
FFFFFC3E
FFFFFEDC
000049CE
000021F3
FFFFDD78
FFFFC8C3
FFFFA6D5
000040DF
FFFFDA43
00000D93
00002554
FFFFF06E
FFFFF7FD
FFFF9255
FFFFD872
FFFFCBB6
FFFFAECC
000009D9
FFFFEDC9
0000415F
000068AE
000056B2
FFFFDB83
0000314C
00005F22
00001455
FFFFD80C
FFFFD04C
0000097D
0000000D
FFFFE0E2
000040E0
FFFFB774
00003914
FFFFE3B0
00002288
FFFFEBEB
000059A3
000021EA
000018D0
00002502
FFFFE051
0000337E
00003992
000003AC
FFFFC774
00004C4B
FFFFC3FE
00005649
FFFFFE5F
FFFF4A99
0000338B
FFFFCC0B
FFFFC37D
000026B0
FFFFAE77
FFFFC0CF
FFFFE74F
00002216
FFFFD59F
00001814
000023E2
FFFFDF8A
FFFFE902
FFFFFE32
00001F99
0000380E
00001A53
00001D2B
FFFFFA52
000003DA
FFFFE679
00001427
00002072
00000AD4
00001598
FFFFF544
00001FB8
000027F3
FFFFEA69
000014E5
FFFFD7D2
FFFFF226
00004BD9
000041A9
00000664
FFFFE213
00001208
0000350E
000007AB
0000291C
00002364
FFFFC7D8
00003459
0000509D
00000AB9
00000754
00003EA4
000002CB
FFFFEDF3
FFFFFD50
00001C84
00001622
00002D57
00004D85
0000448F
0000075D
0000265E
000028F5
FFFFD5DD
FFFFDF82
00002353
00001486
00000C28
00001BB8
FFFFE0E3
00001DDE
0000398D
FFFFFCC3
00001B5E
00002503
FFFFF4EF
FFFFECE1
00003061
FFFFD1B5
00000BDF
00001A1E
FFFFCFE0
000032BB
FFFFF577
000016E9
00002487
00001408
00000060
FFFFF763
FFFFDEA6
00002B20
0000329C
0000065A
FFFFDAB3
000010B7
FFFFB996
FFFFEFCD
FFFFF00E
FFFFE6BF
00003336
FFFFD67B
FFFFF87B
00000F19
FFFFEE2A
FFFFE53E
00000D88
FFFFF94E
00001BD9
00001BE5
00000823
FFFFC933
000016C5
FFFFF398
FFFFD476
00002263
FFFFFD74
0000051E
0000243C
FFFFFE84
00000FB3
00000B2C
00002389
00001DCC
FFFFF14D
FFFFF25D
FFFFEB80
00001715
FFFFE0A0
FFFFE20A
000019E3
00001B67
00001D8A
FFFFEB4C
000006E4
00000BF6
00001047
00000A99
FFFFE8D8
FFFFE17D
FFFFFC0F
00000B5D
FFFFD6C2
0000089C
FFFFD72D
0000046A
0000066B
FFFFFBBA
00003B0B
000032AD
000039EF
00002C9B
FFFFE2B5
00000DB8
FFFFFB3D
00002D4D
00003E57
FFFFEF67
00002444
00004E5B
FFFFF54A
00002719
FFFFEADC
00002DC9
0000298C
FFFFE4AA
00001720
00002A85
00000B21
00000FA0
00001DB3
FFFFFECB
00000D70
FFFFD431
FFFFCB3D
00002774
FFFFE4AB
00001C2C
000022DC
FFFFF950
000026BB
FFFFFDC5
FFFFE2E6
FFFFD5BE
FFFFE1C5
FFFFF486
000036D6
FFFFF772
000029E5
00002961
FFFFD462
FFFFFCE5
00000796
000006DA
FFFFED89
00000BB0
000010A7
00005594
00001E28
00005D43
00003C4B
000072C3
00004A98
00002268
00005695
00001009
FFFFDC27
FFFFDC1B
000018B4
00000ADA
FFFFF39B
FFFFEA54
FFFFD06A
FFFFF9A5
FFFFEAAE
000000A1
FFFFF93E
00002392
FFFFF48F
00002D33
000014C3
00000A52
00002FA4
FFFFED16
000021EE
00000B51
00002736
00000755
00001A7D
000025CD
00000AE5
00003B77
000007D6
00000AEE
0000270C
000003A5
FFFFFE2E
FFFFEFC0
00002594
FFFFBFDC
FFFFD74B
00001ED6
000012D9
FFFFE7CF
00003150
FFFFEF88
00001202
FFFFF328
000011C3
00000858
00001904
FFFFE934
000003D6
000043FD
FFFFBFAE
FFFFB890
00001918
FFFFF22F
00002E6E
000013A1
FFFFDE21
FFFFEED2
00001F1D
00000881
000031FC
00001E92
00000255
00001E61
FFFFCB57
00003C4C
00000717
00001A79
FFFFE69A
00003B58
00003D85
FFFFFFC8
00000552
00001D64
FFFFE1BD
00004222
000016F2
FFFFFEC3
FFFFEE6B
00000B9F
00003B82
FFFFFA5F
00001DC0
000008DF
00002F29
00000282
FFFFDE49
FFFFF1B2
0000282C
0000146E
FFFFFE7B
FFFFE9BF
00003335
FFFFCE5E
000014BE
0000271A
FFFFD59F
000004D1
FFFFE7E6
FFFFF007
00000BFC
00002F45
000010A2
00001304
00002584
00002263
0000130E
FFFFFD6E
FFFFCB45
FFFFDAE4
00002AF4
000018D6
00000ACF
000034C9
00001CEB
FFFFEC6C
000027C3
000020BF
FFFFDFB8
FFFFF29A
FFFFD16D
000024D8
FFFFFD28
FFFFD859
FFFFF790
00000C8A
000015FE
000028F0
00001FED
00002BC3
0000181C
FFFFF4EA
FFFFF864
00002008
FFFFFE1F
0000052E
000024C6
0000010C
00001A15
FFFFD276
000009FA
FFFFF673
0000179C
FFFFFFA3
00002125
FFFFF535
0000041F
000006DB
FFFFF4F2
FFFFF007
000030F0
FFFFF77F
00002BC6
00003AFC
00003CF0
00002F64
00001312
000011BD
00001803
00003630
0000110C
FFFFEB79
00000E64
000033BF
FFFFECBA
FFFFFE00
FFFFE702
FFFFFA33
0000166E
FFFFFECC
00002F06
FFFFF88E
00002AFB
000022C4
00003D7F
0000035C
00001C95
00002BBC
00001AA3
FFFFE431
00001DC7
00000349
FFFFF587
000025ED
FFFFECB5
00003293
00001D10
00002EF9
0000300D
0000177B
000032EA
FFFFFF91
0000274B
00002486
00000F22
000013E1
FFFFEBA2
000020A6
FFFFE77F
00002535
00002037
00001EC6
00000ECC
FFFFF12B
00001CF0
00002866
0000253C
00002DE5
FFFFDD33
00000009
000017E0
FFFFFDD1
FFFFF2A9
FFFFD756
FFFFF63A
00000BE3
FFFFF9A3
00002AF8
FFFFFED2
00001E60
000029BB
00003523
00001500
000030E2
FFFFDBD8
FFFFCA03
FFFFD9E4
0000064D
FFFFE97F
000031B7
00000020
00002010
00003631
00002E99
FFFFF38F
00001BF1
FFFFF884
FFFFDA7F
00001229
FFFFE622
FFFFFA78
00002B82
0000213E
000008F8
FFFFE717
FFFFDDB2
FFFFF7F6
00002414
00002D9A
FFFFE8D9
00002241
000032EE
000036E1
00002DEB
00001E66
00002297
0000480D
00002EC7
FFFFEA2C
FFFFD61F
FFFFDF22
00001236
00000120
FFFFD352
0000129D
000003B3
FFFFDCCA
00001D45
00002522
0000272C
FFFFF659
00001CAF
00002802
FFFFE94E
000044F2
FFFFEA44
00003FE6
0000097E
FFFFFAC7
000000A9
00001DF2
000008A0
FFFFDFC4
FFFFF92C
0000161C
FFFFFB4F
0000323E
000032F0
00001B29
00000A88
00001A7E
FFFFEF46
000020D0
00002588
FFFFDC4A
00000770
00001AF4
000009C3
FFFFFAE8
000020B7
FFFFE6BD
00000833
FFFFE101
000017C6
FFFFE99D
FFFFF26F
000019DA
FFFFCF5A
00001AC4
FFFFF7A8
000001F7
FFFFEEE6
000023FE
000003FD
FFFFE431
00000905
00001492
00001B92
FFFFEA3E
00000A78
FFFFDFD0
FFFFDEC1
000004D0
FFFFF0B8
000023AE
FFFFECDD
000001C6
FFFFF885
000027E5
FFFFE274
FFFFEB22
00001BF9
000032DF
00002260
00001FF2
000008CA
000040BB
FFFFD5E0
00001D0F
00000744
FFFFFA50
0000175D
FFFFE80B
FFFFFC9A
FFFFF38D
FFFFDF48
FFFFDB5D
000007C8
000032CF
00001910
FFFFEEA5
000036DC
0000262D
000023F7
00001926
000029D5
0000102E
FFFFBF35
00000EB7
FFFFE7F9
FFFFF283
FFFFD1BE
FFFFF114
000011E1
FFFFE430
FFFFCF26
FFFFDC8C
FFFFF96B
FFFFD37D
FFFFFA2B
FFFFF45F
FFFFD875
00002D31
00002F33
000042FB
0000094E
000018D1
000035F2
FFFFF812
FFFFFFF6
00002975
00001AB5
000029EB
000022F5
00003756
0000023E
0000296E
000016F2
00002493
000023E5
000037C8
0000618F
00003531
FFFFF5DC
FFFFC796
FFFF87B6
00000EAD
FFFFA732
00006FD7
00001C20
00007EFE
FFFFB202
00000BA4
0000BA7B
00004E42
FFFFFF70
FFFFF339
00003437
FFFFCEE4
FFFFECF7
00006544
00001D81
FFFFCDF0
FFFF5A55
FFFF962D
000026FE
00008E16
FFFF8C20
000076F8
00005618
FFFFD203
0000180D
FFFF7612
FFFF3D9C
FFFFE991
0000C801
FFFFF615
FFFFAF88
FFFF75E3
00000973
00002E71
FFFFDA0A
FFFFDDFF
00001687
0000140A
0000499E
FFFFA56A
00000BF5
FFFF79C4
FFFFED50
FFFFFA24
FFFFEF1C
0000261D
000094A8
00005FE4
00002497
FFFF9F8B
FFFF6321
FFFF94D1
0000A502
00006705
FFFFD63B
0000134A
FFFFDAB8
FFFFA166
FFFFE0A4
FFFF7386
00000784
FFFFD63A
0000008D
00005E97
000009FB
FFFF5276
FFFF99CD
FFFFE0D9
00002D8A
FFFF8BE4
0000EE0F
FFFFE7F3
0000469A
000100CC
00005B56
FFFFE35C
0000682C
FFFF5C7C
000032BF
0000190E
FFFF5228
FFFFB52B
FFFFB268
FFFFC83E
000086D8
FFFFDFB8
0000629B
00009993
0000A05F
FFFF2C42
FFFFD650
FFFFE420
000039F8
FFFFF156
FFFFC5B4
00000A1E
00005263
00005107
00002B24
00003DF5
00003BFE
0000637D
00001C68
000002E8
FFFFDE95
00000AEE
FFFFC10F
00001C18
000080BF
FFFF7FDA
000063BD
000089C7
0000A306
FFFFDC70
FFFF62CD
FFFFBACC
000001C5
0000AC14
FFFFF5AF
FFFFA5E1
FFFFAAF4
000064EB
0000115C
00002DF5
00002DCA
000086F9
FFFFF8C5
FFFFE889
FFFF74A5
00000DC0
FFFEC972
0000B3D9
0000EA9C
FFFF7BFA
00016700
00002C23
FFFF3133
0000C4CC
FFFFC9AE
FFFFC3D2
FFFF5BA2
FFFFFE97
0000579E
00005E90
FFFF924B
00000D86
0000266B
FFFF9029
00000EE2
000072BC
FFFFE6C0
0000BEA4
FFFF96B3
00002860
00009AAC
FFFF6BE2
00004A1B
FFFFF9D2
00008855
FFFFA90F
00001341
FFFF9D5C
0000372A
FFFFE30C
00007661
00002532
00002870
0000A7B7
00008545
0000175F
FFFFE5CA
FFFFB81F
FFFF7085
FFFFC3AF
FFFFF910
FFFFB7D1
FFFFB00F
00005B8B
000010BD
FFFFA29A
0000682F
FFFFE542
0000BA51
00006ADD
00002C49
FFFFDDFD
FFFFD2B6
FFFFE1BD
000021F8
000024A1
FFFF7306
0000FF04
FFFFF59E
00004A64
0000F5DE
00009B23
FFFF5FB3
0000491A
00000A4E
00002199
000086D5
FFFF8B00
0000181A
FFFFFC36
FFFF8229
FFFFE086
FFFFA973
00007B3D
00001921
000079BD
FFFFBE81
00003D37
00003271
FFFF7A61
0000E7D7
00003736
0000180C
0000A8FD
000019BB
FFFFAF92
00005B24
00000644
FFFF6A93
00003F73
FFFFABD4
FFFFAC30
000062ED
FFFFC6CE
0000C01D
00005336
0000330B
FFFF1A39
00000B21
FFFFFAAE
000089C4
00007201
00001128
FFFFFC79
00008351
0000AF7A
FFFFAD73
FFFF986D
FFFFA773
FFFFA053
0000F6CB
FFFF9C80
00005975
00005C8E
FFFFF916
00005460
FFFF8444
FFFFD719
FFFF7C44
00002FC8
000079A2
FFFFAA66
FFFFFE83
00006D7D
FFFF6594
FFFFC51F
FFFFCD6B
FFFFEA5E
FFFFB9EE
FFFFDF87
FFFFE4E6
00005E78
00005A37
000042F6
FFFFD9B4
FFFE433B
FFFF52E2
0000DAC4
00003B59
FFFFE474
00001320
00005462
FFFFEF7B
0000E8D8
00000708
00005ADF
FFFFB50A
FFFFF08A
000024D9
FFFF903A
00006684
FFFF8372
00006A24
000045CB
FFFFAEB5
FFFF8ABE
FFFFED67
FFFF5670
FFFF403A
0000772E
00007253
00002EA2
00007FA3
0000A230
00003D07
00006C88
000007A2
FFFFBE31
00005DAD
0000699A
FFFF99EC
FFFFB301
000053F8
000024C5
FFFFB415
000005C5
FFFFECF6
000005FA
00000965
00010434
0000CCB8
FFFFD550
FFFF7001
00005F12
00005403
0000036C
00008FA1
FFFFFCF0
FFFFB6F7
FFFFEF0F
000032F8
FFFF71AF
000045E4
FFFFFEAF
FFFFADB5
00003AB2
FFFFF35D
FFFFF1B8
FFFF9608
00003CCD
00006AA6
00002BB2
00004565
FFFFEE37
000060BC
FFFFD1E8
00001BEE
FFFFDC21
FFFFBB0C
FFFFDB6D
FFFFE82E
FFFFBC13
FFFFAA1B
FFFFF246
FFFFC3E3
FFFFFE19
FFFF58DE
FFFFB040
000061E0
00008A3D
FFFFB16B
00005466
FFFFFBCD
000035C6
000025AF
FFFF9A26
FFFF4E02
00007103
00001359
FFFFDA2F
00004AA0
00005583
FFFFAFBD
00003416
FFFFF886
00002949
00001733
FFFF9714
FFFF25EC
FFFFAE59
FFFF7933
0000C24A
00009F60
FFFF70F5
FFFFCEA1
FFFF9D96
00005C7E
FFFFF7CC
0000624F
FFFFFF3D
FFFFA028
FFFFBEA1
FFFFD201
00007468
FFFFEEED
FFFFEA85
FFFFDDDF
00002264
FFFFD706
FFFF7567
FFFFADBC
0000411E
000083B7
0000915A
000063C3
00004B81
00001D5A
FFFFFE19
FFFF87F5
FFFFFE3B
FFFF29AD
FFFF917D
00001CDD
FFFF74B0
FFFFFC63
FFFF32DC
FFFF773F
00003FF7
00004F16
0000A91C
000065A4
FFFFD678
0000346C
00006D7D
FFFF6EC0
FFFF9297
00013DBF
FFFFE100
FFFFFD16
00001357
00000021
00009324
000048B4
0000134C
FFFFCC6D
000023FC
00009057
FFFFCF21
FFFFE15B
00009645
FFFFDCD3
000007A7
FFFF47FF
00005C72
FFFFE223
FFFF53A8
0000464E
00005079
FFFF7145
00009E47
000033F5
FFFFC5B4
FFFF9371
FFFFE05B
0000054E
FFFF8A9C
00001F0F
FFFFA5B4
00003986
00005309
000075CC
FFFF7347
FFFFA7FD
FFFFFF5F
00003E0C
0000C210
0000181E
000062B1
FFFF9A77
0000FB34
FFFFECDA
00006112
0000B51F
0000562E
FFFFBB03
FFFFABCF
0000AC69
0000098C
0000448D
FFFF9412
FFFF65DB
0000A68B
FFFFCF96
000074B6
FFFFAAD0
00006276
00002F2F
0000A5D6
FFFFB410
FFFFE299
000015F2
FFFF3A54
FFFFF6E0
00007265
000067FB
00003457
000115E7
00004D6C
0000177A
FFFFA709
FFFFE05F
000009BC
FFFFEACA
FFFFD336
FFFFB07A
FFFFC880
FFFFA8D9
FFFF9966
FFFFCBAC
00005838
0000923C
FFFFC48F
00005EC2
FFFF9861
FFFFE397
FFFFDBA4
00003FE5
0000613D
00006D29
000084CC
000099B7
FFFFE8E3
FFFF8678
FFFF8893
FFFF4C8F
0000681C
00001DF2
0000A3E9
0000808D
FFFF6165
00003851
000020F4
FFFF8939
FFFF1055
0000DC92
0000F320
0000B9ED
FFFFCECD
FFFF68D4
00001237
FFFFCFC0
FFFFC9D3
FFFFD118
000038A3
00003F7C
FFFFD01E
FFFF1A44
FFFF9B00
FFFFE3C5
00003556
FFFFBF58
00001B81
FFFFB0CB
00001933
00011998
0000F4B7
FFFFC905
FFFFEE83
FFFFED72
FFFF8B6D
00000C7C
00002B34
0000E39C
FFFE94ED
FFFF20C2
00011808
FFFF1521
FFFFD458
FFFFFAF8
FFFFB593
FFFFF804
00001482
00008D48
FFFFF9D0
0000F47F
FFFFD10F
00001671
000002B0
FFFFCEB6
FFFFF0E4
00002722
00001DEF
00001AC0
000021F7
FFFFE0DB
000029FD
FFFFCDC4
FFFFEE84
00002726
00000BDC
00002020
000000AE
FFFFE08A
000006BD
00000E1E
0000249A
000002CF
000015E7
00002A2E
000042A0
00003164
0000064C
000005C6
FFFFD2B6
0000350E
000005E8
FFFFF2A6
00000088
FFFFFD91
FFFFCC1C
FFFFC931
FFFFE067
000013BF
000029A1
FFFFF84E
00000D87
FFFFCE80
000042B5
FFFFA3D1
00000059
FFFFD5B1
000004DE
00001885
FFFFF808
FFFFE2DC
FFFFDC8D
0000349D
FFFFD7DD
FFFFF3D3
FFFFF6A8
FFFFE5B2
FFFFD4BF
00000FB9
FFFFD8EA
00000791
00000087
FFFFE686
FFFFFDA2
FFFFF29E
FFFFF1D5
FFFFBE8B
00000BBA
000027EB
FFFFEA71
FFFFDEAE
000003E2
00001768
0000159F
000032D6
00001E3B
00004DA8
00003E6A
00006246
00002E97
FFFFB6F8
000027DC
FFFFEB24
FFFFF4DC
FFFFDD92
000017EA
FFFFEAA9
000003BC
FFFFF842
00002BA9
FFFFEDDF
0000034C
FFFFEE42
00002F58
00002043
0000290A
FFFFE6B4
00001524
00001A5D
FFFFEF4D
00004124
FFFFF0E5
00002BBD
FFFFDAD2
FFFFE431
00001177
FFFFFB46
FFFFEF10
0000095F
FFFFD71C
00003D2D
0000336C
FFFFFD6C
00000827
000008C4
00000E35
00000964
00001848
00003654
00000294
000016F2
FFFFEEBB
00001674
000026F2
FFFFFC5C
FFFFE44D
FFFFBF23
FFFFE2D2
FFFFF584
FFFFEAA5
00003B0D
FFFFF73D
0000057B
FFFFF2C6
00007C97
FFFFE917
00004156
FFFFF14B
FFFFC086
FFFFE566
00000CA5
FFFFAC0D
000007A0
FFFFC959
00002834
FFFFFB34
FFFFFE30
000022E0
0000326F
000022C6
00000D26
FFFFFB3F
00002649
00001BA5
FFFFDCAB
FFFFD5CE
FFFFDA29
00000361
00001463
00006A43
0000061C
FFFFD872
00001503
000030BB
00003C64
FFFFE95E
00000FAA
0000132F
00002905
FFFFE87D
00000C0F
00000BEC
00003D9C
000046A3
FFFFE809
00003616
000010E7
FFFFD952
00001B25
000022E1
FFFFF23C
FFFFEB38
FFFFBB2F
FFFF2518
FFFF6547
FFFFDBAD
000021A1
00001C73
00001D82
FFFFE063
00001A8A
0000015E
000032CB
000011C4
000023BD
FFFFC88D
FFFFEFD2
FFFFD629
FFFFE0C5
FFFFC8F6
FFFFE5F7
FFFFD6E7
FFFFD439
FFFFE35D
00001031
00000449
000038F6
0000106F
FFFFF287
0000256F
000005A0
FFFFE099
FFFFCD8B
FFFFCB46
00000014
FFFFF4DD
000007E0
000019CA
FFFFBF6B
FFFFFF11
00002EF8
00001B05
FFFFD73D
00004651
FFFFBB90
FFFFFFCC
0000061A
00000E5E
0000256A
00002BF9
FFFFC8BE
0000031B
00000DF5
FFFFE75A
00000CE1
00000812
0000240D
000038DF
FFFFDE28
000030DF
00000220
FFFFE231
FFFFBD56
FFFFC112
FFFFB973
FFFFD709
00001FB2
0000307D
FFFFE961
FFFFB2EE
FFFFFB78
FFFFEF04
000052D8
00000C1A
FFFFE8B1
00001C29
00001922
FFFFB554
FFFFFCFF
000001ED
0000286D
FFFFE8EB
FFFFF572
0000022E
FFFFF058
FFFFCC07
000013A3
FFFFE460
FFFFFE66
0000208D
0000318C
FFFFC90E
00001FD3
FFFFF8D4
00001065
00002FE2
FFFFD9AA
00000C7F
000032BB
000004FE
FFFFE71C
00002A20
00000656
00002128
FFFFF4FF
00000E13
00003ED8
FFFFF849
FFFFE277
FFFFD818
00000554
0000020F
FFFFEFCF
0000135C
00003151
FFFFF971
00000406
FFFFF3E3
0000324D
000042AD
00001C8D
FFFFE51C
00001248
00006853
00005664
00001CB9
00003460
000012D6
00000DB7
00001769
00002DC7
FFFFE7CF
00001289
00002C3B
FFFFD43E
FFFFD5D1
00002603
00001269
000015A6
FFFFDCA5
FFFFE485
000027B6
FFFFFC40
FFFFEA14
FFFFE2D4
FFFFE54B
FFFFE012
FFFFDE6C
00000B93
00001D0D
000034D3
FFFFE9F9
00003C1B
00002581
FFFFF2F7
0000235B
000048AA
0000073C
00000662
FFFFEF0A
FFFFD29C
FFFFD6BE
00002BE8
0000337E
00003CD1
000028DF
0000088D
00003852
00006265
000026FA
000003C1
000022C6
000044B0
FFFFDD6F
000005C1
00001FF2
00001673
000024DA
FFFFFC29
0000188C
FFFFFF8F
FFFFFAC9
00002C82
FFFFBCB7
000005EB
FFFFFF5B
00003C70
FFFFFDBB
00002189
FFFFECD7
00001D57
FFFFF4E8
FFFFF492
0000079B
0000373D
FFFFC593
FFFFE90B
FFFFED29
000027CD
FFFFE102
00004A13
FFFFD3B1
000004E2
FFFFEA0A
00001A9C
0000396A
FFFFC879
FFFFE660
FFFFF0C3
FFFFF5EE
00004003
00002AA8
000024AE
00001EE5
00002F93
FFFFF016
FFFFEA1F
FFFFEB93
FFFFDFED
00002A2E
00002FEB
00000848
00002A65
0000208B
00000EA5
FFFFD61D
FFFFE612
00000B4A
0000450E
FFFFDFC2
FFFFD1F5
00004F08
FFFFD8E5
00000762
FFFFFBB0
FFFFEC25
00000FCD
FFFFDE8E
000007ED
00001C58
0000184F
000011A0
FFFFDF98
FFFFFD64
FFFFD9A9
FFFFB49C
0000243A
0000035C
00001A1C
FFFFA3AC
FFFFC37E
FFFFEF96
00002A6B
FFFFBF5A
FFFFF4BE
00000C89
00002979
0000008B
000018A6
FFFF9AED
00001122
00005E65
FFFFC432
FFFFECB3
0000432C
FFFFE6DD
000004D4
FFFFCDCC
FFFFD8B6
0000160C
FFFFC01F
FFFFBAEF
00000448
00003206
00002489
FFFFFE93
FFFFFB6C
00000D9A
00000BAE
FFFFEF7F
00000988
FFFFFB4D
000001F0
000038CB
00003EBB
FFFFD918
00003C08
0000448F
FFFFE738
00001842
0000320D
000004AF
0000409F
00001019
FFFFDB99
00000A17
FFFFED26
FFFFEBFD
00000A19
00002068
FFFFE1CC
00000F0A
00004235
FFFFFEAD
FFFFFC95
000013FF
00000C42
00002F0F
00000729
FFFFFD86
FFFFE962
FFFFCF0A
00001621
00005025
000001FF
FFFFE605
000022D4
00002638
00002100
000005D6
FFFFBB63
000003CB
00002026
FFFFF975
00002522
FFFFFD4E
000006C1
00003D47
FFFFEEFA
FFFFFEEB
00001007
00003CBF
00002537
00003998
00003BA4
00002FDA
0000091C
00001A74
00001ADB
FFFFE7F6
FFFFD8DB
00002835
FFFFF354
FFFFF50A
FFFFD69D
00003042
000012FC
0000372C
00000889
00004C4E
FFFFE2B2
00002325
00000AB0
FFFFC4D7
FFFFEFD8
000050AF
FFFF9EE0
000017FD
FFFFFE58
00000CD5
FFFFEF6A
000037E2
FFFFE8C2
00000144
FFFFE9DE
0000361C
00001ABA
FFFFC962
00004445
000003F8
FFFFEF09
FFFFF294
00004681
FFFFFA88
FFFFBC48
FFFFABC5
FFFFDB02
FFFFF8B5
FFFFB055
00001164
FFFFE703
FFFFE961
0000212F
000009F7
FFFFD6DC
FFFFF4DB
FFFFE30A
00006622
00001E3E
FFFFF04E
00004491
FFFFE0CE
FFFFEE22
0000221A
FFFFD681
FFFFF6FA
00004084
00002C63
00005DEE
FFFFCDF4
FFFF8D51
000077E9
FFFFF88D
FFFF63D8
00002005
000008DF
000001B1
000051D8
00002879
FFFFE0D4
00001D6C
FFFF8349
FFFFC3F5
FFFF9848
FFFFB95D
FFFFCC52
0000232C
000028E1
FFFFC547
FFFFD6D4
00007D05
00004073
FFFFD274
00000537
000017D2
0000635C
FFFFDC23
FFFFFD87
FFFFF371
000086DD
FFFFB985
FFFFFAC0
FFFFBCBC
FFFFB8F1
FFFFEC2D
000063BF
00008325
FFFFD562
FFFF7C94
FFFFC664
0000415C
00002BF0
00003686
FFFFC89F
FFFFEA6B
FFFFCC52
FFFF93E3
000008BF
FFFFF181
FFFF8DD8
00008235
FFFF995F
00006BC3
0000330F
00004994
000011C0
FFFF950E
FFFFCD3A
FFFF9EA7
00001B16
00000668
0000510F
000051CD
FFFFF0B6
FFFFDD8A
000030A4
FFFF8C66
00002FF6
FFFFC9A8
FFFFA2D3
FFFFF7D7
0000B4C7
00007689
FFFF48A2
00005C1D
FFFFCCDB
FFFF9AAC
FFFFF7A6
FFFF5D1A
00005202
FFFFEE7A
0000161C
FFFFCA34
0000724F
FFFFC439
00002FF6
FFFFF5C7
FFFF9DD7
FFFFC309
00001E40
FFFFEBEA
FFFFF875
00003EF8
00003EEC
FFFFEF95
0000456C
FFFF8A39
0000603E
FFFFA3EC
FFFF99F7
00005BC9
00001E6C
FFFFFB9E
00001703
00001591
0000417F
000051B5
0000399E
FFFFD2F2
00002301
FFFFE89D
FFFFC77D
000017BB
0000653F
00003FCF
FFFFFD06
00004F57
FFFF918F
FFFF6BDF
00006A0E
FFFF91DC
FFFFB0E7
FFFFBD41
FFFF993A
FFFFFF7B
FFFFDEA9
00001D79
FFFF96AD
FFFF9E99
FFFFAF9C
00000CEF
FFFFB626
FFFFD565
FFFFC66E
FFFF61D5
000070A6
FFFFE4DA
FFFF726B
0000939B
000035F5
FFFFB24C
00005111
FFFFF777
FFFFE359
00003027
FFFFC911
FFFFFD17
00002635
00000E0E
00002ADD
00001A6B
FFFFF965
FFFFEDDB
FFFFE7D0
000000F6
0000040D
FFFFBE8E
000059AE
FFFFF687
000015E5
FFFF97B8
FFFF9D5D
FFFFF0D6
00000BC2
FFFFBB8B
00003896
00003BE3
FFFF9E90
00003F86
FFFF5A20
FFFFA6D0
FFFFE679
FFFFC4A6
000041B1
00003717
00002753
00004BC9
00004EC1
00000821
00005661
FFFFECB4
FFFFC787
FFFF09D9
FFFFAC53
FFFFAAC1
00004D30
FFFFA3F4
FFFF3EDA
00003C6D
FFFFCAA3
FFFFCB60
FFFFAAF7
00004C5A
0000A3AC
00000A03
000037BE
FFFFE284
FFFFB736
FFFFBC35
FFFFFB9E
FFFFD4DE
FFFFFF22
FFFFD4CD
FFFF5B68
000064CB
00006AAB
FFFFC792
0000312B
00004A1F
FFFF906E
000001CA
FFFFD0A8
FFFFE7F6
00001BE6
FFFF6C5F
000012AE
FFFFA0CC
0000031D
00002320
00005C9E
FFFFD937
000082E7
FFFFBF7F
00001F5F
00005318
00003FE6
00002ED9
FFFFC37A
FFFFBEA9
FFFF8712
FFFFDE32
000033D5
00003273
00003679
00004B8A
00009CA9
0000B58F
000002BE
FFFFE627
FFFFCE76
FFFF8768
000020B3
FFFF5F04
FFFFB55D
FFFF9CD1
00009D81
000047ED
FFFFC7A8
000098FD
FFFFB639
000051FA
FFFFCA07
00001371
00004565
FFFFFC1B
00002D4C
00004939
FFFFE481
00000207
FFFFFF7C
FFFFD68D
FFFFBCF7
00005A4E
000006F3
FFFFEDF5
000029F5
FFFF88E8
FFFFBF34
00002D44
00004F3C
FFFF3BE5
FFFFC94B
00001CEC
FFFFE6AB
FFFFF2C7
FFFFEA67
FFFF9F17
0000180B
FFFFE6DF
FFFF584E
00000572
FFFFF3D6
00003C5A
000058EA
00002382
FFFFC448
00004611
00000100
FFFFC933
00000C49
00003629
0000210F
FFFFF0EC
0000073E
00003468
FFFFDC41
00002575
FFFFEF3B
00006240
00000EF8
00006A2F
0000266F
0000618B
FFFFD6DA
00000B4B
FFFFB2FA
FFFFB415
FFFFD8D4
00007A0B
00002CE2
00001024
00005240
FFFFADB6
FFFFDC6D
00004B12
FFFFF6EC
FFFFC20D
FFFFB582
000032B2
FFFFB396
FFFFFAD0
FFFFF39A
FFFFCBA6
FFFF900C
FFFFFE5D
00004AEA
FFFFBDCE
FFFFF8F1
000041EF
00002F5B
FFFFCC25
FFFFE037
00002FD9
FFFF87B2
000018F8
FFFFDFE0
00002228
FFFFB147
FFFF75F1
FFFF86FF
0000055C
FFFFBA58
00001E9E
0000495F
FFFFD592
FFFFF085
00002327
FFFFE8D9
FFFFD461
000044AE
FFFFCA23
FFFFDFA9
00001207
00003E39
FFFFEC92
0000275B
FFFFC711
FFFFC3EF
00000213
FFFFDBA8
FFFFD2A0
FFFF3E1B
FFFFC79F
00002738
00002276
FFFFAF26
0000562B
FFFFE946
FFFFEE8F
FFFFA08F
FFFFBCD4
00008BB1
00003E8C
FFFF8969
FFFFF573
0000789A
FFFFD6EF
FFFFD048
FFFFD0F1
FFFF9909
FFFF40B0
FFFFF2AF
00009C0D
FFFFBF63
00002644
00004D52
000061B0
FFFFFCF3
FFFFD949
0000619F
FFFFAD56
FFFFC4B5
FFFFC594
FFFFE73A
FFFF9D55
000043B9
FFFFC00C
000029B6
FFFFE93D
FFFFBA43
000003B2
00001663
FFFFD741
FFFFD885
00003E98
FFFFF244
0000591A
00005E2D
FFFFCAAD
00002989
FFFFDE26
FFFFA71F
FFFFA812
FFFFE77D
FFFFFDB1
00000D5A
FFFF95C5
00003179
FFFFE5D5
FFFFCD1D
00005A9D
0000376C
00000738
000006F9
0000624E
FFFFDEE7
FFFF6A82
FFFFFD45
FFFFBCA6
FFFF24B9
FFFFD9DD
FFFFEDF6
FFFF900B
0000405B
FFFFE80B
FFFFC75D
000037C4
00005C11
FFFF5F7C
00003A33
FFFFB9DD
FFFFC584
00001BBA
FFFFBD0E
00006E8E
0000522A
FFFF93D3
00001FB2
000025C3
00000924
00000C1F
00005399
00007345
FFFF9E09
FFFFB603
000010FC
FFFFA102
00002ED6
FFFFDA1C
00001A8A
FFFFEC4E
FFFFBB79
FFFFEA2C
FFFFA6CA
FFFFB6F2
FFFFB422
FFFFBAA8
000071AF
FFFFFD52
0000272E
FFFF9FB6
FFFFDEBE
FFFFBF3F
FFFF7D98
00006013
FFFFE7AC
00006C1E
FFFFA650
00001380
00007690
00005D3D
0000393D
FFFFC728
00002DED
FFFFEB79
00007E7B
00000724
00001467
000055CD
FFFFA7AC
FFFFAE91
000023CD
00001CB0
FFFFB35F
FFFFC732
FFFFB5AB
000065D7
0000CC5A
0000360F
FFFFF151
FFFFBC94
FFFFF24E
00004F2E
0000003F
00003E68
0000249E
FFFFD8D3
000002D3
00001034
00002072
FFFFDDED
FFFFB986
FFFFA3C5
00004302
FFFFA2AD
0000349C
FFFFE7D6
FFFFFAB4
00000F66
FFFFEF26
FFFFF897
FFFFD837
00001903
000064A7
FFFFEABC
00000C2B
0000843F
FFFFB482
0000244D
FFFF8789
0000086F
FFFF9DDD
00003313
FFFFF7B9
00000997
FFFFB7E9
00007D2B
000093DF
00001890
00003786
FFFFAC75
FFFF7030
FFFFFA3D
FFFF4A6C
FFFFC45A
000099F0
FFFFC763
FFFF6524
FFFF178A
FFFF867B
00005882
00000A77
0000129B
FFFFEC5A
FFFFDEEB
00003A8D
FFFFCBEC
000026F4
FFFFEE03
FFFF9FDA
0000D169
FFFF969D
00001406
FFFFDCBA
FFFEEC3F
00000AF9
FFFFC961
FFFFF2A1
FFFF9C00
000066B7
FFFFDF9F
FFFF57A2
FFFFB437
00003266
FFFFF804
FFFFD4AA
FFFFD71E
00002BFF
00000123
00000A97
0000200B
FFFFF58F
00001EC7
FFFF951D
FFFFBC19
00001AF8
FFFFEEBF
FFFFF096
0000102B
FFFFFF4D
FFFFC3C4
FFFFFDD9
00001981
00005314
0000025F
00001A03
FFFFBF45
00004EA5
0000050D
0000216E
00002D5F
00000E22
0000047F
FFFFE633
FFFFB8F2
00005065
000017C4
000004C2
00001199
0000283A
00001D05
000008B2
0000083F
FFFFEB5A
00000992
FFFFFC15
00005373
00001E08
FFFFB46A
000017B1
00001E4E
FFFFD8B7
FFFFCA15
0000158F
00005B68
00002144
FFFFCFB3
0000177B
FFFFDBFA
FFFFFE71
FFFFDF4C
FFFFECA1
FFFFBD18
FFFFF58D
FFFFF641
00004CEC
0000302D
FFFFEE47
FFFFE177
0000417A
FFFFF7F8
FFFFBD92
00003370
FFFFC4D9
00002491
0000128F
000014BE
FFFFF6DD
00003EEC
000013EC
FFFFB302
FFFFE093
00004170
FFFFCCBB
0000042D
000034EF
00004859
FFFFDC44
FFFFF1C9
000019A5
000020D2
00001DAB
FFFFF514
000020C6
00003C76
00000CFA
FFFFDBAC
FFFFCECD
FFFFF99D
FFFFF29C
FFFFCF48
FFFFEA6E
00001F89
00000746
FFFFD617
FFFFC740
FFFFFF64
FFFFD94B
FFFFE22E
FFFFE700
00002938
00000766
0000260B
00000B2B
FFFFD5AD
FFFFDEBE
FFFFF899
00003305
FFFFB0DA
00002998
00002F71
FFFFD313
000022F0
FFFFB2D2
FFFFBE07
FFFFB9A9
00000484
0000008C
FFFFC525
00001641
00001238
0000273F
FFFFD1E1
00003E3B
00004683
FFFFC023
FFFFF1D9
FFFFFAE2
FFFFE2BC
FFFFC342
FFFFD675
00000167
FFFFA4AC
00004FC5
000004A5
00002EFE
FFFF933D
FFFFA13E
FFFFFF1C
00004AF7
FFFFD9C9
FFFFCC9B
0000049C
FFFFFF4B
00001541
FFFFF64F
FFFFEFA0
000012C6
00005559
FFFFE80E
00003A05
000025EE
000053E0
FFFFC967
00001212
FFFFB1E0
FFFFAC9A
FFFFA9A1
FFFFF7B6
000004F8
FFFFC006
00003103
FFFFF1EC
FFFFE277
FFFFCE0A
0000023F
FFFFCFE4
FFFFEA7A
00004665
0000023C
000049BD
FFFFEF68
FFFFC3DA
00001A68
FFFFA93D
000057FB
00002C03
FFFFDFCA
FFFFE1C2
FFFFD561
000029A9
FFFFAB04
FFFF4BFC
00000A1E
FFFFEB6A
00001E59
FFFFE5E7
FFFFC175
FFFFF13B
0000335A
FFFFF618
000016BF
00002872
FFFFB087
FFFFFAB4
00004420
FFFFD729
FFFFF2B1
00001D4C
FFFFD89B
FFFFC97F
00000371
000006B4
FFFFD7C3
00001DB5
00000269
0000030D
00001D1A
000005E2
FFFFD018
00000B3F
000018EF
FFFFF060
FFFFA87A
00002E45
FFFFF661
FFFFE882
FFFFDAED
00003D56
FFFFDFDC
00000838
FFFFE334
00002B54
FFFFF1AB
00000895
00001AA5
FFFFCC2C
000022A8
FFFFF2D5
FFFFDA6D
00002255
FFFFBCE7
FFFF5BEE
0000507E
FFFFF346
0000316E
FFFFD60D
FFFFF793
00002DE3
00002C8A
00001983
00001B43
FFFFD429
00001B1A
FFFFB82C
00002489
FFFFDCF3
00000020
00002745
0000325B
00002E02
FFFFBFF8
00003CE8
00001CB1
FFFFC8A6
00000FD4
FFFFE64C
00000849
FFFFFE1B
000007F5
FFFFCDDB
000021EC
00001F37
00000D5B
000038E5
FFFFD826
00001698
FFFFF386
FFFFD02F
FFFFBB45
FFFFDCC5
FFFFEB00
FFFFF7C7
FFFFC5B3
FFFFAC72
000022E2
FFFFE364
FFFFA7D2
0000233D
000025A0
00000D6F
FFFFF770
00000208
FFFFE6A2
0000388C
FFFFEA5A
FFFFED91
00002592
FFFFA90A
FFFFBA8E
FFFFFAA4
FFFFD3DA
00002458
00001596
FFFFEBDB
FFFFE3F4
00000B1C
FFFFD1F9
00002404
FFFFFAF5
FFFFDEEB
FFFFD93B
00002A23
FFFFD83D
0000130B
00000662
00000F7F
00000DA5
00001B28
FFFFCE08
FFFFF73E
FFFFE585
00001C2D
FFFFD3A3
FFFFF01D
00004557
FFFFC88D
FFFFE1CE
0000228A
FFFFFCB9
0000308F
000003AA
FFFFBCFF
00000032
FFFFF3BC
FFFFFD97
FFFFF4C1
00000FC0
FFFFB558
00000B44
00005151
00003106
FFFFF989
00000E55
00004881
FFFFBA1A
00002E3A
FFFFDD50
00000D9F
00003E23
FFFFEA85
FFFFED67
00001AB8
FFFFF803
FFFFD62F
00001BD4
0000449E
FFFFC3A7
FFFFF2C2
00001245
FFFFEFCE
FFFFF4BE
00003190
FFFFECC0
0000061A
FFFFFA60
00000F49
FFFFF27B
0000404E
FFFFF8F6
FFFFD51B
00000B84
FFFFDB91
FFFFD612
FFFFEEA8
0000093B
FFFFBDFE
FFFFD258
00000FF4
00000CC2
00000CD3
FFFFFCE3
FFFFCCCE
FFFFBD22
FFFFCEC7
FFFF918B
FFFFBAB7
FFFFE79A
FFFFF36F
00007BF4
000036CC
00004D77
FFFFDE38
000030C8
00000144
FFFFFCD1
FFFFD935
0000169C
00002D37
FFFFD9E7
FFFFC39C
FFFFF7D7
FFFFFA1C
FFFFF29A
FFFFFF7D
FFFFA8CF
FFFFC221
FFFFDD49
FFFFE35A
FFFFFF55
0000063D
000006E9
000038B2
FFFFE315
FFFFF208
FFFFF1AC
00000FBE
FFFFDE2F
FFFFD840
FFFFE69A
FFFFF323
000002D3
00002AAD
FFFFFD9B
00001F46
FFFFCFF5
00002F99
000007AE
FFFF9F29
00001AA3
FFFFE094
FFFFD4D6
00002D1C
FFFFF028
FFFF8A92
00004D23
00000DF4
00002539
FFFFD4F7
FFFFE8E1
FFFFB9C0
00002059
000029E7
FFFFC1DA
FFFFBCE0
FFFFEE70
00002A33
FFFFB99B
FFFF9A60
0000157F
FFFFB41E
FFFFDBD6
00004AFB
00001D9C
00002D8F
FFFFD1AF
FFFFD726
00004A3E
000037B6
0000242A
FFFFEF4E
00000D31
FFFFBBDD
FFFF97AB
00005035
00000BE8
FFFFCE86
000063E7
000024ED
0000357C
000005D0
0000241B
000015B3
000037F6
0000084E
000016F0
000039BE
00002507
FFFFBAED
FFFFCE43
FFFFE2B2
000022E3
000017C3
00002F25
00002042
00002AD7
0000355D
FFFFF0D5
FFFFBFAB
FFFFD27A
FFFFCD7E
0000491C
00005A22
00000E08
FFFFD1F1
0000376A
FFFFDAEB
FFFFBB9D
FFFFE2F9
0000123C
00004768
FFFFEA03
FFFFF980
00004B79
FFFFD20A
FFFFDEB8
0000184A
FFFFB0E9
FFFFE808
FFFFC16C
FFFFE827
FFFFC459
000039DC
00002B63
000014DC
0000178C
000023DB
000025F2
FFFFEB64
FFFFB949
FFFFEEF3
FFFFBC47
0000519D
FFFFD5D8
FFFFD675
00001AAD
0000063D
00001169
00001817
FFFFCD58
FFFFCA13
00003F5C
FFFFE999
00002032
000005C1
000021B0
FFFFB11E
FFFFE527
FFFFF60F
0000724C
00001288
00002787
00003D24
000012EA
00001D14
FFFFF287
FFFFEBD0
000003EF
FFFFC8E9
FFFFE454
00001368
FFFFFBC0
FFFFD56B
FFFFD40D
FFFFD2EE
FFFFF7EB
FFFFA8FC
FFFFC340
00001A3E
FFFFC678
FFFFDA46
0000606A
000059FB
00001C25
FFFFFD5B
00005DFF
FFFFCA11
FFFFF18B
FFFFF286
FFFF8578
FFFFF783
FFFFC757
FFFFD6DB
0000348E
FFFFE5CF
FFFFD218
FFFFF583
FFFFE998
FFFFEF23
FFFFD826
FFFFCA26
000003C2
FFFFB616
FFFFFC2D
00000FFE
00000BF7
00001C45
00002DB1
FFFFD8EF
00001585
FFFFF9ED
FFFFEBB3
00001C0F
FFFFDB4F
FFFFD3FD
FFFFFC54
FFFFE5AF
FFFFFAA2
000021E6
000031FB
000009C2
00001797
00002F8E
0000018D
FFFFFE8A
000011B2
00004504
000033BE
00001BEA
FFFFE95C
00000F49
FFFFFB4E
000016F8
FFFFE69E
00001C77
00000C46
FFFFDEB8
000002E5
00000C95
FFFFD105
FFFFA8BB
FFFFB174
FFFFF00F
FFFFDF13
000000B3
FFFFE666
FFFFBC5A
FFFFFE31
000024AA
00000B52
FFFFCF19
0000136C
FFFFD25D
FFFFFFE4
00000A93
FFFFC8C4
00001A08
FFFFD48B
FFFFD0DD
FFFFEC9C
000012E9
00002CD8
00001849
FFFFE9A8
FFFFC518
FFFFE0B8
FFFFDA8E
FFFFD8AF
FFFFE187
00000C3B
FFFFE372
FFFFFF4E
FFFFF6A0
00000084
000023A5
FFFFEF33
FFFFF0CA
00001A66
000005AD
FFFFE86A
00000B56
FFFFFC52
FFFFBAFD
FFFFE194
000010D4
FFFFC4BF
FFFFDF8A
FFFFF782
FFFFE82E
00002F25
FFFFE913
00000D13
FFFFF257
FFFFFBA1
FFFFE9EA
FFFFDBA3
FFFFD8B1
000002F2
FFFFDEFA
FFFFF580
00001501
00001CB0
FFFFD09D
00002B0A
00001BCA
00001DA4
FFFFCB6D
00000362
FFFFEA6A
00000914
FFFFD533
000016D9
00002680
00001CAA
00000A70
00000D7C
FFFFF026
0000131F
FFFFCD3A
00000E2D
FFFFF988
FFFFFD9F
FFFFE8BB
00000D7E
FFFFFB50
00002020
FFFFF8D1
FFFFCF1A
FFFFFE1D
FFFFE159
FFFFBC2D
FFFFD788
00002E61
000006B8
00001DA5
FFFFE730
FFFFD5DD
FFFFF5B2
000039C5
FFFFF220
FFFFE708
FFFFF023
FFFFD482
FFFFE076
FFFFFD9C
FFFFFF55
00000E30
00002A27
00002113
FFFFE670
FFFFDFB2
FFFFE1BA
000032CB
FFFFFC77
FFFFF845
FFFFDA91
FFFFFCF1
00004069
00001154
000013F5
00001D02
00001970
FFFFC356
00000D62
FFFFC238
FFFFFC9E
FFFFD18A
FFFFD093
00000F2E
FFFFED48
FFFFFD3B
FFFFFC35
00000195
000018E6
00000332
FFFFB702
FFFFA46C
00003240
FFFFE1D9
000003C7
FFFFE9BC
FFFF8DE0
FFFFF8D9
00001F3C
00003312
00003293
00002F32
000032C3
FFFFF26A
FFFFEE30
00002821
000024D8
00000027
FFFFEB05
000035D1
000039C7
FFFFF0EA
000024CA
00000BED
FFFFDA0A
FFFFE597
FFFFEBF7
FFFFDE72
FFFFEAEC
00003F78
00000FB7
FFFFF8DF
FFFFE3CE
FFFFEA38
FFFFEC5F
FFFFDD08
FFFFB4B4
0000031E
0000040A
FFFFD3A9
0000246B
FFFFFDF6
FFFFF6F5
000034B3
000013FB
FFFFD811
00002A04
FFFFE800
000013F9
FFFFF4EE
FFFFEA76
000003E4
FFFFFCCE
FFFFF3E4
FFFFE82F
000017ED
FFFFEF27
FFFFDA1A
00002A75
00000B0E
00002258
00001E45
FFFFC01E
FFFFD77A
00000F7E
FFFFB10A
00000DC1
FFFFBBA4
00002A4D
FFFFC249
00000ED3
FFFFEFDA
FFFFE6BA
FFFFE6B7
00001BDE
FFFFBF78
00002857
00002C44
FFFFF1E0
FFFFD3DB
FFFFE5F7
FFFFFC3E
000025E0
FFFFFB78
FFFFD2E3
00001446
FFFFE444
FFFFE95B
000002DC
000015FF
FFFFE671
0000276F
000023E6
FFFFEF45
FFFFFDC4
00001EE3
FFFFCDA9
FFFFE734
FFFFD273
FFFFE040
FFFFE1EF
00000A0B
000005AE
000011DC
FFFFF885
00001A5E
FFFFD825
00000E81
000025DB
00001AFE
00001485
00001BFB
FFFFF623
FFFFE942
00000C34
FFFFD53E
0000192E
0000048E
00000831
FFFFDD97
FFFFC094
FFFFFEB7
FFFFE074
00001AED
FFFFFCEB
000009A1
00002F1C
00001092
FFFFF7AB
00000D75
FFFFF060
FFFFD0E3
FFFFEE83
000014F4
00000DEB
00001EA3
FFFFEAA8
000011C6
FFFFDC1A
FFFFFFEE
FFFFDC06
0000280E
000008E2
00002241
FFFFE1C5
FFFFF0DA
FFFFEA3D
FFFFD91C
FFFFFEE6
00002B6E
FFFFF411
FFFFCACB
00002AEC
FFFFEBAB
FFFFCD91
000017BF
FFFFEF81
FFFFE849
000028ED
0000103A
FFFFFCC8
FFFFC83E
00001736
FFFFFA7C
000024C2
00001B8E
FFFFF2B3
00000FC4
0000183A
FFFFFB1E
000012C0
0000112E
FFFFEBB0
FFFFDB04
000031B7
00001CD0
FFFFE4CD
FFFFB96F
FFFFFE35
FFFFCEC2
FFFFCE99
FFFFEFBF
000020DE
FFFFDBD8
FFFFD8A7
0000234F
00002159
FFFFF2DA
FFFFD899
FFFFE672
FFFFF4C0
FFFFFAD0
FFFFCAA1
FFFFE269
0000434D
FFFFFCE5
00000EE1
FFFFD994
00000C00
00000A90
0000145F
FFFFD52A
00001C06
FFFFCBAC
00002713
00000839
FFFFFD1D
FFFFD6BE
000005D9
FFFFDC97
00001160
FFFFCCC5
FFFFC52B
FFFFEE27
0000127B
FFFFBEE9
FFFFD9E7
FFFFF7C7
000001BC
00001CBD
FFFFDD51
FFFFC867
FFFFE599
FFFFDCA4
00002274
FFFFF7F1
00001C43
00001D22
00000AF3
FFFFD07B
00001524
FFFFF6A7
000001A1
00000890
FFFFDC24
0000080A
FFFFD713
000005DB
FFFFFE84
FFFFC6F7
FFFFE06B
FFFFEE27
FFFFFDE5
0000018B
FFFFE270
00001EA3
FFFFDB01
FFFFDA36
00000A5E
FFFFB75A
FFFFE8A8
00000532
FFFFF517
FFFFD9CE
00004733
00000066
FFFFE82E
00001620
FFFFFAF2
FFFFE82A
00000F7E
00001EBC
00001496
FFFFF3B0
000019C6
FFFFF211
00001756
0000184A
000027C0
00002B09
00001EEF
0000125C
FFFFE9BD
FFFFDDB7
000006C7
FFFFCB32
FFFFFD36
00000CD1
00000748
FFFFCECA
FFFFFF54
00001917
00001B46
FFFFFEE3
0000109E
FFFFF346
00004CDA
00001CD6
0000368D
0000432B
00002F1F
FFFFF9C5
000013A6
FFFFE595
0000333A
0000213B
FFFFE25B
FFFFD0F8
FFFFE98F
00002FEC
FFFFE8D7
FFFFE3C1
0000066E
FFFFF2FC
FFFFE08F
FFFFD9B6
00001E53
000015E2
FFFFE227
FFFFF3BA
FFFFD038
FFFFF7D3
FFFFFEF9
FFFFE119
FFFFDC3A
FFFFE794
000032DF
0000274D
FFFFC35C
00001A4B
00002A75
FFFFEE3F
FFFFF9CA
00003263
00002979
FFFFDD05
FFFFBDA6
0000301A
00000FAF
FFFFF2C3
FFFFC305
FFFFFDE2
000017C6
00000659
FFFFF24E
FFFFD130
FFFFD648
FFFFE5E1
FFFFCB3C
FFFFF553
FFFFFF42
0000236A
FFFFCF56
FFFFC356
FFFFE23C
000016D4
FFFFDEB9
00000A12
00002E1D
00004507
000011CC
00001ABB
00003B7D
FFFFF7EA
FFFFFA56
00000C69
FFFFE018
00000C2A
00001CAF
00000733
FFFFEDA1
0000239E
000024A6
00003ACD
00001CD7
00001E9D
FFFFE269
FFFFFBB6
FFFFEAE4
FFFFFD4C
00003E0E
FFFFED80
FFFFFF1D
000007AD
FFFFD2B9
FFFFCC86
000029D1
0000452E
FFFFCB6C
FFFFDF86
0000419B
FFFFF43D
00001E26
FFFFDF37
FFFFE105
FFFFC962
FFFFCC77
00000431
00002440
FFFFFBF3
00003B15
FFFFE299
FFFFD336
FFFFFC38
FFFFF376
FFFFF46B
00002C46
000020A3
000017FD
0000099D
FFFFEF18
FFFF9BEF
FFFFEBC5
FFFFC631
00001F12
FFFF7335
FFFFA0B1
FFFFC8F6
FFFFC26F
00000504
FFFF9C62
000034CF
00000751
FFFFE406
FFFFCD4D
000029A4
FFFFA043
FFFFAA12
000035F3
FFFFE864
000053F4
00001CDF
00005859
FFFF6C29
FFFFFD88
FFFFD8C7
FFFFF6A6
00000F0E
000004A0
FFFFD4BE
FFFFCCE0
FFFFFB03
FFFFC4C4
FFFF712A
FFFFF6D5
FFFFF295
FFFF8314
FFFFCB81
FFFFB947
FFFFB80B
FFFFD7D2
00001A7A
FFFF6F85
000035E9
FFFFEAA4
FFFF310F
FFFFF5BF
FFFFA74D
000035E7
FFFFAC36
00005F24
00001EF2
0000052C
000036DD
00005196
FFFFC44F
00003B2A
FFFFD334
FFFFDEDC
FFFFB14F
00004CD2
00000168
FFFFEB27
FFFFF53B
FFFFA16E
FFFFC21E
FFFFA32C
0000131F
FFFFF512
00006742
00000556
0000319B
00002986
00002B5B
FFFFC073
FFFFACE8
FFFFF3D5
0000109C
000019D3
FFFFB902
FFFFDEFF
FFFFF6ED
0000000A
000039CF
00001661
FFFFDE1F
000015D1
FFFFE02C
0000380A
FFFFF9E1
FFFFDFB2
FFFFE8CC
FFFFF6D6
FFFFDB8C
00004D14
FFFFDA4B
FFFFF058
FFFFF2DF
FFFFD8A2
FFFFDC41
00001FDD
FFFFCAEB
FFFFF958
00001095
00003A8A
000003A0
FFFFD32D
0000235C
FFFFC22D
00001C92
FFFFEAFD
FFFFC8FB
00001DDD
FFFFE3CD
FFFFD66D
FFFFF218
FFFFD3EF
00006488
FFFFF017
00000BB0
0000417C
FFFFB1A3
FFFFFE4C
000013BE
000027C4
FFFFEF47
00002145
00003662
FFFFD4CE
FFFFF5CB
FFFFD841
FFFFE084
0000118B
00001302
00000201
00005253
0000253B
00001838
FFFFD1E1
00005557
00009D8C
FFFFE2B1
00004ADA
FFFFAA6C
00002888
FFFFE081
0000224D
00001DC0
FFFFE387
FFFFE8BA
00002C61
00003F7E
00000A2B
FFFFB90F
FFFFD99A
0000338E
FFFFAC3A
000059C2
FFFF8588
FFFFCAC0
FFFFD6FD
FFFFD52A
00000640
FFFFE654
FFFFA3F8
FFFFD761
00000F3F
00001FD2
FFFFE09F
00000BD8
FFFFC58B
0000317D
FFFFEC1D
00004077
0000378B
FFFFEEEA
00001CDE
00005D8C
FFFFE6F4
FFFFE736
000053C4
FFFF65F8
FFFFA898
FFFF6CD5
FFFFD250
00004817
00001CDD
FFFFEDB9
FFFF3FCE
FFFFC5BF
00004CF6
FFFFA33F
00003681
FFFFD734
00001AE3
FFFF98F3
00002112
FFFFB107
FFFFC738
FFFFF2E1
00001DE5
FFFFCB4B
FFFFCDCB
FFFFB6B7
FFFFBE80
FFFFD9E4
FFFFBDA5
FFFFCD1B
00000B54
00001066
FFFF9943
00001441
000038EE
FFFFFB87
00003276
FFFFE820
00001D06
0000266F
FFFFCC4F
FFFFDEA6
00000A2A
0000746C
FFFFDC88
FFFF82EB
FFFFFD46
0000085F
FFFFD107
FFFFE893
FFFFBF24
00002427
FFFFBE7A
00002668
FFFFCE02
0000355A
00001588
000002F6
00006159
FFFF9D97
FFFFA3EF
FFFFF0B1
000071C9
FFFFE26C
000056B9
FFFFEEB7
FFFFEAFC
FFFF4324
00000106
FFFFA2B8
00003076
FFFF645E
0000045D
00002590
00002E7B
000020D4
00002EBC
FFFFADDF
000043BA
FFFFC4DD
000005F7
00005244
000060D5
00004947
FFFFE42E
FFFFBCC9
000008C2
FFFFC91D
000003DD
FFFFDD35
00005E8F
00003CDB
FFFFCC85
FFFFB273
000014FE
FFFFCFDE
FFFFD00C
FFFFE92E
FFFF8E62
FFFFC25C
FFFFD84B
00004B4D
FFFFC75D
000002BD
FFFFD647
00005B76
FFFFD270
00004B77
FFFFB964
000017D4
00000B50
00004AD9
FFFFE75C
00005F0F
000052B7
00003E62
FFFFC332
00000F20
FFFFC859
00005372
00002709
0000679C
000057D8
00005EE0
0000B359
0000202C
FFFFDE4F
FFFFE9E2
FFFFBF0F
FFFFE04F
FFFFBCB3
FFFFF65C
00001A4E
00001F27
000018DE
00002939
FFFFEED2
FFFFEC08
000068BC
FFFFF7D4
0000197B
FFFFBE96
000026C5
00006990
FFFF9440
FFFFC5D4
00000F81
FFFFCD7D
00005198
FFFFECC4
00003E58
FFFFE8B8
FFFFC2C1
00000925
FFFFCA84
00000C9B
FFFFCE39
FFFFD97C
00005394
00005C20
FFFFF2DB
00002703
FFFFE81B
FFFFEB48
00004AF1
FFFFE805
00002DF6
000007BD
FFFFACD7
FFFFB89C
00002006
0000225F
000038E2
FFFFDB18
00002727
FFFFFACC
000021A3
000066DC
00004938
00001D72
00000011
00000F3B
00005B8D
00002F2C
FFFFDB69
FFFFCC54
000013A0
FFFFEE34
FFFFD94F
FFFFEBDD
FFFFEC17
00002790
00003222
000005B1
FFFFF404
0000295D
000051BE
FFFFCB70
FFFFF90B
FFFFB843
00001053
00002CB6
FFFF9EC6
FFFFA4A1
000079F9
00001EF5
000051DA
FFFFFB1A
FFFFB3C3
00001773
000005FB
00002D5C
0000389B
FFFFBCDE
FFFFEFA7
FFFFA1D1
FFFFDFEF
000048E7
00004E0E
FFFFC54F
FFFFF93C
FFFFEF22
00000955
FFFFD219
00002D0D
FFFF9F6C
00002911
FFFFE7A3
FFFFD536
FFFFEB71
000052F0
FFFFB6D2
FFFFE401
FFFFB0B0
FFFFD8F4
FFFFFBB4
00002CDC
000003B6
FFFFB2A7
FFFFF2CE
00004155
0000A5C6
FFFFC2B0
000033CA
00002C2A
FFFFFA62
FFFFBFA8
FFFF7F0D
0000060B
FFFF7699
000060DE
FFFFB6CB
FFFFACBF
FFFFAAAF
FFFFFD92
00000D69
00001B62
00001B91
FFFFBC32
FFFFB6C2
FFFFEB48
00001E45
FFFFF71F
FFFFCCA0
000031F5
00001B21
000032DF
00003FB5
FFFFCEBF
FFFFAD99
FFFFCAB6
0000745A
00004C9C
000019C2
FFFFE8CC
FFFFB641
FFFFF80D
00001202
FFFFD49F
00001185
00000053
00000347
000050EF
00005372
00003E83
FFFFC2BD
0000888A
000016B5
0000711D
00007663
0000562A
00000CD9
FFFFB01F
00001DD9
00000D6F
00002CA3
FFFFDE28
000036A6
00000765
FFFFC998
FFFFF406
000016FB
FFFFFDA5
000023E9
000012A9
0000136A
00000E1E
FFFFD1D8
00001CF4
00001AFC
FFFFEF72
00000C50
0000415A
FFFFFD51
FFFFC429
FFFFD2E7
0000223C
FFFFEAAD
00003FF8
000050BE
FFFFD42D
FFFF8FB0
FFFF9F45
FFFFB8BB
00000EBB
0000037D
FFFF7F32
FFFFDE42
000013B9
0000161D
00001662
00003CF0
FFFFCFEC
00003573
00001288
00004726
0000295D
000029AD
FFFFC065
FFFFCCEA
0000244E
00002A20
FFFFC204
00003F97
FFFFD50F
FFFFE324
FFFFD57D
FFFFBCBD
000062E8
00004A90
FFFFCC81
FFFFD9A5
000031F1
00000D4E
000055C8
FFFFC18B
000025EF
000089D0
FFFFF1B3
FFFFA2D7
FFFFB9C6
00008A6D
FFFF91F4
FFFFE027
FFFFCDAD
FFFFFCF8
FFFFF869
00000FE8
FFFFDE19
000004CB
FFFFD3CB
FFFFFEEA
FFFFC1FA
00009CF2
000003F3
00001273
FFFFEA3C
0000A077
FFFFE9FE
00003937
000057CB
FFFFA75E
FFFFD331
FFFFC1D8
FFFFB3A1
0000370B
0000529F
FFFFA9BD
00000E54
0000100A
00005188
00000CA2
0000492B
000022DE
00005427
0000664B
FFFFD791
000046A8
FFFFF43C
00005B83
000056DC
FFFF9461
FFFFE25C
FFFFD6B9
FFFFD96F
FFFFA1B7
FFFFFADE
FFFF92B5
FFFFD136
00003BB7
FFFFE32C
0000144C
FFFFAF45
00000178
00000356
FFFFF909
FFFFD52A
FFFFBEEC
00002C91
FFFFFF25
00001C65
00000084
00002389
FFFFCBAD
00000A9F
00000C98
FFFFBB58
00000EDE
00003FC5
00002983
0000302B
FFFF4E18
00001C90
0000261B
0000277F
000049BD
FFFFB69A
00002958
FFFFE516
00008AC8
000039A7
00003E8F
0000005C
FFFF9E3C
FFFFF401
00000FCD
00002236
FFFF9D13
00001154
FFFFE9B1
FFFFCF19
FFFFFEA9
00002221
FFFFF33B
000053B5
FFFFD5AD
FFFF79C2
FFFFA69F
0000570F
FFFFCF67
00003B13
FFFFC298
FFFFADD0
FFFFE900
FFFFEDE3
00001299
FFFF8752
0000559B
FFFF94C5
FFFFF24E
0000217A
00002AA8
FFFFDCD9
00003258
FFFF8DE9
FFFFCC4B
FFFFB5DF
FFFFBE42
00000D02
FFFFCF3B
00003273
00007E4D
00000282
000009FC
FFFFB7E7
00005EA7
00001C8A
0000007B
00002E89
00003F6D
FFFFD222
FFFFA728
00003714
FFFFFE9A
FFFFFC43
FFFFE434
FFFFEC19
FFFFE398
00001DEE
FFFFFEED
000049A2
00000938
00001A47
0000166B
FFFFB8E4
0000523F
00000A43
FFFFDE0C
FFFFCB69
00000F60
FFFFA1DC
FFFFBC91
00005ABB
FFFFA1E2
FFFFE0EF
0000539C
0000442E
00002FD1
FFFFC465
FFFFDACF
0000261E
FFFFBE85
00003452
FFFFF6C3
FFFFE46F
FFFFA737
FFFFD614
FFFFC02F
FFFFCA0F
0000164F
000044DD
FFFFFDFA
0000039E
00003C5E
00001C3F
00000EAB
00004739
00002680
FFFFB415
00004BA8
00001205
FFFFD64B
00003AE9
FFFFD4D3
00002394
00005387
000020CA
00001845
FFFFE96A
000037A1
FFFFDBC2
FFFFC8DC
FFFFA92B
FFFFE8EF
00002193
00006955
FFFF65D4
0000780A
FFFFC186
000071F8
FFFF8801
00004604
FFFF9CB9
00002E8E
FFFFFC8D
00001A16
FFFFFF2F
000004D5
FFFFCC1E
00000E91
00000DEA
FFFFE58D
FFFFC4B7
FFFFD6B8
000027EA
00003E0A
00003B29
FFFF8E2B
FFFFC85A
FFFFADF6
00004CC9
000080D2
00002AB1
00003B47
000030E7
00002C46
00006248
FFFFBF18
FFFFF500
FFFF7EFC
00001CF5
00001DE5
00007204
FFFF961C
000018BA
FFFFBC0C
000002E8
00004A01
FFFFF83D
FFFFAC4F
00001598
FFFF92CB
000007C1
FFFFF025
00004499
FFFFF1BC
FFFFCFF9
00000980
FFFFD908
FFFFF137
0000555A
00002DC5
00000A9B
0000315D
00001EDD
00000E43
FFFFB04C
00002982
FFFFA1A3
00005426
FFFFE54D
FFFFEE66
000011FA
FFFFEEE5
00003B61
00001D10
00003145
0000302E
0000022B
FFFFB426
FFFFD3E3
FFFFA799
FFFFB310
00000DC3
FFFFA978
00000BF8
FFFFFD8B
FFFFA49B
0000528D
00004450
000006A5
00001A1D
000020F5
000028F3
00000DA2
FFFFDC38
0000DD8E
FFFFDC18
0000972B
FFFFE751
00005117
FFFFE72C
FFFFB478
00002BF9
000017A6
00003F50
FFFFA34F
FFFFAD83
FFFFAA98
FFFF999C
FFFFB99E
00003722
000043D9
00000B9C
FFFF966C
00003DF3
FFFF98BF
00001B8D
FFFFAF67
FFFFF8F8
FFFFB892
FFFFC6B0
00000352
00002851
FFFFD4BD
00003BF7
FFFFFBAC
000058C6
0000137A
FFFF9C58
0000089F
00006B7A
FFFFD5AF
FFFF9FE2
FFFFA44B
FFFFE310
FFFFCADA
00004090
FFFFF098
00003A34
FFFFEED0
000017F9
FFFFE724
00002ADF
FFFFB42A
0000675F
00008F94
00003A15
0000519A
FFFFD417
00000DB4
FFFFA1CD
000022FB
000005B2
00002B8F
FFFFD0CF
FFFFD100
FFFFD6D7
0000562D
00000809
00003155
FFFFF5EA
FFFFE859
00003488
00006CA2
FFFFFE9D
FFFFDA28
FFFFC2F1
FFFFB26C
00007699
FFFFE99C
00001DF0
FFFFA4D2
FFFFF06B
FFFF4447
FFFF96A6
000065CF
00000E3E
000008EC
00000ED2
00002A00
FFFFB8E2
00000CC3
00000D22
FFFFF98A
FFFFFF8B
00002B5D
FFFFD070
FFFFF4DA
000042DB
FFFFDEC6
000019BC
000057F9
000034BE
00004879
FFFFAB6D
00000746
FFFFC6A9
00005DA3
FFFFEAEB
FFFFB9AA
000079EB
00001F24
FFFFF00C
FFFFF646
00000787
0000269C
00002217
00002FC6
0000390A
000014C1
FFFFC733
FFFF880B
FFFFD96E
FFFFB7A5
00004931
00006945
FFFFE13C
0000076C
FFFFDB61
0000038A
0000462B
0000277D
0000171B
FFFFEC24
FFFF777C
00000F70
FFFF8648
0000059D
00004819
000009D5
00003823
00004D96
000008D3
00001277
FFFFFCDA
00002C2E
FFFFEB4A
00006CA5
FFFFA78A
00002948
00002EF7
00003E07
FFFFAA26
00003EF7
FFFFB08A
FFFFA216
00000BCC
FFFFD5BA
FFFFA708
FFFF7B52
000009CE
FFFFB296
00005712
00007439
00006431
00002E50
FFFFC026
00001602
FFFFB7AC
00003CFC
FFFFD0E5
00001B32
FFFFEACB
FFFFE4A0
FFFFE060
FFFFBCCC
00008C0C
000032CE
FFFFD909
FFFF83BA
00004A51
FFFFDF82
FFFFDDCD
00001EA7
FFFF77D1
00004325
FFFFF339
0000031D
FFFF4F1B
0000318D
FFFFB436
FFFFF550
FFFFCB54
0000801C
FFFFD48B
00000984
00003405
00008C46
00000C3E
000010F1
FFFFCD37
00005126
0000251A
FFFFC6F5
FFFFE612
000023A1
00000635
00003500
FFFFF871
FFFFCC7D
00001471
FFFFC0C6
00002BB0
FFFFFEF1
00001491
00002714
00000D7F
FFFFF01E
00006B6F
0000271C
FFFFA6AD
0000086F
000052CE
0000227F
FFFFB270
FFFFE936
00002792
FFFFBC46
FFFFD681
00002364
00006025
00003DEC
FFFFE90C
FFFFC1B3
000025E7
FFFFBF56
00001A26
FFFFDB7A
FFFFF013
FFFF7B72
00004C70
FFFFD4A0
00004107
FFFFDFE7
FFFF8EE5
0000046B
FFFFB553
FFFFAF25
0000548F
00003CAF
00001953
00003B9D
0000161C
FFFFABDE
000013C9
FFFF7814
FFFFE975
FFFFFF14
FFFFD7BF
000035C7
00006E77
FFFF8B08
000043B7
00002DD5
00003BEB
FFFFBDEE
00001584
000049C4
FFFFE94F
FFFFD177
FFFFE2BC
0000247E
FFFFC292
FFFFEC9C
00005C66
FFFFDBB5
00005F31
FFFFE5A9
FFFFAB7B
FFFF935B
000022D6
FFFFA70D
0000304E
000044EC
FFFFB575
FFFFA080
FFFFF311
FFFFCF1C
FFFFACBF
00007B50
FFFFB7A7
FFFF879F
00000E04
00009F72
FFFF7EFF
000003A0
FFFFABCB
FFFFDEF1
000009B6
FFFF9464
FFFFB491
FFFFE707
FFFFD3CF
00000510
FFFFF8CE
00002E72
FFFFF74A
FFFF7B73
FFFF7735
FFFFC5C0
FFFFEB6D
FFFFA94F
000029CC
FFFFD738
00001E76
FFFFFF7C
FFFFC58C
FFFFCE47
FFFFD5D4
00002E45
00006087
00004595
FFFFE87E
FFFF7A92
FFFF94D0
FFFFE331
00000923
0000280D
FFFFC5C6
00005894
FFFFA1F2
000026AC
FFFF931A
00004A3E
000013F9
000008A9
FFFFDA3B
FFFFEAE0
000003DC
FFFFF1B6
0000236B
0000130F
00000337
FFFFE722
FFFFEE36
00001912
FFFFF69E
FFFFEC61
FFFFD1F6
00000012
0000022C
00000F96
00001C9E
FFFFDC6C
FFFFF044
FFFFF274
00002A79
000015F8
FFFFEA89
000003ED
000019D8
000011BD
00002554
000004DD
00000D2F
000038E1
00000928
FFFFE133
FFFFF7A6
FFFFE1A8
00000A94
0000086B
0000010D
00001CA8
00000333
FFFFE5BC
000025C0
00001D0E
FFFFE993
00000DFF
00002059
FFFFF0ED
FFFFE4D7
FFFFF971
000022E9
00000AE5
FFFFE40E
FFFFFA91
FFFFF29F
FFFFEAFC
FFFFCCA0
FFFFF7EB
FFFFFEAB
FFFFF651
00001964
000032AF
00001ADD
00001C60
FFFFEC9A
00002D53
0000037C
FFFFDE0F
0000098D
FFFFFFD6
00000EB3
00001569
00003832
00001027
000023A6
00002BCF
FFFFFFEB
FFFFE4D0
0000070E
00000618
00001662
00001381
FFFFF8EA
FFFFF0BB
FFFFF72D
00001B65
00000998
0000188C
FFFFFD22
FFFFF976
FFFFFA2C
00000164
0000189B
FFFFEC7C
FFFFDB87
FFFFF388
0000140F
FFFFD0AF
FFFFDCA8
FFFFFBC6
000003AD
00001EF5
FFFFF3C2
FFFFE97A
FFFFF220
FFFFF233
000007D8
FFFFEF47
FFFFE958
00002308
FFFFF0E1
000006BE
00002055
00000F95
00000ABA
FFFFEC8A
000006B1
FFFFE67C
00001EBF
00001561
FFFFFDEB
FFFFE557
FFFFF57D
FFFFE347
FFFFE3F1
0000144F
FFFFF550
00001BA9
00000632
FFFFD710
000019E9
FFFFE0E9
FFFFE888
FFFFD09C
FFFFE96C
FFFFDD10
00002B7D
00002B83
FFFFC70D
FFFFD570
FFFFE8B4
00001865
FFFFE9C5
FFFFCD08
FFFFD764
FFFFFA7A
FFFFE51C
00001C30
0000096B
FFFFEFEB
FFFFF4CB
FFFFF751
FFFFFF0D
000013F8
FFFFFC63
00002C9F
00002E1A
00001072
FFFFEC28
FFFFFF1C
000018E9
FFFFFD87
FFFFECB9
FFFFE990
FFFFF647
FFFFE497
000021C5
00000A69
FFFFF907
00002497
FFFFF5F6
00001FF2
FFFFD8D9
00001BBB
FFFFF5A3
FFFFDF07
00000D01
000019D0
000020AD
FFFFDFDC
FFFFF691
000035A9
00003235
FFFFFF4C
FFFFC27E
FFFFDE23
00001020
00002DD9
0000068D
00002799
FFFFE970
00000515
000010E2
0000134E
FFFFEEE9
FFFFE8B9
0000285F
000025EF
FFFFF5AC
FFFFDC8C
00000B18
00001419
000008D0
FFFFE75C
000022E9
00001C6B
00001AA0
FFFFF090
00002B35
FFFFDA75
00000981
0000202A
FFFFFF75
00003070
00001DF3
0000068E
FFFFFA59
FFFFE2C9
FFFFDB24
FFFFF75D
00001FF6
00002017
FFFFFBAF
00000DD0
000012B6
000012B3
FFFFF73D
FFFFEDD8
0000028F
FFFFE117
FFFFFB12
00002F6A
00001806
FFFFDC54
FFFFBCD9
000006B5
00000214
FFFFE519
00001006
FFFFF40F
000012AD
00001539
FFFFCCBF
00002E1D
00001926
0000028F
000001BF
FFFFFA06
000043FF
00002A99
FFFFCB5C
FFFFD778
FFFFFEC0
FFFFFF37
FFFFFE16
00001C54
00001574
00001943
FFFFFE20
00001901
00001015
FFFFF6F7
FFFFF2AD
FFFFF7F5
00001491
FFFFFD7B
FFFFEE14
000009FD
FFFFF92B
FFFFEBD3
00002B02
FFFFF202
00002184
00000EE8
00001420
00002EFC
00001922
FFFFEF9B
00000AF2
000024E4
FFFFE668
0000268B
00000BB3
FFFFE7B8
FFFFDCCF
FFFFCAF5
FFFFF860
FFFFF09E
00000EEF
00002376
00002433
00001D5E
000018A3
000022A3
0000149F
000023FA
00001EDB
0000206C
FFFFEDD2
FFFFF63C
000022BA
FFFFFFCA
FFFFFAF2
FFFFEC72
00001865
00001CFF
000002BD
FFFFEA17
FFFFF0D6
00002013
0000103B
FFFFE30E
00000C14
FFFFDF30
FFFFEF80
00001667
FFFFE1D8
0000171C
000008C5
FFFFE7A0
FFFFEE2D
FFFFF7EA
0000171A
00000A4C
FFFFFB2B
FFFFFE2C
000017B0
FFFFFF55
00001535
FFFFF6DC
00001FF0
FFFFDE45
0000160F
0000153A
00001B7D
FFFFFB81
0000173D
00000F7A
000015E2
000027C7
FFFFE951
FFFFFB23
FFFFEAA3
FFFFFF3A
FFFFDFB0
000017F7
00000B62
FFFFD431
FFFFEE93
FFFFEEB9
FFFFDAAF
000004D1
00002691
FFFFF5FF
FFFFFC78
FFFFFDF3
FFFFFB98
00000EA1
0000218C
0000066D
FFFFFBCC
00002BD6
00000F9B
FFFFF0BB
FFFFD071
FFFFDE10
00002642
00001419
000001A8
0000014B
FFFFFBD5
00000B64
FFFFEEFF
FFFFC588
FFFFE45C
FFFFDD9D
FFFFE422
FFFFEFAD
00001C5A
FFFFF52C
0000259A
0000260B
FFFFF107
FFFFF525
FFFFFA2F
00002B71
00002628
FFFFE1B4
FFFFF624
000008C5
000027F7
0000159E
FFFFEC60
00001BBC
00001DE2
00000A66
FFFFFD3A
00001082
FFFFEC35
0000188F
0000295D
FFFFF045
FFFFDC32
000001C0
FFFFF5F5
0000046C
FFFFE6D7
FFFFFACF
00001B67
00002A79
0000250B
FFFFFDCC
00000BDE
FFFFEA85
000032C2
00002AAF
00000B0F
FFFFF41A
000018FD
00000CE0
00002EFB
FFFFF342
FFFFF65B
FFFFE9FF
FFFFE55E
00000270
FFFFA529
FFFFD48B
00002336
FFFFFBB9
FFFFEAC5
FFFFEE87
FFFFEBD5
FFFFD680
FFFFEDF3
FFFFF297
FFFFEB84
FFFFE357
FFFFDB64
FFFFDF63
FFFFF17C
FFFFF9AB
00001273
00000BE9
FFFFC6B4
000021C5
FFFFD26C
00000260
000019B1
FFFFEFD9
00003386
00003471
00000885
00000105
FFFFEC6F
FFFFF658
0000157C
FFFFEF29
FFFFE2DC
FFFFE36E
00002EBA
00001091
FFFFE8DF
FFFFFE16
00000B2C
FFFFF1D8
0000185C
FFFFFFDC
00002130
00002776
00002439
FFFFF8D5
00000C9F
000002B0
FFFFFD73
FFFFF930
00000C52
000006E0
FFFFF6B4
FFFFEEF4
00000253
00000EA3
00001314
FFFFFA1D
0000053E
FFFFE576
00002374
FFFFE6C4
00001644
0000135E
000003D5
FFFFEFB6
00000D96
FFFFE547
FFFFFD0F
00000200
FFFFEFFB
000006BB
FFFFF765
FFFFE4FD
00000702
FFFFCB52
FFFFBE72
FFFFBBE9
00000DAF
00002BFD
FFFFFD9F
FFFFE8CB
000026D0
00002434
FFFFF012
00000AF5
FFFFEED7
00000E86
FFFFDEA6
FFFFEFFD
000025F2
FFFFE689
00002C0D
000009D1
00000B7F
FFFFE8ED
FFFFF18F
FFFFE96D
FFFFE549
FFFFCCD9
FFFFECA3
000014F2
00001196
FFFFE420
FFFFEFF7
00002654
FFFFFF64
FFFFDE14
FFFFF15B
0000165E
00001A73
0000172A
00002736
000002E1
00000EB5
00001A75
000010CF
00000051
FFFFDBBC
0000153F
0000205C
00001D1F
00001A58
FFFFBCA7
FFFFD58A
FFFFE7C9
FFFFF95F
00001D95
00002123
FFFFD0FB
FFFFD205
00000BEA
0000000F
000008B6
00000654
FFFFEA31
FFFFAFDB
00002FA5
00001D56
FFFFED54
00000A42
FFFFEB56
000008DF
00000E9E
0000026F
FFFFF3E8
FFFFF11D
00001FDF
FFFFF81A
FFFFDA44
FFFFD3E4
000036A3
FFFF8EE8
FFFFAA8D
00003CD9
FFFFC964
00007839
00001C30
FFFFB931
FFFFE03E
FFFFD776
00003E53
FFFFF336
FFFF8AB6
FFFFD809
FFFFDCE3
0000051D
000059A4
FFFFCBAC
FFFFDFC6
00003466
FFFFF365
00009F65
00008975
00000ACC
FFFFF013
FFFF8F3C
0000647D
00003BFC
000003B6
FFFFF0ED
FFFFA4EC
FFFFED55
00002C48
FFFF9849
00005412
FFFFBC8B
000024DF
0000233D
FFFFD6C2
FFFF9481
00003698
FFFFC5F2
FFFF86AC
FFFFFCDE
00003BBD
000060CA
FFFFEF91
FFFFC7DE
FFFFFAF5
000033D1
FFFFBC01
FFFFD448
FFFFAFE1
0000443B
FFFFC64A
FFFFE59E
FFFFF119
00005CD6
FFFFF732
00006FE2
FFFFE106
00000DF8
00001201
000092CD
000032E6
FFFFB770
00002B91
FFFFA25D
FFFFE231
FFFFA85E
00002A2B
00001A40
FFFFAED4
00000E6D
FFFFB9CA
00002E18
FFFFBA93
00002054
00002536
FFFFE580
00001352
FFFFA465
FFFFB55E
FFFFF347
FFFF97E0
FFFFD354
000038E2
0000246A
00002441
FFFFC519
00001185
00002772
FFFFE951
FFFFD750
FFFFD07D
FFFFAB16
FFFFFB05
00001797
FFFFF82E
FFFFD20D
00000833
FFFFDFBF
00005453
FFFFAB3A
FFFFE7CF
00004D83
00002920
0000570D
0000379C
000010CF
000013D4
FFFFFF1B
00003D55
00002FDF
FFFFE7E2
000005B5
FFFFD133
FFFFEC1F
0000457B
FFFF6B34
00004715
000019B7
00003397
FFFFB6AD
FFFFDCE0
FFFFE6EE
FFFF83BE
00001075
FFFFFEB8
FFFFF42F
FFFFFA4B
FFFFC8B9
0000053F
00003A6E
FFFFE8B6
FFFFCFC2
00002F72
FFFFE0A4
FFFFE762
00000E41
FFFF4AA9
00003BA2
FFFFE9B6
000010C7
FFFFD8DA
FFFFD6EB
00006CE3
000007D9
FFFF9F69
FFFFEFC5
FFFFEEE4
00002266
00000C20
00004308
FFFFE69B
FFFFC558
FFFFE70F
FFFFE06B
FFFF8FA0
FFFFD31B
FFFFBB5B
FFFF9F2F
FFFFF944
0000144C
00002B47
FFFFE687
FFFFEFAC
000014C8
FFFFDE93
FFFFCEF4
FFFFDAE4
00000A83
FFFFFC5E
FFFFF343
00002CAD
FFFFDE2A
00000BBC
FFFFB61E
FFFFF8F0
0000344C
FFFFD333
FFFF338A
000016F4
FFFF34A5
FFFFF2CF
0000125A
000060D0
FFFF8EF6
FFFFEF38
0000159C
FFFFA55C
FFFFEFC5
FFFFDFD8
FFFFC299
00005D0D
FFFFDA14
FFFFD5EA
FFFFC78E
FFFFF7ED
FFFFAE32
FFFFB8B6
FFFFE1CC
FFFFF3DB
FFFFA862
00006A5A
000017F5
FFFFC4C0
FFFFD491
00001F3E
0000555A
FFFFF2ED
00004F75
FFFFD182
FFFFDEA9
FFFFECAC
00002C5C
FFFFBD4D
FFFFE9C9
000057F4
FFFF936F
000046F8
000019B2
00000C24
FFFFDB10
FFFFE260
FFFFDC8D
00003403
0000564F
00000EDF
FFFFF13D
000032D2
000039EB
00000357
FFFF9B85
FFFFF97B
FFFF8451
FFFFD797
FFFFDDB4
FFFFCBE0
00002E77
FFFF8DF1
000003D1
000009D0
00004B0B
FFFFDF9B
00003B7A
FFFFD906
00002606
FFFFC22D
FFFF5B5C
FFFF92F3
FFFFD8C1
FFFFF3E7
FFFFC36B
00001EB5
000061F9
FFFFE562
FFFFE27C
FFFFE974
00000DD6
000069B0
000034ED
000014DE
00005CCE
FFFFDC2D
00002382
00001E8F
00004239
FFFFEF0A
FFFFE24A
00005515
00002C2E
000001E1
FFFFBB74
FFFFCBFF
FFFFA1DC
FFFFC686
FFFF832E
00001AF9
00003983
FFFFF514
00002D6E
FFFFF163
FFFF9655
00000049
000008A9
FFFFC8F6
00001A2E
00005892
FFFFA1E6
FFFFCB1D
00005B56
00003271
FFFFCB6C
0000393E
FFFFC264
FFFFDE09
00008028
00004826
FFFFE238
000079AC
0000270A
00000F45
00006C1B
00004995
FFFFFA1E
00002730
FFFFBACC
00007084
000008B3
FFFFF2CC
FFFFC032
FFFFA368
FFFFC8EC
FFFF9DFA
FFFFB463
FFFF6253
FFFF9B59
FFFFC02E
FFFFFB83
FFFFC260
00000739
FFFFA37A
FFFFE387
FFFFE607
FFFFCA43
FFFFC0FA
FFFFCDC6
FFFF9876
00002AAC
000035DD
FFFFEBF7
00002A0C
00003324
000040DF
00007A88
FFFFD3BE
00006B24
FFFFDC0A
FFFFA69C
0000096F
00004A18
00002774
FFFFEF0C
0000486F
0000027D
00001733
0000626D
FFFFFDA1
000001B0
0000110C
FFFFD471
00002C05
00004E6D
FFFFD71E
00001860
0000514D
FFFFDAC8
FFFFD5BD
00007225
00002F26
FFFFBA37
0000108D
FFFF34C5
0000290F
000091CC
FFFFE5CE
00004BB3
FFFFF6C7
FFFFC90D
FFFFC538
FFFFD49C
FFFFD093
00000633
FFFFEE2E
FFFFFEC3
FFFFAA77
FFFFFF81
00000D4C
00001291
00007379
00003A04
FFFFD855
FFFFF85B
0000548E
FFFFCC92
000002AE
0000245A
FFFFF7EC
FFFFF979
00003A5E
FFFF965D
00004913
00002192
FFFFA1C2
FFFFE150
000028A5
00003F3C
00002F6C
000040B3
FFFFFD17
00003484
00003F82
000024F7
00004DE9
00002C97
FFFFF622
00002B43
FFFFCAA2
00002058
FFFFE31E
FFFFE1A2
FFFFDF87
FFFFADED
FFFFA421
FFFFF961
00002D91
FFFFB1DC
FFFFF3E7
FFFF9FC9
FFFFC322
FFFFD371
FFFFA7BF
000021A0
FFFFE1C6
FFFFDC2A
FFFFFD0D
000038D1
FFFF7FB3
FFFFEF11
FFFFD8F9
FFFFD473
00003154
000021C4
FFFFBD59
000067DB
FFFFF272
000021DF
00004A1C
FFFF78E7
000012C4
FFFFB989
FFFFBD6B
00001E0D
000004B6
FFFF9D31
00001CA2
FFFFC91A
FFFFEDAD
000059A9
FFFFD1CE
00003052
000045ED
FFFFEFAB
0000239E
000009AE
000033F2
FFFFB1DD
00007D9A
FFFFC5EC
FFFFD6FA
000067C1
FFFF89C6
00007392
00004058
00006727
00002EFD
000008D0
00003643
FFFFC0A2
FFFFDBDE
FFFFBC10
FFFFE3AE
0000123D
FFFFB16A
FFFF9EAA
FFFFE657
FFFFDFDC
00004489
00000074
00005C5C
00000004
0000455B
000000E1
FFFFD6B3
FFFFE337
00001D59
FFFFEC6A
00004413
00000FE2
0000533E
00000822
FFFFDDF8
0000041B
00005D3C
000016F3
00000A73
FFFFE24A
000022CD
00003161
00002576
000010F5
00002281
00001495
00000F53
FFFFE075
0000217F
00003266
FFFFF964
00005492
00003F67
FFFFF5D9
00002B82
FFFFE0A5
00000719
FFFFEEF7
00006522
FFFF8F88
00002C55
FFFFB9D0
FFFFAFE6
00000515
FFFFDEA6
FFFFD785
00000C99
FFFFC475
000048AF
00000990
FFFFAA36
00000241
FFFF4520
FFFFBE26
000066ED
0000659C
00004B51
FFFFEAB5
FFFFFCE4
FFFF1DF7
00005785
000037CA
FFFFA8DE
FFFFB73F
FFFFEB23
FFFFEE30
FFFFCEE2
0000316D
FFFFF857
00007AB3
FFFF5AB5
FFFF7A22
FFFFA0C0
00000FC2
00005431
FFFFD07F
FFFFF0FD
FFFF83B3
FFFFF917
FFFFD505
FFFFCCCE
FFFFE6EE
00004928
0000323E
FFFFE231
FFFFBB49
FFFFE463
FFFF1841
00000F28
FFFFD903
00001902
00003D3B
00001FE8
000031D8
00007B2C
000015DC
FFFFFEBD
FFFFFB96
FFFFF3CD
00000D96
FFFFF288
00002889
FFFFCEBB
FFFFAC59
FFFFCBB3
0000036F
00001C22
FFFFC502
00000BEF
FFFFEE8A
FFFFFE43
FFFFF340
FFFFF5CC
0000231C
00000C0E
000002AE
00006224
FFFFDA42
00000793
FFFFF549
FFFFF65C
FFFF9CC9
FFFFA5BF
00004B7B
00006AED
FFFFBCD6
0000219B
000036F5
000023C5
FFFFFE3F
00000084
0000182A
00002D85
00001D6D
00005F4F
FFFFE818
00001FB9
FFFFC6DA
00001BFB
FFFFEB68
FFFFE2AE
FFFFB3ED
00001A27
00002D32
FFFFA9B6
FFFFCB17
00003450
FFFFA8DF
FFFFE025
0000273A
FFFFFA16
FFFFECD9
00005B40
FFFFD864
FFFFD73F
00002696
00002886
00002E19
FFFFD804
00006AD2
FFFFD9BF
00008E1B
FFFF9B3C
FFFFAF38
00000BFE
FFFFC525
FFFFF5A0
0000223E
FFFFFF75
000010DE
000083AE
FFFFF00D
FFFFD2C5
FFFFC0C3
FFFFB55A
FFFFDD47
00000F12
000034F9
00002362
00004E05
FFFFDFD2
00003E36
FFFFF6F6
FFFF8EB4
FFFFE48A
000011B0
FFFFB497
FFFFF6C9
00001ED6
FFFFE945
FFFFC81E
FFFFEE1F
FFFFF53D
FFFFD6FF
FFFFF138
FFFFC4C0
FFFFE855
FFFFD66D
0000300C
00003358
00002C0C
FFFFEFD1
00002C22
FFFFC790
FFFFAC14
FFFFFF60
00002969
FFFFC6DE
FFFFDFAA
000024AF
00002788
FFFFBB8B
FFFFE0CC
00001142
FFFFDE91
FFFFFC56
000018F0
00004606
000021C8
FFFFF140
FFFFBF3F
FFFFD559
FFFFECD3
0000078B
00000619
FFFFE780
00006DF6
00006FF9
FFFFEADF
00001BE2
FFFFCA3E
00000552
00005BA4
FFFF9D09
000012B2
00008326
000003BD
00006230
FFFFF926
000010CE
00000A7D
00004627
00003BDA
FFFFBAB9
000053DB
00003A1B
0000043C
FFFFB252
FFFFC703
FFFFC1BE
0000384B
0000815C
FFFFF7DE
FFFFDCD7
000070F9
FFFFA642
FFFFD8D2
00000F82
FFFFAE14
FFFFDA41
FFFFEE9C
FFFFE37F
FFFFD239
FFFFF4E1
FFFFDAE2
FFFFA757
FFFFAF27
000005C3
FFFF9CA1
0000302A
FFFFE172
FFFFE3C5
00002C92
00000962
FFFFFBFB
00002C8E
FFFFC34B
00006C8D
FFFFFAF1
FFFFE94E
00007F69
00002A2C
000000A8
00001D7B
0000237C
FFFFF0F0
FFFFAEC5
0000278C
00003139
000092AF
FFFFAE25
00002CE4
FFFFD91C
FFFFE961
00000A1C
000016B2
0000247C
00002179
FFFFE616
0000115C
00000AF5
000020E8
FFFFDF54
FFFFD5F4
0000102D
00002139
00001FB3
00004325
FFFFDD98
FFFFE321
FFFFC32B
FFFFF910
00001A1A
000027DB
FFFFE482
00002654
FFFFF4D9
FFFFA918
FFFFEFA9
FFFFD4E1
FFFFF0BA
00001C08
FFFFBCA0
FFFFBA2F
00002ADD
FFFFD43E
FFFFD2AF
FFFFE1BA
FFFFBF04
0000132D
FFFFC7F6
0000674B
00007DA4
FFFFAE29
FFFFD9BF
FFFFDC7A
FFFFC2B5
FFFFF445
FFFFB3C1
FFFFDEB2
FFFFED33
FFFFD7FA
FFFFD9AC
FFFFF3BF
00006427
00007F79
FFFF98E2
0000154E
FFFFB7CE
00001364
00000262
00002869
FFFFC847
FFFFD582
FFFFF1A9
FFFFD373
FFFFA7D1
FFFFC9C5
0000231A
FFFFB626
00003EB5
FFFFD45D
FFFFBCE5
FFFFBCDA
FFFFD87F
FFFFBF64
00003175
00003673
0000221A
FFFFED64
FFFFDFE6
00001BB6
0000192B
00002E65
00000C59
FFFFD760
FFFFB4CC
FFFFF841
FFFFAE0B
FFFFE203
FFFFC4F8
000000CB
000026F8
00001BB8
FFFF8CD8
FFFFCF21
00003CE7
00003715
FFFFD91A
FFFFE6F9
00000E79
00002AE8
FFFFC4E8
FFFFAC94
FFFFF132
FFFFEDE6
00008335
00008315
00001660
00008CE2
FFFFED53
00005F87
FFFFF4CF
0000345B
FFFFD8A7
FFFFEF1B
FFFFDE58
0000031E
FFFFE162
0000282B
FFFFA836
0000072C
00001D0B
000019F2
FFFFA3EC
FFFFE28B
FFFFF9E8
FFFFE2CA
0000648A
FFFFE173
FFFFB0F4
FFFFF81C
000046DE
00001521
000000DE
FFFFCAF3
FFFFEAEF
FFFFF393
FFFFD2F7
FFFFAF88
FFFFDF95
0000053B
FFFFFF6C
000003E5
00001D1E
00002326
00001FE3
FFFFFE9A
FFFFEE28
0000000C
00004830
FFFFFD4C
000044C2
00004E22
000034A9
FFFFDB1B
FFFFC1B2
FFFFD8D1
000001E1
FFFFD57B
00002608
FFFFB3D4
FFFFC9BF
FFFFF4B5
FFFFCC58
FFFFEE43
000049A1
00007414
0000328B
FFFFCD2E
000011E4
FFFF8ACF
000034E7
00003A0D
00001103
FFFFC321
00005922
00001975
000010C5
FFFFE770
000049DA
FFFFFCB3
0000045C
000042E4
FFFFD31B
0000144F
00002E53
FFFFF48E
FFFFFC2B
FFFF7769
FFFFE8A8
FFFFDBC9
FFFFE37A
00003D2E
FFFFF3E5
00006DAD
000011F7
FFFFE58F
FFFFEB59
00000DB8
000000DD
00000A87
FFFFE149
FFFFDA8F
00000DC6
FFFFCD8D
FFFFD009
00000536
0000068B
00004226
FFFFD66F
FFFFA6C2
00002668
FFFFFFE7
000004D6
00001946
00004989
FFFFB94A
FFFFCA9E
00002C0A
FFFFB283
00002731
FFFFFED9
000053CC
FFFFBDAB
FFFFFC59
FFFFE42D
000007FC
FFFFCBA6
00003C4C
00000CD9
FFFFB8FF
FFFFC1B7
00006DC7
FFFFAC95
FFFFED3E
FFFFA9AE
0000278E
FFFFC533
00002E2A
00001015
FFFFD7F9
FFFFEB5C
00004F63
FFFFF958
00001A8D
000062C2
FFFFC128
000047C4
00001133
00002873
000072DB
FFFFE1B6
00003639
FFFFDC4F
FFFFEF6E
000054ED
000038DD
FFFFEAEB
FFFFCE13
FFFFD30D
FFFFC90A
00000834
00002EB2
00001881
000024B2
00004AA6
FFFFB71B
00005C22
00004874
00003B38
00003083
00004ADD
FFFFE90A
0000350E
FFFFD654
00002FA5
FFFFE5AD
00005B36
FFFFDA55
00001811
FFFFEF66
FFFFC737
0000124C
000038A6
00004993
FFFFD4B8
FFFFCE84
00000497
00001E35
000033E8
FFFFFA44
000027DC
00001877
00001481
00001F66
FFFFE679
000037B2
00003FA6
FFFFBBA6
000004A6
FFFFFE8F
FFFFDD6A
FFFFC019
00003969
00009188
00003E26
FFFF9B82
FFFFB82A
FFFFDEC8
FFFF9696
0000380D
FFFFBFC5
FFFFD8BB
0000023A
FFFFEF2E
FFFFC227
FFFFE06A
FFFFBAB1
00000755
00002B08
FFFFF691
000012AE
00002F3D
0000490F
FFFFF5DB
FFFFC839
0000282D
FFFFBF90
FFFFE6F3
000029F4
FFFFFF77
00000C49
FFFF8C83
FFFFE537
FFFFC9AC
FFFFDE5F
FFFFDFBF
FFFF9C3B
00003621
00004261
00003A08
FFFFCE20
0000235A
FFFFBC6A
00001207
00001333
FFFFF506
00000BC1
FFFFEB0F
FFFFFA63
000047C9
FFFFD2C1
00003457
00000968
FFFFF3C3
00002239
FFFFB46C
FFFF7C4A
000046CA
00006851
FFFFEB7F
FFFFE630
FFFFAE58
00002B21
FFFFDAD8
00005D52
FFFFB3BB
FFFFDBD1
00004292
FFFFE9B8
00000E0C
FFFFD431
FFFF72EB
00000509
000041EA
0000219B
000013D1
FFFFE4DE
00001E3F
0000509E
FFFFED64
FFFFE298
00002C8E
000019E6
0000005F
FFFFEF33
FFFFEE73
FFFFFA25
FFFFDF69
000018D8
00003A36
000012FB
000008DD
FFFFFBED
00000956
000001E3
FFFFFAEE
FFFFDEBD
00000953
0000407C
00003EDE
00003443
00004047
FFFFEEF5
000033D3
FFFFEB45
00002655
FFFFFD40
000022EF
00000D98
FFFFD3BD
00000EB8
FFFFCAE4
00000A29
00000822
00002D8A
FFFFE977
FFFFFCE7
FFFFFFAE
FFFFD4E3
00000D2B
00002731
FFFFFEDE
00001453
00000798
00000C72
FFFFE664
0000154C
00002EB2
000001C9
0000058D
00000448
00003DF0
000018F3
00001F6F
000037C6
00000913
FFFFFB15
00000C44
00001C6B
FFFFEFF6
000038C4
00002A8A
00004115
00002527
00001C7C
FFFFD734
00004771
00004D9D
00001BB5
FFFFDE52
00002EF1
FFFFD808
FFFFF1E3
FFFFDCE4
FFFFD16D
FFFFD775
00002DDA
FFFFDCD6
00003078
000019A2
FFFFD8F2
00002192
FFFFF5C8
000013BF
00000067
FFFFF3BD
000001DF
FFFFF681
FFFFDA28
00000824
00003503
00000F1E
FFFFE5DF
FFFFE8BF
00000E0E
0000141A
0000248B
00000A9A
0000031C
00002874
00001436
FFFFF731
00000D92
FFFFCEDD
00001B7A
00001198
000010A9
00001ED3
FFFFE11C
FFFFF921
000023A2
FFFFFA83
00002A71
00000EE6
00003574
00002103
000025E2
FFFFFBBB
000046DD
000018B0
FFFFF66F
000005D5
FFFFE0A1
00000079
00004B16
FFFFF733
00003C5B
FFFFFF6B
00001C9A
00000C24
00000656
000011D8
0000306E
00005FB3
FFFFFA53
00003D8E
FFFFD913
FFFFF9D1
0000474E
FFFFE48F
00004440
00002258
FFFFFE1B
000029F4
FFFFF61C
FFFFE959
FFFFD453
FFFFE1DD
00001661
00002926
00000A17
00002951
00000E8F
00001C8A
000032DB
00000E32
FFFFFE70
FFFFFF13
00000E13
FFFFBB5B
0000307B
000003B4
FFFFE2D0
00002C16
FFFFF388
00002F23
FFFFE622
00000AF7
FFFFEE90
FFFFFB50
00000F6A
00001F51
000064D7
00000C1B
000008F3
000042C7
FFFFF0FC
0000487D
FFFFFD88
00000357
00003D5B
FFFFD128
FFFFD06C
0000407C
00001917
FFFFF089
FFFFFDD7
00003BC8
00000118
0000207A
00000AF5
00000805
FFFFF403
FFFFDF1E
00002C33
FFFFE736
00001090
00003935
00003D22
FFFFFF17
000033D9
000039A5
FFFFEE10
FFFFDCA8
0000196E
0000164F
00000677
FFFFD393
00000843
0000193B
00001CA2
00004495
000042D5
FFFFF3FB
FFFFF021
FFFFE682
00004A34
00002FB1
000043AE
FFFFDC35
FFFFFF14
FFFFE578
FFFFE2D9
0000079B
FFFFD408
00001A3C
00001287
000044F4
00001B89
FFFFEB8F
FFFFEC7D
00003711
FFFFF63F
FFFFEEF0
FFFFD1D6
FFFFF569
00000203
FFFFD918
00001B63
00002BD8
FFFFDD6C
FFFFEEAE
000011C5
00001BB5
FFFFEA81
00004E02
FFFFBA76
FFFFEDEC
00002153
00005DF7
00002A1E
FFFFD224
FFFFE915
FFFFF3C7
00002A70
000005B3
00001E84
00003043
000021FF
FFFFEE85
FFFFDFC3
00002B15
FFFFE332
000016D6
00002789
FFFFF7ED
00000DFB
00003D1B
FFFFECF6
FFFFE929
00001E06
FFFFEB30
FFFFE388
00002B63
00003AC5
FFFFE315
00004A42
000024EC
FFFFFDDF
00002835
00003573
000006DB
00004C14
00003263
FFFFE90E
000006BE
FFFFF3B6
00000EA6
FFFFF344
00002F43
000015AB
000007A9
00001AB0
FFFFE2FC
FFFFDB31
FFFFF62A
00002917
00002CA1
FFFFDC16
FFFFFB02
00001E97
000011AA
00003F63
FFFFEE22
FFFFECD9
00000538
000008E0
FFFFEFFB
00000BD3
FFFFDE5F
00002728
FFFFEC0B
00001704
FFFFD9A3
00002661
FFFFF361
FFFFF0C7
000013A3
FFFFDACC
00001264
00000F43
FFFFFD22
00000C2C
00002E5C
FFFFD43C
FFFFF268
000006AB
FFFFCAEA
000000E4
FFFFEEB3
00002D19
FFFFF87A
FFFFEEF5
0000276F
00004439
000021DF
FFFFE727
FFFFE615
FFFFEA41
FFFFFD6C
FFFFFCBA
00002EE7
0000341C
FFFFD78C
00002BEF
0000270A
00001FDA
FFFFEDCB
00002B77
00002290
FFFFF8DE
00004031
00002263
000019E8
00003723
00003B01
00002AEB
00003857
00000BB7
0000548C
FFFFEDF3
FFFFE3F6
00000AD8
00000A0A
0000071C
00002476
FFFFCD05
00000273
00002820
FFFFF1B0
FFFFC57B
000005E1
00001116
FFFFC540
FFFFCE15
0000128C
00001D29
FFFFE28C
0000002E
FFFFE621
000007A8
FFFFF214
00003230
000015C7
00001B40
00000055
000028CE
00001433
FFFFCE13
00001657
FFFFD650
FFFFD0C5
00003519
00002D52
FFFFDD88
FFFFFDFC
FFFFDFD7
000049CD
FFFFE5DB
0000297B
FFFFF46C
00001112
00000E6B
00000BF5
FFFFF1F2
0000529D
00001984
0000024E
00002DB3
FFFFF280
00003B17
00000EF1
000011D4
FFFFDFDC
00001F77
0000258B
00001219
00002C83
00004FBB
00003164
00001A7C
00002CC6
00002445
00003543
0000168B
00000D89
FFFFE4D2
00001803
00004383
00003AEC
00001586
FFFFF7BF
00002F83
000016C4
00001CA4
FFFFDEEF
FFFFF6DB
000034B6
000037D6
FFFFE4BF
000029E0
00001CC0
0000489D
0000240D
FFFFED42
00002D40
0000388A
00003889
00003D17
00001FC0
00003D8D
00001CAA
0000240C
FFFFD930
00001789
FFFFFB34
00001AA3
FFFFD261
00000C31
FFFFD346
00002B66
FFFFF053
00004E4A
000024B9
00003050
00002541
00004DBD
000035EC
FFFFEC2E
000043BB
000004E4
00000F2E
FFFFE32E
FFFFFA86
FFFFF82B
00001275
00000CD8
000009F7
FFFFFE8F
00000689
00000285
00001ACE
FFFFE5D3
FFFFDD81
00000FB4
00001375
FFFFE159
000021AD
FFFFC992
FFFFCD5A
00001923
00000E30
000005DC
00000FA9
FFFFDCD7
FFFFFA3B
FFFFEADD
00002C2F
00000C6C
FFFFD9B9
FFFFF104
FFFFCC56
000006CE
FFFFEE82
00000477
FFFFFA4D
00002667
FFFFD2F4
FFFFE923
00001093
00001368
00001B27
0000342B
00002579
00001555
000041ED
0000292B
FFFFF0B7
000048CB
FFFFFE7E
00000250
00002718
00000350
00000117
FFFFCC4C
00001837
00000EF8
FFFFF633
00001E41
00000920
FFFFD0B4
FFFFC3B3
0000015D
FFFFE9B5
FFFFF4E0
00000CC0
00005047
FFFFCB8F
0000195F
FFFFF402
FFFFD966
FFFFE632
00000F4A
FFFFECE6
0000055E
FFFFB084
FFFFECEC
0000086C
FFFFDCCA
00000382
FFFFFE32
0000405C
FFFFEBE4
00003956
00004D70
00004914
FFFFF92A
FFFFFEE2
000039D7
0000086F
FFFFDB44
FFFFB8E5
00002316
FFFFB36A
00001410
FFFFBF0E
FFFFCD19
00003810
00001EBD
00004466
00004025
00002A5E
00001F90
00000E19
FFFFEAD1
FFFFFAD1
0000051F
000029F8
FFFFB1D0
FFFFF8C4
FFFFD086
000002D3
FFFFCD8F
FFFFD431
00000092
00004247
000038CC
FFFFDD71
00004754
FFFFE7EA
00005D46
FFFFED94
FFFFDFF9
0000165A
FFFFCC21
00002205
00003641
FFFFDFD9
0000095F
FFFFFF12
FFFFC765
FFFFFD21
00000E5F
0000338E
000004CC
0000449B
00001499
00003B67
00003734
000038A0
FFFFE658
FFFFD79B
FFFFBE98
00002DD8
00004764
000053EC
FFFFDEFC
FFFFCB8E
FFFFF6E1
FFFFEB51
000040F5
00001876
FFFFE9CE
FFFFC37B
FFFFE7F6
FFFFFB10
00001C4C
000034DD
00000F20
0000023B
00003877
FFFFD60B
FFFFEB68
000001D1
FFFFD1FA
FFFFC46A
FFFFDF1D
FFFFC348
00005363
0000592E
FFFFCEA0
FFFFD926
FFFFD111
FFFFC1CA
0000397D
00002525
00000FDE
000038F6
0000145B
FFFFCCF2
00005458
FFFFF7CD
FFFFF7FC
FFFFA3C7
FFFFA502
00001760
000046C4
000003FE
000033B1
00002E71
00001D7C
000012F5
FFFFE8C7
FFFFFC92
FFFFBA1F
FFFFF56D
FFFFCCBC
00002A5B
00003929
FFFFD8D3
00002600
0000466D
000004B9
FFFFDDC9
FFFFA7C6
FFFFBCA8
00003F99
FFFFD525
FFFFFCEB
FFFFF8D3
00000F2C
0000164F
FFFFE92F
00002CE1
FFFFB882
00001D10
0000183F
FFFFD907
00000383
FFFFF197
FFFFB71E
00001BDB
00002DF7
FFFFE5E3
00005E9D
0000328A
00002C30
FFFFE3E2
00000835
FFFFCA11
FFFFF7C9
FFFFC2B9
000027B5
00000CDB
00002B70
FFFFEF67
FFFFFDBC
FFFFA227
FFFFF995
FFFFDB3D
000003B0
FFFFF7BE
FFFF8AF1
FFFFDDDB
00003F55
00002A5E
FFFFF6E6
FFFFF391
FFFFA7DC
00006A02
FFFFF41E
FFFFDEDF
00003682
00001262
FFFFAD72
FFFFC2A3
FFFFF443
FFFFAEA8
00000EE7
FFFFE627
FFFFE69A
000013C8
000000ED
FFFFF7C8
00002F66
000073F4
0000436E
FFFFC260
FFFFDC31
FFFFCAD7
FFFFF0BC
00000196
FFFFF172
FFFFBDA0
00001309
FFFFE714
FFFFD448
000036C7
FFFF8744
0000114C
00008D2A
FFFFDC7F
FFFFF4FC
00000BE0
FFFFC7C5
0000359C
00001A18
FFFFA1D0
FFFF87B6
FFFF7F09
FFFFECD9
00007BDA
00004445
000033AF
FFFFE5E3
FFFFE94A
FFFFAE01
000051F9
000026BC
00004551
000011E6
00004A3B
FFFFDC85
00005624
FFFFFF7F
FFFFF9D6
FFFFC843
00000958
FFFFDBE4
00003C34
00000AAC
FFFFFF2B
00000871
00001E1B
000010C1
00002883
FFFFECC7
FFFFBC66
FFFFA5FC
FFFFF5F2
FFFFD332
FFFFD52C
000004FE
FFFFFAE8
00002E11
00004026
00001B4B
00000A97
0000166D
00000EB1
00004A41
FFFFD1F9
FFFFFB19
FFFFF86E
0000460E
FFFFE833
000019CC
FFFFC77E
00002899
00000CAE
00002394
000007E9
00000C1C
000000C5
00003A81
FFFFFE7F
0000593E
FFFF674A
FFFF76F8
000022B8
FFFFF2B4
FFFFCF5E
FFFFCF93
00000D93
FFFFD755
0000140E
FFFFE8FD
00001AD7
000016B2
00004852
00002561
00002715
FFFFD264
00001802
FFFFEA94
FFFFE9B4
FFFFFFC4
FFFFC9C0
00002360
FFFFBA29
00003077
FFFFD09E
00002934
00002BCA
000023EC
FFFFEF04
000027F3
FFFFBB36
00003C1A
FFFFB9D2
FFFFD77A
00001CAB
00003A20
00002179
00003083
FFFFC385
00000979
00002F11
000000F3
000004C8
0000267C
0000411E
00001A08
FFFFF0CC
FFFFC6D2
FFFFF152
FFFFDCD7
00003F29
FFFFD188
00003180
0000497F
000007F7
00000223
FFFFD982
00000B79
0000427E
FFFFBD35
0000477A
00000957
00003913
000002E9
0000837B
FFFFD5BE
FFFFD4E5
00001BB9
00001566
00000CE8
00000CA2
FFFFF783
00001C95
0000050B
FFFFA45B
FFFFB1BF
0000083B
FFFFF0CC
FFFFECB0
000002B7
000010BE
0000032B
FFFFF9BB
FFFFE2CD
0000017F
FFFFBC15
FFFFF0D6
00001896
000038DC
00001A33
0000134D
FFFFC619
00000690
00002DC3
00003194
00002ED1
00004217
FFFFAC59
000053E3
00003D2D
FFFFD7FE
FFFFE97C
FFFFED8B
FFFFC3EE
0000303F
0000139A
FFFFEE01
FFFFD147
FFFFA5C7
FFFFE1E0
FFFFE0F5
00004542
000034E9
00000A9B
FFFFF54D
FFFFD4EA
0000052C
00002861
00000EFA
00000C16
00002304
0000346B
FFFFF1FD
FFFFDC5A
00009350
00006041
0000112F
000003C7
FFFFF446
000062B6
00002807
00002674
00000CBA
00002BB6
00000A49
FFFF9993
FFFFB6A0
00000DE2
000008C3
000031C9
00001827
00000D2C
FFFFCC2F
00000CE1
0000588B
00004125
FFFFEBDF
FFFFC7B0
FFFFFB51
FFFFE3F9
FFFFF97B
FFFFB2A9
FFFFF8E2
FFFFEC51
FFFFF019
00002D13
00000577
FFFFF836
FFFFE2C8
0000077F
00004474
00002E8B
00001B1C
000010F0
FFFFE6CF
00001031
0000127E
000022AB
0000379B
FFFFE9C3
0000181F
FFFFECBB
000002E0
FFFFCC6D
00000E39
FFFFD7E3
0000256D
00000AAE
FFFFE927
0000199C
0000134B
00000CB5
000030C6
00006007
0000481A
FFFFEFBB
00001275
FFFF47AC
FFFFAB90
00004755
0000287B
FFFFBEF8
000044B0
FFFFDD4B
FFFFBC24
FFFFEFB6
00000271
00003690
0000451D
000046F4
FFFFF0CA
000042B5
FFFFE7C7
00004546
FFFFF645
FFFFB3F5
FFFFD9FD
FFFFFFBA
FFFFFB95
FFFFDE31
FFFFE8FC
000027C3
00004199
00000421
FFFFE6FF
000024D5
000021BB
0000327A
FFFFD910
00000418
000000D3
FFFFCBB9
FFFFD553
000036DB
00001C55
0000162C
FFFFDC4C
00003C14
000022B6
00001014
00002406
FFFFE51D
FFFFDC31
FFFFEBC3
0000229A
FFFFDCF9
FFFFED15
00002CD6
000037E7
000009A9
00000AE3
00000500
00002EC9
FFFFFA01
FFFFC5A1
00003264
FFFFEFF4
0000077D
FFFFF299
FFFFB4DD
00002C97
00003F72
FFFFB75E
000021D5
FFFFE936
FFFFFEE7
FFFFEAC1
00002237
00005CE3
00003DF4
0000474A
FFFFDA2D
FFFFE8A3
FFFFCA3E
00000BE5
FFFFF8A6
FFFFF34A
FFFFDD69
00000996
FFFFF65F
FFFFB603
000041B9
000000B0
FFFFCA0A
00000106
FFFFFA02
0000265A
FFFFEC97
FFFFCB07
00003C94
FFFFF5AA
FFFFF3FB
00000259
FFFFF5B5
00001429
FFFFECF6
FFFFC413
FFFFF140
FFFFC917
00001E3B
00000D6A
00003CAC
FFFFF586
FFFFEF89
00001128
FFFF9171
00002C4B
00005EC6
00002413
00004401
FFFFF6D6
00001EC9
000032E0
FFFFCF7D
00002992
00001265
00001825
00001800
FFFFEB1E
FFFFC348
00002556
FFFFE89D
000004B5
000013EA
FFFFBE7C
FFFFE31C
FFFFE33C
000033A9
00002B13
00002D6A
FFFFFDE8
FFFFF5AB
FFFF8C8D
FFFF733E
00002D1E
000054B8
00005197
00006CCE
000048C3
FFFFD810
000034B1
000003E0
00004328
FFFFFEA3
00000A3C
FFFFE55F
FFFFF56F
00001302
00000171
FFFFEA3D
FFFFFBE4
FFFFF4A2
FFFFF0D3
FFFFE59A
FFFFE093
FFFFE65F
000003B5
FFFFDD86
00001666
FFFFE616
FFFFEF6D
00001872
000016DA
00001588
00001DCD
FFFFF80D
FFFFEDBD
000014B6
00000E9C
FFFFEA48
FFFFF3C0
00001102
FFFFFF88
00001BAA
FFFFE946
0000012E
000013C0
FFFFFA1D
FFFFF9DE
FFFFE9EE
00002BD7
FFFFE319
FFFFEBFB
FFFFFEC3
00001426
FFFFEC73
FFFFF197
00001547
00002998
00001588
00000B7A
00000617
000014B3
FFFFFFE0
FFFFDE8F
000014F9
000002D3
0000057D
00000E4B
00001070
FFFFE629
FFFFEA15
00000EBA
FFFFEFAA
FFFFF681
FFFFF2C2
FFFFF3A7
000005D4
00001725
00000A90
FFFFFB92
00002832
FFFFEB8D
00001E09
0000230D
00000B22
FFFFFC29
00000CF4
00001031
FFFFFE43
000002E3
00001A45
00000A63
00001F17
00001D90
FFFFF9D0
00000DCF
FFFFF7F4
00000F01
FFFFEBD8
0000088E
00001201
FFFFF93F
0000025B
000001F8
FFFFED9D
00000C59
0000232B
FFFFE1A7
FFFFFA7C
FFFFF3E1
00001607
00002247
00002A4B
000016B0
FFFFECE4
FFFFDFEF
000011BF
FFFFF757
FFFFFB8F
FFFFF928
000026C6
00000873
FFFFF27A
FFFFFE87
00002526
00002BD1
00001537
0000325A
00003887
000022AE
000017DA
0000255E
00003382
FFFFE2FE
FFFFF2D1
FFFFF15B
0000308B
00002E07
00000DFB
FFFFF4C5
00002FF7
FFFFEFC1
000003C8
000013DF
00001A77
0000053A
00000448
FFFFF49D
00000DEF
000002D1
000012FD
00002E86
00004190
FFFFCC30
000022F1
00000B6A
00001326
00001B92
FFFFF3A6
00000E3C
000026D8
000032B5
FFFFFF6D
FFFFF804
FFFFF2BA
FFFFFC3D
000012FF
FFFFFD32
000002B9
FFFFEA52
000008EA
00001411
000003F1
00002415
FFFFD9C3
FFFFFC20
FFFFE3DF
FFFFF715
FFFFDF6E
00002F4D
000001A9
FFFFF077
000005EC
000001EA
FFFFE094
FFFFE4CF
FFFFE821
FFFFF855
000036E1
000029B9
00002194
0000187D
000019F8
00001ECB
00000C59
FFFFAEEE
FFFFF558
FFFFD2A9
FFFFFD52
00002ED2
000014C9
FFFFD0F1
FFFFBDF4
FFFFC181
FFFFDD56
000013A9
000010BC
FFFFED60
FFFFF440
00002A83
00000DB9
FFFFFC6E
FFFFECBA
0000178C
000000B0
FFFFFC52
FFFFFF31
FFFFE83D
00002658
FFFFFE0A
00000ADC
0000116D
00001150
00003532
FFFFF9A0
FFFFE8DA
FFFFF423
FFFFE75B
FFFFE674
00000FF7
00001685
FFFFDE83
000005D6
FFFFEFA6
FFFFC749
000022E1
00000D2A
00001736
0000149A
00001CAC
FFFFF5DE
00002233
FFFFF957
FFFFE55C
000019FF
00002B8A
00000BAE
FFFFE0DD
FFFFF461
FFFFE5D5
0000060A
00000450
FFFFD5B0
FFFFE8C2
FFFFF313
FFFFF123
000012EB
00001A6A
FFFFFA76
0000054B
00002AB6
FFFFBC19
00000C98
FFFFD565
FFFFE80B
0000251A
00001839
0000063C
000015B6
FFFFEC87
FFFFEED4
0000069D
000019C7
FFFFFE19
FFFFEE9D
000020BB
00000C68
00003133
FFFFF8DB
00001BCF
FFFFE99C
00000030
00001D60
FFFFEDD0
000012BE
000038A4
FFFFF41C
FFFFF97D
FFFFE3AB
FFFFEDC8
000000EF
FFFFFA55
FFFFF782
0000052E
00001EBB
00001FB8
00001554
FFFFEF55
00000220
00000AF9
0000126F
00001789
000018E5
000011B5
FFFFE052
000017FE
00001EE5
FFFFE3AC
0000225B
FFFFE2B1
FFFFE22D
00000754
FFFFDC67
FFFFEFAD
00001A04
FFFFF05B
FFFFDAA4
0000161E
0000396A
FFFFE56B
FFFFF1A0
00001ED4
0000060D
00002F2E
0000194A
000006D6
FFFFED0B
00002F61
00002015
00002DAB
FFFFDC84
FFFFD862
FFFFEE04
000035D9
0000485A
000017DD
00001460
00000AF6
0000138F
00001D32
00001365
0000019F
000021A6
000016F2
FFFFE4DB
00003068
FFFFF82A
FFFFEA6D
0000181B
0000040B
00002E85
00002A70
FFFFFF5C
0000112B
0000267C
00002436
FFFFEE4F
0000000E
FFFFF43E
FFFFF7F4
00001A8D
00002239
00001CC0
0000088E
FFFFF7DF
000017CD
00002742
0000367F
00002A23
00002421
00001B33
000001C8
0000170B
FFFFF1FE
0000222F
FFFFE229
FFFFFA44
00000F57
FFFFE6A7
0000563D
FFFFF687
000000B3
FFFFFC2C
FFFFDF4D
00002B6B
00000382
0000152A
00001E0F
00003571
0000162D
FFFFF122
00001047
00002FFF
000023FE
00003B31
0000241B
0000208E
FFFFF4BB
000027F6
00001017
0000216D
00000101
0000202B
FFFFF555
000014DF
00000201
FFFFEE4C
00002021
000007E3
00002734
00002BC2
00001039
FFFFE6ED
FFFFFFD0
00001E6F
00000766
000020AF
000003D1
FFFFE151
FFFFDDE4
000002B6
00001A78
00000951
000018CF
FFFFF5BB
000009EE
FFFFEAD8
FFFFEE20
00000C76
FFFFF352
000000CF
FFFFE1FF
FFFFEFBA
00000C94
FFFFE011
00000E23
00000DF3
FFFFDC4C
FFFFFB1B
00003817
00001974
FFFFF2D1
00000A95
00001D62
FFFFDD1D
FFFFE0E7
000026EA
FFFFFEED
00001186
FFFFED03
FFFFED24
FFFFC815
FFFFF6C8
00002E7E
00000EA7
0000210C
00001948
FFFFEEBD
FFFFE37D
000001AA
00002AE2
00002861
0000211A
0000438F
FFFFFFF9
00001F54
0000097A
FFFFEF0F
00001D14
000024BB
00000195
FFFFFE71
000006BF
000016A1
000005F2
00001348
FFFFD3EC
FFFFEC6F
000038B0
000000C6
FFFFE016
000010C9
00000C7F
FFFFE591
00001900
00000525
00001735
00002EE9
FFFFE0A0
FFFFE379
000017F7
00001B3D
00001749
0000198B
FFFFF44D
00003AE3
00003B1D
00003FAA
00000596
00002397
00002094
0000027B
0000116B
000003B3
0000155A
00001DA0
000017F2
FFFFD494
FFFFF2E2
00000ADB
00001CEA
00002D0F
00002C64
FFFFDC13
FFFFFE35
FFFFFA09
FFFFEC70
000042D0
00001A32
00000459
FFFFEFD5
00001B0B
0000182E
FFFFEDC2
FFFFFAC7
FFFFEB9E
FFFFDC01
00000CC5
FFFFE80F
000010AF
00000D3A
00000EE5
FFFFE367
00000E0E
00000FED
0000107B
FFFFE68E
FFFFF625
000032AD
000012C3
0000029F
0000114F
00002AD7
00001B7C
00002287
000006FF
00002870
FFFFEC75
000020CD
00001076
FFFFE246
FFFFE07E
FFFFDEB3
000017E8
FFFFDA28
00002491
FFFFD3C9
0000079A
00002CFB
000029C0
FFFFF9BB
FFFFF96F
00001386
00001E2E
000014DB
00001DBB
000017AD
FFFFC734
FFFFF248
000026E1
FFFFEC34
000012F7
000039E3
000030F3
00003714
00002EBA
00001202
FFFFFD8B
FFFFC3AB
00000198
FFFFE526
FFFFF4E7
00000B25
FFFFED26
FFFFF68F
FFFFF97E
00000894
FFFFE036
00000CD9
0000085C
FFFFEDC0
00003B61
00006DAA
FFFFA1D2
FFFFDF7F
FFFFC7BA
FFFFA122
FFFFCE75
00004BBB
FFFF9E5C
FFFFEDAC
0000219B
FFFFF41C
000087D3
000044C3
000015F1
00002320
FFFFD19C
000022C0
000041FF
0000291F
00005BA1
FFFF95D3
FFFFD9FA
00000AC3
000007E1
FFFFFB3E
00000C91
FFFFF335
00009C8F
FFFFFE82
000030C3
00000024
00001FC4
00001129
000029F3
00000F53
FFFFE356
FFFFEF73
00002C84
000047B0
00005281
FFFF870D
000052A8
FFFFF2C9
FFFF6606
00000D72
FFFFB072
000008A0
00006FA1
FFFFF126
0000323D
FFFFD602
000044F0
0000569B
FFFFE3A9
FFFFE141
FFFF8DED
FFFFE835
FFFFB6DB
FFFFC39C
000017CD
FFFFDC87
0000490A
FFFFACBA
0000209A
000027C1
000001C1
000071EC
00007C42
FFFFBA36
FFFFD0F9
00005586
0000112F
FFFFF71D
FFFFED1C
000047D0
FFFFDBE0
000004D5
FFFFF693
00004D19
00003E80
00003B8F
000032CA
FFFF98BF
FFFFE758
00004AE6
FFFFF65E
FFFFE872
00002231
000021FC
00001BB6
FFFFE209
000045E8
FFFFF74B
FFFFDC3D
00000293
FFFFB312
00000DDF
FFFFDF1E
FFFFF0E0
FFFF8D6A
FFFFE106
0000081C
000015E2
00000A01
00001552
FFFFDEFC
FFFF8D72
FFFFFED1
FFFFCC3E
00003F9C
FFFFBD7E
000001D3
FFFFB141
000021BD
00001322
00001C05
000003BC
00006241
FFFFB1F3
FFFFF485
FFFF77AB
00001CAA
FFFFF997
00000CAB
00009B79
00006905
FFFFE730
000093DB
FFFFECAD
00000AD6
FFFFD130
00000A15
FFFFE0AF
000063A2
00006710
00003A3A
FFFFFE48
0000A3C2
00002A6E
000094A2
00001A3B
FFFF7C48
FFFFC5FA
00003DE4
000008B4
FFFFA759
00004FDE
FFFFF9F5
00001028
00000860
00000534
FFFFBA0A
FFFFDDF9
000012DA
FFFFDD37
FFFFE8B4
0000871E
FFFFDEAC
000039D9
FFFFA588
000002B4
000053E6
0000355B
00003195
FFFFDC66
00003B10
00007A78
00003955
FFFFC633
00003B53
00005583
FFFF9899
FFFFE7A1
FFFFE930
FFFFCB39
00008908
FFFFE94B
00001C17
0000629F
FFFFF2A6
FFFFDC25
FFFFC230
00004E72
00008A1F
FFFFA786
FFFF0EEE
FFFF429B
FFFFE794
0000040F
0000129B
FFFFC8BA
00000D7A
FFFFBE99
FFFFB6B7
000040FA
FFFFF2C4
FFFF60C3
000036B0
FFFFD4C7
000020AB
00006B8C
00002B13
FFFF7E54
00000E7E
000005AF
FFFFDC54
00003322
FFFFE4D1
FFFFBF06
FFFFC7C7
000059D3
FFFFDAD0
000035D8
00004A7B
00000776
FFFF8041
0000310C
FFFFE1FF
00003E25
FFFFE46C
000030A0
FFFF96E2
00000495
00000C10
00005D11
00001CF8
FFFFF8FC
00001C9C
FFFFE282
FFFFDB13
000014E2
FFFFB077
FFFFF7A5
00003A37
000034E0
00001B86
FFFFE7BA
FFFF9C38
0000793B
000019DC
00000B94
FFFFD666
00003B61
00003BC1
00001326
00005F2C
FFFFCB3F
00002C87
FFFFC167
FFFFE4BB
00002689
00001230
00004649
FFFFB34E
FFFFDCB0
00001209
FFFFDF01
000068BB
FFFFE0CE
00001E65
FFFFCE2E
00000C2D
FFFFC956
FFFFFED6
FFFFD46C
FFFFC211
00003D93
FFFFB7FB
FFFFAA26
FFFFABBD
000059EF
FFFFEE84
FFFFEF79
FFFFAA76
0000010C
FFFFB83B
000070A3
00002BF9
FFFFA1A8
FFFFAA18
00003331
FFFFDE07
FFFFCAD7
00005D4C
0000037C
00003CB6
00000033
00001025
000026EF
FFFF915B
00003C23
FFFFBDDC
0000203A
00001DDB
FFFFA904
00003871
FFFFF750
00000AE4
000017BE
000089B6
000018FC
0000401B
00000FDF
0000004D
00002127
FFFFB256
0000432E
00000693
000006FA
000016D2
FFFFFC4E
FFFFCD77
FFFFC54E
00000BA7
FFFFFB00
FFFFFAD8
FFFF9A38
000080D5
00000BA5
00003273
FFFF9D0C
00000EB6
000027A8
0000294F
0000048B
FFFFF625
FFFFE4C5
FFFFE9F2
FFFFF82F
FFFFD13F
FFFFF724
FFFFAAD5
0000028A
FFFFA944
FFFFC750
000028A6
FFFFC910
FFFFFBFD
000048DB
00009D3C
0000034E
000034A4
00001012
FFFFD79B
FFFFD337
00002016
000006B5
00003AA8
FFFFF0E3
000004CB
FFFFB8D9
FFFFB970
FFFFE680
FFFFBE19
00006E02
FFFFE038
FFFFFA03
00003593
00001DC6
FFFFED3B
FFFFF7F2
00000A17
FFFF976E
000057CB
FFFFA0B2
FFFF98F3
00003184
FFFFF128
FFFFDFE2
000007CB
FFFFF5BA
00002605
00003DD7
00002D31
FFFFDDCE
FFFFA690
FFFFD60C
FFFF8134
FFFFB1D2
00003BFD
FFFFD0F9
00000990
FFFFE48E
00001DFF
FFFFFAFE
000015DA
00002F7F
00002FEE
00001A29
00001220
FFFF7748
FFFFF7D9
00000BF4
000012A1
FFFFF53D
00002568
000050EF
FFFFDC02
00000035
FFFF9F89
FFFFC25B
FFFFF4FE
FFFFBAEE
FFFFE981
FFFFE884
00001AE8
FFFFB3DF
FFFFED69
00001B7F
FFFFAF43
FFFFA1C3
FFFFD75E
00000607
FFFF7EA4
FFFFA8D5
FFFF9384
00004F55
00000C6A
00003134
FFFFFE32
FFFFD7C8
00002648
FFFFAA7D
FFFFC77D
FFFFB1A2
000086D5
00003F39
FFFFF8C5
000005E9
FFFFD2DD
00006B4F
FFFFD949
000021F6
00000CE7
FFFFBE00
00001E47
FFFFABD9
0000500B
FFFF7CB0
FFFFBB9C
FFFFC5B9
FFFFD2CB
FFFF9B88
FFFFDEED
00000CD7
00005B2D
FFFFDB3D
00001B2E
00004751
00003138
FFFFBB42
FFFFD07C
000055EE
000056B7
00001723
0000231C
FFFFC5DC
FFFFA1D8
00001926
0000373D
FFFFF3B2
FFFFBDEC
00003F8D
FFFFDA0C
FFFFC12C
00001584
000047AD
FFFFCA13
00006747
000035DB
FFFFF657
000031F4
FFFFF223
FFFFED47
000011AD
FFFFE2CE
000035ED
000028E6
FFFFD2D8
FFFFF479
00001FDA
00003B94
FFFFAB94
FFFFDC0E
FFFFFEFE
FFFFC457
FFFFD1DC
FFFFF4AB
FFFFBFC1
FFFFA34C
00000CF7
0000369B
00002DB6
FFFFF4D7
00003DEA
000008CE
FFFFD6DD
FFFFFDAD
00000E12
FFFFF8FC
FFFFD72A
00000A42
0000087A
FFFFF913
FFFFE371
00002ABF
000027B0
FFFFF87B
00002665
FFFFEF0A
FFFFEB16
FFFFE61E
0000103F
000001C8
00001825
00003FAE
FFFFE904
00007D39
00006A58
00005132
FFFFCED8
000003C1
FFFFED2D
00004A7D
00004708
00002944
000018A8
0000202F
000005EE
00001B1F
FFFFBDB1
FFFFD328
FFFF8958
00007A21
FFFFC449
FFFFD3F6
FFFFA3E4
00003D0B
00005515
00004323
FFFFEA99
FFFFBAFF
00005E33
00004C1D
FFFFDEAF
0000063A
00001B80
FFFFEB0F
FFFF919E
FFFFDE03
FFFFAA3D
FFFF6DD8
FFFFD6FC
FFFFDD84
FFFFAE5F
FFFFC1AA
00006A9C
00001E6E
FFFFC9D4
00002F64
00004B4C
FFFFBEBC
000027D3
00001FD2
FFFFDD2C
FFFFF7B9
FFFF9A2F
00002DC4
FFFFB258
00002955
0000008E
FFFFC180
000013B0
00002114
00001515
00002F9B
FFFFFEB4
FFFFC0A7
0000197D
00000CD9
00001F96
00001672
FFFFEC31
0000168E
000015B8
00000EA0
00000AA6
FFFFF83A
FFFFBB67
FFFFB5EC
00004B16
FFFFFC44
FFFFCC30
FFFFAF74
FFFFC6FE
00000443
00004B2A
00007F4C
FFFFF0F3
FFFFC1B7
FFFFE0E2
00003397
FFFFEB74
000002EA
FFFFAEB5
FFFFCA6E
0000043B
FFFFA1B5
0000175D
FFFFC8BB
FFFFF179
FFFFCF08
00000327
FFFFC9FE
FFFFF8BF
FFFFFA0E
FFFFEBBA
FFFFF4BA
FFFFECE4
0000042B
00002D7E
00003E6B
FFFFD49A
FFFFFE8F
FFFFB9AA
FFFFD928
0000233B
00001DEE
FFFFDD75
FFFFCBF4
00000CA0
0000053A
00003775
00004AFC
00002340
000040B8
00000A76
FFFFCD31
000040CA
00000181
FFFFE541
00004E76
000025CA
FFFFCB6F
FFFFFF80
00001EDC
000011E8
FFFFFBCB
FFFFCA15
00003C04
00003137
00003945
000020E4
000030EE
00000065
00000659
FFFF9873
FFFFB961
00000680
FFFFD70B
00003775
0000192E
FFFFCCEE
FFFFFE94
0000302B
FFFFD323
0000171D
00001B58
FFFFF7AB
00000F58
000008A2
00002DAF
FFFFDFFA
FFFFFCEA
000000A7
FFFFF4E5
FFFFFD3D
00002A84
FFFFC9C8
000002C6
FFFFF284
000041BB
00000F28
0000081D
00001ECA
FFFFDB5C
FFFFE59C
00000E91
FFFFD7B7
FFFFD58F
FFFFD1FB
000003CA
FFFFD85B
000015C1
00000064
00003BD6
000025A9
FFFFB84B
00002780
00003B59
FFFFEBBA
FFFFD9B3
FFFFF40F
FFFFD924
FFFFC5B8
FFFFD764
FFFFF79C
00004E94
00001486
FFFFD1AE
00000DD5
FFFFF812
FFFFF8A6
FFFFF8F3
FFFF78FF
00000F44
FFFFF7F6
FFFFA426
FFFFBA91
FFFFFEA7
00001BD4
00001A5E
FFFFE2D4
00001F71
FFFFF0BE
FFFFE430
FFFFFECE
000006C5
00001DF0
0000244D
000012E9
FFFFB9C8
0000237B
FFFFABF9
00001FDC
FFFFF850
FFFFF8B9
000012C0
FFFFEDF1
000016B6
00000294
FFFFDCA4
00000E77
00002DE6
00001E5B
00000D89
00003537
00002161
000024CB
000048B0
FFFFF89F
FFFFBD9D
000042B6
00001004
00000BAF
0000041A
FFFF9D4D
FFFF93E7
000042F9
000032CB
00000D46
00001FA0
FFFFDB81
FFFFFDF4
0000291E
FFFFB94E
FFFFEBDC
000005ED
0000112A
0000034C
0000024E
FFFFEE2F
FFFFE120
FFFFF04B
FFFFC184
FFFFED98
00000EC0
FFFFD92C
00002A0B
00001EAF
00000AB2
FFFFF4E8
00000B22
FFFFCE78
00001C1E
00000F3A
FFFFFC19
FFFFF4AD
FFFFE8C5
FFFFEFBA
FFFFF070
00002B4D
00003D8D
FFFFE147
00001A56
FFFFBA78
0000067E
FFFFC612
FFFFB2A4
FFFFE2CD
FFFFA211
FFFFE1BA
FFFFE2D7
FFFFF0DD
000010C8
00002780
FFFFECBF
000025B4
00000045
FFFF99DC
FFFFF8B0
FFFFDCDC
000040E3
000070AE
FFFFF2C1
00003127
000028BF
000015B2
FFFFC9F0
FFFFBD0A
FFFFE4CC
00002BA4
000025F7
00006A1A
FFFFA8BE
FFFFD072
00003898
FFFFE705
00000727
000014CA
00001301
00001F21
00000AAA
FFFFE7F7
FFFFF85D
FFFFDB18
FFFFD0D7
0000381D
00001E8B
00001DA6
FFFFDF96
FFFFECA2
FFFFDC95
FFFFE516
FFFFE35C
000051B4
FFFFECC0
0000236C
FFFFFEB5
00004332
0000791F
0000429A
00005637
00000A8B
000024F3
000010B4
FFFFCE40
00000A2C
FFFFD94E
FFFFE5CF
FFFFD149
FFFFF8A8
FFFFA70F
000021F0
FFFFC53F
FFFFDD78
FFFFF04A
FFFFD902
FFFFCDC6
000055C1
FFFFEAE7
00001F76
000025E9
FFFFFB94
0000045D
FFFFFB8A
000017F2
00005F7E
FFFFC259
FFFFE267
FFFFC65F
FFFFCC2B
FFFFDF40
FFFFEDF0
FFFFDD53
FFFFCC37
FFFFF6B9
FFFFD7F2
00002C98
0000199F
00000BCA
00001B70
FFFFFD2B
FFFFFB7F
FFFF7A14
FFFF8609
FFFFE812
FFFFF7E8
FFFFFF61
FFFFE56E
00000652
FFFFD87A
FFFFE303
FFFFE5B0
FFFFD38B
FFFFE6A3
FFFFDA48
000016B4
0000586A
00004577
00001332
00004C3B
00001348
FFFFEAC7
FFFFBE7E
FFFFCEA1
FFFFF8EA
FFFFD823
FFFFF915
FFFFE7E5
FFFFCEC7
FFFFE95B
FFFFCC36
FFFFDA8F
00004679
FFFFF6A7
FFFFF22F
000028F0
FFFFE74D
FFFFDF30
000035C2
FFFFE25F
FFFFC91B
00001043
FFFFC818
000004EC
FFFFE0F6
FFFFA6B6
FFFFF6C7
FFFFF904
FFFFEE37
FFFFF04F
FFFFB324
00001821
FFFFF19B
FFFFC6E2
FFFFDCDD
FFFFC977
FFFFBE98
FFFFB22A
00000546
FFFFF224
FFFFFC75
000078B8
00007135
00000AB1
FFFFF907
00003507
000060B6
FFFFD569
FFFFECFE
00001058
FFFFDF48
FFFFEDBA
FFFFC2D8
FFFFD3FD
00004958
0000527F
00003534
00002F2A
00002363
0000157A
FFFFE476
000015B1
00002AEB
FFFFF76F
FFFFC376
00001687
FFFFDFB2
FFFFF6B2
FFFFEAA8
FFFFF2F9
FFFFE372
FFFFEA7A
00000B3A
FFFFF3FA
FFFFD1F0
00006D66
00002F32
00001403
000017CF
00002E9A
00000256
00000DCD
00001265
FFFFD2CF
FFFFC8E8
FFFFD52A
00000D43
00003C52
FFFFCDB5
FFFFDBA2
FFFFB70A
00001EA8
000057ED
FFFFFABA
FFFFAEA1
0000192D
00004142
FFFFE1CF
00000F9A
000018A1
FFFFCA63
FFFFC5AF
FFFFF2B6
00000DA2
FFFFE457
000020AA
FFFFF2BF
FFFFF7EC
00000E95
00000045
FFFFF5AB
FFFFFB93
FFFFED43
00001F8F
00000DE9
000016EC
FFFFD6AC
00001B7A
FFFFD16A
FFFFE904
000002D0
FFFFEE1F
FFFFF58B
000025BE
FFFFFB79
00001731
000006DA
00003464
00000CD5
0000060D
0000479F
FFFFF840
00000B03
FFFFF08A
FFFFAF81
00000897
FFFFB93D
FFFFDF6C
FFFFD3C4
00001677
FFFFD0E6
FFFFE5FC
FFFFEE8D
00000E35
0000120E
00001C12
000009C4
FFFFE6CE
FFFFF955
FFFFB065
FFFFC37A
0000026D
00002522
00000FB5
000017E5
FFFFF6A1
000000CC
00003F52
00001532
FFFFCC39
FFFFC02A
FFFFE990
FFFFEB10
FFFFB2AA
FFFFECE7
000005D4
FFFFC9C2
FFFFD592
000029E4
00002816
00003335
FFFFD5B6
FFFFD650
00004B0C
0000327E
00002D97
00002EFD
FFFFE0A3
FFFFEDAF
FFFFF472
FFFFE204
FFFFD6F1
FFFFD772
000020E4
FFFFF790
00001A47
FFFFF069
FFFFE9C9
FFFFB895
FFFFFBDE
FFFFF839
FFFFD7EA
FFFFC147
FFFFBDDE
FFFF9738
0000496F
FFFFD298
FFFFAFD1
FFFFB97D
FFFFEA38
FFFFAD8A
000010F6
FFFFCF57
FFFFB75E
00000A2B
000045E2
00001A6C
0000364E
000026D6
000048E2
00001CB5
FFFFF568
FFFFEC02
000040B0
00005C1E
000038E9
00002B8D
FFFFD888
000038A1
0000274B
00000778
00004B88
FFFFF8AE
FFFFE1FF
FFFFDB6B
00002F15
00006EA8
000009AA
00002EF8
FFFFC89E
00001841
000029DC
00000C23
FFFFF6F4
FFFFFF71
00000DB3
0000190E
00003AB5
FFFFF0D7
00000755
FFFFCA42
000036D0
FFFFB380
00003BE9
00000953
FFFFA5A7
00003919
FFFFEE80
000049D8
00006251
FFFFEFAB
00002BDB
000031B2
000077AF
FFFFE718
000006A6
00006633
FFFFD00E
FFFF7D61
0000428A
FFFFB95C
FFFFC8FC
0000200C
FFFFDDF0
0000A098
FFFF6BF0
FFFFC555
00001158
000018E3
00000685
FFFFD800
000044EF
FFFFF0CC
00008178
00004186
00007A3C
FFFF9A6A
FFFFDCF7
0000153E
0000061F
00003B9C
FFFFD458
FFFFEB35
FFFF9A18
0000339A
FFFFD9CD
0000357D
00008D23
0000153A
000062D7
FFFFE72D
FFFFD0A1
FFFFD896
00003B14
FFFFF091
FFFFA7EF
00000D24
FFFFD5B8
FFFFF117
0000495A
00000114
FFFFE244
00000088
FFFFFEEC
00006663
000017EE
00009658
FFFFEA20
00005B92
FFFFB804
FFFFEBAC
00001964
FFFFC27E
FFFF7E24
00005FE5
FFFF8A06
FFFFBF27
FFFFE31B
FFFFB549
FFFFC0EF
00004A58
000007AB
FFFFC786
0000447A
FFFF9D49
00004297
000059C8
FFFFDBAA
00001319
FFFFCB5C
FFFFBE0B
00004B58
00004A99
FFFF8A69
FFFFE5F4
FFFFB9EA
000030AE
FFFFB717
FFFFCB0D
FFFFAF52
000032E5
FFFFBA3A
00005B4F
00000BB4
FFFF9CF0
FFFFC02D
0000421E
FFFFBADB
FFFFECDD
FFFFD408
FFFFD374
FFFFF49C
00006314
FFFFFB8A
000050F9
FFFFD27D
FFFFB940
00005795
00004936
FFFFD6BF
FFFFCB40
FFFFF037
FFFFF82F
FFFFC677
000036B9
FFFFCC17
0000016A
00003E69
FFFFC859
000013E8
000048EB
0000053F
FFFF8296
FFFFC618
FFFFB1CF
000098EF
FFFFEE42
FFFFDAB4
00006DF5
000019D1
FFFFC357
FFFF98E3
FFFF9156
FFFFECDE
FFFFE159
FFFFFADA
00000BE2
FFFFA4D7
000061B5
FFFFDF8E
00003364
FFFFDD8C
FFFFD35D
00002C94
00007375
000072B3
FFFFE9F2
FFFFED5D
FFFFED4B
00000993
FFFF9A35
FFFFDE70
000001B3
FFFFCCB0
00003AB5
00004EED
FFFFE8BB
FFFFC2C9
00001DF5
00002FF8
FFFFFEB2
00001001
FFFF80AD
0000059F
00002C0A
FFFFA5A1
FFFFC6B0
0000764D
FFFF9AFF
FFFFA415
00001FAA
0000775F
FFFF9520
00001884
FFFFF128
FFFF9976
FFFEEDF1
FFFFC1AD
00001374
FFFFA7AE
FFFFE2F0
FFFFDF0F
0000245A
FFFFAD6A
FFFFC9EE
0000793C
FFFFC6DA
00002E7C
000010E7
00002C57
00001530
000066A9
FFFFD1EB
FFFFCF9E
00005020
00001567
FFFFE09B
FFFFAF5E
0000541A
00000B63
00002BBA
000017E5
FFFFE9AF
FFFFFDC5
FFFFE636
FFFFF9BB
00002B58
FFFFF8F8
00003BD5
FFFFAA19
0000108E
FFFFFDCE
FFFFE656
FFFFE9DB
FFFFCDA0
00003E6B
FFFF9B3A
FFFFFA71
00001A52
FFFFA034
00002D7B
00003640
00001121
00000836
FFFFB8A5
FFFF5648
FFFF53B4
FFFFCE78
00002426
00004563
FFFFD2BF
000034B6
FFFFD3AF
00007876
00000503
00002B74
FFFF7D77
00003A62
00006010
000004F9
00000CEA
00002F13
0000051A
00000075
FFFFB054
0000384C
FFFFB2F2
000058AE
00002D2F
FFFFF935
FFFFB267
00000BB2
FFFFE7EA
000012AC
00000917
FFFFE6EA
000006FB
00007A63
FFFFE766
FFFFD9FF
FFFFB9A9
0000A4A8
00001DEF
FFFFE1D7
FFFFDE0C
FFFFEDF0
FFFFB1A1
00008F37
FFFFB68B
000020A3
000001FB
0000016B
00002E19
000017F1
0000535B
00002558
FFFFB09C
FFFFFBB1
000061B5
000013E2
FFFFE094
0000317D
FFFF8D56
FFFFB149
FFFFDAA8
FFFFE096
00006918
00003499
FFFFBD8F
00000CFC
00007CFA
000001E8
FFFFCC0E
FFFFBB5A
000030C1
FFFF9EDF
00003676
000037C4
0000443A
FFFFCA86
00000838
FFFFEED1
FFFFCE54
000079F7
000037A2
00006A6B
00001E65
0000622C
00009DAA
0000447D
FFFFD77F
FFFF49CA
FFFFC321
0000204D
00000485
FFFFF9A8
00002F02
00000E8A
00000231
00000A4F
00006888
FFFFF1D3
FFFFDE87
FFFFE8BB
FFFFA6DF
0000140B
00002A02
FFFFCB5B
000085A2
0000E8C2
FFFFD5CC
FFFFA263
00006522
FFFFDFEB
FFFF7727
00000520
FFFFC1A4
FFFFD310
FFFFEBC0
00002D49
0000082A
FFFF9D7D
00000B46
000009E8
FFFFFE61
00000570
00003AAB
00008487
00002A32
00000B68
00005EBC
00005B77
00004082
000010CA
FFFFDDCB
FFFFE027
000015F3
000045B0
FFFFC0C0
000009E9
00004D23
00007249
FFFFA2C1
00009671
FFFFFB83
FFFFC93B
00001C2F
FFFFB384
FFFF6B07
FFFFF8FA
00000FAE
0000A180
FFFF8C51
00004B36
00006A34
0000479E
00006ACF
000011CD
FFFFE1DA
FFFFB832
FFFFF795
FFFFF615
FFFFF444
00008F2C
FFFFCFF9
00003A7E
FFFFFD19
FFFFEB41
000024FC
FFFFF68B
00001682
FFFFB1A6
FFFFD7D9
FFFFE378
000040B0
FFFFFE4D
000021A9
FFFFE71F
000008E0
FFFFC5D7
FFFFFD49
FFFFE005
00002428
00003C8D
FFFF9943
FFFFEFCA
00002500
00001158
000069B0
0000008C
FFFFB58F
FFFFE260
FFFFE000
FFFF8708
FFFFA49F
00001C4D
000006C8
0000924F
FFFFBFD3
FFFF78DB
00005767
00007CF5
FFFFB282
00000C85
FFFFEAF4
FFFFF470
FFFFFBB2
0000306B
00002B67
00000C33
000029FD
00001D98
FFFFEB0F
FFFFF1AB
FFFFD49D
00003905
FFFF81C5
00006820
FFFFEF8D
FFFFE1BD
00004A39
FFFFBA02
FFFFFE93
000045F3
00003FD1
FFFFE5D1
00002ADD
FFFFBBC8
00003EEA
FFFFC234
000033A0
FFFFA97C
FFFF9114
00001DC9
000039FF
00005080
FFFFA012
000054D6
FFFFC320
00009435
0000026E
FFFFD269
0000654E
FFFFEA29
00007E40
00001941
000090D4
FFFFBD75
00003A66
FFFFFBFB
FFFFFE16
00001FC9
00004875
00002FB3
FFFFC8F9
FFFFEE84
FFFF8AE1
00003507
000047FA
FFFFF766
FFFFEFCE
000053CD
FFFFE09F
FFFFCA5F
00002A1D
00007796
FFFFD245
000010B7
FFFF6F48
00001E8B
FFFFD748
FFFFBF16
00000C6E
FFFFF394
FFFFB92F
FFFF9CD4
00000CA0
000032D1
00003EAD
FFFFC7F0
00006215
00002014
00001A09
00001D6F
FFFFB900
FFFFB2B0
0000947A
FFFFFB8D
00005AD8
00000031
00001BBE
FFFFBADB
000016C9
FFFFEB3F
FFFFD694
FFFFCED9
000044CA
FFFFF800
00002A9B
FFFFCCD3
FFFFC4A8
FFFFA629
FFFFADF4
FFFFE863
00007F15
00002A8A
00002D2C
0000085F
FFFFDC94
FFFF9284
FFFFCAB2
00003388
00001BA5
000020D9
FFFFF19C
FFFFBEF2
FFFFAF8C
FFFFDF9F
00001D33
FFFFDD39
FFFF6610
FFFFAC84
000040A3
FFFFEEFB
00006948
FFFFFEDB
FFFFFA2F
FFFFF266
FFFFBBFC
FFFFB8EF
0000C264
00000E2D
0000103A
FFFFB114
FFFF4E2C
000084E3
FFFFBAB4
00005C76
00003670
00002B6D
FFFFE3F1
FFFFF2E7
00005867
FFFFE917
00006CAB
000024B5
FFFFE1CC
FFFF924B
0000B034
FFFF8B29
FFFFD0D5
FFFFAEE3
FFFFFDBF
FFFF7464
00004652
00002843
FFFFFC18
000073BF
FFFF3FF3
FFFFC7F5
FFFFB347
00008E7B
00003E4A
00003489
00003198
FFFF7A30
00001E96
0000299E
0000595E
FFFFD297
FFFF9891
000069C5
00003170
000052F8
FFFF2EDD
0000AC66
00009238
FFFF5E66
FFFFCE8B
00002C93
00006ECE
00006CDB
00002560
FFFFCF72
FFFFA6F8
000007FB
FFFFF700
FFFFCD35
FFFF7D2F
FFFFB804
FFFFC068
FFFF8530
00000416
FFFFE89B
FFFFBA56
FFFFD501
00004E35
00002027
FFFFC161
00002CD1
00001D0A
FFFFB415
FFFF58AD
FFFFF2E5
FFFFA693
00000280
FFFFF4D3
FFFFDE41
0000270F
00005283
0000436A
0000327D
FFFFD199
000019A4
FFFFE427
FFFFFF9A
FFFF7D5C
FFFFB971
000062DE
0000189D
FFFF5259
00006297
00008B66
FFFF676A
00001E31
FFFF8961
00004642
000025AE
FFFFF44F
FFFFB913
00001428
00000C4B
000015B8
00007E2C
FFFF496F
FFFFAC10
00003A44
FFFF71EA
FFFFDCCA
00008E55
0000346A
00001400
00001586
FFFFE141
00005AB2
FFFF885E
00004D27
00006622
00000A82
FFFFDCD7
FFFFDBBF
000037AC
00001FD7
FFFFB858
00007A4B
00002254
000014B0
00004FBE
FFFF9D37
FFFFF4A9
00005C8F
00002E67
00008060
FFFFFBB5
00002B08
0000443D
FFFFF741
FFFF7F3A
FFFFF7E6
FFFFF669
FFFF95C5
0000340A
FFFFF554
FFFFBD87
00000DC3
0000243B
FFFFFD78
FFFFEA75
FFFFEF6F
FFFFE86D
FFFFE5DA
FFFFA2C0
000081AD
FFFF8E64
FFFF7079
00007B94
FFFFB163
FFFF6173
00007C6F
00000B55
FFFFB8EC
FFFFDF93
FFFFDF38
0000311D
FFFFA557
FFFFFAEB
FFFFEBE3
00005C20
FFFF8558
00003A30
FFFF67B8
000013E4
FFFFBC28
000031A0
00003A49
00005374
00006201
0000414C
FFFFDEB4
0000C484
00005E48
FFFF8CED
00009617
FFFFDC03
FFFFA1B8
000054E7
FFFFD26D
FFFFB730
FFFFD85C
FFFFACE5
FFFFD3DF
00009FF1
000050C7
FFFF5F79
00002C3D
00002474
0000707A
0000157A
FFFFAF2E
FFFFB6DE
FFFFEE29
00002E6B
00004938
FFFF5AE7
000013E0
FFFF852D
000009D5
FFFFD9ED
FFFFE125
00000289
000035F7
FFFF6A11
0000C7BC
FFFF8A10
FFFFBBA1
000001AC
FFFFD8DB
FFFFA533
00005579
0000696E
FFFF74AB
FFFFBE66
FFFF8EB1
00003A7B
00005D58
000012ED
FFFFE5CC
FFFFA6F4
FFFFF5E1
FFFFA5EC
FFFFD82E
FFFF554E
FFFF9AC5
FFFFB16C
FFFF6076
00001D68
00002CEE
FFFFFC96
FFFFE43F
FFFFE715
FFFFFCC9
FFFFDFA0
00000D1E
00001949
00003C54
00001E67
000027F9
00001917
FFFFA501
00001A8A
FFFFF9B1
00005116
FFFFEC27
00008642
00001360
FFFFBB56
FFFFBED4
FFFFCD99
0000035A
000025E9
00002F6B
FFFF79A6
0000F1AD
FFFFEC45
00005917
00001508
000001F4
FFFFA1E2
000022E4
00008DEA
00001BEB
0000735F
00000C7E
00003449
FFFFEB27
FFFFCB8F
00002C52
00002C21
FFFF9991
FFFF9BB7
00001BB7
FFFFACB9
FFFF86C6
00000F46
FFFFA2DF
000092DE
FFFFADEE
FFFFEEE8
0000530C
00008E43
FFFF40AE
FFFFC1B3
FFFFB2B7
00001A89
FFFF92CE
00002508
FFFFD14D
FFFFEED3
FFFFD7D7
FFFFB058
FFFFE8C1
FFFFD3B7
00009EDC
FFFFBFC9
0000276B
00006B64
000022C2
FFFFF36A
0000032B
FFFFCEDC
00002C2D
00006345
FFFF90B8
FFFFB5D6
00000D48
FFFFDDD7
FFFF7C83
FFFFA7B4
00002D92
FFFF3CDB
FFFFA7B4
FFFF9606
00003471
FFFFFFC1
00004D07
00001835
00002BE3
00004F1F
00001B88
FFFF92B4
FFFF9BFC
FFFF851D
FFFFF6E4
FFFF932F
FFFFEFBC
00009F0E
FFFF8D79
FFFF9504
000059FD
FFFFD3B6
FFFFAF2F
FFFFDBD7
00002A73
000001E1
00000F6B
00002F25
FFFF9EB8
00001571
FFFFF9C7
FFFFF7D3
00001828
FFFF8A61
00008274
FFFFCA62
00000CA5
FFFF3E2C
000010C2
00006EAD
FFFF9CA9
00004652
00005BBA
FFFFB13D
0000872E
00003B1D
000048FD
00000F98
FFFFDB92
FFFFF863
FFFF8E45
0000264F
FFFFC8CA
FFFFD80D
00003EEC
00003ADA
FFFFCB74
FFFFFEF7
FFFF91DA
FFFF9FCF
FFFF7209
000067C8
000086D4
00002316
00001A1C
000041D7
FFFFAD05
FFFFB144
FFFFD141
FFFFBA34
0000950F
FFFFE7C3
000011AA
FFFFAA7A
00007B95
FFFF4B6B
000081CB
00001232
FFFF4130
FFFF93A9
00005BA6
FFFFFC08
FFFFC649
FFFEDD54
FFFFD497
00006B4C
00002BB5
FFFFE4FF
000077EC
FFFFB74C
00000C42
000006AC
0000142A
FFFFD351
FFFFE4EE
FFFFC7A5
FFFFD73D
FFFF9C1E
FFFFD7AD
FFFFB196
000022E4
00007C9C
0000379C
00001414
0000867D
0000734B
00000506
00000F82
FFFFB037
00008663
FFFFF96F
00000EFB
000017BF
FFFFE178
FFFF2566
FFFFCAFA
0000112D
FFFFFD88
FFFF7455
FFFFCD2E
00004BD4
FFFF6D88
000013A2
00000146
00003288
00000BF9
0000079D
FFFF2282
FFFFD8E7
FFFF938D
00000ACC
000025F1
000049DF
000004AF
0000663D
000034BE
0000984F
00001FE4
0000194B
FFFFDF7D
0000377A
FFFFA12D
FFFF909F
FFFFA2A1
FFFFDBAC
FFFF9653
000012C6
00007343
00000C96
FFFFB157
000010C4
FFFFF09E
FFFFDF60
00000823
FFFFE7C6
FFFFD6D5
FFFFC64C
000042DA
FFFFF634
FFFF7231
FFFFE55D
FFFFC003
FFFFCA18
00003A3F
FFFF9CBB
FFFF71C7
00005940
FFFFEEF2
FFFFC9D9
00001B2F
FFFFDF33
00000A0E
FFFF906E
00002D73
FFFFBA6C
FFFFF846
FFFFFB3E
000034EC
00005B9F
FFFFC633
00001EA0
00003CF9
FFFFDEDB
000058B8
00009439
FFFF828B
00000970
0000A241
FFFFEC1C
FFFF6B2F
FFFFF299
FFFFE9D7
FFFF86D3
FFFFEB24
00006913
000048F7
00004F3B
0000858E
FFFFB2B1
0000DA3C
FFFFEFE6
00005289
FFFFD7A4
0000863B
FFFFC65A
FFFFE8FB
FFFF8CA8
00003480
FFFFAE61
FFFFFF2D
00003774
FFFFF86E
FFFFD174
FFFFC85A
FFFFF81A
00001857
00003C4A
FFFFFD4A
00004946
00000B97
FFFFC57E
FFFF95E3
FFFFED6B
FFFF97C2
000046DE
0000048D
FFFFAC20
FFFFADF3
FFFFEB1D
FFFF9C4D
FFFF16DF
FFFF8D16
00006F4E
0000087B
00001C8F
0000899C
FFFFAC99
00000BDF
00003A71
FFFF7D9F
FFFFBC3D
0000140F
FFFF9429
FFFFE4DE
00006650
FFFF80A4
FFFFA05C
FFFFCCF1
FFFFCE10
FFFFF71B
FFFF43E9
00002985
FFFF8CBA
000050D7
FFFFD76D
FFFFC921
00008EF6
00007505
FFFF6D22
0000B6A6
FFFFC9B2
00002D06
FFFFE97A
FFFF0B73
00001F74
FFFFC838
FFFFDC4D
FFFFCB16
00000591
00002553
FFFF6AAA
00003E73
0000552B
00005017
FFFFDE2F
00003DA3
FFFF5CE2
FFFF9F92
FFFF35ED
00004791
FFFFD120
00003686
000023EB
000036E6
00006C13
FFFF811F
0000AF64
FFFF95DE
FFFF4664
FFFF53ED
FFFFEFC3
00003CEC
FFFFFBB3
00002154
000002C6
000064BA
00004FF9
FFFF8F1B
FFFFEA22
FFFFC901
FFFF7547
FFFF5AAF
FFFF9F8E
00008A07
0000248A
00004C19
000012A3
FFFFBABE
FFFF800D
000020B2
0000B056
FFFFE4AA
0000286A
FFFFC4B2
0000537C
00000667
000019E7
FFFF22D0
00001976
00000539
FFFF66CA
000064EF
0000604A
FFFFF613
FFFFAD9F
FFFFEAF3
FFFF850E
FFFFD37C
0000132B
FFFFEE89
000004F9
FFFEFD4B
00007A6A
FFFF3BC1
00005D30
00006E61
00000836
FFFFFCA8
00002B40
FFFFB74C
0000AF11
000007D7
00004C69
FFFFD2B3
FFFFE15D
000016AE
0000FA18
0000292B
0000577D
FFFFCA95
FFFF5612
FFFFC5FB
FFFFAC9A
FFFFCF28
00006795
FFFFAE0C
FFFFCB0D
00008E4C
FFFFBC37
00003FBC
FFFFCF73
FFFF8644
00009F9A
000073C8
FFFF478A
FFFF554E
0000AA95
00005C2C
00008A07
00002EDA
FFFFFA9F
FFFFAEF2
FFFFF416
FFFFD4CD
0000480C
00008C77
0000173E
FFFF8FE3
FFFFC3AE
00005C0B
00000567
FFFF821A
00002ECF
FFFF9469
FFFFD360
FFFFAF4C
FFFFBFA9
FFFFC09B
00002770
00006315
FFFFF88B
FFFFD96C
FFFFBBDB
00001176
FFFFC90C
FFFF2B85
FFFFEEF7
00002466
00009D47
FFFF8F50
00007C17
0000124B
FFFF4417
FFFFFBE9
FFFF66FF
FFFFF343
00006F97
00000198
FFFF39FC
000091A7
0000390C
FFFFD0B2
00009F79
FFFFF8AF
FFFF8AC3
000045C6
FFFF954D
FFFFB4FD
00008F95
000038F6
FFFFDB01
0000224A
FFFFC70F
000019D1
00002888
00005AD7
FFFF4EE6
FFFFE045
00003CBA
0000059A
0000091A
FFFFBFC7
000050C2
0000367B
0000A575
0000BF68
00003E6C
0000057A
000012C7
FFFF914A
FFFF886C
000092BA
FFFFC17D
000040D6
FFFF9948
0000198D
0000D6A3
FFFF67FD
00005B55
0000215C
00000BCD
0000A9B6
000051A8
FFFF60C7
FFFF60FE
FFFF58DA
FFFFD985
0000E8AE
FFFF5FB4
000029DD
FFFF994D
00005784
00002160
00000D5F
FFFFA950
FFFF8B0B
FFFF98D0
0000206F
FFFFD1DE
000047E3
FFFFBB06
FFFFC2B6
00001D01
000099E7
FFFF7047
0000CE91
FFFF5ADD
FFFF6C58
000072B7
FFFFB649
0000AAA6
FFFF93D5
00000E1F
FFFF4F78
FFFF0122
00001C2E
00007A72
0000947E
00008C17
FFFF6FE1
FFFFA58E
FFFFBC4C
0000093A
00002638
FFFFC901
0000013E
000040CE
FFFF1E66
00002AC5
FFFF881D
FFFF8053
00002954
00004360
FFFF716B
0000099C
FFFFD283
FFFF8B62
00006E98
FFFFFC2E
FFFF588C
000083F2
00004020
000094E2
FFFF8D93
FFFF10AE
FFFF455A
FFFF39E0
FFFFCD15
FFFF9E3D
00011D67
FFFF9BB3
00011770
000029B3
00004945
00001F49
00000D94
000070DA
000060D3
FFFFDA4C
000004B3
0000315E
FFFFB972
FFFF73BD
FFFFD316
000033F2
FFFF5F68
00009BDC
00004B6F
00000473
00009E70
FFFFB810
FFFFDDA1
FFFFC60B
FFFF6863
FFFFF3B0
00007D6E
FFFFBA16
FFFFBD0E
00004748
FFFF9FF3
0000DDFA
00006718
FFFF326C
FFFFEB5F
00005645
00004271
00003B18
FFFFB683
00009EEE
FFFFF2A9
FFFFF8FC
FFFFF3BA
00000B90
FFFF87DC
00001119
FFFFF1BD
00002137
00005B0C
00002BC1
FFFFB889
FFFFA8BF
00017783
000009FC
FFFFE650
000221FE
0000EC92
00003935
00014C20
FFFFFBC3
FFFFB17F
FFFF7E1A
FFFFD76A
00005117
0000320E
FFFF6530
00008834
00008773
FFFF7274
FFFFEC68
00004F84
00004943
000073E7
00001529
FFFF9AE8
FFFF4AF0
000065AD
FFFF30EB
00006C29
FFFFF0E4
FFFFD833
00003209
0000AB8E
FFFFF2E9
000061D0
FFFFE8AC
FFFFF7D8
0000127B
00003421
FFFF8DDE
00005D7C
FFFFF5C4
00004DAB
0000E61F
000057DA
000029E3
000036A7
FFFFA836
FFFFD409
000008A8
000007E5
FFFF9B68
0000557E
FFFFE45D
000097D8
FFFFA96C
FFFF5C4A
FFFFA672
0000144E
000064CC
FFFFBB32
00004149
00002A09
0000553F
0000847E
000093CF
00005DBB
000062CD
0000844C
00002EA8
FFFF5242
00000A3B
00000D34
00000C2D
FFFFB736
FFFF7873
FFFFD4BB
FFFF81B2
FFFFB656
FFFF6A41
000061A7
FFFFF9B6
FFFFC463
FFFF9009
FFFFC75C
FFFFEFA5
FFFF9A07
FFFF5852
00008E6A
00005236
FFFFEB82
FFFFF932
000039E9
FFFFFC40
FFFFB37F
FFFFD4F8
00002393
FFFF6220
0000F60A
FFFF463A
00004C64
FFFF9074
FFFFDF40
FFFFF849
000026B3
00001D17
FFFFADBC
00009E93
FFFF9479
FFFF9A97
0000B3FE
FFFFCCA0
0000945D
FFFFE113
000054B8
0000076A
FFFF6356
00001AEA
000007B0
FFFFE885
000066F4
00006AD2
FFFFE3F7
0000B3D3
0000D1A5
FFFFC2C9
FFFFFAFB
000082E9
0000A395
00008809
000062C1
FFFF229C
FFFFE05C
FFFF8C13
FFFFADE1
FFFF8C0E
0000265E
FFFF5D4C
00005312
0000D0F3
00000F0B
00001B11
0000CB6E
FFFF7A9F
00006753
0000B51F
FFFFEF85
00000153
0000A1D2
00002FE8
00006A49
FFFF7E30
00006A21
FFFF2C2B
00004286
00001338
FFFFD70B
0000D36A
00007CF8
00003C09
000090B9
FFFFE69F
FFFF8D2C
00007214
00005008
00005180
000002DE
FFFFA666
00004C14
0000AD72
0000A68B
00007C1F
00005D7D
FFFF967A
000010E5
00003016
FFFFEFC9
0000C82C
FFFFA8D7
0000F2A4
000014C4
FFFFE791
FFFF83BD
00004969
00003635
FFFFF0E6
FFFF75D7
FFFF6545
00002674
FFFFE0D3
FFFF7E54
FFFFD492
FFFFB477
FFFFDC4B
00001BDC
0000B6DA
FFFFD4D2
00002B6E
FFFFB480
00000F5B
FFFFCC81
FFFFE296
FFFFE5F1
00001B32
FFFFA1AD
0000E6F0
000036F5
FFFF6BE0
FFFF8EC9
FFFFE972
FFFF4E4D
0000B11F
FFFFF1B8
00000B2A
FFFFC745
00004746
000014AC
FFFFEB7F
0000256B
000002BD
00005250
FFFFEB7D
FFFF688E
FFFFDE3D
00001895
FFFFCC97
000060F0
FFFFE92C
FFFFD322
00004C90
00000FA1
000041C0
0000596B
00009E81
FFFF5332
FFFEFC16
FFFF6C60
00003CE8
00005764
FFFEF194
00007177
000061D7
00011102
00007DCC
000009BA
FFFFB1A0
FFFFBF87
00001990
FFFFF78F
FFFFFF5A
FFFFE757
FFFFE1D9
0000A231
00007071
FFFF8C46
FFFF6632
00003BE5
FFFFC70D
FFFF4608
00008CC2
0000B9B3
000036BE
00003172
FFFFDDEB
FFFEE87A
0000874F
FFFF342C
FFFF5E54
00002B28
FFFFE109
0001011D
000112B6
000004F6
FFFFC227
00019330
FFFFD69A
00004719
0000D235
0000445B
00007FF7
FFFFB651
FFFFD409
FFFFAF00
00000DF6
0000278A
FFFFAA3C
FFFFF579
00001CE9
00000428
FFFFBD78
FFFFC0B0
00003D2D
000039C7
000003B9
FFFFEAFB
00001475
00000A8B
00000A5F
0000507C
0000776F
000053BD
FFFFB403
00008325
FFFFF731
000051AB
000052AA
FFFFDAE3
FFFFC095
00001FE3
00002783
FFFF8A00
FFFF2416
FFFFEE5A
FFFFC359
0000585B
00001E73
FFFFB17F
000011CF
FFFF594B
FFFFD0DC
FFFFD3CA
00007782
FFFF8C20
00005575
FFFFFF61
FFFF99FD
00000171
00001968
00000C5D
000043D1
00002D92
FFFFC6E9
000021DF
FFFFAB35
FFFFCD08
00000B99
FFFFB2A4
0000A624
000025FB
00008C41
FFFFE387
00001679
000038DD
000062BC
00003DF7
FFFFBB24
000029D1
FFFFE225
000001C5
0000193B
00001D68
00006677
000048FE
00003C40
00006EB5
FFFFDEBD
FFFFBB46
00008DDD
000028EE
0000069C
0000379A
000030C3
FFFF99A9
FFFFFF93
00006D1E
00005270
00000E0F
000062EE
FFFFCC62
FFFFD8DD
FFFF80DC
00004DB5
000049C4
FFFFA6C7
00004FD0
FFFF9336
FFFFC4D2
FFFFC8F0
000008F5
FFFFCC09
0000499C
0000110E
FFFFA893
0000554E
00000878
00002E8C
FFFF9153
00004A85
000059FB
000018CE
FFFFE798
FFFFD28C
FFFFCE03
FFFFEAE4
00002EAE
FFFFF759
00001148
00008050
FFFFF75D
00004C04
00003F91
FFFFE5B6
FFFFBDF7
000056E5
FFFFF355
00000596
FFFFFA02
0000232C
000032C4
000035BD
00009D1D
00002E21
0000A7EF
FFFFEB50
00002023
FFFFBB49
00004DEE
FFFFF466
FFFFA8D5
FFFFF916
00005E07
FFFFBDB9
00003F29
0000054E
FFFFEF6E
FFFFAF8C
FFFFA008
00001D27
FFFF78D0
FFFFB092
FFFFB5CD
FFFFF4FC
00004C3B
00002018
FFFF8FDC
00004E59
000030ED
00008D7D
FFFF6C58
FFFFDD1B
FFFF8D4D
FFFFA133
FFFFD20A
FFFFCAD5
00000C69
0000214B
FFFFBFB1
00007284
0000604A
00003554
000059EB
000052B7
000033F7
00001182
00004AD3
00008C6D
0000274F
FFFFEC22
00000D9B
FFFFCC35
FFFF21A0
FFFE8803
FFFF89B1
00000A47
000070B8
000098DE
000034C4
FFFF8E4B
00001019
000010F2
00000662
FFFF934E
000032C9
00003D8F
00006456
FFFFE15D
FFFFB3ED
00001C10
FFFFEE5B
00000C78
00003E86
00001C44
FFFFD84F
FFFF9F94
00006D12
000048A4
000059D5
FFFFCF6F
FFFFF0A4
00000FE7
00008291
00007572
FFFFC129
FFFFDF9D
00002FCD
FFFFF6F2
FFFFF659
FFFFF065
FFFF768F
FFFFF874
FFFF6F2F
00007DB7
FFFFB1FF
0000707A
00001420
FFFFC802
0000594E
0000077F
00003B66
0000A583
FFFF970B
000023DA
000083B9
FFFF9230
FFFFBA1F
FFFFB70D
00000010
FFFFB481
00001985
FFFFA08E
00002295
00003784
00004D00
FFFF9B5A
0000D39B
FFFFFBB6
00006F17
FFFF3FB9
FFFFDC83
FFFFD3E0
00001EA9
FFFFC957
00002161
00002572
000015DE
FFFFA4F9
00000A1A
00003F8A
00000AF5
FFFFA7D4
FFFF9AA4
00000E4A
000031B2
00004BEB
0000485D
FFFFB410
FFFF9458
00002C6B
FFFFD460
000019EB
00002FFE
00000C37
000022E6
00007904
FFFFE810
FFFF8D35
00000ACF
FFFFEC63
0000251E
00006A40
FFFF8DDE
FFFFED32
FFFFB74E
FFFFA084
00005310
000004A2
FFFFDB54
000003DB
FFFFE929
FFFF883D
FFFFD4EA
FFFF989F
000017CE
FFFFF78F
FFFFC72B
FFFFF6B1
000024C9
00004289
0000317D
000044D8
FFFFCCA7
00007259
0000C5BE
000009EA
0000BD1B
00004B3D
FFFF89C9
00005A42
FFFFE473
FFFFDB36
000063F8
FFFFA88A
FFFFA917
00002070
000020C1
FFFFDCD3
FFFFB16B
00000C2A
00001651
00007F8B
00004B86
FFFFFD5B
FFFFFCA4
FFFFCC51
FFFFBDE5
FFFFA32D
FFFFAC39
FFFFDC4D
00004878
00005712
0000168E
00008E01
FFFFB7EF
FFFFF1E3
00005E6B
00004A45
0000196F
FFFFE925
FFFF8A3A
0000335E
00009F1D
000040C7
000022EC
00002006
000017E0
00007831
000040E4
FFFFBE19
00009C74
FFFFE633
000066CE
000020F3
0000058A
00007DE1
FFFFBE08
00000682
00004536
FFFFB1CE
FFFFFAED
FFFFC602
000014BB
00000B73
00003691
0000825D
000016A6
FFFFD0C1
000005EC
00005162
00008905
FFFFCA7F
FFFFA498
00002276
000017B0
FFFFD69E
00002126
000051C6
00000FFE
00002EB0
000019E8
FFFFABBD
00002610
FFFFD366
0000A48A
00002596
FFFF9F52
00001B1F
00005A72
FFFFB5D9
00002A19
FFFFEBEA
FFFFE02F
FFFFF12B
00006536
FFFFD109
00006814
FFFFD79A
000056A7
00000AE8
00000221
FFFFF6CB
FFFFFEBA
000008D4
FFFFFB62
FFFFC734
FFFFC18C
0000078E
000091CE
FFFFF7F7
FFFFE064
00004B4B
FFFFFA6D
000036D7
FFFFFDA4
00001298
00002994
000036A8
000019DC
FFFF97A1
FFFFCC54
00003FB1
00002766
0000A85F
000003B7
FFFFDF13
00002572
FFFFA37B
0000311E
FFFFE32A
00009F84
00000435
00006D48
FFFFAF4C
00005547
00004EBF
FFFFF650
FFFFDB1A
000052AF
FFFF9C52
0000792F
000099DF
00008134
00000B11
00001064
FFFFEC9A
FFFFEB6F
000021B0
00006EE9
0000302B
FFFFBCE2
000056FA
000049CC
00005863
00001668
00001BC6
FFFFD7EF
0000077C
FFFFD7A5
FFFFEC53
00003CBF
00003B9F
FFFFBC91
0000C50B
0000614A
FFFF9A9B
0000096F
000045AB
0000530F
FFFF7988
FFFFCE87
0000221A
FFFFBCEA
00004D12
00000BBC
0000737E
FFFFFFD3
00000ED9
FFFFF2A9
00001AD5
FFFFB928
00001231
00004BA6
00007A75
FFFFCD17
FFFFE1D7
0000632F
00007570
000006EB
FFFFC32B
000010A9
FFFFC499
00004277
00000783
FFFF89C7
00000E5A
FFFF8259
FFFFC783
0000659B
000013BE
FFFF90B6
00001AD1
FFFF8573
FFFFCFED
FFFF7707
FFFFCADB
00003F1D
FFFFF96F
00002DD1
00006885
FFFFC527
FFFFB668
FFFFEF51
FFFFF62A
00003897
FFFFDCCC
FFFFED65
FFFFCB82
FFFFA973
00003710
FFFFF3EF
00000FEA
FFFFF559
0000538A
FFFFF8B1
FFFFB4B1
FFFFA8E2
FFFFE4B4
FFFFF26F
00005BA4
FFFFFB17
00002F5F
00002A95
FFFF7756
0000186E
000026BF
FFFFCF84
FFFFA7BF
00002595
00003075
FFFFA03C
0000052E
FFFFE328
0000161F
FFFF89ED
0000642A
00000923
00000AB3
00008AD3
FFFF8335
00005643
00005A5C
000026A0
FFFFE912
FFFFE65F
00006BD1
000096F2
00000458
FFFF9653
FFFF69A9
FFFFE6A7
FFFFF13B
FFFFE769
0000D40F
000063E3
FFFF74A5
0000311C
FFFF40FA
FFFF989F
00001481
00004519
0000473A
000049AF
FFFFF707
000070D6
0000630D
00006E66
00004915
FFFFF3AF
00000492
FFFFEC3D
FFFFF68C
FFFFE5F4
00000A9E
000029F3
FFFFE125
FFFFD76E
FFFFF411
FFFFF672
00001AA2
0000358F
00004899
FFFFD974
FFFFAFF8
00002DBC
FFFFDA8B
00001F22
000037AD
FFFFC7B7
0000060D
00002511
00002EFE
00000895
FFFFAEB2
FFFFC6F1
FFFFBB06
00003425
0000423D
FFFFCB02
00001AE9
000011B1
000035FF
FFFFE86C
FFFFD726
00003ECA
00005ED9
FFFFBFCE
FFFFF216
0000173A
00006AC7
00000EEC
FFFFCD97
FFFFDE5A
00002B6F
000025E4
00000310
00001F41
FFFFE0F9
FFFFC890
00001A30
000047C3
00001400
000004E8
00004302
00002AC2
0000297D
FFFFE907
00003370
FFFFF3ED
FFFFB00C
FFFFBBC9
FFFF902D
FFFFBE4C
00002EF1
FFFFC3E7
000043AF
0000640A
000020E6
FFFF91A8
00003BF6
FFFFD1F0
000039C4
00000DFB
0000002C
00005DD7
00004226
FFFFF765
00000C5F
00001CA3
00002583
000027F7
FFFFCA7D
FFFF928F
FFFFF897
000012A6
00000CC0
FFFFC079
FFFFE6AD
FFFFC828
00002EDA
FFFFDE2F
00002D0D
000028CE
00002ED7
FFFFE3BE
00004065
00003705
00000B49
FFFFE263
FFFFBCFA
000035AA
00002FAA
00001260
00003D2F
0000099B
FFFFB608
FFFFB790
FFFFADAC
FFFFEA2A
00001476
00004358
00004DEA
00000783
0000408A
FFFFE14C
FFFFC44A
FFFFF65C
00002CE3
00000F50
000036EF
00002B57
00003C44
00001992
FFFFC553
00003767
000006F3
00000125
FFFFD2CB
FFFFE59E
00001BF4
FFFFC20B
000027BE
00001E7B
000029E0
000001CB
FFFFE064
FFFFDE95
00003C42
000022A5
FFFF9533
000005BD
FFFFC79A
FFFFF041
00004994
FFFFC7CA
0000473F
00001898
FFFFE8F6
00002747
000005BA
00005053
FFFF9A68
FFFFC620
FFFFFCD7
FFFFC008
00001DAE
FFFF9291
FFFFE237
FFFFC259
FFFFFC52
FFFFF09C
0000222F
00002966
00003257
00000617
00001F35
FFFFEADF
000032EA
FFFFF473
FFFFF65C
000040DF
0000279F
FFFFC720
FFFFAE48
000046AF
FFFFBD19
00005383
00000466
0000150C
FFFF9B9A
FFFFCA43
FFFFE237
0000FF24
000088D1
FFFF3AB9
FFFFA956
FFFF7CC6
FFFFFEDA
00003A44
FFFFE5AF
00000BB4
00002790
000009C4
00003436
0000215D
FFFF8F99
00005D5E
FFFFE737
00005D6F
000002C9
00006379
FFFFD703
FFFFE2A2
00002FF4
00002085
00002D33
000013C2
FFFFBD19
FFFFADE7
FFFFFFCA
000034CD
FFFFC09B
00003151
00003677
FFFFD5D9
000009A3
00002B5C
000026D1
FFFFD33C
00002175
FFFFB9C0
0000164C
FFFFC8DF
000057ED
FFFFE9AD
00003375
FFFFCC15
00005F0C
00002EAD
FFFFC3B8
FFFFD3F7
00000A04
00003514
00003FDF
FFFFDF90
FFFFF97F
00004555
FFFFC332
FFFFFC11
0000676E
FFFFEE8A
FFFFB244
FFFFB690
000009E0
000010AF
FFFF9762
FFFFCBA3
FFFFB41E
000035AF
FFFFE99D
00005F81
FFFFEA10
FFFFEEE8
FFFFCBEE
00000E40
00001660
00001C51
00001CE6
00005525
00002E98
FFFFF76B
00000C86
000037A3
FFFFF6C6
000035B1
FFFFDB57
FFFFE53A
0000501A
FFFFD3E6
00005626
FFFFD492
00001FE2
FFFFCB04
000013D6
FFFFFC4A
00000613
FFFFEFF6
000038E1
0000085D
00001BC2
00001014
00001B74
0000128E
FFFFEC18
FFFFE2EE
FFFFF3EC
0000224D
FFFFFB3F
000002D0
00003030
FFFFF268
FFFFDC60
000004B2
FFFFBF8B
00001B80
00001F0F
00001DC7
00000008
00000754
0000614F
000031FF
00006AF1
00006710
000003EB
FFFFDA69
0000521B
FFFFD4E3
00003821
FFFFE4A7
FFFFEE81
FFFFDA7A
0000436F
FFFFF6CF
FFFFC5C8
00001163
FFFFD276
0000251F
00003DDB
FFFF9B7C
FFFFF73C
00002F5F
00003663
0000276A
00000770
00004660
0000184D
FFFFE4D3
000023DD
0000624C
FFFFF794
FFFFF897
000064CA
FFFFECEE
00000835
000086CA
FFFFD7A1
FFFFDDD9
00002559
00002669
00001A8B
FFFFF9E3
FFFFF54A
00002415
00002766
FFFFFB17
FFFFC33F
FFFFDD89
00003D70
0000440A
000014D9
00003371
00000BCD
FFFFFA74
FFFFF7A2
FFFFF84B
000009F6
00005450
FFFFFDB6
FFFFE4A4
00005757
00002B07
000067C9
00005408
FFFFCDF2
FFFFFA8F
FFFFF325
00001400
FFFFEB9C
00002B87
FFFFFB79
0000152D
00001FA2
FFFFE899
FFFFC553
000054E2
FFFFD9BD
00006275
000060B9
000061BC
0000595D
000010A5
FFFFEE42
FFFFE5A3
000024FB
000006E2
FFFFB7B1
00004B36
000014CF
00003B46
FFFFCF48
0000214A
00000F26
000024C3
000008DD
FFFFFE69
FFFFFAD8
FFFFBD30
FFFFB9A3
00002FAD
FFFFC8CC
FFFFC522
FFFFE55D
00002D83
00002629
00004426
00001B13
FFFFD0B4
FFFFBD77
00000716
FFFF9B6E
FFFFFB66
FFFFFB0B
FFFFE541
000011B0
FFFFDE85
00002B4F
FFFFE387
00003EA4
FFFFAB85
000011D3
FFFFDA64
FFFFD374
0000574D
00004A74
FFFFE60B
FFFFD0DF
00005350
FFFF631C
FFFFFD97
FFFFA34C
00003DCE
FFFFEAE5
FFFFD542
00003246
000033B4
00000AC6
000019B7
00004E26
00000CFF
00000FE5
00002572
00003F25
FFFFD8F7
FFFFE0DE
FFFFD238
FFFFF3D3
FFFFD849
FFFFCBBC
FFFFF0F4
FFFFD520
FFFFE0C7
FFFFE77D
FFFFF3BF
00000AD9
0000081F
FFFFD9C8
FFFFD363
00004D3C
FFFFF88C
0000003B
FFFFE3F3
FFFFFB01
00004892
00004A8A
00001E73
00001A23
FFFFF94D
FFFFD3D0
FFFFFAD4
00000FEE
FFFFD775
00002931
FFFFAD3B
FFFFDF0F
FFFFFE3A
FFFFCB3A
00002068
0000280A
FFFFDFCF
FFFFEE16
00003E8A
FFFFE968
00001B73
000036C0
FFFFD3AB
FFFFE67A
00002A14
FFFFDA04
00002D05
00002A72
FFFFEBB5
00001D8D
000013CB
00001FEE
0000611A
FFFFB70C
FFFFCCCE
FFFFF2BD
FFFFBB2D
FFFFFC4A
000045AD
FFFFF0A2
0000052C
FFFFE6E7
00001173
FFFFD7BB
00002052
00001560
FFFFD3A5
FFFFE0B8
FFFFEEAA
00005CC8
00006FF6
FFFFCC16
00004AA5
FFFFCFB7
FFFFA735
00000050
FFFFEA75
FFFFE21A
FFFFF272
00004E3B
00004954
000062C6
FFFFD9FC
0000086E
FFFFFDA5
00004DE6
FFFFE46F
FFFFF78A
00006D7E
00005126
00006E10
00000381
FFFF9061
000050F0
00003062
FFFFB3C9
FFFFFE61
00006263
00004778
FFFFC025
000051EC
FFFFC354
FFFFC5D6
00000A33
FFFFB0D2
FFFFEF11
00007886
00003192
FFFF6B99
00004668
FFFFABF7
FFFFD76B
FFFFEBE5
FFFFED34
FFFFE422
000001A1
00002725
FFFFB16C
FFFFEFAC
FFFFF646
FFFFD90E
00004CFA
000037EC
00005F74
00002AD3
FFFFF406
00000468
FFFFBA7F
00002240
00001151
FFFFFDC2
00001A00
00001F8C
00002204
FFFFCA4D
00003AF0
FFFFE78F
00000C93
00001BBF
00002918
00001092
FFFFCFAB
FFFFF3BE
FFFFDFA7
000001A3
00000CCD
FFFFFC6D
FFFFF774
000028AB
000011D1
00003A58
00002701
FFFFE0AB
FFFFE5D3
00001FB3
00002B4A
00001877
FFFFED1B
00001661
FFFFEF33
FFFFF8E9
FFFFDAEB
000019ED
00005BC0
FFFFD6B8
0000227F
00001CCA
00000078
00004207
00001B57
000001C5
00004A4B
00001351
FFFFF9EC
000036F7
000015BA
FFFFD562
0000045F
000006A1
00004BFA
FFFFDB8B
FFFFEF2A
000004C7
FFFFF955
FFFFB98A
000023CB
00003C87
00003DAC
00003401
FFFFD375
00000D06
FFFFF9A0
000037DC
FFFFF1C2
0000160E
FFFFE6F4
FFFFFDB0
00003DD2
00001F9C
00000EDF
000003A3
FFFFF425
00001B5B
FFFFDE5E
0000129C
FFFFF488
000006A0
00000833
FFFFD05E
000017BE
00003B02
0000183C
FFFFF6C2
000011F1
000016C4
000031E9
00003CCF
000009A6
FFFFF8A0
FFFFFC43
000023AB
00003400
0000102E
000029F3
00002A13
00000B66
FFFFEEE7
FFFFFE7A
FFFFF110
FFFFE83E
FFFFED01
000028FE
FFFFD137
000006B8
FFFFC99E
FFFFF256
FFFFE71C
FFFFCC7E
00000C60
0000017E
00003776
00000339
00001733
000011AA
FFFFF3B4
00001FA4
FFFFDE5A
00000A39
000032CD
000014FC
00002493
0000317C
00001973
00000A33
FFFFDF92
00001EC6
00001148
0000094C
FFFFD304
FFFFFFD5
000010BA
00001E19
FFFFF42B
00001712
00000B02
00000951
00002B8D
000001A9
FFFFE8E0
00001087
0000109F
FFFFDDA5
FFFFE123
FFFFC7A0
FFFFB6BF
FFFFCF9F
FFFFE6A3
FFFFF9DB
00000EB6
FFFFECE7
00003AE4
FFFFF407
FFFFDAAA
FFFFEDEA
00001A71
00003173
000027A1
FFFFD2C1
FFFFF1AC
000011FE
FFFFFCBF
FFFFD16C
FFFFE666
FFFFFB7B
00002CEF
000009EB
000048EB
FFFFF8C4
FFFFF11F
00000DE7
00003132
000004B7
00000E2E
FFFFF13C
FFFFBD73
FFFFEECC
00000B8F
FFFFEE8F
000038D2
00002197
FFFFE584
FFFFF0B3
FFFFEC25
00003BF0
00003E6D
FFFFC14E
FFFF5702
FFFF7285
00000F2C
00000AB1
00003F18
00000D0E
00002B37
000026F7
00003755
FFFFF129
FFFFD394
0000452A
00003BB5
0000121C
FFFFF446
000014C0
0000032A
00003B26
FFFFE362
FFFFF402
FFFFEA53
FFFFE6B0
00000F94
FFFFEFC3
00002654
00001B3F
000013D0
00004121
000030C6
FFFFF3FC
FFFFE1E3
FFFFEC79
FFFFEE30
00001D6B
000004B8
00000D93
00001527
FFFFE8E7
FFFFF944
000025EB
00004A43
0000199B
FFFFF26E
000030BB
00003692
00000C4E
0000333D
000025AB
FFFFE815
FFFFD949
FFFFAEEF
FFFFA54C
00002122
FFFFB627
00003129
FFFFF15B
00000216
FFFFD028
FFFFF750
000029BB
FFFFFBBE
FFFFDF35
0000098D
00002E27
000028FF
00002216
FFFFA40E
FFFFEDE9
0000028A
00001E9B
00000A18
000012E1
00000264
0000059E
00003A4D
FFFFEB05
000009D1
00002000
00001F4C
00002109
FFFFE132
FFFFCFF3
FFFFE332
FFFFE8BA
FFFFD287
00002106
FFFFEAFE
FFFFF244
FFFFE176
00002B58
FFFFE7BE
FFFFE159
000004A4
FFFFBB6B
FFFFECEC
FFFFF054
FFFFBED7
00000A38
FFFFCB2A
000012A7
FFFFC9FF
FFFFCF1C
000014E8
FFFFE9AD
0000358F
00002281
FFFFF65A
FFFFDBD9
FFFFE708
000023B4
FFFFD454
00003605
000005B5
00002CF0
00000119
FFFFF113
000019A1
FFFFCAEE
FFFFDC0A
00002012
00001F51
FFFFCB0C
FFFFDCC3
00001BB5
FFFFEFAB
FFFFEC40
FFFFFEF5
FFFFF761
FFFFFD3A
000032FB
00002870
FFFFFC67
0000101A
FFFFE807
FFFFE464
FFFFBEFF
FFFFF0A0
00001B0D
000032E1
000030B3
0000124F
FFFFF572
FFFFFE64
00002FB7
FFFFCAEC
000024A4
0000460C
000019D3
000000A0
00003E65
00002206
00001198
FFFFFC13
00003843
000043F4
00005496
FFFFFC61
FFFFE104
FFFFE9FA
00002995
0000005F
FFFFDA77
FFFFFCDD
00003026
FFFFDFD4
000022A7
00002166
FFFFDACE
00003FFC
00000A07
000013D4
00002AF1
0000200D
FFFFF801
FFFFF6A5
FFFFCEB4
FFFFF086
000057B3
00000758
FFFFD9C7
00000E36
00001BD5
0000419A
00006BF8
0000065E
00000D73
FFFFEC05
FFFFDBA0
00000D55
FFFFDEF2
FFFFDF0E
00001532
00001680
000034BB
FFFFEBD7
00001ED0
0000294D
FFFFDD2B
FFFFC65C
FFFFE981
00002772
000028E6
00000A8F
00002F82
00002E57
0000315C
00000538
0000034C
00003363
000030E7
00000221
00000254
FFFFF8A0
00000852
00002C37
00001C06
00000F5A
00001E77
00000E80
00001893
00001F92
000012FA
00000BE5
000032BB
FFFFFDF4
00000940
FFFFF87D
FFFFDDCF
FFFFE785
00000EA8
FFFFFA0B
000033C8
00003652
FFFFE344
00000461
00000D03
000007CB
FFFFCEDD
00002696
FFFFA155
FFFFF94C
FFFFFDD5
FFFFCD1B
FFFFE7B4
000019A1
FFFFD8B6
FFFF93FB
FFFFE8B2
00000C63
FFFFFE2F
FFFFF216
0000076F
FFFF8E8E
FFFFFD24
FFFFC508
FFFFDD50
FFFFDC94
FFFFC2E1
FFFFE327
00002BDF
FFFFB593
00001A67
FFFFE8F8
00001CF7
FFFFEB98
0000433D
000021C7
00002B1D
FFFFFB63
00001389
FFFFF03D
000018E9
FFFFCCD7
FFFFD7BE
FFFFEB9B
FFFFDD1D
0000382C
FFFFF019
FFFFFA79
0000063A
FFFFE949
FFFFDEE9
00000A21
FFFFF8CC
FFFFBA5F
00001EBA
000003FD
000002A0
00003A3F
FFFFFBE9
FFFFF42E
FFFFE4F9
FFFFEDED
00001FF0
000016A4
FFFFF35B
000005D2
FFFFD7E0
00001EBC
FFFFDB39
FFFFF619
000028EC
FFFFE1E7
000014AA
00002297
00000E54
00001851
00001054
FFFFE7D2
FFFFDEA1
000047D0
FFFFD054
FFFFDE15
FFFFE6A6
FFFFFB80
00003743
FFFFFC06
FFFFE5C9
0000205F
FFFFC450
00000CC3
FFFFE2FF
00001C95
00000DBD
00001CB8
FFFFFC79
FFFFF3C8
00001BA5
0000143E
FFFFECDB
FFFFF624
FFFFE321
0000217B
00001D39
00001B17
00000C60
000011E3
000001A8
00003276
FFFFEDE6
FFFFFF61
0000181F
FFFFDA1E
FFFFD50A
FFFFE81D
0000100E
000002C7
00001143
0000320F
FFFFEBB3
00000343
00002531
FFFFE588
000044F9
0000360A
00004A02
FFFFF5F7
FFFFF5FA
0000213F
FFFFE492
FFFFFC51
00000477
00003BA3
000017B9
00000614
FFFF971C
FFFF95D8
FFFFD589
000006F3
FFFFCD9C
0000196E
FFFFC563
FFFFD87B
000048DB
00002995
FFFFD6E7
FFFFD739
00002486
FFFFE086
FFFFF6ED
FFFFF612
FFFFCD9C
FFFF84FC
0000083B
000020C4
FFFFE0F6
FFFFDBD3
00002502
00000C28
FFFFD9BA
0000006C
00002547
FFFFBDAA
FFFF7FB9
FFFF9F3D
0000263C
00002C29
FFFFAFA5
00002145
00003EDD
FFFFEC6E
000038ED
FFFFF834
000035A8
00000D5A
FFFF7844
FFFFC03D
FFFFFF8E
000021C1
FFFFE309
00001355
FFFFB867
00003D65
000029D7
00004780
000053C9
FFFFBA37
000064DD
00007CAD
00004125
FFFF5467
FFFFD08F
00004A7D
000008C7
FFFFBD0A
FFFF99ED
FFFFC859
000014D5
FFFFD4E4
0000293B
FFFFB9A0
FFFFDE5E
FFFFE823
00000631
0000040E
00003199
00001376
FFFFE696
00000266
00003F91
0000076B
00000C17
00001418
00001BDA
00001FE0
FFFFE332
FFFF9AFB
000004BD
FFFFFE0F
FFFFB87D
FFFFB9A7
FFFFA8F7
FFFFFEBA
00001FFD
000012EF
00005813
00003A5B
00000FCC
0000618F
FFFFCB69
00001266
0000127F
00001C0A
FFFFB689
000010B5
FFFFF723
FFFFFD34
00001388
FFFFFEE4
000009AA
0000601D
FFFFF8F3
00000741
000015E1
FFFFBB5F
00001B47
FFFFE133
FFFFCB11
00002489
00004B4F
FFFFD546
000017B5
FFFFEA42
FFFFF162
0000159D
FFFFF7F2
FFFFE1D5
FFFFF880
FFFFEF2A
FFFFBFD6
000037A0
FFFFE42F
FFFFBD85
00005030
0000317E
0000147A
00001798
00000CAE
000005FD
FFFFCDAF
0000234E
00000959
FFFFFE57
00001F4A
00001AD5
000055AD
FFFFE0C2
FFFFC675
FFFFFBC8
000020E3
FFFFD997
000035C5
000060CD
FFFFFA66
00000AA1
00004EC9
FFFFE460
00005921
FFFFA3F3
0000246A
00002241
FFFFDD5A
FFFFC85C
FFFFC07A
00001C67
FFFFD5F3
FFFFDDC5
FFFFE0ED
0000A0C3
00004A40
FFFFFCD3
FFFFBFFE
FFFFDEAA
FFFFA3FC
00005DCA
FFFFB22F
00000A68
FFFFD5B9
000036EE
00004B3A
FFFFEACF
FFFFE7B8
000032E9
FFFFC995
FFFFABFF
0000572D
FFFFC8F4
FFFFECF5
00004ACF
00003BA8
00000688
0000109A
00001014
00005CA9
00000A44
FFFFEE55
0000154C
FFFFFF4A
FFFFC466
FFFFE606
FFFFCA8D
0000098A
00005161
FFFFF523
00006ECC
00003FC2
00000C8A
FFFFE1D3
00001A53
000055F4
00005F8D
00000F22
000029DB
00001B03
FFFFBFE4
FFFFF277
FFFFD7F7
000067C5
000036AD
00004F0F
FFFFD0AC
FFFFF638
FFFFEDF7
FFFFD54B
FFFFFF1C
00001F7E
000011AD
FFFFF507
00001E6E
000030D4
00001F6F
FFFFD9EC
FFFFF044
FFFFA6A8
FFFFBD67
FFFFC553
000013A7
FFFF9FAE
00000347
00000BCD
FFFFFB01
FFFFA212
000006E8
000022AF
0000313F
FFFFFFFA
00000F99
00004BC3
00001EF7
00003F00
FFFFCE54
00000FEC
FFFFC343
FFFFF45C
FFFFC34A
FFFFAAC1
FFFFE178
00002BDF
000003A5
FFFFE4E6
FFFF9BBD
FFFFC07B
00001B79
FFFFFF4C
00004860
FFFFE366
FFFFEA70
FFFFEF63
FFFFF2B9
FFFFC2C0
0000354A
000023BD
FFFFA73C
FFFFDCAB
FFFFF6B0
00000371
00005116
FFFFD1D1
00006654
00003055
FFFFE1B4
FFFFB760
FFFFB6A9
000036BC
FFFFB1AC
000022BE
FFFFE588
FFFFE19A
000000F2
0000140E
00002275
FFFFE7AD
000007BE
FFFFC357
00000B70
00002941
FFFFBDEB
00000783
FFFFE44B
000018B0
00001830
FFFFF218
0000628A
FFFFE0EB
FFFFC5AC
000025D0
000044BB
00000652
FFFFDCFC
FFFFF521
FFFFE10F
FFFFFFCB
0000584A
000030DE
FFFFD92D
00003217
FFFFDFA9
FFFFE733
000017B3
00001FC5
FFFFBCB9
FFFFD151
0000158B
00001739
00003A0E
FFFFDDCA
00001D60
00005B13
FFFFDE1E
FFFFA118
000033CE
FFFFCE87
FFFFBC20
FFFF41AE
FFFFC93C
FFFFAE0B
FFFFB5BE
00000714
00003B0B
000025D6
FFFFE87F
0000046A
000041D7
FFFFC932
00000258
00001C1B
00002893
00001E6F
00001512
00001CF3
FFFF94E5
FFFFAC77
FFFF6FC1
00001BE6
000023BA
FFFFB319
00000181
000011ED
FFFFF0C6
FFFFD8E7
000016F9
00000444
FFFFC3C0
FFFFC324
0000349F
00005463
00003D18
FFFFD8C8
00004D49
00004776
00005F8B
FFFFC6BD
FFFFC96F
000012EE
FFFFBA0B
FFFFB409
FFFFDCAC
FFFFE01F
FFFFD680
FFFFE12C
FFFFEAAD
00003DD5
FFFFF29E
00006BB0
00002559
00001529
FFFFFEBD
0000158B
FFFFE5EE
00001241
FFFFF555
00003131
00000504
FFFFB6FE
000040A8
000005C3
00006DF0
00002243
FFFFF176
FFFF9E46
0000029B
FFFFCF53
000016D3
00002262
FFFFCAAD
FFFF9C45
0000066C
000009BB
000012BF
FFFFE5B8
000023F6
00008AE8
000044E3
FFFFD274
000048A0
0000345A
FFFFF28A
FFFF6082
FFFFF111
FFFFC170
FFFFC911
FFFFA37B
FFFFF890
0000285D
FFFFFF64
00000723
000011AD
FFFFD81E
0000175F
FFFF9A4B
00003ADA
00005F60
FFFFCD60
00003983
00000246
00003A10
FFFFE755
00000200
FFFF9017
FFFF9E80
FFFFF2F7
0000031D
00004361
FFFFFB21
00005B47
00003DCC
00005AC4
000055EA
FFFFF217
FFFFFE78
0000048D
000009D0
0000024E
FFFFDBE9
FFFFD3FB
00005AC3
00003981
FFFFC221
000010D9
FFFF9EF2
00003A64
00001FC0
FFFFDF1D
FFFFD5CF
00008079
FFFFC9E3
00006750
000042D8
0000108A
FFFFE5AC
000033EB
FFFF8925
FFFFDACB
FFFFFF3F
00002D4C
00000907
FFFF814A
FFFFFE8C
000017C3
FFFFF177
FFFFAE98
000009C0
FFFFF8AC
0000140B
0000203B
FFFFFDEE
0000256C
FFFFC7B2
FFFFEE9B
00004118
000047A8
00002B97
FFFFEA04
00003B0F
000067C8
FFFFF9DC
00000EAD
FFFFC2C4
00002D3F
FFFFD8D9
00000142
FFFFD252
FFFF84CA
FFFFBF68
00001EF1
FFFFDDA0
FFFFE0A8
FFFFEAF7
000035AC
0000294E
00001809
00003FE1
FFFFDC7E
FFFFF0EE
000043BD
00002229
000002A4
FFFFD909
00001D57
0000070C
000009B7
00003477
00008DBF
00005946
FFFFD4A9
00003BCD
FFFFF820
FFFF61F0
000003D5
000001D3
0000A9B8
FFFFEDE4
FFFFA454
FFFFE154
FFFFBB03
FFFFFDF6
FFFFC7B4
00001D6B
0000001D
00002A96
00000ABB
FFFFF75B
FFFFEEC0
FFFFD510
000043D2
00003B3C
FFFFC415
FFFFE584
FFFFEDE4
00001382
00002180
FFFFFC2F
FFFFE89A
FFFFC70F
00003D78
FFFFE0F0
FFFFDB6B
FFFFC764
FFFFAEA4
FFFFDE89
FFFF9F36
FFFFF9CE
0000284A
000040E2
00006469
FFFFF999
FFFFA7A5
00000AD2
00000D51
FFFFD9D4
00000F1C
000012D5
FFFFF882
FFFF98A2
00005349
FFFFB92A
FFFFA4E4
FFFFC08B
000041B6
00002A6D
FFFFD3A6
FFFFC16B
0000188B
00008CDB
00000FC0
00003B75
FFFFCDCC
00005821
00003B78
00002CA4
000088AA
000041F7
FFFFD6C5
00002A09
0000042C
00006D48
00009007
FFFF768B
FFFFB6B9
FFFFE436
FFFFFB18
FFFFE384
FFFFAEBB
FFFFFFAC
000009D4
00000EED
00001C89
00000473
00000A40
FFFFDA00
FFFFD2EF
00000586
FFFFCC04
00000DE2
FFFFDDDF
00000F19
FFFFBF4F
FFFFFC39
FFFFDE59
0000160F
FFFFF3CE
0000148F
00001C44
FFFFE031
FFFFECAD
00002388
FFFFEC51
00000117
FFFFE10D
000006A9
FFFFCA0E
FFFFF3C6
000004D8
FFFFF92F
00002038
FFFFE463
000029BA
00000777
FFFFF9D1
FFFFE4F1
FFFFCE09
FFFFC3B2
FFFFD9CA
FFFFFCA9
FFFFFE16
FFFFC077
FFFFB1D2
00002AB9
00003917
FFFFC63E
FFFFF2E7
FFFFF509
FFFFC040
00001E9F
FFFFF2D4
FFFFF893
FFFFCEC4
FFFFEA6B
00001C19
00001837
FFFFC931
00003A17
FFFFE60A
FFFFCC39
FFFFED92
00001826
000027ED
FFFFF8E8
FFFFCB6F
00003840
FFFFC0CD
000016E1
FFFFE68B
00003532
00004664
FFFFBFB3
0000451A
FFFFF632
FFFFDF0E
FFFFEF63
FFFFE17B
FFFFF484
FFFFFFC7
00001754
000038B9
000016C8
00003948
FFFFF55F
000011BD
FFFFECE4
00001966
FFFFFB60
FFFFFE8F
00002657
FFFFDB10
FFFFFA6B
FFFFF926
FFFFE4F2
FFFFE91B
FFFFF166
FFFFEA9B
00000459
FFFFFCF6
FFFFE4E3
00001F99
FFFFE533
00000CE8
FFFFDC15
00001250
FFFFDF55
000009D3
00002422
00002626
FFFFF29A
000012A9
00003FF3
FFFFDA28
00002B5F
FFFFE890
FFFFD251
FFFFF85C
00000ACF
FFFFFAC1
0000322B
FFFFFFD4
FFFFE69F
FFFFF20E
00000F25
00000A42
FFFFBDD7
FFFFE9FC
FFFFEE68
00000E6C
FFFFF999
FFFFE5B7
000021D0
000007DC
FFFFFFB4
000032B4
00001723
FFFFF6EF
00002B27
0000150B
00001C5E
FFFFD7C0
00001B4A
FFFFD949
000018B0
FFFFF6AE
FFFFCAAE
00000CAC
FFFFF3AB
FFFFF5B1
FFFFDCF9
FFFFCED9
000023B5
FFFFEDD6
00002390
00002548
00002567
FFFFEF3E
FFFFD39E
FFFFE8BA
FFFFDFE3
FFFFFFAF
FFFFC582
00002D3B
FFFFDF14
00000F8A
00000BEA
00001B56
00001039
00001C38
FFFFD4D4
FFFFDC59
FFFFF2C1
00001FB9
00000F6C
FFFFE84C
000040C7
FFFFFDEB
00001ACA
000035F8
0000341B
000084D2
FFFFE697
FFFFF304
00003AB7
FFFFF7EF
00003543
FFFFFC64
FFFFCB82
00002771
FFFFC0D6
FFFFED6D
00005A43
000011D9
000025D0
FFFFAA39
FFFFB349
0000291E
0000474A
FFFFE5DF
00002BC6
FFFFD217
FFFFE39C
FFFFF62E
00000974
FFFFE425
0000334E
FFFFFF2A
FFFFFC0F
FFFFF723
FFFFD6CD
00001ECB
FFFFDB6F
00000657
FFFFF0AF
000032A9
00002CE5
FFFFFE11
FFFFD4F3
000016CE
FFFFBEC2
FFFFCA6B
FFFFFE98
FFFFB3A8
FFFFBFAC
00005332
FFFFFE8F
0000212D
FFFFE967
00002700
FFFFF2E1
000004AD
00001A56
00001FF6
FFFFCE57
000020AD
00000FD5
00003321
FFFFE780
FFFFF597
0000047B
00000926
FFFFFD31
00006C3A
00002099
00000981
00000FF6
FFFFFE6F
00000417
FFFFE143
000014E8
FFFFC129
00001B9A
FFFFA80A
FFFFF3AA
FFFFF097
000013B2
000025BE
FFFFF86F
FFFFD2E1
FFFFD461
FFFFF0D5
FFFFD1A8
FFFFFFA7
FFFFFE70
FFFFFE10
FFFFD747
00004844
00003AB5
FFFFFB1F
FFFFDFC5
FFFFD952
00001758
00001E62
000014F6
00000868
FFFFF0EB
00000DF0
FFFFCA18
FFFFDC7B
FFFFF16C
FFFFD260
FFFFEE41
00001143
00000A9F
FFFFE561
00001EB9
FFFFF451
FFFFB91C
00001CE7
FFFFF797
FFFFFD68
00001F65
000000E5
FFFFCC13
FFFFF001
FFFFDBBC
FFFFE084
00001114
FFFFFE05
00003DA0
00000C50
FFFFEB08
FFFFD1B5
00000C68
FFFFDF6D
00002182
FFFFD2DF
FFFFD07F
FFFFF32E
00004417
FFFFF348
000007EF
00001703
00000F89
00001001
00001841
FFFFD4BA
FFFFEFBC
0000156E
00000F94
FFFFE404
FFFFFDB4
FFFFF5AE
00001359
00005273
000034F3
00001641
00003BCF
000009C9
FFFFCE9D
FFFFE90B
00001965
FFFFCD6D
FFFFF242
FFFFF281
FFFFE6F8
FFFFDF22
000004A7
FFFFC847
FFFFDC4D
FFFFEEE4
000038C6
FFFFE14D
00001953
FFFFEA3E
FFFFA296
FFFFF691
0000377C
000028CB
000002DD
FFFFE296
00003D1D
00001ADA
00001572
FFFFE4E8
0000089D
00004D88
00000753
FFFFE06C
00002861
00000D40
FFFFD364
00001D60
FFFFCB4D
FFFFD202
00000146
FFFFF68E
FFFFE2FA
00003457
FFFFB864
FFFFEA6E
00002A2E
FFFFF3EE
FFFFFE2B
FFFFCA5F
FFFFC9E3
00000147
000026EA
FFFFD17E
FFFFFD21
FFFFCCD3
FFFFF874
00002507
FFFFE131
000006F5
000002B8
000043C6
00000B6F
0000206C
000044F3
FFFFD5DB
00001231
FFFFE7E4
0000384E
FFFFFC57
00001086
00002DE1
000013AF
FFFFCF82
FFFFEDB6
FFFFE1EA
FFFFEE57
00000596
000011B2
FFFFCA07
FFFFC88D
00000D04
FFFFDCE5
FFFFFC2B
00000D82
FFFFFF3F
000035FA
FFFFFFDB
FFFFEBF9
00000565
FFFFE96A
00002319
000007FF
FFFFE639
00002F1B
FFFFCB21
FFFFEC30
00002FD4
FFFFC0DA
FFFFBB94
FFFFEEF8
000043CF
FFFFF0B8
FFFFE256
FFFFF704
00001250
00003D0F
00002BEF
00001B55
FFFFAC49
00001837
FFFFE68E
00003B31
00002885
FFFFFF9F
FFFFF318
00003E13
00003A72
00002746
00001ADC
00000C3F
FFFFF288
00001CF4
00002CEC
00007AFE
00004CCA
FFFFE9B6
0000527E
0000127F
000009BE
FFFFF22A
00000B8B
FFFFF239
FFFFD522
FFFFFA3A
FFFFED61
FFFFCF3A
00002074
FFFFF46F
00003518
0000219E
00000918
00005877
00000533
0000102F
FFFFF109
00002158
FFFFE7FD
000008AE
0000308E
00001CDC
00005990
00000957
FFFFCE22
FFFFD45B
000012D0
FFFFD1C1
000013B6
0000001B
00000E01
00000A35
FFFFEF41
000015F1
000004B7
FFFFEB31
00000E06
FFFFFF56
FFFFE188
FFFFD28F
FFFFEE9C
FFFFDE41
FFFFDA67
00000952
0000187A
FFFFE91D
FFFFEA9C
FFFFF91A
FFFFFD00
FFFFFF6A
FFFFF00A
00001855
00001D1E
FFFFDE59
FFFFF6E2
FFFFF791
FFFFECB9
FFFFEFA9
00000074
FFFFDBD5
FFFFE654
FFFFD114
FFFFFB7A
00000279
FFFFD64D
0000184B
00001089
FFFFFAFA
000020F6
FFFFBCEF
FFFFEF16
FFFFF05D
FFFFE2DF
FFFFD498
FFFFCB75
FFFFEF9B
00002CC4
FFFFF5EC
000011EB
00001CAB
00002C99
FFFFFB08
FFFFD4BE
FFFF908E
FFFFFDE7
00001F4C
FFFFC4F8
FFFFC9EE
00000E57
FFFFDA4D
FFFFFF3C
000002D6
FFFFDDC8
FFFFF1D9
FFFFFFE2
00004884
00000449
00000599
000046B9
FFFFEF93
00001C2A
FFFFE42B
FFFFF69D
FFFFFD62
00004C7C
FFFFC2F3
FFFFF564
00002CCD
FFFFCBC7
00000003
00002B67
00004670
00001AAB
00001337
FFFFFBD3
FFFFAB2D
FFFFFE09
FFFFFFAE
FFFFD44F
00000902
FFFFD03F
00002B85
FFFFFA14
00003981
00003879
00002C85
0000122A
FFFFFD24
FFFFE6AC
FFFFDF19
000014E0
00001F15
00000EBB
00001C51
000007B4
000018DF
FFFFDAC7
FFFFF6E3
00001EBD
FFFFE8DD
FFFFF1E2
000013C5
000016A1
FFFFFB96
000005D0
00001773
00003AC8
0000107A
00000456
00003079
000015A1
0000198D
00000532
FFFFD8D2
FFFFF79E
FFFFD55B
FFFFDF57
FFFFFB26
FFFFE411
0000070F
FFFFECB3
FFFFE9AC
FFFFF0D5
FFFFFF3E
000013C7
FFFFFBB9
FFFFDD52
FFFFF978
00000541
00000E23
FFFFE2A4
FFFFF049
FFFFF35E
0000153D
FFFFF032
FFFFEE3D
000028D2
00000C77
00000A2A
00002218
FFFFECC0
FFFFF1A2
FFFFF4A0
FFFFE578
FFFFD9D4
FFFFEE38
FFFFFD2F
FFFFE187
0000096B
0000226C
00001A40
FFFFF58E
0000098C
00000BA2
00002FFD
00000014
FFFFF0E6
00001B10
FFFFF911
00000D5F
000023F3
FFFFFD69
FFFFE7C9
00000EF2
00000051
FFFFE4D8
00000A01
FFFFF33E
00001265
00000A4F
0000243C
000005E2
FFFFFCB9
00002246
00001A3C
FFFFF754
FFFFF042
00000BEB
0000170F
00001EF9
000004C1
00001912
0000081D
FFFFFD42
00000A63
00001A36
FFFFF0A7
FFFFF8F2
FFFFFA7C
FFFFFB52
FFFFFAC9
00000568
FFFFF204
FFFFF3CD
0000174C
00002272
FFFFEC4E
000013DE
FFFFF76F
FFFFEC53
000016E8
0000031A
0000129D
000017BE
FFFFD529
FFFFD7B8
FFFFEF77
FFFFE2FD
00000A24
00000175
FFFFF676
00000726
00000292
00001149
00002F6E
00001D2E
0000122D
00001376
FFFFFFD9
0000219E
0000146A
FFFFF8FB
00000425
FFFFFFCB
FFFFFB59
00001A0D
00002270
FFFFE16E
00000E43
0000026A
0000174A
00000AD7
00000AE6
FFFFEEEE
FFFFE79F
FFFFE5C7
00001FA7
FFFFF471
00000CD9
000019D8
00002FAB
000021A3
000019C3
00001B8B
00003051
0000089B
0000158B
00001BFB
0000143E
0000036E
00000C64
FFFFE636
FFFFE39B
00001DDC
00000E36
00001529
FFFFFE65
00001B19
FFFFE91E
00000184
FFFFF5C1
00001D0A
0000169A
000020C6
0000260D
00000BCA
00000F3B
00001F14
00002C93
00002056
000036E5
FFFFFD48
00000400
00000857
0000194C
0000063D
FFFFFE6D
FFFFD528
000011B4
00000B9F
FFFFDBB8
FFFFE2BF
FFFFE951
FFFFD31B
FFFFE54D
00000EBC
00000A56
FFFFF5CE
FFFFEE05
FFFFD41E
FFFFEF02
FFFFF6DE
FFFFE4A3
FFFFECA2
00001D1B
000015A7
00000814
000026FF
FFFFF283
0000158E
00000B13
000015A2
FFFFE1C3
00000E2D
00000624
00000590
FFFFFDDE
FFFFF6E2
FFFFE743
00001D21
000005CA
FFFFF60B
000027BB
00001323
00000339
FFFFE7FF
000007AF
FFFFE6AA
000001E8
FFFFF942
0000087B
00001334
0000145D
00000D18
000025A8
00001F1F
FFFFF3D7
FFFFF18F
00000ECB
000000E8
0000326F
FFFFFA1A
0000001C
00004709
000038EE
00001598
FFFFF59B
00002180
00000BE3
FFFFE22C
00001752
FFFFE9AA
FFFFE2EF
00001439
FFFFFC74
FFFFFDA2
FFFFE8D7
0000073D
000023DF
FFFFF827
FFFFFCC9
000029D7
0000118B
00000A68
00002DCE
00002A48
000017B6
00002017
FFFFFA5C
00001154
00002129
000014D2
000014EF
00001C52
0000011F
FFFFF1B1
FFFFE432
FFFFE0B9
000000C0
FFFFDE92
00000C01
00001FB8
FFFFDE55
FFFFF6B5
FFFFF2C3
FFFFE847
FFFFE307
FFFFF9D3
FFFFE484
00001669
FFFFF8F8
FFFFF032
00001767
FFFFFC58
000000B4
00000D05
0000188D
00001CBE
FFFFFD23
FFFFFE28
FFFFE715
00001C38
00001B1E
FFFFFBE2
00000385
FFFFEA6A
000003ED
FFFFEC5F
000004C4
00000102
00001BB9
FFFFFFB2
FFFFEBFA
00001B8D
00001A5D
00001531
FFFFFABC
FFFFE881
FFFFFB5F
0000089B
FFFFEEA2
FFFFE65B
FFFFF859
00001303
FFFFDC5C
FFFFE0BF
0000237B
FFFFF9C3
FFFFEF0E
FFFFFC1C
FFFFF803
FFFFF6CE
FFFFF782
FFFFFE3E
FFFFD8BD
00002155
FFFFE4E0
FFFFEE06
00000D46
00000962
0000125A
0000150D
00002607
00000CE4
FFFFFB61
00002ACD
0000144F
FFFFDA3C
000008FE
FFFFD683
000001C7
FFFFF7B9
FFFFF7DD
00000E10
000005E7
FFFFDE6B
FFFFCF9D
FFFFF0E2
FFFFF601
FFFFF967
FFFFFBEC
FFFFF03A
FFFFFE78
FFFFDBF0
FFFFCE30
FFFFF5B8
FFFFF073
FFFFE52D
FFFFDF1B
FFFFFB4B
00000F6D
FFFFE774
FFFFF965
FFFFD77B
FFFFF07D
000009FB
FFFFDB73
FFFFF473
FFFFE2D5
FFFFEA95
0000132B
FFFFFD50
FFFFF385
FFFFEB7D
FFFFED99
00000CCE
FFFFE8DD
00000F23
00001DB2
000012B3
00000670
FFFFFDA2
00001F00
FFFFE1BD
00001564
00002F4A
0000081A
00001990
00000CF5
00001888
00001587
000000B9
FFFFE1C5
FFFFEA8F
00000566
000022F7
000029AE
FFFFEC72
00000676
FFFFE4F0
FFFFFA4C
00003731
FFFFFE1C
00001564
00000905
00000BBE
FFFFF9FE
FFFFF6D2
00002AC7
00002F6E
000016FD
000021DF
00000D3D
FFFFE410
FFFFF604
FFFFE81C
00000F50
00002511
00000ECF
00004382
00001DCB
00001306
000029A6
00001DC6
00000A98
FFFFED80
FFFFFAD4
FFFFE686
0000246F
00002BB7
FFFFE4A6
FFFFF9D2
FFFFE74D
000008D6
000020A9
FFFFF960
000018D4
FFFFFAEA
FFFFDEFE
0000362B
FFFFFC83
000011E2
000010C3
000022BA
FFFFE858
FFFFED32
000011C1
00002662
00001D68
0000046C
00002172
0000170B
FFFFFA6B
00000D1C
00001B2E
000001F8
0000195C
00001F01
00002F87
000015D3
FFFFF951
00000780
000003DF
00001FDA
00001B7C
00001D01
0000157B
000012F6
FFFFF1F9
00000789
FFFFF5A3
FFFFE244
0000027D
00000061
FFFFF4CC
00000900
00002BD5
FFFFF569
000013E5
000015B0
000021B5
FFFFE612
00001D1D
FFFFDE0D
000008C1
00002850
FFFFFFA4
FFFFDF5D
00000830
000002A5
00000B95
00001726
00000EA6
000017CF
00000E84
0000159A
00001B9B
00001B38
FFFFE91C
FFFFFB3D
FFFFF44F
FFFFF488
000019BC
FFFFF0C2
FFFFE0B9
00000EDF
0000229D
00001F3E
000018E2
FFFFFD4F
00000E00
FFFFE814
FFFFF707
00001126
FFFFFF2B
00001FD9
FFFFF81C
00001D05
000007C8
0000080F
FFFFFE0E
FFFFD8FB
FFFFD049
00000600
000043F3
FFFFEAF5
FFFFF094
00000993
00000DA2
FFFFF5DD
FFFFDC16
FFFFF64C
FFFFF1BB
FFFFF20A
FFFFFCB4
000013C1
00000D7E
00003651
FFFFFD4C
FFFFDF26
00000DA5
00002145
000030CA
00004ED9
0000304B
FFFFEC07
FFFFFC1A
FFFFF626
FFFFDDA0
00002F3A
00001FF0
0000151D
FFFFF099
0000129F
000018A5
00000E6D
00001000
00001D38
00003851
00001F27
0000115F
000002B3
000004C0
FFFF7307
FFFFE7AA
00000321
FFFFF040
000006AB
00001478
FFFFB2AB
FFFFF0C8
FFFFD435
FFFFA957
FFFFF539
FFFFB28C
FFFFEA0B
00003997
00001C25
00007D34
000019F0
00007B2C
FFFFE0B9
FFFFF9ED
FFFFDECB
00002100
00007502
0000659C
FFFFEB8C
000035E6
000067C5
FFFFB6FD
FFFFC2D2
FFFFCC23
FFFFD914
000049BA
000040E6
00006AEA
FFFFCCB5
00000E4B
000046A3
FFFFC0CC
00003874
FFFFC319
0000B3CA
FFFFFCE5
00005289
FFFFD5A8
0000130D
00006893
FFFFCE79
FFFFB902
00000257
FFFFBDA5
FFFFDAC6
FFFFDB2D
FFFFCD24
000021FF
00000968
FFFFBF3B
FFFFADC8
FFFFBCB1
000050A6
0000335B
000003A4
FFFFF102
FFFFEF7A
FFFFF823
FFFFC6E9
FFFF7D0E
000021FC
FFFF9DFA
FFFFD05B
FFFF990B
00001D11
FFFFAB3D
00008372
FFFF8775
FFFFE1AD
00007F59
00000477
00003430
0000476D
FFFFD9B9
FFFFF92F
FFFFD5D8
FFFFD4EC
00001E41
000059D6
FFFFEB8D
FFFFD3EC
FFFFA7D6
00003017
00002BD0
00001D4A
FFFFF424
0000721D
000038A3
FFFF89EE
00005442
FFFFA709
FFFFEF3C
00001718
00001232
FFFFA20C
FFFFCF61
FFFFC76C
FFFFE7E5
FFFFE0D9
FFFFD0D5
FFFFC1CE
000055EB
00001213
FFFFE525
000047FC
FFFFED0E
FFFFBF99
FFFFD562
FFFFEAE8
00000DE7
FFFFAC32
FFFFE0AC
FFFF7BF1
FFFFA842
00006B5C
0000027F
FFFFBF98
00003676
FFFFD5AC
FFFFBA3F
00002831
FFFFB339
00003B48
0000866B
00000B26
FFFFB124
00001679
00003ED9
FFFFAF0A
00001076
00004850
FFFFC7AC
FFFFA284
0000088C
FFFF7399
000075B5
FFFFB6D8
00007757
00002274
FFFFBCD1
00003072
00004E5C
FFFFB5EB
00004E38
00004820
FFFFC0E0
00009503
FFFFC431
FFFFE855
FFFFCD06
00007A2C
FFFFFC6C
00001A81
FFFF3D2B
FFFFF7D2
FFFFC371
00004132
00003B86
FFFFB6B5
FFFFE0F0
00001293
00004C76
0000583D
FFFFF4A9
FFFFC333
0000478B
00005CE0
FFFFC021
00003EA3
00003DD7
FFFF9436
00001275
00008512
FFFF935D
FFFFC4AA
00001F5B
FFFFFE63
000068B8
FFFF97F6
FFFFFD58
000066BA
FFFFB51C
FFFFEC6B
00000835
000064B6
FFFFF751
FFFF9777
00005049
0000260A
FFFFE490
00003AEA
FFFFDBF9
FFFFEBA7
00004FEF
FFFFF030
00004F6F
FFFFF6A6
00002D13
00007FAF
FFFFEF6D
00004930
000012EF
00001F90
00008F9C
FFFFC18D
00003F23
00005155
FFFF85D5
FFFFE163
FFFFDEB6
00001BCB
0000353E
FFFFD8E9
FFFF77B1
FFFFE52F
FFFFC3F6
0000378F
00002942
00004058
00000F52
FFFFDE21
FFFFC110
000010B8
00006400
000067CD
FFFFD811
FFFFF58F
00001DCD
000062AB
FFFFD7A6
FFFF991C
00002973
FFFFC4E1
00005911
0000025F
FFFFB599
FFFFF711
0000B8CC
00002772
FFFFC912
FFFF8FDB
000009B6
FFFF91C5
FFFFAD47
FFFF97D5
00005710
00003C96
0000033A
00003F27
FFFFFE55
000012BF
00004801
FFFFBDB8
00000977
0000447A
FFFFE51C
FFFFF9DB
FFFFF48F
00000899
FFFFD80F
FFFFA111
FFFF8BEB
0000295A
00001B7F
0000504C
000002F7
FFFFFD0D
FFFFBB79
00000B88
FFFFE4CF
00001625
FFFFDA2C
FFFFCC13
000014F3
00000438
0000028B
000056FF
00003BD6
FFFFAEEB
00004745
FFFFF50B
FFFFB736
FFFFE2BB
FFFFCA0E
00001A6F
000073A5
FFFFF022
FFFFC74E
FFFFE724
000033E7
FFFFB0AB
000048E5
00002929
FFFF8B6D
FFFFBF84
FFFFF587
FFFFC124
00002E50
FFFFDE96
FFFFF5E2
00000D72
00000F11
000045D6
FFFFE137
FFFFA949
00001A4F
FFFFA907
FFFFF911
00000726
FFFFF861
00004049
000071FB
0000ACAC
FFFFFFD3
FFFFC8F5
00006CD5
FFFFC48D
FFFFFE43
00003AC0
00000F4D
FFFFED80
FFFFBC28
0000252E
0000164A
0000493B
FFFFA46C
00002409
FFFFE953
00003D65
FFFFBEFF
FFFFB228
0000539A
FFFFBBF3
FFFFC9F2
FFFFF3FF
00005BFE
FFFFBB8C
00004E37
00001DBD
FFFFCC32
0000268D
FFFFCD79
FFFFF5F7
FFFFEA86
FFFFE423
FFFFDA8C
00000501
FFFFE6F4
FFFFA940
FFFFC7E8
FFFFB44B
000000D2
00002E92
FFFFDA44
FFFFF2D8
00005ED7
FFFFBF7B
FFFF97D1
000008C2
FFFFAE76
00000A1D
000042D3
0000415A
FFFFF43D
FFFF7DEA
00007AE8
FFFFD61B
FFFF9B0C
000022CE
0000448C
FFFFDB75
FFFF8994
00001003
0000116B
0000184C
00003D7B
FFFFDAEE
FFFFDFFB
FFFF57BE
FFFFFC8F
00006843
0000193F
FFFFDB09
00002F1C
FFFFD31C
FFFFDFFD
FFFF89C0
000015AB
FFFFB970
FFFFF6B1
FFFFDB9E
FFFFFC42
FFFFF357
0000194A
00001D03
000028AE
00000D95
00005C33
000024BE
00003D34
00000438
FFFFFE43
FFFFF605
FFFF7DCD
FFFFCB9F
00001EEE
0000182F
000020EB
00005BF2
00005719
FFFFD574
00003959
00004639
FFFFE09F
FFFFD6C8
0000172F
FFFFDCBB
FFFFB86E
FFFFFEDF
0000726C
00005586
00003AC1
000026C7
00006715
FFFFAA14
000011E1
000024DA
00004614
FFFF85E3
00000B99
FFFF9CD5
00003940
FFFFB0CB
FFFFC6A5
FFFFEE8C
FFFF8441
00001740
00003FD2
FFFF766B
00004C02
000054BD
00005C71
FFFFB165
00000EC4
FFFFA243
000031AA
00003D4B
00002D42
000004E2
FFFFE181
FFFFAEE7
FFFFD923
FFFFFEF6
000002CB
FFFFE0EA
FFFFB6CA
000032DE
FFFFDB58
FFFF8762
00000548
00002F20
0000624D
0000687E
000027E5
00001093
FFFFE312
00009E7D
FFFFDA49
000000B3
000029EA
0000612A
0000057F
FFFFE971
0000045A
FFFFF6A7
00002918
000042F9
0000219D
FFFFDC0E
00006BFE
0000281E
00002A75
FFFFCCEB
000047E9
00001B48
FFFFF89D
FFFFC5E4
FFFFB5EE
00002B4D
00005550
00006F0A
FFFFCD33
0000747F
FFFF85C8
00006589
00006A92
FFFFF61B
FFFFE48F
000062CB
FFFFACEA
00007D74
FFFF70B6
00001FDF
000042F0
00005B0A
FFFFBC33
FFFFAA2C
FFFF9C9C
0000588C
FFFF9DBA
0000003D
FFFFF483
00000FF1
FFFFEDF4
FFFFF199
FFFFEF85
00002FD2
0000429B
00000C19
00002EA4
00006197
FFFFA3E4
FFFFDA85
FFFF70FB
FFFFB821
00003D2F
FFFFB264
000020D0
FFFFF750
0000CE04
FFFFA64F
FFFFDC4B
FFFF7F01
FFFFFF13
000046CB
FFFF91FF
FFFFF0B2
0000787C
FFFFF47B
00002512
FFFFE4F0
FFFFC934
000063AF
FFFFAF81
000060A0
FFFFBE75
0000D14F
FFFFF337
00002CAC
FFFFFD6E
FFFFCEBB
FFFF6F4B
0000D4C9
FFFFDB71
00009E45
000067FC
FFFF6EF7
00005868
FFFF7E56
FFFFB4C7
000027E8
00002C09
FFFFCAD0
00000C6E
000011F0
FFFFE983
00001251
00005B29
0000494F
FFFFD5CE
FFFFAE32
FFFFF7E8
FFFFA243
0000949C
FFFFECA5
FFFFF1EB
FFFFCEDC
00003BED
FFFFA1BF
FFFFF3EE
FFFFB5B1
0000093D
000054BC
FFFFF57B
00005027
00000111
FFFFB067
00003A1B
FFFFF3ED
FFFFEAD5
00004F11
000058CC
FFFFC336
00001E72
0000287F
FFFFFD1D
FFFFC6C3
FFFFFD8F
FFFFE326
FFFFF583
FFFF9A81
00006B95
00002A0A
FFFFE4FA
FFFFBC0E
FFFFBEBE
FFFFF5E6
FFFFF6B7
FFFFD351
FFFF5A12
FFFFCE36
FFFFF41C
FFFFFBB4
000012AD
FFFFF3A8
FFFFCA46
00000ADF
FFFFEE42
00001E33
FFFFFA3B
FFFFBF05
000011AF
00003743
000033F2
FFFFDD79
00003051
00003AAA
00005701
FFFFB902
FFFFCC75
FFFFCA55
FFFFF498
00004918
FFFFBD34
FFFFE927
FFFF9577
0000BCF5
0000571F
0000523A
FFFFB4D6
FFFFC083
00000497
00004E15
000038C0
FFFFBF30
FFFFF14C
00003621
FFFF8212
00001480
000007F4
FFFFD990
FFFF97B9
0000046F
000016A1
00001C65
FFFFBEFC
000029CF
FFFFAEEB
000022D8
FFFFF5DC
00002C6B
FFFFCBB1
FFFFE218
00001268
0000713A
00002D36
00005755
00002EC6
FFFFF7D3
000026E0
FFFFCCF4
FFFFEA3B
00004099
00000853
FFFFEFDB
FFFFF18F
FFFFEA2E
FFFFD4A3
000027A3
FFFFFD94
00004389
00005BAB
FFFFD0FE
00006981
00002E5E
FFFFD0BF
FFFFD021
FFFFE78B
00006A26
FFFFCD43
FFFFEC98
00003298
0000320B
00000B9B
000008DD
FFFFE32D
FFFFD5CB
00004A43
00003E10
FFFFC5B3
FFFFCF52
00004C80
FFFFE90F
000067F2
FFFFE826
00004900
00000C9A
000052DD
FFFF446D
FFFFEA95
FFFFDF7B
0000042C
FFFFB7B1
0000174D
FFFFC0DD
00000A7E
FFFFCE01
FFFF9921
000051AE
FFFFFD2B
FFFFF3F9
00004BB8
0000206E
FFFF9A2A
FFFFDFCF
FFFF88F3
0000D25B
FFFFC576
00002EDD
FFFFECB5
FFFFC72B
FFFFCB01
00001E91
FFFFDEA3
FFFFC80F
FFFFEA7F
000036F7
000029F2
FFFFC4F2
000068F6
00003E74
000056F9
00000309
000022E6
FFFFB916
00001DC2
FFFFCE07
00001F16
FFFFE755
FFFFA375
FFFE2694
FFFEB4F3
FFFFB4C5
00002FB2
0000356A
00000557
FFFFBCA1
FFFFBBB9
FFFFEBD4
00002335
FFFF5E71
0000042F
FFFF985B
FFFFB2EB
FFFFB4E6
FFFFFDC2
FFFFE299
00000CEB
FFFF7AE8
FFFFFFDA
FFFFB71B
FFFFC8C8
000033CD
00002D71
00004CAF
FFFFB4B8
FFFFF695
000018E0
0000017C
FFFFFEC7
FFFF964F
000057E8
FFFFC649
00002BF6
00001FB2
FFFFD2CE
FFFFFA6A
FFFFD1D3
00003004
FFFF1912
FFFFF1BA
FFFFF38F
00001AC3
000015B9
0000064E
00002228
FFFFDA4B
FFFFF114
000075C8
FFFFC9E3
00004EF4
000029F9
FFFFC6BB
FFFFFE32
FFFFCB6E
000029C3
000010B4
FFFFF9EB
00002A8E
FFFFF0A2
FFFFBD33
FFFFE4AC
FFFFC10B
FFFFEE9D
FFFFC176
00005552
FFFF2300
00004EFD
FFFF67E1
000068B4
00002B47
FFFFE87B
0000520A
00003D18
FFFFE388
FFFFFF63
FFFFC60C
FFFFD6FF
0000299F
000049A8
00004B75
00005A71
FFFFE35C
00002E71
0000606E
000003D0
00006DE7
00002D68
FFFFE17C
00000390
00004E37
FFFFDE5B
00002BFC
00000A7F
FFFFC867
FFFFF3B2
FFFFF7F2
00000217
000043B1
0000506F
FFFFF849
FFFFC276
FFFFFB4B
000047C1
FFFFDFA6
FFFFF621
FFFFEC68
FFFFCCD7
FFFFF5BD
000021D2
FFFFFFF1
00003176
00005404
000034BA
000008F3
FFFFDAD1
FFFFE6C4
000070EA
FFFF94E2
00002994
000068EA
0000B98F
00000BEA
000062D5
0000C178
FFFFCCD3
00004E2D
FFFFE60D
FFFFB0C2
00003BFE
FFFFFA1B
FFFFEB95
000029D3
0000095E
FFFFAF38
FFFFDB12
00003063
FFFFFBA5
00003B43
FFFF9783
FFFFA44C
FFFFE752
FFFFF8B7
FFFF9758
FFFFD0C6
FFFFE061
00000F54
00002BDD
000029D0
FFFFC83D
00004C27
FFFFED54
0000355A
00005E01
FFFFB673
00005220
FFFF80D8
FFFF9755
FFFFCDEB
000021A9
FFFFEEC3
FFFFF2B4
00000E2D
FFFFC21C
0000536D
0000A33C
0000072D
00003ED9
000030A5
FFFFF065
FFFFDA14
00003329
FFFFE5D0
00003FA1
000022A2
FFFF952D
000054B8
FFFFDCB2
FFFFCF3D
FFFFA300
000000F0
FFFFB053
0000A5F5
FFFFF707
00000B75
FFFFD2B3
FFFF67C4
00007623
FFFFFD3A
FFFFD658
FFFFBDA5
00004C75
00001C97
FFFFEB7C
000019F8
00000CDF
FFFFE8CF
FFFFFE5C
FFFFFCDB
00003FA6
00001EC3
000031DF
00001E44
FFFFC67B
FFFF8A9B
00006367
00000644
00001790
FFFFE039
00003EE2
FFFFC509
FFFFB061
FFFFDF5A
0000639A
FFFF8D29
000002EC
00003B48
FFFFCBBA
000019AA
FFFFDEF0
00006102
FFFFDD76
00003852
FFFF9D1D
FFFFC42A
FFFFC71A
FFFFA294
00003F94
FFFFAE94
00001A41
000003BF
FFFFD756
FFFFCF1C
FFFFB4EA
FFFFB2D5
FFFF9015
FFFF88D9
FFFF94EA
00002387
FFFFB3AA
FFFFFAA0
FFFFC166
FFFFACDD
FFFFD868
FFFFD516
00002882
FFFF7BBB
00004BB2
FFFFDD8B
0000243E
FFFFC1B3
00001672
FFFF6EF4
00003771
FFFFB90A
00005CE8
FFFF71AB
000030E4
00001AA0
FFFFC897
00006F2D
FFFFEC95
00002858
00001EA7
00000BB3
FFFFB16B
0000425E
FFFFD718
FFFF93CB
00006311
00000A70
FFFFD9C6
000010B7
FFFFF41D
0000312A
FFFFAAA3
00003E20
FFFFF39D
00008EBB
00003448
000049B3
00006560
FFFF6A77
0000750A
FFFFF702
00002B29
000036A7
FFFFD1B0
00002054
FFFFC5D0
00003174
FFFFE845
00002060
FFFFC5A9
FFFFF8AE
FFFF7AB7
00003A20
FFFFF4EC
0000193A
FFFFF4A9
0000278E
FFFFF39D
00001AA9
00002BBF
FFFFE70D
FFFFEE2D
0000382B
00002B79
FFFFC998
00002857
00001A29
00001F09
FFFFE081
00000199
FFFFC460
FFFFBCCF
00001F7A
0000041C
00006778
FFFFC524
FFFFF5D1
FFFFB3F2
000051D4
00001CEE
000078E8
FFFFBBBF
000000E8
FFFFED43
0000366A
00003940
0000484F
00000F6E
FFFFDA05
00003ACC
000014FC
FFFFF479
FFFFB958
FFFF9A5F
FFFFBBA9
00004F57
FFFFD1FD
FFFFE2AE
000035B5
FFFFB3DF
0000169D
00000439
FFFFFBDD
FFFFF942
00001F8D
FFFFAC40
FFFF6D84
000000DD
000010BD
000039CE
FFFF8DEF
FFFFE81E
FFFFFBDC
FFFFE23C
FFFFE66C
00005084
FFFF67DA
FFFFA7A7
00002F8F
FFFFF1D3
FFFFD2BD
FFFFD5DD
FFFFBB0A
0000429F
FFFFA260
FFFFDDDA
0000260A
FFFFA226
FFFFF238
00001C3C
00002188
FFFFE5EC
00002FA5
FFFFAE27
FFFFE14C
00002B56
FFFFBC6E
FFFFDB01
FFFF45A2
FFFFE6DE
000061BF
FFFFFA7B
00000360
000026F5
000014F1
00005D49
00002B89
FFFFF9E7
00007D8C
0000578E
00006D6B
FFFFC899
0000102F
00001037
FFFFD182
0000186A
FFFFF8B7
FFFFE44C
FFFFE3EB
FFFFECEF
00001253
000003CB
FFFFDF90
00002D76
00001738
FFFFF282
FFFFEC4D
00001F5D
00001AA0
FFFFF559
000013BF
FFFFDB66
FFFFE4D3
00003261
FFFFF8DA
00000B87
FFFFEE9D
0000073D
FFFFEA35
FFFFC7E9
000019AF
FFFFFCD6
00001E27
000038BD
000011E8
FFFFDF62
00001ADE
00000887
00003406
00005B77
00000F99
00001060
0000043C
0000079C
00002843
00003A8A
00000B90
FFFFEBBA
00000482
00002E2A
FFFFEE61
00002009
00003AAE
FFFFF920
00001FBE
FFFFDBBF
FFFFF5CB
00001841
FFFFF624
FFFFC2CB
FFFFCBAC
FFFFEA41
FFFFBB8A
FFFFF246
00002E98
FFFFDF59
0000016E
FFFFD7B1
FFFFDD47
000017FA
00001570
00002000
00001E8D
FFFFD122
00000A08
00001E35
0000067E
FFFFEA99
FFFFD3CC
FFFFF842
FFFFB8E2
FFFFC7B3
FFFFD66E
FFFFF73D
FFFFD9EA
00001396
FFFFDF9F
FFFFDEAA
FFFFD6D5
FFFFC762
FFFFCC14
0000213D
FFFFF560
FFFFE89E
FFFFF6E4
FFFFD612
0000110E
FFFFEDA0
FFFFE7E7
00000BBD
000018F6
00001686
FFFFD472
FFFFEA91
FFFFF46E
000006AE
00000E3B
00002AE6
FFFFEC21
FFFFD0DF
FFFFFD0A
FFFFC0EF
000018A3
FFFFF2D2
000004B4
00001A8C
00001C12
000004D6
FFFFF1A2
00000C4A
0000160B
00000BA0
0000183D
00002BF8
FFFFECA8
FFFFD0AC
FFFFE85F
00002526
FFFFDC6D
FFFFDB77
FFFFEFE7
FFFFC89E
FFFFC33E
FFFFE522
0000048E
FFFFEE49
000004D6
0000261B
FFFFE126
00000260
000030D6
FFFFE033
FFFFFC54
00001FD0
0000128A
0000106C
FFFFD272
00002F47
000005C4
FFFFD7A5
FFFFF445
FFFFE17E
00001302
FFFFEF14
000018DB
FFFFEC37
FFFFED1F
00001637
FFFFEFA8
FFFFE57F
FFFFEF92
FFFFF500
FFFFE8DA
FFFFEFA0
FFFFF8D8
FFFFECE7
FFFFE49F
FFFFF668
FFFFC914
FFFFDD21
FFFFDFCB
FFFFF341
FFFFFEB3
00001EC7
FFFFE233
FFFFF9E5
FFFFC757
FFFFD634
00001A44
FFFFEAD2
FFFFD676
00004737
000019D9
000053C0
FFFFFF5A
000027EC
00002F75
000010B4
000032A9
00004A8F
FFFFE838
FFFFE1FD
000015CE
FFFFDF9F
FFFFF44F
FFFFE365
FFFFE550
FFFFED60
FFFFE9B5
FFFFF39C
000001F4
0000051E
FFFFEB4A
FFFFDDC2
00000B3C
00002167
FFFFF707
FFFFFF3D
FFFFEE09
00000B91
00000A45
00000668
FFFFD147
FFFFBF1A
FFFFE0BF
FFFFFB45
000011CF
00000326
FFFFF096
FFFFE5CA
FFFFEDAF
FFFFD7FA
FFFFF70B
00000343
FFFFF2BD
00001555
00001238
000029C7
00001433
FFFFDB3C
00001A71
FFFFE6B3
FFFFFD60
FFFFE21D
00001ECF
0000145B
000019D0
00001BC9
00000E75
000043E2
FFFFF00E
FFFFCFCC
FFFFD3C9
FFFFDA6A
0000062C
FFFFFB76
FFFFEE1B
FFFFF8AB
00000735
0000172F
FFFFE766
000001FB
00002927
00002027
00001B5A
00002166
FFFFF1EE
FFFFDE5B
00001004
FFFFF227
FFFFCB49
FFFFD21D
0000092F
FFFFEC18
FFFFF738
00001F7F
0000067B
FFFFDD9A
FFFFF118
000010AF
FFFFDEE4
FFFFFD88
000011E1
FFFFF393
FFFFB320
FFFFE883
FFFFE4EC
FFFFF501
000012B3
FFFFE794
FFFFDB5E
FFFFE56D
FFFFFDB8
00001259
FFFFF45A
0000321B
0000258B
0000334A
00003589
00001274
FFFFF785
FFFFD95F
FFFFED1A
FFFFD631
FFFFF11C
00001585
FFFFF123
FFFFF167
FFFFE1A8
00002AEC
000007DA
FFFFF8D3
FFFFE7B9
00003CFB
0000091B
FFFFEBAE
00001D0E
000015AD
00002502
000021FA
000003F9
0000148D
0000244D
FFFFD7BB
00001911
FFFFEFF1
FFFFF015
00001F8B
00002AE6
FFFFF281
00002D4F
FFFFD891
FFFFD884
000014A3
000000CF
00001978
FFFFFA58
FFFFD03D
FFFFE01B
00000CB6
0000116D
FFFFEE3C
FFFFD7BF
00001527
FFFFECFD
00000CBE
FFFFE44D
FFFFD700
FFFFE0AE
000039D3
00000A66
FFFFEFF8
FFFFE7AC
FFFFFB34
000017E1
FFFFD3CB
FFFFD7FF
00000353
000010FC
FFFFD702
FFFFC3B8
FFFFFC3E
FFFFE11C
FFFFE88E
00000F65
FFFFE91A
00003211
0000039F
00002E58
00002C18
00001656
00002199
FFFFCFBC
FFFFF345
FFFFEC60
00000894
00001A86
FFFFFA33
FFFFD630
FFFFE0F0
FFFFF01C
00003556
FFFFE08D
000047A1
00004807
00000114
FFFFE112
0000144B
0000228B
000019FB
00002926
FFFFE71D
FFFFF5D5
FFFFE4F1
FFFFF02C
0000396F
00002379
00000680
0000109C
000014C9
FFFFDC02
FFFFD2F8
00001943
000006DA
00000129
FFFFC169
FFFFBA29
00000A53
FFFFF634
FFFFF636
FFFFDD81
FFFFE2D0
FFFFE704
0000015F
FFFFDDA9
FFFFCD0C
FFFFF6C5
00001531
00001AEA
FFFFE8DE
000017C4
000001C9
FFFFFC6D
FFFFF011
FFFFD28B
FFFFF5E9
FFFFDC9F
FFFFE496
FFFFD3BF
FFFFCC98
FFFFF075
00000E24
000033C2
FFFFEE04
000029EE
00006E3D
000041B5
FFFFCC1F
FFFFFBF5
FFFFEDB9
000040EA
00003CDD
00000D65
000004E0
00003B7C
00002A14
00000A1F
00004932
00002B0F
FFFFE14A
00000211
00002C71
FFFFFC38
00002491
FFFFEE1C
00000868
FFFFF614
FFFFDA35
FFFFF1E5
00000BBD
FFFFC741
0000103A
00001AA3
000014BD
00001CF8
0000117C
FFFFF4D0
FFFFF928
FFFFFAD0
FFFFF4D8
FFFFD299
FFFFBA6B
FFFFD70C
FFFFDF33
FFFFC909
FFFFF5E0
FFFFBE64
FFFFC562
FFFFB06F
FFFFEBF0
000005D7
FFFFEC30
FFFFE96E
FFFFEDFD
FFFFED30
0000231A
000031A3
FFFFF7B3
00001EB3
FFFFDCFE
FFFFF713
FFFFF9D3
00002377
000002DB
FFFFD111
0000138D
FFFFD9E8
FFFFF7EC
FFFFECDC
FFFFBABB
FFFFDB3A
FFFFD1D9
FFFFC505
00000E71
FFFFED59
FFFFFED7
00000ADD
000006B5
000028F9
000025D5
00001B17
0000291D
00001293
FFFFE3E3
00003D41
FFFFE19C
FFFFC792
FFFFDC37
FFFFF79E
FFFFE0AB
FFFFD2F2
0000037E
FFFFFCB1
000009EA
FFFFCFE1
FFFFD72F
FFFFDD04
0000089E
FFFFCFDA
FFFFDC3F
000012BF
FFFFD693
FFFFFD0E
00001374
FFFFFAA4
0000051E
FFFFDDFA
00000B12
FFFFFE79
00001BFE
FFFFFB93
FFFFF344
000008B9
00003018
00003D77
00001C95
FFFFE296
FFFFDC70
000040BC
00001DCC
0000378F
00001501
00001210
FFFFF76D
FFFFF4BB
FFFFF7C8
FFFFD268
00000FD9
000007B4
00001BBB
FFFFFA4D
FFFFE591
FFFFFBF6
FFFFF0CC
0000006B
FFFFCC03
FFFFE309
FFFFFB41
FFFFBF3B
00004BD5
00004309
00002446
FFFFFEAC
FFFFC5C0
00000F5F
FFFFE6FD
00004D08
00003790
00001157
FFFFED98
FFFFE7B9
FFFFEF1A
FFFFF7D9
00000424
FFFFE139
00000CEF
000028DF
FFFFE8C9
FFFFD495
00003225
00002050
0000100B
FFFFFB97
0000089C
0000224E
000002F9
000014C1
000015DD
FFFFED06
FFFFF86F
FFFFD288
00002EED
00003064
FFFFB8DC
FFFFE83C
00000ABB
0000390F
000020E8
00004C6F
000029D6
FFFFDB09
000013C5
00004EB0
FFFFFB5D
00001A3B
FFFF9E73
00006D79
FFFFF5D5
FFFFB17B
FFFFE97B
00006FCC
FFFFC6DC
00001452
FFFFC5DC
FFFF7862
FFFF97D5
FFFFECBC
00003BD3
00006AF5
FFFF9D06
00004155
FFFFE468
00004A5F
000008EA
FFFFD85D
000034DB
00005920
000021AA
00001FDD
FFFFD9FC
0000255E
FFFFF334
FFFFF7C6
00003BB3
00001044
FFFFB749
0000450F
FFFFF491
FFFF95A6
FFFFC54B
00002E72
00003493
FFFFCE45
00002D36
000075F5
0000246C
FFFFC6A9
000007C5
FFFFF761
FFFFE2F9
00000236
FFFFD7CB
FFFFC7B0
00003B29
FFFFF16F
FFFFB5C1
FFFFD761
FFFFAFD5
FFFFB0C7
FFFFC75C
FFFFF68B
FFFFE503
FFFF89CE
000036E9
00001597
00000243
FFFFF260
00000742
FFFF9560
FFFFD8BE
FFFFFD0D
0000201D
FFFFC7AC
000016E6
00002683
00001214
FFFFB13D
FFFFFB97
00000AFD
FFFFE087
0000510C
FFFFD70D
FFFFEB1C
00000ACB
FFFFFCCF
00003D6E
000035C0
FFFFBC61
00003652
00002454
0000304C
00000CD4
000029CB
0000314F
00002749
00008791
FFFFFEEE
00003EC0
00001BE8
FFFFCB7B
0000301E
FFFFC09D
FFFFD201
0000095E
FFFFDD52
FFFFA7E2
FFFFF87D
00004BC7
0000118C
0000144C
FFFFC985
FFFFE4A1
00003D0B
000030DA
FFFFFAB5
FFFFAEC0
000093D9
FFFFED3C
FFFFB969
00001CEA
0000037A
000022A4
FFFFF882
FFFFEDF6
FFFFFA06
00000457
FFFFEF07
00003E2F
FFFFF84B
000014DE
FFFFE7BD
FFFFC517
000006AD
000047F2
FFFFCBCB
FFFFC490
FFFFE35A
FFFFE75E
00005FA0
0000577A
00005E42
FFFFB1AB
FFFFB635
FFFFD676
FFFFAF3B
FFFFBA23
000029A4
FFFFEA4E
FFFFEE4D
FFFFF4D2
FFFFD3FF
FFFFC90B
FFFFA39E
FFFFBACE
00000AC6
00001BF6
00001EFC
FFFFC235
FFFFC0C6
FFFFEB69
00007EC6
0000BFD6
000064C9
FFFFDA58
FFFFA5B3
00007314
0000186E
FFFFAC8B
FFFFED99
FFFFE41A
00003972
FFFFE042
0000071E
00004A84
FFFFEC1D
FFFFAC1F
FFFF7F33
FFFFBF25
FFFFC573
FFFFFB67
000017D9
FFFFA643
FFFFDC85
00002881
FFFFC7AC
FFFF9C77
000001B8
FFFFFC2B
FFFFABE3
000054F6
000022C1
000002E4
00003815
000067E4
FFFFF82A
00000D6D
FFFFC184
FFFFE863
000026CA
00005A3F
FFFFEAC1
00003E21
00002A83
FFFFD379
00000D3F
000005CE
00005AA2
FFFFDB93
FFFFCFA1
FFFFF144
FFFFFE4F
FFFFD38F
00006D89
FFFFDD39
00005EF0
FFFFEF0B
FFFFFF95
FFFFFE93
FFFFEAE5
0000127E
00006E59
FFFF8E79
00000D3D
0000099C
FFFF889D
00001CF7
FFFFF534
000046B2
FFFFF3F2
FFFFB399
00001ACB
FFFFEE91
000008CF
FFFFBC26
000006FF
00000955
FFFFBEC7
00003D23
00005A93
FFFFD51D
FFFFC81D
000037D4
FFFFBB83
000005CE
FFFFD100
00000105
00002B46
FFFFC622
FFFF83E2
000039E1
000009BF
FFFFCFCF
FFFFB9F0
FFFFBC39
FFFFE3E7
FFFFCD75
00001955
00001146
FFFFDE3C
0000274B
FFFFCA40
FFFFD48C
FFFFE0CF
00004D16
FFFFECF2
FFFFF83D
FFFFC782
00002B9E
FFFFDA81
00005E08
00002461
FFFFF4A6
00003CA1
FFFFB819
00000DEA
00003529
00008D24
FFFFDF2A
00006DB8
000005C8
FFFF97A5
FFFFEA4B
FFFFD4AA
00001667
FFFFF0B0
00001381
FFFFE8D4
000000A5
FFFFFB32
00002E8D
00000CB7
FFFFE627
FFFFD869
00003A1F
FFFF8B9D
FFFFCDED
FFFFE8B1
FFFFF73F
FFFFD644
000029BF
FFFFC26D
FFFF94BA
FFFF9849
FFFFDA0E
FFFF915D
00002EE3
FFFFE973
FFFFE50F
FFFFFCD0
FFFFD44D
000027C6
000008CA
FFFFC6DD
FFFFEA86
FFFF8697
000029A5
FFFFAE3E
00004FD2
00002D0A
FFFFDB7C
FFFFE55D
FFFFFCCF
FFFFF224
00002AE3
FFFFC838
FFFFE613
000015B1
00003373
000061AF
FFFFEDE8
0000023D
00002B8E
FFFFA5AA
FFFFFF35
00003E27
0000113C
FFFFCB04
FFFFD72A
FFFFFA2C
FFFFF1A6
0000521C
FFFF4CF1
FFFFFF6D
FFFFC985
000019DD
00007094
FFFFED0C
00002208
FFFFCE55
FFFFE176
FFFFAE80
00002A23
FFFFE441
00005373
00000E65
000061D9
FFFFFC19
FFFFC2BB
0000446F
FFFFDEFD
FFFFD0E6
FFFF7B27
FFFFC4C3
00003D1D
FFFFFCD9
FFFFD890
FFFFD9CA
00004043
FFFFF507
FFFFE066
000018D3
00006656
FFFFEBF2
FFFFD024
FFFFE913
000019FA
FFFFE8E7
0000261C
FFFFC143
000027E0
FFFFD6F5
00002E03
00001CDA
00000A08
FFFFDE26
FFFFC0AB
FFFFDDF0
000002AC
00003EFD
FFFFBD2F
FFFFE89F
00004B04
FFFFD014
000023F7
FFFFDE49
00007545
00006C5B
FFFFED3E
FFFFABBA
FFFFF792
000020F6
FFFFAF46
FFFFC7EB
FFFFCF7F
00009E5C
FFFFCAB0
000036C9
FFFFC635
00003159
FFFFE671
00007812
00002B7B
FFFFB9A3
00004D66
FFFFEB63
000022D9
FFFFE8EF
FFFFE2B5
00005865
00002707
00001D57
00003009
00003671
FFFFD88A
FFFFCBF2
FFFFB4D5
FFFF90C2
FFFFB2FA
FFFFB8DB
00000C2D
00000896
00002BB3
FFFFF6D7
FFFFCF66
FFFFEF60
FFFFDB57
000057FE
000008D1
00002A2F
FFFFCA93
FFFF9D18
00006B70
0000371E
FFFFEF99
FFFFFBE5
0000201F
FFFFF462
000010B1
FFFFEF55
FFFFC16C
FFFFBFB5
00004522
FFFFEDAF
00000DD4
FFFFB4CF
FFFFCDF9
FFFFEFDC
00001BB8
FFFFD92F
FFFFE45C
FFFFF35D
0000357A
00000FD1
FFFFFE6C
FFFFEFBC
FFFFD308
000010F5
000009A0
000004EF
00005826
FFFFD525
00003547
000003BF
000078EE
FFFFFDA7
FFFFF83B
FFFFE839
FFFFEB88
00007D55
000044E9
00004D1B
00002A5C
00001D6A
000024F8
00000B6D
FFFFEE42
00002595
FFFFE5EE
FFFFD91F
00003BC6
00004862
FFFFD4D4
FFFFB354
FFFFC373
00002D03
FFFFB1BA
FFFFD8B5
00002586
FFFFB43D
FFFFD05E
FFFFF744
FFFFFACD
FFFFDB78
FFFFF2D7
0000233E
FFFFE0F5
FFFFDBF4
FFFFB977
FFFFB2CB
FFFF5F9C
00001E10
FFFFFF83
00000FA0
FFFFCF0F
FFFFB42B
FFFFA604
000003B3
FFFFC55B
00000FB4
FFFFB2B3
00004B55
FFFFFDD1
00003879
FFFFC312
FFFF878C
FFFFC307
FFFF9510
FFFFE32D
FFFFAD0C
00000B7B
FFFFB7F6
FFFFA5A9
000063D8
FFFFDDDF
FFFF92E2
FFFFB129
FFFFBD00
FFFFE764
000005AC
00002A7A
000044EB
FFFFDE6F
00002181
FFFFEE0D
0000162C
00006714
00002D3E
000001C1
0000562D
FFFFF689
00001C57
00002F08
000034E5
00004B7C
FFFFB800
FFFFBD63
000051B7
00005776
FFFF8510
FFFFC846
FFFF993E
FFFFBDBA
FFFFE0A0
FFFF9E73
FFFFF10A
FFFFAC87
000049DE
FFFFD89F
000008BA
00000545
000032DC
FFFFF1E0
FFFFB9AB
000007AA
00003471
000012AE
000004EE
FFFFC845
0000678E
FFFFAEB1
FFFFC18B
FFFFDE30
FFFFB32A
00002857
FFFFE572
000018D1
0000765E
00000FA3
FFFFD058
FFFFD346
FFFF9EAF
FFFFD526
FFFFEF1E
000017EE
00004C30
000037E0
FFFF87E3
FFFFA281
00003777
000032F1
FFFFE2FB
00005594
FFFFF814
FFFFFADD
000030F7
FFFFAC17
000010E7
00007FBC
00003462
000069F4
FFFFE5A9
00002047
0000486F
FFFFA7FF
000028DE
000008AB
00001957
000002D5
FFFFD955
FFFFF245
00007DFE
00002CDD
FFFFD211
FFFFB3DA
FFFFC20F
FFFFE673
00000B76
0000582F
000018E9
00002836
000077A1
FFFF7196
FFFFC520
FFFFF8FA
FFFFDA52
FFFFB4BE
00003739
FFFFEDA0
FFFFD6AE
FFFFEEC3
00001A1C
FFFFDF33
FFFFBD3C
FFFFC044
FFFFC795
FFFF9894
00003159
00005C83
FFFFAFD2
FFFFB981
000042DE
FFFFA8B4
FFFFBB80
FFFFD49C
FFFFFBFA
00004305
00005D27
FFFFDBBB
00000B5D
FFFFC719
FFFFE6AE
00002DE6
FFFFF73D
00006E5C
000042D7
000009FD
FFFF9C67
00005E2B
000022EC
00003E9E
FFFFCC59
FFFFEC5B
00009411
FFFFE32F
00006825
000007F6
FFFF9E29
FFFFFB18
000049CC
FFFFD39B
0000668F
00004D2A
FFFF7F0A
FFFFDFF8
000090EC
00003A3D
FFFF7770
0000148B
FFFF6990
000060E2
FFFFDFC0
FFFFEDA4
FFFFF888
FFFFDCF8
FFFFF44D
FFFFCF01
00001CB1
FFFFF0E4
00003256
FFFFDA3C
00001B57
0000168E
00004883
FFFFCE83
FFFFD535
000007F9
FFFFD4D4
FFFF3D2B
0000071B
00004EA4
00002B6C
FFFFBB43
00000356
00001BDC
FFFFD451
000002FD
0000221A
FFFFFA03
00002518
FFFFF9E0
FFFF93BD
00002EAD
FFFFCFED
FFFFA207
00001DB3
FFFFD7AC
00000321
00006462
FFFF63CC
FFFFECD7
FFFFBA33
000042C6
FFFFF11E
FFFF24D6
FFFE7F4C
FFFFB7E7
000003D3
00007C98
0000845F
000005D0
FFFF3B32
0000263C
FFFFBBE0
FFFFA9CF
FFFF68D7
FFFF580F
00005C24
0000382E
000028C1
FFFF6E23
00000A82
FFFF8FC7
FFFF9509
FFFFEBE9
00002065
00007C8B
FFFFEECF
0000529C
00002AEA
FFFFE1C4
00008A6D
FFFFE6C5
00000B0B
00003D16
FFFF8625
FFFFA156
000038BB
FFFF77C4
000001F0
0000124C
00000BDB
FFFFA348
FFFFD5AC
00001372
00006392
00005760
FFFF9B77
FFFFA3D1
FFFFDDDF
000042FA
FFFFDAD7
0000635D
00002B0A
FFFFB885
FFFFEF0B
FFFFFE94
FFFFDB44
000024C2
FFFFF0CE
FFFF7719
00004352
FFFFEC2E
FFFFFA64
00001AC8
FFFF6F31
FFFFCFAA
FFFFE69C
FFFFF4AA
FFFFDD2B
FFFFE365
FFFEA66A
00005286
000030FE
FFFFBB19
00006D3B
000054F2
000011CF
FFFFE1B9
FFFFEA6F
000006D8
000034E5
FFFFCFA1
00003124
00006C4A
000024A0
FFFFE285
00005609
000000C0
0000155D
FFFFE92B
00005BB7
FFFFEB19
000039B1
FFFFBEBE
FFFF3F95
000017B7
FFFFB51A
0000061B
000059C3
00001892
FFFFEF08
FFFFE84B
FFFFC33D
FFFFE0E6
FFFFE39F
FFFF73DF
00002F37
FFFFDEB9
FFFFFCD8
00005162
000000E1
00002CC3
00001A1A
FFFFC36D
FFFFD2F6
00005938
FFFFF157
FFFFBEFA
00001246
FFFFADC2
000002BB
FFFFE017
00001FF1
0000352A
0000B9C8
00001FDE
0000911A
0000634F
00007E99
00000348
FFFFCE16
FFFFFE22
FFFFC14A
00001E91
FFFFC9F6
FFFF9AC4
000026C2
00003C54
0000061D
000056FA
00001B88
FFFFF9F5
000088DD
00007519
FFFF9AD3
FFFFF2AE
00001CE3
FFFFEE97
FFFFF1C2
FFFFE370
0000745F
00003D8B
00003127
00000596
00006082
000017C7
0000267C
00007A47
00004336
00000909
FFFFFB37
FFFFC3A2
000021DF
00004F98
FFFFFC7E
00003B60
0000130D
FFFFC99B
FFFFEAB9
00006C21
00000CEA
FFFFFEF0
00001CDA
00002A8F
0000314A
00004989
00005FD1
000017F5
FFFFEF41
FFFFB3F9
FFFFEC3C
FFFFB606
00004CD1
FFFFA7BC
000032D7
00000B74
00006112
FFFFEF9D
00004881
FFFFF27F
000044CB
00007C75
FFFFDBC5
00003467
FFFF9D7A
000034D7
00002DB0
0000168E
FFFFA2A1
000056D8
000032C7
FFFFEB59
FFFFD99D
00007D51
FFFFAADB
00008E03
0000084B
FFFFDCF1
FFFFCF49
FFFFD1FB
00004FF9
0000365E
FFFF8AE1
00003360
000009F8
00002186
00002CD4
FFFFCFB4
00003921
FFFFEE02
FFFFD382
000017DC
FFFFC2FF
000051AA
FFFFD2DC
FFFFE612
0000293A
000050B5
00001D8A
FFFF9A90
00003376
000070A1
FFFFFE41
FFFFEB2C
FFFFACA4
FFFFB10E
FFFFAE17
00000D1F
000034BD
00001CF6
FFFFFECB
FFFF5649
00004FA3
00004C24
FFFFA92D
00001C27
0000237A
000013AF
000009D9
00002E7B
FFFFACBD
00005B4E
00001FD6
FFFFE7AF
FFFEF087
FFFFD79D
00001A8B
000017FB
0000673D
FFFFE247
FFFF63BD
00001139
00007B30
00006813
000010DD
00002C6B
FFFFD9AC
FFFFE5FF
000043E7
00006644
000029DB
FFFFFA7C
000047D9
FFFFD67C
00003070
FFFFD283
00002DEA
FFFF9EBF
FFFFD6D2
FFFFB2E3
FFFFC06D
00002FED
FFFFF112
FFFFEAB2
0000B9D0
FFFFB815
FFFF839A
00002A47
00005692
000061A6
FFFFF70C
00000233
FFFFF07A
FFFFDE5D
000008FC
FFFFD94C
00004803
00004604
FFFFD1B4
00001712
FFFFC0FC
000012F3
000025E7
00006DF3
FFFFCEBA
00006822
FFFFBEC1
00006FCA
FFFFF4AF
0000061A
FFFFF3E4
FFFFA3A5
FFFF9F49
FFFFA51E
00004752
FFFF9C0B
FFFFBC3A
FFFFECC6
FFFFDDA0
00000F1F
FFFFD3A4
FFFFE6EE
FFFFFE39
FFFFC26D
FFFFECBD
00004025
00002EE1
00003160
00003DF2
00000492
0000061A
FFFFA636
00000DC1
FFFFC43C
FFFFF84E
FFFFFD81
FFFFC180
00007B69
00000827
0000195F
FFFFBAE8
00003C84
FFFFDBBF
FFFFF0C3
FFFFDA61
00002C37
00000AC0
FFFFBABC
00002D04
00008CE6
00002A78
FFFFFDBC
00008794
00000BAD
FFFFDD55
0000386E
FFFF7424
FFFF8563
0000320E
00000F59
000032F5
000004D5
FFFFCC35
FFFFDB13
FFFFFE08
000008CC
00001C7E
FFFFE17A
0000303D
FFFFA1DB
FFFFD287
00003054
FFFFF794
00000BF8
FFFF904F
FFFFFA72
FFFFA119
FFFFE857
00005977
FFFFD53F
FFFFB31E
000039ED
FFFFED3C
FFFFEE2A
FFFFFFBD
000007B0
FFFFE019
FFFFA428
000044D2
0000796A
00005DBE
00007B3B
0000106B
000041D2
00003184
FFFFBA4C
00001536
FFFFFDE8
00003934
FFFF8A1A
FFFFD972
FFFFF665
FFFF345E
0000A2AC
FFFFD3F9
00003A10
0000C351
00002D3E
00007009
FFFFF81E
00006A38
FFFFEAD7
00001062
0000BD24
00003135
FFFFDC91
000020F1
00009AC0
FFFF8EA4
0000645C
FFFFFECE
00006532
0000B4E1
000057A4
00018BE6
FFFFD59E
FFFF9064
FFFFB942
0000127A
FFFFA9E2
FFFFFFEB
FFFF7EDC
FFFF4FC1
FFFFD6B1
FFFF8B7C
000010F2
FFFF4CB0
FFFF65B3
00004FB1
000022E1
00000635
00000672
00000B5F
FFFFE755
00003CF6
00007EA6
00000921
00007E01
FFFFEF4F
FFFFF6DB
FFFFEDF3
FFFF90EF
FFFFDB70
00003D8B
FFFF9DE3
FFFFEEAB
00009617
FFFF9361
000074FA
0000A077
FFFFE7AC
FFFFA2B1
FFFFB17A
000069B9
FFFFCB22
0000B554
FFFFB52E
FFFFE535
000009C0
FFFFA45E
FFFFD7DF
00005F48
FFFF79C8
FFFF5C49
FFFFEAD4
FFFF0D36
00005964
00008E4F
00003E12
00009008
FFFFEFEB
FFFFE98A
FFFF8628
000064B1
00000C7C
FFFF850B
00001F74
FFFF923E
000034D3
FFFFE39A
00003B87
FFFFA9B8
FFFF82F0
FFFFA870
FFFF9861
FFFFFFB9
FFFF6FB5
FFFFB5F7
FFFFB2E6
00000E1D
0000073D
00001EFE
00005849
FFFF82EE
00003D2F
FFFFBAA8
00005B10
FFFFF5E8
00002FD6
FFFFE830
00004C91
000080BC
FFFF95AA
00001E95
FFFFF942
FFFFCDCB
000006C4
FFFF9B17
00002989
FFFFBEA3
FFFE5E79
00005BF2
00004500
FFFFF246
FFFFF8FC
000002D2
FFFFE3A2
FFFF9C99
0000A5E4
FFFFA984
00000650
FFFFDAB7
FFFFD43E
000082A0
FFFF9B03
0000DC09
FFFFE7F9
FFFF75F7
0000F6B5
FFFF43F2
FFFFEEE8
0000BBFA
FFFFDBB2
00005506
FFFF40A0
00004A0A
FFFFB738
FFFF8419
FFFFE52F
FFFF82DB
FFFFD03D
FFFFC86F
FFFFD267
FFFF531D
FFFFDF5B
0000F284
FFFFB7FA
FFFF4C0A
00002729
00002335
FFFF8CC7
FFFFF449
000019EC
00002BB7
FFFF81E8
FFFFED6E
00004531
FFFFB2D0
0000240D
00002569
0000E690
FFFFA8AA
FFFF3F65
00011E06
0000AA43
FFFFB590
00007DF3
FFFFFDBB
FFFF8EEA
FFFFE1B3
FFFFEF8D
FFFFF329
00004F6C
FFFFDAA5
FFFFFC33
FFFFD1BA
FFFF8216
00005C1E
000017E2
FFFFAC0D
FFFF07E5
FFFFAB51
FFFFE40B
FFFFA7DC
000032BD
00008468
FFFF6691
000022D4
000047D5
0000225C
FFFF91A6
FFFFBE05
00001EC5
FFFF5086
000042FD
FFFFB0A1
FFFFBC44
0000557E
0000276E
00009B01
00000879
FFFF67A2
00007B67
FFFFED76
FFFF9215
0000479D
000043A8
00000220
0000129B
0000969C
FFFFE5B5
FFFFECDB
FFFF926E
FFFF92B1
FFFFCC7B
FFFFBC36
FFFF3D17
00009EC8
FFFFCFFF
FFFF7E45
00008025
0000502B
00001042
FFFF8CEF
FFFFD9A3
FFFFA9DA
FFFF14ED
FFFF443E
000049B5
FFFF8200
00003AE9
FFFFCFBE
00003D82
FFFFBAA3
FFFF827F
0000A4BB
FFFFE089
FFFFE439
00004FD2
FFFFC588
FFFFAE88
00002E18
FFFFAED5
000021D7
00000366
00000868
00003997
FFFFBD18
FFFFAB03
FFFFF627
00006899
FFFF7F21
0000769E
0000341D
FFFF7253
FFFF9A6A
FFFFDE65
0000639F
00002938
000012DA
FFFF1C6A
00001228
000067C6
FFFFA96A
FFFF9306
00008803
FFFF5FAB
FFFFD0A2
FFFFB1BA
00003912
FFFFBAE7
FFFFD484
FFFFD535
00001C41
FFFF6484
0000153F
FFFFCB5A
FFFFDD53
FFFFED95
00004277
00004490
FFFF7265
00000002
0000172B
00003685
000008A7
FFFF7A50
00008AC2
000027CF
FFFFDB59
00001A82
00003F4A
FFFFDE3B
FFFF599C
FFFFEC54
FFFF95C7
00001EC1
00007948
00005602
000001BE
000060A0
FFFFC9A8
FFFF9449
00005F31
FFFFEB21
FFFFCE17
FFFFC3B5
00000967
0000824C
0000D9AC
000034A6
FFFFBD48
FFFF5A0F
00007804
FFFFC1C7
FFFFCC9B
000057D8
000082EF
FFFFB210
FFFFFDC0
000050EA
000030FC
000011B5
00000996
FFFFFB34
000073F4
00005E4A
00005342
00001157
FFFFD4E0
FFFFFC9A
FFFFCAE3
00003DF5
FFFFB10F
00007E2D
FFFFC92A
FFFFB35B
00001B63
00004D1F
FFFF6595
00005650
FFFFF76D
FFFFDCAA
0000167A
000065CB
00003948
FFFF841B
00007A81
00005164
FFFFF204
00003D72
00006CC8
FFFF5C3E
FFFF9291
FFFF7FD8
FFFFD845
FFFFC646
FFFFAC72
FFFFA3AA
FFFFDB2E
0000C1DD
FFFFBA4D
FFFF988A
00000FD8
FFFFBE32
00004E4B
FFFFE932
FFFF3E47
FFFFC394
FFFF4EC2
0000027C
00013DCD
FFFFCF50
FFFF84CB
0000ACA3
00008E85
00004E23
FFFF8E95
FFFFDA88
00000A84
FFFF93CC
FFFFA257
FFFFC926
0000E08A
FFFFC8C9
00005595
0000A02C
00002B7A
FFFF7C28
FFFF6F5C
FFFFCD8A
FFFFE26A
FFFF46AB
0000704F
00002F9F
000049C0
00007844
00004AA8
FFFF9B53
000076FD
00002680
000073A5
FFFF5D49
00003229
FFFF7D5D
FFFFFC85
00004B47
00003B0D
FFFFD6DC
000005E3
0000A32E
FFFF8D59
FFFF4033
FFFEF300
FFFFA2A0
FFFFEF28
00005682
00008B1E
000059C0
00002938
00006D5C
00000850
FFFFC7A4
0000AF3F
00001030
FFFF9BD9
FFFFB6A2
FFFFCABF
00000F58
000078A7
000018A9
FFFFC1E7
FFFFCC62
FFFF902A
00008C86
FFFFF600
FFFFD7F2
000026D6
000020BF
0000663B
0000298B
000014CF
FFFFC5DB
FFFF816A
FFFF9DBF
FFFFEC7A
FFFF7BCA
00002B0D
00001BEB
FFFFB449
0000A535
FFFFFAED
FFFFB5F9
0000994A
FFFF5585
FFFF906E
FFFF9EAA
0000061C
00002908
00001C0E
FFFFB3AA
00008A06
FFFF4FC8
000025F5
FFFFFA52
FFFF7F9A
FFFFE77A
0000912C
FFFF89E9
00007B7C
FFFFD506
FFFF9600
000058E8
000002A2
0000100E
000045FD
FFFFEE99
FFFF9EF3
00004467
FFFFBDA1
FFFF9C3D
FFFFD0B7
000048C2
FFFF817B
00003FD3
0000C008
000060EB
00000611
FFFF67E3
FFFFC01C
FFFF5E49
FFFECCAD
00005368
FFFFAA8F
0000842D
00000F30
0000101F
00005516
FFFF88FF
000033EE
FFFFAB02
00000EC4
FFFFE13F
FFFFA9A0
00004888
FFFFAE8F
FFFFDE2C
00006C84
FFFFAB7A
000067D8
FFFFBC56
00003C66
000045AF
000051F4
FFFFBA26
FFFFE5CA
00005450
FFFF3BC6
00001530
00000AC5
00002ABE
FFFFCED9
FFFFD03C
0000598D
00001538
000156E0
FFFFC8A6
00000AB9
FFFFB15D
FFFFABB5
FFFF226B
00002078
0000C150
FFFF85EF
000024A1
00004457
FFFF3EBB
FFFFE404
FFFFEC24
FFFF9877
FFFFE422
00000568
00005A2C
0000595A
FFFFF5D0
FFFF82D0
00005C4C
FFFFCF84
FFFF41EC
00003B4D
000085AE
000008F8
000047D8
0000466B
FFFF5DFC
0000404E
FFFFFD35
00008E3B
00009E0E
FFFF722A
000076AD
0000D170
FFFFB168
00006949
FFFF9BE6
FFFFED3D
FFFFF459
FFFFF945
00001727
000000F8
000016DC
FFFFFE1A
000005A8
00000123
FFFFFA28
FFFFF38F
FFFFF9D0
00002591
00000535
FFFFE1E4
000020A8
00004696
00002E00
000020C4
0000472D
0000343B
FFFFEF67
000003B4
0000423F
FFFFD832
FFFFE396
00000319
FFFFF31C
FFFFDD73
FFFFDA8D
FFFFFF72
0000015C
00001DF8
000025F1
FFFFD9B8
00000BB0
00000E90
00000CAF
00000078
00000629
FFFFCD1D
00001ECA
FFFFF435
FFFFDA8F
000002FA
00000734
FFFFD798
00000514
00001112
00001178
00001A2C
FFFFFB7B
FFFFE702
FFFFE0C5
FFFFE6C3
00002A81
00002C9F
FFFFF9FB
FFFFDEFB
FFFFF481
FFFFFF9E
FFFFF37C
FFFFF73F
00000FB9
00001945
FFFFFAA0
FFFFF683
FFFFD66C
FFFFC922
FFFFFF1B
FFFFD604
FFFFEB15
000035D2
00002439
00005512
00001EAB
FFFFEA68
00002BF9
FFFFE2EE
0000087A
FFFFF8B4
FFFFFB00
00000C10
FFFFE944
FFFFF058
FFFFEE84
000022C0
FFFFF1CA
FFFFF54D
FFFFDF9B
FFFFDE10
FFFFEBB8
00001D39
00000E9A
FFFFE072
FFFFECAE
00001CD9
00000768
FFFFE6B5
000005B7
FFFFD535
FFFFEBFF
00001ABC
00001A7B
00000AA9
00000DDB
0000182F
FFFFEB98
FFFFED3C
FFFFE544
000028FA
FFFFF13A
FFFFF3CA
000018DF
FFFFF7BA
FFFFEC06
00000DD3
00001EB5
FFFFE2CD
00000FF8
FFFFFD00
000021C6
FFFFDD5B
FFFFF7FB
FFFFDDC9
FFFFF599
00000CDD
0000042F
FFFFF202
00001B83
000059F9
FFFFFE93
00001F3E
FFFFFBA7
FFFFF929
FFFFFDB5
00002093
00000532
00000F28
FFFFE1A5
00002F7B
0000240A
00001856
00001BEC
00002701
000009E8
000026E6
FFFFF352
FFFFE6E8
000002D7
00001110
FFFFEA74
0000163A
FFFFFD8B
FFFFDC8D
FFFFFA87
00000749
FFFFF7B9
FFFFFEF3
00000D94
000011AA
000002E2
FFFFDE3E
FFFFD60B
00000EC7
FFFFFAB0
000009B7
FFFFF127
FFFFEE0D
FFFFFF68
FFFFF80D
00000760
000018CB
FFFFF3C4
FFFFFC3E
00002AAF
FFFFF5C6
FFFFE698
000010A5
00000A62
00003637
000022A3
00001E0C
FFFFF8BC
00000217
FFFFFECB
FFFFE7A4
FFFFDCF3
00000C82
00000520
00000D32
0000298D
000013DB
FFFFEEFE
FFFFF86F
FFFFF744
FFFFE3A1
000008C4
00000FEF
FFFFDC8F
FFFFFCB8
00001DED
0000017C
000021B6
FFFFFC28
00001ECF
00000A35
00000CB2
FFFFEB45
000022EF
FFFFEA0C
FFFFF100
000018E1
00000C40
FFFFE1AD
FFFFDF08
FFFFE67E
00000042
00000ABB
00000778
FFFFF896
FFFFEB2F
00001805
00002920
FFFFF6BE
FFFFDB75
00001301
00001541
000018DB
000014C1
FFFFED9A
00000590
0000223C
00001700
00001FCD
00000C14
00002BE9
00002D5F
00000F13
FFFFD93F
000005D7
FFFFD1D7
00003274
0000046F
0000176D
00000043
0000189A
FFFFEB8B
00002AA1
FFFFF73A
FFFFFC9B
FFFFDA3A
FFFFE52D
FFFFFAB7
FFFFFD52
FFFFFE91
FFFFE980
00001C31
0000241B
0000077A
000017AE
00002C6B
00000D86
FFFFEAEE
FFFFE849
00000794
00001F4C
FFFFE616
000010B8
FFFFE442
FFFFF8B5
FFFFF528
FFFFF642
0000066F
000000FD
00000A6B
FFFFD4D0
FFFFE185
FFFFE2D3
00000C17
FFFFF4FD
0000108F
FFFFDA0E
0000016D
FFFFF0DD
00002C6D
00002639
FFFFF2EC
00002585
FFFFDA39
00000459
FFFFE2CB
000009A8
000007ED
00000B98
00000A0F
000012A4
FFFFD9FE
FFFFFBB7
00003DC2
00001A04
FFFFDB0A
00002912
FFFFE835
FFFFEA57
FFFFF7C9
000028CF
FFFFEFCF
FFFFFDF5
00000B06
FFFFF975
000006FA
FFFFECE2
FFFFE746
FFFFE6F5
FFFFE83A
0000044C
FFFFD9BD
0000089E
00000AC5
00000DAC
00004825
0000495F
00003BD1
000006A4
FFFFE037
00001E81
FFFFD520
FFFFEA4C
00002177
FFFFF682
000011D5
00001676
FFFFDD23
FFFFF718
FFFFC6EC
FFFFC790
FFFFC91C
FFFFF5E8
FFFFCFED
FFFFE4E0
FFFFD58B
FFFFFA0C
0000163E
FFFFDC0C
0000270A
00004DA4
00003620
00001AF2
00002887
FFFFEC69
FFFFDACC
FFFFF1E2
00000D3A
00000CA9
FFFFDFB4
FFFFD10E
FFFFD32B
FFFFD555
000010B9
FFFFD566
FFFFFC86
FFFFCCAC
FFFFF3AB
00000150
000027D7
000024A7
FFFFF47B
0000154A
000016B2
FFFFF2A6
FFFFD711
000027BE
FFFFE26C
FFFFF90B
00001E25
FFFFFFF6
00002FD4
FFFFEE1E
FFFFFDE6
00002324
FFFFE532
FFFFA322
FFFFE0ED
00002151
00000912
FFFFF918
FFFFEAF6
00003CEA
00003673
00001E55
00002C4E
FFFFF82C
FFFFD5FC
FFFFCA13
FFFFF940
00000FCE
00000F22
FFFFE2C1
00000194
00001EAB
FFFFE404
FFFFEE58
FFFFFAAD
FFFFF9B0
FFFFF613
FFFFFB4D
00001DFA
FFFFE8D0
000003D6
000028F1
00000B93
00001787
FFFFFB83
FFFFF6A1
0000188D
000012D2
FFFFC75A
FFFFE156
FFFFF6A2
FFFFEBF4
FFFFEDDC
0000217D
0000137F
FFFFF1A6
00000A51
0000005D
FFFFDB05
0000076E
FFFFF882
FFFFF084
FFFFEC7A
00001E05
000023B7
FFFFEBB0
FFFFDFA7
FFFFFA99
00001942
FFFFF0A0
0000047C
00000509
0000126B
FFFFE83B
FFFFEEF9
00002531
FFFFDCAA
FFFFFEFF
000010A9
000023E6
00001E53
000008B4
FFFFEC5F
00000C0C
0000092C
FFFFFA84
00001635
00001A5B
00000E74
FFFFDA14
00003C87
00001BDE
FFFFFC4E
00001A6A
00001FE6
0000202D
00002043
00000E7A
FFFFF281
00000882
0000102C
FFFFEA75
FFFFF458
FFFFF89B
00001FC8
FFFFF0AC
000011C4
0000110A
000009FE
FFFFE3A1
FFFFE9F2
FFFFE6AF
FFFFF987
0000056F
00001BEE
FFFFFADE
FFFFFCBE
00004134
00002DC6
00001725
000020B1
FFFFFE79
00002717
FFFFE3C1
00000910
FFFFFC5A
000021CD
FFFFE193
FFFFCBE2
000028C2
000055D5
FFFFF370
FFFFDF0B
FFFFCD21
00002582
FFFFEEE5
FFFFECF6
FFFFDBAE
00002412
00000C84
FFFFE402
FFFFE372
000001CF
FFFFEB72
000005EF
FFFFD7FC
FFFFF36B
FFFFDF10
00000A39
FFFFE3EE
FFFFDCFA
000000EA
00000833
000025FD
00001860
000010D8
000030D7
FFFFE8A7
00000E87
FFFFFBAD
00001A88
FFFFF893
FFFFEB8B
FFFFF942
00001D2E
00001A4E
FFFFE94A
FFFFE8B3
FFFFF7AF
FFFFE250
00001294
FFFFEB02
0000215C
00001838
00002969
00001648
00000D49
FFFFFE64
FFFFDDF1
FFFFFF01
0000354D
000011C9
FFFFF8C7
00001717
000030F9
000001C4
FFFFFDCB
00000501
0000049E
FFFFF7E9
00000FB2
000025A4
FFFFDB06
FFFFDA6F
FFFFE317
FFFFD8D1
FFFFCA68
FFFFC148
FFFFD6C5
00000621
FFFFF364
FFFFF324
FFFFFCA1
00000179
00001237
00003698
000014FE
000036B9
0000075F
FFFFC2CA
00003206
FFFFB3EA
FFFFE5AE
FFFFC2BB
FFFFE5BC
FFFFFD2B
00002454
00003AD9
00003218
00000E7C
FFFFBBAA
FFFFF0E2
FFFFE010
FFFFCB2A
000015EE
FFFFDC1C
00002F1F
FFFFEFD0
FFFFEBA1
00002B51
000004CF
FFFFFC05
FFFFEA25
00001A0E
FFFFE677
0000320D
FFFFADFF
FFFFEAEC
000071E4
FFFFC50B
00000C5F
0000343B
00000B4A
FFFFD806
FFFFF630
FFFFF11F
FFFFF825
00002917
00002052
00001A5B
FFFFA3B9
FFFFE4C9
FFFFE12C
00000AF9
00004220
FFFFCCED
FFFFCCD0
000012C6
FFFFC8FD
00001B10
0000432F
FFFFFF78
FFFFF538
FFFFE9D0
FFFFBC85
FFFFD3F3
FFFFE6AE
000001EE
0000429E
FFFFFAAC
FFFFF145
FFFFD0D5
00007C3D
00003942
FFFFAAE1
FFFFFAFE
FFFFEE60
FFFFF970
FFFFF14B
FFFFEBD8
FFFFF407
FFFFF245
FFFFEF6E
FFFFE1A2
00004797
000008DC
FFFFA7E1
FFFFF51E
FFFFFC7C
000048B0
00001EC3
FFFFD3FE
0000206F
000044B0
FFFFB2C2
000014EF
FFFFC2BB
00001158
FFFFEAD4
FFFFBD84
0000309D
00000B11
FFFFE3C2
00000FC3
FFFFE5E1
00003589
FFFFB90A
00002983
0000356C
00000A05
FFFFF263
FFFFCC21
00003BED
000013B7
FFFFE41A
FFFFC87E
00000379
FFFFE92B
FFFFF85E
FFFFF9EE
FFFFD0FA
00001F25
00004CE6
00002EAA
000029B2
FFFFC6FA
00002846
FFFFEC2C
00001684
000021A4
FFFFDA6D
00002649
0000403F
0000298E
00004957
00002F2F
0000180C
FFFFE0B6
FFFFCEFE
FFFFF3D0
FFFFDEF5
FFFFC5CF
FFFFD8D6
00004A43
00006139
FFFFB3FB
00000E63
00000DD0
FFFFE4A3
FFFFBCA9
000057B4
FFFFCF0D
000011DE
00001CFA
FFFFBF6B
00005341
00003583
000005C1
00003D4D
FFFFD952
FFFFCA76
FFFFB607
FFFFFC7F
FFFFE94E
FFFFC553
00002B2F
FFFFE324
000043B6
FFFFE031
FFFFE028
FFFFF3FC
00000D84
FFFFE070
000008BB
00002872
FFFFEDE8
FFFFE786
FFFFE888
00002DEF
FFFFCE9C
0000474B
FFFFFC46
0000087A
00005566
FFFFFB97
FFFFBDAC
FFFFFF61
FFFFD886
000052D3
00003A58
FFFFECB4
FFFF6477
FFFFF0CA
000027EA
00000885
FFFFFEE0
FFFFBB3A
FFFFD9D0
00001163
FFFFEAC2
00000412
FFFFF037
FFFFF393
000003DE
00001382
00000442
FFFFEE82
0000143B
FFFFDE4C
FFFFC3A9
00003844
FFFFD7FD
FFFFD15A
0000492F
00003464
00002B40
00001666
00000EE1
FFFFE073
000018C2
FFFFF077
FFFFC4B7
00001C17
FFFFDEBD
FFFFE7CA
FFFFAE3B
FFFFAA22
00001EB0
0000026C
FFFFE6AF
FFFFE73F
000025EF
FFFFD8BF
00000E8C
000038DC
FFFFEAF5
FFFFD52F
FFFFEBA7
00000D7A
000018B2
FFFFFA4D
FFFF9185
FFFFC408
00002567
00000903
000073D8
00002512
FFFFDE7B
FFFFB3A7
FFFFE638
FFFFFA18
FFFFEDF7
00000E6A
FFFFC992
0000704E
FFFFF350
FFFFDCA3
FFFFB422
000005DE
FFFFF6EC
FFFFFFC7
00003CB4
FFFFE973
00000387
000000B3
00000F2E
FFFFDE5A
000008B7
FFFFBAB2
FFFFFAE6
00000617
FFFFBD5D
00001C2D
000018E3
FFFFCC31
00000782
00000A3A
00001D57
FFFFFCBB
00000199
FFFFE49F
FFFFCDC3
00003068
FFFFC58D
FFFFF715
00003596
00000D51
FFFFFCAD
00000A26
FFFFE089
FFFFFE34
000016DD
00001FD2
00003221
00004650
00000BC5
FFFFCDAB
FFFFDF4E
FFFFCFAA
FFFFCC3E
00003D00
00001308
00001468
FFFFFCA9
FFFFAA6A
0000092C
FFFFFD98
FFFFEEF5
FFFFC9ED
00000924
FFFFDCA8
FFFFFEA4
000032CD
FFFFDAFD
00001E8C
FFFFDAD5
FFFFE61A
000032D4
FFFFED6F
FFFFD24D
FFFFE767
FFFFB879
FFFFF486
FFFFF881
FFFFED07
FFFFF217
000059E7
00004FFE
FFFFAE3D
00002B27
00003400
FFFFF1A9
FFFF9A48
000000A1
000042E5
FFFFDF7E
00000BF8
00003AF5
FFFFC9ED
00000EAB
FFFFD720
00001BB9
0000099A
00003B9A
00006FD6
000009CC
0000694F
0000191A
FFFFE1AE
00002976
FFFFC404
000001CC
00000755
FFFFDF41
0000275A
FFFFE2A4
FFFFF2E5
FFFFAC9C
FFFFDBDF
00006824
FFFFD49A
FFFFCAD0
000007DA
00002A45
FFFFFF87
00004C15
FFFFF6C6
FFFFE846
FFFFDAF8
000007C5
FFFFE104
00000E83
00002155
000017D2
000023D2
00002CA9
00002BE2
FFFFF47F
000016CD
FFFFF516
000069D3
00000412
FFFFB271
FFFFCFBF
FFFFF0D7
FFFFA9C9
00003EC3
FFFFF16F
00000016
FFFFE27D
00003056
0000607D
0000682E
FFFFCE09
FFFFE73E
00002537
FFFFDF25
FFFFB936
000023E3
FFFFC0E6
0000407C
FFFFCBEE
00002A36
000014C3
FFFFC7A6
FFFFC19F
00001271
00000465
00003298
FFFFF45A
0000198E
0000355A
FFFFFFB3
000005CE
000038FC
FFFFF809
00002DBC
FFFFE4A2
00000E61
000017F9
FFFFF26C
FFFFBE00
00004735
FFFFF464
00001B62
FFFFFD8A
00000F60
FFFFD8E5
FFFFEEF0
0000461E
00001BCC
000049AE
00002A10
FFFFAED5
0000227E
00002080
FFFFF2DD
FFFF8FAF
FFFFD8D2
FFFFBC41
FFFFF3AE
000017C5
00007345
FFFFB1F7
000031C3
FFFFD12E
0000154E
FFFFE21B
00000753
00002CBD
0000338D
FFFFCB51
00000ABF
FFFFF078
FFFFE46A
FFFFE98E
FFFFED87
0000321B
00003D74
FFFFE0B4
FFFFF373
FFFFF8B8
00000E29
FFFFC3B3
FFFFF480
00002BBE
FFFFE7E8
00004F0B
FFFFAF20
FFFFEFE9
00000F2A
FFFFD8AA
FFFFDA16
FFFFED55
FFFFFC12
000017BB
0000089D
FFFFFAAF
FFFFAB10
000059A3
FFFFD4D8
FFFFA931
FFFFBEE4
FFFFFA90
00003E15
00003A2A
00001F13
000017C0
FFFFDA05
00004B1C
FFFFF1FF
FFFFFC7F
000033ED
00001163
FFFFCA4C
FFFFCEC7
FFFFAB91
00000BE1
FFFFFD79
FFFFBEC0
00002EDE
00001F96
FFFFA93A
FFFFD9C8
FFFFFB9E
FFFFDBF0
00002CC7
FFFFEBC7
FFFFCA9C
00000B1A
FFFFDA7C
000014FD
000001CB
FFFFDC15
FFFFF53A
00001A3B
FFFFD8CF
000030C3
FFFFFD12
FFFFE60A
000002EF
00002333
FFFFEC4B
FFFFF96E
00003524
00001D47
00000080
00000C5F
FFFFFCC1
FFFFC43B
00003FFE
FFFFCD30
FFFFC999
000003E2
000017F4
FFFFEF6B
FFFFEFAE
00001F8D
FFFFED7D
FFFFF2DD
FFFFB511
FFFFB733
FFFFEFE1
FFFFB431
00003B63
0000195B
FFFFD3FB
00001073
FFFFD70A
FFFFCAE0
FFFFCF8D
FFFFC97F
0000082B
00000209
00006307
FFFFF209
FFFF88CF
FFFFE5BC
FFFFB944
FFFFC5C1
FFFFA3A2
00003FC5
FFFFB724
00001095
FFFFF2AD
FFFFFE2B
00002A82
00005ACE
000027CA
FFFFBB1C
FFFFE8E5
00000E65
000004D8
00001112
0000387A
FFFFD180
0000158B
FFFFE220
0000482B
0000045E
FFFFD4FF
00000400
FFFFD0E0
00002D53
000025C6
FFFFB9A3
0000246C
FFFFC738
FFFFF194
00001D09
00004152
FFFFD0E4
FFFFCAF0
00002A0D
00002610
FFFFC5F7
FFFFBFEB
FFFFF1A0
FFFFC058
FFFFD9B4
FFFFE89C
FFFFFF46
00002B5C
000002B3
FFFFCD33
FFFFE101
00006992
FFFFCE24
0000348F
00000F7F
FFFFEFA5
00003730
FFFFFBEC
FFFFC48E
00008790
FFFF7811
FFFFA1B8
FFFFE96A
FFFFEC18
00003891
00001A8A
FFFFABE2
000040ED
00005A77
FFFFAD89
FFFFBB51
FFFFB733
FFFFCB80
0000195F
00004BA8
00003B4D
FFFFD0BD
00003A0A
FFFFFCB2
FFFFFBB6
FFFFDD43
FFFFD26C
FFFFDF95
0000069B
FFFFE798
FFFFDF9C
FFFFAB32
00002AFD
FFFFF218
0000273F
00001459
FFFFDB39
00000379
00007616
FFFFC942
FFFFC1CF
000042A8
FFFFB9DD
FFFFF781
FFFFCAF0
FFFFFA13
000031BD
FFFFC887
00002C4C
FFFFE6E0
FFFFC047
000043FB
FFFFF5A9
FFFFEA88
FFFFF8DB
00000018
FFFFC63F
FFFFD073
00005EE2
00001E1B
FFFFF079
00001B66
FFFFE002
000006DF
FFFFD9BF
00002D91
FFFFF517
000017FE
000012DB
FFFFEA3E
FFFFD61F
00000B92
FFFFCBD6
FFFFEDC8
0000158A
00003AFD
FFFFD3D8
FFFFCA71
000039FF
000040E3
FFFFD5C5
FFFFD6E5
00002F03
FFFFBB10
FFFFE6F3
000047F7
00002D8C
00001BB4
00002197
FFFFDF87
000012A4
0000284A
FFFFF6FD
000042AA
FFFF884B
FFFFB717
00004ABB
FFFFE1FB
000004C5
FFFFC5FE
FFFFE63F
FFFFF06D
FFFFB2B1
00004F6B
FFFFC1ED
00001A08
000028A6
00001592
00000336
00002A14
FFFFFA3B
FFFFFDC7
FFFFF555
FFFF8B1F
FFFFF97A
FFFFB57C
FFFFE945
FFFFD98A
00000A70
00000109
FFFFDBE2
00003260
FFFFFC03
FFFFD0A6
FFFFD91C
FFFFEFA4
00001603
00000A01
000022BF
FFFFE07D
FFFFB7D3
00007E1C
000004EF
FFFFE5D1
FFFFECAE
FFFFDCFD
00000C87
00003A14
00001501
FFFFCC90
FFFFFC25
FFFFD0DE
FFFFEFE5
FFFFBB95
FFFFA987
FFFFB7C1
0000262B
00003199
000046CF
000025F5
FFFFE05E
00000D84
00006073
FFFF8D1E
000096B4
0000200F
FFFF8F28
FFFFE81F
FFFFD12B
00002278
000041AC
FFFFB550
FFFFCD08
FFFFA9A3
FFFFCBD2
000071B3
000020CC
FFFFA57C
00002081
00003172
FFFFE189
FFFFDF2C
00002E13
00000A85
00002B92
FFFFBFD8
FFFFD595
FFFFCC0A
FFFFCA8D
000021C5
FFFFFC8B
FFFFCD71
FFFFA927
FFFFC7D1
00003622
000021A5
FFFF9AA7
FFFFF701
000034D7
FFFFE8CB
FFFFC0AA
FFFFDB41
FFFFA1C4
00006E07
FFFFF802
00001EBB
FFFFBF70
00002A18
FFFFF7D1
00001624
00000E76
000010A6
00002B38
00001EE6
FFFFDD10
00003522
FFFFD573
FFFFE662
FFFFC667
FFFFD6DD
FFFF8F9C
FFFFB72B
00002FDD
FFFFE7F7
FFFFF881
00003241
FFFFAC3E
00003F3B
FFFFC93E
FFFF979A
0000DB8A
00003B01
FFFFE3B8
FFFFEA88
000010A2
FFFFFBDB
000035A8
000012E4
FFFFD5A1
000022F2
FFFFF912
FFFFDCF5
0000014B
000022F4
FFFFFE61
00003FE4
FFFFD437
FFFFF8FC
00004E0F
0000197A
0000279B
FFFFECC4
00000841
FFFF9852
FFFFC82D
FFFFC6D7
FFFFBC57
00005A2E
FFFFF92C
00000665
00001630
00003C0D
00000FA7
FFFFE41D
000029FA
0000333C
FFFFB28A
00000487
000017AD
FFFFFA68
FFFFC54B
FFFFFB24
00003514
FFFFF654
FFFFDACB
000019E7
000048E4
FFFFDA19
00004BCE
00001C76
FFFFF436
FFFFE206
000071FD
0000445A
000024AC
FFFFC1CA
FFFFE551
00003762
00002E6A
FFFFD043
00004227
FFFFD4AC
00002B4F
FFFFEEFF
00000A6A
FFFFD936
FFFFBF6A
000027EC
FFFFCB43
FFFFA251
00001E31
FFFFA69D
FFFFCC52
000030D9
00002DBB
00001ADF
FFFFFBE3
FFFFE99D
FFFFB183
FFFFCD2C
00000635
00001483
000004FF
FFFFE885
FFFFD1FC
FFFFE1BB
FFFFAD7A
FFFFC333
FFFFEACD
00002D3D
0000810F
FFFFCE23
00004DEA
FFFFA7D5
FFFFC543
FFFFCD35
00002AE5
FFFFFFCF
000047D6
0000427C
000030CB
FFFFE5E3
FFFFFD8D
FFFFD75F
00000443
00007DB3
0000381A
FFFFC5D7
00004F08
00000D54
FFFFDF4B
0000346E
FFFFE4A9
FFFFC41B
00000622
00001018
FFFFCCC8
FFFFC76B
FFFFBCF2
00007B6B
00004960
00001DEC
FFFFD3F1
0000259C
FFFFE34A
FFFF7CFF
FFFFD8FB
FFFFCA99
00004299
FFFFF07D
FFFFF66A
FFFFFD2A
FFFFFD71
000039A7
FFFFBB1C
0000127E
00003922
FFFFE560
00003DB9
FFFFD1FD
FFFFC19C
000016EF
00002902
000025C7
00001C72
FFFFCD7C
FFFFEE80
00002E1A
FFFFE8BA
FFFFBD54
0000249B
FFFFFEAA
00001D48
FFFFFE24
FFFFEC27
FFFFED80
00002A0E
000004BA
00004700
00003421
0000160D
FFFFEBC7
FFFFF558
00000BB5
00002DA4
00004134
00003AF6
FFFFE310
00001A9C
FFFFD51F
00002375
000042D4
FFFF8FF2
FFFFA34A
FFFFFBB6
00000A6B
FFFFCA83
FFFFBA3C
00002269
00001246
FFFFE277
FFFF9ABD
FFFFBFE8
FFFFB3CE
00000212
FFFFF44C
FFFFF24A
FFFFF741
00001515
FFFFA02E
0000276E
0000040D
FFFFDC99
00001365
FFFFE4D0
FFFFEED2
FFFFAED0
FFFF997C
00002432
FFFFACBE
FFFF93D9
00004296
0000283F
00006008
FFFFF62A
FFFFBB27
FFFFE9E3
FFFFF9AB
00002BE1
FFFFF7C1
FFFFB7DF
000012F1
FFFF7A04
00002454
FFFF8F51
FFFFC879
0000AFAF
000001B1
000024DA
0000443E
0000313A
FFFFD123
000029C0
FFFFBCC7
FFFFF14D
000051A1
FFFF8ECA
FFFFD5E4
FFFFD35C
FFFFF9BB
00003BB3
FFFFDDB0
FFFFFA2E
0000309C
000013A4
00004EED
FFFFE590
FFFFEC44
FFFFDC27
FFFFB4BB
00002785
00002ED3
FFFFBF09
FFFFECCF
FFFFF031
FFFFE02C
FFFFE0FF
FFFFD096
FFFFBC28
0000242F
FFFFEC1C
FFFFCDD3
000031CC
000006C3
FFFF8756
FFFFDECF
FFFF8708
0000431B
FFFFCA82
0000052D
00001B2D
00001984
FFFFF13F
00002B39
00003685
0000523E
00001526
FFFFA851
FFFFD67F
00004A8B
FFFFF37F
00002B56
FFFFFB92
FFFF9A2F
FFFFFED0
FFFFB245
00000056
FFFFC72F
FFFFC7ED
FFFFAC87
FFFF8386
FFFFB867
FFFFECA2
FFFFC6DA
000031CF
FFFF83F5
FFFF7A82
FFFFBB20
00002717
FFFFEFF1
00000D10
0000058B
FFFFD54B
0000051B
FFFFCB67
FFFFAC50
FFFFE823
FFFFE6B6
FFFFB86E
00005950
FFFFF618
0000418E
FFFFB423
FFFFE310
FFFFA169
00001163
FFFFD6FF
FFFFE8ED
FFFF5924
00001C51
000021FB
FFFFDF3F
FFFFFDF2
00005070
00003891
00000C26
00001DD1
00001694
FFFFA5E2
FFFF9086
000007A2
00002A6B
00000771
FFFFAFD6
00000329
00003745
FFFFF052
FFFFD590
FFFFE6F5
00003036
FFFFF945
0000259E
00000492
00001C46
00000BDF
00000D01
00000C03
00001ABF
FFFFE5FD
FFFFF1FB
00001EAD
FFFFF084
FFFFE7B7
FFFFFA6C
00000EBC
FFFFE6AE
FFFFE6D6
00000DB3
00000E4D
00001EAC
00000A5D
0000013A
00002124
0000058E
00001C02
FFFFEBF6
00001FA5
00001AD4
FFFFFBF8
FFFFE5E3
0000156F
00001855
00000015
FFFFE6CA
000010FD
00001ADA
FFFFE209
00001DBB
0000618E
000023E0
00001C24
00000EBD
0000138C
00002A02
FFFFE043
00000A8F
00000FE2
0000164E
00000A45
FFFFFCFD
FFFFE062
000000F1
00002605
000022CF
00000EEB
FFFFE6A3
00000755
0000233A
FFFFF5AF
FFFFE9A0
00002660
FFFFE5F0
000029A9
00000063
FFFFF066
FFFFFB71
FFFFE510
00001090
00002CD5
000010E6
00002F12
00000233
000004A2
0000198B
0000086C
FFFFD361
00000292
00000836
FFFFF6C0
00001BB6
FFFFEEE4
000020D2
00001593
00000BC6
0000271C
0000154F
000001D6
00002A16
00001FFA
0000214F
000013AB
000011C0
FFFFE4D2
00001DC2
00001943
000023AD
00002981
000002C8
FFFFFA36
FFFFE2F5
00001BD3
FFFFE989
FFFFDA5F
0000215A
FFFFF367
FFFFDC4A
FFFFED83
FFFFFD17
00000696
00001134
FFFFF061
00001408
FFFFF9DD
FFFFFE07
00000B7D
00000C72
000016BC
FFFFE5E8
000011F8
000008B5
FFFFE078
FFFFE173
FFFFF71F
FFFFE255
0000195E
00000525
000019F1
00001672
0000324E
00001423
00002FA9
000013F4
0000165E
00000334
00001C38
00001AC5
FFFFF66E
00000B08
00004CFD
FFFFFD9A
0000244A
00002FD8
FFFFFCD9
FFFFF493
FFFFF6FB
FFFFF35B
00000A13
FFFFEC10
000019C6
FFFFDCBA
00001AF8
FFFFE4E3
00001249
FFFFF130
000007BD
00002FE3
000027C8
0000256C
FFFFF5EC
FFFFFD38
00000FAD
FFFFF065
00000F46
00000601
FFFFF71F
000023C7
FFFFE807
00002042
FFFFF803
0000208F
FFFFFC3C
FFFFE4ED
000010EF
FFFFF134
FFFFFB34
00001E32
000022A6
00001161
000003D7
00003165
00003A69
00001371
000032D2
000048BF
FFFFF727
00002076
00003147
00001FFA
00001CF0
FFFFE7A6
FFFFE3C5
FFFFDEC2
FFFFFF4E
FFFFF69E
FFFFFA84
000007E4
FFFFD503
FFFFED2A
00001AAC
00001D5E
0000119D
00000EE1
FFFFF3BD
FFFFEE67
00000544
FFFFF588
000010BD
000000D4
FFFFEF60
000010CA
000034F6
FFFFFAFC
FFFFFA9F
00000C17
0000176E
00000CC6
FFFFF6D3
FFFFFB6D
FFFFE6B5
00000FE5
FFFFD628
000005F4
FFFFD61A
FFFFF957
00000471
FFFFE3D8
FFFFFC39
00001FA2
FFFFD6AE
FFFFD91B
00000D14
FFFFD403
00000ECE
00001335
FFFFFD1B
FFFFF23E
00000445
000004AE
000026F1
00000546
0000286A
00001988
00003C77
FFFFFB39
FFFFFB22
00005004
00004531
00001CAC
00003002
FFFFF071
00001741
00001F03
000029C1
000013A8
000013BD
FFFFF2DE
00002165
FFFFEB86
FFFFF853
FFFFF7D5
00001DF4
0000123E
FFFFF794
00002202
000023C3
FFFFEF14
00001AC7
FFFFEE06
FFFFDFFC
000000D9
00000478
00002593
00001FF4
0000134C
00001FF2
00002840
00001437
000024DE
FFFFF774
FFFFE39D
FFFFFEC1
00000CD8
FFFFD572
000006C7
FFFFDCD9
FFFFFE36
FFFFE725
FFFFF2BF
000015A7
FFFFDAD2
00000540
FFFFF758
00000065
FFFFEC76
FFFFF80C
00002650
FFFFED0D
00002875
00002001
00001DAF
00000DD7
FFFFEEE4
FFFFFA0A
FFFFF06D
00000854
000003C5
000012AB
FFFFF85B
0000187D
00000F7D
00001696
00001A5F
0000054E
FFFFF0F4
000000B9
00000E4B
FFFFEC8D
0000039E
00000085
00000DB0
00002302
FFFFEA69
00001D61
FFFFEFB5
FFFFE570
FFFFED5F
00001F63
0000098A
FFFFEE2E
FFFFE5BD
FFFFFF68
FFFFFF7A
000000E6
FFFFF7B0
FFFFF90B
FFFFDA44
FFFFF930
FFFFE33D
FFFFF3F2
FFFFF231
FFFFDEF1
FFFFF5DE
000006DC
FFFFE478
FFFFF902
00000556
00001F19
FFFFFAF7
00001973
FFFFD97B
FFFFECC8
FFFFE989
000002BA
FFFFF88A
0000277A
FFFFFC92
00000EA6
FFFFF645
FFFFD562
FFFFFDA0
000015DD
FFFFF7F9
FFFFC71A
FFFFC98A
FFFFC7E8
00000CB6
0000171C
00000124
FFFFF921
00002016
000019A0
FFFFF7A7
000022B6
00000A02
0000195F
FFFFEAF6
FFFFF6E7
FFFFF464
FFFFC3E7
FFFFC8D5
FFFFF95F
000017CA
00001842
00000258
000001B8
0000078C
FFFFE0A5
FFFFE4AA
000021A1
000001E1
0000058D
FFFFE152
00001A91
00000E26
000002C7
000002B2
FFFFF6E7
000007E3
0000024E
000019B9
FFFFF753
FFFFFAB5
00000AAE
00001B86
00001B08
FFFFED3B
00000A16
FFFFF593
00000340
0000029F
FFFFFAAB
FFFFD79A
00001AC7
000030EC
00001099
00000326
00001D0E
00001F12
00001EB1
00001AF6
00001E20
FFFFE741
FFFFCE94
FFFFDB1B
00000804
0000112B
00003A01
00002F4C
000010D6
00002E58
00002679
FFFFE990
FFFFFC14
FFFFF68B
FFFFFF38
FFFFECAB
00002284
00002E08
0000104C
000022AD
000022AB
0000320D
FFFFCF8F
FFFFED2B
00001330
FFFFB649
FFFFE163
00001E81
FFFFE3F0
0000179B
0000184B
000013F1
00001907
FFFFE1ED
00000BAE
00001105
000003AB
00000E51
FFFFF204
000046F2
FFFFF7D7
FFFFFBEC
000027A2
FFFFD760
FFFFCEAB
00000522
FFFFF96E
FFFFF4C1
000015E1
000011E1
0000142C
0000286B
FFFFF266
00003084
00001753
00001002
FFFFF66E
00000F51
FFFFFBEF
FFFFF392
FFFFE275
FFFFEB50
00000545
0000081E
00002081
FFFFEE55
FFFFF998
FFFFFD65
00001A81
00000247
00000797
00000761
FFFFFDE7
00001992
00000CC9
00000375
FFFFDA1C
FFFFF9DF
000002C8
00002489
000019E0
FFFFF9E0
0000159E
0000098C
000001DB
FFFFFA80
FFFFE570
00001D12
00002379
00001058
000000D5
FFFFFCAE
00000AE8
FFFFEDD9
00000CBD
00002F76
000027C3
00000ECB
00001AD9
000002BB
FFFFE840
FFFFE1A0
FFFFF446
00000815
FFFFF659
00001505
FFFFF15C
FFFFFD46
FFFFF82A
00002332
00000394
00000B31
FFFFF7B2
00002110
00001E98
00002B0A
FFFFF95B
00001ACE
FFFFED93
FFFFF59E
000002AD
00001B8F
FFFFE31E
FFFFE49E
0000121E
FFFFF6F7
FFFFFF14
FFFFE65C
FFFFBF38
FFFFE40F
FFFFCA80
FFFFDC2C
00000403
00000F13
FFFFE9EB
FFFFCF09
000016EE
FFFFF477
FFFFCB4D
0000358B
00004FAD
000021D4
00005BCD
00000C31
00001467
00003119
00000B60
FFFFF3DF
FFFFFA54
FFFFE1D0
FFFFF237
FFFFF50F
FFFFECEB
FFFFE645
FFFFE0C7
FFFFE774
FFFFC45E
0000116D
FFFFEA14
00001BED
00002935
FFFFD83C
000008F1
FFFFE398
FFFFC1D0
000001AC
FFFFE26A
00004DF1
FFFFD42E
FFFFF720
FFFFEBF4
0000386C
000019AF
00002180
00004484
000038AB
000012BD
FFFFF158
00004CBC
FFFFDCCD
00002C8C
0000087C
000029BF
FFFFEA00
FFFFDF01
FFFFBB09
00003B15
FFFFDB41
FFFFDF37
00002379
FFFFDBB8
FFFFF180
00001F83
FFFFB592
00000CF0
FFFFEF91
FFFFD572
FFFFD9CA
FFFFC126
00000B88
000027B9
FFFFD690
00001E09
FFFFFF8E
00000DB5
000036EC
FFFFE15C
00000911
000020F2
FFFFFDEA
0000025C
00002918
000038BA
00002FF4
00002430
00000F3D
FFFFEFB3
FFFFD7DF
00000127
00003A50
0000163D
00001120
FFFFBF5B
00004106
00001A4F
FFFFF7E9
FFFFDBF5
0000020B
00000357
FFFFDBEB
FFFFFCF9
FFFFD179
00001F24
00002964
FFFFEF9B
00002C1D
00000B56
FFFFEE1D
000012B2
00001225
00004483
00004016
FFFFDD6E
00000529
000009A9
00001EA6
00002395
00002549
FFFFF39C
FFFFE79C
0000104B
00001B17
FFFFBDF0
FFFFDB3C
FFFFE97C
FFFFF07A
FFFFDA88
FFFFCA22
00000F7A
0000212A
FFFFC32E
FFFFDC37
FFFFCFF2
000036D1
000048C4
FFFFE627
FFFFCF81
000017B7
FFFFEF24
FFFFE8CD
00000D1B
FFFFF02F
00005A6D
000002F1
000005B5
00000FC0
FFFFFC14
FFFFD9D4
FFFFFEE5
00001EC0
FFFFF542
00002C67
000030E2
000015AF
0000036E
000013DC
FFFFE3E2
00000CF9
00005B45
000029A6
0000227E
FFFFF330
FFFFF1E1
FFFFD9A2
00000C52
FFFFD1D8
000007E0
FFFFF789
FFFFDC85
00001421
FFFFFECD
FFFFFA06
00002212
000010AD
00000AFD
FFFFEEC8
000023DD
00000AC2
0000050F
00003FD6
FFFFC257
000026EC
FFFFE0E3
00001D12
FFFFFB28
000020B0
000008EB
00002B0C
FFFFC198
00003728
00002871
00001DEC
00003AD5
00002259
FFFFF159
00000CD4
000004D3
000022FD
FFFFC488
0000024D
000042B5
00002A4F
00000BD2
FFFFE837
FFFFF208
FFFFD24E
00001A7E
FFFFEAF0
00003822
00001084
FFFFAEB0
FFFFB0C0
00000191
FFFFCD47
00002907
FFFFC496
00002015
FFFFF9BC
000009D7
FFFFF86F
FFFFC116
FFFFFE1C
FFFFE271
FFFFC386
00001513
FFFFAAF8
00002844
00000ACE
FFFFF9A9
FFFFEE8F
00002197
00001C16
FFFFB8A8
00001FB2
00001DF1
FFFFF5B6
00004B44
00002F91
00001C06
00001079
00002A2B
FFFFD3C1
FFFFDAA5
000032A5
FFFFCA02
00000557
FFFFF64F
FFFFF71F
FFFFBCB1
FFFFECF1
FFFFE1CA
00002494
000010E5
000018A8
FFFFF660
00000986
00002C8C
FFFFDF55
0000088D
FFFFEEAE
FFFFAB17
FFFFFB90
FFFFD8D8
FFFFFF68
00001699
FFFFE236
00001437
FFFFDBFE
FFFFEBF1
00001976
00002E18
FFFFA8E4
00004B03
000004FB
0000175F
FFFFDCBA
00000973
FFFFCD61
00002149
0000093E
000027BF
FFFFFA67
FFFFEA51
000001AB
00001A87
FFFFF715
0000068D
000023DB
FFFFF36E
FFFFE85C
000041DC
0000119F
0000095C
FFFFF805
FFFFEF3F
00000DE9
0000494A
FFFFE1A7
FFFFDCAB
0000158B
000008C0
0000213F
FFFFF1F0
0000238E
00003B10
00001CE8
00001F94
00000CC1
000014A0
FFFFD050
00001E98
FFFFEE24
00001DE5
0000063B
FFFFEC26
00000B8D
0000365B
FFFFF0FA
FFFFFE55
FFFFD63E
FFFFCFCC
FFFFC88C
FFFFDB6E
FFFFD2FB
FFFFF970
000017F1
FFFFD5EC
FFFFD9F3
FFFFDD65
FFFFCEE6
000002B1
FFFFD959
00002A2E
00002DA9
0000106F
00001BF7
FFFFE6A1
FFFFFC98
000020A2
FFFFF092
FFFFCD87
FFFFCA24
FFFFC905
FFFFE7A8
FFFFC93A
FFFFF550
000016A2
00003F4E
FFFFE0FD
FFFFEBC7
00002A33
0000178D
FFFFD2D7
FFFFE078
00003389
00001A7D
00001CF0
FFFFF9FE
000028C8
FFFFF4E8
00003AD5
FFFFDC03
000023C0
000036A9
0000034E
FFFFE9C4
FFFFD27D
00002F4F
FFFFEF9E
00001939
000029A9
FFFFFF09
00003ACB
00001BD7
00006C58
00002413
FFFFFD33
00005CFD
FFFFE450
FFFFE99A
00002AC9
000005A9
000010B6
0000382A
00001E37
000009BC
000009EC
FFFFD949
FFFFDD78
000015EE
000024B0
00002D39
00004C36
00001A04
FFFFCCAF
FFFFF975
FFFFD84D
0000062D
00003863
FFFFBB64
00001627
FFFFC89E
00000C0F
FFFFDEFE
0000567F
FFFFFFE3
FFFFEBEA
FFFFC660
00003EB4
00002651
00001766
00001E8E
FFFFDA93
000037C1
000010E4
00001F76
0000087A
000028C6
FFFFCD5F
FFFFDAAC
00001A48
0000066D
000025FB
FFFFFD1E
00001B1D
00003948
FFFFD247
000012D9
0000143D
00001F82
00001773
FFFFFAE4
000037B3
00001FA7
00003DD4
FFFFEF8B
FFFFF766
FFFFED82
00003279
00000A16
FFFFF2B8
FFFFEC9C
FFFFF3BF
00002398
FFFFEE2B
FFFFEF64
000008AB
0000200F
0000040B
FFFFC697
00000BE7
FFFFD50F
000012DD
FFFFFED9
FFFFE05D
FFFFCDBA
00002743
FFFFE4A4
00000276
FFFFE17C
FFFFFBAF
FFFFEDDD
00004CBF
FFFFFA66
FFFFF08F
FFFFE5F1
FFFFC49F
00002641
FFFFC6C9
00000631
FFFFC5E8
FFFFFC73
FFFFCB1B
00004373
000000A8
FFFFE6A1
00001C8B
FFFFC189
0000264D
0000248E
FFFFE861
00002346
FFFFCCC7
000020AF
000014B6
00002280
FFFFF1E3
FFFFC5E6
00001649
FFFFB855
FFFFFFCE
FFFFDC36
00004264
FFFFEE45
FFFFCF9C
FFFFFA4D
FFFFF32F
000047D9
FFFFD0D5
FFFFDF4C
FFFFB8EC
FFFFC9DA
FFFFD4EC
FFFFF66E
00003657
FFFFEC11
0000375A
00003976
FFFFD7B2
000010C5
FFFFF8B9
00000463
00004117
000031D5
FFFFF689
FFFFEB57
FFFFE46B
00000A4C
FFFFE2C6
FFFFFEDD
00000925
000003AD
FFFFEA8C
00000289
FFFFF6D5
FFFFD3F9
FFFFB2D2
FFFFD59F
FFFFA519
00001471
00001DC7
000018DE
00001169
FFFFECE1
FFFFF9AD
FFFFF8B7
00002337
000008C6
000018CB
FFFFE7F7
00001CD3
000011DF
FFFFD7F2
FFFFEF07
FFFFF62C
0000251D
00001967
00002CAF
00002856
0000074F
00001F22
FFFFC05A
00000EB5
000032EE
00001EBC
FFFFF009
00003CC7
00000CBB
FFFFE05C
FFFFBA98
FFFFD980
FFFFE3D4
FFFFE88A
FFFFFC4B
FFFFAD3B
000022E1
00002DEA
FFFFC217
0000290A
00001592
FFFFC6B5
FFFFDEA8
FFFFF1BB
FFFFC9D7
000012E1
00001E99
00000A76
FFFFFCC4
FFFFCCD4
FFFFC38E
FFFFEA9C
00001FFC
FFFFF84C
FFFFED7F
00001113
00000E03
000024EC
00002345
FFFFFAC2
00004570
FFFFFCE4
FFFFAA40
00001F6E
FFFFE025
00000D3E
00000E4C
00000F8B
FFFFE48E
00002B07
FFFFE570
FFFFFCBA
00001A2E
0000221D
00001757
0000253B
00000720
FFFFCB93
0000389B
FFFFF639
00000C3C
0000058B
FFFFE455
000019B9
FFFFC215
FFFFC2AE
00000A88
0000270C
FFFFDDC1
FFFFFFF9
000029B9
FFFFFAD4
FFFFFB49
00000B40
00002922
FFFFBE74
00004127
0000287C
FFFFCEB3
FFFFD044
FFFFDFF2
00001076
FFFFC95D
FFFFDC90
00001955
FFFFE4A0
000008DF
00001AA9
0000171A
00000CB9
FFFFD8D0
00002439
00003F50
00003DA5
FFFFEC8C
00000F31
00005253
00001941
00001077
FFFFD179
00002858
FFFFF9BA
FFFFCECB
FFFFF53E
FFFFDF66
000013A5
00001B77
00002AD1
00001EAD
00000E45
000035E7
00000CAF
FFFFE31E
FFFFC5ED
FFFFE5F9
000007FD
000028FA
00002985
00001234
000005F0
00001526
00004DE5
0000204F
00000974
FFFFDB02
FFFFEEE4
FFFFD830
FFFFCF32
00001486
00003240
FFFFF131
FFFFCFEC
FFFFEB4A
FFFFF422
FFFFEF1C
0000285E
FFFFD65D
FFFFCC72
FFFFC9BB
000019D1
FFFFEB4F
FFFFE543
000001BB
FFFFDD55
FFFFE0C6
0000332A
00000618
FFFFF532
FFFFDC0F
00001F40
00003265
00001671
FFFFF303
00002DE9
000027CC
0000375F
00002B01
FFFFF327
00001BAC
FFFFF1A1
00002097
FFFFEEDA
FFFFF30F
00001B00
FFFFE6CA
FFFFE551
00004842
FFFFFC02
FFFFECB9
FFFFFF9B
00000DC9
000001E6
FFFFC5B3
FFFFCAFB
000029CF
000021F2
FFFFEBC7
FFFFF6DD
00002471
FFFFD7D6
00000E8C
00000F1E
000037A3
00000278
00002C19
FFFFC857
FFFFE847
FFFFFA6A
0000303F
FFFFDD6F
000005BE
FFFFFD2C
FFFFFF4C
FFFFE6C0
00000596
FFFFF395
FFFFEF64
FFFFD7E2
FFFFD10F
FFFFEBF2
00002A78
00002F10
000002F5
000018BF
FFFFE2A9
0000160C
000001D5
0000081D
00001660
00001F57
FFFFE593
FFFFEB35
FFFFD84D
00003576
FFFFED7D
00002A4B
FFFFE550
FFFFF4D9
00001338
FFFFC275
0000102F
FFFFC831
00000919
0000480B
00000A48
FFFFF876
FFFFFF5A
00000EC9
FFFFDFC2
FFFFDED6
FFFFFFF8
FFFFED26
0000127E
FFFFE3D3
00001CB1
00001980
00003D1B
0000393F
FFFFFAC5
00003AA2
000016E5
000025E5
00000D9D
FFFFDE6F
00001381
FFFFF140
00002C47
FFFFCED7
FFFFD212
000001F1
0000179A
0000183D
00002A3D
000011BE
00004408
00001CC8
00000E62
00004372
000039B0
00000005
FFFFD48D
00000E59
00002799
00002A84
0000139E
FFFFE086
000001EE
FFFFD4EF
FFFFCB49
FFFFD0CD
00000FA4
FFFFCEA7
FFFFF4EA
00000E2B
FFFFBD0C
FFFFE836
000029FA
00002739
FFFFEB00
FFFFF7AA
00002641
00004BA0
00002561
00001D6C
FFFFD442
FFFFC831
FFFFE4E5
0000179B
FFFFC195
00001216
00003673
FFFFCB46
000021ED
00000FC5
000003E7
FFFFE632
FFFFFC54
FFFFFC2D
00002AAA
FFFFDEC6
FFFFE2E9
000023F0
00003E0C
00001DD0
FFFFFA3F
00002F00
0000102F
0000232F
000039B5
FFFFEFFF
00001E85
FFFFD631
00002603
000049D9
0000160D
FFFFFFD8
0000145B
00001F82
00000B8E
000041A1
00001EAD
FFFFF47E
FFFFD0FF
FFFFFAB6
FFFFE431
FFFFF0D5
FFFFFFAF
000001BA
00000F66
00002517
FFFFF012
00001750
FFFFC141
FFFFEF24
FFFFCDE0
FFFFEAF7
00000DE2
FFFFC995
FFFFD585
00002C91
FFFFD026
00003204
FFFFEF5F
00001C31
000026AF
00001656
FFFFF218
FFFFE64E
FFFFF8B1
000050B7
0000938E
00004FB5
FFFFF79C
00004942
00006016
000008A9
000054F4
00006778
000009F6
000024B6
FFFFF968
0000273C
FFFFF152
00000B28
00002031
FFFFF11E
FFFFEA7C
0000181A
0000141B
FFFFC50D
00000C19
00003073
FFFFE396
0000082B
FFFFCEFF
FFFFC458
0000053D
FFFFFDCE
000001EA
FFFFFD57
00001531
0000000F
00003A37
00003B67
0000346C
FFFFF7FA
FFFFF8F5
000012BE
0000070A
000008DB
FFFFDC35
00001727
FFFFE5D3
00005564
FFFFF382
00001873
00000BB0
FFFFDD50
FFFFDDCA
FFFFC236
00002E4D
FFFFEDF3
FFFFDAE7
FFFFE218
FFFFBA63
FFFFEE00
FFFFDB79
FFFFF9AF
00002137
FFFFE910
000036C2
0000019B
FFFFEB09
FFFFF412
000001F8
FFFFFA54
FFFF9F4F
FFFFB0D6
FFFFCEF9
FFFFB684
FFFFF226
00002C3E
0000351D
FFFFECE5
000015AA
FFFFCD0F
00001E98
FFFFF8E0
FFFFFCCF
FFFFF73F
FFFFEB8D
FFFFD989
FFFFDC33
FFFFFA8F
FFFFE2A5
FFFFD02D
FFFF97D5
FFFFB229
00002E57
00001F41
00002F38
00001378
FFFFFB99
FFFFFCF8
FFFFB971
FFFFF1BB
00000316
FFFFC0EE
0000271F
0000206C
000017F3
0000015D
000006FF
FFFFD243
FFFFE65C
FFFFFBCE
00002010
000030A6
FFFFFEF8
000019A8
00000D34
000025E8
000024DD
00000EEF
FFFFE4D9
000005E9
00004234
FFFFC7F9
0000054C
00002718
00005009
00002982
FFFFF2D8
000019B1
FFFFD979
FFFFDC7A
000003BC
FFFFF50C
00000291
00005A2F
00003E05
0000140C
0000025F
FFFFC011
00004645
00002C88
FFFFFD1E
FFFFDF57
00005D85
00001FBA
00004080
000053EE
FFFFF702
FFFFE65F
FFFFFA82
00000040
FFFFE6DF
00003632
FFFFF38C
FFFFD972
FFFFF508
FFFFD644
FFFFFEBB
FFFFDF4F
00002384
0000100A
000025DB
00000D51
00001014
FFFFED06
FFFFFDF0
00004708
000011A8
000043A3
000033AF
FFFFFED5
FFFFDF09
FFFFFAC2
FFFFD8E3
FFFFBA3F
FFFFECE1
00002F8A
FFFFE6B5
00000E16
FFFFFED4
FFFFF19A
00001013
00002ADE
FFFFF388
00004673
00001AEB
00000862
FFFFEDC9
0000237A
0000238A
00004319
FFFFFC1F
00000BDD
FFFFD4A1
FFFFE44E
FFFFF2AF
FFFFE721
FFFFCA2F
00000026
000004F8
00003AEC
0000298C
FFFFDBE6
000029EB
FFFFE940
FFFFB92A
FFFFE433
000036F0
00000170
00003CE4
00005C60
FFFFD0F6
00001282
FFFFE97E
FFFFF7F3
00000688
00000A24
00001B64
FFFFE835
FFFFD3DA
00002C21
00002446
FFFFF207
000013F7
00000396
0000160F
FFFFEA3F
0000150A
00000478
FFFFED8D
FFFFD795
FFFFEC9D
FFFFE1A0
FFFFE530
FFFFCC80
FFFFCAA3
00001BC3
FFFFD2E7
FFFFCF91
FFFFE625
0000091C
0000281A
00003F92
00002DA5
FFFFDA5C
FFFF9B84
000007B2
00001B9F
00000B38
00000F34
FFFFDCD0
00000929
FFFFD5CC
FFFFFBE3
FFFFCB09
FFFFC9D8
FFFFC5EE
FFFFEBED
FFFFDF4A
FFFFEBFB
FFFFF755
FFFFD2E1
FFFFEB89
FFFF9BE7
FFFFBCBD
00003356
0000186B
FFFFF935
FFFFFF13
000046BF
00004468
00000110
FFFFE50C
00002A0A
00001E5E
0000529A
FFFFDEEC
00006643
0000507B
FFFFF685
00004B76
00001ACD
FFFFEEE1
FFFFF65F
0000209E
00002B3B
000015FD
FFFFE586
FFFFE2CB
000027B0
00005177
0000345A
FFFFCBD8
FFFFE794
0000435A
FFFFCC57
FFFFBC58
FFFFE8AC
000000C1
FFFFE6D7
FFFFCD46
FFFFBF45
00000D6A
FFFFF12E
FFFFBF77
0000127A
FFFFE613
00000718
00000AE6
000018B7
000014AB
00001789
0000330E
FFFFEC8D
FFFFECAF
FFFFDB2D
FFFFEA73
000035AC
FFFFE50A
00000187
FFFF9F45
FFFFFABD
0000625B
FFFFD6FC
FFFFC5C1
000039C2
00000F0C
00001FC5
00001E8E
000012B7
FFFFD96A
00001550
FFFFCBD5
00001294
FFFFCC6E
00000A01
FFFFDDBE
FFFFFF9C
000026DF
0000192F
FFFFD222
0000456A
FFFFE88D
00004EEE
0000145F
FFFFE6DF
00000ABF
FFFFCEC3
FFFFD5C9
FFFFEC14
000012E9
FFFFD791
FFFFECCE
FFFFD24B
FFFFF5B5
0000320A
000017E0
0000510B
00001994
FFFFD9AC
00003816
00003E4C
00006265
00006D3A
00002F17
FFFFD2D2
FFFFF66B
FFFFE7F1
FFFFD8F1
FFFFE4B1
FFFFFB9F
FFFFE2A0
FFFFE3AA
FFFFFB55
00000EC9
0000130B
00001C2B
FFFFF4F2
00000AE2
FFFFC304
000000A0
FFFFEDC2
FFFFEBCA
FFFFFBDB
0000250B
00002762
00003415
FFFFDDD0
FFFFC36B
00000AB9
0000172B
FFFFC963
000010FE
0000197D
FFFFFD3A
FFFFFE3C
000006D4
FFFFEC23
000026FA
FFFFEBEE
FFFFC742
FFFFBE27
FFFFF544
FFFFD737
FFFFEDDD
00001C4A
00000478
FFFFFCF4
00000B96
FFFFC07F
000003D6
FFFFCB25
FFFFE5F6
FFFFA45F
FFFFECB7
000002ED
FFFFFBA8
FFFFF954
FFFF9B75
FFFFB5A6
00002D98
00000A3D
00000532
000016F5
00000A7A
00001F9D
000017A2
FFFFB384
FFFFF683
00001BFF
FFFFF43E
000007D1
00002DA9
00000791
FFFFF901
0000234B
00000C42
FFFFBA1A
FFFFC639
000007CD
000002A2
FFFFE633
FFFFE328
00001973
FFFFB43A
0000208A
00002847
FFFFFAC6
FFFFFCC4
FFFFDCBE
FFFFD0E5
00002676
000000F4
FFFFF032
000046FE
00000955
000036D8
000044FF
FFFFAE0F
FFFFF248
000029FC
FFFFC39A
FFFFCAD5
FFFF4ECF
FFFF7477
FFFFA85A
00001310
FFFFF1DC
00004003
FFFFEB79
0000107B
FFFFCCAF
FFFFE7C3
00004065
00000243
00002CBA
000036EB
00002777
00004967
00002EC3
00002754
FFFFE82D
FFFFF52E
0000089E
FFFFCD77
FFFFB5BA
FFFFFC4C
000038CA
FFFFE3D0
00000D7B
000034AB
000039CD
FFFFB4AB
FFFFE5BC
00002E25
FFFFEE9E
00000BF7
00004677
FFFFFD78
00000D18
00001D63
000013CD
0000410D
00001E6C
00004DFA
FFFFFD9B
FFFFD307
0000048E
FFFFE495
00003890
FFFFE79C
000024DF
000006B9
000012F7
00000D13
FFFFDD25
FFFFD1D2
00000623
00003492
000008AC
FFFFED1A
FFFFE1A9
0000480D
FFFFCBE9
FFFFDD3D
FFFFDFD4
00000D9B
00001470
FFFFF903
0000647E
FFFFCCBB
FFFF9F13
00003206
FFFFD69A
00004039
FFFFF845
0000291A
FFFFC665
FFFFD839
FFFFD452
00001721
FFFFCDF9
000020F9
FFFFFAD3
000023DA
FFFFB8F5
FFFFD8CF
00002BC6
FFFFF004
FFFFEDCB
0000340D
00001188
00000E7B
00002A4D
FFFFBCFA
FFFFE261
00003694
FFFFE7DA
FFFFC629
00003342
FFFFBBB1
00001751
FFFFFC6E
00001B16
FFFFF587
FFFFD451
00002CE7
0000485C
FFFFE203
FFFFC1E4
000005BA
0000102F
00000472
00003FC7
00003A63
FFFFD17E
000043BB
FFFFF1E7
0000142B
00000123
00001551
FFFFCE61
0000294A
00003F1A
00000F88
FFFFF8BA
FFFFF3B9
00002A94
000008E3
FFFFF59B
000027C8
00001B2C
00000B4E
FFFFEE32
FFFFE4C8
000010F2
FFFFFCFE
00002D9F
FFFFA269
FFFFDC8D
00003F98
FFFFE562
FFFFD45B
000034D2
00000AA4
FFFFA4BF
000010A2
00004EA6
0000242B
00000BED
0000386B
FFFFEF7F
FFFFFF0D
00001805
000021D7
0000108B
000031D8
00002E0E
FFFFF981
FFFFFC27
FFFFF619
FFFFDEF3
FFFFE9C7
FFFFC89F
FFFFD7FF
FFFFC61A
FFFFC501
FFFFC323
FFFFEAF7
FFFFED99
FFFFCD88
00000993
00000D1A
FFFFCAF2
FFFFFB1C
FFFFEAA5
FFFFE811
0000180C
FFFFF9DF
000003B2
FFFFCC3E
FFFFE778
00000C98
00001C9D
00001AA4
00001D44
00002558
0000334F
00001300
FFFFC6C5
FFFFD188
000022C0
00002328
FFFFE848
00004173
000018E8
FFFFD174
FFFFE15A
000005FE
FFFFC778
FFFFCB5F
00000D24
0000383D
000009E5
0000349E
0000571B
00001A45
FFFFDD48
FFFFBEB4
0000021D
00003763
FFFFF6B9
FFFFDDD5
FFFFF030
FFFFF842
00000D0D
0000299A
00000E6D
00003141
0000267D
00001674
00000FDB
FFFFADF0
FFFFA32A
00003363
FFFFDA88
FFFFECAA
FFFFEA00
000012E1
FFFFE550
FFFFFAAB
00003456
FFFFC9A8
FFFFDED7
000041C3
FFFFF506
FFFFE0A5
FFFFB921
0000105A
FFFFE867
FFFFEFBA
000036E6
000030A8
FFFFF960
00002952
00000E53
FFFFBC01
FFFFFD45
00001999
FFFFBF52
FFFF95B6
FFFFF82A
FFFFF0E7
00001494
FFFFC8B3
FFFFEB09
FFFFDCAC
FFFFEB90
00001334
FFFFD0AC
0000227B
FFFFBFFC
FFFFFF76
FFFFE313
FFFFE135
00002CBE
0000018D
000014AE
0000445C
000011E8
00000E20
00002BA0
000016B7
FFFFF48C
FFFFE3D1
FFFFE293
FFFFD1E7
FFFFAD84
FFFFD8C1
000024EF
FFFFFFCE
FFFFD000
00001C49
00005AF4
FFFFF40B
FFFFF20C
00001D3A
00001574
FFFFEE17
00001328
00005226
FFFFF8F9
FFFFF678
FFFFCDA0
00001AFC
FFFFC8E8
FFFFCE13
00003560
00001804
0000025A
FFFFF262
FFFFEA23
00000505
000015C3
FFFFD7BB
FFFFE10F
000017E2
00000B23
FFFFDD2C
0000050D
FFFFFD8F
FFFFEC37
00001C22
FFFFEAB2
00000ADB
0000198C
FFFFCA4D
FFFFC9D4
0000180D
00000073
000041C0
FFFFA1FA
FFFFEAA1
FFFFBFD7
000001EA
00000ACD
FFFFD742
00000C0F
00001988
FFFFEED4
00000994
00001C4E
FFFFEDCD
000024E5
00001BC1
00000B81
FFFFE0E8
FFFFF62B
00004AFE
FFFFE9B3
FFFFDEA0
FFFFE738
FFFFFEB6
00001E9C
0000051C
FFFFC0F5
FFFFF057
00002F57
FFFFFE0E
000005C2
00004FDF
FFFFE035
000010DB
00001458
000018F4
FFFFEEBC
00004E28
00002EDB
00001E50
00004598
00003481
00001867
0000036A
000007D1
FFFFEB0B
00003865
000037EF
0000023E
000024F6
00002BC1
FFFFDDDF
00000446
00001AB7
00003FBA
00004A76
FFFFE28E
FFFFCD93
00001F51
FFFFBCA5
FFFFEF97
00003905
0000294B
00000B45
00002479
00004442
FFFFB0AC
FFFFB141
FFFFFCF3
0000168E
00004ADB
00000A89
000042A1
00000425
00000DCB
00001575
00002036
FFFFCE37
FFFFDA1F
FFFFE302
FFFFDEB0
00002AE6
000009DF
00002D21
FFFFE601
000000BA
FFFFF183
00001CE2
FFFFE398
FFFFDAF5
FFFFDC63
FFFFDC64
000029DF
FFFFC571
FFFFFBA0
FFFFF8ED
000021BB
FFFFF437
000015FF
FFFFCFAB
FFFFED19
FFFFC514
0000304A
FFFFCB72
FFFFF323
FFFFE013
00000D5D
FFFFD2E1
FFFFBCFB
00000D66
FFFFDD21
00003208
FFFFD47E
0000198C
000000FC
00001696
00001D6C
00003A3A
00003EEA
FFFFFA40
000031E8
00001CD2
00001915
FFFFEC42
00004A10
00001E9C
000007A3
00001BC6
00000BB8
FFFFE80C
FFFFDF53
FFFFF910
FFFFD6EF
FFFFEB02
FFFFF00B
0000193A
000015C7
FFFFE656
0000343A
00003303
00001B86
FFFFDB10
FFFFDDE1
FFFFEDCA
FFFFF29C
FFFFFA18
00004B3C
0000232D
00003AAF
00000257
FFFFFCFD
FFFFF285
FFFFFC9C
00001DCE
FFFFCEB4
FFFFECDE
FFFFEB42
00002F95
000003C6
FFFFDB0E
00001904
00001E6C
00003905
000006B4
0000392A
FFFFFA09
00003D23
000010F5
FFFFF8FB
00001D61
00001189
FFFFD8D5
FFFFD9F2
FFFFFE01
000022C0
FFFFEC71
FFFFDDD2
FFFFDBFB
00000670
FFFFE687
FFFFD130
FFFFD8F8
FFFFD78C
00001752
FFFFDE74
FFFFCEDC
000011C5
00001644
00001A6D
000014D8
FFFFE3FC
00000EF8
FFFFF4BD
00000D3C
00002BB8
0000047D
FFFFD596
00002033
FFFFCA8E
FFFFFC2B
00000195
000009AB
00001ED7
00000FC6
00000D7E
00001BC6
00002538
0000070E
0000076E
FFFFFE40
00002475
FFFFEE58
000019EF
FFFFFE67
0000244F
FFFFD58E
00002139
FFFFE6FC
00000DD8
FFFFFC8A
FFFFC757
FFFFE30C
FFFFF6F9
000005CC
FFFFE3A1
FFFFE61C
000016FD
FFFFEED6
FFFFD682
FFFFEDD1
FFFFDDB8
FFFFD81E
00000AC5
00004578
FFFFF003
00000110
00002837
FFFFEB5D
000023AB
FFFFDA17
00003FA0
000017C1
0000090B
FFFFFA94
0000085C
0000062D
FFFFEF6C
00002767
FFFFF10B
00000B9F
000014E0
FFFFFC69
00000F42
FFFFF55E
FFFFDD67
00000112
000000C8
FFFFF4B0
FFFFEA08
000008FB
000013B0
000045B8
00001C87
FFFFE8F2
FFFFFC1F
0000043E
00001BE2
FFFFE666
000010A9
FFFFE39F
FFFFF49B
00000ED7
FFFFDBAE
000002FC
00001ADB
000002DF
FFFFD6B5
FFFFF61E
FFFFFEE8
000022A9
FFFFCEC8
FFFFCA5A
FFFFD5AD
FFFFF206
FFFFE2F0
00001D4C
FFFFD36B
00003740
FFFFF7DC
00003810
000008DB
000010FF
FFFFF025
FFFFEACA
FFFFF1AA
000000A9
FFFFF622
FFFFEA56
000001A8
000008A5
00000CB8
FFFFF112
FFFFD470
FFFFCD94
0000093B
FFFFEC39
00000DE9
000012BF
00002399
FFFFD70E
000017BA
000001A7
0000069D
000011FA
FFFF95C9
FFFFD53C
FFFFECD2
FFFFCBDC
00004A04
0000254E
00003A57
FFFFFA4D
FFFFBD48
000056B0
000012F7
0000197A
000016C0
00000ADF
00000A71
00000D02
FFFFF10B
0000555C
00002476
FFFFFC17
FFFFF024
00002911
FFFFFAB7
FFFFEB70
00000D99
FFFFF3A0
FFFFFE04
FFFFE0DD
FFFFFB5D
FFFFE311
FFFFE7B3
00001B05
000014E0
00000282
00000E10
0000172E
00005DDD
000002CD
FFFFFD01
FFFFDEC9
00000CE3
0000171C
00000DA9
FFFFE58B
000016BA
00001B4C
FFFFCC4D
FFFFEF72
FFFFEB03
FFFFF667
00000303
FFFFD19F
FFFFE91D
000022F8
00002599
FFFFDC74
FFFFDD19
FFFFF0DE
FFFFFE82
FFFFE014
FFFFCFF5
000012A1
00002BD7
FFFFC42B
FFFFCD05
FFFFEE57
FFFFE823
FFFFA612
FFFFAD6F
FFFFE129
FFFFAD69
FFFFDF21
FFFFE802
FFFFD906
FFFFCE82
00000517
FFFFCD6F
0000020E
000018C6
FFFFF9E1
0000009B
FFFFE6A5
FFFFE6D7
FFFFE8C7
000005A8
FFFFCE98
FFFFCF79
00000432
00001795
00003045
00003449
000018C5
FFFFF009
000018FA
FFFFDC4E
FFFFECCF
00000319
FFFFF9F9
000027FD
0000213B
0000330E
000000C6
000008DA
00000746
00002445
00002E33
000020A2
FFFFF4DB
00001D40
FFFFE14C
00000649
000023A9
FFFFE640
FFFFCEF8
FFFFF21A
00000328
FFFFE0A7
FFFFEE64
00000F13
00000775
00001EA0
00003355
FFFFF7C4
000005D8
00002856
FFFFDC8E
FFFFEF52
FFFFE681
FFFFDDF0
FFFFE770
0000401A
00000764
00001ABC
00001049
00002D12
FFFFED61
FFFFCD25
FFFFFB71
000017DC
00002798
FFFFCCB7
FFFFF966
FFFFEDBC
00000D90
000028C5
00004C2D
00003945
FFFFCDCF
FFFFF00F
00001261
FFFFED75
FFFFF5F9
FFFFE41F
FFFFE9B2
FFFFFD55
0000170E
FFFFF9FD
00003DC3
FFFFEB7F
FFFFDCC8
FFFFF3AF
FFFFD776
FFFFFF89
00002276
FFFFD3B5
00002CA2
FFFFDD1E
FFFFE639
FFFFEB1E
FFFFD910
FFFFE92B
00002D84
FFFFD63F
0000028F
00001250
00000B0A
00001780
FFFFE444
00001B14
0000219A
00000ADF
000034CD
00003C6F
FFFFE754
FFFFFAD7
FFFFEEFA
FFFFFF76
FFFFCE17
00004693
00000663
00000D53
00002DF3
FFFFE244
FFFFD8E4
0000037D
FFFFE62B
000027F8
000027C4
FFFFCBF0
FFFFFA70
00000681
0000126A
FFFFA934
00000C11
00001FA7
000003B9
FFFFD117
FFFFD671
FFFFC2B4
FFFFD869
FFFFC3A1
00002446
00000168
FFFFF6C5
000018E1
0000035F
0000038C
00000D7E
FFFFEF3A
00000B1E
FFFFF494
FFFFE3BB
00001362
FFFFE8C0
FFFFF74E
000007AF
FFFFFFE2
FFFFDAE5
00001118
00000946
FFFFD7D2
FFFFD831
0000128C
0000052B
FFFFDCD9
FFFFDC87
FFFFE0E6
FFFFFD77
000023B6
00001933
FFFFFB6C
000005DE
00002154
00001AFB
FFFFCC52
FFFFDF95
000006D1
00002600
00001580
FFFFDC64
00000F44
00001281
00000047
0000069F
0000263C
FFFFFEC1
00002DAE
FFFFFC87
FFFFDEF8
FFFFECC0
000001FC
FFFFEC22
FFFFB033
FFFFAED7
FFFFFBA5
FFFFEB32
0000011E
FFFFE3DD
FFFFE18F
FFFFF68E
FFFFEF67
00002124
00003290
000008B7
FFFFF04D
0000211F
FFFFF30A
FFFFD9FF
000014AD
000000B7
0000176C
000003F5
FFFFEDDC
0000119B
FFFFEDEB
00000EA4
FFFFF24A
0000144B
000007AB
FFFFF973
000024A6
FFFFF7EC
FFFFDEC7
FFFFEAFB
FFFFE393
FFFFD708
FFFFF444
00002BE3
0000396F
00001C2E
0000063A
000032EE
FFFFB1C3
0000128C
00002EF5
FFFFE4CE
00005478
FFFFDB2D
FFFFE6CD
FFFFD8CA
FFFFDBCA
FFFFEED5
FFFFE1B5
00004308
FFFFF702
00001A07
FFFFF497
0000373E
FFFFCEE6
00001096
000000A6
00000324
000000EB
00000771
000037ED
FFFFC5FB
00003C38
FFFFE5B0
FFFFB040
00001E4C
FFFFFE8E
00000BAC
FFFFF5E8
00000461
000001FC
FFFFF7C6
FFFFF92A
FFFFE552
FFFFF1F2
FFFFF744
00001134
FFFFF838
