0000018B
000005FB
FFFFFE2B
00000A7E
00000039
FFFFFBD9
FFFFF9FD
0000100C
0000059D
FFFFFC40
000007E9
FFFFF9F6
00000446
FFFFF9C2
000000D2
00000353
FFFFFC44
000006D3
0000030D
FFFFFCD0
00000367
000002D0
FFFFFF8C
0000033A
FFFFFA35
FFFFF565
FFFFF0BA
FFFFF947
FFFFFB00
FFFFF22D
0000007A
FFFFF47E
00000589
FFFFF8C2
FFFFFE49
00000581
000001A8
00000163
FFFFFED1
FFFFF486
FFFFFDAD
FFFFFAEB
FFFFF4C7
00000694
FFFFFA2E
FFFFFD7E
FFFFF527
FFFFFD72
FFFFFFCD
FFFFF807
FFFFF40D
FFFFFB19
FFFFF6BD
FFFFFBB6
FFFFFA30
FFFFFFA4
0000000D
00000188
000002D4
00000358
FFFFF8B2
00000D82
FFFFFEC5
000004B4
FFFFF458
FFFFF9D9
FFFFF3C2
000003A1
FFFFFCF5
FFFFFB2A
FFFFFA4B
00000064
00000567
FFFFF8E4
FFFFF4F6
FFFFF4C4
FFFFFB93
FFFFFCB7
FFFFFE43
FFFFFE71
00000482
FFFFFF26
FFFFFA17
00000D25
000000A7
00000AD4
0000067A
00000330
FFFFFC33
00000907
00000023
000006F5
000002EC
0000065B
00000053
000005B1
0000035B
FFFFFA4B
00000548
0000053B
00000617
00000660
0000063F
000001FB
00000C00
000005DB
000006C8
00000270
0000063B
FFFFFEEE
FFFFF5EB
00000835
0000036E
FFFFFBC6
FFFFF657
FFFFF4B2
00000451
FFFFFD03
FFFFFBE7
FFFFF91B
FFFFF904
FFFFFDBB
FFFFF525
FFFFF46E
000008D6
FFFFF3EC
FFFFF60E
00000187
0000002D
FFFFFE75
FFFFF99A
FFFFFD18
FFFFF582
FFFFFF9E
FFFFFCA2
FFFFF7B9
FFFFF2CE
FFFFFAA5
00000669
000002A3
FFFFFFFE
FFFFFAFB
00000395
000007C7
FFFFEB84
000000BD
FFFFEEFC
FFFFF16F
FFFFFE22
FFFFF1EF
FFFFF83C
FFFFFC3D
FFFFFCC9
FFFFF6C9
FFFFFC0D
0000031D
0000017A
FFFFF8FF
0000024B
0000063D
FFFFFE55
FFFFFD2D
000001ED
FFFFF24E
FFFFFCFD
FFFFF47D
FFFFFAE5
FFFFFBBC
000002A3
FFFFFD2A
FFFFFBD6
0000053A
00000086
FFFFFA53
000004CB
0000036D
0000041C
FFFFF985
00000338
00000768
00000B20
00000026
00000AEE
0000012C
00000852
FFFFFCE7
FFFFFCAC
000006DC
FFFFFA2E
FFFFFAEF
0000035B
000004BF
00000315
FFFFF9AF
000005F8
00000260
00000906
000002CE
FFFFF5DE
FFFFF5C3
FFFFF9E2
FFFFFDD9
FFFFF88E
FFFFFA96
FFFFF82D
FFFFF8A1
FFFFFA2B
FFFFFF30
00000846
FFFFF9D4
FFFFFD5F
FFFFFAB9
000002BD
FFFFFB5D
000001C1
FFFFF719
FFFFFB7C
FFFFF4C9
00000202
FFFFFB58
00000063
0000057E
000007B5
FFFFFB40
FFFFFB05
FFFFFB56
00000402
000005B2
00000277
00000302
00000291
FFFFEE41
FFFFFC2D
FFFFF6B9
00000348
00000984
FFFFF514
00000244
FFFFFF2B
FFFFF9D9
FFFFF868
FFFFF622
FFFFF4EC
FFFFF95B
FFFFF003
FFFFFAB4
FFFFFA5A
FFFFF7E2
FFFFFAE2
FFFFFE46
FFFFF0A8
FFFFFE49
00000897
000003E1
FFFFFFD5
FFFFFCE9
000002A5
FFFFFEF6
FFFFFB2F
FFFFFD61
FFFFF98E
000005A6
FFFFFC4C
FFFFF85D
FFFFFA50
FFFFFD14
FFFFF108
FFFFF8F7
00000EB9
FFFFFADF
FFFFFA77
FFFFFC76
FFFFFD8B
0000019A
000001E1
FFFFFFC4
000003B4
000001E8
FFFFF7B7
FFFFFAE4
FFFFF6CB
FFFFFABB
FFFFFEB8
00000A08
0000024E
FFFFF53B
00000780
000000AB
00000298
FFFFF422
00000494
00000030
FFFFF805
000001F8
FFFFF798
000002B2
FFFFFC36
000006A2
FFFFFFCB
00000A15
FFFFFBFE
FFFFFCA1
00000CE8
000008A5
0000099D
000007C9
FFFFFD3B
0000027C
000001B8
00000078
FFFFFAF3
FFFFFDB9
00000242
00000967
FFFFFF89
00000173
000002A4
0000070A
00000251
00000F28
00000DAF
FFFFFF2B
FFFFFD5C
FFFFFFE2
FFFFFBA2
00000545
00000931
FFFFFC42
00000FDF
FFFFF72C
FFFFF834
0000036A
FFFFFD37
FFFFF318
FFFFF7E4
FFFFED29
0000019A
FFFFF596
FFFFFAE3
FFFFFF27
FFFFF606
000007C9
00000589
FFFFF44E
00000883
0000021D
FFFFFCFB
000003A2
00000571
FFFFFC95
000009F2
FFFFFD59
FFFFF5A3
FFFFFB2C
00000287
00000231
FFFFF5A7
00000432
FFFFF708
FFFFF302
FFFFF601
0000008D
0000016B
00000575
0000105C
000000B9
FFFFFF8A
0000032D
FFFFF916
FFFFFDA5
000008BD
0000094E
FFFFF8F5
000003B1
FFFFF8F3
FFFFF7A1
FFFFFFD7
FFFFF6A2
FFFFF258
FFFFFF60
00000954
FFFFFEB7
FFFFEEF6
0000051E
FFFFFFA0
FFFFFD3F
00000173
000001C2
FFFFF877
FFFFF4F3
FFFFF64C
000001FF
FFFFF23C
FFFFF5D3
00000789
FFFFFA62
FFFFFEBC
FFFFFD72
FFFFF808
00000143
000002D9
FFFFFDB3
FFFFF568
FFFFFC94
FFFFFB6C
000005D0
FFFFF8E1
FFFFF650
0000074C
FFFFF93B
FFFFF968
000001F0
FFFFFE56
00000663
FFFFFFF8
FFFFF614
000001BE
0000066A
FFFFFC06
0000092D
FFFFFBBC
FFFFF685
FFFFFDCE
0000031D
FFFFFB13
0000060F
0000080D
FFFFF466
FFFFFF37
000007BA
0000037E
00000041
FFFFF30A
000005CC
FFFFF253
0000021D
FFFFFE9A
FFFFF37F
FFFFFE12
00000AA7
FFFFF86C
000000B6
00000842
FFFFF5F8
00000A8B
FFFFFD93
00000084
000002B8
FFFFFCF9
000004A9
FFFFFF2B
00000067
00000AB0
FFFFF9E5
FFFFFC6F
FFFFF8FB
FFFFFD11
FFFFFD51
000001BE
FFFFFBD9
FFFFFF40
000002D9
FFFFFA20
FFFFFEBC
0000088D
FFFFFCF3
FFFFF89B
000003B7
00000331
00000A6E
FFFFFE7D
00000561
00000706
000005BC
FFFFFB9E
000005BD
00000969
FFFFF8F3
FFFFF2E3
FFFFFE03
FFFFFEB8
FFFFFA1C
000005FF
000002E7
FFFFF00D
FFFFF789
FFFFFDF1
00000534
FFFFF99D
FFFFF6A7
000007A9
00000517
FFFFFA8B
FFFFFBEF
000007D9
FFFFF940
00000A4F
FFFFFB7B
FFFFFB60
00000219
0000021D
FFFFF9C1
FFFFFD50
0000007B
00000723
00000938
FFFFF5F2
FFFFFEAD
FFFFFC8D
00000A8D
FFFFFB44
000005CE
FFFFF31B
FFFFFA75
FFFFF013
FFFFFFFB
FFFFFF94
0000053B
000002C9
FFFFFD84
00000727
00000183
00000127
000007B8
000002EF
FFFFF568
FFFFFCA4
FFFFF9F2
FFFFF530
000001E1
000003A2
0000020C
FFFFF5F2
FFFFF1A9
FFFFFCFA
FFFFF777
FFFFFF60
000003ED
0000084C
FFFFF7C6
00000967
FFFFFDD6
000007BA
000006E7
00000E87
FFFFFCE0
FFFFF9CE
00000A7B
FFFFF22C
FFFFF11A
FFFFFE87
FFFFF63A
FFFFF73E
FFFFF538
FFFFFB31
FFFFFF20
000001B3
00000624
FFFFFF01
FFFFFCF4
FFFFEC54
FFFFF6FE
FFFFF57B
FFFFFDF3
FFFFFD4A
FFFFFC7C
FFFFF394
0000016E
FFFFF771
FFFFF89B
00000739
00000D2A
0000080C
FFFFFB3B
0000099E
FFFFFE4B
000004E0
000003BE
0000034D
0000018E
0000008F
FFFFFFF7
FFFFFE2F
FFFFFE62
000006EC
0000003B
FFFFFF80
FFFFFFF5
FFFFFE0D
000000C6
FFFFFBFB
00000425
FFFFFDA7
FFFFF9E7
FFFFFF67
00000020
0000049E
000005CB
FFFFFD94
000006EE
FFFFFA62
00000366
00000376
FFFFFF6D
FFFFFE7D
FFFFFDF7
FFFFFEE9
FFFFFAB7
000000EA
000002B2
FFFFFA7E
FFFFF932
000001CE
FFFFFFFF
00000642
FFFFFDE8
000006E0
FFFFFC23
00000002
00000188
FFFFFDA4
0000004B
FFFFFC68
00000912
FFFFF991
000002AA
FFFFFD06
FFFFFEAE
FFFFFC83
00000267
0000026C
000003F3
FFFFFB64
FFFFFD8E
FFFFFF20
FFFFFDF6
000007CD
00000023
000001C4
00000328
FFFFFDBC
FFFFFDD6
000002A9
FFFFF662
0000024C
FFFFFC46
000005B8
FFFFFB4B
FFFFFF10
FFFFFDB3
000001CE
FFFFF931
FFFFFFC5
FFFFF4B0
FFFFF88A
FFFFF52B
FFFFFA3B
FFFFF9FA
FFFFFE44
FFFFF9E4
FFFFFD56
FFFFF8B8
0000061D
FFFFFA0B
FFFFFFF0
00000302
FFFFFBA4
FFFFF9DB
0000033F
FFFFFC0B
FFFFF873
FFFFF499
FFFFFB11
FFFFFFCA
FFFFFA43
FFFFF585
FFFFFD15
FFFFF949
000003F1
00000B69
FFFFFFEC
000001F3
FFFFFF24
FFFFF9F9
00000B68
00000890
000007D8
FFFFF876
FFFFFB74
FFFFF896
000007F7
FFFFFDE0
00000139
00000232
FFFFFEEF
00000636
000004D5
FFFFF83C
FFFFFCFB
00000726
000000B8
FFFFFEB6
FFFFFF25
00000255
FFFFFEB5
00000354
FFFFFECE
FFFFFFCC
000000D7
00000230
0000010B
FFFFF81B
FFFFFCDA
FFFFF805
FFFFFD1C
FFFFF0F5
FFFFFA65
00000109
000002F7
FFFFFA2C
000005D4
FFFFFFB7
00000167
FFFFF8A1
00000258
000001EC
0000066B
FFFFFA90
0000043F
00000402
000000DB
FFFFFDA9
000000B0
00000055
000003B8
FFFFFA6D
FFFFFE9C
000001A4
FFFFFFDF
00000149
FFFFFEA6
000003A2
000000F9
FFFFFE0F
000003DB
FFFFF9BC
0000047B
FFFFFEA8
FFFFFC99
FFFFF96E
FFFFF777
00000056
FFFFFE21
00000033
FFFFFDAB
00000081
000004EF
FFFFFF8F
000000AA
FFFFFDD2
00000139
0000052C
FFFFFC54
FFFFF6EF
0000007E
FFFFFD1C
FFFFFDCA
000005D6
FFFFFDA0
000005AA
FFFFFCF5
FFFFFE19
FFFFFC31
000000E1
00000789
0000045F
000003A6
00000308
000003D8
00000130
0000011E
FFFFFB51
FFFFFFB2
000006B8
000005C8
0000018A
0000019E
00000182
00000156
FFFFFBB1
FFFFFB64
FFFFFBA1
00000026
00000378
FFFFFD53
000002B8
FFFFFED3
00000330
FFFFFD40
000001D6
00000060
000002FD
FFFFFDB0
0000092A
0000013F
00000238
FFFFFF9D
00000983
000008E9
000006B0
FFFFFFCC
00000039
FFFFF9D6
FFFFFAD9
FFFFFC48
FFFFFF3B
FFFFFC35
00000164
FFFFFD6D
FFFFF9B2
000000B6
FFFFFD28
FFFFFB68
FFFFF8D6
FFFFFA5A
FFFFFB7A
FFFFFC6D
FFFFFE0E
00000011
FFFFFFFC
FFFFF8CA
FFFFFC92
FFFFF5FF
0000047C
FFFFF9A6
FFFFFD13
FFFFF7C2
FFFFFB72
000001A5
FFFFFE7C
FFFFFDD9
FFFFFFA9
FFFFFFAF
FFFFFAAE
FFFFF5C9
000002A3
00000483
FFFFFB75
FFFFFFC7
FFFFFDCA
000005D5
FFFFFA57
FFFFFF4C
FFFFFC06
FFFFF5CE
0000056C
000000CB
000003CB
FFFFFBC4
00000A0E
00000650
FFFFFD7D
FFFFFB90
00000470
FFFFFA56
000003E9
00000566
0000009F
FFFFFCF2
FFFFFB08
FFFFFE61
00000458
FFFFFC86
00000346
000000D9
00000007
0000021A
FFFFF932
FFFFF8BC
0000017E
FFFFF931
00000468
0000004D
FFFFF5D9
FFFFFF0B
FFFFFB7A
FFFFF853
000001FF
FFFFFEA3
FFFFF904
FFFFFC7A
00000036
0000006D
FFFFFA61
FFFFF90C
FFFFFC22
000001A4
000003F4
00000376
00000711
0000055B
0000052D
FFFFFCE2
0000021B
00000437
00000BA9
000006C4
00000A86
0000074D
FFFFFDB4
FFFFFD78
0000009A
000001E4
FFFFF82D
00000265
FFFFFCC9
FFFFFA98
000002A1
FFFFFE3D
FFFFFEE3
FFFFF772
FFFFFBD1
00000397
FFFFFB39
FFFFFD5F
000002D0
FFFFF8B1
FFFFFB66
FFFFFBB1
0000019D
000005C6
0000025B
000003B3
FFFFF814
FFFFFF63
000001B6
0000019D
FFFFFD74
00000011
000004A6
0000014B
FFFFF944
00000496
0000010C
FFFFFE1D
FFFFFEEF
00000028
000003B7
FFFFFEA2
00000647
0000045E
0000028F
FFFFFF6C
FFFFFADE
000003C6
FFFFFFA6
FFFFF64C
FFFFFBB9
00000404
FFFFF717
FFFFF789
00000575
FFFFFB01
000001EE
000000C4
000000F2
FFFFF90A
FFFFF8F3
0000029D
FFFFF89E
00000130
0000008B
FFFFFD56
FFFFFDB2
000006F8
FFFFFCE1
00000181
FFFFF82C
FFFFFC04
FFFFF990
FFFFF5CD
FFFFFEAB
FFFFFE46
FFFFFADF
FFFFF4F4
FFFFF9C4
0000001E
FFFFFDFF
FFFFF3BA
FFFFF87A
00000691
0000091A
0000084A
FFFFFCC8
00000AC5
00000178
FFFFFD1F
FFFFFB4C
FFFFFDC6
FFFFFF0F
000000B1
FFFFF431
00000545
FFFFF989
000001A5
00000336
000000E2
00000126
00000318
0000018F
0000059D
FFFFFCDF
FFFFFA22
0000019A
00000682
000004D4
000002F3
FFFFFE79
FFFFFFAA
00000292
FFFFFB6F
FFFFF955
FFFFFB89
FFFFF779
FFFFF80E
000000BF
FFFFF74F
FFFFFB0C
000001FE
FFFFFD48
FFFFFFA1
FFFFFEA4
00000146
FFFFFD92
FFFFFF38
FFFFFB13
FFFFFD74
000000D4
FFFFF8B6
000003B3
FFFFF668
000003E6
00000593
00000248
00000390
00000B08
0000036E
00000304
00000537
FFFFFB5D
0000027D
00000718
000001B4
FFFFFDAC
00000303
FFFFFD96
FFFFFC88
FFFFF626
FFFFFDB2
FFFFF941
FFFFFF4F
00000398
00000016
FFFFFA05
FFFFFF49
FFFFFE47
000003E8
FFFFFA5C
FFFFFCA3
00000109
FFFFFD68
FFFFF6F2
00000283
FFFFFC86
000009DA
FFFFFE9B
FFFFFD57
FFFFFDC9
FFFFFADB
FFFFFFFD
00000C93
FFFFFF6C
00000611
00000134
00000929
FFFFF51F
000001FD
FFFFFB7C
0000005A
0000044F
FFFFFED1
00000496
FFFFFF95
FFFFFF65
000001DB
FFFFFAE5
00000062
000001F0
000001A6
FFFFFD9D
FFFFFF32
FFFFFA8B
FFFFFEC9
000003FD
000003DD
FFFFFAEF
FFFFFEB2
00000445
FFFFFE5F
000000CD
FFFFF947
000005AD
FFFFFBCC
FFFFFB13
FFFFF4C8
FFFFFEC1
00000484
FFFFFA35
000004D6
FFFFFF64
00000186
00000361
FFFFFC4E
FFFFFE7E
000002CA
FFFFFE5C
FFFFF8DC
00000182
FFFFFB63
000004A4
00000090
00000565
FFFFFE8C
000001FC
FFFFFDE3
FFFFFD85
FFFFFFF0
000001A5
000001A7
FFFFFD43
00000850
00000287
000006C6
00000310
FFFFFF37
FFFFFE7A
FFFFF83B
FFFFFEF1
0000020B
00000670
0000013C
FFFFFAD9
FFFFFB4F
00000566
00000509
000001BC
FFFFFBC4
FFFFF8D1
0000077A
FFFFF67A
FFFFFDDC
00000D69
0000097B
000008BA
00000238
000000E0
00000178
FFFFFD7B
00000CBB
00000BB5
FFFFFE09
000007E5
000004E3
FFFFFEA4
FFFFFAB5
000004E2
FFFFFC88
000002A3
000009E2
FFFFFEA1
FFFFFAD9
000000A8
000009DC
FFFFFDEC
00000235
000003B9
FFFFFCF6
000003A7
00000748
00000657
FFFFFC9E
FFFFFEAF
00000213
FFFFFE00
0000047A
000004CF
FFFFFD9B
0000038C
000002BC
FFFFFED0
FFFFFE14
00000488
000000A6
00000818
00000307
00000395
00000BE0
00000B3E
000007B9
00000657
00000F19
000001DC
00000124
FFFFFABD
00000956
00000776
0000067A
00000447
000003A8
FFFFF27D
FFFFF9A1
FFFFFEA6
00000999
0000031D
00000A88
FFFFFD3B
000009C2
00000360
0000047D
00000635
FFFFFED7
0000065F
0000016E
FFFFF9C0
FFFFF9B8
00000B1D
000007E2
FFFFFD4E
FFFFFCBE
0000020A
000007E6
000007FA
FFFFFF38
000004A6
FFFFFABC
FFFFFAC5
FFFFFE7F
FFFFF916
00000284
FFFFFBAC
00000514
FFFFF87B
0000015A
000003F3
FFFFFE93
FFFFF980
00000473
000004E8
000000ED
0000066C
FFFFFBA2
FFFFF912
FFFFF9EB
00000743
0000085C
00000183
FFFFFB76
FFFFF32B
FFFFFF84
FFFFFF4A
000007AA
000004B0
0000089A
00000C16
000009DA
00000177
0000004D
FFFFFCC3
000006E8
FFFFFF8B
00000350
FFFFFA7B
00000272
FFFFFEB0
FFFFF92A
FFFFFF49
00000075
00000B72
00000425
000009FB
000004D1
000001EA
00000A26
000002D5
000006EB
000000CB
000006E4
00000881
FFFFFE93
FFFFFC48
00000C55
00000086
00000488
FFFFFF7F
00000505
FFFFF6C1
FFFFFF6C
00000208
00000154
FFFFFE98
00000A90
0000048E
00000575
0000026A
00000137
00000499
FFFFFF62
0000022B
0000024D
000001DB
FFFFFB1D
000006FE
00000CFA
000001D8
00000E10
FFFFFF63
000005E2
000002D1
FFFFFDD4
FFFFFFF1
FFFFF929
FFFFFB65
00000139
FFFFFA26
00000062
FFFFFC04
00000313
FFFFFDC3
FFFFFBF2
000004B2
000003E7
00000430
0000032B
000001C5
0000058B
000004B5
0000089B
000008FC
00000214
0000023B
00000462
000005BD
000002ED
000004C4
000001E8
00000728
00000893
000007D6
FFFFFEE9
FFFFFD16
FFFFFBE3
FFFFFE3F
FFFFFA8D
FFFFF81A
000000A4
000009DE
0000073B
FFFFFB05
00000484
FFFFFD31
00000CD4
00000368
FFFFFFE2
FFFFFAD3
00000301
000004FF
FFFFFBF5
FFFFFF2F
FFFFF856
FFFFF922
00000106
00000235
FFFFF190
000009B4
FFFFFBBE
FFFFFBD0
FFFFFEE4
000005CE
FFFFF793
0000038E
0000005D
000004B8
0000020B
00000A1D
0000050D
0000042D
0000083A
00000864
FFFFFEBF
000001BA
0000031B
000004C5
00000253
FFFFFF98
0000047D
00000B9A
000002C6
FFFFFB58
FFFFF94C
FFFFFDDA
00000948
000004F1
FFFFFE26
00000442
000003B1
FFFFFB1E
0000064C
FFFFF6F8
FFFFF765
00000D5A
00000426
FFFFFAF2
FFFFF81E
FFFFFE4E
00000E60
00000685
00000853
0000005A
000003A5
00000644
00000A67
FFFFFF98
0000004C
00000494
00000BF6
000004FB
0000024F
FFFFFDB5
FFFFFE39
000001B0
000009C0
FFFFFEF3
0000026A
FFFFFB32
000007A6
0000080C
FFFFFA4A
000000B4
00000839
00000603
0000086C
0000010A
0000018F
0000074F
FFFFFF26
FFFFFBC4
0000006A
0000070A
FFFFFBF8
FFFFFB73
0000012C
FFFFFB85
0000045D
FFFFFDAE
000002CD
0000027D
FFFFFF11
FFFFFB8B
00000018
00000992
FFFFFC77
000001C7
000004F1
FFFFFFCB
FFFFFA01
FFFFFF5A
000006F3
FFFFFFFF
00000AE3
000004B7
FFFFFAD6
00000496
FFFFFA9A
00000141
FFFFF355
000007F1
FFFFFD41
000002A0
00000A3E
0000027F
FFFFFE3F
FFFFFF57
FFFFFF85
FFFFFFAA
000002FD
FFFFF6B7
00000155
FFFFF9A7
FFFFF7D7
FFFFF6C2
000001D0
FFFFFB05
000003B1
0000050D
00000666
000005EE
FFFFFB5E
00000153
FFFFF9C2
0000031B
FFFFFE79
00000861
0000005C
000008CD
00000137
FFFFFEA9
00000AEA
000001F1
000008C5
FFFFFA7F
00000702
FFFFFA6E
00000272
FFFFF807
FFFFF91E
000004BD
FFFFFDD2
FFFFFDDC
00000047
FFFFF66D
FFFFFD7C
FFFFFF4C
00000DBD
FFFFF92A
FFFFFC07
000002D7
00000434
FFFFFDDB
FFFFFFFC
000000DB
000005F3
00000647
00000225
FFFFFC6B
00000B5F
FFFFFC6A
00000A5F
000005CC
0000029B
FFFFFF2B
000001FF
0000039B
000006FD
000001DF
00000191
0000026A
000004B8
00000276
FFFFF94A
0000040E
0000031C
000003EB
00000295
00000020
FFFFFDC2
000004F8
00000C96
0000002B
FFFFFA7F
FFFFF9DA
FFFFFDFE
FFFFFFC0
FFFFFF9D
FFFFF944
FFFFFF9B
000007C0
0000058F
000007D1
0000029F
FFFFF834
FFFFFF80
00000495
000007CC
000003B6
00000825
FFFFF9B7
000003AB
FFFFFE72
000008CA
00000269
00000537
000001FF
000001AB
FFFFFB1A
0000047A
000001D7
0000067F
00000182
FFFFFFFD
FFFFFF72
00000626
00000172
00000372
FFFFFA1C
FFFFFB55
0000028D
FFFFFE7E
FFFFFA80
0000087F
FFFFF720
FFFFFCC3
00000A2A
00000701
FFFFFA13
00000691
0000016E
000002FD
0000004B
FFFFFFA4
00000045
00000474
00000926
FFFFF769
FFFFF88B
FFFFF867
FFFFF9AA
00000366
FFFFFE49
00000108
FFFFFC8D
FFFFFC6C
FFFFF80A
000003D8
FFFFF6CA
FFFFFC5F
000004F0
0000009A
FFFFFE7C
FFFFF969
000002BA
000005A6
0000069B
0000042B
FFFFF6EC
000007D2
FFFFFF46
00000AEA
00000464
00000667
00000A3F
FFFFFA7E
0000015C
0000058C
FFFFFEBB
00000E44
000002E8
0000059C
00000042
FFFFFED0
FFFFF318
000002D3
FFFFF682
00000E30
FFFFFC5D
FFFFF9B4
FFFFF838
FFFFFB9F
000003AD
FFFFFD9F
FFFFFA48
00000542
00000165
000001A9
00000065
0000017B
000003AE
FFFFFCAA
FFFFFCB6
00000248
000001B4
00000314
000007F0
00000607
FFFFFC36
FFFFFBC4
000007E7
0000006B
FFFFFC1F
FFFFF9B1
00000894
00000083
000006E9
FFFFF689
FFFFFDF4
0000032F
FFFFF731
FFFFFB8F
FFFFFB2C
FFFFF4D2
FFFFF7B4
FFFFF98B
00000B36
00000099
FFFFFCBE
FFFFFE89
000006E0
FFFFFC78
00000A1F
00000276
000008D2
00000040
FFFFFB2D
FFFFFC5B
FFFFFC02
00000031
FFFFFD10
000004DE
FFFFF8BB
FFFFFB78
00000A22
00000A55
FFFFFFBC
FFFFFFDE
000001AD
000003A0
FFFFFF80
FFFFFCE2
FFFFFCDD
000006D8
000005B6
0000051F
00000A8A
0000066D
0000083C
FFFFFE93
00000C0D
00000F24
FFFFFF2B
FFFFFCCB
00000068
000009CE
000008F4
00000005
FFFFFD80
FFFFFE8C
00000708
FFFFFFB3
00000070
000001AD
FFFFFDC6
000007EE
0000018B
00000A08
00000437
FFFFF8E0
FFFFFF4E
FFFFFDCF
0000065D
000007A5
FFFFFE0A
00000375
000002C3
0000040E
FFFFFA8B
00000336
000000FE
FFFFF838
000005BF
00000068
00000760
FFFFFCD3
00000088
FFFFFB5C
FFFFFB7B
FFFFFFBF
00000120
FFFFFD43
FFFFF6C8
00000332
00000757
FFFFFE10
00000318
FFFFFBD9
000001CF
0000032B
0000071B
FFFFF75E
FFFFFF7B
FFFFFFC1
00000745
000005B0
FFFFFBCD
0000051E
00000446
FFFFF45F
00000627
FFFFF425
000007C3
FFFFFBF2
0000041C
FFFFF701
000005D2
00000702
00000951
FFFFFB87
FFFFF8EB
FFFFFD40
00000119
00000A2F
000007A6
000003D9
00000041
FFFFF763
000003F2
FFFFF862
000003FA
FFFFF574
FFFFF8D2
FFFFFC87
000003D6
FFFFF59B
FFFFF829
0000006F
000009B9
FFFFF7DB
0000031B
00000272
FFFFFE0F
000001C9
000003DE
0000011A
FFFFF8FB
FFFFFE83
000004C5
000002AB
FFFFFFF2
FFFFFEEE
FFFFF602
FFFFF7C6
FFFFFF86
FFFFFD36
FFFFFFC0
FFFFFAD7
FFFFFB07
000004F7
00000108
00000AFF
00000B17
FFFFFDCE
000009C9
00000354
FFFFFDA1
0000009B
000007FC
000009A3
FFFFF996
000005A9
FFFFF711
0000055E
00000194
00000207
FFFFFB36
0000040F
FFFFF938
FFFFFB14
000006FA
000001D0
00000935
FFFFFAEA
FFFFFBFF
FFFFFE21
0000040C
FFFFFE07
00000C9A
0000022C
00000CCD
00000804
FFFFFFE4
FFFFFC28
0000021F
000001E7
FFFFF9A0
FFFFFDB7
0000010A
FFFFFF2E
0000058D
0000032D
000000DF
FFFFF783
FFFFF7F3
FFFFF6FE
0000063C
0000057D
FFFFFB6B
FFFFF22A
FFFFFAB3
FFFFFA8F
00000373
FFFFFEBF
00000B4C
000009A5
FFFFFAAD
FFFFFBBE
FFFFF7C7
0000057F
FFFFF995
000003A8
000009A2
FFFFFEE5
FFFFFAA3
FFFFFC98
00000371
FFFFFB13
FFFFFCD3
0000016C
FFFFF846
FFFFFEC1
FFFFFC86
00000515
FFFFF43D
FFFFFEF9
0000092E
00000A44
00000841
FFFFFCC5
FFFFFED2
0000006D
000000C1
000003CC
00000157
000007C6
00000015
000006AE
0000000D
00000490
FFFFF8FA
FFFFFE0F
00000339
000002F1
000001B8
000003E2
FFFFF788
00000024
00000192
FFFFFBE4
000004E5
FFFFFAEE
FFFFF455
FFFFFA3C
FFFFFF9F
000003B5
FFFFFE8B
000006B8
FFFFFAD9
00000207
00000280
FFFFFFF5
FFFFFCBD
00000BCE
00000447
0000001F
FFFFF7A9
00000317
FFFFF75E
000009E4
000004DB
FFFFF99E
FFFFF7A0
000004E0
000011D9
000007B3
FFFFFF6A
00000517
FFFFFC46
FFFFF908
0000059A
000007B3
FFFFFF98
000005C5
FFFFF7E0
FFFFF994
FFFFF717
FFFFF92C
00000883
00000635
000006CB
FFFFF6A6
FFFFF78E
0000065B
FFFFFCF6
0000063F
00000021
000007DF
FFFFFCE3
0000031C
0000023B
00000CAE
00000CBE
FFFFFF5A
000001FC
00000541
FFFFF915
0000006A
FFFFF965
FFFFFE62
00000469
FFFFFEE7
FFFFFC96
0000001B
FFFFFDCA
000003B2
0000056E
000005FA
FFFFFA31
0000077F
FFFFFB72
FFFFF65C
000006F4
FFFFFA04
00000209
0000031F
00000839
000006D8
FFFFFFE2
000004DD
00000F0C
FFFFFB44
00000221
0000019B
000007AD
000001EE
00000A50
00000206
FFFFFD4F
000008D4
00000AFD
00000C3D
FFFFFF26
FFFFFDDB
FFFFFC6C
000007C4
00000499
FFFFFAD1
FFFFFE84
00000659
00000C23
00000887
FFFFFE31
FFFFFE06
FFFFF7C8
000001FA
00000929
00000222
000003ED
FFFFFF2F
FFFFFD66
FFFFF686
0000072C
FFFFFD3A
FFFFFC0D
00000781
00000149
0000090E
000003E1
FFFFFFA7
00000045
000004CB
0000057A
FFFFF9DF
00000876
FFFFFF7E
FFFFF469
FFFFF658
FFFFFDB6
FFFFFF78
00000435
FFFFFC58
FFFFFE96
00000377
FFFFFC01
FFFFFDC6
000006B1
00000A35
FFFFFB3E
00000910
00000E01
000008DD
0000002F
000004AA
000001F1
0000076E
00000184
FFFFFB0C
000001B8
00000A75
00001023
00000805
FFFFFCE6
FFFFF964
FFFFF639
00000550
FFFFF900
FFFFFBDD
0000001E
0000057A
FFFFFBE4
FFFFFEDD
FFFFFFB1
0000087E
FFFFFED9
000000ED
000004A5
00000658
000007FF
FFFFF81F
FFFFF9D3
FFFFFF41
FFFFF9B3
FFFFFB81
FFFFFD7A
00000BE0
000001DD
FFFFFA22
FFFFFE1A
00000151
00000172
00000583
FFFFF5ED
FFFFFE7E
0000061D
000006C7
FFFFFFBE
FFFFF78F
00000088
FFFFFF9C
FFFFFD01
FFFFFA2F
FFFFFC54
FFFFF861
00000343
00000192
FFFFFB89
000000FE
00000BDB
000003EA
000006BA
FFFFF359
000004B1
000007A1
FFFFF700
00000315
00000306
FFFFFF1B
00000560
FFFFFC88
FFFFFD3F
FFFFFEBD
FFFFFEBB
00000745
00000127
000002BA
FFFFF785
FFFFF79A
000002EE
FFFFFF94
0000002B
FFFFFE95
FFFFFEF8
FFFFFAED
FFFFF738
FFFFFAAD
FFFFFD6F
00000075
00000425
0000040E
FFFFF8A6
00000859
000000C8
FFFFF8E0
00000348
0000097A
0000000F
FFFFFA86
00000A25
00000189
FFFFFC3B
000000F9
FFFFFFD9
00000410
FFFFFDDF
00000498
FFFFFE19
FFFFFDE8
FFFFFF52
00000017
00000416
000003CD
FFFFF947
FFFFFEEA
FFFFFE65
00000306
000007D3
000000FA
0000050F
000003E4
000001A8
FFFFF8A7
000005DA
FFFFF531
000002F7
FFFFF4C4
00000394
00000506
00000233
000006AA
0000190F
0000014E
FFFFF5AB
FFFFF465
000010EA
00001241
0000130F
0000074F
0000009A
00000748
0000022B
FFFFFA17
FFFFFD77
00000204
00000873
FFFFF79A
00000521
FFFFF358
FFFFFD7B
00000F12
000018D3
FFFFF2F8
0000090B
FFFFFCA4
00000EF2
00000EB6
0000014D
000006BA
FFFFFBFB
00000217
0000031D
00000141
000007F7
FFFFFD3C
00000094
00000272
00000951
FFFFFB74
00000467
FFFFFF15
FFFFFBCE
FFFFFED5
00000181
00000899
FFFFFE79
00000879
FFFFFB41
FFFFFB95
FFFFFE8A
000001BC
000007E0
000003B0
00000D80
FFFFFAE9
FFFFFB9B
FFFFF720
FFFFF6D3
FFFFF0CA
FFFFFB29
0000066A
FFFFF5EC
FFFFF827
000000AB
FFFFFFF3
00000CA0
00001185
000001FC
00001008
00000525
000000A4
00000FC5
000000B3
00000596
FFFFF809
FFFFFB9C
00000038
000003A1
00000466
000006D5
FFFFFDE6
00000DAC
0000081C
00000AA1
00000070
0000058D
000009CA
FFFFFDBC
FFFFFB7B
000005AA
00000832
FFFFFB20
FFFFFBE3
0000089C
FFFFF66E
FFFFFCF2
000001DD
FFFFF862
000006D5
000009B5
00000248
00000475
FFFFF833
FFFFFFAE
00000877
00000843
FFFFFDCD
000000A6
FFFFFC60
000000EA
FFFFF97C
00000C3B
000000E8
FFFFFA2E
FFFFF84B
00000C0A
FFFFF802
000004CE
FFFFFB93
FFFFFD4D
FFFFF6D4
FFFFFDF1
FFFFFBFA
FFFFF735
FFFFFDD2
FFFFFDBA
0000096C
FFFFFF79
FFFFFEBF
000002BA
FFFFF693
FFFFFE1A
FFFFFC91
FFFFFDE5
00000133
0000036E
000008E3
000006F6
00000C08
000007AC
00000599
FFFFFC9C
00000F78
00000395
00000227
000008C9
00000BF2
FFFFFDBA
FFFFF906
00000980
0000095E
FFFFF671
000006F1
00000435
00000021
000004D8
FFFFF5B0
FFFFF9CD
FFFFFD75
FFFFF7FC
0000006B
0000003C
00000196
00000676
FFFFFACB
00000530
00000CF7
000009B4
0000080B
FFFFF6E5
00000A4C
FFFFFF38
00000256
FFFFFD15
00000187
000005EB
FFFFF587
FFFFFA2A
FFFFF991
FFFFFB03
0000041C
00000B37
00000225
FFFFF721
00000644
FFFFFD7F
FFFFFBE3
FFFFFA92
00000209
0000059B
000002C8
000003FB
00000333
00000FF8
00000C54
FFFFF5CB
FFFFFE3A
000007F6
00000008
00000232
FFFFF880
FFFFF259
FFFFF7C9
FFFFFB94
0000022A
FFFFF6DB
FFFFF5A6
000004DE
FFFFF699
FFFFF51C
FFFFF6C0
00000948
FFFFFDB9
00000071
000000B6
FFFFFE66
FFFFFB8B
FFFFFD97
00000830
000008C6
FFFFF891
00000415
00000CDF
00000283
FFFFF9EF
FFFFFA6B
00000C32
0000027F
0000089C
00000184
00000770
00000CCB
FFFFFF2F
00000593
FFFFFC5B
00000068
000008F6
FFFFF88D
0000084A
000002AB
00000070
FFFFF246
000009F5
0000005D
000005CA
000007E2
00000700
FFFFFEC4
FFFFFDEA
00000898
0000058B
000006D0
00000097
FFFFFDAA
FFFFEFE8
FFFFFDF0
000001E8
FFFFFCD1
FFFFFCD1
FFFFFA4B
FFFFFCED
00000642
00000850
FFFFFF8F
00000641
FFFFF8FC
00000B15
FFFFFDC3
00000380
FFFFFA96
FFFFFCD6
FFFFFE2D
FFFFF76E
000003CD
FFFFF91C
00000060
00000070
FFFFFFD1
00000303
0000005D
FFFFFE5E
FFFFF799
00000CA8
FFFFF87F
FFFFFA10
00000978
000002FC
0000021F
0000029C
0000023A
0000029E
FFFFF462
00000040
00000A64
FFFFF526
000002FC
FFFFFF93
00000463
000006B7
0000033E
00000328
FFFFFA33
FFFFF2C9
000001C8
FFFFFEE2
FFFFFC15
FFFFF5E0
FFFFF92C
000001EB
000000EE
00000413
000007DA
FFFFFF35
000001C1
0000063A
FFFFFBCF
000000CE
000001CB
00000709
00000363
FFFFFB53
FFFFF995
00000542
000004BA
000006BF
00000E92
00000A85
00000BE6
00000F15
00000C28
0000088C
00000579
00001265
0000092A
00000B8F
00000078
FFFFFFBA
00000296
0000091C
00000ED7
FFFFFC85
000000AE
00000912
00000FA1
00000855
00000165
FFFFF6DA
0000085B
FFFFFC0E
00000D39
00000BB4
000006DF
00000572
FFFFFAF8
FFFFFBC1
000007CD
FFFFF493
FFFFF6A8
00000B21
00000CF4
000006AA
000004CF
FFFFFCBA
000004EE
00000FAF
FFFFF99F
FFFFF8B8
FFFFF8CD
0000039B
FFFFF9AA
000005D1
0000011D
FFFFFB73
FFFFFD75
FFFFFCAC
0000004A
FFFFFF5B
FFFFFCE1
FFFFF9FA
FFFFF9A0
000007E5
FFFFFC13
FFFFFD1F
00000595
00000AEF
000008B1
00000172
FFFFFD98
FFFFFFC6
FFFFFDE4
00000301
000008CF
00000091
FFFFF8AD
FFFFFB61
00000515
00000AE2
FFFFF541
FFFFF774
FFFFFE51
00000000
0000042C
FFFFFB8C
00000982
00000C02
000000DB
FFFFF7F3
FFFFF764
00000AA7
0000017C
00000721
00000129
00000661
FFFFF8E8
FFFFF9B5
0000029A
FFFFFE90
00000787
00000C60
000001A1
00000A82
FFFFFDD4
FFFFF9F6
FFFFFF8D
00000496
0000062E
FFFFFF2B
FFFFFAE0
0000032D
000002F0
00000501
0000073C
000002CC
0000004F
00000552
FFFFFA16
FFFFFC8B
0000062B
00000294
00000701
FFFFF858
000005E5
FFFFF668
FFFFFA97
00000459
FFFFFE54
FFFFFCC9
00000B82
000001AE
FFFFFBF1
00000AED
FFFFF77D
FFFFFADF
FFFFFBF2
00000590
00000AFB
00000637
00000B04
FFFFFA59
FFFFFE64
FFFFF1E8
FFFFF87F
FFFFF6E3
FFFFF159
000000C7
FFFFFD4B
FFFFF410
FFFFEE54
00000291
FFFFF89A
FFFFFC52
00000B3C
000003CA
FFFFF65F
00000558
0000080D
FFFFF4B1
00000808
FFFFFC9A
00000506
00000118
FFFFFCC2
0000022B
00000831
FFFFF6A9
00000AA5
FFFFFEC5
FFFFFF0D
000008D1
000005AD
FFFFF6DE
00000535
00000029
000000FA
FFFFF8E8
0000061D
000007E5
00000632
000000B1
FFFFFC49
0000042B
000008F9
00000583
000005AF
0000049C
FFFFFEB7
00000061
FFFFFF64
00000B81
FFFFFD6E
00000259
00000BA0
0000069E
00000554
00000618
00000290
000010BA
0000041F
00000A12
FFFFFBA2
FFFFFB9A
00000498
FFFFFF31
00000D3F
000003AA
0000036B
00000129
00000F10
00000E22
0000071B
00000742
FFFFFAB8
000004AC
FFFFF617
00000252
FFFFFD41
FFFFFA3E
0000031F
00000586
FFFFFF9F
000002F7
00000876
000005F8
000000A3
00000AD9
000003B6
000002DC
FFFFFA1B
0000027E
FFFFFEDC
00000026
FFFFFD13
00000364
FFFFFEA7
FFFFFD5D
FFFFFB77
0000040E
00000EA1
FFFFFF5D
000002E2
00000803
00000048
000002F1
000003D7
00000200
00000573
FFFFFB6D
FFFFF9F9
00000178
00000206
FFFFF930
00000504
FFFFF5CE
FFFFF525
00000359
FFFFF59A
0000029F
000004F9
FFFFFC10
FFFFFC68
000014C8
00000A1A
00000A99
FFFFF9DE
00000FDF
FFFFF365
FFFFF7C4
000003A4
000006DB
FFFFFAEC
FFFFFE8C
FFFFFD17
FFFFF4EC
FFFFF226
0000080D
00000275
00000771
FFFFFCB2
00000168
FFFFFB4E
000007B8
0000043A
FFFFFFF7
000001C8
FFFFF81D
FFFFF381
0000056E
0000091B
00000182
FFFFFDC5
000006DB
00000833
00000327
FFFFFC5C
FFFFF911
00000974
000000B7
00000146
000003BE
FFFFF61D
FFFFFFE6
00000654
FFFFF5C3
FFFFF2B8
00000B1C
0000054D
FFFFFE0D
000005AA
FFFFF85F
000008E2
00000209
00000633
FFFFFA3A
000005B2
000000C3
00000855
000003FD
FFFFFC7C
00000684
00000579
00000A82
00000590
0000033E
FFFFFA43
000003F7
00000554
00000759
FFFFFDDD
FFFFFC39
000001E1
FFFFFE3B
000002C3
00000860
FFFFF716
000007B9
FFFFFB38
FFFFF994
FFFFF1BA
FFFFF927
FFFFFEE5
0000022A
000001D9
00000845
FFFFFA45
0000012F
000000CE
000005F4
00000F47
0000004A
0000079C
0000014A
00000386
FFFFFDBB
000000D8
00000985
0000013A
FFFFFBF2
0000047B
FFFFF80D
FFFFF953
FFFFFEEA
000003ED
FFFFFED3
0000044C
000001D0
FFFFFB2C
FFFFFCA7
FFFFFAA6
00000A6F
00000A5C
FFFFFC93
0000003B
000001AC
000005DC
00000B9B
00000B1D
00000DDA
000008A4
000007E8
00000538
000008F3
00000CC9
0000001E
FFFFF87E
FFFFFE8D
00000295
0000015B
FFFFFA57
00000336
FFFFFA53
FFFFFAFA
000001FF
FFFFFBE1
00000A8B
FFFFFF30
000004D4
000000FF
0000064F
FFFFFF22
00000431
00000090
FFFFFE40
0000049E
000001D0
0000004D
000002C2
00000028
FFFFFF2B
00000098
00000103
000006B4
FFFFFC54
000002F0
00000361
000004C9
FFFFF619
FFFFF20D
FFFFFD7F
000002CE
0000033F
00000529
00000B78
00000F46
00000359
00000CF6
00000DF6
000006C1
FFFFF5AB
FFFFFDAD
FFFFFDA5
000000B3
FFFFF4DF
FFFFF8E7
0000037E
FFFFFB6F
FFFFFA6E
000003AC
0000024A
FFFFFE2D
000001EE
00000250
FFFFFD23
000004F1
FFFFFA87
000004E5
00000193
FFFFF9A7
FFFFF8F3
000001A8
00000206
FFFFFD1C
00000546
0000086D
000006D7
000000A5
00000413
00000004
FFFFF8CF
FFFFF4F5
FFFFFAE2
0000003B
FFFFF8EB
FFFFF7E7
00000287
00000B79
0000092D
0000038C
FFFFFDC5
00000C9B
00000223
00000545
00000DB9
FFFFFB14
00000801
00000493
00000B2D
00000069
0000090A
00000615
00000529
000006CA
00000C15
00000356
FFFFFF1F
000008F7
000009CB
00000C44
00000BA6
0000010C
000002D0
FFFFFCE7
000000EB
000004B7
FFFFFC2B
FFFFFC5E
00000D67
00000671
FFFFF946
00000B5E
FFFFF995
FFFFFB2B
00000990
FFFFF342
0000038A
FFFFFBD9
FFFFF6A5
FFFFF3DF
000001C7
0000090B
000009A1
FFFFF5E4
FFFFFB4E
FFFFF914
0000053E
FFFFFF5F
FFFFFFD5
0000067D
FFFFFED5
000004AD
FFFFFA0A
FFFFFAC7
FFFFFE63
FFFFFDD1
FFFFFE38
FFFFF98C
00000146
000003AE
FFFFFA0E
FFFFF729
00000476
FFFFF95E
FFFFFE8A
00000280
000003D6
FFFFF51F
FFFFFF11
0000026C
FFFFFD0A
FFFFFE3A
FFFFFA51
000004FE
0000050A
000005D7
FFFFF4CE
00000CE1
0000052D
FFFFFF31
FFFFFC79
FFFFF9FA
FFFFFDA8
00000353
FFFFFF2B
000009E9
000003B8
00000660
00000751
00000A99
00000CB3
0000054E
00000143
00000B68
FFFFFFEB
00000524
FFFFFBB8
00000A93
FFFFF8B5
00000128
00000699
FFFFFDAE
00000209
000006DC
000001AD
FFFFFCFB
000005B2
00000296
0000017C
FFFFF7A2
00000022
00000771
00000637
00000557
FFFFFB8A
FFFFFF89
FFFFFC10
00000705
00000355
FFFFF8E0
000006F6
000002F8
0000097A
00000291
00000377
000003D2
00000386
00000A6A
FFFFFF55
FFFFFD69
0000070B
00001029
00000525
00001549
00000126
000008FC
00000C75
00000227
00000A55
0000143A
00000564
00000AEF
FFFFFD1D
000003DE
0000004C
000006FE
00000888
00001122
00000537
FFFFFFF0
000009F9
00000925
000006BE
0000076F
0000054C
000001A5
00000801
FFFFFF64
00000AC4
00000333
FFFFFB71
FFFFFAEC
FFFFFBF1
FFFFFCE3
FFFFFBFD
FFFFFF66
00000935
FFFFFF75
00000847
FFFFFB31
FFFFFF0B
FFFFF5A4
FFFFFB38
FFFFF91C
00000B5D
00000B8F
FFFFFFC8
00000190
FFFFFC2F
00000344
00000A70
FFFFFBAB
FFFFF936
FFFFFADD
FFFFFD06
0000116E
00000B5F
00000819
0000044F
000002B0
000003F8
00000A0F
0000067E
FFFFFE2A
FFFFFCBB
FFFFFB90
00000C3F
0000031F
00000127
00000094
FFFFF972
000001B2
FFFFFD59
FFFFFDE1
00000387
00000455
00000952
000005AF
000000E0
00000478
FFFFFEAA
FFFFFFD2
FFFFF835
000000EE
00000EEC
FFFFFBD6
0000089F
00000AD5
FFFFFC74
FFFFF65A
0000080F
0000000F
00000645
0000085F
FFFFFFAE
FFFFFB86
000007CA
000003EA
000004BE
FFFFFFE2
000004C8
000004EE
00000111
00000076
00000026
FFFFFD86
FFFFFB4C
000005FF
000007D9
00000321
FFFFF3EA
FFFFF8AC
00000033
00000305
000003E0
FFFFFDEB
FFFFF90B
00000271
FFFFF558
000000E0
0000025E
FFFFFA40
FFFFF3ED
00000165
FFFFFCBF
FFFFF309
FFFFFFE0
000008A4
0000053C
00000C83
000007D1
000005D8
FFFFFBCA
FFFFFD5B
0000019A
FFFFFADB
FFFFFD8C
00000581
000001C2
00000563
0000008C
000008CA
0000091F
FFFFFE8D
00000960
000006CA
00000155
000003C4
FFFFF83D
FFFFF98D
00000112
00000173
FFFFF40E
FFFFF9E8
00000B67
00000B60
00000779
00000C48
00000829
000002D9
FFFFFE6B
00000898
00000893
FFFFF22B
00000228
000000F6
000004FF
000005AF
00000BE3
FFFFF99D
00000D0A
000006C6
0000028A
000003E8
00000BBA
0000014B
FFFFFCE0
000003F9
00000809
0000065D
0000035F
FFFFFEDE
FFFFFE61
FFFFFE43
000000E2
FFFFFBA5
0000062C
FFFFF710
0000024B
00000024
000000DE
FFFFFCED
00000CEC
00000B1D
FFFFF861
00000646
0000059A
000001A2
FFFFFE23
00000023
FFFFFD44
FFFFFCD3
00000136
FFFFFD8B
000007C4
FFFFF3FE
FFFFFE9D
FFFFF43F
000002A5
FFFFFFC7
000004CA
FFFFFF6B
FFFFFC3B
FFFFFEA5
00000114
FFFFFB69
FFFFFC25
00000700
0000062C
FFFFF61A
00000789
FFFFF5F3
FFFFFC17
000003C4
000003A8
FFFFF802
00000450
00000160
FFFFFBAB
FFFFFE31
FFFFFBBC
FFFFF907
FFFFF314
FFFFF4E9
0000000A
0000025D
FFFFFD42
FFFFFE8A
FFFFFF8A
FFFFF866
FFFFF772
FFFFF9B4
FFFFFF63
00000557
FFFFF76A
0000034D
FFFFFE44
FFFFFD0A
FFFFFCD8
000000AF
FFFFFE60
FFFFF389
FFFFFE87
FFFFFF73
FFFFF8C9
FFFFF729
FFFFFB29
0000008F
FFFFFBF2
FFFFF7F0
FFFFFFA6
FFFFF83E
FFFFF9EC
FFFFFF40
00000436
00000391
FFFFFC6E
00000580
00000323
00000413
000004C6
FFFFF673
0000094A
00000815
00000551
FFFFFAEF
FFFFFEF8
000000BA
FFFFFE05
FFFFFAF5
00000AAF
000005DB
0000065C
00000279
00000CE8
000008F9
000003A7
00001191
00000DE8
FFFFFA5F
FFFFFA6E
FFFFFDF8
FFFFFC43
FFFFFF30
FFFFF9C3
00000827
FFFFF9B2
00000772
FFFFFECF
FFFFF328
0000029C
00000075
FFFFFC27
FFFFF6E5
FFFFFB50
0000047C
FFFFF7D9
00000A03
FFFFFF02
000002C9
000006B5
000002ED
0000069A
00000861
FFFFFDB0
00000890
00000928
00000345
FFFFFA1D
00000621
00000375
0000063F
0000021F
000005E5
00000B48
FFFFF7BE
FFFFFB3D
000004DE
0000074B
FFFFF898
00000255
FFFFFA02
FFFFFDE2
00000476
00000976
FFFFF493
000009EF
00000569
00000737
000000D8
0000041D
FFFFF787
00000E58
FFFFFEE7
000002C1
00000B5E
FFFFF7B0
00000B84
FFFFFED3
00000729
00000C4D
000000E4
FFFFFFD0
FFFFF861
FFFFFF62
000006E5
FFFFF4AD
000003C6
00000882
FFFFF34D
FFFFF919
FFFFFCBB
0000076B
00000E07
0000071A
FFFFFA88
00001AC3
00000B9B
FFFFFCC4
00000CF8
FFFFF5B3
FFFFFF7D
FFFFFA62
FFFFF7EC
000002B4
00000258
FFFFF826
FFFFFA33
FFFFF8CE
000001A3
FFFFFCB3
000006D7
000004BC
FFFFFA26
00000421
FFFFFCFE
FFFFFA21
FFFFFB5F
00000C2A
00000E9B
0000021F
00000279
00000A44
FFFFF7A5
00000C0F
000001E5
FFFFFD9B
000006AF
FFFFFF45
00000986
00000584
FFFFF927
FFFFFCF6
00000E79
FFFFFD16
00000DE4
FFFFF923
FFFFFC12
0000068E
00000BDB
FFFFFD00
FFFFF4ED
FFFFF94E
000004AB
00000412
FFFFF996
FFFFF3CF
FFFFF867
00000019
FFFFF9FC
FFFFFF7E
000008A2
FFFFF57A
FFFFFCD2
00000630
FFFFF4AD
000002AD
00000147
000002D0
FFFFFF9F
0000031F
000004A4
FFFFF0A5
FFFFF243
FFFFF24D
00000C7E
FFFFFD37
FFFFF131
00000419
FFFFFA22
00000324
000005DA
000002C8
FFFFF731
FFFFFBD8
FFFFFEA2
FFFFFFF5
00000042
FFFFFEFB
FFFFFC85
FFFFFB20
000001D3
0000064C
00000AE3
FFFFF102
000004B4
FFFFFE34
FFFFF861
FFFFF3CC
FFFFFB69
000007B4
00000604
FFFFF629
00000345
00000589
00000334
FFFFFC0F
00000665
FFFFF04C
0000038B
000003E8
00000293
00000BA8
FFFFF37D
00000594
00000B79
FFFFFF56
00000F6B
FFFFFD07
0000014A
FFFFF1DD
FFFFF154
00000C9F
000001B6
FFFFFB9C
0000093F
FFFFF300
FFFFFB2E
000006C7
FFFFFA8D
00000799
FFFFFB1C
FFFFFE8E
0000044C
0000075E
FFFFF927
00000ACD
FFFFF002
FFFFFFA8
FFFFFC86
FFFFFBBE
00000BF4
FFFFF536
FFFFFB5A
FFFFFE2B
0000019F
000006E6
FFFFFB38
00000439
FFFFFFF6
00000503
0000045F
FFFFFA40
000007D2
00000166
FFFFFE4B
00000AB2
FFFFFE8B
FFFFFF20
00000750
00000B81
FFFFF4D0
FFFFFF87
0000036E
FFFFFD04
FFFFF3B4
00000686
00000C5F
FFFFFCCF
FFFFFDDC
000004DA
00000229
00000712
FFFFFC69
0000005B
FFFFF900
00000246
00000BA2
0000077A
00000927
FFFFFD4E
000005A7
0000081C
0000024E
00000305
00000916
FFFFFFF6
FFFFF680
0000015A
FFFFF952
FFFFF639
FFFFFC71
00000494
0000029F
FFFFF91E
00000392
000007CB
00000314
00001052
0000005F
FFFFF87B
00000A26
00000700
FFFFF81C
FFFFF65B
000000CC
00000370
00000679
000009B1
FFFFFE36
000006BB
FFFFFE85
00000741
FFFFFF48
FFFFF8E4
00000701
00000504
FFFFF973
0000023B
00000360
FFFFF4E9
FFFFF55A
FFFFFB0A
FFFFFA5E
0000078C
FFFFF507
00000A81
000005C2
000004C9
00000A8D
FFFFFDF2
000007A7
00000313
0000033D
00000601
000006C0
FFFFFD88
FFFFFF74
FFFFF87C
0000034B
FFFFF390
00000811
00000D8D
FFFFFCA7
FFFFFCEB
FFFFF7A1
0000048D
000006E3
FFFFFDD4
00000BFC
0000073C
FFFFEF87
FFFFFAC1
FFFFF64A
FFFFFE16
000002EA
00000EE7
0000029D
0000088D
00000B8A
FFFFF845
00000D39
FFFFFCEC
000004A8
0000000A
FFFFF635
FFFFF861
FFFFF996
FFFFF6F2
000006E0
FFFFFFE1
FFFFF7FD
FFFFFE95
00000154
FFFFF53B
000005CC
FFFFFD98
000006E7
FFFFFF9E
00000100
FFFFF8AE
FFFFF232
0000023E
FFFFFA27
FFFFF085
FFFFFCBE
FFFFF73E
000002DD
FFFFF78A
FFFFFBBD
000008F1
FFFFFD72
000001F6
FFFFF82A
FFFFF7C0
00000101
FFFFF95D
FFFFFB6C
00000111
000001D1
00000AA6
0000094D
0000005C
00000522
00000D02
FFFFF30D
00000907
00000224
000003EC
FFFFFB1F
FFFFFBEF
00000E23
FFFFF653
FFFFFAAF
00001324
FFFFF2F1
FFFFFD7A
FFFFFE78
00000583
FFFFF8A7
00000827
FFFFF2E2
FFFFFB64
00000682
FFFFEF9C
00000444
FFFFFF2E
0000059B
00000B6B
FFFFF7AC
00000B7C
00000587
FFFFF707
FFFFF914
000002AB
000000FD
000001E2
00000231
000001E4
000002A4
FFFFF9D5
FFFFF545
FFFFFE68
FFFFF492
0000090D
FFFFF116
FFFFFDF5
00000E92
FFFFFA96
FFFFF7F8
00001075
FFFFF3DF
00000503
FFFFFEC7
FFFFFF29
FFFFFD19
FFFFFCEF
FFFFFF49
00000920
00000150
0000017B
00000A15
00000565
0000007B
0000060F
00000850
000000B6
0000000E
FFFFFFDA
00000236
FFFFFBB7
FFFFF9EA
00000089
00000445
FFFFFED2
000004ED
FFFFF37D
FFFFF8B6
FFFFFEEB
000003B6
00000E07
FFFFFA02
FFFFF85B
00000444
000006D8
FFFFF5EE
FFFFFB86
FFFFFC90
0000006C
FFFFF5AA
FFFFF784
00000460
FFFFFA39
FFFFF861
00000213
000002C0
000001B3
00000501
00000250
00000954
FFFFF740
FFFFF52E
00000D55
FFFFFD5E
000002D8
00000401
0000024C
0000024A
FFFFFC3A
000001C2
0000061A
0000024B
00000016
FFFFF8A9
FFFFFB86
FFFFFFE3
FFFFF48D
000006E1
00000133
FFFFF693
00000B20
FFFFF846
000000C7
FFFFFC73
00000BA9
00000A05
0000039E
FFFFFC88
000003E0
FFFFFD7A
00000A3C
00000879
FFFFF61A
000002B7
00000A65
00000E00
FFFFFA75
FFFFF489
0000016A
000002B2
00000187
0000072F
0000086F
00000727
00000AB8
FFFFFFC8
000018F2
FFFFFF05
00000005
000009D8
FFFFF43D
FFFFF67B
00001095
FFFFF46A
FFFFFBA8
FFFFFDAA
0000000D
000001EA
FFFFEF86
00000DD5
0000046A
FFFFF248
00000014
00000EFC
00000554
FFFFFBD4
00000E8A
00000073
FFFFF7DF
00000EF2
00000896
FFFFFFE6
FFFFFC84
FFFFF413
000017D4
00000573
000001E7
FFFFF906
000000C7
00000874
FFFFFDDA
FFFFF6B2
FFFFFFB2
FFFFFA95
FFFFF486
000005DC
00000001
FFFFFA85
FFFFF570
00000504
000008E0
FFFFF291
000001BD
000002A4
FFFFF45E
0000071F
00000677
FFFFFE5E
00000390
FFFFFCE0
0000082D
0000023B
0000067F
FFFFF840
00000626
000003BE
0000088A
00000250
00000BD2
FFFFF1A9
00000C34
00001009
FFFFF5D3
00000DB7
0000136F
FFFFFCA6
FFFFFFB6
00000C6B
FFFFF2BD
FFFFFF32
000006FA
FFFFFFED
00000A2C
0000084A
00000563
000007CC
000008BB
FFFFFB89
FFFFFE64
FFFFF3D5
000002C0
00000682
FFFFFB53
FFFFF810
FFFFFDE7
0000071A
FFFFF6BD
FFFFF497
FFFFF988
00000309
00000560
FFFFFA85
FFFFFF7C
000001E7
000001D1
FFFFF8C3
FFFFEF87
FFFFF600
FFFFF49B
FFFFF3D1
00000884
FFFFFDDA
000001AD
0000057B
00000984
000001C6
FFFFF4E3
FFFFF783
00000B95
FFFFF84F
FFFFFD79
FFFFFCCE
00000182
000000ED
FFFFFFD9
00000629
00000625
FFFFF8BD
FFFFFED1
000006C6
00000026
00000245
FFFFFF23
00000798
FFFFFE6B
00000407
FFFFFE0C
00001046
000004D1
0000075A
000008EE
0000044B
FFFFF74A
0000093F
00001155
000000E7
FFFFF849
000006C9
00000FC4
00000E04
FFFFFA2D
000005BA
FFFFFAFF
000007E6
00000796
00000C54
FFFFFF5F
000011A0
0000021F
000002C3
0000113B
FFFFFB36
FFFFFCC1
FFFFFD8E
FFFFFF2F
FFFFFF46
FFFFF6C9
FFFFFEF0
00000305
FFFFFE41
00000325
0000020F
00000E36
000006C9
FFFFFA5F
FFFFF9B4
FFFFFAD7
FFFFFAF0
FFFFFC60
FFFFF77A
00001163
FFFFFD51
000000E8
FFFFF8D6
000007CE
00000CB6
00000B34
FFFFFA69
FFFFFF58
000001F9
000014D6
00000ABD
FFFFFDD0
FFFFFB2A
00000B0A
00000720
FFFFFB2D
00000E26
FFFFFF44
00000E36
00000379
0000090E
FFFFFF99
00000283
00000A8D
00000A80
00000CF2
FFFFFFDC
000006FC
000006CF
00000153
FFFFF0A0
000009ED
00000557
FFFFFF11
000003D7
00000D3E
00000169
FFFFFF72
FFFFF636
0000099C
FFFFFF0F
00000A9A
00001506
00000B2E
00000D6A
00000450
000004C1
000005B6
000008A4
FFFFF5FD
00000567
FFFFFF5D
000008FF
00000146
FFFFFB2E
00000034
FFFFFC61
000006B0
FFFFFBFB
FFFFFF6F
00000EA5
00000763
00000373
000017B2
000002B8
00000D64
0000071A
0000020F
0000045A
00000972
FFFFFB5D
00000126
000008D2
FFFFFB7F
FFFFFEE8
00000310
FFFFF66C
FFFFFBE8
00000228
000004CF
FFFFFAF8
FFFFFCB2
00000EB4
00001088
00000D4A
0000169D
FFFFF9CF
00001261
00000D09
00000AE3
000003CC
000002DA
000003A3
000003C4
FFFFFB9B
FFFFFE60
00001061
000001E5
FFFFFD4B
0000016C
FFFFF993
FFFFF8B0
FFFFF527
00000729
FFFFFEBD
FFFFF7B2
FFFFFDCD
FFFFF21C
FFFFFA52
FFFFFEF7
00000A9A
000004D9
FFFFFA85
FFFFF5CF
00000944
00000C08
00000307
0000007B
00000939
FFFFFF8D
000003B9
0000044E
0000102E
00000642
0000009D
00000F72
00000D34
00000F16
00000D2C
000002E0
FFFFFA80
FFFFFFB7
FFFFFB60
0000083F
00000A56
00000899
0000044A
00000361
0000092E
00000B08
00000D5F
FFFFF96F
0000080B
FFFFF9C2
FFFFFF7A
00000299
FFFFFA2E
00000369
FFFFF740
FFFFFF05
000004B4
0000009E
FFFFF516
FFFFEE74
FFFFFE75
0000028D
FFFFFCA6
000007A4
00000265
000004EF
000004FD
000009BC
FFFFF874
00000910
FFFFFB32
FFFFF9DA
FFFFFC43
000007C6
00000E24
FFFFF99F
FFFFF454
FFFFFBDE
FFFFFEFC
FFFFF762
0000074F
FFFFFFC6
FFFFFA1C
FFFFF4D2
0000004F
000008AA
00000905
0000040D
00000794
000004BF
0000034A
FFFFF896
FFFFF886
FFFFFC34
00000A6C
FFFFF8C3
FFFFF2D2
000005CB
00000A81
0000064A
FFFFF98E
000002EC
FFFFF531
FFFFFC07
FFFFFE61
00000CEC
00000B1D
000007BF
FFFFFCB8
FFFFFED6
FFFFFC5A
00000BDB
00000BA5
00000595
FFFFFE30
000007B6
00000453
FFFFFAAD
000003A7
FFFFFF7C
FFFFFBDC
FFFFFFD7
0000023B
0000000F
FFFFFA6C
FFFFF6CC
FFFFF53F
000001C9
00000AB4
FFFFFAFF
FFFFFE7E
00000D8C
FFFFFF21
00000915
00000AB7
000003EF
FFFFF71C
00000356
FFFFF9EE
000002B7
FFFFF6A7
FFFFFC71
FFFFFA0A
00000EDC
FFFFFC88
FFFFF571
000006E9
0000061E
FFFFFAD4
FFFFFBAC
00000730
FFFFFD44
00001077
FFFFF958
000000D6
FFFFF7CE
FFFFF976
00000091
00000756
FFFFFA24
000003AA
FFFFFA62
FFFFFF4F
FFFFFA72
00000FA6
FFFFFEBF
FFFFFB02
0000106D
00000212
FFFFF8D9
FFFFEF5D
FFFFFD39
FFFFE915
FFFFF93A
FFFFFFB0
FFFFE8D8
FFFFFF6C
000003EF
00000BC0
00000DCB
000001A8
FFFFFE37
000002C3
00000C2F
000000F3
00000209
00000EB1
FFFFFF06
000001D6
000007C3
FFFFF627
0000034B
0000041B
00000466
0000079D
000007FE
FFFFFB04
FFFFF916
000000B9
FFFFFA2A
0000006F
0000015E
FFFFFD2C
FFFFFCA7
000003C9
00000497
00000D59
FFFFFCB4
FFFFF3DD
0000074C
00000ECF
000002B4
00000664
00000BBA
FFFFFE29
0000014E
00000083
FFFFFF60
000009B0
00000BBC
00000483
00000D90
00000869
FFFFFAB4
0000004F
FFFFF907
FFFFF537
FFFFFC7A
FFFFFD2D
FFFFF4FD
FFFFFD6E
000009EA
000002EE
FFFFF7C2
FFFFF83F
FFFFF727
FFFFF58F
000006CD
00000C62
FFFFFFCD
0000014C
000000F2
0000099F
FFFFFB12
00000121
FFFFF667
000005A9
00000BB2
FFFFFB36
FFFFFA8A
000008C3
00000B4D
FFFFFFF3
FFFFFDE7
000000BD
FFFFF74B
00000854
FFFFFFFF
000007C7
FFFFF926
FFFFF63C
00001009
000007F0
FFFFFD87
0000031A
0000125E
000001EE
FFFFF289
00000650
00000008
FFFFFE5F
FFFFFAF9
000003E9
FFFFFAA7
FFFFF277
000009D7
FFFFFCB9
00000544
FFFFF86E
FFFFF77A
FFFFEE16
00000277
0000096B
FFFFFD2F
FFFFF243
FFFFF41B
FFFFFCFE
FFFFFF90
FFFFFEC1
00000861
FFFFFF05
00000B59
000000A5
FFFFFDE5
0000068A
FFFFF97E
FFFFF204
0000097B
FFFFF25D
00000025
FFFFFD73
00000B81
FFFFFD66
000004CE
FFFFF867
FFFFF754
FFFFFCE4
000008D3
FFFFF64F
00000793
FFFFFBA6
0000081A
00001077
000009F1
00000DEB
00000194
00001082
0000074E
00000274
FFFFFF34
00001466
000004B9
FFFFFA78
FFFFFF76
FFFFFF72
00000AB1
FFFFFD0B
000006C8
FFFFFC9D
00000557
FFFFF941
00000A38
FFFFFF30
000002B2
FFFFE8D9
0000057F
000004D9
FFFFFE20
FFFFF34F
FFFFFE73
FFFFFD6F
FFFFF5F8
FFFFFE2A
FFFFFB9B
FFFFF6E4
FFFFFBC7
00000FCA
FFFFF44F
0000086B
FFFFFA81
FFFFF836
000004C5
FFFFFF57
000007FD
00000512
00000FD1
00000EF2
FFFFFB5C
FFFFF757
000001AA
FFFFF73C
FFFFFFE7
FFFFF1D7
0000089E
00000068
FFFFFD2E
FFFFF86E
FFFFFED2
0000068A
FFFFFFC6
0000061F
FFFFFF4F
0000078E
FFFFF9CF
FFFFF5B6
00000519
000009AD
000008DA
0000059B
00000408
00000C27
00000A78
FFFFFFDC
00000F58
FFFFFFF1
FFFFF6CC
000001BE
00000438
000001D1
000007FD
FFFFFB38
00000983
FFFFF771
00000F4F
FFFFFF68
00001036
00000F89
00000E79
FFFFFE36
FFFFFCF9
FFFFFCFE
0000055A
0000005E
00000C62
00000E33
FFFFFEA7
FFFFFCFA
FFFFFC54
00001011
00000719
00000D2E
FFFFF741
FFFFFD11
000001FC
00000015
FFFFF6C0
FFFFFADA
00000897
FFFFF526
FFFFFD61
000006AB
00000710
000009DC
FFFFF0CA
000004B7
FFFFF8F3
FFFFEB79
00000AF4
FFFFF9D1
FFFFFA7D
FFFFF8B0
FFFFF3C1
00000287
FFFFF671
FFFFF852
FFFFFBA8
FFFFFA2B
00000120
00000567
000006B7
000009AF
FFFFFBC8
FFFFF36B
00000F7A
00001958
000003E1
000010F4
00000288
000000B3
0000072E
000005F8
00000892
000004C2
00000868
FFFFF75D
00000E42
FFFFFACB
FFFFF92D
00000B75
000000D7
FFFFF2BC
00000BE5
FFFFFADC
FFFFF270
0000043F
FFFFFC37
FFFFF362
FFFFFC49
FFFFF359
FFFFFA48
FFFFF3D9
0000000F
0000074A
FFFFF86D
FFFFF002
FFFFEDF0
FFFFFB2E
FFFFFFCC
FFFFFBE9
FFFFF787
FFFFF46C
00000631
000005C0
FFFFFCF0
FFFFF883
FFFFFFD7
000011D6
FFFFFFD2
FFFFFB02
00001180
00001462
00000A7B
0000009D
FFFFFD4C
FFFFFD1B
FFFFF7D3
00000197
FFFFEE1F
00000922
00001425
FFFFFED3
00000C55
0000132D
FFFFFCF5
FFFFF8A5
00000B2A
FFFFFA18
FFFFEB39
FFFFFE3B
FFFFFFDE
00000343
FFFFFD98
00000C19
FFFFFDDB
FFFFFF00
FFFFFF44
00000692
00000B41
FFFFF836
FFFFF445
000000CC
000008BB
FFFFFF56
FFFFFFBD
000000C7
00000158
FFFFFF45
FFFFFB61
FFFFF268
00000854
00000B2C
00000898
FFFFF4CF
FFFFEBA6
0000003D
FFFFF8B5
00000A21
FFFFEB0A
FFFFE959
FFFFF243
FFFFF5BD
FFFFF6CC
FFFFF886
FFFFFBF5
FFFFFC19
FFFFFD62
FFFFFBF9
FFFFE5DB
FFFFFAD0
00000D99
000001B6
FFFFF6B3
FFFFF478
00000D22
FFFFFBCF
FFFFFF0C
FFFFFCC9
FFFFFEB4
00000224
00000143
00000A48
FFFFF058
000009BA
FFFFFCE9
FFFFFDAC
00000633
00000043
FFFFF79F
FFFFF928
00000D05
FFFFEC87
FFFFFFF3
FFFFF1C5
FFFFED3B
FFFFFF0E
00000892
00000FE7
00000721
FFFFF6BD
00000B71
00000028
FFFFF30C
FFFFF9D8
0000154E
00000D15
00001193
000001E0
00001235
00000665
00000A54
FFFFFE9A
0000000C
FFFFF1DE
FFFFF858
FFFFF66F
000005E6
FFFFF475
00000B2E
FFFFFB8A
FFFFFA61
FFFFE95D
FFFFEA41
FFFFFDF8
FFFFF9DE
FFFFF59F
FFFFF892
000005A7
00000214
FFFFFC03
FFFFF8C7
00000B08
00000EF0
FFFFFEA5
000000FA
000000BD
000003C9
FFFFEE9D
0000000E
FFFFFAE7
000004A3
000010BA
00000038
00000F77
00000B5A
FFFFEFC6
FFFFFF23
0000081C
000002C2
00000A26
00000529
00000178
000014F7
00000C63
00000940
00000CA4
00001A0F
000008D2
000001EB
FFFFFF0A
FFFFF91E
0000068F
00000894
FFFFF1AA
FFFFF05C
FFFFF2F8
00000082
0000017B
FFFFF9E2
000003A4
FFFFFDF0
00000139
FFFFF81D
FFFFF101
FFFFF7BB
FFFFEB3E
FFFFF5E5
FFFFF6D1
FFFFEC5D
FFFFE3F6
000001DB
FFFFED87
FFFFF792
00000A22
FFFFFC3F
00000701
FFFFFDD6
FFFFF282
FFFFF90E
00000558
FFFFF2DE
FFFFF634
FFFFFB08
FFFFFFF0
0000140A
FFFFF9B4
FFFFEC11
FFFFFE87
00000A78
FFFFFADD
FFFFF8FC
FFFFF7BF
FFFFF0D7
FFFFF968
00000455
FFFFF552
0000050C
FFFFFA7C
FFFFFADC
FFFFFECB
FFFFFB04
FFFFF811
00000CD4
00000346
FFFFFD10
FFFFF831
FFFFF513
FFFFF34E
00000868
FFFFFD17
FFFFF419
FFFFF9F0
FFFFF3D0
FFFFF81E
000009F9
FFFFFAE0
0000082C
00000941
FFFFFF51
000000D7
0000037B
FFFFF031
FFFFF450
00000320
FFFFFC6A
FFFFF2E3
0000022C
FFFFFBE1
00000CA2
000006A9
0000036B
FFFFFFFA
000005FF
FFFFFB52
FFFFF756
FFFFEEE9
000005B4
00000524
00000501
0000174A
00000A38
00000619
00000BB6
000005CB
FFFFF3AD
00000284
FFFFF9A4
FFFFF277
FFFFF7C7
0000050C
000000B6
FFFFF16B
FFFFFA60
000003F1
FFFFF706
00000325
000000D1
FFFFFF12
0000063A
000002B9
FFFFFE4F
00000769
000006E0
00000DBE
FFFFFF95
0000087D
FFFFFCFC
00000A04
000008C0
00000C3C
FFFFEFA0
FFFFF53F
00000017
0000099D
00000AE5
0000057B
000001D8
FFFFFD8A
00000C9F
FFFFE6B4
FFFFF7B4
FFFFF1F1
00001265
000012F6
00000AD0
00001419
00000ED0
00001261
00000913
000005BD
FFFFFAF7
00000A00
FFFFF432
000002B3
FFFFF458
000004DE
FFFFFC08
00000018
000005A0
000008B7
FFFFF5A4
FFFFF427
000003E1
FFFFF3BD
FFFFEC97
000009E2
000005A4
FFFFFFF3
0000061D
00000216
FFFFFD77
FFFFF76A
00000515
00000F30
00000AC2
FFFFF292
FFFFFA2A
FFFFF7D3
00000310
000003D4
FFFFFFA0
FFFFF54E
000003D8
0000055A
FFFFFA55
000001D5
FFFFFE69
FFFFFB99
0000166A
00000273
000006D4
000012BA
000007F5
00000A93
0000052B
FFFFFBB9
00000313
FFFFF7A4
000006DB
FFFFF523
FFFFF55A
FFFFF92A
000001DF
FFFFF833
00000547
FFFFF1C7
FFFFFDD5
000011A5
FFFFFA1A
0000095B
FFFFFE51
00000E6E
00000523
FFFFFFB0
FFFFFE63
00000100
0000092A
00000215
00000C65
FFFFF4C1
00000102
FFFFF565
FFFFF9F7
00000980
000008FF
00000D40
00000C02
00000377
FFFFF841
00000141
FFFFF7D3
FFFFFE74
FFFFFC5F
FFFFFC99
FFFFFAB7
00000E48
FFFFFDEF
000005C7
00000AB1
00000069
FFFFFD90
00000B9C
000013C6
000008A8
000006EE
00000442
00000240
00000BCB
00000CAC
000010D7
FFFFF31D
FFFFFC49
00000265
FFFFF007
FFFFFBE7
FFFFF9FB
00000476
000006E2
00000339
00000D09
00000228
00000B49
00001232
000014C3
00000877
FFFFF4FC
00001025
FFFFFE25
000006DE
000001DD
00000DED
000005E6
0000001E
FFFFF869
FFFFFA21
FFFFF5F1
FFFFFE7A
00000809
000009F7
FFFFF1A9
00000117
FFFFFE8D
0000044E
0000015C
000002F7
00000DD5
FFFFFD38
00001429
00000103
FFFFF056
0000067F
00000371
FFFFFC07
000002CB
FFFFFC7C
00000405
00000946
000002FA
FFFFFAB2
00000239
FFFFF937
FFFFFD08
FFFFF261
FFFFF8B6
FFFFF14D
FFFFFCA3
FFFFF7BB
FFFFFCAD
000004EF
000001B8
FFFFF4E6
0000042E
FFFFFC65
000004B1
0000165A
0000082A
000003DF
000012FA
00001644
00001023
FFFFFE89
00000730
FFFFF40C
00000130
FFFFF96A
000007F8
FFFFFEE2
00000604
0000029B
0000097B
FFFFF3F4
FFFFEBA0
00000227
000010CB
000002D2
FFFFF78E
00000340
FFFFED0B
FFFFF1FE
00000123
FFFFFB86
000004C1
000009E8
00000BA8
00000562
FFFFF7C3
FFFFF440
FFFFFC0D
00000940
00000563
0000067F
00000333
FFFFFCDE
000005DE
00000415
00000AC5
0000071F
00000B24
0000092F
FFFFFD99
00000868
00000C79
0000041E
00000569
00000581
FFFFFF74
FFFFFD25
000005DF
FFFFFCBF
FFFFF82D
FFFFF8C8
00000735
FFFFF8F2
FFFFF9ED
FFFFFCB6
00000C37
0000062E
00000549
0000052C
FFFFFFE1
000007F5
00000BF5
00000B21
00000B01
00000A57
FFFFF5C3
00000592
0000034C
00000043
FFFFF385
0000085E
000003BE
0000003E
FFFFFFA7
FFFFFDC0
000001E8
00000291
000004EE
00000424
000002AC
000003C5
FFFFFF26
000004C3
00000065
000002FF
FFFFFA42
FFFFFA83
FFFFF7E9
000000D1
0000061E
0000026C
000004CA
000000A5
FFFFF591
00000235
000000BD
000002EC
FFFFF7BB
00000642
000004C6
FFFFFB3B
00000720
FFFFFD69
FFFFFFCD
00000533
00000B95
00000292
00000D15
0000018A
000000E5
000001BC
FFFFF43D
00000376
FFFFFFF9
00000BF3
FFFFFE92
00000755
FFFFF489
FFFFFC6C
FFFFFEFF
000000CC
FFFFFF19
0000022C
FFFFFE93
FFFFFC6B
000001DD
FFFFFC5C
FFFFF6F2
00000181
00000590
000001EA
FFFFF82D
000000DA
000008EB
FFFFFF13
0000014C
00000044
FFFFF4AD
FFFFF8FC
00000135
000002E5
FFFFFFE7
FFFFF575
FFFFFBEA
000002F0
FFFFFCED
FFFFFC2B
000000E3
0000077B
FFFFFC85
FFFFFFDE
FFFFFC82
FFFFFD09
00000531
000007A9
FFFFFD9A
FFFFF464
FFFFFC19
00000AEE
0000024A
FFFFFE6C
FFFFFDAA
00000441
000005BF
FFFFFE44
FFFFF8AA
FFFFFFFB
00000ADD
000005A0
00000648
0000007E
FFFFFEBF
FFFFFBF1
0000069F
FFFFFC9A
000003AD
FFFFFF01
000008F4
0000012E
000001BE
FFFFFDE4
FFFFFC1E
000000E3
FFFFFD16
FFFFFF01
00000178
00000361
FFFFFF13
FFFFF9F4
000006F6
FFFFF7DB
000009A2
00000D75
000001D8
000008F3
000005B5
FFFFFF6F
0000012E
FFFFFD1A
00000250
0000000A
00000952
00000868
00000C20
FFFFFFD6
FFFFFC00
0000081C
00000620
00000925
FFFFFD50
FFFFFB44
FFFFFDAB
FFFFFC55
FFFFF895
FFFFFF24
FFFFFE19
FFFFF147
000005CD
FFFFFC90
FFFFF8FB
FFFFF464
FFFFFB87
FFFFFCDE
000004FE
00000020
0000036B
FFFFFB8F
00000516
FFFFF99D
0000023A
FFFFFF9E
000004DB
00000788
00000652
00000A24
00000463
00000113
00000109
00000D54
FFFFFDCA
000005BF
0000097A
FFFFFADD
00000225
00000778
0000016A
000006B2
FFFFF52E
FFFFF73B
0000066A
00000528
00000536
FFFFFB35
FFFFFFE0
FFFFF9E5
00000220
FFFFFB28
00000399
FFFFF540
00000D04
FFFFFAA5
0000019B
FFFFF933
FFFFF9E5
FFFFFACF
00000103
00000290
FFFFF876
000007F3
FFFFFC46
FFFFFDE2
FFFFF737
00000665
00000467
FFFFFC98
00000AF8
00000C6C
0000004E
FFFFFF6C
00000253
00000AE5
FFFFFBC4
000000EC
000003FA
00000477
00000308
00000A37
00000455
00000281
00000B69
00000498
00000C4F
000008C1
00000560
0000021D
00000930
000009D3
000004F5
00000C73
FFFFFF06
00000615
0000026C
FFFFFB04
000000A6
000008F9
FFFFFFD4
FFFFFFAA
FFFFF738
0000047E
0000050A
FFFFFBFE
000004C6
FFFFFA94
00000296
00000327
000006C5
000005BB
FFFFFA5C
FFFFFEE2
00000802
00000463
FFFFFAAF
FFFFFDB5
FFFFFFAB
FFFFFE97
000001CE
0000034F
0000030D
000005A3
0000009F
0000001B
00000053
0000064F
00000858
00000447
00000C3E
00000AE5
000003FE
00000070
00000177
00000CE2
FFFFFA9D
00000664
FFFFFCDD
FFFFFCDD
FFFFFFC7
FFFFFAB8
000006D1
00000027
000006DF
FFFFFDDB
FFFFFEE1
FFFFF641
0000058B
FFFFFFBF
00000ABD
FFFFFEC4
00000873
000003FB
FFFFF8EC
FFFFFE57
000007B6
FFFFFF6E
FFFFFDFD
0000051C
00000AED
00000CDE
0000049E
00000EF2
00000D30
00000390
FFFFFE25
00000752
FFFFF66F
FFFFFE82
FFFFFE06
FFFFFF27
000003A8
0000075C
FFFFFE31
00000175
000006B6
FFFFFBB0
0000041B
00000652
000002E9
FFFFFBED
FFFFFDE9
FFFFFB6D
FFFFF7BA
000002D2
FFFFFA83
FFFFF46A
0000012D
00000485
FFFFFC5D
000007E5
000007DC
000002EC
FFFFFFF8
FFFFFDFB
000002EA
FFFFFF71
000004B9
FFFFF5C0
FFFFF73E
000003B2
0000032B
000006BE
FFFFFFAF
000009DB
00000240
00000501
00000566
0000056B
00000553
00000529
000001F8
FFFFFFF7
0000020B
00000A79
000008C9
00000FB9
000006C1
00000388
00000331
00000232
0000013C
FFFFFFE0
FFFFF759
FFFFF4E5
FFFFF9AF
0000014A
FFFFF7FD
00000A54
00000A0E
FFFFFA56
000005D1
FFFFFCE6
000000C6
00000231
000004D0
0000068A
FFFFF973
00000502
FFFFFF4F
0000061D
FFFFFAF2
00000581
FFFFF3E2
00000590
FFFFFB5A
00000E0B
00000B88
000007A2
00000A61
0000004E
000008C5
0000033D
FFFFFF89
000005B9
00000259
FFFFFDB8
FFFFFF05
FFFFF9B1
000001FB
000001A2
FFFFFC50
000002CA
000003A7
000004BA
FFFFF94B
FFFFFED9
00000716
00000766
FFFFFD0A
FFFFFD75
000001EA
00000612
0000001A
FFFFFBF5
000002AA
00000581
00000032
FFFFFAFE
00000503
FFFFFB64
FFFFFD3D
FFFFFE34
00000589
FFFFFD3A
FFFFFFB4
00000990
FFFFF8EC
FFFFFFDA
FFFFFBA5
000001A9
FFFFF4CA
00000068
00000182
00000781
FFFFFAB5
FFFFFFC4
000001E3
00000107
00000547
000002D6
FFFFFDC7
000008BE
FFFFFAF4
00000711
FFFFFE95
FFFFFDD0
00000680
FFFFFCED
FFFFF8D2
0000014D
FFFFFCF8
FFFFF3EF
FFFFFD81
00000321
00000243
FFFFF641
00000249
000003C8
00000173
00000106
000002A1
00000582
FFFFF74B
00000176
000001ED
FFFFFD5D
FFFFFE11
FFFFFFCC
FFFFF88D
0000085E
FFFFF4C3
000006A3
0000033F
000008B2
000003FE
00000245
0000062B
00000269
0000069A
00000828
000004B2
FFFFFF29
FFFFF973
0000011D
000001DB
000004F3
FFFFFBFB
FFFFFDDE
FFFFFE35
00000290
FFFFFADB
00000486
00000371
FFFFFFA3
0000079E
00000D6A
FFFFFA1A
000005CE
00000FFF
00000201
0000023A
00000834
FFFFFF24
FFFFF996
00000941
0000045D
000003CC
FFFFFEC2
000004A4
FFFFF7A0
FFFFFD3A
00000257
FFFFF957
00000218
00000C97
000000B7
FFFFF9E7
FFFFFB53
FFFFFD12
000002E7
0000052F
000005B0
FFFFFC26
FFFFFCAF
00000255
FFFFFB90
00000676
FFFFFEB0
FFFFFC4F
000005BA
FFFFF80E
00000889
FFFFFCFA
00000037
FFFFF965
FFFFFA1F
000000E8
00000404
000001D8
000006E9
00000827
000002EF
000007F6
0000090A
000005C2
00000203
FFFFFEDA
FFFFF8B2
FFFFFCF4
000003C8
00000B8A
00000003
0000069B
FFFFF61F
FFFFFC82
FFFFF7B8
000007E2
000004FA
0000091D
FFFFFC55
FFFFFC62
FFFFFFC3
FFFFFDE4
0000034B
0000005C
0000021C
FFFFFB73
00000265
0000061E
000005F2
FFFFFA05
0000016D
000004D7
FFFFFCD4
000000BB
FFFFF531
000006B4
00000482
000008F4
00000347
FFFFFE81
00000601
0000047B
0000038E
0000033D
000005CD
00000C20
FFFFFECA
00000831
000006B1
FFFFFF55
00000052
FFFFFE20
FFFFFB40
FFFFFE0D
FFFFF20D
FFFFF899
FFFFFE5D
000000FA
00000296
0000019B
0000026C
FFFFFDF0
0000001F
00000151
FFFFFE03
000002B3
FFFFFAFB
00000644
FFFFFE55
FFFFFEAF
FFFFF94E
FFFFFC31
0000035B
000003F8
000004B0
000002D5
FFFFF7CC
00000314
FFFFF65C
0000033A
00000B6F
00000068
0000044D
00000825
00000440
00000445
0000034A
00000260
000001B3
FFFFF91B
000008EB
00000AFA
00000E37
000002D2
000006BB
000002A1
0000095B
00000560
00000475
FFFFF0F5
FFFFF584
FFFFFCC1
00000053
000003BD
000004C5
00000184
FFFFF5AC
FFFFF3FE
00000517
000005C3
000005C1
000002DD
FFFFFD48
FFFFFC9D
FFFFFF2E
FFFFF9EC
0000032D
00000074
FFFFFF2B
FFFFFBA1
FFFFF7F3
00000109
000002F8
000006F2
FFFFFDDB
0000025E
00000707
FFFFFFFC
00000311
FFFFFD4C
000003B3
000009B5
FFFFFA25
FFFFF84E
FFFFFB67
00000DE7
00000333
FFFFFFB9
FFFFFBBD
000002C0
00000256
FFFFFFBD
FFFFF9AB
000004FC
FFFFFF31
000001BB
00000648
000000E9
FFFFFE72
FFFFFFE4
FFFFF476
FFFFF7AE
FFFFFF07
FFFFFF5F
FFFFFB26
00000005
00000097
FFFFFC1D
000001AA
FFFFFDE8
FFFFFF47
0000086C
FFFFFBC0
FFFFF3B2
0000009F
000003E4
FFFFF68D
000000CA
000004C0
0000054B
FFFFFEAD
0000064E
FFFFFED6
FFFFFF9E
FFFFF94F
FFFFF685
FFFFFA07
FFFFF859
FFFFFDB9
0000005F
FFFFFA2C
FFFFFFA4
FFFFF269
FFFFF9BA
FFFFFCF9
FFFFFE0D
FFFFF6D3
00000303
FFFFF4AE
FFFFFCD2
00000511
FFFFFE0F
FFFFFB48
FFFFFF82
FFFFF9BB
000004A8
FFFFF527
FFFFFA80
000006D7
0000023D
FFFFFBC9
FFFFFBB1
000004C9
FFFFFBED
FFFFFBC6
0000039A
FFFFFE62
00000688
00000643
00000555
0000017B
000008EC
FFFFFA68
0000038C
00000701
00000000
FFFFFFF7
FFFFF47B
00000796
FFFFFC8A
0000081C
000003B2
FFFFFC93
FFFFF8F8
FFFFFE02
000002BF
00000638
00000B42
FFFFFC8B
00000941
FFFFFB4F
FFFFFB9B
FFFFFEB7
00000660
0000041B
0000025D
000004EB
00000098
FFFFFDAA
000004B3
FFFFFEA8
FFFFFD2D
FFFFF979
FFFFFAFA
FFFFFE91
00000709
FFFFF6B3
FFFFFE8F
0000003E
FFFFF5DA
FFFFFB6C
0000020A
FFFFFD58
FFFFFE2A
00000030
00000B22
000008C7
FFFFFDC2
FFFFFD9E
00000542
000008CC
FFFFFABF
FFFFFC9C
0000009C
000003C9
00000061
FFFFF56A
00000997
0000078D
00000CE1
FFFFFA8E
FFFFF297
00000045
0000006D
00000045
FFFFFEF4
FFFFF9DE
000002FD
00000097
FFFFFF0E
FFFFFAE5
FFFFFA7B
00000497
00000758
FFFFF968
FFFFF718
FFFFF36A
FFFFF925
FFFFFF81
FFFFF7AE
00000534
FFFFF920
FFFFF97E
FFFFFF51
FFFFFA3D
FFFFF925
00000548
00000A40
FFFFFBE3
000009EF
FFFFFDCE
FFFFFDD5
FFFFFACB
FFFFFFB9
000001E9
0000080A
0000015B
FFFFFE7B
00000091
FFFFFE88
FFFFFF59
FFFFFCD3
00000865
000002F2
FFFFFDD3
FFFFF861
00000427
00000A5F
00000386
00000229
FFFFFADD
000009CB
FFFFFABE
FFFFFE90
00000004
FFFFF18B
FFFFFFB0
000005A2
FFFFFA21
00000699
0000094F
00000273
FFFFFB9A
000009AF
000008A0
00000A2B
FFFFFB70
00000399
FFFFFE81
FFFFFDF1
00000003
0000052B
000009C1
FFFFF8A9
FFFFFDAA
00000AC4
FFFFFDEF
0000076C
0000056E
00000A08
0000071D
FFFFFD5A
FFFFFCEB
00000702
00000366
00000492
00000C54
0000000E
FFFFFC5E
FFFFFFAF
00000003
00000605
0000023D
FFFFF728
FFFFFA5A
000002BA
000004C9
FFFFFD0C
FFFFFA43
FFFFF896
FFFFFD36
0000076D
FFFFFF9C
FFFFF985
000001C3
00000869
00000272
FFFFFE27
000007EB
000009D2
00000699
FFFFFFCE
00000463
00000489
FFFFFD01
FFFFF4E6
FFFFFCD3
FFFFFC4A
0000060A
FFFFFCBD
FFFFFDF7
FFFFF5A2
FFFFFC95
00000565
00000080
FFFFFB36
FFFFFF69
FFFFFACB
00000209
FFFFFEC4
FFFFF9EC
FFFFFB9C
FFFFFE78
FFFFFBDE
FFFFF59E
FFFFFD02
000005DC
FFFFFED8
FFFFFE36
00000246
FFFFF5C2
FFFFFE71
FFFFF3D9
00000CF4
0000069E
000009CA
FFFFFC13
000000FE
00000276
000002CC
000000BD
00000543
0000063A
FFFFF5A2
FFFFF36E
00000104
FFFFFA50
FFFFFDEB
FFFFFEAF
FFFFF5AC
FFFFF831
FFFFFEA9
00000249
000008D2
00000113
FFFFFEB6
FFFFFB14
FFFFF91B
0000048B
FFFFF885
FFFFFC35
FFFFFA27
FFFFF6EA
FFFFFF9D
0000049D
FFFFFA10
0000079E
000009FC
FFFFFF52
FFFFFC73
00000598
00000464
FFFFFF7E
000009CF
FFFFFE95
FFFFFC45
000004F3
0000016F
FFFFFD6F
00000171
FFFFFCE2
000006FC
FFFFFC36
FFFFFB7C
FFFFFD23
FFFFFECE
00000298
0000015A
00000B41
000000ED
FFFFFF91
FFFFFC2C
FFFFFCEE
FFFFFC3A
00000368
000000A9
000002AD
000001E5
000003E0
000008FD
00000935
000006FE
000009D9
FFFFF4C8
000009D4
000005C8
FFFFFB55
000001FE
FFFFFEBC
FFFFFEF9
FFFFFE62
00000504
00000728
FFFFFF02
000003DD
000004E0
0000022D
0000086E
0000068F
00000A18
00000ECE
FFFFFF05
FFFFFCD0
0000012F
FFFFF8BB
000002AF
00000957
000001CD
00000420
0000046C
000002BD
0000041F
000001A4
FFFFFF5F
000000CE
FFFFFDE7
FFFFFD59
FFFFFCBD
00000477
0000013C
FFFFFA62
000000D0
000006BC
00000956
FFFFFF04
000006D5
0000028E
00000125
FFFFF24E
FFFFF5BF
FFFFFC37
000006A4
000004B8
00000449
00000062
000000B3
FFFFFCDF
FFFFFD11
FFFFF92B
FFFFF954
FFFFF867
FFFFFD0B
FFFFFDF8
FFFFFD00
00000248
FFFFF48B
FFFFFB0D
FFFFF736
FFFFFE8F
00000438
0000026F
0000097F
0000068B
FFFFFC44
00000307
FFFFFC51
00000073
FFFFFA91
0000045D
FFFFFCE4
FFFFF720
00000510
FFFFF66D
FFFFFB3D
00000411
00000B3D
000002B3
0000024B
00000AAC
00000FB1
FFFFFE24
000002D0
0000050E
FFFFFD59
FFFFFF4A
FFFFFEB6
0000042A
FFFFFF6E
00000DA9
0000042D
000000FC
0000062E
FFFFFC06
FFFFF5C4
00000A63
00000D3B
FFFFFED3
FFFFFD56
0000081B
FFFFF579
00000C01
000003A7
000006E2
FFFFF0C4
FFFFFC0F
00000B00
000006B9
FFFFFD31
FFFFF9C8
000005DD
00000016
0000043A
000011A2
000008B6
00000793
000012B1
00000226
00000A61
00000EA7
00000748
FFFFFDF5
FFFFF4ED
000006FD
00000968
00000CEC
0000017A
000003EE
00000B02
00000213
FFFFFCAA
0000059F
0000093D
00000236
FFFFFDD2
0000008F
0000093D
FFFFFDE6
00000157
00000591
FFFFFC04
FFFFF62F
00000208
000004AD
0000033A
FFFFF7C7
0000039D
000003B1
FFFFFFB3
00000D2B
0000020D
00000349
FFFFFF3C
00000557
00000089
00000274
FFFFFC8C
FFFFFD6F
00000C41
FFFFF73D
FFFFFB1E
00000066
FFFFFB09
0000085C
FFFFFBDB
00000BBF
FFFFF753
FFFFFF2B
FFFFFE1A
00000661
FFFFF9E1
00000F47
00000D93
FFFFFD46
0000009F
FFFFEF70
FFFFFB56
FFFFFA2D
FFFFF8D0
00000619
FFFFF8CE
0000029B
000001DE
FFFFFFAA
FFFFFFBC
FFFFF9C7
0000036E
FFFFF9D4
FFFFFB0A
00000B6F
FFFFFE5F
00000788
FFFFFD64
000001C7
00000656
00000615
0000001A
000007BF
000001E9
FFFFFAB8
00000120
0000027F
00000EFF
00000096
FFFFF83E
000001D0
FFFFF3FB
FFFFF88F
FFFFFDE0
FFFFFE35
FFFFFF56
0000032D
000005F9
FFFFFBAF
FFFFF917
00000881
FFFFFDB1
FFFFFE5B
FFFFFA76
FFFFFB51
0000030D
00000000
FFFFFD40
000003A9
FFFFFED3
FFFFFAD6
FFFFFC34
FFFFFEFD
0000066F
00000000
00000913
00000519
FFFFFEF3
FFFFF9E7
FFFFFB2A
00000243
000002B7
FFFFFB80
0000034F
FFFFF3F9
FFFFF8DB
FFFFF8D0
00000281
FFFFF5B8
0000031D
FFFFF6C7
00000BA6
0000048B
FFFFFEF1
FFFFF36A
0000050D
FFFFF174
FFFFFB20
0000017B
0000062A
0000098B
00000DF9
000000CA
00000678
FFFFF2B5
FFFFFEEB
FFFFF824
FFFFFA4A
00000986
FFFFFFEF
000004BC
00000243
00000507
FFFFFC04
00000191
00000075
00000026
00000146
FFFFFAAC
FFFFF65D
FFFFF4CD
00000336
0000021D
FFFFFA57
FFFFFB27
FFFFFD0F
0000050D
000001C1
000001EC
FFFFFFAA
00000738
000007F3
00000812
0000058E
00000A3E
FFFFFF90
FFFFF717
FFFFF0C5
FFFFF4AD
FFFFF8FA
FFFFF44A
00000D56
FFFFF741
FFFFF571
FFFFF952
00000C9E
FFFFF853
000004E2
00000061
FFFFF4F0
000000F8
FFFFF9AD
FFFFF3C9
FFFFF6F4
FFFFFF9E
00000325
FFFFF6A1
FFFFFB3D
FFFFF215
FFFFFE74
000006FE
00000F7B
FFFFFBE0
FFFFF951
FFFFFB9B
00000E17
FFFFF81E
FFFFFB78
00000633
FFFFFD02
00000A0B
00000195
00000DC9
00000AF5
00000B6F
FFFFFFD0
0000046A
00000C25
FFFFFD0A
0000079F
FFFFFD8B
00000108
FFFFF76F
00000D85
00000706
0000030D
0000147B
00000225
FFFFFC07
00000952
FFFFF8AA
FFFFFA44
00000AB9
00000912
00000430
0000116A
FFFFFB43
FFFFFAAA
000005BA
FFFFFF15
FFFFF964
FFFFFFC5
000001E8
00000390
FFFFFD26
0000098A
FFFFFD1C
FFFFFB45
FFFFF65E
FFFFF653
000002E2
00000374
FFFFFD03
000005C1
000000B5
FFFFEFB6
FFFFF812
0000079E
FFFFF95B
FFFFF7DD
00000B31
00000955
FFFFFF70
00000101
FFFFF808
000000A7
FFFFFDD6
0000000A
000009E4
00000473
FFFFFD3D
00000145
FFFFFA7D
000001E1
0000006D
00000D14
00000C80
00000144
00000036
00000544
0000128E
FFFFFE85
FFFFF9EE
00000490
000003D1
FFFFF397
00000377
FFFFFB68
FFFFF407
FFFFFE69
000001B6
000001F7
000007ED
000004EE
FFFFF720
FFFFFF51
FFFFFCB7
FFFFEEBD
FFFFFB95
000003B4
FFFFFAF3
FFFFFC91
FFFFFE53
FFFFF663
0000113E
00000011
00000434
000007E7
000002EB
FFFFF612
FFFFFF09
FFFFFF60
FFFFFA85
000008B7
00000798
000002A4
FFFFFEEC
000007F6
00000326
FFFFFB50
0000088E
0000005D
FFFFF739
00000143
000001CD
0000040E
FFFFF990
FFFFFCD7
FFFFFCBA
000005FD
00000879
FFFFF758
FFFFFA5C
FFFFED8D
000006CB
00000477
000004D6
FFFFF1B9
FFFFF701
000008C2
FFFFF96C
FFFFFEC5
FFFFFA16
FFFFF7A7
FFFFFCB2
FFFFF692
00000486
FFFFF3C1
FFFFF9B7
FFFFFA55
000004A3
00000439
000003F0
FFFFF807
000004A5
FFFFF29C
FFFFF7FE
FFFFF8AB
00000C8E
FFFFFB7B
FFFFF744
000007F3
00000907
FFFFFE5B
FFFFFF3E
00000209
FFFFFC48
00000809
FFFFFAB7
FFFFFEDA
00000B92
FFFFF677
000006F7
0000096E
0000082D
000010FE
00000D68
FFFFFBD4
000009BD
000009BD
FFFFF8E7
00000941
00000391
FFFFFD87
00000E02
FFFFFC9F
00000A28
FFFFFC4F
FFFFF831
000003F8
00000F9F
000002D8
00000668
0000149E
000011AA
00000867
0000001B
FFFFF960
000009C8
00000DA0
00001317
FFFFFD2D
FFFFFB22
FFFFF883
FFFFF7F0
FFFFFB81
00000A4B
000005EA
0000064A
0000065E
FFFFFBAF
0000022A
FFFFFFD7
000002BF
FFFFF955
00000467
00000A64
FFFFFE9B
FFFFF9CB
00000162
FFFFF738
FFFFF940
000003B2
00000920
00000E50
000010DA
00000BEB
00000723
0000112E
FFFFFBD8
000013BC
00000C1D
0000055B
00000891
00000405
FFFFFB08
FFFFFD94
FFFFFC1D
0000084A
000005D9
FFFFFE8A
000000D6
00000EF2
0000096D
0000077B
00000A03
FFFFF955
00000369
FFFFF1DE
FFFFF3C3
00000661
FFFFF431
000004DD
FFFFFA86
FFFFF451
00000D91
00000F5C
FFFFFECB
0000048E
000008BA
FFFFF7EC
00000796
000000F8
00000BC3
0000133C
FFFFFE57
0000136E
FFFFFB47
FFFFF76D
000007B7
00001237
0000022D
00000BEA
000004AF
00000859
0000032A
00000DCA
00000385
00001531
000015B1
000005B2
000012FA
FFFFEDDB
000005FE
0000026B
FFFFFBCD
0000032D
FFFFF613
FFFFFFC7
00000727
00000108
000003F2
FFFFFB4F
000001F2
FFFFEF12
FFFFF571
000001B9
00000861
FFFFF755
000006E7
000009B9
000004E3
00001293
FFFFFD90
FFFFF957
000011C7
0000051E
FFFFFBD9
FFFFFBB2
FFFFF215
000007E0
00000F69
FFFFF262
00000955
FFFFFCC5
FFFFFA6D
0000001C
00000165
00000D62
FFFFFC39
00000649
00000C72
0000023F
FFFFFF75
FFFFFAB8
FFFFFE62
00000CB5
000004CB
0000021F
000000A8
FFFFF5CF
FFFFFBE6
FFFFF1E0
000003E0
00000344
0000029D
000009E7
FFFFFC3E
FFFFFA94
FFFFF9CE
FFFFFFC8
00000019
FFFFF6E6
FFFFFEDF
FFFFFDEE
0000013F
00000BB4
FFFFFFAA
00000019
FFFFFB3B
00000705
FFFFFAB3
00000568
00000066
000008A3
FFFFF3DF
FFFFFBB1
00000516
FFFFF7F3
FFFFFC47
00000E23
00000DA2
000001AB
FFFFF785
00000548
FFFFFBC9
FFFFFDA6
000009EE
FFFFF60D
000007E8
0000080A
FFFFFFA1
00000077
00000000
FFFFF23C
FFFFFC85
00000051
FFFFF97F
000003E6
00000510
FFFFFBC0
000006D1
00000166
FFFFFD07
FFFFFEAF
00000292
FFFFFAEA
00000E29
00000851
00000A1F
FFFFFB9F
FFFFFDF8
FFFFF3E7
FFFFF937
0000042F
00000702
0000001C
FFFFFD09
FFFFFC15
00000B1B
00000474
0000062C
FFFFFA52
000001AA
0000079B
00000277
FFFFF278
000009BB
00000169
FFFFFBF7
000005D4
0000068B
FFFFF816
00000AE5
FFFFF499
000008CA
FFFFF579
FFFFFF71
0000044D
FFFFF9DA
00000219
FFFFF611
0000009B
FFFFFB00
FFFFF9AF
000003D9
00000550
000002DA
FFFFF2F3
FFFFF3BA
FFFFF12B
0000047A
FFFFF6CC
0000026D
FFFFF842
FFFFFAE0
FFFFF2DF
000002A5
000004A2
FFFFFEF7
FFFFF736
FFFFFD51
000004D2
000002E7
00000787
FFFFF670
FFFFF53E
FFFFFBEA
FFFFFF33
FFFFFD5B
00000F1C
FFFFFA61
00000422
FFFFFE8E
FFFFFD87
FFFFFF63
00000084
00000953
000005F1
000007A0
FFFFFE44
FFFFFEBD
FFFFF6B3
FFFFF680
00000164
0000003F
00000534
0000049A
000001EF
0000066D
FFFFFEDA
00000529
FFFFF939
FFFFF61E
0000074B
FFFFFFAE
FFFFFE95
FFFFEDFD
FFFFF6C6
FFFFF463
FFFFF9DA
FFFFF6FB
00000209
000007D6
FFFFFDC8
FFFFFA39
000002F8
000008D5
000006F7
00000D5A
FFFFF97C
00000E45
00000C8F
000001C3
00000609
FFFFFEE8
FFFFF7BF
FFFFF52B
0000044E
0000031B
FFFFF7CA
FFFFFBB6
FFFFFAF0
FFFFFD3F
FFFFF481
00000227
FFFFF792
FFFFFF9C
FFFFF6E4
FFFFF5FA
FFFFF1CC
000003FA
FFFFFA55
FFFFF59C
FFFFFB2A
FFFFF1CE
000001D6
000004BD
000006E7
FFFFFF0A
000008E7
FFFFF985
000002AC
00000BFF
000003C5
FFFFFC71
00001042
FFFFF853
FFFFF7B2
FFFFFC44
00000874
000009CB
000003A7
000002DB
00000DAD
00000017
FFFFFDA4
00000D22
FFFFFDE9
FFFFFA36
00000B0F
FFFFF733
000000A2
FFFFF789
00000993
000004ED
0000050F
000005A0
000007C0
FFFFFF95
00000A2A
FFFFFFD2
00000900
000003CD
FFFFF94E
000000FD
00000795
000008F1
FFFFFD28
000006F8
FFFFF695
0000050C
FFFFF619
00000518
0000055D
FFFFF6BC
FFFFFFC3
FFFFFF7A
00000388
FFFFFD8B
FFFFFF77
00000D95
000001D7
FFFFF6D2
000005D4
FFFFF3BF
FFFFF300
FFFFFC37
0000057F
00000478
00000013
00000520
00000E17
000007F6
FFFFF76D
000011E3
00000CF9
FFFFF6FB
FFFFF8D7
00000248
0000001A
000006FF
00000251
FFFFFACF
FFFFFB22
000000B2
000001E2
FFFFFE4E
0000073C
00000165
00000668
0000078A
FFFFFA3E
FFFFF35B
00000029
00000781
000007B4
FFFFF9EE
FFFFFE59
00000357
000004D2
00000A36
00000B83
00000629
0000084D
FFFFF7AE
FFFFF5AD
FFFFF3B0
FFFFF95C
FFFFF721
00000514
0000078E
FFFFFBF0
FFFFFE3A
FFFFFE0D
0000053E
00000412
00000ED5
000002F7
00000CD8
000005C7
00000454
000006EA
0000058C
FFFFFE40
0000037E
000001EF
FFFFFE9A
0000030E
00000917
0000013A
FFFFFFBF
FFFFFF3F
00000A0D
00000316
FFFFFCA9
00000137
000009AB
00000663
0000075C
00000547
000006D8
00000080
00000A70
000008B7
00000A40
00000830
00000E2A
FFFFFEBB
FFFFFA92
00000413
000000C7
000003B3
00000A24
000002CD
FFFFF825
00000091
0000033D
FFFFF95A
FFFFF489
00000A32
00000AA7
FFFFF4F6
FFFFFF58
FFFFFC4B
FFFFF879
FFFFF99C
FFFFF528
00001A29
FFFFFDDA
00000A36
0000089D
FFFFF60E
00000234
000005BF
00000105
00000428
00000A8A
FFFFFC23
00000644
0000076D
FFFFFAD7
000002DD
FFFFFD3A
000005C7
FFFFFD6D
FFFFFECF
0000012D
FFFFF9A6
FFFFEFF9
FFFFF6C9
FFFFFFE4
FFFFFA16
FFFFFE98
000001E3
FFFFF503
FFFFFDC9
FFFFF961
FFFFFCAA
FFFFF612
FFFFF957
00000416
FFFFFB54
00000FAA
FFFFFFB5
FFFFFDD9
00000218
0000011F
FFFFFA15
FFFFF947
FFFFFE52
0000066F
000006B8
FFFFF457
FFFFFF22
FFFFF174
FFFFF813
0000064C
00000138
FFFFF969
00000647
FFFFFEC8
000007C9
FFFFF5FF
000000CF
000003F4
0000078A
000005BF
FFFFFE79
FFFFFCDB
FFFFFCB7
0000046C
0000012C
FFFFF82C
FFFFF679
FFFFFA80
FFFFF91D
FFFFFFA5
FFFFF949
0000065E
000003F9
00000B97
0000098A
0000072D
00000D3B
000006D8
FFFFFE54
0000066A
00000383
FFFFFBEF
000006E8
FFFFF5DD
FFFFF621
00000B55
FFFFEF7C
FFFFF0A3
FFFFFB37
00000480
FFFFF4A9
000000AE
000008FD
FFFFFC5A
000002B3
00000948
FFFFFA1B
0000027E
FFFFFA01
00000C4E
00000161
FFFFFB7E
000000EE
00000538
00000678
00000782
FFFFFEBC
0000028F
FFFFF800
000004FC
00000313
FFFFFE30
00000C7F
FFFFF5A8
FFFFFD86
00000A44
FFFFFFD5
FFFFFA59
00000CDD
FFFFFDF4
FFFFF8E8
FFFFFE2A
FFFFFAEE
FFFFF7D2
FFFFFF4F
000001BE
000009D6
FFFFF7E4
FFFFFB91
000003F0
FFFFF069
FFFFFB5E
0000005D
0000022A
FFFFF916
0000049B
FFFFFF05
0000065D
FFFFFE9E
0000029D
FFFFFEB9
FFFFF95A
FFFFFCD3
00000B91
000000AE
000001B7
FFFFFC34
FFFFF5F0
0000038F
00000393
00000138
00000322
00000078
FFFFF57C
FFFFFAA2
FFFFFACE
FFFFEFF2
0000039F
FFFFFC1F
00000175
00000B4B
FFFFFA1E
00000831
FFFFF063
000001A0
FFFFF9C3
FFFFF68A
00000C11
0000091B
0000032A
FFFFFC2A
FFFFFF13
000002F2
00000531
0000068B
00000A3A
FFFFF2D6
00001203
FFFFF239
FFFFFE38
FFFFEC10
000006C1
FFFFF0EE
FFFFF6EE
00000660
FFFFF33C
FFFFF67C
00000274
00000062
000007C0
FFFFF72D
FFFFFBE7
FFFFFDE4
00000264
00000048
00000AA9
FFFFF96F
00000281
00000545
0000056B
0000051F
00001151
FFFFF345
FFFFFF18
00000976
000003E2
00000A18
FFFFFCAE
000004E8
FFFFFCED
FFFFF6DE
000008CF
FFFFF13C
FFFFF8ED
FFFFFD8E
00000471
FFFFFF07
FFFFF8B6
FFFFFDE3
00000743
00000C2B
00000019
000005EA
FFFFF53E
00000D49
FFFFEF6C
FFFFFECE
000003ED
FFFFFE6C
FFFFF77C
0000028B
FFFFFED3
FFFFFAA7
FFFFFA5D
000000A7
000002B6
FFFFFB53
FFFFF86D
FFFFF8F4
000009ED
FFFFF66E
FFFFF849
FFFFFB5B
FFFFF78F
00000352
FFFFF9F2
000005B6
FFFFF08E
000003DD
FFFFF94F
000001B7
FFFFF8D4
FFFFF4A8
FFFFFF5A
00000558
FFFFF9E1
FFFFF446
FFFFFD31
FFFFFB97
000002F8
FFFFFE25
FFFFFC77
FFFFFDA1
FFFFFB1D
FFFFFE2F
00000AB1
00000160
FFFFFFC3
FFFFF464
FFFFF40C
000001DC
FFFFF7EC
000006B9
FFFFFE5D
00000399
00000302
FFFFFDFF
FFFFFCE5
FFFFFD7A
FFFFF539
FFFFFD2F
000003A2
FFFFFD79
000000A8
FFFFFECC
00000137
FFFFF59D
00000013
0000077A
FFFFFF64
0000026D
000002FD
FFFFFB6C
00000467
FFFFF91A
FFFFFC92
000000E4
0000063C
0000021A
00000B55
FFFFFB92
FFFFFFFA
00000107
00000112
00000771
00000631
FFFFFA45
00000288
FFFFFE20
00000294
FFFFF2E9
0000015E
FFFFFCC5
00000487
00000227
FFFFFF91
FFFFF6F8
FFFFF53D
FFFFF7AF
FFFFF85A
00000439
FFFFFFEA
FFFFF352
FFFFF7DF
FFFFF6B3
FFFFF913
00000352
FFFFFFEE
FFFFFCC2
FFFFFA0B
00000952
000007E5
00000018
00000403
00000AF0
00000E45
FFFFFE10
0000020A
000001B3
000006B0
00000918
FFFFFB93
FFFFFE2E
FFFFFEBC
FFFFFE1A
000000EC
00000C5A
00000D5B
FFFFFE79
FFFFF6B8
FFFFF7C4
00000A62
FFFFFE0C
00000505
FFFFF706
FFFFFF2C
FFFFFBD8
0000022F
00000898
FFFFFE56
00000A0E
00000DB3
000006C7
FFFFF546
000006EA
FFFFFD29
FFFFFF85
00000842
FFFFF997
FFFFF5E1
000002A9
000002D7
00000A3D
00000506
FFFFF6A6
FFFFFDBA
00000592
FFFFF8BE
FFFFFB98
FFFFFC92
FFFFF4BD
FFFFF0B5
FFFFF8A6
FFFFF1F6
FFFFFE4D
FFFFF77E
0000056C
FFFFF6B2
000002FC
FFFFFA7D
FFFFFE52
00000961
FFFFFCB8
FFFFFE5D
FFFFFBE4
00000698
000003E0
000001ED
000000FF
00000AEC
00000444
FFFFFF61
0000002D
0000093A
FFFFF99E
FFFFFF50
0000025A
FFFFF5BA
FFFFF840
000014AD
FFFFFF8D
0000032D
FFFFFC45
FFFFFD4B
FFFFF3BC
FFFFFEFC
FFFFFA54
00000302
FFFFFD70
FFFFFFAA
0000052B
000003A4
00000736
00000354
FFFFF92C
000000E4
FFFFFDF2
00000064
FFFFFD29
FFFFFBD1
FFFFFDC7
FFFFFFF1
00000786
000008DA
FFFFF7CC
000002D6
FFFFFED9
FFFFFD47
00000432
FFFFFB7F
00000948
FFFFFD6F
FFFFFE44
00000729
FFFFF6B8
00000314
000003C7
FFFFFE1B
00000106
FFFFFF89
FFFFFFE3
FFFFFD2A
FFFFFA77
FFFFFA7E
0000007A
FFFFF3DC
000004FF
000003B8
000003F4
FFFFFB3C
FFFFFC0E
FFFFF9E3
0000059B
00000E2F
00000598
FFFFF47D
FFFFF837
000008BB
FFFFF27D
FFFFF68F
FFFFFEA4
000002D5
FFFFF9E9
FFFFFE1F
FFFFFFD5
00000143
0000000D
FFFFFCAA
000004FC
0000026E
FFFFF672
00000848
0000069D
FFFFFF11
FFFFFC16
0000042D
FFFFFE3F
000003D2
00000341
FFFFF6F0
FFFFFAD6
FFFFF85A
FFFFFFE4
0000090B
FFFFF9FB
FFFFFFD2
00000733
FFFFF7BE
FFFFF676
FFFFF873
FFFFEE7A
000006FA
00000594
FFFFFE16
00000074
FFFFFE9B
FFFFF7D9
00000340
00000227
0000055F
FFFFF639
FFFFFA53
000000F8
00000C90
000008F3
00000562
00000766
FFFFFCC5
00000206
FFFFF881
FFFFF6D0
FFFFF232
FFFFFCEA
000004C3
FFFFF9BD
000006A9
FFFFFFC3
00000099
FFFFF595
FFFFFC99
FFFFFB0C
FFFFF260
FFFFFD5B
FFFFF5F9
FFFFF4A1
0000032F
FFFFF102
00000882
FFFFFCE9
00000178
FFFFFEBC
0000089E
FFFFFE25
FFFFF498
000000C2
0000002E
FFFFF769
FFFFFE3B
0000055A
FFFFFA92
FFFFFAA1
FFFFFBDF
FFFFF9B0
FFFFFE71
00000430
FFFFFF24
FFFFF4FD
0000082F
FFFFFD24
00000B24
FFFFFD96
0000090E
000009A4
FFFFF70C
00000B75
00000B2F
0000087D
0000052E
FFFFFB45
FFFFFE46
00000278
000005F3
FFFFF85D
0000049C
0000058F
FFFFFCA2
FFFFF32E
FFFFF3EA
000002EB
FFFFF42A
00000196
FFFFFE62
00000404
FFFFF6A0
00000556
FFFFF32C
FFFFFABF
FFFFF35F
FFFFF62D
000007DF
0000022B
00000345
0000012D
FFFFFF25
0000081C
0000012B
FFFFF667
000002D6
000004E5
FFFFF86C
FFFFFC50
000004A5
00000097
000003AC
0000097D
000001C1
000010F9
00000DE7
00000555
00000397
00000027
000001C5
000007E8
0000081F
00000249
0000098A
00000550
FFFFFF80
0000089A
FFFFFE30
0000018C
FFFFFBC4
FFFFFFAC
00000560
00000BF5
FFFFFAF3
FFFFFC98
FFFFF5A3
FFFFFF74
FFFFF835
FFFFFE1B
FFFFF8DC
00000532
0000043C
00000137
FFFFFA44
FFFFFDCF
00000154
FFFFFC08
0000027B
FFFFF8D9
FFFFF900
FFFFFDCA
FFFFFE1A
FFFFF6D8
FFFFF4F2
FFFFFCAC
FFFFFFAF
00000553
FFFFFD1C
FFFFFC4F
00000358
FFFFF91B
000000D2
0000036C
00000350
00000560
0000066A
FFFFFFAF
00000A2A
00000637
000001DD
0000079F
FFFFF59B
000007BE
FFFFFD90
FFFFF816
FFFFFDED
FFFFF59E
FFFFF947
00000C44
0000002A
FFFFFFAB
FFFFF356
FFFFEEB1
00000640
FFFFFB55
FFFFFF3B
FFFFFFF2
FFFFFCD2
FFFFF409
00000333
00000322
FFFFFBB8
0000030C
0000042E
00000411
FFFFF492
FFFFF73D
FFFFFC5A
FFFFF930
FFFFF605
FFFFF3DA
FFFFFB1E
000001DA
FFFFF7D6
FFFFFF38
00000150
0000045A
000009BF
FFFFFA29
000001D1
FFFFFFB4
FFFFF7C7
FFFFF768
FFFFF12D
FFFFF6A2
FFFFFD12
FFFFF46F
FFFFF6CB
FFFFF9A6
000001C8
0000001F
0000058E
FFFFF34B
FFFFFFD5
FFFFF757
000003F6
00000165
FFFFF60D
FFFFF7C8
0000055B
FFFFF72A
FFFFF8EA
FFFFFA7C
FFFFF8A3
000002A4
00000596
00000B2E
00000858
FFFFF787
00000306
00000926
FFFFFC88
FFFFFBC7
FFFFFD1E
FFFFFB69
FFFFFF96
FFFFF789
00000204
00000818
00000573
00000683
00000360
FFFFF6A9
0000000D
000001D8
FFFFFA13
FFFFFA62
FFFFF3AF
000002D4
00000254
FFFFF876
FFFFFE7B
FFFFF149
FFFFFDD4
00001154
000000C8
000004ED
000005A3
00000604
00000999
FFFFFF59
000002BB
FFFFF8D5
00000742
0000086A
FFFFFDD7
00000247
0000017A
000003FD
FFFFF5B0
FFFFFC1D
00000486
FFFFFB59
00000AF7
FFFFF72B
000002FC
FFFFFEEC
00000611
00000132
FFFFF73B
00000345
FFFFFECE
0000027F
0000088F
00000BFF
0000018D
0000071E
0000008C
FFFFF101
0000073F
FFFFFF62
000003A0
000003EF
000004F0
FFFFFC21
FFFFFD60
FFFFFDE0
00000600
000003CE
000001C7
FFFFFD94
FFFFF953
00000575
00000A73
0000075E
000002DA
00000BB4
FFFFF8A9
0000041F
00000004
FFFFFE5B
FFFFF9A1
FFFFF321
000006E5
000011FE
0000067F
FFFFFEA4
FFFFF702
000000FF
FFFFF4C1
00000214
FFFFFFD8
FFFFF5ED
FFFFFCA9
FFFFFE82
FFFFFA59
FFFFFD7B
000000F4
FFFFFB37
000006AE
000006C6
000004E4
FFFFFF09
FFFFFB51
000006F2
FFFFFD3F
FFFFFE13
000002CD
000007C8
FFFFF967
00000593
00000193
000008CB
0000055B
000005D2
FFFFF9D6
000003E6
FFFFFB90
00000B45
00000860
FFFFFB09
0000081D
FFFFFDCC
FFFFFFDB
FFFFFF7E
FFFFFC40
FFFFFDF9
FFFFFE65
FFFFFC75
FFFFFF75
FFFFF77B
FFFFF503
FFFFFD27
FFFFFD52
00000137
00000961
000004A2
000003F8
FFFFFD40
000007A8
00000035
0000017C
FFFFFBAE
FFFFF858
FFFFF77C
000008BD
00000195
00000208
FFFFFD61
00000129
000000C7
FFFFFFE8
000002DA
0000058D
FFFFFEEE
000006BB
0000045B
FFFFF35E
FFFFF4B3
FFFFFD1F
0000001B
FFFFFD72
000001C9
00000E9A
FFFFFC7A
000008B1
000001AC
000006F4
FFFFFD15
00000383
0000058D
FFFFFF86
FFFFF836
00000921
FFFFFD36
0000056A
00000793
FFFFF8A8
FFFFF956
FFFFFBB5
0000030B
FFFFFE50
000007FB
0000079B
00000864
0000025C
FFFFFF48
FFFFF68F
0000058F
FFFFFBA4
00000154
000000CC
00000041
000003C9
000002E4
000002C9
000008C0
FFFFFF9F
000000DE
0000082C
FFFFFB49
000001D2
0000079B
000009DA
FFFFFFB1
000003A7
00000788
FFFFF5F8
00000085
FFFFF87F
FFFFF948
FFFFFD02
000003E5
00000615
000002A5
0000040D
000002C6
FFFFFE77
000002C7
FFFFF71A
FFFFFE9B
FFFFFB9D
FFFFF79D
0000031A
FFFFFEB9
00000691
00000086
00000F22
FFFFFBF1
FFFFFDDA
000005DA
00000264
FFFFFE69
FFFFFCB1
FFFFF852
FFFFFFFF
FFFFFAE6
000000D1
FFFFFF89
00000111
00000127
00000750
000001AB
FFFFFD3B
FFFFFB42
FFFFFE08
00000328
FFFFFC75
FFFFF85C
000004C7
FFFFF9BB
FFFFFC15
00000023
FFFFF44F
0000031B
FFFFF9E8
FFFFF746
0000090D
00000205
0000026B
000005B2
FFFFF85B
FFFFFFA9
FFFFF859
00000354
FFFFFB57
000009A0
FFFFFBCD
000000E8
FFFFF514
000003E6
FFFFFAFD
FFFFF960
00000301
0000060A
FFFFFF7F
FFFFFF39
FFFFF98D
00000915
000005C3
0000044A
FFFFFB63
FFFFFF36
00000466
00000202
FFFFFEBE
000003EB
00000127
FFFFFF97
000005C6
00000D74
FFFFFD04
FFFFFAA8
00000E48
FFFFF8A0
FFFFF8CB
FFFFF766
00000032
0000057B
00000853
00000636
0000039A
FFFFFBAC
00000460
00000074
0000007A
00000218
FFFFF8BC
FFFFF7B2
FFFFFE22
00000691
FFFFFA87
00000273
FFFFF827
00000019
FFFFFE5E
0000086A
FFFFF487
FFFFFCCE
FFFFFBFC
FFFFF715
FFFFFB7A
0000080E
FFFFF601
0000017B
00000487
00000391
000002A7
0000009E
00000A2A
FFFFFD50
0000006D
000006F0
FFFFFCBC
000006CB
FFFFFEB6
FFFFFA49
000006D9
FFFFF76F
000006FB
00000487
000005B1
FFFFFBDB
00000089
000007C0
FFFFFDEC
00000333
FFFFFDAB
FFFFF940
FFFFFDEE
FFFFFDFB
000004FF
00000941
000001A1
FFFFFB9B
000006CD
FFFFF2F3
FFFFFF7C
FFFFFC47
FFFFFEB0
FFFFFB70
FFFFFE7F
0000036C
00000486
FFFFFA65
FFFFF8ED
FFFFFEAB
000001FD
000000B8
000009EA
FFFFFED1
000005B0
FFFFFB11
00000783
0000041C
0000008A
FFFFFFAC
00000826
FFFFFFBC
00000318
000000D0
FFFFFD92
FFFFFD46
FFFFFE26
0000045F
FFFFFD33
0000070F
00000321
0000049F
0000094F
FFFFFD01
FFFFF8F7
FFFFF983
00000D60
00000C0B
00000CED
FFFFFE47
00000F26
000005C6
FFFFFCF5
000001F4
0000043E
0000048E
FFFFFFCB
FFFFF7FA
FFFFFB64
FFFFF76E
FFFFFF70
FFFFFFB9
FFFFFB26
FFFFFEE1
000001A6
FFFFFCBE
00000194
FFFFF6E0
FFFFFB65
FFFFF46B
FFFFF394
000002DA
FFFFF74E
000000A3
00000AB5
00000B94
FFFFFFAF
000002A2
FFFFFE9D
FFFFFD8F
FFFFF82C
000002C1
00000BC1
FFFFFE4B
00000512
FFFFFF19
FFFFF816
00000D51
00000822
FFFFFA39
000008AF
000001AC
FFFFFE60
00000539
FFFFF5DB
000001AE
FFFFFE89
FFFFFA0C
000002D2
000003B7
FFFFFCE4
FFFFFEBD
000003B3
FFFFFA1F
000000A0
000000DC
00000CB3
000003B1
00000A8C
00000408
000002FB
FFFFFA1B
FFFFFCF5
FFFFF8B0
000001C8
FFFFFF77
FFFFFD12
FFFFFC35
FFFFF9E5
00000268
00000C46
00000346
00000354
FFFFFC03
FFFFFC96
FFFFFBAB
FFFFFCC9
0000050D
000007A3
000003D0
FFFFFFE8
FFFFFF77
00000160
FFFFF7F5
FFFFF9FD
FFFFF97A
000001B8
FFFFFED7
FFFFFE0C
FFFFFB18
00000210
FFFFFEF7
00000B6D
000006BC
000007EA
000006A9
0000012A
000004F9
000005CE
FFFFFFD5
FFFFFCEE
000003B0
000002ED
000008E1
0000026C
FFFFFB81
000003E1
000000CE
0000076D
FFFFF788
00000436
00000406
FFFFF8FF
0000041C
FFFFFEC1
0000009E
00000A11
FFFFF892
00000978
000005DE
000009DC
00000022
000005BC
000000AF
00000248
00000000
0000006C
00000175
00000823
00000129
0000017A
000003BC
00000AF4
00000339
00000991
0000022B
00000B13
000000BA
FFFFFFB1
FFFFFE0A
00000108
00000B20
FFFFFFA1
000009BC
00000268
00000847
00000B30
0000053B
000009C5
00000294
FFFFFD96
0000002B
000009C1
00000570
00000491
FFFFFF0F
FFFFFD6F
FFFFFB03
0000066B
FFFFFA50
FFFFFF7C
FFFFFBF8
000001AD
000006C9
FFFFFAD4
00000443
00000019
00000430
00000154
000003CE
FFFFFDBE
FFFFF81D
000005D5
00000208
FFFFF86D
FFFFFC4E
00000624
000005B4
00000246
00000A0A
000009FA
FFFFF99C
00000B3F
00000298
0000071B
FFFFFAA6
00000420
FFFFF7D5
FFFFF1CB
FFFFF477
0000005F
0000060F
FFFFFEFF
FFFFFEBA
000008CE
FFFFF96A
0000078B
FFFFF9CB
000006DE
FFFFFD76
0000042E
00000353
0000032C
00000490
0000064C
FFFFF536
00000474
FFFFFEC5
FFFFFAA4
FFFFF6AB
000000E9
FFFFF6D1
00000256
0000032E
000001FB
FFFFFD9F
00000649
FFFFFD79
FFFFF4BF
000002A0
FFFFFB04
00000056
00000104
FFFFFAA4
FFFFFC56
0000067D
FFFFFB75
0000061C
FFFFFE55
FFFFF907
FFFFFB1C
000000DE
FFFFFC08
FFFFF45D
0000094C
FFFFECE4
FFFFFB52
0000078F
FFFFF35E
FFFFFE01
00000951
00000715
000008C8
00000AE1
00000A1E
00000EC4
FFFFFC43
000004E4
0000059E
000006E5
0000003F
00000364
FFFFFDF6
FFFFFCB1
FFFFFC2A
FFFFF81E
000004BC
000002AC
0000030D
0000092A
00000093
FFFFFF8D
FFFFFC42
00000A4A
00000902
FFFFFC11
FFFFFFC0
FFFFFB4F
FFFFEC51
FFFFF170
FFFFF586
FFFFFBE7
00000190
000000AD
FFFFFD8D
FFFFF7F0
0000032D
000005D9
000000B6
000004F3
00000218
FFFFF3D0
0000020D
000002F3
0000076F
000006CF
000009BE
00000CE6
FFFFFAD7
FFFFFF7C
00000291
0000019C
FFFFFA8C
0000013C
FFFFFD4C
FFFFFE8E
000004ED
FFFFFC83
000001F8
000003C7
00000209
FFFFFA11
0000049A
00000938
00000528
FFFFFD9D
000002A7
00000EED
FFFFF3F7
FFFFFF8F
FFFFFBF3
00000252
00000A7C
00000B8F
00000B3E
000007EB
FFFFF5B2
00000271
00000B47
00000129
00000CD1
0000062B
FFFFF9D7
FFFFF87C
000011FA
000003CE
FFFFFCB2
FFFFFC9A
00000AB9
FFFFF4D5
0000040A
FFFFFB17
000004FA
FFFFF00A
00000698
FFFFFD1A
FFFFF0A4
FFFFF5C1
FFFFFB8D
00000545
0000069A
000006BE
0000098E
00000163
00000AF5
000000AF
00000686
0000042D
FFFFFCBC
000002F6
0000056C
FFFFFE70
FFFFF552
FFFFFBBC
000008D4
00000200
000001E3
000002C0
FFFFFB2B
FFFFFB66
000000CA
00000485
000002E0
FFFFF48E
00000413
00000D93
0000027E
000006CD
000006A3
FFFFF559
FFFFF935
000001F1
00000357
FFFFFF5C
FFFFFC8B
FFFFF4AB
0000041F
00000098
FFFFFE39
00000090
00000803
FFFFF862
00000AEB
00000234
00000063
00000669
FFFFF9B3
00000901
FFFFFE85
00000A7A
00000869
00000DE1
00000EDA
0000013D
00000C1A
FFFFFBDF
FFFFFDF2
FFFFF9BA
00000790
000007A5
000000CF
000003FE
00001022
00001154
00000DF2
00000939
00000E30
FFFFFD6F
FFFFF90A
0000072D
0000025B
00000BA8
00000378
0000070F
000007E8
000012E3
FFFFFB0C
00000A5C
00000D54
FFFFFE2E
FFFFFE87
00000C03
00000E36
FFFFF7F1
000008BA
FFFFFC5A
0000072F
00000148
00001063
00000389
FFFFF7E3
FFFFF8FE
00000832
00000860
00000766
000006F0
000008F0
00000CC0
00000E71
00000EF4
FFFFFD15
0000066E
00001156
FFFFFE47
FFFFF381
0000021E
FFFFFB31
FFFFF719
FFFFF633
0000042C
FFFFFFF6
FFFFF888
FFFFFADE
FFFFF9AF
FFFFF5B4
00000E3E
FFFFF5E4
0000067E
00000077
00000547
00000097
000001CC
0000022C
00000864
FFFFFEB6
0000083A
000001AB
00000759
00000CF3
00001090
FFFFFAFB
FFFFF52F
00000CA8
000002FE
FFFFFA84
FFFFF74D
0000034C
FFFFF953
FFFFF8A4
00000340
000007F5
000004C3
000003DF
FFFFFF02
0000057B
00000295
FFFFFC8C
00000B75
000007F0
00000D94
0000056A
FFFFF64A
FFFFFA3C
00000578
000004E8
00000690
FFFFF529
000002FB
000002D2
FFFFF97B
00000055
FFFFFE8E
FFFFFF24
FFFFFAFD
0000055A
FFFFFADE
00000C65
00000599
00000A15
000001DA
FFFFF6A2
FFFFFC4E
00000470
00000749
00000A5E
00000AE5
00000448
FFFFFDF8
FFFFFABA
0000018D
FFFFF986
FFFFFB1A
0000083C
00000C81
000007B2
0000016A
0000034C
FFFFF99B
00000521
FFFFF502
FFFFFA93
FFFFFA26
0000002F
FFFFF786
00000D5F
000007A5
FFFFFD91
00000BC8
000009E2
00000116
FFFFF692
FFFFF9E4
00000913
FFFFFAA8
FFFFFE8B
0000065A
0000108C
000002C6
000011A1
00000762
000004A1
FFFFFE2B
00000E15
00000335
000006F0
00000961
FFFFFAAF
00000B66
FFFFFDF5
00000024
000007B8
00000276
FFFFFA68
000006AC
FFFFF792
000005F8
00000B70
FFFFF243
FFFFF99B
FFFFF893
FFFFFE38
FFFFF589
00000A68
FFFFFC35
FFFFFCEE
00000773
FFFFF89E
FFFFF9A5
00000037
00000868
00000D72
000005B6
00000393
FFFFFA08
0000050E
FFFFFE07
FFFFFB72
0000039A
00000A58
000006A0
FFFFF925
FFFFFC14
000002F2
FFFFF9CF
00000012
FFFFF278
00000E7D
00000082
00000121
00000528
000000C9
00000589
0000075B
00000164
00001037
FFFFFAF2
00000146
FFFFFF7E
0000060E
FFFFF86C
00000450
0000096A
FFFFF487
000005EB
00000183
FFFFFA4E
FFFFEFC3
00000D56
FFFFFC45
00000B7E
FFFFFFAF
FFFFFCE6
FFFFFB2B
000008C9
FFFFFCFC
FFFFFAB2
000002FB
FFFFFAC4
00000BB8
0000018A
FFFFFC5B
00000682
00000A92
0000107C
FFFFF76F
FFFFFC9C
FFFFFA51
FFFFF25C
000009DE
00000428
000003E2
00000721
FFFFFC89
FFFFF22B
000001D0
FFFFFFAC
00000210
00000406
00000100
00000A83
00000129
00000180
0000021F
00000CA2
FFFFFC59
00000AEE
00000093
00000C32
00000C41
000003ED
FFFFF8DD
FFFFFFAF
FFFFFA57
0000049A
FFFFFDAA
00000A5D
FFFFF6E9
00000E4C
000007CD
FFFFFC19
FFFFF6C8
FFFFF913
00000466
FFFFF96D
FFFFF9B8
00000866
000007A0
000002C2
FFFFF888
FFFFF9A6
FFFFF9AB
FFFFF388
FFFFF719
00000243
0000013B
FFFFF27B
FFFFF101
0000048A
000002DA
0000083C
FFFFF949
000007D3
00000766
FFFFEFF1
FFFFF56F
0000062F
0000037B
000005E6
00000968
00000695
FFFFFC40
FFFFFD9B
000010A2
000006D0
000000F9
0000032D
00000FA8
FFFFF972
FFFFFC64
00000960
000008DC
00000713
000006C3
000004D7
FFFFF9EA
000006F3
00000136
FFFFFFA1
000006BC
00000ED9
000001E6
FFFFFFEA
FFFFF749
00000E2D
00000084
FFFFFD96
00000BB9
FFFFFBDD
00000ADA
FFFFF650
FFFFF305
FFFFF72E
FFFFFB6D
FFFFF730
000004CB
FFFFF2B7
FFFFFAA1
00000693
FFFFED77
FFFFFBA8
FFFFFAF1
FFFFF732
000002DA
000004E5
00000152
FFFFF87C
FFFFFCBB
FFFFFCA8
FFFFFDD8
00000709
00000261
00000359
FFFFF03A
0000064C
00000419
00000F77
000007D5
FFFFFDC2
00000A7F
00000170
00000D11
FFFFFBE9
FFFFF16D
FFFFF6AA
FFFFF02C
FFFFFFD4
00000424
0000055B
FFFFED20
FFFFF446
0000016D
000000F6
0000009C
FFFFF38A
FFFFF631
FFFFFDFC
000009E3
000004C4
FFFFFE95
000001DB
00000AF0
FFFFF501
FFFFFF3C
0000043F
FFFFF4FB
000005DA
00000423
000005B9
00000885
000000B3
FFFFFD51
FFFFFE0F
00000E1A
00000566
00000573
00000488
00000B66
00000ACD
FFFFFCFD
FFFFFC13
000006EF
0000005F
FFFFFA5F
FFFFFF4D
000002E9
FFFFF54D
00000137
00000504
FFFFF1AC
00000651
FFFFF5A9
FFFFF09D
00000454
FFFFFBDF
FFFFF56C
0000023B
0000049B
FFFFF716
FFFFFF0D
FFFFF457
000003F8
FFFFFC54
FFFFF7E6
0000026B
FFFFFC86
000005EE
FFFFF81A
00000201
00000F0B
0000096E
00000C98
000003F0
000005AD
00000CDF
FFFFF863
FFFFFAC5
000002A9
FFFFFF66
FFFFFA5D
000007B9
00000534
FFFFFE19
00000288
000001EF
FFFFFA46
00000A48
00000214
FFFFF3BE
FFFFF58C
00000278
FFFFF228
0000062C
0000033C
000008D1
00000006
000001CD
FFFFFE2A
FFFFFDB0
00000451
000005BF
0000078A
FFFFFFBF
FFFFF70A
000007F9
FFFFFAA7
FFFFF883
FFFFF69A
FFFFFBA8
0000036C
0000056C
FFFFF595
000002C0
0000079A
00000766
FFFFF861
FFFFFE5B
000005EA
000004E7
00000A8F
00000542
0000050B
FFFFFFCA
FFFFFD58
0000048C
FFFFFD7E
FFFFF6EA
FFFFF484
FFFFFA31
FFFFF565
00000308
00000658
000005D1
FFFFF8A0
FFFFF957
0000034E
FFFFF823
000001D4
FFFFEF81
00000383
000006C3
FFFFFBB3
0000010B
FFFFF473
000005C1
FFFFFA9E
000007F5
0000052F
FFFFFAD2
0000095D
00000415
FFFFF6E4
FFFFFAB7
FFFFFD31
0000013A
00000652
FFFFFCF2
FFFFFB19
00000C27
00000919
00000010
0000085F
00000843
FFFFFA78
FFFFF929
FFFFFC41
000002A7
00000397
00000475
0000036D
FFFFF329
FFFFFD16
00000C94
FFFFFBB1
00000079
00001017
00000486
00000467
FFFFF795
FFFFFA0E
00000689
00000E2B
000003B8
FFFFFC88
00000290
0000075B
00000C4F
00000323
00000B6E
FFFFF8CD
000009E0
FFFFFFE4
00000C4E
FFFFFE9E
00000BF7
0000093C
FFFFFF5C
FFFFF9FA
00000640
FFFFFBCD
FFFFF74A
FFFFFEC1
0000087C
FFFFFC7E
FFFFFBF1
0000006C
000006CF
FFFFFFB6
000006A6
0000076B
00000E6A
000001DF
000005DB
FFFFFA37
0000053D
000007CB
00000929
00000230
00000200
00000306
000006A2
FFFFF9D2
000007C2
FFFFF7C1
0000035E
FFFFFF96
00000081
FFFFFD85
FFFFFA9E
FFFFFCDA
000002E5
00000992
FFFFFC25
FFFFFC35
000007F8
00000047
00000725
000007E6
FFFFFD5C
FFFFF8CB
FFFFF8DB
FFFFFB28
00000758
00000421
FFFFF872
FFFFF427
000002F7
FFFFF7DD
FFFFFE19
00000B20
FFFFFFBE
FFFFF915
00000563
FFFFF71E
0000003C
FFFFFC8A
00000D51
00000BCC
0000034D
FFFFF83E
FFFFFD51
00000074
00000418
FFFFF6A4
FFFFF535
00000752
FFFFF4F2
FFFFF6DE
000005FC
FFFFFC12
FFFFF9B8
FFFFFB06
00000107
00000A30
00000909
0000037C
FFFFF117
000006B5
00000E8A
FFFFF9DA
FFFFFD66
00000819
FFFFFFC7
0000083F
00000227
000003AA
FFFFFC1D
0000088A
00000510
00000CFD
0000042C
00000331
0000075A
000000F1
FFFFFE8E
00000106
000001A5
000007C1
000008F8
FFFFFAD2
000003BF
000005B8
00000F1C
00000662
00000516
00000780
0000021B
00000054
FFFFF851
FFFFF44F
00000491
FFFFF997
FFFFFB62
FFFFFCEE
000005FC
FFFFFBA4
FFFFFAFC
000009A2
00000555
FFFFF913
FFFFFCE1
0000062E
FFFFFC95
FFFFFD21
00000521
00000327
000004E1
000007D8
00000970
FFFFF7B6
0000013C
FFFFF80A
FFFFF59A
000000BA
FFFFF9E7
000007AC
0000000A
000011C9
00000581
FFFFFC7E
000002AD
FFFFFD3D
0000094F
FFFFFD68
00000AEE
00000196
FFFFFD30
FFFFF76F
0000053A
FFFFFF2B
000009B1
000004D1
00000963
00000C0B
FFFFFF56
FFFFFFF4
000000CC
FFFFF578
00000C7B
FFFFFC85
FFFFF739
FFFFFD95
FFFFF61C
00000195
FFFFFFD9
00000AA1
000003B5
000005C9
FFFFFF6A
FFFFFB1B
000005AD
FFFFFFAD
0000026F
00000D63
00000DE8
FFFFFC6D
00000BAD
FFFFFA04
00000AF0
000001FF
00000783
00000194
0000046A
0000018D
FFFFF9E6
FFFFF79A
00000497
000006A0
00000720
00000AE5
00000A75
FFFFFEAC
FFFFFB2F
FFFFFC47
00000ABF
00000048
000005D5
00000966
FFFFF8B8
00000154
00000619
00000819
000003D5
FFFFFAEA
00000323
FFFFF98B
00000513
FFFFFA02
00000808
FFFFFAE9
FFFFFDBC
00000927
000001EA
00000777
00000228
00000257
000002E7
FFFFED95
FFFFF571
0000022C
FFFFFDE8
FFFFFFA7
FFFFFDD6
00000134
000006B5
FFFFF859
00000D0B
000006A3
FFFFFFCC
0000014B
00000139
00000B57
00000F1F
0000036D
FFFFFF8E
FFFFFCD9
00000158
00000175
000004B4
FFFFFEDD
000008B0
FFFFF8C9
000002C6
000002FF
FFFFF0DF
FFFFFCB3
00000E01
000015AF
FFFFFC6D
FFFFFDE4
FFFFF7A6
0000018B
FFFFFCD3
FFFFF453
FFFFF644
FFFFF684
FFFFF9DD
00000659
FFFFED1C
FFFFFC3D
FFFFF3B3
00000CFA
0000023E
FFFFF55A
000008CE
000004A5
FFFFFCC1
FFFFF9E9
000008A5
FFFFFFE8
000001F5
00000390
000004AD
00000BA2
FFFFF525
FFFFFB18
FFFFF9D3
FFFFFC1E
00000828
00000031
FFFFFC46
00000CA1
00000400
FFFFFE12
FFFFFA2C
FFFFF975
0000022C
00000C83
FFFFFFEA
FFFFFEA1
FFFFFC34
FFFFFDEA
0000014B
FFFFFDBA
0000000C
00000A7A
FFFFFE20
FFFFFDFE
00001643
000001F0
FFFFFD33
00000F23
FFFFFABB
0000000F
000007B0
FFFFFBB7
FFFFF484
000001A2
FFFFFF74
FFFFFE69
000007D4
0000029A
FFFFFA48
000007DC
FFFFF69F
FFFFFF34
FFFFFD82
00000921
0000039D
FFFFFC33
FFFFFC32
000000D8
00000556
00000821
FFFFF89A
0000051D
000000EE
00000210
0000055B
FFFFFFBB
FFFFFBB9
FFFFF664
FFFFFDB3
000001C6
FFFFFDE5
0000015B
00000262
00000445
FFFFFF8D
FFFFF8B5
FFFFFDC7
FFFFF6EA
0000033E
00000816
00000743
00001076
FFFFF6A2
00000725
00000CBD
FFFFF86A
FFFFF8AD
00000882
000000E4
000007DB
FFFFF78A
FFFFF902
FFFFF6F1
000007F2
FFFFFCBB
000002CC
000002E5
FFFFF8B9
00000265
FFFFF6B6
FFFFFEAD
000004DB
FFFFFCBE
FFFFFEED
FFFFF1FF
FFFFFE77
0000020D
FFFFF824
00000C32
FFFFF77B
000000D3
0000069E
FFFFFD0C
FFFFFF35
FFFFF902
FFFFFB1A
FFFFF833
FFFFFFED
00000BC1
00000BC2
00000127
FFFFF98A
0000019B
000005CD
00000115
00000774
FFFFFE43
0000092E
FFFFFEA0
FFFFFB11
00000884
FFFFFE53
00000AB8
000012A0
FFFFFD5A
FFFFFA0B
00000969
00000611
00000C48
0000089C
FFFFFE96
FFFFF504
FFFFFA39
000002D6
FFFFFC0B
00000451
FFFFF9DB
FFFFF936
FFFFFF7D
0000017D
00000118
FFFFF9DA
FFFFFC9B
0000001D
000001F0
0000083A
000003A5
FFFFFC07
FFFFFF30
FFFFF91F
FFFFFA62
00000662
00000D4B
FFFFF5DC
00000092
FFFFFC09
00000437
0000047C
0000018F
FFFFF503
0000085B
00000436
FFFFF4F7
FFFFFD3F
000001D2
FFFFFE92
0000047F
FFFFFA8C
000001C8
FFFFFDAB
000003CF
00000A9E
0000057D
FFFFFAE6
00000792
FFFFFD17
00000862
000007C6
00000189
FFFFFDCD
000006E8
000000AF
00000167
0000071D
00000567
FFFFFD2E
FFFFFE9F
000003BE
0000065C
000000B2
00000191
00000314
FFFFFF67
FFFFFF93
0000061F
000004A5
00000386
FFFFF8C7
FFFFF889
FFFFF99D
000007E9
000004B5
000002FC
FFFFFA3A
FFFFFF44
000003EC
FFFFF6B9
FFFFF746
FFFFFFF1
FFFFFDBC
000001CA
00000554
000006DD
0000079A
00000575
000001AE
FFFFFCA8
FFFFF898
000001EF
FFFFFF75
00000137
FFFFFE58
0000039C
00000498
FFFFFE2E
00000140
0000015B
000008C9
00000083
FFFFFFB6
FFFFFC44
0000072D
FFFFFEEC
FFFFF879
FFFFF50E
00000362
FFFFFAAF
00000589
000009C2
FFFFFEBD
000003F8
0000030C
00000A13
FFFFFC84
FFFFF64E
FFFFFD4C
0000024C
00000871
FFFFFAB8
00000374
FFFFFB57
000005FF
FFFFFCBB
000002CB
00000784
FFFFFC14
000006E6
00000010
00000732
000007E2
FFFFF74C
FFFFF983
FFFFF886
000009A2
0000020C
00000820
FFFFFB8B
00000507
FFFFF587
000009D2
FFFFFE24
FFFFFD91
FFFFF832
0000081C
FFFFFC6F
FFFFFBA9
000002A2
00000799
FFFFF706
FFFFF295
FFFFFD80
FFFFFA3E
00000167
000007E7
000002D9
00000417
0000067A
00000717
FFFFFD7F
0000017F
000002FB
FFFFF2A6
FFFFFDB6
FFFFFFAF
0000092C
00000353
00000611
00000670
FFFFFAFC
000003D4
000003D9
FFFFFB03
FFFFF510
FFFFFFFE
000000CE
00000409
000006B3
000008DB
FFFFFCA7
FFFFF9A5
FFFFFD7B
00000741
000007CE
00000AA3
FFFFF4E3
FFFFFB65
FFFFFEAF
00000D17
00000A98
0000006E
FFFFF74E
0000090C
FFFFF7C0
FFFFFFF3
FFFFF9F3
FFFFFB65
FFFFFF7F
000003EB
0000041F
000001DF
FFFFF84C
000007CB
FFFFFBBD
FFFFFFD9
000008BE
FFFFF729
FFFFFB91
FFFFFB23
FFFFFC1E
FFFFFE66
FFFFF975
00000467
FFFFF4D0
FFFFFE57
0000064F
FFFFFE55
000000B7
FFFFF47A
FFFFEFEF
FFFFF0D7
000005D2
FFFFFEC5
00000937
FFFFFC26
FFFFFC53
FFFFFC55
FFFFFC52
FFFFFE7E
000008A3
00000168
FFFFFAD6
FFFFFC48
FFFFF9FD
FFFFFA34
0000064D
0000010B
00000095
FFFFFE4F
FFFFF6FA
FFFFF5FF
FFFFFEC3
FFFFFB4B
0000017D
FFFFF94E
0000059D
FFFFF844
FFFFF865
FFFFFE77
FFFFF53D
FFFFF8E8
FFFFFC21
FFFFFFD0
FFFFF8CB
0000007C
0000025C
00000136
FFFFF611
00000193
000003A9
FFFFFA07
FFFFFA75
00000943
000005AF
FFFFF997
FFFFFB99
000005D7
FFFFFF57
FFFFF977
0000029C
00000742
000008AB
FFFFFA28
00000038
FFFFF0E9
000002F7
000004F0
FFFFFEB8
00000026
FFFFF467
FFFFFE24
000001B2
FFFFFE27
000002A0
00000A50
000007C7
00000163
000008C4
00000279
000002C5
FFFFF877
FFFFFE0D
FFFFFAA7
FFFFFBD2
FFFFFC2D
0000080B
00000347
000003D7
FFFFF8B4
FFFFFAA1
0000063B
00000536
FFFFFFE4
FFFFFA4D
00000275
00000109
0000074E
00000309
FFFFF745
000006F7
0000046F
000002C6
0000018F
FFFFFDC0
000008F9
00000138
00000A6F
0000072C
00000A13
FFFFFD9C
FFFFFE9E
FFFFFD50
FFFFFBC0
00000275
000008F0
00000320
FFFFF7E2
FFFFFE8A
00000151
FFFFFC06
FFFFFDDB
0000030D
FFFFF3FF
FFFFFC3E
FFFFFF0B
000000E3
FFFFFC95
FFFFF193
FFFFF56F
FFFFF779
FFFFF2F1
FFFFF394
FFFFFDD8
FFFFFCB6
FFFFFE50
00000069
FFFFFE94
FFFFF532
00000314
00000104
00000220
000001C6
00000120
00000220
FFFFFFE3
000003B1
0000017A
FFFFFF15
FFFFFC54
00000053
FFFFFE86
00000CE3
FFFFFD2D
FFFFFC3F
0000078A
FFFFFE3A
FFFFF984
FFFFF881
FFFFFE8D
FFFFFEF9
00000674
FFFFF748
00000131
FFFFF4A3
0000018E
FFFFFD33
FFFFFA08
FFFFFF57
000000FD
FFFFF488
FFFFFBF6
FFFFFCF8
FFFFF5EA
00000932
FFFFFBFB
00000776
FFFFFF4B
FFFFFEC8
FFFFF96B
00000346
FFFFF963
FFFFFAF9
FFFFF820
FFFFF510
FFFFF8B2
FFFFFF8D
FFFFFC5E
FFFFFBB6
0000021C
000002C3
0000057A
00000142
0000089B
00000359
0000026C
00000813
00000756
00000382
0000021F
FFFFF6ED
00000D8E
FFFFF9FD
00000057
000004A7
FFFFF4CA
FFFFFB6D
00000122
00000228
FFFFFBE5
FFFFFEAD
FFFFFFE0
FFFFF4DB
FFFFF7A8
FFFFFB5D
00000634
FFFFFBFE
FFFFFAA8
FFFFFBD3
FFFFF67E
000003B5
FFFFF583
0000003A
FFFFF7C8
FFFFFB59
00000042
00000376
FFFFFA85
FFFFFFD7
000005B6
FFFFF90E
00000517
FFFFFE08
FFFFFDB3
0000017E
FFFFFF6F
FFFFFBA5
FFFFFD22
FFFFFB01
FFFFF7C8
000001B0
FFFFF8FF
FFFFF50A
00000495
FFFFFD3B
00000639
0000031A
FFFFFEF9
FFFFF552
0000016D
FFFFFD0F
00000216
0000053C
00000021
00000706
FFFFFC8D
00000511
0000051D
FFFFFD90
FFFFFFE5
FFFFFF21
000003F2
0000036A
0000094A
0000096A
000003AB
000000D3
00000219
000000E7
00000A8A
FFFFF78D
FFFFF62E
FFFFFDBF
0000047C
FFFFFEC6
00000281
00000699
FFFFFA21
FFFFFBA8
FFFFFE2E
FFFFFF3D
000006F0
0000002C
0000062C
00000517
00000137
000006A3
FFFFFF0B
FFFFFD18
00000314
0000094C
FFFFFD87
FFFFFA67
00000A2D
00000027
FFFFF928
FFFFFF7A
FFFFFDAD
000004FD
00000486
00000302
00000540
FFFFFB52
0000044E
FFFFFCFC
FFFFFEDA
FFFFFA18
000007E1
FFFFFF3B
FFFFF5BC
FFFFFC18
FFFFF24D
FFFFFD72
000006A8
00000096
00000667
FFFFFD91
00000A81
FFFFF484
FFFFFF88
FFFFF5EE
000009C8
0000090F
000000AB
FFFFFDA8
FFFFFCFF
FFFFF729
FFFFFEAA
FFFFFFCF
0000070F
00000305
0000038A
FFFFFBE9
FFFFFE32
00000506
0000078A
FFFFFC60
FFFFF933
FFFFFEE3
000003D6
FFFFFCAA
000003A7
FFFFFD9D
00000633
FFFFFB7D
FFFFFC71
FFFFFF11
0000073A
FFFFF67A
00000402
FFFFF68E
FFFFF89B
00000267
000009CF
000003A6
0000152A
000002E6
000007C9
FFFFFD66
00000643
00000206
FFFFFA89
00000120
FFFFF9BB
FFFFFB52
000002A7
FFFFFCC7
FFFFF6F0
FFFFF944
FFFFFF6B
FFFFFF08
FFFFFD4A
FFFFFE0C
FFFFFFD0
FFFFFC0C
00000554
00000062
FFFFF877
00000288
00000367
000000C3
0000054D
000005CC
FFFFFC6C
FFFFFB9E
0000021A
00000111
000009BB
FFFFFB88
0000054D
00000239
FFFFFF08
00000317
FFFFFA57
FFFFFCAE
FFFFF4F5
FFFFFF3E
00000307
00000455
FFFFFFCB
00000047
0000089C
000006A8
FFFFF9A1
00000209
FFFFFD2B
FFFFFC5C
FFFFFB73
FFFFFF1D
00000B7A
00000A2A
FFFFFDB7
00000245
FFFFF80D
FFFFFC6A
FFFFF957
FFFFF660
00000396
FFFFFD42
0000013F
00000379
00000137
FFFFF70F
FFFFF5FC
FFFFF561
FFFFF918
FFFFFB4F
FFFFFB10
FFFFF7C4
000003BB
00000335
FFFFF971
FFFFF477
FFFFFB8E
FFFFFBED
FFFFFFCB
FFFFFB17
FFFFFB44
000002E0
FFFFFF1A
FFFFFB5A
00000091
00000B1A
FFFFFDA8
FFFFF770
FFFFFC10
FFFFFB4F
0000083B
FFFFFB6B
FFFFF634
FFFFFE3D
FFFFF836
FFFFF4FA
000000F5
FFFFFC8B
FFFFFAE0
FFFFF90F
0000085C
FFFFFCD0
FFFFF9A5
FFFFF9BA
FFFFFB95
FFFFF89B
00000641
FFFFFD4F
FFFFFA39
FFFFF7DD
FFFFF4B5
00000664
000007E1
0000078F
FFFFFFE9
0000061C
FFFFFE44
00000461
FFFFFABF
FFFFF9A2
0000012A
FFFFFC92
FFFFF6D0
FFFFF3BE
00000235
0000061C
00000933
FFFFF9DC
FFFFFF90
00000605
FFFFF6C4
000001AE
00000512
FFFFFB45
000002E1
FFFFFD3B
FFFFFFAE
FFFFF99F
000000F6
0000091F
FFFFF228
00000163
00000916
FFFFFF7F
000002D4
FFFFFE75
000002A3
FFFFFE93
000009FD
000005C1
FFFFFE3B
FFFFFD84
FFFFFB4A
00000254
000008E3
000000E4
000000B9
FFFFFA9D
000004D6
FFFFFE26
00000A4B
000000DF
FFFFFB4F
000006B2
FFFFFBEC
000009D7
000011D5
00000CCE
000005B2
FFFFFF91
000007DB
00000C1C
00000AB2
000004F4
FFFFFAF6
FFFFFEED
FFFFFAAC
00000631
00000D8B
00000979
FFFFFB27
FFFFFBE6
00000229
FFFFF76A
FFFFFCAD
FFFFFD44
00000A4C
00000A4B
0000047B
FFFFF9B4
FFFFFE1B
000008A7
FFFFFCF6
FFFFFFFD
FFFFFB67
FFFFFF08
0000009C
000006C1
000000EA
FFFFFCEB
FFFFFB2E
00000073
FFFFF9CD
00000632
00000187
000006C1
000006E4
FFFFF6C5
FFFFF7B0
FFFFFBA3
FFFFFF9D
000000FF
FFFFF5B6
FFFFFE17
00000271
FFFFFC19
FFFFFC12
FFFFF926
FFFFF796
FFFFF9C9
00000250
FFFFFDF9
00000212
FFFFFFFB
FFFFFBB8
000000AE
000006FD
FFFFFB06
0000042C
FFFFFA13
000007EC
00000AF4
0000021D
0000079E
000009D4
0000094D
0000013F
FFFFF977
FFFFF950
FFFFFC6F
00000B24
00000644
FFFFFFB4
00000214
00000426
0000006D
FFFFFE8C
00000FAB
FFFFFFFC
000002A5
FFFFFB6E
000000D3
000000F2
0000033B
00000ADC
FFFFFD16
FFFFF77F
FFFFF2AC
000004C6
0000087B
FFFFFB71
00000166
000001C2
FFFFF661
00000734
FFFFF8A7
FFFFFF2D
000001DD
FFFFFC85
0000062E
000003DC
0000042E
000004FE
FFFFFAF3
00000495
FFFFFC0D
FFFFF9C3
000002E1
00000B07
FFFFFD8E
FFFFF713
FFFFFD13
000009E1
00000E62
000000FE
000005E6
FFFFFACC
00000248
00000635
000000AC
FFFFFB6D
FFFFF6AE
FFFFF5A2
FFFFF8D2
FFFFFE21
00000921
FFFFFFDE
00000571
0000029B
0000023A
00000621
FFFFFD42
000005B8
FFFFFFDB
FFFFFAA1
0000089C
FFFFFC11
00000794
00000082
00000006
FFFFFB7D
FFFFFA67
0000044C
00000057
00000804
000004EC
FFFFFA32
00000825
FFFFFFC1
FFFFFBD2
FFFFFEA1
00000970
00000919
00000044
0000043D
00000336
FFFFFEFA
00000730
0000036A
00000444
00000A61
000001F9
00000663
00000A54
00000397
FFFFF60E
FFFFFFBF
00000790
000004C1
000004A4
FFFFF95A
FFFFFDBD
00000F0B
00001035
FFFFFFC8
FFFFFD0C
00000054
0000032D
FFFFFA13
00000124
FFFFFDB6
00000437
FFFFFCCD
FFFFF7B7
00000066
FFFFF6D6
FFFFF356
FFFFFF5E
FFFFFB55
FFFFFD2B
FFFFF654
FFFFFB46
FFFFFD8E
000001BA
FFFFFCDF
FFFFFCE4
FFFFFD6B
FFFFFA62
00000001
00000545
00000357
0000018E
FFFFFEE9
000005A6
000005B8
FFFFFECA
000001D2
FFFFF5CB
000005E8
00000A19
000002D7
0000078E
00000AA6
0000003C
FFFFFB52
FFFFFD6E
FFFFFF17
0000018E
00000187
000003C5
FFFFFC9A
000007E8
00000081
000004FF
FFFFF646
FFFFF811
000007F5
00000948
FFFFFB8B
FFFFFD9C
FFFFF9D4
000001D4
00000503
000002C1
FFFFFCEF
FFFFF98C
FFFFFCD3
FFFFF39F
0000092E
0000004D
FFFFFF00
FFFFFB5E
FFFFFEAE
000000D5
000001E1
00000587
0000075B
FFFFFE19
FFFFFDBF
FFFFFE26
FFFFFE82
000002E0
00000467
00000096
FFFFFEA5
FFFFFCCC
FFFFFC8D
000000B5
00000067
00000414
000007ED
FFFFFEDF
FFFFFE32
FFFFF58E
FFFFF9AA
00000248
0000036C
0000011B
00000559
FFFFFEE1
0000010D
FFFFF98D
FFFFFD2F
00000580
FFFFF59B
FFFFFEAA
00000455
FFFFFA38
000006BF
000003F1
FFFFFD47
FFFFFD2C
FFFFFB94
000000F5
FFFFFF4D
FFFFF988
0000021F
000009C3
FFFFFA00
FFFFFA70
FFFFF89A
0000027B
0000078C
FFFFFF24
0000006E
00000056
000005EA
00000239
FFFFFE3A
00000629
00000293
00000267
FFFFF2E5
FFFFF9B2
000000EA
FFFFFF74
00000367
00000120
00000645
00000766
FFFFFE6F
FFFFFBD0
000006AD
FFFFFF0A
000005F7
FFFFFC8B
00000252
FFFFF575
00000550
0000092C
000002EF
000006F8
00000253
FFFFF8B6
00000735
00000402
FFFFFFBE
000002C9
FFFFFFC3
FFFFFE42
FFFFFC83
FFFFFB0B
00000960
FFFFFF3F
00000018
FFFFFB71
FFFFF7D7
000000D7
FFFFFC0C
FFFFF8DB
0000050B
FFFFFB09
FFFFFC63
FFFFFAA3
FFFFFE71
FFFFFCD1
FFFFF751
FFFFFF27
FFFFF3E3
FFFFF724
FFFFFA60
FFFFFCFB
0000013B
FFFFFF6F
0000000A
FFFFFDEE
000003B3
FFFFFDA9
FFFFFA7C
000005C0
00000053
FFFFF784
00000941
FFFFF803
0000072B
00000322
FFFFF680
FFFFFA73
000000DF
FFFFFE4B
00000649
00000302
000005C7
FFFFFEFA
00000203
00000290
00000048
FFFFF84B
FFFFFFEB
FFFFFB1C
FFFFFECE
FFFFF62B
00000118
FFFFF936
000005B7
FFFFFFE9
FFFFFFDE
FFFFF683
FFFFFAEB
FFFFFF0D
0000025A
FFFFFC30
0000068C
00000338
000007AE
FFFFFDAF
FFFFFE0E
FFFFFD8C
000007D5
FFFFFD49
000004A7
FFFFF460
000003AC
FFFFF424
00000778
FFFFFB77
00000203
FFFFFB6B
FFFFFD69
0000043E
FFFFFB69
FFFFFE76
00000527
000000EF
FFFFF86F
00000924
FFFFFDA9
FFFFFB52
FFFFFE13
FFFFFC92
FFFFFE38
00000974
FFFFFCEA
00000451
FFFFFF9F
FFFFFF2A
FFFFFDCF
FFFFF4C1
FFFFF72E
FFFFFD27
000000C0
FFFFFC3C
FFFFF426
0000020E
FFFFFE58
FFFFF702
FFFFF813
FFFFFE8F
FFFFF62B
FFFFFDDB
00000B8D
FFFFFA53
FFFFFF64
FFFFFC77
FFFFFA65
00000674
00000537
FFFFF41E
000006C1
0000049D
00000073
00000128
FFFFF65C
FFFFF7B9
FFFFFA37
FFFFFCC1
FFFFFB9A
FFFFFFC5
FFFFFED2
0000015A
FFFFFEBC
FFFFFEC3
0000003A
FFFFFDDD
FFFFFF7D
FFFFFAFD
0000049F
00000664
00000D17
FFFFFD96
000000F1
000006B0
FFFFF4C5
00000967
00000A6E
000008BE
FFFFEB00
FFFFFCB0
FFFFF495
00000F0B
FFFFFFFF
00000E88
00000E31
FFFFF80F
0000114D
FFFFFD43
00000980
FFFFF601
FFFFFEBD
FFFFFB7A
00000E3C
0000055F
000006EF
000003BF
000007A0
00000439
FFFFF722
000000FA
FFFFF455
0000025A
FFFFFB87
00000277
000002FA
FFFFFCFC
FFFFF0E0
FFFFF6D3
00000139
FFFFF8F7
00000672
00000502
00000AD6
00000EAB
00000925
FFFFF96C
00000829
00000F7B
0000077C
FFFFFD41
00000B22
FFFFFC4E
FFFFF33D
FFFFFD88
FFFFFC17
00000AB1
00000207
00000FB9
0000019A
FFFFFF9D
0000088A
00001274
0000026D
FFFFFC0A
0000046F
00000367
0000071F
FFFFF9E3
00000358
000000AA
000005E3
FFFFFE37
FFFFEE72
FFFFFCA4
000006AD
FFFFFC88
FFFFFC0E
00000A2A
00000B40
FFFFF83C
FFFFF3DD
FFFFF772
FFFFED15
FFFFFE0A
0000034F
00000AEA
00000505
0000077D
00000268
0000037C
FFFFF7E4
FFFFEB3F
00000DA0
00000738
0000088F
FFFFFD15
0000020F
FFFFF0C6
FFFFF106
FFFFF290
FFFFFC50
FFFFFEDA
00000EF0
FFFFFEFA
000001AB
FFFFFDD8
FFFFFAC0
FFFFECC3
FFFFE8F4
000005D5
000002A5
FFFFFA21
FFFFFD7C
FFFFF413
00000CD7
FFFFF747
FFFFFF84
FFFFF423
00000611
FFFFF972
FFFFFA7E
FFFFF8DC
FFFFFD1E
FFFFFCEB
FFFFFC9E
FFFFF076
FFFFEA86
0000081A
FFFFF0B5
FFFFEE50
00000E92
0000114D
FFFFFC1F
FFFFF814
FFFFF694
FFFFF876
FFFFFA8F
0000106F
FFFFFDAC
00000BDC
FFFFFC43
FFFFEFCC
FFFFF50D
000001A6
000006D1
FFFFF95B
000002F3
FFFFFB38
FFFFFEB1
0000014C
FFFFF11B
000005EC
00000DFB
00000004
0000097D
0000126E
00000151
000003FB
00000FEC
FFFFF68A
FFFFFED0
00000AAF
0000003E
00000716
FFFFF7D8
FFFFFFAC
FFFFEED2
FFFFFDC0
00000AA5
FFFFF7ED
000004FB
00000091
00000427
FFFFF5A4
FFFFFF71
00000963
FFFFF05D
FFFFF310
00000162
00000E25
FFFFFC13
00000361
000002CE
00000763
00000895
FFFFFFED
00000FEE
000010AF
00000516
FFFFF695
00000C50
FFFFF649
FFFFF2E8
00000194
00000E8E
00000AC6
000008F2
FFFFF6E9
00000753
00001264
000000FD
FFFFFE90
FFFFFB76
FFFFF03E
FFFFF103
00000FB7
0000061E
FFFFF080
000007B7
00000264
FFFFF293
FFFFF744
00000D53
FFFFF72C
00000BD3
00000AC1
FFFFFF8C
FFFFFCF9
FFFFFBEA
000006C0
00000011
000010DC
FFFFF8BA
000002A8
00000820
FFFFF218
FFFFFE92
FFFFF255
00000799
FFFFF36D
FFFFFF89
00000957
00001637
FFFFF68C
FFFFFCBD
0000197F
FFFFFB37
00001160
FFFFF384
FFFFFC94
00000AE2
FFFFF67F
FFFFFC26
000001C5
FFFFF8AD
00000C85
FFFFF950
00000B7E
FFFFF691
FFFFF2CF
000006E6
00000C61
00000FFD
FFFFF643
FFFFEF5B
FFFFFACA
FFFFF104
FFFFF4BE
0000007A
00000514
FFFFF572
FFFFFF70
FFFFFD9C
FFFFFC6D
000000BB
FFFFF64C
0000083D
00001001
000008D2
0000014F
0000075C
00000656
FFFFF9CE
FFFFF62E
FFFFF68E
000004FF
000002DA
00000635
FFFFF5D9
0000075A
00000BCA
FFFFFAAD
FFFFF5AA
000005CB
00000FBF
0000105B
0000136E
FFFFF828
FFFFFD74
00000895
FFFFF6E3
00000B75
FFFFF893
0000060C
FFFFF38E
00000B4F
00001206
00000006
FFFFF21C
000003B2
00000456
00000967
00000458
0000080A
FFFFF71A
FFFFEBC8
00000203
0000019C
000007ED
FFFFFF79
FFFFF9BB
00000105
FFFFF7BC
FFFFED39
FFFFF0C6
FFFFF4BB
000008AF
FFFFF41F
00000162
0000044C
00000770
000005E8
FFFFFCBE
00000C2F
0000060F
000004E4
FFFFF9DC
FFFFED9E
000010BB
00001001
000013BA
FFFFFABA
FFFFFC12
00000097
00000CCC
FFFFF236
FFFFF910
00000B94
FFFFF33B
FFFFF105
000000D5
00000371
FFFFF396
FFFFFB76
00001144
000008FA
FFFFF9B5
FFFFFBEA
00000463
00000503
00000F36
FFFFF71C
FFFFFEBF
FFFFF88A
FFFFFF3F
FFFFF784
FFFFFEA8
FFFFF638
0000023C
FFFFFB34
FFFFF893
FFFFF859
FFFFF601
00000BE9
000005D5
00000298
0000060F
00000D81
FFFFF817
FFFFF9EC
000002BC
FFFFFF46
000001DC
FFFFFD2B
00000704
0000162A
000005AC
FFFFF826
00000D05
00000AB5
FFFFF6BD
000002C0
00000ABD
0000110B
000002B8
000004A2
0000015C
FFFFFAE2
FFFFFB1A
00000481
00000CEC
0000065A
FFFFF5BE
00000590
FFFFF410
000001C1
FFFFF14E
FFFFF45B
00000D58
0000024D
000012E5
000012F7
00000405
000008BE
FFFFFECC
00000F39
FFFFF7E4
00000764
0000068B
FFFFF6E5
000008BC
0000050F
FFFFF495
000008B6
FFFFF78E
0000006A
000002E3
FFFFF3CE
0000019E
0000089E
000002B2
000010DB
FFFFF0CC
00000421
000006AA
FFFFF3E9
000007BB
00000973
0000067F
00000D10
FFFFF029
FFFFFD20
FFFFFDF6
00000BD4
FFFFF9A9
000008FC
000002B3
FFFFFAA3
000008EF
000004E5
00000CA9
FFFFF047
00000890
FFFFF72B
FFFFF6B1
FFFFFDF9
FFFFFA98
00000419
000005B3
FFFFF1B9
0000067C
FFFFF802
FFFFF8B6
000003B5
FFFFFBA2
0000001C
FFFFF530
0000066E
00000119
0000056E
00000618
FFFFF639
FFFFFA15
00000652
FFFFF8BF
FFFFFAB0
0000045E
FFFFF654
FFFFFCBC
000004DF
00000257
000001E6
00000AF6
000002BF
FFFFF786
FFFFE5BE
FFFFEA79
FFFFFD3A
00000F72
000005FE
00000446
000006AA
00000017
00000F1F
00001274
0000058A
00000C00
0000097B
00000C99
FFFFFD7D
0000095F
00000765
000013A5
FFFFFE56
FFFFFA0F
FFFFFC7B
00000239
00000D94
FFFFFA8F
000011A8
00001541
000000E5
0000081A
FFFFF25F
FFFFF21E
00000EF0
000011B7
FFFFFC62
FFFFFF25
FFFFFE0B
FFFFFA8A
00000735
00001543
FFFFFFE8
00000343
FFFFE278
FFFFFCB8
00000777
00000ACA
0000110C
FFFFF6D4
000005FE
00000FB9
00000BD8
00000423
000003DD
FFFFFF59
FFFFF4FB
FFFFFEDC
FFFFF92B
FFFFFE36
FFFFF659
0000080D
00000385
FFFFFE49
000002CB
FFFFFB12
000003FC
00000276
FFFFF695
00000296
0000089A
FFFFFFBB
000009BF
FFFFFD98
0000015C
FFFFFBBC
FFFFF8CC
FFFFF816
000003A1
00000678
000001AD
000009A7
0000030C
FFFFF648
FFFFF419
0000032C
00000989
FFFFFC98
00000716
000000CA
FFFFFD5D
FFFFF309
FFFFF878
FFFFFAAB
00000CF9
0000047A
0000050F
FFFFF432
00000374
FFFFF6C9
00000817
00000168
00000506
00000F28
0000078A
FFFFFD02
FFFFEF5A
FFFFFF2E
00000932
FFFFF923
000002DC
000009A0
FFFFF3A6
FFFFF1A6
00000079
0000032D
FFFFFB48
FFFFF170
00000605
000002A5
FFFFFD37
0000004F
FFFFF987
0000055B
FFFFF805
FFFFFCA2
FFFFF652
FFFFFAB2
FFFFFB82
FFFFF78A
00000113
FFFFF071
FFFFFAD2
FFFFF907
FFFFFF9B
FFFFF7DA
FFFFF90D
FFFFFA5A
FFFFFB49
000003CC
000000EC
FFFFFB9C
00000208
000002E2
000007D2
0000034C
000005B5
FFFFF4E4
000008E6
FFFFEFBA
00000632
FFFFF5DF
000005E6
FFFFF40E
FFFFF478
FFFFFFB4
FFFFFDB9
FFFFF25E
00000260
00000108
FFFFFB5D
000002D9
000004C4
000005C5
00000498
FFFFEED5
FFFFF5A6
FFFFFB0E
FFFFF44A
FFFFFD65
FFFFFEEA
FFFFF4C3
FFFFF6A8
0000063E
00000944
FFFFEF42
FFFFFCE6
FFFFFAC5
00000F41
FFFFF994
FFFFFCC3
00000538
000007FA
FFFFFFBC
FFFFF759
000004C8
000005B3
000005C5
00000164
00000361
00000303
FFFFFB3D
00000489
000006E3
00000884
FFFFF5F6
FFFFFA43
FFFFFFE1
FFFFFCFA
00000320
FFFFFAED
FFFFF374
0000028A
FFFFFD1F
000001DE
00000AA4
00000759
00000578
FFFFFE03
FFFFFA05
FFFFF642
000000DA
00000294
FFFFFCF1
FFFFF65A
FFFFFED1
FFFFFE44
0000015B
00000F06
00000226
000009C7
00000C7A
0000091A
00000E26
00000A04
FFFFFB7E
FFFFFE64
FFFFFA20
0000022E
FFFFFF1F
FFFFF6BC
FFFFF755
FFFFF4E8
FFFFEF1D
FFFFEC1D
FFFFF2EC
FFFFF54E
FFFFF239
00000481
FFFFF2DF
000000B4
00000893
FFFFFBF2
00000765
FFFFFA01
000002C5
000001CC
FFFFF77D
FFFFFF95
000008A7
00000510
000005A7
00000DC5
0000072E
FFFFF480
FFFFFA1F
0000009C
000006AD
00000439
000002AA
FFFFFA00
FFFFF2C8
FFFFFE8B
FFFFEF84
FFFFF547
00000420
FFFFF308
00000647
FFFFFC53
00000021
FFFFFBF8
000001BE
000002FD
FFFFFB59
00000A59
00000146
FFFFFB7A
FFFFF4F8
FFFFFC24
00000AEB
0000012E
0000011B
FFFFFFAC
FFFFFA3C
FFFFFB3D
FFFFFDAB
000005D4
00000610
FFFFFA67
FFFFF98D
000002B4
FFFFF9DE
FFFFF9FA
00000C5A
FFFFFE92
FFFFFCE3
0000001D
00000010
FFFFF733
FFFFF67A
FFFFF2CB
00000D19
FFFFF82A
00000689
00000810
FFFFFA86
FFFFF5A2
00000138
0000039A
FFFFF53F
FFFFF928
FFFFF904
000004C9
FFFFF75B
0000060F
FFFFF755
000002B7
00000BEC
00000FFF
000006A6
FFFFFE1F
000009CD
00000865
00000DA1
000003D4
FFFFF364
00000516
FFFFF92A
00000334
00000436
000001A5
FFFFF3A3
FFFFF7C2
FFFFF322
FFFFFB5B
000001F5
FFFFF484
00000DEC
FFFFF6D2
00000A16
FFFFFD89
00000214
00000675
00000289
000008E6
00000A9C
FFFFF552
FFFFFFAD
FFFFF842
FFFFF914
FFFFFD58
0000089F
00000192
FFFFFDE3
FFFFF8A9
00000563
0000061D
FFFFF964
FFFFF9B8
000000D8
00000583
00000A74
FFFFFE5C
000004C5
FFFFFA01
FFFFF529
000007BF
00000453
000008EC
00000EC3
000002C3
FFFFFB47
00000746
FFFFED60
FFFFFDE9
FFFFFF90
0000031F
FFFFF847
FFFFFDA2
FFFFFEA6
FFFFF7D4
FFFFF51F
FFFFFFA5
FFFFF033
FFFFF4E7
00000591
FFFFFF2E
FFFFFDF9
0000021D
FFFFFC04
FFFFF1C6
FFFFF9EF
0000017F
FFFFF5AA
00000670
FFFFF77E
FFFFFAE6
00000917
00000B8C
0000095C
00000746
FFFFF936
00000E28
000007D0
FFFFFF5B
000006DD
FFFFF251
00000415
FFFFF7AE
00000835
000006CA
00000196
FFFFFF52
000000F7
FFFFFDF2
0000004F
00000CD8
FFFFFA16
00000B5F
00000B04
000001FF
FFFFFC39
FFFFFB44
0000061A
FFFFF75C
FFFFF607
FFFFF9A0
FFFFFBE6
00000473
FFFFF708
000002C6
FFFFF4B6
FFFFFFDA
FFFFF194
FFFFF99D
FFFFEA77
0000000E
000000FB
FFFFFC8B
FFFFF418
FFFFF9D6
0000014F
00000753
FFFFFAC5
FFFFF4C3
FFFFF6E9
FFFFFB79
00000159
000004F4
0000087D
FFFFF6FA
0000083D
FFFFFC45
000007B3
0000066F
FFFFFF67
00000906
FFFFFEBD
FFFFF747
FFFFF7C8
00000819
FFFFF0DF
FFFFFB8A
0000043A
FFFFFC00
FFFFF7AC
FFFFF326
FFFFFEC3
00000B48
00000917
000000D8
FFFFFC28
00000336
FFFFFB31
00000820
000006D4
0000045D
00000375
00000685
FFFFFB60
00000C8E
0000037B
0000029C
00000D70
FFFFFBD1
000008D7
FFFFFF5B
FFFFFC38
FFFFFE59
FFFFFE8B
FFFFFE84
FFFFFD6E
0000020C
FFFFF9B4
FFFFF40E
FFFFFADE
00000025
FFFFF4B5
FFFFFABD
FFFFF8C4
000008F5
FFFFFEC5
FFFFFAE0
FFFFFA03
FFFFF580
FFFFFEA5
FFFFFA2A
FFFFF8B9
000005C8
00000196
000007EC
FFFFF50F
000003AA
000001E9
FFFFFD5E
000000C8
FFFFFD45
00000B08
0000090C
0000083E
00000770
00000892
00000065
000006EA
000008F1
FFFFF786
FFFFFB46
FFFFF8EC
00000599
0000009D
00001315
FFFFFF4F
000003F9
FFFFFB22
000005FF
00000C6A
000009E2
00000C34
00000A78
FFFFFED7
00000345
000006BB
00000287
00000155
FFFFFDBE
FFFFFB29
FFFFF96E
FFFFF578
FFFFF6E7
FFFFFE08
00000A21
00000503
FFFFFCA7
FFFFFD10
FFFFF7C2
00000492
00000C67
000002C8
000000A1
000012C5
000003E5
0000067A
FFFFFC71
0000045C
0000083E
FFFFF872
000007A9
00000399
FFFFFC45
FFFFF27D
FFFFFF34
0000048E
FFFFFD61
FFFFFFE5
00000306
0000046F
FFFFFEDE
000005E5
FFFFFF01
FFFFF732
0000084C
FFFFFB57
00000C8C
00000C68
000001EA
000009FD
00000BD8
000008E1
0000058F
FFFFF6C0
FFFFF7A0
FFFFED70
0000068A
FFFFF863
0000019C
FFFFFF03
000005E5
0000069F
FFFFFD4E
FFFFF1F5
00000254
0000068B
00000328
0000070F
00000BEA
00000502
FFFFFF72
000006D0
FFFFFE3A
FFFFFBC9
FFFFFE9F
FFFFFBD4
FFFFF780
00000498
00001637
000001C9
000012B3
FFFFFA7B
00000C6F
0000037D
00000D1A
00000ACB
FFFFF2DE
00000460
FFFFF740
FFFFEB3D
00000189
FFFFF740
FFFFFDDC
FFFFF4F0
FFFFFE6E
FFFFF0F5
FFFFF8EA
00000104
FFFFF332
0000008F
FFFFFD11
FFFFF432
FFFFF32C
FFFFF2E8
FFFFFAC5
00000771
FFFFFB68
0000001A
FFFFFFFA
00000816
FFFFF9BB
00000678
FFFFF710
00000C8E
00000AE1
FFFFFD11
FFFFFE9B
FFFFFD4F
00000BD4
FFFFFF6A
00000AF4
FFFFFB98
000002AA
000002E0
0000021C
000001E7
00000019
FFFFFCE3
FFFFFD7B
000003C5
000003FE
FFFFF72D
000007C1
FFFFF8A3
FFFFFBA7
FFFFFEF0
FFFFFF95
FFFFFD70
FFFFF765
FFFFF56F
FFFFFA55
FFFFFE4F
FFFFF02A
FFFFEDDC
FFFFF055
FFFFF49A
FFFFF42E
FFFFEFAE
FFFFFF0A
000002CB
00000833
FFFFFA86
000003AF
FFFFE831
000004E0
00000B7B
FFFFF553
00000BDF
00000D87
00000245
000005BE
000006E2
FFFFFED2
FFFFFBAC
FFFFFE1F
FFFFFFBC
00000341
FFFFFDEA
FFFFFDD2
FFFFF37A
00000022
000000B2
00000E1F
00000148
FFFFF488
00000742
00000799
00000798
FFFFFACC
000007DE
00000606
000006CB
00000C05
FFFFFF9F
00000721
00000230
000001C9
00001317
000008AF
FFFFFC5D
0000001D
0000177C
0000041E
00000A78
00000917
00000A2E
FFFFF82C
FFFFFF04
00000699
00000448
000003DB
FFFFFFD3
00000518
FFFFF77D
FFFFF43B
00000074
FFFFF842
FFFFF4C2
FFFFFBF7
00000188
FFFFFF21
FFFFF310
FFFFFECA
FFFFEF26
000009A3
FFFFFD10
FFFFFBB8
FFFFFED4
FFFFF6E3
00000939
FFFFFDA0
0000086F
FFFFFB06
FFFFFD70
00000366
000000DB
00000172
FFFFFB3A
0000015E
000006B4
0000005A
0000010E
FFFFF719
00000DD4
0000020F
FFFFEB0A
FFFFFBD6
000009B7
FFFFEF74
000013E6
00000100
FFFFFFDA
000002DD
FFFFFB7A
FFFFEC90
FFFFFD16
000006EB
FFFFF74D
00000498
000009A6
FFFFFFA6
000013FA
00000494
00000900
00000D8C
FFFFF478
00000ACE
FFFFF623
00001669
000013A6
FFFFFED8
FFFFF690
FFFFFB56
00000F19
FFFFFBA6
000008F6
FFFFF7BD
000009EE
00000132
FFFFF509
FFFFF387
FFFFF27B
0000052C
00000236
0000072A
FFFFF7C8
00000822
000008B5
00001388
FFFFFD23
00000719
FFFFFF24
FFFFFE1D
FFFFFD33
000004C8
FFFFFF72
FFFFF7C9
000006BF
FFFFFCE1
00000231
FFFFF772
0000091F
000002C8
00000B49
00000433
00000B8A
0000135C
00000B9D
00000723
FFFFF85D
00000B29
000009ED
00000A3B
00000958
FFFFFC6A
00000386
0000070E
FFFFFAE8
FFFFF9D6
FFFFFB21
FFFFFC06
FFFFF949
FFFFFD8A
FFFFED60
FFFFF4E8
FFFFF9BC
FFFFFCD5
00000B22
FFFFF96B
FFFFFA10
FFFFF2E7
FFFFFB76
0000062E
00000D75
FFFFFAE4
FFFFF63C
FFFFF4E1
FFFFF79E
FFFFF8EC
FFFFF5FB
00000038
00000006
FFFFF67B
FFFFF4F7
00000A48
00000D58
FFFFFA14
FFFFFEF9
000014A4
00000A1C
FFFFF968
000000AA
00000508
000005FF
00000170
FFFFF9C8
FFFFF992
FFFFFB2F
FFFFF575
000002E1
FFFFFB11
00000393
FFFFEEDC
FFFFFA6B
00001068
FFFFF5E7
000007D3
000004BD
00001412
00001096
00000172
000004F7
FFFFFAAC
00000219
000006F6
00000733
000000D5
00000B44
FFFFFA4B
000006B5
00000762
FFFFFFF2
FFFFFFAC
000008ED
00000599
00000622
FFFFF07E
FFFFF3C5
FFFFFFD4
FFFFF8B1
FFFFFA96
FFFFEA7A
FFFFF974
000002E9
00000AE6
000007E3
00000762
FFFFFF7C
0000001B
000004E7
FFFFF931
FFFFFF1F
0000058A
FFFFFBD9
FFFFFAB4
FFFFFD31
00000C74
0000056B
FFFFF29A
00000CD7
FFFFFC3A
FFFFFFC8
00000AE0
00000A50
000000D6
FFFFEF53
00000931
00000883
FFFFF803
FFFFFC59
FFFFFA37
000007EB
000010D5
FFFFF65F
000004AA
0000126F
FFFFFDAF
FFFFEF4F
FFFFF788
FFFFFBFE
000001F9
000003BE
FFFFED66
FFFFEFC0
FFFFF6CE
00000E72
FFFFFF37
FFFFED5E
FFFFFEDC
FFFFF48E
FFFFFA1E
FFFFF8CA
00000B26
FFFFF720
FFFFF3BE
FFFFFB94
FFFFF1D4
FFFFF357
00000CD9
FFFFF6AB
000000CD
FFFFF5EC
FFFFF571
FFFFFB6E
0000015D
00000351
000004A1
FFFFF703
FFFFF7CE
FFFFFB57
00000118
FFFFFBD9
000003F7
FFFFFD15
FFFFFAB7
FFFFFA9D
0000041E
0000041D
FFFFF33E
FFFFF333
00000867
FFFFFCE7
FFFFEFDB
00000024
0000157C
0000096E
00000FBE
00000C0F
00000632
0000023F
0000066D
FFFFFF91
FFFFFF72
000004CE
00000953
00000940
FFFFFAF3
FFFFF28C
00000176
00000628
FFFFFE93
FFFFF458
00000CC4
FFFFEE6E
00000AED
000008F2
0000091B
000007F7
FFFFF396
FFFFFABA
FFFFF474
FFFFFF60
00000E59
FFFFF645
FFFFF743
FFFFFEC6
FFFFF011
0000052C
00000836
FFFFF532
00000B03
000006AE
00000006
FFFFFA0A
FFFFF666
0000016A
FFFFF449
0000007D
FFFFFEED
00000411
00000A59
FFFFFE44
0000044E
FFFFF9CD
000001B8
FFFFFE15
FFFFF32B
000006FB
FFFFFE62
000002EB
000009CF
0000055D
00000073
000012CA
00000290
00000709
00001120
00000E0A
00000747
FFFFFF90
FFFFFC65
0000055C
FFFFFFA7
FFFFEED5
000003DB
FFFFF483
FFFFF89F
00000201
FFFFFD85
FFFFFCB7
FFFFED42
000001D7
0000015D
FFFFFF6D
FFFFFB92
FFFFF6A2
FFFFF327
FFFFF72A
FFFFF881
000003A5
00000133
FFFFFDE3
FFFFF84F
FFFFFE44
00000735
FFFFFF0D
00000C80
FFFFF652
FFFFF777
FFFFFBFD
FFFFF592
FFFFF7F4
00000200
0000088A
00001936
000007CB
FFFFF9D1
00000BBB
FFFFFF21
0000047D
FFFFFADA
00000176
00000323
FFFFFCEF
FFFFF796
FFFFFA89
00000587
0000080F
00000316
0000048F
FFFFF9A4
FFFFEFC5
00000343
000008B6
FFFFFF9D
FFFFF6D0
00000560
00000867
00000077
FFFFF5CC
FFFFF471
00000922
0000060E
FFFFF653
FFFFF832
FFFFFC08
FFFFFB3D
000000E7
FFFFF36C
FFFFF1F8
000009B9
FFFFFD97
FFFFFC20
FFFFFD1A
000002CC
0000063D
FFFFEE65
00000515
000001F9
FFFFFD8A
FFFFFDB5
00000F91
00000EF9
0000024A
00000D1A
00000482
00000D97
00000630
000004CA
000000EC
FFFFFFAB
FFFFFDAC
00000831
00000126
0000040A
000007D9
0000024D
FFFFFD9B
FFFFFB15
FFFFFCF3
000008E9
000000F4
FFFFFB17
FFFFFF9E
FFFFF370
FFFFFE65
00000A67
FFFFFB61
00000754
000004C1
FFFFF96B
FFFFF860
FFFFFD25
00000462
00000D75
FFFFF745
0000076A
00000347
00000470
FFFFF31E
FFFFFA8B
00000EC2
FFFFFA4D
FFFFFF26
000000A3
000000F4
00000697
0000121A
FFFFF69E
00000E7F
0000003F
0000008E
00000042
00001223
00000BE2
FFFFEF5C
FFFFFD05
000002EF
FFFFF39C
00000303
FFFFF890
FFFFF9E9
00000893
00000034
0000043F
FFFFFA4D
000006AB
00000D62
00000419
00000126
FFFFFF36
00000C58
FFFFFFAF
FFFFF189
FFFFF519
000001E0
FFFFF9A8
00000461
FFFFF97E
FFFFFE09
00000F10
FFFFF9C3
FFFFFBD5
0000007A
00001245
FFFFFEDB
FFFFFAED
00001405
0000092A
FFFFF0BA
FFFFFCEC
000006D2
0000086A
FFFFFA7B
00000476
00000187
FFFFF757
00000A18
00000DE6
00001073
00000552
FFFFFD79
000008D3
FFFFF2F3
00000153
0000017C
00000982
FFFFF0CD
00000B1C
FFFFFC4F
FFFFF4AB
FFFFF621
FFFFF468
FFFFFD77
000009B7
00000313
FFFFFF2F
FFFFFCFD
FFFFFD6C
00000157
FFFFFA75
00000250
00000201
FFFFF9B7
FFFFFB5B
FFFFF8AE
0000043A
000000CF
FFFFFB62
00000073
00000089
00000618
FFFFFE91
FFFFF737
FFFFFB47
0000030D
FFFFFF1A
0000064F
000007DE
FFFFFD69
FFFFF98C
FFFFFDB7
FFFFFBBC
000005DF
00000249
FFFFF8BC
0000028E
FFFFF8C0
0000097B
00000271
FFFFFEE9
000004D6
FFFFFD2E
FFFFFB56
FFFFFDD9
00000268
FFFFFEB5
000009BA
FFFFFC00
FFFFF96B
FFFFFF0F
FFFFF4FB
FFFFFDB0
000004F8
000000FC
FFFFFF9A
00000087
FFFFF3BB
FFFFFB18
000002C8
FFFFF943
FFFFFFD5
FFFFFC55
FFFFFBF8
FFFFFEDF
FFFFFFBF
000005A1
00000206
000003F7
FFFFFF7B
00000440
00000357
000008C7
00000A45
00000B05
000005A7
0000112A
00000008
00000779
000002E5
000002AD
000006E3
FFFFFFB6
00000624
00000777
000002DE
000002EF
FFFFF653
FFFFFB3C
000007D4
00000D7B
FFFFFF08
FFFFF52D
FFFFFFB0
00000877
0000050F
FFFFF705
FFFFFD6B
00000C80
00000674
0000065C
FFFFFF52
000000EA
00000DD5
0000003D
00000795
00000415
00000714
00000050
00000264
FFFFFFB6
FFFFF725
0000055F
000006A6
FFFFF995
00000C82
00000620
FFFFF5BE
FFFFFED3
00000B71
000006CD
00000B29
FFFFFA32
FFFFFF1D
00000B48
FFFFF8C1
FFFFFE92
FFFFFE10
FFFFF9FA
FFFFFF78
0000025F
00000054
FFFFFC6E
000009CE
00000A2C
00000A41
FFFFFCFB
00000231
0000049F
00000ACC
FFFFFD93
FFFFFDDE
FFFFFE36
FFFFFFD2
000008C9
FFFFF74D
00000505
000001CC
0000045C
00000313
FFFFF63C
FFFFF590
FFFFFAE4
FFFFFC45
00000036
FFFFFB4F
FFFFFD59
FFFFF5DD
FFFFF8A4
00000319
FFFFF91B
FFFFFD55
FFFFFC79
FFFFFC91
00000028
FFFFFEC5
000000C6
0000073C
00000942
FFFFFA07
FFFFFB8D
00000805
00000C85
FFFFFED4
0000059C
FFFFFF8F
00000439
FFFFF98B
FFFFFC2A
000004F7
0000091D
FFFFFC06
00000056
00000160
000004AC
FFFFFD96
00000104
00000835
00000359
00000CF3
00000104
00000883
0000037E
000007A9
FFFFFC33
00000528
0000029E
0000042B
FFFFFB64
FFFFF90A
FFFFFFBF
0000060A
00000990
FFFFFF34
0000015B
000002C7
00000163
000000E2
FFFFFDFE
00000967
0000036F
00000373
000003C1
000000EA
000001A1
FFFFFAFD
FFFFF896
FFFFFD52
FFFFFB66
FFFFFD6F
000007E5
000008DE
00000015
FFFFFE67
0000057C
0000039A
0000094D
FFFFFA05
FFFFFED6
FFFFFC3F
000004DD
FFFFFBA6
FFFFF86F
FFFFFF4E
FFFFFE44
FFFFF73D
FFFFFF82
00000660
00000392
0000084A
FFFFFE69
000007C0
0000025B
FFFFFA77
FFFFFD03
00000680
FFFFFAFC
FFFFFB6C
FFFFFCB4
000000D4
0000053E
0000071E
00000646
FFFFF891
0000029F
0000076B
0000099B
FFFFFA63
FFFFF867
00000197
00000B74
FFFFFF98
FFFFFA6C
000002C0
FFFFFC90
00000282
00000202
FFFFFB71
00000CAC
FFFFFC6B
FFFFFE89
00000440
FFFFFA82
00000192
0000059B
000006FB
FFFFFBB1
00000341
000000E9
0000065F
000001CC
FFFFFF81
FFFFFDCD
FFFFF7F6
00000049
0000013D
FFFFFD1C
FFFFF9CF
00000771
000002A7
FFFFF852
FFFFF676
00000325
000004B7
0000013C
FFFFFECF
000002ED
00000A21
FFFFFB52
000003C3
00000512
0000032F
00000171
FFFFFC9D
000009D6
000005E1
000006F5
FFFFF5D0
00000700
FFFFFC3E
000001DC
000009D6
00000AF1
00000079
FFFFF8E1
000000B6
0000050C
0000097E
00000301
FFFFFA9E
FFFFFD08
000000BA
000004D3
000000BE
FFFFFCA0
000007D7
FFFFFE00
FFFFF941
000005AB
FFFFFCCA
000006A4
00000601
00000517
0000036C
FFFFFDDC
FFFFF709
FFFFFE38
FFFFFFD6
00000363
00000350
FFFFFA14
00000355
FFFFFABE
FFFFFF08
000003D9
FFFFFD19
00000037
FFFFFEA8
FFFFF613
FFFFFCF3
FFFFFFE9
00000307
00000375
0000017B
FFFFFFAE
00000539
FFFFFD02
FFFFFF02
FFFFFB63
00000152
00000B3F
000001AA
0000036D
FFFFF775
FFFFFEC3
0000059C
00000306
00000068
00000110
00000439
000006DD
00000497
FFFFF647
00000284
000005CE
FFFFFBBA
0000085A
FFFFFE4D
0000028F
00000625
0000086D
00000466
FFFFFDB8
0000019B
FFFFFFBE
00000543
FFFFFD0E
000002ED
000003A8
000002F3
FFFFF4B4
00000B49
FFFFFB24
FFFFFFCB
000004BA
000006D2
000003FB
FFFFF397
FFFFFF55
000009CA
FFFFFC68
0000059C
000008F7
00000369
00000ADC
00000132
00000164
00000049
00000577
00000340
00000A71
FFFFFDD7
00000388
FFFFFC03
FFFFFAD9
00000349
00000AC2
FFFFFCC5
000002BD
FFFFFFF1
FFFFFDA6
FFFFFE03
0000062B
FFFFFEA4
000007A2
FFFFFEC8
FFFFF9FD
000005D0
FFFFFB60
FFFFFDF7
000003B0
00000755
00000633
0000095E
00000355
FFFFFDB1
000001D3
FFFFFDEE
00000279
00000358
00000700
00000074
FFFFFDDA
00000966
000005FF
000006CE
0000015B
00000315
000004D9
00000404
FFFFFB72
000001AE
00000223
000009C5
00000795
00000937
00000211
FFFFFA05
FFFFFAFB
FFFFFBBD
FFFFFDFF
FFFFFFC6
FFFFFACA
0000000C
FFFFFC24
0000022D
000004A1
00000622
FFFFFBC0
FFFFFEB8
FFFFF9D5
000001AE
FFFFFE02
FFFFF93C
000003CE
00000246
000006E3
000006AA
0000021B
00000336
00000899
000009CC
FFFFF79B
000004D6
00000560
FFFFFCB9
0000014A
FFFFFA95
00000569
FFFFFC60
FFFFFB9A
FFFFFD1A
0000053B
FFFFFDB6
000005BE
00000672
0000044D
FFFFFED5
FFFFFF78
0000059D
000005ED
000005C7
00000954
00000621
00000A5C
FFFFF990
FFFFFF5A
0000076F
00000147
00000B27
FFFFFF84
FFFFFE9D
00000007
FFFFF92B
00000473
00000532
0000021D
00000042
FFFFF508
FFFFFC36
0000068C
FFFFFD6B
00000725
000002D7
000000B3
FFFFF7DD
FFFFF814
00000A1F
FFFFFD07
FFFFFFBA
FFFFFFE5
FFFFF974
00000025
00000598
FFFFFDA9
FFFFFEA1
00000759
0000059D
0000010A
00000724
00000593
FFFFFF03
000004DF
000003E1
FFFFFEE7
000001C6
0000071C
FFFFFC0D
FFFFFDE4
0000103E
FFFFFBB3
000000D3
000005D6
FFFFFC79
0000010A
FFFFFFD7
FFFFFC0C
00000363
FFFFF9A5
FFFFF660
00000341
000004A8
FFFFF705
FFFFFCB7
FFFFF861
00000208
000000F1
FFFFF684
00000452
FFFFF8C0
FFFFF74F
FFFFFF15
000000E8
FFFFFA90
FFFFFE4C
0000016D
000004C5
000001EC
00000269
000005CD
000005F6
FFFFFB58
FFFFFD02
0000036C
0000079B
FFFFFEC2
00000875
0000019E
00000E65
00000AB9
FFFFF881
00000ADB
FFFFF7E9
FFFFFFFD
FFFFFFAB
00000291
000003AC
FFFFF6F6
000002CD
FFFFFF57
00000146
000004FE
FFFFFA4F
00000139
FFFFFC8A
0000021B
0000034B
000002A7
FFFFF851
FFFFFA06
FFFFFE73
000007C1
0000051D
000002DD
00000531
FFFFFDBC
FFFFFAAB
FFFFFF6E
FFFFFB00
FFFFFA6C
00000800
00000082
00000616
000001C2
00000C8D
00000604
FFFFF5CC
FFFFF77F
00000295
00000173
0000027E
FFFFFBD1
00000156
FFFFFAC6
0000011D
FFFFF962
000001C5
FFFFF623
0000071B
FFFFF554
FFFFFE76
FFFFF9E2
00000B3F
FFFFFE25
00000882
00000AA7
0000050A
0000066C
00000905
0000029A
00000D95
000009C8
000006BE
FFFFF5E6
FFFFFAF0
FFFFFBC0
00000375
00000635
00000CD7
00000256
00000617
0000025F
0000042B
00000177
000008A3
FFFFFA10
00000A51
FFFFFAF1
000000E1
00000469
0000095B
FFFFFA5B
FFFFF655
FFFFF590
00000152
00000244
0000003B
FFFFFDB8
000007BE
00000244
FFFFFBB4
FFFFF4FB
FFFFFE40
FFFFEF3E
FFFFEE3B
FFFFF22B
0000026D
FFFFF634
FFFFFED9
00000042
FFFFFBF0
0000096E
00000E68
00000657
FFFFFD92
00000C9E
00000514
0000052E
FFFFFC32
FFFFFE01
FFFFF8AE
000008DC
FFFFFBFD
FFFFFB08
FFFFFD73
00000623
00000915
00000437
FFFFFB46
FFFFFA1F
0000009E
FFFFFC82
00000762
FFFFFF5C
FFFFFF5C
00000706
00000462
FFFFF95E
FFFFFB12
0000082E
00000784
00000631
FFFFFA48
FFFFF874
FFFFF84E
FFFFFD4D
0000088A
FFFFFA36
FFFFFFF1
000006B5
00000575
FFFFF947
0000087C
FFFFFC0B
00000043
FFFFF636
000005E3
00000BCB
00000723
00000C9D
0000037F
FFFFF743
FFFFFD91
00000357
FFFFFCE0
0000041C
FFFFF522
FFFFFD1D
FFFFF415
FFFFFC55
00000163
FFFFFA65
00000133
00000D6D
FFFFF52A
000004D5
00000CAB
0000055A
FFFFFF93
00000030
FFFFFAE1
FFFFFCF3
FFFFF96E
00000143
0000006A
FFFFF322
FFFFFD13
00000385
000001B8
000004C6
FFFFFEE0
FFFFF8A8
FFFFF877
FFFFFF48
FFFFF826
FFFFFE17
000003AE
FFFFFFB2
FFFFF559
00000700
000002F6
FFFFF2D3
00000C9F
FFFFFCF2
FFFFFE65
FFFFFF24
00000117
000005CC
FFFFFC7D
00000144
FFFFFAE7
FFFFFAB2
FFFFFA3E
FFFFFE68
00000175
000001F4
FFFFFB42
FFFFF888
0000042E
FFFFF84C
FFFFFF7D
FFFFF9A5
FFFFFA97
FFFFF663
FFFFFEBF
FFFFF703
FFFFFC21
FFFFFBDD
FFFFF94E
000000A9
FFFFF580
00000B0D
00000372
FFFFFF59
000001CB
FFFFF5AB
00000397
FFFFF68D
0000005E
000000ED
FFFFF5BE
FFFFFAB8
00000BEF
FFFFF996
000005F5
FFFFFD64
0000047B
000005FB
00000887
00000601
FFFFFCB6
FFFFF8FA
FFFFF9CB
0000079A
FFFFF8ED
FFFFFCDD
00000694
00000016
FFFFFA97
00000962
000008DA
000004AE
FFFFF8A7
FFFFFA08
FFFFFFD6
0000086F
FFFFFBDC
FFFFF746
FFFFFEE0
00000169
FFFFFDC7
FFFFFF5E
FFFFF820
0000009D
FFFFF5BF
FFFFFE64
FFFFF180
000008B7
FFFFFEE9
00000104
FFFFF4ED
FFFFF88E
0000010D
00000171
0000008F
00000380
FFFFFB0D
FFFFF57B
00000196
000001E0
FFFFFDB8
FFFFF818
FFFFFF60
FFFFFE1F
FFFFF7FD
FFFFFC1F
FFFFF9FA
FFFFFDF6
000002BB
FFFFFC26
000004F1
FFFFFDFD
FFFFFFB1
000003E8
FFFFF797
00000489
00000306
FFFFFC3C
FFFFFBE8
FFFFFFD8
0000067A
00000126
FFFFF676
FFFFFC18
FFFFFB03
FFFFF2C6
FFFFFF21
00000413
FFFFFCEE
FFFFF7AB
FFFFFBF2
FFFFF970
00000441
FFFFFEC8
FFFFF891
00000A0A
00000941
00000806
000002A7
FFFFFD7E
FFFFFB19
FFFFFF8E
FFFFF347
FFFFFC57
FFFFFDBA
00000F12
00000395
FFFFFD53
00000458
00000181
000001A4
0000018F
000005C0
FFFFFDB4
FFFFFACA
FFFFFE21
FFFFFCFA
00000387
000003CE
000008A0
000002B4
FFFFF9C5
000003E6
0000059B
FFFFFAF5
FFFFF710
FFFFF4A8
FFFFFF6C
FFFFFD32
00000171
000003B3
0000032F
00000096
00000207
FFFFF96D
FFFFFB49
FFFFFFDC
FFFFF5D2
FFFFFBB9
00000165
FFFFFF34
0000049C
000007DA
00000190
000000AE
00000512
FFFFFEE6
00000725
FFFFFEC1
000004AB
000001D2
FFFFFDCE
FFFFFF59
00000223
00000BB4
000007DB
FFFFF467
FFFFFD58
FFFFFFA9
00000464
FFFFFFF6
FFFFFB47
FFFFFFB5
FFFFFB4D
00000378
000007FD
000003E4
000007A6
00000308
FFFFFF85
FFFFFD53
FFFFF717
000004F5
000001AC
FFFFFC04
FFFFF7F2
000002E5
FFFFFD57
FFFFFF05
000006D5
00000565
000003D9
FFFFF8F0
FFFFFEA0
FFFFF4A8
FFFFF91E
FFFFF9BD
FFFFFFF8
000008CF
FFFFFF88
000009A0
00000677
00000176
FFFFFC43
FFFFFCDB
0000050E
00000988
FFFFFD06
000008B6
000000AF
000005C7
000003C1
00000536
FFFFFD71
00000420
FFFFFBEF
00000571
FFFFFCC3
00000603
000002D5
000009D1
FFFFF73C
0000067A
FFFFF53C
FFFFF992
000001C9
FFFFFBE3
00000397
FFFFFA2F
FFFFFBDE
00000881
FFFFF897
FFFFFE3B
FFFFFDD1
FFFFFAAA
FFFFF6B0
0000058E
00000500
0000022F
00000352
FFFFFED0
00000951
FFFFFF78
000005FC
00000E42
00000452
FFFFFEA2
FFFFFA28
FFFFFE7F
000008E8
FFFFFF06
000004F1
00000AE2
FFFFFC28
00000194
000006F7
00000BB5
FFFFFC5B
00000085
0000041A
0000011E
000006E4
000008D6
FFFFFD6D
0000016B
FFFFFC23
00000A25
000001E9
00000540
FFFFFCAA
000001D7
0000002E
00000B16
FFFFFF95
FFFFF911
FFFFF966
0000029D
00000AC6
FFFFF90B
FFFFF8A0
000005C7
FFFFFC3C
000001B3
FFFFF7E9
000005B7
FFFFFD21
0000050A
FFFFFF0C
00000251
FFFFF39E
00000298
FFFFFC3E
000009AB
FFFFF794
0000071A
FFFFFA2C
0000032E
FFFFFFAE
000000ED
FFFFF434
FFFFFDEA
FFFFF63E
FFFFF803
00000519
00000751
FFFFF5DA
00000116
00000921
00000320
000001B6
00000999
FFFFFF0E
FFFFFE44
FFFFFD55
FFFFF84C
FFFFF83F
FFFFFB62
00000005
000002AB
00000727
FFFFFE25
000000E2
00000098
FFFFFF6C
0000041C
FFFFF93F
00000996
00000343
FFFFF8BA
00000A11
000003F9
FFFFFCE1
FFFFF9A7
FFFFFB0F
00000678
00000E41
FFFFFD14
00000950
00000983
00000102
FFFFF9EC
000008E5
FFFFFEFE
FFFFF919
FFFFFAB0
FFFFFDE9
0000035B
FFFFF7E0
00000B45
0000086F
FFFFFC82
000007C3
FFFFFF0D
FFFFF8A3
000005AE
000001CA
FFFFFBDA
FFFFF78B
0000041E
FFFFF888
FFFFF8E2
FFFFFB37
00000478
FFFFFD04
00000302
00000028
FFFFF5D1
00000232
000000A1
000003F8
FFFFFA90
000000EE
FFFFFC2D
FFFFF974
FFFFF9C8
00000310
00000480
00000361
FFFFFF0C
0000051F
FFFFF749
0000031F
FFFFFD68
FFFFFDE0
FFFFFA6D
FFFFFAA4
00000187
0000022B
FFFFFD94
00000235
0000049D
FFFFFC52
000000A8
FFFFF43C
00000074
00000163
FFFFFC48
FFFFFB94
000005EE
FFFFF328
FFFFFF97
FFFFF6CD
FFFFFC5E
FFFFF2BB
FFFFF6F3
0000005A
FFFFFA12
FFFFFAD3
FFFFFE58
FFFFF933
FFFFFA73
FFFFF658
FFFFFB2B
FFFFF71E
000001FC
FFFFF818
0000064E
FFFFF8B9
FFFFFCDB
FFFFFD61
00000178
FFFFF62A
FFFFFAB6
FFFFFD18
0000071C
0000036B
0000080D
FFFFFFBF
000009F0
00000033
FFFFFAB4
00000857
FFFFFDF5
00000343
00000C27
00000373
00000A99
0000028D
FFFFFF36
FFFFFDD4
00000025
FFFFF456
00000A0F
FFFFFFF8
000004C1
FFFFFA45
00000082
FFFFFB47
000004EF
FFFFFEC0
000003B1
00000801
000006C3
FFFFF835
FFFFFC55
00000281
00000134
00000156
FFFFF54D
FFFFFA53
000002C0
FFFFFD36
00000484
00000002
FFFFFACD
000000B8
000000F0
00000193
0000040E
0000036F
00000625
FFFFFE59
FFFFFF66
FFFFFFCC
00000574
0000062F
FFFFFD0E
FFFFFC02
00000201
000001FB
00000307
00000662
00000428
FFFFFF07
FFFFFA70
000006D8
00000825
FFFFFFD1
FFFFFF33
FFFFFA6D
0000006F
00000155
FFFFFF17
FFFFFAF5
FFFFFF03
0000041A
000000B3
FFFFFC31
000006F5
FFFFFB72
FFFFFF2E
FFFFFB9A
FFFFFB8A
00000158
00000426
FFFFFAF2
00000207
FFFFFD50
FFFFFFE8
FFFFF471
00000307
FFFFF7D7
FFFFF9A9
00000219
00000398
FFFFFC8A
0000062C
FFFFF9AE
0000042F
FFFFFF14
00000443
000002F5
00000B09
000002BE
FFFFF94C
000005E9
00000A96
00000668
FFFFFFD5
FFFFF9C7
FFFFFB94
FFFFFC82
FFFFFCB0
00000614
0000031E
00000305
FFFFFA7A
000006CC
000001BE
000003FD
FFFFFF11
0000067C
FFFFFEEF
FFFFFB8A
FFFFFC75
00000042
00000252
FFFFF8F0
FFFFFE67
FFFFFD7E
00000047
FFFFFD06
00000217
FFFFFC48
000005F5
0000003A
00000071
FFFFFE6F
0000009B
FFFFF9C4
0000053B
00000257
FFFFFF7D
FFFFFE76
00000680
FFFFFA47
FFFFF6CF
0000025F
FFFFFAF4
FFFFF572
FFFFFDC9
0000075C
FFFFFD5C
FFFFF751
0000044B
FFFFFCE5
000005C4
0000015A
00000324
000002E7
FFFFFADE
000000F9
FFFFFE95
FFFFFE7A
FFFFFCCE
000000FD
FFFFFFC5
00000A31
FFFFFED2
FFFFFE5E
FFFFF9D4
000001C0
00000300
FFFFFDDC
FFFFF6EC
FFFFFC48
0000023C
FFFFF777
FFFFFB22
000001FD
0000023A
FFFFFA79
FFFFFAED
FFFFF98A
000005B3
FFFFFF27
000000DE
000001C4
00000686
FFFFFB7B
000004D0
FFFFFFC7
00000266
FFFFFAEC
0000053D
FFFFFB2B
00000587
000001C5
FFFFF728
FFFFFCE6
FFFFFAEE
FFFFFEAE
00000107
00000668
000004F5
000002F1
00000404
FFFFFEB2
000001D8
FFFFF631
FFFFFFAF
00000438
00000159
FFFFFEAA
0000004F
FFFFFEE8
FFFFFAB4
FFFFF98D
FFFFF893
FFFFFFF2
00000A1F
000004D5
00000453
000005EB
FFFFFE87
00000475
00000789
00000440
00000386
00000642
FFFFFEC4
000003DC
00000190
0000057A
FFFFF8F1
FFFFF6D3
00000763
00000186
000001F9
000000A4
FFFFFAD8
0000048A
000004C1
0000010E
00000042
FFFFFE73
00000B62
FFFFFE34
000007EF
0000040C
000001DF
00000910
FFFFFDA9
000007C5
FFFFFC77
FFFFFD46
FFFFFAA8
000000C5
FFFFF6F9
000004DE
00000611
FFFFFC29
FFFFFC85
FFFFF941
00000570
000001F3
000001E9
FFFFFF60
FFFFF7CE
0000021A
FFFFF62E
FFFFFEF6
FFFFFA2F
FFFFFA89
00000034
FFFFFFA2
00000872
0000011A
FFFFF6AF
FFFFFB25
00000122
000006E1
FFFFFC20
0000069C
FFFFFD3A
000000ED
FFFFFCC0
0000035C
00000070
FFFFFB8C
FFFFFE0F
000001F9
FFFFFB16
000000EB
FFFFFAA7
0000022A
FFFFFC4D
FFFFFD59
FFFFFA60
FFFFF75A
000002B0
0000068C
00000717
FFFFF9B1
000000E1
00000287
000003C5
FFFFFFFC
FFFFFE09
0000022A
0000018C
000004C4
FFFFF9D4
FFFFFC66
FFFFFD47
FFFFF732
FFFFF680
FFFFFA19
00000224
FFFFFA06
FFFFF3D6
FFFFFDC2
FFFFFFA8
FFFFFEDE
FFFFF7F6
FFFFF9D6
0000019C
0000019D
FFFFFC79
FFFFF91D
FFFFFA5D
00000367
FFFFFFC0
00000628
0000049A
00000327
00000908
000004A3
00000596
0000036D
000001DD
000002C2
FFFFFADE
00000043
0000019D
0000073E
FFFFFE81
000007FC
FFFFFE14
FFFFFF05
0000009F
FFFFF783
000004E7
FFFFFF60
FFFFFCC5
FFFFFE31
000005A7
FFFFFE28
000003B1
FFFFFAB3
000000BE
000000B0
0000024D
0000012D
00000458
FFFFFAC9
00000768
FFFFFC6E
00000117
000000A2
FFFFFADD
0000063C
00000389
00000348
000005A5
FFFFF678
000001EF
00000273
000005D8
000001E4
FFFFFAD2
000002D6
000003A5
FFFFFEF1
00000473
00000786
00000358
000004C1
FFFFFB7E
00000232
000003EF
00000613
0000084A
000003F6
0000060B
000002EC
FFFFF85D
000004F0
00000144
FFFFF9C5
000009A1
00000510
FFFFFFC3
0000014E
FFFFF869
FFFFF91D
FFFFFFFA
00000284
00000810
0000038C
FFFFF9E4
FFFFF4A9
FFFFFE84
FFFFF877
FFFFF8A5
FFFFFDCC
FFFFF8F7
FFFFF739
FFFFFB98
FFFFFBAB
FFFFF983
FFFFF732
FFFFFD5D
00000041
FFFFFF8D
FFFFF56A
FFFFF248
FFFFF2C2
000004A4
FFFFF73F
000002C1
FFFFEE7B
FFFFF84E
FFFFFA0B
FFFFFCF0
FFFFF8B5
000000C5
FFFFF930
0000064C
FFFFFF06
0000013C
FFFFF216
0000009A
00000272
FFFFFFF6
FFFFF572
0000095D
FFFFFC65
00000F53
FFFFFFC6
0000028B
FFFFFCB0
FFFFFD06
FFFFFC80
FFFFF95B
FFFFFFEF
0000004C
0000033B
FFFFFCCE
FFFFF60B
FFFFFA19
0000025D
FFFFFF0A
00000280
0000062F
FFFFF667
FFFFFEFA
000002CA
0000025B
00000490
FFFFFE5D
FFFFFCB2
000006AB
000008B0
FFFFFB0A
000007A4
0000081C
FFFFF973
00000107
000002C5
00000232
FFFFFEED
000003FD
FFFFF648
00000517
FFFFFDAC
FFFFF4FA
00000432
FFFFFF9D
FFFFF89D
FFFFFC55
FFFFFF94
FFFFF5FA
00000522
FFFFFD26
000006CA
FFFFFA8B
FFFFFDC1
FFFFFB56
00000707
00000370
FFFFFDC9
FFFFFD10
FFFFFE25
00000377
FFFFFEA2
FFFFFD46
0000025A
00000A1D
00000064
000000D7
000001E3
000000A6
00000700
00000071
00000A59
FFFFFEE3
FFFFFE41
000009DE
000003A3
FFFFFC85
0000083A
FFFFF74D
FFFFF77E
000005D6
FFFFFB39
0000018E
FFFFFC67
FFFFF8FC
FFFFF934
FFFFFD54
000001C8
FFFFF9E6
00000194
00000267
FFFFF9F8
FFFFFAF4
00000044
FFFFFBD2
FFFFFE56
0000048C
FFFFF99E
00000413
0000039D
FFFFF978
0000020B
FFFFFEEB
00000588
FFFFF91C
FFFFFBFF
FFFFFD25
0000014F
FFFFFEEB
00000552
0000024A
FFFFFCF3
FFFFFA95
0000007F
FFFFF9B6
000004A9
000001D4
FFFFFC70
000001CC
FFFFFC36
FFFFFB78
FFFFFC5C
0000036B
FFFFF896
FFFFF5DA
FFFFED4B
FFFFF4EA
00000689
FFFFF427
00000623
FFFFF7F7
FFFFF700
FFFFF68C
0000021A
FFFFFA31
FFFFFE49
FFFFF9D8
FFFFFFA7
FFFFF978
000000D6
FFFFFB3E
00000339
FFFFF97C
FFFFF69F
00000075
00000266
FFFFFAE7
FFFFFC47
FFFFF784
FFFFFF36
00000564
00000786
FFFFFBA0
00000168
FFFFF3A4
000001C6
FFFFFA5A
000008FC
0000010B
FFFFFA18
000008A4
00000564
FFFFF618
FFFFF5C3
0000030E
FFFFFEF1
000006B4
FFFFFDFC
0000008D
00000432
000005BE
FFFFFC6C
0000002D
FFFFF651
FFFFF63F
FFFFFBC6
FFFFFD47
00000091
00000564
FFFFFBE1
FFFFFD1A
00000074
00000217
FFFFFE37
0000008A
00000810
FFFFF799
FFFFFDE0
00000128
FFFFF79C
FFFFFB5C
FFFFFC07
FFFFFC2E
000006F3
FFFFFA8B
FFFFFA04
000001B0
00000305
FFFFFAC7
FFFFFAB9
0000035C
0000040D
00000C0A
000002DB
FFFFF4FE
FFFFF92B
FFFFFDCE
FFFFF692
FFFFF24D
FFFFF4F8
000002C2
00000340
FFFFF867
FFFFFB1F
00000360
00000043
000005BB
00000260
FFFFFFBE
0000002F
FFFFFF32
FFFFFD67
FFFFFE60
0000030E
FFFFF8C3
00000656
00000206
FFFFFBEB
FFFFFD94
FFFFFF23
000006FA
FFFFF30C
FFFFF355
FFFFF756
FFFFFE8E
00000034
FFFFFFBA
FFFFFE78
FFFFF6A8
FFFFF0AB
0000032B
FFFFF8AE
0000019D
FFFFFB00
000004B4
00000206
0000042A
FFFFF3A4
FFFFF747
00000407
00000899
00000A5E
0000085F
0000081B
FFFFF955
000002BC
0000006A
00000334
FFFFFB93
FFFFFCA5
FFFFF7A9
FFFFFD6D
000002CE
FFFFFB7E
0000028B
000004D5
00000220
FFFFF73C
FFFFFEBD
0000014E
FFFFFBD1
0000061C
FFFFF8AC
FFFFF9C9
FFFFF8B4
FFFFFA36
00000719
FFFFF607
FFFFFA36
000000FD
FFFFFA8E
FFFFFBEA
000001F1
FFFFF7FD
000001B6
FFFFF10F
FFFFFE51
FFFFFE0E
000003EC
FFFFFDA7
FFFFFA15
FFFFFA51
FFFFF6C3
FFFFF16E
00000906
000003A7
000002E8
00000460
00000F74
FFFFFC71
000000A5
000001BC
00000D0A
00000148
0000048F
FFFFFE52
FFFFFFA8
FFFFFA79
000003F9
FFFFF8FA
FFFFF3EA
FFFFFA43
0000000E
FFFFFEC2
FFFFFB53
FFFFF62D
FFFFFB88
000006EC
FFFFFCF7
FFFFF91F
000002C1
00000225
FFFFF778
FFFFFC39
FFFFFA54
FFFFFA47
FFFFFEDC
FFFFFA6B
FFFFFF55
000005B9
FFFFF9FA
FFFFF8BA
0000079B
FFFFFF89
FFFFFFDC
FFFFFC61
FFFFF822
FFFFFB21
00000578
00000196
FFFFF84D
000002E2
0000016A
FFFFFEED
FFFFF6F6
FFFFF607
FFFFF992
FFFFFECE
FFFFF588
FFFFF87D
FFFFFD9A
00000596
FFFFF909
FFFFF3F7
FFFFFC91
000004C8
FFFFFCBB
000000D1
000004E1
FFFFFA41
00000513
0000006D
FFFFFA00
000005D2
FFFFFA1C
0000024F
FFFFF563
FFFFFFEE
FFFFF87D
000000A0
FFFFF90E
0000064E
00000632
00000741
FFFFFF65
FFFFFFDF
FFFFFFEF
00000266
FFFFFF2D
FFFFFDCF
FFFFFD56
0000015C
FFFFFB15
00000468
000004AC
00000339
FFFFF6FA
FFFFFC44
FFFFFC8B
FFFFF8EC
00000015
FFFFFE84
FFFFFCCA
FFFFFDB6
FFFFF57D
FFFFF6F1
FFFFF401
0000001E
00000083
FFFFFD54
FFFFFD22
00000697
FFFFFE48
00000293
00000087
000003FC
000003DC
FFFFF762
00000603
FFFFFCD9
FFFFFA0E
FFFFF324
000000B5
FFFFFE6D
0000003A
FFFFFDD4
FFFFFBC4
FFFFFACA
000008B6
00000845
FFFFFB09
000001EF
FFFFFB32
00000476
00000450
FFFFF4E0
FFFFFB10
FFFFF540
000001F1
FFFFF20E
FFFFFCAB
FFFFFEC4
000005EA
FFFFF96C
FFFFF294
FFFFFDCA
FFFFFF53
0000037D
0000000A
FFFFFE0D
0000053D
000009BB
0000017F
0000029E
FFFFFF05
FFFFFF9D
FFFFFF62
FFFFFB5D
FFFFFA4A
0000016B
0000031C
FFFFFCB4
FFFFFC9C
FFFFF6DF
00000474
000000A4
FFFFF867
000001D8
000000FA
FFFFF5AE
FFFFF545
FFFFFE14
00000283
00000315
FFFFFB4B
FFFFF556
0000017D
00000318
00000598
0000010A
0000007A
FFFFFF48
FFFFF989
000001D7
FFFFFDCC
FFFFFD61
FFFFF693
FFFFF65E
0000011D
FFFFF42D
FFFFFAAE
0000002B
FFFFFE1E
FFFFF6A0
00000631
00000A41
00000652
00000CDB
00000596
FFFFF818
000006C4
FFFFFC50
0000078E
FFFFFB47
FFFFFF53
0000075A
FFFFFF29
0000042C
FFFFFC10
00000137
FFFFF972
00000208
0000044F
FFFFF61B
FFFFF3F6
0000078A
FFFFFD54
FFFFF9E8
000002ED
FFFFFC68
FFFFF821
FFFFFA0E
FFFFF4D8
FFFFFC59
FFFFF564
FFFFFC3D
00000171
000003DC
FFFFF4D3
FFFFFEE0
FFFFFDCC
FFFFF611
FFFFFE3E
000007BD
FFFFFEDA
0000046E
00000062
000006D6
00000020
000004AB
000007FD
00000408
FFFFFB2B
00000ADB
000005C0
00000267
000003A1
00000D35
FFFFFEAF
00000388
FFFFF41B
000004D6
00000A7C
000003DE
00000273
FFFFFCEB
FFFFF769
FFFFFE05
00000192
FFFFF8BA
FFFFF5C0
000004D2
000000F0
FFFFFC40
000005EC
0000038F
FFFFF8D5
FFFFFE16
000006E8
00000606
FFFFFBA1
FFFFF4FA
FFFFFF6C
000004DF
FFFFFC2C
000007D3
000001D9
FFFFFCA6
FFFFFF3D
FFFFFD20
FFFFF5F6
FFFFFE9C
FFFFFABE
FFFFFF72
FFFFFA75
FFFFF9DB
0000046E
000013F0
FFFFFC7D
0000029A
FFFFF6C1
FFFFFEEF
FFFFFA54
FFFFFD59
000005E7
FFFFFCBF
FFFFF69C
FFFFFDC4
FFFFF4D5
00000360
000003A6
00000048
FFFFFB1D
FFFFFACC
FFFFF8B3
00000302
000002CE
FFFFF78A
FFFFF60D
FFFFF9C3
FFFFF40A
FFFFFE9E
00000596
FFFFFF51
0000042E
FFFFFDD8
FFFFFBC3
FFFFF90A
FFFFF4F3
FFFFFAD9
FFFFFDDE
000007D9
FFFFFCA3
0000039B
0000053A
FFFFFF81
000000C5
000002C3
FFFFFD27
000004D5
FFFFFA45
FFFFF92B
000000F9
FFFFFE10
00000726
FFFFFD0F
FFFFF5F9
000002CB
FFFFFFCF
FFFFFFEB
FFFFFB6E
FFFFFD34
00000235
0000022C
FFFFFC9A
FFFFFAAD
FFFFFB22
00000695
0000012A
FFFFF928
FFFFF241
FFFFF8E7
00000620
000002F1
00000403
0000018D
FFFFFC6F
FFFFFFCF
00000785
FFFFF91B
FFFFFA12
FFFFF9EB
FFFFFDC0
000004F9
FFFFF924
0000064C
00000091
FFFFFD65
FFFFFE86
000001F6
FFFFF9D8
FFFFFDD7
FFFFF933
FFFFF69F
FFFFFF0B
FFFFFE14
FFFFFC4E
0000009E
00000222
FFFFFAFF
FFFFFB95
FFFFFAA4
FFFFF848
0000011B
0000031A
FFFFFB88
000001A1
0000002F
000001EB
00000513
FFFFF9FB
FFFFFD73
FFFFF9B0
00000581
FFFFF6CC
FFFFFE6F
00000705
FFFFF7D4
0000015D
000005A5
FFFFFB3F
00000480
00000923
FFFFFF4F
FFFFF3C8
FFFFFA4F
0000051C
000007C2
FFFFFC28
FFFFFEC4
FFFFFDAC
0000086D
FFFFFBF7
FFFFFC65
FFFFFB9C
0000092A
FFFFF626
00000983
FFFFFB6E
FFFFFF9F
00000332
FFFFF448
FFFFF068
FFFFFED5
FFFFF569
FFFFFF38
FFFFFEC4
FFFFFB78
00000434
FFFFFCDE
000003B4
0000057D
FFFFFEED
000001BF
FFFFFFD7
FFFFFA22
FFFFF642
00000C4C
00000860
FFFFFDDE
FFFFE660
FFFFF408
FFFFF578
00000587
FFFFF995
000005CF
00000DF6
0000019B
FFFFF602
FFFFF746
FFFFFB24
FFFFF7A9
0000049B
000002B4
FFFFF7AD
00000951
00000366
0000095C
00000812
FFFFF8CB
FFFFF9EA
000007A2
00000C20
FFFFF5FD
00000368
FFFFF7A6
FFFFF82C
FFFFF4B0
0000022B
FFFFFE6F
FFFFFA64
FFFFFA2E
00000512
000002FE
FFFFFD19
0000084C
0000009F
00000501
000004A3
FFFFFE69
00000666
FFFFFEF5
000003EF
0000039F
FFFFF089
00000091
FFFFFA03
000008DE
FFFFFE53
FFFFF8CA
FFFFFE16
00000B8F
0000094E
00000109
FFFFFF69
0000023C
FFFFFB71
000001CA
FFFFF70B
FFFFFA27
00000899
FFFFFB01
FFFFFEE6
FFFFFCEA
00000A1E
FFFFFF1D
FFFFF746
000003C4
FFFFFC59
FFFFFA6A
FFFFF8C9
00000BB3
FFFFF9B6
FFFFFEDA
00000A2F
000002BF
FFFFFADC
000002B9
FFFFF6BE
FFFFFE28
000006D3
00000D8F
000005B3
0000047F
FFFFFD64
FFFFFB0D
FFFFF787
FFFFFF6A
00000674
FFFFF190
FFFFF5BD
FFFFFFF1
FFFFFCAF
FFFFFEC2
FFFFFE20
FFFFFFA4
00000337
00000080
00000693
FFFFFB7F
000004F5
FFFFFCA0
00000289
FFFFFF2F
00000568
00000355
FFFFF69A
FFFFFCF0
000007D8
000002FC
00000789
00000555
FFFFF8C2
00000053
FFFFFD16
000008F3
0000068D
FFFFFE5E
00000D38
FFFFFB9F
FFFFFFD9
000005CB
000000E0
000005D3
00000150
00000922
00000D35
000005AA
00000536
0000096F
FFFFFFDF
FFFFFE0D
FFFFFDF7
000002CE
FFFFFF76
0000031E
FFFFFC97
FFFFFD9F
FFFFFF98
FFFFFAD0
0000034F
FFFFF76C
FFFFFD9F
FFFFF669
FFFFF6DA
FFFFF8BC
00000209
FFFFFC9D
FFFFFC26
FFFFFB40
000000B8
000003E1
FFFFFB9B
FFFFFC65
00000000
FFFFF8B5
000000C2
FFFFFDDE
000005EB
0000015C
FFFFFEE9
FFFFFAE7
FFFFFF96
FFFFFF79
00000410
000008C1
FFFFF681
00000082
000004A2
FFFFFBB4
FFFFF81A
FFFFFDAE
0000057F
0000059D
FFFFFF37
0000033B
0000093E
000001E5
000004E9
000005C6
000006B1
00000509
FFFFFA38
00000CAD
0000014D
FFFFFD8D
FFFFFDCB
FFFFF9AE
FFFFFB52
FFFFFE98
000000D0
FFFFFB0F
FFFFFC53
FFFFFE48
FFFFFD82
00000923
FFFFF9D0
FFFFFA67
00000806
00000197
FFFFFD30
FFFFFA3F
FFFFF927
FFFFFA72
FFFFFE79
000005B7
000002C6
000008C2
00000493
0000056E
000007FC
00000033
FFFFF99C
FFFFF90B
FFFFFE4D
000003DF
FFFFFD0F
FFFFFAA5
FFFFF466
FFFFFD2E
000000D7
FFFFFEE0
FFFFF794
FFFFFEB8
FFFFFC84
00000AEA
FFFFF939
FFFFFC57
000000E8
FFFFFE91
FFFFFAF9
00000840
FFFFF9F7
FFFFFB4A
0000081E
FFFFFC9D
0000013B
000006B9
000008E2
0000031F
000007A9
00000676
00000097
000003FE
FFFFF4F7
00000AC2
00000D03
0000087A
FFFFFC4F
0000004D
000003A2
FFFFFAB5
FFFFFA51
FFFFFD50
000005D4
00000791
FFFFFCF3
FFFFF989
00000453
FFFFFD86
FFFFF7C4
0000047E
000009EA
00000165
FFFFFA58
FFFFFDBB
FFFFF916
00000253
FFFFF8D7
00000A79
00000465
FFFFF39A
000002CC
00000A18
000006E7
FFFFFBD2
0000033A
000002F6
000000C5
00000235
FFFFF58C
FFFFFAC2
0000030E
00000932
00000067
00000822
FFFFFE64
FFFFFA4C
00000138
0000018F
0000037F
000003D9
00000058
00000633
FFFFF739
00000560
000004D1
FFFFFF82
FFFFFDBF
FFFFFF24
00000599
00000764
FFFFFF74
00000B9E
FFFFFFFE
FFFFF8C0
FFFFF752
000009D9
000000DF
00000A6C
FFFFFEDF
FFFFFD48
000005B7
FFFFFD7F
000002B2
00000016
FFFFFB21
0000061F
FFFFF7E5
0000004C
000001CC
FFFFF9CC
00000291
FFFFF6A3
FFFFFA2E
FFFFFA1D
000001BD
FFFFF656
FFFFFD68
FFFFF9B3
FFFFF5E4
000006E0
00000041
00000471
FFFFF698
FFFFFD42
00000402
000007C1
00000499
000002AC
0000031E
00000464
FFFFF6FA
FFFFFE5A
000004DE
FFFFFDBE
FFFFFF16
0000055A
0000062F
000004A6
FFFFFB07
FFFFFF17
0000017F
00000192
FFFFF710
FFFFF757
00000851
FFFFF4D1
FFFFF884
00000195
000000A1
00000537
000006C8
FFFFF57A
FFFFF7D2
FFFFF28B
00000041
FFFFF918
0000055B
FFFFFA8A
FFFFFE6D
FFFFFEDC
FFFFFDDA
FFFFFF54
00000353
00000FA4
000008CF
FFFFF2FB
00000823
FFFFFF0B
FFFFFD9E
00000800
000001A5
00000D30
0000030E
00000238
FFFFF350
FFFFFD01
FFFFF2F5
000002B9
000004CA
FFFFFD5C
000005CF
00000209
FFFFFBDC
FFFFFBCA
FFFFFE2C
FFFFFD73
000003B1
000008D1
FFFFFB3D
000006DE
FFFFF853
0000092F
000003B2
FFFFF9BE
FFFFFDDE
FFFFFCFC
FFFFFF97
00000813
0000002E
00000A51
00000138
0000002F
FFFFF4BC
FFFFF711
00000235
00000771
FFFFF9A6
0000023E
FFFFFF62
000007BC
FFFFF0C7
0000102F
00000033
FFFFF4D0
FFFFF9DC
FFFFFC0F
00000A82
FFFFF8D4
0000073A
00000DD5
FFFFFA85
000009A7
00000F03
FFFFFB8F
0000020C
FFFFF81A
0000002A
FFFFF8F7
FFFFFC73
000007A6
0000062A
FFFFFDD3
FFFFFA9F
FFFFFACE
FFFFFF49
0000068E
FFFFF61B
000001CB
00000B55
FFFFFD5B
0000023B
000005AF
FFFFFEF1
FFFFFA67
FFFFF589
000004B1
FFFFFB0F
00000689
FFFFF9D9
0000035E
FFFFFAC6
FFFFFDC5
FFFFFA39
FFFFF878
FFFFFE79
FFFFF375
00000418
FFFFFD67
0000042E
000001D0
FFFFF70B
000001B1
FFFFF780
FFFFFD65
FFFFFB5F
FFFFFB03
0000087B
000001D3
0000051C
FFFFFEBF
FFFFFF06
00000A73
FFFFFE94
000005D2
FFFFFAC0
00000141
00000E76
00000DCE
FFFFFA91
FFFFFC50
000005FA
FFFFF588
FFFFFAEC
FFFFFF65
FFFFF88C
FFFFFF45
FFFFFC4D
FFFFFCFD
FFFFFB0D
000003BD
000008A5
0000032A
FFFFF8BC
000004E2
FFFFFBD8
00000209
FFFFF8A7
FFFFF82F
0000027A
FFFFF6E7
000005A9
FFFFFF90
00000569
FFFFF4AB
FFFFFA17
0000035D
FFFFFD81
00000064
00000650
00000050
00000857
000003E4
FFFFFE8C
000001EB
FFFFFA4E
FFFFF9F3
FFFFF789
00000443
FFFFF425
000001DE
FFFFFCF0
FFFFFB04
FFFFFA4F
00000235
00000081
FFFFFF39
FFFFFEFC
000002D4
FFFFFFAC
FFFFFBF9
000001D9
000006CD
00000543
FFFFF634
0000026A
FFFFFAB0
FFFFF9C6
FFFFFA2F
FFFFF7BF
00000628
FFFFFEAF
FFFFFBB9
FFFFF61F
00000365
000000E3
0000034B
FFFFF32F
00000679
FFFFFF8D
000003C9
FFFFFED3
FFFFF7D4
00000936
FFFFFBC0
FFFFF91A
00000554
00000195
0000016D
FFFFFD9D
000003EF
000001A5
FFFFFE6D
FFFFFF49
0000005D
FFFFF581
000001C4
FFFFFDB4
00000952
000007A8
00000615
0000050C
00000623
00000105
0000049E
00000009
00000A68
00000B1C
00000474
FFFFFD74
00000188
FFFFFC0E
000003F8
000006C9
000005F3
FFFFFAED
FFFFF9A6
FFFFFB45
000006F2
000002CA
FFFFFB1D
FFFFF9E8
000003F0
000006E9
00000853
FFFFFB84
FFFFFCEF
FFFFFA8C
FFFFFE83
000000A7
000000B0
FFFFF865
000005EA
FFFFFE9F
FFFFFE1D
00000132
FFFFF35E
000003C4
0000051B
FFFFFD4D
FFFFFBB1
00000192
0000029D
00000AF1
00000192
000003DD
00000804
0000013F
00000227
FFFFFC00
FFFFFF41
FFFFF8E8
FFFFFF92
00000400
FFFFFEDC
FFFFF892
0000085C
FFFFFA3E
FFFFF945
FFFFFA3F
FFFFFE7A
FFFFFD9E
00000530
000003D8
0000013F
00000182
000001C9
FFFFF8F9
0000004C
000006AC
0000015E
00000136
000009AF
FFFFFFCB
FFFFFDB6
FFFFF7AA
FFFFFC5E
FFFFFB35
00000074
FFFFF638
00000377
000002B4
000007C5
00000C16
00000361
FFFFFD3C
FFFFFE0F
0000021E
000008AC
00000179
FFFFFD06
000007AA
FFFFFFE1
FFFFFA98
00000548
0000020F
FFFFF8DB
0000043B
FFFFF99C
000002B4
0000000C
FFFFF78E
00000129
FFFFFEE3
FFFFF4FB
FFFFFCA6
00000861
000000E4
FFFFFB89
00000205
000003D2
FFFFFCF7
FFFFFE16
00000701
00000813
FFFFF92D
000000A1
FFFFFBA3
00000110
FFFFFCCA
FFFFFF32
000006ED
0000008A
0000021E
0000000E
FFFFF7F4
FFFFFC16
FFFFFA32
00000225
00000025
FFFFF87D
FFFFF8B9
FFFFFAAD
00000409
000005D8
FFFFFA31
00000063
FFFFFA72
000000A0
00000909
FFFFF502
00000059
000000D7
FFFFFF49
FFFFFA7A
FFFFFB5B
00000265
FFFFF750
00000380
000006AD
FFFFF9ED
FFFFF8F5
FFFFFB4D
0000057C
0000005C
000001F2
000004B0
FFFFFCCC
FFFFFD96
00000422
0000068F
00000106
0000049C
0000020F
FFFFFCB2
FFFFFA87
FFFFF736
FFFFFE5C
000001A5
FFFFFE6C
0000023C
00000316
00000329
FFFFFCB8
000004E2
FFFFFD91
0000025A
FFFFF773
00000085
000003DA
00000232
FFFFFC09
FFFFF625
00000234
000004E4
000007E5
000000E0
FFFFF65D
000000C0
FFFFFB67
FFFFF407
FFFFFD31
FFFFFACF
FFFFFF47
FFFFF9AB
FFFFF987
FFFFF99A
FFFFFAB8
FFFFFE81
000003CF
FFFFFEAD
FFFFFB66
FFFFFFB2
FFFFFB11
000003C5
00000385
00000438
FFFFF8EC
0000074B
000008ED
FFFFFDF0
FFFFFCD9
000004C4
00000233
FFFFF8E3
000001A1
000009FD
FFFFFB3D
FFFFF953
FFFFF968
00000953
0000058C
FFFFFDF9
FFFFF933
00000034
00000284
FFFFF40D
FFFFFEC4
FFFFF9B7
FFFFFB26
00000214
FFFFF7DC
FFFFFBA1
FFFFFDF8
FFFFFE9A
FFFFFB40
FFFFF601
FFFFF87C
FFFFF6AB
FFFFFCA2
FFFFFA0B
FFFFFF51
FFFFF924
FFFFFB9B
FFFFFFAC
000001F9
00000915
FFFFFCF7
000006BF
0000059E
FFFFF7C1
FFFFFA41
FFFFFA59
FFFFFD77
000005BF
000002DC
FFFFF644
FFFFFE72
FFFFFE4E
00000501
000004C1
0000025D
FFFFF9F5
FFFFFB40
0000018B
FFFFFE87
FFFFF6D7
FFFFFACF
000006CA
FFFFFE96
00000198
FFFFF81E
FFFFFA13
FFFFFE92
0000079E
FFFFF446
FFFFFE87
FFFFF86D
000009E8
00000545
FFFFFE15
0000022D
00000361
FFFFFCFA
FFFFFF73
FFFFFC6F
FFFFF8F9
FFFFF94E
000000AE
FFFFFB47
000000E7
00000283
0000074D
000003DF
FFFFF8EE
FFFFFB12
000005EE
000007A6
000004E9
FFFFF8E8
FFFFFB11
FFFFF4CE
FFFFFE12
00000485
FFFFF9BC
FFFFFFA4
FFFFFEB2
FFFFFE6A
000008A6
FFFFFC50
FFFFFB53
FFFFF4FE
FFFFFC1A
00000619
FFFFFAC8
FFFFFFAA
0000020F
0000099A
FFFFFDDF
00000094
0000066B
FFFFFDF1
FFFFFC6B
000009AB
000000EC
FFFFFDED
FFFFFE2E
FFFFFA9F
00000B85
FFFFFD30
FFFFFE14
FFFFFBAC
FFFFFDF3
000008B5
FFFFFE16
00000388
00000893
0000017C
000007C6
FFFFFFBA
FFFFFC53
FFFFFEF7
00000155
0000034D
FFFFFEC6
FFFFF22B
FFFFF8AD
FFFFFF77
00000237
FFFFF9EE
00000390
FFFFFD04
FFFFFD2C
000007AD
000001C8
FFFFFB73
00000113
00000528
00000422
FFFFFD0B
FFFFFFAA
FFFFFE92
00000350
0000058A
00000BB8
000000C0
00000059
FFFFFC0C
000002C6
FFFFFE17
FFFFFF83
FFFFFE15
FFFFF897
000006A0
FFFFF901
FFFFFA80
000003CB
00000118
FFFFFBA5
FFFFFF74
FFFFFEE9
FFFFFBB1
0000054D
00000689
00000A18
FFFFFE33
00000178
FFFFF598
FFFFFCD4
FFFFF5B1
FFFFFC6E
FFFFFD42
FFFFFCC6
FFFFFED0
FFFFFA48
FFFFF85E
00000561
FFFFFDA2
0000044E
FFFFFF19
00000F02
000002F2
0000020C
FFFFFAA5
00000123
FFFFFB54
00000532
FFFFFCDA
0000004A
FFFFFD3D
FFFFFB05
FFFFFFC0
0000071E
FFFFFCD7
000008AD
FFFFFAA5
000009D4
FFFFF07C
00000398
FFFFF7F5
00000491
FFFFFCE7
0000072D
00000312
00000397
FFFFFAA0
FFFFFAD2
FFFFFC2F
FFFFF951
000007B9
FFFFFBF2
FFFFF9C8
000002FE
FFFFF7EC
FFFFF952
FFFFF6A4
00000122
000001BC
000000D2
00000072
FFFFFC41
000005D8
FFFFFDC7
0000029A
FFFFFE40
000003BB
FFFFFEAF
FFFFFD5C
FFFFFDFE
FFFFFE8C
00000393
00000394
FFFFFDC8
FFFFFA3F
FFFFFF40
FFFFFB7C
FFFFFEF1
0000088D
000003A6
000002DC
FFFFFDF0
0000002C
FFFFF81D
00000766
FFFFFEAA
FFFFFFCA
000006FD
000003E3
FFFFFAC5
FFFFF577
00000539
FFFFFA80
000000B5
00000449
FFFFFAB3
FFFFFFA5
0000043E
0000005A
00000758
00000714
FFFFFCE6
FFFFF8DA
FFFFFEFA
000008F8
00000C86
FFFFFD2D
000005C4
FFFFF78D
00000233
0000036B
00000543
0000081E
FFFFFCA6
00000899
FFFFFA5F
00000001
000005AC
FFFFFBF8
00000380
000001F7
FFFFF626
0000021F
FFFFFC7F
FFFFFB96
000003AA
000007D9
FFFFFD13
00000399
FFFFFF75
FFFFFB5A
00000715
000000A3
FFFFFE7D
0000033B
FFFFFE87
FFFFFF8F
FFFFFA46
000003A3
FFFFFFDB
FFFFF888
0000031C
FFFFFA82
000000D8
00000314
000002C5
000003C4
FFFFF600
FFFFFE1B
FFFFF6DE
000007BB
FFFFFA19
0000026F
00000187
FFFFFE40
FFFFFCC8
00000A21
00000A05
000008DD
FFFFFC35
FFFFFAB9
FFFFF8CC
0000056A
FFFFFBA7
00000017
0000058B
FFFFFC43
FFFFFFEB
00000211
FFFFF53E
FFFFF6E0
00000046
FFFFFEAA
FFFFF957
00000B5B
000001A9
00000205
FFFFFCEA
00000799
FFFFFF8F
FFFFFA3B
000002E6
0000015C
000000E0
000005C7
00000227
0000053C
FFFFF87E
000000C9
00000113
FFFFFEB1
FFFFF5E8
00000FC9
FFFFFFE0
0000093C
FFFFF43B
0000013E
FFFFFBF3
FFFFFBB6
000003D0
FFFFFE3C
000000AD
00000018
FFFFF9D3
FFFFF911
FFFFF94E
FFFFFB61
00000169
FFFFF4EA
FFFFF94A
FFFFFC99
FFFFFE83
000007EE
FFFFFD77
FFFFF937
00000039
FFFFFF03
0000024E
000006B0
00000172
FFFFFFA2
FFFFF8A8
00000504
FFFFFCD4
FFFFFBB7
00000044
FFFFFB18
000004A7
FFFFFE00
FFFFFC5C
FFFFFADD
0000041F
00000163
FFFFFD7E
FFFFFFB5
FFFFF7A1
00000CE5
00000940
00000849
FFFFFD53
00000023
FFFFFB90
0000040C
FFFFFD8C
FFFFFB89
FFFFF947
FFFFF93B
FFFFFCEF
FFFFFA20
FFFFF6EF
0000035A
FFFFFBDB
00000052
FFFFF901
FFFFFA63
FFFFFBCD
00000174
00000451
0000038E
FFFFFD5E
0000016D
00000638
FFFFFCEB
FFFFFE5A
FFFFFD22
00000236
00000216
FFFFF9DC
FFFFFC47
00000288
000007DE
00000005
000005A7
00000050
000003AD
000009D5
0000045A
00000B56
00000076
000004E1
FFFFF91B
000004AE
000006B3
FFFFFF04
0000010B
000007E3
FFFFFA8E
000008A6
FFFFF9E3
00000084
FFFFFAE8
00000522
00000286
000006F9
00000281
FFFFFF01
FFFFFD9D
FFFFFAE7
0000053C
0000068B
FFFFFEE9
FFFFFA6F
FFFFF70F
FFFFFA10
FFFFFACD
0000056D
FFFFFD6C
FFFFF70A
FFFFFBDE
0000004D
FFFFFDD5
0000027B
FFFFFFEB
00000190
FFFFFD3C
FFFFFCC3
FFFFF9D1
FFFFFEE1
00000297
00000482
FFFFF863
000003C1
0000042A
FFFFFEF2
00000901
00000333
00000677
0000084F
00000829
00000780
00000308
00000B5B
FFFFF87C
FFFFFE0A
0000002A
0000071E
000000DF
00000C64
FFFFFB22
00000739
FFFFF6FA
000002A7
FFFFFF95
000004B1
000002A5
000003BD
00000096
000001D9
00000619
000001A3
000005E4
FFFFFB13
FFFFFDE6
00000581
FFFFFB33
00000005
00000008
FFFFFA30
000002ED
FFFFFAC6
FFFFFFB2
00000389
FFFFFD48
0000050A
FFFFFE94
FFFFFCF0
FFFFFDA3
000001A4
FFFFF987
000004D1
FFFFFB11
FFFFFC99
000008DD
FFFFFF3C
0000008F
000002DE
FFFFF7EC
00000284
000003CD
FFFFFFB4
0000024D
FFFFFCE1
0000058D
FFFFFDD7
0000085A
0000022D
00000413
000002DB
00000423
FFFFF9E8
000003D2
FFFFFC32
00000706
0000093D
00000163
000002A3
FFFFF691
FFFFFCBD
FFFFFE49
FFFFFFF3
000001C5
FFFFFA68
FFFFF648
FFFFFE65
FFFFFFA5
000003D8
00000084
FFFFFD0A
00000512
FFFFFD18
00000342
FFFFFCD4
FFFFFD8E
00000253
00000470
FFFFFEE2
FFFFFDBD
FFFFF6A3
FFFFFA00
FFFFFC02
00000105
FFFFFF38
FFFFF85A
000002FB
FFFFFB22
FFFFFF6F
FFFFFC35
FFFFF903
FFFFFFCB
0000007D
00000462
000006DC
FFFFFBD9
000002C7
00000614
00000603
0000080E
FFFFFC9C
00000532
000001E7
000002BA
FFFFFB55
FFFFFD37
FFFFFB34
00000767
FFFFF5DB
0000034E
00000495
FFFFFD81
FFFFFAFD
00000285
00000017
FFFFF9E2
0000010D
FFFFFF87
000005A5
FFFFFAC0
FFFFFFF6
00000060
0000044D
000001F3
0000031F
FFFFFD5B
00000726
000003C0
FFFFFDB2
000000A7
FFFFFAFA
000001FD
FFFFFB64
0000018F
FFFFF7CD
000008AA
00000192
000007C5
000003F4
00000253
FFFFFC35
FFFFFC3C
0000015D
FFFFFF4D
00000167
00000282
00000685
00000104
00000329
000005EA
FFFFFE65
000003C0
FFFFFF3A
FFFFFCED
000000A5
FFFFFD65
000004C6
000004CE
00000274
FFFFFEF7
00000207
00000405
000002DD
0000014C
FFFFFD07
0000044B
0000084F
FFFFFD7D
FFFFFBFA
000000E5
FFFFFF85
FFFFFED5
000004A5
FFFFFFBA
FFFFF78C
FFFFFEA1
FFFFFBF1
0000002C
FFFFFABF
FFFFF4C7
00000061
FFFFF905
FFFFF71B
FFFFF72C
FFFFF6B4
000001FD
FFFFF940
FFFFFFA3
FFFFFD78
0000033F
FFFFF811
000003F8
FFFFF53E
FFFFFA01
FFFFF9ED
FFFFF922
0000024C
FFFFFE73
000000F3
00000474
FFFFF968
FFFFFD0A
000004CF
00000459
FFFFFCF9
000006D1
000008B9
FFFFFF41
FFFFFC81
00000AF6
FFFFFCE9
0000016E
00000415
FFFFFF09
00000149
000000F9
FFFFFAD1
FFFFFDC1
FFFFF7D4
00000166
FFFFFCD0
FFFFFD5B
00000645
0000000A
00000000
000003E0
FFFFFBA1
00000810
FFFFFEBD
FFFFF9D9
FFFFFD59
00000534
FFFFFBD2
0000058D
00000603
0000017D
FFFFFAC2
00000009
000001C8
FFFFFBA2
FFFFFF97
00000A52
000001B0
00000154
FFFFF913
FFFFF9F8
FFFFFDDC
FFFFFAC3
FFFFF9FA
FFFFFEC0
FFFFFE18
000009DE
FFFFFD6F
000003F3
00000179
0000027F
00000674
FFFFFB77
FFFFFB5F
FFFFFB36
FFFFF99F
00000E8F
00000B8F
FFFFFC47
FFFFFEFF
FFFFFE07
FFFFF90E
FFFFF666
0000034E
000004FA
FFFFFE88
000003B0
FFFFF848
FFFFFBB9
FFFFF347
000002E9
FFFFFD62
000006B1
FFFFFAA9
FFFFFA80
FFFFF992
00000DEC
FFFFFC5D
FFFFFEA3
FFFFFC67
00000504
00000677
00000517
000001B5
FFFFFD50
FFFFFFEC
00000598
000008EB
FFFFFD36
FFFFFF97
00000631
000001EF
0000056F
000004D0
00000220
FFFFFF42
FFFFFE80
0000047C
FFFFF97D
00000687
000001CF
FFFFFEE3
000000E1
FFFFFEAA
FFFFFE72
00000A3B
000003FD
000008E0
00000283
0000024B
00000098
FFFFFF86
0000079E
FFFFFD36
FFFFF7BC
FFFFFADB
FFFFFD4F
FFFFF95C
FFFFFF8B
000002E0
FFFFFA95
00000265
FFFFF5B7
0000005E
FFFFFF3E
FFFFFE2F
000004E2
0000043F
FFFFFE8E
FFFFFCB9
0000060A
FFFFF97C
FFFFFB8A
FFFFFCB5
000003C3
FFFFFDD0
00000369
FFFFFB03
000001EE
0000017F
000003A2
00000307
00000572
FFFFF749
00000644
00000563
FFFFFA0B
FFFFF742
FFFFF91D
000001F0
FFFFF6BF
00000195
00000297
FFFFF55E
0000086F
00000969
000000D9
FFFFFDAC
0000043B
FFFFFE6D
FFFFFD17
00000101
00000235
FFFFFB72
FFFFF57C
000009C7
FFFFFDF6
FFFFF786
0000090A
000005D5
00000113
FFFFFE59
00000477
FFFFFBFD
000006F1
0000035B
00000375
FFFFF80F
00000C69
00000245
000004D5
00000736
FFFFFF80
FFFFFDCD
FFFFFF03
00000C85
0000062B
00000141
000002B1
000005CE
FFFFFB64
FFFFF685
FFFFF78A
FFFFFFA5
000002BF
0000078E
FFFFFB66
FFFFFF11
FFFFFDFA
00000202
0000026D
00000471
FFFFFBB5
0000020F
0000002F
0000027E
00001313
0000036A
FFFFFE9E
0000042B
00000CA7
FFFFFC30
00000495
FFFFFD52
000001B3
FFFFFCCE
0000065A
0000094B
000002DA
0000019C
00000333
FFFFFFEA
00000001
00000102
000004C2
FFFFE965
000006F3
FFFFF26F
000006C3
FFFFF179
FFFFF2CB
FFFFFA3C
00000916
00000312
000003C7
FFFFF83C
00000441
FFFFFE1C
000000CD
0000062E
FFFFFEB1
FFFFF113
FFFFF6CA
000005B2
FFFFF166
FFFFF9E9
FFFFF81B
0000073A
FFFFFCE2
FFFFFA4D
FFFFFA14
FFFFFA36
00000609
00000981
00000870
FFFFFA74
000003C8
FFFFFAD9
00000CB1
FFFFF69C
FFFFF66A
00000190
00000AA8
000005EF
FFFFF8A3
FFFFFCF7
FFFFF58D
00000BE9
FFFFFAE8
0000011F
FFFFFB5E
FFFFF281
00000421
00000E45
FFFFFBAC
FFFFF174
FFFFFBCF
FFFFFEDE
00000B53
FFFFF804
FFFFFE13
FFFFFBD1
FFFFF907
000002C9
FFFFF61E
000005CB
FFFFFCF4
FFFFFDDC
FFFFFC76
FFFFF6EC
0000045C
FFFFF9C1
FFFFFAD1
FFFFFE9C
FFFFF36E
FFFFFF87
00000329
000001FC
FFFFFFD6
000000FB
0000041B
00000A00
0000060E
FFFFF61C
FFFFEC47
FFFFFE58
00000909
00000588
FFFFF5EB
FFFFF9FB
FFFFFD2D
FFFFFA57
000007EE
000002A3
00000BD5
FFFFF948
FFFFF53D
000000C7
FFFFF969
FFFFF57A
000002EB
FFFFF9B5
FFFFF598
FFFFFA2E
00000125
FFFFFA8F
FFFFF333
FFFFF3DB
FFFFFA18
FFFFF71A
FFFFF8C9
FFFFEE9E
FFFFF792
00000368
FFFFF1A3
FFFFF5D2
0000073E
FFFFF969
00000167
FFFFFDFE
000002BA
FFFFF722
FFFFF2CF
00000CAC
00000369
FFFFFEE9
00000691
00000091
FFFFFB9B
FFFFFDBB
FFFFF81C
00000115
FFFFF87B
FFFFF0A6
FFFFF9EF
FFFFF530
FFFFF306
FFFFFCAE
FFFFF804
FFFFFBE7
FFFFFAE9
FFFFF5A8
FFFFF972
FFFFF51F
FFFFFCE3
FFFFF579
00000027
000009D3
FFFFF856
00000057
FFFFF980
00000036
FFFFF9DA
0000030C
00000114
0000013A
FFFFFDB6
FFFFF954
00000424
FFFFFE6C
FFFFFDCC
FFFFF477
FFFFF59E
0000025B
FFFFFE16
0000009F
000005E5
FFFFFEA2
0000019D
FFFFF955
FFFFFDF4
000004F0
FFFFED93
0000002A
FFFFFF36
000007D6
FFFFF64A
00000A45
00000502
FFFFF3E7
00000202
FFFFFC8B
00000567
FFFFF7C1
FFFFF923
0000017C
000006DE
FFFFF4CD
FFFFF926
00000A65
0000039A
FFFFFD73
FFFFF2AE
FFFFF91E
00000FF2
0000067F
FFFFF849
FFFFF46C
000004DE
00000374
FFFFFE77
0000016D
00000062
FFFFF61E
FFFFF2D0
000000B5
0000042E
00000366
0000089E
FFFFFB60
FFFFF76D
FFFFFB72
00000221
FFFFF5C0
0000002A
000005C8
0000002E
FFFFF55A
FFFFF883
FFFFFD65
FFFFFB56
FFFFFA47
0000032B
FFFFF680
FFFFFB9F
0000037D
0000030E
000005BB
FFFFFEA0
00000144
FFFFF8FD
0000067C
FFFFF41E
FFFFF043
0000091A
FFFFF9C0
FFFFF3A4
FFFFF512
FFFFF06D
FFFFFB48
FFFFF1C8
FFFFEDBD
000002A4
000000E9
FFFFFA88
FFFFF57D
00000652
FFFFF47F
000008C5
0000058D
FFFFFDEB
00000A05
00000B42
000008BA
FFFFFDEA
FFFFFDAF
00000F85
FFFFF26E
FFFFF7AD
FFFFFE40
FFFFFA85
FFFFEEEA
00000230
FFFFF96F
FFFFFDD0
00000B47
0000067C
00000B09
000002C5
FFFFFB0A
0000068A
00000A08
FFFFF861
FFFFFD90
FFFFFC6C
FFFFFBAD
FFFFF70B
FFFFFECD
FFFFFF6E
FFFFFDA1
0000034B
00000150
0000008B
FFFFF9C9
0000024E
FFFFEBFA
FFFFEE41
FFFFFF48
00000440
00000185
FFFFED1E
FFFFF0B9
FFFFF4EF
FFFFEE99
FFFFFD7D
FFFFF2E0
FFFFF17A
FFFFF4DA
FFFFFF7F
FFFFEAEA
FFFFF3B8
00000914
000003E6
FFFFF9A0
FFFFF9C6
00000862
FFFFFA00
FFFFFD10
FFFFFA59
FFFFF6C5
000002A1
FFFFF58F
FFFFF779
00000C59
FFFFF9D7
FFFFFE9B
000002DA
00000461
000000A6
000002F9
FFFFFC27
FFFFF55F
FFFFFD82
FFFFFA85
00000211
FFFFF57D
FFFFFFB2
FFFFFD85
FFFFFE86
0000056A
FFFFF96E
FFFFF9BE
00000245
FFFFFE24
000007D2
FFFFF5F6
0000018B
FFFFFC66
000003B5
00000976
00000616
FFFFFDF7
00000AB5
00000126
000009BA
00000799
000004B8
00000411
00000AA9
FFFFF5EF
FFFFFA8B
00000997
00000330
000003F6
00000251
FFFFF9B3
FFFFFBD4
00000A62
00000901
FFFFFAC9
000007FF
FFFFF7AC
00000310
00000525
FFFFFC06
000004DE
00000085
000009EA
FFFFFE45
FFFFFB3A
00000436
FFFFF97E
FFFFFE03
FFFFF662
00000578
FFFFF8E2
FFFFF398
00000C39
00000976
FFFFFF66
000011EF
FFFFFB53
00000CDC
000005F1
00000607
000006E4
FFFFFD48
FFFFFF19
FFFFFB79
0000062A
00000157
00000347
FFFFF710
00000269
00000A0D
000003C9
00000816
00000439
FFFFF67B
0000024C
FFFFFD40
FFFFF650
FFFFFD09
00000144
FFFFFDA1
000001BF
00000570
00000100
000000D0
FFFFF037
00000555
FFFFF405
FFFFFDB1
FFFFFF3D
00000AAC
FFFFF385
FFFFFAF9
000000A6
00000C97
FFFFFFCA
FFFFFBE4
000009EE
00000730
FFFFF74B
00000399
FFFFF104
0000127E
FFFFFEB1
00000C3C
FFFFFAB1
00000558
FFFFEDAA
00000B1A
000001AF
FFFFFE26
00000142
FFFFF106
FFFFF8DB
0000098E
FFFFF1D3
000000C8
00000AC2
FFFFF94B
FFFFFEF3
FFFFFB7C
FFFFF0D1
FFFFFA1A
FFFFFB55
00000AF7
FFFFF23D
FFFFF7DB
000002F2
0000054A
FFFFF5A1
FFFFFB45
FFFFFE32
00000758
000000EC
FFFFF41F
000004E9
FFFFFF77
FFFFFF93
000008D5
FFFFFA22
FFFFFE3A
FFFFF8EC
00000180
FFFFFC6E
FFFFF53F
00000022
FFFFF875
FFFFFA59
00000A42
FFFFFCAF
FFFFFC63
FFFFFF15
0000064B
FFFFFB69
FFFFFDCE
FFFFF36C
000009DC
FFFFF065
FFFFF8C6
FFFFF77A
FFFFF9C1
FFFFF558
FFFFF614
FFFFF64F
0000037A
000004E0
FFFFEF6A
FFFFF8D2
000000DF
FFFFF4B4
00000D75
FFFFF2A9
FFFFF495
000000E0
00000364
00000467
0000000F
000007F4
FFFFFDE1
FFFFFE15
FFFFF9F9
00000242
00000244
FFFFFD60
FFFFFB42
FFFFFBF7
0000098B
FFFFFF3C
000002B2
FFFFFBA6
00000160
00000381
00000693
000002F7
00000436
0000022C
00001011
00000124
00000548
00000722
FFFFFF5E
FFFFFBA4
0000037C
00000079
FFFFFD63
FFFFFA90
0000061A
FFFFFE96
00000166
00000308
FFFFFB22
00000C74
0000029E
00000B35
00000A6D
00000963
FFFFFD1B
0000017B
FFFFFE14
000001E7
0000064E
000000A2
00000816
00000878
0000060E
FFFFFD73
00000260
000008A5
FFFFFCB0
000001B9
FFFFFC60
FFFFFFA1
FFFFF00F
FFFFFDF0
FFFFFE69
FFFFF85F
0000057E
000005E6
000000D2
00000B61
FFFFFD48
000008F3
00000463
00000D47
000004A4
FFFFFF90
0000064A
0000049A
FFFFFA57
FFFFFB02
FFFFFA8B
FFFFFEA1
FFFFF798
00000011
0000016C
FFFFF41B
0000084A
00000976
FFFFFFE9
FFFFF8C0
FFFFF977
000008E8
000002DC
FFFFF41B
FFFFFB28
FFFFFEC7
0000085A
FFFFFE4A
FFFFFA44
FFFFFC6D
0000023D
0000010E
00000521
000002EE
FFFFF73B
FFFFFE03
00000693
FFFFFFFA
00000446
00000256
FFFFFB24
0000012F
00000638
00000AFF
FFFFFEE2
00000297
FFFFFA1F
00000A29
00000315
00000249
FFFFFC54
00000629
0000059F
FFFFFDB3
FFFFF825
FFFFFF98
00000A53
00000772
0000064A
FFFFFC44
FFFFFD2C
00000E1F
000001E2
FFFFF920
FFFFF39C
00000D23
00000909
0000048A
000001AD
FFFFFE9B
000000A4
00000562
FFFFFA83
FFFFFB28
00000246
FFFFFF7C
FFFFFE7C
00000478
FFFFF6F3
FFFFFA54
00000184
FFFFFB22
FFFFFDD0
000009EC
000004C1
000002FC
FFFFFB26
00000031
000001A6
FFFFF9E0
0000029B
00000913
FFFFFE9C
0000060B
00000099
00000CA3
0000015F
00000483
FFFFFCC3
000000D9
000002CA
00000347
000003E1
FFFFF77A
FFFFFDF0
FFFFFCB9
00000273
0000092B
FFFFF888
FFFFF5FF
000000D2
00000C17
00000352
FFFFFB74
00000007
000000CF
FFFFFA78
00000B2E
000000E6
FFFFFFC3
FFFFF9BA
00000379
FFFFFF4A
FFFFF585
FFFFFB72
FFFFFEA9
FFFFFDED
FFFFF561
000000BD
000000BF
FFFFFE99
FFFFFD5E
000001AF
000003DE
FFFFFD3A
FFFFFF30
FFFFFBC7
FFFFFE67
FFFFFDA7
000003EE
FFFFF915
FFFFF8CE
FFFFF5D5
0000026B
00000889
FFFFFEA1
00000393
FFFFFD89
FFFFFCC3
000001DB
FFFFFECF
FFFFFDFD
0000058C
FFFFFEFD
0000092B
FFFFFCD0
FFFFFCCF
FFFFFE3A
000009CD
000005F6
000005A9
FFFFFACB
0000141C
00000476
00000461
00000EFF
00000DB0
00000710
00000B94
0000069D
FFFFFEA0
FFFFF891
000000E8
00000892
FFFFFDC7
00000180
FFFFF906
FFFFFE23
FFFFFF14
000006B1
000000E2
00000750
00000346
00000670
FFFFFBF9
FFFFFCF2
FFFFFC25
FFFFFF30
000008D2
00000483
FFFFFE78
FFFFFB5F
00000559
FFFFF774
000004C1
00000047
000008DD
FFFFF770
FFFFFE2A
00000438
FFFFFEF4
FFFFF686
FFFFFA2C
00000274
00000532
FFFFFED9
0000025B
FFFFFE25
000008E8
FFFFF9F5
FFFFFB80
FFFFFD5E
00000619
FFFFFAD6
0000033E
FFFFFFB1
00000128
FFFFFFAF
FFFFFCE5
000001CC
0000001D
FFFFFA11
FFFFFC42
FFFFFAAE
0000037F
00000448
FFFFF9B1
FFFFFFC5
FFFFFBFE
FFFFFCB1
00000016
0000037C
00000AF2
FFFFFE11
FFFFFB08
0000042B
FFFFFC68
0000011B
000002BF
FFFFFE7F
000005C1
FFFFFAEC
FFFFF615
FFFFFEB6
000005B6
00000932
000005F8
FFFFFC63
FFFFF9BC
FFFFFB75
00000042
FFFFFA56
FFFFFA70
00000447
FFFFF915
00000793
0000040C
FFFFFC9B
FFFFFC44
FFFFFAF1
00000505
FFFFF85F
0000030B
00000486
000005F3
0000021B
00000584
000002A5
0000029B
00000879
000002DC
FFFFFDDA
00000371
00000495
FFFFF809
00000667
0000076A
000006F9
00000854
00000597
00000104
FFFFFB69
000007AE
000002AE
00000A9B
FFFFFCE4
000001A9
00000458
000000AB
FFFFFA93
FFFFF93D
00000471
FFFFFB06
00000F22
0000019B
FFFFF87C
FFFFF5FB
00000EC0
FFFFFF42
00000756
FFFFFD65
00000293
FFFFFC50
FFFFFC29
0000009D
0000043F
00000508
FFFFFB40
000005B9
FFFFFDE2
000005D5
00000995
00000318
FFFFF985
00000296
000009F4
0000003B
FFFFFA9E
00000041
000008C4
FFFFFB08
000006B2
000000A4
FFFFF5F8
FFFFF5A5
FFFFF889
FFFFFB18
FFFFFD9F
FFFFFB40
0000016B
000004E7
00000A81
000000FB
00000907
FFFFFF59
00000034
000000B9
00000125
FFFFF7B0
FFFFFA62
FFFFF9C1
FFFFF5ED
00000599
000006A1
FFFFFFB9
FFFFFE72
FFFFFEA3
0000059B
00000165
00000623
FFFFF938
000012F6
00000437
00000137
0000092C
FFFFFBFF
0000019B
0000053F
FFFFFEDC
FFFFF87C
FFFFFE90
FFFFF8B7
00000720
FFFFFF95
FFFFFE46
00000878
00000DE3
00000B01
FFFFFBD5
00000483
0000058D
00000687
FFFFFDA5
0000002F
FFFFFF3B
00000376
FFFFFB53
000004DE
00000305
FFFFF887
FFFFF9AA
00000471
00000157
000004E3
0000043A
0000054F
FFFFFEF9
0000015E
FFFFFE5C
00000B2F
000000AD
00000686
FFFFFCE1
000001A1
FFFFFF94
00000B85
000005EC
000003FF
00000B6E
FFFFFFFF
00000327
FFFFF94A
FFFFFD59
0000089C
00000666
000002E3
FFFFFC15
0000009C
000011CF
0000052E
00000574
00000BAC
00000871
000002D3
FFFFFE65
00000749
FFFFF7F1
000006B5
0000032E
000002A2
000001E7
FFFFFB29
000005C3
00000942
00000367
000001AC
FFFFF863
FFFFFE17
000007A9
000007D6
000008EB
000005E6
FFFFF7EE
FFFFF7BD
FFFFF95A
0000009A
FFFFFF0A
00000DB8
00000467
FFFFFC65
FFFFFB4D
00000159
00000323
000010CA
0000039A
FFFFF77E
FFFFFBE7
00000EB5
FFFFFC53
FFFFFED6
00000954
00000395
FFFFFFD5
FFFFF8EC
FFFFFC67
0000000A
00000320
00000380
FFFFF78B
FFFFFB5A
0000000A
00000341
00000679
FFFFFFB5
000009F9
FFFFFDD1
00000424
FFFFFDD2
00000232
FFFFF917
00000183
00000314
00000318
00000024
00000223
FFFFFCDA
000002D4
000000E3
FFFFFD58
0000086B
FFFFFF67
000005A4
00000648
00000825
FFFFFEB1
00000509
FFFFFAC2
FFFFFD0D
00000B20
0000020F
0000019D
000006FD
0000006F
0000085B
FFFFFC92
00000307
0000053C
FFFFFF87
FFFFF779
000009FC
FFFFFF49
FFFFF7A2
FFFFF9A2
000005B1
00000383
FFFFF3D5
000002E6
00000BE6
00000389
000008DA
FFFFFD6D
0000065A
FFFFFF53
FFFFFFBB
0000077B
00000637
00000F56
00000650
FFFFFCC5
FFFFFFF6
FFFFFFEA
00000379
FFFFF8F4
00000825
FFFFFF2C
0000025C
0000014E
FFFFFF7C
00000470
FFFFFCED
FFFFFFCD
FFFFFDA9
FFFFFD07
FFFFFCF4
0000035A
FFFFF830
00000525
00000345
00000DC4
000002C6
FFFFFD91
00000552
FFFFFC03
00000747
00000110
000008BB
00000031
FFFFFE49
00000621
000002D9
FFFFFF7E
000006E4
00000C3A
00000767
000004B4
0000024F
00000186
FFFFFD4A
FFFFFAEA
FFFFF85D
FFFFFFBC
000004EE
00000463
FFFFFCB2
FFFFF2FA
0000005F
00000A87
FFFFFADF
FFFFF864
FFFFFB2D
00000698
00000334
FFFFFF8E
FFFFF56B
FFFFFBB2
00000491
FFFFFC1A
FFFFFE81
FFFFF7CB
FFFFF878
FFFFFE0F
000001BF
FFFFFD1F
0000056C
000005CD
0000099E
FFFFFCAD
FFFFFDF3
0000076A
000009FF
FFFFFD2B
FFFFF72C
FFFFEF7F
FFFFFD7B
0000066A
FFFFFADA
FFFFFA51
00000056
FFFFFFC2
FFFFFA7E
000004F7
0000080B
FFFFFE88
000002B0
000002B5
00000C2B
000004BF
0000063C
00000341
0000071B
0000030A
000007E5
FFFFF905
FFFFF879
000003BA
000002CB
000002A8
000003CE
00000004
0000012D
000007A0
0000024F
FFFFFFC7
FFFFFF71
0000005C
000001E0
000004D8
00000219
FFFFFF78
FFFFFE82
00000019
000001D9
00000BCA
00000B17
FFFFFC96
00000DD8
00000CC0
FFFFFB72
000007C4
00000628
00000416
00000D70
00000C5A
000005AA
000002AC
FFFFFE07
00000A7E
000002AB
0000053A
000006B7
00000270
00000AE7
00000C61
00000E23
000000D7
0000050E
000003D1
00000A0D
0000072D
00000499
00000106
FFFFF839
00000E90
00000CEE
000001BD
FFFFFE49
FFFFFEC1
000008C1
FFFFFE84
FFFFFB62
FFFFFBA2
00000133
00000288
000006AD
00000444
FFFFF869
00000B3B
0000094A
FFFFFF0F
0000073F
00000775
FFFFFC9B
000004BA
FFFFFF44
00000797
000009F2
00000A75
00000A03
0000058A
00000763
00000191
FFFFF650
FFFFF7DB
FFFFF6CD
FFFFFE30
FFFFF81E
0000082E
FFFFF5CB
FFFFFF9D
000001F6
00000003
0000034F
00000AAA
000009B4
FFFFFFF0
FFFFFE92
00000518
FFFFFFB5
000001E3
000002B2
FFFFFCAD
FFFFFFB1
FFFFF6D6
FFFFF5A5
000000BB
FFFFFE82
FFFFFD23
00000A11
FFFFFE0F
00000B9F
00000280
0000057F
0000011A
FFFFFC42
00000281
0000077C
000004AD
FFFFFA94
FFFFF66D
0000013C
FFFFFBE1
00000636
0000019C
00000330
FFFFFB88
00000572
FFFFF71B
000003C8
FFFFF8E6
FFFFF5A5
FFFFFB59
FFFFF8BD
FFFFF5FD
FFFFF3AE
FFFFF9E9
FFFFF3EE
FFFFFA97
FFFFF856
FFFFF72C
000003F3
FFFFFB38
FFFFFE72
00000CC1
00000427
FFFFFE03
FFFFFE35
00000AAE
000000D9
000007B4
FFFFF847
FFFFF928
00000DD7
0000033F
0000058B
00001749
000012C4
00000F36
00000861
0000098C
00000552
FFFFF986
FFFFFF60
000000C9
00000434
FFFFFEE3
000008AF
0000097B
000007D8
00000B1F
000005C4
00000291
FFFFFD54
00000A66
FFFFFAFB
0000084F
00000E38
00000090
000005B7
000007EB
0000048C
FFFFF9EC
0000071D
FFFFF8C5
FFFFFD29
000000D5
FFFFFB71
00000146
000003D0
00000585
000006AF
FFFFFB18
000009B8
00000278
00000197
0000016A
000004BC
000001ED
FFFFFC00
FFFFFEBF
FFFFFEA7
FFFFFA4D
FFFFFCF3
0000056B
FFFFF8EB
0000014A
FFFFFFA0
0000078D
00001091
00000481
FFFFF9AF
00000184
000006FF
FFFFFFE3
0000043F
FFFFF6FA
0000057C
FFFFFEBD
000003CC
FFFFF85B
FFFFF8AA
00000811
FFFFFFE5
00000366
00000511
000005A2
0000016A
FFFFF7A1
FFFFFC7A
0000074A
000002AC
0000065C
000004DF
00000ED3
00000D0A
FFFFFE88
00000A95
FFFFFFC8
FFFFFDF8
00000199
FFFFFBD7
00000B07
0000041D
000003B9
000007C3
FFFFFB4E
FFFFF9BC
00000530
FFFFFC04
0000020F
000006AB
00000CA6
FFFFFE57
00000778
00000002
FFFFFAB6
FFFFF739
FFFFFDB7
FFFFFEFD
FFFFF9AC
000002C3
FFFFFAAF
FFFFEEEC
FFFFFB0F
FFFFF7CA
000002FF
000007B5
0000090D
FFFFFE0F
FFFFFA16
FFFFFBF9
00000131
FFFFF688
FFFFF87C
FFFFFB65
000002D4
FFFFFB28
FFFFFB2B
000003F0
FFFFFEB8
00000B4D
00000B80
FFFFFA68
00000C0A
00000A22
FFFFFAEB
FFFFFEC5
000000E7
00000B27
0000068A
00000AD9
00000DA9
00000BF7
000003BE
FFFFFF3C
00000BA8
00000863
FFFFFD9B
000000D3
FFFFF8E6
FFFFFA9A
00000295
000007F3
FFFFFF99
00000244
00000A82
00000478
000005CB
00000047
00000784
00000A02
FFFFFCC0
FFFFFF3E
00000D35
00000421
FFFFFC50
FFFFFEDE
00000473
FFFFFC2A
FFFFF969
000001E3
FFFFFADB
000006A3
00000BB6
00000B97
000004D0
FFFFFF68
FFFFFFF5
FFFFFF36
00000B59
FFFFFB9A
00000537
000003CD
FFFFFB74
00000902
000009FE
FFFFFCD6
FFFFFA4C
FFFFF546
000007D9
00000715
000003ED
000003F3
000007C1
FFFFFD14
00000816
00000415
000003C9
FFFFFEF4
FFFFF9EB
0000067C
FFFFFFA1
000002AC
00000494
000002A4
0000018D
FFFFF668
FFFFFE26
00000320
00000A4C
00000A0D
00000318
FFFFF9FA
FFFFFE24
00000167
000004AF
FFFFFDE9
0000030C
000001B3
FFFFF755
00000727
FFFFFFDD
FFFFFE46
FFFFFA7A
000004C3
FFFFFD2C
00000714
FFFFFE5D
FFFFF868
00000073
00000113
FFFFFB62
000008B3
FFFFFE94
FFFFFFC0
FFFFFF7C
00000200
00000803
000009CA
000003D4
FFFFF935
FFFFFA64
00000021
000009D8
FFFFF830
FFFFF953
FFFFFEC6
FFFFFDA8
000001AF
FFFFF2F1
FFFFF8ED
0000040A
FFFFF9A9
00000202
FFFFF6EC
FFFFFCD8
FFFFFC06
FFFFFF4A
00000108
FFFFF64E
FFFFF9B9
00000088
00001059
FFFFFC74
000001FA
FFFFFBC9
FFFFFC90
FFFFFF22
000000F1
00000CDF
FFFFFB61
0000020C
FFFFFA35
00000499
00000764
FFFFFB2C
FFFFF970
FFFFFA15
000007B9
000009A5
FFFFFA6F
0000089B
000008E5
FFFFFC87
00000B27
0000036D
00000713
000008F2
FFFFF9BA
FFFFFB35
FFFFFC29
FFFFFAD5
0000060C
00000253
FFFFFE22
FFFFFF96
00000197
FFFFFC5E
FFFFF958
000004D8
00000B9C
00000014
FFFFFD76
00000D9A
FFFFFCE2
00000598
00000270
000004E5
000008EC
FFFFF857
FFFFF9FF
000006B9
FFFFF8EC
FFFFFFBC
FFFFFC96
000005E1
FFFFF43E
00000722
FFFFFCB4
FFFFF980
000001B6
00000492
FFFFFF9C
00000B2D
000003D5
00000B16
FFFFF8A7
FFFFF70E
FFFFF393
FFFFFB1A
FFFFF7AB
FFFFF813
FFFFF4FC
FFFFF52D
00000132
FFFFF7FD
0000012E
00000405
FFFFFA39
FFFFF9F8
000003BA
FFFFF60D
FFFFFE3B
FFFFFC16
FFFFFC50
FFFFF652
FFFFFE24
FFFFFB5B
FFFFFC67
000000E4
0000029F
000003BF
FFFFFA4C
FFFFFE1C
FFFFFEFD
000001A7
00000514
FFFFF7BB
00000324
FFFFFEDB
FFFFFD42
FFFFFAA6
FFFFF729
FFFFFBE9
0000004B
FFFFFE18
FFFFFB0A
FFFFFAC5
FFFFF614
FFFFF93C
FFFFFB25
FFFFFB43
000005D4
00000125
FFFFFD4C
FFFFF694
0000028A
00000027
00000742
0000046B
0000017C
00000365
000002A1
0000037B
00000465
FFFFFFDD
000001E4
FFFFF69E
00000799
00000916
FFFFFC35
FFFFFE6C
FFFFFB68
00000267
0000018A
000003D7
00000543
FFFFFFFD
0000025E
FFFFFAAA
FFFFF7F5
FFFFFC0D
000006E0
00000290
000003B0
000000E9
FFFFFB62
FFFFFAAD
FFFFFF9F
FFFFF7BF
FFFFF59F
00000193
000004ED
FFFFF739
FFFFFA4C
000001A5
00000337
FFFFFDF2
00000287
00000006
00000200
000007E1
FFFFF893
FFFFFE2E
FFFFF3F6
FFFFFB6E
0000006C
FFFFF86A
FFFFFE2C
000001E2
FFFFFA5C
FFFFFC3D
000007D8
FFFFFFFF
00000664
0000049C
FFFFF84F
FFFFFDB6
0000024F
000006EE
00000095
FFFFFD1E
00000142
0000011C
FFFFF3F2
FFFFFEC2
0000027F
0000036A
0000063F
FFFFFDDD
FFFFFDBC
FFFFF6FE
FFFFFC7C
00000380
FFFFFFC9
FFFFF3B9
00000007
00000757
0000031B
FFFFF5A0
FFFFFD41
0000055C
000008E0
FFFFFC26
FFFFF616
FFFFF731
FFFFF9E5
FFFFFDA2
FFFFF416
FFFFF502
FFFFF6F0
FFFFFED2
0000043F
FFFFF3A8
FFFFFA47
00000136
FFFFF937
FFFFF971
00000478
FFFFF3F7
FFFFF6FB
FFFFF700
FFFFFCF9
FFFFFA57
FFFFF91C
00000073
FFFFF76F
FFFFFC30
FFFFF9A4
00000034
0000064B
000005EB
000002A1
FFFFF801
FFFFF912
00000733
0000050C
000004C9
FFFFFCC6
000001DB
FFFFF264
000000EF
FFFFF8DD
FFFFF84B
FFFFF696
000000D3
FFFFFBE2
000004BB
FFFFFBE2
FFFFFF4E
FFFFFA01
FFFFFFAA
FFFFFCB9
FFFFFAA8
000001A9
FFFFFAF9
00000476
FFFFF7CF
FFFFFC28
00000447
FFFFFC74
FFFFFD76
FFFFFDCF
FFFFF406
00000292
FFFFFD1B
FFFFFA35
FFFFF8BB
FFFFFBDE
FFFFFC4B
FFFFF3C8
FFFFF895
000005CE
0000037E
00000478
FFFFFDD4
FFFFFBFF
FFFFFB60
FFFFFF78
00000BDE
000004E2
0000013C
FFFFF7A8
FFFFFD79
FFFFFB82
FFFFF792
FFFFFB03
FFFFFDC9
0000028A
FFFFFC84
00000223
FFFFFBCC
0000001D
000003F8
FFFFFC01
FFFFF9DB
FFFFFD22
FFFFFF1E
FFFFFAAD
FFFFFA47
FFFFFCB9
FFFFFC9A
FFFFFACF
0000056D
FFFFFB3D
FFFFFAB5
FFFFF687
00000775
000003E3
000002CB
000003FC
FFFFFC48
FFFFFF21
FFFFF8D6
FFFFFF8C
FFFFFA15
FFFFFE7F
0000014F
0000071B
FFFFF9E2
FFFFF8A9
FFFFF87E
FFFFFE00
FFFFFFED
000000A1
00000333
FFFFF5BE
FFFFFF05
FFFFF723
FFFFEF9E
FFFFFD10
FFFFF752
FFFFF040
00000115
FFFFFCED
00000151
FFFFFDEB
0000004E
00000172
00000836
00000237
FFFFF8BE
FFFFFF11
FFFFFEDA
00000770
FFFFFDDE
FFFFF9ED
00000080
000001DF
FFFFF937
FFFFF386
000001D9
0000061B
000001A5
0000032E
000000AE
FFFFFEFA
FFFFFAFE
FFFFFE9C
0000014F
00000290
00000391
FFFFFF17
00000537
FFFFFE88
FFFFFDBF
FFFFF465
FFFFFE17
FFFFFBE4
FFFFF6DB
FFFFFC8A
FFFFF8E6
FFFFF77C
FFFFF742
00000022
000000A5
000001BB
FFFFFE92
00000373
FFFFFD06
00000446
FFFFF801
FFFFFBB4
FFFFF6C8
FFFFFBA4
FFFFFD42
FFFFFAC7
0000084E
FFFFFA58
00000121
FFFFFC88
FFFFF771
FFFFFCFF
FFFFFE5F
00000081
FFFFF571
000004C3
000003C5
FFFFFD5C
FFFFFE0D
FFFFFA03
FFFFF5A8
000000A2
FFFFF681
FFFFFAF7
FFFFFC0D
FFFFF386
FFFFFD1B
FFFFF7E5
FFFFFEEF
000003DC
FFFFF742
0000056D
00000AEF
FFFFF7F3
FFFFFBCB
000001F4
FFFFF9FA
FFFFFDED
FFFFFCFE
FFFFFD0F
FFFFFDAE
FFFFF39D
00000279
0000055C
FFFFFF06
FFFFFFCE
00000526
000002CF
00000690
FFFFFBF5
FFFFF743
0000086D
000005DE
000008D4
FFFFFA37
FFFFFBF8
0000010C
00000161
FFFFFA55
FFFFF9E4
000003CB
00000612
000005F7
FFFFF3E5
FFFFF981
FFFFFB79
FFFFFE67
FFFFEB9E
FFFFF37C
00000401
FFFFFC9C
FFFFF112
0000025C
0000000F
FFFFF35C
00000021
FFFFFF8E
FFFFFF3E
FFFFFD1E
FFFFF523
00000094
FFFFFFD2
0000012B
FFFFFF98
0000052F
00000172
FFFFFCC2
00000177
FFFFFE02
00000243
FFFFF74F
0000046A
FFFFF826
00000143
FFFFFC94
0000025E
FFFFF7D6
000003E2
00000577
FFFFF8F2
00000227
FFFFFFFD
FFFFF437
FFFFFE5B
FFFFFBCE
FFFFFD23
000002C0
000003AD
000004C6
00000151
000006BB
FFFFFA45
00000520
FFFFFEA1
FFFFFAF7
00000610
00000433
0000012C
FFFFF595
FFFFFD3B
FFFFFB90
FFFFFEB9
FFFFFA55
FFFFF581
FFFFF9E8
FFFFFC8C
00000484
FFFFFFC5
FFFFFDAE
FFFFF9CB
000005F5
FFFFFDEE
000000FF
00000454
00000520
FFFFF9EB
000003CA
00000121
FFFFF991
0000055E
0000044E
FFFFF809
000000B3
FFFFFCDE
FFFFF6D3
00000057
FFFFFA89
000000F6
FFFFF476
FFFFFEBA
FFFFF715
FFFFF4A7
FFFFFF57
FFFFFEAB
FFFFF75D
FFFFFF43
00000434
00000A07
FFFFFEA2
FFFFFFD4
00000085
FFFFFCDE
FFFFFA33
0000027B
0000033B
FFFFFA4F
00000017
FFFFF9A4
00000068
FFFFF7CA
FFFFFF29
00000048
FFFFFEFC
0000025E
FFFFFE63
FFFFFFDA
FFFFFF28
000004ED
0000061D
FFFFFC13
0000059C
0000019C
FFFFFAFA
FFFFF80A
00000140
00000806
FFFFFB1E
FFFFFBD0
0000048B
FFFFF43C
FFFFFCD3
00000289
FFFFF74D
000004DD
FFFFF922
FFFFFD1E
FFFFFE04
FFFFF823
FFFFFCA3
FFFFF6DC
FFFFFA4E
00000445
FFFFFD74
FFFFFACE
FFFFFDDD
000004B6
0000039D
FFFFF6A3
FFFFF6A9
FFFFF2F7
FFFFFB09
0000004D
FFFFFA45
FFFFFEE4
0000011B
FFFFF7D5
FFFFFDEA
00000275
FFFFF73A
00000663
FFFFF960
FFFFF765
0000003D
000001FD
FFFFFE4E
00000523
FFFFFE4C
FFFFFC22
00000573
000008A3
FFFFFCF2
00000013
00000B7B
000006F4
FFFFF362
FFFFFCBE
FFFFF564
FFFFF0C7
00000224
00000360
FFFFF2A7
FFFFFECC
FFFFFC19
FFFFF948
000004B7
FFFFFA59
FFFFFCD5
00000194
0000003D
FFFFFCE6
FFFFFF3E
000006A2
FFFFF97F
FFFFFA44
FFFFFCFE
FFFFFFEB
FFFFFF51
FFFFFE76
0000053A
FFFFF427
000002E6
0000000B
FFFFFED8
00000569
FFFFFDA1
FFFFF9CB
0000050D
0000019B
000000CA
FFFFFB80
000003F1
00000123
000006BD
FFFFFE04
FFFFFCA9
000003A6
0000003B
0000016E
FFFFFFD4
FFFFFC67
FFFFF793
0000008A
000001C5
000004CA
000001EF
FFFFFC9B
000000B6
00000105
00000765
00000722
000006FD
00000240
000000B8
00000040
0000034E
FFFFFCA1
000007D8
FFFFF503
000001B2
FFFFFEC7
FFFFF8E7
FFFFF896
FFFFF89A
00000128
FFFFFEC6
0000044B
00000119
FFFFFC8E
FFFFFDE4
FFFFFA96
FFFFFD30
FFFFFFCE
FFFFF8D7
FFFFFF64
FFFFFC08
00000320
FFFFFFCE
FFFFFDEF
FFFFF8CD
FFFFFC5B
00000292
FFFFFD3F
00000259
000003F5
FFFFFA1F
FFFFF7E2
FFFFFF1F
FFFFFE13
00000009
FFFFF94C
000001E3
FFFFFBF8
FFFFFCE2
0000058F
0000039B
FFFFFE44
FFFFFADB
FFFFFB77
00000441
00000399
FFFFFACB
00000396
FFFFFB7F
0000013F
000003B4
000003D3
FFFFFAD2
FFFFFE58
FFFFF89E
0000009F
FFFFFEE7
FFFFF9E4
FFFFFCC6
000006D5
FFFFFF8C
FFFFF844
FFFFFCD2
0000011C
000007F7
00000957
000005F1
FFFFFADB
FFFFF989
000009CE
FFFFFE12
00000289
FFFFF695
FFFFFBE4
FFFFFA93
FFFFFF19
00000626
00000744
FFFFF2E7
FFFFFE66
FFFFF931
FFFFFA43
FFFFFC5E
000000D9
00000230
00000914
0000003E
FFFFF7D8
FFFFFAAB
00000447
00000467
FFFFFD2C
000002C9
FFFFF986
FFFFFEEE
00000497
00000741
FFFFF7E3
FFFFF516
FFFFFC11
000003CC
FFFFFFC2
FFFFFE1E
0000011B
00000A79
FFFFF999
FFFFFD7E
FFFFF9F6
FFFFFCE4
FFFFFF1D
00000368
FFFFF9E8
000004F9
00000557
0000035D
000004B3
FFFFFE46
00000055
0000025F
000000DE
FFFFF598
FFFFF97A
00000042
FFFFFCB8
FFFFFDBE
FFFFFC4D
00000435
FFFFFEE0
00000292
00000AC2
0000031C
FFFFFBD7
FFFFFD72
00000657
00000892
FFFFFDD2
00000393
FFFFF7BE
00000070
FFFFFA14
000007E6
FFFFFEC3
FFFFF889
00000028
000001B1
FFFFFFD1
000002FF
FFFFFE06
FFFFFCBC
FFFFFFB2
FFFFFB49
000006A1
0000010E
FFFFFDA4
00000555
00000236
00000463
000001D2
000004BA
FFFFFBE8
FFFFFE2D
00000316
0000040F
0000029F
0000045C
0000021B
FFFFFD14
FFFFFFD9
FFFFF883
FFFFFDE9
FFFFFCC0
FFFFFFC5
FFFFF4A1
FFFFFD8B
0000094F
FFFFFAD0
000000AE
000003AB
FFFFFCDD
FFFFFE2B
FFFFFDFF
0000009D
000003B9
FFFFFD85
FFFFFB1E
FFFFF93C
00000137
FFFFFEFA
000004DF
FFFFF99C
FFFFF9B9
FFFFF9A9
000005A6
FFFFFE6A
000000E3
0000045D
00000657
000000A0
000001ED
FFFFF8C0
FFFFFC52
FFFFFECD
0000013A
FFFFFB31
FFFFF7C4
000003FC
000004C9
FFFFFEEB
FFFFF85D
00000144
00000590
FFFFFE90
00000600
00000084
0000009F
000001B6
00000093
00000443
FFFFFD9C
FFFFFCFD
0000073F
00000750
FFFFFDC2
FFFFFB7F
FFFFFA18
000002A2
FFFFFDC2
0000095C
00000550
00000255
00000140
FFFFFCAF
0000003B
FFFFFF54
FFFFFB3B
000000DA
0000032D
0000098F
000000D9
FFFFF9CA
0000078B
FFFFFDE0
000009A7
000003C7
FFFFFD21
FFFFFCA6
FFFFF995
00000191
FFFFF78C
0000022A
000002D1
000003BC
FFFFF690
FFFFF9D9
0000001D
00000100
00000181
000001BA
FFFFFC9F
FFFFF7BC
FFFFF82F
FFFFFF39
00000512
000007ED
FFFFFB5C
FFFFFD87
FFFFFFF0
FFFFF985
FFFFF9EF
000002F7
FFFFFD08
FFFFF94B
00000652
000005B6
0000063B
FFFFFD3D
000004AB
0000058E
0000079A
00000560
FFFFFF07
FFFFFD77
FFFFFE05
FFFFFF2D
0000001F
FFFFFD20
00000589
FFFFFC8F
FFFFFC8A
FFFFFF09
000007D0
000000EA
FFFFFC69
FFFFF93F
00000358
0000049D
00000321
FFFFF863
000000F2
FFFFFBD6
FFFFFF96
FFFFFD14
00000A13
FFFFFF64
000004B7
FFFFFCA4
00000222
000000C1
000000EF
FFFFFD17
0000011E
FFFFFF0D
FFFFF9FB
00000443
FFFFFC07
000001C7
000000EA
00000262
00000649
FFFFFF1E
00000078
000009D4
0000007C
FFFFF99A
00000070
FFFFF9AE
00000368
000004C8
0000037E
FFFFFC58
0000029F
FFFFFF31
FFFFFEA6
00000661
FFFFFD3A
00000248
FFFFFE54
FFFFF781
00000179
000003DE
00000162
FFFFF73D
FFFFFD5D
FFFFF97D
FFFFFC40
FFFFFD88
00000216
000004C8
00000206
0000063B
FFFFFF00
00000574
00000190
FFFFFE89
FFFFFB83
FFFFFBAA
0000050C
FFFFFDB1
00000002
FFFFFE44
000005DA
000005A4
000006DD
FFFFFEE5
FFFFF974
000004D0
FFFFFD4E
FFFFFE2A
FFFFFA1C
FFFFFAA5
FFFFF856
000008C0
00000414
00000504
000005C9
000000C2
FFFFFE55
00000129
0000048D
0000071E
000001B8
00000177
0000031D
FFFFFA3F
FFFFF65D
00000017
FFFFF65B
FFFFF5AD
00000041
FFFFFD02
0000067C
00000230
FFFFFD63
000008BA
00000863
000005D5
0000012D
FFFFFAD5
FFFFF97A
FFFFF779
00000147
000007BF
FFFFF785
FFFFF956
FFFFF6E0
FFFFFAF2
00000853
000003C2
FFFFFFC7
0000058E
000002D7
0000013A
FFFFFB8A
FFFFFBB8
FFFFFC49
00000433
FFFFF8A8
FFFFFFB0
00000231
FFFFFD6A
00000222
000000AB
0000022D
FFFFFE9A
00000099
00000118
FFFFFCC6
FFFFF870
FFFFFB07
FFFFFEE6
0000014B
FFFFFE92
0000032D
00000231
000004A0
00000184
FFFFF83E
FFFFF9EA
FFFFFB8B
FFFFF9FF
FFFFFB0D
FFFFFFE0
FFFFFCF9
00000688
FFFFFFF6
00000133
00000491
FFFFFC8E
000000A5
000001F9
00000022
000001EF
FFFFFC0F
FFFFFDC7
FFFFF9C8
FFFFF5E9
FFFFFF02
00000446
FFFFFA0E
FFFFFFAC
FFFFF8EF
FFFFFFCE
000000E1
FFFFFAD5
000000B6
000000EA
00000350
FFFFFC9D
FFFFF39A
FFFFFC79
00000206
00000509
FFFFFC2D
0000005D
FFFFF9DF
000005BD
FFFFFE17
FFFFFCEC
FFFFFB3C
0000068A
FFFFFDB5
0000007E
FFFFF7E0
000003F5
000005C8
000001AD
00000025
FFFFFEBC
FFFFF95F
000003CB
000006C2
FFFFFC3D
FFFFFB43
FFFFF955
0000066C
FFFFFECC
FFFFFBA5
000002EC
000004B4
000008ED
000006A3
FFFFFECE
000003EE
FFFFFE14
FFFFFA20
FFFFF8C5
00000532
FFFFFA25
FFFFFEBE
FFFFFD61
FFFFFA78
0000035A
FFFFFEC5
000000BB
0000028A
FFFFF47C
FFFFFFFD
FFFFFCD0
000001E0
FFFFF77A
00000051
FFFFFED4
FFFFFDF5
FFFFFC19
FFFFFCC4
FFFFF75C
00000803
FFFFFFDC
FFFFFBDD
00000066
FFFFF8C9
FFFFFCA3
000000F7
000001B8
FFFFFA5C
FFFFFE01
00000614
00000461
FFFFF598
FFFFF28A
000005FD
000005BE
FFFFFE8E
FFFFFE7F
00000FA8
FFFFFABA
FFFFFEEA
000009D2
FFFFFBEC
000011E8
FFFFFDFA
00000235
0000013B
00000198
000004A5
00000282
FFFFF6B0
00000462
FFFFF7C1
FFFFFD62
FFFFFAA1
FFFFFB5F
0000056B
FFFFF787
FFFFFAA3
000004BB
FFFFFB26
FFFFFA64
FFFFF8DC
FFFFFECC
0000058B
FFFFF78D
FFFFF76B
FFFFFDE9
FFFFFF6F
0000072F
FFFFF741
00000324
FFFFFDF0
000002CC
0000080F
FFFFFBC4
FFFFFE29
FFFFFA5F
000008D3
000004FC
00000051
FFFFFA1E
0000021B
FFFFF86F
FFFFEFF7
FFFFFE2D
000003D8
0000054B
FFFFFD1B
FFFFF4EC
FFFFFA2C
FFFFF8EC
000000CC
0000020B
0000055E
00000054
00000C11
FFFFF8BF
0000066E
FFFFFC10
00000234
FFFFFC36
00001093
FFFFFF7A
FFFFFF35
FFFFFE09
0000048E
FFFFFEFC
FFFFFF0E
0000019D
FFFFFD7B
00000139
FFFFFB45
00000031
00000BAC
FFFFF811
FFFFFE77
FFFFEE75
0000122F
000008FC
00000A7E
000005DC
00000B64
000006A3
00000E1B
FFFFFA6E
00000705
FFFFFC05
0000093F
FFFFFFDE
00000A9E
000011E5
000008F0
00000896
00000696
0000091D
FFFFFC8E
FFFFF664
FFFFF5E5
FFFFFEF7
FFFFFDBF
FFFFFBCF
000000B6
FFFFFCDC
00000130
00000F1E
000001AB
000000E9
000003BD
00000872
00000924
0000047D
000002FE
0000011C
FFFFFB34
FFFFFD63
00000EFF
FFFFF24B
FFFFFF68
FFFFF996
FFFFFED0
FFFFF819
00000049
FFFFFAFC
FFFFF064
FFFFFAE7
FFFFFDA5
000009A8
00000EAB
FFFFFB2A
000001A1
FFFFF862
000005D0
FFFFFB9C
FFFFFE3D
0000045E
FFFFFD70
FFFFFACB
000003B7
0000006C
000007D9
00000AB2
FFFFF7BD
FFFFF661
FFFFF802
FFFFF7F2
FFFFF2E9
FFFFF753
FFFFFF04
FFFFF68F
0000017A
FFFFFABE
000006B1
FFFFF514
FFFFFA75
FFFFF968
FFFFFA8A
00000177
FFFFF524
000001D7
FFFFFC3E
0000004E
000004CD
FFFFF72D
000000F9
FFFFFDE6
0000033A
000009A4
000006F6
000004CC
00000038
FFFFFF78
00000193
0000077C
FFFFFDCC
000003DE
FFFFFD7F
00000E50
000001F8
00000245
00000834
00000373
00000317
000010DF
000006C2
0000101C
FFFFFD85
FFFFFFA8
0000035B
FFFFFDC9
00000475
00000CC6
0000038F
000003F2
FFFFFC3A
00000961
FFFFF82A
FFFFF5C1
FFFFFF66
0000057D
FFFFF65B
FFFFF1C0
FFFFFFDF
FFFFFBCB
FFFFEF1F
FFFFFCC0
00000D47
FFFFF17B
000009E4
FFFFF651
FFFFF839
000002B5
FFFFFF7D
000003ED
00000342
FFFFFAEB
00000A73
000004B4
FFFFFFB4
0000078B
000007E9
0000065C
FFFFFF55
0000060A
00000C4A
00000468
FFFFFC2A
000003E9
000007A5
000016A0
0000076D
000004A4
FFFFFE56
000004B1
FFFFFB95
0000091D
FFFFFB6E
00000AAD
0000046E
00000666
000001F2
FFFFF6F4
0000006C
FFFFEECE
FFFFFAD6
FFFFFB81
FFFFF5CF
FFFFFAED
FFFFFB95
FFFFFE8B
FFFFFF65
FFFFFAB0
FFFFF99E
FFFFFE86
00000678
FFFFF923
00000317
00000194
FFFFF54E
FFFFF45E
FFFFF2C8
00000251
FFFFFA10
FFFFFFFD
FFFFFA25
FFFFFDB7
000001D1
000002D1
FFFFF810
FFFFFF13
FFFFF871
FFFFF795
00000A3A
FFFFFEFF
FFFFFCBD
FFFFFB6A
FFFFFF1A
000004DC
FFFFF3F6
FFFFF16B
0000045E
FFFFF5FF
FFFFFCD7
0000042F
00000433
FFFFFE34
FFFFFF43
00000BD9
FFFFFDBB
FFFFF50C
FFFFF8D5
FFFFFC62
0000106B
FFFFFFDE
00000B39
FFFFFEC8
FFFFFBEB
0000112D
00000940
00000E47
FFFFFFA4
000000FE
FFFFFF70
FFFFFA17
0000063F
00000209
00000A6B
FFFFF96D
000003C2
FFFFFAFE
00000521
FFFFF66F
000003E4
FFFFFC66
FFFFFB9B
FFFFF7AA
0000046F
FFFFF9F8
FFFFFE83
0000040A
00000E45
FFFFFA76
FFFFFB07
0000001B
FFFFFAF1
FFFFF618
FFFFFF1C
FFFFF595
FFFFFDB8
000007EA
FFFFF38E
FFFFFB56
FFFFFE7D
FFFFFC78
FFFFF64F
FFFFFE63
FFFFF326
FFFFF7E9
FFFFF71D
FFFFFF88
FFFFF608
FFFFFFD3
FFFFFEA9
FFFFF4AF
00000666
FFFFFA49
FFFFFCC5
000007A5
FFFFF9B8
000002FB
000003F3
FFFFF095
0000012E
0000067E
FFFFF4B1
00000437
000000CC
FFFFFF52
00000996
000001BD
FFFFFAC8
FFFFFC77
00000355
000004DD
000007C4
000004EF
FFFFFEE7
FFFFF6EC
000003C7
FFFFF44A
FFFFF7AB
00000354
FFFFFCA8
00000AE5
000006AF
FFFFFC6E
000001C0
0000004B
FFFFFED3
00000862
FFFFFCB7
FFFFF415
FFFFFE54
000004EE
0000027C
000001D6
FFFFFD99
FFFFFDEF
FFFFF5C6
0000046A
FFFFF842
FFFFFE4C
000003DF
00000588
FFFFFCF0
00000732
000004C9
00000076
000001CC
0000035E
000008BC
FFFFF43E
FFFFF7F8
FFFFFE73
FFFFFBC5
00000404
FFFFFA01
000005F5
FFFFFF31
FFFFFD73
000004FF
000007DD
FFFFFFA0
00000A1F
00000086
FFFFFDFA
000009BA
FFFFFFB2
00001066
000006B3
FFFFFD0D
FFFFFB8D
FFFFF9D3
FFFFF604
FFFFFFAD
00000D10
00000281
FFFFFBB6
00000691
FFFFFEC1
00000D65
00000221
FFFFF9DA
00000256
FFFFFA47
FFFFFBD6
000007B6
00000269
FFFFF684
00000109
0000072E
FFFFF77A
000002F9
00000918
FFFFECC9
FFFFFEC4
FFFFF587
0000040A
FFFFF4D8
FFFFFD73
000007C2
00000905
0000049D
FFFFFB68
00000365
000001C9
FFFFF5C8
FFFFFD1C
FFFFF810
000001CC
FFFFF592
000006B5
FFFFF9C0
FFFFF1CE
FFFFF59C
000007BA
0000035A
000007CF
00001520
0000130E
00000AA8
FFFFFFA7
00000919
FFFFFE9F
0000048B
000003D2
0000054D
FFFFFEFF
FFFFFF3D
FFFFFA57
0000018D
FFFFFF86
000008B2
0000024D
000006C9
FFFFFD21
FFFFF1C9
0000091F
0000187A
0000004B
00000F2C
0000004D
000005D1
FFFFFC4E
00000EE2
000007BD
00000233
00000D8F
00000216
FFFFF670
FFFFFDA8
FFFFF7FB
00000DC1
0000079F
00000482
FFFFF8B5
FFFFFF3F
FFFFF1E5
00001198
00000719
FFFFF341
FFFFFB0E
FFFFF289
FFFFF3CE
000001F3
FFFFEEFD
FFFFFD12
0000067E
FFFFFE90
00000787
00000D8E
00000177
000008F4
000000A0
0000095F
00000A5C
000001E1
000009EE
FFFFF4EB
00000394
FFFFFF9B
00000191
FFFFFC23
FFFFFAE4
FFFFFF47
FFFFFD4E
FFFFFE67
FFFFFF11
00000415
000002BF
000008D2
000004F6
FFFFFBC5
FFFFF903
000003FB
0000050E
00000B3F
00000B0D
00000A0C
00000528
00000370
FFFFFDC7
0000085F
00000BF1
FFFFFE18
FFFFFCA9
FFFFF8AE
00000462
FFFFF363
FFFFF53C
FFFFFB50
000000B0
FFFFF672
FFFFF8A7
00000C8C
00000228
00000AC2
FFFFFDC9
00000AB0
FFFFFACD
000008A1
00000851
000004FF
000007B6
00000203
FFFFFFCE
0000003E
000001B1
0000002C
000000D9
000005CC
00000184
00000146
FFFFFEE9
000005C1
FFFFFEA7
000000BB
FFFFFBAF
FFFFFAC6
00000461
FFFFFEA1
0000052A
000003EF
FFFFFE98
FFFFF701
FFFFFF4E
FFFFFE8D
00000329
0000007E
FFFFFB8E
FFFFF714
FFFFF8B1
FFFFFA74
0000035B
00000264
FFFFFBEE
FFFFF9E4
FFFFFAB2
0000042A
FFFFF7E9
FFFFFE52
FFFFFAAA
FFFFFB25
FFFFFA9F
FFFFFBAE
FFFFF957
0000057B
FFFFF649
0000047C
FFFFF77E
FFFFFFC9
00000294
00000151
000004A2
000001D0
FFFFF52D
0000038E
00000499
00000925
00000139
00000623
FFFFFB83
0000094B
000004B7
0000039F
00000734
00000402
FFFFFCD1
0000003A
FFFFF9F3
00000415
FFFFF70A
FFFFFC5C
FFFFFA4F
00000110
FFFFF4BF
00000305
00000171
FFFFFE39
FFFFF394
0000003E
FFFFFE9E
00000314
FFFFFE35
00000210
FFFFF9E7
0000029D
FFFFFF97
0000105D
00000599
000009E7
00000024
00000574
FFFFFD30
0000016E
FFFFF811
FFFFF84D
FFFFFA23
FFFFF963
FFFFFF1E
0000013F
FFFFFF52
00000366
0000045A
000002C4
FFFFF440
FFFFF8A9
00000321
000002DE
FFFFFE95
FFFFFD99
FFFFFF2D
0000004B
FFFFFC9A
00000619
FFFFF700
FFFFFD78
00000280
FFFFFDD5
000009E2
FFFFFD14
FFFFFD1D
0000012F
FFFFFA3D
FFFFFA46
FFFFF3EB
0000032B
FFFFFFA2
FFFFFF65
FFFFFFDE
FFFFFBD0
FFFFF9D2
FFFFFA97
0000041B
FFFFFB5E
FFFFFC21
FFFFFFCF
00000087
FFFFFFFC
FFFFF8B0
0000017D
000001BB
0000001B
FFFFFB67
FFFFF81F
FFFFFCA7
0000068E
FFFFFF00
00000609
FFFFFE8D
0000024A
00000313
0000004F
FFFFFA5C
FFFFFF13
FFFFFCD3
00000254
000000AF
FFFFFDB4
000000E1
000001F4
000005FE
FFFFFB91
FFFFF866
FFFFFCB7
FFFFFD63
00000834
FFFFFCFA
00000132
FFFFFE83
00000291
FFFFFCAB
FFFFF9E7
FFFFFAE2
000004E2
FFFFFE91
00000546
00000548
0000089E
00000418
00000058
00000155
FFFFFEED
000004B3
000006FA
FFFFFF6D
00000071
00000007
FFFFFDC8
00000343
FFFFFF19
000002E8
FFFFFF05
00000180
0000057A
00000119
000002BF
FFFFFF24
FFFFFACE
000007BC
FFFFFC39
FFFFF95D
FFFFF33B
FFFFFF1D
0000076D
FFFFFA58
FFFFFF6A
000002A8
FFFFFC11
FFFFFC53
FFFFFFB9
000005ED
00000459
FFFFFE16
00000665
FFFFFDB0
FFFFF988
FFFFF663
FFFFF688
0000009A
00000648
0000027C
FFFFF22F
000000D1
0000059D
FFFFF78C
00000014
000003FD
FFFFFED4
0000006A
00000202
FFFFFF1F
FFFFFFF5
00000514
FFFFFC3E
FFFFFF24
00000557
FFFFFB0E
FFFFFE0B
0000001A
FFFFF5F9
FFFFF974
00000225
FFFFF948
FFFFFE33
FFFFFC99
000001D5
FFFFF836
FFFFFD71
FFFFFB2F
0000028C
FFFFFC56
FFFFFB5A
0000032D
FFFFFB1E
00000182
FFFFFA6D
FFFFFF90
00000193
FFFFFCA6
FFFFFB8A
FFFFFDA2
FFFFF92D
0000032B
FFFFF731
FFFFFF97
0000082B
FFFFFFE2
000002DF
FFFFFB70
FFFFFDF1
00000570
00000390
00000253
00000308
000006AB
FFFFFE65
FFFFFD2B
FFFFFC30
FFFFFC64
0000002F
000000E8
0000037D
00000337
000003BC
FFFFFBD3
00000487
0000044C
FFFFF823
00000366
FFFFF987
FFFFF86E
FFFFFB04
00000682
000005A0
FFFFF8D9
FFFFFBFE
FFFFF3E0
FFFFFC3B
FFFFFFA3
FFFFF5E5
FFFFF46E
000000E3
000003BF
FFFFFB99
00000048
00000389
00000260
00000154
FFFFF44F
FFFFFDC9
FFFFFAC5
00000058
FFFFFD16
000005FD
FFFFFBF3
00000527
FFFFFE96
FFFFFFA8
00000637
FFFFFC52
0000002D
FFFFFEEF
FFFFFFBB
FFFFFEC6
FFFFFA1D
FFFFF925
00000612
0000034E
00000201
FFFFFB07
0000077F
FFFFFD60
00000967
FFFFFF89
000002BC
000003F0
FFFFFF0D
000002D9
00000149
000006EE
FFFFFA2D
FFFFFFBF
0000019A
00000701
000007B1
FFFFF5B2
000003BC
FFFFF9DF
FFFFF875
FFFFFEFD
0000052F
FFFFF30B
00000745
00000134
FFFFFA7C
FFFFF888
FFFFFBBD
0000004F
000009E2
FFFFF974
FFFFFC85
0000034D
000003D1
0000003D
000000F8
FFFFFBD9
FFFFFD54
000006F9
0000006F
0000030C
FFFFF9C7
FFFFFB75
0000020C
FFFFFB30
FFFFFEB9
FFFFFA8C
0000010C
FFFFFEDB
FFFFFB3E
FFFFF798
00000487
FFFFFC6B
0000047A
FFFFF87C
FFFFFA6D
000007A4
FFFFFA23
FFFFF7AE
FFFFFD30
FFFFFAE1
00000224
FFFFFCDA
FFFFF96F
0000013C
FFFFF6B3
000003D1
000003F9
000006EA
0000033D
00000090
FFFFFFF6
FFFFFF98
FFFFFB31
00000826
FFFFFD73
000000A4
00000156
FFFFFEBC
00000302
FFFFF9E4
00000247
FFFFFB0D
000004AF
FFFFF870
000003F9
FFFFFC7A
000008F1
FFFFF937
00000B6D
00000373
FFFFFB1F
00000A2E
000002E5
FFFFFA95
000004CA
000001CC
FFFFFEE2
000007F2
FFFFF9E5
FFFFFD8C
FFFFF63F
FFFFFF84
00000116
000005BA
FFFFFD70
FFFFFE1E
00000290
000003EB
FFFFFC08
FFFFFB5B
00000061
FFFFFD4A
FFFFFC70
000001E3
FFFFF7D8
00000474
FFFFFC59
FFFFF9B1
FFFFFD4F
000000EE
00000213
000003AD
FFFFFED7
FFFFFABB
0000039E
FFFFFD9D
00000581
00000805
FFFFF9B7
FFFFFEE3
000004E2
FFFFF1CC
FFFFFC8E
FFFFFFA3
FFFFF877
00000667
00000152
FFFFF778
FFFFF967
00000001
FFFFFCDA
FFFFF930
0000025C
0000051D
FFFFFD32
000003DB
FFFFFD18
000006AC
00000592
00000764
FFFFF79D
00000792
0000025C
FFFFFF38
FFFFF8CA
00000284
FFFFF73B
FFFFFE76
FFFFFF91
00000854
FFFFFEBE
00000089
FFFFFAD9
0000091D
0000004D
FFFFFD3E
FFFFFEF9
00000602
00000597
FFFFFAB0
FFFFF62F
00000560
FFFFFA07
FFFFFF78
FFFFFFDC
FFFFFEB8
FFFFF6CC
0000042B
00000919
FFFFFEF8
FFFFF2A4
FFFFFF44
FFFFED47
000005D4
FFFFFBA4
0000055F
FFFFF9FA
00000BE1
000001D4
FFFFFC3F
FFFFFE24
000004DE
FFFFF9A0
FFFFFC16
00000168
0000034B
000003E1
00000140
FFFFF490
FFFFFFA9
0000001C
FFFFFEA1
FFFFFE13
FFFFF943
FFFFFE8C
000000E4
FFFFFC7D
00000052
FFFFFE7B
FFFFFF82
FFFFFCF0
0000000C
FFFFFB9C
000004CA
FFFFFF3E
000001A8
000003A9
0000028C
000000D9
000006FC
000001C7
FFFFFA33
000002D8
000003FF
00000793
FFFFFFC0
00000A42
FFFFF8AA
00000C19
FFFFFF59
000005A6
00000385
FFFFFE17
000002B2
FFFFF688
000005AE
000000F0
000002CF
FFFFFDD7
00000241
FFFFFE53
00000420
00000256
00000B09
000000EE
FFFFF815
FFFFFD0C
00000441
00000A56
FFFFFEF4
00000300
00000158
0000061C
0000031B
00000743
FFFFF822
0000002B
FFFFF697
000002C4
00000352
0000083E
FFFFFC83
FFFFFA98
000009CD
FFFFFCCB
000000F7
00000714
FFFFFD6B
FFFFF9C8
000002DC
000004F0
FFFFFAEB
FFFFEBFF
FFFFF48A
00000014
FFFFFE05
FFFFFCB8
0000058F
00000330
0000032E
00000083
FFFFFA54
000004FD
FFFFFC44
FFFFFB22
FFFFFDAB
00000387
FFFFF915
FFFFFE1F
0000096D
FFFFFD57
FFFFFBBE
FFFFFDE2
000004DA
FFFFF5E7
00000079
FFFFFC69
00000380
FFFFF867
0000031C
FFFFF913
FFFFFE8C
000004B4
FFFFF6E4
FFFFFB76
0000016A
FFFFF7E7
000009D8
0000107B
000000DF
FFFFF891
FFFFFC97
00000173
0000072A
00000D79
FFFFFC1F
00000A22
FFFFFD60
000009B6
FFFFF9FA
FFFFF91C
FFFFFBB4
000005CD
00000189
FFFFF9C5
0000041A
0000044E
000002FA
FFFFFE82
000005CE
0000024E
FFFFFD08
00000B5E
000003B4
FFFFFBBF
000003E8
00000E0B
00000A4E
FFFFFCB5
0000006C
000002A3
00000A69
000000CB
FFFFFB8B
00000B16
000008B2
FFFFFDF1
000005D6
000006C8
0000057E
0000010A
00000926
00000225
FFFFFE85
FFFFF4D4
FFFFFB08
000004E0
00000053
FFFFF9D8
FFFFFFB7
FFFFF74C
000002B0
000003FB
FFFFF977
00000027
FFFFF6A4
FFFFFD40
FFFFFF95
FFFFF116
FFFFF4E9
000002AB
00000C55
00000653
000006D7
FFFFFCA6
FFFFFD9F
0000037D
000003DB
000000BA
FFFFF811
0000039C
00000B2F
00000809
000000B8
00000057
FFFFFDEA
0000050F
FFFFF2F9
00000092
FFFFFD99
000000B6
00000080
FFFFF655
FFFFFDBB
000001CF
00000722
FFFFF178
FFFFFC69
000007CA
FFFFFBE7
FFFFFD6E
00000121
0000047E
FFFFFCE5
FFFFFE38
FFFFF8BC
FFFFFE30
FFFFFBAD
FFFFFAAF
000008D3
000001C8
00000225
FFFFF625
FFFFF724
00000BD7
0000029C
0000028A
FFFFF51B
0000009E
FFFFF9EE
00000079
00000A48
000006ED
00000298
00000181
00000728
00000A28
00000013
FFFFFD66
00000076
FFFFFDAA
FFFFFF51
00000301
FFFFF9FB
00000213
FFFFF9BE
00000106
FFFFFD8D
FFFFFBE8
FFFFF4FE
FFFFF587
FFFFFA24
000000A7
FFFFF791
FFFFF604
0000003D
0000014F
FFFFFD09
00000054
0000057E
FFFFF572
0000013D
FFFFFF2D
FFFFF570
FFFFFC30
0000011C
000002E9
00000012
FFFFFF30
000005A8
FFFFF9FC
000000FE
FFFFFB6F
FFFFFC77
FFFFFF84
FFFFF9FA
FFFFF9CB
00000929
FFFFFDF2
FFFFFECA
FFFFEE40
FFFFF9A3
00000188
00000315
FFFFFF8A
00000139
0000048D
000009EC
000001E4
00000660
00000167
00000A47
FFFFFCF4
00000297
FFFFFE8C
FFFFFA26
FFFFFFD0
FFFFFF11
0000005F
FFFFFB01
0000039D
0000011F
000003EC
00000695
00000658
FFFFF36D
FFFFF42D
000006CD
FFFFFE58
000008B0
FFFFFB40
000001AF
000009ED
FFFFFCC7
FFFFFAA0
0000081C
000000A1
0000070E
0000054C
FFFFFF1F
000005CA
FFFFFA85
FFFFFF52
0000021A
00000A7C
FFFFFA76
FFFFFD94
0000014A
00000804
000002CF
FFFFF499
FFFFFC0B
000002D7
FFFFFDC0
FFFFF41E
FFFFFCEC
FFFFFB2C
FFFFFB8B
FFFFFEE7
FFFFF8DA
FFFFFB97
FFFFFB8A
00000466
00000440
FFFFFBC2
00000358
0000028C
000007BC
00000469
FFFFF8AB
FFFFF80B
FFFFF626
FFFFFE2F
00000383
FFFFF8C5
FFFFF6F8
FFFFFD6C
0000086E
00000431
FFFFFFF9
FFFFFAD8
0000011A
00000809
0000031C
FFFFFDE3
00000863
0000005E
FFFFF939
000000FC
FFFFFD27
FFFFF6A3
FFFFF714
FFFFF6AE
000005AF
FFFFF796
FFFFF38B
0000012C
FFFFFC9E
000000C8
FFFFFC3B
FFFFFD3B
0000004E
FFFFFD85
00000402
FFFFFCC5
00000630
FFFFFE1C
0000098E
FFFFFA22
FFFFFA27
000003E6
FFFFFFE6
FFFFF0E7
000003BB
0000032E
FFFFF99F
FFFFF9E7
FFFFFC41
FFFFFF7D
FFFFF819
00000597
FFFFFDC2
00000233
0000092E
FFFFFC2F
FFFFFACA
0000078C
00000068
FFFFF7AB
00000392
FFFFF710
000002C2
0000033A
000006A9
FFFFFD9B
FFFFFA7C
000001C6
000006FF
FFFFFB26
FFFFEB8E
FFFFFF8A
000005C9
FFFFFD8A
FFFFFBC7
FFFFFBEE
FFFFFF99
0000034B
FFFFFFD8
00000397
FFFFFC34
FFFFFBD7
00000384
FFFFFB25
00000605
00000704
00000044
0000060F
000003A4
FFFFF5F7
000001F7
FFFFFE53
FFFFF884
FFFFFC88
000006FD
000006B1
FFFFFCAB
00000968
FFFFFD7C
FFFFF7E7
0000013B
FFFFFB73
00000A19
FFFFFF6D
FFFFFA69
FFFFF96E
FFFFF1EF
FFFFF9E0
00000516
FFFFFDA6
FFFFFA3F
000004A4
FFFFFB55
000007A7
FFFFF7D0
000004AD
FFFFFBBB
FFFFF465
FFFFF931
FFFFFBA8
FFFFF887
00000082
FFFFFEDD
000006B5
000005DD
FFFFFAF5
0000039E
00000B25
FFFFFBC2
000001DA
FFFFF71E
00000131
FFFFFF8B
0000011A
FFFFF60A
000004C7
000009AD
FFFFFE89
FFFFF7AC
FFFFFCB1
FFFFF89B
00000171
00001219
000007B4
0000014D
FFFFFAFD
FFFFFFDF
00000CF4
000005D4
00000DE8
0000091C
FFFFFD8B
FFFFF87A
000002D6
FFFFFD53
FFFFFC7A
FFFFFAFA
000008CF
000000B9
000003B2
0000064C
FFFFFAFB
00000563
0000046B
00000160
0000020F
FFFFF9EE
FFFFFDB9
FFFFFB4F
FFFFFD7A
FFFFFD7E
000000D7
FFFFFBBE
000002E9
000003BE
FFFFFDCA
0000026A
000009B7
00000794
FFFFFFA5
00000494
00000612
0000075C
000000A7
000002EA
000003B5
00000114
000000B9
000001C1
FFFFF880
FFFFFE04
FFFFFE80
FFFFF65B
FFFFFBEB
00000528
000006AF
00000AF5
FFFFFAF7
000003F7
00000378
00000874
00000311
FFFFF5AA
00000801
FFFFF6C9
FFFFF634
0000076B
0000045E
FFFFFA11
FFFFFEF1
FFFFF68A
FFFFFB75
FFFFFA73
000003D8
FFFFFE9D
FFFFF8A3
FFFFFB4C
00000470
FFFFFB7D
00000545
000001B8
000004EB
FFFFFEEF
00000759
FFFFF700
FFFFFCAC
00000721
0000067D
0000014F
FFFFF4A7
00000545
FFFFF380
FFFFFA21
000000BE
FFFFF224
000001D1
000006EB
000002CB
FFFFF539
00000000
000003B4
00000640
FFFFFF68
FFFFF529
000004DA
FFFFF852
FFFFF604
FFFFF9F4
00000311
0000033D
00000B04
FFFFF9F3
000001EC
00000E85
00000505
00000996
FFFFFC73
FFFFFF5C
FFFFFBFA
FFFFFE27
00000A22
00000B3B
FFFFF23E
FFFFFD15
000002FA
FFFFFAEA
FFFFFA2F
FFFFFEEF
000004A6
FFFFFF16
FFFFF864
000001EC
0000029D
FFFFF599
FFFFF3AC
00000049
FFFFFE90
0000041E
0000001B
FFFFFF11
00000189
FFFFF3AA
0000005A
00000B4A
00000A55
0000050C
000000D2
0000073F
FFFFFBA3
00000394
FFFFFF3D
0000045D
0000045B
FFFFFB04
FFFFFFF3
00000729
0000065F
FFFFFF1D
FFFFFEC0
FFFFF7AB
0000015C
FFFFFC9C
000003D8
FFFFFF27
000000EE
00000453
FFFFFEAA
0000045C
0000051E
000001FA
0000005F
FFFFFE9C
00000526
000006E7
0000077F
000000DF
00000544
000004A7
000006A3
0000071A
00000A3C
0000017C
0000002C
00000A5E
00000BCD
00000338
0000021E
000001FC
FFFFFFE5
FFFFFB31
0000029F
000002A5
000003F8
0000065C
000005CB
00000119
FFFFFE2D
00000400
000001C8
FFFFFC7A
FFFFFE5B
FFFFFBF6
000001A4
00000020
00000486
FFFFF712
00000379
FFFFF9D6
0000043C
0000015F
000001C2
00000255
00000D64
000002EB
000002D4
00000343
000009B4
FFFFFE90
00000B9E
000001E7
FFFFFFD7
00000615
00000F52
0000069B
FFFFFF21
000000D6
00000734
00000220
FFFFFF70
FFFFF8E4
0000046E
0000015B
00000211
FFFFFECE
0000080A
00000231
00000A77
0000028D
00000886
000007B5
000002E8
0000010A
00000783
00000426
000005F6
000004B7
00000185
000000C1
000007D8
000000A6
FFFFFE23
FFFFFE51
000007B5
FFFFFE79
FFFFFB35
00000207
FFFFFD02
000001DA
FFFFFF4F
FFFFFBBB
FFFFFCAF
FFFFFE6A
000004AB
FFFFFB1C
000002CE
0000012D
00000412
FFFFF8BE
FFFFFFD5
000001A2
000006BA
000006BE
00000241
000000F1
000005A1
00000746
00000779
000008A4
FFFFFC20
00000A66
00000791
FFFFFD69
FFFFFEA1
00000647
00000092
FFFFFE24
00000AA9
0000032A
0000057E
FFFFFC42
000002EF
FFFFFD47
00000894
000002CC
000005CA
00000979
FFFFFCFE
FFFFFC15
FFFFFEEC
FFFFFAEC
FFFFFD1E
FFFFFCA7
000002F2
FFFFFC5D
0000030D
00000241
0000038C
FFFFFE29
0000057A
00000B49
0000099E
00000080
00000551
00000909
FFFFFE2C
00000968
000003A4
FFFFFFEC
00000221
FFFFFB09
FFFFFF0E
FFFFFB2F
FFFFFE4F
FFFFFE72
0000027F
000003D5
FFFFFCA4
FFFFFBD0
FFFFFC6E
00000600
000000AE
FFFFFFD5
000003FA
000003BF
0000008A
FFFFFB0B
FFFFF991
FFFFFE06
000004FA
0000064C
FFFFFE6D
000000D6
FFFFFFF9
0000030F
FFFFFDEC
FFFFFB7A
000000F0
000003E5
FFFFF9A9
FFFFFD4C
000003E4
FFFFF971
00000A86
000000FB
000004D9
0000027D
000002DA
FFFFFF04
00000592
000008E2
0000067B
FFFFFF38
00000717
00000855
FFFFFF95
00000A97
FFFFFFEC
00000053
000007B7
000004EB
FFFFFF19
FFFFFCCD
FFFFFF3F
00000999
FFFFFC7E
000004F1
FFFFFD8C
FFFFFE8E
0000072D
FFFFFEE1
0000049B
0000046A
FFFFFE0C
FFFFFAD6
FFFFFD5E
FFFFFA68
000000A9
FFFFFCB1
000008BB
FFFFFCED
0000073F
000009A0
0000098C
00000703
000009DA
00000301
00000C49
00000BAA
000003AC
000009E6
FFFFFEF6
FFFFFE14
FFFFFE62
00000675
00000783
00000684
0000034E
00000266
00000070
FFFFFB68
000007D2
00000305
FFFFFD17
FFFFFD1A
0000026F
0000077E
00000127
00000042
00000550
FFFFFF8C
000005C4
FFFFFCA0
FFFFFE1F
00000444
0000018E
00000492
0000036C
000001E4
00000245
00000397
000002BF
0000045F
0000027A
000005F6
FFFFFCA8
FFFFFFCB
000006A7
00000030
FFFFFE69
00000542
FFFFFB92
00000011
00000917
000005F3
00000892
00000215
00000779
FFFFFEDA
00000732
00000071
FFFFFD1B
000005EF
00000395
0000086E
000002DA
000002E4
000008E6
0000035F
000000C0
FFFFFB37
FFFFFB82
FFFFFA7D
000000E9
0000025C
0000003F
00000206
FFFFFE51
000005C5
00000695
00000232
FFFFFAA8
00000151
000003CF
00000393
FFFFFBBE
FFFFFAD2
00000349
FFFFFF1A
FFFFFBEB
000004C9
FFFFFDE1
FFFFFD66
FFFFFFB8
000000A0
000008EF
000005D3
0000033F
FFFFFEE0
FFFFFCD3
FFFFFD11
00000703
000006F1
0000044A
0000062B
FFFFFC1C
FFFFFF54
00000913
000003B8
00000089
00000459
00000611
000007A8
000002AE
000003CA
000005B8
00000654
0000045B
FFFFFB71
000003A9
FFFFF9A6
FFFFFFEB
FFFFF9EF
0000062A
000003BD
FFFFF89A
000002EE
FFFFF9F5
FFFFFD08
000002C8
FFFFFF32
000000A4
00000126
FFFFFD3A
0000084C
00000518
000001D1
FFFFFD64
000003FC
000001FB
000002DA
00000009
FFFFFDD3
0000060E
FFFFFCBB
00000652
FFFFFC2F
000002DC
FFFFFF42
000001CD
000001A9
000000B4
00000003
FFFFFF4A
FFFFFF83
000005D4
0000011F
0000088F
FFFFFEA7
00000A2F
FFFFFE3D
000000AF
000004A8
00000203
000006D1
FFFFFC48
FFFFFBFF
0000066C
FFFFFBD8
FFFFFF3E
FFFFF95C
FFFFFBF3
FFFFF859
FFFFFD6A
FFFFFDDD
000005AD
FFFFF74E
FFFFF983
FFFFFDAD
000004FC
0000090D
0000028C
0000075B
000009A7
00000492
0000030B
FFFFFF83
FFFFFED1
FFFFFE6C
FFFFFE5B
000003A2
FFFFFF3B
FFFFFBA1
00000481
FFFFFB87
FFFFFCE7
000005EF
FFFFFEF4
00000327
00000664
00000343
00000059
00000466
00000322
FFFFFFBB
00000233
0000007B
FFFFFE12
0000005D
00000555
000003E6
000005AD
00000105
FFFFFF77
0000025F
FFFFFBA8
0000050F
0000014D
00000086
00000172
00000A5E
0000001C
000006FF
00000076
000004F4
FFFFFD33
FFFFFD0F
00000254
00000533
0000013A
000005DA
FFFFFF5B
FFFFFFC1
00000742
000004F1
FFFFFB5D
000000B2
000004B8
FFFFFC84
000002D1
00000550
FFFFFB8C
FFFFFECF
000002A6
FFFFFEF2
000002EF
FFFFF675
00000989
000003D8
FFFFFB0E
FFFFFFD2
FFFFFDB4
000007CA
FFFFFA7C
0000015E
000009A3
0000024C
000007B9
00000105
FFFFFECA
FFFFFABA
000002AE
000000F5
0000008F
FFFFFD49
FFFFFF73
FFFFFCF0
FFFFFC2B
FFFFFA1F
000001A7
FFFFFE79
FFFFFDCB
FFFFFCF7
000005CD
FFFFFE63
00000512
FFFFFC2A
00000731
FFFFFC0D
FFFFFB7C
FFFFFD28
000000F2
FFFFFECA
00000311
000002B0
FFFFFC3B
FFFFFF14
0000069A
0000060F
00000464
00000856
FFFFFDCA
00000BAA
000003F2
00000735
00000965
000004F7
FFFFFCE5
FFFFFE30
0000096A
FFFFF6D1
00000084
FFFFFDE1
FFFFFB02
000000B0
FFFFFF13
00000435
00000662
FFFFFCA8
FFFFF9B4
0000068B
00000303
000001F2
00000216
00000165
000001E3
FFFFFEBD
00000122
FFFFFED8
00000336
FFFFFDA9
FFFFFFC0
000002FB
000003B5
FFFFF99D
00000212
00000100
00000618
00000142
FFFFFAA7
FFFFFDFB
0000026E
0000009F
FFFFF969
FFFFF17B
000003BB
FFFFF2F1
FFFFF9F9
FFFFF5CB
FFFFF5BA
FFFFFA5D
00000286
FFFFFD18
00000906
FFFFF9F0
00000306
00000AC5
000006D6
000004A5
FFFFFABF
0000054D
FFFFF4D9
FFFFFBBC
00000710
FFFFFDB2
FFFFFBB5
FFFFF8FE
00000E25
00000A23
00000577
00000459
FFFFFB2B
FFFFF7A4
00000718
00000452
000002C5
FFFFFA5D
00000464
0000009D
00000DFC
FFFFF93F
FFFFFBD0
000000E7
00000E42
00000280
FFFFFC79
000006A2
00000925
00000185
0000061B
00000A7C
00000282
0000080B
00000BA2
FFFFFE5D
000008E3
0000032E
FFFFFB2E
00000235
FFFFF93B
FFFFFF76
00000718
000000C8
FFFFF227
FFFFFB22
FFFFFF8A
000001E8
FFFFFE10
00000C31
000000B3
FFFFFAF7
00000264
FFFFFD24
0000014A
000007EC
00000876
000005E4
00000A00
00000855
00000369
0000037B
FFFFFD93
000002C5
FFFFF2D7
000003D3
FFFFFE29
00000457
FFFFF58C
FFFFFA53
000004A7
FFFFF706
FFFFF4CB
00000748
000009E7
FFFFF9E7
FFFFFEF2
FFFFFD3A
000000D7
00000A3D
000000C8
FFFFFDC2
FFFFF587
FFFFFA23
FFFFF710
00000704
00000591
00000687
FFFFF651
00000487
FFFFF997
FFFFFF68
00000584
000001EC
FFFFF7E1
00000184
000007B9
000006D8
FFFFF7A7
00000092
0000057B
00000656
000000BE
00000064
FFFFFCDC
00000EC6
00000BBD
FFFFFBA2
0000099D
FFFFFB2A
FFFFFBA9
00000310
FFFFFE18
FFFFFFEE
0000078A
00000599
FFFFFC33
0000010E
FFFFFD66
000003FF
00000243
00000914
FFFFF2B9
0000040A
000000F0
00000510
00000260
000002F5
00000C51
00000B63
FFFFFB16
000002D6
00000219
00000727
00000035
FFFFFADE
000005A5
00000333
00000121
0000019B
FFFFFDEB
FFFFF98C
000004E2
00000BD7
000003FD
00000406
00000202
FFFFFA03
00000048
00000992
FFFFFD5E
00000442
00000A83
00001091
000004BE
000005C2
0000051B
FFFFFA73
FFFFFD18
FFFFFF44
00000B22
00000158
FFFFF8CD
FFFFFDD9
FFFFFBE0
FFFFFF61
FFFFFE11
00000282
FFFFFEB6
00000339
000000D2
FFFFFE8F
FFFFFD36
FFFFF15A
000000B7
00000946
00000B5C
00000699
FFFFF72C
00000365
000002C7
0000070F
00000957
000010B7
0000031F
00000A61
00000B7D
00000E7C
000000B9
FFFFFB34
00000A50
0000009D
00000663
00000411
00000933
FFFFFB4F
000003CE
00000E11
0000034D
000004E4
FFFFF717
000003AE
00000D56
0000035E
FFFFFFCE
FFFFF4A9
00000682
0000079E
00000BD8
FFFFFFD6
00000792
FFFFFB85
00000160
00000987
00000630
00000CCE
00000970
FFFFFF41
00000633
FFFFF851
0000005D
FFFFFEF7
00000BD9
FFFFF855
FFFFFEFF
00000611
0000012E
00000C90
00000401
0000083A
000007B7
00000376
000008F3
00000451
0000041B
00000800
00000944
00000C69
00000392
FFFFF73E
00000610
000001BF
FFFFFD45
0000038D
00000476
FFFFF905
000001CB
00000B2C
00000446
FFFFFCF0
0000019C
00000233
00000B5D
000006CE
FFFFFF17
FFFFFDBE
00000263
00000BCA
FFFFFE9C
FFFFFBEA
000007D6
0000079C
FFFFFC79
0000018A
00000237
00000581
FFFFFDBD
00000217
FFFFF85E
FFFFF83E
0000011D
00000902
0000034F
FFFFFD30
FFFFF2FF
FFFFFC35
FFFFFC38
00000C08
00000A26
FFFFFB8C
FFFFFC2C
000007CE
FFFFF9B8
FFFFF8C7
FFFFFD9C
0000016C
FFFFF95E
FFFFF4EF
FFFFFCB7
0000037B
FFFFFFAB
FFFFF714
00000F46
00000327
00000423
FFFFFA1C
FFFFFD59
000001D0
FFFFF9EB
FFFFF48C
FFFFFEA9
0000071F
00000346
000004C9
00000640
FFFFFCDE
FFFFFE90
FFFFFBCA
00000326
000000A9
FFFFFF43
FFFFFC7D
0000048E
000000DA
00000952
FFFFFC3C
00000984
00000037
00000E8A
FFFFFD57
0000020B
0000028B
0000052D
FFFFFDF3
00000605
FFFFFF59
000002BD
00000509
FFFFFA7E
000002F1
FFFFFF45
FFFFFE06
FFFFFFDC
FFFFF9D2
00000550
FFFFF7DF
FFFFFE20
000000C8
0000055A
00000503
0000017B
00000CCE
FFFFFC87
000001CA
000001E3
FFFFF926
FFFFF59B
FFFFFD5D
FFFFFC63
00000B2F
000001DD
FFFFFFB2
000000A8
0000030F
FFFFF6F7
FFFFF826
000003F2
FFFFFEDC
0000089E
000006D5
FFFFFD32
FFFFFFB1
FFFFFB7B
0000017A
000004E5
FFFFFD8C
FFFFFF22
000001F4
000001E5
FFFFF6B6
FFFFFADD
00000429
FFFFF9CE
00000301
00000054
00000440
00000573
FFFFFB51
FFFFFBBD
FFFFF914
FFFFFB63
00000473
00000A81
000002A7
00000752
000004FD
000002FA
FFFFFA98
00000235
FFFFFB16
0000016D
0000003F
00000883
00000876
000002C0
00000129
FFFFFD76
FFFFF61C
000006DA
000001CC
FFFFF06D
FFFFF9A8
FFFFFDC6
FFFFF4A7
0000035D
FFFFF661
0000030A
00000606
000002E9
0000000B
00000582
0000084C
000007D7
000003D3
FFFFFF45
00000B6B
FFFFFEDA
FFFFFA07
FFFFFA0A
FFFFF657
FFFFFF0C
000004A7
FFFFFC4A
FFFFFB25
00000524
000001B3
000000EE
0000012B
FFFFFDDA
FFFFFDE8
000008F7
FFFFF6C3
0000027B
FFFFF65D
FFFFFB25
FFFFF7B5
FFFFFA42
0000057D
FFFFFA94
00000846
0000080B
000007B0
00000B27
00000E89
FFFFFDC5
00000622
00000611
FFFFF939
FFFFFE75
FFFFFF2E
FFFFF660
0000080F
000004A4
00000465
FFFFF8AF
FFFFFC64
000003CD
000003C8
FFFFFA70
FFFFFFED
000005C8
FFFFFC61
0000050B
0000068A
00000422
FFFFF58F
00000670
00000084
000000B4
FFFFFDBB
FFFFF2E3
FFFFFA0D
FFFFF5DD
00000A05
FFFFFCCE
FFFFF804
FFFFF9D5
000001ED
000002D7
000000F9
FFFFFF3D
0000089E
0000071C
00000120
000002FF
0000035C
FFFFFCC5
00000D65
000004A7
0000069A
FFFFFB86
FFFFFDA1
000000B1
000008E0
00000FFB
FFFFFA3A
000007C8
FFFFFACF
FFFFFC5B
000007C6
00000914
0000014C
FFFFF86D
FFFFFC0F
000005FE
00000B84
000007CD
FFFFFA53
000002F3
0000067A
00000B1F
FFFFFF01
FFFFFF62
000005CE
000006E5
00000483
FFFFF8BC
00000397
FFFFFFA5
FFFFFBD5
0000004F
FFFFFF87
00000909
000001A6
0000055B
FFFFF907
0000073D
0000059B
00000410
0000087B
FFFFFB25
FFFFFE68
0000035E
00000731
0000030F
000000C4
FFFFF1EB
000004C2
00000A3B
000005C5
FFFFF3D4
000008A7
00000447
000005EA
FFFFF124
000003DD
FFFFFE58
00000214
000007EF
0000024B
00000828
0000054F
00000F70
FFFFFC30
FFFFFCC1
FFFFFD3A
000009DC
FFFFFEBA
FFFFF959
FFFFF4CC
FFFFFC4D
00000677
FFFFF714
00000804
FFFFFBEE
000001A8
00000580
000003AE
00001015
000002F5
00000194
00000AC3
000000D1
00000694
00000B01
000003BF
00000742
00000D09
FFFFFF67
FFFFFE9D
000006C8
0000078C
00000727
FFFFFF69
00001055
00000FE4
FFFFF9DD
FFFFFCFA
FFFFFD66
FFFFFDC8
00000925
00000726
00000033
0000032C
00000AC3
FFFFFE6F
00000699
FFFFFC52
0000014F
FFFFF947
FFFFF8E8
00000D03
FFFFFE77
00000A6A
FFFFF6ED
FFFFFE56
000008C3
FFFFFE50
FFFFFA79
FFFFFC15
000008B0
FFFFFEAF
00000235
FFFFF510
FFFFFF2C
000004A0
00000464
FFFFFA74
FFFFF8B8
FFFFFA8B
FFFFF80B
FFFFFBA9
00000BD0
00000073
00000312
0000043C
FFFFFAE7
000006E3
FFFFFAF2
00000209
FFFFFA16
00000A49
00000A4B
0000016E
000008B7
FFFFFF66
FFFFFD8E
000008A8
00000692
FFFFFDC3
0000026F
FFFFFD13
FFFFFFB6
FFFFFA3B
FFFFFC66
FFFFFA4F
000003B1
000005E2
FFFFF99E
FFFFF5AD
FFFFFDEC
00000713
FFFFFDEB
FFFFF777
FFFFFDE3
FFFFFC05
FFFFFD4B
00000005
000008C9
000006B7
00000775
00000A6E
FFFFF79D
000007DB
FFFFFB30
00000631
0000025A
FFFFFD82
00000436
00000451
000002A5
00000680
00000549
000009A4
00000026
00000341
00000034
000005C9
FFFFFCA6
FFFFF324
FFFFFB4B
000001A1
0000006B
00000809
00000575
FFFFFD7A
FFFFFEE3
000001FA
FFFFFC86
00000571
0000021D
0000029B
0000055E
FFFFFEDE
FFFFF667
FFFFFF42
FFFFF9F7
FFFFFA6C
FFFFF80C
000009D4
00000AF5
00000AA2
FFFFF893
FFFFFC4A
00000252
0000055A
FFFFFEC4
0000074D
FFFFF64A
00000BCA
FFFFFE2D
FFFFFD89
FFFFFE0D
000004D1
FFFFFBE4
00000511
000010C3
0000001E
FFFFF7A7
000000F6
FFFFFA8B
FFFFFCD1
0000099B
0000000D
0000021B
000000CE
FFFFF26A
FFFFFE33
FFFFF9B2
FFFFFDFF
00000092
00000796
00000E32
FFFFFCA9
FFFFF865
00000212
00000323
FFFFF907
00000273
000000ED
000005A1
FFFFFB79
00000A50
FFFFFB02
000009B9
FFFFFB3F
0000071B
FFFFFD9D
0000037B
00000108
FFFFFC62
FFFFFC3F
000001AB
000006E7
0000080F
FFFFFC09
0000001F
00000786
000000B4
FFFFFF28
FFFFFB01
00000348
00000DD7
FFFFFB19
0000096D
FFFFFE53
000001C7
0000002B
000000B2
000005BE
00000C24
0000002C
FFFFFCAC
0000083B
000000A1
00000ADC
000002D3
00001039
FFFFFFD9
00000A5C
00000CC2
000008BD
000004C2
0000059E
FFFFF813
0000085D
00000460
FFFFF8CF
0000090A
000000AD
FFFFFCED
FFFFFD6F
00000356
0000080D
000005F7
000001DB
0000017A
FFFFFEB2
00000965
00000C65
000004D0
FFFFFE5A
FFFFFD8F
FFFFFFF6
FFFFFC53
000003CA
FFFFFA4E
FFFFFD44
000004F0
00000850
00000612
FFFFFC8F
00000924
FFFFF86A
FFFFFD2C
00000028
00000ECB
0000075C
0000075B
0000063D
0000054D
FFFFFB8B
00000527
000003C2
000005AA
00000754
FFFFFCDF
FFFFFDC0
00000B7C
00000B91
FFFFFDA6
000006D0
FFFFFF45
00000A6D
00000473
000002CC
FFFFFF8F
0000070D
00000468
FFFFFD63
000008FF
00000989
FFFFF7ED
00000624
0000068C
FFFFF9FA
00000A1C
FFFFFF3C
000008F2
FFFFFDF5
FFFFFA9C
00000352
00000A87
FFFFFFBE
FFFFFFAD
0000034C
000004F3
0000012A
00000190
00000930
00000539
0000035D
FFFFFC5B
FFFFFE87
00000775
00000938
FFFFFEDB
000005CD
00000123
0000057F
00000AB7
000004E8
FFFFF993
0000065F
00000053
0000042C
FFFFFE40
00000488
FFFFFE06
0000045C
0000056C
00000183
FFFFFAA8
00000606
FFFFFB59
FFFFFBCC
FFFFF345
FFFFFFD2
FFFFFB50
FFFFF6EB
000001EF
00000545
000003C8
00000511
FFFFFFD7
00000A81
FFFFFF9A
000002F9
00000419
FFFFFDF2
000002E6
0000027E
FFFFFEC8
FFFFFB23
FFFFF9C4
0000061E
FFFFFF71
FFFFF8EE
FFFFFEDD
FFFFFD93
00000955
FFFFFFA0
000009AE
FFFFFF9E
0000075B
FFFFF986
FFFFFDF7
0000063C
00000B39
000004AD
0000099E
FFFFFCC8
000006ED
00000080
FFFFFF36
FFFFF711
000002ED
00000F83
FFFFFB7B
FFFFFD3F
FFFFFCDB
FFFFFC90
0000059A
FFFFFBE6
FFFFF5A7
000001C5
00000365
FFFFF587
00000967
00000353
FFFFFF55
000004A0
FFFFFA75
FFFFFD6D
00000976
FFFFF75C
FFFFFDD2
00000439
0000056A
00000534
FFFFFE55
FFFFFBA0
000008BD
FFFFFEF5
000003AB
000006A4
0000083C
FFFFFC59
FFFFFDF9
FFFFFC46
00000857
FFFFFF93
0000091A
00000049
FFFFF5B1
FFFFFC50
FFFFF912
0000044D
000007E9
0000071D
FFFFFD72
FFFFFB7C
000005B9
FFFFFCC3
000005FF
00000045
FFFFFE0A
00000328
00000104
FFFFFF42
0000006E
00000905
FFFFFF57
FFFFFE5E
FFFFFC70
000000A6
FFFFFF2F
00000675
FFFFFF16
FFFFFE53
00000332
FFFFFDDC
FFFFFCC4
00000610
FFFFF82A
FFFFFD9A
00000560
000007DF
000004B3
FFFFFEA7
FFFFFDE3
FFFFFF7B
000002C2
FFFFFC65
00000739
00000904
00000296
00000793
0000026E
FFFFFB12
000007F7
FFFFF791
00000602
FFFFF6ED
000000A9
FFFFF8B6
00000194
FFFFFBA2
FFFFF51D
000005C3
FFFFFD97
00000753
00000AEE
FFFFFD45
00000027
00000BA1
000007E2
00000191
000003C3
FFFFFFE0
FFFFFF1C
FFFFFFCC
000008EF
0000025B
000007EA
00000CF8
000007EF
FFFFFE54
FFFFF9C8
FFFFFBBE
FFFFFB70
000001E1
FFFFFE35
000008C7
FFFFFE7F
00000267
0000077B
00000213
00000508
FFFFF97E
FFFFFCD8
FFFFF4C4
00000CCE
FFFFFB47
00001248
000003EF
000010EF
00000870
000002BF
000003EF
000004F8
FFFFFED6
000004A3
00000006
FFFFFB1C
FFFFFF48
00000DB8
FFFFFBCB
FFFFFD63
000008FE
FFFFFAAB
000009E6
00000292
00000E14
000002D6
FFFFFCC4
00000027
FFFFFFC3
000002FE
00000CDE
000009DE
000009B3
00000962
FFFFFE52
000003B5
00000056
FFFFFEAC
00000C69
FFFFFF7D
00000980
FFFFFCB3
000003AC
0000044C
FFFFFD53
000005D0
00000CBA
FFFFFCE7
FFFFF95E
00000CDC
000000AE
00001368
0000036A
FFFFFC6F
00000A29
00000759
00000304
00000922
00000245
FFFFFC5C
000007A8
00000256
0000039E
00000723
FFFFFB5C
00000C94
FFFFFBDB
00000223
FFFFFF92
FFFFFE76
FFFFFFCB
FFFFFE0B
FFFFFA75
FFFFFEC3
FFFFF81C
FFFFFEF7
FFFFFDC1
00000565
FFFFFBE3
00000715
0000032C
FFFFFF60
000005F7
00000078
00000D94
FFFFFE1A
000002C7
FFFFFF38
FFFFFAE2
00000624
000009DD
FFFFFD91
0000062F
00000541
FFFFFD90
000007A0
00000406
00000234
000003A5
00000141
000009E9
FFFFF646
00000557
FFFFFA3D
FFFFFF3D
00000908
FFFFFD58
FFFFF935
FFFFFB02
000003D4
000009E9
FFFFFC06
00000003
FFFFFA14
FFFFFCFF
000004AC
000004E4
00000483
FFFFFB0F
00000100
FFFFFAFA
FFFFF9A3
FFFFFAAB
FFFFFA73
FFFFFB6C
00000625
00000046
FFFFFF5A
FFFFFF7F
00000733
00000485
0000032C
0000073C
FFFFF9DC
000000D0
000008D9
FFFFFFFA
FFFFFC68
FFFFF6F7
FFFFF6C2
FFFFF9EF
FFFFF864
FFFFF863
00000837
0000070C
000009B8
00000221
FFFFFBF9
00000174
FFFFF9A6
FFFFFB2D
FFFFFCA8
00000951
00000A41
FFFFFBBC
FFFFF2DF
FFFFF857
FFFFF949
00000197
FFFFFB0B
FFFFF877
00000473
0000079B
00000AE1
FFFFFD6D
00000597
FFFFFDC7
FFFFFF1C
000006D3
FFFFFBA3
FFFFFD81
000002F8
00000039
FFFFFFE9
FFFFFBAB
FFFFFAC7
000008B9
00000417
FFFFFB46
FFFFFFDF
00000515
00000339
FFFFF828
FFFFFBD3
0000056D
FFFFFA3A
FFFFFB87
0000037B
000001B9
FFFFFFED
FFFFF8A6
00000999
FFFFFDE8
0000008F
FFFFF74C
FFFFFF7E
FFFFF572
000002BA
0000073F
0000001F
FFFFF910
000000BF
00000132
FFFFF8F1
00000374
FFFFFB8E
000001DF
FFFFFF69
00000362
FFFFF8D2
00000438
0000048D
FFFFFB94
000002FA
FFFFFDEF
0000013B
FFFFFFF5
00000E90
FFFFEF45
FFFFFBD4
FFFFF647
00000919
0000092E
FFFFFFD7
FFFFFEFC
00000EA6
00000820
FFFFFBAA
FFFFF91F
000004E6
0000085D
000006A5
00000A71
FFFFFA5D
00000004
00000305
FFFFF604
FFFFFFC4
00000840
FFFFFEC4
FFFFFA58
FFFFFD46
FFFFFC9C
FFFFFB52
FFFFF9C6
00000100
000001F8
FFFFF9B5
000003E6
0000044F
FFFFFD64
FFFFF366
FFFFF7F4
FFFFF0B7
0000061B
0000083B
FFFFFD19
FFFFFFFD
00000454
FFFFFD16
00000597
0000014E
00000BE4
FFFFFC71
FFFFF66F
000002FE
0000024F
00000006
000002F7
FFFFFAE5
FFFFFAD5
FFFFF8CF
00000E9A
00000849
00000B78
FFFFFD40
FFFFFD57
FFFFFEC1
0000060D
FFFFFDB9
FFFFFE85
FFFFFD2F
000000C9
FFFFFE4E
00000A61
00000366
00000504
00000315
00000457
0000092D
FFFFFDF3
00000967
FFFFFDC9
FFFFFC78
FFFFF96A
00000205
00000717
00000185
00000AC4
000002EF
FFFFFF95
FFFFFA66
FFFFFD4D
0000008B
FFFFF8BA
000000BB
FFFFF840
FFFFFC04
FFFFFF69
0000091B
0000040D
FFFFFA71
000004D5
0000015B
FFFFFFEE
000004E7
0000051E
FFFFFF71
000002F2
FFFFF8A8
000001E5
FFFFFD49
FFFFFE81
000007D7
00000B46
00000807
FFFFFCAB
0000037D
00000217
FFFFFF54
00000363
FFFFFBA7
FFFFFD77
000007EE
0000089F
000003D4
FFFFFC9F
FFFFFD3E
000005D2
00000006
FFFFFFE8
FFFFFD5E
00000952
000004A5
00000013
FFFFFD33
FFFFF7ED
FFFFFE15
FFFFF7B0
FFFFFE39
00000D10
FFFFFF38
FFFFFC2E
00000CEA
FFFFFBBF
000003AC
FFFFF7AD
00000120
000002A3
FFFFF8C5
FFFFFCC4
00000481
FFFFFCFE
000009B9
FFFFFF41
FFFFFC98
FFFFFC37
FFFFFCC3
FFFFFE94
FFFFFFE7
FFFFFCA6
00000331
FFFFFD2A
00000299
00000B37
00000649
00000336
0000056A
FFFFFDA5
0000017D
FFFFFC84
00000101
00000ACB
00000050
FFFFFAE4
FFFFF99E
000004AD
000003E6
000001A1
FFFFFD0D
FFFFFB68
FFFFFD3D
FFFFF836
00000642
0000023F
000006F6
0000041B
FFFFFB1E
FFFFFCFE
FFFFFF21
FFFFFEFE
FFFFFBB1
00000796
00000649
FFFFFD1D
00000199
FFFFF859
000001FF
FFFFFB06
FFFFF987
FFFFF6F7
00000101
000003A0
FFFFF7E2
FFFFF79A
FFFFFE3F
FFFFFABA
00000404
000001D4
00000200
FFFFFCAC
FFFFF794
FFFFFED2
00000AD6
FFFFFB67
FFFFF91D
FFFFFE8D
FFFFFF9A
FFFFFEF2
0000012C
000000A4
00000763
0000012F
FFFFFD06
00000721
000005C9
FFFFFC0A
000007F8
FFFFFDD8
0000036D
FFFFF858
FFFFFB95
FFFFFEA4
000005EC
000002C6
FFFFFAD4
FFFFFC86
0000023C
FFFFFC68
00000049
00000311
000007CA
0000050E
0000038A
00000154
FFFFF383
FFFFF3EC
FFFFF08E
FFFFF603
0000013F
FFFFF59E
FFFFFD9D
FFFFFC8A
FFFFFCC7
00000804
00000408
FFFFFD00
0000027B
FFFFF626
00000366
00000807
FFFFF52C
0000041B
FFFFF84D
FFFFFA03
0000016B
000007EF
00000956
FFFFFC76
FFFFFCFA
FFFFF566
FFFFFBC0
0000075E
0000067D
000000E9
FFFFFCED
FFFFFBCE
00000500
000009AA
FFFFFF3D
FFFFFF41
FFFFFC27
0000010C
00000000
FFFFFE76
0000044F
000000F6
000004A2
00000244
000004BB
FFFFF3CC
FFFFFE5F
FFFFFA64
00000314
00000016
FFFFFED6
00000768
FFFFFFA0
000002A4
FFFFFEEF
0000031B
00000A1D
FFFFFF3C
FFFFFC3D
FFFFF8EF
0000036C
00000568
0000069F
0000009D
FFFFF6E7
00000061
FFFFFC81
000009D3
0000003A
0000029A
FFFFFACC
FFFFFC0E
00000244
FFFFFEF3
00000385
00000659
FFFFFF77
000007C9
FFFFFEAC
00000761
00000760
FFFFF56F
FFFFFA61
00000048
0000038C
000009AB
FFFFFE86
FFFFFFFB
FFFFFCAA
00000082
FFFFF7E5
0000036F
FFFFF6FE
000004FF
0000001F
FFFFFD33
FFFFFDAB
FFFFF9E8
FFFFFCD6
FFFFFCB2
FFFFFFB3
FFFFF2C2
0000033C
0000020C
00000CC6
FFFFF71D
FFFFF6E6
FFFFFD54
FFFFFB74
FFFFFEC3
FFFFFE27
000008AD
FFFFFB82
FFFFF5A7
0000018E
FFFFF764
FFFFF75E
FFFFFC32
FFFFF607
FFFFF6FA
FFFFFC5D
00000656
00000A0D
FFFFFD44
FFFFFBBE
FFFFFD6E
000000CB
FFFFFE37
FFFFF886
00000AC1
FFFFFA88
FFFFFBE3
00000575
00000CA0
00000965
000003D7
00000231
00000444
000003E2
0000010A
0000067A
FFFFF875
FFFFF8DA
FFFFFA2C
FFFFF858
FFFFFD60
FFFFFD16
000005BB
FFFFFB72
0000000E
FFFFFC2F
000007F6
FFFFFD79
FFFFFB3E
FFFFFD03
FFFFF9EC
00000A7F
0000020F
FFFFFBA6
00000264
00000A7B
000004F0
FFFFF9E8
FFFFF7E3
00000085
000007DD
FFFFFBCF
FFFFFD07
00000A79
0000052D
FFFFFFFA
FFFFFB6A
FFFFF828
FFFFF4FB
000001E3
FFFFFA7D
FFFFF87E
00000102
000001F5
FFFFF7DA
0000074A
FFFFFF59
FFFFFC93
00000331
00000348
000004A5
FFFFFBDF
000007BB
0000064B
FFFFFBD1
000002BF
FFFFF7A8
00000D1E
0000071B
00000170
00000643
FFFFFF48
FFFFFF3D
00000354
FFFFFF61
FFFFF906
FFFFFF98
000005FC
00000630
000002AB
00000121
0000043F
00000775
FFFFFBE9
FFFFFE2C
000001CB
00000085
000006B1
FFFFF3AC
FFFFF9DF
00000592
FFFFEF89
FFFFF2AB
00000661
FFFFF108
FFFFFFDA
00000498
FFFFFD8C
FFFFF62D
00000020
00000037
00000315
FFFFFA35
FFFFF763
00000642
00000578
FFFFF1C8
FFFFF64E
FFFFF5C5
000001F9
000005EE
FFFFF920
FFFFF336
FFFFF481
FFFFF55B
FFFFF5D9
FFFFF656
FFFFFF6A
FFFFFA68
0000043D
FFFFF861
FFFFFE7B
00000841
000003B2
0000061E
FFFFF4AA
00000352
FFFFFCFE
000007A6
FFFFFA0F
FFFFFDB3
00000675
00000BEB
FFFFF8E5
00000270
000009C3
FFFFFEC6
FFFFF9FD
00000B97
FFFFFE1B
FFFFFFD1
00000A4B
00000132
FFFFFFA1
FFFFFF00
FFFFFB9C
FFFFFE2D
0000086D
00000604
000002F4
FFFFFBAF
00000618
000006AC
FFFFFD77
00000543
0000055C
FFFFFD70
000001D7
FFFFF5EC
000003BA
000003FB
00000055
000002F0
FFFFFC8F
00000155
FFFFFE7D
FFFFF66F
FFFFF6C3
00000753
FFFFFC5F
00000E7F
000009A3
000008F8
0000090E
000005C1
FFFFFC64
FFFFFE29
FFFFFC04
00000300
000002B4
00000C49
000008F4
00000920
00000372
000006D6
FFFFFE48
00000324
00000401
FFFFFF3B
FFFFF936
0000045B
00000631
FFFFF85C
000009BF
00000703
00000539
0000051A
000006E8
FFFFFBD0
FFFFF675
FFFFF812
00000986
00000A54
FFFFFEED
FFFFF41E
0000009D
FFFFFC36
FFFFFF4C
000003AC
000005E5
FFFFF8EA
0000073A
000001BD
FFFFFC17
0000043B
FFFFFF15
00000860
FFFFF2CC
00000373
00000A38
FFFFF990
FFFFFCD4
000007B1
FFFFFCD2
FFFFFECD
00000AE1
FFFFF896
0000011A
00000433
FFFFF67C
0000000C
0000061A
FFFFFEB0
FFFFFC32
FFFFFD9F
00000238
FFFFF3A1
0000044C
FFFFF600
FFFFFBD4
FFFFF1CC
00000850
00000A2E
FFFFFB38
FFFFF489
00000616
FFFFFAE9
FFFFFEA0
000001A2
000001A5
FFFFFFB1
FFFFF962
FFFFF3F6
FFFFF128
FFFFFACE
00000A04
FFFFFDBD
00000347
00000A60
FFFFF7C5
FFFFF672
FFFFFD82
FFFFF8AA
0000021E
FFFFFC53
FFFFFD25
FFFFFE53
0000061A
FFFFF5AB
00000562
FFFFFEE3
000001C6
FFFFFEB0
0000029A
FFFFF905
000002B1
FFFFF448
FFFFFBA4
000001CB
FFFFFAC8
FFFFF735
000000FD
0000013B
00000643
000008E6
0000037A
FFFFFB11
FFFFFB2A
00000979
FFFFFD72
FFFFFE42
00000600
000003A1
FFFFFC42
00000152
00000B22
000003BC
FFFFFCA4
FFFFFA28
FFFFFD07
000002BA
FFFFFC3C
00000AB1
000005E0
000008FE
FFFFF7F3
FFFFFCB0
FFFFFB29
00000042
FFFFF98B
FFFFFF74
FFFFF5A1
FFFFF6E3
FFFFFF9C
FFFFF357
000005DE
00000065
FFFFF859
000008CF
0000063E
FFFFFDA3
FFFFF9D0
00000466
0000077E
FFFFF453
FFFFFED5
FFFFF784
FFFFF9F8
FFFFF722
0000022E
FFFFF052
0000050E
FFFFFCA4
FFFFFAB3
0000060D
000004F8
FFFFF55F
0000076D
FFFFF764
FFFFF595
FFFFF5DA
000004AD
0000052E
FFFFFD97
000004D6
000003C0
00000187
FFFFF479
00000326
000005C7
0000028C
000002D6
FFFFF694
FFFFFDAC
00000281
FFFFFF93
FFFFFC50
FFFFFECD
000001E1
FFFFFE2C
FFFFF455
FFFFFC8D
0000036E
FFFFFFF3
0000050D
000001CC
FFFFF615
0000017E
00000839
FFFFF3DC
FFFFFBBC
000006F1
00000485
0000023B
00000A73
FFFFF786
FFFFFE7B
FFFFF2AA
00000502
FFFFF806
FFFFF5CC
FFFFF64C
0000061A
FFFFFC79
000000FB
0000054E
FFFFF9D8
0000055F
FFFFF493
00000059
FFFFFB52
FFFFF58A
FFFFF419
FFFFFDC0
000002CF
FFFFEEC6
FFFFFA12
00000518
000002DD
0000026B
000002B7
00000233
FFFFF4B4
000007B7
00000721
00000831
000003A5
000007AF
00000297
FFFFFE5F
00000389
FFFFF793
00000774
FFFFFD88
00000382
FFFFF748
FFFFF0CE
000005FB
0000059D
FFFFF63A
FFFFFC31
FFFFED6D
FFFFFFBF
000004EA
0000069C
FFFFFAED
FFFFF368
FFFFFE21
00000296
FFFFFDE1
FFFFF8D4
FFFFFB40
FFFFFDF5
FFFFF4F8
000001EF
FFFFF949
FFFFF829
FFFFF548
FFFFFC6D
00000080
FFFFFD4B
FFFFF480
FFFFFE91
00000C3A
00000214
000011D3
0000062F
FFFFF641
FFFFFD1B
00000379
00000A33
FFFFF9D9
00000436
FFFFF73A
FFFFFDE0
0000049B
FFFFFF0E
000007C9
FFFFF94A
FFFFF6A5
000009B5
FFFFFEDF
FFFFFBBA
0000094A
FFFFFA06
FFFFFBEC
FFFFFC7A
FFFFF7F2
FFFFF641
FFFFFC31
FFFFF618
FFFFFDE8
FFFFF542
FFFFF866
000009B8
FFFFFE4E
FFFFFCB9
000001CD
FFFFFD8B
00000554
0000087E
00000617
FFFFFC6D
00000468
0000056B
FFFFF9C3
000001F8
FFFFEAC6
FFFFF331
FFFFF475
FFFFEF29
FFFFF782
FFFFFD6F
FFFFFFEB
FFFFF9BD
FFFFFE01
FFFFF6AE
FFFFFFD3
FFFFFC5C
000006D1
000004EB
000007FF
00000049
FFFFFCAB
000017E2
FFFFF1DC
FFFFF17B
FFFFF0AA
FFFFEEEB
0000032A
FFFFF71A
00000329
FFFFF2CF
FFFFFA26
FFFFF7C9
FFFFFD9C
00000A82
FFFFFC07
000003B2
FFFFFE20
FFFFFFB2
FFFFFD06
000003EE
FFFFF74F
FFFFF6E1
FFFFFDA2
FFFFEF57
FFFFFCF0
FFFFEFC4
FFFFF33E
FFFFEEAA
FFFFEF5C
FFFFF459
000001C0
FFFFFCA0
FFFFFE85
FFFFF8C0
0000080F
00000689
00000DEF
00000C06
00000229
FFFFFD82
FFFFF394
000006C0
FFFFFB3F
00000997
FFFFF789
000003A0
FFFFFF00
000003C7
FFFFFF19
FFFFF995
FFFFF4F8
0000075E
FFFFF3A1
0000085F
000005EA
00000338
00000A76
FFFFFC57
FFFFF7F9
000004E3
0000014B
000000F2
FFFFFE8C
000003B1
FFFFFF20
00000337
000003F7
FFFFF8E4
00000BC8
0000097C
FFFFF969
FFFFFE96
FFFFF72A
FFFFF57E
000004E9
FFFFF478
0000033C
FFFFF763
00000C7B
FFFFFE82
FFFFFAF1
FFFFF5A6
FFFFF859
FFFFF416
00000A2B
00000A88
FFFFFC3D
000006DF
FFFFF753
00000146
FFFFF550
FFFFFFA8
FFFFF944
FFFFF70D
0000050A
0000017E
00000023
FFFFFA58
FFFFF99B
FFFFF434
000005CA
FFFFF71C
FFFFFB98
FFFFFB7E
FFFFFBEC
FFFFFF85
00000A77
FFFFFE7B
00000278
000006DA
FFFFF65B
FFFFFBFE
FFFFF771
000003E1
FFFFF2DB
FFFFFAD0
00000065
FFFFF32E
FFFFFE2D
00000819
00000A85
FFFFF77C
000008BC
000002CC
FFFFF6C9
000009A0
FFFFF4F0
FFFFFDAF
000009F4
FFFFFF79
00000A45
000000F0
FFFFFB75
000006AB
FFFFFE89
000009D2
00000C17
000000DB
FFFFFA94
FFFFFFFB
00000075
FFFFFFFB
0000033A
FFFFF84B
FFFFFE13
FFFFF50E
FFFFFE44
0000042A
000002A6
FFFFFFA6
FFFFF393
FFFFF3BE
FFFFFD40
FFFFFE31
00000AA1
00000305
00000133
00000843
FFFFFC72
FFFFFFC8
FFFFFBC7
FFFFF758
000001A3
FFFFFFE3
000003CF
000004F3
FFFFFCE2
FFFFFC17
00000519
FFFFF95B
FFFFFC16
FFFFFABF
00000398
00000287
000006BF
FFFFFBF3
00000A49
0000011F
00000338
0000090D
00000777
00000516
FFFFFEF0
000002E7
00000187
FFFFFB7A
0000040E
FFFFF9B5
FFFFFED4
FFFFFBF2
00000266
0000063D
FFFFFD2E
00000621
FFFFF9F8
FFFFFCF4
FFFFF5B5
000001FE
FFFFFE03
FFFFFE83
FFFFFDC5
000002A0
00000AFA
FFFFFF0A
FFFFFC2D
00000716
000000B8
0000006C
0000071A
FFFFFD44
FFFFFDCB
00000721
FFFFF9EE
00000898
FFFFF62E
00000026
FFFFF691
00000A2F
000007E2
00000181
00000013
00000460
FFFFFCFF
00000C3D
000007A6
00000261
FFFFFA58
FFFFFBD2
00000522
0000068C
FFFFFA5C
000000CF
FFFFF86E
00000A18
00000127
FFFFFB9F
FFFFF8F7
00000DFB
00000B48
00000E70
FFFFF73E
00000848
000003B6
0000041B
FFFFFEED
00000896
0000017E
00000165
000004D7
000003E6
FFFFFC5E
0000056B
00000EB9
0000070C
00000439
FFFFFE0B
FFFFFAB4
00000216
FFFFFB37
FFFFF8BB
FFFFF3E5
FFFFF6BA
00000222
FFFFF6C5
FFFFFED1
FFFFFA58
FFFFFF0C
00000224
FFFFF9C5
0000040E
FFFFFE3B
FFFFFBDB
00000215
00000967
FFFFFC6E
FFFFFD7A
000005CA
0000017A
0000075F
FFFFFADF
FFFFFB8E
00000826
000000F8
FFFFFD99
FFFFFD34
FFFFF64E
FFFFFB92
00000224
00000B81
0000030A
FFFFFF8B
FFFFFB9B
FFFFF227
FFFFF8FD
FFFFF7B5
000007AE
00000A29
00000618
FFFFFA7B
00000296
FFFFFDDD
0000024A
000002E8
FFFFFB86
FFFFF5D9
000008CF
000005DC
FFFFFC7C
FFFFFB42
FFFFFFF7
FFFFFCEC
FFFFFB83
FFFFF7EB
000000E9
00000521
00000265
000000A6
FFFFF955
00000256
FFFFFC49
FFFFFF86
00000354
0000051A
00000146
FFFFF554
000002E8
FFFFFBA7
FFFFFB2E
000001F2
FFFFF881
0000048A
FFFFFE6B
FFFFFDDB
FFFFFC6C
0000007E
00000307
FFFFFDF9
00000480
000003B6
0000021F
000002AB
00000593
00000079
00000BFD
00000983
0000073B
FFFFFBAD
FFFFF4E2
FFFFFCFF
00000739
000008E6
000009C0
000000ED
FFFFF6DA
FFFFFBFD
FFFFFDDD
FFFFFCE5
FFFFFA49
FFFFF405
FFFFFB93
000001A5
FFFFFECD
FFFFFC92
FFFFF526
FFFFF5C1
FFFFF606
0000023B
00000554
FFFFF432
FFFFFA18
FFFFFFAE
00000872
00000AF1
00000488
0000041B
00000347
000005F6
FFFFFD4F
0000098C
000002DD
000000B8
FFFFFE7B
00000786
FFFFF3E3
00000668
FFFFF90E
0000027A
FFFFFB23
0000052A
000006EB
FFFFFF35
FFFFFBCD
00000885
000005D4
FFFFFE7F
FFFFFFA8
FFFFFDC0
0000051C
FFFFFAFC
FFFFF78D
FFFFF369
00000419
000000E3
FFFFFCE0
000005B8
0000013B
FFFFF94B
FFFFF567
FFFFF8D1
FFFFFA35
FFFFFFC8
FFFFFB19
000004DF
FFFFFF18
00000100
0000000B
0000069A
00000365
00000529
FFFFFAAA
FFFFF5B7
FFFFF67B
FFFFF85F
FFFFF7D0
FFFFFBC2
00000866
00000186
000003C8
FFFFFA95
000001AB
FFFFFC31
00000309
00000244
000004A1
FFFFFC3F
000005A9
FFFFFE55
0000083E
FFFFFC1F
FFFFFB1A
FFFFF8F8
000009BE
0000070A
000006AC
FFFFFD7E
FFFFFCBC
000009A1
00000118
0000033B
0000027F
000006FC
00000232
FFFFFC32
FFFFF89D
FFFFF512
FFFFF4B3
FFFFFA89
0000043D
FFFFFB00
0000073F
000004C9
FFFFFDAF
FFFFFC0E
FFFFF5B1
FFFFFC21
00000309
00000171
000005D3
00000081
FFFFFACE
FFFFFE51
FFFFFA27
00000481
FFFFF6DC
FFFFFCDA
0000000D
FFFFFE70
FFFFF2DB
FFFFF7F2
FFFFFDC3
FFFFFE39
FFFFF93C
FFFFFE30
FFFFF5A9
00000344
FFFFFB9D
FFFFF6EC
000001CD
FFFFFEAC
FFFFFE16
FFFFF89E
FFFFFCE0
000004A5
FFFFFF3A
0000033B
00000010
00000039
0000030B
000003F7
00000588
000007D5
FFFFFDF9
FFFFFFF9
0000018E
FFFFF820
00000493
000005AC
FFFFFF98
FFFFFA42
000006AC
000008DB
0000059B
FFFFFF3F
FFFFFBA6
00000CB1
FFFFF8DA
FFFFFE97
FFFFFE55
FFFFFD33
0000084D
FFFFFE5B
0000002B
FFFFFBDE
000002FB
0000016C
00000B22
00000129
FFFFF8D1
0000003B
00000135
00000237
FFFFFBA7
00000562
FFFFF756
FFFFFB82
000000C8
00000460
000001A4
00000256
FFFFFE10
000004DD
00000100
0000095C
000007FD
000003C4
000004C4
000002B5
000003BC
00000567
00000301
FFFFFEDA
FFFFFC92
00000820
0000068C
00000324
FFFFFC7A
0000076B
00000882
0000007A
000009AF
00000966
FFFFFBA1
00000415
FFFFFC3C
FFFFFBC5
FFFFFF36
000002A2
0000059A
00000128
FFFFF8D2
000001FC
FFFFFE79
FFFFFAEF
000002B0
FFFFFA8B
FFFFFA2B
00000410
00000387
000003A5
FFFFFE51
FFFFFE82
FFFFFC6C
FFFFF643
0000040D
00000324
00000118
000003A4
FFFFF75E
00000198
000003D3
FFFFF793
00000808
0000035D
FFFFFE4C
0000014E
FFFFFC47
00000273
FFFFF8B3
FFFFFD65
00000587
FFFFFD90
00000095
00000742
00000140
FFFFFD10
FFFFFC54
0000035F
FFFFFB74
FFFFFFB5
FFFFFD75
00000656
FFFFFBF0
FFFFF4FE
000003EB
FFFFF6D9
FFFFFCC2
00000405
00000151
FFFFF6DF
FFFFF8B4
FFFFFF77
000009AB
0000058C
00000287
FFFFFC72
FFFFFEF2
FFFFF931
FFFFFD0E
00000436
000004C2
000005E9
000000BE
000001A3
0000064F
FFFFFC57
00000067
FFFFFC92
00000486
FFFFFD45
FFFFFED1
FFFFFE4E
FFFFFF87
000008D0
00000BD5
0000043E
000006EE
FFFFFBF4
FFFFF6B8
00000372
0000012F
00000690
00001017
00000485
00000528
FFFFFDC0
000001DE
00000064
0000090A
000000CB
FFFFFFD1
FFFFFBE2
FFFFFE09
FFFFFEAB
00000AB3
00000505
00000971
FFFFF194
00000932
00000127
000003DE
000007CD
00000134
000005BD
00000B33
FFFFFFFA
0000060D
000004FB
00000270
00000895
00000C79
FFFFFDE4
00000523
FFFFFA1E
00000504
000007FD
000008FA
FFFFF660
FFFFF6B9
00000659
FFFFFB81
FFFFF979
000005DF
0000033E
0000037C
FFFFFAD9
0000018B
0000030A
000006BA
FFFFFCDD
000004E2
FFFFF897
FFFFFDE5
FFFFFDA9
0000084F
FFFFFFDE
FFFFFBE9
FFFFFD9F
FFFFFA34
000001F1
FFFFFFD0
00000B70
000000C5
00000649
FFFFFD7A
0000017B
000002AB
FFFFF71E
FFFFFF34
FFFFF41E
FFFFF53B
FFFFF99E
FFFFF7A2
FFFFFEF5
000001D0
00000186
000003AE
000005F0
00000C2B
FFFFFB18
0000043E
00000760
FFFFFC5B
0000059C
000005BF
FFFFFCED
000000B8
FFFFFB3B
00000546
FFFFFDC0
FFFFFE96
FFFFFC55
FFFFFF51
FFFFF5E4
FFFFF958
00000933
FFFFF610
00000042
00000270
FFFFFA84
FFFFF5AB
FFFFFDF6
FFFFF932
FFFFFC89
FFFFFBA1
FFFFFABF
000002E8
FFFFF812
000000E0
FFFFF94C
FFFFFFAB
FFFFF6D4
FFFFFF2C
000008E5
000006D8
FFFFFD47
000002A1
FFFFF4A2
0000008A
00000250
00000789
00000BCE
00000A60
FFFFFB5E
00000AF0
000003F6
FFFFFC54
FFFFF62A
FFFFFBB8
FFFFFED9
FFFFFE5B
00000485
0000077C
000001E6
00000008
FFFFF8FE
0000022D
FFFFF695
FFFFFA53
000004C5
000002D1
FFFFF279
000003F6
00000D93
FFFFFD80
FFFFFB50
00000891
0000026E
FFFFFAE5
FFFFFB7A
0000047E
00000BCD
000001FD
FFFFFE70
000000D6
FFFFFF92
00000352
FFFFFF68
00000AFF
000003DD
FFFFF5AB
000002BB
00000196
00000865
FFFFFB7A
000002E7
FFFFFCA2
0000035E
00000A69
00000616
00000306
FFFFFE38
FFFFF5AE
FFFFF2C6
FFFFF546
00000825
0000070D
00000419
000000A1
FFFFFC0B
FFFFFA9F
00000807
FFFFFB77
00000035
00000546
FFFFFCC3
FFFFFBB8
FFFFFF60
000005B1
0000023A
FFFFFD19
FFFFFF67
0000013A
FFFFFE92
000006A5
FFFFF902
0000007D
00000418
00000094
FFFFFDE2
0000054A
000004B1
0000098B
FFFFFE65
0000003E
0000057D
FFFFF858
FFFFFDAD
FFFFF61E
FFFFF96F
FFFFFE03
00000603
FFFFFD65
000004DB
000002CB
FFFFF882
FFFFFBC9
0000070D
FFFFFAEE
FFFFF93C
00000219
000001E9
00000597
000007E4
FFFFFCCE
FFFFF9A6
00000A4E
FFFFFE97
FFFFFF0B
FFFFF913
FFFFFDC0
FFFFF7CA
FFFFFE40
00000115
FFFFF202
FFFFF9D0
00000396
00000129
FFFFFF62
00000A11
00000404
00000874
0000041A
00000448
00000AD8
00000EE1
00000BFF
FFFFFDD2
FFFFF9B3
FFFFFBBF
000009B9
00000C3E
FFFFFEEA
000005C9
00000477
000001D3
0000024E
0000003B
00000052
FFFFFF5A
FFFFFC22
FFFFF80D
000009E7
000003E4
FFFFFB2D
FFFFFB64
0000033C
FFFFFCEB
FFFFFD97
00000A48
00000471
FFFFFCBF
FFFFF5BF
0000058C
000004B1
FFFFFEC6
00000569
FFFFFFAF
FFFFFB97
0000004E
0000061C
FFFFFB6E
FFFFF170
0000090F
00000585
FFFFFBAF
FFFFFE55
FFFFF8EA
FFFFF945
FFFFFDD9
FFFFFC70
00000BC8
000002CD
000000A3
0000037A
00000568
000009D2
000009D7
00000467
0000027C
0000007F
FFFFFBF5
000002B1
00000322
00000283
FFFFFF5A
00000CAC
FFFFF908
FFFFF753
FFFFFF64
FFFFFB9F
FFFFFC3F
0000050E
0000051E
0000041E
00000391
00000178
000007A0
00000390
00000749
000006A3
00000661
FFFFFDD1
FFFFFFB1
0000004F
FFFFFABC
00000432
FFFFFF0E
FFFFF941
FFFFFC92
0000027C
0000015E
FFFFFDE0
000007DE
FFFFF864
FFFFF575
FFFFFF7A
00000319
FFFFF8E3
FFFFFCB9
00000ABE
0000049A
FFFFF779
FFFFFDFF
FFFFF290
FFFFFD96
000006FC
000001C4
000000C6
FFFFFF10
FFFFFCF5
FFFFFAC3
FFFFFCF5
FFFFF9BE
FFFFF70C
FFFFFB46
FFFFFA1A
FFFFF743
0000042D
000005EE
FFFFFFCA
FFFFFC90
FFFFFBB8
FFFFFC9F
FFFFFAF9
00000531
0000002B
FFFFFCB2
000009F3
FFFFFED3
000000BA
FFFFFDEF
00000074
000004F6
FFFFF8C3
FFFFFA16
0000079A
000006DE
FFFFFB1C
FFFFF6FC
FFFFF514
FFFFFD02
000003B9
0000097D
0000095E
000005F3
FFFFF892
FFFFFFC8
FFFFF651
FFFFFC03
000000E0
FFFFFD07
00000061
FFFFF9E7
000001C0
000002E7
00000192
FFFFFBD8
FFFFFFA6
FFFFFA19
FFFFFBA3
00000969
00000290
00000690
0000020F
000000B5
00000B35
00000715
FFFFFEC5
FFFFFFDC
00000A12
FFFFFCB2
FFFFFABC
00000258
0000040B
00000216
00000156
FFFFF4A6
0000075C
00000790
FFFFF5D2
00000478
000003FD
FFFFF308
FFFFFE3D
FFFFFD03
FFFFFA76
FFFFFB06
FFFFFD56
FFFFF843
00000628
00000083
0000022D
000001D0
00000953
000001AB
00000187
FFFFFABC
FFFFFA5A
00000493
00000C00
00000257
000009FA
000007B4
FFFFFB82
FFFFFF57
FFFFF8B7
FFFFFC9D
000007B6
000000A1
FFFFFEF3
FFFFF951
FFFFFD5E
0000013B
FFFFFBE9
000003F3
00000500
FFFFFE9F
000005CD
FFFFFCE4
00000071
000004DE
FFFFFA4F
FFFFF9AB
000002E3
000005AA
000001DB
00000018
0000041A
00000169
FFFFFF8A
FFFFFD48
000005EA
FFFFFBB1
00000053
FFFFF9B5
0000040A
FFFFF6A4
FFFFFEAB
0000036D
FFFFF58F
00000017
0000014F
00000453
FFFFFF96
0000021D
000002B0
FFFFF70B
FFFFFF9B
FFFFF7D4
FFFFFC4E
FFFFFD81
FFFFFED6
FFFFFF11
FFFFF868
FFFFF934
FFFFFBD1
FFFFFC0C
FFFFFD96
FFFFFBC9
00000679
00000566
0000032D
000004DC
FFFFF60A
0000028C
FFFFFDE6
FFFFF75B
FFFFFB7C
000002EC
FFFFFB05
00000562
00000191
FFFFFFA4
FFFFF9B6
FFFFF6AA
00000178
00000BF5
0000045E
FFFFFB79
0000081B
000001FC
FFFFFD77
0000078D
FFFFFC1E
FFFFFD38
000002B9
00000500
FFFFF5B2
FFFFFE70
FFFFFCA2
FFFFFCC1
FFFFFFF4
FFFFFB61
FFFFFFC8
FFFFFFC2
00000494
FFFFFF2D
FFFFFAD4
FFFFF94A
FFFFFBE5
0000008C
FFFFFB1B
00000AC2
FFFFFF54
000009A7
0000043C
00000A40
FFFFF4E5
00000080
FFFFF1AB
FFFFF113
FFFFF5FB
00000B4A
000006F2
00000118
FFFFF72B
FFFFFD8C
FFFFF950
000001B9
0000022B
000001D6
FFFFFB49
FFFFFDEA
FFFFFFA6
FFFFFFFB
00000367
000002EC
0000084D
000003F7
FFFFFE06
00000165
FFFFF81F
00000A6A
00000271
FFFFFD99
FFFFFEC1
FFFFFC9D
FFFFF88F
FFFFF9F7
FFFFF768
FFFFFF99
FFFFF20E
00000016
000004B9
000001A5
FFFFFC25
FFFFFCCC
00000133
FFFFFC48
FFFFF749
FFFFF76E
FFFFFA1D
FFFFFF0A
FFFFFF37
FFFFFF26
FFFFFFC7
00000B4A
FFFFF8B8
FFFFF6C2
FFFFF92F
FFFFFB78
00000107
0000071D
0000090B
FFFFFAEE
FFFFFB7B
00000724
00000AAC
000001C0
000004CB
0000079E
FFFFFA49
FFFFF8EB
FFFFF583
0000072F
FFFFFC4C
0000061C
FFFFFBD3
00000005
00000A9B
0000054F
000001D3
FFFFF3F2
FFFFFC44
000001FB
FFFFFD2C
000003DC
FFFFF9E3
000006A1
FFFFFF83
FFFFFD54
FFFFF987
00000233
FFFFF778
00000690
FFFFFF1F
FFFFFC72
00000713
000001BB
FFFFFA73
000007DC
000000A3
0000052A
FFFFF87B
FFFFFDDF
000002BA
00000479
0000028F
0000016B
FFFFF836
FFFFF602
FFFFFC7E
FFFFFAD3
00000422
000005AF
FFFFFB64
000000B6
FFFFF679
FFFFFCD5
00000456
FFFFFE94
000000DE
0000035B
00000199
000001E1
00000505
000004EF
000003BB
FFFFFD9D
FFFFFA43
00000187
0000044C
FFFFFFD4
FFFFFF8E
0000001A
00000428
0000036A
FFFFFCF7
FFFFF96E
000001CE
00000154
0000058E
00000A84
0000016D
0000049C
FFFFFF3C
0000035C
00000178
00000773
FFFFFF12
00000933
00000AC7
00000962
FFFFFA72
FFFFFA99
0000033B
FFFFFCE0
00000295
00000081
0000090B
FFFFF67C
FFFFFE80
0000067B
000001D1
0000038E
000005A7
000000A8
FFFFFD15
FFFFFB5B
00000701
00000941
FFFFFAC7
FFFFFD0F
FFFFFB89
FFFFF786
000001CC
FFFFFB9F
000006BD
FFFFFBDB
00000790
FFFFFD49
00000655
0000061A
0000029E
0000072F
FFFFFEEB
000002D5
00000D6B
FFFFFC49
00000678
00000C5D
00000C55
0000058E
FFFFFF2D
0000038F
0000087E
000003FB
FFFFFFD2
FFFFFB47
000005CA
00000CD0
FFFFFEC7
FFFFF56C
00000687
000000BA
00000F8B
00000021
0000071D
0000084B
00000982
FFFFFAA1
FFFFFA84
FFFFF809
FFFFFFD2
00000996
00000BAF
FFFFF495
FFFFFFFC
00000575
FFFFFF95
FFFFF7E8
FFFFF5FD
000000D5
000000B4
00000B2B
FFFFF5B7
00000353
FFFFF827
0000003B
FFFFFECC
FFFFFB90
00000401
FFFFFF78
FFFFF837
0000020F
000004A9
FFFFF952
000006E4
FFFFFC05
00000013
000001EE
00000223
FFFFFE72
FFFFFEB2
FFFFFA44
FFFFFD97
FFFFF598
00000071
000006E5
FFFFFF10
00000380
FFFFFA6E
000004A7
000000BB
FFFFFF30
FFFFFCE4
FFFFFE35
0000071E
FFFFFACF
FFFFFE86
FFFFFB8A
FFFFF52A
000003D2
FFFFF939
FFFFF9C3
FFFFFFA0
00000003
FFFFFAA0
FFFFFA61
00000AD1
00000245
FFFFF876
FFFFFBF3
00000397
00000086
0000019C
FFFFF9DA
00000607
FFFFF759
FFFFFB71
FFFFFFBA
FFFFF7EF
0000046D
000006D9
0000074C
0000046E
0000042B
00000541
FFFFFCFC
FFFFFE29
FFFFFEA9
00000301
FFFFFDBE
0000006F
00000576
FFFFFE55
00000307
00000349
000001A8
00000531
00000386
000001AD
FFFFFDE6
FFFFFEC5
FFFFFB1A
000000BE
FFFFFC11
00000220
FFFFF547
FFFFF33D
FFFFFEFE
FFFFFED7
FFFFFFC6
FFFFFFB5
FFFFFCC7
FFFFFEDE
000000E6
000004B5
FFFFFF79
FFFFFD9F
FFFFF8D7
000001C9
000009EA
00000080
FFFFFB95
FFFFFBF7
00000429
000006A1
0000082B
000002D1
000005A5
000003B7
000000DE
0000010C
FFFFFED4
000008B0
00000060
FFFFFF72
00000655
0000031B
00000366
00000629
FFFFF955
FFFFFC20
00000592
000003AE
00000591
FFFFFBBE
00000826
FFFFF713
000000BA
FFFFFE57
00000330
FFFFFD46
0000030F
000001B1
00000098
0000016A
0000025A
FFFFFC7B
000007F5
0000096F
000008AE
00000097
00000940
00000583
00000672
00000E5F
000000D8
FFFFFDD4
FFFFF93A
FFFFFDF6
000006D1
FFFFFDC9
0000003A
000001C5
FFFFFC23
FFFFFC83
FFFFFBFC
000006A1
00000364
0000057E
FFFFFE58
FFFFFA4F
00000420
FFFFFC98
0000005A
00000245
FFFFFCD7
000004C1
000003A6
FFFFFCCC
00000334
00000372
FFFFFD0E
FFFFFC14
FFFFFA62
FFFFFFE2
FFFFF715
FFFFFC85
000000E3
FFFFF5D0
FFFFFF9C
FFFFFF67
0000075F
FFFFFD78
FFFFF479
FFFFFF93
FFFFFFF1
FFFFFDEF
FFFFFC90
FFFFFFA0
FFFFFA71
000005FD
0000013F
0000062F
FFFFFD2C
00000293
FFFFF817
FFFFFDDE
FFFFFF7B
00000B0B
00000522
FFFFFF75
0000037F
00000611
0000003F
00000059
FFFFF9C5
0000027D
FFFFFE98
0000039D
FFFFFEFA
FFFFF7FF
FFFFFFBB
FFFFF640
FFFFFE23
FFFFFF47
00000136
FFFFF89B
0000001C
FFFFFCE5
FFFFFDBF
FFFFF908
FFFFF913
FFFFF6A3
FFFFFA93
0000049B
00000717
FFFFFF77
FFFFFFE4
000009C8
FFFFFCA1
000004AC
000007ED
00000406
00000161
000008F6
0000019C
000003D6
FFFFFF81
0000017D
000005B8
0000034B
00000279
FFFFFB59
FFFFFEBF
FFFFFD3B
000000BB
FFFFFE5A
000003EC
00000350
0000070D
0000010E
FFFFF8DB
00000660
00000965
FFFFF970
FFFFFB92
00000213
000005BC
00000613
FFFFF43B
FFFFF839
000001E6
000006B9
FFFFF526
FFFFFB09
00000560
00000082
FFFFFC13
00000209
0000014A
FFFFFB8C
0000069A
000000C6
FFFFFE9A
000004A9
FFFFFDA4
00000126
000004AF
FFFFF6A9
0000036A
00000755
FFFFF779
00000804
FFFFFD59
FFFFFDFB
FFFFF84B
FFFFFEE1
000006C7
0000069A
FFFFFDD4
00000802
000005A1
000001BA
000002A6
FFFFFF04
FFFFFBD2
0000080E
000002CD
000006FE
FFFFFDF7
000004A9
0000061C
0000046C
000004A7
FFFFFC74
00000415
000006B9
0000027D
FFFFFC0D
FFFFFE4E
00000526
0000055B
FFFFFF27
FFFFF6F6
FFFFFBB9
FFFFFFA1
FFFFFE37
00000818
FFFFFFA7
000006B0
000000ED
00000557
00000F77
000007D1
00000487
00000101
00000146
0000019D
FFFFF6E2
FFFFFBC5
00000215
FFFFFA14
FFFFFE9E
FFFFFE1A
FFFFF929
000000EA
FFFFFAF7
FFFFFA7C
00000453
FFFFFE9E
FFFFFEF7
FFFFFF6B
FFFFFAAF
000000E2
000000DD
0000043C
FFFFF75C
000002CA
FFFFF71F
FFFFFDB2
FFFFFFB4
FFFFF7FE
FFFFFB5C
FFFFFE59
000001C3
0000087A
FFFFF9F5
FFFFF894
FFFFF9DF
FFFFFB1A
00000578
FFFFFF1A
00000958
0000089F
000002C9
FFFFF596
FFFFF2FE
000005F8
FFFFFFEC
0000042A
00000632
00000952
0000019C
000001AA
FFFFFDB1
000004F1
000005B2
FFFFF9DD
00000CE1
FFFFF98F
FFFFFBFC
00000A94
00000110
FFFFFF05
0000058B
FFFFFB1C
0000026C
00000059
00000D8A
FFFFFD88
0000041B
0000014B
0000069E
000002A2
FFFFFEAD
000004A6
00000A34
FFFFFF61
000000B7
FFFFF84F
FFFFFE8E
FFFFFB38
00000275
FFFFFABC
00000A42
FFFFED24
FFFFFDE6
FFFFFC64
FFFFFD03
FFFFF856
00000035
FFFFF834
FFFFFBE6
FFFFFC77
0000023B
FFFFFD11
FFFFFEFE
000001D2
00000096
FFFFF958
FFFFFC4D
000002C9
FFFFFA00
FFFFFFC6
00000990
0000043D
FFFFFF11
000006A1
0000073A
000008D1
FFFFFC78
000006B9
FFFFFF0E
0000005C
FFFFFFF9
FFFFFE73
000000CA
FFFFFED8
0000092E
00000FC7
00000E84
FFFFF824
00000723
FFFFFBF7
FFFFF7FE
FFFFF789
FFFFFD1B
0000055A
0000040B
0000045D
FFFFFB4B
000005CC
FFFFFF22
0000034F
FFFFFA72
FFFFFF9F
FFFFF8A0
FFFFFD38
FFFFFCF4
FFFFF72A
0000041A
0000002D
FFFFFBE0
FFFFFD76
FFFFFCD6
FFFFF99F
0000035E
FFFFF810
00000B7C
FFFFFB90
FFFFFA9F
000001AB
00000120
FFFFFBC8
0000093D
00000110
000000A0
000003CE
FFFFFAC9
FFFFFC2E
0000045F
000001E6
000002BA
0000051B
FFFFFF01
FFFFFC19
0000001A
FFFFF7CC
FFFFFEFB
FFFFFE95
00000641
FFFFFC73
FFFFF8E7
FFFFFDFB
FFFFFEDE
00000334
000000A1
0000036E
FFFFF90E
0000041D
000002FC
0000024E
FFFFFC72
FFFFFDA8
FFFFFAAC
FFFFF7BB
0000033D
FFFFF676
00000227
FFFFFB22
0000093F
FFFFFC11
FFFFF9BC
FFFFFFB0
0000000E
00000024
FFFFFF6E
000001E4
FFFFFE78
0000025D
0000024F
0000034C
FFFFFA02
FFFFFE5E
FFFFFC6E
FFFFFF16
00000101
FFFFF68D
00000152
FFFFFC8A
0000000F
FFFFFC58
FFFFFE9B
00000208
00000250
FFFFFB3C
00000190
FFFFFF02
00000C2A
FFFFFB8D
FFFFF8A2
FFFFF8E6
FFFFFF30
FFFFFFA4
FFFFFCF5
FFFFFEF2
FFFFFF0A
FFFFFB25
FFFFFEDA
000002AA
FFFFFF60
FFFFFA1A
000007B0
FFFFF93A
FFFFF8EC
FFFFF4EF
00000675
FFFFF928
0000014F
FFFFFBED
0000031C
FFFFF8F7
FFFFF51E
FFFFF94B
FFFFFC61
FFFFFF2B
FFFFF66F
FFFFF9FF
000000A8
FFFFFD7D
00000115
00000380
FFFFF5BA
FFFFF7A2
FFFFFA11
00000320
000006D6
000003E8
FFFFFA11
FFFFF863
FFFFFC71
FFFFFC7E
0000089B
00000119
FFFFFCA9
FFFFFCD5
00000429
FFFFFDA2
FFFFF629
FFFFFBAD
00000420
0000015E
FFFFF9AE
FFFFF404
FFFFF6D6
0000008E
00000038
FFFFFD5C
FFFFFD08
0000028B
FFFFFBFF
000002CC
FFFFFD32
FFFFF8D6
FFFFF6DF
0000004F
000003AE
FFFFFB8B
0000020F
FFFFFF9E
00000330
00000171
FFFFF8FD
FFFFFF0E
FFFFFCB9
00000459
FFFFFBEB
000001DA
0000029F
00000361
000001B1
FFFFFD76
0000033A
FFFFFD37
FFFFFA2F
000000BD
000004DE
FFFFFAB3
00000117
00000421
FFFFFA6C
00000560
FFFFFD61
FFFFFB9D
00000022
FFFFFA7A
FFFFFF2D
FFFFFCBB
FFFFFF20
00000447
000004E8
0000019D
0000047C
FFFFF961
FFFFFFFC
0000045C
FFFFFB8E
FFFFFBDB
FFFFFA62
FFFFFE77
0000036D
FFFFFE42
000001A6
FFFFFC93
000001CB
FFFFFA97
00000289
FFFFFC15
000003B6
FFFFFC02
FFFFFB86
00000285
FFFFFAB6
00000766
000001A8
00000173
FFFFFBCF
FFFFF9C5
FFFFFCDD
FFFFF9CC
FFFFFED3
000001D7
FFFFFCE6
00000574
FFFFFD96
FFFFF9D1
FFFFFB78
000002CE
FFFFFC95
FFFFFAC0
000002A2
000008AA
000005D9
FFFFFC2C
000004BE
FFFFFA1C
FFFFFF05
0000054E
00000147
FFFFFBCF
FFFFF84E
FFFFFEE3
FFFFFE45
FFFFFE0C
0000003C
00000051
000000DB
FFFFFCF5
000005CC
00000529
FFFFFDA9
00000081
00000864
00000254
FFFFF699
0000016D
0000047B
000000C9
00000207
FFFFFADB
FFFFFE8B
FFFFFCDA
FFFFFC76
FFFFFD9E
FFFFFDA2
000005C3
00000366
00000575
00000325
00000190
FFFFFA5C
000005F2
FFFFFFC7
FFFFFF13
FFFFFFC9
FFFFFBBD
FFFFFF11
000007D4
FFFFFCC4
FFFFF8CA
FFFFFED9
FFFFF9E0
FFFFFF00
FFFFFDF3
00000242
FFFFFF93
0000037D
FFFFFD48
FFFFFF59
FFFFFCF2
FFFFF84A
FFFFFD17
0000071E
FFFFFBA6
FFFFF8CE
000000A4
FFFFFA4D
000007D1
FFFFFFAA
FFFFFDC0
00000332
0000030A
FFFFFF55
FFFFFF58
0000002C
00000231
0000084D
0000000B
00000041
FFFFFF21
FFFFFE4D
00000012
000001E0
0000047B
0000010E
000003E2
0000028F
FFFFFC76
000003AF
000002BA
00000231
000002B7
000001C4
FFFFF9B8
000002A7
FFFFFED0
00000278
FFFFFB99
000001EB
000003AE
0000027D
FFFFF8A5
FFFFFEF7
FFFFFFCD
FFFFFDDB
FFFFFDB9
FFFFFBCE
00000320
FFFFFAD6
FFFFF9E0
FFFFFC14
FFFFFC7F
FFFFFD5A
FFFFFAC1
FFFFFC30
000001FF
000000C9
00000585
FFFFFB1D
000000B2
00000035
0000053A
00000141
FFFFFCCB
FFFFFF12
00000437
0000013D
0000043E
FFFFFF1F
000002FF
0000013F
0000014F
000003C8
FFFFFD74
0000066A
0000027C
FFFFFE7E
00000020
00000237
000008EF
0000019D
FFFFFCBF
FFFFFBED
0000002B
FFFFFF1F
FFFFF82F
FFFFFB7B
00000399
0000049B
000003B3
FFFFFD31
00000018
FFFFFD24
FFFFFCA0
FFFFFDB1
FFFFF5F2
FFFFFA21
FFFFFE6A
FFFFFB0C
FFFFFCE3
000002D4
00000631
000002CD
00000878
00000000
00000336
FFFFFEA4
000007C1
00000043
00000164
0000050D
FFFFF8E2
000001C9
FFFFFE0B
00000612
FFFFFEFA
00000413
FFFFFA00
FFFFF92B
FFFFFD18
FFFFFC18
FFFFFD3E
FFFFFA3C
FFFFFC0F
FFFFF79A
00000094
FFFFFD36
000000D4
FFFFF9EE
FFFFFE35
0000001F
000004AC
00000809
0000013D
000002A3
FFFFFE0F
00000239
00000672
FFFFFFDB
0000032D
000003CB
000000F2
00000106
FFFFFBB5
FFFFFD32
000002BB
00000394
0000027F
000006F5
0000003A
000000B2
00000235
FFFFFC3A
FFFFFE51
00000461
000000EB
00000188
FFFFFE30
FFFFFEAA
FFFFFF98
000000B4
FFFFFEC8
000003EE
FFFFF4BD
FFFFFB8A
FFFFFDED
00000A76
000002A0
FFFFF917
FFFFFD98
FFFFFF41
FFFFF9B6
000001C1
0000031E
FFFFFE35
00000264
FFFFFED7
FFFFF7FA
FFFFFC3B
000003F2
FFFFFC35
00000341
FFFFF69B
FFFFFCCE
0000052A
FFFFF7E8
FFFFF703
0000016F
000005A2
FFFFFAEA
000008D2
FFFFFC70
000002BD
FFFFFD15
FFFFFC12
0000016C
00000171
000002E6
00000038
FFFFF4D6
FFFFFB36
FFFFFE6F
FFFFFE4E
FFFFFA9A
FFFFF9A3
FFFFFE1A
FFFFF854
FFFFFC46
FFFFFBE0
0000023E
00000262
FFFFFD09
000001F2
FFFFFE4F
000004F7
FFFFFD77
FFFFF9BD
0000045A
00000683
00000524
FFFFFE8B
FFFFFC82
FFFFFF9C
00000027
00000285
000002BA
000004FF
00000272
000001D1
FFFFF5C6
0000005D
000005D2
000009D0
000003A3
000002BA
FFFFF9D9
0000039A
FFFFFA8B
000003BB
FFFFF876
FFFFFE02
FFFFF792
FFFFFE81
00000118
FFFFFCB8
00000312
FFFFF9F6
FFFFFCFA
FFFFFC23
FFFFFA6B
FFFFFE3A
FFFFFFB4
FFFFFC88
00000249
000001B1
0000015C
FFFFFFBC
FFFFF4CA
0000026A
FFFFFDE6
00000044
FFFFF3EC
FFFFFF2B
FFFFFEF4
0000014C
00000129
FFFFFADE
00000150
FFFFFCAE
FFFFF890
FFFFFA8A
FFFFFB39
FFFFFB73
FFFFFB59
0000036F
FFFFFFC3
FFFFFD6C
000004A9
FFFFF739
0000017B
FFFFFAFA
FFFFFE97
FFFFF6F5
000004C6
000000B8
FFFFF9F3
FFFFFFCB
FFFFFFC9
0000011C
00000327
00000789
00000139
00000743
FFFFFCDF
FFFFF99F
FFFFFA74
FFFFFD88
FFFFFE2B
FFFFFDC9
FFFFFABD
FFFFFF51
000005FF
00000B97
FFFFFB3D
FFFFF889
FFFFFD3E
FFFFFA35
FFFFF7C1
000003BF
FFFFFD3F
FFFFF991
000001BB
FFFFFA70
00000049
FFFFF864
FFFFFCC5
0000029F
FFFFFD93
00000398
FFFFFDB3
00000678
FFFFF8EF
FFFFF73D
000005F4
FFFFFA80
FFFFFA19
FFFFFD68
FFFFFF85
FFFFFFC7
FFFFF9FA
000008F5
FFFFFBC5
FFFFF9AC
FFFFFF6E
0000043D
FFFFF8B5
00000885
FFFFFD9D
FFFFFC6A
00000103
FFFFFC6E
000004D8
FFFFFE89
00000106
FFFFFE6E
000005A2
FFFFF752
FFFFF92A
00000086
FFFFFECC
FFFFF8BC
FFFFFC56
FFFFFCFE
FFFFFAE2
FFFFF702
FFFFF8C4
FFFFFE8F
FFFFFDA1
00000152
FFFFFC33
FFFFFC1A
FFFFFA14
00000376
FFFFFE50
FFFFF9F3
FFFFFEC3
FFFFF8D6
FFFFFFD1
0000014A
00000403
FFFFFD6C
FFFFFD2C
FFFFF91E
00000BDB
FFFFFF86
FFFFFE42
FFFFFB11
FFFFFBE0
FFFFFBEE
FFFFF8B2
0000052E
00000447
000002B0
000005EA
FFFFFAB3
00000647
0000018E
00000458
00000169
FFFFFD36
FFFFF873
00000704
0000076C
0000013A
FFFFF105
FFFFF61B
00000103
0000047F
FFFFFE9D
FFFFFFC4
0000054D
00000517
FFFFFC4F
FFFFFA9F
FFFFFC6D
FFFFFE62
000008D6
FFFFFB47
FFFFFD6E
FFFFF7DB
FFFFF731
0000036A
00000A4B
FFFFFDDF
00000200
FFFFFBD4
FFFFF78E
000003F6
FFFFFD51
FFFFFBAB
FFFFFA72
FFFFFA22
FFFFFD86
0000053B
FFFFF8BF
00000006
0000040A
00000312
FFFFFE28
FFFFFE64
00000122
0000029E
FFFFFD76
FFFFFAAC
FFFFFF8C
FFFFFD8D
FFFFFFE4
00000684
FFFFF9EE
FFFFF5B1
00000301
0000075E
00000360
00000011
FFFFFD7F
00000289
0000047F
00000280
FFFFFCA8
0000028B
FFFFFD45
FFFFFD86
000005BB
FFFFF5B0
0000084A
0000064D
FFFFF74C
000000E1
0000082B
00000788
FFFFFE52
FFFFFF05
FFFFFD9F
0000035F
FFFFFEF3
000004B6
FFFFFA85
FFFFF683
FFFFFB6B
000001EA
00000236
FFFFF720
FFFFFF91
FFFFF40B
0000059E
FFFFFC53
FFFFFCFC
FFFFFE28
00000556
FFFFF5DA
FFFFFE51
FFFFFF0E
00000468
FFFFFD4E
0000009E
00000069
00000996
00000134
000005C1
00000143
FFFFFB83
FFFFFC43
000004C9
00000540
FFFFF9B4
00000437
00000532
FFFFFC9C
0000031A
000004C2
00000D54
00000760
000001F7
000002A1
00000696
00000595
FFFFF9D7
FFFFFCA8
0000034F
00000545
FFFFFBF8
00000299
000002CF
00000531
FFFFFDA6
FFFFFE90
00000134
FFFFFC0B
FFFFFFB0
FFFFFAB1
000004E6
FFFFFAEF
FFFFFF4D
0000007B
FFFFFDE1
FFFFFF65
FFFFF6D6
FFFFFF6D
0000064A
FFFFFEC1
00000129
000000A3
000003C8
00000350
00000BB2
FFFFFCBC
0000050D
000001EF
FFFFF869
FFFFF54B
FFFFF7FF
FFFFF9BD
FFFFFB8D
0000071A
0000063F
FFFFFD2E
FFFFFF25
00000810
00000737
00000111
000000CA
FFFFF9FB
FFFFF7B7
000002EE
0000047C
000003CD
FFFFFDB4
FFFFF79E
000007BA
0000058A
FFFFF897
FFFFFE87
00000497
FFFFFADF
FFFFFD73
00000029
FFFFFB82
000003FA
FFFFF8FA
FFFFF9EA
000000FE
000000CD
FFFFFC90
0000036C
FFFFFC61
FFFFFD72
FFFFF9C7
FFFFFFB1
00000501
00000464
FFFFFE72
FFFFF430
000004F2
00000462
00000835
00000464
FFFFFFB3
FFFFFCF0
FFFFFDB3
00000268
00000379
000002A2
00000367
FFFFFDBB
00000209
000005A4
FFFFFA61
FFFFFDC7
0000015E
FFFFFE40
FFFFF932
00000008
00000348
000007A1
FFFFFE81
FFFFF803
FFFFFE5F
00000408
FFFFF9A1
FFFFF5F9
FFFFFC4F
00000039
FFFFFE1C
0000059C
000002ED
FFFFFC98
0000016C
000003A5
00000465
00000092
FFFFFBCA
FFFFF92E
FFFFFAD8
FFFFFD06
FFFFFDA3
000000EC
FFFFF8A4
FFFFFB21
000000D8
000002E5
FFFFFF54
FFFFFABD
FFFFFBB6
FFFFFD88
FFFFF649
0000014B
0000045E
FFFFFA1C
000004A8
FFFFFF3E
FFFFFF49
FFFFF897
FFFFFD10
00000868
00000607
0000001A
FFFFFB96
FFFFFF16
FFFFFD10
000004C9
000005B8
FFFFFEE7
0000041D
FFFFFE33
FFFFFE1D
FFFFF93C
FFFFFFB3
0000015D
FFFFFED1
FFFFFE77
FFFFF9DD
FFFFF8E0
000003A0
00000428
0000003A
FFFFFA67
FFFFF65C
00000583
FFFFFD86
00000134
FFFFFD38
FFFFFF4D
FFFFF82F
00000105
000003A2
FFFFF9E1
FFFFF9CE
00000089
0000084D
FFFFFC4E
FFFFFAB1
FFFFFEDC
0000004B
FFFFF893
00000188
00000689
FFFFFEDC
FFFFFA7E
FFFFFD74
FFFFFA04
0000021C
00000025
FFFFFB23
00000123
FFFFFC56
FFFFFFAE
000003DC
FFFFFF2C
00000A2B
000004E0
FFFFFA0B
FFFFFC85
0000099A
FFFFFBB7
000000FE
FFFFFC66
FFFFF7FA
000006C1
FFFFFAE5
0000002A
000001CE
0000046B
0000030D
000007D6
000005D4
0000080B
FFFFFEAE
000000CE
00000467
0000065A
000002C1
FFFFFC37
FFFFF7D8
000002DC
FFFFFB4F
00000875
FFFFFEC6
000001E0
FFFFF8E3
0000007E
0000034A
00000630
FFFFFF8F
0000081F
FFFFFDFA
00000712
FFFFFBE8
0000040C
FFFFFC52
000000BF
00000199
00000B21
00000363
FFFFFAF5
FFFFFF58
0000048C
FFFFF928
00000382
FFFFF807
0000033D
0000029A
000006BF
00000681
0000031E
000003E3
000002AC
FFFFFCFB
0000020A
FFFFFD54
FFFFFFD5
FFFFF9D6
FFFFFAE3
FFFFFE59
FFFFF7A5
FFFFF8D0
00000843
00000AEB
FFFFFCA8
FFFFFE4A
000006F9
000002F9
FFFFF914
000003B4
FFFFF8D0
0000011A
FFFFFFD7
FFFFF636
00000C34
000004BC
000002E1
FFFFF8FB
FFFFFBC1
FFFFF7B6
00000532
00000147
00000132
FFFFFBCC
00000726
FFFFF97A
000007C9
FFFFF7F9
FFFFFDD8
FFFFFC0C
FFFFFC5F
00000666
FFFFF6F2
FFFFEFC1
FFFFFE1F
0000007C
FFFFFBE8
FFFFFF06
FFFFFB0E
000003E5
FFFFFB45
FFFFFD2B
000006B5
FFFFFFA9
00000958
FFFFF961
FFFFFED5
FFFFFD03
0000022C
00000188
00000D76
00000028
FFFFFF57
FFFFFF6E
FFFFF83D
FFFFF8CD
FFFFFE95
FFFFFA84
FFFFFE51
00000174
00000173
FFFFF91A
0000000F
FFFFFD81
FFFFF8CC
FFFFFC57
00000045
FFFFFE47
FFFFFF21
0000046E
FFFFFD58
FFFFFDCF
0000014C
000007B9
FFFFFCD5
FFFFFFCE
FFFFFEB3
FFFFFD5B
FFFFFB4E
FFFFFF8C
000000B9
000002C0
000005EE
0000008A
FFFFFA96
FFFFFEB3
0000058A
FFFFFF3A
00000258
FFFFF7F3
FFFFFDF0
00000166
000002AC
FFFFF6C9
FFFFFE29
00000261
00000108
00000228
FFFFF7D0
FFFFF719
FFFFFFE3
FFFFFB9D
FFFFF7F5
FFFFFAAD
00000654
FFFFFC26
FFFFF82E
FFFFF85A
000006ED
FFFFFD4B
FFFFFB27
FFFFF7DA
FFFFF7F2
FFFFFD4D
00000A63
0000025C
FFFFFCE4
FFFFF694
FFFFF3F0
FFFFFC00
00000102
FFFFFC88
FFFFFAFC
00000093
FFFFF89C
FFFFF610
FFFFF6B6
FFFFF71F
FFFFF9B5
FFFFFAF4
FFFFFA68
00000785
000002DC
FFFFF2F6
0000004C
00000C12
FFFFF5BF
00000A53
000001EC
0000040C
FFFFFDB0
00000616
00000638
000000D7
FFFFF13F
FFFFFDE8
000003D8
00000222
000000B1
0000024B
FFFFFD98
FFFFFD12
000008C3
FFFFF8AB
FFFFFBA5
FFFFF908
FFFFFB24
FFFFFF87
FFFFFF70
FFFFF5E9
0000003F
000009A6
0000085F
0000046F
FFFFF16B
FFFFFD86
00000080
FFFFFD58
FFFFFC07
FFFFFCD4
FFFFFEAF
FFFFFFBE
FFFFFD73
FFFFFD66
FFFFFC64
FFFFFA21
00000BC4
FFFFF144
FFFFFD6E
000006F9
00000382
FFFFFF8A
00001006
FFFFFDBE
00000CC1
00000E99
00000233
FFFFFD27
0000079C
00001105
00001084
0000038A
000007FE
000001E2
FFFFF5B2
FFFFFEA7
00000569
FFFFF9F0
FFFFFEDB
000006D3
00000285
FFFFF7B5
00000F66
00000A50
00001BA4
0000002F
FFFFFB43
FFFFFBC8
00000B83
FFFFFEB8
000000DC
FFFFFA78
00000018
FFFFFC89
FFFFF92B
FFFFFD31
00000B6D
000002F2
000007C0
FFFFFD29
FFFFF77D
FFFFF303
FFFFFA87
FFFFFE63
FFFFFFA9
FFFFFA52
FFFFF528
FFFFEF07
FFFFF823
FFFFFA13
0000002D
FFFFFD01
000005FA
00000887
FFFFFF8C
FFFFF7BA
FFFFFA7B
FFFFFF5A
FFFFFCD7
FFFFF933
00000289
000001F6
00000763
00000707
FFFFF4E8
FFFFFD4A
0000018B
FFFFF78F
FFFFF954
FFFFFCFB
FFFFF0B1
FFFFF6D1
00000D16
0000013D
FFFFF7CD
FFFFF653
00000180
000003B1
FFFFFFF7
FFFFEF24
FFFFF918
00000CB5
FFFFF827
000002C1
FFFFF730
FFFFF6C9
00000F33
FFFFFE12
FFFFF63A
00000111
00000A7B
00000474
FFFFF4B6
00000539
FFFFFAE1
FFFFF322
0000000F
0000049D
FFFFFF3C
000005EE
00000AFA
0000001D
00000E40
FFFFFC9C
00000465
FFFFFE37
00000747
FFFFFD78
000008CB
FFFFFF3F
00000A24
FFFFFCB3
00000536
000006A5
FFFFF9BE
FFFFFE55
00000358
00000669
FFFFFF5E
FFFFF8FC
FFFFFCAA
00000011
0000028A
00000912
00000577
FFFFF7F9
000005AF
00000100
FFFFF856
FFFFF5D9
FFFFF8FB
00000254
FFFFF0C8
FFFFFEBD
00000526
FFFFF2A0
FFFFF3C9
FFFFF5B4
000002EC
FFFFF133
FFFFFAB6
0000008A
FFFFF18C
000005EC
FFFFF811
FFFFF41C
FFFFFEC8
FFFFFAE3
00000C43
FFFFFFA1
FFFFFA9A
FFFFFF72
00000033
00000340
00000C6A
FFFFFAF1
00000061
00000CA0
FFFFFAEB
0000120A
00001195
FFFFF831
FFFFF3B2
000004CD
FFFFF161
FFFFFEA0
00000214
FFFFFCDD
FFFFF97B
000001E6
FFFFF395
FFFFF4E7
0000049D
FFFFF466
FFFFFB02
FFFFF621
FFFFF677
FFFFF5CE
FFFFFCD4
00000936
000000EB
FFFFEB3F
FFFFF5B2
00000174
FFFFFC56
0000007B
0000087D
00000619
FFFFF8B5
FFFFFC5D
FFFFFC44
FFFFFECA
FFFFF63E
00000BA7
00000230
FFFFEEBA
FFFFFB07
00000169
0000090C
0000028B
FFFFF755
FFFFF7C4
00000030
FFFFF39D
FFFFFCBC
00000163
FFFFFA50
FFFFF0D7
FFFFF29D
000003F7
0000010C
0000041F
FFFFFFA1
000005D3
FFFFFC35
FFFFF94A
FFFFEF4D
000002C3
00000601
00000169
000004CC
0000012F
FFFFFA30
FFFFFCF8
FFFFFB8F
FFFFF2EF
0000030D
FFFFF6CD
FFFFFDF5
00000358
FFFFFC04
000000A5
FFFFF855
000008D0
FFFFFB2B
FFFFFDF3
FFFFEE99
FFFFF686
FFFFFABF
FFFFF65C
FFFFF613
FFFFF307
FFFFF642
FFFFF719
FFFFFD29
00000A39
FFFFFE63
0000025B
FFFFFA75
FFFFF79D
00000CCB
000006C1
000004E5
000001C5
FFFFF9A6
00000C76
0000009A
000000FE
00000BD3
00000621
FFFFF3CB
FFFFFBAE
000001B4
FFFFF7E2
FFFFF423
00000205
0000062D
000001AB
FFFFFFEE
FFFFF4D1
000004D7
000004A9
000003C3
FFFFFA5F
FFFFFCFB
00000FF0
0000053C
FFFFFEC1
000000BA
00000323
FFFFF42B
FFFFFA4F
000004A5
FFFFF5F8
FFFFFC26
FFFFF66B
FFFFFBE6
FFFFFED0
000008CB
00000630
FFFFFBA9
FFFFFFEB
FFFFF5C2
FFFFFF22
00000A6F
00000D08
000003EB
0000012C
FFFFFBDC
FFFFFE64
0000022C
FFFFFF19
00000670
00000A93
00000C37
00000197
0000035C
FFFFF434
0000025A
FFFFFCE9
00000836
000007DA
00000A2A
0000051D
00000951
FFFFFFDD
00000802
FFFFF884
000008A8
FFFFFFEF
FFFFF925
00000A3A
000006BA
FFFFF024
FFFFFDD2
FFFFFFC8
0000024F
FFFFF470
FFFFFE4F
FFFFFE3F
000007E7
FFFFF908
0000021C
0000023C
FFFFFE17
000007A3
00000A22
00000717
000005A6
00000CFA
FFFFF11C
FFFFFE21
FFFFFF5C
0000010B
FFFFF73C
000001DE
FFFFFF34
FFFFFD11
FFFFF0F1
FFFFF95B
FFFFF94C
FFFFFD7B
FFFFF7D4
FFFFF30F
000002D1
FFFFF5ED
FFFFF5CE
FFFFF719
000001DD
FFFFFC9E
FFFFFA0D
FFFFF95D
FFFFFE99
00000636
0000021C
000002BE
FFFFFD39
00000135
FFFFFCE8
000007DD
00000430
FFFFF8B2
0000034E
FFFFFC03
FFFFF57F
FFFFFB9C
FFFFFBD1
FFFFFA85
0000050E
FFFFF201
00000820
FFFFF7DD
FFFFF714
0000006B
000004C5
FFFFFBBF
000001AE
00000223
FFFFFEFB
00000705
FFFFFB7A
FFFFFFD9
FFFFFE31
FFFFF8B0
FFFFF55B
FFFFF869
000004EE
0000035E
000008B1
FFFFFBFD
00000A62
FFFFFA5F
FFFFFAD6
FFFFFB84
FFFFFECB
000003DA
000008A7
FFFFFCA1
FFFFFD11
000009A5
FFFFFF74
FFFFFD71
00000AE4
00000545
00000C21
FFFFFD0B
000002CA
FFFFFA5A
00000975
0000017D
FFFFFC03
00000680
FFFFF4EF
FFFFFE6A
00000A1B
0000062C
00000CFC
FFFFF7E3
FFFFFFE5
00000B7D
000009CA
FFFFFE08
FFFFFD7C
FFFFF597
000006F2
FFFFFF3E
00000378
FFFFFCC8
000001BD
0000062F
FFFFF379
FFFFF9DC
FFFFFC51
FFFFED11
0000050C
FFFFFEA8
00000152
FFFFF5C7
FFFFF83F
FFFFEB28
FFFFFBBF
FFFFEEF0
FFFFF728
000009E9
00000ECE
00000421
FFFFFAAF
00000BFE
FFFFF633
FFFFF828
000004DB
00000835
FFFFF7ED
FFFFFA2E
FFFFFF72
FFFFF7A6
FFFFFF98
00000ADD
0000097D
FFFFF6A3
FFFFFE83
000006B4
00000B4F
FFFFF8BF
FFFFF99E
FFFFFBF2
FFFFFC9A
FFFFF492
FFFFF615
000001C6
FFFFFE4C
000002B9
FFFFFD46
000009D5
FFFFFF4E
00000393
00000020
0000043B
00000379
FFFFFC4C
00000188
0000052C
00000136
FFFFF681
FFFFF797
FFFFFE7C
FFFFF9D5
FFFFF618
00000794
FFFFFB8A
FFFFFE4D
00000253
000002EE
FFFFFF9C
000003DC
00000154
FFFFFA3C
00000393
FFFFFC9C
000002AA
000001E3
FFFFF68F
FFFFF7D0
0000033D
0000021C
000002D5
000001F0
FFFFFE80
FFFFFFCB
FFFFFA2B
FFFFFC29
FFFFFF6A
000004DF
000001A8
00000622
FFFFFE8C
0000053F
FFFFFFFF
FFFFFE5A
FFFFFFD2
000002F3
0000054F
00000283
FFFFF954
FFFFF940
FFFFFC5C
FFFFFED5
0000011A
0000012A
FFFFFBD4
00000312
000003CC
000005AF
000006C4
000006A4
FFFFFD36
0000008D
FFFFFABE
00000C9F
00000573
000002C1
FFFFFAEC
0000043A
FFFFFB26
FFFFFABE
FFFFFC11
000002B4
000001F7
FFFFF88B
000002E2
00000189
FFFFFB95
FFFFFD9B
FFFFFB99
0000004E
000004D8
0000002E
FFFFFF17
000001BF
FFFFFFAC
FFFFF821
FFFFFC60
FFFFFCD9
FFFFFAB7
FFFFFC3A
FFFFFEB0
FFFFFBA2
FFFFFFB4
000000E4
FFFFFED9
000000FA
FFFFFF32
FFFFF762
FFFFFF64
00000100
000006E6
FFFFFABD
00000C5A
00000331
0000019D
000001ED
00000805
00000720
00000B5F
000009FF
0000016F
FFFFFCAE
000003EF
00000640
000004B6
FFFFFF1E
00000602
FFFFFEA5
00000181
000005FE
00000212
FFFFFFF7
000001CD
FFFFFBA6
FFFFFE91
00000285
FFFFFEFF
FFFFFE41
000007C6
00000039
FFFFFE43
FFFFFF98
00000986
000007B6
FFFFFF37
00000658
0000035A
00000888
00000393
000001DA
FFFFFE94
FFFFF820
FFFFFF6E
FFFFF95C
FFFFFED9
FFFFFD20
00000358
000002EF
0000009E
000003AB
0000045C
FFFFFCF8
00000170
00000575
0000038D
00000494
FFFFFB1D
FFFFFDD6
00000420
FFFFFFBD
FFFFFBDC
FFFFFD20
0000093C
000002D0
00000313
000000BD
00000457
000000F1
00000129
FFFFFF93
FFFFFFFE
000002A1
00000BB2
000005C6
00000318
000000B1
0000074F
FFFFFD81
000001BA
FFFFFA87
FFFFFFE8
000005E2
FFFFF8E2
0000000B
FFFFFCEE
FFFFFEE2
00000073
FFFFFDF7
00000218
FFFFFAB7
FFFFFF6A
FFFFFECD
FFFFFE90
000004D5
000002AE
FFFFFEAE
000008B3
000002DB
FFFFFEDF
FFFFFE54
FFFFFBC1
FFFFFBC7
FFFFF98D
000004EC
00000161
FFFFFF3B
FFFFF761
000000D9
00000213
00000262
FFFFFEDA
FFFFFF68
00000467
00000647
000005EF
000007B5
000007D9
00000946
FFFFFF9B
000004BA
0000008F
00000879
FFFFF892
00000008
FFFFF870
FFFFFE6B
0000043D
00000385
000000B4
FFFFFF5C
0000067B
000005A3
FFFFFA40
FFFFFE04
00000285
000003FB
FFFFFE34
0000000D
FFFFFBEB
FFFFFC97
00000411
0000006D
FFFFFDB9
0000012E
FFFFF97C
FFFFFBF3
0000024C
00000512
000002DC
FFFFFE73
000004C1
FFFFFDB2
0000060B
0000062A
00000453
FFFFFF8A
000001BB
000004A4
00000075
FFFFFD17
FFFFF680
00000510
0000041A
FFFFFE6A
0000039D
FFFFFCD6
FFFFFB61
FFFFFCEA
000002F3
00000AEC
000005AE
FFFFFDD1
00000172
FFFFF9E8
FFFFFFD8
00000364
FFFFFBF7
0000040C
FFFFFD71
FFFFFCF4
00000491
00000247
00000321
000007C0
0000051D
000003D1
FFFFFF48
00000163
0000018C
000000FC
0000016D
FFFFFCFF
0000033E
FFFFFBD8
FFFFFE60
00000105
FFFFFF4A
000003E4
FFFFFC31
00000854
0000009A
000001CA
FFFFFE7F
0000061C
0000095E
00000EED
FFFFFF64
FFFFFE1D
0000019E
000006A3
FFFFFFEC
FFFFFD75
0000026B
000005C8
000003EE
FFFFFFAC
000001E1
0000067F
0000059B
00000376
0000021D
FFFFFB63
0000000B
000001CC
00000832
0000084D
00000888
000005EE
00000541
00000575
00000354
0000040D
FFFFFFEB
FFFFFFFC
000005F8
0000041E
00000752
00000601
000006FA
00000322
0000041F
0000083E
0000066B
0000038A
000001DD
00000574
FFFFFD5C
00000346
00000160
FFFFFC4A
FFFFFEFF
0000067F
FFFFFE9B
00000221
FFFFFA7C
FFFFFF9A
FFFFFEEC
FFFFFF5B
FFFFFE1A
FFFFFE44
FFFFFD3E
FFFFFF6B
FFFFF677
000002C3
000001E1
FFFFFD25
00000320
FFFFFE1B
000003E3
000007B6
00000465
FFFFFE78
FFFFFE5A
FFFFFD74
FFFFFC45
FFFFFE6E
FFFFFE98
FFFFFD76
00000094
00000250
FFFFFBBF
000002AD
FFFFF74D
FFFFFA4A
0000006B
FFFFFC83
FFFFFCE1
00000381
FFFFFFB7
FFFFFE30
FFFFFEE3
FFFFFC67
000001C7
0000020D
00000094
0000015A
FFFFFE39
000003C2
FFFFFF95
FFFFFE5D
000000CC
0000003A
FFFFF8D7
000001A0
FFFFFA50
00000027
00000254
FFFFFA7F
000003B8
FFFFFE62
000001E4
00000614
FFFFFE6A
FFFFFB34
00000134
00000314
000000E0
00000825
FFFFFFF8
00000129
000003B6
FFFFFDBE
FFFFF932
00000832
00000001
FFFFFC13
00000401
0000000A
FFFFFCEB
FFFFFDCA
FFFFFF8B
FFFFFB4F
FFFFFCD5
FFFFFDC1
0000060D
00000061
00000716
000007CD
00000424
000005EE
00000496
00000459
000008B8
00000591
000000F4
FFFFFEB3
FFFFFC12
FFFFF811
FFFFF8DD
FFFFF877
FFFFFC11
FFFFFFBB
FFFFFFA1
0000027F
FFFFFEBE
00000138
00000045
00000045
00000067
000006B2
00000969
000003E7
0000062D
FFFFFD96
00000432
FFFFFDEB
FFFFFD97
0000001C
0000040C
000007DC
000001DC
0000053D
0000085B
000008E9
FFFFFDE3
00000544
FFFFFFCF
000005C8
FFFFFD84
00000322
FFFFF810
FFFFFDE5
00000270
00000219
0000029D
FFFFFBD9
FFFFF9A1
FFFFF7E8
FFFFFAF8
000008C3
0000048B
000002DA
00000824
00000007
00000417
0000004B
FFFFFD52
0000045B
00000408
FFFFFCCD
FFFFFA80
000000B8
000003BF
FFFFF861
0000096B
00000615
00000566
FFFFF94A
FFFFFD4A
00000106
0000050F
FFFFFB23
0000058A
FFFFFECA
00000431
00000269
0000010B
FFFFFDC4
FFFFFA76
FFFFFFBB
FFFFFBDB
00000173
FFFFFF9D
00000027
00000177
FFFFFFC6
FFFFFA78
000003D7
FFFFFF71
00000162
00000004
FFFFFE26
000001D1
00000329
0000002C
0000023D
00000568
FFFFFE54
0000054E
0000039C
0000086D
FFFFF8FB
0000029E
FFFFFB84
FFFFFD9C
FFFFFEC2
00000408
FFFFFBE0
FFFFFB1A
FFFFFCFB
000005EC
FFFFFCA4
0000060A
FFFFFA6E
FFFFFF79
FFFFFF35
FFFFF8C0
00000223
000003E5
00000045
FFFFFEF4
000001EA
FFFFFE84
00000157
00000463
00000423
000003A5
000003B2
00000912
0000054E
00000014
000000A2
FFFFFA14
FFFFF787
FFFFFC4F
FFFFF955
000001C6
0000026B
FFFFFFA9
FFFFFBC3
FFFFFCA4
FFFFFCE6
00000211
FFFFFB86
00000108
00000320
FFFFFD33
0000068D
00000275
FFFFFED1
00000293
0000009B
FFFFFFB1
000004B4
0000053F
000002E9
FFFFFC56
0000007D
00000218
000000DC
FFFFFEE7
FFFFF7D2
000005FD
00000A80
00000738
0000058F
00000671
000005FD
FFFFF3E5
FFFFFC48
FFFFFF12
FFFFFAEE
000009A0
00000994
0000060E
FFFFFAB2
FFFFFAF0
0000026E
000001BD
0000066E
00000C5B
FFFFF99C
FFFFFBE3
FFFFF8DF
FFFFFC41
FFFFFBA4
00000200
00000436
00000221
FFFFF92B
00000340
00000820
FFFFFB1A
00000B5F
0000061A
FFFFFE66
00000680
00000097
FFFFF87C
FFFFFBB2
000005B4
00000653
0000086F
000003DC
FFFFFC0E
FFFFF8EF
00000D65
000004A8
FFFFF712
FFFFFE60
0000009E
00000D4D
00000A60
00000D48
FFFFFB19
FFFFFD18
0000004B
000008B9
FFFFFD4B
FFFFFD36
FFFFF75A
FFFFFA5E
FFFFF8BB
FFFFF3D3
0000080C
FFFFFE75
FFFFFA28
FFFFFF10
00000988
FFFFFED7
FFFFFEE4
0000029A
00000837
FFFFF6D9
00000426
FFFFF855
FFFFFA7D
FFFFFA44
00000842
FFFFF54C
FFFFF957
FFFFFBCB
000004E3
FFFFF3CC
FFFFFC60
FFFFF824
FFFFFCFF
FFFFF3B1
00000C27
00000054
FFFFFEB4
FFFFEE96
FFFFFCFD
FFFFF94E
000000AE
FFFFFA2E
00000188
000005D2
00000408
FFFFFA03
0000022E
FFFFFECD
FFFFF6DC
00000569
FFFFFD28
FFFFF7D5
00000297
0000038B
00000574
FFFFF4B9
FFFFF485
000008A7
00000120
00000568
FFFFF991
0000044C
FFFFFBEE
FFFFF843
00000957
FFFFFFAA
FFFFFB65
00000328
000004D4
000003E3
00000802
FFFFFCF4
0000043F
00000AB8
FFFFF90C
000001BF
FFFFFCBD
00000984
00000085
00000373
FFFFFFE7
FFFFFA57
FFFFFA12
FFFFF9D3
00000175
FFFFFFC6
FFFFF9F0
00000149
FFFFFDAD
FFFFFCD8
FFFFF7DB
FFFFF736
FFFFFCB4
FFFFFDA8
FFFFF4D1
FFFFFBCE
00000532
FFFFFC27
000009C3
FFFFFA89
FFFFFE5D
00000848
FFFFFA38
FFFFFD21
00000488
000001D2
FFFFFFDB
FFFFFC97
FFFFFBED
FFFFF3A0
FFFFFC6E
00000402
FFFFFC46
FFFFF228
FFFFFA23
FFFFFAA3
000001B8
FFFFF679
FFFFF90C
FFFFFBD9
0000033B
00000202
FFFFF74D
0000047B
0000095F
FFFFFB18
FFFFF03B
000005FA
00000CCC
000001AC
FFFFF84E
0000011F
FFFFFE43
00000088
FFFFF9BF
FFFFF1F2
FFFFF8D3
FFFFF37B
FFFFF295
FFFFFD1E
FFFFF8BE
000000AD
FFFFFA2F
00000120
FFFFF6AF
FFFFFDDB
FFFFF704
FFFFF6ED
FFFFFD09
000003BE
FFFFF848
00000C9F
000000C1
00000069
FFFFFDB4
00000324
FFFFF6CD
FFFFFE99
0000054B
FFFFF4F3
FFFFFA80
FFFFFAC2
00000795
0000039E
FFFFF7E7
00000A0F
00000989
FFFFF489
00000153
0000052B
FFFFFD09
00000B93
FFFFFFBC
FFFFFEAF
000003C0
000003A9
FFFFFE07
FFFFF692
FFFFF6C8
FFFFFD74
FFFFFE9F
0000047B
FFFFFD5D
00000094
00000148
00000002
0000009B
FFFFFF09
0000051D
FFFFFDF9
00000F29
000002FE
FFFFFC99
FFFFFEE2
0000016D
FFFFFA89
000003DB
00000787
FFFFFEC4
00000392
000002CE
FFFFFDC0
FFFFFAE3
00000098
000000C9
FFFFF9CC
FFFFF25D
FFFFF923
00000214
0000023D
FFFFFD8B
FFFFF5BA
FFFFFDA7
FFFFF670
FFFFFD38
FFFFFA5E
000006D4
00000607
FFFFFFDA
FFFFFD6C
FFFFFEB0
FFFFFC2E
00000244
FFFFF7D1
FFFFFA36
000002ED
FFFFFA43
FFFFF7E7
000005A0
FFFFFA67
0000017D
FFFFFA4E
FFFFF9E5
0000040C
000005CA
000003E8
FFFFFDA2
FFFFFC47
FFFFF7D2
FFFFF8F8
FFFFF6C3
00000065
00000192
FFFFFE6E
000005CC
00000B3A
0000079D
000004A0
FFFFF9A6
FFFFF9E8
FFFFFCDA
FFFFF9E1
FFFFFD6E
00000313
FFFFF8E3
FFFFF92E
0000053D
000001C1
0000018F
FFFFF55A
0000043B
FFFFFAC8
0000019B
00000307
00000702
FFFFFB8F
00000171
FFFFFD13
FFFFF989
FFFFF862
FFFFFDE0
00000852
FFFFF54E
00000E36
00000510
FFFFFCBA
FFFFFBD2
FFFFFBDD
00000193
00000108
FFFFF8FB
FFFFFAE3
0000003C
000000E4
FFFFFD7C
FFFFFE19
FFFFF84A
00000573
0000043D
00000268
0000021B
00000325
FFFFF70E
00000048
00000110
FFFFFF35
FFFFFFA6
FFFFFD73
000002EE
FFFFFE0B
FFFFFB1F
FFFFFEB4
FFFFFC61
000006E0
00000210
00000175
0000017A
FFFFFB6F
000003FD
00000326
0000061F
FFFFF549
000004E9
FFFFFA33
00000596
0000010D
00000545
000001CD
FFFFFEF4
FFFFFEE0
00000692
0000045E
000001F6
FFFFF9FC
FFFFF72D
000004F7
FFFFFF5C
FFFFFA5E
000002AB
FFFFF25D
000004DB
FFFFF7B6
FFFFFA11
FFFFF9FA
FFFFFAD6
000003FF
FFFFFDFC
FFFFF7BE
FFFFFF2D
FFFFF88B
00000433
000006F2
00000153
FFFFFB73
0000058B
FFFFFD80
FFFFFD80
0000058F
FFFFFDB8
00000AE0
FFFFFF5D
FFFFF6BA
FFFFF613
00000759
FFFFF9CC
00000115
FFFFFFFE
00000056
FFFFFEE9
000005B3
FFFFFB9F
00000956
FFFFFF01
FFFFFF5D
00000179
00000759
FFFFF969
FFFFFFC1
00000091
00000433
000006AB
FFFFFABA
FFFFFB96
0000026A
FFFFFCEE
00000411
FFFFFBBB
FFFFFA09
FFFFFA5F
000000E2
FFFFFBF1
FFFFFE35
000001CC
000001D2
FFFFFDCD
000004E4
FFFFF9A3
FFFFF965
000003EA
FFFFFE7C
00000377
0000004E
000001DB
00000062
00000245
FFFFFC0B
FFFFFC85
00000329
FFFFFBDE
FFFFFE5F
FFFFFF3A
0000039F
FFFFFA8B
0000052F
FFFFFD9A
0000087D
00000244
FFFFFF38
0000033B
FFFFF638
00000108
FFFFFECA
FFFFF494
FFFFFF34
FFFFF769
FFFFF0EE
FFFFF8E8
00000048
FFFFFC35
00000352
000009BF
0000044C
00000590
FFFFF9A3
FFFFFE4F
000003EA
FFFFFB05
FFFFFB2A
FFFFFDD4
000000CC
FFFFF967
FFFFFABC
FFFFFD46
FFFFF444
000006CC
FFFFF6D1
FFFFFF4D
FFFFF78C
FFFFFEFB
FFFFFBD3
00000821
00000ACB
00000B18
FFFFF237
FFFFFB86
00000121
00000383
FFFFFBF1
00000BCA
FFFFFFF0
000005FE
FFFFF9A8
00000810
0000071F
FFFFFD1C
00000541
0000004B
FFFFFBA0
00000D0F
FFFFFE6F
000016B3
FFFFF68C
0000045B
FFFFF52A
00000E5F
00000271
FFFFF9CA
FFFFF697
00000108
000007E1
FFFFF7F8
FFFFFE4D
FFFFF9F9
000005BE
FFFFFBC0
0000073D
FFFFFBCA
0000068C
0000072F
0000063A
FFFFFD64
FFFFF659
00000AA6
FFFFFF7C
000004EB
FFFFF748
FFFFFEE1
FFFFF8A4
FFFFF5E5
FFFFFEC8
00000159
000003A8
000001DB
FFFFFBF4
FFFFFDA4
FFFFF97F
FFFFFC72
FFFFF329
FFFFFA99
000008EB
000001B6
00000472
FFFFFE1B
0000085A
FFFFF290
00000587
FFFFFD35
00000D24
FFFFF4B6
FFFFFDFC
0000023D
FFFFF713
FFFFF518
FFFFF9E0
0000004A
FFFFFA11
000001C0
000000FE
00000229
000001BD
000004A8
000000D7
000005BB
FFFFF843
00000701
00000D4C
00000014
FFFFF5A9
0000036D
FFFFFCED
00000D09
FFFFF50B
FFFFFD39
FFFFFBA1
000003C6
FFFFFAE7
00000111
00000A7F
0000086C
0000054C
00000F75
00000ABB
FFFFF9BC
00001517
00000029
FFFFF791
FFFFFD61
FFFFF84B
FFFFFEB1
000000AB
00000E16
FFFFFD8A
FFFFFB57
FFFFFB3A
000004E0
FFFFFB1A
00000671
000007BC
FFFFF961
FFFFF7E3
00000721
000003F3
FFFFFAB7
FFFFF7EA
FFFFFCB3
FFFFFB93
FFFFFFCB
FFFFF5EE
FFFFFF81
FFFFF761
00000860
FFFFF8A2
FFFFF6BD
FFFFFDE1
FFFFF1E0
FFFFFEBA
000006CA
0000061B
FFFFFF5A
FFFFFDEC
FFFFF3EA
000004C9
FFFFF38F
FFFFF6F2
000000ED
FFFFF87B
FFFFFCBF
00000536
000007B3
00000815
000002EA
FFFFFFC3
FFFFFDFE
000009AC
00000759
FFFFFF1B
000001BB
0000086C
000003CE
FFFFFD08
FFFFFA54
00000556
00000302
FFFFFCC7
FFFFFD31
00000C53
FFFFF902
FFFFFE15
00000410
FFFFFB0D
FFFFFA85
FFFFFEDC
00000D2C
000003BF
FFFFFBE9
FFFFFF10
00000236
000004AE
00000054
FFFFF8EA
000003E2
00000EE8
000004F8
FFFFFD6C
000001C2
000009CF
00000DCA
FFFFFD7E
0000043B
000000CF
00000201
000007A4
00000566
FFFFF628
FFFFFBB8
0000081C
0000033A
000005D1
000002C2
FFFFF6E7
FFFFF972
0000021A
000001E9
00000256
FFFFF3F8
FFFFF796
000001F0
FFFFF83C
FFFFF108
000005B3
FFFFFED2
FFFFF9BF
FFFFFC82
FFFFFFCF
FFFFFA51
000001A6
FFFFF7B4
00000C4F
000001BE
FFFFF90B
000006FB
00000B18
0000025F
FFFFF35F
FFFFFEA2
FFFFF6F3
FFFFFA02
00000758
FFFFFC44
00001132
000004E6
0000086E
0000048C
0000008B
0000037F
0000069F
FFFFFBCF
FFFFF83D
00000BB5
FFFFFFA6
00000614
FFFFF862
000006DB
FFFFF569
0000054C
000003F7
00000363
FFFFF5C3
0000012B
00000722
000004B1
00000D4F
000003A1
FFFFFFF4
000005F2
00000E6E
FFFFF943
FFFFF8C1
000005A9
FFFFFEAE
FFFFFC9C
000008D5
00000250
FFFFFC93
FFFFFDBA
00000165
00000915
FFFFF6EE
0000101D
00000BBE
0000013F
FFFFFAA3
00000286
FFFFF8C4
FFFFFFAA
000005E3
FFFFFF22
000007D5
000008A5
00000911
00000147
0000013A
00000B39
00000494
00000E46
FFFFFE90
000001AB
00000309
00000097
00000879
FFFFFF78
FFFFFD2C
0000030F
0000011E
00000A8C
FFFFFCD1
FFFFFB31
00000C4E
FFFFFB32
0000043D
000002BE
FFFFFCBD
00000531
FFFFFA33
00000A06
00000454
FFFFFC8C
000007E7
FFFFFE9E
FFFFFEEB
FFFFFFFC
0000047A
FFFFFB4D
00001350
FFFFFCFA
FFFFFE62
00000104
FFFFFDA4
00000256
000002BF
FFFFFF2D
000007BB
FFFFF772
FFFFFA3E
FFFFF5F1
FFFFF685
FFFFF431
000004F3
00000197
FFFFED09
FFFFFE66
000009A2
00000576
00000B3B
0000103E
FFFFFF9F
00000100
00000C18
0000068C
000000AF
00000400
000002A0
00000A4E
00000AA6
FFFFFA11
FFFFFA5D
FFFFF8C7
00000070
00000149
0000017B
00000343
000001A1
00000480
0000088C
00000687
FFFFF968
FFFFF6FE
000003C1
00000636
0000065D
FFFFF27A
FFFFFC2C
0000057B
00000284
FFFFFECD
FFFFF40F
FFFFF976
FFFFFDA3
FFFFFE0F
00000081
000006FD
00000296
0000031B
FFFFFB55
000003B3
000008BD
00000BEE
00000203
FFFFFBBD
00000046
FFFFF6F3
00000301
00000257
FFFFFB83
FFFFFC16
00000227
FFFFFA74
00000AAB
FFFFFEE1
00000438
FFFFFB37
00000528
FFFFFE12
00000988
000009D7
000008EF
FFFFF80A
0000018A
FFFFFC01
FFFFF887
000002FA
FFFFFAF2
FFFFF4BF
FFFFFABB
000003A0
FFFFFD05
FFFFF12D
FFFFFF36
0000083F
FFFFF9FD
000004C0
FFFFFB1A
0000091A
0000060D
000003A9
00000221
FFFFFE54
FFFFFDFE
FFFFF49C
00000173
00000683
00000932
FFFFF91F
000004A2
00000DFA
00000A45
00000322
00001287
0000044C
000004A0
000001F0
FFFFF5FA
FFFFFBD1
FFFFFDA6
000000B9
00000581
0000048B
000003B8
0000086B
FFFFFAD6
FFFFFFD8
00000212
FFFFFD9F
000003E5
FFFFFEE6
000002B6
000003F3
FFFFFE3A
FFFFFB77
FFFFF1DD
FFFFFFF9
FFFFFF08
FFFFF759
000005FA
FFFFEE29
00000292
FFFFF4FA
00000980
000012B5
00000EF0
00000DC6
00000A64
0000117A
00000B72
00001181
00000663
FFFFF7B3
FFFFFCB9
0000007F
FFFFFEE8
00000311
FFFFFFAE
FFFFFB2A
000001E8
00000112
FFFFFB14
FFFFF9D7
00000195
00000C07
00000539
FFFFFF7B
0000035B
000005BD
000006DE
00000614
0000011B
00000717
00000B65
00000788
FFFFFF96
000009EA
00000145
000009EF
00000795
000000CC
FFFFFA45
0000044A
FFFFFF60
000000CE
0000087A
00000602
000003A2
00000222
FFFFF596
00000196
00000097
0000085F
00000ACD
0000024E
FFFFFF85
00000145
FFFFFD70
00000B3D
00000165
00000375
00001077
FFFFFF72
00000179
0000067E
00000195
000001F7
FFFFFFF1
00000CB7
FFFFF1A6
FFFFFC55
FFFFFB84
00000375
0000008A
FFFFFF4C
FFFFF9CF
0000039E
000001E3
FFFFF8E6
FFFFF90C
00000648
000003A0
000003F9
000003AB
FFFFFB8E
FFFFF85F
FFFFEE47
FFFFF5BA
FFFFF7F1
00000692
FFFFF84D
0000002C
FFFFFAEA
FFFFFDD9
00000487
FFFFFFC3
0000080B
FFFFFD9C
FFFFF8E8
0000081B
00000B10
00000214
00000342
FFFFFEFB
00000009
0000037E
0000007F
000006E4
000001C9
00000BDC
000006D3
0000065C
FFFFFAD8
00000114
000008F3
FFFFFFCF
FFFFFA2C
FFFFFC21
0000016F
FFFFFF6E
000007B4
FFFFFAA2
FFFFFC04
0000083B
00000B41
0000139A
000001AE
FFFFF6B2
0000014E
00000B26
000006EF
FFFFFA25
00001218
000006CC
00000402
00000396
FFFFFFF9
00000C67
00000418
FFFFF004
FFFFF929
FFFFF4BD
FFFFF522
FFFFFDC0
FFFFFB44
FFFFFE00
FFFFF3A6
000009BD
000001B4
00000C59
00000719
000008F2
FFFFFFDF
FFFFFA67
FFFFF651
FFFFF8CD
00000172
FFFFFBAD
0000016E
0000002F
00000588
FFFFFE11
00000535
FFFFFB7B
FFFFFF07
FFFFFBAB
FFFFF803
FFFFF910
FFFFF965
00000445
0000013C
FFFFF757
FFFFFEA9
00000891
00000DEB
FFFFFA79
00000170
FFFFFAD6
FFFFFD71
FFFFFF8D
FFFFFBE1
00000258
FFFFFE90
FFFFF959
FFFFFE73
FFFFF802
FFFFF46D
00000326
FFFFF347
FFFFFE68
0000051C
FFFFFCB7
000009C9
00000B73
0000084B
FFFFFA36
FFFFFCB0
FFFFF727
00000871
FFFFFC28
0000027C
FFFFF9A7
FFFFFF09
0000048F
000002FE
FFFFF66D
FFFFFF9F
000000E3
FFFFFF02
00000B06
FFFFFF4A
FFFFFFCA
FFFFF18C
FFFFF6B3
FFFFF8C6
FFFFF6FD
FFFFF6D5
000001DA
000004E8
FFFFFA59
00000066
FFFFF8B4
FFFFFA61
FFFFFEEB
00000B78
FFFFFE4D
FFFFFBE2
00000250
FFFFF8BD
FFFFF6F0
000003AC
0000009E
FFFFFF4D
FFFFF213
00000029
00000AF9
FFFFF9CD
FFFFFBB5
FFFFFB5B
FFFFFF72
00000035
FFFFFB9C
FFFFFF68
000003D8
FFFFF89A
FFFFF9A8
00000362
FFFFFEB3
FFFFFE16
FFFFF9A1
FFFFFBEC
000003B2
FFFFFF6A
FFFFFD67
00000ACF
000002BB
00000083
FFFFF6DD
FFFFFBEA
FFFFFA05
00000493
FFFFFB8B
FFFFF9B0
FFFFF64C
0000025F
00000A72
FFFFFD31
FFFFFF94
FFFFF9C4
000007CD
0000031C
FFFFF3CE
000000CC
00000054
00000203
000004AB
0000091E
000001CE
000002FD
00000325
FFFFFE2A
0000013F
000002FE
FFFFFD8F
FFFFFA61
000003DD
00000071
FFFFFB96
00000002
FFFFFCD1
0000022F
FFFFF8F8
00000591
FFFFFCC9
FFFFFB5F
FFFFF766
FFFFF7B3
FFFFF92A
00000533
FFFFFF0C
0000095C
000005AB
FFFFFA67
FFFFF994
FFFFFADF
FFFFF857
FFFFFCDA
FFFFFB61
0000027F
00000029
000005D7
00000053
FFFFF71F
FFFFFEED
FFFFFD55
FFFFFEE9
00000684
00000B42
000003AF
FFFFFDF7
FFFFF87B
00000801
FFFFFD51
00000A9A
FFFFFC46
FFFFFB1F
00000E09
FFFFF420
FFFFF6F9
FFFFFFC8
00000046
00000245
FFFFFA1C
FFFFF4DA
FFFFF7B6
000002A4
0000075E
00000402
FFFFFF3B
0000044C
FFFFFF25
000006E5
FFFFFF94
FFFFF83B
FFFFFB69
FFFFFEBC
FFFFF9E6
000000A5
0000024A
FFFFFE29
00000A72
FFFFF764
FFFFF5B9
FFFFFA78
00000315
000006E1
00000186
FFFFF5D1
FFFFF598
FFFFFA7B
000003AD
FFFFFEF1
FFFFFFEB
FFFFFF5B
FFFFF927
FFFFFD8C
00000529
0000024F
00000809
00000628
FFFFFE71
000001A8
FFFFFD19
000007C8
FFFFFC3D
000003A2
000003E7
FFFFFE53
000006A0
00000A71
00000A38
FFFFFAB7
FFFFFF34
000000BC
FFFFF58D
0000002A
0000077C
FFFFFEC0
FFFFFC67
00000197
0000029E
000001EA
FFFFFB73
00000688
FFFFFECD
00000390
000000A3
000007A7
0000027C
FFFFFE6C
FFFFF561
FFFFFBB4
000002D8
00000637
000003C0
FFFFF14E
FFFFFB36
FFFFFEE8
FFFFF821
FFFFFF48
FFFFF9AA
FFFFF87C
00000573
000005BE
FFFFF5B6
FFFFFA80
000002F7
FFFFF53B
FFFFFCB3
FFFFEE22
000001D0
FFFFFA09
000003E7
FFFFF7DA
FFFFF5F5
FFFFF886
000008A8
FFFFFE5C
FFFFFE21
FFFFFF6B
00000262
FFFFFB8D
000001E0
FFFFFFC1
000007DE
00000007
0000048B
000005F3
0000043A
000006B5
000005DD
0000046D
FFFFF6E2
FFFFFF1A
FFFFFED0
FFFFF381
000000FB
00000041
0000028D
0000000D
000003D2
00000011
FFFFFCB1
000005FA
FFFFF947
FFFFF7F7
000005F2
FFFFFD4A
00000273
FFFFF8DA
FFFFF718
FFFFFBB2
FFFFFFA3
FFFFF4EB
FFFFFB1A
00000064
000005AA
FFFFFC8B
FFFFFA69
FFFFFB6A
FFFFF501
FFFFF9F8
FFFFFAB2
FFFFF5D4
00000089
00000017
FFFFF8CA
0000007B
00000B34
00000093
00000063
00000087
FFFFF82A
00000ABB
000001C2
FFFFFF22
00000286
0000013C
00000724
FFFFFCE9
000007B8
0000031C
00000316
00000437
FFFFFDD4
FFFFF9DD
FFFFF9DA
000008C0
0000015E
FFFFF49F
FFFFFAFD
FFFFFE90
FFFFFFA5
00000987
00000458
FFFFFB4F
FFFFF783
0000011C
FFFFFA17
FFFFFEA7
0000027B
FFFFFFDD
FFFFFACF
FFFFF5AE
FFFFF3BC
FFFFF59C
FFFFFE65
FFFFF747
FFFFFE93
FFFFFC97
00000163
FFFFFCA4
FFFFFC37
00000532
000006E2
FFFFF8B0
FFFFF5B9
FFFFF76B
FFFFF73C
FFFFF5A1
FFFFF586
FFFFFFB1
FFFFFB54
FFFFFCC1
FFFFFBA4
00000500
00000451
FFFFFE27
FFFFFC59
FFFFFCB5
FFFFF96F
FFFFFD66
FFFFF7A6
FFFFF5D2
FFFFFF85
0000031B
FFFFFD34
FFFFF51B
FFFFFACF
0000045A
000002DE
00000064
0000036F
FFFFFCC7
00000698
00000712
000001EB
00000885
FFFFFB2B
0000036E
FFFFFF12
FFFFFCA1
FFFFFE83
FFFFFAF0
00000367
00000063
000002D3
00000708
000003E6
FFFFFD20
FFFFFC1D
FFFFFC43
000004B6
FFFFF073
FFFFF498
000000EC
FFFFFDCD
00000184
FFFFFAC3
00000734
00000667
000008B8
0000005C
FFFFFB00
0000019F
000009A9
000000E0
FFFFFC3D
00000115
FFFFF7E8
FFFFFD91
FFFFF9FE
FFFFFB35
000003DE
000001DF
FFFFFAF0
000002E0
000009C8
FFFFFE7E
FFFFFC09
FFFFFE07
00000568
FFFFFC9F
FFFFF42D
FFFFFDF2
0000062B
00000912
000005F3
00000418
0000054B
000004D3
00000470
FFFFFD41
00000614
FFFFFFF7
FFFFF63F
FFFFF21F
FFFFFAA8
FFFFF7A2
FFFFF797
FFFFFB48
00000605
FFFFF48A
0000006F
FFFFF8F2
FFFFFAEB
00000773
0000028A
FFFFFD18
FFFFF817
FFFFFBFA
FFFFFF34
00000924
000002CF
FFFFFB47
FFFFFDE6
00000219
FFFFF95B
FFFFE9AB
FFFFFF77
000001F4
FFFFF79A
0000051F
FFFFF7B2
FFFFF2DB
FFFFF7ED
0000073D
0000058E
FFFFFD36
FFFFFC39
FFFFFBA9
00000377
FFFFF617
00000299
FFFFFE81
FFFFFA46
FFFFFA9F
000005FF
FFFFF720
FFFFFF35
FFFFF9D3
FFFFFC1D
FFFFFBC7
FFFFFA3A
000004FD
FFFFFE8D
FFFFFFD9
FFFFFFE8
FFFFFE55
FFFFFA5B
FFFFFB8C
FFFFF96E
FFFFFC94
000004DE
FFFFFB4F
FFFFF389
FFFFFCA7
FFFFF4C4
00000577
FFFFF55C
FFFFF6E9
FFFFFDBF
00000286
00000888
0000005F
FFFFF5B9
FFFFFBBC
FFFFFDE0
FFFFF669
FFFFF861
FFFFFDB0
00000143
FFFFFB53
FFFFFC61
FFFFFB71
FFFFF7AC
FFFFF2F8
FFFFF664
FFFFFA09
FFFFF2B3
0000025B
FFFFF631
FFFFF816
FFFFF83D
FFFFFF5A
00000239
00000039
00000026
FFFFF71C
FFFFF357
00000609
000006CC
FFFFFAA5
00000378
FFFFFE39
0000071C
00000385
FFFFFDB8
00000635
FFFFFF03
FFFFFFCB
FFFFFEAF
00000AB4
00000525
FFFFF086
00000000
00000404
FFFFF904
FFFFF972
0000054D
FFFFFFEA
000002A1
FFFFFC43
FFFFFDF1
FFFFFF70
FFFFFA94
FFFFFF07
FFFFF7D6
FFFFFE60
FFFFFC88
FFFFFEE9
FFFFF9B8
FFFFF50A
00000131
FFFFFF5E
FFFFFCAE
000002FA
FFFFF9D5
FFFFFF28
FFFFFB53
00000314
00000AD0
FFFFF7DB
FFFFFE91
0000074E
0000019D
00000C78
000007D7
FFFFFC8E
FFFFF867
000006B8
FFFFFD32
FFFFF8FE
FFFFFCE4
FFFFFED8
000001C6
FFFFF549
FFFFF7D3
FFFFF71E
000003B4
FFFFFE3B
FFFFFC3D
00000272
00000756
00000032
FFFFF7EC
FFFFFE75
FFFFF99F
FFFFFE89
0000002B
000006B1
0000008C
FFFFFC95
FFFFF90D
0000001F
FFFFF2D9
FFFFFDD3
00000282
000004DD
FFFFFD01
FFFFFAFE
FFFFF930
00000700
FFFFFF16
000006C9
FFFFF985
000008BF
00000522
FFFFFB6C
00000372
000004C0
0000022E
FFFFFFB7
FFFFFFC1
FFFFFF1A
000009FA
0000079C
FFFFFD79
FFFFF9C9
FFFFF84E
0000075F
00000571
000005D1
FFFFFD1E
FFFFFEA1
FFFFFF92
00000058
000003D9
00000AA2
00000519
000000DE
FFFFFF2F
FFFFFBEF
FFFFF27B
FFFFF55E
FFFFF9C5
FFFFFAE1
FFFFF74D
00000321
000004E0
FFFFFFA1
00000400
00000718
00000588
FFFFFFB7
FFFFFDB8
0000056E
000005A1
FFFFFAFF
00000416
00000523
FFFFFFE5
000006AC
00000349
00000C86
00000851
FFFFF802
FFFFFF5E
FFFFFC3D
FFFFFB2E
000004F3
FFFFF588
FFFFF74B
FFFFFAF8
FFFFFDAC
FFFFFBA6
FFFFF873
000003F7
FFFFFB34
FFFFFB41
FFFFFFE0
0000024F
000005DA
000004C1
000001BB
FFFFFE07
000002A8
FFFFFF35
0000021D
00000057
FFFFFB89
000005E6
FFFFFD6F
FFFFF719
FFFFFF20
FFFFFBC7
00000772
FFFFF66F
FFFFF3CD
FFFFF81A
FFFFFDEC
000002FD
FFFFFE19
FFFFF9D2
000000F6
FFFFFC4A
0000020F
000009B8
FFFFFFD4
FFFFF99E
FFFFFB32
000004CE
0000044E
FFFFFA35
FFFFF8B7
FFFFF7CE
FFFFF709
0000056D
FFFFF8FC
00000460
FFFFF4C3
FFFFFB60
00000296
FFFFF7C9
FFFFF384
FFFFF8D6
00000C86
00000A26
FFFFF39D
FFFFFCC7
FFFFFD47
000008FA
FFFFFE23
FFFFFFFF
FFFFF5CC
00000210
0000080F
00000C41
FFFFF92F
000002DE
0000032E
0000003E
0000040D
0000026F
FFFFFD57
0000009B
000003AF
0000074F
00000A00
0000081A
00000811
FFFFFE86
FFFFFB31
FFFFFEE7
00000613
00000070
00000296
FFFFF61F
00000327
0000021E
0000006E
FFFFFB89
FFFFF6B5
00000111
00000AF4
FFFFF53C
00000737
00000651
FFFFF88C
00000403
000009BF
FFFFFFBC
FFFFFC9B
FFFFF6D3
00000ACA
00000883
FFFFFE5D
0000079F
000002E5
FFFFF731
000003EC
FFFFFEE9
000004DA
FFFFFC51
FFFFFE9F
FFFFF86E
FFFFFB1E
FFFFFFEF
000000D0
0000006A
0000037E
FFFFF835
0000074E
000003AA
0000077B
FFFFF806
000003B3
00000932
000007C8
FFFFFBD5
FFFFFBCB
00000057
000002FD
00000A68
FFFFFB75
0000007F
FFFFFE85
00000382
00000571
FFFFF4CA
FFFFF788
00000361
00000103
00000120
000002A9
0000016B
FFFFFCD9
FFFFF624
0000034A
FFFFFA59
FFFFFDEA
00000129
0000028A
000001DA
00000AF2
000001A9
FFFFF6A0
00000561
000008B8
FFFFF9A3
FFFFF84C
FFFFF6F2
00000467
000004D1
FFFFFFB8
00000678
FFFFFB75
000001A6
FFFFFC58
FFFFFF20
FFFFFEE1
00000951
000003A6
0000079B
FFFFF6BF
000004C3
FFFFFF93
00000D75
000008C5
00000396
000004FF
0000061E
0000064F
00000BB4
0000044A
0000043F
00000685
00000909
00000063
000000ED
000006B7
0000068A
0000058A
FFFFFF57
FFFFFC10
FFFFFDBE
000005F7
FFFFFBE1
00000344
00000EDC
000001BC
FFFFF961
FFFFFD30
00000367
00000079
FFFFF9E5
FFFFF875
000006ED
00000AE7
FFFFFE04
FFFFFB67
FFFFF685
00000AD7
00000ED6
0000060F
FFFFFF42
FFFFFEF9
000009D9
00000520
FFFFFE54
00000824
00000606
FFFFFEA6
00000B94
0000019C
0000084A
00000089
FFFFFCA9
00000B2F
00000AFC
FFFFFC60
FFFFFB16
000000B0
FFFFFE70
FFFFFAF9
00000077
000004EF
00000536
000000D2
00000A95
FFFFFF1A
00000774
FFFFFF35
0000014F
000002C4
FFFFF844
FFFFFE5A
0000070F
0000047F
000007B6
0000000C
00000362
0000004F
FFFFFF16
FFFFFE76
FFFFF6CD
FFFFFCD8
FFFFF970
00000250
FFFFF3C6
FFFFFA1F
0000087C
00000757
FFFFF47A
000002EC
FFFFF68E
FFFFFDCD
000000FD
0000072B
000001C3
0000060D
0000012D
00000650
00000898
00000C5C
FFFFFE84
000003E9
FFFFFD6C
0000017C
00000B16
00000089
FFFFF89C
000009FF
FFFFFE04
FFFFFC33
000008F1
FFFFFF6D
FFFFFBBE
000003A4
00000168
FFFFF34D
FFFFFE75
FFFFFFA9
00000395
FFFFFEE2
000001B1
000004C1
00000AF4
0000028B
FFFFFC3E
FFFFF849
00000783
0000027A
0000037A
00000226
FFFFF69C
FFFFFA5F
000004D4
FFFFF4F9
FFFFF9F5
00000429
FFFFFD99
FFFFF523
FFFFF999
000000E6
00000931
00000806
FFFFFB06
0000090A
0000015B
00000225
FFFFF704
FFFFF9A8
FFFFF8AD
FFFFF52E
FFFFF91B
FFFFFBBA
00000D41
000009DA
FFFFF619
0000056E
00000DF7
000006C1
000009CF
00000412
FFFFFC75
FFFFFC54
00000E69
FFFFFFB3
00000677
00000B44
000002FD
FFFFFC5A
00000778
FFFFFED3
FFFFFFF0
0000055F
FFFFFFB2
00000109
FFFFFBD3
000003D0
FFFFFAD1
00000037
FFFFF8FB
00000B94
FFFFF6FF
00000328
0000051C
FFFFFC5E
FFFFFBF6
00000935
000003CA
0000053B
00000280
FFFFF8B7
000006C9
FFFFFD7D
0000025C
00000683
FFFFFF0F
FFFFF632
0000016B
000006BC
000002F2
00000308
000003D2
00000047
FFFFF5D9
000005BF
000002F7
00000719
0000009C
00000296
FFFFFD38
000000B7
000002B4
00000132
FFFFFA25
FFFFFB8B
FFFFF9CC
00000490
FFFFFAA7
00000799
00000A2D
000006FC
FFFFFB87
00000673
00000A67
000000D3
00000ECD
000005AF
00000331
00000A8D
FFFFFC65
FFFFFDBB
000004CA
000007F6
00000549
00000642
00000104
FFFFF7FE
FFFFF67D
00000A87
FFFFFAD4
00000587
0000062D
00000658
0000007B
FFFFF7E0
FFFFFBA1
000002EC
FFFFF9B1
FFFFFC8C
00000150
00000A8A
FFFFFC06
00000775
FFFFFE60
FFFFFD0A
000004E9
0000075F
00000B10
00000393
FFFFFC6C
FFFFFD6F
0000031B
00000481
0000088B
000001AE
00000421
00000625
00000174
000000DC
00000145
FFFFF896
FFFFFDCD
FFFFFEA2
FFFFF8C6
FFFFFE1E
FFFFF6C5
FFFFF965
00000491
FFFFFD08
000000E8
FFFFFB72
0000020F
00000307
FFFFFDFB
FFFFFD76
000001CE
FFFFFFD9
FFFFFC8C
0000055D
FFFFF5BE
FFFFFD4D
00000653
FFFFFC04
00000645
0000000C
000005D6
FFFFFA23
FFFFF72E
000006AA
00000540
000004D9
00000C28
FFFFFA7E
FFFFFBA4
FFFFFAAF
FFFFFC21
FFFFF5DB
000001CA
FFFFFFA4
000002E7
00000BD1
0000011D
FFFFFD96
0000072A
0000031A
00000093
FFFFFF13
FFFFFF06
FFFFFF0C
00000168
000000C4
FFFFF96F
FFFFFABE
FFFFFFA2
FFFFFC5A
FFFFFDBA
FFFFFC33
FFFFF5C7
000003ED
00000508
FFFFFC01
FFFFFA7C
FFFFF978
00000851
000001C5
FFFFF807
FFFFFFBC
FFFFF8FB
FFFFFDE9
FFFFFF1C
FFFFFF0B
FFFFFED1
FFFFFFD0
FFFFF7CC
00000027
0000026D
00000005
FFFFFCAB
FFFFFC85
000001F7
FFFFFAA9
FFFFF72B
000000A7
0000032F
00000708
000008E0
FFFFFCD6
FFFFFF80
00000235
000006A6
0000080C
FFFFFAF9
00000030
0000079A
000004FB
FFFFFE48
0000033C
FFFFFFA9
00000048
000000AB
00000852
00000039
000001CA
00000786
00000FDD
0000077F
00000683
00000363
000008AF
FFFFFB31
00000680
000003C2
00000889
00000167
00000940
FFFFFD6F
000001B3
00000BB3
00000941
0000049E
FFFFFC9E
FFFFFDA6
FFFFFD7F
00000E2D
00000468
FFFFF43A
000001CE
00000170
FFFFFEE3
00000315
FFFFFD7F
000005D4
000003C9
FFFFFDEB
FFFFFDBD
0000012B
FFFFFDE8
000004F6
00000A2F
0000077A
00000674
000005E0
FFFFFAC9
00000070
000004AF
00000751
0000065E
FFFFFB54
FFFFFEDA
000003A0
FFFFFAED
00000899
00000EB7
FFFFFD4C
00000DB1
FFFFFA80
0000014B
00000111
FFFFFF88
000006EC
FFFFFDC4
FFFFFF3B
FFFFFD2E
00000041
000002A3
0000071C
00000550
FFFFFDEF
FFFFF699
FFFFF7E4
00000640
000000ED
FFFFFD05
FFFFFA16
FFFFF70F
FFFFFAED
FFFFFEB2
000007D9
000004BB
FFFFFC33
0000057A
000003C5
FFFFF99B
00000196
FFFFF70F
0000091F
0000084E
FFFFFD74
0000057A
FFFFFCDA
00000576
FFFFFA77
0000018B
00000565
000004D7
FFFFF91F
00000A33
000004AA
0000041E
0000053E
FFFFFC47
000006E2
FFFFFBAC
000005F9
00000B06
00000B11
FFFFFEEB
000002FF
FFFFFE83
0000070E
00000607
000003E4
FFFFF69F
FFFFFC06
000002E4
000001F3
00000537
000004A2
00000084
000005B6
00000ADB
FFFFF91A
00000657
000005FC
0000053A
000006A5
0000043A
FFFFFFEC
000000C9
FFFFFE14
FFFFFEB6
FFFFFB40
0000047F
000005BE
00000000
000005A2
0000018A
0000079E
FFFFF835
FFFFFD67
000009AE
FFFFFC93
FFFFF868
FFFFFBD2
00000772
00000110
FFFFFDA7
0000028F
FFFFFDC9
FFFFFDC1
00000165
00000476
FFFFFAC4
000004E9
FFFFFFC9
FFFFFC87
0000005C
0000039A
FFFFFBF1
FFFFFFB2
FFFFFBC6
000006A2
FFFFF7C5
00000435
000001D1
0000048D
FFFFFF2B
000003C5
00000806
FFFFFA0A
00000573
0000074C
00000566
FFFFFB67
000003C4
FFFFFE78
FFFFFC7C
00000395
FFFFF761
FFFFFE65
FFFFF8C1
00000A89
00000B88
00000393
000005FC
FFFFF7C9
FFFFFE96
00000139
00000072
FFFFFBD2
FFFFFF71
00000609
0000048D
00000900
FFFFFCDB
FFFFFC68
FFFFF550
00000984
0000000D
FFFFFBAC
FFFFFFA4
000002C1
000009CA
00000903
000002F0
FFFFFEC4
FFFFFFDA
FFFFFD71
00000A05
0000042A
00000C3D
FFFFFAC5
FFFFFE61
000005C6
0000001F
FFFFFF77
000007A9
FFFFFD5B
00000776
FFFFFF70
00000719
00000C47
000004A8
FFFFFB4C
000005E6
0000099B
000001FA
00000D42
00001384
00000263
FFFFFBEF
FFFFF6D3
FFFFFC45
000002B3
00000238
00000C9B
000003C1
0000092C
0000027B
FFFFF99C
FFFFFE7A
FFFFF877
00000118
FFFFFAB2
FFFFF63B
00000580
FFFFFA74
0000021D
0000046F
0000016B
FFFFFC89
0000088C
00000760
0000068F
0000012D
FFFFFED6
FFFFFD42
000006B6
00000058
FFFFF923
00000179
FFFFFE42
000006C9
00000CDE
FFFFFBCD
FFFFFDA1
FFFFFD4B
FFFFFB3D
000003A7
000009BF
000006D6
FFFFFD0E
FFFFF971
00000814
00000041
000004AA
FFFFFF8C
000000B3
00000F61
00000CC9
000007FB
00000ADC
0000086E
00000403
000009D3
00000431
000000A8
FFFFFCD6
000002EC
FFFFF9B3
FFFFFD6D
000002F1
FFFFF850
FFFFF9CF
FFFFF78F
00000117
000007FA
00000204
00000167
00000317
FFFFFE23
FFFFFB71
FFFFFC7A
00000949
FFFFFE3E
FFFFF892
000002E1
00000753
000002FE
000008E6
FFFFFBF5
00000149
FFFFFCF7
0000030C
00000259
FFFFFC70
FFFFFA84
00000218
000004C7
FFFFF5EB
FFFFF878
000002E8
FFFFFEF4
0000028A
FFFFF942
00000054
00000878
FFFFFE78
0000036E
000001EC
00000048
0000040B
00000D86
000004BC
000001F8
0000008B
FFFFFBCC
FFFFF97E
FFFFFB1B
FFFFF233
FFFFFF07
FFFFF997
FFFFFDD0
0000009E
FFFFF6FF
FFFFFE63
FFFFFAF8
FFFFF89D
0000025A
FFFFFEC7
FFFFF980
FFFFFE9C
000003C8
000000D6
FFFFFE2D
FFFFFC50
FFFFFB43
00000228
FFFFFCAC
00000019
0000009B
00000275
FFFFFA49
0000092B
FFFFF954
FFFFFEF0
00000280
000007E2
00000A86
FFFFFF40
FFFFFA5F
0000032B
000005E2
000005C8
00000396
000004A2
FFFFFD58
00000431
FFFFFB4B
00000548
FFFFFDD9
000009A0
00000677
00000213
FFFFFBE1
FFFFF59A
FFFFFF9B
00000078
00000246
0000024E
FFFFFAA6
FFFFFD09
FFFFF294
FFFFFD4E
000004E4
00000764
00000700
FFFFFC0F
FFFFFEEE
00000197
000005D3
00000FCE
00000988
FFFFFD51
FFFFFD23
00000658
00000888
00000320
FFFFFDA2
FFFFFEB6
FFFFFE48
0000053B
FFFFFD87
0000018D
0000038D
FFFFFE9E
0000060E
00000647
00000867
00000A50
00000C9B
FFFFFF46
00000418
FFFFFE19
FFFFFDDD
00000271
00000921
FFFFFAA2
000004CE
FFFFF69A
FFFFFE3D
000005CE
FFFFFA07
00000065
000001A0
FFFFFC01
000009F0
0000015F
FFFFFF37
FFFFFE7D
0000083B
FFFFFEA6
00000886
FFFFFCB5
00000073
FFFFFA0D
FFFFF6ED
FFFFF869
FFFFFB37
FFFFF355
FFFFF9AD
FFFFFD4D
0000014C
000003E5
000007D8
FFFFFAA5
FFFFFC75
FFFFFE58
00000578
00000349
00000591
00000543
0000047E
00000164
FFFFFDF5
000000DB
000005E0
FFFFFF40
FFFFF8EA
FFFFFAE8
000000E8
FFFFFA5A
00000D12
00000A60
FFFFFEED
FFFFFCF1
000006F3
000001E3
0000045E
00000F9D
0000016F
FFFFFC94
00000159
FFFFFACA
0000052C
0000051C
FFFFF713
FFFFFCBD
FFFFFCDE
FFFFFDBB
000004D1
0000082E
FFFFFFA3
FFFFFD77
000009AE
00000823
0000000B
FFFFFECB
00000002
FFFFFBCF
00000673
FFFFFFAE
FFFFF910
000006D3
0000043F
000005E2
FFFFFA6B
000001FA
00000683
FFFFFAC5
0000052A
000001CC
FFFFF779
000000D0
00000547
FFFFFF43
FFFFFBFD
0000044F
0000019C
0000098E
000002F6
000006D8
00000225
00000734
000001EA
FFFFFDD9
000000FE
000007D1
FFFFFCB4
FFFFFD02
0000016D
00000510
FFFFFFBA
FFFFFDF7
FFFFFE1F
FFFFF85D
FFFFF9D7
000004D4
00000765
FFFFF997
FFFFF9B5
FFFFFE5B
FFFFFD12
FFFFFB89
00000A14
FFFFFCCE
FFFFFADA
00000A2B
00000D67
00000005
0000008F
00000CA7
0000058C
FFFFF9AB
FFFFFF15
000000E6
FFFFF4CF
0000027A
00000997
FFFFF6BE
000002E2
000003A6
FFFFFDA2
FFFFFE78
FFFFFF62
00000235
FFFFF899
FFFFF93F
00000ADE
00000451
FFFFF708
000008FF
FFFFF789
FFFFFBB6
000004BA
FFFFFF98
00000B53
000001CD
00000444
FFFFFC3F
00000997
FFFFFAB0
FFFFFC64
0000048A
FFFFFD6C
FFFFF5D6
FFFFF2CB
FFFFFE5C
FFFFFEC7
FFFFFEE0
0000018A
0000053F
0000027C
000000EE
0000043D
FFFFFF94
00000121
FFFFFBC0
0000073B
00000859
000005A1
000003E4
00000BE6
000003EE
000005A9
FFFFFF9A
000012C3
FFFFFA8D
000004A3
FFFFFF9B
FFFFF20A
FFFFFF67
000002C4
00000319
FFFFF1BA
000006A8
0000030A
00000015
00000372
00000198
FFFFFE28
000001D2
FFFFFF22
FFFFF9CC
0000075F
FFFFFE3D
FFFFFA3F
00000167
FFFFFAF5
FFFFFEEE
00000617
00001153
FFFFFD84
FFFFFBB0
00000090
FFFFFFDC
0000060C
0000089C
00000B1B
00000E53
FFFFFCC8
FFFFFD38
FFFFF9F6
0000071F
FFFFFB36
000005BA
FFFFFAF1
FFFFFC2B
FFFFFF34
0000059F
00000D59
000003E3
FFFFFF38
FFFFFDD4
FFFFFE77
FFFFFC9D
000002C1
FFFFFC43
FFFFFBC8
FFFFFC7D
000009C1
000000EE
FFFFFA96
FFFFFB42
FFFFF8C0
FFFFFDFD
00000532
FFFFF4AD
FFFFF996
000003C2
0000058E
000001DE
FFFFFF15
000000D3
00000935
00000131
FFFFFBB9
FFFFFE08
FFFFF6D2
00000331
FFFFFE79
0000058A
FFFFFC9D
00000C98
00000391
00000892
0000088A
FFFFFE44
0000050D
00001024
FFFFFCE3
000007B6
000006EA
00000335
00000465
FFFFFBB9
000000C0
00000395
0000017D
FFFFFE34
00000290
00000526
00000A19
000001EB
FFFFF606
FFFFFC14
FFFFFFFB
00000484
00001049
0000023E
FFFFFBD6
FFFFF14A
000001E5
00000174
00000CEA
00000102
00000633
00000515
FFFFFD56
0000083D
00000042
00000751
FFFFFBC9
00000B06
FFFFF6CE
0000033D
FFFFFD76
00000576
000005B6
FFFFFA43
0000045D
000000B7
00000514
00000C3F
0000011C
00000C01
00000323
000007B3
00000F05
00000226
00000627
FFFFFEA7
FFFFFAFD
000002E5
FFFFF720
000005B9
FFFFFA0D
FFFFF722
000000BC
FFFFFF12
000002A7
FFFFFFAB
FFFFFAF5
000001F4
FFFFFFD7
FFFFFA6C
FFFFFCB8
FFFFFDC9
FFFFFE95
FFFFF69A
FFFFF75D
000006CE
00000859
FFFFF7DB
FFFFF86E
00000700
0000097D
00000A13
FFFFFF35
FFFFFC2C
FFFFF49C
FFFFFA0A
FFFFFB59
FFFFFC19
FFFFFE2C
FFFFF681
00000591
FFFFEF4B
00000320
FFFFFE1C
000001EF
00000A3A
000007CD
FFFFF9BA
FFFFFF9F
FFFFFC7A
000005AB
FFFFF9EE
FFFFFEC0
00000713
000002A4
FFFFFD49
FFFFFD99
0000052F
FFFFF999
FFFFF697
00000538
FFFFF984
FFFFFACA
000007CA
00000B02
000001C4
0000050B
FFFFFEF0
FFFFFC46
FFFFF8EE
FFFFF943
FFFFFDBE
00000782
FFFFF9AA
FFFFFE50
0000032A
00000169
000000DB
FFFFFF86
00000377
0000037B
FFFFFF9F
FFFFFFE5
FFFFF8FE
000004CD
FFFFFB83
00000B35
00000605
00000906
00000786
0000057D
FFFFF6DE
00000B7E
00000441
FFFFFD5F
FFFFFCA3
0000014D
FFFFF9AF
FFFFFEE2
FFFFFEBB
FFFFFA8C
FFFFFB5E
FFFFF5E2
FFFFFED3
FFFFFBD3
00000CEF
FFFFFC64
00000156
000007C3
00000C44
000003CD
000008FF
FFFFFFDC
00000015
000001A6
000001F6
00000407
00000114
FFFFFDF7
FFFFFBE1
00000162
FFFFFE32
00000309
00000A9B
FFFFFFE0
00000B68
FFFFFD92
000006AA
FFFFFBE9
FFFFFAD7
FFFFFD52
000000A1
FFFFF9D5
0000014C
00000443
00000280
00000508
FFFFFF94
00000491
00000136
FFFFFC5A
FFFFFECE
0000078D
00000524
0000016B
000005B6
FFFFFE6B
00000263
FFFFF56A
0000075C
FFFFF932
00000489
FFFFFACF
FFFFF7D0
FFFFF5D9
FFFFFABD
FFFFFDC3
FFFFFE5D
000002C0
FFFFFABD
000003B4
00000215
000005E2
FFFFF5D1
0000030A
0000052B
00000815
FFFFFFBF
00000ADE
000008B5
FFFFFE1C
FFFFFB8F
FFFFFE8E
00000509
000009E1
00000DEE
000004DD
00000704
FFFFFBD7
FFFFFC23
FFFFFD4C
FFFFF301
FFFFFA6D
FFFFFE13
000002C7
00000979
FFFFF7E6
000000CC
000003C1
FFFFFD68
FFFFFE07
00000E6A
000005E3
FFFFFC85
FFFFFB8F
FFFFFAC1
0000079E
0000030E
00000236
00000152
00000858
00000580
FFFFFAC6
00000339
FFFFF4DE
FFFFFB39
FFFFFB65
0000021A
FFFFF617
00000011
00000020
FFFFFBDB
FFFFF7A4
FFFFFAB3
0000045A
000003DE
00000520
FFFFFF53
00000126
0000049E
FFFFFBC9
000005F9
00000698
000005C9
FFFFFA0F
00000703
000000B7
FFFFFBDB
FFFFFCF4
00000A35
FFFFFC1F
0000034B
000003C0
00000B96
FFFFF9D9
00000120
FFFFFA59
000002ED
00000662
FFFFFFC4
0000026B
FFFFFD07
FFFFF5DB
000006CC
000007B5
FFFFFFCA
FFFFF79A
FFFFFA42
00000730
000001C1
FFFFFEA2
00000406
FFFFFF0E
FFFFF96E
FFFFFBB8
FFFFFEED
00000534
00000814
0000021F
FFFFF563
FFFFF9D9
00000567
0000099A
FFFFF73C
FFFFF22B
FFFFFA81
FFFFF235
FFFFFABC
000006F1
00000571
FFFFF98E
000000FE
FFFFFCB6
FFFFFFC6
0000091F
00000538
FFFFFAE1
FFFFF155
FFFFFE24
000007E6
0000037A
FFFFFC97
FFFFFF4F
FFFFF452
00000210
000007DA
000002A4
0000094C
000007E8
00000429
000006C0
0000068C
000000AF
FFFFFFF0
00000061
00000D1C
00000A26
00000832
FFFFF9B6
00000326
0000069B
000007CF
FFFFFF92
00000043
00000B6C
FFFFF5C8
FFFFF496
FFFFF576
FFFFFF1B
0000043F
FFFFFC82
00000B39
FFFFFEF6
FFFFFF78
00000CB6
00000129
FFFFFE1D
FFFFFD98
FFFFFFBB
FFFFFAAD
FFFFFBC6
000002EF
FFFFFF51
FFFFF651
0000027D
FFFFFDE1
000000F9
FFFFFDBC
00000856
FFFFFE6E
000004CC
000003DA
000002F7
FFFFFB79
000007FA
FFFFF5D4
FFFFFDF8
000003CE
00000915
0000003E
000003D4
FFFFF9CB
0000009E
0000015E
FFFFFFC4
000006B0
FFFFFD3E
000006F1
00000175
00000794
00000444
00000A47
FFFFFA2F
FFFFF87C
0000049F
00000744
0000008D
00000941
0000040F
00000845
000006A6
00000E30
00000AE4
FFFFFC1C
FFFFFFEF
00000E28
FFFFFAA9
00000483
FFFFFCE6
FFFFFF21
00000342
FFFFFEBE
FFFFFD1C
FFFFFB01
FFFFFC33
0000043D
FFFFFE62
FFFFF819
FFFFF856
000009D2
0000034F
00000279
FFFFF3C1
FFFFFA24
FFFFF43C
00000BA3
FFFFFA3E
FFFFF746
00000324
FFFFF52E
000003CF
00000278
FFFFFC48
000006F0
FFFFECB8
FFFFF182
000005A5
FFFFFF7B
FFFFF427
FFFFFCA3
FFFFFFAD
00000540
FFFFF15C
000008ED
00000467
00000084
000005C1
FFFFF946
00000562
0000064E
FFFFF99A
000004B8
00000745
0000023D
FFFFF26B
FFFFF449
00000B97
FFFFF949
FFFFF678
FFFFF6F0
FFFFFDC6
000002D5
00000053
FFFFFB54
00000251
FFFFFA05
000001DA
FFFFF8B6
FFFFF64F
0000044E
0000076C
FFFFF768
FFFFFC00
FFFFF44B
00000341
FFFFFEB9
FFFFF322
0000008C
00000A90
000003A5
FFFFF5B3
FFFFF91F
FFFFFC37
00000BE0
FFFFFDBC
00000646
FFFFF8EE
0000104C
FFFFFA69
00000398
000000F2
00000A2D
FFFFFA88
00000D97
000002C8
00000633
FFFFFF21
FFFFFF9A
FFFFF252
FFFFFED2
FFFFF552
FFFFF862
FFFFED27
FFFFEAF8
FFFFFE76
FFFFFECE
000002A4
00000813
FFFFF89B
0000013D
00000ADA
000008B7
00000E38
00000F5A
0000006F
00000C76
00000B0B
FFFFFBB2
FFFFFFA4
00000E7F
00000BFC
00000B1E
0000103E
00000432
00000846
FFFFFE37
FFFFF7F0
0000014B
FFFFF76D
000005D3
0000050D
000007E3
000019EB
0000108F
FFFFFAF1
00001692
00000593
000013E8
00001048
00001326
00000F9E
00000A4C
FFFFFA46
FFFFF937
00000175
0000038B
FFFFFD78
FFFFFC6D
00000438
00000496
00000A96
FFFFFE6A
FFFFFBC5
FFFFFEBE
00000D98
00000BA6
FFFFF318
00000CE7
0000088F
FFFFF226
FFFFF390
FFFFF238
0000016B
FFFFF29D
FFFFFF97
FFFFFF53
00000272
000007C1
FFFFF28B
0000047B
FFFFF425
FFFFFBD3
0000023E
FFFFFA44
00000210
00000119
FFFFF2B1
FFFFFC39
FFFFF6F1
00000715
00001093
00000638
00000B38
FFFFF94D
000004B6
00000991
0000025F
0000002C
FFFFF48E
0000063E
000000E7
FFFFF69A
00000803
FFFFF7B4
FFFFF970
FFFFFAF0
00000037
000007C2
0000017F
FFFFF61C
FFFFF6D8
000003EB
FFFFFC4F
FFFFFA93
0000013E
FFFFF830
00000BF4
00000094
FFFFFC15
0000104A
000010C4
FFFFFF2D
00000DD3
0000025C
0000085C
FFFFF2CB
00000731
0000004E
0000081B
FFFFED64
FFFFF1C6
FFFFF78D
FFFFF9BC
FFFFF9FF
FFFFFC21
00000A82
00000AC1
000001DF
0000075F
00000C80
FFFFF504
000010D1
FFFFF6B5
00000CF4
FFFFFF60
FFFFFE63
000003A8
00000B1F
000008E9
00000819
0000050B
FFFFFC66
FFFFFABF
00000282
FFFFF894
FFFFF61F
00000432
FFFFFCF5
FFFFFDF1
00000A05
0000055A
FFFFFDD0
00001526
00000926
0000191F
00000C9E
00000A09
00000274
FFFFF7BC
FFFFFC92
FFFFF8DD
FFFFFCA7
00000402
000002AC
FFFFF672
000009D5
FFFFFE28
FFFFF0E0
0000039D
FFFFF56E
FFFFF7F7
FFFFF4DF
FFFFF946
0000034F
FFFFFA95
000009D2
FFFFF33E
FFFFEC76
FFFFF403
FFFFF6A7
FFFFF72F
FFFFF0C6
000002FD
FFFFFEF0
FFFFF42B
00000994
0000099D
0000100E
FFFFF9E2
000002D3
FFFFF683
000004AD
FFFFF365
FFFFFAA9
FFFFF5E4
FFFFF300
FFFFFCB0
FFFFEC01
FFFFF775
FFFFF18A
FFFFF941
00000003
0000091F
00000558
FFFFFB08
000007C6
000004EB
FFFFFA62
00000563
FFFFF3EC
000001C1
FFFFF59F
00000469
0000010C
0000087B
000006C1
FFFFFFC6
0000079C
FFFFF41E
FFFFF679
FFFFFFF6
FFFFFA4E
0000105A
FFFFFC2D
00000492
FFFFFBB2
FFFFFF4C
FFFFFEDA
FFFFF2F9
000002D3
0000073D
FFFFFC69
FFFFFBA1
FFFFFDE5
000001B1
0000081A
FFFFF80F
0000004B
0000026F
FFFFFE75
FFFFFA9E
FFFFFE62
00000858
FFFFF11E
000006F4
00000C32
FFFFF797
00000664
FFFFFE3E
000007AA
FFFFFB13
000005A8
FFFFFFFF
0000002D
FFFFFAA5
0000078D
0000098A
FFFFF610
FFFFFEB6
FFFFFBEB
FFFFF3D6
000006B7
FFFFF535
FFFFFA9B
FFFFFF45
FFFFF938
FFFFFB84
FFFFEE29
000000BE
0000036D
000007C9
FFFFF7A5
00000ED3
FFFFF868
FFFFFB92
000002D4
0000070D
FFFFFADA
000008D7
FFFFF8AA
00000097
FFFFF842
00000882
0000066F
FFFFF66C
FFFFF3C4
FFFFFE32
FFFFF39F
FFFFF3F4
FFFFF830
FFFFF181
000003D3
00000583
FFFFFE3C
00000D38
000007D9
00000CE3
000000CF
0000025D
00000430
00001493
0000090D
00000A2B
FFFFFE8F
000000D5
FFFFF7ED
000002F0
000001BC
00000257
00000200
00000733
FFFFF17B
FFFFF628
00000692
FFFFF5A3
0000087F
0000060B
FFFFFEBA
FFFFF1A9
FFFFF42A
FFFFFCC5
FFFFF960
FFFFF90A
FFFFF5B8
FFFFFC07
FFFFF8BC
FFFFF99B
FFFFF3BE
FFFFF139
FFFFF0CA
000000DF
FFFFF611
00000243
FFFFFC97
FFFFFB31
FFFFFD92
FFFFFB65
FFFFF33F
00001049
00000635
00000CF0
000010F4
FFFFF100
FFFFFF61
FFFFFE37
00000765
000010E0
FFFFE8F8
FFFFE4B3
FFFFE387
FFFFFFBE
FFFFF523
FFFFF278
FFFFF11F
FFFFE1B3
FFFFE755
00000478
FFFFFCDB
FFFFF83E
000009BB
FFFFFDE9
00001195
00000D1F
000006A3
FFFFFD69
FFFFF991
FFFFFE78
FFFFF8C5
FFFFFAD2
FFFFF1E2
FFFFF622
FFFFFECA
FFFFF98A
000005C1
000009C9
00000BA5
00000B42
0000115D
FFFFF2A5
FFFFFFF7
00000CD2
00000615
00000447
FFFFFD2C
000005C8
00000C20
00000B8A
00000878
000009F0
00000808
FFFFF4BD
FFFFF95C
000016DD
000002C7
00000789
FFFFFF85
00000C4B
00000C23
00001078
000000B1
FFFFFDD2
0000076C
FFFFFC05
00000AFD
FFFFF280
0000073B
000007A2
0000078F
00000A69
00000222
00000417
000001B2
000006CF
000004CF
FFFFF9F4
00000881
0000096C
00000903
FFFFF935
000010F4
FFFFFE5E
000004EA
0000012E
00000532
00001063
000009F6
FFFFFA8A
0000048D
FFFFF825
FFFFFDCB
FFFFF95B
000000BE
FFFFF4A7
00000054
FFFFF99E
00000AAA
00000224
0000017E
FFFFF924
FFFFF077
00000426
FFFFF36D
FFFFF402
000007A4
000007E6
000008E5
FFFFF702
0000030B
FFFFFD4C
0000097D
FFFFF7AA
000008EF
00000927
FFFFF999
00000184
FFFFEE2C
FFFFF39E
FFFFFFA9
000002E4
FFFFF5F5
000002D8
00000567
FFFFF995
FFFFF892
FFFFF19D
00000270
00000E3D
000007ED
000011E3
0000024C
00000CB4
FFFFF675
FFFFF8B2
000005E6
000006E9
00000977
FFFFFEE2
00000B26
FFFFFAE7
FFFFF538
000006B3
FFFFFED5
00000085
FFFFF80E
000009A5
00000869
FFFFFA78
00000085
FFFFFBBF
FFFFFC8D
0000036C
0000075E
0000039B
FFFFFDB2
0000049F
000001EC
00000AD3
FFFFFD72
FFFFFB9F
FFFFF35E
FFFFF75F
00000116
0000067A
FFFFF5F7
00000185
0000045B
0000037B
000002F4
FFFFF8F3
00000996
FFFFF8C6
FFFFF993
0000014B
0000047F
FFFFFB56
00000209
000006D9
FFFFFED8
000005EE
000006BA
00000615
00000369
00000168
00000456
00000016
00000160
FFFFF86C
FFFFFD3E
00000143
0000073A
FFFFFD82
FFFFFA30
00000584
FFFFFB7B
000005ED
00000AA5
FFFFFCEA
FFFFF846
FFFFF2C4
FFFFF191
FFFFFC6D
FFFFF6B9
000001F8
00000090
FFFFFC58
00000580
FFFFFA1E
FFFFF93D
00000628
FFFFFB62
FFFFF60D
00000557
FFFFFE6D
00000483
000001ED
FFFFF916
0000027F
FFFFFC14
00000D36
00000355
FFFFFF8A
FFFFF7AF
0000018D
FFFFF256
FFFFEF87
FFFFFB82
FFFFF82D
FFFFFDE9
000002C0
FFFFF911
00000398
FFFFFBAD
FFFFFC75
FFFFFEA3
FFFFFED7
00000478
FFFFF9F6
FFFFFDB5
FFFFFF14
0000095C
00000981
FFFFFA8B
00000459
00000381
00000A7C
FFFFF6EB
000008CC
FFFFFF09
000008ED
FFFFF99D
FFFFF39E
FFFFF8A4
FFFFF884
FFFFFAD3
FFFFF59E
FFFFFC5D
FFFFFB21
00000072
00000372
00000610
FFFFF94C
00000AEA
000004FA
FFFFF89F
000009B4
00000259
FFFFF952
0000051C
FFFFFC7A
FFFFF788
FFFFF76C
FFFFFE2D
FFFFFF19
00000355
FFFFFF8D
000005C3
00000AE1
FFFFFA64
000002FA
FFFFFBB9
FFFFF378
000007A9
000007BD
0000094D
00000956
FFFFFAC4
FFFFF4BF
0000009E
FFFFF9B9
FFFFFCE1
FFFFF947
FFFFFD21
000005A6
000007E8
000004F0
FFFFFC38
FFFFFF6F
FFFFFC45
FFFFF864
FFFFFC7C
FFFFFD82
000000D5
000002F0
FFFFFFFF
00000701
FFFFF8F0
0000033C
FFFFFAA8
0000008C
FFFFF751
00000455
00000903
00000066
0000013A
FFFFFA5C
FFFFFA78
000003FD
FFFFF5B9
000004E9
FFFFFFCB
00000AEC
00000D2F
00000475
FFFFF996
0000088A
FFFFF8B5
0000033E
00000D70
0000011D
FFFFFD11
FFFFF67D
FFFFF74F
FFFFFAF1
000002F8
FFFFF599
FFFFF8EF
FFFFFAE8
00000603
FFFFFBE2
0000063B
FFFFF675
00000C04
000002E1
FFFFFD43
000001FC
00000662
FFFFFE07
FFFFF684
0000008B
00000389
000006E5
FFFFF685
FFFFF9EF
FFFFF654
FFFFFF5E
FFFFFCE6
0000015C
FFFFFD7D
00000114
FFFFF8E7
000005A0
000003FD
00000161
FFFFF65D
00000A25
000006FE
000005CA
FFFFFAA3
00000AFA
00000129
0000010B
00000170
00000937
FFFFF720
00000529
000006F0
FFFFF8BE
000003C5
00000FED
00000952
FFFFFFD6
0000085C
FFFFFB90
0000043A
000004BA
00000648
FFFFFF76
FFFFFC91
FFFFFA42
00000905
FFFFF316
FFFFFEAF
FFFFFB65
00000002
00000453
FFFFFBBB
FFFFF62A
00000905
00000051
000008BA
FFFFF949
FFFFF693
00000010
FFFFF6D8
0000014C
FFFFFA82
000005F0
0000094E
0000009F
000000C3
FFFFFEA7
FFFFFA20
FFFFFD3B
0000063A
FFFFFB4B
0000085B
00000140
FFFFFC9F
00000010
FFFFF8A7
FFFFF886
FFFFFD34
FFFFFAEA
FFFFFC82
0000028A
FFFFFD2E
000003B6
FFFFF950
FFFFF8CB
00000345
00000678
000007BE
FFFFF9C3
FFFFF79A
000004CB
00000AC9
FFFFFD98
FFFFF6E6
00000459
00000A79
000007C4
000003C5
00000FD6
000002FD
00000572
FFFFFEBB
0000036A
000010D5
000002E9
0000058F
000009E4
0000031E
00000CB6
000006BF
00000695
FFFFF836
FFFFF99B
00000690
FFFFFB09
FFFFFEB3
FFFFF8A6
FFFFFAFE
FFFFF74E
FFFFFFB4
00000607
0000089A
FFFFFDE6
FFFFF8BC
FFFFFDE9
FFFFF76F
000001A6
FFFFFB01
000006E0
FFFFF8F9
00000172
00000B54
00000181
0000084F
FFFFFDC9
000001B7
000001FB
0000067C
0000022C
000007BD
00000192
000009D9
00000815
FFFFF77A
FFFFF61D
FFFFFFFB
FFFFFE90
0000076C
FFFFF8D9
00000457
FFFFFEE0
FFFFF561
00000978
000004BA
FFFFFC4B
FFFFFCFB
000005D1
FFFFFC3D
000008D7
FFFFFC36
000003B8
0000076B
FFFFF8AA
FFFFFA9C
FFFFFFA4
00000184
0000017B
0000010D
FFFFFB74
0000096F
00000A88
FFFFFB5D
FFFFFD04
FFFFF85A
00000071
FFFFF8C5
FFFFF8F1
000009B2
000003B1
00000FBB
000006D3
00000007
00000A94
FFFFFC22
00000D40
00000314
00000BB7
FFFFFD2D
FFFFFA08
00000588
00000C51
FFFFFED5
FFFFFB2F
FFFFFFEE
00000154
FFFFFF0F
0000066E
00000322
000007DC
0000038B
000009B1
00000CF1
00000443
FFFFFD43
FFFFF8CE
0000071F
FFFFF72A
FFFFFD32
0000007F
00000366
0000006C
FFFFF52C
FFFFFC4A
FFFFFE85
000000A4
FFFFFEE3
FFFFFA42
FFFFFA94
000004CA
FFFFFD74
0000083D
000006BD
FFFFFF3B
0000027C
00000949
FFFFFB37
FFFFF775
00000593
000005E3
FFFFFF96
000001C8
FFFFF6B6
FFFFFF0E
0000058B
FFFFFE8A
FFFFF6FD
00000B51
FFFFF90B
000005AB
0000095A
000002F9
00000820
FFFFF545
FFFFFECC
00000181
FFFFFC7B
0000073E
000004BA
000001E2
00000B8E
FFFFFAF2
FFFFFF20
FFFFFE39
00000392
000002EA
FFFFFF00
FFFFFF42
00000750
0000054D
FFFFFC83
000004D8
00000416
000008A8
0000075C
00000187
FFFFF903
000006C1
00000330
FFFFF7F1
000007FC
FFFFF9A0
000004EC
00000CF5
000003BF
000009F2
FFFFFD56
FFFFF6D4
000005C9
FFFFFB22
FFFFF3E0
000006C0
00000536
FFFFFE69
000008AB
000002AF
FFFFFEA6
FFFFFDF2
FFFFECA3
FFFFF3F6
000003FF
FFFFFC63
000007A7
00000923
000003A2
0000009B
00000401
FFFFFB0B
0000064D
00000F26
FFFFFB82
00000EF2
FFFFFD07
00000569
FFFFF9F0
00000A68
00000C66
FFFFFC3F
0000021D
0000012C
0000065C
FFFFFF70
FFFFFEA0
FFFFFEDE
00000AD0
FFFFFEE9
000006A5
0000084D
FFFFF8EA
FFFFFF8A
FFFFFC44
000000B1
FFFFEFEC
FFFFF76C
FFFFF477
0000114A
00000360
00000562
FFFFEE4D
FFFFFFC2
FFFFF6CC
0000047D
FFFFFD31
00000129
00000916
000006DA
FFFFFC67
FFFFFDC5
00000665
FFFFFDDF
FFFFF8F0
FFFFFBD0
FFFFF9E9
0000001D
FFFFF4F6
FFFFFF4F
FFFFF883
000001D9
000001ED
00000880
0000035E
FFFFFEA0
00000128
FFFFFDE1
FFFFFCF1
FFFFFE77
000008D2
FFFFF5A2
FFFFFF0F
FFFFFF4A
FFFFF9A4
FFFFFBF6
FFFFF02B
FFFFF8F5
FFFFF9DE
FFFFFE33
00000298
00000107
FFFFFBD5
0000017D
000000C6
00000025
FFFFFBF2
FFFFFBD8
00000641
0000000D
000005A3
000004EE
000001FB
00000313
FFFFFE18
000006E5
FFFFFDD1
FFFFFD1C
FFFFFD68
00000C65
00000565
0000048B
00000203
00000946
0000071D
000006EE
0000026A
00000079
FFFFFA1B
00000425
0000002B
00000323
FFFFFBA6
FFFFFE68
FFFFFFA1
000000C1
FFFFFFF6
000003EA
000003BB
00000790
000002D5
0000073F
00000887
0000088E
00000440
FFFFF9F3
FFFFFF38
FFFFFD27
00000249
FFFFFD0E
000006CE
000001ED
FFFFFD27
0000090B
00000EF5
00000993
00000B71
0000075D
00000740
00000876
FFFFFFFD
0000025D
000001CB
FFFFFFA0
00000545
FFFFF637
FFFFF78D
FFFFFF1D
FFFFFE9B
FFFFFEBB
FFFFF988
FFFFF635
FFFFF53E
000002B5
00000249
0000091C
00000309
FFFFF8A5
FFFFFC75
FFFFFF7C
00000349
FFFFFDEC
000007AF
FFFFFD68
FFFFFD17
00000646
00000758
00000180
000009EE
FFFFFDF8
FFFFFD93
FFFFFC3D
000001F8
FFFFFB63
FFFFFC2D
FFFFFF2A
000007EA
FFFFFD36
00000335
00000C2A
FFFFFB84
00000903
00000583
000007F4
FFFFFBEB
00000137
FFFFFFBF
000001FF
00000343
FFFFF81D
000000AA
000003EE
FFFFF950
FFFFF73A
FFFFFF7A
000005C5
0000019B
000004B8
000009E5
FFFFFF77
FFFFFF1C
FFFFFA0C
FFFFFB76
00000812
FFFFFCC9
FFFFFCFC
FFFFFDFB
000000F6
FFFFFB8A
000009A9
00000F2B
FFFFFF5A
0000078B
00000773
FFFFFE04
FFFFFF5A
FFFFFF01
FFFFFD7A
FFFFFADE
FFFFFAF1
0000041D
FFFFF82A
00000163
FFFFFFE4
FFFFFFCD
0000050D
000006BA
FFFFFEAA
FFFFFCDF
00000553
FFFFF9B3
FFFFFD25
0000021B
000005AD
0000020C
000008D7
000001BF
000000BC
000008A4
00000741
FFFFFE1C
00000149
FFFFFC7F
00000C9D
00000BF4
00000284
00000933
FFFFFDB8
00000491
00000B92
000006E8
00000436
FFFFF8D4
FFFFFE35
FFFFF88A
000006BA
FFFFFD96
FFFFFC6F
FFFFFCEB
FFFFFB0F
FFFFF4E5
000006D3
FFFFF7E1
000000C0
FFFFF78B
000004AB
00000226
FFFFFE15
FFFFFA6E
00000128
FFFFF02E
FFFFFF30
00000835
000000B6
FFFFFE69
FFFFFE25
FFFFFE8F
00000433
000002BD
00000A09
0000089D
00000352
000000AF
FFFFFF5E
0000038E
000003C1
FFFFFE02
000002D6
FFFFFA18
FFFFF4FB
000002C6
000002CA
000000B6
FFFFF940
FFFFFD72
FFFFFE2F
000001A6
000002D6
FFFFFA31
000009E5
00000768
FFFFFF58
FFFFFCC4
000001BB
FFFFFE84
00000506
0000060E
FFFFFB34
0000038B
00000587
00000A80
00000784
00000432
00000809
000006FB
FFFFF54F
00000485
FFFFFF5E
FFFFF454
FFFFFD68
FFFFF60A
FFFFF794
FFFFF74B
FFFFFBE2
000002A5
FFFFFA30
000000E4
00000D0E
00000328
000008AC
0000063C
00000D00
0000024A
FFFFFC9C
FFFFF734
FFFFF294
FFFFF767
FFFFF730
FFFFF34D
00000077
FFFFF85B
00000B52
00000C04
FFFFF916
00000446
00000CCC
000009CD
FFFFFBC7
FFFFFE7D
0000082B
FFFFFD13
00000021
FFFFFF63
0000078E
000001B4
00000204
00000A4A
FFFFFA14
000005EE
000004EC
00000073
0000051C
FFFFFC6B
00000060
00000329
00000688
00000746
FFFFFED4
000007AF
000000B0
FFFFFCE9
0000051F
00000AB8
FFFFFFC9
00000769
FFFFF9DE
FFFFFF07
000002E7
00000588
000003F1
000003C8
00001102
00000460
FFFFF967
00000284
0000072D
FFFFF72E
000001EC
0000027D
000007D5
000008F2
FFFFF748
FFFFF78D
FFFFF691
FFFFF752
00000474
00000466
00000158
00000378
FFFFFB19
FFFFF91F
00000396
FFFFFFB1
0000010C
000007E4
00000FA3
00000588
000006A2
FFFFFD85
00000285
FFFFFB78
FFFFFEB8
FFFFFFF4
0000048B
00000404
FFFFFB05
00000503
00000C20
FFFFFF36
0000057D
000004E4
00000BC6
00000998
00000785
000007CE
FFFFFCDB
00000946
000005DB
00000BFC
FFFFFEE3
00000580
000007D4
FFFFF67C
00000545
00000853
000003F4
0000005A
00000803
0000033C
FFFFFD0A
00000537
0000081B
00000303
0000057B
FFFFFED4
FFFFFD5F
0000083E
00000415
FFFFFA9B
FFFFF724
FFFFF7DE
FFFFFACE
FFFFF8FB
000000B0
00000316
FFFFFD70
00000666
FFFFFEF8
FFFFFD9D
FFFFFA00
00000979
FFFFFCD5
000002DB
000004A8
00000B9E
FFFFFFC6
00000722
00000304
000003D2
FFFFFCA8
0000082A
0000051F
FFFFFE11
000004C8
000005AB
FFFFFE87
000002E0
FFFFFA03
FFFFF8C8
FFFFF83D
FFFFF4B0
FFFFF62C
FFFFFFBF
FFFFFB7F
FFFFFABC
FFFFFE37
0000023D
0000050E
00000300
00000A63
0000021E
00000B97
0000019D
00000D6D
00000411
00000920
FFFFFF6B
000002AE
000006DA
FFFFFC63
000007D8
000007E8
FFFFFDC3
FFFFFE58
00000229
000006D5
FFFFFC18
FFFFFCF8
FFFFF598
FFFFFE92
000005EE
FFFFFD40
00000473
00000794
00000C44
000004AC
0000092D
00000A53
00000332
000003BD
00000177
FFFFFFF5
FFFFFB77
FFFFFB45
FFFFF900
00000450
FFFFFC2C
0000006C
FFFFF6C4
FFFFF6C0
000006A7
0000034A
0000031F
FFFFFDE9
0000055D
FFFFFEF7
00000694
000006DF
00000692
000003EA
00000C60
FFFFFE4A
000003F4
FFFFFF5A
FFFFFD43
00000239
000007B4
FFFFFBE2
FFFFFDF1
0000048C
FFFFF997
000005CF
FFFFFE9B
FFFFFD45
0000057A
FFFFFB3E
00000582
FFFFFDBE
FFFFFEEF
FFFFFA2A
FFFFFD31
FFFFF821
FFFFF4C2
00000261
000003C8
FFFFFE20
00000CD9
00000792
FFFFFD8C
00000804
00000236
000000D6
00000A17
FFFFFE1D
00000371
00000517
00000297
FFFFFD9C
FFFFF7E6
0000005C
FFFFFE33
FFFFFDE2
00000706
FFFFFDEC
FFFFF978
00000606
0000015F
FFFFFDF0
00000089
00000262
FFFFFDC7
00000140
000002C0
FFFFF89A
FFFFF972
FFFFFC42
000006D7
000005E9
FFFFFE76
FFFFF8FF
00000693
FFFFFF44
FFFFF987
00000058
0000063F
00000441
000001DB
FFFFFAE3
FFFFFF27
000003F5
000005C3
0000069A
00000480
0000004E
00000799
00000697
FFFFF76E
FFFFFA7C
00000786
000002E1
FFFFFDB6
000007F7
FFFFFE4F
FFFFFCBC
0000033E
000000D8
FFFFF869
FFFFFB97
0000078E
000008BA
FFFFFE96
FFFFF8F2
FFFFFDFC
00000BCE
000004EA
000008E4
0000023C
0000038F
00000EB0
FFFFFB51
FFFFFC95
00000479
00000AF1
FFFFF9F0
000006EC
00000663
FFFFFDD2
FFFFFBE5
FFFFF75D
000004C0
00000824
FFFFFC36
FFFFF3F4
000004E2
FFFFFE36
FFFFF98C
00000845
00000BDA
00000676
FFFFFDC6
FFFFF9C3
00000027
0000043E
FFFFFED6
0000043E
FFFFF95C
00000419
FFFFF3CC
FFFFFFF7
FFFFFE43
FFFFF71B
FFFFFBA1
FFFFFDC2
000001C9
000000C7
000002E7
FFFFFE10
000006F9
FFFFFDC1
FFFFFAC6
000004F7
00000457
000001C0
FFFFF9F1
FFFFFAB6
000004BC
FFFFFF0D
FFFFFDD4
000008E0
FFFFFCDE
FFFFFC60
00000181
000001D0
FFFFFD39
FFFFFC10
00000244
FFFFFED6
FFFFFE22
FFFFF854
00000462
00000577
000002B7
FFFFFFC6
000003BF
000000D9
FFFFFB3C
0000011E
FFFFFC3F
FFFFFB39
FFFFF6CE
FFFFF3AA
00000059
000001B4
0000013F
FFFFFCFB
FFFFF81F
FFFFF6CB
0000032C
00000339
FFFFF17C
FFFFF8FB
FFFFFDBA
000004FE
FFFFFB97
000001B3
FFFFFF64
FFFFF9B7
000001BF
000000C8
FFFFFA58
FFFFF8DE
FFFFF73B
000002A6
0000020B
FFFFF975
000003E0
FFFFFE13
FFFFF578
FFFFF5DE
FFFFF48D
FFFFFDE2
FFFFF825
FFFFFEB1
FFFFFF7B
FFFFFF97
000003F2
FFFFF90A
000000A5
FFFFFE52
FFFFF4E0
00000B6C
FFFFF89B
FFFFF10C
0000022E
000001CC
FFFFFB3B
00000178
FFFFFCD8
000004B1
FFFFFCE3
FFFFF681
FFFFFCB0
0000044F
FFFFFDC4
00000202
FFFFF7CC
00000776
FFFFF7C3
00000D87
FFFFF5BF
000004C0
FFFFF8A9
0000045B
FFFFF512
FFFFFAB9
000002E7
00000587
FFFFFE82
FFFFFE61
0000017B
FFFFFA3E
000002C0
000000A2
FFFFFAD0
000007B1
FFFFFC67
00000765
00000A90
FFFFFDEC
00000910
FFFFF937
FFFFF4E8
000002BE
FFFFF721
000002E9
FFFFFE3D
0000014C
FFFFF84C
FFFFF6F9
00000469
00000182
FFFFF77B
FFFFF7DC
00000930
FFFFF9F1
FFFFF4F1
00000159
000006F7
00000232
FFFFFD95
FFFFFD92
FFFFF6DA
00000314
000008FB
FFFFFF92
FFFFFD56
00000332
00000551
FFFFF814
FFFFFF47
FFFFF8A1
000008F5
FFFFFF84
FFFFF5EE
000003E0
FFFFFE54
FFFFF84D
0000007E
FFFFFE75
FFFFF0B6
FFFFFA17
FFFFFD8D
FFFFF9E4
000000F7
FFFFFF18
000002E4
FFFFFBA6
FFFFF9EC
FFFFFDCE
00000473
000001A1
FFFFF7B2
000000C5
00000369
FFFFFECE
00000630
FFFFFD6F
0000037B
0000036A
00000044
FFFFF66C
000006F9
0000009D
00000170
FFFFF849
FFFFFBBC
FFFFF032
000009DF
FFFFFC92
FFFFFE8C
FFFFFCA9
FFFFFA85
FFFFFE9C
FFFFF91A
000002CE
000005AA
00000175
FFFFFD82
FFFFFC51
0000020D
0000013A
FFFFFFCF
FFFFF2DE
FFFFFBC6
FFFFFEFC
00000493
0000017A
FFFFF6A9
000003B3
FFFFFB18
0000032F
FFFFFCAB
000001F9
00000051
FFFFFDC5
FFFFFFC8
00000175
FFFFFA75
FFFFFD9B
0000053B
00000451
00000537
FFFFFA7F
FFFFFD0B
FFFFFC66
FFFFFD8D
000001A9
00000369
FFFFFACE
000004DA
000004D7
FFFFFDDB
FFFFF071
00000958
000000B4
FFFFFF66
FFFFFF8D
FFFFFBCA
FFFFF976
FFFFFDC9
FFFFFA45
000003EA
FFFFF7F1
FFFFFDDB
FFFFFAD5
FFFFF865
FFFFFFE1
FFFFFCE3
000001F0
00000915
0000007B
FFFFFC28
00000375
FFFFFCB4
000009C7
000003EC
FFFFF7B2
000000E7
FFFFFB4B
FFFFFCEE
FFFFFF61
000000C3
0000029B
0000006F
000003F5
0000001F
00000224
FFFFFD46
0000000F
0000005D
FFFFFABF
FFFFFFB2
0000063D
FFFFFF7F
FFFFFD51
000000E7
FFFFFC20
FFFFF9DF
0000041B
FFFFFD15
00000288
FFFFFAD8
FFFFFB36
000001EB
00000240
00000058
000000AD
00000286
FFFFFC48
0000090A
000002C5
000003B6
FFFFFD3D
000003EE
00000078
FFFFFC0D
FFFFFCAE
FFFFFB66
0000027B
FFFFFD1D
000000FD
FFFFFAF7
FFFFFFDB
00000027
FFFFFF40
000006E8
FFFFFAF8
FFFFFD01
FFFFFC42
00000598
FFFFF95B
FFFFF9FE
FFFFFB7A
FFFFFF30
000004F5
FFFFFB66
FFFFFF58
00000134
FFFFFCF2
FFFFFBBD
000003C1
FFFFFD2B
00000092
FFFFFD16
000006BB
FFFFFEBB
000008C1
00000399
00000266
FFFFFD2A
00000203
FFFFF83C
0000066C
FFFFFA5B
FFFFFD8C
00000AA9
FFFFF611
00000444
00000014
000000E0
FFFFF9C1
0000035D
00000133
000007A7
0000014F
FFFFFBD5
FFFFFBE3
000000B4
FFFFF6AB
000005E6
FFFFFE8D
FFFFFE0C
00000120
FFFFFF7B
FFFFF837
FFFFFE22
000003B2
FFFFFFC5
00000068
000004FD
FFFFFD8F
FFFFFE9E
0000001A
000002F5
00000417
FFFFFF26
FFFFFA2D
FFFFFAB0
00000C03
00000242
FFFFFFE9
00000C8F
0000026F
0000019A
00000646
FFFFFA43
00000457
FFFFF9CC
0000006B
00000365
0000054C
FFFFF53E
0000014A
FFFFFA63
000000CC
FFFFFEFA
FFFFFC04
FFFFFF74
FFFFF48D
FFFFFEA1
FFFFFCE2
000003F5
FFFFFC1F
FFFFF5C3
000003AD
FFFFFF4A
FFFFFEF4
FFFFFC13
FFFFFCB3
FFFFFEFE
0000008C
00000012
FFFFF43D
000002A1
00000249
FFFFFC1C
FFFFF4E8
FFFFF896
0000021D
FFFFFEDC
000005A1
FFFFF7F6
0000079F
00000665
00000930
FFFFFCA2
FFFFF7A2
000003CB
FFFFFC59
FFFFF9E7
FFFFFFA9
000005B2
FFFFFDEC
FFFFFCB9
0000052E
FFFFFB93
00000380
FFFFF491
00000689
FFFFF950
FFFFF3F0
00000345
FFFFFE38
FFFFFD24
FFFFFBFC
000003D4
0000073A
FFFFFD7A
0000023F
000006CC
FFFFFB6D
FFFFFE46
00000642
FFFFFB7D
FFFFF48A
FFFFF50F
00000413
FFFFFDE8
0000041F
FFFFFBE8
00000222
FFFFFA19
FFFFF9F4
FFFFFFED
FFFFFEBB
0000016A
FFFFFB91
000002E4
000000ED
FFFFF402
FFFFFE96
000002E9
FFFFFBD9
FFFFF6A2
000003B4
000002C1
FFFFFC63
FFFFFB72
FFFFFE18
FFFFFD39
000006E7
FFFFF7DA
FFFFF1F2
000004F4
000002D7
FFFFF921
000009C6
FFFFFE3E
FFFFF9D3
FFFFFBF8
FFFFF776
FFFFFF45
0000095E
00000571
000004E8
000000C6
FFFFFF29
FFFFFD90
FFFFFAA7
0000043E
FFFFFF8D
FFFFF411
0000034F
FFFFF8FB
FFFFFE20
FFFFFBC0
FFFFFBEA
FFFFF71B
00000314
FFFFFD27
FFFFF8A7
FFFFF360
FFFFF8F7
FFFFFEBB
FFFFF8A7
0000081D
FFFFF4D1
FFFFF94E
FFFFF9C9
FFFFF947
000004CF
FFFFFA76
00000845
FFFFFE00
00000044
000001A9
FFFFF6AB
FFFFF696
000009C5
FFFFFF03
FFFFFCCE
FFFFFAC7
00000786
FFFFFE59
FFFFFFCF
FFFFFC7A
00000376
FFFFF5B5
000003B7
0000046A
FFFFF5DA
0000032A
00000528
FFFFF65F
FFFFFE38
FFFFFCEB
FFFFF879
00000492
FFFFFEC0
FFFFF34F
FFFFFF5E
00000167
FFFFFCD5
FFFFFF05
FFFFFE82
FFFFFE37
000003BA
FFFFFDFC
0000061C
FFFFF86B
FFFFFCC7
FFFFFD17
000004C3
FFFFFD23
000001F2
00000668
0000069E
000000AC
00000421
FFFFFA75
FFFFF3F0
00000B66
FFFFF239
FFFFFE4A
FFFFF849
FFFFFB97
FFFFF75A
0000039B
FFFFF987
000008C7
0000066C
FFFFFA67
00000127
000000AE
FFFFFCCF
FFFFFB63
00000597
FFFFF92E
FFFFF844
00000612
FFFFFE4B
FFFFFEA9
FFFFF687
0000045C
0000038E
FFFFFD7B
FFFFF5DB
00000656
FFFFF631
000001DA
FFFFFDE5
FFFFFDD6
FFFFFA9E
0000067B
FFFFFC1B
FFFFFF41
000001A1
00000859
00000249
FFFFFD03
000005D2
FFFFFCD2
FFFFFF19
000003BA
000005E3
FFFFFFC1
000001AE
00000129
000004AF
000001A4
00000461
000001A8
00000737
000001CC
000006D2
000000EE
000005FA
0000039D
FFFFFFE3
FFFFFCFF
000000DB
FFFFFE5F
000008F6
00000563
00000AD6
000006D8
FFFFF947
00000178
FFFFFA7C
0000044B
00000355
FFFFFEAF
FFFFFB17
FFFFFB6F
00000DA5
00000B5E
00000720
000002E0
00000777
00000622
000006ED
0000067C
000006EF
00000527
FFFFF89C
000005D5
FFFFF959
0000033A
FFFFF734
00000565
FFFFF625
00000792
000000C3
FFFFFB56
000003E0
000001DA
FFFFFDE0
00000ACF
FFFFF88B
00000125
00000424
00000149
000008DB
000005B9
00000C19
00000315
0000015D
00000C91
00000303
000006BB
FFFFF81D
00000341
0000043E
000006D4
00000296
FFFFF730
FFFFF6E9
00000580
FFFFF845
FFFFFC4A
00000692
000005DA
000002F5
00000043
00000327
00000357
FFFFFB57
00000724
0000044B
FFFFFE9C
FFFFFD62
00000561
FFFFF6C5
FFFFF6B9
00000687
00000035
FFFFFD12
FFFFF7AC
FFFFF843
FFFFFC8A
00000085
FFFFFE25
FFFFFB84
000000AF
000001C3
00000044
FFFFF9DD
000000E9
000007C6
0000005E
FFFFFE51
FFFFFED5
000000F5
0000093B
000004D6
000009DE
000009CD
000001E0
FFFFFD6C
FFFFFF5C
000007D1
00000A0C
00000962
00000663
00000637
0000068F
000003F4
000001B0
FFFFFB7A
FFFFFF1C
FFFFF6A9
FFFFF951
0000035B
FFFFFE42
000001ED
000007C8
000002C4
000000CA
0000036D
00000426
000002DF
FFFFFE14
FFFFFBC6
0000048E
FFFFFA5D
FFFFF868
FFFFFEC7
00000540
000006A5
0000001D
FFFFFAAE
000003A5
FFFFFF78
FFFFF978
000001F0
00000193
000001DF
00000681
00000529
0000051E
000008A9
FFFFFDB7
0000000A
00000031
FFFFF9B5
000006A7
FFFFF957
00000033
000004D0
FFFFFFEE
000001B0
FFFFF8CF
FFFFF5D7
FFFFF961
FFFFFAC4
00000409
000001D0
FFFFFA0F
000001E8
00000449
FFFFF7FD
FFFFF9AC
FFFFF975
FFFFF96C
0000033D
FFFFFA4A
FFFFFF0E
0000019A
FFFFFE69
00000A8A
FFFFFA6D
00000B00
00000D2F
000004E0
FFFFFEB8
00000641
FFFFFF6B
0000016D
00000346
000000A9
FFFFF953
000000E4
FFFFFE0C
FFFFFCE8
FFFFFB1E
000001D7
0000099C
000009ED
000002F6
FFFFFE29
00000559
00000A49
000008C9
00000839
FFFFFBE2
FFFFF9A3
FFFFFC1E
FFFFFF58
000006AE
FFFFFE72
00000ABA
FFFFF850
FFFFFDED
0000079A
FFFFFF80
00000309
00000BCA
000007A9
FFFFFE53
0000053E
00000769
00000635
FFFFFA4E
00000739
00000010
00000960
000001E1
00000AA1
FFFFFC96
FFFFFB6C
FFFFFD31
000000DE
FFFFFD6D
00000D34
0000015A
00000C24
00000FB8
00000203
0000013E
000007E2
0000046E
FFFFFF11
00000250
00000332
000005B8
FFFFFF7C
0000083B
00000AC2
00000228
00000908
00000A72
000009C5
FFFFFFBD
00000649
000000A2
00000BC0
00000A02
000008DB
00000606
FFFFFF39
00000408
FFFFFE10
FFFFF915
FFFFFF2D
000000D7
FFFFFF6E
0000022F
0000017E
FFFFFB5A
0000083C
FFFFFCF6
FFFFFE87
00000077
FFFFFDEC
FFFFFF5F
000007BC
FFFFFBFF
FFFFFB4D
FFFFF8FF
FFFFFDD3
00000507
00000259
0000004A
FFFFFBEE
FFFFFE2B
FFFFFB9A
0000001A
FFFFFEEE
0000066E
00000564
FFFFFBDC
000001FB
0000096F
00000077
000004FF
00000695
0000038B
FFFFFC73
FFFFFF84
00000598
00000003
FFFFFD19
000003C1
FFFFFFEA
00000009
FFFFFDF6
00000191
FFFFFCE7
FFFFF822
000003D0
00000565
FFFFF76C
000006AC
000001A3
000004BA
000006D0
FFFFFDD5
000008FC
FFFFFF05
FFFFFD35
000002A1
00000328
00000703
FFFFFD75
FFFFFD3E
FFFFFE76
00000044
000003DB
FFFFFF73
000005BF
FFFFFB27
FFFFFFC5
00000376
0000053F
00000099
00000526
0000033D
FFFFFBC9
FFFFFAD9
FFFFFFF7
FFFFF907
000005E4
000006BF
0000034F
00000300
000008D9
00000694
00000199
FFFFFA7A
FFFFFD89
FFFFF980
00000292
FFFFF805
FFFFF3DE
000001A8
FFFFF46E
000001E0
00000474
FFFFFCA9
FFFFFD73
FFFFFFCA
FFFFFCF9
0000003D
0000074E
FFFFFC96
00000429
FFFFFD7F
00000292
FFFFFEEF
00000593
0000061B
00000AC7
FFFFFF0F
000000FD
FFFFFF7F
000008C0
00000A5A
000008A7
00000199
000001B2
0000075E
00000736
FFFFFB4A
000009D8
FFFFFE7C
FFFFFCAE
000003C6
FFFFFEB5
FFFFFFAA
00000023
FFFFFFF0
FFFFFDD3
FFFFFC4E
FFFFFB49
FFFFFEF3
00000291
0000012D
00000091
00000314
FFFFFE35
0000069B
00000004
FFFFFD94
FFFFFCDC
0000071A
000001D2
FFFFFEA9
0000030F
FFFFFA3F
FFFFFFAF
FFFFF9F0
000007DC
FFFFFFD1
00000038
FFFFFA93
0000001C
000005FD
000004F0
FFFFFC66
00000674
FFFFFBFD
FFFFFE37
000007F9
00000336
000005C4
FFFFFFCC
0000043D
00000727
0000026B
000000E9
000003EA
000009F3
FFFFFDEA
00000311
FFFFF551
00000662
FFFFFC91
FFFFFF60
0000066A
0000043E
FFFFFFB2
00000CA5
FFFFFFD2
FFFFFF7E
FFFFFD55
0000015D
0000020D
00000239
0000086C
0000012F
FFFFF6E7
FFFFFB18
00000799
00000102
0000084A
0000094F
FFFFF5D7
FFFFFD84
00000168
FFFFFA10
FFFFF893
00000720
FFFFF576
000004CD
FFFFFD5E
FFFFF62A
00000151
000002F0
00000466
FFFFFB28
FFFFFBB4
00000157
FFFFFC37
FFFFFD25
FFFFFC29
00000040
FFFFFE52
FFFFFFF1
FFFFF9AA
0000073D
FFFFF973
0000053F
000001F1
000000F8
FFFFFACA
00000261
FFFFFE0F
0000096D
000001E0
00000B06
00000011
FFFFFB02
FFFFF497
000000E9
FFFFF9BC
00000627
FFFFFD3C
FFFFF9DE
FFFFFAEA
00000863
00000376
000006DB
00000056
00000007
00000AD2
FFFFFB16
00000A0D
000000AE
FFFFFFA3
000004EE
000007DE
0000085D
00000319
00000C7C
000004C6
00000138
00000B66
0000070C
FFFFFFCA
FFFFF8A4
000000BA
FFFFFE28
FFFFF6E0
0000035A
000000BD
FFFFF7FF
FFFFF953
FFFFFF48
FFFFFA74
FFFFF738
000003FD
FFFFF88B
0000019D
000003EE
FFFFFDF9
FFFFFD0A
FFFFFD02
000005AC
FFFFFD03
FFFFFCF4
000006AE
00000057
000002FA
0000092E
00000544
0000057A
00000470
000007FB
000004C1
00000633
FFFFFFBC
00000837
00000102
000003CE
000008B5
FFFFFE2B
FFFFFCBE
00000EE8
000003D5
00000878
FFFFFCF6
00000B41
0000035A
00000B32
FFFFFECC
00000A6E
00000068
000000B4
000007FA
000008B3
0000054F
00000203
00000136
000003BE
00000DEF
FFFFFFDC
FFFFFE2E
00000595
00000531
FFFFFF0E
FFFFFFBD
FFFFFC32
00000062
00000427
FFFFFAFB
00000097
00000916
00000597
FFFFFDA9
FFFFFED2
000009C5
000000ED
FFFFF967
FFFFF212
FFFFFA72
000003A9
FFFFF16D
000002C7
00000ABB
0000001F
000005CE
FFFFF99A
000000A6
00000BA2
FFFFFFEA
0000089C
00000416
FFFFFE94
000005A7
FFFFFE1C
FFFFFFD9
00000184
FFFFF65C
0000012C
FFFFF4F3
FFFFFEC9
FFFFFD96
0000079E
FFFFF3E2
00000B5C
FFFFFBBD
00000CE0
00000220
000003A7
00000FB8
FFFFF8C8
FFFFF914
000001F7
FFFFFF94
FFFFF9E3
FFFFFDF8
000006D1
0000073F
0000075F
0000060B
FFFFFDF8
FFFFF7E5
FFFFFEC7
00000B60
00000021
FFFFFA66
00000985
FFFFFA87
FFFFF8C0
000000C5
FFFFFC0C
FFFFFF92
000002A2
FFFFFE19
FFFFFDF9
0000072B
00000839
00000276
0000037F
00000539
FFFFFB4F
00001039
000002F7
00000205
FFFFFA20
FFFFF5AE
00000442
000006A0
00000AE7
000006DF
000002D0
FFFFFA89
00000B24
00000508
0000090E
FFFFFE06
000004EB
FFFFFA30
00000624
00000495
00000840
00000672
FFFFF986
FFFFFA2C
000008B7
FFFFFAEA
FFFFFA7F
000000D6
00000068
00000056
00000526
0000029B
00000147
FFFFF853
0000094B
FFFFF976
FFFFFAFF
FFFFFEAD
00000708
0000089E
000003CD
000003AF
0000076B
FFFFFC10
00000781
00000148
FFFFFCEC
00000B45
0000059F
000004D5
00000350
FFFFFEAB
00000861
00000755
FFFFFDBA
00000651
00000211
00000338
000008E3
FFFFFC96
0000053A
0000058C
000000BE
FFFFFE87
000000A4
FFFFF5CD
FFFFF4A8
FFFFF4FA
0000022B
FFFFF571
FFFFF773
00000ACA
000003E3
FFFFF856
00000CCA
00000A35
FFFFFF43
FFFFF503
00000029
FFFFFCE3
00000704
00000A68
00000877
00000215
FFFFFF16
000001AE
FFFFFC8F
000004E8
00000719
FFFFF84D
FFFFFD4F
FFFFFDBF
000004AC
FFFFFE2B
FFFFFAC0
FFFFF93C
FFFFFD7E
00000224
00000925
FFFFFFA9
FFFFF74F
00000C0C
00000907
000001F4
FFFFFDB4
000000C9
FFFFFFD9
FFFFFA66
FFFFFC7E
0000020A
FFFFFBE1
00000BF7
00000604
FFFFF3A8
0000020D
FFFFFD44
00000174
00000077
000005E5
FFFFF6AF
FFFFF8D8
00000648
FFFFF781
00000331
FFFFF4B6
00000CA3
FFFFF8A1
00000AE9
000001DF
00000378
000002D1
FFFFFD2A
00001416
00000809
FFFFF852
FFFFFB23
0000098D
FFFFF7BF
FFFFFD79
FFFFFCB5
0000077C
FFFFFA1C
FFFFFF6B
FFFFFD61
0000060B
FFFFF73D
00000BB1
000006AC
000009F4
FFFFF999
000002F4
0000049F
FFFFF3ED
FFFFF689
0000026F
000009CD
FFFFFE64
0000060E
000001C2
0000089D
00000660
FFFFF8F1
00000628
FFFFFD59
0000065A
00000B22
00000AD3
00000367
FFFFFBEC
FFFFFAC4
00000A72
00000301
FFFFFF04
FFFFF79C
00000421
FFFFF8C6
FFFFF982
FFFFFE43
FFFFFDFC
FFFFFDCC
000004BD
FFFFFBE2
FFFFFE43
FFFFFFC7
0000093B
000009CB
FFFFFE09
000003D2
0000009C
FFFFFB9E
00000289
00000155
000003BB
FFFFFFEC
FFFFF8E8
000001D5
000000FA
00000127
FFFFF534
FFFFFD13
FFFFFF4D
FFFFFDDB
000001A5
0000095F
FFFFF836
0000083F
FFFFFBDD
00000251
00000B32
FFFFFCBC
000004A1
FFFFF8DB
FFFFFB55
00000219
FFFFF6BF
000004CE
FFFFFC9B
0000086B
FFFFF141
FFFFFA15
00000772
FFFFFD50
FFFFF73B
FFFFFF5C
FFFFFDF7
000000CA
000004E8
FFFFFB6E
FFFFF530
FFFFFD1F
FFFFF392
FFFFF741
0000031C
0000075B
00000731
00000653
FFFFFF63
00000C37
0000052A
00000CAC
0000044F
00000119
00000385
FFFFF768
00000A76
000009F0
00000159
00000C43
0000149F
000001C9
00000749
00000BE5
000002E1
00000A2B
FFFFFAA6
FFFFFB5B
000005BB
FFFFF0D5
FFFFF48F
FFFFFDA7
00000657
FFFFFD89
00000B1F
FFFFFF57
FFFFF930
00000C1C
FFFFF443
FFFFFFB0
FFFFF6AD
00000292
00000773
00000814
0000013C
0000052F
0000054F
0000081A
00000932
0000083D
00000B9A
FFFFFF6B
00000A1F
000005C1
000005E2
000007A2
FFFFFFEE
FFFFFDF5
000003C7
FFFFF847
FFFFF893
000004DC
000002C1
FFFFFDF4
FFFFF9C2
FFFFFA9E
FFFFF61A
00000668
FFFFFF83
FFFFF3A0
0000022B
FFFFFD05
FFFFF2EB
000004C8
00000935
0000020A
FFFFF839
0000040B
FFFFFFB9
0000099B
FFFFFAF6
FFFFFEDA
000005E5
FFFFFBE0
FFFFFDDD
00000624
FFFFFD0C
000000BF
000001FD
00000B0C
00000663
0000018A
FFFFFC90
00000745
FFFFFA80
FFFFFAB5
0000039B
000001D1
0000059E
FFFFFFA8
0000029A
FFFFFAB3
FFFFF880
00000816
00000BDD
FFFFFA6E
FFFFFF3B
0000037B
000002DB
0000070B
FFFFFAB9
FFFFFEA9
FFFFF9E0
FFFFFC1C
FFFFFAF1
00000999
000003EE
00000ADA
000011FF
0000068D
00000480
000011AB
0000017F
FFFFFCFE
00000F8B
FFFFFF50
FFFFFB86
FFFFFEBA
FFFFFFA5
0000023F
000001DF
000000FE
00000204
FFFFFBB8
000006B0
000001CF
00000555
00000BE4
00000CC0
FFFFFFD2
FFFFFE26
00000701
000001F9
FFFFFA64
000000BA
00000A41
FFFFF6D3
FFFFFD1C
FFFFFAEC
FFFFFC7A
000004D4
0000044C
00000F24
FFFFFA68
FFFFFEED
00000F73
00000792
0000055B
FFFFF8E2
FFFFFF7D
00000508
000002D4
FFFFFE6F
FFFFFCA8
FFFFF0A0
0000034A
000005B0
FFFFFF43
00000D25
000005D8
FFFFFBCF
FFFFFDF5
00000A71
000006CB
00000879
00000446
00000637
FFFFF811
00000B59
000003AC
00000873
000002C8
00000A84
FFFFFB1F
0000008C
0000071F
00000B4C
FFFFFE65
000001D1
000004A7
000001BF
000002B6
FFFFF6A5
00000592
FFFFF8BE
FFFFFC79
FFFFF84E
00000331
FFFFFEE9
FFFFFAAC
FFFFFA44
FFFFF52F
00000327
FFFFF6BA
FFFFFC83
000005A1
FFFFF4C3
00000580
00000934
FFFFFF45
0000010D
FFFFF78F
FFFFF7AD
FFFFFFAD
FFFFFF97
00000448
000001CF
00000A2D
00000079
00000EA0
0000013F
00000714
FFFFF975
FFFFFB4E
FFFFFCD4
FFFFFCAA
000000B3
0000009C
FFFFF6AD
FFFFFDC6
00000644
0000055C
0000061C
FFFFFA07
000004B5
000001BF
FFFFF146
FFFFFDBE
000004A2
FFFFFD7D
FFFFF8A1
00000564
000004B9
000009D0
00000AFA
FFFFF31C
FFFFFB41
00000C1B
000001B6
00000242
FFFFF9B3
FFFFFCA0
00000631
FFFFFB26
FFFFFAB0
0000039C
FFFFFE65
00000827
FFFFFCB7
FFFFF74A
00000004
FFFFFF82
000000E1
FFFFFC92
FFFFFFE0
FFFFFB19
00000349
FFFFFED8
FFFFF3EE
FFFFFDEC
FFFFF73A
000001CA
00000253
FFFFFFA4
000007E9
00000708
00000487
FFFFF72F
000003C9
FFFFFFE6
FFFFFDD1
00000296
FFFFFFE5
FFFFFA08
000003C4
00000413
0000002C
00000001
000003E9
00000347
FFFFFA2B
FFFFFC57
FFFFFB5B
00000594
FFFFF685
FFFFFC84
000004B7
00000A93
00000987
00000815
FFFFF67C
FFFFF174
FFFFF8F4
000000A8
FFFFEF46
FFFFFB77
FFFFEFD7
FFFFF87C
00000236
FFFFF9CF
FFFFFD5F
00000381
FFFFF8CB
00000261
00000754
FFFFF6D0
00000110
00000197
FFFFFB0A
0000010E
0000044D
FFFFFD97
FFFFF253
000000C3
00000D1D
000006E0
FFFFFE51
000000B8
0000003A
0000034D
FFFFF768
FFFFF5D0
FFFFFE85
FFFFFE00
FFFFFAF9
FFFFFDB1
FFFFFCA5
FFFFF184
FFFFF8E3
00000024
FFFFF4A8
FFFFFA98
00000EF0
000007ED
00000063
FFFFF97C
FFFFEE7C
FFFFFD02
00000199
00000A94
000008CB
00000332
FFFFFEA8
00000242
0000021F
00000870
000006A9
00000518
FFFFFC85
000002EE
FFFFF83F
FFFFFB2F
00000094
FFFFFB87
0000009A
0000010D
FFFFF57F
00000082
000007A7
FFFFFD45
FFFFFC1F
FFFFF349
FFFFF6B0
00000757
000000EC
FFFFFDD4
FFFFFA37
000000FB
000005B5
FFFFFDA1
FFFFF17D
FFFFF25A
0000016E
0000088C
00000798
FFFFF87D
FFFFFFBD
00000736
000002EC
FFFFF565
FFFFFC66
00000148
FFFFFA47
00000063
000005C4
FFFFF872
FFFFFD49
FFFFF520
FFFFFA3A
00000806
FFFFEFF1
FFFFF6A7
FFFFFA5D
FFFFF966
00000404
00000072
000000A1
FFFFFFF7
FFFFF1BD
FFFFFB05
FFFFF9FD
000002AD
FFFFF598
0000057F
FFFFEB46
FFFFF6E8
000005F7
000012F7
0000096F
000004FE
FFFFFA15
000007A1
FFFFFA44
00000572
FFFFFF82
00000208
000005AD
0000011F
FFFFF432
00000077
FFFFF8BB
FFFFF74C
FFFFFF9B
FFFFF684
000002ED
FFFFF9B5
FFFFFF01
FFFFFAF2
FFFFFCA4
FFFFF43E
000000A4
00000B2F
00000B0E
00000190
FFFFFAF9
FFFFEEB5
0000048B
00000501
FFFFFBCD
FFFFFDF7
FFFFFF7C
000009E3
FFFFFC4F
FFFFFB24
FFFFFA57
00001032
000009A7
00000D5F
00000CC5
00000A66
000001FD
FFFFFEBB
000000C6
00000E0D
000007D9
FFFFFB58
FFFFFA0B
00000064
FFFFFA25
FFFFFE7B
0000024B
FFFFF7F5
000002B3
00000468
00000007
0000044C
00000082
FFFFF856
FFFFFDBA
FFFFF92D
FFFFFB40
FFFFFA96
00000366
FFFFFD91
FFFFF762
FFFFFA73
FFFFF845
FFFFFF38
000003AE
000008A4
FFFFFE95
00000506
0000050A
FFFFFC65
FFFFF818
FFFFFF3E
FFFFF2F8
FFFFFBEE
0000036A
00000757
00000392
00000378
00000A13
FFFFFBA5
FFFFF8C9
00000971
000002EB
FFFFFE9E
FFFFFBDD
00000226
FFFFFDDC
FFFFF7FC
00000318
0000026A
0000025F
00000876
FFFFFF69
FFFFF022
FFFFFA6F
FFFFF79E
FFFFFEEA
FFFFF886
00000623
FFFFFBD8
00000B8B
FFFFFEE3
FFFFFEB5
FFFFF875
FFFFF0BF
FFFFF566
FFFFF153
FFFFFD1D
000002CC
0000044C
FFFFF188
FFFFEDF0
000005E5
0000007F
FFFFF980
FFFFF8DF
FFFFFB4C
000003D2
000002CF
FFFFFF6D
FFFFF05D
FFFFFAA1
FFFFFE48
FFFFFD30
00000DD1
000008C4
00000410
FFFFF24C
FFFFFA51
00000122
FFFFFBD1
FFFFFBB7
000004B7
FFFFFD33
FFFFFEE9
FFFFFBC7
00000524
FFFFFB0D
00000AF6
00000074
FFFFFD1C
FFFFFD6F
000004CB
000004BB
FFFFF2A7
FFFFFD0A
000006DB
00000385
00000701
FFFFF78D
0000045E
00000054
0000044B
000006CE
00000FBD
000004A7
0000026F
FFFFFB4C
00000143
00000714
FFFFFC93
0000085E
FFFFEF9E
FFFFFB6B
00000566
FFFFF4BC
000005AC
00000A8B
0000040C
FFFFF57F
000008CF
00000316
FFFFFBC8
000005E3
00000538
FFFFFDA3
FFFFF7B4
000004CA
FFFFF256
FFFFFF45
FFFFFB46
000003B3
00000C5A
0000008E
FFFFF7CB
FFFFF978
FFFFEEC9
FFFFF151
FFFFEFFE
FFFFFEDC
000004D5
000008C0
FFFFFC9A
FFFFFD56
0000005B
FFFFFE8C
00000748
FFFFF9C4
0000053D
000001BC
00000E23
000001DD
FFFFFF82
FFFFFF65
FFFFFFAA
FFFFFCE0
FFFFF4C4
FFFFF7A4
FFFFFE24
FFFFFAE4
FFFFF4F0
00000498
FFFFFB6D
000006C1
000000BE
FFFFFC1D
000000F2
FFFFFA79
00000367
FFFFF61C
FFFFF8AB
FFFFF86B
FFFFF8D5
FFFFFD2F
0000044C
FFFFFA16
00000292
000004B7
FFFFF501
00000864
0000046F
0000095F
00000A98
00000084
000001C9
FFFFF8A0
0000086B
FFFFFDC4
FFFFFA45
000002B4
FFFFF5DE
FFFFF0D8
00000170
FFFFF7BA
FFFFFC0F
000001B0
FFFFF988
FFFFFC8A
00000896
FFFFFC4D
000002C7
00000D1E
0000075F
0000024C
FFFFF6BE
FFFFFAAB
FFFFFCB0
000001C1
FFFFFC40
FFFFFF3E
FFFFFB63
FFFFF376
FFFFFD97
000002C2
FFFFF602
FFFFF9CB
00000088
FFFFFDD1
000003CA
000005A4
FFFFF4FD
FFFFFE08
0000051F
FFFFFEBB
FFFFFCA3
00000509
FFFFFA3E
FFFFF8C8
00000509
FFFFFB23
FFFFFF2A
FFFFF50F
00000448
00000BE8
00000801
FFFFFB13
FFFFFE96
FFFFFDC6
000008B4
000007CE
FFFFFF6F
FFFFFC00
0000058F
FFFFF489
00000090
000004D5
00000E0A
FFFFF79B
FFFFFAA4
FFFFF1DF
000000D3
00000007
0000005E
FFFFFAAD
FFFFFCC1
FFFFFEFE
000005EA
FFFFFC13
FFFFF531
FFFFFEA4
FFFFFAA0
FFFFFEAF
FFFFF8D6
FFFFF4B3
FFFFF1FB
FFFFFD56
0000007D
00000B47
FFFFF84E
FFFFFBB9
FFFFFAE6
FFFFF8F4
00000279
0000031E
FFFFFE2B
000002CB
000005E9
FFFFF653
000002B5
000012C3
FFFFFF55
0000106A
0000081D
FFFFF370
FFFFFF26
00000A7E
FFFFFE65
FFFFF814
FFFFFCEB
FFFFF74A
FFFFF779
FFFFF6F2
FFFFF12C
FFFFFE0A
FFFFF597
FFFFFD4E
FFFFF51A
FFFFF734
000000A8
FFFFFC1B
FFFFFF59
FFFFF93C
FFFFF943
0000023E
FFFFF54B
00000052
FFFFFA5F
FFFFFAC5
FFFFFDDB
00000041
FFFFF705
000002BF
FFFFFC27
FFFFF3DA
FFFFFC5A
FFFFFB2D
00000268
00000490
0000090D
00000A0B
00000760
FFFFFB02
FFFFFFA9
FFFFF7AC
FFFFFF45
000006CE
0000051F
FFFFFA69
FFFFF400
FFFFF101
FFFFF840
FFFFF748
FFFFFA4F
000003AD
000005AB
000001E8
00000466
0000014E
FFFFF3B5
000004D0
FFFFF688
FFFFFF55
00000089
FFFFF201
00000321
000005D5
FFFFFE26
FFFFFBC6
FFFFF1D4
FFFFED54
FFFFFF07
000002F5
FFFFF918
FFFFFD05
FFFFFF44
FFFFFD37
FFFFFE55
00000688
000000DA
000000CA
FFFFFE2B
00000247
FFFFF96F
FFFFF980
00000244
000003D9
0000025F
0000051F
00000237
FFFFFD11
FFFFFA45
FFFFFACA
FFFFFF84
FFFFFBBE
FFFFF6DC
FFFFFB0B
FFFFFCE0
0000016D
FFFFFFCB
0000061A
FFFFFC2C
0000010D
FFFFFCAA
0000039E
00000208
000007E8
000004B5
00000330
FFFFFF72
FFFFFE86
000009C1
FFFFF7D3
00000034
00000244
000001E6
FFFFF6CA
00000170
FFFFFCEA
FFFFFAE5
FFFFFF8C
FFFFFE2E
FFFFFD9B
000002A3
000002AC
FFFFFBD7
00000797
00000475
FFFFF688
FFFFFF32
000004E2
000004D9
00000257
000004FE
FFFFF935
0000044B
FFFFFDC7
FFFFFF58
FFFFF72B
000001D8
000001B9
000001E4
00000494
00000720
00000597
00000297
FFFFFF49
00000B21
FFFFFBCE
FFFFFF50
FFFFFFB2
000003D8
FFFFFD1D
000009CB
00000084
00000D0C
FFFFFF53
00000281
FFFFFD3F
00000B9F
00000661
000001E1
FFFFFEA9
000002D5
0000076A
FFFFFFFA
000001C6
00000160
000008D0
0000138E
FFFFFAAC
FFFFFF0C
000003DD
FFFFF6A8
FFFFF6CF
FFFFF41A
FFFFF22F
FFFFFA82
0000024C
FFFFFFCA
00000632
0000054C
FFFFFDF2
FFFFFB1F
FFFFFD3D
000007F9
FFFFFB76
00000138
0000040A
000005C1
000001B4
FFFFF7A3
FFFFF4AA
FFFFFA0D
00000815
000003CE
FFFFFCFD
00000288
FFFFFC96
FFFFFE4B
FFFFF83A
FFFFF282
FFFFF728
0000031F
00000CFF
FFFFFFF9
FFFFF70E
FFFFFB41
000002EF
FFFFFFFC
00000081
FFFFFC66
00000582
000007A0
0000034F
FFFFFDFA
FFFFFC34
0000024E
FFFFFE1D
00000756
000003F1
FFFFFF54
FFFFFBD6
FFFFFD56
FFFFF942
FFFFFE88
FFFFFB40
FFFFF644
FFFFFCDB
000006B2
000003AA
FFFFF9D4
00000511
00000816
FFFFFEC9
FFFFFB03
FFFFFCAA
FFFFFF9D
000009C1
FFFFFD77
FFFFFEEE
00000343
FFFFFF9E
FFFFFB36
00000256
0000019B
FFFFFDFE
FFFFF541
00000159
000000F5
FFFFFC16
000004FC
FFFFFDE3
FFFFF802
FFFFFD69
FFFFFA7E
FFFFFFF5
FFFFF923
0000019C
FFFFFAA6
0000036D
FFFFFEEC
00000772
FFFFFAF1
FFFFF888
FFFFF905
0000037C
00000C1C
000004A2
FFFFFD09
FFFFF565
FFFFFE42
FFFFFBF4
FFFFF8B7
FFFFFE96
FFFFFCCC
FFFFF73F
FFFFFDEF
000000D2
FFFFFAFD
FFFFF67F
FFFFFA77
000000C3
00000388
FFFFF889
FFFFFCEB
FFFFF971
00000077
000000AB
00000475
FFFFF8DC
FFFFF81C
FFFFF6AB
FFFFF9CE
FFFFF98F
FFFFF953
FFFFF91B
FFFFF21B
FFFFFAC3
FFFFFB7B
000002D1
FFFFEEDB
000002B7
FFFFF7DB
FFFFFC70
FFFFFCE3
000001B3
FFFFF980
FFFFF473
00000177
FFFFFACB
FFFFF6AC
FFFFF7FD
0000004E
FFFFFDED
FFFFFAF7
FFFFF90D
00000646
FFFFFA41
FFFFFF28
000003BF
00000242
00000055
FFFFFC3A
0000051C
0000060D
FFFFFF04
FFFFFD49
FFFFFEC2
FFFFFB6D
00000684
FFFFF901
FFFFFD75
00000093
00000142
000002D2
FFFFFA29
FFFFF93C
FFFFFAD2
FFFFFEF6
FFFFFA0A
000004CB
FFFFFB6F
FFFFFC7A
FFFFFC39
FFFFFE7F
00000542
FFFFF557
FFFFF6AD
FFFFFEEC
FFFFFDA1
FFFFFD6F
FFFFFD7F
0000062C
000000CB
0000054F
000000CE
00000562
FFFFFB45
FFFFFF35
000006AB
FFFFFF7D
0000056C
0000019B
000001F9
00000769
00000118
0000004C
00000388
00000454
000001B1
00000170
FFFFF9E4
FFFFFB4F
00000005
FFFFFCA4
000009D0
FFFFFB3A
0000032D
000003AF
000000E6
00000558
0000037D
FFFFFA7D
FFFFFB3A
FFFFF9D5
000004C0
FFFFFD61
FFFFF98D
FFFFFF95
00000502
000003E5
0000085E
00000119
FFFFFB01
FFFFFF05
FFFFF79A
FFFFFAFB
FFFFFDE1
FFFFF50F
FFFFF97C
00000091
FFFFFDB1
FFFFFCB5
FFFFFD66
FFFFFD67
000000D7
FFFFFB75
0000045D
FFFFFC67
0000014A
00000178
00000014
00000430
FFFFFC70
00000245
FFFFF925
FFFFFC8B
FFFFF999
FFFFFE19
FFFFF539
FFFFFDD2
000000FD
FFFFFF46
FFFFFCBF
FFFFFF31
0000056F
FFFFF8BC
FFFFF3CF
FFFFFD3A
0000009B
000002C3
000005F0
0000066E
FFFFFFE0
FFFFFF75
FFFFF9C5
FFFFFC1D
FFFFFC55
0000015C
00000361
FFFFF9D9
00000125
FFFFF99F
00000317
0000007F
FFFFFBD5
FFFFFEB7
FFFFF8BA
FFFFFC59
FFFFFD6E
0000076C
00000433
000002ED
FFFFFDDA
000002B6
FFFFF759
FFFFFC4A
FFFFFDEB
FFFFFB5D
FFFFFCF4
FFFFFD8E
000001AD
0000012C
000003B9
FFFFFFFC
0000041D
0000018D
FFFFFB3B
00000207
000002FA
000004DF
00000403
FFFFFA73
000003A3
0000033D
00000600
000000A7
00000190
FFFFFED5
00000494
FFFFF9B4
00000854
FFFFFFBF
000006DF
FFFFFCBA
FFFFF6E4
00000681
FFFFFDC3
0000042B
FFFFF628
000006B4
00000243
000000C5
0000083B
00000988
0000051F
000001ED
00000325
FFFFFE69
000003B9
00000531
000007CC
FFFFF90D
FFFFF68B
FFFFFF88
FFFFF73F
00000127
FFFFF9DD
FFFFFDDD
FFFFF778
00000148
00000A6D
FFFFFD68
FFFFFDB1
0000010D
FFFFF760
00000419
FFFFFAD3
FFFFFC4D
000003C9
FFFFFE69
000007BC
FFFFFC7F
FFFFFF3E
000001B9
FFFFF861
00000419
FFFFFBD1
FFFFFC8B
FFFFFC25
FFFFFC7B
000003A2
FFFFF910
FFFFFB01
00000213
FFFFFA1D
000009B3
00000B89
0000044D
FFFFFFD4
FFFFFDD1
FFFFF718
FFFFFC00
FFFFF63C
00000320
000006E8
000002E5
000000FC
00000663
0000051E
00000306
FFFFFCB1
0000012F
FFFFF641
0000038F
0000000D
00000259
FFFFF438
00000336
00000389
0000032B
FFFFF8CE
FFFFF69F
FFFFF883
00000A0D
0000027F
FFFFFF29
00000564
FFFFFAD2
FFFFF325
FFFFF999
FFFFF438
00000818
000007D0
00000890
FFFFFD61
FFFFFD81
FFFFF99B
00000A2F
0000026D
00000BAE
FFFFFD3A
0000015C
FFFFF8A1
000002B1
FFFFF7EF
FFFFFF3F
FFFFFC22
FFFFF9C1
FFFFFC8E
FFFFFEB8
FFFFF517
000004AC
0000029F
FFFFF942
FFFFF96D
FFFFF9C5
FFFFFE85
00000002
FFFFFEDC
FFFFFAFC
000005ED
FFFFFC9B
00000002
0000039F
0000025B
00000372
FFFFFECA
FFFFFA68
00000100
FFFFFE50
0000025A
FFFFFF37
FFFFF811
000002B4
FFFFFD6B
00000183
FFFFF7DF
FFFFFC1F
000006C5
00000983
FFFFFB41
FFFFFEE8
0000062D
FFFFFC74
00000892
000004ED
FFFFFBFF
FFFFFFE7
FFFFFCF0
000004C1
FFFFFBA9
FFFFFFE3
FFFFF839
FFFFFDD5
FFFFFBEE
0000009B
FFFFF72D
000003E3
00000512
FFFFF65D
FFFFFCD3
FFFFFBA5
FFFFFCAB
FFFFFEC7
00000460
00001180
00000C7A
00000C2C
00000688
000004B8
000007D3
00001148
0000053B
FFFFFE62
FFFFF9CE
000002BB
0000037A
000001BB
000005B8
FFFFFFD1
FFFFF18A
0000038D
000004BD
000004FF
0000070C
0000028A
00000CCB
000002C2
00000C72
00000EFA
FFFFFEDF
00000D5C
00000716
FFFFF918
00000587
00000761
FFFFF880
00000642
00000392
000000DB
00000326
00000624
000002F4
00000399
00000501
000002F2
FFFFF690
FFFFFEAF
FFFFFF36
00000EE3
FFFFFCAC
00000319
FFFFFDE9
FFFFF97F
00000A79
FFFFF992
FFFFFF77
0000078A
FFFFFE42
FFFFFDB0
00000D3A
FFFFFBEC
00000B81
00000A0B
0000086F
000007A4
00000A44
00000B83
FFFFFA95
FFFFF767
FFFFF708
000009D6
FFFFF737
00000B49
FFFFFD36
00000AC0
00000309
000009E2
0000057E
FFFFFCA0
FFFFF8B2
000002C1
00000400
00000483
FFFFF4D1
FFFFF6FE
FFFFFA62
00000E98
000003FF
00000269
FFFFF14A
00000833
00000FB2
00000BCA
000000DB
000011F4
000015F7
000003F5
000001C7
0000017D
000004C4
00000D2F
0000051F
000012F3
FFFFFCCC
000002E3
000006D9
00000952
000001DE
00000918
FFFFFE1C
000002CF
FFFFFD6F
000007E3
FFFFFD3E
FFFFFF7B
0000033F
00000954
FFFFFEC2
00000A40
0000048E
00000111
FFFFF762
FFFFF9A5
00000394
00000255
000005B8
FFFFFE55
FFFFF6BC
FFFFFD30
FFFFFD8E
0000022D
0000038D
00000523
00000B9B
000000A2
0000045B
0000027D
FFFFFD33
FFFFF9A0
FFFFFDDE
00000C74
FFFFFF4A
FFFFFF50
FFFFFDAD
FFFFFCE9
FFFFF694
FFFFF907
000004D3
FFFFFC86
00000D04
0000079F
0000035C
00000861
000008C0
FFFFF5F7
00000613
0000059C
FFFFF716
FFFFF96F
FFFFFEEA
FFFFFEF4
FFFFF6A1
FFFFFD4E
FFFFFA33
FFFFF55F
00000CA2
0000065E
00000399
FFFFFEC8
0000091E
00000A3C
FFFFFA8B
FFFFFF9C
000003D5
00000077
FFFFFC5B
FFFFF83A
000002A2
000003DC
000014C9
00000CF2
FFFFFD58
FFFFFDF0
000005C2
00000855
00000767
000007EF
0000010A
000003DD
0000073C
000005DC
000012A1
FFFFFA65
00001031
00000A03
00000631
00000ED0
00000272
000005D2
0000135D
000006C7
00000F1E
FFFFFB93
00000E07
000003AF
FFFFF4E2
FFFFF807
00000453
00000558
00000006
000008F5
00000D1C
FFFFFF91
00000D51
0000011B
FFFFF87F
0000064A
000000C9
FFFFFE56
FFFFFC76
00000845
00000B7E
00000A90
000009A5
00000496
000004D6
0000074B
FFFFFB03
000009CA
000005E1
00000729
FFFFF230
FFFFFB7C
FFFFFCD2
FFFFFDF9
00000686
FFFFFD32
FFFFFAC1
000003B8
0000077A
00000617
000001DC
000003B6
00000A6F
FFFFF719
00000B8E
FFFFFE81
FFFFF5FD
000007F4
000007B0
00000139
FFFFF7AD
FFFFF8DB
FFFFF829
FFFFF74E
FFFFFC0F
000004F0
00000DB3
FFFFFBD5
FFFFFADE
00000436
00000000
00000154
000002EE
00000124
00000A86
FFFFFFC9
FFFFF887
FFFFFC32
FFFFF838
FFFFF236
0000009D
00000963
FFFFFD62
FFFFF6A3
FFFFFF2D
00000951
00000385
000003C5
00000501
FFFFFD4C
00000522
FFFFF7CA
0000027C
00000863
00000E81
FFFFF967
00000352
0000094D
FFFFFF1F
0000016B
00000772
000005D4
00000887
000004B7
FFFFFB5D
0000019B
FFFFF71F
FFFFFDB8
000003D5
000009EF
FFFFF86F
FFFFFC54
0000067C
FFFFF55F
FFFFFE45
000006AE
FFFFF869
FFFFFFCA
FFFFF9A1
00000DE9
000007BE
00000540
FFFFFF9B
00000DB5
FFFFFA80
0000010F
00000BCA
00000428
000000F5
000002FE
00000B1A
000008C8
FFFFFB7A
00000278
00000BCE
FFFFFF85
000009A6
FFFFFFA4
FFFFFC47
00000B3F
000002A3
FFFFF247
FFFFFCC1
FFFFF758
FFFFF6C9
FFFFFF35
FFFFFBE0
00000FD8
00000014
00000265
00000A6E
00000E86
FFFFF2D0
000004F3
0000082D
0000000C
0000037E
FFFFF5E6
FFFFF6BA
FFFFFE35
000000DC
000001A8
00000327
000006CA
FFFFFF15
FFFFFE5F
00000B83
FFFFFE4D
00000163
FFFFFE31
00000B30
FFFFFE63
00000252
0000015D
FFFFF828
0000087F
00001108
FFFFF799
FFFFFAFB
0000046A
000000FC
00000C6D
FFFFFDE8
00000795
00000900
000007E4
FFFFF8ED
FFFFFD50
FFFFFE34
0000099D
FFFFFE4B
000001CF
00000B88
000002E2
00000336
FFFFF3E6
000006D0
00000C7E
FFFFFCFA
000002E0
000009BD
FFFFFBCA
FFFFFDB4
0000022C
000005F9
00000CB0
FFFFF793
FFFFFD96
FFFFFDE5
FFFFFEA5
000006A0
FFFFFA56
000002EF
00000C0A
00000332
000006D1
000008CF
FFFFFC2D
000007E8
0000050F
000005BA
FFFFFEC7
000000A4
00000142
00000A27
FFFFFB1D
FFFFFE97
000006C1
00000683
00000423
000007F0
000002C1
FFFFF333
FFFFFDC8
0000069F
00000653
FFFFFD8D
000005DA
000003F6
FFFFFF72
00000392
00000455
FFFFFA8C
FFFFF72D
000001B1
00000C87
FFFFF387
000004B1
00000562
FFFFF778
FFFFFD3E
FFFFFCAE
00000A6B
00000ADA
0000043D
FFFFFE33
0000047C
FFFFFF43
00000DBD
FFFFFA96
00000781
0000013D
000001DF
FFFFFC51
000005AA
0000007F
00000DBE
FFFFFF45
FFFFFEF8
000009DC
0000047D
FFFFFD2D
FFFFF726
FFFFFED4
FFFFF034
FFFFFD23
00000067
000000C4
FFFFF8AA
FFFFFB37
FFFFFC09
00000011
0000092E
000005E9
00000371
FFFFFE14
FFFFFECC
000007BF
00000101
000005D5
00000315
FFFFFA8D
FFFFFA7C
000004DA
0000011A
FFFFF8C5
00000AFC
0000043C
00000516
000006E8
00000936
0000024E
00000871
00000C4B
0000065A
FFFFFD7A
00000D60
FFFFF921
00000973
FFFFFDD9
000006D0
FFFFFEE2
FFFFFE8D
00000AB7
FFFFF7EC
0000008C
FFFFFF07
000009A1
FFFFF48A
FFFFFB58
FFFFFC62
00000B09
FFFFF68E
FFFFFE8B
FFFFE81F
000001E6
00000A21
FFFFFBF0
0000077A
00000423
00000703
0000055A
00000DA1
000001C5
FFFFFE26
00000BD5
00000520
00000573
0000094D
00000A0E
00000761
FFFFF924
000005C8
0000048B
FFFFFA00
000002FE
FFFFF7FF
FFFFFF73
00000028
FFFFF369
FFFFF555
00000588
FFFFFF59
00000F98
000004DE
0000033B
00000DED
000003E7
0000059B
000003A0
000008F5
FFFFF9B7
00000995
0000087F
00000276
00000A86
00000F83
000002EA
00000AB3
FFFFFCF6
000005B2
00000084
FFFFF617
00000866
00000455
00000510
FFFFFF40
000004DF
FFFFFE58
FFFFFFE0
FFFFF49D
FFFFFFF6
FFFFF81A
00000A03
FFFFF1CD
FFFFFD4E
00000E3C
FFFFF88A
FFFFF164
