FFFFFD5C
000004DF
FFFFFC49
000005EB
00000C22
FFFFFCD1
FFFFFD09
00000559
00000918
00000E65
0000050C
0000077D
000010B0
00000994
00000D39
000000F6
00000D1A
00000848
000007BC
FFFFFA25
FFFFF984
0000027B
0000034F
FFFFFD81
FFFFFFAA
FFFFF7A8
0000061C
FFFFFFEA
FFFFFFA4
FFFFFC94
000008C4
000007D0
00000194
000007BB
00000250
FFFFF97F
FFFFFEED
FFFFFA62
000003AC
00000504
000000DB
0000077E
FFFFFC1F
FFFFFC8A
FFFFFFDA
0000012E
000007D8
FFFFFCB4
FFFFFF2A
00000631
FFFFFE80
00000594
000006A8
FFFFFB3B
0000051A
000004E7
FFFFFBF3
FFFFF98E
00000BC1
00000523
00000A8C
FFFFF7C6
FFFFFEF8
FFFFFAAA
FFFFFD01
FFFFFA8D
FFFFFB73
FFFFF924
FFFFFE08
FFFFFDE1
FFFFFAA3
FFFFF705
000002A8
00000108
00000B09
0000067C
FFFFFA23
FFFFFE8D
00000E74
00000569
000004E5
00000242
FFFFFB09
00000108
FFFFF643
000001AE
FFFFF2B5
FFFFF665
FFFFF82D
FFFFFFFF
FFFFFDED
FFFFFB2E
00000494
FFFFF7AA
0000088E
00000576
FFFFF63C
00000252
FFFFF77C
FFFFFFBA
FFFFFE11
00000431
FFFFFDBB
00000439
00000760
FFFFFDB7
0000087F
000004AA
00000746
FFFFFD11
000003D7
000004B9
0000019B
FFFFFE6F
FFFFFF31
FFFFFD06
000004A0
FFFFF8B5
FFFFF507
FFFFFEC0
000005ED
FFFFF4E9
000008C3
FFFFF7E1
00000221
FFFFF6E1
000000E5
0000053C
00000159
000006E6
00000330
FFFFFEC9
00000A75
00000C31
00000751
00000131
FFFFF8BE
000002D2
0000015F
00000909
FFFFFEE5
FFFFFDD3
FFFFFD4C
00000379
00000309
FFFFFB25
FFFFF759
00000166
FFFFFF7B
0000050E
FFFFFB2C
FFFFFE29
00000168
FFFFFCDD
0000037A
0000017B
FFFFF8EE
FFFFF8B0
000005AA
FFFFFB91
FFFFF950
FFFFF816
000005E2
0000002D
000000E7
00000624
00000535
000001CE
000001D6
000003DF
00000188
0000022A
00000689
FFFFFA3B
000000CE
00000040
FFFFF83E
FFFFFBCA
FFFFFDFD
FFFFFD10
000004AC
000004AE
FFFFFF6C
000008DD
FFFFFE4E
FFFFFC5A
0000027B
0000005B
00000488
0000074A
FFFFF868
FFFFFD72
00000AC6
FFFFFBF6
0000047A
00000310
00000210
000007F4
000000C4
000000D6
00000240
00000324
00000D00
FFFFFDA8
FFFFFDEA
00000036
FFFFFFD3
0000007B
00000051
FFFFFA2D
00000088
FFFFF682
FFFFFF41
FFFFFBD2
FFFFFE8E
FFFFF5DF
FFFFFECF
FFFFF89A
00000257
FFFFFD33
0000054A
FFFFFABB
FFFFFAF9
0000055C
00000454
FFFFFCAD
FFFFF504
00000251
FFFFFAC4
FFFFF942
FFFFF9AC
FFFFFE6A
FFFFF6B7
FFFFFA4A
000004D3
FFFFF928
FFFFFF63
FFFFFA0E
00000356
00000229
000004E8
FFFFFDC5
FFFFF888
FFFFFCF6
00000141
00000091
0000040B
00000042
00000285
FFFFFB8B
FFFFFFD7
FFFFFD76
00000559
0000076E
FFFFF523
000002FA
FFFFFCC0
FFFFFEBF
000001B3
000003D8
FFFFFF50
FFFFFB2C
FFFFFB7D
FFFFFECD
FFFFFD97
000001FF
FFFFF708
000002B5
000006E4
FFFFFB7A
FFFFFE3A
FFFFF92A
FFFFFC08
FFFFFCA2
FFFFFED8
FFFFFBEF
0000020E
0000030E
FFFFF460
FFFFFFC6
00000374
000001A3
FFFFFC72
FFFFF636
000004A2
000000C1
FFFFFA36
00000245
FFFFFFD9
FFFFF989
000008E1
00000088
FFFFFCF9
FFFFFF04
00000343
FFFFF846
FFFFFBF9
000001A4
000007D5
0000072F
000001E2
00000B55
000002A1
00000553
00000641
00000A69
FFFFFE39
FFFFFFDC
0000011E
0000054B
FFFFFEA3
000004F3
0000004F
00000522
FFFFF7B9
FFFFF7B0
0000001F
0000002F
FFFFFCFA
FFFFF978
FFFFFCC0
FFFFF947
FFFFF69A
FFFFFCB1
000006C2
FFFFFD4B
0000029C
FFFFF724
FFFFFB92
FFFFFEC0
FFFFFA24
00000D36
FFFFFC51
FFFFF7ED
000002B2
000003D7
00000118
FFFFFE36
000001F1
0000004E
FFFFFB96
FFFFFCEA
00000414
FFFFF38C
0000084C
00000879
FFFFFBE4
FFFFFDFA
000000FB
000004FC
000009DC
000004B9
FFFFFCFF
00000182
FFFFFCCA
FFFFFA45
0000055C
0000021B
0000059C
00000A9D
FFFFF8CD
00000685
FFFFFE0A
FFFFFB03
00000BA0
0000061A
FFFFFB22
000007BD
000007A4
000001C2
FFFFFE2E
FFFFF761
FFFFFE44
FFFFFCFE
FFFFF9D2
0000009E
000004E0
00000963
FFFFFD3B
FFFFFD8F
00000283
FFFFFB05
FFFFF825
FFFFFDCF
000004B4
0000004C
FFFFFE62
FFFFF9D8
000001D8
FFFFFC32
FFFFF69A
00000245
FFFFF856
FFFFFC05
FFFFF56D
000002E1
000001F5
FFFFF971
FFFFF4D5
0000041F
000004B0
FFFFFC40
FFFFFCA0
FFFFF6B2
FFFFFA64
0000026C
FFFFF9F0
FFFFFEB2
FFFFFF71
FFFFF58B
00000F39
00000B2C
FFFFFDF6
00000505
00000389
00000603
00000581
00000842
000006BB
000009E2
FFFFF8C1
000004C4
00000287
FFFFF62F
FFFFFCC7
FFFFFF4F
FFFFFE05
00000D13
FFFFFDE8
00000400
00000108
00000884
FFFFF9BA
00000359
FFFFFF9C
FFFFFA3E
FFFFF67D
0000014B
FFFFFF0B
00000808
FFFFFF30
0000063F
0000027B
00000123
FFFFFF3A
FFFFF7D4
0000074C
FFFFFDCF
FFFFFCF5
000000B0
FFFFF6B4
FFFFFC60
00000435
000005A9
00000363
000001D3
FFFFFA01
0000029A
FFFFF9BF
00000053
0000068C
FFFFFF28
000002D0
00000A19
FFFFF87E
FFFFF739
000006E7
00000761
FFFFF8F4
FFFFF787
FFFFFE85
FFFFFCFB
FFFFF920
00000376
000000DD
FFFFFFB4
FFFFFBCA
FFFFFF40
00000410
000002AD
000006EE
0000084F
FFFFFE67
FFFFFE87
00000949
00000627
FFFFFBCD
00000733
0000037F
FFFFFC18
000007BE
FFFFFD47
FFFFFC07
FFFFF778
00000262
FFFFFAC1
FFFFFACF
FFFFFBB0
FFFFF796
00000549
FFFFFD4B
FFFFFFFE
FFFFF928
FFFFF5A9
00000258
00000529
000001D9
00000068
0000009C
FFFFFF5C
00000170
000006F8
00000AE7
000006E6
FFFFF866
000006A7
000001C0
FFFFFFF7
000000CB
000000DB
FFFFF8E7
FFFFFA0B
FFFFFCCB
00000AC0
0000026B
000002FA
0000086F
00000533
FFFFFE6E
00000140
00000095
000003D7
0000018F
FFFFF44F
000007D7
FFFFF8F7
00000480
00000681
FFFFFDDA
00000413
0000015A
00000166
FFFFFA8B
0000004D
0000056D
00000456
00000565
FFFFFD40
FFFFFEE7
00000AE9
FFFFFB74
000008D6
00000BBE
FFFFF2FF
0000055A
0000003E
FFFFFE45
00000519
FFFFFE39
0000048E
000008EE
FFFFFDFF
FFFFFDC6
00000488
0000027E
FFFFFDAB
FFFFFE16
000004DF
FFFFF74F
FFFFF8C3
FFFFFE8A
FFFFFA5D
000008D2
000002B5
000005D6
000006B7
00000225
0000072E
FFFFFFCA
000001FD
00000083
00000808
000005B9
FFFFFF8E
FFFFFF54
000005AB
FFFFF789
FFFFFFFB
00000408
FFFFF8D4
000003FC
0000030B
FFFFF7BA
000006F5
FFFFFB88
00000354
FFFFF7E6
00000193
FFFFFA09
FFFFFFA8
0000000C
FFFFF763
FFFFFD7B
FFFFFDD1
FFFFF9C5
00000521
0000003F
0000010B
FFFFFA72
FFFFFBF4
FFFFF5D1
FFFFFC45
0000059C
000000CB
FFFFF512
00000459
FFFFFE6D
000002EC
0000012F
FFFFFCEB
00000733
FFFFFB7F
0000054E
FFFFFBF9
0000054B
00000109
0000079C
FFFFFAFA
FFFFF8EB
FFFFFB5D
FFFFFA74
FFFFFADB
FFFFF8FD
000002E7
000004E5
00000162
FFFFFCC6
FFFFFD84
00000653
FFFFFFAA
FFFFFC6C
00000629
000007DC
000008D8
FFFFF655
000004EC
00000B31
FFFFF9A2
000005B6
FFFFF991
FFFFFF1B
FFFFF9EC
FFFFFB60
FFFFFD1E
FFFFFDE2
0000042B
00000548
FFFFFE8B
00000184
00000720
FFFFFDB1
FFFFFE5C
00000940
FFFFFCC2
000005D8
00000542
FFFFF5E5
00000549
FFFFFFEF
FFFFFD7B
FFFFF87D
00000262
FFFFF28B
FFFFF9AA
0000030D
FFFFFD78
FFFFFFA1
FFFFFCCC
FFFFFADE
0000008B
0000029A
FFFFF826
000005BF
FFFFFEE0
0000020E
00000158
FFFFFBE3
FFFFFC58
FFFFF7A1
000003D9
00000F08
FFFFF9CC
FFFFFBB7
000008C9
00000181
FFFFFD2D
FFFFFB4F
FFFFF256
0000065C
FFFFF8D9
00000168
00000127
FFFFF86D
FFFFFEEF
FFFFFE4D
FFFFFEB1
FFFFFF50
000003CF
00000223
FFFFFE78
00000333
FFFFFCA2
FFFFFAD4
0000038D
FFFFF6C1
FFFFFCAE
00000754
FFFFFA4A
000003FD
FFFFFDFB
00000612
FFFFF5E8
FFFFF7B9
0000065C
0000058A
00000649
FFFFF62D
FFFFFC59
0000051C
FFFFF652
FFFFFB10
00000307
000006E2
FFFFFEC9
FFFFFD2A
FFFFFDCC
000001DF
0000042B
00000729
FFFFFFA3
FFFFFFE6
FFFFF631
00000748
FFFFF4D3
FFFFFE98
FFFFFC89
000006BF
000001E5
FFFFFD43
000002FE
00000374
FFFFFD83
00000125
0000090D
0000043F
0000058A
0000064D
FFFFFB3F
FFFFF8E7
FFFFFD24
FFFFF776
FFFFFBED
FFFFFEDA
FFFFF911
00000550
0000038B
FFFFFE3A
0000000D
FFFFFEFE
00000862
FFFFFDD4
FFFFFCAB
FFFFFE63
FFFFFBF8
FFFFF6C7
FFFFFF92
0000022C
00000377
000004D6
FFFFFD6D
FFFFFA8C
000004B8
000002CB
00000765
FFFFFB51
FFFFFB8F
000005BE
00000156
FFFFFFE8
FFFFFB65
0000075F
FFFFF92C
FFFFF959
FFFFFA3B
00000053
FFFFFFE8
00000597
000007B8
00000187
0000070D
0000027D
000008F3
00000430
FFFFFCD5
FFFFFE5C
FFFFF901
00000A1D
000001DF
0000018A
00000A98
FFFFFD0E
0000074F
FFFFF5AE
FFFFF62A
FFFFFC30
0000035D
FFFFFEC1
0000037F
000008FE
00000898
FFFFFA49
FFFFF51A
FFFFF726
00000068
00000919
00000036
0000011F
000008E0
FFFFFF5D
00000651
00000D32
00000B89
000002C8
000001D1
00000A1C
000004A7
000001BC
FFFFF747
FFFFFC6A
000000CE
FFFFF9F0
FFFFFF7C
000002A1
FFFFF19A
FFFFFD26
FFFFFFB4
00000B6C
0000080A
00000392
000003BD
FFFFFCB4
FFFFFDB2
00000BBC
FFFFFC38
00000CB4
000003B5
0000017F
00000986
00000527
FFFFFF7B
00000931
000004D1
FFFFFD5E
00000579
FFFFF9BF
FFFFFE76
0000062A
000000D6
FFFFFEA2
00000440
00000A48
0000069C
FFFFF978
FFFFFFA5
00000313
FFFFFB7B
FFFFFFCB
FFFFFE12
FFFFFCD3
00000A97
FFFFFA93
FFFFFE75
00000209
FFFFFEF2
FFFFFE6B
FFFFFA00
00000ABB
FFFFF827
FFFFFF4D
FFFFFF72
FFFFFA62
0000005E
FFFFF8BC
FFFFF8EF
00000423
FFFFFAD8
00000529
FFFFFEF2
FFFFFC75
00000358
00000129
FFFFF655
000001C4
FFFFFD34
00000DD1
FFFFFAC4
FFFFF63D
0000047A
FFFFF83F
FFFFFC12
FFFFFFE1
FFFFFF64
00000225
0000016D
FFFFF735
FFFFF5FB
000004DF
FFFFFAA9
000005CE
FFFFF8C7
FFFFFA6F
00000083
FFFFFB31
FFFFFAF6
FFFFFA3C
0000065B
00000461
000003E9
FFFFFEEE
FFFFFC08
0000035B
00000341
FFFFFD47
000001B3
FFFFF7A0
00000173
FFFFFECD
00000528
00000242
FFFFFD37
0000017D
FFFFFC63
00000485
FFFFFE89
FFFFFD28
00000552
000002FA
FFFFFAC5
000003E7
00000920
000001B3
FFFFFC4C
000008B7
00000751
FFFFFC20
000005A2
00000397
000009E6
FFFFF999
000007B9
00000A8D
FFFFFBFF
FFFFFBD0
00000591
00000468
FFFFFD28
000009D2
000000E2
00000291
0000061D
FFFFF8D0
FFFFFFB9
000001B5
00000391
000001ED
0000081E
0000032F
FFFFFE67
0000001F
FFFFFF5C
FFFFF872
0000006E
00000942
00000916
FFFFFDD8
FFFFF46F
00000AE3
FFFFF8A5
FFFFFD3C
000003DF
FFFFFD2A
FFFFFDEA
00000419
0000057F
FFFFF83D
FFFFF2D3
FFFFF772
00000047
FFFFFD9A
00000205
000006D6
FFFFFDEE
000000D5
00000739
00000393
FFFFF8D3
000008E7
00000B11
FFFFFA5B
000004BE
FFFFF55A
FFFFFF19
00000130
00000695
FFFFFCD2
FFFFF6E1
FFFFFB35
00000302
00000334
FFFFFB7D
00000353
000001B5
0000002A
FFFFFD7B
FFFFF448
FFFFFB1E
FFFFFA7B
000002AE
FFFFF787
FFFFFDDA
00000505
FFFFF841
FFFFFA72
00000529
FFFFFC97
FFFFF364
FFFFFE74
FFFFFCC4
FFFFF624
FFFFFC0D
0000022F
FFFFFC25
00000470
FFFFFBFA
FFFFFF32
0000001F
0000024C
FFFFFFC7
000002E2
000005C6
FFFFFD60
FFFFFDB6
0000092B
FFFFF92D
FFFFFDBE
000005BA
FFFFFC2C
000005C8
000006F9
FFFFFE5C
FFFFFC57
00000EC7
FFFFFD34
FFFFF96A
00000E92
FFFFFA58
FFFFF73A
FFFFF93E
000003CE
0000038E
FFFFF488
00000003
00000D9E
FFFFFE4C
000000DB
00000C7B
FFFFFC10
FFFFFAD9
000005AF
FFFFFFFF
FFFFFF85
FFFFF779
FFFFFE22
00000894
00000163
000004E1
0000043C
00000755
000000B1
000001DE
FFFFFE81
FFFFF7C2
00000522
FFFFFCEF
FFFFFCF7
FFFFFC58
000000AC
FFFFFBF8
FFFFFFD9
FFFFFDE1
FFFFF973
FFFFFD5E
000004AB
FFFFFCDA
FFFFF8A1
FFFFFEFE
00000640
FFFFFAF7
0000082B
000007A5
0000018D
000009CE
00000237
00000004
FFFFFD45
0000059D
FFFFF94F
000010C8
FFFFFEBA
00000341
00000A93
FFFFFEA9
00000448
000001A2
0000008F
000001F3
FFFFF761
FFFFF7C5
FFFFFE10
FFFFFA2A
00000510
FFFFFF58
000000B1
0000083E
FFFFFCD9
00000B84
FFFFF66C
FFFFF9C9
FFFFFEAF
000000EA
0000015A
FFFFF2D7
FFFFFFC7
FFFFFB5A
000003D8
FFFFFC7B
FFFFFC7D
0000021C
FFFFF77F
FFFFFE76
FFFFFD6A
FFFFF819
00000161
FFFFFD52
FFFFFDEF
FFFFF9FE
FFFFFBF4
FFFFFFFC
FFFFFA1E
FFFFFE9F
FFFFFF0B
FFFFFD6E
FFFFFD21
FFFFFD37
FFFFFDBA
0000009F
FFFFFCA7
FFFFF89D
FFFFFFC5
00000173
FFFFFEB8
000002F3
FFFFFDA3
FFFFF819
FFFFFB8F
FFFFFFBC
00000054
00000A07
00000577
FFFFFD47
000008A3
FFFFFF85
FFFFFD67
FFFFF376
FFFFFC71
0000049A
00000CB9
000005C2
FFFFFD9A
00000919
00000342
00000211
FFFFFE88
FFFFFDE1
FFFFF84A
000003CF
00000043
FFFFFB7A
FFFFFBE5
0000045B
FFFFFA9D
000009C1
00000506
FFFFFCC0
FFFFFDD0
FFFFFB88
FFFFFDD5
FFFFFE4A
FFFFFC98
FFFFF1F3
00000106
0000026D
FFFFFC1E
FFFFFCEB
000000AB
FFFFFA0B
FFFFFD51
000007A5
FFFFF912
00000107
FFFFFBFE
00000273
FFFFF4E1
00000011
000008CE
00000996
00000206
000008F3
00000224
FFFFFF10
00000219
FFFFF9A8
FFFFFFA2
FFFFFC49
FFFFFB29
FFFFFDE5
0000075F
000003F1
000006A9
FFFFFD2F
0000059A
FFFFFB18
00000495
0000009A
FFFFFECD
FFFFFCFF
00000DFE
00000875
00000C28
000000CC
FFFFF8E0
FFFFFF98
000000F6
00000529
FFFFFB28
FFFFFCE7
00000186
00000072
FFFFF9B2
FFFFFF4B
0000007F
00000029
FFFFFF4A
0000044E
FFFFF829
FFFFFE49
FFFFFB1C
FFFFFA49
000001F2
00000649
000001F5
0000002B
FFFFFEB5
00000835
00000AC1
FFFFFFC8
FFFFFD4E
FFFFFEB7
FFFFFCC4
000007A3
000006F3
FFFFF95D
0000016D
0000064E
FFFFFC4F
FFFFF9DA
FFFFF940
000004E1
FFFFFD21
0000000D
FFFFFB60
00000518
0000008E
FFFFFF6E
00000652
000008B1
00000735
FFFFFDF5
FFFFFFE2
FFFFEEC0
FFFFFB25
FFFFF8E7
FFFFF8C0
0000017F
FFFFFEA5
00000100
FFFFFCCF
FFFFFEED
FFFFFE04
FFFFFFFB
FFFFFCBF
FFFFFBC2
FFFFFEA1
00000533
FFFFF654
FFFFF504
FFFFFE4F
000002DA
0000053B
000002B4
FFFFFAA8
FFFFFDFC
FFFFF8C1
000003EE
0000090A
FFFFF9ED
FFFFFE6F
FFFFFF7E
FFFFFA2C
FFFFFCD5
00000538
FFFFF98F
FFFFF7BC
000003F6
000005F9
000000CC
FFFFF969
FFFFF6F9
FFFFF856
00000577
FFFFFF89
000003CE
000001C7
0000059E
0000023D
FFFFFEB8
FFFFFABA
FFFFFD46
00000A2A
0000073D
FFFFFC89
000006F2
FFFFFB88
00000200
000002D8
000000E8
FFFFF91B
FFFFFF0E
00000812
FFFFFF05
0000027F
FFFFF6CE
00000024
FFFFF44F
FFFFF98C
FFFFF31E
FFFFF5CE
FFFFF993
000004B3
FFFFFB1A
000003E7
00000064
FFFFFC84
FFFFFDC6
00000440
FFFFF860
FFFFFDF2
00000178
FFFFFCFC
FFFFF786
FFFFF4F2
00000009
FFFFFEEB
FFFFFA76
00000069
FFFFFEFE
FFFFF905
FFFFF719
FFFFF61B
FFFFFD64
00000000
FFFFFE99
FFFFFABB
FFFFF7A6
FFFFFA47
FFFFFEF5
FFFFFAD4
FFFFF9DE
FFFFF8AE
FFFFFE1D
FFFFFF66
FFFFFEEB
FFFFFF34
000002C1
0000077E
00000430
FFFFFFB8
FFFFFFDA
FFFFFB1F
00000500
00000120
00000328
00000743
00000732
00000380
000000F5
00000351
0000067D
FFFFFABE
000003F5
FFFFFB47
000001E7
000002D5
FFFFF7B1
FFFFF5DD
FFFFF8A8
0000035E
00000299
FFFFFC6E
FFFFFF46
FFFFF571
000000D1
FFFFFCFC
000006A2
00000485
FFFFFE2E
000000BD
00000605
000004D0
0000045C
FFFFF617
FFFFFD3B
FFFFFCD9
FFFFF76F
FFFFF914
FFFFF9C3
000002DF
FFFFFE5E
FFFFFFA0
00000092
000005C6
FFFFFAA5
000000D2
00000500
FFFFFD96
FFFFFF2A
00000887
FFFFFF42
FFFFFF2B
FFFFFF2E
FFFFFCA9
FFFFFF6E
00000648
000004C5
000003E4
FFFFFE5B
FFFFFEEE
FFFFFCA0
00000461
00000303
FFFFFD54
000000CE
000002A9
00000255
000005BF
000002F4
00000615
000001B3
0000000C
000000C9
FFFFFD86
00000441
00000491
FFFFFE8E
FFFFFD8B
FFFFFD32
00000308
00000547
0000031F
FFFFFB48
0000051C
000009FB
00000832
FFFFF7AE
FFFFFF55
00000350
FFFFFBA7
FFFFFE8F
0000083F
00000290
FFFFF7D7
00000270
00000370
000002A2
00000CB8
00000A5D
000000FB
FFFFF6BE
0000034E
FFFFFBED
FFFFFF96
000001AF
00000333
FFFFF8AB
00000053
FFFFFFDB
FFFFFD45
0000078C
FFFFFFAA
FFFFFDEE
FFFFF6E4
0000033F
FFFFF7D6
FFFFF5E5
00000671
000000B7
000003C7
FFFFFF06
00000095
FFFFFF4F
000000AC
000003E3
00000597
FFFFFDCD
FFFFFA17
00000595
FFFFFDF7
00000391
000005B2
00000048
FFFFF3C7
00000277
FFFFFAD0
00000556
FFFFFF30
00000047
FFFFFB14
FFFFFC04
000003D2
00000282
FFFFFE77
FFFFFB9E
FFFFFBB9
000001E9
FFFFFD64
000001CA
00000451
000007E4
0000017E
FFFFFEB7
FFFFFA5D
FFFFF2B8
00000715
0000018C
00000457
FFFFFD3D
FFFFFB6D
0000046F
00000352
00000626
0000014B
000001C3
FFFFFA8A
0000050E
000000D7
FFFFFAFE
FFFFF92B
FFFFFD9D
00000B06
00000944
FFFFFA29
00000397
FFFFFDAE
FFFFF8BB
FFFFFF88
FFFFFD88
FFFFFF5E
0000022F
FFFFFAAF
0000044B
FFFFFD1C
FFFFFD53
FFFFFB4F
0000074B
FFFFFFC9
FFFFFEBB
000002C2
FFFFFA77
00000675
0000078D
0000020D
00000241
FFFFFE5A
FFFFFA07
000001A7
00000CCF
00000481
FFFFFE6C
00000053
000002AA
FFFFFD96
00000308
000006DD
FFFFFA7A
000000BB
0000001F
FFFFFDED
FFFFFD99
00000389
FFFFFE2E
FFFFF91A
FFFFFB41
FFFFFD6A
FFFFFDD6
000008BF
0000043A
FFFFF4F0
000005C0
FFFFF95A
0000024F
0000004A
FFFFF68B
00000442
000009BA
00000521
0000095A
FFFFFD17
0000031D
FFFFF9EE
FFFFFFD3
FFFFFFA0
00000278
00000908
000001D9
FFFFF9DE
FFFFF9BC
FFFFF9B1
0000003B
000002F4
FFFFFFE4
0000045E
00000736
FFFFFF1D
FFFFFC2A
FFFFFBBE
000004A3
FFFFFFB2
000002EF
00000090
FFFFFAF3
FFFFFB6F
000001D2
00000718
FFFFFB9F
FFFFFBF2
000000B6
00000013
FFFFFD91
FFFFFEDC
0000005E
FFFFFE63
00000720
0000044D
00000213
0000046C
FFFFFBFD
FFFFFB8B
000005F0
00000203
000000DE
FFFFFB13
FFFFFF0F
000000F1
FFFFFFF8
FFFFFA0E
FFFFFC94
FFFFFEED
00000210
0000024F
000003CF
00000168
00000442
0000018E
00000230
FFFFFE4C
FFFFFC3D
00000057
0000013B
000004E0
00000017
FFFFFBB9
00000142
00000087
FFFFFF72
FFFFFEBD
FFFFFC55
FFFFF9B4
FFFFF95A
000001F4
000003DB
00000BDB
FFFFFE3C
FFFFFB57
FFFFF8C7
000004B0
000007AF
0000014A
FFFFFED0
FFFFFE81
00000170
FFFFFC78
0000049F
FFFFFDC7
000008D7
00000249
00000911
000003B2
000001CB
FFFFFB0C
00000089
FFFFF9DA
FFFFFF8B
FFFFFBD4
FFFFFB37
000000BC
00000592
000003FD
FFFFFCA3
FFFFFB46
FFFFFA6D
FFFFFC7C
000004A2
00000644
FFFFFEA2
FFFFFCBF
FFFFFFB9
000004F3
FFFFF98C
FFFFFCB9
FFFFF9A2
FFFFFB4D
FFFFFD9C
00000436
FFFFFC1E
FFFFFECF
FFFFFC68
00000123
FFFFFDA7
FFFFFB56
00000383
FFFFFA1E
00000041
FFFFFDC1
FFFFFE9C
0000053E
00000360
00000321
FFFFFC58
FFFFFE28
00000450
00000278
FFFFF9E4
FFFFFAA5
00000108
FFFFFAB4
FFFFF9EA
000004F2
FFFFFB7D
FFFFFAA4
FFFFFCBA
FFFFFDF2
FFFFFE7D
00000127
FFFFFE25
FFFFFEA5
00000332
0000052F
0000036F
FFFFFEBB
0000000B
FFFFFE97
FFFFFF94
000000F5
FFFFFCA6
FFFFFB59
00000097
FFFFF8FC
FFFFFB01
00000181
FFFFF9CC
000009BE
00000392
FFFFFF30
FFFFFB32
FFFFFF6A
FFFFFCD7
00000555
00000877
000009E1
FFFFFE6C
FFFFF8EA
FFFFFE63
000003A2
FFFFFDDC
FFFFFA33
00000188
FFFFFE50
FFFFFD76
FFFFF5BB
FFFFFC15
000000E9
00000372
FFFFFC01
FFFFF6C3
FFFFFC96
000002F3
FFFFFE8C
FFFFF921
FFFFFD7B
FFFFF867
FFFFFEB5
FFFFFD37
00000173
00000105
0000058E
FFFFFC1D
00000584
0000038D
FFFFFE2D
00000265
FFFFFFEC
FFFFFC96
0000054E
00000147
0000049A
FFFFFCD2
FFFFF9F6
00000342
FFFFF465
0000025A
FFFFFCD6
00000269
000003C1
00000200
FFFFFDD8
FFFFF8A5
00000219
FFFFFF91
00000103
000001A5
000001F7
FFFFFAD9
FFFFFD9E
00000408
FFFFFBC7
FFFFFED9
0000032C
000001E9
000004A1
FFFFFBE1
FFFFFFF6
FFFFFCD2
000005D8
000001FA
FFFFFC8F
00000018
FFFFFDF1
FFFFFDE4
FFFFFC29
000000F9
FFFFFDEF
00000002
FFFFFF10
00000082
000003DC
000001A8
00000382
FFFFFEEF
FFFFFCA1
000001F3
0000037A
00000027
000002A2
FFFFFEAC
00000385
FFFFFD5D
000006C2
0000065A
000003AB
FFFFFEDB
FFFFFFB0
00000313
0000048B
0000045A
FFFFFF4A
FFFFFF2E
FFFFFF66
000004C7
FFFFFD4A
FFFFFBA9
FFFFFB2F
FFFFFE86
FFFFFE9C
FFFFFBC2
FFFFFD93
00000053
FFFFFE13
FFFFF9D8
FFFFF552
FFFFF876
FFFFF8EE
FFFFFF49
0000023D
FFFFFEB4
FFFFFEDF
0000074A
00000535
00000041
000003DB
FFFFFCD1
000000AC
FFFFFD0D
FFFFF9DB
FFFFFBED
00000334
FFFFFF4E
FFFFF974
FFFFFFA5
FFFFFC0F
FFFFFD57
FFFFFB75
FFFFF64B
FFFFFDD2
FFFFFC44
0000016B
0000013A
000003FC
00000199
000000AF
00000123
FFFFFDAF
FFFFFDEB
FFFFF99F
00000292
00000252
00000B2E
00000050
FFFFF89D
00000730
000004E0
FFFFFAE7
000005CF
0000002A
000003D3
00000103
FFFFF744
FFFFF870
FFFFFE6D
00000068
FFFFFBAE
FFFFFF32
000008E3
00000024
000007B7
FFFFFDF1
00000369
00000388
FFFFFD3D
FFFFFB4C
FFFFFD55
0000074A
FFFFFA8A
0000024A
00000289
00000535
FFFFFEC2
FFFFFD8C
00000475
FFFFFD90
0000048C
00000436
0000037B
00000429
00000572
000007FD
00000545
00000507
00000233
0000063C
FFFFFAAF
000002DE
0000068F
00000308
00000487
FFFFFDCF
FFFFFF56
FFFFFCA1
FFFFF87A
FFFFFD96
FFFFFECF
FFFFFD69
FFFFFCFE
FFFFF745
FFFFF8C1
FFFFF8BD
FFFFFA1C
FFFFFB1E
FFFFFE95
FFFFFD76
FFFFFD25
0000021F
FFFFFBAC
FFFFFB2A
00000236
FFFFFEB8
FFFFFD64
00000199
FFFFFE29
000002BA
FFFFFAAB
000000DC
0000033D
FFFFFA91
00000199
FFFFFC75
FFFFFACE
FFFFF8C1
FFFFFC48
FFFFFD4C
FFFFFB3A
FFFFFD12
FFFFFA9E
FFFFF8BA
FFFFF6B1
0000016B
FFFFFCBC
FFFFFA49
0000002D
FFFFFAF6
FFFFFC6D
FFFFFC86
FFFFFF61
000001ED
000000EF
0000002F
00000170
FFFFFD32
FFFFFA68
00000001
FFFFFD61
000002A7
FFFFFA91
00000301
FFFFF751
00000327
FFFFFF2C
FFFFFBC8
FFFFFA2B
000004E2
FFFFFCD8
FFFFFE42
00000285
FFFFFE9C
FFFFFC6A
FFFFFFFA
000000F3
FFFFFD45
FFFFFAFE
0000054A
FFFFFBC4
00000377
FFFFFC20
FFFFFCA3
00000139
FFFFFB68
FFFFFB8E
0000041A
0000020F
0000010B
FFFFFE37
000001BA
FFFFFFA4
0000004A
000001B9
000004DF
000001D3
FFFFFDE2
0000043E
000001DE
FFFFFABD
00000309
FFFFFF01
00000454
00000092
FFFFFABE
FFFFFBCC
00000128
00000659
00000285
FFFFFC8C
FFFFFB4B
FFFFFA11
000000E1
000003E3
00000268
000001BB
FFFFF7D7
FFFFFCC5
0000047D
FFFFFA70
FFFFFC95
FFFFFCD4
000000A5
FFFFFCBC
00000189
FFFFFD09
FFFFFB59
000002DA
00000078
FFFFFDA6
000004A0
000000CF
00000275
FFFFFDED
FFFFFEF6
00000676
000000AD
000000A4
FFFFFF71
00000070
FFFFFE07
FFFFFEB6
FFFFF9F5
FFFFF888
FFFFF9AC
000001BF
FFFFFAFF
FFFFFE33
00000163
000000FD
00000156
FFFFFF58
FFFFF95C
FFFFFABD
FFFFFC5A
00000520
FFFFFDD8
00000278
0000009F
FFFFF943
0000052B
00000626
FFFFFE03
0000026A
FFFFFD1B
FFFFFD14
FFFFFFC3
FFFFFAD3
000002AA
0000079D
00000199
FFFFFBDB
FFFFFA06
FFFFFE01
FFFFFA05
00000112
00000471
FFFFFFFD
0000039A
00000969
00000122
FFFFFFD7
00000263
00000601
FFFFFE8F
0000018B
000004BA
00000072
FFFFFD76
FFFFFFD0
000001E1
FFFFFF48
FFFFFE9D
FFFFFEF7
00000441
00000624
00000271
FFFFFEEC
00000028
000002D9
FFFFFE4E
FFFFFE9D
00000718
000006AA
FFFFFEE7
FFFFFBF1
FFFFF948
0000021E
FFFFFF09
000001C7
0000001B
FFFFFAEB
FFFFFAAE
0000038F
FFFFFF8F
FFFFFD2F
0000038F
00000734
00000590
FFFFFCF3
00000044
00000084
00000153
FFFFFB89
000004CD
0000022E
FFFFFDAE
FFFFFDE9
00000322
FFFFFC70
0000052F
FFFFF990
FFFFFE4F
00000258
FFFFFEC2
FFFFFA5D
0000006C
FFFFFC68
FFFFFDE6
FFFFFBFA
00000472
FFFFF862
0000024B
000000D8
0000061F
000000F1
000002DC
FFFFFC2F
FFFFFEBE
000002C3
000006E7
000004B8
FFFFFD38
0000014A
000009BA
0000010E
FFFFF9AD
FFFFFDC2
FFFFFAE7
FFFFFD9F
FFFFFCCD
FFFFFBD5
FFFFFD03
0000024D
FFFFFF9E
FFFFFF1D
FFFFFE5A
000005C8
00000348
FFFFFF74
00000369
FFFFFFC1
00000019
FFFFFD10
00000867
FFFFFE4B
FFFFFB5F
0000018C
FFFFF8CE
000000CE
FFFFFC1E
00000201
FFFFFD75
000002E3
FFFFF8BB
0000020D
000003CD
00000181
00000885
000005C3
000004C9
0000020E
0000052A
FFFFFEA3
000006F9
FFFFFBE8
0000043A
FFFFFCA8
FFFFFFDC
FFFFFBEC
FFFFFA1F
FFFFFD30
000002C8
FFFFFE0C
FFFFFB10
FFFFFED1
0000001F
00000379
FFFFFFC6
0000004C
00000371
00000544
FFFFF8C8
00000091
FFFFF907
FFFFFAD5
00000631
0000070B
FFFFFF07
FFFFFD61
FFFFFAEB
FFFFF9AF
0000059A
FFFFFF16
000008B3
0000009D
00000031
00000302
FFFFFB5B
FFFFFE9A
FFFFF641
000004B2
0000050B
FFFFFCA7
FFFFF74C
00000313
FFFFFEA9
FFFFFB65
FFFFF89D
FFFFF89F
000002A3
0000078A
FFFFFB53
FFFFF7AA
FFFFF154
FFFFFF61
0000011E
FFFFFC75
0000015A
00000862
0000010A
FFFFFDDB
FFFFF6B1
000008B4
FFFFFFDE
FFFFFF3F
FFFFFCE7
FFFFFA2D
FFFFFDC7
000001F3
FFFFFAD1
00000AD0
FFFFFBB3
FFFFFCD4
0000065D
FFFFF1F7
00000528
FFFFF585
FFFFFC91
FFFFFD37
FFFFF9BB
FFFFFF72
FFFFFC62
FFFFFEF4
0000032B
000008A2
FFFFFEBF
00000535
000002FD
000005A9
FFFFF862
FFFFFA42
FFFFF811
FFFFF6AA
0000089B
FFFFF8E4
000004B1
FFFFF8D2
0000051A
FFFFF720
000003E4
0000085A
FFFFFB17
000002D8
FFFFFE3E
00000345
000004AC
0000017A
00000766
FFFFF7D7
FFFFFD7A
000003B9
00000B7F
00000576
000003C5
00000709
000002CD
FFFFF6A7
000000BF
FFFFFCAE
FFFFF7C0
FFFFF5B9
000002CE
FFFFFCE1
FFFFFFC1
FFFFFB51
000000D6
FFFFFE1F
000001F3
FFFFFB83
FFFFFBBE
FFFFFEB6
0000057E
FFFFFCB7
00000255
000003B6
00000191
FFFFFE56
FFFFFD07
FFFFFEFB
000000E5
00000B64
00000706
FFFFFFE1
0000089A
FFFFF9E4
000004D0
00000560
0000000D
00000457
FFFFF859
FFFFFC30
FFFFFB62
00000B20
FFFFFA57
FFFFFF38
00000AD8
FFFFFB93
00000A8B
00000984
FFFFF922
FFFFFA36
0000097D
00000FB1
00000264
FFFFFC44
000009B4
FFFFFA8E
00000110
FFFFF8D9
FFFFFF6A
00000966
FFFFF79F
0000033F
00000B43
FFFFFF91
000002A6
FFFFF85F
00000755
00000422
000005A0
FFFFFCDA
000004BB
000002C6
FFFFFB7F
000002C9
FFFFFC25
00000255
FFFFFF11
00000113
FFFFF8B8
FFFFF87E
FFFFFB8D
FFFFFC59
000009D3
FFFFF96C
00000045
00000513
00000581
FFFFF6D4
00000A18
FFFFFBC7
0000019C
00000068
000002E0
FFFFFF4D
000005EF
FFFFF3ED
00000A4E
00000444
FFFFF685
000004D2
0000094C
000004DE
00000425
FFFFF82E
00000254
FFFFF74F
FFFFF3A4
00000801
FFFFFCAD
FFFFFFA7
FFFFFD93
000002ED
FFFFFF08
FFFFF623
0000045D
FFFFFB5E
FFFFF42E
00000897
FFFFFE52
FFFFFE38
00000497
000000DD
0000059F
000003F7
00000946
FFFFFAB7
FFFFFBD9
000002DB
00000117
00000240
0000033D
000002DD
FFFFF94B
FFFFF75E
0000017B
FFFFFC8A
000002C6
000002BE
FFFFFF40
FFFFFF6A
000003BB
FFFFFEDF
000004BB
FFFFFFFB
FFFFFC94
000009F0
FFFFF560
FFFFFF37
000008A3
FFFFF8B6
000001A7
FFFFFC0D
FFFFFC9F
FFFFFA65
FFFFF854
FFFFFA87
000002A3
00000511
FFFFFEE1
FFFFF9D5
FFFFFFC5
00000857
0000068B
000003EA
00000205
000007F4
00000D16
FFFFFBC0
FFFFFFF2
FFFFFE85
FFFFF90A
000001EE
00000036
FFFFFB0F
00000059
00000873
000008E1
FFFFFA99
00000707
000006B2
00000189
FFFFFB9A
FFFFFD5F
FFFFFF21
FFFFF63D
FFFFFEF4
FFFFFFD7
FFFFFA63
FFFFF967
00000000
FFFFFD32
FFFFFF06
FFFFFEC0
FFFFFD3F
FFFFF93D
000003CA
00000820
FFFFFCA0
00000188
FFFFFC40
0000012D
FFFFFFC2
FFFFF6A3
0000046C
00000070
FFFFFCCA
00000287
FFFFFBDC
00000291
FFFFFAEB
00000191
FFFFFF55
000003A0
000001D7
000001CE
FFFFFBD4
00000234
FFFFFCD5
000003C0
000000FA
FFFFFCAF
FFFFFD10
0000026A
0000051C
00000181
00000717
00000390
FFFFF29A
00000190
00000606
000007A4
FFFFFF23
FFFFFF34
0000033F
FFFFFC86
FFFFFDEA
00000442
FFFFFDEA
0000070C
0000041F
00000D44
00000ADC
FFFFF84A
FFFFFBD4
00000B68
00000090
00000169
00000305
FFFFFC37
FFFFFEB6
000002EC
00000169
FFFFFD4A
FFFFFCF7
FFFFFAE6
000000F7
FFFFFDA7
FFFFFAC4
000000F5
000002F2
000001D1
0000026B
000003F0
0000008D
000000B0
000004C7
FFFFFDE6
FFFFFF7A
FFFFFBC0
FFFFFEE9
00000140
00000513
FFFFF966
000001CD
00000335
FFFFF8D1
000007EF
FFFFF9B3
0000029A
00000695
FFFFF7E7
0000002A
FFFFFF1A
FFFFF7CE
0000015F
0000026E
00000288
000001D4
0000077B
000008B1
FFFFF9B4
FFFFFC2D
0000060A
0000079A
FFFFFBA1
00000499
00000966
000005CD
FFFFFE72
FFFFF71E
FFFFFB6B
FFFFFC14
00000305
00000042
FFFFFAFC
FFFFFBD6
0000070B
000005DC
000009E0
00000240
FFFFFD89
FFFFFE9A
00000479
FFFFFEF5
00000455
0000081D
FFFFFA24
000001DB
FFFFFB57
0000001B
FFFFF9A7
0000023C
FFFFF977
FFFFFAD1
000007AE
FFFFFE6F
00000000
00000772
FFFFFF6A
FFFFFA93
FFFFFC84
FFFFF998
FFFFF7D8
00000585
000005B0
FFFFF8BF
FFFFF9D5
FFFFF922
0000054C
FFFFFB84
FFFFFDE5
0000096D
FFFFFA01
FFFFFA45
0000015B
FFFFFB4A
FFFFF9BA
00000281
FFFFF81C
000000A8
FFFFF779
00000129
0000020F
000006EE
00000C10
FFFFFBC3
FFFFFAE6
00000BC1
FFFFFEC3
00000D58
00000BB2
00000927
0000052C
00000377
000005C7
FFFFF94E
000001D2
FFFFFAA2
000002B9
FFFFFE26
FFFFFCC6
000005FB
000002A0
000001A3
FFFFF9DE
00000208
000002C4
FFFFFBAF
00000572
FFFFFBA0
00000144
000004C7
0000018B
00000568
000001D1
FFFFFE34
FFFFFD4E
FFFFFFEF
00000495
000006F0
FFFFFACB
FFFFF8BA
000005E0
00000438
0000035F
00000645
00000BC0
FFFFFA31
FFFFFB98
0000044D
FFFFFF49
0000020D
FFFFFE54
000006F8
FFFFFAE7
000002E4
000002D8
00000404
000000E2
FFFFFF79
0000076C
0000094F
000004C2
0000063B
FFFFFAA6
000002AB
0000037D
FFFFF8F0
00000679
0000066B
FFFFF3C4
FFFFFE89
FFFFFB79
FFFFFA0F
FFFFFE02
000008E8
000001BC
0000095B
FFFFFA8A
000001BA
00000384
FFFFFB12
00000270
00000351
00000959
00000A3A
FFFFF80F
00000565
00000A0F
000001E2
0000083F
0000039E
00000807
000001BD
FFFFFB83
FFFFF76D
0000051E
FFFFFE7A
00000288
00000B28
FFFFF799
00000825
FFFFF83B
0000001A
00000015
FFFFFD5E
FFFFF8D4
FFFFFFCC
FFFFFF58
0000028A
000001FE
000002B2
FFFFFDF5
000002EF
FFFFFDA7
FFFFFA96
FFFFFDFA
000003A5
FFFFFC0B
00000535
FFFFF8B2
0000052D
FFFFFDCC
00000699
FFFFFDD5
000000C7
FFFFFBEB
00000399
00000161
0000033A
0000033C
000007DA
000004E9
000002E2
FFFFFC6B
00000523
0000004D
00000168
000005FA
00000368
FFFFFC1C
FFFFFD75
FFFFFFC9
0000083C
000002AA
00000453
000002E1
00000093
00000478
000005B8
FFFFFEF2
FFFFFE71
00000203
FFFFFE47
FFFFFEC6
FFFFFE09
FFFFFEEA
00000035
0000056E
00000052
000003A1
000001A3
FFFFFAB4
00000122
FFFFFD18
000004A5
000005F1
000005DD
FFFFFB30
FFFFFB1E
FFFFFEC6
00000798
000003EC
FFFFFE94
00000383
00000910
FFFFFFEF
FFFFFEBF
FFFFF92B
FFFFFFB2
00000090
00000727
000001E8
FFFFFBE3
00000366
00000862
0000047E
FFFFFCE6
FFFFFD05
FFFFFA93
0000017E
FFFFF859
FFFFF8A0
FFFFF7B5
0000003B
FFFFFAEB
FFFFFB5F
FFFFFBEF
000000A6
FFFFFDE8
FFFFFE4A
FFFFF9F1
00000170
000006CB
000007E2
FFFFFFFD
FFFFFEF2
FFFFFB09
FFFFFF19
00000205
000000B6
0000006E
FFFFF9EF
FFFFF6D4
FFFFFED2
000001D7
0000073F
0000027D
FFFFFE08
00000421
FFFFFB76
0000027B
000006A1
000000C3
FFFFFA99
00000098
FFFFFD3A
FFFFFEC9
FFFFFEC4
00000792
0000060D
FFFFFFC7
0000009B
0000066C
00000107
000005EE
000006E6
FFFFFF65
000002D9
00000751
FFFFFA5F
FFFFFF5E
000006B0
FFFFFFA3
0000025A
00000431
FFFFFAB9
FFFFF904
00000574
0000043B
FFFFFFAC
FFFFFE11
0000030F
FFFFFD30
FFFFFCC3
FFFFFFAA
0000034D
FFFFFEC1
00000141
0000018D
00000543
00000102
FFFFFBAC
FFFFF9FD
00000582
FFFFFE67
0000002F
FFFFFE25
000001B5
FFFFFD45
FFFFFF73
0000045E
00000148
FFFFFFF1
0000003B
00000000
000006A5
00000102
FFFFFFD2
FFFFFBB2
FFFFF8EF
000004C3
FFFFFA0D
FFFFFEBE
FFFFFFEC
FFFFFE10
000006D4
000002FC
0000067B
000003F3
000000B0
FFFFFC5F
FFFFFCBA
000004B0
FFFFFFED
FFFFFCCC
000002E9
FFFFFD9E
00000429
000000DF
FFFFFE2A
FFFFFFDA
00000193
FFFFFCC3
FFFFFCC8
FFFFFD81
FFFFFD3B
FFFFF841
FFFFFC20
FFFFFE57
FFFFFD1F
FFFFF898
FFFFFDBD
FFFFFDFA
FFFFF8AD
FFFFFE35
FFFFFAAC
000002D2
00000069
000005F0
FFFFFAE6
FFFFFFBC
000004F5
00000020
FFFFFB0F
FFFFF9FE
0000037C
00000209
00000318
00000853
00000509
00000567
00000968
000004DC
FFFFFEF3
0000024E
0000026C
FFFFFC92
FFFFF98E
000003D7
000001E5
0000014D
00000086
FFFFFB67
00000488
0000025B
FFFFFEC3
FFFFFD0F
FFFFFD42
00000326
00000252
00000392
000002A0
FFFFFEE6
FFFFFDC7
FFFFFB98
000000EF
0000036D
000009BF
000003E0
FFFFFF93
00000412
000000A6
FFFFFF0F
000004C0
FFFFFBC8
FFFFFED9
0000005E
FFFFFB92
FFFFFF75
FFFFFCF8
FFFFFDA5
0000046E
00000279
00000107
0000006B
00000525
FFFFFCD2
000006BF
000004FE
00000ABB
00000762
000002EB
000002EF
FFFFFB2E
00000112
0000053C
000005DE
00000167
FFFFFB61
00000507
FFFFFD76
FFFFFF03
FFFFFD3D
00000308
0000047E
00000315
0000056E
FFFFFC55
FFFFFD7D
FFFFFCF0
FFFFFED5
0000001B
FFFFF9C0
FFFFFA0D
000001AD
0000015F
FFFFFE57
FFFFFCD0
FFFFFB1B
FFFFFAD0
0000019D
FFFFFEB9
00000108
FFFFFEDA
000001BC
FFFFFA33
FFFFFA93
0000036D
FFFFFCF5
FFFFFAF2
FFFFF92D
00000280
00000240
FFFFFB35
FFFFFE20
00000222
000000B0
FFFFFCCF
FFFFF9A7
FFFFFCE6
00000562
00000463
000008E2
000001D9
0000063B
0000006C
00000302
0000064E
00000300
0000039A
00000AE9
0000032D
000000E9
000005A5
FFFFFC1D
000001EC
000005BF
00000251
FFFFFCD0
FFFFFC6D
FFFFFDBB
FFFFFCF9
FFFFFACD
000002CD
000000E7
FFFFFD3B
FFFFF9DC
FFFFFE46
FFFFF873
FFFFFF59
FFFFFB65
FFFFFF7F
FFFFFC67
FFFFFD5F
0000033F
FFFFFD61
FFFFFF0F
FFFFFBFF
FFFFF60F
00000451
00000535
FFFFFF7F
00000082
FFFFFC15
0000077B
FFFFFA9B
FFFFFE0C
00000154
FFFFFB6A
FFFFFE99
00000475
00000013
FFFFFE2A
0000026E
FFFFFD8F
FFFFFE26
FFFFFF84
000001C0
FFFFFDB1
0000007B
000004A8
000003F3
0000008A
0000025C
FFFFF85F
FFFFF9B0
000001EC
FFFFFEF8
00000368
FFFFFDA5
FFFFFC00
000001DF
FFFFFDEA
FFFFFFF0
00000137
00000190
00000087
00000263
00000007
00000143
FFFFFCAF
0000037E
FFFFFFBB
FFFFFDFF
0000028E
00000426
FFFFFE8F
000005C9
FFFFF98F
FFFFFB02
FFFFFC27
FFFFFCFF
00000673
FFFFF90B
FFFFFD8C
FFFFFFA7
FFFFF908
00000371
000002A3
FFFFFE9A
FFFFFF79
FFFFFFBA
FFFFFFE3
FFFFFB1A
00000309
0000084B
00000AEB
00000D1A
00000535
FFFFF3FB
FFFFFE96
000000CA
0000034B
0000039B
00000048
000003CA
00000186
FFFFFDB8
00000126
00000142
00000502
00000356
00000193
00000590
FFFFFEF3
000002EC
00000617
FFFFFF30
00000273
FFFFFC9C
000000D2
FFFFFAF8
000000A4
0000004E
FFFFFBB6
FFFFFBCE
FFFFFE38
000003FB
00000055
FFFFF408
FFFFF99B
FFFFFECA
00000493
0000055E
00000164
FFFFFE3C
FFFFFF64
000002FA
000001A7
00000064
FFFFFC17
FFFFFB31
00000010
FFFFFD77
000003C6
0000075D
FFFFFA6F
000000A6
FFFFFC19
FFFFFEA4
000006FC
0000015D
0000041A
FFFFFE15
0000006E
0000021B
FFFFFC84
000004FA
FFFFF9B9
00000281
FFFFFA34
FFFFFBD4
FFFFFBD5
0000004C
0000059F
00000594
00000573
FFFFFB05
FFFFFB07
FFFFFB57
0000071A
000003BD
FFFFFEDD
FFFFFEFA
0000036B
00000279
FFFFFFC1
FFFFF84F
FFFFF615
FFFFFF99
000004BB
00000438
FFFFFEF8
000008E5
0000001C
FFFFFC95
000006E5
FFFFFFEA
00000319
000004A6
FFFFFF8A
000005FF
0000034C
FFFFFB29
000003E2
000005D2
00000671
FFFFFEBD
FFFFFEB5
000001CA
00000491
000005D5
00000385
FFFFFE58
000002C6
00000493
0000097E
00000103
00000888
FFFFFF1C
0000051F
FFFFFB95
FFFFFB1A
0000024C
000000EF
0000038B
0000045C
000007A5
FFFFFFB3
FFFFFCF1
00000533
00000633
FFFFFECD
000006F3
00000272
FFFFFE7C
FFFFFD7C
000001B4
FFFFFCA3
000006CE
00000099
FFFFFF2F
00000326
FFFFFBDA
FFFFFE3C
FFFFFD6A
0000023B
00000101
00000775
0000006D
FFFFF7E1
000003CB
FFFFFE96
000000C1
FFFFFFFC
000001FA
FFFFF9E4
000003F6
0000021D
0000003C
FFFFFED4
FFFFFEF5
FFFFFFFE
000004CE
FFFFFE48
FFFFFD4A
000003A3
00000360
000006A7
FFFFFEFA
0000016E
00000367
FFFFFBAF
FFFFFFF5
000005C5
000001F3
0000013F
FFFFFF13
0000052F
000002C7
00000518
FFFFFD0C
FFFFFB43
00000033
FFFFFF97
FFFFFDFC
FFFFF9DD
FFFFF955
FFFFFA12
FFFFFD4E
FFFFFFAC
FFFFFBFA
FFFFFA47
FFFFFDC3
FFFFFC8D
FFFFF67A
000003F4
FFFFF9CB
FFFFFDB0
00000026
0000038C
00000266
FFFFFFF2
000002FC
0000005A
00000132
00000447
0000041F
00000182
000004AF
0000002C
0000008D
00000304
00000245
000000E4
0000099A
000004EF
000006BA
FFFFFF5F
FFFFFD26
00000368
00000040
FFFFFDA0
00000111
FFFFFC9E
FFFFFD65
00000238
FFFFFD6E
FFFFFE72
00000331
FFFFFF95
FFFFFD2D
000002DB
0000016D
00000087
0000048C
FFFFFF0C
FFFFFCAC
000006C2
00000427
0000041A
FFFFFF7B
FFFFFF43
000001D1
00000811
FFFFFB8C
00000248
000001F8
FFFFFC2A
FFFFFEEB
FFFFFC82
FFFFFD25
00000130
FFFFFF5A
FFFFFDD3
FFFFFD2A
FFFFFCEA
FFFFFE7B
FFFFFCE1
FFFFF952
FFFFF700
FFFFF9A0
FFFFFD2C
000005A8
00000433
FFFFFD56
00000282
FFFFFC9D
FFFFFD9E
00000067
000004D7
00000326
FFFFFF11
000004A6
000001F4
FFFFFC52
FFFFF9EC
FFFFFCCE
000000F1
FFFFFB90
FFFFFF0C
00000420
FFFFFCE5
FFFFFDA0
FFFFFF4C
FFFFFDE9
FFFFFD77
0000030E
00000037
000001DD
FFFFFFA9
00000238
00000103
0000010D
FFFFFCA4
FFFFFBF2
FFFFFF98
000002AB
000004B3
FFFFFCB2
FFFFFAEB
FFFFFCC2
0000051C
00000358
00000810
0000046D
0000020F
000003F2
00000393
FFFFFEE5
FFFFFF5A
FFFFFFE3
FFFFFD74
00000388
00000087
FFFFF999
00000206
0000018A
000002C0
FFFFF982
FFFFFD07
000004AB
FFFFFC8A
FFFFFDFC
00000072
FFFFFE21
0000001C
000003FC
FFFFFBA2
000003D1
0000006A
00000354
FFFFF97E
00000408
00000159
000001FA
000003D4
00000220
FFFFFF97
FFFFFA12
000004B7
FFFFFEBC
0000063A
FFFFFF07
0000017E
FFFFFDE3
FFFFFB1C
FFFFFD31
FFFFFC19
FFFFFAD5
FFFFFBAE
000000BC
FFFFFB10
0000017C
FFFFFF8F
000005FF
FFFFFF68
0000018C
00000396
000004AD
00000398
FFFFFEBD
00000184
00000239
000003D9
00000254
0000041C
00000534
00000052
000006F3
0000012A
FFFFFCD5
FFFFFBA0
00000227
00000623
FFFFFB0B
0000028B
FFFFFDA1
FFFFFDDD
FFFFFD4A
FFFFFBD4
000000C6
FFFFFAB6
0000018D
FFFFFC8C
FFFFFDDF
FFFFFE37
FFFFFE0F
FFFFFEA4
000001B2
00000093
FFFFFA3D
FFFFFD21
FFFFFF42
FFFFFB1C
FFFFFA85
FFFFFDD7
FFFFFCB0
000004FB
00000018
FFFFFD13
000000DC
FFFFFFA0
0000024E
FFFFFA07
00000332
00000140
FFFFFACC
FFFFFEED
00000011
FFFFFBC3
FFFFFB8D
FFFFFE1D
0000006D
00000552
FFFFFF52
FFFFFACE
0000038F
FFFFFF0F
00000667
00000405
FFFFFDB8
FFFFFCAB
000002D9
0000038E
0000034C
00000278
0000024C
FFFFFD11
FFFFFF3E
00000292
000004AF
FFFFFB35
0000058A
FFFFF7D8
FFFFFC12
FFFFFE97
000001FD
FFFFFAF1
FFFFFBBF
FFFFFE59
000000E3
FFFFFF08
0000004B
00000384
FFFFFE72
000002E9
FFFFFE1E
0000042F
00000319
000005C0
00000150
00000000
000001C7
FFFFFFBB
0000036D
00000763
00000417
000005AA
FFFFFE95
FFFFFCFF
0000060F
FFFFFEC3
FFFFFE55
00000212
FFFFFFD1
000004F2
00000036
FFFFFDB6
0000019A
FFFFFE75
0000062B
000003C6
00000621
000000D1
00000051
FFFFFEFD
00000140
00000503
000002D0
FFFFFE6C
000000E9
0000018E
000003AC
000001F5
FFFFFD5E
FFFFFDE8
000005E5
FFFFF8D9
00000374
00000120
FFFFFF73
FFFFFA63
FFFFFA31
FFFFFDB8
000000FE
FFFFFE31
FFFFFE5E
FFFFFBC2
FFFFF935
FFFFFAFC
FFFFFEF6
00000298
FFFFFD24
FFFFFCFA
FFFFF9B5
FFFFFDE1
0000056A
000001CE
00000631
000006D4
0000030B
FFFFFD2E
FFFFFB15
FFFFFC86
FFFFFE42
FFFFFEB1
00000725
FFFFF9B0
FFFFFE85
FFFFFE2D
FFFFFC8A
FFFFFF7F
000006F6
00000140
00000752
00000834
00000218
0000060A
00000668
FFFFFE2B
00000651
00000663
FFFFFCCB
000000DC
FFFFFD8E
00000536
00000248
0000056A
000003B4
FFFFFF18
FFFFFE29
FFFFFE5B
000005E0
FFFFFEED
00000261
00000243
FFFFFCCE
FFFFFE05
000001D3
00000477
FFFFFE45
00000174
FFFFFB6A
FFFFFFFC
00000208
FFFFFC7B
FFFFFD81
FFFFFF0B
FFFFFBA4
0000027F
FFFFFFB2
FFFFFB32
FFFFFB5E
FFFFFDBF
0000025B
000004A7
000005BE
FFFFFA5A
0000003F
000003EF
FFFFFF8A
00000635
0000061A
000002F2
FFFFFDFE
00000558
00000037
000001E4
00000377
FFFFFBA3
000001C2
FFFFF996
FFFFFBFD
FFFFFDD9
00000511
00000391
FFFFFF42
FFFFFF03
FFFFFC88
FFFFFF08
0000035E
FFFFFFDB
000003DE
00000269
00000077
000008DD
000001C7
000004DC
FFFFFD94
000004A3
000003D0
00000B06
000002A6
FFFFFD97
FFFFFFDF
00000079
FFFFF936
FFFFFD9B
00000284
FFFFFEF5
FFFFFE90
FFFFFC47
FFFFFB8A
000001BB
00000546
00000084
00000532
0000021A
FFFFFC13
FFFFFCBA
00000278
0000049D
FFFFFE97
FFFFF861
0000035E
00000136
FFFFFC53
FFFFFE3C
0000038E
FFFFFA49
FFFFFFBF
FFFFFD36
000005C5
0000017B
000002F4
0000069D
FFFFFE9B
00000306
FFFFFFC8
000002C6
0000035A
00000357
00000196
FFFFFC5D
00000043
FFFFFF57
000003C2
00000601
FFFFFEF1
FFFFFDF2
FFFFFED0
00000474
00000106
00000230
FFFFFF2D
FFFFFC7B
000001B7
FFFFFBA8
00000044
FFFFFC0F
FFFFFD2F
FFFFFCDC
000002A3
00000487
00000622
000001D8
FFFFFC1C
FFFFFFE7
000006AF
000003C0
0000020F
00000742
00000382
000002D0
00000051
000001E9
FFFFFF46
FFFFFD08
0000004B
0000037A
FFFFFF45
FFFFFFD4
FFFFFB57
FFFFFEE2
FFFFFB11
000003B4
FFFFFE11
00000435
00000080
000000AA
000003E7
FFFFFC96
FFFFFFD8
00000577
FFFFFF88
00000323
00000486
FFFFFF0F
FFFFFF11
FFFFFE32
000001DE
FFFFFD45
FFFFFC0B
FFFFFC0A
FFFFFFFA
FFFFFDCA
00000397
FFFFFE9F
00000299
FFFFFCC6
FFFFFD8D
000003F2
FFFFFB2F
FFFFFA52
FFFFFFC9
FFFFFC0E
FFFFF7FF
000001AE
FFFFFBB0
00000194
FFFFFBAE
00000068
000004A1
FFFFFC24
000001CE
00000466
000003B0
0000028D
000004DE
00000272
FFFFFA73
FFFFFD37
0000043C
00000636
FFFFFC3D
00000447
FFFFFDC2
00000657
FFFFFBE9
00000512
FFFFFE0F
000002F1
00000274
0000056F
FFFFFD55
00000692
0000044F
FFFFFC7D
FFFFFD9E
000008C0
00000412
00000295
FFFFFF3C
FFFFFF1E
FFFFFCC5
000008D7
00000408
FFFFF9AE
FFFFF7BD
FFFFF7E0
000000DF
0000056C
FFFFF869
FFFFFF6B
000004B9
000003B5
FFFFF8B9
0000026A
FFFFFC57
FFFFF948
FFFFFFFC
FFFFF8BE
FFFFFE8F
FFFFFD68
FFFFF989
FFFFFBB2
00000092
000002FC
000002BF
FFFFFAC0
000000FA
00000051
FFFFFCEA
0000021F
FFFFFCBE
FFFFF904
FFFFF70E
00000826
FFFFFF0A
00000151
FFFFFF85
000005EF
00000171
FFFFFBCB
FFFFFDAF
FFFFF7F8
FFFFFCFE
FFFFF57F
00000483
FFFFF5C6
FFFFF96B
FFFFF83F
FFFFFEEE
0000029F
FFFFFADB
000008F0
000002FC
0000097F
00000343
0000094E
000007AE
FFFFFE84
FFFFF7ED
FFFFFC52
000007D7
000002C6
0000017E
FFFFFE5A
000005BE
00000315
0000028A
FFFFFD92
FFFFFF0F
0000038C
FFFFFF64
FFFFFFA5
000005CF
00000341
00000483
0000047F
FFFFFD71
0000013B
000002A0
0000006C
000006DA
FFFFFF86
000006F6
FFFFF9E7
FFFFFDFB
00000935
000004FE
FFFFFD21
FFFFFF13
00000131
000004ED
0000028A
FFFFF90E
FFFFFC2B
FFFFFEAA
0000004B
FFFFF9A2
FFFFFC6C
FFFFFBED
00000612
000005E2
FFFFFE7B
FFFFF64A
FFFFFBC4
FFFFF747
FFFFFD1A
FFFFFCB9
FFFFF781
00000490
FFFFFBA6
FFFFF94B
FFFFFD26
FFFFF990
000008CB
0000063C
000006AE
000000F0
00000904
00000266
FFFFFD8D
FFFFF767
FFFFFE47
0000007F
00000110
FFFFFCA0
FFFFFCC4
00000185
FFFFF9EF
FFFFFEDE
0000026B
00000333
00000029
00000323
FFFFFD31
FFFFFBD9
FFFFF5C1
000000D2
FFFFF951
FFFFFDE9
FFFFF94C
FFFFFF41
00000446
0000074B
FFFFFF86
000004E4
FFFFFC41
0000044C
FFFFFF7B
FFFFF953
FFFFFB9E
FFFFFFC3
000008E3
00000199
00000615
FFFFF40E
00000085
FFFFFA31
FFFFFDFE
0000031D
0000006E
00000B14
FFFFFA0B
00000397
FFFFFA14
00000885
FFFFFC25
FFFFFEEA
00000824
FFFFFF0D
FFFFFF17
000007B1
00000C85
00000143
00000423
000001A3
FFFFFF1C
00000394
00000519
FFFFFFC6
FFFFFA19
FFFFFB72
FFFFFDA3
00000599
FFFFF99E
FFFFF3C4
FFFFF9E8
0000008C
00000610
000002F8
FFFFFD20
FFFFF74E
00000408
FFFFFCC5
000000D2
FFFFFFB1
FFFFFB39
00000146
00000601
FFFFF5D9
FFFFF8B6
FFFFF9A2
FFFFFD7C
FFFFF882
FFFFF827
FFFFFD79
0000023D
000005D7
FFFFFC4A
FFFFFFED
FFFFF665
000004E8
FFFFFD98
00000167
00000A37
00000351
00000807
FFFFFDCF
FFFFFF18
00000384
FFFFFC23
FFFFFEE6
0000034B
000006A4
00000957
FFFFFF10
00000601
FFFFFDBD
FFFFFC3C
FFFFFC2B
0000045A
0000081D
0000077A
FFFFFD2A
FFFFF6F8
000006B3
000006B2
000000F6
0000059C
FFFFFC25
0000067D
FFFFFC3A
0000008D
00000220
FFFFFB63
FFFFF972
FFFFF909
FFFFFD3E
FFFFFECB
0000022E
FFFFF51C
FFFFFFE2
FFFFFC02
000001D9
000003CD
FFFFFFB4
FFFFF964
FFFFFBAD
00000100
FFFFFFB4
FFFFFB49
FFFFFD54
FFFFFE97
00000179
FFFFF9BF
00000551
00000737
FFFFFDED
FFFFFA73
0000018F
00000112
00000989
00000178
FFFFFCC9
000005BC
FFFFFF35
00000511
00000272
0000042A
000003DB
FFFFFEF0
000001E6
FFFFFDD4
FFFFFE3B
FFFFF95C
000000DC
FFFFFF0E
FFFFFE50
0000005D
000001D0
00000092
00000243
FFFFF73F
FFFFFA3F
FFFFFAFA
00000579
00000169
FFFFF996
000008AD
000006CF
FFFFFF3D
FFFFFE3A
FFFFFC69
000006F0
FFFFFB4C
FFFFFDDC
00000069
00000080
000005A6
0000056E
FFFFF847
000002B3
000006F4
000000B5
000002F1
FFFFFD6D
00000057
00000489
FFFFFD9D
000001B9
0000044E
00000917
FFFFFFAC
000007A9
000000AA
000003B3
00000098
FFFFFFB5
FFFFFB76
FFFFFBE8
00000009
000001A2
000001E7
000004BC
FFFFF6D2
FFFFFC28
00000226
FFFFFC3D
FFFFFB66
FFFFF6C6
000001C7
FFFFF90F
00000544
FFFFF8D3
FFFFFD1A
FFFFFF81
FFFFF9FD
FFFFF810
FFFFFE8E
000004B6
00000692
FFFFF9DE
00000165
000006EA
000006FD
0000026C
FFFFFC4A
FFFFFC1A
00000440
00000971
0000005F
00000034
00000A37
00000AD3
000004DE
FFFFFA81
FFFFF974
00000159
0000076B
0000076A
FFFFFB03
FFFFFCA4
FFFFFC3B
0000016F
FFFFF94F
FFFFF7A3
FFFFFB0C
FFFFFA54
FFFFF560
FFFFFCDE
FFFFFA5F
FFFFF9F9
00000954
00000973
00000184
FFFFFC31
FFFFF935
FFFFFA7D
FFFFFE90
0000036A
FFFFF962
FFFFF9F5
00000038
00000152
FFFFF8CA
FFFFF994
0000019A
FFFFFD59
00000003
FFFFFF64
0000042B
000000AF
FFFFFE18
00000387
000005B4
FFFFFC26
0000009E
FFFFF4A6
00000376
FFFFFE01
FFFFF7A3
FFFFFFA7
FFFFFE6A
00000402
FFFFFCD4
FFFFFE25
00000374
FFFFF5D1
FFFFFC8D
FFFFF6A8
FFFFFCFF
000005EA
FFFFFE72
000009DD
FFFFF9ED
00000234
0000012F
0000018F
0000036D
FFFFFCB9
00000637
0000021D
0000003B
000004BF
FFFFF884
0000050A
FFFFFB93
FFFFFB1B
00000492
FFFFF757
FFFFF69F
FFFFF7DC
FFFFFBE7
FFFFFAE2
FFFFFFC3
000000AA
000000E8
FFFFF98F
000003AB
FFFFFB2B
0000001F
0000010B
FFFFF934
00000206
FFFFFD9B
FFFFFFC6
FFFFFE37
FFFFFD46
00000324
FFFFFBBD
FFFFFA09
FFFFFE66
0000042B
FFFFFB1D
000001D9
FFFFFABF
FFFFFD25
00000345
00000373
FFFFFF4E
00000AD2
FFFFFE66
FFFFFA80
000006C1
00000045
00000331
0000001B
000003DB
000004D3
000001B0
00000061
FFFFFCA1
0000044B
FFFFF958
000001CE
FFFFF1AC
000004D5
FFFFF9B7
00000858
FFFFFB91
FFFFFDBD
00000393
FFFFFE09
00000265
00000383
000008B9
FFFFFC28
00000479
0000004C
00000205
FFFFF668
FFFFF7FC
FFFFFA61
000004EB
00000126
000000C7
FFFFFFDB
FFFFFADB
FFFFF9A3
00000092
00000037
0000043B
000005E3
000005A9
FFFFFB1A
00000070
FFFFFAAF
FFFFF5F8
FFFFFF01
FFFFF942
0000024A
00000333
000006AF
FFFFF64D
FFFFFF29
FFFFF8A4
FFFFFCB2
FFFFF9DC
000005E2
FFFFF4BF
000001E0
FFFFF463
0000000B
0000028F
00000587
FFFFFAC1
0000005A
FFFFFCB0
00000150
000007D8
00000288
000008E7
000005A5
FFFFFE47
00000396
000002B1
FFFFFCF1
FFFFFEA4
00000716
FFFFFF39
000001D5
FFFFFF46
FFFFFB20
FFFFF8E2
000002F0
FFFFFDCF
FFFFF6C3
FFFFFD0D
FFFFF2C3
000009B6
FFFFFD84
00000527
000006B1
FFFFFDD3
FFFFFE9E
000000FF
FFFFFAFA
FFFFFC7F
FFFFF865
FFFFFF43
FFFFFBBC
FFFFF849
000004D5
FFFFFCE7
FFFFFB18
FFFFFD1C
0000052C
FFFFFD49
FFFFFBD0
FFFFFE2D
FFFFFC14
FFFFF874
00000641
FFFFF8C8
00000381
FFFFFE71
000001C8
00000309
00000022
FFFFFE6A
FFFFFC34
FFFFFBBC
FFFFFEC4
00000244
FFFFFAC6
FFFFFD09
FFFFFAE1
FFFFFD28
FFFFF5BF
FFFFF07F
FFFFFD16
0000016F
0000034E
0000055A
00000357
FFFFFE24
FFFFFF85
FFFFF940
FFFFFEFA
FFFFF88D
FFFFFE5B
FFFFFD9E
FFFFFF34
000002C2
00000179
00000030
FFFFF92C
FFFFFAAE
00000695
FFFFF851
FFFFFFA7
000000C9
FFFFFD8A
00000613
FFFFFAF9
FFFFF0C4
000002C7
000005D1
000006BE
FFFFFAFC
000003C3
FFFFF7EA
000005D3
FFFFFEF8
FFFFF74B
FFFFF396
FFFFFEA0
000002A1
000002D7
0000007F
FFFFFB4E
FFFFFA35
FFFFFF44
00000058
FFFFF707
FFFFFC8A
FFFFF961
FFFFFD96
FFFFF7FA
00000382
00000926
000009A6
00000954
FFFFFFBF
FFFFF860
FFFFF72D
FFFFF6A5
00000511
00000226
FFFFFC27
FFFFFFC6
000006CB
00000521
000006FE
00000AA0
FFFFFF4E
FFFFF963
FFFFF950
FFFFF4B7
0000032D
FFFFFA1C
FFFFFD17
00000533
FFFFF504
0000018A
FFFFFBC6
000000F3
FFFFFFAF
00000ACB
000001AD
000004A4
FFFFFEF8
FFFFF857
00000763
000007A0
00000386
FFFFFF2C
FFFFFD59
FFFFFFEF
FFFFFF48
0000038F
FFFFFE0C
FFFFF690
00000100
FFFFFF09
FFFFFF5A
FFFFFE5C
FFFFF991
FFFFFA02
000000ED
FFFFFC65
00000278
FFFFFF70
00000472
00000B64
FFFFFF59
00000404
FFFFF759
FFFFF890
00000408
0000012D
000008FC
FFFFF68F
FFFFFB9B
0000048D
FFFFF8B4
FFFFF9DF
FFFFF7F4
00000883
00000C46
00000426
FFFFFE1B
FFFFF22A
00000874
0000051C
FFFFFB4B
0000064E
00000976
000004AE
FFFFF96A
000009A0
00000553
0000054C
FFFFFF50
00000F87
00000D6F
FFFFF69D
000005A5
00000093
00000440
FFFFFB2D
FFFFFF0C
FFFFFE8E
FFFFF90A
00000456
0000019D
FFFFFE3E
FFFFFD6E
FFFFFB94
0000006C
0000051D
00000201
000006A1
FFFFF5EF
000006FF
00000268
FFFFF9FA
FFFFFB9E
00000132
000003EF
FFFFF8E8
0000004D
FFFFFD70
0000007B
00000C1C
00000679
000004B7
FFFFFA03
00000291
000000AA
FFFFFA24
FFFFFD66
FFFFFC05
FFFFF9F2
FFFFFEF0
00000677
00000379
00000991
00000485
0000037F
0000037D
00000F99
000002F9
0000042C
FFFFFCFA
FFFFFAF3
FFFFFF78
FFFFF77B
00000219
FFFFFD40
00000AA7
0000023D
00000738
00000210
FFFFF879
FFFFF8CA
00000612
FFFFFBCC
000001C8
0000013C
FFFFFB4D
FFFFF3AD
FFFFF6D6
FFFFFE0B
FFFFF70D
000009FB
00000369
FFFFFC9A
00000822
FFFFFB2F
FFFFFED9
00000361
0000019C
00000503
000006C3
00000428
000001B2
00000605
000004E2
000004A7
FFFFFE9A
FFFFFEEE
FFFFFFF7
FFFFFCB6
FFFFFCED
00000129
00000137
000006B5
00000487
FFFFF8B3
000000FB
0000002F
000002E8
00000151
000000EA
00000168
FFFFF8B5
FFFFFA7A
FFFFF6C5
FFFFF765
00000321
FFFFFF4F
0000073B
0000010F
FFFFF4EB
FFFFF99E
FFFFF2D2
FFFFFF4A
00000173
000001D8
00000CC7
FFFFF43B
FFFFFEBA
000004D8
FFFFFDC5
FFFFFE7E
000001C5
FFFFFCA6
FFFFFD71
FFFFF933
00000411
FFFFFADC
000005CA
FFFFFA34
00000671
00000237
00000A07
FFFFFD1D
FFFFFFDC
000001E4
00000116
0000010B
000004E1
000000C7
00000030
000003EF
FFFFFED3
00000A35
00000882
0000064C
000000D4
000005CC
0000003E
FFFFFFC6
0000024F
00000433
FFFFF9D7
0000026A
00000208
0000020D
FFFFF8F3
000001AF
FFFFFE02
FFFFF652
FFFFFBD5
00000A7A
FFFFFDD5
00000767
000005F5
00000731
FFFFFC78
FFFFFCFB
FFFFFA6E
00000631
00000033
000003FF
FFFFF5CA
000001AF
00000020
0000010D
000000D7
FFFFF1E1
000007E3
00000126
FFFFFA2E
000001E1
000001FA
000002E4
00000102
FFFFFD21
FFFFFC6B
FFFFF9DF
0000019A
FFFFF653
00000092
0000053A
000003BC
FFFFFF6C
FFFFFFD7
FFFFFCA5
FFFFFEE3
FFFFF582
00000125
FFFFFB3A
FFFFFB13
0000065E
00000737
FFFFFB69
0000069A
00000998
000003F7
FFFFF7B9
FFFFF91D
FFFFF6AC
FFFFFD31
000001B1
00000338
FFFFF9DB
000000C6
000002FC
FFFFF555
00000224
FFFFFC22
FFFFFF1D
000003A5
00000460
000000E2
00000230
FFFFFD4F
0000094A
000004C7
000005DA
000005E7
00000200
00000426
00000A1D
000009E9
00000075
0000061D
0000058D
00000376
00000269
FFFFF9D9
FFFFF858
FFFFF905
FFFFFA05
FFFFFBF1
FFFFF8DA
000002A0
FFFFF929
FFFFFF4C
000005DC
00000755
FFFFFCEF
FFFFF966
000000B3
FFFFFE3D
FFFFFD8D
000007CF
00000457
00000070
FFFFFFC2
000000CD
0000011B
000005CF
00000044
FFFFFF3F
FFFFFD2A
FFFFF9FB
00000028
FFFFFCA7
00000064
FFFFFDFC
00000663
FFFFFF67
FFFFF668
0000004F
FFFFFDA6
FFFFFC19
0000049C
FFFFFEE1
FFFFF90A
000001B0
0000049E
FFFFFD97
0000056D
00000071
FFFFFFED
00000459
FFFFF6E5
FFFFFABC
00000B12
FFFFFA2E
0000050D
FFFFFC87
FFFFFD43
FFFFFEBA
FFFFFE55
FFFFF79A
FFFFFB36
00000559
FFFFF86E
FFFFF711
00000654
FFFFFCAF
FFFFFCF5
00000953
000003E5
000002FE
00000162
0000094C
FFFFF962
FFFFF578
FFFFFECB
00000709
FFFFFD94
FFFFFFD5
000000D6
FFFFFB5B
00000932
0000014E
000004EB
00000CDA
00000805
0000036F
000003CD
00000A6C
FFFFF8E4
000002F4
00000925
00000172
FFFFF60D
00000512
000008EA
00000550
0000045F
00000608
0000058F
0000057C
0000012A
FFFFF79F
FFFFFF41
0000035E
000002F2
0000010C
000006E5
FFFFF0C2
FFFFF374
FFFFFEAE
FFFFFB6B
000005E1
0000024C
FFFFF515
FFFFFF0F
FFFFFE51
0000000B
000005E5
0000046F
00000725
FFFFFFF9
000002A7
FFFFFFE1
000000C1
FFFFF6C0
000001D7
000007AF
FFFFF8C3
FFFFF2E8
00000465
00000088
FFFFFC91
000001A0
FFFFFAB0
FFFFFC3D
0000083C
FFFFFC7A
00000DE0
000001AE
000004D8
FFFFFF79
00000405
FFFFF8A5
FFFFFE48
00000151
00000296
0000103C
00000B1E
00000886
FFFFFAF2
00000517
FFFFFC8F
00000549
FFFFFAEE
FFFFFB61
0000020C
FFFFFC84
0000023C
FFFFF9DE
FFFFF605
FFFFFA1D
FFFFFBC9
0000088F
FFFFF9D8
FFFFFAB9
FFFFF760
000004BE
00000741
FFFFFF98
FFFFFBCB
FFFFFA69
FFFFFBBF
00000118
FFFFFD4D
00000044
000006AE
00000417
FFFFFDAD
00000325
FFFFFF58
FFFFFA09
00000199
00000385
FFFFF7F7
0000051D
FFFFFF8E
FFFFFD79
FFFFFFB6
FFFFF99D
FFFFFD79
FFFFFD8A
000005C1
FFFFFBB7
00000085
FFFFFA25
FFFFF96C
FFFFFECF
FFFFF17B
00000036
FFFFF643
0000034C
FFFFFAD6
FFFFFBDB
00000976
FFFFFA5A
FFFFF7AA
000004DD
FFFFF962
FFFFFA2A
0000021A
FFFFF83D
000005A8
0000017C
FFFFFBD1
00000368
FFFFFBD2
FFFFF98B
00000722
FFFFFFDD
FFFFFCF9
FFFFFA75
FFFFFF58
FFFFFEA1
FFFFFF7B
00000054
FFFFFF6B
FFFFFBF0
FFFFFD62
00000441
000002C2
FFFFFFC2
FFFFF42B
000000ED
00001053
000004EC
FFFFF82A
FFFFF8ED
000006EE
FFFFFEB2
FFFFF803
FFFFFC2F
00000143
00000541
FFFFF976
FFFFFAA4
FFFFFD26
FFFFFB0D
FFFFFFF8
00000051
000005B9
000006ED
FFFFF9E7
FFFFFF58
00000442
FFFFF60B
FFFFFEE1
FFFFFFCD
FFFFFEC9
FFFFFA4D
FFFFFD5A
FFFFFD31
00000255
00000B07
000005F4
00000797
00000ADD
000000E4
0000057B
00000786
000004C2
FFFFF6F6
FFFFF8B5
00000230
0000026F
FFFFFD41
FFFFF6F3
FFFFFF04
FFFFFFF0
FFFFFFE8
00000455
000002A8
FFFFFD3D
FFFFFC4A
0000000A
00000502
00000713
FFFFFB4A
FFFFF74C
000004BA
00000263
FFFFFFCA
00000291
FFFFF88C
0000019A
FFFFFB32
FFFFFC3C
00000391
FFFFF4B3
0000003D
FFFFFA3B
000005C2
FFFFFC5E
FFFFFB5C
FFFFFFA6
00000235
FFFFFF39
0000016A
FFFFF935
000000D4
0000020C
000000BA
FFFFFC32
FFFFFE6F
FFFFF83F
FFFFFD65
FFFFFDEE
0000029F
FFFFFB5F
FFFFFE3A
FFFFFBB7
FFFFFCBA
FFFFFE3F
FFFFF5FA
000000FF
FFFFFB52
FFFFFDA8
FFFFFD06
000003F0
00000228
000001DD
FFFFFAE9
000000B8
FFFFF899
FFFFF928
00000D66
00000806
000003DE
FFFFF931
000000D7
000000B9
00000202
FFFFF9EF
FFFFFA59
FFFFFE92
FFFFFF84
00000391
0000030F
0000055F
0000048B
FFFFF865
FFFFFB07
FFFFF48F
FFFFF880
00000478
FFFFFB66
FFFFF6DE
FFFFFA89
0000055C
00000186
0000094B
FFFFFF23
00000144
00000A43
000003F0
FFFFFAF5
FFFFF6EB
FFFFFCBE
FFFFFBAA
000008F2
00000473
FFFFFC31
FFFFF732
FFFFFA15
0000014D
FFFFF7E5
0000037D
0000011B
FFFFFA2B
000007D9
00000D67
00000036
000006E6
FFFFFB03
FFFFFEF1
FFFFFFC9
FFFFF732
0000050C
FFFFF822
000006CD
000001AF
00000272
FFFFFF75
FFFFF503
00000789
FFFFFD5D
FFFFFD17
0000010C
00000248
000001E2
FFFFF957
0000044C
FFFFFC1B
FFFFFC3B
00000C74
0000016B
00000436
00000922
0000031B
0000093B
FFFFFF45
00000D95
FFFFFB94
FFFFF673
000003CB
FFFFFE33
00000543
FFFFFC0F
FFFFFC99
000005A1
FFFFFABA
FFFFFE07
00000009
FFFFFCCD
00000CF4
00000E9C
000000A7
00000035
000008B3
FFFFFF79
FFFFFEC8
0000056D
0000064D
00000A90
000003DD
FFFFFF81
FFFFFB34
000004AD
00000738
FFFFFF92
0000013D
FFFFFA9F
0000025A
00000169
FFFFF90A
FFFFFB22
FFFFFA4E
FFFFFC28
00000142
0000074F
FFFFFB36
00000162
000002A1
0000030F
0000006B
FFFFFB32
00000767
FFFFFA34
000007D4
FFFFFEE5
0000042D
FFFFFD93
FFFFFE94
0000026A
FFFFFCE5
FFFFFA5C
00000112
0000020E
FFFFFC55
FFFFFA10
FFFFFB75
FFFFFBB8
000004B0
000006FF
000006C6
0000011C
000003B9
FFFFFFD8
FFFFFC32
FFFFFA0A
00000204
0000018C
FFFFFB1F
000001C4
0000010D
0000011E
000004C2
0000091A
000006AF
00000069
FFFFFE41
FFFFFC6B
FFFFFBE0
FFFFFDDD
000001E5
00000305
FFFFF8E6
FFFFFF77
FFFFFE43
000000D5
FFFFFDD0
FFFFFFE2
00000237
00000792
FFFFFC21
0000038F
000002B4
FFFFFF82
000001C5
0000064D
FFFFFF8E
00000119
FFFFFDE3
00000EE5
FFFFF7B4
FFFFF7A7
FFFFFB0D
FFFFF955
FFFFFD97
FFFFFE50
00000272
FFFFFE3F
FFFFFBE9
000004D1
0000019B
FFFFFE43
00000001
FFFFFA29
FFFFFF91
FFFFF6F8
FFFFFFB2
00000429
000000C6
000007B4
FFFFFCFB
FFFFFF86
000000A8
FFFFFDA8
0000023F
FFFFFD20
00000038
000003B7
FFFFFA68
FFFFF606
00000052
000002B9
FFFFFC69
00000324
000004A4
FFFFFC13
000005D5
00000E2C
0000021F
00000637
000001DB
0000058C
00000089
00000567
000006DD
FFFFFD23
FFFFF982
FFFFFBCA
FFFFFB0F
00000342
0000037E
FFFFFD71
00000783
FFFFF749
FFFFFCFA
FFFFF671
0000015D
FFFFF5F6
FFFFF949
FFFFFB79
FFFFFB8A
FFFFFF57
000000C8
FFFFFCFC
FFFFFCFC
000000A6
00000734
00000306
000001AB
00000560
000008A0
FFFFFF6A
00000542
FFFFFE9F
FFFFFD4F
00000681
FFFFF88C
00000817
0000055F
FFFFFB5F
FFFFF6AF
FFFFFA88
FFFFF876
FFFFFDA9
FFFFFED2
FFFFFC31
FFFFFCFB
FFFFF83F
00000119
00000230
00000578
000005FA
0000006B
0000044A
000008E0
FFFFFD7C
00000562
FFFFFC50
FFFFF72C
0000054F
FFFFFB7A
0000030C
FFFFFCAB
FFFFFCFA
0000022F
FFFFF6AA
FFFFFC2F
FFFFFC01
000000AC
00000472
FFFFFFDD
00000204
FFFFFDAC
00000061
0000015D
000005A6
FFFFF8B9
000002F5
000002C4
000000A7
FFFFFC10
FFFFF9B4
FFFFFA58
FFFFFFEF
00000626
FFFFFB24
00000293
000007AE
FFFFFEE6
FFFFFD9B
00000123
FFFFFA47
000009C2
FFFFFF6C
000005A0
FFFFFAFF
000005A7
00000312
000002C0
FFFFFC99
00000218
FFFFFED2
FFFFFB29
FFFFFF97
0000079A
0000030F
FFFFFE8B
00000722
00000297
00000299
FFFFFAE0
FFFFF4F5
FFFFFA54
FFFFEFF0
FFFFF7F4
0000082F
FFFFF69A
FFFFFCA0
FFFFFAEE
000003A3
FFFFFB23
0000059A
000003B6
FFFFFC4F
FFFFFF29
00000AB9
00000982
00000312
000001C4
000006DF
FFFFFC82
000001E8
000004A4
FFFFF85F
FFFFF640
0000008A
FFFFFC5D
FFFFF8FF
0000032A
00000000
000003A8
FFFFFAD4
FFFFFF16
00000102
FFFFFACA
000006F9
00000428
FFFFF2A4
00000227
FFFFFAA7
00000510
FFFFFF19
FFFFFECB
FFFFFAC1
FFFFFA29
000008D4
00000617
FFFFFF11
000003F8
FFFFF722
FFFFFDE7
000000B5
FFFFFD5F
FFFFFEE5
FFFFFAB8
FFFFFFD4
000000DA
FFFFFCA3
FFFFF740
0000052B
FFFFFC7D
FFFFFF4A
00000375
FFFFFFF5
000002AE
00000048
00000220
00000895
FFFFFB31
FFFFFD76
00000568
FFFFFF64
FFFFFBBF
00000578
FFFFF357
FFFFFC2C
00000219
000003E8
000006D8
FFFFFED4
00000536
FFFFFF71
FFFFFAE1
FFFFFFDC
FFFFF86C
FFFFFB89
FFFFFC28
FFFFFDDF
FFFFFCED
FFFFFCAA
0000008D
FFFFFA36
FFFFFE3A
00000225
FFFFFEBC
000005D5
00000462
FFFFFEB8
00000279
00000492
FFFFFFD2
FFFFFDB5
FFFFFAC3
FFFFF895
00000255
FFFFFE8F
FFFFFFA8
FFFFF703
00000462
FFFFF9C9
000000FC
00000096
0000031E
FFFFFCCB
00000428
000002FD
FFFFF640
00000744
0000021A
0000035C
00000417
0000040D
00000114
0000034B
FFFFFBF1
FFFFFA1B
FFFFF6F4
0000016D
000001BF
00000159
000007FA
0000044B
0000069D
FFFFFF27
FFFFFB4F
00000156
FFFFFD3F
000001ED
00000673
FFFFFDC7
FFFFFC86
00000083
FFFFF867
FFFFFCCE
FFFFFFC1
FFFFF8D9
00000076
0000010F
FFFFFE8E
00000117
00000853
FFFFF5D8
0000016E
FFFFF8D3
000003E4
00000188
FFFFFE80
00000B54
000001D4
00000574
000005EB
FFFFFA63
00000576
FFFFF9F5
FFFFFD7C
00000022
FFFFFCB8
00000AE0
000003C6
000000E0
FFFFF72F
FFFFFD63
FFFFFC31
FFFFFE2C
FFFFFC6C
FFFFFB9D
0000054A
FFFFFF4C
0000019A
00000272
FFFFFC1E
000007F2
FFFFFA3D
000000A4
FFFFFDA1
00000855
000002E2
FFFFF82F
FFFFFCAD
FFFFFBFB
FFFFFFDB
FFFFFAFF
0000059C
00000405
FFFFFE9F
000004EF
000004B6
00000127
FFFFFAFA
00000144
FFFFFA58
FFFFFFBF
000003A7
0000074B
FFFFFB50
0000018A
FFFFF701
0000026D
FFFFFE0E
FFFFFF24
0000046F
FFFFFB1D
000003D6
FFFFFF0E
FFFFFF83
FFFFFFF9
FFFFFA97
FFFFFAF5
FFFFFEDD
FFFFF7F7
FFFFFC1B
000001BC
FFFFFD01
00000221
FFFFFFF5
FFFFF797
FFFFFE73
00000366
0000054E
00000473
FFFFFFD0
0000024B
0000021C
00000909
00000155
FFFFFFB1
FFFFF569
000000A8
FFFFFF37
FFFFF8EE
FFFFFAF0
FFFFF5CC
FFFFFE67
FFFFFBFA
FFFFFFDA
0000014C
FFFFF3A5
FFFFFCB3
00000CED
FFFFF882
FFFFFB53
00000141
00000284
000000D8
FFFFFA11
FFFFFD53
FFFFFB9F
00000A2E
000007A4
FFFFFFA1
FFFFFBE9
000008A5
00000108
FFFFF9AF
00000425
00000539
000005E6
FFFFFA42
FFFFFC0D
0000028E
00000691
FFFFFBA3
FFFFF5AC
FFFFFE0A
FFFFFE41
FFFFFF55
000008C6
00000016
FFFFFF74
FFFFFE85
FFFFF6F8
FFFFF99D
FFFFFC9E
FFFFFD72
000003E9
00000506
FFFFFA58
FFFFF61D
00000118
00000293
0000009A
FFFFF4C9
FFFFFC88
FFFFFB92
00000140
000001C3
FFFFFFA6
FFFFFB72
0000047C
000002AD
FFFFFB74
00000670
FFFFF9FA
FFFFFE19
FFFFFCBE
00000183
FFFFFCCB
FFFFFADC
000000AC
FFFFF9A4
FFFFF917
00000243
FFFFF9F7
FFFFFF15
00000022
FFFFFEC6
0000065C
FFFFF9E7
000004A2
FFFFFC2D
00000A61
FFFFFD91
FFFFFB65
FFFFFFC2
000000E4
FFFFF79D
FFFFFDFE
FFFFFBD7
FFFFFACD
FFFFFDDA
FFFFFE87
FFFFFF21
FFFFFACA
FFFFFEB0
FFFFF67D
00000383
0000015D
0000067A
00000A13
00000137
000002F1
000002CE
FFFFFE4A
00000642
00000983
FFFFFCA7
000006CC
000005C0
FFFFFF26
00000069
000002EF
00000208
0000075A
000000BB
00000618
00000809
000002B6
FFFFFB2B
000001A9
FFFFFF59
FFFFFFC3
00000288
FFFFFF43
FFFFFC93
FFFFFD15
0000050F
FFFFFEDA
FFFFFF34
FFFFFDA6
FFFFFF42
FFFFFC8B
FFFFFBC5
FFFFFCDB
000005E8
FFFFFDB3
FFFFFF7D
00000861
FFFFFB88
FFFFFED8
FFFFF715
0000017B
FFFFF8EF
FFFFFF72
FFFFFACA
000003FA
FFFFF876
FFFFFDB7
FFFFF934
000002A5
00000935
FFFFFF24
00000193
00000182
0000051D
00000534
FFFFFEF6
FFFFFDDE
FFFFFA59
0000071B
00000719
FFFFF770
0000039C
00000296
FFFFFE6B
FFFFFB85
00000645
0000064C
FFFFF91F
FFFFFE69
000000D8
FFFFF8F1
00000088
0000039B
00000327
00000064
0000016D
FFFFFE90
00000681
FFFFF0E6
FFFFF708
00000032
FFFFFA28
000004F2
FFFFFACD
0000006F
FFFFFE29
FFFFFCC5
00000887
FFFFF507
0000023D
FFFFFF50
000005BA
0000042E
FFFFF661
FFFFF710
000002BF
FFFFFF6B
000000F9
FFFFFE7C
FFFFFC81
FFFFFAA4
000002CD
0000032C
FFFFFBC9
FFFFFC4E
000000F8
00000B94
000003BD
FFFFFEF9
FFFFFF8B
00000334
0000071B
FFFFFC7D
0000005A
00000A7A
FFFFFCF8
FFFFFC26
FFFFFC0C
00000694
FFFFFCC7
000003EB
FFFFFD97
000004F4
FFFFFC80
00000244
0000002B
FFFFF93B
00000003
FFFFFA46
000008BE
000000CE
0000019A
0000052E
00000578
000007AD
00000452
00000562
0000024D
FFFFFAE9
0000066C
FFFFF296
FFFFF880
FFFFFB17
FFFFF4C5
00000143
00000A67
FFFFFCEE
00000261
FFFFFAFB
00000386
00000A44
FFFFFE23
00000866
00000497
FFFFFFA4
FFFFFFD5
FFFFFAA6
FFFFFA2E
00000478
FFFFFA56
0000065B
00000463
000000FB
FFFFFF78
FFFFFA11
000003BE
FFFFFBB2
FFFFFEF5
FFFFFC16
FFFFFC0F
FFFFFE28
0000035F
000005C3
FFFFFB2A
FFFFF96A
000007F1
FFFFFE33
00000475
00000782
00000141
FFFFFD53
00000A72
FFFFFAA7
FFFFFA81
0000032D
FFFFFBB2
FFFFFC3A
FFFFFAF9
0000000E
FFFFFE48
0000000C
FFFFFFBC
000000BB
00000376
FFFFFB48
FFFFFAB3
0000095F
000003E4
00000589
FFFFFBCC
00000237
0000026E
000002F0
0000000B
FFFFFA52
FFFFFB11
FFFFFF77
00000087
00000178
FFFFFEDA
0000051E
FFFFF9A8
FFFFFCB9
FFFFFE8D
FFFFFF96
FFFFFD18
00000211
00000472
FFFFFFB4
FFFFFF3C
00000183
000000AE
FFFFFC3B
FFFFFE36
000003DF
00000673
0000031E
FFFFFC9C
00000033
FFFFFD27
000004C4
FFFFFAEA
00000498
FFFFFBCC
FFFFFD23
FFFFFFAE
00000400
000007A8
000008DD
00000028
00000A00
FFFFFF57
FFFFFE9C
FFFFFD34
00000B95
FFFFF987
0000010D
0000014D
000003EE
00000AD7
000007F4
FFFFFEE3
0000048A
000001B3
FFFFFEBD
000005BD
FFFFFD13
00000034
00000491
00000404
00000430
FFFFF98A
FFFFFD1A
FFFFF950
000000D9
00000443
000007B6
FFFFF569
FFFFFD61
FFFFFFDA
0000008C
00000391
000000E0
00000811
0000099B
000001A6
FFFFFFC3
00000234
00000910
FFFFFEF9
00000A0F
FFFFF9D3
000006E5
0000068C
FFFFFEFA
00000488
FFFFFF91
FFFFFAF6
00000641
FFFFF918
0000013B
000003F1
000002B3
FFFFFB47
00000533
000000AE
FFFFF7E1
00000458
FFFFF527
00000139
000001D3
FFFFFBE8
FFFFFDCE
FFFFFECA
FFFFF871
00000120
FFFFF9D8
FFFFFC9D
000005A6
FFFFFCAC
000004C9
FFFFFE80
FFFFF81C
000005ED
FFFFF4B7
FFFFFCB1
FFFFFCC2
00000410
FFFFFFBB
FFFFF6FD
000000EF
0000007D
FFFFF942
0000015D
00000308
FFFFFFA6
FFFFF7B4
FFFFFC7B
000005D4
FFFFFA0A
FFFFFC26
FFFFF8B2
0000030E
00000300
000005AB
000004A5
FFFFFFD9
000002C6
FFFFFDCB
FFFFFB96
FFFFF7C5
FFFFFCBE
FFFFFF23
0000011E
FFFFFFAF
00000192
FFFFFDD8
FFFFFDB1
FFFFFB1C
00000616
FFFFFE64
FFFFF97A
00000777
00000664
000004C4
FFFFFC4E
FFFFF8FD
FFFFF6F9
000007D8
0000098B
FFFFF9ED
000007D7
0000054F
FFFFF8F1
00000020
00000701
000002AD
FFFFF9EA
FFFFFC8D
FFFFFAE0
FFFFFE8C
00000885
FFFFFD36
00000B7B
000006A5
FFFFFB49
FFFFFDE7
FFFFFE0D
FFFFFD13
FFFFFCB9
FFFFFB6B
0000019A
FFFFFBDF
FFFFF729
000000A9
FFFFF5F2
000004F4
000009C7
000000EE
00000269
000000BE
00000655
FFFFFBB0
FFFFF6DE
FFFFFD41
00000BA1
0000006C
FFFFF42F
000007FE
FFFFFFDC
FFFFFE32
00000940
FFFFFE28
00000B01
FFFFFB3A
000006A0
FFFFFAE8
FFFFFD69
FFFFF64B
00000641
FFFFF96E
0000109F
00000464
FFFFFF13
0000008A
FFFFF8E0
FFFFFBEA
00000D92
FFFFF5BC
FFFFFCBA
FFFFF672
0000036A
00001162
0000089F
FFFFFB33
0000051F
00000765
00000173
0000086A
000002AF
FFFFF56E
FFFFF122
000002EF
0000110F
00000F81
00000385
0000073A
FFFFFD0D
FFFFFA0D
00001045
00000083
FFFFFA62
0000091A
00000446
00000386
00000279
FFFFFE6A
FFFFF7F5
000005C6
0000082A
FFFFFBA3
FFFFF509
FFFFFD9E
00000452
FFFFF935
FFFFFAFF
FFFFF9F2
000003F3
FFFFFD82
FFFFFFE3
000005A4
000001B9
000004D1
FFFFFC43
FFFFF88F
00000CD2
FFFFF847
FFFFFCCE
00000542
000002F0
FFFFF5CC
00000175
0000035B
00000575
0000073F
FFFFF084
0000098C
00000F25
FFFFF85D
FFFFF7BB
FFFFFF77
FFFFFA04
FFFFF4E2
FFFFF1B0
000003BC
FFFFFDBE
FFFFFC97
FFFFFABF
FFFFF8DB
FFFFFCF6
FFFFFF57
FFFFF5FF
FFFFF7E5
00000C94
000007B9
00000914
FFFFFE22
00000377
000001C7
00000B57
0000016C
FFFFFA89
000002C5
FFFFFF34
000003CD
000005BE
000007BB
00000AB5
FFFFF8F7
00000291
000001CB
FFFFFBCD
FFFFFA56
00000A10
FFFFF62F
0000034E
FFFFFE98
FFFFFFCB
FFFFFB51
FFFFF426
FFFFEB41
FFFFF7F6
FFFFFCC0
000008EE
FFFFFEFE
000008A3
00000019
00000B4F
00000B0F
FFFFFAF2
FFFFFB5F
FFFFFBB7
FFFFFEB6
FFFFFD84
FFFFFF8F
FFFFF85F
FFFFFF26
00000413
00000164
000007D5
0000089E
FFFFFBC7
FFFFFAB2
FFFFFEE3
0000009D
000001A6
00000643
FFFFFD47
000004A4
00000415
0000082A
00000486
FFFFFA4C
00000174
FFFFF888
FFFFFA4D
FFFFFE12
00000372
FFFFFFA3
FFFFF2AD
FFFFF688
FFFFFD14
FFFFF9FB
000007DC
FFFFFA02
000001EA
000004CF
FFFFFB91
FFFFFBC8
FFFFF697
FFFFFFA8
00000906
0000076C
FFFFF6BF
FFFFF28E
FFFFFE10
FFFFF96C
00000125
FFFFF871
0000005E
FFFFFD2C
FFFFFAA3
00000032
000003EB
FFFFFB2F
FFFFFFBB
00000C85
FFFFF7E2
000003FF
FFFFF877
000007B6
FFFFFAFB
FFFFFB3A
FFFFF908
000001E6
00000669
0000025F
00000807
FFFFFE92
FFFFFD88
FFFFF593
00000F76
00000138
000006F2
0000080C
FFFFFE71
00000309
00000857
FFFFF7BE
FFFFF8E9
00000759
FFFFF84E
000001B2
FFFFF7CF
00000704
FFFFF126
FFFFF5E0
FFFFFF84
00000054
FFFFFB77
FFFFFFB1
00000016
0000055A
000006C9
FFFFFEFA
FFFFFE49
00000154
FFFFFA4C
000004AD
FFFFFB40
FFFFF728
FFFFFF1A
FFFFF9F0
FFFFFA5C
FFFFFCA8
00000A9E
000003CF
FFFFFF17
00000159
000003EF
00000351
FFFFFDDC
00000198
FFFFFAF2
000003E5
0000044A
FFFFFAB6
FFFFF96F
FFFFFD1B
FFFFFACA
FFFFFBA9
FFFFFF01
00000450
FFFFFEB0
FFFFF310
FFFFFD2C
FFFFFA66
000002FF
000009EF
0000040A
FFFFF866
00000759
00000566
00000A2D
FFFFE8FD
00000461
00000D7D
FFFFFEA6
FFFFFB7A
00000609
FFFFFE7A
FFFFFE7B
00000532
FFFFF963
FFFFFDB5
FFFFF468
FFFFFCB0
FFFFFCE0
FFFFFDC3
00000755
0000018E
FFFFFC92
FFFFF7D9
000008BF
FFFFFF9F
FFFFFE4C
00000B40
FFFFFAC7
00000418
00000665
FFFFFE33
00000576
00000265
FFFFFD1F
000002CB
000006BC
00000066
FFFFF9D7
0000035A
FFFFFA22
FFFFFE46
FFFFF9A0
0000057B
000008D3
FFFFFE94
000005BA
000008CA
000003C4
000000E1
00000505
00000029
FFFFF868
000003D5
00000C9E
000002C9
00000A15
00000514
FFFFFA95
FFFFF9F3
0000067E
0000080E
000001E9
FFFFFA25
000008B4
FFFFFAC1
000003A8
00000844
00000148
0000078F
0000086F
00000537
FFFFFD4F
00000211
FFFFFD98
FFFFF955
FFFFF554
000008BF
FFFFF47C
00000AA2
0000035E
FFFFFAE1
FFFFFEC7
000008C6
FFFFFFD9
0000007E
FFFFFDFD
00000015
FFFFFF74
00000675
0000022E
000004E5
FFFFFBA9
00000CB5
000000A4
FFFFFD0E
FFFFFB36
FFFFFE22
000003A4
00000621
FFFFFB82
FFFFFC84
FFFFFA95
000003B7
000004AF
FFFFF904
0000086B
00000246
FFFFFB29
00000625
FFFFFF4F
FFFFFAE3
FFFFF61B
FFFFFD32
00000012
FFFFF71C
FFFFF4A3
00000102
000002F8
000002CC
FFFFFFF0
FFFFF8B7
000008AE
000000E9
FFFFF4E5
FFFFFCA6
FFFFFB37
00000525
FFFFFF0B
FFFFF878
FFFFF982
FFFFFED0
FFFFFDBC
FFFFF8BE
0000000D
FFFFFF52
00000684
FFFFFBBE
00000158
0000083D
0000046E
000006AA
FFFFFC0C
000005E5
000007E2
00000326
000004EB
FFFFFEDB
FFFFF8D6
00000818
FFFFF896
00000B67
00000BB0
FFFFFFFD
000001CC
FFFFFCA8
FFFFF24E
00000A07
0000090E
FFFFFF93
FFFFF85F
FFFFF443
000003DF
00000940
000005E7
FFFFFAAA
FFFFFCE3
00000100
00000AA0
FFFFFA4F
FFFFF9DE
FFFFF91C
FFFFFE6C
FFFFF990
000003E4
FFFFF4E4
FFFFF408
FFFFFFDD
00000170
FFFFF729
00000518
000007CE
FFFFFD2E
0000062C
FFFFF6D3
00000A08
000001D0
000001BA
FFFFFEC3
0000056F
FFFFFAE2
00000163
FFFFFB8E
0000087E
FFFFFB2A
000009F2
FFFFF95A
FFFFFC17
000005C2
FFFFFD73
FFFFF2FC
FFFFF73F
FFFFFD95
FFFFF843
FFFFEFC7
0000038A
00000516
FFFFFB6B
000005A1
00000016
00000881
000005B8
FFFFFE5D
FFFFF4B6
000007BA
000000BC
00000789
FFFFF663
FFFFFD70
00000668
000001DD
0000023B
FFFFF592
FFFFFBFC
FFFFF9CF
FFFFFF9A
FFFFF9CA
FFFFFAB1
FFFFF824
FFFFFC80
00000FD0
FFFFF679
000000B5
FFFFFD92
FFFFFC94
FFFFF94C
FFFFFBCC
FFFFF707
FFFFFB1B
FFFFF876
FFFFF668
0000060C
00000308
FFFFFFDD
0000035E
0000047D
FFFFF7E8
0000039C
00000139
FFFFFA34
000004FC
FFFFFBAB
000004A4
0000001D
FFFFF909
0000032E
000000DE
FFFFFDF9
000003B6
FFFFFE7C
0000053A
FFFFF994
FFFFF97E
FFFFFE2C
FFFFFED0
00000244
FFFFF548
FFFFF921
FFFFFF3E
FFFFF9B3
FFFFFD4A
FFFFFAFA
0000036B
FFFFF3A9
00000065
FFFFF949
FFFFFA2D
FFFFF6F3
FFFFFBE5
FFFFFFEB
000004FE
00000668
FFFFFA67
00000799
000004C2
00000747
00000C49
000007F5
00000045
00000396
000003AC
FFFFFB84
00000200
00000622
FFFFFFAC
FFFFFBC9
00000112
00000333
FFFFFF9D
FFFFFDE3
FFFFFD54
FFFFFB64
FFFFFFF9
000000C8
FFFFFA0B
FFFFF7E0
000006BB
FFFFF749
0000011C
00000066
00000323
FFFFF8AC
FFFFFCF6
FFFFF7E8
FFFFFE64
FFFFFB74
FFFFFE09
0000016E
0000011F
000000B7
000001EE
00000720
000006C4
FFFFFFF3
000004D5
00000371
0000075B
0000011B
FFFFFEEF
000002F8
FFFFF821
FFFFFDDC
000002C1
FFFFFC51
FFFFFACD
FFFFF8CF
00000272
00000783
FFFFFADA
0000006F
FFFFFF80
0000070F
00000579
000000B1
000002D3
FFFFFDF9
00000163
FFFFFB39
000004D3
FFFFF88F
FFFFFD93
FFFFFF86
00000184
0000022E
FFFFF789
FFFFF83A
FFFFFD07
FFFFF689
00000116
00000253
00000147
000001C2
FFFFFDC3
000004E6
00000109
FFFFFC11
FFFFF8F2
FFFFFF28
FFFFFF7E
000001E5
FFFFFFFF
FFFFFE32
00000400
000000B7
FFFFFC66
FFFFFEC1
FFFFFDFE
0000048F
0000081F
00000098
0000019B
00000231
000003D9
00000465
FFFFFC9D
0000000E
FFFFFE82
FFFFFF46
00000347
00000703
FFFFF7C4
000002D4
00000359
0000073E
00000317
FFFFFE8D
FFFFFD46
00000867
0000012B
FFFFF7C5
FFFFFC9F
FFFFF98D
FFFFF8DC
FFFFFBC3
00000014
000000AA
FFFFF8FC
000003C9
00000402
FFFFF380
FFFFF99A
00000420
FFFFF7F6
0000047A
0000046C
000002A0
FFFFFF8A
FFFFFCBC
00000616
00000262
FFFFFCAC
00000445
00000489
FFFFFA36
00000110
00000BBE
FFFFFCC2
FFFFFE64
000007DB
FFFFFA5B
FFFFFD79
FFFFFF03
FFFFFC59
0000033D
FFFFFD92
FFFFFC0C
FFFFFE39
000006F8
00000706
00000038
FFFFFCA4
FFFFFBC2
0000034F
000002F8
000005B8
FFFFFDF2
00000271
FFFFFAF9
00000477
FFFFF982
00000791
0000003F
0000040A
FFFFFF76
FFFFFDB8
000004BD
FFFFFCFB
FFFFF8F3
00000294
FFFFF95C
0000049D
FFFFFE26
FFFFFEEA
FFFFFDF1
FFFFFE49
FFFFF83D
FFFFFE10
FFFFFF64
FFFFFD01
FFFFFCBF
FFFFFF24
000000E3
FFFFFB1A
FFFFFE78
000003BA
00000152
0000008C
FFFFF551
000004E2
0000034D
00000627
FFFFF6CE
FFFFF87B
0000041F
FFFFFE3B
000005FC
FFFFFAF1
FFFFF88D
00000219
FFFFFEAB
FFFFFC21
00000116
00000C66
000007A4
00000678
FFFFFCD9
FFFFFF6F
00000744
000001EE
FFFFFD13
0000029C
FFFFF6E3
FFFFF999
000004F8
000005B8
FFFFF65B
0000002C
FFFFFA98
FFFFFCB3
FFFFF625
0000064C
FFFFFEDD
FFFFFC85
FFFFF856
00000159
FFFFFE3B
FFFFFD08
000001AA
FFFFFF19
FFFFF95D
FFFFFBA0
00000225
FFFFF5F6
00000617
FFFFFE9B
FFFFFE16
00000125
FFFFFC03
FFFFFD03
00000323
FFFFFB27
FFFFF76E
00000326
FFFFFABE
0000021D
FFFFFE86
FFFFFBF1
FFFFFE8B
FFFFFD04
0000040F
FFFFFDF4
0000043B
00000604
FFFFFA37
00000420
000001D5
FFFFFC93
000006F7
FFFFFDFE
0000055D
00000785
000007F3
000003D6
00000870
00000688
00000845
FFFFFFCD
FFFFF8B3
000003E8
000002CE
FFFFF926
FFFFF912
FFFFFDA4
0000002C
FFFFFBA6
FFFFFB91
00000089
FFFFFE0E
000004F5
FFFFFA71
00000144
0000003F
FFFFFE1A
00000047
FFFFF9FB
00000210
FFFFFFA8
000000E2
FFFFFBBD
00000145
FFFFFE6F
000008EE
00000052
FFFFFB47
FFFFFB14
000004E0
FFFFF353
000001E8
000002A3
FFFFFBFE
000001A6
000005AE
FFFFFB25
FFFFFC8B
000005D0
0000034C
00000763
00000101
00000121
FFFFF63B
FFFFFC39
FFFFFBB9
FFFFFF7F
0000064B
000000FF
000001A2
00000085
000004CE
00000259
0000069D
000003A4
FFFFFDB8
FFFFFDD8
FFFFF9C4
FFFFFF32
FFFFFDD7
000001D3
FFFFFA9A
00000012
00000557
00000583
FFFFFD35
000006C0
FFFFF85B
FFFFFA21
00000283
00000097
FFFFF776
FFFFFB51
0000017C
FFFFFF75
00000680
00000672
FFFFFE22
FFFFFFBA
FFFFFE91
FFFFFA1D
000008F2
0000096F
FFFFFD1F
000002C3
FFFFFC34
00000310
FFFFF999
0000000B
00000045
0000016D
0000007C
FFFFF9FE
FFFFFC8F
FFFFF906
00000816
00000030
FFFFF912
FFFFFC2C
FFFFFFD3
0000079C
FFFFFAAD
000006EA
00000033
000007E1
0000063F
00000630
FFFFFF09
00000562
FFFFFA3D
000008B4
FFFFFA7E
FFFFF8ED
00000452
000004ED
FFFFFFB8
0000049F
0000006F
FFFFFF52
00000208
000000A3
00000603
00000524
00000C20
000001D1
00000889
000009EC
00000A9E
0000077A
FFFFFF25
000000A3
FFFFFA5C
00000161
00000007
FFFFF5EC
FFFFF928
00000754
FFFFFCF6
FFFFFE84
FFFFFA6F
FFFFFC89
000003E9
FFFFFA42
0000052A
000003AF
00000528
00000472
FFFFFBE2
FFFFF737
00000246
FFFFFCC8
0000021D
FFFFFCBA
00000905
FFFFFD8D
000002C2
FFFFFFC6
FFFFFDF0
000005BE
FFFFFEC5
FFFFFDD5
FFFFFC96
00000176
FFFFFF96
000005B1
FFFFFEE2
000002C7
FFFFFCE1
FFFFFD25
FFFFF588
FFFFFBF2
FFFFFDF4
FFFFFFE9
FFFFF983
FFFFFCC0
FFFFF9D8
FFFFFBF9
000003E8
00000177
FFFFF590
00000358
FFFFFD12
000002E8
FFFFFF93
000000E7
000002D8
000001D9
00000217
0000022C
00000506
0000029F
FFFFFAC1
000007B9
FFFFFD1C
FFFFF6B9
000004B5
0000036D
FFFFFB72
FFFFFE18
00000023
FFFFFFB8
FFFFFCCC
FFFFF33B
FFFFFF88
000004AC
0000045B
00000422
FFFFFBF4
00000392
FFFFFCD9
FFFFF836
FFFFFE2A
000004AC
FFFFFAE4
000000F5
000005AD
0000071F
FFFFFC56
FFFFFEE4
000001E9
FFFFFF4A
FFFFF6A4
FFFFFF58
FFFFFDE3
FFFFFFD3
FFFFF4DA
FFFFF56B
0000039D
FFFFFF3B
FFFFFE49
000006DA
FFFFFC7D
FFFFFA21
00000A2E
FFFFFC3A
FFFFFDC9
000004EC
FFFFFAC2
00000D89
000006FE
FFFFF723
00000100
0000062F
FFFFFAF4
000005DD
0000027C
0000045E
FFFFFC5D
000002C9
00000052
FFFFF7D2
000000B0
FFFFFB55
00000488
FFFFFB88
00000819
00000495
000003CE
00000A1C
FFFFFD2E
0000003A
00000573
00000934
000000FC
000004C6
000002D2
00000183
0000064A
0000057E
00000067
0000060A
000004BA
00000317
FFFFFF52
FFFFFDA9
FFFFFF8E
000000A9
FFFFFC0F
FFFFFAC9
FFFFFB90
FFFFFFDC
FFFFF8CB
000003C4
FFFFFA9B
0000040D
00000002
0000024D
0000002D
FFFFFBC9
00000BC7
00000245
000000B9
FFFFF9B2
000000F5
FFFFFAB3
000003E2
FFFFFDB2
00000238
FFFFFBE5
FFFFFCBA
FFFFF751
FFFFFA35
00000046
FFFFFDC9
FFFFF840
FFFFFB6B
FFFFFB8C
FFFFF5FC
FFFFFD2B
FFFFFEF0
FFFFFD47
FFFFFD84
0000083B
000003F1
000005DE
000003B6
FFFFFB5E
0000014E
FFFFFE15
FFFFFC84
FFFFF837
000001A9
FFFFF6D9
FFFFF8CA
00000740
FFFFF520
00000020
FFFFFF99
0000014D
000004D3
0000012D
00000237
0000016D
FFFFFD7E
FFFFFD0D
00000040
FFFFF99F
FFFFFFDA
FFFFFA4F
FFFFF81C
FFFFFCE1
FFFFFE4A
FFFFFA51
000007C7
000001C3
FFFFFB5D
000000FE
000000B9
FFFFFBD3
00000570
FFFFFED8
FFFFFC18
FFFFF986
FFFFFB0A
FFFFFF53
FFFFFBBC
FFFFF8BB
FFFFF8C3
FFFFF6A7
FFFFFF3D
FFFFFB98
FFFFFD81
00000766
00000286
FFFFFB79
00000114
00000474
FFFFFB98
0000039D
00000743
FFFFFF42
000000FF
0000069B
00000219
000001E7
FFFFFFAA
FFFFFF66
00000471
FFFFFE1A
00000707
0000034A
FFFFFE10
0000030B
FFFFF8DA
0000005A
FFFFF9F6
FFFFF3A7
FFFFFFBB
FFFFF5BF
000004AC
FFFFFDE8
0000001B
00000265
0000013C
FFFFFF42
000002F7
00000519
FFFFFFE8
00000037
000001E9
FFFFFBA7
000006E9
00000114
FFFFFE99
00000288
0000013B
0000006B
00000210
FFFFFAC4
FFFFFA58
0000026A
FFFFFC21
FFFFFD67
FFFFFA93
FFFFF967
FFFFFCEC
000005C0
000001A5
000004B4
FFFFFB4E
FFFFF9A2
FFFFFF2A
FFFFFB9E
FFFFF850
000002BE
FFFFFA7E
00000508
0000031B
FFFFFEE6
FFFFFD17
FFFFFC3D
FFFFFFA9
FFFFFF5D
00000161
00000408
FFFFFE70
FFFFFA0B
000001A9
0000047F
FFFFFDB3
FFFFF92A
00000446
000000A9
00000317
FFFFFD75
FFFFFF35
FFFFFD53
FFFFFD3D
FFFFFD47
000001E9
0000030D
FFFFFBBC
00000353
FFFFF943
0000007D
00000012
0000022D
0000014B
00000238
0000044A
FFFFFBBF
FFFFFAC8
0000050C
FFFFFE3C
FFFFFC75
FFFFFF55
000005C9
FFFFFD47
FFFFFBF9
FFFFFF76
FFFFF9C1
FFFFFC45
0000007A
FFFFFB5F
FFFFFF7A
FFFFFE29
FFFFFEC6
000004BC
00000011
000001EB
FFFFFC55
0000006E
000001C6
000001CF
00000245
000001A5
00000289
FFFFFE12
FFFFF9EF
0000063A
000006E4
FFFFFD8D
FFFFF9BF
FFFFFDF6
FFFFF860
FFFFFA26
0000040E
000004BA
00000429
000000C8
0000020F
000003F3
FFFFFD94
00000225
FFFFFD9A
00000661
0000052F
00000556
000005D3
0000072C
FFFFFBD9
000001DF
FFFFFDB7
FFFFFCBB
00000319
0000008C
FFFFFE57
000003FB
000003E9
000003A4
0000061F
00000006
00000500
FFFFFEC3
FFFFF994
FFFFFDA5
FFFFF9EC
000000AF
FFFFFE1B
FFFFF7EA
FFFFFDB0
FFFFFE98
FFFFFB2E
FFFFF987
FFFFFE4F
FFFFFE91
FFFFFFD0
FFFFFF17
FFFFFFAF
FFFFF4F4
FFFFFB08
FFFFFA4C
FFFFFBCB
000000C7
FFFFFDDD
000005BE
00000331
FFFFFDC7
00000258
000002CB
000003B1
00000051
FFFFFFED
000002F0
FFFFFCD0
000000EF
00000A06
000001F5
00000005
000005FD
FFFFFFDA
FFFFF8BD
FFFFFF37
FFFFF792
FFFFFB13
FFFFFF65
FFFFFEB9
00000157
FFFFFE42
FFFFFD00
000007B2
00000096
00000124
000008B2
00000231
00000901
00000477
FFFFFE12
00000312
000003D7
00000735
000000F3
0000067D
000003BD
FFFFFD0C
00000048
FFFFFD42
0000098C
FFFFFF32
0000035E
FFFFFFB1
000002B3
FFFFF9D8
FFFFFCD4
FFFFFE1C
0000028D
00000236
0000014B
FFFFFFE8
FFFFFCFC
FFFFFB7D
000003AC
0000037B
0000011B
0000032A
00000331
00000001
FFFFFF3B
0000061E
000000D0
00000242
FFFFFEA5
000002C6
FFFFFDEE
FFFFFE6F
FFFFFDE2
00000567
000003AA
FFFFFD22
00000243
00000270
FFFFFAA5
FFFFFBC4
000004BC
00000249
FFFFFD84
FFFFFAED
FFFFFAF6
FFFFFD41
00000000
00000385
00000557
FFFFFC22
FFFFF911
FFFFFAAE
FFFFFEE2
000004B6
FFFFFFC0
FFFFFBF0
000002A0
FFFFF907
FFFFFB97
FFFFFBD5
000004E8
FFFFFA22
FFFFFDB8
000002AE
FFFFFB39
000000B4
000001D2
FFFFFD2A
0000012E
000003BE
000004CF
00000072
00000856
FFFFFEAF
0000006A
FFFFFDBA
00000124
FFFFFD5B
FFFFFFDF
000001CF
00000326
FFFFFEB9
FFFFFA3D
00000229
FFFFFE19
FFFFFA33
000003CB
FFFFFA06
000001F6
000002BB
FFFFFCF7
00000519
FFFFFC77
00000380
000003C6
FFFFFD57
FFFFFF79
FFFFFD86
FFFFFAA0
000003D0
000001C1
FFFFFF77
FFFFFEBB
FFFFFBA0
FFFFF9C3
FFFFFC9F
0000015F
0000016E
000000FD
FFFFF97C
FFFFFCD3
FFFFFF99
FFFFF9A1
00000254
FFFFFEA4
00000225
0000055F
000003BD
0000034D
000003C7
FFFFFF70
FFFFFE25
FFFFFE76
000007AF
0000000A
FFFFF839
FFFFFF15
0000030C
FFFFFF55
00000556
FFFFFEDB
00000559
000003DB
FFFFFCA6
FFFFFB15
000003D7
000005CE
FFFFFF5E
00000177
FFFFF660
FFFFFD2C
0000027D
000007FB
000005FE
0000077E
00000473
000000BC
00000941
000006B1
0000002F
FFFFFDB1
FFFFF8C3
000001EE
FFFFFD89
FFFFFDC8
FFFFFFFA
FFFFF5D9
FFFFFF4D
000000E5
FFFFF8F1
FFFFF6D5
FFFFFFD6
00000216
FFFFF8FA
FFFFFFB5
FFFFFEA4
FFFFF859
FFFFFC73
FFFFF994
FFFFF9BC
0000056C
000004EB
0000050C
00000560
FFFFF741
00000018
FFFFFD58
0000052A
FFFFFE35
000002BD
FFFFFF47
FFFFFD62
000000B3
000000C3
000004B8
000000F0
00000696
0000017A
FFFFFD4F
FFFFFF5A
FFFFFBCF
FFFFFBDB
00000079
00000156
000002B5
FFFFF96F
FFFFFD4C
FFFFFFEF
FFFFFD2A
FFFFF83B
FFFFFD5F
00000124
FFFFFB65
FFFFFA91
FFFFFC34
FFFFFEB3
FFFFFA53
FFFFFF95
FFFFFF1C
FFFFFC93
FFFFFED1
000004B6
FFFFF9ED
00000484
FFFFFC85
00000241
0000005C
FFFFF8BB
FFFFFEF1
00000531
FFFFFFE6
000007B4
FFFFFE8A
00000855
000000DF
0000084C
000006B9
00000576
00000BA3
00000079
000002B7
00000537
00000246
FFFFFE93
FFFFFF42
FFFFFA44
FFFFF9E9
FFFFF864
FFFFF4DF
FFFFFC07
FFFFFE79
FFFFFF46
000001A1
FFFFF949
FFFFF79E
FFFFFBCB
000006F7
FFFFFB01
FFFFFB70
FFFFFC49
FFFFF95C
FFFFFC2F
000002C6
00000208
FFFFFE25
FFFFFC61
000002AC
000004A9
00000432
000004D1
FFFFFAC5
00000065
FFFFF57A
00000110
000006CB
FFFFFC9A
FFFFFE97
FFFFFCCC
FFFFFB3A
00000573
FFFFFE54
FFFFFF31
0000047D
FFFFFED2
FFFFFCA6
000000CE
000001DB
FFFFFF6D
FFFFFAE2
FFFFFF24
FFFFF486
00000042
FFFFFC39
FFFFF7CC
FFFFFE4D
FFFFF7B7
00000213
00000428
FFFFFE1F
000000C1
00000AE0
00000942
0000052C
00000337
00000170
0000077F
FFFFFE7E
00000794
000001DD
000004F2
000006D0
00000DB3
000001B0
FFFFFCB4
FFFFFC96
00000876
FFFFFCD9
000000B8
FFFFFBE8
FFFFF7D2
000000FA
00000674
00000540
00000212
000003BD
000005DE
FFFFFE52
000003E2
00000676
FFFFFD54
FFFFFF0A
FFFFFF92
000004B1
FFFFFD8E
000004B6
0000033E
0000067E
000005CB
FFFFF856
0000050F
0000056C
0000056B
0000018C
000008F3
FFFFFA8F
000008F4
000001C9
0000062A
FFFFFD73
FFFFF99F
00000418
FFFFFD29
FFFFFD73
0000065C
00000333
000002B9
FFFFFAB7
FFFFFDC2
00000197
00000106
FFFFF94E
FFFFFC6C
FFFFF9A7
000007A8
FFFFF563
0000069E
0000066C
0000027E
000003DE
FFFFF2D5
000002C0
FFFFFEF8
FFFFFE63
00000154
0000037A
FFFFFEAC
FFFFF99E
FFFFF86C
FFFFFEF7
FFFFFC12
000007D8
0000030A
00000B19
00000BDC
00000270
FFFFF944
FFFFFBC9
FFFFF981
00000B45
00000952
00000547
0000037E
0000029A
0000020C
FFFFFCED
FFFFFB95
00000719
FFFFF8DC
FFFFFB91
FFFFFC98
FFFFFD5E
00000303
FFFFFED6
0000043D
00000276
000007F6
0000016F
00000012
FFFFFBB5
FFFFF553
FFFFFB59
FFFFF844
FFFFFBCA
FFFFFF15
0000054C
0000037C
000006F9
00000475
FFFFFD70
FFFFFA86
000000E0
FFFFFE37
FFFFF8C0
FFFFFF07
000003CC
00000A3C
0000003D
00000AF4
FFFFFD80
000004F2
FFFFF775
FFFFFF19
00000BEA
FFFFF9E6
000003B7
FFFFFF3E
FFFFFFFC
FFFFFF20
000002F4
FFFFFDE9
FFFFFBB4
FFFFF8B2
FFFFF915
0000034A
FFFFF9D9
FFFFFED3
FFFFFE0A
FFFFF8CB
FFFFF921
00000103
00000182
FFFFEFB7
000000F2
FFFFFFB1
0000009B
000001C4
000005DF
00000C11
00001063
000003CF
00000287
000001DE
00000473
00000F04
FFFFFDFC
FFFFFCEA
0000028E
00000102
FFFFFEE9
00000C00
000000BD
000006D6
000006AD
00000597
FFFFFF89
00000197
00000286
000001A1
00000637
FFFFFC90
00000035
000005DC
FFFFF276
FFFFF596
FFFFFD26
FFFFFB7F
0000072A
000006DF
00000656
FFFFFA56
FFFFFD53
FFFFFC6C
FFFFFCCC
FFFFF5A0
FFFFF0FC
000000C4
00000826
000005AF
0000051E
FFFFF9EE
0000001C
FFFFFF99
00000489
FFFFFFC0
000000AB
000005C1
FFFFFEE9
FFFFFD19
FFFFFADE
FFFFFF21
0000068D
000006CE
FFFFFC1A
FFFFFE60
000004C6
00000AD3
FFFFFDBB
FFFFFB4A
FFFFFEB3
FFFFFD8D
00000071
FFFFFF25
0000097C
000009C1
000008EF
FFFFFD9F
FFFFFCBF
000004FC
000002C8
00000268
0000007F
00000182
000008D6
FFFFFF1D
00000539
0000005E
FFFFF89A
FFFFFABC
00000142
FFFFFF44
FFFFFADD
FFFFFC92
0000028E
00000339
FFFFF7D5
00000049
000001E2
00000E12
FFFFFE7E
FFFFFE51
0000047A
FFFFFD0D
000000C4
00000811
FFFFFEF1
000008B8
FFFFFDBB
00000086
FFFFFEA2
FFFFF7B7
FFFFF5AD
00000336
FFFFF96E
FFFFFC82
0000058E
FFFFF793
00000836
FFFFFED6
FFFFFCC5
00000541
000003F1
FFFFFC89
000005FC
FFFFFCBE
FFFFFE65
000005B4
FFFFFEF1
0000075E
00000426
FFFFFFDA
000002DC
00000478
00000561
00000038
00000464
00000187
FFFFF78D
000001DC
00000531
FFFFFC9A
0000067B
0000005D
0000058F
000001B7
000005C5
00000682
00000665
FFFFFC2F
FFFFF87C
FFFFFF99
FFFFF9D8
FFFFFB18
0000015C
FFFFFE81
00000A6E
FFFFFFCD
FFFFFC79
FFFFFE7F
00000420
FFFFFF16
FFFFFFE5
000000A6
00000379
FFFFFDA8
FFFFF5BB
000002D4
FFFFF6FD
000003C6
0000085D
000005F9
FFFFFF12
FFFFFA61
000007E1
000004DC
0000090E
FFFFFF8B
000006FE
FFFFF83B
000003A5
FFFFF6E1
00000278
FFFFFFDA
00000447
FFFFFDC4
FFFFF801
FFFFFEF0
FFFFFBE9
000001FD
00000478
FFFFF928
00000C86
FFFFFEE3
FFFFFC85
FFFFF918
00000277
FFFFF928
00000691
FFFFF98F
00000202
FFFFFDF2
FFFFFB08
00000883
000006A8
FFFFFF5E
00000423
00000EEE
00000853
FFFFFF3E
FFFFF7F4
FFFFFFAD
FFFFFA99
FFFFF948
FFFFFB1E
FFFFFDF7
FFFFFAC9
00000653
0000022B
00000849
FFFFFFA5
FFFFFF44
00000A59
FFFFFE2B
FFFFFC62
00000A3C
FFFFF544
FFFFFAAA
FFFFFE01
FFFFFB65
000004E3
FFFFF9F0
FFFFF694
0000077E
00000482
00000442
FFFFFBE7
0000037D
FFFFFF1E
FFFFF7AD
FFFFFBEF
FFFFFA91
0000063C
00000099
FFFFFE2A
FFFFFB0A
00000972
FFFFFFC9
FFFFFC07
FFFFFC26
FFFFFC26
FFFFFE8B
0000052E
00000520
00000416
0000054B
0000065A
FFFFFF19
0000066F
FFFFFB4D
FFFFFBA7
00000698
FFFFFBEC
000002C2
000007E1
0000008B
00000400
0000039E
000003CC
FFFFF631
000005DD
FFFFFFD8
FFFFFBD1
FFFFFE9E
0000026B
FFFFF527
FFFFF4CC
FFFFFB02
000001CB
00000814
000002A8
FFFFF3E0
000004F9
FFFFFDAC
FFFFFE84
FFFFFE01
FFFFFE96
0000066D
FFFFF98D
FFFFFFA4
FFFFF534
FFFFF90C
FFFFFB69
FFFFFBCE
000007C8
0000032A
00000657
000008AA
00000653
000003AF
0000018C
000003BC
FFFFFEF2
0000037C
FFFFFCBD
FFFFF9F1
00000023
000000BD
000003F4
FFFFEB1C
FFFFF5E5
FFFFFFCB
FFFFF70A
00000455
FFFFFA63
FFFFFF26
0000037F
00000634
00000067
000004D9
0000000E
FFFFFA11
00000613
FFFFFE7C
000000D2
FFFFFCCB
FFFFF5F3
00000365
000005EF
FFFFFD91
000000D6
FFFFFCDA
FFFFF789
FFFFF9DE
FFFFFB50
00000515
000006EE
00000B56
FFFFFD76
FFFFFBFB
FFFFFFD9
FFFFFA67
FFFFF2DA
0000028E
00000054
00000343
00000118
FFFFF80F
00000868
FFFFFFC5
FFFFF5BE
0000030E
FFFFFB1B
0000020D
FFFFFFBE
00000083
FFFFFC64
FFFFFB2A
FFFFFDE5
000004AA
0000049E
000002B1
00000B06
00000478
00000272
00000737
FFFFF836
00000133
00000419
0000049D
00000427
0000089A
00000603
00000746
0000078A
000007E0
00000199
FFFFF946
FFFFFB5D
FFFFFC36
00000395
00000288
FFFFF749
00000A36
FFFFF960
00000746
FFFFFAB7
00000088
000003A8
FFFFFEB7
00000552
000003D1
FFFFFFFB
0000097D
000008F9
FFFFF8D7
FFFFFD44
FFFFF707
0000021C
FFFFFBC2
FFFFF9B0
00000243
FFFFFB16
0000008B
000001F4
00000601
FFFFFA79
00000555
FFFFFF7E
0000008E
FFFFFFD3
00000506
FFFFFF14
FFFFFE43
000004AB
FFFFFEC2
000001EC
FFFFFFEB
FFFFFCB2
FFFFF8D6
0000062E
FFFFFAAA
000003D3
FFFFF7AF
FFFFFD4B
0000043E
FFFFF864
FFFFF89A
FFFFF9D9
000003D2
FFFFF92C
FFFFFF14
000001C3
00000044
0000072C
FFFFFF16
000008F9
000009BB
0000073D
FFFFFD34
00000713
FFFFFC92
FFFFFDA1
FFFFFB98
FFFFFCDA
000002A1
FFFFFEB9
FFFFFC46
000002E3
FFFFFD21
FFFFF9D9
000005CA
000002BF
000005C5
000005B2
0000074F
FFFFFFA1
00000433
FFFFFE36
00000247
000005E1
00000528
00000281
FFFFFE17
FFFFF8B3
FFFFFCAA
0000090A
00000296
0000087B
FFFFFE02
FFFFF87C
FFFFFB3B
000001C2
FFFFF8BC
00000397
000004FE
0000024D
00000260
FFFFF82A
FFFFFD7E
FFFFFE1A
000003E2
FFFFFEE9
FFFFFEE6
000003D8
000001CE
FFFFFC43
00000778
000009F4
000008E5
00000680
FFFFFF9C
00000072
0000020E
FFFFFA62
000005D6
FFFFFADC
000001D0
FFFFFCD3
000002A0
0000086D
FFFFFA91
FFFFFBEF
000000D5
FFFFF8F8
000000CB
000001EE
FFFFFAD0
FFFFFE3A
FFFFFC72
FFFFFD6B
000000F0
FFFFF95E
FFFFFFFD
FFFFFEED
FFFFFFA0
000004C1
000001C6
000002FF
FFFFFB1D
000001BF
FFFFFDF9
FFFFFE88
FFFFFE22
FFFFFE5F
FFFFFCC5
FFFFFFF9
FFFFFD05
FFFFF783
00000301
FFFFFEBE
FFFFFA90
FFFFFEE6
00000112
FFFFFD39
FFFFF80D
00000008
FFFFFA5F
FFFFFFA8
FFFFFF2D
00000027
0000031A
00000094
FFFFFC57
000003BE
FFFFFCE3
FFFFFDD0
000007A0
FFFFFC40
FFFFFDD0
FFFFFC54
0000055C
0000094E
FFFFF843
0000072B
000005CD
0000003A
FFFFFA40
0000028B
00000477
00000BCC
00000806
000006A8
FFFFF565
FFFFF900
FFFFFD54
000002F3
FFFFFC75
FFFFFD9E
000002D3
000002D4
000001D4
FFFFFECC
0000053A
00000267
FFFFF6BC
FFFFF736
FFFFFF3F
FFFFFC34
FFFFFFDC
000004DE
FFFFFE92
000008F5
0000057C
FFFFFD8D
FFFFFB8B
FFFFFCF1
FFFFFC5D
FFFFFED3
00000769
000005CC
00000378
00000669
00000519
FFFFF9FB
00000724
0000048D
00000923
00000415
000005DD
FFFFFFF9
FFFFFBE5
FFFFF9B5
FFFFFD6C
FFFFFFF6
FFFFFD62
00000003
FFFFFD4D
FFFFFCBF
FFFFF852
000000EB
FFFFF932
FFFFFDE1
FFFFFA31
000003C0
000001EA
00000490
FFFFFFEC
00000098
FFFFFE7A
FFFFFD6D
FFFFFE73
00000350
000004CD
00000ABA
FFFFFC44
00000010
000004B1
FFFFFF77
FFFFFAE7
FFFFFEA3
00000472
000006F2
000004ED
FFFFFC2D
00000135
FFFFFE62
000002B0
FFFFFFE2
0000074A
FFFFFF7B
FFFFFC1E
00000976
000001EB
FFFFFF93
00000174
FFFFFBB2
FFFFFEC1
FFFFFBB4
00000237
FFFFFF7F
FFFFFFD8
000006A3
00000316
FFFFF7BA
FFFFFEDD
FFFFFFD4
FFFFFD62
00000658
00000655
00000089
000005CB
00000812
000001C1
0000083F
FFFFFB52
00000356
00000463
FFFFFCC2
000005D3
00000345
00000117
000000B1
000001D7
FFFFFBD9
FFFFF8A8
FFFFF8A9
FFFFFF4E
0000019A
000003CA
0000043B
000008A2
FFFFFDB2
000001E0
FFFFF96B
0000025C
FFFFFE0B
00000152
00000486
FFFFFC02
FFFFFE27
00000177
FFFFF95C
FFFFFF6A
FFFFFDBA
FFFFFEDB
000003F1
FFFFFBDE
00000712
FFFFFA7B
FFFFFD53
000000B3
000007FD
FFFFFE35
000002DE
00000B5F
FFFFFE9D
FFFFFE59
00000576
00000487
FFFFFD98
00000013
00000372
000003CB
00000720
FFFFFE55
FFFFFF30
000004E8
0000005D
FFFFF850
00000075
FFFFFA7E
0000017B
FFFFFF7E
FFFFFDDE
00000175
FFFFFB51
FFFFF75B
FFFFFBA5
FFFFFF71
FFFFFA2D
FFFFFFCA
000002F0
000005EB
000005EF
FFFFF869
000004E7
0000029C
0000038D
FFFFFCD0
FFFFFA1E
000007EE
FFFFFF6C
00000323
FFFFF92A
0000035D
0000030E
FFFFFBD5
FFFFFBA6
FFFFFD7E
FFFFF9F3
FFFFFD1E
000000E9
000001AB
FFFFFC74
00000314
0000042E
FFFFFF22
FFFFFC8B
FFFFF904
FFFFFA7F
0000040B
FFFFFBB4
FFFFFC76
FFFFFE86
FFFFFDC1
00000068
000004DF
FFFFFECE
FFFFFB34
FFFFFEA6
000003CD
FFFFF9CE
FFFFFF83
FFFFFE6E
FFFFFF13
FFFFFC87
FFFFF602
FFFFFB76
000001AC
00000273
FFFFFDDD
FFFFFEEE
FFFFFBEF
FFFFF6B7
000001E8
FFFFFF05
FFFFFB77
00000055
FFFFFC81
FFFFFEC4
FFFFFCF4
FFFFFC5D
FFFFFBFF
000008C4
FFFFFFD5
000000D0
FFFFFF0B
FFFFFC19
000005FE
FFFFF8C3
000005F7
00000250
FFFFFE0A
FFFFFF76
FFFFF59A
FFFFFF86
FFFFFB98
FFFFFAB8
FFFFFFE9
FFFFF872
FFFFFB6B
FFFFFF4A
00000345
FFFFFCDB
FFFFFE02
FFFFFE5E
FFFFFBD8
FFFFFEC5
0000056F
0000027F
00000553
00000514
0000050F
FFFFFC6D
0000015E
FFFFFEEF
FFFFFF9D
000000C5
FFFFFEA6
FFFFFB33
0000040A
FFFFF91A
FFFFFAC7
0000040A
00000131
FFFFF9FB
000005AE
00000372
00000490
FFFFFDE2
FFFFFD3C
FFFFF975
00000691
FFFFFCCB
000006C8
FFFFFF5F
000004BC
00000545
FFFFFC77
FFFFFFD3
FFFFFBC5
00000135
00000223
FFFFFEC1
00000192
00000AE0
FFFFFC9B
FFFFFEDC
000006F1
00000070
FFFFFF93
FFFFFCBE
FFFFFBB0
FFFFF955
00000522
FFFFFFAC
000000D6
FFFFFBFB
00000110
FFFFFC70
FFFFFE39
FFFFF8B1
FFFFFE0B
FFFFF7E4
FFFFFF9C
FFFFFDD9
FFFFFD46
000001E7
00000201
FFFFFB91
00000785
0000054D
FFFFFF56
FFFFFA8B
FFFFF268
FFFFFC5B
00000802
00000241
0000037D
00000032
000002D0
0000047D
000000DB
00000553
0000094A
000001EC
0000044D
FFFFFBE2
000001BB
0000059C
00000072
FFFFFB3A
FFFFFEB7
000000BE
000001FD
FFFFFED7
FFFFFD72
000000AA
0000067E
FFFFFB2B
00000168
00000E8D
00000623
0000014D
000002A3
0000044A
00000A9C
0000013A
00000418
000003F1
FFFFFC12
000001F6
FFFFFD43
0000006F
FFFFFD5D
FFFFFF28
FFFFFD5F
000001AB
0000001F
FFFFF6A0
0000045F
FFFFFF03
FFFFFDC7
000003FD
000001AC
00000919
000003E0
00000375
FFFFFBA5
00000288
FFFFFAF9
000008FC
FFFFFE52
FFFFFBB2
FFFFF6E0
FFFFFBF5
FFFFFEFC
0000035E
00000431
FFFFFB69
00000464
FFFFFB9C
FFFFFF6B
000001A6
000006BB
FFFFFCF8
FFFFFCC4
FFFFFDD0
FFFFFD3E
0000091C
FFFFFE7B
FFFFFD0A
FFFFFF3D
00000592
0000070F
000001CF
0000005E
0000005B
0000050A
00000585
FFFFFD19
FFFFFF4E
000005C2
FFFFFC62
FFFFFB1E
00000258
000004FE
FFFFFB0E
00000682
00000B2E
FFFFFE9B
000007EC
000003AA
FFFFFB27
00000A22
00000058
00000711
000005A3
FFFFFE71
FFFFFF58
0000080A
00000573
FFFFFBB2
FFFFFDED
000006A9
FFFFFFCD
000000D2
FFFFF7F0
FFFFF4D5
FFFFF714
0000030F
FFFFF6F3
FFFFFD71
FFFFFB73
FFFFF774
FFFFFE68
FFFFFFA0
00000243
FFFFF6E0
000003E6
FFFFF726
FFFFFAD9
FFFFFB1A
FFFFFF8B
FFFFFDA5
00000550
0000088A
0000032F
00000A50
FFFFF95D
00000A59
FFFFFD33
0000094D
000005EA
0000037B
000006A0
FFFFFC8D
FFFFFF70
000003BB
FFFFFD3D
0000059A
00000473
0000078B
FFFFFF90
FFFFFFCC
FFFFF8BB
FFFFFB97
FFFFFA29
FFFFFFA6
FFFFF6AF
FFFFF961
00000330
FFFFF3D4
FFFFFDF3
FFFFFA4F
000004E6
000006DA
00000105
FFFFFEBF
0000075B
0000057C
FFFFFA39
000009F5
FFFFFAF4
FFFFFC12
FFFFFD34
FFFFFA57
FFFFFC58
00000255
FFFFFDF1
FFFFFDE2
FFFFF681
FFFFFDB2
00000424
FFFFFCAA
000000FE
FFFFFB57
FFFFF909
000003A0
FFFFF82E
FFFFFCC4
000002ED
FFFFFD7C
FFFFFE85
000000F0
000000E1
FFFFFD2F
00000994
FFFFFD27
FFFFF716
000004D3
00000118
FFFFFAAD
FFFFF5CE
FFFFFEC8
FFFFF8E4
FFFFFD2E
FFFFF746
FFFFF75D
FFFFFD74
FFFFF7A1
00000C54
000004DB
FFFFF62F
FFFFFB3A
FFFFFD85
00000385
00000516
FFFFFF20
FFFFFE43
FFFFFAD7
00000993
0000013B
FFFFFD86
00000730
FFFFFF0E
FFFFF336
FFFFF5A7
000004F3
0000011F
FFFFFB50
0000010A
000001C6
FFFFFB08
0000006B
FFFFFDB4
FFFFFEB3
00000B84
00000C61
FFFFFE3C
FFFFFFBD
FFFFFCB0
FFFFF9BF
FFFFFBD7
FFFFFCEC
FFFFFA83
FFFFFFD9
FFFFFD76
FFFFF857
000001B3
FFFFF909
FFFFF9CE
FFFFF89E
000000B6
00000110
00000164
FFFFF89A
00000277
0000007B
FFFFFF8B
00000106
FFFFFB32
FFFFFEF8
000004A1
FFFFF9F0
000005AE
FFFFFBBB
0000030D
FFFFFCB2
FFFFFA1C
0000038B
00000648
000001E9
00000739
FFFFFAA6
00000354
FFFFFB4D
FFFFF8D9
FFFFFBF7
0000036C
FFFFFE43
FFFFFC56
FFFFF88B
FFFFFED0
FFFFFCD3
00000035
FFFFFC77
000003A6
FFFFF82E
00000520
000004E7
00000136
000002E0
FFFFFF06
000004C9
000004A8
000004E7
00000001
000006CC
0000001A
FFFFFDA6
00000AAC
000005B4
000004E7
000001D5
FFFFFDB7
00000582
00000A64
00000848
FFFFFDFC
FFFFFEBB
000000E5
FFFFFBC5
00000968
000000D2
00000447
FFFFFC0E
FFFFF9BD
00000907
0000028A
000000CA
000000F0
FFFFF777
00000387
FFFFFE7C
FFFFFBA5
FFFFFECA
000003CF
FFFFFE8C
000003F7
000000A0
FFFFFB91
000007F2
FFFFFFBD
FFFFFBF5
FFFFFE98
0000068B
FFFFF8FF
FFFFF9DC
FFFFFA8D
FFFFFBCA
000007BE
FFFFF6EC
00000311
FFFFF930
FFFFF74A
FFFFFDB2
00000420
FFFFF72C
000001E1
FFFFF7F7
FFFFFECC
00000429
00000847
00000706
FFFFFD45
0000037B
000006E8
00000378
00000622
FFFFFF5A
00000201
FFFFFE2B
00000000
000000F7
FFFFEC75
FFFFF321
FFFFFF8C
FFFFF9BF
FFFFFD98
0000028F
FFFFFD6A
FFFFF2C6
00000177
FFFFFE7C
FFFFFF62
FFFFFAB6
FFFFF685
FFFFF8B2
00000280
FFFFFE50
FFFFFCE8
FFFFFAFF
00000886
FFFFFDD0
FFFFFED4
FFFFFDF8
00000767
FFFFFECD
00000200
000001B0
00000329
FFFFFB62
000005E1
FFFFFAC3
FFFFFC5F
000006D6
000003AD
00000857
00000753
FFFFF3AD
0000017B
00000955
FFFFFC0C
000000CE
00000865
FFFFFE9F
0000085F
FFFFFAB7
000004FE
00000348
00000195
000006A2
FFFFFF7B
000005F4
000000C9
00000648
00000B75
FFFFFF5D
000003A9
00000268
0000021C
00000933
00000217
000000A1
FFFFFD68
FFFFF8BC
000004D7
00000684
FFFFFC56
FFFFF90D
FFFFFCFE
FFFFFB9A
0000021A
00000483
00000D19
000001D9
000006F1
0000089D
0000093D
FFFFFEFC
FFFFFDD3
000001D9
FFFFFDD0
000001E4
00000B26
00000872
0000025F
FFFFFB81
00000856
FFFFFBBE
0000001E
0000093A
00000549
000001B5
0000076C
000000C6
00000613
00000699
FFFFFBBE
FFFFFD8B
000002AA
0000067C
000000A1
000005DF
00000486
00000689
000005FB
FFFFFDEE
00000349
FFFFFF07
FFFFFE70
000008CB
000000DE
0000007F
FFFFF998
00000724
FFFFFC84
00000993
FFFFFBB8
0000033D
FFFFF88D
FFFFFF20
00000456
00000800
FFFFFA81
FFFFFE49
000007F3
000006F9
000004FD
00000AFF
FFFFFEFC
FFFFFF9B
00000600
FFFFFF44
000000D8
000000C6
FFFFFC1B
000000E1
000007EE
FFFFF859
FFFFFE56
000004B9
00000081
00000146
00000A34
FFFFFC74
FFFFFF87
0000011C
000001E8
00000011
00000636
000005F9
00000425
FFFFFAE5
000005A5
FFFFF8FB
FFFFFAA4
FFFFFA89
0000054B
0000036F
FFFFFF9E
0000023C
FFFFFCD0
FFFFFD30
000003F6
FFFFFCC6
FFFFFAAB
FFFFFCB5
FFFFFCFD
00000618
FFFFF7C4
FFFFF90A
000008B8
00000326
000008F3
FFFFF674
FFFFFC85
FFFFFB41
FFFFFCF6
000000C2
000006CC
0000096D
00000012
000009FB
00000335
000007D9
FFFFFC2F
00000AD0
00000287
FFFFFF1E
FFFFFA65
000000C3
0000076A
000000AF
00000174
0000001B
FFFFFD54
00000105
FFFFFE60
000002AC
000000A5
FFFFFFD1
FFFFF9E7
FFFFFAB4
000003C0
FFFFF864
0000068D
00000078
00000237
0000070F
FFFFF9BE
FFFFFF2F
FFFFFB2A
0000043D
FFFFF8DA
00000459
FFFFFE67
0000053B
FFFFFCCB
FFFFF6DF
00000024
FFFFFD27
FFFFFDC4
FFFFFBF4
FFFFF7BD
0000024A
FFFFF884
FFFFFDDA
000005E9
FFFFFA8F
00000213
FFFFFE7E
FFFFF91F
0000035C
FFFFFDAB
000004A6
FFFFF618
0000045F
FFFFFE38
FFFFFC55
FFFFFC0E
00000179
FFFFFFEF
0000074A
00000C4C
000006D9
00000658
00000356
00000BF2
000001B5
0000013D
FFFFF416
000005B2
000004DE
00000430
00000014
0000031A
0000039F
FFFFFFFF
FFFFFFC5
00000006
000002CB
FFFFFE11
000001AA
0000007A
FFFFF3CA
FFFFFD43
0000010B
00000685
000006A6
FFFFF1F4
0000031B
000000DF
FFFFFC7B
FFFFFBEE
000002EF
0000037C
FFFFFEF0
FFFFFC5E
000004B2
FFFFFC8C
FFFFFD8F
00000333
FFFFF945
0000050D
FFFFF99D
FFFFFFF5
0000023D
FFFFF475
00000A06
00000F8F
FFFFF99B
FFFFFA9B
0000075D
00000653
00000535
FFFFFF60
FFFFF44F
FFFFFDE6
0000056E
FFFFFFBF
FFFFF281
FFFFFA67
000003A4
FFFFFD6E
000004C3
00000467
FFFFFE9B
00000084
FFFFF9A7
FFFFFC31
000004B9
FFFFFBF5
000000A1
FFFFFD70
FFFFFD2A
FFFFF995
FFFFFEF6
00000428
FFFFFEE5
00000137
FFFFFE22
00000084
FFFFFD65
FFFFFC67
FFFFFB25
00000666
FFFFFA77
000001B5
000004A4
FFFFFA2C
00000512
00000050
FFFFFBAA
00000245
000001EA
FFFFF843
FFFFF87B
FFFFFBAE
FFFFFC96
000002CB
FFFFFD6F
00000012
FFFFFF1B
FFFFF8A7
FFFFFF9F
FFFFFDDA
000005A9
000006FA
FFFFFFAF
FFFFFEAB
0000038F
FFFFFC19
FFFFFCCC
00000239
FFFFF9CF
FFFFFCCD
000003EC
00000246
FFFFFDE9
00000682
00000280
0000050D
FFFFFC52
FFFFFEDF
0000053C
FFFFFAA7
FFFFFC21
000001FA
FFFFFD5A
000001BD
FFFFFBDF
FFFFFF07
FFFFFE3F
FFFFF7E7
FFFFF6E8
FFFFFBA0
FFFFF9F1
000005A4
00000114
0000082F
000001FA
FFFFFE90
00000AD0
FFFFFE4B
FFFFFF99
FFFFF9F9
FFFFFCE4
FFFFFE9E
FFFFF989
FFFFFE2B
FFFFF7DA
00000136
00000033
FFFFFE94
FFFFFDC0
FFFFFC16
000000DB
FFFFFF49
FFFFFFBE
FFFFFFB1
0000014A
00000455
FFFFFF98
000005A3
FFFFFE04
00000522
000000B2
FFFFFDAF
000003ED
FFFFFF8C
FFFFFE0F
00000092
0000024B
00000356
FFFFFA16
FFFFFE26
0000016C
FFFFFC1C
00000241
FFFFF9EC
FFFFFE24
FFFFFADE
FFFFF821
FFFFFE80
0000033D
FFFFFBF9
FFFFFF79
0000063C
00000048
000001A1
00000204
0000061A
000008C2
000002A6
000002F8
FFFFFAF2
00000257
FFFFFCCD
FFFFFFDF
FFFFFDCB
000003B7
00000403
0000010D
000008D3
00000866
FFFFFFC8
0000044F
000006A1
00000106
00000305
000002E0
FFFFFE7D
FFFFFE8C
FFFFFF46
FFFFF861
0000021D
000001EA
FFFFFE94
00000087
FFFFFF1D
FFFFFE79
00000093
FFFFF23A
00000548
FFFFFDB5
FFFFFDDA
FFFFFE4D
FFFFFF48
FFFFF7B3
FFFFF942
0000005F
FFFFFE11
0000021F
FFFFF96A
FFFFFD4C
FFFFF841
FFFFF8E3
FFFFFB0F
FFFFFD4F
FFFFFFC3
FFFFFF54
FFFFFCD0
FFFFFED3
0000025E
FFFFFF42
0000002A
FFFFFED9
00000052
FFFFFCF2
FFFFFEDC
FFFFFFE6
000005DE
00000532
00000988
000004A0
000002E7
000000B7
FFFFFE5A
00000160
FFFFFEAC
FFFFFC88
0000046C
000002A4
000004D9
000001DE
00000172
00000605
00000533
000005D8
00000246
00000240
0000062C
000004E7
000001A3
FFFFFBC8
FFFFFCFD
000004E6
FFFFFC0A
0000027D
00000624
FFFFFE1D
FFFFFF2D
FFFFFC66
000007C1
FFFFFBC0
FFFFFCB2
0000072E
FFFFFF48
0000048B
FFFFFA74
FFFFF9A4
FFFFFAD9
00000091
FFFFFCC7
FFFFFF7B
00000473
00000694
0000041C
FFFFFAEF
FFFFFB81
FFFFFC42
000000A9
FFFFFB36
00000511
FFFFFD17
FFFFFFF7
00000100
00000142
000000A1
FFFFFE69
00000090
FFFFFFD5
FFFFFC59
0000016B
FFFFFD36
000000BE
FFFFFEB0
FFFFFE8A
FFFFFE2C
00000023
0000064C
FFFFF994
00000417
0000020C
FFFFFA43
FFFFFBE3
FFFFFFB2
FFFFF9A7
00000257
FFFFF6ED
FFFFFEA4
FFFFFEB8
0000031E
000000C7
FFFFFE74
000004E9
FFFFFAFE
FFFFFF43
FFFFFD23
FFFFFB62
FFFFFB82
0000001D
FFFFFD4B
00000288
FFFFF8A0
FFFFFD08
FFFFFCAA
FFFFF75F
FFFFFEC1
FFFFFCF7
FFFFFE19
FFFFFB9B
FFFFF9FF
000001B5
000000B9
00000159
FFFFF9CB
FFFFFA36
00000204
FFFFF8EF
FFFFF97C
000002DC
00000211
000000D3
FFFFF9A9
00000140
FFFFFDBE
FFFFFAE4
00000364
00000454
0000025B
00000558
000001AA
00000407
00000526
00000014
00000328
FFFFFDEE
000001E6
00000551
FFFFF9D2
FFFFFE77
FFFFFE65
00000599
0000023D
FFFFF8AB
FFFFFDCD
00000487
000000F3
00000122
00000048
000001E0
000000E2
FFFFFCAA
000006DA
000006E0
00000075
FFFFFE1B
FFFFFB9B
000000C4
00000620
FFFFFDCA
000002BD
000002BF
FFFFFFA5
00000253
FFFFFEB1
00000438
FFFFFC0A
000000A4
000001DA
0000001B
0000073D
00000316
000003AF
00000044
0000047F
0000013B
FFFFFE89
FFFFF9A4
FFFFFB6D
FFFFFC55
000005D8
00000057
000003C4
00000383
000001B4
FFFFFF05
FFFFFF46
0000007D
00000322
FFFFFFC6
FFFFFFBA
00000052
FFFFFD80
FFFFFEA5
FFFFFE7F
FFFFFF64
FFFFFF5E
FFFFFD0F
0000002B
FFFFFA21
000000C1
00000199
000004BA
FFFFFF29
FFFFFBD4
FFFFFD4C
FFFFFB1D
FFFFFA6D
FFFFFCEC
FFFFFCB6
000007CC
FFFFFF63
00000207
000001B8
FFFFFEE5
00000014
000004B3
FFFFFB62
FFFFFD1D
0000015D
00000020
FFFFFF00
0000000E
FFFFF8EC
FFFFFD10
00000245
FFFFFDEA
000002D2
FFFFFF26
00000670
0000059A
0000028C
0000054B
000001F9
FFFFFF78
000005DB
000001FC
000000A5
0000005D
00000008
0000048B
0000056D
000002D8
FFFFFFB2
00000033
0000044D
FFFFFCB0
FFFFFCD0
FFFFFFD1
0000059E
00000460
FFFFFB9A
FFFFFBE3
00000288
FFFFFCE1
0000019C
00000165
FFFFFADA
000002BC
FFFFFF76
FFFFFD2E
000000C9
00000227
0000033D
FFFFFC73
FFFFFE4A
FFFFFEEC
00000179
FFFFF9E5
FFFFFA08
FFFFFCBA
FFFFFD53
FFFFFCF6
FFFFFDD5
FFFFFD71
000004B5
FFFFFAB5
FFFFFDF9
0000028B
FFFFFB41
000002FA
00000203
00000052
000006C1
00000326
00000568
FFFFFDBF
00000514
000001E8
0000006F
FFFFFF30
FFFFFF59
00000419
FFFFFDC8
000000BC
00000768
FFFFF984
FFFFFE38
FFFFFF14
FFFFFE4E
FFFFFC03
FFFFFDB7
000005B5
FFFFFD04
0000035B
0000056E
000003F7
FFFFFE9F
FFFFFF1B
00000830
000001CD
FFFFF965
00000244
00000359
0000031B
FFFFFA40
FFFFF9D3
000004C1
FFFFFE77
FFFFF8D7
000002AD
FFFFFB0A
00000121
FFFFFDAA
FFFFFA5B
FFFFFA6F
FFFFF794
FFFFF968
00000674
0000025C
000002FE
FFFFFA82
000000C6
FFFFFDE9
FFFFFBDE
00000170
00000487
00000468
000004A6
FFFFFC51
FFFFFD86
FFFFFE9F
00000111
FFFFFF9E
0000028A
FFFFFF51
FFFFFCE9
FFFFFE9E
0000015F
FFFFFCB5
0000080C
000001C9
00000418
FFFFFE30
00000633
FFFFFECD
00000502
FFFFF9D3
000000D5
00000145
FFFFF3D6
0000045A
000006E2
0000076A
00000291
0000059C
00000202
00000498
FFFFFF90
FFFFF96A
00000353
00000143
FFFFFD5B
FFFFFE90
FFFFFC98
FFFFFC84
FFFFFE2D
00000414
000002D4
FFFFFD7D
00000465
00000935
00000481
FFFFFE99
00000789
0000092D
FFFFFF60
000008E2
00000191
FFFFFC22
FFFFFD18
000006C8
00000569
00000525
FFFFFF53
FFFFFEE8
00000515
FFFFFF0D
FFFFFC37
0000042F
000003C2
000004B5
0000037C
FFFFF8AB
000001B7
0000043D
FFFFF80D
FFFFFC74
0000011F
000007F6
FFFFFBF4
FFFFF307
FFFFFCC6
FFFFFDF6
FFFFFAA2
000003C3
FFFFFD43
FFFFFAA5
0000045B
0000031A
FFFFF3D1
00000532
FFFFF950
FFFFFFB4
FFFFFDDE
FFFFFCA6
00000538
FFFFFB3B
FFFFFA92
FFFFFB7C
FFFFF92E
00000505
FFFFFE61
FFFFFB05
FFFFFB89
FFFFFC8B
FFFFFE25
0000081C
0000095D
000000D9
FFFFF70E
00000060
FFFFFD32
FFFFFBB5
FFFFFE26
FFFFFF0E
FFFFF81C
0000070B
00000413
000002A3
000004B9
FFFFFAC6
FFFFFBCA
00000724
00000127
00000018
00000310
000002E4
000008AA
0000006A
FFFFFD26
FFFFFA7C
FFFFF9C0
00000146
000002F4
000003D3
FFFFFCC5
FFFFF8DF
FFFFF723
000003FC
000002C5
000004B6
0000072E
FFFFFB20
0000010E
00000486
000003ED
00000044
FFFFFAC2
000008E9
000009B7
00000466
FFFFFCD9
00000915
FFFFFB6D
000001F6
FFFFFA55
FFFFF903
FFFFFFA6
FFFFF6CE
FFFFFF2E
FFFFF66F
FFFFFEFD
00000740
FFFFF41A
000000EB
FFFFFEA6
FFFFFD65
FFFFFB9D
FFFFF9B4
FFFFFE06
00000142
FFFFF89A
00000296
FFFFFEF0
00000048
00000583
FFFFFE8F
FFFFF67B
00000272
FFFFFB9E
000001F7
FFFFFC57
FFFFFA4D
FFFFFEE5
FFFFF93A
000002A2
FFFFFEC8
000002D6
FFFFFE1A
000004BB
FFFFF7C1
FFFFF592
FFFFF927
FFFFF5EE
FFFFF5E5
FFFFF1E8
0000066C
0000010B
FFFFFE1D
0000007B
FFFFFE4C
FFFFF904
FFFFFE0B
FFFFFA79
FFFFFD20
FFFFFBFA
0000074E
FFFFFD9C
00000368
FFFFFF27
FFFFFD6C
00000287
000000A9
000004FE
0000065D
FFFFFA12
0000019D
000004D1
0000054E
FFFFFB3E
00000357
00000D59
0000046A
FFFFFDEE
FFFFFE78
FFFFFD54
000000E7
0000017A
FFFFFAC8
000006D3
00000336
FFFFF758
FFFFFB87
FFFFFA31
0000083F
000000BC
0000038B
FFFFFDF0
FFFFFE26
000001FD
00000359
FFFFFF06
FFFFF969
00000241
000004F3
0000036F
FFFFFCBF
00000076
000002C5
FFFFFBDF
00000385
FFFFF81C
00000067
FFFFFCFC
FFFFFAF7
FFFFF6B1
FFFFFAFD
FFFFF703
FFFFFCD2
000007E6
FFFFF80B
00000772
FFFFFB8B
FFFFFBAB
FFFFFF41
0000020D
00000492
FFFFFD64
FFFFFB3E
0000036F
FFFFFE97
FFFFFB68
0000005D
FFFFFE56
FFFFFA70
FFFFF973
FFFFF670
FFFFFA1E
FFFFFF3A
000001AC
FFFFF70D
FFFFFA1F
FFFFFEE4
FFFFFB46
FFFFFFE4
000001C7
FFFFFA3B
00000185
FFFFF952
FFFFFB3E
00000667
FFFFF690
00000181
00000069
FFFFFA9A
000008F0
FFFFF170
000002DB
FFFFF7F4
FFFFFC2D
00000227
000007B8
00000597
FFFFFE72
000000C1
FFFFF875
000002CF
FFFFFAD0
00000989
00000909
FFFFFB1B
0000054D
FFFFF9DD
0000081B
FFFFFAEA
00000E60
FFFFFD1C
FFFFFB7F
000008D6
000000EF
000000C1
FFFFF9DA
000008D9
000004D5
000005DC
FFFFFCA9
FFFFF764
00000179
000003EF
00000808
00000853
0000028D
FFFFFD17
FFFFFF22
FFFFFE0B
00000286
FFFFFACB
0000067F
00000AA9
00000285
000004D5
FFFFF9DC
00000476
000001AC
000002E0
FFFFFAEC
00000712
0000078C
FFFFFC7F
000004A2
00000871
00000211
0000034A
FFFFFE9F
FFFFF8F3
00000A87
FFFFF937
FFFFFE34
000007AC
00000937
FFFFFFF0
000006A0
FFFFFD2C
000001A3
00000063
0000064E
0000072C
000003EA
FFFFF599
FFFFF88C
FFFFF8FE
FFFFF904
FFFFFBBD
FFFFFC7C
0000086B
0000039F
FFFFFBCF
FFFFFECC
00000521
FFFFFE00
000001FE
FFFFFB0C
000002F5
FFFFFFF2
FFFFFC24
FFFFFE5B
FFFFFB67
000000CD
000007FF
FFFFFAC7
FFFFFC47
00000616
FFFFFD00
FFFFFCB3
FFFFF733
0000067E
00000AF0
00000379
00000819
0000039F
FFFFF9BD
000000BD
00000110
FFFFFCF8
000008CA
FFFFFDBD
000002F2
FFFFFF2A
00000A87
FFFFFB28
FFFFFAEE
00000165
FFFFF947
FFFFFA8C
0000008D
FFFFF607
FFFFFDE5
FFFFFA10
000000C0
00000B3B
000005B4
FFFFFE66
00000491
FFFFF877
000002B0
FFFFFA2E
FFFFFA3C
FFFFFD8A
FFFFF65B
FFFFF642
FFFFFE13
FFFFF7DD
0000057D
FFFFFF45
FFFFFE90
FFFFFC94
FFFFF6FF
00000005
000004A8
FFFFF8B9
0000079F
FFFFFC3B
0000014A
0000019E
000004D0
0000001F
00000461
FFFFFB73
FFFFFEB4
000000C8
FFFFFE2B
FFFFFBF0
FFFFFFBC
FFFFFF12
000007FE
FFFFFB93
00000500
FFFFFBB7
00000878
000005C1
000007B7
0000000E
00000095
000005A7
0000081E
FFFFF7CF
FFFFFFAB
0000000D
FFFFFEED
FFFFFA71
0000017F
00000322
00000161
FFFFF742
FFFFFEB8
00000A90
FFFFF91D
FFFFFECE
FFFFFB05
00000911
000005A2
FFFFF808
FFFFF949
0000035C
00000215
FFFFFF7A
FFFFFA30
FFFFF768
FFFFFBD3
000002E2
FFFFFA6C
FFFFFC72
0000027D
0000089A
00000F70
FFFFFC6C
00000308
00000410
00000322
FFFFF733
000003A8
FFFFFDC5
000001BA
0000002D
00000482
000005D6
00000952
000002DA
FFFFFB42
00000931
00000806
FFFFFB83
FFFFFB7E
FFFFFA2E
FFFFF9D3
0000022D
000005F9
FFFFFCDB
FFFFFDA0
FFFFFC54
FFFFFFB1
0000060B
FFFFFC20
FFFFF2DD
FFFFF7AA
FFFFFDFA
FFFFFC80
FFFFFD40
FFFFFF0A
FFFFFAF3
FFFFFE34
FFFFF93D
00000039
000008C9
000000B2
FFFFFC3F
0000000C
FFFFFCE4
FFFFF99C
FFFFFCC1
000000A0
0000066C
FFFFFF6D
00000436
0000058C
0000051B
000006DD
0000053D
FFFFFCC8
FFFFFF25
FFFFFD7E
FFFFFD54
FFFFFEED
00000170
FFFFFD79
0000082C
FFFFFC0C
00000418
FFFFFBF7
000007C9
0000007F
FFFFFB14
00000559
0000093A
00000781
000006AA
000002D5
FFFFFA9A
000006EE
FFFFFA80
FFFFFB30
FFFFFFE3
000002A1
FFFFFF9C
FFFFFF7A
FFFFFCFA
FFFFFF11
FFFFFD04
FFFFFB34
00000770
FFFFFF60
FFFFFF66
FFFFFAFC
000007DE
FFFFF811
00000903
FFFFF7E7
00000133
000004E1
00000206
00000974
000000A2
FFFFFA58
00000AAD
00000456
00000076
FFFFFAF1
FFFFF879
FFFFFB79
FFFFF6F8
FFFFFF08
00000230
FFFFFC2F
0000081A
FFFFFDD4
FFFFF9D0
FFFFFF57
000000D7
FFFFF991
000007B1
FFFFFB36
FFFFF8F0
000002EE
FFFFFD81
FFFFFBF4
FFFFFED6
FFFFFEE6
000005BA
FFFFF7AE
00000213
FFFFF8FA
000005EA
FFFFFE12
FFFFF66D
FFFFF685
0000063C
00000774
0000092F
FFFFF67F
FFFFF284
000001BC
0000075C
00000B79
FFFFFB65
FFFFFF74
FFFFF734
000001F8
00000296
FFFFFC9B
0000061E
0000068E
00000541
000002B5
FFFFFD69
FFFFFDFE
FFFFF8AC
FFFFF920
FFFFFA37
00000241
FFFFFF3F
0000007D
FFFFFC83
000003B6
FFFFFDEE
0000089E
FFFFFF38
FFFFF9DD
FFFFFCDA
FFFFF70C
FFFFF8E8
FFFFFF45
FFFFFBEF
00000290
0000009C
FFFFFD6F
FFFFF9EE
FFFFFF50
FFFFF90C
FFFFFE4F
FFFFFD70
FFFFFDAD
00000789
0000048C
0000003D
000003C8
FFFFFE30
FFFFFC95
00000968
000004DF
0000019F
FFFFFDE7
FFFFFBA3
FFFFFF63
FFFFFB53
000001D2
0000033F
FFFFFB47
FFFFFBDE
000003E6
FFFFFBA0
000001BD
FFFFFCC0
00000641
00000496
000002E2
00000089
FFFFFF36
FFFFFE36
FFFFFE05
FFFFFBBE
FFFFF4C0
00000D8A
FFFFFBE0
00000603
00000638
00000168
FFFFFDE5
FFFFFD4A
00000254
FFFFFC13
00000924
FFFFFEA2
FFFFFC22
FFFFFB7F
FFFFFEF9
00000193
0000015A
000003FE
FFFFFE0A
FFFFFEA3
00000B23
FFFFFD94
FFFFFAE6
FFFFFE8E
00000351
000003A5
FFFFFB45
FFFFFADD
000000E0
0000039E
00000249
FFFFFF21
FFFFFC4A
00000118
000001CD
FFFFFBA4
FFFFFE31
FFFFF680
FFFFFD9C
FFFFFE55
FFFFFB3A
00000440
FFFFFB58
00000097
FFFFFFDB
FFFFFD91
FFFFFF73
FFFFFFC6
000004F7
00000636
FFFFFD7B
00000147
0000030F
FFFFFB57
000003D5
FFFFFF67
FFFFFC4D
FFFFFBAD
00000117
000002CD
FFFFF809
00000BA4
000000C9
000003EE
00000067
FFFFFAC3
FFFFF7FF
FFFFFA63
00000152
00000410
FFFFFBC0
00000120
FFFFFF1C
FFFFFA6D
000005E2
000002A8
0000004D
000004BA
FFFFFFA6
FFFFFA0D
FFFFFD53
FFFFF9AE
0000017E
FFFFFD6E
00000034
00000105
FFFFFE3D
000001ED
000001C2
FFFFFC15
FFFFFF2C
000000EF
00000572
FFFFFAB9
FFFFFB0C
00000297
FFFFF94A
FFFFFCDC
00000015
000005CF
FFFFFFEC
FFFFFB14
FFFFF49E
FFFFFEF5
FFFFFD19
FFFFFCF0
00000055
FFFFFCFB
0000074C
FFFFFA8F
00000243
FFFFFACE
00000356
FFFFFEEE
0000035E
0000054B
FFFFFE04
FFFFFBA5
0000050E
0000013E
0000019A
0000009E
FFFFFDE7
FFFFFA09
0000011B
0000026A
0000038F
000005E9
000005FB
00000771
00000015
FFFFFE89
FFFFFC1C
FFFFFDC7
FFFFFBC9
FFFFFDA0
FFFFFC72
0000028C
00000002
000003F7
0000011B
000000DB
FFFFFFAC
00000178
000001A0
FFFFFBF9
00000094
FFFFFE86
FFFFFF43
000004F6
00000321
00000359
FFFFFC0B
FFFFFCDC
00000255
0000000C
FFFFFCA1
FFFFFA91
000001BE
FFFFFD94
000007B0
FFFFF89C
FFFFFBFD
0000094A
000000BA
FFFFFABE
FFFFFFFE
FFFFFFA6
0000084C
000005EA
0000023B
FFFFFDC3
FFFFF919
00000315
FFFFF9CE
FFFFFDCF
FFFFFEA1
000000FE
FFFFFB79
00000409
FFFFFF01
FFFFF61D
00000160
FFFFF974
000002F1
FFFFFF0C
00000005
00000086
FFFFFEEB
000000BF
000000A0
0000000D
FFFFFB99
0000030D
FFFFFF64
00000413
FFFFFDF5
FFFFFC6B
00000697
FFFFFC6C
FFFFFDD6
000003DC
FFFFFCA2
FFFFFAEA
FFFFF89A
FFFFFF5E
000003CB
00000480
000002F4
FFFFFDAD
0000013B
FFFFF984
FFFFF6BB
FFFFFE89
000004F2
FFFFFF0D
000007B6
00000165
000004F8
FFFFFE5D
000001D0
000000E3
FFFFF7E5
0000002A
00000231
0000050D
0000006D
FFFFFBF2
FFFFFBA4
000003A2
00000231
FFFFFB76
FFFFF6A0
FFFFFA53
FFFFFDEC
000001D6
FFFFF90D
00000025
FFFFFD55
FFFFFCAB
000004A8
000006DA
FFFFFF69
0000050B
00000081
0000022C
0000023E
FFFFFB4B
00000166
FFFFFDBE
FFFFFBB3
FFFFFE83
FFFFFD95
FFFFFE33
00000064
00000412
00000493
000003A3
00000064
00000681
00000664
00000631
0000009D
FFFFFF5E
FFFFFF85
FFFFFB30
000001D4
00000374
00000045
FFFFFBEE
0000042C
FFFFF852
00000375
FFFFF924
00000147
FFFFFA94
00000318
000000B8
00000129
FFFFFF43
00000610
FFFFF946
00000098
000005B4
00000322
FFFFF8CB
000000B5
0000036F
FFFFFC51
FFFFFFA6
000002B0
FFFFFDBC
FFFFF560
0000008D
000000A6
000000A7
000000C9
00000282
FFFFFEC3
000001FB
FFFFFC2E
FFFFFBE2
FFFFFCDA
FFFFFBE4
FFFFFEA0
FFFFFB38
FFFFFC18
FFFFFD07
00000768
00000210
00000540
FFFFFE8D
FFFFFFA5
FFFFFF1D
00000578
00000427
000003C8
00000086
FFFFFDE2
FFFFFCF3
FFFFFD7D
FFFFFD11
0000026A
FFFFFF19
FFFFFC08
FFFFF99F
00000555
000000ED
000005AC
FFFFFD28
FFFFFEAC
FFFFF521
00000054
0000049C
00000788
000004F4
FFFFFCDB
0000081E
00000402
FFFFFCDA
000006F0
0000004E
FFFFFBA6
FFFFFB39
0000005C
FFFFFD09
00000075
00000606
00000209
00000292
FFFFFF22
00000869
FFFFEF7F
0000056D
000002B2
000006E0
0000047F
000002AD
00000250
0000023E
00000788
FFFFFF9B
000003C0
0000080E
FFFFFC49
FFFFFE93
FFFFFD12
FFFFFFA0
00000140
000003C6
0000065F
FFFFFBCC
000002F5
FFFFFD64
00000001
00000373
FFFFFED9
00000153
000006B1
FFFFF899
00000137
FFFFFA6C
0000016A
FFFFFE32
FFFFFF40
00000868
FFFFFB34
FFFFFFD3
FFFFF48F
FFFFFB09
FFFFFAA0
0000001B
000005F0
0000014B
FFFFFCA2
000003F4
FFFFFFEA
FFFFFD5F
0000053A
FFFFFDE2
000007DC
000004FD
000006AA
FFFFFBED
00000504
00000110
FFFFFDA3
FFFFF9E0
0000042A
FFFFF9A3
000001C6
FFFFF9A0
000001CA
00000135
00000541
FFFFFFD2
FFFFFA85
00000330
000003D9
FFFFFFCF
FFFFFFE8
0000000F
000003BB
FFFFFD8F
FFFFFBD4
000003D0
000002B5
000005C0
00000091
FFFFFF6B
000001C4
FFFFFC7B
FFFFFD87
00000DB7
FFFFFD80
000001E8
FFFFFD9B
FFFFFF33
0000031D
00000218
00000301
000000A1
00000378
FFFFF7C0
FFFFFFB2
FFFFFE6D
FFFFF75E
FFFFFE06
000001AA
FFFFFF83
000005E2
FFFFFC68
00000273
00000150
000002F8
FFFFFA2B
FFFFFDA3
00000350
00000155
00000B30
00000094
00000ADB
FFFFFE21
FFFFFCED
00000560
000002C2
FFFFFF11
00000388
FFFFFD3A
000008F8
FFFFF8F2
0000011D
FFFFF72E
FFFFFDBB
FFFFF954
00000375
FFFFFA3A
FFFFF9F8
FFFFF96F
FFFFFBE7
FFFFF8C4
0000060C
FFFFFBAD
FFFFFDDA
00000244
0000024B
000002BC
FFFFF65D
00000433
FFFFFFF3
0000032B
FFFFFAD8
FFFFFE41
000002A7
0000048B
FFFFFF50
FFFFF7BE
0000067B
FFFFFF35
FFFFFE98
FFFFFC92
000007E7
00000A66
0000037B
000008B6
FFFFF498
000008B7
FFFFFB82
00000563
00000488
FFFFFF5C
FFFFFB44
00000282
000003FD
00000278
FFFFFDC0
000004B1
000006DB
FFFFFD1B
FFFFFB7A
000005A8
000002EA
0000038E
FFFFFB86
FFFFFEE0
FFFFFBB7
FFFFFD89
000006C4
0000000C
FFFFFA42
FFFFFD3C
00000257
00000496
FFFFFFB7
0000004A
000000D4
000002DB
FFFFFD1B
FFFFFE89
FFFFFF68
0000041D
FFFFF93A
0000052B
00000158
0000026B
FFFFFD6A
FFFFF875
000005AA
00000202
FFFFFA17
FFFFFD43
FFFFFC59
0000015D
000000D2
0000000C
FFFFFCBB
FFFFF8D4
00000195
FFFFFD00
00000797
000008ED
FFFFFAEA
FFFFFAC4
FFFFFF15
FFFFFF4E
000001D2
FFFFF881
FFFFFBE2
00000124
FFFFFFC0
FFFFFF97
FFFFFC45
FFFFF958
FFFFFE13
FFFFFAE7
000005B7
FFFFFA27
FFFFF917
00000352
0000034F
FFFFFDFE
0000072C
00000378
FFFFFB74
00000388
FFFFFE4C
FFFFF92D
FFFFFC8B
000006DB
000002B0
FFFFFC92
FFFFFD43
FFFFFA7D
0000077B
00000781
FFFFF975
00000438
00000726
0000075B
FFFFFE29
FFFFFA2C
FFFFFD08
FFFFFB7F
FFFFFE1F
FFFFFDB6
000008B1
FFFFFA65
FFFFFC5D
FFFFFF40
0000040D
0000007C
00000996
FFFFFE7B
FFFFFF06
00000248
0000000D
00000B05
000001F7
FFFFFD2C
FFFFFC27
0000078C
FFFFFBB4
FFFFF954
FFFFFDBC
0000010F
00000443
00000179
FFFFFED2
FFFFFE92
FFFFFE83
000008F2
000005D1
FFFFFDF0
FFFFFE40
FFFFFC95
000003F4
FFFFFC2D
FFFFFDD7
FFFFFDFA
FFFFFAB8
FFFFFD1E
00000371
00000012
FFFFF7F7
FFFFFE06
0000022F
000001ED
FFFFFD22
00000022
FFFFFE47
FFFFFF75
000001E1
FFFFFD32
FFFFFA3D
000003DD
000003A9
FFFFFC91
FFFFF5BC
FFFFFA03
FFFFFD50
000000B5
FFFFFCFC
FFFFFA8D
FFFFF977
FFFFFD26
000001FD
FFFFFB2D
FFFFF566
FFFFFC1F
000001C3
000005D1
FFFFFDAE
0000005D
0000067F
FFFFFF0A
FFFFF9E9
0000077E
FFFFFB56
FFFFFCDE
FFFFFAA2
FFFFFFFE
000002BF
00000241
FFFFFDDE
00000747
FFFFF822
FFFFF8BC
000001A0
FFFFFAA4
FFFFFC44
00000168
000006D0
0000028F
FFFFFAA3
00000129
00000088
FFFFFB41
FFFFFDFF
FFFFFCC1
FFFFFDBD
FFFFFC0D
FFFFFE9A
00000271
FFFFF79B
FFFFFE8F
00000512
FFFFFD7C
000005E7
FFFFFFB2
FFFFFF5D
FFFFFD91
00000AEE
FFFFFAD3
000003FF
000006D0
FFFFFC8B
00000666
00000034
FFFFFAE4
0000052B
00000366
00000A5D
FFFFFD03
FFFFFEFB
00000252
FFFFFF7F
FFFFF7F2
FFFFFC6E
FFFFFDD9
FFFFFFC4
FFFFFCB5
FFFFFDEA
FFFFF940
FFFFFD20
FFFFFAB0
FFFFFBC9
FFFFFF22
FFFFFF91
0000007A
0000068C
00000038
00000000
FFFFFBD5
000000FD
00000244
00000405
00000419
00000117
0000011A
FFFFF881
FFFFF8F6
FFFFFC0D
FFFFFD9F
FFFFFB1C
FFFFFE47
FFFFF946
000006BC
FFFFFCE9
FFFFF63E
000001A1
FFFFFCA9
FFFFFBCE
000002E3
000002E3
FFFFFE49
00000325
FFFFF792
FFFFFF8B
FFFFFC08
00000063
00000159
FFFFF971
000002D7
FFFFFDB4
00000402
00000B62
FFFFFCD2
FFFFFE48
0000058B
FFFFFDB2
00000176
FFFFFF3B
000001C2
FFFFFFFC
000002D9
FFFFFAB7
00000213
FFFFFAD3
00000011
FFFFFD4B
FFFFFC92
FFFFF4DB
FFFFFC20
FFFFFE5A
0000000B
00000342
FFFFFE59
FFFFFDE1
FFFFFF7F
FFFFFBE8
00000163
000003AE
0000093C
000005B2
FFFFFAB2
FFFFFCAB
00000049
FFFFFED5
FFFFF9C5
0000060D
00000132
FFFFFA8B
00000125
0000044F
FFFFFBB2
000002E2
000001D2
000000CD
FFFFF9BF
00000476
00000735
000005FE
00000043
FFFFFFAD
000000DE
FFFFFECC
000006A6
00000A3B
00000971
000005C0
000000BC
FFFFFE94
000003F5
FFFFFDF2
FFFFFEEC
00000519
000002FE
FFFFFE86
0000058F
00000057
00000343
FFFFFDFC
FFFFFE06
00000648
FFFFFE1A
0000019E
000005C9
FFFFF910
FFFFFA4D
FFFFFE80
0000063A
FFFFFDE0
FFFFFEF7
FFFFFFB1
FFFFFCB6
FFFFFE2F
FFFFF884
FFFFFEF7
0000039B
FFFFF8A3
0000002B
00000615
FFFFFAEC
FFFFFA49
00000ACC
FFFFFA57
FFFFFBFE
0000058E
FFFFFF48
00000330
FFFFFD35
FFFFFE90
00000709
FFFFFA34
FFFFF851
FFFFFBC9
0000041A
FFFFFD4A
FFFFFADA
0000022B
FFFFFDB1
FFFFFF66
0000033C
FFFFFBFE
FFFFFB15
FFFFFE4D
000006D9
FFFFFD88
FFFFF9BC
FFFFFAC2
0000014B
FFFFFD7F
0000024A
FFFFFD3B
00000068
00000484
FFFFFAAE
FFFFFE9E
00000256
FFFFFB6C
00000103
FFFFFE16
FFFFF78E
0000022B
FFFFF863
00000096
00000156
0000043D
FFFFFCF6
0000016A
000002D7
FFFFFB0B
FFFFF9D7
00000338
FFFFF6DA
FFFFFB95
0000059D
FFFFFA16
000000F4
FFFFFA4D
FFFFF9FA
FFFFFA7A
0000075D
FFFFFC18
00000576
000005BC
0000012C
000001B6
00000569
FFFFF587
FFFFFD3E
00000908
00000514
000000E8
FFFFFB88
00000087
FFFFF996
00000396
FFFFFEC1
FFFFFA3E
FFFFFF0A
000002DC
FFFFFA23
FFFFFDA3
000000E8
FFFFF997
0000033B
000000FA
0000056A
0000076C
000001E2
FFFFFA89
00000489
FFFFFA85
FFFFFE7F
FFFFFAFD
00000375
FFFFFE55
000001C0
FFFFFC5E
FFFFFE45
00000C24
00000180
00000467
0000042A
00000298
FFFFFD94
00000186
FFFFFF06
FFFFFD8E
00000275
0000043F
000004E9
00000AB2
FFFFFCC7
FFFFFB5E
0000055F
FFFFFC49
000004B7
FFFFFB50
000004E4
FFFFF8C8
00000607
FFFFFD82
000000A6
FFFFFEFE
00000368
0000009E
FFFFFCB5
00000318
FFFFF812
FFFFFF53
FFFFFF1B
FFFFFE63
FFFFF9EC
FFFFFA72
000003E9
00000104
FFFFFA6F
00000230
00000645
00000141
FFFFFC54
FFFFFE24
00000308
FFFFFB03
0000017D
00000475
FFFFF7C9
000003C2
000009C4
000004B5
FFFFF993
FFFFFB6A
FFFFFD7C
FFFFFF6C
FFFFFF50
00000049
00000133
FFFFFE99
00000255
FFFFFBDD
000003C1
FFFFFC9C
FFFFFE67
000004BC
FFFFFDFE
FFFFFD61
FFFFFFC0
FFFFF7D8
FFFFFEAF
FFFFFE89
FFFFFCC3
FFFFFEF1
FFFFFC8D
00000553
0000013B
000002ED
FFFFFD82
0000013D
FFFFFE2F
00000196
FFFFFAA9
000006FE
FFFFFDF6
00000C3F
FFFFFAD9
FFFFFC39
FFFFFE94
000002A6
FFFFFDF2
000009B5
0000033E
00000064
FFFFF654
FFFFFFC5
000003C7
00000926
FFFFFB24
0000056A
00000823
00000340
000004EF
00000036
0000010C
000002CE
00000B5C
000000DE
FFFFF8B1
FFFFFFC6
FFFFFEB8
000004FE
FFFFFAB4
000002A1
0000062F
00000383
FFFFFB93
00000717
000001E3
00000241
0000047F
FFFFF8FD
FFFFFC1F
FFFFFD78
000001CE
FFFFFBCF
FFFFFBC4
FFFFF9F8
FFFFFE40
00000394
0000003E
00000444
FFFFF9CC
FFFFFFA4
FFFFFCAE
0000038A
FFFFFD34
00000030
FFFFFD77
00000060
FFFFFC88
FFFFFEB4
FFFFFE9C
00000017
000000DC
0000060F
00000116
00000240
00000447
FFFFFD5B
FFFFFBCA
000001BF
000006D6
FFFFFDA7
000005DF
0000036B
000004AC
FFFFFB80
FFFFFCE3
00000501
0000012E
00000265
FFFFFFFA
FFFFFD50
FFFFFE6D
000002D5
FFFFFF17
FFFFF96B
00000008
FFFFFCE4
FFFFFC9C
FFFFFA9C
FFFFFD2A
0000032C
FFFFFD26
FFFFFE02
0000024D
FFFFFD6A
000000DB
00000111
FFFFFF6C
0000018D
00000230
000001B8
FFFFFFE4
FFFFFF55
FFFFFB70
FFFFFEF4
00000374
00000682
00000109
FFFFFA47
0000016D
00000259
0000042D
FFFFFD7E
00000418
FFFFFCEF
0000035E
FFFFFA1C
FFFFFDAA
000001ED
0000005B
FFFFFC76
0000020C
FFFFFDBB
FFFFF944
FFFFF716
0000021A
FFFFFCB4
FFFFFCB5
FFFFFF70
000001E8
0000026A
FFFFFBCA
FFFFFD40
FFFFFE73
FFFFFF82
FFFFFE99
FFFFFC20
FFFFFB05
FFFFFEA7
0000014D
FFFFF960
FFFFFA8D
FFFFFFAD
FFFFFD2D
FFFFFC7B
000000A0
00000318
00000012
000000BE
0000057B
FFFFFDA1
00000486
FFFFFDEE
00000201
00000472
0000041C
FFFFFE42
000004F9
00000229
FFFFFBFD
FFFFFB5A
FFFFFB11
00000058
FFFFFB19
FFFFFBA3
FFFFFC15
000005A7
000001DD
0000040D
00000288
0000027E
FFFFF7D7
000003BB
000002BE
FFFFFD62
00000086
FFFFFBD6
0000026B
000006C1
000000B6
0000013C
000002C4
000004F8
000003D5
000000A4
000008A6
000008FB
00000328
FFFFFBAD
FFFFFC77
FFFFFD2A
FFFFFEB5
00000288
FFFFFE54
FFFFF9C5
FFFFF98F
000005BE
00000321
FFFFFCC6
00000514
FFFFFDEE
FFFFFD62
FFFFFB6C
0000004F
FFFFFEE5
FFFFFDFE
FFFFFC50
FFFFFF69
FFFFFD3F
FFFFFF25
FFFFFC73
FFFFFDBC
000002CA
00000370
000000BC
FFFFFDB8
FFFFFD8C
000004C9
000000CA
FFFFFCAE
FFFFFE20
000005C2
FFFFFE00
00000140
FFFFF9EE
FFFFFF2C
000003FB
0000012F
FFFFFA8C
00000064
00000176
FFFFFAC1
00000393
FFFFFEE9
FFFFFD9E
000000EC
00000140
FFFFFAAA
FFFFFCB5
FFFFFF10
FFFFFB63
FFFFFFC8
00000399
FFFFFC41
000001FB
00000317
00000199
000001C3
000004D6
00000484
000000EB
00000309
00000212
FFFFFA5C
FFFFFF65
FFFFFDA9
0000007C
FFFFFD93
000004D7
00000309
000002F5
FFFFFFCD
0000043B
FFFFFD60
000001BE
0000003F
0000026E
FFFFFE17
000003E0
FFFFFF26
FFFFFD7B
FFFFFF2E
FFFFFACD
0000032C
00000570
FFFFFC92
FFFFFABA
00000239
0000056F
FFFFFD6D
FFFFFE57
00000381
000000B2
FFFFFE20
FFFFFCD8
00000181
0000031E
FFFFFFDE
00000578
FFFFFEE2
000001ED
FFFFFD6E
FFFFFF04
00000190
000007B9
FFFFFEE6
000006A6
FFFFFD78
000005FA
0000010C
000005B2
FFFFFFBA
00000204
FFFFFF43
0000009A
FFFFFE66
FFFFFDD2
FFFFFF97
FFFFFE8E
FFFFFE46
00000125
FFFFFBFA
FFFFFD2F
FFFFFCCE
FFFFFFCA
00000232
FFFFFF16
000004A8
000005C4
FFFFFD51
0000005C
FFFFFCC0
FFFFFE8C
0000001F
00000095
0000064C
FFFFFF0A
FFFFF9BF
000002F1
FFFFFD87
FFFFFD90
FFFFF929
FFFFFCF6
00000056
FFFFF872
FFFFFE3A
00000087
FFFFFC11
FFFFF7D7
00000084
FFFFFF93
FFFFFDB1
00000367
00000461
FFFFFD75
00000249
FFFFFFBB
FFFFFE5D
0000020D
000000B7
FFFFF8C5
FFFFF8E9
0000022B
FFFFFAC8
FFFFFCB7
000002F6
000002CC
FFFFFD23
00000007
FFFFFE9F
FFFFFF27
FFFFFFFA
00000079
0000004E
FFFFFADC
00000406
FFFFFAF6
FFFFFAEA
FFFFFB05
FFFFFE0B
00000107
FFFFFCCC
FFFFFBA0
FFFFFE28
000002F7
FFFFFCB8
FFFFFA2B
FFFFFF12
0000028C
FFFFFC5C
00000257
000000C4
FFFFFED4
FFFFFDD9
FFFFFBED
00000418
FFFFFFAF
FFFFFFBF
00000678
FFFFFB0D
FFFFFFED
0000045C
FFFFFCC4
000001F7
FFFFFD6D
00000642
FFFFF91E
00000364
000003BA
FFFFFCF7
FFFFFDB1
00000220
00000428
FFFFFD37
00000310
00000453
00000545
0000024B
FFFFFCB8
FFFFFFED
FFFFFF04
FFFFFF64
FFFFFD32
0000052E
00000148
0000025F
FFFFFFC5
000004AB
000002BC
000004F9
0000017F
FFFFFE9D
000006E9
00000089
0000011C
00000958
FFFFFFA8
000004A3
00000841
0000017D
FFFFFDC1
FFFFFCBB
000007A6
00000518
000001F8
FFFFFBBB
0000089C
00000196
0000027A
00000282
0000017D
000005D6
000001E2
FFFFFFE7
FFFFFC5C
00000180
FFFFFE21
FFFFFB73
00000608
0000044A
000000CC
0000075A
FFFFFDD6
00000598
00000308
000006FC
00000344
FFFFFAFA
000000EF
0000036D
FFFFFE74
00000142
000005C4
FFFFFCDA
FFFFFEA1
0000065E
FFFFFEFA
00000037
FFFFFF74
FFFFFB95
FFFFFE49
000005B9
00000429
00000131
FFFFFCDA
00000217
FFFFFC00
00000235
000001F2
000002D2
000003BA
00000013
FFFFFDEF
FFFFFF7B
0000016C
FFFFFE5B
00000342
000001C5
00000808
00000235
000004F0
FFFFFFDC
0000017D
FFFFFCE6
00000007
FFFFFCED
FFFFFBA5
00000405
FFFFFDF4
00000611
00000299
0000043A
FFFFFD52
000000C7
0000061A
000000EF
000007AD
0000091B
0000051E
000000BC
0000004F
FFFFFC6C
0000043F
00000968
00000410
0000006E
00000039
00000020
00000593
00000138
000002DF
0000025B
FFFFFD91
0000023E
FFFFFC5E
00000129
0000054D
000002FF
FFFFFE0B
FFFFFCEE
FFFFFBD7
FFFFFFC9
FFFFFA33
FFFFFACE
000000F6
FFFFF9E6
FFFFFA2D
00000119
00000243
FFFFF957
FFFFFFA1
FFFFFDC7
FFFFFDE6
00000860
FFFFFCE3
00000097
FFFFFB42
00000049
FFFFFA74
FFFFFDC4
FFFFFE94
0000018C
000001EE
FFFFFE21
000000A3
00000240
00000185
00000113
000002AC
0000036C
FFFFFFD6
000005F8
FFFFFFF6
00000015
0000035F
FFFFFAC4
000000DE
FFFFFFDE
00000144
FFFFFD71
0000033E
000001A5
00000119
FFFFFE0A
FFFFFE91
FFFFFD6D
000004C1
FFFFFDDB
000003F7
00000594
FFFFFF7E
FFFFFFB7
00000293
00000276
0000056E
00000202
FFFFFD61
FFFFFBA2
000001AC
FFFFFB9C
FFFFFC02
000000BF
0000009A
0000025A
0000060A
FFFFFFF9
000002F2
FFFFFB5D
00000408
000006B7
FFFFFDF1
00000372
FFFFFD7E
FFFFFEC5
FFFFFAB0
00000326
FFFFF8F9
0000008F
0000011F
FFFFF8AD
FFFFFB6D
00000743
FFFFFFD8
0000007C
000001CD
FFFFFC07
00000289
FFFFFDF0
0000041A
000002C3
FFFFFFB8
0000002C
FFFFFCA5
FFFFFF23
000004F6
00000278
FFFFFDF7
FFFFFC25
0000034A
FFFFFDB6
FFFFFB5C
00000451
0000005E
FFFFFA81
000003AD
FFFFFD29
000004DC
FFFFFE45
000003E4
00000024
000004A1
0000023A
0000099B
FFFFFEDF
FFFFFB87
FFFFFBB3
00000663
000006C9
0000057E
0000015C
FFFFFDBF
FFFFFF0F
FFFFFC22
FFFFFBED
0000046A
00000484
FFFFFAF5
00000016
FFFFFDA9
FFFFFD1E
FFFFF8AE
FFFFFF1E
FFFFF642
FFFFFD41
000002C8
000004A6
00000456
00000075
00000315
FFFFFC5C
FFFFFDA5
FFFFFB5B
0000011C
FFFFFB01
0000021A
FFFFFA66
FFFFFE55
FFFFFBE8
FFFFFE0B
FFFFFDB0
FFFFFE98
00000652
0000004A
FFFFFF53
FFFFF9C5
00000091
0000062F
FFFFFBA3
FFFFF9A8
FFFFFF0E
0000059F
FFFFFBF0
0000009B
FFFFFB6B
0000029F
000000A8
00000090
FFFFFBEB
FFFFFEA2
0000040E
000002BB
FFFFFE7F
000003EF
00000285
FFFFFE9E
FFFFFA83
FFFFF909
FFFFF8A5
FFFFFF3D
FFFFFA67
FFFFF9CD
FFFFF7FA
0000034F
000004B5
FFFFFB7A
FFFFFAA9
0000086E
000004ED
FFFFFF30
FFFFFF31
000002F6
FFFFFAB5
FFFFFE32
FFFFFFB3
FFFFFC7A
FFFFFF08
0000028E
000004BA
00000298
FFFFFA58
00000377
00000799
000001C8
FFFFFA1F
FFFFFD6E
FFFFF9C1
000002C9
FFFFF768
FFFFFC5F
FFFFFC7C
00000295
00000084
FFFFFBF4
FFFFF834
FFFFF5A7
000002FD
0000049D
000002FB
FFFFFD7D
000004B8
000001C6
000003F9
FFFFFDC4
00000415
00000692
0000011A
0000001F
000000F2
00000354
FFFFFB09
FFFFFB1D
FFFFFD32
FFFFFDAC
000003D9
000002F0
FFFFFCA8
00000448
FFFFF7AC
FFFFFB47
FFFFFD61
FFFFFE84
FFFFFD6B
FFFFFE08
FFFFFE1B
FFFFFC73
000001E6
00000013
FFFFFFF4
FFFFF912
FFFFFDA2
FFFFFBF5
FFFFFD20
0000033D
FFFFFD4D
FFFFFE7C
00000534
FFFFFC58
FFFFFF37
FFFFFB0B
FFFFFD1C
FFFFFC14
FFFFFCF6
FFFFFFE7
FFFFFE0D
FFFFFE87
FFFFF6C5
FFFFFD37
FFFFFE33
00000408
00000063
0000043F
000006A1
0000029C
0000071B
FFFFFEAF
FFFFFE2A
00000017
00000185
00000597
000001B1
FFFFFCDA
FFFFFE44
FFFFFF5E
000004C3
FFFFFF08
00000284
FFFFFAF6
00000254
00000435
0000036C
000002DB
FFFFFE41
FFFFFD0D
FFFFF9C5
FFFFFB5E
0000005B
0000015A
000006E1
0000005D
0000011F
FFFFFB3A
FFFFFED8
0000027F
FFFFFF1E
0000011C
FFFFFD93
FFFFFDDB
FFFFFA2D
FFFFF919
000002D2
FFFFFAA8
FFFFFE46
000002B6
FFFFF8F3
00000022
00000030
FFFFFF0A
FFFFFB75
00000193
00000460
FFFFFA22
FFFFFAF0
FFFFFE85
FFFFFCA4
00000289
FFFFFF9E
000003E4
000007F4
0000055C
FFFFFE26
FFFFFE09
FFFFFE84
000004B2
00000632
00000B82
00000324
00000943
000005F2
0000041E
FFFFFE56
00000275
0000037B
00000191
00000061
00000029
00000823
0000010E
FFFFFEB4
FFFFFE82
0000084D
000000C3
FFFFFF06
00000180
000001F4
FFFFF89F
FFFFFD6F
000001D8
0000052B
FFFFFCC8
FFFFFFE2
00000366
FFFFFED9
FFFFFE01
FFFFFF3A
00000663
0000069F
000001E3
000002D8
FFFFFD8B
000004C0
FFFFFD2F
FFFFFFE8
000003D7
FFFFFD67
FFFFFF97
0000051A
FFFFFB8C
0000026E
FFFFFB2C
FFFFFAF5
000001C4
0000034B
000006AD
FFFFFF4F
00000691
00000359
FFFFFB9E
FFFFFE29
00000000
00000277
FFFFFB1C
FFFFFCE9
000000C7
FFFFFC8E
0000014E
000001D6
000003CF
000001AD
00000668
00000386
0000025F
FFFFFCEE
FFFFFE05
FFFFFED2
000000FC
000001A9
FFFFFD7F
000002FD
000003AD
0000080C
FFFFFFDB
000002B1
FFFFFE46
000000F1
0000035D
FFFFFCEC
000000A4
FFFFFF2A
0000012B
FFFFFF62
FFFFFF8A
FFFFFD2A
FFFFFE8B
000000B8
FFFFFB12
FFFFFC6E
00000060
000003F7
00000128
FFFFF953
00000321
FFFFFA5F
FFFFFDD6
FFFFFE32
FFFFFEDD
00000591
FFFFFF0C
FFFFFEFC
FFFFFF0B
000003F1
000001C9
00000215
000006FE
FFFFFCF2
FFFFFD2A
00000452
000002E5
FFFFF956
00000373
000006DA
000003EC
00000056
00000038
00000132
000001F7
000003DC
FFFFFDD9
FFFFF9D9
0000027D
00000195
00000221
FFFFFED2
FFFFFD42
FFFFFA10
FFFFF8B9
000002B2
FFFFFEAC
0000015A
00000266
0000033D
FFFFFBB4
FFFFFC78
FFFFFD08
00000121
000000FF
FFFFFF69
0000044D
FFFFFD57
00000499
FFFFFE67
FFFFFDB3
000000C8
000005C4
00000356
000004AA
FFFFFD79
00000202
FFFFFAFC
FFFFFCBA
FFFFFFED
FFFFFD16
FFFFFFB5
FFFFFFCF
000001C3
00000225
FFFFFF59
FFFFFFCA
000001E3
FFFFFDD9
0000016B
FFFFFD98
00000237
000006CC
00000092
0000025B
FFFFFED4
FFFFFD57
FFFFFE0D
FFFFFB06
FFFFFE26
FFFFF979
FFFFFA00
000001F3
FFFFFCD4
FFFFFC11
FFFFF97C
FFFFFEA1
000002D8
FFFFFB65
FFFFFA46
000001FB
FFFFFB7B
FFFFFCBF
FFFFF950
FFFFFB02
FFFFFAFC
FFFFF9DB
FFFFFEA5
0000042F
000005C3
FFFFFA1E
FFFFF9C8
00000188
FFFFFFF5
FFFFFEEA
00000272
FFFFFDBF
00000207
00000505
FFFFFAB1
FFFFFF7C
FFFFFA26
FFFFFF8B
00000252
FFFFFAEB
00000126
FFFFFE7B
0000005A
FFFFFEAD
FFFFFB1E
0000032B
FFFFFF8E
FFFFFBEE
000009C9
00000114
00000369
000008A5
000001A3
FFFFFD59
00000114
FFFFFC97
FFFFFBEB
FFFFFDDB
FFFFFE8D
FFFFF982
FFFFFC62
FFFFFC8B
00000062
FFFFFB90
FFFFFC15
000008A6
FFFFFF43
0000045D
00000420
000002D1
000002AB
000000CB
0000006D
FFFFFC0B
FFFFFE01
FFFFFC4B
00000279
0000002A
FFFFFF3C
FFFFFB47
000000EF
0000011E
00000541
000003E0
FFFFFC7C
FFFFF8F9
0000075C
FFFFFF32
0000043F
00000678
FFFFFE19
000001F6
00000732
00000836
FFFFFE97
00000264
000001DF
FFFFFDA8
00000333
FFFFFF74
0000072B
0000052D
000001C7
0000012D
FFFFFB1D
FFFFF9F6
FFFFF9D5
FFFFFC61
FFFFFF8D
FFFFFFAB
0000028A
FFFFFF30
0000059E
0000020F
FFFFFF7F
FFFFFE81
FFFFFFB9
FFFFFEF2
000000C3
FFFFFB53
00000644
0000033A
00000602
000004D0
FFFFFE72
FFFFFE6B
000004A6
FFFFFFA7
000003A0
00000017
FFFFFD95
0000003E
00000085
000002D6
000004BF
000000C0
0000029B
00000063
FFFFFC4D
FFFFFEC1
FFFFFC35
FFFFFF85
00000631
FFFFFDBD
00000326
FFFFFC45
0000013A
FFFFFF69
FFFFFF1F
00000243
0000065E
FFFFFD28
00000669
FFFFFF37
000003DB
000000DB
FFFFFF51
00000135
FFFFF7FF
FFFFFEDB
FFFFFC35
FFFFFB1E
0000025A
FFFFFFCC
FFFFFE82
FFFFFC23
FFFFFCF8
000003FF
FFFFFF27
00000341
000000A8
00000239
00000032
FFFFFD6B
00000390
00000005
000006E4
00000365
FFFFFEED
FFFFF517
FFFFFF4C
000000E6
FFFFFE88
000000AF
FFFFFB1A
FFFFF74B
FFFFF6DC
00000343
FFFFFE2E
00000115
00000458
FFFFF042
000003D8
000000F7
FFFFFC42
FFFFFE88
00000525
FFFFFF45
00000279
FFFFFAAA
FFFFF583
FFFFFA0D
000005F7
00000564
FFFFFB87
000003FC
FFFFFEC0
000005D0
000004B5
00000B29
FFFFFD77
FFFFFAC6
00000242
FFFFFCBD
0000009C
FFFFFE15
FFFFFB94
FFFFF8AC
FFFFF9D6
00000577
FFFFFF91
0000001F
FFFFFC2F
00000100
000003FE
FFFFFFA8
00000305
FFFFFDEC
FFFFFB7F
FFFFFB02
FFFFF5D7
FFFFFAA2
00000637
0000005F
FFFFFC33
0000026D
0000015D
FFFFF997
0000058A
FFFFFED2
FFFFF987
0000035A
00000A17
FFFFF8C2
00000C91
FFFFF686
0000018E
FFFFFDF1
00000525
FFFFFB06
0000060A
FFFFFB84
00000333
FFFFFDDE
00000905
0000024D
00000333
000003EE
FFFFFE24
FFFFFC1D
FFFFFF8B
FFFFFD60
FFFFFE82
FFFFFA93
00000469
FFFFFD92
0000062F
FFFFFE3A
00000582
00000536
000006AF
00000829
FFFFFA35
FFFFFAFF
FFFFFFDB
FFFFFDF4
00000625
000007EF
00000107
000000FC
00000799
FFFFFB51
000005CC
FFFFFDBD
00000045
000007C8
FFFFF74D
000000EB
FFFFFF28
FFFFFC5B
FFFFFA5C
FFFFFA7B
FFFFF6C0
FFFFFE15
FFFFFDDE
0000047B
FFFFF931
FFFFFB90
FFFFFF94
FFFFF689
FFFFFA30
FFFFFF65
FFFFF9FC
0000039C
FFFFF9D1
00000230
FFFFFDBE
00000015
FFFFF967
00000419
FFFFFDC0
FFFFFA20
FFFFFB16
FFFFF96B
00000286
FFFFFA74
00000054
FFFFFBE6
00000383
00000652
0000022E
FFFFFC87
0000054F
000002F1
FFFFFEF5
00000660
000002C7
0000033A
00000980
00000701
FFFFFE3E
FFFFFECE
FFFFFFF2
00000418
FFFFFB87
FFFFFFE5
00000417
0000026C
000001F0
0000056C
00000397
FFFFFF24
FFFFFDAC
000003C0
00000062
FFFFFDE3
FFFFFA0D
FFFFFC8A
FFFFFB63
FFFFFFF3
000002FD
00000733
FFFFFC62
00000B9F
00000399
FFFFFCE1
0000056A
FFFFFF2C
0000026C
FFFFF9DE
FFFFFA7E
000002D3
000000B8
FFFFFB22
FFFFF7A9
0000016F
FFFFFDBF
0000005F
000004FE
FFFFFEFA
000005E6
FFFFF8AE
0000016D
FFFFFD6F
FFFFF63C
FFFFF89E
0000034F
FFFFFD3B
FFFFFE0E
FFFFF796
00000917
000002B2
FFFFFE2B
00000465
FFFFF924
000003CD
FFFFFB75
FFFFF9AB
FFFFFCD5
FFFFFF21
FFFFF81C
FFFFFB3E
00000068
FFFFFF26
00000208
000000EB
FFFFFA32
00000171
FFFFF746
000006FA
FFFFFDE1
0000016D
00000096
FFFFF949
0000039C
FFFFFB99
0000012B
FFFFFCE9
00000539
000002EF
00000638
FFFFFFE3
FFFFFA7F
FFFFFAA6
FFFFF955
00000084
FFFFFE92
00000B66
000004F4
000000F9
FFFFFF40
00000385
FFFFFB7D
00000337
0000072C
FFFFFE2F
FFFFFD0E
FFFFFF4F
00000375
0000039D
00000299
0000078F
FFFFFD0A
FFFFFD3A
00000550
000004DA
FFFFF5F1
FFFFF86D
FFFFFF53
0000079E
00000426
FFFFFBC9
00000377
000001F8
FFFFFD5A
00000223
FFFFFB7C
FFFFFDCA
FFFFFD89
00000385
FFFFFF90
00000655
FFFFFE22
FFFFFEE1
FFFFF9E9
000004BE
FFFFF9E5
0000056A
FFFFF92A
00000562
FFFFFCDA
00000515
00000293
000009C2
000008CE
000005F1
00000776
000003CC
FFFFFC7F
000002A8
0000053D
000005C5
FFFFFAAB
FFFFFB41
000006CA
FFFFFE9F
000001BC
FFFFFCC4
000003A8
FFFFFEF2
FFFFFB8C
000001D2
00000376
FFFFFBA2
0000010D
00000402
00000187
00000418
000004F2
FFFFFFD0
FFFFFE66
FFFFFA4A
000001E9
FFFFFC24
FFFFFFE4
FFFFF7EC
000001B5
FFFFFDE1
FFFFFAC4
000001DE
FFFFFF9D
FFFFFA71
FFFFFC8C
FFFFFB82
FFFFFEAF
00000097
00000622
FFFFF465
00000273
00000615
FFFFFAA8
FFFFF8BF
FFFFFFB2
00000118
00000060
000008D6
0000044C
FFFFF8F9
FFFFFE19
00000491
00000724
00000095
00000089
FFFFFC2F
FFFFF8EF
FFFFFB53
FFFFFEB8
00000154
FFFFFB94
00000407
00000A4A
FFFFFDA3
0000036A
FFFFFF54
FFFFFE03
00000894
0000025F
FFFFFDEE
FFFFF8EE
000001AA
000000DB
0000043A
000000DF
00000429
FFFFF7FE
000001FD
000000FD
000004F3
FFFFFE19
00000040
FFFFFABC
FFFFF403
000005F1
0000053F
000007F2
00000470
FFFFFF91
FFFFFDE5
FFFFFFC9
00000305
FFFFFCB8
000006DB
FFFFFF65
FFFFFD92
0000002B
FFFFFB56
FFFFFC99
FFFFFF83
FFFFFA74
FFFFFCC9
00000340
FFFFFC35
FFFFFE00
0000037C
000001D4
FFFFFC44
0000066D
000000EC
FFFFF623
FFFFFE14
FFFFF9AA
00000A54
00000211
0000041E
FFFFFCFA
FFFFFD6B
FFFFF747
00000064
FFFFF965
0000016E
000003C3
00000146
FFFFFC29
000002F9
FFFFF587
000003F0
00000B42
FFFFFF8D
000005F2
FFFFFAD9
FFFFF9F2
FFFFFBCF
FFFFFE6B
FFFFFB07
0000032F
000000B6
000008DD
0000002E
FFFFFE9F
FFFFFFF6
FFFFFD82
FFFFFE9F
00000498
FFFFFA4D
FFFFF4A2
00000787
00000202
00000038
000003BE
FFFFFFF4
FFFFFE9B
FFFFF631
00000832
FFFFFEFA
000004BE
00000355
FFFFFCE8
FFFFFAE9
FFFFFBDE
00000BCB
000002EE
FFFFFC14
000000AA
FFFFFAF6
00000470
000006BF
00000668
FFFFFF73
000003E3
FFFFF738
FFFFFA5C
00000121
FFFFFD0A
000002CF
00000210
FFFFFE0B
FFFFF626
FFFFFA86
000002E6
000000F2
FFFFFDA6
000003A2
FFFFFA42
FFFFFBB7
00000362
000004A7
000004DA
0000022A
FFFFF421
000002EB
FFFFFE34
000001EC
FFFFF7B9
FFFFFC73
0000098F
00000283
0000028C
00000858
0000084B
0000086B
0000062B
000008B2
FFFFFCB9
00000106
FFFFFC8F
00000577
000001B0
FFFFF88B
FFFFFCA4
FFFFFB6F
FFFFFB72
00000194
FFFFFE8A
FFFFF36A
0000017D
FFFFFEC9
FFFFFFA8
FFFFFE68
FFFFFC82
FFFFF970
FFFFFF37
00000110
000007F8
0000006E
0000023A
000003E3
000004F4
FFFFFA69
FFFFF970
00000857
000006CF
00000188
FFFFFC53
FFFFFC9C
FFFFF81A
000000AC
FFFFFE41
000001D7
0000069D
FFFFFCF4
00000469
0000013F
FFFFFEF1
FFFFF522
00000080
FFFFFF24
FFFFFCB3
00000477
FFFFFE78
FFFFF963
FFFFFFCC
00000351
00000410
00000187
000000E9
000009D7
FFFFFC86
FFFFF751
000004D1
FFFFF999
00000233
FFFFF26A
FFFFFEFF
0000006C
FFFFFEE3
FFFFF8AF
000003E9
000002A4
FFFFFA2B
FFFFFBA4
000006F6
FFFFFD73
0000019F
0000037A
FFFFF72C
00000648
00000037
FFFFFBD1
000005A3
FFFFFFB3
0000075B
000003BB
FFFFFD1D
FFFFFC83
FFFFFA1C
FFFFF70A
FFFFFB65
00000017
00000BBB
0000074B
00000516
FFFFFD99
00000733
000001D0
FFFFF956
FFFFFF72
FFFFF7C1
FFFFFEE5
000004B2
FFFFFDFF
FFFFFDCF
00000287
000004C1
FFFFFFD0
000006D6
FFFFFAF2
FFFFFE7F
000003B3
FFFFFED6
FFFFFD46
00000178
00000022
00000AA9
FFFFF975
FFFFFE14
00000136
00000035
00000178
000004D7
00000152
FFFFFD5B
00000773
FFFFF8D2
000004CF
FFFFFE95
FFFFFEFD
00000263
00000145
00000303
0000017F
FFFFF9BB
FFFFFE67
000006C3
FFFFF4D6
000008D0
000003F6
000003F3
00000212
00000263
000001A2
000005B4
0000000F
000003F6
FFFFFE50
FFFFFD7D
0000038A
00000585
00000A47
FFFFFD8E
00000693
FFFFFB58
0000002B
FFFFFAD6
FFFFFB9B
000003EC
0000066E
000004C2
FFFFFDE1
FFFFFD50
000007DF
000004C7
000002B6
FFFFFDD4
FFFFFE74
0000057D
FFFFF837
00000227
00000F23
FFFFFAE0
000005D8
FFFFF9B0
FFFFFCC6
00000275
0000046A
00000643
FFFFF99D
000000D7
FFFFFDC8
00000A10
00000356
FFFFFA0F
00000467
000002C6
000000FE
00000130
FFFFFD09
00000398
FFFFFD8A
0000033C
000006DC
FFFFF864
FFFFFCE5
000004F7
FFFFF93C
00000B6B
00000252
FFFFF9D7
000007BA
FFFFF9C1
00000537
000005AE
00000441
00000796
00000674
0000052A
0000031B
000000AE
FFFFFAC1
FFFFFE41
000006EC
FFFFFCA6
0000025A
0000006F
FFFFF9AF
FFFFF49F
0000016B
000001B8
000002CE
0000023F
00000443
FFFFF64D
00000457
FFFFFE15
0000039C
000000C8
FFFFF7CE
00000505
0000080B
00000062
FFFFF8F3
00000260
FFFFF980
FFFFFF92
FFFFFAE9
FFFFFD83
0000027F
000004E3
00000120
00000594
FFFFFFF5
FFFFFA2D
FFFFFC8D
FFFFF680
00000505
FFFFFD64
FFFFF70C
FFFFFD5D
FFFFF52D
00000390
00000006
00000599
000001A6
000006C7
FFFFFD26
00000561
000001DC
FFFFFA3C
FFFFFD79
FFFFF9B9
000000DD
FFFFFF48
0000004C
FFFFFBC1
0000005B
00000728
FFFFF298
FFFFFBB4
00000ACA
FFFFFFE3
000006F0
FFFFFE6F
FFFFFD68
00000068
000001AC
00000807
FFFFF81D
0000014A
FFFFFDB9
FFFFF9EF
00000227
00000049
00000452
FFFFFB41
FFFFF8BA
FFFFFE00
FFFFF79B
FFFFFC8A
FFFFF92A
FFFFF933
FFFFFB96
00000246
000001A6
0000048B
FFFFF869
00000858
000001F8
FFFFFD40
FFFFFEB9
FFFFFF08
FFFFFF07
00000465
FFFFFC6D
00000015
FFFFFBCE
00000093
000000EA
FFFFFC38
FFFFFBFB
00000137
FFFFFE76
FFFFFC4E
00000015
000000EE
00000020
FFFFF8B1
00000178
FFFFFD6C
0000029F
FFFFFE4E
FFFFFDAE
FFFFF607
00000418
00000CDA
0000082A
00000359
FFFFF6B0
00000369
FFFFFA4F
FFFFFE77
FFFFFD21
FFFFFCFE
0000076A
FFFFFF7B
FFFFFCF7
0000072B
FFFFF9D2
FFFFFFB7
00000607
000007BC
FFFFFE8B
0000063A
00000545
FFFFFE76
00000774
FFFFFC69
00000230
000005E5
00000241
00000553
00000517
00000204
0000049A
00000663
000009AA
FFFFFE5A
FFFFF806
FFFFFC58
00000568
000006FB
000008BB
FFFFFD27
000003BC
00000670
FFFFF840
FFFFFAAC
000000B0
FFFFF771
FFFFFC68
FFFFFE7A
FFFFFEE8
FFFFF9D0
FFFFFDF9
FFFFFAF6
00000784
000001E3
00000A32
FFFFFD2F
00000218
000001AF
FFFFFCD6
FFFFFD1B
00000122
000000DA
000001CB
FFFFFF80
0000063B
FFFFFD2A
FFFFFEC8
FFFFFF15
0000019F
0000045D
000000E5
00000030
00000549
FFFFFE92
00000AB9
FFFFFA0A
FFFFFBCA
FFFFFDD1
FFFFFC81
FFFFFA66
FFFFF619
000000EF
00000DF9
FFFFFACA
000000E1
FFFFFCCA
FFFFFC82
FFFFF635
FFFFFB43
FFFFFC1B
000001F9
000001CB
FFFFF741
FFFFF8E9
000001AC
FFFFFFAE
00000853
000003FA
FFFFFE0D
00000079
FFFFFFEE
000002FA
000000B3
0000058D
FFFFF7C2
FFFFFCA5
FFFFF69C
FFFFFD30
FFFFF9AC
00000091
00000612
000002B6
0000035B
0000008B
FFFFF86F
000006B3
0000060E
FFFFFF96
0000063F
FFFFFC39
FFFFF701
FFFFFB21
0000038A
000000A4
FFFFFA99
000002BE
FFFFFE28
00000801
00000172
FFFFFA3C
0000039A
FFFFFE67
FFFFFC01
FFFFF6B1
0000008A
FFFFF9AB
FFFFF5D1
FFFFFCEE
FFFFFA32
FFFFFCBF
FFFFFF7B
FFFFF99C
FFFFFE31
FFFFF6FB
FFFFFF19
FFFFFF7E
000004DC
000007AC
000000EB
FFFFFE1B
00000119
FFFFFFA1
FFFFFD2D
0000058E
FFFFFCBA
0000048C
000003D0
FFFFFED0
FFFFFBE1
00000304
000001F2
00000A57
0000027B
FFFFFF48
FFFFF94F
0000076A
000000A3
FFFFFD80
FFFFF72D
FFFFFC5C
FFFFFE80
FFFFFFDA
00000419
000003AC
000004AF
FFFFFCB1
FFFFFD0E
FFFFFC5A
000006C3
FFFFF979
FFFFFE3B
FFFFFE52
0000012D
FFFFF5E3
FFFFFDC3
000003A3
FFFFF872
FFFFF477
000003AC
FFFFF687
FFFFFD5D
FFFFFA4B
FFFFFF6C
FFFFFCB6
00000367
000004AD
FFFFF9CB
000007C0
FFFFF609
FFFFFA2B
FFFFFEF9
00000454
FFFFFEBB
FFFFF7FB
FFFFFE55
00000AFD
FFFFFD58
FFFFFECD
00000780
FFFFFF2F
0000006E
00000C02
0000068B
FFFFFE47
00000535
FFFFFFA5
00000025
000001E2
FFFFFEDC
FFFFF7AA
00000111
FFFFF9B3
FFFFFFD7
00000407
0000067E
FFFFF7D3
00000518
0000025D
00000067
00000007
FFFFFC9F
FFFFFD5F
FFFFFA02
00000289
000004B6
000007E1
000007D3
0000035D
FFFFFFBA
000003B7
FFFFF69B
000007A1
00000621
FFFFFEFC
FFFFF60A
000004A4
FFFFFFA8
000005DE
FFFFF3A3
FFFFFB74
00000575
00000290
FFFFF9E1
FFFFF9E4
0000053A
FFFFFA06
00000517
FFFFFFF5
00000388
0000000F
FFFFFE64
FFFFFA19
00000331
FFFFFCBB
00000323
000000E7
00000343
FFFFF5DD
00000344
FFFFF85A
0000029B
000002F2
FFFFFC97
FFFFFE5F
FFFFFB4F
FFFFFFAC
00000260
00000D74
000008BC
FFFFFB81
FFFFF5F0
0000029F
FFFFFA43
00000066
000003A9
000004AF
00000606
00000602
00000319
00000284
FFFFFD78
00000104
000000FE
00000983
00000066
000009E7
FFFFFCF0
00000217
0000020D
FFFFF836
0000088B
FFFFF921
00000141
000000B2
FFFFED89
FFFFF280
000003C5
FFFFF82E
FFFFF87E
00000663
FFFFFE4D
00000199
FFFFFFC3
000004BA
0000064B
00000165
FFFFFF8B
FFFFFB22
00000289
FFFFFC7B
00000846
FFFFFC66
FFFFFF67
FFFFFD5D
000004A3
FFFFF7BF
FFFFFD94
FFFFFB13
FFFFFB18
000006E0
000003B6
FFFFFD91
000001C3
FFFFFA98
00000241
FFFFF59F
0000023A
FFFFF7F2
0000043B
FFFFF44F
FFFFF5C1
FFFFFA30
FFFFF58C
00000145
FFFFF8F2
FFFFF46E
00000535
FFFFFB40
FFFFFD8C
0000054C
00000177
00000A0B
00000904
0000074D
000006DD
000004AD
00000922
FFFFF7B7
FFFFFB01
0000047D
000002C1
FFFFFF00
000008F6
FFFFFF1E
FFFFFE0E
00000376
FFFFF511
000001C3
FFFFFCF8
FFFFF712
FFFFFA95
0000007F
FFFFFFBA
0000025A
00000059
FFFFFF38
000004D0
000004FE
FFFFFFF6
FFFFFEAB
0000066F
FFFFFD4F
FFFFF6AF
FFFFFBC4
00000753
0000017C
000005E1
000002B7
000002FC
FFFFFDE8
00000143
FFFFFC28
00000C1E
FFFFFC9C
FFFFFD94
FFFFFBED
0000000F
000009B2
00000282
000001CA
000009D1
00000BE8
FFFFFEA2
00000340
FFFFFE0F
00000986
FFFFFE1E
00000A04
00000752
FFFFFC3B
0000076D
FFFFFB51
FFFFF590
000004DA
00000143
FFFFFF4A
FFFFFF56
FFFFFDBA
00000601
000002FD
FFFFF8ED
00000816
FFFFF36F
FFFFF93D
FFFFFF60
FFFFFCAB
FFFFFCC7
FFFFF9A2
FFFFFD0B
0000027B
FFFFFA7E
FFFFFDDE
000000A0
000000D6
FFFFF62C
FFFFFDB1
FFFFFA85
FFFFF515
FFFFF960
FFFFF4DF
FFFFFA04
FFFFFBCB
0000011D
0000047F
FFFFF817
FFFFFA44
00000353
00000452
0000064B
FFFFFC22
00000690
00000127
FFFFFCE9
0000021E
0000062F
00000796
000000FE
00000154
000001D3
FFFFFB0A
FFFFFFDC
FFFFFF8F
000003FA
FFFFFB3A
0000025D
000000DC
0000054E
0000084F
000001C9
0000002B
FFFFFE49
00000584
FFFFFDCF
00000506
FFFFFF70
FFFFFCC4
FFFFFB47
FFFFF66D
FFFFFFE5
FFFFFD17
FFFFF8BB
FFFFF3AA
000001F1
00000259
0000012E
FFFFFA06
000008AF
FFFFFEE5
FFFFFD48
FFFFFB2E
FFFFF5C6
00000219
FFFFF51F
0000057F
FFFFF76A
00000370
FFFFF23E
FFFFF9F5
000005E8
00000677
00000547
000000E0
FFFFFF1B
00000671
00000569
FFFFFC47
00000294
0000091E
FFFFFEBB
000009FD
00000A2C
FFFFFBFA
000003D5
FFFFFE9D
0000078A
00000002
0000070C
0000074D
000004BD
000002C3
FFFFFFBB
000003CE
000001E3
000008BB
00000487
FFFFFB82
00000381
FFFFFCAA
FFFFF761
FFFFFF97
FFFFFFAC
000004D8
0000076E
000007DE
000005E7
FFFFFDEF
FFFFFB00
FFFFFD7A
0000048E
00000166
00000AB7
00000662
0000003F
0000094F
FFFFFE9C
000001A1
FFFFFFA9
0000026E
FFFFFE68
FFFFFEBA
FFFFF9B1
FFFFFA14
000002BF
FFFFFECA
FFFFFB37
000000CF
FFFFF863
FFFFFE25
00000726
FFFFFA7F
00000248
000006B4
FFFFF630
FFFFFF68
FFFFFA1B
000000B8
FFFFFEE6
000000C5
FFFFFCA7
0000073D
FFFFFA91
FFFFFD4F
000003E8
FFFFF834
FFFFFF4D
0000028D
FFFFFE45
FFFFF86D
FFFFFD2A
FFFFF9CC
FFFFFCAD
FFFFFD82
FFFFFD9E
FFFFFF6B
000000A5
000004A8
FFFFFCFA
FFFFFACE
0000098A
00000128
000000E5
FFFFF7C4
FFFFF4BE
FFFFFCA4
FFFFF6DB
FFFFFE9D
FFFFF63A
000000AC
00000256
FFFFF964
FFFFFE32
FFFFFAD3
FFFFF8C6
00000332
000005F1
00000215
FFFFFFEC
FFFFFE15
FFFFFA18
00000699
FFFFF809
FFFFF9F0
FFFFFC4C
FFFFFDE3
0000042A
FFFFFE43
FFFFFF0E
FFFFFD23
00000A00
00000515
0000068F
00000657
00000A06
0000028A
000006AE
00000673
0000046F
000001E4
FFFFF7B8
FFFFFE20
00000829
FFFFFD13
0000075F
000000F2
000004B2
0000034B
FFFFFBF2
FFFFFF51
00000389
FFFFF6AC
0000045C
00000045
FFFFFE43
FFFFFBB4
FFFFFAEE
000000E3
00000066
00000158
FFFFFDF1
FFFFFDC2
FFFFF97D
00000687
00000604
000007A4
0000017C
000008BB
000002DB
FFFFFCDF
FFFFFDBB
FFFFFBEF
000006B9
00000689
FFFFF9AD
00000463
FFFFFE2A
FFFFFF76
FFFFFB5A
FFFFF7C1
FFFFFAC9
0000037D
000005E2
FFFFFEC1
00000073
FFFFF9A8
000001B3
00000401
00000074
FFFFF876
0000037E
FFFFF969
0000089B
00000339
FFFFFCAE
00000337
FFFFFCB1
FFFFF9E0
0000007A
FFFFFDF4
000000ED
FFFFFFE9
00000009
000008E0
FFFFFD78
000007A3
00000643
FFFFFA8F
FFFFFA07
000001FB
00000363
FFFFFE49
0000012F
00000355
FFFFF463
FFFFFC1E
FFFFFFF7
FFFFF5BF
00000171
000002DF
000006B9
000001DF
00000C75
0000063C
0000095B
000001C3
0000041B
00000910
FFFFFF84
000006B1
000003C0
000008A2
0000007D
000002E9
000006E8
FFFFFE0D
00000273
000005EE
0000013A
FFFFFC12
FFFFFC35
FFFFFD4E
FFFFFDFC
FFFFFFF6
0000031E
00000068
00000136
00000335
000005C3
000000EF
FFFFFCD3
FFFFFAA7
FFFFF8B2
FFFFF975
000001F0
FFFFFC20
00000498
FFFFFF68
000007D1
000001BF
00000222
FFFFFE8A
FFFFFA14
000003E4
0000040F
000007D6
FFFFFCB8
00000198
FFFFF888
00000332
FFFFFF00
FFFFFE50
FFFFFD72
00000172
FFFFF94D
FFFFFB8C
FFFFFDE6
FFFFFD73
FFFFF747
FFFFFA3A
FFFFF72F
FFFFFB29
FFFFF415
FFFFFF80
FFFFFE71
00000172
00000842
000001B0
00000AF7
00000051
000005F6
FFFFFC5A
000002A8
00000B52
FFFFF798
FFFFFC40
FFFFFDD0
FFFFF8F0
00000907
00000661
000000F0
FFFFFFF0
FFFFFC49
FFFFF92C
000002D3
FFFFF8BF
FFFFFD59
FFFFFCF6
FFFFFAAF
00000649
0000089C
FFFFFE77
00000467
000006E8
FFFFFCC4
FFFFFFFA
0000018F
00000801
0000016B
000000FA
FFFFFE99
FFFFFDE7
00000611
000003CF
FFFFFDDF
0000063F
FFFFFBBC
000005E7
FFFFFA0B
FFFFFB7D
FFFFFCD5
FFFFFEC2
FFFFFE9F
000003DE
00000483
FFFFFBCA
000007A4
0000052B
00000055
FFFFFC4A
0000008E
00000338
FFFFF8E5
FFFFFD40
FFFFFFD2
0000065C
00000056
FFFFFA64
FFFFFEFF
00000118
FFFFFDB0
FFFFFAC6
0000013A
FFFFF676
FFFFF50D
FFFFF6F2
000005B7
FFFFFF88
FFFFFCDA
FFFFF666
FFFFF7EA
FFFFFD25
FFFFF997
FFFFFA04
FFFFFF4A
FFFFF62A
00000248
FFFFFFAC
FFFFFDF3
00000023
FFFFFC64
FFFFFC63
00000143
000001DA
00000149
00000D30
00000B1A
0000096D
0000071B
FFFFFE6C
000004B4
00000036
FFFFF8D8
FFFFFF26
FFFFFCAF
FFFFF361
FFFFF8A4
FFFFF63E
FFFFFF10
FFFFF556
FFFFF3A3
FFFFFFB7
FFFFFC7D
00000502
00000466
000000D9
000004F4
FFFFFE1D
0000048C
FFFFFA20
FFFFFB3C
FFFFFF97
FFFFFEE6
00000F52
000001CE
000007B0
000007E3
00000960
000003A6
FFFFFF37
FFFFF9A3
000002EC
FFFFFD09
00000060
FFFFF828
FFFFF851
00000485
FFFFFB41
0000029B
FFFFFF5A
0000055B
0000076C
FFFFFDB7
00000129
FFFFFDDD
00000A09
0000049F
FFFFFF38
FFFFFCC0
00000146
000000DA
000002DB
00000010
FFFFFF91
FFFFFDA7
FFFFF8FB
FFFFFAE7
FFFFFA0C
FFFFFC10
FFFFFA9C
FFFFFD80
00000692
FFFFFB9F
00000072
000005A8
000002B0
0000007D
FFFFF8BB
FFFFF7FB
FFFFF751
000004D2
FFFFFF1D
00000490
FFFFFC10
000006E0
00000A2F
FFFFFE8D
00000197
0000008F
000007E1
FFFFFB92
FFFFFE0C
FFFFF9F1
00000114
FFFFF5B3
000000E0
FFFFF3D3
00000143
000003D7
0000006E
0000023A
FFFFF97E
FFFFF8F2
00000327
FFFFFA13
FFFFFFB1
FFFFFB62
0000025E
FFFFF952
FFFFFCB9
FFFFF6CC
FFFFFAD8
FFFFFF3F
00000CCE
FFFFFC60
FFFFF9AB
FFFFFE5E
000001BB
FFFFF791
000007CE
FFFFFD62
FFFFFE03
00000188
FFFFFF84
FFFFF766
FFFFFE3F
FFFFFD5B
FFFFFEA0
000000C6
000004D4
00000238
FFFFFA6A
00000042
FFFFFEB8
FFFFF465
FFFFFBCE
000000B4
FFFFFCD1
FFFFFE94
00000AF4
0000012D
00000658
00000E0C
00000580
FFFFFA98
FFFFF4AE
FFFFFE45
0000057B
000000B8
FFFFFCA0
00000949
FFFFF606
00000007
FFFFFEAB
FFFFF9E7
FFFFFA9A
00000CBB
FFFFFEBC
000002F0
000001F8
FFFFF812
FFFFFAF0
FFFFF66E
000004FB
0000003F
000000B0
FFFFFEA3
FFFFFE2B
0000039A
00000843
FFFFFABD
000001B9
FFFFFCCD
00000509
000007F9
000005AB
FFFFFA4F
00000341
FFFFFCFC
FFFFFFB9
FFFFFFFF
00000825
00000411
00000136
0000001A
00000099
0000013E
FFFFFD47
000008C0
FFFFFAF7
FFFFFDFE
00000445
FFFFFA39
FFFFFA1C
00000055
00000227
00000004
000004A7
FFFFFC9C
FFFFFCF4
FFFFFA9C
00000635
000009D6
000000C8
FFFFFE93
00000611
00000267
FFFFF6A9
000000D7
00000359
FFFFF70A
FFFFF470
00000491
000000E9
000004BC
FFFFF8F9
FFFFF613
FFFFFDB4
FFFFFC9C
000004C1
FFFFFC63
00000487
FFFFFC37
00000317
0000019D
00000595
FFFFF7F5
FFFFFE9E
FFFFF807
000007AD
FFFFFCDF
000002B2
00000293
0000069A
000006BC
00000281
0000031B
FFFFFE35
00000081
FFFFFDFF
FFFFFD27
FFFFFB96
0000087F
00000159
00000027
000000A3
FFFFFE58
00000397
00000381
FFFFFA66
FFFFF4DA
000006A9
FFFFF6BB
00000770
FFFFFAB0
0000024E
00000BAD
00000958
FFFFFC0F
FFFFFF9E
0000056B
FFFFFEBD
000002D6
FFFFFBC5
FFFFFC56
FFFFFEC8
FFFFF84F
FFFFFD92
00000166
FFFFFB22
FFFFFD6D
000004CE
FFFFF5F6
00000076
00000961
0000020E
00000B41
FFFFFCBE
0000040D
FFFFFB27
FFFFFD05
000006D5
00000136
FFFFF5C4
FFFFFDB6
000001F1
000003E3
FFFFF392
FFFFFAA0
FFFFFC6B
FFFFFFAA
FFFFF735
FFFFFBC2
FFFFFB9E
FFFFF481
FFFFFD69
FFFFF885
FFFFF974
FFFFFA42
FFFFEF31
0000032D
0000079F
FFFFFCAB
000004C0
0000081B
FFFFFED2
000002C0
FFFFFF4B
FFFFFCC8
FFFFFF0D
FFFFF862
FFFFF9E0
FFFFFE96
FFFFF8FB
FFFFFB32
FFFFF8FE
FFFFF544
FFFFF9BB
FFFFFBC7
FFFFFCED
00000497
000002CD
0000034C
FFFFFBDD
FFFFFE2E
0000056B
FFFFF9C2
0000050E
FFFFFBD9
000000F8
00000102
000000FC
FFFFF9F1
FFFFFE94
000000DC
FFFFFAD7
FFFFFE3B
FFFFFC73
FFFFFE00
FFFFFAF1
FFFFFC88
00000214
00000261
000000CD
0000059A
00000734
0000007A
00000492
FFFFFD9D
00000495
000004D3
00000219
FFFFFD93
000002FE
FFFFFA6D
FFFFF76C
FFFFFE39
FFFFFA1D
FFFFFAB7
000002A2
FFFFFD3C
FFFFFE96
000002D7
000002FC
00000608
FFFFF886
000004F8
0000081B
0000056E
000002A0
000005CC
0000036C
FFFFFEA7
FFFFF6E4
00000020
00000078
FFFFFC28
FFFFFDDF
00000021
FFFFFA3F
FFFFFA14
FFFFFC94
FFFFFE97
FFFFFC67
FFFFFE2B
0000063B
00000AFF
FFFFFFEA
FFFFFC48
FFFFFD14
FFFFFC87
FFFFF5F1
FFFFFA6C
0000044A
FFFFF42B
FFFFFE35
FFFFFDE2
FFFFF7EC
FFFFF92D
000003D1
0000076F
FFFFFD36
000001C6
FFFFF8A5
FFFFF655
00000283
00000299
FFFFF537
00000CC3
000006D5
00000498
00001122
0000034B
0000032E
00000B0B
FFFFFFA0
FFFFFE5E
000001E9
FFFFFD64
FFFFF7B0
FFFFF81C
00000211
00000147
FFFFFE7A
FFFFFBC6
FFFFFCBD
00000551
00000654
000002B8
FFFFFB47
000006EA
00000669
0000024A
00000467
FFFFF7F4
000004A9
FFFFFEA4
FFFFFF59
0000029B
000005EF
FFFFFED7
FFFFFE83
00000B51
FFFFFB62
FFFFF546
FFFFF1FC
FFFFFD67
FFFFF7A7
FFFFF86D
FFFFF4D4
FFFFFE42
FFFFFDFE
FFFFFB7F
FFFFFDE6
00000183
FFFFF6F2
00000077
00000250
FFFFF9D3
FFFFFCF9
FFFFF6FF
00000376
000003DC
FFFFFA24
FFFFFDFC
000006AE
FFFFF988
FFFFFCBE
00000138
FFFFFE19
FFFFF712
00000390
0000022C
FFFFFF4D
00000DE5
FFFFFDB0
00000386
0000003A
000000D2
FFFFF842
FFFFFFA6
00000509
FFFFFC67
FFFFFEEC
0000085A
00000B7B
FFFFFBD9
0000012E
0000093A
FFFFF696
FFFFFDAD
FFFFF4FA
FFFFFB4D
FFFFFA8F
FFFFFEB0
FFFFFF88
000003D1
00000656
FFFFFAD5
0000025A
000007B2
000005AD
000000DB
FFFFFD1E
00000797
000002DF
00000356
FFFFFD0D
0000025C
FFFFF4EE
00000626
00000726
FFFFF7E5
FFFFFA5E
00000BE9
FFFFFE24
FFFFFAD7
00000382
FFFFFD0F
00000A3F
0000079C
FFFFF684
FFFFFB28
0000038F
FFFFFE7B
FFFFF461
FFFFF8FC
FFFFF747
0000045E
000004F3
FFFFF65E
FFFFFEC9
FFFFFEB9
FFFFFB37
00000C9B
00000572
FFFFF778
00000A92
FFFFFE2D
FFFFFF08
00000552
FFFFFDBF
00000311
0000095A
0000063D
000003DC
000002F2
000002D8
00000038
00000777
000000CC
FFFFFD04
FFFFFC79
000005B6
00000457
000005A8
0000060D
FFFFFD4D
FFFFFFB6
000005FE
FFFFFE82
FFFFFCBB
FFFFFCF2
00000202
00000326
000004E2
FFFFFC2B
FFFFF2AD
FFFFF572
FFFFF78D
000007CF
0000034B
FFFFFAEC
0000022B
FFFFFC0D
FFFFFD6F
00000837
000005B9
FFFFF9E9
0000053B
FFFFFDB9
000004E7
00000075
0000008A
0000052E
00000B22
00000182
FFFFFB06
00000129
FFFFFA0B
000005B8
00000526
00000240
FFFFFC7E
0000041E
FFFFFF63
00000106
FFFFFBFA
FFFFFF2E
00000425
FFFFFB9E
FFFFFAEE
FFFFFB17
FFFFFC4B
FFFFFAAF
FFFFFB79
000005BD
FFFFFD09
00000B5D
000000CB
00000023
FFFFFC06
000000DB
FFFFFCA6
00000089
00000060
0000045B
000007C5
FFFFFAE0
00000143
00000588
000003C6
0000003A
FFFFFB9E
FFFFFC15
FFFFFCCD
000004CD
FFFFFC37
FFFFF91D
FFFFFF66
FFFFF7C7
00000167
00000075
000008C7
000004A7
FFFFFDE0
00000529
FFFFFC0D
FFFFFF69
00000716
FFFFFF86
000003CC
0000002D
FFFFFDDC
FFFFFE6C
00000085
FFFFFBC7
0000012C
000003CC
FFFFFFBF
FFFFF6EE
FFFFFC6B
0000009C
FFFFFE62
00000277
FFFFFC79
FFFFFF55
000001C5
FFFFF816
FFFFFD01
FFFFFC55
00000011
FFFFFC72
00000985
FFFFFFEF
0000090D
FFFFF7C8
00000210
0000010F
0000012E
00000532
FFFFFF9E
00000119
FFFFF48E
000005F4
FFFFFFD9
FFFFFBEC
FFFFFDAF
FFFFFAF8
FFFFFCF5
FFFFFD4A
000007A8
FFFFFCA3
FFFFFF83
FFFFFBF7
FFFFF584
FFFFFEA1
FFFFFB69
FFFFFA75
000004AB
00000689
0000061C
FFFFFE50
FFFFFEE2
FFFFF912
000000FA
FFFFFE22
FFFFF56C
FFFFFFA2
00000528
0000011B
FFFFF89B
00000214
FFFFFAED
00000291
FFFFFA36
FFFFFEDF
000001ED
FFFFFDDE
FFFFFAF9
0000008E
000000D8
0000021D
0000057D
0000056D
00000738
00000501
FFFFFEDB
0000013A
000008A5
FFFFFFD0
FFFFFE9F
FFFFFE7B
FFFFFEEC
0000053C
00000558
FFFFFC5E
00000622
FFFFFD9D
0000030F
00000852
000005C5
FFFFFAD4
FFFFFD36
000001C0
FFFFFD94
0000088C
FFFFFD2E
FFFFFFB1
FFFFF69C
FFFFFDB3
00000298
FFFFF85A
FFFFFF39
000003B4
00000FF2
000005B5
000001EB
FFFFF2E3
FFFFF6B1
FFFFFFE9
000003C4
FFFFFC58
0000004C
FFFFF9E4
FFFFF461
FFFFF737
0000038D
00000207
FFFFFAEB
00000581
FFFFFFB6
FFFFF731
FFFFFC5A
000003B1
FFFFF9F1
FFFFFCB2
FFFFF7BF
FFFFF8C2
FFFFF71C
FFFFFAAB
FFFFFF2D
00000672
FFFFFB06
FFFFFBFD
FFFFFB57
FFFFFB30
FFFFFBEA
FFFFFBD5
00000362
FFFFFCFB
00000898
FFFFFDF9
FFFFFAE7
FFFFFD2A
FFFFFE62
FFFFF9B6
FFFFFCEB
000002D3
00000B3B
0000041A
000004A5
000008E8
FFFFF2FD
FFFFFC4E
FFFFF688
FFFFFA5A
00000257
FFFFF869
00000502
FFFFF6AB
FFFFFF8A
FFFFFB21
FFFFF72B
FFFFFE80
00000176
0000008C
000009E0
0000051D
000005CA
00000049
FFFFFA84
FFFFFC0B
00000342
FFFFF7F7
FFFFF828
00000152
0000062B
FFFFFB8F
FFFFFADC
FFFFF7F3
FFFFFC79
FFFFFCBB
000000F1
FFFFFB53
FFFFFCE6
0000059E
FFFFFC58
FFFFFF8A
00000127
FFFFFDFF
FFFFFCC3
000002FC
FFFFFA8F
FFFFFC70
0000045F
FFFFF89A
0000016D
000005A0
000000B6
00000304
0000052F
00000250
000006E8
0000031B
FFFFFC75
FFFFFBEB
FFFFF805
000003C8
FFFFFD28
FFFFFF2D
FFFFF9A2
000006C8
00000CFC
00000292
000000A4
FFFFF612
FFFFF0E5
0000025F
FFFFFB06
0000045B
0000062C
00000055
FFFFFFDB
00000389
FFFFF995
FFFFFF7F
000007A4
00000277
000001BF
00000A04
000000E3
00000670
FFFFFC57
FFFFF962
FFFFFEA7
FFFFF7A6
00000755
000004A9
FFFFF4D9
FFFFF7EF
000002CD
FFFFFE7F
000004C3
000005B4
000001ED
000003B0
FFFFF88F
FFFFFB50
00000527
FFFFFD2D
FFFFFFDF
00000201
FFFFFE92
FFFFFFD0
00000093
FFFFFEE8
FFFFFE09
FFFFFB44
FFFFF2D8
FFFFFF73
FFFFFD21
FFFFF7B4
00000572
00000250
00000296
FFFFF9CA
FFFFFF03
00000842
FFFFFD0E
00000C84
000007F8
000000C3
FFFFFB1E
0000039F
FFFFF836
FFFFFFCA
FFFFFCB6
FFFFFCA7
FFFFFC9B
0000055B
00000016
000003B8
00000641
00000576
00000637
0000078C
00000003
00000242
FFFFFAE0
000007B5
000003A2
000007C0
000004F3
00000860
00000094
0000067A
FFFFFFB0
FFFFFDE9
FFFFFAC8
0000017D
FFFFFDCD
00000023
000006F2
FFFFFE4D
00000405
00000208
000004C0
FFFFFDED
FFFFF98B
FFFFFA91
FFFFFC2C
FFFFFBBB
FFFFFC41
FFFFFBEC
FFFFF91F
00000462
000001E6
FFFFF86C
00000305
FFFFFF23
FFFFF960
0000052C
FFFFF83E
00000349
0000036E
000008E8
0000062F
00000034
000003BE
FFFFFD7F
FFFFFED7
00000806
FFFFF928
FFFFF986
00000142
FFFFF9D4
FFFFFEB3
FFFFFE75
FFFFFEC2
00000267
00000362
FFFFFE02
000002FF
000006FF
0000040E
FFFFFD82
00000327
FFFFFFA5
FFFFFD50
000002BB
FFFFFC00
FFFFFFB9
00000421
FFFFFFDF
FFFFFD9E
FFFFFD3E
00000370
000000B2
000005A5
FFFFFF6B
0000074F
FFFFF8A6
FFFFFC23
0000057F
FFFFFE6C
FFFFF691
FFFFFD5A
00000053
000004C3
0000054F
FFFFFF79
00000A33
FFFFFDD0
0000037E
FFFFF719
00000616
000001DB
0000052A
00000000
000000B7
FFFFFB2D
FFFFFBB0
FFFFFFAF
000007D0
00000032
FFFFFCA1
0000056D
00000223
000008FB
FFFFFF42
000008EB
000007F5
00000330
FFFFF79B
00000253
00000586
000002BB
000000FB
FFFFFE6F
00000682
FFFFFCD6
00000464
000006CF
FFFFFFA6
00000764
000006B7
FFFFFDAC
FFFFFFB6
FFFFF8E9
FFFFFAFF
00000074
00000183
FFFFF807
FFFFFF27
00000308
FFFFF64E
FFFFFDC3
000003F9
FFFFF913
0000008F
FFFFFCD6
FFFFF952
FFFFFF52
000003CC
FFFFFA17
FFFFFA68
00000298
000005F6
00000893
00000357
FFFFFC7A
FFFFFBD1
FFFFFB7F
0000055F
FFFFF96B
FFFFF9C9
FFFFFE98
000005E2
000003DC
FFFFFA09
00000312
FFFFFE10
0000076C
FFFFFD2B
000005B6
FFFFFFF2
0000033D
FFFFFF8E
00000721
FFFFFEE4
FFFFFBDF
FFFFFFBB
FFFFFD7A
FFFFF912
FFFFFA76
00000252
FFFFFD72
FFFFFF81
0000007A
FFFFF925
00000909
00000628
FFFFFB8C
FFFFFE2F
00000608
00000219
000000DA
000007E1
FFFFFEFF
FFFFFD82
000005B2
00000147
FFFFFA45
FFFFF3C5
FFFFF8DA
FFFFFAC1
00000BB1
00000709
00000501
000003FF
FFFFFDD4
000003AC
000002F2
00000481
FFFFFD41
0000048C
00000490
00000326
FFFFFD4A
00000447
0000041B
000005BA
0000030A
FFFFFA9D
00000041
FFFFFC30
000001BF
000000FB
0000083F
000000EF
000001E8
FFFFFF22
000000C0
FFFFFFB7
00000611
00000074
0000078C
FFFFFF39
FFFFFA40
FFFFFF62
00000360
00000482
00000792
00000129
FFFFF8BF
0000024E
000004BB
FFFFF7C8
00000717
FFFFFA8D
000005C6
FFFFFF96
FFFFFD4B
FFFFFF08
FFFFFC52
FFFFFA4C
000005BF
FFFFFCEB
000003B1
FFFFFC06
FFFFFABD
00000517
FFFFFB6F
FFFFF7F5
00000124
FFFFFD5D
FFFFF91B
00000226
0000091E
FFFFFEC6
000000EE
0000087A
FFFFFEE6
00000492
00000896
FFFFFCA7
FFFFF78D
00000901
FFFFFCC5
0000073C
FFFFFF21
000001B7
FFFFFE67
FFFFFEE2
FFFFF987
FFFFFFCB
00000253
00000253
FFFFFD82
00000824
FFFFFC8C
000003AF
FFFFFC7C
FFFFF649
FFFFF7B1
000003F0
FFFFFC9F
000005AE
FFFFFCDE
FFFFFEC0
000009E3
FFFFFD7C
000007BC
FFFFFE81
00000317
FFFFF922
FFFFFB21
00000100
FFFFFA71
FFFFF835
FFFFF2DC
FFFFFED6
FFFFF854
00000271
0000030C
00000220
FFFFFC75
FFFFFDC7
FFFFFDCE
FFFFFF7F
FFFFF49A
FFFFF2A5
0000083E
FFFFFEC8
0000057C
FFFFFD6D
000007E0
00000151
00000529
FFFFFF3D
FFFFF893
000001D9
FFFFFF47
000002C2
FFFFFFEE
00000508
FFFFF9D3
FFFFFE56
FFFFFD75
FFFFFCC5
FFFFF9A6
000000DF
FFFFFED7
FFFFFE1B
0000007A
00000492
FFFFFF53
000000DD
FFFFFCD2
FFFFF828
FFFFF957
FFFFF8C9
FFFFFFEE
0000099C
FFFFFE48
000005E9
00000B25
00000125
000005DD
00000248
00000AF1
000007B5
0000080F
00000561
00000634
FFFFFC43
FFFFFFDD
FFFFFFC1
00000338
00000326
00000362
FFFFF64E
FFFFF687
FFFFFE22
0000049C
FFFFFEFC
FFFFFFE8
000003B4
FFFFFC15
FFFFFD38
FFFFF910
000006D7
FFFFFE01
00000221
0000081D
00000881
FFFFF84D
FFFFFD56
FFFFFDF2
0000032D
FFFFF89F
FFFFFCD8
FFFFFDE1
FFFFF795
FFFFF7C4
FFFFF8E4
FFFFFB9B
FFFFFC4F
00000031
00000263
FFFFFE0D
00000403
FFFFFA64
FFFFFCC0
00000340
FFFFFB83
FFFFFB97
FFFFFFD0
FFFFFD51
FFFFFCC6
FFFFF869
0000040A
FFFFFE7C
FFFFFA99
FFFFFA05
00000747
000004F4
FFFFFA90
FFFFFA5A
00000632
FFFFF817
000000B2
FFFFFC12
FFFFFBE1
000000FF
0000067D
FFFFF97B
0000056A
FFFFFC03
FFFFFD92
000004AD
000006D1
000001C4
FFFFFF5E
000003B1
00000656
FFFFFEEA
00000201
0000008C
000000B5
0000017B
0000077B
00000244
FFFFFF7B
FFFFFC2B
000002F0
FFFFF8DB
0000069B
000000B9
FFFFFFFF
FFFFFD2B
FFFFF68D
FFFFF8B3
0000018C
00000073
000002B5
FFFFFED6
000004B4
FFFFFC62
FFFFF852
FFFFFAE9
FFFFFCD0
FFFFF938
FFFFFB01
FFFFFF81
FFFFFC36
00000497
0000050C
FFFFFC37
000006E3
FFFFFD1B
FFFFFED8
FFFFFB25
000005FA
FFFFFA28
0000042A
FFFFFBEC
FFFFF8EF
00000C3C
00000086
FFFFFE8F
00000220
00000593
FFFFFBF8
00000709
000009F9
0000002F
FFFFFECA
000000B5
0000032A
000007D7
000000CE
000001DD
FFFFFA60
00000485
000006E8
000000C1
FFFFF8E4
00000498
FFFFFE9D
00000193
FFFFF9D3
00000330
FFFFFCAA
000000C4
FFFFFC3A
000001F4
000003E9
000003D9
00000509
FFFFFBEB
000005F8
FFFFFBBF
FFFFFD9A
FFFFFC94
FFFFF843
FFFFFB23
000002ED
FFFFFD28
0000060A
0000006A
FFFFFF8E
00000186
FFFFFCEC
FFFFF94D
00000846
FFFFFF0B
00000456
FFFFFA58
FFFFFC16
FFFFFD59
00000344
00000864
0000016A
00000333
00000149
FFFFFDD6
FFFFFF0C
FFFFFA3C
FFFFFE90
FFFFF7CF
0000052F
00000BFC
000006E8
00000E98
00000230
0000067E
00000890
0000013D
00000B4F
FFFFFB17
000001F8
0000058F
0000013D
00000430
00000C4B
FFFFFD7F
FFFFFD13
00000026
000000D7
FFFFFDF1
FFFFFB07
FFFFFE14
FFFFFD69
FFFFFFF0
00000367
FFFFFB28
00000333
0000001F
FFFFFA8D
FFFFFB92
000004A1
FFFFF84E
FFFFFF8C
00000046
FFFFF47A
FFFFFE86
FFFFFA14
00000346
00000247
000001EB
FFFFF84D
FFFFFAD6
0000015F
000004B4
00000454
00000387
FFFFF665
00000079
FFFFF918
FFFFFCBD
FFFFF7DA
FFFFFAEE
FFFFFB18
00000171
FFFFFF3E
FFFFF4DB
FFFFF983
FFFFFCE3
FFFFFFBC
0000046A
FFFFFDFE
0000022F
FFFFFF38
FFFFF5C5
FFFFF921
0000024B
FFFFFE71
FFFFFE07
FFFFFE6D
00000196
FFFFFDDA
FFFFFC03
FFFFFA78
000003C3
00000401
000006FA
00000476
000009D3
00000A35
000003AD
FFFFFF54
FFFFFA2C
FFFFF9B8
000000CE
FFFFFE7E
00000485
000001AD
00000846
FFFFFB0D
FFFFFFC7
00000878
0000069C
00000058
00000958
00000448
00000230
FFFFFA4D
00000BCB
00000612
FFFFFF1A
FFFFFF95
FFFFFBF2
00000250
FFFFF4FD
FFFFFB58
FFFFFBFB
FFFFFCE9
000005F3
00000432
FFFFFADE
00000097
FFFFFD66
00000154
FFFFFF9B
000000D3
000001B7
00000336
00000147
0000044D
FFFFFB0A
0000087E
FFFFFABD
00000153
0000080E
0000047D
000004DC
00000126
000008D3
FFFFFB21
FFFFFBC6
FFFFF813
00000495
FFFFFD1F
FFFFFA05
00000576
00000488
FFFFFCAB
FFFFF8FB
0000040B
0000070C
00000347
0000010A
000005C2
FFFFFF7A
FFFFFE1D
FFFFF9A3
FFFFFF48
FFFFF934
FFFFFD43
0000023C
00000112
FFFFFE67
FFFFFC32
FFFFFF53
00000160
00000062
FFFFFA86
FFFFF970
000004E0
0000006F
FFFFFB85
FFFFF98C
FFFFFC42
FFFFFD3C
FFFFF979
FFFFF842
FFFFFE97
000003B5
FFFFFC4B
000001C7
000000DA
000000C4
FFFFF508
FFFFFF8D
00000612
FFFFF801
00000150
FFFFFE9F
FFFFFD0D
FFFFFA3F
0000093D
FFFFFCA4
FFFFFB35
00000A51
00000116
FFFFFCAA
00000725
FFFFFC03
00000129
FFFFFE69
FFFFFA72
FFFFF9D8
000000CA
FFFFF73B
FFFFFAF1
FFFFF7F3
0000011D
FFFFFABB
FFFFF743
FFFFFD0C
FFFFFECB
FFFFFDFD
000005AB
0000045F
00000236
FFFFF5F5
0000070A
FFFFFD54
0000044C
000005E5
00000A80
FFFFF805
FFFFFDA2
FFFFFDD0
FFFFFA34
000005F1
FFFFFCB5
FFFFF715
FFFFF8C8
FFFFFC14
FFFFFB75
FFFFF863
FFFFF5F7
FFFFFBCA
FFFFFA86
FFFFFF35
FFFFFCE9
FFFFF9FE
FFFFF4F9
FFFFFCA6
000006F3
FFFFFA86
FFFFFF0A
FFFFFC30
FFFFFE59
00000419
000002B9
FFFFFE1E
000003DD
0000025D
00000295
FFFFF733
0000081A
0000053B
FFFFFB80
00000844
000000B3
000007AB
00000B96
FFFFFCE6
0000036D
00000607
FFFFFC58
00000609
FFFFFD89
000001B6
FFFFFF6B
FFFFF8FA
FFFFFD6B
FFFFFB40
0000049B
FFFFFB0C
FFFFFDE2
FFFFFDBE
00000427
000001B9
000006D8
00000580
000008E2
FFFFFA41
FFFFF605
000000EB
00000489
000007D7
00000153
FFFFFC48
FFFFF646
FFFFFF86
FFFFFA2D
000007B4
000005BC
FFFFFECD
FFFFF967
00000081
FFFFFB60
FFFFFE71
FFFFF7A3
00000362
FFFFF9DB
00000789
0000088D
FFFFFF57
00000472
FFFFFD2A
FFFFFE73
000004BF
00000921
00000875
000000A1
000007B4
000002E7
00000B1E
0000079B
FFFFF8A6
00000AC2
FFFFF844
00000543
FFFFFBCC
00000889
000001CB
0000003B
0000016A
000003F6
000001D3
000008C7
FFFFFD4D
FFFFF9D4
0000034F
FFFFFB5A
FFFFFE83
FFFFFEFA
0000050B
000002D6
FFFFFC28
00000284
FFFFFAD8
FFFFFC45
FFFFFF3B
FFFFFC86
FFFFFD44
00000270
000004A4
FFFFFDB3
FFFFFDA8
FFFFF994
FFFFFBC1
FFFFFFE5
FFFFF753
000003EA
0000039F
0000044F
FFFFF981
0000066F
000000C8
FFFFFEF2
00000679
000000A5
00000515
FFFFFEEF
000002A8
FFFFF97C
FFFFFC51
FFFFFAF6
0000043E
00000005
FFFFFB72
FFFFFD5E
FFFFFDD2
00000628
FFFFF4F3
000005DC
FFFFFBF7
FFFFF8DB
FFFFFEB5
FFFFFAF6
FFFFFF75
FFFFFF49
FFFFF961
000003EC
FFFFFC4A
FFFFFDBA
000003DB
FFFFFB30
FFFFFA52
FFFFFE85
FFFFFB74
FFFFFA0D
0000049F
000008C2
FFFFFC43
0000084F
FFFFFC49
FFFFFE03
FFFFF98F
0000065F
00000102
00000D2F
FFFFFECA
FFFFFEB6
00000261
00000852
0000011D
00000151
0000069D
00000B3A
000001F5
FFFFFEBF
FFFFFD54
00000021
FFFFFA37
00000003
00000197
000002F7
FFFFFD63
FFFFFBDD
FFFFF58C
FFFFF68F
FFFFFF3F
0000023D
FFFFF8C7
FFFFFF25
FFFFFAE1
FFFFF9FB
0000039C
FFFFFB9F
00000850
000000F7
FFFFFC3D
000007B9
FFFFFEB8
000005C8
FFFFFCC6
000001D0
FFFFFEBC
FFFFFE2E
FFFFFFEA
FFFFFDF5
FFFFF38C
FFFFF669
000003CB
FFFFFDC9
0000008E
FFFFFECA
FFFFFB2F
FFFFF598
000009AC
FFFFF697
000005FE
00000845
00000393
00000013
000000FB
000003B8
FFFFFCF7
FFFFFE45
FFFFF3AA
FFFFF6EB
FFFFF3B0
000005BD
00000008
0000023B
FFFFF1FD
0000057D
FFFFFAE5
FFFFF9B6
0000023B
FFFFF98B
FFFFFBD1
FFFFFDBD
FFFFF8EB
FFFFFD6A
00000789
FFFFFFCD
FFFFF9F6
FFFFF9D7
0000008B
FFFFFA71
0000037E
000006E7
FFFFFF45
000001DD
000001B6
FFFFFA24
000008E0
00000434
FFFFFEC0
00000586
FFFFFF34
FFFFFF2F
0000076A
00000770
FFFFFECB
00000505
00000259
000000D4
000003E2
FFFFFDA1
0000077E
0000086E
000001CD
0000003F
00000441
00000D28
0000045D
00000015
00000498
FFFFFFB5
000006DA
FFFFFFC6
FFFFF7C2
00000748
0000039B
0000095D
FFFFFC0A
FFFFF6FA
FFFFF64F
FFFFFB2F
000004A4
0000022B
FFFFF80E
000000C4
00000004
000001E9
FFFFFFDA
FFFFFCCC
FFFFFE8E
000000A8
FFFFFF25
FFFFFF74
0000000A
FFFFF8CA
00000561
FFFFFE64
FFFFFF1D
FFFFFDEB
FFFFF400
FFFFFDBD
00000352
FFFFF388
FFFFF788
FFFFF653
000001FA
FFFFFA65
FFFFF8DE
000000E7
00000869
00000868
FFFFFCE1
FFFFFD29
0000043F
FFFFF659
FFFFF8E1
000000FA
00000161
FFFFFA2E
FFFFF9AB
FFFFFFBD
000004DE
000003DC
00000221
FFFFF9A5
00000198
FFFFF904
FFFFF3B8
00000CBC
00000101
FFFFFDB7
FFFFFCD6
FFFFFA9E
00000663
FFFFFB3A
FFFFFE8F
FFFFF7D4
00000463
FFFFFC5F
000007F7
FFFFFFB2
000005D8
FFFFFE2F
00000311
FFFFFD81
FFFFF987
000007AC
FFFFFDA4
FFFFFBB8
00000289
FFFFFA56
FFFFFF83
00000771
FFFFFA59
FFFFFAEF
000000CD
00000109
0000029D
FFFFFF3A
FFFFFD94
0000099E
00000ACE
FFFFF5AD
FFFFFCBE
FFFFFE7B
FFFFF72C
FFFFFD8F
00000532
00000121
000006A7
000001A2
00000759
FFFFF5AC
00000FD7
00000033
FFFFFB19
00000DD3
000003B1
00000AE8
FFFFFF94
000001AF
000003AA
FFFFFFCF
0000012F
FFFFFE35
FFFFFDA0
00000372
FFFFFC02
0000053F
0000027C
000000FA
000000D5
FFFFFC9D
00000A18
FFFFFE96
FFFFF8D6
FFFFF42F
FFFFFD47
00000849
00000110
FFFFFD26
00000169
0000024C
000005D3
FFFFFB83
FFFFFCDC
FFFFF541
FFFFF948
00000165
00000458
FFFFF771
FFFFFB9E
FFFFFA96
FFFFFF57
000004E9
000003EF
000000CD
FFFFF820
FFFFF6A2
00000284
FFFFFB78
FFFFFFFD
FFFFFCB1
00000331
00000513
FFFFF965
FFFFFBD3
00000804
00000665
00000BBB
00000409
00000635
0000067B
FFFFFBA7
00000177
FFFFFF84
FFFFF596
FFFFFC2B
0000081B
00000171
00000565
0000026D
0000043B
FFFFFE4F
FFFFFB5A
0000063F
000000E1
FFFFFACC
00000364
0000031C
0000043E
FFFFFCEC
00000929
FFFFF984
FFFFFB51
00000367
00000263
0000008D
FFFFFC51
FFFFFD75
000000B6
00000673
00000648
FFFFFECF
00000231
FFFFFDAA
FFFFFF52
FFFFF871
FFFFFCAB
0000028F
FFFFFFF0
FFFFF7FA
00000568
FFFFF73E
000001B5
FFFFFE4E
00000223
00000A2B
FFFFFCCC
00000344
000002D1
000005CB
FFFFFD70
FFFFFFFD
FFFFFA16
FFFFF91B
00000181
000008C0
00000252
000002C5
000000A9
FFFFFED9
FFFFF8EB
000003C4
FFFFFE93
00000940
0000013E
0000037E
00000561
FFFFFBD6
00000537
00000674
0000045A
FFFFF601
0000053D
000004B2
FFFFFC49
FFFFF330
000005BE
00000000
00000494
0000028A
FFFFFB42
FFFFF9A3
FFFFF957
FFFFFDE8
0000047E
00000474
FFFFFF5D
00000082
00000968
FFFFFFE1
000005D8
00000203
FFFFFB92
FFFFFB24
FFFFF815
00000478
00000852
FFFFFD09
FFFFFD62
000005DF
00000236
000001B2
FFFFFCF2
000007CA
FFFFF7D7
0000034A
FFFFFBDB
00000495
000005A9
00000191
0000032F
FFFFFE6E
0000075C
0000094E
0000030F
000000B4
FFFFFDD1
00000338
FFFFFB84
0000042F
0000062C
00000004
FFFFF610
FFFFFBB9
000001A6
FFFFFD2C
FFFFFD5E
00000373
000000E0
FFFFFDDB
FFFFFEA9
00000658
00000687
00000702
00000732
FFFFFA73
FFFFFCC6
0000055C
FFFFFF85
FFFFF566
0000067F
FFFFF9A1
00000432
0000012C
000006C9
00000074
0000010F
FFFFFE67
000009AA
FFFFFADF
FFFFFDBC
000003BD
FFFFFC7B
FFFFF306
FFFFF83B
000007C0
00000170
FFFFF4D8
FFFFFCAC
FFFFFFC4
FFFFF9E4
000005D4
00000AC9
FFFFF837
FFFFFDDF
00000538
FFFFFF72
FFFFFCE2
00000167
00000275
FFFFFDB0
FFFFFBDC
FFFFFA68
00000A9E
FFFFF8F3
FFFFF72B
000003D3
00000271
FFFFFD72
0000043D
FFFFFEE5
0000065A
FFFFFD48
0000001C
FFFFFDC2
FFFFFED0
FFFFFB75
FFFFFD3A
FFFFF4EA
FFFFFB9D
000004C7
000004F7
FFFFFE1D
FFFFFD23
FFFFF5D2
00000257
FFFFFBE2
FFFFFEAB
000004B7
FFFFF5E6
FFFFFA6A
FFFFF916
00000280
FFFFFD0B
00000733
FFFFFE32
FFFFF95F
00000A51
00000118
00000109
FFFFFAF4
FFFFFCAA
0000058E
0000050F
FFFFFFF4
00000418
FFFFFD83
FFFFFC50
000007AD
FFFFFC05
000005B7
00000053
FFFFF5F8
0000003D
FFFFF82C
FFFFFA7D
FFFFFB63
FFFFF9B4
FFFFF850
00000B85
FFFFFC83
000003BD
FFFFF8BC
FFFFFB3B
0000068E
FFFFFED5
FFFFFF97
FFFFFEB8
0000007B
0000066F
0000019F
0000050B
00000090
FFFFFCE5
FFFFFE33
FFFFFAC6
FFFFFF0A
FFFFFE4C
FFFFF887
FFFFF833
FFFFFC8E
000006CF
FFFFFF24
FFFFFDA5
FFFFF547
FFFFF6BC
FFFFFAB1
FFFFFBA9
FFFFFE30
00000173
FFFFFCB9
FFFFF9F3
0000030A
FFFFFAF3
000007DF
FFFFF24F
0000029E
FFFFFB01
0000056E
FFFFFC16
0000015A
FFFFFE72
FFFFFD03
FFFFF933
00000565
FFFFFE30
000004C7
0000035D
FFFFFF60
00000277
00000386
FFFFFCD3
FFFFFC9A
FFFFFF64
000003DD
000000A8
FFFFFCCC
FFFFFDF5
00000338
000002B8
FFFFF934
FFFFF8FC
FFFFFEC2
0000004C
FFFFFB4C
FFFFFF62
FFFFF7F7
000001DC
00000501
000004AD
FFFFFC46
000009A0
FFFFF8DC
FFFFF828
FFFFFE13
00000496
00000102
000003A7
FFFFFE5D
00000184
000007A7
000000AE
FFFFFC85
FFFFFFC4
000005B0
FFFFFD21
000000A9
FFFFFD92
000005C3
000001EE
000005C7
FFFFFED6
000005BA
0000021B
00000316
FFFFFEF2
FFFFF7A1
FFFFFF42
00000426
0000019E
FFFFFEA4
000001A0
0000019A
FFFFF4FB
FFFFFB81
FFFFFF59
00000300
FFFFFC54
FFFFFFE7
FFFFFAC0
FFFFFFBE
0000016E
000000D5
000004E8
FFFFF8F9
FFFFFC13
00000305
FFFFFCA0
000003F9
FFFFFF28
000000E0
FFFFFB9E
FFFFFCAA
FFFFFD2E
FFFFFE16
00000260
00000035
0000057B
FFFFFB96
00000367
FFFFFAE4
FFFFFAE9
FFFFFC2A
FFFFFDD7
00000A0E
FFFFFD8A
FFFFFC14
00000085
00000320
00000266
FFFFF991
FFFFFB64
FFFFFCC1
FFFFFFE1
0000034E
FFFFFA40
FFFFFA39
0000079D
FFFFFCDC
FFFFFFF0
0000048B
000008AD
0000016E
000001C2
000006B3
00000169
00000198
0000050F
FFFFF9CB
FFFFF795
00000499
000003D4
FFFFFE34
FFFFFEBF
FFFFFEF2
000002BB
000000DF
00000194
FFFFF8AA
FFFFF7DE
FFFFFE01
FFFFFB8E
00000338
FFFFFC19
FFFFF9D1
FFFFFFA3
FFFFFAE9
FFFFFB35
00000F69
000006BD
000009CA
FFFFFA5E
000008E1
FFFFFCE5
FFFFFCE4
00000003
FFFFFCEE
00000000
00000669
FFFFFB0A
00000225
000005F6
FFFFFCC7
000001F6
000005E1
FFFFFE21
00000336
0000006A
000003C6
FFFFFF8B
000006B0
FFFFFA49
FFFFFEC6
FFFFFE78
000002F6
0000006C
FFFFFF4C
000005B5
00000321
FFFFFE32
FFFFFE5C
FFFFFC39
FFFFFCE0
000002D7
FFFFFEBD
000000C9
FFFFFF84
000001CB
FFFFFDEB
FFFFFF4D
FFFFFE1D
FFFFFBE3
FFFFFFC1
FFFFF9C6
0000018E
0000052D
00000712
FFFFFAFA
FFFFF6CF
00000076
000004E4
00000164
FFFFFB2E
FFFFFB9E
FFFFFC11
0000026F
000000FB
000002A9
FFFFFC58
000001C1
00000241
0000032A
FFFFFDBC
FFFFFC76
00000607
000002AF
FFFFFD3A
FFFFFB9A
FFFFFE02
FFFFFC47
FFFFFE26
FFFFFB45
FFFFFE8E
FFFFFC60
FFFFF90E
FFFFFF32
000001C6
00000652
FFFFFBA8
00000489
0000002A
0000083E
FFFFFF59
00000050
FFFFFE18
FFFFFEA0
0000025B
FFFFFDA0
0000023D
000005A2
0000025B
00000075
00000542
0000055B
00000361
0000020D
00000057
FFFFF961
FFFFFF70
000004A1
000002E1
00000292
000002C6
00000493
0000020D
FFFFF9EA
00000714
FFFFF924
FFFFFC4D
00000418
FFFFFFBD
00000842
000001B8
000001E7
0000049E
000006D0
FFFFFB03
FFFFFD6C
FFFFFBAF
000006EF
FFFFFABA
FFFFFECC
FFFFFBFA
00000004
00000573
00000371
000006CF
00000199
0000017C
00000310
FFFFFFA3
000004F0
0000014D
FFFFFFC8
000001D6
00000196
000004DF
000007AA
FFFFFC4C
000000B5
000002E0
00000188
FFFFF8E0
0000026B
FFFFFF4C
00000767
000004D8
FFFFFFB0
00000582
FFFFFDD5
0000059B
00000394
000006F4
FFFFFB5E
FFFFFFF6
FFFFFBEE
0000019A
000002B9
00000814
00000288
000000B9
00000127
00000375
FFFFFA62
000003E0
00000671
00000206
FFFFF9D8
0000016B
00000136
0000019A
000005E1
00000333
FFFFFD39
FFFFFCBB
FFFFFE13
0000085C
FFFFFD51
FFFFFD3B
00000084
FFFFFF71
00000817
000002A3
0000055F
FFFFF936
FFFFFC33
00000063
00000240
FFFFFDC0
FFFFFDE9
FFFFFC17
000000CF
FFFFFFCF
FFFFF7FB
FFFFF92F
FFFFFE16
000005B5
FFFFF859
00000019
FFFFF77E
FFFFF732
000001EF
0000024C
FFFFFDFC
FFFFF8CB
FFFFFABF
FFFFF88E
000004AD
000000FC
000003B6
0000050D
FFFFF961
FFFFFA5A
00000427
0000005A
FFFFFAC5
FFFFFA97
FFFFFA30
0000087D
FFFFFCDD
0000012D
FFFFFF35
000002D5
FFFFFC83
FFFFF9B9
FFFFFEAA
FFFFFCDC
0000055C
FFFFF8EB
FFFFFA33
FFFFF892
FFFFFED0
FFFFFFEF
FFFFFBD3
FFFFFEF8
FFFFFA14
0000020F
00000514
FFFFF9F8
FFFFFDE0
FFFFF688
000004A8
FFFFFECA
FFFFFF42
FFFFFD14
FFFFFFB1
00000452
FFFFFCEE
FFFFFEC6
000002FD
FFFFFCA7
00000261
000003C7
0000049A
000003C4
000003F2
0000025B
FFFFF8FE
00000054
FFFFFBCB
000003CD
000001C3
0000049A
0000039E
00000290
000001B5
FFFFF9FF
FFFFFB8B
00000413
FFFFFD32
0000010E
FFFFF888
000001AD
00000A1B
FFFFFADD
00000306
0000069B
0000061D
FFFFFC76
00000591
000007D7
0000047C
000001D8
FFFFFE25
000002D9
0000051C
000002DB
FFFFF735
FFFFFB08
FFFFFE43
0000015F
FFFFFB69
FFFFFF3A
FFFFF9D0
FFFFFAAD
FFFFF9D0
FFFFFFFF
0000025F
FFFFFF12
00000204
00000298
000001FB
FFFFF9D9
FFFFFB53
FFFFFC88
FFFFFD47
FFFFFD9C
FFFFFEEB
FFFFFB17
000001B8
FFFFFF23
00000673
00000812
000001FB
00000409
000001D7
FFFFFC5E
FFFFFF38
FFFFFB4E
000006BF
000002BB
FFFFFD2F
FFFFFE9D
000000C9
FFFFFD8E
000002A8
FFFFFE54
000007BA
00000487
0000015E
0000015A
FFFFFFE3
000001A0
0000017A
0000002B
FFFFFDFE
00000B74
FFFFFE18
00000178
0000019D
000001B9
FFFFFB54
FFFFFD62
FFFFF7E9
FFFFFDD4
0000019B
00000301
FFFFFDF9
FFFFFEBA
FFFFFBDB
00000046
FFFFFC1E
FFFFFF49
000000B5
FFFFF91E
FFFFFF8D
FFFFF9EE
00000415
FFFFFABF
000005D5
000002A1
000004DC
FFFFF946
FFFFFAC8
0000004C
FFFFFA30
FFFFF894
00000DA2
00000380
0000046D
FFFFFC3A
00000049
0000035E
FFFFFB60
FFFFFE57
FFFFFBE1
00000858
FFFFFC6A
000002D3
FFFFFF4A
0000005F
0000019A
FFFFFDC7
000000D3
FFFFF716
FFFFFDEF
000001B6
000001D3
000000A1
000001E4
00000119
FFFFFC28
0000096F
000001EC
00000E15
FFFFFDDA
000001DE
FFFFF9B9
00000183
FFFFFA11
FFFFF9D5
FFFFFC9A
000006F5
000005B1
FFFFFFE4
FFFFFD9B
FFFFFD00
000002B6
00000707
00000079
000000B2
00000B0F
FFFFFD3B
FFFFFDB0
00000419
FFFFFD61
FFFFFD4F
0000036B
000003A8
FFFFFA2C
FFFFFBD5
00000797
FFFFFF2B
000005D4
00000149
FFFFFFD2
0000034B
FFFFF7A6
FFFFFE91
000003AE
FFFFFCF8
FFFFF462
FFFFFAC8
FFFFFFB5
FFFFF485
000000B1
0000063A
FFFFF88B
FFFFFEF7
FFFFFAEA
00000178
FFFFFC5E
0000005D
FFFFFEB8
FFFFFFCB
FFFFFAE8
FFFFFAFF
000003D4
FFFFF636
0000099A
FFFFFFA9
FFFFF821
FFFFFA90
FFFFFCEE
FFFFFC3A
FFFFFD85
0000038C
FFFFF7CD
FFFFFF6D
FFFFF6C1
FFFFFE44
FFFFFF75
00000007
FFFFF9E4
FFFFFD52
000009E6
FFFFFB09
FFFFFFAB
FFFFFAD2
FFFFFA4E
FFFFF7CB
FFFFFFBF
000004BA
FFFFF949
0000055F
FFFFFC80
0000071A
00000271
00000832
FFFFFEE3
FFFFFEB9
FFFFFA38
00000196
00000489
00000E5E
FFFFF6EE
00000144
FFFFF828
FFFFFAD5
FFFFF83F
FFFFFC25
0000050F
FFFFF75C
FFFFF19A
FFFFFD88
0000015B
FFFFFAA6
000000E1
FFFFFC83
00000143
FFFFFB58
FFFFFC58
FFFFF803
00000D2A
0000044A
FFFFF783
000005D3
FFFFFFF9
00000463
FFFFFF29
000001EC
00000530
0000025B
FFFFF62E
FFFFFD3D
FFFFF545
0000063D
FFFFF583
FFFFF8C0
FFFFF761
0000087A
FFFFFA63
00000797
000007BE
FFFFFA89
00000526
FFFFF77E
FFFFFCF8
000001A7
00000F36
000002D5
00000515
00000436
000002CC
0000027A
00000714
FFFFFE29
FFFFFDA3
FFFFFF30
00000002
FFFFF7F6
FFFFF653
0000000E
FFFFF613
FFFFFDA5
FFFFFB64
0000083C
000002AF
000005F5
FFFFFD60
000008BE
FFFFFDEE
00000304
FFFFFDA2
FFFFFF6B
FFFFFF98
FFFFF678
00000899
0000016C
FFFFFE42
FFFFFA77
FFFFFED5
FFFFFA25
00000012
FFFFFC83
FFFFFB5C
FFFFF50B
FFFFFEDA
FFFFFF81
0000026F
FFFFF7E0
FFFFFA2E
FFFFFA0A
000003EA
000006F4
FFFFF7FA
FFFFFDF7
FFFFECF0
00000C0C
FFFFF7BB
FFFFFA5E
FFFFFD14
FFFFF94F
FFFFFF13
FFFFFE63
00000532
FFFFF9F3
FFFFFA62
000001BD
FFFFFCF6
00000019
00000879
FFFFFA52
0000001C
FFFFFECC
000004F8
0000021E
000001DB
000001B3
00000AC8
FFFFF8F4
FFFFFAF0
FFFFFCEE
0000047F
FFFFF99C
0000059E
FFFFFD31
0000082F
000005F4
FFFFFE8B
000009AB
00000046
00000547
FFFFFDC3
FFFFFF8D
FFFFFEED
FFFFF8EA
FFFFFD2E
FFFFFADF
00000121
0000074C
FFFFFFB7
000000D0
0000030A
FFFFFD09
00000010
FFFFF644
000006B3
FFFFF7B1
00000727
00000692
000005E1
FFFFF8ED
0000005D
FFFFF920
00000245
FFFFF923
00000DB7
FFFFF770
FFFFFFC0
FFFFFC59
FFFFF630
FFFFFC04
FFFFFB9F
FFFFFBAD
FFFFFC40
0000082A
FFFFFC8C
FFFFFFF1
FFFFF9FE
0000068A
FFFFFEB0
FFFFFAEC
00000115
000000C2
00000D12
00000697
00000708
0000033A
000007D1
FFFFFCCF
00000930
00000A1B
000006C3
00000155
00000850
FFFFFF8B
0000048E
000006DA
0000012E
000004F1
FFFFFE82
FFFFF29A
000002A8
0000001A
FFFFFE85
FFFFFA7B
00000385
FFFFFCBA
FFFFFFBD
00000228
FFFFF5FF
000006CE
FFFFFE8D
FFFFFF19
FFFFFC33
00000137
00000326
0000066F
0000064C
FFFFFDBB
FFFFFCB4
FFFFF918
FFFFFD33
0000078C
FFFFFC73
FFFFFD13
FFFFFA4A
000006FB
00000185
0000034F
FFFFFD2D
000005C9
000006F3
00000453
FFFFF9C7
FFFFFDF3
FFFFFFB9
000000BF
FFFFFAAB
FFFFF9B5
0000001D
FFFFFB55
000004B1
0000026E
00000272
FFFFFF32
FFFFFA0A
000002FC
FFFFF44D
FFFFFEDB
0000009F
FFFFF596
00000615
00000288
00000101
00000A56
FFFFFC71
0000077C
FFFFF87A
0000002D
000002F0
FFFFFA16
FFFFFEDD
FFFFFCF6
FFFFF851
00000A70
FFFFF71F
00000539
FFFFF84E
0000000E
FFFFF65F
000003A5
FFFFF35A
00000404
FFFFF9C0
FFFFFDF5
FFFFF873
000008AB
FFFFF977
FFFFFD8A
FFFFFE10
FFFFF5A6
0000060C
00000838
FFFFFA21
000001D1
00000425
FFFFFAE7
00000409
00000201
00000025
0000004D
000003BB
0000032B
FFFFFE20
FFFFFFE8
000008AD
FFFFFBAC
FFFFF51C
FFFFFB42
FFFFF708
FFFFFD8D
000002C7
FFFFFDD9
FFFFF9D0
FFFFFA08
FFFFFD24
0000021D
0000075C
00000221
00000AC6
FFFFFB2F
FFFFFAA7
00000561
FFFFFD35
FFFFF9D8
00000108
00000574
FFFFFCD0
FFFFF7EC
FFFFF2E0
00000233
FFFFFF13
00000539
FFFFFEE5
00000063
FFFFFF4C
0000084E
00000060
000002BE
FFFFF73B
FFFFFF67
FFFFF69B
000003F8
FFFFF92D
FFFFF84B
FFFFF852
FFFFFF5B
FFFFFACD
FFFFFC14
000002A9
00000742
FFFFFF71
000008CB
00000865
FFFFF724
00000D5F
FFFFF3AB
000003C8
FFFFFE93
FFFFF870
000001E7
FFFFFEE1
00000793
FFFFF70E
FFFFFBE7
000004F8
00000245
FFFFFD91
FFFFFD8A
000005B7
0000058E
00000D4F
00000E78
00000BE3
000003B6
00000415
0000017F
FFFFFF89
FFFFF87A
FFFFF601
FFFFFFA5
FFFFF003
00000656
FFFFFEF2
FFFFFAA6
FFFFF947
000001B1
00000064
FFFFFCE1
FFFFFE7E
FFFFFF58
00000CC1
FFFFFE44
FFFFFC2A
FFFFFBB8
FFFFFA6A
000007C6
00000DC3
00000069
00000B4D
000000FF
0000006D
00000297
00000C1E
00001115
FFFFF70E
FFFFFD21
FFFFFE8F
FFFFFF8E
00000710
000001B0
00000295
FFFFFECC
FFFFF9EB
00000107
FFFFFFE3
000001AF
FFFFFD2B
000000AB
00000038
FFFFF745
00000137
00000665
000003D5
000009FA
FFFFFCD4
000003BB
000001A6
FFFFFBC9
0000004E
00000087
FFFFFEEF
FFFFF55F
FFFFFF2A
0000018B
0000076F
FFFFF469
0000047D
000003BF
FFFFFDDC
000006B2
FFFFF9C3
FFFFF733
FFFFFA35
FFFFFEA0
FFFFF9A1
000005C1
FFFFF642
000001AC
00000425
000006E8
00000065
FFFFFFCA
FFFFF80E
000001FE
0000008B
FFFFFE17
00000A58
FFFFFC62
FFFFFB8C
FFFFFD43
FFFFF956
0000028E
000005F7
FFFFFB1B
00000317
FFFFFBDD
FFFFF5A0
FFFFFDA4
FFFFF987
FFFFFF07
FFFFFDB9
FFFFF7F5
FFFFFBFB
FFFFFA95
00000251
FFFFFCB4
00000552
000002AB
FFFFFD81
00000A68
00000403
0000022D
FFFFFDDB
FFFFFAE8
FFFFFC9C
00000A9C
00000037
00000089
000003F2
FFFFFD2B
FFFFFD02
FFFFFD60
FFFFF38F
FFFFFCD9
000003EA
FFFFFC9B
00000521
00000490
00000665
00000173
000004B4
00000C4D
FFFFFF3F
00000064
FFFFFFDE
00000533
FFFFF842
00000F39
FFFFFDA1
00000238
FFFFF4E6
00000A4A
FFFFF7F6
000000E1
FFFFF984
FFFFFF25
000003B5
000004C0
FFFFFD2F
000003FF
FFFFF976
FFFFFFD0
000004D4
000005E5
000001F7
00000469
FFFFFB90
00000696
FFFFFB8A
00000268
FFFFFD31
00000244
FFFFFDBB
00000545
FFFFFF5D
FFFFF8AE
FFFFFDCF
FFFFFFF6
FFFFFC00
FFFFFECB
00000401
00000420
FFFFFAB5
000006E2
00000051
FFFFFBFC
FFFFFDB1
00000227
FFFFFBA5
FFFFFEEB
00000352
FFFFFC88
FFFFFFF0
000001CF
0000004C
FFFFFBBB
FFFFFCEE
FFFFFBDD
FFFFFE46
FFFFFA4F
00000CCA
00000830
00000024
FFFFFB53
00000B04
FFFFFFD9
FFFFFD11
FFFFFCE1
FFFFFBC7
FFFFFBC5
0000002A
00000570
00000106
000002E5
000005A4
FFFFFB68
00000865
FFFFFC74
0000089F
000002F1
000006B7
FFFFFEFF
000001FB
000002B3
FFFFF8F7
000002C5
FFFFFC70
0000082F
FFFFF8A1
0000021E
000002DE
FFFFFC6B
FFFFFD41
FFFFFF63
000000D1
FFFFFCCF
0000037F
FFFFFB58
FFFFFEE9
000003C2
00000A33
0000040F
FFFFFADD
00000831
FFFFFDE1
FFFFFF2C
0000016F
0000097E
0000011F
FFFFFAF9
FFFFF81D
FFFFFFA8
FFFFFDAB
FFFFFBA7
FFFFFCF7
00000997
000004D3
FFFFFDF3
FFFFF90C
0000019D
00000559
FFFFFDA9
00000375
FFFFFF67
FFFFFA3B
FFFFFFC6
00000A20
00000326
00000694
000006F8
00000282
FFFFFDFA
00000571
0000013C
FFFFFADD
0000052B
00000553
00000997
FFFFF615
FFFFFC0A
00000422
FFFFFDC6
000005DE
FFFFFBD3
FFFFF82B
FFFFFB1B
FFFFFF34
0000035D
00000401
FFFFF9BD
FFFFFF98
0000074B
0000052A
FFFFFE9B
00000064
FFFFFB2B
00000381
0000034C
FFFFFB06
00000352
0000080C
000000C1
FFFFF8F7
FFFFF944
0000010E
FFFFFE7E
00000620
00000742
FFFFFDD9
FFFFF80F
FFFFFF71
00000493
FFFFFD92
00000093
FFFFFC25
FFFFFFB4
000001D8
FFFFF85D
00000DD8
FFFFFE55
0000029A
00000297
00000224
FFFFFAEA
0000005B
FFFFFB44
000001DE
00000089
0000045B
00000175
FFFFFC4E
FFFFF85B
FFFFF9F8
FFFFFDE9
0000010C
000001F0
0000029A
FFFFF8FD
000001CF
000000D4
000004FC
FFFFF7B3
000002EA
FFFFFB23
FFFFFFA3
FFFFFD8B
FFFFFE95
FFFFFC53
FFFFFD64
00000885
FFFFF65F
FFFFFAC3
0000038C
0000063E
FFFFFB51
00000314
000001E0
000001BB
00000699
FFFFFF01
FFFFF9FC
FFFFFD88
0000095D
00000250
FFFFFAE8
FFFFFF71
000004D7
FFFFFCB1
FFFFFA19
00000466
FFFFFB5A
000001EC
00000290
FFFFFA92
FFFFFB07
FFFFFA82
00000097
FFFFF78A
FFFFFC82
00000238
FFFFFDFC
FFFFF988
FFFFFE60
FFFFF60F
FFFFFFFF
FFFFFF32
00000030
00000627
00000657
FFFFFAAF
FFFFFCF5
FFFFF90A
FFFFFE44
FFFFFCDC
FFFFF8A6
FFFFF52B
FFFFF9F9
0000014F
FFFFFC07
FFFFF7F2
FFFFF687
FFFFF905
0000010B
FFFFFA8E
FFFFFF5D
FFFFF876
FFFFFE1B
00000222
0000030A
FFFFFD2B
FFFFFAB5
FFFFFFAC
00000374
FFFFFE3D
FFFFFFA5
FFFFFB14
FFFFFC99
FFFFFF64
0000067E
000001B8
000000B0
FFFFFFB2
FFFFFA4F
FFFFFE5A
FFFFFF9B
FFFFFA55
00000246
FFFFFA51
FFFFF342
FFFFFFFD
FFFFF565
000001DE
FFFFFE1F
FFFFFF5C
FFFFFDFB
000000F1
FFFFFE0A
00000975
00000B03
FFFFFF31
FFFFFF17
0000052F
0000061A
0000047D
00000718
0000033C
000008FD
FFFFFF5C
FFFFFF60
000004FF
FFFFFE11
0000054D
000004D2
00000199
00000541
00000381
00000241
00000509
FFFFFDE2
000006B5
FFFFFFED
000002CB
0000072A
00000333
000001D2
00000B41
00000130
FFFFFE89
FFFFFD92
000000AE
0000009D
00000705
00000255
FFFFFDC9
FFFFFEB9
FFFFFE9D
FFFFFD27
FFFFFA72
FFFFF8A6
FFFFFA9D
FFFFFE02
0000011C
FFFFFE5F
000002EC
0000009F
000006E4
000006AE
0000051E
000001FB
0000084B
FFFFFC61
00000125
00000779
00000534
FFFFFA17
FFFFFEE6
000003A1
0000064E
FFFFF7FD
FFFFFC92
FFFFF983
FFFFFC73
00000128
FFFFF840
FFFFF893
FFFFFDFA
00000132
FFFFFEAE
00000289
FFFFFB31
0000046B
FFFFFD45
FFFFF950
FFFFFAC2
FFFFFC59
FFFFF9CE
FFFFF8FA
FFFFFD7E
00000276
000003AC
FFFFFBF5
FFFFFCC0
FFFFF858
FFFFFFB4
00000420
0000017C
FFFFFEE0
000002D4
FFFFFA81
FFFFFC9C
FFFFFADC
FFFFF724
FFFFFE0A
000001F5
FFFFFC86
FFFFFBFE
00000285
FFFFFD65
FFFFFBA3
FFFFFC6C
00000409
0000036A
FFFFFEA1
FFFFF814
FFFFFC4D
00000211
FFFFF79C
FFFFFC57
000001BD
000005E4
FFFFF9F3
FFFFFD93
00000185
FFFFFC22
00000033
00000691
00000229
FFFFFF86
00000032
FFFFF887
0000017F
FFFFFAFF
FFFFFE52
FFFFF9F1
FFFFF9C8
00000024
00000018
000003E9
FFFFFBC3
FFFFF743
0000072D
FFFFF790
00000309
FFFFF92F
0000041B
FFFFFC51
00000265
000006B9
FFFFFDA7
FFFFFC1F
00000765
00000495
000006E7
FFFFFC5D
000001FA
FFFFFB9B
FFFFF93F
FFFFFEC9
00000790
00000763
000004F5
000007BF
FFFFFB6B
0000058B
000001BB
FFFFFE09
FFFFFAA1
00000660
FFFFF874
FFFFFFEE
00000208
0000005C
00000713
FFFFF9F2
FFFFFEA2
FFFFFBC5
FFFFFF68
FFFFF874
FFFFFEC7
FFFFFC45
000008D2
FFFFF6F3
FFFFF564
FFFFFFC7
FFFFFCAF
0000019A
FFFFFAF9
FFFFFFF6
FFFFF9B8
0000024B
FFFFFBA6
FFFFF95B
FFFFFA43
FFFFFCFC
000008A2
00000607
000002D5
FFFFFCF2
0000058F
000000B6
FFFFFC23
000003B4
FFFFFA46
00000111
00000592
0000056A
00000261
0000008D
00000355
FFFFFB2F
000008A2
00000649
0000033B
000001D4
0000047B
FFFFFD67
0000010F
00000253
FFFFFDED
FFFFF339
FFFFFD7C
FFFFF9BD
000007AC
FFFFFE00
FFFFF373
FFFFF484
0000005A
00000132
FFFFFA9A
0000067D
000003D4
000002B9
FFFFFA89
00000554
000001F5
0000061D
FFFFF780
00000171
0000039E
FFFFFD53
FFFFFEE6
FFFFFA71
000001B9
FFFFFF52
FFFFFCF1
000001AB
000002A1
FFFFFFD1
00000280
0000056D
00000146
FFFFFBDA
000000FF
FFFFFE16
FFFFFBFC
FFFFF8BA
FFFFFEAA
0000008E
0000074D
000000FF
00000240
00000055
0000022F
FFFFFE2D
FFFFFB83
000003A6
FFFFFF24
FFFFFF19
000003F9
FFFFFDF9
00000343
00000037
FFFFFFAA
000003F4
000000F8
0000099D
FFFFF7EE
00000872
FFFFF98B
FFFFFF1F
FFFFF97C
FFFFF86B
000005FF
0000009E
0000042F
FFFFFE5F
FFFFFC1F
00000080
FFFFF91C
FFFFFE0D
0000046C
00000618
FFFFF4EE
0000017B
FFFFF8C9
00000477
FFFFF892
FFFFFE07
0000074F
FFFFFE4E
0000049C
00000AA3
0000072B
00000913
00000316
00000A05
0000039E
FFFFFD65
000002B3
FFFFFFEA
00000125
0000022C
0000018C
FFFFFF91
FFFFFC77
FFFFFD51
FFFFFC05
FFFFFD00
FFFFFAA5
0000013F
00000278
FFFFFFA2
00000524
0000016E
FFFFFBC3
FFFFFFB2
00000627
0000039F
000004E8
FFFFFE6D
000001E2
000001D4
FFFFFE2E
00000332
FFFFFBCA
FFFFFCB6
FFFFFC6E
0000021C
FFFFFEE6
000000B2
FFFFFB23
FFFFFBE7
FFFFFC95
00000146
00000265
FFFFFDAA
000001B6
0000058C
00000642
000000D9
000001A3
000003C3
FFFFFD5B
FFFFFF7E
FFFFF8DE
FFFFFF8F
FFFFFB16
FFFFF993
FFFFFB41
FFFFFAC8
FFFFFE14
FFFFFF88
FFFFFAF0
000001C3
FFFFF9FB
FFFFFBF2
FFFFFAA1
000000C2
FFFFFC88
FFFFFFB2
FFFFFE09
FFFFFEA5
00000285
00000018
FFFFFEA3
000002A3
FFFFFD92
FFFFFFE0
000001FC
FFFFF755
FFFFFEF8
FFFFFF4C
FFFFFE85
FFFFFAED
FFFFFCBF
FFFFFC1E
FFFFFF72
00000095
FFFFFE67
00000098
000002D1
FFFFF9C8
FFFFFF85
000000CB
FFFFF9DE
FFFFFF80
FFFFFACB
00000053
FFFFFEF3
000000E0
000000AF
0000026E
0000025E
FFFFFF26
0000038B
FFFFFD5D
FFFFFCC4
000000AC
FFFFFFBB
FFFFFEA3
FFFFFF25
FFFFFD7F
000004E8
FFFFFF82
000002DA
FFFFFAFD
FFFFFCD5
FFFFFE88
FFFFFBA3
000000DB
00000394
FFFFFC79
0000009F
00000231
FFFFFE09
FFFFFC9A
FFFFFD77
000004B2
0000011F
0000050B
FFFFFFA3
FFFFFBA5
000001D0
FFFFFEBA
FFFFFE44
00000356
FFFFFFB4
FFFFFEF2
00000209
000001B9
FFFFFDA1
0000006A
000003A2
000001F4
0000018E
000002F7
FFFFFF6E
00000376
0000047B
FFFFFE32
FFFFFEFE
FFFFFFE9
FFFFFF84
000004BB
000003D8
FFFFFE91
00000206
FFFFFE0C
FFFFFF43
FFFFFF86
FFFFFEE7
FFFFFC17
FFFFFF8E
FFFFFD0A
000003B8
00000054
FFFFFD5F
FFFFFD89
FFFFFF40
FFFFFC90
0000002B
000001B1
00000094
FFFFFF4F
FFFFFB9E
0000002B
FFFFFA7E
FFFFFA88
000002B2
FFFFFDC4
00000291
00000329
FFFFFE67
FFFFFCA0
000002E7
000000B7
FFFFFD5E
00000552
FFFFFBCE
00000147
FFFFFF5F
0000021D
FFFFFF2F
FFFFFD36
FFFFFDF4
FFFFFFC3
FFFFFC3F
FFFFFFDF
00000309
000003C4
FFFFFB2E
FFFFFACA
FFFFFD1D
FFFFFD7A
000003B9
FFFFFF17
FFFFFF4A
FFFFFD62
00000002
00000045
FFFFFCE7
00000245
FFFFFF39
FFFFFAE6
FFFFFDB1
000002BE
000003F7
000003EB
FFFFFD4E
00000349
0000011A
FFFFFFDC
FFFFFF34
FFFFFF9F
FFFFFDE6
000001E3
000001B1
FFFFFB3D
000001F0
FFFFFE3D
FFFFFF56
FFFFFCB3
FFFFFE71
FFFFFE57
FFFFFED4
0000004F
00000535
FFFFFFD6
FFFFFD0F
FFFFFCF6
00000079
00000084
FFFFFC7F
FFFFFC66
FFFFFF95
00000499
00000102
00000418
FFFFFDA1
FFFFFF3F
FFFFFED9
000001B3
FFFFFF35
000002D4
FFFFFE3F
FFFFFC68
FFFFFEE7
00000081
FFFFFE3A
FFFFFFED
00000247
00000381
FFFFFF4F
0000028F
0000019D
FFFFFE54
FFFFFF57
FFFFF9EC
FFFFFE94
FFFFFE0E
FFFFFF0D
000001D8
FFFFFBB0
FFFFFF47
000002DB
FFFFFC33
FFFFF8C5
FFFFFC05
FFFFFC43
000002A6
FFFFFBFF
FFFFFC9E
FFFFFE57
00000374
000000AB
FFFFFFC3
FFFFFF95
000001D2
00000056
FFFFF8B9
00000089
FFFFFBE5
FFFFFE03
FFFFFE78
FFFFFBC8
FFFFFFA5
0000037D
000005D3
0000027F
0000012B
FFFFFE2C
FFFFFCCA
000003E5
000004AA
FFFFFF11
FFFFFCAE
00000058
0000004E
FFFFFFE5
00000259
0000038F
000001E2
FFFFFEA4
FFFFFD79
FFFFFFAB
FFFFFEA9
00000193
00000347
000001FF
FFFFFDB6
0000024A
0000049A
000002D6
000002B9
00000160
FFFFFEE2
00000011
00000195
000001AF
FFFFFE8C
00000414
000001A5
0000010F
000003AA
000003FE
00000167
FFFFFEB8
00000307
FFFFFFDB
00000383
FFFFFD3A
FFFFFF37
FFFFFF76
FFFFFFCF
FFFFFE27
FFFFFC02
FFFFFADF
0000034A
FFFFFEC8
FFFFFF92
FFFFFA64
FFFFFE44
FFFFFF50
FFFFFE2B
00000017
0000005C
FFFFFCF5
000000D9
FFFFFDC5
FFFFFC6C
FFFFFD23
FFFFFFBA
FFFFFE41
FFFFFBA7
FFFFFF29
FFFFF99F
000001AB
00000134
FFFFFDF0
00000114
0000029C
00000190
00000071
FFFFFF6C
00000056
00000140
0000017C
FFFFFC26
FFFFFD6B
00000064
FFFFFD97
FFFFFCF7
FFFFFEDE
FFFFFCE1
FFFFFD91
FFFFFB67
000003A7
FFFFFE7F
FFFFFFC8
FFFFFB6A
FFFFFB1A
FFFFFC0A
FFFFFE20
FFFFFC30
00000397
00000919
0000040B
000000FA
000000F6
00000000
FFFFFDF3
0000063F
0000029B
FFFFFAC2
FFFFFEF8
FFFFFD30
FFFFFC69
FFFFF93C
FFFFFF1A
FFFFF929
FFFFF642
FFFFFA08
FFFFFE5A
00000342
00000018
0000072C
FFFFFE81
0000011D
FFFFFEBA
FFFFFD95
00000187
FFFFFE56
FFFFFEC5
00000407
FFFFFE77
00000536
000000C1
000003BA
FFFFFE50
00000078
FFFFFC89
FFFFFDBB
0000040B
FFFFFBFF
00000223
0000052E
FFFFFCC6
000001F3
000003F6
FFFFFD80
FFFFFFF7
00000159
0000018E
000003A8
FFFFFDC5
000000FB
0000051B
FFFFFF99
00000190
000002FC
FFFFFE27
00000502
00000018
00000615
FFFFFCEF
FFFFFE1F
FFFFFDA4
000001E5
FFFFFBA1
FFFFF9DC
FFFFFD32
FFFFFD10
FFFFFB13
FFFFF9CD
FFFFFE45
000001BE
00000100
00000174
FFFFFFD7
FFFFFD9C
000000C6
FFFFFC69
0000003E
FFFFFE2B
FFFFFD30
FFFFFAFA
FFFFF933
FFFFFFD6
FFFFFF0E
FFFFFD2B
00000384
FFFFFA5C
00000334
FFFFFC1A
00000671
FFFFFEE9
FFFFFC7C
FFFFFFD7
0000015E
FFFFFE36
000001AA
00000365
FFFFFF54
FFFFFD73
FFFFFE7A
FFFFFC30
FFFFFB61
FFFFFE50
FFFFFA79
00000331
00000431
0000002F
000004A9
000003B3
00000177
FFFFFC44
FFFFFE31
000002CD
FFFFFFDE
0000034E
FFFFFD14
0000000C
0000005A
FFFFFEE2
00000086
FFFFFFB9
FFFFFF50
FFFFFB02
000002DD
00000070
0000017A
FFFFFE55
FFFFFDF5
FFFFFACE
FFFFFB39
00000293
00000117
FFFFFCBA
FFFFFFEA
00000238
0000033A
000001DE
FFFFFF58
FFFFFEAE
0000008F
00000220
000000F7
FFFFFE91
0000003E
FFFFFCE3
FFFFFA71
FFFFFF91
FFFFFCFA
FFFFFCF6
FFFFFDD5
FFFFFF3D
FFFFFE38
000001FD
000006A3
000002DA
00000326
000004F6
00000037
FFFFFD24
FFFFFE13
FFFFFE2B
00000031
FFFFFEA9
00000571
0000018C
FFFFFB0C
000001F1
FFFFFC88
FFFFFD31
FFFFFCB6
000002AD
000000FF
FFFFFAD2
00000260
FFFFFF7B
FFFFFBE8
FFFFFE19
FFFFFF28
FFFFFFE9
000003F1
00000222
FFFFFFC7
000006DF
00000157
FFFFFF42
0000002C
00000376
00000220
000001D8
000008B5
0000025F
FFFFFA64
0000056E
FFFFFFE9
00000263
000000A3
00000769
FFFFFAD6
FFFFFBF0
FFFFFC68
FFFFFDC6
FFFFFCC5
FFFFF72C
000005BA
00000105
00000042
FFFFF9E9
0000015D
000004DC
FFFFFBC4
FFFFFDDD
FFFFFD9A
000005B9
000009A7
00000156
00000634
000006BA
000001F0
FFFFFCD9
FFFFFD04
FFFFF993
00000206
FFFFFB39
000007EE
FFFFFE69
FFFFF9AB
00000268
FFFFFCE1
FFFFF8FF
000001DE
000002C0
000007F7
00000ADE
00000122
FFFFF9BC
FFFFF8CB
0000011F
FFFFFBFD
000005E9
000002B7
FFFFF890
000000DB
FFFFFED5
FFFFFC0D
000002E4
00000764
0000069D
000003C3
0000028B
00000003
000003BF
FFFFFA4D
FFFFFFD0
FFFFFD2E
FFFFF76B
0000001D
000006DD
00000201
FFFFF9DE
FFFFFD56
FFFFF525
FFFFFCAE
00000082
FFFFFE1E
FFFFFB9F
0000004F
FFFFF88D
00000343
0000000A
0000000A
0000024E
FFFFF96C
FFFFFB41
0000059C
00000529
FFFFFA88
FFFFFE8B
FFFFFB0F
00000BC0
000002F3
FFFFFF86
0000054A
00000688
FFFFFF1E
00000A3F
000003F8
00000327
FFFFFB75
0000031E
FFFFFCE3
FFFFFC6E
FFFFFD6C
FFFFFB5F
FFFFFDFB
000006D1
0000012A
00000437
00000046
FFFFF977
00000294
FFFFFCAF
FFFFFDF7
FFFFF923
FFFFF879
00000655
FFFFF995
00000304
0000082C
00000203
000000D6
FFFFF722
00000222
FFFFFA88
FFFFF8E4
00000A5A
000005FF
FFFFFFF6
00000A14
FFFFFD60
FFFFF909
FFFFFD94
FFFFF9D5
00000633
FFFFFEA8
FFFFF546
FFFFFA86
00000C22
00000056
0000027E
0000006E
0000040A
00000259
00000422
00000571
FFFFFBCF
FFFFF8F1
FFFFF9DC
000001DA
000006EE
000009E8
00000351
000000E2
000007DE
FFFFFE0C
FFFFFD0A
FFFFF9E8
00000409
0000062F
FFFFFA92
00000483
0000073D
FFFFFD27
FFFFFEB1
00000C2C
FFFFF8BD
0000003D
00000911
FFFFF94C
00000139
00000807
000004CC
00000488
00000018
000001B7
FFFFFFAF
000003E7
00000041
00000326
FFFFFCCE
FFFFF7B8
00000AA0
FFFFFE5C
FFFFF59D
0000003A
000004FB
00000662
00000165
FFFFFC97
000002B5
FFFFFCA1
FFFFFAB6
FFFFF60B
000000F3
FFFFFD63
000003E1
0000083D
0000014A
FFFFFC0E
FFFFF7F5
FFFFF36F
FFFFFABB
000000CF
FFFFFC6C
0000042D
0000030E
FFFFFF92
00000640
0000035C
0000019B
0000038C
FFFFFFE7
FFFFFB73
00000496
00000406
000000D1
00000487
000001D3
FFFFF867
FFFFFAED
00000456
000002EE
00000221
FFFFFDB1
FFFFFE82
000004FB
000000C2
FFFFF8C4
FFFFFCFB
000003AF
FFFFFF98
000002D0
FFFFF759
FFFFFC16
FFFFF704
0000045B
00000090
FFFFFCAC
FFFFFB26
000004E7
00000295
FFFFFCDE
FFFFF2ED
0000021D
000005E0
000000FD
FFFFF216
FFFFFE28
0000062A
FFFFFC34
FFFFF9D3
FFFFF77F
00000051
FFFFFDB0
00000198
FFFFFB27
000005EE
FFFFFE25
FFFFF969
00000054
000001E0
00000107
000001B8
FFFFFEEA
FFFFFED4
FFFFFDF7
FFFFFECD
FFFFF445
00000194
0000058F
FFFFFCA2
00000513
000000F9
FFFFF9F1
0000000E
000005B8
000003EE
FFFFFF1F
FFFFF9A5
000005CE
0000021A
FFFFF72E
00000A04
00000200
00000183
FFFFFA20
FFFFFF9B
FFFFF8BE
00000564
FFFFFD7C
FFFFFAD4
00000A60
FFFFFD9D
000002DE
FFFFFD3B
FFFFFD7E
000008B4
000003BC
FFFFF92F
00000760
FFFFF7F8
FFFFFB06
00000435
FFFFFF0A
00000804
0000011A
000004CE
0000027A
000005CB
000003BD
00000247
00000417
FFFFFBC3
FFFFFB93
FFFFF954
00000628
FFFFFC0B
00000090
00000311
FFFFFD95
00000801
00000217
FFFFFC50
FFFFF658
000000EB
FFFFFD2C
FFFFFDAA
FFFFFE92
FFFFFDE4
000004B8
0000040E
00000287
FFFFFF96
FFFFFBFD
00000A18
FFFFF966
000000B6
00000514
FFFFFF0A
000008D6
000000F3
00000470
000002D4
000003E1
000004B9
FFFFF6B3
FFFFFDED
0000082D
FFFFF766
FFFFFEE0
0000049E
000003FD
000005D8
FFFFFE60
00000217
FFFFFAB0
FFFFF68F
FFFFFCDB
FFFFFE65
0000065A
00000186
000003BA
00000F58
000006A5
000006AB
00000AC3
FFFFFC08
FFFFFC1A
00000350
000006FD
FFFFFEF3
FFFFFAAF
00000930
00000147
00000A1E
000005D5
000002EA
00000096
FFFFFCA5
00000413
FFFFFBFF
000001DE
FFFFF995
FFFFF33F
000007C2
000005E8
0000048E
00000711
FFFFFED0
FFFFF776
FFFFFFAA
000003EF
000006ED
FFFFFE27
000004C8
FFFFFB0F
000002E1
FFFFFF14
FFFFFC04
FFFFFB2D
000002FF
0000024F
000007BC
FFFFFEF3
0000026B
FFFFFBFC
00000362
0000034A
00000140
FFFFF77B
0000029D
FFFFFEE4
000000BA
00000901
0000000F
FFFFFC02
FFFFFC35
FFFFFED4
00000108
FFFFFF2D
000004C9
FFFFFF66
00000223
000007A1
FFFFFD90
00000488
00000D7A
00000B9F
000007A4
000005A2
0000042A
00000172
FFFFFCBB
FFFFFE4A
FFFFF698
FFFFFEED
FFFFFCD7
000005EF
FFFFFD53
000002CF
000004C7
FFFFFCFE
FFFFFE7C
FFFFFA30
0000052C
00000004
FFFFF3AA
FFFFF8AD
0000030B
FFFFFDBE
FFFFFB90
000001E2
FFFFFBF9
FFFFFD25
FFFFFF8F
FFFFFCDF
000001F3
00000515
000003E4
FFFFF8D6
00000660
FFFFFA9E
0000004E
0000027D
FFFFFB21
00000541
00000B3B
FFFFFA50
FFFFFCA5
000007C0
FFFFFD5D
000008F2
FFFFF6D9
0000031F
FFFFFF0A
FFFFF6EA
FFFFFD29
FFFFFDA9
FFFFF7EE
000003B6
0000056E
00000160
00000173
FFFFFB3C
FFFFF85C
000005CB
FFFFFE9C
FFFFF606
00000994
000004DA
000001FA
000000B6
FFFFFA4E
FFFFFFC3
00000A43
FFFFFCDF
00000109
000008E0
FFFFFEB3
00000793
0000041B
0000004E
00000722
000003A4
FFFFFEAD
000002E5
FFFFFA9E
0000054E
FFFFFD09
FFFFFF84
0000022B
FFFFFA71
FFFFFBEA
00000161
FFFFFAA5
FFFFF4CF
000003DD
FFFFFA91
00000416
FFFFFBF9
FFFFFB1B
000000FD
FFFFFDD7
00000842
0000006A
00000B18
FFFFFBCE
FFFFF9C7
00000B9A
FFFFFDA8
FFFFF907
000006B0
FFFFF99A
FFFFFD64
000009C3
FFFFFDA5
FFFFF5FC
000002EC
FFFFFF47
00000990
FFFFFB6F
0000011E
000005EA
FFFFF5F3
FFFFF425
000000E4
000004CA
00000472
FFFFF971
FFFFFC63
FFFFF88E
FFFFFACA
FFFFFE38
FFFFF6BA
FFFFFFE6
FFFFFAF3
0000012A
00000238
FFFFF59F
FFFFFA2B
0000002B
FFFFF65E
FFFFFE40
FFFFF987
FFFFFA7B
FFFFF891
FFFFF9A5
00000527
0000040F
00000685
000001AF
FFFFFE36
FFFFFFE5
00000AE7
FFFFFE06
FFFFFC08
FFFFFC76
FFFFFDA0
000001DF
0000064B
FFFFFB37
FFFFF9C1
000002EF
00000511
00000617
0000072E
000008C5
000004C6
000005E8
00000020
000001D4
00000071
FFFFFFDC
FFFFFAE4
FFFFFF89
FFFFFBDD
FFFFFD0A
FFFFF7E1
000001CC
FFFFFCDB
FFFFF62D
00000512
FFFFF991
FFFFFE3E
000007CB
000001CE
000001E1
FFFFFC7B
FFFFFCD7
FFFFFB5C
FFFFF9C9
FFFFFB95
000000E1
000004CE
0000036B
000002F2
000003A1
FFFFF960
FFFFF7A4
FFFFF7FA
000003AE
00000282
0000037D
FFFFFCC5
0000070E
FFFFFDE9
FFFFFD3E
000009EE
FFFFFD08
0000018A
0000077F
00000419
FFFFFEAF
FFFFFF09
000005BF
FFFFF5CC
00000321
0000055D
0000028B
0000014C
FFFFF96C
00000138
FFFFFBDC
FFFFFC4D
FFFFF7FD
00000281
FFFFF89C
000003B0
FFFFFF7F
FFFFFF93
0000093B
0000075A
0000028C
FFFFFC14
0000007F
FFFFFE06
FFFFFCD3
FFFFFA03
FFFFF64A
FFFFFFB4
FFFFF7DC
FFFFFF1A
FFFFFC69
000003AB
FFFFF818
FFFFFAD6
0000014F
FFFFF70C
FFFFFAC3
00000563
000001AD
000000F8
FFFFFE3D
000005C3
000007BD
FFFFFC02
FFFFFCF5
0000085E
00000204
0000017E
00000470
FFFFFEED
00000050
FFFFFB00
FFFFFFF9
FFFFFB9B
0000002D
FFFFFE56
00000197
000001D3
0000038A
00000120
0000006E
FFFFFE52
FFFFF9F3
00000537
0000052A
00000593
FFFFF32A
FFFFFF59
FFFFF737
FFFFFE1F
00000231
FFFFFF80
000005FD
000002CA
FFFFF7E3
FFFFFD8B
00000478
FFFFF9D3
FFFFFED8
FFFFF566
FFFFF3FA
000000A7
000000AD
FFFFFF4F
FFFFFE94
0000017C
FFFFFC3F
000005D0
FFFFFDB2
000005AE
000004E8
FFFFFD69
FFFFFC1F
FFFFFC65
FFFFF729
FFFFFE7B
FFFFFBB1
000003B9
00000470
FFFFFF61
00000395
00000290
00000249
000001B2
FFFFFECB
FFFFFFB9
00000150
000001FD
FFFFFB4B
00000576
FFFFFDE2
FFFFF6A9
FFFFFF2B
000000BB
FFFFFA82
00000189
0000061F
00000695
00000612
0000027C
FFFFFE69
000000CC
FFFFFDC1
FFFFFC56
FFFFFF27
FFFFFDD2
000000D3
000003A8
FFFFFBB6
FFFFF976
FFFFFF77
FFFFFABA
FFFFFE38
FFFFFCB3
00000662
0000024C
0000024A
000001D2
FFFFF9EA
FFFFFA42
000003C8
00000793
0000051E
000000CE
00000741
FFFFFAD1
000008DA
000004F7
0000008A
00000458
000001EB
0000012C
FFFFF7EC
00000506
FFFFF9CD
FFFFF85A
FFFFFBB4
FFFFFFEE
FFFFF7E6
FFFFF9FD
0000002E
0000057E
0000026C
00000236
FFFFFD08
FFFFFD37
FFFFF5F2
FFFFFC6F
0000018B
0000050E
FFFFFAF4
000004D2
FFFFFEFD
00000243
FFFFFB4F
0000014A
00000315
00000498
00000544
000001E9
00000554
0000059A
000007AF
FFFFFBFC
FFFFFE61
000001AB
000006A6
FFFFFB5D
0000023E
0000085E
000006E6
00000006
00000111
FFFFF836
FFFFFC38
000002C2
0000053C
000002A4
FFFFFBCA
FFFFFAF2
FFFFFF5E
000004F3
FFFFFCC5
000002B3
00000230
FFFFFDD3
000003D5
00000391
FFFFFDF6
00000715
FFFFFE33
00000168
FFFFFA4B
00000472
00000424
FFFFFF7B
0000066D
FFFFFF3A
000001ED
FFFFFA1A
000001A5
FFFFFFAC
000000E1
FFFFFFE3
000001D4
FFFFFAAD
FFFFFC2F
00000261
0000053F
FFFFF7F0
000001FE
000004ED
0000073D
FFFFFB68
FFFFFCD7
FFFFFDD4
00000873
00000181
00000411
FFFFFB80
0000043A
FFFFFDD4
FFFFF834
FFFFF7E3
FFFFFB28
FFFFFA12
FFFFFEF3
0000007E
FFFFF935
000008C7
FFFFFFD9
000006C0
FFFFFF59
FFFFFDD0
00000155
000001CD
000007BE
00000141
FFFFFC91
000003E6
FFFFFF43
00000697
00000317
00000364
FFFFFC8A
FFFFFE1C
FFFFFAF3
FFFFFE1B
00000498
FFFFFB5A
FFFFFD8E
00000339
FFFFF96B
FFFFFC6C
000000CE
00000469
FFFFFA1E
00000089
00000495
000000D8
FFFFFA9D
FFFFFA50
FFFFFBB8
FFFFF927
000000BB
000000D0
000000DB
FFFFFBF2
FFFFFC5A
0000024A
00000472
FFFFF31C
00000394
FFFFFB2A
0000028A
0000063D
FFFFFFAC
000008FF
00000390
FFFFFDDA
FFFFFC70
FFFFFD37
0000003C
FFFFFF07
FFFFF866
FFFFFFC6
00000247
FFFFF8F2
FFFFF7B7
FFFFF904
000003AD
FFFFF830
FFFFFE7B
00000209
000005EF
000005B4
00000149
000004A6
0000048B
00000660
00000600
000004F7
FFFFFCF1
FFFFFB89
00000618
00000500
FFFFFE2F
0000073B
FFFFFAF7
0000013B
FFFFFD90
FFFFFEEE
FFFFFDF8
000001B2
FFFFFACB
000001F9
0000076D
000003EE
000002A5
00000939
FFFFFBB0
0000063D
00000DF5
00000A9C
0000074F
00000255
00000470
00000AF4
0000091F
FFFFF7CD
FFFFFCCF
0000027F
0000045F
000009DE
FFFFFE45
FFFFF8B5
0000023F
FFFFFBBA
FFFFFFD1
FFFFFEDF
FFFFFABE
FFFFFED7
0000000F
FFFFFC65
FFFFFAC7
FFFFF95A
000002B3
FFFFFFC3
FFFFFC68
00000866
0000058F
FFFFFF22
FFFFFE13
0000043E
000000DC
000000A1
FFFFFC8A
000001B3
000004A5
00000573
FFFFFBD9
FFFFF996
00000214
000002FB
FFFFFE71
FFFFFCB2
000001BE
FFFFFFD6
000005A2
00000759
00000931
FFFFFC28
00000396
00000065
FFFFFC83
FFFFFD37
00000234
0000019C
00000070
00000858
00000459
000003D0
FFFFFD86
000005F9
00000179
000003D8
00000413
00000720
000003AF
FFFFFFF0
FFFFFDB8
00000226
00000167
FFFFFD5C
000005BE
0000027C
FFFFFE51
000002B2
00000163
FFFFFE92
000007E3
0000096D
FFFFFE34
000000BA
00000596
00000504
FFFFFA6C
0000005E
00000132
FFFFFC44
000006A0
FFFFFBC0
000004B4
FFFFF9AB
FFFFFF82
000005BC
00000A8B
FFFFF86F
FFFFFDEE
FFFFFB58
FFFFFB90
FFFFFB8A
FFFFFF88
FFFFFCEB
FFFFFD07
00000234
FFFFFF46
00000665
FFFFF7C0
FFFFFAA2
000000BB
000007CF
FFFFFC6E
000000E6
FFFFFF3F
FFFFFE33
000002D1
0000044F
0000065E
FFFFFA82
000001B3
000002B4
FFFFFED3
000004E4
000003E8
0000021C
FFFFFB78
FFFFFA85
000002A8
FFFFFBD5
FFFFFBD5
FFFFF894
FFFFFF82
FFFFF72F
00000045
FFFFF63B
000003D6
000005B1
00000395
0000033F
FFFFFDA4
FFFFFFA5
FFFFFDD7
00000602
FFFFFF24
00000481
FFFFFD15
00000802
FFFFFABB
FFFFFD26
000001CE
00000538
00000324
FFFFFF8A
000005B9
00000599
FFFFF918
00000686
FFFFFDCA
FFFFFD49
FFFFFB4E
FFFFFBA9
FFFFFC3C
FFFFFBCA
FFFFFEEB
00000484
FFFFF67F
FFFFF899
00000246
00000B81
000002E7
000005F9
000001D1
FFFFFFB2
FFFFFB34
00000457
FFFFFED7
FFFFFBBB
FFFFFBE7
000007AA
FFFFFE39
FFFFFE7E
00000499
FFFFFC28
FFFFFA8B
FFFFFFDE
FFFFFB3A
FFFFFF78
FFFFF88E
00000447
FFFFFCB9
00000610
000004CB
000000F3
FFFFF965
00000249
FFFFFCE0
00000161
000003FB
FFFFFBBF
FFFFF8AA
0000060A
FFFFFF4A
FFFFFF4E
0000022A
FFFFFFA7
000005A4
FFFFFDF6
000002AF
FFFFFF12
00000580
FFFFFE82
FFFFFB8E
00000706
000001EF
0000001F
FFFFFCF8
00000841
FFFFFCD2
0000081A
000003C8
FFFFFC31
FFFFFDBC
FFFFFBDC
000000C6
FFFFFFC9
FFFFFF10
FFFFF8D1
FFFFF9DD
FFFFFFD6
FFFFFA61
00000424
FFFFFBB0
00000138
FFFFFCE0
FFFFFB04
0000050B
0000021B
FFFFF94A
FFFFFF5E
00000643
000001F2
000003E5
FFFFFC84
000003E2
000005B9
0000016E
00000236
000001A4
FFFFFD7D
FFFFFBEE
FFFFFF30
FFFFF935
FFFFFE6D
FFFFF94A
000003AB
FFFFFF9D
000007FE
000001B8
FFFFFAF8
000007F0
00000582
FFFFFF3D
000002CE
00000439
00000784
00000730
00000011
00000192
00000D61
FFFFF685
00000201
FFFFFC75
FFFFFB1C
00000108
FFFFFB99
FFFFF81A
FFFFFF01
FFFFFA1A
00000110
FFFFFD71
FFFFFE28
000002C0
FFFFF9F2
FFFFFA9D
000001BB
FFFFFB8F
00000723
0000044C
00000165
FFFFFFDE
000006A7
00000448
FFFFFB17
0000006C
FFFFFEAD
FFFFFD4F
00000A68
FFFFFC48
00000720
FFFFFE8A
000007AF
000006C6
FFFFFE25
00000804
000000F1
0000040B
00000272
FFFFFDEB
FFFFF945
00000323
FFFFFB2F
00000159
FFFFFD7B
FFFFFF33
00000338
00000860
00000528
FFFFFC52
0000077C
0000035E
000007D0
FFFFFD68
FFFFFC87
00000090
00000064
000003A0
FFFFF9D2
FFFFFE33
FFFFFC41
FFFFFF0C
FFFFFB0B
00000026
00000274
FFFFFD37
0000038F
FFFFFECB
FFFFFDB0
FFFFF964
FFFFF7E2
00000218
000003E2
FFFFFE83
FFFFFB92
FFFFFDC1
FFFFF92A
000004B9
000000ED
FFFFFA73
00000165
00000032
00000089
00000189
000002DD
FFFFFD77
FFFFFBB7
00000137
0000054A
FFFFFF70
FFFFFAA3
FFFFFFDA
FFFFFE8C
0000037B
00000214
0000062C
00000372
FFFFFCA3
FFFFF743
FFFFF4D0
00000102
FFFFFC1A
00000001
FFFFFC38
FFFFF48B
000006EF
000003D9
FFFFFA18
FFFFFE6A
0000035F
000004DE
FFFFFAAD
00000110
00000611
FFFFFC8A
FFFFFC74
00000472
00000169
00000182
FFFFFEF5
000003AF
FFFFFAF9
FFFFF88F
FFFFFF19
FFFFFE36
FFFFFF5C
000001D8
FFFFFC4F
FFFFFEFE
000007C4
FFFFFF81
0000023C
00000333
00000397
00000315
00000554
00000078
FFFFFA42
FFFFFAFB
FFFFFEBB
00000366
FFFFFEAF
FFFFF9BB
00000374
FFFFFF26
FFFFF7D8
000003A8
FFFFFBC3
00000256
FFFFFE83
FFFFFEDD
FFFFFE9B
000001AC
FFFFF6FD
00000259
00000420
0000009D
000002DA
FFFFFAB1
FFFFFFD4
FFFFFA78
000000F5
00000097
00000279
FFFFFB0E
000005F3
000004F8
00000421
FFFFFD07
FFFFFBD5
000002E9
000001CE
FFFFFBA2
FFFFFB03
0000038C
000006CC
00000433
00000895
FFFFFFF1
000000A0
0000028B
000002A3
00000088
FFFFFA9F
FFFFFBD8
FFFFF482
FFFFFB03
FFFFFE16
FFFFFE45
00000132
00000126
FFFFFFE7
00000218
00000386
FFFFFBB1
FFFFFF12
000002F3
000001FC
00000205
FFFFFDE2
FFFFF90F
FFFFFCDF
FFFFFCF3
0000021B
FFFFFCED
FFFFF807
00000072
FFFFFCA2
0000013B
00000648
FFFFFF4D
FFFFFC15
0000059C
000004B5
0000074E
00000331
FFFFFB53
FFFFFE74
FFFFFDB2
00000388
FFFFFF97
0000092D
0000041E
FFFFFD89
0000044C
FFFFFE67
0000078C
00000405
000007A7
000003B7
000007EE
FFFFFCD5
FFFFFD61
0000098E
FFFFFC8D
00000130
0000087F
0000008F
FFFFF401
00000717
FFFFFC4F
0000038D
00000892
FFFFFDC8
00000589
FFFFFF4E
FFFFFDDF
FFFFFBA3
0000021B
FFFFFE78
00000046
000000BC
FFFFFE64
FFFFFB28
00000460
FFFFFF36
0000031E
FFFFFF63
FFFFFEFA
FFFFFF21
00000654
00000557
00000558
FFFFFDC0
00000142
FFFFFF17
FFFFFBAB
0000009C
FFFFFF5F
00000517
000007F4
000001FF
00000011
0000002D
000002BF
000001CB
000002C4
0000028D
0000017E
FFFFFBC7
00000009
000004C9
FFFFFAD5
0000005B
FFFFFCA6
0000029F
FFFFF9AD
FFFFFEFE
0000016D
00000763
0000038D
FFFFFBF5
FFFFFF71
FFFFFB2B
00000353
FFFFFB8D
00000431
FFFFFC67
0000049D
0000067D
00000073
000003E8
FFFFFE6B
FFFFFF61
FFFFFAAB
FFFFF944
00000289
FFFFFBDE
FFFFFC68
00000332
FFFFFC1E
FFFFFD10
FFFFFA67
00000028
FFFFF565
00000156
000002D3
FFFFFF7C
000000ED
FFFFFC4E
FFFFFAB1
0000034D
00000298
FFFFFD0B
FFFFFE92
000001F2
000001F3
FFFFF96C
000002A2
FFFFFBA3
000003C2
FFFFFB20
FFFFFED3
00000287
FFFFFBFC
00000690
0000028A
FFFFFD72
FFFFFA66
FFFFFEBF
FFFFFD11
000002C1
FFFFFD80
000000FC
FFFFFB15
FFFFFEE7
FFFFF9BB
000001E2
000002F7
00000052
FFFFFDC1
000003A4
FFFFFED3
FFFFF938
000002B5
00000751
00000280
FFFFFA79
FFFFF975
FFFFFDD6
FFFFFCEF
FFFFF782
00000191
FFFFFC53
FFFFF7E8
0000019A
FFFFFFEF
00000084
FFFFFCC4
FFFFFFDC
000002D5
0000000B
00000700
00000716
FFFFFC97
FFFFF912
00000255
0000009A
000001D3
FFFFFA5E
FFFFF876
0000040F
FFFFFCAB
FFFFFF7A
00000368
FFFFFC9D
FFFFFBF2
FFFFFD01
FFFFF999
FFFFFF72
00000906
00000173
00000141
FFFFFCCF
FFFFFF17
00000360
00000669
FFFFF62C
0000010E
FFFFFA6B
00000685
00000643
FFFFF8A6
FFFFFDA5
0000024B
000007FD
FFFFFF44
00000476
00000582
00000106
00000437
00000502
FFFFFEEA
0000020E
00000272
FFFFFD3F
00000373
FFFFFEDE
0000004D
000007C6
000006B5
000000AA
00000093
FFFFFE00
00000626
000001D2
FFFFF829
FFFFFFAC
0000027A
00000290
FFFFF8A6
FFFFFFEE
00000801
000002F0
FFFFFF0F
00000119
00000850
FFFFFD20
FFFFFE64
0000014A
FFFFFD6B
000000D7
FFFFFF8A
00000332
FFFFFFA1
00000646
FFFFFD70
00000582
00000A7E
FFFFFB45
00000906
FFFFFF45
00000237
00000110
000001D7
000003CF
FFFFF9CB
000007ED
00000356
FFFFF5D7
FFFFFAF6
FFFFFF0E
FFFFFC4C
FFFFFF08
FFFFF8AA
000002FF
FFFFFC1E
FFFFFBE7
000000FC
FFFFFD0F
FFFFFFCF
FFFFF7CE
FFFFFF79
00000377
FFFFFF65
FFFFFA3B
00000032
FFFFFCEC
0000084B
000000F0
00000077
00000000
0000069A
FFFFFD53
0000055C
00000388
FFFFFCA4
FFFFF7CE
FFFFFA80
00000246
FFFFFDFB
FFFFFB79
FFFFFC24
0000008F
FFFFFBF2
FFFFFFA4
FFFFF747
FFFFFE1E
00000524
000001A4
FFFFFE41
FFFFFE17
FFFFFE64
FFFFFD40
0000059B
FFFFFDB0
00000191
0000090B
FFFFFA44
FFFFFEF9
00000493
FFFFFFFE
000002F1
000003E1
00000151
0000027F
FFFFFC27
FFFFFD70
FFFFFD69
FFFFF931
FFFFFEF4
0000037D
00000003
00000048
FFFFFE08
00000599
00000792
0000012D
000000B0
000006F2
0000011C
FFFFFCE6
FFFFFE27
FFFFFA15
0000055B
FFFFFF53
FFFFF987
0000029D
FFFFFF9C
00000348
000004B3
0000041E
FFFFFAF2
00000030
00000526
000000FC
000002FB
0000061D
000002D5
00000402
FFFFFAFB
00000407
00000552
0000011A
000002B7
FFFFFFB1
000001E6
000003AE
FFFFF6DB
0000012D
00000242
000003EB
FFFFFE65
FFFFFD4F
00000709
FFFFF83C
00000425
0000001F
000001F8
FFFFF652
00000304
000002FD
0000019C
00000562
00000485
FFFFFFDC
FFFFFEBE
0000018A
0000017E
FFFFF3F7
000003CE
000005DF
FFFFFB3D
FFFFFC1D
0000065E
FFFFFB64
FFFFF688
0000029B
FFFFF9F8
FFFFFED5
FFFFFF8B
000000B3
FFFFFACA
FFFFFDB9
FFFFF6BF
FFFFFD44
FFFFFBBA
FFFFFDE8
0000012B
00000177
000003DA
00000292
000000A7
000005A8
FFFFFB39
0000039E
FFFFFD05
0000041D
00000079
FFFFFDB0
000001DE
00000191
FFFFFF2B
FFFFFE45
000003CB
FFFFFE23
FFFFFD92
FFFFFB33
00000162
FFFFFA62
FFFFFE61
FFFFFFA1
FFFFFF68
0000038F
000002A7
000006E3
000000EC
FFFFFF2C
00000218
FFFFFF41
FFFFFFB7
000002FB
000004F5
FFFFFE38
FFFFFF2A
FFFFF88E
FFFFFDFA
000001E1
00000311
FFFFFE16
00000189
FFFFFC76
00000406
00000650
000005B2
0000039F
FFFFFD6C
0000027E
00000457
FFFFFDC0
FFFFFFD1
00000432
FFFFFF8A
FFFFFC68
FFFFFF23
FFFFFCA5
00000086
FFFFFF65
FFFFFA56
00000301
000002B4
00000170
FFFFFF1B
0000016C
FFFFFBC6
FFFFF982
000000EC
00000419
FFFFFF2F
FFFFFD77
000000CC
FFFFFF38
FFFFFC95
00000181
FFFFFED9
00000332
FFFFFD52
FFFFFFA7
FFFFFDC3
FFFFFD56
000001A7
FFFFFCE7
FFFFFE7C
000000BE
FFFFFB10
00000082
0000005E
FFFFFD98
FFFFFF88
FFFFFE2E
0000069F
FFFFF8F5
0000010D
FFFFFDD7
FFFFFFD6
FFFFFA67
00000384
00000137
FFFFFD3A
FFFFFB7B
000003BD
FFFFFB06
00000684
00000178
FFFFFE03
FFFFFE2F
000000F9
FFFFFD7C
FFFFFE1D
00000063
FFFFFA36
00000021
00000402
00000426
FFFFFF01
000005C7
FFFFFECB
0000046E
0000005D
000000A3
0000027C
FFFFF975
FFFFFDB5
000001FB
000007D4
FFFFFDDC
FFFFFF5A
000006CD
FFFFFD90
0000032D
000000DD
FFFFFE04
00000547
000003AA
00000057
FFFFFD29
FFFFFC9C
000002A2
FFFFF6B8
FFFFFF0D
000000BF
00000008
00000191
FFFFFFF0
000003A2
000006CA
000000F2
00000742
FFFFF9CB
FFFFFDD2
FFFFFEBC
0000069C
0000032E
00000613
0000021F
FFFFFF74
FFFFF8C7
000000DF
FFFFF53C
00000163
000008FB
FFFFFC96
FFFFFD09
00000595
000002F3
FFFFFBAB
FFFFFC98
00000218
00000475
FFFFFF5A
00000002
FFFFFFF1
00000414
000006EE
FFFFF8F5
FFFFFFB2
FFFFFA30
FFFFFEDC
000000DE
000004F6
0000037E
FFFFFD82
FFFFFE9C
FFFFFEEB
000004CF
0000044D
0000054F
0000029B
00000460
0000055E
000005FF
FFFFFCB1
00000252
FFFFFFCD
00000069
00000357
0000047B
FFFFFEF0
000006C6
FFFFFDF0
000005B1
FFFFFAF9
FFFFFE77
FFFFFDF1
FFFFFBE5
00000318
00000385
FFFFFCCE
00000030
000003DF
000006C4
FFFFFE2E
0000044E
00000114
000001EB
00000206
00000028
00000053
00000195
0000068E
FFFFF897
00000441
000002B8
FFFFFC61
FFFFFAB6
000002A1
FFFFFC6A
0000046C
0000076C
0000031A
00000179
000001C0
0000017E
0000067E
0000044D
000007CA
00000509
FFFFF962
FFFFFFED
FFFFFB31
FFFFF7C1
000003F1
FFFFFD45
FFFFFC2E
FFFFF9E3
0000054C
00000228
00000331
00000700
FFFFFE94
FFFFFDCA
FFFFFFE4
FFFFFD69
000006E1
00000179
FFFFFE68
0000065C
FFFFFEBD
FFFFFCBE
00000923
FFFFFC5C
FFFFFD2D
FFFFFE91
000002D3
000000D2
FFFFFD69
000000EF
00000142
FFFFFF7F
000000B3
00000411
FFFFF920
00000414
FFFFFFCC
FFFFFEC5
FFFFF394
00000254
0000016E
FFFFF9D1
FFFFF8DB
00000530
00000418
FFFFFFC3
00000109
00000000
FFFFFD1F
000001FC
FFFFF9BB
FFFFF9FF
FFFFFB1A
FFFFFFBA
FFFFFF2A
0000033A
000002AB
FFFFFF83
FFFFFE19
00000411
00000134
FFFFF68E
000000FB
FFFFFE69
000000FE
FFFFFED1
0000020E
FFFFFE60
FFFFFEF7
000000BC
0000041C
FFFFFF11
000001E5
FFFFFF8E
00000065
0000026F
FFFFFC5B
000006EF
00000106
0000008F
00000771
FFFFF96F
FFFFFD6B
00000415
FFFFFDA3
00000215
FFFFFBC1
00000184
FFFFF835
FFFFFF56
FFFFFD78
00000034
FFFFFE77
FFFFFB6E
00000447
FFFFFEE4
FFFFFF2F
FFFFF512
00000305
000005BF
FFFFFC18
FFFFFD10
0000009D
FFFFFF9D
FFFFFE35
000005C1
FFFFFE5C
00000758
FFFFFD84
00000731
000002C3
FFFFFC0B
00000126
00000020
FFFFFDB5
FFFFFF79
FFFFFD87
000001DC
FFFFFB7D
00000263
FFFFF7CA
000005D4
FFFFFA22
FFFFFC6A
FFFFFD42
FFFFF9D1
00000850
000004DE
FFFFFB50
00000129
FFFFFDA9
000003CB
0000038B
FFFFFFCC
00000554
000000CE
00000670
000001CB
FFFFFBD7
000000AE
00000613
FFFFFAF8
0000086C
000002AA
000001EF
FFFFFB01
FFFFFB1E
00000152
FFFFFF6D
FFFFFE90
0000036B
000005D7
000003AF
FFFFFE53
FFFFFB02
00000384
000000E8
FFFFFC03
000001BF
FFFFFB77
FFFFFC35
FFFFFFEC
FFFFFEA7
FFFFFCC8
FFFFFC54
FFFFFD8B
0000042B
000003AE
000003DD
00000008
000005D4
FFFFFB4E
000004AA
FFFFFC84
0000033C
00000859
00000400
00000365
00000482
0000041F
000002E3
FFFFFF24
000003B7
000004AC
FFFFFA8A
FFFFFE35
FFFFF948
FFFFF8DB
0000091A
00000284
FFFFFDE5
0000018B
FFFFFA2F
00000398
FFFFF9B8
FFFFFE42
FFFFF773
FFFFFEC2
FFFFFF63
00000437
00000168
000003E5
FFFFFFB2
FFFFFC41
0000065C
00000329
FFFFFB1D
00000520
0000073D
FFFFFC68
00000657
0000066F
000002DC
000002FC
FFFFF83E
00000122
000002D6
00000021
FFFFFFEB
000001ED
FFFFFBB7
FFFFFE02
00000142
0000001F
00000027
0000028D
00000817
0000025A
0000020F
000000EA
FFFFFA91
FFFFFFD7
00000157
000004DB
FFFFFFF6
00000502
000001E7
FFFFFD01
00000734
FFFFFE08
00000366
0000039A
000002D8
FFFFFF65
FFFFFBD4
000001CD
FFFFFAEC
FFFFFCBE
000002D4
FFFFF889
000002E3
FFFFFA96
FFFFFA77
0000048C
FFFFF74A
FFFFFEDC
00000275
FFFFFF48
FFFFF842
FFFFFAC3
FFFFFC12
000001E3
FFFFFFFE
000000BB
FFFFFA7F
0000062B
00000608
000001E2
00000302
000004CF
FFFFFF29
000008E5
00000473
FFFFFA60
000008AC
0000042E
FFFFFEB8
0000038F
000000B8
FFFFFE62
0000075A
FFFFF82A
0000004C
00000585
0000020C
FFFFF9C9
FFFFF998
FFFFFE49
FFFFFBFD
000008F7
0000013C
00000147
00000466
0000038D
FFFFFBF5
FFFFFE9D
0000066D
FFFFFB3D
000002E4
FFFFFE6B
0000071C
000001E6
0000054A
000002E0
0000031D
FFFFFCD3
0000079F
000009A6
0000045E
000009CC
0000084C
FFFFFD63
000001FA
000005F0
000000E4
FFFFF946
000001D6
000004E4
0000033B
FFFFFCEF
00000323
FFFFFDD2
0000024E
000008B4
0000092F
000002BA
FFFFF8F8
00000749
000004D2
00000325
00000025
FFFFFE80
00000501
FFFFFD58
FFFFFEC3
00000001
FFFFFAC9
FFFFFD18
FFFFFCB1
000000D6
FFFFFE12
FFFFFD08
00000028
FFFFFBEB
00000394
FFFFFF0F
FFFFFA90
FFFFFCED
00000484
0000032E
FFFFF9F9
00000385
0000073C
FFFFFFD2
FFFFF9F6
0000042D
FFFFFDDA
FFFFFF61
00000719
FFFFFFF6
000002D2
FFFFF9D9
FFFFFC73
FFFFFCCE
FFFFFAC1
0000037D
00000169
00000360
FFFFFEB0
FFFFFEB4
FFFFFAD5
00000467
FFFFFD70
FFFFFAA3
FFFFFDC4
00000461
FFFFFD31
FFFFF955
FFFFFD1F
000002F9
00000030
0000041D
FFFFFDAF
0000024E
0000062C
00000369
00000232
FFFFFCC2
FFFFFDED
FFFFF671
FFFFF9EC
000002D6
FFFFFA55
FFFFFD41
000000AF
FFFFFA04
FFFFFFA7
00000041
FFFFFD03
FFFFFEB8
0000052D
000006EB
00000496
000002A6
00000470
000002A2
FFFFFB63
FFFFFC2D
FFFFFF44
FFFFFE33
FFFFFFA6
FFFFFBA8
FFFFFB45
000001F9
00000444
FFFFF9DA
00000462
000000E5
0000056F
0000063F
FFFFFB8E
00000725
FFFFFBB3
FFFFFEDE
FFFFFFBD
FFFFFDC0
FFFFFF69
FFFFFD72
0000092B
FFFFFFC4
00000682
00000666
FFFFFCF5
FFFFF88A
0000020B
00000086
FFFFF463
000000D7
00000289
FFFFFD12
FFFFFF16
00000138
0000042C
FFFFFFC4
0000049F
00000839
FFFFFCAB
00000381
00000108
00000135
FFFFFD69
000001E7
FFFFFD5B
00000427
0000001C
FFFFFD42
FFFFF9F8
FFFFFA93
00000291
FFFFFB2C
0000077A
0000078E
FFFFF9ED
FFFFFF04
000007A0
00000050
FFFFFE1E
FFFFFD26
FFFFF897
00000408
FFFFFF92
FFFFF6CC
0000068C
000008F4
FFFFFA1F
00000248
00000690
000002D7
00000045
FFFFFC21
00000290
0000044D
00000165
000005BB
000006C4
00000708
00000072
0000030C
000008BA
000000AC
0000004D
000002CA
FFFFF824
000005DB
FFFFFF44
00000075
0000012E
FFFFFC7E
0000073F
000003A4
FFFFFC90
FFFFFD66
FFFFFC0D
0000031A
000001A3
FFFFFB04
000002F3
000005C1
FFFFFC4A
0000020D
00000855
FFFFFC17
000000A8
FFFFFB80
000002E8
FFFFFD1D
000001DD
00000569
FFFFFB65
FFFFFC98
FFFFFC05
0000011A
FFFFFCCA
FFFFFE9B
FFFFFEAB
00000255
0000032E
FFFFF964
0000074C
000005AA
FFFFFE19
000003DA
000002CC
00000358
0000035C
000002E0
0000085C
FFFFFBA5
00000244
000000D6
000003E5
0000067E
FFFFFD33
000003B7
00000555
FFFFFF8C
FFFFFD74
000002F3
00000073
FFFFFEE6
000003C1
000001A9
FFFFF99C
00000CFB
000000FC
FFFFF834
00000838
000005DF
FFFFFF9A
FFFFFC14
000003D9
00000627
FFFFFA26
000005BD
FFFFFB6C
00000388
FFFFFEE8
00000257
00000487
FFFFFD19
FFFFFBB5
000003C6
FFFFFFC5
FFFFFC2D
00000407
000002C6
000003DC
FFFFFBFA
FFFFF7B3
FFFFFFB6
FFFFFC3C
00000218
0000025E
FFFFFE28
00000251
FFFFFC38
FFFFFBF4
FFFFFAB2
FFFFFF94
000005C3
FFFFFF4B
FFFFFA40
0000024F
00000001
00000109
000002AB
000003A6
FFFFFEFE
FFFFFCF1
FFFFFDBC
FFFFFF80
FFFFFC7C
0000022D
000003C6
FFFFFD8D
FFFFFFB0
00000468
FFFFFE57
0000008F
00000681
FFFFFE98
000000BD
FFFFFB73
FFFFFDBD
FFFFFD15
00000390
0000018C
000001E5
0000046B
FFFFFC1E
0000030B
00000364
FFFFFAF0
FFFFFEAA
00000608
FFFFFB4F
FFFFFF2D
0000028C
FFFFFFD6
FFFFFCEB
000005B9
FFFFF63A
000003F2
00000688
FFFFF8BD
0000065D
FFFFFCAE
FFFFFC86
FFFFFEF3
00000166
00000113
FFFFFE7E
FFFFF9A0
FFFFF896
00000627
FFFFF995
00000167
FFFFFF45
00000315
FFFFFAFF
FFFFF8A8
000001E0
00000594
000003E3
FFFFF7EE
FFFFFF41
00000113
0000035A
FFFFF7A8
000000B8
FFFFFE8C
00000022
FFFFFE60
0000034E
0000021A
00000526
FFFFFC29
FFFFF830
FFFFF911
0000011F
FFFFFBC4
FFFFF8D6
000002A9
FFFFF8DB
FFFFFE1F
000005A5
FFFFFF13
00000BE1
000003C7
FFFFFE75
00000B68
0000041E
00000711
000003C8
FFFFF950
00000380
FFFFF608
FFFFF5AD
FFFFF8C7
00000281
FFFFFF55
FFFFF840
FFFFFDFD
00000652
FFFFFC47
FFFFFE12
00000781
000002BE
FFFFFD41
00000376
FFFFF806
FFFFF9E2
FFFFFEBD
FFFFFD55
00000308
0000045C
0000049D
000004F3
FFFFF9E9
FFFFFA7E
FFFFFB6C
00000277
00000279
FFFFFEB2
FFFFFCAC
00000077
FFFFFFA6
FFFFFB08
FFFFFD30
0000018A
00000720
FFFFFDDC
000004C0
000001C5
FFFFFF2C
00000259
00000480
FFFFFE5A
000000D5
00000210
FFFFF89C
0000008E
FFFFFDEF
FFFFF9E2
000003CD
00000506
FFFFFDFA
000004A5
00000271
000005DD
000003D9
00000162
FFFFF97E
FFFFFE93
00000113
FFFFFBAA
FFFFFFC7
0000005C
FFFFFC8E
FFFFFE04
FFFFFEA6
0000016D
FFFFFCF5
00000176
FFFFFDBA
00000318
FFFFFE3C
FFFFFE3F
0000059D
0000068E
0000008D
00000005
000007C2
000003D6
00000112
FFFFF938
000005FB
000006EB
FFFFFC8B
000008EF
00000169
FFFFFF5C
FFFFF9B9
FFFFFEF7
FFFFFF56
FFFFFE03
FFFFFD75
000005A1
00000172
FFFFF927
0000016C
000004FD
FFFFFCF2
FFFFFC0B
000009AC
FFFFFFCC
0000016D
FFFFFBD3
FFFFFDB4
000005EE
0000002D
FFFFFD2B
FFFFF8EE
00000138
FFFFFFF2
000003CE
FFFFFB10
FFFFFCC9
00000426
FFFFFEBD
00000361
FFFFFFAE
FFFFFAFC
FFFFF5F9
000002A3
FFFFFB22
FFFFFAA8
00000694
00000467
00000410
00000610
FFFFFB0B
0000027D
FFFFFBC6
FFFFFAFC
0000028E
FFFFF9AB
0000038D
FFFFFFD9
00000219
FFFFF454
0000030B
00000007
FFFFF9A8
000002F7
000006AB
000000F9
0000029D
FFFFFF70
00000A18
FFFFFDB5
FFFFFEE6
000004BF
FFFFFF94
00000046
00000AE0
0000055B
FFFFFD43
FFFFF8AB
FFFFFD14
00000021
FFFFFF56
FFFFF808
00000194
FFFFFBD2
000000A2
FFFFFDDA
FFFFFA81
FFFFFFEA
FFFFF440
00000558
00000263
FFFFF851
FFFFF349
FFFFFB64
FFFFF72C
00000B2A
FFFFF78F
FFFFF2C8
FFFFF948
000002E4
0000030E
FFFFFAB2
FFFFF836
00000266
FFFFFB20
0000001D
FFFFF9C0
000003D0
FFFFF70A
0000061A
FFFFFA9B
FFFFFEE2
0000081F
FFFFF586
FFFFFAD5
000004EA
FFFFF250
00000492
00000664
000000CB
0000073C
00000309
FFFFFE89
FFFFFDFD
FFFFFA6E
FFFFFFB4
FFFFFF5B
FFFFF9CD
0000027C
0000042E
FFFFF4A1
00000E6D
FFFFEF99
00000009
00000744
00000386
000002F0
FFFFFBB4
0000049D
0000037F
FFFFF87F
00000D32
00000235
FFFFF718
FFFFF981
FFFFFB4B
00000077
FFFFFB90
FFFFFC43
00000311
FFFFFD68
00000722
FFFFF90A
000008E9
FFFFF7AC
00000C0B
00000AB4
FFFFFCA4
00000ACD
00000717
0000011E
FFFFFCDB
00000618
0000079B
0000062B
00000014
FFFFF6C0
FFFFFD3D
000002B9
000002CE
00000132
FFFFFEAE
FFFFFBE6
000005F1
FFFFF9C3
FFFFFB7A
FFFFFB82
0000028C
FFFFFB74
000001BB
0000014E
FFFFFF81
00000045
FFFFFBD9
00000438
000003C7
FFFFFF71
FFFFFF08
000002F6
FFFFFC51
FFFFFF2F
000005EC
FFFFFDFA
FFFFF8D3
0000061E
000002A3
FFFFFEE5
FFFFFF55
000003AB
FFFFF32E
000005CF
FFFFFA62
00000162
FFFFFFB2
FFFFFE4F
FFFFFE57
0000053D
FFFFFEC2
00000463
00000715
FFFFFD51
FFFFF5F9
000004E5
FFFFFC65
FFFFFC4E
000007EC
0000001E
FFFFFBC9
000003D9
FFFFFA9B
000001CE
FFFFFE17
FFFFF902
FFFFFF01
000001DC
00000019
0000009C
FFFFFFD2
00000335
FFFFFB25
FFFFF47C
0000064E
FFFFFDC1
FFFFF1A1
FFFFF8D4
FFFFF4B3
FFFFFB11
FFFFF1E1
FFFFFECF
FFFFF22B
FFFFFEEF
0000026E
00000343
0000065F
000008C1
FFFFFC6B
0000059E
00000459
FFFFFB26
FFFFFF42
FFFFFD5B
0000022D
FFFFFD75
FFFFFEFE
FFFFFED6
FFFFF89C
FFFFFA8D
00000258
0000004C
FFFFFAC3
FFFFFECD
0000032B
FFFFFFAC
FFFFF8CC
FFFFFE29
FFFFFA43
FFFFFA50
FFFFFEDB
FFFFFF29
FFFFFD56
0000045D
FFFFF994
00000CED
FFFFF90E
00000724
000005A1
FFFFFB06
00000289
FFFFFCF2
000005A5
00000CB3
00000AAF
00000426
0000052B
000007F2
00000073
FFFFF8C4
FFFFFB3F
FFFFFF3C
FFFFF9C7
000003BD
000006D0
FFFFF73E
FFFFF718
00000238
FFFFF675
00000445
FFFFF9F0
FFFFF2CE
FFFFFF4F
00000326
FFFFFB8F
000004A4
FFFFFC2D
000003EB
FFFFFB03
FFFFF680
000002CA
0000041A
FFFFF784
00000127
0000010C
FFFFFD05
0000015D
00000356
FFFFFB5E
000001CD
00000672
FFFFFD59
FFFFFDBE
FFFFF430
00000471
00000872
FFFFF81D
FFFFFA5F
FFFFF9D7
0000016B
0000033C
FFFFFC5F
FFFFF555
00000105
FFFFF9A0
00000015
FFFFF527
FFFFFFC7
FFFFFF84
FFFFF9FC
00000071
000009EB
FFFFFABF
FFFFF569
00000187
FFFFF8E3
FFFFF924
00000484
00000059
00000312
000000AE
FFFFFA3D
FFFFFB4C
000001F4
0000071F
00000313
FFFFFD6E
000001B1
FFFFF69A
00000657
0000012B
FFFFFB35
000008EB
000003F6
00000512
00000158
00000143
FFFFFCF4
000002D3
0000036E
FFFFFBDE
00000615
FFFFFE3E
FFFFFA05
0000007C
00000008
00000130
FFFFF872
00000627
00000635
00000607
00000390
FFFFFB28
FFFFF841
FFFFFE5A
FFFFF955
FFFFFF91
00000579
FFFFF754
000006A7
FFFFF691
0000002B
00000193
000003C0
FFFFF903
FFFFFF6C
00000001
000003A4
FFFFF5C0
0000024B
FFFFF94F
FFFFF928
FFFFFFC8
0000033A
000001CC
FFFFFDC7
00000194
FFFFFC7D
FFFFFA17
000000C5
000003CE
00000287
FFFFFE5D
FFFFFCB3
FFFFFC06
FFFFFE59
FFFFFC2F
00000331
FFFFFF5B
FFFFFE01
FFFFFCC3
000002CD
00000432
000006E8
000004E1
FFFFF625
00000405
FFFFFC11
FFFFFF3F
FFFFFBFD
FFFFFB5E
000000A2
FFFFF714
00000AB2
00000D28
FFFFFCE4
FFFFFA32
0000006D
FFFFFDFA
0000063D
FFFFFA8A
0000036B
FFFFFB41
00000262
FFFFFF6A
00000635
0000030C
FFFFF9F6
FFFFFF21
FFFFFC4E
000003C7
FFFFFF98
FFFFF1F2
000007DF
00000537
00000B1D
0000009A
FFFFFA20
FFFFFEEB
000005E5
FFFFFE3E
FFFFF9F5
00000042
000004F7
00000833
FFFFFF4F
FFFFFE08
FFFFFF1B
0000008F
00000043
0000069B
FFFFFF17
FFFFF905
FFFFFCE3
00000C4F
0000046B
FFFFFBD2
00000356
0000058B
FFFFF474
000004BD
00000350
FFFFFBA6
FFFFFF7E
0000073C
00000528
FFFFFA3D
0000078E
FFFFF1BC
000001FF
FFFFFCAE
0000039C
000005B5
00000475
FFFFFEAB
0000099B
00000DA1
FFFFFDEE
FFFFFFCA
00000694
0000057C
FFFFFC08
FFFFF7D5
FFFFF8F0
FFFFF8A3
FFFFF5EC
FFFFFB86
000001C9
0000085F
FFFFFB8E
00000601
000006BA
000008F4
FFFFFF5B
FFFFFB1E
FFFFFFFB
00000245
FFFFFB3A
000006F1
00000132
FFFFF7F1
FFFFFC3B
FFFFFD41
000004FF
00000916
000005E1
FFFFFB39
00000562
00000221
FFFFFE50
000008FC
0000066C
FFFFEE53
00000FFF
FFFFF65D
000002C1
FFFFF71E
FFFFFFB1
FFFFF9F2
FFFFFC7D
FFFFF7E6
0000041F
FFFFFF33
0000022D
FFFFFFBF
FFFFFB11
00000591
FFFFFE1B
FFFFFBDD
00000588
FFFFFE23
FFFFF864
FFFFFAB3
0000003C
00000782
FFFFFCA1
FFFFFE5A
FFFFFF77
00000E0E
00000329
FFFFFE3D
0000104D
FFFFFD9F
00000048
FFFFFE37
00000674
FFFFFF59
FFFFF940
00000045
000007B0
FFFFFFB5
FFFFFF83
FFFFFFE4
000007ED
00000C9A
000001BA
000009FD
FFFFFDDE
FFFFF635
FFFFFD4C
FFFFFE94
00000588
00000AB4
00000161
FFFFFF36
FFFFFDDD
0000048C
FFFFF605
00000760
000007BE
FFFFFFB8
000006D2
FFFFF68F
FFFFF98D
00000324
000003E1
FFFFF8ED
000009DF
FFFFF7F5
FFFFFAAC
FFFFFD18
000002C9
00000F13
FFFFFE45
FFFFF9EE
FFFFF963
00000A7A
00000799
000009AA
FFFFFB45
FFFFFE9E
FFFFF7C1
00000232
FFFFF77A
FFFFFC79
00000083
00000362
FFFFF7C6
FFFFFD72
00000332
FFFFFD30
0000026E
000007BF
FFFFFF6B
FFFFF9FA
000007C5
FFFFFFFD
FFFFF866
FFFFFF36
FFFFFB68
000000DC
00000344
00000038
00000085
00000551
00000713
FFFFFD21
FFFFF8F8
000005B7
0000031B
0000045B
0000097C
FFFFFFE5
FFFFFC0E
000005C2
0000013B
FFFFFD7F
FFFFFC15
00000105
000007C3
FFFFFF41
FFFFFD21
00000084
00000444
FFFFFF17
FFFFFFDE
FFFFFB81
00000629
FFFFFCB1
00000268
0000029C
FFFFFEF0
0000026C
0000031B
000004D1
0000058E
FFFFFA14
FFFFFCE3
0000038F
000001D3
FFFFFE5A
FFFFFD4F
FFFFFCE2
000005C0
FFFFFBE6
FFFFFA5F
00000201
0000002B
FFFFFA07
00000383
FFFFF675
FFFFFA13
000003F4
00000053
FFFFFE2D
00000760
FFFFF652
00000109
000001EE
FFFFFDCE
FFFFFF15
FFFFFCC7
FFFFFECA
0000069F
FFFFF92C
FFFFFCB7
000002F7
00000539
00000924
0000035A
0000051C
FFFFF76D
FFFFFB27
FFFFFD14
FFFFF3B5
FFFFFA8A
FFFFFCEC
FFFFFCE3
0000036F
000003CA
00000378
FFFFFA4A
FFFFFE9E
FFFFFDD5
00000460
FFFFFA6B
FFFFF83F
00000735
FFFFFBD2
0000038A
000005A4
000000F2
00000097
FFFFFB55
FFFFFB0F
FFFFF8BC
FFFFF9EC
FFFFFE08
000001B8
FFFFFDC2
FFFFFC33
FFFFFF9D
FFFFFF3D
00000576
00000895
0000023A
00000009
FFFFFA67
00000038
FFFFFEC7
FFFFFDA1
0000053F
000002A6
000002A3
0000031E
00000228
000006C2
FFFFF9E6
000004B5
0000049C
FFFFFBD5
000009B4
00000361
FFFFFA41
FFFFFD0A
000000DA
FFFFFE37
FFFFFCF9
FFFFFC81
FFFFFED5
000000A7
FFFFFE61
000003CA
FFFFFFD1
FFFFF9AF
FFFFFDE6
FFFFFD9C
00000151
00000937
00000718
FFFFF8F4
0000021C
FFFFFFE7
0000030A
FFFFFD73
FFFFF7C6
0000062D
0000013B
FFFFFD6C
00000280
00000108
FFFFFD89
0000035A
0000077F
00000386
FFFFFE4B
FFFFFA66
000003F5
00000556
000004F9
000008F2
FFFFFC9B
0000031D
00000202
FFFFFCAE
FFFFFEB0
FFFFFFBA
00000366
000006A5
FFFFFD85
FFFFF5EF
000002FD
FFFFFD9D
FFFFFEA9
FFFFF7D8
000001C0
FFFFFE94
0000003C
FFFFFECB
FFFFF889
0000035D
FFFFFA07
FFFFFE54
000008CB
00000740
FFFFF647
FFFFF6ED
FFFFFE26
00000584
00000438
FFFFFC0F
000003AE
FFFFFEFB
000003B1
00000480
00000181
FFFFFD1D
FFFFF84F
FFFFFCB6
FFFFFC01
FFFFF53A
000000AD
00000432
FFFFFD5D
00000459
FFFFFBBD
FFFFFFC9
FFFFF78B
00000781
FFFFFD9C
FFFFF7F3
FFFFFD10
FFFFF8BC
000003B3
000001E4
00000166
FFFFF95B
FFFFFF7A
FFFFFEF9
000004D2
FFFFFBF8
000002F3
FFFFFD48
FFFFFAF8
FFFFFB37
000006F6
FFFFFDE5
FFFFFC89
000000FD
000001AF
0000095F
FFFFF9DA
FFFFFD08
FFFFFFA1
FFFFFDF0
FFFFF65B
FFFFFDD8
FFFFFFB9
FFFFFFC9
00000CC6
0000019C
00000547
FFFFFFE3
FFFFFDE7
FFFFFBED
00000339
FFFFFAD3
00000528
FFFFFFA5
FFFFFAB7
FFFFFBB8
FFFFFB2A
00000611
00000409
FFFFF959
FFFFFEBE
FFFFFBF3
0000070C
FFFFFB2B
000001AC
FFFFFF92
FFFFFF16
FFFFFE91
FFFFFD7C
00000233
FFFFFF34
00000072
FFFFFB08
FFFFFC86
00000493
FFFFFBD3
0000018F
00000151
00000268
0000044C
FFFFFD32
FFFFFC25
FFFFFEAB
FFFFFE78
FFFFFD6A
FFFFFBED
FFFFFF4F
FFFFFD79
00000000
FFFFF7E1
FFFFF86F
FFFFFB35
00000091
000002E4
FFFFFFB4
FFFFFF66
FFFFFA76
0000001E
FFFFFD10
FFFFFBF3
000003CC
000003FE
00000322
FFFFFCED
00000580
FFFFFF62
0000058B
000004E8
000002B9
00000599
0000040B
FFFFFED7
FFFFFD70
FFFFFF5A
000005D6
FFFFFEFE
0000022C
FFFFFB91
FFFFF813
FFFFFEF4
0000005D
FFFFFDDC
000008DE
0000010E
00000401
FFFFFFBB
FFFFF50D
000001EB
FFFFFA53
FFFFFF41
00000640
0000042E
00000900
00000511
FFFFF9F3
0000044A
000004F5
FFFFFF0B
00000219
0000017E
FFFFFF0E
00000086
00000140
00000401
000001BF
0000028D
FFFFFB9F
FFFFFA6D
000001CF
FFFFFBAD
000003B2
FFFFFDB5
FFFFFC9E
00000477
FFFFFF60
00000392
000002B2
00000436
000002AE
00000416
FFFFFE2B
FFFFFF69
FFFFF918
FFFFF660
0000010B
FFFFFECB
FFFFFBB5
FFFFFB62
00000383
0000019E
00000453
FFFFFC3C
0000011C
00000370
FFFFFAAD
0000016A
FFFFFA69
FFFFFCA8
0000029E
00000482
00000335
FFFFF9E6
000002AF
FFFFF956
000001E9
00000674
FFFFFE20
FFFFF9DD
FFFFFCD4
FFFFFE51
00000195
FFFFF7F2
FFFFFA21
FFFFFF6A
FFFFF55B
FFFFF968
FFFFFFD2
00000230
FFFFFD3C
FFFFFAFE
00000075
FFFFFE48
FFFFF95A
000003F9
FFFFFAEF
FFFFFEC7
0000046C
FFFFFD7D
FFFFFD4D
FFFFFCC6
FFFFFF97
FFFFFD25
00000000
000002BD
0000001E
FFFFFC60
0000018E
FFFFFB25
00000814
FFFFFDEF
FFFFFDCB
00000463
FFFFFE9D
FFFFFCAC
FFFFFC54
00000493
FFFFFA51
0000034F
FFFFFEAA
00000229
FFFFFF0E
0000017B
FFFFFB5C
00000693
000005A9
0000035D
FFFFFDBD
000003EA
000006DB
00000241
FFFFF8D4
00000219
0000055B
FFFFFF1E
0000019A
FFFFFE9B
00000404
FFFFF9BF
FFFFFEC0
FFFFFA9C
0000043B
FFFFFF4C
FFFFF98A
00000312
FFFFFC78
0000052A
000004AD
00000651
000001D2
FFFFFF99
00000268
00000459
000003D2
FFFFF65E
000002DC
000005AB
FFFFF39D
FFFFFA1D
FFFFFDC1
00000106
FFFFFE69
000001C2
FFFFFFB3
00000183
000002D6
0000058D
FFFFFDCE
FFFFF747
000001D1
FFFFF2F8
000008E1
000000F8
00000056
00000124
0000002D
FFFFF5AE
000005D0
FFFFFAA4
00000497
00000430
FFFFFBF6
000001F7
0000057B
FFFFFAF6
FFFFFE61
000003C1
FFFFF95B
FFFFFD39
FFFFFC41
FFFFFD69
00000180
000003A2
FFFFFBD4
000000A0
0000008F
0000015F
000003E8
00000287
FFFFFD1F
FFFFF8DC
FFFFFC1D
00000897
00000401
FFFFFAEA
000002EC
FFFFFEAB
FFFFFE69
FFFFFFDF
FFFFFF4F
FFFFFD87
FFFFF438
FFFFFD0D
FFFFFC38
0000001A
000004E8
FFFFFBDB
000005A3
0000064B
000007B1
FFFFFC50
0000044B
000008A1
FFFFFF00
FFFFFA71
000003D9
00000509
00000161
FFFFFE24
0000022C
FFFFFBBC
FFFFFFD5
FFFFFF6C
00000263
0000013E
FFFFFD4A
FFFFFA94
000001B6
FFFFFBCF
FFFFFEE8
00000973
FFFFFB7B
FFFFFE13
00000135
FFFFFDC7
FFFFFE37
FFFFFA82
00000153
FFFFF951
FFFFFC7D
00000476
00000244
000000DA
000001DF
FFFFFE1A
FFFFFD16
000009E2
FFFFFD83
00000466
0000071B
00000339
0000006F
FFFFFC42
000005CE
FFFFFCF2
FFFFFACC
FFFFFAC7
00000108
FFFFFF52
00000058
00000268
0000036A
FFFFFE39
FFFFFE32
0000022B
FFFFFDCC
00000274
000000F6
FFFFFF81
0000023A
FFFFFCD9
FFFFFED1
00000111
0000049D
FFFFFBAE
0000003F
FFFFF731
FFFFFDA8
FFFFFBC8
000001CB
FFFFFA35
FFFFFE24
000002C5
000003FB
FFFFFEEA
FFFFFF40
000000EB
FFFFFB7A
FFFFF89A
FFFFFD95
000005A8
00000363
FFFFFC1C
FFFFFB8A
000004F7
000004D9
FFFFF904
FFFFFE6F
FFFFFD21
FFFFFBBD
FFFFFE8D
FFFFFA69
FFFFFB3D
FFFFFDA6
FFFFFA13
FFFFFC06
FFFFFC67
0000011D
FFFFFD10
FFFFFF93
0000012E
FFFFFC46
0000035A
FFFFFFF1
FFFFFEBF
FFFFFDEA
0000015E
000000F2
FFFFFAC2
FFFFFB44
000002F1
FFFFFCB7
FFFFFE08
00000024
FFFFFC54
00000114
FFFFFA4D
FFFFFA41
FFFFF49C
FFFFFC06
000001C0
FFFFFFA3
FFFFFB10
00000222
000003B5
00000364
000003C2
0000046C
000002BD
FFFFFEA4
FFFFFD25
00000801
FFFFFEAB
FFFFFA16
FFFFFB4C
0000033B
00000020
000006D3
0000032A
00000460
FFFFFE88
00000394
FFFFFE28
FFFFFC9B
FFFFF97D
00000065
FFFFFF86
FFFFFD3C
FFFFFAB5
FFFFFDA7
FFFFF92A
FFFFFAE9
FFFFFB68
000002CE
0000005D
FFFFFBC7
FFFFFA61
FFFFFFD5
FFFFFF2C
00000042
FFFFFEF9
FFFFFB9D
FFFFFD29
000005AF
FFFFFFF3
FFFFFB31
0000016D
0000051E
0000010D
00000478
FFFFFA84
FFFFFD72
FFFFFAEF
00000019
FFFFFFDA
0000024B
00000003
FFFFFE94
00000239
0000012D
0000036B
000001C7
00000674
FFFFFEF2
0000017E
000001EF
FFFFFB2F
00000387
00000025
FFFFFC8B
FFFFF97F
FFFFFBD9
000001AC
0000026B
000000C9
00000114
FFFFFA03
00000435
FFFFFFDF
FFFFFC58
FFFFFCFA
000004F4
000000FF
00000581
000001C8
00000075
FFFFFC31
FFFFFFE2
FFFFFFFF
000005B1
FFFFFDBF
00000070
0000010A
0000011F
FFFFFBA7
FFFFFEC4
000000D1
FFFFFCFC
00000187
FFFFF7C2
FFFFFB72
0000002B
FFFFFB59
00000035
00000262
000004E6
000003B9
FFFFFE37
FFFFFE40
FFFFFFFB
FFFFFB7C
00000212
FFFFFFBE
FFFFFFFF
FFFFFB53
000000BD
00000147
000006EA
00000195
FFFFFDFB
FFFFFB82
FFFFFEB9
00000237
00000365
00000489
000000E3
000001E7
000007A1
000001D5
000000BE
FFFFFEB6
FFFFFEE6
FFFFFE5E
000003EE
000003D0
000002E0
FFFFFC00
000001C8
00000400
FFFFF845
000000FB
FFFFFC9A
00000337
FFFFFA92
000002B2
00000174
FFFFFC6A
00000010
FFFFFE38
000000AD
000002B2
FFFFFF9C
000002FE
0000060F
00000691
FFFFFC7B
000000A3
FFFFFF53
FFFFFC48
000006EB
FFFFFA22
FFFFFD70
00000133
0000038B
FFFFFAC6
FFFFFC16
FFFFFECF
00000316
FFFFFD53
FFFFF98D
FFFFFA60
000002E9
FFFFFC3F
00000210
000003B0
0000027B
00000467
FFFFFBEF
000001A6
000002D5
FFFFFCEE
000004E4
0000069C
00000201
00000383
00000076
0000010A
FFFFFEF3
00000291
000000BD
00000034
FFFFF8A9
FFFFF99C
000003A9
FFFFFD51
00000299
FFFFF8F1
FFFFFF56
FFFFFE4D
FFFFFEA2
FFFFFA7D
FFFFFE1A
FFFFFACE
FFFFF8AF
000000EB
FFFFF8CC
FFFFFBEE
00000221
FFFFF978
FFFFFBC9
0000057A
000001AC
000002F5
FFFFFC6E
00000006
000005C6
00000328
000003D1
000001F9
000006D8
FFFFFF30
00000508
000005F9
000001F9
FFFFFEB7
FFFFFFF8
000007C3
000000A8
FFFFFCDE
FFFFFD2E
00000316
00000344
FFFFFEB7
FFFFFBAB
00000178
FFFFFE87
000002BF
00000216
000005F1
FFFFFCAB
FFFFFBDF
FFFFFD59
000001CE
0000006B
FFFFFB35
FFFFFF61
FFFFFB5F
FFFFFBFD
0000071F
FFFFFFE3
FFFFFC6A
00000003
0000010E
000003A5
FFFFFDE7
FFFFFCE5
FFFFFB7A
000005CA
FFFFF924
000005B9
FFFFFA76
FFFFF8F9
00000163
0000042F
0000029F
000002E1
00000457
0000008E
FFFFFD80
FFFFFDA7
000005F3
000004BF
00000162
00000327
00000106
FFFFFF67
000005A9
00000397
FFFFFE8C
FFFFFD4F
000000AC
FFFFFF06
FFFFFE88
FFFFFC6D
000000DD
0000044D
FFFFFEB8
000001BA
0000046C
FFFFFCC8
FFFFFA50
FFFFFC80
FFFFFA1D
FFFFFADD
00000483
FFFFFEA5
000001F0
FFFFFBED
FFFFFA28
FFFFFCA8
FFFFFED1
00000426
00000064
FFFFFCAA
FFFFFAA8
0000022F
FFFFFAF9
FFFFFFF5
FFFFFEDE
0000079F
FFFFFBB3
FFFFFB52
FFFFFFE9
000005C3
FFFFFDCA
FFFFFF9B
00000486
FFFFFABD
FFFFFEAA
FFFFF82D
000000EE
000002A6
FFFFF7D3
000003EE
FFFFFF8D
0000006B
000008A0
000007CE
FFFFFD4A
FFFFFEEB
0000079C
000005A3
000004AA
000002DD
000003FD
00000157
0000056C
000002C6
00000656
FFFFFC23
000006FA
00000541
0000069C
FFFFFE76
000001EF
FFFFFE89
0000013B
0000051E
FFFFFA9E
000000FF
00000681
00000054
FFFFFD93
FFFFFE26
FFFFF932
FFFFFEA5
FFFFFE91
000002A8
FFFFFF95
FFFFFBE4
0000008A
FFFFFB03
00000654
FFFFFFFD
FFFFFA35
0000000B
00000C02
000002DA
FFFFFEDA
FFFFFDF9
0000010D
000001DF
FFFFF9B5
FFFFFC9D
000005C3
0000018B
FFFFFD5A
00000768
FFFFFD37
00000584
FFFFFC31
FFFFFEA2
00000330
00000497
000005AB
FFFFFE1D
000000E0
FFFFFBEF
0000060E
FFFFFCBA
FFFFF77F
000000DA
FFFFF7D7
FFFFFFF5
FFFFFB86
FFFFFF98
00000071
FFFFFB37
0000042E
000004A2
00000101
00000294
000001DF
FFFFFB12
0000045B
00000645
FFFFFFCA
FFFFFE63
000001BF
FFFFFD83
00000363
FFFFFA77
00000686
000005C4
0000034A
00000034
FFFFFFAB
000004A1
00000732
00000A1B
000000A5
FFFFFCE2
0000055F
00000341
FFFFFC89
FFFFFC07
000001B4
00000730
0000028D
000006B8
000003EF
00000221
FFFFFFCE
0000028D
FFFFFB91
FFFFFD53
0000017A
FFFFF831
FFFFFCC2
00000086
FFFFFC99
FFFFFD51
00000459
00000000
000005BC
000000F0
00000AA7
FFFFFB32
00000227
00000506
000003F3
FFFFFB48
00000A92
FFFFFF17
00000469
FFFFFEE9
FFFFFF36
000003F3
00000138
FFFFFB56
00000494
00000687
FFFFFD56
FFFFFAC8
FFFFFBF2
00000701
FFFFFF8A
FFFFFFAB
FFFFF8E2
0000070A
000002CB
000001A9
FFFFFC43
FFFFFBCB
FFFFFE3B
FFFFFECF
00000454
00000761
FFFFFCE5
000003CC
FFFFFA62
FFFFFE1B
FFFFFCCC
0000032C
FFFFF9ED
00000010
FFFFFB08
0000086F
00000049
00000415
000003C4
0000034A
00000486
00000193
000000C7
00000580
000002F8
000003CB
FFFFFF4B
000001D8
00000858
000006D6
FFFFFA3E
000006C4
FFFFFB8B
FFFFFBB7
FFFFFD53
0000033E
0000012D
000007C8
000002EF
000000D6
FFFFFC96
00000BDF
FFFFFBDF
000004DC
00000056
FFFFFC98
FFFFFCD2
FFFFFFDF
FFFFFB27
FFFFFF63
00000671
FFFFFFED
FFFFF608
000002AF
FFFFFAF7
FFFFF617
00000374
FFFFFD5E
00000000
00000169
000008ED
000001A6
000000FC
00000638
000003A8
FFFFFF20
FFFFF898
FFFFFB28
0000008D
FFFFFDDB
00000430
FFFFFF66
00000650
000006A0
FFFFFE75
FFFFF851
00000628
FFFFFC9A
00000DBD
000002E3
000009BF
000001D8
FFFFFDFA
FFFFF6B6
FFFFFF2D
0000097B
00000853
000001E4
FFFFFE6F
FFFFF90A
0000005D
000007BA
00000D5D
FFFFFDAF
FFFFFBFF
0000037A
FFFFF83B
00000338
00000069
000007F2
000003B3
FFFFFF6C
FFFFFF45
FFFFFC73
FFFFFD32
00000ADB
000000E2
000004A8
000005DC
00000D5D
0000008E
0000060C
00000615
FFFFF8E4
FFFFFD09
FFFFF8AD
00000F7C
00000A04
00000041
0000068E
000009CC
000006B8
FFFFFD9D
FFFFFBD6
000000CE
FFFFFF2D
FFFFF82F
FFFFFC60
000000D0
FFFFEDF6
FFFFF4B9
00000A7A
FFFFF6BF
FFFFF8A3
FFFFFD5B
FFFFFBAC
00000013
00000645
FFFFFAA1
000003B1
FFFFF862
000006AD
FFFFF7F2
FFFFF3AB
00000612
000003AE
00000768
0000059E
FFFFF65A
000004B6
FFFFECA3
00000991
00000B0B
FFFFFD93
FFFFFCFD
FFFFFBFB
FFFFFE0D
00000423
00000C2D
00000253
FFFFFBD1
00000B3B
FFFFF979
000003BF
FFFFFBC1
FFFFFD5A
FFFFFAD3
FFFFFCC1
000001A1
0000013B
FFFFFF79
FFFFF927
FFFFFCE2
FFFFF499
FFFFFA47
00000577
0000059D
FFFFF8C6
000000CC
FFFFFB1C
FFFFFA93
FFFFF57D
FFFFF5CC
00000083
FFFFFA01
00000302
FFFFFCB0
FFFFFFC3
0000068E
FFFFFAB6
0000072B
00000AE0
0000029F
000000D3
FFFFEE20
FFFFF051
0000001D
FFFFFD89
000003CF
FFFFF8F4
FFFFF6D2
FFFFFA75
FFFFFCCF
0000001F
FFFFFD27
00000529
000008B3
000003EF
FFFFFDF6
000001B4
000006D3
000002A4
FFFFFE15
000000FF
0000113E
FFFFFBB7
00000868
0000075F
FFFFF4A4
FFFFF9EB
00000336
0000003A
00000C8C
000001C9
000001D7
00000379
0000112C
00001202
00000D89
FFFFFF9A
00000215
00000160
FFFFFA92
FFFFFB31
00000281
000003EA
FFFFFF06
FFFFFF8E
000000C4
FFFFFC5F
FFFFFA88
000001C4
00000206
00000341
FFFFFF16
000002B6
FFFFFC54
FFFFFE5F
FFFFFF86
FFFFFE81
FFFFFE8E
FFFFF4D9
FFFFFB29
00000A26
00000201
0000060A
000008AA
00000205
0000058E
FFFFF8DF
FFFFFBE2
0000067C
FFFFF864
000003E0
0000033A
FFFFF343
FFFFFCE8
FFFFFCA8
000002FB
00000B3D
FFFFFBFA
00000090
FFFFFA82
00000390
FFFFFEE3
00000843
00000658
FFFFFF76
FFFFFE49
FFFFFE92
FFFFFDB2
00000AE9
00000A46
0000048D
0000050F
0000020F
0000008E
00000838
FFFFFAD3
00000202
000000D7
00000436
FFFFFD41
00000082
FFFFF678
000003C4
FFFFFF4C
0000078F
000000CF
FFFFFD40
FFFFF8FA
0000085C
FFFFFB5E
FFFFFDB9
FFFFFB1E
FFFFF4ED
FFFFF617
FFFFF8D7
FFFFFCEC
FFFFFBDE
FFFFF211
000008B7
00000217
FFFFFF42
FFFFF443
00000417
0000021E
00000C2A
000003D5
00000AF8
FFFFFBEE
FFFFFFB1
00000034
00000505
FFFFF78A
FFFFFC7F
000005C2
FFFFFC5A
0000044F
000002D9
000005AC
00000328
000002F0
FFFFFEB4
FFFFFD4A
000004F2
FFFFFFEA
000004A8
FFFFFB61
FFFFFD9A
FFFFFA50
FFFFFF26
000003D7
FFFFF8B0
00000598
FFFFFD1D
FFFFFD9B
FFFFFFE2
0000013E
00000431
000011D8
FFFFF6BA
00000274
00000B9E
0000017F
FFFFFD5F
FFFFFE26
0000027E
00000526
FFFFFFA6
FFFFFDDF
00000385
00000BEB
FFFFF4D0
FFFFFB85
0000018A
000002D4
00000254
000002F8
FFFFF5A4
0000067B
000007FD
FFFFFB8D
000001B5
FFFFF675
000003A1
0000098E
FFFFFB64
FFFFF8B1
00000BFF
0000052B
FFFFF953
0000066D
00000587
000005B8
FFFFFAE2
000004D8
000005B8
000001BE
000005FE
000002E3
FFFFFADB
FFFFFE3E
000001C2
000005DF
00000B85
FFFFF964
FFFFFDDB
FFFFFC0D
000009AE
FFFFFA51
FFFFF935
FFFFFC61
FFFFFFDE
FFFFF2F8
FFFFF913
FFFFF342
FFFFF624
0000002C
FFFFFED5
FFFFFF74
00000468
FFFFFFB6
00000A8C
0000061D
00000025
000000A2
00000549
000006FE
FFFFF9E5
0000011E
FFFFFA83
FFFFF82B
FFFFF72D
FFFFF8AB
000005E0
FFFFFC7B
000003A1
0000013F
FFFFF683
FFFFF994
FFFFF715
000000D5
00000547
FFFFF6F0
FFFFF400
FFFFFBE2
FFFFF6C8
FFFFFF5E
00000148
00000232
00000348
FFFFF4C5
FFFFFA91
FFFFF626
00000498
00000147
FFFFF72D
00000284
FFFFFE9E
FFFFFE7D
FFFFFB8A
FFFFF81F
000001C3
00000120
FFFFEDD2
FFFFEE68
000000EE
FFFFFCD8
00000993
00000938
000005BD
00000A65
00000286
00000A58
FFFFFBE3
FFFFF5BC
FFFFF73F
FFFFFACE
000007A0
FFFFF60B
00000310
FFFFF56B
FFFFF9AE
FFFFF806
FFFFFF2F
FFFFFDB3
00000434
FFFFFA08
FFFFFEFD
00000473
FFFFF7A4
FFFFF6C3
FFFFF56F
00000127
00000368
FFFFF9C1
0000046F
FFFFF4E3
FFFFF900
000001ED
FFFFF55A
0000037D
00000447
FFFFF6AC
FFFFFC10
000002B3
0000073B
00000684
FFFFFF8B
FFFFF6B2
FFFFF6BC
FFFFFE97
00000213
0000087A
FFFFFDDD
FFFFFC61
000008F9
000007BB
FFFFF638
FFFFF9DA
FFFFF305
FFFFFB70
000003B3
FFFFF6DC
FFFFFE29
FFFFED55
FFFFFCB1
FFFFFA78
000000DF
FFFFFB94
FFFFFC56
0000072A
FFFFFB35
000000E3
000000F1
000004ED
FFFFFAA6
0000078D
FFFFFE3D
000008AC
0000020E
FFFFF6F0
FFFFFA00
FFFFF4A1
FFFFF749
000003DC
FFFFFBE4
00000276
FFFFFE41
00000B48
0000002E
00000477
00000146
00000058
00000692
000000B6
FFFFF3E6
00000409
FFFFFD57
FFFFFA4C
FFFFFF51
FFFFFEF4
FFFFF5E9
FFFFF80D
FFFFF6A7
00000701
000004D0
00000069
00000286
FFFFF9B9
0000010A
00000168
0000013F
000002BA
0000004B
0000105F
000009FF
00000A86
00000A21
000007FA
00001117
000000C7
000000D9
FFFFFEF0
FFFFFB9A
FFFFF706
000009D5
000006FE
00000681
FFFFFC60
FFFFFBA8
FFFFF8B7
FFFFF1B7
FFFFF90C
000000C4
000003D1
FFFFF53F
000001CF
0000092E
FFFFF9B9
FFFFFED7
FFFFFD04
FFFFFD40
00000707
FFFFF80A
00000119
00000284
FFFFFA76
0000009C
FFFFF951
FFFFFC6D
0000065C
000001D2
00000050
000001F4
FFFFF699
FFFFF8C6
FFFFFD55
FFFFFDB6
FFFFF9D4
0000003A
FFFFFEBC
0000071C
FFFFF451
000004FF
00000352
FFFFFCAF
0000030D
FFFFFBC2
00000102
FFFFFE8F
00000089
FFFFF8A0
FFFFFB80
FFFFF9A9
0000031A
FFFFFCC9
FFFFFB88
FFFFFA4F
00000869
00000172
000004FE
FFFFFFF9
00000A9A
000001F9
FFFFFB2F
000001A0
FFFFF911
00000071
00000271
00000562
FFFFFCB5
FFFFF59F
00000208
FFFFFA35
000006F3
FFFFF898
00000248
0000015E
00000188
000006A9
00000470
FFFFFC20
FFFFFFE8
00000976
000003E6
FFFFFCDD
FFFFFD78
00000C52
FFFFF411
0000022D
FFFFFEAE
00000AD5
FFFFF4CF
FFFFF613
FFFFF8C2
FFFFF67C
00000918
FFFFF761
FFFFF8E1
FFFFFDF0
00000156
0000005A
FFFFFE5F
000004A7
00000462
FFFFF671
000004D1
0000081F
000005DF
0000098C
000000F4
00000686
000001A1
0000043D
00000164
FFFFF646
000001F8
0000063B
00000784
FFFFF7C9
000001F6
FFFFFB0D
0000080A
00000A47
FFFFF97D
FFFFFE97
FFFFF970
FFFFFCFA
FFFFFDA3
000000E0
FFFFFD85
0000009E
FFFFF337
0000015F
000003FB
0000033E
00000307
0000018D
FFFFF6AE
FFFFFD27
00000B74
FFFFF8E6
00000135
000002F5
00000917
00000893
00000304
00000254
000001B4
00000347
000007C7
0000013D
FFFFF76A
0000078B
00000561
FFFFFE60
FFFFF5FF
000002DC
FFFFFA3D
00000442
00000636
000002CC
00000251
FFFFF577
00000939
000007F5
FFFFFB84
FFFFFE69
00000803
FFFFF78C
FFFFF771
FFFFFA82
00000503
FFFFFB3E
00000C5E
FFFFFABA
FFFFFBA9
00000066
FFFFF476
FFFFFCA7
0000068A
FFFFF9BD
FFFFFA77
FFFFF23C
FFFFFBE5
00000CBB
0000030C
00000465
000009A8
000005A3
00000190
000001A4
FFFFFECF
FFFFFB3B
00000705
000000F9
FFFFFF6D
FFFFF558
0000098E
00000381
FFFFF871
000000C2
FFFFF854
FFFFF787
000009D6
00000877
FFFFF7A0
000000E2
FFFFF703
FFFFFE05
FFFFF882
FFFFFB04
00000628
00000045
FFFFF437
FFFFF3AF
FFFFF9DD
FFFFFFE2
FFFFFCB1
00000A8C
0000079D
000005C2
FFFFFACD
000003CE
00000EB7
000007D6
FFFFFB8E
000003A5
FFFFF879
0000088A
00000635
000001D4
00000537
FFFFFB17
FFFFF73F
FFFFFD1B
0000006F
000005F4
FFFFFE32
000002FE
00000569
FFFFFA26
FFFFF700
FFFFFF75
FFFFF79A
FFFFFA99
000004BC
00000084
0000034B
00000436
FFFFFA95
00000977
000001EB
00000650
FFFFFE25
000003AC
FFFFFF88
000003DC
FFFFF57F
00000739
0000061C
000006E4
000001F4
FFFFF96E
000002F8
000002F1
000004D4
FFFFFE51
FFFFFB86
0000027E
0000027F
00000338
00000126
FFFFFD21
FFFFFEFD
FFFFFC2B
FFFFFC2B
FFFFFF9A
000003DD
0000062E
FFFFFEEC
FFFFF69E
FFFFFE63
0000056F
FFFFFC33
0000031D
00000749
FFFFFFD2
FFFFF735
FFFFFA6C
000005A9
00000508
FFFFFD57
00000153
FFFFFE13
000005BA
FFFFFC1E
FFFFFDCA
00000035
0000039A
FFFFF988
FFFFFEB2
FFFFFBCD
FFFFF48F
00000172
FFFFFD86
0000052C
FFFFFD9F
FFFFF8C5
FFFFFDAE
0000051F
00000632
FFFFF6E0
FFFFFC0F
000000FB
00000402
FFFFFDBB
FFFFFABD
FFFFF6E2
0000050D
0000084E
00000407
FFFFF9AC
0000028B
FFFFF785
000004B7
000004B9
FFFFFFB3
FFFFFE7B
000002BB
000009FD
0000038B
000005CC
0000023A
00000076
000003FB
FFFFFB9D
00000798
FFFFFA3F
FFFFFECB
FFFFFDF1
000004E7
00000089
000003B4
000003EE
0000014D
FFFFFFE4
FFFFF7E1
0000022D
FFFFFA92
FFFFFF57
000005FA
FFFFFBA2
00000028
000002C4
000004AD
000004C4
FFFFF7E3
FFFFFF52
0000015B
FFFFFC45
FFFFF947
FFFFFF76
00000444
FFFFFAA5
FFFFF428
00000318
FFFFF940
00000192
000004AC
00000692
FFFFFA26
FFFFFD67
000004AD
0000050C
0000031D
FFFFFFAE
000003FE
FFFFFAB3
FFFFFAE6
FFFFFDA4
000003C6
FFFFFC8C
00000458
FFFFF97A
FFFFFE7D
000007E3
00000696
00000AA7
000003CE
00000169
00000341
FFFFFC17
FFFFFC6F
FFFFFA60
000001B3
FFFFF886
FFFFFF61
00000116
FFFFFC37
FFFFF5C6
0000026C
FFFFF8BE
FFFFF4B5
FFFFF7FD
FFFFFB34
FFFFFAA4
FFFFFBA5
00000311
00000566
00000228
0000015A
FFFFF9EC
0000018B
00000379
FFFFFDF0
00000766
FFFFF665
00000422
000005A0
000003FE
FFFFFD2B
FFFFF745
FFFFF2A1
FFFFFB74
00000149
000005C4
000004B8
0000055C
000000BB
FFFFF68B
FFFFF8AB
FFFFFD94
0000058C
FFFFF8A6
FFFFF9FF
00000510
000006BA
FFFFFD18
000006F6
FFFFF86B
000001AF
FFFFF64D
FFFFFA61
FFFFFFEA
0000015B
FFFFFE06
FFFFFD9D
00000680
000003AD
FFFFFA66
000004A4
FFFFFBF5
FFFFFF9E
0000077C
FFFFF6A9
00000450
FFFFFF45
00000180
FFFFFC02
00000B12
000006F9
00000266
00000484
FFFFFD9B
FFFFF696
00000446
FFFFFD23
00000412
00000296
000004D3
FFFFFEA0
00000510
000006F1
0000037C
FFFFFA81
00000B51
00000826
000009AA
FFFFFBB9
00000864
00000011
00000502
0000063E
00000E2A
FFFFFF06
FFFFFD47
0000050C
0000000C
FFFFFA9D
0000020D
00000066
FFFFF87E
FFFFFD42
00000087
000004E1
000004D0
FFFFFD8A
0000013E
FFFFFC7E
FFFFFC5F
FFFFFFB8
FFFFFEAC
0000016E
0000068F
000001ED
00000654
000001D5
0000023B
FFFFFBB4
000001DC
FFFFFF46
FFFFF914
FFFFF965
FFFFFAB2
FFFFFFBC
FFFFF838
FFFFF424
FFFFFB8D
00001033
FFFFF7F7
000005B0
FFFFFD80
0000017E
FFFFFB9C
000004AD
FFFFFB65
00000234
00000115
000005D1
000003FF
00000568
000000B4
FFFFFEAD
00000BF1
000005F5
FFFFFC8B
00000249
00000CD7
000004F1
FFFFFFE7
0000033C
FFFFFEF3
FFFFF664
0000003A
FFFFFEED
FFFFFE08
00000646
00000299
00000060
000004FD
FFFFF695
FFFFF8F3
0000039A
FFFFFA92
00000C85
00000662
0000008B
FFFFF52C
000002C4
FFFFFEF4
FFFFF559
00000439
FFFFFF53
FFFFFFBA
FFFFFCA3
FFFFFFB9
FFFFFECA
FFFFFDC7
FFFFFBA7
FFFFFE6D
FFFFFACE
0000064A
00000460
00000767
FFFFF854
00000387
FFFFF82D
0000021F
00000A23
0000040D
000007F8
00000634
FFFFFEEE
000000DF
FFFFF865
FFFFF639
00000331
FFFFFCFB
FFFFFFFB
000009AA
FFFFF93B
00000CAC
00000540
00000654
FFFFF9B0
00000773
FFFFFBAF
000000E0
00000473
0000091E
FFFFFFAB
00000668
00000233
0000015C
0000023C
FFFFFC35
FFFFFA25
FFFFFCF5
FFFFFFC6
FFFFFE2E
0000015A
FFFFFB28
FFFFFBCA
00000765
000007B8
0000013F
000001C7
FFFFFF57
FFFFFBBF
00000534
000002BA
000005F8
FFFFFB75
FFFFF7D5
0000037C
0000038A
FFFFF93F
00000199
FFFFFCC7
00000245
FFFFFEE6
0000013E
FFFFF9A1
000002A6
FFFFFD8A
00000798
00000568
00000765
FFFFF869
FFFFFE0D
00000341
FFFFFC0C
000001B4
FFFFFCC9
0000043A
000006ED
000006BF
0000006A
FFFFF932
FFFFFEEF
000002EF
0000037E
000008A6
000007C8
FFFFFD1D
FFFFF87B
000004E8
00000037
FFFFF71B
FFFFFC56
00000087
00000826
FFFFFABA
FFFFFD30
FFFFFE7C
000003A1
FFFFFB23
FFFFFBC6
FFFFFFDE
FFFFFB26
000003E7
000003CB
FFFFFCE9
FFFFFB69
FFFFFF15
000006FF
FFFFFC2A
FFFFFCCA
FFFFFF9C
FFFFFE71
FFFFFEA1
FFFFF852
000000F4
00000262
00000136
0000025E
000002D8
0000004B
FFFFF6C1
00000490
FFFFFCE6
00000479
FFFFF9D6
0000035F
FFFFFE85
FFFFFB56
00000185
00000728
FFFFFB85
FFFFFA54
FFFFFF4E
00000199
FFFFF7FC
FFFFFEB1
00000454
FFFFFBD0
FFFFFF70
FFFFFD5F
000002F1
00000243
FFFFFC52
00000247
000000E7
FFFFFC87
FFFFF789
FFFFF5FE
FFFFF917
FFFFFD5F
FFFFFCB1
FFFFFFE8
FFFFF905
FFFFFB31
FFFFF641
FFFFFC27
FFFFF90C
0000057C
FFFFF770
0000000A
FFFFF768
FFFFFBE0
0000044A
FFFFFE97
000003CC
FFFFF936
000000AA
000002CB
00000291
FFFFFC04
000005CE
FFFFF554
000001B9
FFFFF839
FFFFF9C6
00000304
FFFFF7D7
FFFFF989
00000490
000002E0
FFFFFF9B
FFFFF4BD
FFFFFEF9
000006E3
00000C42
00000397
00000242
FFFFFCC6
00000320
FFFFFFEC
FFFFFCBF
FFFFFF58
FFFFFB24
FFFFFA83
FFFFFEE7
00000232
FFFFFB95
FFFFFDF0
00000248
FFFFF6C8
FFFFFF3E
FFFFFDF6
FFFFF918
FFFFF8F1
FFFFFEAD
FFFFF917
000000C9
00000010
000005AD
000006AE
FFFFFE0A
000003A6
FFFFFF44
00000214
000000EA
FFFFFE52
FFFFFBB7
0000000A
FFFFFDD6
00000017
000002C3
00000370
FFFFFF16
00000877
000001DC
00000236
FFFFFA72
FFFFFADC
FFFFFDF1
FFFFFC32
FFFFFDBB
FFFFFF1C
FFFFF601
0000049F
00000796
00000308
000008FD
0000091E
000004F3
0000035D
00000231
00000207
00000AE2
00000032
FFFFFE2F
FFFFFB7C
FFFFFB56
FFFFFD68
FFFFFE1E
00000445
00000811
00000325
FFFFFB32
0000013D
00000078
0000024B
0000041C
0000020A
FFFFF936
000007D1
FFFFFD7E
000004AD
FFFFFF9F
000002D6
000005B0
00000300
000004CB
FFFFFE92
000006CB
000004A5
000007E3
FFFFFBB7
00000175
0000005F
FFFFFA86
FFFFFF26
00000076
00000408
0000020D
FFFFFC1D
00000394
FFFFFBC6
00000044
000002E5
FFFFFDA0
FFFFFFA1
FFFFFA21
FFFFF92F
000005AD
FFFFFF9D
FFFFFA5A
FFFFFB36
00000016
FFFFFE9B
000002B5
000005E1
FFFFFA8B
000001AA
000009FA
0000036D
000007EC
00000039
00000249
00000525
FFFFFBDF
00000383
0000090A
0000020D
000006DB
00000233
000001B3
FFFFF454
FFFFFD18
00000522
000002FB
00000130
00000730
0000000F
000001CA
0000032A
0000026C
000003C9
0000044A
0000036F
FFFFF7E1
0000021B
FFFFF47C
FFFFFE5C
000004E8
FFFFFC7F
000001C1
FFFFFF58
FFFFFDEE
FFFFFB76
FFFFFB70
00000585
FFFFFFEC
FFFFFF19
FFFFFD38
00000018
0000013E
000004E8
00000821
000001B4
00000072
000002B7
00000491
FFFFFC44
00000099
FFFFFDD7
00000520
FFFFF81A
00000553
FFFFF745
00000277
FFFFFB2F
FFFFF93B
00000194
FFFFF621
FFFFFFDE
0000035E
00000598
000003E1
00000868
00000235
000003DC
000004C4
FFFFFCD5
FFFFFEFB
FFFFF5A4
00000513
FFFFF863
000000C5
000009AB
FFFFFF1E
FFFFFEEB
00000221
000009B5
000004BA
0000050F
FFFFFD38
00000801
00000144
00000528
FFFFFFC3
0000030F
000005C4
000004D0
FFFFF83C
FFFFFA1B
FFFFFD5A
FFFFFA40
0000055A
00000521
FFFFFC1B
FFFFFD18
FFFFFDC0
FFFFF917
FFFFFE60
FFFFFE07
00000374
0000043B
FFFFFB5C
FFFFF614
0000009B
00000864
FFFFFC98
00000A84
FFFFFE21
00000616
000004C3
FFFFFE25
000000F1
FFFFFBCB
FFFFF5F1
FFFFEFC8
FFFFFF15
000000D9
FFFFFF7D
FFFFF9CC
FFFFF8D8
000002FC
FFFFF55A
FFFFFCB3
00000403
00000347
FFFFFDDB
FFFFFE46
FFFFF73B
FFFFF9CD
000004C2
000006E9
FFFFFA33
0000054E
FFFFFB26
0000041A
FFFFFD15
FFFFFF90
FFFFFB4E
0000059A
00000081
00000D21
FFFFF7E2
00000AAF
FFFFFDAB
00000DCB
000003F7
FFFFFDD4
00000923
0000057B
000003B5
FFFFFEBB
FFFFFF94
000005AB
0000006D
0000012A
FFFFFCEF
FFFFFFF4
00000063
FFFFFB47
000004A1
000000F7
FFFFFE67
FFFFFF17
00000656
0000050F
00000222
FFFFFFB8
000003DE
FFFFFA1E
FFFFFE13
00000495
00000493
FFFFFD5F
000002AB
FFFFFF61
FFFFFF6F
FFFFFB3A
FFFFF4C5
000005C9
FFFFFCE1
0000059B
000002F5
FFFFFEBC
0000044C
0000008D
FFFFFCFD
00000533
00000180
FFFFFBA4
00000361
00000476
00000423
0000026A
FFFFF54F
FFFFFF90
FFFFFE91
FFFFFF60
00000566
FFFFF9EA
FFFFFFAF
00000501
FFFFFF69
FFFFFA19
FFFFF506
FFFFFB9C
FFFFFEF6
FFFFFA3E
FFFFF68B
FFFFF6B3
FFFFFEEB
FFFFFF35
FFFFF905
000004DD
FFFFF85D
00000200
FFFFFDFB
000002E6
000000F4
FFFFFB04
FFFFFFA4
FFFFFE90
FFFFFB96
00000994
00000605
00000090
FFFFFEA8
FFFFF55E
FFFFFC1A
000001DC
FFFFFDF9
FFFFFD08
FFFFFEA1
0000011E
FFFFFCB8
FFFFF874
00000107
000001DF
FFFFFA24
FFFFF7C7
00000132
FFFFF9DC
FFFFFADC
FFFFF7E9
000000D9
FFFFFF31
FFFFF307
FFFFF27A
FFFFF6F9
000009F9
FFFFFA64
00000119
0000074C
FFFFFD3E
0000025C
FFFFFF08
000004C0
0000043F
FFFFF76A
0000056B
00000101
FFFFF76D
FFFFF42B
000005AA
0000006E
000000BF
00000281
FFFFF3AD
FFFFF346
FFFFF754
000000C3
00000379
FFFFFDD4
FFFFF5D2
FFFFF922
FFFFFF25
FFFFFF65
FFFFFF12
000000F8
0000070A
FFFFFDC8
00000476
00000065
00000166
FFFFFC25
00000D20
00000460
0000034A
FFFFFAA0
FFFFFD5D
00000707
FFFFFD12
FFFFFC28
FFFFFC34
FFFFFD8A
FFFFFE18
00000370
00000372
FFFFFDAD
FFFFF7DF
FFFFFC3C
000005F0
00000097
0000010D
FFFFFD0B
FFFFFB65
FFFFFF43
FFFFFD91
FFFFFEBC
000003E9
FFFFFD5B
FFFFF954
000001D7
00000257
000005F5
000004EC
0000038E
000000C6
0000005F
00000776
0000003C
FFFFFCB7
FFFFFF83
FFFFFF39
000004D2
FFFFFD07
FFFFFF4F
FFFFFE72
0000018A
FFFFFD08
FFFFFAEB
FFFFFBD7
00000053
0000015B
FFFFFD63
FFFFFF72
00000027
FFFFFDAD
FFFFFA74
00000563
0000007F
FFFFFB6E
00000409
000001D0
FFFFFFE4
0000024F
000001E7
FFFFFE20
000000EF
00000504
00000169
FFFFFD10
FFFFFD92
0000019B
000001B6
FFFFFED1
FFFFFFBD
FFFFFFD4
000001BD
FFFFFFE5
FFFFFD3A
000003AD
000002CF
FFFFFE50
000001FC
FFFFFEFA
000001E4
00000498
FFFFFDEE
FFFFFDB2
000004D9
000002B4
FFFFFC2E
FFFFFF2A
0000030D
0000042B
00000065
FFFFFDB7
FFFFFEFB
FFFFFD85
0000034D
000001F1
000000D2
FFFFFE22
FFFFFE79
FFFFFDDB
00000255
FFFFFCB8
FFFFFD6E
FFFFFF7E
FFFFFCD9
000000DC
FFFFFFA6
FFFFFEB7
000002AE
FFFFFDEE
000003AE
000002E5
FFFFFDA1
000000C7
FFFFFDCA
FFFFFD73
000000A0
FFFFFFBF
000000D6
00000644
00000571
FFFFFFAF
00000222
0000026A
00000011
000001A2
00000196
FFFFFDFF
000003D5
FFFFFDC8
00000399
FFFFFD2C
00000335
FFFFFF86
00000465
0000047B
000003BD
000005C8
FFFFFE1E
0000020A
0000048B
00000598
FFFFFE41
FFFFFFD7
000002D8
000002BF
FFFFFBAA
FFFFFE7B
000002FA
FFFFFB44
00000150
FFFFFD3C
000000DD
00000005
00000118
000002B7
FFFFFDEE
FFFFFECC
00000042
FFFFFFF9
0000003B
FFFFFEF9
FFFFFE7C
FFFFFEC1
000001FE
FFFFFE24
FFFFFA78
000000A5
0000021F
FFFFFAFC
00000220
000004D2
FFFFFE86
FFFFFA6A
FFFFFF02
000000EF
FFFFFEA0
00000055
0000004E
000002E8
FFFFFF56
0000020B
FFFFFE08
00000016
00000047
FFFFFEF2
000002D0
00000316
FFFFFE70
00000273
FFFFFE8A
00000079
000003B6
000006B5
FFFFFC82
0000013F
FFFFFE03
00000281
FFFFFFEF
FFFFF9F9
FFFFFB3B
0000011C
FFFFFA64
FFFFFCDC
FFFFFBF6
FFFFFDE7
FFFFFB90
0000057D
0000024B
000001D5
000003A1
00000064
0000017A
000001DE
000000E4
00000010
00000135
000001B3
FFFFFBAF
FFFFFFA4
00000007
FFFFFC05
000001B5
0000044A
FFFFFD96
FFFFFACB
000000BB
00000111
FFFFFE91
FFFFFE03
FFFFFCDD
000000BB
FFFFFEBC
000000EF
000000B4
FFFFFC16
FFFFFDF6
0000009D
000002A5
00000305
000002CE
FFFFFDAC
FFFFFB4D
FFFFFCEC
FFFFFB0C
FFFFFB39
FFFFFF3A
FFFFFC3C
FFFFFB7B
00000230
FFFFFE44
FFFFFDAB
00000260
FFFFFC8F
FFFFFD65
000001C3
00000167
000004C0
0000023E
FFFFFE1C
FFFFFB4B
FFFFFFEE
00000271
FFFFFCEE
FFFFFC5D
FFFFFEEB
00000043
FFFFF837
FFFFFFE3
FFFFFFEE
000003B2
000001E9
00000041
00000004
000001FA
FFFFFF38
000001C7
FFFFFA82
FFFFFE79
000000DD
00000384
00000599
0000040A
00000370
0000024A
00000207
00000100
FFFFFADC
FFFFFE74
00000181
00000188
0000009B
00000091
FFFFFBD1
FFFFFE02
0000002B
FFFFFCC7
00000029
0000006D
0000016B
0000031E
FFFFFFAD
FFFFFFED
00000145
00000105
0000029D
FFFFFCA2
00000187
000002C8
FFFFFC7F
FFFFFCF7
000002DD
000000F2
FFFFFBDB
FFFFFE79
FFFFFE4F
FFFFFFED
0000008C
FFFFFE29
00000070
00000327
000004F8
FFFFFEDA
0000009B
0000018C
FFFFFD79
000003B3
FFFFFD22
FFFFFC2A
00000029
FFFFFE0A
00000207
00000364
000003C7
FFFFFD55
00000384
FFFFFF40
0000030F
FFFFFF5F
FFFFFB32
FFFFFEA9
FFFFFFA4
000000A4
FFFFFBBF
FFFFFC19
FFFFFF89
0000025C
0000023C
FFFFFC7C
000002DB
000002F8
00000027
FFFFFDCC
FFFFFD77
FFFFFF1A
00000177
FFFFFC44
FFFFFC8C
FFFFFDAB
FFFFFD45
FFFFFF40
FFFFFEF2
0000008A
000001F5
000001DB
00000315
FFFFFE46
00000438
FFFFF9D7
00000304
FFFFFF7E
FFFFFE39
FFFFFB19
00000192
FFFFFE44
FFFFFD0E
000002D1
000000D0
00000539
0000049D
00000114
00000306
00000153
00000100
0000026A
000001C9
0000056D
00000376
0000040B
FFFFFF2D
FFFFFC1F
00000574
000002BB
00000452
00000091
FFFFFF0F
00000004
FFFFFC5F
FFFFFE70
00000011
000001D4
000000A5
000001C8
FFFFFFBD
FFFFFE47
0000023B
000003E9
000004E8
000003BF
0000037C
00000192
0000027A
FFFFFFB2
00000492
FFFFFF79
FFFFFF7B
00000155
00000664
FFFFFE75
000000AD
FFFFFE54
FFFFFF9F
00000511
00000545
00000265
FFFFFCF4
00000572
000003F6
FFFFFEF9
0000013E
0000020C
00000093
FFFFFF9C
FFFFFED7
000003AA
FFFFFD74
FFFFFE98
00000399
FFFFFEC7
00000126
0000002E
FFFFFCEE
FFFFFD62
000000A9
FFFFFE2E
FFFFFC14
FFFFFC3D
FFFFFC60
FFFFFD75
00000475
000000CC
FFFFFF8C
000000AF
000003BD
000005A2
00000578
FFFFFCC9
FFFFFF90
FFFFFE54
000000DD
FFFFFCDD
000001F6
FFFFFBEE
FFFFFA4C
0000024F
FFFFFF8B
FFFFFED3
000002FC
FFFFFF8A
FFFFFFCD
0000043B
FFFFFFC5
FFFFFA13
FFFFFF79
00000724
FFFFFC70
FFFFFF51
FFFFF9C7
FFFFFE15
00000343
FFFFFF46
000003D8
00000172
FFFFF883
00000251
FFFFFD39
FFFFFFFF
FFFFFF39
0000037B
FFFFFEE8
000000A0
0000024A
0000016D
000000F3
FFFFFBD8
FFFFFDEE
FFFFFCD3
FFFFFDD2
00000499
000000B7
FFFFFE27
000001E6
FFFFFDB1
FFFFF9D6
FFFFFC31
000003FF
FFFFFD3A
FFFFFD8F
FFFFFC73
000001DE
FFFFFA9D
000000A1
00000014
FFFFFEB8
FFFFFDDC
0000049C
000005E5
0000009A
000004DA
FFFFFF39
00000534
FFFFFE13
0000029D
00000201
FFFFFF56
000002F1
FFFFFDD3
FFFFFF38
00000085
FFFFFEB1
FFFFFF9A
FFFFFDF9
FFFFFFD6
00000403
FFFFFEC6
00000069
000000EA
000000B8
FFFFFF7B
FFFFFAC3
FFFFFF10
00000172
0000017A
FFFFFC85
FFFFFDA5
FFFFFE9C
FFFFFE6B
FFFFFF46
000000CD
0000018E
000002EE
FFFFFE58
000002F2
0000011A
00000315
000001FA
00000448
00000210
0000039D
FFFFFED8
0000026E
FFFFFD52
0000030B
00000154
00000402
000001FF
00000143
FFFFF9E8
FFFFFEB2
000000BC
FFFFFE4B
00000203
FFFFFCE1
000000D4
FFFFFE5D
FFFFFF0E
0000053F
FFFFFD5B
000000A0
000006C7
000004CC
FFFFFC72
0000041D
000002C1
FFFFFFDC
FFFFFD89
000003BC
000000C6
FFFFFF4F
00000333
FFFFFE14
FFFFFDDC
000001B3
FFFFFD6E
00000020
FFFFFF42
FFFFFDA2
FFFFFF3C
FFFFFDF0
0000017D
FFFFFE0A
FFFFFA5D
00000749
FFFFFADE
00000155
FFFFFB03
000003D9
FFFFFEEC
00000350
00000718
000002E5
0000003D
00000049
FFFFF9CE
FFFFF73A
000009C4
FFFFF655
FFFFF72C
FFFFF9EA
00000488
000001B7
000000A3
FFFFF75F
FFFFF42E
00000BB5
000003B1
0000067E
FFFFFC42
FFFFFDCE
00000534
FFFFFA94
FFFFFE38
00000333
FFFFFBDB
000002A5
FFFFFCBB
FFFFFE71
000003C2
0000036C
FFFFF973
FFFFFE30
0000093B
00000377
00000A97
FFFFFC6A
000002A6
00000695
00000384
FFFFFB05
FFFFFD57
00000828
00000731
FFFFFE1E
00000322
FFFFFC8B
FFFFFD68
00000C6A
00000239
FFFFFA20
00000773
FFFFF5F9
00000AB0
FFFFFBD6
00000EC4
FFFFFFE8
000003B9
FFFFFB9F
FFFFF679
0000031B
FFFFFEB6
000000D3
FFFFF9E2
000005E2
FFFFFF92
000006CD
FFFFFE0F
FFFFFAF3
00000032
0000044E
FFFFFAF2
000003F5
000003E9
FFFFFA96
FFFFFCA4
FFFFFD19
FFFFF9EC
00000249
FFFFFE4E
000006C0
FFFFFD99
00000257
00000112
00000485
00000A24
000001B8
000000EA
FFFFFCF0
00000A7B
000009CF
0000075E
FFFFF75A
00000207
FFFFFAFB
FFFFF965
00000439
0000025A
FFFFFD0D
00000075
FFFFFEDE
00000475
0000016C
FFFFFBD9
FFFFF8D4
FFFFF3A4
0000075C
000003C6
FFFFFE47
FFFFFFC9
000006FF
00000135
000001E6
FFFFFA73
FFFFFA42
FFFFF9D5
FFFFFCBB
FFFFFBD9
000007E4
00000391
FFFFFB71
FFFFFB49
000004F9
FFFFFB4B
000000B3
000005E9
FFFFF5D2
0000016E
0000039A
FFFFF85E
000004C5
0000044E
FFFFFCA3
FFFFFFCA
000006EA
FFFFFD32
FFFFF6DA
000004FE
000005B5
0000032A
FFFFFAB2
00000028
00000069
FFFFF7E9
FFFFFDCB
000004BB
FFFFFCB2
FFFFF76A
00000251
000005E2
FFFFFC67
00000305
FFFFFCCF
FFFFF8D0
0000027D
000006A6
00000753
000001B0
00000249
FFFFF7E3
000004B8
FFFFFDA6
000006B5
FFFFFF5E
FFFFF992
0000038B
FFFFFD99
0000032A
FFFFFFFB
FFFFF605
FFFFFE5C
00000169
0000086E
000001C0
000000DD
00000304
00000212
FFFFFED3
00000008
FFFFFF7E
00000818
FFFFFD68
000003D6
00000193
FFFFF9D3
FFFFF9DB
00000242
FFFFFD1A
FFFFFF59
FFFFFDC1
00000351
FFFFFFB1
000001EA
00000A2E
00000796
FFFFFE0C
FFFFFE41
00000845
FFFFFD0F
FFFFFF9C
0000039A
00000501
FFFFFDA7
0000022F
000006BE
FFFFFEBA
FFFFF879
000002AC
FFFFF9D2
0000012A
FFFFFE84
FFFFFBFD
FFFFF781
000006A2
000001E7
FFFFFB12
FFFFFBF8
000000FF
00000677
00000A54
00000618
0000071C
000000C0
0000065B
000001EE
000001ED
000006B7
000000B3
FFFFFFD0
000004F5
FFFFFFA5
FFFFF6A8
00000631
FFFFFA02
000002EB
FFFFFFC8
0000033A
FFFFFBF7
000006A9
00000523
00000414
00000BDE
FFFFFF1B
FFFFFEDF
00000110
00000A09
FFFFF6AA
000004C2
000004A1
00000195
FFFFFD42
000005AC
FFFFFA45
FFFFFB1F
00000565
FFFFFEEB
FFFFFB0E
FFFFFBFC
FFFFF847
FFFFFDCF
0000011E
FFFFFBDD
FFFFF80A
000000B9
00000187
FFFFFFB4
FFFFFE93
00000406
FFFFFD01
000003CC
0000099E
FFFFFA84
FFFFFB89
0000073B
FFFFFE25
000004A3
FFFFFA27
00000184
000003C2
000004F7
FFFFFE53
0000088B
FFFFFEE2
000004DA
FFFFF96A
FFFFFE27
0000008E
0000053F
FFFFFBB1
000002F6
00000277
00000076
FFFFF9AD
000002BC
FFFFFB99
0000031F
FFFFFF79
FFFFFF51
000006E9
000007A1
00000404
0000021D
FFFFF886
FFFFFCD4
00000343
FFFFFD74
00000293
FFFFFC7E
FFFFFD75
FFFFFDC1
FFFFF82A
000001B8
FFFFFF4A
FFFFFE5D
000001BB
000005A9
FFFFFE18
000001DC
00000637
0000085E
000004AB
000002DE
FFFFFD0A
000003EE
0000041A
FFFFFE0D
0000092E
FFFFFAB3
FFFFFB7B
000005C7
FFFFFE73
000000BA
FFFFFC76
FFFFFF03
FFFFFE2A
00000469
0000023F
000006C0
FFFFF8F3
FFFFF5E7
00000313
FFFFFAFD
FFFFF578
FFFFFBBB
FFFFFA96
0000058F
00000354
00000027
FFFFF934
000000B8
000000E6
FFFFF92A
FFFFF8D4
FFFFFBEE
00000311
000002D0
FFFFFE8B
FFFFF861
FFFFF703
FFFFFD31
FFFFF5E5
FFFFFB3F
FFFFF875
00000005
FFFFFC01
FFFFFAC7
0000027D
FFFFFC11
FFFFFA9B
FFFFFEBC
0000011C
0000007B
FFFFFA31
FFFFFA86
000000BB
FFFFFB28
FFFFFF7A
FFFFFF22
FFFFFCBC
FFFFFF63
FFFFF8E9
FFFFFC69
FFFFFF18
00000271
FFFFF756
FFFFFF5F
FFFFFE0D
FFFFFA45
FFFFF477
000000B5
00000364
FFFFFEEF
0000032E
FFFFF976
FFFFFAD9
FFFFFB41
00000499
000005C8
0000056B
000007A0
0000039E
FFFFFC12
FFFFF523
FFFFFB30
FFFFFA85
00000625
000001F8
FFFFFF63
FFFFFA4E
0000013F
FFFFFEF0
0000001C
00000480
FFFFFFCE
FFFFF6C1
00000002
FFFFFACC
00000358
FFFFFEE1
FFFFFE39
000001F9
FFFFFD78
00000636
000001E7
00000597
FFFFFD47
FFFFFB88
FFFFFB23
000009AD
FFFFFE15
FFFFFEBC
FFFFFAA6
FFFFFF6F
00000461
FFFFFE6A
0000059F
0000066D
00000307
FFFFF7EB
FFFFFC83
00000165
0000027F
000002F9
00000399
FFFFFA57
FFFFFBE8
FFFFF284
FFFFFA07
00000477
FFFFF717
FFFFFB21
FFFFF71E
FFFFFB84
0000023F
FFFFFFFD
000003A2
FFFFFA85
FFFFF696
00000227
FFFFFF4F
FFFFF761
0000019C
0000044A
000001A3
FFFFF947
FFFFFF0A
00000041
FFFFFCB3
0000079D
FFFFFB62
0000004F
FFFFFB61
000003E9
FFFFF800
FFFFFAFA
00000A9F
FFFFFEEB
FFFFFAC5
FFFFFE8B
000003EB
FFFFF824
FFFFFFA0
FFFFFF38
00000404
FFFFF879
0000064A
000006AD
FFFFF8FC
FFFFFBCB
FFFFFE2A
FFFFF9A2
FFFFFFD7
00000461
000001EA
00000525
00000654
FFFFFD50
FFFFFBB6
00000637
FFFFFAA7
00000735
FFFFF864
FFFFFE70
FFFFF5B2
FFFFFF21
FFFFFA13
00000709
0000007A
000005D0
00000385
FFFFFEA7
00000228
FFFFFCDA
FFFFFF08
00000700
FFFFF9E9
FFFFFA5A
FFFFFD09
FFFFFAC9
000008C9
FFFFFF3B
FFFFFD5C
FFFFFEA9
000003DE
FFFFF83B
00000077
FFFFFF2E
0000009C
00000031
FFFFFB30
FFFFF9BF
FFFFF9F8
FFFFFFE6
FFFFFF6B
00000DC9
000005F5
FFFFFF5C
FFFFFDAE
00000104
0000053D
00000417
00000257
FFFFF969
FFFFFFDF
FFFFFA04
FFFFFF65
FFFFFE9D
00000B6B
FFFFF866
FFFFFAC1
0000058D
FFFFFCC1
00000071
000000B0
FFFFFB49
FFFFF7C4
00000A43
000000C0
000004A1
00000430
FFFFFD3B
FFFFFDD9
000001A0
00000210
000004C9
FFFFFE75
00000059
FFFFFF88
000004FA
FFFFFDF5
FFFFFF21
00000603
0000081C
0000006B
000003F0
000005AC
FFFFFE01
00000475
FFFFFE59
FFFFFE00
FFFFFD9D
00000224
FFFFFFE9
FFFFFCA9
00000999
FFFFFBE6
000002B0
000006E1
FFFFFC0D
00000529
FFFFFE49
0000023F
FFFFF27E
00000B4D
00000600
000004C6
00000454
FFFFFD3F
FFFFFA3D
0000051E
FFFFF928
FFFFFCE3
FFFFFAE8
000002E3
000001BC
00000144
000005B0
FFFFFD9D
FFFFF84D
0000022A
000008A3
00000885
00000330
0000026E
000001E9
FFFFF748
FFFFFD35
000004F2
FFFFFD17
000003A0
00000733
FFFFFBCF
FFFFFDB6
FFFFFF04
0000045E
FFFFFC53
FFFFFD70
FFFFF9D7
FFFFFB92
FFFFFD2F
FFFFFF34
000003DA
000003BB
0000021E
0000010E
00000046
FFFFFEDC
00000427
FFFFFDE5
00000028
FFFFF961
00000256
0000017D
000009C9
00000789
FFFFF8C6
FFFFFCBF
FFFFFE9D
000001D3
00000830
00000698
FFFFFE26
FFFFFE89
FFFFFE6F
FFFFFC00
000003CF
000002E7
FFFFF41B
FFFFF9AF
FFFFFBE9
FFFFF761
FFFFFB3D
000002B9
FFFFF5CF
FFFFFE56
FFFFFFC8
FFFFF570
FFFFFD60
FFFFFC02
FFFFF7EC
000002A4
FFFFFB93
FFFFFAA6
FFFFFCF7
FFFFFBA8
000003A6
FFFFFE92
00000608
FFFFFC2B
0000039C
FFFFFB3D
000006B1
00000037
FFFFF9BE
000003AA
FFFFFA87
0000045F
FFFFF7A9
FFFFF984
FFFFFF39
FFFFFFF4
FFFFFB0B
FFFFFCE0
FFFFF70A
FFFFF85C
FFFFFEB8
FFFFFA20
FFFFFB40
FFFFFFBF
FFFFFEF7
0000040F
FFFFFFC7
000009BA
0000025D
FFFFFD3F
FFFFFDE2
FFFFF88E
FFFFFEC9
FFFFFFA8
00000060
00000293
0000014B
FFFFFBF9
FFFFFCF6
000001B5
00000584
00000201
00000255
00000002
00000783
0000007B
00000601
FFFFFE7E
0000057F
FFFFFFD5
FFFFFE19
000008AD
00000404
FFFFFBFF
FFFFFAA5
FFFFFA42
00000079
FFFFFE64
FFFFFCD7
FFFFFE13
00000134
FFFFF93B
000009FD
00000365
0000043F
FFFFFBBA
0000098C
FFFFFFBA
FFFFFF52
0000074D
FFFFFC87
00000481
000008DB
FFFFFFD1
FFFFFEE8
00000130
0000073F
FFFFFFE0
FFFFF763
FFFFF90B
FFFFF67D
00000568
FFFFF8CC
0000025C
FFFFFC7D
000001F8
0000001C
00000039
FFFFFD14
FFFFF94C
00000731
FFFFF7F5
000000C5
0000006D
FFFFFD03
0000058D
0000027C
FFFFFF3E
00000179
FFFFFEC5
FFFFF9E5
000003B5
00000442
FFFFFF5E
000002F6
000001E7
00000534
FFFFF9A7
FFFFFCDA
FFFFFEF6
FFFFFF88
FFFFFA3C
00000286
FFFFFC14
FFFFFA16
FFFFFF6D
000004E7
FFFFFD13
FFFFF931
00000010
FFFFFFD6
FFFFFFE7
FFFFFAD4
00000626
FFFFFA2B
FFFFFFBD
0000050D
FFFFFA1E
FFFFF8D4
00000564
000003E3
000001D1
FFFFFCD0
FFFFF580
FFFFFC32
00000642
0000084B
000000F9
FFFFFF09
FFFFFE48
FFFFFAB5
00000382
00000043
0000041C
FFFFF8F9
FFFFFA27
00000076
FFFFFB58
FFFFFFBD
000003F2
000001BD
000009FA
FFFFF64B
000001BA
000000B6
000003B9
FFFFF733
FFFFFBA6
000002B3
FFFFFA4F
00000220
0000010A
FFFFF916
FFFFFBE6
00000100
0000040F
00000145
FFFFF921
FFFFFF0D
FFFFF61B
FFFFFE9A
0000003C
FFFFF7D4
000000AA
00000060
FFFFFE63
0000036B
000000F3
00000234
FFFFFF61
FFFFFBAE
0000032B
FFFFFB6F
000006B8
00000273
0000070A
FFFFFE43
FFFFFFCB
FFFFFC3A
FFFFFC9C
000004AD
0000066D
FFFFF8FE
FFFFFB9C
FFFFFF7A
00000102
FFFFF8C6
FFFFF8F6
FFFFF830
00000219
FFFFFE0B
FFFFF562
FFFFFBBC
000001FD
FFFFF76B
000002E5
00000709
FFFFF9D0
FFFFF978
FFFFFAF5
00000090
FFFFFD9A
000004B8
FFFFF9F9
FFFFFD08
FFFFFDE8
0000035C
00000111
FFFFFE62
FFFFFEDA
FFFFF94C
FFFFF971
000003FA
FFFFFE4F
0000054E
FFFFFF23
FFFFFD96
FFFFFD6D
FFFFFD13
00000477
FFFFF9A6
FFFFFA82
00000495
FFFFFA72
FFFFF990
000005A5
FFFFFA00
000000C8
FFFFF43F
FFFFF5B4
FFFFFDA0
FFFFFDE9
FFFFF982
FFFFF688
FFFFFD44
FFFFFC5C
FFFFFF1A
0000046E
00000249
FFFFFF8F
FFFFF493
FFFFFA4B
FFFFF987
FFFFFDCF
FFFFFB07
00000025
000004F9
FFFFFCCD
00000309
FFFFF843
FFFFFDCD
00000386
000005A0
FFFFFECB
FFFFFC3E
FFFFFD99
00000755
FFFFFCE9
000001EF
FFFFFFD0
FFFFFCF4
0000040B
FFFFFDEA
00000323
000001C4
000002F5
00000434
FFFFFC91
000003AD
FFFFFEC7
FFFFFD41
000004E0
0000073E
FFFFF972
00000840
FFFFFE86
000009FA
FFFFF9ED
0000027D
FFFFFED0
00000258
FFFFFF37
00000B41
000004ED
FFFFFE58
FFFFFB7B
00000668
00000318
000003ED
0000045E
00000407
FFFFFD59
000004D9
FFFFFCA1
FFFFF766
FFFFF830
FFFFFE6B
FFFFFFB5
FFFFFE4B
000005D0
FFFFFC78
000002CE
00000693
FFFFFC85
FFFFF931
000004B5
FFFFFDEC
00000311
FFFFFF01
FFFFFDD4
000005E4
FFFFFB42
00000A8C
00000174
FFFFF988
000000A9
FFFFFE7D
00000856
000009C1
000000CD
00000085
00000239
FFFFFDBB
00000333
FFFFFFFF
0000054B
FFFFFAD2
00000012
00000695
000003EA
FFFFFB11
00000425
000008C1
000007C9
00000187
FFFFFD60
0000059B
0000037B
FFFFFC9F
00000B94
00000BE7
FFFFFCF0
00000213
FFFFFE41
FFFFFBC8
00000484
000003CA
0000052D
FFFFFB0B
FFFFF87C
00000776
00000022
00000176
00000582
00000186
FFFFFDB8
00000183
00000734
00000180
FFFFFEDD
FFFFFC2C
FFFFFBEB
FFFFFA20
FFFFFA6A
00000185
FFFFFC76
0000022B
0000084F
000008B5
000000B9
FFFFFA46
FFFFFCED
FFFFF942
00000649
FFFFFCE4
00000D8A
0000087C
00000495
00000090
FFFFFDA3
000004DC
FFFFFE0D
FFFFFE91
FFFFFDEB
000004D2
FFFFFD8A
00000076
FFFFFC8B
FFFFF537
00000194
FFFFFDB1
FFFFFBDD
000004FC
FFFFFA8C
000003B8
000001A1
FFFFFE43
FFFFF736
FFFFFFB4
FFFFF93C
FFFFFB63
000009D0
00000657
00000282
FFFFFCA0
FFFFFE2D
00000600
FFFFFD44
00000078
FFFFF9B5
FFFFF9BD
00000773
00000170
FFFFFB51
FFFFFED4
FFFFFCDE
FFFFF763
00000660
FFFFFA08
FFFFFAFA
0000004D
00000130
00000183
00000450
FFFFF3A3
00000377
000004D2
FFFFFFC1
00000350
FFFFFFAC
000006FC
FFFFFC88
FFFFFE7F
FFFFF99A
FFFFFCB1
000001D0
FFFFF922
0000050F
000002E1
00000495
FFFFFA83
FFFFF604
000002BE
FFFFF787
00000413
FFFFFD77
00000499
FFFFF84B
000000A2
FFFFFC6D
000004CA
FFFFFEC6
000006DA
00000141
FFFFFC81
00000608
FFFFFCFC
00000097
FFFFFE73
FFFFFCCE
FFFFFAAB
000000FF
00000557
00000636
000004FF
000007D8
00000886
FFFFFE93
FFFFFC3D
0000010C
00000055
00000625
000004B9
FFFFFAC3
0000014A
FFFFF77C
FFFFFB92
FFFFFD4A
000000B8
0000028B
00000197
FFFFFB4B
FFFFF910
FFFFFA88
FFFFF8B2
FFFFFD04
00000417
FFFFFF94
FFFFFA2E
000002F1
000000C4
FFFFF9B6
0000027D
FFFFFD57
FFFFFC46
0000000E
FFFFFE7A
00000097
000003B8
FFFFFE74
000001D9
00000391
00000377
FFFFFE04
000002B7
FFFFF9E9
FFFFFCB4
FFFFFDE9
00000355
000005C4
000004B5
00000837
00000457
0000017C
FFFFFEBD
FFFFFF67
00000803
0000003C
FFFFFCF4
FFFFFB14
000005B5
0000023C
FFFFFD44
FFFFFE98
0000049A
FFFFFF28
0000040B
000000DA
0000055C
000000CF
000004B4
FFFFFE55
00000466
FFFFFC69
FFFFFB08
FFFFFFCB
000000B2
FFFFFF02
FFFFFC70
000002D8
00000335
FFFFFB50
000001CE
00000149
00000102
FFFFFA31
000000FE
FFFFFC06
FFFFF87B
FFFFF96B
00000090
FFFFF9C7
00000143
FFFFF823
FFFFFE38
FFFFFE7F
FFFFFEDB
FFFFFE74
0000018E
FFFFFE31
000005A9
0000033A
000000B1
FFFFF95B
FFFFFD01
000003E7
000001D2
0000073F
FFFFFEDE
FFFFF969
FFFFFEB6
FFFFFBF8
FFFFFF1A
00000617
00000523
FFFFFCC0
00000353
00000082
FFFFFD20
FFFFFD02
FFFFFDEE
0000036C
FFFFFCF0
FFFFFB77
00000102
FFFFFFD5
FFFFF90F
00000382
FFFFF811
00000267
00000075
000006BE
FFFFFED2
FFFFFC72
FFFFFF0C
FFFFFF7F
FFFFF795
FFFFFD4E
FFFFFBF9
FFFFFCEF
FFFFFED6
FFFFFB18
000002C5
000001C3
FFFFFB2B
00000327
FFFFFB55
000003AA
0000014C
0000017D
FFFFFCF2
000000F3
FFFFF6A1
FFFFFB84
00000136
FFFFFF9C
00000094
000003D7
FFFFFEAB
0000002F
00000164
FFFFF8E7
00000355
000000A1
000000F5
000005D8
FFFFFD3D
FFFFFFE7
0000005F
FFFFFF56
FFFFFF60
000007F8
00000584
00000435
FFFFFCE9
FFFFFF9C
FFFFFC48
00000116
FFFFFFEF
FFFFF9CC
000000E8
00000066
FFFFFF20
000004CC
FFFFFFC7
000002E6
FFFFFF91
FFFFFD99
00000229
00000202
00000494
00000003
00000358
FFFFFFFD
000007A6
000004B9
0000007D
FFFFFECF
00000213
000001A8
0000037B
FFFFFF0C
0000042C
FFFFFE3F
00000439
00000213
FFFFFC2E
FFFFF873
FFFFFE44
00000485
FFFFFA3B
000003E3
FFFFFD75
0000026E
FFFFFBA6
FFFFF9E4
000001E0
FFFFFC83
FFFFFC94
FFFFFBB0
FFFFF80C
0000013E
000003E2
FFFFFA64
FFFFF7FF
FFFFFDF3
00000245
00000183
0000009C
FFFFFFDE
FFFFF9A5
FFFFFDF3
0000011B
FFFFF9C7
FFFFFE8B
00000706
000008A5
0000004B
FFFFFD87
FFFFFB6E
FFFFFEFB
0000065C
0000075F
FFFFFE22
FFFFF9EB
0000002B
FFFFFC0E
00000077
000005B7
0000007A
FFFFFDE8
FFFFFF0A
00000117
0000055F
FFFFFEBE
00000069
FFFFFDDD
00000225
000002E1
00000141
FFFFF928
000004CE
00000040
FFFFFD9A
000002B7
FFFFFED0
FFFFF854
FFFFFD02
FFFFFA7A
FFFFF842
FFFFFCAE
00000231
0000059D
00000671
000003BC
FFFFFBC1
00000154
00000299
FFFFFE0E
FFFFFE00
000005CE
FFFFFD1F
0000049E
FFFFFEA3
000005CD
FFFFFDF7
00000221
0000010E
00000254
FFFFFE80
FFFFFFD1
FFFFFDF7
000000A3
0000045A
FFFFFF5B
FFFFFDE8
FFFFFDDC
FFFFFD75
FFFFFD30
FFFFFA18
FFFFFF68
000000D5
FFFFFBA4
FFFFFB3B
FFFFFD3F
FFFFFF74
000003C9
FFFFFC14
0000036C
00000820
FFFFFF2D
FFFFFAD0
FFFFFF6F
00000108
0000075F
0000021B
FFFFFD67
000001D3
FFFFFD7B
00000467
FFFFFB60
FFFFFD22
FFFFFECB
00000277
FFFFFBE5
FFFFFD5A
00000153
FFFFFF99
FFFFF5F5
0000012A
FFFFF8C4
FFFFFA84
FFFFFC49
0000021E
0000049D
000004D9
00000500
000005A0
00000565
FFFFFF47
000003EF
00000426
0000073E
00000329
000003E9
FFFFFB0A
FFFFFAB9
FFFFF6F7
FFFFFD76
FFFFFDCA
00000294
FFFFF774
000003F5
00000208
0000023A
0000056E
00000697
00000166
000005B1
000002E2
FFFFFFF6
FFFFFFEB
FFFFFE4D
FFFFFCCF
FFFFFF0A
FFFFFD5F
FFFFFE17
00000117
000000C5
FFFFFF7B
00000067
00000624
FFFFFD67
0000005D
FFFFFD45
FFFFFE97
FFFFFCAE
FFFFFBC4
00000326
FFFFFF68
FFFFFC71
000000A3
00000259
000006FF
000003B7
FFFFFEA0
0000035D
FFFFFF83
00000245
000001D1
FFFFFC4A
FFFFFED3
00000277
FFFFFBFB
0000058C
FFFFFFDE
000000BF
FFFFFD96
00000167
0000095E
FFFFFE23
00000788
00000371
000004A5
00000477
00000097
0000023D
FFFFFC0C
FFFFF9CC
00000177
FFFFFE6C
00000121
00000228
0000003B
FFFFFAC1
000002D1
FFFFFDFE
FFFFFCD3
0000056B
FFFFFE53
000000CF
FFFFFC92
FFFFFE53
FFFFFFFF
00000A13
000002FE
0000079A
000000EA
FFFFFB0A
FFFFFFD1
00000672
000007AB
FFFFFFB5
000000FE
00000276
FFFFFDE4
00000379
000008CF
FFFFFE7F
FFFFFF97
00000444
FFFFFD31
FFFFFF8D
000004C8
0000015C
00000235
000001A1
00000183
0000037E
FFFFFFAA
000002AE
0000010F
000001FB
000003D4
FFFFFBAD
FFFFFDA1
000002A6
FFFFFA42
0000005D
FFFFFCC9
FFFFF9F7
00000298
00000459
00000443
000000D3
00000257
00000280
FFFFFD15
FFFFFC80
00000250
FFFFFF48
FFFFFF22
FFFFFD5A
FFFFFAD9
FFFFFD6C
000002F9
000000C9
00000013
000000DE
FFFFFBA1
000002C2
FFFFFBD0
FFFFFB85
FFFFFDC4
000005D1
000002A4
000000BC
FFFFFEBD
FFFFF74A
FFFFFBA0
000007A0
FFFFFD11
00000605
000004E7
FFFFFB5A
00000129
FFFFFD33
000003C3
000004E1
00000667
00000232
FFFFFF92
FFFFFC17
FFFFFC97
FFFFFFD8
000003D0
FFFFFAFB
0000005D
FFFFFF7C
0000017A
FFFFFFF8
0000008C
FFFFF9F2
FFFFFAD6
0000022C
FFFFFF01
FFFFFAF1
00000144
00000523
FFFFFE0D
FFFFFF84
0000014E
000001A1
FFFFF856
FFFFFA6F
FFFFFCEA
FFFFFFA0
00000068
00000108
FFFFFF92
FFFFF956
FFFFFE02
FFFFFF0A
0000011D
0000061B
000000FE
FFFFFFF4
FFFFFDA3
000006FE
FFFFFEDD
0000006E
FFFFFC72
0000026B
00000120
FFFFFF93
000005DC
0000019D
000002A9
FFFFFF23
000005E6
FFFFFF19
FFFFFCEC
00000519
000000D6
FFFFFB9D
00000367
FFFFFED8
FFFFFE01
FFFFF93D
FFFFF8C8
FFFFF95D
000001B9
0000009F
000001FD
FFFFFF61
00000641
0000002B
0000035D
000001A8
FFFFFCB9
FFFFFFBB
0000077D
000004F1
000002CF
0000010C
FFFFFE5C
FFFFFB5D
000003AB
00000048
00000591
FFFFFB07
0000001F
FFFFFCA3
0000024E
000000C7
FFFFF710
FFFFFB0A
00000083
FFFFFD1E
FFFFFB0F
FFFFF6BF
000002DD
FFFFFCF2
FFFFFB49
FFFFFFD4
FFFFFC88
0000070A
000007B5
000001E7
FFFFFCFC
000006FF
FFFFFE68
FFFFFC74
00000242
FFFFFB5C
FFFFF6D9
0000059A
FFFFFE23
0000003B
FFFFFEF8
FFFFFAE2
000002CE
00000227
FFFFFC2B
FFFFFC44
000000F8
FFFFFDB6
FFFFFCDC
FFFFFB0F
000005A0
00000309
0000056D
0000026E
00000610
0000065F
FFFFFFC4
FFFFFD7A
000002F1
0000036E
FFFFFBD8
00000471
000002EC
00000776
FFFFF4AC
000004CC
00000747
FFFFFB9F
FFFFFBA2
000005D3
000001E4
FFFFFC8F
FFFFF71E
FFFFFAE8
FFFFFC51
FFFFFDBC
0000019C
00000843
00000157
FFFFFF25
000004B1
FFFFFFD7
0000003E
FFFFFBE1
00000128
000005AC
000006E5
FFFFF96F
FFFFFBCC
00000834
000004D5
FFFFFD11
000000B0
FFFFFED7
FFFFF915
000004A6
00000370
0000031E
00000096
FFFFFAE1
FFFFFD0A
000003FC
FFFFF49C
FFFFFED9
00000580
FFFFFBE9
00000658
00000444
000000F7
000001FB
FFFFFE1D
FFFFFC12
FFFFFF2D
0000041A
FFFFFF6A
00000413
FFFFF7FB
FFFFFC21
0000040D
FFFFF929
FFFFF8D7
FFFFFDC6
00000373
FFFFFE34
000000A8
000003BC
000003FA
000003AE
00000557
FFFFFEF7
FFFFFD3C
FFFFFC71
FFFFFC49
FFFFFA03
FFFFFB98
FFFFFBBF
0000041C
0000002F
00000585
FFFFFF70
00000707
FFFFFEA4
FFFFFE14
00000287
FFFFF8C2
0000071B
00000339
0000030D
000006BA
FFFFFCA7
00000496
FFFFFC16
000003AE
00000357
FFFFFB9E
FFFFFC43
FFFFFC0C
00000374
000001E1
FFFFFEF9
FFFFF84A
FFFFFA0B
FFFFF852
FFFFF707
00000012
00000419
FFFFFF5C
FFFFFF2C
FFFFFB82
FFFFF651
000006AB
0000033F
FFFFFC50
FFFFFCEB
00000863
FFFFFD0D
000000BF
000001C0
FFFFFF91
00000263
FFFFF80B
FFFFFCE6
FFFFFE68
000005DD
FFFFFDCD
0000028F
FFFFFAF8
0000010C
FFFFFC67
FFFFFE03
FFFFF7D5
FFFFFBB7
FFFFF8C7
FFFFFAB8
FFFFFDEF
00000327
000001E5
000002EA
00000015
FFFFF941
000004B3
000006BB
00000277
00000226
00000896
FFFFFA35
000000D7
FFFFF9A0
00000A52
FFFFF9A5
FFFFFD8D
00000B37
0000038D
00000431
0000090C
FFFFFDD9
FFFFFA0E
FFFFF906
0000036C
000003C2
00000237
000004ED
FFFFFE37
00000499
00000861
FFFFFFD9
FFFFF8BA
FFFFFCAC
FFFFFB4C
FFFFF6ED
000003D8
FFFFFA7A
FFFFFA9E
000005D0
00000418
000000FB
FFFFFEC8
FFFFF975
00000BA7
FFFFFDE8
00000647
000002D0
000000A2
0000082E
FFFFF7DA
FFFFFFC5
FFFFF8C9
000004B3
00000B26
FFFFFC01
00000131
00000589
FFFFFFA3
00000346
0000016B
FFFFFDC6
FFFFFC7F
000006D6
FFFFFEBE
FFFFFEE2
00000431
FFFFFD7B
00000489
00000427
000003C1
FFFFFC03
000000CC
FFFFFAC8
FFFFFC5E
FFFFFCA6
00000771
FFFFFC3F
FFFFFCDC
FFFFFCFE
FFFFF96A
FFFFFC89
FFFFFB7B
FFFFFAB6
000006E8
000007A1
00000486
00000078
000004F3
00000645
FFFFFCEA
0000002D
0000073B
000001ED
FFFFFEE6
0000034B
000007E8
000004F1
FFFFFE2A
0000052C
FFFFFADA
000005E1
FFFFF834
FFFFF6C2
FFFFFD9F
FFFFFFA7
000006DE
00000350
000004A2
00000405
000008AD
0000023C
00000430
FFFFFB82
FFFFFACD
FFFFFA19
000001EE
00000576
FFFFFCC2
00000295
000000F1
FFFFFE3D
FFFFFA97
00000537
000001B1
FFFFFF69
00000219
FFFFFC52
00000289
00000173
000003CD
FFFFFDAA
000000B5
FFFFFF23
FFFFFAB1
FFFFFC03
000002F7
FFFFFA6A
FFFFF8CE
FFFFFC91
000002E9
000002E3
FFFFFAA1
0000035B
00000117
FFFFFEE9
00000463
00000709
00000242
000003AE
00000777
FFFFFF85
FFFFF8E9
000003FF
00000130
0000065A
FFFFFE66
000004FA
FFFFF7E4
FFFFFC4E
0000040F
0000009D
00000866
000004F6
00000347
000003A7
FFFFFFAB
00000571
FFFFFEBF
FFFFFD5F
FFFFFD41
00000473
000005DD
FFFFFD1E
FFFFFCE5
000009B0
0000004B
0000047B
0000073B
000004BB
000007E2
FFFFF961
00000002
FFFFFF08
000005F2
000002D2
FFFFFD42
00000375
0000005A
000007C0
000005A9
0000088A
00000784
000003E4
000004FA
00000B5C
00000065
FFFFFE9F
0000096C
000009C1
0000040D
FFFFF989
FFFFF936
FFFFFFB9
FFFFFEF4
000000BD
FFFFFEC8
000002FE
0000066C
0000031F
FFFFFEE0
00000349
FFFFFBAB
00000649
0000004F
FFFFFD2C
000006F9
0000013A
000001D2
FFFFFBFD
FFFFFC47
000004B2
000001E7
000000D3
FFFFFFF6
FFFFFE65
FFFFFD3A
FFFFF9CB
FFFFFB40
FFFFFFB2
00000369
FFFFFE2D
0000039E
00000442
FFFFF780
FFFFFF5C
FFFFFFAD
000004CB
000002FD
0000078D
FFFFFED1
0000070E
000002DC
FFFFFA4F
000004F2
00000430
00000063
0000069D
00000309
FFFFFF60
FFFFFCE9
000005A8
00000247
000007DA
00000050
FFFFFAB4
000007D9
0000059A
FFFFFD22
0000052B
0000047A
0000021A
000007B1
0000017C
00000432
FFFFFFA8
FFFFFB29
00000442
FFFFFECD
00000866
0000059E
00000737
FFFFFD49
00000029
0000035D
00000624
0000004F
FFFFF5F2
00000696
FFFFFFFD
0000033F
000001A6
000004CB
FFFFFD6C
FFFFFD4F
00000844
FFFFFC2B
00000700
000000AE
0000042C
FFFFFA6E
FFFFF53A
00000222
FFFFF8F2
FFFFF904
FFFFFE70
FFFFFDD8
00000235
FFFFFD0C
FFFFFE6C
000000B5
FFFFF5D1
0000053D
0000050F
FFFFFE3C
FFFFFB38
FFFFFADF
000003A4
000004C7
0000044C
0000020C
FFFFFAEF
00000684
0000037E
00000235
0000051C
FFFFF997
FFFFF91C
FFFFFF41
00000000
000002B0
000002A9
FFFFF924
00000D72
FFFFFAAF
FFFFF9D8
0000078A
FFFFFB98
000007BA
0000078E
FFFFFDDA
FFFFFF48
00000055
FFFFFDF1
00000495
FFFFFF94
FFFFFB43
FFFFFA96
0000025C
FFFFFBD1
FFFFFE2F
FFFFF942
FFFFF801
000000A0
FFFFFDA4
FFFFFF09
0000055D
000006EA
FFFFF596
000007FD
FFFFFA41
000000DB
FFFFFE1E
FFFFF8C8
FFFFF6FA
00000025
FFFFFD89
FFFFFD41
FFFFF8D8
00000220
00000487
FFFFFB2E
FFFFFC9F
000003E6
000008CE
FFFFFB3D
FFFFFDA5
00000CA0
FFFFFE23
FFFFFE68
000000E0
FFFFFBB0
00000082
FFFFFDAF
000005EC
FFFFFED7
FFFFFFF6
000001EB
00000614
FFFFFB1C
FFFFF820
FFFFF6E1
0000035D
FFFFFCDF
000002DA
FFFFFF41
FFFFFC11
000007B1
00000290
FFFFFD1A
0000022B
FFFFFF9A
0000043B
FFFFFA9D
FFFFFFA4
00000050
0000037F
00000784
FFFFFA6C
00000287
FFFFFED5
00000334
00000737
FFFFF826
0000041C
FFFFFB9E
FFFFFE86
0000028B
FFFFFD0C
0000022A
FFFFF3A2
000005C0
FFFFF9D4
000002D1
FFFFFE84
FFFFFA01
00000565
FFFFF999
00000204
0000038A
FFFFFEE9
000007C7
000006B6
FFFFF7E7
FFFFFB9B
FFFFFA40
FFFFFFE2
FFFFFDBA
0000035A
FFFFFA92
FFFFFBF8
FFFFFB42
FFFFFD6E
0000020A
FFFFFB6C
000000D2
0000011D
0000065D
FFFFFC78
FFFFFCC3
000006C8
0000027A
00000693
FFFFFFE8
00000083
FFFFF0B9
000005ED
0000016A
FFFFFDBB
FFFFFC4C
000005EC
000000F3
000004F5
00000212
FFFFFAAB
00000600
FFFFFB44
FFFFF625
FFFFFED3
FFFFFF04
FFFFFCED
FFFFF8A2
FFFFF6C0
00000706
FFFFFF6D
0000092D
FFFFFD67
FFFFF251
000005CF
FFFFF8A3
000000BE
00000089
000005B6
000008E8
FFFFFB60
FFFFF83E
0000031E
FFFFF9E2
FFFFF973
000003AF
FFFFF806
FFFFFC6C
FFFFFEA2
FFFFF314
00000AE2
0000018F
FFFFF8AE
FFFFFAA7
FFFFF484
00000659
000004A9
00000893
FFFFF794
FFFFF628
FFFFFB4C
0000014D
FFFFFE93
FFFFFBDA
FFFFF80B
00000213
0000042D
000001E0
FFFFFDA8
FFFFF935
00000811
FFFFFD01
00000639
00000221
FFFFF919
000005EE
00000627
FFFFFBC2
000006E6
00000413
FFFFFF4A
FFFFFE68
FFFFFDFF
FFFFFD1A
FFFFFAF5
00000514
0000035F
FFFFF968
00000438
FFFFFD80
00000331
FFFFFCBF
00000266
00000140
FFFFFCB3
000008CF
FFFFFF70
FFFFF71F
0000021A
FFFFFBB6
FFFFFA19
FFFFF676
FFFFFD62
FFFFFB49
0000039D
00000974
FFFFFC35
0000021A
FFFFFB19
FFFFFB1A
0000026F
FFFFFF12
00000551
FFFFFF38
FFFFFC7D
FFFFFD43
FFFFFEC6
FFFFF900
FFFFFFE5
FFFFFF65
FFFFFBEF
000006A3
00000679
0000060C
FFFFF940
FFFFF921
FFFFFDB9
000007B4
000005F5
000000DD
FFFFFF65
0000012C
000000EE
00000794
FFFFFF09
000002E2
000001E5
FFFFF7FD
00000061
FFFFFF0E
000003D7
FFFFFC8B
FFFFFAE7
00000552
FFFFFDAA
FFFFFC42
FFFFFFBF
FFFFF79F
00000AA6
FFFFF46B
000001BA
FFFFFDDB
FFFFFEFF
00000065
000004C2
00000834
FFFFFE59
00000564
FFFFFF44
FFFFFE00
FFFFFC9F
FFFFF758
0000005C
FFFFFD34
00000034
000000A7
00000822
FFFFFD75
FFFFFBE3
00000247
000007BF
000002B0
FFFFFDD6
FFFFFABE
FFFFFE17
00000337
00000086
000009FF
FFFFF887
FFFFFEE1
000006F8
FFFFFDE0
0000038E
FFFFFB31
00000BF2
00000392
FFFFFF7E
00000804
FFFFF6FB
FFFFFAB8
FFFFF8B6
FFFFF981
00000424
000004A9
FFFFFCFA
FFFFF97B
FFFFF6BC
000001C0
00000098
FFFFFF04
FFFFFF8C
FFFFF65C
FFFFF9D2
FFFFF78F
FFFFFF08
FFFFFBF3
FFFFFB93
000002B3
000007B1
000000E7
00000058
00000406
0000065F
FFFFFE4A
FFFFFEFB
00000944
FFFFFD9B
0000070A
FFFFFEAF
000001FD
000000B8
FFFFFE9C
0000049B
FFFFFCA0
00000766
0000079B
000000EA
0000028F
000006F1
000004A5
FFFFFB13
FFFFFEBA
000000C2
FFFFFB54
0000052F
0000045E
00000100
FFFFFE03
0000067A
0000052B
FFFFFE70
FFFFFF96
FFFFFBEA
FFFFFC31
FFFFFC9D
FFFFFC39
FFFFFDCF
FFFFFFCC
FFFFFBC4
FFFFFA08
FFFFFDF9
FFFFFCA9
FFFFFC1B
FFFFFB3C
FFFFFFBD
FFFFFEE7
0000038D
FFFFFE8F
FFFFFC9A
000000B0
FFFFFB34
FFFFFD3B
FFFFFBCC
00000028
000001E0
00000070
000000AF
000008AD
00000151
0000060E
0000025C
00000379
FFFFFEBA
0000012F
FFFFFFD9
FFFFFDF6
000005D0
000004AC
000007C0
000006F1
000002AA
FFFFF62B
00000515
FFFFFFB0
000000EC
00000289
000002E7
FFFFFDD5
00000187
000003BD
FFFFF8A6
0000008B
FFFFFA16
FFFFFFD6
000004B6
FFFFFC69
00000596
FFFFF87A
FFFFFE6E
FFFFF9F4
FFFFF9ED
00000020
FFFFF93C
FFFFFECA
00000516
000004A1
FFFFFE58
FFFFFA0E
FFFFFDB1
FFFFF9E6
000000CF
00000208
FFFFFB0F
00000571
FFFFFC11
00000094
FFFFF839
FFFFFA54
FFFFF89F
00000317
0000028A
FFFFFE62
000000F0
0000053B
000003B5
FFFFFABA
FFFFF975
FFFFFD1D
FFFFFABF
0000013D
FFFFF76A
FFFFFB63
00000217
000004DB
FFFFFAC8
00000122
FFFFFC81
000000FC
FFFFFBBF
FFFFF9C8
000005BD
FFFFFA94
FFFFFBF1
0000027B
0000050F
FFFFFB7B
FFFFFF82
FFFFFC5C
FFFFF8F8
000002A9
000003A9
00000560
00000435
00000113
FFFFFBE9
FFFFFDC3
00000455
0000017C
00000085
FFFFFB12
FFFFFB31
0000039A
0000026E
FFFFF28D
000004E7
FFFFF875
FFFFFB72
FFFFFF50
FFFFFBBC
FFFFFD73
FFFFF833
FFFFF8FD
FFFFFFD5
00000356
000003D8
000001F5
0000028E
00000197
FFFFFF5C
FFFFFA86
000002D9
000001E8
000000A2
0000027C
FFFFFD83
FFFFFFAE
00000291
0000068C
FFFFFC1B
FFFFFCD4
00000288
00000546
FFFFF9DE
FFFFFE57
00000379
FFFFFCC3
00000651
000004EC
00000660
FFFFFB07
FFFFFEE6
0000026D
0000014D
0000021C
FFFFF19E
0000031B
FFFFFF0E
FFFFFBCA
FFFFFEAD
00000314
00000229
0000046A
000008EE
000008D0
000002E1
0000002C
FFFFF9A2
FFFFF9CE
FFFFFC30
00000579
FFFFFB58
FFFFF4AA
00000083
FFFFFDB5
FFFFF95C
0000026D
0000006C
FFFFF7B7
000001DC
0000033E
FFFFFC00
FFFFFC00
FFFFF93A
000002BC
FFFFF4ED
0000018B
00000746
FFFFF8E8
000005B6
00000374
FFFFFD0A
000002BD
FFFFF8AF
000009EC
00000A64
FFFFF1B0
FFFFFB31
000002BE
0000008E
FFFFFF8C
000005DA
FFFFF9B0
FFFFFE5C
00000270
FFFFFA72
00000567
000003D4
FFFFFC37
000000BA
FFFFFABA
FFFFFD85
00000323
000002C8
FFFFFBCA
FFFFFA2A
FFFFFA8A
FFFFFE77
0000025C
000002DA
FFFFF8CE
FFFFFA51
0000005B
000001D4
FFFFF982
00000197
0000090C
FFFFFDC5
FFFFFF3A
00000169
0000047B
FFFFFF29
FFFFFAF4
FFFFFF74
FFFFFC88
000001E1
0000001A
FFFFFE41
00000587
000004DF
FFFFF1EC
FFFFFC3B
FFFFF98D
000001FB
FFFFF9A1
00000039
FFFFFFC5
000002ED
000002EF
000003E6
FFFFF7EB
00000454
00000132
FFFFFBA6
FFFFFE38
FFFFFEEC
FFFFFCDE
FFFFFCB0
0000008B
FFFFFF3E
FFFFF714
FFFFF692
000008A7
00000150
000003E2
FFFFFAD9
000002AC
0000042F
FFFFFF1D
FFFFFE83
FFFFFE37
FFFFFF6E
FFFFFEE7
0000040D
00000568
FFFFFEC6
FFFFF698
000000B8
FFFFFC97
000004AA
000003FD
000002A7
000003CB
00000344
00000097
FFFFFD6E
00000411
FFFFFFB3
0000007A
00000056
0000040B
0000035D
FFFFFFB4
00000046
000004E2
FFFFFFF4
FFFFFD23
000002BB
FFFFFA9E
FFFFF82B
FFFFFD4C
FFFFFD84
FFFFFCCD
000001B1
000002F3
0000056C
000004DF
00000554
FFFFFE5F
000004D5
FFFFFD15
FFFFFF84
FFFFFF4A
FFFFFA2D
FFFFFADA
FFFFFD4C
00000508
000004DE
FFFFFE83
00000236
FFFFFDDA
000000A0
FFFFFDB4
FFFFF940
00000212
FFFFFBFB
00000207
000003D8
00000288
00000167
0000062F
FFFFFCF1
0000002D
000001B9
000000D9
0000043D
000005A0
00000446
000001F0
000000CE
00000044
0000048C
000003B2
FFFFFC9B
000001F7
000001AF
00000215
FFFFFD28
000003CA
FFFFFE83
00000237
0000036D
000005F7
FFFFFFA0
FFFFFBDD
0000011C
00000291
000001B1
FFFFFC67
000003C1
00000411
FFFFFC28
FFFFFE68
000000B0
FFFFFFC3
FFFFFD1E
000002C3
000000C9
00000289
000003FC
000001E9
000001E3
0000060B
FFFFFFD4
000001BB
FFFFFF53
000001AE
0000017F
000000F9
FFFFFD3E
00000114
FFFFFC03
000007B3
0000068F
000000FC
00000145
00000090
0000040C
FFFFFD80
00000252
00000384
FFFFFBB4
FFFFFAE3
FFFFFA85
FFFFFAB8
FFFFFFD8
FFFFFE9E
000002A1
FFFFFDF1
000001C6
0000037A
00000632
FFFFFC84
FFFFFEC2
00000684
0000026E
0000064A
FFFFFF96
00000157
FFFFFED5
000001F6
0000002C
FFFFFCC6
00000061
00000259
00000328
0000021F
000000FD
00000029
FFFFFC3D
FFFFFA9F
FFFFFC65
FFFFFA64
FFFFFE43
FFFFFF2B
FFFFFB6E
FFFFFED8
000003FE
FFFFFF8A
00000017
00000093
FFFFFA8F
FFFFFFB3
0000026B
FFFFFB58
FFFFF9D3
00000189
00000104
0000029C
FFFFFBC4
0000021F
00000331
FFFFFE77
000002BF
000000D7
0000020F
FFFFFE86
FFFFFA1D
000002E9
00000727
FFFFFE2A
FFFFFEFE
FFFFFD54
000000C6
00000379
FFFFFBB1
00000054
FFFFFA62
FFFFFD75
FFFFFD92
0000014E
FFFFFA2C
00000055
00000189
000000DA
00000505
000001B4
FFFFFE48
FFFFFDBA
00000371
FFFFFC6B
000002E3
FFFFFF17
000006DF
00000144
0000036F
FFFFFEF6
FFFFFF91
000002B2
00000697
00000524
FFFFFAAE
0000023A
FFFFFF75
00000040
FFFFFD8B
FFFFFDAA
FFFFFE16
000001D3
FFFFFFD5
00000316
00000073
FFFFFE13
00000326
000000C8
00000231
000002F0
00000100
FFFFFFB9
FFFFFDF2
FFFFFF71
FFFFFB51
FFFFFE84
FFFFFCE7
000000C1
FFFFFE76
000001B0
000002C2
0000008E
0000021D
000002B6
FFFFFEE5
FFFFFF26
00000566
000002E8
FFFFFF0E
000001F1
FFFFFD9A
00000707
000003B7
00000076
00000212
00000418
0000049F
FFFFFEE1
FFFFFF40
00000225
00000597
00000176
FFFFFC25
000005F0
00000160
0000038F
00000020
00000347
0000017F
FFFFFE3F
000003DC
FFFFFAA0
FFFFFF50
00000171
FFFFF9E5
FFFFFF05
00000123
FFFFFB4F
00000576
00000211
FFFFFB82
FFFFFF33
00000475
FFFFFB06
000002FA
0000035E
000004AF
000002E2
00000061
FFFFFF1C
0000038B
00000110
000003E7
000000B5
00000361
0000027E
000005A6
FFFFFF2F
FFFFFFF1
FFFFFDEF
000000D2
FFFFFEC8
00000148
FFFFFC11
000001FD
FFFFFA32
FFFFFD91
00000089
FFFFFCF2
000001DA
00000078
FFFFFC3B
FFFFFF05
000004B6
FFFFFF56
00000298
FFFFFB59
FFFFFE35
FFFFFC31
00000068
00000129
FFFFFE8E
FFFFFB25
FFFFFFDF
00000034
FFFFFCAA
FFFFFCD0
FFFFFC8A
000000E7
FFFFFAE0
0000013B
00000022
0000029E
00000153
FFFFFE8D
FFFFFDC8
FFFFFA23
FFFFFDA3
00000112
FFFFFB15
00000297
00000011
00000400
FFFFFD87
FFFFFFFB
FFFFFC33
FFFFFDCF
FFFFFD4B
FFFFFE4E
00000352
00000263
0000030E
FFFFFF49
FFFFFB16
FFFFFCCF
0000038C
FFFFFFA9
0000009B
FFFFFD89
00000299
FFFFFF1A
FFFFFEAB
FFFFFBE0
FFFFFDAD
FFFFFCBA
FFFFFA3A
FFFFFD5F
000004C1
000006B5
0000026D
FFFFFFAE
0000050F
00000606
000002A3
0000017D
000002B2
FFFFFFB1
00000308
FFFFFEDC
0000013F
00000097
000001DE
0000036A
FFFFFF11
00000128
FFFFFE95
0000039C
000002EB
FFFFFF75
0000053B
FFFFFEB2
0000026D
00000449
000004E7
0000048B
000001C3
FFFFFD47
FFFFFF0C
FFFFFF91
FFFFFF15
0000063E
FFFFFE3A
00000368
0000002F
FFFFFA6C
000003B0
0000005D
FFFFFE32
FFFFFD87
FFFFFEE0
000000CF
FFFFFAE3
000004C8
00000428
0000019D
000005C2
0000043E
000003EB
00000539
00000614
FFFFFF9E
FFFFFDD1
FFFFFEB3
FFFFFF4E
FFFFFE8A
FFFFFF28
000000B5
FFFFFC10
0000012C
FFFFFDC2
FFFFFEAF
FFFFFD62
00000172
0000000E
00000135
000000D2
00000118
FFFFFDBF
00000163
FFFFFEB5
00000238
FFFFFD03
0000025F
0000019B
FFFFFCDA
FFFFFD18
0000030B
FFFFFF15
FFFFFBA5
FFFFFDEC
00000373
FFFFFDD6
FFFFFF77
FFFFFE9E
FFFFFE00
000002B1
00000232
00000118
000000D6
FFFFFB60
000000E9
00000365
00000117
00000100
FFFFFE68
00000015
000002A8
0000030D
FFFFFEED
FFFFFEB5
000002F3
00000173
000003AC
00000086
FFFFFFA6
FFFFFFEB
00000351
000001FC
FFFFFFC0
000001FB
0000009F
FFFFFCC3
00000207
00000078
0000037B
00000121
00000448
0000002D
00000397
FFFFFED1
00000081
0000043D
FFFFFE34
FFFFF9CC
FFFFFE08
00000515
FFFFFCAF
FFFFFF4B
00000155
000002FB
FFFFFB9B
00000277
000002BA
FFFFFDBC
000002FA
FFFFFB59
0000009F
0000037E
FFFFFE3A
FFFFFE6F
00000310
FFFFFF3E
FFFFFE4A
FFFFFCD3
FFFFFDAD
0000047E
FFFFFD6E
00000209
FFFFFEA3
000002F1
0000030E
0000006F
00000181
FFFFFFF3
000000FA
000001B3
000004B9
FFFFFF90
0000036D
FFFFFD79
000001D8
FFFFFD5C
000004E7
FFFFFFCE
000001CE
000001E0
00000223
FFFFFFC0
FFFFFE38
FFFFFE01
00000119
0000014C
000002A8
FFFFFCD5
FFFFFFF6
000001F3
00000002
FFFFFEA2
0000017C
FFFFFB54
FFFFFF56
00000636
00000244
000002F3
000003F0
000000DA
000002B7
FFFFFB32
0000016B
FFFFFC1D
FFFFFFA4
FFFFFB84
00000469
000001BB
FFFFFB17
00000277
00000470
00000199
FFFFFE0C
00000183
00000127
000001CC
00000479
00000528
FFFFFF13
FFFFFF3A
00000186
FFFFFCD9
000001C9
000004C6
00000174
FFFFFB42
00000191
FFFFFC96
FFFFFE12
00000047
0000005E
FFFFFC26
000002A1
00000529
FFFFFB81
FFFFFFE4
00000022
000004DA
FFFFFCD3
00000080
FFFFFF83
FFFFFDD0
0000045D
0000035B
00000817
000002E9
FFFFFC22
000005A0
FFFFFCAC
000001E6
FFFFFEFD
0000020F
FFFFFDDB
FFFFFEF7
FFFFFE7F
000002D2
FFFFFB26
FFFFFDFA
00000155
FFFFFF87
00000497
FFFFFC62
FFFFFB3B
FFFFFE96
00000700
FFFFFE4E
00000267
00000074
FFFFFE4C
00000748
00000441
0000018E
FFFFFB30
FFFFF952
FFFFFFED
00000066
FFFFFC23
FFFFFEEC
00000077
FFFFFB89
FFFFF890
000001A9
00000551
FFFFFC91
00000138
000002E1
0000018C
00000193
000000DC
FFFFFFCC
00000058
00000861
000007FE
00000398
FFFFFBC5
00000A98
00000650
000004B3
0000043B
000004C9
00000167
00000029
000000DF
FFFFFD9E
0000010D
FFFFFDAA
00000359
000000B9
00000044
00000636
00000234
000005C2
FFFFFD8B
FFFFFC53
000004E5
00000041
FFFFFDC7
FFFFFDF1
FFFFFC88
FFFFFE52
000004F7
000005DF
00000126
FFFFFCDC
000003D6
FFFFFD2C
00000430
00000410
FFFFFE10
000000BE
00000815
FFFFFE1D
0000053F
00000462
0000084B
000000FB
00000465
FFFFFC6D
FFFFFDEC
000004D2
0000050F
FFFFFDDD
FFFFFD71
FFFFF80D
00000565
000001C0
0000024C
00000223
FFFFFF51
FFFFFE96
FFFFFFF4
000001A9
00000599
FFFFFBBA
FFFFFC26
FFFFFE8D
000000F3
FFFFFA08
00000003
FFFFFFC7
00000296
FFFFF9ED
00000594
000002D5
FFFFFD53
0000019D
000002ED
FFFFFD69
000002D2
00000153
FFFFFF3C
FFFFFF04
FFFFFACF
FFFFF9DE
FFFFFA5C
000002FF
FFFFFC2E
FFFFFFFA
FFFFFFCE
00000415
FFFFF8C8
FFFFF9CD
00000135
000001C6
FFFFFA31
FFFFFB18
FFFFF818
00000538
00000372
FFFFFE69
000004AA
000003CA
FFFFFD65
0000026C
FFFFFDE1
FFFFFB34
FFFFFE89
00000137
00000269
00000557
FFFFFACC
00000544
0000025F
000002E9
FFFFFD28
00000430
000008D9
FFFFFC5B
0000035E
FFFFFA68
00000010
FFFFFB82
00000298
0000007A
FFFFF738
FFFFFA8B
0000063F
FFFFFA54
FFFFFF5F
FFFFFBEA
FFFFFEF8
FFFFFD5A
FFFFFCB7
00000700
000004DC
FFFFFFC4
FFFFF7BB
00000266
000001E7
FFFFFD1C
0000011F
FFFFFA2E
FFFFF7D7
00000413
FFFFFC64
00000235
FFFFFACD
FFFFFC00
FFFFFF39
00000023
FFFFFF32
0000044B
00000394
000006FF
FFFFFC36
FFFFFF57
FFFFFFD3
FFFFFFCB
00000584
000001A1
0000041B
0000007E
FFFFFB33
000001B4
0000024E
FFFFFDA3
FFFFFAE6
FFFFFA1A
FFFFFC60
00000275
0000024C
FFFFFEB6
FFFFFD79
0000052D
FFFFFBEE
FFFFF837
000000CA
FFFFFA8D
00000342
0000018A
FFFFFC26
FFFFFD79
00000013
FFFFFEDA
FFFFFA30
00000418
FFFFFBB7
0000032A
000002E1
000002A7
00000353
0000001C
000001EA
00000063
FFFFFEE9
000002B6
000001C6
000001CB
00000047
000005A0
00000420
00000149
0000002B
FFFFFD97
0000056C
0000006E
000001C2
FFFFFFE9
FFFFFF51
0000060D
000001E2
00000391
FFFFFC20
FFFFFA13
0000000E
FFFFFF2B
000000B5
FFFFFD80
FFFFFFED
000002B5
00000117
00000049
FFFFFD14
FFFFFC66
FFFFFB82
FFFFFBA2
000001EC
000001F8
0000044C
00000282
FFFFFD11
FFFFFF58
FFFFFBA9
FFFFFA54
FFFFFFA6
00000100
FFFFF6AA
FFFFF875
000000F9
00000046
00000264
00000352
FFFFFD4F
00000354
FFFFFDA4
00000350
FFFFFCFE
0000039C
0000017B
000005F1
FFFFFCE3
FFFFFD7F
0000047C
000003BB
FFFFFBC0
FFFFFF36
FFFFFFAE
FFFFFEC1
0000009A
FFFFFE57
FFFFFC45
0000044B
00000310
00000067
00000257
0000048F
000003E5
00000073
0000016D
00000146
FFFFFFF5
FFFFFF36
FFFFFC88
FFFFFE83
0000095C
FFFFFBCA
000005B7
000006C6
000002B3
FFFFFECF
FFFFFCF0
0000004F
00000306
FFFFFB4B
FFFFFE72
FFFFFE5B
FFFFFC03
000004A7
FFFFFE47
FFFFFCA7
FFFFFDDC
FFFFFE6B
FFFFFB99
FFFFFD1A
0000031E
FFFFFB38
FFFFFE2C
00000543
0000039F
000002A3
00000835
000005A5
000003A2
000001D2
00000550
000007E0
FFFFFF5B
000000E3
00000593
00000639
FFFFFDED
000003B3
000005F5
FFFFFDD9
FFFFFB38
FFFFFE01
000001B8
FFFFFC09
FFFFFB53
00000569
00000387
FFFFFFF1
FFFFFCEA
FFFFFEAD
000007CB
000006D5
00000336
00000507
000003FE
FFFFFD2E
00000227
FFFFFCDA
00000037
FFFFFE46
FFFFFC6B
FFFFFB18
0000024C
FFFFFE48
FFFFFEB3
00000427
000000BE
00000492
00000472
00000328
FFFFFFE9
00000440
0000009B
00000194
00000446
000002BF
00000368
000000F1
FFFFFA5E
000002FE
FFFFFBAB
000001AA
FFFFFA70
FFFFFA54
FFFFF9C9
000004A2
00000310
000001C0
0000021D
FFFFF93E
FFFFFF01
FFFFFB9F
FFFFFFAB
00000112
FFFFFF59
FFFFFF79
0000047A
00000120
0000008C
00000138
FFFFFEB3
000004F0
00000713
FFFFFB91
FFFFFC20
FFFFFB8F
FFFFFF8C
FFFFF8FC
FFFFFCAD
FFFFFAFC
00000003
FFFFFD3A
FFFFFBF5
00000339
000004A2
000001F7
00000726
0000014B
FFFFFAAB
FFFFFE50
FFFFFEFE
00000268
000003AE
FFFFFAF9
00000141
00000093
FFFFFF7B
000001B2
00000363
00000094
00000077
FFFFFD25
00000363
FFFFFEBB
FFFFFA45
000000AC
00000098
000005B3
000006BB
FFFFFED3
00000031
FFFFFC05
00000273
0000021B
00000419
0000031F
000000B6
000000DE
FFFFFBE9
FFFFF9A4
FFFFFC35
000002C0
FFFFFF04
FFFFFA79
00000293
FFFFFD98
00000498
FFFFFBEA
00000234
00000933
FFFFFDAA
000000FF
00000300
00000712
000008E4
FFFFFAFB
00000068
0000086E
FFFFFFED
0000026E
00000302
FFFFF915
FFFFFEC6
00000438
00000307
0000017A
FFFFFEA5
FFFFFDE5
FFFFFEDF
0000066F
00000572
FFFFFD88
FFFFF6F7
FFFFFC39
FFFFF9FE
0000012D
FFFFFE76
FFFFFE81
00000022
FFFFFCB4
0000036C
FFFFFE4A
00000050
FFFFFF6C
0000025C
00000407
FFFFFCE9
FFFFFB8B
FFFFFF3E
FFFFFD80
FFFFFDEA
FFFFF969
FFFFFA71
000006AD
00000355
FFFFFC1E
0000081A
FFFFFCDE
000002B2
00000099
FFFFFEE6
00000835
FFFFFE40
00000482
FFFFFBE2
0000019C
FFFFFE1D
FFFFFBF3
00000054
0000066C
00000502
FFFFFA66
FFFFFE79
FFFFFB07
FFFFF99A
000000EE
FFFFFD5C
000001C6
FFFFFB39
000002EC
000000FA
000000E5
FFFFFB79
0000010E
00000080
FFFFFB70
00000054
FFFFFB3F
FFFFF8BF
0000005E
FFFFF62A
FFFFFC3E
FFFFFD63
FFFFFCDD
FFFFF6C6
FFFFFED1
00000231
FFFFFFF6
FFFFFB33
000008D5
00000398
FFFFFFEB
FFFFFD70
FFFFFE93
0000027E
FFFFFFDF
FFFFFE1C
00000105
00000111
00000347
FFFFFFD2
00000367
FFFFF875
00000336
FFFFFDFC
FFFFF8C1
00000386
FFFFFB02
000001CB
00000767
FFFFFFD2
0000004E
0000011C
000007D9
00000305
FFFFFCD8
00000594
FFFFFE9C
FFFFFFB8
FFFFFE31
000001AA
FFFFF842
FFFFF67F
FFFFFF19
FFFFFF55
FFFFFF05
FFFFFE48
FFFFFE3D
FFFFFF3C
000005C7
00000496
00000938
00000271
00000244
FFFFFC05
FFFFFBE1
00000410
FFFFFE70
0000033E
000000F3
000002A5
FFFFFC06
FFFFFB10
0000059D
0000007E
000003DB
FFFFFCB3
0000055D
00000678
FFFFF9F8
000000C4
FFFFFFE7
FFFFFCD7
000001A5
FFFFFF05
0000039D
00000729
000001D9
0000052F
FFFFFDE0
0000058C
FFFFFDB2
FFFFFCBF
00000036
FFFFF49D
FFFFF944
FFFFFD5E
000005FD
000002E5
FFFFFDF0
00000184
FFFFFA53
FFFFFB89
FFFFFF58
000001A5
000004CF
000003DA
00000376
FFFFFF20
00000083
000005CE
000002B0
FFFFFF57
FFFFFAA0
FFFFFEDF
000006ED
FFFFFBD7
00000837
00000397
FFFFFFFE
FFFFFC4C
FFFFF76E
FFFFFE2F
FFFFFECC
FFFFFB3A
FFFFFF4D
00000441
FFFFFC02
FFFFFBA8
FFFFF6BE
FFFFF712
FFFFF55C
00000189
00000115
FFFFFBC5
000003B1
FFFFFDBF
0000088E
FFFFFCA7
00000134
FFFFFB86
FFFFFA6B
00000242
FFFFFE6F
00000528
000002CD
FFFFFEF5
000007A6
FFFFFD89
FFFFFDAA
0000024B
FFFFFFB1
00000031
FFFFFCC9
FFFFFDC2
FFFFF77A
FFFFF8E8
FFFFFBE7
FFFFFEA2
0000002E
000001FE
000001C9
FFFFFA12
FFFFFD17
FFFFF91C
FFFFFD05
00000070
FFFFF78A
000002C6
FFFFFF1B
0000014C
FFFFF9D6
0000007B
FFFFFACF
FFFFFCD2
00000449
FFFFF67E
FFFFFEEB
FFFFFE36
FFFFF6EF
FFFFFD5B
FFFFFF2B
000009D6
FFFFFF84
FFFFF9EF
FFFFF859
00000863
FFFFFF18
00000228
FFFFFC4D
FFFFFAE2
000001A3
000002F8
00000457
00000210
0000025F
00000327
000002D5
000004B6
00000004
00000665
FFFFFBEA
00000182
00000415
000004E8
000004D0
FFFFFF14
FFFFFF49
000000C5
FFFFFCF1
0000015F
FFFFFC81
00000879
00000686
FFFFF8F8
000001FA
0000063C
00000242
0000019F
FFFFF9F7
FFFFFF7F
FFFFFF54
000003BD
00000119
000003CA
FFFFFCC2
00000783
0000029E
FFFFFF27
000002AC
000005B3
FFFFFE79
000002E3
00000565
FFFFF8C2
FFFFFF5F
00000050
FFFFFA21
00000152
00000299
FFFFFFD3
FFFFFCDA
000001C1
00000178
FFFFF9DB
00000150
00000668
00000431
FFFFFFB3
FFFFFA9A
0000077D
FFFFFEEB
FFFFFEEF
FFFFFB2F
0000055C
FFFFFE48
FFFFFB7F
FFFFF664
FFFFFE77
000007F5
FFFFFB8B
FFFFFCEB
FFFFF8BF
000001CF
FFFFF967
FFFFF957
FFFFF9E0
000001CC
FFFFF9C3
FFFFFBBA
00000061
FFFFFEE9
FFFFFE19
FFFFF9DF
000005F5
0000009F
0000041D
FFFFFA53
FFFFFD82
FFFFFECB
FFFFF74E
00000580
00000549
00000046
FFFFFBD2
000001FB
000005F9
FFFFF806
FFFFFC8F
FFFFFCEF
FFFFFE70
FFFFFE7C
FFFFFC48
FFFFF956
FFFFFC97
000002D8
FFFFFCBF
00000930
000002EE
00000628
0000011E
000002E9
FFFFFDC0
FFFFFD23
0000078D
FFFFFF33
0000023F
FFFFFC23
FFFFFBF8
000001EF
000003E2
FFFFFC4D
000002EC
FFFFF92B
FFFFFE2E
000004EF
FFFFFC73
FFFFFC10
00000020
000001B1
FFFFFD0A
000007E8
000003B7
0000070E
000004E3
FFFFFBEB
00000357
00000629
000000B5
0000069D
00000348
FFFFFFB5
00000327
00000235
FFFFFAD0
000001D7
FFFFFD69
000000AD
FFFFFC29
000002FA
FFFFF8AD
0000003E
00000399
FFFFFE7D
FFFFFFF5
0000076A
00000B75
FFFFFA9F
000001A2
FFFFFC22
FFFFFA67
FFFFFE44
FFFFF94E
0000006F
FFFFFF09
FFFFFD3E
FFFFFE26
FFFFFA03
FFFFFA3F
0000068F
FFFFFCA5
00000859
000009E6
000008CF
FFFFFBB7
FFFFFF84
00000234
000009EF
0000035B
FFFFFFED
000001CF
000001A8
FFFFFE3C
00000559
00000024
0000003D
000004F3
FFFFFE16
000002D3
FFFFFE52
0000030D
00000A31
FFFFFC49
FFFFFC9B
00000092
FFFFFF29
00000470
FFFFFF08
FFFFFE5C
FFFFFCB4
00000334
FFFFFA4F
00000345
FFFFFE96
0000037E
FFFFF7A9
FFFFFC40
FFFFFF2E
00000334
0000017A
FFFFFBA1
FFFFFE95
00000274
FFFFFA01
0000030B
0000015F
000008E9
FFFFFA12
FFFFFD00
0000033B
FFFFF97F
FFFFFC18
FFFFFD81
FFFFFECD
0000004B
FFFFF932
FFFFFD8C
FFFFFB90
FFFFFAF5
FFFFFBFC
FFFFFCFD
FFFFFA6E
000001D7
00000A78
FFFFF835
00000670
FFFFFD1D
00000DE5
FFFFF6F0
000001C2
000001B1
FFFFFBCD
0000035E
0000072A
0000029E
FFFFFE06
000004A2
FFFFFD9E
FFFFFC48
0000040F
FFFFFEB6
FFFFF955
00000451
FFFFF79F
FFFFFED0
FFFFFC38
FFFFFA46
FFFFFAEB
000003CA
FFFFFC7D
00000372
FFFFF949
FFFFFCD9
FFFFFAF8
000002D8
FFFFFD1B
000004E8
FFFFFD9E
000002D5
000003E7
FFFFFE0B
0000000B
000002DF
FFFFFC7E
FFFFF5EB
FFFFF8C3
0000012B
000003C6
000003FA
FFFFF9E7
0000000F
00000823
00000329
FFFFFC6F
000001F2
000001E0
FFFFFDAD
FFFFFAFA
0000020C
FFFFFDCE
FFFFFEFD
FFFFFB45
FFFFFB43
FFFFFFEE
FFFFFF6B
FFFFFFEC
000001A3
FFFFF806
000000D3
FFFFF519
FFFFF791
FFFFFA10
FFFFF615
000002C8
FFFFFBF8
00000432
FFFFFBEB
FFFFFBEE
0000032E
00000265
00000280
FFFFFC6D
00000398
0000008E
FFFFF448
00000398
FFFFFA3C
FFFFFB53
FFFFFC54
FFFFFF4A
FFFFF95E
FFFFFC1F
0000030C
0000016A
00000613
FFFFFFE0
000001D7
00000278
000008C1
FFFFFFE4
000007AE
000000C3
0000006B
FFFFFC37
FFFFFB14
FFFFFEB8
00000586
FFFFFF2C
0000008B
FFFFFD64
FFFFF7F1
FFFFFB16
00000031
FFFFFD1F
000003AE
0000049A
FFFFFBD3
FFFFFDF7
FFFFFEDD
000001DA
FFFFF607
FFFFF9E3
00000037
000001F0
FFFFF8C6
FFFFFD74
00000462
00000757
FFFFFCB0
000006CC
FFFFFDEB
FFFFFFDA
FFFFFB9A
0000069E
00000387
0000019E
FFFFFA14
000006A5
000002F3
00000215
FFFFFE0B
000007A1
00000170
FFFFF940
FFFFFF28
00000021
0000073E
00000583
FFFFFD53
00000A0B
0000006B
FFFFFAE9
FFFFFDC7
00000200
000000B9
FFFFFBD1
0000030B
FFFFF5B9
FFFFFF6A
0000063C
FFFFFE56
FFFFF442
00000206
00000440
FFFFFEA8
0000030F
FFFFFE9E
0000020B
FFFFFD94
FFFFFC2F
FFFFFD92
FFFFFFC9
0000081C
00000545
00000689
00000594
00000353
00000193
00000166
00000AEC
00000456
FFFFFFC8
FFFFFC6E
00000425
FFFFFA8C
00000BAE
0000054E
FFFFF7C8
FFFFFB85
FFFFF93A
00000263
000004A0
00000651
FFFFF807
00000CAD
FFFFFAE1
0000076E
FFFFFC99
00000139
00000157
FFFFFA3D
0000008B
FFFFFB6B
0000081B
FFFFFCD3
FFFFFF4A
00000614
FFFFFD47
000001A0
FFFFFE88
000003CC
FFFFFDC3
FFFFF82C
FFFFF9F8
00000358
0000037F
FFFFF90F
FFFFF7F8
00000B8F
00000344
000000DF
0000019F
FFFFFD9E
FFFFFEAC
FFFFFBA1
00000683
0000065E
FFFFFD5D
FFFFF6E7
FFFFFCC8
FFFFFC8A
00000346
0000037F
000009CF
0000049D
00000302
FFFFF8F0
FFFFF7DF
0000049B
FFFFF841
FFFFFB9A
0000086C
FFFFF916
0000028C
FFFFFE1F
FFFFFFCD
FFFFFB3F
FFFFFEAB
FFFFFAFF
0000087C
000002C8
000004A1
00000495
00000CA5
0000014D
FFFFFFDF
00000A9D
FFFFFEA8
FFFFFE24
00000849
FFFFFE0E
00000678
FFFFFD8C
FFFFFFF2
000004C4
FFFFF900
00000566
FFFFFA7A
00000B73
FFFFFCFA
00000343
FFFFFED7
000008D5
FFFFF810
000006CF
00000342
00000D24
FFFFFCFC
FFFFFE81
FFFFFFA6
000007B3
FFFFFF7C
0000047D
0000031C
00000304
000000DB
FFFFF9CF
FFFFFCB9
000002F4
000004A3
000008D4
FFFFF60B
FFFFFCAC
0000032D
FFFFFC4B
FFFFFFE6
FFFFF859
0000023E
FFFFFD98
00000644
FFFFFE8E
FFFFFF13
FFFFF8FC
0000011D
FFFFF961
FFFFFF3E
00000523
FFFFFCF4
00000496
000005C6
FFFFF863
000003D7
FFFFF7D5
FFFFFD57
FFFFF82A
000003A1
00000144
00000B6E
FFFFFA25
FFFFF882
FFFFFC01
FFFFFFD9
FFFFF440
FFFFFCCF
0000024A
0000043F
00000534
00000714
000004E4
00000324
00000134
FFFFFC7B
00000561
FFFFFF6D
000005E4
00000072
FFFFFDFC
FFFFFC75
0000016C
000009FF
FFFFFB38
0000095D
000006E6
0000038B
FFFFF65B
FFFFF885
FFFFFEED
FFFFF96E
00000179
000000B9
00000026
FFFFFECE
FFFFFA49
FFFFFC66
00000664
FFFFFAA3
00000331
000001FE
0000010C
FFFFFD1C
FFFFFF57
FFFFF904
FFFFFE78
00000088
FFFFFBAA
FFFFFD0F
000008F2
000001E8
0000057F
000008D6
00000157
FFFFFBB1
000002DD
00000692
FFFFF669
FFFFFB10
FFFFF735
FFFFFF06
FFFFF9FA
0000069D
000004D6
FFFFF5EE
0000070B
FFFFF67C
FFFFF6B1
FFFFF748
000000C6
000005DD
0000001E
00000470
FFFFFF42
FFFFFB99
FFFFFDCA
00000023
00000A90
FFFFFBB7
FFFFFC30
0000059A
FFFFFED1
000003D6
000001D9
00000217
000004BB
FFFFF810
FFFFF942
FFFFFE8A
000004B8
000000AE
FFFFFC90
FFFFF867
00000502
FFFFFCA8
00000139
FFFFF33C
FFFFFB95
0000074F
FFFFFD23
00000513
FFFFFF71
FFFFFDC6
000004FC
FFFFF5FF
FFFFFE1E
FFFFF9A5
00000C69
FFFFFE9D
00000131
FFFFF84B
FFFFF7D2
FFFFFD1C
00000477
00000642
FFFFF996
FFFFF771
FFFFFFEE
FFFFFC68
FFFFFFA6
FFFFF845
00000306
FFFFF97A
FFFFF1FD
FFFFF8F0
0000035F
0000023F
00000347
00000412
000003B2
0000023E
FFFFF6F6
FFFFFB26
FFFFF64B
FFFFFF44
FFFFF682
FFFFFDDB
FFFFFD42
000006E0
FFFFF443
00000BD4
00000372
FFFFFEDF
000005E3
FFFFFDD8
FFFFF97C
FFFFFF2C
FFFFFCCF
FFFFFFF1
FFFFFF01
00000856
000001C5
FFFFF5BC
FFFFF731
0000073B
FFFFFE78
000004DF
00000D7C
FFFFFE6A
00000A79
00000B88
00000114
000006C6
00000948
000000E6
0000048A
000000C8
FFFFFC2E
FFFFFC5B
00000204
000007A9
000001BD
00000009
00000074
FFFFFBAA
FFFFFF55
0000019A
FFFFFD29
000003CA
00000442
FFFFF8F8
0000059A
00000385
000003D3
000005E9
FFFFF6B2
000006AD
FFFFF896
00000889
FFFFF9F1
FFFFF5BD
00000457
FFFFF5EA
FFFFFB1B
00000997
FFFFFA4A
FFFFFADD
FFFFF6DD
FFFFF5E3
000003E6
0000002D
FFFFFF56
000009F9
FFFFFAEC
00000A87
00000423
FFFFFDB4
FFFFFF2C
FFFFF7D6
FFFFFAD3
FFFFFF3A
FFFFFF1E
00000486
00000160
00000386
000006CE
FFFFFB30
FFFFFF37
00000105
0000021D
00000038
FFFFF9AF
00000729
FFFFFEA8
00000424
00000088
0000007E
0000052C
00000619
0000049D
FFFFF812
000001D7
FFFFF6EA
000006C3
FFFFFD4F
FFFFF65C
FFFFFDA7
00000067
FFFFFD5C
00000ABF
FFFFFB86
00000625
000000FD
FFFFFFAB
FFFFF8A2
FFFFF5D2
000000BA
FFFFFE09
00000A47
FFFFFFD4
00000233
FFFFFBC8
FFFFF83F
FFFFFC7A
0000069D
FFFFFE8D
FFFFFA2E
000002C9
FFFFFE33
FFFFFC68
FFFFFA66
FFFFFF2A
00000317
FFFFF9E9
FFFFFBFC
00000365
0000016B
00000532
FFFFFF55
000003CE
000003F1
FFFFFC4D
000006E8
00000495
FFFFFF91
0000050A
FFFFFC7D
FFFFF78D
FFFFFC3A
000000DC
00000144
000002F3
FFFFFB96
00000507
FFFFFDDE
00000725
FFFFFBD4
000002E3
FFFFFFC1
000005C2
FFFFFA2E
FFFFFE01
FFFFF766
FFFFF935
FFFFFBC4
FFFFFBB9
FFFFFDB5
00000393
00000168
FFFFFC5C
00000C75
00000611
0000052F
FFFFF96D
FFFFFC1F
FFFFFF8F
000008AA
000001B5
000002FB
0000004F
FFFFFC2E
0000035E
FFFFF0CF
FFFFFA0B
00000465
000000B8
000000B3
FFFFFF6E
0000061B
FFFFF94E
0000008E
00000697
FFFFF776
00000502
00000C74
0000019D
0000051F
FFFFFD5F
0000032A
FFFFF900
FFFFFF82
FFFFFA23
FFFFFB08
000002D2
000008E7
00000466
FFFFFD0B
00000718
00000B68
0000005F
FFFFF9B0
00000406
0000059F
00000518
00000432
FFFFF877
FFFFF40C
00000AB0
FFFFFA36
00000439
FFFFF6B0
0000014D
FFFFFADB
00000152
00000294
FFFFFB74
00000491
FFFFF6ED
FFFFFFE8
00000795
FFFFFF5C
FFFFF9A2
FFFFF850
FFFFFA0B
FFFFF99A
FFFFFFBC
000002FA
FFFFF824
FFFFFA46
0000090C
000004D3
0000089E
FFFFFEE3
00000074
FFFFFC3D
0000082E
000001F3
000000D5
FFFFFCAD
FFFFFD73
00000A23
000000EF
000002A5
FFFFFFC7
FFFFF8AA
00000221
000002F7
FFFFFACD
0000018A
0000055C
FFFFFDBC
FFFFF963
0000048F
FFFFFB72
000001A8
00000C91
FFFFF86D
00000770
FFFFF2DD
FFFFFFAE
FFFFFBFF
00000542
FFFFFC88
FFFFF77A
0000005F
FFFFF913
FFFFFDA3
00000709
FFFFFAEF
00000485
FFFFF8B8
000009F1
00000590
FFFFFE80
FFFFFB9B
0000022F
000000B7
00000D97
FFFFFBEA
FFFFF59F
FFFFFB08
FFFFFA7F
00000894
FFFFFF59
0000009C
FFFFFDE1
FFFFFA81
000003A6
FFFFFFF4
000001A5
000001D8
00000651
0000067A
FFFFFC47
000001A4
FFFFFCBA
FFFFFD08
FFFFFBF7
FFFFFFB3
FFFFFAD6
0000040E
FFFFFCB9
FFFFFFB7
00000234
FFFFFA0E
0000034C
FFFFFFDF
FFFFF984
0000036E
FFFFF9D9
00000308
00000B75
FFFFFBD9
FFFFFCF8
00000373
FFFFF97A
FFFFFEBC
FFFFFD8F
000006E6
000003B7
FFFFFBBD
000000DB
00000612
FFFFF942
FFFFFB38
00000390
FFFFFC1A
FFFFFE9A
00000541
FFFFFCEC
0000041B
FFFFFC50
00000BDB
00000056
000004A3
00000260
FFFFFA2D
000003CE
00000436
FFFFF836
FFFFFFEB
FFFFFE18
FFFFFDFF
0000096D
0000020D
FFFFFFE0
FFFFFC04
000001F3
FFFFF653
000002B1
000004BB
FFFFF3D4
0000011D
0000043E
0000039D
00000129
FFFFFDCB
FFFFF9D3
FFFFFFBF
000007F7
000006CB
00000A35
000001E2
000002EE
FFFFFE56
00000367
FFFFFA21
0000030E
FFFFFA5F
0000058E
FFFFF279
FFFFFAF2
000005C9
0000002E
FFFFF88D
0000005D
FFFFFE59
00000210
00000147
00000149
000005F6
FFFFFEC2
FFFFF836
000002A3
FFFFFC88
FFFFFFA2
000003F1
FFFFF455
00000835
0000001F
00000258
FFFFF6F6
FFFFFB1A
00000638
FFFFFA7D
FFFFFAA0
FFFFF8C3
FFFFFA60
00000BDC
FFFFFF8D
00000317
0000000A
FFFFFEDA
00000138
0000030D
000003BE
FFFFF567
FFFFFF83
FFFFF231
FFFFFAF2
FFFFFC78
000004FA
FFFFFECF
00000255
FFFFFF3B
FFFFF492
FFFFF70C
FFFFFD10
FFFFF9E4
0000047B
FFFFF91F
FFFFFF5D
FFFFFE79
FFFFF884
FFFFF966
FFFFFACB
000003BC
0000042A
00000271
00000230
FFFFFD47
000004AD
0000017E
00000579
FFFFFD8D
FFFFFFEA
FFFFFE02
00000712
0000024D
FFFFFF0E
FFFFFD69
0000022D
FFFFFD04
FFFFF6E7
0000041F
0000039B
FFFFFC16
FFFFFF7B
FFFFFE2B
00000A63
000003A6
FFFFFA22
FFFFFABC
FFFFFD78
000006BF
00000748
0000007B
FFFFFC10
000004F1
FFFFF95B
FFFFFA99
FFFFF8AD
FFFFFB4A
00000438
00000738
00000537
000007EF
0000084F
FFFFFB96
FFFFF680
00000412
000000F9
FFFFFE39
FFFFFD4F
FFFFF6C0
00000667
FFFFF7EE
FFFFF8B2
00000421
000001B2
FFFFF9A2
000003B7
0000013D
FFFFFA7B
FFFFFFB5
FFFFFF2D
00000418
FFFFF332
FFFFFEE1
FFFFFA56
000001FD
FFFFF853
FFFFFDAD
FFFFFEEE
00000871
00000799
FFFFFADA
000001F0
FFFFF65B
FFFFFB08
FFFFFB46
00000681
FFFFFCCB
000000E8
0000020B
000001AA
FFFFFA2F
0000009F
FFFFFE0E
0000017A
FFFFF9F1
FFFFFD2E
00000292
000001F4
000008D4
00000197
FFFFFDC5
00000104
FFFFFE00
000000DC
000002C8
000001DC
00000B37
FFFFFBDC
FFFFFD5C
FFFFFFA0
FFFFFA7A
FFFFFF45
FFFFF8E9
FFFFF9C0
FFFFFCEF
FFFFFB19
FFFFF2EE
00000699
FFFFFF74
00000580
000003DD
00000200
000005EE
00000438
FFFFFD3D
00000560
00000348
FFFFF715
FFFFFE90
FFFFFE85
00000642
FFFFFEB6
00000230
000003FC
FFFFFB87
00000178
FFFFF7D0
00000279
FFFFFE65
00000710
FFFFFA4A
FFFFFF10
000007E9
0000046F
00000204
00000490
000004CF
0000013E
000003E1
FFFFFCD5
FFFFFE84
00000470
FFFFFC76
0000024F
0000035E
FFFFFE54
000006E6
000008F2
00000103
FFFFFC89
00000A76
FFFFFEAF
000002EE
0000044B
000005C2
FFFFF8D1
000005D7
0000027C
00000660
FFFFFF1B
000002A2
000005D1
00000799
0000043C
00000310
FFFFF8DD
0000060A
FFFFFF23
000003E5
FFFFFA87
000006C2
FFFFFA50
FFFFFE01
FFFFFABA
FFFFF9C4
FFFFFF71
FFFFFAD3
00000611
000003FC
00000287
000000AB
FFFFFD26
FFFFFD90
FFFFFD09
000001E7
FFFFFD3B
FFFFFF9D
FFFFFF59
000003FA
000002DA
FFFFFBAB
000004B9
000000E1
FFFFFC89
000000F9
FFFFFE4C
0000059A
00000099
FFFFF672
0000069F
0000019A
000004DA
FFFFFBA2
FFFFFB1B
000005CD
00000087
FFFFFB27
FFFFFEA8
00000649
FFFFFF0F
FFFFFD52
FFFFF809
00000582
FFFFF6D5
000003F2
FFFFFE2D
FFFFFD66
FFFFFB5D
000003FD
000001E3
FFFFFA79
FFFFF674
000005C6
000002AC
FFFFFA13
00000016
000000C5
FFFFFE3A
FFFFFFC2
FFFFFD13
000005F9
FFFFFF10
000005A0
FFFFFBB4
000006C3
0000009F
0000039F
FFFFFC19
00000712
000005A6
0000056D
FFFFFC16
FFFFFF7D
FFFFF648
00000596
FFFFF9B8
FFFFF8EB
FFFFFF20
FFFFF730
000004D2
FFFFFCE6
FFFFFB95
000000AF
00000653
FFFFFA87
00000433
FFFFFF39
FFFFF79B
FFFFF88A
00000098
0000062C
00000097
000002C6
FFFFFED3
00000362
00000014
FFFFFEE7
000002D2
FFFFF733
FFFFFF77
00000457
000003DB
00000327
00000814
FFFFFE2D
FFFFFA79
000000FA
FFFFF1C5
FFFFFCDF
000009B7
0000064C
000009F8
FFFFFFF0
00000A0A
00000B29
00000107
00000773
0000080A
FFFFFFC3
0000060C
FFFFF76F
FFFFF5A5
0000031E
000002E1
00000274
0000088B
000002F4
000006AB
FFFFFD38
00000493
FFFFFF1F
000001E4
0000011B
FFFFFDF5
FFFFF7B1
FFFFFD95
FFFFFC45
0000011B
00000351
00000109
FFFFFB29
FFFFF957
0000035B
FFFFFAD5
0000017D
FFFFFEDE
000005FC
FFFFFA5A
FFFFFCA5
FFFFF217
FFFFFEEC
0000050D
FFFFFF74
FFFFFF1F
FFFFFFB9
FFFFFB3A
FFFFF793
00000442
0000003D
00000453
FFFFF9EF
FFFFFD1A
FFFFFAD7
00000496
00000606
FFFFFFA5
FFFFF8F4
000000AD
00000038
000001BE
FFFFFD4D
0000030D
FFFFFAC5
000001B0
00000ADE
000003FF
FFFFF8EC
FFFFFF8A
FFFFFE84
000006F4
FFFFFBE9
000004FB
0000020B
FFFFFA05
00000165
FFFFFD74
000004AA
FFFFFAEF
000006DC
00000976
0000045B
FFFFFE6D
FFFFFD82
FFFFFCD0
00000560
000002CD
0000069B
FFFFFEA8
0000043E
FFFFFE9E
000002D7
FFFFFF0D
000003D9
00000389
FFFFF640
00000757
000000DD
FFFFF927
FFFFFB53
000004FC
FFFFFBC6
FFFFFB49
FFFFFD6A
00000768
0000087E
0000004C
FFFFFCDA
FFFFFD5B
FFFFFC88
FFFFFD63
FFFFFDC6
000001C6
00000699
FFFFFEF2
0000040D
FFFFFD7A
FFFFFBAB
FFFFF5F1
FFFFFCDA
00000674
FFFFF87D
FFFFFC3C
FFFFF572
00000015
000000AB
FFFFFD1D
FFFFFD04
00000672
FFFFF8A3
FFFFFF7D
00000342
FFFFFE6A
FFFFFDD3
000001AA
FFFFFF3C
FFFFFFD1
00000280
FFFFFC1C
FFFFFC9D
000002F8
0000083E
FFFFF808
FFFFFCEF
FFFFF888
0000032C
FFFFFE7C
FFFFFDB4
FFFFFF70
00000573
FFFFF1CB
FFFFF27C
FFFFFC70
00000390
0000020B
00000203
00000412
000002C5
00000066
00000094
00000885
00000603
FFFFFA44
FFFFFF00
0000064C
000003B4
FFFFFBD2
00000086
00000190
FFFFF959
000002AD
FFFFFAA4
00000516
00000400
FFFFF98C
00000499
0000045A
FFFFFD16
00000558
FFFFFB11
00000300
FFFFFAC3
0000030F
00000089
000000F8
FFFFFBAD
FFFFFB44
FFFFFD95
0000077C
FFFFFBC4
00000011
FFFFFCAD
FFFFFDAC
000000C4
FFFFFBF3
FFFFFACE
000002E0
00000183
FFFFF69D
00000124
000001C6
000008B6
00000639
000003FD
0000077D
00000919
FFFFFEC2
00000595
FFFFFF04
FFFFF61D
FFFFFFEC
FFFFFCFC
FFFFF9BB
FFFFFE67
0000034A
FFFFFA53
000004DE
000001CC
0000008A
000002BB
0000040E
00000546
FFFFF7CB
00000062
000000F9
00000140
00000008
0000076C
0000039E
00000033
00000469
00000250
00000257
000002DC
0000059B
00000046
FFFFFD9F
FFFFFA7F
FFFFFA8A
FFFFFABA
00000632
FFFFFD00
000005DC
FFFFFAC2
FFFFFBE9
FFFFFA2F
FFFFFF0C
FFFFFBEE
FFFFF3F7
0000005B
FFFFFCEE
FFFFFE2D
FFFFF747
FFFFF9B7
FFFFF95B
FFFFFCFB
000005CF
FFFFFA67
000005A9
00000B99
00000092
00000898
00000364
00000466
FFFFFACE
0000066F
FFFFFE6B
000002C9
000002BA
000002BC
FFFFFB39
000007FF
00000085
0000013D
00000720
00000474
FFFFFDF2
FFFFFE83
00000562
00000008
FFFFF940
00000190
FFFFF585
FFFFFC8D
FFFFF93B
FFFFF56B
FFFFFCD2
FFFFF392
FFFFFA03
FFFFFEB6
FFFFFFDB
0000051C
0000038D
000003DA
00000408
FFFFF992
0000029E
0000041F
0000082F
FFFFFBE1
FFFFFE64
FFFFFD14
FFFFFDC5
FFFFFDE3
00000932
FFFFF898
FFFFFF50
FFFFF931
00000956
FFFFFA64
00000895
FFFFFEA2
00000802
00000A7A
FFFFFA9D
0000064C
000000E7
000005BC
00000105
00000941
000009FB
00000340
000004EC
FFFFFED4
0000022D
0000029A
FFFFFE66
FFFFFF4A
FFFFFF5B
FFFFF7EE
000007A2
FFFFFC9D
00000392
FFFFFD09
00000131
FFFFFCEE
00000345
FFFFFF24
000007C4
FFFFFB6A
FFFFFBEA
000003F0
0000026A
00000002
000004EB
000006A3
00000308
FFFFFA92
0000049A
000000E5
00000536
00000194
FFFFFC94
00000E00
0000083B
0000020C
00000BB0
FFFFFE09
FFFFFA3F
FFFFFAE7
0000035D
00000424
FFFFFD49
FFFFFBB6
00000051
000003F9
00000059
FFFFFB4B
00000394
00000054
FFFFF96C
0000053B
00000299
00000002
000000DE
FFFFFB18
00000469
FFFFF85F
000005CA
0000032A
FFFFFAFC
FFFFFAE2
FFFFFBFC
FFFFFCDD
0000052E
000002B2
000001AC
000001D4
FFFFFDD4
FFFFFD1D
FFFFF8ED
0000022F
0000042C
0000010B
FFFFFEC4
000009B1
00000506
000004AD
FFFFFAD4
FFFFFD4F
000000D1
FFFFF848
0000021D
000005CB
FFFFFBC1
FFFFFE2A
FFFFFCD1
FFFFF9A9
FFFFF9D0
FFFFFFB8
FFFFF72B
0000057A
FFFFFE88
FFFFF978
FFFFFD21
0000034B
0000026E
FFFFF9B1
FFFFFB60
0000032C
0000023B
FFFFFE3C
FFFFFA8C
000002C6
FFFFFE16
FFFFF9CF
00000692
000000DD
FFFFFF31
FFFFFD1A
FFFFFC48
FFFFFEEA
0000057D
000002B7
000005F1
0000051C
000003F0
00000237
FFFFFD80
FFFFF94F
0000093D
000008BD
FFFFFBDF
0000031E
FFFFFF9F
FFFFFA68
FFFFFE12
FFFFFA44
000000F2
00000456
000000EB
00000371
00000457
FFFFFFF1
000004E3
00000050
FFFFFDB9
FFFFFD14
00000228
000001AF
000002C9
FFFFF96E
000002D4
000005BF
FFFFFC5F
000000FB
FFFFF8C6
FFFFFAE8
00000425
FFFFFE87
00000336
00000421
00000754
000003A9
0000005D
000001C2
00000385
00000169
000004FC
FFFFFE7E
0000028B
FFFFFB9A
FFFFFFF6
00000081
00000191
00000179
FFFFFFCE
FFFFFEA3
FFFFFC23
FFFFFFEC
00000362
FFFFFAF3
0000043F
FFFFF9DA
00000641
000001CD
FFFFFD9C
00000219
FFFFFF75
FFFFFD24
00000737
000004CD
00000141
000006FA
000001A1
00000324
FFFFFA0E
FFFFFADA
FFFFFC0B
FFFFF8BB
00000476
00000052
FFFFF90E
000000E3
FFFFFC5F
000003EF
FFFFFB06
FFFFFD74
00000569
000003BE
FFFFFF05
FFFFFCF8
FFFFFF75
00000254
0000072A
00000A38
00000222
FFFFFF69
00000D04
00000589
000004EA
FFFFFD78
00000AF9
FFFFFF32
FFFFF8D4
FFFFFCA8
FFFFFDCC
00000718
FFFFFEB4
FFFFFE8B
FFFFFCB0
00000469
00000369
00000635
FFFFFD52
000005F4
FFFFFF9E
00000365
00000728
00000170
00000585
00000048
000007D2
FFFFFD4F
00000400
00000899
000006E8
000002D7
000005BB
000003F8
FFFFFB7C
FFFFF60F
00000141
FFFFFA9C
FFFFFB4C
FFFFF7CE
FFFFF80C
FFFFFD9C
FFFFFE6F
FFFFFF31
FFFFFC27
00000688
0000093E
00000618
0000058A
0000057A
00000271
00000518
FFFFFB13
0000063C
00000976
FFFFFAC5
FFFFF7FD
FFFFFFFB
FFFFFF44
FFFFFE26
FFFFFB03
FFFFF937
FFFFFF0A
00000019
000008BB
00000994
00000031
FFFFF7FC
FFFFFCE9
000002A2
FFFFFE4F
0000022C
FFFFFD4C
00000280
000002A0
FFFFFF27
0000088F
FFFFFDFB
000008F3
000004B9
FFFFFAB9
0000004C
FFFFFE45
FFFFFCF1
000001D4
FFFFFC89
FFFFFC3E
FFFFF699
00000647
000000E8
FFFFFC48
000000CA
00000B58
000007B3
0000073F
FFFFFD58
000003B6
00000505
000004D5
00000195
FFFFFFD0
0000006C
000000E4
00000892
FFFFFF71
00000451
0000054B
0000038F
0000052E
000002DC
00000116
00000805
00000425
FFFFFF8F
FFFFFF52
000001F5
FFFFF7F4
0000033F
FFFFF8F8
FFFFFE66
FFFFFB91
FFFFFBBE
FFFFFA19
FFFFF8D1
FFFFFB24
00000A36
000000D3
000003B8
FFFFFC78
00000801
0000081F
00000534
FFFFFF02
FFFFFE94
00000290
FFFFFBBB
FFFFFCA6
000005FF
00000062
FFFFF8F0
FFFFFA6D
00000179
FFFFFE84
FFFFFF7D
FFFFFB18
FFFFFBDE
000005E5
FFFFFB95
FFFFFD24
0000019F
FFFFFA47
FFFFF951
FFFFF48F
FFFFF96B
00000205
0000014E
FFFFFF83
FFFFF873
000002ED
000001A8
FFFFFD2E
000008E0
FFFFFB5C
FFFFFE7F
FFFFFC2E
0000000A
000002EA
FFFFFDBF
00000521
000006C2
FFFFFAA1
FFFFF7FE
000002D5
FFFFF4F8
FFFFF8E9
FFFFF98D
FFFFF3F8
FFFFFECD
FFFFF7D4
00000438
FFFFFAF0
FFFFF954
FFFFFCCB
FFFFFF4B
FFFFFAF4
000001B5
000005D6
FFFFFE58
FFFFF747
FFFFFEA6
000002C3
FFFFF8E6
00000016
0000027D
FFFFFE38
000004C1
000000DD
00000728
000004CF
FFFFF71B
FFFFFF08
FFFFF70D
FFFFFB36
FFFFF6C6
00000688
00000B81
0000024F
00000297
00000288
00000021
000004AC
00000BE9
FFFFFEF5
000008B0
FFFFFDBD
FFFFFEC0
FFFFFEDB
FFFFFEAF
000004AB
00000524
000001AC
FFFFFDCA
0000051A
0000028B
FFFFFA42
FFFFFB1C
000004E8
0000021D
000005DC
00000687
0000027B
00000402
000004D4
FFFFFFD8
0000021F
FFFFFE7E
FFFFFE10
00000013
FFFFFDD6
FFFFFCF3
FFFFFEEC
FFFFFB8C
00000056
FFFFFBFF
000002E8
00000045
0000016A
FFFFF99E
00000180
FFFFFA46
000002D3
0000010F
0000043A
00000233
000006A4
00000650
00000217
FFFFFCD1
000003CA
000002DA
FFFFFBC6
FFFFFBEC
0000028D
FFFFFEED
00000089
FFFFF9B9
FFFFF992
FFFFF9B9
00000189
00000235
00000337
0000027E
00000048
FFFFFAEE
FFFFFD59
000009AE
00000430
000000B1
000003A5
00000226
0000041B
00000228
0000024C
FFFFFB68
000000AD
000002B7
000008A4
00000122
0000010A
00000648
000009D1
0000007A
0000077E
00000472
000009D7
FFFFFDC6
FFFFFFD9
FFFFFACA
FFFFFE35
FFFFFB93
FFFFFDBF
00000348
0000067C
00000123
0000060B
000003A3
FFFFFE1C
FFFFFBB4
FFFFFDDD
00000260
0000012F
FFFFFF2B
FFFFFF76
FFFFF735
FFFFFAB3
FFFFFD6B
FFFFF857
FFFFFBC0
FFFFFD6D
FFFFFF30
FFFFFC1F
00000385
FFFFF9A8
00000130
FFFFFF71
000002D3
FFFFFB65
FFFFFC0B
FFFFFF77
FFFFFC77
0000037C
FFFFFDBB
0000003D
00000541
0000031E
00000508
000001A3
0000009A
00000360
000002D4
00000218
0000054C
FFFFFF76
00000282
FFFFFC51
00000178
0000035F
00000314
000000AE
FFFFFCB5
0000020C
FFFFFDF8
0000014C
FFFFFD83
00000361
00000174
FFFFFCB6
FFFFF565
0000018B
FFFFFFFB
FFFFFEEB
0000000B
000009F7
FFFFFB5E
000002A8
00000931
000002D3
00000043
FFFFFD23
000001A8
00000435
FFFFF8F0
000003DE
00000603
FFFFFFED
000003C2
00000397
000000AF
FFFFFF4C
FFFFFFDF
000001F6
FFFFFCA2
FFFFFCF1
000001E9
FFFFF8B3
FFFFFB30
FFFFFB1B
FFFFFED5
00000302
FFFFFE87
FFFFFB04
FFFFFFFE
00000570
FFFFF942
FFFFFF06
FFFFFE81
00000311
000000E8
000000CC
FFFFFDCC
000005DD
FFFFFF18
0000026A
0000045E
00000598
00000066
0000013C
FFFFFFAF
FFFFFB79
0000080B
00000634
000004D9
0000026C
0000040B
00000430
0000016A
FFFFFFAE
000002CB
00000156
FFFFFA02
FFFFFEBA
FFFFF84A
00000016
FFFFF995
FFFFFA5E
FFFFFDE0
FFFFFF5B
FFFFFB1A
FFFFFA85
FFFFFD4E
0000021C
FFFFFF3A
FFFFFDBB
00000170
FFFFFEB7
000003C0
FFFFF98E
000000B4
00000036
FFFFFCCC
00000249
00000738
00000591
000004CD
FFFFFE56
000004F1
FFFFFFF1
000005F0
FFFFFF85
FFFFFD5D
0000008E
FFFFFDC6
000004F6
FFFFFF31
000002BC
000002F5
00000519
0000073B
FFFFFD77
0000029A
000005FD
FFFFFFDD
0000071D
FFFFFFA0
000000FE
000004A1
00000593
00000620
FFFFFE09
0000065D
FFFFF9B5
FFFFFFD6
00000472
000000AC
FFFFFA58
000004E6
FFFFFDB5
0000026F
00000455
FFFFFF68
0000040D
FFFFFE97
FFFFFC0E
00000614
0000023D
FFFFFC71
00000160
000000EC
00000251
0000012A
00000AED
0000085B
0000013B
00000039
000004A5
00000071
000000D8
000003AE
000002F9
000004F8
FFFFFF8A
0000066C
0000004A
000001D2
0000022E
FFFFFBAE
FFFFF819
0000015B
00000209
FFFFFB56
FFFFFCF7
FFFFFDA8
000002E3
FFFFFD1C
00000332
0000050B
FFFFFB98
000000F8
FFFFFF8D
0000061B
000000B0
FFFFFE6B
FFFFFFE7
000004A7
FFFFFEF8
FFFFFDED
00000056
00000210
FFFFFE6F
FFFFFF5E
FFFFFE7E
FFFFFFCA
FFFFFC45
FFFFFF59
FFFFFFDF
FFFFFE9B
00000183
FFFFF9F4
000000FE
FFFFFD27
FFFFFDDB
000002C0
FFFFFD5C
FFFFF9DE
00000415
FFFFF5AF
000000BB
FFFFFF06
0000015F
FFFFFB7D
FFFFFD45
FFFFFEDB
FFFFF98B
FFFFF8E0
000004AA
FFFFFA92
FFFFFF29
000004A9
FFFFFF2D
00000881
00000022
0000080D
FFFFFD57
FFFFFD1B
0000027F
FFFFFEF4
FFFFFB8D
FFFFFFE1
00000168
000000B2
00000476
FFFFFF94
0000041B
000004BA
FFFFFF99
FFFFFE34
0000040E
0000039C
FFFFFF9A
FFFFFDCD
FFFFFEF7
FFFFFE2C
00000153
FFFFFB33
FFFFFD71
FFFFFCD8
FFFFFF16
0000055E
00000132
FFFFFEE5
FFFFFC04
0000024B
FFFFFD9C
000001FC
FFFFF9F0
FFFFFF9A
FFFFFB54
FFFFF876
FFFFFAC1
FFFFFD13
FFFFFC7C
FFFFFC32
FFFFFF57
000001EB
FFFFFA5C
FFFFF8CE
0000036C
FFFFFC1F
FFFFFAC7
FFFFFC24
FFFFFE59
000000CF
FFFFFE46
FFFFFA0F
FFFFFD2C
000002CE
000003F5
FFFFFEC6
FFFFFCF6
00000259
000000F4
00000362
FFFFFAA6
FFFFFD67
00000099
FFFFFE95
FFFFFFAF
0000039B
FFFFFBEB
000003E5
0000021C
FFFFFE66
00000244
FFFFFF50
FFFFFA6A
FFFFFCB1
0000017A
FFFFFF98
FFFFFC76
FFFFFF3E
000002DF
FFFFFF60
FFFFFD1E
FFFFFED7
000002FD
00000415
FFFFFE57
FFFFFD2B
FFFFFC75
FFFFFCF5
FFFFFE61
FFFFFECA
FFFFFFAE
FFFFFB65
FFFFFE5D
00000022
FFFFFD6F
FFFFFBBB
FFFFFB22
FFFFFC93
00000395
000000EE
FFFFFE03
FFFFF815
00000389
00000457
00000382
FFFFFE5D
000002C4
0000073C
0000008E
000005E6
00000987
FFFFFBA5
0000008B
FFFFFD43
FFFFFDD7
00000228
00000155
FFFFFE78
FFFFFB8D
0000079E
FFFFFE9B
FFFFFF23
FFFFF98C
FFFFFFCE
FFFFFCDB
FFFFFE8B
FFFFFD54
000004F7
FFFFFF40
FFFFFC7E
000001CE
000002E3
FFFFFD6D
FFFFFEFA
0000072B
0000039A
FFFFFAC5
FFFFFFA1
FFFFFBB1
00000379
FFFFFE95
FFFFFBDA
FFFFFB3C
00000222
FFFFFFD1
000002A7
FFFFFA00
FFFFFE54
000000F0
00000331
FFFFFF79
0000004E
FFFFFBC3
00000098
FFFFFE17
00000242
FFFFFC9C
FFFFF89F
000000D0
FFFFFBB7
FFFFFF90
00000086
00000638
0000001E
000004AF
0000034F
FFFFFF91
0000020E
000000D8
0000033E
FFFFFCE4
00000242
000000C7
000004DA
00000239
FFFFFAA2
FFFFFB7E
000001C3
00000748
00000010
FFFFFF75
0000049E
FFFFFFEC
00000204
FFFFFD15
000002B2
FFFFFDBC
0000025E
00000057
FFFFFD61
00000618
FFFFFDAC
00000720
FFFFFDE3
FFFFFDF4
FFFFFBE8
00000420
0000065F
00000201
000001AB
0000004E
00000505
00000058
000003A4
0000029B
0000009C
0000026A
FFFFFCE2
00000011
FFFFFDC6
0000007C
FFFFFD06
000000A8
FFFFFF0B
000003C5
00000462
0000066E
FFFFFE70
000002A1
FFFFFCF9
000001D3
00000501
FFFFFED0
0000021F
00000626
FFFFFF1F
FFFFF9DD
FFFFFE01
00000D9D
000003B1
FFFFFD08
00000A38
0000085C
00000070
000001C6
FFFFFDC7
00000750
000004B3
000002B7
00000376
00000243
FFFFFB78
FFFFF91B
0000032F
FFFFF17D
00000A80
FFFFFFF4
FFFFFFCF
FFFFFF30
FFFFF8CF
00000336
FFFFFA3A
00000445
FFFFF795
000008EE
00000006
00000237
FFFFFB50
FFFFF882
FFFFF805
FFFFFF29
0000028A
FFFFF6E3
FFFFFEEA
FFFFF3F9
00000281
000002AD
FFFFFD53
FFFFFBC1
FFFFFCAD
FFFFFC2A
FFFFF9F9
FFFFFA46
00000039
FFFFF664
000005EA
000007A0
FFFFF76E
00000393
00000140
FFFFFD7A
000008BD
FFFFFB3A
FFFFF55F
000000BD
00000FB4
FFFFFB5E
0000040E
FFFFFE3E
00000847
FFFFFD58
000003B5
FFFFF906
FFFFF927
00000620
FFFFF14B
FFFFFC08
00000110
FFFFFBB8
FFFFFFE5
FFFFFC2A
000001A3
FFFFFC05
0000019F
00000A8B
FFFFFA1B
FFFFFA13
FFFFFF16
00000851
FFFFFF71
FFFFFF62
00000074
00000410
FFFFFE96
0000008D
FFFFF21D
000004C8
000004BF
00000146
FFFFF6C5
00000212
000003FE
FFFFFC56
00000124
FFFFFBF0
FFFFF78A
FFFFFEE8
00000271
000008A8
00000562
FFFFF1F9
FFFFFDDD
FFFFFC04
FFFFF9F5
FFFFFFE5
FFFFFCA4
000007E6
FFFFFE5F
00000635
FFFFF9A7
FFFFFA42
00000281
000004BD
000000E8
00000770
FFFFF7AB
FFFFFC0D
FFFFFC85
000002CD
0000136E
FFFFFF33
0000000B
FFFFF6C2
FFFFF698
FFFFF8C8
00000121
FFFFF9AC
FFFFF60F
FFFFF502
0000004F
FFFFFF38
00000424
FFFFFD78
FFFFFD1C
FFFFF5D2
FFFFF684
FFFFFEE3
FFFFF55A
FFFFFE76
0000010D
FFFFF7C4
FFFFFD2A
FFFFFFB6
FFFFFED0
000006C0
00000587
00000D32
00000006
00000348
FFFFF7AB
FFFFFECA
00000540
0000025E
0000001E
FFFFFDD0
FFFFFA52
FFFFFD79
00000174
0000005D
00000063
000006CA
000000C9
FFFFFFCC
00000357
00000390
000005B2
FFFFFD24
FFFFF745
000007DD
000006B5
000006FC
00000821
000006A7
FFFFFC12
0000019E
FFFFF993
0000041B
00000904
FFFFFD42
FFFFFE79
FFFFFC99
FFFFFB6F
0000045A
FFFFF681
00000573
0000062B
FFFFFE6F
0000015D
0000054C
00000408
FFFFFA36
FFFFFF6A
FFFFFF64
00000276
00000128
000005A1
FFFFFC85
0000063F
00000273
0000019D
000007A1
FFFFFD09
FFFFFDE0
00000530
00000822
FFFFF362
00000123
FFFFF81B
FFFFFE5D
FFFFFC3F
000003BB
FFFFFF37
FFFFFC59
0000008F
000000A4
FFFFFC95
FFFFFECF
00000614
000005B4
00000810
FFFFF41D
000006AD
FFFFF9CB
FFFFFD85
000000FC
FFFFFC5E
00000508
00000DE1
FFFFF62A
FFFFF8DB
FFFFF870
000006A5
00000239
00000818
00000A2B
FFFFFAC7
0000029D
FFFFF218
00000042
FFFFFCCD
000003E1
00000665
FFFFFDCA
000009A9
FFFFFBB4
FFFFFB4E
FFFFFBBE
FFFFFCFB
FFFFFE27
FFFFF8BF
000003F1
FFFFFB1D
FFFFFB2E
00000072
FFFFFDE4
00000522
000000DD
FFFFFA59
00000287
FFFFFE14
000007CB
FFFFFA9E
FFFFFFF3
0000052C
FFFFFFE3
FFFFFBE6
FFFFFCF9
000007B8
00000710
00000315
000003F8
FFFFFF46
FFFFFFAD
FFFFF9CD
000005DD
FFFFFAB1
000002BD
FFFFFF42
FFFFFA84
FFFFF620
FFFFFB87
00000218
FFFFFEF8
FFFFFE56
FFFFFD76
000001BE
FFFFFF6D
FFFFFF7C
FFFFF93A
00000493
FFFFF472
00000807
0000027D
000001BB
FFFFFD79
FFFFFE7E
FFFFF5D0
FFFFFAF4
00000263
FFFFF451
FFFFFC22
FFFFF882
00000748
000007FB
FFFFFCF8
FFFFF5F6
FFFFF81E
FFFFFF5B
FFFFFCEB
FFFFFA0E
FFFFF723
0000025E
FFFFFEFB
FFFFFD3F
00000441
FFFFFE52
FFFFF653
FFFFFAB0
FFFFF9CD
0000019B
000001EC
FFFFFC2B
000002BC
FFFFFB1C
FFFFFBE1
FFFFFD7A
00000147
0000066A
00000883
FFFFFC7F
FFFFFFA8
FFFFFA23
FFFFFD08
FFFFFDE2
0000018E
FFFFF77B
FFFFFF22
FFFFFCE5
FFFFF950
FFFFFE89
FFFFF631
FFFFFAC6
FFFFFDB9
000000D4
00000074
FFFFFAED
FFFFF037
FFFFFBE8
FFFFFD61
00000316
FFFFFA7D
000007FD
FFFFFCD3
FFFFFEB8
000002D9
FFFFFC4E
FFFFF711
FFFFF61D
FFFFFBE7
00000166
00000426
0000094C
000007EE
FFFFFB94
000002A5
FFFFF68B
000006CA
0000050E
00000A8F
00000143
000003F6
000005CA
FFFFFF6F
00000389
00000688
FFFFFA3E
FFFFFD79
FFFFF754
FFFFFCCF
FFFFFC68
00000C59
000000EE
00000356
00000673
00000286
FFFFFF31
0000094A
FFFFF92B
FFFFFC46
FFFFF62B
000003D2
0000048E
000002E0
000001CB
FFFFFDF0
0000025E
00000704
0000060C
00000BA5
0000029D
000005B6
00000351
FFFFF94F
FFFFF96C
00000385
FFFFF33F
FFFFFA88
00000EC8
FFFFFA23
00000024
FFFFF7CA
000003E2
0000078A
000002DD
FFFFFED2
0000038B
FFFFFDCE
000007A0
FFFFFBAE
00000907
FFFFFF29
00000445
00000523
FFFFFF14
00000ED8
00000116
FFFFFFBD
FFFFF4E1
000000C9
FFFFF5DC
00000895
000008BB
FFFFFE97
000005C0
00000671
FFFFFA8F
00000480
00000017
0000074D
FFFFFE21
FFFFFB7F
000007E8
FFFFF995
00001371
FFFFFED9
000005C1
FFFFFD54
00000376
00000286
FFFFFF54
00000990
00000BF0
000001B6
FFFFF925
0000045E
FFFFFE8E
00000A73
0000030A
FFFFFD7F
FFFFF965
FFFFFBF9
FFFFFCFD
FFFFFC43
00000770
000008F2
00000115
FFFFFB03
FFFFFE6A
FFFFFAEF
FFFFF643
FFFFFDCD
00000663
000003B0
000000A6
000005C3
000008BC
00000D6B
00000AD9
000008DC
0000058C
FFFFFAFA
000005FE
FFFFFCE5
FFFFFE9F
00000059
00000022
0000091C
00000995
FFFFEF58
0000111B
FFFFF8A2
00000B7B
FFFFFBEC
FFFFF775
FFFFF8A6
000002DB
000005EA
FFFFFD69
FFFFF741
FFFFFC96
FFFFFD63
FFFFFD7E
FFFFFD09
00000A05
00000977
00000373
00000343
FFFFFCB6
00000838
FFFFF679
FFFFFF96
FFFFF580
FFFFFA92
000007C4
FFFFFF27
00000E8D
000004A3
FFFFFEE2
FFFFFDF9
00000138
FFFFFA58
0000094B
000004E7
0000009A
FFFFFFC4
00000446
0000025F
0000099E
FFFFF6D9
FFFFFBDA
FFFFEF8B
FFFFFF8B
FFFFF4E9
000001AA
FFFFF4D5
FFFFFCF2
FFFFFA48
00000041
000003A3
FFFFF59A
00000DBC
000004DA
00000781
0000086D
00000523
FFFFF2A0
FFFFFD43
000004E9
00000392
00000386
FFFFFE29
000006FC
FFFFF5B0
000007B5
FFFFFEBE
FFFFFB9A
000000B3
0000004A
00000F2F
FFFFF6EB
000005EA
FFFFF2AF
FFFFFE4B
00000194
000002FD
FFFFF7D4
FFFFFF6C
FFFFFEFE
FFFFFF19
FFFFFA5B
FFFFFB90
000000BC
00000177
000002EA
FFFFFE01
FFFFFCA2
00000395
0000024D
000009B1
FFFFFD6E
000006C3
FFFFFEE6
FFFFF965
0000002D
0000029D
00000B8F
FFFFFFDD
FFFFFCAC
0000053D
0000093F
FFFFFC9B
0000007C
000002EA
FFFFFB58
FFFFFD38
FFFFF6BC
FFFFFD46
000007B5
00000204
FFFFFB1C
0000032B
00000324
FFFFFE5A
000007BA
FFFFFE18
FFFFFCAE
000004CA
FFFFFEE8
000006DA
FFFFFC8B
00000507
FFFFFE68
00000969
FFFFFF35
FFFFFEBE
0000003F
FFFFFD6A
00000696
000005F3
000001EB
00000643
0000026E
FFFFFDDC
000001F8
00000205
0000040A
000007F5
000009C7
00000462
0000044F
FFFFFFE2
FFFFFCE4
000003EE
00000190
FFFFFC34
00000518
00000091
FFFFFF44
FFFFFAC0
FFFFFFD3
000000AF
000001B6
FFFFFF04
FFFFFA77
FFFFFE2E
FFFFFF19
FFFFF9D8
00000000
FFFFF5D1
000000B1
FFFFFA98
000006F3
FFFFF985
FFFFFD5F
00000199
FFFFFEE7
FFFFFE9E
0000036C
0000004E
000000AB
FFFFFCF6
FFFFF960
FFFFFE8E
FFFFFF4F
00000224
00000623
FFFFFCF8
FFFFFE2C
FFFFFF29
FFFFFEBF
00000851
0000032A
FFFFFD6E
000002F5
00000436
00000614
FFFFFF7D
000001DE
00000199
FFFFFFDA
FFFFFE35
FFFFFB9E
FFFFFCA5
0000031C
FFFFFFC7
FFFFF8EF
FFFFF50F
FFFFF99B
0000023A
FFFFFC33
FFFFFB6C
FFFFFD2E
FFFFFF50
FFFFFADA
0000050F
FFFFF8FF
0000002F
FFFFF866
FFFFFF07
FFFFF6D8
00000294
00000601
00000293
FFFFFC80
FFFFFF61
0000049F
FFFFFEE2
0000032F
FFFFFDE4
FFFFFF72
FFFFF4A8
FFFFF973
FFFFFCB0
FFFFF481
000000F9
00000047
00000255
FFFFFE73
0000083B
FFFFFF42
FFFFF813
FFFFFBA6
0000000F
FFFFFD56
0000023D
00000003
FFFFF952
00000014
0000076A
000005AA
FFFFFB70
000000F5
000007D3
000005A9
FFFFFD81
00000043
FFFFFFB5
FFFFFF1E
FFFFFA2E
00000016
000000EA
FFFFFF4E
FFFFFDEB
FFFFFDD8
FFFFF9C9
0000073D
0000050D
FFFFFF14
00000487
FFFFFDE9
FFFFFDEA
000000ED
00000070
FFFFFE9B
000005D0
000001A3
000004D9
000006EC
FFFFFE23
FFFFFE17
00000529
FFFFFCA8
00000617
000000EA
FFFFFAB2
FFFFF954
00000463
FFFFFD7B
FFFFFC41
000004B0
000003FB
FFFFF91C
FFFFFC3F
000006E9
FFFFFE84
FFFFFDD3
00000557
FFFFFD37
0000002E
FFFFFBC4
000002E8
000002C5
FFFFFC4E
00000382
00000B3B
0000040C
000003FA
00000404
000005F3
00000294
0000084B
0000000A
FFFFFDED
0000037A
00000655
FFFFFE18
00000736
0000037A
FFFFFEF5
00000042
FFFFFE19
0000000B
FFFFF8AB
FFFFFB7C
00000464
00000057
FFFFFF1F
00000331
FFFFFFFD
000002E4
FFFFFDDF
FFFFFBE9
FFFFFF96
00000464
FFFFFBA4
0000007C
000002E6
FFFFFBBD
000001B3
FFFFF917
FFFFF493
FFFFFC62
FFFFFC5B
FFFFFEEB
FFFFFB3C
000005C9
FFFFF724
000000ED
00000407
00000329
000000DB
000003ED
000001EB
00000237
FFFFF8FE
FFFFFE08
0000083E
FFFFFDCB
00000221
0000044A
0000018D
FFFFFC23
FFFFFF3B
000002CA
FFFFFE82
00000084
000005F9
FFFFFF6F
00000604
00000209
FFFFFEED
FFFFF913
00000614
FFFFFC7B
FFFFFE86
00000389
000007AF
00000584
000006D4
00000553
0000036F
FFFFFAC6
FFFFFB5A
FFFFFF21
000002E5
000006CC
FFFFFEA3
FFFFF851
00000490
FFFFFE89
000003AE
0000020D
FFFFFE82
FFFFFD9C
000001A4
FFFFFB68
FFFFFB09
0000023D
FFFFF98C
0000061F
000000D8
00000402
0000043B
00000069
FFFFFECD
0000027F
000006E8
00000260
FFFFFDAF
FFFFFB58
FFFFFBFA
FFFFFD02
000003A4
FFFFFDBE
FFFFFBC9
00000291
FFFFFD0F
FFFFFF37
00000291
FFFFFBE5
00000150
FFFFF960
00000168
00000074
FFFFF9F9
00000504
00000040
000001BE
0000024F
00000035
FFFFFDC4
FFFFFA6E
FFFFF957
000006B3
000006FC
FFFFFDBE
FFFFFC94
FFFFFD30
00000525
000000E3
000005AC
00000533
0000010D
FFFFFC8D
0000057B
FFFFFFAC
000008D4
FFFFFC4C
0000025E
000004A7
FFFFFB26
FFFFFCBC
FFFFFD03
FFFFFE43
0000053B
00000357
000002F8
FFFFFC0F
0000039F
0000061F
FFFFFF90
000003EB
FFFFF9C5
00000743
000002DC
000004D5
0000054A
0000003B
000009F0
FFFFFF4B
000000C0
00000545
FFFFFD1E
FFFFF795
FFFFFEA7
000002DD
FFFFF95A
0000016D
0000063D
000001FE
FFFFFF5E
FFFFFC16
FFFFF97D
000007F4
FFFFFBD8
00000821
00000567
000003EE
000003D2
00000165
00000705
000002F8
00000394
FFFFFF42
00000325
FFFFFCE9
000001DF
FFFFFF69
0000073F
FFFFFAE4
00000974
FFFFFCD7
FFFFFE61
FFFFFCAD
0000086A
000003B0
00000616
00000048
00000085
FFFFFE08
0000037B
00000243
0000015D
FFFFFD14
000000EB
000000C7
00000864
0000017A
FFFFFFC5
FFFFFBB8
000003FC
00000808
FFFFFDB4
FFFFFD67
FFFFFB3C
0000012B
FFFFFF54
FFFFFEF0
00000403
FFFFF96A
FFFFFEC8
000005D9
FFFFFFD6
00000762
00000638
000002AA
0000024C
FFFFFCD1
0000007D
FFFFF861
00000826
FFFFFCCA
00000680
FFFFFDC5
FFFFFC4B
FFFFFCF8
0000059D
0000011A
FFFFFC93
FFFFFC71
00000589
FFFFFD70
FFFFFE13
00000491
FFFFFEFE
FFFFFE8A
FFFFFA28
000005EF
000003DB
00000263
FFFFFE9C
0000058D
00000590
000001B7
FFFFFA44
0000076E
FFFFFB82
FFFFFB68
FFFFFBE7
FFFFFEEE
FFFFFF83
FFFFF6B3
000002AC
00000489
FFFFF8EC
FFFFFB6D
FFFFFB86
FFFFFF98
00000105
00000257
00000454
FFFFFE2A
00000548
FFFFFEB6
000003AF
FFFFFA1A
FFFFFA93
FFFFFAC4
FFFFFB1C
0000057A
FFFFFE50
FFFFFF49
0000010F
00000658
FFFFFEEE
FFFFFCAE
FFFFFD5A
FFFFF850
FFFFFF6D
000002F8
00000213
00000495
FFFFFC51
FFFFFDF3
00000307
000003E0
000002D7
FFFFFD62
FFFFFBEB
00000383
FFFFFD8B
00000030
000000CE
0000064A
FFFFFEF8
000003C5
FFFFFC75
FFFFFE8D
FFFFFCBD
00000604
00000682
FFFFFC09
FFFFFC6D
FFFFFA9E
FFFFFFDB
FFFFF972
00000050
FFFFF844
FFFFFDB8
00000080
FFFFFD90
FFFFFD7E
000004B5
FFFFFF7B
0000038C
FFFFF95A
FFFFFCDB
FFFFFADD
000000D1
FFFFFF19
FFFFFBE0
0000016F
00000077
FFFFFAF2
00000763
FFFFF929
00000234
000000A9
FFFFFE6E
FFFFFD03
000000C9
FFFFFDEC
FFFFF644
00000073
FFFFF8DB
FFFFF25D
FFFFFD59
000001AA
0000025A
FFFFF763
FFFFF90C
FFFFFE8B
FFFFFA55
FFFFFECF
FFFFFC58
FFFFFF61
0000059E
FFFFFC09
00000419
FFFFFEA7
0000040F
FFFFFF87
000002BA
FFFFFC56
FFFFFB83
FFFFFFFC
0000040D
00000111
00000919
0000075C
000005E3
0000042B
FFFFFA4A
000005CC
000004E5
000003B3
00000347
FFFFFF1E
FFFFFE28
FFFFFC08
000000C7
0000071A
FFFFFCFC
FFFFFF99
00000003
000005D4
0000041E
FFFFFF11
FFFFF9C3
FFFFFD22
0000001D
000000C4
FFFFFD87
FFFFFC45
00000048
FFFFF8EF
00000553
FFFFFB1C
FFFFFEC7
00000B5D
00000617
00000B45
00000167
00000C3A
00000026
FFFFFFE1
00000756
00000193
0000010B
FFFFF994
FFFFFF1D
00000249
FFFFF9B0
0000006F
000006AF
FFFFFB02
FFFFFECF
FFFFFF89
FFFFF541
000007F4
FFFFFE81
FFFFFAE3
000005D3
0000074F
00000462
00000759
FFFFFD71
000001B8
000003D7
000004A8
FFFFFBA8
00000779
FFFFFA74
0000053E
00000167
00000630
0000018D
0000029C
00000883
00000849
FFFFFFFC
0000058B
00000178
FFFFFDE3
FFFFF9BE
000002FD
FFFFFB67
FFFFFA76
FFFFFC2A
FFFFF92D
FFFFFD74
FFFFFD01
FFFFF89C
FFFFFF13
0000000D
00000054
FFFFFA8A
FFFFFDCD
FFFFFC80
000001AA
FFFFF754
0000019A
FFFFFD82
FFFFF725
FFFFFE3A
000007ED
000002D4
00000A37
FFFFF6EA
FFFFFE8B
000001DF
FFFFFCF1
00000848
000007AF
000004C0
0000076B
00000255
FFFFF7C6
FFFFF6AE
000006F6
FFFFFDF4
FFFFFCD2
00000290
FFFFF5DF
FFFFFC31
FFFFF942
00000719
FFFFFEEF
0000051B
FFFFFEC3
00000AE5
00000315
000007BC
FFFFFD51
FFFFFC48
00000609
00000251
FFFFF936
000006F7
000007E1
FFFFFBE0
FFFFFCF4
FFFFFCC3
00000509
000001D9
00000033
00000360
FFFFFAAF
FFFFF7B0
00000116
FFFFFF74
FFFFFBAF
FFFFFF77
FFFFFE53
000003D4
000002CB
FFFFFB45
00000B89
FFFFFBF1
FFFFFC97
FFFFFB89
0000001F
FFFFF014
000003E2
0000059A
FFFFF3A1
00000236
0000004F
000001C3
FFFFFC39
FFFFF656
FFFFF6D1
00000010
FFFFF574
FFFFF7DC
FFFFFC0B
FFFFF891
FFFFFC28
FFFFFA68
FFFFF54C
00000986
000003D6
FFFFFEEA
0000092C
0000033F
000008CA
FFFFFA50
0000011A
FFFFFEAC
FFFFF979
FFFFFC62
FFFFF94E
0000054D
FFFFFAB3
00000BEA
0000024F
FFFFFDEA
FFFFFE48
FFFFF85B
FFFFFB29
FFFFFAF1
FFFFF94A
000005BA
00000589
000005B3
FFFFFD9A
FFFFFA4E
FFFFFDC8
FFFFFB2D
000004AC
00000367
0000066C
FFFFFF72
00000920
FFFFFE68
FFFFFFCB
FFFFFCDB
FFFFF9BC
FFFFF785
FFFFFC98
00000051
00000597
000000EF
00000135
00000096
FFFFF8A6
FFFFF830
00000876
FFFFF45E
FFFFFF07
FFFFFC1E
FFFFFC72
000001EE
FFFFF8F1
FFFFFFC3
000000BA
00000570
FFFFFA5F
FFFFFE4B
FFFFFFC1
FFFFF8F3
0000019B
FFFFF7AC
FFFFF615
FFFFFCF7
000000AC
FFFFFCF0
FFFFFB2A
FFFFF556
0000046D
FFFFFD4E
FFFFFB61
00000248
FFFFFF8A
FFFFF80E
FFFFF856
000004B7
FFFFFE29
FFFFFE3D
FFFFF9CF
FFFFFA4D
FFFFF84B
FFFFFB85
00000680
FFFFFCFF
FFFFFC01
FFFFFBE5
FFFFFEA1
FFFFFF8C
FFFFFDD2
00000339
00000215
FFFFF83B
FFFFFBC7
FFFFF931
FFFFF9DF
FFFFF670
00000009
FFFFFA48
000004AB
000000D4
00000250
FFFFFB3C
FFFFF9B8
FFFFFC42
FFFFFEF8
FFFFF8E0
00000520
FFFFFD43
FFFFFE8A
00000137
00000743
00000446
FFFFFBBE
00000213
0000033C
FFFFFD8E
FFFFF581
000001A7
FFFFFEC4
FFFFF9D5
0000045E
00000347
000007F5
000004C5
FFFFFF74
000002A0
0000059F
FFFFFFB5
00000285
00000221
000000B0
FFFFFB78
FFFFF6A5
FFFFFA1A
FFFFFE1D
FFFFFAA3
0000004C
FFFFFA86
000003F4
FFFFFFBC
FFFFFC39
FFFFFD7C
FFFFFF00
00000433
00000EE0
FFFFFF24
00000900
00000B10
00000337
00000642
FFFFFE8F
00000694
0000096A
FFFFFD44
FFFFF7D0
00000949
FFFFF7F6
FFFFFE0E
FFFFFD64
000001B4
000008CF
00000372
00000483
00000A03
FFFFFAF1
000004C2
000009A4
000001B3
0000047E
00000517
FFFFFECD
FFFFF603
FFFFFFD4
000004DB
000001BD
FFFFFEDE
FFFFFFD9
FFFFFEAC
000000D1
FFFFF951
FFFFFE62
00000774
000002FC
FFFFFF6B
00000679
0000002B
000005D1
FFFFFC9D
00000490
00000084
FFFFF9FB
FFFFF80E
00000043
FFFFFED3
FFFFFA17
000003A6
0000033B
FFFFFD25
0000041D
FFFFF8CD
000002CD
000000B1
FFFFFB0B
0000051B
00000305
FFFFFFA8
FFFFFC31
00000911
FFFFF40E
0000004A
0000044C
FFFFF926
000001F8
00000524
00000823
FFFFFDB1
FFFFFC36
00000305
000001A9
FFFFFB9F
FFFFFA2A
FFFFF9EA
000002A9
00000298
FFFFFFEF
FFFFF680
000005FB
000006B9
FFFFFEC6
000001ED
00000178
0000028A
FFFFFF71
000000DB
0000017E
000000E1
FFFFFE7E
000008C7
000003CB
00000317
000001D8
FFFFF7D4
000000BB
FFFFFEFB
FFFFFDD5
FFFFFD1D
FFFFF955
FFFFFE84
FFFFFC55
000009B2
000005CC
FFFFF56F
FFFFF8DE
FFFFF7AC
FFFFFF2E
000001F8
FFFFF9CD
FFFFFC99
FFFFFD79
FFFFFC15
FFFFFD71
FFFFFC47
0000005D
00000991
FFFFFD67
FFFFFF6D
000001C5
00000418
0000004B
FFFFFA97
FFFFFB44
00000210
000002B0
00000143
FFFFFB82
0000010B
FFFFFCD4
0000045B
FFFFFE0E
FFFFFA03
0000068D
000000FA
00000007
00000184
FFFFFD04
0000094B
FFFFFA65
00000565
FFFFFB4E
0000034B
FFFFF82D
00000312
000008EC
FFFFFC53
000002BA
FFFFFE78
00000527
FFFFFFFD
00000B37
00000613
FFFFFCDB
000007CB
0000091A
FFFFFA0B
FFFFFF48
00000361
FFFFF88C
FFFFF8A7
FFFFFBDF
FFFFF594
00000382
00000665
00000269
FFFFF9B9
FFFFFD53
0000084D
000009B4
000007B5
FFFFF8CA
000009DE
00000359
FFFFFF2A
00000047
FFFFFE08
FFFFF252
FFFFFF58
FFFFFA9A
FFFFF8BA
FFFFFE7F
FFFFF80F
FFFFFF63
FFFFFDFA
0000014A
FFFFFBA7
00000539
FFFFFD78
000003B9
FFFFFA53
FFFFFC91
00000021
FFFFF99D
FFFFFCA4
00000100
00000750
FFFFF6BE
FFFFF729
00000470
0000044E
0000009C
FFFFFBCE
FFFFFDFF
FFFFFE1F
FFFFFFF3
FFFFF930
FFFFF4BF
00000448
00000320
FFFFFF77
00000798
FFFFFDA6
00000507
FFFFFDB5
FFFFFBFA
FFFFF8FD
000001A9
FFFFFCFF
FFFFF786
000001B0
00000029
000003AA
000003A6
FFFFFD2F
FFFFFDFE
00000B15
000003EE
FFFFF8CC
FFFFFEF5
FFFFF88C
00000638
00000411
000000BE
000005CD
FFFFF9F4
0000020D
00000942
FFFFFC6F
FFFFFC6A
FFFFF99F
00000116
FFFFFDA1
00000532
FFFFFEFF
00000432
000007C3
FFFFFD2D
000002F3
FFFFFD84
0000021A
00000773
00000658
FFFFFBAD
FFFFFFD1
00000700
0000004E
000000E5
FFFFFFE7
0000030E
FFFFF8B0
000004CC
FFFFFFE4
FFFFFFF5
0000012A
000001F5
000001C7
FFFFFD88
000004AE
FFFFFACA
000002B1
FFFFFE53
FFFFFE67
FFFFF64F
00000005
FFFFF904
FFFFFCD4
FFFFFD45
FFFFFCBD
00000038
00000360
FFFFFC87
FFFFFD65
FFFFFB1A
FFFFFD92
00000336
00000B21
00000347
000004A7
00000400
FFFFFB7F
00000219
FFFFFF2B
0000004C
FFFFFED9
FFFFF81E
FFFFFFFB
FFFFFA6F
FFFFFD15
00000271
FFFFFE8F
0000074F
FFFFFF40
000002A3
FFFFFF00
00000395
000000CA
00000588
00000124
FFFFFA17
00000188
000004D8
FFFFF869
FFFFF862
FFFFFE01
FFFFFEDD
00000254
00000287
FFFFF66A
FFFFFD04
0000004E
FFFFF8C1
00000595
0000029C
00000192
FFFFF93C
000003BB
FFFFF627
FFFFF843
FFFFFD7D
FFFFF80E
FFFFFDC8
FFFFFAE4
FFFFF91B
000000AB
FFFFFBD8
0000054F
000005FC
FFFFF661
00000808
0000086A
FFFFFE3A
00000453
00000214
FFFFF6DE
FFFFFFF0
0000035F
0000050D
FFFFFE8D
FFFFFE22
00000431
00000A06
000002BA
FFFFFC07
FFFFFB71
000000E5
00000A8A
000001CF
FFFFFE7D
000001BA
0000044D
0000088C
00000B65
FFFFFF9E
FFFFF977
00000501
000002B0
0000063C
FFFFFC26
FFFFFDAC
000001D4
FFFFFEE3
FFFFF95D
FFFFF996
0000023E
0000005A
FFFFFE34
FFFFFC19
00000675
FFFFFD2B
FFFFFCF4
0000056B
00000647
00000120
00000758
FFFFFCE7
FFFFFB65
FFFFF7B8
FFFFFCB9
FFFFFF94
00000441
FFFFFCFC
FFFFFE73
FFFFF605
FFFFFCCE
000004D5
FFFFF6E3
FFFFF972
00000287
FFFFF2A4
000003FA
00000447
00000299
FFFFFE75
FFFFFBA2
00000C3A
000000D1
00000267
FFFFFCFC
FFFFFE52
000001DE
000002E6
00000421
00000112
0000007B
FFFFFB06
00000084
FFFFF804
00000455
FFFFFA66
00000025
FFFFF913
FFFFF80C
000001D9
000000DB
FFFFFF21
FFFFFABC
FFFFF85A
00000660
0000026A
FFFFF6B1
000005B7
FFFFFB89
00000346
0000060F
FFFFFBE4
FFFFFBED
000001D9
FFFFFD6E
FFFFF9EE
00000345
0000064D
0000040B
FFFFFF91
FFFFFFBB
00000795
FFFFFC6D
000004D0
FFFFFB7C
FFFFF73B
FFFFFEE6
FFFFFCBD
FFFFFD85
00000825
00000056
FFFFF64C
FFFFF766
000000FE
FFFFFD74
FFFFFD1A
FFFFFC39
FFFFF9D8
FFFFFF34
FFFFFAC9
00000084
000004C9
00000013
FFFFFC71
FFFFFC0F
FFFFFF7B
FFFFFE39
FFFFFF6F
FFFFFB0A
00000172
00000383
000008B6
FFFFFA88
FFFFFE5A
00000062
FFFFF7DB
FFFFFD86
FFFFF758
0000023C
0000063A
00000455
FFFFFF03
00000CAE
FFFFFC3F
000004BF
0000022E
FFFFFD6A
00000097
FFFFFBB6
00000185
FFFFFD73
000007F4
FFFFFC21
000004DB
FFFFF7FC
00000120
FFFFFF78
FFFFFAEE
FFFFFC7D
FFFFFA78
FFFFFE84
FFFFFA3B
0000085E
0000026B
FFFFFE8E
FFFFFFAC
00000502
000004AF
000003C0
FFFFFF31
FFFFFE94
FFFFF8E5
0000006C
FFFFFA6A
FFFFF5DB
FFFFF69B
FFFFFCBC
FFFFFE42
000001DF
FFFFFB76
FFFFFB7B
FFFFFDFC
FFFFFAB0
0000000D
FFFFFF00
00000531
FFFFFD99
0000053E
000000A9
FFFFFC77
FFFFFC3A
00000520
FFFFFF20
FFFFFE7C
000007A9
FFFFFFA7
000007FC
000004BC
00000412
00000304
00000236
00000212
FFFFFCAC
00000231
000004E4
00000064
00000677
FFFFFF30
FFFFFC11
00000369
FFFFFDC5
0000058E
000000EC
000007C4
FFFFFDE6
00000004
FFFFFC3C
0000034B
000000C7
FFFFFAFD
FFFFFFFA
000006DD
000002CD
FFFFFE34
FFFFFDE6
00000194
00000509
000003B4
FFFFFD68
00000613
000002B9
FFFFFBCC
0000042A
FFFFF7ED
FFFFFEAB
FFFFFD0B
00000248
000003B4
0000028E
FFFFF926
FFFFFC75
FFFFFE0A
000000E4
FFFFF8A2
FFFFFD69
000005F2
00000A73
0000088F
FFFFF7E6
FFFFFD75
FFFFFB9A
00000883
0000086A
FFFFFB09
0000005E
000000F3
00000324
FFFFFB5A
FFFFFFCD
FFFFFBFC
0000091F
00000210
00000071
000001C1
000005AF
00000A4E
000004D0
00000205
00000030
FFFFFDAC
FFFFF925
FFFFFB0F
FFFFFBA0
0000031F
FFFFF8BB
FFFFF93D
000001D9
FFFFFE88
FFFFFF7A
FFFFF94A
FFFFFE47
00000591
FFFFFBEC
FFFFFF50
0000016B
00000317
FFFFFF24
FFFFFFEB
FFFFFF70
FFFFFFA4
00000138
FFFFFA17
00000731
FFFFFA5F
000002A7
FFFFFA38
FFFFF59B
000004B1
00000854
000006E2
FFFFFF75
FFFFFC83
0000033A
000007AD
00000053
00000381
FFFFFC6B
FFFFFE2E
FFFFFE7E
00000168
000005BF
00000AA4
00000316
00000457
FFFFF696
FFFFFE41
FFFFFD43
FFFFFA21
FFFFFF88
FFFFFDBB
FFFFFB7B
FFFFFE1A
FFFFFAF8
0000027B
0000007E
00000121
FFFFFBA3
FFFFFA7A
000000BB
FFFFFE51
FFFFFD46
000008EB
FFFFFDE2
FFFFF77A
0000093D
0000045A
FFFFF98F
FFFFFCF9
FFFFFD08
000001D2
000001C7
0000047E
FFFFF92D
FFFFFC63
FFFFFF4B
000002DD
FFFFFD64
00000A66
FFFFFC6F
FFFFF9DC
00000086
00000436
0000042A
000002F0
00000AB4
00000AD6
FFFFFE7F
FFFFFEEB
00000CF5
00000425
000004FA
00000336
00000518
000000C4
000006CE
FFFFFD95
FFFFFD7D
FFFFFF19
000001DB
FFFFFB04
FFFFFF08
0000021D
00000655
FFFFFF7F
000001BF
FFFFFA3C
FFFFFADF
000001A9
FFFFFBD9
FFFFFB28
FFFFF9C0
000002DB
000004E4
00000664
000003AC
FFFFFFF3
FFFFFF92
0000002A
FFFFF958
FFFFFBD2
FFFFF4B5
FFFFFE29
FFFFFD58
FFFFF9E1
FFFFF827
000000F2
00000348
00000250
00000000
0000028B
000006FF
000004E0
00000814
FFFFFB6F
00000A66
00000436
0000080B
000003C6
FFFFFC8C
FFFFFE80
000005B0
FFFFFEC9
FFFFFCF9
FFFFF9F3
FFFFFC0C
000000EF
FFFFFCB1
FFFFFA89
0000026A
FFFFF907
FFFFFB3F
FFFFFD90
FFFFFC89
00000254
00000167
00000299
0000033B
00000295
000001FF
FFFFF837
000001DF
00000A56
00000472
000004E1
0000038C
00000006
00000BE5
FFFFFF83
000001CA
000001E9
000002CA
00000696
FFFFFB9A
000001BE
FFFFFC70
FFFFFE86
00000167
00000826
FFFFFFAD
FFFFFFA7
00000240
FFFFFA2B
0000004F
0000009E
FFFFF7EF
FFFFFFE0
000004EC
000007B8
FFFFFBB6
00000512
FFFFF8C3
000005F9
FFFFFFA1
FFFFFC82
00000300
FFFFF9BF
0000047E
FFFFF96D
0000075B
FFFFFB20
FFFFFFC6
FFFFFC42
00000A09
00000A13
000006D9
00000172
0000014B
000003D2
FFFFFC3A
00000800
FFFFFF11
FFFFFD16
00000060
000004EA
FFFFF8EC
FFFFFEC7
FFFFF7AE
0000016C
FFFFF6A5
FFFFFD54
00000037
0000023C
0000010D
FFFFFB07
FFFFFC27
FFFFFB6B
FFFFF522
00000216
FFFFFDEA
00000216
000001F6
000002A7
00000040
FFFFFE9F
00000517
FFFFFDA5
000005F7
0000022A
FFFFFFDC
0000044D
FFFFF984
FFFFF839
FFFFFD98
FFFFFA30
00000069
FFFFFE7A
FFFFFAAE
FFFFFC6D
FFFFFF62
00000491
FFFFFF8C
FFFFFEC2
00000670
FFFFFEDE
000004FF
0000030B
000002DD
0000016E
000001EE
00000376
FFFFFD3C
0000008E
00000341
000001D9
0000051E
FFFFF9E7
000006F7
FFFFFCCF
FFFFFA19
000004A8
FFFFFC99
FFFFF721
FFFFFE85
000006F3
0000025A
FFFFFF9D
000004DC
FFFFFC18
FFFFFB14
00000498
0000011D
FFFFFE84
FFFFF751
FFFFF8F3
0000025C
000004A3
00000551
00000102
FFFFFC91
FFFFF93A
FFFFFBCE
FFFFFC9B
FFFFF875
000004B0
FFFFFDDC
000001A0
00000587
000003A6
FFFFFD82
FFFFFB24
FFFFFA92
FFFFFABB
FFFFF7D2
00000254
00000250
00000414
FFFFFD3C
000007EA
FFFFF90C
0000050A
FFFFF810
000001DE
FFFFF88A
FFFFF77B
FFFFFE94
000000F7
FFFFFC37
FFFFFB6B
FFFFFB8B
00000356
FFFFFEC4
FFFFFFC5
000003A2
FFFFFE48
00000253
FFFFFCDF
000006C2
0000036B
FFFFFC46
FFFFFF1F
FFFFFF04
FFFFFB55
00000100
000000A1
FFFFF4AA
FFFFF842
0000029A
00000621
FFFFFC9C
000003CC
FFFFFCA4
FFFFF667
FFFFFB62
FFFFF8B6
FFFFFBB8
0000050A
FFFFFC6D
000005A1
000005E4
0000005F
00000B26
00000115
000002A9
FFFFFE92
FFFFFA6B
FFFFF584
0000045C
0000007B
FFFFFC69
000004F5
FFFFF3E0
FFFFFF36
FFFFFA8F
FFFFFA51
000002F4
FFFFFE00
0000029E
FFFFFF66
00000211
FFFFF692
FFFFF8B9
FFFFFCF4
FFFFFB6E
FFFFFEE1
FFFFF36E
FFFFFE1E
FFFFF75D
000000D6
FFFFF912
FFFFF867
000006BA
FFFFFC77
FFFFFFF9
FFFFFC0B
FFFFFD20
FFFFFA26
FFFFFCB1
FFFFFB6C
FFFFFAA9
00000648
00000473
0000015C
0000004F
00000013
FFFFFBE6
00000A4D
0000071B
00000220
000003A7
FFFFFE37
FFFFFBCD
000003A5
FFFFFE33
FFFFFFAA
FFFFFD2A
000005F6
000002FC
000001A4
000003E7
0000057C
FFFFFC13
FFFFFE34
0000085D
FFFFF7A7
FFFFFF2D
FFFFFFE6
000004F6
FFFFF787
00000178
0000023E
FFFFFD99
FFFFFA63
FFFFFD8B
FFFFF91C
00000341
FFFFFF58
FFFFF8A2
000001AA
FFFFFF75
FFFFFB46
00000089
0000022C
FFFFFA01
000000B5
FFFFFEEE
FFFFF965
FFFFFEBB
00000664
000000FD
000003F4
FFFFF960
0000047B
00000095
00000548
FFFFFAD3
FFFFFF57
FFFFFA31
FFFFF872
FFFFF8A5
000001A7
00000287
000001B4
FFFFFD6A
FFFFFC2D
FFFFFCDD
0000049A
00000336
00000039
00000417
FFFFF94D
FFFFFBF9
FFFFFEA9
FFFFFD6E
000000B2
FFFFFD6A
FFFFFF18
00000654
00000076
00000391
00000669
0000031C
0000042A
000000C7
000004CB
000000D7
00000493
000000FE
000000E4
0000072B
FFFFFBF0
FFFFFF76
FFFFFC18
00000730
FFFFF747
FFFFFC75
FFFFFB80
000005B4
FFFFFDDA
00000893
FFFFFE91
000008F3
000005F8
FFFFFFA5
00000766
FFFFFF03
000001F0
000003B0
FFFFF9EF
FFFFF890
FFFFFFF1
00000496
000001E9
FFFFFDEE
00000577
FFFFFC61
FFFFFB2A
000005BC
000005EE
00000273
00000347
00000099
000000D5
00000415
00000165
FFFFFB6C
000008E5
0000058B
FFFFFE9F
FFFFFA4F
000004C3
000001D8
00000492
0000024C
00000367
0000051E
FFFFFB28
FFFFFB59
0000029D
FFFFFFA0
000001C4
FFFFFC4A
FFFFFC48
0000050F
FFFFFD1A
00000554
000004ED
FFFFFE6F
00000786
FFFFFA81
0000006D
FFFFFFE9
FFFFFC26
FFFFFAE8
000006E6
000001A6
00000410
00000179
FFFFFB2A
FFFFFE49
FFFFFE98
00000805
FFFFFBF2
000002F1
FFFFFC1C
FFFFFBE8
000002F8
FFFFFA44
000005F7
00000021
FFFFFB7E
00000713
FFFFFB72
FFFFFE0F
FFFFFAE5
FFFFFE12
00000036
FFFFFF32
FFFFFE21
FFFFFA5E
FFFFFB18
0000039F
000000B8
FFFFFE01
0000005B
FFFFFB4B
FFFFF917
FFFFFAB5
FFFFF8D8
00000425
FFFFF7C0
000005B3
000002B3
FFFFFC83
0000038E
FFFFF74D
00000063
FFFFFDA1
00000372
FFFFFDDB
FFFFF7C3
FFFFF723
FFFFFADD
FFFFFE04
FFFFFDED
0000041C
FFFFFDDE
00000031
000001A2
FFFFFF4B
00000426
FFFFFD7F
FFFFFBDB
FFFFFD7E
00000074
0000095D
0000083E
FFFFF945
FFFFFC4C
FFFFFA47
FFFFFD2A
000004A1
FFFFFD6C
000002C9
FFFFFEEB
0000034C
00000097
00000957
FFFFFB37
FFFFFE7E
FFFFFE09
FFFFFAA6
FFFFFBC9
FFFFFDF0
00000519
000000EB
FFFFFC49
00000317
FFFFFADC
00000016
000003CB
FFFFFD0C
FFFFFAE0
000002C4
0000031B
FFFFF99C
FFFFFCF1
00000366
00000127
00000056
FFFFFF01
FFFFFD45
00000073
FFFFFAB2
00000149
0000003C
000002F8
00000981
0000044F
FFFFFCCA
00000591
FFFFFBDD
00000513
FFFFFBDE
FFFFFCAD
FFFFF9A2
000005B9
00000277
FFFFFE69
FFFFFF67
FFFFFF89
FFFFF8FD
000002EA
FFFFF9E4
000001ED
0000058D
FFFFFA0B
0000050A
00000C3B
FFFFFBBC
FFFFF7A1
FFFFFE15
FFFFFEF0
FFFFFADA
FFFFFE68
FFFFF9AE
FFFFFE1A
FFFFF8E5
FFFFFEFB
FFFFFCBB
FFFFFDCF
FFFFFC98
000000FF
FFFFFC7B
FFFFFEC6
FFFFFBC8
FFFFFF4C
FFFFFB7F
00000037
FFFFFF0D
FFFFF9A0
00000339
FFFFF936
00000341
FFFFFCF5
0000066C
00000844
FFFFFEB5
000003C2
00000744
00000204
FFFFF90E
00000939
FFFFFE21
00000210
FFFFF773
00000056
00000270
0000001F
000002ED
0000066D
00000919
FFFFFE8E
FFFFFF62
FFFFFD5F
FFFFFDE0
FFFFFA6C
00000231
000002B9
FFFFFED1
FFFFFDE2
00000025
FFFFFEC7
FFFFF404
FFFFFC9F
000003DA
0000002F
000000D6
00000584
FFFFFC38
FFFFFD3D
FFFFFF4F
FFFFFEE7
FFFFFA71
FFFFFB30
FFFFFDAA
FFFFFF25
0000061A
00000561
FFFFFF02
0000050D
FFFFFD55
0000017B
00000428
FFFFFDCB
FFFFFDE7
FFFFFC6F
0000000E
FFFFFD55
FFFFF888
000003A9
000005F2
FFFFF993
FFFFF848
FFFFFD0B
0000001A
0000021D
0000025A
0000030F
FFFFFD56
FFFFFD09
FFFFF96F
000006EB
FFFFFE4B
FFFFFCD5
00000034
000008DF
FFFFFD49
0000047A
00000607
000007BD
FFFFFF8B
FFFFFAA4
0000051D
000001F8
000001A1
00000056
00000686
000000FF
00000281
000000DD
000006F2
000009F5
000002C4
00000412
000002AC
FFFFFD7C
000003F6
00000757
00000255
0000095F
FFFFFFE8
0000004B
0000067F
00000639
000002AD
000001F6
00000077
FFFFFC9E
FFFFFA04
00000173
0000000E
FFFFFD61
000003A1
000001FB
000001E2
FFFFF804
00000447
000002EB
000004A0
FFFFFBDF
FFFFFE36
FFFFFED6
0000053D
000004B7
00000245
00000A4D
00000133
FFFFFFF3
000001AD
FFFFFFF5
000006EB
00000B04
FFFFFB47
0000031C
FFFFFDC8
00000497
000001EE
FFFFFBF9
FFFFFC3E
0000055E
00000249
FFFFFF87
000000CF
FFFFFDF8
000001FE
FFFFFC9B
00000143
000005EB
0000051A
FFFFFB82
FFFFFB07
000004EB
00000489
00000907
FFFFFEA8
00000BB1
FFFFFDB7
0000003B
00000153
FFFFFE28
FFFFF8B2
FFFFFE43
FFFFFE87
FFFFF9DF
00000441
FFFFFCB0
FFFFFF15
FFFFFBF8
FFFFF8CB
000001AB
0000046A
000008D9
FFFFFFA5
FFFFF73A
FFFFFE2E
FFFFFB80
0000004D
FFFFFD1A
00000932
0000013D
FFFFFC11
FFFFFD07
FFFFFFD2
000003F1
FFFFFE33
FFFFFE30
00000259
FFFFFEE9
0000067A
FFFFFD04
00000B2A
00000191
000004E2
FFFFFAEF
00000241
FFFFFEBE
FFFFFF22
0000071B
00000544
0000038D
0000085B
00000543
FFFFFCDD
FFFFFECD
0000011C
FFFFFF91
0000015A
FFFFFF12
FFFFFDAB
00000389
FFFFFEBC
FFFFFD79
00000700
000001FE
FFFFF4B7
FFFFFDA0
FFFFFE92
FFFFFE4D
FFFFFA07
FFFFFA0D
FFFFF941
FFFFFA9E
00000207
000003EE
00000395
FFFFFC57
FFFFFEB9
00000604
FFFFFD2D
FFFFFD4B
00000057
000000BB
FFFFFC4B
FFFFFDBE
FFFFF9C9
FFFFFF2F
FFFFFE44
FFFFF847
000000DE
FFFFFFC4
FFFFF744
FFFFFD8B
FFFFFDE1
000002A9
FFFFFA05
000000CA
000001A5
00000169
FFFFFB07
FFFFFDE3
00000612
00000006
FFFFF8E5
000006CC
FFFFFE51
000004C7
FFFFFF23
00000163
FFFFFA38
FFFFF7CA
FFFFFF09
0000001E
00000586
FFFFFE21
00000470
FFFFFDCB
FFFFF92E
FFFFFBB2
0000030F
FFFFFFC6
FFFFFF35
FFFFFF8F
FFFFFE94
000000D7
FFFFFDA7
FFFFFBA1
FFFFFDF1
000001ED
000002C7
FFFFFB1B
FFFFFC80
FFFFFEF9
0000027A
FFFFFE2C
000002CE
FFFFFF36
FFFFFFE1
FFFFFEFA
FFFFFEED
FFFFFE15
FFFFFD49
FFFFFF01
000000CF
FFFFFC84
FFFFFC53
FFFFFBDE
FFFFFD50
0000015F
FFFFFC90
00000018
000000B6
FFFFFF5E
00000495
00000497
00000100
00000490
FFFFFFCD
00000020
0000045F
0000040F
000003BE
FFFFFE19
FFFFFDF8
00000092
00000349
FFFFFAA9
FFFFFFF3
0000050C
FFFFFBE6
0000064A
0000028D
FFFFFB1D
FFFFF776
FFFFFAE0
FFFFFF96
FFFFFFF6
FFFFFB9C
FFFFFAFD
00000503
00000244
FFFFFD77
0000011F
0000051C
FFFFFE79
00000328
FFFFFBCA
FFFFFE7F
000007A8
FFFFFCB1
FFFFFEB6
00000266
0000036E
000005A1
FFFFFDB1
00000515
00000684
00000930
00000529
FFFFFF2C
000002A4
FFFFF89C
FFFFFDF6
FFFFF9D4
000002CC
FFFFFC7A
FFFFFFC8
000001BB
FFFFFED6
FFFFFF7A
000000EE
FFFFFDDD
FFFFFED9
FFFFFC00
FFFFFF0A
FFFFFEEF
FFFFFA2D
00000560
0000074A
FFFFFD47
00000281
0000009D
FFFFFF5B
FFFFFFF3
FFFFFF17
00000246
00000987
FFFFFEB5
FFFFFFF3
00000496
FFFFFD44
00000154
FFFFFF33
FFFFFE84
FFFFFE0E
000002E5
00000424
FFFFFA48
FFFFFC8E
FFFFFDC4
00000074
00000089
00000094
FFFFFEC3
000002CB
000001E0
FFFFFEDE
FFFFFE0E
FFFFFE55
FFFFFEB2
FFFFFE64
FFFFFF43
000002B9
00000409
FFFFFB33
FFFFFAF6
00000051
000002B9
000002EA
FFFFFBF8
00000203
000001BF
0000055D
FFFFFD11
FFFFFA93
FFFFFF70
FFFFFB9B
00000048
FFFFFCB7
00000569
FFFFFEB7
FFFFF8DB
00000359
FFFFFECD
FFFFFF6F
000000F2
FFFFFCBF
000003BD
FFFFFFDD
FFFFFD9A
000001E6
FFFFF72D
FFFFFB48
000004ED
FFFFFD7B
00000823
FFFFFCE0
FFFFFC31
FFFFFF6A
FFFFF83E
FFFFFD1F
000000C6
FFFFFC44
FFFFFF27
0000043F
FFFFFF0E
000007D1
00000052
0000063B
FFFFFD56
00000094
0000082D
FFFFFEC2
0000006F
FFFFFE74
00000645
0000000B
FFFFFD54
FFFFF9F6
00000413
FFFFFE71
00000354
00000164
FFFFFC34
FFFFFAF2
FFFFFC87
0000056A
000004E7
FFFFFE78
000002EA
FFFFFEF0
000000C6
00000023
00000517
00000195
FFFFFEA9
0000024B
0000000D
FFFFFEB3
00000152
FFFFFF46
000005E9
00000375
000007BE
00000026
000000B4
FFFFFA9D
000003E4
00000195
FFFFFFF4
00000302
000001D9
FFFFFE0F
0000022E
00000506
000006CA
FFFFFFFB
000002E3
00000879
00000939
0000013F
00000778
00000250
FFFFF92A
FFFFFAF1
0000019D
000006EE
FFFFFD3B
00000402
FFFFFCCE
FFFFFF0B
000001FB
00000538
FFFFFB22
0000017E
FFFFFFF0
FFFFFB66
FFFFFC76
FFFFFA18
FFFFFA34
FFFFFBFE
0000072D
FFFFFF58
00000781
FFFFFCCE
000003C8
00000782
FFFFFD6C
000003A6
00000413
FFFFF664
FFFFF9CC
FFFFFB0F
00000345
FFFFFA2C
000002CD
0000042A
FFFFF9DC
0000069F
00000655
000002C2
FFFFFFF5
000003CC
00000481
FFFFFF3D
000005D6
0000086A
FFFFFFCA
FFFFFE27
00000462
000002EC
00000193
FFFFFB53
FFFFFC21
FFFFFD87
FFFFFEAB
000002E4
000002BD
0000040D
000000DA
FFFFFD0A
FFFFFD38
FFFFFEE6
00000173
000004B5
FFFFFD96
FFFFFD74
00000701
0000011C
00000040
00000616
00000157
0000038F
000004BF
FFFFFA57
0000006F
FFFFFDE9
000005D3
00000099
FFFFF9BC
0000030E
0000058D
FFFFFC7A
0000002B
00000990
FFFFF7F3
FFFFFCEB
FFFFF7C4
000004B6
0000029D
FFFFFC8F
FFFFFDB6
FFFFFD56
FFFFFD10
0000013C
0000028E
FFFFFF78
0000017C
FFFFFE5D
000000FA
000001BD
FFFFFFC0
FFFFFEE6
0000010E
0000024D
00000791
FFFFFDD2
000003DD
000000A3
FFFFFD0D
FFFFFDF5
FFFFFA1C
0000008A
FFFFFA1D
0000001C
FFFFFA04
000000C8
00000653
FFFFF9AA
FFFFFB37
00000575
FFFFFEEE
0000068C
FFFFFD1B
FFFFFFFA
FFFFFE30
FFFFFEE0
00000283
0000038B
FFFFF92C
0000047D
000000A7
FFFFFD6C
000000AE
FFFFF7A9
FFFFFF81
0000020F
FFFFFFD8
FFFFFC07
00000343
FFFFFD4B
FFFFFCCF
FFFFF7B5
000001E1
FFFFF9D3
000006BF
FFFFFCE9
FFFFFCA3
FFFFFDE2
FFFFFB4A
FFFFFE21
00000025
00000284
000001F1
FFFFFB81
000001DA
FFFFF9FD
00000294
FFFFFF09
FFFFFF83
FFFFF5EC
FFFFFC13
00000068
FFFFFA75
FFFFFDA6
000004B0
FFFFFB70
00000689
00000115
000002A6
00000609
0000041E
0000027B
