FFFFFA67
FFFFFCD5
FFFFF416
000001F3
FFFFFE0C
FFFFF676
FFFFF1B6
00000961
FFFFFBC6
FFFFF7FC
00000B2F
00000E72
FFFFEE36
FFFFF804
FFFFFA4D
00000B85
FFFFFD36
00000626
00000712
0000105F
00000853
FFFFF8D4
00000BCB
00000752
FFFFF9D8
FFFFFEE0
00000443
00000A4C
FFFFF9D2
00000200
FFFFFDC2
FFFFFC92
000005CC
FFFFFEAC
FFFFFCED
FFFFF3D4
FFFFFFC6
FFFFF4DF
FFFFF0EC
FFFFF615
FFFFFCB3
FFFFE775
FFFFF84D
00000244
000000BB
0000046B
00000273
00001018
00000354
00000550
FFFFFC31
FFFFFFA0
00000E5E
00001310
00000315
FFFFF1A3
000004FB
FFFFE559
0000001B
FFFFEFE8
FFFFFEE4
FFFFFDD6
FFFFFD86
FFFFF793
FFFFF981
FFFFF757
FFFFFDA7
FFFFFD6F
FFFFF81C
FFFFFC54
FFFFFECE
FFFFF7DA
FFFFF983
00000317
00000505
FFFFF8AA
FFFFF4A5
FFFFF8E8
00001189
00000414
FFFFFDCB
00000671
00000AB7
00000BF9
FFFFF904
FFFFFB4F
FFFFFB95
FFFFFED3
00000EEE
00000340
0000044F
00000AE2
FFFFFA6C
00000D23
00000835
0000056C
000011DC
FFFFFCE9
000000DE
00000DC4
0000073C
FFFFFCF4
00000D83
00000784
00001267
000008B9
FFFFF952
00000554
00000223
00000A18
00000562
FFFFFC6A
00000B82
FFFFF1AB
00000BEA
FFFFFC9A
00000912
FFFFFAE5
FFFFEF15
FFFFFA93
FFFFFCA5
FFFFFC55
FFFFF8DB
00000B82
FFFFFBCF
FFFFF6D4
FFFFF4E5
FFFFED95
FFFFEF72
FFFFF229
FFFFF99C
FFFFF53E
FFFFF46E
FFFFFB27
FFFFED26
FFFFFF33
000001DC
000009B7
FFFFF4A1
FFFFFD2F
FFFFF3F6
0000060B
00000C5F
FFFFFEBD
FFFFFB1C
FFFFFFB6
00000727
0000033B
FFFFFB77
FFFFFA30
FFFFF8FD
FFFFFB1C
FFFFF785
00000214
00000961
FFFFFF05
00000458
00000AA0
0000079F
000011D0
00000B63
FFFFFEE2
000002AC
00000670
000005BC
0000089C
FFFFFE2F
00000CE5
FFFFFFCC
FFFFF574
00000076
FFFFF850
00000913
FFFFF826
FFFFF6E5
00000823
FFFFFBDF
00000503
00000512
FFFFF12D
FFFFF63C
FFFFFCD1
000001A9
00000E77
FFFFFB92
000012FF
FFFFF727
00000689
0000066C
000005C9
FFFFF4E4
0000023C
00000108
FFFFFE3F
FFFFF30A
FFFFF835
000000DE
0000024C
00000893
FFFFFE03
0000052F
FFFFFF63
FFFFFAB8
FFFFEAD6
00000DE5
00000A7C
00000861
FFFFFF71
0000067D
FFFFF9E1
FFFFF8A3
000004C0
00000587
000001E8
FFFFFB3C
FFFFFDAD
FFFFF6C5
00000978
00000DCC
00000B3E
FFFFF029
FFFFF795
00000D67
FFFFFABD
FFFFFC90
FFFFF60E
FFFFFEA8
FFFFF226
FFFFFFBA
0000051F
000008A7
FFFFF02E
FFFFEFCB
FFFFEF4D
0000005E
0000096E
FFFFFD15
FFFFFDC8
0000050F
FFFFF36E
FFFFFEBC
00000109
00000BF8
FFFFF26C
FFFFF1EA
FFFFF410
0000082A
FFFFFE60
0000020C
FFFFF596
FFFFF18E
0000029F
FFFFFF5C
FFFFF9D2
0000097B
FFFFFEB2
00000DBE
FFFFFC28
FFFFF6E1
FFFFF09B
00000087
00000426
00000188
00000678
000006DD
00000330
FFFFFF5C
FFFFF50F
FFFFF2D2
FFFFF7AD
FFFFF7D8
FFFFFE98
00000950
000012EE
000012D8
00000777
FFFFFEFF
00001329
00000C6E
FFFFEE25
FFFFF8EF
FFFFF514
0000091F
00000A15
00000B73
0000095C
FFFFF94C
FFFFF5E5
00000D96
00000059
00000EBC
00000F8F
00000D24
00000861
FFFFF456
00000755
FFFFF95D
FFFFF389
00000533
0000017F
FFFFFAED
00000DD2
00000F02
000001CE
FFFFF9BD
00000C8A
FFFFF168
000004A6
FFFFF4EC
000010BB
FFFFFC28
000004A2
FFFFF436
00000247
FFFFFD4A
FFFFFAB4
000002AF
FFFFF130
00000E6E
FFFFFACF
00000158
FFFFEFEC
000000FD
0000008E
FFFFFDDA
FFFFF3BF
00000838
00000E37
FFFFF8A0
FFFFFD0E
FFFFF519
FFFFF2E5
FFFFFC81
FFFFF8A8
FFFFFAE5
00000089
00000D64
FFFFF71A
00000014
00000EE4
000001C9
0000058D
FFFFFC0D
000001BA
FFFFF907
0000003A
000009A4
000000FD
FFFFFF70
FFFFFF0D
FFFFFC85
FFFFF8C1
FFFFF56C
FFFFFFC5
FFFFF826
00000738
00000B3B
FFFFFBDA
FFFFF171
FFFFF583
0000017E
000004DA
FFFFEF8F
000005FA
FFFFF05C
FFFFF3EC
00000388
FFFFF2EB
FFFFF114
FFFFFF43
000003FC
000001A3
00000162
00000240
0000025A
FFFFFF58
FFFFE955
FFFFFBB8
FFFFF615
FFFFF1C4
000001AF
FFFFF8E0
FFFFEFC2
FFFFEE18
0000065D
FFFFFE40
FFFFFA1C
FFFFF83E
FFFFED62
FFFFFB07
FFFFFA3D
FFFFEFFA
FFFFEEA0
FFFFF403
FFFFFA7F
FFFFF150
000002A6
FFFFFF63
00000ACF
00000138
00000C4E
FFFFFB95
FFFFFD8C
00000449
000001E8
00000B2B
FFFFFF8F
FFFFF8C5
0000080C
00000056
00000DEF
00000A6C
FFFFFC72
00000664
FFFFFF82
00000A8D
000011E5
0000058B
00000772
FFFFF995
00001261
0000016F
00000709
FFFFECD2
FFFFF0B2
FFFFFB71
000000F6
000001C1
00000169
000003D6
0000007C
0000006C
FFFFFA31
FFFFFCC4
000007BD
000002BF
FFFFF584
FFFFEFEF
000005D4
00000375
000002F5
00000B60
00000A61
FFFFF8A9
0000056C
000000C4
00000D44
00000D1A
FFFFF9E4
FFFFFF65
000004A8
FFFFFF9C
FFFFF85B
0000025D
000002F8
000004DC
00000452
000000EF
00000A1A
FFFFF8B5
FFFFFDD8
000000EA
FFFFF739
FFFFFD2E
FFFFF9C9
FFFFFD50
000003A3
00000ED2
00000934
FFFFF64F
FFFFFDE9
00000303
0000043B
FFFFF25E
FFFFF864
00000AE0
FFFFF7C9
000006C9
000003B1
00000121
FFFFF649
0000031D
00000395
0000074E
FFFFF5DF
0000015D
0000018C
FFFFF278
00000D69
0000094D
FFFFF669
00000676
0000050B
FFFFFA8F
00000AAE
FFFFF480
FFFFED20
FFFFEC9F
FFFFFB1B
FFFFEAE2
FFFFFDA8
FFFFFF1F
FFFFEE40
FFFFFE59
00000975
0000035F
0000014B
FFFFF880
FFFFFFF2
0000090E
FFFFF8B9
0000037A
00000A0A
FFFFFF09
FFFFFB90
0000041A
00000B61
000013D6
00000797
00000E65
00000885
000000A1
00000338
FFFFF7C5
FFFFF29D
00000A78
FFFFFAC5
FFFFF9BA
FFFFF1E1
FFFFED3C
FFFFFD75
00000883
00000173
FFFFFDBE
00000CD7
FFFFF986
FFFFF6FD
000008FD
FFFFF8B8
000001DC
FFFFFA5E
FFFFFA8D
000005A1
00000DB3
000005B1
FFFFF530
00000671
000003B3
00000DD6
FFFFF602
00000289
00000C40
FFFFFA4F
FFFFF66D
000007DB
00000CDF
0000054F
FFFFFCEE
FFFFFF26
FFFFF596
FFFFF96C
000006AC
FFFFF488
00000A0F
FFFFF76C
FFFFF79B
FFFFF4E8
00000304
FFFFFD17
0000072E
FFFFFAC0
00000435
0000034A
00000235
00000568
FFFFF0C6
FFFFFF3C
00000045
FFFFF9A6
0000028F
0000029B
00000121
FFFFFFB3
000001DF
FFFFF5B7
FFFFEFEB
FFFFEC94
FFFFF09B
FFFFEE99
FFFFFA58
FFFFEEBC
FFFFFD4E
FFFFF31B
FFFFE7EB
00000BB3
FFFFF4D3
FFFFFDE1
0000059E
00000B57
000006DE
FFFFFC15
FFFFF8F7
00000C74
FFFFFBD7
0000074B
FFFFF86C
FFFFF8D8
00000705
000009A7
FFFFFF47
FFFFFC00
FFFFEE6A
00000991
FFFFFD99
0000047A
0000024E
000002EC
FFFFFE79
0000090D
FFFFFC20
FFFFF7F3
FFFFF14C
00000B20
00000983
0000032F
FFFFF240
FFFFF1EF
00000528
FFFFF416
FFFFF7A2
FFFFFB2B
FFFFF9FC
000009A5
000010B1
000006C1
000008B4
FFFFFA8B
0000105D
FFFFFF20
00000315
00000BD2
00001683
000005F7
FFFFF966
00000BD7
FFFFF54C
00000C61
00000976
00000BBF
000007CC
FFFFF758
FFFFFD99
FFFFFDFA
FFFFFE1E
FFFFFFE8
FFFFF3D7
FFFFF17A
FFFFFEFB
000007A1
FFFFF843
FFFFF34E
000009ED
00000798
FFFFF320
0000059A
FFFFFFB5
00000BBB
FFFFFE6B
00001341
00001ADF
000014EA
000011CE
FFFFFF2E
00000C07
FFFFFD5C
000005AF
FFFFF903
FFFFFFE1
FFFFF4A3
00000237
0000053D
FFFFF315
000000FE
FFFFF834
FFFFF6A6
00000290
FFFFF345
000006AE
00000444
FFFFEF03
FFFFFF01
FFFFFA9C
FFFFFB3F
FFFFF6A0
FFFFFA8F
FFFFFAEC
00000D35
00000AFB
FFFFF5F8
FFFFF767
000005BD
FFFFF396
FFFFFF73
00000452
FFFFF3AE
FFFFFD2B
000005BE
FFFFF857
FFFFEF6B
FFFFFA43
0000024F
FFFFFCDF
FFFFFB76
0000023D
000005CC
000000AC
00000DEA
00000863
000003AD
FFFFF460
FFFFFD65
FFFFFDD7
00000A68
00000ABA
00001550
00000E65
00000682
000002C5
FFFFFDF0
FFFFFF8C
FFFFEDC0
FFFFF523
000005FB
FFFFEDF6
0000017A
FFFFF9B4
FFFFFD6A
FFFFFA87
00000DCC
00000DB3
0000071D
000005F7
000008F7
00000209
FFFFFD42
00000FCE
00000F07
FFFFFD2A
FFFFEF8E
FFFFF0C5
FFFFF3C9
FFFFF3E8
FFFFFE02
00000401
FFFFFD93
FFFFF18D
FFFFF27C
00000504
00000069
000002EE
00000F74
00000858
00000219
00000787
FFFFF30D
00000583
00000471
00000834
00001593
FFFFFD6A
0000027A
00000E1C
FFFFF7AE
00000FC2
FFFFF66D
0000148C
000008F2
00000517
0000087A
00000491
00000C22
FFFFF6C5
FFFFECE1
FFFFFDDB
FFFFF9F7
FFFFF087
FFFFFFD6
00000906
FFFFF159
FFFFF0F5
FFFFF406
0000032A
00000600
FFFFFFE5
FFFFF770
FFFFFF91
FFFFFED3
FFFFFBCE
00000AAE
FFFFF390
FFFFFC4A
0000093C
000009A2
FFFFF180
FFFFFF8F
00000D39
FFFFF929
FFFFFC78
FFFFFF8B
FFFFFBD4
FFFFF22C
FFFFFD45
FFFFFA02
FFFFF53E
000008D6
FFFFFBF6
FFFFFA44
FFFFFE8E
FFFFFD5C
FFFFFF61
00000C17
0000019D
00000016
00001065
00000F8A
00000760
000009EF
00000968
FFFFF49E
FFFFF92B
FFFFEF96
FFFFF60D
00000EB5
000000CD
0000058E
000005A5
00000578
000007FD
FFFFFDC3
FFFFF72F
0000082D
FFFFFD7F
FFFFF590
FFFFFDCF
00000077
00000C8D
FFFFECA9
FFFFFBE9
FFFFF855
FFFFFEE0
00000893
FFFFFC1F
FFFFF744
FFFFFF0D
00000781
FFFFF345
FFFFF186
FFFFFF80
FFFFF858
0000096E
FFFFEE4F
FFFFF7DB
FFFFF1F0
FFFFFAF2
FFFFF3D5
00000E63
FFFFF9E7
FFFFF6D7
FFFFF7F4
FFFFF5B1
FFFFF84F
FFFFF179
FFFFF8D8
FFFFF344
FFFFF979
000008BD
FFFFF87E
FFFFF336
0000050C
0000057A
00000029
000000EC
FFFFF87D
000004E4
FFFFFB17
FFFFFC80
00000212
000004DF
FFFFE9BE
00000342
FFFFF64D
00000810
FFFFF078
FFFFFD79
FFFFFE2D
FFFFF626
FFFFF5B1
FFFFEE2C
FFFFFBC3
FFFFEE48
FFFFFE89
FFFFFD0D
000012C4
FFFFFFF6
0000030B
FFFFFDBC
FFFFFD3C
000001A2
FFFFFDCF
00000033
FFFFFBD2
FFFFF182
00000695
FFFFF87B
FFFFF9B0
FFFFF6E7
FFFFF7FA
FFFFFDB3
FFFFF635
FFFFF44A
FFFFFE57
FFFFFF91
00001370
FFFFF7F6
FFFFF8CB
FFFFF7CF
FFFFF66D
00000959
FFFFFF8C
FFFFF776
FFFFFEA1
00000483
000007A1
00000C42
FFFFF7B0
00000415
FFFFFE5F
000003C9
00000602
FFFFF27A
FFFFF670
FFFFF622
FFFFEF49
000000A4
000004C0
00000B70
FFFFEF03
FFFFF292
00000A25
00000617
FFFFF53A
00000584
00000174
00000E2D
000004D6
FFFFFAA5
FFFFFD5C
000005E0
00000933
FFFFFD3C
FFFFFD30
00000A84
0000014C
00000206
FFFFFB6D
00000235
FFFFFBCA
000000EC
FFFFF475
FFFFFCB7
FFFFFA3C
FFFFEE16
FFFFFE25
0000023D
FFFFF91B
FFFFF269
FFFFFB15
FFFFF7CE
FFFFFB70
FFFFF4E8
FFFFEECA
00000420
0000008E
000006F5
00000AA5
FFFFFF9D
FFFFFAA0
000010DC
FFFFFB6B
00000A61
00001059
00000C1D
00000E55
00000246
FFFFFC17
00000703
FFFFFCF6
FFFFFB30
000000A7
000004B5
FFFFF60A
000006C4
FFFFFA82
000008A7
FFFFFD45
000007C3
0000063C
0000053D
0000052E
000007DB
00000342
000006B6
00000445
00000941
00000CDC
FFFFF959
00000744
FFFFFEC7
FFFFFDA2
FFFFF5C9
FFFFF88C
FFFFFDB3
00000282
FFFFF151
00000CBB
FFFFF6BA
000000A8
000006B0
0000048D
FFFFF499
00000334
FFFFFE43
FFFFFC55
00000421
FFFFFB90
FFFFFE58
FFFFF699
FFFFF43A
FFFFF9B6
FFFFF022
FFFFF733
0000028B
0000038A
0000057A
000003EE
000007D5
FFFFF8C5
FFFFE8E8
FFFFFFEF
FFFFE8F9
FFFFF620
FFFFFAE8
FFFFFDC6
FFFFF80C
000001B9
00000AB9
000004EE
FFFFF615
0000057A
FFFFF483
0000033C
00000A5B
FFFFF33D
00000127
FFFFF9D8
FFFFF9C4
0000064A
0000096F
FFFFF7E9
FFFFFC8A
FFFFF22F
00000817
00000853
FFFFECA1
000002FC
FFFFFFF9
FFFFFEED
FFFFF7CF
00000687
FFFFF557
FFFFF4DB
0000061F
FFFFFBBA
FFFFFE9E
FFFFEFEA
000008A1
00000958
FFFFF945
FFFFFDC0
0000033C
FFFFF3CC
00000869
000007A0
FFFFF284
FFFFF06A
FFFFF549
FFFFF3A2
FFFFFA57
FFFFFC63
000000C2
FFFFFED7
0000082B
00000A8A
00000069
FFFFF95C
00000216
00000EFC
FFFFF4B1
000006C4
000002A0
FFFFFFB8
0000161C
FFFFFE0A
FFFFFF4A
00001548
00000E63
FFFFFB87
FFFFF4FE
00000522
0000005F
00000A76
000014A1
0000043F
FFFFF9C7
00000FB4
0000157E
000003FE
0000088A
FFFFFFE5
00000689
FFFFFDCB
00000338
FFFFFC59
FFFFFA99
FFFFFEC7
FFFFF6EF
00000899
FFFFFCF2
00000BC3
0000088C
000002AC
000007B2
FFFFFB36
FFFFF942
00000B0F
00000B9B
FFFFFD20
FFFFF404
00000298
000009D0
FFFFF58B
FFFFF2DE
00000D15
00000A6C
0000056F
00000D62
00001301
00001490
0000105A
FFFFF251
000000A5
00001954
00000FB9
000000C9
FFFFFA9F
000001A6
00000520
000011DA
FFFFF8E5
FFFFFA3B
FFFFF4CC
00000285
00000A9B
0000030E
FFFFF84B
FFFFFC11
000009E0
FFFFF925
000000F6
00000822
00000350
00000113
000009C9
00000B1A
FFFFFEFB
FFFFF3E2
FFFFECDF
FFFFE7C7
0000178A
000009C9
00000142
00000D87
FFFFFD59
00000320
00000385
000009AF
000017C3
FFFFF8B2
FFFFFCFC
FFFFF2A6
FFFFFDA9
FFFFEC8B
FFFFFC27
FFFFFC4F
FFFFF5E5
FFFFF8D4
000007B1
00000A8A
FFFFFE7D
000017EE
00000F0D
00001058
000009DB
000008DF
000003FD
FFFFF381
FFFFFAEA
00000C85
00000FB6
00000DEE
00000EE9
00000419
00000634
FFFFF2C8
00000B8F
000001D4
00000262
0000132D
00000825
000001CD
FFFFF862
00000793
00000FC3
00000324
000006C0
FFFFFF64
00000910
000007FC
FFFFFAE9
00000B0C
000002D2
FFFFFE55
FFFFFF18
000006A9
00000024
00000DA2
000006AB
000007B3
00000D55
FFFFEDB8
FFFFFA79
FFFFFF4C
FFFFF874
000017A6
FFFFF9DF
00000B72
00000F5C
000007BB
000000C9
00000C55
FFFFF8A8
00000B50
FFFFF64C
00000081
00001112
0000099C
FFFFF2FE
00000905
0000103B
000006E0
00000913
FFFFEF6E
0000078A
FFFFFB69
0000024D
FFFFF409
FFFFFBAD
00000ACD
FFFFF52D
FFFFEDF3
FFFFEEE2
FFFFFC85
FFFFFCE2
00000BAC
FFFFF794
00000139
FFFFF5B6
FFFFFA82
FFFFFF8D
FFFFFD58
0000020B
FFFFFEE5
FFFFFF90
0000083C
0000122D
FFFFFB52
000002D7
00000898
00000B77
FFFFFF27
FFFFF117
00000802
FFFFFE67
00000981
000009AA
FFFFF7AB
FFFFEF31
00000475
FFFFE5B0
FFFFFA9F
000005DC
FFFFE7CA
FFFFFED8
FFFFF1CD
00000222
000003B3
FFFFFC17
00000548
FFFFFC88
000004FB
FFFFF4A0
000010D1
FFFFF15F
00000A80
00000980
00000745
FFFFF583
00000063
FFFFF827
000004CE
FFFFFF3B
FFFFFF13
00000859
00000B1E
0000034E
FFFFFE1F
00001695
0000112C
FFFFFA54
FFFFF70E
00001C72
FFFFF95D
00000944
00000950
FFFFF515
FFFFFF6D
FFFFFEB5
FFFFF41E
00000819
FFFFFF43
000014BE
FFFFF6AA
00000AA6
FFFFF6D1
0000010E
00000009
000006DA
FFFFF65B
00000244
00001179
00000BE5
FFFFFDC2
FFFFF717
00001539
00000897
0000064F
000015E8
0000101B
FFFFF9E7
000007AF
0000068F
00000361
00000C62
0000024E
00000813
000011DD
FFFFFCD2
00000B40
0000127C
0000152B
FFFFF0AB
0000198F
000000C3
00000915
FFFFEA2E
00000A3A
FFFFE969
0000021F
00000350
FFFFF540
FFFFE278
FFFFF169
FFFFE471
0000013C
FFFFEC07
000001F8
FFFFF57A
00000537
FFFFEDC7
FFFFFF94
FFFFE705
FFFFFEFA
FFFFFEDD
000007AB
00000669
00000329
000007F7
00000855
000012FA
00000CB3
00000628
0000060A
00001CA3
00001527
FFFFF3F4
FFFFF62B
FFFFFFBE
00000D0F
FFFFFE36
000003C1
FFFFF4EE
FFFFFFCA
000002B6
FFFFFE24
000009B3
FFFFF4EF
00000D4D
00000F3E
00000A23
FFFFFED4
FFFFFD0B
00000E1F
00000141
FFFFF9EF
00000945
000015BD
FFFFFE61
FFFFF968
FFFFF490
FFFFFD81
FFFFFAD4
FFFFF768
FFFFF429
00000E89
FFFFEADB
FFFFF301
FFFFF319
FFFFEBE7
FFFFF159
00000A55
FFFFFB95
000010AC
0000150B
00000153
FFFFFC02
00000064
0000066D
00000F09
000003E0
FFFFF034
00000363
000006C0
FFFFFF8E
FFFFF13B
0000077B
FFFFED94
FFFFF81A
00000754
FFFFF756
FFFFF1FC
FFFFFF22
00000347
FFFFFE71
FFFFF85C
FFFFEFCB
FFFFF51F
00000D90
FFFFF3C9
FFFFFE40
00000443
FFFFFD7D
FFFFFD11
00000E2A
00000650
0000013F
00000F5D
FFFFF282
FFFFF452
FFFFFFAC
FFFFF414
00000413
FFFFF0AB
FFFFFEDC
FFFFFBD4
FFFFFBD8
0000022A
FFFFFFC4
FFFFFFAA
00000A29
000014FD
0000013B
FFFFFD4F
FFFFFDE7
FFFFF159
FFFFED71
FFFFF0FC
0000084E
FFFFF6CA
FFFFF072
0000065B
FFFFF5FB
00000001
00000AA2
FFFFFD90
0000013B
00001673
00000DD7
00000B0E
00000E9E
00000A6A
0000171A
00001238
00000578
FFFFF6B6
FFFFF7ED
FFFFF4B1
FFFFF04C
FFFFF69C
000004AA
FFFFF31E
FFFFF9A6
FFFFED17
FFFFF42B
FFFFFA4B
FFFFFD69
FFFFEAE0
00000ABE
FFFFF8B4
00000A52
00000CE7
FFFFFF21
FFFFF56D
FFFFF3FC
00000FD3
000002B8
00000180
FFFFFE6A
FFFFF130
000011E1
FFFFFE04
FFFFFB9C
FFFFF248
FFFFF4A1
000015F9
00001112
000002E9
000005CD
FFFFEF36
00000554
00000069
FFFFF3F1
FFFFF464
FFFFF401
00000A51
00000DCF
FFFFFE8A
000017BD
FFFFF743
0000070A
0000018F
00000E22
FFFFF2FD
FFFFF843
0000116B
FFFFF765
FFFFFDEB
FFFFFED2
000005DB
0000054F
0000062D
FFFFF49B
00000500
FFFFF9B8
FFFFFA49
FFFFF3A3
FFFFE9DA
00001388
FFFFF12A
000007C8
000005FB
FFFFF405
FFFFFEEE
00000CB8
00000FEB
00000F66
000005EB
FFFFFF1B
FFFFF427
FFFFF4D1
FFFFF833
00000936
000010AE
FFFFE95D
FFFFEBBC
FFFFE93C
00000466
FFFFFB68
FFFFF47B
FFFFECF6
FFFFFC6F
FFFFF7F0
000002D9
FFFFF254
00000C9A
00000AAB
FFFFF9E4
FFFFF406
000003A9
FFFFFCDA
000007E2
00000BCB
00000624
0000050D
000013DC
00000DE7
00000D1A
FFFFFC9A
000004C3
FFFFFE9B
00001566
000000A8
000000EE
FFFFFC0D
0000044A
00000578
000003C0
000014D7
FFFFF464
FFFFF314
FFFFFE89
00000B35
FFFFEEDF
FFFFE5F8
FFFFE932
FFFFF8BF
FFFFF6BC
FFFFF15D
FFFFFD95
FFFFF4FB
FFFFEC68
0000002D
0000002B
00000610
00000936
00000F53
00000FCE
00000666
FFFFF0C1
FFFFF7B0
00000957
FFFFFFF4
0000073E
000001E7
FFFFF565
FFFFFF3A
FFFFFE33
FFFFFCE2
FFFFE593
FFFFF5B5
00000FFC
FFFFE427
FFFFF67C
FFFFFECE
FFFFE84B
00000844
FFFFF33F
FFFFEFEA
FFFFFC5E
000005B3
FFFFEAD6
FFFFFC6C
FFFFEED3
00000A46
00000625
00000D3F
000004A8
FFFFF0BB
FFFFF351
FFFFFA86
FFFFFCCC
FFFFEED8
0000056B
000005E6
000003A7
FFFFF213
000002EC
000006BE
00000401
FFFFFA99
FFFFFCC9
00001138
FFFFF69B
000005C3
0000123E
00000BB8
000008A8
000008A4
FFFFEEFA
00000356
000006B9
000002F3
0000002C
00000A51
00000102
FFFFF29F
FFFFFF9B
FFFFED65
00000407
FFFFEA9B
00000AE2
000018EC
FFFFFBC3
00000645
00000A4B
000006D7
FFFFF7A4
0000010D
000008B9
000002A1
00000C64
0000030C
0000071B
FFFFF5C6
FFFFEE4B
FFFFFB64
FFFFF15B
00000B31
FFFFF8BD
00000A46
FFFFEFAF
00000130
FFFFFD15
0000011E
FFFFF8A5
00000528
FFFFEFA2
00000C43
FFFFF453
FFFFF9D1
FFFFF4E5
0000031B
00000EEE
FFFFFBD0
00000AF5
00000B51
FFFFFA2E
000001A0
FFFFF31D
000006F9
00000620
0000052D
FFFFF52C
00000B83
FFFFFA0F
FFFFFE1F
00000ECC
000006D0
FFFFFC0A
FFFFFBEC
FFFFFB78
000009C9
0000096D
0000042B
FFFFFF81
000000A8
000008B7
0000055C
00000F8A
FFFFF90C
000010A4
00000688
00000565
00000935
FFFFF983
000008B5
FFFFFFDF
000005AB
FFFFFE5F
FFFFF330
FFFFFC7B
00000B28
FFFFF22D
FFFFFE45
00000259
FFFFFE9C
00000C55
FFFFF5CA
000000F5
FFFFF1E9
FFFFF3E4
FFFFFC57
00000064
00000481
FFFFED0A
FFFFF210
FFFFF2B3
0000022F
00001103
000008DC
FFFFFD80
FFFFFF1E
FFFFFAB2
00000104
000001FE
FFFFFEE2
00000392
0000047A
00000CC5
FFFFF375
FFFFF274
FFFFFC08
0000096F
00001287
000000EB
FFFFF4E6
0000000D
000005AC
00000166
FFFFF6DD
000005B2
00000CCF
0000075B
00000110
FFFFF2BB
00000A66
00000AF6
00000EEE
00000BEF
FFFFFE3F
FFFFFEEF
FFFFFCF2
0000059C
000000B6
FFFFF9DB
FFFFFC42
00000403
000008F4
FFFFFA21
0000038D
0000060D
FFFFFF22
00000F0A
FFFFF816
00000812
00000D7F
FFFFFF3A
FFFFF304
FFFFF8B0
00000BE5
FFFFF408
FFFFF64C
FFFFF417
0000061F
FFFFF136
FFFFEFEF
FFFFF6A8
00000611
000001CB
000004BF
FFFFF8A7
00000AE3
FFFFF5DC
FFFFEC3A
FFFFF36F
FFFFF630
00000B6E
FFFFF9DB
000004A7
0000025B
FFFFF13A
0000082C
0000080F
00000549
FFFFF70B
00000787
00000D47
000006BC
FFFFFBAD
FFFFFA0E
FFFFF40F
FFFFF4EA
FFFFF89F
FFFFFD50
FFFFF72D
000001E1
FFFFFAF3
FFFFF774
FFFFF704
FFFFF6BB
FFFFFC10
FFFFFEA1
000008E3
0000025D
FFFFF35E
FFFFF543
FFFFFDC6
FFFFF15F
000000CF
FFFFEEAA
000007BB
FFFFF6AD
FFFFF972
00000103
FFFFFD16
0000045D
0000013D
00000025
FFFFEFD3
FFFFFDD4
000006C9
FFFFF1B9
FFFFFCB7
FFFFF127
FFFFF66D
FFFFF41E
FFFFF0FD
FFFFFC27
FFFFF168
0000070C
FFFFEEB7
FFFFE2CA
000002A8
00000B83
00000CEA
00000378
FFFFF93F
00000130
00000412
00000D07
FFFFF6E8
000007FF
00000CE1
000001F0
FFFFF37C
000002F9
FFFFFB13
000004FC
FFFFF241
FFFFFF2A
0000023A
FFFFFA34
00000191
00000215
FFFFF508
FFFFFD5F
00000434
FFFFF9CC
00000C51
FFFFF94E
FFFFFB30
FFFFEB2A
FFFFFDE5
FFFFF5B9
000009CC
00000F0A
FFFFEF38
FFFFF32C
FFFFFDC9
00001283
FFFFF4CE
000005F6
00000189
FFFFF6E6
FFFFFF63
00000CCD
FFFFFB07
00000C0B
00000DB8
FFFFF8B3
FFFFFA5C
000009EB
00000D14
FFFFF905
000005E0
FFFFFB27
00000151
00000438
FFFFEE3B
00000395
000002EB
000002F3
00000C4E
FFFFF460
FFFFF566
00000A86
00000B2A
00000964
FFFFF849
FFFFF46E
FFFFF660
FFFFEFD6
FFFFF5AC
00001297
FFFFFF2A
FFFFEC40
FFFFF90E
0000057E
00000CA1
FFFFF59F
FFFFF46E
FFFFF16A
0000127B
FFFFFF9F
00000746
FFFFF701
FFFFF877
000001F2
FFFFFD22
FFFFF803
FFFFF5E3
FFFFFCA7
FFFFFE07
FFFFF814
000007AE
0000007D
FFFFF2EB
00000C31
FFFFFC9C
FFFFFFE3
00001014
FFFFF8E1
0000015A
00000513
FFFFFF82
00000031
FFFFF4E6
FFFFF502
00001067
FFFFFBEE
00001020
000005AB
FFFFF317
00000492
00000D80
00000753
FFFFFA86
000000F1
FFFFF41A
FFFFF961
0000070E
00000026
FFFFF643
FFFFFABE
000008B3
00000419
FFFFF484
FFFFF611
FFFFF009
0000035E
0000011C
000008D2
FFFFFBF8
FFFFFBAA
00000A5A
FFFFFE93
FFFFF617
00000ED3
FFFFF65C
00000CE0
FFFFF35F
FFFFF7D7
FFFFF977
00000665
000007CF
000009D4
0000068C
00000761
FFFFF0F6
FFFFFCD8
FFFFFA37
000005D3
00000988
FFFFFF27
FFFFFE43
FFFFFAC5
0000009B
FFFFF72A
FFFFFEAA
FFFFF97F
000004D3
FFFFFFDD
00000393
00000C2F
FFFFF31B
00000164
FFFFF36E
00000A88
00000153
FFFFFE26
FFFFFD74
FFFFEF0E
00000B1C
00000971
FFFFF266
FFFFFC21
00000412
FFFFFC7A
FFFFFFD3
FFFFFC2B
FFFFF0FF
FFFFEC12
FFFFF1DA
00000D2A
FFFFFD02
FFFFFA6E
FFFFFC7B
FFFFFFDA
FFFFF77A
00000123
000005E9
FFFFFA25
00000701
FFFFF799
FFFFFAE0
00000361
FFFFF958
FFFFF3FE
FFFFF10C
000000DE
FFFFE8D8
000005BE
0000026C
000004B4
FFFFF509
FFFFFAE2
FFFFF673
000005BE
00000A61
00000400
000002E3
0000049A
FFFFFCB8
FFFFED6B
FFFFFFCB
000005A3
FFFFF9EC
00000096
FFFFF4FE
FFFFFB99
FFFFFE1C
00000432
00000D24
00000FEF
FFFFFA33
FFFFFAFE
00000823
00000076
00001063
000004B5
FFFFF98F
FFFFF3C4
00000392
FFFFFD4B
FFFFFC8E
FFFFF583
FFFFF318
FFFFFCFB
000003C8
FFFFFC09
FFFFFB92
000001DA
00000FDE
00000633
00000589
FFFFF4DA
FFFFF403
FFFFFF01
00000D0C
FFFFFAE6
00000C30
FFFFFCEE
FFFFFF1B
FFFFF957
FFFFFD0A
FFFFFC59
00000187
00000234
FFFFF151
00000AE8
FFFFF748
FFFFEFA2
FFFFF3EF
FFFFF8E2
000008DF
FFFFFEEE
FFFFF69C
00000316
FFFFFB7F
FFFFFB78
00000919
FFFFFC83
FFFFFE30
000006F0
FFFFF600
FFFFF8F5
0000064F
000006FC
FFFFEF12
FFFFF21F
FFFFFDD0
00000537
FFFFFF6F
FFFFF884
0000029B
FFFFF5FE
00000DBC
00000E46
00000086
FFFFF807
FFFFFFB6
00000C77
0000147C
FFFFFD7C
00000043
FFFFFCDA
000001B5
FFFFF475
000001B1
000004EC
000002B4
00000616
FFFFF28C
FFFFF212
0000022D
000000C6
FFFFFC4C
00000547
FFFFF797
00000CCE
000005D3
00000085
FFFFF7AF
FFFFF3E3
FFFFF8A4
0000066A
0000038D
FFFFF83B
FFFFF6FC
FFFFF5A4
0000005B
FFFFF51F
FFFFF2A9
FFFFFC8B
0000060F
FFFFF804
00000BB5
FFFFF5CE
FFFFED88
FFFFEFD5
FFFFF9C8
FFFFFC8B
FFFFF7BB
00000FB1
0000092C
0000105C
00000547
FFFFF848
0000030C
000006ED
FFFFFE0F
FFFFFA18
00000765
00000668
0000065B
FFFFF35B
000005C7
00000958
00000297
00000CC0
00000769
FFFFF52C
FFFFF2C5
00000377
00000DEB
00000734
0000059D
FFFFF7BF
00000977
00000493
FFFFFA97
FFFFF8C4
000008C0
FFFFFCAD
00000A85
00000759
FFFFF553
FFFFF383
FFFFF367
00000C82
FFFFFC74
FFFFF8A9
FFFFFD1C
00000D81
0000036C
00000A2E
000006C9
FFFFEF97
000016CE
FFFFFBCD
00000DB0
00000B06
00000025
FFFFF63F
FFFFF660
FFFFE98E
0000055D
FFFFF15B
00000FD3
FFFFFE22
FFFFF396
000000B0
FFFFF73B
FFFFFF64
0000155A
FFFFFB2B
FFFFFDAC
0000150D
000011CB
FFFFF76E
FFFFF5DD
000000DD
00000297
0000002E
00000395
00000357
00000299
00000913
000015CB
0000044A
00001548
FFFFEC50
FFFFF091
FFFFF658
FFFFF453
FFFFFC61
00000573
000009F7
000006A4
FFFFFE8E
00000560
FFFFF5DD
000002A0
00001447
00001BBB
000004B6
00001B48
00000984
000009D2
00000132
FFFFF730
00000117
FFFFF94D
0000084A
FFFFFB09
FFFFF8AF
FFFFF069
00000508
00001167
0000082A
0000029B
000005FD
00000464
0000077B
000008AF
00000990
FFFFFB6A
FFFFFBC0
00000801
FFFFFA88
FFFFFD7B
FFFFFCF8
FFFFF8B2
FFFFFC8A
FFFFF7F7
00000944
FFFFEFC4
FFFFF105
000004B8
000002F6
000010B2
000004B0
FFFFFFFB
FFFFEBDE
FFFFF3D7
FFFFF27B
000000A2
0000021B
00000B63
FFFFFC30
00000A3C
000004C1
0000006F
FFFFF9BA
00000A55
FFFFF842
FFFFF577
FFFFFBED
FFFFF965
0000008F
FFFFEEC6
FFFFFB75
FFFFEA9E
FFFFF7EC
FFFFF6D0
00000E73
00000B15
00000196
FFFFEEB7
FFFFF40E
FFFFED54
FFFFFB7C
00000F95
00000685
00000957
000000B8
000012FD
FFFFF512
FFFFF857
000004CA
FFFFF4C9
FFFFE484
00000699
FFFFF44C
FFFFFB42
FFFFF865
FFFFF8D6
FFFFECBE
000013A9
FFFFF8E8
00000F3F
FFFFF9CF
FFFFFE78
FFFFF9A5
0000078A
FFFFF295
00001746
00001231
00000C39
FFFFFF17
00000689
FFFFF439
00000AE3
00000429
00001165
000008AF
FFFFFDE8
FFFFF90E
0000060D
FFFFE9E5
FFFFF612
FFFFE7E3
FFFFF7A9
FFFFE7DC
FFFFE8BE
FFFFFE01
FFFFF91D
FFFFFA40
00000619
00001683
000009F3
FFFFF3C1
0000163D
FFFFF2E6
FFFFF72C
00000B76
FFFFEC5C
00000985
000005EA
FFFFFD52
FFFFF0B8
000009AD
FFFFFAF0
000003D2
000008B1
000006B3
FFFFFE1F
FFFFFA1A
FFFFF201
00000743
000006A1
FFFFF147
FFFFFD4F
FFFFF0E7
0000066A
00000565
000008FA
FFFFEE03
000004A2
FFFFFCDA
00000358
FFFFFFFB
FFFFF574
00000405
FFFFF19C
00001118
FFFFF669
00000DFC
0000178C
00001BB5
0000180D
FFFFFB2C
FFFFF1C6
000003B9
FFFFF587
000007D9
000005CB
00001038
0000041C
00000653
00000041
FFFFFD27
FFFFF8D4
FFFFF0A6
FFFFEA4E
FFFFF92C
FFFFF384
00000747
FFFFEBF5
00000B70
FFFFDD84
0000016D
FFFFF657
00000A79
FFFFE6FD
FFFFF747
FFFFFB42
00000453
FFFFEE88
FFFFFFBA
FFFFEBFA
00000FCC
FFFFEE2C
00000F69
0000066A
000006EB
000001FB
FFFFF3E0
000018FE
00000A64
FFFFF204
FFFFEE91
FFFFF55B
00000A38
00000E53
00000595
FFFFF9E2
00000224
FFFFFDCC
FFFFFB17
000006F9
FFFFF9AE
FFFFF958
00000513
00000727
000007BB
FFFFFB3E
FFFFF7A9
FFFFF792
FFFFFD96
00000D53
FFFFF523
0000039E
000001B1
000008DA
000005D6
FFFFF2E6
0000006A
0000082C
FFFFFC14
0000174E
FFFFF937
FFFFF31E
FFFFF5E2
FFFFFE85
FFFFF60B
000005E1
000006B6
FFFFFEE6
00001405
FFFFF0A6
FFFFF9F1
00000210
0000008C
FFFFF3BD
00001127
FFFFFD1A
00000DC8
00000EF2
0000134F
000001D8
FFFFF710
00001108
FFFFF360
FFFFEA00
FFFFF7E2
FFFFFB1D
FFFFF354
0000114C
0000157D
00000FA1
FFFFFF96
000007F4
00000156
FFFFF4FB
0000029A
00001D52
FFFFFD39
00000380
000017E0
FFFFFED2
00000A37
000007E4
000001A8
FFFFFBCB
00001C2D
00000436
00000EE9
000007C7
000008BE
FFFFF46F
0000124C
00000672
00000A37
00000D94
00000151
FFFFEE19
FFFFF8D3
00000213
FFFFEF83
00000F81
00000318
FFFFF1D7
0000013F
FFFFED89
FFFFED9E
00000C28
FFFFF886
00000505
FFFFF693
000018C3
0000050D
000001E8
00000AA6
FFFFFD79
000008CF
FFFFFA92
00000F98
FFFFEFEC
00000BBA
00000D86
FFFFF4D8
000001A0
000009C4
0000042C
FFFFFFD1
FFFFFB83
FFFFF95D
FFFFEC7F
FFFFF3AB
FFFFF843
00000C76
FFFFFAE7
FFFFF679
FFFFE7B0
FFFFFFE3
00000707
00000365
FFFFF977
0000058A
FFFFEC60
00000858
00000305
FFFFFB92
FFFFF1B9
0000049F
FFFFFFB2
000007BC
00000A9F
00000EBE
00000D15
000007F1
FFFFFC87
000009E9
000009A9
FFFFFDC0
00000B44
FFFFFCC6
00000C2D
00000E5A
0000115A
000001D6
FFFFFF03
0000105F
FFFFFEA8
000007A0
FFFFF426
FFFFFF78
FFFFF342
000006D4
00000A12
00000394
000000AB
0000032E
FFFFFC30
000000B6
FFFFFAD7
00000441
0000131E
FFFFEA66
FFFFF46B
000007A8
FFFFF8FE
FFFFEEAC
FFFFF471
000006B6
FFFFFDAF
00001565
FFFFFDE9
00000A1B
0000047C
FFFFF851
0000096B
00000012
FFFFFE07
00000EE9
FFFFFB2E
FFFFE6BD
FFFFF1F9
0000023B
FFFFECF8
FFFFFD38
FFFFEE1E
FFFFF2B2
FFFFF97A
FFFFFC61
00000052
FFFFFEC6
0000092C
00000EB6
FFFFF547
00000FCC
FFFFEF85
00000622
00000963
0000052A
FFFFE95E
FFFFFA5D
FFFFF016
FFFFF8A1
FFFFFE18
FFFFFA0D
FFFFEBFC
00000544
FFFFF77F
FFFFF3C2
FFFFF59B
00001016
FFFFFEE5
00000848
00000DB0
00001045
00000399
00000110
00000494
FFFFFA85
0000172B
00000642
000001CD
0000118D
FFFFFD8B
FFFFFA3F
FFFFEAD1
FFFFE7D4
000006F3
FFFFE88B
000004FA
FFFFF91E
00000422
FFFFEAA5
FFFFF528
FFFFF7F4
FFFFFADF
00000CE9
000000AE
00001A3D
FFFFFDA5
00001167
FFFFFC98
00000087
FFFFF57A
FFFFF166
000008D8
FFFFEE32
FFFFF7BB
FFFFF97E
FFFFFEEF
FFFFE6D0
FFFFEC8E
0000099F
FFFFF81C
00000D67
FFFFFF7C
00000B40
00000B0A
FFFFF87D
FFFFF124
FFFFF8A6
00000F08
FFFFF9B7
FFFFF003
00000288
FFFFFE75
00000917
FFFFEA99
00000BE5
00000463
FFFFEB6C
00000E40
FFFFF254
FFFFF4A5
FFFFFBC3
00000CC5
FFFFF807
FFFFFC1B
000005A1
00000942
FFFFFAA0
00000A36
FFFFFEEF
FFFFF343
FFFFF79F
000004AD
FFFFF565
FFFFFEDB
00000659
00000484
00000CAA
00000917
00000230
000011D3
000004A8
FFFFF663
0000182F
00000006
FFFFF64D
0000023B
FFFFFB1E
00001D65
FFFFF70A
0000189C
00001300
00000442
0000032D
0000042E
00000184
00000813
FFFFF34C
000011E3
FFFFF69A
FFFFF9A0
FFFFF75D
0000158E
00000C86
FFFFFA6F
00000747
000012D7
00000438
000008AE
00000F0E
FFFFF519
000008FD
00000CB9
FFFFFDC0
00000190
FFFFFE0D
00000B87
FFFFFA79
FFFFFAC9
00000638
FFFFF6DD
000005FD
FFFFFA06
FFFFF2EF
0000013D
FFFFFB4A
FFFFFA33
000000B9
0000031E
FFFFF9A8
FFFFF90D
00000790
00000713
FFFFFACD
FFFFF7C1
00000A1C
00000748
FFFFF773
FFFFFF25
00000470
FFFFF71F
FFFFF7E6
FFFFF322
FFFFF3DA
FFFFFE2C
FFFFF213
FFFFEEC6
000005E2
00000B03
FFFFFC46
000000CA
FFFFFE60
FFFFF709
FFFFF6FE
FFFFFA12
00000A3D
FFFFF924
FFFFFCDD
FFFFFBBD
FFFFFC1C
00000504
00000AFB
FFFFF78F
00000C4D
FFFFFC63
FFFFFC57
FFFFF95E
FFFFF8F6
00000C05
FFFFFDFE
FFFFF600
000001AF
FFFFFBED
00000AEC
FFFFFF43
00000598
FFFFFC28
000000C0
00000915
FFFFFA08
00000579
00000D1D
0000066D
00000C44
000001EE
0000085E
00000017
0000058F
FFFFF7B1
00000069
FFFFFBA9
0000009D
00000A04
FFFFF36E
00000573
0000063A
FFFFF4E8
FFFFF902
0000097A
FFFFFD30
FFFFF046
FFFFFF5E
00000052
000019DB
000013F9
00000BDF
FFFFFC91
FFFFFEFC
FFFFFEF3
00000D55
FFFFF361
FFFFFE31
0000068F
FFFFFA62
000005B2
FFFFFF6D
FFFFF6ED
FFFFED3F
FFFFF03E
FFFFF3AB
00000270
00000347
FFFFFAE1
FFFFFE8F
FFFFFBCE
FFFFFB25
FFFFF50F
FFFFF8A3
00000BF3
00000874
0000100E
FFFFFEED
00000028
000000CF
FFFFF9F8
FFFFFC4E
00000B8A
FFFFFAA8
00000A2E
FFFFFD3D
FFFFF5AE
00000048
000008DA
FFFFFEC2
FFFFFA01
FFFFF4AC
000002F6
00000034
FFFFFEF1
FFFFF623
FFFFF6D0
000007BB
FFFFFD56
FFFFFD5C
FFFFECD6
0000017E
0000049B
FFFFF6D2
00000F4B
FFFFFB5F
00000222
FFFFFD35
FFFFF148
0000052F
0000078F
00000394
00000892
FFFFF676
00000291
FFFFFFA0
FFFFF914
000004E7
FFFFFBB3
FFFFFF3C
FFFFFAFC
00000115
000002B8
00000E52
00000754
FFFFFA5B
000005D0
00000106
00000E1D
FFFFF58C
00000643
00000144
0000058D
FFFFF068
FFFFF3F8
FFFFF271
FFFFF983
FFFFFCBA
FFFFF94F
FFFFFCAF
000006FB
000003D4
FFFFF8FD
FFFFFF5E
000006E0
FFFFF6BE
0000149F
FFFFF177
00000928
00000FFF
00000318
00000C35
0000131D
FFFFFC4C
000006BA
00000778
FFFFF615
FFFFF772
FFFFF6B2
FFFFFDE5
0000016B
FFFFF615
FFFFF697
FFFFF31E
FFFFFF5D
FFFFFE98
FFFFF116
FFFFFFC1
FFFFF82D
FFFFF1DC
FFFFFE56
FFFFFCDD
FFFFF997
FFFFF93F
00000086
FFFFF6E7
FFFFF4F5
FFFFEE2B
00000784
FFFFF250
FFFFFE8B
FFFFEE59
00000479
000010C4
00001018
00000B82
FFFFFF2B
0000072E
FFFFF971
000003DE
00000761
FFFFFE51
00001192
FFFFF8A2
00000809
FFFFFC17
00000BB9
FFFFF408
FFFFFE86
FFFFF50C
000003B0
0000086C
000000AC
FFFFFEB7
FFFFFEFB
00000C5C
FFFFEF84
FFFFF5F8
FFFFF3E8
FFFFFFF6
000005A1
FFFFFA0C
FFFFEFE3
00000561
FFFFFA4B
FFFFF1AD
FFFFF5AB
FFFFFCBB
FFFFFAA7
FFFFEDD9
FFFFF861
FFFFF36B
FFFFEEF5
FFFFEF89
FFFFF768
00000179
FFFFFF9E
000003B9
00001049
FFFFF9FC
FFFFFC5E
000001F3
FFFFFF16
FFFFEFA1
00000398
FFFFFB58
FFFFFD1E
FFFFF7D6
FFFFFF32
FFFFF1D7
FFFFFF57
FFFFF6F7
FFFFFB33
FFFFF82A
FFFFFFD7
0000081A
FFFFFD22
FFFFFD5B
FFFFFBDE
FFFFFE2C
0000099C
FFFFFA00
FFFFEDAE
FFFFFE5F
FFFFFD24
FFFFEEF7
FFFFFECC
FFFFFF2F
00000DC8
00000322
FFFFFBE1
FFFFF770
FFFFFE15
FFFFEDB9
00000D3D
00000057
00000470
00000360
FFFFFA22
FFFFECF6
FFFFF59A
FFFFF45B
FFFFFF55
00000D89
000001E8
FFFFFDC9
FFFFFF76
FFFFFDE1
FFFFF3DA
000004AC
00000C1C
0000074E
00000981
00000828
FFFFF282
FFFFF9DD
FFFFF699
00000816
FFFFF30E
0000019A
FFFFFE42
000005E5
000009E9
FFFFF4B8
FFFFFE4A
000003A1
0000048B
FFFFF459
0000052D
FFFFFC56
00000D47
FFFFFE8A
FFFFFC2D
00000556
FFFFF548
00000423
00000473
FFFFFDE4
FFFFF6C4
00000D5A
FFFFF6C4
000000C5
FFFFFD9E
00000A5B
FFFFFCB1
FFFFF511
FFFFEFF0
FFFFFBD1
FFFFFCAE
00000449
FFFFED8B
000006E1
FFFFF39D
FFFFED1B
FFFFF173
FFFFF791
00000E7A
0000030D
000006D3
000008BA
0000064A
FFFFFFE1
00000DCA
FFFFFC34
FFFFFE6E
0000071C
000007CA
00000B15
FFFFFEC8
FFFFF703
0000051C
FFFFF096
0000039F
FFFFFEE9
FFFFF6B8
FFFFF5C3
000005EC
FFFFF9DC
FFFFF99E
FFFFFCD4
000005FF
FFFFFC72
00000725
FFFFFEB2
00000735
FFFFFCD4
FFFFFA74
00000B94
000005F4
00000906
FFFFF4AE
00000B43
00000223
FFFFFC63
00000536
000002DA
00000CD9
00000BB1
FFFFFD21
FFFFF337
FFFFF222
00000F7B
00000AA1
FFFFFF6F
000003C3
00000A3A
FFFFF6EF
FFFFFF5D
FFFFF328
FFFFF5FB
FFFFFF38
00000B24
FFFFFFDA
00000024
0000113C
FFFFF94C
FFFFFEF9
000002AE
FFFFFA41
000001D0
FFFFFB47
0000086C
FFFFFCE2
00000AC0
FFFFF378
0000073C
FFFFF087
FFFFFFF2
FFFFFEDC
FFFFF2C0
000006A7
FFFFF81B
FFFFFCE9
FFFFFDC0
FFFFFC9F
000002CB
000004E3
FFFFF225
FFFFF9EE
000009F1
0000065A
FFFFFE25
FFFFED5F
FFFFF7F0
000009B6
FFFFFE70
FFFFF0F8
FFFFEB00
FFFFEF70
FFFFFFE2
FFFFF0E1
0000017F
FFFFEEA7
FFFFFFC9
FFFFFE43
FFFFF0B9
00000B3F
FFFFFEEC
000004D2
FFFFFE06
FFFFFA41
FFFFFB81
FFFFF6F8
FFFFF7B4
00000076
FFFFF420
00000B0F
00000478
FFFFFAFB
FFFFEF62
000009B3
FFFFFFDF
00000BC2
FFFFFCA3
FFFFF089
FFFFFC75
0000030B
FFFFF91C
FFFFF9AD
00000CAC
FFFFFE6E
FFFFF1FD
00000A1A
00000D75
FFFFFDA1
00000A43
FFFFF867
00000912
FFFFF8FC
0000030B
FFFFF9EA
00000552
FFFFF828
000006A5
000000C6
00000B33
FFFFF7ED
FFFFFA5E
FFFFF924
FFFFFF34
FFFFF93E
0000020E
FFFFF2EE
000009EB
FFFFFAF2
0000057F
000005C4
000005CA
FFFFF18A
FFFFFC9A
0000104F
FFFFFDF4
000011D3
FFFFFD6A
0000084C
FFFFFD9A
00001034
FFFFF847
FFFFFE51
FFFFFC52
000009ED
000000AC
00000623
FFFFFAF8
00000271
FFFFF7C1
FFFFFE11
00000B4E
00000559
00000690
FFFFF71D
000000F6
000004AF
FFFFF87A
00000A7B
FFFFFD67
00000AB6
00000707
00000A46
00000314
00000CA1
00000813
FFFFF685
FFFFFBBD
FFFFFB96
0000022C
00000C27
FFFFF6D3
FFFFF8CB
FFFFFDCB
000001FE
FFFFF1CF
000007F4
000000A7
0000017B
FFFFFBA1
00000A82
FFFFF88B
FFFFF81B
000007CB
FFFFFEAC
FFFFF96D
FFFFFAC0
0000014B
FFFFF8B5
FFFFFBD9
00000B91
00000573
FFFFFA5D
FFFFF105
000000B5
FFFFF0FE
000000A2
000002F6
0000092E
FFFFF882
FFFFFC92
00000100
FFFFF933
FFFFFEF0
000006D0
FFFFF9FB
0000099B
FFFFF915
00000796
FFFFF8F7
000001EA
00000522
FFFFF8C0
FFFFFD94
FFFFF971
FFFFF775
00000D36
FFFFFAA6
FFFFF7DB
FFFFF8AC
FFFFFDFA
00000315
FFFFFE2F
FFFFFE79
FFFFF66B
FFFFEDA3
000004B4
000008EE
000004FD
FFFFF4BD
FFFFF8B0
FFFFFDB1
000006D5
FFFFFEEC
000003FD
00000202
00000D69
FFFFFC35
00000ACC
000003CF
FFFFFA69
0000041D
FFFFFC7F
FFFFFA45
FFFFFC10
FFFFFE13
00000367
000009D5
FFFFFF87
0000037E
FFFFFA45
00000192
FFFFFEAD
000009F5
FFFFFE48
FFFFFEAB
000005A1
FFFFFF06
0000069B
00000415
00000072
000003D2
000003DF
00000A8C
FFFFF9C6
000006CE
FFFFFCCC
FFFFF41C
000001B8
0000019D
FFFFFEB7
000009D3
FFFFF26F
00000201
FFFFF87A
FFFFF7E9
FFFFF98A
000009F1
00000AAF
0000075B
00000529
000007D7
FFFFFBE6
00000A86
000010E4
000008E6
FFFFF70C
FFFFFCFC
00000C44
FFFFF411
FFFFFD81
00000429
00000A77
FFFFFDD4
000005B9
00000541
FFFFF6D9
FFFFFC49
FFFFFB8D
FFFFF859
00000064
00000990
FFFFFDE3
FFFFFE18
FFFFFEC8
FFFFFF55
00000438
000005A6
FFFFFD99
000009BB
0000098A
FFFFFC1E
FFFFF485
FFFFF951
000006AF
0000040D
FFFFFFE6
0000043D
FFFFFCDC
FFFFFF3E
FFFFF848
FFFFF03B
000005DF
0000139E
00000B5F
FFFFF987
FFFFFD8F
FFFFFD9C
000009B9
00000688
FFFFFCAC
0000084D
00000486
00000328
FFFFFF44
FFFFFB87
FFFFFAAF
00000133
000003BB
00001155
FFFFF903
00000332
000005E2
0000007F
000009CA
000000A4
FFFFF6E0
FFFFF7BD
FFFFFB74
00000172
FFFFFB0D
00000589
000001AA
00000D44
FFFFFA79
000007CD
FFFFF5F6
000001F5
FFFFFB08
00000188
FFFFF235
FFFFFC71
FFFFFC54
FFFFFA8A
000006C5
00000287
FFFFF925
FFFFF9C5
0000022F
FFFFFCFC
000006F1
FFFFFAFE
00000647
FFFFF61A
00000326
FFFFFF2E
FFFFF469
FFFFFED2
000001F4
FFFFFF97
FFFFFF9C
000009F4
00000303
FFFFF4F7
FFFFEFDA
00000590
FFFFFD42
000000D3
FFFFF793
FFFFFA50
00000ACA
00000497
000002A8
00000553
000002E8
FFFFFB70
00000A75
0000040B
00000670
FFFFF49D
FFFFFCF8
FFFFF70B
000001D2
000004BF
FFFFF603
00000BC1
FFFFF1E7
FFFFFF91
FFFFFC90
FFFFFE14
00000293
00000FFF
FFFFF1CF
FFFFFEE5
FFFFF1C3
0000097C
000006CB
FFFFFE6A
FFFFF1D4
000009DB
FFFFEBCF
FFFFFC16
0000027D
000001A4
0000095E
00000B77
00000058
FFFFFAC4
FFFFF690
00000293
FFFFFDBA
000006D0
000001F8
FFFFFA53
FFFFF15E
FFFFFF9A
0000041E
FFFFFE1A
FFFFF9FF
FFFFF498
FFFFF360
FFFFF9E3
000007EE
00000270
00000B90
FFFFF616
FFFFF0E2
FFFFF4DD
FFFFF487
00000306
FFFFFAD0
FFFFFD0C
00000588
0000091D
FFFFFFB9
FFFFF5B0
FFFFFCCB
FFFFFC77
0000022C
FFFFFAD9
FFFFF636
0000076B
FFFFF29A
FFFFFF0D
000000B0
0000097F
FFFFF85E
FFFFF99B
FFFFF9FD
000009D2
000007D0
FFFFFD85
FFFFFEB1
00000227
00000859
FFFFFF7F
FFFFFF87
FFFFFF57
000001B5
FFFFFAF8
FFFFF577
FFFFFE78
FFFFFC4C
0000024F
00000685
000010B5
00000DCB
00000987
00000887
0000061C
0000046A
000005EB
0000072F
FFFFFD26
00000533
00000E1F
FFFFF16D
FFFFF989
FFFFF719
0000030A
00000247
00000203
FFFFF331
FFFFF5F8
FFFFFE05
00000890
0000064F
FFFFFD1C
00000097
FFFFFE2C
FFFFF64F
FFFFF5B4
FFFFF609
FFFFF60F
FFFFF7DD
FFFFFF93
0000058A
FFFFF621
FFFFF1E5
00000685
FFFFFFB5
FFFFFDD6
FFFFFC78
FFFFFEED
FFFFFFCA
00000CB8
00000595
00000A5E
000000BA
000000C3
FFFFFC8A
00001095
000005D6
0000007E
000005BC
00000B71
FFFFF7CE
00000F64
00000AF6
FFFFFB8C
000004A0
FFFFFFB3
FFFFFB5A
00000174
0000033E
00000112
00000480
000002AC
00000587
0000037C
000000B4
FFFFFBA2
FFFFFA00
0000058B
0000036C
FFFFFF34
FFFFF5EA
FFFFFD75
FFFFFACE
00000C1A
0000067E
FFFFFEF7
000008E7
FFFFFFC7
00000300
00000764
00000717
FFFFFEED
000008AB
0000044D
FFFFF7C0
00000835
00000048
FFFFF6BB
000000D2
FFFFF952
FFFFF506
FFFFFBF6
FFFFF5AF
FFFFF1E3
00000325
000002F2
FFFFF692
FFFFF4E6
FFFFF789
FFFFEEF7
00000C06
FFFFFF47
0000047F
FFFFF4C1
FFFFFFE4
FFFFF47D
00000EDF
00000B83
0000116B
FFFFFD5C
FFFFFBC4
FFFFF6F5
0000124F
00000053
00000191
FFFFFF9F
000005C1
FFFFFF12
FFFFFE7C
FFFFF871
000009CE
00000605
000005B6
FFFFFDE6
000004F4
00000AD9
00000977
FFFFF9D2
FFFFFFEB
FFFFFC41
FFFFF984
0000098C
00000D72
00000890
00000222
FFFFFFA2
000009EE
FFFFFDBD
0000072D
FFFFFA8B
FFFFF577
000000F3
00000276
FFFFFA44
FFFFFA43
FFFFFA21
000005E4
00000957
00000212
00000136
FFFFFB1A
FFFFF706
FFFFFC85
000005DE
0000000A
FFFFFBAB
00000732
FFFFF42A
FFFFF4DE
0000074D
FFFFFB38
00000818
000003FE
FFFFF2C8
FFFFF9E3
00000004
0000044A
FFFFF799
FFFFF7B1
FFFFF4F3
00000342
000004C1
0000009E
FFFFFD6A
00000505
FFFFF5BC
0000091A
FFFFFBD4
0000078C
0000082B
0000050E
0000066E
000000D7
000004D1
FFFFFE5F
FFFFFF92
FFFFFB41
00000116
00000840
00000459
FFFFFE79
00000962
00000225
0000050D
FFFFFB0D
00000167
000004D5
FFFFF38C
FFFFFB0F
00000667
FFFFF060
FFFFFEB4
00000447
FFFFF701
00000743
00000875
FFFFFFF6
000009F0
FFFFF3F7
00000441
FFFFF3E8
FFFFFE78
00000117
0000083D
000001FC
00000368
00000BBD
FFFFFA6D
000003F7
FFFFF8D5
000011F4
000000B2
FFFFFE9E
FFFFF3CB
00000343
00000840
00000B3E
FFFFFBBA
FFFFF7F7
FFFFF7FE
000008B7
FFFFFABC
FFFFF862
00000534
000008F0
FFFFFE1C
00000248
FFFFFA8B
FFFFF73E
00000302
00000ADF
FFFFFDBC
FFFFFB17
FFFFFE81
0000056C
0000071E
FFFFFC39
FFFFFB76
FFFFF985
FFFFF581
00000385
00000C05
FFFFFDF1
000007B4
0000037A
00001731
0000073A
FFFFFE11
000008D8
00000A6E
000004BD
FFFFFEF3
FFFFF5E8
000005C0
FFFFFF56
FFFFF83A
0000022D
00000432
FFFFFCB6
000005F9
00000E00
FFFFF80D
FFFFFA3D
FFFFFA35
00001041
000003B3
000012A3
0000006A
FFFFFCB2
FFFFE9F9
00000AEC
0000012F
FFFFE633
FFFFF47D
FFFFE77A
FFFFFBF0
000003E6
FFFFFEEC
FFFFFF48
FFFFF211
FFFFF880
FFFFF218
FFFFF96B
FFFFFD3A
00000049
00000B79
0000084C
FFFFF5D1
00000732
0000087E
FFFFF155
000002F1
00000D61
FFFFEF6B
FFFFF47D
00000B60
FFFFFB54
FFFFF4A3
0000119C
FFFFFFE8
00001145
FFFFF7AA
000005C2
FFFFF983
FFFFF729
FFFFEF68
FFFFF2C3
FFFFEE26
00000E4D
FFFFE3CD
FFFFEAC4
FFFFE6D4
00000435
FFFFF654
FFFFFE05
00000D19
FFFFFFBB
FFFFFEC3
000012FD
00000770
00001A1D
00000360
FFFFF8FA
FFFFE67E
FFFFF9E3
00000A4B
FFFFED71
FFFFF0E1
0000096A
FFFFF61A
000016B1
00000807
FFFFF73B
FFFFFC5C
00000B99
00001839
00000158
00001335
FFFFFB6F
FFFFF081
FFFFFE54
FFFFED24
000000D7
000008E9
00000917
FFFFF5FF
FFFFF022
000005CF
00001543
00000478
00000C9B
000009CB
FFFFF469
00000BEE
0000024C
FFFFFAC7
00000C71
000010E9
FFFFFFD9
FFFFED6F
0000095A
000004CF
FFFFF634
000011B8
00000A1E
00000B28
00000B15
00001610
000016B8
FFFFFC95
FFFFF4EC
00000EF1
FFFFFC40
FFFFFFD4
FFFFFEF4
FFFFE5B2
FFFFF3C3
FFFFEBF0
FFFFF226
FFFFFD7B
FFFFF787
FFFFECF5
FFFFED92
0000051A
0000081A
FFFFF689
00000E61
00000286
00000785
FFFFFDD5
FFFFF762
000001F1
FFFFF831
FFFFEEAB
00000153
FFFFFED7
FFFFF6C4
FFFFF6A8
FFFFF014
000003C5
FFFFFADE
FFFFEBC7
FFFFFAC0
FFFFFDC1
FFFFEF1C
00000859
000005FA
00000A59
FFFFEC69
000001BE
FFFFEE12
00001B96
00000E91
0000155B
00001778
FFFFF00E
0000047C
FFFFF53A
00000602
FFFFF267
FFFFF360
FFFFFF71
0000020F
FFFFF69E
00000221
FFFFFFC9
FFFFF20C
FFFFF603
FFFFFA18
00000804
FFFFF9F5
00001255
FFFFF3D4
FFFFF966
0000067B
FFFFF20F
FFFFFA5B
00000687
0000012D
00000CE5
00000C6E
FFFFEFB8
00001474
FFFFF602
FFFFF427
000006D8
00001075
FFFFF7CB
00000317
00000915
FFFFFE4F
00000E59
00001784
FFFFFFC2
FFFFFB2E
00000762
FFFFF107
00000965
000005C6
00001158
00001C38
FFFFF9E1
0000024A
00000607
000000C7
FFFFF793
FFFFFEDA
00000182
00001364
00000E2E
00001CBA
FFFFFF6B
00001072
00000485
00000CBD
00000C9A
0000016F
000014A9
00001405
00000541
00000C97
00000026
0000129F
FFFFF80B
000012B8
000008A6
FFFFF47B
FFFFEEE5
000016B7
0000022B
00000E4D
FFFFF524
FFFFFBCF
00001727
0000149B
FFFFF06D
00000AC2
00000CB5
000004C2
FFFFFD1D
00000B9F
FFFFED1B
0000091D
00000885
00000D6D
0000035A
00000991
FFFFFB6B
FFFFFE1E
FFFFF536
FFFFED69
00000A28
FFFFF0AE
FFFFF8A5
FFFFFFF4
FFFFFE3A
FFFFEE36
FFFFF6F8
FFFFEFC5
000009BF
0000062D
000006A7
00000457
000005A3
FFFFFDCE
FFFFFBF1
FFFFF32E
000001D2
00000AE7
0000018E
00000856
00000CAC
0000006B
00000B97
000000AC
FFFFF9B8
FFFFF3BC
00000AD9
FFFFF445
00000E2B
0000089A
FFFFFE71
0000112E
FFFFE95E
00000C0C
00000C02
FFFFFF4D
000005A1
00000381
00000AE7
00000F4B
000008A6
FFFFFBFE
FFFFEC2B
FFFFF47D
00000F5B
00000DD5
00000B00
00000CCB
FFFFF623
00000502
FFFFFAC2
00000ECA
00000B3F
00000C84
FFFFF9B0
00000D8C
FFFFF0C9
000009A2
FFFFF63B
FFFFEFCD
00000B50
00000951
0000027A
000012EF
00000025
000009C0
FFFFEFD5
FFFFFC58
FFFFFD75
000016B8
00000EE5
FFFFFD6D
FFFFFEE9
00000719
00001141
FFFFF329
FFFFF608
FFFFF946
FFFFF3DE
00001167
000006A7
000005F9
FFFFFBAA
FFFFFAAC
00000996
FFFFF1F2
000005E1
00000B45
FFFFEC98
FFFFF02F
FFFFF5FD
000006FA
000002C1
FFFFFC4B
000009B2
000001F2
00000F09
00000DEA
FFFFFB98
00000E80
0000049D
00000019
FFFFEE97
FFFFF7FD
FFFFF750
000003DE
FFFFE874
FFFFF07C
FFFFF9E1
FFFFE8B5
0000011D
00000D14
FFFFF72E
FFFFF5FC
000007EA
00000E45
FFFFF1F1
00000D78
0000073C
FFFFEA43
FFFFF5A5
FFFFF952
FFFFED07
FFFFEB0A
00000B61
FFFFE3EA
FFFFFCD2
FFFFE98F
FFFFFA8F
00000B8C
FFFFF91F
00000351
FFFFE98A
FFFFF4CC
FFFFEED4
00000236
FFFFF381
FFFFF07F
00000C5F
FFFFFEAD
FFFFFDCE
FFFFFA93
FFFFF098
00000B99
0000016B
FFFFF735
FFFFF678
000006D4
000001BA
FFFFF02A
FFFFFD6B
FFFFF201
00001458
0000126F
00000F63
00000BB3
000015C9
FFFFFFFA
00000B66
00002347
0000122B
FFFFE9A6
00000946
FFFFEEDB
FFFFEFC8
FFFFFC4C
FFFFF130
FFFFF785
0000070A
FFFFFAA3
00000257
00001445
FFFFFC3A
00000A63
000009C2
0000013A
00000661
000006E3
00001023
FFFFFD7F
FFFFF38C
0000040E
FFFFFA50
FFFFEEAC
FFFFEC96
FFFFFA74
FFFFEB48
000009D2
00001247
0000033C
FFFFFE2B
FFFFF48B
FFFFFD7C
FFFFF4D7
000012B2
00001455
FFFFF38C
00000014
000013D9
00001D16
00001314
00000694
000018AA
000000CA
00001202
FFFFF732
FFFFFF41
FFFFF68E
FFFFEB0B
FFFFEE76
0000081D
00000374
FFFFEF06
0000032E
FFFFEF6F
FFFFEABA
000004AC
FFFFF53E
FFFFECF4
000008A6
00000301
0000021D
FFFFF706
00000928
FFFFFB6E
FFFFF565
00001A0B
000004BA
00000C9A
0000154B
000007D5
00000831
FFFFFD6B
000001D9
FFFFFC19
00000A03
FFFFEBDD
00000F17
FFFFFBE2
000002A5
FFFFED5A
00000595
FFFFF7E5
0000009D
FFFFF73C
FFFFFEE2
FFFFF9B2
FFFFFE1E
FFFFF6BD
FFFFF94C
FFFFE658
00000712
0000014B
FFFFEE66
FFFFFE73
FFFFF47E
00000B1B
FFFFEE47
00000F30
0000032D
FFFFEF6C
FFFFEDAD
FFFFF604
00000151
00000047
FFFFF238
00000177
00000641
FFFFE395
0000030C
0000104C
FFFFF052
00000F05
00000FB2
00001226
FFFFFC5D
FFFFF38A
FFFFFA68
000004EA
FFFFFA33
000003C3
FFFFFA7E
FFFFF17A
000001BD
FFFFE91F
00000135
FFFFFFE0
00000FA1
00000DD7
FFFFFFF0
FFFFFBC4
FFFFF84E
0000137E
FFFFFE98
FFFFFA0D
FFFFF2AF
FFFFF790
000005A9
000005B2
00000540
FFFFF97F
0000018A
FFFFE8C4
FFFFF050
00001098
000010D9
0000152E
00000997
00000DF7
00000620
FFFFF513
FFFFFCE1
FFFFF770
000004CD
FFFFFF03
FFFFFB4F
FFFFF0A7
FFFFFAA2
FFFFEE2B
00000260
FFFFFE2E
FFFFF815
00000007
FFFFFA7B
FFFFFB54
00000FA9
000012AE
00000EFF
FFFFFFA7
FFFFF14F
000002AC
00000520
00000336
000001A4
000010B0
FFFFF0CB
0000009D
FFFFFB91
0000073D
00000CD2
00000C4A
00000129
FFFFF2BE
0000048C
FFFFFE0D
0000015A
FFFFF94E
000001AE
000005A4
00000A4F
00000384
FFFFF27A
FFFFF2B4
FFFFF235
000001FA
FFFFF2A6
00000218
00000BE2
0000038C
FFFFF6D1
FFFFF325
0000026C
FFFFFCDD
0000083C
FFFFF593
000006C1
000008E5
FFFFFCCE
00000DBF
000005A4
00000C70
FFFFFF5E
FFFFF266
FFFFFC4F
00000DBB
FFFFFFC3
000003A8
FFFFF3E4
FFFFFA3A
000009DA
FFFFF1C0
FFFFF352
FFFFEFB7
FFFFF3A1
00000DEF
FFFFFE73
FFFFFBEE
000002C1
00000683
FFFFF708
FFFFF671
FFFFF745
0000008C
00000A6A
00000667
FFFFFABE
FFFFEA5A
FFFFFADA
FFFFF6CE
000009AB
00000A89
FFFFFDD6
FFFFFE9B
FFFFFA14
0000075D
FFFFFF8C
00000B1A
FFFFF4E1
FFFFF108
00000204
0000031D
FFFFFDFB
00000611
FFFFFAC7
0000119D
FFFFFCD7
FFFFFD03
00000443
000002B1
FFFFFB14
00000C15
00000153
0000026C
00001129
000013B8
0000125A
00000D8D
00000F3D
00001174
0000023E
FFFFFA52
0000018B
FFFFFA0F
00000D17
0000037E
000005AD
00001613
FFFFF7C8
0000070B
00000DEF
000000CC
000009BD
FFFFF20E
000006AE
FFFFFEEB
FFFFFC3F
00000125
000004D6
FFFFFA60
00000764
00000C88
000009B9
FFFFF534
FFFFFB21
FFFFF711
00000146
00000417
00000382
000009C1
000001B1
FFFFFF42
FFFFF6C1
FFFFFF7F
00000B43
00000525
FFFFFCF8
000004F9
0000054A
FFFFF6FB
00000BBB
0000103B
FFFFFBFB
FFFFF8DA
00000AB5
00000267
00000FAD
FFFFFA2B
FFFFECA4
FFFFFD71
000004A9
00000607
000004AF
FFFFF812
FFFFFBC5
FFFFFA46
000004C3
FFFFFD92
FFFFFFBA
000004A0
000001AB
00000D91
000003F3
00000873
00000908
000006B0
FFFFF904
FFFFF3BD
FFFFFEC5
FFFFFDAC
FFFFFBC5
FFFFFA96
FFFFFB6B
FFFFFCA7
0000082C
0000054E
00000AE4
FFFFF0AF
FFFFFC80
FFFFFD60
00000A80
FFFFF756
00000C11
FFFFF088
FFFFF0EE
000001C5
00000630
FFFFF7F8
FFFFFFB3
FFFFF1D2
FFFFF359
FFFFF20B
FFFFF24B
FFFFEEE8
FFFFE9A2
FFFFFBA5
FFFFE8E3
FFFFE852
FFFFEEF4
FFFFE92D
FFFFFCEC
FFFFF47A
0000043C
000009BA
FFFFF07F
0000001A
FFFFEFE4
000002FA
00000BD5
FFFFFFF3
000008D6
00000561
000005E8
FFFFF3D7
FFFFFC26
00000BCD
0000022E
000002DA
FFFFF5B8
000000A6
0000040E
FFFFEFE6
FFFFF822
FFFFF148
FFFFFA1B
FFFFFA59
000008E4
FFFFF8AD
00000444
FFFFFCD4
FFFFF6FC
FFFFF200
FFFFF451
FFFFF598
FFFFEB45
0000068B
FFFFFB87
000001BF
FFFFFFB8
FFFFF9BC
000001E9
FFFFFB62
FFFFEDBF
FFFFFF73
FFFFF885
FFFFF7A2
00000BDB
00000011
FFFFFF31
FFFFFBB8
00000C4E
FFFFF8C1
00000449
FFFFFB0E
00000605
00000AA5
000011EC
000004FC
0000037B
0000059D
FFFFF519
FFFFFE5A
FFFFF513
FFFFF43C
00000879
00000E97
FFFFFD1C
FFFFFD54
FFFFF93E
FFFFFAD3
00000A27
00000508
00000876
00000C34
FFFFF2F5
FFFFF882
00001118
FFFFFF48
00001192
000007E6
000009B4
00000AB6
00000EB6
FFFFF95F
FFFFF389
000009DD
00000792
FFFFF013
FFFFF741
FFFFF6B9
FFFFF64C
FFFFF37C
FFFFFFC4
FFFFF5B8
0000045C
00000B06
0000027A
00000259
000001D4
FFFFFF0A
FFFFFA1F
FFFFFC0C
FFFFF265
FFFFF723
FFFFFA6C
FFFFF55B
FFFFE9BC
FFFFF520
FFFFEA51
FFFFF8CA
0000013F
FFFFEFDC
FFFFFD24
FFFFFD2E
000000D8
FFFFFE41
FFFFF8D3
FFFFFD26
000010B2
00000D22
000015FC
FFFFF91B
000000E7
FFFFFB95
00000B19
00000A66
00000503
00000523
FFFFFEEE
00000C96
0000086B
00000D88
00000551
FFFFF517
FFFFF5BD
FFFFFDD6
00000071
FFFFFA40
FFFFEAFD
FFFFFE2B
FFFFF1D0
FFFFFC05
FFFFF4EF
FFFFF8B9
FFFFF46D
000006F6
00000422
FFFFFFF3
FFFFFA04
FFFFF6FB
0000066A
FFFFFD3D
0000030F
000000C7
FFFFFFEC
0000014E
000004B3
FFFFF959
FFFFEFB6
FFFFF0C1
FFFFF034
FFFFFCC8
000001DB
FFFFFD1F
FFFFF877
00000E5F
FFFFF90A
FFFFF674
FFFFFDB3
000005DB
000005A3
FFFFF4C4
FFFFF354
00001011
000002B8
000007B5
FFFFF0A0
FFFFF8C9
FFFFEE62
FFFFF418
FFFFFF30
0000025C
FFFFFE26
000007F5
FFFFEF67
00000093
0000008D
000006D8
FFFFFA1A
FFFFF3F5
000005CE
00000876
00000461
000011CA
00001124
0000039D
000009B1
00000135
000010A5
000004DE
000008D2
00000BDB
FFFFFA31
FFFFFDCA
000003FC
FFFFFAD2
00000D04
FFFFFEA5
FFFFF607
FFFFFC51
00000381
00000F36
FFFFFFB2
000002D3
FFFFFDA2
FFFFF1F5
FFFFF8FD
0000029A
FFFFF78F
FFFFF631
FFFFFF04
FFFFFBB9
FFFFFA53
000002EE
00000177
00000779
FFFFFA4D
00000577
FFFFFF37
000001D3
FFFFF3E3
000002C8
FFFFFC32
FFFFF2C4
0000015A
00000BED
FFFFF6FB
FFFFF76E
FFFFFE8A
FFFFFC2D
00000985
000003CC
00000125
FFFFF6A6
0000088F
00000328
00000847
00000219
FFFFF728
0000091E
00000B96
000006C3
FFFFF5E8
00000606
00000A8C
00000CA8
0000071C
FFFFF382
FFFFF9E0
00000766
00000047
FFFFF5CC
00000DA6
FFFFFFC8
0000019C
FFFFF868
00000AE9
0000095C
000004ED
FFFFFE99
FFFFF4B6
FFFFFFA6
0000043B
FFFFFD62
00000233
FFFFFCEC
FFFFFC0E
00000376
FFFFF650
00000239
FFFFF457
00000772
FFFFF608
000000F7
FFFFF7CF
FFFFEFA5
FFFFF565
00000ED2
00000BD4
00000A4B
FFFFFE10
000002F4
00000A64
000007C5
000003D3
FFFFF9BF
FFFFFFFE
FFFFF77B
FFFFFAEA
FFFFF684
FFFFF93D
00000314
FFFFF4BA
00000284
FFFFEB62
FFFFFD51
000002DE
FFFFF933
FFFFFA1D
00000FA5
00000F62
FFFFFC29
00000D2A
FFFFFD22
000005F8
FFFFF617
FFFFFD27
FFFFF7A6
FFFFF73F
00000670
FFFFF807
00000AA6
FFFFFBA5
FFFFF85B
FFFFECD7
FFFFF8AE
FFFFF8EB
FFFFFD9D
FFFFF678
0000082F
FFFFFF22
FFFFED8F
0000000C
FFFFFA2F
000005CA
FFFFFA2F
0000075C
FFFFFCE5
00000A2F
00000AF4
FFFFFCD8
FFFFF89B
FFFFF443
000009AA
FFFFFDF1
FFFFF62F
00000B7F
00000595
00000321
FFFFF59D
00000A7E
FFFFFE11
FFFFFF41
00000F77
FFFFFFC0
FFFFFFBA
FFFFFB07
0000040D
FFFFFC67
FFFFFD51
00000528
00000290
00000208
FFFFFA20
FFFFF3BC
000005D1
FFFFF380
FFFFEF85
000003C3
0000009E
FFFFFFC2
00000781
00000B81
000012B6
0000036B
00000CFC
0000091E
FFFFF4A0
00000221
00001960
00001300
FFFFFBDC
FFFFFC47
000000AE
00000871
00001261
FFFFFB3A
000010BF
FFFFF745
000017E2
00000474
0000087C
00000BFC
00000EA6
FFFFFAA1
FFFFF4EC
FFFFFFE7
000009C4
FFFFFD60
00000344
FFFFFDE2
00000673
00000119
00000A69
00000A40
00000B31
FFFFFF91
000005FE
FFFFEF71
FFFFF6FE
FFFFF170
FFFFFBDC
00000604
00000FE5
FFFFFB0C
00000245
00000A0C
00000594
000002A5
00000C80
FFFFFDCE
0000020D
000003D6
00001014
FFFFF7E6
FFFFF995
FFFFF0B8
FFFFEE97
0000058A
FFFFEF1B
FFFFFAC1
FFFFF0EE
000005B6
00000520
FFFFFB9D
FFFFFE94
FFFFFC82
000004DC
FFFFF2EC
000005AE
0000028B
00000BD8
00000DA2
FFFFFE26
000002F6
FFFFFAF3
FFFFFF5C
00000E5B
FFFFF324
0000021B
0000142E
0000053F
FFFFF226
00000782
FFFFFE84
FFFFFF23
0000052B
FFFFFB94
FFFFF16E
FFFFFFF0
00000942
FFFFFD30
FFFFFAA8
FFFFEF02
FFFFED3A
FFFFF2A8
00000A4C
FFFFF0D1
FFFFF2AD
000000AD
FFFFFFCB
FFFFF5CC
00000ED5
00002065
00000BB0
00000B19
0000041E
FFFFEF3A
FFFFFF4D
FFFFE75E
00000506
FFFFF957
00000B1B
FFFFF497
FFFFFDCA
FFFFF4F3
FFFFFF5B
00000642
00000DCE
FFFFF3B5
000002DE
0000008F
FFFFF36A
FFFFFE7F
FFFFFA74
FFFFF3EC
FFFFF702
0000059C
FFFFE660
FFFFF4DA
FFFFFA76
FFFFF849
FFFFE3FC
000004EE
FFFFEDB6
FFFFDE91
00000CF1
FFFFED6B
FFFFF70F
FFFFFC2B
FFFFEE81
0000034E
FFFFF6EE
000006D0
FFFFEB1B
FFFFF0A2
FFFFF474
FFFFFDA5
FFFFF522
FFFFEEA3
FFFFEFE8
00000D19
FFFFF258
FFFFF725
0000000B
FFFFFBC6
FFFFFBEF
000001A9
00000602
FFFFF2A3
000006D4
00000B1E
FFFFF50E
00000960
000009A6
00000396
000002D1
00001233
000014A3
FFFFFF0F
0000012D
000003BC
FFFFF7A5
00000D74
FFFFF6E3
000006A7
00000B4E
0000035D
00000E61
00000EE5
FFFFF96E
000005B9
0000016C
000001F9
00000F48
FFFFFA38
00000D3D
FFFFF3E2
FFFFF02F
FFFFFF53
FFFFF406
FFFFF80D
FFFFF88D
000003C7
00000BD8
00000861
000013D1
FFFFFCC5
FFFFEDA0
00000BA7
00000AFD
00000A5D
00000366
00001077
00001150
FFFFFB68
000003A6
00000361
000000A5
00000351
FFFFED45
00000669
FFFFE980
FFFFFC4F
FFFFF4BE
FFFFFB29
FFFFF869
FFFFFC94
00000027
00000546
FFFFF828
FFFFF958
000003B8
FFFFF419
FFFFEF20
000000EB
FFFFE2CC
000008C0
0000040D
FFFFF5AF
000006AA
FFFFF792
FFFFF990
FFFFFADC
FFFFE537
FFFFF9E4
FFFFECD1
000003FE
FFFFF841
FFFFF4F0
FFFFF072
FFFFEF7F
FFFFEB7F
FFFFFD05
FFFFFC7F
00001713
000005A6
FFFFF6E0
FFFFF784
00000721
FFFFF447
000005DC
FFFFF875
00000BD9
FFFFFFC8
FFFFF1A9
00000D65
00000730
FFFFFA5E
00000C48
00001339
00000811
00000B56
FFFFFAAB
FFFFF830
FFFFFC4E
00000784
FFFFF163
000006BB
FFFFF20B
0000126B
FFFFF3B7
00000719
FFFFEDE3
000001BC
FFFFF352
00000EA8
FFFFF95F
00000F62
00000C77
FFFFF8F5
FFFFF6A3
FFFFF89D
FFFFF133
FFFFEA3A
FFFFFFF6
FFFFFE48
FFFFF9B5
00001263
FFFFF1B9
FFFFF89C
0000065C
FFFFF5B1
00000C06
0000008D
000007A4
FFFFFD10
FFFFEE3C
00000607
FFFFF9CE
FFFFF55A
000018B2
000004BE
000003F3
00000725
00000021
FFFFEA70
FFFFEEEF
FFFFECF0
00000B50
000004EC
000005BA
FFFFF8CD
00000016
FFFFFFB5
FFFFFDFA
FFFFFD71
FFFFFF1B
FFFFFDBA
000013DE
FFFFFC5B
FFFFEF01
FFFFF24B
00000F46
000006B9
000012F8
0000009D
FFFFFACE
FFFFE662
FFFFFEE6
00000627
FFFFEF82
FFFFEA26
00000C13
00000352
00001021
FFFFF3E5
0000039E
FFFFF256
00000A8F
00000A38
00000D0B
FFFFEF89
FFFFFEBA
FFFFFFAD
FFFFFD17
FFFFF96A
000014E7
FFFFFB06
FFFFFAE8
000012B1
00000A25
FFFFE2BD
FFFFF47A
FFFFFD89
0000033D
00000219
FFFFE714
000003DB
FFFFEEBB
FFFFF9D5
FFFFFDAC
00000201
000015C2
00000C1D
00000246
FFFFF656
00001534
00000166
00000DB8
000001E9
00000F1F
000000CF
0000020B
000007A6
0000040D
FFFFFC0F
000012B4
0000046F
00000A49
00000473
000006FC
00000E21
00000569
00000FEC
000012B6
00000EB2
FFFFFC99
00001628
000003DD
00000773
00000429
FFFFF812
00000166
000001B9
0000138A
FFFFF95D
FFFFEAB3
00000164
00000922
FFFFF007
000007F7
FFFFFA3A
FFFFF771
FFFFF029
FFFFF9C8
000007B5
FFFFE8C1
00000022
000010B4
000009B4
FFFFF4B0
FFFFFD8E
FFFFFB76
FFFFEBD3
FFFFFEED
FFFFF146
00000AEF
FFFFF400
FFFFFB2C
FFFFFE42
00000275
FFFFFD1A
00000475
FFFFF703
FFFFFD59
00000873
00000AFE
00000844
FFFFF5CA
00000B95
FFFFF6B6
00001511
00000043
00000024
000005DE
00000A24
00000BC0
FFFFF2BE
00000ED6
000008C5
FFFFF5B2
00000108
000004E3
FFFFF45E
FFFFF33A
00000C74
FFFFF0BF
00000855
FFFFFB85
000000F1
00000A09
00000812
FFFFF7E0
FFFFF205
00000F1A
FFFFF63D
FFFFF76D
00000DE5
000007B1
00001681
00000943
FFFFF352
00000F2D
FFFFFE37
FFFFF863
00000511
FFFFFBB3
00000073
FFFFF144
FFFFE969
FFFFF49E
FFFFF97F
0000062F
FFFFF1E2
FFFFF9BB
FFFFF88E
000003BA
000008E8
FFFFF307
FFFFEAA2
00000460
00000D9B
FFFFF0A3
0000051E
FFFFFD76
000011E0
FFFFF06B
00001623
FFFFFF13
00000A5F
FFFFFA02
0000023C
FFFFFA30
0000042E
FFFFF40F
00001D62
FFFFF721
FFFFFF23
00000DC1
000005F3
0000155F
000006FE
00000738
FFFFF531
000011CD
FFFFF77C
FFFFF9B6
FFFFFDCB
FFFFF3C2
FFFFF525
00000263
00000904
00001154
00000FD8
000006C2
FFFFEFA5
00001056
0000100D
FFFFF886
000016DE
000010EF
00001D89
FFFFF828
00001F2D
0000062A
00000A03
00000ECF
00001C87
FFFFFF23
0000098E
00000AE1
00000B37
00000599
00000F97
FFFFF807
FFFFFC86
000012CD
FFFFF1CF
FFFFFE52
FFFFF72E
00000BFD
FFFFF7AE
0000054B
00000A55
00000553
FFFFFE33
00000790
FFFFF6AD
FFFFFFEC
FFFFF9A1
FFFFFADE
000016D3
00000C8E
00000050
FFFFFC97
0000153D
FFFFFEF6
00000CBC
00000C86
FFFFF1D1
0000054F
00000D60
FFFFF044
00000BE1
00000129
00000806
FFFFF43F
FFFFEAEA
00001216
FFFFE9B0
FFFFEC75
0000070B
FFFFF801
FFFFF3F9
FFFFF286
FFFFF861
FFFFF5C9
FFFFF84D
FFFFEF78
FFFFF4D0
FFFFEAFE
000008E0
FFFFF07B
000000F2
FFFFFF06
FFFFF7B6
FFFFF299
00000AE8
00000469
000000B8
00000684
FFFFF0C8
FFFFFFE1
000004D6
FFFFF74A
FFFFFA14
000002F1
00000F69
000008EF
FFFFF240
00000563
FFFFF20D
FFFFFDB2
000006E5
000008E0
00000C39
0000011D
0000019C
000000CF
FFFFF50E
00000488
FFFFFCA3
00000E31
00000B6D
FFFFFA91
FFFFFD32
FFFFFF97
FFFFF5CB
00000F22
00000E2A
000008AC
FFFFFDCE
0000082F
000006C2
00000067
0000110A
00000A92
0000050F
0000010E
0000006C
FFFFFA05
000002CE
00000656
00000380
FFFFFFEF
000003CE
0000053B
FFFFF251
FFFFF0D2
FFFFFE64
FFFFFC2C
0000006E
FFFFF8C1
000005B9
FFFFF4FB
0000023D
FFFFF22E
FFFFF8C6
0000057A
FFFFF235
FFFFF35B
00000807
FFFFFF82
00000455
FFFFF54B
000002A6
FFFFF14B
0000004E
FFFFF6A5
FFFFFE69
00000138
FFFFFB1A
FFFFF2E3
FFFFF3C5
FFFFF81D
000001BB
00000BA7
00000480
000000FE
00000088
00000E9A
FFFFF546
FFFFF7B0
FFFFFC2D
00000D36
00000AA6
0000098B
00000AD3
00000ECA
000001F9
FFFFFBA5
00000065
000005BC
FFFFFA91
000004D3
FFFFFAB8
FFFFF804
FFFFF8F3
0000076E
00000AAC
00000011
00000E85
FFFFF7E7
FFFFFAD6
00000718
FFFFF5A0
FFFFF5BE
FFFFF584
FFFFF5EF
00000798
FFFFF7B7
FFFFF95C
FFFFF6A9
FFFFFE62
00000ABB
FFFFFD3A
00000ED3
FFFFF3F2
00000227
0000088D
FFFFFF81
FFFFFD3B
FFFFF893
FFFFFB4F
FFFFF5D7
FFFFFA26
FFFFF61B
00000369
FFFFF4D4
FFFFFCBB
00000D50
FFFFFB8B
FFFFFF76
FFFFFBDC
FFFFFCDC
FFFFF4FE
00000C8D
00000231
00000EDE
FFFFF5B2
FFFFFAFE
FFFFFA24
0000106A
FFFFF7D9
000001F3
FFFFF729
00000B44
FFFFFF01
FFFFFBFE
FFFFF922
FFFFFD5B
FFFFF881
000005A8
00000096
000004B9
00000122
FFFFFA2B
FFFFFDEB
FFFFF821
00000129
00000BCA
FFFFF3F6
FFFFFD8D
FFFFF904
FFFFFBCA
FFFFEAD0
000002F4
000001B3
00000E99
000008C6
0000012B
000004AE
000002AB
FFFFED1C
00000B9D
FFFFF532
00000C52
00000732
0000066B
000007FA
00000BBB
000004C2
FFFFFDD9
FFFFF9D3
000000C6
FFFFED27
FFFFF875
00000977
000007A6
000005D1
00000148
FFFFFE12
FFFFFDDD
FFFFF2BA
00000B63
FFFFF61D
FFFFFA98
FFFFF60E
FFFFFEBD
FFFFFE80
000001EA
000005C9
00000B2D
FFFFF557
FFFFF7B6
00000BC4
FFFFF727
00000757
00000264
FFFFF841
FFFFF004
00000AE7
0000073E
FFFFEDB8
000003CB
00000775
0000030A
FFFFFB40
FFFFF11E
00000250
FFFFF9C1
000001FC
00001178
000006F7
00000397
00000A7F
0000029D
FFFFF1FF
00000E84
00000A66
00000775
00000D07
0000032A
00000823
FFFFFD70
000001BC
00000F0E
0000055F
000004EF
000002B5
FFFFF7F6
FFFFFC62
00000056
FFFFFB54
FFFFFE95
00000531
FFFFEBF5
FFFFF7C4
FFFFF1A4
0000014F
00000B26
0000127A
FFFFF955
FFFFF1D4
FFFFF0BF
FFFFFF74
FFFFFE33
00000485
00000DE8
00000922
000005F1
000006CF
000005CE
0000091C
00000420
FFFFF3F5
00000AF1
FFFFF05A
FFFFF9AB
FFFFFBF3
00000BFD
0000002E
00000188
FFFFF732
FFFFFF37
FFFFF545
FFFFF4CD
0000043D
00000668
000002F7
000001E1
FFFFFB28
FFFFFD84
00000B10
FFFFFF3A
0000086A
FFFFF621
00000614
00000D56
0000021D
00000F4E
00000403
FFFFFB95
FFFFF936
0000058D
0000068E
FFFFF7CD
00000F30
00000829
00000EE5
000009A1
FFFFF92E
FFFFFE1D
FFFFFDCA
FFFFFE40
FFFFF906
000007B4
FFFFFD64
00000F8F
FFFFFD4F
FFFFED74
FFFFF910
00001212
000007DE
0000021F
00000367
FFFFF45B
FFFFF41B
FFFFFF45
FFFFFD32
0000005C
00000753
0000046F
00000D54
FFFFF55E
FFFFFCA9
FFFFF614
FFFFF9D4
FFFFFF93
FFFFFA05
FFFFFC49
FFFFFC4E
0000009D
FFFFF738
FFFFF35A
FFFFF568
00000D9A
FFFFF6E6
0000018A
000005D5
FFFFFFE6
000001ED
000015E5
FFFFFFD2
00000044
FFFFFE3A
0000024B
FFFFF875
0000030B
FFFFFBD8
FFFFFE12
FFFFF4F7
FFFFF081
FFFFF48E
FFFFF1CF
FFFFF869
000006D9
0000086F
FFFFFF4F
00000471
00000904
FFFFFAD3
000009DD
0000030C
00001026
FFFFF69B
FFFFFE2F
0000025E
00000518
FFFFF0F8
00000ACC
000002B8
FFFFF747
FFFFFE19
00000C58
FFFFF53B
FFFFFDE8
FFFFF96B
FFFFF365
0000020C
FFFFFDB5
FFFFEB56
FFFFF01A
FFFFEA90
FFFFFDAC
FFFFFECA
FFFFEBE9
FFFFED56
FFFFF653
FFFFFBD5
FFFFF9A0
FFFFF28B
FFFFFD90
FFFFFA9D
000005DC
FFFFF2F7
FFFFFFE1
000006D5
FFFFFC63
0000003D
FFFFFCB7
00000FA6
FFFFF97F
FFFFF85E
FFFFFAAD
FFFFF771
00000F41
0000082E
FFFFF7AA
FFFFF861
FFFFF60C
000001C5
FFFFFB47
FFFFF439
000002B8
FFFFF9C1
FFFFF473
00000218
FFFFF67E
000006CE
000006CA
FFFFFB0A
FFFFF4E6
FFFFFC4E
000003D1
FFFFF68C
00000B47
FFFFFDD6
FFFFF913
FFFFF18D
FFFFF7D1
FFFFFC57
FFFFF054
000000D6
FFFFF8AF
0000090F
0000041B
FFFFF322
FFFFF9B3
FFFFF648
00000AC7
00000698
000008CA
00000780
00000276
FFFFFE6C
00000D9B
00000C51
FFFFFFB8
0000099E
FFFFFC83
0000048F
00000CE8
FFFFF511
0000070E
FFFFF4D3
FFFFF588
FFFFF853
000007B0
00000268
FFFFFCB0
FFFFF7B8
FFFFFB1B
FFFFF9D7
FFFFF6E5
0000051E
00000713
000004B2
000001F3
FFFFFC4F
FFFFF4E9
0000068B
FFFFF417
FFFFFF6F
FFFFF8BD
FFFFEF7D
00000399
FFFFF687
00000284
000000EE
0000060D
00001290
00000582
000003F3
00000657
00000350
FFFFF611
00000766
FFFFFEA7
FFFFF47B
000000A4
00000017
00000866
000002E8
000008E9
00000182
0000046C
000006F4
00000A44
00000BDA
00000B88
FFFFF9BE
FFFFF55F
000003C9
FFFFFBE8
FFFFFE95
000004FD
FFFFFDE7
00001284
FFFFFF74
000008A1
00000B48
000000F4
000010B3
FFFFF984
000007FA
FFFFEC0C
FFFFFA3E
FFFFF494
000002FA
000007AB
00000C7F
00000836
FFFFF108
FFFFEEAF
FFFFF8A7
000001A8
FFFFF67D
00000765
FFFFEFBC
FFFFF14B
0000082E
0000039A
FFFFF6F5
FFFFED06
00000BFA
FFFFFA9E
00000635
FFFFFB59
00000141
FFFFF86B
FFFFFD49
FFFFF7BB
FFFFF740
FFFFF2C8
FFFFE93B
0000093F
FFFFFA10
0000046A
FFFFED19
FFFFF85B
0000005F
FFFFF518
FFFFF534
FFFFF953
FFFFFF48
FFFFF3D1
0000016B
FFFFFFA5
FFFFF2F4
FFFFFF57
00000F5F
00001009
00001133
FFFFF492
FFFFF77E
000001B5
000002D6
FFFFFB2B
FFFFFF39
00001604
FFFFFC23
FFFFF723
00000581
000000DD
00000D0B
FFFFF9CC
000007D8
FFFFFE13
000002F8
000008A5
00000A15
FFFFF60D
FFFFF941
FFFFF89C
0000031D
00000EBC
FFFFFE12
FFFFFE48
FFFFF86A
FFFFF6BB
FFFFF2E6
FFFFE85E
00000563
FFFFF203
00000021
FFFFED61
FFFFF0A8
FFFFFA57
000004B7
FFFFEF3A
FFFFF6B5
00000803
FFFFF741
FFFFF4BE
00000C59
FFFFF695
FFFFEF9A
0000114A
FFFFFE53
FFFFF50E
FFFFFF73
000005AB
FFFFF666
FFFFF0DD
0000015C
FFFFE918
FFFFFC86
FFFFF5AC
FFFFEFC8
FFFFFD2D
FFFFEF5F
FFFFF305
FFFFFEAB
FFFFFF20
00000000
FFFFF129
FFFFF81A
FFFFF628
000004C2
FFFFE582
0000010B
FFFFF981
FFFFFF15
FFFFFD7A
FFFFED18
FFFFF52E
00000336
FFFFFCF8
0000056D
FFFFED61
0000055F
00000228
00001037
FFFFF0B7
00000D95
FFFFFF31
000009C4
00000120
0000106F
00001275
FFFFFC41
00000706
FFFFF9F2
00000794
00000474
0000079B
0000097F
000003FF
000007F9
FFFFFA58
000002C8
000015B6
FFFFF50F
00000346
FFFFF9F4
FFFFF060
0000017F
FFFFEEFC
00000FDC
00000072
FFFFFCA6
00000AAA
000002CC
FFFFF654
00000CD3
00000518
00001059
FFFFFE34
000014EB
000000BC
00000E8A
00000BBD
00000C85
000004FB
00001489
00000F5F
FFFFF845
0000026C
FFFFF38B
FFFFF5E0
FFFFF37D
FFFFF79E
0000085F
0000055B
FFFFF8ED
000000E2
FFFFFE39
00000AEF
000007A2
FFFFF45D
FFFFF12C
0000053D
00000474
000001E7
FFFFEB1A
FFFFEB8C
00000746
00000B99
FFFFF592
00000424
FFFFF60F
00000209
FFFFFBC7
000010C3
FFFFF3CD
FFFFFE61
FFFFF7B7
000003FF
00000A6D
00000227
00000707
00000706
FFFFF9B8
FFFFFC7C
000006A9
FFFFFB9E
00000C37
FFFFF8AE
000014C3
000000BF
FFFFF9B0
FFFFF1AF
00000334
FFFFFA78
FFFFF37A
FFFFFF93
0000086C
FFFFF4F8
FFFFF6ED
00000BAD
00000ED1
00000ABF
0000112F
0000007E
000011F7
00000183
00000530
FFFFF4A3
00001434
0000068B
000008A6
00000474
FFFFF8C5
FFFFF7A5
00000ADF
FFFFFBE9
000008B5
00000782
FFFFFA9C
FFFFF9ED
FFFFF14E
00000506
FFFFF6C5
00000010
FFFFEC9B
00000783
FFFFF160
FFFFFD79
0000029D
FFFFF939
FFFFFFA4
000008F5
000004C1
FFFFF9F7
00000BC9
000008E7
00000521
0000053D
FFFFF5B8
FFFFFF1A
000000EE
FFFFF8E0
FFFFF709
00000187
FFFFF1FC
FFFFF978
000000F2
0000067A
00000DFB
00000D2A
00000314
000007BD
00001191
000001C8
00000D3A
FFFFFFC1
00000E7F
00000AEB
000006CA
00000859
FFFFFA5B
000009DE
00000005
FFFFFA95
FFFFF1B0
00000076
00000A45
000007F6
0000003C
FFFFFFE3
FFFFEF83
FFFFF984
000005E2
FFFFFEFD
FFFFF4B9
000000A1
000001B1
FFFFFC03
FFFFF3BE
FFFFF709
000008B8
00000894
00000113
000010E0
000004FA
000005AC
FFFFFA3D
FFFFF6DA
FFFFFA0C
00001344
000005EB
FFFFEC6A
000005D8
FFFFF903
FFFFFDA2
00000979
FFFFFFD2
FFFFF450
FFFFF4CC
00000F57
FFFFF343
00000E7F
00000891
FFFFFC28
000015AB
FFFFFA40
00000E93
FFFFFB94
00000585
00001083
0000035B
00000048
0000142B
000011FA
00000E0A
FFFFFC45
0000190F
FFFFF433
000000FB
00000546
FFFFFE6B
00000571
FFFFF7A8
FFFFFD46
00001068
FFFFF6A9
000006F5
FFFFEE38
FFFFFCB7
FFFFF4EE
000005DE
FFFFEF9E
00000C72
FFFFFB44
00000A2A
FFFFFF36
FFFFF211
000007B0
00000F15
FFFFF722
00001594
00001020
FFFFFABD
0000042E
00000FE1
000002A7
000004B4
FFFFFE09
FFFFF601
FFFFFD52
FFFFFA8A
FFFFF487
FFFFFDCC
00000726
FFFFFC68
FFFFF50E
0000048C
00000AE9
000009FC
FFFFFCCA
FFFFEFDC
FFFFFDF8
00000095
FFFFF220
FFFFF630
0000034D
FFFFF289
00000921
00000511
FFFFFC54
00000A55
FFFFF348
FFFFEEAF
00000172
000004B5
FFFFF6D6
FFFFF223
FFFFFC23
FFFFEB04
FFFFED97
FFFFFD9A
FFFFF7D9
FFFFF0F8
00000506
FFFFFC13
FFFFF802
00000022
FFFFF3B9
FFFFFCCB
FFFFED49
FFFFFC36
0000024D
00000175
FFFFF6F9
00000B6B
00000668
000006F5
0000015C
000005CC
00000EEF
0000040A
00000FFC
00000D53
FFFFFBCC
00000C58
00000B34
0000106E
FFFFFD80
000002F0
FFFFFD01
FFFFFE7D
00000CA7
00000A49
FFFFFD22
00000FAF
00000193
FFFFFEB9
FFFFF48E
FFFFF1C4
000004D7
FFFFED9F
FFFFF523
FFFFF965
FFFFF050
FFFFFD30
FFFFF16A
FFFFFB8C
FFFFFC17
000004BD
FFFFFD9C
FFFFF8AE
FFFFECF4
FFFFF6F6
FFFFFB82
FFFFF29B
FFFFF2EB
FFFFFE62
FFFFF2E5
FFFFF22A
00000CB5
000001F6
FFFFFE02
00000BEE
FFFFF94C
0000033B
FFFFE8EE
FFFFF44A
FFFFF20D
00000D2F
FFFFFF55
000005ED
00000C5C
FFFFEBFE
00000262
FFFFF03D
00000349
00000149
FFFFF4C5
00000F6B
FFFFEF71
FFFFFBC5
FFFFF11F
FFFFFB58
FFFFF315
0000096E
0000009D
00000730
FFFFF64D
FFFFFF0C
FFFFFB66
0000030E
00000513
FFFFF400
FFFFFE4F
FFFFF59B
FFFFFECC
000005A9
FFFFFE99
FFFFFB1D
00000897
FFFFFC84
0000049C
00000DA0
00000B5A
0000044C
0000005C
00000C0F
0000061B
FFFFF801
FFFFFC21
FFFFFE59
00000F6D
0000087B
FFFFFE15
00000E9F
00000870
0000023F
FFFFFD94
FFFFFF28
00000F1A
FFFFF907
FFFFF2C8
FFFFF838
FFFFF308
00000340
00000861
FFFFF896
00000A6F
FFFFF39A
FFFFFF94
FFFFF629
000009B9
FFFFFD8D
FFFFF4AB
FFFFF692
000007D5
FFFFFED6
00000EE8
FFFFFCFC
FFFFF927
FFFFF5AE
000005E7
FFFFF732
00000A61
0000052B
FFFFFC45
FFFFF76B
FFFFF685
0000043F
FFFFFD2A
FFFFF352
FFFFF550
FFFFEFB4
FFFFFE71
FFFFF6AA
00000683
0000054E
00000484
00000DFC
FFFFF2A8
FFFFF64B
000009DB
FFFFFC9A
FFFFFCF2
000002CD
FFFFF9DA
FFFFF79A
0000096E
00000B61
FFFFEFE0
FFFFFD64
00000ADA
000001CE
0000026B
00000219
0000037E
FFFFFD48
FFFFFC40
00000B57
FFFFF66D
FFFFFFFD
FFFFEA85
00000B1F
FFFFF114
FFFFF5CA
FFFFF9A4
FFFFF9C9
0000006D
FFFFFBA8
00000037
FFFFF92C
FFFFF925
FFFFFA02
FFFFF611
FFFFFA82
000001CD
FFFFFA27
000002F0
FFFFEA68
FFFFF254
0000025A
0000004A
FFFFF4FE
000002E3
FFFFFF1C
FFFFED0B
FFFFF538
FFFFFDE0
000001AB
FFFFFE09
000002C0
000003B1
00000609
00000294
FFFFFE09
000003ED
FFFFFAB1
FFFFECCF
FFFFFEEC
FFFFF809
FFFFEB33
FFFFF02F
FFFFFD75
FFFFF5FC
FFFFFE57
000003F3
00000AD3
00000AA5
00000C63
00000126
FFFFFCB6
0000140B
FFFFFD25
FFFFF1AE
00000C21
FFFFFABB
00000925
00000448
0000004D
FFFFFC21
00000BDB
00000682
FFFFFD3A
FFFFFF2F
00000AE6
00000F9D
FFFFFCF5
FFFFF4A6
FFFFF202
0000029B
00000F18
FFFFFF8E
000006CA
FFFFF092
FFFFFA45
FFFFF5D6
FFFFEE83
FFFFFAD3
0000000A
FFFFF59E
000000E5
FFFFFED7
000003F4
00000A19
000004C0
000013E9
00000900
00000BCC
00001415
00000413
000012B2
0000020B
FFFFFBD5
FFFFF2E9
000005BD
FFFFFD77
FFFFFDC8
FFFFFF19
00000356
00000BCB
00000C9A
0000127A
000006A6
00000335
000006C8
00000678
000007F8
00000B45
FFFFFC98
FFFFFC50
00000BFD
00000008
00001124
00000D82
00000724
FFFFF7EE
00000FC2
FFFFFBF1
000007EB
FFFFF798
FFFFEEE9
FFFFF16E
000000AC
00000BB0
000005EE
000007F5
FFFFFA88
00000B8B
000000F4
FFFFF670
0000093D
00000C17
000011EE
00000FD8
000001B6
FFFFF76A
00000A42
FFFFF6B1
00000F13
00000381
00000060
000004C2
00000548
00000190
00000D70
FFFFF2C4
000000D3
00000471
FFFFF904
000001C6
FFFFFD26
FFFFF882
00000F9C
0000041A
00001486
0000034A
0000179B
00001206
0000092A
0000195F
FFFFFF27
FFFFF95A
000003E7
FFFFFFB4
FFFFF813
00000ADA
00000985
00000D4D
00000245
000001E3
00001184
FFFFFEB9
0000061D
FFFFF2FB
00000165
00000E17
00000054
00000471
FFFFFB40
000000F4
00000EB2
FFFFF694
0000070C
00001220
0000042F
000007B2
0000100B
FFFFF839
FFFFF49B
FFFFFDBA
FFFFF7D6
00000157
FFFFF805
00000669
0000047C
FFFFEE2F
000003BA
00000A45
FFFFFA80
0000021E
FFFFFF76
0000093F
FFFFF8D1
00000E35
000004BD
FFFFFB2A
FFFFF832
000008BD
00000F8E
000009A9
000009B6
FFFFF4A9
FFFFF76A
FFFFFD24
FFFFF83F
FFFFFCC6
000001D7
FFFFEFB4
FFFFF690
000003A9
FFFFF335
FFFFF56F
FFFFFBBC
0000032E
FFFFFF41
000007A4
FFFFFA36
000007D2
000006ED
00000267
0000013D
FFFFEED0
FFFFF4B9
00000B5B
00000D4F
0000058A
0000004A
00000FDD
00001399
00000DC6
00000C22
FFFFFBB6
00000751
00000234
FFFFF934
00000E06
00000F44
FFFFF32B
0000005B
00000EDF
FFFFFC9A
0000032A
00000CF8
00000B5A
FFFFFFBF
000013A7
0000101E
FFFFF770
00000B2D
FFFFFA48
00000A46
FFFFF0E3
FFFFF07B
0000080B
00000854
FFFFF80E
FFFFFCD3
000007A8
0000002F
FFFFFA31
FFFFFF64
FFFFF7CB
000004FB
000005FC
00000838
FFFFF39E
FFFFFE24
FFFFF5F6
00000084
00001329
00000C84
FFFFF74D
FFFFFD7C
0000076B
FFFFF0C6
00000F9B
00000809
000003C3
FFFFFD16
00000B1F
0000078B
0000074B
000008B4
0000004F
00000BE4
00000D34
FFFFF587
FFFFF6D8
FFFFF9E8
000004C3
00000C9F
FFFFF6D2
FFFFECF3
FFFFF21C
000002B9
FFFFF93F
0000037A
00000BA8
00000EDD
0000032E
00000CFE
000010B4
00000CB2
00000BEB
00000977
FFFFF2DA
00000477
FFFFF313
FFFFFAEB
00000485
000005F1
000006FE
FFFFED35
0000078F
00000EB2
FFFFFD82
FFFFF455
00000CBA
00000950
00000523
FFFFF46A
FFFFF3F5
FFFFEFB7
FFFFEF0C
FFFFFB21
FFFFE9B6
FFFFED9B
FFFFF669
FFFFFCBD
FFFFF510
FFFFECD7
00000020
FFFFF9D4
FFFFFED3
FFFFF602
00000B2D
00000B62
000006A9
00000278
FFFFF548
FFFFEF7E
FFFFF1FE
FFFFF17A
00000656
FFFFFB40
00000BE1
00000667
FFFFF6AD
FFFFFAAE
000002EB
00000202
FFFFFD50
0000019E
00000F7A
FFFFFC22
00000DC2
00000BA1
FFFFF1CB
FFFFEE60
0000012D
FFFFFDE6
FFFFFAB9
00000C76
FFFFFBEE
FFFFEEAA
FFFFF8AF
00000327
FFFFF7C7
FFFFF6B1
00000610
00000A1F
0000102C
FFFFF86A
00000DFA
00001643
0000054C
000008C7
00000477
FFFFFF56
000008DB
FFFFF5BF
00000220
00000393
FFFFEEAE
00000922
FFFFFEBC
FFFFEF8D
FFFFF655
FFFFF2E0
FFFFF2F8
00000703
FFFFF32B
FFFFEAF3
FFFFF5F8
FFFFF95B
FFFFF96D
FFFFF407
00000339
00000B73
FFFFF85F
FFFFFE41
FFFFF5BE
FFFFFC42
FFFFFF5A
FFFFFA0E
FFFFF48B
00000290
00000968
FFFFFDE2
FFFFFBAA
FFFFF982
00000475
FFFFFF04
00000DE0
00000E7E
000003AD
FFFFF381
00000CB4
FFFFF4CC
FFFFFBF4
FFFFF89B
FFFFF967
00000FA1
0000068E
000006C2
0000030F
00001839
00001E4A
0000058F
0000143E
FFFFFA8E
FFFFF97E
FFFFFFC3
FFFFF6A4
FFFFFE9C
0000036A
FFFFF5A6
00000DFB
00000A2C
000003C2
FFFFFA3D
FFFFF195
FFFFFFC6
FFFFFFB1
FFFFFC89
00000081
FFFFF7FA
FFFFFE7B
FFFFF5F9
0000026E
00000AB4
FFFFFED9
FFFFF460
FFFFF6B0
00000A7E
FFFFFB9C
FFFFFE35
FFFFF245
00000A10
00000349
000007AC
00000B52
FFFFEF6C
00000046
000000E0
00000537
FFFFFE30
000002D6
FFFFF97A
00000635
FFFFFE3B
FFFFFF9C
FFFFEA42
FFFFF9F5
0000018D
FFFFEE8F
FFFFF9DC
FFFFF17D
00000178
FFFFFE74
00000588
FFFFFD39
FFFFF456
FFFFF9F9
FFFFF840
FFFFF7C2
FFFFF2A3
FFFFFAC8
FFFFF929
FFFFF09A
FFFFF168
FFFFF5A4
FFFFEF8E
FFFFEF53
FFFFFE34
FFFFFA03
00000D64
FFFFFE39
00000C75
00000E07
FFFFFFFC
00000DD7
000002E4
000006C5
00001226
FFFFFF88
FFFFFF7F
0000085F
00000766
FFFFFF8C
00000453
00000FC9
FFFFEFB9
0000033A
FFFFFE5E
FFFFFC22
FFFFF67F
FFFFFA89
FFFFF3DA
FFFFFD7F
FFFFFBF9
00000FCC
0000067D
000008C6
FFFFF14E
FFFFF954
FFFFFD38
FFFFF722
0000009E
00000C05
FFFFF433
FFFFFEA5
FFFFFE0E
0000044F
FFFFEE4F
FFFFECA9
FFFFE810
00000423
FFFFE66C
FFFFF55A
0000066A
FFFFF23F
FFFFFC9D
FFFFF457
FFFFF7C9
FFFFEE17
00000ACA
FFFFFB39
00000771
000001C0
FFFFFC71
000009F3
00000120
000003BE
FFFFF9E6
FFFFF277
FFFFFB35
FFFFEDCE
FFFFE3D1
FFFFF855
FFFFFFFF
FFFFFE9A
FFFFFFD1
FFFFF9D5
FFFFF4D2
00000412
00000FDD
00000949
0000037D
0000121C
00000908
00000CF4
FFFFF722
000002EF
00001542
FFFFF8FD
FFFFFD22
FFFFF349
0000088A
FFFFF954
0000036F
FFFFF909
FFFFEFF6
FFFFFC65
00000E88
000007FD
00001526
000004E1
FFFFF83E
0000050A
0000170F
00000D7C
0000024B
00000AC1
FFFFFE81
00000893
0000027B
000005F2
FFFFF2B1
000003CC
000004C2
0000029B
FFFFF80A
FFFFFD34
00000461
FFFFF252
00000C6C
FFFFF4E2
FFFFFB6B
0000006A
00000A6A
00001229
00001025
00001951
000017E3
00000CF3
000005A7
00001693
00000C82
000018A2
00001B0D
000002FA
00000940
00000DC2
FFFFFDDC
FFFFF9E1
000011BA
00000472
00000447
00000B9A
FFFFFA53
FFFFF83E
FFFFEF60
00000CDB
00000E86
FFFFFF73
FFFFF7D1
00000D19
00000F4D
00000507
000000AA
00000524
FFFFEF76
FFFFFE15
FFFFF922
00000DBB
0000093C
FFFFF921
00000B86
FFFFFDB2
000015C2
00000C81
000007A0
FFFFFC37
FFFFFFFA
FFFFFF58
FFFFF77D
FFFFF859
00000824
000006E4
FFFFFF69
FFFFF714
00000CB0
00000674
000001BC
FFFFFFA8
0000074C
00000868
FFFFF3B3
0000020B
000003DE
000009D0
FFFFFF92
FFFFEA91
FFFFF7CA
0000126E
0000041F
FFFFF8EF
FFFFFF1A
FFFFFE09
000001EA
FFFFFAB5
000005E2
0000067C
00000EE9
FFFFF524
0000078C
FFFFFDB4
FFFFFEF3
00000B4B
00000C4C
0000114A
00000903
FFFFFDCE
FFFFFA30
FFFFF25C
FFFFEECE
00000480
00000426
FFFFEF24
FFFFFAD4
000003FA
00000B87
000005BB
FFFFF55D
00000B89
00001046
0000135C
00000A44
FFFFF4BA
FFFFF83F
0000030B
000003B0
00000774
FFFFF8AE
00001003
FFFFEBCD
00000203
FFFFF32E
FFFFF086
000009C4
FFFFF3EF
00000DB1
FFFFF3BF
FFFFF009
FFFFFC7D
FFFFF4A2
0000033F
FFFFEF31
FFFFFD70
00000100
00000AAF
0000016F
FFFFFDBA
000002C1
FFFFECF2
000002D4
00000CC0
FFFFE8E2
FFFFF8DB
FFFFEF6C
FFFFFBFD
FFFFE875
FFFFEEAF
FFFFF4D7
00000115
0000018E
000005DE
FFFFF3C9
FFFFFA46
00000357
000011E3
00001672
FFFFFB30
000010E4
FFFFF0EE
FFFFF773
FFFFF846
FFFFFF36
FFFFFFCE
FFFFFC06
FFFFF136
FFFFF249
FFFFEFCC
000007FC
FFFFFCD7
00000D4B
FFFFFDCC
00001A04
000009F0
0000030E
00000823
0000044D
FFFFFEA9
00000D0D
FFFFFA4E
00000AC7
000007C8
FFFFF1EA
00000047
FFFFFDAF
FFFFF06A
00001158
FFFFF9E9
FFFFEEDB
00001356
00000AE5
FFFFFE30
000014AC
00000644
000003B5
FFFFFDF8
FFFFDE95
FFFFE4C9
FFFFF763
FFFFEE0D
FFFFF101
FFFFEBDE
FFFFE847
FFFFEAB9
000013E5
00000210
000003AB
000019E3
FFFFF105
0000098D
0000102E
00000211
FFFFFA1B
FFFFEC2E
00000357
FFFFF933
0000019B
FFFFFBB1
000009FC
FFFFF516
FFFFF6B8
00000061
0000014B
FFFFFB06
00000D62
FFFFF89C
00000CA8
00000AB7
FFFFEF84
FFFFFB92
FFFFF235
00000834
FFFFEF97
00000036
00000B5F
FFFFFD69
FFFFEED8
FFFFFFC7
0000092A
00000F47
000012E6
FFFFFDB6
000006F5
00001AAD
00001658
FFFFFCC6
FFFFF82C
00000D57
FFFFFF6C
FFFFFFCA
FFFFEFD5
000013BD
00000E8F
FFFFFFE9
00000F96
FFFFFB9F
000012C0
00000A34
FFFFFE3C
FFFFFE0D
00000B6A
00000616
FFFFF9D7
00001597
00000E2F
FFFFFC65
000006F7
00000E52
FFFFFFDF
FFFFF6EC
00001313
FFFFF8A2
00000349
FFFFF49D
00000822
00000871
0000006D
00000426
FFFFF5B6
000005CD
FFFFFE0B
00000827
FFFFFBB5
0000138A
00000E96
00000CE1
000006A9
000005BA
00000CA7
FFFFFA50
000008BF
000003ED
FFFFF0A9
FFFFF089
00000CE4
FFFFF2F9
FFFFFD35
00000743
00000D9D
FFFFF928
FFFFF703
0000065A
FFFFED4E
FFFFF193
00000230
00000221
FFFFFE48
00000B3F
FFFFF229
FFFFF33E
FFFFFFE4
00000DE2
FFFFF4D2
0000041A
00000E21
FFFFF5D8
000002F5
FFFFF95E
0000057E
00000C19
00000CF6
00000B66
0000064E
FFFFF97B
00000E7F
FFFFF8F5
0000147C
000003B1
FFFFFA1C
FFFFF75A
FFFFF9F9
FFFFF439
000003B3
0000017C
00000059
FFFFFED8
FFFFFFB3
FFFFF27A
FFFFF4D2
FFFFFC61
000009BA
FFFFEB65
0000046C
FFFFFBAB
FFFFF944
FFFFFC2F
FFFFEC32
00000506
00000336
000003BC
FFFFFC7A
00000B7B
0000083A
000012D6
00000943
00000A37
0000028C
00000172
00000638
FFFFF60D
00000C58
000009F1
FFFFF6F8
000008F0
00000901
FFFFEFF2
00000BEE
FFFFF87C
000008A4
00000A60
FFFFF945
00000758
FFFFF360
00000140
00000C47
FFFFEEC5
FFFFFD33
FFFFEB8C
FFFFF196
FFFFF3ED
FFFFF0B9
FFFFE8B4
00000738
FFFFFB45
FFFFF049
00000CEF
0000082D
FFFFF735
00000636
00000732
FFFFFFF7
000011CE
FFFFFC4F
FFFFFFA6
FFFFF066
FFFFED5B
FFFFF998
FFFFE66D
FFFFE1C9
00000B3B
FFFFE65E
FFFFF30F
0000113D
00000239
00000208
FFFFFC48
00000B62
FFFFFB5B
00001E96
000010B8
000015E8
00000438
00000855
000007EB
00000A1E
FFFFF596
00000183
FFFFF400
FFFFFE2B
0000066A
FFFFFD35
FFFFF213
00000EEF
FFFFFA9E
FFFFF4D9
00000BA0
00001B32
FFFFF3B4
000018A7
FFFFE8D5
000001AB
FFFFF90C
00000603
FFFFFA62
FFFFF0BC
FFFFEBD2
00000AAD
0000079F
00000E0A
00001244
0000119A
00000F72
00000E82
00000FC3
FFFFF292
00001085
FFFFFE55
FFFFFCD2
00000A1B
FFFFFD0A
FFFFFE5B
00001429
00000343
00000BDD
FFFFFA14
FFFFF4B5
000003A1
000003E8
00000DF6
000008FD
00001B81
00000AA8
000017B4
00000505
0000008D
00000933
FFFFFDA2
000000BC
00000A37
00000D56
FFFFF73B
000011E4
0000182C
00000D5A
00000B88
00000C4D
00001227
00000D64
000007CC
00000981
00000AE3
FFFFFFA9
00000410
00000005
000019A7
00001845
00000E87
00001667
0000043B
000001EF
00001980
00001641
FFFFF0AA
FFFFF78B
00000C9D
0000092E
00000CA8
FFFFEF48
00000A5E
FFFFEBB8
00000310
FFFFFCBD
FFFFF3E2
FFFFFA43
00000D10
FFFFFC84
FFFFF447
00000C94
FFFFF7A5
000007A7
FFFFE7A8
FFFFFB2E
FFFFE61C
FFFFED4F
FFFFEE10
FFFFEEF4
FFFFF478
FFFFFEBF
FFFFEB3A
FFFFF509
FFFFEF07
000002ED
FFFFFC49
FFFFF14A
000007EA
FFFFF1D2
FFFFFAF8
00000884
FFFFF8B4
FFFFF427
FFFFECD4
000001E6
00000692
000007A5
00001206
000007DE
00000E41
000001A3
FFFFF117
000001AC
00000046
0000034C
FFFFE80A
FFFFF7D6
FFFFFC11
FFFFEE23
000002C5
00001171
000007AD
FFFFF785
FFFFF567
FFFFF69B
FFFFF37A
0000044A
FFFFF4AE
000006B9
FFFFFFF4
FFFFFE47
FFFFF851
FFFFE9FD
FFFFFAFB
00000D80
FFFFEFD0
00000D20
FFFFFD43
FFFFF291
FFFFF169
00000EC6
00000259
00001180
FFFFF6E5
FFFFF837
FFFFF4C1
FFFFFEB4
FFFFF69D
FFFFE507
FFFFE823
FFFFF75E
FFFFFF1F
FFFFF73A
000001BF
FFFFFC96
FFFFFC94
000014FE
FFFFF186
00000251
FFFFFCA3
FFFFF461
000000E2
FFFFFB55
000014EF
FFFFF71F
FFFFF788
FFFFFDBE
00000638
FFFFFC43
FFFFFDB3
000004B8
FFFFFF3A
FFFFF7AB
FFFFF9A2
FFFFFB11
00000445
00000B69
00001234
00000074
0000091C
FFFFF88E
0000011C
FFFFFCAA
0000013D
FFFFF6A3
00000741
00000334
FFFFFCC3
FFFFFF0A
000002EB
FFFFF50E
00000240
000007CD
00000C8F
FFFFFCB2
FFFFFA60
FFFFFDCE
FFFFF773
FFFFF9FB
FFFFFEF6
0000094E
FFFFF40C
FFFFFE15
FFFFF886
FFFFFFD2
FFFFFF7E
FFFFF6E8
FFFFF63F
00000B53
00000119
FFFFF8F3
00000054
00000483
00000579
00000B90
FFFFF707
000000D0
FFFFF8AE
FFFFF99C
FFFFFA6A
FFFFFE82
FFFFFF45
FFFFFB12
FFFFFD29
FFFFFCCC
FFFFF0B2
00000373
00000A1B
FFFFFAD6
FFFFF6B4
000004CF
FFFFF44B
FFFFFAC2
0000057F
0000024F
FFFFFF76
FFFFF559
FFFFFC5A
0000057C
000004DC
00000C5E
FFFFF8AE
000001EF
FFFFEE91
FFFFFE04
FFFFF1E1
FFFFF0C1
FFFFEDE1
FFFFFEA0
FFFFFC6F
FFFFF5BB
FFFFF7B0
FFFFF9AD
0000026D
000006F4
000009D4
FFFFF732
FFFFED67
FFFFFA6E
FFFFF130
00000C6D
00000C68
000005E0
000006CA
00000827
000005A5
FFFFF4EE
FFFFF2DD
0000019A
FFFFF9C3
00000368
00000CBE
FFFFFC70
FFFFFC6C
FFFFFD9F
00000375
000008CE
FFFFF3CD
FFFFF7A5
0000047E
FFFFF38F
00000452
000001D0
FFFFF808
FFFFFFA9
0000041F
00000CF6
0000033E
0000091D
FFFFFD36
00000D84
00000E11
00000777
FFFFFD1D
000009B3
FFFFFD0B
00000174
FFFFFFC6
00000032
00000410
0000016F
FFFFFADC
0000009D
FFFFF76B
FFFFFB7C
FFFFF6F1
FFFFF46F
FFFFF6E2
000006E8
00000309
FFFFF626
FFFFFE74
00000152
000003BE
000008EB
FFFFF80C
0000064C
00000DFC
000001C4
0000001B
FFFFF853
0000066C
FFFFFDAE
0000040E
00000EA4
00000FDF
FFFFFE8B
FFFFFEE6
FFFFFF11
FFFFFE54
FFFFF525
000008A6
00000AA8
FFFFF8E4
FFFFFC66
FFFFF9EA
000003CF
000001C4
00000A0C
FFFFFFA1
000004AE
FFFFEE0D
000000AC
FFFFFA3C
000008F2
FFFFFCD2
FFFFFA69
FFFFFFC3
00000431
00000902
FFFFFBEB
FFFFF288
00000717
FFFFF85D
00000890
FFFFFCF5
0000009B
00000292
000008E9
0000029C
FFFFF709
0000055B
FFFFF9FD
FFFFF79B
FFFFFA00
00000AC1
00000C62
000005DF
000004A0
FFFFED7A
FFFFFFE1
0000078F
FFFFF3F4
0000049B
0000000C
FFFFFB96
000005AE
000007B6
000000FE
000006D2
FFFFFA74
FFFFF79F
000003F6
FFFFFB02
FFFFF932
FFFFF912
FFFFF87C
FFFFF8C3
000005D1
FFFFED5C
FFFFF6C4
FFFFECD0
0000024E
000002F8
FFFFF50C
FFFFF864
FFFFFA52
FFFFF8DF
0000086B
00000203
FFFFFFC8
00000987
00000188
FFFFFC58
FFFFF6AC
FFFFFF64
000009B9
00000253
FFFFFAE1
FFFFFDD2
00000609
0000027D
00000BF4
FFFFF76E
FFFFF984
000005F4
FFFFEA07
FFFFE9A8
00000095
FFFFFE4A
FFFFF98C
FFFFF5BC
FFFFF604
FFFFFC05
0000017F
00000411
00000693
FFFFFE41
FFFFF96B
FFFFF913
FFFFFDED
FFFFF291
FFFFFEA0
FFFFF4BA
0000066A
00000B5F
FFFFFE5D
00000E44
FFFFF224
0000036A
FFFFF7DF
000009D1
FFFFF9CF
FFFFEEB4
00000317
FFFFF910
FFFFF1AC
00000005
FFFFFDD5
FFFFF7A9
FFFFFA92
FFFFF950
00000A39
FFFFF9BC
FFFFF586
00000478
FFFFF708
FFFFFB38
FFFFF803
FFFFF82B
FFFFF321
00000A5E
000008E2
00000734
FFFFFC3C
FFFFF739
00000336
00000DBF
00000F9B
00000C11
00000870
000002B2
FFFFF216
FFFFFCA2
FFFFF708
00000989
0000009B
000000C5
0000071B
FFFFF4EF
FFFFF5E6
000002C6
00000FD7
00000A13
00001105
00000274
00000BB9
000009E7
FFFFFDA4
00000034
FFFFF5B7
000005DB
FFFFFFDB
00000879
0000070B
FFFFF442
FFFFF82E
FFFFF0D5
FFFFFBB5
FFFFFB12
FFFFFCF8
00000125
FFFFF595
FFFFF082
FFFFF438
00000050
00000845
00000BEF
FFFFFA02
FFFFFC51
FFFFF6E8
000003DC
FFFFFC2E
000002D9
FFFFFD79
00000873
00000B71
FFFFFA90
0000056D
FFFFF5F8
FFFFFB8D
00000A5D
00000807
FFFFFEF3
FFFFFAF9
00000309
FFFFFC4D
00000732
00000895
FFFFF619
FFFFFDB5
0000064B
FFFFF73D
000002DE
00000004
FFFFFE8E
000004A6
00000573
FFFFF939
00000066
FFFFFA37
000009C2
FFFFF99B
FFFFFC8E
00000489
FFFFF6AD
FFFFFD90
FFFFF576
FFFFFF0B
FFFFFF0A
00000229
FFFFF190
FFFFF4B5
000003BB
FFFFFD96
FFFFF3F0
00000279
FFFFEED6
FFFFF75D
FFFFF457
000003C8
FFFFFF06
FFFFFA49
00000677
000007A6
FFFFFAE9
FFFFF284
FFFFF64F
00000675
FFFFFF07
00000539
00000E06
FFFFF4B1
FFFFF561
FFFFFCC7
000002DD
00000D82
0000083A
FFFFF983
0000087E
00000440
FFFFFA54
00000D2A
00000610
00000683
FFFFF3C8
FFFFF28D
00000A69
0000072E
FFFFFBA6
00000B7A
FFFFFC7C
000001D3
00000614
FFFFFC15
FFFFF91E
FFFFF23F
00000614
00000198
FFFFF79F
00000D42
000000A6
00000727
FFFFFE2E
FFFFF69A
FFFFED18
FFFFFEFC
FFFFEFB5
FFFFEF7A
FFFFF83C
FFFFFB54
FFFFF339
FFFFF28C
FFFFF6A3
00000ABA
FFFFF4B7
0000043C
000005DA
00000A50
FFFFFCE9
00000A35
FFFFF7F1
00000639
FFFFFF18
000007A7
00000272
FFFFF3D6
FFFFF3A0
FFFFF797
00000870
FFFFF8E8
FFFFF77B
00000654
FFFFEF3C
FFFFFAF4
00000722
FFFFFCFE
FFFFF9CA
FFFFF9C5
FFFFFC5E
000007DA
00000955
FFFFFAB0
00000437
0000060C
00000D87
FFFFFB24
00000163
00000C94
FFFFFA99
FFFFF9F0
000001F2
000000F0
FFFFF908
00000040
00000B84
FFFFF536
0000075E
FFFFF5BB
FFFFFB6C
0000030C
FFFFF590
00000B2D
00000E93
FFFFF885
FFFFFC3F
00000C83
00000AF0
00000673
FFFFFA29
FFFFFE99
FFFFFCE9
FFFFFE96
0000019C
00000204
0000086B
00000107
FFFFFFA1
FFFFF7FC
FFFFF6EB
FFFFE97C
FFFFFF56
FFFFF8AE
FFFFFFE3
FFFFFBAC
FFFFF605
FFFFF973
FFFFFDF4
00000661
0000054E
FFFFF82C
0000005D
00000053
000001B7
00000EBA
00000C87
00000257
00000A4A
FFFFF642
FFFFF011
00000EB6
000003EB
0000098D
000001D8
000002DC
00000618
0000032A
00000B91
FFFFF64D
000005A7
FFFFFF42
FFFFFEC3
FFFFF57A
FFFFF527
000002AC
FFFFFBC4
00000269
00000155
FFFFFAAE
FFFFF61F
FFFFFCD3
FFFFF598
00000458
FFFFFE41
FFFFFB3F
00000787
FFFFFF06
000004CC
00000652
0000012B
FFFFFCC2
FFFFF847
00000ABA
FFFFFFDE
00000823
00000A4F
0000062E
0000075E
0000080A
00000232
FFFFFE02
FFFFF512
00000119
FFFFFF36
FFFFFE82
FFFFFC9F
FFFFFD2A
00001104
000008E9
00000A38
FFFFFF9A
FFFFFF2A
FFFFFA90
00000B0B
FFFFF6A6
00000198
00000F8D
FFFFFBD6
FFFFFD65
FFFFF171
FFFFF616
FFFFFD94
FFFFF40D
00000610
FFFFFFBF
FFFFFED5
FFFFF455
FFFFFC08
FFFFF0B8
FFFFF1C8
FFFFF8B7
000005B5
0000046E
FFFFECD8
FFFFFE6D
000008FA
FFFFF310
00000122
FFFFF9D4
00000272
00000778
00000CB3
FFFFFFC3
FFFFFBD6
00000706
000000DC
000007B5
FFFFF83F
000007CA
000009EB
00000D25
000001D1
00000445
FFFFFF61
00000590
00000771
FFFFF459
FFFFF454
000002BE
FFFFED98
FFFFF6AB
FFFFF0CF
FFFFF95C
FFFFF83D
000002DB
FFFFEE95
FFFFFBF0
FFFFFA24
000000A6
0000031F
FFFFF7FA
FFFFFB66
FFFFFD55
00000291
FFFFF748
00000B5B
FFFFF819
000008D5
00000323
0000054D
0000041F
00000D20
FFFFF0D2
0000042A
00000B0F
000002B1
FFFFFDD2
000008AF
000008B7
0000043E
FFFFFC92
FFFFF94A
000007DA
000009C3
000001CA
FFFFFE07
00001544
000007C6
FFFFFC95
FFFFFAAA
00000574
FFFFFEBE
00000CC9
FFFFF860
000004AB
00000FC2
FFFFF65F
000000E5
0000069E
00000731
FFFFEF7C
FFFFF3C4
000009A6
FFFFF724
FFFFF797
FFFFFC06
FFFFF9A9
00000AA7
00000B47
00000ED7
FFFFFB9F
FFFFF948
00000FA3
FFFFFCA8
00000E49
00000731
FFFFF6AB
FFFFFDA0
000004EC
000006DE
FFFFF8EF
FFFFFBCE
00000254
00000E46
FFFFFDC9
FFFFF948
FFFFF459
0000051D
0000007C
00001437
00001219
FFFFFAC4
FFFFFD09
00000851
000006E4
FFFFFED3
FFFFF639
FFFFFA66
00000234
00000C3A
FFFFF4A4
000002FD
00000B4C
0000093D
FFFFFC9F
00000337
00000339
000004AC
FFFFF856
000000D6
00000161
00000A23
FFFFFE78
FFFFF9DB
000000A8
000011A9
0000073C
FFFFF939
FFFFFCFE
FFFFF909
FFFFFE7F
00000C89
00000BAA
000000C6
000007F8
FFFFF888
FFFFE94D
FFFFFD59
0000084F
FFFFF802
00000A03
FFFFFC86
FFFFFBA0
0000061E
FFFFFF67
FFFFF698
FFFFF77F
FFFFFD93
FFFFF4D6
FFFFFC3C
00000D04
FFFFF8CB
0000064C
FFFFFA23
FFFFFED7
FFFFF38B
0000042F
FFFFF427
FFFFFDB1
0000041F
00000B7A
00000A99
00000A87
0000093E
FFFFEEBB
FFFFFAEC
000006EA
0000004F
0000044B
0000097D
FFFFFA3E
FFFFF6CD
FFFFFD6E
FFFFF3AE
000007B0
0000009E
FFFFFB5A
FFFFEF96
FFFFF80F
FFFFFB78
000001A8
FFFFFBE2
FFFFFB4F
FFFFFD4A
FFFFED98
0000049C
FFFFFEBB
00000A3F
FFFFF9CC
FFFFFFCE
FFFFF756
FFFFF9A7
00001BF6
00001157
FFFFF204
FFFFFC77
FFFFFF0A
00000922
00000E62
FFFFF24C
FFFFF795
FFFFF41F
FFFFFB9A
FFFFF28D
FFFFFD92
FFFFEE3F
000005E4
00000AA3
00000693
0000062C
FFFFE8DD
FFFFF594
00000108
00000118
00000EB8
00000876
FFFFF2B1
FFFFF485
00001623
000004B6
000006F3
000001AA
FFFFFDD7
FFFFFACA
FFFFF821
FFFFFEDA
FFFFFD6D
00000109
FFFFFE67
00000839
00000BF4
00000AF2
000005A3
00000419
FFFFFEE5
000008CB
00000341
FFFFFC36
00000E9A
FFFFFE88
FFFFFE46
FFFFFE2B
FFFFF9AF
0000097F
FFFFF3A9
00000604
00000D6C
FFFFFC89
FFFFF811
00000358
00000444
FFFFF135
00000B04
00000DB8
FFFFF984
00000605
00000827
FFFFFAA5
0000072B
FFFFFE07
000005D7
000003B6
00000CC2
0000125D
FFFFFC97
00000CCE
00000934
00000377
FFFFF452
000009F2
00000B1F
00000A90
00000878
FFFFFB27
FFFFFFD7
000006A3
000008F8
00000C6B
00000481
FFFFF58F
00000077
00000BC3
000001D8
00000847
FFFFFF07
FFFFFA92
000003AE
00000248
000002BC
000002E0
FFFFFB8B
00000942
0000081C
FFFFFC32
FFFFFC8C
00000055
000006A9
00000A0F
FFFFFE58
00000AD7
FFFFF78F
FFFFF6D5
FFFFFFF5
00000B03
FFFFF668
0000032C
00000823
00000E60
FFFFFC86
FFFFEDEE
FFFFF625
00000A98
00000603
FFFFFFA3
FFFFFAC3
FFFFFAD6
FFFFF2A1
FFFFFEFB
00000AAA
FFFFF35D
FFFFFCFA
00000585
FFFFFFB7
00000D14
FFFFF4FC
FFFFF5CC
FFFFFC73
00000138
FFFFF53B
00000A3B
FFFFF82A
FFFFFAFF
FFFFF890
00000991
FFFFFE4F
00000810
00000776
FFFFFDB5
000002C5
FFFFFE43
FFFFFAA8
00000203
00000D85
000010AC
0000035D
FFFFF999
00000A67
FFFFF62C
0000061C
FFFFFA6A
00000B69
0000024E
000002FB
00000040
00001018
00000725
000000AC
FFFFFA67
FFFFFEF5
00000049
00000508
FFFFFFF1
0000044C
00001568
0000091E
00000674
FFFFFFD4
FFFFFA5A
000003AF
000002BC
00000B3A
FFFFFF1B
FFFFEEA5
FFFFFF06
FFFFF78F
FFFFF05E
000000E3
FFFFFAF1
0000087E
FFFFF921
000002DA
FFFFF78B
FFFFF478
FFFFFC5B
FFFFFD14
FFFFF009
FFFFFF1C
FFFFFB1B
FFFFFFEB
FFFFF4C3
FFFFF832
FFFFF1E3
00000A9E
FFFFFFA0
000007E5
FFFFFAC5
FFFFF8EA
FFFFFF73
0000075A
00000217
FFFFFAD4
00000BEF
00000D5D
FFFFFB9C
FFFFFDEF
0000026B
00000B5B
00000198
FFFFFB37
000006A8
FFFFFAAD
00000CC9
00000330
000002F4
00000A0B
00000089
00000A3C
FFFFFB5C
0000004A
FFFFFB02
00000B71
FFFFFC2A
0000050B
000006E9
FFFFFEB7
FFFFF9C8
FFFFF8F1
FFFFF456
00000339
0000087E
00000A30
000006BA
FFFFF631
00000062
FFFFFAA0
0000071D
00000A21
FFFFF8FA
FFFFF1DB
FFFFF9EA
00000286
00000493
FFFFF6FD
000009D0
0000002E
FFFFF508
FFFFF52C
FFFFFADB
00000D8E
FFFFFAB3
0000086C
00001276
FFFFFA58
FFFFFA09
0000005D
FFFFF893
FFFFF7A3
00000436
FFFFF890
00000513
0000002E
FFFFFD92
000008E5
FFFFF865
00000853
FFFFF287
0000048B
FFFFFC31
00000E95
0000068D
FFFFFB47
FFFFEC84
FFFFFF9F
00000C25
FFFFFFF7
FFFFFE0D
00000A43
00000331
000004C0
FFFFFE64
0000013E
00000186
FFFFF501
00000000
FFFFF62A
00000330
FFFFF190
000002D4
00000DC3
0000053E
FFFFFDFC
FFFFFDFF
FFFFF9B5
00000B73
000009BC
FFFFF598
000003A1
00000C79
FFFFF59C
000003C3
FFFFFBBA
FFFFF9AA
00000DC9
00000AAA
0000109B
FFFFF717
00000161
0000063B
0000059F
00000129
000004A4
FFFFF739
00000058
00000B2C
0000083F
000010EC
000009AB
00000D5D
FFFFFA4D
FFFFFC8E
FFFFFC0B
FFFFF78C
FFFFF92D
FFFFFFF5
00000494
FFFFF338
0000093D
FFFFFFCA
FFFFFE36
00000D8A
00000A00
00000A22
000006FD
FFFFFB13
FFFFECBB
FFFFF7D5
00000D83
FFFFF9BE
FFFFF0F5
0000035E
00000A9F
FFFFE77F
FFFFEF3C
FFFFFCEE
FFFFFE55
000007E7
000004FD
00000A44
00000039
00000CE1
000002FB
FFFFFA82
FFFFF821
0000036F
00000DE8
FFFFFC39
000011D6
FFFFFC06
FFFFF5D5
00000017
00001410
000005A4
00000159
00000941
00001484
00000EF9
000004EF
FFFFF99E
00001D15
FFFFFACC
000007D2
0000049C
000008F3
00001126
FFFFFCFF
00000F88
0000102B
FFFFF8D0
00000964
00001462
FFFFFA95
00000FAC
00000408
00000827
00000DDB
00000291
0000161F
000000D6
00000208
00000698
FFFFFE4C
FFFFE97C
FFFFF8D4
FFFFEDA7
FFFFEFAD
FFFFED99
FFFFFEFC
FFFFFD3E
FFFFFFC2
FFFFF524
00000222
00000C9B
FFFFFA02
000000E4
000003A5
00000528
0000085A
00001F25
FFFFF5AF
00000B72
FFFFFCBF
0000055D
00000218
00000B9E
000001DF
FFFFFE00
FFFFFA00
FFFFFE8D
FFFFFE94
FFFFF756
FFFFF4A5
00000CE9
FFFFF3BA
00001516
FFFFF974
00000CF5
FFFFF1AB
000010BE
FFFFF246
000003A8
FFFFF894
0000012E
FFFFF0B9
FFFFFB39
FFFFFFFA
FFFFFBA8
0000087D
00000A44
FFFFFFA2
00001C04
000002EC
00001018
FFFFFC98
FFFFFD7D
000009CF
FFFFEB1F
FFFFFF7E
FFFFEFB9
FFFFF239
FFFFF1B2
FFFFF058
FFFFED69
000006B0
FFFFFAE4
FFFFFA0A
FFFFF01D
FFFFFAA7
000005DA
0000022C
00000010
FFFFF172
00000E3D
FFFFE7E6
0000033B
FFFFF92A
00000563
FFFFFDD8
FFFFF608
FFFFED71
00000128
FFFFE913
00000499
000007F2
FFFFF65E
00000F92
FFFFF5C2
000005A0
FFFFF595
00000840
FFFFEBC6
00000430
FFFFFA14
FFFFFB1F
FFFFFA42
00000A18
FFFFF393
FFFFF35E
FFFFFCB3
FFFFF334
FFFFEF37
00000B31
FFFFF96A
000008C7
FFFFF7EC
00000261
000009E8
FFFFEEE9
FFFFEBF7
0000041A
FFFFE8E1
FFFFECFF
000005EC
FFFFF016
FFFFFFAC
FFFFFAF7
FFFFFD3E
FFFFF8FA
000016B2
FFFFF799
FFFFFE66
FFFFF2A6
FFFFF030
FFFFEE4D
000016C9
FFFFFEF6
00000BA6
FFFFE873
FFFFE9AE
00000246
00001034
00000689
FFFFFF85
000002C5
FFFFF52B
FFFFF1F3
00000BC4
00000C0D
000005F2
FFFFF8A2
FFFFFA52
FFFFF256
00001751
FFFFF9E7
0000148E
0000043C
FFFFF0D7
00000DF7
00000013
FFFFEDCA
FFFFEE7B
FFFFFA02
FFFFEE84
00000781
FFFFFE77
00000F2E
000006DE
000008BE
000002BF
00001515
FFFFFE7D
00000632
00001123
000006D3
00000597
00000178
FFFFF3C6
00000AA3
FFFFF4AE
FFFFFA7A
FFFFF115
000012BE
FFFFEE5D
FFFFFE2D
FFFFEE45
FFFFF6CF
00000179
00000FE7
FFFFF421
FFFFF80C
FFFFFA3C
00000E6C
FFFFEEB5
00000E91
FFFFF62C
000003F5
000001BF
FFFFF4A2
00000169
FFFFFC5F
FFFFE9CA
FFFFEAFC
00000A50
00000103
FFFFF18C
FFFFEB1E
00000458
FFFFF50E
FFFFF376
000006F5
0000023C
00000682
FFFFF76A
000006CD
00000A0B
0000078B
FFFFF4F4
FFFFF589
FFFFF425
FFFFE3FF
FFFFFB3C
FFFFFD66
FFFFEF7B
FFFFFF03
FFFFF9A6
FFFFF27E
FFFFF850
FFFFF03F
FFFFF436
FFFFFEE9
00000BD3
FFFFFB8F
FFFFFE40
FFFFF4A1
00001144
FFFFF21A
FFFFFC11
00000D05
FFFFF661
000007F0
00000D37
FFFFF498
FFFFFA3B
FFFFF4AD
000010D5
FFFFFD47
FFFFFAED
FFFFEFDF
FFFFFDBF
FFFFFF06
FFFFFEAC
000004BE
00000B0E
00000818
FFFFFBCD
000002E0
00000F78
FFFFF997
00001759
000007A7
00000579
FFFFF6AB
FFFFFED5
FFFFF197
FFFFFA08
FFFFFF59
00001457
FFFFF5D0
00000F46
FFFFFF9C
00001043
FFFFE8EB
00000E2A
FFFFFC74
00000480
FFFFEC54
00000135
FFFFFABE
FFFFF86C
00000589
FFFFFBEA
000011EB
0000135E
00001062
FFFFFA76
00000D76
000017D5
00000DCE
FFFFF845
0000196C
00000ABD
FFFFED53
FFFFFB7D
FFFFFF50
00000C7F
FFFFFB5A
00000B33
FFFFF598
000013A9
FFFFE676
FFFFF1F3
FFFFE6FD
00000531
FFFFF30C
00000A43
FFFFF3E4
FFFFE9E9
FFFFE717
FFFFF59D
FFFFFB9D
FFFFFB85
0000046A
FFFFF44B
FFFFFFF1
00000B13
FFFFF264
FFFFEEB9
FFFFF4F0
00000AC7
FFFFFED8
000006A7
FFFFF724
000008DD
00000BB7
FFFFFF3A
FFFFFB62
0000015E
FFFFF013
00000C04
FFFFF33C
FFFFFD47
00000A0A
000006B9
FFFFFEC0
FFFFFDF2
00000337
00000D5E
FFFFF55D
00000709
FFFFFD98
0000158D
00000D86
FFFFFE82
FFFFF6CE
00000441
FFFFFFAC
FFFFE66C
00000346
FFFFE922
FFFFF761
FFFFE52E
FFFFE55B
FFFFF7A2
000003A6
00001C96
000012A4
FFFFF920
00000599
FFFFF75E
00000C5E
000019C4
FFFFF7C4
FFFFFFB1
FFFFF74D
FFFFF5EB
00000D23
FFFFECC3
FFFFF1B9
FFFFFD1D
FFFFF34E
FFFFF0A6
00000347
00000A38
FFFFF5BB
FFFFF4F9
00000874
000004DD
0000126C
FFFFF73C
00000A73
FFFFF162
FFFFEBCF
00000FEF
00000602
0000082E
FFFFFC22
FFFFF1B3
FFFFFE42
FFFFFE13
FFFFEDA7
FFFFEDA5
FFFFFB07
00000741
00000465
00000AE6
FFFFF522
FFFFFFBD
FFFFF630
000000BC
00000872
FFFFF308
00000A5C
000001E6
FFFFF732
00000D65
000011E9
FFFFF43A
00000B7C
FFFFF610
00000B9B
0000056E
00000498
000008F3
FFFFFB50
000007AA
0000073F
FFFFFB3D
FFFFEBDD
0000061A
FFFFEBB3
00000474
FFFFE872
FFFFF56B
FFFFFAF6
FFFFF9FE
00000118
00000954
FFFFF300
00000F2E
00000112
00000C2E
FFFFF2DB
FFFFF3DD
FFFFEB38
FFFFF7EA
FFFFE5FF
000007EF
FFFFF7E9
FFFFEDC8
000002CC
FFFFF926
FFFFE9C1
0000003A
FFFFF87C
FFFFF91F
00000091
00000AF8
00000B88
00000E61
00000CA7
FFFFEF66
FFFFEDEC
00000A8B
FFFFEA92
FFFFF001
00000B65
FFFFF82C
00000503
00000A12
000003C6
FFFFF379
000004B0
FFFFF8D5
000001BC
FFFFF7EE
FFFFF96A
00000F01
000001BE
000002F0
FFFFF64B
00000A3E
000000AA
FFFFE926
FFFFFBF6
FFFFFA4C
FFFFFC16
00000E59
00000928
FFFFF8CD
FFFFFBC4
FFFFF696
FFFFF966
FFFFFDDD
00000A1A
00000845
00000839
FFFFFA72
00000D78
FFFFEE8E
FFFFF78E
00000BF6
FFFFEB5F
FFFFFF2E
00000E15
FFFFF28D
00000029
FFFFFC9B
00001344
00000DE9
00001224
FFFFF634
FFFFFC2A
FFFFFC70
00000F93
FFFFFFE1
0000146E
00000619
FFFFFFA5
FFFFFB23
FFFFF5F1
FFFFF6BF
000000D3
FFFFFF2E
0000018C
FFFFF779
000007E4
FFFFF54A
000007B7
000006AC
00000BC0
0000110B
FFFFFD63
FFFFFB9A
000006FC
000000D5
00000479
0000092E
000004D3
FFFFFD83
000004F2
FFFFF8C8
000013C1
00001117
00000A90
FFFFFF31
000006A1
000007A2
00000F0B
00000515
FFFFFAC5
000003BC
000002F7
00000590
0000116D
0000073B
FFFFF8A2
FFFFFCB9
FFFFFA59
0000014C
000016F3
FFFFFFF4
FFFFFA28
00000684
FFFFF9F3
FFFFF354
FFFFF4BE
FFFFF625
00000032
000007F1
FFFFFC9A
000003CD
FFFFED32
FFFFF04B
FFFFFB93
FFFFFDFC
00000451
FFFFF965
FFFFFB9D
FFFFFED5
00000C94
FFFFFE6F
00000ACF
00000CD7
00000967
00001176
FFFFF81C
00001057
FFFFF8D6
00000AA1
000003EC
FFFFF4BA
FFFFFBEC
FFFFF289
FFFFF2AE
FFFFF82D
000000EA
FFFFFABC
FFFFF945
000000F9
000000B6
FFFFF626
FFFFFD5B
000008F4
FFFFFD7D
00000D1A
000008E7
00000C62
FFFFF9BD
FFFFFFFE
0000020D
FFFFF31D
0000065E
FFFFFAC7
00000011
000008EA
00001252
FFFFF91C
000009A7
FFFFFCA6
00000C0A
00000A72
00001105
0000040E
000003ED
0000057A
00000552
00000092
FFFFFE58
FFFFF9DF
FFFFFEA7
0000028F
FFFFFFEC
FFFFF501
00000043
FFFFF8EB
FFFFFF07
FFFFF735
000004C9
0000069C
FFFFFAE6
FFFFF9BB
00000354
00000149
000000A1
FFFFFC64
00000F15
0000067E
00000D16
FFFFFAB6
000000AD
000002A0
00000CBA
FFFFF492
FFFFFB0B
FFFFF377
FFFFFD80
00000DE4
00000358
FFFFFA13
00000210
FFFFF7BA
FFFFF959
FFFFFB2F
000002B8
00000305
FFFFFB76
000000F0
0000019C
00000906
00000891
FFFFF1BF
FFFFFC1B
00000367
000006EF
000004B2
FFFFEC2C
0000082D
FFFFF28C
FFFFFD4D
FFFFFE52
00000120
FFFFEF75
FFFFF07E
000001D5
FFFFF705
00000739
FFFFF69D
FFFFF5F3
000006FD
FFFFFCFE
00001354
00000EEB
FFFFFE16
FFFFF02C
FFFFFA0A
FFFFF873
FFFFFD33
00000BD0
FFFFF7D9
FFFFFBCC
00000E9F
00000F99
FFFFFDC8
000010F0
FFFFFE76
FFFFEE05
FFFFFDDF
00000242
FFFFF969
0000048D
00000980
FFFFF4D2
FFFFF5B9
FFFFFE3B
FFFFF305
FFFFF7DC
FFFFF6C6
FFFFF49D
0000009F
00000531
FFFFFAE3
00000EBE
FFFFFD3F
FFFFF296
00000475
00000512
000013CC
00000686
FFFFFC2E
00000056
00000244
00000720
FFFFF627
00000159
FFFFFEB2
FFFFFA03
00000EA7
FFFFFDA9
FFFFF177
00000096
FFFFF477
000018AA
00000331
00001605
0000094C
00000FB2
00000144
0000010C
000007EA
FFFFFD8F
00000217
00000FF4
000004AA
000008C0
00000F5E
FFFFFCAC
00000B00
FFFFFBBB
0000106C
FFFFFBBC
000010D0
FFFFF5EC
00000FB5
FFFFFE74
00000567
0000048C
FFFFF4F2
0000014F
FFFFF665
FFFFF3F8
FFFFF7EA
00000126
FFFFF549
00000006
FFFFFD0A
000001C8
000001B0
00000ABB
FFFFFFAC
00001356
FFFFF7D6
FFFFF21C
FFFFF47D
00000BC2
FFFFFE25
FFFFFC72
FFFFF7FF
FFFFFCDD
FFFFF82D
00000779
000005F0
00000F8A
0000013D
FFFFFA18
FFFFF4AC
FFFFF845
000001A9
000015F1
FFFFFAB8
0000001D
00000CE2
FFFFF2E7
00000B12
FFFFF89C
FFFFFD92
FFFFF8EE
FFFFF8D6
FFFFF57F
00000967
00000567
00000C76
0000021D
FFFFFE7B
FFFFEE90
000001AE
FFFFFA1A
00000AD7
FFFFFBE3
0000121F
00000882
FFFFFE43
00000948
FFFFEDC7
00001157
00001365
00000E43
FFFFFF04
FFFFFFFE
000007F1
00000962
0000016E
00000187
FFFFF7B5
000005BC
00001604
0000021C
00000CAE
FFFFFF19
00000CAA
000009D4
FFFFF544
FFFFFF00
FFFFF400
00000EAA
000004C4
00000AA1
000002AF
00000DD3
00000F42
FFFFFEEB
FFFFF016
FFFFEF49
0000084C
FFFFFA0E
0000116E
000008DC
FFFFF2FA
000001F3
FFFFF7CF
00000016
00000319
0000030F
00000CBC
00000A65
FFFFFC4A
FFFFF736
FFFFFA00
FFFFFD0A
00000A91
00000F40
00000570
FFFFFD9E
FFFFFE6D
0000080E
000007D8
00000A17
00000618
FFFFF9EE
00000083
000002A1
FFFFF72D
FFFFFA04
0000088C
000009F5
FFFFFB47
000004BD
FFFFFD54
FFFFF5F9
00000E9E
FFFFF340
00000DFC
FFFFF3E4
FFFFF4A7
000009FF
000003C8
FFFFFD95
FFFFFC0E
000000D5
FFFFF945
00000D4B
00000989
FFFFF73D
FFFFF24D
00000207
00000B5B
FFFFFE72
0000001F
00000649
000009EA
FFFFFCCA
FFFFFE16
00000E23
000003FC
FFFFFA16
0000046E
FFFFF3FE
FFFFF7F6
FFFFF90E
FFFFF70E
0000069F
FFFFF0B6
FFFFFEEB
00000927
00000993
00000999
0000111B
FFFFFCDA
FFFFF9DE
00000A53
0000075A
00000BCA
FFFFFBC6
0000089A
FFFFF9AF
00000059
000002B3
000011FC
FFFFFB4B
00000175
000003DA
FFFFFE73
00000A1F
FFFFF147
FFFFFCF6
00000285
FFFFF838
00000488
FFFFFC81
FFFFEE56
0000056D
FFFFF23F
FFFFF65F
FFFFF728
FFFFF1BC
FFFFFF9D
000004A4
FFFFF50F
00000ABA
FFFFFCC8
00000873
FFFFF3F4
00000110
0000009D
000005A0
0000040A
FFFFFF3B
FFFFFBC8
000010C1
00000E44
FFFFFA3E
00000161
00000299
00000451
FFFFFCD2
000000CE
FFFFF7F2
000004D6
FFFFF919
FFFFFC85
0000001D
0000039F
FFFFFC8A
FFFFF7B5
00000A7A
00000828
00000C91
0000008C
FFFFF92F
00000F5C
000004FB
00000760
00000549
FFFFF5F0
FFFFFB0A
FFFFFE21
000006D5
00000EC5
00000367
FFFFF56D
FFFFF91A
000008FC
000008B8
00000AB5
00000AF2
00000042
0000009E
FFFFF8B5
00000A44
FFFFFA95
00000394
FFFFF4B3
00001128
0000063F
000009F4
FFFFF550
FFFFFC17
FFFFFD3C
00000519
000016BB
000000B2
000008AD
00000BB4
FFFFF9AB
FFFFF955
00000452
FFFFFECB
00000017
FFFFF7DF
00000549
FFFFF8D1
0000052F
00000A5B
FFFFFE9D
FFFFFADC
000008A4
FFFFF9D4
FFFFF6E8
FFFFFAD5
FFFFFC5D
FFFFF07C
FFFFF741
FFFFF4D5
00000510
FFFFF8FF
FFFFFAA9
00000058
FFFFF0DD
00000557
00000B43
000004D5
00000269
000000C3
00000401
00000923
000009EA
00000E84
FFFFEC6B
00000881
FFFFFAA8
FFFFFD5A
00000D6E
FFFFFDC3
00000239
FFFFF544
FFFFFE4B
000003B6
00000347
FFFFFE97
000003B1
FFFFF5CA
000011C3
FFFFFA27
FFFFF814
0000004A
FFFFF1BA
00000243
FFFFF03C
00000EEC
FFFFF5B9
FFFFF61E
FFFFFBED
FFFFF448
FFFFF51B
FFFFF1A5
00000A87
00000450
FFFFEBAF
FFFFFE4F
FFFFFFAB
FFFFF9E1
FFFFF928
FFFFF7E3
00000A74
000006BD
00000EBD
000002BF
FFFFF9A1
FFFFFCA8
FFFFFCF0
00000954
00000712
FFFFFBCE
00000644
000005DF
FFFFFC94
000000E0
FFFFFCBC
FFFFF7DC
FFFFFE5D
FFFFFBE8
FFFFF9B5
FFFFF7E4
000000A9
FFFFFDBB
FFFFF527
FFFFF629
FFFFFB97
FFFFEC4E
FFFFFC62
00000B48
FFFFFBBA
FFFFFF07
FFFFFA52
FFFFF8E2
FFFFFA41
00000984
000002F3
000002E4
FFFFF2D8
FFFFF914
FFFFF601
00001047
00000931
FFFFFCA4
FFFFFC19
00000184
FFFFFDFC
000006B5
FFFFFC12
0000046A
00000273
FFFFFEAE
000003C3
FFFFF65A
0000050E
00000D59
FFFFF5AD
FFFFF323
00000F96
FFFFF194
00000597
000004E0
FFFFFED0
FFFFFB6C
FFFFFCBE
FFFFF8FA
FFFFF9BB
000001C6
FFFFF869
000001B4
FFFFFFFA
FFFFF69F
FFFFF0E9
0000023E
FFFFE8A5
FFFFFDB7
00000157
FFFFF48C
FFFFFF5A
0000032A
FFFFEAD8
0000004F
FFFFF5C7
FFFFFD31
00000124
FFFFF9A3
00000543
FFFFF868
000003D9
00000326
000006AC
FFFFF93B
FFFFFE91
00000037
00000219
00000603
00000EA7
FFFFFD18
00000029
00000463
00000B00
000008C4
FFFFFD5A
00001150
00000AAA
0000014A
0000005F
00000345
FFFFFD0F
0000076A
FFFFF8C0
00000A00
000006F5
000016D1
000012A9
000001C3
0000019B
000003B8
00000B6B
FFFFF344
00000A67
FFFFFD86
00000012
FFFFF826
00001019
FFFFF7CD
FFFFF786
00000454
0000017C
FFFFEE8A
FFFFF1B2
00000BC9
FFFFF623
FFFFF26C
00000B2A
00000084
FFFFF0D5
FFFFFE71
FFFFFE83
FFFFFD0A
FFFFFC46
0000008E
FFFFF92C
00000604
FFFFF61B
00001617
000002C8
000009C2
FFFFF88D
00000EEF
FFFFFC80
00001048
FFFFFED7
FFFFFEF7
0000025C
FFFFF3D5
00000D6C
000001B4
FFFFFC18
FFFFFEEB
FFFFF7FC
0000043B
FFFFFB75
000008F4
FFFFFD58
00000A83
00000425
FFFFFEC7
00000B4B
FFFFFF49
0000088B
FFFFEE27
FFFFEF5D
00000077
FFFFFBDE
FFFFF974
000003E7
0000099C
00000D74
00001346
00000EEA
00000525
00000111
FFFFF9E6
FFFFFF12
FFFFFFA7
0000049F
00000058
FFFFF38B
000005E2
FFFFFCD6
00000D62
000000DD
000014FF
000001BC
FFFFFE7A
FFFFFF1C
FFFFF646
FFFFF7C0
000008D0
FFFFFC3A
FFFFFDB6
FFFFFEC0
00000C80
FFFFF91A
FFFFF531
000003A5
FFFFFBB4
FFFFFAB0
00000AE8
FFFFF4BB
FFFFFC46
FFFFFBFB
00000B56
000012CA
00000F90
00000C21
0000000B
00000092
FFFFFBFA
00000FA8
FFFFF787
FFFFF779
000004C6
FFFFF523
FFFFF713
00000C82
00000CA8
000008A8
FFFFF9DA
00000714
000004D6
FFFFFC22
00000CFD
FFFFFE66
FFFFF97B
00000821
00000C5B
FFFFFC54
FFFFF456
00000CB7
0000020C
FFFFF66E
0000017B
000008B8
FFFFFF15
00000CA9
FFFFFA5A
0000037F
000006B2
00001496
FFFFF5D2
00000710
FFFFFC98
000002E9
FFFFFA16
FFFFEEE2
00000C27
0000007A
FFFFF7E6
000003B1
FFFFF46D
FFFFFD49
000004B5
0000036E
00001060
00000444
FFFFF4AA
0000082D
FFFFFC70
FFFFF815
FFFFFC32
FFFFFCBF
FFFFFD17
00000A32
FFFFF876
FFFFF889
00000198
00000809
FFFFF76D
FFFFFFD6
0000029B
FFFFF6D1
00000A58
FFFFFF01
00000DF5
00001124
00000FFB
00001216
0000158C
0000064A
00000C50
00000EA8
0000039A
00000C00
000007F1
00000E66
00000F05
00000D79
FFFFF87A
000000AE
00000564
000009F5
FFFFFF02
FFFFF421
00000CD4
FFFFF996
FFFFF8CD
FFFFF62A
FFFFF891
00000B04
FFFFF619
FFFFF725
000001C8
00000309
00000DBE
000011C4
FFFFEF5C
FFFFFA16
FFFFF8C3
000003AC
00000298
FFFFF3C9
FFFFFE8F
00000CDD
00000429
FFFFF1B2
FFFFF368
FFFFFAFF
00000452
FFFFF5B3
00000B7F
00000149
FFFFFBAC
FFFFF0F7
00000335
FFFFF9C1
FFFFFD47
FFFFFBED
00000BB8
00001125
00000F3F
000011E3
000009D2
FFFFFB3F
00000310
00000658
00000E5D
FFFFFC36
FFFFFFEF
00000D54
00000C7E
FFFFFF36
FFFFFF5B
FFFFFA6E
00000804
FFFFFEAB
00000221
FFFFF8D8
FFFFFCEB
000003F3
00000EFA
00000E69
FFFFFB70
000008A5
000007CF
FFFFFF95
000007D0
FFFFFD4E
FFFFF84E
00000DCB
FFFFF9C0
00000972
00000304
FFFFF4BF
FFFFFAEB
FFFFF662
FFFFFF59
00000FA2
0000084D
FFFFF5B5
00000993
FFFFF590
FFFFFDDA
FFFFFD51
FFFFF26A
FFFFFD3C
FFFFFA2B
0000061C
0000013A
00000661
0000087C
00000CFB
00000E7F
00000236
00000B74
00000685
00000899
00000BA3
FFFFFE15
FFFFF962
00000244
FFFFFBEC
000009E3
FFFFFB11
000002D9
00001339
00000D37
FFFFFF5B
00000C46
0000019E
00000AEC
FFFFFE50
FFFFF83A
00000B4F
00000833
00000807
000005B8
00000746
0000095B
FFFFF981
00000767
00000E5C
FFFFF920
00000CAC
00000620
0000098B
FFFFF7DA
FFFFF55C
00000705
FFFFFCC1
000003DD
FFFFEC7A
00000A5A
FFFFFF0C
FFFFFB74
00000C07
00000C45
000004AB
FFFFFC74
00000DBD
FFFFF860
FFFFF65B
0000014E
FFFFF138
00000564
0000006C
FFFFFF80
FFFFF66C
FFFFF5FB
0000055D
00000224
00000361
FFFFF1EC
FFFFFA68
00000804
000008B9
00000AA6
00000999
0000062D
FFFFF10A
00000691
00000680
00000D85
000009BE
0000058C
FFFFFE2D
FFFFF5EE
000006AD
000005ED
00000967
00000094
000008F9
0000038F
00000C4D
FFFFFE1D
0000098A
000000A1
0000110B
FFFFFF89
00000EC5
00001235
FFFFFC18
00000A4B
FFFFFD12
00000BE6
FFFFFB99
00000C48
00000F4E
FFFFFDD8
00000145
00000578
00000952
FFFFFEAD
00000434
000002C2
00001002
00000279
FFFFFA2F
FFFFF6D4
00001477
FFFFFF6E
FFFFF8B3
0000045C
000003E7
00000455
FFFFFFF2
FFFFF78A
00000A08
FFFFF5A8
FFFFFB1B
00000BC2
00000D7D
FFFFFAA1
000007C7
00000264
00000938
000004FA
FFFFFB08
FFFFF541
00000A3F
0000064E
000000DE
FFFFF1B6
000002DE
00000300
000002B3
00000BDA
000000BD
0000052A
FFFFF3AF
FFFFFB8F
0000064E
FFFFFB2D
FFFFF694
00000074
FFFFFE85
00000241
00000B4F
0000046A
00000486
00000311
FFFFEEEA
0000047F
FFFFFDBC
FFFFEF4C
FFFFFA97
00000A4C
FFFFF1C1
FFFFF74B
FFFFF4C7
FFFFFEC4
00000408
0000044C
00000649
FFFFFC68
0000118A
FFFFF461
00001071
FFFFFAF4
FFFFF950
FFFFF9B5
FFFFF59D
FFFFFE3D
FFFFFB72
FFFFF7E4
FFFFFAC5
00000466
FFFFF5A3
FFFFF4EC
000009C4
0000003E
FFFFFA0F
0000059A
00000CFF
FFFFF5A9
00000A19
FFFFF914
00000E7F
0000017E
FFFFFD7B
00000BB4
FFFFFF3D
0000003B
000004B7
FFFFF161
FFFFF5B4
0000041D
FFFFFB25
FFFFF475
FFFFF91D
000000E9
FFFFF719
00000A58
0000009B
00000220
FFFFFFB4
000002FD
FFFFFC3D
00000CAF
FFFFFA91
FFFFFA62
FFFFF7F6
00000C99
FFFFF866
FFFFFB53
FFFFFAC0
00000F99
0000068D
FFFFFF33
FFFFF97B
000001A0
000006F4
00000DEF
00000588
FFFFFA22
000000B1
FFFFFAE1
000002B5
FFFFEAF6
FFFFF5D0
FFFFFE12
000003CD
FFFFFADB
FFFFEF54
000001B4
FFFFFDAC
FFFFF16C
0000030A
00000CA6
FFFFF831
00000A89
FFFFF714
FFFFF0D5
FFFFF0A9
0000048B
00000D01
000010DF
FFFFFAE8
FFFFFA5A
FFFFFDA7
000000BB
FFFFF8D3
00000668
0000022C
00000C8F
FFFFFE63
FFFFFD65
00000958
FFFFFA9A
000000A0
000000DD
000002B3
00000B3A
00000C6B
000007CB
FFFFF43A
FFFFF179
FFFFF3E2
FFFFF227
00000798
FFFFF9C5
FFFFF643
00000193
0000012C
FFFFEDBC
FFFFFA4C
FFFFF368
000004AC
000000D3
0000116B
00000EC4
FFFFF10B
00001023
FFFFF991
FFFFFA03
FFFFFD1E
FFFFFC16
00000C2D
0000050E
FFFFF743
FFFFFFBA
FFFFFB5B
00000495
0000013E
0000055E
FFFFF301
FFFFEE92
FFFFEA90
000001AE
000004DE
000004BD
000008B1
00000A97
00000836
FFFFFF31
FFFFF64C
FFFFF545
00000A98
00000E89
FFFFF6D6
FFFFFDB5
000000F0
00000559
FFFFF452
FFFFF4E9
FFFFED7B
00000ABE
FFFFF60E
0000077D
FFFFEF86
FFFFF6F8
FFFFFDBA
00000223
FFFFEC3B
FFFFF5FB
FFFFFCC3
FFFFF7EC
FFFFF6E1
FFFFFC44
00000559
FFFFF07E
FFFFF629
FFFFF59F
0000032D
0000009A
00000826
FFFFEBA5
FFFFF259
FFFFF050
FFFFF7E6
00000A07
000001ED
FFFFF46A
FFFFF3F8
FFFFF69B
0000024A
00000602
00000BF2
FFFFF0C1
FFFFE8AA
FFFFFF8D
FFFFE865
FFFFF7EA
00000782
00000A83
FFFFE53E
FFFFF0D5
FFFFF4BE
00000229
FFFFF90F
FFFFFE0E
000014BC
0000034C
00000367
000002C0
0000014C
FFFFF46A
0000049D
00000829
FFFFFF27
0000094E
FFFFFBF9
FFFFF923
FFFFF1AC
00000AA6
FFFFF5A6
FFFFFF6F
FFFFF9CF
FFFFF96F
FFFFFDF2
00000A91
FFFFFA19
FFFFF7EA
FFFFF922
FFFFFCCB
FFFFFEAA
FFFFFC2B
FFFFFF96
FFFFFEE2
FFFFF782
000005A9
FFFFF71B
00000080
00000316
00000F3C
000001C2
FFFFFECD
00001458
00000BD3
000002F6
FFFFFC29
FFFFF425
FFFFF8F8
FFFFF6F1
00001AAD
FFFFF752
FFFFF9DA
000005D9
0000089E
FFFFECC6
00001180
00000079
FFFFF8B9
0000030F
FFFFF514
FFFFF574
FFFFF816
0000016A
FFFFEE43
FFFFFBA6
FFFFFC60
FFFFF6B7
FFFFF9C5
FFFFF149
000009A6
FFFFFD33
FFFFFE84
FFFFF287
FFFFE4D4
0000050A
FFFFF502
FFFFF3E7
FFFFFDDB
00000245
000007A2
00000D9E
00000C51
00000DA8
00000076
000001E3
0000107C
FFFFFB38
FFFFFB50
00000022
FFFFEF96
00000572
00000171
FFFFFC0A
00000F94
00000390
00001693
FFFFF5D0
FFFFF904
00000C04
0000105D
0000064E
00000065
00000385
00000803
00000783
FFFFFD55
FFFFFFAB
00000A1E
FFFFEF89
FFFFF980
FFFFF6A0
00000619
FFFFF368
00000BE0
00000156
FFFFF234
FFFFE790
FFFFFB62
FFFFFBDC
FFFFF7CA
FFFFF392
FFFFEC4A
FFFFF49E
FFFFFCB9
FFFFF4F6
00000314
00000049
FFFFFD06
FFFFF3A1
000008D3
FFFFEDC5
00000526
00000AD6
000008D2
FFFFFECF
0000097A
FFFFFB81
FFFFF728
FFFFF571
FFFFF605
00001585
FFFFF539
000006CC
00000262
00000AA7
00000316
FFFFFF09
000008EC
FFFFF5AD
FFFFF54B
FFFFFD41
00001757
FFFFFCFE
FFFFFC73
0000022A
FFFFF90C
FFFFF22E
FFFFFFED
FFFFFF57
00000A51
00000524
000005F7
FFFFE3BF
FFFFFA21
FFFFE774
00000FA2
FFFFFA68
000003CC
0000015C
00000A17
00000A34
00000175
FFFFF92F
00000DD7
FFFFF755
FFFFFCEB
000001A4
FFFFF882
FFFFFE68
FFFFF76E
FFFFF800
0000047C
00000E5A
FFFFF961
FFFFF2C9
FFFFFB54
FFFFEE07
00000BB8
FFFFFFEB
FFFFFF7C
FFFFFF53
0000068A
FFFFF609
FFFFF8E3
000001B0
FFFFF5C4
00000893
FFFFF791
FFFFFDD1
000001CA
FFFFF8F1
0000131B
FFFFEC5F
00000DDE
00001797
0000040D
00000BCF
00001B8B
FFFFE83A
000012A7
00000679
00000D7A
00000079
FFFFF7A9
0000004A
0000063B
FFFFFD6E
FFFFFD09
0000040E
00000A00
FFFFF028
FFFFF741
000006F2
FFFFFC5B
00000072
FFFFF46E
FFFFF8E6
FFFFFFFA
FFFFFD39
00000B9A
FFFFFE62
FFFFF91D
00000E5C
00001431
0000002F
00000946
FFFFFD03
FFFFFEAE
00000414
FFFFF0FF
FFFFFF67
00000416
FFFFF011
FFFFF39B
00000579
FFFFF223
FFFFFF8A
FFFFF50B
FFFFFB46
FFFFFE62
0000083A
00001068
FFFFF6E4
FFFFF313
FFFFFAE5
000000F0
00001796
FFFFFE22
FFFFEE4D
0000082D
FFFFEFDB
000004E1
0000099F
FFFFF73D
FFFFF2F4
FFFFEC7E
0000027C
00000666
000011B0
FFFFFF88
FFFFFEF5
FFFFF49D
FFFFFF68
00000416
0000048D
000007AF
FFFFF596
FFFFF849
FFFFEAEF
000005D2
00000459
FFFFF2EB
000005F8
FFFFFCC8
00000D9C
0000146A
00000A32
FFFFF626
00000B41
000006F7
00000DFF
0000029E
FFFFFE71
FFFFF070
00000042
000004EA
FFFFF453
0000068C
FFFFFC39
FFFFF283
FFFFF8D2
00000AD6
00000F79
FFFFFEE8
FFFFF0DE
00000222
FFFFF681
FFFFF589
FFFFFE9D
000014A1
FFFFF5B2
00000004
00000D1B
000008B7
000002DE
00000BBD
00000FE6
FFFFFA71
FFFFF8E5
00000787
FFFFFF9F
FFFFFBDD
FFFFF653
000009D1
FFFFF320
FFFFEE97
FFFFF749
FFFFFF1B
00000B50
FFFFF43D
FFFFFCD9
00000099
FFFFEEA4
FFFFF142
FFFFFE26
FFFFF4E2
000005E3
000002E2
FFFFFE69
FFFFFBBC
00000260
0000009B
0000084C
00000221
000007B5
FFFFFCF8
FFFFFC2A
0000081C
FFFFFF12
00000516
000001FB
FFFFFE8F
0000029A
000008AE
00000694
000007ED
0000007B
000005F0
00000305
000001E0
0000048D
0000018F
FFFFFAB5
FFFFF645
FFFFF0A4
00000A4B
FFFFF8C6
000002F7
FFFFFAE0
FFFFFC62
FFFFF183
FFFFFB11
FFFFF27C
FFFFFB57
00000303
00000C1C
00000C65
000008BA
FFFFEECF
FFFFEF84
000005B3
FFFFF332
FFFFFBE0
FFFFFBD6
000009F8
000007BB
000007E7
00000C8C
000004F9
FFFFFCD1
00000306
0000013B
FFFFF33B
FFFFF6C6
FFFFFE19
000009AD
000006D1
FFFFFC61
FFFFF39E
FFFFFD1C
FFFFF9D5
00000EE2
FFFFF0FC
FFFFF942
00000A74
FFFFF271
00000284
0000043A
FFFFFE52
FFFFFF8B
FFFFF473
FFFFF95F
000003EF
FFFFEB69
FFFFFD58
00000A26
FFFFF716
FFFFF433
FFFFF142
FFFFFD16
000003A2
FFFFFE23
FFFFEBF2
FFFFF706
FFFFEF28
00000A54
FFFFEFD9
FFFFEDAA
00000089
00000937
FFFFFD8E
00000364
FFFFFB4C
00000460
FFFFE7C5
FFFFFD74
000001D4
FFFFFC36
FFFFF59B
FFFFF2D8
FFFFF5D0
000006D5
000010D0
000003F7
000005CE
FFFFFE1C
00000501
00000594
000003A0
FFFFF2FA
FFFFF844
FFFFFDE2
FFFFFBC8
00000218
FFFFEE4F
000004EF
FFFFF044
00000036
FFFFFB4D
FFFFFA4F
FFFFFF3B
FFFFFD62
0000051F
FFFFF4FB
FFFFF085
FFFFF59E
FFFFF933
000006C6
FFFFFBB5
FFFFFF4F
FFFFFD3F
00000920
FFFFFF0D
0000076E
000005B7
FFFFEC74
00000781
FFFFF3A3
00000A3A
0000015F
FFFFEFF4
FFFFFD76
FFFFF090
FFFFFDE4
FFFFFDD8
FFFFF1FF
000000DF
FFFFF614
FFFFF96E
FFFFFE1E
00000B47
000005F7
FFFFF637
FFFFFDA1
000004F9
FFFFFBC4
FFFFFD83
000008EA
00000650
00000B0C
FFFFF1D4
00000E31
000003A8
000007C5
000004D0
0000035A
FFFFF6A4
00000A2A
FFFFFC6C
000002A7
FFFFF1C5
FFFFF83A
FFFFF231
00000BF3
FFFFF99A
00000ADC
FFFFF68E
00000570
00000ACE
FFFFEF4E
FFFFF97B
0000019D
FFFFFE2F
FFFFFBDF
00000554
FFFFF1B2
FFFFFD5A
FFFFF3C4
000003EE
FFFFFA6F
FFFFFF00
FFFFF93D
FFFFF62B
FFFFF6CE
FFFFFFA2
0000026C
FFFFFBA6
FFFFF9EA
FFFFF69A
000006BF
FFFFE988
FFFFFCF4
FFFFF9B9
FFFFF6A9
00000D74
FFFFFA30
00000CFF
00000940
FFFFF69C
00000706
000004C1
00000ECA
FFFFEE50
FFFFF7EE
FFFFF5F8
FFFFEF21
FFFFF216
FFFFFE88
000002D2
FFFFFA5A
FFFFFC3B
FFFFF59A
FFFFFD34
00000C17
0000106B
FFFFF8EA
00000D52
FFFFF6FD
FFFFF518
FFFFF78A
00000545
FFFFFA32
FFFFFFAC
000001DA
FFFFF8C8
FFFFFE54
FFFFF6B4
FFFFF215
000006B6
FFFFF1DE
0000110D
FFFFFFE6
000001CD
000001E8
000007BE
FFFFF312
00000EF6
FFFFF7BB
FFFFF94A
FFFFFA93
FFFFF64D
000000CC
00000953
00000F67
000009CA
00000593
00000BFB
FFFFFD25
FFFFFC03
FFFFF88A
FFFFFA45
FFFFF737
00000C8A
00000F0A
00000CFD
00000094
FFFFFEB6
FFFFFC4A
00001144
000002B2
FFFFFBFE
FFFFFB04
0000084A
FFFFF399
000005A0
000003A1
00000889
FFFFF3FF
FFFFFF90
00000F0E
FFFFF8AB
000007E2
00000058
000007DD
000003BE
000008C1
00000A32
00000931
FFFFF9C7
000003F8
00000857
000004B0
000010FB
000007E4
FFFFF22A
FFFFF3A6
FFFFECF4
0000034B
FFFFF620
FFFFFD27
FFFFFE40
000002F5
0000057E
FFFFFB59
FFFFF69D
FFFFFF03
00000773
00000061
00000575
000008EC
FFFFF1E2
FFFFF721
FFFFF6BD
FFFFED1A
000008D5
FFFFFF37
00000397
FFFFFACA
00000018
FFFFFC4E
FFFFF79C
00000195
00000198
000002B6
FFFFFBBE
00000611
FFFFF2C4
0000001A
FFFFFF3F
FFFFF7AF
0000097A
00000151
FFFFF6AF
FFFFFD95
FFFFF3C1
00000C0A
FFFFFB14
00000294
FFFFFD91
FFFFFA62
FFFFEEFE
FFFFFB85
FFFFFA01
00000CD1
FFFFF2B1
FFFFF844
FFFFF136
FFFFFCC3
00000BCA
0000056F
FFFFFCA3
FFFFEECA
FFFFF04D
00000104
FFFFF2F9
00000C81
FFFFF58B
00000590
000004EC
FFFFFC5D
FFFFFF5A
0000017F
FFFFF5D5
FFFFF4D4
FFFFF9F7
FFFFEA54
FFFFF7BB
FFFFE64B
0000085B
0000040B
FFFFF533
FFFFE792
00000C01
FFFFF025
FFFFFFF5
FFFFFEC0
00000925
FFFFFA21
00000D33
00000A4F
00000ADF
FFFFFEB0
00000C01
00000708
FFFFF6F2
000003BE
FFFFF8E5
FFFFFB3A
00000B37
000003CC
000008C0
FFFFFFEC
FFFFF299
FFFFEC49
FFFFEC34
0000028A
00000255
FFFFFF9C
FFFFF30A
FFFFF73A
FFFFFF04
FFFFFDD0
FFFFFE97
FFFFF92B
FFFFFA38
FFFFFB01
0000042A
FFFFF023
FFFFFC6A
FFFFEAF7
FFFFF81B
00000A96
FFFFFE34
FFFFF382
00000497
0000029B
FFFFFFB1
FFFFFFA0
FFFFF855
00000276
000008BE
00000AC3
00000154
FFFFEFFD
FFFFF46E
000004AF
FFFFF09A
FFFFF273
00000FF1
000001B9
FFFFFD11
0000058E
0000080F
FFFFF5C6
00000666
00000135
0000015E
FFFFEE3E
00000E31
FFFFF114
00000721
000007FF
FFFFF667
FFFFFC2F
00000B84
00000341
FFFFFBAF
00000A4B
FFFFF7BC
FFFFFE4D
00000636
FFFFF507
FFFFFF1E
FFFFF403
FFFFF6FF
FFFFF6E8
FFFFFE6C
FFFFF669
00000575
00000591
0000020F
FFFFFC1A
FFFFF7FA
00000CF1
00000FD2
FFFFF4BF
FFFFFC2A
00000350
000009D8
FFFFFA79
FFFFF8ED
FFFFFEA9
00000064
00000A23
FFFFF308
FFFFFA3B
FFFFF271
000004CD
FFFFF997
FFFFFFDC
FFFFF82F
FFFFF564
FFFFF766
000008D5
00000523
000003CD
00000B5B
00000C90
00000122
00000BE7
00000BA1
00000D6C
FFFFFC69
00000156
FFFFED40
FFFFF298
FFFFFF79
00000D6F
00000227
00001149
00000873
FFFFF313
FFFFFD81
000010FA
0000086D
000007DD
FFFFF655
00000026
FFFFF4F6
FFFFF0B8
FFFFF8F6
FFFFF729
0000084A
FFFFEE97
FFFFF989
00000052
FFFFFB04
FFFFFECD
00000C06
00000A1D
FFFFF26E
FFFFFAE5
FFFFF7A9
FFFFF3BD
FFFFF576
0000011B
FFFFF6A3
00000B9C
0000036E
00000AEB
FFFFFBD6
00000948
00000E8D
000007A5
FFFFF7A9
00000E4E
0000084B
FFFFFBE5
00000D80
0000080E
FFFFFDAA
FFFFFC11
000008E0
00000273
FFFFFE54
FFFFFDC9
00000594
00000F3F
FFFFF138
00001008
FFFFFCA8
00000D7A
00000EC4
FFFFFFCE
0000041B
0000017E
FFFFFEE4
FFFFF3B8
FFFFFEC2
000007A0
FFFFF9DB
FFFFF5CA
0000040F
00000C58
FFFFF44B
FFFFF742
FFFFFF32
000005A1
0000051F
00000457
00000046
FFFFF960
00000593
FFFFF744
FFFFF761
FFFFF568
FFFFFA48
FFFFF57F
00000382
FFFFEFED
000005A6
00000A8D
00000CF7
0000093A
00000CB2
00000309
00000E2B
00001245
000010FF
00000462
000007D6
00000294
00000958
00000678
000000B0
FFFFFB93
FFFFF98F
000007BC
00000233
FFFFF091
0000035B
000001AF
000004A8
000005E3
FFFFFC96
00000608
000004CB
FFFFF885
0000086D
000004AE
000005A6
000001AA
000000E8
FFFFF54A
00000954
FFFFF821
00000A58
0000014A
FFFFF761
FFFFFFB9
00000566
0000029D
FFFFF284
FFFFF139
00000A8B
0000032D
FFFFF24C
00000E52
FFFFF27E
00000246
000000A2
FFFFFE6B
00000041
00001269
000001E5
FFFFFD6F
000008DA
FFFFFC03
00000864
FFFFFA9B
000000E2
00000643
00000629
FFFFF57F
00000E61
FFFFF43E
FFFFFEB1
FFFFEFDB
FFFFFAA0
FFFFF1F3
000005B3
00000A65
FFFFF7DA
FFFFF45B
FFFFF5EA
FFFFF813
FFFFFFBF
FFFFFC70
000005EB
00000030
FFFFF5EC
FFFFF8DB
FFFFED63
000001FA
FFFFF03E
FFFFFFB0
0000068A
00000210
FFFFFB92
FFFFF9A9
FFFFF5B2
FFFFF49B
FFFFFA65
00000A8F
FFFFF694
0000084E
00000B11
00000396
FFFFF29D
FFFFF39F
0000035C
FFFFFE7E
00000A77
FFFFF12A
FFFFE7D5
0000041D
00000888
00000872
00000B0F
00000BD9
0000097B
00000A70
00000087
FFFFF38A
000009B8
000008A0
0000085E
00000BB3
FFFFF81B
FFFFEF3A
FFFFFB99
000005CA
000006C7
FFFFF27A
FFFFFC2E
FFFFF21F
FFFFF6D1
FFFFFE7F
00001286
000013BC
FFFFFDBC
000006ED
00000DCD
FFFFFA43
FFFFFE5F
00001A2C
FFFFF599
00000321
FFFFFB4E
FFFFEA61
FFFFE46F
000000D8
0000086E
FFFFFD2C
FFFFF143
FFFFF7CD
FFFFF3AB
FFFFF877
FFFFF6CB
00000A16
FFFFFBF4
FFFFFA3F
00000597
FFFFFFDB
FFFFFC5A
FFFFF6A6
FFFFF1F7
FFFFF396
FFFFFCE0
FFFFFFAC
00000725
FFFFF800
FFFFFE94
FFFFFFAF
00000744
000004DD
FFFFF0B9
00001501
FFFFFB49
0000092A
00000E08
00001808
FFFFFDA0
FFFFF545
000006FA
0000015A
0000097A
00000FD1
00000E23
FFFFF4EC
0000037C
000005CF
FFFFE958
000008EC
000009DB
00000AF5
00000280
FFFFFF5C
FFFFEB52
00000DBA
FFFFFFBF
FFFFF02B
FFFFFDD7
00001596
FFFFFB8D
00000EB6
0000012D
00000D16
00000963
FFFFFAFC
FFFFF7A3
FFFFFD58
FFFFFADA
00000947
FFFFF5AC
00000657
FFFFECF4
FFFFF051
000007E7
00000A0F
FFFFFCEA
0000089C
000004CC
00000BC9
FFFFFAF0
FFFFFE97
000006F4
FFFFF443
FFFFFA98
000000F2
FFFFF685
FFFFFCD7
00000FE2
00000A70
FFFFF0A8
FFFFF50F
000006DD
0000045D
000011B7
00000236
00000573
FFFFFCDA
000009BA
00000279
00000FB1
00000878
FFFFEF78
FFFFEF42
00000CBB
FFFFEE04
FFFFFC2A
FFFFF9C6
00000760
00001187
00001113
FFFFF93D
00000242
FFFFFC2C
00000324
FFFFFF9C
FFFFF3F5
0000043A
000005C7
FFFFF103
000000BD
FFFFF2D5
FFFFF033
FFFFF9DE
FFFFE89A
FFFFF57C
FFFFFA65
FFFFED5E
FFFFEF31
00000E3C
FFFFF9C2
FFFFFCC6
000013C9
00000CA0
000003E7
00000108
00000343
FFFFF5EE
FFFFF2DF
FFFFF14A
000009B5
0000034F
000008C4
00000461
00000587
FFFFF3A1
FFFFE932
FFFFF85F
FFFFF0DC
FFFFEC49
FFFFFE17
000009FE
FFFFFA1C
FFFFFC2B
00000960
000006F6
0000121A
00000869
FFFFF404
FFFFE71D
00000054
FFFFFB3E
00000956
0000095D
FFFFFB76
00000ADA
FFFFF15C
FFFFFBB2
FFFFEC43
00000AAF
FFFFFBD0
FFFFFD8F
000001FC
FFFFFF6E
0000023A
0000040E
FFFFEF9C
000004C0
FFFFFCCD
FFFFECF8
00000016
FFFFF738
FFFFF90E
0000020C
FFFFF696
FFFFFB96
00000000
000010F6
00000D1A
FFFFFFDF
00000582
FFFFF486
0000123D
00001266
FFFFFCFF
000004BE
FFFFF30E
000008D0
00000D2C
000013EA
00000090
FFFFF117
00000BB1
000001FB
FFFFFFAE
FFFFF470
00000520
00000002
00000894
00000B82
00000B6B
FFFFFA8A
FFFFFA85
FFFFFAB3
FFFFFC10
000004EB
FFFFECF7
00000734
00000485
FFFFEF05
FFFFF244
FFFFFF8D
FFFFF9EA
FFFFFA1D
FFFFF2B7
FFFFEC9C
FFFFF725
000013EB
000000AD
000002F6
00000CCA
000002F0
FFFFFC57
FFFFEC38
0000092A
000017EA
FFFFFC76
00000643
FFFFFE82
FFFFF6CD
00000BBE
00000618
FFFFF516
00000209
FFFFF4B1
000003C5
FFFFFBEC
00000526
00000C09
FFFFF4D6
0000091A
FFFFF81D
FFFFEEDB
00000883
FFFFF795
FFFFF0FB
000006C0
FFFFF4D3
FFFFF49B
FFFFF947
00000799
000001C9
00000AFB
0000019F
FFFFF66D
FFFFF376
000003E8
00001018
FFFFFE15
FFFFF585
FFFFF27A
FFFFF7B2
FFFFEA6E
0000004D
000007B8
00000568
000004A5
00000A1A
000005DF
000003EC
00000DDA
FFFFEE27
FFFFF017
00000633
000002E3
FFFFF86E
FFFFF9BC
FFFFF808
00000657
00000D15
FFFFF121
FFFFF4C3
FFFFF675
FFFFFD73
000006E2
FFFFF8FC
FFFFF93D
0000126F
00000EF0
00000A78
FFFFF10D
FFFFF09A
FFFFF61F
0000138A
FFFFF18C
FFFFF74D
FFFFFB2B
0000038C
FFFFFC47
FFFFFBB9
00000740
FFFFFA76
000008BD
FFFFFB9E
FFFFF46B
0000084C
000008EE
FFFFF542
00000D93
00000F30
000008E0
FFFFF7FB
FFFFF649
00000319
00000852
0000122D
FFFFFB77
FFFFFE6B
FFFFE81F
FFFFF1BE
FFFFF953
000008A5
000005DF
0000001A
FFFFF477
FFFFF448
FFFFFCCC
000005FC
FFFFF886
FFFFF37F
FFFFF203
0000075A
00000586
0000026D
FFFFFF00
000008B0
00000680
FFFFF699
00000C6A
FFFFF3A5
FFFFF14D
FFFFF422
FFFFEFB7
FFFFFAC9
FFFFEC55
FFFFF72A
FFFFF5F9
FFFFF9B1
FFFFFA6D
FFFFFA5F
000004B7
FFFFFCD9
00000E01
FFFFFBD3
0000024E
FFFFF1CE
FFFFF9A4
FFFFF906
00000803
FFFFFB5F
00000682
00000393
FFFFFE73
FFFFF7C6
FFFFF576
FFFFFD56
FFFFF242
FFFFF9B9
00000594
FFFFF0CF
00000AEA
00000F1F
FFFFFC11
FFFFF530
00000823
00000476
FFFFFFE2
00000F90
000009D5
FFFFE970
FFFFEAE9
000005CA
0000007B
FFFFFA94
000005F7
FFFFEEE2
FFFFEA36
FFFFF75E
0000026E
FFFFFCF2
FFFFF2EA
00001399
00000490
000013D8
FFFFF6F2
FFFFFD1F
00000508
00000A1B
FFFFFAD9
00000E5D
FFFFEF37
FFFFF318
0000104B
0000065E
FFFFF6A9
000004D6
FFFFFDB0
FFFFE919
00000387
FFFFE9AF
FFFFF972
FFFFF36E
FFFFF47E
0000002A
FFFFF19F
FFFFF855
000007DA
000015E5
00001700
00000FB7
00001C3E
FFFFF8A1
0000114D
00000FCF
FFFFF57A
FFFFFC7C
FFFFF468
FFFFF97D
000008D8
0000049E
FFFFF7CC
00000E3A
FFFFFB7A
FFFFF5A6
FFFFF01D
0000072D
FFFFFC27
FFFFF64F
00000605
FFFFFAB8
FFFFEE7C
00000679
FFFFEFDE
00000876
FFFFFE08
FFFFF592
00000DAB
0000002A
FFFFF070
000001DF
FFFFEE4C
000000E6
FFFFFF53
FFFFF684
FFFFF50F
000005DF
00000513
000010A1
FFFFEF43
FFFFFD73
FFFFF483
000016D7
FFFFF2A1
0000025C
00000CB3
FFFFF63C
FFFFF80B
FFFFF775
00000D17
FFFFF5B6
00000A5E
00000350
FFFFF7DE
00000E5B
FFFFF572
FFFFFD1E
00000739
FFFFEEF7
00000A51
FFFFF2E5
000009E8
FFFFFEB3
FFFFF3F4
00000522
00000311
FFFFF9BF
FFFFF89B
FFFFF67D
00000ACC
FFFFF59F
FFFFF96C
FFFFF5D4
0000084C
FFFFFF43
00000696
FFFFFA51
FFFFFAA7
FFFFEFC3
FFFFFDAC
0000008A
FFFFE3E9
FFFFE8B7
FFFFFCD4
FFFFF8B4
FFFFF99C
FFFFFFB5
000003D7
FFFFF70F
00000379
FFFFFB91
FFFFFBDF
FFFFF907
00000675
00000B92
00000084
FFFFF182
FFFFFE35
0000028C
00000576
FFFFF556
FFFFF861
00000675
FFFFFCAE
00001037
00001386
FFFFF684
00000965
000003BC
00000F7B
FFFFF80D
FFFFF2B8
00000422
000003E5
00001162
00001791
FFFFE8FE
FFFFF6B7
00000356
FFFFEDD1
FFFFEBEA
000000CF
FFFFF481
FFFFEF0C
00000DA1
FFFFF6FC
FFFFF5AF
FFFFF23E
00000E0D
0000077D
FFFFFA68
FFFFF8FE
00000798
FFFFEEA0
FFFFFBD9
00001107
000008B1
000007D1
00000C67
00000EFD
FFFFEEB3
FFFFFE28
00000675
0000030E
FFFFFDB8
000009BB
0000037C
FFFFFC3D
FFFFEFE4
00000E0B
000008D1
00000447
000006FE
FFFFF4EF
FFFFF045
FFFFFD1D
FFFFF1BF
FFFFF8CC
00000F96
FFFFFEF5
FFFFF8CE
000005F3
000006AF
00000555
FFFFFF3D
FFFFFA78
FFFFEB10
FFFFF280
FFFFFEE4
0000045E
FFFFF24D
FFFFF3B6
FFFFF645
FFFFF3D7
00000E16
FFFFED12
0000109C
00000641
000008A7
FFFFF97B
FFFFE94C
00000C36
FFFFECF6
0000077A
FFFFE949
0000086A
FFFFF1F1
FFFFFBB1
00000C1B
00000867
FFFFFD02
00000995
FFFFF1A3
FFFFFB33
FFFFF9E4
FFFFE7C1
FFFFEA99
FFFFEA1C
FFFFF75C
00000071
00000FDD
FFFFF1C0
FFFFFF43
FFFFFA8C
FFFFFCAE
00000539
FFFFFFE0
FFFFEAA0
FFFFF689
00000C9B
000006B8
00001B7F
FFFFFC3D
FFFFF240
00000B6E
00000394
FFFFF5C8
000007B4
000009FB
FFFFFE3A
FFFFEFB4
000003E2
0000097A
FFFFF3E6
FFFFF11F
FFFFFDD9
000003DF
00000341
FFFFFEAB
00000B9A
00000BC8
FFFFF88C
0000005E
FFFFF700
00000F46
0000117B
FFFFFB07
000007E4
0000067B
00001BAA
000006CD
00000739
000018B5
00001E47
00001D19
FFFFF7DF
FFFFF1D5
FFFFFC25
000008A6
FFFFF59E
00000013
FFFFFC86
FFFFFD6D
FFFFFD4F
0000175A
0000002F
00000A64
FFFFFD5C
0000012B
0000127A
FFFFF9DC
00000D49
00000DC9
00000CD8
00001038
FFFFFCF5
FFFFF951
FFFFFD7C
FFFFE79A
FFFFEDC0
00000BEE
FFFFEE73
FFFFFCD5
FFFFF16F
FFFFF7EA
0000172F
FFFFEFFA
00000268
0000026B
00001248
000016BE
0000007F
FFFFF2CA
FFFFFB64
FFFFF67F
FFFFF18E
FFFFF648
0000046E
FFFFEF78
FFFFF1B6
FFFFFD1B
FFFFF6C2
FFFFF94E
000002E5
00000113
FFFFF1BA
FFFFF771
FFFFEB04
000003DC
FFFFFC5D
FFFFEA32
FFFFFE93
FFFFF259
00001237
000007AB
00000FD1
00000AE1
000012CD
FFFFF14B
000003F0
FFFFEFDA
000008B3
FFFFFCB6
FFFFFBE6
0000059D
FFFFF577
FFFFE957
FFFFED90
00000093
FFFFF040
FFFFF974
00000AC1
00000D63
FFFFF510
FFFFFDA8
00000576
000002B8
0000157E
00000E30
FFFFF5DF
FFFFFDEB
FFFFFBF8
00000844
000008F6
FFFFF802
FFFFFB65
FFFFF8BF
0000102F
0000180F
00000337
00000B14
FFFFFD39
FFFFF05D
00000C66
FFFFF85C
FFFFF175
FFFFEA83
000003AA
00000717
000000E4
00000897
0000015C
FFFFF6F0
FFFFF718
000009F5
00000310
FFFFFD4B
FFFFF0AC
000007DA
000008B5
00000958
FFFFFF3B
00000BB8
00000CD4
0000152E
000006CB
00000926
FFFFFCD4
FFFFFD95
000019AB
FFFFF55B
00000B6C
FFFFF675
FFFFFBD5
FFFFFA6B
00000880
0000003C
FFFFF425
00000C01
00000D62
00000CE0
00000383
00000AA5
00000051
FFFFE196
FFFFF332
FFFFF75D
FFFFE0E6
FFFFEB1A
FFFFEDCA
FFFFE44D
FFFFF3D1
FFFFF228
FFFFFF67
00000747
FFFFFF21
00000108
00000A59
000006F0
00000DFF
0000042B
0000045A
FFFFF3F1
FFFFFCBD
00001431
000005AE
FFFFF60B
00000E71
00001185
00001387
00000133
FFFFF9A9
FFFFEF65
FFFFF815
000002A2
FFFFED84
00000476
00000953
000009CC
00001C94
00000950
00000868
00000606
00000B95
00001253
00000D4E
00001CB0
00001C95
FFFFF21F
FFFFE719
FFFFFBDC
FFFFFD8F
00000A17
FFFFF98D
FFFFF50F
FFFFEEF1
FFFFFA67
FFFFE5F8
000010D3
FFFFFB43
0000094E
FFFFFF38
000004F0
FFFFEECB
000000B7
FFFFECED
00000477
000001F3
FFFFFE55
FFFFECFA
000008BF
00000D63
00001188
00001860
000000C3
00000B8B
00001006
000007C7
FFFFF463
00000D4C
0000137A
00000F7C
000009B1
00000B85
FFFFF37F
FFFFF294
FFFFFF22
00000594
00000188
FFFFF15F
FFFFF94C
FFFFEFB7
FFFFF09A
00000E81
FFFFEEE9
00000C48
FFFFF7B9
00000DE6
0000061E
FFFFEFD1
FFFFF702
FFFFF95C
FFFFFE61
00001054
00000460
0000077F
00000A63
FFFFF4F9
FFFFF732
00000E01
FFFFF62B
00000D70
FFFFF150
00000FDF
FFFFFA9F
FFFFF4B9
FFFFF19F
FFFFF616
00000FC2
00001327
FFFFF624
FFFFF6F6
FFFFFA34
00000002
FFFFF939
FFFFFAAD
FFFFEBCA
00000021
0000028E
FFFFF57F
FFFFFE55
FFFFF4D5
FFFFEF20
FFFFED27
0000020B
00000EF2
FFFFFE1E
000000FD
00000D9E
FFFFF3A8
FFFFF345
FFFFEBA4
FFFFF234
FFFFFA77
00000828
00000772
FFFFEE8F
FFFFFBC7
00000475
00001182
00000126
00000103
FFFFFEDB
FFFFF42D
FFFFF7F7
FFFFF67F
FFFFFD8D
00000F3A
00001265
000004D8
FFFFF9CB
00000A2C
00000FC4
FFFFF7DF
000014AD
00001102
FFFFFBAA
000008F8
FFFFF334
0000048D
FFFFFB23
00000952
FFFFFC16
00001612
00000B42
00001582
000005DD
FFFFFCD4
FFFFF4B7
FFFFFC81
00000EF3
0000000B
00000760
00000725
FFFFF76A
FFFFFA3C
FFFFF474
00000F8D
000011C3
0000068B
000000DB
00000021
FFFFFF60
FFFFEB12
000001F5
FFFFE46F
FFFFF57A
FFFFEEF6
FFFFECD9
FFFFF2EC
FFFFE2F4
00000C76
00000FB2
00000129
FFFFF568
FFFFEC5C
00000D27
FFFFFB71
FFFFEC80
00000494
00000F0F
00000AD9
000006F4
00000875
FFFFF9A1
000000D8
FFFFF5DB
FFFFEAE3
FFFFFD26
FFFFFCD6
00001142
FFFFFFA0
FFFFFA1A
00000199
FFFFFEF8
00000687
000011E7
FFFFFECB
00000865
00000D98
00000766
FFFFF768
00001503
00000DA9
00001134
000005F1
0000098A
0000059F
00000C70
FFFFEF23
FFFFFA09
FFFFF054
FFFFF90B
FFFFF491
FFFFFC9D
00001243
FFFFECC2
0000038C
FFFFFEAF
FFFFF882
FFFFF151
000006F3
FFFFF994
FFFFFC78
00000C97
FFFFE6CB
FFFFF64F
FFFFFBFB
0000072F
FFFFF970
FFFFF682
FFFFFDB7
000007EE
0000171B
FFFFF400
FFFFEB23
00000304
000006AA
FFFFF942
00000383
0000075B
00000614
00000EBF
000004FC
00000BF1
000014FD
00000C2D
0000056B
00001A97
FFFFF9D8
FFFFF8DB
00000173
00000DA2
FFFFF088
00000FA7
FFFFF2E7
000005FD
00000B09
FFFFFEC6
00001335
FFFFFF12
FFFFF38E
FFFFF8A2
000017AA
0000033E
0000035A
000001FF
0000090A
00001516
00001C62
000006E3
FFFFFCF7
0000060D
FFFFF5CC
FFFFF928
FFFFF312
000001C6
00000010
0000009A
FFFFFBD2
000005C6
FFFFF43A
FFFFFC19
0000032D
000008F8
FFFFF6A1
00000A90
FFFFF8BF
FFFFFAA0
FFFFFF10
FFFFFEBE
FFFFF2CD
0000020B
000005C1
FFFFFD63
0000001E
FFFFFA3E
FFFFFC29
FFFFF7F1
FFFFF73F
0000070D
FFFFF66C
00000610
0000004F
000003D1
0000074C
FFFFF4A2
00000704
FFFFFBD8
00000443
FFFFFADB
FFFFFFCB
FFFFFFB4
0000031F
FFFFFFE7
00000519
FFFFFB0E
FFFFF608
00000B69
00000563
00000A1C
000001FA
FFFFFDC2
00000314
00000798
00000054
FFFFF98D
FFFFFA5C
000006CB
000006F9
FFFFFCD8
FFFFF44C
FFFFF856
000007B1
FFFFF348
00000B41
FFFFFEF4
FFFFF6C0
000004FB
00000608
00000469
0000046F
FFFFFD4A
FFFFFA10
FFFFFE52
000009E0
FFFFFF88
000009C1
FFFFFD08
00000754
FFFFF59D
FFFFF96E
00000781
FFFFFE33
0000023C
000003AD
FFFFFC4E
FFFFF564
0000049A
FFFFF7C5
FFFFF9DD
00000276
FFFFFBA5
FFFFF52E
FFFFFFB1
FFFFF3A1
FFFFFB94
00000549
00000D73
FFFFFA60
000002D1
FFFFF2B5
FFFFFD75
FFFFFDFC
00000418
0000034C
FFFFFA58
FFFFF682
0000037D
FFFFF976
FFFFFFED
FFFFF37F
FFFFF9E6
FFFFFDA7
FFFFF63E
FFFFF905
00000344
FFFFF7AE
FFFFFF1A
000006E1
000003A4
0000071C
FFFFF55B
0000029C
000004F7
FFFFF63B
FFFFFDEC
FFFFFE97
FFFFF17A
FFFFF707
FFFFF61B
FFFFF367
FFFFFEA2
FFFFFFC1
FFFFFD70
FFFFF3D8
FFFFF965
FFFFF991
00000EBB
00000662
000008AB
FFFFFC3B
FFFFFA4D
000000BD
00000738
FFFFF305
0000050B
FFFFF89C
00000252
FFFFF803
00000952
FFFFFEA6
FFFFFC20
FFFFF61B
00000411
FFFFFD08
FFFFF285
FFFFF72D
FFFFF283
FFFFF928
00000A1D
FFFFFE93
FFFFF606
FFFFFC1D
FFFFFB85
FFFFFD8E
FFFFFE9D
00000914
000005D3
00000384
FFFFF9AF
FFFFFC78
00000C5A
FFFFF87C
FFFFF891
00000742
FFFFFD58
FFFFFAAE
00000190
00000182
000009A1
FFFFF62C
FFFFFC94
FFFFFDA1
0000003B
000000A6
0000079B
00000246
FFFFFEFA
FFFFF231
FFFFFDD0
FFFFFFAF
FFFFF312
0000098E
0000055C
FFFFFD0F
0000091A
00000417
00000372
0000024F
FFFFF60E
00000399
00000007
0000096B
FFFFEFFE
00000659
FFFFF977
0000059D
FFFFF2C3
FFFFFCD5
000001C4
FFFFF210
FFFFF6BD
00000658
00000146
0000053F
0000017B
FFFFF088
FFFFFC0F
FFFFF733
FFFFFFA9
00000144
000005DF
FFFFFC7C
000002A4
FFFFFEFB
FFFFFF48
000003CF
FFFFFA8B
00000726
000000B4
FFFFFD6C
FFFFFED4
0000056E
FFFFFEE4
FFFFF48C
00000959
000002D3
00000588
000009A3
FFFFFA74
FFFFFACC
0000040E
00000361
0000023A
FFFFFA0F
0000092E
FFFFF65B
FFFFFAAE
FFFFF68E
FFFFF651
FFFFFF2A
FFFFEFDE
FFFFFD83
FFFFEFAE
FFFFFE3A
FFFFFB4E
FFFFFAA6
FFFFFF58
FFFFF874
000001B2
FFFFFA63
FFFFFFDB
00000567
FFFFFCDD
FFFFF96D
0000053A
000001FC
00000577
FFFFFFD1
00000125
FFFFFB79
000009C8
FFFFFF63
FFFFF9C6
FFFFF728
000000F2
FFFFFE06
00000DF9
FFFFFB17
FFFFF515
FFFFFD64
FFFFEE60
00000608
FFFFF3C9
0000026B
FFFFFE99
00000665
FFFFFB39
000006F2
FFFFF7B5
00000866
0000031C
FFFFFAE4
000002FD
00000A35
FFFFFD5C
00000464
FFFFFDA4
FFFFF877
0000034A
000007E4
00000675
FFFFFE09
000001D0
00000434
FFFFF703
FFFFF8B9
FFFFFD4C
FFFFFC31
000002A3
0000007B
000000A1
FFFFF8D2
FFFFFF4E
0000051E
00000838
000006F9
FFFFFF81
FFFFF515
FFFFFCB5
00000493
00000134
00000004
FFFFF277
FFFFF17D
FFFFEE5C
FFFFFB97
FFFFFC05
FFFFF6A1
FFFFEFA9
FFFFED13
FFFFFA01
FFFFFE4E
00000B16
0000066C
000001D5
FFFFF982
00000476
000000D6
00000746
FFFFF99B
000001A0
FFFFF4A7
00000B22
FFFFFCC7
FFFFF038
FFFFFD9E
00000A2A
FFFFFEBC
FFFFFB89
00000A2D
000001E4
00000276
FFFFFB24
00000472
FFFFFFDA
000004CA
FFFFFEA5
00000153
FFFFFA29
FFFFFDF5
00000465
FFFFF834
FFFFF6EE
FFFFF78E
FFFFFE55
FFFFFED2
0000008A
000005FC
000001FD
0000079C
FFFFFA73
000001CF
FFFFFBB4
000002F8
00000861
00000368
FFFFFD94
FFFFFE30
00000069
000000C0
FFFFFF3C
FFFFF9AE
FFFFFE5C
FFFFF252
FFFFF0DB
FFFFFEF7
000009DB
000009A2
0000094A
FFFFFA2F
000000C3
FFFFFF27
FFFFFA48
000006DA
000002F8
00001398
FFFFFDF4
000004FB
00000AEC
00000872
FFFFF1A0
00000441
FFFFF767
FFFFF892
FFFFFB89
FFFFF554
FFFFFD11
00000AF2
FFFFFEDB
FFFFF435
FFFFFC7B
00000873
FFFFF913
00000500
0000040C
0000007B
FFFFFAAD
0000006E
FFFFEEEF
FFFFF1CF
000002A6
FFFFF670
FFFFFB35
FFFFF785
FFFFF72A
FFFFFE86
FFFFFE6A
FFFFF664
FFFFF2A3
FFFFFCEB
FFFFFD03
000004B7
FFFFFF0E
00000B64
000000B6
FFFFFBD7
000000CA
00000527
00000554
00000363
FFFFFBA4
FFFFF78C
FFFFF8BA
FFFFFA31
FFFFF80A
00000903
0000089A
00000487
00000BD5
00000155
FFFFFA02
00000248
FFFFFEDD
00000B25
FFFFF960
FFFFFE73
00000580
00000495
FFFFF9AA
FFFFF768
000007CF
FFFFFDB8
FFFFFA6F
FFFFF8AA
0000000C
000007C0
FFFFFEF7
FFFFFADC
000001E4
00000BF0
00000267
00000DE1
00000537
FFFFFFAA
FFFFF77A
FFFFF9AB
FFFFF672
FFFFFC80
00000134
FFFFFBB0
FFFFF9DE
000003FD
FFFFF450
FFFFF843
000003E0
FFFFFED0
FFFFF2B9
00000411
FFFFFE47
FFFFF5B3
FFFFFC5B
00000730
0000011E
00000038
00000327
FFFFF458
FFFFFA0C
000006BE
FFFFF374
FFFFFA6C
000003C0
FFFFFE70
FFFFFB4A
FFFFFB2A
FFFFF5B1
00000054
00000001
FFFFFBBB
FFFFFE83
FFFFFF3D
00000201
0000085E
FFFFFACA
00000B93
FFFFFF79
FFFFFB55
0000074E
FFFFFE3B
00000C12
00000D01
FFFFFFCA
FFFFF46D
FFFFFB8F
00000206
FFFFFE88
0000069E
0000008E
FFFFF588
000000BC
0000033E
FFFFF3E7
00000BF3
000005F7
FFFFF808
00000407
FFFFFE6E
000000C5
0000028B
FFFFF7C6
00000431
000007FF
FFFFFDA1
0000007F
FFFFFB9B
0000036F
FFFFFED8
FFFFFD11
0000088D
00000B11
00000594
0000000A
000003EF
00001123
00000854
000003FD
000001BC
FFFFFDD0
FFFFF508
000002DD
000005B6
FFFFF983
FFFFFA15
FFFFF867
FFFFF9DA
FFFFFF70
FFFFF5F8
FFFFF75C
00000190
FFFFFFEB
0000084D
FFFFF5E3
00000822
FFFFF7E2
0000033C
FFFFF664
FFFFF531
FFFFFEC9
FFFFF23D
00000610
000009B9
00000891
00000712
FFFFFEE9
FFFFF835
FFFFFB83
00000876
0000019E
FFFFFB31
FFFFF771
FFFFFB22
FFFFF79C
00000179
0000057B
FFFFFD5A
00000404
FFFFF98C
000009FC
00000DA6
00000263
000010D9
000007F0
0000031E
FFFFFE3A
FFFFFCB9
00000D1E
FFFFF8F5
000005BD
000002AF
FFFFFDC6
000003BD
0000015D
FFFFF3EA
FFFFF96B
FFFFF574
FFFFEFB8
FFFFF42E
FFFFF5D5
000004CC
FFFFF883
FFFFFA86
000009FF
000008D8
00000990
FFFFF6D8
FFFFFAC7
000004B4
FFFFF846
FFFFF531
000000BB
FFFFF773
00000BF3
FFFFEE8C
FFFFFC74
FFFFEFE7
FFFFF9EB
FFFFF54F
000005C3
00000B79
FFFFFC57
000005ED
0000052F
FFFFFCA2
00000319
00000FCC
FFFFFC52
FFFFFF23
00000B7C
FFFFFEEF
FFFFFBF1
FFFFFD48
FFFFF808
FFFFFD3A
0000057D
0000015F
FFFFF54E
00000296
000007DD
FFFFF869
FFFFFC99
FFFFF1AE
FFFFFC95
FFFFF8EE
FFFFF9C0
00000C01
00000534
FFFFF63D
FFFFFE8E
FFFFF2EE
00000582
00000911
0000017E
0000061B
FFFFF1E5
FFFFFEEB
00000B92
FFFFF3D9
00000699
FFFFFEE2
00000878
000003E0
000008D9
00000632
FFFFF906
FFFFF887
FFFFFB4F
0000023C
00000058
FFFFEECC
0000001F
FFFFF451
FFFFF57B
FFFFFE8E
00000B53
000007D8
0000048E
00000E1A
FFFFFDDF
0000105A
FFFFFA68
0000072B
FFFFF38F
FFFFF5BC
00000725
FFFFFCE4
FFFFF2D4
FFFFF52D
FFFFF3A9
FFFFED62
00000421
FFFFF52E
FFFFFFFB
00000D00
00000622
000001A6
00000D62
00000196
00000380
00000144
FFFFEF61
FFFFF851
FFFFF5B9
FFFFF7D7
0000090E
FFFFFDC4
FFFFFEFF
FFFFFFFE
000005C4
0000080C
000003EA
000002B4
00000975
FFFFF9F4
FFFFFF67
00000B4C
00000703
000002EC
FFFFF4A4
0000057C
0000086D
FFFFFEB2
FFFFFF04
FFFFF614
00000A4F
FFFFF871
FFFFFEAE
000012C3
FFFFFC4F
00000619
FFFFF9F8
00000098
FFFFF33A
00000E87
0000016A
00000444
0000016F
00000306
FFFFF317
FFFFFBA3
FFFFFB46
000006C5
FFFFFC48
FFFFF5E4
FFFFFBCD
FFFFF926
00000066
FFFFF43B
FFFFEDB6
FFFFFB3C
FFFFEE46
FFFFF6FF
FFFFF5C8
00000842
FFFFF5DE
00000E01
00000225
00000C19
FFFFFA7F
FFFFF73E
FFFFFC00
000009F6
00000763
FFFFFC68
000003AF
00000659
FFFFFB6A
0000001E
00000061
00000891
00000798
00000B5D
000000F9
FFFFF570
0000000B
FFFFF618
00000740
FFFFF162
FFFFF610
FFFFF1A9
FFFFFEDE
FFFFF468
00000EAB
FFFFF79E
0000096B
FFFFFF63
00000CBF
000002E0
FFFFFEE3
00000AE5
00001255
000000E8
00000C25
00000D4B
FFFFFB36
FFFFFDA1
00000B36
000015EC
0000063D
FFFFFA9F
FFFFFB5F
000002CF
00000404
00000351
0000015B
00000779
000000A2
FFFFF6CB
FFFFFA2C
FFFFFB1B
FFFFF0EA
FFFFFC3A
FFFFF98A
0000061D
FFFFFE01
FFFFF7B6
FFFFF709
00000371
FFFFFBC8
FFFFF49C
FFFFF3FE
FFFFF719
000007D9
00000607
FFFFF9B9
0000064A
FFFFF8E1
0000067A
FFFFF90E
FFFFF45F
000002D6
FFFFFA10
FFFFF88C
00000ABB
0000003F
00001018
FFFFE94C
FFFFFFD9
FFFFF540
00000457
FFFFF9D1
000002EF
000002BB
FFFFF538
FFFFFA48
000001A4
FFFFF064
FFFFFF45
000006B2
000000B0
FFFFEE62
FFFFFEF5
00000018
00000A39
00000219
00000CD1
FFFFFF4E
FFFFFF2E
00000FAD
00000A10
000003E4
FFFFFD12
FFFFF4C5
000009DB
FFFFF182
FFFFF637
0000031A
0000051A
FFFFFE67
FFFFFBFD
000001D1
FFFFECD8
FFFFF84A
FFFFFF8A
000001C6
FFFFED22
00000843
000005D3
FFFFFBFB
FFFFFD63
0000041A
FFFFFAC6
FFFFF58D
FFFFFBCD
000006D5
00000EF0
00000945
000002FB
00000A1F
000008D1
000006B0
FFFFF63A
FFFFF2EC
FFFFF1E8
FFFFF82E
00000C13
FFFFF590
FFFFF9A0
000007E4
000004CD
FFFFF75E
FFFFF99B
00000E0A
0000083A
000003F1
FFFFF95A
FFFFF551
00000BA0
FFFFEDED
FFFFF2BA
FFFFF2BF
00000A39
FFFFF9C2
FFFFF646
FFFFF6BA
FFFFEE12
FFFFF1E6
0000096D
FFFFFE8C
FFFFFCE0
FFFFFE9D
FFFFFAE6
FFFFF90B
FFFFF97C
FFFFFDD0
00000B99
FFFFFDC0
00000577
FFFFFD2F
0000030E
00000607
FFFFFBE5
FFFFFF57
000000C5
FFFFF284
00001074
00000567
FFFFFB57
FFFFFF12
FFFFF8BF
FFFFF073
FFFFFAE2
000006DC
FFFFF3B1
FFFFF59C
FFFFF822
FFFFF83C
FFFFFA92
FFFFFD30
FFFFF535
FFFFFB1B
FFFFFDC1
0000097E
FFFFFAD3
000003BE
0000010A
FFFFF8C8
FFFFF5EC
FFFFF672
00000792
00000CAD
00000B99
FFFFFC0C
00000B2E
000008B5
000000E2
FFFFF885
FFFFFC5E
00000468
000008F8
000005A1
0000024B
FFFFFF44
FFFFF515
000005EA
FFFFF747
00000243
FFFFF1F2
000009B3
FFFFF743
FFFFFC79
FFFFF9F8
FFFFFE7A
FFFFFCCB
FFFFF5FA
FFFFF824
000008B1
000006A4
FFFFF600
FFFFFE63
FFFFF689
000000F1
FFFFFE5E
FFFFF1B4
FFFFFD56
FFFFF367
00000310
FFFFF14F
000009E5
00000ADE
00000A48
000008E9
00000C30
FFFFF919
FFFFF563
FFFFF890
FFFFF3EF
0000049C
FFFFF54E
FFFFFE61
FFFFEFDD
FFFFF9F4
FFFFF856
FFFFFD1B
0000017C
FFFFF879
FFFFF10C
FFFFF841
FFFFFF87
FFFFF8CB
FFFFFF83
00000753
00000779
FFFFF170
00000135
00000A6A
FFFFF507
FFFFFE92
FFFFECAB
FFFFEDA2
FFFFE8CE
FFFFEA84
FFFFFBCE
0000024B
FFFFFD83
00000B1F
FFFFF8F2
FFFFFE9E
0000031E
0000043A
000008BE
00000638
FFFFF33A
000006E6
00000399
00000AB0
FFFFF035
FFFFFAF3
FFFFEDD9
00000025
000009EA
FFFFF78A
FFFFF1FE
FFFFFB09
FFFFF6C4
00000342
FFFFFB89
FFFFF493
FFFFEFA1
FFFFF9BA
FFFFF8C6
000004D8
FFFFF161
00000D7D
FFFFFE86
00000C69
00000592
00000540
FFFFF933
00000032
FFFFFE35
FFFFFC2E
FFFFF6B6
0000040D
000000DF
00000392
FFFFF923
00000648
00000CD5
0000088A
FFFFF704
FFFFF699
0000007C
0000033A
FFFFFFB4
00000126
FFFFF69B
FFFFFF11
00000882
FFFFF789
000002BD
00001475
0000038C
FFFFFE80
FFFFF760
FFFFF5D5
FFFFFCB8
FFFFFD44
FFFFF858
00000228
FFFFF8FD
FFFFF979
00000691
FFFFFFE8
0000039E
000008AB
FFFFF9E1
000006C0
00000775
FFFFF342
00000314
0000037C
FFFFFCE4
00000C63
FFFFF5AB
FFFFF91D
00000833
FFFFF48B
00000462
00000191
FFFFFBF0
FFFFFC7F
00000639
FFFFF33D
FFFFFA5E
00000AEA
000001D7
00000E2D
000000EF
00000421
000008E9
FFFFFA88
FFFFFEB6
00000569
FFFFF3EA
00000A8A
000009DB
00000C2E
FFFFF491
FFFFF182
000004EC
00000493
FFFFF035
00000153
00000587
FFFFFE44
FFFFF704
FFFFF7FF
FFFFE86B
FFFFF97A
FFFFFB40
FFFFF5B7
FFFFFDA4
FFFFF394
FFFFF855
00000123
FFFFF4E0
FFFFF808
00000891
FFFFFB78
000006CB
FFFFFB3F
FFFFFB82
FFFFFFE1
FFFFFAB1
00000280
FFFFFC71
000010E3
FFFFFCF6
000000BB
00000CAC
00000101
FFFFF3FF
00000928
0000045C
00000360
FFFFF749
FFFFF49E
00000A00
FFFFFEA0
FFFFFE2D
000001B8
00000EE9
FFFFFB9E
FFFFF5E5
0000010B
0000056C
000001DE
00000D71
000002FD
00000EBF
FFFFFF2D
00000998
00000C29
FFFFF9FD
000004FF
FFFFFE27
FFFFFF8B
0000072C
FFFFF53B
FFFFFA69
FFFFF680
FFFFF97B
FFFFFCAB
FFFFEFD6
000002A9
00000B31
FFFFFAE8
00000EA6
000003B6
FFFFFFF1
FFFFF78B
FFFFF200
0000053F
00000D7A
0000005A
0000006A
FFFFFABF
FFFFFDAD
00000379
000003E6
000002E2
0000158B
FFFFFF65
00000292
0000051C
00000A02
FFFFF9D7
00001971
00000533
00001717
000007B9
FFFFF529
FFFFF306
FFFFFC51
FFFFF57F
FFFFF19C
000006F1
FFFFF970
FFFFFBE5
000004F7
00000342
00000E41
FFFFF51E
FFFFFAD1
00000A5C
FFFFFA78
FFFFFCF9
FFFFFAEB
FFFFF44D
FFFFFDBE
FFFFF9B0
0000005D
0000072C
FFFFFA53
FFFFF455
FFFFF85E
00000431
FFFFFA71
FFFFFCD4
FFFFFCBC
000001A7
FFFFF99F
FFFFFB99
00000037
FFFFFEE6
FFFFFA7C
000003E7
000001B7
000005B2
FFFFF2F6
FFFFF67B
FFFFFE1F
00000588
FFFFF81D
FFFFF889
FFFFFB22
FFFFFE2E
FFFFFBD8
0000028E
FFFFF5B3
FFFFFBB0
00000061
00000763
0000029B
FFFFFFFA
FFFFF993
00000010
0000043F
FFFFEF91
FFFFF577
FFFFF4FB
00000302
00000D4F
00000C9E
00000093
0000072E
FFFFF9E0
FFFFFD3D
FFFFFF3B
FFFFFD5E
FFFFFC3E
00000C80
000006D2
FFFFFF30
FFFFFE54
00000272
00000D01
00001159
000003B8
FFFFF211
FFFFF8E3
FFFFFB0C
FFFFF971
FFFFF796
00000314
00000712
000003E1
FFFFFDCF
0000056F
FFFFF496
00000AEC
FFFFFE40
FFFFFD47
FFFFF849
FFFFF04C
FFFFF91A
FFFFF81E
00000669
000009AB
FFFFFFCA
000010D8
000007C8
000004B5
00001A74
00000BD9
000001FF
000008D1
0000032B
00000456
FFFFFD92
0000031E
FFFFFCB2
00000341
FFFFFF74
FFFFFC8D
FFFFF8AB
FFFFFA64
FFFFEF75
000003B4
FFFFFFCA
0000003E
00000091
FFFFF953
FFFFFAEC
FFFFF1F8
FFFFF47C
00000D02
00000077
FFFFFBC7
00000BE0
FFFFFBE4
00000725
0000045B
000005AB
00000D18
00000858
FFFFFEB9
0000047E
00000791
FFFFFED8
0000145F
00001017
0000047E
FFFFFBEF
FFFFFC0C
00000314
00000A79
FFFFF838
FFFFFDD3
FFFFFFD4
FFFFFFE3
FFFFFB76
000013EE
000000B6
FFFFFD5B
FFFFECC4
FFFFF9DF
00000BDC
FFFFFDB1
FFFFFF6A
FFFFF01B
FFFFEFA7
00000719
000005D8
FFFFFE11
FFFFFFEF
000003D0
0000043D
000009EC
0000009F
000005DE
FFFFFB47
00000926
FFFFF928
000004F6
FFFFF534
00000383
FFFFFD9E
000005E9
FFFFF39C
FFFFF9C5
FFFFF309
FFFFF9F2
FFFFFC73
00000601
000008F4
FFFFFEA9
FFFFF8C9
FFFFFD15
FFFFFCCE
0000044B
00000D38
00000B39
00000AF6
FFFFFC69
00000CD6
00001141
FFFFFD2B
00000E86
0000029C
000006C4
000008B3
FFFFF592
00000459
00000DFE
000004D0
000015F2
FFFFF86D
000002B5
FFFFED63
FFFFFE44
00000006
FFFFF7EB
000006E8
00000D9A
FFFFFC0A
FFFFF66C
FFFFF3CE
00000057
FFFFFC7A
FFFFFCC7
00000CC3
FFFFEEA6
FFFFFEA0
FFFFF355
FFFFF452
00000472
FFFFFF3E
0000061C
FFFFF757
FFFFF72C
FFFFFD1E
000006C5
000007FD
FFFFF724
00000DB6
000007D4
FFFFF8A8
FFFFF486
00000DB9
0000095E
0000015F
000002F8
FFFFF82A
00000EB9
00000AF3
FFFFFA97
00000E80
FFFFFCD7
00000A40
0000049D
00000A85
FFFFFED4
FFFFF5A5
FFFFF14C
FFFFFE59
FFFFF7B3
00000A94
FFFFFCA5
FFFFFC4F
000006E4
FFFFF7CF
FFFFF5EB
0000060A
FFFFF921
FFFFFD27
000001A8
000008EC
FFFFEFFE
FFFFFD02
000007A0
00000309
FFFFF857
FFFFFF78
00000E51
00001171
0000002B
0000080F
FFFFF639
FFFFF3CF
0000078D
00000E11
FFFFF7BC
00000901
0000049D
000007D9
FFFFF958
FFFFF6CB
FFFFF3BD
0000048C
0000040D
00000343
FFFFFADD
FFFFF6CB
FFFFF294
FFFFFBDF
00000942
0000051E
0000009A
FFFFFC15
00000A2B
0000026C
FFFFF48B
FFFFFE4E
FFFFF960
FFFFF5BB
000011BD
000006DE
000010FB
FFFFF882
000007E8
FFFFF18D
00000092
00000424
FFFFFF43
FFFFFC44
00000A3E
000007E1
FFFFFA24
000007C5
000007D5
FFFFFF5C
FFFFF585
FFFFFF1A
0000069A
00000421
00000D7E
00000954
FFFFFAAF
00000538
FFFFFE85
FFFFFFF4
000002AF
000004B2
00000CA3
00000BB9
00000554
000004CF
FFFFFF8E
00000A3D
FFFFF656
FFFFF3DB
00000477
0000042B
FFFFF92D
000001DE
00000A03
0000014E
FFFFFD92
000000D1
FFFFFDA3
00000064
FFFFF230
FFFFF6C3
000009AF
FFFFFCA1
0000081F
FFFFFFCA
00000365
FFFFECCC
FFFFFD56
0000068B
00000796
FFFFF931
00000758
00000266
FFFFF902
00000028
FFFFF72A
00000571
00000CB5
FFFFFE4D
000006ED
000006F6
00000EB5
00000887
0000092F
00000861
FFFFF8E8
00000B9A
00000976
00000C7B
FFFFF8C5
FFFFFCD5
000004F5
00000216
00000BC8
FFFFFB79
000004F4
00000199
FFFFFAAE
FFFFFDAC
000008C1
00000132
000007F3
FFFFFD70
FFFFFED6
FFFFF38F
00000A42
FFFFFD57
000002B0
00000D69
FFFFFE45
FFFFF4F6
00000705
FFFFFBE9
00000817
00000FA5
00000DA2
00000341
FFFFF5B0
00000C0E
FFFFFD05
FFFFFB3D
000000DE
00000B52
000004B7
FFFFFE4E
FFFFFA43
FFFFF78A
00000D92
FFFFF4C9
000011A7
FFFFFE75
00000003
00000A38
00000466
00000848
FFFFFFA3
00000D96
FFFFFC91
000004CB
00000473
FFFFF463
000000F6
FFFFF4D9
000006EC
FFFFF557
FFFFF839
00000973
FFFFF5F2
000005C5
00000694
00000611
0000002F
FFFFF22B
00000D2A
FFFFFB84
FFFFFB98
FFFFFD10
000003C6
FFFFFC1F
FFFFF860
00000B05
00000639
000001B6
00000672
0000029C
FFFFFEF8
00000628
00000C50
00000A05
0000095D
0000023C
000004F3
00000166
000003BC
000005E0
00000762
00000C7E
FFFFF52F
000006E8
FFFFF10B
0000034B
FFFFF960
00000D97
FFFFFF91
000009E9
00000326
0000069A
FFFFEE52
00000448
FFFFEB00
FFFFF8D7
FFFFEEE0
00000525
FFFFF652
00000182
0000072F
000006AD
FFFFE9AB
00000CEF
000004FB
FFFFF8DA
00000A97
00000405
000001C7
0000085D
FFFFF570
FFFFFD4D
000001FC
FFFFF3EC
FFFFF801
00000213
FFFFF8D9
00000020
00000C25
000005DC
00000591
FFFFF438
FFFFFF53
FFFFFA45
FFFFFA7E
FFFFECC3
0000093B
FFFFF404
000009D3
FFFFFA19
00000DDD
FFFFF5F9
FFFFF36B
00000DF6
000000D9
FFFFF2E5
FFFFF3EF
00000C33
FFFFF5DF
FFFFFEC7
00000340
FFFFEF11
FFFFF916
000008C9
FFFFF873
FFFFECF6
FFFFFBD1
00001306
000001EA
FFFFF1B8
00000063
FFFFFA7B
00000516
000016AB
FFFFF675
FFFFF9B3
00000BC5
00000447
000004F8
00000419
00000DF0
FFFFF876
FFFFF4EE
FFFFF737
00000460
FFFFFF2F
FFFFEB1B
00000865
FFFFF5A6
FFFFF759
FFFFF219
00000690
FFFFF982
FFFFF505
FFFFF19E
000000A6
000007A3
0000013D
000004D4
FFFFEAEE
000002B9
FFFFFB4F
FFFFF69D
FFFFFD09
0000127F
FFFFFECA
FFFFED12
000001E8
FFFFFD3D
00001184
000003C1
FFFFFA5D
FFFFF8B6
0000042C
00000A28
FFFFF849
000007BA
00000637
FFFFEEB7
0000038D
FFFFF2BC
FFFFFE37
00000AA5
FFFFFBAD
FFFFFD61
0000086B
FFFFFC50
FFFFFFFB
00000A5C
FFFFF96A
FFFFF511
FFFFFBBE
000004FE
000006EA
FFFFFCA5
000011B0
FFFFFB2C
0000046C
FFFFFE2F
FFFFFCB1
00000ACF
000012DE
00000255
FFFFF7CB
FFFFF24A
FFFFFF9B
FFFFF33B
FFFFFDE3
FFFFF5A6
FFFFFBCB
FFFFFFB6
000005A7
FFFFF9F9
FFFFF4C2
000012FF
00000626
000004B5
FFFFEFDD
000014D1
0000145A
000001F9
0000029B
FFFFF932
00000B8E
00000121
00000A14
FFFFFEAD
00000B39
000000D5
FFFFF878
FFFFF305
FFFFFFFD
FFFFF953
000005BE
FFFFF74F
000004BA
00000632
FFFFF267
FFFFFDCF
00000092
FFFFFBCA
0000078F
000004E2
FFFFF40E
FFFFFC4C
00000353
000007A7
00000A65
0000043F
FFFFECA2
000012CD
00000611
FFFFFBA4
00000252
FFFFFC3A
00000675
FFFFF573
FFFFFE5A
00000553
0000050D
FFFFECDE
000002FD
FFFFFDA3
FFFFFD5B
FFFFF4AF
000001F8
0000028D
FFFFF4F6
00000B14
FFFFF9D9
000004B6
00000AFA
000004F9
00000B3C
00000F26
000009C5
000007FE
FFFFF52D
00000130
FFFFF850
00000FA2
0000012B
FFFFFA36
00000E95
00000F24
FFFFF4E0
00000AF2
FFFFF0D0
00000D58
000009CE
0000062E
00000676
FFFFF7AD
0000033A
FFFFFB5D
FFFFFB5D
0000015A
FFFFF472
FFFFF4DF
000015D3
000000A8
FFFFFA53
00000C9A
FFFFFD77
000008B0
FFFFEC28
000003F6
0000147B
FFFFFEA8
FFFFF04B
000009C2
00000D9C
FFFFEAF3
00000283
FFFFF0A5
0000029E
FFFFEDEC
00000BCF
FFFFF27D
FFFFFA77
FFFFFB65
000012C5
FFFFF3A4
FFFFFD36
FFFFF198
00000EF2
FFFFEFDE
00001353
00000D45
00000D3F
00000D2A
000003E7
FFFFF3EE
FFFFF8A7
000002DE
00000857
FFFFFA67
FFFFFE4C
0000089B
FFFFED9B
00000904
FFFFF739
000000A0
FFFFF564
0000052F
FFFFF819
000003E6
000007E6
000000C8
FFFFFD64
00000670
FFFFEDFC
000006B1
FFFFF7C8
000003CC
FFFFFC95
000006F0
FFFFFDE9
00000741
00000FEE
00001A5E
FFFFF3B2
000013F4
FFFFF82C
0000017C
FFFFF689
FFFFF602
00001125
FFFFF86C
FFFFFCA5
FFFFF7F3
000010CC
000004F7
FFFFFD42
FFFFFB13
FFFFF654
000017DD
FFFFEFFE
00000CF9
FFFFF6E4
00000FD3
000007BC
0000043D
FFFFF7D9
0000027B
00000C46
0000031A
00000713
FFFFF758
FFFFFA72
000010D9
FFFFF36B
000008A9
00000B43
000006D7
00000359
00000369
FFFFFC13
FFFFF1FB
00000651
FFFFF744
FFFFF87E
00000394
000003EF
FFFFF8A0
FFFFF585
000009BF
FFFFE848
000007E6
FFFFFCF1
FFFFF7A1
FFFFFA7D
00000FE1
00000464
FFFFF73B
0000078A
FFFFEB81
FFFFF369
FFFFFF16
FFFFE507
0000023C
00000A61
FFFFFBC3
0000094D
00000C70
000005FA
FFFFFC36
0000067C
00000490
FFFFFE9D
FFFFFB9A
00000EB1
0000008D
FFFFFE67
FFFFFA2A
00000928
FFFFF108
000000D6
00000B1D
FFFFF91A
0000037F
FFFFFB0F
0000061E
FFFFF888
FFFFF3EA
0000099E
FFFFF70B
FFFFF9B7
00000C76
FFFFF7E5
00000404
00000A2A
000009E6
0000107B
FFFFFE47
FFFFFF76
0000042B
FFFFF3EA
FFFFF205
00000451
FFFFF59F
FFFFF157
FFFFEEB2
FFFFFE96
FFFFFB7F
00001AC8
0000007D
0000125A
FFFFF700
0000097A
FFFFFC8F
00001419
00000345
00000B9F
00000103
FFFFF739
FFFFF6F0
FFFFF12D
00000A15
FFFFFEDA
FFFFF7FD
FFFFF4A9
FFFFF2DD
0000003A
FFFFF86C
FFFFF222
000001A7
FFFFFFAB
FFFFF72A
00000187
0000097D
FFFFF75F
FFFFFDE2
000009A1
00000B05
FFFFFDF9
000008A4
000003A4
FFFFF266
0000092F
000003D5
FFFFF7A9
FFFFF5BE
FFFFF8F3
000002B6
000001A5
FFFFFF93
FFFFF7AB
FFFFFF0A
FFFFF459
FFFFFA13
0000109E
00000AE2
FFFFFF5B
FFFFFD26
FFFFF2E2
FFFFFF95
FFFFF797
00000A54
FFFFF445
00000306
00000D6A
FFFFF7ED
FFFFEDAE
00000846
FFFFFF35
000005A8
0000023D
FFFFF499
00000E54
FFFFF8AB
FFFFF42F
00000326
FFFFFCD2
FFFFF174
FFFFFEA6
FFFFF688
00001240
FFFFF085
FFFFF908
FFFFFF02
FFFFF217
0000118C
00000C8C
FFFFFD10
00000340
000009BA
FFFFF8D1
FFFFFD14
FFFFF340
00000E81
FFFFFAB3
FFFFF0A0
FFFFF6F5
000006FA
FFFFF8E8
FFFFFFFC
000011F3
00001731
FFFFEFAC
000000A3
FFFFFEAA
000002EF
0000118B
FFFFF085
FFFFF2C9
FFFFFD6A
000001F4
0000001E
FFFFF9CD
00000090
FFFFFCD6
FFFFFFF6
FFFFEEBC
0000109F
FFFFF28A
FFFFFEAF
0000003D
000007E0
00000267
000000D0
FFFFF8C1
00000126
FFFFFC01
FFFFEF75
FFFFFE5A
00000BA4
FFFFF633
FFFFEC1D
00000B82
FFFFFAE4
FFFFF64C
00000951
FFFFFAF2
000002D4
000007C9
0000031E
FFFFF8EE
000007C3
000007D4
FFFFF5F1
FFFFFF59
FFFFF32C
FFFFFE23
00000530
00001038
FFFFFD16
FFFFF5DA
00000BFD
FFFFF21E
FFFFFA84
FFFFFDFC
FFFFF3EA
00000D89
00000265
FFFFEF1F
0000051B
0000037C
FFFFFACB
000003F7
0000062D
000008D8
FFFFF3FA
00000372
000005C8
000008AC
FFFFFAD1
FFFFF365
00000331
FFFFF954
00000584
FFFFFB83
FFFFF170
00000315
FFFFF887
FFFFFFB8
FFFFF9F6
000005DC
FFFFEEFF
000016CB
00000D1B
00000CCF
00000799
00001077
FFFFFCC4
FFFFF68C
FFFFF603
FFFFFF26
00000F79
00000BEB
00000B85
0000046A
0000015D
FFFFF8DD
FFFFF947
FFFFFEB2
000004E7
00000503
0000049A
000008AC
00000126
FFFFFD7A
00000747
00000144
FFFFF837
FFFFF98E
000007BB
FFFFFB34
0000080C
0000006B
00000662
FFFFFA76
0000061E
FFFFF950
FFFFFCC8
FFFFF413
FFFFF843
FFFFFB03
00000CB7
0000060E
000005B7
FFFFF592
FFFFFC4E
000000DE
FFFFF4B2
FFFFF822
0000052A
FFFFFC24
FFFFFC5F
0000008F
FFFFF291
000002F6
FFFFFC3C
FFFFFC41
000005A5
FFFFF254
FFFFF908
0000028B
00000302
000001C1
000000FF
000003E9
FFFFFF26
FFFFFBF7
00000224
FFFFF63E
00000155
FFFFFD2A
000006B5
0000003B
FFFFFF80
00000A43
FFFFF791
FFFFF71E
00000589
00000195
00000887
FFFFF993
00000887
FFFFFA2A
0000037D
00000AAE
FFFFFEAD
00000769
000007AB
FFFFFB9E
FFFFF792
FFFFFBAA
0000095B
00000A3B
000005EA
00000B2B
0000078E
00000F44
000007E5
FFFFF3E1
00000482
00000416
00000449
000005C0
00000AB2
FFFFFFBA
0000045C
000004BD
000007D8
000007CD
FFFFF64D
000008D1
0000030D
00000869
000003DC
00000E24
00000642
00000202
00000515
000001FD
0000038C
FFFFFFFF
000009FA
00000100
00000608
FFFFFE08
FFFFFEB1
FFFFF414
FFFFF262
00000427
00000B02
00000CC9
FFFFF9DA
00000ADE
FFFFF8C7
FFFFF7AE
000004E2
FFFFFC8C
FFFFFD13
000001F9
FFFFFDC9
000001B2
FFFFFAD9
FFFFFA12
00000F93
00000682
00000472
00000874
FFFFF813
FFFFFAE1
00000E6E
00000336
0000075E
000003D0
FFFFFC2A
000002FA
FFFFF825
0000025F
00000478
00000778
000007CB
0000035C
FFFFFBC7
00000248
00000217
FFFFFC96
FFFFFF21
FFFFFFAA
00000804
FFFFFA50
FFFFF8DF
FFFFF55E
000006CE
FFFFF394
FFFFF84E
00000524
FFFFF55A
FFFFFB49
000001A6
0000017C
FFFFFD6F
00000483
FFFFFACF
0000016C
0000130A
00000646
FFFFFDD3
0000047E
00000842
FFFFF850
FFFFF9BA
00000971
FFFFF7A2
00000512
FFFFFA0E
0000101D
00000100
00000883
00000713
FFFFF913
FFFFFBA0
FFFFFE97
FFFFFB6D
00000584
FFFFF7F2
000004FD
0000014D
0000080C
FFFFF615
000007C8
00000073
00000E60
FFFFF935
00000BBC
00000D47
0000027D
000005C9
00000768
0000099A
000004AD
00000290
FFFFFAA2
FFFFFEE1
FFFFFC2D
00000177
FFFFFAEB
00000684
00000937
FFFFF941
00000AF8
FFFFFBB0
FFFFFADA
00000EBE
000000B8
FFFFF778
00000318
FFFFF6FA
000004E4
00000344
0000011C
FFFFF22E
FFFFF34D
FFFFF7F0
FFFFF5D3
000007CA
000002C1
FFFFF598
FFFFF8AB
FFFFFD74
0000009E
FFFFFD4B
FFFFF264
FFFFFFF5
FFFFFF7B
FFFFFA94
000003DC
0000010E
000002A0
00000194
00000E60
FFFFFB59
000004AE
FFFFF849
0000022E
000006B2
00000015
0000045B
FFFFF3FA
FFFFF5F9
0000099F
FFFFF8D3
FFFFFD7E
FFFFFA52
FFFFFD97
FFFFF720
0000052F
FFFFFE25
FFFFF900
00000B62
000004BB
000006BB
FFFFF871
FFFFFCAE
FFFFFEE5
FFFFFEA0
FFFFFDF5
00000975
000006E3
FFFFFAAC
FFFFF741
FFFFFA41
FFFFF68C
0000081B
000000C3
FFFFFB97
00000005
000001F0
FFFFFE90
000001C7
FFFFFF6E
FFFFF2E4
00000273
FFFFFACF
000006C6
00000760
0000098D
FFFFFB82
FFFFF6CF
00000919
FFFFF5EF
FFFFFDB9
00000B4C
00000EF3
00000D47
0000028F
00000036
FFFFFE1C
FFFFFFDD
FFFFF629
FFFFFB04
000002A6
000000C1
00000528
000004A0
FFFFF2C1
FFFFFC0C
000000A5
00000D9F
0000120E
000008AB
FFFFFFEA
FFFFF601
000006C3
FFFFFCFD
FFFFFE11
000002F4
000009F3
0000051D
00000087
FFFFFC30
FFFFF863
000002AF
FFFFEF97
FFFFF659
0000045F
FFFFF7B6
FFFFFDCF
FFFFF4BC
FFFFFC25
FFFFFB7C
FFFFF827
FFFFF617
FFFFF24D
00000674
FFFFF261
FFFFFDD8
FFFFF280
FFFFF66B
000000CB
FFFFF8FE
FFFFF8FD
FFFFF547
FFFFFBEB
FFFFFD1A
000009BB
00000AEA
FFFFF88E
FFFFFEBB
FFFFFC59
0000051F
FFFFF8E9
FFFFFD68
000005ED
FFFFF9F0
FFFFF3E0
FFFFFCA1
000001CD
00000191
FFFFF894
0000011B
FFFFFCFB
0000032D
FFFFFC34
FFFFFDCC
000009FA
000000AD
FFFFFBBD
00000615
000007CD
FFFFFF22
00000853
00000602
0000004C
00000D7F
000000AA
00000376
FFFFF617
FFFFF5F6
FFFFF532
FFFFFB05
FFFFF2CC
00000240
FFFFFB85
000003A6
00000108
00000C3F
00000E8B
00000E66
FFFFFDC1
FFFFFF85
FFFFF9FC
FFFFFC82
FFFFFA84
000006FC
00000857
000004A8
FFFFFE60
00000499
FFFFF72B
FFFFFD7D
00001405
00000533
00001302
FFFFFFF1
FFFFFC14
000003C7
00000043
00000789
000002A3
000006D5
000008D3
000000B4
FFFFFEF8
FFFFFEC0
FFFFF699
000001AB
0000056C
FFFFFB68
FFFFF6F9
FFFFFAE4
FFFFF660
FFFFF9BE
00000393
000002B1
00000A55
000005FF
FFFFF9C2
FFFFFFA8
FFFFFF96
00000D9F
FFFFF9A4
FFFFF5AB
FFFFFBC4
FFFFF4C1
000000EF
000002E3
FFFFFE6E
FFFFF3F1
FFFFF99F
FFFFF25B
FFFFF84A
00000B6B
000007FB
000006BD
FFFFFC13
00000351
000000ED
FFFFF5DD
FFFFF929
FFFFFAC1
00000582
FFFFF95E
000005D7
00000B2C
FFFFFF02
FFFFFCE4
00000397
FFFFF80B
FFFFF394
00000119
FFFFFE70
FFFFFB5F
FFFFFB32
FFFFF5E6
FFFFF5CF
FFFFF7F3
00000A4E
000009E3
00000027
FFFFF89D
FFFFFC76
FFFFF9BB
0000066B
0000058C
000001B2
FFFFFEE1
FFFFFCA5
FFFFFDC4
000008A3
FFFFFE3D
FFFFFFEA
00000FB1
000001E1
0000048D
000004A2
000004D0
FFFFF8CD
FFFFF852
FFFFF830
FFFFFFF8
FFFFF8A3
FFFFF27C
FFFFF2D8
00000537
FFFFFEF6
FFFFF346
FFFFF222
FFFFF707
FFFFF515
FFFFF986
FFFFFE13
FFFFF9F0
000000E6
0000080F
FFFFFF1E
000005DF
FFFFF3E6
FFFFF6FF
00000248
FFFFFCE5
FFFFFE5B
FFFFF615
0000063F
FFFFF4A7
00000023
FFFFFB73
0000076C
000000D1
FFFFFC91
00000355
00000444
FFFFF5AC
0000071D
0000031C
000000B0
FFFFF76B
000001D9
FFFFFADE
FFFFF6C5
FFFFF62E
00000857
FFFFF0F6
00000944
00000189
FFFFFA4D
00000982
000007E5
FFFFFCAC
000004E2
00000BA9
00000B58
000006A5
0000049A
FFFFF788
000001C2
0000023E
000008E8
FFFFF746
000001EA
FFFFF48F
000001A1
FFFFF768
FFFFF992
00000951
0000026E
FFFFFAD4
000003B6
00000B20
00000A36
FFFFF649
0000023D
00000267
0000091B
0000057C
00000687
00000CFE
00000056
FFFFFE04
FFFFF7A6
FFFFF084
FFFFFC57
000000EE
00000EB2
000009DD
FFFFF858
000005A2
FFFFFA2E
00000B6A
000010D6
FFFFFB74
FFFFFC20
000000A0
000000F6
0000067F
00000205
0000036D
FFFFF8CB
00000C89
FFFFFC75
00000B55
000006B5
00000078
000004E7
0000078A
FFFFF89E
FFFFF2D6
FFFFFCF5
FFFFFE67
FFFFF336
FFFFF74B
FFFFEE2C
FFFFF631
FFFFF73D
FFFFF489
FFFFFDDF
00000A87
000004C7
FFFFF659
00000185
00000CF1
0000037B
FFFFF646
00000871
FFFFEF8B
0000051B
FFFFF076
0000076C
00000DB4
FFFFFA24
00000F53
FFFFEC6A
0000097C
0000064A
FFFFFB0C
FFFFFFAB
00000B03
FFFFFDBB
000009C7
00000118
000003B9
00000125
000012B9
FFFFFFDD
FFFFF60A
00000644
00000045
FFFFEE2F
00000C11
FFFFF3CB
FFFFFFDE
FFFFF132
FFFFF589
FFFFF611
000001C3
000006FC
000003CE
FFFFF130
FFFFFA09
000007D2
00000F17
0000099F
000003BF
FFFFF98F
0000045D
FFFFFDC3
00000973
FFFFF89B
FFFFF75D
000004F4
000000F3
FFFFF520
0000060C
FFFFFF17
00000FD3
00000EDE
FFFFF9CF
FFFFFB6B
000002C4
FFFFF1F1
FFFFF558
FFFFF960
0000063D
00000839
0000029A
FFFFF777
FFFFF3FE
FFFFFAD6
0000030C
FFFFF91C
FFFFF4DC
FFFFEC3F
FFFFF681
FFFFFF57
000009DC
FFFFEF04
FFFFFCDE
FFFFF0C9
FFFFFB8B
000002C0
FFFFF3B5
00000A1A
000000F8
00000A9C
FFFFFD8B
FFFFFFAD
0000102C
FFFFF35B
00000ABD
FFFFF49D
00001242
000007FB
0000069E
00000E96
FFFFFB6D
000012CA
000001D5
FFFFF59D
00000145
00000A6B
FFFFF789
00000C33
00000A30
FFFFFE93
FFFFF624
000005DB
FFFFF356
0000051E
FFFFEB5E
00000129
FFFFEE06
000006DD
FFFFF138
000000B0
FFFFFE5F
0000013B
FFFFEBFD
FFFFE902
FFFFF8FE
FFFFF786
0000025B
FFFFFA64
FFFFF080
00000202
000001A3
000001B0
FFFFF867
00000203
FFFFEF0F
FFFFF755
00000A25
FFFFF85F
FFFFFA79
000003CC
0000080F
00001D4D
0000007E
FFFFF449
00000496
FFFFFE20
FFFFFB2D
FFFFFA28
00000E37
FFFFFAEE
FFFFECCC
0000036C
FFFFF555
FFFFF67D
FFFFFCE7
000003B2
00000BEF
000002CB
FFFFEF70
FFFFF155
FFFFFE16
00000977
000002FE
0000087F
00000CF1
00000331
00000008
00000EC7
FFFFEF3A
000004F8
FFFFF43A
00000E11
000004BC
00000E0B
FFFFF7DD
FFFFF65E
FFFFFEBE
FFFFF47E
000005C1
FFFFF76C
FFFFFAA0
FFFFF540
FFFFF328
00000733
000007E7
FFFFF9F6
0000058B
FFFFF398
FFFFF38C
FFFFF66F
00000555
FFFFFEF2
FFFFF639
00000585
00000D18
00000328
FFFFF5F2
FFFFF1A9
FFFFF0CD
00001481
FFFFFD5D
0000054A
00000437
FFFFF6EB
FFFFFBD0
00000F93
FFFFF842
FFFFF9C0
FFFFF9F2
00000FEF
00000ECB
000008FA
00000C30
FFFFFC4D
0000092E
000000E6
FFFFF8F2
FFFFFE84
FFFFF97A
FFFFF70B
00001B00
00000AA5
00002006
0000089E
000000DA
FFFFF863
000001FA
FFFFFFF9
FFFFF45E
000004D2
00000AA7
000004B5
00000D9F
FFFFF4CA
00000500
FFFFF59B
FFFFEF9E
FFFFF8E2
FFFFFA78
00000A0C
FFFFF7E7
FFFFFE12
00000428
FFFFF75A
000004FC
FFFFFE8F
000014B9
FFFFFEC4
00000B6E
FFFFFBE0
000014C1
000016BB
00000DED
FFFFFC5B
00000E32
FFFFFA54
0000065C
00001139
FFFFF6F3
00000D23
FFFFF2DB
000007AB
00000509
FFFFF784
0000035D
FFFFF7F7
FFFFF56C
0000101D
00000BBA
FFFFF8C9
0000043A
00000745
FFFFEA96
00000E19
FFFFF721
00000257
FFFFFC05
FFFFF62E
FFFFF4EB
FFFFF083
FFFFFAE9
00000834
000000B9
000021CB
00002682
00001F4B
FFFFF7B1
FFFFFE9C
FFFFFE98
0000108C
FFFFFDF6
0000017B
FFFFFE6A
000012FB
00000A33
FFFFF4D3
FFFFFE57
00000242
FFFFF2D4
FFFFFB26
FFFFFDE7
FFFFECDD
000010CF
00000011
00000916
FFFFEF52
00000569
0000030F
FFFFF242
00000713
000009E7
00000224
00000FD5
FFFFEEB9
FFFFFAD7
FFFFFF1C
00000D4E
0000086B
FFFFFF73
00001739
FFFFFDE0
0000020E
00000E43
00000FAF
FFFFF410
0000064D
FFFFF737
000000BE
FFFFFEAB
000000F8
000002CE
FFFFFB20
FFFFEFD9
0000018A
00000133
FFFFFE23
00000661
00000C45
0000022D
000008CF
0000092B
00000602
FFFFED0A
FFFFF76A
000004C1
FFFFFCDA
0000057D
FFFFF18D
0000060E
00000344
FFFFF58D
FFFFF8FC
00000165
FFFFFAE2
FFFFEB98
FFFFF502
FFFFECC1
FFFFFE29
00000032
00000926
FFFFECC7
000000E5
00001388
00000536
00000247
FFFFEC09
000012F6
FFFFF50F
00000320
FFFFF7CD
00000590
FFFFF38D
FFFFFF93
FFFFEB7E
FFFFFEA0
FFFFF5E9
00000FCF
FFFFF67A
000005C4
0000084B
00000733
00000506
FFFFF416
FFFFFFF1
FFFFF23E
FFFFFE89
FFFFF879
00000447
FFFFF2BA
FFFFEB71
0000047E
FFFFFD84
FFFFF709
00000214
FFFFEF8E
FFFFF9B0
00000264
FFFFF344
FFFFF4AC
000006C6
FFFFF740
FFFFEB13
00000077
FFFFF347
0000039A
FFFFFA36
FFFFF505
FFFFF3CD
FFFFF66A
FFFFF464
0000027E
00000E5A
FFFFF5CA
FFFFF778
FFFFE9D9
FFFFFD64
0000045D
FFFFEE11
00000148
FFFFFFFC
00000D26
FFFFF977
FFFFF7BC
0000081D
00000CE2
00000DF5
FFFFFA46
FFFFFCB6
00000C51
0000007B
FFFFF96E
FFFFFEC1
00000340
FFFFEE4D
0000103B
FFFFFE7D
00000B5B
FFFFF05E
0000066A
00000D51
FFFFF455
00000565
FFFFFAF2
FFFFF4C3
00000755
00000607
0000067B
FFFFF5C9
00000366
00000E02
000008BD
000002DA
000013ED
000001C2
0000061A
FFFFEE53
FFFFF46C
FFFFF708
0000076C
0000054A
FFFFF679
FFFFFF37
FFFFEF87
FFFFFEC5
FFFFFD25
0000017C
0000074E
FFFFFBE2
FFFFFE86
FFFFFCD4
FFFFF984
FFFFF2F1
FFFFF8D8
00000B65
FFFFF3DD
0000026F
FFFFF452
FFFFFEFF
FFFFF6BA
00000291
000001BF
FFFFF827
00000F75
FFFFF024
000002F7
FFFFF901
000008A9
00000BDF
0000040B
00000969
00000198
00000309
00001B86
000008DB
FFFFFE0A
FFFFFC37
00000118
FFFFEB4D
FFFFEE3F
FFFFFEB9
00000B23
0000021F
0000068D
FFFFEE0E
FFFFECAF
00000ECD
FFFFF939
00000733
FFFFF2C9
000004B8
FFFFF953
FFFFF8A0
000001F9
FFFFFE9B
00000608
000014D6
000003B4
00000949
FFFFF9FC
00000B1F
FFFFFDA2
FFFFF8EB
FFFFF2FB
FFFFF769
000002F4
00000AA5
00000639
00000431
FFFFFA4A
000000C3
000007AB
FFFFF179
00000BC8
FFFFEDA9
00000BDB
FFFFFE6C
FFFFF2E7
FFFFE934
FFFFFC94
FFFFFF7D
00000CF0
00000225
000006C0
000006EF
000002F6
FFFFFD4A
000009F4
0000067A
FFFFF289
00000304
FFFFF426
00000422
FFFFEFD3
00000E0C
FFFFF99F
FFFFFC8A
00000BDF
FFFFFD04
FFFFF9CA
000005C4
FFFFF60F
00000797
FFFFF6EC
00000FB0
00000D14
FFFFF4EB
000009E8
FFFFF20B
FFFFFB9D
FFFFF20B
FFFFF7CE
FFFFF951
0000051A
00000396
FFFFFA17
FFFFFD8E
0000039E
FFFFFCD8
FFFFFE53
000008E0
000014AE
0000130F
0000121E
FFFFFEA8
FFFFFB41
00001247
FFFFFC1B
FFFFF3FC
FFFFFE08
0000020C
00000CA6
000004BC
0000060F
00000551
000005BC
0000073E
FFFFFD22
FFFFEED4
00000F8D
00000D0D
FFFFFEEE
FFFFF007
0000087C
FFFFEB2A
FFFFFB30
00000054
00000DCF
FFFFFE2A
00000B3D
FFFFF26B
00000654
000002E3
000005D4
00000430
FFFFF079
FFFFF652
00000653
00000C1D
0000149C
000013E8
FFFFFFF4
000013A5
000000DC
FFFFFE57
FFFFFECB
000009B4
000011DF
0000035A
00000192
FFFFFAC1
0000155A
0000154E
000012AC
0000042C
0000088C
FFFFF7EC
0000015C
00000D7C
FFFFFBBC
FFFFF8E4
00000E97
00000A4E
000010DA
FFFFF72A
FFFFFE4A
00001484
00000126
FFFFF652
FFFFF595
000006C5
FFFFED87
FFFFF053
FFFFF4B2
0000042C
00000C3D
FFFFF932
FFFFF936
FFFFF6CA
00000ED7
FFFFF781
00000B13
FFFFFDF8
FFFFEF73
00000F6D
FFFFFA77
FFFFFA55
FFFFFF2C
FFFFFB14
0000055E
FFFFF317
0000080D
FFFFF51B
FFFFF02E
FFFFFF2E
FFFFF547
FFFFF43F
FFFFF6CB
FFFFFEA7
00000707
FFFFE8BF
FFFFF61A
FFFFFABF
000009EB
00000130
FFFFF6CE
00001357
FFFFFE85
000002E1
FFFFF6D8
00000529
00000264
FFFFF64E
FFFFFEDF
000005DB
0000054D
00000B86
FFFFF982
0000086F
FFFFF5D5
00000AF7
00000301
FFFFFC26
FFFFEDD4
00000B70
FFFFF648
00000A8A
00000010
FFFFFAA3
00000D05
FFFFF0A5
00000401
000007DE
00000761
FFFFFF52
000009AE
00000E1D
0000012C
FFFFF163
FFFFFBC3
FFFFFC72
FFFFFDE0
00000FB7
00000B2A
0000031F
00000322
FFFFF639
FFFFEE06
000018DB
0000093D
00000C41
000001BD
0000097F
00000235
FFFFFD6F
FFFFF55E
00001331
0000067E
FFFFFE1D
0000011F
FFFFF957
FFFFFE3F
FFFFF7E0
00000C7E
00001682
FFFFF790
00000726
FFFFEC56
FFFFED78
FFFFF111
000001B7
00000996
00000507
FFFFFBB9
FFFFEF4A
FFFFF77C
00000301
000001D8
00000BA4
FFFFFED1
FFFFFB46
FFFFF26D
00000434
00000203
FFFFF8D2
FFFFFFA8
00000ED0
00000466
FFFFF1DB
0000051A
FFFFF608
0000031F
00000830
00000753
FFFFF776
0000048B
000008CF
000004A3
FFFFF81F
FFFFF62D
FFFFFFD8
0000149D
FFFFFF77
00000785
0000087F
FFFFFCEE
FFFFEBF6
FFFFF451
FFFFED02
000001BF
FFFFFB46
000007EA
0000081D
00000050
FFFFF871
000004EC
00000A45
00000A1A
00000924
FFFFF8BF
FFFFFCFC
00000BD0
FFFFFC7F
000003D3
FFFFF7DF
FFFFF0A3
00000FEF
000004EC
FFFFF9AC
FFFFFEBC
0000077E
FFFFF496
000006EC
FFFFF695
0000078C
0000007E
FFFFF536
00000320
FFFFFDC3
00000EBB
000000B3
000007B3
00000F7E
00000804
00000BBF
FFFFF57B
000013DA
00000CE3
FFFFFD96
00000E6F
00000011
0000111E
00000CAF
00000088
0000059B
FFFFEF10
FFFFF2CE
FFFFEDA5
FFFFFF4B
FFFFF444
000008D6
FFFFFCA0
FFFFFF1D
FFFFFA57
FFFFF11A
000007FA
00000B13
FFFFFDFD
000008E6
000003D9
FFFFFAED
FFFFF55C
FFFFFF06
00000063
000002A5
FFFFEF74
FFFFFF54
00000656
00000528
00000A06
FFFFF9CA
000007DA
00000778
0000047B
00000405
FFFFF263
0000036E
FFFFFE59
FFFFFEC3
FFFFFC1D
FFFFFF6A
000008E5
000003CA
00000AD0
00000A93
FFFFFBC9
FFFFF98E
FFFFF9BB
000004D1
FFFFEE3F
00001201
FFFFEC42
FFFFFFE8
FFFFFCC9
00000C15
FFFFFEE8
00000BBA
FFFFE8F5
00000120
FFFFEC91
00001023
00000FF0
0000045F
FFFFFCDA
000012F9
000006A5
00001039
FFFFEFCE
000001C1
00000A2B
00000AE8
00000726
FFFFFFB5
FFFFFE3A
FFFFFED3
FFFFF9D6
00000AED
FFFFF268
00000308
00000087
00000DD0
00000446
FFFFFFF2
FFFFECD4
00000B14
FFFFEB9F
FFFFF8B2
FFFFF8C3
0000133D
000002A2
FFFFFC16
FFFFF6EF
00000CF1
000005B0
0000129A
00000BC8
FFFFEA3A
FFFFEF53
FFFFFF3D
FFFFE994
00000376
FFFFE4CA
FFFFF4FD
FFFFFA88
FFFFEE06
000005AF
FFFFF7AA
0000049D
00000AB7
FFFFF969
FFFFF6EB
00000D0E
0000073B
FFFFFDA4
FFFFFABA
00000081
FFFFF85B
00000CCE
00000BCC
000004F6
000004A7
FFFFFC79
00000D1F
00000E01
00000067
000002A9
FFFFEAE7
FFFFF86F
FFFFF796
FFFFF716
0000096B
FFFFF8F0
0000103A
000003C6
FFFFF649
00000570
0000028A
FFFFFC43
FFFFFC28
FFFFFEEB
00001237
FFFFF801
FFFFF6E1
0000000C
000000A3
000006F5
000004CB
000000AC
000006A1
000012E2
00001132
000005BE
00000A5D
FFFFFADC
000015CF
0000130B
00000D2E
00001181
0000064E
FFFFF28C
00000A7D
FFFFFBCD
00000351
00000E54
0000039F
00000688
000000E8
00000225
00000534
FFFFF339
00000BD5
00000742
FFFFFA74
FFFFFF33
00000B56
000004B3
FFFFFDCF
FFFFF829
FFFFF607
FFFFF9DF
FFFFF7F4
FFFFF5BD
000005D3
00000959
000006EA
FFFFF968
FFFFFA83
FFFFFE90
FFFFFF15
FFFFF506
FFFFED22
FFFFFBA7
000008C8
FFFFF14D
00000A42
FFFFFDBB
FFFFFAA4
00001507
00001621
000004CE
FFFFFEDD
00001146
000008F5
00000F09
00000412
FFFFFC42
0000065C
FFFFFC59
FFFFEE46
FFFFF247
FFFFF906
FFFFF3CE
FFFFFD5B
000015B8
000009C7
00000CFC
00001036
00001186
FFFFF581
00000542
FFFFFC4C
00000CD2
FFFFFC30
0000078B
FFFFF8CA
FFFFF963
00000E7B
00000B9B
FFFFEE3D
00000902
00000426
00000345
FFFFFD3B
FFFFFCAB
FFFFF5DB
FFFFEDB0
FFFFF6ED
0000039A
FFFFF0C1
FFFFF66F
FFFFFD7A
FFFFFC40
FFFFF9CE
FFFFFA8D
000011AC
00000622
FFFFF928
00000948
FFFFFEE3
00000454
FFFFFD9A
FFFFFE04
00000570
000009F5
FFFFFB31
FFFFF9C1
FFFFF6A6
FFFFF521
FFFFF627
FFFFF143
FFFFFBAE
FFFFFEDE
0000054D
000005B8
00000340
00000E0C
FFFFF865
00000B60
00000D51
FFFFF901
00000CC5
00000267
000006BE
FFFFED96
00000AAC
FFFFFE94
FFFFFF55
00000A01
FFFFFF32
000010FF
FFFFF67F
00000B48
FFFFF894
00000C65
00000CF5
FFFFFC7E
FFFFF7B3
0000038A
00000988
00000B6F
FFFFFDDC
00000484
FFFFFAEA
FFFFFB51
00000DEC
00000C7D
00000DC4
FFFFFA37
0000012F
00000A33
00000142
000001BD
00000813
00000BCC
FFFFFCB8
00000425
00000E14
FFFFF208
FFFFFFC1
00000D80
0000067B
FFFFF5D9
FFFFFC9C
FFFFF41B
FFFFFA2B
000003AB
FFFFF172
00000057
00000142
FFFFFF5A
0000054A
00000A09
0000042A
0000076C
FFFFFD4C
000012CB
000003ED
000007CE
0000029E
00000EA0
000003AE
FFFFED7B
0000053F
FFFFFACB
FFFFF397
FFFFFB50
00000226
FFFFEF64
FFFFF7B9
FFFFFB50
00000508
FFFFFE72
000002D1
FFFFF839
00000844
FFFFFF89
00000164
FFFFFED3
00000C3B
000000D3
FFFFFBA2
FFFFF365
FFFFF9A0
FFFFF9CC
00000069
FFFFFE29
000004BF
FFFFFAE0
FFFFF384
FFFFF2FC
00000CDC
00000BC5
00000A8A
00000289
000006AB
FFFFEC5F
FFFFFC7B
00000A46
0000000F
000011C4
00000A54
FFFFFBAE
FFFFFF64
0000005F
0000016A
00000450
000000B9
00000073
FFFFF6AA
00000A26
FFFFFAC2
000000E4
FFFFFBE0
00000429
000008E9
FFFFFE6E
000018E6
FFFFF943
FFFFFF08
000009EA
FFFFF064
00000128
00000198
000004AB
000000C9
000007B1
FFFFF5DB
00000004
00000840
FFFFFB8A
000008FC
FFFFF490
000002CC
FFFFF40E
00000A80
FFFFF638
FFFFF91F
FFFFF0B1
FFFFF1AD
00000657
00000E07
00000D04
0000086E
00000483
00001170
FFFFF852
FFFFF9CD
0000087F
00000F79
FFFFFAAB
00000372
000002AC
FFFFFD1C
0000013A
FFFFF8BA
FFFFF98C
00001159
00000296
FFFFF6AA
FFFFF757
0000058E
0000092C
FFFFFAFC
00000E1B
FFFFFF4B
00000B9C
FFFFFD2E
000002DE
FFFFFFCE
FFFFF240
FFFFFA32
00000E9D
FFFFFC98
FFFFF471
FFFFF861
FFFFEF20
FFFFF845
FFFFFA4F
FFFFFC6E
000002EA
FFFFF348
000005FA
FFFFFE55
FFFFF6B6
FFFFF783
0000001F
00000C9B
FFFFFF45
0000000A
00000BE7
000010E4
00000B34
00000641
00000F54
0000072A
FFFFFD2C
0000043F
FFFFFBB9
FFFFF124
00000D32
FFFFFB6C
FFFFF68A
FFFFFFAF
00000AAB
00000E0C
FFFFFF1F
FFFFFFA7
00000764
FFFFF61B
0000067A
FFFFFD37
FFFFF8D0
000005FD
0000065F
000001C9
FFFFF2A1
00000133
FFFFF546
FFFFFE69
00000A97
00000EEC
FFFFFF1F
FFFFF777
FFFFF52D
FFFFF9F8
000008A3
000003F1
00001164
0000062C
00000834
FFFFFE72
FFFFF4BF
FFFFEEBE
000003D6
FFFFFE70
FFFFF6C2
FFFFFF03
FFFFFF91
0000008B
FFFFFC88
000005A5
FFFFF652
FFFFFAEA
00000771
00000F79
00000CEA
FFFFF3CF
000008BD
00000963
FFFFFDFC
00000163
FFFFEFA6
00000CBE
FFFFF8C6
FFFFF6F2
FFFFF7E8
0000072B
000002BC
000009DD
FFFFF127
FFFFFA40
00000B1C
00000D8B
FFFFF53A
FFFFFDDD
FFFFF887
0000048E
000007DD
000003A0
00000805
FFFFFC7A
00000053
0000110C
FFFFF5A9
FFFFFCB3
FFFFF6D2
00000EA1
00000075
000000C1
000002EF
0000175D
FFFFFFE6
000000F9
FFFFF6D1
00000387
FFFFF984
000008C8
00000035
FFFFF557
00000F64
FFFFF96F
FFFFFB2C
00000AF7
000003E4
0000172A
00000CD0
000001FD
00000109
FFFFFE1C
FFFFF78E
FFFFFACE
00000A1E
00000CA7
FFFFF0DE
FFFFF9E4
FFFFFB53
FFFFF61C
FFFFFC5D
000000B2
0000029E
FFFFFA89
0000074A
00000BB2
FFFFFD6C
000009D7
000002C9
FFFFF86B
FFFFF0FB
FFFFF7BE
000002D5
000006F8
00000960
000013BC
00000784
FFFFFD78
FFFFFBC0
00000E8B
FFFFF841
00000D17
0000061F
FFFFFDD0
FFFFEC1F
00000558
00000459
FFFFF79F
FFFFFB71
0000093D
FFFFF9C0
FFFFFA42
000007A5
FFFFFBF6
FFFFFEA3
00000600
00000DC4
000006E8
00000165
FFFFFC64
FFFFFCFF
0000074E
FFFFFA12
00000127
FFFFFF45
00000700
00000CFC
FFFFFB24
FFFFF96B
FFFFFA2E
FFFFF0F5
FFFFF73F
00000286
000007E5
00000893
FFFFFFDE
FFFFF79E
FFFFF740
000006AE
FFFFFEBE
000005B3
00000654
FFFFFE46
FFFFFB27
0000056E
FFFFFF0D
000007B9
FFFFF751
00000725
FFFFF3EC
FFFFFD26
FFFFF6EE
FFFFFF34
FFFFF041
FFFFF29A
000006F0
000002BF
00000AE7
FFFFEE94
FFFFF34E
FFFFF882
000009D0
FFFFF225
FFFFF6DC
FFFFF76F
FFFFF3A0
FFFFFDD5
FFFFFF6D
00000125
FFFFFB58
FFFFF2ED
FFFFF624
0000071B
00000732
FFFFF98F
00000FD0
000010FD
00000A2A
000011E4
0000140D
00001590
00000A68
FFFFFF48
000010F8
FFFFFDDC
FFFFF94F
FFFFF034
00000CB0
0000091E
FFFFFCD9
FFFFFBAE
00000197
FFFFF4A2
FFFFFCDF
FFFFF93F
FFFFFBE9
00000B46
FFFFF039
FFFFF6A4
000008C6
FFFFFF46
FFFFFA10
FFFFF6C2
FFFFF7BF
FFFFF505
FFFFFAAE
FFFFFAAF
FFFFF704
00000251
000003D3
FFFFEAE0
FFFFF91C
FFFFFB93
FFFFFB0B
FFFFF273
FFFFF974
00000EF9
00000D9E
000010D1
FFFFF962
FFFFF5A3
FFFFF7F4
FFFFFD31
000008A8
FFFFF6D9
00000518
FFFFFDDF
00000177
FFFFED96
FFFFFE6B
FFFFFC6D
000002B5
FFFFF613
00000DF7
00000054
00000408
00000B7F
000000FA
FFFFF741
FFFFF59A
FFFFF019
FFFFF818
FFFFFBC0
FFFFFDEA
FFFFF2D7
FFFFF6CD
FFFFF2EC
FFFFFE02
00000E1C
FFFFFF2C
000001C8
00000CC5
FFFFF5B5
00000175
0000076A
00000168
FFFFF5CE
FFFFFFD7
FFFFFFC7
FFFFFF79
00000F2E
FFFFFE36
0000091F
00000BA4
000011F4
FFFFFC28
00000553
FFFFF8DF
000009CF
FFFFF7FE
FFFFF9FA
FFFFF850
FFFFF4D8
FFFFF7F1
FFFFF39D
FFFFFBE5
00000A5C
00000B77
FFFFF5D8
0000055C
0000097D
FFFFF785
00000824
0000073F
FFFFF8A5
FFFFF3B3
FFFFFBD7
000004F1
FFFFEC68
00000063
FFFFF3A3
FFFFF80C
00000893
FFFFFA13
00000C24
FFFFF5AB
00000BE7
FFFFF57A
FFFFFC59
FFFFFCE5
00000B42
0000071E
000006EB
00000CA0
FFFFF998
00000449
FFFFFE54
00000E83
FFFFFE35
000003D3
FFFFFE65
000003DD
FFFFEDE4
000006F8
FFFFF644
FFFFFAA3
FFFFEB90
FFFFF947
FFFFEC86
00000FF0
FFFFF8AF
00000668
00000827
FFFFFAAA
0000079D
0000052E
FFFFFF63
00000C4E
00000313
FFFFFDFF
0000005B
FFFFFA0E
FFFFFF7C
FFFFFAFC
FFFFFA93
FFFFEFA6
FFFFEECF
FFFFF457
FFFFF7B8
FFFFEF8B
00000323
00000066
000009FA
FFFFF22E
000002C9
FFFFED8A
FFFFF75D
FFFFF00A
00000648
FFFFFC62
FFFFFA22
FFFFFB73
FFFFF3D3
FFFFFE31
00000281
00000B60
0000034F
FFFFFB8B
FFFFF13F
00000D60
0000025F
FFFFF34F
000002F3
00000319
00000D9E
00000B08
FFFFFA5C
FFFFF60A
FFFFF836
FFFFF32C
00000362
0000061E
FFFFFD2D
00000B1B
000003EB
FFFFFF89
FFFFF97F
FFFFFA89
00000336
FFFFFEE0
FFFFF9FA
00000D83
FFFFF84D
FFFFF67C
FFFFFF78
FFFFFFB8
0000049B
FFFFF4F0
000002F2
FFFFFC21
FFFFFA1A
FFFFF66A
FFFFFE8C
FFFFFC74
FFFFFDCA
00000B95
00000912
FFFFF967
00000181
FFFFF7C3
00000A8D
FFFFFDD8
0000005C
FFFFF9A2
FFFFF964
FFFFFAF2
FFFFFCC2
00000DB6
FFFFFCF3
FFFFF450
FFFFFF76
FFFFFEFE
FFFFF476
FFFFFE5C
000004C5
000001C6
FFFFFC73
000004E5
0000014E
FFFFFCB7
00000098
FFFFFF26
00000353
000007B5
000004B9
000000FA
FFFFFF1B
FFFFF8F1
FFFFF864
FFFFF96F
0000041A
00000882
000001D5
FFFFF45D
00000637
FFFFFFC6
000002FC
FFFFFC17
0000055F
000005B5
00000785
FFFFF6E5
0000056F
00000647
0000147D
000002A4
FFFFFE5D
0000030B
FFFFF68A
FFFFFA3E
FFFFFE10
00000B14
0000060E
0000063A
00000784
FFFFFEF4
FFFFF7F4
00000AD4
FFFFFD60
00000729
FFFFF8A0
FFFFFB8E
FFFFFB2D
FFFFFEDE
FFFFFFAE
FFFFFAAD
000008E3
FFFFFE05
000003DC
FFFFF828
FFFFFB06
FFFFF27B
FFFFF43D
00000303
FFFFF9A6
FFFFF2E8
FFFFF64E
000002E1
00000499
FFFFFB4F
00000229
FFFFF490
FFFFF565
FFFFFBDF
FFFFF45B
00000365
FFFFFEB9
FFFFFF09
FFFFFEDD
FFFFFB10
FFFFFE3D
000002AE
000002FA
00000A29
0000043B
00000AD2
FFFFFC1F
000005C3
FFFFF8C9
FFFFEE96
0000019E
FFFFFC50
0000079B
0000086B
FFFFFAE6
FFFFF77E
FFFFF5ED
FFFFFD99
FFFFF735
0000073D
FFFFF729
0000103A
FFFFFDDB
00000904
00000156
FFFFF74B
FFFFF833
FFFFF9DD
000004C9
0000054C
000010E6
FFFFFED9
FFFFFCE9
FFFFFEDE
FFFFF9D9
00000950
FFFFEE7A
00000456
00000405
FFFFF4FA
0000084D
FFFFF975
00000108
FFFFF49B
FFFFF95B
000009ED
00000CC7
FFFFFF59
FFFFF0A1
FFFFFE6C
FFFFFA8A
00000559
000003F5
00000822
000004A6
00000795
00000A90
000007CD
0000002F
00000B3F
00000A5A
00000220
0000008F
00000225
FFFFF701
0000035E
000000B8
FFFFFB69
FFFFFDB9
FFFFFA4F
FFFFF444
000004F9
FFFFFCF6
000009D9
FFFFFE87
FFFFF6B8
FFFFFB7D
FFFFF7EB
00000948
00000AF1
00001227
0000004A
FFFFFDA8
FFFFF8D0
0000057F
FFFFFD2C
00000537
FFFFF59B
00000458
FFFFF944
FFFFF41C
FFFFFE96
00000613
FFFFFEE5
0000023C
FFFFFF69
FFFFFA47
000007CD
FFFFFDE7
FFFFFAAE
0000044D
00000303
FFFFF5C0
FFFFF610
FFFFF264
FFFFF0B2
FFFFFE8C
0000012A
FFFFFA9A
000002BB
FFFFFD31
0000004B
FFFFF93E
0000004D
00000568
00000A3A
00000065
FFFFFC42
FFFFFEAC
00000516
FFFFFEFE
00000C09
000006D2
FFFFFDCD
FFFFFD1A
00000412
0000057F
000001D9
0000047B
FFFFFB1E
FFFFF8D5
FFFFF438
0000042F
000010F3
000004A4
00001223
0000077D
00000541
0000014A
FFFFFD2F
FFFFFEA2
FFFFFFDF
00000940
000006A2
FFFFEFBB
FFFFF600
0000061C
00000E12
FFFFFB79
00000936
FFFFF6A0
FFFFF964
FFFFF4E5
FFFFFF52
0000028A
000008E0
000003C5
FFFFFCBE
00000874
000007A3
FFFFF346
FFFFF77A
000009D3
FFFFFB07
FFFFF7BF
FFFFFD35
000009B5
FFFFF85C
FFFFF74E
FFFFFFE2
00000A5C
FFFFF940
FFFFF40B
FFFFFC94
00000531
FFFFFCF5
00000B51
FFFFED5E
FFFFF941
FFFFEFAC
FFFFF645
00000066
FFFFFD81
00000169
00000636
00000596
FFFFF699
FFFFF93D
00000088
00000CA5
000011E8
00000636
0000048A
00000344
FFFFF1AB
000002B3
00001028
00000AE0
FFFFF81E
0000016B
FFFFF806
FFFFF90F
FFFFF6B6
FFFFF314
0000013E
FFFFF962
0000072C
FFFFFAE8
FFFFF6BE
FFFFFF15
FFFFF8E4
FFFFFBCE
00000811
FFFFF61B
0000013E
FFFFF7E5
FFFFFBF6
FFFFFF6B
FFFFF7B8
00000B33
0000096D
FFFFFAEB
FFFFF9B0
FFFFF9AB
FFFFFE33
000008B4
00000681
FFFFFB44
FFFFF9DD
FFFFFB26
00000622
000003DF
FFFFF2BE
00000730
00000A8E
FFFFF771
00000261
0000020E
0000022B
00000806
000008F4
00000371
FFFFFB44
FFFFFCFD
00000288
000004C4
0000035A
0000035B
00000962
00000B62
FFFFFBBC
00000BB3
00000126
0000013B
FFFFFCF8
000002FE
FFFFFC9A
FFFFFE86
FFFFFCBE
00000374
FFFFFC7C
00000143
0000026B
FFFFFE99
00000147
FFFFF750
000007F1
000006A7
FFFFFF60
FFFFFD21
000008A0
FFFFFD12
00000113
FFFFFCE9
000003A2
FFFFF249
FFFFF993
00000B3A
000008CB
FFFFF048
FFFFEE67
FFFFEDFF
000008B5
000008BB
00000594
FFFFF36B
00000287
FFFFEF93
000006DE
FFFFFEFF
FFFFF9BE
FFFFF886
00000738
FFFFF6CE
00000815
FFFFFC93
00000059
00000773
FFFFF4A1
00000660
FFFFFD80
00000187
FFFFFCCB
000000DB
FFFFF5A5
FFFFFFFC
FFFFFFF8
FFFFFD28
FFFFF680
FFFFF531
00000CB0
FFFFFF8E
FFFFF704
00000408
00000906
00000CC9
FFFFF820
000008DD
FFFFF4A3
0000012C
FFFFF6FC
000004B1
0000055D
000007DC
00000C52
000003BB
0000004B
000006A1
0000017A
00000677
FFFFFB3E
00000D58
00000DF6
000001A1
00000548
FFFFF4F3
FFFFF49C
FFFFFD9C
0000064E
FFFFFC92
FFFFFAE5
FFFFF404
FFFFF8C6
FFFFFC2A
0000030A
FFFFF447
FFFFFE79
FFFFF13A
00000181
FFFFFE6B
00000173
FFFFFAC8
FFFFF512
0000016F
FFFFF23F
00000589
0000071C
000003C4
FFFFF3DC
00000882
FFFFFDE0
FFFFF4D9
FFFFFBF6
FFFFFEB1
FFFFF847
FFFFFEAA
000006B8
FFFFFB54
00000CB3
FFFFF5B4
FFFFFDFB
0000053C
FFFFF96F
FFFFFE05
FFFFFC28
FFFFFF53
FFFFFEAA
FFFFF5FF
000006D3
000001C8
00000511
0000073D
FFFFF905
FFFFF8CB
000006AA
FFFFFF56
FFFFFA76
FFFFFAD1
FFFFFF40
0000034E
FFFFF8B9
00000C27
00000A57
FFFFFFAD
FFFFF95A
FFFFFF21
FFFFFBE6
FFFFFF9B
000006ED
000000C2
FFFFF346
000004DD
000002D3
00000866
000003C7
FFFFFAB9
FFFFF813
000004A8
0000001B
000000BB
000004BE
FFFFF973
FFFFFA5E
FFFFF65E
FFFFF597
FFFFF65C
FFFFF63E
FFFFEFBF
0000018A
FFFFFFBB
FFFFFA85
FFFFF41F
00000131
FFFFF929
FFFFF371
FFFFF7D8
0000005B
FFFFF65C
FFFFFEE8
FFFFFA91
000005E5
0000032A
FFFFFBCA
000001E6
FFFFF434
000003A8
FFFFF911
000007C7
FFFFFDAB
0000085A
FFFFF89E
FFFFEBCA
FFFFF996
FFFFFC6F
FFFFFF09
FFFFFA3F
FFFFFB64
FFFFF9E3
FFFFEE2A
FFFFF882
FFFFF7F8
FFFFF84A
000006C7
FFFFF875
FFFFFEE1
FFFFFCA2
00000D7E
00000A32
FFFFFD74
FFFFF280
FFFFEF57
FFFFF783
FFFFF076
00000D2F
0000011D
FFFFEEE3
FFFFF15E
FFFFFE1D
00000FA7
FFFFF2C6
0000146D
FFFFF5E4
0000068C
00000746
FFFFF69E
FFFFFECF
00001376
000007D0
000003B9
FFFFF14E
00000D66
FFFFF6AE
FFFFF8E3
FFFFF168
FFFFF265
FFFFF163
FFFFFB5C
FFFFF853
FFFFED75
00000493
00000C14
00000924
FFFFEF04
FFFFFB2C
000001E7
FFFFF6A6
FFFFFCF0
FFFFF98B
FFFFF906
FFFFFF75
FFFFFB10
FFFFEF4C
FFFFF668
FFFFF828
FFFFF0D1
FFFFFAED
FFFFFCD5
00000577
FFFFFCF7
FFFFEA5E
FFFFF7D2
FFFFF575
FFFFFA9D
FFFFF694
0000183E
00000D96
0000116C
FFFFF727
00000268
00001548
00001234
00001747
FFFFF45D
00000D7A
FFFFFC6C
00000158
FFFFF60F
000014AB
000008B8
0000008D
00000C67
00001031
00000352
0000004F
0000020A
000000B7
000019B0
FFFFFCFA
00000FAA
FFFFFCBE
00000108
0000057B
0000140A
FFFFF2D2
000007F2
000004B5
00000D92
FFFFFD59
0000199F
00000ABE
00000D40
FFFFFAAA
FFFFFAAA
FFFFFB5D
00000547
00002054
000006F1
00001032
FFFFF224
000006E5
00000331
000010CB
00000AD6
FFFFF294
FFFFFF26
00000EC0
FFFFF99E
00000314
FFFFFD9E
FFFFFE45
FFFFF60B
000008E8
FFFFF962
0000175D
FFFFFF08
00000670
000010AD
FFFFFB65
FFFFF7C3
000009AC
00000BE7
FFFFF67D
FFFFFD64
00001AB9
FFFFFD11
FFFFF5EA
00000183
FFFFE6F9
000013BE
FFFFF956
FFFFFF8F
FFFFEB2A
FFFFF222
0000049A
FFFFF634
0000116E
00000A2E
FFFFF73B
FFFFF6AB
FFFFEB35
00000933
000000DA
000007DE
00000AFC
00000C42
FFFFF787
00000447
FFFFF133
FFFFFE7B
FFFFF8CC
FFFFF241
FFFFF301
0000036A
FFFFFCF4
00001934
00001105
FFFFF810
00000CD1
000012DA
0000046A
00000BD1
000006B5
FFFFF21A
0000049A
FFFFF88B
00000A4A
0000068C
00000250
FFFFFCDB
FFFFF29B
0000008B
000017B3
FFFFFAD5
0000084F
000000E6
FFFFF555
0000064D
FFFFF2E6
FFFFFECD
0000084F
FFFFFEF5
00001715
000010CB
FFFFFD8E
FFFFFBF7
FFFFF5BD
0000159A
0000138B
FFFFF18B
000000C0
FFFFEE17
000018AC
00000712
000007BB
00000115
FFFFFAE6
000007A2
00000CE3
FFFFFF8C
0000121A
00000C1C
00000149
0000180F
00001424
000011F6
00000126
00000756
FFFFF29C
000008D1
000002BA
000003DA
FFFFF107
FFFFEEF6
00000A1D
FFFFFB59
000010C3
FFFFFA6D
FFFFFEBF
00000687
00001304
FFFFF339
00000787
FFFFFD65
00000083
FFFFE9E0
FFFFF818
FFFFF42A
00000BC8
FFFFFAF1
FFFFFAAC
00000746
FFFFFA6B
00000C8C
FFFFEFC1
FFFFF25F
FFFFFF28
00000239
FFFFFB4A
000002FD
FFFFFA2B
00000BE8
FFFFED19
00001636
FFFFFBF9
00000BF3
00000C74
FFFFF172
FFFFFBE2
000007AC
00001164
000004AA
FFFFFFDA
00000192
00001739
00000580
000001A9
00000562
00000B08
FFFFF835
000004BF
FFFFFD27
FFFFFF31
FFFFF70C
FFFFEB4F
FFFFF328
FFFFF972
00000BB1
00000EEF
00000B58
00000293
FFFFFDEF
00001ADF
000005D4
000014A3
FFFFF443
00000938
FFFFF3CE
FFFFFFD0
000002BC
FFFFF516
FFFFFDCC
FFFFFC57
FFFFFD25
00000B0F
FFFFEA4E
FFFFE964
FFFFF33F
FFFFF1DF
00000D74
000005AF
FFFFF2BB
FFFFF4CE
FFFFFD00
00000850
0000040C
00000108
FFFFFC99
00000413
0000021E
FFFFFE8F
FFFFF96E
000000CB
00001A61
00000053
00000C52
0000019E
00000D46
00000369
FFFFF60D
00000096
000001AD
FFFFFEA9
00000DFF
FFFFFF2A
FFFFFE8C
00000A2F
000009D8
FFFFF6AC
FFFFEA50
FFFFF39B
FFFFF03C
00000540
FFFFEFD9
FFFFF6BA
FFFFEC46
000001D7
FFFFEE01
FFFFF52A
FFFFF42D
000009F5
000011DA
00000A00
FFFFF0FA
FFFFFC26
FFFFF466
FFFFE4D4
FFFFF2D8
FFFFFE99
00000546
FFFFF170
00000FFE
00000C90
FFFFF2E8
00000024
FFFFF47A
FFFFFDC6
000001A6
FFFFFB3A
FFFFF74E
00000EEF
00000701
00000437
00000521
0000052F
FFFFFA7C
FFFFF53D
000001BB
0000048E
000011A8
FFFFF13B
FFFFF087
00000AB4
0000024B
0000084E
FFFFFF8C
000000CA
FFFFF0CC
FFFFFD17
FFFFFBF0
FFFFE700
FFFFEF68
FFFFFDA3
FFFFF76D
00000F78
0000030A
FFFFE710
FFFFF8D8
00000506
FFFFFAF3
0000032C
FFFFF8A1
00000197
000015EC
00000A0C
FFFFFBF4
00000DAE
00000D5D
FFFFF4E5
FFFFF238
0000010E
FFFFFDEE
FFFFF9C8
FFFFF0C1
00000834
FFFFEFD1
000002FD
00000CF9
FFFFFAEC
00000C69
0000106C
FFFFF2CF
00000F15
FFFFF82C
FFFFEED4
FFFFF4F2
FFFFF769
00001163
00001672
00000923
FFFFFB04
000011D3
000014A1
0000004E
000005C8
00000080
FFFFF178
000004C8
FFFFEF2B
00000AF3
00000185
0000075A
00000566
FFFFF69D
000009D4
0000022C
FFFFF85A
FFFFFE87
00000CD8
FFFFEECD
FFFFFF0B
FFFFEE3F
00000897
FFFFF6A2
000001CC
000002B1
0000032E
FFFFF115
FFFFEE32
FFFFF4F4
0000042A
FFFFF505
FFFFEB5D
000009FD
0000004C
FFFFFE84
000006B0
FFFFF136
FFFFE719
00000117
0000027E
FFFFF7D1
0000152B
000012E5
00000CE8
0000029C
00000877
FFFFFB81
0000145C
00000665
FFFFFC4C
FFFFFA3C
FFFFF2A2
0000097D
00000509
00000D1E
00000F9E
FFFFFB7E
0000002C
FFFFFED6
000009C7
FFFFF616
00000E08
000006FD
FFFFFCF5
00000245
FFFFF222
00000510
FFFFF267
00000821
00001718
00000376
000016AA
000008B9
00000A36
FFFFFCBA
0000029A
0000007A
0000156B
FFFFF3AE
FFFFFAC0
FFFFFD62
FFFFF36B
FFFFF42A
00000845
FFFFFDBD
FFFFF532
00000350
00000EF2
FFFFF6D6
FFFFF72F
000004BD
FFFFF1D6
FFFFF5CC
FFFFEC02
FFFFE563
FFFFFDEC
00000094
FFFFFD4A
FFFFEB08
00000582
FFFFF3B2
FFFFED08
FFFFF33F
FFFFF886
00000C55
FFFFEE5F
000000C2
FFFFF571
FFFFF4BF
FFFFF7B3
00000840
00000747
00000742
FFFFFD0D
FFFFE8C8
FFFFF45D
000007F9
000013BF
00000558
00001B98
FFFFFEC1
000005DA
FFFFF687
00000CBC
00000C17
00000B85
FFFFFCF1
0000066D
FFFFF710
000012C1
0000152F
00000F3B
000011D6
FFFFFEED
FFFFFEA0
00000D3B
FFFFF88B
FFFFFA04
FFFFF5F4
FFFFF5C2
FFFFF778
00000DDD
00000301
00000C94
00000F53
000016DD
0000056A
FFFFEDF1
00000C10
FFFFF261
0000018D
FFFFF96D
FFFFF8F6
00000896
00000A0A
FFFFF94D
FFFFF5DB
00000521
0000048A
FFFFFFDE
FFFFF7C2
FFFFF4A9
FFFFF777
000005A2
00000591
FFFFF779
FFFFFD0A
00000B96
FFFFF0C5
FFFFF81A
00000186
000005D5
FFFFFB7D
FFFFFC95
FFFFF46B
FFFFFEA2
0000026A
FFFFF95F
FFFFFB62
FFFFF297
000000B1
FFFFFB8E
FFFFFE98
FFFFF943
FFFFF028
FFFFFCC4
0000055A
00000452
FFFFFEEF
FFFFF524
FFFFF9D6
FFFFF81B
000001FE
00000317
FFFFFFA6
00000141
FFFFFA94
0000063D
FFFFF5B0
FFFFF0F8
FFFFFA4C
0000015C
0000054C
FFFFFB94
FFFFFE91
0000030B
FFFFFBEA
00000390
FFFFF7EF
00000796
000000F1
000003DC
000000B8
FFFFF490
FFFFF99A
00000320
FFFFFCD8
FFFFF8E3
00000162
FFFFF16F
0000037E
FFFFF685
FFFFF82F
00000482
00000957
FFFFF1E3
00000512
FFFFFE4D
000007E4
000001C4
FFFFFDFE
FFFFF410
FFFFF6A6
FFFFEE6D
00000317
0000072C
FFFFF601
FFFFFFDF
FFFFEFE9
000003F3
FFFFF57B
00000470
FFFFEE49
FFFFFECF
FFFFFEA4
FFFFF935
0000064B
0000060B
FFFFF901
0000039C
0000062D
000005EA
FFFFFD82
0000063D
0000071A
FFFFEDF6
FFFFF344
FFFFFA7A
000005C8
FFFFF684
000004E6
FFFFFBD8
FFFFF5C9
FFFFEEEF
00000338
00000322
FFFFFCED
FFFFFC46
00000199
FFFFFA38
FFFFF30F
FFFFF901
00000366
00000389
FFFFF50F
00000942
FFFFF8B5
FFFFFEE0
00000814
FFFFF5B8
FFFFF5AA
FFFFFA80
FFFFF60A
FFFFF88E
0000087C
0000051D
000004C1
FFFFFE51
FFFFF49C
FFFFFD83
FFFFFE06
FFFFEC3D
00000372
FFFFFF8B
000001B0
FFFFF8AD
FFFFF69D
FFFFF617
0000012A
000003B7
FFFFF4F6
00000350
FFFFF96C
00000FE6
000006AA
00000409
000001F7
FFFFFAD7
FFFFF466
FFFFFBD5
FFFFF425
000002D1
FFFFFC3B
000000F5
FFFFFE76
FFFFFB4D
FFFFFDBD
FFFFF96D
FFFFF94E
FFFFF3EB
FFFFFDE6
FFFFF9EC
0000053C
00000661
FFFFF8CA
00000533
FFFFF160
00000BAC
00000310
00000FAF
00000084
FFFFFB11
FFFFF2D0
00000053
00000064
00000585
000004E9
000003EB
0000058B
000009BA
00000239
00000EA1
00000425
FFFFFCEB
FFFFFA5D
FFFFFE2F
00000183
00000B38
FFFFFAAF
000008BE
00000A37
00000D88
FFFFFC27
000009BE
00000B0A
FFFFF9C4
00000CCA
FFFFF51D
FFFFF33F
FFFFF63A
FFFFFB58
FFFFFBE2
FFFFFFC2
FFFFFB4C
0000017B
FFFFFDCC
FFFFFDA9
000004EE
FFFFEDDD
FFFFEED8
000007B0
FFFFFC74
FFFFF406
00000AC7
FFFFF1A4
FFFFFE86
FFFFFD28
00000E18
000002FD
0000097C
FFFFF4A8
00000B6F
FFFFF08C
FFFFFF25
00000135
FFFFFA8A
FFFFF7EB
FFFFF7C4
0000055E
00000965
000008B0
00000DCA
FFFFF939
FFFFF64A
000000C7
FFFFF30C
FFFFF813
00000933
FFFFF78B
FFFFF72B
00000255
000002F1
0000000C
000003D7
0000001D
000000D5
000007C8
FFFFFC81
0000017D
0000051D
FFFFFA5C
FFFFF93E
FFFFEFC7
FFFFFB1B
FFFFF46B
0000021E
00000033
00000537
FFFFFED8
00000670
FFFFF055
FFFFFCBC
FFFFF5A5
FFFFFA98
FFFFF7ED
FFFFF777
000000EB
00000C94
FFFFF609
000004B4
0000076E
00000081
FFFFF801
0000034B
00000276
00000CC5
00000D46
00000376
00000C4C
000004E3
FFFFFDA6
000009CB
FFFFFAC6
00000594
FFFFF718
00000298
000008BA
0000004C
000002CE
000006BB
FFFFF28D
00000916
000009F9
FFFFF5A5
FFFFFB21
FFFFFB1D
0000020A
FFFFF8CD
00000E3A
FFFFF7A7
FFFFF09D
00000129
FFFFF905
00000F77
FFFFF779
00000319
FFFFFD69
00000721
FFFFFFA9
FFFFF97F
FFFFF670
000004CD
FFFFFAD2
00000598
FFFFF42F
0000007F
FFFFFA96
FFFFFAB6
FFFFFBBB
FFFFFC96
000002D0
000002FD
FFFFF62C
00000886
FFFFF8FB
FFFFFB2B
FFFFFEE3
FFFFF85E
FFFFF7EC
00000EB7
00000775
FFFFF90D
FFFFF85A
FFFFFF37
FFFFF788
00000353
FFFFFCAC
FFFFF842
FFFFFE84
0000025F
FFFFFE86
FFFFFC5A
00000BBB
00000A47
FFFFF1E9
000009B5
FFFFFA1D
FFFFF631
FFFFFAB9
000003A1
FFFFF83E
00000000
00000129
FFFFF763
FFFFF4F5
00000693
FFFFFE17
00000515
FFFFF6FE
FFFFF590
FFFFF177
FFFFFB40
000006A8
0000042E
FFFFF5B6
000010AD
FFFFF637
00000547
FFFFF834
00000586
00000042
0000065A
FFFFF2EF
FFFFF477
FFFFF3B1
000005B3
FFFFFC51
FFFFF6C2
FFFFF979
FFFFFE0F
FFFFF784
FFFFFF6A
00000640
FFFFFC84
000004E7
FFFFF03C
FFFFFA00
FFFFF096
FFFFF9F8
00000020
FFFFF304
000003FE
000005DB
00000689
00000BB2
FFFFFF36
00000672
FFFFF935
00000A6F
00000018
FFFFFE05
00000204
FFFFFF02
FFFFF47F
FFFFF942
FFFFF955
00000AA1
00000001
00000425
FFFFF61D
00000652
FFFFEEFA
FFFFF2AB
FFFFF659
00000317
FFFFF9FE
FFFFFEBA
FFFFF018
FFFFF823
FFFFF456
00000A00
FFFFFAC4
00000056
00000911
FFFFFFD3
FFFFFD76
00000232
FFFFF44F
FFFFFB2F
FFFFFEC8
00000E22
000008AA
FFFFFB38
000008B0
00000D3B
FFFFF871
00000A55
00000DD0
0000021E
FFFFF948
00000457
00000584
FFFFF8E6
FFFFF72E
000000A3
00000887
FFFFFC85
00000EDA
FFFFFF20
FFFFF632
00000491
000001CD
FFFFFE66
00000FE1
FFFFF7DB
0000061A
000003D0
FFFFF536
FFFFF9C0
000001E0
FFFFFD6A
FFFFF994
0000020F
FFFFF561
000002CB
0000073E
00000762
00000942
000008E0
FFFFFC10
FFFFFEEA
00000A6A
FFFFFDC8
00000DC7
FFFFF46B
FFFFF7D2
000002A6
FFFFF6BD
FFFFFC10
00000ADD
00000155
FFFFF2EF
000001C2
FFFFF3FC
00000C21
FFFFFF43
00000339
00000567
00000051
00000794
00000729
FFFFF9A7
000005F0
FFFFFC5A
FFFFFE28
FFFFFB2A
FFFFF931
00000254
00000207
FFFFFB49
FFFFFFE0
FFFFFA42
00000344
FFFFFAA9
FFFFFA51
0000094B
0000028F
FFFFFC8E
FFFFF68A
0000025A
FFFFF880
FFFFFB44
FFFFFEAB
000005A7
000008B0
000003BF
FFFFF63B
FFFFF873
FFFFFDB4
FFFFF9E2
0000038E
FFFFFB9B
FFFFF75B
FFFFF7C7
FFFFFAB7
000008AD
0000073E
FFFFF34E
FFFFF93E
FFFFEE70
00000849
00000E91
FFFFF927
FFFFF055
00000578
FFFFFA64
0000030B
00000381
FFFFF99B
FFFFFC11
FFFFFB3E
00000824
FFFFF9F6
FFFFFB93
FFFFF4EF
FFFFFC1B
FFFFFF5A
000002A3
FFFFF871
FFFFF245
00000214
000003A7
00000179
000006EF
FFFFF2F1
0000033E
FFFFFE3A
000004B4
000004C4
FFFFFA8A
FFFFFFC6
FFFFF82D
FFFFF8F0
FFFFFA2C
000002DF
FFFFF3A1
000005FC
FFFFF60C
00000D86
FFFFF831
FFFFFA45
000003BC
000009FC
FFFFFF29
00002E7E
00001074
00000284
00000A4C
00002AC0
00001B21
0000293C
00000125
00000710
00000182
FFFFEF77
000000F4
00000571
FFFFF052
FFFFFE87
00000DF1
00000599
00001562
FFFFEFF0
FFFFE6B2
0000091C
00000FEB
FFFFF975
FFFFF786
000008B2
00001A5B
000006DD
FFFFF47A
00001D24
000018DF
00001C5A
000019C6
00001560
0000047A
FFFFEECA
FFFFF4ED
FFFFE9F9
FFFFE67B
FFFFE9E0
FFFFFF52
00000CC7
FFFFE5DC
000010BD
FFFFD916
FFFFFA84
FFFFEE42
FFFFFA87
000009A1
FFFFF647
FFFFE936
FFFFDE29
FFFFE6BA
FFFFF5C9
FFFFFF4C
00000023
000009E0
0000009F
00002054
00000632
000011E8
0000060C
00002444
000012D2
000006A0
0000055D
0000162D
00000998
FFFFF811
00001AA2
00000B7C
00000B22
000001C7
00001393
00000EAD
00002572
FFFFFBDA
FFFFF75B
00001B9D
FFFFF122
00001A66
FFFFFF52
00000547
00001F56
FFFFF33F
FFFFF3B1
00000A54
00000846
000014D5
0000166B
FFFFF7AA
000010F0
0000025F
FFFFF18D
0000046A
0000143A
0000208C
FFFFF00A
FFFFEE33
FFFFF6DD
FFFFFF88
FFFFF68D
FFFFE6B6
000004C6
FFFFFAB5
0000000D
00000774
00001116
FFFFFACB
000015D8
0000070C
FFFFF2D3
000003C2
FFFFF818
0000131D
0000096C
0000108E
00000F9D
00001B35
0000039F
0000006A
FFFFFDA9
FFFFFCB5
FFFFFAA3
FFFFF00B
0000122F
00000F89
FFFFF149
FFFFF2CE
FFFFE84C
FFFFF84F
FFFFEE5D
FFFFE4DC
FFFFFC2E
000008E7
FFFFFF82
FFFFFD68
FFFFF9C5
FFFFEE72
00000E2E
00001817
0000029E
FFFFFABB
00001D1E
0000157C
000022AA
FFFFF392
FFFFF233
FFFFF4AD
00001159
000009D7
0000185D
FFFFFD93
00000500
000000CD
0000027E
FFFFF48C
000008B9
FFFFF323
00000DBB
000007BD
000012EF
FFFFE579
00001B8D
000007C8
FFFFFC72
FFFFF84C
0000033E
00000B47
FFFFFDAF
FFFFE877
000005DD
FFFFEDCA
000001B6
FFFFF61E
00000CB0
FFFFF0A1
FFFFF057
00000D0D
FFFFFE87
FFFFFA94
FFFFFA70
FFFFE899
00000AE8
000002E4
000012C4
00000EC3
00001BE4
FFFFFE63
000012E7
FFFFF0E9
FFFFFA52
FFFFF10B
FFFFFD7D
00000E8A
000016F3
FFFFFA3F
00000555
FFFFFFC6
FFFFFF51
00000095
FFFFF1D8
FFFFF85A
FFFFE4C7
000010BD
FFFFE0F6
FFFFEC47
FFFFF3B0
00000EE3
00001527
000003BB
00000A4D
FFFFED30
00000406
FFFFFC78
00000842
00000716
000014DC
FFFFF53B
00001CA7
FFFFF1AF
00000F24
00000566
0000171E
FFFFE193
00000D3C
FFFFE3CD
FFFFEE6C
00000C22
0000025D
00000B89
000008CA
000005F7
FFFFF322
FFFFFB13
FFFFF5B6
0000003A
FFFFEDA1
00001092
FFFFF076
FFFFF6E6
00000977
FFFFFEEC
FFFFE7E9
FFFFF372
FFFFF579
0000036C
00000A93
FFFFFBE5
000011CF
FFFFE3B5
FFFFFF6D
FFFFF551
000025CD
00000654
00000C55
00001A9B
0000077A
00002355
00001F7D
00000AF5
00000407
FFFFE39F
FFFFF64C
00001302
00000E90
0000121E
000008CA
FFFFF593
000001A2
00000B31
FFFFF62C
FFFFFCC4
00001324
000005DB
00000504
FFFFECE7
00000CC7
FFFFFD47
FFFFFAF9
000016D7
000001FC
0000043B
FFFFF742
FFFFE8E6
FFFFEF8B
FFFFF558
000001B8
00000692
000002DC
FFFFE62E
00000152
FFFFE501
FFFFE386
FFFFF7DA
FFFFFB03
0000132A
0000140E
0000018F
00000F91
00000E24
00001237
0000040A
FFFFFD11
00002039
FFFFF87C
FFFFF799
000006EE
FFFFF5FB
FFFFDEEB
FFFFDD63
FFFFFE50
00001226
FFFFDC9C
FFFFFA4A
FFFFEEAC
FFFFFA5E
00000BC8
00002017
FFFFFEA2
0000101B
00000784
00000E1D
FFFFEDE6
FFFFF3EC
00000893
00000B91
FFFFEF51
FFFFF5BF
FFFFF65B
000013CC
FFFFF887
FFFFFC62
FFFFE104
0000021C
FFFFF7D6
FFFFF4B0
00000853
FFFFF191
FFFFDDE2
FFFFF60F
FFFFF6A1
FFFFF56C
FFFFF74E
FFFFEFAF
000007EA
000008C9
000011FD
FFFFEDE9
00001943
00000523
FFFFF46F
00001B48
FFFFFBC4
0000095E
00000347
00001A3B
FFFFF5A6
000015F3
FFFFF46E
FFFFFA36
000010EB
0000058F
000000F7
00000EAD
FFFFE811
00001143
000004E3
FFFFFB72
0000108D
FFFFF1E5
FFFFF093
FFFFFAF2
0000005B
0000146D
FFFFE9A6
FFFFF340
FFFFEB6D
00001001
FFFFDFF2
00001AAD
00001271
FFFFF97B
FFFFFB3B
FFFFEF1F
FFFFF6EA
0000238E
000008A1
FFFFF93B
00000A8A
00002335
00000671
00002258
FFFFF676
00002095
FFFFFBE8
FFFFF19D
FFFFF9E2
000002F5
000010E6
00000792
00000421
00000EE9
FFFFFBBD
FFFFFD45
FFFFF7D5
00001833
FFFFF446
FFFFFEDF
00000E88
FFFFF5C2
FFFFF8C1
000015BB
00001A16
FFFFF122
0000111F
0000033D
00001349
000013B3
FFFFFFF1
00001962
00001471
00000EFC
000005AE
FFFFF006
0000128B
00000113
0000067B
000002CB
00000F9B
0000137E
FFFFEC8F
FFFFDEA0
000000D7
FFFFDE9C
FFFFEABA
FFFFE5CA
FFFFED48
FFFFE7FF
FFFFFE89
FFFFFCA5
FFFFEBF9
00000013
FFFFFEE0
000007E0
FFFFE593
00001104
FFFFFF79
FFFFEC8F
00001295
FFFFEAAA
FFFFFED9
000004D5
00000B19
0000016D
FFFFE9D9
FFFFFD86
FFFFF496
000018BD
00000113
00001746
00000781
00001DC4
000018AC
0000160F
FFFFF431
FFFFF28B
0000105F
00001DB5
00001446
00000248
00000B78
FFFFFA14
00000E60
00000467
0000076E
FFFFFBD8
FFFFFABF
00000E98
FFFFF33C
00001306
FFFFFB68
00000CA1
FFFFF2F5
FFFFF325
00001734
FFFFFEAE
000002C3
000025CB
000011FD
FFFFFD0D
0000212D
00000F91
00001269
00000066
000011EC
00001958
00000577
0000105B
00000770
000013A8
FFFFFBB5
00000A0C
FFFFFF52
FFFFFA7A
FFFFF19D
00000C79
FFFFFB60
FFFFFB2E
FFFFF629
FFFFE8C7
00000786
FFFFEFCE
FFFFF794
000002BF
FFFFEA0A
FFFFEEEC
FFFFF355
000006CF
0000035C
00000E45
0000124A
00000FCA
FFFFF195
00000B36
FFFFE600
FFFFEBA9
FFFFED88
00000396
FFFFF567
FFFFF4E5
00000059
000018CA
FFFFED34
FFFFF63F
FFFFEB37
00000A94
000002E5
000003DB
00000188
FFFFF40A
FFFFED28
FFFFFAD8
FFFFF8F3
00000EE3
00000C53
FFFFECCB
FFFFEF32
0000064A
0000123A
00000F31
00000109
FFFFFACD
0000049D
FFFFFD2C
FFFFF3E7
000019DD
FFFFF81F
FFFFE28E
FFFFFDEE
FFFFDACD
FFFFE8DD
FFFFFA08
FFFFDB9A
FFFFF393
FFFFDDB9
00000CD9
FFFFF9E9
FFFFE011
000005A7
FFFFF981
000003A2
FFFFFDF7
FFFFF27E
000005EE
FFFFFA4E
FFFFF160
FFFFF689
FFFFFCA0
FFFFF723
0000119F
FFFFFB16
FFFFFBCB
000006AD
FFFFE86A
0000047F
FFFFE995
FFFFF780
000007BB
0000074E
00000312
00000DFA
00000443
FFFFF328
000000DB
00000030
00000DA4
00000929
00000CA9
FFFFF499
00000C67
00000134
00000AA8
000000ED
00001188
00000A3A
FFFFFD79
FFFFF672
FFFFFCE5
FFFFF873
FFFFF771
FFFFFEE3
FFFFF56F
FFFFFA03
000006C1
FFFFF62B
FFFFED0F
0000007D
FFFFF8CE
FFFFF23D
FFFFF706
00000A9D
FFFFFB00
000000F3
FFFFF924
FFFFFE28
000002C4
00000A37
000007CF
FFFFE9D1
FFFFFCFF
FFFFFEAF
00000854
FFFFF673
00000B83
FFFFF4CC
00000139
0000068E
FFFFF2F0
FFFFF8C7
FFFFF95E
FFFFEFC9
FFFFF6BD
000008B6
0000061F
FFFFF744
00000892
FFFFF1B7
FFFFFA35
FFFFF819
FFFFFF3F
000007B5
000003A1
000003A3
0000138E
00000734
00000754
FFFFFB74
FFFFFFCB
FFFFFE5D
FFFFF698
FFFFFB8E
FFFFFC51
FFFFF985
FFFFF83A
00000496
FFFFF24E
FFFFEBD4
FFFFFBEB
FFFFF2D8
FFFFEEBA
FFFFFCF5
FFFFFB01
FFFFF88D
00001506
00000B7C
FFFFFA71
FFFFFD1D
FFFFF2D3
FFFFFF1C
00001096
FFFFF1C6
FFFFFEBF
FFFFF938
00000C54
0000031D
00000842
0000099D
00000495
FFFFFFAA
0000028A
FFFFF1BC
FFFFF832
FFFFF556
FFFFFCFD
00000E59
FFFFF386
FFFFF900
0000040C
000009D2
FFFFF4B6
0000020F
00001566
FFFFFC92
FFFFF891
FFFFFDCE
FFFFFFEB
00000C8B
000018D0
00000392
FFFFF945
FFFFF2D2
FFFFF556
000000C6
000006B3
FFFFF56A
000007D2
FFFFFDCC
FFFFF6F0
0000018E
FFFFF2A1
00000291
FFFFFBC5
0000098B
FFFFFC64
FFFFFC7F
00000994
00000CFF
FFFFF47F
0000014E
FFFFEF6F
FFFFE90C
FFFFF860
FFFFE8DF
FFFFF44A
00000C69
FFFFFB75
00000612
FFFFF088
00000672
FFFFF58D
FFFFFB25
FFFFF0F6
FFFFEED1
FFFFFBBF
FFFFF3A4
FFFFEDB0
000007CA
FFFFE825
00001369
00000AB9
FFFFF4E7
FFFFF301
00000468
FFFFEDFD
00000CB8
FFFFF387
FFFFF66B
00000976
00000E77
0000091B
FFFFF69D
FFFFF1EB
00000F27
FFFFE85F
00000DC0
FFFFFF3D
FFFFFAE3
00000D41
FFFFEEB4
FFFFEA0E
00000096
FFFFEC21
FFFFEBAA
FFFFF0A3
FFFFF73C
00000799
FFFFF1B9
00000A78
0000031B
00000241
00000CD7
FFFFF580
FFFFF622
000006DA
000008C1
FFFFFD40
FFFFF900
FFFFF01E
FFFFEF62
0000050C
FFFFFA78
0000049B
00000681
FFFFFE39
0000120F
000007D4
000010FE
00000A57
00000EE1
FFFFEBCE
00000B15
FFFFDE20
FFFFF1F5
000004C1
FFFFE5F0
FFFFE9BE
FFFFFD8A
FFFFE9EE
FFFFF431
FFFFF61A
00000E29
000004E8
FFFFFEF2
00000FA2
FFFFFE76
000015FF
0000145F
FFFFFD0B
FFFFF1A7
000006A1
000006B0
FFFFFBE6
FFFFF617
00000189
FFFFEFF6
00000E7A
FFFFFAD9
00000B2E
FFFFF6B5
FFFFF294
FFFFF1C7
FFFFFE65
FFFFF16D
0000055E
FFFFF8E5
00000E8C
FFFFF99A
00001151
00000DB1
00000F9B
00000044
000012A4
FFFFFCCB
FFFFF77B
0000123C
FFFFE5BF
00000022
FFFFFDD5
FFFFFD3B
FFFFF9F3
00001005
FFFFFA89
00000F32
00000EA9
000001C5
FFFFF1DA
FFFFFD24
FFFFF06B
00000FA0
FFFFF6D9
00000391
FFFFFD30
FFFFFE9B
FFFFFA04
000005A3
FFFFFF20
00000846
00000854
000001B0
FFFFFC9C
00000B32
000002C8
0000094B
00000CED
FFFFFF46
00000BAA
FFFFF7B6
FFFFF561
00000661
00000A61
0000070F
FFFFF3AC
00000B4E
000007B8
FFFFF8EA
FFFFFDC4
FFFFFD51
FFFFE78C
FFFFFE45
FFFFFB85
FFFFF3BE
00000D26
FFFFF9FE
FFFFF01F
FFFFFA1E
00000622
FFFFEAD3
00000380
00000699
FFFFFDCA
FFFFFE6C
00000C8D
FFFFFAC2
FFFFF9DD
0000080D
FFFFFF01
FFFFF7B6
000005F6
FFFFF9D0
FFFFFB6C
FFFFEC74
00000220
FFFFFC45
FFFFFBEB
FFFFF766
00000539
0000102B
FFFFE656
00000770
000004B7
00000C31
FFFFF860
00001079
FFFFF780
00000E78
FFFFFDD0
0000000A
FFFFF51E
FFFFFB16
0000088E
000004F5
0000051B
FFFFF897
00000478
000009EC
00001315
000003F7
FFFFF60A
FFFFFA78
FFFFF9A3
000008F4
00000ED2
00000485
FFFFEC1D
000005D0
FFFFFBAD
FFFFF815
000000AC
FFFFEC78
00000509
00000544
FFFFF772
FFFFF5E4
FFFFFD59
000005E1
00000114
FFFFFC61
FFFFF24C
00000BD3
00000FC0
00000E93
000008AC
00000F46
FFFFF23D
FFFFF621
FFFFF996
00001009
FFFFF7F7
000009CC
FFFFF2A7
FFFFF1E8
0000004E
FFFFF958
00000C2A
FFFFFF8C
0000064B
FFFFF0EF
000002F0
FFFFF588
0000085F
00000442
00000024
FFFFF0FC
FFFFFAD0
00000AAE
FFFFFBBC
FFFFFFDE
FFFFF68F
FFFFEFEB
0000011A
FFFFF79D
FFFFF917
00000B7B
FFFFFB1F
00000EB9
FFFFF2B2
00000F0E
00000E39
00001379
00000742
000011A9
FFFFFC71
00000B5A
000016FD
00000535
00000F1C
FFFFF79E
FFFFFEE0
FFFFF019
FFFFF813
000008C1
FFFFF557
00000A37
FFFFFBDC
FFFFF233
00000379
FFFFF601
0000001B
FFFFF355
FFFFF57B
FFFFF67D
000002D6
FFFFF68A
FFFFE9FD
000003A4
00000031
FFFFF54E
FFFFFB3A
FFFFF313
000001B4
FFFFFFA3
FFFFFE7A
000001F4
00000193
0000067C
00000611
FFFFF329
00000B8C
FFFFF44A
FFFFFAAC
00000A45
FFFFF603
FFFFF886
00000130
FFFFFE49
000007BB
FFFFEDFA
00000711
00000111
FFFFFEB9
00000AE7
FFFFFE4E
0000042F
FFFFF77C
FFFFFB0F
00000776
0000005A
00001055
FFFFF468
FFFFFF2C
00000027
FFFFFA36
00000601
00000052
00000175
000009E8
FFFFF778
000006E1
FFFFFFAA
FFFFFB13
00000A6A
0000079F
00000652
0000103D
FFFFFB5F
FFFFFF04
FFFFF8F4
FFFFF763
0000013B
00000421
0000049F
FFFFF4F0
00000438
0000002C
0000027C
00000F92
FFFFF821
FFFFF7D0
00001299
FFFFF974
000002E1
00000A62
FFFFF42B
FFFFFDE0
000015FC
00000483
FFFFF761
FFFFEE83
FFFFF102
FFFFFF31
0000025F
000006D6
00000D93
FFFFEE2B
00000E03
000007F9
00000670
FFFFFCCA
00000DAA
FFFFF250
FFFFF72C
FFFFF812
FFFFF213
FFFFFBF0
FFFFEFC7
0000110A
FFFFF1E1
000004F7
FFFFFEE9
FFFFF9A9
00000A29
FFFFF12C
FFFFF3C4
FFFFED86
FFFFF5E9
000005DD
0000008A
FFFFF287
0000053A
FFFFF1C5
00000AC8
FFFFF442
FFFFEFE8
000003D5
000002F6
FFFFF879
000000DF
000006B3
FFFFED1C
000001FA
FFFFF9D5
000003CF
0000054E
FFFFF44E
0000030A
FFFFFD8E
FFFFF768
0000016D
FFFFFEEE
00000AB5
FFFFE979
000004AD
FFFFFD6C
00000A6F
FFFFFECC
FFFFFFD2
FFFFE72E
FFFFF79B
FFFFE89A
00000394
FFFFFC86
00000567
00000B8B
FFFFFC63
000005BC
FFFFFE1F
FFFFF67A
000002F2
0000083E
0000051E
FFFFFB5F
FFFFFAF3
0000078F
00000A62
FFFFFC7E
FFFFF73D
FFFFF6AB
0000082F
00000646
000000F0
000002C5
FFFFF4DA
FFFFF726
FFFFF6CC
00000D61
00001009
FFFFF377
FFFFEEC4
FFFFFA21
000007B7
000007F1
000001DC
FFFFFF77
FFFFEF24
0000091E
FFFFF96A
FFFFF54E
FFFFFAC6
FFFFF71D
000006A4
FFFFF69F
FFFFF90E
FFFFFA70
FFFFFC6A
00000EE0
00000E96
000006CB
FFFFFFA8
00000EA8
FFFFF247
0000088B
FFFFFEE2
FFFFFB63
00000150
000009F4
000001B8
FFFFFC6B
0000007A
FFFFF3C7
00000455
00000677
FFFFFCFE
FFFFF184
FFFFF468
FFFFFC88
FFFFF94D
000008F1
00000464
FFFFFC3E
FFFFFD35
FFFFF792
000004FE
FFFFF494
FFFFFB0B
000005C8
FFFFF544
00000816
FFFFEC5A
FFFFF3CC
FFFFF2BE
FFFFFE28
00000FDA
FFFFFD38
FFFFF880
FFFFFBC0
0000019C
00000B9A
FFFFF58F
00000803
000005ED
00000882
FFFFF75D
FFFFEEAC
FFFFF2CD
FFFFEE6D
FFFFF735
FFFFFBD1
00000547
FFFFFBE8
00000295
FFFFF3E2
FFFFF867
FFFFEAFD
FFFFF6E5
FFFFF6E7
00000766
FFFFEDFB
FFFFF2EA
FFFFF91C
FFFFFEA2
00000513
FFFFFA1A
00000685
000003D0
000007C1
FFFFF8FF
FFFFFF7B
0000035F
FFFFFE77
FFFFF751
000008CE
00000B98
00000B3E
FFFFF9F6
00000008
FFFFF731
FFFFFCEC
FFFFFDD2
FFFFFA66
00000336
FFFFF8A7
0000084E
0000053C
000012EE
000006C4
00000E71
00000D96
FFFFFA56
FFFFF0B5
FFFFFD96
000002F4
FFFFFB8C
000008C7
00000252
00000313
00000B53
00000D24
00000BC1
000005AE
00001322
FFFFFDA2
00000C92
000003D7
FFFFF342
0000020F
FFFFF959
FFFFFB69
0000014A
FFFFEDD7
FFFFF617
FFFFF5C1
0000083A
000005FF
0000096A
FFFFF956
00000311
FFFFF6F8
FFFFFDAB
FFFFFB07
FFFFF89A
00000467
00000F1E
FFFFF6D7
FFFFF959
FFFFFD60
000005DE
00000341
000006C0
000004DB
00000477
000001A4
0000089F
00000733
FFFFFD7A
FFFFF9F1
FFFFFC33
FFFFF725
00000B6F
FFFFEAF2
FFFFF6E5
FFFFEBFF
0000099A
000001E5
FFFFF4D8
FFFFF7F5
00000BF7
000003BD
0000003D
00000EEF
FFFFF9F0
FFFFF8A5
FFFFFD30
00000DED
FFFFF6AE
FFFFFD4F
FFFFFE98
FFFFFFA2
FFFFFEF4
FFFFF755
FFFFF248
00000179
FFFFEFDA
FFFFF5E5
FFFFF5A6
FFFFF6BC
FFFFF9D4
FFFFF4F4
FFFFFFBF
000000D5
000005CD
000009ED
FFFFFE98
FFFFF6DA
00000068
FFFFF1B9
00000DC7
00000246
000001DF
000009BA
00000769
000004EB
FFFFF8A2
FFFFF8AA
FFFFEDD1
000005A9
FFFFEC0B
FFFFEF59
FFFFEF69
0000019A
FFFFFF42
FFFFF74F
FFFFFF84
FFFFFD5E
000001EA
00000A50
0000092D
FFFFFC81
000011BF
FFFFFA55
FFFFF239
FFFFEDF2
00000B64
FFFFF4A5
FFFFF765
00000B82
FFFFFC21
FFFFFF1E
FFFFF752
FFFFFF8B
FFFFF741
FFFFF7E1
00001022
FFFFF30F
00000771
FFFFF23E
000000FF
0000002D
0000052D
00000A07
FFFFFBA2
0000052D
000000E0
FFFFFAC0
00000134
FFFFF6CF
FFFFFEA6
FFFFF8F0
00000433
FFFFFD65
000014EE
FFFFF823
000003BB
000005D8
000002E8
00000225
FFFFFCF2
00000BA7
FFFFFCCD
00000375
00000375
FFFFFAE2
00000567
0000005F
00000581
000006DE
000011B1
0000058E
00000B49
FFFFFEC5
0000032D
FFFFF973
FFFFFBED
00000171
FFFFFD5B
0000036B
000005DF
FFFFF6A7
FFFFF110
0000010A
0000030A
00000165
FFFFF920
FFFFF7FD
FFFFE4B0
FFFFF25F
FFFFFF93
00000233
FFFFFBD0
FFFFFF86
0000022A
0000003F
00000798
FFFFF4F3
000006A0
00001070
00000839
FFFFFA9C
00000226
000007EF
FFFFFA83
00000DDA
000003F9
FFFFF259
00000650
FFFFFA68
00000228
00000EDB
00000095
000005AA
000009E2
FFFFF40B
FFFFFC08
00000692
FFFFF868
FFFFF710
000009E4
FFFFF4E5
000001FC
FFFFFD1E
FFFFFC8C
FFFFF2E0
FFFFECB7
FFFFF077
0000022C
00000175
FFFFF2FB
FFFFF578
FFFFF0E5
00000A7A
FFFFFD84
0000009D
00001492
0000015B
FFFFF491
00000C83
00000168
FFFFFE39
FFFFF619
00000847
FFFFFFEB
00000766
00000D09
FFFFF590
FFFFFF73
FFFFECBE
000003B2
FFFFF385
FFFFFFA3
FFFFF61A
00000489
FFFFF6BD
FFFFFD6E
FFFFF75C
FFFFFBBE
00000DBD
00000506
FFFFF405
FFFFF34F
FFFFF2E1
0000033A
0000010A
00000D9A
000006D1
FFFFF517
FFFFFB53
FFFFF724
FFFFF470
00000399
FFFFF554
FFFFF400
FFFFFBAC
00000B03
0000028C
000008DB
FFFFF3E7
FFFFF99A
0000034B
FFFFF2E3
FFFFF130
FFFFF5B0
FFFFF7CF
FFFFFFC0
000004CC
000003AB
000007DC
00000905
FFFFF8DB
FFFFF981
FFFFF24B
000009CB
FFFFFCC0
000005E0
000007F6
FFFFFABB
00000105
FFFFF5DE
FFFFFE78
FFFFFF32
FFFFFFF5
FFFFF988
00000401
00001200
00000915
0000018C
000001AE
00000037
00000C7C
00000DD4
000001E8
FFFFF7D5
0000038F
000008F1
00000A17
00000E49
FFFFFB77
00000CBB
FFFFF1FD
0000048D
FFFFFF07
000007C3
000001A5
FFFFF221
000007C0
000000E1
00000801
FFFFF0FB
FFFFF25A
00000842
FFFFFA24
00000763
FFFFF804
0000094C
0000027C
0000069C
FFFFF9B2
00000BC4
FFFFF8B5
000002F1
FFFFFF5D
FFFFF82A
FFFFFBCC
FFFFFB7F
FFFFF8D0
FFFFFA9A
FFFFF562
FFFFF1E4
0000013B
00000F0D
000001BD
FFFFF33A
00000C37
FFFFF33A
FFFFF6C2
FFFFFE2D
00000C4D
FFFFF2F0
0000070B
FFFFFEE9
0000023E
000006BC
FFFFFD96
FFFFFC11
FFFFF1F9
000004AB
00000BC5
00000DA0
00000CD1
FFFFFEDC
000000D7
FFFFF884
00000067
FFFFF3A4
0000024B
00000D4E
000002F5
0000026E
0000002B
00000727
FFFFF89A
0000090B
00000307
FFFFF9C4
FFFFFFB2
000001B0
FFFFFDE1
FFFFF9CD
00000A6C
00000A49
00000856
FFFFF773
FFFFFE5D
FFFFFDAE
00000831
00000914
0000001A
FFFFFEBE
FFFFF021
FFFFFAD6
FFFFFF5E
0000061E
0000084A
FFFFEFFB
00000DFE
000000B2
FFFFF9F4
000005BD
FFFFF072
FFFFF401
0000097C
00000192
0000019C
FFFFFDFF
00000BA3
FFFFFB4B
000003A3
FFFFF181
FFFFF73F
FFFFF96F
000002DA
FFFFFC86
FFFFF198
FFFFED91
FFFFF2C1
00000114
FFFFEC2C
0000022A
00000837
000002C0
00000064
00000D21
00000255
000001AA
FFFFF5F6
FFFFF94A
00000CD5
FFFFFF76
00000611
FFFFFD4D
FFFFF827
FFFFEB8B
00000442
FFFFEFE1
00000034
000005CE
00000513
000003AB
0000013E
000003E0
FFFFF6C8
FFFFFF2F
FFFFFEBF
00000089
00000028
FFFFF4A2
00000409
FFFFFAC8
000000DF
00000187
FFFFFC6C
FFFFFA18
000001E7
FFFFF876
000001EC
00000261
FFFFFC73
00000329
FFFFFAAD
00000836
000000CA
000003E7
0000004C
00000442
FFFFF730
FFFFFC54
FFFFF46E
000000EA
00000366
00000615
FFFFFC6C
0000059A
FFFFFFE4
00000904
00000076
FFFFFF68
00000E65
000002B1
FFFFFF22
00000DEE
00000402
00000BBC
00000734
FFFFF8C2
0000028E
00000A53
00000EF1
FFFFF8DC
00000644
000004F3
FFFFFDB7
0000005A
FFFFFC40
FFFFFF40
FFFFFB37
FFFFFE46
FFFFF8D6
000003C4
00000CC7
FFFFFAAE
FFFFFD69
FFFFEFEB
FFFFECC8
00000058
000007E0
FFFFFCB7
FFFFFE8D
FFFFEDF1
FFFFF9A9
00000998
FFFFFEF8
00000B32
0000053A
00000738
0000059A
00000AA2
00000A1D
000004D3
FFFFFD29
FFFFFDB1
FFFFED53
FFFFF602
000009BE
00000899
FFFFFE64
00000366
00000C92
FFFFF467
000003CA
0000026F
FFFFF665
0000003F
00000842
00000034
000003C3
000012AF
FFFFFA01
0000017A
FFFFFED1
00000063
FFFFFB36
FFFFF674
FFFFFCB4
00000476
FFFFFE77
0000029A
FFFFFCCC
FFFFF30E
FFFFFB5D
FFFFF725
FFFFFC86
FFFFFE70
FFFFF98F
FFFFF4A0
FFFFF948
00000065
FFFFF8EE
FFFFF97F
FFFFFD0C
FFFFFDE0
00000A8B
00000153
FFFFF853
FFFFF5B8
FFFFFCA8
FFFFFD7A
000011D7
00000279
00000130
FFFFFE6D
000009DC
FFFFFAA4
FFFFF84C
000001DB
FFFFF69B
FFFFFDE2
FFFFFD26
00000B19
FFFFFA64
000001CC
FFFFFD0F
FFFFF9C8
FFFFF8F3
FFFFFA86
0000061D
0000043C
FFFFFB5D
00000212
FFFFFFAB
00000384
000003D6
FFFFF69D
FFFFF762
FFFFFCCD
000001E0
FFFFF32A
0000038D
00000806
00000E03
00000250
FFFFF42E
FFFFFFD7
FFFFFCA4
000004DA
000000DE
FFFFF4D1
FFFFFA14
FFFFFACA
FFFFF475
0000038E
FFFFF84E
00000138
000000DD
FFFFFD89
FFFFFC68
FFFFFD3E
00000362
0000052E
FFFFFBE6
000003C7
000001B3
00000457
000000F7
00000749
0000079E
000007DD
FFFFFEFC
FFFFFCA6
FFFFFF1B
FFFFFC30
00000B78
FFFFF96D
00000585
00001087
000005DC
FFFFF906
FFFFF426
00000015
FFFFFA96
FFFFE89D
FFFFEB45
FFFFF229
FFFFEFCB
FFFFF2B0
FFFFF89D
00000D71
0000066F
FFFFF993
0000008A
00000465
000007B2
00000B8E
00000B19
FFFFEDEC
00000834
FFFFFA54
FFFFF168
FFFFF6E2
0000052E
00000044
000001DE
FFFFFCF1
FFFFFE64
FFFFFC61
FFFFFA76
0000032D
0000089F
00000B35
FFFFFDBE
00000A9E
FFFFFB6B
FFFFEC61
000001C9
00000542
00000019
FFFFFDB1
FFFFFE79
FFFFF9B4
FFFFFD24
FFFFF848
00000168
FFFFFAA3
00000621
FFFFF8D6
FFFFF309
FFFFF2AD
FFFFF7E9
00000983
0000080D
00000118
FFFFFBFD
FFFFF760
0000013D
FFFFFBDF
FFFFF996
000003F3
FFFFFB78
FFFFF427
FFFFEA3C
FFFFFB7D
FFFFF86B
00000568
00000399
00000707
00000012
FFFFFE8D
00000DEE
00000319
0000024C
FFFFF875
FFFFFBCF
00000590
00000075
FFFFF31A
FFFFFF61
000005FF
FFFFFDA6
000001DD
0000089F
000005BB
00001241
00000B25
00000CBD
00000FCD
00000DB9
FFFFF901
FFFFFC78
000001A8
000009FE
FFFFFB2B
000002ED
00000C89
00000B46
FFFFF619
FFFFF6FF
00000208
FFFFF05D
000006C3
00000A7E
FFFFFF06
00001097
FFFFFAC7
000007A6
FFFFFFE4
FFFFF5B4
FFFFF493
FFFFF965
FFFFF8CA
00000135
FFFFF461
0000064A
00000CA5
FFFFFC4A
00000026
FFFFF04B
FFFFF795
FFFFFAF6
FFFFFFF8
000009F9
FFFFFD3D
0000064E
0000037B
FFFFF82F
FFFFFAFE
000004DA
FFFFF9C5
FFFFFEFF
FFFFFD06
FFFFF42E
FFFFFDD1
000001D8
FFFFFB39
FFFFF5E5
00000642
FFFFFF58
00000EAB
000002B0
FFFFF3E2
FFFFF56A
00000596
FFFFF861
FFFFF669
FFFFFB97
000001A4
000003F3
0000053C
FFFFF7EB
00000DAE
FFFFF47F
FFFFFAD7
FFFFF7BA
FFFFF0A5
FFFFF3ED
FFFFFDDA
FFFFFC55
000004BA
FFFFF19A
00000C57
00000268
00000613
FFFFF768
00000228
00000741
FFFFFC09
FFFFFE1F
00000075
FFFFFAD3
FFFFFE8A
FFFFF981
000003C3
000004CA
FFFFF997
000005E6
000000C8
0000069A
000000EB
FFFFF604
FFFFF326
00000191
FFFFFF73
FFFFF7D1
FFFFF93A
000001CF
00000368
000012CE
00000209
00000391
00000AFD
000003D4
0000137F
00000D96
0000061E
00000A2D
FFFFF1C2
FFFFEDFF
FFFFF11E
00000C6E
00000811
FFFFFFDF
00000F07
00001257
00000BC6
FFFFFC19
FFFFFB63
FFFFF930
FFFFF90C
000003C0
00000B44
00000622
00000E8B
FFFFFCD6
0000080A
FFFFFB3D
FFFFF4F0
00000716
FFFFF9D3
000001F6
FFFFF8A5
FFFFF922
FFFFF3F3
FFFFFF7D
FFFFFE83
0000053C
FFFFFDA0
FFFFFABA
00000497
00000750
00000571
000001AE
FFFFF2B0
FFFFEFC6
00000243
FFFFF8AC
FFFFF5A9
FFFFF174
FFFFF653
FFFFF737
00000433
00000675
FFFFFA1F
000000F8
00000733
0000040C
000002E5
00000725
FFFFF7FC
FFFFFE58
0000055B
000009E4
00000B76
FFFFFC5A
FFFFFDDE
000004A0
00000619
FFFFF890
00000027
0000015D
FFFFFC60
0000033B
000007CA
00000AF5
00000692
FFFFFB30
00000878
FFFFF633
000004A4
FFFFFD7B
FFFFFB09
000008D2
00000333
FFFFFF1F
FFFFF9B7
00000395
FFFFFBB4
FFFFF362
FFFFFA0B
FFFFFE48
00000BD6
FFFFFD7D
FFFFFD31
0000019A
000000ED
FFFFF7BA
0000018F
000000DA
0000077B
FFFFF81F
FFFFFBE9
FFFFF9C5
FFFFF6F1
00000506
FFFFF8DD
FFFFF907
FFFFF264
000001D4
FFFFFA28
FFFFF54B
FFFFF5FE
00000816
FFFFF390
000002FC
00000274
FFFFF4CB
FFFFF6C6
000003C1
FFFFFA11
00000942
00000951
FFFFFE5B
FFFFFDE7
FFFFFA2A
000004A3
FFFFF384
FFFFF1E8
FFFFF6F5
00000814
FFFFF11E
FFFFF59D
FFFFFD45
FFFFF80D
FFFFFDB9
000002E2
FFFFFCB5
FFFFFE5A
0000094C
FFFFF92F
FFFFF860
FFFFFBF5
00000613
FFFFFF76
FFFFF682
00000405
FFFFFCC1
00000BFF
00000200
00000073
FFFFF847
FFFFFAA5
FFFFFB8A
00000253
00000E8E
FFFFF360
FFFFFF3E
000001DC
FFFFFF3F
FFFFFEA5
FFFFFFB0
FFFFF4F0
FFFFFBB2
FFFFF4C6
FFFFFBF7
000009AD
00000580
FFFFFCED
00000048
000000B2
FFFFEFBA
FFFFFCD6
FFFFF84D
FFFFFC08
FFFFF785
000005CC
00000F0E
000011A3
FFFFF5FA
FFFFF52B
FFFFFDAE
000002A0
00000B7C
FFFFE618
FFFFEEC4
FFFFF13F
00000839
00000EAE
FFFFEF13
00001151
000008DE
00000B0D
00000FC2
FFFFF993
00000002
00000D4A
FFFFFAD0
FFFFFC44
FFFFEE7A
FFFFFBB3
FFFFF74B
000007D1
00000B9B
00000EF1
FFFFFB45
FFFFF7D7
FFFFFFD2
FFFFF581
FFFFE5BE
FFFFFFA7
FFFFFCB9
FFFFF3D2
FFFFFA5A
FFFFF6ED
FFFFFA7B
FFFFF184
00000F6E
FFFFF27D
00000A5C
FFFFF276
000000A9
00000209
00000EFA
FFFFFA56
000007ED
00000824
00000305
00000233
FFFFF8BB
0000047C
FFFFEF80
FFFFF7F7
00001403
000012D7
FFFFF44E
00000862
0000186C
FFFFFC22
FFFFFFF8
FFFFFCB1
FFFFF88B
FFFFF350
FFFFFD2B
00000A3D
000002B9
FFFFF89F
000008D0
FFFFEE3C
FFFFFDE6
000002E0
FFFFFE28
00000601
FFFFF38E
FFFFF103
00000975
FFFFFC39
00000623
FFFFEF16
00000F0C
FFFFF6A7
00000607
FFFFFCB3
FFFFF3E3
FFFFEFD1
FFFFFF17
0000039C
00000C31
FFFFFDD0
FFFFEF52
FFFFFB4A
000005AE
FFFFF979
FFFFE9C3
00001097
FFFFFC44
FFFFFB6D
00000776
FFFFFBD0
0000036F
FFFFEEF7
00000AA9
000008E9
FFFFFEE7
00000248
FFFFFCFF
FFFFF085
FFFFF2FC
FFFFE9EC
FFFFEFBD
FFFFE6C6
FFFFE4BF
000000D7
FFFFF62C
FFFFE3B7
FFFFE6F3
0000033D
00000F1C
000001C2
00000FCC
000002FC
FFFFF720
00000130
FFFFEEE0
FFFFF913
000005AA
FFFFE689
FFFFFA07
00000ED7
00000CF1
FFFFFED9
00000850
FFFFF62F
FFFFEA6E
00000921
00000E67
00000184
00000F34
00000537
00000074
FFFFF64E
FFFFE9AD
FFFFFCAE
0000096C
00000F42
00000EE3
0000019D
00000BA5
00000E19
00000E0C
00000975
0000042A
00000AB4
00000195
FFFFFD6A
FFFFFDAE
00000EFB
FFFFFAA0
00001829
FFFFFADF
00000CFE
FFFFF863
00001168
0000065B
00000CB2
0000151D
FFFFF926
0000027B
FFFFFC3C
00000C81
00001081
FFFFEFCF
FFFFF700
FFFFFFFC
FFFFFC0B
FFFFFDCF
FFFFF82F
00000700
FFFFFC2B
00000811
0000181B
00000992
FFFFF71B
00000A6E
0000183C
000006E1
00001AE5
FFFFEC0A
000016BF
00000972
FFFFF7A7
00000CF3
000012F2
FFFFFEB9
000003F4
000001F8
00000C37
FFFFEE09
FFFFF3AF
FFFFFD35
FFFFF2EB
00000378
00000D5B
00000E92
0000067F
0000114F
FFFFFC2F
00000560
FFFFFF56
000002D8
00000CD4
00000759
000001E4
000000A1
FFFFF1EA
FFFFF4BE
00001745
FFFFF191
FFFFFBF6
00000C04
00000230
00001316
0000118F
FFFFFFFE
FFFFFBF8
FFFFF135
00000342
000004DF
FFFFF333
FFFFE79E
FFFFF07E
FFFFE6FD
FFFFE4BD
FFFFF4B0
000018B9
00000135
00001211
00001179
000004B2
00000DC7
000002D1
0000123B
00000D0D
00001B26
00000285
000016A7
FFFFF965
00000EC2
FFFFF75A
0000035B
FFFFF5BB
00000031
FFFFF023
FFFFFD89
FFFFFD21
00000ABC
FFFFF3EE
FFFFFAD2
FFFFF385
000005F9
FFFFEB80
00000DD3
FFFFFF56
00000CDA
00000453
FFFFFEB9
FFFFF28C
FFFFF092
FFFFF8F0
FFFFF42A
00000D5A
FFFFFD0B
0000131D
000001F0
00001E48
0000006D
00001124
FFFFF93B
FFFFFA7E
0000155D
FFFFF3BF
00000FC6
00001014
000007AD
FFFFFC86
000002FE
00000C0C
000001D1
FFFFFEA6
00000CC4
00001352
000009FC
FFFFFF06
000011D8
FFFFFD8F
FFFFFB50
FFFFF89C
0000062D
00000DF6
00000A63
FFFFF4B0
00000401
FFFFF387
FFFFF69C
FFFFF394
FFFFF943
FFFFFAB5
FFFFE9D5
00000668
FFFFF461
FFFFFF57
00000196
FFFFECF4
FFFFEEEC
00000633
00000C79
FFFFFD41
FFFFE4EE
FFFFF0A3
FFFFFB0C
FFFFF479
00000930
FFFFF68F
0000090C
FFFFF4D5
00001205
00000CE1
FFFFF19C
FFFFEF70
FFFFFFAE
FFFFEF37
000001CA
000017FF
FFFFEEA6
FFFFF2F1
00000F40
00000AFD
FFFFFE07
0000176C
FFFFEA77
00000753
FFFFE943
00000D03
00000224
FFFFE8EC
00000AB1
FFFFED89
FFFFF5F9
00000F6F
FFFFD9A9
00000872
FFFFFD36
00000D32
00000BCE
00001026
FFFFF56E
0000027F
FFFFF36C
FFFFFE94
FFFFF719
FFFFFC37
FFFFF57C
00000366
FFFFFE60
FFFFFAB0
FFFFE9FD
FFFFEDCB
0000051F
0000069B
000003E5
00000762
FFFFFAD6
00000A4D
00000CA7
00000E79
FFFFFA08
00000B63
FFFFF9CC
00000FF4
FFFFF67B
00000507
FFFFEEEF
0000019A
0000070F
FFFFFB74
00000E13
FFFFFCAD
FFFFF773
FFFFEC37
FFFFFC35
FFFFF2A9
FFFFE212
FFFFF8EA
FFFFFE11
FFFFFA4C
FFFFF9B2
FFFFED6A
FFFFF734
0000001F
FFFFF6FA
FFFFFBE6
000007E1
FFFFFF69
000006BE
FFFFEDCD
0000079B
00000203
000013F0
00000F62
00000F34
00000D2E
FFFFEC6F
FFFFF96C
000003DE
000010D4
00000147
FFFFF232
00000F29
00000E77
000006CB
FFFFF740
000008C1
000010A6
FFFFF41A
FFFFFE82
FFFFEEC1
FFFFF8F9
FFFFF5E2
FFFFF017
FFFFF7B5
00000B84
0000131E
FFFFEF16
FFFFFC33
00000D53
00000F1D
FFFFFE5B
00000EBF
00000670
FFFFF66D
000013A8
00000EAB
FFFFF538
FFFFEEC8
00000721
000000CC
00000D40
FFFFFC51
00000D2C
0000033A
FFFFFFA4
0000049C
FFFFE6BB
00000549
FFFFFC59
00000019
FFFFF622
FFFFFE62
FFFFF8B1
FFFFF95B
00000A65
FFFFFDC7
FFFFF830
00000DFF
FFFFF088
00000F56
00000333
00000989
FFFFED2D
FFFFF691
0000149E
000010D8
FFFFEA44
FFFFF68B
00001575
FFFFFBB7
00000AEB
000001AD
000006AD
FFFFF2F2
FFFFF642
0000027E
FFFFF588
00000C41
00000EF4
FFFFE6D1
FFFFFCA7
FFFFFE41
00000DDF
00000357
FFFFE303
00000355
0000054D
000003D9
00000C19
FFFFEF50
FFFFF73E
FFFFFDE4
FFFFF10E
FFFFFC77
0000003B
00000445
FFFFFBD3
FFFFE684
000000D0
000001B4
FFFFFCAC
FFFFF8EA
FFFFFF5F
FFFFE67F
FFFFE69C
FFFFE4F7
00000CC3
00000899
00000798
00000A7A
0000140F
FFFFF559
0000110D
FFFFF1FF
FFFFF717
FFFFF627
00000D9F
0000027F
00001377
000012BC
FFFFFED1
FFFFFFE8
00000483
00001015
FFFFEAC1
FFFFF731
000000FB
FFFFFB88
000004B9
FFFFFF4F
00000A62
FFFFF434
FFFFEECC
000011E0
FFFFF22C
00000A89
00000861
FFFFF9C5
FFFFFC23
FFFFF65E
FFFFF6D4
FFFFFA35
000008D8
FFFFF4A9
00000436
FFFFF1D2
000012D8
FFFFFE91
00000E83
FFFFEF9B
0000020E
FFFFF896
000013E0
FFFFF743
FFFFFF6F
00000987
FFFFFAC2
FFFFF8CE
0000064E
FFFFFF80
FFFFE6D6
00000456
FFFFE66C
FFFFF56D
FFFFF7F2
FFFFF187
FFFFF685
FFFFF13A
00000B6F
FFFFF8D2
0000078F
000000FD
00000D8C
FFFFFD2E
FFFFFCFF
FFFFFF3B
000003E9
FFFFFE31
FFFFF81E
FFFFFCD1
00000195
00000C28
000004CA
00000739
000001C5
000004DB
000003F2
0000068B
00000A62
FFFFFDFF
000009AF
000001D3
FFFFFF95
FFFFFAF4
FFFFF9EE
00000563
000007CB
FFFFF85E
00000A51
00000103
00000B83
FFFFFB67
FFFFF95A
000009AB
FFFFFCF8
FFFFFF61
00000307
00000091
FFFFFEE2
00000584
FFFFFD03
000001F4
00000861
FFFFFD7F
000000CF
FFFFF759
00000686
00000628
FFFFFAFE
000003F4
FFFFF966
FFFFFC13
00000884
FFFFFDEE
00000ADD
FFFFFF30
00000AD3
FFFFF9E0
00000665
000004B9
000000B9
0000058D
00000990
FFFFFFF3
000009E9
00000057
FFFFFB06
000000B1
0000105A
FFFFFDF8
00000342
000003B1
00000236
FFFFF73C
FFFFFD54
FFFFFB76
FFFFF5DB
00000789
00000CCA
00000520
FFFFFD8B
000009E1
FFFFF59E
00000037
FFFFF576
FFFFFEB4
FFFFF1CE
FFFFF8BD
FFFFF4FD
FFFFFAF6
000006FB
FFFFFFB3
00000393
0000088A
00000604
0000021E
000004BE
FFFFFF09
FFFFFED0
FFFFFE1A
0000055C
00000459
0000055E
FFFFFA06
00000BB0
FFFFFFD1
00000022
FFFFF6B0
000009AD
FFFFF143
FFFFFAC7
FFFFF99B
00000688
FFFFF8B8
00000699
FFFFFAA1
00000063
000000D8
FFFFFEF2
FFFFFECE
FFFFFB6E
00000A2A
FFFFFEE5
00000355
FFFFFF26
000006B3
000008D6
FFFFF8B3
FFFFFDFC
00000856
FFFFF959
00000966
00000268
00000B44
00000788
FFFFF9FF
000004A5
FFFFFB96
FFFFFAC6
0000016C
0000000D
00000446
FFFFF76F
000012D5
FFFFFCFA
00000614
000004A2
00000881
FFFFFC2C
00000CC6
000003DF
00000ED5
000001F3
000004F9
00000137
FFFFF932
00000520
FFFFFF31
00000A36
FFFFFC28
FFFFFFE0
0000001E
000000DC
0000001D
0000004C
000001DE
000000FB
000008A0
FFFFFD94
FFFFF8C6
FFFFF920
000001CC
000001F5
00000911
000008EB
000002D9
FFFFFCE0
000005C3
FFFFF5C1
00000198
FFFFF352
00000793
FFFFFC0B
00000ACD
FFFFF4F8
0000024F
FFFFFABB
000003BE
FFFFF7AD
00000702
FFFFF3D3
0000080E
0000024C
FFFFF7D0
0000017F
00000AEC
FFFFFDFE
FFFFFC58
000001B0
00000DD0
00000588
000002F9
0000003E
000006ED
FFFFFBED
0000033E
FFFFFA9C
000001C9
FFFFFDB7
00000974
0000067C
0000062E
00000017
FFFFFEB5
00000136
000000DD
00000B1B
FFFFF827
FFFFFC6C
00000BE6
FFFFFCE5
FFFFF83B
00000256
000002BA
000006F2
00000E0E
000002C1
00000D2A
00000804
00001071
FFFFFAF7
00000C5E
0000032F
00000AB4
00000A4C
FFFFFBFB
000002A5
FFFFFB0D
FFFFFFD6
00000F47
00000534
FFFFFB08
0000050C
FFFFF801
00000A72
00000518
000005E1
00000B71
FFFFFB41
FFFFF6B5
0000074D
FFFFF6AE
FFFFF959
000009E4
00000822
FFFFFB55
000004CD
00000461
FFFFFFC7
000000C4
00000535
00000804
FFFFFE0E
FFFFFF6B
FFFFFE63
0000020C
00000B65
000003FD
FFFFFCA1
00000940
0000047D
00000681
FFFFFCDA
0000016B
FFFFFB2A
000001A1
000004D7
FFFFFFEA
000001F2
000006AA
00000411
FFFFFC9E
00000C68
000008D8
FFFFF5E8
0000040A
FFFFF6AD
FFFFFD92
00000D37
FFFFF8E7
00000B3C
000006FC
00000334
00000A46
FFFFFEF1
FFFFFA98
FFFFFECE
00000AAA
0000048A
00000068
FFFFF8EB
000006B0
FFFFF1BA
0000078A
FFFFF2C3
000013F5
000005AB
00000B59
FFFFF69C
00000413
000000A6
00000BF3
FFFFFB71
000000D5
FFFFFE93
FFFFFDD2
000007DE
000008F4
FFFFF843
FFFFFCA1
00000366
0000002B
FFFFF9A5
00000746
00000468
000005AB
FFFFFB2A
0000030B
00000463
00000AAC
00000AA1
FFFFFA4A
FFFFFBE4
00000F1B
FFFFFA94
00000CF5
FFFFFDDC
00000077
000008FF
FFFFFC0C
00000488
00000A24
FFFFF916
00000250
FFFFFB32
00000B34
00000B51
00000828
FFFFF5A1
FFFFFE5A
00000A0F
00000128
FFFFFEE7
FFFFF83D
000000ED
FFFFFBD7
FFFFFEF7
FFFFF71C
FFFFFBAF
FFFFFEF1
00000AE5
000000BC
FFFFFE37
000009FA
00000653
FFFFFF5A
00000DFA
FFFFFA73
FFFFF95B
00000537
FFFFF6EE
000004BA
00000944
0000005F
FFFFF5D3
00000486
FFFFF8D9
00000A39
FFFFFF62
000002EA
000002C7
000001A4
000009F2
FFFFF876
000007FD
FFFFFFCC
FFFFFF96
00000E64
FFFFFA98
FFFFFFC0
FFFFFA7C
00000A13
FFFFFCB0
00000411
00000256
FFFFFB19
FFFFFE82
FFFFFBA2
00000A7A
000002F8
FFFFF388
FFFFF809
FFFFFF0A
FFFFF3F3
0000048F
FFFFFAF3
FFFFF94D
FFFFFEAD
00000187
FFFFF9F4
FFFFFF14
FFFFF921
000003B6
FFFFF8A1
00000860
FFFFFC08
000003C6
000002C8
0000030D
FFFFF481
FFFFFB74
00000396
00000BE0
0000060E
00000E04
00000179
000008FB
000008DC
FFFFFDAE
00000868
000004D9
00000053
000001B1
FFFFF7B8
00000C58
FFFFF8EB
0000072A
FFFFFC2D
00000A54
FFFFFE17
00000255
00000A31
000009B2
FFFFFE99
0000051D
000004B3
FFFFFD99
000007F8
FFFFFBE3
000003A1
000006A3
0000053B
00000574
00000593
00000684
00000CB4
0000077D
00000508
0000014A
000007E9
0000072A
FFFFFEAD
000008AB
FFFFF7B8
000005FF
FFFFFE15
FFFFFA23
FFFFFF66
00000C6F
FFFFFB10
000011B1
00000777
0000048B
FFFFFBA6
0000016C
000006F7
00000177
0000010C
000004C1
00000615
0000094D
FFFFFC87
FFFFFB5B
000004F0
00000456
000002B5
00000A96
FFFFFEE9
00000EB7
00000788
0000086D
FFFFF89C
00000770
00000690
00000517
000009A1
FFFFF560
00000913
FFFFF668
00000600
FFFFF8B8
FFFFF618
FFFFFCCD
000008A8
00000BA6
00000263
0000093A
000003BA
00000700
00000234
00000A3F
00000425
00000A9F
FFFFFDA3
000005A6
FFFFF79B
FFFFFA55
FFFFF9A5
00000B69
FFFFFDEF
000006F3
FFFFFB1D
000001B5
0000089B
00000C70
0000084C
0000042C
FFFFFE62
FFFFFB06
00000A0D
00000349
FFFFFE07
00000AED
00000DCB
FFFFFF35
0000113D
00000755
FFFFF2BE
FFFFF8A2
0000007B
000010C8
0000031E
000011FF
00000C6A
000000B5
FFFFFF64
00000AF7
00000CCA
FFFFFDAB
00000541
FFFFF4C5
0000046C
000003C3
FFFFFCC4
FFFFF343
FFFFFA91
FFFFFCAF
FFFFFC01
FFFFF9D8
000004F3
FFFFFB2C
000004E6
FFFFFE8F
0000033F
FFFFF2CC
FFFFFA04
0000037B
FFFFFE9F
FFFFFD2D
FFFFFE70
FFFFFE43
FFFFFDA1
00000719
FFFFF869
FFFFFCA4
FFFFEEF3
FFFFF914
FFFFF609
000004EE
000013C2
FFFFFE6F
000000EE
FFFFF77C
00000287
00000CBB
00000428
FFFFFB3A
00000378
0000074F
00000598
FFFFFD7A
00000602
000002F8
00000762
FFFFFDE3
00000099
0000015B
0000000E
00000660
00000858
00000B85
FFFFFA85
FFFFF7DA
FFFFFB69
FFFFFE9F
FFFFFDA5
FFFFF76F
FFFFF79B
00000416
00000497
FFFFF970
FFFFFD0A
00000917
FFFFFE8C
0000045A
0000093A
00001131
FFFFF50D
FFFFFFF9
FFFFFF07
00000745
000003B1
FFFFF89C
000004A6
FFFFF331
000002F3
FFFFF4B1
00000019
000006DF
FFFFF67B
000007B2
FFFFEEFF
FFFFF748
000008A8
00000860
FFFFFE68
FFFFFD3B
FFFFF8FF
000006C9
000003BB
FFFFFA00
00000285
FFFFEF22
FFFFF4F7
FFFFF40F
000002AC
000005B7
FFFFFF34
00000659
FFFFFCE8
000001E3
000004DA
00001098
FFFFF8C4
FFFFFFA6
0000044F
FFFFFBB4
00000875
000007BF
000003EE
FFFFF78A
FFFFFCF4
000003DF
00000A99
FFFFFCE6
FFFFF9A5
0000015B
FFFFF4EA
FFFFFD32
FFFFFCF6
FFFFF125
00000549
00000517
00000045
00000C4D
0000026F
0000053B
FFFFFC95
FFFFF62E
000002F6
00000717
FFFFFB04
FFFFFD6F
FFFFF9E3
000001AA
00000446
FFFFFB81
FFFFF697
000002DD
FFFFF656
FFFFFD15
FFFFFC86
FFFFFD0A
FFFFF0DC
0000045A
0000047D
000009CD
000005BD
00000A87
000001A9
FFFFFC3E
000008AA
FFFFF5BC
00000431
00000E24
FFFFFDE5
00000029
FFFFFF71
00000490
00000B29
0000012F
00000018
000001A7
FFFFF72D
FFFFFDB4
FFFFF7EF
FFFFFE7F
FFFFF921
000004B0
00000810
FFFFFF09
0000013F
00000889
FFFFF50E
FFFFFCC9
00000E40
FFFFFA99
000007A3
00000951
FFFFFAF1
0000003E
FFFFF4BD
FFFFFD2A
FFFFF191
FFFFFCF7
00000198
00000584
FFFFFC05
0000046C
00000542
FFFFFE82
FFFFF9FF
FFFFF309
FFFFFFCC
FFFFF874
000001CD
FFFFF5E6
000000DC
FFFFF0B6
0000047C
000004A1
0000098F
00000141
FFFFFB42
FFFFF4DD
0000047E
00000B36
00000B1D
00000777
FFFFF5C6
000006DB
FFFFFFC4
00000609
00000808
FFFFFBD2
FFFFFCFF
FFFFFCA0
FFFFF4D2
0000008A
000002FD
00000323
FFFFFA2E
000000C5
000009A6
000008E9
000004B3
FFFFF64E
000004A9
00000A47
FFFFFF6C
FFFFF499
FFFFF521
000007C8
FFFFFF35
000009D3
FFFFFC82
0000089C
FFFFFDD8
00000064
000003BE
0000031E
FFFFF38C
00000C22
00000078
00000A24
FFFFF652
FFFFF635
0000038E
FFFFFEDC
FFFFF77F
00000213
FFFFED30
FFFFF8CB
FFFFFF6B
FFFFEFDD
FFFFFE31
FFFFF5D0
000004A7
FFFFEDFD
000002D5
FFFFF98B
FFFFFFA4
0000071E
00000AC2
0000052D
FFFFF40E
0000002C
000002DD
00000411
00000592
000001A8
00000229
FFFFF7DC
FFFFFC02
FFFFF586
FFFFF861
FFFFFB88
FFFFF569
FFFFF1E5
FFFFF954
00000EA2
000005A8
00000ED4
FFFFFFC2
00000AE7
00000143
000002F5
FFFFF80A
FFFFFBC4
0000076B
FFFFFD3D
000008C4
000002F6
00000017
FFFFF683
FFFFEF41
0000053A
0000098E
00000083
000003B7
FFFFF40D
FFFFFD1E
FFFFFF8F
00000655
FFFFF123
FFFFF96C
00000608
00000D3C
000004CE
00000BE9
000003C9
FFFFF352
FFFFF847
00000001
00000759
FFFFFED6
FFFFFE57
FFFFF2E4
FFFFF845
FFFFFE18
FFFFFB66
0000020A
0000010D
FFFFF850
FFFFF938
FFFFF79C
00000320
FFFFF020
FFFFFD26
000006DB
00000966
00000B60
00000EEF
00000C4D
000007DF
FFFFF3FA
FFFFFCFD
000007B1
00000A9A
FFFFFBC9
000001DD
FFFFFE4A
FFFFF9D3
0000031C
FFFFFDA7
00000587
FFFFF592
FFFFF2E6
FFFFF9DD
FFFFF8B5
000000BD
FFFFFB03
FFFFFE84
00000B0D
00000085
FFFFFEA6
000001C5
FFFFFF96
FFFFFB61
FFFFF5FB
FFFFF802
FFFFF414
FFFFF968
FFFFF341
000000B2
000002AE
00000002
00000339
FFFFFA57
FFFFF96C
FFFFFFE4
FFFFF01A
FFFFFDC8
FFFFF77B
FFFFFFAD
00000E48
FFFFFF55
FFFFFAF2
0000017A
FFFFFE28
FFFFFB03
0000044F
0000055E
FFFFFA13
00000327
FFFFFD22
00000653
00000031
FFFFF480
FFFFFC07
00000156
00000301
0000057A
FFFFF6F5
FFFFF7C9
FFFFF3A2
FFFFFD42
FFFFF5AB
FFFFFE19
000005A8
FFFFFC7B
00000BE1
FFFFFA20
000006EF
000006F9
00000349
FFFFFE4C
FFFFFA98
FFFFFCCB
FFFFF3C7
00000749
FFFFF70D
FFFFFFA4
FFFFF509
FFFFF348
FFFFFFB4
FFFFF289
FFFFF621
FFFFFF3B
FFFFF053
FFFFF531
00000CC0
FFFFF66B
FFFFF951
FFFFF838
FFFFFAA0
000007F9
00000044
FFFFF85A
FFFFF322
FFFFFD42
FFFFFE66
0000084A
FFFFFBA4
FFFFFAE0
FFFFEFFB
0000057A
FFFFF7EA
00000240
000002F3
FFFFF48C
00000801
FFFFFB89
0000022B
0000017A
00000569
FFFFFC57
00000502
00000A44
00000729
FFFFF794
00000061
00000632
00000350
FFFFF928
FFFFF7AC
000007DD
00000E63
00000A5A
0000051A
FFFFF598
000004CF
FFFFF5D9
FFFFF9D6
000005F8
FFFFFC9C
FFFFF592
00000962
FFFFF7CC
FFFFFE51
00000899
0000021A
FFFFFF46
0000053D
000004BD
0000087E
FFFFF4EF
FFFFFE76
0000013C
FFFFFA6C
0000030B
FFFFFF70
FFFFFC7A
FFFFF995
00000041
00000671
00000CAB
FFFFFA15
FFFFF9CA
FFFFFEC0
FFFFFFFF
000008E0
FFFFFE6E
00000C2A
FFFFF275
FFFFF86F
FFFFFA7C
FFFFED18
00000616
00000427
FFFFF9FF
FFFFF4C5
FFFFF487
FFFFFE99
FFFFFC23
FFFFF99A
0000088E
FFFFF748
FFFFF56D
FFFFFE94
FFFFFF52
0000092B
0000085E
FFFFFE31
00000489
00000135
FFFFF97D
FFFFFCFC
00000343
FFFFF27E
000002B0
FFFFF6B0
FFFFFF22
000003FB
FFFFF563
FFFFF1F7
0000053E
0000020B
FFFFFADD
FFFFFDBF
000006D3
FFFFFEFD
0000052E
FFFFF310
FFFFF8DA
0000018E
000005C0
00000523
FFFFFAE4
00000969
FFFFF9C9
FFFFF378
FFFFF18E
00000483
FFFFF751
FFFFF0FD
FFFFFBCA
FFFFFCF8
FFFFFB29
FFFFF089
00000162
FFFFFFC9
000006BE
00000324
000004DD
FFFFF6B1
00000E4A
FFFFFA34
00000F24
FFFFFF1E
FFFFF535
000001EC
000002C3
FFFFF8D1
FFFFF9AB
FFFFEFA2
FFFFF7DE
FFFFFF98
00000416
0000041B
FFFFFCD2
FFFFF43F
00000192
FFFFF779
000008A2
FFFFFDBF
FFFFF43C
FFFFFF10
FFFFFA7B
00000164
FFFFEA33
FFFFF39B
FFFFF476
00000328
FFFFFFB6
000000A8
000006DA
FFFFFBAE
FFFFF7C6
FFFFFBD4
FFFFF5D4
FFFFF945
FFFFFA3C
FFFFFDC0
0000000E
00000A74
FFFFF2B0
000003D9
FFFFFC1A
0000016A
00000660
0000043E
00000DCE
00000F06
FFFFF6F1
FFFFF2F5
00000EF1
00000CE2
000008BF
FFFFF814
FFFFEFDA
00000A5B
000004E1
FFFFFBF4
00000973
FFFFFDCD
000002AB
0000024A
000006AC
FFFFF147
FFFFF28D
FFFFFC36
00000FF7
00000893
00000B3C
FFFFF593
FFFFFEA5
00000DF7
FFFFF915
FFFFFC31
0000068C
000004D1
0000074F
FFFFFA6F
00000063
FFFFF195
00000CD9
00000084
FFFFF433
FFFFEF5B
00000367
00000573
FFFFEDD9
00000801
00000932
FFFFFD11
00000449
00000A60
FFFFFC01
00000344
0000035B
FFFFF1E4
000008BC
000006C0
000000CC
FFFFFD38
FFFFF003
FFFFF38C
FFFFF7FE
FFFFF6CC
FFFFF178
FFFFF338
00000891
FFFFF16D
FFFFFF53
FFFFFB9B
000005F9
FFFFF9FA
FFFFFAC5
000005D2
FFFFFDE5
00000B5D
FFFFFF21
0000054E
FFFFF73D
FFFFFF7B
00000688
FFFFFFAC
FFFFEC81
FFFFEE94
00000A4C
FFFFF82F
00000612
000001F2
FFFFF6A1
00000F54
00000AA4
00000B91
00000FA6
FFFFE7B3
00000AAB
0000000C
FFFFF4E4
000002AE
FFFFFC9C
FFFFF422
FFFFF39D
0000016B
FFFFF54F
00000052
00000F5E
00000D7C
0000099A
00000EE9
00000CE2
FFFFFE2D
0000099A
FFFFFEB7
000003F4
FFFFFAFC
00000625
FFFFEE10
FFFFFB71
FFFFFAE4
FFFFF79E
000007B6
FFFFF8BE
FFFFF404
FFFFFA5C
FFFFF0B2
000004C3
FFFFFE44
FFFFF7AD
0000063A
00000763
00000C48
FFFFEEBA
FFFFFD8C
0000018D
FFFFEEE2
0000062A
FFFFFC51
00000F28
FFFFF7EE
FFFFFFA5
FFFFF172
FFFFF9C8
FFFFFF6D
FFFFFBDE
FFFFF5EE
000013F0
00000821
000009A4
FFFFF41F
000006AD
000013C1
FFFFF00C
00000372
00000198
000016AA
FFFFF469
00000F49
00000AFB
0000184E
FFFFF155
FFFFFA6A
FFFFF919
0000064C
0000130A
FFFFFFD8
FFFFF672
000009A7
00000B2A
FFFFF9A3
FFFFF3E6
FFFFEF98
000004BB
FFFFFF48
0000000B
FFFFE7EE
FFFFF6D9
000006FB
00001520
FFFFFF0F
FFFFF7F7
000002C7
FFFFF52D
00001587
00000FE9
FFFFF972
FFFFF8BB
0000163C
FFFFF872
00001D2A
00000D4E
FFFFFEC9
FFFFF9F6
0000102A
00000742
FFFFFED1
FFFFEEB5
00001A91
FFFFE768
FFFFF91E
000012EE
FFFFFBD5
FFFFF47A
0000062F
000006A0
00000F6C
0000077A
0000091D
FFFFFEDD
FFFFFE5E
FFFFFDC3
FFFFF38F
FFFFF6C0
0000135A
0000073D
FFFFFFB7
0000010D
FFFFEA42
FFFFFE5E
FFFFEBF8
FFFFE994
FFFFE915
FFFFF678
00000604
FFFFFDC9
00000D98
0000049E
0000110E
FFFFFD70
FFFFFA7C
000001E0
FFFFFDF4
0000059E
FFFFF7DB
FFFFF7CC
FFFFF96D
00000FA5
FFFFEF03
000000E7
FFFFFA7D
FFFFE511
00001646
000007CD
00000FF6
0000004A
FFFFF70A
000001ED
FFFFFA73
000006ED
FFFFFEA0
00000E3C
00000057
0000182B
FFFFF714
FFFFFC07
00000A62
000001E4
FFFFFDBD
FFFFFECF
FFFFEB9B
00000324
000004E9
FFFFFA70
FFFFE1EC
FFFFF756
FFFFEFAC
FFFFF185
FFFFF388
FFFFF756
0000073C
000012D6
0000079A
FFFFF910
FFFFF768
00000F25
FFFFF961
FFFFF9B3
000005B9
FFFFF854
000008FC
000000B8
00000B68
FFFFF348
000009B4
FFFFEFDC
FFFFF9A9
FFFFFBC7
FFFFFFC3
00000BD2
000001BB
FFFFFBA6
0000085C
FFFFF983
FFFFF4E8
00000A19
FFFFF790
0000109A
000004B4
00001018
0000007C
FFFFF9FA
00000B10
00000DDB
000006E9
0000044F
0000030B
FFFFF30E
FFFFF3FC
00000E8B
FFFFFD78
FFFFFCE3
00000936
FFFFFABA
00002026
FFFFF2FC
00001014
FFFFF6DE
00001F08
00000CFC
00001771
FFFFEB2D
000001AA
FFFFFEBB
FFFFF59F
00000199
FFFFED8D
FFFFEDFC
FFFFFF5D
0000087F
FFFFF092
00000739
FFFFFE0C
000007BB
00000D45
FFFFECC9
000016C0
FFFFF314
00000342
00000689
FFFFF304
FFFFEF8B
000000D6
FFFFEEAF
FFFFFD63
FFFFF368
FFFFFE4C
FFFFF509
FFFFFE80
000005EF
0000078A
FFFFDBC8
00001469
FFFFFE84
FFFFF991
000000D3
00000DD1
FFFFE4CC
000015FB
FFFFF99A
00000289
FFFFFB7E
0000073D
FFFFF735
FFFFFC03
FFFFF7FE
00000A7A
0000046C
FFFFECC8
00000640
FFFFF2B9
FFFFF140
FFFFF807
FFFFF2A7
FFFFF33F
000008CB
000000CD
FFFFF917
00000730
00000057
00000DE9
000002AE
000006CC
00000754
FFFFF62E
FFFFFDEC
FFFFEF70
FFFFF835
FFFFFC62
FFFFFA47
000003EA
000007F2
00000776
FFFFFE53
0000080F
FFFFF9B4
00000BAA
FFFFF82F
00000348
FFFFF13D
0000008F
FFFFF025
FFFFFC18
000000FE
FFFFF82A
00001268
FFFFEBE8
0000120F
00000FF3
000002CC
FFFFFCDE
0000070F
FFFFFB30
0000125D
FFFFFE2C
00000CC3
00001130
00000EC0
0000056F
FFFFFE89
FFFFFC11
00000630
FFFFF785
000009D8
000005BD
FFFFF85D
FFFFF7CD
FFFFFE77
00000402
000010F1
FFFFF95D
0000045A
FFFFFABD
FFFFFBB1
FFFFF1CE
FFFFF0B3
000002C0
00000089
FFFFF29E
000007CF
00000728
0000131B
00000DCD
00000B8F
FFFFF1D1
000003C9
FFFFFD6C
FFFFFA87
00000825
00000071
00000809
FFFFF9FD
00000462
FFFFFA22
FFFFF387
FFFFEB7E
FFFFF03E
FFFFEA0C
00000FB8
00000FBC
000000C9
00000D10
FFFFF429
FFFFFA6C
00000665
00000CC7
00000D27
0000060F
FFFFFEA9
FFFFF4CB
00000CBE
FFFFFBC0
FFFFFEBE
000009FE
000005F5
FFFFF6B8
FFFFFBA2
00000BE0
FFFFF0BF
FFFFF370
000009AA
FFFFF78A
0000009B
00000047
FFFFF641
FFFFF98D
FFFFF9AD
00000D12
FFFFFCC1
0000015F
FFFFFB66
00000C18
FFFFFC18
00000DBD
000013AE
000003C1
00000E9E
000000D7
FFFFF852
00000C53
FFFFFE2C
000008B6
000007A8
FFFFFCB5
FFFFF0A9
00000581
FFFFF9C0
00000933
0000023C
00000CEB
00000809
000007A4
00000861
FFFFF446
FFFFFC9F
000005DF
FFFFF6D2
FFFFEFEA
FFFFF30A
FFFFFE11
00000918
FFFFF7AA
000006D1
FFFFF130
00000367
000003F5
FFFFFDBF
FFFFF10E
00000C73
00000567
FFFFF0CF
00000206
00000E9E
000007AE
FFFFEE6D
FFFFF48C
FFFFEB8E
FFFFF7BA
FFFFF3D9
0000084B
FFFFF8F7
00001793
000008E8
00000202
FFFFF26B
FFFFFE31
FFFFFAC8
FFFFFF81
FFFFEED9
000004E7
FFFFFFAF
FFFFECFD
0000083E
FFFFFB6A
FFFFE4FF
00000B8E
FFFFF41A
FFFFF28F
00000AA8
FFFFF4A0
FFFFF499
FFFFFC7D
0000018E
FFFFF5C1
FFFFF9EF
FFFFF884
FFFFFAC0
FFFFF562
0000034C
FFFFFFFE
000000D3
FFFFF84F
FFFFFE60
FFFFF526
FFFFF538
00000887
FFFFF5F8
000016B2
FFFFF90E
00000D59
000005F5
00000AE7
FFFFEA79
00001120
0000097C
00000CBB
FFFFFCEA
00000700
FFFFF461
00000D78
FFFFFE69
FFFFF03B
00000CD0
000012DA
FFFFF90D
00000387
FFFFF856
FFFFF0D5
000007B8
00000A1B
000000FA
FFFFF272
FFFFFFE5
FFFFF390
00000A09
00000C2C
00000759
FFFFFAE1
FFFFF2FB
00000027
FFFFF426
00000767
FFFFFF7E
00000002
000008AE
0000068D
FFFFFF38
00000A50
FFFFF28D
00000340
FFFFF5CD
0000036C
FFFFF36A
00000C83
FFFFFDFD
FFFFF75F
FFFFF2F9
000003B1
FFFFF5CC
000005DB
0000150B
000009B9
FFFFFE20
FFFFF4E8
FFFFF4F6
FFFFF183
FFFFF7FB
FFFFF669
0000075C
FFFFF6A5
00000622
FFFFF584
000007D4
FFFFEF62
0000001C
FFFFF078
FFFFED84
000007E7
FFFFF293
00000DA1
00000E2C
FFFFF28D
00000B53
FFFFF661
FFFFEF76
FFFFFA96
000004C4
00000B79
FFFFFDA7
00000BB6
0000077E
FFFFFB3A
000009E5
FFFFF264
FFFFFD16
FFFFF3BD
FFFFF594
FFFFFBE1
FFFFF492
000001B8
000003A3
FFFFF7FA
FFFFF0C5
FFFFF80C
00000746
000008EE
00001297
00001169
00000DA5
FFFFFDA5
00000B84
000010C2
00001324
FFFFFCEA
FFFFEE73
000005DD
00000008
FFFFF33A
FFFFFFF5
00001087
00000DAD
000012DF
00000166
FFFFF11A
FFFFF7C7
00000456
FFFFFBF5
FFFFFE18
FFFFF8FF
FFFFF259
00000772
FFFFFFCA
FFFFF7CC
FFFFF4B1
0000006C
FFFFFA05
FFFFF867
000005D2
FFFFFAE5
FFFFF433
FFFFF87E
000005A7
FFFFFFC2
FFFFF363
FFFFFB0C
FFFFF8CD
0000014E
FFFFF9CD
FFFFEF8A
00000890
000004C1
0000058E
FFFFF72B
00000D6F
0000062C
FFFFF55B
FFFFF339
FFFFFBD9
FFFFFE08
000001C4
000004F1
FFFFFE90
FFFFF7EC
FFFFEC0A
00000383
000001D8
00000B20
FFFFF818
FFFFF94B
FFFFFAAE
00000CDC
00000A16
FFFFFE5F
00000B43
00000F59
000006D8
FFFFEEBE
FFFFEF5D
00000C1E
00000507
FFFFF280
000005F9
FFFFF2B6
FFFFF0C0
FFFFF8D4
FFFFF8FA
0000024C
00000596
00001364
FFFFF9B5
00000C20
FFFFF61B
FFFFEDDF
FFFFEF58
FFFFF08B
00000019
FFFFFE1F
FFFFFE8D
00000CC4
0000042E
00000726
00000028
FFFFEBE3
FFFFF58A
FFFFF8A0
0000029E
FFFFF85A
FFFFFCAB
FFFFFA26
FFFFF879
FFFFF27A
FFFFF510
00000695
00001370
FFFFFEFE
0000018C
00000998
00001897
FFFFF95C
000003D8
FFFFF332
FFFFF19B
00000383
00000611
FFFFF98E
00000989
00000525
FFFFF727
FFFFF562
000007C6
FFFFF910
FFFFF94B
00000494
FFFFFE22
FFFFEBF0
FFFFF0BD
00000999
FFFFEE7D
00000F7E
00000CEE
FFFFFB8D
FFFFFA73
00000136
000005D7
FFFFFD19
FFFFF73B
FFFFFD8F
FFFFFE89
00000B22
FFFFF9DA
00000A17
FFFFF360
0000084F
00000C00
FFFFFD7E
FFFFFA2C
0000001D
FFFFFFE5
000001A8
000008F4
0000089A
00000899
00000472
00000E96
00000840
FFFFFEA5
FFFFFB1E
FFFFF392
00000022
000007CF
00000791
00000C25
FFFFF03C
FFFFEB67
FFFFFB2D
00000A15
FFFFFE35
FFFFF6DA
FFFFF776
FFFFFD34
00000816
000009DE
FFFFFF10
000000F6
00000B5F
FFFFFD6F
000012ED
00000336
00000CAD
0000140F
00000439
FFFFFF7D
00000CA1
FFFFFF70
FFFFFAA8
FFFFFC11
00000734
FFFFF3DE
FFFFFB7C
00000B92
0000020C
00000121
FFFFFADC
00000A87
FFFFF206
00000C1C
FFFFF822
000001AD
FFFFF1E9
00000360
FFFFE9BC
0000021F
0000017F
FFFFFD63
00000F83
FFFFF882
FFFFFCB5
0000018D
FFFFF8D1
00000AC1
00001159
FFFFF35F
00001A96
FFFFFDEE
FFFFFCB5
FFFFFDC1
00000E2C
00000D11
00000C0F
FFFFF071
FFFFFFC3
000009FE
000000E0
0000126E
000009AB
00000578
FFFFFBD0
FFFFF602
FFFFEFA4
00000567
FFFFFB7C
000010B6
FFFFFC9D
000000F2
FFFFF656
FFFFFEB1
000002E2
FFFFFF0A
FFFFFC01
FFFFF1EC
FFFFFE86
FFFFFE7D
FFFFFC68
00000066
00000274
FFFFF87A
00000557
FFFFF251
00000B14
000005B1
FFFFFDCA
FFFFF3CF
FFFFF4CD
FFFFF988
00000A81
FFFFF5B5
FFFFFA8E
000004D3
FFFFF49D
FFFFF475
FFFFF5CC
FFFFFE86
00000558
FFFFF12D
FFFFFAB9
FFFFECFF
FFFFFD39
FFFFF38E
FFFFFDA0
FFFFF973
FFFFEA1C
FFFFF68D
FFFFF162
00000485
0000000C
FFFFED00
FFFFF198
00000F4F
FFFFFD8A
FFFFFD71
FFFFFE0D
FFFFFD37
0000065E
00000BAD
00000795
000006B4
FFFFF513
00000EF3
FFFFF6D0
000004D3
000005A9
00000770
FFFFFC9A
FFFFF4F9
FFFFF339
FFFFF839
000003AE
FFFFFA0C
FFFFFFBC
0000006F
000007E3
FFFFF89F
FFFFEE16
FFFFF88A
000010D8
000008B9
FFFFF09C
FFFFEF53
FFFFF689
00000DC5
FFFFFE10
FFFFFAD7
00000246
FFFFF17E
FFFFF3DC
000012B3
00000A51
00000E5A
000005D3
00001410
000009B8
FFFFFB75
FFFFFA1A
0000099C
FFFFFD55
00000C76
FFFFF68B
FFFFFEFD
000003C6
00000471
FFFFFB59
000010C0
FFFFFA64
FFFFFD24
FFFFF62F
0000013C
FFFFFFD8
FFFFF921
FFFFEA4A
FFFFF1E5
00000171
FFFFF76C
00000202
0000026F
FFFFF602
00000567
FFFFFF55
00000104
000003E2
00000D79
FFFFF9A1
FFFFF76F
000008C6
00000E0A
FFFFF6C8
FFFFFACA
000008EC
00000973
FFFFF03B
00000A1C
FFFFF7ED
FFFFF76E
FFFFFEB6
FFFFFFA3
00000B84
FFFFFC60
FFFFF056
000000AA
FFFFF716
000000A0
FFFFFFF2
FFFFFC89
00001158
00000685
00000407
FFFFF749
FFFFF23E
FFFFEE76
000001BF
00000BF2
FFFFEFEB
0000091A
FFFFF8F2
0000096B
FFFFF198
00000AE6
FFFFFDBE
FFFFF83B
FFFFFBD4
000000E2
0000064E
FFFFF772
0000015C
FFFFFF95
000002FA
FFFFF9D5
00000753
FFFFFAB2
FFFFEF2F
0000123C
00000007
00000B64
FFFFFE8B
FFFFF4CA
FFFFFAA2
FFFFFC3D
FFFFFEF8
00000268
0000051C
0000056D
00000C84
00000B1F
000004BF
FFFFF8A1
00000A4B
00000874
0000017A
FFFFEFF5
000007D6
000006A5
FFFFFC86
FFFFFCEA
FFFFFE94
00000E97
FFFFFAC0
00000F23
000011D8
00000D91
FFFFFD9A
FFFFF894
000000BB
000009EF
FFFFF578
00000141
000010C7
FFFFF240
FFFFF90C
FFFFFD7A
FFFFF78D
FFFFF75F
FFFFF11A
FFFFFDC8
00000B5C
000000B7
000001C2
0000030B
FFFFF6F9
00000521
FFFFF4E0
FFFFFF7A
FFFFFA71
000008E3
00001047
FFFFF9C3
00000993
FFFFF96D
00000889
0000094B
00001244
FFFFF34F
FFFFF1FA
FFFFF8AC
FFFFF74E
FFFFFEFB
000000FA
FFFFFB44
000009EF
FFFFF983
FFFFFDB6
00000EDF
00001647
FFFFF859
00000E05
FFFFFE61
FFFFFA99
FFFFEEB8
FFFFF458
00000C7A
00000414
00000707
00000C56
000005E6
000000BB
FFFFF310
FFFFF78B
FFFFEEDE
FFFFF6F6
FFFFF9D3
00000C11
FFFFF7EB
000003C1
00000378
00000289
FFFFF9ED
FFFFF2AE
000000CC
FFFFFBA3
FFFFF861
0000059D
FFFFFE17
FFFFF527
FFFFFD52
0000073B
0000029C
0000028E
FFFFF5F1
00000103
FFFFFFF7
FFFFF9A4
0000053F
FFFFF04B
FFFFF8C6
000009F4
FFFFFBCF
000008D5
FFFFF158
FFFFFF58
0000095E
FFFFFE71
FFFFF50F
00000950
00000013
00000C99
00000808
FFFFF89C
FFFFF382
FFFFEC4C
FFFFEE31
FFFFF321
FFFFEFCF
000001DE
FFFFFFD5
FFFFEE7F
FFFFEBEC
FFFFFD62
FFFFFD0C
000000C6
FFFFE80C
FFFFF0B7
FFFFEBC4
00000000
FFFFFCCF
FFFFF4E3
00000155
00000063
00000542
00000B71
0000063F
00000133
FFFFFCC9
0000004D
000000A5
FFFFF54E
FFFFF53D
FFFFEEDE
0000017A
000002FA
FFFFF97B
0000025A
000002B9
FFFFEE10
FFFFF343
00000643
00000453
FFFFFE51
FFFFFE36
FFFFF3F6
000009A1
FFFFF419
FFFFFE04
FFFFF937
00000ABF
00000280
FFFFF6BC
0000079A
FFFFF15F
FFFFFA1C
000006A1
FFFFFE69
FFFFF242
FFFFF3B3
FFFFF834
FFFFFFB1
0000020A
000009E0
000005D8
FFFFFAAA
0000057B
FFFFFE3B
FFFFFCD9
00000A71
00000664
0000020A
000007B4
FFFFFB3C
FFFFF91F
00000FDE
FFFFFE35
FFFFFF5F
00000710
00000B1A
FFFFFEFD
000005C9
00000418
00000230
FFFFFABB
FFFFFCE4
FFFFF7DF
FFFFF4F0
00000477
FFFFF991
FFFFF1F8
FFFFF050
0000049A
FFFFFCD1
FFFFE9AD
FFFFF515
FFFFE882
0000055F
00000E71
FFFFFE65
FFFFF1B1
FFFFF78E
FFFFF3E0
000000EC
FFFFFAD4
FFFFF402
00000E33
FFFFFCD5
0000076B
0000046E
000008D4
FFFFF271
FFFFFB30
FFFFFE23
000007A9
FFFFFD66
00000240
000001D0
000003E7
FFFFF739
FFFFF876
FFFFF3D7
00000B4F
FFFFF8F8
00000558
000006A9
FFFFFC89
FFFFF4AB
FFFFF934
00000C57
FFFFFE2A
00001222
000009E8
FFFFF5F1
00000CF9
FFFFFB35
00000A67
FFFFFAA2
FFFFFDCE
00000F36
000005A1
00000100
00000BBD
FFFFFB90
000002C1
0000014F
00000C8C
0000076D
FFFFF27F
00000D1A
00000A26
FFFFF237
000013D8
FFFFF75A
00000527
00001007
FFFFFD2B
FFFFF08D
FFFFF2DC
FFFFFDE6
FFFFF821
00000156
000000FB
FFFFF718
FFFFFEE8
FFFFEE10
FFFFF3BE
FFFFF723
FFFFF2D5
000003D4
FFFFEAFD
FFFFFB43
000001AA
FFFFFB1D
FFFFF61B
00000305
00000A99
00000E5D
0000040E
FFFFF368
00000271
FFFFFFA5
000002EB
00000B9A
FFFFF66C
FFFFFFCC
FFFFFE4D
FFFFF7D9
00000299
FFFFFA6C
00000C9D
000006E1
FFFFF210
FFFFFE54
000002D8
000011AC
FFFFFB93
FFFFF508
00000D16
000011B0
0000082B
00000D05
0000078F
FFFFFF10
FFFFF7FF
00000D16
FFFFF3D3
FFFFFE21
FFFFFEBA
FFFFF434
FFFFF642
FFFFF87C
FFFFF5B9
FFFFFB2B
FFFFECDB
FFFFF80D
FFFFEF43
0000000D
FFFFF93F
0000071A
FFFFFEE3
FFFFF6C2
0000009C
FFFFFDAA
0000036C
00000488
FFFFFE4D
000008B3
00000A99
FFFFF857
FFFFFD30
000000CB
00001221
000002ED
000013A1
FFFFFC0C
FFFFFD8C
FFFFF38E
00001046
0000149E
00000DA7
000001BB
FFFFFCD1
00000FF6
000010E2
00000197
00000ED0
00000573
00000035
FFFFF94C
00000B1D
00000D71
000008BD
FFFFFC28
0000107A
FFFFF6E3
000004A2
00000ED5
00000B3C
00000D13
00000322
FFFFF7AE
FFFFFA81
FFFFFC89
FFFFF599
0000117F
FFFFF7A1
FFFFFB67
00000005
FFFFFB2B
FFFFFEF3
00000B65
FFFFF883
FFFFFAF1
00000773
0000042A
FFFFF2DA
FFFFEAC9
FFFFF28A
FFFFF47E
000000C5
FFFFEF7A
FFFFF370
FFFFFBA9
FFFFF8AC
00000905
FFFFF32A
0000081B
FFFFFBFE
FFFFFD9D
FFFFF9C2
000005FE
FFFFFF80
00000480
FFFFFAAF
FFFFF759
00000B98
0000074D
0000063D
FFFFFC41
FFFFFF0E
0000089E
0000006D
000004F0
00000DED
FFFFF69F
0000068A
FFFFFCB9
FFFFF2FD
FFFFEEB0
FFFFF5FE
000002BB
00000868
FFFFF438
FFFFFDFC
FFFFF04F
FFFFFCBF
FFFFFE96
FFFFFE1A
00000A52
00000309
FFFFF6B9
FFFFF498
0000027F
FFFFF37B
0000026F
0000050A
FFFFFBF9
0000040E
FFFFFC8F
000014D7
00000906
FFFFFA89
FFFFFDED
00000681
FFFFF5DF
FFFFFAA3
FFFFF8D6
FFFFF49E
0000055A
FFFFF9E9
000000C3
00001150
FFFFFD61
00000D55
00000539
FFFFF4B3
FFFFF3F6
FFFFFE70
FFFFF5D2
FFFFFCB1
FFFFEE15
FFFFF4EA
0000019B
FFFFFBC4
FFFFFE51
0000062D
000001A2
FFFFFBAB
FFFFF56E
FFFFFDAB
FFFFF2D5
FFFFFE42
00000072
FFFFF2E3
000000C7
00000224
00000A9A
00000185
000007AE
00000742
FFFFF95F
0000034F
FFFFFEAF
00000167
00000307
0000029E
00000361
00000844
00000573
000000CD
FFFFF398
00000068
FFFFFACD
FFFFF532
000004E5
000008DE
000005AB
FFFFFF5D
FFFFF467
0000022D
FFFFFACE
FFFFF7F6
000005A7
FFFFFE5B
00000928
FFFFFC9C
FFFFF9F6
FFFFF8B7
FFFFF1C9
FFFFF55B
FFFFF31D
FFFFF29D
000001EA
00000401
0000079B
FFFFF7AE
000003B4
FFFFF352
FFFFFB62
000008FE
FFFFFB6B
FFFFF65C
00000975
FFFFF3BC
FFFFFDB0
FFFFF99A
00000884
FFFFFFE9
000000E5
FFFFF57E
FFFFFA11
FFFFEF08
FFFFFD5E
FFFFEA08
FFFFF6F3
FFFFF5F9
00000670
FFFFF104
00000909
00000189
00000813
FFFFF312
FFFFFDCB
00000A58
FFFFF68B
00000165
FFFFF573
00000EE0
00000E3D
FFFFF5B1
00000CE4
00001037
FFFFFA16
00000DBE
FFFFF2A3
FFFFF746
FFFFFBCB
00000666
00000DCD
00000B2B
000005E8
FFFFFFF0
FFFFFA3E
0000079E
000000F6
00000091
00000AC9
FFFFF880
0000003E
0000098A
FFFFFC8B
FFFFF2EB
FFFFFA1F
FFFFFCCB
FFFFF9F2
00000051
FFFFF0E5
FFFFFC02
FFFFFF5D
FFFFF2B7
FFFFF151
00000977
FFFFF9FA
FFFFFB5D
FFFFFFC8
00000066
FFFFFF85
00000BDE
00000E1D
FFFFFF65
000002B8
FFFFFF7A
00000F0D
00000811
FFFFF0C8
000007B1
FFFFF685
FFFFF75E
000000F9
00000294
000003C9
0000016E
0000060A
FFFFF7C5
00000745
00000438
FFFFF230
FFFFFC04
000002AE
FFFFFA36
FFFFFEFA
000002A5
0000005B
FFFFF843
0000062D
FFFFF500
00000864
FFFFFC9C
FFFFFF4F
FFFFF211
000000EA
00000650
FFFFF04A
FFFFF375
FFFFF7C8
0000039C
FFFFFC76
000002B2
FFFFF931
FFFFFE54
FFFFF0AD
00000E35
0000045A
00000D3C
000007C3
FFFFF18B
FFFFECC5
FFFFFAF9
0000050D
00000566
0000099D
FFFFFB82
00000776
FFFFFCEA
00001416
FFFFF9E6
0000064C
FFFFF2BD
FFFFEEE4
FFFFE3D7
FFFFFB62
FFFFFB3A
0000130A
FFFFEDFC
FFFFF37D
000003F6
000000E0
FFFFFE6E
FFFFF283
FFFFEC88
FFFFFA61
0000081B
000010F9
FFFFFF61
000006F3
0000045E
000018BC
00000412
FFFFF771
00001AC3
00001739
00000BCC
00000A7F
0000189B
FFFFEDA1
00001929
FFFFF966
00000C5E
00000EF5
0000000C
FFFFED71
00000AA5
FFFFED85
FFFFFC61
FFFFF456
000002C8
FFFFFC0F
00000E1D
FFFFF0B2
FFFFEDF0
00000E2E
00001550
0000125C
FFFFFD54
00001CCC
00000FC6
00000B8B
00000620
FFFFF839
000019A1
0000157D
00000C97
000012FF
FFFFF933
000012ED
0000155D
FFFFFFF8
FFFFF692
FFFFF680
00000305
00001544
FFFFFEBE
00001458
FFFFF72B
FFFFFD1F
00000F8E
FFFFEAF2
00000711
FFFFFA76
FFFFF49E
00000A86
00000826
000005A3
FFFFE678
FFFFFABE
FFFFFA12
00000802
FFFFF3C6
FFFFFF68
FFFFFB98
FFFFEF6D
FFFFE97C
FFFFEC28
FFFFEC40
00001479
FFFFF582
000007BE
FFFFFA54
00001B54
000018B9
00000425
00000399
00001A35
FFFFF8CD
FFFFEACC
00000D10
FFFFF4C0
0000076D
FFFFEF68
00001098
00001EAC
00001D26
FFFFFDFB
FFFFF8F5
FFFFF82C
0000133E
00001034
000018EF
000012CB
FFFFEC65
FFFFF25E
0000168E
00000273
FFFFF64B
000008E1
FFFFF32A
FFFFFF65
000002F2
000003B0
000013D6
FFFFFFE0
FFFFF896
FFFFF979
FFFFF6AC
000000FA
FFFFF65A
00001519
0000089A
00000AC5
FFFFEE42
00000FE4
FFFFF605
0000050C
00001A66
000008E8
00000703
FFFFE989
FFFFF699
FFFFF295
FFFFFF92
0000036D
FFFFFD36
00000D1B
00000C8C
00000D73
00000397
00000383
0000028A
FFFFF8E1
FFFFEDC6
000017B4
00000F7D
00000582
FFFFFA0C
0000069C
FFFFF546
FFFFE28F
00000458
00000461
FFFFFA2A
0000023F
FFFFF842
FFFFF396
FFFFF5C8
00000235
00000F32
00000FFF
000007CC
FFFFFF75
00000C4D
FFFFE925
FFFFE9AF
FFFFE837
FFFFF1A4
FFFFFA01
FFFFF40D
FFFFFDFA
FFFFFB64
0000026C
FFFFEA3D
FFFFEF4C
0000011D
FFFFEEF5
FFFFFC59
FFFFFFCB
FFFFF539
FFFFF0C6
FFFFFCDF
FFFFF5E0
00000BCD
FFFFEB1E
000014AC
FFFFFCA8
00001A47
00000E9E
FFFFFB7B
00001F41
FFFFFF36
FFFFF227
FFFFEC6F
FFFFE4B6
FFFFF4FF
FFFFFFA4
FFFFFD9C
00000742
FFFFF0AE
0000186D
FFFFF43A
000004E4
00001008
000004F0
0000112F
FFFFE376
FFFFED88
FFFFF9B6
FFFFEDA7
FFFFDE92
FFFFF890
FFFFEEF5
00000031
FFFFF888
00001028
0000135C
00000AE2
00000ADD
00001738
00001570
FFFFF619
000018CB
000019EB
00000B46
00000A5E
FFFFE8EA
FFFFFB85
000004E4
00000849
00000699
00000BC7
00000D94
00000988
000013D0
00000755
FFFFF8A5
000004B4
FFFFF8BF
0000068B
00000D86
000002D4
FFFFF9BC
FFFFF3F8
FFFFE7CE
FFFFF557
000007C4
FFFFE3A7
00000911
FFFFFF37
0000174A
FFFFEE0C
FFFFFE45
00000506
00000D9B
FFFFF374
00000F42
000009F8
FFFFDE19
FFFFFD2C
0000037A
FFFFED4C
FFFFE574
FFFFE4A0
000004B7
00000D18
FFFFFF3C
FFFFF5B3
00000AD4
000004E2
FFFFEF2C
000006FA
FFFFF4A7
00000E9E
00000B6F
00001561
00001901
FFFFFCC1
FFFFFA5D
000000FE
FFFFFDC6
000001B9
000010F1
00000AF4
FFFFF048
FFFFF028
00000412
FFFFFAC2
FFFFEED9
FFFFFE1F
00000E3B
FFFFFAEB
FFFFED11
000009D0
FFFFF4E5
FFFFFEE7
FFFFF41F
FFFFEC2E
000007C1
00000A54
00000CD2
FFFFF7D0
FFFFF49E
0000041A
000010B2
FFFFED91
000002E4
000008AF
FFFFF385
000007A0
00000F96
FFFFFDBD
000011D3
FFFFFE37
000001E1
00002224
0000232A
000019D1
00001B28
0000171C
FFFFFEE9
0000000E
FFFFF236
00001100
FFFFEF7F
000000D9
FFFFFD0F
FFFFEC7C
FFFFFE2E
FFFFEA29
00000E31
FFFFFD66
FFFFF94A
FFFFF49E
FFFFF1F2
FFFFFC93
00000697
FFFFF011
000004F9
00000CE0
FFFFECA4
FFFFFB00
FFFFED39
FFFFF578
00000C46
FFFFFCFA
FFFFEB51
000012DE
FFFFFAC9
FFFFF2AF
FFFFF762
FFFFFF0D
FFFFEB11
FFFFFDED
FFFFF31F
0000060B
00000541
00001205
FFFFED08
FFFFFD48
FFFFFB63
00000692
FFFFEC08
FFFFF6BF
000011B0
000016A6
000013F9
00001107
FFFFFF79
FFFFF43F
FFFFFBE3
000002E1
FFFFEC2C
00000814
FFFFF34B
FFFFFAC1
00000461
00000913
FFFFED6B
FFFFF4CC
FFFFF22D
FFFFE0D6
00000891
FFFFE93F
FFFFFBFF
FFFFF432
FFFFEF1C
00000B62
000005AF
FFFFEAA2
FFFFE9EA
FFFFE9D8
FFFFDDF2
000007B9
FFFFF4B3
000003AB
FFFFE199
FFFFFA03
FFFFF284
FFFFDF13
FFFFED3C
0000088B
FFFFFC99
FFFFE40B
FFFFEED2
FFFFEAF4
00000A34
FFFFE83C
FFFFFD6B
FFFFE574
FFFFFE15
0000013D
FFFFF41B
000002E3
FFFFF6E8
00001693
000009D8
FFFFF627
00001129
FFFFF5B3
FFFFF8CC
FFFFF052
FFFFEF51
0000168C
0000047C
FFFFF988
00000E0B
FFFFEA71
00000B53
FFFFFEE9
FFFFFB25
FFFFFE9C
FFFFFD01
FFFFFE49
FFFFF21A
000011C6
000001AF
00000357
00000DC4
000017BF
00000EE6
00000648
00000860
FFFFF18F
000002B3
FFFFF490
FFFFEDFC
FFFFF63C
FFFFFA3B
FFFFFCCD
FFFFF789
000004D4
00000A00
000001C8
FFFFEC06
FFFFF2B2
00000C8C
FFFFFF70
00000DB4
FFFFFB0B
FFFFF433
FFFFEA6B
00000BD8
00000CD5
FFFFED90
FFFFF3F8
0000013A
FFFFF367
000008DA
00000CC7
FFFFF561
00000B4A
00000595
FFFFEEEE
FFFFE418
FFFFEA0E
FFFFE8A4
00001EF9
00000099
000020D9
FFFFE040
FFFFF700
FFFFE4FC
00000908
00000952
FFFFE972
00000E05
00000E51
FFFFFC15
FFFFF6AA
FFFFE68A
FFFFEC75
FFFFF9A5
00000310
000006E1
00001A12
FFFFFA89
000003D2
FFFFF2FF
0000048B
00000390
FFFFEAF5
00001A47
FFFFED0D
FFFFEEFD
FFFFF085
0000085B
00000CCC
0000139F
00000181
00001718
FFFFFEF0
00000EFF
000005F0
00001404
00001040
FFFFF6BD
000011B3
FFFFF7D6
000002FC
000002A3
FFFFF31C
000006BA
FFFFF513
FFFFF1E9
FFFFFAF4
FFFFECD4
FFFFE9CD
FFFFEF65
000001F9
00000143
00000A3C
00000B64
FFFFFF7F
00000E3F
FFFFEC53
FFFFF4F3
FFFFEB71
FFFFF916
FFFFF869
000009B3
00000B2C
00000A33
0000048F
FFFFF537
FFFFED1B
FFFFE7F8
00000F41
FFFFF3B6
FFFFF7C6
0000055C
FFFFF4A6
FFFFFAD8
00000EB7
FFFFF97B
FFFFF1B9
00001720
00000E68
00000921
00001A8A
000005A7
00001E2B
00001D08
0000013B
0000150D
00000223
FFFFFA8A
FFFFF3F1
FFFFEA81
FFFFF514
FFFFF855
FFFFF8AE
FFFFFD27
FFFFF930
FFFFFA1D
FFFFF4D1
00000638
00000060
FFFFF25A
00000484
00000AFA
FFFFFE6E
FFFFF93A
FFFFFC40
00000178
0000071F
FFFFF563
FFFFF267
FFFFF931
00000F72
00000A6B
00000F45
00000D8C
FFFFFE7A
00000A7D
FFFFFB00
00001042
00001156
FFFFFAAB
00000B09
00000B8C
00000B0B
00000CF4
FFFFFDFA
00000A70
FFFFF534
000013E3
000000F4
0000066B
0000013D
FFFFF09C
00000439
000007B1
FFFFF9F3
FFFFF364
00000D51
00000A34
000000A4
00000CEF
000008EF
FFFFFE85
FFFFECF1
FFFFF669
FFFFFDBE
00000597
FFFFF61E
00000655
0000066E
000000ED
000008F7
00000C7D
00000A72
00000E44
00000189
FFFFFCB7
00000034
000015E9
00000637
0000136A
FFFFFCC9
0000067F
FFFFFB0F
0000050B
00001351
000006ED
00000AE1
0000174D
000004A9
FFFFF12D
FFFFFDA9
FFFFFB62
000012AE
FFFFF7E2
FFFFFB70
FFFFE918
FFFFF221
000008F1
000016CE
FFFFFEED
00001273
FFFFECE5
FFFFECA8
FFFFFC2E
00000031
000009E5
FFFFF4C2
00000247
FFFFFEA3
00000C5D
FFFFFBB8
FFFFF170
FFFFFDDC
FFFFF78C
FFFFEE42
FFFFF605
00000D3A
000006B4
000007B8
000000DA
00000BC1
0000072E
00000C1B
FFFFF5A5
0000049F
000006B3
000007D7
00000119
00000BE2
00000801
00000E37
FFFFFC96
FFFFFE63
FFFFFDFB
00000A19
FFFFE958
FFFFF690
FFFFFBBB
FFFFF500
FFFFF512
FFFFF4E1
FFFFF4D4
FFFFF75E
00001713
00001645
00000022
000009F4
00001680
00000950
FFFFF30F
FFFFFDF4
FFFFFC53
FFFFF065
FFFFF940
FFFFEE23
00000004
FFFFF8E2
FFFFF8DE
FFFFFC53
FFFFFB18
FFFFF310
000018C7
000001D6
00000BD4
00000433
FFFFFC00
FFFFF600
FFFFECAF
FFFFEC0E
00000C8A
FFFFEC8D
0000014A
00000A90
FFFFEEED
FFFFE944
FFFFF840
FFFFFED5
00000652
FFFFEE17
000002B9
FFFFF6D2
FFFFFD70
FFFFF455
FFFFFB50
FFFFF46D
00000B41
00000E3D
000001AF
00000465
00000331
000008B8
FFFFF6D8
00000628
000006B6
FFFFF27B
FFFFFA04
FFFFF5CB
FFFFEEE2
FFFFFD1C
FFFFF6A7
00000256
00000750
FFFFFF7A
000014D0
000004C0
00000250
FFFFFC0E
00000615
000006F8
00000A77
00000023
00001008
0000012C
FFFFFE41
FFFFFBB8
FFFFEEB2
0000021B
FFFFF862
FFFFF9E1
000005B3
FFFFF37E
00000001
FFFFFB15
00000C2C
000001F2
FFFFF81E
00000A20
FFFFF46D
0000089C
FFFFF30B
FFFFFE07
FFFFF977
FFFFFF27
0000050D
FFFFFCD1
FFFFFAFF
FFFFED20
FFFFFD0C
FFFFEB38
000004A6
0000090A
00000E20
FFFFF6DB
000003A9
FFFFF4B6
00000807
000010A5
00000190
000008DF
00000B3C
00001060
FFFFF407
00000CD1
00000E88
FFFFF724
00000E99
FFFFFFA3
00000335
0000163E
00000488
0000048A
000000A8
00001573
000013E5
FFFFFF49
0000007D
00000113
00000495
FFFFEFF1
FFFFF8C6
FFFFF86F
FFFFF8B0
00000A4B
000011DC
FFFFF704
0000020D
FFFFFF93
FFFFFDE1
FFFFFD10
00000222
FFFFFD19
000002FF
FFFFF78E
FFFFF543
FFFFF496
FFFFF1D9
0000027C
FFFFF339
FFFFFB62
000001D8
FFFFFFDE
FFFFFDDE
FFFFF92C
FFFFF060
0000094C
00000C53
00000407
00000F8F
FFFFF247
FFFFF80A
FFFFECF2
FFFFFAE0
0000105C
000009E4
0000024D
00000E31
00001632
00000D66
00000ED8
00000F1B
000001BC
0000036F
000003D6
FFFFF627
00000693
FFFFFCD5
000006E5
FFFFF9F3
000002EB
FFFFFC35
FFFFFBFB
000013BA
000015F8
FFFFF9DF
00000A2D
0000083B
0000118F
FFFFF994
FFFFF35A
FFFFF82F
00000E98
00000C39
00000343
FFFFF5CA
FFFFFADB
00000B46
00000C36
00001245
00000354
FFFFFBD7
FFFFF2A1
000003D3
FFFFF66B
FFFFF53F
00000267
FFFFEAA5
FFFFF8D2
0000085B
FFFFF591
FFFFF665
000007A0
00000022
0000012E
FFFFEE14
0000036C
FFFFF6B9
FFFFF273
00000450
FFFFF537
00000DA3
00000388
00000842
FFFFECE0
FFFFF603
FFFFFA74
00000141
FFFFFFDF
FFFFFC5B
000009D5
FFFFF4F0
00000CA0
00000AA5
FFFFF1DF
000003F6
00000C6D
FFFFFCD3
FFFFFB69
0000024A
FFFFF7F0
FFFFFC08
FFFFF25F
000008CA
FFFFFA93
00000EFD
00000876
0000005D
00000FD0
00000ADC
FFFFFA43
FFFFF5DC
0000162F
000019F4
00000877
00000BD1
FFFFFB39
00000287
000001E6
FFFFF1F2
FFFFF588
FFFFF854
FFFFF876
00001225
00000BE6
00000FF0
0000079D
FFFFF5BD
00000BF1
000008CF
FFFFFCF7
00001A10
FFFFF612
FFFFFCD2
FFFFF9C5
000014A0
000004D2
00001480
FFFFED54
0000002E
00000E73
00000A8D
FFFFFB04
00000A12
FFFFF38A
FFFFEE1C
00000255
FFFFF741
0000046C
000005ED
00000775
FFFFF441
FFFFFF5E
FFFFF2B6
FFFFFAA7
FFFFF6AB
FFFFFDC1
0000033D
00001333
000008E2
FFFFF551
FFFFF552
00000030
FFFFF6F2
FFFFFC01
FFFFF9A8
FFFFEF4D
00000497
00000711
FFFFFB62
FFFFF921
00000546
FFFFFEB3
FFFFFF15
000002DD
000006D7
000000F3
FFFFF95C
FFFFF264
FFFFFA7D
00000282
FFFFFAAB
FFFFF9D8
000002FB
0000040A
000007A7
FFFFFB20
00000B53
FFFFFAAA
000000A7
0000072F
0000055A
FFFFFC56
000006A8
FFFFF81C
000003FC
00001168
FFFFFCC8
000010D1
FFFFF404
0000048D
000005B1
0000052C
00000AF3
FFFFF38C
000007D5
000000CE
00000647
00000479
FFFFFCD8
FFFFFB06
FFFFFB5A
FFFFF228
00000346
00000157
FFFFF631
FFFFF189
FFFFF1AC
FFFFEC15
FFFFFA1E
FFFFFD22
000003FA
FFFFFADA
000009B5
00000A87
FFFFEEBA
000001CE
FFFFF8E9
FFFFF4CE
FFFFF74C
FFFFFF88
FFFFF387
FFFFF47D
FFFFEF54
FFFFFE21
00000046
FFFFEDCF
FFFFF751
FFFFFF2D
FFFFE635
FFFFFE34
FFFFFA98
FFFFED86
00000F92
0000169C
000011DC
0000046A
FFFFF9D9
FFFFF898
00000189
000011E9
000016A8
FFFFF2E6
00000783
00000EA5
000006E0
00000C0C
00000BD0
FFFFF052
FFFFF2AA
0000070D
FFFFFC89
000006C5
00000182
FFFFFA16
FFFFF665
FFFFFFAC
000000BE
000009BE
0000018C
FFFFF0B2
00000DBE
0000081D
00000660
FFFFFDDA
000006FC
00000320
0000146D
00001B27
FFFFF658
0000037A
00000E92
00000E6F
00000FF4
000011D7
FFFFFEDF
FFFFECA4
00000882
FFFFEC71
FFFFF8C1
00000A7D
00000B82
FFFFF8C7
FFFFF0D4
000003BC
00000425
00000727
FFFFFC97
000007CC
00000604
FFFFFF26
FFFFEE5E
FFFFF893
FFFFFDB9
FFFFFF93
0000042A
0000128F
00000D97
FFFFFF28
FFFFF793
FFFFFC11
00000601
00000A71
0000065C
FFFFF3BD
FFFFFF4A
00000CE4
FFFFEB92
00000721
00000C2C
000005FF
FFFFF3CD
FFFFF3C3
FFFFF7AE
FFFFF907
FFFFF886
FFFFF7FB
FFFFF83D
FFFFF138
FFFFF6D4
FFFFFCD0
0000067F
FFFFF4DE
FFFFF729
00000635
FFFFFD2E
FFFFF4AA
0000098A
FFFFFA83
000004DB
FFFFF954
000002E6
0000026F
000001F7
FFFFFC74
000003CB
00000BE1
FFFFF954
00000AD2
FFFFFA1A
FFFFEEDD
000006CB
FFFFFC38
FFFFF112
00000EB7
FFFFF5F0
00000438
FFFFF8B7
FFFFF253
FFFFF679
FFFFF326
FFFFFFC7
FFFFFD8C
000002C9
FFFFFB60
FFFFFA97
00001267
FFFFEC98
0000090F
000008C5
FFFFF6DE
00000884
00000135
00000764
000010B5
00000152
00000D5B
0000020E
0000065B
FFFFEF41
FFFFF5C4
0000095F
000007F7
000010EE
FFFFFC90
00000064
FFFFF657
FFFFF387
FFFFE850
FFFFF0A4
FFFFF55B
FFFFF6DF
00000AD8
00000D4B
000009D8
FFFFF8F3
FFFFF8CB
00000CF0
FFFFFBC2
FFFFFD5B
00000018
000009D7
00000615
FFFFFC7E
FFFFFBC2
FFFFFE1A
0000002D
FFFFFB8D
FFFFF27F
000004DA
00000A97
FFFFFE42
FFFFF59D
00000867
FFFFEFDD
FFFFFDAE
FFFFF60C
00000285
FFFFECF4
00000901
FFFFF998
FFFFF67B
00000F7E
FFFFFEB3
000011C3
FFFFF916
00000454
FFFFF530
FFFFF73D
00000A9E
0000117A
FFFFEB81
FFFFF65E
00001126
0000051E
FFFFF93A
00000D30
FFFFE95E
FFFFFDE4
FFFFFC20
FFFFFECE
000002CE
FFFFF813
FFFFF877
00001226
00001058
00001A2A
00000345
FFFFFE70
000000A6
000006E3
0000012B
FFFFFCA4
00000C4F
FFFFF8AB
00000990
00000215
FFFFF69F
000005F3
00000483
000010D7
FFFFF63F
FFFFF6A7
0000096E
FFFFFEC4
FFFFF047
00000CCB
FFFFFAEA
FFFFEFE7
FFFFFC82
000004E7
FFFFFDEF
FFFFEF47
FFFFFCF1
00000034
00000D0A
000007AF
00000261
FFFFFCB9
00000018
FFFFF4F8
00000629
000000A6
000005D2
00000297
00000AAD
00000768
00000A28
FFFFF6AF
00001573
FFFFF088
0000031D
FFFFFDE9
000010C0
FFFFEB98
FFFFFC35
00000957
000005DA
FFFFE87C
00000989
FFFFEBFF
00000609
FFFFF4AC
FFFFF33C
FFFFFB1D
FFFFEE5E
FFFFEC03
00000E0C
FFFFF8FC
00000908
FFFFF095
000005B0
000000A4
000006C5
FFFFF001
FFFFF1EB
FFFFFC5E
FFFFE9F8
00000401
000005E1
FFFFF946
00000DD9
FFFFECAF
00000957
FFFFE8C4
00000D0C
FFFFF04B
00001147
FFFFFCDC
0000130C
FFFFFEF3
0000024F
0000093E
FFFFFDBB
FFFFFC98
00000668
FFFFEA8A
00000D79
000005AE
0000140D
00000826
FFFFFD0E
00000C8E
00000EE2
0000094A
FFFFF878
00000F11
000009C7
00000DB7
FFFFFB97
FFFFF2BE
00000D61
00000709
FFFFFA24
00000A1A
FFFFF8BC
FFFFFA97
FFFFFFB7
00001510
FFFFF503
FFFFF8B1
0000047B
FFFFFE60
FFFFFACC
000008E8
00000C3A
000001CE
FFFFF812
00000745
00000C56
00000894
FFFFF3EB
0000024B
00001491
FFFFE12C
000006CE
FFFFF734
00000BEA
FFFFF693
00001017
FFFFEE5F
FFFFF66D
FFFFFB76
00000008
FFFFFE0B
000001F8
FFFFED9B
FFFFFDCB
FFFFFC58
00000AB3
FFFFFBA7
0000010E
000002D8
FFFFFED0
FFFFFC61
00000B81
FFFFFC91
00000DAE
0000036E
0000040D
0000072C
FFFFEEDE
FFFFFA38
FFFFED91
00000C55
0000047E
00000033
FFFFF924
FFFFEE6A
00001547
FFFFE2BB
FFFFF763
0000051B
FFFFF203
FFFFFB52
000005E1
FFFFF88E
00000A95
FFFFFFC0
FFFFF32C
00000A1E
00000A79
FFFFF1A2
00000B8B
FFFFFF08
FFFFF193
FFFFF23E
FFFFF6F3
0000051A
000007A4
FFFFF91E
FFFFF732
000004BF
00000B35
000004CC
00000E38
000003FE
FFFFF9FF
FFFFEF0F
FFFFFEDA
FFFFF535
FFFFFD29
000007E6
000005BC
FFFFF85A
0000154B
FFFFF983
FFFFFD47
FFFFFF23
FFFFFD36
FFFFFB1A
00002197
FFFFFC39
FFFFFE44
00000564
FFFFF5C3
000005A4
00000C9F
FFFFF629
FFFFEF2A
FFFFF6B5
00000852
00000586
FFFFF39C
FFFFF291
FFFFEB3B
FFFFFB0A
000007D6
000002CA
FFFFFB6E
FFFFFDB9
000001A9
FFFFF18F
000004A3
00000A67
00000ADC
000012EA
00000CA8
00000131
00000954
FFFFFDF7
FFFFF85C
00000CD7
FFFFFF55
000006FB
FFFFF301
00000939
FFFFFEFC
000009B7
00000959
FFFFF561
00000C8E
000000E0
FFFFFA14
00000164
0000117E
FFFFF980
FFFFFB1F
00001388
FFFFFE40
0000117A
00000369
00000A49
FFFFFF5D
000012BF
FFFFEADB
00001609
FFFFF9C4
FFFFEB40
FFFFFF0D
FFFFF2AE
FFFFF94F
FFFFF6DB
00000193
FFFFF0BC
00000674
00000258
FFFFED84
FFFFFBFC
FFFFEB34
0000047B
FFFFF1CB
FFFFFD9D
FFFFFCC3
FFFFF872
FFFFFA2C
00000D4B
FFFFF313
00000E70
FFFFF724
0000013E
FFFFF41C
00001349
00000397
00000F8F
FFFFF291
FFFFFDB6
FFFFF7C5
000008D1
FFFFFEA6
FFFFFE61
FFFFED39
00000E59
FFFFECC2
FFFFFEF2
FFFFFAEC
00000BF7
000008A3
FFFFF84D
000005B9
00000D5C
00000618
FFFFF807
00000DD0
00000854
0000101C
0000074C
FFFFF7FE
00000B83
0000022D
FFFFF78C
00000F05
00000423
00000168
FFFFF59B
00000088
FFFFF09B
FFFFFD37
000002C5
FFFFF77C
FFFFF020
0000068A
FFFFFBDF
FFFFF936
000000CC
FFFFF6D8
FFFFFC01
0000010C
00001510
FFFFFBA1
FFFFF08C
FFFFF750
FFFFF7F1
FFFFF576
FFFFFAC9
000007B9
FFFFFCF9
FFFFFBB7
0000099F
FFFFF711
FFFFFC4B
FFFFEE6E
FFFFFA87
0000068B
FFFFEE26
FFFFFF21
FFFFFF52
00000E0B
000002B2
00000501
0000063C
000009F6
FFFFF88D
000007BB
000007FF
000001F8
FFFFFFCA
FFFFFF25
FFFFED9F
FFFFF959
FFFFFF53
FFFFFCD6
000002ED
00000B87
FFFFFA27
00000C19
00000C29
0000044C
0000043E
00000CB2
FFFFF805
00000161
FFFFF4DB
000003BB
FFFFFFA4
00000C68
000007E2
FFFFFF20
000009B0
00000621
00000F77
FFFFF8F5
FFFFF9AD
0000074A
000008EA
000005E6
FFFFF9FA
0000111A
FFFFFF40
FFFFF2B4
FFFFFBBB
FFFFFA3F
00000957
FFFFFADA
FFFFF587
FFFFF6DA
FFFFF42B
FFFFF82E
FFFFF323
FFFFF411
0000015E
0000064C
0000062B
FFFFFD7B
FFFFE953
0000085C
00000BC6
00000890
00000536
00000A27
FFFFFA5E
00000188
0000002C
0000032D
FFFFFDC6
FFFFEF45
FFFFFE61
00000A8F
FFFFF508
00000D24
000000EC
FFFFFCAF
00001418
FFFFEC19
00000A9D
FFFFFF3D
000007C9
00001016
000013B3
FFFFEF4B
00000B44
FFFFFF1F
FFFFF026
FFFFF2D3
FFFFFA5E
000006D3
000006DB
0000041F
00000ACD
FFFFFB2E
00001743
00000CF4
FFFFFEEA
00000308
00001531
0000033B
000015FD
FFFFF113
00000FB6
00000C3B
FFFFF865
00000E66
FFFFF19E
000003BA
FFFFF8E4
00001525
FFFFF661
FFFFFF80
000008BE
000007DD
FFFFF5BB
FFFFFB97
FFFFF407
00000F2A
FFFFF2DD
00000267
000001CA
00000DC9
00000954
FFFFF2DD
000000AD
FFFFFA52
FFFFFB4E
FFFFFEC8
FFFFFAF1
00000B27
FFFFF2E5
FFFFFE11
FFFFFA85
000004FF
00000368
00000B14
FFFFF521
FFFFF587
FFFFF74D
FFFFF078
0000006A
FFFFF425
FFFFFC9E
FFFFF71C
FFFFF742
FFFFF7C8
FFFFF140
000003F8
000006BB
00000506
00001B54
FFFFEDC0
FFFFFD3A
00000A3B
000000F0
00000B86
FFFFF893
FFFFF716
FFFFED86
FFFFF878
FFFFF27D
FFFFF7D1
0000104A
000015F4
00000AAA
00000FD8
000006BB
000008FE
000005CF
FFFFF7BB
00000896
FFFFF6CA
FFFFFA89
00000194
FFFFF8F6
0000091C
00000921
000011B3
000012DA
FFFFFA23
FFFFF3DE
FFFFFD34
00000988
000009E6
FFFFF25A
00000C2F
00001DEC
FFFFFE5A
FFFFFDA3
FFFFED67
FFFFF91C
FFFFFC55
FFFFEE4D
00000CA9
000000EE
FFFFF886
FFFFFF40
00000610
0000163F
000003BA
FFFFF765
FFFFF9A5
FFFFF604
00000CE0
00000508
00001506
FFFFF854
FFFFF098
FFFFF1FB
000006E3
FFFFFFA4
000005D2
000012A9
FFFFF2FB
00000BC8
FFFFEC0D
000004AA
FFFFFD94
FFFFFB25
FFFFFA8A
000004E5
FFFFF793
00000FD3
000009C3
FFFFFCF8
FFFFFCAE
00000B33
FFFFFF7D
FFFFE598
FFFFFC6C
FFFFF94F
FFFFF0BF
FFFFF0FF
FFFFFA13
FFFFFF90
FFFFECA9
00000086
FFFFFC0C
FFFFFF62
00000351
00000C14
FFFFFA8D
00000A00
FFFFFC50
00000BE8
000001F6
FFFFF403
00000791
000003A6
000000EE
000006D0
FFFFF71A
FFFFF123
0000056C
FFFFFB2B
FFFFFE92
00000820
FFFFF242
FFFFF994
FFFFF7C5
000001AB
FFFFF703
000002AF
FFFFEF96
FFFFF4AF
FFFFFA1A
00000966
00000C54
000002BD
00001380
FFFFEB22
00000D6A
FFFFF444
FFFFF083
000015F5
0000046A
FFFFF432
FFFFF899
0000067E
0000123C
000011DF
00001784
000018D7
000013F1
00000933
00000AA3
FFFFFD9F
FFFFF937
00000C73
FFFFFD50
FFFFFED0
0000123C
00000A8E
0000101D
FFFFFAD0
00000E04
00000C95
00001273
00000B00
00001478
00000BD6
0000064D
FFFFF28E
00001755
FFFFFBDB
0000130A
FFFFF1D1
000012A2
0000017C
00000701
FFFFF15A
FFFFE5B6
FFFFEF64
00000FFC
00000AB7
FFFFFFDC
00000BA6
FFFFF2E5
FFFFFD96
00000E2E
FFFFECF6
FFFFF97B
FFFFDF7E
FFFFF468
0000020E
00000E1E
FFFFE869
FFFFF2BD
FFFFED2E
000001D4
00000AFE
FFFFF30E
FFFFE9D1
FFFFE712
000001D0
00000E9A
000002A8
000000A6
FFFFEEC6
0000136C
FFFFFEFC
000004F8
0000112C
FFFFF7C3
00000701
0000127D
FFFFEC1D
00000894
FFFFFFF4
000000CC
00000BAE
FFFFF2C2
00000E1A
FFFFE707
FFFFF8B9
FFFFEF64
FFFFE9BC
0000093A
00000238
00000643
FFFFFACE
FFFFFB77
FFFFE616
FFFFE397
FFFFFECA
FFFFFB8A
FFFFF760
00000F03
FFFFFC21
000008BB
00000582
FFFFF60F
00000972
FFFFF58D
FFFFFF60
FFFFF0E4
000005DC
00000119
FFFFE4E2
0000073D
00000436
0000037B
FFFFFD0F
000008E0
0000131B
0000047C
FFFFF29D
FFFFE842
FFFFFCB8
FFFFF798
0000020D
FFFFFF1E
000003D7
0000104D
00000DF1
FFFFF797
FFFFF22D
FFFFFBF9
00000AEA
FFFFFCAA
FFFFF8E6
FFFFFAAD
00001089
FFFFF83C
0000072D
FFFFF8E5
FFFFF692
FFFFF6F9
FFFFF2E6
000002E8
FFFFFE7C
000003C9
000009CA
FFFFFF5D
000009D8
000004EC
FFFFF33B
0000049C
00000491
FFFFF7FE
FFFFFC85
FFFFF952
FFFFEFBB
00000D68
00000D56
000008D8
FFFFFDBE
FFFFDF6A
000001E3
00000423
FFFFFF18
000005D2
FFFFE928
00000023
FFFFEEA2
000004F9
FFFFF544
0000040E
FFFFF987
FFFFF9C5
0000075E
FFFFF136
FFFFF137
000013A0
0000155F
0000090C
FFFFF484
FFFFF862
FFFFFF15
00000953
FFFFF65F
00001508
000000A5
00000053
FFFFF60B
FFFFF3F5
0000056C
000001B5
FFFFF05A
0000004B
FFFFF9DE
00000657
FFFFFF54
000006DB
000001E4
FFFFFE77
00001448
00000743
00000B35
FFFFF83B
00000D4A
0000091D
FFFFFF31
FFFFF5D2
FFFFFF1B
00000E7F
0000006B
0000088C
00001366
0000148B
FFFFFF73
FFFFF967
FFFFFED4
FFFFF7BF
FFFFFC65
FFFFFBCF
00000100
000010FD
FFFFF2F6
0000046D
00000AB2
FFFFFB84
000003D1
FFFFEEE4
FFFFEB13
000004E7
0000084B
00000913
FFFFFDF8
000006FA
FFFFF37B
000000FB
00000BA5
FFFFF9AD
FFFFF19F
FFFFF731
FFFFF51C
FFFFFE4E
00000E37
00000ADE
0000100A
000001D6
00000DB0
FFFFFE3B
00000D8D
FFFFF759
0000039A
FFFFF070
FFFFEB89
FFFFF8A7
FFFFFE7E
FFFFE400
FFFFF0F0
FFFFF516
00001152
00001270
00001536
0000009A
00001AF3
000007B6
00001FC3
000012D2
00000BAE
FFFFFDBC
00001149
00001173
00000F76
000008F9
0000106B
00000E60
000011C7
FFFFFC83
FFFFF7D4
FFFFF840
FFFFFFF9
00000A36
000017DA
000007D0
FFFFFA43
000005B2
000006B7
000001D1
FFFFF41F
FFFFFF21
FFFFF38F
FFFFF000
0000030C
000009A3
FFFFFB14
000002B3
0000094C
000005E2
0000033A
0000022C
FFFFF3A7
FFFFF5BD
FFFFF48D
FFFFF6BF
00000B93
0000090D
0000055B
FFFFFA62
000007A4
00001015
00001961
00001C17
00000D9D
000014B0
FFFFF5E9
FFFFF501
FFFFEB5C
FFFFEA17
FFFFFBA5
00000753
FFFFEE86
00000668
00000521
FFFFF97D
FFFFF430
0000183A
FFFFF4D8
00001340
FFFFF939
000002AE
FFFFFE6D
FFFFF982
000000B2
0000079C
00000EAA
000004CE
000013A8
0000017E
000012BF
00000FFF
FFFFFE5C
FFFFE76E
FFFFF08E
FFFFFC09
000003B6
FFFFEFF6
FFFFFC4B
FFFFEC4F
00000175
FFFFE897
FFFFEF3F
FFFFF195
000005E3
FFFFFB24
FFFFF6EE
00000E25
FFFFEF26
FFFFF46D
FFFFF828
FFFFF27D
00000DD4
FFFFF6C4
FFFFFBBD
FFFFF293
000004AD
00000693
000001FE
FFFFF0FB
FFFFFF10
00001923
FFFFF726
00000530
FFFFFCE6
FFFFFD07
000018A0
FFFFFFFE
0000124C
FFFFEF10
FFFFF441
FFFFF272
FFFFF3A1
FFFFE8EB
00000693
FFFFF7EA
00000602
FFFFF20F
FFFFF325
0000099C
FFFFFA92
000000CF
FFFFF58B
0000138C
00000C82
FFFFF4C0
00000F73
FFFFF8FD
0000048C
FFFFF0D4
0000047A
FFFFF5ED
00000125
FFFFF8C4
0000036B
FFFFFFFC
00000305
FFFFFFF6
FFFFFB40
FFFFF824
FFFFFD1B
000005C6
000009C2
00000FCC
00000668
00000EDB
00000E57
000002DF
000002C5
00000914
000007F8
00000DE6
FFFFFF5A
FFFFFA52
FFFFFD86
FFFFFF83
FFFFFB6E
00000E8A
0000088E
00000313
000008B5
00000538
000002CD
FFFFF71E
00000782
000009FA
000000CC
00000D36
00000378
00000AFD
00000BD8
000001D9
0000034F
FFFFFFF3
000013AC
FFFFF9F1
FFFFFD4C
0000085A
00000938
00000007
000011D9
000003F9
FFFFFD7C
00000AC7
000003AB
FFFFF6F3
FFFFFC00
00000810
FFFFF388
00000FE6
00000FF8
000000DE
00000B18
FFFFF3B1
FFFFFF62
FFFFFCF0
FFFFF7FB
000005D5
00000A24
00000A00
00000B97
FFFFFF8B
0000104F
FFFFF6CE
00000BD2
00000929
00000D75
FFFFF6D1
0000041F
FFFFF1E4
00000AE2
FFFFF28A
0000035B
000003DC
00000472
0000080A
00000538
000004B8
000008E6
00000397
FFFFFECD
00000336
FFFFFF7D
FFFFF6CD
FFFFFAF0
FFFFFC1B
FFFFFCB7
FFFFF506
FFFFF999
FFFFFBF1
00001160
FFFFFDDB
FFFFFC11
FFFFF6BA
00000395
000014A6
00000963
00000ADC
000009FD
FFFFFE86
000001C6
00000B7F
00000748
FFFFFDBD
00000EDA
000002D6
00000296
000011D1
00001509
FFFFFDE7
00001435
000006BE
00000EE6
000009C5
FFFFF487
000003DE
00000679
0000080B
FFFFF69B
FFFFF8F8
00000884
FFFFFBE2
000003E4
00000CC4
000013BF
FFFFFD15
FFFFFE8D
000004A0
000005FF
000005A8
00000C3C
FFFFF8B7
FFFFEEB8
00000459
FFFFFA62
FFFFF831
000001F1
00000605
00000325
FFFFF409
00000DB6
FFFFFF75
000000D8
00000188
0000057A
00000460
00000450
0000052F
00000BF0
00000932
00000483
000006A2
00000529
FFFFEE45
FFFFF97B
FFFFF644
00000077
0000019F
FFFFF75D
00000A63
FFFFFF2F
00000D29
00000D1C
FFFFF9D4
FFFFF422
FFFFF96E
00000864
FFFFFAC8
000006AB
FFFFFDC4
FFFFFCD9
FFFFFB5F
00000D00
000006AC
FFFFFB8E
FFFFFDF7
FFFFFB13
FFFFFDCF
00000B51
00001246
FFFFF865
0000101D
FFFFFB2A
000009DD
00000448
00000AE8
00000D59
00000134
FFFFFFDD
000001B1
FFFFFCCA
00000004
00000F7F
FFFFFD28
00000513
000000F8
00000C48
00000EB9
000007B9
00000490
00000BFF
00000CAB
FFFFFBA0
FFFFFF17
00000838
FFFFFDB8
FFFFF8E9
FFFFF905
00000872
FFFFF8EF
00000AE2
0000031E
0000050B
FFFFEBF3
00000683
FFFFF843
00000EA4
000009F0
00000474
FFFFFBC2
FFFFFDD4
FFFFFC9E
FFFFFAE7
0000034D
FFFFFDE4
0000048F
0000015A
FFFFF8E9
000008B0
FFFFFC7D
00000247
0000056C
00000D0D
FFFFF87B
000005C2
00000CC8
0000098D
FFFFFC35
0000098A
FFFFF26B
00000037
FFFFFE1D
000006C7
00000C04
0000055C
FFFFF351
FFFFF10B
000007E2
000003E3
00000DBB
00000B22
FFFFF457
FFFFFA28
00000229
00000600
00000CA0
FFFFF7B4
FFFFF6FB
FFFFF500
00000949
FFFFFA07
00000841
FFFFF973
0000090A
00000D30
000002DB
FFFFFEAF
FFFFF739
FFFFEE81
000007A9
0000072D
00000561
FFFFF40B
FFFFF8D2
FFFFF8D6
FFFFF937
FFFFF314
FFFFFD16
0000050D
0000009C
00000B93
FFFFFC5F
FFFFFF43
0000029C
FFFFFC08
00000335
00000C30
FFFFFF67
00000264
FFFFFB51
0000026E
00000D4F
0000039D
FFFFFBAD
000000F9
0000071A
00000AD1
000005E7
FFFFFD39
00000652
00000894
FFFFFE36
FFFFF638
FFFFF837
00000BAF
00000A8B
00000742
00001742
FFFFFBF2
FFFFF80C
000000D7
FFFFF38B
000007A9
000001B7
00000A0E
FFFFFBC2
0000035E
FFFFF75C
FFFFFF41
0000011E
000001A0
000005C1
FFFFFF3D
FFFFFCF8
FFFFFC19
0000081A
000009E8
FFFFFDBF
000003A0
FFFFF758
00000B21
0000077C
00000337
FFFFF905
000006C7
FFFFFFDC
00000219
000000A6
FFFFF4DE
FFFFFB82
000001A9
000009CD
FFFFF68E
00000759
FFFFF13D
FFFFF65D
00000174
000002CF
FFFFFB2B
000003AA
00000420
FFFFFE03
0000072A
0000015E
000002F2
00000E9E
FFFFFE25
FFFFF986
00000142
000006BB
0000017D
000005ED
00000ECE
000000EE
0000070D
00000855
FFFFF803
FFFFF8D9
FFFFFB07
00000A3B
00000BE9
FFFFF735
00000D9F
FFFFF810
FFFFFA36
00000575
FFFFF878
00000825
FFFFFCFB
FFFFFF12
FFFFFD97
FFFFFFEF
000002B5
0000057F
FFFFF90E
0000044C
FFFFFC47
00000AFE
FFFFF636
00000528
00000188
000004E0
00000D3E
00000C94
000002C9
FFFFFAC3
00000BFE
000003D1
FFFFF55B
00000E7A
FFFFF5AB
00000198
00000345
00000E0A
FFFFFEBD
FFFFFA84
00000035
00000C2F
00000A6F
00000779
FFFFF8D8
FFFFF9EB
FFFFFA6C
00000151
FFFFF790
00000432
00000600
FFFFFD9C
FFFFFC77
000007B4
FFFFFFC4
000006D6
000003E8
FFFFFC09
0000023F
00000C89
00000F29
FFFFFC81
000000CD
FFFFFF3D
000006C3
00000195
00000327
0000114B
FFFFFDCC
00000326
00000A90
00000298
00001169
FFFFFC77
00000D3D
00000F28
FFFFFE00
00000C2B
00000C6E
00001356
00000C1A
FFFFFA81
00000DBC
0000047B
00000BAE
000000DC
FFFFF6C4
000000C0
00000B55
00000600
000004DC
000000EF
FFFFFDEF
00000824
FFFFFF86
000008F8
FFFFF9E5
0000005B
FFFFFB4E
00000103
00000AC1
00000C3F
FFFFF499
FFFFF92A
FFFFF4C8
00000B18
000009E5
FFFFFB8E
000002FD
0000093D
00000593
000007B1
00000D66
00000945
FFFFFEB9
FFFFFBC5
0000038A
000008EB
000005E5
FFFFF9AB
00000142
FFFFF8DE
00000A0A
00000321
FFFFFAAD
FFFFF7B1
FFFFF608
FFFFF18C
FFFFF3BE
00000774
000002A3
FFFFF0B7
FFFFF483
FFFFF2F4
FFFFFEAF
FFFFFD7F
FFFFFA7F
00000699
00000946
0000068B
0000121C
FFFFFE66
00000CD0
0000109C
FFFFFCA7
FFFFF951
FFFFFE36
0000121C
00000F58
0000020C
FFFFF52A
00001087
00000CE0
FFFFFF97
0000003C
00000394
00001817
00000D1E
00001555
FFFFFE35
00000D3B
FFFFFDD5
FFFFF2DD
FFFFF5F5
000005D9
00000697
00000410
00000E5F
0000092E
0000088D
00000720
0000032E
00000429
00000A58
00000439
0000043C
00000566
00000BA9
0000082E
00001018
000004AD
00000599
00000ED9
0000013E
00000727
00000924
FFFFFCB9
FFFFFCC0
FFFFFC06
FFFFF8B2
FFFFFB14
000004B7
FFFFFB99
FFFFFFE0
00000E2F
000003F4
FFFFFC29
FFFFED4A
FFFFF009
000007A1
00000922
0000050E
FFFFE6E7
FFFFEC47
0000000E
0000069A
0000173D
FFFFFC59
FFFFFDA8
FFFFE89A
FFFFE1B6
0000078E
FFFFE535
000001FB
00000268
FFFFF195
FFFFF1C9
000005C2
FFFFF707
FFFFFB82
00000578
00001252
00001604
FFFFF4AF
FFFFF6C7
00000DDA
FFFFFB65
000016B4
00000F21
0000023F
0000168F
FFFFF89D
00000B16
00000D24
00000028
0000053E
000013A7
0000018E
000019B6
FFFFF568
FFFFEAC2
000002CA
FFFFFAF5
00000AC3
FFFFFA52
0000011A
00000479
FFFFF34E
00000D0C
000010FE
FFFFF5EF
00000C4C
FFFFFFF1
0000059A
000005CD
0000111E
FFFFF682
FFFFEDEA
00001330
000014A3
FFFFE7F6
FFFFFC87
FFFFF1F2
000002EC
FFFFFF9A
FFFFEEA1
FFFFF24F
000009DB
00000DBD
FFFFFAEC
00000CE6
FFFFF877
0000072E
000005B7
FFFFEBDD
FFFFFABB
00000574
00000A76
0000060F
FFFFFDED
FFFFEF19
0000041E
FFFFE2A6
FFFFDF30
FFFFE6B6
00000971
FFFFFC6A
FFFFF74A
0000030B
00000A17
FFFFF951
FFFFF6E1
00000B0A
FFFFF849
FFFFF6D5
0000147F
FFFFF053
00001412
FFFFF07C
FFFFF379
000011C7
00001401
000007E9
FFFFE6EE
FFFFF883
FFFFF73B
0000098C
00001477
FFFFE4A2
FFFFED9B
00000D4C
FFFFE60A
FFFFFA99
00000F44
FFFFEF27
000003DB
FFFFF253
0000171E
FFFFEC64
FFFFF89A
000005CB
FFFFF7B1
FFFFFFC7
00000DDF
FFFFE67D
00000105
FFFFEBDF
00000C6F
00000804
FFFFF200
FFFFFBB8
00000301
FFFFF796
0000092F
00000D3F
FFFFFB75
0000046A
00000C97
00000749
000012ED
00001185
00000702
FFFFFE39
FFFFE992
FFFFF314
FFFFFA88
00000871
FFFFEBC9
00000AD1
FFFFF466
00000381
000013D4
00000FEC
00000DC4
000001BC
00000487
FFFFF7B5
FFFFE825
FFFFF38B
FFFFEF0B
FFFFF99E
FFFFEE88
00000E11
FFFFF91C
FFFFFC13
00000AB8
00001020
000019CD
00000EAB
00000B57
FFFFF458
FFFFEF92
00000B4C
000015FA
FFFFED66
00000A80
FFFFF62C
000010BE
0000169C
FFFFFEB6
FFFFFC10
FFFFE99A
FFFFFAAA
0000153B
FFFFF2B6
000011DA
00001AC7
00001468
00001B21
0000041A
FFFFFD73
00000805
00000CAF
FFFFF92B
00000786
000004D5
FFFFFE1D
000008D9
00000236
FFFFEFDA
FFFFFAFC
00000050
0000102B
00001582
FFFFF595
00000899
000015F6
00001875
00002093
00000FF3
000010E9
0000033D
000014E1
FFFFF79D
FFFFFBAE
FFFFF7D7
00000D1C
FFFFF767
00000898
000016C0
FFFFF8EB
00000276
FFFFFAD3
00001D8D
0000115A
FFFFFF4A
FFFFF5AB
00000D81
000011D4
FFFFF4B7
00000156
00000C2B
FFFFF66C
FFFFF3FC
00000D66
000016FB
00000E3D
FFFFF4E0
0000093A
FFFFEFDE
000003AA
0000113B
000001E3
0000120B
00000C78
FFFFF4B8
00001124
0000072F
00000C07
FFFFE509
000004AE
FFFFE4EF
FFFFDAE9
FFFFEAA5
FFFFF158
FFFFF59E
FFFFF388
FFFFFDFB
00001396
00000D38
FFFFF7A9
00000A40
00000508
FFFFFE6E
00000FA7
00001A30
00000119
0000136C
000015D6
00001843
FFFFF612
0000131A
00001723
FFFFFF9D
FFFFF4E3
FFFFF897
FFFFEB23
000016A2
FFFFEE8B
FFFFFCB8
00000127
FFFFF02F
FFFFFA18
FFFFEDC0
FFFFF758
FFFFE78C
000009F1
FFFFE5B3
00000072
00000D16
FFFFEDE8
00000E7A
00000C59
FFFFF4BF
00000E59
00000A37
0000076C
000011BA
0000068B
00000C09
FFFFEEFE
00000729
00001378
FFFFE6BE
00001375
00000408
000001B5
000009B1
00000192
FFFFED65
FFFFED67
000007F8
000013B4
FFFFEAAE
00000B27
00000FE7
FFFFF332
000008EF
00000174
FFFFF6D0
FFFFF610
00000CD1
FFFFFC4C
FFFFEF46
000002AF
FFFFF42E
000000A3
FFFFE60A
00000C0A
0000010A
FFFFF97A
FFFFF102
00000408
000003FC
FFFFF836
00001519
FFFFF0CE
000015E9
FFFFF061
FFFFFCFD
00001B25
FFFFEF2B
00000AFC
FFFFF5D6
FFFFF498
FFFFF856
FFFFEB0D
FFFFFADD
00000997
FFFFF0C6
00000E80
00000A03
0000003A
FFFFE956
00000BDD
00000D5B
FFFFFB61
000005D3
FFFFEFF9
00000E33
00000A56
FFFFFBB1
00001090
FFFFFE65
FFFFFD81
0000098B
FFFFEC89
FFFFEF1B
FFFFF373
FFFFF313
00000FFB
FFFFF896
FFFFF28A
FFFFECE8
FFFFEABB
00001BA4
00001382
FFFFF723
00001087
000001F2
00000129
00000D33
FFFFFC5A
FFFFF371
00000B35
00000A18
0000097E
0000054D
FFFFFA83
00001F66
FFFFFC5B
00000418
00000F8B
00001C82
00000D7B
00001A4F
FFFFF861
00000561
00001A8F
FFFFE69A
00001333
FFFFEEDF
00000E55
00000F07
FFFFFAA1
00000292
FFFFED28
FFFFFFEC
FFFFFE74
FFFFF199
FFFFF6B3
00000F91
000006D8
FFFFF6A0
00000884
FFFFF7EA
0000010C
FFFFE656
FFFFF490
FFFFF7C1
00000881
FFFFEFEE
00000716
FFFFF79F
FFFFFC86
FFFFFE21
FFFFF4D8
FFFFF6D8
0000070F
00001BE3
0000060E
0000056F
00000CDF
FFFFE713
00000C3A
FFFFE6B5
00000B55
FFFFE64B
0000004A
FFFFF40E
0000080B
FFFFFCCD
00001CE3
00000B03
00000C52
FFFFFB91
000021DC
FFFFF845
FFFFEC3A
FFFFFC4D
FFFFEDC8
000008B5
00000CD4
000009B6
FFFFF359
FFFFEF9C
FFFFFF7B
000009AE
00001796
00000A58
000008F7
00000802
00000CB9
00000563
0000083E
000003EC
0000116A
00000B50
00002469
0000237C
00000B4E
FFFFF6F3
00000078
0000053F
0000115F
FFFFFE17
FFFFF620
FFFFEB69
00001037
FFFFFB24
FFFFF3FA
FFFFFD95
000000C4
00000A9B
FFFFE5B6
FFFFF09C
FFFFEE3A
000006BD
FFFFEB38
FFFFFEE1
00000122
FFFFF51B
FFFFF8DF
FFFFFB20
00000B78
FFFFF8AD
000008B8
00000820
00000CDF
00000D1D
FFFFE471
000001F5
FFFFF2D8
00000F25
000013E3
FFFFF7C3
00000BF6
0000011A
FFFFEF35
000006CF
FFFFFF72
FFFFF247
000010C9
FFFFECFB
FFFFEA1E
FFFFE645
FFFFEC28
0000008B
FFFFF6A9
FFFFF306
00001566
00000422
FFFFE87B
FFFFF27B
FFFFF328
FFFFF24E
0000067F
00001082
000006D3
000007C3
FFFFE63C
FFFFFD30
FFFFECDB
00001779
000003C7
FFFFE768
FFFFFE5B
00000B4B
FFFFED2B
FFFFFB46
000007D3
FFFFEC81
FFFFFE9F
FFFFF4BD
FFFFF5B4
000010B7
00001697
000012E8
0000136C
FFFFF654
000011DE
00000D7D
FFFFF994
FFFFF8D9
FFFFFE46
FFFFE11C
FFFFF25D
00000724
FFFFE829
00000367
FFFFFE06
FFFFF282
FFFFE38E
FFFFEE82
FFFFEDE8
000002C4
00000A4A
FFFFF8E6
FFFFEF36
000007B4
000016E3
00001CF2
000018DB
000008BE
000006C6
00000363
00000A53
0000045E
FFFFFBE7
FFFFFCA8
00000D7E
FFFFFF6B
000000FC
FFFFFAE2
FFFFFDB2
FFFFF36F
FFFFFDE2
FFFFFB6B
00000911
0000004B
FFFFFEE0
FFFFF560
00000641
FFFFF467
0000131B
FFFFF5C3
000006FC
0000089F
00000C10
000004A2
00000C1A
00000D0F
00000C31
000006DC
00000635
FFFFF42E
00001142
FFFFFFBE
0000015B
FFFFF280
FFFFEF22
FFFFF17D
FFFFFD9A
FFFFF25B
FFFFFFB2
00000004
00000B7C
000002F8
FFFFEC11
FFFFEF93
FFFFF0E9
FFFFFDD0
000002C6
00000960
FFFFF1C3
FFFFFE17
00000392
FFFFFFAE
FFFFFD4A
FFFFEEA8
000005CD
FFFFFB5B
0000053D
00000A92
00000C31
FFFFF738
0000073F
000006CD
0000028B
00000549
00001483
00000CD4
00001F52
00000562
00000873
00000A05
FFFFFFDB
00000B68
000003B3
000007C0
FFFFF578
00001173
FFFFF998
00000744
000004F6
00000494
FFFFFE57
000008BA
FFFFF624
00000023
0000105D
00000757
0000079D
00000FC1
00001036
0000105F
00000429
00000E94
FFFFFC4F
00001098
000005E3
00001765
FFFFFB79
FFFFF34A
000000DA
FFFFF0DB
FFFFFCFE
00000A68
000001EA
00000FCB
FFFFFB19
00000499
000009FF
00000164
0000115D
FFFFFF97
00000951
0000122F
FFFFFEF8
0000072B
FFFFF77A
00000F95
FFFFFA18
FFFFFA4A
FFFFF2CE
0000039C
FFFFFBD6
000003BB
000005FD
00000E0C
FFFFFDB9
00000C50
FFFFFF1B
000008CD
FFFFFA70
000005AC
00000DA4
00000915
00000A25
00000307
00000991
00000AD0
FFFFFE6F
00000EC0
FFFFFB2C
FFFFF944
FFFFF615
FFFFF8CE
0000026B
000012D2
FFFFFD33
00000AC8
FFFFF30B
00001A34
000009E8
00000EC0
0000061B
FFFFFD20
00000914
FFFFEDB8
FFFFF5F8
FFFFF094
000001AD
0000096E
00000CE0
0000000F
FFFFFE5A
FFFFFF38
FFFFF866
FFFFF9BD
FFFFFFF3
00000DFD
00000EE7
00000AFF
FFFFF2AA
00000136
000003F5
0000032F
0000081E
FFFFFDEE
FFFFFBC6
FFFFF994
00000CE5
0000091F
00000696
00000781
00000045
000008D7
00000CF3
FFFFFD44
FFFFFA6C
FFFFF381
000001DC
00001124
FFFFFD27
0000120A
000003AB
FFFFFD9D
00000A49
00001155
00000211
FFFFFC3E
FFFFF676
000005D3
00000425
00000819
00000A04
000007ED
00000937
FFFFF25A
FFFFFE37
00000387
FFFFF6E4
00000BE7
000012B8
0000116A
00000A3D
FFFFF3F9
00000B5C
FFFFFCF9
FFFFF82F
FFFFFAE4
FFFFF9C4
FFFFF63A
00000A33
00000193
FFFFFE33
FFFFF6D6
00000263
FFFFFC7B
FFFFFFFA
000011C6
0000114B
0000063F
0000080A
FFFFF8C7
FFFFFD42
FFFFFD66
0000030B
00001014
00000D1D
FFFFF659
00000F60
FFFFF65D
FFFFFDAD
FFFFF929
FFFFE983
FFFFF9BE
FFFFE840
FFFFF6ED
00000216
FFFFF8A2
FFFFF073
FFFFF5B5
FFFFF853
FFFFF3C3
FFFFFE48
FFFFF875
00000BCE
00000DBB
00000745
FFFFEFC3
FFFFF86E
00000AF2
FFFFFF23
FFFFFD5B
FFFFF7F2
000011A3
00000647
0000030A
000006F4
00000C29
000000B2
FFFFF376
FFFFF01F
00000071
00000820
0000055E
FFFFF35A
00000DF4
00000F1E
FFFFFEE4
FFFFEF0F
FFFFE91D
FFFFE8BF
FFFFFE31
FFFFF9D3
FFFFF1A3
FFFFEA7C
0000015B
00000860
FFFFEA4B
000004A5
FFFFF5B3
FFFFFE5E
FFFFF777
000005AF
0000089E
0000030F
FFFFED0F
00000A61
00000FE0
000013E0
FFFFFFD5
0000109A
00000138
000001FF
000001D6
FFFFFA59
0000048D
FFFFFEF9
0000120F
FFFFF5B2
FFFFF47E
FFFFF9C9
00000894
000008AB
00000561
FFFFF92C
FFFFF731
000008F2
00000000
FFFFFF71
00000F4A
00000828
FFFFFF6F
0000060A
FFFFF34E
FFFFFF32
FFFFF28F
00000FA4
00000370
FFFFFF83
00000BD4
00000ACD
0000082E
FFFFFB28
FFFFF9D1
00000532
FFFFFC73
00000402
000008AC
000010AC
00000974
0000029A
00000371
FFFFFFF2
FFFFFB32
000015A9
00000784
0000050A
0000050B
FFFFF721
FFFFF9B0
FFFFFF85
FFFFF924
FFFFFDE8
00000356
00001274
FFFFFFB2
FFFFF908
FFFFFCA8
00000987
00000585
FFFFF963
FFFFFEE9
00000F3A
FFFFFDC9
FFFFFE71
00000C47
00000F1B
FFFFEF28
00000474
FFFFFB06
00000339
0000148A
000000FF
00000BD8
0000012C
00001271
00001193
FFFFF3AA
00000489
00000AD3
FFFFF98B
FFFFFD2C
FFFFF14B
00000CCF
00000118
0000117C
0000045C
FFFFFA59
FFFFFFA8
00000F1C
00000211
FFFFFB34
000007FF
000002C9
FFFFFCF4
FFFFEC32
000002E0
FFFFF75D
00000939
0000013C
FFFFFA73
FFFFFEA5
00000696
FFFFF028
FFFFFB76
00000D74
FFFFF502
000002AD
00000CDB
FFFFFCB3
0000051F
000007F9
FFFFF54E
00000FB3
FFFFF32B
FFFFF092
FFFFF3AA
FFFFEEF3
00000124
000009F6
FFFFFF41
FFFFF85A
00000897
FFFFF960
0000032A
0000032A
00000A7B
FFFFF89D
FFFFFD41
FFFFF947
FFFFF1A3
00000CD4
FFFFF672
FFFFF3AB
FFFFF704
FFFFFB36
FFFFFDF2
00000C91
FFFFFC35
00000484
0000043C
00000216
FFFFF305
00000F8D
FFFFF474
FFFFF5A4
FFFFF64C
00000A24
FFFFFF7A
00000578
00000BBC
000001F6
00000C0B
00000A35
FFFFF4BA
0000009B
00000107
FFFFF592
00000725
FFFFFBA5
00000C00
000009D4
00000AF4
FFFFF630
FFFFFD7F
00000105
000005F2
FFFFEEE4
FFFFFAB8
00000EA1
00000442
FFFFFEC0
FFFFF818
000009E7
000001BA
FFFFF739
FFFFF516
FFFFF81C
FFFFFC97
FFFFFDC1
0000092F
00000589
FFFFFDB3
FFFFFCFA
00000A73
00001543
00000DB8
FFFFF451
000000A7
00000FA7
00000104
00000AB4
FFFFFACA
FFFFFC44
00000AD2
000007B5
FFFFF2EC
00000EC2
00000CC8
00001072
0000032C
00000CE0
00000075
FFFFF038
FFFFED44
000001B7
FFFFE85F
FFFFFA98
FFFFFFCB
00000473
FFFFF58D
FFFFFFCE
FFFFFE5D
FFFFF9EE
FFFFF7EC
FFFFFF6D
FFFFEE2A
FFFFF161
000001C5
0000004C
FFFFFA72
FFFFEF4C
FFFFFE8F
000000A1
000004A0
FFFFF026
0000074D
FFFFF915
00000848
FFFFF7C6
00000DC0
FFFFF72C
FFFFF653
0000033A
FFFFFF55
00000D80
FFFFFC16
00000624
00000BE4
00000D22
FFFFEEA1
FFFFFEAD
00000ED6
FFFFF5BE
00000044
FFFFF0C8
FFFFFC94
FFFFFAAB
00000E2D
00000A99
0000058B
FFFFF8D9
00000D0D
00000361
0000073F
00001602
0000157A
FFFFF916
000003A5
FFFFFBBC
000001D0
FFFFFB2F
FFFFF074
FFFFF855
FFFFFBFD
00000D1A
FFFFFC07
000007D2
000007F6
FFFFFCB7
00000A04
FFFFF91C
00000B80
000002A0
FFFFF5EB
FFFFFDFB
FFFFFC60
00001304
00000E1F
00000C18
00001B00
00000B26
00000099
FFFFFF56
00000224
FFFFF733
000015E3
00000A75
00000C80
FFFFF16E
00000D22
FFFFF88A
000018AC
FFFFF094
FFFFF46D
00001047
00000F3E
FFFFF164
FFFFF19A
FFFFFCB4
00000129
FFFFEFF1
00000200
FFFFEBAD
00000214
FFFFECE0
00000365
FFFFF2C3
FFFFF45F
FFFFF631
FFFFE636
000009B2
FFFFF9C1
00000273
00000870
00000CF7
00000166
00000E63
00001960
000015B2
00001AE8
0000212D
0000172A
FFFFF9C3
00000DCF
FFFFF6A6
FFFFF314
FFFFFB79
0000140E
00000231
0000067F
00001788
00000491
FFFFF997
00000A95
00001CE3
FFFFF6FF
FFFFFBA7
FFFFF140
FFFFFD24
000005D0
00000EAA
00000BDF
FFFFF4DE
FFFFF7CB
FFFFF2BA
00000E16
00000A64
00001A41
FFFFFA34
00000516
00000DAB
00000C79
00000B1A
0000002A
000013D7
00000DD9
FFFFFF70
FFFFFE4D
FFFFEE89
FFFFF2F5
000004C5
FFFFE6CA
00000250
FFFFF721
000016A5
00000F2C
00000CE8
00000058
00001359
0000042D
FFFFF877
00000045
FFFFFF87
00001EF9
0000155D
FFFFF531
00000289
00001C9E
00000F87
000007AA
00000C47
000007D7
FFFFF2AB
00001178
000011BE
00000AD0
00001B0C
000007F2
FFFFF509
0000189B
FFFFEF72
00000F8D
FFFFFF06
00000ABF
FFFFE8F9
FFFFE61C
FFFFE708
FFFFFDA2
000007D1
FFFFF35D
FFFFF33B
FFFFE441
000005CA
FFFFEDF9
FFFFFB9A
FFFFEDDC
00000C0E
000004B4
FFFFFBBF
0000088F
FFFFFCBB
00000B9D
000001E5
FFFFF507
000005C7
FFFFF382
FFFFEDAB
00000CC8
000005A0
000010FD
FFFFFCB5
000007D5
FFFFFAFB
FFFFEF54
00001726
FFFFFB37
0000012A
000001F3
00001A26
00000077
FFFFF9C4
00000947
00000D85
00000C56
000013DC
000001B9
FFFFF14B
00000813
FFFFF535
00000D9A
000001F9
000006DC
FFFFF62D
000008B8
FFFFFC41
FFFFF86F
00001136
00000AD6
00000261
FFFFFCC2
FFFFFBD0
FFFFFF68
00000A84
00000BD6
00000D77
000013F0
FFFFFD99
00000C2B
0000186C
0000030E
FFFFF1BB
FFFFE653
0000112B
FFFFFFD7
00000687
FFFFEFD1
000018D3
FFFFF3CE
FFFFF19C
0000229B
FFFFF2B7
00000E80
FFFFEEF0
00000B5C
FFFFF452
000007BA
FFFFF146
FFFFFE10
FFFFF006
FFFFF34E
00001065
00000971
FFFFF69F
FFFFEB3E
FFFFF521
FFFFF6AC
FFFFF257
00000100
00000C01
00000BCE
FFFFF0AB
00000693
00001120
FFFFF737
FFFFFB0C
FFFFEAF8
00000505
FFFFEAEB
00000A19
00000F05
00000375
FFFFF3EA
FFFFF9EB
FFFFFD39
FFFFF152
FFFFFBD1
00000C97
FFFFFE80
FFFFEC6A
0000089B
FFFFE283
00000281
FFFFF923
0000070F
FFFFFB71
00000444
FFFFF606
000007A5
000008B5
00000063
FFFFFC86
000007F5
0000026B
FFFFFA84
00000D1B
00000A0B
FFFFFA7A
00000C65
FFFFF07C
00001B8F
FFFFFFF8
FFFFFA34
000006B8
00001E7F
000006B4
FFFFF3EB
0000067E
FFFFF4E7
FFFFF650
000009CC
FFFFF681
00000C18
00000CAC
FFFFFD1F
FFFFF55B
FFFFF854
00001368
00000CA3
000007CA
00000BF3
00000458
FFFFF288
FFFFF4C2
00000098
FFFFF6F6
FFFFF50C
000019EF
0000047C
00000C9C
0000060A
FFFFFAAC
FFFFEEB1
0000114A
00000910
0000043F
00000DAA
00001EA1
00000284
FFFFFF04
00000F8C
00001C0F
0000031C
FFFFFFD0
00001436
0000079A
00000939
00001B7A
000007FF
FFFFFC29
00001035
00000539
00000D53
00000B0E
00000ACA
FFFFF530
00000882
FFFFED49
00000BC4
FFFFF9CE
FFFFFA6E
FFFFF9DB
FFFFFA93
FFFFF856
FFFFECF9
00000DA6
00000C41
FFFFE9EC
FFFFFC2A
FFFFF9F7
FFFFE4DC
000004FD
FFFFFFA2
00000A25
FFFFFED9
0000057D
FFFFFC21
FFFFF480
FFFFF41D
00000D74
00000DEA
FFFFFFD0
FFFFEB29
00000F88
00000550
FFFFEA87
FFFFEB38
00000208
0000039F
00000396
000003E9
FFFFEEB9
FFFFF4F0
FFFFE32F
FFFFEE1B
FFFFFE66
FFFFF625
FFFFF26A
0000028A
FFFFFB7E
00000568
FFFFF80B
FFFFF70C
FFFFEE00
FFFFFE9D
FFFFF975
000006B2
000004C4
FFFFEA6D
FFFFFB52
FFFFFFBD
00000A2A
00000028
FFFFFE7B
FFFFFF48
00000331
FFFFF424
FFFFE7B1
00000A30
000002E8
FFFFFB1B
000006E0
FFFFFC4A
000013E0
FFFFF140
FFFFF768
FFFFF5AA
00000808
FFFFED5E
FFFFF452
00000508
FFFFF8BE
FFFFF918
FFFFFBAA
FFFFF1C4
FFFFEEF3
00000081
000002AB
FFFFFB24
000007C6
000003CA
00000125
FFFFF36A
00000F8C
FFFFFC05
FFFFEED5
FFFFFF3C
00000BA7
00001474
00000579
00000CD2
FFFFFB81
000001E6
00000CC0
00001D06
00000C17
00000B57
000007D0
00000C4B
FFFFF04F
FFFFEB4D
0000023F
FFFFF0E8
FFFFEB91
FFFFF48F
FFFFF0E8
00000169
FFFFFB43
FFFFF36E
00000368
00000A75
FFFFEED3
FFFFFFB1
000016B8
000011F9
00000393
00000240
000006F2
000012D9
FFFFFF86
000008A8
FFFFFEF3
FFFFF554
00000ACA
FFFFFF36
FFFFFB58
0000078D
00001880
00000497
00001801
00000AA5
00001235
FFFFF774
00000089
00000B43
FFFFF966
FFFFEA88
FFFFF32B
FFFFFA3A
FFFFF904
000002AF
FFFFF6BC
FFFFF496
FFFFEB2C
FFFFF8C2
00000026
FFFFF1AE
FFFFF07C
00000602
FFFFFA8E
00000794
000013F3
FFFFFEDB
0000063D
FFFFE158
FFFFEBAA
FFFFEC93
FFFFF28D
000010E6
FFFFE0E4
000000CD
0000001C
000007FB
FFFFFBE6
FFFFEDE5
0000038D
FFFFEC93
00000008
000014AE
0000134A
FFFFF29D
00000B54
FFFFF455
FFFFEF05
0000148E
FFFFF180
FFFFFA6B
FFFFEB88
FFFFF80F
FFFFEE3B
FFFFF32B
FFFFFC2D
000000FD
000008CF
FFFFF0C6
FFFFFD18
00001A6E
000002E7
FFFFED06
0000171C
FFFFF8CC
FFFFFE14
0000161C
FFFFF246
FFFFEF1C
00001736
FFFFF5DB
FFFFFE9E
FFFFFF05
000008C3
FFFFF10B
0000058F
00000F7F
FFFFF4E9
FFFFF959
FFFFF61F
00000853
000002B1
0000044D
000016B4
FFFFF6D3
000001A1
FFFFF9F7
0000156D
00000DFC
00000BE5
FFFFF7C4
00000B1B
FFFFFFAF
FFFFF932
00001FE8
00000B71
00001A1A
00000270
00002016
0000116E
FFFFEDE3
FFFFF6BA
FFFFFBF7
FFFFFFC6
00000A3F
000011E6
00001244
FFFFF42A
FFFFFEE1
FFFFEB6C
FFFFF4EE
FFFFFF3D
FFFFEA99
000008B0
FFFFFAC0
000014BE
0000143C
FFFFE468
FFFFEDFF
FFFFDD73
FFFFFDA1
FFFFFEBD
FFFFDE7A
FFFFF7B8
FFFFE13B
FFFFFF15
00000C17
FFFFF75B
FFFFEEBA
000000DA
FFFFECCE
FFFFFAD2
FFFFF2EB
FFFFE61A
00000D06
FFFFEF68
00000266
00000EA6
FFFFFD8F
00000B79
0000019E
00000E24
FFFFFEA0
00000352
FFFFFB57
FFFFFC90
000009E9
FFFFFD37
FFFFF799
FFFFF8E4
000009A3
FFFFF95E
000004F5
FFFFFE0E
0000009A
00000173
00000579
00000635
00000848
FFFFFB59
FFFFFADC
FFFFFEA2
FFFFFDB0
00000388
FFFFF735
FFFFFD1B
00000B21
FFFFFAC5
FFFFF5C1
FFFFFEB8
FFFFFA09
00000406
FFFFFA0C
FFFFF90E
FFFFFDAA
00000196
00000579
FFFFF15B
FFFFF2F2
00000004
0000063B
FFFFF3A9
FFFFED40
0000059E
000005B3
00000421
FFFFFA79
00000090
FFFFFC06
FFFFF93B
000009FA
00000B1C
00000381
FFFFFA46
000008FC
FFFFFAF4
00000CFF
00000006
FFFFFC33
00000D78
FFFFFAAE
000000DF
FFFFFC82
FFFFFC07
FFFFFE7D
00000E2D
00000176
000004FF
FFFFFA0D
000009AF
FFFFF6C8
00000431
FFFFF3DC
000007E9
0000015F
00000C74
FFFFF665
000000E1
FFFFFCC9
FFFFFCC6
000010F9
00000ABB
00000147
FFFFF4CE
0000058F
FFFFF89F
00000239
FFFFF2D1
0000120A
FFFFF783
FFFFFFE1
00000B68
FFFFFCD3
FFFFEEA1
00000CAF
00001024
0000097C
0000057B
0000067E
0000158A
000007EC
000001B8
000003FF
FFFFF4C2
000007CF
FFFFF8B3
00000155
FFFFFF1C
00000097
00000039
FFFFF56D
0000012C
FFFFF6BC
00000295
FFFFFFC9
000008ED
00000526
FFFFF7B9
000000E3
0000017A
FFFFF540
00000E4E
000000E5
00000285
0000068B
FFFFFA70
FFFFF492
00000130
FFFFFB5F
FFFFFFD0
00000BDF
00000797
00000C67
000010AE
000010B6
000003AC
000000C1
00000ED5
00000008
FFFFF7F6
0000126E
FFFFF0A6
FFFFFA28
00000260
FFFFFD23
000002D8
FFFFF8FD
FFFFF38E
00000AE6
0000005A
FFFFF40C
FFFFFB8B
FFFFFDA5
000002E7
FFFFFEF5
00000D6E
0000010F
FFFFF391
0000000B
FFFFFD7B
000001B1
FFFFF865
000009D1
000008B6
000004E1
FFFFF094
00000055
FFFFF1A2
FFFFFE3F
FFFFF7BA
FFFFFACA
FFFFF1E3
FFFFF883
FFFFF7EE
FFFFF037
FFFFF47A
00000E93
FFFFF679
00000ADF
FFFFFB5A
FFFFFA39
000001DE
000006A7
FFFFF5EF
00000EF4
FFFFFA24
FFFFFAF9
FFFFF8A5
0000020E
0000044F
FFFFFB6E
FFFFF23D
FFFFFCFF
000006CC
FFFFF731
FFFFFF41
FFFFF87B
00000817
FFFFF771
FFFFFE5B
FFFFF7BB
000007EB
FFFFF1E7
FFFFFB1E
FFFFEA3E
FFFFF593
FFFFFBE8
00000101
FFFFF66B
FFFFFDE5
FFFFF357
FFFFFBD9
000007CD
FFFFFD5A
00000C43
FFFFF6B0
FFFFF6F4
FFFFF700
00000530
FFFFFD14
00000905
FFFFF2FF
FFFFFF48
FFFFFBE4
FFFFFE46
00000071
0000021E
0000015F
00001410
FFFFF152
00000BC0
FFFFFED9
FFFFFAE3
000005CD
FFFFF37A
FFFFF0D5
000008BE
FFFFEE6F
FFFFEC7E
00001082
000002AD
FFFFF434
000001EA
000008BC
FFFFF43A
0000056C
FFFFFCAE
00000A2F
00000380
00000ADE
FFFFF92F
00000A8D
FFFFFA45
00000BC3
FFFFFAC9
00000811
FFFFF6F2
000006A7
0000038E
0000003B
00000587
FFFFFD08
FFFFF0B1
FFFFFEBC
FFFFFFC2
FFFFF32C
00000563
FFFFFFE8
00001538
FFFFF47B
000007F4
FFFFE858
0000059F
FFFFEB8F
FFFFFE32
0000044A
FFFFFE54
0000089C
000001C5
00000192
FFFFF60B
00000BB5
FFFFFEC5
00000945
FFFFFE78
FFFFF758
FFFFF850
FFFFF3E4
FFFFF78C
00000111
00000743
FFFFFE3F
FFFFF18A
000008CB
00000567
FFFFFDA8
FFFFF529
00000BF9
FFFFF37A
00000AE3
FFFFFE1E
FFFFF301
00000793
00000417
00000E8B
FFFFFFEB
FFFFFB90
FFFFF663
000002B1
FFFFFBE7
0000085A
00000398
00000D82
FFFFF99D
FFFFFDF1
FFFFFC13
000008F7
FFFFF925
0000028E
FFFFF8B0
00000E32
00000EAE
0000092C
FFFFF964
00000A03
00000934
FFFFFBCC
00000977
00000088
FFFFF355
FFFFFEC5
000005F5
000004E5
FFFFFFD9
000001F1
00000A26
000002AB
FFFFE59E
0000166D
FFFFFA67
00000573
FFFFFFC4
FFFFFB7F
FFFFF5EA
00000960
FFFFEF41
FFFFF89F
FFFFF5BE
FFFFF8A9
FFFFF36B
FFFFF8E2
FFFFF4D9
FFFFF38D
00000C43
FFFFFCD2
FFFFFB79
FFFFFE00
FFFFF8C8
FFFFF4A3
00000052
00000274
000005E3
FFFFFA11
FFFFFC0A
00000806
FFFFF144
FFFFFF32
FFFFF636
00000F1B
FFFFF547
0000017E
00000742
FFFFFE15
000008B4
FFFFEAEF
00000092
00000509
000006A0
00000182
000005D3
FFFFF7A8
FFFFFB9D
00000319
FFFFF82D
0000056E
FFFFF17F
FFFFFE1A
FFFFEE24
0000013E
FFFFF5A0
FFFFF5C5
00000983
FFFFEBFD
00000F91
FFFFFD73
FFFFF7D8
00000062
00000B72
FFFFEBE5
000000B9
FFFFF5A3
00000B1B
0000057D
00000593
FFFFFCBA
00000C79
FFFFFA59
000009C5
FFFFF36D
FFFFF408
FFFFF996
00000907
000003D2
00000C60
0000072F
FFFFFC38
FFFFF7C7
FFFFFEFC
FFFFFC9F
0000016A
FFFFF80A
FFFFF621
FFFFF77F
FFFFF3F5
FFFFFEA3
FFFFF587
FFFFFF78
00000ABB
FFFFF10A
00000899
00000505
00000BBA
FFFFF1FC
FFFFF6B6
000007BC
0000016B
000006D8
FFFFF41E
00000405
FFFFFAFC
FFFFF4DF
FFFFFB44
000007BC
00000693
FFFFF9FD
000002D6
FFFFF81A
000003A6
000001A8
0000060F
000003FC
FFFFFD5E
FFFFFD13
000003EA
FFFFFCDE
FFFFFD6C
000006D0
00000D64
000008EB
FFFFFD66
000008C8
FFFFF865
FFFFFF01
00000A2A
FFFFF976
000002ED
FFFFF9A5
FFFFEAB5
FFFFED6E
00000992
FFFFFAE8
000005D5
FFFFFA1B
FFFFFEF7
FFFFFFD2
FFFFFE5F
000005FF
00000B61
FFFFF253
FFFFF73E
0000035A
FFFFFB6E
00000598
FFFFF8AB
000004EB
000003EF
FFFFF9E2
00000F21
FFFFF25A
00000357
00000238
FFFFFA18
FFFFF689
FFFFF67F
000001C4
FFFFED99
FFFFF84F
FFFFFA72
FFFFFE2D
FFFFEDEF
FFFFFB91
FFFFF9A0
00000899
FFFFF626
FFFFF940
FFFFF275
FFFFF963
FFFFED68
FFFFFDC3
00000694
00000036
00000F83
00000986
00000213
00000703
FFFFF937
FFFFFBF3
FFFFF594
0000008A
FFFFF55A
00000069
FFFFF03A
FFFFF7D8
0000023F
00001221
00000854
FFFFF909
FFFFFA66
FFFFF7EE
00001435
FFFFF2C1
00000781
FFFFF413
00000922
FFFFFBB0
FFFFFC3F
FFFFECFC
FFFFF352
FFFFF283
FFFFFEFC
FFFFFD49
FFFFF1A8
00000379
FFFFF102
FFFFFF40
000003AF
00000106
FFFFFE0F
0000129F
000008D9
00000A6E
00000257
0000016C
FFFFFAF1
00000633
0000077D
0000100F
FFFFFECB
FFFFF99E
0000065B
FFFFF85D
FFFFFEC4
0000050C
FFFFFFA8
FFFFEFC0
00000E21
000005CA
FFFFF69F
FFFFED20
FFFFFB07
FFFFF952
FFFFF7F1
FFFFFD55
000004B2
00000286
0000000B
00000BD6
0000016A
FFFFF61D
FFFFF7D7
FFFFF04A
000008F1
0000046E
0000059A
000001D0
FFFFFF52
000007FF
FFFFFE3A
000005F1
FFFFF9DD
FFFFFF3E
00000109
00000A18
FFFFF842
FFFFF422
FFFFFAAB
0000096B
FFFFF68A
000005EC
000005FC
00000437
FFFFFAB4
FFFFFCB8
FFFFFE07
FFFFFA76
00000674
00000AD7
00000AA6
FFFFFF7D
FFFFF563
FFFFF769
0000091A
FFFFF382
00000A4B
FFFFFFCF
FFFFFD4C
FFFFFE3D
00000C25
FFFFFD3B
FFFFF1BF
FFFFF495
FFFFFF06
FFFFFB16
00000294
0000016A
00000B49
00000C0C
000000D3
FFFFEC38
00000423
FFFFF89B
000008CB
0000093F
00000D44
00000793
0000059A
FFFFFE21
FFFFFB4F
FFFFFC09
FFFFF5C0
FFFFF239
FFFFEF22
000005AA
FFFFFC95
0000039F
00000CFA
00001678
FFFFFB8A
000003CC
FFFFF6B5
FFFFFE03
FFFFF55B
FFFFF80A
00000309
0000054C
00000BAD
FFFFFC00
000006C3
000009E4
FFFFF745
FFFFFC7E
00000A00
FFFFFD31
000012C8
FFFFFC84
0000024F
FFFFF8E3
00000BBC
000005D7
00000797
00000C0D
FFFFF60E
000000C4
FFFFF28D
FFFFFAEB
FFFFEAA5
000003F8
00000A10
FFFFFD0B
000007DF
0000074D
00000355
FFFFF2EB
FFFFF23A
FFFFFBDB
00000033
00000B92
FFFFFDE2
FFFFFDE0
FFFFF5F7
FFFFFB96
FFFFFDC4
FFFFFB23
FFFFFB16
FFFFF6E9
000003F8
0000044E
FFFFFA9F
000009D2
0000026C
FFFFFC6F
FFFFF150
FFFFEFB4
FFFFF44B
00000A9A
FFFFF612
FFFFFB99
FFFFFF24
00000AFC
FFFFEEAD
FFFFF594
FFFFEACF
FFFFFFB7
FFFFFD9A
00000205
00001187
00000F02
00000718
FFFFF7F0
00001126
FFFFF1A5
00000A81
000004A3
00000BE6
00000DD8
FFFFF5F6
FFFFF8F6
FFFFF9F3
FFFFF83E
FFFFF58F
0000090B
FFFFF645
FFFFFB61
000006DA
000003BC
FFFFEE82
FFFFF3E3
FFFFFDC6
FFFFF6B0
00000DA9
FFFFF319
FFFFF807
FFFFEC3E
FFFFEAB5
FFFFF70C
000006C0
FFFFF383
00000709
FFFFF0EB
FFFFF290
FFFFEEA2
000005BD
000003E1
000001A6
00000F9A
FFFFF884
FFFFFF44
00000F18
00000E7D
00001328
00000C8D
0000007C
00001519
0000043E
FFFFF029
0000145B
000012C4
00000B34
FFFFF90E
FFFFFE1E
FFFFFE4C
FFFFFDE6
00000CB9
0000069B
00001103
FFFFF613
000001A0
00000774
FFFFF719
FFFFF93A
0000018F
00000426
00000146
FFFFF552
00000171
FFFFF05F
000005CD
FFFFFFB5
FFFFFC21
FFFFF6EC
FFFFF208
0000034D
FFFFF417
0000042B
00000581
00000A41
FFFFF6B1
FFFFFACA
FFFFF05F
FFFFF42D
FFFFFCE5
FFFFFAB6
FFFFF765
FFFFF791
FFFFF629
00000D16
FFFFF533
FFFFF8E9
00000495
0000076E
00000E48
00000505
FFFFF539
00000E8A
00000FB8
FFFFFEAE
00000FC6
FFFFFA51
00000CAD
000004FF
00000D54
FFFFF9BB
00001053
000007CE
0000089D
FFFFEF15
00000CDE
00000397
FFFFF62B
FFFFF332
000005CB
FFFFFDAD
FFFFF967
FFFFF2E5
FFFFFC57
00000615
FFFFFB04
0000078E
00000024
FFFFF201
FFFFF481
00000092
FFFFFE69
000011F1
FFFFF6FF
FFFFF6A0
FFFFE782
00000355
FFFFF44D
00000892
00000154
000003C8
000018D3
FFFFFA17
0000075F
FFFFF8E6
000003F1
FFFFF1DB
00001038
FFFFFA47
00000737
00000063
FFFFF1B1
FFFFF94E
FFFFEE91
FFFFFE34
00001009
FFFFFC7A
00000051
FFFFFEAA
000010A4
FFFFF7CB
FFFFFDCA
FFFFFDA7
0000090A
FFFFF856
FFFFF967
FFFFFC94
00000BAB
FFFFFE5C
000006CF
0000011E
FFFFFFC0
FFFFFE5B
00000707
00000507
FFFFF740
000004E0
FFFFFAE6
00000307
FFFFFCCE
00000F76
FFFFFEF1
FFFFF874
FFFFF790
FFFFFE56
00000C30
FFFFF5D8
00000169
FFFFFE13
FFFFF864
000005AA
FFFFFBAF
FFFFF9E7
FFFFFE93
FFFFEF98
0000078D
00000C23
FFFFF221
0000121E
FFFFFE2A
FFFFFB7B
00000E39
00000FE7
FFFFF913
00000E04
FFFFF592
FFFFF7B9
00000A57
00000AA7
0000053E
000018A6
00000893
00000168
FFFFFE32
00000833
00000152
00000D3D
FFFFF81C
0000055D
FFFFF38E
FFFFFD0C
00000969
000009D2
FFFFFDCD
FFFFF965
0000042E
FFFFF953
000001AA
FFFFF221
FFFFFC40
FFFFF845
00000079
00000B26
00000682
000016AA
FFFFFAD9
00000C69
FFFFF673
00000CE1
00000E77
00000BA1
0000026D
000003A0
00000144
000004ED
FFFFFE93
FFFFF016
FFFFFFA0
00000304
FFFFFCC8
FFFFF870
FFFFEF32
FFFFFDBC
FFFFF56C
00000478
FFFFF45C
FFFFF4DC
FFFFFE5E
FFFFF306
FFFFF265
FFFFEEF1
00000B66
FFFFFC9A
FFFFFC07
FFFFF761
00000D3F
00000889
FFFFFFC9
FFFFFF4A
000003DF
00000292
FFFFFD7D
FFFFEEF9
FFFFF747
FFFFFC70
00000C97
00000469
00000AA6
FFFFFC2A
FFFFFEBE
00000928
00000711
FFFFF2D2
00000D4C
000000A4
0000038A
FFFFFC41
00000679
00000A1E
00001592
00000BA4
00000DCB
00000400
000009A8
0000073C
00000784
FFFFF3E5
000007C7
000003CF
FFFFFC3D
FFFFF71C
FFFFF865
FFFFF9D0
000000EE
00000709
FFFFF5C8
00000C7F
000005B0
000009E9
00000BDB
FFFFF8D4
FFFFF4B9
FFFFFBDD
00000934
000009C4
FFFFFF4B
FFFFF312
00000128
00000349
FFFFF437
FFFFF2E0
0000043A
FFFFF5F8
FFFFFB8D
FFFFF72D
000000FD
FFFFF522
000000B1
FFFFF2DC
000008AA
FFFFF8F2
00000661
00000012
00000132
FFFFF018
FFFFFB77
FFFFFFBE
FFFFFBA3
FFFFF69B
FFFFFE30
FFFFEDBC
FFFFFF10
FFFFEE95
FFFFF6E7
FFFFF7FC
000009FB
FFFFFB9C
00000F5E
00000C4F
FFFFF0DB
00000C60
FFFFF835
00000268
000007CA
0000069C
00000B7C
FFFFFBC0
FFFFFA11
000006B5
FFFFF287
FFFFF82C
FFFFF206
FFFFFBDB
00000935
00000EF2
FFFFFF89
00000224
FFFFF7C3
FFFFFCE9
FFFFEB7C
000006A5
FFFFF861
FFFFF980
000009B7
00000A1A
0000046B
00000C14
FFFFFBEE
FFFFFD4C
0000036D
FFFFFA67
0000016D
000000A5
000000EE
00000BA2
00000F7C
00000A2A
00000D1A
0000022F
FFFFFD9F
FFFFFBE1
FFFFF241
FFFFF9BD
000002B5
FFFFF0D5
00000E08
FFFFFF76
00000869
FFFFFAD1
00000985
00000A6D
FFFFF9ED
FFFFF5E7
00000CEA
FFFFF61B
FFFFFA5F
FFFFFE52
0000019F
FFFFFC6D
FFFFF21A
FFFFF976
0000038F
FFFFF296
FFFFF849
FFFFFAD1
FFFFF1B7
FFFFF67C
FFFFF7B8
FFFFFD55
FFFFF487
FFFFF82B
FFFFF87F
000006B0
000006C3
00000C85
FFFFF17E
00000466
FFFFFB08
FFFFFAC5
000010BC
00000607
FFFFFACC
00000526
0000037E
000006CE
00000710
FFFFFA7B
00000828
FFFFFC91
FFFFFE27
FFFFFD68
00000231
FFFFF014
00000580
FFFFFD75
FFFFEF3F
000002C1
FFFFFCF7
FFFFFA58
FFFFF58A
00000B1E
000010A4
FFFFFC40
00000883
FFFFF80C
FFFFF364
FFFFF6C3
FFFFFE6C
000005E8
FFFFF9AE
FFFFFF1C
FFFFFE87
FFFFFA47
00000072
FFFFF65F
FFFFFB62
0000074D
FFFFF4C5
00000083
00000A25
00000DF6
0000081E
000003C4
00000918
00000280
FFFFF75E
FFFFFD40
00000EB4
FFFFF2BE
FFFFF7A2
00000E23
FFFFF39F
00000EFA
000009F1
FFFFF6C1
FFFFFBA3
FFFFF67F
FFFFFE81
00000F27
FFFFFC14
00001209
FFFFFEAA
0000046E
00000A62
00000FA0
00000EF8
00000F49
000008E2
0000049B
FFFFF20B
FFFFF8CD
FFFFF27A
FFFFF8A9
00000670
FFFFF005
FFFFF5F7
FFFFF72A
00000A3E
FFFFFA55
FFFFEB95
00000C1F
00000A74
FFFFF6BE
00000AB7
0000137B
00000C06
0000023B
FFFFEFD6
FFFFF083
FFFFF85D
00000A9F
FFFFF0BA
00000111
000000CD
00000ABF
0000115B
00000458
FFFFFC64
0000104E
00001295
00000886
00001D29
00000B25
000013B6
00000176
FFFFF639
FFFFF989
FFFFFE4C
FFFFF48B
0000068F
FFFFFBE3
0000094F
00000ADF
00000AF8
00000DBF
FFFFFE4F
00000A58
FFFFF9DD
00000FB6
0000051F
FFFFFAD5
00000C69
00000BDF
000007AC
0000081C
FFFFFAD4
FFFFFEBE
00000554
000005DA
00000C40
FFFFEEB3
FFFFF93F
000005C1
FFFFFC66
00000232
FFFFFE67
FFFFF899
00000252
00000900
FFFFFE21
FFFFF4EA
FFFFF1BD
FFFFF0E5
FFFFF81C
FFFFEC29
000005E1
0000002D
0000016E
00001178
FFFFFA7E
FFFFF85F
00001274
00000132
FFFFFEA4
000004EA
000010AB
000001F6
000005C1
000018C4
FFFFFEFF
000009BC
FFFFEFF5
000009F0
000006B4
00000AC5
FFFFF7E4
FFFFF9BC
00000587
000001F3
FFFFEFA6
0000019C
000003A6
FFFFFEAC
FFFFF1BC
FFFFFB4E
000003EA
FFFFF5E6
000005D3
FFFFFE7D
00000C62
00000187
FFFFFAFF
000006BD
FFFFFE49
0000093A
FFFFF8F0
FFFFF9BD
FFFFFE43
FFFFF912
0000019E
FFFFF6AE
FFFFF6E9
00000B71
FFFFF086
FFFFFC21
FFFFF3AE
FFFFF546
00000037
00000B93
FFFFFD89
FFFFFB9C
FFFFF864
FFFFFA2B
FFFFFD14
00000467
FFFFF278
FFFFFE3E
FFFFF7ED
0000049A
FFFFF2CF
000012FB
0000096E
00000CB8
00000B3D
00000ED8
00000458
0000001C
00000ABA
0000007E
0000088D
00000F02
FFFFFE11
FFFFF943
FFFFEA31
000000F3
0000040F
FFFFEB2D
00000F53
FFFFF1E2
FFFFF958
00000BB4
FFFFFBAE
FFFFFF05
0000002C
FFFFEE71
FFFFF726
000009A7
FFFFF7A6
FFFFF7CA
00000DBD
FFFFFACE
FFFFF7EE
FFFFFBBB
00000438
FFFFFFCF
FFFFFC85
FFFFF8E9
00000E1C
000004BA
FFFFF50D
00000155
FFFFFC31
FFFFFFBF
000005CC
00000E85
0000010E
00000AAD
00000A30
00000082
FFFFF623
FFFFF81C
000000F6
0000010F
000002C0
000006B6
FFFFF505
000003DB
FFFFFDD8
FFFFFF8E
FFFFFD0A
FFFFFEC2
FFFFFBBC
FFFFF8EE
00000260
000012E4
FFFFFB0B
FFFFF032
FFFFFD3E
FFFFFB80
FFFFF6B6
00000320
000000EF
FFFFF5C9
FFFFF767
FFFFF36A
00001181
0000078E
00000B1A
0000086E
00000862
FFFFFFC9
00000313
0000033F
FFFFF72A
FFFFFA2D
0000028F
000001D4
00000C63
00000983
FFFFF64E
000016B5
FFFFFA29
000003CE
FFFFF665
00000088
FFFFFA87
000016BB
000011DF
00001256
000015E4
00000428
00000BA7
FFFFE813
FFFFF97C
FFFFE7A7
00000696
FFFFF274
00000175
00000A98
FFFFED80
0000017B
0000091E
00000BC8
000005A8
00000225
0000006A
00000A98
FFFFEF58
FFFFEFD0
00000767
00000978
FFFFE85F
FFFFEB7C
00000A36
FFFFF426
FFFFF50F
000004E2
000004F5
0000093B
00000DAB
FFFFFD0D
FFFFFCB2
FFFFFCA8
FFFFED11
00000E79
00000252
0000014F
FFFFFB79
FFFFFE66
00000659
000006B7
00000CB9
FFFFF894
FFFFFEE4
0000016F
FFFFEAED
FFFFF689
00000AF5
000006B1
0000019A
0000053A
FFFFFCDE
FFFFFF4F
FFFFED51
0000082F
FFFFE7F5
FFFFFE58
FFFFED3D
FFFFF04F
000002C3
000001F2
000008E2
FFFFFE8B
FFFFFEA0
FFFFF2B5
0000056C
00000BE5
00000355
0000002D
FFFFFCF4
FFFFF892
FFFFEC6E
00000496
FFFFF4AC
FFFFFCC1
00000B2D
FFFFF54C
FFFFF30F
FFFFFCA3
FFFFF72D
FFFFFD7B
FFFFFE4B
00001097
000009F9
FFFFF4A6
FFFFF452
00000275
00000572
FFFFF156
00000152
FFFFF0F5
00000A83
FFFFEE07
FFFFF926
0000053D
FFFFFAA1
FFFFF6F3
000003DA
0000022C
000007B4
00000488
FFFFF722
FFFFEEB1
00000CCC
FFFFFBE2
00000F15
FFFFF633
00000294
00001554
00000002
FFFFFA9A
000005E1
0000021A
FFFFFAC4
FFFFF19C
000001E6
0000050F
FFFFF7A0
000011DB
FFFFF82B
FFFFFA43
FFFFF654
00000195
FFFFFEFB
0000032B
00000895
00000AF1
FFFFFF8B
FFFFFB98
FFFFF511
FFFFF644
FFFFF6E0
FFFFF8F0
FFFFF0A9
00000659
000008D1
00000CD7
00000DAB
000006FE
000011F2
00000FB3
000009E6
FFFFFAB5
00000379
00000992
000007F9
FFFFFEF2
FFFFFB07
FFFFF9A0
0000019E
FFFFF8AC
FFFFF5A0
FFFFF58C
FFFFFF9D
FFFFFB61
FFFFF084
00000371
FFFFF2CC
FFFFF683
000002DF
000008FC
00000904
FFFFFF73
0000025E
FFFFF5A8
FFFFF8DB
00000602
0000057E
FFFFF21C
00000B84
FFFFF981
FFFFF6D5
00000B7F
00000C5D
00000041
FFFFFCFF
00000CA1
FFFFF548
FFFFFB37
FFFFFA14
000000FC
FFFFF782
FFFFEA7B
FFFFF867
FFFFF8EB
FFFFFFA0
FFFFEB1B
000000F6
00000D4E
000009B5
00000026
FFFFF2B7
FFFFF6F0
00000669
000011EF
FFFFFC1D
000003CB
FFFFFEE9
FFFFFA6E
0000009A
FFFFFC52
00000568
FFFFFBFA
0000050A
FFFFEED4
FFFFF3A4
00000823
000002AB
FFFFF2EE
FFFFF607
FFFFF018
FFFFF651
0000025D
FFFFFF65
000002BC
0000083D
000000EF
00000751
0000073B
00000A91
00000A4F
0000132E
FFFFFBA4
00000B5E
000000A8
00000C5F
FFFFFB9F
FFFFF577
FFFFFD40
00000DC2
FFFFF386
00000017
00000EEC
FFFFF946
00000F29
00000090
FFFFFB72
FFFFF664
00000179
00000ACE
FFFFF661
FFFFF45C
00000BCD
FFFFF9DC
0000116D
FFFFFB0A
FFFFF104
FFFFFD3D
0000052F
00000610
FFFFF8D5
00000E19
000004B2
000012A0
FFFFFEC9
000007E1
000005CF
FFFFFD1F
FFFFFC89
00000A51
000004D5
00000C81
FFFFFD66
FFFFFE22
FFFFFE80
FFFFEEC9
0000064B
FFFFF745
FFFFF7CA
00000918
000001BF
000007E0
00000A85
FFFFFA28
000004AA
FFFFF8F4
00000499
00000602
FFFFF422
000005A4
000004B6
FFFFFE06
0000082D
0000094B
00000048
FFFFF077
FFFFF81E
00000C98
00000B50
FFFFFF35
00000151
00000661
0000059A
00000142
00000115
FFFFFDD0
000000CA
00000730
0000046E
FFFFFD5C
FFFFFBFE
FFFFFD48
FFFFFAA6
000009CF
FFFFF68E
00000591
FFFFFB0B
FFFFFE99
FFFFFA5A
00000726
FFFFF535
FFFFFEF3
0000065E
FFFFFBC4
FFFFF3B3
FFFFFAD2
00000105
FFFFF894
0000051D
000000EB
FFFFFE99
FFFFFF08
00000382
00000028
FFFFFD68
000006CA
FFFFF6F8
000001FB
FFFFFD76
FFFFFAAC
FFFFFD3A
0000056C
FFFFF39E
000008FE
000006B5
FFFFFA7A
FFFFFA56
000005B8
FFFFFC17
000003CA
FFFFF557
00000276
FFFFFCDF
00000168
FFFFFC5C
FFFFF9CB
00000168
FFFFFA5B
FFFFF889
FFFFFA59
00001099
000002F0
FFFFFAAE
00000078
FFFFF557
00000777
FFFFF493
FFFFF330
FFFFF792
0000012C
00000282
FFFFFDCE
00000C58
000006F5
FFFFF7A6
FFFFFD75
00000ADD
FFFFFACD
0000040E
FFFFF1F5
FFFFFC52
00000EB6
0000006E
FFFFFE20
00000E40
FFFFFBB2
000001B3
FFFFFB15
FFFFF6FA
FFFFFD5C
FFFFFD59
000002AF
00000670
FFFFFFF4
00000323
000004F7
00000754
0000028E
FFFFFBA8
000008BB
00000099
00001045
0000052D
FFFFFC1C
00000055
FFFFFE62
FFFFFD69
FFFFFEF8
0000038A
FFFFF3FF
FFFFF37A
0000089B
FFFFF2B8
000009AE
00000056
FFFFF4E4
000001AD
00000351
FFFFF83A
00000548
FFFFF6C7
FFFFFAD8
FFFFF687
FFFFF97C
FFFFF896
000004AE
FFFFF8C2
FFFFFBA1
0000091D
FFFFF66F
FFFFFD6C
00000570
FFFFFA59
000001EE
000006AE
FFFFFF52
FFFFF5BE
00000912
FFFFFF44
000007FB
000002FF
00000413
FFFFF543
FFFFFDB3
FFFFF914
FFFFFCD1
0000076E
00000512
FFFFFD17
FFFFF2E4
00000532
FFFFF8B1
000000AE
FFFFF61D
FFFFF73F
000004B8
FFFFFE76
0000072E
FFFFFDE5
FFFFF9BA
FFFFFD7B
0000018C
FFFFFAB7
FFFFF121
FFFFF00A
000003FE
FFFFF741
FFFFEECB
FFFFF413
FFFFF34E
FFFFFD3F
000009D2
000005F5
FFFFFBFB
FFFFF92B
0000004A
000007C1
FFFFFA0B
00000085
00000117
00000A2C
00000E85
00000387
FFFFF8A5
FFFFFEEF
00000208
0000085E
00000A2D
000007E7
0000081F
00000CE1
00000B27
00000C70
0000049E
FFFFFB32
FFFFF986
000007BB
000005E9
FFFFFA19
FFFFF76E
FFFFFE37
00000902
00000321
FFFFF706
FFFFF84E
FFFFFF87
FFFFFD9B
FFFFF7F4
FFFFF221
000003B5
000005B7
FFFFF7B9
00000661
FFFFEDC8
FFFFF064
FFFFF994
FFFFFC72
000004A9
FFFFF726
FFFFF4EC
FFFFF4F0
FFFFEFDF
FFFFFA62
00000E13
FFFFFB0E
FFFFFD63
FFFFFC17
FFFFFE4D
FFFFFDD5
FFFFF53B
FFFFFEDA
00000424
FFFFFDDF
00000537
FFFFFF12
00000306
0000022F
FFFFFF80
FFFFF7D6
FFFFFAE3
FFFFF987
FFFFFDB8
0000042B
000009D6
00000972
00000526
FFFFFFB5
FFFFF928
000004B5
FFFFFA09
000003EA
000007B1
00000A58
FFFFF592
FFFFF472
FFFFFAAC
FFFFFACE
00000748
00000129
FFFFF9C1
FFFFFB9B
00000826
FFFFF1BD
FFFFFB42
FFFFF817
00000B2E
FFFFFF3F
FFFFEEEB
000006A9
FFFFF81D
FFFFFCC8
FFFFFDA1
FFFFF8D1
000001DD
000005A7
000006E8
000005DC
FFFFF4DA
FFFFF780
FFFFF991
FFFFFE1D
000000DE
00000A81
FFFFF686
00000BC6
000007BA
FFFFF7E2
FFFFF7C5
0000095C
FFFFF94F
000009F0
FFFFFE38
00000A09
FFFFFC63
FFFFFDBD
00000043
FFFFFA24
000007B4
000002AB
FFFFF1DB
00000588
000001AD
00000435
FFFFF7EC
000004D9
FFFFFFB3
FFFFFE16
0000079D
00000047
00001064
0000018C
00000142
00000893
000006AE
000001DC
FFFFF172
000000E1
FFFFFED2
FFFFF6D2
000006C2
00000893
FFFFF630
00000467
FFFFF534
FFFFF4E4
FFFFEB0F
FFFFF830
000002FB
FFFFF3DF
000008E3
FFFFF60A
FFFFEF3D
FFFFFBB0
FFFFF393
000001AF
FFFFF794
FFFFF583
FFFFF547
FFFFF69E
FFFFF8E8
FFFFF373
FFFFF4F7
FFFFFB2D
FFFFFBB9
FFFFF6A0
FFFFFA7D
FFFFF85F
FFFFFB97
FFFFF63B
00000250
000003A9
000002CB
000007E4
FFFFF199
FFFFFECA
00000874
FFFFF937
FFFFFF85
FFFFFC7D
FFFFF516
000007B7
FFFFFCB9
00000404
FFFFF9E7
00000A64
00000493
FFFFFCA7
0000023F
00000BA5
FFFFFB32
000001D9
FFFFFD57
00000AF2
FFFFFC42
FFFFFE22
FFFFFAE8
FFFFFC71
FFFFF6FB
FFFFFC29
000005CE
0000071D
00000920
FFFFFA7A
FFFFF3B9
FFFFF889
000001A5
00000571
FFFFFDF8
00000097
00000A62
FFFFFC84
00000553
FFFFFB1F
FFFFF9ED
FFFFFDA7
FFFFF9A1
00000C3A
00000596
00000473
000006B5
000006FA
FFFFFE9E
00000A0B
00000E83
0000043D
FFFFFC49
FFFFFB33
FFFFF6AD
FFFFFA49
FFFFFF69
FFFFFB60
FFFFF257
0000075A
FFFFFD7F
FFFFF530
FFFFFFBD
0000008D
FFFFF95B
FFFFF848
FFFFFDF8
00000402
0000037C
00000749
00000580
0000088C
FFFFF879
FFFFF550
FFFFF5B5
00000A35
00000431
FFFFFEFF
000004BF
00000B5D
0000097B
FFFFF43F
FFFFF45F
FFFFF6D2
FFFFF654
0000017B
FFFFFF56
FFFFFCA9
FFFFF7C4
0000038E
FFFFFA17
FFFFFBEE
FFFFFDC3
FFFFF32A
FFFFFBC5
FFFFF6A7
FFFFFC54
00000726
FFFFFCEB
0000054B
00000B80
FFFFFF4D
00000F39
FFFFFBE4
FFFFF9B4
00000174
00000210
FFFFFAF8
FFFFF394
00000264
00000587
FFFFF727
FFFFFF1E
000005DF
FFFFFEFA
FFFFFD00
000007CA
FFFFF223
FFFFF832
FFFFF3E2
FFFFFEB3
FFFFFF1B
000002CE
FFFFFD66
FFFFFDD4
FFFFFCD8
FFFFF529
FFFFF8F6
FFFFF9EA
00000739
FFFFFABA
FFFFFA10
000003E0
00000224
FFFFF81F
00000493
FFFFF77D
FFFFFDA5
FFFFF884
FFFFF9FA
FFFFF460
FFFFFB60
000008C9
000003D0
FFFFFDBE
FFFFF241
FFFFFAA8
00000400
0000008D
0000026E
FFFFFF7E
FFFFFD8E
000006AF
FFFFF2D2
FFFFFA27
00000463
00000688
FFFFF77B
FFFFF499
0000048F
FFFFFC7F
FFFFF623
00000B23
000008F6
FFFFFAAF
0000039B
000008CE
FFFFF8DA
FFFFFFAB
00000930
0000075F
FFFFFC87
FFFFF9C4
00000B64
FFFFF48B
FFFFF62B
0000035C
000006DF
00000311
0000089B
000007A7
00000639
000001C6
0000096E
00000890
000001D2
000002CB
FFFFF6C3
FFFFF9F8
000003C6
00000036
00000044
FFFFF3D0
FFFFFF58
FFFFEDD3
00000036
00000522
00000326
FFFFFA21
FFFFF9BE
FFFFFA66
FFFFF277
FFFFF68A
000000D9
FFFFF018
0000046D
FFFFE9DC
000006E2
FFFFEE51
FFFFFDB7
FFFFFFFA
FFFFF4EC
FFFFF918
FFFFF812
000007CD
000004D7
FFFFF599
000007F8
FFFFEB99
0000090F
00000C2E
FFFFF3B2
FFFFF40C
FFFFFAFC
FFFFFC1A
FFFFFE56
00000B7B
FFFFF7EB
00000687
FFFFF175
FFFFF1DE
00000815
00000F0A
000007B6
FFFFFF0C
FFFFFC74
00000D02
FFFFFC75
00001121
FFFFF2CF
0000067C
FFFFFA6D
FFFFF84D
00000228
FFFFFAF4
FFFFF688
00001474
00000795
FFFFFCE6
FFFFF431
FFFFF573
FFFFF85D
FFFFF3BA
0000005E
FFFFF36A
000006F1
FFFFFDD2
FFFFF966
FFFFED80
FFFFF3C4
FFFFFF9D
00000108
000011FE
FFFFF7B2
000009BB
000001A5
00000374
00000CFA
FFFFF95E
00000033
000000FB
0000011E
FFFFF461
FFFFF4E6
FFFFEE4F
FFFFF5B0
000007B3
FFFFF9AC
FFFFF4C9
00000CE9
0000044B
00000E56
FFFFFA1C
FFFFFC49
FFFFF584
FFFFF37B
000009C1
FFFFF835
000010C0
FFFFF1E8
00000548
00000E37
0000019E
FFFFF81F
FFFFF75D
FFFFFC43
FFFFFB31
FFFFEE9C
000013A8
000001F7
FFFFF890
000001B4
00001120
000002C9
FFFFEB05
FFFFF23A
FFFFEF40
0000095D
FFFFEFB5
0000012E
FFFFEFF1
FFFFF302
FFFFF936
0000027A
FFFFF74C
00000924
FFFFECEE
FFFFF41A
FFFFFDDE
FFFFED2F
FFFFF1E8
FFFFFFA5
FFFFF720
FFFFF90F
FFFFF02E
0000033C
FFFFF6A2
0000069E
FFFFF06C
FFFFF4FC
FFFFF815
000003AD
FFFFF2F2
FFFFF8BA
00000A1F
FFFFF2C2
000006DD
00000C27
FFFFF837
00000A96
000008C5
FFFFF82C
FFFFFF04
FFFFF770
FFFFEF73
00000912
000002CF
00000E00
FFFFF441
FFFFF451
FFFFF9DA
FFFFEC54
FFFFFC15
FFFFFBC8
00000064
00000A86
FFFFEEE8
FFFFFA83
0000031C
00000650
FFFFF48B
FFFFF777
FFFFF770
FFFFFAD2
FFFFFC5D
FFFFFF6F
FFFFFE4D
0000044F
00000635
FFFFFB0E
FFFFEC1A
0000000A
FFFFFD6B
00000474
000008E9
FFFFF24D
00000535
FFFFE915
00000193
FFFFFA8D
FFFFF765
000001DB
FFFFF839
000009D2
FFFFF82F
00000049
00000FC8
FFFFF1BA
FFFFF733
FFFFFEB3
00000812
00000A8E
00000294
00000D75
FFFFF952
FFFFEC86
FFFFFB95
FFFFF746
FFFFF0F8
FFFFF17F
FFFFFFB0
0000051F
FFFFF723
000003D1
0000107B
00001122
00001243
00001079
0000046C
000010BD
00000BE2
00000E6E
FFFFFE47
FFFFFD99
FFFFF446
FFFFF0B8
FFFFF4CA
FFFFFAE0
FFFFFFE8
FFFFFC4F
0000033B
FFFFFC0D
FFFFFF3E
0000020F
000004B3
FFFFFC89
00000DD3
0000013A
FFFFFDAA
FFFFFBE2
FFFFF710
FFFFF34B
00000929
000010C6
FFFFFF60
00000C7C
0000002C
FFFFEEE6
0000079D
00000646
00000F61
FFFFF365
FFFFFA4B
00000B2F
00000C00
00000F4D
00000416
FFFFF471
FFFFFF9B
000011E2
FFFFF4C6
00000A58
FFFFF904
00000036
00000B9C
00000405
000008A8
FFFFFF05
FFFFF6FF
FFFFF738
FFFFFC77
00000E24
00000E58
FFFFF1A5
FFFFFEBC
00000647
FFFFF9C8
FFFFF9A7
00000C8F
00001111
FFFFFBCE
FFFFFEDD
FFFFF662
FFFFF8A3
FFFFFAF5
FFFFE6B0
00000A82
FFFFEE54
FFFFFEFB
FFFFFFF5
0000110E
00000160
000001DD
000002C1
000009A6
FFFFF4CC
FFFFF060
00000870
000012D2
FFFFF110
FFFFED15
00000B52
FFFFF7A4
FFFFFEC2
0000059E
000003E3
000001AD
FFFFEA81
000000DD
00000AF3
FFFFFD5C
FFFFFDC8
FFFFEEF8
000005B1
FFFFF18E
00000FE2
FFFFFB7D
FFFFFF88
FFFFFA7F
00000C3B
00000464
FFFFE2B3
00000BD0
FFFFE5BA
FFFFF23F
FFFFF8D4
FFFFFF07
000008E1
FFFFF0A1
00000EE2
FFFFFD7A
00000A60
00000124
000011B8
00000E72
0000013E
000009A7
FFFFF942
0000019A
FFFFF281
00000532
FFFFEFED
FFFFFE0E
00000911
FFFFF9A5
FFFFF013
FFFFF20F
FFFFF67A
FFFFFA63
FFFFFB3B
0000010C
FFFFECDD
00000730
FFFFE145
FFFFFE73
FFFFFF76
FFFFFA24
FFFFECDA
FFFFFB46
FFFFED4D
FFFFF6C9
FFFFF8D3
00000ACE
00000615
000004DE
00000B9C
00001401
FFFFF996
00000B63
000002DC
0000125E
00001238
00000D8E
000001A2
00000FDE
00000214
FFFFF6C4
0000094E
00000870
FFFFF7AF
00000250
00000DC4
000000D0
000008B7
000009B3
FFFFEF2D
FFFFF4F3
FFFFFAE6
00001136
00000C92
00000689
FFFFFF63
00000052
00000F9A
FFFFF773
00000231
00000EFE
FFFFF88B
00000E2E
00000404
FFFFFB4F
0000008A
FFFFFCB8
0000012E
0000031B
FFFFF22C
00000DCB
000003A4
FFFFF576
FFFFF0C5
FFFFFE9F
FFFFFB01
FFFFF7FE
00000C5B
FFFFF9C3
FFFFF8EB
000008FA
FFFFFDF0
FFFFF517
FFFFF889
00000951
FFFFF04D
FFFFF192
00000361
FFFFFCD8
000009F1
00000856
00000821
0000046B
FFFFF7CA
000007C4
0000037C
00000AC1
FFFFFF2B
00000CCF
FFFFEF6F
FFFFF2F2
FFFFEEF0
0000106C
000005B7
00000F2A
FFFFF746
FFFFF683
FFFFF639
00000EE4
FFFFFEA3
FFFFFB8B
FFFFF74B
FFFFED0E
000003A7
00000DFA
00000CCE
0000076E
000002B3
FFFFF6FD
FFFFF054
FFFFEAF6
FFFFFA25
FFFFFA14
FFFFF202
FFFFF997
FFFFFB98
FFFFEBE0
FFFFE821
FFFFF765
00000C6E
FFFFF91A
00000548
0000022A
0000004E
00001059
FFFFF2AD
00000508
0000014E
0000060F
00000688
00000635
000002A9
FFFFFB0A
FFFFEF4C
00000B51
0000038F
FFFFEE2E
FFFFF959
FFFFF9F5
FFFFFC59
00000233
00000C8B
000008F3
00000D90
FFFFF29C
00000F60
000003E7
FFFFFBCD
00000EFC
FFFFFB9B
00000575
00000694
FFFFEF6E
FFFFF0FE
FFFFF31B
000009D3
000011C5
0000036D
00000B45
FFFFED7C
0000025E
00000D99
000005AF
FFFFF97B
FFFFF702
00000668
FFFFFE0C
FFFFF75F
FFFFFE9F
0000085E
FFFFF169
000007E3
FFFFF30B
FFFFF07A
FFFFF57E
000003F3
FFFFF847
FFFFF515
000006D0
00000E48
FFFFF48A
FFFFF445
00000207
FFFFFA39
FFFFF43B
00000635
FFFFF7A8
FFFFF172
00000580
000009A8
FFFFFE04
000007EC
00000D7F
00000374
00000EE5
FFFFFD1F
00001639
000006D4
FFFFF6EC
00000E57
FFFFF0C8
FFFFFA4C
FFFFF9B8
FFFFFB97
FFFFE8D5
000003D9
FFFFF687
FFFFF90C
FFFFFAEF
FFFFF5D4
00000AED
FFFFF882
0000050A
00000D3B
00000419
000000DA
00000E36
00000A99
00000CA7
000005AD
FFFFF92C
FFFFF63F
00000C60
0000016A
00000FB9
00000B54
00000978
000001B1
FFFFFCBD
FFFFFAC3
FFFFFB7D
00000AD3
FFFFFCA0
FFFFF9F9
FFFFF9CC
000000F5
FFFFFE67
000004BA
FFFFFA77
00000259
FFFFFE55
0000082A
000007C2
0000035B
00000F37
0000033E
00000714
000009A5
000004BA
FFFFF576
000003E2
FFFFFA1B
00000D2E
000006EA
00000A11
FFFFFD40
FFFFFE22
FFFFFAE9
FFFFE93C
FFFFF12A
0000158C
00000E4F
00000064
00000036
FFFFFFB4
0000049E
00000D0C
FFFFF36C
FFFFF5A4
0000039F
FFFFF78B
00000DAC
FFFFEE11
00000498
FFFFEA2A
FFFFEB23
FFFFF688
00000766
FFFFF40F
FFFFF273
FFFFE86D
00000AEE
FFFFF799
000015C7
FFFFFCBE
000013BE
FFFFF2D4
000001C6
000009F6
FFFFFC54
00000251
FFFFFE7F
000008F8
0000033B
FFFFF6E5
FFFFFFF7
0000090A
FFFFF71C
00000818
00000EC5
FFFFFEE5
00000424
FFFFF171
FFFFE91A
000002CC
00000571
FFFFF846
00000E9F
FFFFF8A1
FFFFF682
FFFFFCEF
FFFFFEFC
00001CD9
00000E9D
00000A6C
00000645
FFFFFDEE
0000186A
00000B69
000007BC
FFFFFC9A
FFFFFE58
FFFFFA35
0000145C
00000E9A
FFFFFB59
FFFFF924
FFFFFBD9
00001263
FFFFFCB1
00000911
00000A95
FFFFFA0B
00000483
00001099
FFFFFE8D
FFFFF99D
000004D2
FFFFFD7D
00000D33
FFFFFBF6
FFFFEEDD
000009D4
FFFFFB99
00000320
FFFFFF65
FFFFFF0B
FFFFFA08
000013DC
00000C78
00000527
000011FB
FFFFFECB
00000744
00000260
FFFFF6C3
FFFFF075
FFFFEC73
00000D41
FFFFF063
FFFFFDCD
FFFFF9E3
FFFFFD3E
0000054B
00000A97
000000B9
0000048C
FFFFFB7F
000005A9
FFFFFFB0
FFFFF594
FFFFF0F3
FFFFEDF9
FFFFF8DE
000004D8
FFFFF7C1
0000009F
FFFFF639
000002BC
FFFFF533
FFFFF6B3
00001066
FFFFF457
00000DCF
0000105A
000005DA
00001325
00000E8B
FFFFFF3E
0000009B
FFFFFFA9
FFFFF085
0000113E
000002BE
00000AA6
FFFFFC00
000010BE
0000021A
FFFFF52B
000003CC
FFFFF54D
000015A2
00000F7F
FFFFFB36
FFFFFD1B
00001105
000009DC
FFFFF487
FFFFF764
FFFFF086
00000256
00000596
FFFFEE66
FFFFEBF3
00000A51
FFFFFCAF
0000098A
FFFFFC3F
00000B7E
FFFFFE61
FFFFEE4D
FFFFFE92
FFFFFACD
00000B06
00001309
FFFFF4BD
FFFFF245
FFFFE943
FFFFFC02
00000FCB
0000113A
FFFFFFA5
00000A27
FFFFF1B2
00000002
FFFFEEF9
00000053
00000CB4
FFFFED1D
00000CCE
000004F6
FFFFF2FD
FFFFF341
FFFFF9B5
00001987
000011CC
FFFFFD22
FFFFF86C
FFFFF4E9
FFFFFC39
00000C00
FFFFF6C4
FFFFF55E
FFFFE949
FFFFFC24
FFFFFF34
FFFFF365
FFFFEBFA
00000285
FFFFFCCC
0000088B
FFFFEEF2
00000235
00000901
FFFFFF01
FFFFF8D6
00000F46
000001C7
FFFFF50B
000008B0
FFFFF908
00000E07
FFFFF507
000009C6
00000349
000005E0
000002C3
FFFFFE73
0000061D
00000D02
00001237
000011B1
FFFFF3D3
FFFFFC0E
000007C3
0000035C
000008FC
00000156
0000098D
FFFFFCA0
FFFFFB4C
0000176B
FFFFFC51
00000177
000016CB
0000054E
00000E9A
00000F3D
000000A0
FFFFF40C
00000E39
000001AE
00001400
FFFFFDFF
00000BEA
0000056F
00000BBF
00000AEA
FFFFF330
0000119A
000011D2
000008F1
FFFFFBE2
000004B2
0000077B
00000A06
FFFFFC65
FFFFF6A9
FFFFFAB7
000020E5
FFFFFD28
0000135D
00000AA9
FFFFF546
00001AAC
FFFFF218
00000D76
000008F3
000002BC
FFFFFB9E
00000C99
000003F0
00000536
FFFFE819
FFFFE94D
FFFFED3E
00000FCF
FFFFEEDF
FFFFFF66
00000678
FFFFEC5A
FFFFF9A7
00001266
000000E1
0000018B
00000495
00000ECE
000001B8
0000078C
00000904
FFFFFF90
00000A03
0000108D
FFFFEB98
00000146
000001A2
000008E9
00000370
000000FE
FFFFFA7C
FFFFFA54
000005EA
FFFFFFB2
000001ED
FFFFFEA9
00000098
0000065D
000006C6
000001A1
FFFFFB2B
00000470
000000F0
FFFFE929
000006F5
FFFFF43E
FFFFFBB3
FFFFFFF4
0000059C
FFFFFA53
FFFFE89C
00000076
FFFFED69
FFFFF39E
00000477
FFFFF24D
FFFFF7E4
00000C50
00000B9F
00000EB5
0000026F
00000BB9
000017E9
FFFFF838
FFFFFBB7
FFFFFAE6
FFFFEB3C
00000567
00001257
000008C6
FFFFF9BD
00000B42
00000F2D
FFFFFB6F
FFFFEE5E
FFFFFA7D
000006EE
000004AA
FFFFF3F1
FFFFF95E
FFFFFCF7
FFFFF6C4
000002B6
00001078
FFFFF5BA
00000721
FFFFF2D6
00001076
FFFFEBD8
00000411
FFFFFE8C
000006C7
00000C1B
FFFFFDD8
0000033E
FFFFF58E
FFFFF106
000004E7
FFFFF6E5
00000B59
00000779
FFFFFB59
00000E5E
00000E46
00000220
000014C6
00000F4B
00000418
000014BE
FFFFF800
FFFFED7E
FFFFFB18
FFFFFA07
FFFFF5D8
00001149
00000D71
FFFFFFF4
000010D2
00000CF1
FFFFFB12
FFFFF8C8
00000DF8
00000618
0000173D
00000F72
000007B3
00000E6C
00001515
000016DE
FFFFF9CA
FFFFF1C9
FFFFF8E1
00000BBF
FFFFF93F
FFFFFEFB
00000C92
FFFFFC54
00000AEB
FFFFF5B8
FFFFFC63
FFFFF880
FFFFF7A8
FFFFFFBF
000005B6
00000593
00000CB4
FFFFFFC1
FFFFE710
000014DA
00000941
00001303
00000585
FFFFF736
FFFFFC28
00000A10
FFFFFA4B
00001E32
FFFFFAAA
000009E8
000002CD
FFFFEEBD
FFFFFD05
FFFFF38E
FFFFEFD9
000007EB
FFFFF932
00001034
FFFFF945
FFFFF858
FFFFF000
FFFFF8AB
000006E0
FFFFF07F
FFFFF1E5
000005ED
FFFFFAE7
FFFFFCB1
FFFFF9AA
FFFFE754
FFFFE886
FFFFF849
FFFFFCED
000004E4
FFFFF5C3
00000047
0000079F
FFFFFD35
FFFFFE57
FFFFFB1B
FFFFF8EF
FFFFFFB3
FFFFE98A
FFFFFE12
FFFFF804
0000118C
0000142C
00000458
FFFFF511
000005DE
FFFFF4EC
FFFFF6B6
FFFFF970
00000398
FFFFF8FB
FFFFFF2A
00000168
00000C31
00000134
000005DE
FFFFF7F6
000000B7
000012B2
FFFFF174
FFFFF8DC
00000F18
FFFFEE8A
000011CA
00000314
FFFFF303
FFFFF7C5
00000944
FFFFFA4B
FFFFEF3A
FFFFF2DA
FFFFEF01
FFFFFBF6
FFFFEF2A
FFFFE849
0000060D
FFFFF650
FFFFF2F0
FFFFF084
FFFFFE7B
FFFFF745
0000111F
FFFFF0F3
00000A76
FFFFF7FE
FFFFFB41
0000108C
000002B7
0000013B
FFFFF48D
00001343
FFFFEF09
0000070F
FFFFFA93
FFFFFA26
00000588
FFFFED61
00000D1D
00001574
000000D6
000002B1
0000127E
000015D7
FFFFF808
00000C4F
FFFFFCE4
00000648
0000097F
00000A9C
0000053F
00001AF8
00000292
FFFFFB97
FFFFF5C8
FFFFF74D
FFFFF56A
00000F10
00000D3E
000002D2
00000C23
FFFFFDD7
00000702
00000983
FFFFED44
FFFFFA76
0000005C
FFFFFDFD
00000D27
00000417
00000701
00000472
000006FE
FFFFF98A
000013D7
0000125F
0000022D
00000F8B
00001557
00000378
00000C88
FFFFF0DC
FFFFFC18
FFFFFD0F
000005DE
00000DC3
00000C09
FFFFFF5E
FFFFF257
000008C4
FFFFF07B
00000637
00000C15
FFFFF8D1
00000FD6
FFFFFA5D
000008D4
FFFFF307
000009D6
FFFFF554
FFFFFBF4
FFFFFBCC
00000ABE
FFFFF4A3
000001F1
FFFFFDE3
FFFFF4B6
0000089E
FFFFF034
FFFFFF8F
FFFFFFE9
0000029C
00000270
000002F2
FFFFF731
00000A64
FFFFFB8B
FFFFF5F7
00000AE6
00000893
FFFFF2E7
000008ED
FFFFF73C
FFFFF609
00000CAB
000002E8
00000580
FFFFE8EF
FFFFF36E
FFFFF809
FFFFFB34
FFFFF1C1
FFFFF131
FFFFE9D5
00001079
000003A1
00000866
000013CF
0000117D
000005B0
FFFFFFCB
000005E2
FFFFFD1F
FFFFF682
00000CBF
000008CF
FFFFF5DA
00000143
00000CB6
FFFFFC4F
FFFFF45C
00000B0E
FFFFFCFB
FFFFF3E3
FFFFF7E8
FFFFFF65
00000259
FFFFFC77
000005CF
FFFFF666
00000036
0000053C
FFFFFAD5
FFFFFBE4
FFFFF7AE
00000383
FFFFFB56
FFFFF565
FFFFF90F
FFFFFE86
000006E2
000014DD
00000DFB
00000C0E
0000160F
00001661
00001A3C
0000130D
00000E51
FFFFF14C
FFFFF631
FFFFEC30
FFFFFA08
FFFFEFD1
FFFFF557
000006F4
FFFFF3AE
FFFFF618
FFFFF9FB
FFFFFA12
FFFFF355
FFFFFAE0
FFFFF32B
FFFFFCE6
000003EF
FFFFE91F
FFFFF4D4
00000072
00000ADF
FFFFF6E4
0000001F
00000F1A
FFFFF702
FFFFF6A7
FFFFF787
FFFFFF9F
00000616
000009E0
0000050A
000007FC
00000565
00000AAD
000006C6
FFFFFB52
FFFFFDFA
FFFFFF96
00000C1A
00000FA9
FFFFF419
FFFFE790
FFFFFE45
FFFFED5F
000008B1
00000424
00000300
FFFFF740
00000CCD
FFFFF317
000009E5
FFFFF9FF
000002E1
00000254
00000E9B
FFFFF8AF
FFFFED25
FFFFFCA3
FFFFF3B3
FFFFEC52
FFFFF5D8
00000848
FFFFF252
00000C65
00000B14
00000963
000002C9
FFFFF176
0000079E
00000A3C
00000293
FFFFFC5D
00000433
FFFFF609
FFFFFE06
FFFFFE37
FFFFF9CD
FFFFF41F
0000048D
00000766
00000847
0000032C
FFFFF177
FFFFF447
FFFFF0E1
FFFFFDC3
00000922
00000772
FFFFF9D9
FFFFED8E
FFFFFCC0
0000037B
000006D9
FFFFFAF7
000003EF
00000BD2
0000099C
00000104
0000077D
FFFFFF98
FFFFF365
FFFFF25E
FFFFF7D8
0000117F
FFFFFC56
00000FE3
000007AA
FFFFFCB7
FFFFF6B5
FFFFEB7E
00000360
FFFFF02B
00000481
FFFFF3CC
000004B9
0000059C
00000184
00000196
FFFFF503
00000F16
FFFFF64C
000000F6
FFFFF9D8
FFFFFAD4
00000ABE
0000084F
FFFFF6AE
FFFFFFEB
000002BC
FFFFFE92
0000005D
FFFFF78D
FFFFFB1A
FFFFFA41
FFFFFC4E
FFFFF80C
00000571
000005DA
FFFFF9AC
FFFFFA35
0000155C
00000D1D
FFFFF54F
FFFFFB13
FFFFF6DF
000002A1
FFFFFC17
000009BB
FFFFF9DD
00000E7A
FFFFF27A
000005C5
FFFFFD4C
00000C54
FFFFEEED
FFFFED8E
FFFFE8B3
0000075E
FFFFFF87
00001313
FFFFF19C
FFFFEC77
FFFFFBE5
FFFFFDC6
FFFFF13F
FFFFF148
FFFFFD4A
0000017C
0000025D
0000012B
FFFFFDF7
FFFFF48C
FFFFEA21
FFFFFBF5
FFFFECBE
FFFFF50A
00000510
00000005
00000242
FFFFFD8F
0000007F
FFFFE9ED
00000AAC
000004E4
FFFFFBA2
FFFFF5DA
000000E8
FFFFFDD8
FFFFEC29
FFFFFA24
00000441
FFFFF9A5
FFFFF595
FFFFEF88
00000135
FFFFF00D
000002ED
00000AE1
0000071F
00000BA9
FFFFF265
FFFFFFD3
FFFFFCDD
FFFFF1CA
FFFFFD1B
0000090E
0000023C
0000122C
FFFFE0F2
FFFFF997
FFFFE324
FFFFE2BD
FFFFE744
FFFFF61C
FFFFFB57
00000703
FFFFF07D
FFFFEF93
FFFFF860
FFFFEFD6
FFFFFAF3
00000A07
0000134F
FFFFF1CE
00000546
FFFFEFF6
FFFFFC61
0000077F
FFFFF79E
FFFFF718
00000BD3
FFFFF9C9
FFFFF950
00000450
00000A78
FFFFFE15
0000158B
00000399
0000092B
FFFFF9C1
00001134
00000D03
FFFFF503
000004F1
FFFFF968
00000B08
FFFFED5D
FFFFF7D8
00001087
0000020B
000006C3
0000076A
FFFFEFC8
FFFFF913
00000035
0000022E
FFFFF76D
FFFFF97E
00000683
00001176
00000FF5
000009CA
00000910
FFFFFEA0
00000830
0000029F
000001B8
0000026A
FFFFFAD4
00000023
FFFFF604
0000053D
000003EE
000005E0
000007CA
00000012
0000084D
FFFFFAAB
FFFFF2B3
FFFFFA3C
00000C0C
FFFFF68F
00000BE2
FFFFFB49
00000AC9
00000AF7
FFFFFF67
FFFFF4E3
FFFFF402
00000D80
000005F7
FFFFFCB1
FFFFFA33
FFFFF1BC
00000E23
FFFFFB00
000005DD
FFFFFFDF
00000537
00000273
00000AC2
00000717
FFFFFE96
00000D2B
FFFFF706
FFFFFDCD
000008B6
00000954
00000D9C
00000A0B
000008E0
FFFFFF3B
00000265
00001846
000009BA
00000DB0
FFFFF8E8
000014EC
000004C1
FFFFFA81
0000029C
00000C87
FFFFF4BC
FFFFFAC9
00000E39
00000E84
0000003D
00000078
FFFFFFC0
FFFFFB16
00000DEA
000004F4
FFFFFB00
0000147F
FFFFF9C7
FFFFFFB3
00000727
FFFFF405
000003DD
FFFFFE6A
000004CC
FFFFF200
000000FD
FFFFF1D7
00000133
FFFFF7BE
0000001F
00000027
FFFFF1A0
FFFFF086
FFFFED76
FFFFEE50
00000302
FFFFF64A
FFFFF5B1
FFFFFA9F
FFFFF59C
FFFFF87B
FFFFEB3E
FFFFFD1B
FFFFFC8C
FFFFF539
00000A84
0000033E
000006B0
00000836
FFFFFA00
FFFFF6B6
00000D5E
00000BC1
FFFFFFE9
FFFFED0F
0000131C
00000879
FFFFFD72
FFFFF65E
FFFFFB66
00000DF2
FFFFF233
00000B47
FFFFFE4C
000004AB
FFFFF920
0000165F
FFFFF812
FFFFFA30
FFFFF9EB
0000102B
FFFFFF61
FFFFF4A6
00000018
00000487
00000312
00001672
FFFFF2EE
FFFFF46A
FFFFFB09
000006F4
FFFFF2BE
FFFFFC6D
FFFFF7E4
FFFFF3E1
00000023
00000AA2
FFFFFB41
00000888
FFFFF55E
000001B8
00000C34
FFFFFA4C
FFFFE817
FFFFF327
0000021E
FFFFF36E
0000060E
0000048F
FFFFFDFD
00000BAB
00000330
00000342
FFFFF242
00001398
000007A1
00000CD2
FFFFFAB3
00000D12
00000223
00000257
00000106
0000075C
FFFFF9FA
FFFFFFA8
0000051D
00000DE6
0000073C
00000A13
FFFFF5D3
00000AB7
FFFFF52D
00000C7B
000016BF
00000835
FFFFF5AB
00000616
00000159
0000056A
000001B7
FFFFFC9A
000006D4
FFFFFD08
00001049
FFFFFDD4
FFFFF8BA
000004C8
00000F79
00000FD0
FFFFF87E
FFFFFB18
FFFFFAB1
FFFFFD48
FFFFFAB3
000007AF
FFFFF064
FFFFF4BC
00000646
00000631
00000423
FFFFFB6C
FFFFEB4C
000000E3
FFFFFC8A
FFFFFAB4
FFFFF293
FFFFE8AB
FFFFF3A7
FFFFFA7E
000009D5
0000046D
FFFFF596
FFFFF383
FFFFF948
FFFFECA4
FFFFFB33
FFFFED28
000000FB
FFFFFB71
00001037
FFFFF5B5
00000614
FFFFF2CF
FFFFFE50
00000681
00000C9C
FFFFF495
000010A5
FFFFF4F6
0000097B
FFFFFE27
FFFFF02A
00000085
FFFFF2C0
00000718
FFFFFBEB
0000099D
FFFFF109
FFFFF3FD
FFFFFAE3
FFFFF8A6
00000A68
FFFFF4F9
FFFFF5D8
FFFFF514
FFFFFB63
FFFFF9D9
FFFFFC7D
FFFFEA98
00000075
FFFFEB67
FFFFF7C2
FFFFFEB7
FFFFF0CE
000005C3
000008D1
0000078A
FFFFFA55
00000B2E
FFFFF22E
FFFFFC25
00000077
00000E5C
00000AEA
FFFFF150
FFFFF961
FFFFF920
00000000
FFFFEAF7
0000036A
FFFFF28A
FFFFF939
FFFFF997
000002AB
FFFFEE24
00000310
FFFFFB40
FFFFFEC0
00000302
00000193
FFFFF9B7
FFFFFDCA
FFFFF608
FFFFFA0A
00001370
000013E2
0000017F
FFFFF48E
FFFFFE8A
0000057A
000008D0
000001C3
FFFFFE27
00000600
FFFFF580
FFFFF5C1
00000B12
000007A6
00000583
000003F2
FFFFF8BB
FFFFF7BC
00000BE5
00000F2C
0000009A
FFFFFD45
FFFFF0C2
FFFFFBC2
FFFFF13E
FFFFF9A6
00000ACE
000008C9
00000337
FFFFFE92
0000007D
000003E6
FFFFFA68
FFFFF5F4
FFFFFA65
FFFFF481
FFFFED14
00000405
000000D9
000008FA
000001A3
FFFFFCBD
FFFFED59
FFFFECA2
FFFFF632
00000F64
00000C08
FFFFFB53
FFFFFD34
00000411
FFFFFA0D
FFFFF6F6
FFFFF950
FFFFFBA3
FFFFFF6D
00000084
000009A5
00000348
000006AD
000006C4
FFFFF260
0000039C
0000061F
FFFFFE10
FFFFF482
00000B50
00000656
FFFFFE3E
FFFFF499
FFFFF3A1
FFFFFDDF
FFFFF4B5
FFFFF7BC
0000090F
000008A5
00000DAF
00000E93
FFFFEC5D
0000096E
FFFFF713
000006C8
00000214
FFFFF85C
00000423
000004B4
00000AC9
FFFFFF13
00000093
00001195
00000A92
000004D7
0000025B
FFFFFA41
FFFFFF5F
00001140
FFFFFD87
000005CA
FFFFF3DC
FFFFFCF3
FFFFFDCE
FFFFFEBF
000003B0
FFFFFA89
FFFFEA5B
0000012C
00000627
0000112A
FFFFFA80
000004E9
000007A7
000009F0
0000065B
FFFFFFE0
FFFFFEE2
FFFFF472
00000391
FFFFF5B5
000004AF
FFFFFC4F
FFFFFC18
FFFFFA96
FFFFF4D9
FFFFF9B4
FFFFFCF5
00000EA9
0000092A
000009C0
00000CEF
FFFFF4C3
0000021C
00000F85
00000275
000010F3
000003F6
FFFFF80F
FFFFF675
000000BC
FFFFF5D7
FFFFEFD6
FFFFEF82
FFFFFB10
00000AFD
0000055F
FFFFF252
00000CAA
00000A63
00000A2B
FFFFFC00
00000E69
0000009A
00000225
FFFFFD7E
FFFFFB54
FFFFE90F
0000053A
FFFFEBBE
FFFFF051
FFFFE618
00000CBA
FFFFF3C4
0000036D
000001CD
00000A51
00000ED3
FFFFFD83
00000B58
00000031
00000010
00001225
000008B1
00000FDE
FFFFFA7A
00000009
00000CE6
00000E88
FFFFF88F
000005FC
FFFFF717
FFFFF2CA
00000CB8
00000592
00000D7C
FFFFFE7C
00000EB6
0000089D
00000191
00001043
00000A11
000013EA
FFFFF8E3
000006B5
000000E2
000000C3
0000089B
00000635
000003A9
FFFFFA0F
FFFFFBC4
FFFFF1E6
00000711
0000088D
000008E2
FFFFFA73
00000072
FFFFFEE3
FFFFF8B2
FFFFFFB9
000004D2
000009B9
00000124
00001967
0000058A
00000CC2
000002EA
00000093
FFFFF4D6
000009D4
000014A9
00000C1E
00000989
FFFFFA60
FFFFEF87
00000E01
00000323
FFFFF731
00000CDE
00000556
00000B13
00000B70
00000357
000006EF
0000041C
FFFFF5D8
FFFFE56E
FFFFF9A3
00000234
FFFFF703
FFFFEFF9
FFFFFDD9
FFFFE864
FFFFFCAB
00000466
00000907
000003E6
FFFFF948
FFFFFA74
FFFFF7EA
FFFFF395
FFFFFCB4
FFFFF854
00000B2C
FFFFF1A0
FFFFFA9C
000004A2
FFFFEFD9
FFFFF803
00000B3A
0000084B
00000F2C
00000738
FFFFFEE6
0000007A
FFFFF1FD
FFFFF218
00000201
FFFFF016
000000C3
FFFFF571
FFFFF0BB
FFFFFAD5
FFFFFEE5
0000084B
00000211
FFFFF2D3
FFFFF9CD
FFFFFCA0
FFFFFD19
00000D62
FFFFF644
FFFFF8E9
00000EAD
FFFFF7E6
00000A25
FFFFF239
FFFFFBAF
00000AF3
0000131D
0000017D
FFFFF256
FFFFF6E0
FFFFFD29
FFFFF442
0000002E
00000721
FFFFFB5D
000008F5
FFFFF363
FFFFF5D4
00000BF5
0000012A
00000CFD
FFFFEFB0
00000919
FFFFF936
000001E8
00000E5B
00000398
000003C6
00000857
FFFFFCC3
FFFFFF1E
FFFFF301
FFFFFA60
0000036B
FFFFF4F9
FFFFED00
00000469
FFFFE6C6
00000029
FFFFECF4
FFFFEB4E
0000040F
FFFFF68C
000002CB
FFFFF041
000005E0
FFFFF311
00000135
FFFFF09D
0000071A
0000004A
000011D3
FFFFFED1
000006B0
00000EFC
FFFFFA3C
FFFFFDDD
00000F80
FFFFF2F0
FFFFFF35
FFFFF730
000008FD
00000BE9
00000C34
0000082D
FFFFF295
FFFFF7D4
FFFFEEB1
FFFFF23E
FFFFFC43
00000CCA
FFFFF940
FFFFF89B
000004D2
FFFFFE88
00000C3A
FFFFF31F
FFFFF066
FFFFF4AA
FFFFF1F7
FFFFF764
FFFFFC52
FFFFF6E0
0000012D
FFFFF008
FFFFEF4D
0000030E
FFFFFABE
000004F3
FFFFF0BB
FFFFFA4E
FFFFE284
FFFFF3D9
000000F7
FFFFF17E
FFFFF938
FFFFF317
FFFFF7F1
000002A9
000015E3
FFFFFC01
00000959
00000100
00000820
000001E7
000001FB
FFFFF440
00000041
FFFFF0E7
FFFFFAB5
FFFFEF14
000000BD
FFFFEE36
FFFFFCEA
FFFFFE45
FFFFF693
FFFFF5B2
000001D6
00000768
00000E85
00000191
00001579
FFFFF44E
00000C02
00000708
00001107
FFFFFFA8
FFFFF26B
0000057B
000007CA
FFFFF789
FFFFFDA9
FFFFF83C
0000110D
FFFFFA41
00001127
00000778
00001825
00000AB7
00000405
0000007E
FFFFFB3B
000008F4
FFFFFFF0
00000276
FFFFF8F6
00000F61
FFFFFD97
FFFFFE96
FFFFFD66
00000CE7
00000AD0
FFFFF0F9
00000C71
FFFFFE3A
FFFFF797
00000C0E
00000662
0000024F
FFFFFE27
FFFFE74E
0000088E
FFFFFF20
FFFFFA0E
00000504
0000089E
FFFFED52
000002EA
FFFFEBFB
FFFFF2F6
00000510
00000D4D
0000104F
00000E62
FFFFFC3C
FFFFF6DA
FFFFFC16
FFFFFE4B
FFFFFECE
FFFFECDF
FFFFF556
FFFFFA0C
FFFFF7BC
FFFFFC90
0000097E
FFFFEFA1
00000704
FFFFF498
FFFFF9F2
FFFFF79B
FFFFFBD4
00000DB1
FFFFFA4D
00000439
FFFFFB5D
00000DCD
FFFFFA29
00000F1D
00000C62
0000004F
0000132E
FFFFFD5F
00000FA0
000015F9
00000747
FFFFFCEC
FFFFFD1A
FFFFF4D2
FFFFF49C
FFFFFE9A
000006E9
00000449
00001040
FFFFF730
FFFFFC77
00000ACD
FFFFFEFD
00000619
FFFFFE4E
0000077F
FFFFFEA7
000000EC
FFFFEFF0
FFFFFAB6
00000258
FFFFEAC6
00000128
FFFFFD97
FFFFF039
FFFFF161
FFFFF309
00000110
FFFFF6AF
FFFFF1E4
000007CF
00000EDE
FFFFF33B
FFFFFF33
00000C3B
FFFFF0AE
FFFFFF99
000003A6
FFFFF7E0
0000025B
0000067A
FFFFF8F1
000009A2
00000D62
FFFFFF93
FFFFF5C1
000004C2
0000155C
FFFFFEA4
0000018A
000006DE
00001139
00000D1E
FFFFFF73
FFFFFE25
000001BF
FFFFF47B
FFFFEFE3
0000040E
000003AE
FFFFFF6E
000009DE
000005D1
FFFFF405
00000FDF
0000098B
000010F9
FFFFFC97
00000628
0000019B
FFFFF892
00000277
FFFFEFE1
00000017
00001077
000018BC
00000B48
FFFFFF60
00000EBD
00000490
FFFFF1EA
FFFFFBB8
000001BE
00000E1B
FFFFF74D
FFFFE9B8
FFFFF38F
000004E1
FFFFFF5F
FFFFFE31
FFFFFDD4
000003F8
00000F1B
FFFFFF6E
FFFFF996
00000AB1
00000295
FFFFF7C9
FFFFEC0C
FFFFEEA9
FFFFFB04
FFFFFEC4
000004A7
0000040E
0000011E
FFFFFD4A
FFFFF7FB
FFFFF09B
000000F4
FFFFFFF9
000001E1
FFFFF879
000013D5
FFFFEC99
FFFFFE69
00000D1E
0000006D
FFFFF5AE
000002F2
FFFFFEEB
FFFFEA53
FFFFF698
FFFFFE4D
FFFFFB93
00000BF8
00001063
FFFFFD45
FFFFF67B
FFFFF503
0000037F
FFFFF4EA
00000465
FFFFF6F9
FFFFEEE9
FFFFF7FE
0000065A
000002C1
00000958
FFFFF711
FFFFEEBC
00000369
000002C6
FFFFFA9A
000000D3
000005F6
00000EBD
00000C91
FFFFF8F3
000009CE
0000087C
FFFFFDA8
000003BF
FFFFFD6B
000001CF
00000AC9
FFFFFB7C
FFFFF605
FFFFFBE9
00000EE1
000009BE
FFFFEEF9
FFFFFEFC
FFFFF001
00000F46
0000072C
0000081E
0000110D
FFFFF650
00000076
0000052E
0000009B
00001160
FFFFF93C
FFFFFB3D
0000036C
FFFFF4D0
FFFFF9B8
0000009B
FFFFFA99
FFFFFD04
FFFFFA04
FFFFF149
FFFFF4B7
FFFFFA59
FFFFFD0E
0000012B
FFFFF58B
FFFFF03D
FFFFF8EA
00000A35
FFFFF7E5
FFFFF0DE
FFFFF956
FFFFFD38
FFFFF3F0
FFFFF5A8
FFFFF8B7
FFFFF2C5
FFFFF1B4
000008CC
00000A0C
FFFFF7BD
0000016C
00000FBD
0000153E
FFFFFDFA
0000013F
FFFFFD30
FFFFF90C
FFFFECE4
FFFFFC3F
00000401
FFFFF3F3
00000208
FFFFFF46
FFFFFD8F
FFFFFDC2
0000093C
0000092C
0000089D
00000EE7
00000DC8
00000952
00000425
FFFFF768
0000092E
00000B1F
FFFFFF32
FFFFFA26
FFFFF5D2
FFFFF51D
FFFFFBB3
00000C85
FFFFF6CF
FFFFFF94
FFFFEA22
00000E71
FFFFF3C8
FFFFF8D4
FFFFE743
000005DF
FFFFF288
0000048F
FFFFF75C
FFFFF14B
FFFFE916
FFFFF4C5
0000017F
FFFFF868
FFFFF264
00000F63
FFFFFBBD
000009BB
FFFFEC3E
000006A1
00000432
00000D04
0000034D
00000A00
FFFFF323
00000D16
FFFFEDC2
FFFFFA01
FFFFF8F1
FFFFEF1E
FFFFFD84
FFFFFB45
FFFFFD6E
FFFFFC96
FFFFFC6A
FFFFFE20
00000391
FFFFF125
FFFFFF46
FFFFF3F6
FFFFF9D9
FFFFFA33
0000075B
00000408
000006E6
FFFFF9A3
00000D91
FFFFFD1D
00000018
00000D2B
FFFFF53D
00000B00
00000655
FFFFF2F4
FFFFF9C8
00001205
FFFFF488
00000284
FFFFF91D
FFFFF994
0000011D
0000140B
00000A09
000002CD
FFFFF86F
FFFFF050
00000DA5
000006C9
FFFFED43
00000E7B
FFFFFA6B
FFFFFB4D
000005B0
FFFFFACD
FFFFFA07
FFFFF96F
00000C9C
00000C43
0000075C
FFFFFBF8
FFFFF2B9
0000008D
000004F0
FFFFF135
FFFFF948
00000674
FFFFFE7C
FFFFF3A6
00001098
FFFFF507
FFFFFE24
0000007E
FFFFFAF8
FFFFEE98
FFFFFF7E
00000152
FFFFF5C4
FFFFFB66
FFFFFA93
FFFFF170
000007CC
FFFFEFF0
000004FE
00000A78
FFFFFCFF
000005FA
00000AF7
FFFFF0D0
FFFFF484
FFFFFD68
FFFFFE28
000000DC
FFFFFE12
00000469
00000291
0000056D
FFFFFC6D
FFFFFBAE
00000D21
FFFFFBE5
0000087E
00000629
FFFFF2A7
00001463
FFFFEFE7
0000028F
FFFFFFA7
00002064
FFFFFFCA
FFFFF844
00000461
0000052A
00000262
00000021
000005E9
FFFFF39E
000006EB
00000945
00000C16
0000073C
000000E2
FFFFFDE3
FFFFF751
FFFFF17C
FFFFF221
FFFFF1EC
0000012E
FFFFF3CB
000005D0
000009D9
00000E9E
FFFFFD3E
000004C0
FFFFFCF7
FFFFFA57
FFFFF954
FFFFFD55
00000547
FFFFFA5B
00000177
FFFFF24A
00000031
000014C1
00000247
0000142C
FFFFFB8B
00000A9A
FFFFFF96
00000D05
FFFFF7F3
00000B1F
FFFFF2F6
FFFFF52F
FFFFF63C
FFFFF9E2
FFFFED20
00000780
FFFFFF58
FFFFFCB8
000006DE
0000011E
FFFFEC44
00000735
000005BD
FFFFFD05
000005FF
00000ECF
FFFFE6AA
FFFFF374
FFFFFE93
FFFFFCAA
00000746
000004CD
00000A81
FFFFF3FB
FFFFF6D9
00000758
FFFFFCF8
00000B35
0000070E
00000C39
00000227
FFFFF34C
000001C9
00000DE4
00000320
00000275
FFFFFC0C
FFFFFA0C
FFFFF44C
0000120B
00001470
00000DAB
FFFFFCF9
FFFFFB9E
FFFFFAA3
00000025
000007A3
FFFFFD9F
000003DD
FFFFFB3A
FFFFF9A8
000010AC
FFFFF3A4
00000210
FFFFF6E1
00000A90
FFFFF1B5
FFFFF2DC
0000088B
FFFFF59B
FFFFFED2
FFFFF7ED
0000037C
000006A7
00000545
FFFFFC0A
FFFFEE20
00000AC9
000004E8
FFFFF02B
000008A3
000001DB
FFFFF8F8
000008B0
FFFFF5EC
FFFFF1CB
FFFFF396
FFFFF713
000000F3
FFFFF651
FFFFFDA3
0000109A
FFFFFF04
0000082F
00000370
00000E10
FFFFF937
00000674
FFFFF44E
FFFFF4CE
0000001B
00000A9B
00000A6B
FFFFF631
FFFFFF05
FFFFFDAC
FFFFF89D
00000323
000002BA
000013F2
0000033F
FFFFFC3F
000006A7
000009B0
00001022
FFFFF2E1
FFFFF45D
0000027A
000005B3
00000A50
FFFFFB5F
000005B1
FFFFFEC4
FFFFEEB6
0000016F
FFFFEF90
FFFFF227
000005A0
000003BD
FFFFF47B
00001307
FFFFFF0B
000012FB
FFFFF964
00000C46
FFFFEEA7
00000750
00000598
FFFFFE65
FFFFF3EB
FFFFFB9C
FFFFFDB1
FFFFF42F
000006C9
FFFFF49D
FFFFF4A2
FFFFF272
FFFFE998
0000103F
00000E30
FFFFFEC7
0000072F
FFFFFA0D
FFFFF980
FFFFED0F
00000F13
000004F0
FFFFFF8D
00000C63
FFFFF555
FFFFF03E
FFFFF894
00000965
000005E8
000001B5
FFFFF620
000001C0
FFFFFC1A
FFFFF802
FFFFFD86
FFFFF734
000000BE
00000423
00000FCF
000002BD
0000051A
FFFFFCC7
0000019C
FFFFFB51
FFFFF120
FFFFFF31
FFFFE79D
0000093E
FFFFFF1B
0000001F
FFFFFEE7
0000032F
FFFFF19C
FFFFFAD0
00000CC4
0000008D
FFFFFA80
00000556
FFFFF7AD
00000C45
00000BC9
00000A5B
00000C1F
FFFFF668
00000374
00000C0B
00000186
FFFFFFAA
FFFFFEE3
000005A8
FFFFFCBD
0000006E
00000205
000009FC
00000529
FFFFF0DA
FFFFFE67
FFFFFFBD
00000441
000004DC
00000982
00000277
FFFFF573
000000B1
000002A5
00000912
000005F7
00000DC3
FFFFFC9E
00000AD3
00000428
FFFFFF6F
FFFFF1F8
000001AC
FFFFEB68
00000617
00000841
FFFFF03F
00000779
000004AB
00000451
00000D84
0000123C
0000040E
00000469
FFFFFA3B
00001566
00000A46
000000B3
00000BB3
0000128F
00001509
FFFFFDC7
000001CF
000001AA
000009E9
FFFFF663
00000F2F
00000419
FFFFF93C
FFFFFA9E
FFFFFD16
FFFFE724
00000DEC
FFFFFC25
FFFFF452
00001333
FFFFEB74
FFFFFAF2
FFFFF709
FFFFFB84
FFFFFA79
FFFFF572
FFFFF20B
FFFFED69
00000B35
00002142
00000A79
00000F37
FFFFFAEC
FFFFFA34
FFFFFCCD
0000053E
000004F3
0000091A
00000F27
FFFFF796
00001193
00000D4D
00000A4F
FFFFF9E2
00000644
00000143
00000B3A
0000020F
FFFFED8C
FFFFF638
000007EE
00000D5E
00000D7E
FFFFE298
FFFFFDEF
FFFFE382
FFFFF04C
FFFFEAFF
FFFFFCC5
00000A66
00000445
000003A4
FFFFFBF4
00000285
00000115
FFFFFE95
00001442
00000269
00000A1C
FFFFFACA
00000D1C
00000C60
FFFFFF86
00001206
00000DCC
FFFFFB6E
FFFFFB1E
00000A5A
FFFFFFEC
FFFFFA2D
FFFFFE11
FFFFF1CF
00000046
FFFFFBC1
FFFFFDCB
000009A1
00000B7A
00000E84
00000B0F
FFFFFEF7
00000314
00000007
FFFFF185
0000088D
000009AD
00001000
00001861
00000B89
00001389
000006C6
FFFFFA80
FFFFF3A9
FFFFFD5A
FFFFF7F6
00001050
000011D5
0000049C
FFFFF872
FFFFF031
FFFFF209
00000DF3
0000061C
0000008C
00000733
0000106D
000013A9
00000EE5
000009B8
FFFFFE1F
FFFFF2C4
00000A8C
FFFFEF98
00000B06
000003AA
000000BC
FFFFF00B
FFFFFB7B
FFFFFD81
FFFFFD5D
FFFFFBD7
FFFFF9C9
FFFFE886
0000033B
FFFFF0D7
FFFFE81C
FFFFEFCD
00000D0A
FFFFF14D
00000693
00000E6F
000007F6
00000EBA
FFFFF626
000009B1
00000494
00001383
0000136C
FFFFFA86
FFFFF9ED
00000985
000010F8
FFFFFF65
FFFFF7B3
FFFFFA20
FFFFF8C6
FFFFED1A
0000105E
FFFFEA26
FFFFE6C6
FFFFFA1C
FFFFF84A
FFFFFA03
FFFFFB1F
FFFFF9C2
FFFFFFF4
FFFFEFD4
FFFFFE3A
FFFFECB4
FFFFEF92
0000082E
FFFFF61F
FFFFF27D
00000A5F
0000021B
FFFFEB48
FFFFF08C
FFFFF6A1
FFFFFB93
FFFFF96D
FFFFE977
00000750
000004E2
FFFFECAB
FFFFEEEF
FFFFEDEE
FFFFECFD
FFFFEA35
FFFFEC4B
FFFFFFC0
FFFFE956
FFFFE71A
FFFFF533
00000F03
FFFFF11D
00000184
FFFFEEDC
FFFFF893
0000011A
00000042
FFFFED57
FFFFEDE7
FFFFF143
000002EA
000002AB
FFFFFA21
FFFFF885
FFFFF13C
FFFFF949
00000917
00000163
00000D00
00000ABB
FFFFFD13
00000951
00000648
0000050F
FFFFFA4B
FFFFFE70
00001053
00000B02
FFFFFA62
FFFFF1D0
FFFFF962
00000940
0000039B
00000093
FFFFF217
00000550
FFFFFC7F
00000A07
FFFFFBA1
000012F2
FFFFF05C
FFFFFEAD
FFFFED81
00000836
FFFFF9EC
000009AB
FFFFFC46
FFFFFF8E
FFFFFF74
FFFFF7D0
FFFFECE6
000002F6
FFFFFB8C
0000027E
00000DC8
FFFFEF31
00000137
00000B67
FFFFFE16
00000053
00000D6E
FFFFF118
FFFFE830
FFFFF390
FFFFF5DE
0000063D
FFFFFDFC
00000EE7
FFFFFF4B
FFFFFE3B
000006C2
00000B52
00000FC3
FFFFF620
00000B72
FFFFFD7E
FFFFFBA5
00000664
000004BC
0000084F
000014A5
00000E59
FFFFFDA3
0000032E
FFFFE8D5
00000CB6
FFFFF087
FFFFFEC2
00000EB8
00000006
FFFFFB24
FFFFEF61
00000119
FFFFEEE9
00000BD8
FFFFF32F
FFFFEE90
FFFFF49B
FFFFF6E0
00000C9A
000013C3
FFFFFE87
FFFFEE6E
FFFFEF11
0000035B
FFFFF00E
0000092C
00000A08
0000061C
0000068C
FFFFF7C4
FFFFF839
FFFFF519
FFFFF9AD
FFFFEF30
00000CA2
00000CFA
FFFFFE86
FFFFED70
0000027E
FFFFED73
000003B6
FFFFF43C
FFFFFD63
000002EE
FFFFFCBB
00000777
FFFFF93D
FFFFFFDB
FFFFED94
FFFFF130
FFFFFB77
0000096D
00000CE1
000003F6
FFFFF913
00000A68
000000F2
FFFFFE0B
FFFFF9A6
00000976
FFFFF953
FFFFF87A
FFFFF287
000013F9
000003E3
0000111D
FFFFF22A
FFFFF8DE
FFFFEED0
000003C6
000001F6
00000ADA
00000BBA
FFFFFCCC
FFFFFD4A
00000A07
FFFFE9FA
FFFFF7EF
FFFFFB25
FFFFF48B
FFFFFDCD
00000DFC
00001A2E
FFFFF962
FFFFF90A
FFFFFA5B
FFFFF2E8
000008BD
0000099C
000008FD
FFFFFC21
FFFFEB8C
0000012D
FFFFFBD3
FFFFF971
FFFFEF83
FFFFF3D5
FFFFE86A
00000560
000007CE
00000B26
FFFFFE31
00000989
00000059
00000732
00000AC3
FFFFF268
FFFFF345
00000C1D
FFFFF0EE
FFFFF78C
000009C1
FFFFF439
0000037C
FFFFF79F
FFFFFEB5
FFFFFAF9
FFFFF7E1
0000006A
0000152A
FFFFF6DC
FFFFF8A0
00000AE1
00000041
FFFFFDD6
00000E02
00001129
00000550
00000CD5
FFFFFD77
00000D53
0000067F
0000021E
FFFFFE93
000014D6
FFFFF9FB
0000127D
FFFFF5D6
00000058
00000281
0000103F
00000806
FFFFFFFA
FFFFFFCC
FFFFED97
FFFFFA9E
FFFFF6FA
FFFFFC21
FFFFE4DE
FFFFF62B
FFFFE45D
FFFFF2C3
FFFFF95E
FFFFFCC9
00000C46
00001271
FFFFFEAE
FFFFF1B6
00000C11
00000392
00000B5B
FFFFF825
FFFFF13A
00000773
FFFFF1F8
000000B0
00000586
FFFFFE23
FFFFF5FD
FFFFEB09
FFFFFF58
FFFFFA2B
0000008C
FFFFFFD3
FFFFE77E
000003F4
0000029B
000006CE
FFFFFE11
FFFFE679
FFFFFD89
FFFFEDDF
FFFFFF93
FFFFFDF3
FFFFF3EB
FFFFE371
FFFFE8A2
FFFFFD1F
000008BB
FFFFF276
FFFFF49C
000005B9
00000E37
FFFFF4EB
FFFFF871
00000C34
00000CBA
FFFFEF95
FFFFFBF2
FFFFFA3F
FFFFEA13
000001CA
FFFFF3F7
FFFFEC15
FFFFECDB
FFFFED0D
FFFFFA1C
000013A8
000005BC
00000D9C
00000CDF
00000171
FFFFF4AF
FFFFF485
FFFFFF47
00000B13
FFFFFE2B
0000050E
FFFFFE81
0000060E
FFFFF892
00000363
000004BA
00000DF6
FFFFF6B3
FFFFFE94
00000718
0000042D
FFFFF4B8
00001446
FFFFF600
0000074B
00001652
FFFFF6C6
FFFFF9C6
000003FA
FFFFF3FE
00000C86
FFFFFCD1
00000183
00000CB4
FFFFFCA3
FFFFF261
FFFFF718
00000B79
00000022
FFFFF172
FFFFF469
FFFFF3C3
FFFFF303
FFFFECED
FFFFEED3
FFFFFA64
FFFFF73C
0000027E
00000F25
FFFFF065
0000043B
FFFFFC8A
FFFFF1FD
00000D00
0000096F
FFFFFBB7
0000063A
00000442
0000090D
00001271
000012FC
0000057D
FFFFFC5A
00000D15
000001E7
000006EC
00000402
FFFFFD19
00000508
00000015
FFFFF875
00000BA9
000002CC
00000B77
000003B8
FFFFF838
FFFFFFC9
00000A14
FFFFF477
00000749
00000581
FFFFFA46
FFFFF423
FFFFFAE9
00000640
00000368
000002C8
FFFFFA7E
000004AD
FFFFF6CA
00000205
FFFFF5E6
FFFFF912
000005F6
FFFFFE43
FFFFFFF5
000011AB
FFFFF248
FFFFFC3D
FFFFFA3C
FFFFFD2C
000004D4
FFFFF38C
0000080D
FFFFEFCC
00000364
FFFFF5C2
00000211
FFFFF6F9
FFFFFA4D
FFFFFB02
FFFFF754
FFFFFD36
FFFFFD17
000000C6
FFFFFB1A
000002BE
0000052C
0000033E
FFFFFC09
FFFFF4F0
0000147D
FFFFF82C
FFFFF788
00000AA5
0000054B
FFFFFE1E
FFFFF1AA
0000049E
FFFFFC25
00000AA2
FFFFFCD0
FFFFF04D
FFFFFE59
00000551
000004CB
FFFFFBB5
FFFFFC41
FFFFFE3B
FFFFFE99
FFFFFD34
000006FF
FFFFEFE1
0000086D
000000BB
FFFFFBBB
00000F23
00000074
FFFFFA15
00000976
00000799
00000F98
FFFFFB22
0000069B
00000682
FFFFFB1A
FFFFF9E2
00000286
00000277
FFFFFFA6
00000BE0
FFFFFF5D
FFFFF931
FFFFF25D
00000175
00000194
FFFFF41C
0000020C
00000909
000000CE
00000855
FFFFFAC6
FFFFFD85
000004FC
FFFFF534
FFFFF2F8
FFFFFD2D
FFFFFE08
FFFFFA3D
FFFFFED1
FFFFFEE1
FFFFFC81
FFFFF295
00000AD5
FFFFF04A
FFFFFC11
00000537
00000097
00000019
FFFFFCDD
000001DD
0000048D
000010B2
00000E88
FFFFF4D9
FFFFF0BE
FFFFF52C
FFFFFA3D
000009AB
FFFFF738
FFFFFD2E
00000392
000005C7
000001C1
00000DE5
00000897
000008B9
FFFFF602
0000079E
FFFFFFC0
FFFFF3EC
FFFFFA67
000003C8
0000055D
FFFFFBCF
FFFFFFB1
FFFFF9EF
0000045B
FFFFFA49
0000065A
FFFFFAD3
00000992
FFFFFDB1
FFFFF7F3
00000BA8
FFFFFEF5
000003C6
FFFFFBE6
00000360
FFFFF135
00000772
000010DE
00000576
FFFFEC23
000002DA
00000037
FFFFF6A2
FFFFF67B
FFFFF818
FFFFFE4D
FFFFFF43
FFFFFC2E
FFFFFD34
000000CA
00000D92
00000083
00000B76
FFFFF1AC
00000CB5
FFFFFCE7
FFFFFE34
FFFFF7DE
00000500
0000058C
00000C98
000004AC
0000134C
FFFFFB09
00000328
00000278
FFFFFB84
FFFFFCD9
00000334
0000060A
FFFFFD2B
FFFFF61D
FFFFF84B
FFFFFFD8
0000052C
000006B4
00000389
FFFFF445
00000131
00000026
00000504
FFFFFBD4
FFFFF4CC
00000864
000003E5
000008A7
00000178
FFFFF892
00000636
FFFFF6B4
00000945
00000F53
00000A18
00000130
00000720
00000009
00000355
00000DCB
00000013
000003E3
0000030D
0000056F
00000231
00000367
FFFFF4AC
FFFFF3DC
FFFFF4DE
000003AB
00000546
FFFFF191
000000BE
FFFFFDEB
000005AA
0000103A
FFFFFB3D
FFFFF786
FFFFFF9E
0000096A
0000086E
000011C5
FFFFFBE7
00000079
00000A27
00000560
FFFFFAAE
000002C8
FFFFF2D1
00000A1B
FFFFFA48
00000077
FFFFF934
FFFFFA15
0000025C
FFFFFCC5
FFFFFC18
FFFFFECC
FFFFFB11
00001074
FFFFFE0E
FFFFFEF8
000007E3
00000262
0000049E
FFFFF61B
000002FC
FFFFFE8D
FFFFFB71
00000374
FFFFFB79
FFFFFA55
FFFFFB6A
FFFFF4EA
00000AD6
FFFFF445
FFFFF1E8
00000284
00000A5C
0000007A
FFFFFC8E
000000E1
FFFFF946
000005B8
000000BC
00000076
000000E7
FFFFFE26
FFFFFD8D
FFFFF907
FFFFFAFD
00000065
00000638
00000185
FFFFF4BD
0000112F
00000984
FFFFF6E0
FFFFFEFF
000000C7
FFFFFF22
FFFFFC88
0000044D
00000F64
0000041E
FFFFF8C9
00000B23
FFFFF9AC
0000071B
000004F8
FFFFF9B7
0000015C
00000E4A
000008F1
000007F3
FFFFFA08
0000086B
000004B1
0000065C
FFFFF7E1
00000993
00001545
FFFFF7B6
00000351
0000046E
FFFFF830
FFFFF2D1
000002A0
00000962
00000150
FFFFF11D
000009D4
00000A00
000000E0
FFFFFD02
0000053F
00000399
FFFFFBB6
000009AD
00000147
00000075
FFFFFC32
00000590
00000857
00000710
0000042D
FFFFFDB4
FFFFF908
00000534
FFFFF6C4
FFFFFA95
FFFFFEDD
000003D1
00000693
00000476
FFFFF00C
000003A6
00000BE5
FFFFFABD
FFFFF746
000002FB
FFFFFA42
00000598
FFFFFA5E
00000F19
FFFFFA0B
FFFFFD5F
FFFFF505
FFFFF391
000002AD
FFFFFE5C
FFFFFEB6
0000059C
FFFFFBC5
000009B7
00000645
000008D4
FFFFF83B
FFFFF7EE
00000413
FFFFF94C
00000512
00000734
FFFFF4BF
FFFFF7B5
FFFFF856
00000910
00000572
FFFFFDCE
0000096A
FFFFFBC0
00000B35
000002F4
FFFFF72B
FFFFFEED
0000095A
00000236
000004AF
0000072E
0000056A
FFFFFF55
000007DC
FFFFFC19
FFFFF078
FFFFF80D
00000591
FFFFFE24
FFFFFCD0
00000CC4
00000199
FFFFFC22
FFFFF677
FFFFFC6F
FFFFF22C
00000123
00000891
FFFFFDBB
FFFFFE1C
000000DB
FFFFF7E2
FFFFFBC6
FFFFEF98
FFFFFA80
000003AB
FFFFF4F9
00000093
FFFFFD54
FFFFFEAB
FFFFF9F0
FFFFF969
00000A6C
00000260
0000077D
00000616
FFFFFEAB
FFFFF1DD
000001E2
FFFFF7F3
FFFFFC4D
000000A4
000005E4
FFFFFEF7
000005A0
FFFFFB9E
000003FA
000007BD
FFFFFE43
FFFFF6B4
0000055A
00000390
00000C89
FFFFFC95
FFFFF2F4
00000723
FFFFF1F4
FFFFED16
000007A6
FFFFFD93
00000ED2
FFFFF1CD
000006EF
0000093E
FFFFFC8B
FFFFFF34
FFFFFBD7
000000C2
FFFFFC56
FFFFFADF
00000E95
FFFFFE89
00000C49
00000A38
0000147B
FFFFFEA7
FFFFFB08
00000362
00000A8A
FFFFFC2B
00000989
00000059
FFFFFBF6
FFFFFF37
00000159
000004C9
FFFFFC9C
FFFFFBC6
00000A18
000001ED
00000C09
0000103E
000003EB
FFFFFEA9
FFFFF634
00000236
FFFFFCDB
000003C5
000007DE
00000743
00000526
0000061F
FFFFFBA1
FFFFFCA7
00000077
00000521
000007E9
FFFFFF59
00000379
FFFFF4AE
FFFFFC85
FFFFFBBB
00000613
FFFFFA4F
FFFFF8A4
0000060C
FFFFF85C
FFFFEBC7
FFFFFAD0
000001B6
000004CF
FFFFFC64
FFFFFAD4
00000060
FFFFF75A
FFFFFF90
FFFFFD7C
FFFFFB76
0000012B
0000049B
FFFFF819
FFFFFB54
00000239
FFFFF6B6
FFFFF90E
00000056
FFFFFD82
00000475
0000086A
0000030C
FFFFFB64
FFFFFEF5
00000535
FFFFF3A5
FFFFF62A
FFFFFFB3
000005AD
0000046F
000008F1
FFFFFCC5
FFFFFFCF
000003C4
FFFFFA5D
00000EBD
000001D2
FFFFFF3C
0000013B
000003A8
00000B47
000005D6
00000597
00000E2E
0000075B
FFFFF393
FFFFFE31
FFFFF28A
00000779
FFFFF52F
00000466
000014DF
FFFFFF2A
00000E23
FFFFFD42
0000132F
FFFFF991
0000187F
00000115
FFFFEB42
FFFFF41C
FFFFFDB4
FFFFF133
FFFFFFDC
FFFFE5CA
FFFFFF40
FFFFFC30
FFFFEF40
FFFFF5D9
FFFFF015
FFFFF02C
00000655
FFFFF5B8
0000052A
FFFFF46B
FFFFF6A0
0000020B
FFFFF397
FFFFFFC4
00000364
FFFFF1A9
00000A5C
FFFFEA6E
FFFFF699
FFFFFC5B
FFFFF277
00000387
FFFFF787
FFFFFDFA
0000103B
0000083B
00000061
0000164F
00000743
000018B8
FFFFFDB1
00000E3E
00000935
000000E4
00000C3E
FFFFE935
FFFFFA08
FFFFF682
00000669
FFFFFDAE
000007E3
00000BB8
FFFFEB21
00000A65
FFFFF749
00000147
FFFFFF00
FFFFECDC
FFFFFAC2
FFFFFD05
000009C9
FFFFF783
FFFFEE66
000003DC
00000C23
00000ACF
FFFFFB40
FFFFF555
000006EE
00000E84
00000CAD
0000032E
FFFFF85F
00000C8B
FFFFFD7A
FFFFF921
000009A7
FFFFFADA
FFFFF496
000014F3
00001270
000022F5
000014F4
00001AFE
0000251C
FFFFF2A9
FFFFF7E5
000011B6
00001567
FFFFFFFC
000000DB
0000015F
0000093B
0000121C
FFFFEF5C
00000AAD
FFFFFBB5
FFFFEDEB
00000750
FFFFFF31
FFFFF8A4
FFFFF476
000000BB
00000583
000009C9
00001238
0000062A
000011EA
FFFFF135
00000E0C
FFFFF684
FFFFF4D4
FFFFFC0C
00000391
FFFFE412
000004F9
FFFFEEB7
0000017A
FFFFF787
0000033E
0000129A
000005E5
00000357
0000179E
00000A1B
FFFFF6EA
000017DE
00000CC2
00000BA0
00000297
FFFFF14D
0000036B
0000130A
000001BD
FFFFFC67
00000615
FFFFFF2E
000000DB
FFFFFF5E
FFFFF788
FFFFF207
FFFFFC51
FFFFF210
00000A04
FFFFF7C4
000005BC
00000675
FFFFF26A
FFFFF108
FFFFFDEF
00000753
FFFFF72C
00000BF8
FFFFEFE8
FFFFF1DE
FFFFF84B
FFFFF493
000001DB
FFFFFCEF
000001AA
FFFFF339
00000D73
0000044F
000005CF
00000617
FFFFFAB4
FFFFFEA6
FFFFF9EA
FFFFFA03
FFFFFA0A
FFFFFF70
0000128D
FFFFF580
FFFFED28
FFFFFFF2
FFFFEFC9
00000B07
FFFFF968
FFFFFCD0
00001304
FFFFF23F
FFFFE925
FFFFE77D
FFFFFDE2
FFFFFEBB
FFFFF652
00001618
FFFFF74D
000009FF
FFFFFDCE
00000053
FFFFF26E
FFFFEDD2
FFFFFB3C
FFFFF66A
0000085F
FFFFEFE4
FFFFE9B4
000007CF
FFFFFBEC
FFFFEF67
FFFFF01A
FFFFF005
FFFFF117
FFFFF89C
FFFFE612
00000FC3
FFFFF921
FFFFF696
FFFFFA55
FFFFF7EB
000003B8
FFFFF53C
FFFFE1F1
FFFFFD7E
FFFFF80B
00000F24
FFFFFB05
FFFFF307
00000954
FFFFEFEC
00000474
00001904
FFFFE9F4
00000981
FFFFF65A
FFFFF1DD
FFFFF871
FFFFED55
FFFFF8EE
FFFFF998
FFFFF2FC
00000233
0000118A
FFFFFA6B
00000364
FFFFF62A
00000E8F
FFFFF135
00000650
000010BD
FFFFFD4B
00000379
00000DA9
FFFFFC5B
00001191
FFFFF9F3
00000D9E
00000D44
00000EA5
000009B6
FFFFF78B
00000854
00000C1F
FFFFFD52
000009CB
FFFFE295
FFFFEA2B
0000000E
FFFFF4C5
00000B17
000016C1
FFFFFAA6
FFFFF575
FFFFFB45
FFFFFBFB
000014EA
000015D3
000010A1
000001BB
000021DC
00001645
FFFFFB6F
FFFFFDB9
FFFFF81B
00000317
000001A4
000008AD
0000133F
00001316
00001193
000015FC
00000B8E
FFFFF8A2
FFFFFED7
00000892
0000105E
0000013B
FFFFFC62
000013E3
000012EB
FFFFF986
FFFFE444
00000B96
0000099C
00000CD1
000017A2
00000DCF
00000782
00001628
00000E1E
FFFFF349
0000011A
00000CA9
00000C08
FFFFF913
000010F6
000003D5
FFFFFD28
FFFFF681
FFFFF3A9
FFFFF989
FFFFE254
FFFFF892
0000018F
FFFFFCB1
00000263
0000069B
FFFFFEBB
FFFFF6E5
FFFFFCE7
0000045F
FFFFF542
000005F2
FFFFE9FE
0000083D
FFFFFCA5
FFFFF611
FFFFE137
000002B2
0000101A
FFFFF1BD
0000029F
00000342
FFFFFEB1
0000118C
00000560
FFFFF24E
000002B3
000007F2
00000780
00000AE9
0000134C
FFFFF7C2
00000C73
00000CB5
FFFFE451
00000A71
FFFFF25C
FFFFED57
000007A3
FFFFED25
FFFFF6B1
FFFFF0C9
FFFFF491
FFFFF87B
0000069D
000009BC
FFFFF4FE
FFFFFD20
00000235
FFFFFCA7
0000089C
0000082B
FFFFF475
000004DA
00000490
FFFFFCE0
00000189
000005D0
FFFFEEE2
0000062E
FFFFFC12
FFFFF42C
FFFFF43C
FFFFEE7A
FFFFED1D
FFFFF534
FFFFF500
FFFFF343
FFFFFE79
FFFFFE1C
00000BF4
00000C25
FFFFFA0A
00000C0F
FFFFF858
000013E5
FFFFF1EF
00000143
FFFFF777
00000A44
FFFFF76F
FFFFF150
FFFFFAB4
00000A60
FFFFF486
0000037A
FFFFFDF7
FFFFFEAB
FFFFF426
00000583
FFFFF8FB
FFFFEC3C
FFFFF4CF
000006A1
FFFFFDEE
FFFFF10B
00000333
00000CBF
00000F41
00000F4F
00000209
00000331
00000022
FFFFFB41
FFFFF838
FFFFF100
00001107
FFFFFA96
00000E6A
00000ECF
FFFFFDAC
00000A2D
00001121
00000EDD
00000C1C
00000B10
FFFFF8A4
FFFFF76D
000001AC
FFFFF433
FFFFFDF3
000004B9
00000704
00000AC8
FFFFEF5D
FFFFF7E3
00000F56
FFFFF762
00000470
FFFFF8FF
FFFFF154
FFFFEE02
FFFFEB97
FFFFF5FE
FFFFF604
00000FFE
000001BC
00000E3C
00000C0E
00000BC9
00000198
000002A1
00000B6B
FFFFF69B
FFFFFDA8
00000894
000010F7
FFFFFD3C
000000E4
00001450
FFFFFE88
FFFFEDC8
FFFFF3EC
FFFFF1AD
FFFFF2D6
00000178
FFFFEEED
FFFFFC34
FFFFF2E2
000002ED
00000685
FFFFFD21
FFFFF646
00000F7F
FFFFEFC9
00000B95
FFFFFEE5
FFFFF371
00000A49
FFFFEC83
0000007A
FFFFF731
000006E2
FFFFF1D8
FFFFEF57
FFFFE683
FFFFF47B
000002EC
FFFFF8B5
FFFFF17F
0000013F
00000137
FFFFF653
00000DC9
00000A68
000002B7
0000088F
FFFFE67E
FFFFF121
FFFFEFD2
FFFFFAEB
FFFFFDF5
FFFFF63F
000004CB
00000366
00000A1F
00000263
FFFFFFA9
FFFFF8AB
00000EF5
FFFFFF78
FFFFF58A
00000A0B
0000063D
00001496
FFFFF78C
00001115
FFFFFD02
000008BA
000008DD
00001A88
00000BA4
FFFFFAAF
00000004
FFFFF446
000009C4
FFFFF149
0000021C
FFFFFED5
FFFFEA8A
FFFFF33B
FFFFF2B9
FFFFF683
000007B7
FFFFEE0A
000005B6
00000503
00000BB3
FFFFF7C7
FFFFEDD9
FFFFF8F3
000003B8
FFFFF080
FFFFFA45
FFFFF42C
FFFFEA8A
000012C2
FFFFFF37
FFFFF1C7
000009F1
00000423
000003B1
FFFFEE69
FFFFF448
000008F7
000002D7
00000E2E
FFFFFFFE
FFFFFFDA
000010E8
00001263
FFFFFC2F
00000749
000005CD
FFFFF48E
FFFFF866
000007FB
000004ED
FFFFFB05
FFFFF959
000001CA
00000775
FFFFFC9B
FFFFEFCF
00000E22
FFFFF5A3
FFFFF438
00000B67
FFFFFF73
FFFFFA1B
FFFFF84A
0000070F
0000040C
00000441
FFFFF7EA
FFFFF66B
00000756
FFFFFF65
000002A9
FFFFFFF5
000002F2
00000C1C
000004B8
FFFFFEE4
FFFFFCA6
FFFFF695
0000057F
FFFFFA23
00000DDA
00000D5B
00000914
FFFFFC59
FFFFF510
FFFFFBAF
FFFFF9D9
000003B5
0000087E
FFFFF9A6
FFFFFAE4
000005E7
FFFFFEFF
FFFFF95E
FFFFF5AD
FFFFF2A4
FFFFFBB4
FFFFFD2A
0000080C
FFFFF9D2
0000015B
0000073D
00000B14
FFFFF4F8
FFFFF5AE
FFFFECC9
00000219
FFFFF636
FFFFF5C1
FFFFEAB2
FFFFF53D
FFFFEFE2
000001A0
FFFFFC75
000010D1
FFFFFEEF
00000B55
000005C8
FFFFF0ED
FFFFF1EF
00000B53
FFFFF6E7
FFFFF8E2
FFFFF9AA
00000EB6
FFFFFB4D
FFFFFA84
00000A86
00000312
FFFFFCC1
FFFFF34A
FFFFFF5B
FFFFF90F
FFFFFC80
00000523
FFFFFDC7
FFFFFDEB
00000DCD
00000AFC
00000BE4
00000137
FFFFECE0
0000085D
FFFFF7A7
FFFFFC96
000001C1
FFFFFFD9
000001C0
00000E5B
000009D2
FFFFF4AF
FFFFECEC
FFFFFD55
00000A61
0000068B
FFFFEDA9
000008DD
000004AC
00000558
FFFFFAE9
00000729
FFFFFAC6
FFFFF6EA
FFFFFFA7
FFFFF2CE
FFFFEFFE
000005DF
FFFFFF50
000008D8
FFFFFD76
00000574
000000C0
FFFFF806
00000C83
FFFFF741
00000C0C
00000872
FFFFF888
FFFFFFB7
000006BB
00000966
000006E1
00000882
FFFFFDD7
FFFFFFDF
FFFFFAE7
00001177
00000F47
000009D4
FFFFF93C
FFFFFFD9
000007B0
000006C8
00000A8D
00001303
FFFFFEF4
000000B2
FFFFF23D
00000083
FFFFFA6A
FFFFFFFC
FFFFF7FD
FFFFF4F6
FFFFFE9F
00000D77
FFFFF905
FFFFFAF6
00000168
FFFFFEE8
00000924
00000BA1
FFFFF76E
0000082C
000003BE
00000A57
0000017A
FFFFFD85
FFFFF251
0000059F
00001196
00000168
FFFFFB4A
FFFFFD27
000002F3
00000BD9
FFFFFE96
00000C76
00000936
0000048A
FFFFFD65
0000135D
00001048
FFFFF3E1
FFFFF7DA
000011C8
FFFFFEAC
00000920
000011A0
FFFFFD1A
00000734
0000082A
FFFFFEDE
00000B23
000000CB
00000963
FFFFFAD6
FFFFF838
0000105E
00000471
000004EE
000002E7
FFFFF9FE
000003BB
FFFFF7B2
000009C7
FFFFF498
0000064C
FFFFFE68
0000036F
FFFFFBEC
000005B6
000005F5
FFFFFEEC
0000057B
000001BD
FFFFFDD1
00000373
FFFFFD22
000003FA
000003A8
FFFFFBD7
FFFFFE06
000007A6
000008BC
00000183
00000CAB
00000C9A
0000017A
00000A32
000000A2
00001491
00000B91
00000F25
00000E52
FFFFFB19
000002C7
FFFFFFD7
000005D6
FFFFF9E2
00000E44
00000A79
FFFFF4EB
FFFFF49D
00000806
000001B0
00000C77
FFFFFA8F
FFFFFEFA
0000067E
00000EFB
FFFFF476
FFFFF635
FFFFEFA9
FFFFF6D0
FFFFFAA1
FFFFF5F8
00000495
FFFFF4BB
00000A42
000006D5
00000519
FFFFFC25
00000475
FFFFFB14
00000AD1
00000162
000011E0
000000FC
FFFFFD6D
00000322
00000F2E
00000997
00000D6A
0000024F
FFFFFFBA
00001083
FFFFF58A
0000134B
00000842
000005E1
FFFFF399
00000D2B
00000C91
000007F1
00000A4B
000005D9
FFFFF36D
00000243
FFFFFB32
0000131A
00000E53
000009E1
0000071A
00000CF9
00000873
0000018A
00000475
00000F68
00000783
00000086
FFFFF601
FFFFFB04
FFFFF320
FFFFFB5C
FFFFF94C
FFFFF38E
00000C1F
00000573
FFFFF4F9
00000628
000006D6
FFFFFE4D
FFFFFCFF
FFFFF300
FFFFFD9A
FFFFF8C2
FFFFF5F6
FFFFF3F3
000000FE
FFFFFD01
00000147
000003C3
00000221
000001B8
00000CF2
00000651
00000B11
FFFFFF88
FFFFFDE6
FFFFF5AB
000001D4
000008F4
0000038A
FFFFF12F
FFFFFCC8
000005CE
000009DB
FFFFFA24
00000D2F
FFFFF58F
00000CBD
00000638
00000EBE
FFFFFC99
00000CA6
00000A21
000006C9
FFFFF8E0
00000D4E
000016CE
FFFFFA50
FFFFFD95
00000352
FFFFF91F
FFFFF5F6
000000FA
0000070C
0000027E
00000038
000000DF
FFFFF704
FFFFF69D
FFFFFCFC
FFFFFB51
000010DF
FFFFF6B2
000002CC
FFFFFB37
FFFFF548
000002D0
FFFFFDA1
00000D4B
00000C08
FFFFF3E0
00000209
FFFFF1D8
FFFFF82D
00000AC3
00000061
FFFFFE11
FFFFF61E
FFFFFE90
00000192
0000017D
FFFFFAE4
FFFFFA23
FFFFEF78
FFFFF398
FFFFFCEB
00000579
00001612
FFFFFE7A
FFFFFC7F
00000D28
0000035B
00000BDC
0000058D
000005F0
00000CC2
000008AB
FFFFF460
0000013D
000000DD
FFFFFC54
FFFFF02C
00000C66
00000042
FFFFFDBB
FFFFFE62
FFFFFBD9
000002D8
FFFFF293
0000038A
00000738
0000024D
FFFFF8AD
00000C8D
000002A0
00000735
0000032E
00000B23
0000075B
00000CBD
FFFFF6FB
00001249
000010A2
00000FEE
000003D7
FFFFF569
00000259
FFFFF86A
FFFFF5CC
FFFFFB18
FFFFFB49
FFFFFA4A
FFFFEF9E
FFFFF838
FFFFF7C0
FFFFFC64
0000085D
00000023
00000707
FFFFFA3E
00000FC4
00000F24
FFFFFC02
000003AF
00000073
00000728
00000E63
FFFFF85C
00000266
FFFFF779
000000CF
FFFFF7AE
00000239
FFFFFEDC
00000404
FFFFFBB2
00000313
FFFFEBEC
00000E00
000009B3
0000024F
FFFFF471
00000564
0000014E
0000003C
0000029F
000008CB
00000C5B
0000101E
00000EBF
FFFFF838
FFFFF783
00000CB9
FFFFFE63
FFFFFD7A
FFFFF288
00000C51
00000D23
FFFFF9DD
00000045
FFFFFEF9
FFFFF007
FFFFFB2B
FFFFFDDA
FFFFFE9C
000008B8
0000132A
FFFFF956
0000000C
00000489
00000EC4
00000718
FFFFFDC7
FFFFFD68
000010C2
000003D7
00000901
000002C0
FFFFF9D1
00000539
00000A69
FFFFF8A6
0000029F
0000026D
00000B0E
00000A9A
FFFFF473
FFFFFAE9
0000106E
FFFFFE93
00000E20
FFFFFC9F
FFFFF7D8
FFFFF7F3
00000EE2
FFFFF7A4
00000480
00000F0F
000007A7
FFFFFCE8
000002A9
FFFFFD7C
FFFFF7D2
00000290
000001BE
FFFFFA89
FFFFEBD9
00000236
FFFFF0F2
FFFFFC3A
FFFFF86B
FFFFFD24
FFFFFE15
FFFFF98F
00000917
FFFFFAB7
FFFFF1B0
000003C1
0000026A
FFFFFE4D
FFFFF7A9
FFFFF44E
000001E7
00000DB1
FFFFF64E
000007AD
0000010A
00000E19
FFFFF6D3
FFFFFFEE
FFFFFFDD
00000D0B
FFFFFEBF
00000915
FFFFFCD3
000005ED
FFFFFEF1
FFFFF8CC
FFFFFD29
FFFFFD19
00000482
00000DC5
000006B0
000009B5
FFFFFE42
FFFFF9DC
000001C7
FFFFF37B
FFFFF589
000005DB
0000126C
FFFFF45E
000004E7
FFFFF8B0
FFFFFB39
00000F5D
00000D84
FFFFFE32
00000766
FFFFFEE3
000006B3
00000723
00000B2D
000003AB
FFFFF6EC
FFFFEDFA
FFFFFEFC
FFFFF1BE
00000769
FFFFF5A8
0000001D
FFFFF2A6
00000088
0000070B
FFFFEC63
00000362
0000009E
FFFFFFBB
FFFFFF43
FFFFF614
00000564
00001228
FFFFFDC7
00000BA4
FFFFFCEC
FFFFFA88
00000149
00000EA9
FFFFFD97
000004C8
FFFFFD2E
FFFFFDF8
0000044C
FFFFF4A7
FFFFFB57
000001ED
00001193
FFFFFB31
00000276
0000016C
00000D40
FFFFF76F
FFFFED39
FFFFF8E6
00000366
FFFFFCED
00000D9F
FFFFFD7A
00000E24
0000064D
FFFFFFD4
FFFFF92A
00000D1D
00000984
0000046F
000010DF
FFFFF816
000012B0
000007AF
00000BAB
FFFFF133
FFFFF99C
FFFFFBB3
000001A9
00000D10
00000409
FFFFFA31
0000081C
000001B9
00000150
FFFFF377
0000026E
0000149D
00001303
00000C68
FFFFEB18
FFFFFE72
FFFFE9B1
FFFFF5DB
0000147D
FFFFFE35
FFFFF660
FFFFE715
000009AA
FFFFFECE
00000FD8
FFFFF3F3
00000864
00000038
000008DB
FFFFFC1B
00000958
00000085
FFFFFACB
FFFFEEEF
00000986
FFFFF036
FFFFFAFD
FFFFFDCA
00000439
FFFFFB06
FFFFFE95
FFFFF54F
FFFFFB6E
FFFFFEF5
00000DBF
000017C4
00000A8F
FFFFFD67
000012CF
FFFFFE92
FFFFFFEE
000005C2
00000A04
0000030C
FFFFF62F
000000B3
000002F9
0000046E
FFFFF186
000003DC
0000016F
0000001C
000015C3
00000606
000008DF
00000C9F
000013C5
FFFFFF74
0000014D
FFFFF31B
000004DA
000000E0
FFFFF578
FFFFEF19
FFFFF1CD
FFFFF606
FFFFEC43
00000D7E
0000087C
000004BE
000009CA
00000B61
000010EF
FFFFFCCB
000004C9
00001AE7
FFFFFDBE
000007C3
0000044C
FFFFFF84
00000842
00000482
FFFFF824
00000030
FFFFF2DD
00000BB2
000008BC
FFFFFA15
FFFFF56E
00000BA9
0000060A
FFFFF11D
FFFFEB6B
00000777
00000D1F
FFFFFB69
00000F02
FFFFF7BF
FFFFFF17
FFFFFC48
FFFFFACC
000002A5
FFFFFF74
FFFFFECA
00000DCC
00001864
00000921
000000C8
0000124E
00001045
000003A8
0000030F
0000024B
0000170C
000006B9
00000555
FFFFEEE8
00000963
00001917
00001206
000009BA
FFFFEF6E
FFFFFFE3
FFFFFB69
FFFFF8CA
FFFFF707
0000013B
FFFFEF4E
FFFFEA46
FFFFF48F
0000095B
FFFFF0AA
000002AD
FFFFEA6A
00000612
FFFFE897
FFFFFA5B
FFFFFB9D
00000530
FFFFFE4D
FFFFF474
FFFFFB71
000000DB
0000006B
000012CF
000003A2
FFFFFD9C
FFFFF150
00000C8A
FFFFFDB8
000001AD
FFFFFDE1
FFFFF289
0000063C
FFFFFAC1
00000435
00000D07
000002AC
00000ACE
00000986
00000382
000005E0
FFFFF31D
FFFFF6BD
00000A6F
000008A4
FFFFFA9E
00000949
FFFFF8EB
FFFFFEB8
FFFFF7DD
FFFFFFCD
FFFFFE6F
00000250
00000583
FFFFF5F9
000007F8
FFFFF146
0000051B
0000059D
FFFFF60A
FFFFF1D0
FFFFF8C9
00000A7E
FFFFFDC7
0000079E
FFFFF7CC
00000872
00000A40
00000342
FFFFEDDA
FFFFF465
FFFFFC76
FFFFFD5E
FFFFEEFF
FFFFFBF9
000000F7
FFFFF105
00000189
00000B2E
FFFFE172
0000046B
FFFFF891
000000F8
FFFFF485
FFFFF5D1
FFFFED2C
FFFFF340
FFFFF08C
FFFFF0D2
FFFFF97F
FFFFF3FF
FFFFF50B
FFFFF9AE
00000688
FFFFFD76
FFFFFE61
00000788
FFFFFE51
00000973
FFFFEE33
FFFFEE2D
FFFFF5A4
FFFFFA14
00000E21
0000004F
FFFFFBF0
00000068
FFFFF5E0
FFFFF946
00000CD1
000000F5
FFFFFA4B
00000D8A
00000544
FFFFFEDD
000003A8
FFFFFAF6
FFFFFCF5
00000E27
FFFFED6E
FFFFF3B5
00000904
000007F8
00000105
FFFFF79E
FFFFFC8B
00000BD6
FFFFF56F
FFFFFB02
FFFFF512
FFFFF973
00001161
0000083C
FFFFFD48
FFFFFB50
FFFFF6EB
FFFFF4B1
000004E8
000000DD
FFFFFC34
00000233
00000108
0000039D
000005C8
00000B3A
FFFFFBF1
FFFFF73C
00000113
0000066A
FFFFF9F2
FFFFF343
FFFFEB50
FFFFF761
FFFFF563
FFFFF70F
00000A69
FFFFFAA9
000001A3
000002D9
FFFFE6EB
00000555
000003B5
00000DE9
00000451
000002E6
0000064D
FFFFF846
FFFFFBFB
00000A30
FFFFF942
FFFFFACF
FFFFF543
000005CF
FFFFFEBD
00000210
FFFFFB3B
00000158
000005FE
00000631
0000019F
00000629
FFFFFF0F
000000A4
FFFFF5A1
0000015B
FFFFFA08
FFFFF27C
0000094F
000004BF
000011C4
00000168
FFFFFF7D
FFFFED19
FFFFFC82
00000E1A
FFFFFB1E
FFFFFC46
FFFFF8CD
FFFFFEFF
FFFFFFF1
FFFFF408
FFFFF41A
FFFFF61E
00000078
FFFFFE2C
FFFFF7A0
FFFFEF72
00000C44
FFFFF5E0
FFFFFE14
FFFFFCE7
00000912
00000907
00000BFF
000009A2
00001251
FFFFF72E
FFFFF5F2
FFFFECFD
FFFFECAC
FFFFF4CE
FFFFFFE5
00000597
0000018C
FFFFFB5D
FFFFFDD8
FFFFF70B
FFFFFC48
FFFFF9F8
FFFFFDA2
00000DB8
00000D8B
FFFFFC63
00000499
000007EE
FFFFF7A4
FFFFFEED
000000F7
000009DA
00000363
FFFFF894
00000E81
0000005C
000005C3
000002F3
FFFFFCA0
00000E38
00000D19
FFFFF6E7
000002E5
00000E47
FFFFF97E
FFFFFE31
000005DD
00000E28
0000061F
FFFFFB2F
FFFFF290
00000707
000005B9
00000927
FFFFFB56
00001351
0000015F
FFFFEFA9
00000346
FFFFF0DA
00000C0D
FFFFF5B9
FFFFF630
FFFFFB05
FFFFFEEB
FFFFF9DD
FFFFF896
FFFFFF4A
FFFFFA97
0000081C
FFFFFA88
FFFFFD6E
FFFFFA3F
FFFFFBC3
FFFFFD92
FFFFF73E
FFFFF2E5
FFFFEDE6
FFFFF909
000000B9
00000C03
00000498
00000AF3
FFFFFA08
FFFFFA7E
000004CC
0000086F
FFFFF8CA
FFFFFE3A
FFFFF4D9
FFFFFFCD
FFFFFCFE
00000AF2
FFFFEE27
FFFFFDEF
FFFFEE06
FFFFF227
00000296
FFFFFF25
FFFFF55F
FFFFFC01
FFFFFA6E
FFFFF807
FFFFFF95
FFFFF79C
FFFFEE10
FFFFE68E
0000060B
FFFFFA99
FFFFFE62
FFFFFB0D
00000452
0000024B
00000BC7
00000827
FFFFEF32
FFFFF8DD
00000035
FFFFFE55
FFFFFC11
FFFFFE69
000007EC
0000064C
0000066F
0000018A
00001039
0000088F
000001C0
00000089
FFFFFCCC
FFFFF7F5
000008A5
00000225
FFFFFFE3
000001CD
000006F3
000000FC
FFFFF167
00000504
FFFFF3EC
FFFFEF16
FFFFF498
000005EB
FFFFF7CE
FFFFF8DC
00000742
00000A2D
FFFFFFDF
00000E96
00000DA0
FFFFF4DE
FFFFF886
00000397
FFFFFF76
FFFFFD05
0000075E
FFFFFFFD
00000854
FFFFF3CD
00000581
00000798
00000855
00000F62
000014BE
FFFFFA90
FFFFF596
FFFFF18B
00000200
000012ED
FFFFFBB5
00000FA4
FFFFFF6A
FFFFF98D
00000EB9
000000D6
00000806
FFFFF5B5
00000DB0
00000793
000004D8
FFFFFF2A
FFFFF881
FFFFFCCB
0000088E
FFFFF42F
00000D58
FFFFF567
FFFFF6EA
00000064
FFFFF073
FFFFEC4C
FFFFFCFB
00000682
00000ADF
FFFFFBDC
000001A5
FFFFEE17
0000017B
FFFFF059
FFFFF5F5
000006E8
FFFFF1EB
0000071B
FFFFF387
FFFFFD3D
000002B1
FFFFFCCB
0000088C
00001167
0000113E
FFFFEFF0
FFFFF907
00000534
00000A78
0000068F
00001063
00000A03
00000735
FFFFF81A
FFFFFC8B
FFFFFE1B
FFFFF0F8
FFFFF20D
00000463
000009CC
FFFFF8DA
FFFFF939
FFFFF867
FFFFFA75
000003B8
FFFFFC7C
FFFFFE35
FFFFF29A
FFFFEFDB
FFFFFC29
FFFFFDCB
00000A36
FFFFF93D
FFFFF37A
0000067E
FFFFF9EA
00000585
000002CF
00000028
FFFFF7C0
FFFFFFF6
00000385
00000B12
FFFFFE19
000009BB
000007A0
0000075C
FFFFFC9A
FFFFFD8A
FFFFF160
000000E8
00000E34
00000FB1
000002D1
FFFFF5E3
0000007F
00000040
FFFFFDF4
FFFFE57E
000004F1
0000104A
000006DD
FFFFFFEB
FFFFEBFB
FFFFF205
FFFFFD71
000001FA
00000392
00000C09
0000101B
FFFFFA76
00000452
FFFFFE6D
00000C5A
FFFFF4B1
FFFFEFAF
FFFFFFDB
FFFFF516
FFFFFE0B
FFFFF2B4
FFFFF767
FFFFF842
000001CC
FFFFF863
FFFFFF42
FFFFFB9A
FFFFF9E6
FFFFF988
000014D3
00000FFD
000002F8
00000611
FFFFF66E
000008FE
000006D2
00000B90
00001610
FFFFFB5A
FFFFFA22
FFFFF57F
FFFFFB07
FFFFFFB4
0000037E
FFFFFF88
FFFFFEE6
00000403
FFFFFC9D
000002B2
FFFFF36E
FFFFFF32
0000007F
0000036A
FFFFFA6C
FFFFF6BD
000000AA
FFFFF5BC
000005A9
0000055D
00000371
FFFFF505
FFFFF3DF
FFFFED63
000008DB
00000829
000001C4
FFFFED88
00000763
FFFFEDBD
FFFFFCA9
FFFFFBB4
0000074A
00000207
FFFFF111
FFFFF5C5
00000E52
00000172
FFFFF7A5
FFFFE4A6
FFFFEEAD
FFFFF5E9
FFFFF04D
FFFFF508
FFFFFD73
FFFFE89F
FFFFFA03
FFFFF9FE
FFFFFBB6
00000768
0000065B
FFFFF84B
00000183
FFFFF92D
000007B0
FFFFFD48
FFFFFA14
00000975
FFFFFBBF
FFFFFC94
FFFFF7C4
FFFFF4B4
FFFFF309
FFFFF9FF
00000FDC
00000DE9
00000281
FFFFED04
00000286
FFFFF7D8
00000892
FFFFFF4D
000007AD
FFFFF512
FFFFFD68
FFFFF088
FFFFFF37
FFFFF71C
FFFFF44D
00000720
FFFFFE74
FFFFF431
FFFFF4E4
00000141
000000CF
FFFFFF97
FFFFED94
FFFFEDC8
FFFFF9B4
FFFFE93E
000007DD
FFFFF97F
FFFFF308
00000D73
0000108B
FFFFFD47
FFFFFC05
FFFFFAC7
0000045D
00000F6D
000001F7
00000080
0000027C
0000041F
FFFFF350
00000B29
0000082B
FFFFF6D4
0000095A
FFFFF3A3
FFFFF7E3
FFFFFA33
00000551
000000A1
000003A6
000003AC
000001E6
FFFFF4DC
000007E9
00000E72
00000CC7
000000D7
FFFFFAA3
0000103C
00000019
FFFFFE40
00000EA0
0000011F
000013D3
FFFFF9FC
FFFFFA59
FFFFE662
000000C1
FFFFFD3D
00000622
00000040
FFFFFDB1
00000077
00000888
00000E2F
FFFFFEA5
00000C95
FFFFFADA
FFFFFB97
FFFFFDEB
00000380
000005A7
000006F2
00000964
FFFFFC88
000001D8
000015E2
00001073
000008E0
0000019B
0000113D
000006EA
FFFFF7DB
FFFFFE4D
00000C5C
00000EE4
FFFFF820
FFFFF0C6
FFFFFD09
00000330
FFFFFC28
000001D7
000004DD
00001496
000015E4
00000904
00000147
FFFFF409
000001B0
00000F79
00000EE9
000003D1
FFFFFDEF
0000015D
FFFFFCE7
00000F44
FFFFFF32
000000EF
FFFFE758
FFFFFE95
FFFFFF63
FFFFFA19
0000002D
FFFFFE65
FFFFF45B
FFFFF061
FFFFF4BF
FFFFF95D
00000C6F
FFFFFD72
00000360
FFFFFF90
000000B8
0000104A
FFFFF723
00000B9A
0000063D
FFFFF1AA
000000B3
00000B4D
00001351
FFFFFEA8
FFFFF7EF
FFFFEEF0
FFFFF88C
FFFFF6CE
FFFFF699
FFFFF951
000006E7
FFFFFBA7
FFFFFA95
FFFFFB37
FFFFF6C4
000006AD
000002DF
FFFFEF34
FFFFFA6A
FFFFF737
00000119
FFFFF975
FFFFEE48
FFFFEE8B
FFFFFA88
000006C0
00000366
00000545
00000196
FFFFFE6B
FFFFFA57
0000028E
FFFFFBB8
FFFFFF2B
FFFFEFEB
FFFFF4C8
000008B3
0000075A
FFFFF50E
FFFFFD28
000002E8
FFFFF972
FFFFF807
FFFFFF99
FFFFFA64
FFFFECE0
FFFFFA23
FFFFF165
FFFFFF9D
FFFFEA7A
000000FA
FFFFEED6
00000951
FFFFFFFE
0000158F
000007EF
FFFFF309
FFFFF391
00000E65
0000093F
0000147C
FFFFFA4D
FFFFFC8D
000006FE
FFFFF6E6
FFFFFA13
00001012
FFFFFD11
00000266
FFFFFFC3
000005C0
00000AD1
00000774
FFFFF8BF
00000150
FFFFFB31
00000078
00000862
000002E8
00000328
0000036D
FFFFFF9F
00000798
FFFFF1ED
00000302
00000216
FFFFF8BB
0000066C
000007E1
FFFFF884
00000312
FFFFFB34
FFFFFC7A
0000027A
FFFFF4A6
0000038A
FFFFEE77
00000982
FFFFFC13
00000709
00000607
FFFFF602
FFFFFFF5
FFFFFA52
FFFFF55E
FFFFF790
0000107A
00000DE4
000002CE
000008F0
FFFFF264
FFFFFB92
FFFFFF11
00000D6F
FFFFFAE7
FFFFF988
FFFFF115
FFFFFF75
00000CC0
000003C4
000005A2
00000076
00000232
FFFFF322
000004FE
00000152
0000000A
00000882
00001140
00000127
00000C42
00001034
FFFFFF93
00000864
FFFFF62D
00000616
FFFFF119
00000105
00000067
FFFFFC4F
000003B3
FFFFFAD5
FFFFFCA4
000008B1
00000895
FFFFF3BF
FFFFFD3D
FFFFF2AF
FFFFF52E
00000697
000002DC
FFFFF101
0000042D
00000463
FFFFEF10
FFFFF325
00000600
FFFFEF6F
0000057B
FFFFEAA4
FFFFFDFD
000009C8
000001F4
000008F2
000003F7
00000BAB
FFFFF676
00000327
FFFFFF3F
FFFFF463
00000231
FFFFFB72
00001193
FFFFFC8B
FFFFFDE2
0000026D
FFFFF2D5
FFFFFE73
FFFFFB96
FFFFFD02
FFFFF83C
FFFFFA41
FFFFFB5E
FFFFFFDF
0000053C
FFFFF145
00000032
00000624
000005FD
FFFFED92
FFFFF99C
FFFFFCBB
FFFFF89C
FFFFFA95
FFFFFBA0
00000689
FFFFF1A8
FFFFFFA3
000003F1
00000915
FFFFFD79
00000A5F
0000012E
0000002D
FFFFFD42
FFFFFE68
FFFFFA4B
FFFFF754
00000226
FFFFF357
FFFFF5F5
FFFFFFB7
FFFFF30E
00000830
00000265
FFFFEFA8
FFFFF7E4
FFFFFFAF
FFFFEEF2
00000A84
FFFFF5AD
00000511
000007CB
FFFFFC7C
FFFFE70E
00000120
00000717
FFFFFEA8
FFFFFAE1
FFFFF4EB
FFFFEF99
FFFFFAA2
000006A4
FFFFFF4E
FFFFFCC6
0000011F
FFFFFE76
00000C5C
00000CFF
000002B8
FFFFF853
FFFFFBC2
FFFFFEA8
FFFFF606
FFFFFF7F
00000EB1
00000773
FFFFF36B
FFFFFDED
00000328
FFFFF66B
FFFFF729
FFFFF493
FFFFF40A
000004AA
FFFFEBB7
00000353
FFFFFA01
FFFFEB14
FFFFED06
FFFFF482
FFFFF3F9
FFFFF1C9
FFFFF637
FFFFFD42
FFFFF360
FFFFF1C6
FFFFF594
FFFFFF74
00000924
00000A2E
FFFFF7C5
000009BA
000008AC
FFFFFE97
FFFFF958
FFFFF843
000009FB
00000448
00000046
FFFFFB93
00000F66
0000057E
00000181
FFFFF81B
FFFFFFA5
0000007D
00000246
FFFFF9C8
FFFFFAB4
FFFFF61D
00000AA7
FFFFEDEF
FFFFFB0C
FFFFF897
000000F2
00000A60
0000059D
FFFFFF06
FFFFFADF
00000002
FFFFFAE9
000011E0
FFFFFB12
FFFFFA6A
FFFFF564
000003AF
00000F13
000004AE
00000181
FFFFF66D
FFFFF7FA
FFFFFA36
FFFFFD23
000005A5
FFFFF995
000004BD
FFFFF5D6
FFFFF845
FFFFFB6E
00000625
FFFFF912
FFFFF62D
FFFFF03B
00000481
FFFFF445
00000811
00000AF2
FFFFF6D8
FFFFF39A
FFFFFB83
000009C6
00001413
00000F70
FFFFFA94
00000B4C
000004B2
FFFFF9B9
00000533
FFFFF58E
000007A3
FFFFFE4C
00000AB1
00000CCE
FFFFFC77
FFFFFAFA
FFFFF75C
00000406
000004D5
00000527
FFFFF90D
00000219
00000480
FFFFFCBE
FFFFFEBF
FFFFF5CB
FFFFF412
0000017B
0000067C
00000F73
00000421
FFFFFED7
FFFFFFC7
FFFFF77D
FFFFFE40
FFFFFD28
0000107F
FFFFFC08
FFFFFC45
0000085B
00000D13
00000FE8
000010D4
00000A70
0000089D
FFFFF3BE
000004D6
00000B42
FFFFF39A
FFFFF868
000007EF
FFFFFA5A
FFFFF725
FFFFF921
00000555
00000549
00000942
000004F9
00000749
FFFFFC37
00000111
FFFFF976
FFFFF93E
FFFFFD62
00000B23
FFFFF367
00000335
00000882
00000C12
000000FF
FFFFFA42
FFFFFA23
00000105
00000A17
FFFFF025
FFFFF965
000000FD
000001F8
FFFFFB95
FFFFF5E9
FFFFF6C2
FFFFF949
0000074E
00000CA8
FFFFFB8F
FFFFFCA0
00000A90
FFFFFE9E
FFFFFFA8
FFFFFAF1
FFFFF2A2
000007DC
00000163
00000CE3
00000617
FFFFF20B
000001D7
FFFFFD1E
FFFFFD29
000004EC
0000052A
00000386
00000461
FFFFF9B8
00001565
00000902
000001B5
0000034A
FFFFFBC6
FFFFF2EF
00000921
FFFFF6FE
FFFFEED1
FFFFECE0
FFFFF5BA
FFFFF634
FFFFF328
FFFFE9CD
FFFFFD5E
00000DF9
000001D3
000008D7
FFFFF67C
000010D9
000001DC
0000075B
FFFFF04E
000008C1
00000C8A
FFFFFCB5
FFFFEFE1
FFFFF769
FFFFF71E
000006DC
FFFFF1EC
00000DAA
FFFFF7C9
FFFFF770
FFFFFF01
00000509
0000065B
FFFFF9E4
00000B02
0000030D
0000026C
FFFFF6FC
0000013B
FFFFF5A5
0000082E
00000D8B
FFFFFB0B
00000346
000007F4
0000093A
00001293
FFFFFA43
00000DD4
00000B0B
00001309
0000073E
00001221
00000D19
00000133
FFFFFECD
FFFFF906
FFFFF96F
FFFFFFF5
00000978
00000D83
FFFFF322
FFFFF6BC
FFFFF37D
FFFFF1A4
00000725
FFFFF6B1
00000FBF
FFFFFB45
FFFFFF6C
FFFFF75B
00000A8F
FFFFFC73
00000F5C
FFFFFB38
00000A14
FFFFFD7F
000000CE
000009FD
FFFFFF37
FFFFFBAB
FFFFFF0E
FFFFF679
FFFFF929
FFFFFC4D
00000983
000004C0
FFFFF460
FFFFFDE3
00000310
FFFFEECE
FFFFFFEB
FFFFFA68
FFFFF757
00000FDE
000007F4
0000113B
FFFFF821
00000592
00001139
FFFFFD02
000013E8
FFFFF4DD
FFFFF511
00000A46
FFFFFE26
FFFFE614
00000C89
FFFFFB4B
FFFFFE5F
00000525
00000DA8
000002E4
00000DA5
FFFFF466
00000863
00001037
FFFFFA9A
00000D5B
FFFFF600
00000DAE
000001BC
000003E5
FFFFF709
0000005D
00000470
000008F1
00001046
000005B8
00000585
00000D8D
FFFFF24F
FFFFFC14
FFFFFC10
FFFFF6E7
FFFFF857
FFFFF96E
00000A34
FFFFFCB8
000002D7
00000084
FFFFFB5A
FFFFF780
000014EC
FFFFF6E3
00000986
000006E4
00000530
FFFFFF00
00000AC9
FFFFFE1D
00000C68
00000D6A
FFFFFD0C
00000469
00000225
FFFFF762
FFFFF2ED
FFFFFE80
00000AB6
FFFFF4EB
FFFFF1AB
FFFFF1AD
00000C91
00000666
FFFFF643
FFFFF4AE
00000402
000005C8
00000D58
FFFFF11F
00000715
FFFFFF79
FFFFFE9E
00000460
00001213
FFFFF983
FFFFF8E2
00000260
FFFFFDF7
00000367
FFFFFB43
FFFFED5C
0000024A
FFFFF1C9
FFFFF25B
00000A14
FFFFF220
FFFFF6A7
FFFFF9DD
00000B2E
0000004F
00000BD2
0000047A
00000C1B
0000063F
00000EDD
FFFFFD70
00000CD8
FFFFFB2A
FFFFF67C
00000457
000004B9
000002F5
000006C0
FFFFED84
FFFFFFEA
FFFFEB14
FFFFFB5B
FFFFF7C8
FFFFEFC3
00000772
00000769
00000853
FFFFF47E
000007F5
FFFFF98D
FFFFF98C
00000529
FFFFF104
00000002
000000DD
FFFFFD54
FFFFF606
FFFFF3B8
FFFFF8E4
FFFFF611
000000D4
00000160
0000078F
FFFFF604
FFFFFE98
00000694
FFFFFEB7
FFFFFEFA
0000094F
FFFFF9F0
000000E3
FFFFF855
FFFFFB35
FFFFFB4B
FFFFFBDB
FFFFF7E5
00000616
00001126
00000885
0000041F
FFFFF1E7
000006A8
FFFFF5F0
00000C61
0000143A
00000320
FFFFF6BA
FFFFEED3
00000526
00000709
000004D6
FFFFF8A7
FFFFFA7A
000000BF
0000047E
FFFFF3C3
FFFFF675
FFFFEAD3
FFFFFF2D
00000097
FFFFF118
00000651
FFFFF8E8
000008B4
FFFFF4B5
FFFFFAC2
FFFFFFD6
FFFFFF3B
00000231
FFFFFA28
FFFFF5E0
FFFFFF13
FFFFFC3A
FFFFF7C0
FFFFF009
000003E8
FFFFFA2F
00000427
00000D1A
000001B5
0000009B
00000D46
000004B2
FFFFFBDC
FFFFF7E5
FFFFFAF1
00000911
FFFFF6C0
00000621
00001244
00000722
FFFFF4D6
00000AC0
FFFFFA24
0000085B
FFFFEF6B
FFFFFA9D
FFFFEAB1
FFFFFD24
FFFFFB0F
00000C54
FFFFED86
FFFFF99E
FFFFFE4D
000003A8
FFFFF2BE
000002C6
0000029B
00000237
0000099E
00000972
000009C0
FFFFF5DA
0000098B
FFFFFB08
000005AC
000009EF
FFFFFA06
000000CB
0000002E
00000B73
000001E3
FFFFEF87
00000179
FFFFF131
FFFFFD31
000002B5
FFFFFD20
FFFFF5B8
FFFFFE53
FFFFF2D9
00000607
FFFFF355
FFFFFD0A
00000DCC
FFFFF151
FFFFF443
000002A1
000006C7
FFFFF86E
0000101B
FFFFFAEF
00000A1F
FFFFF65E
00000EF2
FFFFEE9A
000002F3
00000577
FFFFFF98
FFFFEFC2
FFFFF857
FFFFFB00
FFFFF71E
000003AD
FFFFF31E
0000161F
FFFFF57C
00000EC0
00000C95
00000E0C
000004FB
00000CDC
00000547
FFFFEEA0
00000122
FFFFF9B9
0000117C
00000DD0
FFFFFE6D
FFFFF86B
00000609
FFFFF9E6
FFFFF22A
000000BA
FFFFF0BD
00000399
00000774
FFFFF6C6
FFFFFA6F
0000012A
00000483
FFFFFBF3
000005A4
000002DD
FFFFF4F8
FFFFFBB2
00000636
FFFFF60D
FFFFF3E9
FFFFF4B5
00000DFB
00000205
00000E5D
FFFFF81D
0000090C
000000EE
FFFFFFD1
000006AA
0000087D
00000A1C
FFFFFE13
000008DD
00000DA2
00000ECA
000008A0
FFFFFB77
FFFFF8AA
000003B1
00000793
FFFFFF12
0000010D
00000494
0000024C
FFFFFD8A
0000074F
000001F3
00000C2C
FFFFFB35
00000918
00000BB9
FFFFFF76
0000164E
000000AC
00000382
FFFFFF19
FFFFFE38
00000BBD
FFFFF9F1
000000AE
FFFFF7A6
0000004C
000001AC
FFFFF757
FFFFF7EC
FFFFFD92
FFFFF8FB
FFFFF938
0000074D
00000655
FFFFF4F9
000000CA
000001AC
00000CB2
000005A5
00000666
FFFFF91B
FFFFF165
00000330
FFFFFAED
FFFFFBFE
000004E4
000004B6
FFFFF4EF
FFFFFE12
00000FE1
00001009
FFFFFD6C
FFFFFA43
0000059B
FFFFFC9B
00000B25
FFFFF8ED
00000B64
00000422
00000414
FFFFFAE0
FFFFF4E1
00000066
FFFFF27A
00000316
0000027E
00000500
0000050A
FFFFF3B9
0000026E
0000009A
000002AA
FFFFF325
FFFFFA85
0000037B
FFFFF44E
FFFFFAF4
000002B8
00000219
FFFFFC74
000007E4
FFFFF47C
0000069A
00000034
0000029E
FFFFF686
FFFFFD72
FFFFFFA6
FFFFFFE8
00000276
00000771
FFFFF481
00000009
FFFFFC88
000006A4
000008D9
FFFFFC9F
00000571
FFFFFEF2
0000024D
00001039
00000E83
00001088
FFFFFF5D
FFFFF871
FFFFFEDD
FFFFF61D
FFFFF971
FFFFF9BF
FFFFF04F
000001FB
00000716
000006BF
00000C4E
FFFFF9A9
FFFFFC43
000008C6
0000006F
00000400
FFFFF4FD
FFFFF97B
FFFFF356
FFFFF439
FFFFF330
FFFFF0E2
FFFFFCFD
FFFFF1F8
00000600
FFFFECA8
FFFFF9EF
00000720
FFFFF930
FFFFF989
FFFFF66E
00000654
FFFFFC8F
FFFFF84F
00000200
00000B9E
0000054D
FFFFFDC8
FFFFFF40
FFFFF96F
FFFFF7E9
FFFFFF33
FFFFF714
FFFFFFAC
FFFFED2C
FFFFFE6D
FFFFEB3D
FFFFFC22
FFFFF356
0000029C
FFFFF73A
000009FC
FFFFFA19
FFFFFB54
FFFFF3DD
FFFFFAF2
00000481
FFFFF9FC
00000E76
000003EA
0000022A
000001A6
FFFFFE9E
FFFFF73B
FFFFFDC4
FFFFFC47
FFFFFA6D
00000A87
00000283
FFFFFA9B
FFFFF7B1
FFFFF607
00000EE1
FFFFFA74
FFFFF94B
FFFFF7E2
FFFFF621
FFFFF40F
000005BB
00000AC3
FFFFF750
FFFFFA69
0000010A
FFFFFF0E
00000C50
0000096D
FFFFF6E5
FFFFFEB9
FFFFFD38
00000F0C
FFFFFA78
00000EFB
000006DB
000008BC
FFFFFFF1
0000107F
00000114
00000CA3
FFFFF86E
FFFFF914
00000188
00000781
00000583
FFFFFBE8
FFFFF9E6
000008C3
00000CFE
FFFFF2AA
FFFFF62C
000006FB
00000FB0
00000605
00001113
FFFFF8F9
0000018F
FFFFF8CA
FFFFFA1F
00000418
FFFFFF68
0000063F
FFFFFD61
FFFFFAF1
00000641
FFFFFE9C
000009BC
FFFFF921
FFFFEE4C
0000017B
FFFFF67C
FFFFF8D1
FFFFFB78
FFFFFFAF
FFFFF633
FFFFF843
FFFFF806
00000A37
FFFFF303
FFFFFF4E
FFFFFBE8
00000193
FFFFF638
000007D2
00000425
000006CD
0000077D
000004E4
FFFFFE02
FFFFFF1E
000010D7
FFFFFC46
00000212
00000B71
FFFFF3A6
FFFFFCD6
FFFFFA22
FFFFEA4C
00000569
FFFFF28A
FFFFFEBA
FFFFF9DC
FFFFF293
000017B7
FFFFF4B6
000010D9
000004CA
FFFFFC72
0000008E
00000051
FFFFFEEA
00000655
FFFFF7DA
000005C9
0000056C
FFFFFD58
00000977
00000369
FFFFFD1C
FFFFFB36
FFFFF63A
FFFFF3D3
FFFFF921
FFFFFDA7
0000094A
00000580
FFFFF9CC
FFFFFDB7
FFFFF84E
FFFFF389
FFFFF1D4
000008FF
FFFFEDB0
FFFFF81F
FFFFF60D
FFFFF433
FFFFFFAF
FFFFFC41
000001AA
000002D4
00000024
000006EF
00000686
000002DD
FFFFFE49
0000074C
FFFFFE8A
FFFFFCD9
000003F6
000005C2
FFFFFF8E
000007D8
FFFFF60B
000005AB
FFFFF780
00000858
0000049C
FFFFF5E4
FFFFFD50
000001DA
0000023E
FFFFFDC1
FFFFF0D8
FFFFF625
FFFFF77C
000002C3
000005DA
FFFFF9C8
00000642
FFFFF8C6
00000645
FFFFFBC0
00000077
FFFFF955
00000130
000002AE
FFFFF947
00000110
000002D6
00000971
00000382
FFFFF777
000006D8
0000031D
00000A1D
00000FB0
00000571
00000A0A
00000E63
0000039F
FFFFFA0F
FFFFFB54
FFFFFCCB
FFFFFF34
FFFFFEAF
FFFFFE64
FFFFFA2B
000009CE
FFFFFD1E
FFFFFEC7
FFFFFB4E
0000029B
00001291
00000BAF
0000122F
FFFFFB4B
FFFFF3B6
00000A5E
FFFFFB37
00000C7C
000002F0
FFFFF5CD
FFFFF332
FFFFF1E2
FFFFF261
FFFFF3EE
FFFFF1F3
FFFFF783
0000066E
FFFFF5F7
00000BEB
00000E37
00000A1C
000008D9
000000A4
00000F61
00000698
00000175
00000F15
FFFFF327
FFFFF8AD
FFFFF4B2
00000612
00000327
000003C4
FFFFF84C
FFFFF185
FFFFF944
FFFFFB5B
000009C7
FFFFFA53
FFFFFEF2
000007B3
FFFFF801
FFFFFFB4
000008C1
FFFFFCAC
000001EA
FFFFF157
FFFFFEEC
00000A44
00000489
00000EE9
00000990
000000B4
00001219
FFFFF57E
00000632
FFFFF6F7
FFFFFE3E
0000080D
00000863
0000085F
00000D78
FFFFF988
000015B4
000002E4
FFFFFBD2
FFFFFD58
FFFFF67F
FFFFF671
00000809
0000084B
000011DF
FFFFFDAC
FFFFFD01
00000473
FFFFFAF4
FFFFF540
FFFFF601
00000236
FFFFFF65
FFFFF973
FFFFF79D
FFFFFCBA
00000274
FFFFF783
FFFFFEA1
FFFFFFBB
00000660
FFFFF3F6
00000692
FFFFF8CD
FFFFFC26
FFFFF232
FFFFF490
FFFFFA26
FFFFFA92
FFFFF26F
FFFFFA39
000004E3
FFFFFD2C
00000EC9
FFFFFEA1
00000C34
FFFFFCF4
00000A55
FFFFF6EA
0000057B
FFFFF6AD
0000030D
000005E0
FFFFF889
0000027B
00000212
FFFFF438
FFFFFDD4
000007CD
FFFFFAC4
FFFFFCBB
FFFFEFA3
FFFFFD88
00000554
000004BB
FFFFFB9F
00000027
FFFFFAC5
FFFFFBDD
FFFFF5D9
FFFFF6CB
0000016E
FFFFF5C0
FFFFF27E
FFFFFA59
00000899
00000845
000002A5
FFFFF4D1
00000980
FFFFFCF5
0000005B
FFFFF894
FFFFF7EA
00000055
FFFFFFAB
FFFFF7EC
FFFFFCBB
FFFFEE43
FFFFF229
FFFFF26A
00000250
FFFFF689
FFFFFFDA
FFFFFE0D
FFFFF8EA
0000089A
FFFFF689
00000545
FFFFFC16
000000AF
00000150
FFFFFC74
FFFFFCAF
FFFFF4D2
00000C7C
000005C9
00000BBD
FFFFF70C
FFFFFA50
00000540
FFFFFE0B
00000860
00000E54
FFFFF2FA
FFFFFCDB
FFFFFEBD
00000B3C
000006A5
00001308
FFFFFF82
000000F7
FFFFF459
FFFFFD62
FFFFFB05
FFFFFCC2
000010CA
00000DCD
FFFFEFAA
00000A03
000017FB
FFFFFDFD
000005EE
FFFFFEE1
00000775
00000BB1
000000AF
000007E1
00000680
FFFFF798
0000011B
FFFFFF33
000001A5
FFFFF6C3
000004A1
FFFFFDF4
00000F6F
00000781
FFFFF3A0
0000117D
FFFFF4B6
00000347
FFFFF78E
FFFFECC8
FFFFF7E5
FFFFF60D
FFFFEE2A
FFFFFA43
FFFFFBBE
FFFFFA59
FFFFF711
00000373
FFFFF9E6
FFFFF08F
0000013B
FFFFFF5C
FFFFF9B8
FFFFF6CB
00000ACE
000000C5
00000BE4
FFFFF522
FFFFF9FA
000006EF
FFFFFF21
000009C3
FFFFFC39
FFFFFC1B
FFFFEAB9
FFFFFE39
000005D3
FFFFEE7E
FFFFF361
00000103
FFFFF09E
00000DB7
FFFFFE64
FFFFF51A
00000A0E
000007C9
FFFFF416
FFFFF99B
00000D05
FFFFF4C9
FFFFFBF5
00000BFF
00000298
000002CD
FFFFFFCC
FFFFFACA
0000030D
FFFFF27D
000001E5
000005BC
0000069D
FFFFEE41
00000934
FFFFFA2A
FFFFFF34
00000601
FFFFF5D7
FFFFEB79
FFFFFF95
00000B8C
FFFFF4ED
00000419
0000132B
000014DF
00000C8D
000002A5
00000360
000004FC
00001227
0000012E
0000069C
000001E0
FFFFF704
0000034B
00000B8E
00001213
0000121B
FFFFFB74
FFFFFF9C
FFFFF33D
00000723
00000C0C
FFFFFA24
FFFFED06
FFFFEF37
FFFFF080
00000ABE
00000151
FFFFF650
0000022A
00000AC3
000012C2
FFFFF5D0
00000E13
FFFFF9A3
FFFFFA9E
00000DFD
00001125
FFFFF439
00000972
0000086A
000014B2
0000024A
FFFFFA02
0000009F
FFFFFE87
00001682
00000EDD
00001479
00000E8F
FFFFFB94
00000234
0000119F
FFFFFDEB
000009E6
0000015E
FFFFFA44
00001360
00000296
FFFFFFF2
FFFFFFBF
000004CE
FFFFF2CA
00001107
0000007B
000004BB
FFFFFB01
00000C33
00000151
FFFFF671
FFFFFE79
00000B5B
FFFFF6AA
00000841
FFFFFDAB
0000107F
000000AF
FFFFEF72
00000486
FFFFF883
000011D1
FFFFF532
00000CFF
000009D4
FFFFF7E5
00000D90
000003F5
FFFFEDA0
FFFFFA72
FFFFF2E3
00000F7A
000009EE
FFFFF325
FFFFF4BA
FFFFFCFF
FFFFF1CC
000004F5
FFFFF979
FFFFEF76
FFFFF400
FFFFFB6C
FFFFEFF1
FFFFE4AF
FFFFEF82
000004E2
00000453
000000C3
FFFFF3A3
FFFFFC51
FFFFFC05
FFFFF44D
FFFFEA34
FFFFFC47
FFFFF3F5
FFFFF8B8
000001E0
0000006B
FFFFEA75
FFFFFC6C
FFFFEA87
00000DD0
FFFFFB7B
FFFFFAF0
FFFFFA64
00000972
00000CAE
00000FBD
00000395
00000470
00001101
FFFFEFF1
FFFFF477
000008F2
FFFFE9FA
00000B73
FFFFF79B
00001927
00000362
FFFFF8AD
00000FDB
0000200F
FFFFFCF9
00000A5B
00000913
00000656
FFFFF96D
FFFFF90C
FFFFFCB4
FFFFFEE8
FFFFFBDB
00000399
FFFFF637
FFFFECC3
00000918
00000139
000005FC
FFFFF552
FFFFF329
FFFFFFF1
0000067C
FFFFEF04
00000F7F
FFFFF2CF
000003C9
FFFFF26B
FFFFEF74
FFFFFF28
FFFFF4DC
FFFFEFBF
FFFFEE13
00000EB8
FFFFE9E2
00000A32
0000058B
000009EB
FFFFF1FE
00000AC4
FFFFE60E
00000F60
000011B2
FFFFFE2A
000001BB
FFFFF820
FFFFF614
FFFFF322
0000009D
FFFFF1D1
00000094
FFFFF8CF
00000699
FFFFFA1E
0000003F
FFFFF6B5
00000BE0
00000F80
00000D0A
000006E0
FFFFF823
00000699
000001D6
000000EE
FFFFFFCE
FFFFE550
FFFFE144
FFFFF673
FFFFF071
0000094D
FFFFFD9A
0000164F
FFFFF631
FFFFFFCB
0000022B
000000C6
FFFFE8C4
0000142B
FFFFF479
FFFFEB05
FFFFF10B
000000D9
FFFFEC24
FFFFF4B6
FFFFFF3C
FFFFF74E
FFFFF494
FFFFF6B5
00000A95
000005F4
000002B1
00000A97
00000354
FFFFF0E0
00000F4D
FFFFFCA3
FFFFFF61
FFFFEDB1
FFFFFBAE
0000026A
00000BAD
FFFFFF75
00000739
FFFFF9DD
00000073
0000158D
FFFFE9B0
00001940
00000242
0000028B
00000919
000019CC
FFFFEB40
0000036D
000007B8
FFFFF97C
FFFFF70B
FFFFF8B7
00000C45
FFFFF49B
FFFFEA41
FFFFF120
FFFFFAC7
FFFFFA7F
FFFFFC5A
000002A2
FFFFEDE9
000008EE
000006EF
FFFFF72B
00000FE8
0000039E
00000830
FFFFF3EC
FFFFFF9C
000005F4
00000933
00000A13
FFFFEECB
000007B9
FFFFFD22
FFFFF288
FFFFF9FF
FFFFFE21
00000560
FFFFF5FA
FFFFE876
FFFFF6E7
0000059D
000008E9
FFFFEFE4
FFFFEB23
000002A5
0000049D
FFFFFCE1
FFFFF542
FFFFFBFA
FFFFF792
0000077F
000001BD
0000080B
FFFFE8F3
FFFFF80C
00000A68
FFFFFF8C
FFFFEC5A
00000057
FFFFFBFC
FFFFF7FC
FFFFFBC9
FFFFFF33
FFFFFC0D
00000D57
FFFFF6A8
000002E1
FFFFEDA8
FFFFFF0B
FFFFFB2B
00000A78
00000F6B
FFFFEBD2
FFFFFEE0
FFFFF590
00000888
000017B0
000006B4
FFFFF4BC
00000D01
00000B02
000007DA
FFFFFCB8
00000288
00000768
00000187
FFFFF6B1
FFFFF28D
00000990
FFFFF426
00000C47
FFFFF5A0
FFFFFC81
00000444
FFFFFE6A
FFFFF3B1
0000085A
00000C60
FFFFF5FA
FFFFFCE3
FFFFF243
FFFFEF66
FFFFF017
00000902
FFFFFBF1
FFFFFD24
000000DD
FFFFFFE8
00001756
FFFFF549
000005BF
FFFFFC01
00000406
FFFFF838
FFFFF0A4
FFFFF274
FFFFFADA
000009DD
FFFFFE7E
FFFFF3D8
00000A95
00000D11
000008BE
FFFFFF24
00000423
FFFFEE31
FFFFF49D
FFFFFD54
FFFFE6ED
FFFFF52A
FFFFF020
FFFFFDED
FFFFFA75
00000A8E
FFFFFDAD
00001271
00000041
FFFFF852
FFFFF811
FFFFF8A1
0000170A
00000DDC
000007A1
00000FEF
FFFFF223
FFFFF7E1
FFFFEC91
FFFFF714
00000894
000012FC
FFFFF8D7
FFFFFCAD
0000079B
FFFFFFE7
00000A3B
FFFFF1EC
00000027
FFFFF254
000002BB
FFFFFA0F
FFFFFD7A
00000804
00000724
00000A38
FFFFFC40
0000078F
00000369
000001F0
000007A5
00000E9C
00000484
FFFFF5C1
00000D02
FFFFFB3A
FFFFEFEF
000007F1
0000033E
FFFFFA60
FFFFF2FF
00000A17
FFFFF22E
00000904
FFFFEC88
FFFFE584
FFFFF784
FFFFF29A
000002D4
FFFFF63A
00000A22
0000050C
FFFFFE46
FFFFFC4E
00000F9D
FFFFF1C2
FFFFF747
FFFFFBFB
FFFFF9EE
00000AB9
FFFFF278
FFFFF608
FFFFFBD5
FFFFEF71
00000C3C
FFFFF24F
FFFFE902
FFFFF7CA
FFFFE8A9
FFFFF775
FFFFF01B
000002CD
FFFFEDDB
FFFFFCF0
FFFFF8E1
FFFFFBC4
00000610
00000C2B
FFFFFB3B
00000CCF
FFFFF9D3
FFFFFC85
FFFFFA6D
00000BD4
0000075A
FFFFEAFD
FFFFF8A2
FFFFFDFB
FFFFF8CC
FFFFFD8D
00000BF6
00000517
00000DD5
00001A38
00000A59
00000880
000010EF
FFFFFF2C
00000BE3
000017C1
000006B0
00000D0E
FFFFF779
FFFFF3CD
00000B7F
FFFFE540
FFFFFCA7
FFFFF266
00000288
FFFFF6C1
00000C9F
FFFFEEE4
FFFFFFDE
FFFFF993
FFFFFBCC
00000063
0000005B
00000ECD
FFFFFBB2
FFFFFFE9
FFFFEA7F
FFFFF5AE
00000024
00000270
FFFFEE69
FFFFF8DA
FFFFFC94
000004CE
FFFFEB24
FFFFFBB8
00001093
0000146A
00000376
FFFFF5AE
000009F3
00000E27
000003C8
0000018F
FFFFF4D8
FFFFF4DA
FFFFEDCF
FFFFF1C5
FFFFF70F
FFFFF498
FFFFFEB2
00000696
000004BC
FFFFFC54
00000CF8
FFFFFAD3
00000B45
FFFFFA00
00000A1E
0000130B
000005DB
00000E09
00000993
FFFFF929
00001010
00000F4D
000006D5
FFFFF8F6
0000057E
000006F2
FFFFF4E3
FFFFF7FA
FFFFFC1C
FFFFFD7B
FFFFFC71
FFFFFAF8
FFFFF873
000005B1
00000CD9
00000F97
00000232
FFFFFB86
00000639
FFFFFFC0
00001763
00000906
00001358
0000003E
FFFFFCFD
000014E6
FFFFFA54
00000B73
00000FC9
FFFFFB21
0000101E
0000050F
FFFFFED9
FFFFFBC0
FFFFF6C2
00000845
00000C87
000008FA
000017B3
00000E69
FFFFFA5D
0000063C
000003EB
00000518
FFFFF0D7
000005E5
FFFFFD1A
FFFFF84A
FFFFFCAF
000003FF
FFFFFB39
00000AFA
000005CC
000011FE
000008B4
00000A6A
00000634
00000A2F
00000247
FFFFF94F
000000E9
FFFFEF79
FFFFFC28
0000058A
FFFFED4B
00000684
FFFFF970
FFFFF1C6
FFFFFF39
FFFFEB6E
FFFFE5A2
FFFFF882
000002FD
000001E1
FFFFF9EE
0000093E
00000321
FFFFFE81
FFFFF0F7
00000BC0
00000F7B
FFFFFDA9
00000116
FFFFF80F
00000C77
FFFFF396
FFFFFF97
00000A89
FFFFF8FB
FFFFFF7D
FFFFFB19
00000A58
FFFFF2E7
FFFFFA3D
FFFFEF20
FFFFFCAF
FFFFFCA7
00000D7C
00000C83
FFFFF4FF
FFFFFEFE
00000171
00000A28
FFFFF0A1
000005A5
00000BC7
00000700
00000EA5
00001229
FFFFF9A6
00000F87
FFFFF688
00001C61
00000464
00001800
FFFFF50B
000008AF
FFFFFA69
FFFFF619
FFFFFDA5
00000719
00000268
FFFFFA83
FFFFF2B2
000003BA
000009AE
FFFFFE97
FFFFEB46
FFFFFA62
FFFFFCED
00000155
FFFFFF89
FFFFE79D
FFFFE7C8
00000350
FFFFE82D
00000093
FFFFFA86
00000B6B
FFFFF855
00000463
00000810
FFFFFDC1
FFFFF3C4
0000021A
00000611
FFFFF77E
FFFFF6E0
00000372
00000B24
FFFFFD5F
0000022F
FFFFF719
FFFFFEB7
FFFFE479
FFFFF0D5
FFFFFF24
FFFFE978
FFFFEC7C
FFFFE64D
000006B2
FFFFEE30
000012FD
FFFFF614
0000068C
000009F6
FFFFFC53
00000B24
000011CA
FFFFED86
00000757
FFFFF2A7
FFFFFD90
FFFFF2EE
00000B88
00001A2A
0000152D
0000096B
FFFFFEB0
000014EF
000010ED
0000048D
00001ADC
00000BF1
00001062
0000067D
00000F59
FFFFEC49
FFFFFD4D
00000738
00000836
00000E88
0000009D
000000F9
0000103E
FFFFF2F0
00000FBF
00000800
FFFFFA57
000006F0
FFFFF37C
FFFFFDFD
000019F8
FFFFFFC3
0000103F
FFFFFAF3
00000361
000011C6
FFFFFFBF
00000D72
FFFFFB7B
000003AC
FFFFFB5C
FFFFFADC
00000DE2
00000B9E
00000F96
00000366
0000104A
FFFFF9C7
00000EAB
0000014D
FFFFFF5E
FFFFE608
FFFFE8BF
FFFFFC27
000001E4
00000914
00000862
000001CE
FFFFFBC1
FFFFEB6B
0000027C
FFFFF13C
FFFFE51D
FFFFFF6B
FFFFFE00
000002CB
FFFFF936
FFFFFB9B
FFFFF06F
00000A3D
FFFFF2DC
FFFFFDBD
00000863
0000057A
FFFFFB73
0000023C
FFFFECBD
00000232
FFFFF1BC
FFFFF7E7
FFFFF819
FFFFF0CA
00000C28
FFFFF9C1
00001C37
00000A0C
000009DD
FFFFF77F
000003B8
FFFFFD0C
FFFFF54B
000009A0
000009C9
FFFFF8CD
FFFFF7C3
FFFFFE23
00000959
FFFFFC80
FFFFF760
FFFFF078
0000102D
FFFFFDE8
0000011C
FFFFFD66
FFFFFC82
000001BB
00001489
000013CD
00000730
FFFFFF67
000004C6
FFFFF141
00001089
00000D22
00000381
00000504
FFFFF206
FFFFFFF3
FFFFFB6B
00000620
FFFFEE1B
FFFFF583
FFFFF940
00000608
0000052A
0000035B
FFFFF315
FFFFFCF1
0000049D
FFFFFC52
FFFFF162
000004D9
000008E7
0000011E
00000566
FFFFECE5
FFFFF186
FFFFF5CE
FFFFF647
FFFFF84F
00000DBE
FFFFFF74
FFFFF0BE
FFFFFECC
00000471
000004C6
FFFFF676
FFFFF129
FFFFF5E3
00000651
FFFFF9F3
FFFFFC08
FFFFFB8F
00000458
00000CEA
FFFFF62B
FFFFF928
000000D0
FFFFF181
FFFFEBE8
FFFFF72A
FFFFF4D4
FFFFEC47
FFFFE980
FFFFF6E0
00000A9F
00000A7C
00000F5E
FFFFEE50
FFFFF767
FFFFF331
00000B43
00000619
000012D4
FFFFF591
FFFFFA73
00000031
00000935
FFFFF0B8
FFFFF24F
00000578
FFFFFFD7
FFFFF694
000002A3
000009A0
0000065B
FFFFFD2C
000006AC
00000E05
000003F0
00000F93
FFFFFB8C
FFFFF546
FFFFF3DF
FFFFFC9D
FFFFFFC3
00000905
00000A5D
FFFFF401
FFFFF080
00000C57
00000AE2
FFFFF262
00000649
00000407
00000D24
00000C36
00000BDD
0000061E
0000036E
0000072A
00000387
00000A85
FFFFF7FA
000009B7
FFFFF9F9
FFFFE9CE
FFFFF41F
00000397
FFFFFF76
00000DE9
00001074
FFFFF302
FFFFF209
FFFFEEA6
FFFFFB36
FFFFF70D
FFFFF925
FFFFF656
FFFFF38D
FFFFFFAE
FFFFF7DD
00000699
0000099A
FFFFF55B
FFFFFF20
FFFFFD5B
0000106B
000015F2
FFFFFB6B
FFFFE9C0
FFFFFD9E
00000172
FFFFF3A7
00000212
FFFFFCA3
FFFFF38E
00000456
00000553
FFFFEF7E
0000064B
FFFFFDF6
00000C9E
FFFFF6F7
00000B7E
00000938
00001166
00000E77
FFFFE6C5
FFFFF014
0000014C
000003A4
00000457
FFFFF225
FFFFEC4C
FFFFEC4E
FFFFF4D5
00000186
00000657
000000BF
000004C6
FFFFF9E8
FFFFEF2D
FFFFF9B5
FFFFF98A
00000B88
FFFFF051
00000716
0000042D
00000A03
0000004D
FFFFFCEA
FFFFF541
FFFFF6F7
00000466
00000437
FFFFF246
00001092
00000389
FFFFF5E4
0000096E
FFFFFAA6
0000071A
0000008F
00001528
00000699
00001A52
00001364
00000091
FFFFFB11
FFFFF8C6
000007DF
000006F3
FFFFF95C
FFFFF153
FFFFFD63
000009B3
00000CA6
000000C2
00000E48
00000F08
000001C3
FFFFFB0F
FFFFEC97
FFFFE91E
FFFFFBDC
FFFFF41E
0000054D
FFFFFCF2
00000063
FFFFFE5B
00000D25
FFFFFC41
00000D33
FFFFF3F1
FFFFF846
000002DA
FFFFFAB0
FFFFF7DE
FFFFF8E8
FFFFF3F4
00000EB8
000009B1
FFFFFBBF
00000D4D
000017B8
FFFFEF9B
FFFFF2D5
000004DB
0000055E
FFFFF8EA
00000B17
FFFFFDA7
FFFFED22
00000796
FFFFFAE1
FFFFFEA1
FFFFFCF2
000001F1
FFFFFFD7
FFFFF3B7
FFFFF38E
FFFFEA75
FFFFF389
00000350
00000FF8
000001F3
FFFFFF13
FFFFF756
000007E6
000002CD
FFFFEB5F
FFFFEE47
FFFFFD06
0000042A
FFFFF57A
FFFFF3B7
FFFFFBEA
000002B5
FFFFF9E7
FFFFF95A
0000063B
FFFFF5C5
00000065
FFFFF3D3
FFFFF43D
00000600
0000026C
FFFFF95D
FFFFF488
FFFFFE8A
00000486
FFFFFE54
0000037B
FFFFEFE2
FFFFF7B2
00000512
FFFFFB15
FFFFEDF0
FFFFEF5C
FFFFFF70
FFFFF06D
FFFFFD67
00000F38
FFFFFCCD
00000458
FFFFFDD2
FFFFFC04
000001D3
0000005C
00000088
000000C3
FFFFF095
000000A7
FFFFF3FD
0000082E
FFFFFD4E
FFFFFC4E
FFFFF302
FFFFF12B
FFFFFA5A
00000BF3
0000054A
00001198
FFFFFD20
FFFFF538
000001EE
00000401
00000BEE
00000B8D
00000282
000009BB
00000480
FFFFF2A5
FFFFFCA4
FFFFFF05
000005FC
0000000E
0000016E
000001D7
FFFFF6A9
00000378
00000477
00000601
00000AB2
000007E8
0000040C
FFFFFCF1
FFFFF598
FFFFFC92
FFFFF438
00000AE7
0000081A
000001FE
FFFFFBB9
00000A6E
FFFFF0D8
00000BD5
FFFFF802
FFFFF8A9
000002B6
00000063
00000145
FFFFF999
000011F8
FFFFFE67
00000275
FFFFFA17
FFFFF8E6
FFFFFEF1
FFFFF5FC
FFFFFA5E
FFFFFBEF
00000300
FFFFF290
FFFFFC88
000001EE
FFFFF36B
000008A3
000007F6
00000295
FFFFFDDB
FFFFF7E0
00000168
FFFFF711
000006A6
FFFFF155
FFFFFBB9
00000543
00000E03
FFFFF803
FFFFFC9B
00000687
00000142
000008FD
FFFFF89D
00000514
000001DA
000009FB
000006A7
FFFFFFD5
0000039B
FFFFF802
00000053
FFFFF1AD
00000C77
00000BE7
00000FA1
00000C15
0000095B
FFFFFF32
FFFFFA90
FFFFF16D
0000044E
FFFFFB0F
0000072F
00000654
FFFFFE0C
FFFFFE37
00000136
000000DD
FFFFFAD3
000009C7
FFFFEE3E
FFFFF2F4
FFFFF852
FFFFFC57
00000A60
000006F0
FFFFF5A4
0000093A
FFFFFC03
000000DB
FFFFFE3C
FFFFFA55
00000373
FFFFF796
FFFFF45D
000000EB
00000DBE
FFFFF8B3
00000278
00000075
FFFFFF85
FFFFFE49
FFFFFA24
000008C1
00000CAC
00001390
0000005B
000004BD
00000032
00000043
FFFFFBF6
000006D4
FFFFFBF5
00000C98
00000F26
FFFFF482
000005DA
000007F5
000007CE
000007D2
0000041B
00000838
FFFFFDF3
FFFFF441
00000495
FFFFFC5A
FFFFF8FD
000006C5
000002E8
FFFFF671
FFFFFF8D
0000099A
FFFFF5AE
FFFFF8CF
FFFFF7F0
00000300
FFFFFC14
FFFFF93F
FFFFFB0C
0000079F
FFFFF68A
00000442
00000381
FFFFF704
FFFFF6B1
FFFFF050
00000086
0000055D
FFFFFAB5
FFFFF782
00000A6A
FFFFFEC4
00001131
000004D7
00000893
00000B45
FFFFFCF3
FFFFFA81
00000804
00000B98
FFFFF936
FFFFF9BF
000002D2
000002C1
0000031C
0000022A
00000863
FFFFFC0D
FFFFFDF0
0000016E
00000148
FFFFFCE9
00000C0F
FFFFFDCB
FFFFFF4D
00000529
FFFFF84F
000005BA
FFFFF986
000008F8
FFFFFCF8
00000662
000006A1
00000983
FFFFF5DD
FFFFF5AF
000006A8
FFFFFB15
FFFFFF60
00000513
0000025C
FFFFFF7C
00000712
FFFFFC0A
FFFFFA62
FFFFFC44
FFFFFE10
FFFFFAD4
00000A08
00000C8F
FFFFFDF6
FFFFF66A
FFFFFAA5
FFFFF196
FFFFFBBE
00000260
000001E5
00000670
0000110F
000000F1
0000001D
FFFFFF38
FFFFEF6C
FFFFF5DC
00000425
FFFFFBD5
FFFFFEB9
00000767
FFFFEEFF
0000014D
FFFFF42B
000004CA
00000F42
00000D2B
FFFFFCB3
FFFFF770
000001F6
0000066A
000004A1
00000C8D
00000767
FFFFF1D1
FFFFF861
FFFFF8E4
FFFFF4E2
000003E5
00000633
FFFFFC4E
000006F3
FFFFF1B9
000000DA
FFFFFB71
000001D8
FFFFFE95
FFFFFDCF
FFFFEE91
FFFFFC0C
0000010E
000008B8
00000295
FFFFFFA2
00000382
FFFFFC43
FFFFFE7C
FFFFFF9B
FFFFFABB
FFFFF76D
FFFFF8D4
00000135
FFFFFE61
FFFFFE8A
0000090A
FFFFF8B4
0000071D
00000213
FFFFF612
000001B6
FFFFFF0F
FFFFFEBC
FFFFFD19
FFFFFEB6
FFFFF1B2
FFFFF9C5
FFFFF4AE
00000A0F
000001C1
00000D37
00000788
000003A1
FFFFF696
FFFFFC2D
000008C8
000003D1
0000131B
00000A12
000009F4
00000899
0000014E
FFFFF6B1
000007F0
00000B72
00000B27
FFFFF989
FFFFF531
FFFFF742
000004B2
00000617
00000189
FFFFFF3F
FFFFF86E
FFFFFA5D
FFFFF86F
FFFFF3B3
FFFFF5D0
00000577
FFFFFCD2
FFFFEB78
FFFFF5A4
000001A3
0000009F
000000E4
FFFFF9AB
000001E6
0000098A
000009FE
0000181B
00000047
00000CBA
00000B04
00000630
000005B8
FFFFF5A9
FFFFF9D0
00000664
FFFFFA22
FFFFFC5F
00000101
FFFFFEDF
FFFFFC57
FFFFF926
00000928
FFFFF9BC
FFFFFF95
000002AA
FFFFF2DA
FFFFF714
FFFFF7ED
FFFFFDBA
FFFFF397
FFFFFFF7
FFFFF653
00000282
FFFFFE73
FFFFF66E
FFFFF210
FFFFF61A
FFFFFC9E
0000013E
000006F0
00000703
000000F1
FFFFFF84
000005DE
FFFFFD67
0000096C
FFFFF9B0
00000397
00000505
FFFFF7BC
FFFFF8B1
0000011C
0000087A
FFFFF0A5
000003F1
FFFFF879
00000218
0000068D
FFFFFBB9
00000684
00000496
00000380
000000B5
FFFFF975
FFFFF88F
FFFFF693
FFFFF4CC
FFFFEFAA
FFFFFE47
FFFFF60A
0000025B
FFFFEE2E
FFFFF5D8
FFFFF562
00000A33
FFFFF56A
00000CF6
FFFFFA79
FFFFFD11
FFFFFD02
FFFFFAEF
0000005A
00000440
00000A49
00000842
000003C9
00000A4C
000005DB
FFFFFC8A
FFFFFA5C
00000C22
FFFFFD7F
FFFFFCB3
000002E3
0000043C
FFFFFC30
FFFFF4C1
FFFFEFEA
FFFFF72F
0000030B
0000001E
FFFFFEAB
0000038A
FFFFF6E5
000003E9
0000017F
FFFFF7B6
FFFFF49F
FFFFF138
000006BA
FFFFF180
FFFFF32E
FFFFFB6C
000002EB
00000159
00000C83
0000023A
000001B4
FFFFEF55
FFFFFA1C
FFFFF946
FFFFF598
00000401
0000065B
FFFFF993
00000675
000004C2
00000752
000001A5
0000007C
00000061
FFFFFE65
FFFFFE3F
000004CF
000006F4
FFFFF518
FFFFF4DF
FFFFF7A2
FFFFF7C5
0000014D
00000573
FFFFFCAC
FFFFF32A
000006F4
00000411
FFFFF5F6
FFFFF570
00000899
000008E9
FFFFFE16
FFFFFBAE
FFFFED89
0000045E
000013D8
FFFFFA46
000005A1
FFFFFDB8
FFFFFB43
0000047B
FFFFF68C
00000030
FFFFF5CC
00000292
000003D2
FFFFFF59
FFFFF031
FFFFFA47
FFFFFEFB
00000774
00000685
FFFFFE33
FFFFFE6E
FFFFFCEB
00000167
FFFFF815
00000838
FFFFF496
00000944
0000054D
00000895
FFFFF753
FFFFFBC0
00000EFB
000001BF
FFFFF5E7
00000C5E
00000007
00000B75
FFFFF7DE
FFFFF843
000012DF
0000009A
FFFFFB84
000002DC
FFFFF2D3
00000844
00000A85
FFFFFF02
FFFFFF20
00000618
FFFFFC5F
000005A7
FFFFF631
FFFFFC1E
0000090C
000007F1
000008A8
00000F57
00000D11
00000516
FFFFF7A8
00000DF9
000006B5
FFFFF5F0
000009D2
000013C5
FFFFFC3F
00000343
000000AF
FFFFF5A5
0000002D
00000077
0000082B
FFFFEFDE
000003E4
00000B9C
FFFFEECF
FFFFF79A
FFFFF2F9
FFFFFFB6
FFFFE601
00000BFB
00000936
FFFFF988
FFFFF7C0
000006C5
00000525
00000EE8
FFFFF2CB
FFFFF638
0000033C
00000D12
FFFFF05F
FFFFFFAE
0000006F
0000028D
0000044C
FFFFF6AD
000008B4
00000E0D
00001493
FFFFFFDB
00000E8B
00000388
FFFFF333
00000EAF
00000BA3
FFFFFFAE
000000A5
00000AD1
000004DB
FFFFF5C0
00000935
FFFFF964
FFFFF43F
00001273
00000F71
FFFFF675
00001375
FFFFF78C
FFFFFB92
000009C9
FFFFFDCF
0000000F
000001B3
FFFFFC8F
FFFFF7D2
FFFFFB51
00000B13
00000D5F
FFFFFDCF
FFFFF207
FFFFF6B7
00000094
0000084E
FFFFEDB3
0000095B
FFFFF89C
FFFFF9E8
000003FF
000004F6
000008D2
FFFFFA61
000008EC
FFFFF62E
0000011C
FFFFFC52
000010F1
00000263
00000BE5
FFFFF041
000014A1
000001B5
00000058
000008D1
00000C31
FFFFFFD5
FFFFF88A
FFFFECB1
FFFFFC71
0000022E
000005B9
FFFFF8E8
00000B20
FFFFFFAF
FFFFFE7B
000006AC
FFFFEEC6
FFFFF67E
FFFFF4B8
FFFFEEDF
000003C8
000009AE
FFFFEF37
000015DF
FFFFFF71
000002DB
FFFFF906
FFFFFB00
000002BB
00001087
000008BA
00000DFC
FFFFF46B
00000391
FFFFF01E
FFFFFDF7
FFFFFA4C
00000894
0000011E
00000BD1
00000A2A
000005F0
00001218
FFFFFF2A
00000D3D
0000023B
00000CF9
0000002C
0000052C
000008A8
00000A38
0000037A
FFFFFB54
0000079F
FFFFE780
FFFFF7D3
FFFFFE93
000008C8
FFFFF472
00001149
FFFFFA65
0000060E
FFFFE7EB
000001A4
0000014D
FFFFE4DF
00000D4F
FFFFFA23
FFFFF23A
000015FB
FFFFFD28
000008AE
FFFFFCE0
000009F7
FFFFFBAB
000008A7
FFFFF922
00000DE3
000007BF
00000457
00000C10
00000347
FFFFF8F5
FFFFFD03
0000085F
FFFFF116
FFFFFC55
FFFFF582
FFFFEEE1
FFFFFA8D
000008A9
00000978
0000045D
000011DB
00000373
FFFFFA82
00000B5B
000008D8
FFFFF4AA
00000E85
000009E6
FFFFF9AF
FFFFF5EE
FFFFFF85
0000020C
FFFFFD32
FFFFFEE5
FFFFFFA5
FFFFF8E5
FFFFFA20
0000021A
0000009A
0000156E
FFFFFDA2
00000632
FFFFED88
00000E29
FFFFFEF4
FFFFFD87
00000268
FFFFFA0B
FFFFF9CC
000008EC
FFFFFF88
FFFFFB69
FFFFF5C3
00000822
FFFFFF82
FFFFF5EF
FFFFF1B0
0000085A
0000063E
FFFFF203
FFFFF9AC
00000AD1
0000104A
0000068F
FFFFF606
FFFFF8B8
00000281
000008B9
FFFFFF50
FFFFF62A
FFFFF47F
FFFFEE8C
0000094A
FFFFFA5D
FFFFE845
FFFFFA75
000004BA
000002C4
0000059D
000003CA
FFFFFEB4
FFFFFC25
FFFFFD2A
FFFFEADA
00000666
FFFFE31A
00001524
FFFFEF20
FFFFFEEF
FFFFFACE
FFFFF602
FFFFF298
FFFFEF9F
FFFFF9C7
00000884
FFFFEDDB
0000158D
000002FF
FFFFF5A4
000013BD
000003EB
00000DB5
FFFFF7CC
00000A58
FFFFF5F5
FFFFFF81
00000F7F
FFFFFD6F
FFFFFC73
00000590
0000016C
FFFFECB0
00002079
FFFFFDBA
00000476
FFFFF98F
00000EC7
FFFFF014
00000A1A
FFFFFA3D
FFFFF3CD
FFFFFF9E
FFFFF183
FFFFF7F3
00000CF7
FFFFFCFF
FFFFEF91
FFFFF9E6
00000CBF
00000094
00000F3B
00000635
FFFFF41F
00000002
FFFFF1D6
FFFFF5AD
00000522
0000001E
000004AC
FFFFFABA
000008E5
FFFFF6D0
000002A3
0000029B
0000001F
0000182B
FFFFF116
FFFFE802
FFFFFC83
FFFFFC7E
FFFFFF7E
00000163
00001330
00000DC4
000009B3
FFFFEEDE
FFFFF3B8
FFFFFE74
00000998
FFFFFC3F
000011F8
00000BCE
0000098F
000003C9
00001007
00000C3E
000013CD
000000D8
0000073C
FFFFF6EC
00000E32
00000D6B
FFFFF735
FFFFF2F8
FFFFF357
FFFFE9C6
FFFFFDBA
00000912
FFFFFD1B
00000BBE
FFFFF677
0000065D
000012F0
FFFFF9B0
00000E27
00000AF4
000002E9
00000672
FFFFF5BD
FFFFF894
FFFFF0F2
FFFFF9EB
FFFFF775
FFFFF760
00000211
00000501
FFFFED13
00001282
FFFFF288
FFFFF872
00000459
FFFFFCBA
0000010F
0000043A
000006D6
FFFFFE89
000001DC
00001205
FFFFF334
FFFFF928
0000076B
FFFFFEFF
000008CE
FFFFFF64
000006F4
FFFFF6BF
00000A05
FFFFF9D3
FFFFFFDC
FFFFFD1F
00000BE0
000004AF
FFFFF211
000002FD
FFFFFD5A
FFFFECC3
000001F8
FFFFFF4B
000001EE
00000D8A
0000005E
FFFFF86A
FFFFFF5A
FFFFFC78
FFFFFBF6
00000DB7
000001F5
FFFFFD0A
FFFFFFC1
00000293
00000A1C
FFFFFAD7
00000BB9
FFFFF852
000002C3
FFFFF5C1
FFFFF70F
FFFFF715
00000C86
FFFFF749
0000104C
0000108A
000005D9
0000054B
FFFFFB04
FFFFF9FE
FFFFFEE0
FFFFF7CA
FFFFF881
FFFFFE7F
FFFFF0F9
000003C4
FFFFF98E
FFFFF42F
FFFFF0FD
FFFFF8A1
FFFFEC4D
FFFFEEA3
FFFFE9DD
FFFFFC35
FFFFE122
FFFFF393
FFFFF869
FFFFF4D3
FFFFF2F7
FFFFDC3C
FFFFF66A
000006BD
FFFFFDE4
FFFFF48F
FFFFF4AA
000006C5
00001384
000001B5
00000310
FFFFFEF2
FFFFF223
000008DD
000005A1
000006E0
FFFFF8E2
00000998
00000355
FFFFF992
00000A81
FFFFF45C
0000102A
00000C1F
FFFFFCD4
00000463
00000950
0000032B
FFFFF942
FFFFED3E
000006D5
00000AC0
000000B0
00000201
000011D8
FFFFFC2A
000007A4
FFFFFD75
FFFFFC8A
000006B4
000001C7
000003A1
FFFFF9BE
FFFFFE22
000000B9
000004D0
FFFFFCE5
00000D9C
000013A3
000008C1
00000BBD
00000EAA
00000070
000013A8
000000DE
00001591
FFFFFEA6
00000838
FFFFF7D3
000013D1
000011E3
00001202
FFFFFABC
00000DEF
00000EC6
FFFFFAE4
FFFFEED5
00000C52
FFFFF26C
FFFFF227
FFFFF0ED
FFFFFEC2
FFFFF6E8
00000E2A
0000005C
000008FA
000017B7
00000DAC
00000C65
0000050F
00001177
00000A2C
000011D1
000003D8
00000797
00000AE4
00000E52
FFFFFF2C
00001269
0000162E
0000033B
000004DA
000000EA
00000242
FFFFF99E
000008F1
FFFFFC39
00000A1D
FFFFFEF2
00000F13
FFFFF78C
0000056E
000008CE
000011A2
FFFFF7C3
00001198
FFFFF867
000013AA
FFFFF31E
000000CA
FFFFFC28
00000603
0000062B
000002CD
0000043D
00000AD0
FFFFF1D4
FFFFFF2B
000006D9
000003BF
FFFFFF21
00000523
FFFFFE77
FFFFF6BC
FFFFF6EE
FFFFFA7B
FFFFF562
000002C7
FFFFFC65
0000014C
00000671
00000730
FFFFF18C
000006B8
0000057E
FFFFED32
FFFFF98F
FFFFF5D4
FFFFF643
00000611
00000B8F
FFFFF706
FFFFFC6C
00000075
000005B5
FFFFF526
FFFFF621
00000BF6
FFFFF383
FFFFFEC1
FFFFFC89
00000861
FFFFFD11
FFFFFFE2
FFFFF0FE
00000B69
FFFFE9F0
FFFFF6D4
00000D95
FFFFF815
FFFFFD6B
000000B1
FFFFF4A1
000001C7
FFFFFB03
00000311
FFFFFBEB
FFFFFF46
FFFFFA91
FFFFF684
FFFFF1A5
000001AD
FFFFF939
00001260
FFFFF88A
FFFFFF63
00000664
00000896
FFFFFED2
0000037E
FFFFF9B8
00000918
FFFFFB97
00000727
000008AF
FFFFF8FE
FFFFF7E1
FFFFF215
FFFFF0D8
FFFFF36E
FFFFF4CF
0000014D
00000A15
000000D7
00001300
FFFFFB04
000011AB
FFFFF30D
0000077F
FFFFF67E
00000C65
000011D1
FFFFF82E
FFFFECBF
00000598
FFFFEFE7
FFFFF652
00000B11
FFFFF69C
FFFFF953
FFFFF974
0000041E
FFFFFF43
FFFFFB67
0000043A
FFFFF3B8
FFFFFD18
FFFFED76
FFFFEF3C
0000053F
FFFFFF69
00000DC6
0000070C
00000BC1
FFFFF8CA
FFFFF230
FFFFFF5B
00000EDD
FFFFFCCD
000001B3
FFFFF720
FFFFFDD1
FFFFFA4B
FFFFFCFD
FFFFF932
0000071E
FFFFFDBF
00000A04
FFFFF094
FFFFFCB6
000008A8
0000059A
FFFFF30F
00000F58
FFFFF780
FFFFEF32
00001523
FFFFF3FA
00001567
FFFFECBA
00000D4E
FFFFFE85
00001C9E
FFFFFE74
000007B2
00000A2A
00000D93
00001454
FFFFFF06
0000016F
FFFFFA58
FFFFF505
00000B7C
00000AC2
FFFFEB7F
000003DF
FFFFEED4
FFFFFB12
00000F9F
00000D29
FFFFFF24
FFFFFCF8
FFFFF9B7
FFFFFC86
0000071E
00000957
FFFFFB50
00000C7A
FFFFF441
FFFFFF2F
00000D86
FFFFFCE7
00001323
FFFFEFA3
FFFFFA4D
FFFFEB32
0000098A
FFFFF158
00000B5A
0000014A
FFFFFE9E
0000024D
00000C17
FFFFF7E9
00000E55
FFFFFB30
00000B69
FFFFF8F1
00000476
00000985
00000B9A
FFFFF9C3
00000184
FFFFF884
FFFFF204
FFFFF293
00000B10
00000821
00000033
0000009A
FFFFFC5C
FFFFEE42
000001B0
00000613
FFFFF555
00000774
FFFFF527
0000039B
00001115
FFFFF3B1
000010A7
FFFFEB98
00001072
FFFFF7E4
00000ED2
00000911
FFFFFC3C
FFFFF8BB
FFFFFB26
0000081A
FFFFF5D2
FFFFF0A5
FFFFF874
FFFFEFA9
FFFFF043
00000B2B
00000E6D
FFFFF696
FFFFFB0F
000005AB
00001235
0000002A
00000611
0000073F
000001CB
FFFFF6FC
00000040
00000A2D
FFFFF2D5
FFFFF402
FFFFE9DC
FFFFFBE5
FFFFFC2F
00000948
000004C3
000011C1
FFFFEB9E
000005BC
FFFFE5C8
00000705
00000A64
00000FF9
00000961
00000A5C
00000344
FFFFF55A
FFFFFAEF
0000042B
FFFFF767
000006AB
FFFFF0F2
FFFFEE0D
000012C1
FFFFFB02
00000987
FFFFEE89
0000099D
FFFFFE1D
000017F3
FFFFEBFB
000000F4
000005F3
00000592
00000461
0000141D
FFFFF887
000019B6
FFFFF712
FFFFF68A
FFFFFA3A
00000DEA
000001D5
0000095C
00000470
00000932
FFFFF986
0000039C
FFFFF721
FFFFFF9F
FFFFFE07
000001FF
FFFFFE26
FFFFEFB7
FFFFF490
FFFFF2A5
FFFFF1EE
FFFFFD44
FFFFF6EC
00001DE6
FFFFF458
00000A51
FFFFFB0A
0000191C
FFFFED3D
00000949
FFFFEE77
000011A4
FFFFFCAD
FFFFFA17
FFFFFE82
0000093C
FFFFF339
FFFFF4A3
00000018
FFFFFBBF
000006FF
000001CA
FFFFFF41
00000518
FFFFEC63
00000834
FFFFF944
0000054E
FFFFF2DD
000001CE
00000820
000008FC
000006A1
00000886
00000A12
00000539
FFFFFF97
00000814
FFFFF81A
000013BD
FFFFE30F
FFFFF539
FFFFF690
FFFFF346
FFFFE8EA
00000581
FFFFF438
0000002D
0000061C
0000004C
FFFFFE05
00000790
000005A3
00001256
00000DA3
FFFFF855
FFFFF953
000005F8
00000985
000001D1
00000B01
FFFFF607
FFFFF416
00000AB4
FFFFF0AD
000008C1
FFFFF224
00001059
FFFFF9F4
00000FF0
FFFFFB6F
FFFFFF76
FFFFFCE6
00000A76
FFFFFBE7
00000984
FFFFF6C4
000005A8
FFFFF02F
FFFFED54
0000000A
FFFFF83B
0000067F
FFFFF942
FFFFE435
FFFFFE7A
FFFFF680
FFFFE722
FFFFFF4B
FFFFEE10
FFFFEDE7
FFFFEE22
00001225
FFFFF734
FFFFFDB5
FFFFF7C7
00000F87
FFFFFB75
00000E0C
FFFFEC66
000003DA
FFFFEC53
FFFFF06F
FFFFFAF4
FFFFFC4B
00000522
FFFFFAF7
FFFFFF07
00000135
FFFFF683
FFFFF93E
FFFFFC05
FFFFF015
00000086
FFFFF82D
FFFFF562
000008CC
FFFFFA50
000003A5
FFFFFE71
FFFFF4FA
FFFFFC69
00000CBF
000001A6
FFFFF8DD
FFFFFEA8
FFFFFB08
00000133
FFFFF9B6
000007FD
000013CD
0000025D
00000002
FFFFF01F
0000061C
000007EA
00000C65
00000B4F
FFFFFE33
00000A08
00000809
00000482
00000001
FFFFF45F
00000DAF
00000B17
FFFFF713
FFFFFAAB
FFFFFB48
00000246
FFFFFC72
FFFFF8D9
00000F7D
000002EF
00000787
FFFFF316
FFFFF3E9
00000111
FFFFF76E
FFFFFE46
FFFFFC89
FFFFF0AF
FFFFF4C9
FFFFF40C
00000EAD
FFFFF886
0000171E
00000671
000009DA
FFFFF57E
0000064E
FFFFF92A
00000CC1
00000817
FFFFFA5D
FFFFF499
000006E3
000011DB
0000011A
FFFFFF2E
FFFFF0F0
FFFFF124
FFFFFF21
FFFFF7F8
000002CC
FFFFFBCF
00000345
FFFFFAC0
FFFFF83C
00000305
00000C2E
000004C5
000004D8
00000346
00000360
FFFFEBD4
FFFFED49
0000037B
FFFFFEB8
000005AB
FFFFF20B
000001B9
FFFFF5FD
FFFFF788
FFFFFB81
FFFFFDAF
FFFFFBE4
FFFFF42B
0000072C
FFFFFC7C
FFFFF542
00000D70
00000478
FFFFFAEF
00000173
FFFFF280
FFFFEF8E
00000841
0000097A
FFFFFF58
000001CE
FFFFF770
0000089C
FFFFF909
00000AB7
00000455
FFFFF807
FFFFFFF9
FFFFFD92
FFFFF382
00001219
00000161
00000A8B
FFFFF57D
FFFFFDA0
FFFFF92A
FFFFF83F
FFFFF7E9
00000511
0000050A
FFFFFF80
00000B51
00000D94
000009EE
00000000
FFFFFE65
00000946
FFFFF8B5
FFFFF5DF
FFFFF44D
FFFFFC18
FFFFF4BC
000001C4
FFFFF87D
000001EF
0000072D
000000C2
000005B9
000000EA
FFFFF8B1
FFFFFCA1
FFFFFA79
0000013C
FFFFF906
00001236
FFFFF6D3
00000357
FFFFF4F5
000008B0
FFFFFA73
000005D5
0000065E
FFFFF6E5
00000A51
000012DD
00000457
000002F9
FFFFF2B3
00000782
00000797
00000369
FFFFF31F
FFFFF308
00001AC5
FFFFF212
00000D1F
0000152F
FFFFFD23
FFFFF492
00000B5E
00000074
0000076C
FFFFF7F2
00000BB3
FFFFFF46
FFFFF452
FFFFFA10
00000568
00000750
00000910
FFFFE934
FFFFE9DB
00000832
FFFFF04C
0000077B
00000D14
0000045F
FFFFF67F
FFFFFDC2
00000DF0
000012CE
00000AED
FFFFF4FA
00000A57
FFFFEC19
FFFFFCDB
00000BCE
000005DD
000002D2
FFFFFC62
0000123E
00000BEC
000000FC
FFFFFF09
FFFFF835
FFFFF63F
00000846
00001100
FFFFF2C8
FFFFF14B
00000549
0000074B
000000EE
000006E5
0000086E
FFFFFE75
00000C40
FFFFF9C3
FFFFF75F
FFFFFCB9
FFFFFB97
FFFFFE89
FFFFEFBE
000009ED
00000559
FFFFFC0F
00000725
0000115B
00000F85
00001864
FFFFEEED
000011ED
0000041F
000006E5
FFFFF9C3
00000951
FFFFF3FD
00000661
FFFFFA00
00000B43
FFFFFB29
FFFFFCAA
FFFFE9A0
00000506
FFFFF28F
00000113
0000069D
FFFFFC21
0000183E
FFFFFA77
00000DA0
FFFFEA5D
FFFFE920
FFFFEB72
FFFFF5FA
FFFFEF84
000003F8
000010C5
FFFFFE9B
00000842
FFFFF772
FFFFF1CD
00000814
FFFFF4E8
FFFFF707
00000C54
FFFFF431
FFFFF6E8
00001100
00000FE7
00001343
FFFFF6D6
00000997
FFFFFE43
FFFFF213
00000435
FFFFF6E2
FFFFFA72
0000003A
FFFFF09A
00000397
FFFFF2E2
00000C75
FFFFF21F
FFFFFE65
0000020C
FFFFF817
FFFFF446
FFFFFD97
FFFFEAEB
FFFFFAD8
FFFFFBAC
FFFFF418
00000B9E
00000208
00000536
000003BE
FFFFFD0A
FFFFFC81
FFFFF35B
000002CB
00000D1F
0000191B
FFFFFD96
FFFFFCE0
FFFFFF26
FFFFE83D
00000034
000005D8
0000029F
FFFFFE93
00000520
FFFFFED6
FFFFF0E9
FFFFF567
0000007A
FFFFF4AD
00000585
00000395
00000AA1
00000FD8
FFFFF7B5
FFFFFEE2
FFFFFD43
00000809
00001742
000008E1
FFFFF3F0
FFFFF461
FFFFEB9D
000000BB
000000DF
00000122
000003E4
FFFFF967
00000424
00000F26
00000289
000015FA
000009A5
000005DF
00000B37
0000093B
00000C23
FFFFF1C6
FFFFFA14
00000741
FFFFF2C9
FFFFF9DA
FFFFF3FF
FFFFF5DB
FFFFFB0C
FFFFFA89
00000590
00000546
00001784
000007B4
FFFFF19D
FFFFF85F
FFFFF0B6
00000A30
FFFFF4D6
00000B70
FFFFEC43
FFFFFC55
FFFFF3B6
00000C0B
FFFFFFD9
FFFFEAA6
FFFFECBF
FFFFE3DF
FFFFF756
FFFFEFEF
FFFFF758
00000578
FFFFE653
00000CBF
FFFFF662
00000679
00000755
00000561
0000107E
000005BC
0000034E
FFFFFC85
00000108
00000CFE
00000351
FFFFFA36
FFFFFFD8
00001047
FFFFFF3C
FFFFF945
FFFFE94C
0000030F
0000144A
FFFFF880
FFFFFF5F
FFFFEF28
00000E14
00000721
000009CF
00000FE3
00000769
FFFFF5EB
000004D6
FFFFFC52
FFFFFFBE
FFFFF7AA
000010B3
FFFFFCA7
00000905
000005EF
FFFFF8E8
FFFFF869
00000866
FFFFFD59
FFFFFB46
00001101
00000836
0000140E
FFFFFA1D
FFFFF418
FFFFEB8B
FFFFEADD
FFFFE729
000001EE
FFFFFAA4
00001A0D
FFFFEEB9
0000139A
FFFFEB1D
FFFFF958
00000FD9
000009A6
00000F24
FFFFFC55
FFFFF70C
00000EC2
FFFFFB3A
FFFFF516
FFFFEF4D
00000D5D
FFFFE695
FFFFF6AD
00000487
FFFFFA9C
0000128B
000003FF
FFFFF97E
00000209
000001BD
000005FB
000011FB
00001163
0000016F
000014D0
FFFFF75B
00000271
FFFFF657
FFFFFCB5
0000070B
FFFFFEAC
FFFFFC9C
000010AC
FFFFFBB2
0000085A
0000069D
FFFFF7D5
00001230
FFFFFCEB
00000CEE
FFFFF9EE
FFFFF468
00000500
0000144D
000001F9
FFFFF400
000006BF
FFFFFC6E
0000080B
FFFFFFD2
000001CB
000009E5
000008F9
00000626
FFFFFB86
FFFFF849
FFFFF7CC
000004B4
0000123A
FFFFFC4F
00001287
00000B62
FFFFF2A5
FFFFF390
00000146
00000B0C
FFFFF2E5
FFFFF5EA
FFFFF9B4
FFFFFF83
00000E45
FFFFFF40
00000ACE
0000036F
FFFFF93E
00000F89
00000885
FFFFF6B3
000009EE
0000010E
0000115C
0000084F
00001168
FFFFF3C7
000005B6
00000DB1
00000539
FFFFF21A
FFFFFADB
FFFFF0A8
000009F2
000012C1
00000AF3
00000558
00000D92
FFFFFC8A
00000AF3
000001F1
000006BB
FFFFEC64
0000092A
000005AF
FFFFFD9A
00001025
FFFFF77A
FFFFF991
FFFFFDA6
FFFFFDD0
00000327
0000121E
0000017C
000004D8
00000805
000015C0
00000710
0000104C
FFFFFB79
FFFFFBC5
000010FC
FFFFF11D
000007D7
000003FA
FFFFE7F3
000003A2
000004BB
FFFFF969
FFFFFE4D
000000E3
00000073
FFFFFA1F
FFFFFFE6
000002BC
00001261
000001D6
00000854
00000FFB
0000063F
FFFFFCFF
FFFFF87B
00000FD8
FFFFFBC7
000007C3
FFFFF753
00000E7C
000002B4
FFFFF185
FFFFF365
000003FB
FFFFF94B
00000B25
000009E3
000010A9
FFFFFA4D
FFFFF1FE
FFFFFEBF
000007F9
FFFFEF21
FFFFFED5
FFFFFAE7
FFFFF98E
FFFFFA96
00000E88
FFFFFED2
FFFFFEBB
00001104
000005EA
FFFFF688
00000939
FFFFFE8D
000018DF
FFFFFDD6
FFFFF20E
FFFFFA04
00000537
0000011E
00000B1B
FFFFF8C8
000004B9
00000521
FFFFF7B6
FFFFEEE4
FFFFF7C6
00000E79
00000672
00000AB7
FFFFFBFF
000010DB
00000404
FFFFFC0F
FFFFFC52
00000BB8
000019F5
00001139
FFFFFDF6
FFFFFA2B
00001402
FFFFFD6A
00000B92
0000124B
FFFFFE79
00000B14
00000750
0000026D
FFFFF72F
FFFFED63
0000041B
0000077E
00000003
FFFFFEF0
00000B59
FFFFFDA3
00000357
FFFFEC3C
00000662
0000004E
000008D8
FFFFF5BF
FFFFFB0C
FFFFEC75
FFFFFA84
00000F57
FFFFF3F9
000002EB
FFFFEDA1
00000599
FFFFEFDE
FFFFFED6
FFFFF471
FFFFF365
FFFFF740
FFFFFA92
00000D56
00000516
FFFFFFC5
FFFFF720
FFFFE36C
FFFFE82D
FFFFFB47
FFFFF87E
000008C6
FFFFFE72
FFFFFE4F
FFFFF98E
FFFFFFD4
000004A8
FFFFEDB8
FFFFFB58
FFFFF782
FFFFEB11
00000431
0000074F
FFFFFE5A
FFFFFAA3
FFFFF30F
FFFFEE95
FFFFF572
FFFFF500
000005DC
FFFFEF2F
FFFFF494
000007EF
000001B4
000009A1
00001043
FFFFFF70
FFFFFE0E
FFFFF7B4
00000DD7
0000082A
0000042B
000000C1
00000485
000001DD
000009B5
00001629
00000751
FFFFF055
FFFFEFFD
FFFFEE7F
FFFFECB3
FFFFEBAC
FFFFF881
FFFFFFFE
FFFFFB67
00001303
FFFFF02F
00001129
0000052B
FFFFF5E2
FFFFE760
FFFFF7D6
FFFFF37E
0000061A
000010ED
FFFFEB0D
FFFFF2F3
FFFFF3EF
000001B5
000005AA
0000035F
00000750
00000BAD
FFFFFBAB
FFFFFDA5
00000FBD
FFFFF6B3
000005A8
0000128C
00000A48
0000041E
00000540
00000740
FFFFFAF2
00000334
000003B6
00000DA6
FFFFF81E
FFFFFAD7
FFFFF7B0
00000E17
0000007C
00000649
FFFFFCD8
FFFFF7CF
000007DC
FFFFFF7B
FFFFFC6E
FFFFF842
FFFFF528
FFFFF9FF
00000CF7
FFFFF795
FFFFED7F
FFFFF82C
FFFFF9E5
000002DA
FFFFFE7F
FFFFF312
FFFFF0B4
FFFFFE1B
00000114
FFFFF9C8
000009D3
00000F20
FFFFFF41
00000F6D
FFFFFEA3
00000F79
FFFFFB05
000004C0
000009AB
FFFFF6B5
00000152
000007CF
FFFFFDB3
FFFFFBC1
FFFFFED1
00000583
00000DAF
FFFFF606
00000B40
00000531
0000077C
FFFFF603
FFFFFA00
FFFFF649
00001062
FFFFF622
FFFFF976
FFFFF508
0000017C
0000137E
00000307
FFFFFCFF
FFFFFFCE
00000114
00000A11
FFFFFF7F
FFFFF627
0000092B
00000942
FFFFF9FB
FFFFF44B
FFFFF694
FFFFFEE6
FFFFF6AC
FFFFFC5F
0000069C
FFFFF89E
0000015D
000012D7
FFFFF7D2
0000194A
000015A7
00001E66
FFFFF5A6
FFFFFCE6
0000019F
00000056
FFFFFC64
0000046E
000017CA
000014EA
00000A57
FFFFFEF2
00000696
00000440
00000A21
FFFFF4D8
FFFFF4E6
FFFFFD1D
FFFFFCA8
FFFFF7DA
000009B6
FFFFF4AE
FFFFF9D2
FFFFFF91
FFFFFA90
FFFFF91F
000006E4
00000F34
FFFFF69B
00000286
0000071B
FFFFF682
FFFFFEAC
FFFFFF20
000002CA
FFFFF660
FFFFFFDD
00000691
FFFFFC12
000005F7
FFFFFFF6
FFFFFBFB
000001C4
FFFFFC6A
00000F1F
000002D4
FFFFFB6C
FFFFF9BF
00000FB5
00000085
FFFFF204
000007D2
00000CA4
0000007B
00000A0D
00000F32
00000985
FFFFFCAE
FFFFF1B7
0000030D
FFFFF95D
0000015C
FFFFFD2C
FFFFFA25
000000E6
FFFFED3A
FFFFF19E
FFFFECD0
FFFFFF6C
FFFFF5FE
FFFFF631
FFFFFEFD
000006B0
FFFFFC4B
00000B4B
FFFFF875
FFFFFF14
00000AB7
000011ED
FFFFFAC3
FFFFF202
FFFFF5E9
0000063C
FFFFFA8A
000008F3
FFFFF10D
FFFFED1B
FFFFEE9F
FFFFFB93
00000220
FFFFFA2E
00000AC2
FFFFFC6D
FFFFEF85
000004B3
FFFFF881
FFFFFB37
FFFFEF5B
FFFFF2A2
FFFFFC11
00000390
FFFFEC8C
000006BA
0000028B
0000038D
0000034B
000013C5
0000077F
0000070D
FFFFFFD8
00000C8C
FFFFFFE1
FFFFF068
FFFFEFF3
FFFFF528
FFFFF6D7
FFFFEFF6
FFFFF678
0000036B
00000843
FFFFF37F
000004A9
FFFFF8AF
00001010
00000579
FFFFF697
00000D2E
FFFFFB2B
0000023D
FFFFFD74
FFFFEEB6
FFFFF710
00000756
FFFFF922
FFFFF817
FFFFF7B9
00000DE1
FFFFF2D0
00000A89
FFFFF938
000002E5
0000153B
00000EA4
FFFFF37B
FFFFF966
FFFFFE62
FFFFF717
0000004F
000003B7
FFFFFD85
FFFFFD1F
00001071
00000C5C
00000D52
00000EF7
FFFFF70C
FFFFEBFA
000001E6
0000012B
FFFFFE89
FFFFFCBF
00000EE7
FFFFF9A2
FFFFFC66
0000061F
000007F2
00000E1C
000000EB
FFFFFC04
00000561
0000057C
00000EA7
FFFFF47C
00000447
FFFFFA8F
00000001
00001011
FFFFF705
FFFFFE83
0000177E
00000920
00000FC8
FFFFF06F
FFFFF0DD
FFFFED7A
FFFFF638
FFFFF8FE
FFFFFFCD
FFFFFD6D
FFFFFC27
FFFFFC02
FFFFF09E
00000308
FFFFF431
00000684
FFFFF0F2
00000333
FFFFF8D6
FFFFF61A
FFFFF8FF
0000107C
00000507
0000083B
FFFFF8B3
FFFFFD35
0000110A
FFFFFF3B
00001CD9
00000CA3
00000692
00000760
FFFFFA25
FFFFFDF3
FFFFFEA3
FFFFF069
0000010D
FFFFFCB3
0000019A
FFFFF9EE
FFFFF43B
00000392
0000066D
000007E5
0000014F
000000C6
00000886
0000027C
FFFFFD77
FFFFF506
FFFFF973
FFFFFED0
FFFFFF68
0000049F
000007AB
000002A2
FFFFFE36
FFFFF59B
00000153
000005FC
00000ED5
00000992
000002C6
FFFFFBF6
000007A5
FFFFF6AF
FFFFFBFF
FFFFFDDD
0000093E
FFFFF9FE
FFFFFE63
FFFFF8D0
000003DD
00000239
00000A3D
FFFFF6D7
FFFFEFBF
000006E7
FFFFFF82
00000231
FFFFF0EE
FFFFF020
000001C7
00000B0C
FFFFF0E0
0000007F
FFFFFAD9
FFFFF52B
000007E9
00000696
00000531
FFFFFEB1
000007B4
FFFFF6E9
FFFFF2C8
FFFFF9CC
FFFFFBA5
00000D82
00000D73
00000267
FFFFF706
00000244
00000D4B
FFFFF0BD
00000195
FFFFF7B9
FFFFF6A0
FFFFF744
00000642
00000939
00000609
FFFFF052
FFFFF8AE
0000075A
0000038E
000000C7
00000527
FFFFF924
0000033E
FFFFF1F1
00000ADF
00000280
FFFFF984
FFFFFFE2
FFFFFC4E
000003D0
FFFFFCDD
000009A4
000000B8
00000264
FFFFFCD5
00000EB0
FFFFF9B4
000002D1
FFFFF483
000010DE
000012A2
00001B31
FFFFFC57
FFFFFD48
000000E7
00000EF9
FFFFFD4F
0000007C
000008FF
00000363
0000033A
0000098E
000002F1
00000C9C
FFFFFEFA
00000153
FFFFF865
000007F7
FFFFF3AF
FFFFF548
00000C53
FFFFF68C
FFFFFCC5
FFFFF231
000005E0
FFFFF129
FFFFF4A5
FFFFFB8F
FFFFF16A
FFFFFACF
0000007A
FFFFEC61
000004DE
000000B0
FFFFFFC9
FFFFF3C2
FFFFF8B7
000003AF
FFFFFD4F
FFFFFC3B
FFFFFF87
FFFFF3D1
0000001C
FFFFFE7E
FFFFF058
FFFFF5B1
FFFFF6C6
00000ACC
FFFFF558
FFFFFC6E
FFFFF6B4
00000514
00000108
FFFFF10E
00000796
FFFFF5EB
00000C64
FFFFF541
FFFFFA3C
FFFFFBD2
FFFFFD05
00000A60
FFFFFF0C
000000F4
FFFFF4E7
00000356
FFFFFCEE
0000077D
FFFFF779
00000150
000000ED
FFFFFCBB
FFFFF654
FFFFF3AB
FFFFF964
00000E5F
00000C94
FFFFF4ED
FFFFF601
0000022E
00000C9C
00000231
00000B8D
FFFFFE69
FFFFF2A5
FFFFF15C
00000886
000009BF
FFFFF8F1
FFFFF6A6
FFFFF606
FFFFF958
FFFFE867
FFFFFCE5
FFFFE5F7
FFFFF377
FFFFFE9A
FFFFF79C
FFFFF19E
00000194
0000022B
FFFFFEC0
FFFFF5FC
FFFFFE70
00000508
FFFFF306
FFFFF430
00000C48
00000DCD
00000589
00000C17
FFFFFFF3
FFFFEE3A
FFFFF556
FFFFFB59
FFFFFF4D
00000B6F
FFFFFD94
00000D00
FFFFFF8D
000003A1
00000232
000001AB
FFFFF2A4
FFFFF88B
00000322
FFFFFD2E
00000AD1
FFFFFD73
FFFFF523
00000676
FFFFFA50
0000011A
00000371
FFFFF64E
00000BA8
FFFFF2D7
FFFFFE03
000008D2
FFFFFAB3
00001085
FFFFFB59
FFFFFE40
00000E72
00000068
0000020E
FFFFF051
FFFFF925
FFFFF7F7
FFFFF62F
FFFFFAA7
FFFFF802
FFFFFE20
00000186
00000B8A
00000298
000001CC
00000491
FFFFF559
FFFFFCFB
FFFFF803
FFFFFCB9
00000DC0
00000116
FFFFFACF
00000AF0
000002DE
FFFFF7E3
0000006C
FFFFF779
00000113
00000C46
000009F7
00000A2C
FFFFFE7C
FFFFFCBD
00000075
FFFFF4D2
FFFFFFBB
FFFFEFEF
000004D2
FFFFEFA3
000006D5
FFFFF387
FFFFF5C3
00000708
FFFFF65C
00000906
FFFFF2CD
FFFFFFB3
00000275
FFFFFABC
FFFFF827
FFFFFD5E
00000517
FFFFFEAD
00000426
0000061C
FFFFFFE9
0000009A
FFFFF9D9
000006DF
000001D9
FFFFFEC7
0000083C
FFFFF583
000006B7
FFFFF53D
00000B61
FFFFF3C8
00000B0F
00000575
FFFFFFE7
FFFFEF2D
00000315
000002B5
00000CD9
FFFFF35F
00000CA4
00000D55
0000073B
00000A44
00000184
00001173
FFFFF387
00000EDB
00000DC1
00000182
000003BD
0000063F
FFFFFB6C
FFFFF894
FFFFF242
FFFFF216
FFFFE5C1
000009E4
000011D7
FFFFF85D
00000D03
00000536
FFFFEB15
FFFFFD25
00000489
00000367
FFFFFED1
00000031
FFFFFE90
FFFFFE14
00000C9E
00000557
000007CC
00000F05
000005B8
00000FA8
FFFFF6E7
FFFFF126
FFFFF29C
FFFFFC6A
00000957
0000017C
00000497
FFFFFBC3
00000E33
FFFFF290
FFFFF36D
000004C1
00001177
00000FFA
000009BA
FFFFFF30
FFFFF091
00000D4B
FFFFF3C4
00000054
FFFFFDDB
FFFFF07A
00000366
000009F8
00000A6E
FFFFF664
FFFFFC62
FFFFFDA8
FFFFFFFD
FFFFF1C0
FFFFEFC0
FFFFFABC
FFFFF082
00000425
000001FE
00000679
FFFFFBB7
FFFFEA41
FFFFE97D
FFFFF1C9
00000598
FFFFF2AE
00000014
0000068D
FFFFF66F
FFFFFB2D
000000F1
0000092D
00000E86
FFFFFA66
FFFFFBE5
FFFFF69B
0000062C
0000094D
FFFFF4E6
FFFFE88C
FFFFED7B
000008A6
FFFFFA74
000008C9
000003B5
FFFFF658
FFFFF993
FFFFFAF6
000005EE
0000093A
00000E6B
00000853
FFFFFF6E
0000040E
00000CD9
000006E0
00000692
FFFFF724
FFFFF9E2
FFFFF178
FFFFF633
FFFFF251
FFFFF7FA
000006D1
FFFFF57C
000011FF
00000DA4
FFFFF8D4
FFFFF4AC
00000A65
FFFFF6EE
0000072D
FFFFF1C5
000004E5
00000166
00000B3C
FFFFF1EB
00000632
FFFFFC10
FFFFF5E1
FFFFFAB0
000014D9
000007AA
FFFFEEEE
FFFFE7DF
000005E5
FFFFFB21
FFFFF1DE
FFFFEECB
FFFFF0E5
FFFFEABD
FFFFFE12
000013D6
000000BA
FFFFFEB3
FFFFF8F2
FFFFEDEE
FFFFF917
FFFFFC1C
0000030D
00000D8F
FFFFF9AF
FFFFF7E3
FFFFF84B
000007EE
FFFFFD8F
FFFFFEC4
FFFFEC8D
FFFFED35
FFFFFF25
000008D6
00001772
000009D8
00000259
00000353
00000694
00000686
FFFFFA27
FFFFF54B
000010D8
000004B1
FFFFFB4C
00000EFC
00000D47
000017E0
FFFFF7EE
000008A1
FFFFF3C9
000003D8
FFFFFCAC
000004D4
FFFFEC46
FFFFF02A
000003FF
0000110A
00000118
00000B21
FFFFFB5F
00000A54
0000063A
FFFFEFBB
00000398
0000022C
00000A2E
FFFFEDE1
FFFFF328
000008E1
00000B59
00001234
FFFFFCEE
000009B1
FFFFFA39
FFFFF52C
00000A51
000011A1
00000F20
000008EA
00000050
00000C25
000004D3
00000BBD
00000F56
FFFFFCAC
000008C3
FFFFFA39
FFFFFFD8
000003B9
00000F6D
000001A5
000000C6
000009BA
FFFFFDA4
00000982
0000038C
0000130F
000012F6
FFFFF850
00000702
00000201
FFFFF6CD
00000411
00000D66
00000C9F
00000182
FFFFF8B5
FFFFF8D2
FFFFF158
00000948
0000072C
000006AD
FFFFF391
FFFFECD4
FFFFFFA3
FFFFFC25
FFFFFFE2
0000040F
0000004E
FFFFFE70
FFFFFC72
00000E68
00000E84
00000017
00000008
FFFFFB9C
00001330
00000EBA
00000B50
00000ABC
0000027B
00000516
00000FF6
0000087F
0000026C
FFFFFCDA
000003D7
FFFFF9D1
FFFFFA05
00000DE7
FFFFF550
FFFFF61F
00000156
FFFFFF9B
FFFFE730
FFFFFCC5
00000680
FFFFF46F
FFFFF1B2
00000951
FFFFF6B8
FFFFF704
FFFFFDF5
FFFFF74B
FFFFFBA0
FFFFF475
FFFFF643
FFFFEABC
FFFFEA74
FFFFE8B3
FFFFEA39
FFFFFD9B
FFFFF536
FFFFF89D
FFFFFA05
FFFFE2AA
FFFFFD71
00000239
00000BFB
00000E3D
00000AB2
FFFFFA92
00000E8A
FFFFF1DE
FFFFFE51
FFFFF81C
FFFFF79D
00000830
000002FF
00000D37
0000024B
FFFFFD9C
000006FD
000001F8
00000CCC
FFFFFE3E
000008DA
FFFFF579
FFFFFC4E
0000006F
FFFFF598
FFFFF82E
FFFFEA86
FFFFEBE0
00000037
0000043B
000005A4
000003E1
00000466
FFFFFCA7
00000C9C
00001351
00000524
FFFFF0F5
FFFFF16C
000005DF
000005A7
0000075F
0000019D
FFFFF214
0000011A
FFFFF460
FFFFFB62
00000A53
00000D61
00000DBD
FFFFF95A
FFFFFE91
0000038C
FFFFF06B
0000003C
FFFFF59A
0000059A
FFFFFC90
00000489
000002D8
FFFFFDAA
000005DC
FFFFF9AD
00000C6A
FFFFFD90
00000746
000005C8
FFFFE948
FFFFFE3D
FFFFF6EA
FFFFFE52
FFFFF41F
000001F4
00000DEC
FFFFFC9C
00000BA4
00000668
FFFFF35E
00000719
00000F4C
FFFFF50A
FFFFF559
FFFFF9BC
FFFFF34B
FFFFF098
00000948
0000094B
FFFFF1BB
FFFFF988
FFFFEF8C
FFFFF1CA
FFFFF11F
00000A44
00000A7D
00000224
000010E0
000014B4
00000E28
00000F10
000007C9
000007E8
000019A6
00000228
000007CA
0000099D
000001AF
FFFFF2F1
00000BBE
000000DD
00000947
000000DB
00000BEE
FFFFFD9E
00000E2F
00000BCC
FFFFF1CC
000000E6
000001C1
FFFFFD1F
00000D98
00000771
00000A79
000017A5
0000159E
0000115C
000003FA
FFFFFA9E
FFFFF1FD
FFFFFBEE
FFFFF19A
FFFFEEC9
FFFFFE50
00000555
FFFFF887
0000080C
FFFFEE3B
FFFFECC8
000006C6
000006C3
FFFFF2F6
00000ABA
FFFFF297
FFFFF065
00000423
00000C3C
0000038D
0000010F
000005C6
0000015F
FFFFECDC
00000148
FFFFFDC2
000001B7
FFFFF72C
00000959
FFFFFBF5
00000EE0
FFFFF2EA
0000093C
0000050B
00000C72
FFFFF718
FFFFFE0F
00000993
FFFFFF29
000003CF
0000052E
FFFFF93A
000013CD
00000842
00000769
000011CF
000001E5
0000072E
00000FE2
00000FDD
00000845
FFFFFFB6
FFFFFB92
00000C00
0000005C
FFFFF74C
FFFFFBF4
FFFFF0E9
FFFFFF35
00000AC2
FFFFF899
FFFFF2C9
00000FA7
FFFFFDF0
FFFFF35C
000009AF
000003AC
FFFFF167
FFFFF192
FFFFEE21
FFFFF8BE
00000451
00000F4A
000001BC
00000C0D
FFFFFA19
FFFFED66
FFFFE9A5
FFFFEB4F
0000073E
FFFFFB7B
FFFFF59A
FFFFEE7C
FFFFFB2B
00000862
FFFFF995
FFFFF0A8
000002F9
FFFFF07B
FFFFEDEF
FFFFF45E
FFFFFFDE
FFFFFAB6
FFFFFE42
00000EA8
FFFFF8B4
00000D38
FFFFFC85
FFFFFB97
00000BAC
FFFFF203
000006B2
FFFFF3B1
00000406
FFFFF005
FFFFFD7C
FFFFFE42
FFFFFF29
00001434
00000D04
00000219
FFFFFB5F
00000B2A
000002E8
00000907
000004E4
FFFFF779
000013AD
FFFFF026
FFFFF299
FFFFFD86
FFFFF151
00000889
FFFFF6A8
FFFFF69C
FFFFFC17
0000033A
FFFFF9A4
FFFFFF93
FFFFF7E7
FFFFEEE3
FFFFF809
00000030
FFFFEEE2
FFFFF6A3
FFFFF0F8
FFFFF6AB
FFFFEE64
00000552
FFFFF5E6
00000373
0000099F
0000081E
FFFFF4E9
FFFFF176
00000D4B
FFFFEEC4
FFFFF0F1
FFFFF462
FFFFF515
0000115B
FFFFF6EA
FFFFFF8C
FFFFFEC8
FFFFEF52
FFFFF314
00000059
FFFFEBED
00000E22
0000003D
FFFFFC91
FFFFF9DD
000013EA
FFFFFF4C
000010A4
00001433
FFFFEE82
000008A8
FFFFF8E5
FFFFFED2
00001764
00000B78
00000518
000002F0
0000095F
0000062F
0000074E
FFFFF197
FFFFF8C9
000000C3
00000282
FFFFFAED
00000704
FFFFFA6B
00000574
000008CF
0000024B
000000D8
000006E1
00000E12
FFFFFCF0
00000FF4
00000C56
0000080D
00000BB8
FFFFF510
0000191B
0000106C
00001C91
000009C4
FFFFFB3A
000015A7
00000E96
FFFFFA84
000005D8
FFFFF4C0
00000760
FFFFF709
FFFFEBC0
00000C7D
00000BF2
00000F48
FFFFF0FD
FFFFF1A6
0000089C
FFFFF74F
00000935
FFFFEA5C
FFFFF576
00000A47
FFFFFBDA
FFFFEBA8
0000021D
FFFFFCAA
00000812
FFFFF0E4
FFFFFE22
0000097D
FFFFF88B
000001BA
FFFFF6BF
FFFFF9AF
00000637
FFFFF36A
FFFFF3D9
00000110
00001692
0000099C
0000026E
FFFFF9BC
000003FB
0000169F
000005AB
FFFFEDB2
00000178
FFFFF7A3
000003D8
000006D4
FFFFE6C9
00000D83
FFFFF6B4
000015F1
FFFFF039
FFFFF2F9
00000AD5
FFFFF80E
FFFFF049
FFFFF930
FFFFF7D5
00000A7F
00000B68
FFFFFEDD
FFFFFFB2
FFFFF6BD
00001001
FFFFFFBD
FFFFFBDE
FFFFFE7C
FFFFF241
FFFFFDFA
000004EA
FFFFF101
00000185
0000013E
000004E4
FFFFF4BC
00000385
FFFFF589
000000F2
00000C05
FFFFF342
FFFFEF67
FFFFF54C
FFFFFB10
FFFFEA10
0000009B
FFFFF952
FFFFFCD5
00000744
FFFFF9C1
FFFFFEE5
00000758
00000561
FFFFF6FD
00000C6E
00000B41
FFFFEED2
00000075
FFFFF724
00000A04
FFFFFC0E
FFFFFBDA
00000C8F
FFFFFD6F
00000C8C
FFFFEFAF
FFFFE9CA
FFFFF729
FFFFFB5D
FFFFF94C
FFFFEE27
FFFFFA06
FFFFEF2D
FFFFFF80
FFFFEAEA
000003A0
00000D6E
000001AD
000011EA
000002EF
000008CA
FFFFFED8
000016A4
000006B5
000008C0
FFFFF2F8
FFFFFC4D
00000269
FFFFFD88
00000115
FFFFFEB1
FFFFF251
FFFFF234
000001B8
00000549
FFFFE22C
FFFFF28F
00000ADD
FFFFFABF
00000F71
000002ED
FFFFF610
00000B4C
00000BCC
0000127A
0000047C
FFFFF1B6
00000207
00000589
FFFFF057
00000B17
FFFFF5CF
00001400
00000673
0000091B
0000121B
00001732
FFFFF89D
00000EFE
FFFFFA24
00001AA8
00000404
00000C79
FFFFFB6A
000002C5
000004B8
FFFFF803
00000E58
000007BA
000004E6
00000DAF
000013E8
FFFFF75E
FFFFF650
FFFFF9A4
FFFFF37C
00000BD9
00000C49
00000B71
FFFFFEB5
FFFFF209
00000A36
000014B2
0000003C
FFFFED4E
FFFFE901
000003B7
00000EDB
FFFFFC25
00000E1E
00000AAA
FFFFFCD8
00000856
000000AB
FFFFF7E6
00000D65
FFFFF63B
00001743
000006D7
FFFFFA03
00000204
00000B14
FFFFFF4B
00000983
000019E8
FFFFFCE0
FFFFF7A3
0000026A
00000173
FFFFF32C
FFFFFAC6
FFFFEC90
0000009B
00000104
FFFFEDD3
00000B5F
FFFFFD49
000009F1
FFFFFEC3
00000799
00000F09
FFFFFE71
FFFFFB0B
00001C30
FFFFF6DD
00000097
FFFFEE30
00000868
00000A48
FFFFF0A9
FFFFEF51
FFFFF928
FFFFF83B
FFFFF796
00000340
00001454
FFFFFC73
0000067C
FFFFFF78
0000028C
FFFFF192
FFFFF679
00000C9C
FFFFFEA8
00000FFC
0000132D
00000EF7
FFFFFF88
FFFFEC62
00001D44
FFFFE9C1
FFFFF9D1
FFFFFCCB
0000196D
00001579
00000BA4
FFFFF3EF
FFFFFD5C
FFFFFECA
00000B66
00000FED
00001270
00000611
FFFFF983
0000088F
FFFFF3AB
FFFFF70F
FFFFF386
00000AF6
00000584
FFFFEFA6
000001EE
000005F3
FFFFF1AE
00000431
00000791
FFFFF1EC
000002B1
000002FF
FFFFFF36
FFFFF4D9
00000405
FFFFF912
0000069C
FFFFFF14
0000088A
FFFFFA61
FFFFFB7B
FFFFF4D8
FFFFF55C
000000C2
FFFFFED9
00000008
FFFFE85C
FFFFE909
000005E6
0000095E
FFFFFC88
00000185
FFFFF4F5
0000163A
000009C0
00000CAB
000007BF
00000C3C
FFFFFED1
0000054E
0000039F
000004F1
0000071C
00000EFE
00000A9D
000000E1
00000936
FFFFF7D7
0000022E
000005AA
FFFFF3F0
FFFFF5B0
FFFFEF76
FFFFEE01
FFFFF78B
FFFFEF8E
000007AE
FFFFEC24
FFFFF00F
00000C95
FFFFF65F
000007BA
FFFFFDB6
FFFFF228
000005A4
000000B8
FFFFFC01
0000013E
0000052E
00000C06
00000439
00000037
00000822
000007D9
FFFFF094
00000472
FFFFF640
00000819
00000B03
FFFFF947
FFFFFEC4
FFFFED4B
FFFFFAFA
00000775
FFFFFD76
00000226
FFFFEFBE
FFFFF5B9
FFFFEBD3
FFFFED7B
FFFFEE07
FFFFF423
FFFFFF9B
00000A29
00000C4C
FFFFF8FD
000001A6
FFFFFF5D
FFFFFAAC
FFFFFC59
FFFFF584
FFFFFBC5
000003E5
FFFFFCB5
FFFFF7EE
00000B10
FFFFE601
00000821
00000770
00000781
00000C63
FFFFF6F7
FFFFF812
000003C5
FFFFF9C5
00000F77
00000300
FFFFF4AD
0000021A
FFFFF4CF
FFFFFFA0
00000914
FFFFFCC5
FFFFFBF2
0000180C
00000140
FFFFFDEE
FFFFFD93
FFFFF571
FFFFF052
FFFFFB44
00000BAC
FFFFFC95
FFFFECF1
FFFFFEE7
FFFFEAA3
00000233
FFFFEBEA
FFFFF3FB
FFFFFCEC
FFFFE4B1
FFFFFA09
00000B1C
0000066D
FFFFECE4
FFFFF69B
00000DFA
00000FD8
000002BC
FFFFF84B
FFFFEAA0
FFFFF35D
000003EA
FFFFFEF0
FFFFF44C
FFFFFA8C
000006E0
00000E74
00000686
FFFFFA50
FFFFFA02
FFFFFAAB
FFFFF898
000003D4
000007EB
FFFFF769
000009B4
00000496
00000752
FFFFFD1D
FFFFF116
000017F4
000001D0
FFFFF9E8
FFFFFE73
FFFFFB55
00000502
00000932
00000CCB
00000339
FFFFF237
000009C2
00000A17
FFFFFA39
00000508
FFFFFCDA
0000160C
00000DAE
00000FC2
FFFFE8FB
FFFFF239
00001038
FFFFF6B5
FFFFF447
FFFFF31E
FFFFEEBE
0000047E
00000D38
FFFFF4BE
FFFFEFDA
00000021
000006AA
00000B24
FFFFF358
FFFFF339
0000173B
000009BA
000006EA
FFFFF17C
000005F5
0000013B
00000644
00000811
000000A8
FFFFFAE9
00000907
FFFFF280
FFFFF5CF
FFFFEF49
00000847
FFFFF366
0000063E
FFFFFF5B
00000652
FFFFF2B1
FFFFFA6D
FFFFFCE8
000005B9
FFFFFD2B
FFFFF849
FFFFF75B
0000069E
00000458
FFFFF56A
000001D2
FFFFFAAE
00000038
00000C26
000003CB
FFFFF67E
FFFFFEBB
FFFFF62C
FFFFF27D
00000CCE
00000C86
FFFFFE96
0000051A
000006C8
000005A3
FFFFF9F6
0000058B
FFFFFC15
00000D59
0000092D
FFFFF686
0000002D
000009C4
FFFFFC2C
FFFFF4A9
FFFFF521
FFFFF9B9
00000509
00000B4F
00000278
FFFFF0F2
FFFFFC85
FFFFF53D
FFFFF2C3
FFFFEF7D
000002AA
FFFFF6E6
FFFFFA12
FFFFFE0E
0000088D
00000654
FFFFFAA6
FFFFF8CB
FFFFF5D5
FFFFFF2A
FFFFFF23
FFFFF9BC
FFFFF7B6
FFFFF22A
FFFFFAC9
0000096E
000001A6
FFFFF901
0000012D
FFFFF856
FFFFFED2
0000046D
FFFFFC66
FFFFF082
00000A2E
FFFFEF45
FFFFF3D9
000004AE
FFFFF423
00000728
0000078F
FFFFF9C8
00000061
FFFFFF5F
000009FE
FFFFF725
FFFFFEE0
000009AB
FFFFFA2E
FFFFFC38
FFFFFE3E
000003F4
FFFFFA19
FFFFFEC2
FFFFFC27
0000092F
00000838
0000057F
00000008
000003C8
FFFFF768
FFFFFD76
FFFFEFE7
FFFFF996
0000010D
FFFFF98B
00000A4F
00000763
FFFFFC82
FFFFFFD8
FFFFFFF4
FFFFFB91
FFFFF971
00000701
FFFFFC88
FFFFF711
00000962
FFFFFCCF
FFFFF510
FFFFFCA8
000002BA
00000C70
FFFFFF24
00000853
FFFFFAC4
00000A0A
00000005
000001D8
FFFFFA6E
FFFFFAE3
FFFFF566
0000014C
FFFFFA27
00000C0A
000004EB
0000090B
0000072D
00000382
FFFFFC71
FFFFF1B6
000001B2
FFFFFE6B
00000572
000004D6
000000ED
000009F7
FFFFFC44
FFFFFE81
00000E27
FFFFF808
FFFFFC85
000004BA
FFFFF6C9
00000045
0000091A
FFFFF89B
FFFFFCF4
FFFFF43E
00000063
0000090E
00000345
00000398
00000492
FFFFF4C9
00000BC6
000001C7
00000D6C
FFFFF576
FFFFF6D8
FFFFF6D6
000009F2
FFFFFA36
00000E7B
FFFFF998
FFFFFA23
FFFFF616
0000050B
FFFFF795
00000602
FFFFF278
0000078E
0000000A
00000162
00000641
FFFFF9AF
FFFFFE67
FFFFFD5C
FFFFF035
0000040C
FFFFF622
FFFFFE57
00000391
FFFFF634
FFFFFE34
00000677
00000456
FFFFF4DB
FFFFF344
000005EE
00000899
FFFFF4EC
FFFFF9FB
FFFFFD38
00000072
FFFFF51F
000007B4
FFFFFA44
FFFFF9C0
000003F0
FFFFFBAD
00000A21
FFFFED2B
FFFFFC69
FFFFF6FC
FFFFFCC3
FFFFF580
FFFFFDCE
FFFFEECC
FFFFFA4C
FFFFF547
0000014D
FFFFF024
00000C04
FFFFF4F5
000004D0
FFFFF883
000007B7
0000059C
000003C3
0000000B
00000236
FFFFF6CC
000002DD
00000FA4
FFFFFF1D
000010D7
00000752
00000B4C
00000966
00000C49
0000027D
000002D3
FFFFEFDE
FFFFF995
FFFFF5B9
0000078D
0000070D
00000036
FFFFF3DE
FFFFEE3B
FFFFFE00
FFFFFE94
00000035
00000537
00000C33
FFFFFAA8
000009A5
00001109
FFFFF7F2
FFFFFF7F
00001221
FFFFFA1F
00000BC7
FFFFFBD4
00000C34
FFFFF0C4
FFFFFAA8
FFFFF0BD
0000094C
00000B93
000005EB
0000077D
FFFFF470
FFFFF345
FFFFFC55
000004D1
FFFFFE89
FFFFF48B
00000831
00000619
FFFFF9CC
FFFFFA87
FFFFF74A
00000B4F
000005C7
00001093
FFFFF562
000008DD
000006F6
000002D4
0000071E
00000E43
0000025D
00001021
0000041D
00001132
00001034
FFFFFC45
000014ED
000006B9
00000A16
FFFFF55F
00000A41
FFFFF375
00000706
FFFFF88B
FFFFF506
000002C7
FFFFF8B6
FFFFFE71
00000BAB
FFFFFD6E
00000657
FFFFF430
FFFFF21F
FFFFFA23
00000150
FFFFF5D6
00000ABF
0000038F
FFFFF17C
FFFFFDF0
FFFFF6D1
FFFFF98B
000007E2
FFFFEEEA
FFFFF823
FFFFEF7C
FFFFEFDD
FFFFEEDB
FFFFF429
FFFFF5A0
000009B8
FFFFF0B1
000010FA
FFFFFBFB
00000611
00000980
000010A6
FFFFEAC6
00000F70
FFFFFCB8
000009E0
000002DD
FFFFF302
00000228
FFFFF793
00000600
FFFFF55B
FFFFFBF4
00000402
00000365
FFFFF21C
00000272
000000A3
0000071D
00000250
FFFFF3D1
FFFFF46B
FFFFFD38
00000238
FFFFFE7F
0000025D
FFFFF957
00000F29
FFFFF89C
00000D27
FFFFFE42
00000523
00000AE5
00000278
FFFFEEB3
FFFFEC76
00000515
0000061F
00000853
FFFFFE3E
FFFFF731
000005C9
00000356
FFFFF9D5
FFFFFDEC
FFFFFBBE
00000715
FFFFF439
FFFFF90C
FFFFF901
0000106C
FFFFFDAE
FFFFFADF
00000960
00000B3E
FFFFEB16
00000A3B
FFFFEE45
00000725
0000000B
00000547
FFFFEFE5
FFFFF57F
00000768
00000A16
FFFFFC82
00000393
FFFFFE2A
FFFFFCAB
0000038B
FFFFEEE5
FFFFF5F7
FFFFFE96
000000A9
00000BB1
FFFFFD42
000002E7
FFFFF65C
00000A4C
FFFFF1BA
FFFFF366
FFFFFD1D
FFFFFD9D
FFFFF751
FFFFF4A5
0000052C
00000C76
000004AD
FFFFFC84
00000341
0000066C
FFFFF626
00000926
000004F9
FFFFF00D
FFFFF5DB
FFFFFB24
000004F3
FFFFFE12
0000064A
FFFFEE31
0000068A
FFFFFF70
00000191
FFFFFC4D
00000621
00000AEF
000009CC
000004AF
0000123E
FFFFF95E
00000B3A
FFFFF3BC
0000043C
000006A5
FFFFF2F4
FFFFECB2
FFFFEE14
FFFFF068
FFFFF5FC
FFFFFFD1
000003FE
00000F05
FFFFF042
00000B46
00000750
FFFFF705
00000C88
0000040E
FFFFEF67
0000116B
000002AA
0000035D
FFFFFA94
FFFFFF00
00000C20
FFFFFC2E
00000D5B
000009FE
000008D0
000006AD
00000265
0000094D
FFFFFE05
00000480
FFFFFFD5
FFFFFD04
00000C9C
00000875
FFFFFAFE
0000095A
FFFFF644
FFFFFB08
FFFFFC27
FFFFFE8D
FFFFF8E1
FFFFFE76
FFFFFF5F
000002AD
000000ED
FFFFF462
FFFFFA22
FFFFF69A
000006F5
000006BE
00000424
FFFFF956
000001EE
FFFFFB45
FFFFFEAE
000003A3
000001C8
0000006D
FFFFF825
0000115F
FFFFFC6A
0000009D
FFFFF522
00000653
00000F75
00000129
0000039F
00000728
00000052
00000B50
FFFFF28D
00000160
FFFFFB4D
FFFFF357
FFFFF3BE
00000BF1
000005EA
FFFFF45E
FFFFF210
FFFFF735
FFFFF754
0000026D
00000361
000002AA
FFFFFF48
00000243
FFFFFB90
000003FD
0000085E
00000541
000013A7
FFFFF623
00000CC3
FFFFF6CA
00000CC2
FFFFF1D7
FFFFFC56
FFFFFFBB
FFFFF859
000007EA
000002DA
FFFFF138
0000002E
000003A6
00000786
00000C8C
FFFFF8CD
00000F8C
FFFFF740
000000D7
00000425
FFFFFCB4
00000E4C
00000040
00000A15
0000084E
FFFFF7FF
FFFFFEFC
00000463
000012A3
FFFFFC2C
FFFFF968
FFFFFCFC
00001138
000004A6
FFFFF95A
FFFFFA4F
00000241
0000077C
00000589
FFFFFB5A
00000D91
FFFFFDCC
FFFFF71B
00000439
FFFFF89E
000009F2
0000032E
00000A7E
FFFFFFC4
00000630
000005AC
00000A6A
FFFFFBE2
FFFFEF36
FFFFFB00
FFFFFD0D
FFFFFEAA
FFFFFCD1
FFFFFD87
00000A3D
FFFFF9B4
00000661
FFFFFF15
0000026B
00000B22
FFFFFE8D
00000246
00000E4C
000000BC
FFFFFE81
FFFFFDFF
FFFFF94F
00000C3D
FFFFFD5F
00000C68
00000DA6
00000188
FFFFFA6A
FFFFFEA8
FFFFF8D5
00000D56
00000784
0000073E
00000661
FFFFF3E5
000001B1
FFFFFFD3
FFFFFEDB
0000015B
FFFFEBD9
FFFFEF18
FFFFFF1E
000008F2
0000031E
00000639
00000299
FFFFF4DF
FFFFFE05
0000087E
00000B1A
00000CBC
00000D83
00000DF7
00000A88
000003A7
FFFFFC55
FFFFFD7C
FFFFFDF4
FFFFFF7D
000002DE
FFFFF582
00000124
FFFFFDD4
000001EB
FFFFFB50
FFFFF9DF
000005A3
FFFFFEE0
00000B42
0000032A
00000690
000005B8
FFFFFE60
0000079F
FFFFFCD7
00000685
0000090D
00000BE7
00000005
00000793
0000073A
FFFFFB29
000000D5
FFFFF4FC
FFFFF72E
FFFFF075
FFFFFC34
0000044D
00000189
FFFFFBED
00000535
000000BD
0000008B
FFFFFEBA
000003E5
0000022D
000004BA
00000531
FFFFFB70
000005FE
FFFFFB7B
FFFFFD4C
FFFFFACF
000001DA
FFFFF2D4
0000019C
000005BE
FFFFF97E
0000026E
00000705
00001018
FFFFFB83
00000944
FFFFF28F
000000CD
000010DD
000010DE
00000DA3
00000344
0000026F
00000734
FFFFFE2B
FFFFFD84
0000008E
FFFFFD42
FFFFF8A7
000009DD
000004E9
00000A46
00000193
FFFFFCFF
FFFFFE55
FFFFF8ED
000009BE
FFFFFB7C
FFFFF5FA
00000AB5
FFFFFCF5
FFFFF3F8
FFFFFCAE
000000A5
0000001A
00000DCE
FFFFFEA6
FFFFFB24
FFFFFEB1
FFFFF1D5
0000120C
FFFFFB19
FFFFF6E7
FFFFF6B0
FFFFFECA
FFFFF01D
00000FB5
FFFFFBEC
FFFFFCA1
0000082B
000005BC
FFFFF528
00000ACD
FFFFFFC1
00000815
FFFFFB32
FFFFF96E
FFFFF9E3
FFFFF671
FFFFF2B3
000000E6
FFFFFB8F
00000DA7
00000601
FFFFFA3E
FFFFFE1E
FFFFF32B
FFFFF50B
000005D4
FFFFF106
FFFFF792
FFFFF52D
FFFFF8BC
0000040E
00000150
00000041
000005F3
FFFFFCAA
00000732
FFFFF67C
FFFFF7E3
000005E3
000003D8
FFFFF808
FFFFFA9C
FFFFF5E8
FFFFFBCE
FFFFFB21
0000034E
00000959
FFFFF0E5
00001258
0000053E
00000D8A
0000025B
00000A39
0000097E
00000CA0
00000635
FFFFFBB4
FFFFF3B5
FFFFF9BA
FFFFFF66
000008F3
000002FF
FFFFF002
0000086D
0000065A
FFFFF19E
000002D7
000005CB
FFFFFE24
FFFFF79A
00000B1C
00000A16
00000618
00000C67
000004A7
FFFFF944
FFFFFED4
000002FC
FFFFFD8E
00000DC2
00000928
00000A23
FFFFF3F3
FFFFFCBA
00000375
FFFFFC7F
FFFFF8DA
00000124
FFFFFC1A
FFFFF6E8
FFFFF581
FFFFF798
FFFFFCDA
FFFFF87A
0000071A
FFFFEFC7
FFFFF608
000004B7
00000BB9
0000020D
FFFFFB7B
000007C3
000007A2
00000934
00000DBF
0000139A
00000ABE
00000FEC
00000B6E
FFFFFE77
00000CEF
000003B1
FFFFFF25
00000A0B
0000016A
000000E3
FFFFFA4B
00000F9B
000000D6
FFFFFE4C
000008FE
000003BF
0000032C
FFFFFCCF
00000482
0000036A
00001ACB
000008BD
FFFFFF89
000001B6
0000092D
00000716
FFFFF394
FFFFFB3F
0000064F
000004ED
00001024
000004CC
FFFFF40E
FFFFFE2A
FFFFF9C5
000009AD
00000BAA
FFFFFAFC
FFFFF6D8
000003A5
FFFFFC9B
00000BD1
FFFFFEE6
000005B4
000002B6
000004F1
FFFFF62B
00000C4D
FFFFF8B3
FFFFFFAA
FFFFFA97
FFFFFB3F
FFFFFF7C
FFFFFC0A
FFFFF58F
FFFFFF92
FFFFF986
000001A0
0000088D
00000411
000004AE
FFFFFE24
00000385
00000701
000003DD
00000789
0000039F
FFFFFC6D
FFFFF318
FFFFEFEA
000003A3
FFFFF3E4
FFFFFE8A
FFFFF290
FFFFF136
FFFFF481
FFFFF9F4
000002D7
000002E0
FFFFFDCF
FFFFF5AD
FFFFFEAC
FFFFFC92
0000080E
FFFFFA0B
0000083C
00000BAA
0000091F
00000D61
000016D3
00001485
000013B7
0000004E
FFFFF8AA
FFFFFCF0
00000212
000005AC
0000026C
000009B8
FFFFFD4C
0000021D
0000094B
00000B0C
FFFFF053
000003F4
00000209
00000386
FFFFF088
0000024B
FFFFF111
0000038A
00000B21
000009D2
00000183
FFFFF4E3
FFFFF3DF
00000EF0
000007DA
FFFFFC70
FFFFF7DC
FFFFF1CE
FFFFFB75
FFFFF954
00000609
00000986
00000906
000000F0
0000004E
0000143C
00000F88
000010ED
000009E6
0000074E
FFFFF606
000000A7
00000310
FFFFF084
00000793
FFFFFFC3
00000BEB
00000286
FFFFF646
FFFFF5E6
0000075F
FFFFF05B
00000644
00000C29
FFFFFAB9
00000A0D
FFFFF0DA
FFFFF5DA
00000424
00000421
FFFFEA87
FFFFFB9D
000006BB
FFFFF2A4
FFFFF99C
00000360
00000233
FFFFFA34
000008CF
000008C5
000006E1
0000084D
0000057D
FFFFF835
FFFFF6C6
FFFFEB6D
000000EC
000001CB
FFFFF4A5
FFFFFC69
FFFFEBD6
FFFFF46B
FFFFF14E
FFFFFD23
FFFFF638
FFFFF0A7
FFFFEF28
FFFFF831
FFFFF9E2
FFFFF68C
FFFFFA8A
FFFFF35D
00000715
000002A5
00000318
0000143C
00000173
00000978
FFFFFB02
00000242
00000AB9
000007C7
FFFFF62B
FFFFFB39
FFFFF6B5
00000936
FFFFF73E
00000474
0000006C
FFFFF78A
FFFFF201
FFFFF7B2
00000BFE
FFFFF103
FFFFEB7E
FFFFED4E
FFFFFB47
FFFFF248
00000079
FFFFF41C
FFFFFE40
FFFFED53
FFFFFA10
FFFFF97A
0000036F
0000018F
FFFFEA9C
0000012E
FFFFF535
FFFFF762
000006F3
FFFFF50D
FFFFFE77
000008B5
FFFFFA29
000003AF
FFFFFA3D
FFFFF4BA
FFFFFF1B
00000446
00000B5F
FFFFFD92
00000ED9
00000A73
00000651
00000CB7
00001529
00000748
FFFFF8E1
000007AB
00000A6D
00001588
000008D8
FFFFF945
00000DAA
000006C3
FFFFF43F
FFFFF89F
FFFFFD49
00000A40
00000696
FFFFFE61
FFFFF56E
FFFFFEAA
FFFFF85B
00000D8B
00000A42
00001024
000000E2
00000165
FFFFFB01
00000E74
FFFFFA0E
FFFFF695
FFFFFC1A
000003AD
FFFFF51E
FFFFF2F9
FFFFEEE5
0000032D
FFFFFF1B
000002DA
00000721
000008EC
FFFFF752
0000081A
00000B1E
0000041B
FFFFFEF6
000001CB
FFFFF67F
00000453
0000068F
00000DEA
FFFFF620
000008A3
000003D2
FFFFFB59
FFFFF5AB
00000F3D
00000354
FFFFF93B
0000037E
FFFFE82F
FFFFF1EC
FFFFE60D
000008AD
000000A2
FFFFFC39
000004B5
FFFFFD27
FFFFFC16
FFFFFBED
FFFFF3AD
000002C3
00000053
00000126
FFFFF75E
00000895
FFFFF8CB
FFFFEC7A
FFFFF09B
00000520
000004EB
00000D99
FFFFF742
FFFFF1C3
FFFFFA04
00000C69
FFFFF99E
00000D96
000008FA
0000014D
FFFFF069
FFFFFBFF
FFFFEFD7
FFFFF34E
FFFFF997
0000162B
FFFFF89D
FFFFEC8F
000015FC
00000606
00000DCA
FFFFFAAA
FFFFE721
FFFFEDCC
FFFFFDE7
000002D0
FFFFF8FA
00000128
000005E1
000001B9
0000046B
00000432
FFFFFE94
FFFFF65F
FFFFFD0C
FFFFF078
FFFFF257
FFFFF894
FFFFED3F
00000243
00000EE5
00000BAF
000009F1
FFFFF2EA
00000007
00000804
FFFFF9C5
FFFFFCA8
FFFFFD63
FFFFEFA3
FFFFED49
00000349
FFFFE78A
000000CC
FFFFFCC9
0000013D
00000608
0000007B
FFFFFED1
FFFFFE46
FFFFE7E8
FFFFED5C
FFFFFABD
00000322
00000119
000008B3
00000213
00001167
0000066C
0000051B
00000039
00001067
00001DC0
00000400
000005F6
FFFFF346
FFFFFA29
FFFFF847
000002DC
00000717
FFFFF401
000009BC
0000044E
0000155E
00000CAA
FFFFF479
FFFFF7D5
FFFFFB9A
00000A3D
00000099
FFFFFB52
FFFFF9DF
FFFFF2E9
FFFFF6FD
000000C9
00001261
FFFFFBBA
000001FF
000002B5
00000076
FFFFFE93
FFFFFE84
00000248
000000F3
00000B15
00000A6C
0000094F
FFFFFC39
00000EF9
00000D7D
FFFFE92C
00000E24
FFFFF30C
FFFFF276
FFFFF0DD
00001886
000005E7
FFFFFDFF
FFFFEEF8
00001196
FFFFF6B1
FFFFFD26
0000027E
FFFFF1BA
FFFFFB06
FFFFF296
000000D7
000004A9
FFFFFFB5
000004AE
00000602
FFFFFDB5
0000064B
00000674
000009E5
000007DA
00000DFD
0000073F
0000077D
FFFFF72F
FFFFFB58
0000025A
FFFFF6E3
00001355
FFFFF774
00000D31
FFFFF5CB
0000024E
FFFFF711
00000F30
00000129
FFFFFF1F
FFFFF3E9
FFFFEE95
00000067
000006A2
FFFFFF73
000001FA
FFFFFDC7
FFFFF975
00000419
00000B71
FFFFFF94
00000842
000012F6
FFFFFF83
00000561
FFFFDFAD
000001B7
FFFFF78E
FFFFE9C3
000009C8
00000C2B
FFFFF5FF
FFFFF750
FFFFEC0A
0000061E
00000671
FFFFEABE
FFFFFDB7
FFFFFF02
000004BA
000000C1
0000047B
FFFFED82
FFFFFC66
FFFFF223
FFFFF04A
FFFFFABC
FFFFF447
0000065D
FFFFF21B
FFFFF976
FFFFF6A6
000009B2
FFFFF0EF
FFFFF988
00000A38
FFFFFBCC
FFFFF183
00000755
FFFFF7FF
FFFFFD29
FFFFFA7D
00000D5E
FFFFF82D
FFFFF5E0
00001F1E
000000AE
00000B2E
FFFFF607
0000028B
000006F5
FFFFF17B
00000835
00000CE7
FFFFFA35
FFFFFB03
0000039C
00001109
FFFFF86D
0000100A
FFFFF5D3
00000ABA
000003CF
00000A21
00000FD8
FFFFFCB5
00000A0B
000003B0
000005D1
FFFFF569
FFFFDF1A
FFFFFB8F
FFFFF23E
000002B0
FFFFEA77
FFFFF794
FFFFF6F8
FFFFF809
FFFFFAA0
0000054C
FFFFFD63
FFFFFB32
FFFFED8A
000001BE
FFFFF448
0000016E
000017F2
FFFFEF87
000004FB
FFFFFB61
0000153A
00000056
FFFFFE63
FFFFFD02
00000BFF
00000E06
FFFFFB03
00000CF1
0000076B
FFFFF4A5
000009A0
FFFFFAD4
000012CC
FFFFFA33
00000CB6
FFFFF8E5
00000C9B
FFFFFB45
00001798
000009F8
0000095F
00000992
00000216
FFFFF7AA
FFFFF85A
FFFFF8CD
000001A4
00001010
FFFFFF61
FFFFEDEA
FFFFFD78
FFFFFF24
00001A1D
FFFFE671
FFFFF988
0000059D
00000676
FFFFFE06
FFFFFA00
FFFFF5DF
000006E0
FFFFFDFD
FFFFFA44
FFFFE2EA
FFFFF9E2
FFFFE664
FFFFEBA5
0000065A
FFFFE971
00001235
0000081C
00000176
FFFFFD40
FFFFF1AE
FFFFEDBD
FFFFFF46
FFFFFC47
00000241
FFFFFF4B
FFFFFFB6
FFFFF504
00000C90
FFFFF817
00000A8B
00000395
FFFFE9E6
00000432
00000544
FFFFFC3A
FFFFE67D
00000AE8
00000CD1
FFFFEAE3
FFFFE127
00000762
FFFFE60A
FFFFFE09
FFFFF738
00000E61
FFFFFFD4
000009CF
FFFFF0F5
FFFFF058
FFFFF4EE
FFFFE9AB
FFFFE899
FFFFFD10
FFFFEF1A
000002CA
FFFFF26C
FFFFFC97
FFFFE9AB
FFFFF805
FFFFFC94
00000DA7
FFFFF591
00000E89
000003B0
FFFFFC23
FFFFF8C9
000003AB
FFFFE976
FFFFFA76
FFFFEFA7
FFFFFDA6
FFFFFABE
00000EE3
00000283
FFFFF742
0000083A
FFFFFF46
FFFFF729
00000D3B
FFFFEE72
FFFFF3E1
00000D39
FFFFFCA2
FFFFEE3D
00000B3C
FFFFFAD6
000007F7
FFFFF77E
FFFFE69F
000000A7
00000A4A
FFFFEF96
000006C6
FFFFFDB0
FFFFE776
FFFFFFA1
FFFFF6BC
000007FE
00000C79
00000217
000009F6
FFFFFB30
FFFFFF71
FFFFFE74
FFFFFC47
FFFFF767
0000037A
FFFFFF18
000006F0
00000EFB
FFFFFA3E
000007BD
FFFFF63A
FFFFF2EE
00000607
00001428
FFFFF8B9
FFFFF7CB
0000078C
000001E1
000016FC
00001083
00001851
0000093B
FFFFFAE9
00000205
FFFFFBE0
FFFFF321
FFFFF241
00000F2E
FFFFFFFC
0000053D
FFFFF113
FFFFF2BF
00000C1F
0000035F
FFFFF1C8
FFFFF523
000006B6
00000995
FFFFFBF8
FFFFF349
00001388
00000F19
FFFFF79C
0000094C
FFFFF9A7
FFFFFEEC
FFFFFBCD
00000769
0000036C
FFFFFCF8
00000419
000001FA
00000864
FFFFF049
FFFFED60
FFFFFE9B
FFFFFEF5
FFFFFB55
FFFFF441
000010ED
00000C00
FFFFE869
00000C38
000000D2
FFFFFA13
000004B4
FFFFF505
FFFFF6C3
00000ACD
FFFFFE9D
0000006F
FFFFF8E2
00000BFE
FFFFF8F8
FFFFFE6B
00000011
FFFFFDBF
FFFFF786
0000024D
FFFFFF45
0000132F
000014B3
00001038
000019F5
FFFFEDA6
00000D3E
FFFFFC36
0000013B
FFFFFDC0
FFFFFE3B
000003ED
FFFFEE74
000006AB
FFFFF2AE
00000EEE
FFFFF1F1
0000070B
0000069A
00001394
0000004C
FFFFF562
FFFFFD8C
00001284
00000A63
000008AC
0000121B
FFFFFABE
00000A20
000002E8
000001C2
00000E37
00000996
00000763
00000EF1
FFFFF774
FFFFF5ED
00000E8A
FFFFFCA3
00000C55
000000A0
FFFFEF35
FFFFF8B0
00000436
0000036E
00000C84
FFFFF8E6
00000696
FFFFF7AA
FFFFEF90
FFFFEF2B
FFFFE9A9
FFFFF610
FFFFFF88
000003D8
FFFFEFF0
0000070F
000007A9
000004A8
FFFFFCA5
000004A9
000001B9
0000077A
FFFFF288
00000622
00000227
00000BCD
00000311
00000600
FFFFFD8F
00000F03
FFFFFA4D
00000ECB
FFFFFABD
00000F62
00000D7E
00001571
FFFFFD9E
FFFFFF4E
0000003C
FFFFFF22
FFFFF809
00000770
FFFFFE6D
FFFFFEDE
0000024B
FFFFFF5A
FFFFF974
000009DC
00000705
00000723
00000EF3
FFFFF76C
000004EF
FFFFFBD8
00000283
00000F62
000003AC
00001E5A
00000B8F
00000C91
00000672
00000F14
FFFFFB3E
FFFFFD6F
000008A6
00000D86
FFFFF7DE
FFFFFB18
000004DA
FFFFF9B3
0000089F
00000146
0000027C
0000052D
000004AE
0000034C
000008BE
FFFFFBB5
00000873
000002BB
FFFFFCC5
FFFFFCFD
FFFFF6E8
00000693
00000E95
00001073
FFFFF0C1
FFFFF83B
FFFFF6B5
000010C7
000001BA
000005E0
000002AA
FFFFFC98
FFFFF742
FFFFFF32
00000D88
FFFFF74D
00001047
FFFFF3EE
FFFFFCE2
000005E3
0000037D
00000309
00000071
000011D8
FFFFF90F
00000560
00000669
00000BC5
FFFFF735
FFFFF2D3
00000C7E
FFFFF7C3
FFFFFCAE
FFFFF661
FFFFFBAF
FFFFFD5B
FFFFF97C
00000589
FFFFF120
FFFFF8AC
FFFFF8FC
000003BB
0000023D
FFFFFCBE
0000064A
FFFFF243
FFFFF65E
FFFFF686
FFFFF365
FFFFF32D
FFFFFFB2
000007C1
FFFFFA00
000004A4
FFFFFBD6
0000008A
FFFFF8CA
0000049B
FFFFFB6C
00000AD2
FFFFF80F
00000E12
FFFFFDEB
FFFFF7E1
00000F6F
FFFFFBFA
0000005D
000003BB
0000063B
00000B1E
00000E41
0000043B
00000D80
00000E01
00000E77
00000330
00000DE0
00001524
00000FDB
FFFFFCCA
00000721
FFFFFB4E
FFFFFF68
FFFFFD97
000000EE
0000005A
00000EDA
00000A8C
00000C26
000007E4
FFFFFE62
FFFFFA4C
FFFFF991
00000A86
FFFFF31C
FFFFF694
000003E9
FFFFF7E8
000003B8
00001112
000014F6
FFFFF5D1
00000EF0
FFFFFF6B
0000116E
0000059E
00000680
00000F75
00000A6F
00000965
FFFFF532
00000568
FFFFFA2B
FFFFFED1
0000044A
000009E5
00000E69
FFFFF5B9
FFFFFE37
00000A62
00000926
FFFFFC5A
FFFFF9AC
FFFFF960
000012A6
FFFFFEFA
00000933
FFFFF329
FFFFF7F4
FFFFF867
FFFFF921
00000A63
FFFFF5D9
FFFFF965
00000361
00000155
00000179
00000641
000006B2
00000837
00000ED5
000006FD
000001C4
FFFFF560
FFFFF7B4
FFFFFBE3
000004BA
FFFFF569
FFFFF3A9
000001F1
FFFFEF2E
00000888
FFFFFB77
FFFFF394
0000071E
00000436
FFFFFAC9
FFFFFA46
00000DA9
FFFFEE73
FFFFF7D0
FFFFFD8E
00001369
0000056F
000010D2
FFFFF24B
00000AFB
00000470
0000070A
00000CDF
FFFFFCCE
FFFFFDDF
000009A4
FFFFFE55
00000F30
000000E0
000007C0
000001A4
00000C40
FFFFFB77
FFFFF51A
FFFFF23A
0000001E
FFFFF1CB
FFFFF443
FFFFFF76
FFFFF4C4
00000629
000005A7
FFFFF466
000004AA
0000111A
0000079B
FFFFF7B8
FFFFE7BD
FFFFEF6B
000000A0
FFFFF0AB
FFFFF513
FFFFFEFF
FFFFF73F
00000022
000006FB
0000028D
FFFFF9F4
000008B1
00000814
00000035
FFFFFF42
FFFFFC7B
000009C7
FFFFF3C8
FFFFF83F
000007C5
00000559
FFFFFAC7
FFFFED56
FFFFEC6B
000007EC
00000046
FFFFF6E1
FFFFFA34
FFFFF13D
FFFFFA10
0000094A
000002B3
00000126
FFFFFC82
000008B7
FFFFFFA7
FFFFFF2A
FFFFF370
FFFFFA84
FFFFF4B8
FFFFFDDC
FFFFF94C
000009C7
00000B34
000007E3
FFFFFCF4
0000059B
FFFFF0A0
0000052B
FFFFE88B
FFFFF05C
FFFFFA82
000004D3
FFFFF3C8
00000313
FFFFF39A
FFFFEBD9
FFFFF99A
00000601
FFFFF50C
FFFFF5CD
FFFFFC8A
FFFFFEAE
00000864
FFFFFD18
000004F5
00001192
00000405
000002B2
FFFFF39B
FFFFF42C
0000007E
000013BB
0000009C
FFFFFD90
00000391
FFFFF8D8
FFFFF4AF
FFFFF501
00000DDE
FFFFF5A1
FFFFFDB7
FFFFF272
FFFFF903
FFFFF29F
0000096A
FFFFFF84
00000BEC
000006B3
00000435
000002E9
FFFFFE45
00000AB1
FFFFFDF9
000006B1
FFFFF50F
FFFFFB13
FFFFF5BD
0000073E
FFFFFCE4
FFFFF723
00000297
FFFFFD7E
FFFFFD7E
0000056E
FFFFF777
00000121
000002EF
000005D1
000005D9
FFFFFACB
FFFFF90D
FFFFFD29
FFFFF2E3
00000B7A
000006F2
00000691
FFFFFBBF
00001180
FFFFF494
FFFFECB9
FFFFFC94
000007EB
FFFFFDDE
FFFFF9E3
000000EB
FFFFFDF5
FFFFF209
000004C1
FFFFFCDD
FFFFF715
FFFFFADF
FFFFF2DF
FFFFF8DA
FFFFFBE6
FFFFFE7E
FFFFF898
FFFFF4D0
FFFFF7FB
FFFFEFF5
FFFFFB26
00001210
FFFFFDE8
00001081
FFFFF0E5
FFFFFC00
0000040B
000010B4
FFFFF9A8
0000047A
00000E5B
FFFFFBB0
FFFFF5F5
000013F1
FFFFFBB1
000007D2
000002FB
00000AA6
00000311
00000428
00000121
FFFFFFC4
00000BE4
0000006A
FFFFF79E
00000AA4
FFFFED84
FFFFFD2E
00000155
000002F9
FFFFF8A8
FFFFF741
00000A3E
000010E4
000009BA
00000722
000009F3
FFFFF761
FFFFFFBC
FFFFFAAF
00000F21
0000065A
FFFFF7B7
FFFFFB87
000006B3
FFFFFEEE
00000206
FFFFF24D
FFFFFFFE
FFFFF77A
FFFFF465
FFFFF920
00000596
000009C8
FFFFF855
FFFFF85F
00000106
FFFFFDC6
FFFFFB33
FFFFF221
00000A2C
00000CBC
0000075E
FFFFFAA9
FFFFFFCB
FFFFF2C5
000006F4
00000BD1
FFFFF789
FFFFFB73
000006AF
FFFFF8A2
00000AB6
000012B7
FFFFFCE8
FFFFFF74
000001F5
FFFFF39B
00000417
00000715
00000B39
00000131
FFFFFE87
FFFFF8EC
0000037D
00000AF6
00000B37
FFFFF777
00000452
FFFFF9EA
FFFFF4C4
000000CA
00000BB3
FFFFFD36
000000D6
00000686
00000975
FFFFF63F
00000607
0000056D
00001641
FFFFF206
FFFFFF64
FFFFF884
000008C5
00000D5E
FFFFF458
0000048E
FFFFF957
FFFFF7EB
FFFFF5B9
FFFFFE78
FFFFFFDC
FFFFFB6A
FFFFF6E7
00000585
FFFFF5D4
000010D0
FFFFF7C8
FFFFEF80
FFFFF576
FFFFF6A1
FFFFFE3E
FFFFFEFF
0000028A
FFFFFF43
FFFFF2E4
00000864
0000039C
0000030B
FFFFF144
00000ADE
FFFFFF51
00000A0E
FFFFF142
000004A5
FFFFEFA1
FFFFF557
00000319
00000F0A
FFFFF6D3
00000823
00000512
FFFFF90A
000004FC
FFFFFCD1
FFFFFCFE
FFFFF0AE
000003EE
FFFFFC83
00000168
FFFFF56F
FFFFF47D
00000379
FFFFFAEF
FFFFFC55
00000468
00000536
FFFFEF5D
FFFFFB65
00000F94
FFFFFC4E
00000A7B
FFFFFDAC
FFFFFFD6
FFFFF813
0000040D
0000096C
00000359
FFFFEEC3
FFFFF5C5
FFFFFB64
00000006
000002C8
0000089B
FFFFF84F
FFFFFCB5
000008A5
FFFFF776
000001D3
00000749
FFFFFE62
00000ED6
00000ACB
FFFFF899
00000A69
00000B62
0000031A
00000054
FFFFF2F7
FFFFF4B3
0000069F
FFFFFFFC
FFFFEF6E
FFFFF246
FFFFFD8F
00000A8B
000014AA
00000FFF
000001A9
00000A4D
0000091A
FFFFFA94
000002C7
FFFFFCDF
FFFFF177
FFFFF0A0
00001044
FFFFFE96
00000B6C
000008A7
FFFFF52C
000000E4
00000354
FFFFF45E
FFFFFCF1
0000054F
FFFFF94B
FFFFF6B1
00000836
FFFFFE8C
000001C6
00000385
00000A2B
FFFFF136
00000DDD
FFFFF69A
00000AE6
FFFFFE1C
FFFFFAD5
FFFFFA20
000002B1
00000C90
FFFFF8BB
FFFFFC60
FFFFFFC9
FFFFFE7D
00000375
FFFFFCE2
FFFFF3B4
FFFFF9ED
0000036E
0000009B
FFFFF9B1
000000A0
FFFFF0D0
00000A8B
FFFFF73A
FFFFF831
000006E7
000002D4
00000768
FFFFFEA9
FFFFFE6E
000003A4
FFFFED76
00000538
FFFFF6B9
FFFFEE5A
FFFFFEF5
FFFFFF87
00000B6D
FFFFF9F5
0000158C
00000F57
FFFFFE2C
FFFFFB59
000002DD
000004CF
FFFFFECE
FFFFE783
FFFFF902
0000096F
FFFFFD40
FFFFF535
FFFFF391
FFFFFA9F
000002CA
00000C8A
00000F33
00000BB1
000009C4
00001135
00000790
00000645
00000CC2
FFFFF0E7
FFFFFCAC
00000C83
FFFFFE46
FFFFF93E
FFFFFDEE
FFFFFFD1
00000928
00000BCB
FFFFFD9D
FFFFFBDB
FFFFF5D5
00000944
00000712
0000004C
FFFFF9F9
00000570
FFFFF5D7
00001293
000007E5
00000B02
00000326
00000F1E
FFFFEE1A
000007AE
FFFFE7E2
FFFFF906
00000A82
0000083A
00000923
000007EF
0000040B
00000AED
FFFFF566
FFFFEC2C
00000554
00000A97
000004CB
FFFFFFD6
00000887
00000362
00000AEC
FFFFFF93
FFFFF142
FFFFF2DB
00000291
FFFFF095
00000843
FFFFFC8A
FFFFEE6B
000001CE
FFFFFB4F
000006F6
FFFFFA89
0000118D
00000682
FFFFEB3B
FFFFFAAA
FFFFF7ED
FFFFF110
FFFFF0DC
FFFFFA0A
0000078F
FFFFFC8B
000001ED
00000313
00000361
000009CF
00000BAA
000000FF
000006D7
00000B86
00000D44
FFFFF433
00000C10
00001067
00000B1A
00000424
FFFFF61D
FFFFFF5E
000012CA
000000A5
00000A97
FFFFFFD0
FFFFF18C
FFFFFF43
00000713
0000002B
FFFFFFE9
FFFFFB13
FFFFF65D
FFFFF9BD
00001031
00000D72
00000836
FFFFFFDC
00000E18
FFFFF971
000014B9
00000166
00000090
FFFFFF60
00000175
FFFFF44E
FFFFF610
FFFFF411
00000B76
000001C7
FFFFF392
FFFFEF55
0000016D
000000C0
FFFFE7A3
000009F6
FFFFF8A4
00000385
00000C26
0000090B
FFFFFA35
000000F0
00000A9F
FFFFFD27
00000BF0
00000B2F
FFFFFAEE
FFFFF925
00000DFA
0000038C
FFFFFDDD
00000167
FFFFFD98
000016CD
000001EE
00000A4E
00001967
000005EF
00001696
FFFFFEB7
00001329
00001844
00000255
00000476
FFFFFF29
00000FE4
FFFFFFF8
000005E6
FFFFFE35
00000438
FFFFEE7A
FFFFF715
FFFFEC16
000000EA
FFFFFA95
0000021E
00000865
FFFFFED0
FFFFF287
FFFFF346
0000075A
0000068E
0000021E
FFFFFCDE
000008EA
00000B85
FFFFFCF4
000004DE
FFFFF548
000005F6
000000F4
FFFFFC66
00000367
FFFFFE6A
FFFFFD5C
000005B0
FFFFF988
00000C23
FFFFF335
000007AD
FFFFFF95
FFFFF414
FFFFFF20
00000869
00001313
FFFFFC43
000012A3
00000E44
00000AB4
00000FE7
000002FA
00000A71
00000D45
00000CA6
000003EF
FFFFFDB0
00000AF6
FFFFFC35
FFFFF4E4
000009C6
000001C1
FFFFE5A6
0000093C
FFFFEC2A
00000182
00000921
00000618
FFFFF79B
FFFFFC99
FFFFF230
00000458
FFFFF84F
FFFFF925
0000056B
FFFFFBC4
FFFFFD22
FFFFF684
FFFFF6EA
00000517
0000028C
00000CEF
FFFFF8DA
0000081A
FFFFF509
FFFFF4F9
00000693
FFFFFC7C
FFFFEFB8
FFFFFF0A
FFFFF6CC
000008CA
000003EE
FFFFE57F
FFFFF497
0000026D
FFFFEBA0
FFFFF552
FFFFF5E6
FFFFF10F
00000BCC
FFFFF95D
FFFFFCC5
FFFFF5ED
000002CB
FFFFFEFC
FFFFF307
0000033F
FFFFFA19
FFFFF6E0
000009E9
0000034B
0000084F
FFFFFFE5
00000AAD
00000C43
FFFFF69E
00000D21
00000B58
0000035A
0000156F
000000C6
00000C38
0000009C
FFFFF9D4
FFFFFA69
FFFFF82A
00000D53
0000052E
00000C56
FFFFFC8A
FFFFF969
00000422
FFFFF3F6
FFFFEFCA
00000B3C
FFFFFB1C
00000E5A
FFFFF2F6
FFFFFAEF
000005D6
000001E0
00000F8E
FFFFFCA5
00001776
000005A5
FFFFFF76
00000EF7
FFFFF6D3
000011D7
00001706
FFFFF1D8
FFFFFDC9
00000BA5
00000037
000006CB
FFFFFD13
FFFFED22
00000606
FFFFFE03
000008B3
FFFFFBAD
00000C63
00000086
000011B9
00000B25
00000BC3
00000F01
000003CA
FFFFF87E
FFFFFE6C
00000A0B
000005C4
FFFFF974
00000503
00000564
00000101
0000048B
FFFFF618
00000EBB
FFFFF2B7
FFFFF967
FFFFF2C4
00000F8E
00000A1E
00000D4A
FFFFFD17
0000027B
FFFFFFB0
00000E6F
FFFFFA0D
FFFFF524
FFFFF79A
FFFFF4CF
00000804
00000BF3
0000114C
0000166A
00000752
FFFFF662
00000189
0000065E
FFFFFDBF
000002FE
00000BC3
00000693
000004CE
0000038D
FFFFFAF4
0000019A
00000915
00000E65
00000E5E
FFFFF1E2
0000013A
FFFFF1E8
0000003A
FFFFFE40
000004FA
00000996
000007F6
FFFFF35D
00000558
00001530
FFFFF68D
00001799
FFFFFF17
0000049F
00001894
000012F0
00000C3A
000002B7
FFFFFA79
00000527
FFFFFFD8
FFFFF61A
000006B8
00000ECA
00001466
00000B6B
FFFFF480
000003E0
FFFFFE23
FFFFFF88
000002C2
000001A4
00000E89
FFFFF6A5
000006AB
000004D0
FFFFF6B1
FFFFEF19
000006F7
00000496
0000013C
00000892
0000072C
FFFFFB61
00000497
00000952
FFFFF7A5
00000955
000008D0
000002A4
0000165D
FFFFFAE2
0000042D
00000030
000003CD
00000C65
000002BE
FFFFFB1D
00000DE9
00000A93
00000622
00000323
FFFFEF0A
FFFFF1F9
FFFFFF4B
00000184
FFFFF33C
FFFFFF49
0000097B
FFFFFAFF
0000020E
0000007A
FFFFFF35
0000111C
FFFFFE7D
000005E1
FFFFF997
00000D26
FFFFFC89
0000038D
000006DB
00001909
00000ED9
0000060D
FFFFF590
FFFFF626
00000B47
000010B5
0000101F
FFFFFFDD
000003D4
FFFFF17B
00000E38
FFFFF791
FFFFFF20
FFFFF565
000001AA
FFFFFE6B
00000889
FFFFF5B8
FFFFFF0E
0000033D
00000CD5
00000F4F
000005FA
00000B51
00000BB9
FFFFFFE3
0000078E
000002D1
00000EB4
FFFFF9D0
00000F52
FFFFFB08
FFFFF58E
0000070D
FFFFF17F
FFFFFBFC
0000042C
0000099F
00000B6A
FFFFF3C3
00000609
FFFFFBE4
FFFFFF2C
FFFFFD60
FFFFF78A
00000299
00000885
00000148
FFFFFB4E
FFFFFCB1
FFFFF5A3
FFFFF3DE
FFFFFE12
00000099
00001164
FFFFF8EF
FFFFF3C6
FFFFEEE0
00000B71
00000681
FFFFFAEC
FFFFF85F
FFFFE425
FFFFF077
FFFFF062
FFFFF208
FFFFE25B
FFFFF028
FFFFF902
FFFFF011
00000680
FFFFF53E
FFFFF658
FFFFEB65
FFFFFD86
FFFFEFFA
FFFFED2B
FFFFFF7D
FFFFEA7F
FFFFF2CA
00001033
00001321
00001B51
000013CB
00001693
FFFFFAFF
000013ED
FFFFFDC2
00001690
FFFFF991
000014F4
FFFFF429
00000882
FFFFF707
00000EF1
FFFFFE54
FFFFF523
00000305
FFFFF86F
FFFFFAE5
00000148
00000795
FFFFF2E8
0000009C
000016DF
000007B8
000004AA
000002A6
0000176E
00001882
000002B0
00001B92
FFFFF826
000000FB
000006FD
00000F99
000009F2
FFFFFCDE
00000A3B
FFFFEF02
00000542
000013D6
FFFFFFBF
FFFFFE44
0000071D
000006DD
0000175E
00001671
0000179A
0000058F
0000107E
000007A9
00000471
000006E1
00000AD9
FFFFFD5E
FFFFF645
FFFFEEE3
FFFFEFDB
FFFFFCE2
00000436
00000176
00000EEC
FFFFF00F
00000219
000012B9
FFFFF6F2
000000BA
FFFFFA25
FFFFFB9D
FFFFE873
FFFFF673
FFFFF56E
0000007B
FFFFF80D
FFFFFEBE
FFFFF8F6
FFFFF81E
0000088A
000004CC
00000277
FFFFFA33
FFFFFC8F
FFFFFE34
FFFFF647
00000FC3
0000189B
000015A5
FFFFF9B1
0000123B
FFFFF84A
FFFFEA26
000008B7
FFFFFCC6
000007B1
FFFFFE73
0000066A
FFFFF271
00000E7C
FFFFF045
00000DC5
0000064E
00000FCC
FFFFF790
000008F4
FFFFFFA1
00000FD7
000009F0
000001AA
FFFFF3D7
FFFFF5CA
000008B4
FFFFFC15
FFFFE54D
FFFFF5D3
00000895
FFFFF122
FFFFEDB4
0000043E
FFFFF3C4
000000EF
FFFFFBBF
FFFFF59B
FFFFF716
FFFFEB5C
FFFFED70
FFFFFF52
FFFFFFFE
0000105F
00000A89
FFFFFC47
FFFFF2B1
00000F89
00000668
00000B9F
00000CBA
00000749
000010CB
FFFFF6A7
FFFFF8FC
000016FB
000002F9
00001214
0000076C
000008A5
000008F1
00000754
0000003A
000001D5
FFFFFB27
00000571
FFFFFA5F
000005BB
FFFFE942
FFFFEB68
0000064E
0000004F
FFFFF730
FFFFF47D
FFFFF430
FFFFF94A
00000617
00000832
00000223
0000034B
FFFFF60D
00000F5E
00001231
000009F6
00001B3B
00000F44
FFFFF8CF
00000A53
0000067E
FFFFF8A6
FFFFF93D
000006A2
FFFFF6EB
00000419
FFFFFD71
00000212
FFFFF247
000003DB
000014C3
FFFFFFDE
000008A6
0000134B
FFFFFA94
FFFFF963
FFFFF87D
00000666
FFFFFB9B
0000022E
000014C2
00000063
FFFFF786
00000941
0000113F
FFFFFC6A
0000096B
FFFFF41C
000008CE
00000B8D
FFFFFDF3
FFFFF519
000004C6
FFFFF782
00000AD9
FFFFF7BF
00000FFC
FFFFF509
00001341
000010B7
FFFFF9ED
000006D5
00000ED1
FFFFFC4E
FFFFFC69
0000122A
FFFFF082
FFFFEEA2
00000AFD
FFFFF424
FFFFEDCC
00000524
FFFFF8D7
FFFFFB73
FFFFFE59
FFFFFB9F
00000298
FFFFFD04
00000261
000009BD
00000F2B
00000D89
00000C1A
FFFFFAC5
00001984
00000BFD
00001FE0
000009F7
00000B19
00000EE5
00000CF3
00001628
0000086C
000006EE
00000DE7
00000AE3
00000A30
FFFFFE24
000001E4
FFFFFDE9
FFFFEA9E
FFFFF9CD
00000169
FFFFECFA
FFFFF239
FFFFFC14
000005C7
FFFFF47B
000000EF
FFFFF301
FFFFFD2B
00000D1A
00000D26
00001A07
00001A2A
00000004
00001A78
FFFFFF2A
000013D5
00001024
FFFFF3D1
00000B5A
00000CF9
000008F5
FFFFF32C
FFFFEAD8
FFFFF6A7
00000F52
00000E38
FFFFF3A3
FFFFFF55
0000012F
000011B3
FFFFF38E
00000BAA
00000120
FFFFFB84
000014B8
00000DF9
00000EEF
00000F83
00001943
00000A31
00000E0A
FFFFFD51
00000105
0000015D
00000339
FFFFF37C
FFFFFCF8
FFFFF710
FFFFFD35
0000050C
000008D4
FFFFFC4A
00001724
FFFFFB7A
000015B6
0000133B
FFFFF94C
FFFFFE8F
000012DE
00000021
000001B1
000002DC
FFFFFBE8
FFFFF021
FFFFF968
FFFFF418
FFFFF618
FFFFF47B
0000032E
FFFFEC47
0000043B
000003FE
FFFFF18E
FFFFEFC0
0000126C
FFFFFAB4
FFFFF27E
FFFFFC7A
00000459
00000BCF
FFFFF9A0
0000040E
FFFFFC66
00000373
FFFFFD1F
FFFFEF35
FFFFF9A0
FFFFFD74
00000D02
00000BC1
00000FE5
000018F2
FFFFF985
FFFFF824
FFFFFF24
000002A7
FFFFE81C
FFFFFC3B
FFFFFB17
FFFFED46
0000023C
000004A4
FFFFF6A3
00000103
000007D7
FFFFF918
0000170C
00000035
000001A8
000016F0
00000A0D
000007D6
FFFFF49D
0000106F
FFFFF971
00000458
000007BD
FFFFFEB1
00001362
00001614
FFFFF9B3
FFFFF67E
0000119E
00000928
FFFFF5EE
FFFFFE83
00000E7D
FFFFF712
FFFFF1EF
00000610
FFFFF955
FFFFEABD
00000016
FFFFF0C6
FFFFF4B7
FFFFF623
FFFFEDBB
FFFFE62E
000008BC
FFFFFA9A
FFFFEF40
FFFFFFF7
000009F1
FFFFE6D5
FFFFFF70
00000307
0000058C
FFFFF9F1
FFFFF903
000001C7
0000028D
000012DE
0000092F
00000D47
000014DB
000007FF
00000BA9
FFFFF7DF
FFFFF799
FFFFF3EA
FFFFEC52
FFFFF95A
00000765
FFFFF097
FFFFF437
00000005
00000F13
00000ED6
00000E34
0000123E
000010B2
000005A4
000004AB
FFFFFF70
FFFFFFE3
000007D4
000007E8
FFFFF82F
0000074A
FFFFFB3E
00000068
00000914
0000014B
00000A32
000006F7
FFFFF2E7
00000AE9
00001127
00001689
00001777
00001141
FFFFF72D
FFFFF16C
FFFFF34B
000012A1
000009D2
000006BC
FFFFF8E7
00000981
00000311
000007F2
FFFFFA5C
FFFFF0DB
FFFFF32C
FFFFFD36
FFFFF828
00000A9B
FFFFF15E
FFFFFF68
FFFFF234
FFFFF4BA
FFFFF9CB
FFFFFF5D
00000513
00000CB1
FFFFFE8D
000000AC
00000863
FFFFF5CA
00000783
FFFFFE54
0000094F
00000C3D
FFFFFFAC
FFFFFD36
FFFFFDDC
FFFFF7D5
FFFFF390
FFFFE86E
000002FB
000004E2
0000116A
FFFFF34A
00000771
FFFFFCF6
0000045C
FFFFFEC5
0000067A
00000C49
000009BD
00000863
00001025
000017EC
00000FCF
00000636
FFFFFF7A
000008C6
000008E2
00000E6E
000011E7
FFFFFC50
000011A8
FFFFFCB2
00000D6E
00001214
FFFFF93B
FFFFF8A4
FFFFF37D
FFFFFF8C
FFFFF4EA
00000739
000004D2
FFFFF973
FFFFFB7E
000005A0
00000F0B
000006C2
FFFFF4F2
00001591
FFFFF617
00000839
00001605
FFFFFC57
FFFFF298
00000543
FFFFF845
00000B72
FFFFF39A
FFFFFDCB
00000C9F
FFFFFDA1
FFFFF24C
0000053D
00000B03
FFFFEC32
FFFFFCF9
FFFFECC2
FFFFF9DB
000004E5
FFFFE818
FFFFFE38
FFFFFD33
00000269
000003D9
FFFFF33D
00000EA5
FFFFF3FC
00001888
0000044B
00000825
000016D1
FFFFFEB1
FFFFF6CF
FFFFF7A4
FFFFFD9B
FFFFFC9C
0000091B
FFFFF4B4
0000057C
FFFFF8AC
FFFFFA06
FFFFF9D3
0000006E
FFFFF71A
000002CB
00000255
00000484
FFFFFB73
FFFFFF7D
00000275
FFFFF558
FFFFF59D
00000A40
FFFFF703
FFFFFBE5
00000587
FFFFFCF5
000009EE
FFFFF30C
000000E4
FFFFF575
00000B7F
FFFFEEC8
000008A2
000003A1
00000301
FFFFF0A0
FFFFF96E
FFFFF0E8
FFFFF395
FFFFF634
FFFFFD46
FFFFF5AC
0000092A
000006D1
FFFFFA24
FFFFF4F7
00000518
00000361
000002AA
00000862
00000B32
FFFFF724
000006DB
000004FF
0000049B
000007FB
00000AE7
FFFFF906
00000944
000009AE
FFFFFF4C
FFFFF897
FFFFF6C8
000005C1
FFFFFD06
0000157B
FFFFFA9E
FFFFFB8D
00000390
FFFFF9D7
FFFFEEA4
00000BE4
FFFFFBDD
00000625
FFFFF36F
000002B1
00000907
000001B2
00000439
FFFFF44B
FFFFF1B6
00000878
00000F72
FFFFFFEA
000004F7
FFFFF7B9
000003E8
0000033B
00000C27
00000ACF
FFFFF77A
000005A0
000000C6
000001AE
00000BF2
FFFFEF78
FFFFF7B8
00000A25
FFFFF705
FFFFF1F5
FFFFEDD6
FFFFFCE1
FFFFF6BB
000001A4
00000261
FFFFEFD8
00000F44
00000800
FFFFFDA1
FFFFFAF8
FFFFF8DA
FFFFF665
FFFFF138
FFFFFA20
FFFFEE4E
FFFFFEC6
FFFFFCDC
FFFFFEE8
0000055B
000005DB
00000498
FFFFF2A5
FFFFF3F8
FFFFFDE7
00000B6C
FFFFF7D1
0000048B
000001F3
000003B3
FFFFFD7E
00000823
FFFFF26D
00000B7D
000011B3
FFFFF4AE
00000C66
FFFFFEC6
FFFFFAC5
FFFFF905
00000B73
00000C7C
00000B81
00000A4C
000006F3
00000062
FFFFF3A3
000005AF
FFFFFBA0
FFFFF8C5
FFFFF608
FFFFFD2B
FFFFFA5A
00000A3E
00000AE1
FFFFFDAD
FFFFFF35
FFFFFF39
0000038B
FFFFFFA8
000003FE
000007FB
00000724
00000591
FFFFF620
FFFFF9AF
FFFFEDE5
FFFFF3E7
FFFFF9AB
000004A0
FFFFECEC
00000314
000001F1
000004E3
FFFFFEAC
FFFFFDC3
FFFFF7A8
FFFFF966
FFFFFC61
FFFFFF09
FFFFEFEE
FFFFF37D
FFFFE31E
FFFFFB4A
FFFFF702
FFFFF538
00000013
FFFFF58A
FFFFFF05
FFFFFC87
FFFFFC52
00000FDA
FFFFFA86
FFFFF944
0000071C
FFFFFEFF
000004F6
0000054A
FFFFE7DF
FFFFFDF2
FFFFFB96
FFFFF698
00001185
00000A77
00000AC2
FFFFFFCD
0000071E
FFFFF8F4
00000D5C
00000370
FFFFFE4F
FFFFFD8A
FFFFFB0C
FFFFEEFC
FFFFFE2D
000002A0
FFFFF239
FFFFFCC7
FFFFF294
0000046E
FFFFF8C9
FFFFFBE7
00000057
00000768
FFFFECE6
00000FBF
FFFFF987
FFFFFFED
FFFFF37B
00000CB5
FFFFFA9A
FFFFF81D
FFFFF0BE
0000025C
FFFFFB4C
0000035E
FFFFF05B
FFFFF55E
FFFFF426
FFFFFDE7
FFFFFC45
00000321
FFFFF61E
FFFFF3AB
000001DF
00000703
FFFFFD10
000005F0
FFFFFC00
FFFFFBC2
FFFFFB23
00000048
00000659
FFFFF637
000009FC
FFFFFDFB
FFFFF09B
FFFFEEB6
000009FE
FFFFF281
FFFFFA51
FFFFF64A
FFFFFC7B
000006AD
00000EBE
00000875
FFFFFDD8
00000C0E
00000DAD
FFFFF709
FFFFFBE0
00000038
FFFFF9F8
FFFFFFEA
FFFFF4A1
0000094A
FFFFFD36
FFFFFF4B
000001A6
00001230
FFFFFF9E
FFFFFD9A
FFFFFE9D
00000ACE
FFFFFBEE
00000C0E
FFFFF8A4
FFFFF3CE
0000129A
00000CAF
00000BE9
FFFFFC67
00000141
000001A9
FFFFFE70
FFFFF7F3
FFFFFBC4
FFFFFEB3
00000068
0000014B
00001016
000007A7
000008C0
FFFFF634
00000B21
00000835
0000063B
FFFFF8F9
FFFFF792
00000AB5
FFFFF2C0
00000BA4
0000003F
00000042
FFFFF501
00000B48
FFFFF9DA
00000848
00000B9A
00000554
000001A2
00000BEC
FFFFFB61
0000060C
FFFFFC8D
FFFFFCCE
FFFFF5CB
FFFFF57B
FFFFF37B
FFFFF77F
000004DF
0000092C
FFFFFD03
00000601
FFFFFC4A
00000185
FFFFF14D
FFFFFE07
FFFFF333
FFFFE8B2
FFFFF774
FFFFFCEC
000001D1
FFFFFC45
FFFFEEDF
000013AB
FFFFF1E7
FFFFF2D2
00000EA4
FFFFF2F5
0000003A
00000EE9
FFFFE7ED
000003E4
00000142
FFFFFB62
FFFFFE1C
FFFFFAA0
FFFFF553
0000042A
00000474
FFFFF245
00000383
FFFFFED4
FFFFFFA0
0000001A
FFFFF9D3
000009CD
00000AE6
00000716
FFFFF82C
00000C32
FFFFF5BB
FFFFF153
FFFFF197
FFFFF04A
FFFFFDA4
00000ACB
FFFFFC8F
FFFFF90C
FFFFFF1A
0000057E
FFFFFEC7
00001046
FFFFFED7
00000BB7
00000194
00000DA8
000002BF
00000DCF
000004BC
FFFFFC6A
00000340
FFFFF8BE
FFFFF3E8
000003AE
000001D6
FFFFF8E8
00000C93
FFFFFDFC
000008E9
00000158
FFFFF2A7
000002D4
00000138
FFFFF95D
FFFFF9BF
000000FE
0000040D
00000B5F
00000306
00000630
0000036D
000007F0
00000601
000007D7
FFFFF4A3
000004C7
FFFFFF71
FFFFFCEB
00000C84
00000BA9
0000089F
00000329
FFFFF80D
00000C15
FFFFF899
000002B5
00000BAA
00000E53
FFFFFFBF
FFFFFE66
0000063B
0000060A
000001F0
00000315
FFFFF6AA
FFFFF30C
00000391
FFFFFB96
0000024E
FFFFEC2D
00000B03
FFFFFAF5
FFFFF4BB
00000CB5
FFFFFAE6
00000BA7
FFFFF6E1
0000046B
FFFFFE5C
FFFFFE1D
0000025B
000006A4
FFFFFC26
FFFFF144
FFFFFB83
FFFFF6A3
FFFFF602
FFFFF5B9
000005AC
000004C1
FFFFF372
FFFFF1CE
FFFFF2D5
FFFFFF3B
00000633
FFFFFD15
FFFFFE7C
FFFFF100
000011A9
FFFFF96E
000004E0
FFFFF061
FFFFFBEE
FFFFF271
00000036
FFFFF16F
FFFFFB8A
00000237
00000B19
00000BEB
FFFFFC76
000002C6
0000094E
FFFFF831
0000013D
FFFFF63A
FFFFF4BF
FFFFEB9B
000006BA
FFFFFCA1
00000694
00000867
000000C8
FFFFFE24
FFFFF8B0
00000D30
00000C2C
00000305
00000493
FFFFEFC2
FFFFF592
FFFFF910
FFFFF585
00000298
FFFFF751
0000100E
FFFFFB56
000002C7
000005C2
00000234
FFFFFC20
00000988
00000300
00000509
FFFFFFC9
000007E9
FFFFFBF0
FFFFFA31
000003D4
FFFFF758
FFFFF9CB
00000604
FFFFFE23
00000012
FFFFF4DB
000007D3
FFFFF7CB
FFFFFB7D
FFFFF468
FFFFFEC0
00000653
FFFFEDEA
FFFFFDE2
FFFFF1FB
FFFFF890
FFFFFCBF
FFFFF436
000006F4
FFFFFB7C
00000198
FFFFFA4C
FFFFF8F2
FFFFF15F
FFFFF242
FFFFFE74
FFFFF15D
FFFFF76C
00000CCC
FFFFF337
00000002
FFFFFC0E
FFFFF99A
000005E2
FFFFFBBB
FFFFFAEB
00000CF4
FFFFF863
000009AA
FFFFFBEA
FFFFF95C
FFFFFCB6
0000068D
FFFFF44C
0000075D
0000034C
000001A5
00000134
FFFFF556
FFFFFB38
00000C8D
FFFFFA20
00000E94
FFFFF9C7
00000E36
000006C2
00001299
FFFFFADE
FFFFF573
000001A1
FFFFF82B
FFFFF2DD
FFFFF677
FFFFFF04
FFFFF392
FFFFF970
FFFFFA86
00000905
00000A87
00000A1B
FFFFFA7C
00000284
FFFFFF4E
FFFFF98A
FFFFFD85
FFFFFEFC
FFFFFA1F
FFFFEFD7
FFFFF1AE
FFFFF2ED
FFFFFFA5
00000068
FFFFF55D
FFFFF69D
000002D7
FFFFFD62
FFFFFCF1
00000546
00000131
FFFFF0A8
FFFFF2E6
FFFFF669
FFFFFF0E
000003E3
00000EE6
00000B3C
000006CA
FFFFFF5B
00000236
000005E3
000006D1
0000138E
FFFFED65
FFFFF3D6
0000010B
FFFFEF3C
FFFFF533
FFFFFC1B
FFFFFB67
FFFFF087
FFFFFF81
000003AD
FFFFF5AB
00000046
00000739
000008F2
00000B2C
FFFFFB3D
00000170
FFFFFA72
FFFFF2E3
000008A7
FFFFFBEC
FFFFF88B
0000065A
00000009
000006B8
00000265
FFFFF97F
0000012F
000015E9
00000851
00000A06
00000D1C
0000012D
0000009D
00000CC7
000015E0
FFFFF2E1
FFFFF766
FFFFFB37
FFFFFFEE
FFFFF93A
0000085D
FFFFF622
00000519
FFFFFE35
0000148C
00000CC6
FFFFFFF8
00000759
FFFFFF72
FFFFFC05
00001169
00000293
00001045
FFFFFC8C
000005FF
FFFFFD35
FFFFE42B
FFFFFCD6
FFFFF41C
FFFFFE52
FFFFED84
FFFFF050
000007CF
0000080F
000006FE
0000042B
FFFFF428
000005A6
00000271
FFFFF6A9
000004DB
00000963
000010AF
00000CD8
FFFFFAB6
00000C73
00000114
000002A5
000001F9
00001213
FFFFF897
FFFFF9A2
FFFFF60E
FFFFFE06
FFFFF6BF
FFFFF995
FFFFFF7B
FFFFF653
FFFFFD5B
00000609
FFFFF600
FFFFFD0E
00000863
00000492
FFFFFB20
FFFFF2E4
FFFFFDA4
FFFFFA49
00000168
FFFFF264
0000027D
FFFFF0DB
FFFFFC02
000003BB
FFFFFC42
FFFFFBA8
FFFFF9D2
FFFFFF0F
00000583
FFFFFF1D
000001E2
00000AB6
FFFFFDAF
FFFFF134
00000432
00000727
FFFFEC32
00000408
FFFFFD86
FFFFF17E
0000024D
FFFFFC0B
FFFFFCC0
FFFFF1E1
FFFFF1FA
FFFFF949
FFFFF3E5
FFFFF51A
FFFFF7A8
FFFFF211
FFFFF849
00000333
FFFFF82E
FFFFF5AD
000010C5
000006F9
FFFFF912
0000080A
00001192
00000524
0000011D
FFFFFEBC
FFFFFD54
FFFFFF52
FFFFF9C4
FFFFFCB7
000006BB
FFFFF732
FFFFF85D
000007FF
000008A8
FFFFF5A9
00000EAC
000006A0
FFFFFB33
000005EE
FFFFFD2B
00000BD9
0000058E
00000A80
00000832
0000025A
FFFFF0BF
000008AA
FFFFF14F
FFFFF821
00000694
FFFFF555
FFFFEF6C
FFFFFEB6
000005B5
FFFFF5FC
00000195
FFFFF5C2
FFFFF630
0000014E
FFFFF1A1
FFFFFAF6
00000732
FFFFF6E5
00000D9F
FFFFFD45
FFFFFF1E
FFFFF396
000006BB
FFFFFF5E
FFFFF833
0000060C
FFFFF4E7
FFFFFD99
FFFFFD80
00000A00
00000C22
00000246
FFFFFAE3
00000230
0000026C
00000F8F
FFFFED5A
FFFFFCC9
000004CD
00000E3D
00000316
00000376
FFFFF70A
FFFFFAFB
FFFFF2D1
00000258
00000039
FFFFFE60
00000C50
0000033F
FFFFF97A
0000033B
FFFFFF97
00000139
00000836
FFFFFFB4
000007F2
FFFFF7CE
FFFFF48C
0000068C
FFFFFFF6
00000455
000016A5
FFFFF6E7
FFFFF68F
FFFFF997
0000027C
000006B6
00000982
0000084F
000007F4
000002D1
FFFFFEAF
00000C5E
000008FD
FFFFFDD7
FFFFFD32
FFFFFD94
000012D6
000014AC
0000026A
0000022A
FFFFF0E8
FFFFF171
FFFFF996
FFFFF680
00000560
00000409
000001F7
00000264
000008B0
000005C6
000001DB
000007DB
0000030D
FFFFF947
FFFFFDDD
00000023
00000EC0
0000053A
FFFFFE03
00000385
FFFFF462
FFFFF307
00000A94
FFFFF748
00000C3F
00000BA6
FFFFFD33
00000819
0000110E
00001301
00000580
FFFFFE6D
000009F3
000002C1
FFFFEF48
FFFFF694
000000BB
FFFFF69A
00000515
00000137
000003BA
FFFFECFD
FFFFF142
FFFFFDE1
FFFFF3FD
FFFFFB3A
000001D2
000000DC
FFFFF4A9
FFFFFDB5
000008B3
0000051B
00000AD5
FFFFF972
000001CD
00000708
00000C43
00000041
00001315
00000AF5
FFFFF94D
FFFFF263
00000213
FFFFF940
FFFFF92D
FFFFF62B
0000065C
000006CA
0000033D
FFFFF01B
FFFFFCDA
000003DF
00000722
00000CE8
00000106
00000661
00000440
000001AD
000009DC
FFFFFDF4
000006FB
0000012D
00000381
FFFFFB01
FFFFFE83
FFFFFF33
00000C6F
FFFFF8E7
FFFFF6BF
000004D6
00000470
FFFFFFB1
FFFFFE9D
FFFFFB44
0000039E
00000795
0000019E
000004BE
00000F61
0000009F
00000D25
FFFFF8C2
0000078F
00000F4F
000005FE
00000284
FFFFEBCA
FFFFFAFF
FFFFFB2D
FFFFFD1C
FFFFFD39
000009C2
FFFFF584
FFFFF411
FFFFE825
0000082A
00000599
FFFFF7AD
00000449
FFFFF69C
000003F3
00000A98
FFFFFD52
000009C6
FFFFF62B
0000039B
FFFFFDF2
FFFFFDB8
00000917
0000081F
FFFFF71F
000002F0
000001CA
FFFFFE8F
FFFFFE61
00000870
000006A3
000005B6
FFFFF792
000009A5
FFFFF7FF
00000ACE
FFFFFB51
FFFFF2B1
FFFFEF14
00000085
FFFFF374
FFFFF328
0000004F
FFFFF9FC
00000174
FFFFFAF3
FFFFF36E
FFFFFBAF
FFFFF760
FFFFFB08
0000005D
0000031C
000004A8
FFFFFAC2
0000091E
00000CB6
FFFFFFE8
00000855
00000516
FFFFFF7B
FFFFFA4E
FFFFFC77
00000008
0000019B
FFFFFD09
FFFFF448
00000286
000006F2
FFFFF488
00000048
FFFFF990
FFFFF87C
00000344
000000F6
000008D8
00000299
FFFFFBB5
0000117A
00000FE2
00000801
00000632
00000A44
FFFFF583
FFFFF670
00000974
00000BFF
00000924
FFFFFA71
00000877
FFFFF73D
000001F4
FFFFFE5C
FFFFF6ED
000005D3
00000BD2
FFFFFAF4
FFFFFD71
FFFFF86A
FFFFF956
00000760
FFFFFA4B
000007E3
000011F1
FFFFF7C6
0000009D
FFFFFC74
00000017
000005E1
FFFFFC77
FFFFF35E
FFFFED6F
FFFFF96F
000004E8
FFFFF8F2
FFFFFEEF
FFFFECDA
000003E6
00000C04
FFFFF8E0
FFFFFE98
FFFFF9DF
FFFFFC2D
000000D3
FFFFFAFD
00000BAF
00000BAD
0000100E
FFFFFD88
00000BD9
FFFFFE34
00000718
0000081B
00000F90
00000997
00000656
FFFFFE14
FFFFF8CB
00000840
FFFFF7EE
000007A5
FFFFF4F6
FFFFF908
FFFFF598
00000A98
00000238
FFFFF72F
FFFFEF23
FFFFFD89
00000879
FFFFF670
FFFFF92B
FFFFF454
FFFFFB61
000008F2
FFFFFBBC
FFFFFE2A
FFFFFEF8
FFFFFD9A
00000ABC
FFFFFF80
00000DE9
00000D0B
FFFFFEF8
000000F0
00000DC0
00000A2C
00000779
FFFFFDB3
00000493
00000004
00000BDE
FFFFF0FA
FFFFEE69
000002A7
FFFFFB7B
FFFFF976
FFFFF90C
FFFFEC11
FFFFFC1F
000004E9
FFFFF062
000005BD
FFFFF961
FFFFFE0A
FFFFFA42
0000029E
000000F4
FFFFFE5B
FFFFFF44
FFFFF8EF
FFFFF1F7
FFFFF48D
00000280
FFFFFFB8
000004BF
FFFFEFDB
FFFFFFC9
FFFFFC44
00000849
FFFFF8D0
0000048E
00000BAB
0000046B
FFFFF8C8
FFFFF6D7
00000394
000009EA
FFFFF8B4
000008F7
000007D3
0000036A
FFFFF855
FFFFFED7
FFFFF189
00000494
FFFFF3EE
00000C55
00000543
FFFFF870
FFFFF502
00000835
FFFFFFF7
FFFFF5F2
FFFFF998
00000B11
FFFFFEDE
FFFFF78E
FFFFF8D4
FFFFF54A
000002E6
FFFFFA17
FFFFF810
FFFFFE89
FFFFFA9B
FFFFF662
00000729
FFFFFFDD
FFFFFFEE
FFFFF66C
000008C7
FFFFEFA0
FFFFF898
FFFFF6D8
00000C39
00000754
FFFFF6FB
0000060D
0000042C
FFFFF632
00000361
00000AF9
000009C8
FFFFF8D1
FFFFFEFA
FFFFF1DB
000007B6
FFFFF885
000004E2
0000072A
00000B72
FFFFF930
FFFFFDD9
FFFFF6AC
FFFFFE62
FFFFFB8D
FFFFFBDC
FFFFF479
FFFFF3C8
FFFFF55A
FFFFF6B4
FFFFF1CB
FFFFF335
00000997
000005FB
FFFFF7F6
FFFFFDF5
FFFFF7B0
FFFFFC30
000008A3
00000286
FFFFFE18
000004B2
FFFFFD2D
0000072A
FFFFF954
FFFFFD4B
00000468
000003F0
FFFFF3F2
FFFFF4A3
FFFFFBD7
FFFFF619
FFFFF7B4
FFFFFD2F
0000068E
000001CB
FFFFFADB
00000672
0000005B
000006A6
0000097E
FFFFFF80
0000020A
0000088A
FFFFF8BB
0000031A
0000056B
FFFFFB99
000001CE
FFFFF612
00000FE9
FFFFF3DF
FFFFFB93
FFFFF54E
FFFFFBEA
FFFFF5BA
FFFFFD9E
000003BD
00000908
FFFFF6FE
0000073B
00000225
FFFFFF5A
FFFFFA12
FFFFF714
FFFFF567
FFFFF9F9
FFFFFE85
FFFFF4A3
00000C8A
FFFFF950
00000002
FFFFFCED
00000CB3
000004EE
FFFFFD2B
FFFFEFF8
00000462
FFFFFCBB
FFFFF762
00000529
000008B6
FFFFF291
00000B2E
FFFFF090
FFFFF950
FFFFFC3A
00000207
00000258
FFFFFAA4
00000820
FFFFFD71
FFFFFB7A
FFFFFDCF
FFFFF3BB
0000056A
FFFFFAA1
FFFFFF11
FFFFED36
FFFFF857
000000B5
00000BDA
FFFFE9DF
00000520
FFFFF03E
FFFFFF93
FFFFF71E
FFFFFD78
FFFFFB7D
FFFFF23C
FFFFF1E7
FFFFFC2E
FFFFFF8A
0000070B
000004A0
00000936
00000027
0000116B
000009C1
FFFFF0AA
FFFFF7F6
00000525
00000F89
00000074
FFFFF440
00000E9A
FFFFF511
0000023A
00001336
00000C61
00000859
00000CE6
00000248
000015A2
0000096D
00000A7F
0000086F
000006A2
FFFFF98C
00000B6A
000002D4
00000E3C
00000A7C
00000EB7
FFFFFC52
00000081
FFFFF569
00000CBD
000005A2
FFFFF7CA
FFFFFC39
FFFFFBB3
00000A05
000004C7
FFFFFCAB
FFFFFF78
FFFFED85
FFFFFB38
FFFFEBD7
FFFFF836
FFFFF94A
FFFFFCAB
FFFFF8F0
FFFFF769
FFFFEDAD
FFFFF902
FFFFF3C3
FFFFEB5D
FFFFFF15
FFFFF6AC
00000480
FFFFFDBC
FFFFF734
000009EF
00000C83
FFFFF7B3
000008D0
FFFFFC68
00000B72
FFFFFB63
00000804
00000A2A
FFFFF967
FFFFFCCA
0000038A
FFFFF892
000002BE
FFFFFB39
FFFFF1DD
FFFFF997
FFFFFCDA
00000EE7
FFFFF9CB
00000D70
FFFFF969
FFFFFDA5
FFFFF75E
000003A9
00000089
FFFFFCF0
000009AC
000005AB
00000A26
FFFFF5BC
00000305
00000067
FFFFFAF1
000018D7
000000E3
000005D1
0000039E
000005CD
FFFFF359
000006AD
FFFFFC50
FFFFF957
FFFFEAEE
0000070C
0000020A
FFFFFE76
FFFFF49D
FFFFF620
FFFFF645
FFFFFF3F
00000864
FFFFFE2C
00000DE0
FFFFF9EE
000000AF
00000F12
000000F6
00001202
00000EA0
00000D6F
FFFFFA11
0000010F
FFFFFC86
0000044A
000008E3
00000CE7
FFFFF5EE
00000827
0000025C
00000128
000002B4
000003B6
FFFFFEF7
FFFFF26E
FFFFF679
FFFFF5B5
FFFFF73C
0000021D
000002F3
00000562
FFFFF7CA
00000A4C
FFFFF480
00000DC4
FFFFF233
FFFFF7CE
FFFFFCC8
00001032
00000A20
FFFFFCE7
FFFFFE37
000002C1
000003DF
FFFFF8C0
FFFFF65F
FFFFF876
FFFFF9A2
00000B0B
000007EA
000003B9
00000584
00000906
FFFFEC20
FFFFF750
000000DD
00000305
FFFFFAD2
FFFFFE7F
FFFFFF93
00000AA4
00000D3C
000001EC
00000251
00000BD6
FFFFF70C
FFFFFE78
000004C6
FFFFFCFA
FFFFE95D
FFFFF693
FFFFF831
00000297
FFFFFC20
FFFFFDEC
00000268
FFFFF973
FFFFF874
00000780
FFFFFA0A
0000013B
FFFFFBEC
00001209
00000934
000004DE
00000154
FFFFF9F6
FFFFF8C5
00000894
00000597
00000766
0000074A
00000046
000011B0
000003B4
00000F17
00000265
00000E67
FFFFF972
000009B0
FFFFFAB1
FFFFF612
FFFFFE3E
FFFFF234
FFFFE894
000001EF
0000041A
FFFFF364
FFFFFAC6
00000278
0000062D
FFFFEC87
00000330
FFFFED50
00000412
0000032E
FFFFFC75
FFFFFF70
FFFFF7D6
FFFFF8BC
000007C6
00000A27
FFFFF4E8
FFFFFA7C
00000C08
000004FB
00000AE8
FFFFF996
000000C5
FFFFEC77
00000060
FFFFEF3F
FFFFEE07
00000011
FFFFFC65
FFFFEEAF
FFFFED93
FFFFE972
000009AD
00000678
00000DF7
0000051E
000002BE
00000018
00000A9B
00000557
FFFFFEDF
FFFFF4E7
FFFFFF73
000004F9
FFFFF675
FFFFF830
FFFFFE7D
FFFFF923
FFFFFF44
FFFFF927
00000416
000003DE
00000239
FFFFF4CF
FFFFFB23
000003ED
FFFFFB26
000000A4
FFFFFFF8
FFFFFE4F
FFFFFE26
00000CC4
00000033
0000037D
0000018C
000001F3
00000B5C
00000656
FFFFFBEA
FFFFF919
FFFFF964
FFFFEF69
FFFFFFD2
FFFFFAA7
FFFFFB6F
FFFFF65F
FFFFFCA9
000009DE
FFFFF5C5
FFFFFD90
00000A9B
00000FE4
000013FC
000008F8
00000268
000009E8
FFFFF13F
FFFFFE10
00000ABB
FFFFF55A
00000759
FFFFFE87
00000432
000000A1
00000776
00000903
000000B5
0000054E
00000AA0
FFFFF8C5
000008F5
00000856
00000A46
00000416
FFFFF9BB
FFFFF922
FFFFF20C
FFFFF3DE
000002E3
FFFFEFC1
00000024
0000015F
FFFFFC36
FFFFFB27
FFFFFEE7
FFFFF6A0
FFFFF3FB
FFFFFA54
FFFFFCF0
000009CE
00000597
FFFFFE47
00000A84
FFFFF665
000001A9
FFFFF41A
FFFFF4A2
0000029A
FFFFF48E
000001D7
FFFFFA9D
000003BC
FFFFFC86
0000060F
00000009
FFFFF9FE
000008D2
0000084C
FFFFF594
FFFFFFA2
000009CD
FFFFF627
00000E4B
FFFFFD03
0000097B
00000604
000009C1
000007C0
FFFFF538
FFFFF840
00000E22
FFFFFBD3
FFFFF7DC
00000ACF
FFFFF8A6
FFFFF701
00000A57
FFFFFD6C
00000725
00000BCE
000002CF
000013F9
FFFFF5FF
00000957
00000900
00000515
000005F2
FFFFF6F6
FFFFEF2E
00000292
FFFFF08B
00000C1B
00000DAA
000003CB
000001E1
FFFFFF98
000000E6
00000C38
00000EC4
00000126
FFFFFE2F
00000009
FFFFF4C2
000008E0
FFFFFEDC
FFFFFD23
0000037E
FFFFF8E7
0000009E
FFFFF618
0000048B
000001C7
00000A54
FFFFED98
FFFFFEFA
FFFFF7FF
0000089F
000003A3
00000797
FFFFF246
FFFFFB19
00000847
FFFFFCE4
FFFFFD69
FFFFEDD2
00000AAA
0000078F
FFFFEE52
000004AA
FFFFF308
FFFFEE0B
FFFFF362
FFFFF20A
FFFFFEEB
000008FF
0000040D
FFFFEE8C
FFFFEDE7
00000ADC
00000A69
FFFFF02F
FFFFFA2A
FFFFFB7B
00000909
FFFFF0A5
FFFFF4EB
FFFFF1D8
FFFFFA09
FFFFF84E
00001037
FFFFFCA4
FFFFEF56
0000090A
000009FD
00000091
0000054B
0000040F
FFFFFA53
FFFFFD27
FFFFFAA1
0000166E
000003D7
FFFFF7AD
FFFFEF4D
00000386
000004FC
FFFFFBAA
FFFFF3C4
00000956
000005F9
00000D96
0000064F
FFFFEED0
0000093C
000002B2
FFFFFB65
0000073A
00000609
FFFFF207
00000734
00000376
000009C0
FFFFFD68
FFFFFC46
00000627
FFFFF61F
0000134F
FFFFF008
FFFFF50F
FFFFFA70
000003A9
FFFFF15B
00001207
FFFFFBB6
FFFFF9CC
FFFFF984
FFFFF023
FFFFFAE9
FFFFEFEC
FFFFFA98
FFFFFEAC
0000059D
FFFFF01C
FFFFFB4E
00000BC9
FFFFFC36
000003F9
00000BAC
0000120B
00000766
FFFFF92D
FFFFFE71
00000008
FFFFFECE
0000091C
FFFFF605
00000905
000008FB
00000677
00000605
00001B3E
FFFFE9AA
FFFFFA28
FFFFF7A6
00000053
000006AF
FFFFFD75
00000699
00000BD1
FFFFF5BA
00000081
00000B0E
FFFFF334
000012EF
FFFFF582
FFFFFA28
FFFFF1A5
FFFFFE7A
FFFFFD65
000001C1
000000AB
000001C8
FFFFF6F9
00000603
FFFFF244
00000698
0000080A
FFFFFCED
000010A6
FFFFFCAB
00000375
FFFFF613
FFFFF166
FFFFFDAC
FFFFF220
00000937
0000043F
00000457
FFFFF4EC
FFFFF261
FFFFF1A8
FFFFFB12
000002A6
00000189
00000286
00000D23
000005F4
FFFFFC6B
FFFFED6F
000014A4
00000A6A
FFFFFC9D
000004D8
00001846
FFFFF953
0000145C
FFFFFB4D
00001096
FFFFF549
FFFFF0D1
0000106B
00000AC9
FFFFF18D
00000CAD
FFFFF09F
000005CF
0000160F
00000CA9
00001041
FFFFF851
00001252
000006BF
0000091B
00000B77
000009E8
00000728
FFFFF65E
FFFFF85D
FFFFFEE7
FFFFFFE5
000004D7
00000201
000009ED
0000158D
0000097D
000000F0
FFFFF9A5
00000327
00000DCB
000004E9
FFFFFB5A
FFFFFDC3
FFFFF4ED
FFFFF675
FFFFFC93
FFFFEDDC
00000F4E
FFFFF6D9
FFFFF95C
00000DF8
FFFFEE4F
FFFFFC79
00000073
00000C5C
FFFFF886
FFFFF2E9
00000865
00001509
FFFFF4B2
000007E4
000009E4
FFFFF85D
00000246
00000514
0000094C
000009EE
FFFFFBB0
FFFFF94C
000012E0
FFFFF4A6
FFFFF384
00000652
FFFFFC23
FFFFF82C
FFFFFF1B
FFFFFD0F
00000862
FFFFF442
00000004
FFFFFBB6
FFFFF996
0000040F
FFFFF9CE
00000828
00000570
FFFFFEA4
FFFFFEAF
0000042F
FFFFF68D
00001361
00000BE2
00000E5A
000006B4
00001B56
FFFFF685
00001355
FFFFFD48
00000321
FFFFF725
FFFFEB00
00000659
FFFFE640
000009C6
FFFFEE2F
000000EA
000003DC
FFFFFC30
00001441
00000625
FFFFF547
FFFFFD9C
FFFFF30E
00000883
FFFFFDA2
00000B36
000002F0
FFFFF37E
FFFFFF48
00000F4E
000012BF
FFFFF817
FFFFFD84
00000D92
00001015
FFFFDD92
00001161
000005F1
FFFFF00D
FFFFFD48
000018CD
FFFFEB02
0000161C
FFFFF708
FFFFFCB1
FFFFFBF4
00000628
FFFFFC78
FFFFFC44
00000098
0000038E
00000860
0000076C
FFFFFCAE
0000041F
FFFFFD5B
FFFFF69F
FFFFFC2E
FFFFF43E
000009BE
00000BDB
0000039D
00000D40
FFFFFF80
FFFFECA5
FFFFF5E8
FFFFED7E
FFFFF2D4
0000050B
FFFFFFA3
000017A8
FFFFF4E6
00001890
000006B8
FFFFF660
00000106
00001236
FFFFE775
00000E1C
FFFFEFF8
000000BC
FFFFEFE6
0000033D
00000B6A
000001E5
00000801
FFFFF194
FFFFFCF9
FFFFEBD1
FFFFFB0A
FFFFF7BC
FFFFFE9E
FFFFFC52
00000631
0000011B
00000D60
FFFFEF22
FFFFF3A0
0000060A
FFFFFA2C
FFFFFFFB
FFFFFBF7
000002C2
0000007B
FFFFF920
000009D2
FFFFF47B
000003DC
00000464
000009D0
000006B3
FFFFF6D8
00000EE3
00000CAA
FFFFF651
00000482
00000633
FFFFF85F
FFFFFC39
00000AD3
000010A8
FFFFF378
00000611
FFFFFAC1
FFFFF67F
00000D26
FFFFECC2
FFFFED88
00000801
000008B0
FFFFE6F6
00000FCF
FFFFFE66
000017C0
FFFFF5D5
000008CE
00000D6E
FFFFF48F
0000012D
FFFFFDDD
000007BC
00001208
FFFFF0B8
0000076F
0000045A
00000640
FFFFF0E8
FFFFF779
000008B4
FFFFFD8D
FFFFF5D8
FFFFF866
000008F3
00000D1D
FFFFFFEB
000000A6
FFFFFA3D
000006E0
00000598
FFFFFDC3
FFFFECE9
FFFFF7F5
FFFFFE83
000004C4
00000286
00000BC1
FFFFFE3C
000002BF
000005ED
FFFFF6D8
FFFFF371
000003CF
0000012B
FFFFF3F0
FFFFF5CD
0000066E
0000099F
FFFFF45A
00001269
FFFFF75C
000009D2
00000A27
0000047A
00000E9D
000015F1
FFFFF3DD
0000061E
FFFFFABC
FFFFFF20
FFFFF3EA
000008CD
FFFFF275
FFFFF7C0
FFFFFEF4
FFFFF128
00000085
FFFFFED9
FFFFFF01
000000BD
FFFFFACF
FFFFF6F6
FFFFFEE5
00000010
000003E1
FFFFFED3
FFFFF540
00000DA7
FFFFFC28
00000542
FFFFF1E9
0000008E
0000125F
FFFFFA5C
FFFFFDAB
000001B9
0000140B
00000DC1
FFFFFADA
FFFFFE2C
FFFFF8C5
FFFFFE87
0000048E
FFFFFD26
FFFFF812
00000B97
FFFFF25D
FFFFFB54
FFFFF6E4
0000013A
00000B74
FFFFFA45
FFFFF4C3
FFFFF8AD
FFFFF01C
00000F42
FFFFF8FA
0000029D
FFFFFAD9
00000383
FFFFF089
00000486
FFFFFA97
FFFFF849
FFFFFAC3
FFFFFEAC
FFFFF524
FFFFF867
00000AC2
FFFFF2CE
00000774
00000A35
00000899
0000071D
000010B0
000001EA
00000D46
FFFFFBCF
FFFFF7F4
00000A02
000008A0
FFFFF898
000009FE
00000CBD
0000003A
FFFFF714
000017A2
FFFFEEA9
00000027
FFFFE921
00000236
000005A6
FFFFEB98
FFFFF424
FFFFF40C
FFFFF297
00000448
00000EC6
00000367
000009FB
000001EE
00000B38
FFFFFEDF
00000F07
FFFFF5D6
0000001A
FFFFFAEC
0000031C
00000082
FFFFFE01
FFFFF749
00000B0C
000009CD
00000459
000007DA
00000215
0000111B
FFFFFB0E
00000953
000001F8
00000045
00000D6C
000012C2
00000EB8
00000691
FFFFFAE1
FFFFF5FA
FFFFF3E8
FFFFF534
00000696
0000010D
FFFFEC53
FFFFF444
FFFFF2F2
000009E3
000009B4
FFFFFB40
FFFFEC1D
FFFFF85B
0000019E
FFFFFCC3
FFFFF648
0000022A
FFFFFBAC
0000061E
FFFFFEDA
FFFFEF98
FFFFF836
FFFFFA4F
00000084
FFFFFB45
00000109
00000E4A
00000482
00000000
FFFFFCD8
000006EB
0000014B
00000469
FFFFFADA
00000616
FFFFFEC8
FFFFF963
0000040A
FFFFFC46
FFFFF6CA
FFFFFC0D
00000C11
00000C6E
00000C26
FFFFFBED
0000057B
FFFFF9FF
00000AA2
FFFFFC1C
00000801
FFFFF501
00000666
00000C6F
FFFFF878
000008D2
00000CBD
000006CB
00000BCA
FFFFFCE8
FFFFFBF4
00000718
000003C7
000009C6
FFFFF3CD
FFFFF741
000002D6
000001FA
00000F89
FFFFF8A0
FFFFF0DF
000003D3
00001957
00000E8F
000018EA
FFFFFB6A
0000034D
0000088E
FFFFFC45
00000F6A
00000B14
00000BFF
FFFFEE45
000000CB
FFFFFB93
0000047A
FFFFFFA2
0000019E
FFFFFA38
00000D54
FFFFEEAF
FFFFF110
000005DA
00001019
00000382
FFFFFBC8
00000719
00000755
FFFFF678
FFFFF517
00001039
FFFFF8B8
000012E7
000003BD
000011FA
0000070A
FFFFF822
FFFFF8F5
FFFFF426
FFFFFBB5
FFFFFC89
FFFFF695
FFFFF683
000007CE
FFFFEC3D
FFFFFB78
FFFFF53B
0000083A
00000E9B
0000007E
00001342
000003AD
0000046D
FFFFFA1C
000002A4
FFFFF3A2
FFFFF8F5
FFFFF532
FFFFF5D9
FFFFFF48
FFFFF0F9
FFFFF1D7
FFFFED0F
FFFFF5FE
00000147
00000BEA
FFFFFFB1
FFFFF8CC
FFFFEFF3
FFFFF67B
FFFFFE89
00000BCE
FFFFF923
FFFFFB10
FFFFFA5A
FFFFF76F
00000637
00000C0B
FFFFF5D6
00000CDD
0000016A
FFFFFB31
FFFFF4F6
FFFFF0C2
FFFFFE4E
FFFFFE74
FFFFF2BB
000005E5
FFFFFD08
000000E3
FFFFF3DC
FFFFF3FD
000002AD
FFFFF1F7
FFFFF99D
FFFFF26C
00000468
FFFFFCC6
000003A1
FFFFF543
00000206
FFFFF03F
FFFFF4E8
FFFFFDA1
00000392
00000CEB
000006F8
FFFFE7C8
FFFFFDA6
0000021B
000001B7
0000106A
000006D6
FFFFFE21
00000B2F
FFFFFD24
FFFFFC70
0000074F
00000E38
0000008C
FFFFF58E
00000473
0000079B
FFFFF5ED
FFFFF9A5
00000052
0000012A
FFFFF6D6
00000C13
00000279
00000756
0000028E
FFFFF9C6
000001D3
0000008D
000003AD
000008F8
0000065F
FFFFFA6B
FFFFFE04
FFFFFF76
FFFFFE7D
00000CD0
00000978
FFFFF92B
FFFFFA36
FFFFF9D0
0000048A
FFFFFCB0
000005AA
000004E5
0000115C
FFFFFA1D
FFFFF8E3
000006C9
0000018A
00000A62
0000000A
FFFFF858
FFFFF141
00000A9D
0000068B
FFFFF59D
0000044B
FFFFF6DE
0000077D
00000298
FFFFEABA
FFFFFD20
FFFFFD7A
FFFFF1A8
00000096
FFFFFF00
000007DB
FFFFFBE1
FFFFF991
000008F1
FFFFF32F
0000089F
FFFFF253
00000C51
00000460
000007FE
FFFFFA23
000007F8
FFFFF51F
00000C56
FFFFFCCD
00000DEC
FFFFFAAB
00000438
00000338
00000356
00000912
00000703
FFFFF8FD
000007DC
FFFFFEB2
00000327
0000071B
FFFFF072
FFFFFFFC
FFFFFD15
FFFFFBC2
FFFFFCCC
0000086F
FFFFF1F9
FFFFF755
00000166
FFFFF2B7
000003BC
0000137A
FFFFF743
000005BB
FFFFFB0E
FFFFF274
000005E6
FFFFF874
FFFFF975
000003BF
FFFFEFF5
FFFFFBBD
FFFFF2EB
FFFFF035
FFFFF8E9
FFFFFE5D
000002BE
00000A7A
000009D7
00000732
00000581
00000321
000007A1
00000910
0000028B
FFFFF9AB
FFFFF167
FFFFFCCC
000001CF
0000014B
FFFFFA2B
FFFFFA6C
FFFFED8F
0000070C
000005A7
FFFFF471
FFFFF611
FFFFF7D6
FFFFF2BA
00000884
FFFFFCAA
FFFFFF80
FFFFFD7A
00000736
FFFFF9F2
FFFFFC97
00000678
00000764
000009FA
FFFFFF6A
000000D6
FFFFF92C
FFFFED21
FFFFFF85
0000098D
00001316
00000474
FFFFF048
0000091F
FFFFF6D0
000005FA
000003D7
000002DE
FFFFF17A
FFFFFF75
00000D2A
0000040F
FFFFFAC3
FFFFF721
FFFFEBE8
FFFFF565
FFFFEDDF
FFFFF949
FFFFEEC9
FFFFF6C1
00000455
FFFFF1B7
FFFFFA92
FFFFFA46
FFFFEE0F
00000553
000009BA
00000E4E
00000654
000004AF
FFFFFE35
FFFFFC24
FFFFFC4B
00000BC8
FFFFF842
FFFFFCB6
00000BEB
FFFFF9A1
000005AD
00000AF7
FFFFF4D6
000008A5
00000593
00000929
FFFFF550
FFFFFFA7
00000291
FFFFFEA0
FFFFF2A4
00000E30
0000085F
FFFFFE8D
00000208
FFFFF9C2
00000BDD
FFFFFA86
FFFFF089
0000077D
FFFFF523
FFFFF20D
0000044E
00000BE3
FFFFF04B
FFFFFA24
000002E4
FFFFFA23
FFFFFD4D
0000045C
00000272
FFFFF890
00000512
FFFFF9FD
FFFFF754
FFFFF0A4
00000CE1
000007DC
00000434
00000C01
00000617
FFFFFB81
FFFFF232
FFFFFD99
00000599
FFFFFA44
00000782
FFFFEF20
FFFFF3BD
FFFFF923
FFFFFD3F
000001A2
FFFFF2CE
FFFFEB87
FFFFEB47
00000145
FFFFFF87
FFFFF3B0
FFFFF1E9
0000092B
FFFFF973
FFFFFFE1
000003B2
000003EE
00000D7E
0000098C
000008D5
00000CBF
00000708
00000989
FFFFFA80
000011E1
00001159
000011BE
00000D7A
0000021B
00000B21
00000015
000000D0
FFFFF5FE
FFFFFDAE
FFFFF6D2
FFFFFD08
FFFFF831
FFFFF596
0000067E
00000AED
00000CFE
FFFFFD71
FFFFFB52
00000224
FFFFFDAF
000003DE
FFFFFA72
FFFFF1FA
0000064B
FFFFF869
FFFFF4EE
FFFFFF27
000002F8
FFFFFECC
FFFFFE12
FFFFF95C
FFFFFFC7
000003A6
FFFFFFCF
000009DB
00000220
FFFFF429
000001C3
FFFFFB72
00000AC9
0000099E
00001046
FFFFFDC0
00000379
FFFFF5DC
FFFFF8FD
FFFFF5ED
FFFFFEBA
FFFFFE18
000006EC
00000037
FFFFF994
FFFFFE09
FFFFF031
FFFFFB19
FFFFEB5A
FFFFFFCF
FFFFEBD4
FFFFF100
0000008A
000000AD
FFFFF44D
FFFFF908
FFFFF26F
FFFFFE8D
FFFFF322
0000004E
00000401
FFFFF1FE
00000224
FFFFEFAA
FFFFFDEF
FFFFF873
FFFFFA46
FFFFFFE9
FFFFEF93
FFFFFFA7
FFFFEC4B
0000055D
FFFFF1D5
00000293
FFFFFB8E
FFFFFB8B
FFFFEFF0
00000395
FFFFF22C
00000998
000008E9
FFFFFD44
00000E5F
00000FAB
0000039E
0000044E
FFFFF7F8
FFFFF7DA
FFFFFE01
FFFFFC68
0000097E
000001C9
00000DCA
00000AB3
00000403
000004DA
FFFFF9F3
00000DE0
00000A0E
00000C93
FFFFFD6A
FFFFF7B8
000009CE
000005B8
00000DDB
000010A6
FFFFF7C0
000007AE
FFFFF2AE
FFFFFAE0
FFFFF8BF
FFFFFE6E
FFFFFB68
00000234
FFFFF60C
00000BD3
FFFFFCA5
FFFFFF53
00000653
00000695
FFFFF59B
00000E45
FFFFF529
FFFFF802
FFFFFE69
FFFFF1BA
FFFFEDD3
FFFFF400
FFFFFA00
00000268
0000027A
FFFFF8E6
FFFFF085
0000060B
FFFFF8B6
FFFFF4B5
FFFFFF4E
FFFFFF62
00000583
FFFFF240
000000F9
0000097E
00000789
FFFFF75A
00000BCB
000003CA
FFFFF3D5
FFFFF843
00000542
FFFFFABD
00000069
FFFFFDC6
00000431
FFFFF407
00000C24
FFFFF452
0000043A
00000551
FFFFFCA6
FFFFFC51
FFFFF119
FFFFFB4C
0000019F
00000CE8
00001285
00001133
0000059F
00000483
000007C8
FFFFFB1F
00000581
FFFFFCDA
00000AE6
FFFFF9A5
00000B07
FFFFEE5D
FFFFF9AC
0000009F
FFFFFD37
FFFFF3E4
00000127
000006C8
0000043E
FFFFF57B
FFFFFF87
00000389
0000064B
00000499
FFFFF243
00000625
000010A2
FFFFFC92
FFFFFAEF
000008D0
00000263
000012A2
FFFFF927
FFFFF723
FFFFF422
FFFFF868
FFFFFB61
0000035F
FFFFFBDD
000002D2
FFFFF065
FFFFF935
00000535
FFFFF90D
FFFFF8D9
FFFFF885
00000E91
FFFFFF7B
FFFFF3CD
FFFFFF27
FFFFFB0A
000008A5
FFFFF799
0000059E
FFFFF6DF
000005F2
0000043C
000008C0
0000048F
000003FD
00000097
FFFFF76F
FFFFF879
FFFFFE24
FFFFFFC2
00000222
0000047E
FFFFFECA
FFFFF355
FFFFF21B
000000A7
FFFFF841
00000C84
FFFFF6E8
FFFFEECB
0000027B
FFFFFAF4
FFFFF7D0
0000063A
00000CBF
0000062D
00000328
FFFFFBC5
00000B28
FFFFF691
FFFFF874
000006F4
FFFFF66B
00000860
FFFFF042
FFFFF996
FFFFF9A3
00000196
00000D9D
00000BDA
FFFFF71A
000003ED
FFFFF901
FFFFFD20
FFFFFCCA
FFFFF97B
FFFFEE58
FFFFF145
FFFFEFA6
FFFFFAC6
FFFFF464
FFFFF952
000008BC
FFFFF9C7
00000533
FFFFF909
FFFFFF8A
0000010B
FFFFF189
00000A22
FFFFF555
FFFFF34F
000007F6
FFFFFE77
FFFFF46E
00000A34
00000025
FFFFF9B6
FFFFF47A
000006DA
0000004D
0000059F
FFFFF4A4
FFFFFE5B
FFFFF3AD
000003F0
FFFFEF15
FFFFF8F4
FFFFFBEA
FFFFEF47
FFFFF511
FFFFF91D
FFFFEAA0
00000566
0000018C
FFFFFCCF
00000C72
00000BE5
0000113A
0000091F
00000890
00000FD8
00000265
00001191
FFFFF05F
FFFFFB5F
FFFFFF06
000003D7
00001529
FFFFFD21
FFFFF3DB
000001E0
000008CD
FFFFE77E
FFFFF1D1
FFFFE850
FFFFFC40
FFFFE724
FFFFF65A
FFFFE64F
FFFFE92B
FFFFEE68
FFFFFDCC
00000118
FFFFF329
FFFFF5FD
00000343
FFFFECA3
FFFFFABC
FFFFF0F6
FFFFF544
00000E11
00000BB3
FFFFFA74
0000125F
FFFFFE8F
FFFFF1B7
FFFFF2C1
00000475
00000735
FFFFEC10
00000A8E
FFFFFEE3
FFFFF24D
FFFFF4AD
FFFFF7F0
0000057E
FFFFFC36
00000C4F
FFFFFD43
FFFFFFE7
FFFFFBA7
00000399
FFFFFFA8
0000112A
FFFFFCD2
FFFFFEED
0000064C
000006E8
00000331
FFFFFED9
000003FF
000008BD
000003B6
FFFFF5EF
FFFFF1C8
FFFFF454
0000068F
FFFFFDD6
FFFFF4F0
FFFFEE7C
FFFFFACE
FFFFECFE
FFFFFFEC
FFFFF911
FFFFF845
FFFFF5EA
FFFFF6CF
FFFFFAE0
0000036C
00000EC9
000009A3
FFFFEEAE
FFFFF7CA
FFFFF746
000005B7
FFFFFD22
00000114
FFFFED71
FFFFFBC5
FFFFEE52
FFFFFF37
FFFFF1F2
000010E8
FFFFF61D
FFFFF1A0
FFFFF700
FFFFEC8F
0000115C
FFFFECFA
00000B6F
000002F8
00001185
00000656
00000E66
000004A0
FFFFFDA1
FFFFFD3A
000005EE
00000158
FFFFFBA3
0000045C
0000054F
FFFFFF87
00000631
FFFFF71A
FFFFF46F
FFFFF4DB
FFFFFB38
FFFFF912
FFFFFC50
00000BE2
00000AA8
FFFFF91F
0000058A
FFFFF926
FFFFFA92
FFFFFFA2
FFFFFB64
00000471
00000143
FFFFFEA1
FFFFED0C
000002A0
00000101
000000E0
00000395
FFFFF585
FFFFF327
000000DB
FFFFF5CB
FFFFFF52
FFFFF867
00000ABF
FFFFF8A4
00000539
00000AAC
000001CD
FFFFFB41
00000B9B
FFFFF956
FFFFFF65
00000BB5
FFFFFEAA
FFFFF22A
FFFFF758
FFFFFC62
000001F1
0000056F
000009DE
000000C1
000004E3
FFFFF1F4
FFFFFDD1
00000D5C
0000174B
FFFFFB39
FFFFEC7B
000007BC
FFFFF5D2
000001F0
000001FB
FFFFFAC5
00000D0F
00000032
000000D5
FFFFF3B4
0000009C
FFFFF55B
0000060B
FFFFEEB2
FFFFF643
FFFFFFA4
FFFFF171
00000AAE
0000034B
00000760
FFFFFD50
FFFFFA65
FFFFFCBB
00000F5F
000003AC
00000514
FFFFFF63
FFFFFD6C
00000702
00000377
000009F9
00000841
FFFFF4DA
00000AA1
0000010F
FFFFF63E
0000054E
000001FB
00000A24
FFFFF75C
FFFFF5DE
00000271
FFFFFE3E
0000028C
FFFFF7E6
FFFFF350
FFFFFBAF
0000038D
00000677
00000E3D
FFFFF7D7
00000EA6
FFFFEB6D
00000685
FFFFFE6E
000007F7
000005F3
FFFFFD30
FFFFF784
0000065C
0000015F
00000449
000010AB
000006E1
00000B47
000002BC
00001297
FFFFFAB0
FFFFF8CD
00000FBA
FFFFF420
0000101C
FFFFF9BC
00000935
000013F6
00000C1C
00000F10
000003A7
00000BA7
00000D43
FFFFF7A0
FFFFF9AE
000003A2
00000A0C
00000FA6
FFFFF6B7
FFFFF298
00000B7F
FFFFEC5D
000000E7
00000D2F
00000157
00000B1A
FFFFF286
0000073C
FFFFF506
FFFFF87A
000002A8
FFFFFEEC
00000854
000010BB
00000474
FFFFF4BB
FFFFF8B6
FFFFFBFC
FFFFFFC5
00001039
FFFFFA48
FFFFF4ED
FFFFF811
FFFFF89D
FFFFFA92
00000448
FFFFFE1E
FFFFF800
000000ED
FFFFF0EE
FFFFFCA7
00000E66
000006F8
FFFFF571
000001EB
00000268
000006D2
000004BD
00001154
FFFFF727
000001D3
FFFFF96B
FFFFF9BC
FFFFFA96
00000AE3
FFFFFE2E
00000C6C
00000388
FFFFEB46
0000013E
000012BE
000005D5
0000144C
FFFFFAB3
FFFFF61F
FFFFFDFE
FFFFF719
FFFFF76F
FFFFEFED
0000093D
FFFFFB94
0000025F
FFFFF959
00000727
FFFFFFD8
0000052C
00000A85
00000AF2
00000A91
00000699
00000E31
FFFFFF85
FFFFF516
00000672
00000C5A
FFFFF6A4
FFFFFF41
FFFFF5AF
FFFFFC6F
FFFFF80E
FFFFF85F
FFFFFAB2
0000005C
00000871
00000439
00000017
FFFFFFD4
FFFFF711
FFFFF4D2
00001240
00000C2D
00000863
FFFFFF67
FFFFF82A
FFFFF2C5
000002A0
0000049D
FFFFF13C
00000B65
FFFFFF4D
FFFFFAB9
FFFFFCF8
000010BF
00000C4A
000015E6
00001627
00000A90
000006E1
000005DD
FFFFFCD4
FFFFF247
FFFFE877
FFFFE2A0
00000169
FFFFFC7F
0000117C
FFFFFD08
FFFFF24F
FFFFDFF8
00000307
FFFFF7BC
00000486
00000347
FFFFF89C
FFFFF8B7
FFFFFA77
FFFFFE80
FFFFF87B
FFFFF89E
000002AB
0000026C
FFFFEF72
0000036C
FFFFF0AF
000004A9
FFFFE856
FFFFFF17
0000085C
FFFFF9F5
000006A1
FFFFFB04
00000833
FFFFFD02
FFFFF296
000007A5
0000063F
FFFFFDC6
FFFFF78E
FFFFF781
00000487
00000AA4
00000188
FFFFF95B
00000587
00000A87
FFFFF90C
0000081B
000001E6
00000C09
FFFFFFE6
FFFFF99F
00000943
000009DF
FFFFF9D3
00000857
00000D6E
FFFFFFDA
FFFFFD23
FFFFFFDA
00000744
00000103
000008BF
000005AB
FFFFFAE4
FFFFF777
FFFFF8D4
FFFFFA9A
000000D9
FFFFFB45
000007DF
00000A26
000009B2
FFFFF7AA
FFFFFF07
FFFFF98B
00000333
FFFFF761
FFFFF72C
FFFFFB2F
FFFFFAAB
FFFFFDF7
000007B2
00000425
0000065C
000004AC
FFFFFC51
000001EE
FFFFFE71
00000945
FFFFF781
00000C13
0000022A
FFFFFF70
FFFFFFC8
00000568
00000AFE
FFFFFFBD
FFFFF11C
000004B7
FFFFF8A9
FFFFF84C
FFFFF5A8
00000233
FFFFFD3C
FFFFFC1A
000008CA
00000E26
FFFFFE01
FFFFF5C3
00000678
FFFFF593
FFFFF7BE
00000A28
00000D96
00000023
00000577
FFFFFA90
FFFFFC73
0000014F
FFFFF95F
0000043E
00000ACE
000006E3
FFFFFC92
00000CCF
0000025D
0000042F
000006CB
00000B83
FFFFFCC0
00000279
00000898
FFFFF819
0000024C
00000B38
FFFFFA5A
FFFFF90F
FFFFFAB8
00000398
000003FC
FFFFFACA
000004F9
00000DEF
FFFFF77B
000004C5
FFFFFAD5
FFFFFEA0
00000665
00000C41
FFFFFC29
000002F9
FFFFF725
0000047C
00000A79
0000003E
000003A1
000008D0
00000465
0000070E
FFFFF8F0
00000E3D
FFFFFD68
00000298
00000420
0000047E
FFFFF55D
00000C65
000008BC
FFFFFFF6
000009EB
FFFFFD04
000009E5
000009E4
FFFFFE11
FFFFFF36
00000F5B
FFFFFCDF
0000083F
00000679
FFFFFBFA
000006B2
FFFFF65C
000005A7
FFFFF7E0
000005ED
FFFFFABF
FFFFF0B4
0000006F
FFFFF38F
00001038
FFFFFDD3
00000C40
FFFFFFEF
00000A77
FFFFFEDC
00000C9B
0000048B
00000FAE
FFFFF438
00000FBA
FFFFFA72
00000EE7
FFFFFD29
000006F4
00000946
00000E4B
FFFFF689
000007E3
FFFFF8D3
FFFFFBF2
000003C9
FFFFFF72
00000634
00000994
000004CE
0000037C
0000021D
0000058F
FFFFFA58
FFFFFFC0
00000D3D
0000003F
00000058
00000C43
00000371
00000D03
00000500
000005B7
000009EB
FFFFFE59
000009FC
00000CEF
FFFFFBF2
FFFFFA6B
FFFFF32B
000001E2
FFFFFB8A
FFFFF275
FFFFF487
FFFFFC71
FFFFFFA3
FFFFFB1F
FFFFFB29
FFFFFCF7
FFFFF2DE
00000B4D
FFFFFF61
000001F6
FFFFF490
00000D11
FFFFF2C1
000007FD
FFFFF82B
FFFFFD70
FFFFFAF6
FFFFFD11
00000642
FFFFFE11
0000044F
00001277
FFFFF24A
00000AE1
FFFFFB10
00000D13
00000A9E
FFFFFB76
00000572
00001727
00000C93
000001B8
000000B7
000006AD
00000DD8
000002E2
00000ADD
FFFFFD7E
FFFFFFF9
00000BAA
FFFFFE3F
FFFFFC6E
000002B2
0000069A
00000219
FFFFF3C5
FFFFF8E6
FFFFFDCC
00000124
FFFFF4C7
000009FE
0000060F
00000098
0000086E
00000C14
FFFFFB35
FFFFFEC2
FFFFF958
FFFFFD2B
000001E4
FFFFFB9D
00000CC2
FFFFF8CE
0000002E
FFFFFB7D
00000ACE
FFFFF110
000000A4
00000A0E
00001608
000001C1
FFFFFCEA
00000B0C
00000A95
FFFFFEF1
00000E94
FFFFF6DA
00000248
000001B5
FFFFF8C6
FFFFF96E
FFFFF7C6
FFFFF5EE
000002DB
0000044D
FFFFF1F3
FFFFFE1E
00000D4F
FFFFFEDE
000003B1
00000A47
00000590
000007EA
000004E7
00000404
00000B36
FFFFF5D1
00000EDA
FFFFFFF1
0000079F
000003FB
0000073A
FFFFFF1E
FFFFFAC9
FFFFF1A3
FFFFF949
0000035D
00000941
FFFFF104
000003D8
000002E0
FFFFF82E
FFFFF369
000009A0
FFFFF64B
00000723
00000E99
000008DD
0000080A
000008BD
FFFFF74C
000005B4
000005EC
000006AE
FFFFFAED
FFFFFE07
FFFFFE42
00000672
00000556
00000EC4
FFFFF410
FFFFFEAD
FFFFF9EB
00001106
000006FB
0000034D
000003E2
00000E64
FFFFF8E8
FFFFFD07
FFFFF9FD
00000A3D
00000715
00000A1B
00000246
00000217
00000824
FFFFF7DB
000001BE
FFFFF6D6
000001B8
00000B7D
FFFFFD8C
FFFFF8FA
FFFFF763
00000746
000000B0
FFFFF738
FFFFF71D
000014BF
FFFFFABD
00000EC9
FFFFFF06
00000B91
000001D5
0000033C
FFFFF6F4
00000A76
FFFFFBDD
FFFFFEE6
FFFFFC1E
FFFFFDB3
00000ABA
00000007
00000889
00000507
00000544
000002E7
00000362
FFFFFA95
FFFFF29F
FFFFFE8E
0000018C
FFFFFA73
FFFFF78E
FFFFFA68
FFFFFCEE
FFFFEC07
00000019
00000212
FFFFECD9
FFFFEB8C
00001058
00000107
00000CF1
FFFFFA8B
FFFFFECF
FFFFFB3A
00000149
FFFFFCF2
FFFFFE54
FFFFFCC8
0000081E
0000095A
FFFFFCA7
0000027D
0000072C
00000AF0
FFFFFD3A
0000042A
FFFFFE7A
FFFFFF21
FFFFFB9A
00000387
000000C5
000001A7
FFFFFF0B
00000757
FFFFFA13
0000052B
FFFFFF2C
FFFFF535
00000A33
FFFFFCF8
0000015D
FFFFFC4D
FFFFF28F
FFFFFF9D
0000031F
000002AB
0000088B
000009EB
00000836
FFFFFDF9
00000742
FFFFFEC0
000002DF
FFFFFC8E
00000888
000006F7
FFFFFE67
00000592
FFFFFD81
FFFFF32D
00000A20
0000003E
00000445
FFFFFCE5
00000007
0000067B
000006B5
0000051A
FFFFFB1B
000003B0
000004C7
FFFFF8FF
FFFFFCA8
FFFFF2E7
FFFFFACC
FFFFFDBE
FFFFFE67
FFFFFEBF
FFFFFC26
00000606
00000669
FFFFFAD0
00000076
FFFFFAC7
00000E8F
0000084D
000000AA
000008D6
000008DC
00000815
00000198
00000F0B
000002E2
FFFFF98B
0000071C
00000362
FFFFF58D
FFFFFB9A
00000FB4
FFFFFB92
000007F9
FFFFFCF8
FFFFF177
00000AED
FFFFFF87
0000089D
FFFFF4E5
FFFFFB04
FFFFF6F7
00000D63
00000AA6
FFFFF418
FFFFFF3E
FFFFF8F3
000009AB
00000239
000009F3
0000090F
00000BC1
000001EF
FFFFFC27
FFFFFA24
0000087E
FFFFF971
FFFFFFF5
FFFFFD21
FFFFF8A3
FFFFF735
FFFFFD6A
0000096B
000007A8
00000179
000009E2
0000039F
FFFFF8C5
FFFFFA29
00000A4E
FFFFFF6B
000014EB
000004D0
00000C2F
000005AF
00000D56
FFFFF95C
FFFFFC9C
0000007F
FFFFF61A
FFFFFD21
FFFFFB10
FFFFF2EB
0000051C
FFFFF355
FFFFFF17
00000384
00000148
00000033
0000057D
FFFFFF8A
000003ED
FFFFF4D7
00000987
00000E19
FFFFFFB4
000002BE
00000287
00000D58
FFFFFB07
00000410
FFFFFA33
FFFFFA11
FFFFFAA5
FFFFFB0F
00000866
0000079B
FFFFFF79
FFFFF112
00000336
000008DE
FFFFF735
FFFFF7B7
FFFFFE6B
FFFFF816
FFFFE962
FFFFE8AD
00000B04
FFFFEC8E
00000CC2
00000729
0000148C
FFFFEEA0
FFFFEE65
0000030E
FFFFED98
FFFFEB09
FFFFF122
00000C91
00000ACE
FFFFFA3E
FFFFF840
FFFFF98C
00000472
FFFFF4E4
FFFFFF52
FFFFF4DA
FFFFF951
00000612
FFFFEFAC
FFFFF129
FFFFED22
000010E8
00001603
00000B08
FFFFF5F9
FFFFF549
FFFFFBA2
00000A7A
FFFFF7EE
FFFFFA21
0000154B
FFFFFF09
FFFFE948
FFFFFF4E
00001BC4
00000B03
000008E5
FFFFFC63
FFFFEC3F
FFFFFC5E
00000449
FFFFE063
FFFFE884
FFFFFE46
FFFFF3FB
000002CD
FFFFE32F
000015AB
FFFFFEE2
FFFFFF18
FFFFFE79
FFFFF71E
0000083A
FFFFF680
FFFFF4E0
00001A38
FFFFE892
FFFFFF57
FFFFF97A
00001185
FFFFF244
FFFFF6F9
000003C1
FFFFFC5B
00000E0B
00001002
00000E5E
FFFFF85E
00000D10
0000176D
FFFFFEAD
00000822
0000056C
FFFFEB5D
000007DF
FFFFF57B
FFFFE75F
00000A74
FFFFF3BA
00000813
FFFFEA72
00001026
FFFFEF17
FFFFF7C8
00000C62
FFFFFF03
00000F19
0000124B
FFFFF74C
FFFFEBFA
FFFFFCF2
000018DA
FFFFFE7E
00000456
FFFFFE4D
00000048
FFFFFB59
FFFFEBF7
FFFFEE13
00000CA6
FFFFF31B
00000803
FFFFFD53
00000B4B
FFFFF747
000002EE
FFFFEFCB
00000CEA
00000706
FFFFFCD0
FFFFF306
FFFFF762
FFFFED68
00001015
FFFFFC8C
00000EC8
00000DCC
00000F36
FFFFFCE8
0000003F
000015D4
00000FFB
FFFFFD17
FFFFF149
FFFFF1B0
FFFFF802
FFFFF2E5
000009D5
FFFFF05A
00001575
00000D7D
FFFFEC93
000002F6
000002AA
0000182D
000005BC
FFFFE78D
00000457
FFFFF39E
FFFFF2C7
00000C63
00001228
000013CC
00000F93
FFFFF40B
00000187
000004A3
000000D9
FFFFF0A8
00000785
00001520
000000BF
FFFFF749
000002A5
000007DB
000000CA
000001F3
00000700
000002AA
00000C57
FFFFF689
FFFFFC2D
00001289
00000480
00000D08
FFFFFFD9
FFFFE9B6
FFFFF840
FFFFFBAA
FFFFF384
FFFFFFC4
FFFFFF48
FFFFFC2D
00000C06
00000200
FFFFF453
FFFFFC9E
00000601
00000ED1
FFFFF756
FFFFF620
FFFFF83F
FFFFF404
0000173D
0000018F
00001437
00000091
FFFFF8E0
FFFFFA54
FFFFEF37
0000168A
00000DE0
00000B03
FFFFF559
FFFFF736
00000325
00000DF6
00000E7D
00000BFA
FFFFEAC5
FFFFF480
00000D0A
000003B0
FFFFFA9F
FFFFFF78
00000431
FFFFFD22
000011B5
00000690
00000677
FFFFFFA5
FFFFF64E
0000094C
FFFFFCA8
FFFFF66D
0000046E
00001176
000007C3
FFFFFF21
000008F5
FFFFF7C7
00000C3E
FFFFFE00
00000C40
FFFFF970
FFFFEBA1
FFFFF481
00000F70
00001004
FFFFF548
FFFFE8FA
000004C6
00001DE3
00001733
00000CD6
FFFFFFDF
FFFFF016
FFFFFC86
00001278
00000A27
FFFFF87B
000003A9
FFFFFF34
FFFFF92F
FFFFF7F1
00001221
FFFFFE56
FFFFE7E1
00000A6C
00000420
00000D7B
FFFFF8EF
FFFFFD1A
00000DC1
00000C25
FFFFF649
000004A5
00000249
FFFFF0FE
00000576
000008DB
FFFFF475
FFFFF543
00000677
FFFFE5F3
00000731
000002DD
000004C4
FFFFF14B
FFFFEE5F
FFFFF494
000016CE
00000D35
FFFFE827
FFFFF5EE
00000A5F
FFFFFF15
FFFFE66C
FFFFEE11
FFFFE4A6
00000EBE
000006BE
FFFFFFF6
FFFFF41C
FFFFED67
000005E4
FFFFFF76
0000080E
FFFFF610
FFFFF87E
00000460
FFFFF5A7
FFFFEC99
FFFFF8CF
00000453
00000219
FFFFF31A
FFFFF98C
FFFFF718
FFFFFA19
FFFFFA2B
00000625
00001450
000020A1
0000002B
00000079
FFFFFC06
000012BC
00000E70
0000098A
FFFFF12B
FFFFFAB4
FFFFF1A2
000013E4
FFFFF3BE
0000059F
00000D98
FFFFFC63
00001000
FFFFFE9B
FFFFF3AC
000007A2
00001F17
FFFFF5C5
000011C2
FFFFF69B
FFFFF84B
FFFFFDC0
00001104
00000AC3
000002E1
00000723
FFFFFA48
FFFFF7BC
00001565
FFFFFB98
FFFFF5EF
00000020
000006AB
0000029E
000001D5
FFFFE0D9
FFFFE342
00000123
00000745
000007C5
000005BE
00000C93
000008A0
FFFFE965
FFFFECA7
000004EA
000001E7
00000C4E
00000159
00000771
00000E1E
FFFFFD1C
00001015
FFFFFCED
FFFFFE7D
FFFFF5B8
00000835
0000090A
0000024A
00000B80
00000ABF
FFFFFC01
00000350
FFFFFCE1
0000083B
FFFFF8A7
0000048C
000008DC
FFFFF34B
FFFFF322
FFFFF639
00000DCF
000012C9
00000857
00000717
FFFFF6BD
0000171A
000005E8
000004CA
00000D9C
FFFFF79F
00000F51
00000102
FFFFFF85
000005CF
FFFFF64F
FFFFF909
FFFFFA93
FFFFEB33
FFFFEDB2
FFFFEF68
FFFFFF3B
FFFFF9B0
FFFFF7F4
000012DB
00000443
00000F9C
00000421
00000E47
00000344
FFFFEB5A
FFFFE89C
FFFFFB44
00000B6D
000004CD
000001A3
FFFFFB16
FFFFFE73
FFFFF5EC
FFFFEC9F
00000522
000001C6
00000603
FFFFF6C3
0000084E
000012C7
FFFFF8F3
00001416
FFFFEFB6
FFFFF156
FFFFF37B
000006AE
FFFFED99
FFFFF076
00000C48
000010D8
FFFFF1AC
FFFFEAFE
FFFFF783
00000E50
FFFFF1B4
00001159
FFFFED4B
00000C41
FFFFF50E
0000105A
00000979
00000637
FFFFF35E
FFFFE856
00000693
0000006F
0000142F
FFFFF333
FFFFF789
000000D2
FFFFF326
FFFFFC1A
FFFFF46D
FFFFF0AD
FFFFF0D8
00000B78
00000C78
00000B8E
00000F84
000007CD
FFFFFD68
FFFFEBE7
00001178
00000C83
00000615
FFFFEB9E
FFFFED65
FFFFFA29
000006F4
00001368
00000A34
FFFFF1F3
FFFFFA84
00001542
0000018A
FFFFFACB
00000EE9
FFFFF8CC
0000136F
000010EC
0000076F
FFFFFFE3
00001336
0000011D
00000671
FFFFF128
000008E6
FFFFFA79
000006DC
FFFFF3E3
FFFFF2BB
00000C29
00000717
00000BF3
000014EC
FFFFF5F6
00000D51
FFFFF9CE
00000D80
0000046C
00000FAE
FFFFFD7F
FFFFEB4B
FFFFF120
FFFFF697
00000757
000009F5
00000017
00000BD5
00000A18
FFFFE817
FFFFF175
00000D68
00001041
00000B70
000003A9
FFFFF021
000014A9
00000CF5
00000163
0000011F
000013CD
000000E0
000001C7
FFFFEE09
FFFFF2B6
00000C14
FFFFF6FD
FFFFE6E5
FFFFE874
FFFFFA89
FFFFEEBF
00001366
000018F5
0000124E
0000060B
00000919
0000026B
FFFFFE36
00001210
000004B1
00000BA0
FFFFF7D0
FFFFF55E
FFFFFBEB
00001954
FFFFF7FD
0000146A
FFFFEC0D
00000135
FFFFE3B8
00000AB3
000002F0
00000414
FFFFF304
FFFFEA5A
FFFFF2F3
0000010A
FFFFFE2D
FFFFE854
FFFFFA00
00000016
FFFFEBDC
FFFFFEAB
0000054E
FFFFF570
FFFFDCA2
FFFFFBEB
FFFFFF7F
00000190
00000AF1
00000C1A
FFFFF1B4
000009A5
FFFFF88A
FFFFFE41
FFFFF17D
00000CCF
0000079B
00000685
FFFFFD06
FFFFF2E1
FFFFF798
000001F6
FFFFE9C7
FFFFF856
000014E0
FFFFFB98
000003A0
00000315
00000767
FFFFF510
00000D7F
FFFFF91E
FFFFF3FB
FFFFEEA5
00000152
FFFFF16A
00000678
FFFFF308
FFFFFDC4
00000992
00001025
0000068B
00000433
FFFFFD58
000006D8
0000020C
00000A1D
00000827
00001931
FFFFFA49
00000CE0
00000CC1
000004E0
FFFFFFD2
000009E9
00000744
FFFFF1E6
00000198
FFFFEDA8
FFFFFAAD
FFFFFE3E
FFFFFE1D
00000251
FFFFFB6A
00000340
0000071F
000002E0
00000005
000000B9
FFFFFF6B
000003F2
FFFFEB21
FFFFF98C
FFFFFE19
FFFFF57C
FFFFECCF
00000367
000008BE
00000514
FFFFFC21
FFFFFB61
FFFFFBF2
0000038E
000002B4
FFFFFDCD
FFFFF761
000005AD
00000119
FFFFFA13
000002FA
FFFFF94F
00000209
000003D0
0000102B
000006A9
000015B2
00000796
00000685
000003CD
0000028F
0000139D
000009AE
0000205B
00001C5F
FFFFFCA8
FFFFFB9E
FFFFF94A
FFFFF7CD
000008A0
000005AF
00000373
000005AD
FFFFFD51
FFFFF2DA
FFFFF73E
00001259
FFFFF510
00000A0C
000011E0
FFFFF1B7
000006CB
000010AD
FFFFFA2B
000013E9
FFFFFF5B
00000F4A
000000F5
000012A8
FFFFFBD3
000010F8
FFFFFA6A
00000218
FFFFE8C6
FFFFF30F
FFFFE93B
FFFFECFE
FFFFF93C
FFFFEC53
FFFFFE20
FFFFEE76
00000135
000012E5
FFFFF5B7
FFFFF0B3
00000410
FFFFF074
FFFFFB65
FFFFF684
FFFFF1A0
0000032C
FFFFF54E
00000298
00000919
00000E22
FFFFF3DD
FFFFF238
0000077B
00000B31
FFFFF912
00000873
FFFFF941
FFFFFB33
FFFFFDAF
FFFFF427
FFFFFA66
00000376
00000313
0000024D
FFFFED48
000005DE
00000311
FFFFF959
FFFFEE42
FFFFF19E
FFFFEFD8
000005F9
0000073D
00000146
00000389
00000D30
00000E48
0000072A
FFFFE9A9
FFFFFC59
FFFFF3EC
FFFFECF7
FFFFF6B0
FFFFEE72
FFFFF05E
FFFFEE4F
FFFFED38
FFFFF90C
FFFFF21D
000008F9
FFFFFC87
FFFFEF21
FFFFED3D
FFFFE99A
FFFFF64D
FFFFEE3A
FFFFE6D6
FFFFE31F
FFFFE2F9
00000C92
FFFFF532
000014ED
00001763
00000364
0000087C
00000DD9
000008EA
000005BB
FFFFF9F8
FFFFFD4B
FFFFF803
00000BEC
00000915
FFFFF707
00000588
0000077E
00000E49
FFFFEAE2
FFFFEA60
000000DA
00000543
FFFFEB05
FFFFFA31
FFFFE7BF
000007C3
FFFFFBB6
00000F50
FFFFF828
FFFFF37E
FFFFFF1F
0000029D
FFFFFDF7
FFFFEBB1
000006E0
000002F2
FFFFF1D5
00000044
FFFFF5BB
00000680
00000814
FFFFF46C
FFFFF72E
00000062
FFFFF2A6
FFFFFD92
FFFFFB59
00000803
FFFFF280
FFFFF1C8
FFFFEFE7
FFFFF95F
00001179
FFFFF84F
0000082F
FFFFE828
FFFFFE54
0000000C
000009AB
00001161
FFFFEE14
FFFFF791
00000E36
00001231
00000AC4
00000D08
FFFFFA61
FFFFFE23
FFFFF7E9
00000664
FFFFFE92
000002C8
00000920
FFFFFED0
FFFFF639
FFFFF501
FFFFEF26
FFFFFFC7
000009EC
00001850
000004BD
000006D3
FFFFF5A4
FFFFFF24
FFFFF726
0000057C
00000EAB
FFFFFD03
FFFFFD7B
FFFFF9B3
0000021B
FFFFFCA0
00000367
000006B9
FFFFEE08
FFFFF975
000003E0
FFFFFA81
000006BA
00001287
00000949
000005BC
00000FAB
00000295
FFFFFAD4
00000BBF
000018AA
FFFFF384
FFFFF73E
0000067D
FFFFF8F7
FFFFF319
0000077C
0000071A
000003D8
00000952
0000075A
000006CF
00000790
0000049E
0000171B
00000990
00002096
FFFFFDAD
0000045F
00001B26
000006D4
00000449
FFFFF743
00000EAB
00000279
00000067
FFFFFFFA
FFFFF1C4
00000152
FFFFF82B
000002FF
FFFFFC29
FFFFEB86
FFFFF8C2
FFFFEF8F
000008C8
FFFFF670
FFFFF700
000000FE
00000604
00000BE7
FFFFFB28
00000F60
FFFFFDD0
000016D9
FFFFFFAB
0000100F
0000029F
FFFFF190
FFFFFAC5
FFFFF5DC
FFFFF461
FFFFF738
FFFFF9D6
000011EC
FFFFF550
000007FC
FFFFFBD0
FFFFFABA
FFFFFAD5
000013AC
00000E05
000003DA
00000994
00000CC6
000001A5
FFFFEAF1
FFFFFAC4
00000196
000001D1
00000C3B
FFFFEC87
FFFFFBE0
0000002B
0000125C
00000F0F
000003D9
000002EC
00000200
FFFFF872
000002A3
000010B8
00001851
00001064
FFFFFFBE
FFFFF9F5
0000093E
00001717
000013EB
00000A83
00000726
00000DF2
0000073D
FFFFFEE9
00000B47
00001B1D
00000316
FFFFFCBD
FFFFF3D3
00000C56
FFFFF71F
000006D7
FFFFF8AC
FFFFEFB1
00000378
00000F02
FFFFFFC5
000003A0
00001482
00000E81
000005F2
FFFFF7FD
FFFFF6F2
FFFFF4AC
FFFFEE20
FFFFF393
00000B33
FFFFF1DC
FFFFF306
FFFFE7FF
FFFFEAB4
FFFFF481
FFFFF084
0000069C
FFFFEED8
FFFFF79F
FFFFEE46
FFFFFF70
00000196
FFFFF9DA
00000981
000003D8
000003E9
FFFFF865
FFFFF68C
00000BF6
FFFFF0DA
000013AD
00001270
000014C7
0000133A
000010CA
00000CC1
000005D8
00000249
00000AF7
FFFFED93
00000DE8
FFFFF8FF
FFFFF872
000010AC
00000447
FFFFFC55
FFFFF792
FFFFF80C
FFFFFBB5
FFFFEE6C
00000CAC
00000F5D
FFFFEECE
00000974
0000088D
FFFFF5E5
FFFFF703
00000F0A
0000011D
00000CB1
FFFFFDBB
00000E93
FFFFFC80
0000074A
00000240
0000006D
FFFFF7C2
00000161
00000B24
FFFFF5A0
FFFFF444
FFFFFB74
FFFFF034
FFFFEFD2
000001DA
00000D71
00000104
000012C8
FFFFF402
00000E31
000005C3
000004CE
FFFFF2FE
FFFFFF20
000008E0
000003FE
FFFFFFFE
FFFFFE61
00000212
000007AB
00000BBD
0000015D
FFFFF89B
0000078C
000005BF
00000890
000007E1
FFFFFDBD
FFFFF38B
FFFFF46D
FFFFFF45
FFFFF319
00000A76
000000DF
000008E6
000007FE
00000882
0000007B
00000A7C
00001349
00000B5A
FFFFEFCC
FFFFEE32
FFFFFBEB
00000533
000005DF
FFFFFFF9
FFFFFC2E
00001169
0000125D
000004C5
00001499
FFFFF9B5
FFFFF95F
FFFFF878
00000B80
000004A3
000005EB
000010DE
FFFFFFCD
FFFFFA1E
00000A32
00000087
00001986
FFFFF2C8
FFFFFC4F
000006D5
00000D7F
00001015
00000782
000008FC
000004DD
00000FB5
00000B8F
000001AE
FFFFFE25
FFFFF469
00000A55
00000E06
FFFFF808
FFFFF118
0000103C
000011B4
FFFFF949
00000363
FFFFFE1B
FFFFFE47
00000BF9
00001086
FFFFFC43
0000123F
00000149
FFFFF9E4
000009FD
0000170C
FFFFE877
00000760
00000366
000003C2
000006D8
000003E2
FFFFF6F2
FFFFF794
FFFFFD7A
0000079E
FFFFF84B
0000127B
00000162
FFFFF239
000008E8
000011A3
FFFFF2AA
FFFFF7B8
00000D55
FFFFFB62
0000117D
00000187
FFFFF739
0000125E
FFFFFD9F
FFFFF9DA
FFFFF6EA
00000A87
0000155F
0000190A
FFFFFC31
00000EDB
000007B7
00000305
00000BC2
0000044D
FFFFF91E
00000358
FFFFF0F7
FFFFF7DE
FFFFFF97
00000EC7
00000CD6
00000AB8
000002DF
FFFFFFBD
FFFFF904
FFFFF70C
00000402
FFFFF395
00000714
FFFFF00D
FFFFF47B
000000B5
00000D88
FFFFFB21
000014D1
FFFFEA13
FFFFF7C0
FFFFFA73
FFFFEFD0
00000A92
FFFFFB35
FFFFEC5C
00000EA4
FFFFFA6C
000006A8
00001534
00000B05
00001064
00001064
FFFFF2CC
FFFFF6A1
FFFFF9EA
00000D0E
FFFFF05A
0000037D
000006D3
FFFFF0CC
00000755
0000092D
000005B5
FFFFF723
FFFFF1CF
00000826
00000A2D
000001FC
FFFFF231
FFFFF2D8
00001211
FFFFFD52
FFFFFBE9
00000B83
FFFFF848
FFFFF6D3
FFFFEC06
FFFFF6C4
FFFFF4DE
FFFFF0A3
FFFFEE23
00000455
0000048F
00000D02
00001412
000005CC
000019AE
00001CCF
FFFFF3B3
FFFFFB69
0000025A
FFFFEE7E
000012AF
000007AB
FFFFEFD6
FFFFF891
00000085
00000A97
00000637
00000D0F
000004F3
0000089E
000014F4
000012D9
FFFFF738
FFFFFE47
00000810
00000F0E
FFFFEE03
FFFFF71C
000002A5
000002C9
FFFFF665
FFFFFA57
FFFFFCAA
FFFFFEF9
000015E2
00000FB7
FFFFEDED
FFFFFE42
0000042F
FFFFF1A2
FFFFF951
FFFFF4EE
FFFFF50F
000004D7
000007F7
00000D79
FFFFED8F
000009EE
FFFFF35E
FFFFF2E3
00000353
00000D31
00000AA1
FFFFFE22
FFFFFA30
FFFFF60B
FFFFFF0E
00000719
000005E1
00000652
FFFFFF9A
FFFFEDDF
000005ED
000005F0
FFFFEED0
00000C5C
000004FD
00000D23
FFFFFEA7
000002A1
000010A1
00000674
FFFFFE1C
00001948
0000099D
000009EC
FFFFEFA2
FFFFFD28
FFFFFBFF
FFFFF226
00000988
0000124D
FFFFFAD0
00000CA0
000002C8
00000CB4
00000BFC
FFFFFD3C
000001E7
00000A51
000017ED
000002B4
FFFFEAA3
00000B30
00000696
FFFFFBE7
FFFFFD65
FFFFFA86
000014C0
000006A6
FFFFF408
FFFFEA3F
FFFFFF70
00000F88
00000E79
FFFFF109
FFFFFBA4
FFFFF89E
FFFFFBDA
00000EBC
00000623
00001BFA
00000299
0000199B
000014C7
FFFFFF6B
00000E1C
0000060E
FFFFF4C0
FFFFF9EE
000003A7
00000654
0000142D
00000436
FFFFF4C9
FFFFF57D
FFFFF533
00000A49
FFFFEF82
FFFFF6F3
FFFFF715
FFFFFC83
FFFFFA78
FFFFF7BD
00000150
00000A5D
000000F4
FFFFEE4E
00000DDB
FFFFF59B
FFFFFB7F
FFFFFB9C
FFFFF39D
FFFFF7A7
FFFFFA4D
00000544
FFFFF317
000002C7
000009DF
FFFFF421
FFFFFD04
0000031B
FFFFF3F5
FFFFF871
00000534
00000211
00001629
00001062
FFFFFE02
FFFFFCD5
FFFFEC6D
000001D7
FFFFF677
00000BA5
FFFFFEC8
FFFFF523
FFFFFC78
FFFFEBBB
FFFFED31
FFFFEAC9
000007F1
FFFFEF6D
0000079D
00000946
FFFFFCA0
000003DB
00000D5A
FFFFFA1A
FFFFF825
FFFFF0AC
0000063A
0000087E
000018AB
FFFFFAAD
00000CC9
FFFFFEEE
FFFFFB8D
000014AC
000001D4
FFFFFA29
000005D9
00000483
FFFFF910
FFFFFC69
FFFFE84C
00000BC2
FFFFFF11
000018E3
000007AB
00000995
00000DD1
000011DB
00000B76
00000845
FFFFFDC7
FFFFF863
00001428
FFFFF8AD
000005EE
00000775
FFFFEDCE
FFFFFCCE
FFFFFF7A
FFFFF5A7
FFFFF2A8
FFFFFB71
FFFFF1FB
00000418
0000027E
0000002E
00000750
FFFFF719
000001E7
0000144C
0000010E
000014E7
00000D14
00001918
00001D94
0000031A
0000177D
0000062F
FFFFF6F8
FFFFF7AA
FFFFFC87
00000129
00000462
00000A9A
FFFFFF0B
FFFFF8B0
000006C5
FFFFF111
000006A3
FFFFF6D3
FFFFEB61
000008B9
FFFFF49D
FFFFFB46
FFFFFF84
00000E2F
FFFFEDBC
000004F1
00001213
FFFFFAD8
00000A8D
00000AB6
FFFFF18F
FFFFFA56
FFFFFE06
000007FA
00000269
000000B5
FFFFF7E1
FFFFFF41
000003FC
00001044
000004D0
FFFFF8F8
0000001F
FFFFFF04
FFFFF30D
FFFFF7D8
FFFFF6CF
FFFFFEC8
000001D5
00000829
FFFFF362
FFFFF58F
00000A1F
00000A97
000011D3
FFFFFEEE
000007A1
FFFFFC62
000009C7
00000545
000004DB
000006AC
0000070E
00000CDD
FFFFF8FE
00000B21
FFFFF9E8
FFFFF7B6
0000050E
00000959
FFFFF772
00000E35
00000E3A
00000245
00000527
0000092D
000005AC
FFFFFD9C
000001E6
FFFFF137
FFFFFCB6
FFFFE32F
FFFFF20B
FFFFFEBE
FFFFF7D9
FFFFFF54
0000019A
FFFFF485
00001085
00000364
000002A1
000006A7
0000157A
FFFFF349
FFFFF536
000008A6
FFFFF8DE
FFFFF759
0000091A
FFFFFE29
00000014
FFFFFA70
FFFFFC08
000009D9
000001C7
000017ED
FFFFF3CD
000000B9
FFFFF4EC
FFFFEFDB
FFFFFCCD
FFFFF0FF
00000000
FFFFFABA
00000934
FFFFFA5F
FFFFFA45
00000965
00000961
000000CF
00000DBC
0000033E
00000B3F
FFFFF9A2
0000026A
FFFFF354
000002FC
FFFFF60A
0000089B
FFFFF96F
FFFFF515
FFFFEF15
000010CF
FFFFF711
00000275
FFFFF497
FFFFF030
FFFFF88D
00000E15
FFFFFE87
FFFFECB5
00000E2F
FFFFFD1A
00001086
0000117B
FFFFFC79
FFFFFCEB
FFFFF242
FFFFFF9B
00000BE3
FFFFEB0C
FFFFF38A
FFFFF7A6
FFFFEB29
FFFFF306
00001057
FFFFE56B
0000049C
FFFFF1E7
00000BCD
FFFFF8A1
FFFFE8D2
FFFFFB48
FFFFF4F7
FFFFF359
00000657
00000ADB
0000054C
00000756
000003C3
00000CB3
FFFFEE60
FFFFFA50
FFFFF9C8
0000042E
00000B02
FFFFEF2A
FFFFF01C
00000FB8
00000939
FFFFF60C
FFFFEC26
00000A50
FFFFEFAF
FFFFF4F5
FFFFFFB7
000009DF
000002D4
00000019
00000D9E
FFFFF555
00000187
0000118D
FFFFF55D
FFFFFB67
00000239
FFFFFC27
FFFFF6DE
FFFFF361
FFFFF138
FFFFF186
FFFFF9CE
FFFFF9B1
FFFFF131
FFFFF20A
FFFFFBD5
FFFFEC77
00000667
FFFFF3CF
0000060F
FFFFEF6D
000006FF
FFFFF41E
FFFFF494
00000EF2
000004C9
000002C5
00000394
00000426
00000808
00001225
FFFFF74F
FFFFF758
00000105
00000D5D
00000559
00000B3A
00001205
FFFFF975
00000298
000007B4
FFFFEC6F
FFFFF739
000005F1
00000715
FFFFFBC3
FFFFEF6D
FFFFF7BB
00000A8D
FFFFF02E
00000C59
FFFFFFF5
00000F9A
000003FC
00001181
00000FB3
000004C9
FFFFFC17
FFFFF108
0000062E
00000DEF
00000591
0000076C
FFFFFA89
00000210
00000B8C
FFFFF7FB
FFFFF1AA
00000683
000013D5
FFFFF84D
FFFFEEC8
00000FC8
FFFFFCA9
00000B02
FFFFF5CA
00000BB4
000006CD
FFFFFDEB
0000068D
000004FE
00000775
00001158
0000101E
FFFFF1D5
00000712
FFFFF788
00000BB7
000013FA
00000114
00000881
FFFFF0E1
FFFFFCDE
FFFFFAC3
00001149
FFFFFB39
FFFFF48A
FFFFF025
FFFFF92F
000003A0
FFFFFA2E
FFFFFE8D
FFFFE8A2
000007B8
FFFFF129
FFFFFC78
FFFFFAA6
00000692
FFFFFF50
FFFFF190
FFFFF99A
00000AEA
FFFFF135
0000072A
000008A7
FFFFEF61
FFFFED33
FFFFFD86
0000040D
FFFFEE8E
FFFFF82E
FFFFF2C4
0000009A
FFFFFB1F
00000C0D
00000881
FFFFE6FD
00001396
00000F62
FFFFF12C
00001016
FFFFFD4C
00000D52
FFFFF732
00000123
0000004F
FFFFFB4B
FFFFFD59
00000AEB
0000062E
00000A80
FFFFFC28
00000404
FFFFFED1
00000291
FFFFEEC3
FFFFF8CD
FFFFEEF2
00000A75
FFFFF4EC
0000018F
00000151
FFFFFE49
00000044
0000027A
00000217
0000090F
FFFFF5E1
00000F45
FFFFEBEC
00000FF9
00000D3E
FFFFEDA2
00000D01
FFFFF779
FFFFF841
FFFFF5C2
FFFFEBA5
00000C5F
FFFFFC45
FFFFF52B
FFFFF575
0000047B
000009CD
0000076C
FFFFFA76
00001015
000009D0
00000BAD
FFFFFBEF
FFFFEC89
FFFFFD69
FFFFF197
FFFFEE65
FFFFFF2B
00000E76
00001EEA
FFFFF60E
00000797
00000CEC
0000027B
000003A1
00000BE2
FFFFF97C
00000514
FFFFF364
000001B8
FFFFF236
FFFFFEFF
FFFFEB75
0000069B
00000040
00000D62
00000778
FFFFEF4C
FFFFFFC2
FFFFF41E
FFFFF843
00000AC4
FFFFFFAE
FFFFEB8F
00000836
00000F15
00000C53
FFFFF3FF
FFFFF76B
00000EA2
0000067B
000004B0
00000A5F
000005C6
FFFFFCEB
00000206
00001220
FFFFF95C
0000089C
FFFFFC17
FFFFFB62
000001D9
000008C7
00000609
0000096E
FFFFF82C
FFFFFB17
FFFFFF0F
00000204
FFFFF62A
FFFFFBFF
FFFFF80E
0000186B
000005D5
000000F9
00000AB5
00000E36
0000162C
00000EC3
FFFFFF13
00000C73
FFFFE587
FFFFFFE5
FFFFEC6C
FFFFE92D
00000E30
FFFFF100
FFFFF394
00001BD6
FFFFF370
FFFFF591
FFFFEF50
FFFFF874
00000632
00000800
00000D44
0000010D
FFFFFA79
00000EFF
0000147B
00001556
00000785
00001131
FFFFFF8F
000001D3
000005B1
000007DE
00000297
00000C55
FFFFF9D5
00000528
FFFFEFB3
000003D9
FFFFFBB9
000006AA
0000131D
FFFFF519
FFFFF115
FFFFF512
FFFFF4DA
FFFFF7B0
FFFFFD83
00000A39
0000038B
FFFFFA5E
00000939
00000126
000001DE
00000C66
FFFFF699
FFFFF69C
00001155
00000E95
FFFFFAD1
FFFFFB54
FFFFF376
FFFFF20F
FFFFFAB0
FFFFFDC7
0000094B
FFFFFD8D
0000032B
FFFFFEE6
FFFFF44A
FFFFF51D
000014DB
00000482
FFFFF9E8
000001B3
FFFFFD11
FFFFF0BB
00000475
FFFFEA15
FFFFF4FC
FFFFFCB8
FFFFF807
00000032
FFFFF937
FFFFFF0E
FFFFFFA1
FFFFF4FC
FFFFF3DE
000013D2
00000052
00000710
00000ABD
FFFFFFAD
FFFFF9B8
FFFFFE34
FFFFF31E
00001EE7
000000A4
00000DFC
00000B1B
FFFFF546
FFFFF911
FFFFF876
FFFFF845
00000A00
000002B8
00000C0C
00000626
000010D5
FFFFF245
FFFFF558
FFFFFFDB
FFFFF81A
00000A3C
0000003A
00000209
FFFFFCEF
00000647
FFFFFA48
00000397
FFFFE9A9
00000832
00000A95
FFFFFB2C
00001818
FFFFF643
000016AA
FFFFFA9D
FFFFEBC6
00000154
00000C34
FFFFE9D5
00000D73
FFFFFC1A
FFFFFF37
FFFFED40
FFFFFFDD
00000BF8
FFFFF7E4
FFFFF936
FFFFFBC5
0000047F
FFFFF895
00001039
FFFFFBDC
FFFFF58A
FFFFF3B0
FFFFFADA
FFFFF48B
FFFFFC2D
000007D5
FFFFFC5B
00001564
FFFFFC58
FFFFEE36
0000100D
FFFFF4E0
FFFFF72C
FFFFFFE8
000004A9
00000939
FFFFE8B6
000014F1
00001B71
FFFFF221
00001CA4
00000DD6
FFFFFC38
00001F1C
00000A75
0000079B
FFFFFFAC
00000403
0000041E
0000008B
0000005A
00000FC5
00000082
FFFFFD7E
FFFFFF8B
FFFFFA19
FFFFF97E
00000FD3
00000556
000002AD
FFFFFA02
FFFFFF15
FFFFF21C
0000092B
FFFFEF04
FFFFF6DC
00000D7E
FFFFF86E
FFFFEC0B
00000BE3
FFFFEE9B
FFFFF568
FFFFF83B
00000073
FFFFF460
FFFFF3B1
FFFFFAB0
FFFFF550
000009BC
FFFFFEE3
00000B67
00001173
FFFFF2CA
00000393
000017CC
FFFFF514
FFFFFD63
000013F6
00000251
FFFFF971
00001319
FFFFE8E5
0000066D
00001007
FFFFFFE2
FFFFF59E
000010C9
FFFFF880
00000605
FFFFF033
FFFFF8D6
FFFFEDF7
FFFFF883
000006A9
00000BAD
000007A9
FFFFFF74
FFFFF0BD
000003F3
FFFFF34B
FFFFF053
000005A3
00000477
FFFFF2FB
FFFFF653
FFFFFCD6
00001540
0000057B
00000C3A
00000A96
00000986
FFFFF6C8
FFFFF96E
FFFFFE5E
FFFFFC73
FFFFF558
0000011F
0000040D
0000032F
00000299
00000C79
FFFFF563
00000EED
FFFFFDF5
000000CA
FFFFFA1D
000001C5
FFFFF547
00000442
00000ED6
FFFFFF05
00000768
0000089F
00001A3F
00000DE8
000017BF
000003D3
FFFFF251
FFFFFA55
00001452
FFFFFB74
00000581
FFFFF133
00000303
FFFFF66D
00000F46
000004C8
0000023D
FFFFF413
FFFFEEEB
0000073C
FFFFF73A
FFFFFC11
0000075B
FFFFF858
00000458
FFFFF51A
000000BA
000003FA
FFFFEC84
FFFFF96D
000007E1
00000846
00000261
FFFFFB3F
00000ACF
FFFFEED0
00000AB9
FFFFFD1C
FFFFF591
FFFFF88B
0000032F
FFFFF861
00000B5B
FFFFF170
00000180
00000577
0000004A
FFFFF8FB
00000594
FFFFF400
00000678
00000FFE
FFFFFFA4
FFFFF51F
FFFFF227
00000009
000003F2
00000809
0000126C
FFFFFBC2
FFFFFB43
FFFFF80E
00000372
00000616
00000461
00000103
FFFFFA3F
FFFFFC24
FFFFF7C8
00000E83
FFFFF554
FFFFF8FF
0000179A
FFFFF896
FFFFFEE2
0000002B
00000459
FFFFF163
FFFFF394
00000B84
000002FA
000008CB
00000FB1
FFFFFF41
FFFFF0C0
00001580
FFFFFD9D
0000063A
000011AE
000014C4
0000051F
00000941
FFFFF837
000004F9
00000B07
FFFFEEC4
0000051A
FFFFF909
FFFFF3E6
FFFFFC8B
FFFFF1BE
000004FB
FFFFF171
00000B4F
0000085B
0000019D
00000446
FFFFF30D
FFFFF599
FFFFF9C6
00000D85
00000935
FFFFFAF6
FFFFECF5
FFFFFC61
00000E4F
00000811
00000684
FFFFF7E9
00000C5F
FFFFFB68
0000065C
FFFFF3FE
00001172
FFFFED19
FFFFFAEF
FFFFFAA7
00000548
000005C4
00000849
000011C6
FFFFF733
0000129B
000000F7
FFFFF885
FFFFFC19
FFFFF954
000006C1
000011A6
00001656
FFFFFED9
0000012B
00000216
00001515
FFFFFCAA
000015AE
00000609
00000CDC
FFFFFC95
000004E6
FFFFF6EF
000008A2
FFFFF764
000008DB
FFFFF57B
00000903
FFFFFF12
00000138
FFFFFF14
FFFFFCF0
0000038F
00000082
FFFFF965
FFFFEEB6
FFFFF3CE
FFFFFDE7
00000C0F
00000030
000005AF
FFFFFEE0
FFFFFBB6
FFFFFEE8
FFFFFD29
0000047A
00000358
FFFFFFCE
00000918
FFFFFC29
FFFFFB0A
00000B96
00000C19
000000C0
FFFFFFE7
00001057
000012BE
FFFFF969
00000AF8
FFFFF83F
FFFFF865
00000463
FFFFFCBB
00000B61
FFFFF92C
FFFFF12F
FFFFFD2E
FFFFFBEA
FFFFF714
FFFFF5E5
000004E8
FFFFFD3E
00000C25
00000DED
FFFFFB39
FFFFFD4E
000000F0
FFFFFFFA
00000274
00001188
0000023D
00000031
000001F5
00000F70
FFFFF4A4
000000DE
FFFFFCFF
FFFFF1BE
000001DF
FFFFFADE
FFFFF675
00000609
00000011
00001182
00001378
00000866
00000057
00000403
000006BA
FFFFFC49
FFFFFD6C
000002D1
FFFFFDB5
00001406
000000AB
000000ED
FFFFF44F
FFFFF72D
00000267
0000010E
FFFFFE6E
00000477
000005FF
FFFFF878
00000BA4
000005C7
000002ED
0000005D
FFFFF775
FFFFED42
FFFFF197
000009AB
FFFFF08F
FFFFFAF5
FFFFEC8C
FFFFFC53
000003B0
FFFFEDA1
00000B5D
FFFFFD1A
000001B2
000009A9
000005B3
FFFFF600
000000BA
00000461
000009E0
0000124F
00001287
000004A1
FFFFF5A1
FFFFF983
FFFFF8CE
00000C6C
FFFFF6B1
FFFFF0DA
FFFFF163
00000B9F
FFFFFED6
00000EC8
000005FC
000000D3
000001DA
FFFFFD2D
FFFFF9F8
FFFFFFBC
FFFFFDBD
00000ACA
00000B5C
00001321
00000524
00000EA4
00000451
000004D0
FFFFF2BB
FFFFFB5D
00000BC5
000003CB
FFFFF3F4
000001E2
FFFFF2CC
FFFFFD3C
000007C6
00000878
FFFFF5B5
0000060A
000000D0
FFFFFCEA
FFFFFA97
FFFFFD3E
FFFFF756
FFFFFF8C
000004BA
00000CD5
FFFFF7F4
0000063B
FFFFFB2C
FFFFFDF3
00000416
FFFFFBFD
FFFFF3B4
00000D59
FFFFFE34
FFFFFCDF
000003FA
FFFFF0C6
FFFFF469
00000018
00000E42
0000173C
00000F9F
000006F3
000000D2
FFFFF607
000010B0
0000054E
FFFFF76C
FFFFF102
000002ED
000007A3
000006B4
FFFFEDC4
FFFFF0E9
FFFFF9C5
FFFFF2D2
FFFFF063
000001BA
00000E19
00000363
00000BA9
00000706
00000871
FFFFFBE1
00000E0F
FFFFFB56
FFFFF729
FFFFEA81
00001204
FFFFF5EB
FFFFF5D0
0000060D
0000040B
FFFFF5F0
FFFFF57E
FFFFFC9B
00000BCB
0000019F
FFFFF175
FFFFFAD2
FFFFF9BE
000002B4
FFFFFA47
00000A74
FFFFF8B8
00000A88
FFFFF824
00000BA0
00001170
FFFFF4FF
FFFFF6A7
00000FD5
000000D5
000000BD
00000A70
FFFFFE91
00000A2E
FFFFFE82
00000FD4
0000078C
FFFFFE23
00000555
FFFFFF65
000005F1
00000EE4
000004C2
00000079
FFFFFD00
0000059D
FFFFFBB7
000005A8
FFFFF773
FFFFF505
FFFFF820
00000DAC
00000C81
00000B90
FFFFF6B2
FFFFED52
FFFFF2F3
00000942
00000529
00000DA7
FFFFF68E
FFFFFA95
00000A7E
FFFFECFE
00000278
FFFFFC5F
00000718
00000410
FFFFF34D
00000326
0000050C
00000B75
000009A4
FFFFF196
000010E7
000001E4
0000032B
00000534
FFFFFAC6
00000366
FFFFFDC8
00000AF5
00000751
00000B45
0000003E
00000762
FFFFEDB9
00001106
0000021D
FFFFFDF9
00000178
FFFFFEE2
FFFFFCDA
000009D8
0000017F
000002BA
000005A4
FFFFF8E2
00000660
FFFFFFDF
FFFFFBC9
0000008F
FFFFFBF3
FFFFF3E1
FFFFFAC8
FFFFF06D
FFFFF9FB
FFFFFAE1
FFFFF5C8
000008B6
000004C5
FFFFE879
FFFFF31F
FFFFF636
FFFFFE6F
000003BD
0000061A
FFFFF6CA
FFFFF01E
FFFFF727
0000009F
FFFFF7BA
00000259
FFFFF7D9
FFFFF9BC
000000E0
00000888
FFFFE9B8
FFFFFEDD
000002F4
00000212
00000303
FFFFF1E6
0000035E
000005A5
FFFFF2A2
FFFFF9D3
FFFFEDF6
FFFFFFFD
00000BAC
FFFFF48E
0000087D
FFFFF1BA
FFFFFCF3
FFFFF371
FFFFFBEB
0000066E
FFFFFF57
00000358
00001371
000001B7
00000EDC
00000AEB
00000042
FFFFFA39
00000A04
00000698
00000831
00000599
00000D7B
FFFFF895
000008EE
00000F43
00000712
0000019C
FFFFFD46
00000DE3
FFFFFB07
000004FD
FFFFFC36
00000BC2
00000FEB
FFFFF727
000011F9
00000B66
00000943
0000064F
000008C4
00000182
000008F1
FFFFF788
00000F8F
00000E7B
00000B00
FFFFF49C
000012DD
FFFFFDCD
00001357
FFFFF5B0
FFFFF016
000006DA
000009E3
00001145
00000EB6
00001476
00000BCA
00000D71
000002CC
00000558
00000582
FFFFFDE9
FFFFEF6A
FFFFF13B
0000011F
0000020E
FFFFFFD6
FFFFFC81
FFFFEF94
FFFFFAA4
FFFFF077
FFFFFF11
FFFFFA3B
000004A5
FFFFF3CC
FFFFFCA2
FFFFFE26
00000883
FFFFFC15
FFFFF5FA
FFFFFEF1
FFFFF7EA
FFFFF93B
00000354
000009C8
00000454
00000D4B
00000AC2
00000057
00000092
000007D6
00000521
FFFFF87E
00000D11
0000021C
00000B44
FFFFF758
FFFFFF78
FFFFF1D9
FFFFF52B
FFFFF519
FFFFF907
000008A8
00000FC0
000009AD
0000024E
FFFFF0CB
00001042
FFFFFA0B
00000950
FFFFFB49
00000061
FFFFFE74
000002C6
FFFFEEE5
00000A03
FFFFFA3D
00000C8D
00000E27
FFFFFFEE
FFFFF18A
FFFFF757
FFFFEB07
00000D8E
FFFFF509
000008C7
FFFFFBF9
00000543
000003F1
FFFFF7DE
00000048
00000067
00000556
000002AE
000008CC
FFFFF83E
FFFFFCB1
FFFFFA28
00000CB5
00000EE1
00000128
FFFFF4B1
00000768
FFFFFD26
FFFFF7EF
FFFFF9EE
FFFFF2FC
FFFFFF34
000006EC
FFFFFC9E
000004FC
00000425
00000A0A
000000C2
00000634
FFFFFAF2
FFFFFB2C
000008B8
FFFFFD69
00000D18
00000A69
00000025
FFFFFBD6
FFFFF879
00000A55
00000B55
FFFFF8FF
FFFFF5A4
FFFFF842
FFFFF338
FFFFEDCB
00000146
FFFFF76C
FFFFF270
FFFFFCA0
FFFFF0DE
00000303
FFFFF8C5
FFFFFE4E
00000B06
000000C8
000003B3
00000730
0000003A
00000B6A
00000388
00000DFC
FFFFF6A5
00000AE3
000012C4
000002B7
FFFFF3A7
FFFFF71E
FFFFFB96
000008D3
0000022E
0000028E
FFFFF1CC
FFFFF358
FFFFFBDE
FFFFF8E3
0000024D
FFFFF67D
FFFFFA84
FFFFFCCB
FFFFF53E
000006A3
FFFFF836
00000A6D
00000B55
FFFFFEC2
FFFFFD02
FFFFFB8D
00000B45
FFFFF101
00000240
FFFFFB89
FFFFFF4D
000009BA
000009A2
00000489
FFFFF3D2
FFFFF4B1
FFFFF517
FFFFFB94
FFFFFD9F
00001049
00000B62
00000883
00000FFA
00000916
0000115E
00000053
FFFFF5DB
FFFFF6A4
00000698
000003BA
FFFFFA54
FFFFF661
FFFFF172
FFFFF6E5
FFFFF426
0000056F
00000526
00000969
000002FC
00000053
FFFFFD3D
00000569
0000071E
00000111
000000B0
FFFFFD0A
FFFFF788
FFFFFABA
00000B28
000007D3
00000D73
FFFFFC86
00000423
0000009D
FFFFFD6E
0000039D
FFFFF5CA
FFFFFD7D
FFFFF8C2
FFFFF6A3
FFFFFB69
FFFFF72A
FFFFF667
FFFFF7B6
0000004A
FFFFF6CB
FFFFFF80
FFFFFA97
00000301
00000AC6
FFFFFAFA
FFFFF96D
FFFFFB38
FFFFF721
FFFFF503
FFFFF7BB
FFFFF2CB
FFFFF5EE
FFFFFD4A
000001EB
000005E3
000005D4
000007DB
00000493
0000016D
FFFFFBDD
0000009F
FFFFF9A9
FFFFF99D
000000A5
00000C85
FFFFFE79
FFFFFDD4
00000989
00000567
00000C26
00000A05
00000748
000001B3
00000157
0000075B
00000224
FFFFFC20
00000C8A
FFFFFA55
000005FD
FFFFFE2C
0000018A
000003DB
000009A8
00000CA2
00000046
000009FE
0000080F
00000133
00000254
FFFFFAB4
00000D70
000007D8
000004F2
000001B1
000008B9
FFFFF827
FFFFFFE0
00000AA5
FFFFF9AE
FFFFFE93
0000084B
000000D6
0000027C
FFFFFB24
00000155
00000788
0000041A
FFFFFACD
FFFFF7A5
00000C98
00000A26
FFFFF922
00000BE6
FFFFF6E4
FFFFFC06
FFFFFBCD
00000DAF
FFFFFF8D
0000062C
FFFFF595
00000318
FFFFF3E1
0000152C
FFFFFC83
FFFFFDFB
0000007B
FFFFFDFC
000006FA
0000069E
0000090A
00000277
0000023C
FFFFFA00
00000707
00000ABE
000002C1
0000034B
00000303
FFFFFC61
FFFFFB44
FFFFFCC8
FFFFFED8
FFFFFCC4
FFFFF7EF
00000533
000010E3
FFFFF831
00000B86
FFFFFB45
000005A7
00000BC0
FFFFF752
FFFFEE9D
FFFFF5A1
0000002D
000000B2
0000049E
FFFFFE0E
00000016
FFFFF1F7
FFFFF98E
000003F8
00000C09
00000576
00000426
FFFFFD7C
FFFFFC7A
FFFFFF22
00000A2E
000008F4
FFFFF71F
FFFFF1A7
FFFFF8E2
FFFFFD14
FFFFFBBD
00000326
000001BD
FFFFF815
FFFFFE2D
FFFFFFB8
0000049C
00000594
FFFFFB2D
FFFFFBC2
000006CF
000000A5
000001D8
0000030A
00000AA3
000000E8
FFFFFC73
0000009B
00000AA2
00000A15
FFFFF82D
FFFFF8A3
FFFFFF92
FFFFFFBB
FFFFFD2F
00000EAA
00000C24
0000082F
FFFFFF10
00000B90
FFFFFB44
00000648
00000A2D
FFFFFCDD
00000B56
00000ED4
000005D3
0000015E
FFFFF90D
FFFFF78F
000009FD
000007BD
00000FF9
FFFFFD33
FFFFF854
FFFFFD48
000002E9
FFFFF6DF
000007A2
FFFFFB83
0000034B
000009CB
FFFFFE7A
0000083A
FFFFFD1B
FFFFFDF5
00000638
FFFFFE78
00000DF6
FFFFFA72
00000722
FFFFFCFE
00000655
00000C17
0000079C
FFFFFB4D
00000F6B
FFFFFC41
FFFFFA55
00000781
000003F2
FFFFFCA8
00000080
FFFFF5C6
0000001C
000001E6
FFFFFBC1
00000683
FFFFF86D
FFFFFFBB
00000051
00000D24
FFFFF500
FFFFF9B8
FFFFF549
FFFFFC5E
FFFFFA55
00000817
00000AB6
FFFFF399
000002B6
000008D3
00000486
FFFFFD9C
FFFFF732
00000892
0000080E
FFFFFE1E
000002BD
000009C8
0000098E
0000003B
00000D60
00000F9F
00000AF0
000007D9
FFFFF883
00000501
00000138
FFFFF202
00000C34
FFFFF7E4
00000B3D
00000265
FFFFFFD1
FFFFFA64
000009A2
FFFFFEC4
FFFFF88A
00000111
000003D5
FFFFF7C7
FFFFFE3C
FFFFFF5C
00000A44
00000C85
0000059E
00000E68
FFFFF8EC
FFFFF2FB
00000378
FFFFFA42
00000D04
00000AA5
000014A8
00001195
00000EB2
00000A8E
00000465
00000500
0000039C
000004F5
000000EE
FFFFF751
FFFFFF7A
FFFFF8D8
FFFFF109
FFFFF9B8
FFFFFC52
FFFFF30E
FFFFFA73
000001D1
FFFFF92B
FFFFF8E3
0000022F
FFFFFFE9
0000012E
0000011C
00000029
0000079F
FFFFF72E
FFFFFA16
0000105A
FFFFF984
00000913
00000474
FFFFF3B3
FFFFF8C4
00000D16
0000084B
00000D36
000003F7
00000474
00000A7D
0000066A
00000006
00000739
0000058F
FFFFFCC0
0000094B
000002ED
00000197
FFFFF82E
00000254
FFFFF3C9
00000822
FFFFFB48
FFFFFAAC
FFFFF5AD
FFFFF5EB
FFFFFF4D
FFFFFAC8
00000429
FFFFF92A
000003A3
FFFFFC66
FFFFF608
FFFFF9D8
FFFFF904
FFFFFB52
000002EA
00000495
FFFFFD3B
FFFFFAE1
000004D9
00000504
FFFFF7BD
0000009C
FFFFFEC5
FFFFF226
00000537
00000503
FFFFFFA6
00000816
00000209
00000002
000004F9
0000055D
0000014D
FFFFFF9E
0000064D
FFFFF8D0
0000020B
00000271
FFFFFFFF
00000001
00000139
00000673
000004A2
000004C4
FFFFF7D4
FFFFFF7F
FFFFF623
FFFFF6A9
0000002E
0000025C
00000014
00000063
0000067E
FFFFEF2A
FFFFFBC9
FFFFFAEC
FFFFFB65
FFFFEFF0
FFFFF7B7
FFFFFB17
FFFFFBC6
FFFFF714
FFFFFB8C
FFFFF454
FFFFEBF0
FFFFFB4A
00000414
FFFFFFE0
FFFFF50C
FFFFF820
FFFFF4B0
FFFFF57B
FFFFF4A2
FFFFFBB0
0000021B
0000069E
0000013B
FFFFFBA4
000009D8
00000044
FFFFFBF9
000004DB
FFFFF87E
00000077
FFFFF83D
FFFFFCF5
0000031A
FFFFFA3F
FFFFFA27
00000E9C
FFFFFE04
00000A7D
FFFFFC16
00000501
00000833
00000C8C
00000309
00000536
FFFFF7AB
00000230
0000118B
000012E8
0000084C
000006ED
0000005D
00000843
FFFFFD57
FFFFFB63
FFFFF864
00000E89
FFFFFFF7
FFFFFEE4
FFFFFB97
0000099D
FFFFF5CD
000004A3
FFFFF460
00000443
00000485
00000465
00000C11
FFFFFC5F
FFFFF752
FFFFF758
000005A8
FFFFFF7C
00000C2D
0000020F
000003BC
FFFFF607
00000124
00000BB7
000009FE
000000E9
FFFFFA2A
00000A42
000004DF
FFFFF861
FFFFFA24
FFFFFD6F
FFFFFFDB
FFFFFDF6
FFFFFEB2
FFFFFC13
FFFFF87D
00000601
FFFFFB71
00001154
FFFFFEB3
00000468
FFFFF4DC
FFFFFE56
FFFFF86E
FFFFF5E6
FFFFF7E9
FFFFFBE8
FFFFF998
FFFFFCB7
FFFFF77B
0000017E
00000440
00000243
000001DE
00000575
FFFFFB7E
FFFFFDA8
000004AC
FFFFF49D
FFFFF660
FFFFF56F
000005C7
0000088B
00000477
FFFFFAA7
FFFFFF0C
000006D7
00000ABA
FFFFF6F8
0000086B
000005B2
000005E1
FFFFF9CA
000004C4
00000253
00000059
FFFFFA20
FFFFF6C5
FFFFF722
00000540
FFFFFB79
000008D3
FFFFFEA4
0000069C
FFFFFBE2
00000087
FFFFFD37
000002B8
00000A92
0000008D
00000983
000001EC
FFFFF48F
FFFFFC59
FFFFF7B6
FFFFF1A0
FFFFEBA9
0000054A
FFFFFD29
00000845
FFFFFB41
FFFFFFE7
00000334
FFFFF348
FFFFE79A
000004AB
000009DD
0000157C
000017BD
FFFFFBA7
00000CBA
FFFFF8C3
FFFFF644
00000BA6
FFFFF5EE
0000127E
00000BE1
000006F9
FFFFFB35
00000CF6
FFFFFA2B
FFFFFC86
00000B7C
FFFFFCA3
FFFFF756
0000013A
FFFFEFB1
00000343
FFFFFF6B
FFFFF356
FFFFFB0A
00000191
000006BA
00001482
000013B0
000008D6
0000064F
000004F1
0000092D
00000192
000007BF
FFFFFE31
FFFFFCA2
00001D1D
00000B37
00000BAD
000000FB
00000477
FFFFFFF0
FFFFFD18
00001174
00000D78
0000038D
FFFFF271
00000BE2
FFFFEB54
FFFFEF4D
00000C59
00000D3F
FFFFF706
000002EE
FFFFF75B
FFFFFCA1
00000564
00000402
FFFFF646
FFFFF356
FFFFE784
FFFFE798
FFFFF226
0000098B
00000C0E
000007AA
FFFFF06F
FFFFFAB9
FFFFFBA2
FFFFFD02
FFFFF7D0
00000977
FFFFF4CF
00000DC6
0000053A
FFFFF6E7
00000D53
00000DDE
FFFFFD92
000013C1
00000D8A
FFFFEE16
FFFFEE3C
FFFFFC09
FFFFEDD1
FFFFFE98
FFFFFFCB
FFFFF863
FFFFFCA4
FFFFF71F
FFFFFF50
000001F8
0000070B
FFFFEF64
00000EE2
FFFFF916
0000059C
00000189
00000F6D
FFFFF585
FFFFF959
FFFFF35F
FFFFFB54
000005C4
FFFFF863
FFFFFF5C
FFFFFD19
FFFFF76C
FFFFE6E0
FFFFEFD2
FFFFE579
00000733
FFFFF5A3
000005A7
FFFFF634
FFFFFEB0
FFFFF9A0
FFFFF611
FFFFF937
00000C71
FFFFF541
0000175D
00000731
FFFFEF40
FFFFFA9A
FFFFF86A
FFFFFF67
0000038F
000008B3
FFFFF427
000006F0
000003FF
FFFFFF79
FFFFF252
FFFFF328
FFFFF00C
FFFFF9E0
FFFFF758
FFFFF3FC
0000057D
0000070E
00000B6D
FFFFF450
FFFFE724
0000097F
FFFFFB63
FFFFF502
FFFFF997
00000480
FFFFF799
FFFFF858
00000318
000003B8
FFFFFC45
00000D10
FFFFFEFE
0000048A
000007B5
FFFFF939
FFFFFBE3
FFFFF032
FFFFFB99
FFFFF7E8
FFFFF020
00000E0F
FFFFF545
FFFFF677
FFFFFBC8
00000D46
FFFFF0AB
0000005E
00000344
FFFFF48E
FFFFF656
FFFFFB57
00000088
FFFFED77
FFFFFA77
FFFFFB63
000015A8
00000AAB
FFFFFD91
00000D12
FFFFF82A
0000164E
00000FC4
FFFFF936
FFFFF55B
00000D34
FFFFFD0B
FFFFFF7C
FFFFF9DA
FFFFFC9D
FFFFF0CB
00000BFA
FFFFF63E
000004FA
00000B74
000002FC
000000E4
00000C19
FFFFFD09
FFFFEE88
FFFFFE21
FFFFFDDE
000000CD
00000432
FFFFF829
FFFFF372
FFFFEDB9
0000093B
FFFFF443
FFFFFDBD
00000350
FFFFFB58
00000061
00001822
FFFFF501
00001795
000009D9
FFFFF5F8
00001374
FFFFF259
FFFFF347
000002BE
000005B2
FFFFFC81
00000935
FFFFF3D0
000003C6
00000432
FFFFFD78
FFFFFCF5
00000F1A
00000C3F
FFFFF386
00000858
000001B2
FFFFF254
FFFFEEE1
FFFFF883
FFFFEA2A
0000068E
FFFFFDE7
FFFFF4CB
FFFFFF5A
FFFFF72A
FFFFF368
FFFFF0A6
000004CF
FFFFFD28
FFFFF78A
FFFFF93B
FFFFEFD6
00000ADE
FFFFEE95
FFFFF9A9
FFFFFA59
FFFFFC96
FFFFFD64
FFFFFDF2
FFFFFB93
00000229
00000BE4
FFFFFA70
00001251
FFFFFBEC
00000ABE
000016B9
0000061F
00000A69
FFFFFC12
00000C22
FFFFFE8C
FFFFFB75
00000FF2
00000B66
00000025
FFFFECD2
00000023
FFFFF497
FFFFFD58
000001E2
00000BC6
000006E6
FFFFF9EA
00000E2B
FFFFFE99
FFFFF908
FFFFEDE3
FFFFFEC8
FFFFF0E3
0000012F
00000D49
FFFFEDF9
FFFFF5B7
000019FC
000019A2
0000191A
000013F4
000011A8
0000073A
FFFFFB6F
FFFFF4E1
FFFFF68C
FFFFED66
FFFFF948
FFFFFDB2
0000072C
FFFFFBCE
FFFFF3E0
FFFFE76D
00000B0E
FFFFED83
FFFFF733
FFFFF8D5
00000173
00000AA4
0000090E
00000E3D
FFFFF87B
FFFFFA97
FFFFF71E
00000598
FFFFF9C6
000002AF
000009DA
FFFFFD5F
00000B79
00001105
FFFFF8D8
00000DFB
FFFFF55D
00000018
FFFFF576
0000096A
000004D3
FFFFFCDD
FFFFED1C
000001A0
00000715
FFFFFDF9
000006CA
FFFFF181
FFFFF1CF
FFFFFE50
000003E0
FFFFE9F6
FFFFFA4C
FFFFF899
000008D9
FFFFF548
00000786
FFFFFAFE
FFFFF432
FFFFFFA3
FFFFFCA8
FFFFFEAD
FFFFFFEF
000006E3
00000594
00000543
FFFFFE0B
FFFFFFDB
FFFFF45B
FFFFFDCA
FFFFFEE4
FFFFF76D
FFFFF411
FFFFF0B3
FFFFF365
FFFFF481
FFFFFEC8
FFFFF85E
00000949
FFFFFBA4
0000090E
00000FDA
000009B5
000002FF
FFFFEEF0
FFFFF9DE
FFFFF8AB
00000892
0000025C
FFFFF4DE
FFFFF160
FFFFFFEF
000007BB
00000606
0000078D
FFFFF37A
00000686
00000476
FFFFEEB3
FFFFF58B
0000164D
000008DD
FFFFFFFE
FFFFF759
FFFFF4EA
FFFFF4AE
FFFFF2D5
00000127
00000893
00001005
FFFFFA8D
00000C25
00000572
00000367
FFFFF729
FFFFF3CE
FFFFF548
FFFFF94F
0000022D
00000272
0000039F
FFFFF83E
FFFFF86A
FFFFEA09
FFFFFC7F
FFFFFD6E
FFFFFD98
000002E5
00000621
FFFFFC28
000002B3
FFFFF465
FFFFF716
FFFFF549
000007BD
000002DE
FFFFF8C7
000002D9
00000C95
000007C0
00000569
00000279
00000A8F
FFFFEABF
FFFFFDA6
00000110
FFFFFD51
0000049B
0000006E
FFFFFF84
FFFFFA04
000015B6
00001072
FFFFFB6D
FFFFF17C
00000480
FFFFFB40
000015C0
000008CF
00000049
0000127C
000005E8
00000214
00000922
0000123D
00000F09
FFFFFC4E
00000FFC
000000B7
0000036C
FFFFEEE1
00000FCB
00000DCE
00000356
00000C31
FFFFF039
00000586
FFFFEF54
FFFFFD70
0000074C
FFFFFF1C
FFFFF9B5
0000114A
00000508
FFFFFB18
FFFFF7E7
0000075D
000011EC
00001162
FFFFEEE7
0000033A
000007BC
0000085A
FFFFF4BD
FFFFFE19
FFFFFF23
FFFFF6E6
FFFFEDA6
FFFFF83C
FFFFF9E7
00000F26
0000025F
FFFFF7F2
0000121C
00000455
00000AEA
FFFFFECB
FFFFF50D
00000054
FFFFF6B2
0000046C
FFFFF7CA
FFFFF9A4
FFFFFCFB
0000113B
FFFFF352
00000243
FFFFF5BA
FFFFF8EE
0000189C
00000DAA
FFFFF2B4
00000EF8
FFFFF8A7
FFFFF2C7
FFFFFCC0
FFFFF58E
00000647
FFFFFEE4
000001C3
FFFFFCE0
00000544
FFFFFB53
FFFFFEE7
000019BE
0000115E
00000E94
FFFFFA54
00000B7F
00000E30
FFFFF7FA
FFFFF155
FFFFF916
FFFFF91C
00000260
000000B5
FFFFF888
FFFFE8F8
FFFFFC8C
FFFFFD0D
00000614
FFFFF7D4
00000600
FFFFEF18
FFFFF603
FFFFFDE5
FFFFFDDE
00000496
00000036
FFFFF216
FFFFF956
00000592
FFFFFF4E
0000073D
FFFFF2CA
FFFFFC70
00000E10
FFFFF6F1
FFFFFC08
00000391
000011F5
FFFFFDDF
000018A8
0000128E
000006DE
00000FCC
FFFFF4F7
000015AB
000009E5
00000D0D
FFFFF352
00000C49
FFFFF3F2
FFFFF0D4
FFFFF59B
00000CD1
00000F43
FFFFF47D
FFFFEF1B
FFFFFB94
FFFFFAAB
0000086A
FFFFEFE7
0000159A
FFFFFFC4
FFFFF322
00000B01
00000488
00000C80
00000660
FFFFFCA8
00001709
00000320
000001B5
00000933
FFFFFFB5
00000147
FFFFF40D
00000120
FFFFFBBE
FFFFF558
FFFFEBFC
FFFFF598
FFFFF303
FFFFFD16
00000882
FFFFF262
00001662
00000B11
0000117E
0000085D
FFFFFB4B
FFFFF7D2
00000D63
FFFFF6E7
FFFFF4AB
FFFFEC45
000007A9
FFFFF117
FFFFF137
FFFFF2FC
00000763
0000019A
00000B43
00000B4F
FFFFED00
FFFFF715
FFFFF65F
FFFFFDCC
00000F4C
0000060A
00000466
0000121E
00000898
00000F79
FFFFF2F1
FFFFFBEB
000004CD
00000C1B
FFFFFF46
FFFFEE84
FFFFFEDD
00000377
FFFFE3A8
FFFFFF9A
FFFFFF81
00000CC1
FFFFED21
FFFFEB4C
FFFFF2B3
FFFFF91C
FFFFEDB0
000007D9
FFFFF4F3
0000070B
FFFFF0A8
FFFFE6CE
FFFFEE53
FFFFF6B7
000000B9
FFFFE9F5
00000894
FFFFF9DB
00000D75
FFFFEC73
FFFFFCF7
FFFFFEF6
FFFFFE11
00000440
00000B64
FFFFF93A
FFFFEF7B
000009F4
00000205
00000C70
00000431
000011E2
FFFFF515
FFFFEA97
FFFFF633
FFFFF1B2
FFFFFA31
00000256
FFFFE4FD
FFFFFBD8
FFFFEE4A
FFFFEE9B
00000E71
00000DF3
FFFFFC56
00000DCD
00000533
00000D82
FFFFFBE0
FFFFFA4A
FFFFF665
FFFFF752
FFFFF14A
00000BB9
00000A5A
0000034C
FFFFF368
FFFFFA9C
FFFFE51B
FFFFFE04
FFFFFD51
FFFFF8A5
00000C64
FFFFFE43
000008D9
000009D8
FFFFFFCF
000002EF
FFFFECDB
FFFFFE23
FFFFFBC0
FFFFF6BC
FFFFF015
0000115E
FFFFFE28
FFFFF259
FFFFF888
00000047
0000015E
00000102
00001687
0000042A
FFFFFC94
FFFFFAE2
000015A9
00000BB7
FFFFF5FD
000006EA
00000642
FFFFF8D4
0000048F
FFFFF7F1
FFFFF510
FFFFFA8F
00000FB5
00000A19
FFFFE0BC
000001AE
FFFFF76F
FFFFF571
FFFFDF63
FFFFE97F
00000177
FFFFEF83
00000945
FFFFFB65
00000A53
00000141
FFFFF349
00000144
00000E86
FFFFFADF
00000724
FFFFFA31
0000103A
000005E9
00000C7F
00000C28
FFFFF997
0000105E
000008EB
00001235
00000678
FFFFF41A
FFFFF66E
000007A3
FFFFFE5D
FFFFF8E4
00000FD2
FFFFF9E8
00000872
FFFFFE4B
FFFFEE6C
000007F8
FFFFE74B
00000F97
FFFFF147
000005A1
00000FB1
000006E3
00000191
FFFFFA48
FFFFF736
00000828
00000922
FFFFF3D3
FFFFFF9E
FFFFFDA9
FFFFFA2E
00000ECF
FFFFF398
FFFFF8C9
FFFFF0D3
FFFFFC6F
FFFFEAA2
FFFFFAD1
FFFFFD9C
FFFFF545
00000F06
FFFFE8DA
00000CE9
FFFFFF51
0000083E
0000088B
00000DF2
FFFFF7B5
FFFFED1D
00000E37
FFFFF7A3
0000078E
FFFFEF80
FFFFF99D
000001D6
00000D6A
FFFFF659
000000B6
00000C7C
000015BD
FFFFFC24
00000592
00000779
0000015C
FFFFF8D2
00000015
FFFFF7D3
00000442
000004A2
FFFFF7C7
00000BE2
000000A7
FFFFFC3C
000000AE
FFFFF87D
000006B3
FFFFFD17
FFFFF815
FFFFE6B3
000000B2
FFFFFE02
0000016D
FFFFF58C
FFFFF820
00000960
0000152F
0000012D
0000187D
000004AF
000012A1
00000515
FFFFF9FC
000003F3
00000CAC
FFFFF51B
000001B6
00000486
FFFFE9DA
00000976
00000BBD
000008A1
00000130
FFFFFB3A
00000E73
FFFFED8F
FFFFF03E
00000BF6
FFFFF403
FFFFFA25
FFFFF7AB
00000BBE
FFFFF3D4
00000D14
00000722
FFFFF4E6
FFFFF9BC
FFFFF123
0000071E
FFFFF0C9
FFFFED15
FFFFFB91
00000600
FFFFFFF7
0000066A
00000B36
000007AA
00000070
00000F4A
FFFFFD22
000000B9
FFFFFB17
FFFFFB2D
FFFFFEA7
000004A3
00000D61
FFFFF38C
FFFFFFDC
00000695
0000022E
00000AEF
FFFFE9EE
FFFFFFD5
FFFFF13A
00000408
FFFFEE94
000009C8
FFFFEF76
FFFFF3B2
000007CE
0000082F
00001625
000011B2
FFFFF7ED
FFFFF1BE
FFFFEF9E
000005DD
FFFFF019
0000085A
FFFFF660
FFFFED90
FFFFFAF5
000006D7
00000246
FFFFEED3
000009F1
000003C1
00000F9F
000014E4
00000F6C
00001466
FFFFEF9D
FFFFF82B
00000724
00000A81
000013D9
000002AD
00001AF4
000006B6
000022E7
0000197E
000009E5
00000299
000017EF
0000164A
00001CF6
00000936
FFFFF61D
00000074
FFFFF8B6
FFFFFBE1
FFFFF957
0000109D
000001D8
FFFFF0C9
FFFFF121
00000078
000017CF
000010AD
00000020
000011E9
FFFFF649
000011F3
00000583
FFFFEEFA
00000327
00000DC5
000007F4
FFFFFF36
000005FB
00000B48
FFFFF791
FFFFFCAD
FFFFFE63
FFFFED01
FFFFF238
FFFFFE62
FFFFEE79
FFFFF958
FFFFF0CE
FFFFEF00
000005EC
00000D71
00000B17
FFFFF284
000001A3
00000031
FFFFF4A0
00000DE3
FFFFEE21
00000B80
00000756
000012A2
FFFFF8A3
000016F8
FFFFF328
00001324
00000EFA
FFFFF392
FFFFFB58
00000639
00000E28
000001D5
000000E4
00000B6D
FFFFFAF5
00000BFA
000011C8
FFFFFC8B
FFFFFA28
FFFFF6E2
000015D4
FFFFFA24
FFFFF7B9
FFFFFF91
0000067C
FFFFFBE6
000019A2
0000001F
00001187
000014FC
000018D4
00000AE2
0000021D
00000185
FFFFF974
FFFFEE39
FFFFEED1
FFFFFD99
FFFFF73A
FFFFEAB8
FFFFF2A0
000002FE
0000053B
FFFFF1C3
0000095E
000001AE
00000DF9
00000B54
FFFFFBA0
FFFFF152
000001F0
FFFFFB09
000005DF
FFFFFCDC
FFFFE931
FFFFFC20
00000BB3
00000041
FFFFF5D8
00000AD9
FFFFFF95
00000592
FFFFF8F7
00000EA5
000011DC
00001439
FFFFFBC3
0000008B
FFFFFA5C
00000344
000006BF
FFFFF86F
FFFFF1B4
000018DB
00001230
FFFFF619
00000B1B
FFFFEECD
00000699
FFFFFEDE
00000A5B
FFFFE5A2
0000047A
00000C2D
000009B7
00000D25
FFFFFA50
FFFFE76A
FFFFEEC7
00000C53
FFFFFCEF
0000086A
FFFFF8DC
0000025E
00000E89
000007D7
FFFFED89
00000D87
00000776
00001416
0000074A
00000B4E
FFFFF718
FFFFFD45
FFFFFC0B
FFFFF3E8
00000D81
00000099
00000839
000002EF
000016B8
00000984
FFFFFC77
00001A37
000008C2
0000122E
FFFFEAFF
000002B6
FFFFEDF5
FFFFE178
FFFFFFD3
FFFFEFE4
FFFFF113
FFFFF0AC
FFFFFC5B
FFFFF696
FFFFFA38
000007A6
00000550
0000033E
FFFFF2BE
FFFFF56F
FFFFF5B9
00000DBE
FFFFF65E
FFFFFE83
000004ED
FFFFF4B2
000004E8
FFFFFA7D
FFFFEFC8
FFFFF815
0000056C
00000178
FFFFEC70
FFFFFD59
FFFFFF93
000007F5
FFFFFE0E
FFFFFA04
FFFFF17B
00000275
000008FC
FFFFF557
000007DD
0000076F
00000347
FFFFF5E9
FFFFF7C6
FFFFFBD6
FFFFFCA6
0000076A
00000064
FFFFF8C0
00000224
000002FB
FFFFFDB4
FFFFFE22
FFFFF378
FFFFF597
FFFFFDAF
00000B76
00000548
FFFFF9BF
000009F1
000001B4
FFFFF373
00000B8C
FFFFF9EE
FFFFF7B7
0000050A
FFFFF892
000002BF
000006BA
FFFFF168
00000338
FFFFFD57
FFFFF6AA
00000C0E
FFFFF734
FFFFF40D
0000030D
FFFFF91D
FFFFFF94
FFFFF450
000005E3
0000034D
FFFFF3BE
00000A20
FFFFF4DF
000005C0
0000096F
FFFFF63A
00000C92
FFFFF4B7
00000199
FFFFF4C5
FFFFFA77
000011CE
000011B4
FFFFFED7
FFFFEF02
000001F8
00000B86
FFFFFD9F
FFFFF944
FFFFF57A
FFFFFE23
000001FC
FFFFFF2B
FFFFF4CF
000008FE
000006F3
FFFFFE8E
000008A0
00000C32
000001DD
FFFFF40A
0000097C
000001DA
FFFFF8C7
000000AC
00000539
FFFFF632
000001BE
00000549
00000C41
FFFFF3CC
00000FBA
FFFFFEAF
00000EF5
0000091A
0000023A
000008DC
FFFFF8D5
FFFFF717
FFFFF909
000002F6
FFFFF958
FFFFFE13
FFFFF3C6
00001212
000000E6
000001D6
00000024
00000D76
00000D7C
00000B87
00000464
0000133C
FFFFF990
00000771
00000223
FFFFEC91
FFFFFFD0
FFFFF360
FFFFF4EA
000000EE
0000064B
00000396
FFFFFC30
FFFFFC3F
0000061B
FFFFFC86
FFFFFFC0
00000B7B
FFFFFA7F
00000B2C
000008B9
0000061B
FFFFF1F3
FFFFEF63
FFFFFF55
0000002B
000006ED
000000FD
0000039B
000012E3
000004DE
FFFFFCE8
000011A9
000000B4
FFFFFE3A
000006E6
FFFFFFC4
FFFFFB47
FFFFF384
FFFFEA4A
FFFFF144
FFFFF294
00000208
FFFFEE9D
FFFFF034
FFFFED27
FFFFF475
000007C9
FFFFFCEF
FFFFF528
FFFFF869
00000166
FFFFEB94
FFFFF89B
FFFFF32F
00000715
000001D3
FFFFFCFB
FFFFF729
FFFFFE67
00000162
00000594
FFFFF190
FFFFF90A
FFFFF9A5
FFFFFF81
FFFFFD60
0000050C
00000015
FFFFF75D
FFFFF091
FFFFFE71
FFFFFCBA
FFFFFAD2
00000810
0000084B
00000CD4
FFFFF37E
00000709
FFFFF819
00001066
00000B34
FFFFF757
FFFFF78E
FFFFF5CA
00000021
FFFFFE4A
FFFFFEE9
0000055C
FFFFF81A
0000042B
FFFFF3D9
00000968
FFFFFB58
FFFFEC95
FFFFFC05
00000631
FFFFFE3F
0000118E
0000000B
00000828
000004D8
000006A2
FFFFFF1E
FFFFF793
FFFFFAE9
00000331
00000101
0000083F
000003D6
00000779
FFFFF18A
FFFFFDC7
000005FC
000009A1
FFFFE859
00000056
00000061
00000153
FFFFF39C
00000D71
FFFFF02B
00000937
0000011B
000000BC
0000099C
000009C0
00000AAF
00001392
00000F77
000005AA
FFFFF753
FFFFFD80
FFFFF98E
00000540
FFFFF88A
00000958
FFFFFC0F
0000038F
FFFFFC2F
00000A5E
00000087
00000530
FFFFFBCF
00000FA7
0000019C
FFFFEC88
00001203
FFFFFADB
FFFFF8A3
FFFFFC32
00001035
FFFFF4AD
00000637
FFFFF8A5
00000003
0000000A
FFFFF97B
FFFFF5D4
FFFFE9FF
FFFFF9B3
FFFFF6CD
FFFFFB9F
FFFFEB79
FFFFEF6F
FFFFFA55
FFFFEE9C
FFFFF48C
FFFFFA89
00000978
000008B2
FFFFF7ED
00000B86
000003DB
000010FC
FFFFFFFE
00000FF0
000006C0
0000156F
FFFFFB96
000006F9
FFFFFEAC
FFFFECA8
0000028D
FFFFEECB
FFFFFD00
FFFFFC5B
FFFFFE73
00000380
00000839
FFFFF6FC
000011B4
0000159A
FFFFFCAE
FFFFFF84
FFFFF6AB
FFFFF804
0000043E
000005DC
00000AD0
00000609
00000597
00000498
FFFFF93E
FFFFEED1
FFFFF19E
00000504
FFFFFCA7
FFFFFF05
FFFFF776
FFFFF4C3
000007DB
FFFFF8BD
000005F2
FFFFFA57
00000207
FFFFF1B8
000006B1
FFFFF58C
00000FBA
FFFFFB74
0000074A
FFFFF9EB
00000212
FFFFF04F
00001091
00000119
00000672
FFFFF4CE
FFFFF888
FFFFEFF4
FFFFFF76
FFFFF30C
FFFFF47F
FFFFF13D
000002A0
FFFFF6ED
FFFFF427
FFFFF588
FFFFFB5F
000003F5
00000427
000005B4
FFFFEEA8
FFFFF7D1
00000F9D
00000718
0000038F
FFFFFB64
00000C68
FFFFFD20
FFFFF5B4
00000350
0000024B
00000D1E
FFFFF91B
FFFFF1D9
00000889
FFFFFA4E
FFFFF372
FFFFF8F2
0000029D
FFFFF8AC
FFFFFB7B
000000C6
FFFFFBFF
00000006
00000665
FFFFF7EE
000008C8
00000057
FFFFF7C1
00000B9E
000004E1
00000AF8
FFFFF8B1
FFFFEDC4
0000058C
FFFFF43C
00000577
000005E3
000001BB
FFFFFEB7
FFFFFCDC
FFFFF4E0
000004F7
FFFFF80B
FFFFFA06
FFFFFF8D
FFFFF7A7
000003AD
FFFFF028
0000045E
00000E90
FFFFF57F
FFFFFA11
FFFFF214
FFFFFDAA
FFFFFCD0
FFFFFDD6
FFFFFD24
FFFFF96E
000009BD
FFFFF762
FFFFF64C
FFFFEF94
FFFFFD21
FFFFF587
FFFFF29F
FFFFF263
FFFFFB4F
00000840
000004DB
0000063B
00000676
FFFFF780
FFFFF4FC
000003F8
FFFFF389
00000888
00000BA9
FFFFF467
000006FF
FFFFF9E1
00000066
00000583
000005E6
0000014C
FFFFFAE8
FFFFFB4E
00000D4E
000002BE
FFFFF981
0000029B
000010BC
FFFFFF74
000005BD
000010F8
00000B81
00000FBF
FFFFF8F7
000002E8
FFFFFA27
FFFFFB52
FFFFF767
FFFFF63D
FFFFF902
FFFFF4FB
FFFFFB35
FFFFF641
FFFFF219
FFFFF38D
0000044A
FFFFFECC
FFFFF98D
00000531
FFFFFE13
000011E6
FFFFF43A
FFFFF4FD
00000D02
FFFFF712
FFFFFCE0
FFFFF1F3
00000538
FFFFFEF3
0000021A
00000712
00000C17
FFFFF728
FFFFFD3B
00000A74
FFFFF0F4
00000942
FFFFF1EB
000009C7
FFFFFB7C
000002C2
0000052A
FFFFFA32
000003C2
FFFFF7BF
FFFFF986
00000092
00000001
00000E66
FFFFF955
FFFFF669
00000302
00000C89
0000066E
00000348
00001065
FFFFFF71
FFFFFC2D
00000A43
00000CBE
FFFFFE33
000004D5
FFFFFD1F
FFFFECE5
FFFFF872
FFFFF589
FFFFFD5A
FFFFF95F
FFFFF5A1
FFFFF775
FFFFF4F0
FFFFFB78
FFFFFBEF
0000054B
00000005
00000997
00000A47
00000A62
FFFFF9EF
00000903
000001EA
FFFFF6BA
000004D1
FFFFFB9E
FFFFF25C
00000379
FFFFF989
FFFFFF9A
FFFFFBC1
FFFFF334
FFFFF13C
FFFFFE22
FFFFEF48
FFFFE497
00000021
FFFFE936
FFFFED7C
FFFFF058
00000DD8
FFFFF728
FFFFF5E0
FFFFFB3C
00000DC8
00000DF9
000002AC
00000B67
00000803
FFFFF97F
FFFFF280
0000011A
00000B51
00000CB4
000001CB
FFFFF91F
0000089F
00000DA8
000006F8
000005A6
FFFFFB7E
FFFFFC34
00000349
FFFFFDA2
FFFFFB5A
FFFFF79B
FFFFFE95
FFFFF5F7
FFFFF273
0000078A
FFFFFB70
FFFFFF89
FFFFFFFA
FFFFF416
FFFFF03C
FFFFF538
FFFFFFDA
FFFFF14E
FFFFF360
000004F4
FFFFFB53
FFFFF4A3
FFFFFFA5
FFFFF9FE
00000625
00000080
FFFFF8BD
000003D4
FFFFF65E
00000183
FFFFF666
FFFFF548
000008D6
00000AA0
FFFFFA91
FFFFF220
FFFFFC7D
000006E8
FFFFFC1F
000001A2
000008B3
00000D52
FFFFFCD2
000008BE
FFFFF5CD
000007F4
FFFFF592
FFFFFDEE
00000353
FFFFFA8F
FFFFFD3D
FFFFF946
00000893
FFFFF20F
FFFFF448
FFFFFE66
FFFFFB1D
FFFFF01C
0000029F
FFFFEC0D
FFFFFC3D
00000A02
00000D89
00000AC2
FFFFF778
FFFFFDCC
00000A88
00001159
FFFFFE6C
00000ECB
000003FC
000008E4
FFFFF75B
000007EF
00000526
000008D8
FFFFF3DC
FFFFF8E0
000000F4
00000852
FFFFF86D
FFFFFDF5
000005FF
FFFFFB5D
00000659
FFFFFF12
FFFFF3BC
000000CB
00000105
FFFFF6F3
00000D2F
0000007D
00000DBD
FFFFF6A4
0000028D
0000018C
FFFFFA2B
FFFFF8D2
FFFFEE8C
000004CA
FFFFF892
FFFFFD2E
FFFFF936
FFFFFC31
00000991
FFFFF6B5
FFFFF440
FFFFEDFC
00000670
000005A6
FFFFEA9D
FFFFFA57
FFFFEF6D
FFFFF8A6
0000068E
00000BB1
00000A02
FFFFF6F4
00000431
FFFFFB29
FFFFFF19
000002E3
FFFFF392
FFFFF61C
FFFFF7A8
FFFFFE28
FFFFFA8D
000008BD
00000C52
000005B3
FFFFFB5E
FFFFF7F8
FFFFF11C
FFFFEDF4
FFFFF4CE
0000016E
000009B4
FFFFFEDE
FFFFF363
FFFFF117
FFFFFC07
FFFFFADB
FFFFFAC6
0000002A
00000C7A
00000FCD
0000092B
00000AC3
FFFFFBE5
FFFFFF44
FFFFFE56
0000044E
0000086A
0000083B
00000A54
00000BE2
FFFFF807
0000098E
FFFFF720
00000BCA
0000030E
00000189
FFFFF4D3
00000B03
000006AA
000001C8
000001A4
00000A79
00000653
000005B2
00000FEB
0000017C
FFFFEFB8
FFFFFAEE
FFFFF68F
FFFFFD3D
FFFFF6AA
FFFFFFD3
FFFFF956
FFFFF41F
00000310
00000C32
00000921
00000849
FFFFF36A
FFFFF644
FFFFF561
FFFFFFE4
00000B96
000000D8
00000E46
000000A1
FFFFF7CD
00000545
FFFFF120
00000E29
0000091C
FFFFF913
FFFFFB3E
00000523
FFFFFFD4
00000C23
FFFFF741
FFFFFA85
000000E8
FFFFEFD1
FFFFF627
FFFFF928
00000263
FFFFF617
FFFFF659
FFFFFBA6
FFFFF759
FFFFF566
FFFFF32A
FFFFF990
FFFFFDF9
000001B3
FFFFF149
FFFFFB5F
00000948
000004E6
FFFFF7B6
00000C2F
FFFFFD9F
000004B3
FFFFFDFD
FFFFFE3E
00000D53
FFFFF0B8
00000961
0000054D
000005BE
00000712
FFFFFB46
00000641
FFFFF36A
00000769
00000DF2
0000034A
FFFFF65D
FFFFFC0F
000005D8
0000059A
00000879
FFFFF890
00000098
000006B8
FFFFF85B
000003E0
FFFFF7D5
FFFFF432
FFFFE913
FFFFECF2
FFFFF6BE
FFFFF504
FFFFFF4C
FFFFFE09
000001B7
FFFFFBD4
FFFFFDF9
00000875
FFFFF968
FFFFF89F
FFFFFA2C
0000088E
000000E8
00000179
FFFFEE36
FFFFF9C9
0000030D
FFFFFE9B
000003A9
FFFFF78E
0000022F
FFFFFF94
0000045D
00000D4C
00000082
FFFFF4A0
0000058A
FFFFF1B9
FFFFFAFF
000010C6
FFFFF6A8
000001A2
00000315
FFFFFAC9
000004CA
FFFFFFE0
00000B2B
FFFFFB4F
FFFFEE63
00000CFF
FFFFF9ED
FFFFFDCF
FFFFFF42
00001631
00000988
00000381
000004F2
0000044A
00000DA1
00000718
FFFFF5E4
FFFFFCF5
0000086B
FFFFF7EC
00000FB2
FFFFF5E3
FFFFFEB1
0000041C
FFFFFAAB
0000074E
FFFFF54C
FFFFF4D0
FFFFFBC3
FFFFF0E7
00000591
FFFFF68B
FFFFF73A
FFFFF379
00000735
00000D0C
FFFFEF59
FFFFF99E
FFFFF08D
FFFFF5C9
FFFFF912
FFFFFB11
FFFFFAA4
0000067C
00000AE7
FFFFF4E3
00000571
FFFFF7A6
FFFFF9CC
00000585
FFFFF346
000005B6
FFFFFAF8
000005BA
000008D9
FFFFFA15
0000083D
FFFFFDA9
FFFFF598
FFFFF4B7
000004A4
00000329
000004CB
00000623
FFFFF158
FFFFF277
00000099
000005CB
000006C6
FFFFFF1E
FFFFFDEE
FFFFFDCA
000001E1
FFFFF2D0
FFFFFF70
FFFFF4B0
FFFFF618
FFFFFD8E
0000090A
00000144
000000CF
00000D98
0000047C
FFFFFA90
000009B0
0000037D
0000091A
00000625
FFFFF309
FFFFFB44
000003BF
FFFFF796
000003E0
FFFFFE32
FFFFF49F
FFFFFC88
0000015B
FFFFF58C
FFFFF479
FFFFF843
00000345
FFFFFFE2
00000477
FFFFF65F
FFFFEF85
00000909
00000C1A
00000800
FFFFFAD4
00000566
00000162
0000085F
FFFFED59
000007F1
FFFFF0F1
0000073B
FFFFEFA3
00000B21
00000AD2
0000067C
00000D97
FFFFFEB6
000009A3
000006F3
00000533
FFFFFD54
FFFFF459
00000B60
0000054B
FFFFFEAD
00000305
FFFFF0AE
00000D19
FFFFFC1A
FFFFF54C
00000801
00000485
FFFFFA64
FFFFFB32
0000074F
FFFFF719
FFFFF7EE
00000014
FFFFF236
0000086D
FFFFFE4E
FFFFEE6A
00000964
FFFFF4D5
FFFFFEF4
FFFFF4AE
FFFFF5ED
FFFFF7EF
FFFFF83D
FFFFEC77
FFFFFF6B
00000358
00000193
FFFFF9E8
000002DD
0000018E
FFFFFA52
FFFFF38B
FFFFF9BD
FFFFF2A4
FFFFFBA0
00000401
FFFFF595
FFFFF74A
FFFFF982
00000119
FFFFF6E8
00000732
00000540
FFFFF796
0000066E
0000089B
FFFFF4B6
0000037A
FFFFF4B2
00000D10
00000177
000008FF
0000071C
FFFFE6AF
FFFFF49E
00000949
FFFFF594
FFFFFF2B
FFFFF818
0000023E
00000633
FFFFFDFD
FFFFFE09
FFFFFC10
00000F2B
00000F74
FFFFFDDF
000004C7
FFFFF2C2
000003AB
000001C2
FFFFF7C9
00000ADE
0000065E
0000046F
00000BB9
00000067
000007CD
0000076A
00000CD5
000008B9
0000086D
FFFFF793
FFFFFD81
FFFFF9B9
FFFFEE43
0000027F
000006DB
FFFFF8B1
FFFFF15A
FFFFFAD1
FFFFF3D9
FFFFFA7B
0000032C
0000024C
FFFFFE93
0000021B
FFFFFD11
FFFFFD9B
FFFFF690
00000433
00000335
00000861
00000921
FFFFF822
00000718
FFFFF2B5
FFFFFC5C
000000B8
000002BA
FFFFF203
0000026E
00000D0C
000001F4
00000E69
FFFFFB1A
0000067B
FFFFFED7
0000037D
FFFFF4D7
FFFFFD0D
FFFFFCF0
FFFFF55E
0000011F
FFFFF92A
00000C9A
00000530
FFFFF869
FFFFFD37
FFFFF450
000001A8
00000757
FFFFF60E
FFFFF277
FFFFF258
FFFFF5B8
000005C3
FFFFFC5D
FFFFFFF9
FFFFEE21
00000107
FFFFFC40
000009B8
00000626
000003A5
FFFFF329
FFFFFEF3
FFFFFB56
00000699
000012C8
00000FBD
000011A0
FFFFFCC7
00000A0F
00000A01
FFFFF9DB
00000571
00000E0C
FFFFF5FA
FFFFFE5B
FFFFF91A
FFFFF83C
0000031C
000004C0
00000432
FFFFF2A3
FFFFF3EB
FFFFF545
FFFFF71E
0000021F
0000027E
FFFFFA03
00000CE4
FFFFFD7E
00000649
FFFFF9CD
000002BB
0000043A
FFFFFB82
00000512
FFFFFC34
0000004B
FFFFFD95
0000035B
FFFFF699
FFFFF6B2
000004D9
FFFFF879
00000B95
00000DC8
FFFFF227
FFFFF6B7
0000023D
00000515
00000239
FFFFF418
00000325
00001054
FFFFFCC1
00000150
000002F9
000012E1
000011CC
00000CB1
FFFFFEBF
FFFFFC53
00000CB6
00000818
FFFFF20A
0000025C
00000A14
FFFFF3DA
00001050
00000B9C
0000056F
FFFFFFE2
FFFFF4D6
FFFFFC89
00000213
000005FA
FFFFED0A
FFFFF7B8
FFFFFF33
0000051D
00000AE6
000006CF
FFFFFB29
FFFFFB17
FFFFF2C6
FFFFFD9B
00000206
000002E7
FFFFE8B1
FFFFF975
FFFFF716
FFFFEE81
FFFFF9FA
FFFFEF9A
00000CE4
FFFFF84C
000006DA
FFFFFB11
FFFFF5FB
FFFFF1CE
000009F1
FFFFFFAB
00000030
00000026
000008FB
FFFFF426
FFFFF877
0000044F
FFFFF500
FFFFFE5E
FFFFFBAB
00000906
000006FF
FFFFFC40
FFFFF9D2
000008A7
FFFFFC6F
00000061
FFFFEF5F
0000001D
FFFFF17A
0000075F
FFFFF6B1
FFFFF091
FFFFFD8C
FFFFF720
FFFFFC03
0000048D
FFFFF3B3
FFFFFC10
FFFFFB6C
FFFFF341
FFFFFAEF
00000076
000005A0
000005CC
00000095
FFFFFDAD
FFFFEDD1
000002CC
FFFFFC15
FFFFF9EC
FFFFF5FF
00000ADB
FFFFF801
00000678
FFFFF615
FFFFF73C
FFFFF525
00000359
FFFFEF3B
00000EBD
00000CEC
00000DD2
000018BB
FFFFF615
0000082F
FFFFF6C7
FFFFF821
FFFFFE7E
0000100A
000003F7
FFFFFEBB
000006EA
FFFFF100
FFFFF304
FFFFF280
000002BB
FFFFFC3D
00000E04
FFFFFA10
00000162
FFFFF705
FFFFF469
FFFFFA61
FFFFFC18
00000152
FFFFEC2A
00000009
000003A6
0000072D
FFFFF973
00000B11
FFFFFD04
000012AA
00000957
00000810
000007F6
FFFFF67C
FFFFFCBF
0000059C
000005F1
FFFFFCB7
000000CF
FFFFF22C
00000099
FFFFF9AB
0000059C
000001D6
FFFFF4F9
0000010E
FFFFF4D1
FFFFF931
FFFFFAF6
FFFFFE6F
00000757
FFFFFD94
FFFFFFB2
0000014E
0000064F
FFFFF60F
0000093D
FFFFF895
00001325
FFFFFD95
00000BC2
FFFFF94C
0000016D
FFFFF9D6
000005A9
000006FB
FFFFF4C7
00000D13
000007E6
00000005
0000021C
00000857
000003E5
00000694
FFFFFC00
FFFFF9BA
00000913
00000E39
FFFFFB9A
00000EF3
00000148
FFFFF53A
00000359
FFFFFC4B
000002B8
FFFFFB78
FFFFFBC2
0000012F
FFFFF912
FFFFF514
FFFFF0F4
00000DB5
FFFFF510
000004A0
FFFFFDDB
000002DB
00000242
00000460
00000EF7
0000077B
FFFFF7AD
FFFFFC15
000000AB
00000901
000010DF
000009AE
00000562
FFFFF4BB
000008F2
FFFFF000
00000E39
FFFFF1F1
00000556
FFFFF858
00000A41
FFFFEEA1
00000A63
0000041E
00000E36
00000694
FFFFF3AB
0000044C
00000866
FFFFF4BD
FFFFF869
00000192
FFFFF505
00000099
FFFFF02D
FFFFF6AB
FFFFF63A
00000988
FFFFF1E8
00000F20
FFFFF2FB
0000084F
FFFFFB88
FFFFFBF4
FFFFF0C0
00000686
00000EF8
FFFFF7B1
FFFFFA65
FFFFF9E9
000006FE
00000478
FFFFFD2E
FFFFFB19
FFFFF8C8
00001067
0000146D
000005BE
0000049C
00000DE2
FFFFF6A3
FFFFF151
FFFFF879
FFFFFC0D
0000145B
00000718
000008CE
0000052C
00000383
FFFFF979
FFFFF96C
00000204
FFFFECB5
00000DEB
FFFFFE25
0000160A
00000741
FFFFFDDD
00000E44
00000EA1
FFFFF095
FFFFF5B2
FFFFFFA5
000000B6
00000189
FFFFFEA5
FFFFF1C7
00000A59
000001E9
000006E7
FFFFF9EB
FFFFF2CE
FFFFF42A
FFFFFE20
FFFFFADF
FFFFFE9A
FFFFF48B
FFFFF29A
000002F8
FFFFF226
FFFFFD1C
FFFFFD34
FFFFFB0D
00000392
FFFFFB08
00000867
FFFFF757
FFFFF67F
0000059D
FFFFF082
FFFFEED3
0000063F
0000047E
000006AF
0000096C
FFFFF77C
FFFFFCD1
00000609
FFFFFB42
0000067C
FFFFEF66
00000831
FFFFF552
FFFFFDA5
00000840
0000000E
FFFFF568
00000C52
FFFFF7C2
FFFFF74C
FFFFEE9B
00000F26
00000790
FFFFFFAD
000007AA
FFFFF9C0
FFFFF949
00000F67
FFFFF2F1
00000673
FFFFF9D2
FFFFFDEA
00000174
FFFFF6A8
FFFFFEF9
00000B50
000003E3
00000885
00000B54
0000061B
FFFFFEE3
FFFFF553
0000041C
FFFFFBF1
FFFFF2F1
FFFFF753
00000A95
00000B10
FFFFFF28
FFFFEF72
000008DD
00000361
00000E70
FFFFF457
000012EC
0000010E
FFFFFFFF
FFFFF468
00000AF4
000003FB
FFFFF592
FFFFF82A
FFFFF603
FFFFF955
FFFFFD5D
FFFFF65A
00000381
FFFFF552
FFFFFF66
00000364
FFFFFAD2
FFFFF097
FFFFF42C
FFFFFAAD
FFFFFA31
FFFFFEB8
FFFFF6AE
FFFFFF58
000006DE
000008BC
00000D2E
FFFFFEA5
00001137
FFFFF9B2
000013AD
FFFFFED8
00000B04
00000439
FFFFF8DA
000000AC
0000156A
00000932
FFFFFFF6
FFFFF8AD
FFFFF7E2
FFFFF6CA
00000D49
000004EF
FFFFFAB9
FFFFFDA5
00000AFD
FFFFFB97
00000861
FFFFF011
FFFFF987
0000078D
00000804
00000680
FFFFF670
FFFFEAD4
000000DD
FFFFFA7D
0000067D
FFFFF794
FFFFF523
FFFFF275
FFFFFF6E
FFFFF218
FFFFF7B1
000001D8
00000F1C
FFFFF41B
00000C84
FFFFFB7D
FFFFF1EB
00000613
000009F7
FFFFE889
FFFFF97C
FFFFF212
FFFFF412
FFFFFEFB
00000232
FFFFF7FF
000001EE
FFFFEBB7
FFFFF795
FFFFF3D6
FFFFFD58
FFFFF827
FFFFF671
FFFFF5F4
FFFFF8FC
0000069A
FFFFFFC0
0000060F
00000AF6
FFFFFB3D
0000083C
000009BB
0000033F
FFFFF28C
FFFFFFB2
FFFFFBE2
FFFFFD9C
FFFFFEDC
FFFFFE19
000006AD
00000B1B
FFFFFA8E
FFFFF0E2
00001298
FFFFFCC0
00001595
FFFFFBF4
00000992
FFFFFAD9
00000981
00000566
00000631
0000043F
00000092
FFFFFBDE
FFFFF411
FFFFFEE9
FFFFF859
00000476
00000901
00000D67
00000253
FFFFEE00
FFFFF869
00000346
FFFFFF82
00000FF2
00000012
000006E2
00000E89
FFFFFDD9
0000044C
00001641
0000045D
00000231
00000444
FFFFFB4F
0000025B
000008AD
FFFFFD58
000006B4
000007C8
0000063D
00000768
FFFFF7C8
00000606
FFFFFB7D
000015EB
FFFFF93D
00000129
0000001A
FFFFFB00
FFFFFC95
FFFFF084
0000014A
FFFFF6EA
FFFFEB15
FFFFF6D8
000005E2
FFFFFE4C
FFFFF7FB
0000002E
000006DC
FFFFF036
FFFFFA61
FFFFF717
000007C9
FFFFF537
000002B1
FFFFFF9D
FFFFF552
FFFFF035
00000230
00000C93
00000BE2
000007C5
0000053A
FFFFF653
FFFFFCD7
000001FC
FFFFFAEF
FFFFFE79
00000F82
FFFFFCCA
00000AAA
00001294
00000857
00000425
FFFFF8FF
000004F7
000001E0
FFFFEEF1
FFFFFED7
FFFFF59D
000009BC
00000330
000002E8
000007DE
00000CD8
00000059
000004AA
00000672
FFFFFCF3
00000228
0000030D
FFFFFF28
00000442
FFFFFC49
FFFFFF6F
FFFFFB1F
FFFFFC54
FFFFF436
00000AF5
00000FD3
FFFFF40B
FFFFF6BC
000007F8
00000A1B
000009E0
00000505
FFFFFD11
FFFFFF6C
0000023D
FFFFF5D7
00000E7C
00000A07
FFFFF36A
FFFFF9EB
0000058E
0000120F
000008C3
00000374
0000103A
FFFFFD94
00000440
FFFFFFC5
00000365
000017A8
000006A5
FFFFF600
00001658
00000366
FFFFF92C
FFFFF86E
FFFFEFF9
FFFFF6F3
00000299
000004E8
0000052E
FFFFEE8A
00000961
FFFFF578
FFFFF943
00000178
FFFFF6BD
00000C7F
00000BC2
00000E42
FFFFF784
FFFFFD56
00000394
FFFFFCCE
FFFFFAD2
000008F2
FFFFF257
000001C5
000011F9
0000048A
FFFFFA35
000009AA
000004E4
000001A5
00000961
00000B89
00001726
00000D5D
00000C82
FFFFFD83
FFFFFCCF
00000C05
FFFFFD13
000006EF
000000E1
FFFFF8FA
000003B6
00000C6A
FFFFF4C8
0000080C
FFFFF609
FFFFFEAD
FFFFF999
000001B4
FFFFFE32
FFFFF6DE
FFFFFC46
FFFFFAA5
FFFFF3E9
00000161
FFFFFB58
00000C05
FFFFECFE
FFFFFAA9
FFFFFE66
000008AE
00000DC0
00000526
00001716
FFFFF36B
FFFFFAA3
00000BDB
FFFFF096
FFFFFEFC
FFFFF8D0
00001342
00000DDF
0000011E
000009E7
00001108
FFFFF849
00000623
0000160A
000006AA
00000FC4
FFFFFD3A
FFFFF652
00000D28
00000CC3
FFFFFE2A
00000562
00000204
0000123C
FFFFFF98
FFFFFDE1
0000050F
000009D4
FFFFF556
00000F37
00000F71
FFFFF959
0000066C
00000A44
FFFFF7E6
00000A01
00000B37
FFFFF818
FFFFF7C6
0000021C
FFFFFC84
FFFFF4EF
000003A5
00000642
FFFFF2C2
00000470
000007F1
FFFFF6DA
FFFFFC40
00000134
00000327
FFFFFE5C
FFFFF98B
FFFFF73C
00000853
FFFFFF27
FFFFF826
FFFFFC90
FFFFFBEF
FFFFF38E
FFFFFB4C
000016CF
00000F79
0000035B
FFFFF64D
00000C56
00000151
FFFFFE66
FFFFF79C
FFFFF6AF
000009F2
000009B3
00000CFD
00000DF7
FFFFFAC4
000010D2
0000046F
00000E6F
FFFFF1C6
FFFFEDA6
FFFFF429
0000080F
000000B1
000001BC
FFFFF29A
000002C1
FFFFF450
00000C02
FFFFF5CD
FFFFF527
FFFFFF7C
000019E0
0000023D
FFFFF241
0000144C
00000A3E
00000359
FFFFF9F7
FFFFFE14
FFFFFE52
FFFFF8CB
FFFFFE7C
FFFFED93
0000032A
0000004C
00000CB5
FFFFFF79
00000A34
000004E9
FFFFF29F
000005E6
00000536
FFFFF196
FFFFFFBE
FFFFFA13
FFFFF617
FFFFF7A8
00000D83
00000EA6
000000FD
0000006B
00001262
000002FE
FFFFFB2B
FFFFFABC
000007F3
FFFFF4E8
00000765
FFFFF1B0
FFFFFCCB
00000489
FFFFF507
FFFFFE15
FFFFF338
000004E5
00000229
000011E1
0000041D
0000152C
FFFFF663
000008D7
00000196
FFFFEC13
FFFFF91D
00001119
00000BCB
00000110
000001B2
000001C8
00000D84
00000A9F
FFFFFA5B
FFFFF56C
FFFFEA27
FFFFFEE2
FFFFFAFB
FFFFF684
FFFFFFF9
0000006F
0000170A
FFFFFB8E
000004DA
00000547
00000C29
000000F4
FFFFFBDA
000009DA
0000163F
0000010A
FFFFFC2C
00000565
FFFFEFD6
FFFFF0A5
FFFFFB2B
FFFFF4DC
FFFFE90A
000005D9
000003C0
0000080E
00000A7C
00000A82
000006C1
00000BD1
FFFFFA8A
00000895
FFFFF83A
FFFFEDD9
FFFFF222
00000A01
000001B7
00000973
0000026A
FFFFFF9F
FFFFF48B
00000025
FFFFF847
FFFFFBD7
FFFFF38C
FFFFF9D1
FFFFFBB6
00000551
FFFFF61A
00000892
000006A0
FFFFF811
FFFFF565
0000021F
00000560
FFFFFC5E
000006EC
00000C37
000000F4
00001297
FFFFFD04
00000230
FFFFF984
FFFFF3BD
0000066F
FFFFFAEF
00000556
0000070E
00000430
0000003A
00000969
000006DF
FFFFFCC3
00000A55
000002DB
000004CD
00000D89
FFFFF6E5
FFFFFCA6
FFFFFDF2
FFFFFEE6
00000D8F
000008D1
0000078A
00000788
0000091F
00000120
00000E51
000010C8
000006E7
000004F9
FFFFF385
00000EEA
FFFFFA7E
FFFFFB1C
00000702
FFFFFCBD
00000E95
FFFFF6F6
0000055E
FFFFFA2C
FFFFF212
000007C9
00000551
FFFFF7F8
FFFFF80C
FFFFFF04
00000E6C
00000776
00000B6A
FFFFFC07
FFFFF725
000007EC
FFFFFA12
00000064
FFFFF51F
FFFFFC65
0000012A
00000358
00000426
0000015C
00000ACA
00000B3D
00000139
000007DB
FFFFFA0D
00000423
FFFFF9FD
00000FB7
00000FE8
00000A76
FFFFF2F7
000001E9
FFFFF878
0000067D
FFFFFBFE
0000058A
FFFFF356
FFFFFAA1
FFFFEFF7
FFFFF833
00000DE9
00000352
000005AA
0000066C
FFFFFC87
FFFFF2EE
FFFFF57F
FFFFFC95
FFFFFB0F
00000101
FFFFED8C
FFFFF7AE
FFFFFE2D
0000053F
FFFFF9AA
00000D53
FFFFFC79
000001F2
00000136
00000419
00000C5E
FFFFFC7B
FFFFF4E1
00000CE9
0000012D
FFFFFA71
000001D9
FFFFFAD4
000000B2
FFFFF6F8
FFFFF3CE
FFFFF889
0000019B
FFFFF340
00000723
0000058B
00000289
FFFFF9C6
FFFFF187
FFFFEDB1
000008AC
FFFFF26F
000000C8
FFFFFA66
FFFFFB71
FFFFFE84
00000166
FFFFF31F
00000FCC
00000137
0000055D
00000BD0
00000228
00000265
0000091E
00000462
00001161
000004D9
0000044C
FFFFF771
FFFFF628
FFFFFA0B
00000143
000006BB
00000525
00000704
00000B04
000005FE
00000097
FFFFFF4C
FFFFF1BE
0000059B
00000E45
FFFFEFCC
00000E49
FFFFF8EA
000005C1
FFFFF579
FFFFF410
00000099
FFFFF0D0
00000C2D
FFFFF299
FFFFF251
0000019C
FFFFF0F7
FFFFF8B4
00000DB5
00000D5A
FFFFF64F
00000000
FFFFF138
00000289
FFFFF998
0000018F
FFFFF401
FFFFF632
FFFFFBA6
000004C9
000002D0
00000DE7
FFFFFF38
00000DA3
00000A33
00000686
00000D9B
000000FC
000009EE
FFFFF791
FFFFF9BD
00000093
00000464
FFFFFF73
FFFFF82B
FFFFFB82
FFFFFE91
FFFFF4A5
00001043
0000166E
000015E0
00000519
FFFFFB9E
0000077C
FFFFF863
FFFFFCD5
000002C1
00000344
000002DC
FFFFF5E8
00000423
000008DE
FFFFFA0E
00000CA6
FFFFF969
FFFFF63B
FFFFFD50
00000624
FFFFF772
FFFFFF61
00000C56
000004C3
FFFFF47A
00000276
FFFFF32F
FFFFFC92
000000B8
0000130D
FFFFF7F1
00000017
FFFFFA85
FFFFFBE7
000002EB
FFFFFE93
0000078E
FFFFF244
FFFFFBA1
FFFFFE90
FFFFF9EC
FFFFFB13
00000068
00000CDD
00000855
000000A6
FFFFFF3C
00000728
FFFFFC3A
FFFFF1A2
000006F2
00000241
FFFFF8B8
00000C63
000001C4
FFFFFD0C
FFFFF57C
FFFFFFDD
FFFFF652
FFFFFD75
FFFFF44B
000003F6
FFFFFAEB
FFFFFEF7
FFFFF5DB
00000018
FFFFFCDB
FFFFFEAE
00000BE1
FFFFFD2C
FFFFF977
FFFFF8EE
00000467
FFFFF647
FFFFF443
00000AD2
FFFFF75C
000002C6
FFFFF632
FFFFFE2D
FFFFF8DC
00000350
FFFFFC3B
00000A0A
00000D3A
00000581
00000381
00001162
FFFFFEAD
000001B5
FFFFFBD3
00000E09
FFFFFE2D
FFFFFE57
FFFFF51D
FFFFF51C
FFFFFE66
00000280
FFFFF903
FFFFF133
FFFFEF0C
000007B0
FFFFF98F
00000A95
FFFFF9CE
00000884
FFFFED3C
FFFFF745
00000D91
FFFFFCDE
000002A4
FFFFF4B3
00000478
00000B17
00000422
0000065E
FFFFFF8E
FFFFF8B7
FFFFF756
FFFFFF79
00001192
FFFFF314
0000103B
FFFFFA8C
FFFFFB52
FFFFFEDD
FFFFF975
FFFFFDFF
FFFFFB96
00000294
00000450
000006D9
00000525
FFFFF2B2
FFFFF79A
000002E3
FFFFF736
FFFFF8F7
00000749
00000631
000007FC
000006D9
00000037
00000F77
00000808
FFFFFF29
00000A0C
00000487
FFFFFA7A
FFFFFE78
FFFFFAC8
00000A5A
FFFFF959
FFFFFF83
000001F1
000007B8
FFFFECDD
FFFFF51F
000009B9
FFFFF8BC
FFFFF457
FFFFFD8F
FFFFFDF9
FFFFFB81
FFFFF95C
000002F5
FFFFFDBF
00000264
00000024
000009B1
FFFFFEF1
FFFFFC1E
FFFFFF69
000002B6
00000D38
FFFFFA17
00000E1C
0000028C
FFFFFAAA
00000063
FFFFFDCF
FFFFFF1A
FFFFF94C
000003EF
FFFFFA37
00000C94
000007D3
FFFFFFA6
FFFFFDFD
FFFFF91E
00000277
00000B7F
FFFFFF74
00000C45
000004A7
00000076
000008F0
00000B35
FFFFFF03
000005BB
00000D1C
FFFFF8FB
FFFFF414
FFFFF672
FFFFFD64
000006FF
FFFFFC05
00000213
000000F6
FFFFF7AB
00000ACD
FFFFFC82
FFFFFD3C
FFFFF41B
FFFFF881
00000311
0000081B
00000050
000006BF
FFFFF682
FFFFFADE
FFFFF2BF
00000272
00000628
00000A14
FFFFF93A
FFFFF6BC
FFFFF3CA
FFFFEFDF
FFFFF589
FFFFF651
FFFFFB01
FFFFFAD5
FFFFFBDF
FFFFF01C
000001BC
00000022
FFFFEFC3
00000600
FFFFF904
FFFFF652
FFFFFDEC
FFFFF920
FFFFFAEE
000008BB
FFFFFEA9
000000EE
FFFFF309
0000034B
0000056C
FFFFF348
FFFFF973
00000193
00000771
000011B9
FFFFFF84
00000594
000006BD
00000545
FFFFFC55
00000092
FFFFF9BF
FFFFFC02
FFFFFFCD
000007F6
0000074B
FFFFFECD
000003F1
0000103F
FFFFF7F5
0000077A
FFFFFBAC
FFFFF48D
00000273
00000A87
000005BC
FFFFF86F
00000A00
FFFFFC56
00000C30
00000370
00000E18
FFFFFBA1
000004BB
000002DE
0000073C
00000549
00000656
FFFFFFFD
FFFFFFF3
FFFFFE23
000002DC
FFFFF19A
FFFFF7B8
FFFFFEA8
FFFFFAA3
FFFFFD5A
FFFFFBCF
FFFFFE0D
000007A9
00000D7B
FFFFF852
00000C27
FFFFF9FF
000001A1
FFFFF15A
000002FC
00000DDD
00000358
FFFFF6D6
FFFFFA7D
0000075A
0000016B
0000048B
00000854
FFFFF70B
00000065
FFFFFE4C
00000408
FFFFFC6C
000016B2
FFFFFB43
FFFFF8FE
00000469
FFFFEFB1
FFFFF026
FFFFF2C4
00000E2F
FFFFF5DD
0000079E
FFFFF962
00000166
FFFFFC15
FFFFF971
000004B6
FFFFF10F
00000F9E
FFFFFD37
0000081F
FFFFFEC5
FFFFF6CB
FFFFF600
00000970
00000E68
FFFFFD3F
FFFFEF05
FFFFFED5
FFFFFE3C
FFFFF653
FFFFFAAB
FFFFFF21
00000B80
FFFFF6EA
00000839
000007E0
FFFFF62E
000001B7
0000003B
00000169
000009EA
000005CA
FFFFF939
000003EC
FFFFFC90
00000A29
FFFFF8C5
00000B2F
FFFFFE11
00000055
FFFFF762
00000EA0
000001EE
0000058F
0000040A
00000351
00000243
00000ADC
FFFFF8FD
FFFFF32C
FFFFFB7B
FFFFFBFE
FFFFFE78
FFFFF37B
FFFFFFD2
FFFFFA77
000004D3
FFFFF059
FFFFFC6B
FFFFEBD7
00000838
FFFFF791
FFFFF335
FFFFF8F4
FFFFF3A1
FFFFFB2D
FFFFF9E3
00000FC6
FFFFF8BB
00001159
FFFFF9C3
FFFFFD47
FFFFF677
00000294
00000222
00000AE4
FFFFF8D7
FFFFF3DD
FFFFF801
FFFFFC07
FFFFFB2A
000008EA
0000003F
00000183
FFFFF501
FFFFFA05
000004A9
FFFFF154
FFFFFE1B
FFFFF28F
FFFFFFC9
FFFFF44C
FFFFF957
FFFFF461
0000080B
FFFFEE57
0000045D
FFFFF7EB
FFFFF2E2
FFFFFD0E
FFFFFF76
FFFFFDFC
00000795
FFFFF42F
0000046F
FFFFFAD6
00000CB8
FFFFF7E2
00001102
FFFFFBC8
FFFFF2C5
FFFFF3E3
FFFFF913
FFFFF569
00000283
FFFFF02C
FFFFFE49
000002CD
FFFFF45A
000004BD
FFFFFB00
00000066
FFFFF72D
00000738
FFFFFD87
00000CDA
FFFFFA06
00000327
00000950
FFFFFB60
00000CBC
FFFFF6A6
FFFFFFA1
FFFFF681
000003B0
00000724
0000075A
FFFFF922
00000281
00000456
000003A7
FFFFF28D
FFFFF0C5
FFFFFF63
FFFFF76D
0000061A
000001C2
FFFFFF99
FFFFFC6A
FFFFF466
00000DCA
FFFFF995
FFFFFF42
FFFFFEC6
FFFFF4EC
00000080
0000026D
FFFFEF3F
FFFFFAD2
000003C9
FFFFFF12
FFFFF6D4
FFFFF4A4
000005A3
FFFFFFEC
FFFFFB57
000009C3
000000C3
00001091
FFFFEC48
FFFFFC31
00000107
FFFFF882
FFFFF946
0000061A
FFFFF525
FFFFF9C6
00000314
FFFFF756
FFFFF5E1
000002A3
FFFFF9BA
FFFFF81F
FFFFF4CC
00000291
00000650
FFFFF29F
000001B9
FFFFF52A
00000DC9
FFFFFDB8
FFFFFFB5
00000BC4
00000925
FFFFF705
00000275
FFFFF948
000003C5
00000A78
000002C2
FFFFFE40
000001CF
FFFFF878
FFFFF52B
FFFFF640
00000F0C
FFFFF2BB
00000D49
FFFFFEC0
00000AF2
FFFFF865
000000B1
0000011E
0000017E
000006B5
FFFFFB67
FFFFF4A6
00000092
FFFFFADC
FFFFF7C4
00000E8E
00000656
00000FB9
00000B9C
00000201
000001EC
FFFFFBD0
FFFFFB24
FFFFF9AE
FFFFFC59
00000303
000005E5
0000059B
000008A5
FFFFFEAD
FFFFFA21
00000CB0
FFFFF285
FFFFFA89
FFFFFAF0
00000AAF
FFFFF45F
FFFFF575
000002E2
00000C02
FFFFFBD9
000002B5
FFFFF9D3
FFFFF87A
FFFFF413
FFFFF9EF
FFFFF535
FFFFF2EA
0000018F
FFFFFE60
FFFFFD4F
FFFFF85F
00000DAD
FFFFF4A5
00000994
FFFFFEAC
FFFFF9D3
000000A3
00000A89
FFFFFCD0
FFFFF05A
FFFFFB64
FFFFFA9E
FFFFFE7B
FFFFF93E
FFFFF67A
FFFFF1B0
FFFFFB7E
FFFFF090
00001CE9
0000147C
00000B86
FFFFFD32
00000D7B
FFFFF80E
FFFFF144
FFFFF809
FFFFF91F
0000092B
FFFFF49C
00000860
000012FB
0000076E
00000ACA
00000934
00000181
00000F1E
00000BD1
FFFFE8ED
00000D3C
00000384
00000CE0
00001180
00000F4A
FFFFF2E1
00000D6F
FFFFF6DF
FFFFF1D6
00000844
00000772
FFFFFE04
000001DE
FFFFF30A
FFFFFAF7
00000C07
00001B6E
FFFFFD15
FFFFFAC3
00000D24
FFFFFA97
00000E1C
FFFFF9F8
000000C6
00001623
FFFFF5FD
FFFFFDF3
FFFFFB0B
0000028E
00000AF4
FFFFE1F5
FFFFF516
FFFFEA31
FFFFF713
0000027F
0000087E
0000122B
FFFFF4AB
FFFFFF79
FFFFF100
00000BCC
FFFFF65C
000013B8
FFFFF0F6
000004AA
FFFFF732
000001A2
00000B8C
FFFFFBFB
00000167
00001D37
00000D2E
00000C7E
00000DD0
000013ED
00000BE3
FFFFF849
FFFFE9ED
FFFFF27D
FFFFFA6D
00000E32
FFFFF6D9
00000118
000010C0
FFFFEC34
FFFFFC6F
FFFFF8F2
00001205
FFFFF9D7
00000CF9
FFFFFEB9
000006CB
00001BF4
000021D8
00001753
0000187B
00001041
00000F67
000007B3
000002CD
00000663
FFFFF5BF
FFFFF2D1
000006CE
FFFFF2E8
0000139A
000007BD
00000077
FFFFF8E5
FFFFFFF7
FFFFFFBD
FFFFF6C3
00000E24
00001FA4
00000613
FFFFF1C4
FFFFF7AB
000012EB
0000092F
000001BC
00000886
00001119
FFFFFDCE
FFFFFEB5
FFFFFF09
00001428
00000C1B
000005B8
00000655
00000CAC
FFFFF4C1
0000197D
000013EA
FFFFFF96
0000167C
FFFFF5F2
00000B4D
FFFFEC13
FFFFFE43
0000019D
00000B40
000008B6
00000C28
FFFFFFFD
FFFFECA5
000001D7
00000548
0000000B
0000187E
000017B6
FFFFF7C7
000011BE
FFFFF912
00000868
FFFFF353
00000B2A
0000131E
FFFFFE3B
00001905
000013D9
00001103
FFFFFED5
FFFFEAB9
00000B4B
FFFFF827
000009AD
000004D3
00000BB5
FFFFEE4D
FFFFFF12
FFFFF3A9
FFFFFD99
FFFFEF0E
FFFFEB3D
FFFFFFFF
FFFFEF97
FFFFFE8C
00000597
FFFFF624
000007E0
000008F1
FFFFF710
0000028E
FFFFF034
00000A15
FFFFE96A
0000059F
00000C94
00000463
000008E2
000015B3
00001E72
00000B99
FFFFF9EC
00000F81
00000CD1
00000BD6
0000123A
FFFFFF46
000001A5
00000F8B
0000036A
00000FB8
00000A7F
00001998
0000119D
000011DE
0000045B
000016D7
00001852
00001CDB
00001E26
00000869
00000EC2
00000B0A
00000230
00000E69
FFFFFF82
00000CBA
00000C76
00001CB2
FFFFF89A
000007E0
000006B9
000012DF
FFFFF6D6
0000130B
FFFFF30E
FFFFE8D3
FFFFFB5A
00000F82
FFFFF4D7
FFFFFA58
FFFFFEC3
00001165
000004FE
000013AC
FFFFE83A
00000538
00000A5C
FFFFFC30
FFFFFDC4
FFFFFE1B
00001140
FFFFEFB1
FFFFF32C
FFFFF9F0
000002C8
FFFFF6B7
0000111E
00000177
0000019B
00001892
000011D4
00000F8A
000000EC
000006CE
00001923
0000020D
000009E7
FFFFFD93
00000421
FFFFF7C8
FFFFF831
FFFFFB28
FFFFF886
FFFFF24E
00001220
000007A0
000013EC
FFFFFC2F
00000221
000000CE
000003AB
000013F8
FFFFF464
00000932
FFFFE9D4
FFFFECD4
00001007
FFFFF719
00000AEB
00000423
FFFFE11A
FFFFE921
FFFFE5BD
FFFFFD48
000009AF
000007DE
00000257
0000109D
FFFFF597
FFFFF3A7
FFFFDDC8
00000082
FFFFE7AA
000006D8
FFFFFEC4
FFFFF4B5
FFFFEE39
00000B4F
FFFFFF13
0000084C
FFFFFF03
FFFFFE81
FFFFEEC3
FFFFF1C1
FFFFEC16
000009F5
FFFFEFFC
00000F30
0000028E
FFFFFD68
FFFFFAE4
FFFFFAE8
FFFFF979
FFFFF116
FFFFEBFB
FFFFEE13
000001C8
FFFFFE11
00000A49
FFFFF76F
FFFFF542
0000117D
00000F0A
000004CF
FFFFFA1A
FFFFF208
FFFFE966
00000DAE
00000F73
FFFFF933
00000975
FFFFFC02
FFFFF804
00000337
FFFFED25
00000C36
FFFFEF34
00000DB5
0000107F
FFFFF49D
0000038A
FFFFF96B
FFFFFA45
FFFFFE71
FFFFE737
FFFFEB27
FFFFFA08
00000557
FFFFF147
000012B4
FFFFF48A
000002FD
00000FDB
FFFFF42B
FFFFFE9A
FFFFF284
FFFFFAAB
00000F1D
000005B1
0000107F
00001800
FFFFF945
00000694
FFFFFB4E
FFFFF511
00000171
FFFFF6A8
FFFFFD7D
00001143
00000083
000002CA
00000D31
00000C20
000004C0
0000197B
000006C0
00000F4D
000011CD
FFFFEFB8
00000041
FFFFF84A
FFFFF518
000000E7
00000578
00000733
FFFFF996
FFFFFDFE
0000038C
FFFFFAB7
00000FD3
0000189A
0000185F
0000032E
FFFFF685
FFFFF5D2
FFFFF8A6
FFFFF99C
000009C8
FFFFF4F7
FFFFF3E5
FFFFFCE8
00000553
FFFFFF8D
FFFFF5B0
FFFFEEDB
0000108C
FFFFEF2F
00000F7C
FFFFF61D
00000683
FFFFEAC8
FFFFFBC8
00000613
000012C3
FFFFFD8A
00000F9B
FFFFE98B
00000BE9
FFFFF663
FFFFF311
FFFFEF0D
FFFFFA00
FFFFF5BE
00000C80
0000039A
FFFFFF03
0000075D
0000157A
000005FA
FFFFF1CC
FFFFE5FC
00000EF3
FFFFFB11
FFFFF8D0
0000130D
00000054
FFFFF289
000015AD
FFFFF949
FFFFEFCA
00000307
FFFFEDA4
0000110C
FFFFFEE8
FFFFF3D8
FFFFFE6A
FFFFFA18
FFFFE640
0000036C
FFFFE1B9
FFFFFF4C
FFFFF9AF
FFFFF444
000004EB
00000FEA
FFFFFFF6
FFFFF904
00000A3A
00000856
00000288
00001776
00000558
0000090E
000008A9
00000D52
00000347
000016C9
FFFFF02E
FFFFFEC9
FFFFFB5D
0000027D
0000011E
0000127A
FFFFFD39
000014B2
FFFFF4C2
000007A0
FFFFFDC1
000006BF
000004E1
FFFFF81C
0000114F
00000A7D
FFFFF43E
FFFFE41E
FFFFF8F2
00000096
FFFFF491
FFFFF233
FFFFF5D4
FFFFF4B8
0000081D
FFFFEEA7
FFFFFCCE
00000BD1
FFFFF2A0
FFFFFCD4
FFFFF0EA
00000BA9
00000462
0000069F
FFFFFE41
0000018B
00000589
FFFFFB92
FFFFEA7F
FFFFF561
FFFFDFCB
FFFFFA17
00000283
FFFFF968
FFFFF3DA
FFFFFD1C
FFFFEA0D
FFFFF275
FFFFE988
FFFFF83D
00000026
FFFFECDA
FFFFFA1B
FFFFEF69
FFFFE739
FFFFF000
00000687
00000AF5
00000472
FFFFDF6E
000008AF
FFFFF75A
FFFFF65E
000008B4
FFFFFE84
0000002D
FFFFF5DD
000005CC
FFFFF5E4
FFFFE7C2
FFFFEA01
00000942
FFFFF2F1
FFFFFF76
000005E7
FFFFF0B7
FFFFF26F
0000096F
00000935
0000105A
FFFFFB6A
FFFFFF0D
00000C27
00000B80
00000D14
FFFFF8A7
00000342
00000317
FFFFF196
FFFFFB48
FFFFEA9B
FFFFF41A
0000063A
00000209
0000067B
FFFFF61E
FFFFF4A2
FFFFEBC0
FFFFEE28
FFFFF992
000004CC
0000143B
FFFFEC96
FFFFF264
FFFFF120
0000098D
00000450
00000E04
00000A1F
000010F5
00000CD0
FFFFFA8D
FFFFF0AD
FFFFFCB0
FFFFF752
00000FD1
000014A8
0000056E
000012B4
00000859
00000AAD
00000714
000006CC
0000025E
FFFFFCAF
000007A3
00000C33
FFFFFF8F
FFFFFB3A
FFFFFB83
000010E4
000009C6
FFFFF6ED
00000508
FFFFFF60
0000021D
00000273
00000825
FFFFFDA7
FFFFF9CE
FFFFFC42
00000BA5
00000019
00001622
00000CFF
FFFFF984
FFFFFDA8
000014F5
FFFFFB6F
000008D5
00000CAA
FFFFFDD8
00000405
FFFFF8DF
FFFFFF4F
FFFFF8D7
FFFFFF60
0000009B
FFFFF632
00000180
000015F5
00000870
000004B9
FFFFFE31
00000D6D
0000113F
00000EA1
00000628
00000A06
00000247
000014F9
00000579
FFFFFCFF
FFFFFE14
0000017B
0000102D
FFFFFCA7
00000BCE
00000CA0
FFFFFEBD
000003F7
FFFFF67C
FFFFF5C2
00000A46
FFFFFC34
FFFFF7C0
00000C4A
00000014
00000DD1
0000065D
FFFFFA24
0000008B
FFFFFB2B
00000E32
FFFFFDF3
FFFFFB1A
FFFFF00A
000007B5
FFFFFB3E
FFFFF6C6
00000103
000004BE
FFFFF198
00000C75
FFFFF2AC
FFFFF5FD
FFFFF78D
FFFFF2E5
FFFFFA69
FFFFFC5B
FFFFFA8E
FFFFF0AA
000006D9
0000043A
FFFFF2DD
000000BA
FFFFFF27
FFFFFA76
0000037E
FFFFFE63
FFFFFDD5
0000057A
00000A8C
000009B2
000007F0
FFFFFA7C
0000026E
FFFFF78E
000003EB
00000170
FFFFFD56
00000D65
00001446
00000436
00000FC2
00001391
0000121F
0000089B
0000047F
FFFFFF07
00000054
00000163
0000017F
FFFFFB95
00000ED3
00000D0B
FFFFFD01
000009EA
00001024
00000BC5
00000D1C
00000ED1
0000093F
00000B9F
FFFFF1F1
FFFFF987
00000609
00000639
00000D40
FFFFF982
FFFFF291
FFFFFF9C
FFFFFE2E
00000BAF
FFFFFD28
FFFFFE5C
00000BC2
00000829
0000072A
00000F71
000003EB
000006A0
00000A6A
FFFFF586
FFFFF7DC
FFFFFB3C
000012A8
000009A9
00001729
000007BC
FFFFF8B5
00001232
00000F5D
FFFFF94B
000005B8
00000A3D
0000042D
FFFFFF6A
FFFFF83C
000000B4
0000095C
FFFFF86B
00000409
00000802
FFFFF96F
000011E2
FFFFF5A5
00000143
FFFFFB03
00000425
FFFFFDBB
0000048A
000002F4
FFFFF399
FFFFFA8F
00000104
FFFFE1C5
FFFFFF0F
000005AE
000004D2
00000782
FFFFF46A
00000375
00000BC1
FFFFFEE3
000009CA
00000C1E
000008BA
0000116C
000001D1
000003B5
00000B12
FFFFF74E
000002AA
FFFFF106
00000B70
FFFFF790
00001090
0000017B
FFFFFB3F
FFFFFBC9
FFFFF2EB
00000245
00000E19
000000A2
FFFFFC47
00000782
FFFFEE06
000005C6
FFFFED45
00000C69
FFFFF6FF
00000603
000007DD
FFFFFB41
0000032F
00001110
FFFFF8E3
FFFFFB54
00000121
0000003C
FFFFFB1C
00000448
FFFFF5F6
FFFFF7A7
FFFFFEF7
FFFFFDBE
FFFFF094
FFFFF753
0000007D
FFFFF87E
FFFFE9CF
FFFFFA21
FFFFE8C8
FFFFF2A3
FFFFF039
FFFFF26B
FFFFFD41
FFFFF60B
000003D7
FFFFF2ED
00000532
000005C4
000002E5
FFFFF754
FFFFEFB7
000004E1
00000BD7
00000DBA
FFFFFDBF
FFFFEDB0
00000A5E
00000126
FFFFFB9B
00000162
0000022D
FFFFF59B
00001583
FFFFF257
00000D56
FFFFFA19
FFFFF389
FFFFEE40
FFFFF8BA
00000112
00000F4E
FFFFFB54
00000B4C
FFFFF117
00000388
000008DB
00000709
FFFFFE14
FFFFEE12
FFFFEFBC
FFFFF91B
00000630
FFFFFEA3
00000A9F
FFFFF456
000007F5
FFFFF368
FFFFFCA5
000007A1
FFFFF39C
FFFFF28A
00000095
FFFFFB29
FFFFEB66
FFFFFF42
0000033C
00000756
00000BA3
FFFFF977
FFFFFAC3
FFFFFD80
00000103
000000FA
FFFFF672
00000564
FFFFFF5E
FFFFF7DE
0000036D
FFFFF1CE
FFFFF929
FFFFF5E0
FFFFF2BB
FFFFFF41
000008C9
FFFFF654
0000021C
00000B03
00000DAC
00000C2C
00000AF6
FFFFF7FE
FFFFFCBB
FFFFFA2F
FFFFF8CC
000009AB
FFFFF050
0000071D
FFFFF83E
FFFFFBD4
FFFFEBAD
0000006D
FFFFF675
0000014E
0000047A
FFFFFBBC
FFFFFCC8
FFFFFC8B
00000529
00000570
FFFFF854
000009C3
FFFFF8A2
0000080C
FFFFF5C4
00000602
00000A35
000011B1
FFFFF784
FFFFF9A7
0000094A
000004E5
00000539
00000414
FFFFF7AE
FFFFF735
FFFFF44E
FFFFF2D5
FFFFF443
FFFFF873
000010A0
FFFFF86A
0000092A
000000D3
00000D0E
000006B5
0000098A
00000EFC
FFFFF79B
00000C41
FFFFFED3
FFFFFA24
FFFFEF6F
00000A7C
FFFFF19C
00000E84
FFFFF73B
FFFFF4E4
00001164
00000EDF
00000AAB
0000128E
000002D8
00000722
FFFFF8EF
000005E1
FFFFF548
000001E3
FFFFE989
0000008D
FFFFFD08
00000759
000000B9
0000036D
FFFFF0A3
FFFFF64D
00000A53
0000081F
00000BC5
00000F8B
00000D44
000000D9
0000068E
FFFFF691
000008C7
FFFFF863
00000637
FFFFFA5E
FFFFF4BD
FFFFF6B8
0000084B
FFFFF922
00000A33
FFFFF677
FFFFFBB0
00000BC3
00000C51
00000A6B
00000467
0000119C
FFFFFD5D
FFFFF95A
FFFFF9B3
00000096
FFFFF9C2
00000649
00000657
00000C2E
FFFFFF39
FFFFFD57
000009EA
FFFFFFEC
FFFFFF2B
00000B61
00000E2D
000008B6
FFFFF9A6
FFFFFD5D
00000C98
000005E8
00000D7B
FFFFF133
00000797
00000DDC
FFFFF92C
FFFFFBDE
00000BF4
FFFFF4D5
000009E6
00000B72
FFFFFFFE
0000114D
00001315
00000061
00000B9B
00000B55
00000C6D
00000260
00000C61
FFFFFFFF
FFFFF4C3
00000BE2
FFFFFDE7
FFFFF5AB
FFFFFB71
FFFFFC8D
FFFFFD57
000004DB
FFFFEF9B
FFFFF156
FFFFF51D
FFFFF5A1
FFFFEFDE
FFFFF8AB
FFFFF471
FFFFEE86
FFFFE1E8
000006AA
FFFFFFAE
00000A4B
000008C8
FFFFF02A
FFFFFAA2
FFFFF397
FFFFF8C8
00000887
00000AA0
00000C03
000004EF
00000B10
FFFFFDE0
FFFFFB91
FFFFF6F9
00000C9F
00000253
00000CFA
FFFFFB1A
00000A19
00000B86
00000B50
0000064C
FFFFF48D
0000010A
00000284
FFFFEDFE
FFFFF73F
FFFFFFE3
FFFFF8B8
FFFFFEBD
FFFFF5E8
FFFFFE7E
FFFFEBA9
FFFFEC97
FFFFF968
00000DBA
00000E67
FFFFFB4D
FFFFFF85
FFFFFFAD
00000801
00000CA7
00001300
FFFFFE60
00000B50
FFFFFF24
000008AA
FFFFF2BD
00000C91
000006BB
000004F1
00001087
00000251
0000092D
000004BC
FFFFF99A
0000066C
00000DAE
0000075C
00000202
FFFFFE86
FFFFF759
FFFFF0A8
FFFFFDD7
FFFFF72F
FFFFEBF9
FFFFF830
FFFFEC44
FFFFFE61
FFFFEC2E
000005BD
FFFFFF70
000007C9
FFFFF1D2
000003D1
FFFFFA13
000006A8
FFFFFDEF
FFFFFDFE
FFFFF2F0
FFFFF7D5
000005A8
000015D1
FFFFFF94
FFFFFB71
FFFFF4CD
00000664
FFFFFD40
00000BA0
000001A0
000006D7
000011F4
00000437
FFFFFE59
FFFFF582
00001316
00000009
FFFFFE8E
FFFFF3C8
000009D5
FFFFFCE3
FFFFFE0A
FFFFF5A9
FFFFFE8E
FFFFF2AD
00000475
00000BB3
00000AD5
FFFFFB24
FFFFFBF7
0000131C
FFFFF3C4
00000273
00000F6B
00000299
0000090A
000004EA
00000E25
00000875
FFFFF7DE
00001103
FFFFEFA7
00001544
FFFFF78B
FFFFFF19
FFFFF6F2
000007AB
FFFFF3D2
FFFFFE05
FFFFFFF2
FFFFF5B0
000009CD
FFFFF597
000001BE
FFFFFA1E
FFFFFB1A
00000397
FFFFFE33
FFFFF581
FFFFFDF8
FFFFFCFE
0000101F
0000031F
00000B02
00000258
0000051C
FFFFF321
00000D8B
00000602
000000FD
00000ECB
FFFFF94D
FFFFFB45
FFFFFC87
00000234
00000506
FFFFF2FB
000006B4
00000275
0000007D
FFFFF5BB
FFFFF677
FFFFF45F
FFFFFBFC
00000505
0000040E
FFFFF6C5
000001D7
FFFFF5E2
FFFFF472
FFFFFE23
000005E8
0000088D
0000012D
FFFFFC7E
FFFFF186
00000E6F
0000000D
00000C28
FFFFFA0E
FFFFFA52
000007D4
0000033F
0000071A
0000001B
00000C47
FFFFF8AC
FFFFEF05
FFFFFB0C
FFFFF9D7
FFFFFDEC
FFFFFE4F
FFFFFB01
FFFFF7BC
000004CA
FFFFFB0F
FFFFF5DB
00000257
FFFFF4DC
FFFFF193
00000B88
000008F8
FFFFFB6A
0000099C
FFFFF2F0
000004C2
0000056C
FFFFF26E
FFFFFB52
0000101F
00000C1D
FFFFEB41
00000DB6
000001A6
000007AC
FFFFF3FA
FFFFFB81
FFFFF45B
FFFFEFDF
000008D6
000006B4
000005B7
FFFFFC53
00000491
0000005F
FFFFF83A
FFFFF433
FFFFFB43
000008E4
00000482
00000455
000000DB
00000571
000010BF
FFFFFC0F
00000CDA
FFFFFE17
00000640
FFFFFF50
000013E8
FFFFF466
FFFFF572
FFFFF450
00000C9D
FFFFF734
00000CA5
FFFFFBBE
000007CD
FFFFF37A
FFFFF68A
00000911
FFFFF6B4
FFFFFFEE
FFFFFD9C
000005DD
FFFFF819
FFFFFB50
0000028F
0000031C
FFFFF926
00000866
00000651
00000D3B
FFFFFB7A
00000F1D
000006FD
FFFFF7AD
000009D8
FFFFF3F6
000008A5
FFFFFFF6
00000AA7
0000124D
00000B34
FFFFF837
0000045C
FFFFFA4D
0000071C
00000C52
00000279
0000107D
FFFFF622
FFFFF4CA
00000C62
00000389
000000D7
FFFFFAFB
FFFFF19D
0000067E
00000963
FFFFF152
FFFFF1FE
00000832
FFFFEFD4
FFFFF320
FFFFF119
0000131C
0000034C
00000516
FFFFFF11
00000D54
00000F23
00000EB5
FFFFF070
0000004D
00000654
FFFFF130
00000962
FFFFFBA2
FFFFFDD7
FFFFEB2B
00000D36
FFFFEFA6
FFFFFBD4
000016A1
000009D5
FFFFF898
00000A26
00000C00
00000EF7
000004F5
000009B5
FFFFF954
000012F7
00000F41
000002D6
00000FFB
00000A6C
FFFFFB5F
00000137
000002DE
FFFFFCDF
000000E8
FFFFF8C2
00000320
000007AC
FFFFF66F
00000235
FFFFF9A0
00000BB2
FFFFFE8F
FFFFF7D7
000005BA
FFFFF7CF
FFFFF206
00000E78
FFFFFCCC
FFFFFAA8
000002D1
FFFFF9B5
FFFFFA8F
000002F5
00000533
000009B8
00001096
00000EE8
000003EF
FFFFFA51
FFFFF8A4
FFFFFB4B
00000D31
FFFFF7E3
FFFFFCC0
0000061E
FFFFFA3E
FFFFF5B7
FFFFFF87
00000E95
0000153D
000010DE
00001098
000009EE
0000072A
00001189
000012E1
00000F5F
000002FF
0000008D
00000029
00000A47
FFFFFD48
000007B1
000003F2
000002E1
FFFFEF4A
00000D41
FFFFFAC6
000003FF
000007FB
000000F6
FFFFFF91
0000141B
00000592
00000D98
000004D6
000009C0
FFFFF341
FFFFFD87
00000D8B
00000118
FFFFF90A
FFFFFBDB
FFFFFB51
FFFFF9F1
00000302
FFFFF43D
FFFFF307
00000A19
000009D2
FFFFEEF5
FFFFFD33
FFFFFF53
00000AA9
FFFFFEE0
000008C6
FFFFFDF1
00000B63
FFFFF525
FFFFFFB5
FFFFF6D8
00000B01
00001639
FFFFED94
00000054
FFFFF97C
00000023
00000FA1
00000F68
FFFFFD60
0000012F
000008F3
0000149C
00000DE2
00000D68
00001602
0000114C
00000FD7
FFFFFA05
0000095A
FFFFF7C5
00001304
FFFFF681
FFFFF7FE
FFFFFD7D
00000824
FFFFF765
FFFFF62C
000006D6
FFFFEB56
0000145B
FFFFF084
FFFFFA3E
000011EE
0000025E
FFFFFEA9
FFFFFFB7
FFFFFD26
FFFFFC9C
000009F8
FFFFFB31
FFFFF526
000001C3
00000028
FFFFFAC3
00000CAF
000001ED
000003CE
00000A0B
FFFFF699
FFFFEBF6
00000B37
FFFFFE3A
FFFFF540
0000013F
FFFFFC6C
00000393
00000C5B
00000293
000002CA
00001053
FFFFF404
FFFFF4D5
000004F4
000003F7
FFFFF0FB
FFFFFC3A
00000706
0000086E
FFFFF249
0000099E
FFFFFC4B
0000098B
00000576
FFFFE703
00000160
00000166
FFFFEF95
00000112
000001A3
00000900
00000291
FFFFFA17
00000C4B
00000CEA
00000062
FFFFFF4F
000006E3
000003F5
00000EEC
FFFFF685
00000B62
FFFFFAA9
00000145
FFFFFA24
FFFFF359
00000E22
FFFFEFB1
FFFFFAAE
000002E0
000000D4
00000F19
FFFFFC29
FFFFF8F2
FFFFF9D9
FFFFFFFD
FFFFF900
000000CB
00000B9C
FFFFFE4B
FFFFFF83
FFFFF5F3
000001DF
FFFFF902
FFFFFF68
0000017E
FFFFFF4F
FFFFF222
00000D8D
FFFFFE52
000001F7
FFFFF1B4
FFFFF29B
FFFFF017
000002F7
FFFFF8B5
FFFFED3D
000006D8
FFFFF9CA
FFFFFDA1
000003B6
0000032B
00000670
FFFFEFD8
00000B2C
0000116D
000003D7
00000810
FFFFF82F
000002CD
FFFFFCAC
FFFFF892
FFFFFB13
0000056B
00000C48
00001405
00000559
00000830
000010D8
00000C62
0000011F
000003B4
FFFFEF90
00001056
FFFFFBD9
FFFFF8E0
00000A10
FFFFED29
00000C6B
000003E7
000000EA
FFFFFFA8
0000076A
FFFFE946
0000077D
FFFFF9E9
0000016E
FFFFFD5E
FFFFFC81
FFFFFF23
FFFFFF9F
000008E6
00000245
FFFFF516
000003F3
00000525
FFFFF362
00000825
000008DE
FFFFFA90
FFFFFB2B
00000B19
FFFFF800
FFFFFF1E
FFFFFB9F
000002AB
00000275
0000119C
FFFFEF28
FFFFFC02
FFFFFB6B
00000E3C
00000093
00001498
FFFFFD6C
FFFFF9D8
0000119C
00000F13
00000577
FFFFFEFA
FFFFEE9B
00000DB8
00000B3C
0000071E
0000036E
00000FA5
0000031C
000009F7
0000105F
FFFFF08D
FFFFFF02
FFFFF0EB
FFFFFB17
FFFFF91C
0000077A
FFFFFEDF
FFFFFCF5
FFFFF43E
0000008E
FFFFF3E6
00000636
FFFFEBE0
FFFFF956
FFFFED40
FFFFFBAF
FFFFFEF7
FFFFEF49
00000320
FFFFFA92
00000BE8
00000EAF
0000059F
FFFFF5C0
00000737
FFFFF377
00000491
000004CC
FFFFF809
FFFFFFF2
000007CF
00000944
FFFFFB75
FFFFF998
FFFFF14C
FFFFEF5B
FFFFF74A
FFFFFC47
FFFFF899
FFFFF89F
000009D2
000006B9
FFFFF960
FFFFEE84
FFFFF795
FFFFF8BA
FFFFF985
FFFFFFD2
FFFFF9C6
FFFFF159
FFFFF2EE
000000CB
FFFFF399
000000DB
FFFFFC5C
FFFFFF84
000001F9
FFFFF537
000002F1
FFFFFD41
FFFFF6F5
FFFFF9D5
0000088A
FFFFF474
00000602
0000048C
00000B39
FFFFFBC0
00000753
00000604
FFFFF855
FFFFF947
000010F1
FFFFF89F
FFFFF8AE
0000095F
00000A7F
FFFFF7AB
FFFFF401
0000062E
0000085A
FFFFF99E
000001DA
000002C0
000005B1
00000DC0
FFFFFE90
FFFFF0A4
FFFFF5B8
0000063B
FFFFF792
00000482
00000E55
FFFFF45B
FFFFFC1F
FFFFFF19
FFFFF80D
FFFFFB04
00001028
0000001B
00000611
000000F5
FFFFFCE5
00000948
0000140C
FFFFF691
0000006B
FFFFFE3A
000004D5
FFFFF82E
00000A13
00000F16
FFFFF582
00000B39
00000035
00000480
FFFFFC17
FFFFFC7D
FFFFFFC3
FFFFF5BF
FFFFFC33
00000D74
FFFFF847
00000B0A
00000C17
00000A4B
000004E9
00000306
FFFFFF7C
FFFFFD5D
FFFFF1CE
FFFFFEE0
0000102F
000000F3
00000A43
00000925
FFFFFFB2
FFFFF92E
00000973
FFFFF3B7
FFFFF47E
FFFFF8B2
000001C1
FFFFF94D
FFFFFB76
00000BCE
FFFFF0B6
000001DF
00000E6C
FFFFF6AD
FFFFFF77
FFFFF520
00000A2C
FFFFFE00
FFFFF717
FFFFFF45
00000962
00000004
FFFFF239
FFFFF6FA
FFFFFC67
FFFFF814
FFFFFD09
00000811
000009A2
0000061F
FFFFFC22
FFFFFACF
FFFFFD11
FFFFF4B8
00000D80
000010A5
FFFFF09F
000006C5
FFFFE8AE
0000011F
FFFFECC9
000011CA
FFFFF1E2
000004EF
00000B61
00000C45
0000101E
FFFFF8D9
000006A4
FFFFF737
FFFFFC86
FFFFFCF4
0000118F
FFFFF6A0
0000012E
FFFFF900
00000670
FFFFF69F
FFFFFA9B
FFFFF5DD
0000027C
FFFFFAD5
FFFFF578
FFFFEED4
FFFFEDA4
00000C1A
FFFFEA2B
00000A14
FFFFF03E
FFFFF44F
FFFFE9D4
00001077
FFFFFAFE
0000083A
FFFFF504
FFFFFCD6
FFFFFD29
00000AD3
FFFFFBAC
00000073
FFFFF608
FFFFF8F9
FFFFEEE7
FFFFFFB7
FFFFF78F
FFFFF7D1
FFFFF805
00000976
FFFFF0DA
000005F5
00000C92
00000EC0
FFFFFD2B
000005CB
00001276
00000728
FFFFF558
FFFFF2A4
000010A9
FFFFF3A9
FFFFF750
FFFFFAFC
FFFFFE37
00000207
FFFFFA05
FFFFF63B
FFFFFBD3
00000DB2
00000DEC
FFFFFFDD
00000268
00000CFB
0000085C
FFFFF8AC
00000F3A
00000CF6
FFFFE7C5
FFFFFF02
FFFFE7E2
FFFFEFBC
FFFFFE72
FFFFFF27
0000000B
FFFFFE75
FFFFE7F4
000007C6
FFFFFA99
FFFFF7A8
FFFFFD32
00000927
00000606
FFFFF790
FFFFF70E
FFFFFFDD
FFFFFF74
0000040B
0000087D
FFFFF657
00000822
FFFFEE71
00000F21
FFFFF543
00000CB2
0000035C
00000D40
FFFFFF16
00000F50
00000504
000008DB
00000890
FFFFF89C
000008CF
FFFFF363
FFFFF8CF
FFFFF3DD
FFFFF508
FFFFF4E4
000006EA
00000565
FFFFFA32
00000595
000016EE
00000248
000017DA
00000A4B
000002C0
FFFFF83F
00000F62
FFFFFC51
0000117B
FFFFF083
000005FA
FFFFF7D1
0000116C
FFFFFE6E
FFFFFCF9
0000050C
FFFFFFEB
0000013B
000005EE
FFFFFA27
0000117A
FFFFED7F
FFFFEFB4
FFFFEE9E
FFFFFDA1
FFFFF2F6
00000C31
FFFFFBA2
FFFFF88E
FFFFFE09
00000A42
FFFFFE54
FFFFFB91
0000153F
0000154D
00000310
00000A35
FFFFFEC2
00000712
FFFFFE45
FFFFF670
00000550
00002262
00000312
0000180B
00000116
FFFFEF0B
FFFFF3F4
0000083D
00000F2D
00000D41
FFFFFD24
00000118
00000E6B
FFFFFAC5
FFFFFD59
FFFFF366
FFFFFEDA
FFFFFD2F
FFFFFBE5
FFFFFDE8
FFFFF6C8
00000D19
00000A86
00000EEF
FFFFFF14
00000014
FFFFFE3A
000001F7
FFFFFBBC
00000DA9
00000A84
000002E8
FFFFF42F
00000BF6
000012FD
00000043
FFFFFDE2
000012FB
FFFFFC4E
000017B3
FFFFEECB
FFFFF977
FFFFF243
FFFFF17D
FFFFF693
00000B26
00000302
00000427
FFFFFFE6
FFFFF9CB
FFFFEBBC
FFFFFC66
00000644
FFFFFB5D
FFFFFE1E
0000047E
000007CA
00000349
FFFFEE7B
00001663
FFFFF63C
FFFFF6B8
000007B7
0000089F
FFFFFB80
FFFFFE31
00000000
000000DF
000000F2
00000994
000001F0
000001F5
FFFFFA9F
FFFFF952
FFFFF74B
0000087F
FFFFF023
00000185
FFFFF49C
0000034A
FFFFF548
FFFFFA75
FFFFFA8C
0000038F
FFFFFC24
00000005
00000025
FFFFFAB4
00000B7E
00000EDB
00000067
FFFFFCD1
00000003
FFFFEE8C
FFFFFDED
00000F10
0000151D
FFFFF216
00000E2E
FFFFFA6F
00000E03
00001179
FFFFFD3E
FFFFF875
0000031B
FFFFFB08
FFFFF30C
FFFFF2D0
000007EE
FFFFFC68
FFFFF032
FFFFFBB9
00000268
00000323
0000075B
000008C1
FFFFF425
00000875
FFFFFB0E
FFFFFB46
FFFFFAC1
FFFFF604
FFFFF78A
FFFFF7A4
FFFFFB72
FFFFFCF3
FFFFFED2
FFFFE9EF
FFFFFBFB
FFFFEDED
00000803
000005FF
00000537
FFFFF2E7
FFFFF081
FFFFF552
000003BD
FFFFFD50
FFFFF502
00000A35
00000656
FFFFF76C
FFFFFE53
FFFFFB55
0000175B
00000848
000000AD
FFFFFDE7
FFFFF3C2
FFFFF356
FFFFF96C
FFFFF5B4
FFFFFD37
FFFFFC3B
FFFFF43D
00000D37
000000A5
FFFFF1D9
00000188
FFFFF9E6
FFFFF91E
FFFFF9F0
FFFFFD90
00000046
FFFFF53B
00000472
FFFFF968
FFFFF4C0
FFFFF8F0
FFFFF3DE
FFFFF816
00000927
FFFFFE0E
FFFFF34E
FFFFF229
000003DB
000008AE
000000E7
00000B58
0000072C
00000464
FFFFEF15
00000CA3
FFFFFDF4
000007CE
FFFFFE75
0000074D
FFFFFFE8
FFFFF6B1
00000B6D
0000071D
000003E1
0000065B
FFFFF506
0000078F
000008DD
000001D8
0000002E
000002C6
FFFFF5F3
FFFFF0CE
000006A7
000005BA
00000FB9
FFFFFC86
FFFFFAB2
0000055E
FFFFF503
FFFFFD95
0000105C
0000033D
FFFFFE09
00000E50
000002BC
FFFFFADB
00000990
0000068F
000005BB
0000043F
00000905
FFFFF778
FFFFF6E0
FFFFFF42
00000C0C
00000169
FFFFFC3B
00000AD6
000002D4
0000096E
FFFFF75C
00000425
FFFFFFB2
FFFFFCCA
FFFFF47B
FFFFF08D
FFFFF4EB
FFFFFC7B
FFFFF271
FFFFFB72
00001146
FFFFFAF9
FFFFF9CA
00000CBE
FFFFFCDB
FFFFFCB9
00000992
000003D0
FFFFFFCA
FFFFFAD5
000011ED
0000028C
0000001D
FFFFFDC3
00000E18
00000C16
00000B70
00001108
FFFFFB6F
000006AA
FFFFF157
FFFFF47C
FFFFF921
00000741
00000168
00000609
00000019
FFFFFC54
FFFFFF90
FFFFF8AD
FFFFF23C
FFFFFD4C
FFFFFED5
00000340
0000003B
000005C5
0000102A
000001F8
FFFFFC71
FFFFF9B2
000003DB
FFFFF6B5
FFFFFFE5
FFFFF2B2
00000547
00001559
FFFFFF30
FFFFF8EF
00000ACC
00000680
000001EE
0000081E
FFFFFE91
00000A94
FFFFEE32
FFFFEC3C
000008AB
FFFFF4D1
FFFFF666
FFFFFECC
FFFFF958
FFFFF3BE
FFFFFBC5
FFFFF4DA
00000C60
FFFFFB8E
FFFFF903
FFFFF5CB
00000909
FFFFFAD5
00000AE6
00000C85
00000429
0000029E
FFFFFE8B
FFFFFCCD
FFFFF0F5
FFFFF6F7
FFFFF6BE
FFFFFF3D
00001529
0000033A
00000EE4
FFFFFCA9
000005FA
000010F4
00000D67
FFFFFEF7
00000EC9
00000D62
000004E0
000000A7
FFFFFB90
FFFFF5A4
FFFFFF77
FFFFFA6D
FFFFFBFB
0000005E
00001207
00000634
0000128D
FFFFF9BD
00000574
000001F9
FFFFF6B1
00000286
000005F1
FFFFFBE0
00001127
FFFFF5F7
00000181
00000962
FFFFFF2B
00000A1E
FFFFF9B3
FFFFF54C
FFFFEFAE
FFFFFA6A
FFFFF7BC
FFFFF031
00000332
00000532
FFFFFC68
FFFFF173
FFFFEBA7
FFFFF3B4
FFFFEE9A
FFFFF879
000009FB
00000584
FFFFFA1A
FFFFE7AF
FFFFF540
FFFFE99A
FFFFF476
FFFFF297
00000998
FFFFF11D
FFFFEA38
FFFFF48E
FFFFEE38
FFFFEE38
000000AE
FFFFF2A4
00000118
FFFFF109
000005F5
00000594
00000AF2
00000B1A
FFFFFA7C
000007E0
FFFFF7C8
FFFFF843
FFFFF63C
FFFFF227
FFFFF8D0
FFFFF662
FFFFFE86
00001388
FFFFF7C2
FFFFF4BA
FFFFFB38
FFFFECA8
00000CD7
00000347
000003F4
FFFFF84A
FFFFFC7E
FFFFF564
FFFFF68F
000004B4
FFFFFE13
FFFFFAC5
FFFFFB12
FFFFF341
FFFFFDA3
000000D7
000008D5
000000E6
0000093B
00000270
000006C8
FFFFF959
0000017C
00000B69
FFFFFDE5
FFFFF29B
000003FF
FFFFF9B6
00000873
00000B72
FFFFFA54
0000058A
00000C3B
000003E3
00000E33
FFFFF6EE
000013A7
00000525
000001E6
FFFFF706
00001185
000006F2
000005D2
0000082D
FFFFFAE1
0000082F
FFFFF7EA
00000D1B
0000025B
FFFFF39D
00000185
00000AE8
FFFFF2FA
00000708
FFFFF8FD
00000046
FFFFF50D
FFFFFAF2
00000433
00000289
FFFFF1D2
FFFFED20
000000BC
000005A6
00000BFC
FFFFFE9E
FFFFF102
000004C1
FFFFF656
00000311
000000B1
FFFFF6EF
00000891
00000A4E
00000704
FFFFFFD4
00000D83
000008CD
00000A89
FFFFF76C
FFFFFB8B
000001F8
000000F2
FFFFFF7A
00000B1D
000001D3
0000054D
FFFFF74F
00000A09
00000602
FFFFF96F
00001323
FFFFF07B
FFFFFD5A
000000A0
FFFFFF47
00000868
00000204
00001920
00000D67
000000B2
FFFFF5A0
0000018B
FFFFFC87
FFFFFCB4
000008D2
00000A8D
FFFFF513
00000220
FFFFF343
FFFFF927
FFFFF8C4
FFFFF432
000006CA
FFFFF4B4
0000023C
FFFFFE90
000004A3
00000054
0000068F
FFFFF24F
FFFFFFF9
FFFFF7B7
00000568
FFFFFD56
FFFFFC2B
FFFFF8FB
00000717
FFFFF90A
00000D97
00000630
00000DE8
00000BD5
FFFFF552
FFFFEC8B
0000013D
FFFFFB1A
00000512
FFFFF7DE
FFFFF6C0
00000825
0000095C
000001FF
FFFFF543
FFFFFE1C
0000115C
FFFFF8EC
00000A7C
FFFFFD89
0000016F
00000A6E
00000CF5
FFFFF56E
00000137
FFFFFA43
000004DC
000013F2
FFFFF5F4
FFFFF850
00000026
FFFFF93B
FFFFFDE7
FFFFF04A
FFFFFC8C
FFFFF98A
FFFFF3D9
000008BD
FFFFFDFB
000003EE
00000564
FFFFFFA1
FFFFEE19
FFFFE9BC
FFFFFCF3
FFFFFAC7
FFFFF329
00000038
0000011A
FFFFFFFB
FFFFF626
00000D0A
00000364
FFFFF7FA
00000413
00000630
0000140E
00000587
FFFFFAE5
000001FB
00000405
FFFFEEC6
FFFFF973
00000AC0
FFFFFCD3
0000079C
00000D13
00000AF0
000004A8
FFFFFC80
00000A88
FFFFFF05
0000081C
00000442
000001AA
000004B4
FFFFFBA6
00000068
0000059D
FFFFFB9B
00000760
FFFFF4EB
FFFFF6F1
00000105
00000B0A
FFFFFBEE
FFFFFD94
FFFFFE47
FFFFFA1B
FFFFF547
FFFFFD3C
00000B38
FFFFFB3F
00000F47
FFFFFE4F
FFFFF98C
00000F0F
FFFFF3ED
FFFFFA07
00000765
00000130
00000B58
000000C3
00000727
FFFFF0F4
00000488
000000AC
00000769
FFFFEDFF
FFFFFDFC
0000073A
000000D7
00000D6C
00000912
00000B63
00000382
FFFFFBCD
000000F1
0000028A
00000C47
FFFFF7A1
00000D6C
FFFFF493
0000055A
FFFFFD02
00000195
FFFFF7A8
0000045B
FFFFF8A0
000001B2
FFFFF91D
000011D7
00001A35
0000153B
000004F9
FFFFFA04
FFFFFE13
00000618
000009F1
00000F31
00000138
FFFFFF42
00000B9B
000001F5
FFFFF359
FFFFF344
FFFFF402
FFFFFD0C
FFFFF467
0000062A
00000C03
FFFFFFE1
000002E0
FFFFFE5B
00000063
00000553
FFFFF86D
FFFFFD98
00000AF1
0000073B
00000544
00000A51
00000A81
FFFFFDCE
FFFFF458
FFFFF7E3
000006B9
000006BB
FFFFF865
000004A9
000000DA
00000D0C
00000B6C
00000B59
00000107
00000568
000000F2
FFFFFD9D
FFFFFC01
00000247
000006FD
FFFFFD7E
00000C2D
00000021
FFFFF812
000002F9
00000BA1
0000038C
FFFFFD98
000007AD
FFFFFAF1
000007C3
000000C0
0000087C
00000468
FFFFF3CF
00000EAE
000008DB
FFFFF745
FFFFFB4D
000005AE
000007CE
00000D5B
0000047F
00000047
00000275
FFFFED85
0000006D
00000206
FFFFF6A1
00000B19
FFFFFFE4
000000A6
000011D2
00000A7C
00000698
00000B70
00001011
000006FB
00000BA4
00000187
FFFFFA65
00000463
000005F2
FFFFF0B1
FFFFF200
FFFFF808
FFFFFB89
00000A79
FFFFF57E
00000252
FFFFFC9B
FFFFFCB3
FFFFF233
FFFFF11F
FFFFFF5E
FFFFF3D8
000001CC
FFFFF910
00000D5D
000007B7
000010CA
FFFFFF54
00000ED4
FFFFFDE3
FFFFF549
FFFFF071
000008C6
000009DD
00000522
0000005D
00000AC9
000000AE
00000ED4
0000032E
0000043C
00001213
FFFFFD3F
00000F53
00000294
FFFFF958
00000404
FFFFFD45
0000096A
000009FB
FFFFFDE7
0000076E
000006F0
FFFFEE66
FFFFF230
FFFFFA9D
FFFFF829
FFFFF162
FFFFFB8C
0000006F
FFFFFAF0
FFFFF9DA
00000394
FFFFF51C
00000301
FFFFFE78
FFFFF9E1
FFFFF865
FFFFF3A5
FFFFFD49
000012E0
FFFFF9E8
FFFFF414
FFFFF498
FFFFF54D
FFFFF569
0000026A
FFFFF47D
FFFFEA4E
FFFFEFB6
FFFFFC45
FFFFF4DE
FFFFFB0A
FFFFF4C5
FFFFF69F
FFFFF87E
FFFFF6F0
FFFFF8D7
FFFFEAF8
0000036E
FFFFF23F
FFFFF1C7
000003EA
FFFFEC31
FFFFE849
FFFFE979
000012B3
00000862
00000168
FFFFFB22
FFFFF40A
FFFFFCAD
FFFFFA7A
0000056C
FFFFFD36
FFFFF753
00000402
FFFFF43C
FFFFFFC5
FFFFFC26
FFFFECB2
FFFFFE62
FFFFF463
FFFFF71F
00000060
FFFFFA87
FFFFF9C5
000001D4
FFFFFFB6
FFFFFAE6
FFFFF8AC
FFFFFAF7
FFFFF023
FFFFFD20
FFFFF548
FFFFFA8D
00000AB5
00000BC5
FFFFFD5F
FFFFFF96
00000379
00000B17
00000706
0000029D
000005FA
000001C0
000007C7
FFFFF79C
FFFFF90B
00000303
000004DF
FFFFF6AE
000003EE
0000026D
FFFFFA9B
FFFFFB40
0000050B
00000386
FFFFFF6D
00000925
FFFFFF74
00000D65
FFFFF6A1
FFFFF31A
00000A83
FFFFF1DC
FFFFFE25
0000059A
FFFFFE73
000007DC
FFFFFD09
00000B73
000004A0
FFFFF51D
FFFFFCE6
0000011A
FFFFF534
FFFFFA26
FFFFF7F5
000001D4
FFFFFBAB
FFFFF45C
FFFFFCF3
FFFFF21F
FFFFFBBE
0000080D
FFFFFC0C
FFFFF685
000002C7
0000050F
FFFFFC84
FFFFFE86
00000627
FFFFF514
0000036E
000007FE
00000A9D
FFFFFA93
FFFFFB57
FFFFFF44
00000EF7
FFFFFD8A
FFFFEFD2
FFFFF43D
FFFFFB3F
00000719
FFFFEF18
00000853
000011C0
00000123
0000002D
FFFFF8E1
000007B9
00000261
FFFFFA3E
FFFFFB5A
FFFFFBE1
FFFFF582
0000060F
FFFFF903
00000902
00000082
000001E1
0000078F
00000825
0000000A
FFFFF90E
00000A3F
000006FE
0000088E
00000378
FFFFF677
FFFFFBD6
00000489
000004A4
000006A1
00001241
000009DC
FFFFFF12
00000FD7
000004D0
FFFFFA7E
0000049F
FFFFFB31
FFFFFF5E
000008D8
000001C6
FFFFF65C
FFFFF50A
FFFFF13B
0000025F
FFFFF483
FFFFFD2D
00000D5C
0000062A
00000A0F
FFFFF6E4
FFFFFF98
FFFFFDC3
FFFFF208
FFFFF9A2
FFFFF66B
00000647
00000F21
FFFFFCDC
0000046A
FFFFFE3E
FFFFF26A
FFFFF070
0000045E
FFFFF663
FFFFFADA
FFFFF94F
000003ED
FFFFF6CA
FFFFF595
00000893
00000892
FFFFFA4C
FFFFFC19
FFFFFDCC
FFFFEDAD
0000005D
FFFFF824
0000057D
000007D3
00000987
FFFFF04A
00000577
FFFFFA34
FFFFF496
00000D57
FFFFFC1A
FFFFED81
FFFFFE74
FFFFE50C
00000118
FFFFEF68
FFFFFCB1
0000070C
FFFFF731
FFFFE62F
00000801
FFFFEBBC
0000039C
000000C3
FFFFFFAA
00000904
FFFFF3A1
FFFFFF55
00000F88
0000074C
FFFFFC0C
000009DB
FFFFF63E
FFFFFE2D
000008F2
FFFFFFDF
FFFFEFFB
FFFFF952
FFFFFA35
FFFFFBC4
FFFFF396
FFFFFC26
FFFFFB53
FFFFEB98
00000BA6
FFFFFC79
FFFFF306
FFFFF0A2
FFFFFD50
FFFFFC87
FFFFF2C1
FFFFFE90
FFFFF389
000003F4
FFFFF593
00000294
FFFFFF4D
FFFFEE9D
FFFFF710
0000050C
000006B3
00000960
FFFFFFCB
FFFFFF24
00000B77
00000EB9
FFFFFF1C
FFFFFBBB
00000114
000002CB
000007E7
FFFFFD3A
00000936
0000058B
FFFFF320
000001E8
FFFFFF26
FFFFFE51
000008E3
FFFFF830
FFFFF423
0000030B
FFFFF74A
000007A0
FFFFF97B
FFFFFBB6
000005AD
0000016A
FFFFF8F6
FFFFFEFE
00000B61
00000F7D
000000AB
00000D2E
00000E17
FFFFF26F
000000D9
00000559
FFFFF7B4
FFFFF980
000001A2
FFFFEAFC
FFFFFC30
0000044A
000005F5
FFFFF82F
FFFFFCFA
000005CB
00000B47
FFFFFFEA
00000BA7
FFFFF857
0000067F
FFFFF913
0000046E
00000D81
000005B8
00000B19
FFFFFB8B
00000C01
FFFFF68F
00000527
00000C01
000003E2
FFFFFA6E
FFFFFF24
FFFFFD06
FFFFEE6F
FFFFFB8A
FFFFF2E5
00000CE0
FFFFF891
FFFFFFD5
000001F9
00000B4B
0000053F
000001A5
FFFFF5B7
000005FA
00000433
FFFFF888
0000031E
000009D2
FFFFFD19
FFFFEAD4
FFFFFCCC
FFFFF703
000001FB
FFFFF8E5
FFFFF9DB
FFFFFB3D
000001D8
0000058E
FFFFECAF
FFFFFA82
0000070B
000002CF
0000001B
FFFFF9E2
FFFFF485
FFFFF3A5
000000E7
FFFFFD57
000008A4
00000CC4
FFFFF967
0000031D
FFFFEAE7
00000F1B
00000F66
FFFFF891
FFFFFA63
000009D6
FFFFE8EB
0000096E
FFFFFD27
FFFFF49D
0000093C
00000092
000006C1
FFFFF20E
FFFFF7A3
0000004A
FFFFF147
FFFFFE97
00000142
FFFFFD88
000006B2
FFFFF97F
FFFFF221
00000435
000002F7
0000014D
000007B5
0000074E
FFFFF307
FFFFF3F5
FFFFFA09
FFFFEF24
FFFFEEA6
FFFFFFEF
FFFFF169
FFFFFD9E
00000B0E
FFFFFE9A
FFFFF333
FFFFFADB
FFFFFF55
000002FF
00000D86
0000000A
00000234
00000666
FFFFF012
00000178
0000068B
FFFFF6B7
FFFFFDBA
FFFFF258
FFFFFDB5
00000930
000005CE
FFFFF5AC
FFFFFAC0
FFFFFB4D
FFFFF26C
FFFFF87C
FFFFFCE9
FFFFF1B0
FFFFF684
0000067C
FFFFF6F3
000001CF
00001174
00000D03
FFFFF58B
FFFFFF74
FFFFF801
000000C9
FFFFF8FC
000002AD
FFFFF106
FFFFF5AA
FFFFF499
FFFFFF1E
00000366
00000887
000007ED
FFFFFA25
00000001
000012F7
00000C8E
00000619
0000029E
FFFFFB74
000004A0
FFFFFCE7
0000047C
FFFFED5B
FFFFFF1D
FFFFF3F4
000002BB
000002FD
FFFFFC52
FFFFF209
FFFFFD5F
FFFFFA9C
FFFFFE7B
FFFFFA9B
FFFFFD18
000007AB
00000B37
000001DC
0000099D
00000636
FFFFFD73
00001725
000013BF
FFFFF782
FFFFFE1B
00000D2B
FFFFF3F3
00000FB1
FFFFF2C0
000002AA
000000CD
FFFFEFAC
00000344
000002B0
FFFFF533
FFFFECDF
FFFFFE6D
000002B4
000001FA
FFFFFFAA
FFFFFB83
FFFFF784
00000185
FFFFF559
FFFFEBEE
FFFFF79F
000003D2
00000677
000007B1
0000012A
FFFFF766
000002AB
000009BD
000007A8
00000405
FFFFF173
00000A4C
FFFFFB57
FFFFF9E3
FFFFF561
FFFFF6D7
FFFFF14B
FFFFFE2D
FFFFEF2C
FFFFF4E9
0000061D
FFFFF8C9
FFFFFB24
FFFFF8B2
00000867
FFFFF3C9
FFFFF4F2
00000531
FFFFECFD
FFFFFB65
0000004F
00000145
000000B6
000007BE
0000065B
000001B8
FFFFF49D
FFFFFB42
FFFFF0B6
00000055
00000130
000003EC
0000036F
FFFFF691
FFFFFF21
FFFFF5E3
00000515
00000A6D
00001021
FFFFFD68
FFFFED33
000006C0
FFFFFE9A
FFFFEF87
FFFFFFD7
000003CD
FFFFFE28
00000B12
00000550
FFFFFF71
00000866
FFFFF972
000003EF
000010C6
FFFFF3FE
0000004C
00000A12
FFFFEB8E
FFFFF5F8
FFFFFCBA
FFFFE9E4
FFFFF467
FFFFF281
FFFFF62C
00000F5B
FFFFF994
FFFFFC3D
0000011D
00000724
00000873
00000BC1
000008B6
00000888
FFFFF12A
000000DF
0000019E
FFFFFE75
FFFFFCD2
FFFFFD2C
FFFFF837
00000D68
FFFFF691
FFFFEF32
FFFFF4D3
00000537
FFFFFD40
FFFFFE58
000009AF
FFFFFCE1
FFFFFEA8
00000B7B
00000B69
FFFFFC4F
FFFFF498
FFFFFA40
FFFFEF73
FFFFF858
00000830
000008BC
FFFFF926
00000556
000001A3
0000027E
000009D9
00000EFA
0000080C
00000779
000007A4
00000BA3
FFFFF5ED
00000C6B
000003A4
FFFFF6A1
FFFFF848
FFFFF886
FFFFF277
FFFFF4D2
FFFFFA48
000006AA
FFFFFC0C
00000BC2
00000FC8
00000878
000008FB
FFFFF4DC
FFFFFD67
FFFFF31C
00000597
FFFFF5F9
0000058D
FFFFFC40
000004F5
0000001D
FFFFFDE6
FFFFF818
00000549
FFFFF7C3
FFFFFFB5
00000CEE
0000011C
FFFFF814
000003E6
FFFFF7FE
FFFFF989
FFFFFDDE
00000958
0000006D
00000861
00000F01
00000DFA
00001086
0000020F
00000939
FFFFFB67
FFFFF6CD
00000377
FFFFF8B1
FFFFEE48
FFFFF3C6
FFFFF60B
FFFFF396
FFFFF3B4
000007FE
0000088A
FFFFFDEB
0000033B
FFFFEDCA
FFFFFC5F
000002EC
FFFFF29B
FFFFF704
FFFFF7A1
FFFFFC45
FFFFFCC7
00000777
FFFFF943
000007F8
0000040F
FFFFFF4E
FFFFFA41
FFFFF88F
FFFFF1FD
FFFFF597
00000792
00000AC6
FFFFFEFE
FFFFFE58
00000579
0000065D
00000162
00000276
0000014B
0000093A
00000010
FFFFF98A
00000F98
0000022A
0000113A
00000317
FFFFF993
000006E3
00000432
00000D05
000003B8
00000A69
00000380
FFFFF8C5
00000363
00000466
00000D38
0000045E
FFFFFA54
00000A63
00000F28
000004D4
00000AEB
00000D71
FFFFFB29
FFFFFB1E
FFFFFC88
FFFFFC7C
FFFFF9C4
0000066A
00000B5A
00000156
00000CE4
00000C09
FFFFF68E
000016E5
00000943
00001C96
FFFFF529
FFFFF69F
00000B19
FFFFFFDF
00000194
000006C7
000009C7
00001083
00000F21
00000651
FFFFFC7B
00000EFD
FFFFFA45
FFFFF642
FFFFF8B4
00000704
FFFFF5B4
0000040D
00000B55
FFFFF5FA
FFFFF7B5
FFFFFD42
000005AA
000001F0
FFFFF4D8
0000054D
00000A1B
0000018A
FFFFFBB1
FFFFFFD3
FFFFFD33
FFFFF70B
000000AA
FFFFFC4F
FFFFFA18
00000463
00000AEE
FFFFF572
00000810
000006C5
00000192
FFFFECA8
00000854
FFFFFFE7
FFFFFF79
FFFFF39A
FFFFF641
0000080F
FFFFF963
00000DA7
000007C1
FFFFF7CC
FFFFFC61
00000272
00000BA4
000001EC
FFFFF4AF
FFFFFAF4
FFFFFCF3
0000027B
00000A5A
FFFFFB43
00000F6E
FFFFEFE6
FFFFFCA6
FFFFFF75
000002F0
FFFFFDBD
FFFFF086
FFFFF187
FFFFF568
FFFFF687
0000067B
FFFFFF68
FFFFF5DA
00000557
000009BD
FFFFF2E8
FFFFEE9C
00000055
FFFFFB58
FFFFEEC3
FFFFECD6
FFFFFCA3
0000008E
FFFFFB2D
FFFFFC98
FFFFF01D
FFFFFA34
FFFFFC49
FFFFFF4E
00000BC4
FFFFFDE0
FFFFFF1A
0000013C
FFFFF595
FFFFFADF
0000044F
000007B2
0000016E
FFFFFDE5
FFFFF204
FFFFFA04
000007D9
FFFFFDF8
FFFFF5AF
000001A3
FFFFF383
FFFFFDE7
FFFFEF4B
00000292
FFFFFA3E
FFFFF151
000005E0
0000032D
000006F8
FFFFFA00
00000546
00000B6E
FFFFF546
FFFFF80D
0000080E
0000058F
000005B9
00000936
FFFFFDA2
000005C9
00000246
FFFFFA25
00000AEB
00000B42
FFFFF51E
FFFFFB67
FFFFFE3D
FFFFFFA0
000001AA
00000819
000002A6
FFFFFBD6
FFFFFC96
FFFFF4E9
000001F2
FFFFFF2B
0000012D
00000E70
00000485
000004C0
FFFFFD88
FFFFFD67
00000085
FFFFF4DD
00000B65
0000043A
0000021B
FFFFF44C
FFFFF2A2
FFFFF832
000006F6
0000088F
00000042
0000053A
FFFFFD93
FFFFF6B3
000003AD
000003E5
00000457
FFFFFBE4
FFFFF618
FFFFFD25
FFFFF25C
000004C8
FFFFFD47
000003DC
FFFFFC49
00000642
00000A8A
000004EF
00000229
00000558
00000869
00000B15
00000496
00001382
000009D1
00001016
FFFFF7D8
FFFFF305
00000A08
00000535
FFFFF972
000007E1
FFFFF907
FFFFFE31
FFFFF86B
00000262
00000004
00000DD6
FFFFF60C
FFFFFD04
0000060B
FFFFF4E8
00000A52
FFFFF3EE
00000909
FFFFF050
FFFFFA90
FFFFED38
FFFFF5D4
FFFFEF49
000009C4
000003CE
000000FE
FFFFF836
0000026D
FFFFF1B2
000006B8
00000B65
00000164
FFFFFC00
FFFFF57D
00000714
FFFFF985
FFFFFBED
000000F4
00000B1C
00000666
FFFFFB88
FFFFF814
00000C62
0000053C
000007D3
FFFFF764
00000895
00000628
000002FA
FFFFFB24
FFFFFF45
00000CF6
00001126
00000181
000003ED
00000BFB
FFFFFC04
FFFFF0E0
000007E5
00000A02
FFFFFB98
FFFFF928
FFFFF71F
FFFFFF5C
000009FF
000005B2
FFFFF5DA
FFFFF816
FFFFF799
0000023F
00000635
00000EF0
FFFFF268
00000921
00000944
FFFFF88E
FFFFF677
FFFFFBE6
00000681
FFFFF5D5
FFFFF406
000006AB
00000D37
00000BC7
0000034A
FFFFFA03
FFFFF1E7
00000396
000005EF
00000213
00000235
FFFFF8CC
00000D51
00000617
FFFFFDF8
FFFFFA58
FFFFF9E3
FFFFFDAE
FFFFF5C4
00000A67
00000887
FFFFF80F
00000018
00000570
FFFFF87A
000003CA
FFFFFDFE
00000A9F
000006ED
0000032B
00000B8B
FFFFF115
FFFFFB4F
FFFFF57E
FFFFFC2B
000002F2
00000A24
FFFFF7BA
0000016A
FFFFFF79
00000D0C
00000264
00000B96
FFFFF45A
00000BCF
00000D41
FFFFF2D0
FFFFF166
FFFFF3F8
FFFFFACE
00000720
0000071D
FFFFFDBD
FFFFFA7A
FFFFFEE0
00000D0C
00000335
000003BE
00000313
00000C04
00000A60
FFFFFB45
FFFFFF68
FFFFFC90
FFFFEF45
000007CC
00000283
00000277
FFFFFD85
FFFFFFE6
0000034B
FFFFFBC9
00000D50
00000812
FFFFF88D
FFFFFAE0
00000824
00000484
FFFFFD6B
FFFFF525
FFFFFCD8
FFFFF81E
FFFFFD21
0000084F
00000440
FFFFF5E2
FFFFF30B
FFFFEDC8
FFFFF3CF
0000047E
00000342
0000049B
FFFFF699
00000789
FFFFF4C4
00000507
FFFFF41D
00000962
000003EC
000003AF
00000200
00000688
000008AC
00000517
FFFFFCE9
00000DCA
FFFFF3CC
FFFFF85D
FFFFF887
FFFFFD48
FFFFF7EB
000005E7
000006D6
000002AF
FFFFF828
00000DE7
00000D11
00001144
FFFFF164
00000C3A
0000067E
0000122D
0000043A
FFFFFAAF
00000536
FFFFF6E8
0000086D
00000B0C
00000825
FFFFF5D8
000007F5
FFFFF49A
00000D05
0000015B
00000B83
00000322
00000441
00000686
FFFFF5C0
FFFFF678
FFFFF77E
FFFFF733
FFFFFC77
00000D02
FFFFF9E1
0000142A
000003A3
000013E5
FFFFF7BA
000003AC
000003FF
00000555
FFFFFA42
FFFFF0F0
00000933
FFFFF042
00000BA8
00000435
00000868
FFFFFAEC
000000C9
FFFFF29F
FFFFF9E0
00001820
00000980
000014E0
00000503
FFFFF3E4
00000A12
FFFFED0E
FFFFE8B5
FFFFFA9C
FFFFF322
FFFFFBD5
FFFFFD56
FFFFFD81
FFFFEF83
FFFFF719
FFFFF427
00000038
FFFFF625
FFFFF924
FFFFFDED
FFFFEC45
FFFFF7E5
FFFFF2CD
FFFFEDFF
FFFFF7D7
00000653
00000500
FFFFFF68
FFFFFA3D
FFFFFCF8
FFFFFB00
0000010D
FFFFF337
FFFFFC16
00000E7C
00000450
FFFFF21D
FFFFF510
0000044B
FFFFF644
0000112A
0000032F
FFFFFF78
FFFFFA7D
FFFFF5B1
FFFFFC12
000008F3
00000751
FFFFFC1B
0000025E
FFFFEE2A
0000070C
FFFFF8F8
00000918
0000010B
FFFFF5D7
FFFFF59E
FFFFFF83
FFFFF2CA
FFFFFE1A
FFFFED1A
FFFFFEA6
FFFFFE9B
FFFFF95C
FFFFFA8B
FFFFF4EB
FFFFF917
000000C1
FFFFFAFF
000004E5
00000710
000000C6
00000846
00000C61
FFFFFBD2
00001130
0000015E
0000042E
FFFFF2AD
FFFFF8CA
FFFFF750
00000DE9
FFFFF519
0000013A
000006D6
FFFFFC6F
FFFFFFA0
FFFFF437
00000416
FFFFF8EA
000009F3
0000041B
000008A4
00000445
FFFFF4C5
FFFFFCD2
FFFFF70E
000007C2
00000107
FFFFF741
0000091C
FFFFF79D
000003FB
00000BCB
00000D53
FFFFFCF6
0000001E
00000AB4
FFFFF2BF
FFFFF8A7
FFFFF03E
000009B3
FFFFF9CA
000001BB
000001E1
000004C4
FFFFF2FA
FFFFFBC2
FFFFF895
FFFFF3FC
FFFFFC52
FFFFF88B
FFFFF1CC
000006E5
FFFFF76C
000005F0
00000501
000006CD
000003BE
00000007
FFFFF390
00000256
FFFFF96E
FFFFFEE2
00000272
00000959
FFFFFD2F
0000058F
00000058
FFFFFAEE
000001E3
000010E6
00000B1A
00000A19
FFFFFB02
FFFFFDB2
FFFFEDED
FFFFFDF8
FFFFF976
00000136
0000147B
FFFFF52E
00000862
FFFFF3BA
000005E1
FFFFFC6C
00001295
000006CE
FFFFFAD2
FFFFFC88
00000F0A
00000B80
FFFFEAEF
FFFFFB33
00000222
00000800
FFFFF66B
FFFFFCB0
FFFFFFE3
FFFFFEBA
FFFFF6A9
FFFFF7F9
0000048F
00000ACF
00000B45
00000715
00000386
FFFFF710
00000089
FFFFFA9C
FFFFF6E3
00000711
FFFFF74B
FFFFF0A5
000003A1
FFFFED8A
00000DF6
FFFFF93F
000005D4
0000142A
FFFFF98D
0000039D
000010E3
000007C0
000005EB
FFFFF609
FFFFFF54
000008CC
FFFFF9E4
FFFFFF3D
000007EA
FFFFF93C
00000E98
FFFFFB54
00000621
FFFFF5F4
0000001D
FFFFFD4D
FFFFF646
00000FA5
FFFFF565
0000033B
FFFFFB64
00000E11
FFFFFFE2
00000304
FFFFFCE4
FFFFFE60
FFFFF360
FFFFF6FC
FFFFF887
FFFFFD75
000002D1
0000031E
000007EB
00000825
00000D4F
00000342
0000057A
00000125
00000DB8
FFFFFFE2
00000159
FFFFFD68
00000C65
FFFFFE42
FFFFFA8C
FFFFF8E0
FFFFFFFF
0000040F
00000E04
FFFFF9D2
000001FD
000012E9
00001126
000013A7
FFFFFF77
FFFFF24E
FFFFFED1
0000034E
FFFFF7CB
FFFFF876
00000968
FFFFF928
00000702
FFFFF5DE
FFFFF3BC
00000ACA
FFFFF129
FFFFF452
FFFFEE8B
00000D6A
FFFFFD68
FFFFF8AE
FFFFF0E7
FFFFF5A4
000000DB
000008A7
FFFFF4A1
FFFFFB5C
00000473
FFFFFCCA
000002D2
FFFFFB71
FFFFFD5D
00000051
FFFFF8AD
FFFFF08B
00000D07
00000B36
FFFFF931
0000025B
FFFFFBAC
FFFFFCD1
00000285
FFFFFB9B
FFFFF9C3
00000CF1
FFFFEFD5
FFFFF3AA
FFFFF4A6
FFFFF6E3
0000032E
FFFFFAB0
00000338
00000764
000003CF
FFFFF5FA
FFFFF09B
FFFFF4CE
000005B8
00000098
FFFFF73A
0000023A
000011CE
0000053D
FFFFF88A
00000D7B
FFFFF84D
000006B6
000005A7
FFFFFF09
00000374
FFFFF7F1
00000E8D
00000025
FFFFFD79
0000019D
00000BAC
FFFFFA35
FFFFFF13
FFFFF71C
FFFFF027
FFFFFF5A
00000B9A
FFFFF46E
000009B6
FFFFF0AD
FFFFE946
FFFFE3DB
00000294
FFFFF845
FFFFFAA6
0000075F
00000460
FFFFF787
000001F9
000002C8
FFFFF403
00000B26
00000B1B
FFFFF615
FFFFFC3E
00000AF6
00000ADD
FFFFF6D0
00000129
FFFFFE65
00001A40
FFFFF1C4
00001322
00000460
0000005D
0000098E
000001E2
FFFFF5E3
0000028C
0000044D
0000100B
FFFFF8F8
FFFFF759
FFFFFF52
0000081E
FFFFF750
00000452
FFFFFFCC
00000190
000000A3
00000508
FFFFF5C5
FFFFFEE9
00000D3A
000004E3
00000887
FFFFF4F2
0000029F
00001072
00000662
FFFFF7D0
000006A9
FFFFFAF5
FFFFF96C
FFFFFD8D
00000B07
FFFFF3AE
FFFFF958
FFFFF470
FFFFF1F7
000007D4
FFFFF3D8
FFFFFE2F
FFFFF5A3
FFFFF271
FFFFF479
FFFFFCEF
FFFFFB45
00000329
FFFFF646
FFFFFFBE
00000966
FFFFF293
FFFFF6C0
FFFFE7D4
FFFFF440
FFFFF9E1
FFFFF63D
FFFFF981
000007AD
FFFFF8E7
FFFFF8EA
FFFFE619
00000C21
000004A5
00001124
FFFFF6FE
000003D3
FFFFFEF6
00000734
000001C9
FFFFFE3A
FFFFFD22
FFFFF93D
00000EB0
FFFFFC3F
FFFFF99F
FFFFFF06
0000066D
FFFFF5DE
000003BC
00000B92
FFFFF43B
FFFFFB67
00000D77
000009FC
FFFFFA2C
00000CA5
FFFFFA17
FFFFF98F
FFFFF6C3
000002D2
FFFFF72C
00000D13
FFFFFCFE
00000FBC
0000004C
FFFFFD5C
000003F4
000003E1
FFFFF895
0000045D
00000AA3
FFFFFED6
FFFFFE23
000007E4
FFFFF5A9
FFFFF36E
FFFFF6DE
000003D3
FFFFFA2E
00000EFB
000001C6
00000959
0000012A
FFFFEB1B
000009E0
00000C19
FFFFFCD6
FFFFF594
FFFFFB4F
FFFFF3F4
FFFFF24B
FFFFFF46
00000043
00000B17
000006C0
00000104
FFFFF133
FFFFFAFA
00000588
FFFFFC1E
FFFFFFDE
FFFFF7A2
FFFFFEAC
FFFFF783
FFFFFD1E
FFFFF5F1
000008F5
FFFFF42C
FFFFFF18
FFFFFF54
FFFFFE4D
000000B6
00000023
FFFFFD13
FFFFFFD3
00000B06
00000854
FFFFFEA7
00000267
FFFFFFB6
FFFFFE85
FFFFF35A
FFFFFD12
000003EA
FFFFF701
FFFFF748
FFFFF355
0000066C
00000AEA
FFFFFEB3
00000B5A
0000019F
FFFFFB57
FFFFFE1E
FFFFF28D
FFFFF7A3
FFFFFEE3
0000046D
FFFFF86E
FFFFFC7B
00001053
FFFFF8C0
00000624
00000992
FFFFFD0C
FFFFFC3C
0000073D
00000C9D
FFFFF4B6
FFFFED47
FFFFF73D
000002A3
FFFFF035
FFFFEE56
FFFFFE45
FFFFEDB2
FFFFFF92
FFFFFE3F
FFFFED2E
FFFFFFC0
000004EF
FFFFED37
00000379
00000D60
0000051D
000006A2
000002FC
FFFFF751
00000205
FFFFF5F8
000009D9
00000B8F
FFFFFFDA
00000801
FFFFF85F
FFFFEF34
0000009F
FFFFF3AB
00000303
FFFFF87C
FFFFF6A4
00000150
FFFFFCFD
FFFFF039
FFFFFFD6
FFFFFF2E
00000926
00000CAF
FFFFF7A2
000000EC
00001507
00000294
FFFFF8C1
00000CA6
FFFFFBB3
FFFFFE55
FFFFF891
000006FC
00000DD5
00000684
FFFFFB9B
000003F9
00000682
FFFFFF64
FFFFF8F2
00000617
000008E7
FFFFFEA1
FFFFF75B
0000007E
00000371
0000003C
00000879
000002CD
0000015D
000007A6
000002F0
000004C1
00000491
FFFFF2E2
00000038
FFFFFF3F
FFFFFB74
0000018C
00000515
FFFFFF93
000009FE
00000775
00000194
000002BA
FFFFFEE5
FFFFFB66
FFFFFF0E
000002F4
FFFFFC9F
0000048F
000003B5
FFFFF765
FFFFF6DC
00000876
FFFFF21A
00000247
000004A1
FFFFF4BF
000004A4
0000050F
00000209
FFFFFFB6
FFFFF5BC
FFFFFB94
00000228
000005CC
0000070D
00000A04
00000B54
0000081D
FFFFFE6F
FFFFFA59
00000612
00000226
FFFFF789
00000046
FFFFF404
FFFFFF28
FFFFFEC3
0000099C
FFFFFBDF
00000D17
00000696
FFFFF8A0
000001E2
00001054
FFFFF8C9
FFFFFE03
FFFFF83F
00000ACB
00000951
00000A3F
00000006
FFFFFCDA
FFFFF97E
FFFFFB20
00000BA8
FFFFFABA
0000057E
0000027A
FFFFFCF9
FFFFFB93
00000D6C
000007F3
FFFFFC2E
0000062E
FFFFFE59
0000004E
FFFFF9B9
000009CC
00000CA3
FFFFFCE1
FFFFFC77
00000352
FFFFF61F
FFFFFBAE
000005F1
000006AC
00000CF6
00000AF2
000002FD
00000277
000003D2
FFFFFCBF
00000A29
000002EB
00000479
FFFFFA13
00000A05
FFFFFAA7
00000724
00000696
FFFFFB73
00000079
FFFFF9F8
FFFFFBF6
000008F3
FFFFFBF6
00000402
00000AB2
0000053B
0000053E
000000D2
000002BC
FFFFF3B9
FFFFFE61
FFFFFDDB
0000074B
FFFFFB6B
00000DD9
0000006D
FFFFF99D
00000411
FFFFFF8C
00000B63
00000E73
0000032E
00000909
00000CDE
000004A5
FFFFFA9F
FFFFFB1B
00000DD0
00000517
0000036E
FFFFFD30
FFFFF660
FFFFFBC9
00000A44
FFFFFE93
FFFFF344
FFFFF4B1
FFFFFFD6
00000597
00000261
FFFFF1A1
FFFFF7BC
0000011A
FFFFF3E2
FFFFF9B6
FFFFF713
FFFFF595
00000356
0000027B
00000112
00000193
FFFFFE4B
00000BFB
000006DC
FFFFFB22
FFFFFC57
00000C71
FFFFFD96
00000794
0000001A
FFFFF71F
00000395
00000858
00000FF5
00000633
0000000B
00001325
000008C0
0000062F
000005C5
FFFFFBCB
00000F92
FFFFF3F8
000009E8
00000AA9
FFFFFCFC
000000E8
FFFFFFE8
FFFFF743
FFFFF8FB
000007D6
FFFFFEC8
00000438
000001C1
FFFFFB6F
0000066E
00000767
000005BD
00000A02
FFFFFBC1
FFFFFBBF
00000ABE
FFFFF881
FFFFFDAB
000000D0
000002D5
000002B8
0000050A
00000BA8
00000246
00000006
0000020D
0000065F
FFFFF81C
00000796
FFFFFB4C
0000080C
FFFFFFAD
FFFFFB57
FFFFFE8D
FFFFFDCB
00000032
FFFFF9C6
00000D4D
FFFFF3A2
FFFFFA84
00000A90
00000436
000009DA
00000B66
0000097A
000005C9
00000307
0000033A
00000CB0
0000010D
00000920
00000AD1
00000C05
000006A1
FFFFFA1D
FFFFFB12
00000275
00000724
0000065A
00000887
00000D78
00000162
000009A7
00000CE4
FFFFFCC8
00000652
00000186
000007E0
000002A7
FFFFFE9D
FFFFFD9F
000001BD
FFFFFCA4
FFFFFA2A
FFFFFE3A
FFFFFAA2
FFFFF5F5
00000CEE
00000807
00000386
000008B2
000003A6
000001BC
00000571
000011F1
000012EB
000003DC
000010F1
00000893
00000B9D
00000DB7
000003D8
FFFFFF21
000005C2
00000105
FFFFFD31
000007C6
0000049A
FFFFFEB2
FFFFFDAB
00000005
FFFFFB22
00000086
00000596
00000468
FFFFFA02
FFFFFE17
0000056A
FFFFF7DE
000007ED
000007CA
00000D73
FFFFEFC2
000014B0
00000C99
000004BF
0000061F
FFFFFD4D
FFFFFA48
000000F3
000001E5
00000253
00000786
00000452
FFFFFC91
FFFFF85F
0000054B
FFFFFD4C
FFFFF382
FFFFFED3
FFFFFC00
FFFFFB5A
00000C5F
FFFFFF81
00000572
FFFFFD36
000001B8
FFFFFC7F
FFFFFCEA
00000633
FFFFF0BC
FFFFFF01
0000085C
FFFFF0BC
FFFFFB3B
FFFFFC18
00000023
000008D2
FFFFEDDB
0000109C
00000D49
FFFFFEC1
000010D5
00000C4D
FFFFEDE7
000004F4
FFFFF790
00000246
00000BF8
FFFFFBCE
00000C95
00000062
FFFFFAAA
000001CE
FFFFF2BB
0000059B
00000660
00000A79
00000667
00000679
00001008
000007CC
FFFFFBBA
000010DC
FFFFF5F9
00000E68
FFFFFAA4
FFFFF6CB
FFFFFD4C
0000033D
FFFFFF6D
00000D14
00000021
0000026E
FFFFF904
000001C9
00000282
000002C9
000006BD
FFFFFEEE
000007EC
00000DAB
FFFFFBC3
0000018B
FFFFFE48
0000081D
FFFFF8E1
000009BA
FFFFF5BC
FFFFF7BC
00000311
000000AB
FFFFFD83
0000007E
FFFFFA17
FFFFFCA4
FFFFEF9C
FFFFF6FB
00000562
FFFFF0C1
000008FA
00000475
FFFFFFF9
000002B0
000005F3
0000069F
FFFFF28F
000006FF
000003BF
FFFFFB54
FFFFFB04
FFFFFDBA
00000198
FFFFFC00
FFFFF921
FFFFFC96
FFFFFC17
00000452
0000013E
000006CC
0000090B
0000000F
FFFFFE13
FFFFFA92
00000AD1
FFFFF860
FFFFF9CB
00000321
00000667
FFFFF497
00000C87
FFFFFA9F
000007BF
FFFFF2B9
00000E79
00000508
00000D3B
00000456
0000066F
00000D4D
00000602
00000671
000004A0
00000C8C
FFFFFDA4
00000397
0000022E
FFFFFD82
00000755
FFFFF50D
00000B69
FFFFFE30
FFFFFF95
00000353
00000DCC
FFFFF9CD
FFFFF8E3
FFFFFC07
00000849
00000951
FFFFFD68
FFFFFC10
000005B8
0000097E
00000B01
FFFFF9D7
FFFFF843
00000E15
000006B6
00000FE1
0000019C
000005A9
FFFFFCB9
00000671
00000990
00000B97
00000C4F
00000842
FFFFF95F
FFFFF8B8
000007A4
FFFFFAF3
FFFFFF8E
FFFFFAF5
0000128E
FFFFF6D3
00000C99
000007AB
00000A7D
00000A9B
00000379
000007BB
00000B49
FFFFFEAF
00000768
FFFFF811
FFFFFD38
0000006B
FFFFFF4A
00000845
FFFFFB40
FFFFFE70
FFFFFCC0
FFFFFF84
FFFFFD18
FFFFFC74
00000493
000007EA
000003A0
FFFFF94D
000005E5
FFFFFA57
00000325
000007D6
00000554
000007C6
FFFFFEF8
FFFFFADD
00000A75
FFFFF86D
FFFFFA85
0000035E
FFFFFBD0
FFFFF857
FFFFF6E3
00000211
000009A5
FFFFFEC2
00001029
000002A5
000003CF
00000CAE
000007F3
FFFFF2E9
FFFFFCC6
FFFFF487
00000D51
000002E7
0000017B
FFFFFAD2
FFFFFCDB
FFFFFD00
000009F3
FFFFFBE6
FFFFFA99
FFFFFA77
FFFFF880
FFFFF498
FFFFFB15
FFFFF5E1
0000037E
FFFFFEA4
0000051D
FFFFF5AE
FFFFF52C
00000399
00000635
000008B1
000004F7
00000470
FFFFFB85
FFFFF710
FFFFFF4E
FFFFFE7A
000005D4
FFFFFBBB
FFFFFD07
000001E4
0000055B
000004A6
000002F6
FFFFFAE5
000012BF
0000071E
00000256
000008DC
00000BB7
00000BEC
00001342
FFFFF442
00000571
FFFFF023
00000C96
FFFFF7A4
FFFFF098
FFFFFE41
00000821
FFFFF6E9
FFFFF03C
00001212
FFFFFDD6
0000042A
00000401
0000037D
0000031A
000009D6
00000D9C
00000E7C
FFFFEA9D
0000075A
FFFFFD3E
FFFFF639
FFFFF69F
00000F3A
00000942
FFFFF911
00000489
FFFFF50F
000011F4
0000053F
FFFFE9C4
00000472
FFFFFFEA
FFFFF465
00000746
FFFFFB54
FFFFF654
0000043A
0000009A
FFFFF98A
000002C1
FFFFF7DA
FFFFF609
FFFFFA8C
FFFFF1B5
000016B5
FFFFF423
FFFFFE42
00000B44
00000AC6
FFFFFB4A
00000312
00000CDD
FFFFFE00
00000A2F
000007AA
FFFFF218
FFFFFD5C
00000932
FFFFF9C4
FFFFFCFC
FFFFF0EE
FFFFF2C4
FFFFF99F
FFFFEC93
000007C8
0000068A
0000057D
000002DF
FFFFF59F
FFFFFB5B
FFFFFA44
FFFFF3CB
FFFFF5C7
00000D76
000003AE
FFFFF112
00000371
000000E5
FFFFFF97
000004EA
000004F1
000007C0
00001BC7
00000DA1
FFFFFE5A
FFFFFC5F
00001444
FFFFF80B
000012E8
00000726
FFFFF70F
FFFFFD0C
000000D9
00000BCC
FFFFF2E4
FFFFF717
0000081E
FFFFEC96
FFFFECEE
FFFFFC26
FFFFF46D
00000907
FFFFFCC1
FFFFFB16
FFFFE692
FFFFE8DF
00000240
00000342
00000D83
00000A2A
FFFFF75E
00000300
000011EC
00000212
00000D98
000015E9
0000007B
0000060B
000011AA
FFFFFABC
00000971
FFFFF6ED
00000B40
00000268
FFFFF9F6
FFFFFE41
FFFFF547
FFFFEAFE
FFFFF660
00000427
FFFFF4F3
FFFFFDBE
FFFFFC5E
FFFFF4EA
FFFFFFEA
00001A2E
00000CE7
0000087D
FFFFF956
00000BA5
00000E5E
000010C7
FFFFF717
0000116A
00000183
FFFFF530
00000A3C
00000ADB
FFFFF0A7
FFFFFDCD
000009B9
00000917
FFFFF0F0
FFFFF9EB
0000026D
FFFFF874
00000DEC
000007AE
FFFFF22C
FFFFF479
00000362
FFFFFE2C
000013E2
000002CB
000007DD
00000B9C
00000C9B
00000A70
FFFFFBB4
000004AC
FFFFF67A
FFFFF378
00000501
FFFFFF17
FFFFFDE6
FFFFE90D
FFFFEA43
00000999
FFFFF190
00000C96
FFFFF64C
00000F0D
FFFFF048
FFFFF53B
FFFFF7E0
00000AE2
00001134
FFFFF6E1
FFFFF94F
0000044B
FFFFF2EF
00000FA6
FFFFFBD9
FFFFFD68
FFFFF657
FFFFFE0B
00001222
00000A5C
FFFFF60F
FFFFF02E
000003DE
FFFFF82A
00000CA2
FFFFFCDF
00000EF6
FFFFFC4A
00000C21
FFFFF499
00000D7B
FFFFF6B9
00000FC0
0000097E
000005D5
00000C8F
0000031C
000005E9
0000086B
000007AE
0000089E
00000336
FFFFE9BE
000005F9
FFFFEF17
FFFFF8C4
000005BB
0000053B
00000475
FFFFFE50
0000055B
FFFFFCFE
FFFFFD61
00000472
000014BD
00000621
000007C9
FFFFFE49
0000182C
FFFFFF81
00000393
00000D98
0000113F
FFFFF9E8
FFFFFB39
FFFFEE46
00000124
FFFFF2D4
0000064E
FFFFF5F2
FFFFF862
FFFFF9D6
FFFFFBCF
00000D37
0000196B
FFFFFE99
FFFFFB77
00001716
FFFFFDB3
00000113
000003AD
000018BD
0000009C
000015C9
000006C9
000008E7
000009A4
0000048E
0000061A
00000715
00000E0E
FFFFEC09
00000B11
00000DE9
00001076
00000F6A
00000E01
0000006C
FFFFFFEC
FFFFFB74
FFFFF79A
00000B82
FFFFFDC2
FFFFF8D1
00000F32
00000072
FFFFFEFD
FFFFF17C
FFFFF64D
FFFFF1D3
FFFFEB9E
FFFFFBA7
FFFFF8FC
00000B84
00000164
FFFFF9FB
FFFFF1D0
FFFFFD6B
00000454
0000031B
FFFFF9B7
000002A1
0000016C
00001131
00000329
000010B3
000002A1
FFFFF82A
00000FD5
FFFFFA73
FFFFEBF4
FFFFFD86
000000DE
FFFFF45C
0000154D
FFFFEDF9
0000036D
FFFFF4C9
00000184
FFFFFABE
00000C40
FFFFF3BF
FFFFF794
000008F7
FFFFFC58
000005C1
000004A7
FFFFFCAF
FFFFF9EF
FFFFEF53
000007ED
000003BF
FFFFF7C4
0000025A
FFFFF7D8
00001B23
FFFFEF03
00000A8F
FFFFF09A
FFFFEFCB
00000102
00001D88
FFFFE9BC
00000996
FFFFF896
000014C5
000012D8
00000F8F
FFFFFD28
00000FDA
00000EDE
FFFFF48D
00000D30
00000F47
000019B1
00001185
000014E2
00000738
00000636
000003A5
FFFFFDC5
000009B9
FFFFFD87
000006EB
00000C0C
0000085D
00000042
00000803
FFFFF925
00000922
FFFFFF91
00000912
00000148
FFFFF87A
0000133F
00000316
FFFFF886
FFFFFD34
00000551
00000A8C
FFFFFAD3
000005DA
0000023D
0000077A
FFFFF19B
FFFFF935
FFFFF488
FFFFFAF3
000019C8
0000088F
00000822
FFFFFABA
00000D83
000016AA
000005AB
000000C9
FFFFF94C
FFFFF320
00000DAE
000003F5
00000150
FFFFFDA1
00000DB4
0000128C
FFFFF943
FFFFF891
FFFFF934
FFFFF555
00001032
FFFFF698
00000B62
FFFFF05A
0000056E
FFFFEF0E
FFFFF4D1
00000005
FFFFF288
FFFFF78B
00000286
FFFFF2FC
00000FA8
00000F9F
FFFFF4CF
0000084F
00000A13
00000FEF
FFFFFCAD
FFFFFA89
000005A7
00000598
FFFFF617
FFFFEF87
FFFFF3C9
0000070D
FFFFF86B
0000025C
FFFFEF18
FFFFF230
00000100
FFFFEBD6
FFFFEC65
0000037B
0000008C
FFFFF5D5
000005D4
0000112B
0000190E
FFFFF7A2
000004C2
00000224
00000AC6
FFFFFC5A
000007DC
000006CE
000008DE
FFFFF3F9
FFFFF7DC
FFFFEF14
000005D6
FFFFF9F7
FFFFFCD3
FFFFFC87
000009DC
000003A4
0000025B
FFFFEF95
00000102
FFFFEF48
FFFFF1B7
00000107
FFFFF223
00000D64
000006DB
00000C05
FFFFF98D
000006BD
00000C18
000000B2
00000533
FFFFFCFB
0000101D
FFFFF384
00001024
00000B7B
FFFFF40E
FFFFF8FD
00001091
FFFFF671
FFFFFEE3
000003A1
FFFFF928
00000548
000009A1
FFFFFC36
0000011B
FFFFF821
FFFFF626
00001161
000003D2
0000018E
000007AC
00000F6E
FFFFFCCC
00001128
FFFFF611
FFFFF2D8
FFFFF6A9
000011A8
0000158E
FFFFFCDA
000004E5
FFFFF88B
00000B15
FFFFF6B9
000006B4
00000C0B
FFFFFC78
00000F1F
000008C7
FFFFFEE8
000018D8
000008CD
00001277
0000080A
00000782
FFFFFC2F
FFFFF486
00001540
00000596
00001180
0000105B
00000ADE
FFFFFF32
00000A02
00000730
FFFFF8D3
00000A6F
FFFFF193
00000CD1
000007E8
FFFFE99D
00000F25
FFFFFA0F
00001698
0000128F
0000188C
000016F0
000010CA
FFFFF299
00000E20
00000C32
FFFFF7C4
00000A3B
FFFFFCE2
FFFFF133
000014FC
00000335
FFFFF9D9
FFFFF5D1
00000063
00000533
000009EA
FFFFFFD3
0000070F
0000076D
000005CE
FFFFF339
00000B3D
FFFFF271
00000B8C
FFFFF55E
FFFFEAD3
FFFFFF82
FFFFE741
FFFFED4C
FFFFF415
FFFFFACC
00001603
FFFFED6C
0000120F
FFFFFDF9
FFFFF9BC
000008D7
00000591
00000872
FFFFF8FC
FFFFE021
000009A2
FFFFECC9
00000448
FFFFF72C
FFFFFA55
000004D3
FFFFF973
00000198
FFFFFF3C
FFFFF429
FFFFF323
FFFFFCA7
000005F4
00000416
FFFFF42D
FFFFF8F0
00000EDF
00000985
00000852
00000232
FFFFF719
FFFFFD30
00000EF2
000000CC
0000143C
FFFFFA54
FFFFF751
FFFFF66B
00000077
000000FB
FFFFF687
FFFFF4BA
FFFFF358
00000379
FFFFF4F9
00000012
0000059D
00000B09
00000604
FFFFF54D
00000E6B
00000D99
FFFFF688
00000645
FFFFF92E
00001366
FFFFF6F8
FFFFFADF
000010A8
FFFFFC19
FFFFF5F2
000002B0
FFFFF625
FFFFEC3B
FFFFEF65
00000670
FFFFE9C6
FFFFF4C9
FFFFF225
FFFFF059
FFFFF925
FFFFF0CB
000007D2
FFFFFB3A
FFFFEE8B
FFFFF89B
00001019
0000048A
FFFFF7E6
FFFFF89B
FFFFF7F1
00000302
00000784
FFFFF9D6
000009F2
FFFFFA42
00001952
000001C8
0000108F
FFFFF537
000008EE
00000653
000016FE
00000558
FFFFF168
00000521
FFFFF39F
000009D5
FFFFFE7D
FFFFFA18
00000700
0000053E
FFFFFECF
FFFFF70C
000002CC
FFFFEBC6
00000AE3
FFFFECC2
FFFFE93D
FFFFF328
FFFFF891
000005C8
FFFFFED1
FFFFED10
FFFFEBAF
FFFFFC53
FFFFFC40
0000051D
000003A0
00000629
FFFFF944
00001216
00000295
0000041E
FFFFF40D
00000CBF
FFFFFCD1
FFFFF980
000005AD
FFFFFE4D
FFFFFE2F
FFFFF186
FFFFFE0B
00000000
0000061D
00000319
FFFFFCF1
FFFFF69A
00001458
00000731
0000073D
FFFFF825
FFFFFC18
000006D2
FFFFF7DE
FFFFEB68
0000083E
000009F0
FFFFEFF2
00000D9D
FFFFFC40
000003B4
FFFFFC7A
FFFFEBCD
00001645
FFFFF5B1
FFFFFA8C
FFFFFC1C
00000E11
FFFFF9A5
00000333
000007A3
FFFFF775
000008A2
FFFFFEFC
0000135C
FFFFFEAC
FFFFF503
00000272
000004FE
FFFFF29B
00001758
FFFFF69C
FFFFFD03
00000816
FFFFFF6F
000006A7
FFFFEFB9
00001BD6
000009E8
FFFFF9A5
00000806
FFFFFC78
FFFFFF88
00000056
00000A4B
FFFFF3FF
FFFFE9D4
0000125E
FFFFF498
FFFFF1B7
FFFFF8AE
FFFFF911
000008DD
00000522
00000358
FFFFEFE0
FFFFF59C
FFFFF0A5
FFFFFDFF
FFFFECCB
FFFFF48D
FFFFF304
000002CC
FFFFF079
FFFFEFB5
0000006D
FFFFF4A7
00000362
000007B5
00000558
00000E6F
FFFFFC25
FFFFFDD1
00001C01
FFFFF1A4
FFFFFD23
FFFFFB4D
00000F19
00000D3A
FFFFF8D5
FFFFF2EB
FFFFF4EA
FFFFFF8F
FFFFF78C
FFFFFE83
0000184B
000003C6
00000A5D
FFFFFE87
FFFFF65A
00000CB0
000001BD
FFFFFFE5
0000061F
000002CB
FFFFF5B4
FFFFFAD4
FFFFED21
000015C4
FFFFF0ED
00000FE5
FFFFED7E
FFFFF31E
FFFFF879
00000F91
FFFFFEAC
FFFFEF9B
FFFFFF2E
00000122
000003A9
FFFFF81F
0000011A
FFFFF04A
00000268
000004F0
00000F40
0000079E
000006E1
FFFFF3DD
0000090F
00000EF7
FFFFF3B2
00000522
0000123C
FFFFF992
000000CD
FFFFF94A
000003B8
FFFFF414
FFFFEBEE
000008EC
FFFFFE7A
000016FB
FFFFF10D
000003CD
00000883
FFFFFBE2
00000A57
00001AFA
FFFFFC60
00001284
FFFFFA33
FFFFFEA5
00000768
FFFFEFF3
0000169F
00000CC7
FFFFFD38
FFFFF3A7
000007B2
0000082A
00000158
00001350
FFFFF223
FFFFFDC2
FFFFF601
00000C13
FFFFF9AE
FFFFFD69
000006DE
000013AB
FFFFFD37
FFFFF982
00000699
000002AE
00000C36
00000582
FFFFF247
00000133
00000794
FFFFF8C0
000006A4
FFFFFAC2
FFFFF771
FFFFFBE6
00000458
FFFFFE2D
FFFFFFA3
0000045F
FFFFFAF0
FFFFFDC5
FFFFFDE0
000009C4
FFFFFD49
00000054
FFFFEA54
FFFFF1C9
FFFFFA49
000010B4
00000E7D
00000099
000010F5
00000347
000002A0
000001F5
FFFFFAEC
FFFFF498
0000006C
FFFFF61F
0000114E
FFFFF4ED
FFFFF8D2
FFFFF071
FFFFF573
FFFFF728
000005F7
FFFFF797
FFFFFD52
FFFFF472
0000011F
FFFFEF4A
000012D3
FFFFF8A4
0000051D
000005E7
FFFFF763
00000229
00000952
00000B89
FFFFFA44
00001BB7
00000DE1
FFFFFB18
FFFFF83D
0000027D
00001095
FFFFF7F4
000015AB
00000C05
0000051D
FFFFF621
FFFFFEB3
00000658
000000F8
00001651
FFFFF81E
000017E1
FFFFEBC2
0000095A
00000270
FFFFEF62
FFFFF73A
FFFFEB83
FFFFF5A6
FFFFF584
FFFFFE04
FFFFF0CA
00000050
000009BE
FFFFFA19
000005A5
000003C4
FFFFFD8D
FFFFFB59
FFFFFE70
FFFFF860
FFFFE517
FFFFF8AE
000005EA
000004E9
00000991
0000031E
FFFFFB75
0000124B
FFFFEA56
FFFFFFF5
FFFFF2DF
FFFFF023
00000424
00000DF7
FFFFFA69
FFFFEBF7
00001477
000008EA
00000F9D
000010F4
FFFFF9FD
00000241
00000172
FFFFFFF4
FFFFF666
FFFFF58B
FFFFFAF5
FFFFFAAD
FFFFEA04
00000051
FFFFFA62
00000686
00000E90
FFFFF42D
FFFFFD60
FFFFF6B1
FFFFFEF4
FFFFF9C9
FFFFFF21
FFFFE78F
00000AF6
00000479
FFFFEC67
FFFFEDE3
00001181
000001C8
FFFFFFD2
FFFFF923
FFFFFD84
FFFFFE59
FFFFF2C5
00000558
00000E08
FFFFE64F
FFFFE536
FFFFF318
FFFFFD52
FFFFF3FE
FFFFED9A
FFFFF8B9
FFFFF57C
FFFFEACE
000004C1
FFFFE91E
000004D2
FFFFEBEE
000009EC
FFFFFE20
FFFFF487
FFFFF5D0
00000914
FFFFFE56
00001546
0000076E
FFFFFB72
FFFFF75E
FFFFF453
00000978
0000067F
00001481
000008DA
FFFFFC5C
FFFFFA84
00000023
FFFFF7E4
00000865
00001474
FFFFF1F5
00000121
00000FF6
000003B7
FFFFFF82
FFFFFCE0
FFFFFA0D
FFFFFB7C
FFFFF6AC
FFFFF703
FFFFFFA5
FFFFF952
FFFFFC82
00000CA1
00000DAD
FFFFEEF8
00000288
00000884
000005D0
FFFFF58E
FFFFF1F1
00002208
FFFFFA39
FFFFFC25
FFFFFB75
FFFFFEBF
00001917
FFFFFE45
00001594
000009AD
00000CE1
FFFFFFB1
FFFFF260
FFFFF6B7
FFFFFEDA
FFFFFBA5
FFFFF8E9
00000E09
00000A85
0000006F
FFFFFDCD
000009C1
FFFFF293
000000EC
FFFFEAC1
000000C2
FFFFFC76
FFFFFE5C
000012C2
FFFFFFF3
FFFFF928
FFFFF946
000015F6
000014EA
0000052F
00000CF8
00000359
FFFFEDDC
FFFFFADE
FFFFE580
FFFFF6F8
FFFFF093
FFFFF366
00000542
FFFFFE61
FFFFF74D
00000868
FFFFFE11
FFFFF7B9
FFFFF1B1
FFFFF0DD
00000AB6
FFFFF926
FFFFEDB7
FFFFF54F
00000036
00000FFB
00000D77
FFFFF9D8
00000B12
FFFFFC8A
FFFFFB95
FFFFF4A2
FFFFFC6D
00000A57
FFFFFFEC
FFFFF9AA
0000094E
00001201
FFFFFC75
FFFFF5C6
0000037A
FFFFFFD8
00001183
00000DAE
000004BD
00000F15
FFFFF424
FFFFFDAC
00000F5D
00000D93
00000C30
00000ED0
FFFFFEE8
00001467
FFFFF9DE
00001048
00000FFA
00000010
00000361
FFFFFA2D
00000BA2
000001DB
00000CC2
000001A3
FFFFFC74
FFFFFD19
FFFFF8FA
0000050C
FFFFFCFA
00000C8B
00001594
FFFFEFAE
FFFFF0CF
0000079C
000002A3
00000465
FFFFF1A7
FFFFFAA1
00000633
000001FC
FFFFFE9A
FFFFFAD4
FFFFF3B0
FFFFFE57
FFFFF950
FFFFF569
00000115
00000F22
000003B1
00000B75
00000169
00001656
000002CB
FFFFFF8A
00000A7F
FFFFFDCF
FFFFF283
00000A7B
0000051F
FFFFF2EA
00000377
FFFFF563
FFFFF812
FFFFF319
FFFFF3EC
0000030B
FFFFEA69
FFFFF4AF
FFFFEE34
FFFFF559
FFFFED1B
0000038A
000000EA
000003DD
00000F4C
000009A3
FFFFF206
00000552
000009BF
FFFFFF17
00000C65
00000BD4
FFFFEF93
FFFFF174
FFFFFAE1
00000DB5
00001312
00001023
FFFFF247
FFFFFA51
FFFFF277
000001D4
FFFFFDC2
FFFFECF8
00000480
0000066E
FFFFFDAA
FFFFF4F2
00000254
00000417
FFFFF847
00000ECA
FFFFFB83
00000D9B
FFFFF833
00000F65
FFFFFFC7
00000081
00000E40
FFFFF96F
FFFFF413
00000083
00000DA0
00000F55
00000983
FFFFFF2E
FFFFFF82
0000017B
FFFFF2A3
FFFFF923
FFFFF849
00000925
00000013
0000005F
FFFFFD4B
000004C9
FFFFF9E2
FFFFFCAD
0000098E
FFFFFEBE
00000096
000001E7
0000093F
00001001
0000110C
0000071B
FFFFF7FE
000003A0
00000F9A
0000076F
FFFFFB11
00000716
00001269
000001B8
00000AC2
FFFFFFD2
FFFFF4CD
FFFFF715
000004D2
FFFFF7EE
0000021A
FFFFFFBB
000005AA
00000B32
00000BD9
000011F0
FFFFF5A3
00000C2E
0000053C
FFFFFFD3
FFFFFB30
FFFFFA40
000001EC
FFFFF6B5
000012EC
000014A4
FFFFFB1B
0000002E
000008AF
0000019A
00000CF8
000005B7
00000B4C
FFFFEC06
FFFFF536
FFFFFFD7
FFFFFDE8
FFFFF5FF
FFFFFB5D
0000031B
00000010
FFFFF3EB
FFFFF9FB
00000371
FFFFEF53
FFFFFB55
FFFFF5EE
00000E00
0000074A
FFFFF28C
FFFFF969
FFFFFF32
FFFFFEA7
FFFFFF8D
000007B4
FFFFEA25
FFFFFF91
0000014E
00000594
00000516
00000A22
00000FED
FFFFF76D
00000992
000010B2
000007B4
00000C5F
00000787
FFFFF844
000008E4
FFFFFE09
FFFFF9BC
00000791
0000037D
000004A2
FFFFF7A2
FFFFFF7D
FFFFEF8F
FFFFF902
FFFFFBB5
FFFFF3B8
FFFFF418
FFFFFDA3
FFFFF06C
FFFFE819
FFFFF32C
00000B0A
00000C4C
FFFFF7F0
000008F0
FFFFFDD3
FFFFFDC9
00000DF6
000008AC
FFFFF68A
00000A82
FFFFFFC7
FFFFFB95
000000DE
FFFFFE76
000003D5
00000813
FFFFFEF7
00000521
FFFFFF76
FFFFFEC5
FFFFE803
FFFFE7EE
FFFFEFB8
00000080
FFFFFA3C
FFFFEFFA
FFFFF5F0
000009E8
00000DC1
00000F91
0000025D
FFFFF636
000000D0
FFFFF5A7
00000DDD
00000F2D
000007CE
000001DC
00000A65
0000036F
FFFFF81A
FFFFFC01
FFFFF8FF
00000035
FFFFF78F
0000072F
00000302
FFFFF68F
FFFFF907
FFFFF469
00000B7F
FFFFF8EF
00000A7F
FFFFF0FA
FFFFFA24
FFFFEFBD
FFFFFA4D
000005B2
00000BF3
00000086
FFFFFE22
00000CBB
FFFFF57A
FFFFF81E
FFFFFB21
000000D9
FFFFF83B
0000031A
00000BDF
FFFFFB70
FFFFFAB4
FFFFFF77
000006BB
000004F8
FFFFF1FF
FFFFFA38
000002B9
0000065D
FFFFED57
FFFFF78F
FFFFF216
000015CA
0000177D
00000D4B
FFFFFFB3
FFFFF6DD
000004A0
0000035C
00000096
00000244
000003BB
00000142
0000074E
FFFFF315
FFFFF046
FFFFFB80
FFFFFDA7
FFFFF860
FFFFF2BC
FFFFFCEE
000014E7
000011A8
FFFFFA8F
00000B46
FFFFF622
00000A12
000005C9
FFFFF84F
000004A1
FFFFE75B
00000CA2
FFFFF49E
00000452
FFFFFE7F
FFFFFEAB
FFFFF36A
000007EF
FFFFFFAF
00000C51
00000310
FFFFFED6
000000C5
FFFFFE6D
00000088
00000525
00000123
FFFFFDAA
FFFFF915
00000172
00000A99
00000BA3
000001DD
000008BD
FFFFF6FB
00000749
000007C7
000007A8
00000F1C
000000A8
00000777
000000F5
00000F4C
FFFFF4C0
FFFFF497
00000A6F
00000805
00000E50
FFFFFA96
FFFFFC34
00000E00
000007DA
00000CBE
00000808
000007D6
00000192
FFFFF5DE
00000B8B
00000AA7
FFFFF87E
FFFFFA8F
00000217
FFFFFAA9
FFFFF4CC
FFFFFBA5
000005F2
FFFFFC7A
FFFFF45D
FFFFFFA7
FFFFED39
FFFFF720
FFFFF755
00000CB7
0000067B
000000A3
00000F72
00000886
0000064E
000010D9
00000A15
FFFFFDD5
FFFFF9FE
000011D2
FFFFFE1F
00000DAA
00000CFB
00000986
FFFFF819
00000923
00001093
FFFFF407
00000281
0000080B
FFFFFF3D
000002A0
000003A9
FFFFF920
FFFFF801
FFFFFD16
FFFFFF1A
00000A1F
000019CB
000000A2
0000135A
00001231
00000377
FFFFFD29
00000C97
FFFFFEC4
FFFFFEE3
FFFFF695
FFFFFEB5
0000002F
0000097F
FFFFF76D
FFFFFA70
FFFFFC19
00000E02
FFFFFA94
FFFFFF5B
00000E6F
FFFFF786
000001BA
FFFFF27F
000008EE
00000450
000001E8
FFFFFB27
FFFFFBC3
FFFFF522
00000A9C
000003D1
0000013B
000001A6
FFFFFBA8
FFFFFEE4
FFFFF56F
00000931
FFFFF672
00000555
00000ACB
00000393
FFFFEFEF
FFFFFF86
000006B5
0000112F
FFFFF65D
00000DA2
00000E63
00000400
00000974
FFFFF922
FFFFFDF2
FFFFF1F3
FFFFF08E
FFFFF3E5
00000322
FFFFFDF3
FFFFFBC5
FFFFFB64
00000AD1
000005C9
FFFFFD7F
0000043F
FFFFFB9D
FFFFF780
0000079E
FFFFFFD1
FFFFEF1E
FFFFFE59
FFFFF0FD
FFFFF4A4
FFFFFCD2
0000133D
FFFFF52B
FFFFF85F
FFFFF45B
FFFFFF07
FFFFFA43
0000027B
FFFFF98E
FFFFF84E
000004B4
FFFFEE56
FFFFFA56
FFFFEFBD
FFFFF450
00000093
FFFFFF64
FFFFF65D
FFFFF927
FFFFF51E
FFFFFE37
FFFFF9F2
FFFFF8E3
FFFFFF5E
FFFFEC2B
FFFFF86D
00000A6A
FFFFF9F4
000000CD
0000128B
000013A9
FFFFFFD0
00000A12
000007E0
00000889
00000F7E
00001290
FFFFFEF6
FFFFF982
FFFFF78C
FFFFF44B
00000120
FFFFFD2F
FFFFFD8A
FFFFFF5A
00000A40
000016B6
FFFFFE46
FFFFFF39
00000757
FFFFFD3C
0000166E
00001107
FFFFFCAD
000003B3
00000AC4
000006AE
00000985
00000975
00001110
00000EAE
000002F7
FFFFFA29
FFFFF49E
FFFFF6B0
00000CD6
FFFFFB26
FFFFFD74
00000176
FFFFF8FE
FFFFFAA7
FFFFFE87
00000D6B
000007FA
FFFFF896
FFFFF94E
000002FE
FFFFFE74
000002A5
00000AF3
FFFFFF55
00000B90
00000673
FFFFF980
0000089A
FFFFF8BC
00000243
00000B52
FFFFFBDA
FFFFF97A
000001C5
00000313
FFFFFEF6
FFFFF5DB
000000D3
000007EF
00000D94
FFFFFF18
FFFFFD73
00000539
FFFFFC8D
00000926
FFFFFDBC
FFFFF781
FFFFF4C6
FFFFF885
FFFFFF4B
00000B5F
0000146A
FFFFFCDD
FFFFF583
000007FD
FFFFFDB1
00000AC2
FFFFF5F8
FFFFFD6C
FFFFF393
0000051E
00000414
FFFFFBE4
FFFFF5F0
0000059C
000007E8
00000C76
00000AEF
000004C3
000005EB
FFFFF74B
FFFFEAE6
0000087D
FFFFED7E
00000464
FFFFF3FC
FFFFFBFB
000002A5
000003DB
00000E16
FFFFF565
00000BE5
FFFFF1BF
FFFFF1DB
00000B6C
FFFFF910
FFFFFAAF
00000606
FFFFF648
FFFFF531
00000965
FFFFFD13
000000C3
00000EC9
00000899
FFFFF1AC
FFFFF6E2
00000064
0000053C
FFFFFD46
FFFFFADF
FFFFFE74
FFFFFA72
FFFFF7C3
FFFFF1C3
FFFFFB55
0000009A
FFFFFC92
00000767
00000530
FFFFF6A4
FFFFF42F
00000714
FFFFF7DF
00000362
FFFFFF4F
0000148F
FFFFFE9B
00001095
FFFFFFED
FFFFFA04
00000819
FFFFFEF0
00000DAA
00000EA4
FFFFFF23
FFFFF722
FFFFFAD1
00000881
00000ACC
000003E1
000008E6
FFFFFFF9
FFFFF724
FFFFFD2B
00000B1F
000000CD
000003A0
000006AE
00000114
FFFFFACA
00000261
FFFFFEEB
000013A5
FFFFF9E6
00000C7D
0000111E
00000172
00000C14
FFFFF3F3
FFFFF694
FFFFF8C3
0000159D
FFFFFC57
FFFFFBF4
000007D7
00000CD7
0000035A
FFFFF4F4
FFFFF36B
FFFFF9B9
FFFFFDD3
FFFFF06D
FFFFFE87
00000029
FFFFF745
FFFFF652
FFFFFAC7
00000788
FFFFF787
000002B1
00000CBC
000009F5
FFFFF9E0
00000526
00000438
FFFFF0E1
FFFFF7B7
FFFFF673
FFFFFE80
FFFFF784
FFFFF190
FFFFFFA3
FFFFFC74
FFFFFB41
00000022
FFFFFB40
FFFFFB3F
FFFFFC01
00000C7C
FFFFF8E0
FFFFF983
00000598
000004BD
FFFFF897
FFFFF7C2
00000B3B
000002C5
FFFFF489
FFFFF77D
FFFFF732
FFFFFAA4
FFFFF8F9
000001CF
00000988
FFFFFAEA
FFFFF083
FFFFFA5C
0000032A
FFFFF19B
0000042C
FFFFFE09
00000793
000007E5
FFFFFE9E
FFFFF476
FFFFF02B
FFFFF817
000002AE
00000BF7
00000083
FFFFF1F8
00000159
FFFFF76B
00000048
FFFFEF73
00000653
FFFFF708
FFFFFCC3
00000399
FFFFFB31
FFFFF0F7
FFFFF19C
FFFFF7D5
0000088B
FFFFF720
FFFFF4E1
FFFFFE4B
FFFFFA0B
FFFFFB91
000001C2
00000896
FFFFF702
FFFFF535
00000A8A
FFFFF767
FFFFEC1C
FFFFF949
FFFFF8E5
00001279
00000B51
00000160
FFFFF2D4
FFFFF6B8
0000020B
00000FC5
000002E5
00000ACC
000004F5
00000AD0
00000A00
00000A7B
FFFFFFB6
FFFFFAF0
00000EB4
00000553
FFFFFA76
000000CA
00000448
000003F3
FFFFF414
00000D06
000004E0
000007E1
FFFFFBBC
FFFFFE11
0000004D
FFFFFBC7
FFFFFE8D
00000316
FFFFF4C3
FFFFFFD4
FFFFF843
00000950
FFFFF38B
FFFFEF32
FFFFFDD6
00000F73
00000008
FFFFFF57
000000B3
FFFFFCD6
00000028
FFFFFF5C
FFFFFD02
FFFFFD24
FFFFFFA4
0000021E
00000891
00000219
FFFFF80C
00000588
FFFFF032
FFFFF140
FFFFF5BE
00000B57
00000913
FFFFFEF1
FFFFF671
00000BBE
00000212
FFFFF413
FFFFF696
FFFFF1E7
000010F2
00000A6B
0000010D
00000595
FFFFFF8D
0000077A
00000CFA
FFFFF65B
FFFFFE9D
00000320
00000511
000003AE
00000777
FFFFFDB3
0000000A
00000458
FFFFFE2C
000005C3
FFFFFD43
FFFFF33C
FFFFFAB4
FFFFFC63
0000096A
FFFFFC07
FFFFFB0F
000007FE
FFFFFFAB
000002B2
FFFFF3F9
FFFFF319
FFFFF3EB
00001105
FFFFFDC4
FFFFF302
FFFFFE83
FFFFF4AF
FFFFEF6B
000002B7
FFFFF43E
FFFFFA3E
00000A55
00000F7D
FFFFF33C
FFFFF531
FFFFFE9D
00000246
FFFFF969
0000066B
0000041E
FFFFFA43
FFFFFB5C
FFFFFA02
0000088C
000000EF
FFFFF937
00000A95
0000087B
FFFFF9B7
00000086
FFFFF732
000002AA
FFFFF7CB
00000570
000005AB
FFFFF9EA
FFFFFCA2
000004E8
FFFFF433
FFFFF581
00000037
FFFFFCB2
000003C9
FFFFEE55
FFFFF653
FFFFF8C4
FFFFFFC7
FFFFFD3F
00000537
FFFFF73A
00000DCC
FFFFF53E
FFFFF142
000004E9
FFFFF24C
000000E6
00000834
FFFFFDF3
FFFFF434
FFFFFF82
FFFFF31F
FFFFFFC7
00000467
0000020A
FFFFF538
FFFFF6E3
FFFFFEA8
0000070F
0000131B
FFFFFC87
FFFFF161
FFFFF917
0000044C
00000D76
FFFFF9DC
FFFFF4C9
FFFFF504
FFFFF273
0000022E
FFFFFC20
00000880
00000283
FFFFF782
FFFFFEB4
000006D1
FFFFF1E7
FFFFF2A6
FFFFF427
FFFFF315
FFFFF8D7
FFFFF52B
000002B9
0000073E
FFFFF1C4
00000BA3
000009A6
000005D0
00000481
00000845
000005A8
0000034D
00001207
FFFFFBB2
0000001A
FFFFF96F
FFFFFA44
FFFFF9BC
00000158
FFFFFA64
FFFFF663
FFFFF4D6
FFFFFE36
FFFFF75E
FFFFF111
00000001
000004B4
00000242
FFFFFA8B
FFFFFCB2
000003EE
000005C7
000007E0
FFFFF73E
FFFFFC8C
00000707
FFFFFE8F
00000AAD
FFFFFA83
FFFFF686
FFFFFF03
FFFFFF03
00000103
FFFFF9D8
0000035A
00000007
FFFFF320
FFFFEF3F
FFFFF320
FFFFFD7E
FFFFFD60
FFFFF284
FFFFF1A9
FFFFF6B6
000000E6
0000082A
FFFFF55E
FFFFEE91
FFFFF630
00000730
000006E9
FFFFFFB1
FFFFF8EF
FFFFFAE7
FFFFFE7D
FFFFFC9E
000003C1
FFFFFBE4
0000078A
00000685
00000886
00000476
FFFFFB22
00000235
0000010B
00001504
00000217
FFFFFCD4
00000099
0000051A
000005D7
FFFFF70B
FFFFF983
FFFFF6E9
0000023B
00000C77
FFFFF779
00000314
00000268
FFFFFAD6
FFFFF562
FFFFFDF1
FFFFEE9D
00000773
FFFFFC5B
FFFFF86D
FFFFF8C5
FFFFEE7E
000005A6
FFFFFDEB
000001B5
FFFFF895
FFFFF303
00000476
000004E7
FFFFFF04
FFFFF82C
FFFFF8BA
00000871
000001B4
0000063D
000007E8
FFFFFD78
00000284
00000177
000007D4
00000576
00000BFD
0000036A
00000564
FFFFFAF3
FFFFFD07
FFFFFE75
000007B8
FFFFFD53
FFFFF58A
FFFFFACB
000005C7
FFFFF9F5
FFFFFC77
FFFFFF67
000008A8
FFFFFE00
FFFFFCF7
000008E2
00000F71
FFFFFE15
00000973
00000833
0000075A
FFFFF38C
FFFFF0D9
00000C5C
FFFFFF91
FFFFF2FE
FFFFF810
FFFFF6BC
FFFFFDDC
FFFFF68C
FFFFFBF9
000000AB
00000005
FFFFF6CB
FFFFFA92
FFFFFEFE
0000022A
FFFFF8EA
FFFFFB7A
FFFFFDE5
0000068B
00000055
000013D4
00000346
000014FA
00000BD0
00000A59
FFFFF028
FFFFFB1B
FFFFF7DF
0000035C
00000376
00000185
FFFFFB36
00000BE2
FFFFF5C4
00000908
FFFFF0FA
00000A50
00000958
FFFFF627
00000D19
0000053D
FFFFF271
000004BA
FFFFFCF7
00000418
FFFFFA04
FFFFF652
FFFFFDB1
00000917
00000A39
FFFFF255
00000887
FFFFF4CE
0000061F
FFFFFEEF
000006AC
000006B3
00000539
FFFFF31E
00000F1B
000007CC
000004E8
0000096E
FFFFF89D
FFFFFE55
00000426
FFFFFD55
FFFFF9AB
00000066
00000708
FFFFF72D
0000032A
000003A2
FFFFF8CF
FFFFF1DB
FFFFF9F5
0000006A
000011C7
FFFFEF76
00000527
00000661
FFFFFF66
00000540
FFFFF9CD
00000DD6
FFFFF4DB
00000ABD
000004D3
FFFFF716
FFFFF7D8
00000C1F
00000312
FFFFFB6E
FFFFFE1A
FFFFFF27
00000504
00000FC7
FFFFF431
FFFFFFAC
00000232
FFFFFE01
00000978
FFFFF669
FFFFF9F4
000008EE
000007F3
FFFFFBFD
FFFFF8E9
FFFFEEB5
FFFFF227
0000105C
00000F77
000011A8
00001414
0000073C
FFFFF927
FFFFFE80
FFFFFA67
FFFFF227
FFFFFF5D
00001444
0000017B
FFFFFA03
FFFFFD2B
FFFFFBE9
0000036B
FFFFF5BD
00000B59
FFFFFCC2
00000515
00000445
00000073
000004CB
FFFFF748
FFFFF75B
FFFFFF8E
00000391
0000020B
0000048F
0000071C
0000110A
FFFFFE9A
FFFFF955
FFFFF4CB
00000171
0000044D
00000530
00000343
FFFFF21B
FFFFEC6F
000002D2
0000073D
00001329
000013E5
00000386
FFFFF3D1
0000101C
FFFFF598
00001598
0000035F
FFFFFF4E
000009EA
00000080
00000296
000001A1
00000B5D
FFFFF792
000005A7
0000049C
0000083C
0000030B
FFFFFBE7
0000000D
FFFFFC76
FFFFFB91
000003BD
000000AD
0000112A
00000981
00000966
FFFFFF5B
000001EC
FFFFF493
00000791
000004CE
000001D7
00000823
0000072F
FFFFF1FF
FFFFFBC9
FFFFFD3F
FFFFF548
00000F94
FFFFFA7B
FFFFFBD3
FFFFEE9E
00000549
00000409
0000028B
00000D85
00000B37
00000E05
0000005E
FFFFFE70
FFFFFF11
00000110
00000455
000002E9
000000C9
00000FC1
FFFFF671
FFFFFFDE
0000009E
FFFFFF1F
00000CEB
FFFFF5C0
FFFFFA6B
0000095A
FFFFF5CE
0000064A
FFFFF938
00000AC7
FFFFF12D
FFFFFECD
00000E79
0000087B
00000816
FFFFF941
00000A04
0000007D
00000901
000007EC
00000375
0000046F
FFFFF574
FFFFF27F
FFFFF36E
0000080C
FFFFEF1F
0000114C
FFFFFC76
00000CE3
FFFFFEF2
FFFFED9C
00000B63
00000090
00000BBD
00000AFA
000003B4
0000085A
FFFFFAD3
00000A63
FFFFFB98
00000405
FFFFF5B6
FFFFF4B9
FFFFEF25
FFFFF621
FFFFFAD9
00000E49
FFFFFC3A
00000425
FFFFF959
FFFFF93B
000000DD
FFFFF87F
FFFFF9A0
000005E6
0000045C
FFFFFD13
FFFFFBEE
000008DD
00000EC9
FFFFF973
000007F6
FFFFED96
00000A17
FFFFF9DF
00000C97
FFFFFEEB
FFFFF3F7
00000CE1
00000ABD
FFFFF319
00000CFB
0000077B
FFFFFB67
FFFFF3CE
FFFFEBDA
FFFFF1E7
FFFFF9BF
FFFFFF38
00000A5D
00000DCB
000002E0
00000BDE
FFFFEEC3
FFFFFDDA
00000086
000002D3
FFFFF204
0000147B
000002DF
00000A6A
FFFFF532
FFFFF571
FFFFF8B8
0000027E
FFFFEADF
FFFFFC56
FFFFF342
FFFFFE6B
FFFFF607
FFFFFAF1
0000114E
FFFFF8BC
00000E08
0000040D
000005C6
00000B49
0000089D
FFFFFB8A
00000D3C
FFFFF821
FFFFEC2B
000007DD
000007BB
FFFFFC95
0000033C
FFFFF4E3
FFFFEC6C
FFFFF5E6
FFFFF396
FFFFFAA6
FFFFF29E
FFFFFDA1
FFFFF51E
0000085B
000000B4
FFFFF7AE
00000870
000008DC
FFFFFF7A
FFFFF79D
FFFFFA48
000006BE
00000457
00000EDB
00000596
00000182
FFFFEECC
000002C2
00000C92
FFFFF6B6
FFFFF502
00000477
00000341
FFFFFA88
0000110E
FFFFFE79
FFFFFE6E
FFFFEA0E
FFFFF226
00000291
FFFFF54B
FFFFE380
00000382
FFFFF73B
FFFFF89F
FFFFFBD4
00000979
00000932
FFFFF166
FFFFFCA2
FFFFFE20
00000CEA
FFFFF763
FFFFF9B6
00000909
0000021B
FFFFF3BC
FFFFFD7D
FFFFFD1D
0000093C
000003BE
000003EB
FFFFF867
00000CD3
0000001D
00000EA4
FFFFFE87
0000105F
FFFFFCF5
00000EC4
00000B6A
00000CE6
00000463
0000135E
FFFFF509
FFFFFD37
00000306
000001C4
00000768
00001182
00001042
00000B75
0000022E
FFFFFA2B
00000502
FFFFFF5A
FFFFFB47
0000117C
00000390
0000076F
00000210
000009FC
00001315
FFFFF416
FFFFF62D
000001BD
FFFFFB58
0000052C
00000981
0000058D
00000E99
000001C2
FFFFFEAB
000006BE
0000137B
00001377
000007F2
FFFFEFFD
000002FC
FFFFF40A
FFFFF503
FFFFFC24
000004EA
00000158
FFFFFC4C
000009B5
00000335
FFFFF8DA
FFFFEB90
FFFFF017
FFFFFDD3
FFFFF1E8
0000025A
FFFFFBE8
FFFFF0FC
000001D4
FFFFF623
FFFFFFCA
FFFFFE7C
FFFFFBFC
FFFFF409
000005E8
FFFFFA72
FFFFF9B7
0000056D
000006E9
FFFFFE93
00000469
FFFFF94B
FFFFF79A
FFFFF41B
FFFFF947
FFFFFE74
FFFFFDC5
000009E4
FFFFFCAD
00000435
FFFFF581
FFFFFE62
000006E8
FFFFFA6F
FFFFF417
000002FA
00000BA6
FFFFF323
000007DF
000005E5
FFFFFE65
00000720
FFFFFF4A
000004D8
FFFFFC68
0000059E
FFFFFCEE
000007F3
000005CA
FFFFF686
00000A01
00000517
FFFFF1CA
000002AA
FFFFFA05
000005B2
00000A9C
FFFFF766
00000BBB
00000B28
FFFFF97A
FFFFFBA8
00000F65
FFFFF613
00000B3D
00000AA7
FFFFFC4D
00000501
00001373
00000C72
000013A0
00000EF5
000006B3
000010AA
0000061A
00000A3B
FFFFFB6C
000006F7
FFFFF3F4
FFFFFA72
FFFFFFB6
00000063
00000AF2
FFFFFC61
000006A6
00000527
FFFFF82B
FFFFEA98
00001146
FFFFF943
0000112B
000009D0
00000521
00000297
00000D62
FFFFFE7A
0000063D
000010D7
000005E7
FFFFEFEA
000001DB
FFFFFF33
FFFFFB19
FFFFFDC7
00000947
FFFFFC9F
000006F8
00000EC8
FFFFFACF
00000460
FFFFF8D6
00001544
0000024F
FFFFFDB9
FFFFF803
000000B3
0000008C
00000732
FFFFFDB0
0000089A
00000854
000008A9
FFFFFDDE
00000479
0000056F
00000941
00000CC2
00000511
FFFFFD06
FFFFFE05
FFFFF9EF
0000063C
00000CEB
00000AA8
FFFFF584
FFFFF4E8
FFFFFA6C
0000060D
00000BF4
00000644
00000170
FFFFF8CF
FFFFF651
FFFFFFDA
00000343
FFFFFE69
00000514
00000F14
FFFFF174
000009BC
00000789
0000111E
000007D7
000004B0
FFFFFE7D
0000094A
FFFFFBC8
FFFFEBA4
000003AE
0000025B
FFFFFB13
00000001
FFFFF6F4
FFFFF5CF
00000302
FFFFFF5C
00000B21
FFFFFAA6
0000047F
00000D59
FFFFF7A6
000004A1
FFFFF49D
000000F8
000006E4
FFFFF731
FFFFF943
FFFFF4C6
FFFFFA32
0000013B
00000074
FFFFEE17
000006A5
FFFFFEBE
000002A6
FFFFF2D8
000008E3
FFFFFF3D
00000B3E
00001431
0000016A
00000E70
000015A9
000013A9
00000281
000005C5
00001AEB
00000299
FFFFF5D1
FFFFFCF7
00000055
FFFFFF20
0000024F
00000478
0000093A
000002F6
000000E9
FFFFF22F
FFFFF50C
00000BF3
FFFFFB28
FFFFFBEE
FFFFF8A7
000000C7
00000197
00000D65
FFFFFD5B
FFFFF78C
FFFFFF5A
FFFFF16D
0000051C
0000041E
FFFFF957
FFFFF473
000004EF
00000840
00000F19
000002D6
FFFFF94A
FFFFF12B
FFFFF5DA
00000DD3
FFFFF936
000011A7
0000080A
00001374
FFFFF37F
FFFFFF85
FFFFF326
00000995
000005B7
000008BF
FFFFFA37
00000003
00000505
FFFFF7CF
000005AB
FFFFFE21
FFFFFFD2
FFFFEF07
FFFFF92C
FFFFFFAA
FFFFF1A2
FFFFF9F6
00000284
FFFFFB10
0000102C
000008B5
FFFFF346
FFFFF7DA
00000344
FFFFFF5F
0000070C
000004DC
00001122
000004AC
FFFFF6D1
00000110
00000017
FFFFF9C2
FFFFFCD3
FFFFFB02
00000643
FFFFF889
00000408
FFFFFC3B
FFFFFCBE
000005DF
000006F8
0000045D
FFFFF77A
000003A5
FFFFF499
FFFFFC0A
FFFFF092
FFFFF49F
FFFFF59E
FFFFF4F0
FFFFF9EE
00000E3B
0000010F
FFFFF840
0000061E
00000D72
00000697
FFFFF91C
00000868
FFFFF924
0000022C
000004DA
FFFFFC11
0000137D
00000103
FFFFF4AD
FFFFFD89
FFFFF5A7
00000970
000004D1
000003D1
000005D1
FFFFF485
FFFFF43A
0000063E
00000727
FFFFF7D9
00000908
FFFFFAC8
0000118B
FFFFF2B9
FFFFFD98
00000422
0000042C
00000AA4
000013A7
00000490
FFFFF364
00000540
FFFFFE6F
FFFFFD51
FFFFEF69
FFFFFF31
FFFFF4C8
000002BC
000004CD
00000AE7
0000113B
FFFFFE9B
000018AE
FFFFF747
FFFFF951
0000079D
000009E1
000001DE
FFFFF26A
FFFFFD7D
000002F6
000006BA
FFFFF86C
00000F77
FFFFF9C4
00001131
0000014A
000000EE
FFFFF586
FFFFFDE3
FFFFFBC2
0000019E
000007D0
FFFFF6EE
0000043A
00000C38
00000991
000010BA
FFFFFF59
00001340
FFFFF988
00000C10
000014C7
00000B75
FFFFFCDD
FFFFF666
000001BB
FFFFF8D9
FFFFFE3C
00000C4C
00000C1B
0000063B
FFFFF6E9
00000FC4
FFFFF360
FFFFF71B
00000339
00001AC5
00000331
00000045
00000CC1
FFFFFA01
0000118F
00000E72
FFFFFFAB
00000E9D
FFFFF600
FFFFF7A8
00000823
000007D0
00000618
00000406
FFFFEEC3
00000803
FFFFF59F
00000ABF
FFFFFEAE
000006BD
FFFFFF3D
FFFFFC50
00000200
FFFFEEE7
FFFFFEBE
FFFFF576
FFFFFD44
FFFFF20C
FFFFFE27
FFFFEF8C
00000610
FFFFEE14
00000541
FFFFF36A
FFFFEE12
FFFFEFBD
000004B2
000003E6
000007E8
00000578
00000376
FFFFF41C
0000067A
00001049
00000A15
00000234
FFFFFE30
00000CC2
000000B2
0000084A
FFFFEF9C
00000561
00001255
00000128
FFFFFB58
FFFFF994
000005BF
FFFFF792
FFFFFC86
FFFFFE5A
FFFFF784
00000285
FFFFFD59
FFFFF95D
FFFFF846
FFFFFD9B
0000038C
00000C8E
00000B21
FFFFF6EA
000008E4
000000B8
FFFFF0BC
000004C5
FFFFF491
00000694
00000414
0000081D
00000A2E
FFFFF65D
0000063E
FFFFF986
FFFFFCEF
00000C84
FFFFF725
FFFFF90A
FFFFFDAF
0000052E
FFFFFA44
FFFFF586
00000502
FFFFFB76
000003C5
00000E90
000000E6
FFFFFFA1
FFFFF9C1
00000779
FFFFFA36
000007F3
00000063
FFFFF3AC
FFFFFDD9
00000B58
FFFFF39D
000008CB
000004BD
FFFFFC5F
FFFFFF9D
00000327
FFFFF6D7
FFFFF0A8
FFFFFFD6
000000AA
FFFFF710
000005FE
000010A2
00000677
FFFFEF2B
00000CE8
FFFFF018
FFFFF303
FFFFE5CA
0000029D
0000062B
FFFFF8CD
FFFFFE49
FFFFEF95
FFFFE7B7
00000DAE
FFFFF677
FFFFF1C1
FFFFF99B
0000099A
0000037B
0000074C
00000BC7
FFFFF68A
FFFFFD95
FFFFFE43
FFFFFF98
00000168
FFFFFA84
FFFFF7EB
FFFFFFCC
FFFFF87A
FFFFF564
00000553
000004D5
FFFFFE35
FFFFF8E5
000002CE
000002EA
FFFFFB4A
000008DB
FFFFF6E6
FFFFFB36
00000949
00000E8A
00000AB8
FFFFFA77
00000974
000002A2
00000B9C
00000349
00001071
000004DA
0000017F
FFFFFBD3
000004CA
000005A5
FFFFF983
FFFFF85B
00000BC5
FFFFF3D3
000007C7
FFFFFB3B
FFFFF934
FFFFF70B
FFFFFB99
00000A49
FFFFF6AF
FFFFF8E7
00001133
000001FB
FFFFFF5C
000007BB
FFFFFC4F
FFFFEACA
000005B5
00000867
000006E4
FFFFF517
00000706
00000B3E
000009F1
FFFFFC75
00000322
000008E8
00000AC3
FFFFF247
0000018A
FFFFFCA6
FFFFF7EB
FFFFF9DE
00000720
FFFFEB9B
FFFFFC5E
FFFFFD5B
000002A9
000003B6
0000006F
000001D9
FFFFFDF8
FFFFF737
FFFFFC9A
FFFFFB38
00000269
00000568
FFFFF29D
FFFFFB60
0000039C
FFFFF991
000008AD
FFFFFA76
0000025D
FFFFFF76
00000ADD
00000BAA
FFFFFC8E
FFFFF6AA
00000E7C
000004B8
FFFFF850
FFFFFC3B
00000D25
FFFFF808
0000001D
0000007B
0000018E
00000944
00000F80
00001A39
00000ECE
0000006B
00000937
00000FB0
00000978
FFFFFDA6
000007AC
00000E3F
FFFFFA14
FFFFF5F1
FFFFF72C
FFFFFD7B
FFFFFCB4
FFFFF3D3
00001134
FFFFF58E
00000467
FFFFFCE7
00000644
000005B2
00000407
FFFFF7B9
0000035C
FFFFEA75
FFFFFB2F
00000F16
000004B2
FFFFF74E
000006D6
000000B9
FFFFFF94
FFFFFEEC
000008A2
FFFFFAB3
FFFFF20A
FFFFFE0F
FFFFFA7C
00000297
00000C2E
FFFFEDC8
FFFFEF95
FFFFE938
FFFFF366
0000046D
FFFFFD0B
FFFFF8EA
FFFFFD00
FFFFF108
FFFFFFAD
FFFFFA68
FFFFFBA7
00000C1E
FFFFF55A
FFFFF298
FFFFEAA1
FFFFFD48
FFFFF11D
FFFFFDF8
00000773
FFFFFCF6
FFFFF761
FFFFF5A1
FFFFFE3B
000004BD
FFFFF5D5
FFFFFB4A
00000BDC
FFFFFEE1
FFFFF38B
000009C9
FFFFFB9F
FFFFEA99
0000060E
000002E6
FFFFF802
00000AA8
FFFFFAD9
00000E70
FFFFFE4C
FFFFF9F0
FFFFF20C
00000518
0000007C
FFFFFADF
00000760
00000608
FFFFF2AE
FFFFF2CD
FFFFF142
FFFFF9D4
FFFFF8BD
FFFFFF69
FFFFFADB
FFFFFD8E
00000F3A
000005E3
000000E0
FFFFFDAD
FFFFFB62
00000BC1
000009B0
000004EA
000010C3
FFFFFA1A
00000FE2
FFFFF4A0
FFFFFF13
FFFFF142
FFFFFB4E
FFFFF229
0000048D
0000152E
FFFFFA7D
00001BCF
FFFFF660
FFFFF4D5
FFFFF2EE
FFFFEFC4
FFFFFDA7
00000E3D
FFFFF66A
FFFFFA6D
FFFFF223
000005AE
FFFFFAAB
FFFFF61E
00000303
FFFFFEC3
FFFFFD70
000001D0
FFFFFCE0
FFFFFB1F
FFFFF011
000007DA
FFFFFFF1
000000A2
00000D1A
00000463
FFFFF761
FFFFFC49
000007C5
0000124E
FFFFECC9
000016AE
FFFFF1E9
00000FAF
FFFFFE00
FFFFF771
0000045D
FFFFFC36
FFFFFD5A
00000157
00000F34
FFFFFBC8
00000EAF
00000AD0
FFFFED45
FFFFF598
000002F4
0000095A
FFFFFF2E
FFFFEE05
FFFFFDD9
FFFFFE09
00000288
FFFFFF0F
00000DD0
000005BA
FFFFFD81
FFFFEE4B
FFFFFCB4
00000220
FFFFFFC6
FFFFF0E6
00000914
000002B0
000000A0
FFFFF5B6
00000834
00000B2B
000009BF
000006E3
FFFFF170
0000079C
000012E0
00000CE0
000002A8
FFFFF6EE
FFFFF6DD
FFFFF029
000000F8
FFFFFB99
FFFFF5D4
00000B6F
00000ED0
00000FDA
FFFFF495
00000DDF
FFFFFB9A
00000EDE
FFFFF69F
FFFFF23F
00001071
00000D03
FFFFEC56
FFFFF330
0000009E
FFFFF20D
FFFFFCC3
FFFFF0DA
FFFFF49D
FFFFF448
FFFFEDA8
000008A5
00000BED
FFFFF98A
FFFFFF1D
0000015F
FFFFF599
00000471
FFFFF665
00000C9E
FFFFF682
00000AAD
000000DD
00000766
FFFFF61B
000005F0
FFFFF4A9
000007DC
FFFFF613
FFFFFC2F
000002D9
00000977
FFFFF78F
FFFFF3E1
0000021E
00000FCC
FFFFF85E
0000012B
00000870
FFFFFA2E
FFFFF473
FFFFFE84
000000E8
00000D08
00000758
0000096A
00000BB0
FFFFF5D0
00000715
FFFFF8D1
00000431
FFFFEE6E
00000D92
00000D4F
FFFFF773
FFFFEFB3
FFFFECF6
000009F1
FFFFFA83
FFFFFFA8
FFFFFE0A
FFFFF9F2
000004F8
FFFFEF68
0000120A
00000512
00000B39
FFFFE935
0000174B
FFFFF412
00000D9F
FFFFF007
00000211
FFFFF29B
FFFFF544
FFFFEE63
000008DC
00000335
00000B26
FFFFE7DD
00000D34
000012AB
FFFFECF3
0000175C
000006B9
FFFFFAC3
00001090
00000706
FFFFF633
000003C7
000004CE
000004D8
00001616
0000123A
00000607
000002CC
00000CD4
000007BC
0000181B
00000AD0
000011C6
FFFFFDA4
00000559
0000071C
0000030C
00000794
FFFFFC80
FFFFFF63
FFFFF10B
FFFFF9AF
FFFFF3EB
00000DAF
0000005C
00000BBF
FFFFFBD2
000005C0
00000349
00000E18
FFFFF420
000006A1
FFFFF8FF
FFFFF890
FFFFFF0A
FFFFEC47
FFFFF899
00000D7A
00001843
00000CD9
000011CF
00000536
00001098
FFFFF8CB
00000FCE
000003D6
FFFFF9A9
00000063
00000391
0000000D
FFFFFDE6
FFFFF8F5
00000EFC
FFFFE858
FFFFE3B1
0000051C
FFFFFC4D
000006E7
FFFFFAB3
FFFFEC69
FFFFFFEE
FFFFFF98
FFFFE80E
FFFFE57B
FFFFFE72
FFFFFC45
000011A7
00001E9D
00000300
00000320
00001505
00001AF6
FFFFFE7A
000011E4
FFFFF8F1
FFFFF01B
FFFFFD8A
FFFFF283
00000D7C
FFFFFEB3
000001E1
FFFFFBB4
00000FB8
00000E4A
00000242
00000503
FFFFFCFD
0000033B
FFFFFB24
FFFFF298
FFFFF668
00000D88
00001822
FFFFFFFD
00000476
00001A73
0000030B
FFFFFE5D
00000F8D
00001C4E
FFFFF326
00000E1F
00001329
FFFFF1CB
FFFFE7A1
FFFFFD4C
00000D72
FFFFFBB1
FFFFFB15
0000082F
0000155C
00000A6F
00001ED3
FFFFFE6A
0000170C
0000017F
00000111
00000DBC
00000174
00000A22
FFFFF2D1
FFFFF797
00000FE9
000008ED
000001E8
00000395
0000054A
FFFFF084
00000932
FFFFEFC5
FFFFFE53
FFFFFDDC
00000F29
FFFFF7E6
00000EA5
FFFFEB6B
FFFFFA65
FFFFF07E
000003B4
000008EA
FFFFEB88
FFFFF0DF
FFFFEC3F
FFFFFEA1
0000040C
00001080
000009A9
FFFFF08C
FFFFF5E7
00000378
0000065E
FFFFFAA5
FFFFFDB9
0000107E
000015CD
FFFFF859
FFFFEF90
FFFFF190
0000071F
000015EC
FFFFFC1A
000003BE
000001D1
00000C8B
FFFFFFA9
00000941
00000813
FFFFF164
000005F4
00001627
00000FA3
FFFFF451
000009CC
FFFFFF1F
0000087E
FFFFFB9B
FFFFF617
00000359
FFFFFF77
000005BF
FFFFEBEE
00000503
FFFFFB78
00000071
00000C75
FFFFEFE0
00000A4E
000007DF
FFFFFB91
FFFFFEC3
FFFFED02
FFFFFF05
FFFFEAD5
000004B8
FFFFF9B8
FFFFEB65
0000016F
FFFFF00A
FFFFED18
00000738
FFFFF01B
FFFFF588
00000C31
FFFFF406
000013D4
FFFFF813
FFFFEDE5
00000984
FFFFF0B5
FFFFFDCA
00000A22
FFFFFF6C
FFFFF310
FFFFF2B5
00000502
0000101C
00000682
000016D6
FFFFF93A
00000A45
FFFFF889
00000A06
00000278
000004E6
FFFFFB9E
FFFFF7DC
FFFFE895
00000696
FFFFFE81
00000532
FFFFE9A7
FFFFF122
000006A7
FFFFEAEB
FFFFEE7F
00000E40
FFFFF18C
00000E1A
000009F3
00000AAB
FFFFF65C
00000C2D
FFFFEF08
000003CF
FFFFEDF4
000005DC
00001045
FFFFEFB0
FFFFE7AC
000005DA
000009B5
FFFFFAEF
000013E1
00001279
000010AB
00001D0A
00001399
0000186D
0000188D
000001F8
000024B2
00000385
000005D4
FFFFFEEB
00000832
FFFFF2BA
FFFFFC9C
00000575
00000907
FFFFFFC5
FFFFF7C2
FFFFFC63
FFFFF523
00000491
FFFFEC9D
000007C4
00000B06
00000BDA
FFFFFFCC
00000F52
00000B35
00000F9D
0000044B
00000486
FFFFF801
00000C6F
FFFFF78D
000008D7
00000A2A
0000062D
0000083E
000003F1
FFFFF219
00000AB2
FFFFF53E
00000BBD
FFFFEE81
FFFFFCBA
FFFFEB75
FFFFFC08
00000584
FFFFFE07
FFFFF5E1
FFFFF6E8
FFFFEC69
00000BCB
FFFFFD54
000010CF
FFFFF53F
00000EF8
00001210
FFFFEF83
FFFFFA0C
000006D2
00000EAA
FFFFF163
0000037B
000008F9
FFFFEF43
00001A2A
FFFFFBCC
0000082C
000010CE
00000E4F
000009C5
00000EC4
FFFFF742
00000A6F
00000A3E
FFFFEBB4
FFFFF17A
00000AEF
FFFFE88E
00000BF5
000013C4
FFFFF7A1
FFFFFCEE
00000BC8
FFFFF371
FFFFFBCC
FFFFF5E3
FFFFF0D2
000001EB
00000409
000002E2
FFFFF387
0000021F
FFFFF3E8
FFFFEC80
000004E8
00000462
FFFFEF0B
00000DE1
FFFFEF58
FFFFFA10
00000739
00000C28
FFFFEEA2
FFFFFC64
FFFFE8A9
FFFFEEC5
FFFFFA04
000008A9
00000EA4
000002FC
00000578
FFFFED72
FFFFF605
00000BE3
00000B8D
000001DA
000000AB
00000055
FFFFF32C
FFFFFA45
0000045D
00001297
00000C66
00000878
FFFFF36C
00000B3B
00000AA3
0000107D
00000AEB
0000107D
FFFFFAB8
FFFFF2C6
FFFFF4B2
000007C0
0000050E
FFFFF1F2
FFFFF790
000007FD
00000C79
FFFFFB95
00000B59
FFFFFF02
FFFFEC99
FFFFFAA6
FFFFF273
FFFFED68
FFFFF89D
000001FE
000001C0
FFFFEFB3
00000A35
FFFFF7A9
000005E2
FFFFFDF9
FFFFF923
FFFFF71D
FFFFFC02
00000068
000000E3
FFFFFAB9
FFFFF8A0
FFFFFF84
FFFFF8D2
FFFFFF64
FFFFFB10
FFFFF58E
0000010E
FFFFF5BB
FFFFF39F
FFFFFF00
FFFFFE44
FFFFF717
00000022
FFFFFF6B
FFFFFCF1
00000EC1
000000B7
000017D3
00000023
0000079E
000003D0
00000A73
00000EB8
00001176
0000003F
00000E64
FFFFF768
FFFFECB3
FFFFEFA8
FFFFFE76
000000E0
FFFFF68D
000006CF
FFFFED13
FFFFEFCF
0000034F
FFFFF174
00000682
000004A5
FFFFFF6A
00000972
0000093E
00000AD0
FFFFF3E9
FFFFF480
00001148
FFFFF866
0000024D
000009B0
FFFFFE02
00000C10
00000A8B
00000FCD
FFFFF7C9
FFFFF8E6
00000028
00000299
000005CD
00000760
00000948
FFFFFBB7
00000B6B
00000985
FFFFFBCF
FFFFEDCB
0000035D
000000AF
FFFFFB5E
00000DB4
00000996
000003F3
FFFFFB39
0000023A
FFFFFE88
FFFFFC0E
000015EE
00000A93
FFFFF48E
FFFFFEDB
FFFFFE5A
0000053C
FFFFF2A7
FFFFFA15
FFFFFF5D
FFFFF700
0000037B
000006AA
00000662
FFFFFE12
FFFFF096
000006A2
FFFFF77F
00000567
00000A15
000012B5
00000828
00000F61
00000DAD
00000C34
0000010A
FFFFE7E2
000006DE
FFFFFB88
00000108
0000066D
FFFFECA5
FFFFFCEE
FFFFF47F
FFFFEF1E
FFFFE9D2
FFFFFCE8
FFFFED61
FFFFFA24
FFFFF956
00000006
FFFFF647
FFFFF421
FFFFFD80
00000341
00000E1C
00000A48
00000407
FFFFFFEE
000000C4
00000C74
000004EF
FFFFFA14
FFFFFAC1
000000A3
0000021B
FFFFF531
00000E29
00000E5F
FFFFFB79
00000D33
FFFFF29F
FFFFFEC0
FFFFF9A8
00000B1E
000000FB
000011BD
000008C6
FFFFFE60
FFFFF9ED
0000012B
FFFFF54D
FFFFFE96
FFFFFAFA
000004FD
00000E9B
FFFFF89C
FFFFFDB6
00000890
FFFFFF71
FFFFFEB1
FFFFFEA3
00001A14
00001446
000009C1
00000A7C
000009B0
0000022A
0000043A
FFFFFDF8
FFFFF23B
FFFFEAA5
00000433
FFFFF001
000000AF
000002D2
FFFFF6C3
0000011D
FFFFFF0A
FFFFF81D
000000D4
FFFFFAAD
00001005
FFFFFFCE
00000B73
0000047A
000005D5
FFFFFBA7
000001E9
000007C0
FFFFFD5E
00000670
0000103F
FFFFF761
000003BF
FFFFFED8
FFFFF3F3
000005FA
00000AC9
FFFFF7A9
FFFFF976
0000085D
00000EB7
00000233
FFFFFD3A
FFFFFCF1
00001226
FFFFF7A6
00001223
FFFFFF21
00001F09
FFFFFCBC
000001C0
00000734
FFFFF8A2
FFFFFC2D
FFFFF133
FFFFECA8
FFFFF710
00000752
000008B3
00000061
0000024F
000001CD
00001073
00000039
00000E2E
00000828
000014E9
FFFFFA19
00000CA0
00000854
00000EB2
FFFFF81E
00001433
00002264
000009E7
00000F95
FFFFFEC9
0000094D
0000085C
000006B5
00000970
00000F28
FFFFF737
00000453
00000EBF
0000069C
00000127
FFFFF000
000001B8
00000CC7
00000634
00000610
FFFFF22D
FFFFFEAF
00000C18
000000B0
0000025D
FFFFF977
FFFFF74E
00000904
00000F92
00000F1D
00000EDD
00000E51
00000193
FFFFF40F
00000078
FFFFF2BD
FFFFFA9B
FFFFE3D7
FFFFFB4D
FFFFFC79
FFFFEF31
FFFFF48F
00000AE4
00001492
00000FA7
00000F0E
000006F4
FFFFFBEB
00001886
000005FD
000013CA
FFFFFD25
FFFFFCC1
FFFFFF83
FFFFF46C
00000353
FFFFF208
FFFFF62A
000004D5
0000025C
00000679
000005CB
FFFFFC2A
00001028
0000044E
00000BFF
00000BDA
0000095B
00000E28
FFFFFAAF
FFFFFFBF
FFFFF72E
00000AF5
FFFFF0A1
0000081C
FFFFFA7A
FFFFFE5D
FFFFEBA7
0000041A
00000923
00000C27
0000082E
FFFFF9D6
FFFFFB1F
FFFFF1FE
FFFFF1F3
000000AC
0000070E
0000148C
00000D09
0000093A
000015E2
FFFFFB0D
000005A7
00000F0E
000003AC
00000450
FFFFF325
FFFFF844
00000679
FFFFFC6B
FFFFF4EA
FFFFFC89
FFFFFC1C
00000A64
FFFFFC3D
00000194
00000DFA
0000126A
0000159B
000001AE
FFFFFFB2
00000B8A
0000097F
FFFFFE03
FFFFED64
00000179
000003F7
00000228
FFFFF78E
FFFFF2CE
FFFFF6E4
0000072A
000009C7
00000CAD
00001428
00000C81
FFFFF740
FFFFFDD0
00000273
00000931
FFFFFFE3
00000CE8
FFFFEF94
000008AB
0000085A
FFFFF7F4
00000414
000002A4
00000539
000000A4
00000276
FFFFFCB5
00000082
FFFFFB60
00000662
000001C7
FFFFF8D5
FFFFF962
FFFFF950
00000AB9
FFFFF353
00000AA5
00000342
FFFFF963
0000052F
0000181D
FFFFFC73
FFFFF8D0
FFFFF7F9
00000C2A
00000968
0000032B
000007F7
000009E7
000000C8
FFFFF629
000009DF
00000A28
FFFFFAB0
FFFFF7DA
FFFFF6C3
FFFFF6F1
00000253
0000008F
FFFFF71E
000006B6
0000086B
FFFFEC7A
FFFFFFBE
FFFFFF67
FFFFEEA6
00000BF7
FFFFFDE1
00000CEC
0000041E
0000172B
0000167E
00000343
00000285
00001128
000006F9
FFFFFCC6
0000021A
00000EF3
FFFFF66A
FFFFFA0D
00000309
FFFFF6A1
00000123
0000019F
0000064B
FFFFFB5C
FFFFFAFD
FFFFF5DE
0000041E
FFFFF9A7
FFFFF68E
FFFFFD9C
000008DB
00000742
FFFFFCB6
00000DCD
00000575
000002D5
FFFFF7D3
000004C3
000000E8
FFFFF9CB
FFFFFA2E
FFFFF95D
00000FE6
FFFFFA0D
FFFFF6D3
FFFFFE2B
00000906
00000A8D
00000EEB
FFFFFE0D
000008E7
FFFFF9F3
FFFFFF8D
00000F68
FFFFF9FD
000002C5
FFFFFDC2
FFFFF6AE
FFFFFB27
00000530
FFFFFB3B
000006AD
00000CCD
00000B90
FFFFF2DD
0000100F
00001281
00001295
FFFFFC46
00000F0E
FFFFFBF7
00000A62
FFFFFCE1
000005A7
FFFFF02B
000004DA
00000720
000004D7
000008F0
0000060F
FFFFF9BF
000006BF
000001D6
FFFFFC72
00000586
0000095E
000004D9
00000A4F
00000096
FFFFF129
00000BB7
FFFFFCF9
00000032
FFFFF6D8
000012A9
0000056E
00000CAD
FFFFF4F7
FFFFFF82
FFFFF8D9
00000073
0000000F
FFFFF865
000004E3
0000064A
FFFFF357
FFFFF2AE
FFFFF033
000008A3
FFFFF9F9
FFFFFFAE
FFFFF61A
000009F6
00000B0E
FFFFF1CE
FFFFF0E1
00000AF8
FFFFFE69
FFFFFBE0
000006C7
00000887
000004C4
00000712
FFFFF355
FFFFFC9D
00000364
0000036A
FFFFFD3C
FFFFF8A6
00000AA3
000008E5
00000B75
FFFFECBC
FFFFF622
00000C38
00000928
00000500
FFFFF5EF
FFFFFF73
00000D1D
00000621
FFFFFA6A
00000133
00000453
00000F2B
0000068B
00000D8A
00000ABB
00000A4E
FFFFFC9D
00000D4F
FFFFFBA7
FFFFF7B7
FFFFE69E
FFFFF5E0
000001BA
FFFFF9B5
FFFFF171
00000340
FFFFF103
FFFFFF31
FFFFFABB
FFFFF74B
FFFFFDD5
00000060
000007FE
FFFFF60F
FFFFF252
FFFFF54B
000008FB
FFFFF8C7
FFFFEF8D
FFFFED12
FFFFF2F1
FFFFFD86
000002D9
FFFFEE0D
FFFFFF89
FFFFF924
FFFFEFC8
00000371
00000C97
000002CE
FFFFF9B6
FFFFFD09
00000B80
0000000B
FFFFF3C5
FFFFE82A
FFFFFD11
000003DA
FFFFEC64
00000B22
FFFFE8A7
FFFFF29B
FFFFEA6A
00000325
000011F9
000007E2
0000010A
00000A9E
000017C7
FFFFFDEA
FFFFFE54
FFFFF5F3
00000063
FFFFF3A6
FFFFF817
FFFFFC61
FFFFFC18
FFFFEA88
0000033E
FFFFEDA6
000005B9
FFFFF75A
000008CF
FFFFF0D2
FFFFFD34
FFFFFB34
00001167
FFFFF65D
FFFFFFF6
0000022E
00000299
FFFFF899
00000F5A
0000134A
000001AC
000004EA
00000592
00000541
FFFFFE2C
00000C81
FFFFF8B8
000007D5
FFFFEF48
FFFFEF8D
FFFFEC36
FFFFFC6A
00001958
00000B87
00000B7E
000009A8
0000015B
0000019E
FFFFFD94
FFFFF3EC
00000C30
FFFFFB3A
00001005
00000410
0000032F
FFFFF723
FFFFFA49
000001E1
FFFFFE5E
000004E5
0000043B
000010E4
000003A3
00000A61
FFFFF89B
FFFFFC43
000000B0
FFFFFB40
0000075A
FFFFFEEF
FFFFFE7D
00000196
00000419
FFFFFC5E
FFFFF25E
FFFFFEB8
FFFFE69D
FFFFEE72
FFFFFC5D
FFFFF332
000000E2
0000002F
00000480
FFFFED5C
FFFFF47A
FFFFF1E7
FFFFFA46
00000918
000010A3
FFFFF0BA
000006AA
FFFFF37D
000002F0
FFFFF379
000007B1
FFFFFAE0
FFFFF7F1
000006BC
00000819
0000000D
00001374
FFFFF949
000009B3
000002DA
FFFFFCD9
00000690
FFFFF7BC
000006DD
FFFFFA99
FFFFF84D
00000D40
FFFFF7FF
00000981
000007FA
000000D8
FFFFF7B7
000004E9
FFFFF64A
FFFFFCCF
0000039D
FFFFFEF4
00000C41
FFFFFF39
00000904
000008B1
FFFFF41F
0000070C
FFFFF8B8
00000FAD
00000CE6
FFFFEF9F
00000838
00000C15
00000677
FFFFF860
FFFFEC7C
FFFFF19A
FFFFF220
FFFFF736
FFFFF3F8
FFFFF34E
FFFFF792
FFFFF08D
FFFFF0D2
FFFFF9E8
FFFFEEB4
0000068C
FFFFFF85
00000D67
000000DF
FFFFF908
FFFFF8FA
00000C4B
0000055E
000012AF
0000083C
00001372
FFFFF6C7
00000A27
00000AAB
00000B0B
00001043
0000027E
00000696
000000FD
00000F3A
00000E4D
00000035
00000358
00000B95
FFFFF7E0
FFFFFEA3
000002EE
000003C7
00000CEC
FFFFEF19
FFFFF198
FFFFF3E1
FFFFF983
0000052C
FFFFF270
FFFFF7E5
0000000A
00000111
FFFFF67D
00000B25
FFFFFE65
FFFFE6D4
0000077B
00000BDB
00000FCC
000000C0
0000064A
000008BF
FFFFF6D1
FFFFFC9A
FFFFF691
FFFFEEC1
0000071F
FFFFF5AE
FFFFF91C
00000252
00000771
FFFFFDE3
FFFFF3EF
FFFFF847
FFFFF27E
000000BE
FFFFF7C9
00000038
00000339
00000031
00000DB5
00000CE4
FFFFF6AA
00000EB2
00000EAC
00000B63
FFFFF983
0000035E
FFFFFC64
00000BEF
00000131
00000F9F
00000214
000002AB
0000054E
000007E9
FFFFFD92
FFFFFB03
FFFFF741
FFFFF95B
000004B3
FFFFF632
FFFFEF72
00000501
FFFFF8C3
000007E5
00000EBA
FFFFEAB1
FFFFF03C
FFFFF491
FFFFFDDA
000004DE
00000CC5
00000ABE
000005EB
FFFFF609
FFFFFE94
00001402
00000AE9
FFFFF29C
FFFFF892
0000002A
000002B1
FFFFFF20
000003BB
FFFFFA40
FFFFE901
000009E9
FFFFFA22
FFFFEEE5
00000498
0000137C
00000667
00000C13
FFFFFB2D
FFFFEDA6
00000410
FFFFF206
FFFFF774
FFFFFF5F
00000585
000003CE
00000C2C
FFFFFEB4
FFFFFDAC
FFFFF4B3
00000F0D
FFFFFEFF
000006AE
00000C3B
FFFFFF08
00000D1C
000000D9
FFFFFF81
00000C6B
00001291
FFFFF6C3
FFFFF6FB
00000EDE
FFFFFC7F
FFFFF5DF
000013A1
FFFFF3D5
FFFFFDC2
FFFFF963
FFFFF656
FFFFF7F2
FFFFF6E3
FFFFF3B2
00000CD1
FFFFF44C
FFFFFC84
000009E3
00000D8D
000005EB
00000D85
FFFFF921
FFFFF72E
00000E81
00000F0D
00000D16
0000038C
00000671
FFFFF476
00001019
FFFFF340
000004C8
0000000E
00000DF0
FFFFF88E
00000CC4
FFFFF3B3
00000DA7
FFFFFAB0
00000F21
00001034
00000CB1
000009A5
000007D6
FFFFF5E6
FFFFF899
000001C5
FFFFF7D1
00000368
0000072A
00001473
000009D4
000010A5
0000025F
FFFFEED6
FFFFFDF8
FFFFFE2B
000013C0
00000C32
0000046A
FFFFF98B
FFFFF9FD
FFFFF7BA
000007A7
000011F4
00000A42
FFFFF8E9
FFFFFE9F
00000E2D
FFFFFDCF
FFFFFF5D
0000095F
0000036F
FFFFFA03
FFFFFA61
0000040C
FFFFF9AF
FFFFF795
FFFFFC10
000007A5
000001E9
00000B2E
00000360
FFFFFAFE
00000456
FFFFF4EB
00000D7B
FFFFF47A
000008DD
0000047B
00000546
FFFFFA9E
000005BE
FFFFFFE6
FFFFF7A8
FFFFF9FD
000002A6
FFFFFADE
FFFFEE16
0000076E
00000328
000004B8
0000097A
00000D37
00000295
00000719
FFFFF3AB
0000075B
00000E4D
00000756
00000A3F
00000F1D
00000AC4
00001413
00000F62
FFFFFC86
0000034E
FFFFF410
00000C7E
000004D8
FFFFF83E
FFFFFCA7
00000A01
FFFFFAFE
00000CA4
0000049B
FFFFF272
0000040E
00000660
00000E5B
FFFFFDED
000003B5
000009D1
0000078E
FFFFFFC4
000001B4
FFFFF468
FFFFF693
FFFFF96D
FFFFF65F
00000BEA
00000366
FFFFFC38
FFFFFBD2
0000063B
FFFFF70C
FFFFFEB8
FFFFFA46
000010B4
000009D1
FFFFF52C
FFFFEAB9
FFFFFA62
00000CFF
FFFFFEEF
00000484
00000B43
00000571
00000EB7
00000131
FFFFF8D1
FFFFFEB3
FFFFFB19
FFFFF019
000006E8
FFFFF51E
FFFFF984
FFFFEB32
FFFFEC7D
0000081F
FFFFF02A
00001040
FFFFF4FA
0000005D
FFFFF379
FFFFFEDE
00000AF9
00001499
FFFFF2A4
FFFFF9BD
FFFFFB69
FFFFF074
FFFFF67A
000001C6
FFFFFF84
FFFFF111
0000047A
0000093E
000002BC
0000068E
0000000B
000001DF
000004A7
00000A7D
FFFFF13C
FFFFF27C
FFFFF69B
00000599
FFFFF35A
000006C9
00000411
00001433
FFFFF542
FFFFFB43
000009D3
0000000B
000009AA
FFFFEECE
FFFFF919
000003B3
FFFFFE9D
FFFFFEE6
00000F38
FFFFF6B0
FFFFF324
FFFFF874
FFFFFB04
FFFFF2AD
FFFFFC09
00000B62
FFFFFFBA
FFFFF34F
00000084
00000093
FFFFFFD0
FFFFFB67
00001003
FFFFFC60
00000032
000009D1
00000289
FFFFFEA9
FFFFF342
FFFFF2A5
FFFFF0E7
FFFFEE28
FFFFFB43
FFFFF6FC
FFFFFD94
000001B8
FFFFEEA5
FFFFF6ED
FFFFFBC1
FFFFF77F
FFFFE563
000009C2
000005FF
FFFFED09
00000122
FFFFFDCB
FFFFF2B7
00000171
00000DC3
000007F5
FFFFF81F
0000065C
00000523
0000074C
FFFFF2ED
00000410
FFFFF593
FFFFF617
00000C8B
000008E3
00000087
FFFFF35B
00000D3E
00000C83
00000B32
000000EB
00000253
FFFFF8B1
FFFFFAE3
FFFFF39E
FFFFF943
FFFFF83C
FFFFFB1F
000001B5
FFFFF5CE
FFFFFEA4
FFFFF1F4
FFFFFD34
00000AF1
FFFFFD31
FFFFF1BB
00000049
000007FB
FFFFF9FC
FFFFF431
00000C34
0000094D
FFFFF946
00000AE5
FFFFFB61
000004A9
FFFFFC1B
00000BA4
FFFFF9D9
00000A0F
FFFFF139
0000022E
00000D26
0000027B
000002C3
00000C6F
FFFFFD9D
0000043B
000006EE
FFFFFCC6
FFFFF5B8
FFFFFEED
00000DC5
000002B3
00000198
FFFFF7E1
FFFFFAB0
FFFFEAAB
000001B9
FFFFF65C
0000000A
00000257
FFFFFAA4
00000373
FFFFFFFE
FFFFF3A6
FFFFEEFD
000006F5
FFFFF626
000005F7
00000CF0
FFFFF6AC
00000454
000009B7
FFFFFAF3
FFFFFEC5
FFFFEF4C
FFFFF563
00000040
FFFFFEDF
FFFFF13F
0000070C
FFFFF11D
FFFFF57D
FFFFF3C3
00000303
FFFFFE27
000000DD
FFFFF9EA
000007F1
FFFFF660
00000C09
000000F9
FFFFF267
FFFFFB0C
0000007D
FFFFFC76
FFFFF773
0000005F
FFFFFB36
FFFFF3A0
FFFFF83D
FFFFFD6A
00000891
000006D8
FFFFFD48
00000B79
00001076
FFFFF69E
000014E1
FFFFF071
FFFFF63E
000001A0
FFFFEFAD
FFFFF03F
FFFFF62D
FFFFF1E9
0000021F
00000B47
FFFFFB10
000009E9
00000D98
000004A0
FFFFFAFF
FFFFFFC5
00000B4C
00000898
FFFFF467
00000D33
000000C9
00000C4E
00000A8F
000000CD
FFFFFACA
00000216
FFFFFFA4
00000ADE
0000098A
000006DB
0000048F
FFFFFAAF
FFFFF799
FFFFFCC0
FFFFF7E2
0000036D
FFFFF338
FFFFFD43
00000385
00000117
FFFFF9CE
FFFFF710
FFFFF940
FFFFF187
FFFFF556
00000571
00000983
00000E52
000006AE
FFFFF46C
FFFFF781
00000249
00000F57
000013DE
0000056D
000008EC
00000236
00000825
000005D4
FFFFF537
0000099F
000009D6
FFFFF9CD
00000916
FFFFEE6F
FFFFF1DB
000003AF
FFFFFD78
FFFFEF1A
FFFFF9EF
000003B9
FFFFF264
000002AD
FFFFEBB7
FFFFF135
000002DF
000000D3
000003F2
00000504
FFFFFEC7
00000197
FFFFF1FC
000004A2
FFFFF4E4
0000037F
000002F4
FFFFF43A
FFFFF58A
000003D8
0000062D
FFFFFCB5
FFFFEAC3
0000014A
00000478
FFFFF24E
FFFFFF93
000001F5
000000F9
FFFFEBE2
000001F3
FFFFF480
FFFFF774
FFFFF602
0000089C
00000D50
00000918
FFFFEFC2
FFFFF613
00000496
00000240
000009D0
000003B9
FFFFFC16
000005F0
FFFFF4F3
00000625
00000B3B
00000255
FFFFEB8B
FFFFFC66
FFFFEBC8
FFFFEF13
FFFFED1C
FFFFFE48
FFFFE719
FFFFED24
FFFFF1FA
0000101C
000001D6
00000015
FFFFFD81
00000AE2
FFFFF92C
FFFFFEC7
00000CFC
00000955
FFFFF2C7
000005C6
FFFFFAD4
0000006C
FFFFF2A5
00000005
FFFFF78D
000005AB
FFFFFC6A
FFFFFF68
00000F1A
FFFFE93A
FFFFF838
00000A45
FFFFFBF9
0000040E
00000D0E
0000032F
000010BE
FFFFF708
00000FC1
000009C5
FFFFFAD1
FFFFFCB7
000005BF
00001376
FFFFFE06
00000888
FFFFFC4C
000000ED
0000031C
FFFFEF3F
FFFFF8EA
00000A0C
FFFFF89D
00000D99
FFFFF1D5
00000341
FFFFF4D7
FFFFEEB0
00000676
FFFFECFD
FFFFEAAF
00000889
FFFFF8D4
FFFFFB22
0000030C
FFFFF398
FFFFF48D
FFFFFC2B
0000027F
FFFFF3EE
00000B12
FFFFFA2C
000006BC
FFFFF084
FFFFF687
FFFFF822
00000B70
0000061A
00000402
FFFFF121
0000019D
00000F43
0000041B
00000E27
FFFFF353
00000225
000005AC
0000095D
FFFFFEF1
FFFFFB6A
FFFFFE57
00000E1F
FFFFE41A
FFFFEA52
000009F9
FFFFF0BA
00000125
0000082F
FFFFE7B5
00000443
00000878
0000022F
00000506
FFFFF661
00000138
FFFFF5ED
FFFFF20D
00000940
00000800
FFFFF83E
FFFFF687
FFFFF37E
0000050C
FFFFFC67
FFFFF7D5
FFFFF8DD
FFFFF5F5
000000DB
FFFFF8F6
FFFFF7AE
000005C8
000008C5
FFFFF746
FFFFFBDC
FFFFFDA3
00000BA5
FFFFF21B
000008CA
FFFFF6EF
0000095C
FFFFF555
00000210
000005FA
FFFFF57D
FFFFF4DB
00000464
FFFFFC3F
FFFFF27E
FFFFEF3B
FFFFF6F5
FFFFF711
FFFFF650
FFFFF1BE
FFFFFBBD
00000B67
FFFFE711
FFFFFC94
000006F5
FFFFFD6B
00000458
0000087F
FFFFF0ED
FFFFF87A
FFFFF435
00000A27
FFFFFFC5
000003C4
00000A8B
FFFFEDDE
FFFFFF64
FFFFFC82
FFFFF5D4
FFFFF4F0
000000E4
00000071
00000444
000002EC
FFFFF807
00000F2F
FFFFF589
00000726
FFFFFC85
00000943
FFFFF60D
FFFFFACB
00000847
FFFFF7B4
FFFFFFE8
0000071D
FFFFF3AC
00000F79
00000B0B
0000010D
FFFFF694
00000E05
0000018F
00000D20
FFFFFFF2
FFFFFEA9
FFFFF54B
FFFFFF01
000008BE
FFFFFF4D
FFFFFFE4
FFFFF91B
0000076E
0000020A
FFFFF844
FFFFF841
0000038E
FFFFF7A0
FFFFFE76
0000084C
000001DF
FFFFEC1F
FFFFFBBA
FFFFF0D1
00000535
FFFFF3B1
FFFFF960
00000065
00000951
000005EF
0000030A
FFFFF58F
FFFFF784
00000518
FFFFFA5E
00000564
00000007
FFFFF2D1
000002E0
FFFFF6CD
FFFFF1B2
0000086C
FFFFF6E3
00000BAC
FFFFFE47
00000375
0000043E
FFFFFBD6
000000DD
00000A05
FFFFF9AA
0000025E
FFFFFDAE
000007EA
FFFFFE4C
FFFFF6FF
FFFFF3B7
00000BC1
000000C9
00000B59
0000030B
FFFFFF21
FFFFFC6C
FFFFF82A
000000D5
00000013
FFFFF7B9
000002E2
FFFFFF21
FFFFFAE4
FFFFFB4F
FFFFFC3B
000008B6
00000051
000003BF
000003BB
00000BB7
0000050E
FFFFFAE7
00000541
FFFFFF06
0000051F
FFFFF8B2
00000CA8
00000043
00000866
000009E0
FFFFFF09
0000024F
FFFFF6FA
FFFFFF7E
00000D8E
FFFFF951
FFFFF9B6
00000DBA
FFFFFBCB
FFFFF827
FFFFF851
FFFFF47D
0000071A
FFFFF389
00000432
FFFFF21F
00000B15
FFFFFE46
0000075E
FFFFFAB2
00000245
000009D0
00000334
FFFFF431
00000A7C
FFFFFD5B
000009FD
FFFFF423
FFFFF168
0000086D
00000443
00000580
00000D6A
FFFFFF2D
FFFFEDF9
FFFFF3AB
FFFFF7F1
00000858
FFFFFCB1
FFFFF648
00000C45
0000081E
FFFFF9E2
0000118D
FFFFF197
FFFFEC0B
000003FF
000005A4
000002E8
FFFFF46F
FFFFF721
0000012F
00000D3F
0000015C
FFFFFB54
0000051D
00000ACA
00000108
FFFFF94D
FFFFFDFF
FFFFF31F
FFFFF1F4
FFFFFA0B
FFFFF740
00000683
FFFFF558
00000A81
FFFFF7B1
00000348
0000055E
FFFFF5A5
FFFFF4BC
000013CE
FFFFFA6C
FFFFF947
00000B88
FFFFFE7C
000002B2
FFFFF5D3
00000E2B
000015AD
00000894
FFFFFDCC
FFFFEFCB
0000060E
FFFFF313
FFFFF24B
FFFFFE98
00000DBC
00000512
0000001F
000000A1
000006F7
FFFFFE36
FFFFFBC6
000000FB
00000A67
FFFFFC0D
0000072D
0000034B
FFFFF628
00000384
FFFFF6C5
FFFFF9BE
00000898
FFFFF49C
FFFFF41A
0000057F
FFFFF9FC
00000B4E
0000098F
FFFFF2F6
00001011
00000CD5
0000049A
FFFFF89A
00000BC6
0000076C
FFFFFE10
000008BC
00000089
0000154F
00000796
FFFFF9EE
00000256
0000124A
0000029B
FFFFF550
FFFFEF88
FFFFF7F5
00000090
000000D6
FFFFE8F1
FFFFFCA0
FFFFF340
FFFFFC03
FFFFF4A6
FFFFF879
FFFFFCDE
000003AB
0000041B
FFFFFED2
FFFFF652
FFFFF220
FFFFFC62
FFFFFB0F
00000190
0000015E
FFFFF3D4
FFFFF136
FFFFF95B
FFFFF14D
FFFFF505
FFFFF8AD
FFFFFC13
FFFFF54D
00000147
FFFFEF33
FFFFF4B0
FFFFFB2C
FFFFF7AE
00000386
FFFFF57A
000003FB
FFFFFA66
FFFFE6CE
FFFFFE4E
FFFFF0C9
FFFFEE10
FFFFFC26
FFFFF3FE
FFFFFDED
000007D8
0000050F
00000343
FFFFF904
FFFFFDC7
FFFFF9D6
00000E49
0000019F
FFFFFD3A
000008D6
FFFFF179
FFFFF84D
FFFFF63E
FFFFF8BB
FFFFF3FD
FFFFFD7B
FFFFF17A
00000B9B
000002C7
FFFFEE64
0000066C
FFFFFBA4
FFFFEF3F
000006E8
FFFFF133
FFFFFC88
FFFFF6F1
000004B7
FFFFF8E5
FFFFF98E
FFFFFFB8
00000457
FFFFF2F3
FFFFF2F7
000006EE
000005B0
00000459
000006CD
000001E1
FFFFEE04
000005E5
00000299
FFFFEC37
FFFFECE2
00000869
00001286
00000DD1
FFFFF925
FFFFFD61
000013E1
FFFFED8B
00000CF4
00000FFE
000009A3
00001206
00000868
00000166
FFFFF5CF
000001DA
FFFFF14B
FFFFFEF2
FFFFFED9
00000743
FFFFFEDB
00000BCE
FFFFF40F
FFFFFF8D
000005E3
00000A19
FFFFF874
FFFFFBDC
FFFFFA92
FFFFF90C
0000092D
0000074D
FFFFF1B7
00000A51
00000D79
FFFFFA57
000016C7
FFFFF4F5
FFFFF298
FFFFF3B0
00000A74
00000F1B
000000F4
FFFFF2B1
FFFFF8FE
FFFFFB99
FFFFF549
FFFFFBAF
00000E21
FFFFF396
FFFFF752
00000D6E
00000286
0000012D
0000032C
FFFFF67C
0000058B
000007D0
FFFFF0AE
00000904
0000114D
00000CFA
FFFFF2DA
000011D5
FFFFFA9D
00000532
00000FDE
00000B8D
FFFFEFF0
FFFFFEA5
0000130C
00000E33
FFFFECFA
FFFFF87F
FFFFF78D
000011C6
FFFFF4D5
FFFFF6A1
0000161D
FFFFFFF2
FFFFFA3B
000005CF
FFFFF7F1
FFFFF3B3
FFFFFF0E
FFFFF10A
FFFFFE79
FFFFF12D
00000C5F
000004CF
00000AA9
FFFFEF2F
FFFFF3F3
FFFFFDC6
FFFFF28F
FFFFFB9A
000007B2
000006CA
0000032E
00000903
000004F2
00000150
0000042A
0000110A
000003C0
000011AF
000007F6
FFFFF488
00000627
FFFFF67C
00000A8B
000008AC
000009B6
FFFFFF0D
FFFFF3E9
FFFFF8A0
000000F3
FFFFFB01
FFFFE821
00000589
FFFFFFFB
FFFFF3A7
FFFFE487
000004E2
FFFFF986
FFFFFDCD
FFFFFD2A
000009DA
FFFFFB19
00000F00
FFFFFB6D
00001068
FFFFF4E5
00000885
00000939
000008D0
000003A5
000007BB
FFFFFDD8
FFFFF366
FFFFF038
0000021D
0000082F
FFFFEEFE
FFFFF2D6
000007BF
FFFFEF09
FFFFFF62
00000176
00000471
00000769
0000128F
FFFFFA9E
000010FF
00000063
0000123A
00000459
0000040C
000000E7
FFFFF83F
00000407
0000024D
00000DF8
0000112D
00001352
00000876
FFFFF70D
FFFFFE34
FFFFFC25
000005BB
00000960
FFFFFC92
000002CF
00000647
0000149F
FFFFF7F3
000003FA
00000942
0000125E
FFFFFBD8
00000447
FFFFFF94
000002A3
000007E3
00000F18
FFFFFC20
FFFFF2B5
FFFFF8F5
FFFFF3BB
FFFFF414
FFFFF961
FFFFF6C9
0000074C
00000EE0
00000067
FFFFFC35
FFFFF101
00000388
FFFFF9A5
FFFFFF59
FFFFFC86
000013F3
FFFFF05F
FFFFF9DF
00000C3B
FFFFF67D
FFFFFB35
0000019C
FFFFEEE8
FFFFEA8F
FFFFE964
FFFFFA03
FFFFEAA0
FFFFEF21
FFFFFF51
FFFFEAA4
FFFFE716
000007C8
0000032D
FFFFFF56
FFFFFCF3
000001EE
0000125F
00000DED
0000101A
0000078A
00001049
0000071D
00000860
FFFFF65C
00000DC3
000004DC
00000A67
00000455
00000BFE
0000038A
000009CE
0000009A
00000535
FFFFFBED
00000388
000003F8
00000159
FFFFFCD6
0000049E
FFFFFB4A
FFFFED7F
FFFFF1DB
FFFFED6C
00000394
FFFFED5D
FFFFF74F
000004C1
00000440
FFFFF65E
0000086E
FFFFF279
000015FA
FFFFFE08
FFFFFE52
FFFFFB4E
00000E7F
FFFFEF99
FFFFFD03
FFFFEA95
FFFFFCBF
000008E8
FFFFEF57
FFFFF35E
00000477
000003A4
FFFFFCD6
FFFFF4A2
00001155
00001283
FFFFF63C
FFFFFF77
0000093E
FFFFFF23
FFFFFBCC
FFFFF815
FFFFF0FC
00000EB3
00000435
00000A71
FFFFF451
FFFFF539
FFFFFCAA
000001C9
FFFFFA7B
000003B5
00000AFB
FFFFF843
00000F52
0000116F
FFFFFE5E
00000322
FFFFF9B5
00000A53
FFFFFD1E
00000DC8
FFFFEF06
000002B9
FFFFFF02
0000058C
00000454
FFFFF0D9
00000942
000004F5
00001162
00000083
0000029B
FFFFFEB8
0000077F
FFFFEE30
FFFFFBC1
0000027A
000000EC
FFFFFAE0
FFFFFF4A
0000096B
FFFFFCA4
FFFFFAFA
FFFFEC89
FFFFFEE1
FFFFFAD1
0000068B
00001205
000000E5
FFFFFD1C
00000B1C
0000090E
FFFFFE0F
00000ACB
FFFFF7A3
0000079F
00000AC2
FFFFF43D
FFFFEEF6
00000F2B
000003FA
FFFFF368
00000510
00000D0B
0000117D
0000082A
0000041E
000014EF
00000CA7
0000005E
FFFFF9D4
00000BD6
0000002C
FFFFF874
00000445
0000012D
0000080E
0000094E
000000A7
000005B6
000007A7
FFFFFFBC
FFFFF44C
FFFFF95B
FFFFEF31
FFFFF17F
00000B33
FFFFEEDD
FFFFFFDA
FFFFFE42
00000BC4
FFFFF590
00000DC0
00000693
00000C2E
FFFFFF14
00000765
0000035A
00000BF8
FFFFF96D
0000105D
FFFFFC7A
000002B4
00001302
00000007
FFFFF947
000004AB
000001A3
FFFFF293
FFFFEDF6
FFFFEC74
FFFFEA39
000000DE
00000693
FFFFFE78
FFFFF110
FFFFFA57
00000A0F
FFFFF308
FFFFF5FD
FFFFFBDE
00000112
00000512
00000A92
00000236
FFFFF487
FFFFFB26
00000913
00000491
FFFFFB85
FFFFFC8A
FFFFFC32
FFFFFBB1
FFFFFA30
FFFFFB1A
00000843
0000126A
000004B5
FFFFFC67
FFFFF912
FFFFF04C
0000055E
00000909
000009E3
000005A6
FFFFFB0D
FFFFF218
FFFFF13B
0000048F
FFFFF74C
FFFFFF28
0000014D
FFFFFF3E
FFFFFB90
000010CC
FFFFFB2C
00000B5B
FFFFFFBD
00000274
FFFFF8C3
FFFFFA07
FFFFF9F9
FFFFF81F
00000EF4
FFFFF5DB
00000C93
00000A6F
00000EC5
0000065E
FFFFFE73
0000059D
FFFFFCDD
000009C1
FFFFF1F9
FFFFF687
FFFFF990
00000788
FFFFF85A
FFFFEFFA
FFFFFD31
000004E8
00000888
0000044E
000004D6
000010F5
00000EB7
000004D5
FFFFF51C
00000DA0
00000CE8
FFFFFE65
000004BF
000007CE
FFFFFCDC
FFFFF927
FFFFEF47
000005D9
FFFFF793
00000154
FFFFFC89
00000CAA
0000061C
FFFFF9DE
00000271
FFFFF0E3
FFFFF66F
000005C4
000009C8
FFFFF86B
FFFFF394
00000570
000006C8
FFFFF998
00000602
FFFFF28F
FFFFF9FF
FFFFFFC8
0000080C
FFFFF339
FFFFF46B
00000199
FFFFFF34
FFFFF074
00000F0A
0000003B
FFFFF8A6
FFFFFB3C
FFFFED82
00000BBE
FFFFFDC9
0000093E
000003C7
FFFFFFA4
FFFFF99F
FFFFF67E
FFFFF3C7
FFFFF6EA
000001D8
FFFFFC9C
FFFFED61
000004C4
00000BFB
FFFFFD09
00000121
FFFFFDEE
FFFFFEF1
FFFFEF48
FFFFE685
FFFFEA3A
00000067
FFFFF6CD
FFFFFC15
00000046
00000ADF
FFFFF74B
00001200
000009BC
0000120E
0000086E
FFFFF7ED
00000559
00000638
00000A04
FFFFEF3D
00000B7C
FFFFFF6F
00000222
000000F4
FFFFFD83
FFFFFB71
FFFFF8C0
FFFFFFC7
00000517
FFFFFAF3
00000FF4
00000C3D
FFFFF948
FFFFF7DF
FFFFF71D
FFFFFD5A
00000B2F
000008DA
00000752
000010CD
00000486
000007AF
00000A1B
0000032B
0000035D
000005E0
FFFFFDDC
FFFFFB85
0000045D
00000C36
FFFFFD17
0000080D
FFFFF4CC
000006E8
000006D1
FFFFF96E
00000FA1
000005C4
00000A47
000007B7
000013E9
00000BE7
000004AF
000000C8
FFFFF15C
0000070D
FFFFE4E0
FFFFF19A
FFFFFBAF
FFFFF22D
FFFFFDBA
0000039E
00000A33
00000295
FFFFE909
FFFFF947
0000066F
FFFFFEAA
0000088C
00000370
FFFFFBF0
00000032
FFFFF7F2
00001256
000003A7
000000A6
00000B6A
00000044
FFFFF204
FFFFFC8A
FFFFF8C3
FFFFF84A
FFFFF98B
00000015
0000020E
FFFFFF94
FFFFFEAF
0000017E
FFFFEA22
FFFFF2A2
FFFFED1E
FFFFEAAC
FFFFFCA4
FFFFF9F8
FFFFEC6E
FFFFE3CC
FFFFE941
00000088
FFFFF20B
FFFFFEB0
FFFFEDBF
FFFFF68A
00000501
FFFFFD9A
FFFFFF7E
FFFFEBBD
00000297
000005CE
FFFFF2C4
00000F25
FFFFF4E0
0000064A
FFFFE85D
FFFFEAE5
00000150
FFFFF820
FFFFF8D6
FFFFFAB8
00000438
000004D4
FFFFFB80
FFFFF10B
FFFFF25E
FFFFF823
FFFFF653
000004C1
00000CA5
000005CE
FFFFF2A3
FFFFFBAB
FFFFF2EC
000000EB
00000DF6
0000054C
FFFFF636
000000F4
000005D2
FFFFFCA8
FFFFF8E3
FFFFF54A
FFFFF69E
FFFFF817
FFFFF10E
000009B1
0000034D
FFFFF774
FFFFF729
00000565
FFFFF6D9
00000419
FFFFF64E
FFFFF29A
FFFFF5B0
FFFFF4D1
FFFFF9BD
0000083A
FFFFFBEA
FFFFEB7B
FFFFF479
FFFFEFA4
000002FE
FFFFFBB9
FFFFF568
000006B0
FFFFFE61
FFFFF27D
FFFFFCF0
FFFFF590
FFFFEE33
000004CA
FFFFF45D
000000A0
FFFFF2DC
00000491
0000093A
FFFFF2B0
FFFFFA7C
0000108C
FFFFFEF7
FFFFFEFD
FFFFF721
00000120
0000002F
FFFFFA63
FFFFF905
0000062A
000005CD
FFFFFA93
FFFFFA9F
0000010B
FFFFEA8A
FFFFFA1F
FFFFF8CB
00000A11
FFFFF8AC
00000AA3
00000EE0
00000567
FFFFEFA4
FFFFFF9A
FFFFE8DF
FFFFF000
FFFFFD49
FFFFFC4E
FFFFF052
00000B0D
000009D2
FFFFF759
0000059C
00000BEE
00000B92
000004DF
FFFFFA38
00000B82
000000A6
FFFFF5CE
FFFFFC33
00000CCD
FFFFFB64
FFFFF8F2
FFFFFE27
FFFFF55B
FFFFF1A2
000007CB
FFFFFD55
FFFFFF5D
000008A1
00000F6A
FFFFFB07
00000A68
00001679
FFFFF8D0
0000087F
000005D8
0000103F
0000071F
FFFFFF1B
0000002D
00000ED4
FFFFFEC0
FFFFFE5D
FFFFF64F
FFFFF8A2
FFFFFE2B
FFFFE74A
00000335
FFFFF9C6
FFFFF42E
FFFFED4B
FFFFFF8A
000008E6
00000430
FFFFFF4D
00001267
00000D43
FFFFFEEE
FFFFEF90
000001C9
FFFFF644
FFFFF4D7
000006B4
FFFFFD36
FFFFFEDA
000001AA
000000B2
FFFFFA58
00000809
FFFFEEE5
00000EAF
00000703
00000A9D
000001B2
FFFFF7E1
00000E6F
00000A87
FFFFF478
FFFFFFB8
00000472
00000470
FFFFF1B3
FFFFF2F0
FFFFE732
FFFFF1DA
FFFFF7BC
FFFFE78D
FFFFF9F9
FFFFFAF0
000003E7
FFFFED4B
0000018A
FFFFF632
000000DC
FFFFF029
00000DEA
FFFFFDDC
00000C3A
00001436
FFFFFFE4
0000094C
00000040
00000354
00000000
FFFFF62A
FFFFFC2A
00000388
00000ED7
FFFFF78C
0000078E
00000FC0
FFFFFD62
000010C4
FFFFFF47
00001093
0000037E
000000D1
FFFFF4AD
00000E1F
FFFFF784
000002A8
00000390
000009F9
00000146
FFFFF16F
FFFFFE50
FFFFFD54
00000D46
00000084
FFFFF467
FFFFF1FF
00000A0A
FFFFFE5C
00000A56
FFFFFD55
000004B8
FFFFFDAD
FFFFF93E
00000827
00000912
00000CDE
000004A0
FFFFF0D6
000002D6
FFFFFE84
FFFFFD1E
FFFFFC6D
FFFFF1DD
FFFFF749
FFFFF0F5
FFFFFA31
FFFFFA89
FFFFF68D
FFFFEEB8
FFFFF8D3
FFFFF86B
FFFFF384
000003FB
FFFFEFA2
00000305
000005A0
00000C1E
000006D7
FFFFF176
FFFFFEE9
000005BB
FFFFF5A9
FFFFF796
FFFFFBEB
FFFFFA7A
0000007D
000008ED
FFFFF8D0
00000E80
FFFFFEFF
FFFFF60C
00000D1E
00000538
00000BB1
FFFFFC96
00000136
00000FBC
FFFFF7A2
FFFFF92F
00000831
FFFFFE49
000004BA
000006CF
00000ADA
FFFFFB01
FFFFF62E
FFFFFDE8
FFFFFBBF
00000658
000006EF
FFFFFA07
0000055E
FFFFF1B2
FFFFFC79
FFFFFF58
FFFFE94D
FFFFF63B
00000441
FFFFFB53
FFFFF1C8
00000B52
00000A48
FFFFFF29
0000092D
00001016
FFFFF813
FFFFFE58
0000043E
FFFFFE78
FFFFFE33
00000ED7
FFFFEE05
FFFFF5B2
00000AA0
FFFFFE34
FFFFFC03
00000B00
FFFFF9A3
00000354
00000443
0000001C
000008CE
00000C9F
00000A98
00000DFF
000003A0
0000090E
FFFFF26F
00000762
FFFFF294
000005DD
FFFFF5C8
FFFFEED7
FFFFF22E
0000056D
00000114
00000366
00000017
0000074D
FFFFF431
00000908
FFFFF3FF
000009B3
0000074D
FFFFFBD8
00000573
000000AD
FFFFFBAC
000003E7
FFFFF683
FFFFF45A
00000A9F
FFFFF35F
FFFFF596
FFFFFC99
FFFFFAF5
FFFFF7C2
FFFFFD6C
00000823
FFFFFE6D
000008EC
000008D2
00000B9E
FFFFEF45
0000110D
FFFFFD6E
FFFFF5D8
00000E0F
FFFFEB7B
000007E2
00000BFD
FFFFEE12
FFFFF452
FFFFF654
00000F94
00000030
FFFFEE0A
FFFFF0D2
000004F8
FFFFEE73
FFFFF2CC
00000B26
00000D5B
000014CB
000008BE
FFFFF3CC
00000681
0000071B
000011C8
FFFFEECA
FFFFF4D0
FFFFF08F
FFFFEF22
0000040B
00000E1F
FFFFEC86
FFFFF898
FFFFFB53
FFFFECD6
0000149B
000007AF
FFFFF544
FFFFF556
FFFFFB7C
FFFFFF7C
FFFFF9FC
00000096
FFFFEE31
FFFFE9D8
FFFFFFF5
FFFFFABA
00000616
FFFFF58A
FFFFFFDD
FFFFEE35
00000107
00000E21
FFFFF9A1
FFFFEC87
00000029
FFFFEDFD
00000B26
0000113B
00000363
00000594
00000616
FFFFEBC8
000008AB
00000A03
00000D05
FFFFEEAD
FFFFE7F3
0000052C
FFFFEF16
00000CF3
FFFFFB22
FFFFFE07
FFFFFD49
00000A90
FFFFE67B
000007A4
00000714
FFFFF0C4
0000057F
00000F73
FFFFEAF5
FFFFF813
00000205
00001342
0000087B
FFFFF346
000016B4
FFFFF0D7
00000688
FFFFF15C
00000BBB
FFFFF9A6
00000017
0000097B
FFFFFEEC
FFFFEFA6
FFFFF6A0
000003AB
00000A00
000010D0
FFFFF2E3
FFFFF5A2
FFFFED78
000004E4
FFFFF794
FFFFEF9F
000009AF
FFFFF525
00000DD7
00000523
00000548
00000CEB
00000497
FFFFFD0D
000006D7
FFFFFB99
00001C7C
FFFFEA09
00000A15
00001053
00000DC0
FFFFECD2
00001F80
FFFFEA14
FFFFF2A6
0000120F
00001961
0000020F
FFFFF7CF
FFFFFF6D
FFFFF442
FFFFFC30
0000005B
000010A7
00000626
FFFFF11F
00000BB7
00000D84
FFFFFDAB
00000FA4
FFFFE81D
FFFFF66E
FFFFF5C9
FFFFED49
FFFFFA11
FFFFF735
000004E9
00000A72
FFFFFE8A
00000223
00000424
FFFFF201
000007CC
000006F5
FFFFF0D1
00000CBD
FFFFF133
FFFFEBEC
FFFFF3B4
FFFFF34F
000000AB
00000CA9
00000A9D
FFFFF6D6
00000069
FFFFF91C
00000542
00000E9A
00000D70
00000DB1
FFFFE620
00000210
FFFFFBB5
00000E95
00000207
00001392
FFFFF98A
FFFFFEED
FFFFF264
00000E16
FFFFFDDD
FFFFF202
FFFFF42A
FFFFFFEE
FFFFE0C4
00000379
FFFFE410
FFFFFC23
FFFFFF58
00000173
00000075
00000843
00000E20
FFFFF969
0000004A
FFFFF43A
FFFFF784
FFFFE9FC
FFFFF104
00000E12
FFFFFD87
FFFFF2AF
FFFFEE9B
00000A86
FFFFEA6A
FFFFED14
00000076
00000BFE
00000092
00001754
FFFFFBB0
FFFFF400
000008E6
0000098E
FFFFEAC2
00000396
FFFFF088
FFFFF880
FFFFF416
000013DC
FFFFFAFA
00001054
FFFFF214
0000006F
00000684
00001C3A
00001140
00000BBB
FFFFFA18
00000C1E
FFFFF313
000019E7
00000184
FFFFF441
000008D3
FFFFFACA
00000D15
0000107A
00000377
00000E94
FFFFF4CA
0000000F
00000668
000000CA
00000CCE
FFFFF080
00000A89
FFFFF594
FFFFECDA
00000977
FFFFFBA9
00000093
FFFFFC33
FFFFF455
00000271
FFFFFE01
0000120B
FFFFFB72
00000E3A
000008DD
00000093
0000018F
00000E6D
FFFFF59E
00000296
0000065C
FFFFEFF2
0000064D
00000F97
00000CCD
00001461
FFFFF736
FFFFF2FF
FFFFF5D4
FFFFFDE1
00000AFB
FFFFF6FD
FFFFF720
FFFFF237
00000610
FFFFFD83
0000011C
000018E2
FFFFF9C0
00000712
00000034
00000B96
FFFFF1F2
FFFFF64A
FFFFF98E
000015A6
00000D98
FFFFF066
00001172
FFFFEFD9
000009AD
FFFFF5CE
0000131B
FFFFF0C9
FFFFF136
FFFFF2CF
00001A82
FFFFE0A9
FFFFFC6D
FFFFF3DB
FFFFECE1
00000C33
00000987
00000427
00000A39
000016C9
FFFFF8C5
00000439
0000006E
FFFFF4ED
000009FD
00000BC3
00000D65
00000B19
0000027E
FFFFF896
FFFFFB2C
FFFFF841
00000DD3
FFFFEB60
FFFFEB0C
0000099A
000008AE
FFFFF2D6
00000B73
FFFFFBB8
0000166D
FFFFF103
00000C30
00001670
FFFFF467
00001FD0
00001AAA
FFFFE1B6
00000F6D
FFFFFB8B
00001686
FFFFF525
00000338
00001387
00000181
FFFFF539
0000020E
FFFFF2F5
FFFFEF05
FFFFE6BA
FFFFFBB6
FFFFE60D
000005F1
FFFFF35F
FFFFED75
000007F6
FFFFF980
FFFFFD26
00000202
FFFFF54A
FFFFF8AF
FFFFF697
FFFFFD4A
FFFFF5EB
00001564
00000EAC
FFFFEE4C
00001159
000000CD
00000551
00000A88
000010C6
FFFFF00F
000006CB
FFFFF0DA
00000FFD
0000095A
FFFFF25D
FFFFF9C5
000009D3
00000933
FFFFFEAA
000011F8
000004DF
FFFFF9F1
0000096E
FFFFE616
FFFFF76A
000000AC
FFFFFA89
0000008A
00000411
FFFFE4A6
000007D4
FFFFF5A6
000015B8
000010A4
FFFFFCB7
000006FE
000001A1
FFFFFAAC
00001254
000004D5
FFFFF935
FFFFFBDC
FFFFEDEC
FFFFF697
FFFFF75C
00000160
FFFFF8FA
00000ACF
00001215
FFFFFDF0
00000096
FFFFF5EB
FFFFF557
FFFFFD31
000007E4
0000023D
00001011
FFFFED9C
FFFFF2AA
FFFFFBBC
FFFFF322
00000B9C
FFFFEE20
FFFFEF9D
0000017B
000007C9
FFFFF815
00000389
FFFFF999
000013C3
000000AC
000002B8
FFFFF8AC
000012C5
FFFFFE28
000018C4
FFFFFF20
0000029C
00000C36
FFFFF168
0000144E
00000724
FFFFF64E
000010DC
FFFFFC54
000007CA
FFFFEBC8
FFFFEECB
FFFFF9FF
FFFFFD34
FFFFF718
FFFFEFF1
00000592
FFFFEC81
0000117B
FFFFF049
0000092A
FFFFF919
FFFFFEF1
FFFFF718
FFFFFBE0
FFFFE7EE
FFFFF1BF
00000A71
FFFFF5D1
000015A6
FFFFF8FD
000012E9
FFFFF370
FFFFFBC2
FFFFF9FF
000002AD
00000410
FFFFF96B
000004F4
00001491
FFFFFB0B
00000693
00000434
00000671
00000F27
00000026
FFFFF077
FFFFF485
00000803
00000B30
FFFFFE96
FFFFFB48
00000187
0000062B
000011CD
00000D44
000006E6
FFFFFB46
FFFFF81E
FFFFFD4C
FFFFF128
FFFFFE7A
000006E4
FFFFFEE0
FFFFF1E2
FFFFF6E2
FFFFF909
00000AB7
00000465
FFFFFB70
FFFFF96A
FFFFFFEB
FFFFF89F
00000353
FFFFF629
0000093D
00000D58
0000060F
00000C7E
0000135E
000010F2
FFFFE6BF
000017AA
FFFFF16F
00000CFC
FFFFF43B
FFFFF4DB
FFFFF8C0
FFFFF320
FFFFF7BC
00000184
00000D13
FFFFF6FA
00000249
00000C41
000002FA
FFFFEC63
FFFFFC33
00000F6A
00000774
000003F6
00000794
FFFFF436
00000E6F
000004ED
00000E4E
FFFFEE67
00000BB7
FFFFEC2D
00000BD7
000004A5
00001075
0000049B
00000377
FFFFF2CB
FFFFF509
00000C66
FFFFF979
FFFFF201
00000FB8
00000DB5
FFFFFCE9
00000AEA
00000AF9
FFFFF2B1
00000CA4
00000375
00000B28
00000308
FFFFFB75
FFFFFDF7
00000835
000005DD
FFFFFE3A
00000247
FFFFFA44
FFFFFFB3
FFFFFCDF
FFFFFEFA
FFFFF641
00000487
000004D9
FFFFF7EC
FFFFF567
FFFFF44F
FFFFFB14
FFFFF214
000003FB
FFFFF5BD
00000063
FFFFF89D
FFFFFC16
FFFFFBFB
00000127
FFFFF588
00000489
000004C1
FFFFFFDD
000007C8
FFFFFF65
FFFFF49D
00000D50
00000142
00000939
00000D77
00000000
FFFFFB71
00000410
FFFFF7D8
000003DA
FFFFFF82
FFFFF853
FFFFFE57
FFFFFB37
000001D5
0000030A
FFFFFE1D
FFFFF75C
FFFFFE72
FFFFFCE9
FFFFF79C
FFFFF5C7
FFFFF971
000005E2
00000605
FFFFF68F
FFFFF777
FFFFF531
FFFFF4A6
FFFFFFD1
FFFFF6B9
FFFFF582
00000C10
000000E3
00000060
000000A6
FFFFFFBB
FFFFFB12
FFFFF94C
000004D2
00000414
FFFFFCA6
00000A72
00000772
000003E7
FFFFFD9C
FFFFF785
000003C8
000002C2
FFFFFFFD
FFFFFC1A
FFFFFE37
00000A61
0000005C
FFFFF73F
FFFFFA54
000000AE
FFFFF077
00000613
FFFFEDD1
FFFFF532
000003B2
FFFFFD54
FFFFFC17
00000D05
00000CB5
00000165
0000073D
000008C7
FFFFFF77
00000310
00000FBA
000009AE
FFFFFF13
FFFFFF9F
FFFFFE86
00000A20
FFFFF6E3
00000638
FFFFFAE8
0000006C
FFFFFE06
0000036D
00000FD7
FFFFFAC0
FFFFFC93
00000E35
000009FF
0000020A
000001A8
FFFFFDD2
0000039C
000001B3
00000CE7
000002D1
FFFFFDF4
FFFFF8DF
00000436
FFFFFC4A
00000463
000005E3
00000201
FFFFFE9A
000007BC
FFFFFAEB
000006DE
FFFFFC96
FFFFFDC4
FFFFF4B0
FFFFFE8C
FFFFF538
0000084D
FFFFF9AE
FFFFF41E
FFFFF9FB
FFFFF5CB
000006C1
00000692
FFFFFF61
FFFFFF4B
0000001D
00000A4B
00000847
FFFFF942
FFFFFB42
00000B86
FFFFFFAF
FFFFF909
000000EF
000002A7
000004E0
FFFFF4F3
00000633
FFFFF442
FFFFF5D9
FFFFFE79
00000834
FFFFF87C
000004E6
00000078
FFFFF502
00000597
FFFFF835
FFFFF96F
0000058D
FFFFF2C6
FFFFF437
FFFFF65F
FFFFFB7C
FFFFFA40
FFFFFCC7
0000036E
FFFFF807
00000108
FFFFF920
FFFFF8FE
00000095
0000025C
FFFFF855
00000088
FFFFFD82
FFFFFAA0
000004CE
0000016A
FFFFFD20
000000B6
FFFFFB66
FFFFFA3E
00000497
0000023C
FFFFFB15
FFFFF7A3
FFFFFD5B
00000525
FFFFFF7B
FFFFF997
FFFFF5D8
FFFFFC86
FFFFFEC0
FFFFFC0C
000001D1
FFFFEF48
00000006
FFFFF990
000001FD
FFFFF832
FFFFF8D0
FFFFF4C9
0000009F
FFFFFB4A
FFFFF1E3
FFFFF5AD
0000048C
00000592
FFFFFE0C
FFFFFDCD
FFFFF843
FFFFEE35
FFFFEFD7
0000045A
000001C3
FFFFFD5B
FFFFF9D2
00000A77
00000292
000002F9
000007B6
FFFFF218
00000196
FFFFFBF6
00000777
FFFFFF7F
0000046F
000007F2
000009B5
00000D96
0000023A
FFFFFE9A
000004A5
FFFFF6B0
FFFFF684
FFFFF587
FFFFFE70
0000000A
FFFFF441
FFFFF21F
00000420
000006D0
000002DE
00000844
FFFFFA12
FFFFFA18
0000075C
000006A9
FFFFF992
FFFFECAE
000005AE
FFFFF045
FFFFFA8B
FFFFFA9A
FFFFF2D2
FFFFFC1E
000000D8
FFFFF3E7
FFFFFAE9
00000279
FFFFFC46
00000C50
FFFFFDD5
FFFFFBCF
0000064D
FFFFF5CE
FFFFFD63
FFFFF2FF
FFFFF99F
FFFFFBFC
FFFFF3B5
FFFFFFEB
FFFFFAF7
FFFFF4F7
FFFFF98F
00000149
000008C3
00000879
FFFFFA35
FFFFFEBA
000007EA
FFFFF7FC
000005F0
000001A4
00000A3B
FFFFF535
0000056E
FFFFFAA0
FFFFFF2D
000004F8
FFFFFA7D
FFFFFD7C
0000101A
0000047D
FFFFFBA4
000009E4
FFFFFEB6
00000522
FFFFFB54
FFFFFA3C
FFFFF416
FFFFFC54
FFFFFF20
FFFFFF86
0000024E
0000009B
FFFFF922
000007A0
FFFFF5B4
FFFFFD0F
0000073B
FFFFF9D6
FFFFF846
0000040D
FFFFF4A2
FFFFF885
FFFFFE3D
FFFFFA6A
000005AF
FFFFF7D5
FFFFF9CC
FFFFF817
00000224
FFFFF5AE
FFFFF620
FFFFFFBA
FFFFF6B5
FFFFF41D
FFFFFE53
000002A7
FFFFF813
FFFFFD3E
FFFFF9C5
00000C3E
00000795
FFFFFC47
FFFFF69D
00000167
000007B7
0000038A
FFFFFE08
0000048A
FFFFFCFD
00000430
FFFFF80C
000008DC
FFFFFBFA
FFFFF560
FFFFF56B
FFFFFDAA
0000050E
FFFFF737
FFFFF890
FFFFF1CE
0000039A
FFFFF40A
FFFFFAB6
FFFFFA1E
FFFFFD29
00000214
FFFFF520
FFFFFFF4
FFFFF44A
FFFFF5F2
FFFFF75A
00000609
FFFFFA02
FFFFF923
00000418
FFFFFA17
FFFFF449
FFFFFFA6
FFFFF5F7
000003E7
FFFFFBB4
00000327
FFFFFC2B
000001C9
FFFFF9D7
FFFFF81B
FFFFF45E
000004EC
FFFFEE50
0000074B
00000AAE
00000164
0000033E
00000096
FFFFFA62
FFFFF3B6
FFFFFA22
00000A7C
FFFFFD44
00000178
0000080A
00000277
FFFFF569
FFFFFD12
0000083B
FFFFF422
00000610
FFFFFABB
FFFFFCBB
FFFFFF07
FFFFFBC4
00000794
FFFFFE11
FFFFFE83
FFFFF57A
FFFFF5D8
FFFFFBE3
00000503
FFFFF389
FFFFFBCF
00000529
00000140
000008DA
000004A3
FFFFFA10
FFFFF601
FFFFF840
000000F8
000008EA
000009D8
FFFFFFB6
FFFFF99C
FFFFFF0A
000007B5
FFFFF7B3
FFFFF699
0000021A
00000B36
FFFFFEBA
00000558
FFFFFFE5
FFFFF90B
00000997
FFFFF637
FFFFF930
FFFFF55B
0000017A
FFFFF621
FFFFF686
FFFFF30C
FFFFF6F8
0000022A
FFFFFC9C
FFFFF10B
FFFFF630
00000748
FFFFFB84
000001BD
FFFFF968
FFFFF314
FFFFF4A8
FFFFF81F
00000014
FFFFFBD8
FFFFF6A9
000002E5
00000654
FFFFF51C
FFFFF4AF
FFFFF776
FFFFFE50
FFFFFCCE
00000117
0000002D
FFFFF740
FFFFFC3A
0000090A
00000C09
FFFFF57A
FFFFFAD1
000004BD
00000117
000007B1
000004BC
0000091C
FFFFFF3D
000005B3
000003E7
0000039B
000002C9
00000127
000002B7
00000222
FFFFF452
000007ED
000000F2
FFFFFF58
FFFFF516
FFFFFF46
FFFFFE82
FFFFFA7A
FFFFF067
00000259
FFFFF2D3
FFFFF7A2
000006E1
FFFFFAC6
FFFFF01F
000005FB
FFFFF3A6
FFFFF560
FFFFFF1C
FFFFF6F4
FFFFF523
FFFFF56C
FFFFFC8D
FFFFF43A
00000031
FFFFFB07
FFFFFD00
FFFFF96B
FFFFFBAF
FFFFFCA6
00000A6A
000002D2
FFFFF756
000009B8
00000569
00000421
000004FD
FFFFF9A1
FFFFFD04
0000004A
FFFFF674
000004AC
FFFFFE0B
00000B44
FFFFFE43
000003FA
00000334
FFFFFDDB
0000066D
0000022A
FFFFF636
000001E3
FFFFFCF5
FFFFF6B7
FFFFF7DC
FFFFFDBF
000004B2
000003C1
FFFFFBDF
FFFFFDB7
000004ED
00000B5C
FFFFF28B
FFFFF4E0
000000DE
00000864
FFFFFC8E
00000299
00000746
FFFFFE3C
FFFFF6D3
FFFFFBD0
0000077F
FFFFF7AC
000007D7
00000A83
FFFFF6A9
00000647
FFFFF769
FFFFFD37
0000053E
FFFFF610
FFFFF194
FFFFFD4A
00000169
00000740
000005FF
00000056
000004F6
0000034D
FFFFFE86
00000124
00000326
00000862
FFFFF39D
FFFFF851
FFFFFB14
00000867
FFFFF249
000002E8
0000055A
FFFFF6C0
FFFFF5E4
FFFFFABC
FFFFF38B
FFFFF171
FFFFFDF3
FFFFF78D
FFFFF3BF
00000077
FFFFFF83
FFFFFD7C
FFFFFF78
000007AD
FFFFFA9F
FFFFFB13
FFFFF8CB
000006B2
FFFFF813
00000BC7
FFFFFA1D
FFFFF952
FFFFF4B9
0000094D
0000066C
FFFFED48
00000A9C
FFFFF498
000003A2
FFFFF4F3
FFFFFF4C
00000203
FFFFF103
FFFFF6F7
FFFFFE92
0000055B
00000461
FFFFEBFA
FFFFFE39
000001BA
00000389
FFFFFECB
00000E07
000004C5
FFFFFAEE
FFFFF70D
000008E3
0000039B
FFFFFC62
FFFFF6D9
FFFFF580
00000409
000006E6
00000DCB
000000D4
00000D6D
00000670
FFFFFC1C
FFFFF426
00000791
FFFFFE3A
00000A73
FFFFF989
FFFFF719
000009B5
FFFFFC12
000006D8
FFFFEF6F
FFFFEFFC
FFFFF688
FFFFFB76
000006DD
00000601
0000062F
FFFFEDBB
FFFFFE85
FFFFF3F5
FFFFFB3B
FFFFFA22
FFFFFBCE
00000CC0
00000595
000004D2
00000B4E
FFFFFC63
00000BCF
FFFFF82E
0000000C
FFFFF376
000007CF
FFFFF9CD
FFFFFC2E
FFFFF7FE
0000090C
FFFFF7D5
FFFFFD00
FFFFF94C
FFFFFFAA
FFFFF711
FFFFF260
000004C1
000002C9
FFFFF3A5
FFFFFBC9
FFFFF887
FFFFF961
00000408
FFFFF772
00000246
FFFFFD42
FFFFFFB9
00000005
FFFFF481
000007B2
FFFFF6A8
0000079E
000000C5
0000025D
FFFFFC7B
FFFFF442
000000E5
00000861
FFFFF784
FFFFF46C
000002A7
FFFFFCA5
FFFFF9A4
FFFFF572
FFFFF92C
00000068
FFFFF71A
FFFFFDE8
FFFFFC79
00000336
00000504
FFFFFF13
FFFFF320
FFFFFB71
FFFFFBAB
FFFFFF4E
00000CEE
0000065D
00000364
FFFFFBA4
000008DE
00000322
00000598
000000D8
FFFFF105
0000048B
FFFFF5BE
000006B1
FFFFEB93
FFFFF38E
FFFFF990
FFFFF8E8
FFFFF78D
FFFFF975
00000A34
FFFFFF01
FFFFFFB4
00000C56
00000663
00000009
FFFFF806
FFFFFC89
FFFFFC49
FFFFFAAC
000000D6
0000093A
FFFFF922
000003BE
00000A26
FFFFFF00
00000249
00000B38
000001BE
000008AE
FFFFF82F
FFFFFDA2
000001C0
00000126
FFFFFA6C
0000018D
FFFFF115
0000094F
FFFFF9B7
FFFFFD06
FFFFFFC2
00000BD4
FFFFFEDD
000006F7
FFFFF76A
000001F3
FFFFF571
00000306
FFFFFA82
0000022A
000004DE
FFFFF94B
FFFFF503
00000871
00000830
00000014
FFFFFBC7
FFFFFADF
FFFFFBB5
FFFFFAFC
FFFFF963
00000921
FFFFFCEB
00000201
000006A8
FFFFED5E
0000070F
FFFFFF60
000007CB
FFFFF392
FFFFF694
FFFFF484
FFFFF949
FFFFFD5D
00000655
FFFFF9AA
FFFFF12C
FFFFF72F
00000414
FFFFFECD
FFFFF5F4
0000011C
FFFFFED0
FFFFF964
0000029E
FFFFFACD
00000019
FFFFFF2A
FFFFFA7B
FFFFFF2B
FFFFF7D9
00000E13
000004EF
FFFFFBDD
FFFFF497
00000564
FFFFFD3D
FFFFF96E
FFFFF7E6
FFFFF97D
FFFFFD84
FFFFFF96
FFFFF8D0
FFFFF542
00000203
FFFFFB6F
00000069
FFFFF493
FFFFF221
FFFFF0A7
FFFFF089
000008BB
00000586
0000032B
FFFFF445
FFFFF5FC
FFFFFBFE
FFFFF328
000006C2
FFFFF152
000004AE
00000286
000000DF
FFFFF259
FFFFF17B
FFFFFCBA
FFFFF32F
000009CA
FFFFF2AD
FFFFF7EE
FFFFFDD0
00000EB8
FFFFF972
FFFFFE2F
FFFFF8B4
FFFFFA4A
FFFFF701
FFFFF5FB
FFFFFD41
FFFFF9B5
FFFFF4F0
00000668
00000469
FFFFFD3A
FFFFFE47
FFFFF69A
0000088B
0000050F
00000683
FFFFF56F
00000616
00000627
FFFFF508
FFFFF5DF
00000272
000001A4
000003BC
FFFFFFE1
FFFFFB75
FFFFF92A
FFFFFA5D
FFFFF389
FFFFF2DF
FFFFF60C
000000D2
000000DB
FFFFF7C2
00000B6B
0000085C
00000204
00000669
FFFFFF52
FFFFFAB6
FFFFFED8
FFFFFC3D
0000001C
00000932
0000029E
FFFFFFE1
00000517
00000066
FFFFF818
FFFFF6A4
00000088
0000098E
0000090F
00000604
00000913
FFFFF769
00000650
0000000C
0000055A
00000262
00000E62
FFFFFF81
00000800
FFFFFD92
FFFFF8C1
FFFFFC2D
FFFFF7D0
FFFFFA7A
FFFFFD59
000006A2
FFFFF8F0
FFFFF66E
000006CF
FFFFFBA8
0000086B
0000007F
FFFFF8C0
FFFFF1C0
0000033F
FFFFF69A
FFFFF4BD
FFFFF849
FFFFFB91
000002B6
FFFFF29D
00000BAA
00000975
00000A99
FFFFFA2E
0000044B
FFFFF753
00000299
FFFFF3CC
FFFFF8A1
00000133
FFFFF903
FFFFFCD7
00000770
FFFFF535
FFFFFC02
0000047D
FFFFF43A
FFFFFF9A
00000517
FFFFF5B7
00000886
00000C1A
00000E0A
FFFFF49B
FFFFFCE1
00000861
FFFFFC51
FFFFFAA1
FFFFEEC1
0000009C
00000304
FFFFFC5B
00000300
0000036B
00000296
00000867
00000AD4
00000917
000001F3
FFFFF28F
0000007E
FFFFF5EB
FFFFFDA0
FFFFFBD8
FFFFFE3B
FFFFFAA8
FFFFF4A1
FFFFFFB6
00000547
FFFFFEFD
FFFFF611
00000AC0
0000036B
000003BB
FFFFFFF3
000005D8
FFFFFA96
000000D5
00000F6F
00000A5C
000001A5
FFFFF476
FFFFFA7E
0000076D
00000179
000000A6
FFFFF2D6
FFFFF390
FFFFF44B
000002CB
FFFFF734
FFFFF51F
00000B30
000007A0
FFFFF4E0
FFFFFC2E
00000DD7
FFFFFC90
FFFFFF9C
0000090D
00000030
00000214
FFFFFC92
00000540
FFFFF7D8
FFFFFFDA
FFFFFB69
FFFFF6C9
FFFFFD4E
FFFFFF2E
FFFFFAF6
FFFFFFEC
00000592
00000566
FFFFF6B2
000004B1
FFFFF6C9
FFFFF400
FFFFFDED
00000510
00000296
00000431
000008E9
000002CC
FFFFF70C
FFFFFF38
FFFFE95D
FFFFFBDC
FFFFF63A
FFFFF287
FFFFFCF4
FFFFF1DD
FFFFF595
FFFFF070
FFFFFDF9
0000043B
00001071
000001FE
00000CD7
00000B09
FFFFFAFC
0000094F
000000C8
00000445
000000BC
FFFFFEDF
0000099F
0000024B
FFFFFDF3
00000B1F
FFFFFCDB
00000C8F
FFFFFEA3
0000029C
FFFFF06E
00000737
0000022A
FFFFEE1C
000006DF
FFFFFD94
FFFFFCAD
FFFFF7AF
00000777
FFFFFFD5
00000A35
FFFFFB07
000005B4
000000AB
FFFFFAD4
0000032D
000001A5
00000E1F
FFFFFE07
00000502
00000B6A
000005BE
FFFFF99C
000002F4
0000006A
00000E96
FFFFF34D
FFFFFD54
FFFFF3E3
FFFFFF60
00000337
00000A17
00000467
000005DA
FFFFF69B
FFFFF44B
FFFFFFD8
FFFFFD6B
00000AC7
FFFFF847
FFFFF9EC
FFFFF85D
FFFFFB18
FFFFF460
