0000077B
0000067B
000009B4
00000419
00000137
00000638
000000CF
000001DE
000002F6
000008BD
00000354
00000B89
000000A0
FFFFFF72
FFFFFF69
FFFFFB5A
FFFFFF6E
FFFFFD6E
00000211
000001A8
000002D3
000000C7
00000314
00000023
000000E9
FFFFFD72
00000389
FFFFFD8B
0000086A
0000020C
0000013E
0000042E
00000176
000003AA
FFFFFF7E
0000000E
000000F2
FFFFFF3B
000006A6
FFFFF8FC
0000007B
0000075A
0000051F
0000041A
000002EF
00000881
000002CB
000006F7
FFFFFBEA
FFFFFFF8
FFFFFC8C
000001DA
0000012C
00000474
00000564
00000245
FFFFFF49
FFFFFE61
FFFFFE0D
FFFFF85F
FFFFF9E9
FFFFFCB1
FFFFFB2F
00000482
FFFFFFF4
00000047
0000038B
FFFFFF18
0000001D
00000204
00000221
FFFFFB3F
FFFFFF04
000001D0
FFFFFF31
000002D8
00000191
FFFFFC03
FFFFFC93
00000635
00000062
0000068E
000001FE
0000079C
FFFFFF39
000005B2
00000172
FFFFFE11
FFFFFFC9
000003A3
FFFFFEA9
000000D2
000002F2
FFFFFEEB
000005F8
0000013C
00000437
00000380
000003DC
0000023E
000001D5
000002C9
0000043B
FFFFFE7F
00000073
FFFFFE89
00000110
FFFFFD9E
00000405
00000C4B
FFFFFEB0
0000062B
00000AF4
000004DC
00000748
0000053F
000004F8
FFFFFE77
0000086B
0000096D
FFFFFF7A
FFFFFF19
FFFFFFE0
0000037D
000001C5
00000415
0000023A
FFFFFDD7
000001A9
FFFFFDE3
FFFFFDB8
0000050D
000001FA
0000056A
FFFFFDEB
FFFFF7A8
00000263
FFFFFEE9
FFFFFFBB
00000075
00000119
FFFFFAF1
FFFFFB7F
000000E7
FFFFFCE7
000007E6
000004A3
000003C7
0000045A
FFFFFF54
0000020E
000003D7
00000102
0000050B
0000038A
FFFFFDF8
FFFFF9E0
FFFFFDB2
FFFFFB5F
FFFFF977
00000569
FFFFFA72
FFFFFCE2
FFFFFE29
FFFFFD32
000002E8
FFFFF9D6
FFFFFDD2
FFFFFF03
00000075
FFFFFFFC
000005E8
00000555
00000060
00000304
0000042D
0000033F
FFFFF998
FFFFFE75
000003E8
00000392
FFFFFD87
FFFFFC22
FFFFFB96
FFFFFFFC
FFFFFE65
000003F1
0000031E
00000651
00000171
FFFFFDF4
0000058B
00000469
FFFFFDF6
0000021F
000000AD
FFFFFC28
FFFFFD85
0000055C
000004A0
000004F3
000003E3
00000055
FFFFFF30
00000081
FFFFFCA6
FFFFF93B
000005B0
00000200
00000169
FFFFFF91
0000093D
FFFFFFAC
0000022D
00000110
00000260
00000571
0000053D
000007FC
00000820
00000515
00000593
000001BC
FFFFFDA8
00000239
00000440
00000115
00000179
000001FD
000003EE
000000C5
FFFFFEF3
0000025D
FFFFFB65
0000010A
0000074A
0000057B
0000021D
FFFFFC01
FFFFFB6F
0000005A
FFFFFEB5
00000129
00000180
FFFFFD29
00000146
000000A3
FFFFFCE0
00000022
FFFFFAED
FFFFFC87
000000E1
0000039F
FFFFFED9
00000372
FFFFF85C
00000528
00000033
00000109
FFFFFA3C
FFFFFA90
FFFFFE72
FFFFFF74
000005BE
000000A0
0000044A
0000081B
00000149
0000050C
FFFFFC05
000001E8
FFFFF6F8
FFFFFF82
FFFFFB6C
FFFFF8E9
00000079
FFFFFB2A
FFFFFCB8
FFFFFE9E
00000276
00000595
FFFFFCA3
0000084A
00000249
0000019A
FFFFFF1B
FFFFFEA9
FFFFF72A
00000A46
00000916
0000059A
00000028
0000028E
00000325
FFFFFBEC
00000184
FFFFFEF9
000002F6
00000176
FFFFFFE3
0000067C
0000000A
FFFFFA09
000005FA
0000001F
FFFFFDAD
FFFFFF03
00000B5B
00000322
000008A0
000005CD
000002F8
FFFFFE92
0000074B
00000610
00000339
00000543
000007D2
00000383
FFFFFF05
FFFFFEF9
FFFFFD3B
0000033B
00000202
FFFFFBCD
0000059F
FFFFFBB5
FFFFFAC3
000003EE
FFFFFD5B
00000477
FFFFFE67
FFFFFDBB
0000002B
FFFFFC6B
00000267
FFFFFC0F
FFFFF9E9
FFFFFA37
0000036F
FFFFFCB6
000002F4
0000032F
FFFFF9F8
00000351
FFFFFAA2
00000399
FFFFFE1B
FFFFFEAF
000003FB
FFFFFD1B
FFFFFE35
FFFFFEA1
000000E8
FFFFFACD
000006D4
FFFFFDC3
000003F5
FFFFFEDA
FFFFFCD5
0000012D
0000076C
00000761
000003F1
000004E8
0000071E
FFFFFB93
0000004D
00000257
FFFFFF14
000006F6
00000B7F
FFFFFE77
00000537
0000096E
0000033F
00000607
000007DF
000003EB
0000009F
FFFFFED9
FFFFFECF
000003D7
00000251
000000A0
0000016A
000006F7
00000048
00000268
000001D0
FFFFFA81
FFFFFF34
000002D6
0000008A
0000040E
00000530
FFFFFFB9
000006AA
000005E2
000000E8
000004D0
0000015B
0000034A
FFFFFDBD
00000140
00000106
00000230
000002B6
FFFFF8D9
000002CE
00000086
FFFFFBC3
00000553
FFFFFEE3
FFFFFC93
FFFFFD55
00000555
000005A6
00000412
FFFFFE02
FFFFFD53
000002D6
FFFFFCF1
FFFFFDC2
00000587
000006D3
FFFFFC18
FFFFFE47
FFFFFCD8
FFFFFD09
FFFFFF56
0000009E
0000022B
0000075F
00000403
FFFFFB97
FFFFFF7E
FFFFFAC0
FFFFFE01
FFFFFF7E
000003C7
FFFFFA30
FFFFF8EE
FFFFFDDE
000001A9
FFFFFB73
00000507
FFFFFCEA
000002D7
FFFFFE6D
FFFFFFC3
FFFFFDC5
000002C4
000000B5
FFFFFFE3
FFFFFD99
FFFFFCD5
FFFFFDCE
FFFFFAD5
FFFFFC22
FFFFF91B
FFFFFE9E
FFFFFE64
000002BA
00000585
000000FE
00000036
FFFFFEB3
000001E1
0000012D
0000014D
000000B0
FFFFFEB6
FFFFFAB7
FFFFFA93
FFFFFE3A
000004DA
00000037
00000760
0000038A
FFFFFD1E
00000491
FFFFFC51
FFFFFC7C
0000028D
FFFFFE34
FFFFFDD0
FFFFFCAA
FFFFFD41
00000221
FFFFFCB8
FFFFF9F4
FFFFFACF
0000059A
0000043A
0000070A
000003DC
000003F3
000008B1
00000456
000004BE
000007E1
000008D6
00000656
0000024B
00000066
00000503
00000547
FFFFFE1A
FFFFFE1A
000003FF
FFFFFD19
FFFFFD79
FFFFFE17
FFFFFF41
00000035
00000154
00000841
FFFFFF6E
0000028C
0000062C
00000674
000006A3
00000799
0000023B
000005A0
00000204
00000475
FFFFFA64
FFFFFDA2
0000069D
FFFFFCA0
000000C2
FFFFFBE8
00000431
FFFFF8CC
FFFFFFC0
FFFFFB67
FFFFFB7E
FFFFFFC2
0000019B
000000ED
0000069A
FFFFFE89
000000B3
000001C4
0000010F
FFFFFB5C
00000444
FFFFFAD0
FFFFFB85
000000E3
000007D0
FFFFF9D4
000002A4
FFFFFD07
FFFFFB23
00000603
00000455
FFFFFCF3
000007F3
00000742
00000628
FFFFFFC5
000001B3
0000007C
000004E8
00000204
000004AA
000002A9
00000584
000002EE
00000727
000002EE
FFFFFB4A
000004DD
FFFFF848
FFFFFF2B
00000292
0000027A
FFFFFE9E
00000110
00000340
0000024D
FFFFFCB7
FFFFF854
00000660
FFFFFCFA
00000370
FFFFFA58
FFFFFF9E
FFFFFFAB
00000284
FFFFFE17
0000065B
FFFFFDC9
FFFFFE4C
FFFFFB3C
000002A4
000005E1
FFFFF9B5
00000419
FFFFFB3D
FFFFFFD5
FFFFFE6A
00000193
FFFFF6D1
FFFFFD0F
FFFFFC10
FFFFF9ED
FFFFF92B
00000186
FFFFFC82
FFFFF9F0
FFFFFCF8
FFFFFBBF
FFFFFE33
FFFFF292
FFFFFC14
FFFFFE0F
00000243
FFFFFA41
FFFFFEE1
000002E5
FFFFF7AF
000005D1
FFFFFE45
FFFFFA82
00000266
FFFFFC3E
FFFFFCB9
000000B0
00000460
FFFFFC04
FFFFFD62
0000055D
000003F7
FFFFFE1C
FFFFFC23
FFFFFD92
00000453
00000544
FFFFFBEA
000001DD
00000332
FFFFFFC8
FFFFFEF7
00000399
00000164
0000015B
0000021A
000001AA
FFFFFFB0
0000006E
FFFFFC08
FFFFFE20
FFFFFF2D
FFFFFF00
00000112
FFFFFEAA
0000049E
FFFFF895
FFFFFAEF
FFFFFC57
FFFFF78C
FFFFFA8A
FFFFFABE
FFFFFEAC
0000000F
FFFFFE83
000004B6
0000050E
FFFFFD91
000005D0
FFFFFF0A
FFFFFAD8
FFFFFCBC
0000013C
FFFFFDA2
FFFFF9DB
FFFFFE03
FFFFFA1E
FFFFFF4D
000004DE
FFFFF512
FFFFFAA3
FFFFFA43
FFFFF7F5
000001DF
FFFFF945
FFFFFD8B
0000009B
FFFFF99A
000001CD
FFFFFDB2
000002F1
000000D6
FFFFF6A9
FFFFFEB2
FFFFFCDF
FFFFFD81
FFFFFDF5
FFFFF8BA
FFFFFEC0
FFFFFF49
00000440
FFFFF961
FFFFF83D
FFFFFC4B
FFFFFCD1
FFFFF8D1
0000013F
000002C1
0000004F
FFFFFDA9
000002D9
FFFFFB9A
FFFFFE6D
FFFFFDAF
00000141
0000036C
000002C9
FFFFFC42
FFFFF799
000002A1
00000161
0000031D
FFFFFB8F
000002F3
FFFFFF64
FFFFFBEA
FFFFFEB8
0000017D
0000011C
FFFFFFF0
FFFFF8F0
00000082
FFFFFAD0
FFFFFADB
00000426
FFFFFA66
FFFFF9A6
00000123
FFFFFAF6
000003F7
000000EE
0000021D
0000003B
FFFFFB94
0000017A
0000013B
FFFFFC09
FFFFFF09
FFFFF87B
00000119
FFFFFB13
FFFFF9B1
000000EE
FFFFFBCF
0000034B
00000284
0000021E
FFFFFEC2
FFFFFE1C
0000049C
0000011B
000000D9
00000004
FFFFFEDF
FFFFFF3C
0000021C
FFFFFC37
0000026A
FFFFFD7A
000003C8
00000133
00000058
FFFFFC4F
FFFFFF97
FFFFFD16
FFFFF834
FFFFF8C6
000000DF
FFFFFED0
00000216
FFFFF99A
FFFFFDCC
FFFFFE75
FFFFFAC2
FFFFFB61
000003F5
FFFFFE4F
00000291
FFFFFB53
FFFFFF3C
FFFFFCC2
0000026D
FFFFFFAC
FFFFFFED
FFFFFDB7
0000002B
FFFFFB9E
FFFFFBC1
0000014A
00000142
FFFFFF33
FFFFFA33
FFFFFF55
FFFFFE01
FFFFFEEF
FFFFFA3F
000000DA
FFFFFC43
FFFFFCA4
FFFFFF1D
FFFFFC47
000002B6
FFFFFE0C
FFFFFE16
FFFFF8FE
00000332
000001E8
FFFFFE99
00000134
FFFFF824
FFFFFA65
0000092B
FFFFFAEC
FFFFFC07
FFFFFB2A
00000175
FFFFFF74
FFFFF9B5
FFFFFBEF
00000243
0000051A
FFFFFD78
FFFFFE33
FFFFFF83
FFFFFF9F
FFFFF9BD
FFFFF873
000001C2
FFFFFAD2
FFFFFB0B
FFFFFB8D
00000356
0000064D
00000073
FFFFFBA6
000000A9
00000435
FFFFFE83
00000427
FFFFFFFF
FFFFFCE1
FFFFFCA6
00000363
FFFFF780
FFFFF95A
0000070A
FFFFFA6D
FFFFFED2
FFFFFA18
FFFFF898
FFFFFABE
FFFFFED9
000001C0
FFFFF911
FFFFFC97
FFFFFD4C
FFFFFCE1
00000209
FFFFFCDD
FFFFF981
0000019B
0000003A
000002EB
FFFFFD9B
FFFFFDE3
FFFFFC8C
FFFFF81E
FFFFF6EA
00000022
FFFFFB01
FFFFFECA
FFFFFFC2
FFFFF84E
FFFFFB77
FFFFFDA7
000003E3
FFFFFCF0
0000033B
FFFFFC95
000003EA
FFFFFBF9
FFFFFC33
FFFFF8D9
0000003F
00000299
000003A7
FFFFFD5D
00000290
FFFFF6B0
FFFFFBB6
FFFFFB71
FFFFFF18
FFFFFC8F
00000004
0000032E
000006DC
00000376
00000574
00000441
000009B5
0000006C
FFFFFDCC
000003D9
FFFFFB10
0000029D
FFFFFC53
00000498
FFFFF7A7
FFFFFA61
FFFFFFC0
0000016A
FFFFF942
FFFFFC6F
0000005D
FFFFFD11
FFFFF859
FFFFFD99
FFFFF9FC
FFFFFD2C
FFFFFEC9
00000034
FFFFFB5A
FFFFFBF3
FFFFFFBB
FFFFF784
FFFFFBB3
00000043
00000697
FFFFFBAF
00000000
FFFFFA83
FFFFF814
FFFFFBB0
FFFFFCF0
0000039F
FFFFFF32
FFFFF913
FFFFFE34
00000365
0000030B
000001F7
0000054F
FFFFFD21
000004F2
00000513
FFFFFD3A
FFFFFFC9
00000335
000003A6
FFFFFB27
00000667
FFFFF9A7
FFFFFB0B
00000635
000005E9
FFFFFF7D
FFFFFC3B
00000002
FFFFFECC
FFFFFB3E
FFFFFA9C
FFFFFC17
FFFFFBA4
FFFFFB6F
000000A0
000004AE
00000158
FFFFFC75
00000374
FFFFFD45
FFFFFEF3
FFFFFD8E
FFFFFB8A
FFFFF828
FFFFF843
FFFFFF6B
000002EC
FFFFFE8D
000001B8
FFFFFB54
000003DE
FFFFF9D4
FFFFF81D
FFFFFCC7
FFFFFCA4
00000314
0000002F
FFFFF5F8
FFFFFA72
FFFFFD1D
FFFFFD9F
FFFFF986
0000020E
FFFFFEFD
000001ED
00000035
FFFFFA71
FFFFFB58
FFFFF839
FFFFF670
FFFFFF38
FFFFFF4C
000002F2
0000017D
FFFFF7BA
FFFFFC86
FFFFFDB1
00000055
00000031
00000025
FFFFFF33
FFFFFA66
FFFFFB26
FFFFFE60
FFFFF747
FFFFFED6
FFFFFEC7
FFFFFD23
FFFFFFA6
FFFFF8BB
00000270
00000513
FFFFFC21
00000030
FFFFFE3F
FFFFFD15
00000189
FFFFFF1C
000000DF
FFFFFD44
FFFFFFD6
00000319
FFFFFF40
FFFFFF90
0000072A
0000054F
FFFFFBCE
FFFFFAC9
FFFFFF7B
000004A9
FFFFFE39
FFFFFA61
FFFFFF43
000001C4
FFFFFFD5
000001DE
FFFFFE4E
0000050C
0000066D
FFFFFFA8
FFFFFD0F
000006DF
FFFFFCB5
000000D2
FFFFFC95
0000012C
FFFFFF14
FFFFFE93
0000023F
0000067B
00000257
FFFFFD01
FFFFFCD4
00000053
FFFFFFB8
FFFFFCB9
0000023B
0000017E
FFFFFE75
000000E9
000003AA
FFFFFFF8
00000289
FFFFFCC0
0000044F
00000781
FFFFFDC6
FFFFFC7B
FFFFFE28
0000021B
FFFFF74C
00000416
FFFFFD03
FFFFFF2D
FFFFFE82
0000006C
000002EA
FFFFFA1C
FFFFFD2D
FFFFFBB8
FFFFFC65
FFFFF89C
FFFFFC47
000002F7
00000584
0000052A
FFFFFC07
00000008
FFFFFD42
FFFFFDDA
000000E3
FFFFF8B5
FFFFFD9F
FFFFFBBA
FFFFFDD7
FFFFFE12
000002B3
000002FC
FFFFF8D7
FFFFFB26
00000433
FFFFFD7B
FFFFFB6B
00000351
00000340
FFFFFBF4
FFFFF972
FFFFFFC4
FFFFFF02
FFFFFF0F
000005E6
00000705
FFFFFBA5
0000015E
0000032B
FFFFFC09
FFFFF928
000001FC
FFFFFC05
00000173
FFFFFF22
FFFFFF9D
FFFFFE2F
FFFFF8CA
FFFFFE9F
000002AC
FFFFFFF8
00000724
FFFFFD72
0000031F
00000510
00000020
FFFFFE03
0000032D
FFFFFA59
FFFFFEC3
FFFFF6A0
00000F50
FFFFF8E8
00000CD9
FFFFF430
0000025B
00000A29
000000EA
0000053C
000003BF
FFFFF765
FFFFFF40
FFFFFF9B
FFFFFE40
FFFFFB88
00000405
FFFFFD5C
00000467
FFFFF764
FFFFF951
FFFFFBBF
000005EF
FFFFF2E8
0000059C
000005DB
000001FC
FFFFF7A7
000005FD
FFFFFF16
00000057
FFFFFE30
000002C5
FFFFFFF8
0000005E
00000234
000001EA
000003A4
00000564
000008B3
FFFFF24C
FFFFF534
FFFFF6BD
00000509
00000770
00000D5F
0000004F
00000A96
000006A0
000009AB
00000653
FFFFFE41
000006C4
00000C70
00001022
FFFFFC42
000000E2
FFFFF84A
00000E38
FFFFFA55
000002F7
00000222
FFFFFA4E
00000534
FFFFFF84
00000A26
000002D5
0000011B
FFFFFA9E
00000CE6
FFFFF7F7
FFFFFA0C
000003C0
FFFFF9A4
FFFFFF54
FFFFFC6A
00000210
FFFFF06F
FFFFF619
FFFFF83B
FFFFF271
FFFFFADD
FFFFF4C5
00000AE5
0000074D
FFFFFADB
00000B2E
000007F2
000006F9
FFFFF825
FFFFFD47
FFFFF8A7
000001F0
FFFFF79D
FFFFF919
FFFFF879
FFFFFC31
FFFFFB9A
00000403
FFFFFC78
FFFFF4F5
000002D4
000002A4
FFFFF5DB
000005A5
FFFFF4C2
0000022E
FFFFFD24
FFFFFE42
FFFFFA58
000006BC
00000BAE
00000155
FFFFFD77
0000008A
FFFFF845
FFFFF426
00000D51
00000303
000001E0
0000036A
FFFFFAB3
FFFFEEA3
0000037A
00000050
FFFFFACE
00000BEF
0000057A
FFFFFA94
00000848
00000F20
0000119C
000012AE
00000239
FFFFF8E7
FFFFF6A9
FFFFFCF8
00000432
FFFFFDC7
000001E3
000003BA
FFFFFC6C
000004D9
FFFFFD67
00000349
FFFFF523
00000B49
FFFFFDF0
FFFFF885
00000195
FFFFFB7F
00000288
00000368
FFFFFAF3
00000ECE
00000629
00000733
00000CD7
FFFFFF8C
00000B7D
0000012D
FFFFF9F5
0000061F
FFFFF953
FFFFFD5E
00000760
FFFFFC46
0000032F
FFFFFE5D
FFFFFE1E
000005D3
00000719
00000407
FFFFF517
00000C89
FFFFFE7A
000001C5
00000383
FFFFFA7E
000009D6
00000ADE
0000063F
0000068A
00000075
00000224
FFFFFC28
00000196
FFFFFB57
00000016
FFFFFCC4
FFFFF5DD
00000518
00000BA9
FFFFF25A
FFFFFFDF
0000019A
000005D0
00000284
00000106
FFFFFC9D
0000004E
00000531
FFFFF217
FFFFF8C0
FFFFFC0F
FFFFFF2F
FFFFF35E
000003D3
FFFFFCBC
000008D1
FFFFFBE0
0000060C
FFFFFAEA
FFFFFE71
000005BE
000005C4
00000C72
FFFFFEAE
FFFFFA0A
00000187
FFFFF6DE
FFFFFCB4
000000FD
FFFFFD37
0000063F
FFFFFE92
FFFFF848
0000008E
FFFFFB70
FFFFF330
FFFFFDBA
FFFFFF21
FFFFF252
FFFFF404
FFFFF695
FFFFF62D
FFFFFEE1
FFFFFDF5
FFFFFEA8
FFFFF99E
FFFFF18D
FFFFFC43
000006DE
FFFFFA27
00000B25
FFFFFF70
00000349
00000851
FFFFFB5F
00000940
0000032D
FFFFF36E
FFFFF922
FFFFFB74
FFFFF5BF
00000449
FFFFF15A
FFFFFC76
00000013
000002DD
FFFFF082
00000565
FFFFFB48
FFFFFE33
FFFFFD00
0000018D
000002EB
FFFFF1AD
000008FD
FFFFF7EC
00000261
000002D3
000007A0
00000298
FFFFF89E
FFFFFD8B
00000A45
00000413
000009BC
00000B5B
00000145
FFFFF71A
FFFFFCA6
FFFFF76E
FFFFF79D
00000335
000000C7
FFFFF704
000009A7
FFFFF427
FFFFF12F
00000598
FFFFF4A6
FFFFF8D3
00000205
FFFFF270
0000024B
FFFFF29A
00000111
00000BC6
0000089E
FFFFFCE3
FFFFF380
FFFFFE2C
00000007
FFFFFD0E
000003AA
FFFFFE57
00000326
FFFFFB76
00001045
FFFFF741
00001287
FFFFF726
0000021D
00000B35
00000A6E
FFFFF3FB
00000186
FFFFFB48
FFFFFDD7
000005FF
00000076
FFFFFE03
FFFFF985
0000033B
FFFFFF2F
00000100
FFFFF8B4
00000645
FFFFF63F
00000369
FFFFF548
FFFFF969
FFFFFA74
0000031C
00000542
FFFFF94C
FFFFF9AC
FFFFFD57
0000044C
00000122
FFFFF453
FFFFFADD
FFFFEC1B
FFFFF55B
FFFFE999
FFFFFA95
FFFFF22A
FFFFF92D
FFFFE9A9
000001B9
FFFFF8B2
00001032
00000B95
FFFFFF69
FFFFFA07
00000E85
000002FE
00000267
000001B5
FFFFFA5E
0000123A
0000012A
000002F1
00000522
FFFFFAFF
FFFFFEC6
00000668
00000E98
FFFFF87E
000007F5
0000024C
000006E9
000004A3
FFFFFC56
FFFFFF6D
0000011E
FFFFF9A2
0000050F
FFFFFA93
FFFFFEE4
FFFFF4CC
FFFFFE15
FFFFFD32
FFFFF604
FFFFF239
00000B5A
0000063E
000001F5
0000032D
FFFFFDA6
FFFFF88A
0000053B
FFFFFB5C
00000508
00000683
FFFFFEC9
FFFFF554
FFFFF9E1
FFFFF15A
000006A4
FFFFFD36
FFFFF602
00000117
FFFFF7B8
FFFFFBD7
000003F1
0000089C
00000243
0000091A
000003FC
00000110
00000403
00000143
FFFFFD17
FFFFF537
FFFFF707
FFFFF38B
000002A7
FFFFFFA7
00000653
FFFFF91D
FFFFF0C4
FFFFF3AF
00000547
00000608
FFFFF17C
FFFFFD05
00000328
FFFFFAB7
000003DF
00000593
000004C1
0000044F
FFFFF37B
FFFFF3CD
FFFFF5A6
0000005D
FFFFF50A
FFFFF4C7
00000277
0000075F
FFFFFC7A
000003BA
FFFFF8F8
FFFFFC0F
FFFFFC83
FFFFF95D
FFFFF85C
FFFFF712
00000920
00000226
FFFFFD13
00000881
0000023A
00000AC1
FFFFF65C
FFFFFE3B
FFFFFC2C
FFFFFB73
FFFFFCCE
00000478
000005C5
000001E5
FFFFFC5F
000002D2
0000098E
0000103C
00000176
0000086D
0000081E
FFFFFAAE
FFFFFF03
00000414
0000009D
FFFFF9E7
00000245
0000088D
00000199
000000C6
00000AF7
00000DC1
FFFFF45D
FFFFFD93
00000EA7
FFFFFEFD
000001A2
FFFFFBEE
FFFFFABB
00000B21
FFFFFD27
00000DD4
FFFFF465
000009E9
000003DD
FFFFFDC9
000007CA
0000024A
FFFFFDC4
FFFFFEA3
000004CB
FFFFFEE4
FFFFF64F
000004E6
00000011
0000001F
FFFFF5C5
00000366
00000869
00000BF2
FFFFFFAD
00000225
FFFFFC66
FFFFF983
FFFFFFD1
FFFFF98C
FFFFF3DF
00000396
FFFFF9A6
00000211
FFFFFA04
FFFFFBE3
0000031A
00000402
000002EC
000000BF
FFFFF6EC
FFFFF604
FFFFFEB4
FFFFFE17
0000097B
FFFFFC2C
00000A31
FFFFFD03
0000004A
FFFFFD03
FFFFFDD6
FFFFFE55
000008B4
00000A80
FFFFF5B2
00000212
0000023E
00000278
FFFFF5BA
000001C8
000004D8
FFFFFD17
0000039D
FFFFF22E
FFFFF7B9
FFFFFC41
FFFFFA73
FFFFFA0D
00000122
FFFFFEFF
00000438
FFFFFC49
00000099
0000086F
000000AE
FFFFF67E
000001A8
FFFFF2A1
000006F0
FFFFFE6D
FFFFF915
00000B7E
FFFFEC15
FFFFFB1A
FFFFFFF8
FFFFFC02
FFFFFEC5
000007BA
FFFFF519
000001CA
00000C2D
FFFFFB50
00000C53
00001178
0000176F
FFFFFD37
000002CA
0000033A
00000819
FFFFFADD
FFFFFA9F
FFFFFFD3
FFFFFC76
FFFFF42C
00000941
00000A89
FFFFFF57
0000068B
FFFFF5FD
000001FD
FFFFF4DF
00000999
FFFFFD81
FFFFF9CE
00000E3C
FFFFFEF5
FFFFF725
00000ABF
0000064C
000001F2
FFFFF69F
FFFFF7CC
FFFFF050
000003BF
0000035C
00000157
FFFFF7FD
0000099A
FFFFFC7C
FFFFF6C2
FFFFFBA6
0000085A
FFFFFFD4
FFFFF519
00000801
00000733
FFFFF8B7
FFFFF2AE
FFFFF805
000002AE
FFFFF4CC
FFFFFF47
00000983
0000087E
FFFFFDE1
000009D7
FFFFF498
FFFFFF57
0000040C
FFFFF88A
00000C63
0000005A
00000629
00000C24
FFFFF8CE
FFFFFBBF
FFFFF4DD
FFFFF754
FFFFEFC3
00000585
FFFFFDC2
0000083A
FFFFFAEA
000001E0
000000A7
FFFFF77D
00001101
FFFFFCF3
FFFFFF40
FFFFF74B
FFFFF2A3
00000565
FFFFEEB8
FFFFFE15
00000EB7
FFFFFF04
00000183
FFFFF8E5
0000118B
FFFFF96E
00000D25
00000AD3
00000FCB
FFFFF6B6
FFFFF2FC
00000023
FFFFF93A
00000CFB
FFFFF4F5
00001617
00001BAE
0000040C
00000E17
0000028D
FFFFFAA2
0000143F
000001BB
000002FC
00000E77
0000016E
FFFFFB8A
00000783
FFFFFCD9
FFFFFADC
FFFFF4A2
FFFFF3E2
00000423
000002DD
00000562
000003A2
000000D0
FFFFFBD7
FFFFEDD0
FFFFF68F
FFFFFA43
000005CA
0000097E
FFFFFC0B
00000759
00000E7E
000010A2
000015CC
00000872
FFFFEF50
0000068A
00001A2B
FFFFF037
FFFFF9A0
00000036
000008B0
00000F26
0000011D
00000946
00000774
00000056
FFFFF83A
FFFFF677
FFFFFD75
00000007
FFFFFE0D
FFFFF84E
FFFFFFB0
000007D7
000002FA
00001A19
00000910
FFFFFCCE
00000F60
FFFFFBE0
FFFFFC2B
00000825
00000D6F
00000FAD
00000A0E
FFFFFB0F
00000430
00000A6C
FFFFFFBD
00000213
FFFFF6A5
FFFFF20A
00000C82
00000F45
FFFFF5FF
FFFFF3FF
FFFFFCFB
0000063E
000001DB
000006E7
FFFFFCE1
000002B9
FFFFF101
FFFFF687
FFFFF2E6
FFFFEE00
FFFFEDFB
00000CF9
FFFFFBCD
FFFFFE43
000005BF
FFFFF605
FFFFF3C3
00000957
00000FCD
FFFFFC45
00000151
FFFFF8EC
FFFFFF2E
FFFFFE3F
00000AF2
FFFFF77F
000008AA
0000059A
FFFFF920
00001051
FFFFFF9F
00000858
FFFFF662
FFFFFCBF
00000AA6
FFFFFB98
000001EE
FFFFF09F
00001395
000006E3
FFFFFF81
FFFFFDBC
FFFFFE40
FFFFFEA4
00000EA4
00000E95
FFFFEFB4
FFFFFC96
FFFFFE6E
FFFFF7A2
FFFFEB5E
FFFFFC43
FFFFF3A0
FFFFF846
FFFFF4EA
FFFFF44E
000007DC
00001200
0000061B
00000AC3
00001394
000000F5
000012DD
FFFFFAF0
00000168
FFFFFE7A
FFFFFB6D
0000026C
FFFFFC2D
0000067D
000001A8
FFFFFBA2
FFFFF698
FFFFF975
FFFFF758
FFFFE565
FFFFEFA4
0000069D
00000560
00000610
00000DAA
FFFFFDC9
00000939
00001331
FFFFFDF5
FFFFF946
FFFFF60C
000001B7
FFFFFF68
FFFFFF52
FFFFF70B
FFFFFC1A
FFFFF3D6
00000648
FFFFF3F3
000003FE
FFFFF5EB
FFFFF86B
000008B1
0000178E
00000563
00000348
00001055
00001150
00001419
000006BE
FFFFF761
FFFFFF8A
00000ABB
00000FAE
FFFFFA3F
FFFFF5DA
0000010C
00000535
FFFFFECD
00000524
FFFFF423
000003CD
FFFFFA26
000008F2
FFFFFE7D
000003A1
00000024
FFFFF45F
FFFFF94E
FFFFF8E6
FFFFF378
FFFFF7E5
00000880
FFFFF95F
00000230
000009B1
00000548
00000526
FFFFEB88
000005E3
FFFFF864
FFFFF2C1
FFFFF679
FFFFE87E
FFFFFB48
FFFFFB9E
FFFFFAEE
000002F0
FFFFF092
0000003F
00000AAD
0000099B
00000085
00001179
00000C96
FFFFFD0C
000008C5
FFFFFF5A
0000098B
FFFFFE9F
0000062D
000003D2
FFFFF1AD
FFFFF42B
FFFFE33A
FFFFE88D
FFFFF3F9
FFFFF65E
00000757
FFFFF21B
000002D9
FFFFF941
FFFFF976
FFFFEFB5
00000A93
FFFFE1E1
FFFFFF85
FFFFFA6F
FFFFEEF9
FFFFF419
FFFFFCF0
000005F1
00000719
00001074
FFFFF8C5
00000AEE
000004DD
FFFFFDCC
FFFFF9B4
00000220
000017E5
FFFFFD0F
FFFFFE05
00000A2B
FFFFFD22
FFFFFE8F
000015FD
00000944
00000B5A
000006AE
00000C89
00001101
000009FF
FFFFFFB3
00000D18
0000178A
000006C2
00000F05
FFFFF756
FFFFF859
FFFFFA08
FFFFF810
0000017A
FFFFFCAA
000001C4
00000000
000000CC
00000935
00000F24
0000051B
00000276
0000021B
00000B06
0000140D
000011B9
FFFFF59B
00000414
FFFFF351
FFFFFC03
FFFFF9C3
FFFFF348
00001829
FFFFF81A
00000B59
FFFFFDA5
0000025B
FFFFFD2C
FFFFEFAD
00000B8C
FFFFEA08
FFFFF84D
00001065
FFFFFB14
FFFFFF4A
FFFFFA06
FFFFF909
00000645
FFFFF14F
FFFFEF81
00000706
00000B1F
FFFFF97F
00000C1B
FFFFF834
0000007E
FFFFEE2B
FFFFEB39
FFFFFC4A
FFFFF02A
FFFFF7A2
FFFFFD7F
FFFFF766
00000DBA
FFFFF29E
00000EC8
FFFFF6E8
FFFFFEE5
FFFFFB15
FFFFF921
000003F5
00000C28
000002D8
FFFFFF07
000011A3
0000121B
00000EC9
FFFFFB87
FFFFFE4B
00000D1C
FFFFF2C7
FFFFF268
FFFFEFD6
FFFFFA94
000000AC
FFFFF58C
FFFFF703
000008EE
FFFFEBBC
00000BF6
00000B10
00000B4C
000006C5
0000033C
000002F8
0000006D
00000B37
000008A1
00000F23
0000009A
0000103E
FFFFEF10
FFFFFFEC
FFFFFDB3
00000D19
FFFFF6A9
00000B50
0000075D
FFFFF576
000002CD
FFFFF971
FFFFF66B
00000960
00000437
00000AD0
FFFFEDCF
FFFFFE1A
0000109C
00000AD9
FFFFFEF8
00000215
FFFFFC54
FFFFF336
00000B45
FFFFF505
00000116
FFFFF5F4
FFFFEF05
FFFFFE6D
00000033
FFFFF7FB
FFFFF4D1
FFFFF77D
000003F3
00000743
00000820
000006DA
0000195E
00000FE5
0000005C
00001207
0000005F
000007C1
00000D59
00000E0E
00000608
FFFFF892
FFFFFD3F
FFFFE95B
FFFFFA19
00000265
FFFFF175
000006A8
0000013B
00000731
FFFFF341
00000806
FFFFF5BE
FFFFF4A1
00000925
FFFFFBDE
000007F1
FFFFFB1E
00000497
FFFFE8FD
FFFFF293
FFFFFF27
FFFFFC88
00000156
FFFFF92A
FFFFFCCE
FFFFFE23
FFFFF7B8
FFFFEC23
00000818
FFFFFC0D
FFFFF4EB
FFFFF781
FFFFEE06
FFFFFBD2
FFFFEB3E
0000033D
FFFFFAFB
0000085D
00000D0E
00000466
000009A9
000000EB
00000254
FFFFFFE6
FFFFE70B
FFFFEC6F
FFFFFAF3
FFFFE496
FFFFF02E
FFFFFDC9
000004DC
FFFFFF3C
0000005A
00000139
FFFFFCA8
0000011B
FFFFFB8B
0000035E
00000415
0000005A
000004DD
FFFFFDB1
FFFFFEC4
FFFFFFC2
FFFFFAD5
FFFFFE99
00000495
000001CA
FFFFFCD5
0000045F
FFFFFFD3
00000468
FFFFFFEE
FFFFFCBE
000005D9
0000005D
0000050D
00000505
FFFFFE5A
000001C1
0000014F
0000019E
00000174
000000D0
FFFFFEFC
000003CA
000006CF
0000059A
FFFFFEF9
FFFFFDB0
000005D3
FFFFFD1A
FFFFFF4E
0000000E
FFFFFB31
000000CC
00000464
0000052A
00000232
000002B8
000005A2
FFFFFB91
000002A7
00000355
00000256
0000022C
00000452
0000006E
FFFFFE2C
000001E3
000001E7
FFFFFF09
0000006B
FFFFFC7A
000000F8
00000567
FFFFFE43
0000076A
FFFFFDBC
0000010A
000002BD
FFFFFE5E
0000028C
FFFFFFEF
00000424
0000079C
0000004C
FFFFFFE1
000005A9
00000424
FFFFFC67
00000053
FFFFFEC8
00000140
000007AD
0000044E
FFFFFEF6
FFFFFD2A
000006A8
00000337
FFFFFD63
00000393
0000006C
000003C6
00000559
000000D0
00000050
00000453
0000056C
00000387
FFFFFC5C
000000E5
FFFFFDCA
0000059B
0000048D
FFFFFD0B
FFFFFFFA
FFFFFB46
FFFFFF9D
00000827
0000050A
00000225
0000091F
000004F5
000001B8
0000004D
00000259
00000447
00000016
FFFFFA29
000002F5
FFFFFB56
00000113
0000040C
0000044D
FFFFFECB
00000005
00000676
0000037D
000006B8
00000523
00000398
00000762
00000694
0000006C
000002AE
FFFFFD4F
FFFFFF10
FFFFFB88
000002D4
00000366
FFFFFB0E
00000447
FFFFFE3C
FFFFFF02
FFFFFA06
FFFFFE6C
FFFFFE98
FFFFFBB4
FFFFFA0D
00000218
00000084
FFFFFA66
FFFFFAFB
00000175
FFFFFF3C
000002B7
000002C1
0000032A
00000212
00000562
FFFFFBBC
00000132
0000049F
0000024C
FFFFFD7B
000000BA
FFFFFE06
000002C7
00000236
00000020
FFFFFBC1
00000159
FFFFFD4F
FFFFFE5D
00000179
00000157
00000504
FFFFFB1E
FFFFFD8C
000003EE
FFFFFFD3
FFFFFB2F
0000024D
0000073A
000003C6
00000575
00000000
FFFFFFED
FFFFFC78
0000022B
00000326
00000234
00000310
000000B9
FFFFFE8A
000006D4
000002D0
000005A9
000006C6
000002DB
FFFFFF2C
000003D6
FFFFFCED
0000017F
00000A8C
000000CF
00000086
00000556
FFFFFE96
00000086
00000525
000004C2
000001E1
000002F1
FFFFFC5C
0000006D
0000028A
FFFFFF72
0000014B
FFFFFF28
FFFFFF46
FFFFFDEB
000000B8
00000763
FFFFFE66
FFFFF929
FFFFF7D2
0000020C
FFFFFAC5
FFFFFFAD
FFFFFAFA
FFFFFFF0
000001C0
FFFFF98E
00000756
00000356
0000059C
000000BF
00000519
00000258
0000021C
00000000
FFFFFF3B
FFFFFECE
FFFFFCA7
00000411
00000097
00000074
FFFFFDF0
FFFFFBE2
FFFFFFDD
FFFFFEEF
FFFFFD26
FFFFFABB
FFFFFDF5
00000174
000005FD
0000052D
000001CF
00000395
00000130
FFFFFF15
00000189
00000314
FFFFFF3D
00000128
FFFFFD86
000001CE
0000006B
00000258
00000553
0000016B
FFFFFF5C
00000226
00000238
00000220
FFFFFE8F
000002CC
FFFFFF67
FFFFFFAD
0000016B
000002B2
FFFFFCB6
FFFFFEFF
FFFFFE77
FFFFFCBF
FFFFFE30
00000447
00000081
FFFFFAC7
000002F9
000001C4
000000A9
FFFFFBFD
FFFFFE17
0000017E
FFFFFEB2
FFFFFF6E
FFFFFEEB
00000190
FFFFFB96
00000456
FFFFFDBB
000003C5
00000006
00000537
FFFFFE33
FFFFFD4F
FFFFFF32
00000403
00000911
000007FB
00000035
FFFFFEA2
FFFFFD93
000005CC
000004AD
000005A4
0000007E
000005B6
0000065C
0000039A
FFFFFDCE
000001FB
000003FC
FFFFFF88
000004CB
0000015D
00000638
00000005
00000763
FFFFFDB9
000005ED
FFFFFCBB
00000392
00000097
0000040F
FFFFFC77
FFFFFDC6
FFFFFF86
00000459
000000A1
000002DB
00000254
00000516
000006FB
00000299
FFFFFDEC
FFFFFE9F
FFFFFD80
FFFFFED6
000008A8
00000687
0000062D
0000029E
00000108
000003F2
0000086E
0000065A
FFFFFE35
FFFFFF74
00000502
000002C9
000007D9
00000458
000003FD
00000266
00000466
00000390
0000036C
FFFFFC29
00000452
0000054F
000003DD
0000042D
FFFFFD66
FFFFFB55
FFFFFF6B
FFFFF86E
FFFFF89F
FFFFF87B
FFFFFBCF
FFFFF8C1
FFFFF836
FFFFF861
FFFFFA36
0000001A
FFFFFCC8
FFFFFDA3
FFFFFF13
0000015D
FFFFFABF
0000047A
0000066A
FFFFFDD6
FFFFFF1D
000003BC
000001BD
FFFFFE6E
000006EA
FFFFFFD8
000001E7
00000681
FFFFFE98
FFFFFF50
0000058A
00000342
00000028
00000373
000002C0
FFFFF90E
000004A0
0000006C
FFFFFADC
0000066B
FFFFFE8A
0000007D
000002CA
0000045C
FFFFFE22
FFFFFFB9
000005BD
000002B4
FFFFFBDB
FFFFFDCF
00000298
000005D8
FFFFFF13
000002DB
FFFFFFDA
00000096
00000341
0000037B
FFFFFC98
FFFFFD45
000006CC
FFFFFE48
000001D8
00000051
0000038A
000000F0
000004A9
FFFFFC5D
FFFFFCBE
FFFFFEA1
FFFFFFAA
00000593
00000401
00000454
000000A0
00000478
00000429
FFFFF9FE
FFFFFA48
FFFFFAB3
0000022B
FFFFFE3E
FFFFFEF7
FFFFFC80
FFFFFD4A
FFFFFCCC
000003F9
FFFFFF59
0000024D
000000AB
0000045B
FFFFFEC4
00000149
FFFFFE61
FFFFFFC0
000003C0
000004D4
0000063F
FFFFFC83
000002AA
FFFFFFA0
FFFFFA63
FFFFFF68
FFFFFFD4
00000485
000003D3
FFFFFDE1
FFFFFB4A
000001FA
0000030A
0000010C
FFFFFEB5
00000109
FFFFFD95
000003CB
FFFFFF8F
00000224
0000020F
0000012C
000001DA
00000623
0000062D
0000063F
00000491
00000848
000001AD
00000456
000001DE
000002DB
FFFFFF98
000007A6
00000463
FFFFFD8A
FFFFFF31
00000024
000002C0
00000082
00000688
0000077E
00000900
0000064A
0000027F
000000E8
000004CA
00000080
0000051E
0000064E
FFFFFC5D
00000103
0000025B
000003D4
000000F8
00000364
00000750
FFFFFD9D
000004DA
0000063D
00000397
00000106
000005FD
00000161
0000080E
000002AF
00000742
000003D2
00000464
0000049C
00000723
FFFFFFA6
00000674
0000013D
000005CC
0000015F
000008DA
00000236
000003AD
FFFFFF2C
00000A79
FFFFFEED
000003F4
0000029E
FFFFFF23
000003F7
0000060B
FFFFFFD1
000001FE
000001CD
00000273
000001A8
FFFFFF02
000004DC
FFFFFDC7
00000096
FFFFFF30
00000661
FFFFFDD1
FFFFFEEB
0000000B
00000111
000003C8
0000089E
FFFFFE0F
FFFFFD4F
0000041C
FFFFFEC6
000005A4
0000047F
000008B6
000006B4
FFFFF990
0000023D
0000025E
000007E1
00000BC1
00000CC0
00000549
00000A4E
FFFFFC48
000005CD
0000086B
FFFFF8F6
FFFFFF03
FFFFFE58
000005FF
00000478
FFFFF9FF
00000A1F
00000C36
FFFFF612
0000062D
FFFFFDC2
FFFFF5A1
FFFFFED5
FFFFF519
FFFFF699
FFFFF45F
FFFFF85E
FFFFF6FB
FFFFFEFC
FFFFFBEA
00000196
FFFFFD10
0000006A
FFFFFF97
000002D9
0000030C
FFFFFA5D
00000865
FFFFFF54
FFFFFBF7
000001C0
FFFFFC2F
0000060C
FFFFFB4C
000004E4
00000AA9
00000F3B
00000BA4
000009D8
0000053A
000003DB
00000CB7
FFFFFE94
FFFFFF49
FFFFFA0C
000004C7
000007BD
00000719
000001F7
FFFFF692
FFFFFA01
0000060F
0000056D
00000146
0000107E
000010AC
000009F6
00000423
FFFFFF6D
0000014E
000009F5
00000521
FFFFF068
FFFFFAA9
FFFFFED1
FFFFFEEA
FFFFFD16
FFFFF6ED
FFFFF20B
FFFFFA3B
000000BB
FFFFFE52
FFFFF879
FFFFFDED
0000001F
FFFFFE7B
00000AA8
FFFFFF5A
FFFFFA8B
00000A98
FFFFFA0E
FFFFF768
FFFFF42B
FFFFF14E
FFFFFA1C
FFFFF9D8
FFFFEFC0
FFFFF5FD
FFFFF065
FFFFFF7A
FFFFFE03
00000B47
000009A8
000004C0
00000606
000002C8
00000987
0000037C
FFFFFBB1
0000041B
FFFFFC59
FFFFFD11
FFFFFFAB
000000DE
00000499
FFFFF7AD
FFFFFB67
FFFFF8B6
FFFFFE48
FFFFFDE4
000004EE
0000070E
00000CA5
000003E5
FFFFF79B
FFFFFE1A
000002C8
FFFFFC58
FFFFFE5A
FFFFFA5D
000002A4
00000013
FFFFFDCF
FFFFFEC2
FFFFFBC8
FFFFFA76
00000573
00000263
FFFFF30F
FFFFFF01
FFFFF62F
000004AA
FFFFFD93
FFFFF342
FFFFFA8A
000002E9
FFFFFBF9
000003AA
00000A74
00000446
FFFFFB56
000003A7
FFFFF889
FFFFFDE0
FFFFFAEB
0000050F
00000129
0000001A
00000108
FFFFFB5B
FFFFFE89
00000183
FFFFFE9E
FFFFFEFF
00000167
FFFFFB7A
FFFFFE2C
00000AFC
FFFFFE39
FFFFFBC9
00000106
FFFFFBE8
0000001B
000000CF
FFFFF8CC
FFFFFFFE
000005E9
FFFFF3FE
FFFFF3D6
000007E8
00000483
FFFFF5C2
FFFFFCEC
000005C0
0000020B
FFFFF7CD
0000023F
FFFFF483
FFFFF4A7
FFFFFB65
000005E4
FFFFFA6A
FFFFF999
00000050
FFFFFCDB
FFFFFC46
FFFFF9A0
FFFFFAD8
FFFFFA2D
000004F7
000004D8
FFFFF95A
0000013C
FFFFFDE3
FFFFF46C
000002B5
FFFFF5A8
000005BA
FFFFF19A
000004C1
00000250
FFFFFAB3
FFFFFB8A
00000688
FFFFFADC
FFFFF652
FFFFF2BB
FFFFFB49
0000046C
FFFFF581
FFFFFB12
FFFFF5F3
FFFFFD09
00000517
FFFFF625
FFFFEDB2
FFFFFB89
FFFFF984
FFFFF072
FFFFF453
00000015
FFFFF0CF
FFFFF362
FFFFF8EE
FFFFF6BF
000002A2
0000058F
00000545
0000059A
0000023A
0000053D
FFFFFFDD
00000A04
FFFFF903
00000877
FFFFFE32
FFFFF671
00000C31
000007FE
0000021A
0000074E
FFFFFB27
FFFFF448
FFFFF4E9
00000555
FFFFFB58
000000F1
00000172
FFFFF694
0000031E
00000605
FFFFFD63
FFFFFCE1
0000038A
FFFFF887
000000C5
FFFFFF0A
0000015C
FFFFFC22
000005EB
000004C4
FFFFFF99
FFFFF86C
0000094F
FFFFFBA8
00000CA2
FFFFF282
FFFFFB14
0000095D
FFFFFC9F
000006B5
000000A1
00000607
00000B17
00000516
FFFFF8CD
FFFFFCC0
00000DF5
FFFFF7F6
FFFFF73B
FFFFFDBA
00000753
000001EA
00000CAE
00000037
000003A5
00000979
0000013C
00000386
000009F0
000004A9
FFFFFE5E
0000103C
000003A6
00000936
FFFFFE80
FFFFF47B
FFFFFDE2
FFFFFE84
00000665
FFFFF75F
00000723
FFFFF4AC
00000111
FFFFFA4F
FFFFFE42
00000547
FFFFF8D5
00000070
FFFFFFC3
FFFFF55A
FFFFF8CD
000003E6
FFFFFC0F
000002FA
00000B7E
00000E8B
FFFFFFAD
00000706
FFFFFFA6
00000366
000005F3
000008F5
FFFFFF76
FFFFFB7F
FFFFF2B5
FFFFFBDD
000003BE
00000651
FFFFFC21
000004A8
FFFFF7C0
FFFFF752
FFFFF4F9
FFFFFB30
FFFFF41A
0000013C
FFFFFDB4
FFFFFAB4
FFFFF916
FFFFF591
FFFFFA9D
00000897
00000BF4
FFFFFB7B
000001CB
FFFFFFE3
0000056D
FFFFFF06
FFFFF960
000003D7
00000537
00000513
0000041D
FFFFFFB8
FFFFFC9B
00000A20
00000986
0000059C
FFFFFF68
FFFFF92F
FFFFFAC2
FFFFF8BE
00000798
FFFFF9FB
FFFFF550
FFFFF4B3
FFFFF944
FFFFFA22
FFFFFA88
000002B2
FFFFFB74
00000028
FFFFFFDD
FFFFFC64
FFFFFE14
00000823
FFFFF06E
FFFFFA21
FFFFF2D1
FFFFFE07
FFFFF11F
000002ED
FFFFF6A1
FFFFFED5
FFFFFB42
FFFFF1EB
FFFFFCBF
FFFFF983
FFFFF9C3
FFFFFB16
00000061
0000024D
00000B06
FFFFFEEE
00000791
000001DD
000001B2
0000045A
FFFFF760
FFFFFD3A
000004FF
FFFFFBA1
00000726
FFFFF1B8
FFFFF402
FFFFF602
FFFFF0B6
FFFFFC05
FFFFF59B
FFFFFF7E
00000046
FFFFF995
FFFFF703
FFFFFEBF
000002D4
FFFFEEAA
FFFFF6FB
FFFFFF63
FFFFF85F
FFFFF866
FFFFF8E5
0000055C
FFFFFD2F
00000B6B
000006E3
0000082A
FFFFFE02
FFFFF63A
000007F5
FFFFFCCE
FFFFFD4C
00000274
00000456
000003B5
FFFFFF1E
00000B11
00000244
00000138
FFFFFCC7
FFFFF8C3
FFFFF7BC
00000267
FFFFF0B4
00000229
FFFFFA94
FFFFFDFC
FFFFF39E
000002A0
00000848
000008CC
FFFFFD5F
FFFFF70F
FFFFFEBB
FFFFFD1F
FFFFF75F
00000800
000005F1
000000D7
00000556
000003FD
0000036A
00000BB9
00000B99
00000AA7
00000FA7
00000C73
0000031A
00000156
FFFFFA47
FFFFFE48
0000019E
0000056A
00000896
00000926
FFFFF9F2
FFFFFCC7
00000BC0
FFFFFA45
000008C0
00000C7F
00000710
FFFFFB0E
FFFFFA3E
0000043F
000008E6
FFFFFBE9
00000068
0000053B
00000AF6
FFFFFF79
00000572
FFFFFE05
00000059
FFFFFBBE
00000323
FFFFFDC1
00000537
FFFFFFB3
FFFFFFB6
FFFFF894
FFFFFF74
0000091E
FFFFFCB3
FFFFFDFF
FFFFF626
FFFFFB38
FFFFF64F
00000565
FFFFF76F
FFFFF647
0000041F
FFFFF9F0
00000528
00000BE6
FFFFF89F
000006D6
000007EA
000009EB
0000062D
FFFFFF4A
FFFFFA9F
FFFFF7C4
FFFFFBD8
FFFFF75F
FFFFFD6C
00000512
FFFFF66F
FFFFF91F
FFFFF5CB
FFFFF923
FFFFF9C2
FFFFFBDA
FFFFFFD1
000003B3
FFFFFB83
000005CC
FFFFFB36
00000DB4
FFFFFA25
FFFFF5FA
FFFFF7D9
FFFFF964
FFFFFD05
FFFFFEE8
FFFFF791
FFFFFBC6
FFFFFA38
FFFFF0EC
FFFFFC6B
FFFFF80C
FFFFF97C
FFFFFD41
FFFFF3CC
FFFFF3BD
FFFFFD5A
FFFFF965
FFFFF587
00000A7B
FFFFFCEE
FFFFFBCC
FFFFEB33
FFFFEC81
FFFFF378
000008E1
FFFFF74C
000007AA
0000053C
FFFFFC52
FFFFF80D
00000778
FFFFF64F
000006AB
FFFFF890
FFFFEF09
00000578
000003F1
FFFFE9AE
000008B0
FFFFF794
00000764
00000AF1
000003FE
00000C47
00000523
0000056E
00000369
0000009E
FFFFF8A6
00000130
FFFFF8B4
FFFFFE81
FFFFFBAD
FFFFF93A
FFFFFE5A
FFFFFF90
00000910
FFFFFF43
FFFFFFB3
FFFFF8E9
00000618
000004A2
FFFFFCA9
000009F8
FFFFF7FF
FFFFFC58
00000C14
FFFFFB11
FFFFF95A
00000C3B
FFFFF6F6
00000554
00000050
FFFFFED3
0000023C
FFFFFE7A
FFFFF39D
0000092E
000005DE
000006F2
000007C1
FFFFFCA5
000005B1
FFFFFEC2
000001AB
FFFFF7CF
0000034B
000000D8
FFFFF438
000000D7
000001E8
00000419
FFFFFC95
0000045B
FFFFF630
FFFFF94F
FFFFFD33
000007A8
0000147E
FFFFFE11
00000460
FFFFF6C0
000005A9
FFFFEF57
FFFFFF69
00000933
0000064D
000003F3
FFFFF5E7
000000AB
00000D58
0000097A
00000380
FFFFFC00
0000071C
00000AFD
FFFFFC1B
0000060C
FFFFF1F3
0000004C
FFFFF3C5
FFFFF09F
00000512
00000779
FFFFF444
00000228
000005FA
FFFFFB8E
FFFFFDD1
FFFFFB0F
FFFFFA48
00000213
FFFFFFA1
00000563
00000442
000002FA
FFFFFA5B
FFFFFD18
00000A78
FFFFFE6E
00000911
00000D90
FFFFEDDF
000001C6
FFFFF198
FFFFEDC8
000005CA
00000030
FFFFEFAB
FFFFFDCC
000003BD
FFFFEF67
00000741
FFFFF916
0000077C
FFFFEEEF
00000224
FFFFF887
FFFFFB88
FFFFFE69
00000740
00000D56
FFFFF6D6
00000861
00000AA2
FFFFFA42
00001D89
00000DB5
FFFFEE91
FFFFFFB8
FFFFF5E9
FFFFF655
FFFFF592
FFFFF471
00000533
FFFFF6CD
00000CB2
FFFFFF39
0000091E
00000CBC
000000B8
FFFFF82D
00000D1D
FFFFFD3D
FFFFF8A3
000011F0
FFFFFA79
FFFFEAC4
00000D34
0000023C
0000006D
FFFFFCAD
000002B1
FFFFFB0E
00000829
FFFFFEE4
000006ED
000009E1
000005F7
0000017F
FFFFFA1B
0000034E
0000061F
00000905
FFFFFB52
000005AD
0000053A
0000026A
FFFFF212
FFFFFE54
FFFFFC24
000006F8
00000A5C
00000A51
FFFFF950
FFFFF83D
FFFFF6B1
FFFFF882
00000C66
FFFFF870
FFFFF3E0
FFFFF9E9
FFFFF6AC
000004B6
FFFFFFF2
FFFFF53A
FFFFF346
FFFFE9D3
000000FA
000004DE
000006AF
FFFFFBC3
00000AC7
FFFFF97B
000009A1
FFFFF720
FFFFF7E7
FFFFF4DE
FFFFFF70
00000B5A
FFFFFC6A
00000907
0000091E
FFFFEFE9
00000463
FFFFFA45
FFFFFD56
FFFFF96A
0000036C
FFFFF3D2
00000199
00000975
FFFFECF3
FFFFFD2D
00000819
FFFFF343
00000187
FFFFFFC0
000001F4
FFFFF740
000001C1
00000212
000007C0
00000C29
FFFFF7D8
00000669
FFFFF6F6
FFFFFE80
0000114F
00000B15
0000063A
00000C55
FFFFFB9B
00000F66
FFFFF88F
FFFFFE46
00000B25
FFFFFA0D
00000102
00000FF6
00000520
FFFFF350
000006C5
00000B60
000006C6
FFFFF6D6
FFFFE846
00000357
FFFFEC35
00000804
00000A8E
FFFFE705
000007E4
00000AF3
FFFFEEB3
00000BC9
00000AFF
00000732
FFFFF50E
000004B0
FFFFF4F5
FFFFFF56
FFFFF939
FFFFFCA4
FFFFFE26
00000AE8
000002B8
000003A0
00000A28
FFFFFFB0
000005EE
00000C93
FFFFF39F
00000A40
FFFFFC31
FFFFFAD7
FFFFEEAE
000006B1
00000925
FFFFE9C7
000002F6
FFFFFDE3
000004DB
00000CF3
00001483
000002FA
FFFFFDBC
000000CE
FFFFFDB7
FFFFF8AC
000000D4
00000537
000008D7
FFFFF559
FFFFFB52
000007B8
FFFFF587
000003FF
0000043A
00000625
FFFFF4B4
FFFFF6BE
0000080C
00000585
000011B6
FFFFF439
00000672
0000081C
FFFFF7D0
FFFFFA68
000000DE
000000F0
FFFFFB42
FFFFF797
FFFFFD83
000003AA
00000030
00000183
FFFFFE4A
000004C8
FFFFFFDD
FFFFFF32
FFFFF01D
FFFFFFFB
0000028A
00000874
FFFFEF9E
FFFFF672
FFFFF6B5
00000196
000003C2
0000057C
FFFFE5F2
00001953
00001341
FFFFFCFD
000012AE
000004CB
000001B6
FFFFF3AA
00000DB2
FFFFFC3D
000000B9
FFFFFDCB
FFFFF7D8
0000043A
FFFFFD9E
000003F1
FFFFFB05
000008F3
000002A7
FFFFEDEB
FFFFF45B
FFFFFB0F
FFFFF894
FFFFFA74
00000AFD
FFFFF3B0
0000011E
000005FB
FFFFF770
00000051
00000E45
FFFFFE89
FFFFF277
FFFFF513
FFFFE9FE
00000DD5
00000B70
000002DE
00000245
000008E3
FFFFFF13
FFFFFAC5
000003DA
FFFFF9FE
FFFFF8A7
FFFFF014
FFFFF587
00000124
000006C5
000005E8
0000086B
0000096D
FFFFF8D6
000004A2
00000621
FFFFEF3E
00000558
00000306
FFFFE9FA
000001E2
FFFFF488
000001DF
000008C0
FFFFFFA2
00000047
00000D3B
FFFFF944
00000226
FFFFF935
0000049D
FFFFFFE0
000009E1
FFFFF599
0000074A
000005A1
00000290
FFFFEC18
FFFFFCB0
00000496
0000030B
00000743
FFFFFC76
FFFFFBEE
0000005D
0000044E
FFFFF3CB
FFFFFDD9
00000170
0000117C
00001350
FFFFFD74
000004B1
0000106F
FFFFFA89
FFFFFCE9
00000353
00000F0D
FFFFF871
FFFFF758
FFFFFC2C
FFFFF3BE
000007D2
FFFFF620
00000100
FFFFFB75
00000E12
00000893
FFFFFE9F
0000039D
000008C9
000003DB
0000083C
000004EB
000012E1
FFFFF867
FFFFFB8E
00001046
FFFFF14D
000011A8
FFFFF7C7
00000191
FFFFF8D0
00000C4A
000000DF
000008A9
00001229
000000A3
00000701
FFFFFF49
0000090F
00000352
FFFFF9B0
00000345
00001262
00000B57
FFFFE7A8
0000084D
000017B5
FFFFFA27
00001892
00000746
FFFFF8B0
00000A5A
FFFFF98A
00000BF9
FFFFFFB0
00000822
000018A9
FFFFF711
000009AD
FFFFF86B
FFFFFAD9
00000993
00000C4E
FFFFF9BB
FFFFFB95
00000CCE
FFFFFDB4
0000017E
FFFFF8CA
FFFFF82B
FFFFFA33
00000FF1
000009D5
FFFFF5CC
FFFFFA4B
FFFFF9D0
00000A12
FFFFF77B
FFFFF81F
00000362
FFFFFDC8
00000015
FFFFFDDC
00000946
FFFFFF73
000003D2
FFFFF434
FFFFF4B0
FFFFFCAF
FFFFF0B9
FFFFFA97
FFFFF102
0000080C
FFFFF07C
000007A0
00000E2B
FFFFFCCA
00000758
FFFFFD87
FFFFF3D7
0000055E
00000557
FFFFF531
FFFFFEA0
FFFFFACD
000004EF
FFFFF93F
FFFFF3C2
FFFFFAED
FFFFFD24
0000063E
0000092E
000005AE
000002D6
FFFFF936
000002A4
FFFFF55D
00000367
0000048E
0000015B
FFFFFC41
FFFFFA71
FFFFF6B7
0000034E
00000A1C
FFFFF971
FFFFF53E
00000615
00000209
FFFFFB12
000004F1
0000004F
00000669
00000EE2
000002B8
FFFFF848
00000A14
000010F0
FFFFFECB
FFFFF7BA
000006B7
FFFFFF06
FFFFF9EA
FFFFFEE3
000006CC
FFFFFCE3
00000578
000004C0
00000769
0000004B
00000297
FFFFFD8E
FFFFF162
FFFFFEF2
FFFFF9AA
FFFFF9B4
FFFFFAC7
FFFFF9F7
FFFFF7DA
FFFFF953
FFFFF6C0
FFFFF6C7
FFFFFB13
00000A96
FFFFFE80
00000153
FFFFF54E
FFFFFF65
0000005C
FFFFF866
00000089
FFFFF89C
FFFFFE2A
FFFFF7FA
00000198
FFFFFE10
00000104
00000550
FFFFF6F5
000006C7
00000CB0
00000ACA
0000066F
000008E5
00000479
00000268
FFFFFC4B
FFFFFFB5
000006F7
FFFFFBD2
FFFFFA17
000004C4
00000962
FFFFF6B5
00000771
00000566
000005A5
000007C4
000002AA
00000C63
FFFFFF67
0000034B
FFFFFCB8
FFFFF55F
000002C0
FFFFFFFB
00000841
FFFFFBDE
00000171
FFFFF8A9
FFFFFAE4
000006A1
FFFFFCB5
000001BA
FFFFF3A2
FFFFFF0D
FFFFF9E1
0000034B
FFFFFEC6
FFFFFC0E
FFFFFEA2
FFFFF595
FFFFF8C3
FFFFFD44
FFFFFB8A
FFFFFCC2
00000042
0000048D
000001D4
FFFFF68F
FFFFF680
000000F4
FFFFFA05
00000436
FFFFF7CC
000001E9
FFFFFD45
00000498
000000EA
00000681
FFFFFBE1
FFFFF61B
00000D70
FFFFF99F
FFFFF798
000003EF
FFFFFBFF
FFFFF678
00000306
FFFFFCC4
FFFFFF4B
FFFFF51D
000000B8
000003EC
FFFFFAC8
FFFFFEE6
FFFFF561
FFFFF783
FFFFEC2F
FFFFFABF
FFFFF220
FFFFF703
FFFFFE98
FFFFFE0F
FFFFF86E
FFFFFDC1
00000853
00000300
FFFFF823
00000A66
00000C83
FFFFFDEA
FFFFF7CC
000000D9
0000130C
0000068A
FFFFFF0E
00000F15
00000594
00001443
000002E3
000006B1
00000C4F
FFFFFBE6
FFFFFCF0
FFFFF3C2
FFFFF56D
00000A33
00000357
00000514
00000329
FFFFFB4C
FFFFFDA4
00000225
FFFFF8FC
FFFFFE8F
0000015D
FFFFF922
000005C5
00000863
FFFFF778
FFFFFF91
000001F8
FFFFF47E
000004E4
FFFFFCBD
FFFFFE39
FFFFF810
FFFFFEC9
0000020F
FFFFF38F
00000223
FFFFFC06
000006BE
FFFFFACA
00000790
000002A4
FFFFFEF6
FFFFFCD5
00000125
FFFFFAF2
FFFFF72E
FFFFF726
FFFFF96E
000000A8
00000264
FFFFFE21
FFFFFFDE
FFFFFCD3
FFFFFA7A
FFFFF6D5
FFFFF9F3
000001B1
FFFFF47F
000008D5
00000A6B
FFFFFC82
00000543
FFFFFCA5
FFFFF8A6
000001AE
00000718
FFFFF835
00000CBC
FFFFFA8B
00000B33
0000075B
FFFFFB77
00000300
00000450
FFFFFD5D
FFFFFB25
000007CB
FFFFFB6B
FFFFFC05
FFFFF7B4
FFFFF4C6
FFFFF9A1
00000394
FFFFFD82
0000001E
000007C4
FFFFFA1B
000007FF
FFFFFAF0
000002B4
FFFFFA76
FFFFFA7F
FFFFFD2C
FFFFFCBF
000001E9
FFFFFF97
FFFFFB91
0000011B
00000421
000005A0
00000946
FFFFFF47
00000113
FFFFFAD0
00000438
00000C6A
FFFFFF73
000001C0
000008DA
0000090F
FFFFFBC4
00000DEB
FFFFF82A
000002D7
00000273
FFFFFDF4
FFFFFC85
00000805
FFFFFBCE
FFFFFE46
0000027D
FFFFFA82
FFFFFB03
00000427
FFFFF042
FFFFF724
00000233
00000104
FFFFF9D2
FFFFF1B6
FFFFF25B
FFFFFB96
FFFFFE89
000005C4
0000019C
00000133
000001FA
FFFFFC84
FFFFFA35
0000006B
00000366
FFFFFCAC
000004DC
FFFFFF65
0000031E
FFFFFC2E
FFFFFAFE
FFFFF30B
FFFFF728
FFFFF7DF
000004F5
00000163
FFFFF829
00000460
0000021B
FFFFFF1E
00000180
FFFFFFC6
00000410
000001FE
FFFFFEDB
0000039D
FFFFF3C6
FFFFF779
00000193
000002C6
000005FC
FFFFFD13
00000142
000007B5
FFFFF9EB
FFFFF295
0000002C
000006DF
00000316
0000054D
FFFFFE43
000006D7
FFFFFE20
000003C2
00000489
FFFFFD66
000004D1
00000574
FFFFFC1D
FFFFFEB2
FFFFF62A
FFFFF89B
FFFFF421
FFFFFCA1
FFFFFCAE
FFFFFEF5
FFFFEEA5
FFFFFE01
FFFFFA87
00000670
FFFFF9B2
00000656
FFFFF78C
FFFFFC12
FFFFFD99
FFFFFB1C
00000864
00000699
0000010F
FFFFEF99
FFFFF135
FFFFF40F
FFFFEDAD
FFFFF744
FFFFFBD0
FFFFF868
FFFFF5AC
00000073
FFFFF351
FFFFF3FB
FFFFF6A6
000004AB
FFFFFB0D
0000093A
FFFFFF24
FFFFFBAE
FFFFFEF8
FFFFF7A0
FFFFF7E4
00000604
000000A4
00000A17
FFFFFF2C
FFFFFB79
FFFFFA21
000007DB
00000126
00000104
FFFFF92D
FFFFFF6A
FFFFF9DF
FFFFFB2E
0000055C
FFFFFF93
FFFFF7C7
FFFFF710
FFFFFF20
FFFFF97C
FFFFF59C
FFFFF70E
000002D4
000002A6
00000164
0000001E
FFFFF989
FFFFF62D
0000044A
FFFFFB50
FFFFF947
0000005C
FFFFFA92
000008E7
FFFFF975
0000096D
FFFFF93B
FFFFFDFD
FFFFF416
FFFFFD36
0000033D
0000048D
00000BD4
00000670
FFFFFB4D
00000309
0000022A
FFFFFDA4
000005D3
000002F3
000006AA
00000784
000006B9
FFFFFD44
00000386
FFFFF6C8
FFFFF888
FFFFF54A
FFFFFE3A
FFFFF908
00000A4D
FFFFF6AD
FFFFFC8E
00000459
FFFFF7FB
FFFFF3B2
FFFFFA14
000000A0
000002DC
00000429
00000143
FFFFF9F6
000005C2
FFFFFA1C
000003D3
00000694
FFFFF523
00000245
0000019A
FFFFF912
FFFFF5AA
FFFFFA08
FFFFFFB6
0000017F
FFFFF891
FFFFFDB6
00000128
00000A33
00000431
0000094D
00000727
00000163
0000079D
00000411
FFFFFEC9
000002F0
00000370
000001D6
00000339
FFFFFEC3
FFFFFDAB
FFFFFF6D
0000000D
000006BD
00000125
00000670
00000059
FFFFF4BD
FFFFF6D6
00000336
FFFFF449
FFFFF714
FFFFFEF6
FFFFF724
000002E2
FFFFF4F7
FFFFFCDA
0000046F
FFFFF4D6
FFFFFF64
FFFFF534
FFFFFA62
0000078E
0000009F
00000370
0000006F
000000CA
FFFFFA01
0000054B
FFFFFA44
FFFFFB40
FFFFFCA8
FFFFFF78
FFFFF659
FFFFF7E4
FFFFFEDD
FFFFFC89
00000405
FFFFFA6C
FFFFF3A3
0000052A
0000015C
FFFFFE50
000002B7
FFFFFFE3
FFFFF357
FFFFF9B0
00000381
FFFFFFB2
FFFFFED2
00000548
000001D9
FFFFFFA2
FFFFFF4C
FFFFFAAA
FFFFFDE2
0000043A
FFFFFBC2
00000700
000002EA
00000471
FFFFFB7D
0000036F
FFFFF229
FFFFFFAE
FFFFF550
00000336
FFFFFDBD
FFFFFF8C
000002E4
0000013F
FFFFFED5
FFFFFA42
FFFFF58D
00000739
FFFFFA52
000000DB
00000958
FFFFFC10
FFFFFBED
FFFFFBAB
FFFFF8D9
00000571
FFFFF612
0000071F
000004A4
000000DB
00000132
FFFFF6A9
FFFFFE01
FFFFF6DE
00000732
FFFFFE8D
00000A2E
FFFFFB03
FFFFF743
FFFFFA3B
FFFFFF9A
FFFFFBF4
FFFFF777
FFFFFD25
FFFFFEB0
FFFFFB9D
FFFFF9D6
0000052A
00000412
00000641
FFFFFE73
000005D1
0000066A
FFFFF6A2
000003DF
0000091A
00000204
FFFFFF2D
000006DA
FFFFFFF5
000000C6
FFFFFA0E
FFFFF651
00000242
FFFFFA6B
00000352
00000162
FFFFFFCA
00000374
FFFFFF9F
00000921
0000097C
FFFFFF73
0000033D
FFFFFED4
00000578
00000142
000004FB
0000001A
FFFFFD9B
00000230
00000981
FFFFFB79
00000182
00000261
000004A0
000000B2
FFFFF9B3
FFFFFF40
00000576
FFFFFAFF
FFFFFC50
00000272
000006DE
FFFFFB04
FFFFFE27
FFFFFFA9
00000576
FFFFFDE7
FFFFF90B
FFFFFE1A
FFFFFD10
00000816
FFFFFE3C
FFFFFBF9
0000038D
FFFFFE35
0000039E
0000002F
FFFFFA5F
FFFFFB2D
FFFFFE19
0000042A
00000905
FFFFFDDA
0000045D
FFFFFCB5
FFFFFB56
000001D6
000007A4
0000045E
000001B0
FFFFFDC6
FFFFFE8D
00000277
FFFFFD71
000002BF
00000128
000006D6
FFFFFE76
000008C1
0000076E
00000218
000002B1
00000068
FFFFF9A2
0000011C
FFFFFD16
00000905
FFFFF958
0000060E
00000728
00000349
00000428
FFFFFD02
FFFFFB87
FFFFFF2F
0000006A
00000673
00000704
00000016
00000578
000003FB
0000046C
FFFFFF7C
000003E3
FFFFFE05
000005DA
00000196
FFFFFEE0
000001C4
00000336
00000051
FFFFFD65
FFFFFD47
0000021C
00000091
FFFFFED3
00000463
000003F4
FFFFFDDE
FFFFFDFD
00000331
0000083B
FFFFFD98
000008E7
FFFFFF08
00000165
FFFFFDDC
FFFFF878
00000012
00000306
000006AC
0000076C
FFFFFCEC
0000044F
00000339
FFFFFACA
FFFFFEF8
FFFFFD0F
FFFFF681
FFFFFC7A
FFFFFCC0
FFFFFC84
FFFFFF91
00000274
FFFFFEF7
FFFFFB66
00000251
FFFFFB19
FFFFF378
00000555
0000029D
FFFFFDFB
FFFFFB29
000001FD
00000040
000001B0
FFFFFF96
00000380
000001B3
FFFFFCBD
FFFFFABE
00000314
00000094
FFFFF931
00000254
FFFFFF3D
FFFFFC64
0000008D
00000156
00000271
00000749
FFFFFF5F
0000067A
FFFFFFA2
FFFFFDB8
0000027D
00000393
000005B2
FFFFFC78
000005BA
00000509
0000009A
0000022C
FFFFFC98
FFFFFCA1
FFFFFBBF
000002B6
000007ED
FFFFFECA
00000394
00000606
000006FD
00000822
00000445
0000060D
0000042B
0000023F
FFFFFDBB
FFFFFF6F
FFFFFCC5
FFFFFCE6
0000065D
00000436
FFFFFE50
FFFFFC77
00000124
00000677
FFFFFB98
000006C4
FFFFFFB4
FFFFFBC3
00000086
FFFFFF4B
0000003C
FFFFFC0E
000003FA
FFFFFEE2
00000400
FFFFF950
FFFFFC66
FFFFFF68
FFFFFF52
FFFFFCC8
FFFFF943
FFFFFEE9
00000071
000000F2
000002D7
FFFFFF5D
FFFFFE14
FFFFFEBF
00000469
00000638
FFFFFF07
FFFFFF82
FFFFFAD7
00000058
00000612
FFFFFD13
FFFFFF53
FFFFF9B8
FFFFFF02
00000159
FFFFFEEF
FFFFFEDF
FFFFFC99
FFFFFDC8
FFFFF813
00000344
FFFFFD19
FFFFFB28
FFFFFDF0
FFFFFA29
FFFFFCC8
FFFFFFD8
000001C2
000001CC
FFFFFE2F
000008CA
00000937
00000122
FFFFFE5F
000003D2
00000378
00000676
FFFFFB1F
00000675
FFFFFB00
000002FD
FFFFF7AC
00000758
FFFFFBA4
FFFFFEE4
000004EC
FFFFFE17
000004B3
000001AE
FFFFF94A
FFFFFB8B
FFFFFDE5
000002DB
000005A8
FFFFFE7A
FFFFFE11
00000705
FFFFFB5D
00000189
00000357
FFFFF82C
FFFFFC4A
00000407
FFFFFC97
0000034D
000002D8
00000089
FFFFFD78
000007DD
00000254
000008A8
00000643
0000032C
00000878
FFFFFB6E
FFFFFDA0
00000C0C
0000001C
00000178
000005E8
00000246
00000A05
00000952
FFFFFF1B
000000FB
FFFFFE3A
000007D8
00000487
FFFFFE1F
00000402
00000635
000004D0
FFFFFEFD
FFFFFDF8
FFFFFBB8
00000223
FFFFF74E
FFFFFEE5
FFFFF9AB
000000DD
0000023C
000001DD
FFFFFCB2
00000356
00000459
00000281
00000451
00000299
00000699
0000045D
FFFFFEA6
00000746
00000436
FFFFFC3C
FFFFFD30
FFFFFF8B
000001CF
0000053D
FFFFFC95
000000E3
000002B4
0000051E
000000CD
00000BF4
00000AC4
00000483
00000F51
FFFFF6B6
000007BF
FFFFFABB
000007A2
FFFFFCA2
FFFFF986
0000010C
FFFFFD35
000000D0
FFFFFF40
000001A6
0000011F
FFFFFCB6
00000370
000001AB
FFFFFED8
0000012B
FFFFFA14
0000065C
00000399
000006B8
0000021F
FFFFFE23
FFFFFE8E
000006D8
FFFFFEDD
FFFFFA88
00000547
0000006B
0000021D
FFFFFCF0
FFFFFFB6
FFFFF944
00000403
0000012F
00000136
FFFFFFA4
000002C5
000006B6
FFFFFDFD
FFFFFEA1
00000184
00000560
000005AF
000003C9
FFFFFDA9
0000068F
000007AF
000009BA
000003F2
0000018E
FFFFFF2A
FFFFFFAA
FFFFFD34
FFFFF98A
000003D6
0000039D
00000149
000005AB
0000008F
000001C3
00000014
00000A24
00000607
00000405
00000540
000003B9
FFFFFD87
00000291
00000634
000003B6
0000047C
0000057D
000004A4
0000069A
0000014B
00000433
00000450
00000069
FFFFFE60
00000678
00000872
000007A6
000008E2
0000070F
0000041E
00000132
000003E3
0000092C
00000556
FFFFFC45
00000555
000002FC
FFFFFB43
FFFFFE0A
000000F4
FFFFFFDD
FFFFFB2B
0000009F
00000224
00000318
FFFFFC98
000004DB
FFFFF7AB
FFFFFA52
FFFFFA03
FFFFFD76
000001CE
FFFFFBC2
000001ED
FFFFFE50
0000012A
FFFFFE6A
FFFFFC1D
FFFFFB33
000000A8
0000045B
000004E5
00000110
0000002B
00000104
0000040B
000004F5
FFFFFBA7
00000144
0000064A
FFFFFD34
00000353
00000638
FFFFFE44
0000062B
00000AFD
FFFFF967
00000254
00000C08
00000118
00000279
00000977
000001B9
00000956
0000043E
FFFFFDEC
0000032A
00000334
FFFFFF35
FFFFFC77
000003DF
0000011D
FFFFFEC1
00000121
000003BF
FFFFF95F
FFFFFF41
FFFFFAC9
000004A1
FFFFFE2B
FFFFFBA9
000001A3
FFFFFEB0
0000011C
FFFFFD4A
FFFFFFED
000003C3
000005BF
00000212
FFFFFC37
FFFFFD62
00000210
00000421
FFFFFE4B
000005C6
FFFFFCE6
0000016C
FFFFFD34
FFFFFC9C
000000F6
00000327
000004BD
000002CA
FFFFF8BF
000003D9
00000033
FFFFFE4A
0000084A
00000711
00000119
00000088
000000D3
000000E7
000004FF
000000F7
FFFFFC84
00000ACD
0000041D
00000248
FFFFF8FF
FFFFF7E3
000005E1
00000065
000002FF
0000029B
00000019
000000E2
FFFFFE1A
000006D1
000000FD
000004F0
FFFFFE7E
FFFFFDC1
00000673
FFFFFD0F
FFFFFF95
FFFFFDCB
FFFFFFAD
FFFFFBB1
FFFFFEB6
000003A1
FFFFFC78
FFFFFA1B
00000240
FFFFF9FA
00000438
0000060E
00000609
000005B4
FFFFFD9B
0000025E
FFFFFBBC
000000BC
FFFFFD72
000002B0
000009C8
000004A6
00000344
000001EE
00000632
FFFFFD87
000008F9
00000457
FFFFFF0F
FFFFFF19
0000070E
FFFFF9D8
00000546
00000450
FFFFFFBF
FFFFF629
FFFFF4C9
FFFFFEAA
00000394
00000043
FFFFFC2D
0000055B
0000005E
FFFFFD99
FFFFF7B4
FFFFFA26
0000038E
FFFFFD36
0000044A
0000055B
000001B3
FFFFFC8C
FFFFFAEF
FFFFFEF6
FFFFF465
FFFFFC6F
00000399
FFFFFF6A
000003E5
FFFFFBAB
FFFFFFA7
0000061E
0000082F
00000144
000001F9
00000271
00000150
000006AF
000001AE
0000007E
FFFFF9CA
000000D0
FFFFFD77
FFFFF97F
000004F9
FFFFFA0E
FFFFFE17
000003FC
FFFFFCDA
000002C7
FFFFFA59
000005FE
00000615
FFFFFFA0
FFFFFD3D
000007AB
00000624
FFFFFFDB
00000029
FFFFFAFE
FFFFFA72
FFFFFDDB
000004C4
FFFFF91A
FFFFFC6B
FFFFFD7C
00000179
000006CF
FFFFFB83
FFFFFB2E
0000056F
FFFFFB94
FFFFFBA4
00000231
0000023C
000003D0
FFFFFC65
FFFFF7F1
FFFFF9E7
000003F6
000000F7
FFFFF86D
FFFFFBDF
FFFFFB1A
000002B9
000000BA
FFFFF9DB
FFFFFAC5
FFFFFA8F
FFFFFCE8
FFFFFBA9
FFFFFCB4
FFFFFBC9
FFFFFE56
FFFFFE67
00000351
FFFFFE25
FFFFFA01
000002BC
FFFFFB1D
FFFFFED6
0000046A
FFFFFB19
00000284
0000008F
000000B9
FFFFFFC0
FFFFFE98
FFFFF9A1
000004EC
FFFFFD4C
0000001F
FFFFFEA4
000001FD
000004FE
FFFFFB8E
FFFFFC68
FFFFFC02
0000024E
FFFFFC7B
FFFFFBBB
FFFFFF02
0000052D
000004E7
0000083D
000000DE
FFFFFBFD
FFFFFFCC
FFFFFA71
FFFFFFE4
FFFFFF8C
FFFFFB02
000001C6
FFFFFB44
000000DC
FFFFFB23
000003AF
FFFFFFAA
FFFFFF69
00000347
00000178
FFFFFA5C
FFFFFD11
00000365
FFFFFB8D
00000350
00000139
FFFFFE7B
FFFFFB66
000000FE
FFFFFD49
FFFFFFD0
FFFFFEE0
FFFFFE2A
00000020
FFFFFCFA
FFFFFC47
00000199
00000452
FFFFFBE7
0000040C
0000064D
FFFFFCAE
000001CC
00000562
000001B1
00000160
000000B3
FFFFF6ED
FFFFF98E
000002C3
FFFFFBC1
FFFFF9B2
FFFFFA65
FFFFF9BF
FFFFF64A
FFFFF9FC
FFFFFA02
00000183
FFFFFB83
0000029B
FFFFFD77
FFFFFCDE
00000071
FFFFFB0A
FFFFFA39
FFFFFE18
000003E3
0000043B
FFFFFD34
00000110
000003A3
FFFFFF86
00000368
FFFFFB6D
FFFFF9C6
FFFFFEF4
00000692
FFFFFEE0
000003C9
0000072F
FFFFFCF0
FFFFF8D6
00000313
00000122
FFFFFCF0
FFFFFD3D
FFFFF975
000004D7
000003D2
0000017C
FFFFFD9B
FFFFF887
FFFFFFE9
FFFFF821
FFFFF84F
FFFFFA16
FFFFF94F
FFFFFC7D
FFFFF876
00000171
FFFFF8B8
FFFFFE39
FFFFFF73
FFFFFB19
00000295
FFFFFCD4
00000163
FFFFFE98
FFFFFC3F
000000D9
FFFFF982
0000019C
00000442
0000083A
FFFFF968
00000054
FFFFF8DB
FFFFFAF7
FFFFFCAF
FFFFF86E
000003F2
0000069B
FFFFFD51
FFFFF8E5
FFFFFED4
FFFFFB56
FFFFFD10
FFFFFCFB
FFFFF87E
00000152
FFFFFB84
FFFFFF1E
00000448
FFFFFFB2
000001D5
FFFFFAEC
0000031B
00000047
FFFFFCAC
FFFFFD4C
FFFFFE54
00000755
FFFFFF6F
00000172
00000492
000008F9
00000112
000001F6
000007EC
FFFFFE30
000004B1
00000462
00000088
0000005A
00000411
0000056C
000005F3
000006C0
FFFFFC6C
FFFFFE09
FFFFFC94
0000027F
00000089
FFFFF891
FFFFFB66
0000091E
000002E3
00000260
00000021
0000012C
FFFFFF47
FFFFF97E
000001FE
FFFFFEFE
00000069
0000025C
FFFFFE50
FFFFFF2F
FFFFFAA5
FFFFFBD7
FFFFF847
FFFFFC16
FFFFFB91
FFFFFCD4
0000010B
FFFFFFB1
FFFFFA49
000000A7
FFFFFB3A
FFFFFEBA
0000005B
FFFFFAF2
00000256
FFFFFF68
000005F3
00000528
000000CD
00000431
FFFFF895
FFFFF848
FFFFF784
FFFFFD47
FFFFFFC6
FFFFFAA2
FFFFFB93
FFFFFC12
00000364
FFFFF9C4
FFFFF74E
FFFFFD75
FFFFFA1E
FFFFF632
000003C4
FFFFF386
0000012C
FFFFF25D
FFFFF834
FFFFFCA2
FFFFFDE3
00000002
FFFFFF39
00000026
FFFFFB56
000000EE
0000015A
000005F4
00000628
FFFFFFE2
FFFFFBAC
000005AF
0000057C
FFFFFF5F
0000004D
FFFFFF7D
FFFFFBA8
FFFFF743
FFFFFBBA
FFFFF787
00000021
FFFFFF3E
FFFFFAB0
FFFFFBED
000000F6
00000274
FFFFFD32
FFFFF8C2
FFFFFE44
FFFFFB72
FFFFFD19
FFFFFE9C
0000050F
FFFFFB57
FFFFF835
FFFFFC5A
FFFFFA57
00000032
FFFFF77A
FFFFF805
FFFFF7B2
0000044D
FFFFFCB1
FFFFFF52
00000243
000001AF
FFFFFF17
FFFFF7E3
FFFFFCD6
FFFFFCDA
00000808
FFFFFED0
FFFFFF22
FFFFFE7C
FFFFF8C6
FFFFFACD
FFFFFBFB
FFFFFB6B
0000027C
00000333
000001A2
FFFFF565
FFFFFFFB
FFFFF902
FFFFFAE7
FFFFFBDC
FFFFF832
FFFFFDB2
0000049D
0000026F
FFFFF9B9
FFFFFDA7
FFFFF1DA
FFFFFC9D
FFFFFF82
FFFFFB3E
FFFFF9B6
00000224
FFFFF626
00000511
FFFFFF6B
00000409
FFFFFD78
FFFFFDB6
00000510
000005E7
FFFFFECF
00000076
00000034
FFFFFD9F
0000014F
FFFFFDB4
000001F3
000007A7
FFFFFCE5
FFFFFF1B
00000382
000000A9
0000036E
FFFFF58D
00000082
FFFFFEA9
FFFFFCD5
00000203
FFFFFEF8
FFFFFED1
FFFFFA2A
FFFFFD90
FFFFFAFA
000007C1
FFFFFF41
FFFFFBAD
FFFFFADA
000001A5
FFFFFE59
FFFFFE30
0000008F
0000008F
00000045
FFFFFA5A
FFFFFE19
FFFFF861
FFFFFE90
FFFFFE75
FFFFFF0E
0000031A
FFFFFDE5
00000799
000000D7
000006A6
00000226
FFFFFC48
FFFFFB8D
0000051B
FFFFFE61
000000AE
000005C3
00000183
00000004
0000055C
0000072F
0000021E
FFFFFA46
000001C2
FFFFFF93
000003CE
00000470
000000F9
0000055F
00000185
0000000B
FFFFF7BB
FFFFFF96
FFFFFCA1
FFFFFB40
0000059D
FFFFFEFC
FFFFFEAA
00000260
0000029E
FFFFF9EA
00000054
FFFFFFFB
FFFFF89B
FFFFFB4D
FFFFFDA0
FFFFFE88
FFFFFE7A
FFFFFABC
00000036
FFFFFC03
00000236
000000AA
FFFFFCA1
00000676
FFFFFCDD
FFFFFE2F
FFFFFF62
FFFFF807
FFFFF673
00000171
FFFFFDB6
FFFFF92D
FFFFFAA6
FFFFF842
00000022
FFFFFD2A
0000035D
FFFFFBEE
000000D4
FFFFFC45
00000456
FFFFF75B
0000007E
FFFFFD78
0000038B
FFFFF8FF
FFFFFA77
FFFFFC1F
FFFFF96B
00000043
FFFFFC42
000001AD
FFFFFAB7
FFFFFB4E
FFFFF7D4
FFFFFC20
FFFFF69E
000000CE
000001DF
FFFFFA98
FFFFFF19
000002CF
FFFFFD72
FFFFFC8C
FFFFFF0A
00001263
FFFFF3A0
FFFFF225
FFFFF927
00000F90
00000874
FFFFF7A7
00000437
00000610
00000BF8
00000573
FFFFF453
0000097A
00000D2F
FFFFFD5F
FFFFFAAB
FFFFF404
FFFFEC1C
00000186
0000068E
00000041
000008E8
00000839
00000467
00000204
FFFFFF38
FFFFF9D3
00000D2B
00000528
FFFFFF01
FFFFFC36
00000465
000001C9
FFFFF6E4
FFFFFEBD
FFFFF43A
00000F22
0000089D
FFFFF37E
FFFFF1D3
FFFFF32F
FFFFFCCC
FFFFFD64
0000110E
FFFFFA77
0000026F
000014F5
000009F5
FFFFF5C3
0000080A
FFFFF462
FFFFF4F7
FFFFFCCD
00000D70
0000023F
FFFFF487
0000083E
0000025E
FFFFFD80
00000958
0000039E
FFFFF313
FFFFF27D
0000001F
000005E4
00000655
00000032
000010DC
FFFFFB24
00000AB7
FFFFF4F8
00000852
FFFFF651
FFFFF30B
FFFFE9B4
0000092D
00000619
FFFFFD78
00000C8D
00000736
FFFFFD1B
FFFFFB10
00000101
00000707
000002C3
00000257
00000898
FFFFFF80
FFFFFFF7
FFFFFD51
FFFFF792
FFFFFE00
FFFFF246
FFFFF841
0000056A
0000047D
000006A6
FFFFFBF8
FFFFF78D
00000109
FFFFFF01
FFFFF588
FFFFFCDA
000000A7
FFFFF51B
000006D5
00000EAA
FFFFF9BC
FFFFFAAF
FFFFF1C0
FFFFF421
0000058A
000011CC
FFFFFC74
FFFFEEC4
FFFFED1D
FFFFFF04
000008B9
FFFFFDAD
FFFFFAC6
FFFFFF11
FFFFFE97
00000125
FFFFF513
FFFFF3B0
FFFFF72B
FFFFF538
FFFFFB8B
FFFFF34C
000002A9
FFFFFA17
FFFFFBA8
000001E2
FFFFFD26
FFFFFF02
FFFFF7A6
FFFFF703
FFFFFFB6
0000086A
00000D3B
00001494
0000126A
FFFFFC76
00000E73
00000A86
000004CD
FFFFF7C1
FFFFFE60
00000D11
00000F95
00000CA6
00000388
00000FD5
FFFFF87D
0000022F
FFFFFC2C
FFFFFCAE
FFFFF2ED
FFFFF954
FFFFFA6D
FFFFF4F3
FFFFF87A
0000017F
FFFFFE97
000007D1
FFFFFE81
FFFFFDF4
00000125
FFFFF7B7
FFFFF953
FFFFF843
000001C6
0000097A
FFFFF386
FFFFFF0F
FFFFF4A9
0000113E
0000073A
FFFFFF13
FFFFFC84
000007E7
FFFFEE0A
FFFFEB6D
FFFFEFB7
FFFFFC44
000011E0
00000BD7
FFFFFAA8
FFFFEDDB
FFFFF791
000011E1
FFFFFE06
000006F7
00000AF7
00000052
0000096C
FFFFF759
FFFFFB2A
0000056B
FFFFF4C3
FFFFFFE5
000007D4
FFFFE88A
FFFFF1BB
00000EA7
FFFFF8F4
FFFFFDFB
FFFFF889
00000249
FFFFF4E4
0000054D
00000317
FFFFFE59
000004F3
FFFFFA24
0000036C
000006FE
00000056
FFFFF3AB
0000020A
00000B28
FFFFF7C6
FFFFFEF1
FFFFFBF5
00000506
000003E3
00000555
FFFFF403
00000CFC
00000BB8
00000BDE
FFFFFE10
FFFFFCD2
FFFFFCD3
FFFFF86A
FFFFFC38
FFFFFD38
000011C6
00000ACE
00001333
00000955
FFFFF95C
00001011
FFFFFC16
FFFFFB12
000002CF
0000008C
000007C1
FFFFFC6F
FFFFF9D3
00000923
FFFFF81E
00000B3B
00000A71
FFFFFE16
00000AF7
000008D3
000002C4
000006AF
0000060E
00000570
00000F0E
FFFFFD99
FFFFFCDC
000002E0
FFFFF05B
000006C8
FFFFF609
0000064A
FFFFF9A6
00001CBC
000008A5
0000145E
00000F4E
00000D96
0000026D
0000032F
00000489
FFFFFF5A
FFFFF313
FFFFF7D6
FFFFF2CC
FFFFFABD
FFFFFEBB
FFFFFCCB
000004A6
00000674
00000CCB
FFFFF881
00000409
000008FC
000005CE
000003C1
FFFFFB36
00000B75
FFFFE608
000000BE
0000020D
FFFFFF0B
FFFFF754
00000374
FFFFF68A
000005E9
FFFFF869
FFFFFA96
000007CF
00000469
FFFFFD38
FFFFF458
000005FB
FFFFEE22
FFFFF7A7
FFFFF6CC
FFFFFA7C
00000663
FFFFED76
FFFFF421
FFFFF006
0000065A
FFFFEFE5
00000B99
FFFFFF4C
00000F46
FFFFF9BB
FFFFF4CF
FFFFF7D8
FFFFFF50
000005B2
0000016B
FFFFED29
00000032
FFFFF41A
FFFFFBC3
FFFFF6A0
FFFFFE7B
FFFFFCC9
000006A8
FFFFFE5E
FFFFFAC6
FFFFFBAF
000009F1
0000013B
FFFFF8BB
000006CA
FFFFF3E2
00000466
FFFFF191
00000A8C
0000017A
FFFFF3A4
FFFFF055
FFFFFBF8
FFFFF945
000006E3
FFFFF6D3
FFFFE998
FFFFFBD6
FFFFFA07
00000D5F
000001DD
00000245
FFFFFFB8
000006B5
FFFFF981
FFFFEFFC
FFFFF96E
FFFFF57A
0000056A
00000040
000011B2
0000025C
FFFFFEC6
FFFFF265
00000F7F
00001191
0000021A
00000F6F
0000140E
00000190
00000F21
000001C4
00000819
0000116C
FFFFFD80
000016B9
000005F7
0000096B
FFFFF4AC
FFFFF8D2
000012D2
00000383
FFFFF99C
FFFFF125
0000057D
0000009B
FFFFFA4B
0000091D
FFFFFEF1
FFFFFAF6
00000113
00000A6B
FFFFEE2B
FFFFFBD6
00000CBE
FFFFEF37
0000060A
000000ED
000006FE
0000016A
FFFFFFE1
00000A5E
0000017E
FFFFFC6D
000006EE
FFFFF0B9
FFFFF46C
0000070D
FFFFF886
FFFFE4E4
FFFFF7C4
000009B1
00001576
FFFFF0CB
FFFFFAC6
FFFFFFAC
00000281
00000501
000007F2
FFFFFBE7
FFFFF8F2
000004EB
0000164C
00000D5B
FFFFF942
00000EE6
FFFFFD99
FFFFF824
000007E0
FFFFF8ED
FFFFFAD7
FFFFF2DD
00000A95
00000D72
FFFFFE2C
FFFFEFF5
FFFFFCC0
FFFFFB8F
FFFFFABC
FFFFF29D
00000442
FFFFF8AE
00000D84
000008E9
0000024D
00000785
FFFFF985
00000BA2
00000098
000000BD
000001DC
0000012A
000000AB
FFFFF8F5
FFFFF67E
FFFFF494
FFFFFD5C
00000352
0000034E
00000448
000000D2
FFFFFF9B
FFFFF3BB
000002EB
FFFFFE71
FFFFF93C
FFFFFE13
00000F38
FFFFFE08
FFFFE633
FFFFF445
FFFFFAD9
FFFFEB21
0000036F
00000787
FFFFF234
0000064B
FFFFF755
000002A7
0000057A
FFFFFDA5
FFFFF5EC
FFFFFAE3
0000074B
0000062D
FFFFF20A
FFFFEA3C
FFFFFB55
FFFFFCCB
00000B1F
FFFFF29D
FFFFFD67
FFFFFDC0
FFFFFC8C
FFFFEEFF
00000172
00000B61
FFFFFB5C
00000A56
00000A83
FFFFF7A4
00000172
FFFFF7DB
FFFFF176
FFFFF17C
FFFFF5BF
FFFFF9F2
000002D4
00000BB9
FFFFFC16
FFFFFED4
FFFFFD12
00001091
00000915
00000E69
00000787
00000E0A
000010EA
00000180
00000DAF
FFFFF2A8
FFFFEE14
FFFFEF68
FFFFEC2F
00000033
FFFFECC6
FFFFFE4C
FFFFF546
00000497
FFFFFBC1
00000BE1
FFFFFCD0
000005B1
00000519
000006A6
FFFFF4A2
00000724
00000275
FFFFF0F5
FFFFFA60
FFFFE9C8
FFFFF04C
FFFFF926
000006AC
FFFFF75C
FFFFFBEB
00000986
0000057D
000003AF
FFFFFBD6
0000132B
FFFFF855
00000508
00000A4A
000008E1
0000000E
0000077F
FFFFF928
FFFFFAA3
FFFFF59B
00000520
FFFFF737
00000B25
FFFFFA22
FFFFF419
FFFFFD3F
00000014
FFFFFB3C
00000AF1
00000D4F
00000431
00000992
FFFFF843
00000C6A
FFFFF408
0000008A
FFFFF761
000004B1
000001BF
FFFFF642
000008CB
00000B7E
FFFFF35D
000002AC
0000071D
0000140C
00000073
00000233
FFFFFF24
00001145
00001542
000017E1
FFFFF86C
FFFFEC50
FFFFFF36
FFFFECC9
00000B3D
FFFFF0C1
FFFFFAEB
FFFFF0D9
FFFFFBFD
FFFFF63F
00000481
FFFFF92E
FFFFF8A1
000001EC
00000A62
00000AD2
FFFFEF55
00000ADF
FFFFFA9A
FFFFF011
0000007A
00000C32
0000042E
FFFFFF29
000006DC
00000BBA
000000AD
00000346
FFFFF94D
FFFFF8CF
00000DF3
FFFFFCD7
00000B6D
FFFFFF37
0000042B
00000178
0000006E
FFFFFBA8
FFFFFC24
000009CF
00000793
FFFFF7E0
0000044C
00000247
00000E3E
000002CB
FFFFFCC8
FFFFF57D
FFFFFD19
FFFFFF58
0000051E
FFFFF456
000001E9
00000C6F
FFFFFCDE
00000337
000006E6
FFFFF132
FFFFE033
FFFFEC25
0000027B
FFFFFDF7
00000676
FFFFF2BB
00000175
FFFFE71F
00000E73
FFFFFE3F
00000554
FFFFEA27
FFFFF115
FFFFF41E
0000032D
0000019F
FFFFF5AF
FFFFF3F0
FFFFF3B9
00000908
FFFFFEFA
FFFFF6A9
0000115A
FFFFF3DB
FFFFFC8C
0000066D
FFFFF5B1
FFFFF66F
0000034E
FFFFFDEC
FFFFEDF2
FFFFF680
FFFFF73A
00000F45
0000105B
00000AE5
FFFFF734
FFFFF447
FFFFF2DB
00000911
000000E2
FFFFFBEA
000001AA
000007B8
0000046D
FFFFF38F
00000835
FFFFFD9E
FFFFFDC3
FFFFF750
00000D02
FFFFFF34
00001400
000007AB
FFFFEBE5
FFFFF070
0000001B
00000259
000006B2
FFFFFBC3
000005FD
FFFFF83F
000004FB
00000B1A
FFFFF919
00000360
FFFFF09E
0000034C
00000467
FFFFFDBA
0000087A
0000015D
00000949
0000097B
00001353
FFFFF6FA
000009BB
FFFFF80E
FFFFED4B
FFFFF92D
FFFFFF64
00000309
FFFFFFB0
00000396
00000005
FFFFFE47
FFFFFAC9
FFFFFD48
FFFFFA9B
FFFFFA28
00000735
000001D8
FFFFFEBD
FFFFFADC
00000AE4
FFFFFF62
FFFFF413
FFFFF61A
FFFFFDC5
FFFFE858
FFFFEEB2
FFFFFE99
0000066C
000002DA
FFFFF653
00000128
FFFFF405
0000027A
0000013A
FFFFF1C7
FFFFFC1A
FFFFFE62
FFFFF169
FFFFEC6E
0000048E
FFFFF4A6
FFFFF8CD
0000011F
00000237
FFFFF405
FFFFF355
FFFFFCBA
000000A7
FFFFF641
FFFFF3DA
00000F86
FFFFF930
00000B27
00000EA0
000003BB
000005D1
FFFFFE61
FFFFF542
FFFFFB5E
000002D2
FFFFF320
FFFFE272
FFFFEDB2
FFFFF4DC
FFFFF94D
00000DDE
000000DE
00000547
00000649
FFFFF821
FFFFF184
FFFFF32B
0000014A
00000708
FFFFFDB8
0000040A
000007AD
00000461
FFFFE39C
00000003
00000298
FFFFF2AC
00000D2D
00000586
FFFFF171
FFFFE264
0000014F
FFFFFE22
000008FB
FFFFEE07
FFFFEAF6
FFFFFB69
00000254
000013E5
FFFFF75D
FFFFE4A8
FFFFE11D
FFFFDD47
0000138D
00000C1B
0000096B
000011AE
FFFFEFB7
000006D3
00000E85
FFFFFD4F
FFFFFEA3
FFFFFCA7
FFFFFD04
FFFFFF78
00001513
00000147
0000018C
FFFFF8D8
0000059D
00000705
00000656
00000042
00000C08
FFFFF60E
FFFFF6FC
FFFFEED4
FFFFFAA6
000006C6
FFFFFA9B
FFFFEE7C
00000E25
000004BD
00000429
000009C7
00000C7B
FFFFFB38
0000060F
000011E7
FFFFFCC4
FFFFFD2B
0000025B
FFFFF930
00000964
0000175E
FFFFF9CC
0000076F
000002EC
FFFFFEDE
00000F77
00000887
00000EC5
000018ED
00000C7C
FFFFF5B6
FFFFFA09
FFFFFBB1
00000B64
000008D7
00000553
FFFFFB8E
FFFFFBEA
FFFFFF3A
000001B2
FFFFFC47
FFFFF86C
FFFFF959
00000909
000000D9
00000B83
FFFFFBE7
00001826
00000F5F
FFFFFFE5
0000062F
000007AA
FFFFF8C2
00000730
00000C3D
0000058D
00000CB6
000011B1
00000A16
0000158C
000012CD
000018AA
0000069C
00000AE8
000003E7
000002AE
000000F9
FFFFE314
FFFFF92E
FFFFFC6D
FFFFFF00
0000053A
00000FB1
00000542
000013C6
0000125F
FFFFEE14
00000CE0
0000083E
0000163F
00001C26
000004D4
00000CBE
FFFFF860
FFFFF8F6
000004AD
000007C3
FFFFF64C
00000278
00001009
00000A93
FFFFFF3D
FFFFFDCA
FFFFF05F
FFFFFFE7
FFFFFD69
FFFFFAC8
FFFFF8E9
FFFFFE0C
FFFFEC86
FFFFFF06
FFFFF36F
FFFFF0A7
00000A71
FFFFEEE5
FFFFEB61
FFFFF863
FFFFE9D1
00000968
000000F3
0000004C
FFFFFC6B
FFFFFC3C
00000696
FFFFF107
FFFFF823
00001110
000004EE
FFFFFC34
FFFFFBCC
FFFFFF41
FFFFFD25
FFFFEDCB
00000D62
FFFFF61C
000004F1
FFFFFD28
000002AB
00000217
FFFFF55E
FFFFF445
00000777
00000996
00000FC7
FFFFF542
FFFFFB6C
000009D5
FFFFFFFE
0000104C
FFFFFD95
00000F34
000013D1
000002DD
00001BCC
FFFFFA13
00000455
000003E0
000006F2
FFFFFD7B
FFFFF405
00000696
FFFFF293
000005E3
00000602
FFFFF676
FFFFFD6B
FFFFEF36
000001F7
FFFFF40E
00000478
FFFFF78F
FFFFF5AB
00000599
FFFFFC1A
000012FC
00000D61
000001DA
FFFFFE86
00000E89
FFFFFEEF
00001345
000013C8
0000089C
0000063C
0000072C
FFFFF975
00000744
FFFFFDBA
0000093D
000004D0
FFFFF620
FFFFF636
FFFFF986
FFFFFC2A
FFFFF4BD
FFFFFD75
FFFFFEFA
FFFFF24A
FFFFF601
FFFFFD82
FFFFF6BE
000002D4
000009EA
FFFFF48A
00000354
FFFFF8DE
FFFFFD51
FFFFF844
0000107A
00000A34
FFFFF9B9
000019AC
00000466
00000D61
FFFFFEC3
0000089E
000017E5
000003ED
00000954
00000CAC
00000EB7
000000CC
0000128F
000015AC
FFFFF069
00000803
0000187B
000013B1
00000FB6
00000CE0
FFFFFC22
00000D1C
000002A3
000001D5
00000092
FFFFFFC2
FFFFF9F8
FFFFEDE2
FFFFFC16
FFFFFAA2
0000037A
000011C2
000002D0
00000B26
FFFFFF66
FFFFF85C
000009A7
000001FF
000009CC
FFFFF614
FFFFF664
FFFFF220
FFFFF3C8
FFFFF1C1
FFFFFE2F
00000420
00000618
FFFFFADB
FFFFFC0A
FFFFF7C8
FFFFF08E
FFFFFD62
0000018D
0000100E
00001A16
00000BB2
000003D2
FFFFFB6D
00000BAE
000006D2
000010C9
FFFFFD80
000003A1
FFFFFB3C
FFFFFC54
000008D0
FFFFF98D
FFFFFEFD
00000B75
FFFFF4D8
00000BFE
FFFFFBB4
00001162
00000902
FFFFFAB5
00000970
00000234
0000097D
000013F2
FFFFED36
00000B62
000003AF
0000025C
00000513
00000A86
000009A7
FFFFF71E
FFFFFA39
00000B68
000005F1
FFFFFE81
00000743
FFFFF67A
FFFFF629
00001235
00001540
FFFFF52C
FFFFF8F4
00000327
FFFFF7E4
FFFFFDAC
00000852
FFFFFA05
00000782
000001ED
FFFFF923
000001BD
000008A6
00000D32
FFFFF954
000006E0
00000497
00000A47
00000066
0000050A
FFFFF862
FFFFFE71
FFFFFF62
FFFFFDF4
FFFFF32C
FFFFEF7C
FFFFF7FE
FFFFEE2F
FFFFF63B
FFFFFE07
000008D4
00000411
FFFFF906
00000B08
FFFFF909
0000069C
00000836
00000AB4
FFFFF16F
FFFFFE98
FFFFF467
FFFFFC89
0000012C
FFFFF1AB
FFFFF625
FFFFF9A2
FFFFF9CF
FFFFFC35
00000098
FFFFFCCD
000001AC
FFFFF6B8
FFFFF8FA
FFFFFE8D
0000013A
00000100
00000741
00000EC0
00000ADF
00000185
000004FD
00000549
0000025A
00000A56
000006F2
FFFFFEA9
000002CB
FFFFFE03
FFFFFA42
00000112
FFFFFE69
FFFFFF5F
000004C9
000006FC
FFFFFC05
0000024C
000001F3
FFFFF956
FFFFF9B4
000001BC
00000119
FFFFFA1A
0000049F
FFFFFD35
FFFFFF07
00000394
000008A9
0000017B
00000373
0000039E
FFFFFA2E
FFFFF51A
000000B9
FFFFFE8C
FFFFFC92
FFFFFB15
00000588
000002F8
00000964
FFFFFF94
000009D8
FFFFFC72
0000060F
FFFFF93F
000003DF
00000658
FFFFFB76
0000000E
FFFFF976
FFFFFFE2
FFFFFF1F
00000441
0000085A
000003E3
FFFFF476
00000A79
FFFFFAD6
0000009C
00000502
FFFFF74B
0000003F
FFFFF6CE
00000329
FFFFFB7B
FFFFF4FD
FFFFF67B
00000216
FFFFF91A
FFFFFFF8
000000B7
FFFFF6F2
0000033E
00000046
FFFFF97B
FFFFF378
FFFFF576
FFFFFD68
FFFFFB7A
0000080E
000000B9
FFFFFCA3
FFFFF9FD
000001FC
FFFFFDDB
FFFFFA9E
FFFFFF42
00000479
00000DB3
00000B33
00000F44
0000111C
FFFFF941
00000358
FFFFFBD7
000007FE
FFFFFFA2
FFFFFCD9
FFFFFFA6
FFFFFDE9
00000302
00000AE8
000004BF
000000BC
00000482
00000E56
0000007B
00000617
000004A9
0000039D
FFFFFE02
00000602
000006BD
FFFFF7EB
000003A2
00000B85
00000649
000008B7
0000058B
FFFFFFF3
00000B38
000006ED
000009A1
000006FF
FFFFF85B
FFFFF781
000004F8
00000304
FFFFFB37
FFFFF9D3
FFFFFD3E
0000035B
FFFFFC55
000003B7
0000061A
FFFFFCFF
000006BF
FFFFF825
000003DE
FFFFFFF6
FFFFFC94
FFFFFF21
FFFFFAFF
000002A9
FFFFFD8F
000005EA
000004F3
FFFFFFF6
00000835
FFFFFD2E
FFFFF0E9
0000019B
FFFFFAEA
FFFFF9AC
00000338
FFFFF9A8
FFFFF3D0
FFFFF5AE
FFFFF3E8
FFFFF7E5
FFFFFB87
00000563
FFFFFA0B
000003B8
FFFFFAD3
0000000D
00000032
FFFFFCB7
00000140
00000128
00000004
000009C8
00000036
000005F8
FFFFFD69
FFFFFE38
000006D5
000002C5
FFFFF790
FFFFFEF4
FFFFFFF9
FFFFFED4
0000019E
FFFFF91F
000002E2
FFFFFB7F
0000030B
FFFFFFE0
FFFFFBCA
FFFFF793
00000850
FFFFFA8A
FFFFFB70
000004C2
000007EC
0000073A
FFFFFF09
000008DA
0000000F
00000220
0000023E
FFFFFD07
FFFFFABB
FFFFFBC2
FFFFFCCE
0000038C
FFFFF976
FFFFFEFC
00000069
FFFFF4D7
0000002D
00000427
FFFFFA48
FFFFFBAE
FFFFFE59
FFFFF14F
FFFFFFC1
000006DD
FFFFFF94
00000337
FFFFFEBA
FFFFFA0F
000002C9
00000177
0000051C
000006EB
00000F09
FFFFF7E1
FFFFFAE2
00000D0B
000000C0
000007DA
0000073A
FFFFFFE9
FFFFFA40
FFFFFC39
00000040
00000050
00000BCC
FFFFF8B0
000000A1
0000022C
FFFFF949
00000464
FFFFFBD8
FFFFF514
FFFFFC5E
000002B3
FFFFF1B5
FFFFF9A3
FFFFFBA0
FFFFFC3D
FFFFF6E6
00000C0E
FFFFFF21
FFFFF282
FFFFF7AE
00000269
FFFFF67D
FFFFFDC4
FFFFF8B9
FFFFFEC8
00000350
00000129
0000015B
FFFFF616
FFFFF87D
000003CA
FFFFFFD4
FFFFFF50
FFFFF6FD
FFFFFEF9
FFFFF52D
FFFFFC30
FFFFF88A
FFFFF9E9
00000413
FFFFFEC3
FFFFFE96
FFFFF554
FFFFF220
FFFFFDCB
FFFFFBD9
FFFFEE92
FFFFF537
FFFFF530
FFFFEF5C
FFFFF916
FFFFFCC5
FFFFEF12
FFFFEEDF
FFFFF654
FFFFF29D
FFFFF02F
000007D8
000008D6
FFFFFFB8
FFFFF92D
00000476
FFFFF9DE
00000267
FFFFEC86
00000496
FFFFF69B
FFFFFDAB
FFFFFE24
FFFFFABF
0000056B
FFFFF2D1
00000339
FFFFF92B
FFFFFF54
000003F8
00000833
FFFFFD63
00000120
FFFFFA8A
FFFFFE6B
00000691
000005CE
00000424
000008FB
000000FE
0000081B
FFFFFD99
00000C59
0000083E
00000BB1
000003FE
00000D17
FFFFFCFD
000000A7
FFFFFCF4
FFFFEFCF
000000FE
FFFFF573
00000139
000003F7
FFFFFF7E
00000402
FFFFFBC6
FFFFFD81
FFFFFE76
00000633
00000295
FFFFF660
FFFFF5A9
FFFFF6D2
000001CB
00000C12
FFFFF6E7
FFFFF9DD
00000226
FFFFF4B9
00000263
000004E7
FFFFF6E8
000007E3
FFFFF73D
0000047B
00000704
000002C7
FFFFF613
000007F8
FFFFFCA8
0000025B
FFFFF60C
00000839
00000221
FFFFF835
00000118
000008F7
000000B6
000005BA
FFFFFF5D
FFFFFCCE
FFFFFFE7
FFFFFFB5
FFFFFDC6
FFFFFF71
00000072
FFFFFC8C
FFFFFE8E
00000508
00000086
FFFFF3A5
FFFFF2AC
FFFFF884
FFFFFF31
FFFFF764
000002A0
FFFFFBC3
00000297
FFFFF936
FFFFFCC5
FFFFFB91
FFFFF45C
FFFFF3D8
FFFFFDB5
FFFFEFCE
00000315
FFFFFC4F
000007BD
FFFFFD9B
000001E8
FFFFFEDE
FFFFFF54
FFFFFF1E
FFFFF8EF
0000063C
FFFFFA3B
FFFFFC9E
00000567
FFFFF555
0000047C
000000F4
FFFFF999
FFFFFED6
FFFFF4A4
000002FD
000002AA
FFFFFFE6
FFFFF780
00000C47
FFFFFEDA
FFFFFD9D
FFFFFDDE
FFFFFCAA
FFFFF6B4
FFFFFD38
FFFFFB43
FFFFFFA0
FFFFF936
000003BE
FFFFF7F8
FFFFFC89
FFFFF04C
FFFFFDF0
FFFFFA1D
000002DA
0000000D
FFFFFF2E
FFFFFE96
FFFFF911
0000037E
FFFFFD42
FFFFF9F4
FFFFF65A
0000075B
00000763
00000264
FFFFFDE4
FFFFF5F2
FFFFF9D9
000001AC
FFFFFF45
FFFFF971
FFFFFD61
FFFFFBC1
FFFFF34C
FFFFFDE3
FFFFFA1B
FFFFF2A6
FFFFF903
0000017D
000001CE
00000074
FFFFF92F
0000087F
FFFFFE43
FFFFFF53
0000024B
FFFFFBBA
000004F6
000007C0
000007B9
00000016
FFFFFA1B
000000A4
00000073
FFFFF862
FFFFFFE6
FFFFF4E5
FFFFF4E2
0000003E
FFFFF569
FFFFFCEF
000001D3
FFFFF9E9
FFFFFA56
0000045C
FFFFF8F2
00000699
00000039
0000015C
FFFFFC0B
FFFFF8A2
FFFFF6C9
00000492
FFFFFFE0
FFFFFBFB
FFFFF228
FFFFF544
FFFFEDAF
FFFFF198
000000B1
FFFFFEF3
000004CB
FFFFFCB7
FFFFFDBC
FFFFF7E5
FFFFF826
FFFFF8B2
FFFFFAB5
FFFFF8DF
00000222
0000029F
FFFFFE19
0000030A
000005D2
FFFFFBDD
0000014E
FFFFFC3D
FFFFF52C
FFFFF744
0000064F
00000786
FFFFFCEB
0000045D
FFFFFE2F
0000063F
FFFFF789
0000020F
00000A45
0000059F
00000BAE
00000548
000002E5
FFFFF8CB
FFFFFBF6
000005B5
00000926
0000000F
FFFFF32B
FFFFF2C5
FFFFFD67
FFFFFBD3
FFFFFADD
00000823
FFFFFFEF
FFFFF96D
00000C8D
FFFFFCC2
FFFFFD8F
0000093D
FFFFFB64
00000B8B
FFFFF6AF
00000BB1
FFFFFEC8
FFFFFB9A
000005D8
FFFFFE92
00000202
00000024
FFFFFC24
FFFFFCBA
FFFFFF80
FFFFF946
00000290
0000033A
FFFFFFB7
FFFFFDB0
000003C8
FFFFFEAA
0000043B
00000BAE
FFFFFBDC
FFFFFB4A
FFFFFACE
0000034E
00000630
FFFFF8AD
0000046C
000005D0
FFFFF51F
FFFFF88F
FFFFFD03
000000AD
00000576
00000688
00000B7A
00000742
000006FA
00000655
FFFFFF6F
0000000B
00000572
000010A5
00000217
000002A6
00000558
FFFFFD78
FFFFFEC9
00000BD3
000007D1
FFFFFE47
00000CFC
000008E1
FFFFFE79
FFFFF867
000003F9
00000011
FFFFFE78
00000C8A
0000038D
000007CF
00001110
FFFFF3FC
FFFFF628
000000D2
0000045C
000009C6
00000975
00000658
0000024E
00000294
00000962
00000712
FFFFFBA2
FFFFF737
0000022C
FFFFFB2E
FFFFF548
0000072D
00000722
0000038F
00000082
FFFFFAA4
FFFFFE82
FFFFFF56
000002AC
FFFFFAE4
FFFFFAC4
FFFFF60E
00000452
00000853
FFFFFCA8
00000431
000008C6
FFFFFC71
00000E34
00000747
FFFFFA4E
FFFFFBBC
FFFFF904
0000068F
00000338
FFFFF20B
FFFFF167
FFFFFF9E
00000605
FFFFFF96
000007B2
FFFFFB1E
FFFFFC87
FFFFFB42
FFFFE87C
00000696
FFFFFC54
FFFFFAA6
00000479
000009C0
FFFFFC38
FFFFF963
FFFFF470
FFFFFB56
FFFFFD8A
00000216
000006E3
00000F06
FFFFF0E7
000002B8
FFFFF368
000007DC
0000080D
FFFFFCFC
FFFFFFE2
FFFFF34D
000005EF
00000964
FFFFF758
00000199
FFFFF7F6
FFFFF8F5
00000654
00000357
000004E1
FFFFFE2D
0000053C
FFFFFA0F
FFFFFC5C
FFFFF866
00000738
00000628
FFFFF93B
FFFFFBE6
FFFFFD09
000004CC
000004E6
00000E19
000003D9
000003A1
000004EC
000007AF
0000061B
0000020D
FFFFF898
00001027
FFFFFF4D
00000505
FFFFFFA2
00000866
FFFFFF2B
000000A9
00000463
FFFFFCD3
FFFFFDD1
FFFFF9CA
FFFFF66D
FFFFF610
00000682
00000576
FFFFFA2B
FFFFFB55
FFFFF9C0
00000373
00000106
000001B7
000003C9
FFFFF3A6
FFFFFECB
FFFFF5BD
000008C7
000005E4
FFFFFDAC
FFFFFA52
FFFFFFD1
00000328
FFFFFB11
FFFFFF30
000008A5
FFFFF786
FFFFFB36
000003F5
000002B4
FFFFF83B
00000B32
FFFFF9A4
000004AF
FFFFF7B8
FFFFF8B6
000006F0
0000013F
FFFFFF4F
00000EBB
FFFFFA75
FFFFFE8B
FFFFFF2D
FFFFF5F4
FFFFFE75
00000C6C
000001CE
FFFFFD85
00000DC0
FFFFFE47
00000276
FFFFF447
FFFFF3CA
FFFFFDCA
000001D4
00000634
FFFFFEC5
FFFFFF49
FFFFEBC7
FFFFFD00
000002B0
FFFFEF8C
0000070A
FFFFEE0E
000003F4
FFFFF9F7
000002FF
00000C7D
00000903
FFFFF842
FFFFF684
FFFFFE68
FFFFFA2F
00000F64
FFFFFEB9
FFFFF5D4
00000470
000003B9
00001477
00000506
FFFFFAAE
0000085B
000002D9
0000057B
00000609
0000050A
0000013E
FFFFFA5A
00000839
00000B05
FFFFFB1A
0000039C
000000B7
FFFFF786
FFFFF7C2
00000976
FFFFF7E4
00000170
000007DD
FFFFFA28
00000390
FFFFFB89
00000A19
FFFFF6A9
00000B72
00000C1D
000006BC
00000C2A
000003AE
00000642
FFFFFA41
FFFFFCA1
00000409
FFFFF44F
00000B84
00000422
FFFFF9A6
00000883
FFFFF44E
FFFFF8FA
FFFFFCED
FFFFFD0B
0000027A
000001BD
FFFFFA62
0000091D
000004AA
FFFFFB29
000007BB
000001BD
FFFFF511
000009E7
0000031E
FFFFFB8B
000002AF
FFFFF61A
FFFFFED2
FFFFFF0D
000003D1
FFFFFAD0
000003E4
FFFFFD32
0000005A
00000CBD
FFFFFE76
FFFFF906
FFFFF717
00000BB1
FFFFF46E
FFFFFEEC
FFFFF3A5
FFFFED58
FFFFFC74
FFFFF735
000009B7
000004BC
000009BA
FFFFFB1F
FFFFFF3D
000007BE
FFFFFBC7
FFFFFC8A
000009A8
000000B6
FFFFFA4C
00000403
00000221
00001330
FFFFF9EC
00000BF9
FFFFFE46
00000AF9
FFFFFD87
FFFFFD77
00000299
FFFFFBE8
FFFFF84F
FFFFFCEF
00000D8D
0000006D
FFFFFE6A
FFFFF09F
000006E1
FFFFFB99
00000344
0000087D
FFFFFD02
FFFFFDD3
00000020
FFFFFE77
0000045E
000003C8
FFFFF6A4
00000576
FFFFFDBB
00000395
FFFFFB39
000008F5
00000A39
00000F17
FFFFF8DD
FFFFFB1D
FFFFFE08
FFFFFB53
FFFFFC71
FFFFF642
000007B1
FFFFFC97
FFFFFD11
000009CE
FFFFF991
00000515
FFFFFBA9
000006A4
000004E9
00000530
00000069
000004FE
FFFFFB4C
00000BD5
FFFFFFEC
000003FA
0000081E
FFFFFFCE
000003A5
00000A58
FFFFFD1B
000005BF
FFFFFF79
FFFFFDF2
00000228
FFFFF669
FFFFF6A5
00000947
0000022C
000003EF
FFFFFD89
00000276
00000247
00000E1F
FFFFFF68
FFFFF9D0
000009DE
FFFFFE97
000008A1
FFFFFAEB
FFFFFF7B
FFFFF942
FFFFFD85
FFFFFDA1
FFFFFA15
000009CA
FFFFFB3A
FFFFFB8E
FFFFFADD
0000092E
00000C7E
000004B8
00000784
000008BA
FFFFFBA0
00000A6C
0000079E
00000729
000003E6
00000504
00000650
00000C71
00000048
000006A9
00000013
000003CE
00000253
000006D5
FFFFFF2B
FFFFF732
FFFFF79D
FFFFFD6B
00000BF0
00000048
00000B3B
00000587
FFFFF81E
0000010A
FFFFFECE
FFFFFEDF
FFFFF93B
0000018E
FFFFFD90
0000018A
000003D7
FFFFF5DB
00000F28
00000090
00000149
00000478
000006E1
0000006E
00000611
FFFFFC81
000004FF
00000649
00000247
FFFFFD49
0000018A
FFFFFE37
00000379
FFFFF662
FFFFFD68
000002DC
000002FC
FFFFF359
FFFFF586
00000BAB
00000540
000002B4
00000488
0000069D
FFFFF953
000008D6
00000311
FFFFF593
00000170
FFFFFE66
FFFFFCBB
000007C4
000000A7
FFFFFBB9
000009A6
FFFFF6F0
FFFFFC1A
FFFFF528
FFFFF10D
FFFFFFF4
FFFFFD66
FFFFFA63
000002EB
FFFFF11A
FFFFFD0C
FFFFF745
00000C90
FFFFFC74
FFFFFDEA
00000469
000002DC
FFFFEAF4
FFFFFE65
FFFFFDFC
00000625
00000D6B
FFFFF457
0000095A
0000024D
000006B3
00000351
FFFFF4E7
FFFFFC30
FFFFF5EF
0000047D
0000030F
FFFFFE82
FFFFF88A
FFFFFAE7
00000950
0000094A
FFFFF9DF
FFFFFB08
FFFFF687
FFFFF15B
FFFFFE50
0000042E
FFFFFC2C
00000DC8
FFFFFEF6
FFFFFC76
0000070E
FFFFFF00
FFFFFE85
00000683
00000681
00000792
000009E0
0000081F
FFFFFD67
0000009D
0000059E
FFFFFB5A
000000E1
00000C03
00000882
00000409
00000217
FFFFFB05
00000181
FFFFFF3F
FFFFFFF1
FFFFFEC1
FFFFF9D4
FFFFFBAA
FFFFFC04
FFFFFC02
FFFFF2B2
FFFFFA2F
FFFFF3C6
FFFFFDF3
FFFFFD7A
FFFFFB56
000001E1
FFFFFD52
FFFFFA4C
00000247
0000057B
00000037
FFFFFDE6
00000954
000000F7
00000259
FFFFFDC4
000001F3
FFFFF9C3
0000005D
FFFFFD1D
FFFFFBD9
00000333
FFFFFD95
FFFFFDF6
FFFFFCA3
00000B23
FFFFFDBE
000008FD
00000140
FFFFF8DF
FFFFFB4F
FFFFFD9A
FFFFFF0B
FFFFFDAD
FFFFF754
FFFFF8BC
00000190
0000058E
000002CA
0000031C
FFFFFD37
FFFFF92F
FFFFF91F
FFFFF80F
000000D3
FFFFFBB9
FFFFF729
0000013B
FFFFFF20
FFFFFF45
FFFFFFD8
FFFFFD36
FFFFFC8C
FFFFF4B6
FFFFFEB2
00000317
FFFFFB4C
FFFFFED0
0000021C
FFFFFC93
00000196
00000326
FFFFFB9C
00000771
000003E0
FFFFFFA6
0000007A
0000058C
FFFFFF21
FFFFF551
00000003
FFFFFA57
00000365
00000785
FFFFFD78
000003F6
0000062A
FFFFF7B2
000004E6
FFFFFBE5
FFFFFF4D
000001C9
000000B5
0000026F
FFFFF97F
0000046B
FFFFF4F8
FFFFFFF7
FFFFFD25
00000183
FFFFF858
FFFFF77E
FFFFFEFE
00000582
FFFFFD0A
0000037B
00000AF9
FFFFF849
000003F7
000000F5
00000237
0000007F
000004D7
FFFFFA36
FFFFFD7C
0000099A
0000072D
00000354
000005F0
000009E8
FFFFF7DC
FFFFFAD5
0000022A
FFFFFDF5
FFFFFC31
00000220
FFFFFCA7
FFFFFB8F
FFFFF874
FFFFF6F4
00000345
FFFFFC6D
FFFFFB9D
000003AC
FFFFF362
00000031
000002B5
FFFFFDBD
FFFFF5A1
FFFFFDEC
FFFFFAE9
FFFFFDCA
00000286
FFFFF477
FFFFF7A2
FFFFFA48
000001D8
FFFFF6C0
000006A9
FFFFFBA7
FFFFF58F
FFFFFEAA
FFFFF895
FFFFFC15
FFFFFD65
000000B1
FFFFF3F9
FFFFFFEA
FFFFFA2A
FFFFF8A5
FFFFF72E
FFFFFEF4
FFFFFFE3
FFFFFC04
FFFFF73C
FFFFFBBF
FFFFFBCF
FFFFFAE1
FFFFFEF2
FFFFFE1D
FFFFFBE1
00000289
FFFFFB2A
FFFFF8CE
FFFFFD13
FFFFF9D5
FFFFF96F
FFFFF7BF
FFFFFA74
FFFFF9BE
FFFFFCBE
FFFFF81F
00000237
FFFFF57F
FFFFF875
FFFFF808
FFFFFE95
FFFFFF93
FFFFFF22
FFFFF7A7
FFFFFB95
FFFFF77D
00000133
FFFFF6D1
0000033E
000004E3
FFFFFA20
FFFFFF41
0000063B
00000091
FFFFF53F
FFFFF834
FFFFF92A
FFFFFC49
FFFFF1B3
FFFFF37F
FFFFF55F
FFFFF765
000001A9
0000003C
FFFFFB19
FFFFF7BB
FFFFF641
FFFFFD12
FFFFFD83
FFFFFDDF
0000008F
FFFFFB7B
0000053F
00000049
0000002E
0000080D
00000258
FFFFFED4
0000018D
000001AF
FFFFFCD1
FFFFFE3E
FFFFFCFF
FFFFF82A
00000205
FFFFFEB5
FFFFFDCB
00000623
FFFFFF8F
00000303
000004FC
FFFFFE60
FFFFFE51
FFFFF5B5
00000725
000005DF
FFFFFAEC
FFFFFCA7
00000A21
00000B87
FFFFF931
000003B9
FFFFF826
FFFFFE1E
FFFFFD6E
FFFFFF5A
FFFFF6E7
0000005F
00000084
FFFFFD8E
FFFFFE7B
FFFFFF5D
00000094
FFFFF7DA
FFFFFEF9
00000361
FFFFF968
FFFFF695
FFFFFA7E
FFFFFB9B
FFFFFF3C
FFFFFBC1
000002C1
000006D4
FFFFFC8A
00000235
FFFFF96C
0000011C
FFFFFB34
FFFFFA7F
FFFFF5FE
FFFFFAFA
00000261
FFFFF964
00000360
00000049
FFFFF145
FFFFF862
0000052D
000003C7
FFFFFAE5
FFFFFC69
FFFFFBFA
000001F5
00000820
000001CD
00000782
FFFFFAE0
FFFFF7AB
000009F9
FFFFFBE8
000006E3
0000003C
000005C5
000006B5
00000526
FFFFF998
0000036A
FFFFFC7A
FFFFF9E9
FFFFFCFF
00000C58
00000513
00000495
000006BB
00000365
000000B5
00000A8D
FFFFFC2A
FFFFFBCB
000000C1
FFFFFFC7
00000567
000003CA
FFFFF69B
0000023C
FFFFFE3B
FFFFF765
0000017F
000003A1
000002C5
FFFFFFF4
FFFFFB41
00000889
000007E3
0000029F
000008FD
FFFFF669
000002B7
FFFFF7B4
00000576
00000819
0000053B
FFFFFE43
FFFFF8BF
000006B2
FFFFFFEE
00000542
000005D1
FFFFFB70
000005EE
0000093F
00000AAB
000004C3
0000009E
FFFFFE5E
00000062
FFFFFA56
FFFFFE65
FFFFFF79
000002D3
FFFFF929
00000095
000001B2
FFFFFAED
FFFFF89A
FFFFFB73
00000539
00000905
000007AD
FFFFFA08
00000426
FFFFFDC6
FFFFF6EC
00000452
FFFFF5C5
000004F5
FFFFFEB8
00000138
FFFFF715
00000429
FFFFFDF1
FFFFF463
00000007
00000334
FFFFF6BA
FFFFFC04
FFFFF5CF
000000C5
0000057C
0000041A
0000047F
FFFFFCE7
00000038
FFFFFB29
0000045E
FFFFFBFD
0000018D
FFFFF851
FFFFFFFC
0000012B
000004C3
00000963
00000339
FFFFF5B6
FFFFF1F3
FFFFF8FF
FFFFF343
FFFFFAD9
FFFFF82A
FFFFFF65
FFFFFCE9
FFFFF557
FFFFFF6B
00000029
000000DE
FFFFF64A
FFFFFA5E
FFFFF56D
0000032C
FFFFFB64
FFFFF100
00000B5F
0000009B
000004F9
0000065F
000002B5
FFFFFEB6
FFFFFB8C
000005BD
0000045F
FFFFFCBE
0000060E
FFFFFE99
00000A4A
00000240
FFFFF931
0000057D
000004CD
00000518
FFFFFBCA
FFFFFAFB
FFFFFB8C
FFFFFA5E
FFFFFADD
00000038
FFFFF50D
FFFFFB0E
FFFFF237
FFFFF81A
FFFFFE1C
FFFFFCAD
00000095
FFFFF5AE
FFFFFBBF
000000FB
FFFFFB99
FFFFFAF1
FFFFFC21
00000094
000002B2
FFFFFF74
00000018
00000130
00000020
FFFFF831
FFFFFD05
FFFFFAE4
FFFFFDBE
FFFFFCAF
FFFFFC8A
FFFFFED4
FFFFFC30
FFFFFCDA
FFFFF848
FFFFFE9D
00000493
FFFFFF6C
00000548
FFFFFF78
FFFFFC32
FFFFFF57
FFFFFD41
FFFFFD13
000004C7
FFFFF8E2
FFFFFF59
FFFFF1D2
00000032
FFFFF8B5
FFFFFC17
00000793
00000270
FFFFFF39
FFFFF9B5
FFFFF803
0000021E
FFFFF968
0000045E
FFFFFCCC
0000014C
FFFFF8D6
FFFFFD42
FFFFFB87
FFFFF89E
FFFFF81C
FFFFF58F
FFFFF261
FFFFF336
FFFFFB1C
FFFFFEDE
FFFFF774
00000B1B
000006C5
FFFFFFFF
000009EA
0000045A
000003F5
FFFFFE99
00000349
00000AAD
000003D9
00000975
000001F5
00000AA6
00000613
FFFFFD4B
00000647
FFFFFFED
00000937
00000150
00000374
00000201
0000036B
00000525
000004DB
000003E5
00000B7A
00000134
000004AB
0000058E
00000499
0000060E
FFFFF9D5
0000065B
000001FD
FFFFFB6A
0000009A
00000492
FFFFFE29
FFFFFDAA
FFFFF7B6
00000180
FFFFFBD6
000004B8
FFFFFD18
FFFFFAB3
000005B0
FFFFFD97
000000BF
000000A3
FFFFFBFB
FFFFFE8E
FFFFF652
FFFFFABD
00000255
00000260
0000053B
000000E3
FFFFFD42
000000D1
000001EB
00000262
0000048E
FFFFF930
FFFFEF45
FFFFEFC4
FFFFF77A
FFFFFDC0
FFFFF5B8
FFFFF32D
FFFFF837
FFFFF9CB
FFFFF3EE
0000051F
FFFFFCB2
FFFFFB64
00000472
FFFFFCE4
FFFFFE67
FFFFFE10
00000719
FFFFFD03
FFFFFC6E
00000046
FFFFFCD3
0000062D
00000172
FFFFFC80
000000C2
FFFFFBDC
FFFFF5C9
FFFFFCD2
FFFFF9F4
FFFFFD5B
00000AEE
FFFFFD63
000002C8
FFFFFB5E
FFFFF909
FFFFFAF9
FFFFFBC9
0000089F
FFFFFA30
FFFFF7A6
FFFFFA7B
000005B5
FFFFFD9E
FFFFFB73
FFFFF82C
FFFFFEC9
FFFFFE23
FFFFF22E
FFFFFD8E
FFFFFAEF
FFFFF85F
00000346
FFFFFFEB
00000169
00000489
000008C4
0000073D
FFFFFDFA
FFFFFBB5
0000022A
00000D41
0000034A
000000AE
000003A4
0000011D
0000032E
FFFFFE57
FFFFF1E3
FFFFFABD
FFFFFB88
00000177
FFFFFE66
FFFFFE53
00000496
FFFFFBBB
FFFFFD66
FFFFFC60
FFFFFBBA
00000769
FFFFF476
000005C8
FFFFFC5F
00000239
FFFFFFF9
0000060D
0000053A
0000016D
000002AD
0000071E
0000012C
0000007B
000008DE
FFFFF936
000005E1
FFFFFB55
FFFFFB2B
000007CB
00000697
FFFFFF8C
FFFFF380
FFFFF6C6
FFFFF70E
0000033D
FFFFFCD7
000002CF
FFFFF644
0000008F
FFFFF6C9
0000025A
00000052
FFFFFB66
FFFFF661
FFFFF64D
FFFFFAFE
000002AC
FFFFFC32
FFFFFAA7
FFFFFA36
FFFFFB61
000006B9
000004F0
FFFFFA4A
0000044B
FFFFFF9D
FFFFFFF0
000000F9
FFFFFBAE
000002A3
FFFFFDF3
000004DA
000000D2
000000F9
FFFFFE46
00000802
00000419
00000227
FFFFFAAF
0000047C
0000095D
FFFFF81F
00000991
000007BE
000003FB
FFFFFE38
000004FE
FFFFF549
FFFFFF05
0000030A
000006DE
00000403
0000073C
FFFFFB78
FFFFF79B
0000056C
FFFFF9FF
FFFFFD83
000000F7
FFFFF985
00000397
FFFFFDBF
00000457
0000066C
000001FB
FFFFFE2F
00000CD8
000008F5
FFFFFF7B
FFFFFECB
00000845
FFFFFD7A
00000485
00000050
FFFFF89A
00000120
FFFFF6BF
FFFFFA7E
FFFFFE3D
FFFFFF64
FFFFFB73
FFFFFC7D
000006A1
FFFFFAAC
FFFFFFB1
00000310
FFFFFFF3
0000036A
FFFFFD0A
FFFFF8E0
00000441
FFFFFB3A
0000055F
FFFFFB7F
FFFFF618
000005EA
FFFFFD04
FFFFFF2B
0000003A
FFFFF898
FFFFF84C
0000008A
000000F4
FFFFF87A
000000A6
FFFFF7F2
FFFFFE29
00000483
000004B0
000001EA
FFFFFA3B
00000346
0000009F
00000502
00000250
0000056F
0000012A
FFFFFDFA
00000549
00000593
FFFFF5A5
000004B3
FFFFF57C
FFFFFCD1
FFFFF875
FFFFFD58
FFFFF819
FFFFF2DA
FFFFF576
FFFFF580
FFFFF72B
0000028C
FFFFFA6B
FFFFF19B
FFFFFF3D
FFFFFB9A
FFFFF8FC
FFFFFF97
FFFFF95A
FFFFFCC2
00000677
00000054
FFFFFBAC
00000276
00000249
000002F7
FFFFF864
000003EE
FFFFFB75
FFFFFCA9
FFFFF9C3
FFFFF8E8
0000045D
FFFFFCA3
FFFFF9CA
000005C6
FFFFFACC
00000456
00000660
0000018A
FFFFFD88
00000155
00000A1B
000001F7
00000516
000003E8
FFFFFEFA
00000557
000005FA
FFFFF857
000005E1
00000419
000003FB
FFFFFC55
FFFFF877
FFFFFBA7
0000099D
00000100
00000968
00000296
0000044A
FFFFF7EE
00000310
000003E6
FFFFFAA2
000002D2
FFFFF8BA
00000200
00000709
0000052E
FFFFEF7A
FFFFF904
00000023
FFFFF994
FFFFF930
FFFFFA0B
FFFFF5B3
FFFFFAC1
FFFFF84B
0000055F
000005B8
00000105
FFFFFD5F
FFFFF3BC
00000341
FFFFFF51
FFFFFD83
000004C1
FFFFFA9F
00000924
00000068
FFFFFB1B
FFFFFB13
00000347
FFFFFD7C
000000D8
FFFFF590
FFFFF8E3
FFFFFD55
FFFFF9FA
FFFFF8A1
00000365
FFFFF60A
FFFFFAFB
FFFFF862
00000197
FFFFF8EC
FFFFFDAE
0000002F
FFFFFF8B
FFFFF353
FFFFF832
000004F7
00000674
00000268
FFFFEF7F
FFFFEE91
FFFFF7C5
FFFFFA0E
00000806
FFFFF71F
FFFFF891
FFFFFA02
FFFFFC7D
000008DB
000005B0
FFFFFFF4
FFFFFB14
000005B8
FFFFFEE5
FFFFF7A8
000005AA
00000118
FFFFFFD8
FFFFFDEA
00000903
0000021B
FFFFFC95
FFFFFBAE
FFFFFD13
000001F8
FFFFFCF4
FFFFFD4E
FFFFFA61
FFFFF9B5
FFFFFC87
FFFFF8EB
0000004C
FFFFFD3C
FFFFF846
FFFFFEA4
FFFFF98D
FFFFFEE2
FFFFFBDE
000000D3
0000044A
000002CE
000008F1
000003F9
0000036B
FFFFFEB3
FFFFFD0E
FFFFFB23
FFFFFA97
0000007B
FFFFFB51
0000016B
00000461
FFFFFC35
FFFFF87E
FFFFFDBE
00000552
000006FD
FFFFFE4F
00000257
000007FF
FFFFFD94
0000008E
000001B2
00000239
000002DA
000001FA
000003E2
00000717
00000598
FFFFFDD9
00000265
00000163
FFFFFF63
00000398
00000413
000001D3
000008CF
FFFFF914
FFFFFF8C
000002DA
0000017C
FFFFFF1F
0000006F
000007D9
FFFFFE04
FFFFFBBC
FFFFFF44
000002D5
FFFFFC9C
FFFFFBC0
FFFFE9BA
FFFFFF3E
FFFFFBD6
FFFFF7CB
000001D3
FFFFF73A
FFFFFD92
FFFFFC8A
FFFFFE36
00000618
FFFFFAFA
0000006C
FFFFFF28
00000968
FFFFFE22
000003D3
0000074D
FFFFFDF0
FFFFFDE4
FFFFF982
0000005E
0000021D
FFFFFFA6
FFFFFA95
FFFFF9B3
0000047D
FFFFFB0C
000007DB
FFFFFEFD
000003DB
FFFFFDA2
FFFFF5DF
0000033A
00000735
FFFFFF24
00000235
000001A3
FFFFF373
00000476
FFFFF09F
FFFFF4A4
0000012E
0000018C
FFFFFF66
00000336
FFFFFBC0
00000510
FFFFFA99
00000164
000000BB
FFFFFAAF
FFFFFDD2
00000073
FFFFF7DF
FFFFF665
FFFFF133
FFFFF6CE
FFFFFA1C
FFFFF92B
FFFFFC18
FFFFF509
FFFFF9F1
00000840
0000041C
FFFFFB66
FFFFFB3D
00000513
FFFFFCE4
000005D5
FFFFFAE6
000005F4
0000015F
0000058B
000002C5
FFFFF8D8
FFFFFDD6
00000722
00000375
00000024
FFFFFC64
000002BB
0000052E
FFFFFC28
0000031B
FFFFFA53
0000074A
FFFFFC6F
FFFFF686
FFFFFC06
FFFFFBBE
FFFFF3E9
FFFFED6D
FFFFF873
FFFFFCC2
000000F1
FFFFF4CD
FFFFF2E0
000000FF
FFFFF1CD
FFFFFF7E
000001FD
FFFFF3AB
FFFFF6D2
000000C2
FFFFFA74
00000471
FFFFFAF0
FFFFF7A7
FFFFF5BA
FFFFF540
FFFFF5C5
FFFFF327
FFFFFFC0
FFFFFED3
FFFFF263
FFFFF91F
FFFFFB75
FFFFF70C
FFFFF916
FFFFFC77
FFFFFA4A
0000034D
FFFFFFEC
FFFFFCB2
00000205
FFFFFB91
FFFFFD4E
FFFFFB7C
0000031A
0000039F
000004E0
FFFFFCDE
FFFFFE3B
00000780
0000040B
00000319
0000064C
0000052B
000008B6
FFFFFE1B
000003E1
FFFFFD1A
FFFFFEDC
0000044F
0000095D
FFFFFAFE
00000E65
000007B0
000006D8
00001330
FFFFFF40
00000381
00000218
FFFFF83F
FFFFF687
00000952
00000575
000004EA
000000AC
FFFFF4AE
000000DE
000000FB
00000CAD
00000268
FFFFFF7E
000004B1
FFFFFC7D
00000544
FFFFFD7C
00000257
FFFFF9A7
0000063E
000001BD
FFFFFE73
FFFFF97C
FFFFFF2D
00000558
000008B2
FFFFFEDF
00000A16
000003D2
FFFFFC2C
00000471
FFFFF605
FFFFF8B9
0000020C
FFFFFBAD
000003E3
000002D5
00000344
000008EF
00000B73
00000AD2
000008DF
00000124
00000041
000000AE
FFFFF66C
FFFFF571
FFFFFF41
0000046C
000005A4
FFFFFEEB
000002BB
FFFFFBC7
FFFFFA73
0000003D
FFFFFB2D
00000332
000004C0
00000622
000002AC
0000092B
FFFFFFC2
00000648
00000860
FFFFFD8C
000006D8
000004B9
000007E9
FFFFFF29
0000037D
FFFFFF83
00000621
FFFFFFDA
0000087C
00000A9F
00000C00
00000809
000004F7
FFFFFCBB
FFFFFE8B
FFFFFDB3
00000599
FFFFF865
FFFFFA55
000005C1
00000704
000004F3
00000237
FFFFFABE
FFFFF81F
00000C46
FFFFF854
000006D4
000005D6
000003E9
FFFFFD46
FFFFF963
0000061D
FFFFFE08
00000832
00000005
FFFFF895
FFFFF9F9
FFFFFDBC
FFFFFB06
00000553
FFFFFD5A
FFFFF992
0000042A
FFFFF7C4
FFFFFF72
FFFFFFD5
000005DC
FFFFFC76
000000D0
00000471
00000444
00000243
FFFFF94F
FFFFF9B0
000008EA
FFFFFCAE
FFFFFD84
000007B3
FFFFFDE1
000005CC
FFFFFF09
FFFFFC7F
00000159
00000060
FFFFF8FE
00000828
00001007
00000739
000002FA
0000066B
000000FE
FFFFF82F
000004D9
000006EB
FFFFFBCD
0000033A
FFFFFAE7
0000074C
000009D3
FFFFFB2A
FFFFFC48
0000013D
000005A0
FFFFF880
0000061E
FFFFFA6D
FFFFFE71
0000020C
FFFFF8D9
00000652
00000527
FFFFF94A
FFFFFFA8
00000317
000000DF
FFFFF909
00000228
FFFFFC3B
00000380
00000650
0000041C
00000A15
0000076F
FFFFFE6D
00000938
000005BF
00000640
000003F0
00000BA0
FFFFFE1D
FFFFFC60
FFFFFFC5
FFFFFFDF
000003FF
FFFFFF3E
FFFFF79A
FFFFFA5D
FFFFF748
000004E4
000002C5
000002F0
FFFFFEC2
00000478
0000008C
FFFFFE5B
000001DD
FFFFFDC0
FFFFFC13
0000036A
FFFFFF70
000000A1
00000477
0000030D
000005C1
000004A5
00000477
000005AD
FFFFFABE
FFFFFA87
00000BE3
000004C7
0000097A
000000DF
FFFFF8BD
00000626
FFFFFFB9
00000116
00000765
00000325
FFFFFA8E
FFFFF96E
FFFFFB6B
FFFFFEC8
00000AC6
FFFFFBFA
FFFFFCEE
FFFFFC7F
000004B3
FFFFFE0E
000004AD
0000064D
0000008D
00000854
00000CDF
00000B45
FFFFFE38
000006CA
00000686
FFFFFDC3
FFFFFF94
FFFFFFB9
00000512
00000C8D
000003B9
FFFFFFD7
FFFFFC94
0000076E
00000203
00000AB3
00000A07
000002CC
000007B6
000003A0
FFFFFCB2
00000821
FFFFFD00
0000050D
FFFFFCB4
0000050B
000000D3
000006EA
00001067
0000004E
FFFFFFFA
0000078D
00000819
FFFFFA61
FFFFFE5D
00000451
00000800
FFFFFEE1
000001E3
0000021A
00000215
00000DC9
000008AC
00000530
000004A3
FFFFFD6C
00000889
0000075F
FFFFFB03
0000036E
0000058E
000001BD
0000044A
FFFFFBB7
FFFFFB76
00000A72
FFFFFA21
00000AFD
000000BE
0000074F
00000998
FFFFFDF8
FFFFFEF4
FFFFFF6E
FFFFFF03
00000808
00000599
FFFFFED1
FFFFF988
FFFFF89A
FFFFFE13
00000462
FFFFFD2D
FFFFFF86
FFFFFF6C
FFFFFB4A
FFFFF880
00000410
FFFFF8FB
FFFFF9D3
0000072E
0000049D
FFFFFC2F
FFFFFEFD
FFFFF51D
FFFFF7D4
FFFFFC25
FFFFFCC5
00000179
00000237
FFFFFDD0
00000068
FFFFF7E3
FFFFFE57
FFFFF9E3
00000C24
000005A0
000003DA
FFFFFED6
FFFFFC9B
0000016E
000001A9
00000543
FFFFF843
00000004
FFFFFDED
000000E6
00000A0D
00000767
FFFFFFB6
FFFFFC3E
00000112
0000091E
00000273
FFFFFA1C
FFFFF60F
FFFFFDEE
00000035
00000078
0000053C
000000F5
0000033D
00000668
00000965
000005CA
00000190
0000094D
FFFFFE8A
0000084E
000002E0
000005FA
FFFFFBDB
000007E9
FFFFF6A6
FFFFFE09
000001D0
FFFFF7BC
000003B6
00000498
FFFFFA4E
00000379
FFFFFA33
FFFFFBA9
FFFFFDA2
FFFFFECB
000002E9
0000024F
FFFFFBA5
FFFFFC92
0000040B
FFFFFCC1
FFFFFD2D
00000977
0000091C
000007D8
000006EB
FFFFF8CE
FFFFFB3E
000001BB
FFFFFA87
00000395
000006D3
00000940
000003BB
0000099B
FFFFFFC5
00000293
0000054F
FFFFFCE9
00000628
000000EA
FFFFFE93
FFFFFB82
000000FB
FFFFFC90
FFFFFD75
0000069C
000000C3
FFFFFBF1
000003E4
FFFFFAE6
00000933
FFFFFE14
FFFFF99B
FFFFF8BB
00000067
FFFFFE75
FFFFF68E
0000036C
00000321
FFFFFD67
00000360
00000350
FFFFFD5C
00000C62
000003A3
000007B5
00000428
00000EF9
0000007C
FFFFFCEF
000006FE
FFFFFD67
0000048F
FFFFFABF
FFFFFA04
000000EF
00000160
00000306
00000116
FFFFFDDC
FFFFFD39
00000312
FFFFFD14
FFFFFC71
FFFFFFE5
00000101
000004A6
000002FB
00000876
FFFFF6F7
000003D2
00000025
FFFFF72B
000000EA
FFFFFA9C
FFFFF939
FFFFFCC8
FFFFF89A
FFFFF6FA
0000082D
FFFFFAB1
FFFFFA20
00000740
000000C7
0000038D
000009E5
00000909
FFFFF84B
000003B3
FFFFFAAA
00000719
00001129
FFFFFBF8
0000000D
00000DCA
00000726
00000BFF
00000A0C
0000034B
00000798
FFFFFF07
00000B62
0000060C
00000C00
00000D23
FFFFFC7F
FFFFFD57
0000001D
000000C6
00000A71
00000822
00000A64
FFFFFCD9
00000142
FFFFF8E8
FFFFFF47
FFFFFD67
FFFFF596
000003E6
00000577
00000147
FFFFFE08
00000299
00000598
FFFFFFDC
FFFFFBC2
FFFFFB0E
FFFFFD7E
000003B0
FFFFFAB1
FFFFFAF1
FFFFFB4F
FFFFFD0E
000003FD
00000538
000005DB
FFFFFE61
0000047B
FFFFF9A5
FFFFFADC
00000B12
00000441
0000016D
00000A23
FFFFFECB
0000065C
00000868
FFFFF752
0000061B
0000033B
00000376
00000B31
00000A5A
000000E2
00000186
000000DF
000003A8
00001090
000006AF
FFFFFDD1
FFFFFE48
00000438
FFFFFBF7
FFFFF5C4
FFFFF63F
000006B6
0000043B
000001B9
FFFFFCCB
000007C5
000001F8
FFFFFD40
0000041E
0000009A
FFFFF9C2
FFFFF901
FFFFFFB2
0000037F
FFFFF923
000005AC
FFFFFC1F
000002C9
FFFFF8B8
FFFFFDC6
FFFFFDDC
00000C97
00001179
00000780
FFFFF8F2
FFFFFF11
FFFFF72F
FFFFFEA0
FFFFFF84
0000071C
00000F77
00000B28
FFFFFE19
FFFFFCD0
00000EC9
FFFFFF24
00001661
00000A43
FFFFF7B9
000007B9
FFFFFCBC
0000068B
000003FE
00000C50
FFFFF963
FFFFFFD6
0000046F
FFFFFAE5
FFFFF7FF
FFFFFE6A
FFFFF89B
FFFFFBEB
FFFFFFDE
FFFFF1D9
FFFFF64F
FFFFF862
0000025E
FFFFF42B
FFFFF82F
00000045
FFFFFBB5
FFFFFA8B
FFFFF911
00000AE3
00000099
000004E3
000001A9
FFFFFC0C
00000AD0
00000340
00000582
00000219
0000057A
00000482
00000227
00000550
00000CB3
0000046D
00000049
FFFFF8DF
00000839
000005B3
0000010E
FFFFF6BE
000008C8
0000059A
0000066D
000005D3
FFFFFF7D
FFFFFA4B
FFFFF4EE
FFFFED5D
FFFFFEFF
000004E4
0000056A
00000143
FFFFFF3B
FFFFFFAC
00000DB3
000004F7
00000123
FFFFF93C
FFFFFC3F
0000028F
FFFFF54D
FFFFF20C
00000348
FFFFEC92
0000040D
FFFFF916
00000441
0000014D
FFFFFC5D
FFFFF875
0000030B
000004F6
FFFFFC1A
00000E08
FFFFFD92
FFFFF8F6
FFFFF7E0
000005F6
FFFFFE6B
FFFFFB10
000005BC
00000460
000001C1
FFFFFC05
FFFFFEF8
FFFFF633
000006E5
000005D9
0000048D
FFFFF741
000001DA
00000068
FFFFFE39
00000A61
0000030A
0000079D
00000B28
FFFFFC4A
00000128
FFFFF979
FFFFFB3E
000006D1
00000020
00000660
0000002F
000004CB
0000099D
000006EE
FFFFFEB7
FFFFFEB9
00000D32
FFFFF201
0000048C
FFFFF8C0
FFFFFFB6
FFFFFBCB
00000DC4
FFFFF424
00000DE1
00000475
000006C3
00000ECD
FFFFFF73
00000640
FFFFF59C
000004A5
FFFFF7CE
00000006
00000404
FFFFFA78
00000226
FFFFFDEC
00000A52
000006D6
FFFFFC94
0000091E
00000A95
00000B09
000003DF
FFFFF34E
00000DE9
FFFFF84A
FFFFFF89
FFFFF9B8
00000657
0000032B
00000A9A
FFFFFC5E
FFFFF905
00000561
0000052F
FFFFFCC5
00000AA0
00000428
0000125C
00000B03
FFFFF0B7
FFFFEF51
FFFFFE82
00000133
00000DDD
FFFFF998
FFFFF8D9
00000717
FFFFFEFF
FFFFF633
00000421
FFFFF7A7
000004F6
000004F4
00000872
00000225
00000906
FFFFF5F0
00000C28
0000002D
FFFFF6C6
FFFFF6FF
000005AD
FFFFFB46
FFFFFF80
00000249
FFFFFA0B
000005D6
0000083E
000008E3
000007B0
000008B5
000004E1
000000A4
FFFFF007
0000022A
000000AB
FFFFF134
0000095C
FFFFF149
0000011B
FFFFF7F6
00000B04
FFFFFD8D
FFFFF74D
000004D0
00000B24
000007AA
FFFFFCBE
00000964
000009C5
FFFFFB6E
00000CE1
0000035C
00000191
FFFFF5B8
FFFFF676
FFFFF911
FFFFF3B5
000007AE
FFFFF7E0
FFFFFA13
000005C6
FFFFFC7A
00000328
0000067B
000000A7
FFFFF4A0
FFFFF658
FFFFF8FB
00000970
00000EA7
FFFFFA74
FFFFF85A
00000334
000006A8
00000F4E
0000056B
0000099D
00000676
FFFFE94E
FFFFFF05
00000BA7
FFFFFC9C
FFFFF081
FFFFF455
0000010A
FFFFFE13
000002F3
FFFFF3A3
FFFFFE7F
FFFFFA8E
FFFFF3BB
FFFFFF82
FFFFF930
000002C4
FFFFFB76
000003CC
FFFFF6B2
0000071B
FFFFFDE9
FFFFFBC8
000002B2
FFFFF5A1
FFFFFFB2
00000CFF
000000F9
00000C73
000003A1
FFFFFBBC
00000B54
0000034E
FFFFFE21
0000034C
000006E2
FFFFEC95
00000192
0000030C
00000BD5
FFFFFA1D
000006D2
FFFFF7F1
000007DD
00000065
FFFFF9EA
FFFFFC8B
0000054B
00001004
FFFFF9A0
FFFFFD48
FFFFFA97
000000A6
00000671
FFFFFAB0
00000833
FFFFFB05
0000079E
FFFFF9D3
00000504
FFFFFBE1
000008F2
FFFFFB01
00000459
FFFFFCD0
FFFFFA6E
FFFFF4ED
00000708
FFFFFDCE
FFFFFA3D
00000AB9
FFFFF428
FFFFF94C
000009B9
FFFFF6D1
FFFFFDCA
FFFFFF26
FFFFF81E
00000B1F
00000D45
00000392
000005DB
0000032A
00000365
000006EE
0000040E
00000AF7
00000526
FFFFFF4C
0000013E
00001749
0000035F
FFFFF637
0000051F
FFFFFEE0
FFFFF663
FFFFF0B6
FFFFFDFF
00000367
FFFFF25B
FFFFF6DB
0000003D
00000280
FFFFFFC6
FFFFF2FB
000001D4
FFFFF425
0000024C
000003ED
00000D54
FFFFF06F
FFFFFD60
FFFFF602
FFFFFC93
FFFFFDF0
FFFFFF36
00000316
FFFFFD23
0000112C
0000018F
FFFFFDB9
FFFFFEE7
0000062A
FFFFF7C9
00000F14
0000027D
0000070A
FFFFFBC3
FFFFFC6C
00000C33
00000CF9
FFFFF949
00000025
00000A2E
FFFFFCB1
000005E2
00000877
00000A26
FFFFFECC
000007F7
FFFFFDAE
00000B4F
FFFFF950
000000A9
FFFFFED0
00000002
FFFFF99D
FFFFFE48
FFFFF784
0000089C
00000EDF
00000A56
FFFFF87D
FFFFFACC
FFFFFAE9
000013C2
000010CC
00000DDA
FFFFFF0B
FFFFF9A0
00000321
FFFFFA8F
00000099
FFFFFB7E
FFFFFE6B
FFFFF989
FFFFFD44
FFFFF9C0
0000018B
FFFFF7CF
FFFFFD54
FFFFFBF2
000003CA
FFFFF70D
FFFFFACD
00000AED
FFFFF3E9
0000089A
FFFFFBE7
0000006E
000005DE
FFFFFABB
00000685
FFFFEFA1
FFFFF10E
00000981
FFFFF959
FFFFF8E3
0000071F
00000957
00000B34
FFFFF555
FFFFFF64
00000C19
000002B9
00000180
00000925
FFFFFBA9
00000401
FFFFFFB5
000003C0
FFFFFBCA
0000096B
FFFFF9CF
FFFFFC95
000004E8
FFFFFCC1
FFFFFC6C
000000D9
0000007B
FFFFFBAA
000002D5
FFFFFC52
000009A0
FFFFFBA4
FFFFFCE8
00000D03
FFFFF4AA
000002CB
FFFFF3CE
00000F22
FFFFFA61
00000028
00000959
FFFFF03A
000006D9
FFFFF27B
FFFFFCC2
00000133
FFFFFFAB
0000045D
000007BB
00000EC0
FFFFF8F7
00000015
000011A1
FFFFFCCA
FFFFF38F
FFFFF9EC
FFFFFBB9
00000331
000006FD
00000894
0000140E
FFFFFA99
00000555
FFFFFAA5
00000A9A
000006A2
FFFFFBB6
FFFFFB48
000000E7
0000041B
FFFFF517
FFFFFE75
0000021A
00000CB1
FFFFF8AE
FFFFFEC3
FFFFFBCD
FFFFF806
FFFFFF70
000002B4
FFFFFC7F
000007F3
00000A34
000002FC
00000539
00000293
FFFFF7D4
FFFFFBD0
FFFFFDBC
FFFFF20C
FFFFF61D
FFFFFB9B
00000A07
000001C0
000001A3
FFFFFD97
FFFFF521
0000038A
FFFFFBD3
00000048
00000971
FFFFF62C
00000522
000005DB
FFFFF6E9
00000184
0000015A
00000B09
00000725
FFFFFC36
00000540
FFFFFF77
0000066A
FFFFFC2A
000009CE
FFFFFDEC
FFFFFC4D
00000AE9
FFFFFB26
00000241
0000067D
FFFFFA06
00000B72
00000BAA
FFFFFD93
FFFFF687
00000473
000010E0
000004DF
00000877
00000DFD
FFFFFA1E
FFFFFFAC
FFFFFBF5
FFFFFACF
FFFFFD60
FFFFFCCE
FFFFF66F
00000AE8
FFFFF7AC
FFFFFB52
FFFFFBF8
FFFFF454
000005BB
FFFFFED1
00000637
00000451
FFFFF8DF
00000E20
00000078
00000E62
00000BF9
00000A0C
0000003C
FFFFFD37
00000314
000000C8
00000041
00000846
FFFFFFC7
FFFFFF79
FFFFFAC7
FFFFFCF1
000009E2
FFFFF9F5
FFFFFC93
000006AA
FFFFF5F6
00000F85
FFFFFEF3
000008B9
FFFFFC5A
00000386
FFFFF27C
FFFFF950
0000080A
0000016B
FFFFFEF8
FFFFFD9D
00000920
00000990
FFFFFEF4
00000529
00000DBF
00000374
00000AA8
000003E6
00000360
000000CB
FFFFFAC8
000007ED
FFFFFC60
FFFFF638
00000318
FFFFFCB2
00000474
FFFFFCA5
FFFFFD95
FFFFFC4B
FFFFF6BE
FFFFF29B
00000104
FFFFF4AF
00000198
FFFFFFFC
00000B87
FFFFFA45
000005DB
00000A86
00000C4F
FFFFFD9D
FFFFFE9B
FFFFFD49
00000BA9
FFFFFC48
FFFFFC02
000001F9
00000794
000009ED
FFFFFF25
FFFFF7C6
FFFFFB4A
FFFFFAC5
00000A71
00000549
FFFFFAD3
00000F91
FFFFFA76
000007D2
FFFFF8C7
FFFFFC45
00000330
0000083A
00000155
00000266
00000940
000008A4
00000BEE
00000A06
FFFFFBC6
0000086F
FFFFEEF1
00000DD3
000006E9
000000B2
FFFFF730
000001FA
FFFFFCCC
0000058F
FFFFFCF4
0000050D
0000056B
FFFFF903
00000465
00000649
00000EF1
0000024C
000004B1
FFFFFE22
00000E80
00000DDA
00000D86
00000877
FFFFF594
000000D6
FFFFFF11
FFFFF2F6
FFFFFD34
FFFFF829
FFFFF013
000008B4
000001D0
00000864
000003D0
000003ED
FFFFFC78
FFFFFF54
FFFFF776
00000715
FFFFF835
00000A23
00000167
00000AC9
000002F5
FFFFFFBB
FFFFFFEC
0000039E
FFFFF792
FFFFFFC6
00000508
000002E8
FFFFF5CC
0000005F
00000472
FFFFFC3B
0000019A
FFFFF750
FFFFF740
FFFFF8D0
00000053
000001AC
FFFFF751
FFFFF969
00000240
FFFFF790
FFFFFF51
FFFFFC6A
FFFFFA34
00000DA3
FFFFFBD9
00000D23
00000A33
FFFFFB93
FFFFF551
FFFFFE7E
00000F06
00000EEA
FFFFF0D2
FFFFF09C
FFFFF20C
FFFFFC70
FFFFF410
FFFFFD18
FFFFFABD
FFFFFE14
FFFFF1F9
FFFFF407
00000270
FFFFFA7A
FFFFF972
00000186
FFFFF2F7
000002B7
000001C4
FFFFFF44
FFFFF875
00000FA1
00000677
FFFFF963
0000093D
FFFFFCBD
FFFFFBC0
FFFFFD9D
00000863
000000AB
00000A71
FFFFFEFB
00000A94
00000201
00000873
0000064F
FFFFFCA5
000002AA
FFFFFD79
FFFFF824
0000042C
0000057B
FFFFFAB2
0000001E
00000204
000007F3
000008FF
FFFFFC77
FFFFFC4F
000002A5
000004D5
FFFFFCE8
000000E4
FFFFFC2C
000009C5
00000617
00000240
00000AF8
FFFFFD58
FFFFF6EA
FFFFF987
00000729
FFFFF615
00000655
FFFFF420
000001FE
00000977
00000B6D
FFFFFD20
00000D48
000005FF
00000A38
000005DF
00000166
FFFFF706
0000022B
00000E2F
FFFFF530
000004A4
FFFFFDD6
FFFFF825
FFFFFFB7
00000569
FFFFFBBE
00000EA5
00000295
000001CC
00001C0F
0000041C
00001339
00000522
000010B0
0000022D
00000798
0000051E
FFFFFA27
000000BC
FFFFF28A
FFFFF860
00000679
FFFFF2FB
000006EA
0000096B
FFFFF9FD
FFFFF483
FFFFF911
FFFFFC03
00000890
00000603
FFFFFF82
0000020D
00000C4A
FFFFF54F
00000963
FFFFF20C
000002FA
000002F8
00000190
FFFFF18D
00000F4C
0000044E
00001068
0000042B
00000988
00000997
000003EF
00000FE3
FFFFFAB1
000007CF
000000C1
00000C05
00000AEE
FFFFF880
000004B1
0000035E
00000C4B
0000094F
00000007
FFFFF118
FFFFF52C
FFFFF280
0000044C
FFFFFDE6
FFFFF650
FFFFFEAF
00000AB5
FFFFFBFB
00000758
FFFFFB87
000003B4
00000840
FFFFFF48
00000617
FFFFFA1A
00000B4F
FFFFF8DA
FFFFFC72
FFFFFFDA
FFFFF7E8
FFFFF512
FFFFF8AA
FFFFF302
FFFFFC51
000002A1
00000182
FFFFFFB7
00000F05
000007DE
0000296C
FFFFF898
00000629
FFFFF375
00000DE6
000005EF
FFFFFA8E
FFFFFF70
0000015F
00000BE3
FFFFF7C9
000001AC
FFFFFD6D
FFFFFC0F
00000302
00000A82
00000876
000001B8
FFFFF9EF
00000592
FFFFFAAE
00000436
0000016A
FFFFF3F8
FFFFF341
00000175
FFFFFEC6
0000004F
0000012C
FFFFFE82
FFFFF750
FFFFFD8A
00000C71
FFFFF8E0
000000A0
00000293
FFFFFE9C
0000014B
0000023E
0000027A
00000628
FFFFFD20
FFFFF948
00000BE3
000004A3
FFFFF4DF
FFFFF984
0000047F
00000743
FFFFFE5E
FFFFFA44
FFFFF515
0000099C
0000022B
FFFFF99D
FFFFEF86
00000ACB
00000C72
0000031F
FFFFFF9E
FFFFF9AF
FFFFFB1D
FFFFF88A
FFFFFA03
FFFFFE0E
FFFFFBD8
0000087E
FFFFFE24
FFFFF3E3
FFFFFBA4
FFFFFDC7
FFFFF576
000007B9
FFFFFB26
FFFFF4E8
FFFFF73D
0000047E
0000048B
FFFFFE95
000008C9
000004C1
000003B8
00000625
00000D93
00000198
00000065
00000293
0000052D
00000B41
0000088A
0000142B
FFFFF6CE
FFFFFFBA
FFFFEFC8
0000098F
FFFFF509
FFFFF065
00000658
00000352
FFFFFB86
FFFFFB2B
FFFFF72B
00000060
FFFFFF16
FFFFFB3E
FFFFFD22
000009B5
00000B41
00000DA3
FFFFFC06
FFFFFD33
FFFFFFF4
00000B28
0000053E
FFFFF3CB
FFFFF8B6
000004A1
FFFFF6AB
FFFFF508
FFFFFCF2
FFFFFD04
00000007
00000C00
000000E7
00000448
FFFFFCE1
FFFFFC7E
FFFFFE09
0000033E
FFFFFF0E
0000096A
FFFFF64B
FFFFFE48
00000D2A
FFFFFD5A
FFFFF82C
000000B5
00000774
00000287
000003B5
00000C1C
00000160
000007B9
00000739
FFFFF58E
00001291
000003A3
FFFFFABF
00000BE1
000000FC
FFFFF749
0000095D
FFFFF81E
FFFFFE02
0000058A
FFFFF518
FFFFF1AF
FFFFF919
00000431
00000639
FFFFFECE
0000086C
FFFFFB75
FFFFFE33
000000A4
00000572
FFFFFE23
FFFFFF63
FFFFF1FA
000000D9
FFFFFA51
0000039F
000000A9
00000BC4
000001B3
000006AA
00000A97
FFFFF629
0000037F
00000614
00000C08
000010AD
FFFFFCE6
FFFFFA0A
FFFFFBB6
00000980
00000495
00000407
FFFFFD14
FFFFF68F
FFFFFE14
0000076E
00001096
00000408
00000D4C
FFFFFD0B
FFFFFF71
00000277
FFFFEE6D
FFFFFF8C
00000700
000011BE
FFFFFB43
FFFFF87E
00000000
000006FB
00000B3C
00000482
FFFFFBFD
FFFFF690
FFFFF7E2
000007C8
FFFFF879
FFFFFD9D
000001C9
FFFFF986
0000069C
00000B8A
00000BA8
000008AC
FFFFFEED
00000425
00000A69
00000359
FFFFF476
FFFFFA49
000000D5
FFFFF156
00000719
00000127
00000314
FFFFF75E
FFFFF0EC
FFFFFAF8
FFFFFBC7
00000E2C
FFFFFB35
000005B7
FFFFFFC9
FFFFF899
FFFFFBEB
00000729
FFFFF3E6
00000A12
000004DD
00000081
FFFFF360
000000E0
00000022
00000204
00000794
FFFFFE01
FFFFFF7B
00000B3B
000001A8
00000ABD
00000512
FFFFFFB1
000003B8
FFFFFFD2
FFFFFD39
FFFFFB98
FFFFF645
FFFFF5F9
000004EC
00000C96
00000B6C
000009FF
00000130
FFFFF77F
FFFFF6C9
000006A0
000008AC
000004D6
0000070B
FFFFF3AF
0000057A
00000025
0000066B
00000219
FFFFF818
FFFFEF76
FFFFF85A
FFFFFB37
FFFFF58D
FFFFFEFF
00000571
FFFFF66E
00000210
FFFFF7D0
FFFFF55E
000001B8
00000377
0000029C
0000007B
00000789
FFFFFB69
FFFFFA9F
000008DE
FFFFFA87
0000028B
FFFFFC5A
FFFFFD99
FFFFFD85
FFFFF9AE
00000AA7
FFFFF867
00000A8B
00000BEE
FFFFFE7F
00000516
000002D4
FFFFFA83
FFFFFF17
00000E5B
00000286
FFFFFAC8
FFFFFB14
00000299
FFFFFEE1
FFFFFC78
0000076D
FFFFFF41
FFFFFCFB
00000AC0
00000697
000003D6
FFFFF79D
FFFFF69E
000004FD
000003B6
000001B4
000007E9
00000118
00000300
FFFFF813
FFFFFEEE
FFFFF862
00000808
FFFFF78B
FFFFFCBE
000002CF
FFFFFECF
00000698
00000AF5
000003E7
0000002B
FFFFF938
FFFFFD84
FFFFF41D
FFFFF1F9
FFFFFA01
00000168
000003D1
FFFFFFD5
FFFFF9E4
00000706
FFFFF3AA
FFFFF2FA
FFFFF9F5
FFFFFDB1
FFFFFD1B
FFFFF339
FFFFFE4E
FFFFF089
FFFFFCA1
FFFFF763
000005BE
000008E4
0000046F
00000E78
00000A7C
000005DD
FFFFF54A
00000707
000007CD
FFFFF4D6
00000116
000002E9
FFFFFD7E
FFFFFE47
000004E2
FFFFFB1D
FFFFF6CE
0000097E
FFFFF57F
000007CB
00000292
FFFFFB82
FFFFFB5F
FFFFFBA1
00000A39
FFFFFC32
00000667
FFFFF7E3
000006D1
FFFFFDA5
FFFFF53F
00000987
0000056B
000008E0
FFFFFF2F
FFFFFB6C
00000286
00000DA8
00000381
00000D88
FFFFFA4A
FFFFFC37
00000902
00000857
000006C1
000008AB
FFFFFEAB
FFFFF4EC
FFFFFE7C
00000066
000009B8
FFFFFFED
00000A4D
0000061B
FFFFFE20
0000097B
FFFFF3D3
00000582
0000035B
00000191
FFFFFF52
000000A9
00000148
FFFFFD67
00000BCA
FFFFF684
FFFFFA47
0000003C
FFFFF32A
FFFFFF2E
FFFFFC99
0000049E
FFFFFC36
FFFFFA2B
FFFFF6BB
000001CE
00000206
FFFFFAE5
FFFFFE9E
00000814
FFFFF8B8
000001FE
000006C5
00000614
FFFFFD9C
000007E9
0000093E
FFFFF6F5
FFFFFD5D
00000080
00000A50
00000646
00000A27
FFFFF7AF
0000015D
FFFFFABD
FFFFF796
FFFFF803
00000CF6
00000246
0000084E
00000CEE
000001ED
FFFFF633
00000444
00000C70
000001E0
0000052D
FFFFFDAD
FFFFF8B1
00000B5F
FFFFF653
000004FE
FFFFF2B7
00000185
000007DF
FFFFFAE6
FFFFFC8D
FFFFF905
0000074A
FFFFF883
00000A3D
00000005
00000018
FFFFFD77
0000033D
00000F87
00000F42
000005B2
00000907
00000F6A
FFFFFAEB
FFFFFD3C
FFFFFA32
FFFFF895
0000091E
FFFFF287
0000024D
00000CEB
FFFFF9B2
0000019E
00000749
FFFFFD1D
00000532
000009CF
FFFFFA36
00000B74
00000DEA
FFFFFDAD
000000DF
FFFFFA57
000000C9
FFFFFF93
FFFFFB56
FFFFF97B
FFFFF8C6
0000018E
FFFFF8B8
00000DBF
0000071A
00000702
FFFFFB7C
FFFFFCA8
FFFFEABF
FFFFE821
0000097F
00000A6B
00000743
000003B2
000005F5
FFFFF4DF
0000023D
FFFFF8E1
00000345
000004F4
00000604
FFFFF4C7
FFFFF995
FFFFF962
FFFFED32
FFFFF1E1
FFFFFA61
00000329
FFFFF25A
00000C46
FFFFED0A
FFFFF9B3
000005E0
000007B0
00000323
000007ED
FFFFFFA8
0000031A
FFFFFB6C
00000DEF
000002B3
00000478
00000BA2
0000000D
FFFFFC45
FFFFF928
FFFFFD80
FFFFFE55
FFFFF994
FFFFFC78
FFFFFD5A
FFFFF677
FFFFFC2F
00001188
FFFFFBE2
FFFFF155
FFFFF755
FFFFFF82
000003D1
FFFFF59B
FFFFF680
FFFFFF5B
FFFFF583
FFFFF583
00000576
FFFFFB43
0000024B
FFFFF32B
FFFFF604
FFFFFA88
000001FD
FFFFF1B3
00000078
FFFFF901
0000075E
000004E9
FFFFF584
00000CB4
00000505
00000CD6
0000037D
00000E72
FFFFFDCA
000002F6
00000FC2
00000237
FFFFFF88
FFFFF10C
00000C71
FFFFF82D
00000E07
00000794
000008AD
FFFFFDE2
00000775
FFFFFE0A
00000382
FFFFFB38
FFFFF434
000005B8
FFFFFE62
00000563
FFFFFE3E
FFFFFF5E
FFFFF615
000004B5
FFFFF89C
FFFFF902
00000483
FFFFFD44
000008B2
FFFFF1A9
FFFFFF98
00000020
FFFFFCF6
0000098D
FFFFFF97
00000909
FFFFF7E7
00000AB0
00000788
FFFFFFE8
00000AB9
000003F8
FFFFF9F3
000002EA
00000A0D
FFFFF3CA
00000BD3
0000091A
00000A00
00001375
000000BB
00000B14
FFFFFA70
00000486
FFFFFECB
FFFFFCF1
0000092A
000001C2
FFFFFDF4
00000195
0000071D
0000084D
FFFFFA31
000000E2
00000467
FFFFF55D
FFFFFE4D
0000070A
000006F5
0000019D
FFFFFC0E
FFFFF0BE
FFFFFD5D
0000084D
0000082C
000007AB
000006E6
FFFFFCF4
0000019F
00000765
00000259
0000005D
00000BC8
FFFFFD07
00000466
000006C5
00000D63
000004DB
FFFFFDC8
FFFFF953
000007B9
00000026
00000053
FFFFF8E8
00000C0C
0000087C
FFFFF769
00000E35
00000227
FFFFFE76
00000456
FFFFF879
00000AFA
00000A67
FFFFFDF9
FFFFF7E0
00000299
FFFFF4F6
FFFFF648
000000FF
FFFFFD75
0000015D
00001018
FFFFFD9A
0000005E
FFFFFF5B
0000088E
000001CB
000000C7
00000ABA
FFFFFA3C
FFFFFD87
FFFFF558
000000B2
FFFFFD16
0000027B
FFFFFDC2
FFFFF779
000000C5
00000673
000000A4
FFFFF527
0000003E
FFFFFC66
00000144
00000506
0000064C
FFFFFBE7
000006DB
FFFFFBC7
FFFFFC8C
00000521
00000547
000003CC
000001EF
000005A8
FFFFF5C6
0000003F
FFFFF680
FFFFFEA1
00000201
FFFFF8F3
FFFFF489
FFFFFAAF
FFFFFFDD
0000085F
00000299
00000B5C
00000905
FFFFFD0C
FFFFF531
FFFFEBFE
FFFFFCE9
FFFFF3D5
FFFFF925
FFFFFF2C
FFFFFE44
FFFFFEB4
000001B0
FFFFF683
FFFFF2F9
000008E2
000008C7
000004E5
FFFFFF51
00000970
FFFFFF07
0000019B
00000001
00000D57
00000313
00000A00
0000087A
FFFFFE11
FFFFF9D3
FFFFFAD7
FFFFFE40
00000CA9
FFFFF659
FFFFFF00
0000076A
FFFFF5C9
0000002C
FFFFFE0F
00000034
FFFFF475
FFFFF3B3
00000047
FFFFF8D6
FFFFFE4E
FFFFFE71
FFFFF7BE
00000197
FFFFF565
FFFFF945
FFFFF83C
00000C5D
000004C4
FFFFF8F6
FFFFFB10
FFFFF9FB
00000160
000006B6
00000247
000004A7
00000128
FFFFF55F
00000327
000000EA
FFFFFD0E
FFFFF858
FFFFFCF6
00000940
FFFFF81A
00000521
00000174
FFFFFF5B
000000E9
FFFFFF08
0000079C
0000068F
00000034
FFFFFC0B
00000420
00000B8B
00000702
00000CD8
00000A44
00000663
FFFFFC22
FFFFF84E
FFFFFC80
FFFFFCF5
0000007B
FFFFFA35
000006F8
FFFFF682
FFFFF2A7
00000217
FFFFF66F
FFFFF603
FFFFF48A
FFFFF271
FFFFFB8E
FFFFFF77
FFFFFD2D
000005BE
FFFFEF47
FFFFF210
FFFFF993
FFFFF82F
0000069D
FFFFF33B
FFFFF8EB
000001D3
00000556
FFFFFEA4
00000867
00000C06
000001EA
FFFFFA85
FFFFFD94
FFFFF536
00000417
00000752
FFFFEE3B
FFFFF0F2
00000540
00000016
00000557
FFFFF562
FFFFFA46
000001C0
00000353
00000462
FFFFF86C
FFFFFC1E
FFFFF0A2
FFFFF029
FFFFF586
FFFFFC0A
00000112
FFFFFDA1
00000C6B
FFFFFED7
FFFFFDED
FFFFFF91
FFFFF9BB
000003E5
FFFFFAE0
FFFFFA26
FFFFFA16
FFFFF346
0000025E
FFFFF398
FFFFFA58
0000058C
FFFFFD07
FFFFF272
FFFFF50B
0000062E
000005C3
FFFFF770
FFFFF371
FFFFF2C5
FFFFFB34
00000198
FFFFF403
00000844
00000670
000002F3
00000916
FFFFFFF3
00000251
0000064C
0000063B
000001F7
00001115
00000C40
000004FB
00000090
00000B4D
00000966
FFFFFEB0
00000448
000003C2
00000D87
FFFFFABF
FFFFF180
FFFFF139
00000009
FFFFFA16
FFFFEFEB
FFFFFB26
FFFFFD63
FFFFFA30
00000A9B
00000738
000005AD
00000AAA
FFFFFBF8
00000721
FFFFFED3
0000019E
FFFFF836
FFFFFA59
FFFFFBE3
00000064
FFFFEFB5
FFFFF607
FFFFF220
00000084
FFFFF3C3
FFFFF9DC
FFFFF0D8
FFFFF6F8
FFFFF6B0
FFFFF6EC
FFFFF4F2
FFFFF681
FFFFFE1C
FFFFF7F3
FFFFF1CA
00000A1A
FFFFFD24
00000A6B
0000082A
FFFFFB92
FFFFFA95
000008C0
FFFFF8F9
FFFFF9D7
FFFFF6A6
FFFFFD30
000008BD
000002A1
00000680
0000017A
FFFFFF0C
FFFFFF06
00000565
FFFFF3FD
FFFFF741
FFFFF9C9
000004A0
000001BA
FFFFFCCA
FFFFFE4B
FFFFFAF9
FFFFFCC6
00000491
FFFFFE6A
FFFFF85A
0000084E
FFFFF73B
000002D8
000008E0
FFFFFF76
FFFFFD2A
FFFFFFF3
FFFFF5FB
000005E8
FFFFFC6C
FFFFEFED
000004CD
FFFFF0FE
FFFFFF30
00000047
FFFFFAA4
FFFFF6EE
00000649
000008B0
00000925
00000060
FFFFFF19
FFFFF811
00000549
00000D82
FFFFFC2E
FFFFF8B9
FFFFF64E
FFFFFFF9
FFFFF261
FFFFF98A
000006C9
000000BE
000001DA
FFFFF711
FFFFFE90
000006C9
00000451
000001EE
FFFFFE0F
000005BC
FFFFFB13
FFFFF949
00000561
FFFFF6CF
0000065D
0000049E
000006E3
FFFFF18B
000000F5
FFFFFFCE
FFFFFA0F
00000444
FFFFF93D
FFFFFE6F
FFFFF79E
0000060D
FFFFF619
000002BA
FFFFF7B4
0000058F
FFFFFA1D
FFFFFF4C
00000265
0000096B
000003F9
0000056F
00000E5E
FFFFFD8A
FFFFFF48
FFFFFC29
0000003C
FFFFF3CE
FFFFF3DE
FFFFF9E2
FFFFEA9F
FFFFE930
FFFFF7AD
000008AA
FFFFF4FF
FFFFF90B
FFFFF3BB
FFFFF7A9
FFFFFD0B
00000187
FFFFF259
000003E0
00000923
FFFFF669
00000397
FFFFF543
000000B8
00000920
FFFFFC14
000007FC
000003B1
000007BB
0000020C
00000F3C
FFFFFD32
FFFFF2BE
0000035B
00000258
FFFFF98A
000002BE
0000061B
00000C1B
FFFFF8C1
FFFFF7CC
0000086D
FFFFF9A3
000005C6
0000031B
000002A6
FFFFFB69
00000969
00000442
00000105
FFFFFB43
FFFFF5C5
00000B48
FFFFF289
FFFFFC88
FFFFFD56
00000453
0000036B
00000D6A
00000E18
00000010
FFFFFE8D
00001248
00000BDD
FFFFFFC0
00000D65
000001B8
00000067
FFFFF61D
FFFFFAAF
00000418
00000AE3
00000078
00000CAD
FFFFFB98
00000B0D
00001177
000006FF
000008FD
00000B35
000014C8
FFFFFCCE
000007F0
FFFFFCCE
FFFFF90A
00000010
FFFFFCEA
FFFFF1BA
000003CC
00000078
FFFFF28A
FFFFFB7B
00000918
00000D82
00000203
FFFFFF2C
FFFFF5E2
000007E5
FFFFF73B
000002E6
00000105
FFFFFB35
FFFFF3DA
00000908
FFFFFD4E
000006E3
000005B6
FFFFFA97
00000343
00000D67
00000DFF
FFFFFD8E
FFFFF9BF
00000AC8
00000167
FFFFF6DD
00000253
FFFFFDFC
FFFFEC5B
FFFFF692
0000038E
000002F2
FFFFF4BD
FFFFF786
FFFFFBF7
FFFFF478
FFFFF361
00000A75
00000701
00000A09
00000987
FFFFF55E
FFFFFAFB
00000A1C
FFFFFF7B
FFFFFEC2
FFFFFEE3
FFFFFC73
FFFFFD8D
0000078F
FFFFFBB4
FFFFF4B1
FFFFFC38
FFFFF553
0000006D
00000771
00000126
FFFFFADB
00000F9B
000004C2
00000472
FFFFFA5C
FFFFFD04
FFFFF8B3
FFFFFEB8
FFFFF64A
00000520
000009CA
00000092
000005BA
000001C9
FFFFF643
FFFFF1D8
FFFFF987
0000020D
0000082D
FFFFF75D
FFFFF7A7
0000029E
FFFFFF26
00000702
FFFFFEDF
FFFFFAAD
000007B2
FFFFFB35
FFFFF9CF
FFFFFF46
00000713
FFFFF8EA
FFFFFCE6
00000458
FFFFFA58
FFFFF82D
00000974
FFFFF4F7
000006D8
FFFFF75C
000009DC
000003F3
FFFFFA54
FFFFFF09
000005CD
000000F9
0000040D
FFFFF045
FFFFF6F3
FFFFFF3D
FFFFFE97
FFFFF653
FFFFFD74
00000A50
FFFFEEC7
000007B8
000007C7
FFFFF4AB
00000141
FFFFF768
FFFFF557
FFFFF55A
FFFFFAFE
FFFFF032
FFFFFBB4
000005AA
FFFFF986
FFFFFCBE
000005C6
FFFFEDB0
FFFFFD34
00000C04
FFFFFAD7
FFFFF907
00000671
000003BF
0000006E
0000064F
00000A25
FFFFFEEE
FFFFFDCD
FFFFF1D8
FFFFF71E
FFFFED9D
0000000C
FFFFF466
FFFFF679
FFFFFDBA
00000A8A
0000051A
000001AD
FFFFFD1A
FFFFF16A
00000694
00000EB6
00000225
000002D7
FFFFF8E8
FFFFFAD5
FFFFF417
0000048C
000006DB
00000269
FFFFFE50
0000034E
FFFFF612
00000322
FFFFFF9C
00000BC9
FFFFFBBE
FFFFFF1A
FFFFFC89
0000091A
00000076
FFFFFA90
00000006
00000201
00000A00
000000E8
FFFFFEC0
0000045D
0000052F
00000C46
00000BEC
FFFFFD70
0000063D
00000E28
00001007
00000BE2
00000D5C
0000122B
000002B2
00001116
0000044A
00000802
000006AB
FFFFFAAD
00000C76
000000C0
0000007E
FFFFFDA9
000000BC
00000389
00000094
00000120
FFFFFD9B
00000506
00000511
FFFFFF3F
00000399
00000AFB
FFFFFB59
00000A3B
00000A5A
000007CE
FFFFF6D6
00000F07
0000050F
000010A1
00001250
00000649
FFFFF84F
00000078
0000029F
FFFFFCB8
FFFFFCB8
000004C2
FFFFF807
000003A9
000005A2
00000269
FFFFF90F
00000810
000004C1
00000107
FFFFFC0F
FFFFF246
000001DD
FFFFF669
00000FA2
FFFFFB82
FFFFFAC7
FFFFF779
0000106D
FFFFFAA6
FFFFF6EB
000008F6
000008BE
00001426
FFFFEFFD
00000399
FFFFFA31
000002BB
000017B9
FFFFFD5A
FFFFFFA2
00000060
00000240
FFFFF3D8
FFFFF0CA
00000C71
FFFFEDDE
FFFFF815
FFFFFCFA
00000AD4
00000D67
FFFFF3FC
0000011F
00000249
00000E3A
000003D1
0000083D
FFFFFA51
FFFFFF15
FFFFFFB7
00000540
000018CC
0000088E
FFFFF89C
FFFFFF86
00000E0D
0000043F
FFFFFB7B
00000891
FFFFF1CE
00000A70
00000717
00000AF5
FFFFF682
FFFFF9C0
00000D07
FFFFFEF9
00000BD3
FFFFFA60
0000008D
0000024D
00000A55
000007B1
00000356
FFFFF8DA
00000833
00000B4B
FFFFF972
000009F8
FFFFFCB5
FFFFF295
FFFFF437
FFFFEE61
FFFFF17E
00000541
00000DED
FFFFF899
0000015D
00000163
FFFFFECA
FFFFF47D
FFFFFAA5
FFFFF7F0
000009BB
000007D8
00000599
000000E0
0000051E
FFFFF95B
000008B2
FFFFF0BB
00000282
00000494
FFFFFCE0
00001025
000007F1
000003C3
00000F9B
FFFFF0CF
FFFFFC16
FFFFFD31
FFFFF9B0
FFFFF93F
FFFFFE71
0000084F
00000A69
00000696
0000059F
00000769
00001751
000001D6
FFFFF808
0000047A
FFFFFE97
0000067A
000005AB
000002B7
0000077B
FFFFF893
00000C84
00000EAA
000009F7
00001462
00001017
FFFFFFDC
00000FBD
00000CA7
FFFFE9EE
FFFFFCDB
00000D42
0000049C
FFFFFA99
0000016F
FFFFFE3B
FFFFFF30
000002D0
00000106
0000000F
00000C2C
FFFFF74D
FFFFFACA
000004C2
FFFFF959
FFFFFA0B
FFFFFE81
000002C0
FFFFFE12
00000A7F
FFFFF059
FFFFF917
FFFFFD94
FFFFFDE0
FFFFF56E
000000F6
00000996
0000033C
00000E35
FFFFFC9B
FFFFF9F7
FFFFF831
000004BD
FFFFFA71
00000E5B
00000461
00000605
FFFFF65D
FFFFF34D
FFFFF794
FFFFFE2E
FFFFFBFE
FFFFF4DF
FFFFF794
000005DB
FFFFF224
FFFFF6FC
000004B3
00000149
000006AC
FFFFFBC8
FFFFF3B6
00000C2B
FFFFF767
00000225
00000571
000010F4
000006A8
00000EA8
00001013
FFFFFBE9
000004A6
00000494
00000EE0
0000009A
FFFFFF8D
FFFFF122
0000041B
FFFFFF5C
FFFFFABC
FFFFF90F
000007E4
00000519
FFFFF7C2
00000286
FFFFFDA7
00000CC7
0000001F
00000CE2
FFFFFD66
00000A25
00000E77
FFFFF0DF
FFFFE720
FFFFEF37
FFFFFBAD
FFFFFE7F
FFFFFBC9
FFFFFCA0
FFFFF3F5
FFFFF485
00000995
00001447
FFFFF72F
FFFFFB3A
000006E7
00000E84
000001DB
000009A8
00000E81
00000F75
FFFFFA3E
FFFFF232
FFFFFE46
0000135B
00000066
FFFFF219
FFFFF4E3
FFFFEEDF
FFFFFCCB
0000073F
FFFFF142
000001F2
00000327
FFFFF4E0
00000104
FFFFFB6F
FFFFFCFB
FFFFFB2F
FFFFFCC7
00000A66
FFFFF3FB
000004BD
FFFFFE1F
00000A8D
FFFFEB7B
FFFFF8F5
00000E00
0000068F
FFFFFAAB
FFFFF059
000008D9
FFFFF07B
FFFFF713
00000E5C
FFFFFE90
FFFFFD4A
00000AEA
00000027
FFFFEF55
000002B5
FFFFFC32
FFFFF4E1
000003C6
000005F6
FFFFFBA5
000007E8
000012FF
00000AE2
FFFFFA06
00000DD8
FFFFF0BB
00001351
00000A48
00000FEC
00000754
00000A49
FFFFF54E
00000391
00000357
000009A4
00000848
00000F10
FFFFF9EA
FFFFF8FC
FFFFFED8
00000E05
000001AA
0000043B
000008E2
00000CB4
FFFFFB6A
000005C9
0000060E
00000511
FFFFF09A
FFFFF988
FFFFF4EF
000007AD
00000A2F
FFFFFB56
FFFFFF9C
FFFFF360
00001185
0000053A
FFFFEDFC
FFFFFC34
000000DC
FFFFFDC5
FFFFF93D
000011E2
FFFFF5A4
FFFFF44A
FFFFF98B
000008CF
FFFFF19A
000007C6
FFFFFE83
000006B8
00001130
0000163D
00000143
FFFFF9F4
FFFFFB63
0000028A
000018B2
FFFFF8F6
FFFFFCB5
FFFFFF73
FFFFFFCA
FFFFF38A
FFFFF9A4
FFFFFF6E
00000242
FFFFFDBF
FFFFF771
00000D61
0000042C
FFFFF544
FFFFF588
FFFFFA5E
FFFFF9FB
FFFFFF4E
FFFFF9A5
00000688
FFFFF041
000007FC
FFFFFD6F
FFFFFE32
0000032D
FFFFF670
FFFFF5C4
FFFFF12E
FFFFF297
FFFFEB94
FFFFFF4E
00000F73
0000033D
00000ADC
FFFFF69D
FFFFF5B0
00000989
00000069
FFFFF978
FFFFF586
FFFFF996
000007E0
000007AE
000002AD
000002A9
00000860
00000487
000001B5
FFFFF995
000000B5
00000384
FFFFFA3D
000014B1
FFFFFEF0
FFFFF961
FFFFF447
0000059E
000002A5
FFFFF819
FFFFFC2E
000000AE
00000092
FFFFEFC0
00000586
00000B63
FFFFFFBB
FFFFFAD1
FFFFF1BA
00000DF3
000004F9
FFFFF6E6
00000761
000005F9
00000C18
00000F3E
00000223
FFFFF574
FFFFF28B
00000470
0000076B
FFFFF6D1
0000088F
0000136E
00000097
0000055F
0000078E
FFFFFF9A
FFFFEEDA
FFFFF87A
00000D32
000006B3
FFFFFE5D
FFFFF901
0000039C
FFFFF451
00000BEF
FFFFE7C7
0000073A
FFFFFB7C
00000616
FFFFFB4D
00000AE3
FFFFFE21
00000154
00000298
00000368
00000D8D
FFFFF7A2
000002C7
FFFFFB9D
FFFFF0DD
FFFFFB13
0000058E
FFFFF8A1
FFFFF305
00000A2A
FFFFFA14
FFFFFD77
FFFFF260
00000268
0000129B
FFFFFB43
00000836
0000158E
FFFFFE4C
000002D5
0000030E
0000009F
0000009F
00001244
FFFFFFA5
00001DF7
000015AE
FFFFFA02
00000853
00001C61
000003FC
000006B4
00000006
FFFFFD95
FFFFFC0A
000015A1
FFFFFDB2
FFFFED5A
FFFFF982
00000E24
00000549
FFFFFF86
00000072
00000208
FFFFF50E
0000000C
FFFFE900
FFFFF999
FFFFF556
FFFFF6AC
FFFFFA9F
00000078
00000EA7
0000082E
FFFFFB01
FFFFFAD3
FFFFF114
00001468
FFFFF8C5
FFFFFA12
FFFFFF14
000009C1
FFFFFC8F
FFFFF77A
0000046B
00000609
00000B03
000006FB
FFFFF14E
000005BB
00000597
FFFFF99A
FFFFEF3D
FFFFFA3B
00000849
00000DE8
FFFFF799
FFFFFF77
FFFFFEFF
FFFFFCD6
FFFFFCE3
000007D3
000003AC
FFFFF661
0000076E
00000116
00000B85
0000064F
00001326
FFFFFD86
00000F85
FFFFECFC
FFFFFA63
00000783
FFFFFC2F
00000ADE
00000727
FFFFFC70
FFFFF804
FFFFF199
00000105
00000D53
FFFFF64A
00000AFB
00000163
FFFFF834
FFFFFC33
FFFFFFFB
FFFFFDE8
00000B10
FFFFFB6D
FFFFF67F
FFFFF8A7
FFFFFB75
FFFFF98E
FFFFF71B
FFFFF661
FFFFF1CD
FFFFF20B
FFFFFCBD
00000443
FFFFFC39
000003EA
FFFFF860
00000325
FFFFFD84
FFFFEE54
FFFFF8D6
000003DD
FFFFFEFC
FFFFF8B2
00000D6E
00000777
00000270
FFFFF8B7
00000484
0000000E
000000D1
000007B5
FFFFFCA8
FFFFFFF9
FFFFFDF7
FFFFF29A
FFFFF862
FFFFF110
00000174
00000255
FFFFFD9A
FFFFF73A
00000A47
FFFFF86F
000003C6
FFFFFE4C
000000F5
000003B7
000000B9
FFFFFC3C
00000491
FFFFFFC6
00000417
FFFFF6A0
000008CC
00000295
FFFFF813
FFFFFC00
FFFFFE20
0000073D
0000083D
FFFFFEB6
00000508
00000501
FFFFFFFA
000002A4
FFFFFE9A
0000029F
FFFFFC5A
FFFFFE64
FFFFFAD5
FFFFFE9D
000008AE
00000525
00000119
FFFFFB22
FFFFF9AC
FFFFFED6
0000044F
0000007A
00000751
0000002D
00000217
FFFFFCAE
00000CDB
00000C51
00000275
FFFFF1DF
FFFFF4CF
FFFFF219
FFFFFC54
FFFFF77A
FFFFFF18
FFFFEE78
FFFFF97D
0000032F
FFFFF39C
00000596
FFFFF937
FFFFFF4F
000004AF
FFFFFC8E
FFFFFAB5
000007D9
FFFFF5DD
0000028E
000000DF
00000587
FFFFFE63
00000064
FFFFFB0B
FFFFFADC
FFFFFCDE
FFFFFF54
00000051
000008EA
000001A9
FFFFF5F8
FFFFF366
FFFFF5D6
000005BF
FFFFF772
FFFFF8C2
FFFFFAA3
00000482
000002CB
000007DC
FFFFFF40
000006F7
FFFFF87D
000004D6
000000B7
000001C7
FFFFF4B7
00000265
000007BC
FFFFFD3F
FFFFFC83
FFFFF4B5
00000697
000001B2
FFFFFE2C
00000541
00000801
FFFFF843
FFFFFBA9
FFFFF62B
FFFFFBDF
00000837
FFFFF8E0
0000095B
FFFFFE68
00000670
FFFFFF74
00000375
FFFFFF5C
FFFFFC7F
0000090F
00000386
FFFFF9C8
0000027D
FFFFFFA4
FFFFEF74
FFFFFDDC
FFFFFE02
FFFFFC58
0000004A
00000834
FFFFFE3B
00000789
000008ED
FFFFFAB1
000005B2
00000AA2
FFFFF4D2
00000223
000005A8
FFFFF95D
00000334
0000082C
FFFFFA90
000008C2
FFFFFA52
000000FE
000002F5
000001B8
000000AF
FFFFFEAE
00000215
FFFFFA7F
00000254
000005E6
FFFFF98F
00000395
00000095
FFFFFC19
000005E1
000002CC
000000E2
00000276
FFFFFC55
0000045C
00000760
FFFFFB3E
000004DE
00000BCF
FFFFFFC5
FFFFF9B3
00000441
FFFFFB6D
FFFFF574
000000CF
FFFFFF10
FFFFF908
00000727
FFFFFD52
00000103
0000092B
FFFFFEEA
0000081E
00000057
FFFFFE67
FFFFFF16
FFFFEF4C
FFFFF302
FFFFFD35
FFFFF504
FFFFFB10
00000238
FFFFF374
FFFFFE13
FFFFFCA2
FFFFF57C
000001B4
00000357
000001C5
FFFFF7BC
FFFFF566
0000017B
FFFFFB73
00000217
0000087A
FFFFF7A4
FFFFFFB5
000000E2
FFFFFD97
FFFFFB55
FFFFFFDF
FFFFFC18
FFFFFE5A
FFFFFB9A
00000417
FFFFF575
0000002F
FFFFFAAA
000002CF
FFFFFE60
0000009B
FFFFF9FA
0000045F
00000408
00000833
FFFFFF57
00000154
00000373
FFFFF4D0
0000032A
FFFFFDC2
0000043B
FFFFFCB4
FFFFF728
FFFFFF05
FFFFF7E9
FFFFFEAD
FFFFF2B0
0000021B
0000081A
00000260
FFFFFC48
FFFFFE59
FFFFFFE6
00000301
000004D3
FFFFFBBC
FFFFF932
00000621
FFFFFC7E
FFFFFCD8
FFFFFE8E
FFFFFB7D
00000028
000009F0
0000017D
00000702
00000353
FFFFFCC4
FFFFFA10
000002C0
FFFFFC4F
000004B0
FFFFFC3E
0000007D
000009B1
00000075
0000037D
0000045F
00000FF3
FFFFFEAF
00000CC7
00000DFE
FFFFFA6C
FFFFFFB0
FFFFF607
FFFFFFB7
00000851
00000147
00000A28
0000085C
FFFFFA8F
FFFFFCA5
000005C9
FFFFFF43
0000065D
0000062F
FFFFF454
00000477
FFFFFB06
FFFFF783
FFFFFA54
00000C72
000005BF
00000488
00000FC1
FFFFFB07
FFFFF57C
FFFFFCDC
000002A2
000007B6
FFFFFB1F
00000BD7
000002F8
000008AC
0000050F
00000742
000001F5
000007D8
0000015A
0000099A
FFFFF738
FFFFF414
00000080
FFFFFB5A
000008F8
FFFFF7C0
FFFFFE22
FFFFFB15
FFFFFA72
FFFFF2D8
000001F8
FFFFF5EF
FFFFF810
0000056B
FFFFFEE3
FFFFFA67
000001BD
000003B7
0000012E
FFFFFDA1
00000352
00000682
FFFFF70F
FFFFFB78
FFFFFA01
FFFFF6A4
00000044
00000033
00000151
000005E7
0000032C
FFFFFE8F
00000407
FFFFFBF7
FFFFFC69
FFFFF7DC
FFFFF60F
00000130
FFFFF856
FFFFFE4E
FFFFF275
FFFFF55D
FFFFF29C
FFFFFAE1
FFFFF0E3
FFFFFCB5
00000179
FFFFF9BA
FFFFF97B
0000010F
00000477
00000109
000004CF
FFFFFABF
FFFFF987
000003AA
FFFFF817
FFFFFA40
FFFFFDBD
FFFFF7A7
00000133
0000088A
FFFFFC8C
FFFFFC8E
FFFFFD6D
00000AD5
00000391
FFFFFCAA
00000096
0000054A
00000045
00000B16
FFFFFEF6
FFFFFAC2
00000164
0000008D
00000814
000004E6
FFFFFB31
000009B3
000005D1
00000258
0000036A
FFFFFAA6
000003EF
0000051C
0000045A
FFFFFFE2
FFFFFD74
FFFFFBC0
000004EA
FFFFFB76
FFFFF42D
000001FC
00000408
FFFFFC09
000002AB
FFFFFC1D
000006FA
FFFFFD21
00000601
000004F1
FFFFF9BA
FFFFFBAE
000003F3
0000041F
000000B3
FFFFF821
000000B3
00000061
000004D1
00000873
FFFFF71C
00000070
000003AC
FFFFFF53
000006F0
FFFFEF23
FFFFF890
FFFFF7CD
000001E4
FFFFFC03
FFFFF80D
FFFFF5BB
FFFFFBAD
FFFFF8C8
FFFFFC62
FFFFFA29
00000766
FFFFF65B
FFFFF2CE
FFFFFF04
FFFFF32F
0000057F
000005C3
000003F7
000004A7
00000935
FFFFFA1B
00000D29
00000022
FFFFF7D6
FFFFFF8B
00000684
FFFFFECF
00000556
FFFFFD2F
00000804
00000BF5
00000227
FFFFF7B2
000001FC
000000C8
FFFFF6A9
FFFFF898
00000566
00000055
FFFFFD2D
0000022F
00000396
FFFFF6B4
FFFFF794
00000387
00000AE6
0000030E
00000425
FFFFFAAB
FFFFF82F
FFFFFE1B
00000747
000001F7
0000068A
00000275
000004A7
000003BD
FFFFFC17
FFFFF7A6
FFFFFD34
000001B5
000002EE
FFFFF104
FFFFFC6A
FFFFFA9F
FFFFFA9A
000001F0
FFFFFA63
FFFFFCC8
FFFFFBD1
FFFFFCF1
00000B04
FFFFF572
00000440
000001CA
00000B8E
0000060A
FFFFF911
00000B66
00000164
FFFFF8FD
FFFFF403
FFFFF7BB
FFFFFA31
FFFFFF2F
FFFFFB19
FFFFFDD1
FFFFF200
FFFFFDFE
00000369
FFFFFA48
000008D2
FFFFFA21
FFFFF603
000002B9
FFFFF7AB
00000647
000000E8
FFFFFFB6
FFFFF6D6
FFFFFC64
000004A8
FFFFFCB3
00000589
FFFFFDC2
000006A9
FFFFFEF1
FFFFFB3A
FFFFF45B
FFFFFBA2
FFFFFA2A
FFFFF9DD
00000356
00000519
00000394
FFFFFF91
FFFFFBE7
0000005E
FFFFFDD8
FFFFF78D
FFFFF4EF
000001BA
00000449
000004DB
FFFFF75A
FFFFF91A
0000016B
FFFFFFCE
FFFFFCB4
0000033C
00000322
0000024A
FFFFFE43
FFFFFFBF
000005B3
FFFFFC67
FFFFFE88
FFFFFFAA
FFFFFC7B
00000199
0000037B
FFFFFDE0
0000014B
FFFFFA32
FFFFFA0C
FFFFFD17
00000071
FFFFF96B
FFFFFCDA
FFFFFBAE
000000E4
0000030F
FFFFFF3E
FFFFFC04
00000221
00000004
00000280
FFFFFA71
FFFFFC56
FFFFFE30
FFFFFD23
FFFFFCEC
000002E0
FFFFFE4E
00000552
FFFFFC79
00000134
FFFFFA39
FFFFFBF8
FFFFFAA8
FFFFFF84
000005DC
000001DB
FFFFFF1A
FFFFF6C0
0000047D
00000673
000003AE
000002E1
00000337
FFFFFF06
FFFFFF95
FFFFFD8F
0000040F
FFFFFCCE
000001A4
FFFFFD9D
FFFFF8D5
00000B12
FFFFFE68
00000867
000009B7
000001BE
FFFFFF6A
00000498
000006A2
FFFFFC54
0000018D
00000384
000002F4
FFFFF652
FFFFFEFA
FFFFF920
FFFFF87A
FFFFFD86
FFFFF78E
00000902
FFFFFCB7
FFFFFFA7
0000047D
FFFFFA9F
FFFFF764
FFFFFD2F
000003F4
00000275
0000051B
000001B8
FFFFFF21
FFFFF94D
00000348
FFFFFFE9
00000268
FFFFFB17
FFFFFD8D
00000068
000000F4
0000048A
FFFFFE1B
FFFFFE83
000002E2
FFFFF98F
00000734
FFFFF8BA
FFFFFABA
000002AD
FFFFFB97
0000002B
0000007A
0000031D
000006EA
FFFFFF26
FFFFFE64
FFFFF75C
000001E8
FFFFFF83
FFFFF716
000000F3
00000342
FFFFF7F4
00000052
FFFFFF3B
000007B3
FFFFFCA0
FFFFFE78
FFFFFCA8
FFFFFB05
000002F3
FFFFFBED
000002E6
000000E7
FFFFFDD2
FFFFFDF8
000006F6
0000013E
FFFFF73F
0000057A
0000017C
0000040E
FFFFFE8D
00000102
FFFFFC30
0000051C
FFFFFAB0
000005F2
FFFFFFAC
000005B6
00000354
FFFFFC8A
FFFFFD3E
000004D0
000001EE
FFFFF833
FFFFFC1D
FFFFF86A
FFFFFBBA
0000011B
FFFFFE02
000004D5
FFFFF926
00000352
00000361
000007B0
FFFFFD4A
FFFFFC38
FFFFFBC7
000002CB
FFFFFFC9
FFFFFA1C
000002DB
FFFFFCA9
FFFFF8EE
FFFFFFC0
0000008B
000005C1
00000125
FFFFFF7E
FFFFFB7E
FFFFFC30
0000037A
000000F3
000002AD
00000309
FFFFF4A9
FFFFF443
FFFFF993
FFFFFD0F
FFFFFC39
FFFFFD36
00000117
FFFFF93A
FFFFFDF9
FFFFFBE1
000002F9
FFFFFE59
FFFFFBB4
00000731
0000064F
FFFFFA77
00000176
FFFFF9FF
0000018C
000004CF
0000057A
00000321
FFFFF5D4
000003A0
FFFFFFD0
FFFFF94C
FFFFF523
FFFFFA4F
FFFFF46F
FFFFFF9E
FFFFFF7A
000001FD
00000205
00000513
FFFFF77A
00000327
00000184
FFFFFE12
FFFFFA48
FFFFFF63
FFFFFFC9
FFFFFA87
FFFFF9F7
FFFFFF4E
FFFFF86A
FFFFFF67
FFFFF840
FFFFFF50
000002DB
00000558
00000279
0000025D
00000116
000007FC
00000381
FFFFFE98
FFFFFD8F
FFFFFF3D
FFFFFE48
000000D3
FFFFFBE3
FFFFFCE8
FFFFF931
FFFFFE41
FFFFFBCF
FFFFFBA3
FFFFFD0B
0000016E
FFFFFE91
FFFFFC7D
FFFFFFA8
0000056F
00000147
000002DC
00000290
00000781
00000162
FFFFFC6B
00000364
FFFFFA9E
FFFFFFB9
000004C6
FFFFFA47
00000799
FFFFFACD
FFFFFF2A
000000E6
FFFFFA0B
00000277
000008CA
FFFFFF2A
FFFFFFB5
FFFFFA3A
FFFFF6D0
000007AC
FFFFFBF9
FFFFFD9B
00000306
FFFFFB86
FFFFFD21
000007A7
0000032D
FFFFFAD2
FFFFF925
FFFFFF6C
FFFFF880
FFFFFE37
FFFFFFDB
FFFFFC0E
FFFFFD70
000003BD
FFFFF2AD
FFFFF70B
FFFFFF19
FFFFF1DB
FFFFFFA8
FFFFFBCA
FFFFFEC2
FFFFF963
FFFFFB6E
FFFFFD35
FFFFFB0B
FFFFF867
FFFFF91D
FFFFF62B
FFFFF721
FFFFF562
FFFFFB00
0000035B
0000026E
0000003F
00000175
FFFFFEAC
00000288
000005A1
FFFFFE02
0000065F
FFFFFD08
0000016D
FFFFFE61
00000297
FFFFFDD8
00000583
00000688
000002E3
000005E7
FFFFFA99
FFFFFF2D
FFFFFA0C
FFFFFA68
FFFFF9C6
FFFFF76B
FFFFFE9E
FFFFF90B
FFFFFDE3
FFFFFC43
FFFFFCD2
FFFFFB8F
FFFFFD58
FFFFFB3F
00000922
00000478
000006BD
000001A9
0000025B
00000776
0000073D
FFFFF78D
FFFFF895
FFFFF975
0000013A
FFFFF662
FFFFFDFD
000004BD
000002A4
FFFFFC5C
FFFFFE1B
FFFFFD0C
FFFFFED2
FFFFFD01
000001F5
FFFFFE92
000000BA
00000093
00000680
00000206
FFFFFC44
00000548
0000017A
FFFFFB53
0000042B
FFFFF7FD
000007C2
FFFFFDEF
FFFFFA5F
0000026A
FFFFFCB6
FFFFFF66
0000025F
FFFFFCB6
FFFFFD33
FFFFFE57
00000040
FFFFFC7E
000001CD
FFFFFD48
000005DB
FFFFF815
FFFFF99E
000007BF
FFFFFDDA
FFFFFCD0
FFFFFEE8
0000042E
FFFFFEE4
000003B0
FFFFFC40
FFFFFA87
FFFFFD58
FFFFFBF6
FFFFF713
FFFFFC5A
FFFFFAE6
FFFFF3EF
FFFFFEDE
FFFFF716
FFFFF795
FFFFFC8C
000000D5
FFFFF9CF
FFFFFBDB
000004A7
000005C6
0000032C
FFFFF919
FFFFF94B
00000688
0000023B
FFFFFE6E
00000250
000009B1
FFFFFFD6
FFFFFBC2
000004B5
FFFFF819
FFFFF575
00000180
FFFFF610
FFFFF9FD
0000059E
FFFFF294
00000502
0000031D
FFFFFF66
00000687
FFFFFE8D
0000011C
00000364
FFFFF864
FFFFFEC4
FFFFFEC9
00000010
FFFFFFA0
00000406
FFFFF90D
000002F7
00000199
000004C3
FFFFFD09
FFFFFAC5
0000015B
00000057
FFFFFEC2
0000079F
FFFFFD56
FFFFFF02
FFFFFED4
FFFFFE2D
FFFFFBF6
FFFFFFAD
FFFFF8B1
FFFFFE95
0000035A
FFFFFEB5
00000109
FFFFF3B6
FFFFF5F8
00000141
FFFFFA39
FFFFF919
FFFFFC21
FFFFFB59
FFFFFBDC
FFFFFE4F
000005D6
FFFFF734
FFFFF841
000007DC
FFFFF242
FFFFF3BD
FFFFFFC2
FFFFF793
FFFFF4B2
FFFFFD7F
FFFFF7F5
00000154
FFFFF383
FFFFF751
FFFFFDB9
FFFFF806
0000012D
000002BD
FFFFF5B9
FFFFFD01
000002B1
FFFFFF05
FFFFFAC4
00000172
FFFFF53A
FFFFF9F4
FFFFFB85
FFFFFC5A
00000202
00000293
FFFFF65C
FFFFFBF6
FFFFFD95
FFFFFBD6
000004FC
000005AB
00000530
0000043E
00000734
FFFFFE55
FFFFFF4F
FFFFFC84
000003C7
000004DC
FFFFF8FF
0000002A
00000230
000002BE
0000065A
FFFFF7F8
000005AC
FFFFFDEF
00000241
FFFFFE9D
00000110
000000A4
FFFFFE06
FFFFF82D
00000329
FFFFFEC3
FFFFF97F
000008FF
FFFFF8B8
FFFFFBF2
FFFFF867
FFFFFF0B
FFFFFF37
FFFFF58E
FFFFF798
FFFFF91D
FFFFFB2F
FFFFF96E
FFFFF9E2
FFFFF946
FFFFFA37
00000085
FFFFFB2E
00000498
FFFFFAE6
FFFFF9A3
0000003F
FFFFF4F7
000001F9
FFFFFB79
FFFFFFD8
000001AD
0000054A
000002A8
0000091C
000000B9
0000085B
00000337
000003A2
FFFFFE3E
FFFFFF9F
0000043B
FFFFFFC5
FFFFFFA0
000000F2
00000802
0000000A
000002C3
0000062D
000007E6
FFFFFC38
FFFFFC48
FFFFFF19
000004B3
00000232
00000226
FFFFFDD1
FFFFFFB4
000000B2
000005BF
000004EE
00000505
00000874
FFFFFFF4
00000806
00000128
FFFFFF91
000007CA
000006FB
0000054C
FFFFFCBC
0000015D
0000016A
000000D6
000005A3
00000091
0000049C
FFFFFFB1
000004C0
FFFFFB92
FFFFFFED
00000413
00000034
000004EE
00000451
FFFFFC4A
00000200
000000D4
00000117
00000083
FFFFFC70
FFFFFC1E
00000074
FFFFFD26
0000009F
FFFFFB40
FFFFFBDD
00000520
FFFFFB35
0000024A
FFFFFDB1
FFFFFF2D
000004B2
00000716
0000064E
FFFFFECC
000000F0
FFFFFE52
00000058
FFFFFCDC
0000056C
00000138
FFFFFE8B
FFFFFE73
00000629
00000600
FFFFFDD5
00000A51
000003BA
000003FF
000003B5
0000038B
00000744
FFFFFFCB
FFFFFFA1
FFFFFE4D
FFFFFD27
FFFFFDD4
00000666
000007DD
FFFFFFA2
000005B1
0000068E
0000004C
FFFFFFB6
00000381
00000282
000002FB
0000077A
00000649
000005A2
000003CB
FFFFFF5B
FFFFFD32
000007EA
FFFFFD9C
0000043D
000001B5
000003CB
FFFFFF02
00000324
000002A4
FFFFFB13
0000029E
000004B4
FFFFFBB5
0000007F
000002A4
00000372
FFFFFA85
0000005A
FFFFFF8B
000002F4
00000220
FFFFFE4E
000001C2
FFFFFE6B
FFFFFF86
00000150
FFFFFB0E
FFFFFC57
00000469
00000506
000000E3
FFFFFF08
000001DB
FFFFFB72
FFFFFA3F
00000257
0000003C
0000014E
0000004A
FFFFFD44
0000075B
FFFFF975
000002A7
FFFFFB2C
0000024F
000001BE
00000396
FFFFFCBC
00000340
000004A7
FFFFFFB5
0000015A
00000516
000001BF
FFFFFA5C
0000065E
FFFFFC6D
FFFFFA86
000003DA
00000118
FFFFFE9F
000000D8
000002A4
0000034C
FFFFFFC0
FFFFFD99
FFFFFC4C
FFFFFC30
0000027F
FFFFFAB9
FFFFFEF5
0000001D
FFFFFD29
FFFFFEDD
000003D9
000001C1
00000655
FFFFFCBD
000003E6
FFFFFB35
FFFFFCE5
000004C7
FFFFFB5F
0000049B
00000331
FFFFFE39
00000705
00000270
00000235
FFFFFB9E
0000037E
0000033E
0000075C
000001D0
000007E7
FFFFFE7D
FFFFFE99
FFFFFDC0
FFFFFEE3
00000095
00000389
000004C0
FFFFFE2D
000002D0
0000001A
00000149
FFFFFF8A
00000717
000000A2
FFFFFCE5
000001D0
FFFFFFD3
0000060E
FFFFFEBD
FFFFFB89
000000D0
0000008C
000003B0
000005E1
00000238
FFFFFF46
FFFFFC29
00000360
FFFFFA2C
000001C4
FFFFFC01
FFFFFFD6
00000789
0000036C
FFFFFE28
000004D0
00000201
FFFFFDA3
FFFFFBB7
00000615
00000323
00000422
00000033
000004CF
0000006C
FFFFFBA2
00000136
00000192
FFFFFD33
FFFFF9D4
FFFFFFDD
000006E4
00000202
0000021B
000004E6
0000025A
000000BD
FFFFF9C8
FFFFF832
00000145
0000016E
FFFFFF2E
00000691
00000034
FFFFFBB3
FFFFFE37
FFFFF781
FFFFFF46
00000501
000002A6
FFFFFAD7
FFFFFB57
FFFFFE3C
FFFFFE75
00000226
000006E3
00000301
000003B3
00000289
00000801
FFFFFE71
FFFFFC19
FFFFFE19
000003BB
00000116
00000436
00000226
00000521
000000F3
0000031D
FFFFFFCA
FFFFFE45
FFFFFF70
00000106
00000152
FFFFFD34
0000056C
FFFFFE81
00000259
00000037
00000105
FFFFF8EF
FFFFFE91
FFFFFDA2
FFFFFCF0
FFFFFB1B
FFFFF9D9
FFFFFFBD
FFFFFAF4
FFFFFE0F
00000409
FFFFFB2C
00000278
0000038A
0000009C
00000386
FFFFFDFF
000000E6
FFFFFEA9
FFFFFE13
FFFFFD0F
000001D0
FFFFFC69
00000610
FFFFF8DE
00000162
FFFFFD6D
FFFFFEA7
FFFFFDFF
00000339
FFFFFF68
FFFFFEE8
00000576
000002E4
FFFFFC7E
FFFFFBB4
00000065
000004F1
000003B6
FFFFF9CC
00000298
FFFFFB05
FFFFFDA8
000007BD
000003C6
00000281
000007C7
00000036
FFFFFDC8
FFFFFA63
0000047E
FFFFFC7A
000007E8
FFFFFA0E
FFFFFB29
000000AB
000002C7
FFFFFDDE
00000079
000001E8
FFFFFDBE
FFFFFE35
000002CA
00000080
FFFFF897
FFFFFB00
00000026
000001F4
FFFFFC42
FFFFFD70
00000142
00000290
FFFFFE38
00000195
FFFFFF0E
0000079B
00000171
00000394
FFFFFDF5
0000028B
000005BF
00000253
FFFFFE8E
000003CD
0000074C
FFFFFCE6
00000294
0000017B
FFFFFF0B
FFFFFD2C
FFFFFC19
FFFFFCA1
0000051B
000000CD
FFFFFC49
000004BF
FFFFFC54
00000536
000001BE
00000178
000002FD
0000015B
00000338
00000109
0000070E
00000150
0000004F
FFFFFE08
00000481
00000081
FFFFFD50
000001B2
FFFFFCF7
FFFFFFCA
FFFFFCD2
FFFFFF8F
0000019C
FFFFFE3E
000004B1
000000AF
FFFFFFC1
FFFFFCC5
000003E1
FFFFFA7F
0000071E
FFFFFBC4
00000006
00000908
00000998
FFFFFEB7
000003B8
000007DF
FFFFFDB0
FFFFFFD7
000006E4
000004F7
00000556
FFFFF776
00000413
00000264
00000141
00000300
FFFFFDA6
0000080F
00000228
0000044E
000001F5
00000412
FFFFFFB0
00000023
FFFFFE3C
FFFFFE2C
000003CC
FFFFFD5C
0000070A
00000152
00000463
FFFFFDF8
00000AD7
000003BA
0000011A
00000946
00000491
00000322
0000024C
000006E4
000008B9
000002CB
000005F6
000004BC
FFFFFBDF
FFFFFCBC
FFFFFD04
FFFFFDB5
FFFFFF79
00000526
0000035F
FFFFFF5E
FFFFFBDA
FFFFFA79
FFFFFA27
FFFFFD1B
FFFFFEE8
00000428
00000192
FFFFFD31
FFFFFD8C
FFFFFF4D
FFFFFDA0
0000000D
000004AD
000003D4
FFFFFE53
000003B1
00000140
00000463
FFFFF9F2
000001DD
00000577
00000298
FFFFFF85
00000545
00000116
00000061
FFFFFCF3
000004A5
000000DF
FFFFFC3C
FFFFFFF7
FFFFFE70
FFFFFE76
00000605
FFFFFDD7
FFFFFC6F
00000936
FFFFFEA0
000003A8
FFFFFF55
00000415
000006B7
00000527
000004B4
000001BE
FFFFFD6F
FFFFFE7A
0000023D
000002F0
0000011F
0000036D
FFFFFC67
FFFFFEF3
0000033B
FFFFFFD9
FFFFFA9A
FFFFFD7C
000002BA
FFFFFFEC
FFFFFEF1
0000058F
FFFFFFB4
0000054E
FFFFFDAC
FFFFFEDB
00000390
FFFFFBFC
00000559
FFFFFCEE
00000BFA
000002C6
00000542
FFFFFB67
0000034F
FFFFFE91
000005AC
000002CA
000002A9
FFFFFE7C
FFFFFFD1
0000043E
00000230
000003AB
FFFFFE55
0000024F
000001A9
000002C6
000003D6
0000030F
FFFFFDDD
00000386
FFFFFDC2
FFFFFB2E
000002CC
FFFFF921
FFFFF932
FFFFFB5F
000000DF
FFFFFC5F
0000074E
000004D7
FFFFF5B4
FFFFFE44
FFFFF444
FFFFF6B8
FFFFFAA9
00000391
0000006B
FFFFFEF6
000004B4
00000272
FFFFF996
0000002D
FFFFFB26
00000C28
FFFFF8BF
FFFFFF5B
FFFFFE0D
00000039
FFFFF986
FFFFFE79
FFFFF953
00000249
FFFFFCA8
00000705
FFFFFEB8
FFFFF953
000002C2
FFFFF83E
FFFFFD8C
FFFFFF47
FFFFFA8E
0000050C
FFFFFDE0
FFFFFC7D
FFFFFFC6
00000501
FFFFF815
FFFFF8A0
FFFFFCF6
0000088A
FFFFFB0C
FFFFFFD8
FFFFFE07
00000450
FFFFFF0A
FFFFFB91
00000000
FFFFF8B8
FFFFFE4A
FFFFFA0A
00000253
FFFFFA74
FFFFF4EB
FFFFF361
FFFFFA25
FFFFFF8B
FFFFFBBA
000000B4
FFFFF949
00000563
FFFFF703
0000070C
000003C7
FFFFF686
FFFFFFB9
FFFFFC16
FFFFF8CB
FFFFFE22
FFFFFCBB
000003D4
FFFFFE3C
0000081E
FFFFF9AA
FFFFF9D1
FFFFFDEF
FFFFFDB1
000004B8
000002DC
00000287
000000A9
FFFFFB23
FFFFF160
FFFFF932
FFFFF593
FFFFF7FE
FFFFFB14
FFFFFF77
FFFFF8F1
FFFFF284
FFFFFCF3
FFFFF5E4
00000064
00000516
000000A8
0000067C
0000048A
000002DC
00000176
FFFFFF6E
FFFFF64F
FFFFFC4E
FFFFF96A
FFFFFE9E
FFFFFE26
FFFFFB29
00000142
FFFFF840
00000785
00000175
FFFFF975
000001FB
FFFFFAFC
000001CE
00000317
FFFFFA95
FFFFFAFA
00000503
FFFFF677
FFFFF7A0
0000014F
FFFFF4CE
FFFFF850
FFFFFAEB
00000112
0000000A
FFFFFB0A
0000014F
000000E9
FFFFFB91
FFFFF9A7
FFFFF94A
0000019C
FFFFFE86
FFFFFDED
000001C5
FFFFF631
00000175
FFFFF89A
FFFFF94C
FFFFF99C
FFFFF4DB
FFFFF638
FFFFFF84
FFFFF2D1
FFFFFD74
FFFFFA6B
FFFFFC70
FFFFFBA9
0000035C
00000168
000001DE
FFFFF93D
000004DF
00000038
FFFFFFC1
0000077B
00000472
FFFFFF29
FFFFFF7A
000000F1
FFFFFF1E
FFFFFEED
FFFFF8D9
FFFFFE22
FFFFF993
00000356
FFFFFEB0
FFFFFF1E
00000294
000002B4
FFFFF8A9
00000026
FFFFFD7C
000000B3
FFFFF8C3
000003F1
FFFFFCA2
FFFFF6FF
FFFFF789
FFFFF8A0
FFFFFE8A
0000069D
00000017
00000006
FFFFFF8A
0000014D
000009B8
00000400
FFFFFE34
FFFFF7A6
FFFFFF6C
FFFFF99D
FFFFF72E
000006AA
FFFFFC3C
FFFFFAD6
0000053F
FFFFFFC9
00000245
FFFFF79D
FFFFFFFF
FFFFFEA8
FFFFFE30
FFFFFF50
FFFFFD6E
FFFFFD39
0000022D
FFFFFD1C
0000037E
FFFFFDEE
FFFFF3B8
FFFFFF46
FFFFF585
FFFFF9C5
FFFFF4B2
FFFFF760
00000112
000003CB
000001C3
000003DA
FFFFFEB0
FFFFFFAA
0000016D
FFFFFB82
00000888
0000048F
0000016C
000001A6
00000745
00000519
00000A00
000005BC
00000294
000000E9
FFFFF92D
FFFFF8F4
FFFFFFA4
0000065B
000006FD
FFFFFE1D
FFFFF8F1
00000154
FFFFFDFF
FFFFFBB9
FFFFFBA9
FFFFFD29
000000FB
FFFFFF66
FFFFFDF4
FFFFFCAC
FFFFFEB0
FFFFFD52
000006C7
00000334
FFFFF805
000008D7
000009FA
FFFFF820
00000B3D
FFFFFB3B
000001F0
FFFFF47C
FFFFFF62
00000321
FFFFFF84
000003CF
FFFFF9D7
FFFFFC49
FFFFFABD
FFFFFD66
FFFFF20B
00000349
FFFFFDD2
FFFFF29A
0000017A
FFFFFE52
000003D2
000002BB
FFFFF675
00000315
FFFFF964
00000619
FFFFFE4C
000004C0
FFFFFC11
00000058
000002D1
FFFFFA19
FFFFFB92
FFFFFB47
FFFFFB82
0000009E
000001A1
000003DF
000001C1
0000019A
000006AC
FFFFFA84
00000702
000001FE
FFFFFBD6
FFFFF555
00000472
FFFFFEA9
00000408
FFFFF96B
FFFFFF16
FFFFFEC2
FFFFF902
000000B7
FFFFFB84
FFFFFF86
FFFFFB31
000006CF
FFFFF797
00000369
FFFFFDE8
00000144
FFFFF4F3
000006DF
00000584
FFFFFE19
FFFFFF74
00000288
FFFFFF1F
FFFFF8FC
000003DB
00000911
FFFFFBDB
FFFFFC80
0000062B
FFFFFCA0
0000056A
FFFFFE25
000005B5
00000387
00000618
FFFFF6A4
FFFFFCF2
00000461
FFFFF921
0000036A
0000014F
000003F2
FFFFFFC1
FFFFF97E
0000103B
FFFFF2FB
FFFFFE46
0000027A
FFFFFE5D
FFFFFB71
FFFFF73A
00000137
FFFFFFD3
FFFFF7B5
FFFFFB5D
0000003F
FFFFF961
FFFFFFDE
FFFFFB6C
FFFFF8DD
FFFFF868
FFFFFE21
FFFFFA79
0000077F
FFFFFAF1
FFFFFAED
FFFFF8E5
FFFFFC62
FFFFFC41
00000492
FFFFFA01
FFFFFEB6
000000D2
FFFFFC25
FFFFFC3A
0000022B
00000624
FFFFF956
FFFFFCC8
000004B0
000005E2
FFFFFC1E
00000191
FFFFF87C
000002E5
FFFFF9E8
FFFFFDB2
FFFFFD79
FFFFFF15
000000B7
FFFFFC1E
00000157
00000460
000000E7
FFFFFDAA
0000014D
FFFFFA3C
000007DC
FFFFFCDC
FFFFF81A
0000009E
FFFFFDB4
00000061
FFFFF8C8
FFFFFC73
FFFFFD2A
FFFFFFE7
FFFFFD18
FFFFFFB3
FFFFF9C0
000002C9
FFFFF874
00000686
00000102
FFFFFE86
000002D9
0000005F
00000804
00000056
FFFFFF40
FFFFFBF9
FFFFFE45
FFFFFD35
FFFFFD2E
FFFFFF0F
FFFFFC3D
FFFFFCC7
000002CA
00000389
FFFFFF9E
FFFFF4D0
FFFFF840
FFFFF978
000000AD
FFFFFED8
FFFFF9FC
FFFFFA8A
FFFFFBFE
FFFFFD40
FFFFFCC7
FFFFFF52
FFFFFDBD
000005EB
FFFFFBC6
FFFFFE53
FFFFFB63
FFFFFE22
FFFFFCC7
00000108
FFFFF757
000002F2
FFFFFB56
FFFFFAC9
FFFFFE21
FFFFFF33
FFFFF8B4
FFFFF7AE
FFFFFF6A
0000033C
000003E9
00000029
FFFFFF6F
00000279
000005E5
FFFFF82B
FFFFF887
0000012E
00000157
FFFFF730
FFFFFFE2
FFFFF7A5
FFFFFA81
00000444
FFFFF998
00000178
FFFFFC83
FFFFFBB9
FFFFFC8B
FFFFF84A
00000214
FFFFF935
FFFFF83E
FFFFFD5A
00000646
000000D9
FFFFF6ED
FFFFF531
000000C6
000004A7
00000496
FFFFFA85
0000004B
FFFFF85E
FFFFF0F3
00000044
FFFFFB39
FFFFF23E
FFFFFC57
FFFFFF12
FFFFF63F
FFFFF501
FFFFFBAA
FFFFF61A
FFFFFA5F
FFFFFCBD
FFFFF76A
FFFFFC65
FFFFFC7B
FFFFFC8D
000002F0
00000258
FFFFFBBE
FFFFF904
0000063F
FFFFF9A5
FFFFFE2C
FFFFFE60
FFFFFED2
00000652
000003EB
000003E1
000003A6
00000456
000003D7
000003EF
00000121
FFFFFA9C
FFFFFD35
FFFFF9D6
FFFFF6B5
0000061F
0000055B
FFFFFB40
FFFFFAE4
FFFFF9E2
000000E6
00000235
00000834
FFFFFDFC
000008A3
FFFFF59D
FFFFFFDA
FFFFFFFE
000005DE
00000508
00000C30
00000456
00000025
000000FC
00000411
00000391
000002CE
FFFFF883
0000057F
0000065E
000006E7
FFFFFDBB
0000026B
000009A7
FFFFFBF6
0000069B
FFFFFF25
FFFFFFF5
FFFFFBE0
000005A3
000001A3
0000050B
0000062D
FFFFFC28
FFFFFB6C
00000217
0000084F
00000135
000001BE
000000A7
000005E6
FFFFFD1E
0000018E
00000265
FFFFFE39
FFFFFB7F
00000608
FFFFFFD4
FFFFFD4D
00000316
0000097F
FFFFF933
FFFFFE1F
00000713
FFFFFB4B
FFFFFC64
000003FF
00000292
00000695
0000059B
00000304
FFFFFF2D
0000096F
00000C09
FFFFFFB1
00000E47
00000614
FFFFFFD7
000001B4
FFFFFAD3
FFFFFC0E
FFFFF962
00000095
00000400
00000453
FFFFFD41
FFFFFD9E
000003F3
FFFFF6DE
FFFFFDB8
FFFFFEF0
FFFFFEF6
00000299
FFFFFFC0
FFFFF88F
FFFFF768
000006CD
00000353
FFFFFE31
FFFFFD16
FFFFFA55
000007A1
FFFFFCAC
00000233
000002FA
00000114
FFFFFEA5
FFFFFB52
FFFFFAB3
0000015D
FFFFFF8E
FFFFFBD6
0000064F
000009C0
000002E2
000002D6
FFFFFEE9
0000043F
FFFFFB02
000003E9
0000034A
FFFFFF7A
00000590
000005A6
FFFFFE80
000004B0
00000788
00000577
00000B8C
000007E5
FFFFFD55
00000307
00000400
FFFFFF12
FFFFFBFE
00000889
00000972
00000994
00000209
000003E6
000003FF
000001BF
FFFFFEFE
0000008F
000001F4
FFFFFF2D
00000159
FFFFFBFE
0000077A
00000A4B
FFFFFC91
000002F3
FFFFFEE9
FFFFF8BA
0000052C
000001E2
00000045
FFFFFE0A
FFFFFB89
FFFFFF6E
00000261
FFFFF7EC
FFFFFC0A
00000651
FFFFFF29
00000444
FFFFFE0A
00000747
000001E9
FFFFFBE6
FFFFF5B2
FFFFFF58
000003D3
0000088F
FFFFFA7F
00000705
0000011A
00000455
000000FC
0000011A
FFFFF8E1
0000049E
FFFFFE07
00000748
FFFFFC47
FFFFFFF9
00000583
00000068
00000452
FFFFFD51
FFFFFCA0
FFFFF765
FFFFF892
000003A2
FFFFFCD1
FFFFF8F9
FFFFFE8E
FFFFFFDA
000000EC
FFFFFDFE
0000033F
FFFFF9BF
00000086
FFFFFE4D
0000026B
000002A2
FFFFFAF7
FFFFFBA5
00000670
FFFFFC34
FFFFFEA0
0000000B
00000426
00000590
FFFFFE18
00000AED
00000AAE
00000119
000004CD
00000B42
FFFFF677
000002A2
FFFFF9C3
000005B5
00000643
00000546
00000125
00000527
000003AB
000003B0
FFFFFF5D
00000D1C
FFFFF94E
FFFFFE26
00000920
FFFFFDC4
FFFFFFE7
000002AE
00000799
000005D1
FFFFFE7C
FFFFFA57
0000083C
00000553
000000C9
000005FC
00000AB3
FFFFFF68
00000372
00000255
FFFFF9B2
000004F1
FFFFFCD4
FFFFFD08
000000C8
00000035
000008CB
0000033B
0000023D
FFFFFB4D
000006E5
FFFFFFAB
0000048F
0000077A
00000A88
000001AE
000006D5
000008D0
00000795
FFFFFEAB
00000123
0000041A
00000B39
00000D68
000008B7
FFFFFEE4
000009D8
0000016A
00000305
FFFFFD20
00000613
000004A6
000002A8
000001ED
FFFFF8F5
000004B8
FFFFFFC1
FFFFFC25
FFFFF903
000005D5
00000093
0000041E
0000068B
00000054
000000B2
FFFFF58B
00000569
FFFFF35F
00000379
00000AE5
0000083B
FFFFFBAC
00000232
00000128
FFFFF922
00000089
FFFFFB0F
FFFFF83D
000006FD
FFFFFD24
000001A4
FFFFFC54
FFFFFC5B
00000656
00000861
FFFFFF07
FFFFFBEC
000001FA
00000413
FFFFFFCE
0000031B
FFFFF919
FFFFFB2C
000002FE
FFFFFD79
FFFFFA91
000004C1
0000076E
FFFFFB73
FFFFF720
FFFFFB4B
FFFFF5F5
FFFFFBD2
FFFFF62F
FFFFF56D
00000462
000000D3
FFFFFA11
FFFFFA59
FFFFFA5B
FFFFFBFD
FFFFF509
000000EB
FFFFFD2C
FFFFFF4B
0000064C
00000A14
FFFFFB7F
00000016
FFFFFADC
FFFFFB66
00000060
00000292
00000982
0000063C
00000619
00000475
FFFFFEC4
000000F5
000002EC
FFFFFE00
FFFFFEDC
0000090A
000002C0
000008B4
FFFFFD49
0000034D
FFFFFF10
FFFFF9E4
0000009B
00000531
00000154
000006B8
000002E2
FFFFF86F
FFFFFB27
FFFFFD74
FFFFFB95
FFFFFB1E
00000087
FFFFF90F
FFFFFED6
000002D1
000003F9
000003D1
FFFFFD48
FFFFFECA
FFFFF550
FFFFFED4
FFFFFBA9
FFFFFFEC
FFFFF670
FFFFFD70
00000154
FFFFFCA4
FFFFFB64
FFFFF805
00000289
000005A8
0000071D
000008B2
00000A22
FFFFFCAD
FFFFFD35
00000149
FFFFFABC
0000080B
00000737
000001D9
000001B6
0000040D
FFFFFFCD
0000078D
000000D8
FFFFFDC3
0000068F
FFFFFD09
00000403
00000E50
00000394
00000AB2
0000016B
FFFFFE04
00000842
00000168
000001BF
00000583
FFFFFB4D
000001F5
0000055C
FFFFFAA0
FFFFFF05
00000642
00000652
0000015D
00000460
000001CB
000002FB
000000E5
00000191
FFFFFB15
FFFFFB99
00000379
FFFFFD1E
000006D7
000005C5
000006E9
00000643
000003B6
FFFFFF88
00000491
FFFFFA73
00000006
000007CE
0000030F
FFFFFF53
000002EF
FFFFF88F
00000155
FFFFFF67
FFFFF8E8
FFFFF987
0000022B
0000064E
0000096F
00000694
00000260
FFFFFF02
000002CD
000001DC
00000709
000001C0
0000033B
FFFFFE52
00000588
00000404
00000154
00000901
000001C2
0000041E
000003F4
FFFFF8BE
00000316
0000017B
FFFFF693
FFFFFEB0
FFFFFFF1
FFFFFBA7
FFFFFAF0
FFFFFD19
FFFFFBC7
000004DF
FFFFF8F7
FFFFF5F5
FFFFFD46
FFFFF585
00000382
000001D4
00000042
00000048
00000628
00000A13
FFFFFC5E
FFFFFE45
000003F0
FFFFFFB9
0000055B
0000041D
000008F2
000006CE
000005BF
FFFFFDF8
FFFFFE78
000009B5
FFFFFEA6
FFFFFD65
000002D5
FFFFF97B
FFFFFF49
0000026A
FFFFF8BD
FFFFFF3E
FFFFF975
000000D8
0000028E
FFFFFFDC
FFFFFF74
FFFFFE68
FFFFFE60
FFFFFE5F
FFFFFA61
FFFFFD09
FFFFFB58
00000217
FFFFF96E
FFFFFD0B
00000137
FFFFFE76
00000096
00000152
0000058D
00000080
000006E1
FFFFFDBC
FFFFFEF6
FFFFFB1E
0000015E
00000376
0000057A
FFFFFCA2
0000054E
0000004A
00000516
FFFFFE30
FFFFFDB6
00000875
000008CF
FFFFFE0E
FFFFF9CE
FFFFFBE8
00000143
FFFFFC75
FFFFFD5E
FFFFFB33
00000917
000002E2
000003CB
0000054B
00000048
000009C2
00000342
00000393
FFFFF723
FFFFF9EF
FFFFFAAB
FFFFF812
FFFFFC60
00000156
0000021D
FFFFF8D3
FFFFFC81
00000326
000000FA
FFFFFCEA
0000006C
000003D3
FFFFFF70
00000650
FFFFFF6F
FFFFFD7D
FFFFFBD9
FFFFF9F6
FFFFF4D5
FFFFF8DE
00000688
FFFFFB70
000001F4
00000541
000007CA
FFFFFDE6
00000BDE
00000390
000003A1
00000AA5
FFFFFDC2
0000096E
000008F0
00000096
0000083B
00000192
FFFFFE5B
000002D6
FFFFFE81
0000089C
FFFFF99D
FFFFFE37
FFFFF447
FFFFFA82
FFFFF9F7
00000004
000003E6
FFFFFFBF
000003E8
FFFFF5CD
FFFFFDEA
FFFFF64E
FFFFFE98
FFFFFB0B
000004CB
FFFFFF12
FFFFFED5
00000021
FFFFF92D
FFFFF9F9
000003B2
FFFFF7F0
FFFFFE89
FFFFFF3A
000007A3
FFFFF65D
FFFFFC93
FFFFFADC
00000385
FFFFFBDD
000007D2
0000030D
00000141
000004F2
FFFFFC26
FFFFFE0F
FFFFF4A3
00000056
000005BB
0000001B
FFFFFC67
000002B1
00000D5E
000004AE
00000630
FFFFFA1B
0000047E
000001A6
FFFFFF7D
FFFFFEA4
0000008C
0000067E
FFFFF7E6
FFFFFA6D
FFFFF562
000002D5
FFFFFF9E
00000904
00000AE1
0000025D
000001A8
000002B6
FFFFF504
000004AF
000006FD
FFFFFBDB
00000712
00000ADB
00000642
FFFFF5AE
FFFFFB04
00000585
000002EF
FFFFF693
00000204
0000054D
00000A0A
00000061
FFFFF0D4
FFFFFA95
FFFFF4BB
0000037E
FFFFFDC7
FFFFF8CB
FFFFFA7A
0000040D
0000029F
FFFFFD56
FFFFF07F
FFFFF31B
00000138
FFFFF947
FFFFFAEB
00000505
FFFFF8A5
00000595
000007A7
000005A0
FFFFFE33
FFFFF908
0000030B
00000399
FFFFFB49
FFFFF920
FFFFFE68
FFFFF6B4
FFFFFCD2
FFFFF48F
FFFFFC0D
00000474
FFFFFDD0
FFFFFA13
FFFFF7EE
0000093B
0000120D
FFFFFAF6
FFFFF935
FFFFF923
00000406
FFFFF6E0
00000135
FFFFFE87
FFFFF96F
00000706
00000B4C
0000019E
FFFFF78D
00000A2B
FFFFF1C5
FFFFFF1E
00000350
FFFFF9F3
00000256
000001D4
0000019A
000006E1
000007CD
FFFFF3AD
FFFFF65F
FFFFFB9B
FFFFF72D
00000288
FFFFF2CA
FFFFFAB2
FFFFFBD9
FFFFF547
FFFFF85E
FFFFF588
0000025B
FFFFFFEF
000005C1
FFFFF9EE
0000018A
FFFFF771
FFFFF7C0
FFFFF77F
FFFFFF9E
000005BC
0000078D
000000C8
FFFFF1B3
FFFFF8C4
00000A77
FFFFF9DD
0000073C
FFFFF933
FFFFF8F6
0000045F
FFFFF609
FFFFF789
FFFFFB78
0000051C
00000618
FFFFF848
0000074E
000009B2
00000439
000006EB
0000075E
FFFFFA3F
FFFFFA0A
0000048C
FFFFF5B2
00000273
FFFFF599
FFFFF6C8
00000635
000000AA
FFFFF8C8
000003A6
FFFFF849
FFFFFC5E
FFFFFAB4
0000033F
0000075E
FFFFFA65
FFFFFD99
00000518
FFFFFACF
FFFFFE86
FFFFF956
00000E45
000001F9
FFFFF14B
000009F6
FFFFFD3C
000004D0
FFFFFD9D
000005EA
FFFFF490
00000079
FFFFF781
FFFFFE87
000008B3
FFFFFB27
FFFFFBAC
000004F9
0000078A
FFFFFEDC
FFFFF2DB
FFFFF815
00000542
000001E7
FFFFFF8E
FFFFFA0F
FFFFFBC1
FFFFFF8F
00000BCF
FFFFFCBA
000005A0
00000956
FFFFF493
FFFFFC2B
FFFFFC68
000003A4
FFFFF948
FFFFF258
FFFFF802
FFFFFF48
FFFFF51C
000000C7
FFFFFFE4
000003C3
00000437
FFFFF9ED
FFFFF77B
FFFFF7A9
0000012D
FFFFFAA5
0000049B
000001EA
FFFFF377
000004A0
000006BC
FFFFFF3A
FFFFFD26
FFFFFD19
FFFFFCF6
00000924
FFFFF72B
FFFFFB92
0000065A
00000BF7
FFFFFEE1
FFFFFEAE
FFFFFECF
FFFFF4F0
FFFFFEFD
000001C5
000007EF
000007D4
00000082
00000A23
00000608
FFFFF4EE
FFFFFB8D
000005F9
FFFFFB6D
00000B86
FFFFF52D
0000089C
FFFFFE8E
FFFFF7BB
000005E4
000006D6
FFFFFE74
000003D9
FFFFF253
FFFFFD77
000001D6
FFFFF751
FFFFFAE4
FFFFFABB
FFFFF745
00000490
FFFFFD01
00000321
FFFFFFD4
FFFFFCD5
000006C6
000009B7
FFFFFA41
FFFFFC7C
00000258
00000DBA
00000651
FFFFFC65
0000001C
000001C8
0000026F
0000055A
FFFFF6E7
FFFFFB7E
00000EA6
00000738
00000C02
FFFFFEB2
FFFFF70D
FFFFFEC6
0000077B
00000A49
FFFFF676
0000044A
FFFFFD35
FFFFF949
00000609
FFFFF281
0000046A
00000678
FFFFFF52
000005DF
FFFFFD0A
00000201
FFFFFFD9
000005D1
FFFFFE04
FFFFF0B0
FFFFFB4C
FFFFF64B
0000043E
00000326
FFFFFE43
FFFFFBDE
0000001D
FFFFF947
FFFFFAA9
FFFFFA6C
FFFFF4CC
000005D3
00000147
000003AC
00000D54
FFFFF26F
FFFFFEAC
000002A2
FFFFFB41
FFFFEE4E
000010B4
FFFFF200
00000B42
FFFFFB08
FFFFF90C
00000797
0000019E
FFFFF80E
000001F3
00000783
FFFFFE53
00000024
FFFFFECD
0000078D
FFFFFF9B
FFFFFC36
FFFFFE29
00000850
FFFFFC35
00000DD8
00000135
FFFFFEEB
00000839
FFFFF9BF
FFFFF89C
FFFFFB40
000000C1
FFFFECB3
FFFFF4D5
FFFFF924
FFFFF218
FFFFF29C
0000084F
FFFFF8AC
00000417
00000007
FFFFFE40
0000066F
FFFFF80E
0000039C
FFFFFDEC
000003AE
00000680
00000428
00000135
00000100
00000C34
FFFFF8AC
FFFFFDDA
000001A9
0000052D
FFFFF023
00000096
FFFFFF7F
00000B8D
00000459
FFFFFF4D
0000052E
FFFFFA35
FFFFFE35
FFFFFB23
000002A3
FFFFF7E9
FFFFFA86
0000074C
FFFFFCDB
00000243
FFFFFC15
FFFFFE72
FFFFFCFD
00000036
0000006F
00000345
FFFFF8D2
000005AA
00000061
FFFFF4D9
000004EB
FFFFFECC
FFFFFB46
00000846
FFFFFB06
FFFFF4AB
00000341
0000023C
FFFFFFC8
FFFFFE0B
0000024A
FFFFF949
FFFFF102
000007A1
000000AC
FFFFFE63
FFFFFE77
FFFFF370
000009CA
FFFFF4AD
FFFFFA8C
FFFFF4B5
FFFFFADE
FFFFFE2B
00000A0F
FFFFFD15
FFFFF871
FFFFFA17
0000041A
FFFFF997
FFFFFC12
FFFFFB4C
FFFFFB2D
FFFFF9FA
FFFFF97B
000004EB
FFFFF33E
000000AC
FFFFFC54
FFFFF82E
00000904
00000057
FFFFF6A0
FFFFFFD3
FFFFF70D
000000AC
FFFFF70B
000004AC
FFFFF465
00000FDE
FFFFFCB5
FFFFFB26
00000CFF
FFFFF832
000002FF
0000023D
FFFFFF9D
000002E2
FFFFFA53
0000086F
00000269
000003FD
000004B3
FFFFF10C
FFFFF35D
FFFFFFAC
FFFFFB2B
FFFFFDF6
FFFFF8EA
FFFFFC68
FFFFFDF6
0000083A
000006C7
FFFFFB43
00000537
000002A5
FFFFFD16
00000523
FFFFF8B9
FFFFFC4B
000000D4
00000009
000005E6
FFFFF999
00000631
000006C4
FFFFFC8A
00000398
FFFFF700
FFFFFFCB
FFFFFEB6
FFFFFF22
FFFFF995
00000922
FFFFF7ED
FFFFFC69
FFFFFBBB
00000014
FFFFF831
FFFFF8A4
00000757
FFFFF955
FFFFF35A
FFFFFDA8
FFFFF6DD
00000399
FFFFF937
0000031C
FFFFFD66
000000E8
00000447
000006CF
FFFFF59A
0000076C
FFFFFAB4
00000788
FFFFF9F7
FFFFFCC4
FFFFF767
FFFFFB90
FFFFFA8C
FFFFF77E
FFFFFE5E
00000632
000005A2
FFFFFE03
FFFFFBFB
FFFFFF25
FFFFFEB5
000004E3
FFFFFDF4
0000026A
FFFFFC73
00000869
00000912
00000059
FFFFFB22
00000724
FFFFF97E
00000369
FFFFFDDE
000002A1
FFFFF579
000000A9
FFFFF546
FFFFF86F
FFFFF32A
FFFFFDA3
00000B68
FFFFFB05
FFFFF4FF
FFFFFB56
FFFFF92C
FFFFFD11
FFFFFE01
0000005C
FFFFEDFB
00000942
FFFFEEFB
FFFFECEF
0000036B
000007F7
FFFFFEE9
0000036F
00000C31
00000B6D
FFFFE9F2
FFFFFEE4
00000009
FFFFFCF4
000003FE
00000B66
00000312
000004C9
FFFFF8F8
FFFFFE3A
FFFFFF29
FFFFF80A
0000048A
0000016B
FFFFF544
FFFFF29C
FFFFE3BC
FFFFF5F1
FFFFF2B7
00000069
FFFFF41F
FFFFFF64
FFFFFD1F
FFFFF2E4
00000338
FFFFFCAC
00000A1C
00000814
000005A1
FFFFF6BE
FFFFF3C5
000005CB
FFFFFB24
FFFFF81B
FFFFF7EE
FFFFF5E5
FFFFF90E
FFFFFFFF
0000036F
FFFFF79C
FFFFF510
00000216
FFFFF83A
FFFFFBA2
FFFFF6E4
000007BD
0000002F
00000814
FFFFF889
FFFFF912
0000066B
FFFFFF24
00000F1E
000004C5
00000C3A
00000638
0000110F
FFFFFE07
000005B7
FFFFEF58
0000022A
000001DF
000002EC
00000830
00000A42
00000A58
00000131
000002B4
00000FDA
FFFFF359
FFFFFBCA
FFFFFC92
FFFFFDBB
0000119D
00000611
FFFFFC53
000002C6
FFFFF6EB
FFFFF44F
FFFFF004
000003C0
FFFFF801
00000086
000006AC
FFFFFC70
0000063C
000006DC
000002FE
000007A8
00000C5F
00000899
00000591
000005D4
FFFFFE07
000000DC
FFFFFFE2
FFFFFD9A
FFFFF57E
FFFFFFF6
FFFFF485
00000378
FFFFFE5A
FFFFEEAE
000001D6
FFFFFEA2
FFFFF774
FFFFF2C5
FFFFF01D
FFFFFDCC
0000051D
FFFFFA7F
FFFFF902
FFFFFBDC
0000079B
FFFFF7E4
FFFFF804
FFFFFB02
FFFFF6E4
FFFFF181
00000C17
00000321
00000610
00000278
FFFFFE7A
FFFFFFEC
FFFFFE54
FFFFF90E
FFFFF63D
00000255
000009AE
0000067C
00000A83
FFFFFC3E
00000F4F
FFFFFEAC
FFFFFB34
FFFFFDB3
00000895
FFFFFCDD
00000F02
FFFFFD45
FFFFFE66
FFFFFF18
00000817
00000B9D
00000D4E
FFFFFE88
00000107
00000B18
0000000C
00000819
FFFFFBD6
000009EE
FFFFFCD6
00000A81
FFFFF837
FFFFF8B0
FFFFFEA8
00000299
FFFFFF98
FFFFFB5D
FFFFF79A
FFFFF189
00000B5B
00000F9D
FFFFFA28
FFFFF633
FFFFF93C
00000096
00000AA2
00000C95
000009DA
FFFFFFE3
00000C29
FFFFF70F
0000114A
FFFFFFE3
FFFFFF93
000007B0
00000508
00000426
00000AE4
FFFFFBBE
000007AC
FFFFFC1C
00000A7D
FFFFF9B9
FFFFFA91
000001C5
FFFFF5C0
FFFFF9CA
000007DE
00000052
000000B2
FFFFFC6B
FFFFF397
0000000C
00000CA6
00000010
000003D3
FFFFF718
00000785
FFFFF880
000002F1
FFFFFDD6
00000264
FFFFEE08
FFFFF418
00000C8A
FFFFF9B3
FFFFFA39
FFFFF8CB
00000988
00000041
0000091B
000010C6
00001586
00001566
00000E8B
00000263
FFFFFA94
000006A1
0000009E
00000118
FFFFFF78
000009F8
00000DDB
0000066E
FFFFFC0B
FFFFF3AB
FFFFF9B7
000007B4
FFFFFCE9
00000DC8
FFFFFFA2
FFFFFA02
00000728
0000045E
000001A1
00000426
000008C4
000008D6
000004F4
00001766
00000962
000005FC
000003B4
000004D9
FFFFFD77
00000DE4
000002A8
FFFFFD44
FFFFFF3B
00000E4F
FFFFF52A
FFFFFF0A
FFFFF8EA
FFFFFEEC
FFFFFA25
000000D5
000000E1
FFFFF0B5
FFFFF330
FFFFFB69
FFFFF9D7
00000179
FFFFEE3D
000008C1
FFFFFF65
0000035D
000005C2
000004AF
00000712
000002FA
FFFFF74B
FFFFF84D
FFFFF7DF
FFFFFFF4
FFFFF599
00000CA6
FFFFF47B
00000479
FFFFED3C
FFFFFD38
000004B2
FFFFE712
FFFFFF78
00000264
000012AD
FFFFFF23
FFFFEFC2
FFFFF3EA
FFFFF814
FFFFFCAD
FFFFF185
0000063D
FFFFFA99
FFFFFC19
FFFFEB00
00000659
00000136
00000517
FFFFF566
FFFFFC61
FFFFFBC5
000016B2
000004EC
00000610
000005E9
000008CB
0000033F
FFFFFC84
000001A0
FFFFF09A
FFFFF6F7
FFFFFEA9
FFFFF8A6
FFFFF1CE
FFFFF849
FFFFF843
FFFFFB5A
FFFFF89C
FFFFF647
00000F05
00000716
FFFFF9DC
FFFFF130
0000003E
00000472
FFFFF532
00000541
FFFFF9F4
00000C4F
FFFFE6B1
0000064C
FFFFF83F
00001445
FFFFF201
FFFFFEA0
FFFFF8BE
FFFFF6AA
FFFFF182
00000554
FFFFF595
FFFFEFC9
00001025
FFFFFFB0
000001F9
FFFFFF0E
000003C3
00000893
00001544
000000F0
000005F3
FFFFFBEA
FFFFFADB
FFFFFC19
000001E6
FFFFF94F
FFFFEEE7
FFFFFE98
FFFFF5A0
FFFFF714
FFFFF05F
00000318
00000133
00000D97
0000068C
FFFFFE90
FFFFEC11
FFFFF345
000000A8
00000471
FFFFF858
0000049B
FFFFFDAF
FFFFF94F
000007E2
FFFFF1D8
FFFFFBED
FFFFFB18
FFFFFD1E
000006DB
FFFFF7A7
FFFFF5CA
FFFFFAFA
0000012E
FFFFF284
FFFFFE1F
00000D45
0000049E
FFFFF955
00000919
FFFFFEA0
FFFFFA4F
000008FA
FFFFF764
FFFFF921
FFFFF1BD
FFFFF96B
000003CE
FFFFFDFD
00000A21
FFFFFE85
FFFFFF35
000005CD
FFFFFF19
FFFFF632
00000409
FFFFFC16
000005D3
FFFFF623
00000331
00000AA2
00000184
0000081B
FFFFF403
FFFFF107
FFFFF5B3
000007AA
FFFFF760
000005F6
FFFFF740
00000235
FFFFFFB8
FFFFED0E
00000115
000005A6
FFFFFAED
000007B2
00000AD4
000003E8
00000CB1
0000061B
000003CF
00000875
00000678
FFFFFD09
FFFFF3F3
FFFFFB3A
00000725
0000040E
FFFFFB6A
FFFFFD1D
FFFFFEAA
0000030C
00000A2E
00000218
00000815
00000182
000004BC
FFFFF53F
FFFFF70D
000000CE
FFFFF9B6
0000047E
00000161
FFFFFDCC
FFFFFE80
00000157
0000026C
000001C6
FFFFEC66
FFFFFB79
00000C6F
FFFFF740
00000338
FFFFF5F9
FFFFFD7A
FFFFFECC
FFFFF7B9
00000808
00000382
0000056D
FFFFF8D3
00000949
FFFFFA48
FFFFFFFA
00000465
000005BE
FFFFF3A5
FFFFFDD5
FFFFFBF8
00000006
FFFFFDEB
FFFFFE97
00000219
00000F0E
00000113
00000C1D
0000017B
000002C2
0000113F
00000A3E
FFFFFDC5
FFFFF9A5
FFFFFA95
000002D4
00000143
000000B5
00000F26
00000416
FFFFFD52
0000017C
FFFFFB6B
00000A1D
00000D86
FFFFFD7C
FFFFF87C
FFFFEF54
FFFFFA63
FFFFF7AF
000008F5
00000028
FFFFFDE7
FFFFFB13
0000017B
FFFFFB14
FFFFF24F
FFFFFEB7
0000008F
00000462
FFFFF922
00000169
FFFFF8E4
FFFFEEA5
FFFFFFAB
000001BE
FFFFFE32
FFFFFE35
00000497
FFFFFBE0
000000A2
FFFFFB99
FFFFEBE3
FFFFFA86
00000663
FFFFF7F5
000003E5
FFFFFF38
FFFFF6DF
FFFFFCE3
FFFFFD50
00000060
00000032
FFFFF4CA
FFFFF1D1
FFFFF65B
FFFFF6F3
FFFFF51C
00000243
FFFFF554
FFFFFA29
FFFFF095
FFFFFAA6
00000028
FFFFFC48
FFFFFC2D
FFFFFC32
FFFFF93A
FFFFFC6A
FFFFFFFB
FFFFFFB8
FFFFFEF4
FFFFFF72
FFFFF8A1
FFFFF5E4
FFFFFA45
FFFFFB9C
FFFFFA24
FFFFFE5C
FFFFFDAE
00000109
000003C7
000000FA
0000009A
00000208
00000052
00000087
FFFFFE2F
FFFFFF6C
00000165
FFFFFA23
000000CF
FFFFFCBA
000004D8
FFFFFDB9
FFFFFD81
FFFFFEAE
0000012E
00000131
00000096
00000004
000001E4
FFFFF9C3
FFFFFFC6
FFFFFE42
00000116
FFFFFBE1
FFFFFACB
FFFFFB12
000003A5
FFFFFCB2
FFFFFD16
FFFFFD2E
FFFFFAC5
FFFFFF98
FFFFFB91
000001E9
00000418
000003CB
000000C8
00000037
0000001D
0000060D
000004ED
FFFFFDA4
FFFFFE54
00000105
FFFFF9B8
FFFFFC26
FFFFFDB6
FFFFFBE0
FFFFFDEB
FFFFFA9C
FFFFFD91
00000153
000000EE
0000036D
FFFFFC7B
FFFFFE38
FFFFFBE4
FFFFFAEB
00000014
FFFFFE62
FFFFFE16
FFFFFA99
FFFFFCB6
FFFFFFD7
FFFFFC0F
FFFFFB5E
FFFFFB49
FFFFFF88
FFFFFE7E
FFFFFDA1
FFFFFE56
FFFFFFB5
FFFFFF3D
FFFFFF57
FFFFFE18
00000190
00000125
FFFFFEE3
00000333
0000030A
FFFFFBCD
FFFFF9E7
FFFFFB50
000001F3
000001ED
FFFFFE2D
FFFFFFF5
FFFFFFFC
FFFFFCAB
000002C3
000002B6
000000F9
00000438
FFFFF838
00000014
FFFFFEA7
00000218
FFFFFC5E
FFFFFB52
0000032B
00000235
FFFFFF48
FFFFFC0B
FFFFFF80
FFFFFFE2
FFFFFA43
FFFFFEF8
FFFFFFA4
FFFFFCF4
FFFFFD4D
FFFFF9C7
0000009F
FFFFFCBA
FFFFF633
FFFFFDA3
FFFFFE7D
FFFFFC31
FFFFFE76
FFFFFDB9
FFFFFAD9
FFFFFFD6
FFFFFC95
FFFFFDC8
FFFFFBE9
00000572
FFFFFE11
FFFFFAFD
FFFFFC2A
FFFFFD81
000002E6
000003F2
000001E3
FFFFFAB1
FFFFF6AD
FFFFFC7D
FFFFFEBD
FFFFFD66
FFFFFBE6
00000252
FFFFFEB9
0000005D
0000050D
00000354
00000271
0000020F
000003E5
FFFFFD12
000001EF
FFFFFDF0
00000368
FFFFFA81
FFFFFE83
0000008E
00000209
000001DA
000004B5
FFFFFBF2
FFFFFB86
FFFFFB41
00000141
FFFFFBC6
FFFFFD3F
FFFFFFF7
00000104
000000CF
FFFFFEAE
0000013B
FFFFF9BA
FFFFFDB5
0000007C
FFFFFD52
000003F3
0000042E
FFFFFE07
FFFFFE7F
FFFFFC74
FFFFFC02
FFFFFCAA
FFFFFC14
00000021
FFFFFCA8
FFFFFF47
FFFFFC69
00000318
000002A2
FFFFF96A
00000127
FFFFFD81
FFFFFC30
FFFFFE0D
00000161
FFFFFE33
FFFFFBFA
00000178
FFFFF89B
00000004
FFFFFD4A
00000176
000002AC
000003BD
FFFFFBAD
FFFFFA3B
00000174
FFFFFEE6
FFFFFC66
FFFFFEE4
FFFFFC98
00000050
FFFFFFCF
FFFFFD63
000002F5
FFFFFE00
FFFFFFF0
FFFFFEDA
FFFFFF93
000001D8
00000194
FFFFFCCA
00000247
FFFFFFEE
FFFFFBCA
000000D8
FFFFFD3B
0000034B
FFFFFF74
FFFFFEF4
000000EB
FFFFFD04
FFFFFF4C
00000354
00000663
FFFFF93D
FFFFFB66
FFFFFD53
FFFFFEDB
FFFFF947
FFFFF87A
FFFFFC76
000000F7
FFFFF945
00000387
000004B0
FFFFFC52
FFFFFD11
FFFFFD9F
FFFFFDC6
0000025C
FFFFFDE0
FFFFFE80
000003D9
FFFFFDBB
000002F8
00000036
FFFFFED4
00000185
FFFFFDAA
0000003C
FFFFFF82
FFFFFD19
00000034
00000295
FFFFF9C1
00000411
FFFFFCF2
00000101
000003B0
00000197
FFFFFD4C
000001C8
FFFFFF2A
000001C7
FFFFFFD0
FFFFFBA7
FFFFFD28
FFFFFEA7
FFFFFA75
FFFFFD6F
000000AB
FFFFFDB9
0000010D
00000521
FFFFFFF8
FFFFFFC4
FFFFFD52
FFFFFFB5
FFFFFD06
FFFFF94F
0000003A
FFFFFF5C
00000202
0000011F
FFFFFED4
0000028C
FFFFFDC5
FFFFFE53
FFFFFD78
FFFFFFCD
000000B0
FFFFFD5F
FFFFF798
FFFFFD9D
FFFFFB0A
0000006B
FFFFFC9F
000000C5
FFFFFBA7
0000033E
FFFFFEAF
FFFFFFA0
0000019E
FFFFFD3A
FFFFFE6B
00000440
000004DF
00000423
00000596
FFFFFBF6
FFFFFF44
FFFFFFAB
FFFFFEC8
FFFFFE9A
FFFFFA4D
0000008B
FFFFF8E8
FFFFFF86
FFFFFA03
FFFFFAEF
FFFFFE62
FFFFFA8D
FFFFFB04
0000033B
000000A0
00000180
0000081E
FFFFFCF5
FFFFFC20
00000110
00000100
000002FE
FFFFFDD6
0000007D
FFFFFF1E
00000048
FFFFFE10
00000110
00000014
0000029B
00000047
FFFFFE82
FFFFFD8A
FFFFFFDD
FFFFF959
000001E3
00000072
FFFFFB34
FFFFFEA2
FFFFFCBB
000004B3
FFFFFFD9
00000473
FFFFFF73
00000032
0000019C
FFFFFF30
00000159
000002E8
000000E7
FFFFFC2D
FFFFFC55
FFFFFA95
000000B8
000000F7
FFFFFF86
000003DB
0000011D
0000033F
FFFFFCF5
FFFFFE54
00000060
FFFFFEED
FFFFFC98
00000370
00000133
FFFFFFC1
FFFFFCAF
0000046D
FFFFFFE3
FFFFFF69
FFFFFE3C
FFFFFE1D
FFFFFFA1
00000389
000000EE
FFFFFFD1
00000393
FFFFFAE3
FFFFFDE3
FFFFFD47
FFFFFDF2
FFFFFDAC
000000DC
FFFFF7ED
FFFFFD44
FFFFFA54
FFFFFFA9
FFFFF80C
FFFFF94A
FFFFFED8
FFFFF755
FFFFFD7B
FFFFF869
FFFFFDA7
FFFFFEED
FFFFF8D5
FFFFFA25
FFFFFB20
FFFFFC0C
000000AB
FFFFFFBB
FFFFFDEA
00000686
FFFFFCE5
00000150
FFFFFE88
00000606
000003C6
000000A1
FFFFFADF
000000B1
FFFFFCA8
FFFFFF88
FFFFFDB6
FFFFFF04
0000008D
00000036
FFFFFBDB
0000022A
FFFFFEE1
FFFFFDE0
FFFFFBA4
000001F1
FFFFFEA3
FFFFFA8F
FFFFFCAA
FFFFF9EE
FFFFFB60
FFFFFC42
0000016D
FFFFFF67
00000335
0000037D
FFFFFBCB
FFFFFB7F
0000030B
00000033
FFFFFB19
FFFFFA86
FFFFF83D
FFFFFE7F
000002B8
FFFFFAEB
FFFFFEB6
000001BC
FFFFFF31
FFFFFD5E
00000202
000000B0
00000414
FFFFFF7D
FFFFFCD2
FFFFFFBD
0000012D
0000047C
00000229
00000289
FFFFF9A7
FFFFFD84
FFFFFE52
000003DB
FFFFFF51
FFFFFD45
0000009B
000001C8
000001BA
FFFFFCA9
FFFFFA1B
FFFFF8ED
FFFFFD12
FFFFFBC7
FFFFFAF0
FFFFFD7F
000001FF
FFFFFD6E
FFFFFB28
FFFFFDC2
FFFFFCE1
FFFFFA36
FFFFFC3C
FFFFFCA6
FFFFFFA2
FFFFFB2B
FFFFFA7F
FFFFFA9E
FFFFFDD0
00000005
FFFFFE8F
FFFFFC35
FFFFFE77
00000199
FFFFF9B2
FFFFFDEE
FFFFFC94
FFFFFE82
000000B0
FFFFFE06
000001DA
00000090
000000A9
FFFFFB04
000002C8
0000023E
0000000F
FFFFFC30
FFFFFF19
FFFFFEDB
000001BB
00000684
FFFFFF14
000003B6
FFFFFC01
00000030
FFFFF9F3
00000113
FFFFFF4A
FFFFFC0C
FFFFFC41
FFFFFFE0
00000116
0000027E
00000048
00000044
FFFFFFFD
FFFFF966
FFFFFE67
0000018F
FFFFFF45
FFFFFA83
FFFFFB03
FFFFFED1
FFFFFB09
00000256
FFFFFCC8
FFFFF9E7
FFFFFE7D
FFFFFDD0
000000AB
FFFFFC41
FFFFFD20
000003B6
000006CC
FFFFF617
0000061E
FFFFFC79
0000005E
FFFFFAB0
FFFFFCFC
FFFFFD66
000004F6
00000AA4
FFFFF845
00000194
FFFFFFA9
FFFFF70E
000004E3
000006CD
FFFFFB10
FFFFF43C
0000116E
00000302
00000C3F
00000A75
FFFFF41B
FFFFF686
FFFFFEA4
000004D3
FFFFFF6C
00000201
FFFFFDDF
FFFFFAA1
FFFFF679
FFFFF888
00000B25
00000268
FFFFFAE7
FFFFFB23
000004F2
FFFFFD2B
000002E1
FFFFF4AD
FFFFFBB6
000006C2
FFFFFE99
FFFFFC12
FFFFF821
000001DD
FFFFFE6F
FFFFF87B
FFFFF786
FFFFFF4F
FFFFFC70
FFFFFB7A
FFFFF808
FFFFFFD7
0000053E
FFFFFF1A
FFFFF7B1
FFFFF7F7
FFFFF5BA
FFFFFD4D
FFFFFEE4
00000873
FFFFF7CF
FFFFF3F3
FFFFFEA9
FFFFFB49
00000300
FFFFFE73
FFFFF557
00000000
FFFFF958
00000163
FFFFFF94
FFFFFBD1
00000799
00000243
0000016A
00000771
FFFFF6E0
00000093
00000575
FFFFFCE8
FFFFF441
FFFFF700
FFFFFE44
000001E2
FFFFFF61
FFFFF860
FFFFF0D3
FFFFFFCE
0000049C
FFFFFB68
FFFFFD31
FFFFFD6C
FFFFF89A
FFFFFFB6
000003CC
FFFFF7A8
000002EA
000004C1
000002F9
FFFFF99B
0000020B
FFFFFD16
00000403
FFFFFF7D
FFFFFDE5
FFFFF9A6
0000091B
FFFFFAFC
FFFFFCEE
FFFFF7CC
FFFFFDF0
000007F2
00000170
FFFFFAC6
000005BB
000002FC
FFFFF97E
000001CC
FFFFFF96
000002D0
FFFFF881
FFFFFFD3
FFFFFA58
FFFFFFDD
FFFFFFD1
FFFFFAD3
00000441
00000386
0000095D
FFFFFEDE
000005D6
00000560
000000EB
FFFFFDCF
FFFFFADE
00000162
000003B5
000004AD
FFFFFC81
000006EF
FFFFF85D
000000E9
00000318
000001CF
000002F6
00000980
000004BE
FFFFF58C
FFFFF8C6
FFFFF5D4
00000ADD
00000329
000005FA
FFFFF587
0000035D
FFFFFA74
00000AF6
0000034B
FFFFFF9B
FFFFFEDD
FFFFF4EB
000007A1
00000123
00000702
00000021
00000420
00000024
FFFFF87C
00000A4A
000003A8
FFFFF6A8
000003BA
FFFFFB17
FFFFF908
00000FE6
FFFFF840
00000840
00000705
000004A9
FFFFFE79
00000968
FFFFFAAB
00000162
FFFFFB6C
00000631
FFFFFFC3
FFFFFCB4
FFFFF5EA
00000407
FFFFFEFF
FFFFFE77
FFFFFF75
FFFFF959
000001E3
FFFFF952
FFFFFD13
FFFFF9D1
FFFFFEF9
0000009A
FFFFFCA6
FFFFF90B
000001E3
FFFFFEA3
FFFFF97C
000000D7
00000209
FFFFFE90
FFFFFC80
FFFFF8DC
00000680
000007EF
00000297
FFFFFBBE
FFFFF2F5
000007F0
000001E0
0000001C
FFFFFDE2
FFFFFF89
00000695
FFFFFA42
000005E1
000006D1
FFFFF725
FFFFFAB0
FFFFF7AC
FFFFF9E9
0000003D
FFFFFD1B
FFFFF35A
FFFFFF20
0000039B
FFFFF04D
FFFFF5BC
0000042D
FFFFF5FA
FFFFF80A
000002AB
FFFFFB82
FFFFF953
000006C7
00000A5D
00000503
000008E4
0000010D
00000039
FFFFFE9B
00000052
FFFFFA56
FFFFF52E
0000015D
FFFFF34E
0000087D
FFFFFEF8
FFFFFCFE
0000032E
FFFFFB91
FFFFFF04
000005E6
0000007D
FFFFF618
000007A2
00000020
FFFFFD16
00000A2B
FFFFF8D4
FFFFFB9A
00000269
FFFFFF63
FFFFFE8E
00000486
FFFFFD1F
FFFFFC14
FFFFF310
FFFFF8A1
00000452
0000034B
00000862
FFFFFBE7
FFFFF415
FFFFFC54
00000210
00000547
0000013B
FFFFF62F
000008FE
000000B2
000002E4
000003EF
FFFFFB8D
FFFFF3BD
FFFFFF2A
00000124
FFFFF741
FFFFF7B5
FFFFF5C7
00000171
000007C0
00000ACE
FFFFFBE4
00000322
000003FB
000000F9
00000809
FFFFF88D
00000376
FFFFFE05
00000666
000006DC
FFFFFD87
00000438
00000193
0000012B
FFFFF8B6
FFFFFA9B
00000985
00000454
00000845
00000063
000003FF
000004E8
FFFFF828
FFFFF8B0
FFFFF8E3
00000D22
FFFFF712
FFFFF7AE
00000330
000001F8
00000075
000003E5
00000085
FFFFFBE8
000004A1
0000098E
FFFFFD49
00000618
000006A2
0000067C
00000C28
FFFFF7AC
FFFFFB2B
00000747
000007D6
00000A7C
00000D8A
FFFFF977
FFFFF901
FFFFF666
00000B29
FFFFFFD7
00001723
FFFFFCBA
FFFFFEB2
00000206
FFFFFD0B
00000619
FFFFFBEF
FFFFFB66
FFFFFB96
000002C2
000000C3
FFFFFD5B
0000009B
00000502
FFFFFB66
FFFFF619
FFFFF97C
FFFFF8C0
FFFFF8D3
FFFFF96C
FFFFF369
FFFFF643
000005E4
FFFFF78B
FFFFFAA1
00000474
FFFFFD8F
FFFFFC42
FFFFF5F9
000002A6
FFFFFA82
FFFFFD09
FFFFF9C3
FFFFFC7F
00000F1B
000001D4
FFFFFD8C
FFFFFC20
0000015E
00000170
000004B6
FFFFFC1D
000001F1
0000076E
FFFFFE7E
FFFFF9AC
FFFFFE2D
FFFFFFCD
00000520
0000032B
FFFFFCAA
FFFFF99C
FFFFF8E8
FFFFFE33
0000002E
00000365
00000174
0000053C
000000AC
000009A9
00000728
00000152
00000882
00000987
FFFFFF46
FFFFFBFB
FFFFF9F1
FFFFF466
000002A4
FFFFFA3D
FFFFF22F
FFFFF6E0
000006F9
FFFFFD1F
000002F9
000004F1
FFFFFA38
00000240
00000207
FFFFF836
00000890
FFFFF4A6
FFFFF8D9
000008EA
00000BA8
000004B6
FFFFFFDA
FFFFF852
FFFFF938
00000315
000006E4
00000807
FFFFFCD3
00000013
FFFFF97F
0000008F
FFFFFE6B
000003D6
FFFFFC09
0000024D
000004BF
000001A0
000007D8
FFFFFBDD
FFFFFCF5
FFFFF486
00000533
FFFFFA8B
0000063D
FFFFFC1E
00000762
FFFFF502
FFFFFB3A
FFFFF9CD
FFFFFB95
FFFFFDF2
00000243
00000205
FFFFF25B
FFFFF7DE
00000C4F
FFFFF287
FFFFF5D8
00000C93
00000DA6
0000046F
000005D6
FFFFF6C4
00000601
FFFFFF48
FFFFFC60
FFFFF912
00000A96
0000046F
FFFFF691
00000400
FFFFF77D
000001A6
FFFFF741
000005AC
FFFFF904
00000908
FFFFFCF3
FFFFFB9F
0000029A
0000042F
FFFFFBC5
000003DA
FFFFFD81
FFFFF550
00000282
FFFFFFA6
0000051C
00000185
000003DB
FFFFF83C
FFFFFADD
FFFFFB85
FFFFFC81
00000660
FFFFFD1B
000006DA
FFFFFCE7
FFFFFA44
00000B8A
FFFFFA90
0000021C
FFFFFD4D
FFFFF7E5
00000524
000003E0
FFFFF579
FFFFF98E
FFFFF868
00000FE0
00000C08
FFFFFD50
00000026
FFFFF578
0000006F
0000078C
000003B3
FFFFFB93
FFFFF95B
FFFFF374
FFFFFA1E
000002C5
000006FD
FFFFFE2E
FFFFFA5D
FFFFFDBD
00000395
FFFFF9A9
00000881
0000087A
00001464
FFFFF6AE
00000595
00000337
000005F1
FFFFFE81
FFFFF757
00000735
FFFFF76A
00000086
0000068C
000006FC
000006E6
000000DA
FFFFF84C
00000239
FFFFFA50
00000256
FFFFF754
FFFFFDD0
FFFFF59B
FFFFFDA0
FFFFFF0B
FFFFFF70
00000762
000002B1
FFFFF8CA
FFFFFE7E
00000058
000007A7
000003F1
FFFFFAFF
FFFFFDB0
000001B7
FFFFFABA
000001FF
000002B2
FFFFFD6D
00000B65
FFFFFFC9
FFFFFACB
00000A09
00000257
FFFFF8C2
0000036A
000000FD
0000057C
0000026B
FFFFF561
FFFFFA92
0000020D
FFFFF9E4
FFFFFA83
FFFFFFAD
FFFFFE6D
FFFFFC46
00000308
00000885
00000453
000005BC
000006F8
000008AB
00000437
FFFFFFF9
FFFFF78F
FFFFFCBD
0000091D
00000A1E
0000041E
000006F2
FFFFFECE
FFFFFFED
00000274
000007EC
00000993
000001A2
0000020A
FFFFF846
000001A9
FFFFF95F
000005E2
00000771
0000042F
00000C08
FFFFFE4F
0000045B
FFFFFCD8
0000097C
FFFFFE40
FFFFFA1D
00000843
000006A0
FFFFFD8A
00000CD5
FFFFFFAD
0000084B
FFFFFF9F
00000580
000003FC
00000469
000006A8
FFFFF9BE
FFFFFEDC
00000912
FFFFFC79
0000028C
000007D7
FFFFF7B2
00000100
000002BC
FFFFF976
FFFFFE6E
FFFFF7AF
0000026D
FFFFFE94
000005A7
FFFFFBB4
FFFFFE01
00000053
00000098
FFFFFFA5
000004FF
00000237
000007EA
000004C2
00000168
FFFFFAAC
00000A6E
0000042F
00000423
00000912
FFFFFD69
FFFFFDAC
00000530
FFFFFD47
FFFFFE1B
FFFFFCCE
00000431
FFFFFD9F
00000343
FFFFF89C
FFFFFE1E
00000624
00000484
0000069A
FFFFFC62
FFFFFD8F
00000136
00000065
00000468
00000DA1
000004FB
000000CA
00000836
000005BC
000009B6
0000031C
FFFFFEED
00000C3F
FFFFFD85
0000077B
FFFFFB85
00000679
FFFFFD56
00000478
0000069E
000000BE
000006B0
FFFFFD5A
FFFFF058
FFFFFBBB
FFFFF9E3
FFFFFC90
FFFFF3BA
FFFFFEC0
FFFFFE4B
000002A1
000005C2
000009B4
0000036E
00000046
00000207
FFFFFC4B
FFFFFD51
0000059B
FFFFFAE0
FFFFF83C
0000052D
FFFFF7B7
000002CC
FFFFFC60
000008E9
FFFFFB73
FFFFFA0C
0000039B
FFFFF758
00000216
FFFFFB3D
FFFFFD2C
0000005F
FFFFF507
FFFFF38D
FFFFF851
FFFFFAA1
FFFFF6C4
0000046C
FFFFFE12
FFFFF7DD
00000499
FFFFFF36
FFFFF77B
FFFFF727
FFFFF880
00000445
FFFFFEF3
000005B2
0000041E
000008F6
000004A1
0000065B
FFFFFF5E
0000065C
FFFFFF17
FFFFFCAC
FFFFFA21
00000308
FFFFFD56
0000043D
FFFFFFD9
FFFFFDAD
FFFFFC00
FFFFFEE3
000005DF
00000114
000008A5
000002A6
FFFFFC4B
FFFFFFFD
0000042E
00000510
00000110
FFFFFF33
FFFFFB8B
000003BF
FFFFFA94
FFFFF46B
00000595
FFFFF7E3
00000042
000009A6
FFFFFBF9
00000378
0000083F
00000653
FFFFFF95
FFFFFA72
00000531
000002CA
000001F2
00000901
FFFFFC5E
000008A1
000002B0
FFFFFD16
000007D3
00000369
FFFFFD9A
FFFFFFBF
FFFFFCEF
000004A3
FFFFF7C2
FFFFFBFA
FFFFFCAA
FFFFFB2B
0000075E
FFFFFDA7
00000071
000000F3
00000286
FFFFFFDC
000000C3
FFFFFBF3
FFFFFC40
FFFFFA93
000006CB
FFFFFB7F
00000A47
FFFFFEB8
0000075E
00000A16
000000DF
000009D1
000008B2
00000B1D
0000096F
00000B7E
0000067F
0000084D
000006B6
000008AF
00000BF0
00000A9C
00000B66
FFFFFDE4
000004B8
FFFFF649
00000A8F
00000981
FFFFFC7C
FFFFFF27
0000060E
00000850
FFFFFC17
0000003C
FFFFFA80
000006C8
00000693
FFFFFBDC
0000095A
FFFFFBA6
0000035F
000000DE
00000417
000002D2
00000BD7
000002B1
00000294
00000CFF
000002D2
FFFFFA78
00000672
FFFFFDB5
FFFFFA80
00000255
000007A3
0000036F
FFFFFE33
00000466
0000030B
FFFFF9CC
FFFFFAE4
FFFFFE0A
FFFFF93C
00000288
FFFFF88C
FFFFFA12
FFFFF8EC
0000003F
FFFFFD84
00000334
000005D5
FFFFF853
000009E2
FFFFF818
FFFFF946
000002EC
FFFFFD07
00000D65
0000019A
0000061B
0000062D
00000725
00000CE8
00000085
0000098E
0000076F
FFFFFCBF
000002AD
00000255
FFFFFD55
0000066D
0000055F
000002B9
FFFFF7A4
FFFFFF92
FFFFF6D4
FFFFF8F9
FFFFFC27
000000E7
FFFFFE94
FFFFF702
0000009F
000009A0
FFFFFFF4
FFFFFE41
FFFFF805
FFFFFE90
FFFFFBE1
FFFFFD07
00000556
FFFFFEFC
00000268
FFFFFCF3
FFFFF5AE
00000046
FFFFF553
FFFFF6A1
FFFFF91D
FFFFFEA4
FFFFFD0D
FFFFFE74
000001B9
00000276
FFFFF776
FFFFFE10
FFFFFD60
FFFFF7D5
00000472
0000005F
FFFFF931
FFFFF77E
00000691
00000886
00000635
000000BD
00000974
00000341
00000606
00000512
00000C8C
FFFFFA36
FFFFF6B7
000004A2
FFFFFEA7
FFFFF772
FFFFFF4A
FFFFFDC6
FFFFFD89
000003A8
FFFFF95F
FFFFF97E
FFFFF369
00000402
FFFFFF3C
FFFFF7C7
00000454
FFFFF7E6
FFFFFF46
000005D9
0000010E
00000077
00000563
00000651
FFFFFEAD
000003E6
FFFFFACA
000003CC
FFFFFDBA
000005CE
FFFFFAFC
00000589
000007BB
FFFFF916
00000908
FFFFFB25
0000046B
0000077C
FFFFFF77
FFFFFDD6
FFFFFE7B
00000635
00000A66
FFFFFCCC
FFFFFD5E
FFFFFD14
FFFFFC5F
0000052E
FFFFF6A4
00000162
FFFFFE32
000005AD
00000744
FFFFFE73
0000082C
0000056A
000006D1
0000029B
000002CB
00000435
000001E7
00000561
00000012
00000455
FFFFFDA2
FFFFF9D8
FFFFF9FE
FFFFFB22
FFFFFA21
FFFFF881
0000027D
FFFFFDAA
FFFFFD88
FFFFF8C6
FFFFFFE7
FFFFFB7E
FFFFF949
00000594
FFFFFD3E
FFFFFC47
0000038A
FFFFFC87
0000090B
00000C4E
000001D1
FFFFFA01
FFFFFF64
000009AD
00000BDA
000005FE
FFFFFDD4
0000022D
000009E9
000007DC
FFFFFA0A
FFFFFEEA
FFFFFA1D
0000043B
FFFFFDED
FFFFF7AE
00000571
0000027C
FFFFFFC2
000003D0
FFFFFC07
FFFFFC92
00000212
0000036D
000006FF
000002F4
FFFFF990
FFFFFC15
00000784
000000CD
FFFFFA79
000009DE
00000866
FFFFFF4D
FFFFFFE0
0000030D
0000082E
00000732
FFFFFD86
FFFFFA64
0000082E
00000A37
FFFFFE51
000002D9
FFFFFBFE
FFFFF84F
FFFFFD05
FFFFFDBC
FFFFFDB9
FFFFFAFE
FFFFFCDB
0000073E
00000C8F
000006C7
000002EB
00000B0A
00000687
FFFFFD73
0000087B
000002BE
00000BAC
000003E4
000006A4
FFFFF902
000002E9
FFFFFE51
000000E9
000006FC
00000510
FFFFF98E
00000467
FFFFFFDA
FFFFFDC7
0000040C
00000059
FFFFFB73
00000AFD
000004D8
000006ED
00000100
000002AD
00000904
FFFFFEF5
00000447
00000451
FFFFFC6E
000006DD
0000093A
0000060D
000005D5
FFFFFB71
00000631
00000454
0000042F
FFFFFF8A
00000245
FFFFFC3C
00000BF0
000005E5
00000BFC
FFFFFFCD
00000826
0000023B
FFFFF994
000006B1
00000519
00000240
FFFFFB5B
FFFFF8D3
FFFFFB25
000005A4
FFFFFBA6
00000315
FFFFF9AC
FFFFFC3D
FFFFF796
000001A8
FFFFF632
FFFFFECC
FFFFFB5E
FFFFFB45
FFFFFA25
FFFFF7B6
FFFFF6C2
000007FC
000009E5
00000904
00000C74
00000351
00000353
FFFFFABE
FFFFFB93
0000044F
FFFFFBE3
0000018F
0000015F
FFFFF61E
FFFFF668
FFFFF6FC
000000DD
000000AA
FFFFF746
FFFFF786
000001D5
000004BB
FFFFFE89
000005B8
000004B9
000002DA
00000000
000002D3
FFFFF8A0
0000005B
00000285
FFFFF8A2
FFFFF598
000000DE
000005C7
0000060B
FFFFFEAE
00000070
000001A0
00000019
000000CF
FFFFFF2E
FFFFFBBE
0000062C
FFFFFA3A
00000062
FFFFF92E
FFFFF614
FFFFF5C0
FFFFF8EE
000006C5
FFFFF425
FFFFFE55
FFFFF735
FFFFFAB2
00000104
000006B8
FFFFFC44
00000208
00000774
00000884
00000973
00000169
000001D3
FFFFFCA5
0000008C
0000070B
FFFFFDFB
FFFFFE9C
000000AB
FFFFFA45
FFFFFE6E
FFFFF748
FFFFFF98
00000533
000006D4
0000030F
00000503
00000282
FFFFFE60
FFFFFDCA
00000576
FFFFFBA4
00000168
FFFFFAE8
FFFFF886
FFFFFFE5
0000000A
FFFFFCC6
00000309
0000025C
00000087
00000892
FFFFFB79
FFFFFBA0
000007CF
00000876
000003E2
0000031E
00000805
00000522
00000007
0000065A
FFFFFFC7
FFFFFF1B
FFFFFE87
000007EF
000005A5
00000201
000004AF
00000B30
00000013
00000A49
0000066E
00000230
FFFFFF25
00000C93
0000057D
FFFFFE80
FFFFF54F
00000247
FFFFFAC3
FFFFF89E
FFFFFB0C
0000005A
FFFFFF99
00000392
00000551
FFFFFCDF
00000649
FFFFFADB
FFFFFB5E
FFFFFFB0
FFFFF9F8
FFFFFFE0
FFFFF9FE
0000066E
FFFFFCB3
00000923
0000027C
00000877
00000401
FFFFFF3E
00000963
00000613
0000086F
FFFFFDE6
FFFFFF56
FFFFFB4E
FFFFFEFB
FFFFFD8E
FFFFF92E
00000530
FFFFFD21
FFFFFFE6
FFFFFA97
FFFFFA8C
FFFFFA7A
FFFFFA8B
FFFFFB5B
0000028C
0000004E
FFFFFA13
00000509
00000503
000002B4
000003AE
0000051A
000001DF
FFFFFDF0
00000328
00000304
00000165
FFFFFE48
FFFFFC88
00000B70
00000C07
000000E9
00000432
0000047D
00000444
FFFFFB7F
000001B0
0000011C
FFFFF801
FFFFFD6A
0000022A
FFFFF9C3
FFFFFB91
0000029A
FFFFFA31
FFFFF8F4
00000868
FFFFF717
FFFFF73A
000004E3
FFFFF976
FFFFFEC6
0000007E
FFFFFC1E
FFFFF828
FFFFF74B
00000177
000002E1
000002CE
0000009D
000001AB
000002A9
0000021B
000007BC
00000033
00000A18
00000174
00000233
000007CF
FFFFFFBD
000004D4
FFFFFB08
FFFFFC5A
FFFFFEFA
FFFFF5C3
FFFFFC13
00000338
00000714
00000080
FFFFFE19
FFFFFA1D
FFFFFD1A
FFFFFC71
FFFFF756
FFFFF810
00000147
FFFFFFDD
00000170
0000061D
000007DA
000005EA
000001F3
00000B43
FFFFFFF5
00000CA4
00000324
FFFFFE2D
00000272
FFFFFDF2
0000037B
FFFFFD7A
00000103
000003D3
FFFFFD4E
0000048E
FFFFFCF0
FFFFFB2E
00000593
0000020F
FFFFFFEF
00000508
00000782
FFFFF71E
FFFFFD29
FFFFFF93
FFFFFBE3
0000052D
FFFFF9D3
FFFFF46A
FFFFFBDC
0000009D
FFFFF673
FFFFFD6B
000001BE
FFFFF8DE
FFFFFEA0
000001DA
FFFFFA1E
000005AE
00000661
FFFFFDA3
FFFFFA88
000000BF
000005BC
FFFFFF95
000003C7
FFFFFE25
FFFFFAEE
00000BBB
00000983
FFFFFE30
FFFFFB8B
FFFFFB49
000002F9
000005FC
FFFFFC96
FFFFFF17
000009C5
FFFFFE22
00000074
FFFFFDE7
00000025
000002DA
00000598
000007A7
00000E0D
0000096D
00000D49
FFFFFB0E
0000017A
00000712
00000083
FFFFFB95
FFFFFD97
FFFFFCCE
FFFFF825
000000AB
FFFFF833
FFFFFDB8
00000330
FFFFFB8F
FFFFFEE4
FFFFFB5B
FFFFF96F
0000083B
000008EA
FFFFFFB9
FFFFFF7D
000002C0
FFFFF86F
0000090E
000005C8
0000092B
000008CE
00000ACD
FFFFFA97
00000AC8
00000BC7
00000646
FFFFFBBB
FFFFFC14
0000009C
000005F5
FFFFFA6F
FFFFFC5E
FFFFF7BA
FFFFFF38
FFFFFF71
FFFFF852
FFFFFDE1
00000195
000002BE
FFFFFFC2
FFFFF4F4
000002A4
000005EA
0000002D
00000785
000007E1
00000A80
000001E3
00000BA0
00000909
FFFFFF7B
00000B79
FFFFFDD1
FFFFF9DE
FFFFFFB7
00000325
000002CF
000002FD
0000000F
FFFFFB58
0000062F
000008D6
FFFFFDA3
000008A7
00000293
000005A0
0000093D
FFFFFD50
FFFFFDE1
0000039F
FFFFF7EF
FFFFFC6A
000002F9
FFFFFF21
FFFFFBC0
000000FF
FFFFFF53
000001E5
000005F3
0000029C
FFFFF9CB
00000139
000002D5
FFFFFB29
00000346
FFFFFF3B
FFFFFC92
FFFFF66A
FFFFFCCA
00000475
000002BE
FFFFFAAA
FFFFFFBA
0000018F
FFFFFC85
FFFFFFAB
000004B3
00000390
00000350
00000604
00000030
FFFFFA98
00000B59
00000518
FFFFFACF
FFFFFFAC
FFFFFB60
FFFFFD76
000002B1
00000174
FFFFFC05
FFFFFD7D
FFFFF998
FFFFFCFF
000008B7
FFFFFEFA
FFFFF980
000002DB
0000009E
000002AC
FFFFFA92
FFFFFAC1
FFFFFA9E
FFFFF731
00000111
00000022
000004F5
000008C7
00000088
0000083F
FFFFFEDA
FFFFFD26
0000081F
00000368
FFFFFF58
FFFFFD1C
FFFFFCAF
000006A4
00000871
00000021
00000062
FFFFFF7B
000000E8
00000400
000001F3
00000154
00000097
00000530
00000B8E
FFFFFBCE
00000197
0000010A
FFFFFAFD
FFFFFC0A
FFFFFDE5
FFFFF891
00000471
00000202
00000540
FFFFF739
00000216
FFFFFB04
000007CB
FFFFFE1D
00000038
000002EA
00000341
00000433
00000A37
FFFFFE74
FFFFFCBF
FFFFFDFC
00000385
000006DF
0000031B
FFFFF988
FFFFF8F1
FFFFF86C
FFFFF40F
FFFFF662
FFFFFA27
FFFFFB27
FFFFF822
FFFFFC5B
FFFFFE09
FFFFFF25
FFFFF8B3
0000047F
00000048
00000965
FFFFFFCD
00000278
FFFFFC9A
000007AA
FFFFFCDF
00000172
FFFFFD73
FFFFFB8A
FFFFFB18
00000EF4
00000849
0000087C
FFFFFE6C
00000168
00000764
00000DD9
00000D93
000000D4
0000088D
00000EF9
00000B38
00000417
00000A08
0000053E
0000077B
00000188
000005CD
00000AC0
00001239
000009AD
0000043A
00000252
000001A7
0000015D
00000129
FFFFFD03
FFFFFFC0
0000046C
000007D1
0000062F
000001C5
00000A58
FFFFFB01
0000046D
00000967
00000685
00000444
00000276
FFFFFE4F
00000968
00000175
FFFFF64B
000004D2
FFFFF508
FFFFF701
0000045F
FFFFF774
FFFFFCCF
00000A17
FFFFFFA2
FFFFFCF3
FFFFFBB8
00000374
FFFFF9CE
00000197
000007BE
FFFFF72C
00000E01
000001EB
000008C4
00000A57
FFFFFA1E
FFFFF1C6
000007D3
FFFFF46F
00000326
FFFFF998
FFFFF91C
000008EB
FFFFF8F5
FFFFFB5A
FFFFFB83
00000726
FFFFF752
00000E5D
00000D4E
00000307
000004E3
000001AE
00000072
00000774
00000386
FFFFFA28
00000184
FFFFFB79
000002CE
FFFFFD3B
FFFFFAE0
FFFFFD1C
FFFFFEF3
000007A0
00000730
00000062
FFFFF7FA
FFFFFA29
FFFFF3AA
FFFFFF31
FFFFF697
000008DA
00000B83
FFFFF335
00000380
FFFFFB1F
FFFFFC08
000000E3
FFFFFAD3
00000111
FFFFF2CC
00000173
FFFFF150
000003AC
FFFFFEA6
FFFFF6B7
FFFFF575
000008C5
FFFFFBF7
000001AE
FFFFFDAC
FFFFEF93
0000049B
0000029E
00000478
000000AE
00000050
FFFFF490
000009B6
000001E2
FFFFF8C4
FFFFFAFD
FFFFFE6C
FFFFFBCB
00000113
FFFFFD53
0000026B
0000104D
FFFFFE04
FFFFF7DE
000005A8
00000702
00000776
000006B2
0000059D
00000457
000006A4
FFFFFE88
0000000E
00000B5D
FFFFF8D6
FFFFFBE0
FFFFFD97
FFFFF754
FFFFFDF3
000005BF
FFFFF6EB
FFFFFCE1
FFFFFEEC
FFFFF8BC
FFFFFFCE
FFFFF943
00000528
FFFFF38F
FFFFF4F3
00000545
000000A5
FFFFFB6C
00000731
FFFFEF64
FFFFF590
FFFFF530
FFFFF478
000001C2
FFFFF822
FFFFF55E
000006AD
FFFFFFAF
FFFFFBA5
00000230
00000627
00000F63
FFFFFD9B
FFFFFCCD
000009DC
FFFFFEF2
FFFFFE95
FFFFFCDD
FFFFF616
FFFFF8FF
FFFFF706
FFFFF0AD
FFFFF576
FFFFF94B
FFFFF681
FFFFFA68
FFFFF580
FFFFFA6A
000000CE
0000000D
FFFFFE9E
0000087D
000000C5
00000249
FFFFFE29
000008AF
FFFFFF64
FFFFFFF6
FFFFFFE3
00000743
FFFFF463
FFFFFDD3
00000321
FFFFFA2A
0000002A
FFFFF9CA
FFFFF7AF
00000B12
00000038
FFFFFBBD
00000FFB
000008E6
0000078A
00000FA0
000007FB
000007E5
FFFFF9E1
FFFFF983
FFFFFCE5
00000890
000003E3
00000159
FFFFF9FE
00000815
0000102C
FFFFFA84
FFFFFF1C
00000E59
FFFFFA39
00000FAD
0000048F
FFFFF766
00000B72
00000C24
FFFFFD7F
FFFFFF09
00000873
FFFFFC9C
FFFFFE60
000000C8
FFFFFB9E
00000139
FFFFF623
FFFFF05E
00000559
FFFFF55A
00000010
FFFFF2C8
FFFFF381
00000153
0000077F
FFFFF2E7
00000258
000003BE
00000EA1
0000099E
FFFFFBB8
FFFFF9D0
0000032B
FFFFFAF8
0000038C
00000BED
0000023B
0000088F
FFFFFC30
00000BE0
00000914
FFFFFC66
000008CE
00000B28
000010B9
000004ED
0000008F
FFFFFE35
00000340
0000027B
FFFFFE52
FFFFF3C4
FFFFFAD4
FFFFF8B8
0000038D
00000488
FFFFFB58
FFFFFA82
FFFFFBA0
00000962
FFFFF78E
00000B55
FFFFF5DE
0000097D
00000BFF
000006F3
FFFFFB52
FFFFFF1B
FFFFFB11
00000AD1
000000A0
FFFFFC0E
000010FD
FFFFFD00
FFFFFD68
00000D86
000001A9
FFFFFA88
0000004F
FFFFF3AD
FFFFF973
FFFFFD70
000007B4
FFFFFFA2
FFFFF807
00000531
FFFFF711
FFFFEE43
FFFFF67C
00000452
FFFFF0C6
FFFFFC00
0000084E
FFFFFC5F
00000DBC
FFFFFDEB
FFFFFE88
FFFFF822
FFFFF92B
00000A90
00000ACB
FFFFF7E8
00000A11
00000BDF
000000BF
FFFFF829
000009AB
FFFFF58A
FFFFFE62
00000693
FFFFF9C2
00000646
0000017B
FFFFFAC1
FFFFF783
FFFFF660
0000027C
00000361
0000084A
FFFFFE8A
0000084B
FFFFFDB6
0000015A
FFFFFCAB
00000121
FFFFFF57
FFFFFFF7
FFFFF591
FFFFF49F
000008E2
000002DE
FFFFF11F
FFFFF35B
00000812
FFFFFDEA
FFFFF8D8
FFFFF8D8
FFFFFD95
00001136
FFFFFA73
000003B8
FFFFF8BE
0000090E
FFFFFEA2
FFFFFF9A
000000DF
000007AA
000008CC
0000023F
FFFFF7FA
FFFFF894
FFFFFFF1
FFFFF998
00000CF2
0000035F
FFFFFD76
FFFFFDD2
00000511
000008D0
FFFFFC0E
000003D4
FFFFFDC1
000003FE
FFFFEEDB
FFFFF10E
FFFFFD31
FFFFE77B
FFFFF480
FFFFFBD2
FFFFFA51
000005CE
FFFFF557
FFFFF38B
00000065
00000ADE
FFFFFCE1
FFFFF812
FFFFFF10
FFFFFA5B
FFFFFC2B
FFFFFF39
000003BA
000010EA
00000C3C
000000F8
FFFFFEF0
00000B4C
000009D1
FFFFFBF9
0000068E
FFFFFF5B
00000BF8
00000EE9
00000645
000011E6
0000015D
FFFFFF44
000008EB
00000049
00000280
FFFFF534
00000977
00000440
00000125
FFFFFA82
00000B20
FFFFFCF9
0000074B
00000D09
FFFFFAC4
000008A2
000003BA
000001E4
000003D6
00000C8A
FFFFFABD
000003EA
0000085A
FFFFF200
FFFFFD37
00000275
000002F1
FFFFF888
FFFFF911
FFFFF63F
FFFFF71A
FFFFF217
FFFFFBA3
FFFFF975
00000061
FFFFFC39
FFFFFD29
FFFFF6D6
FFFFF8E7
000007DA
FFFFFD0D
000008C0
00000842
FFFFFF0D
00000C4C
FFFFF443
000002B0
FFFFF841
00000134
000001CD
00000BD0
00000859
00000540
FFFFFFE7
0000049A
0000027C
FFFFFB32
00000741
FFFFFEEA
FFFFF95D
0000081A
0000030E
FFFFF453
FFFFF6E0
000009E4
FFFFFBAD
FFFFFA8D
FFFFFACA
0000089E
00000491
000005C4
00000788
FFFFFBA4
FFFFFB59
00000568
FFFFFDE7
00000429
00000430
000003A1
FFFFFEFA
00000B33
00000690
00000323
FFFFFD3A
00000A29
FFFFFEAF
FFFFFEE6
000010A9
00000313
FFFFFE1B
00000133
FFFFF4B8
FFFFF8AC
FFFFFD96
FFFFFB53
FFFFFE5F
FFFFF827
00000561
00000024
FFFFFA7E
FFFFEBB1
FFFFFA8C
FFFFFF70
FFFFEF3A
FFFFF256
FFFFFC2B
FFFFE8C7
000001A8
FFFFF135
FFFFF3DF
FFFFFBB2
FFFFF8D1
FFFFF4DB
FFFFF1EA
FFFFFC70
000001A0
FFFFF355
000000A0
00000905
FFFFFE72
FFFFF9FD
FFFFF573
FFFFF5B2
00000159
FFFFF4ED
000007FD
FFFFF9AE
FFFFF31F
00000194
FFFFF99B
FFFFEE83
FFFFFC1F
FFFFEFF9
FFFFFBC7
000006A4
000001BB
0000077F
FFFFF730
00000987
FFFFFD96
00000D2B
00000B99
00000B84
FFFFFE9F
0000064D
FFFFFE60
000006C3
FFFFF2BE
0000005D
FFFFF801
FFFFFEB0
000003D3
FFFFFCB4
FFFFFCA0
FFFFF08E
FFFFF618
000003BE
FFFFFBCE
00000015
0000047E
FFFFFD4F
0000007B
FFFFF898
000000BF
00000163
FFFFFDEE
FFFFF66C
FFFFF4D0
FFFFFEC3
0000017F
FFFFFA6B
FFFFF92F
00000AAA
FFFFFA41
FFFFF9BB
00000540
000003C9
00000797
000008A5
000003EF
00000805
00000717
00000A23
FFFFFAD7
000008CD
FFFFF98D
000005B7
FFFFFDC9
FFFFFC24
FFFFFF3B
FFFFFA55
FFFFF5AF
FFFFF5E7
FFFFFE61
FFFFFDB4
FFFFFE88
FFFFF694
FFFFFC21
0000015A
0000002C
FFFFFF4A
0000077F
00000722
FFFFFB30
FFFFFF72
000005DC
000001D1
FFFFFDBB
000002A3
0000031B
FFFFFE81
FFFFFBDF
000002B3
000001B3
00000071
00000556
000001C6
FFFFFC2A
FFFFF8AE
FFFFF97B
FFFFFEF3
00000326
FFFFFE5B
FFFFF811
FFFFF900
FFFFFD7E
FFFFFC6E
000003D4
FFFFFEBB
FFFFFF0D
000002F0
FFFFFEE3
FFFFFC60
FFFFFB12
FFFFFA06
FFFFFB12
FFFFFD69
000002FE
FFFFFDDF
FFFFF7DB
FFFFFEB2
FFFFFB4C
FFFFF8EF
FFFFFD66
00000112
FFFFFC21
FFFFFF31
000002E5
FFFFFEC1
000002F5
00000342
000001BD
000004D1
FFFFFE69
FFFFFE79
000002B8
FFFFFA63
FFFFFDA9
0000072A
000002A1
FFFFFFCF
FFFFFA3B
00000332
000002C1
000000E1
0000017A
FFFFFD87
FFFFFA20
FFFFFED9
FFFFF9A1
FFFFFCFC
FFFFFE98
FFFFFCDA
FFFFFFFA
FFFFFB8F
FFFFFFDD
FFFFFF84
FFFFFB44
FFFFF7A7
FFFFFF1D
FFFFFBE8
FFFFFE95
FFFFFEF0
FFFFFEC5
FFFFFFC1
000001AD
0000021B
FFFFF7E2
00000270
FFFFF93A
FFFFFC4C
000004AF
FFFFFB7E
0000036F
FFFFF958
FFFFFCA7
FFFFFECE
FFFFF680
00000327
FFFFFB43
FFFFFA6C
00000364
00000145
FFFFFE81
0000019E
FFFFF449
FFFFFF86
000000A4
FFFFFB51
FFFFFBD0
00000199
0000019F
FFFFFAAC
00000114
000000A1
FFFFFDB9
FFFFFCD4
00000020
00000021
00000062
00000301
000002AD
FFFFF9F6
FFFFFE72
FFFFFFB0
00000253
00000565
FFFFFF11
00000659
FFFFFB94
FFFFFF40
0000017D
00000787
000000DD
FFFFFC9A
00000631
00000178
00000017
FFFFFC76
00000542
FFFFFDD3
00000ABE
FFFFFD09
FFFFF8F6
FFFFFD39
FFFFFD5B
00000702
FFFFFA99
00000539
00000544
000002DC
FFFFFFCD
00000656
FFFFFE5F
FFFFFE5E
FFFFFA66
00000391
FFFFFC7B
00000200
0000062E
FFFFF968
00000340
FFFFFBAC
000002A6
00000328
00000360
FFFFFB99
FFFFFD93
FFFFFABE
0000003C
000002FC
FFFFF88E
0000001A
00000163
00000415
000002BE
00000767
FFFFFC43
FFFFFEA2
FFFFFB74
FFFFFD51
FFFFF821
FFFFFACA
00000045
0000003C
FFFFF96F
FFFFF9A7
00000137
FFFFF9FF
FFFFF980
FFFFFA08
FFFFFC0F
FFFFFB9B
FFFFFE69
000001A1
FFFFF728
FFFFF89E
FFFFFFCD
FFFFFA7C
FFFFFC54
FFFFFE9F
00000177
FFFFFAAC
000005CF
FFFFFAA3
FFFFFCCD
000000E1
FFFFF9D3
00000068
FFFFFC42
FFFFFE5A
FFFFFB61
FFFFFCF9
FFFFFE98
0000015D
0000041B
00000439
FFFFF8CF
FFFFFB19
00000308
0000032E
FFFFFA4D
FFFFFBFA
FFFFFCD3
000000B3
FFFFFA01
FFFFFD10
FFFFFD16
FFFFF7B0
FFFFFE0F
FFFFF8BC
FFFFFAA5
00000008
00000046
0000011E
FFFFFE8C
00000076
00000243
FFFFFE2F
FFFFFDF7
0000044F
FFFFFF1F
00000296
000000F1
FFFFFAD8
FFFFF831
000001CC
0000049F
FFFFFC48
FFFFFF6F
0000017C
FFFFFD9C
FFFFFC4E
FFFFF6F4
FFFFFD5C
FFFFFC09
00000001
0000006A
0000068E
000007A9
000001E2
0000022F
00000367
00000275
00000272
000006AD
000002BA
FFFFFD2C
FFFFF934
FFFFF610
000004AC
FFFFFDFE
FFFFF983
FFFFFEB3
0000044D
FFFFFAAD
FFFFFA56
FFFFF85A
FFFFF7E3
FFFFF583
FFFFF86F
FFFFFC5C
FFFFFF98
0000021E
000001A8
FFFFFB85
00000666
00000230
FFFFFBAE
0000035E
000001C0
FFFFFE60
FFFFFF35
000003B4
000000D7
FFFFFBF6
00000155
000004D3
00000456
00000684
00000121
FFFFF970
FFFFFEA9
00000103
0000019E
FFFFFAC5
000001A8
00000372
00000215
FFFFFE42
00000079
FFFFF806
FFFFFFE4
FFFFFADC
00000299
FFFFFC17
FFFFFC07
FFFFFD0F
000003A0
FFFFFECD
FFFFFF68
00000216
00000748
000004E4
00000533
000001C1
0000003B
00000841
000000C9
000001DC
0000048F
00000206
0000013B
FFFFFE2F
FFFFF8B5
000001CD
FFFFF968
FFFFFC29
FFFFFEF5
FFFFFD7E
000004EE
00000453
000003B5
FFFFFDB8
FFFFFEF6
FFFFFC9D
000001A4
00000C5D
FFFFFF7E
00000011
0000056A
FFFFFA5F
FFFFFBF5
00000036
FFFFFC2F
FFFFFC2F
FFFFFF96
FFFFFF68
FFFFFF40
FFFFFF80
FFFFFAC0
FFFFFF74
0000036C
FFFFFAA6
000004C5
000001CA
00000221
FFFFFFE4
FFFFFB44
FFFFFF59
00000173
FFFFFC3B
FFFFFDB8
FFFFFDCB
FFFFFE32
FFFFF8D2
0000042F
000003F0
000001EF
000004C8
FFFFFDAF
FFFFFBCA
0000010C
0000017D
FFFFFAAC
FFFFF8C0
FFFFF765
FFFFFDB4
00000099
FFFFFF15
FFFFFF24
000000FC
FFFFFF0C
FFFFFDA0
FFFFFF5B
000000B5
FFFFFA1C
FFFFFD23
FFFFFCFF
FFFFFB4F
FFFFFFA1
00000081
FFFFFF37
00000204
FFFFFBFA
000001D7
FFFFFD45
FFFFFF12
000001D4
000000E8
00000353
FFFFFC5E
FFFFFD04
00000415
000002E2
0000010B
00000328
FFFFFA26
FFFFF853
000002BD
FFFFFC6F
FFFFFFE9
0000019F
000003D2
FFFFFDBC
FFFFFD28
000003BE
FFFFF902
00000378
FFFFFCB3
000005BE
000002CA
FFFFFFBF
0000004F
FFFFF817
FFFFF92D
00000709
000000B1
0000032E
FFFFF8F0
FFFFFE47
00000301
FFFFFAFA
FFFFFE45
FFFFFE98
FFFFFAB6
0000023B
FFFFFA98
FFFFFDEB
00000199
FFFFFBC7
FFFFF860
FFFFFDD1
FFFFF800
FFFFF946
FFFFFA20
FFFFFE75
00000118
0000013B
000001C8
FFFFFC51
FFFFFE24
FFFFFD76
FFFFFC2F
FFFFFF7A
FFFFF606
FFFFFFE2
FFFFFDD3
00000093
FFFFFBAB
00000B3D
00000321
00000149
00000889
FFFFFEE7
00000311
000001A0
000002B0
00000161
00000514
FFFFFEE5
000003D8
000001BF
FFFFFFF7
FFFFFC2D
00000235
000003DA
0000056D
FFFFF869
FFFFFB57
00000309
FFFFFE1F
00000672
0000001F
FFFFF860
FFFFFDE9
FFFFFAD1
FFFFF660
FFFFF9CF
0000011D
FFFFFF91
FFFFFF0A
00000170
FFFFFE77
0000042F
FFFFFE5E
FFFFFBA7
000001D2
FFFFFF85
FFFFFA90
FFFFFACD
FFFFFE18
0000007B
00000092
FFFFFCBA
FFFFFDC1
FFFFFE5F
000003EF
00000221
00000001
00000114
0000085B
FFFFFDAB
000000C9
FFFFFB58
0000039A
0000005A
FFFFFD35
0000030B
FFFFF8F5
00000287
FFFFFFEB
FFFFFC98
FFFFFEDE
00000110
FFFFF9A7
FFFFF979
00000010
000000D3
FFFFFE98
FFFFFC4F
000002CB
FFFFFAB9
00000229
FFFFFE63
000003E7
FFFFFF38
FFFFFB40
00000106
000000BF
FFFFFE51
FFFFF8A0
FFFFFB42
0000034E
FFFFF9D4
FFFFFBEE
FFFFFEAA
FFFFFFC3
FFFFF916
FFFFF988
FFFFFC10
00000073
00000402
00000341
FFFFFA9C
000001C6
FFFFFC1D
0000041C
FFFFFCF3
FFFFFE6C
000001A3
FFFFF275
FFFFF85C
000003EA
00000131
FFFFF7D2
FFFFFE53
FFFFFC41
FFFFFD46
FFFFFF4C
FFFFFEE8
000002C2
FFFFFEA2
FFFFF9DF
FFFFFBE3
000001C1
00000787
FFFFF502
00000017
FFFFFA20
FFFFFFD3
FFFFFF07
0000038E
00000384
0000015F
FFFFF8A5
FFFFF8FA
FFFFFE1D
FFFFFB2F
FFFFFB92
00000794
FFFFF9E4
FFFFFE2D
FFFFFBD4
FFFFF67F
000005BB
0000031A
000000C7
FFFFFDBE
FFFFF8F3
0000042C
000005D0
0000032D
FFFFFEBA
FFFFFFF3
0000032D
FFFFF6F6
FFFFFFEA
000005BB
FFFFFF8D
0000026C
FFFFF321
FFFFF956
FFFFF765
00000011
0000049A
FFFFF6EB
0000061F
FFFFFF5E
FFFFFAAC
000000A4
FFFFF8D5
00000120
00000681
FFFFFC45
0000014E
0000086A
FFFFF7E1
FFFFF1DC
FFFFF7FA
FFFFFE7D
000002B7
FFFFFFD0
FFFFFEE4
FFFFFC59
000005F2
FFFFF646
00000566
FFFFF63F
FFFFFE24
0000048D
FFFFFFE6
00000317
FFFFF9BC
FFFFFE97
00000A7C
00000239
FFFFF978
0000028D
00000906
FFFFFCF2
FFFFF5BF
0000003C
FFFFFD21
00000225
FFFFF6A3
FFFFFC46
FFFFF1D6
000000D8
FFFFFED9
00000301
FFFFF8D0
FFFFF7EF
FFFFF862
0000051A
000003CC
00000236
FFFFF7EF
00000391
FFFFFA66
0000023B
FFFFF57B
00000425
00000509
00000A2B
FFFFFC35
0000084E
00000294
FFFFF6B3
FFFFF9DA
000004C9
FFFFFE6F
00000138
0000036A
FFFFF92F
00000A43
000004F2
FFFFEE57
FFFFFE5F
0000091D
FFFFF6A9
FFFFF5E8
00000539
FFFFFACA
000004CD
FFFFF5CF
FFFFFC48
000000E6
FFFFF633
FFFFFA6B
FFFFFF1C
0000070E
00000808
FFFFFB64
FFFFFE6B
FFFFFD0A
000004D2
FFFFFE02
00000516
000004CF
000008BD
FFFFEFCD
00000078
FFFFFA96
FFFFFBEE
FFFFFA57
FFFFF8FF
FFFFFA67
000000BF
FFFFF774
FFFFF08A
00000369
FFFFEF8A
FFFFFF47
000004AC
FFFFF3E7
00000000
FFFFF8AC
00000261
FFFFFBFD
FFFFFB5E
0000010F
FFFFF84B
FFFFFAF9
FFFFFB85
0000020A
000003C8
000006C8
FFFFF565
FFFFF73C
FFFFF89C
0000070E
00000628
FFFFFED6
FFFFFC9F
FFFFEDE7
FFFFF953
FFFFFD04
FFFFF79A
FFFFF75F
00000555
FFFFF87E
FFFFFA7B
FFFFFF8C
FFFFF7C6
FFFFFB1B
FFFFFC29
00000031
FFFFFBDD
000000DC
FFFFFC34
0000029F
FFFFFD3F
00000704
FFFFFB44
00000324
00000242
000009A4
00000699
FFFFFB53
FFFFFA44
000003EF
FFFFFE09
00000D0A
FFFFFC97
FFFFFCB4
00000933
FFFFFDA6
00000291
FFFFFB72
FFFFF957
FFFFFFFA
0000027D
FFFFFF2F
FFFFFBCF
00000938
FFFFF769
FFFFF962
FFFFF88D
FFFFF851
000000A5
FFFFFB57
FFFFFB12
FFFFFF0F
FFFFFAFA
FFFFF139
FFFFFB5A
FFFFFD89
000006F7
00000642
000004C8
0000073E
FFFFFB39
00000D03
FFFFFD25
FFFFFC0E
FFFFFCF9
FFFFFAE5
00000032
FFFFFA37
FFFFF89A
FFFFFD53
00000B87
000001C0
FFFFFBAF
FFFFFECD
FFFFFDB1
FFFFF8B5
FFFFFD94
FFFFFF1E
000001D1
FFFFFFEB
FFFFF36E
FFFFF90C
FFFFF4B5
FFFFFF98
000006B0
FFFFFEB2
FFFFF8FA
FFFFFAA1
0000057E
00000377
FFFFF9C4
FFFFF586
00000373
FFFFF6EF
00000A44
FFFFFC90
0000017C
000004B0
FFFFFD97
FFFFFAB3
FFFFFCAD
FFFFF5D0
00000921
FFFFF65D
FFFFF8C1
FFFFF931
FFFFF872
000001F2
00000052
FFFFFF22
000001F7
FFFFF3A4
FFFFFBDD
FFFFF637
FFFFFA78
FFFFF968
000001EC
FFFFF0DB
00000A8B
00000304
00000349
000002BB
00000040
FFFFFEC6
FFFFF872
000000F8
0000000B
FFFFFAAB
FFFFF368
FFFFFF96
000002A9
FFFFFA97
000006AE
FFFFF6B8
FFFFFCF7
FFFFF805
FFFFFE5E
FFFFFC02
FFFFFFB8
0000011C
000003A0
FFFFFAA9
0000009D
0000002D
000003AC
00000755
00000440
000000EA
000004A6
00000977
000007E5
00000591
FFFFFC8A
000002BF
0000024D
00000187
000002FE
000006C6
FFFFF70B
FFFFFDD5
FFFFFB65
00000A05
FFFFFD5F
FFFFFDDD
00000753
0000011A
00000054
0000078B
FFFFF3A4
00000A35
FFFFFCB6
0000071C
FFFFF58A
FFFFF6AF
FFFFFB05
FFFFFD16
FFFFFC32
FFFFFF67
FFFFF846
FFFFF539
00000329
FFFFFE02
FFFFFE46
00000015
000008A5
FFFFF389
FFFFF9BD
FFFFF20D
FFFFF41A
FFFFFCFE
00000120
FFFFFEBA
FFFFFBE5
00000686
FFFFF9D0
000001B6
000007DD
000004F4
FFFFF467
FFFFFA20
000005F7
000004AD
00000C4E
00000788
FFFFFC15
FFFFFD9A
00000232
FFFFFC8E
000004B7
000005E4
00000700
00000293
000006BD
00000519
00000240
00000080
FFFFFBBF
00000B1C
FFFFFF95
FFFFF69B
0000021F
0000020F
FFFFF648
FFFFFFE6
00000001
FFFFFAEB
FFFFFD1C
0000026D
FFFFFAAB
00000638
FFFFFADE
FFFFFC21
FFFFFCF1
FFFFFC54
0000018B
0000065F
00000068
FFFFFD52
00000401
FFFFFF32
FFFFFE87
000003E2
FFFFF834
FFFFFD65
000005AF
FFFFFDC7
FFFFFCFC
FFFFFAC2
FFFFF5AD
0000067C
FFFFFDC9
FFFFFA7B
00000553
0000016D
FFFFF756
FFFFF63D
0000056E
FFFFFFCA
00000453
FFFFFAFE
FFFFF153
FFFFFD5D
00000315
00000499
FFFFFB2B
000006BD
00000299
FFFFFA27
FFFFFCD8
FFFFF82F
000000A3
0000006B
FFFFFBC5
FFFFFF3C
0000085B
FFFFFB44
0000023E
000003B5
000004A3
0000091C
000006C1
0000023F
00000383
FFFFFD69
000000A9
000004C7
FFFFFF32
FFFFF2AE
00000252
0000034C
FFFFF550
FFFFFFF1
FFFFFE05
FFFFFA20
FFFFFFF9
FFFFFE1D
FFFFF884
FFFFF8E2
FFFFFB1A
0000011F
FFFFF7BB
00000A2A
00000622
FFFFF987
0000036C
FFFFF75C
00000219
FFFFF9F6
FFFFF6AE
000000B6
000008F7
FFFFFA62
0000037A
0000074F
000001B5
0000058D
000000AB
00000188
FFFFFFC5
FFFFFCA9
00000238
000004E9
000002C8
0000005F
FFFFF66F
FFFFF48C
FFFFFD60
FFFFFA2C
000005CA
FFFFFC36
FFFFF9D8
FFFFF88E
FFFFFF33
FFFFFF3B
FFFFFF58
0000023B
FFFFFE83
FFFFFC9C
FFFFFAB8
FFFFFC08
0000012C
FFFFFACF
00000573
00000274
FFFFF9AC
FFFFFA89
00000AD0
FFFFFEF1
FFFFF46F
00000915
00000387
000004A1
00000237
00000394
00000352
00000BA1
00000244
00000378
FFFFFA6E
FFFFFEDC
FFFFFCDA
FFFFF970
000004D1
0000016C
00000CC3
FFFFFEEA
000008A1
FFFFF9BA
FFFFF7A1
000001E2
000009E6
0000008D
FFFFF3F4
0000053C
000002AC
FFFFFE0A
0000022E
FFFFF806
FFFFFEE5
00000616
FFFFFA26
00000416
00000970
FFFFFE39
FFFFF9DE
00000547
FFFFFD82
00000062
FFFFFE11
FFFFFA78
000000F3
FFFFF966
000003EC
FFFFF81C
000005EC
FFFFFAAC
FFFFFC9C
FFFFF677
FFFFF650
FFFFF5DE
FFFFFA84
FFFFFCC5
FFFFFBDB
FFFFFF80
FFFFF791
00000358
FFFFFB39
FFFFF8A8
FFFFF54D
FFFFFFC5
FFFFFC2D
00000BF4
FFFFFC24
FFFFFE5A
FFFFFCBC
00000487
00000425
FFFFFF08
FFFFF8AA
FFFFFFA0
00000AFC
00000310
00000269
FFFFFA17
FFFFFAB0
FFFFFE40
FFFFFA53
FFFFF760
00000215
000006AB
FFFFF8C2
FFFFFB00
FFFFF8F8
00000387
FFFFFE93
FFFFF844
FFFFFAE4
0000019D
000003CE
FFFFFA89
FFFFFC55
FFFFFD7A
FFFFFAF8
000007E1
00000169
FFFFF7C0
FFFFFFCA
000009D4
00000044
FFFFFB59
FFFFFF2D
FFFFF8E3
FFFFFC69
000005AE
FFFFFC77
FFFFFEBD
FFFFF7D8
0000030A
FFFFFBBE
FFFFFF45
FFFFFE40
FFFFF918
000001F9
FFFFF86B
0000038F
FFFFF685
FFFFF3DA
00000492
00000944
000004A2
00000800
FFFFFDF3
000004D0
00000619
0000071A
FFFFF7AD
FFFFFF0B
00000794
000003B8
FFFFFC99
0000066F
FFFFF4FF
FFFFFEEF
FFFFFF6E
0000038E
000007B0
00000386
FFFFF61E
FFFFF4D9
FFFFFCF4
FFFFF544
FFFFF7AE
FFFFF8DD
FFFFFD15
000002A7
FFFFFB7C
FFFFF9E6
FFFFF767
FFFFFDBE
FFFFF42F
0000042B
FFFFFF57
FFFFFD4A
FFFFFD2F
00000274
00000048
FFFFFBAC
FFFFFE3D
FFFFF34F
FFFFFE3A
FFFFFDBE
00000186
FFFFFD98
FFFFF95E
00000240
000002F0
00000454
FFFFFB26
000001A2
FFFFFD00
FFFFF6E9
000008BD
00000746
FFFFF7D3
0000011E
FFFFFBAB
00000571
FFFFF679
FFFFFC86
FFFFF571
FFFFF45E
000004D1
00000525
000006A2
FFFFFDC2
FFFFF7B6
FFFFFB52
FFFFFF61
FFFFFCFA
FFFFFC34
FFFFFB98
000006EF
FFFFFC41
FFFFF59B
FFFFF2B1
000000E9
FFFFF7D8
FFFFFBB6
FFFFFF4C
FFFFF8BE
FFFFF7B0
0000069C
FFFFFCE5
FFFFFF59
00000160
FFFFFA81
FFFFFF75
FFFFFA41
0000068A
000000F9
FFFFFC18
000002D3
FFFFFEC5
0000036F
0000033C
FFFFF9D1
FFFFF818
00000577
FFFFF9E2
FFFFFA5D
00000160
FFFFF912
00000329
00000840
FFFFFAC1
FFFFF999
FFFFFC00
FFFFFBD0
000001B4
00000895
FFFFFA70
FFFFFE7D
00000360
FFFFFFBE
000008E7
00000508
000001D6
00000277
FFFFFC9B
00000298
00000292
FFFFFA99
FFFFF71C
0000045F
FFFFF9AF
FFFFFE83
FFFFFFD0
FFFFFCAB
FFFFFEAF
FFFFF50C
FFFFF7BB
FFFFF3DE
FFFFF8E8
FFFFFFFF
FFFFFB33
FFFFFE5E
FFFFFBF9
0000031E
000000EB
FFFFF96C
000002F5
00000623
FFFFFC01
000001F3
00000332
000003E1
00000312
00000294
000000A7
FFFFFA71
00000219
000001B9
0000052E
FFFFF677
00000372
FFFFF9F6
FFFFFECC
000007DC
FFFFFF25
000000DF
FFFFFDBB
FFFFFA39
FFFFFBCC
FFFFF5D4
FFFFFFB9
00000371
00000642
000000A7
FFFFFE51
FFFFF8A6
FFFFFD0A
0000018E
0000024E
FFFFFF9E
FFFFFE80
000003B7
FFFFFC50
000003A3
0000040B
00000259
FFFFFFA7
000005A5
000002FB
0000066C
000002F8
FFFFF94D
FFFFF7C9
00000043
FFFFFC05
0000077D
FFFFFE32
FFFFFDCF
000008BF
FFFFFFBE
FFFFFE22
FFFFFADE
0000072A
FFFFFBD3
FFFFFBDD
FFFFFE32
0000073A
FFFFFB3F
FFFFFB72
0000009B
FFFFFEFD
0000037E
0000041C
000005EF
FFFFFBBE
FFFFF37C
FFFFFCD2
000001AD
FFFFF778
FFFFF715
00000242
FFFFFB78
FFFFF997
FFFFF69D
FFFFF602
000001C7
FFFFF883
FFFFF7E1
FFFFF533
000000EC
000001A8
00000029
0000058D
FFFFFF99
FFFFFDE7
00000327
FFFFFA61
FFFFF73B
FFFFF9E8
FFFFFC80
0000059B
0000025C
FFFFFAB5
FFFFFD0B
FFFFFEC1
0000001D
0000038B
00000AE0
000005C6
FFFFFC76
00000640
FFFFFC75
FFFFFCC0
FFFFFE1D
0000067D
000001C5
0000013C
0000055F
00000630
FFFFFA72
FFFFFA68
FFFFF451
FFFFF848
FFFFFCA7
FFFFF719
FFFFFD7F
FFFFF3B9
000003DA
FFFFFA96
FFFFFE9D
0000016F
FFFFF862
FFFFF978
FFFFFC15
FFFFFDC2
FFFFF7E9
00000521
FFFFFF01
FFFFF861
FFFFF6A5
0000073B
FFFFF52E
FFFFFDCA
0000000F
00000202
FFFFFBB0
FFFFFB44
FFFFFA0F
000007E6
000009EA
00000041
000007FA
FFFFF7EF
000004D1
00000510
FFFFF5A5
FFFFFF4C
00000A20
FFFFFFD5
FFFFFC60
00000898
FFFFFC54
000003B3
FFFFFEB0
00000739
000002BE
00000318
FFFFFF37
00000466
00000132
000002C2
FFFFFF17
FFFFFE4C
FFFFFDAA
FFFFF800
0000037C
00000A46
FFFFFDC7
000004F6
000001A1
FFFFF88D
FFFFFD0A
FFFFFE00
000004C5
00000530
FFFFFE31
000002A1
000005E9
00000150
0000057B
FFFFFDD7
0000036A
FFFFF9F3
FFFFFF34
000009E5
FFFFFB98
FFFFFCE3
00000573
FFFFFD0E
FFFFF916
FFFFFED2
FFFFFACE
000001C4
FFFFFB3D
FFFFFA96
FFFFF862
FFFFFAE7
FFFFF7D4
FFFFF961
FFFFFD6B
00000055
FFFFFECC
FFFFFADB
FFFFFAEC
FFFFFF1A
0000028E
0000008C
FFFFF8E0
FFFFF7A3
FFFFFD05
000007A1
FFFFF7FB
FFFFF3CF
FFFFFBFC
FFFFF99F
FFFFFD63
0000064E
FFFFFB26
000005EC
00000076
0000058F
FFFFF7DD
FFFFF82B
FFFFF80C
000000E3
FFFFF87C
FFFFFCCC
FFFFFF14
FFFFFAFA
FFFFF893
FFFFFF7C
FFFFFB29
000001C7
00000005
00000A27
00000080
FFFFFABF
000000BD
00000717
00000541
00000217
00000020
FFFFFC9B
0000070A
0000008C
FFFFFB9A
FFFFFC59
FFFFFDE2
00000342
FFFFFFC0
00000485
000000ED
FFFFF4A4
FFFFF92B
FFFFEF77
FFFFF29D
00000811
FFFFF2B2
FFFFFA7B
FFFFF84F
FFFFF51A
000003B9
FFFFF6A8
00000221
00000258
FFFFF9FE
FFFFF9DD
FFFFFFBF
FFFFFAB0
0000011F
FFFFFD75
FFFFFB0A
000004C1
000002E4
FFFFFF35
00000493
0000020B
FFFFF973
000002A1
0000002F
00000690
0000048C
FFFFFB99
FFFFFA6F
00000691
000001BD
FFFFF9B8
FFFFFABE
00000457
FFFFFAA8
FFFFF728
0000065D
FFFFF98A
FFFFF60F
0000054E
FFFFFBC3
FFFFFC44
0000018C
000000EE
000001F3
0000059A
FFFFFEEB
0000051C
000005A3
FFFFFBDE
FFFFFC19
00000927
000004E0
0000006B
FFFFFF0E
00000390
0000063C
FFFFFD46
FFFFFFBD
00000358
FFFFF80D
FFFFF63C
FFFFF930
00000411
FFFFFBC9
FFFFFDD5
000001C4
FFFFFF14
FFFFFC56
000007CC
000005B8
FFFFF855
000007D8
FFFFF472
00000704
0000002E
0000038B
FFFFFBC7
FFFFFC80
FFFFFF13
FFFFFFFB
FFFFFFCB
FFFFF753
00000130
000005DC
FFFFFD31
000000E5
00000405
FFFFF8C9
000002C3
00000168
FFFFFDAD
FFFFF757
000000BD
FFFFFE3D
FFFFF946
0000040A
FFFFF8E2
FFFFF636
FFFFFEA6
00000468
00000552
FFFFFDEC
00000135
FFFFF88F
0000095E
FFFFF6BB
00000284
000006DC
FFFFFEE9
00000063
FFFFFF4C
FFFFFA7E
FFFFF81C
FFFFFBA9
00000247
FFFFF906
00000F34
FFFFF484
00000026
000000CE
FFFFF61A
FFFFFE19
FFFFFD55
0000006C
0000080A
000005BD
00000437
FFFFFF12
000003F3
FFFFFF3E
FFFFFC4E
000002C6
00000087
FFFFFCC0
FFFFFFBC
FFFFFF06
FFFFFA82
000005C6
FFFFFF81
0000041A
00000069
FFFFF604
00000256
0000066B
FFFFFF8E
FFFFFD6E
00000226
000003C6
FFFFEFF5
FFFFFF64
FFFFF915
FFFFF463
FFFFFD87
FFFFFBB4
FFFFFB42
00000494
FFFFF740
FFFFFC39
000006F9
00000401
FFFFFDE6
FFFFF6C7
000003C4
000004D1
FFFFFF8F
0000013F
000000FB
000001E4
FFFFF971
FFFFF662
000000E7
FFFFFDB0
FFFFFFAA
FFFFFC77
FFFFF98C
00000383
00000734
00000299
FFFFF943
000004D3
FFFFFC14
00000085
00000571
FFFFFF31
0000027B
FFFFFB79
FFFFFA42
000005DA
0000005D
00000491
000001BD
00000523
FFFFFC54
000002A9
FFFFFACD
FFFFFCD2
000002F5
000005AA
00000481
FFFFFA39
FFFFFC4F
000003FA
00000430
FFFFFE86
0000009A
FFFFFC14
000007E7
FFFFF571
00000378
FFFFFEBC
0000046B
000001F1
FFFFFFBB
FFFFFC48
FFFFF6D9
FFFFF70E
0000099C
FFFFFD31
000002F4
FFFFFAAA
FFFFF5BF
FFFFFDF7
000004A6
FFFFF85D
00000246
00000955
000002EF
0000004D
0000068E
FFFFF5BE
00000967
00000004
000000D2
FFFFFCA1
000008B1
00000647
FFFFFE86
FFFFFBEC
000004F4
FFFFFCC7
FFFFF456
FFFFFBA5
FFFFFEDB
00000219
00000940
00000167
FFFFFD67
FFFFFB0F
FFFFFFB1
FFFFF90B
000005CC
000004F7
FFFFFE4D
00000214
000006E1
FFFFF9E8
0000011D
FFFFF83B
00000A93
FFFFF9B0
FFFFF9EE
FFFFFB9A
FFFFF3C5
FFFFFEFC
0000026D
FFFFFC1E
FFFFF73A
FFFFF9A4
FFFFF84B
FFFFFE20
FFFFF91B
FFFFF62F
00000019
FFFFF408
FFFFF654
FFFFF626
FFFFFF40
FFFFFFA5
FFFFFBD3
0000023A
000001AE
FFFFFF8E
000001EE
FFFFFF33
FFFFFA8A
00000336
FFFFFB0E
00000186
00000117
FFFFFC97
FFFFFA08
FFFFFED5
00000228
000006DF
000002FA
FFFFF811
00000774
FFFFF535
FFFFF6AB
000000EF
000001E1
FFFFF98F
00000032
0000017B
FFFFFB3E
0000068C
000000EC
FFFFFDA0
000002B3
000004EF
000004BB
FFFFFC15
FFFFF78D
FFFFF431
FFFFFBE9
FFFFF41A
FFFFFF6B
FFFFFA94
00000068
FFFFF838
000004EB
FFFFFD51
00000794
FFFFFD28
00000240
FFFFFE87
FFFFFF69
FFFFFDBD
00000333
FFFFF90E
FFFFF500
000000E9
00000749
FFFFFFB0
00000157
000001FB
0000029F
FFFFF34F
0000002F
000004A2
00000928
000003EC
FFFFFB37
00000637
FFFFF99D
FFFFFED4
00000878
FFFFF731
FFFFFF97
FFFFFF03
0000050C
FFFFFAB0
FFFFFEFC
FFFFF8C2
FFFFF786
FFFFFF94
FFFFFE88
00000149
FFFFF3CF
000003B7
FFFFFA68
00000131
FFFFF8C4
FFFFFC40
FFFFFC69
00000435
000004AD
000007AE
000009EB
FFFFFF46
000006CE
FFFFFE93
FFFFFDA6
FFFFFB49
000003B1
00000023
000000F5
00000465
00000364
000000F5
00000192
FFFFF1D4
FFFFFE45
00000172
FFFFFF89
FFFFFFBA
FFFFFE28
FFFFFD5D
00000252
000003DC
00000060
FFFFF924
FFFFFF42
FFFFFB8D
FFFFF833
000003FD
0000036D
FFFFFD27
000008BE
FFFFFBE7
FFFFFD42
000008B6
FFFFF764
FFFFFA97
FFFFFEF6
FFFFF7F1
000002D6
FFFFFC1B
FFFFFA0D
FFFFFE2E
FFFFFBAC
FFFFFA78
FFFFFD00
FFFFFA30
00000D31
FFFFFA9D
0000085E
FFFFFBCD
FFFFFA74
FFFFF538
FFFFFBFE
0000043E
000001BE
FFFFF5E2
000002A8
FFFFF912
FFFFF679
FFFFFAF8
FFFFFADF
FFFFFF17
FFFFFD5F
FFFFFF1F
000007FB
0000010B
FFFFFE0A
FFFFFFE1
000000C7
000001EF
0000064F
FFFFF6FB
FFFFFAFB
FFFFFC59
FFFFFC69
FFFFFBF9
FFFFF5FE
000004E4
0000058F
00000409
00000008
00000D97
FFFFF4D5
000012E8
FFFFF9C0
FFFFFB0F
00000551
FFFFFE35
FFFFF63B
FFFFFE09
00000268
FFFFFC2A
000000DE
FFFFFA0F
00000384
00000544
000004FB
FFFFFC04
00000216
000005C6
000000EC
FFFFFEE3
00000201
0000014E
FFFFF957
0000092C
000000B4
000000D1
FFFFFD14
FFFFFB1B
00000064
000005C1
0000023F
FFFFF893
FFFFFB71
000004BD
000008B2
00000171
000004BD
00000868
FFFFFC16
FFFFFEE9
FFFFF987
FFFFFDE3
00000788
FFFFFCC7
00000AE5
000003FA
00000466
00000858
FFFFF51F
FFFFF7EA
00000076
FFFFFA01
FFFFF231
00000BFE
0000025D
FFFFFA50
FFFFF97B
FFFFFB9A
FFFFF755
FFFFF7B9
00000098
FFFFFC9F
0000006E
FFFFFC8D
FFFFF61B
FFFFFC97
FFFFF45F
FFFFFD06
FFFFF91A
FFFFFC6E
FFFFF5C5
000008EE
FFFFF96B
00000584
000000F3
FFFFF7E9
0000026D
FFFFFBF8
00000345
00000085
FFFFFD76
FFFFFC0E
00000358
FFFFFF09
FFFFF8E6
FFFFFF7D
FFFFFF9A
FFFFFF21
FFFFF4B2
00000037
000000AF
FFFFF56F
FFFFFE8E
0000043F
FFFFF542
FFFFFAA5
FFFFFCE2
0000007A
FFFFFE15
0000030A
00000762
FFFFFDFD
FFFFFF94
FFFFFD0F
FFFFFAD7
FFFFFFA5
FFFFFB00
FFFFFD1D
FFFFF982
FFFFFBAF
FFFFFA6F
FFFFF9B1
FFFFFD56
FFFFFFE5
FFFFF76D
FFFFFD55
0000008B
00000196
00000231
FFFFFD0B
0000049F
FFFFF9E5
0000040A
FFFFFF3D
FFFFFF20
FFFFF91A
FFFFFECE
000000A1
FFFFFBE1
FFFFFF7B
000000C7
000008B3
000005A7
00000563
000002A1
FFFFF852
000006DB
FFFFFCFC
FFFFF994
0000031D
FFFFFA2D
FFFFFDE2
000001E4
FFFFFC37
00000C72
FFFFFD66
FFFFFEBD
FFFFFC4C
00000132
00000169
FFFFFD62
FFFFFD60
FFFFFE1D
FFFFFB40
0000051F
FFFFF6F1
FFFFF980
FFFFFEF1
0000045F
00000037
FFFFFFCD
FFFFFF02
FFFFF92D
0000041F
FFFFFED8
0000042B
FFFFFD1E
FFFFFE14
FFFFF9ED
FFFFFFE7
000006A9
000005DB
FFFFFF2D
000003BE
FFFFFE43
FFFFF86C
FFFFF94C
FFFFFDBB
FFFFFD01
FFFFF681
FFFFFD03
FFFFFB8D
FFFFFDEF
FFFFFF2D
00000147
000003ED
FFFFFFBB
FFFFF8A3
000004C4
00000616
0000013A
FFFFFDBA
000000BD
000001E2
00000114
FFFFFB60
FFFFFCE6
FFFFF74C
0000043D
00000179
FFFFFD6F
000004B5
0000027D
000000D1
FFFFF92D
000001EF
FFFFF7AF
FFFFFA7E
FFFFFE63
00000531
FFFFFD97
0000000F
FFFFFE2D
FFFFFCB4
FFFFFBDB
00000197
FFFFF417
00000042
000000CC
FFFFFEC3
FFFFF810
FFFFFD96
FFFFFD9F
0000024B
FFFFF783
00000260
FFFFFF20
FFFFFE85
FFFFF912
FFFFFF12
FFFFFD64
000000E4
FFFFFF68
FFFFFEC1
FFFFFCE8
FFFFFD10
00000696
FFFFFBBB
00000453
FFFFFE83
0000022F
FFFFFADA
00000036
FFFFFEA5
FFFFFDDE
FFFFFC18
FFFFF9B3
000003B4
0000013C
FFFFFE3D
FFFFF5B0
FFFFFE4F
000003B9
FFFFFFB0
FFFFFD10
FFFFF903
000000F1
FFFFF89F
000002E1
00000209
00000107
000001BE
FFFFFE89
00000607
FFFFFEC6
0000050A
FFFFFC0F
FFFFFF77
FFFFF796
FFFFF9F1
0000026B
FFFFF644
0000038B
00000008
FFFFFDBC
FFFFFBB0
FFFFF96E
00000142
00000744
000003EE
00000343
0000004C
00000297
00000478
00000558
0000015E
00000040
FFFFFD4D
FFFFF8EF
FFFFFC71
00000227
0000011E
FFFFFE11
FFFFFF55
FFFFFBA5
FFFFFCF7
00000494
FFFFFC79
0000050E
00000248
000003ED
FFFFFAF3
0000022F
FFFFFE31
FFFFFBAB
00000401
000002EB
FFFFFC91
FFFFFB3E
FFFFFE82
0000061E
FFFFFBA7
FFFFFFE1
00000129
000004EC
FFFFF556
000003AD
00000653
0000047F
FFFFFA5B
FFFFF903
FFFFFA36
FFFFFA8D
00000048
000003D9
FFFFF996
FFFFF7F5
FFFFFAB9
000001D6
FFFFFE6F
FFFFF8D9
FFFFFF7D
000002EA
00000072
FFFFFB37
FFFFF887
000001D7
FFFFFF03
FFFFFF83
0000016D
00000418
000002F2
FFFFFF62
FFFFFED3
00000101
00000498
FFFFFCBB
FFFFFFF8
FFFFF9E6
FFFFFBE1
FFFFFF82
FFFFFF14
FFFFF812
FFFFFC18
FFFFF84E
FFFFF887
FFFFFE34
0000043B
0000052C
FFFFFAF3
00000474
FFFFFFFB
FFFFFF06
FFFFFE90
00000327
FFFFFBDE
0000074E
000004EE
0000062F
FFFFFA74
000007D5
0000049C
00000260
00000761
0000011B
FFFFFF1D
0000009C
FFFFFEC2
FFFFF940
00000332
FFFFFAD7
00000699
00000218
0000001F
00000313
000003AB
00000487
000002B0
0000037C
FFFFFDA4
FFFFFAC7
FFFFF7BF
00000657
FFFFF99A
FFFFFBE8
00000857
0000073F
000002F4
00000605
000007B9
FFFFFE8A
000002F1
FFFFFA6E
0000023D
000001AF
000004A0
000007A7
FFFFFF8A
000007AB
00000A12
FFFFFB19
FFFFFE6D
FFFFFEB2
FFFFFE07
00000359
000007D8
000003F7
FFFFFF6C
FFFFFC39
0000045D
0000068A
000002D9
FFFFFB8F
000001AE
00000450
FFFFFC39
0000002D
00000448
FFFFFFCC
000008E9
000000CD
FFFFFB09
0000042A
FFFFFF31
FFFFF4FC
000004E5
FFFFFCF5
FFFFF82F
FFFFFE78
FFFFF361
FFFFFB91
FFFFFD55
FFFFFC55
FFFFF8F1
FFFFF59B
FFFFFE5E
000000BA
FFFFFE35
00000259
00000755
FFFFFBE2
FFFFFD84
00000A16
000000EC
00000060
FFFFFAD4
FFFFFB7C
FFFFF69F
00000110
FFFFF9BD
000001ED
00000008
000001C1
FFFFFE2D
FFFFFD51
FFFFFE3D
FFFFFA41
0000005C
00000397
000001D9
000005F5
000007F0
00000217
FFFFFCB0
FFFFF9C7
00000008
FFFFFA0A
00000303
FFFFF7A6
FFFFF3D5
00000096
FFFFFDD6
FFFFFFEE
0000022F
FFFFF92A
FFFFF70F
FFFFFF5E
0000033F
FFFFFA4F
FFFFF91E
000000B7
0000017A
000006A7
FFFFFD78
00000808
FFFFFE5D
00000032
0000035A
FFFFFD48
0000018E
FFFFFC91
FFFFFDC3
0000066C
FFFFFF6E
FFFFF717
FFFFFF49
0000072E
00000444
FFFFFA36
FFFFFEF7
FFFFF828
FFFFF8E2
FFFFFA70
000003E6
FFFFF875
000002CC
000002F6
0000057C
FFFFFDA3
FFFFFC39
FFFFFEEE
0000049D
FFFFFBFE
FFFFF9E2
000000CA
00000483
00000738
FFFFFCB2
FFFFFC1C
FFFFFA63
00000417
FFFFFB04
FFFFFE85
00000068
FFFFFFE1
000006C3
000005F4
FFFFFE30
00000493
00000719
FFFFFE54
FFFFFA5F
000004B3
FFFFFBF7
FFFFFC99
FFFFF723
FFFFFFD5
FFFFFBAD
FFFFFBD0
000002A3
00000138
FFFFF89C
000000BB
FFFFFE60
FFFFF85F
FFFFFC2A
FFFFF8DE
FFFFFEE9
0000020E
00000284
FFFFFEB2
FFFFFA89
FFFFFC81
FFFFF551
FFFFF891
FFFFFC67
FFFFFA55
0000040D
FFFFF3B0
FFFFFE6B
0000034F
FFFFF56B
FFFFFE10
0000056B
FFFFF9ED
FFFFF508
FFFFF754
000002A6
00000357
0000049C
FFFFFF10
FFFFFB68
00000018
FFFFFD06
00000521
FFFFFEE3
FFFFFDB3
00000245
FFFFF78F
000003B4
0000005B
FFFFF6A8
FFFFFCFA
000000FC
FFFFFCB5
FFFFFFBF
0000072D
FFFFFA48
000007EC
00000225
0000036C
000005DF
FFFFFC9A
00000765
000004DB
FFFFF96D
000003D2
00000548
FFFFF851
FFFFFBFE
0000032A
FFFFFEBE
FFFFF875
0000009C
FFFFFF92
FFFFFFB3
000004F1
FFFFF8B0
FFFFFF9E
FFFFF688
FFFFFDC3
00000033
FFFFFBEE
FFFFF6BD
00000354
FFFFFF04
FFFFFA9E
00000388
FFFFFE01
FFFFFF41
00000435
FFFFFA84
FFFFF941
FFFFFD9F
FFFFFA8E
FFFFFDD2
000001AC
FFFFFBF9
FFFFFC64
FFFFFA02
FFFFFE2E
0000015D
FFFFFC3D
FFFFF8BA
FFFFF614
FFFFFE70
000004C6
FFFFFEAD
FFFFFDE5
FFFFFB05
FFFFFF00
000000BD
FFFFF9C9
000004DD
FFFFFCF3
FFFFFD59
0000067D
00000204
FFFFF676
FFFFF8C5
FFFFFCD8
FFFFFCBF
FFFFFBE5
000003D4
FFFFFFC6
FFFFFF29
FFFFFF66
00000012
000002EA
000000B4
FFFFFB2F
FFFFFD6A
00000615
FFFFFB38
FFFFF831
FFFFF794
FFFFF885
000002E5
FFFFFA22
000001D8
FFFFFE75
FFFFFD24
FFFFFF9F
00000604
FFFFFB7B
00000700
000002F4
FFFFFFFE
FFFFFE88
FFFFFC14
000000C7
000008BB
000006A7
000004F0
00000C83
000005C5
0000048B
FFFFFCDA
FFFFF798
FFFFFBB2
FFFFFE6C
00000641
000002F2
0000003A
FFFFFD01
00000122
FFFFFC2E
0000050D
FFFFFAE2
FFFFFE06
000003A1
FFFFFB9C
0000056D
00000162
FFFFF754
0000016F
FFFFFBEA
FFFFFC60
FFFFFB21
FFFFFE5A
FFFFFAAD
FFFFFCAB
0000026C
FFFFF968
000001E6
FFFFFC5B
0000015D
00000582
FFFFFE4F
FFFFF4BA
FFFFFE51
00000551
0000004D
FFFFF698
FFFFFD5D
00000677
FFFFFBBC
00000139
0000031E
FFFFF864
FFFFFBED
FFFFFA96
FFFFF7C6
FFFFFAE7
FFFFF789
00000000
FFFFFA5B
FFFFF8A6
FFFFFCE7
000001EB
0000020C
FFFFFEB6
FFFFFF32
000001BB
FFFFFC50
00000147
FFFFFC8B
000002B0
FFFFF97C
FFFFFBB7
FFFFF77E
FFFFFCF9
00000147
0000017F
000004C6
00000783
FFFFFD05
00000374
00000060
FFFFFF7D
00000311
FFFFFA29
00000225
FFFFFE33
000001F0
FFFFF7E8
000001CF
FFFFF976
FFFFF738
00000290
FFFFFFB6
FFFFFD8C
FFFFFD26
FFFFFE39
00000588
FFFFF7FD
00000069
FFFFFFA1
FFFFFE30
FFFFF9B0
FFFFFC53
00000561
00000487
FFFFF885
000003DC
FFFFFB55
00000204
FFFFF819
00000301
00000A23
0000024A
FFFFF6A6
00000197
FFFFFFCD
FFFFF6E5
00000F82
FFFFF760
FFFFF2FE
FFFFF272
00000267
00000492
000003E9
FFFFF888
FFFFFE09
FFFFFED0
FFFFF9B0
000012D8
000007DC
00000571
FFFFFC0A
FFFFF5C7
00000CE3
FFFFFE53
00001119
FFFFF717
FFFFFF50
FFFFF55C
FFFFFC29
FFFFF1A1
0000032C
FFFFFDDE
FFFFFC23
FFFFFD43
FFFFF171
FFFFF620
0000083D
FFFFF07D
FFFFF5B0
00000833
0000030B
00000622
00000BC6
FFFFF8DA
FFFFF92F
0000007A
FFFFFBFB
000001DE
FFFFFF19
FFFFFD8D
FFFFF946
FFFFF332
FFFFFA6C
FFFFFBEB
00000A69
FFFFFCBE
0000058D
FFFFFB94
FFFFF6DA
00000159
FFFFFC3B
FFFFF46A
000006E3
00000B06
000007FB
FFFFFEC9
0000082A
0000060C
000007C6
FFFFFA7B
FFFFF420
0000031A
FFFFED1F
FFFFF295
000002CC
FFFFEDF9
000002FE
00000EC2
FFFFFCDD
FFFFFEFB
FFFFF285
FFFFFEB8
000005EE
00000048
FFFFFEB8
FFFFF67A
FFFFFCC4
FFFFFC48
FFFFF7C0
FFFFFE1A
00000923
FFFFFD34
FFFFFFA4
FFFFFCA9
0000029B
000007B8
00000253
000000A6
FFFFF6DA
00000007
00000337
FFFFF630
00000BBD
FFFFFE2C
FFFFF8FD
0000077A
FFFFF6B7
FFFFFFBA
FFFFFBD8
FFFFF1BD
FFFFFB28
0000068F
0000006B
000009E6
000003E2
000001A1
00000C48
000008EC
FFFFFD82
00000AC3
000009AF
FFFFF55E
0000064C
00000057
000001CA
000005A5
FFFFFD7E
00000B92
00000C0D
00000C18
0000081E
00000C3D
00000029
FFFFF485
000005D3
000000F7
FFFFFB97
FFFFF716
00000A41
000008DE
00000541
FFFFFB1B
00000435
FFFFFE4F
FFFFFA04
FFFFFB89
00000804
00000A5F
00001274
FFFFF48E
00000E51
FFFFF8A4
00000874
FFFFFDB1
FFFFFC1B
FFFFF1F7
FFFFF4A4
FFFFF82C
FFFFFFBB
00000A0F
00000EA8
00000E55
00001258
FFFFFBDA
00000197
00000B4D
0000036A
00000E62
00000C12
00000151
FFFFF3D5
FFFFFCBF
000000BA
000006DC
FFFFF0C6
FFFFF576
FFFFED6C
FFFFF4C0
FFFFFB28
00000633
FFFFFA55
000003CD
000003F8
FFFFF472
00000793
00000861
FFFFFF64
000006A3
FFFFF68E
00000519
FFFFF558
00000B41
FFFFF6FE
FFFFF67D
FFFFF28F
FFFFF840
FFFFF4D3
FFFFF7C9
FFFFEFA3
0000001A
00000197
000000BE
FFFFFCD4
FFFFFA7E
FFFFEE2D
FFFFFE56
00000E67
00000288
FFFFFD29
000008CA
000002C7
FFFFFE03
000000CF
00001069
FFFFFB62
0000085F
FFFFF4B3
FFFFFDA6
FFFFF9BB
FFFFFF36
FFFFFEB6
00000322
FFFFFBD8
FFFFFB9E
FFFFFD7C
00000015
FFFFF1EB
FFFFFB2D
FFFFF50D
FFFFF62E
000001BA
000000DC
FFFFF445
FFFFFD00
000003D9
FFFFFC5B
00000663
FFFFFC01
00000219
000002B0
00000776
FFFFF83B
000002F7
FFFFFEC9
00000D24
0000078C
FFFFF7CA
000008B3
0000013F
00000FA6
000002C5
00000102
000002B5
FFFFF426
000004F1
FFFFF7D3
FFFFFB0D
00000336
FFFFFF26
FFFFFA28
000008E3
FFFFFA76
FFFFF320
FFFFF77F
000003C7
0000093A
00000099
FFFFFA4C
FFFFF4AC
000003FA
00000004
000003A5
FFFFFF8E
FFFFFE03
FFFFFBB8
FFFFF0D9
FFFFFB96
FFFFFB72
00000CD6
FFFFFD9C
00000A0A
FFFFFA74
FFFFF6A7
FFFFFB3B
00000073
FFFFF36E
00000015
FFFFFE0F
FFFFF707
000000DD
000001A9
FFFFEF65
000000A5
FFFFF8BB
FFFFF53A
FFFFFB57
000007A3
FFFFF728
000005E0
00000A58
FFFFFA3A
000000F1
FFFFFDA4
FFFFFEB5
00001199
00001949
00000E44
FFFFF7C1
00001432
00000369
0000108E
00000CBE
000003A9
000001E0
000007AF
FFFFFE6B
0000108B
00000282
FFFFFAB2
00000C19
00000E33
00000C72
FFFFF2CF
000005AC
00000749
FFFFFE04
00000FC6
FFFFF0BC
FFFFFF4D
00000696
00000844
00000170
FFFFF2E0
FFFFFF2B
FFFFFF3F
FFFFF227
00000F33
FFFFF7C6
FFFFF5BD
00000666
FFFFF6C8
000006F9
FFFFFF77
FFFFF453
FFFFF62A
FFFFF878
000001F2
0000060B
00000C4A
000005FC
00000D6A
0000153D
000011ED
000009ED
00000CCA
00001107
00000B9B
00001583
FFFFF8CF
FFFFFDD4
FFFFF0AD
FFFFF698
FFFFF7C7
00000201
00000215
00000975
FFFFFEED
FFFFFCA6
00000335
FFFFFA36
FFFFF487
FFFFF2CB
FFFFFED4
FFFFF72D
FFFFFBBF
00000BEB
FFFFF8F7
FFFFF0C3
FFFFFC6D
FFFFE57C
FFFFF306
FFFFFA9D
FFFFF282
FFFFF942
FFFFF2C1
00000AC9
0000109C
FFFFF8E6
FFFFFE32
00000A15
00000845
FFFFFBAC
000005E5
FFFFF7DE
00000BEE
FFFFF753
00000EA0
0000087E
FFFFFB37
00000006
FFFFF9A9
000008CD
0000006F
FFFFFECE
0000048F
00000DCE
000004C3
FFFFF738
00000BF7
FFFFF239
0000003B
00000466
00000643
0000095A
FFFFFEC5
0000029D
00000189
000008B0
0000026E
FFFFFC31
000007E0
FFFFECDF
000006B1
00000A1A
FFFFFFFE
0000096D
FFFFF0A8
FFFFF91B
FFFFFE52
000002D6
FFFFF5A4
000009CA
FFFFF8F2
FFFFF1C0
000008AC
000007B0
0000030D
00000A8F
FFFFFF5F
000001A5
00000A35
00000A79
00000B8E
00000567
000006B7
00000264
00000A6A
0000025D
FFFFFBBD
FFFFFCBA
00000BDC
0000025C
FFFFFA62
000001B9
000004F0
00000701
FFFFFFDB
FFFFF26F
000007D4
FFFFF3DD
FFFFFE95
FFFFF83A
FFFFFC10
FFFFF476
FFFFF261
000002DC
FFFFED55
000003CF
FFFFF833
000004C5
FFFFEEB8
FFFFF8BC
FFFFF7C7
FFFFF330
FFFFFE39
00000A69
0000103F
00000298
000009F6
FFFFFD4F
000002C5
FFFFF86A
0000101D
00000525
00000CC5
FFFFFFEC
00000590
00000C3E
0000015C
00000448
00001016
00000653
000018D7
00000648
000005D8
00000604
00000AEB
000008ED
00000C9B
00000247
00000FCD
000003A1
0000027F
FFFFF66C
FFFFF1C0
FFFFFF68
FFFFFE71
000000D7
FFFFF1A4
FFFFFAEF
0000012F
FFFFFADF
00000D59
FFFFFA36
FFFFF68F
000007E5
FFFFF3D7
FFFFFFF5
FFFFFC3C
FFFFFE7D
FFFFF0D9
FFFFFC23
FFFFF23E
FFFFFC07
FFFFFFAA
00000506
00000042
000003F3
FFFFFF65
00001129
00000482
FFFFF765
0000096C
000001E2
00000ABB
00000B55
FFFFF5D2
00000D71
FFFFFF61
000005A0
00000FA1
0000041B
FFFFF8D3
0000104A
000003D5
00000A2D
00000F33
00000536
00000B8C
0000057F
FFFFFE63
00000635
00000880
0000035E
FFFFFB45
FFFFF92B
FFFFF8E1
FFFFF253
000004A2
0000051A
FFFFF534
00000000
FFFFF8B8
FFFFF69F
00000375
FFFFF8BB
00000456
FFFFFEEA
00000730
00000887
000004FA
FFFFFCC2
FFFFFA72
FFFFF805
000000AE
FFFFFD60
FFFFF9AE
FFFFFEAE
00000256
FFFFFE60
000008A7
0000009C
FFFFF8AD
00000235
000005CB
0000053B
FFFFF9D0
FFFFFEBE
FFFFFD38
0000020A
FFFFFEB3
FFFFFC08
0000082E
FFFFFE18
00000510
000003EB
00000709
FFFFFEF4
00000A87
00000463
000007EC
FFFFFC19
FFFFF9AE
FFFFF9EC
FFFFFE56
00000866
FFFFF570
00000663
00000030
000002C4
FFFFF582
FFFFF547
000003AC
FFFFFD9E
000005AE
00000164
000004B6
FFFFFEB8
FFFFF779
000009A9
00000058
000005B4
FFFFF91C
00000217
FFFFFA72
FFFFFFA3
FFFFFF80
FFFFFCC7
FFFFF892
FFFFFC76
00000259
FFFFFA9A
00000110
00000000
000000D9
FFFFFB02
00000218
FFFFFFE2
000003DE
0000056C
FFFFFEE2
0000055C
FFFFF829
FFFFFDDC
FFFFFCE6
FFFFFAEE
FFFFFF4A
000005DF
FFFFFD51
000000D8
FFFFFC41
FFFFFDE4
000003F5
FFFFF80E
FFFFFBF1
FFFFFD09
000000D8
000009A4
FFFFFBB6
FFFFFBD0
000001F7
00000115
FFFFFA90
FFFFF9BA
0000067E
00000105
000000B4
00000287
00000796
00000A9D
000004E0
0000026F
FFFFFD12
0000016C
FFFFFC26
FFFFFB63
00000142
FFFFF9E5
000004B1
000004E5
FFFFFB51
00000462
FFFFFAE3
FFFFFC96
FFFFFA2E
FFFFFF1F
000002C2
FFFFFA43
00000064
00000500
FFFFFA5D
0000044B
FFFFFFCC
00000044
0000064E
FFFFFFF1
FFFFFD16
FFFFFA2B
FFFFF9AC
0000015A
FFFFF64C
000006F6
000002AD
000005CE
FFFFFE11
FFFFFD0A
FFFFFEB0
000006DD
FFFFFD2C
00000119
FFFFFE39
FFFFFA9D
FFFFFA50
FFFFFC77
000001FB
000007AA
FFFFFAD9
000006E8
FFFFFF5D
000000FF
FFFFFE5C
00000341
FFFFFA72
FFFFFD3B
00000949
FFFFFE65
FFFFFF62
00000210
00000417
0000064A
0000052C
FFFFF6DD
FFFFFF94
FFFFFFB8
00000597
FFFFFD4F
FFFFF9EB
FFFFF85A
FFFFF9AC
FFFFFC5C
FFFFFC3C
FFFFF8E9
FFFFFACD
000002C5
FFFFF9B5
00000147
0000020A
FFFFF58B
0000005C
00000256
FFFFF5EB
FFFFFBC9
FFFFFA88
0000017F
FFFFF3AC
FFFFF8A8
FFFFFFB7
00000520
0000077D
0000034C
0000029B
FFFFFDC5
FFFFFA14
00000922
00000787
FFFFFD3F
00000656
00000676
FFFFFFC9
FFFFFFF0
000000F3
000007D8
FFFFF8DF
0000002C
00000009
FFFFFAF3
0000052C
000008D1
000002DE
000000AC
FFFFF912
000000AB
00000027
00000603
FFFFFA48
FFFFFF7C
000005B4
0000079B
FFFFFF57
000003F6
FFFFFD47
FFFFF6C2
FFFFFD26
000001E1
000006DF
00000422
FFFFFCB4
FFFFFF2B
000000AE
00000570
FFFFFFE3
FFFFFAB6
0000001E
000000EC
FFFFF9A7
0000001F
FFFFF64D
FFFFF54E
000003AF
FFFFFB84
0000000B
00000D5E
000001B5
00000C63
FFFFFEDA
000002AD
FFFFFD60
0000051F
000005B4
FFFFFA5F
000002B2
0000043B
000001EF
FFFFFDEE
000006BA
000004F9
00000014
FFFFFE39
00000028
0000005B
00000492
FFFFFC6A
000001FC
FFFFFC13
000006E7
0000052F
FFFFFA3C
FFFFFACF
00000635
00000914
0000097B
000003F7
000005AA
00000100
00000809
00000E8F
00000AEB
000003E1
000008E8
00000A9D
0000082B
00000A5E
00000AE3
00000590
FFFFFAF4
000005BD
0000061F
FFFFFF47
00000690
FFFFF990
000005AC
FFFFFBD4
00000463
FFFFFC57
FFFFFE3B
00000279
FFFFFFB3
00000576
000003F0
FFFFFE9E
FFFFFEED
FFFFFF06
000000E8
FFFFF776
00000811
00000199
FFFFFE7A
FFFFFBB5
0000024B
FFFFFA7B
FFFFF7DE
000006BB
FFFFFDB5
0000023C
000005F8
000008E7
00000019
000004C8
00000489
FFFFFED1
000000FF
00000527
00000440
FFFFFD20
00000581
00000500
0000004C
0000051B
000005F4
000006D5
FFFFFBD3
000010CE
00000267
000009B7
000008FB
0000043D
FFFFFE7E
0000088B
FFFFFFF6
FFFFFDE3
000009EC
00000C41
00000A2C
00000BF1
00000DA0
0000090D
000004D0
FFFFF9AF
FFFFF9AA
FFFFFE7A
FFFFFB0C
FFFFFD70
FFFFFA1E
000006F9
FFFFF926
FFFFFF8D
00000348
FFFFF9C1
FFFFFA1E
FFFFFB50
00000780
00000516
FFFFFA17
00000415
FFFFFC2A
00000540
000004C0
00000243
00000FE0
0000039F
0000053B
FFFFFC7C
FFFFFFC8
00000754
FFFFF9F2
0000056F
000005F2
00000B39
00000103
00000450
00000244
FFFFFEEE
0000003B
0000068A
00000831
000004E3
0000000E
FFFFFC19
0000044E
0000033D
0000035E
000000BA
00000068
FFFFFE93
000002A3
0000028D
00000ADF
00000414
0000059A
00000B64
00000BB5
0000041A
00000065
00000D12
FFFFFAAA
00000CE4
000006B1
000006AA
FFFFFD54
FFFFFA42
00000363
00000240
FFFFFF3C
FFFFFE5C
0000087C
FFFFFEE2
000003BB
FFFFFD44
00000408
FFFFFF31
FFFFF9AE
00000036
FFFFF962
0000044A
FFFFFD5C
FFFFFF30
0000067E
FFFFFCE4
FFFFFAEC
0000093D
0000051E
00000207
000006D4
FFFFFC5B
0000079E
FFFFF80B
000000F5
FFFFFD7E
000002F6
FFFFFC73
FFFFFCD2
FFFFF8C8
000005E2
00000555
000004CE
FFFFFFB2
0000014C
FFFFFDE0
00000739
000006AF
00000163
FFFFFCE0
00000875
000004A8
00000162
FFFFFDBC
0000059D
00000680
0000083D
0000034D
00000713
000004D2
00000352
FFFFFB40
000005A8
FFFFF8E7
FFFFF9F3
FFFFFACC
FFFFFFD3
FFFFFDE7
FFFFF55B
0000021C
FFFFFCAC
FFFFF9BE
FFFFF9BD
FFFFFF6C
FFFFFC2C
000004EA
FFFFFDFA
FFFFFA0D
FFFFFFDB
FFFFF8FD
00000026
00000133
FFFFFBFB
0000009E
FFFFF9EF
000008F2
00000A95
FFFFFF45
000002F7
FFFFFD52
0000029D
FFFFFE7F
FFFFFC2A
FFFFFB5D
00000266
000008C1
00000087
00000007
000006DF
0000000A
00000C7E
000008E9
00000760
00000342
000007AB
00000186
FFFFFA41
000006D8
00000216
00000913
0000036E
000000E5
FFFFFFB8
FFFFF79D
FFFFFE39
000006BB
000002C2
0000011D
00000250
FFFFFE13
00000743
00000AF5
FFFFFF6D
000003D5
00000175
FFFFFA8E
FFFFFD90
00000116
FFFFFD29
FFFFFD98
FFFFFD73
000002CE
FFFFFCB6
000000DA
000004FD
000004C9
000002A3
FFFFFA17
FFFFFEE7
00000B4A
00000456
00000D74
00000ABA
000003BA
0000027C
00000AF5
00000F3E
00000B9A
00000D40
00000D3E
000009B4
00000933
00000461
0000080E
0000063C
0000080B
00000917
000008BB
00000960
00000BB7
000005B5
FFFFFDD7
FFFFFA70
00000213
FFFFFD05
FFFFFE31
00000918
FFFFFBEA
FFFFFD20
00000130
FFFFFF7B
FFFFFBB5
000001C0
000005E8
FFFFFDDC
00000586
FFFFFE81
FFFFF669
000005F4
00001000
FFFFF90C
FFFFFE3A
FFFFF8AE
00000412
0000036F
00000A7F
0000099D
00000DDC
FFFFF46E
FFFFFD77
00000770
FFFFF84A
FFFFF946
0000079F
00000432
00000511
FFFFF0BE
00000AE0
000005E2
000002A3
00000F9C
FFFFFEBF
000005BA
00000556
000000A2
00000728
00000837
FFFFFBEE
000008EC
FFFFF2E1
00000795
FFFFFEEF
0000059C
000003C1
00000380
FFFFFA56
00000090
00000BBB
FFFFFCF7
000001AF
000008C3
0000057D
00000052
FFFFF6FB
000008CB
FFFFF53D
000012B5
00000B1D
FFFFFFDD
00000407
0000046C
00000070
FFFFF18D
0000052C
00000852
0000000D
0000056A
FFFFFF79
00000D06
FFFFF980
00000539
FFFFF909
00000B36
FFFFF1E8
00000AB4
FFFFFD6E
00000C3E
FFFFFCEA
00000579
00001144
FFFFF9A1
00000378
FFFFFDDA
000009EF
0000050F
00000690
FFFFFA30
0000099F
FFFFF97D
00000782
FFFFFF77
000006EA
FFFFFFBA
FFFFFFFA
FFFFF5AF
00000B6F
000000D8
00000860
00000106
0000005D
FFFFFBA4
00000B22
FFFFF274
FFFFF631
00000621
FFFFF43A
FFFFFD54
0000037B
FFFFF62B
000003DE
000008E6
FFFFFA0D
000003FA
00000875
00000FB8
000008BE
FFFFFA7F
00000B0E
FFFFF229
00000A0B
FFFFFF70
FFFFFDB8
00000607
FFFFF4BF
0000043D
00000937
FFFFFB41
FFFFF4BD
00000824
0000044A
00000075
00000035
000000F0
FFFFF56B
0000084B
00000701
00000258
00000D2F
FFFFF5EF
00000233
00000815
00001154
0000087F
FFFFEE25
FFFFFF40
FFFFF8C8
FFFFF1EC
FFFFFA0A
FFFFF4D5
FFFFF4BF
00000D4D
FFFFF772
000004FF
00000599
FFFFFF61
FFFFF37B
00000451
FFFFFB8C
0000039C
FFFFF013
FFFFFFB2
FFFFFEB6
FFFFFA1C
0000063F
FFFFF21B
0000090E
FFFFFFC9
00001020
00000A07
FFFFF397
FFFFF6F8
FFFFFD4E
0000040F
FFFFF7A9
000002B3
FFFFF7AB
FFFFF68A
00000406
FFFFED94
FFFFFADA
FFFFFF79
FFFFF898
FFFFF62D
FFFFF900
FFFFFE44
FFFFF516
00000318
FFFFF7D1
000005A7
0000001D
0000024E
FFFFFECA
00000DEF
000009CF
00000A70
FFFFFC63
000004E0
FFFFF5FA
FFFFFE99
000003CF
000000C4
FFFFFBC4
000002E4
00000A4A
00000D18
0000014F
FFFFFEC9
0000011E
FFFFFD06
00000C80
00000AD8
FFFFF505
00000582
0000067B
FFFFF539
FFFFFE7A
FFFFF5AC
FFFFF068
000002DE
0000027E
FFFFF813
00000B1E
0000021B
0000078A
00000653
0000117D
0000041B
000003AD
FFFFEEB7
FFFFF94B
FFFFFDCA
FFFFFD76
000005FA
000009C8
FFFFFDAA
0000020C
0000069C
000000BC
FFFFF74F
000009FA
FFFFF537
FFFFFD4D
FFFFFACB
000004B7
00000C3F
FFFFF9F6
FFFFFE5B
FFFFF620
FFFFFE8D
FFFFF9FC
00000C7D
000000BB
FFFFF94A
FFFFF89E
FFFFFC18
FFFFF368
FFFFF6AF
000009AA
FFFFF3B4
FFFFF202
0000019E
00000164
00000756
FFFFF2D7
FFFFFD4D
0000012A
00000AE5
FFFFFF76
FFFFFC37
FFFFFB32
00000BDA
FFFFEFD6
FFFFF7C1
000003D1
FFFFEE8F
00000A91
FFFFFF20
FFFFFB21
00000303
FFFFEF3A
FFFFF90A
000003CB
FFFFF65B
00000631
FFFFFDEB
FFFFFF96
FFFFFFCE
000006F4
FFFFF446
FFFFFBAD
FFFFFB92
FFFFF991
FFFFF4FA
00000320
000002A6
000011D2
00001016
FFFFF8D2
000002C2
FFFFF841
FFFFF534
0000037D
0000083C
00000A9B
00000DA3
000000E0
0000070B
00000008
FFFFF637
00000201
FFFFF9D6
FFFFFC61
000008EA
FFFFF861
FFFFF9B1
FFFFFB6F
FFFFEAB4
FFFFF9BD
FFFFFFB2
FFFFF073
FFFFF5E7
FFFFFD91
0000024C
000000F7
FFFFF4FE
000008D0
FFFFF81A
0000025A
FFFFFC9B
000006CD
00000038
00000A5F
FFFFECCD
000000C1
0000070A
FFFFF38A
000013DA
0000017F
FFFFFA95
000006FC
FFFFF88C
00000783
FFFFF547
000009BA
00000669
0000031F
00000C66
00000594
FFFFFA05
00000A3B
FFFFFD33
00000752
FFFFFF84
FFFFF8D4
00000AAF
FFFFFF3B
00000ABC
00000024
00000D02
FFFFF12C
000002F5
00000AD8
0000146E
00001AD5
000007F0
000015B0
0000014A
000015D6
FFFFFAD0
FFFFFBAD
FFFFFFE1
00000C4E
FFFFF28A
FFFFFB7A
FFFFFF6C
FFFFF304
000004F2
FFFFF8EA
FFFFFE83
FFFFF99B
000006AC
FFFFFBBE
0000026A
FFFFF73D
FFFFFC34
FFFFFB8C
00000133
FFFFFB5A
FFFFF374
FFFFF315
FFFFE92E
FFFFFBFC
0000007D
FFFFF1F3
FFFFEFDC
0000019B
FFFFFD11
0000037C
FFFFFCC8
00000D78
0000030C
FFFFF2E7
0000018B
00000701
FFFFF5F1
000002F2
FFFFFD0E
FFFFEE0D
0000085D
FFFFF835
FFFFF4AB
0000097E
0000035F
FFFFF9F0
000000E0
0000090B
00000AD9
00000895
FFFFF8AB
00000CA4
00000AB7
00000C0A
FFFFFBDC
FFFFFD79
00000025
FFFFF6F3
00000B24
FFFFFDBF
00001077
00000C37
0000116A
0000005F
00000751
FFFFFD76
00000352
00000A23
FFFFFB16
00000976
FFFFFC26
00000FAD
00000B38
FFFFF2E3
FFFFFAF2
000000C6
00000534
0000079E
FFFFFE62
000001B9
0000093C
FFFFF866
FFFFFC06
FFFFF556
FFFFF9F4
FFFFFC9A
0000039A
0000053A
00000053
FFFFF6A3
FFFFFD55
0000080D
000000F5
00000ED5
FFFFFF2E
FFFFF728
FFFFFB15
00000F9A
00000F82
FFFFF27D
FFFFF99A
FFFFF433
00000A43
FFFFFC8E
FFFFF8E0
0000057D
000007A4
FFFFF3B1
FFFFEAC6
FFFFFAF9
0000061E
FFFFF243
00000B5B
FFFFFB58
FFFFEFD6
0000004E
00000350
FFFFF799
FFFFFA7D
000001EF
000000EC
00000BF1
FFFFF39C
FFFFFA5E
000003FD
FFFFFC9B
00000034
FFFFF3EC
00000AFA
FFFFFE60
FFFFEE4F
00000C66
00000B23
FFFFF8E7
00000A62
000000E2
FFFFF4A1
00000417
FFFFED2B
00000522
0000068C
00000B19
00000C9A
00000879
FFFFF89C
0000022C
FFFFFA4F
00000086
FFFFFE36
00000B11
000008BD
00001072
00001774
00000CBA
FFFFF9D0
00000813
FFFFFD20
00000D6B
0000073D
0000101C
00000C6C
00000B08
FFFFF59D
FFFFF54D
00000758
FFFFF93C
00000876
FFFFFD0C
0000092D
FFFFF690
FFFFFB37
00000B7C
FFFFF207
FFFFFD91
FFFFF315
FFFFFCF3
00000B69
00000538
000009C6
00000263
FFFFF7CD
0000087B
FFFFF3BB
00000B95
00000656
FFFFF9CE
FFFFF864
00000C50
000004D2
FFFFF765
00000832
00000252
00000DFF
0000023B
FFFFFDA1
000010DF
00000188
FFFFFFE6
00000616
FFFFF625
FFFFF92E
FFFFF2FF
00000912
FFFFFC40
FFFFF7AD
00000BF8
00000077
00001082
00000735
FFFFFD7B
000009AB
000002A8
FFFFFE46
00000180
000005B3
FFFFFDA6
00000248
00000458
0000035C
FFFFF94B
FFFFF64C
FFFFF8C1
FFFFFEBF
FFFFFA15
FFFFFAC9
FFFFFAA4
00000239
FFFFFD23
00000C59
0000058B
00000254
0000028A
0000006F
FFFFFA7E
0000094B
FFFFF82C
000004DD
FFFFFE19
FFFFFEE2
00000293
00000807
00000246
00000C92
00000354
FFFFFE92
00000B66
FFFFFCB2
0000004D
FFFFF6C1
000005F5
00000A1A
FFFFFE34
FFFFFF0A
FFFFFF4B
000004C0
00000695
00000709
FFFFFD87
000001AB
00000643
00000C4E
000009AA
0000042E
FFFFFDDC
000005A8
000007F4
FFFFF59F
FFFFFCE4
000002E5
0000038A
FFFFF836
0000036C
FFFFFBB3
000003C8
000000CA
FFFFFCF3
00000103
000004AD
00000B8D
FFFFF791
00000414
00000272
000006C9
FFFFFE9B
000000C3
FFFFFCE6
FFFFF6EA
FFFFFECB
00000601
0000094B
FFFFF762
FFFFFFAF
FFFFFF94
FFFFFE24
FFFFFEFE
00000C88
00000843
FFFFFE48
FFFFFC1D
000003E5
00000D1D
00000A69
00000B31
00000502
00000841
FFFFFEF8
00000A00
00000542
FFFFFDFE
0000056D
0000092D
FFFFFCB4
000001FD
FFFFFCC1
FFFFFBDB
00000547
000006E7
000007F6
000004C2
0000036F
000003DD
000007CD
FFFFF8FA
000002DA
00000140
FFFFFFCD
00000888
000005A5
FFFFFECC
FFFFFC3D
000001B8
00000179
000003E8
FFFFFBAD
0000091E
000000AC
00000590
000003CF
FFFFFE3B
00000297
000003AB
00000028
FFFFF3D6
FFFFFCAB
FFFFFACF
FFFFFB7C
FFFFFEFE
000000F8
0000052C
FFFFFEAD
FFFFFEB5
00000712
FFFFFDBC
FFFFF9EE
000002F6
0000079C
0000084F
0000010B
FFFFFF83
00000527
000008C2
FFFFF51E
00000520
FFFFF842
00000689
00000833
00000750
FFFFFB76
FFFFFAF0
000000D2
0000005A
FFFFF9A4
00000441
0000069E
0000033B
FFFFFCEC
000005B7
0000009F
000007DD
00000856
FFFFFE6A
00000002
FFFFFBE9
00000861
FFFFFEA6
00000386
FFFFFE6C
000005BA
00000056
00000274
FFFFFF2C
000002E5
00000585
00000CCC
0000083C
FFFFFC9E
000005CD
FFFFFDBD
00000217
FFFFFA30
FFFFFC80
FFFFFECC
FFFFFECE
000003C5
00000848
00000303
00000415
FFFFFC6A
0000047C
00000633
00000846
FFFFFDE2
00000194
FFFFFCFB
00000EAC
000000B2
000001F4
000002EC
FFFFFF44
00000B13
00000D7F
FFFFFB2E
000003E1
0000068D
FFFFF69D
FFFFF808
00000385
FFFFFCA7
00000036
00000621
000008E5
000006AD
000001AB
00000179
FFFFF6F2
FFFFF956
000001C2
FFFFF279
0000076C
000001D4
0000064A
00000736
FFFFFED4
00000001
00000413
00000676
FFFFF8CB
000005B0
FFFFFF48
FFFFFD9A
00000897
FFFFFE52
00000391
0000018E
FFFFFE2C
00000130
FFFFFF58
FFFFFF6F
000005C3
FFFFFB6D
00000588
000008C5
000004EA
0000076C
FFFFFB32
0000016A
000001FE
00000632
00000635
FFFFEFB8
0000012F
00000689
FFFFF98E
FFFFFEC0
FFFFFA84
000001E9
FFFFF879
FFFFFDE3
FFFFF8B4
000000D1
00000551
FFFFF734
00000A95
00000896
00000A93
00000013
000002DF
00000852
00000950
000003CC
000008A1
00000486
FFFFFCF9
00000028
000007E8
00000F14
000000CF
00000115
0000047E
FFFFFE0E
0000066B
FFFFF9AC
FFFFF1B9
000001B5
00000242
00000244
000006CE
0000036C
00000012
FFFFFEA4
00000A86
0000047A
000001A3
0000096D
00000BF4
000006D5
000006ED
FFFFFE8D
00000483
FFFFFEFC
00000507
00000C77
FFFFFAC7
0000060B
FFFFFB1D
FFFFF861
FFFFF6D4
00000070
FFFFFEFE
00000C4F
FFFFFDEA
000002F9
FFFFFF7F
FFFFF9AE
000009A5
FFFFF773
00000868
FFFFFEC7
0000071B
FFFFFCFC
00000882
FFFFF42B
0000079C
FFFFFFA0
FFFFFE18
FFFFF36D
000008E4
FFFFFF0A
FFFFF801
00000147
00000491
00000547
00000067
0000004C
000003BD
FFFFFF35
00000C67
00000522
0000007C
00000000
FFFFF2FF
FFFFF02A
FFFFEFEA
0000031A
FFFFF95C
000006EE
FFFFFC3A
FFFFF8FD
FFFFF26F
FFFFFC43
FFFFF1B3
00001541
FFFFFE7A
FFFFFFD9
FFFFF4EF
FFFFF9BD
FFFFFBF9
0000016E
00000347
FFFFF979
00000C80
FFFFFC4C
00000D8B
00000047
00000143
FFFFFFBA
000009B9
00000179
00000833
000002A5
FFFFFDD0
0000035F
FFFFFDE8
FFFFFEBB
000003DC
00000274
00000A68
000008D8
00000AC3
00000709
FFFFFB05
00000307
000002C6
00000458
FFFFF98D
FFFFFCF9
00000008
00000848
FFFFF7D3
FFFFFB39
FFFFF8FF
00000984
00000395
FFFFFADE
FFFFF9BA
00000013
000006A5
FFFFFC50
00000734
FFFFF790
000006A3
0000053B
FFFFF21F
FFFFF764
000001B2
00000A11
00000113
FFFFFFB3
FFFFFD4E
FFFFFE34
000002E7
FFFFFA0E
FFFFF814
00000369
FFFFFE70
FFFFF900
FFFFFA33
00000238
FFFFFE57
0000015A
FFFFFDCE
FFFFF7A3
FFFFFD02
000001B6
FFFFFC98
00000E62
00000701
0000026B
00000160
00000A65
0000009A
0000004C
00000616
FFFFFA4C
00000342
00000C46
FFFFFC60
00000273
FFFFFED7
0000051E
FFFFFF62
00000361
FFFFFE37
FFFFFE80
00000243
00000131
0000071E
FFFFFB85
FFFFFA3A
00000496
0000062A
000001EE
00000A8E
0000002A
FFFFF885
0000000C
FFFFFBAA
FFFFFC39
00000987
FFFFFBB0
FFFFF6B3
00000180
00000634
000000E7
000000B1
FFFFFE5F
000005B9
FFFFF6BB
FFFFFE80
00000069
0000023C
00000738
0000087A
FFFFFD22
0000041B
FFFFFAF5
00000300
FFFFFF57
000000DE
0000089C
FFFFFFD2
FFFFFB47
0000019E
FFFFF7AD
FFFFF143
FFFFFE21
FFFFFA61
FFFFFE72
FFFFF646
00000187
00000307
0000016D
0000030A
FFFFF575
00000DBB
FFFFFC61
FFFFF998
FFFFFF3E
FFFFFA27
FFFFFCA0
000000A0
FFFFFD90
FFFFFC3B
FFFFFE69
00000879
00000389
00000BA1
000001D5
0000057C
FFFFF82F
FFFFF0DD
FFFFF591
0000057E
FFFFFD47
00000554
0000073D
000003B9
FFFFF5D6
0000031D
000003ED
00000175
FFFFFF00
FFFFF84E
FFFFF888
000002EA
FFFFFE7A
FFFFFCA5
0000088C
00000626
0000077E
0000083B
FFFFFF5D
FFFFF86F
0000090F
FFFFFC69
00000451
000007BC
FFFFFCBA
00000494
FFFFF960
00000115
FFFFF498
FFFFFE4C
000006C5
00000278
FFFFF683
FFFFFD7E
FFFFF803
FFFFFE4C
00000728
0000050F
000003EB
000001D6
000005DC
0000098E
FFFFF9E0
0000050B
00000D96
000003AC
0000040A
000003EF
FFFFF9A3
0000057C
FFFFFE91
FFFFF949
0000063F
00000430
00000098
FFFFF6CB
FFFFFC94
FFFFFC72
FFFFFCD4
000003C2
FFFFFD0E
00000A37
000007E6
0000058F
0000056D
0000013D
FFFFFBD6
000000EE
00000436
00000025
00000A87
00000476
00000978
000000AE
00000500
FFFFF61A
00000009
00000591
FFFFFDE0
00000053
FFFFF605
FFFFFAF5
FFFFF989
FFFFF78E
00000918
FFFFF6AA
0000016F
000002A2
0000062C
000005E1
FFFFF7F8
FFFFF8FD
000003F0
00000025
FFFFFB26
00000405
00000145
000003D3
000004CB
FFFFFAC5
FFFFFC2B
FFFFFD92
00000345
FFFFF90D
FFFFFD8E
000004BC
FFFFFDEE
FFFFFDC9
000001A3
FFFFFE98
00000C45
000001F0
FFFFFC55
0000053E
00000185
00000375
FFFFF756
FFFFFF66
0000040E
00000403
FFFFF768
FFFFF840
000000B9
FFFFF627
000000D8
000007AF
FFFFFEB6
FFFFF958
000006BD
00000B58
0000065E
00000D20
000003E5
00000836
FFFFFFA6
00000C08
0000070D
00000CDE
FFFFFF58
FFFFFFF8
00000BCE
FFFFFDB3
FFFFFB2B
00000171
00000166
000002C2
000007DD
00000365
000009ED
00000D91
FFFFF42E
00000065
FFFFFA45
00000255
FFFFF56B
FFFFF7C4
FFFFFBEE
0000031C
00000971
00000732
FFFFF9CF
FFFFFA7E
FFFFF99B
000005F4
00000640
FFFFFC5B
000003F4
00000840
00000691
0000079B
FFFFFA2D
000006E6
00000B1B
00000B79
FFFFFA01
FFFFFEDD
FFFFFCF2
FFFFFCD0
FFFFFF39
000005B5
FFFFFD1C
00000610
0000064B
FFFFFF31
FFFFFEF0
FFFFF781
FFFFFF30
000000A3
000003B4
00000D30
0000047E
FFFFFFC3
FFFFF4B4
FFFFF977
FFFFFF7B
000000DF
FFFFFD42
FFFFFDD2
00000391
000004D5
000004F9
FFFFFC44
FFFFFA24
00000220
FFFFFA7F
FFFFF818
FFFFFBE1
FFFFFACA
FFFFF740
00000742
000008E2
FFFFF8B4
00000315
FFFFFEFB
FFFFFF01
00000333
000006D0
FFFFFC03
FFFFF95B
FFFFF451
FFFFF8A3
000003A7
FFFFFEAC
FFFFF968
000004BE
FFFFFDEA
FFFFFA37
FFFFFF1A
000001D8
FFFFFD2E
000002E9
00000067
FFFFF680
FFFFFE66
FFFFF9BC
00000079
00000058
00000563
FFFFF55E
00000431
FFFFFE6B
FFFFF99A
FFFFFA2D
FFFFFC41
FFFFFB8A
0000040B
0000091E
000001BD
FFFFFCED
00000086
FFFFFD96
00000203
0000049D
00000078
00000205
000006D0
00000152
000005C2
0000035C
0000044B
000008F5
FFFFFBB3
00000589
000000D7
00000421
00000730
00000169
00000A0F
00000218
FFFFFDC2
00000028
00000A60
000007BA
FFFFFD44
000008FD
FFFFFAD7
0000076F
00000773
FFFFF90D
00000220
0000066A
000008BF
000006E3
0000045B
00000907
000006D3
000002B9
FFFFF828
FFFFFD88
FFFFFBD1
0000054A
FFFFFB54
000001F6
0000072B
0000042F
000004B8
FFFFFBE3
0000073D
00000404
FFFFFDF5
00000639
00000077
00000592
0000043A
FFFFFF39
FFFFFA62
00000820
00000015
00000978
FFFFF8CF
FFFFFFCA
000001EE
0000066B
000004CD
FFFFFA39
00000618
000008E7
00000285
FFFFFE73
0000065C
0000019B
000000B8
FFFFF768
000004D1
FFFFFDDA
FFFFFBAE
00000A5C
00000F99
000002EB
FFFFFF89
000004BD
FFFFFB5F
0000072B
000002A8
0000020A
00000B03
000011BB
00000A33
00000499
0000073D
FFFFF964
000000DE
000004B4
FFFFFEB7
FFFFFE5D
FFFFF840
FFFFF87F
00000315
FFFFF9FD
FFFFF842
FFFFFF90
FFFFF8AF
0000051D
000005D6
FFFFFE22
00000182
FFFFFED8
FFFFFCF5
000001F2
FFFFFFB2
FFFFFE06
FFFFFE5B
FFFFFFB4
00000086
000008FF
FFFFF7E5
000000F4
FFFFF755
FFFFFF51
0000025E
000000A7
FFFFFB3B
FFFFFF9A
FFFFF9B9
00000620
FFFFFD22
FFFFFD89
FFFFFFF5
00000206
00000098
FFFFFD2C
000000C8
00000649
00000900
00000035
FFFFFDC8
00000439
FFFFF8AD
FFFFF92F
FFFFF710
00000412
FFFFF934
FFFFFCD5
00000081
FFFFF5CA
000000A4
00000958
0000052F
FFFFFBC2
00000154
FFFFF8E3
00000397
FFFFF931
0000018A
000001F2
00000568
00000948
000004CF
FFFFFCEC
000003B6
FFFFFED0
000009C5
000003AB
FFFFF956
000001A0
00000634
00000138
0000122B
FFFFFD41
000001FC
FFFFFDD4
FFFFFF0C
00000065
0000055D
FFFFF97B
00000077
FFFFF9B7
FFFFFC73
FFFFFF30
000003D8
FFFFF699
FFFFFCA8
FFFFFEC3
FFFFF06E
FFFFFB8F
FFFFFFDF
0000018A
FFFFFC39
0000024E
FFFFF4AC
FFFFFAC5
FFFFFDC1
FFFFFF2D
00000219
FFFFF708
FFFFFEF5
0000012B
00000997
FFFFFC98
00000E3C
000004E8
FFFFF7BB
FFFFFEDA
FFFFF734
FFFFFB6D
000004BD
FFFFFDF0
FFFFFA2E
FFFFFB3C
00000306
FFFFFEA7
FFFFFDC1
000004B6
FFFFF51D
00000A97
FFFFF640
0000016F
FFFFFE3A
FFFFF9AB
00000ADC
00000745
FFFFFE7B
00000877
00000980
0000061A
FFFFF6CE
000003A3
0000009A
00000310
FFFFFA44
0000015A
FFFFF799
00000CAD
FFFFFDC4
FFFFFD31
00000814
000008CE
000003AD
00000248
00000D5C
FFFFFF81
000005B5
00000082
000002E1
00000C71
000005E1
0000005D
FFFFFFA7
FFFFFA0B
0000083A
00000203
00000460
00000111
00000139
FFFFF825
FFFFFA19
0000098A
000000D7
00000528
FFFFFBBD
000003CA
FFFFFE5C
00000994
FFFFFDD0
00000070
000003AC
FFFFFC98
FFFFFD73
0000012F
0000092B
FFFFFCBB
0000076F
FFFFFA85
0000051F
00000634
00000974
FFFFFED8
000002DF
0000017D
FFFFFBEF
00000152
FFFFFB65
FFFFFE73
00000190
FFFFFCD0
FFFFFD3C
00000504
FFFFFA55
FFFFFAF0
000001CF
00000335
0000045E
00000038
FFFFFE0F
FFFFF4AC
FFFFFF48
FFFFF951
FFFFFDBA
FFFFFD06
000009C1
FFFFF83D
000005E5
00000590
00000092
FFFFFF5A
FFFFFF2E
0000043D
000001CF
FFFFFBB2
000004B3
FFFFF490
FFFFFF54
0000001D
00000ADA
000001F8
00000621
FFFFFA8D
00000029
00000565
00000472
FFFFFDD0
00000546
FFFFFF4E
FFFFFFAE
FFFFFF28
000003E5
FFFFFFE4
0000026D
0000032A
0000058D
FFFFF8BC
000008A5
000005BF
00000096
00000060
FFFFFD2A
0000028F
FFFFFFA5
00000687
00000533
FFFFFF33
FFFFFD8F
00000317
00000237
FFFFFF0A
FFFFFA29
000009EF
000005B3
00000329
000004C5
FFFFF63B
FFFFFB2C
FFFFFDB4
00000CCC
000005B0
00000694
FFFFFB85
FFFFF6C1
FFFFFF7B
FFFFF98E
00000415
00000B32
00000F23
FFFFFE59
FFFFFC62
FFFFFF09
FFFFFCE2
0000049D
FFFFFECD
00000363
00000736
00000559
FFFFFA0F
000006A9
00000A3B
000004E9
000008B0
000000F1
FFFFFC82
0000017E
FFFFF88A
FFFFFF36
00000473
FFFFFE5E
00000420
FFFFF6AE
FFFFF5A8
FFFFFEC5
00000164
FFFFFE72
FFFFFEDE
FFFFFC47
FFFFF9FD
000003A7
FFFFFBB4
0000009F
FFFFF7CC
FFFFFE63
FFFFF999
FFFFFEE3
FFFFFA37
00000164
FFFFF850
FFFFFB2D
000003AF
FFFFFD42
0000029F
0000050C
FFFFFEF0
0000002B
FFFFF775
00000707
FFFFF9CB
FFFFF89E
FFFFF9F3
FFFFFACC
FFFFFD40
FFFFF5F7
00000118
000000BE
FFFFFFFD
0000018D
0000027E
00000723
000000BA
FFFFFCFB
FFFFFF5B
FFFFFB90
FFFFFF57
0000067C
000002CB
00000072
000000C6
00000250
FFFFFE6A
FFFFFBBE
000005C4
00000036
FFFFFB31
0000039F
FFFFFC2E
FFFFFB4F
FFFFF911
FFFFFA78
00000232
FFFFFFE9
FFFFFEC0
00000074
FFFFFFAE
FFFFFDA6
FFFFFDD8
FFFFFE8D
FFFFFDF6
FFFFFEE1
000000BC
00000133
FFFFF943
00000214
00000135
FFFFFBDD
0000011D
FFFFF7D3
0000037C
0000035F
FFFFFE0C
FFFFFD33
FFFFF878
FFFFFF8A
FFFFF7AA
FFFFFE9D
FFFFF82F
000003BA
FFFFF96E
FFFFFE98
FFFFFECC
FFFFFE56
FFFFFEB5
000003BD
FFFFFA42
FFFFF70C
00000089
000000EB
000004B8
FFFFFD6A
0000031B
FFFFF653
FFFFFF18
0000026C
FFFFF582
0000024C
FFFFF954
FFFFF8A3
00000063
FFFFF9B5
FFFFF6FE
FFFFFB92
FFFFF838
FFFFFCDD
FFFFFDF3
0000016C
0000046F
FFFFFF78
FFFFFB2B
FFFFFF4E
FFFFFBE4
000007A7
000005EF
FFFFFC3E
0000031C
00000685
000000F9
FFFFFBED
000001C8
FFFFFCFC
000000AD
FFFFFD37
00000557
000002CA
00000369
0000055F
000000A3
FFFFFDA6
FFFFFC86
0000001A
FFFFFAD4
00000406
FFFFFCCC
000000B8
FFFFF8AE
FFFFF9A8
0000021C
FFFFFB13
FFFFF746
FFFFFFA1
000000E3
FFFFFBFE
FFFFF6AC
00000430
000003CA
FFFFFE5B
000000FD
FFFFFE22
FFFFF9CF
0000064A
FFFFFEA2
FFFFFD2E
000005BC
FFFFF85D
00000000
FFFFFD40
00000297
FFFFFD97
000004F8
FFFFFFEB
00000482
000000D7
FFFFFAC3
FFFFFB8D
000000FE
FFFFFCC0
00000256
00000324
FFFFFD87
00000333
00000675
000001D2
FFFFFD3C
000001E4
FFFFFC41
000002B8
FFFFF7A4
FFFFFCF6
FFFFF757
FFFFFBB2
FFFFF705
000002E8
FFFFF942
000001DB
FFFFFB7A
0000045A
FFFFF7E9
FFFFFD43
0000057F
FFFFF92E
FFFFFF79
FFFFFDDD
FFFFFB1D
FFFFFB56
000001C2
FFFFF778
FFFFFD00
FFFFF8DE
FFFFFEB6
00000262
00000562
000000AB
00000502
00000238
FFFFFB9E
00000463
000003AF
FFFFFDD2
FFFFFA43
FFFFFA7D
000002D4
00000592
0000018C
000005F5
00000044
000003F3
FFFFFDB0
FFFFFB2F
FFFFFA91
0000047A
000002C8
000002BE
FFFFFA34
000002B6
FFFFFCD5
FFFFFBD3
FFFFF9C6
0000045A
FFFFFCAE
FFFFF600
000005AD
FFFFFB02
000001C6
000001E8
FFFFFB86
FFFFFE68
FFFFFB31
FFFFFD90
FFFFFC30
FFFFF9CA
0000038C
0000043A
00000327
FFFFFF35
0000035F
FFFFFF5B
FFFFF937
FFFFFD6B
00000120
FFFFFFC6
FFFFF869
000002A2
FFFFFA7F
FFFFF821
00000069
FFFFFDA0
FFFFFC6F
FFFFFF96
FFFFFD22
FFFFFBBB
FFFFFC00
000001D1
000002AC
FFFFFE52
FFFFFC47
000002D5
0000002B
000005F4
FFFFFA34
000007D3
FFFFFDD0
FFFFF45A
00000316
FFFFF5FE
00000202
FFFFF8A2
FFFFFC45
FFFFFC9D
00000246
FFFFF84F
0000022E
FFFFFC9D
FFFFFEEB
FFFFFAF7
FFFFFC6E
00000041
000003ED
FFFFFCDC
FFFFFB17
FFFFFEB7
FFFFFA2E
00000586
FFFFFD99
FFFFFDB5
FFFFF838
0000009F
FFFFF995
0000075F
00000B4F
FFFFFFA7
FFFFFFB7
FFFFFA88
0000051D
00000466
000005D7
00000207
0000043E
0000070C
00000200
0000072E
FFFFFE7E
000006BA
00000052
000002C1
00000455
0000023B
000006F0
000005F9
FFFFFD4A
000006FB
000008AB
000005F1
00000553
000008AD
FFFFF896
FFFFFE9B
FFFFFB71
0000032D
FFFFF8E7
00000396
00000162
FFFFFBEF
00000904
00000261
FFFFFE1C
FFFFFF38
0000016B
FFFFFB35
00000621
00000218
FFFFFF78
FFFFF909
FFFFFEB6
00000462
00000813
000007FA
000002D5
00000639
0000042B
FFFFFBED
0000069D
FFFFF7FD
FFFFFFB9
FFFFFEA0
FFFFFEC8
FFFFFE25
FFFFF7A9
000000EA
FFFFFFCA
FFFFFC69
00000030
000003D6
0000008A
FFFFFACE
000001EB
00000220
00000137
FFFFFF28
FFFFF947
FFFFF461
FFFFF8C4
FFFFF8BB
FFFFFDEA
FFFFF8CB
FFFFFDED
FFFFFD4D
FFFFFCCE
FFFFFD5B
00000178
FFFFF760
FFFFFBBF
00000180
FFFFFFB1
000005F8
FFFFFCFF
FFFFF531
000005EB
00000583
FFFFFADB
FFFFFDB9
FFFFF88B
FFFFFA6E
0000051B
FFFFFD4C
FFFFFAC1
000006B0
FFFFFE74
00000557
FFFFFFB6
FFFFFDDF
0000052E
000002F0
000000B9
FFFFFD9B
FFFFFF4C
FFFFFA54
00000250
00000172
000002F4
FFFFF6F7
0000066C
FFFFFB16
00000114
0000050B
FFFFF9FF
FFFFF547
FFFFF94C
FFFFFF56
FFFFFDFE
00000274
FFFFFB28
00000180
000001D0
00000440
FFFFFE76
FFFFFB70
FFFFFF9A
FFFFFD5D
FFFFFA82
FFFFF9A1
00000286
FFFFFBF0
FFFFFAF6
FFFFF795
FFFFFB6C
FFFFFB39
0000017F
000001FF
FFFFFAA0
FFFFF81C
FFFFFCEB
FFFFFE99
FFFFFF22
FFFFFC52
000005F9
000002E3
000003E1
FFFFFECF
FFFFFEA3
FFFFFB73
FFFFFA8D
FFFFF838
FFFFFA74
FFFFFCD9
00000536
FFFFF9A6
000003DD
FFFFFC55
FFFFFFB7
FFFFFE39
FFFFF952
FFFFF8A9
FFFFF9E6
FFFFFCD9
FFFFF984
FFFFFDAF
FFFFF8CD
FFFFF960
FFFFFD20
000002FF
00000571
FFFFF7CC
FFFFFB8E
FFFFFE81
FFFFFFD3
00000094
000006FD
FFFFFCC1
000007F4
FFFFFFA6
000008A6
FFFFF76B
000003D1
00000439
000002B9
00000580
FFFFFD96
FFFFF969
FFFFFFF6
FFFFFF53
FFFFFFD3
000004E4
FFFFF963
0000016C
00000157
FFFFFC1C
FFFFF5E4
FFFFFD25
FFFFFE66
FFFFFB8C
0000010C
FFFFFE31
FFFFFAA7
FFFFFC3F
000000C5
00000251
00000031
000000FD
0000018D
FFFFFCE3
FFFFFE10
0000051D
00000297
FFFFFD7A
0000018C
FFFFFCB4
00000010
000004E1
FFFFFE22
0000061E
FFFFFF2B
FFFFFF2D
FFFFFF1C
00000314
000004AF
FFFFFF05
00000573
000003D5
FFFFFC6C
FFFFFC9D
FFFFFC71
000002AC
FFFFFF84
000008A9
FFFFFD5F
FFFFF85A
FFFFFE5D
000000FD
000000E3
000005ED
FFFFFFA1
000004E3
FFFFFD98
00000166
00000043
FFFFFF9A
FFFFFFD7
FFFFFECE
00000373
FFFFF8F1
FFFFFA7F
FFFFFAAC
00000293
FFFFFDB5
00000516
FFFFFA52
000000EF
FFFFFAFC
FFFFF940
FFFFFD11
0000049B
FFFFFAE9
FFFFFE65
00000317
FFFFFF6A
0000046B
000004F3
000002D4
000009C5
FFFFFEA6
FFFFF823
00000029
FFFFFC80
000003DE
FFFFF9E3
FFFFF9EC
FFFFFEDD
0000043E
FFFFF35A
FFFFF61D
FFFFF5F0
FFFFF7DF
FFFFFA6B
FFFFF3A4
FFFFFFE5
000007BC
FFFFF640
FFFFFC79
FFFFFA73
FFFFFF5F
FFFFF702
0000082F
00000786
FFFFF8CF
FFFFF877
000006B2
FFFFFBF3
000004E9
FFFFF854
FFFFF750
000000BB
FFFFFF82
000002CC
FFFFFA69
FFFFFC21
000007BD
FFFFFA89
FFFFFEC0
FFFFFC0C
000004F7
FFFFFBCE
FFFFF1FC
FFFFFA71
000003B1
000003FD
FFFFFED2
000000C1
FFFFFB91
000004FF
00000010
FFFFF8E7
FFFFFBE7
FFFFFD72
FFFFFC37
00000372
FFFFF880
FFFFFB09
0000011E
FFFFFD9C
000001D5
000004BE
00000033
FFFFF20E
FFFFFB20
000005C5
00000142
FFFFF8F2
0000025C
00000152
0000072C
00000BD9
FFFFF3D2
FFFFFA3C
FFFFFA2D
00000333
FFFFFE5B
FFFFFEAF
FFFFF81A
FFFFFDCF
FFFFFE5C
00000085
FFFFFC82
FFFFF519
00000486
FFFFFBF1
FFFFFE4C
FFFFF893
000005ED
000009A0
FFFFF924
FFFFFA5D
000006B6
0000034C
FFFFFBAA
FFFFF5EA
00000606
FFFFF957
FFFFFCA9
00000052
FFFFF681
FFFFFF70
000002FE
00000624
00000926
FFFFFF66
00000687
FFFFFCB7
FFFFFFC9
FFFFF84E
000003C1
FFFFF834
FFFFFEE6
FFFFFBEA
FFFFFC23
0000001F
FFFFFDD8
FFFFFE41
00000C7D
FFFFFE8E
FFFFF8DE
FFFFFF35
000001EF
00000892
FFFFF738
FFFFF633
FFFFF865
00000271
FFFFFD62
FFFFFD83
FFFFF87B
FFFFF25E
FFFFFD9B
FFFFFCC9
FFFFFDD5
FFFFF998
FFFFFBD5
00000557
000002BB
FFFFFC98
00000355
FFFFFF0C
FFFFFEC9
FFFFFFD8
FFFFF952
00000122
000008C4
FFFFF7A2
FFFFFBF8
0000075A
0000056C
FFFFFF30
000002C5
00000460
FFFFFE92
00000385
FFFFFB79
00000196
FFFFFCB8
00000318
0000018B
00000644
FFFFFCA0
00000428
000007D0
000000F9
00000388
000002FA
00000ACE
000008D4
FFFFFF07
FFFFFFBC
FFFFF9C7
000001E2
00000175
00000010
0000082F
FFFFFC17
FFFFFFA0
FFFFFBCF
FFFFF808
FFFFF3FC
FFFFFAB7
FFFFFBE9
FFFFFA40
00000032
000002AB
00000726
FFFFF88A
FFFFFFC5
000001E0
000008E2
00000225
FFFFFEF5
00000748
00000689
FFFFFEC1
000002B5
FFFFFDD7
FFFFFCB9
000006D9
FFFFFE54
FFFFF9A2
FFFFFDE4
FFFFFBCD
FFFFF66F
FFFFFBB7
0000022D
FFFFFBD9
FFFFFD22
FFFFFEA9
FFFFF7BC
00000299
FFFFFB06
FFFFFC26
FFFFF87B
FFFFFA44
000005F2
FFFFFC4F
FFFFF9A9
FFFFFB61
000006DB
0000050C
000001BF
FFFFFD10
000005B9
FFFFFF29
FFFFF6B0
0000019F
FFFFF9D1
FFFFF733
000007FD
000006E1
00000362
000006F8
FFFFFAFD
000007EE
00000031
000009E5
0000062B
00000192
FFFFFCA0
00000387
000006CC
000000E2
000007FC
FFFFFF00
0000068F
00000552
000001FE
FFFFFC24
FFFFF610
0000018C
00000269
FFFFF31F
FFFFFA47
00000324
FFFFFD66
00000744
00000B57
FFFFFC52
000000A5
FFFFFCAE
000004DA
FFFFFDA2
0000055F
0000055C
00000635
00000055
00000737
00000163
FFFFF9C7
000003E3
FFFFFB00
FFFFFFFB
000008C0
00000752
00000508
FFFFFBB2
FFFFF1E4
FFFFF6C1
0000027F
FFFFF9D7
FFFFF23B
FFFFF85B
0000062F
FFFFFE42
FFFFF873
000000E8
0000023B
0000024D
FFFFFF8C
FFFFF8C8
0000033E
FFFFFA5F
00000037
000002F7
FFFFFB49
00000A81
000001BB
000007D4
FFFFF8A5
00000615
FFFFF78D
FFFFFCED
000002BA
FFFFF8F6
FFFFF7FA
FFFFF8EA
FFFFF6DD
FFFFF9B4
00000540
0000014B
000003F3
000000ED
FFFFF572
000002CE
FFFFFD77
00000786
00000314
000003FB
FFFFF6B5
00000666
000002B2
00000643
FFFFFD8F
00000C4A
FFFFF7D1
000006D1
FFFFF942
FFFFFC92
FFFFFD4C
FFFFFE95
FFFFF72F
00000074
FFFFFCAD
FFFFF5C8
0000003D
00000467
FFFFFA46
FFFFFDBA
00000807
FFFFFD0B
FFFFFDBB
FFFFFFEF
000002F9
000007BC
000000DC
FFFFF9B4
FFFFFA88
FFFFF0BA
FFFFFFEC
FFFFFE0F
000006A3
FFFFEEC1
FFFFFB9B
000000BE
FFFFFBB7
FFFFFD44
00000172
FFFFF971
FFFFFB49
0000008A
FFFFF9D6
FFFFFBDC
FFFFF0EC
00000235
00000255
00000302
FFFFFE63
FFFFF888
FFFFFDEC
FFFFFDDD
0000050A
000008C0
FFFFFE73
00000442
000002C6
0000086B
0000039A
0000013F
0000011E
000006F3
00000103
00000819
FFFFFAEF
FFFFF2DF
000002EC
FFFFFB12
000007F1
FFFFF8F5
00000403
FFFFFBF6
FFFFFEF8
00000631
FFFFFB4D
FFFFFAFE
FFFFFEF0
FFFFFB37
FFFFF85A
00000825
00000534
00000271
FFFFFD03
0000031A
FFFFFBF8
0000054F
00000A7D
0000002F
00000AAD
FFFFFDE4
FFFFFA4E
FFFFFAD4
FFFFF821
FFFFFDC4
FFFFF929
0000015A
FFFFFD8A
FFFFF7EF
FFFFF620
FFFFF7E3
FFFFFE1F
00000081
FFFFFAA8
00000393
000003AF
00000339
00000258
FFFFF67B
0000026D
FFFFF73E
FFFFFFF7
000006F0
FFFFFE87
FFFFF61A
00000528
00000365
FFFFFEBD
FFFFFAC5
FFFFF06E
FFFFFE85
FFFFFCF8
FFFFFF99
0000046F
FFFFFC8B
00000014
FFFFFB05
00000308
FFFFFF41
FFFFFA0E
00000129
FFFFF86D
FFFFFB8F
00000374
FFFFFE6F
FFFFFA68
FFFFFE7E
FFFFF7EB
000006D8
0000053B
0000034D
00000479
00000665
FFFFFEA7
FFFFFE0C
00000448
0000064F
000002EC
00000000
00000196
000002AA
000003AB
0000071D
FFFFFF6F
000009FB
FFFFFFB4
000001BC
FFFFF42B
FFFFFA0D
FFFFF812
FFFFFBCA
00000D3E
FFFFFDAF
FFFFFBA4
FFFFFF4B
FFFFF8E8
FFFFF713
FFFFFE52
0000072E
FFFFFCB2
FFFFF842
0000005E
00000083
FFFFF6B5
FFFFFBE7
FFFFF5FB
0000087C
FFFFFD8E
FFFFF9BC
0000042D
FFFFFD2F
FFFFFD31
0000031D
FFFFFE9C
0000014D
FFFFFAA2
00000331
000004AE
FFFFFED1
FFFFFC52
00000399
FFFFF92C
FFFFF613
FFFFFB3F
FFFFF69D
0000004C
0000002D
FFFFF8E9
FFFFF9A5
00000240
FFFFFCD2
FFFFFEC2
FFFFFA07
FFFFFD2C
FFFFFE07
FFFFFE5D
FFFFFC86
0000051F
000003F7
FFFFF87C
FFFFF521
FFFFFEC3
FFFFFE98
FFFFFF26
FFFFFCBB
FFFFFB4F
000006A2
FFFFFA43
FFFFFE3D
000002F9
000003C9
FFFFFAB6
000000F6
00000852
FFFFFF04
FFFFFB98
0000041A
FFFFFA22
00000018
FFFFFBA3
FFFFF739
0000070C
00000518
FFFFF8D0
FFFFF9A8
FFFFF87F
FFFFFC20
FFFFFCF4
000000D0
00000994
FFFFFE69
FFFFF78E
FFFFF4F3
FFFFFF5C
FFFFFB2D
00000253
FFFFFE98
000002C9
FFFFF5F0
000006C6
FFFFFA2B
000000E2
0000043D
00000318
00000107
000003DC
00000553
FFFFFC24
FFFFF8EF
000007B4
00000814
FFFFFAB1
FFFFF8A6
00000900
000005DF
FFFFFCB8
FFFFF997
0000086B
FFFFFC2E
FFFFF464
FFFFFB7E
FFFFFFDB
00000932
FFFFF741
00000634
000006A5
00000350
FFFFFFB0
FFFFFDEF
00000076
0000078F
000001FF
FFFFFD63
0000090C
FFFFF5D9
FFFFFE8E
FFFFF6CD
FFFFFBA8
000003BE
FFFFF759
FFFFFD75
00000995
FFFFF893
00000737
FFFFFB90
FFFFF94C
00000161
0000058D
FFFFF368
FFFFFB1A
00000A2A
000005D0
FFFFF9EB
0000035F
00000774
FFFFFAB7
0000017D
0000043C
FFFFFFA8
FFFFFEA1
000000D8
FFFFF8A5
FFFFFCBF
FFFFFAC8
FFFFFA6B
0000017C
000003D3
00000662
00000657
FFFFFBE0
0000081D
FFFFFE7D
00000103
0000062E
FFFFF6B0
000008F8
00000268
FFFFFD40
FFFFFB3B
00000508
000006B1
000006EF
000001B3
FFFFFA75
FFFFFE36
FFFFFB50
000005C7
00000223
0000002E
000004B4
00000194
FFFFF705
FFFFF2D6
FFFFF8B3
000002F0
FFFFF725
00000E8C
000004B7
FFFFFA32
FFFFFA68
FFFFFAF5
FFFFFEA5
FFFFFAE3
0000055B
000002F0
00000084
FFFFF5CA
FFFFFB1D
FFFFF7BF
FFFFFF24
00000500
FFFFFEDF
00000B5D
00000A4A
0000082F
000002C2
FFFFF8A1
FFFFFE25
FFFFF8A5
000006A7
FFFFFFE9
00000274
FFFFFDD5
0000000C
00000219
0000034D
FFFFFAC9
000001B5
FFFFF4E4
000004DA
FFFFF954
FFFFF78D
FFFFF754
FFFFF8D8
0000094C
000004A6
FFFFF137
FFFFFA80
FFFFF4D5
FFFFFE81
FFFFF425
FFFFFBDA
000005E3
00000ADC
00000613
0000038E
FFFFF419
FFFFFA78
00000A50
FFFFFC2E
00000208
000005FC
FFFFFBA7
000005B4
FFFFFDB0
0000046F
000007A7
00000011
FFFFFAC1
FFFFF617
FFFFF620
FFFFFBDA
FFFFF4A4
FFFFF8A4
FFFFFA77
000003F7
FFFFF1DE
FFFFFF26
FFFFFEF0
FFFFF56E
000005B2
FFFFF878
FFFFFB68
FFFFF885
FFFFFF02
000002C1
FFFFFF6C
0000011D
0000000B
00000A55
FFFFFAEF
FFFFFB94
FFFFFEEF
00000519
FFFFFFFE
00000375
FFFFFFEE
FFFFF758
FFFFF810
FFFFF8EE
00000E8B
000007C5
00000286
000004F1
FFFFFC3A
FFFFFC80
FFFFFFB6
FFFFF887
FFFFF9C0
000000DB
FFFFF8C6
00000436
FFFFF938
FFFFFEFE
FFFFF6DF
FFFFFE31
0000025E
FFFFF8C9
FFFFF726
FFFFFC01
FFFFFAB7
00000B1D
0000012F
0000072B
000003FB
FFFFFB23
FFFFFF56
0000013E
FFFFFD0B
FFFFFE13
FFFFF421
000004A1
FFFFF83E
0000036C
FFFFF9E2
000000BF
FFFFFE5B
000006DA
FFFFF43B
FFFFFEC6
FFFFF689
FFFFF799
FFFFFA98
0000019A
000002E4
FFFFFF4C
FFFFF516
FFFFF487
FFFFFEF3
FFFFF977
FFFFF949
FFFFFDB2
FFFFFEED
000006CC
0000037A
FFFFF8BF
0000053D
0000023C
FFFFFC5F
0000078B
FFFFF6AB
FFFFF845
00000029
00000930
00000216
FFFFF472
00000508
00000689
00000126
00000224
FFFFF877
00000839
00000775
FFFFFEBF
00000175
FFFFF77C
FFFFF5EF
000004B6
FFFFFB88
FFFFF688
000008A6
000004F1
FFFFF282
FFFFFBB5
FFFFF7D2
00000593
FFFFFDF6
00000BB7
0000017A
FFFFFF24
000008B9
0000041F
FFFFFAE3
00000007
FFFFF4EA
00000519
FFFFFDCB
FFFFFE53
FFFFFBD9
000001C7
FFFFFF79
0000048B
FFFFF57A
FFFFF6E1
0000036A
FFFFFD8A
FFFFFD2F
FFFFFA4D
000003A9
FFFFF768
0000077B
FFFFF991
FFFFFC75
00000558
00000731
00000C96
0000004D
00000337
FFFFFC5C
000006DA
00000B6A
0000009C
FFFFFBF3
000005E0
000002D7
00000ED2
0000078C
FFFFF661
FFFFFD64
00000146
FFFFFC2C
FFFFF9B6
FFFFFBB6
00000623
000004A0
FFFFFC48
000001D2
FFFFFCF4
FFFFFA7E
FFFFF29F
0000028C
0000053F
FFFFF86A
000009B0
FFFFFE8C
FFFFFF74
FFFFF901
000003B5
00000C70
00000620
00000929
00000217
FFFFFF76
FFFFFC30
000005D4
FFFFFD43
FFFFFF54
FFFFFF64
FFFFF389
FFFFFBD5
000005E2
00000086
FFFFF877
000003D5
0000041E
FFFFFB9F
00000082
00000DC9
000014BD
00000474
00000767
FFFFFC0C
FFFFF7EC
00000731
00000042
000004D2
00000565
00000679
FFFFF7D2
00000705
000001CE
FFFFFDC6
FFFFFC39
000002EF
FFFFF60F
FFFFF8C1
FFFFF623
FFFFFCC4
FFFFF7DD
000002EF
00000835
00000000
00000095
0000055F
FFFFFD8B
000000F5
FFFFF463
FFFFF6D5
FFFFFB53
FFFFF4F9
FFFFFB50
00000342
FFFFFD99
00000B36
FFFFFB68
FFFFFFA8
00000558
FFFFFD61
FFFFFC44
00000408
FFFFFE29
FFFFFC40
000008BD
000005B4
0000040B
FFFFFB4D
FFFFFA06
FFFFF900
00000046
0000011A
00000BCE
000001E3
00000391
000002C9
0000018A
00000441
00000783
FFFFF88D
00000A66
FFFFFDB8
000002E3
FFFFFAD6
00000011
00000098
FFFFFA08
FFFFFEF2
0000017F
FFFFF881
FFFFF730
000000A8
FFFFFF2B
0000036B
FFFFF912
FFFFFD77
00000146
FFFFF8EF
0000059F
000003AA
0000065C
FFFFFA4E
0000019D
FFFFFA0D
FFFFF923
FFFFF3C5
FFFFF669
FFFFEDF8
FFFFFE52
FFFFFD6F
000001D0
FFFFF589
FFFFF6CC
FFFFFDC9
FFFFFADB
00000206
0000032F
FFFFFA3C
0000033B
00000799
0000042C
00000212
FFFFFA33
FFFFFB7C
FFFFF9ED
000002D4
FFFFF4A4
FFFFFB51
FFFFF4F1
FFFFFA6D
FFFFF8C5
0000019A
FFFFF3BF
FFFFFF60
000006ED
000002CC
FFFFFA73
FFFFFD91
FFFFFB12
FFFFFCC5
0000026B
00000578
0000063F
00000244
000008B4
0000038B
FFFFF8D7
FFFFFA58
00000559
FFFFF8EE
FFFFF913
FFFFF2ED
0000090C
00000C81
FFFFFDAA
000004FD
00000776
000003B6
FFFFFA32
00000F89
FFFFF971
FFFFF97C
FFFFF8C1
00000742
00000354
FFFFFF6C
FFFFF8EB
FFFFFDD0
000004F3
00000678
FFFFFB6D
FFFFFAC8
FFFFF5B6
00000539
FFFFF76E
FFFFFFD0
FFFFFFE3
FFFFFD65
FFFFF592
000001A9
FFFFFB9E
FFFFFC94
FFFFFDC4
000008A0
FFFFF945
FFFFF7A2
00000020
FFFFF453
000003DF
FFFFF91A
FFFFFFFF
FFFFF6E4
000002E0
FFFFFD69
FFFFF638
FFFFFB86
FFFFFF68
FFFFFE6C
000001A4
000009A1
000001C9
00000B0F
FFFFFBF3
FFFFFAF7
000000AB
000001B5
000003C7
00000BA4
FFFFFFD2
FFFFFA6A
00000473
00000283
00000AC9
FFFFFAA6
FFFFFE47
000002FA
000004FB
FFFFF7D0
000001E4
00000CF6
0000019A
FFFFF545
FFFFF568
FFFFFBF5
00000862
FFFFFA72
FFFFFC0C
0000047B
00000006
000001CB
0000026C
0000045E
0000002E
FFFFFC3A
FFFFFE3A
000007A4
00000B61
FFFFF7DC
FFFFFCE2
000000A1
000006A8
FFFFF8ED
FFFFFB32
00000338
0000071F
FFFFF9FC
000000E5
FFFFF9F1
00000172
FFFFFC1D
0000056E
0000052D
FFFFFD1B
FFFFF9AB
FFFFFE89
00000375
FFFFFC12
FFFFF95E
FFFFFC4A
FFFFFD11
FFFFF4B2
000007FC
FFFFF4FA
FFFFF78E
FFFFFD77
FFFFFAA7
FFFFF993
FFFFFF2F
FFFFF200
FFFFFDB7
000002E5
FFFFFDFA
000004C4
FFFFFD37
000005C4
FFFFFB18
FFFFFDAD
FFFFF63E
0000014C
FFFFF728
FFFFFC86
00000078
0000028B
FFFFFF69
0000003F
0000074D
00000129
FFFFFC2F
000002F6
FFFFFCDE
FFFFFE9B
FFFFFA34
FFFFFD83
0000021B
0000043D
FFFFFB44
FFFFFA7B
0000023E
FFFFF940
FFFFFF9F
FFFFFB8A
FFFFF80B
FFFFF838
FFFFFDAC
FFFFFD07
0000016E
FFFFFC2D
FFFFFC3E
FFFFFB8B
00000341
000002D2
FFFFF7B7
00000137
FFFFF5D7
FFFFFBF2
000002C1
FFFFF8E1
00000306
00000986
FFFFFF07
00000137
000000A4
FFFFFE28
00000621
FFFFFC84
000005E7
0000009C
FFFFFFB5
000005B7
FFFFFCF3
FFFFF8F1
00000264
000004FC
FFFFF998
FFFFFFCD
FFFFFA24
FFFFF4FD
FFFFFB2D
00000053
FFFFF874
FFFFF828
000000FC
FFFFF9CB
FFFFF86B
FFFFFD3E
FFFFFE96
000002D1
00000560
FFFFFC62
FFFFFF7D
FFFFF7A9
FFFFF90A
FFFFFD25
FFFFFBA2
FFFFFC59
FFFFF69F
FFFFF9B1
FFFFFC61
00000204
0000046D
FFFFFF64
FFFFF734
FFFFFCBC
FFFFFEA4
00000122
00000433
0000001B
FFFFFD18
FFFFFB05
FFFFF865
FFFFFFB0
000004EB
FFFFF9DE
FFFFF940
0000013C
FFFFFC7E
000003E7
FFFFF6DC
000005B2
000001A7
FFFFFA3D
FFFFF95C
FFFFFFF6
FFFFFC08
00000841
00000366
FFFFF8D6
00000563
FFFFF991
FFFFF6BD
FFFFFE02
FFFFEFE1
FFFFF023
FFFFFAA2
FFFFFC3D
0000060E
0000014F
00000661
00000203
00000225
FFFFFB2B
FFFFFEA2
0000054C
00000780
FFFFF4F0
FFFFF929
0000053B
00000264
FFFFFACC
0000008A
FFFFF699
0000005E
0000033C
000006D2
FFFFFC6A
FFFFFFFC
FFFFFA5A
FFFFFB8F
FFFFFF7C
FFFFFFB9
000001B4
00000088
FFFFFCAF
00000069
FFFFFC14
000001D1
000002EB
FFFFFCC0
00000171
FFFFFE01
00000765
000004DA
00000517
FFFFFA03
00000451
00000229
FFFFF8EE
FFFFFA3C
000006AE
FFFFFD98
0000003F
FFFFF906
FFFFFCCE
FFFFFCC7
000002F4
FFFFFE33
00000429
00000705
FFFFF923
FFFFFCDC
000006BF
0000016A
FFFFF9E8
0000030A
00000497
FFFFFD66
0000030E
00000027
FFFFF9F8
00000384
FFFFFB9E
FFFFFEA0
FFFFFF3F
FFFFFBB4
FFFFFA8D
FFFFF58F
0000041F
0000073D
FFFFFE78
FFFFF8DA
0000014D
FFFFFD18
FFFFFD9C
FFFFFC8E
FFFFF90C
FFFFFFF8
FFFFFF85
0000061D
FFFFFF48
000002A8
0000051E
0000035A
FFFFFA07
000000E8
FFFFFAD6
000001DD
FFFFFAFB
FFFFF8B6
FFFFF75E
0000022D
FFFFF7F2
00000050
FFFFFA72
FFFFFD2D
FFFFF8C9
FFFFFF4F
FFFFF8C8
FFFFF5A6
FFFFFF17
FFFFFB75
FFFFFAC7
FFFFFF6C
FFFFFD4D
000004E0
FFFFFE99
000006E4
00000B93
0000052F
0000051C
00000746
FFFFFE94
FFFFFA22
FFFFF812
FFFFF600
FFFFF260
FFFFF9FD
0000001D
FFFFF9DA
FFFFF9AE
FFFFFEE7
FFFFFA11
FFFFF7C5
0000051F
00000438
FFFFF62E
FFFFFC3E
FFFFF684
000001FA
000001B6
FFFFF9F1
00000501
000008A2
000001C6
000002C0
0000027F
FFFFFC9B
FFFFFEFD
00000244
FFFFFC53
000001AC
FFFFFFCB
000008EF
00000866
00000743
FFFFF81C
000000ED
000003B6
FFFFF925
FFFFFA7A
FFFFFF03
FFFFFD7F
0000015A
FFFFFDFD
FFFFF523
FFFFFAE2
FFFFF778
FFFFFBF8
FFFFFE02
FFFFFA83
FFFFF9CF
0000003F
FFFFF82F
FFFFF72C
FFFFF9CE
FFFFF85A
FFFFFA9D
FFFFF20A
000005AC
FFFFFFEA
FFFFFA95
00000715
00000840
FFFFF96B
FFFFF849
000001B7
000000F4
000002A2
FFFFF996
FFFFFCCD
FFFFFE1D
FFFFFC6D
FFFFFAA5
00000174
00000003
FFFFF919
FFFFFE40
FFFFFDAA
00000665
00000AA2
0000076F
FFFFFAE0
FFFFFD70
0000028D
0000002F
0000039C
FFFFFAD4
FFFFFCE9
00000348
FFFFFD81
000001BF
0000032C
FFFFFA81
FFFFFCB2
FFFFFC93
FFFFFC47
0000029A
FFFFFFFA
00000291
FFFFF273
FFFFF9C7
FFFFFF0A
FFFFFF4C
FFFFF6C9
000003F6
FFFFFEE3
0000007F
000003F6
FFFFF911
FFFFFA71
00000723
00000445
0000071B
FFFFF808
FFFFFB77
000005FC
FFFFFCA5
00000084
000004A0
000002A6
FFFFFD58
000008A2
FFFFF7D2
00000412
FFFFFFE8
00000317
FFFFFCF9
FFFFFF42
FFFFFAE6
FFFFF7ED
FFFFF8EC
FFFFFF1D
FFFFF564
00000119
FFFFFCDE
FFFFF9AC
FFFFFE60
FFFFFC6B
00000346
FFFFFC97
000000F3
FFFFFB4B
0000004B
FFFFFF11
000000D7
FFFFFAF1
00000440
FFFFFF52
FFFFF82D
00000521
FFFFFDBC
FFFFF713
0000014E
0000045C
FFFFFC44
FFFFFCC0
0000042D
FFFFFAEF
0000038D
00000822
00000423
00000688
00000048
00000336
000003C5
FFFFF9C9
FFFFF7FB
FFFFFC6A
FFFFFC2D
FFFFF887
FFFFFF38
0000021A
FFFFFB98
000004ED
00000A1B
FFFFFAA3
0000007C
000001FA
FFFFF66E
00000424
FFFFFD73
FFFFF71F
FFFFF876
FFFFFBA0
000006A5
00000308
FFFFF88F
FFFFF817
FFFFFF34
000000E6
00000149
000000D4
0000040B
FFFFFE10
FFFFFD09
FFFFFCF0
00000004
0000076E
000001E9
FFFFFF9A
000007C4
00000085
FFFFF42A
FFFFFD82
0000008F
FFFFFF96
FFFFFB8A
FFFFFDAD
00000106
FFFFFCAC
FFFFF9CC
0000028C
FFFFF72E
0000008E
FFFFF860
FFFFFD36
000001FE
FFFFFF82
FFFFF841
FFFFF6B7
FFFFFB76
FFFFFED9
FFFFF7D8
FFFFFBE2
FFFFF734
FFFFFD12
FFFFF64B
FFFFFC77
FFFFF612
00000209
FFFFFC0E
FFFFFF7C
FFFFFA69
FFFFF669
FFFFF96E
FFFFFB15
FFFFF6FE
FFFFFAF8
FFFFFF48
FFFFFC35
FFFFF46D
FFFFF30D
FFFFFB18
FFFFF6A2
FFFFF90F
FFFFFCFB
FFFFF874
FFFFFED8
FFFFFCC2
FFFFFBC3
FFFFF8D3
000001F0
00000214
FFFFFF4E
000000C1
00000669
FFFFFEE8
FFFFFB51
FFFFFBE0
0000089D
FFFFFB03
FFFFFC61
000000D8
FFFFFB2A
FFFFFD35
00000670
FFFFFA31
000003E3
FFFFF80C
FFFFFD83
FFFFF8C6
FFFFF389
FFFFF707
FFFFF0B1
FFFFEFCC
FFFFF62E
0000001C
FFFFF5CB
FFFFF4CD
FFFFFAF3
FFFFF79C
FFFFF63E
00000461
FFFFFEF6
FFFFFC0B
0000072F
000005EA
0000045F
000002AC
FFFFF9CA
00000A13
000001B5
FFFFFE46
0000072A
00000324
000002F9
FFFFFB03
000000D4
00000933
FFFFFED1
FFFFFADF
0000017E
000003EC
FFFFFF91
FFFFFE19
000006E3
000004CF
FFFFFB9C
000006B8
FFFFF8AC
00000083
FFFFFAB2
00000054
FFFFFDA2
00000910
FFFFFE25
00000EA5
00000204
FFFFFB88
00000367
FFFFFA40
FFFFF932
FFFFF875
00000800
FFFFFBCB
000002B7
00000225
000009EB
000001B2
FFFFFC3B
FFFFF81C
00000389
FFFFF52A
FFFFFF5F
FFFFFCC7
00000416
00000251
FFFFF93C
000002E7
FFFFFB45
FFFFF7A7
000003D2
00000939
00000A2A
000006D9
0000092E
FFFFFBE2
0000062A
00000501
00000457
00000229
FFFFFBB2
FFFFFC4E
000004A5
FFFFFDE1
FFFFFF43
FFFFF989
00000613
FFFFFECD
FFFFFD8C
00000684
FFFFFF70
00000787
FFFFFC52
0000005A
0000092B
FFFFFBF3
000003F8
000006D3
00000367
00000266
000000A5
000004BB
00000576
FFFFFD1E
000003A0
FFFFF8CE
FFFFFF33
00000524
FFFFF921
00000113
000008D3
00000BB9
0000082F
FFFFFA63
FFFFFAA5
FFFFFF0F
FFFFFAF1
00000492
FFFFF924
FFFFFFAD
0000057E
00000AF7
00000960
000004EF
00000941
000003FD
000006B1
00000965
FFFFFA7F
0000068D
00000045
00000458
FFFFFB81
000006E0
FFFFFB26
0000014A
FFFFFD5E
000001D1
FFFFFFEA
FFFFFA97
00000256
FFFFFE79
00000077
000006E7
00000140
FFFFFDBE
000005DE
00000564
FFFFFC71
000004AD
0000040D
00000511
FFFFFC10
FFFFF9FF
FFFFFDC8
FFFFFD21
00000594
00000239
000003AB
0000011E
FFFFFB34
FFFFFC1C
FFFFFBC9
FFFFFD00
000007B4
FFFFFF0E
00000532
FFFFFFA0
0000083A
000007F6
00000612
00000A7F
000004FD
FFFFFB00
FFFFFBCD
FFFFFBB9
FFFFFE66
0000099D
0000018F
00000605
FFFFFBEA
0000002B
FFFFFC84
FFFFFBF0
000008FE
FFFFF7BD
000008F7
000003F3
00000075
0000015F
00000250
FFFFF6C0
000001CB
FFFFFE3E
FFFFF997
0000080D
FFFFFECA
0000014B
00000575
FFFFFDB2
0000097B
00000CCD
0000095F
0000018D
000001A2
000004A3
00000900
FFFFFFBA
0000078A
00000679
000005A4
000005C7
FFFFFEFF
FFFFFE05
FFFFFF95
FFFFFFB0
FFFFFED8
00000862
FFFFF8CA
00000070
FFFFFF7A
FFFFFC63
000005C6
0000071D
00000405
0000007B
0000015B
00000ABA
000008A0
000004F6
00000907
FFFFFCEE
FFFFFBCC
0000068B
00000A3D
00000426
00000641
00000740
00000636
00000474
00000523
00000375
0000066F
FFFFFAA2
000001C0
FFFFFAD7
FFFFFABD
FFFFF94A
000006B4
00000457
0000031F
FFFFFA21
0000018B
00000776
00000643
0000022C
FFFFFA44
FFFFFEDB
00000282
00000C3B
FFFFFD6B
00000525
000002BD
00000511
0000076B
FFFFFC07
000005CF
FFFFFD96
00000151
000009CB
FFFFFD42
FFFFFC04
0000027C
000004CF
00000369
0000031E
00000136
FFFFFCEE
FFFFFBAD
00000835
FFFFFEDF
00000625
0000003E
000005D5
000009B3
000003BF
000008F8
FFFFFD8D
000005C6
000005C7
00000196
FFFFF717
FFFFFF00
000004C5
00000434
FFFFFE58
FFFFFDBC
0000015F
0000064F
FFFFF836
FFFFFA98
FFFFF8A7
FFFFF78E
000000EE
FFFFFC1F
00000C76
FFFFFB23
FFFFFEA2
000002AC
00000A1B
FFFFFE5A
FFFFFE81
0000002A
00000AE4
00000C3E
0000096C
000000EE
00000ADB
00000334
FFFFF934
00000875
000008CE
FFFFFFC6
FFFFFFCA
FFFFFAF2
0000071B
FFFFF5EB
FFFFF30A
00000028
0000022A
0000034D
000000D1
FFFFF84E
0000021E
FFFFFB10
000000B9
FFFFFCC9
FFFFFFBE
FFFFF6C8
FFFFFA9C
00000829
FFFFFFBA
00000077
000006ED
000006D7
FFFFFDF9
000001AD
000004D9
000001A8
000010DA
000006A9
00000D0A
00000FA0
FFFFFCCD
FFFFF9ED
00000067
000009F8
0000056F
0000092D
000007D2
00000D8C
000007A7
0000003B
0000051D
000002FB
FFFFF8AB
00000AD9
FFFFFA8D
FFFFFB5E
0000011B
FFFFFC1D
0000051D
FFFFF201
000002BC
FFFFFEEE
00000400
00000460
FFFFFB5A
FFFFFF9D
FFFFF7A3
00000079
FFFFFE03
FFFFFEA1
FFFFFA90
000003BE
FFFFFC73
FFFFFD25
000000A6
00000024
0000046F
FFFFFC15
000006BE
FFFFF62D
0000035A
FFFFF9BC
0000085B
FFFFFA4E
00000426
FFFFFFDF
000009FE
000005E8
0000087B
000003A9
00000AC1
0000090B
FFFFFA2B
000001E0
FFFFFEBB
FFFFFD6D
000002CE
0000028D
0000087C
00000DC7
000008CF
00000C24
FFFFFD00
00000593
00000A0C
FFFFFCDB
00000C42
00000772
FFFFFE05
000009E5
000008F2
FFFFFDEA
FFFFFA22
FFFFFF50
00000905
FFFFF7CD
00000ABD
FFFFF7D9
FFFFFDC7
00000464
0000081F
FFFFFE89
FFFFF7C8
000003E0
00000380
FFFFFD40
FFFFFC5A
000002D4
FFFFF903
FFFFFFFC
00000633
FFFFFC8D
FFFFF74C
FFFFFC13
00000531
FFFFFAB8
00000985
FFFFF8B7
00000482
FFFFF872
FFFFFAE1
FFFFFDB0
FFFFFA03
00000B0C
FFFFF9E7
FFFFFD19
FFFFF8E0
FFFFF6B2
FFFFFD80
FFFFFE90
FFFFFF02
FFFFFE71
00000691
FFFFFED7
000009FD
00000144
00000D78
000006B3
00000901
FFFFFF65
FFFFFD8F
FFFFFB6B
FFFFFFC6
000000E5
00000BB1
00000B5E
000003B0
FFFFFEE8
FFFFFE84
FFFFFE25
FFFFFE95
00000BE0
00000BF0
FFFFFFB8
000006BE
00000032
FFFFF633
0000005E
FFFFF46C
FFFFFE47
FFFFF61C
FFFFFE33
FFFFFB77
FFFFF9D9
FFFFFF7A
0000094D
00000445
00000944
FFFFFF73
FFFFFA6D
0000045C
00000BF8
00000BD3
FFFFF3C1
0000060B
000003B7
FFFFF7C7
000002E9
FFFFF9F7
000009A0
000001D1
00000466
FFFFF78B
000000AA
FFFFFC34
00000340
FFFFFB86
FFFFF524
000001E2
FFFFF7AA
FFFFFBAC
FFFFFA40
FFFFFF8F
00000497
000001EB
0000086E
FFFFFBF2
000006B2
00000354
FFFFF9FB
0000096E
FFFFFE6C
0000022D
00000B61
0000066C
00000547
0000067F
000007DB
00000877
FFFFFBBA
000000DA
000003A2
FFFFFA65
000005B7
FFFFFCF6
000001F9
FFFFFC9D
000000E5
FFFFFFCD
FFFFFD45
FFFFF9EE
FFFFF98C
FFFFFC39
FFFFFCBB
00000659
000006B5
000002A7
000002A6
000001EF
0000084E
0000052D
FFFFFB3D
00000693
FFFFFB31
00000239
000008A0
FFFFFFA7
000002B7
FFFFFCAF
FFFFFEFD
0000047F
FFFFFDB8
FFFFF97A
00000B83
0000097D
0000056A
FFFFFF43
0000017F
00000126
00000394
00000460
0000038A
000007DC
00000D3C
000001ED
00000A6F
000001DA
0000064E
00000117
000001D5
000002CB
00000B6B
000007CA
FFFFFA3C
FFFFFF0D
FFFFFE80
00000084
FFFFFE5A
00000512
00000541
FFFFFCC7
00000286
00000AB0
FFFFFE6A
000004F2
FFFFFD2F
FFFFFDA2
FFFFF7CF
00000289
FFFFFBBE
FFFFFAF0
FFFFFE58
00000967
00000152
0000006E
FFFFFDCC
FFFFF9D6
000009A6
00000141
00000C35
000000FD
FFFFF844
FFFFF3C9
FFFFFACC
FFFFFF78
00000FCF
000004EE
0000031F
FFFFFE42
000001BE
FFFFFEF0
FFFFFFCD
FFFFFDE2
00000BAE
00000021
000004D3
0000040F
FFFFFBFA
FFFFF96F
FFFFEF20
00000052
FFFFFE34
00000061
FFFFFE7E
FFFFF814
FFFFFA80
00000948
FFFFFB56
FFFFF178
000000B2
FFFFFED1
FFFFFFEA
FFFFF0A8
FFFFF4DF
FFFFFE4F
FFFFFC29
FFFFFC75
00000187
00000490
0000060B
00000245
FFFFFE26
FFFFFB9B
000004FA
FFFFFA26
FFFFF554
000000AE
0000010C
0000032A
FFFFFA97
FFFFFDEF
00000109
0000028C
FFFFF951
000003D8
00000613
FFFFFA3A
000000F4
FFFFFCCA
00000C27
FFFFFAFC
FFFFFB69
FFFFFCD0
FFFFF417
00000C69
FFFFFA05
FFFFF8AC
FFFFF097
000000D5
FFFFFA4C
00000AEE
FFFFF98D
FFFFFCD4
FFFFFC18
00000500
FFFFFE50
FFFFF5BC
FFFFFB80
00000761
0000091C
FFFFFA17
FFFFEEC0
000001CD
FFFFF97E
FFFFF094
000001F8
000009E0
00000276
00000434
000000F0
0000000F
0000080C
0000072D
00000319
FFFFFC19
00000429
FFFFFBCC
000001B7
0000003E
FFFFF6ED
000006BB
00000066
FFFFF69A
FFFFFE00
000003E0
FFFFFF8B
00000268
000003A9
FFFFF682
00000096
FFFFF97E
FFFFFFCA
00000AB6
000002C6
FFFFF9DA
000008A7
FFFFFEBC
00000472
00000B1A
00000C4E
FFFFFCA6
FFFFF8D8
FFFFFEA9
00000CC7
FFFFFFA0
FFFFFB95
0000015D
FFFFF887
00000537
FFFFFBB4
FFFFF744
000004F8
FFFFF77D
FFFFFBCA
000002C0
FFFFFC7F
0000043A
FFFFFF2C
000001D1
000004AE
000004CF
FFFFFA9B
00000133
FFFFF991
00000162
00000320
FFFFF75D
00000A4C
FFFFFAEE
00000B37
00000042
FFFFF9B1
FFFFFE13
0000010C
00000482
FFFFFF02
000007C4
00000302
00000E03
000005E1
00000665
00000409
00000010
FFFFF93F
000000A3
0000016F
FFFFFB1C
FFFFFB2B
000007C3
FFFFFF2C
FFFFFE0D
FFFFF507
FFFFFB49
00000397
00000387
0000046A
FFFFF3C2
FFFFFB0E
00000546
FFFFFF3D
00000045
00000B0D
FFFFF934
FFFFFBAF
0000052E
000009D8
000003C6
000005E4
000003B1
FFFFFD32
00000816
00000225
FFFFFD31
0000080D
0000047E
FFFFFC57
FFFFFBBD
00000412
FFFFF89C
FFFFFF69
00000749
00000B9C
00000156
00000652
FFFFFE1F
00000BE9
000000FF
00000022
FFFFF8A0
00000845
0000109A
000012A2
00000084
FFFFFCBC
00000B93
00000825
00000174
00000427
0000026C
00000138
FFFFF89D
00000866
FFFFFF87
FFFFFB6F
FFFFF5F4
00000431
FFFFFFDD
00000251
FFFFFFE9
00000704
FFFFFE1D
0000067D
FFFFFE6C
000001A8
FFFFF562
00000405
00000F10
FFFFFEF3
FFFFFEA2
FFFFF9AF
FFFFF8A1
0000053D
000008D3
FFFFFF20
FFFFFE8C
000009B9
000006EC
FFFFF514
FFFFF2C3
FFFFF438
FFFFFDE2
00000490
000006C4
00000C44
FFFFF6B6
00000453
00000516
FFFFFC68
0000059B
FFFFFD76
000003CD
FFFFF924
FFFFFE5E
FFFFFBFF
FFFFFA0A
00000C50
FFFFF4BA
00000393
00000314
000004DF
FFFFFB31
000001EF
FFFFF82E
FFFFFE1A
000006B5
000001EB
00000841
00000498
000000A3
FFFFF588
FFFFFD60
00000856
0000099A
000003B9
FFFFF9AC
FFFFFD6E
FFFFFC5A
FFFFFA92
00000261
FFFFF947
FFFFF36B
000005D2
000003F5
FFFFFC85
00000354
00000E5B
00000015
0000091E
0000009E
FFFFFDF4
FFFFFA46
00000712
00000A97
00000420
00001754
000006F3
FFFFFC0D
00001080
FFFFFF6A
0000062A
FFFFF33E
0000043A
FFFFF8E5
FFFFFFC4
00000730
000006DB
FFFFF5AF
000008BB
FFFFF915
00000352
FFFFF9A7
FFFFFCB4
00000FA5
FFFFFC83
000000C9
00000351
000008E3
FFFFF8ED
FFFFF776
FFFFFF04
00000757
FFFFFE21
0000046A
FFFFF8C1
FFFFFC2C
0000071A
FFFFFD03
FFFFFD41
000005AD
0000009F
FFFFFF0E
0000098B
FFFFF9FC
FFFFED79
00000471
000000F6
0000158D
FFFFFB1B
00000431
FFFFFDF4
000009EE
FFFFFFFF
FFFFFDB0
FFFFFDEE
000001B7
FFFFFDB2
00000182
000005A6
00000618
0000014D
FFFFF6CF
000006CC
FFFFFE76
000000A2
FFFFFF47
FFFFFC07
FFFFF5C6
0000025A
FFFFFC48
00000277
FFFFFC4E
00000524
FFFFFAD2
000001AE
000003EF
00000337
0000072B
0000045A
FFFFF80F
FFFFF8B6
FFFFFEA4
FFFFF724
00000795
FFFFFE94
000009E6
FFFFF736
FFFFFC9A
00000ED2
0000046E
0000051C
FFFFF9FB
00000E09
000007BA
0000058A
00000458
00000A32
00000814
000002A3
FFFFFE87
00000D79
00000A6E
FFFFFACD
000002BF
FFFFFE08
000007CB
000001F9
000007BB
00000641
FFFFFC57
00000087
00000CAA
FFFFFF85
00000202
0000022E
FFFFF686
00000484
00000862
FFFFF162
FFFFFD56
00000022
000005A6
FFFFFB58
00000C78
00000079
FFFFFF94
000000FD
000004F9
FFFFFAF4
000006C0
0000030E
00000581
0000062C
0000078F
FFFFFAB8
FFFFF05D
0000055F
000003BC
00000AB7
FFFFFC2F
FFFFF16A
00000ABE
FFFFF5EE
FFFFF573
00000521
0000015E
00000759
00000340
FFFFFC1F
FFFFF3F2
00000317
FFFFF681
0000057C
FFFFFAB2
0000025C
FFFFFBB0
FFFFFF34
FFFFF29D
FFFFFC4F
00000441
FFFFF188
00000B92
000005E4
FFFFF5EB
FFFFF7EB
0000055D
FFFFFA25
FFFFFC1D
FFFFFC6F
0000060C
00000D14
FFFFFA3F
0000006B
FFFFF273
FFFFF9F9
00000AB0
00000B0B
FFFFFC5D
FFFFFDE5
FFFFFC6C
FFFFF884
FFFFFE4C
000005A0
FFFFFB99
0000031B
00000B90
00000AA0
FFFFF4CA
FFFFF827
00000235
FFFFFC76
FFFFF72D
FFFFFB56
FFFFFE1D
FFFFFFC6
FFFFFB6E
FFFFF80C
FFFFFC5C
FFFFFAEE
000004D8
FFFFFA64
00000BEA
FFFFFAC0
FFFFF472
00000562
00000204
FFFFFD34
00000383
FFFFFBB5
FFFFFC34
000002F4
FFFFF627
FFFFFDB2
FFFFFD72
FFFFFA22
00000731
FFFFFC44
0000002C
00000575
0000084D
0000030C
000006C0
00000382
FFFFFA09
FFFFFD8E
FFFFF0D9
FFFFF84E
000004C2
FFFFF7DE
0000046B
FFFFFD97
00000990
FFFFFF50
00001209
00000B6E
FFFFFFF9
FFFFFC88
FFFFF8CC
FFFFF94B
00000873
00000926
FFFFFE78
00000E14
FFFFF5CB
FFFFFC9B
000005D4
FFFFF7F2
00000B6A
00000A75
00000639
FFFFFC88
0000045C
FFFFFDC2
FFFFFDE6
00000562
00000206
00000745
00000022
000000F7
00000EB8
FFFFFB7D
000009A3
0000014D
00000322
FFFFFDB3
FFFFFB1D
00000362
00000596
FFFFFB9B
00000376
FFFFFEEE
FFFFF813
FFFFFDC3
00000AEF
FFFFFC67
000009CA
000002A6
FFFFFBA8
00000AED
FFFFFC49
0000099D
00000F2A
FFFFFE9F
FFFFFF86
FFFFFF5C
0000055C
FFFFFC6D
FFFFFA95
FFFFF997
FFFFF8F2
000000C8
FFFFFFC5
FFFFF41B
000005CC
00000571
FFFFFA51
0000015B
FFFFFB35
000005B3
00000C77
0000002B
00000C89
00000352
00000575
FFFFFD45
0000016F
000003A2
FFFFFCE0
0000073A
00000361
000006F9
FFFFFAE2
000002B3
FFFFF81A
FFFFF389
00000129
FFFFFBE1
00000781
00000113
FFFFF8F1
00000651
FFFFF7A0
00000A93
000001A8
0000051E
0000092F
00000A6F
000000DE
00000863
000001C9
00000884
000002EA
000005D1
00000442
00000579
FFFFFBAD
FFFFFA7E
FFFFFF95
00000B72
00000713
FFFFF7CC
000000C3
FFFFFF60
000001FF
00000566
000000FE
FFFFFF41
00000047
000002C5
FFFFFB5F
FFFFFB6C
000000A6
00000965
000001E2
000004E0
000005C4
00000A44
00000214
FFFFF66F
00000459
FFFFFC3C
0000016D
00000AC3
FFFFFB75
FFFFF78A
FFFFFF29
0000043B
00000232
FFFFF7D9
00000316
0000089E
FFFFFD36
FFFFFACC
00000DC3
FFFFFB0F
0000020A
FFFFFE74
00000062
FFFFF846
00000A0C
00000890
0000035E
000006F2
FFFFFEFC
000001C7
000005F5
FFFFF91A
FFFFFF22
000002A6
FFFFFB43
00000762
00000247
FFFFF3CC
FFFFFC24
000004F9
FFFFF821
00000155
FFFFFE2F
000008CF
0000043B
000007E2
00000064
0000070D
0000062D
000004A2
FFFFFFE0
000007D8
00000AA4
000008C8
0000034E
00001205
0000102A
00000255
FFFFF989
FFFFFBA3
FFFFFD62
00000031
FFFFF9C2
FFFFF9A9
00000283
00000386
FFFFF586
0000050A
FFFFF9EA
00000584
00000B42
00000170
FFFFFF28
0000020A
00000502
00000347
FFFFFB15
00000223
FFFFFC04
00000943
000006B6
FFFFF864
FFFFFB45
00000500
000008D7
00000698
0000022B
FFFFFD4F
00000574
FFFFFAB0
0000063B
000000FD
FFFFFB66
FFFFFDBA
00000919
FFFFFE75
00000417
0000040B
000000A1
FFFFFAD0
0000053D
0000020F
00000884
FFFFFFAA
FFFFFD5E
000006E2
FFFFFE93
0000089C
00000056
FFFFFEAC
000002BD
000004C5
FFFFFEC5
FFFFFD3E
00000C22
000004FE
FFFFFD3E
00000B52
FFFFF8FF
0000070E
FFFFFC50
FFFFF4E5
FFFFFBFA
FFFFFF79
000008E7
0000055D
FFFFFFD2
0000039F
00000B71
FFFFFE2C
FFFFF705
FFFFF7A9
0000022B
00000935
00000608
000000D9
FFFFF775
000005DC
FFFFFCE6
FFFFFF64
00000175
0000035C
FFFFFC85
FFFFFC09
000008D4
FFFFFE21
0000045E
FFFFFE0C
00000239
FFFFF8FB
00000BD2
00000202
FFFFFD91
0000002D
FFFFFE02
FFFFFB9A
FFFFF7A1
FFFFF84B
FFFFFA99
0000036E
00000329
00000909
FFFFF774
FFFFFD4D
00000685
00000649
FFFFFAF8
00000370
FFFFFBBC
00000539
00000170
FFFFFE4F
00000269
00000333
FFFFF8E3
FFFFF8EC
FFFFFB15
FFFFFE3A
000001D2
0000055F
00000532
FFFFFE5E
000008D0
000007C7
FFFFFEF1
00000912
FFFFF836
000004D2
FFFFFCA0
FFFFFDCE
000000AB
FFFFFE9B
0000029E
000001EB
FFFFFCB9
00000D94
FFFFFC7C
FFFFFF0B
FFFFFD7B
FFFFF5A8
FFFFFEAA
FFFFFE68
0000010A
0000045C
000007E6
000002C9
00000409
0000055D
FFFFFED4
FFFFFFCF
FFFFFAAF
FFFFF77D
00000081
FFFFFBA5
FFFFFEF3
000000A9
00000BFD
FFFFFB39
0000077B
000000BF
FFFFFCB9
FFFFF747
0000013D
00000A16
000008A2
000001E6
000000CA
FFFFF909
FFFFF43C
00000367
FFFFFCF5
0000043A
0000070A
00000315
FFFFFB3E
00000CCE
00000C9E
FFFFFFA0
000004AE
FFFFF657
00000407
0000020E
FFFFFC7D
0000019D
00000073
00000630
FFFFFE03
FFFFFE2F
FFFFF45C
000002B8
00000069
FFFFFA7C
000001A2
00000B6A
00000579
FFFFFE4F
FFFFFDCD
FFFFF5BD
FFFFF9E0
00000863
00000100
000001C8
FFFFFCB8
000002BB
FFFFFFF5
FFFFF635
00000321
FFFFF32D
00000AA9
000001E9
FFFFFA54
000009D5
FFFFF7D0
FFFFFEC4
FFFFFA09
00000179
000005B7
00000617
0000032A
FFFFFFC3
00000A36
000009CA
000003C5
000003AC
FFFFFD35
00000A49
00000ED5
000003F9
000005A7
FFFFFDCC
FFFFFA74
00000141
00000A61
00000149
FFFFFEB6
00000996
00000BFD
0000062E
FFFFFF57
000005A9
00000654
FFFFF7FA
00000024
00000AE3
FFFFFE15
FFFFFBC4
000006A8
00000644
FFFFFADE
FFFFFF58
FFFFFDBE
FFFFF721
FFFFFF71
000001E6
00000725
FFFFFD79
FFFFF98C
FFFFFB8F
FFFFFF58
00000025
000006E6
000004D6
00000671
FFFFFD7D
000006E2
00000B94
00000DDC
FFFFF3F1
00000197
FFFFF753
000001F7
00000573
00000491
000008C1
FFFFFF8D
FFFFFDF8
FFFFFD3B
FFFFF938
FFFFFB48
00000659
0000019B
FFFFF9FB
00000218
000008E3
00000607
FFFFFF78
FFFFFC5D
00000000
0000076B
0000066C
FFFFFD34
FFFFFBE3
00000628
0000059D
FFFFF902
00000027
FFFFFA51
FFFFF6C9
FFFFFD64
FFFFFAF2
FFFFFF89
000007DF
FFFFFD52
FFFFFE4E
FFFFFBAA
00000143
FFFFFBBB
00000900
00000624
00000782
00000864
00000B62
FFFFFC3B
FFFFFC57
FFFFF892
00000AFF
000007F2
00000306
00000A3D
00000730
FFFFFB5C
00000057
FFFFF8D2
FFFFF519
FFFFFAC5
FFFFFD0E
0000032A
FFFFF832
000007A8
000004E5
FFFFFC21
FFFFFBB5
FFFFF704
FFFFF66D
00000B34
000000A9
FFFFF2F2
FFFFFF43
FFFFFD64
FFFFFC44
FFFFFCB8
0000025A
FFFFF942
000002E4
FFFFFE81
FFFFF61F
000000D9
00000294
FFFFFAF8
FFFFFD12
00000825
00000140
000006C9
FFFFFDF9
FFFFFE0D
FFFFF8A9
00000231
FFFFF9C9
FFFFF801
FFFFF8F6
FFFFFC83
00000447
FFFFFBD4
000007F2
0000094B
000003EB
0000004E
FFFFFCA1
0000004E
00000643
00000320
FFFFF661
00000980
000003B7
00000984
0000078D
00000008
FFFFFC63
000006B7
00000738
00000822
000007F5
000002CF
FFFFFD9A
000006EE
FFFFFF3C
00000564
FFFFF6DC
000001E3
00000083
00000303
00000002
000000B9
FFFFFF52
FFFFF4DE
FFFFFC02
FFFFF85D
00000871
000009DA
00000318
FFFFF556
000003BC
0000061E
00000690
FFFFF844
00000510
FFFFFBEB
000005CF
00000592
FFFFFF77
00000612
000005EA
FFFFF85D
FFFFFEA1
0000004D
FFFFFE40
0000013A
00000A9A
FFFFF848
FFFFF861
FFFFF7BF
FFFFF818
FFFFF9F8
FFFFFE4B
FFFFFC47
FFFFF8DA
FFFFFA55
FFFFFF3B
000002F2
00000126
00000612
FFFFFB92
FFFFF704
00000842
00000870
000001DF
00000687
00000A52
FFFFF600
000008C4
00000A95
FFFFFB61
0000001B
FFFFF78E
00000015
00000685
00000116
000004A7
00001194
000002F9
00000869
FFFFFDB2
000005C1
00000330
00000928
00000B10
FFFFF97B
00000548
00000494
FFFFF4B0
FFFFFBF8
FFFFF0F4
00000482
00000365
FFFFF847
000006C9
FFFFFF8B
00000969
FFFFFA4F
00000F44
00000BE2
00000769
FFFFFA1C
FFFFFDC4
0000003D
000003D2
FFFFFD10
FFFFF54B
000004A6
FFFFF9ED
FFFFFC74
0000045F
FFFFF4AB
00000323
000004A5
FFFFFE7E
FFFFFC43
0000035E
000003A4
00000BF0
FFFFFDFF
000004CB
0000021D
00000467
FFFFF70C
000002AD
FFFFFDBE
FFFFFAAE
FFFFF889
FFFFF664
FFFFF9EA
00000676
0000078B
00000910
000009C4
000009ED
FFFFFC18
FFFFF7E1
FFFFFDEE
FFFFF660
000005FE
FFFFFD85
000006E5
FFFFFEA6
00000006
000001EF
000002F7
FFFFF9CC
FFFFF9A0
FFFFF8E0
00000BA4
00000075
00000963
FFFFFCE2
FFFFFEA6
00000557
FFFFFDB8
FFFFFBC4
000003DD
000008DF
00000755
FFFFFEF6
FFFFF9C9
00000411
0000016B
FFFFF9FD
FFFFF80C
00000C5A
00000597
00000AA8
FFFFFEDA
FFFFF6E6
000006C4
FFFFFDD5
FFFFFD5A
FFFFFCF0
FFFFF5C8
00000146
0000089B
000005A7
000008E3
FFFFF6E1
FFFFF9D6
FFFFFBDA
00000249
FFFFF98C
0000053F
000001B2
0000090D
00000A5D
0000074A
FFFFFFE6
FFFFFC74
000002E4
FFFFF9EA
FFFFF929
FFFFFC01
FFFFFCE2
0000060D
FFFFFD08
0000009E
00000652
FFFFFAA3
FFFFFD50
0000076C
0000018F
00000650
00000284
000002FC
000004B1
FFFFF97C
0000026A
000001C5
000001B7
0000081A
FFFFFC09
FFFFF965
00000447
000000A8
000004FA
00000197
FFFFF815
FFFFF7A6
FFFFFA48
00000530
000006DF
000006BE
000004F9
00000C81
0000070F
FFFFFB2F
FFFFFC91
FFFFF718
FFFFF921
000001B4
00000214
00000210
00000127
FFFFF785
000003B7
00000360
000005C2
FFFFFC84
FFFFF61F
FFFFFF51
00000299
FFFFFB12
FFFFF726
0000064D
00000875
000004B9
0000064E
FFFFF919
00000007
000003DE
000005D5
0000068E
00000036
FFFFFF20
000002F4
00000070
00000579
FFFFFC60
000001F2
FFFFFCCB
FFFFF65B
FFFFFE8A
FFFFF9C3
FFFFF9BE
000003D0
00000368
FFFFFC4A
FFFFF6EA
FFFFF7FD
FFFFF98B
00000831
000001B2
000000BA
FFFFFA6A
FFFFFECB
00000B9C
FFFFFFBA
0000001A
00000699
00000773
0000065B
00000179
FFFFFBC7
FFFFFDE8
FFFFFE57
FFFFFC35
FFFFF95A
0000032D
00000D30
0000029C
0000070F
00000A59
FFFFFCA0
FFFFF8A5
00000667
FFFFFCCC
FFFFFBA4
00000426
FFFFF7B7
FFFFFD2E
FFFFF715
FFFFF3A6
0000072D
FFFFFAD7
FFFFFFED
FFFFFFAE
FFFFFC3C
FFFFF60F
00000392
FFFFFE6B
000003D9
FFFFFF28
FFFFF04D
FFFFFB3C
FFFFF2CE
000007AB
000002FD
FFFFF96B
FFFFFA9D
FFFFF709
FFFFF722
FFFFF83B
FFFFFE0E
000004F8
000003FC
FFFFFF23
00000A7F
00000948
000002EB
000004A0
0000013C
FFFFFA03
00000B5B
FFFFFAD8
000008AB
FFFFFCB4
000001EC
FFFFF465
FFFFF877
FFFFFEB0
FFFFFAF3
FFFFF822
FFFFFC03
00000600
0000007B
000003AE
00000337
00000431
FFFFF735
FFFFFF8A
0000029A
0000041C
FFFFFC58
000001DB
0000086A
00000A25
FFFFFA5B
000002B3
FFFFFB1D
000006F2
000007B6
00000CF5
00000159
0000048E
000008F5
0000070F
00000196
000007B0
00000527
FFFFF89B
00000333
00000AC2
FFFFFEC9
00000AB2
00000103
000000C3
000001F4
FFFFFF95
FFFFFF1A
00000A11
000006F8
00000232
000004A7
FFFFF5CE
000006C1
FFFFFC44
FFFFFC93
FFFFFF90
000005BE
00001011
000000A6
000006BC
0000075E
000005C9
000003DF
0000028D
00000820
FFFFFBBA
0000084D
000000EF
000006D4
000000EB
FFFFFC0A
FFFFFAC4
FFFFFBC2
000000CC
00000781
0000124E
000003B4
00000963
00000C05
00000486
000005FE
00000713
FFFFFA89
000000FB
00000414
00000386
000005DB
FFFFFEB2
00000460
0000005F
FFFFFD75
000003BF
00000787
00000A2A
0000033A
FFFFF767
FFFFFCCE
000003EB
00000127
FFFFFCC9
FFFFFBF6
FFFFFEFD
FFFFF5B2
FFFFF793
FFFFFC1A
000003EB
00000862
00000580
FFFFFBEE
FFFFFE89
00000A5F
FFFFFCCC
FFFFFBD6
FFFFF855
FFFFF921
00000339
000008D7
FFFFFB1E
FFFFFD68
00000BEE
00000AB6
FFFFFE9F
00000A20
00000626
FFFFFAC8
FFFFF81C
FFFFFE0E
00000947
00000B07
FFFFFCBD
FFFFFDCF
FFFFFC53
FFFFFC8A
000007EB
0000022A
00000484
FFFFFEBA
00000972
00000580
00000206
000000DD
FFFFFCFF
FFFFFBF7
0000000C
00000548
FFFFF89E
00000022
00000872
FFFFFE87
00000052
FFFFFEA6
FFFFFC3E
FFFFFE4B
FFFFFF97
00000260
FFFFFD34
FFFFFED3
FFFFFBE9
FFFFFB9A
FFFFFB4D
FFFFFA7D
000006F7
FFFFF89A
00000F2B
FFFFFA4F
00000D53
00000BEA
000008C8
0000075A
000003F7
00000D45
00000346
000001DF
00000519
00000A3D
0000052C
0000039C
0000097E
000004DA
000005C9
0000082D
000002C4
FFFFF7E7
FFFFFFF0
0000055E
00000471
FFFFFF21
FFFFFF35
FFFFFA4B
FFFFFEE8
FFFFF48D
00000208
0000067C
FFFFFF7E
FFFFF5F0
FFFFFC56
000001BC
00000A07
0000071E
0000050C
00000CF5
FFFFFE4A
000001B1
FFFFFF66
FFFFFBEF
FFFFFA4D
000009EA
00000474
000009ED
FFFFFA59
00000B2C
000002BF
00000A70
00000293
FFFFFD2C
FFFFF66F
00000C89
FFFFFCE3
000002A4
000000E5
00000F0B
FFFFFF56
000008A2
000001F1
00000901
00000839
FFFFFE24
0000013F
00000995
00000668
FFFFFD3E
FFFFFF6C
FFFFFDBB
FFFFFDC4
00000080
FFFFFC78
FFFFFFF2
FFFFFAE1
00000A1F
000007C7
0000093E
FFFFFA21
000001C8
0000058B
FFFFFA7E
0000036F
000005E8
FFFFF888
0000020E
FFFFFF2A
FFFFFDA1
FFFFFEE3
FFFFF4D9
FFFFFD0E
0000054C
00000790
000004A6
000008EE
00000316
FFFFFBDA
000005B9
00000871
00000E45
00000A59
00000725
00000C25
FFFFFE06
FFFFFF22
00000245
00001129
000006CE
00000298
00000D99
00000969
000008A0
FFFFF989
00000778
00000186
FFFFFEC8
00000EF5
FFFFF6F2
00000404
FFFFFD71
FFFFF8A8
000004A3
0000081D
0000021A
00000371
FFFFFB0D
FFFFFB4A
0000036E
00000B33
0000024D
FFFFF900
000002EA
FFFFFBAF
0000075D
000007C7
000002D4
FFFFFAAD
FFFFFEFF
FFFFF722
000004C8
FFFFFBF0
000000DC
FFFFFC30
00000678
FFFFFB7B
FFFFF8D9
FFFFFD6C
FFFFFE55
00000182
FFFFFB53
FFFFF9BD
000004C0
FFFFFD4D
FFFFFA37
000006DD
00000C4E
FFFFFCE9
00000986
FFFFFA83
0000056A
000006F5
00000266
0000045A
FFFFF700
000005D0
000006A2
00000706
FFFFF81B
FFFFFE21
FFFFFCAE
FFFFFA59
000003DD
000005EA
00000661
FFFFFF14
0000022E
0000060D
00000483
0000021C
FFFFFE54
FFFFF860
00000045
00000748
00000128
00000212
FFFFFE8E
000000B2
000000BA
0000007C
000001A9
FFFFF837
FFFFF6FB
0000012E
FFFFFFBA
FFFFF690
0000053E
FFFFF9EA
FFFFFFBB
FFFFFB5E
000002B0
FFFFFB45
FFFFFE37
00000331
FFFFFEB8
FFFFFB8B
FFFFFCC8
FFFFFB4D
FFFFFBC0
FFFFFAA1
FFFFF794
000002B3
FFFFFF96
FFFFFA30
000004AD
FFFFFD3D
000000EF
0000077A
000005B9
000005D6
000004F4
FFFFF560
FFFFF9B1
00000089
0000004D
0000054C
FFFFF64C
0000066E
FFFFF826
FFFFFD44
FFFFFC1B
00000641
00000443
FFFFFFDA
FFFFFAEC
FFFFF89E
00000620
FFFFFCD7
FFFFFCE4
00000118
FFFFFB51
000006E2
FFFFFF9A
00000506
FFFFFB40
FFFFF989
00000162
FFFFF6F9
FFFFF296
FFFFFB27
00000672
FFFFFB5E
00000546
FFFFFD97
FFFFFDBF
FFFFF97A
00000019
00000540
FFFFFA09
000007AC
FFFFFD2E
00000254
000007AE
00000AAD
00000723
FFFFFE3B
00000AAC
00000421
FFFFF80C
00000880
FFFFFB90
FFFFFCCA
FFFFF421
FFFFFC0B
0000023F
FFFFF57C
FFFFF8DB
00000148
FFFFF8F4
FFFFF917
0000048E
0000021A
FFFFF336
FFFFFF3B
FFFFFBA8
0000039E
00000680
FFFFF738
FFFFF849
FFFFFDA1
FFFFFAE9
FFFFFE02
000001F3
FFFFF43A
00000876
00000623
000002A0
FFFFFC1A
FFFFF505
FFFFF493
FFFFFC09
FFFFF82A
FFFFFA04
FFFFFCFA
FFFFFA22
000005CB
FFFFF45C
0000001F
FFFFF9FF
FFFFF831
FFFFFB58
FFFFF64A
FFFFF525
FFFFF454
FFFFFF39
FFFFFC0C
FFFFFD39
FFFFFDC2
00000844
FFFFFF98
FFFFF5BD
FFFFF9E6
00000915
FFFFFA32
0000000F
000002F9
FFFFFE40
FFFFF8E7
FFFFFAAC
FFFFF7E8
FFFFFB39
FFFFF7B3
FFFFF870
FFFFF981
FFFFFCE1
FFFFF9D1
FFFFFE2B
FFFFF84D
FFFFFBC7
FFFFF817
00000594
FFFFFE2F
000007EA
FFFFFB22
FFFFF6BD
FFFFFCF4
000005D5
FFFFF240
000004A3
00000173
00000015
000004D2
FFFFF80B
00000371
00000361
000000FD
00000232
0000026B
FFFFFA25
FFFFFC64
FFFFFDE4
0000051B
FFFFFBF3
0000063B
FFFFF836
FFFFFFEB
00000077
0000005E
FFFFF709
FFFFF96B
FFFFFD0F
FFFFF480
FFFFF9E6
FFFFF8AB
FFFFF3FC
00000174
00000251
FFFFFEA3
FFFFF7F0
FFFFFB6C
00000536
FFFFFA3B
FFFFFC57
00000005
FFFFFD30
000006EB
FFFFF74F
00000692
FFFFF702
00000A6E
FFFFFCD1
FFFFF4BA
0000034E
FFFFF5A0
FFFFFF60
00000290
FFFFF8E9
000006F1
000004EB
FFFFFF00
FFFFF86B
00000530
00000070
FFFFF641
FFFFFFF8
FFFFF998
FFFFFC88
FFFFF90A
FFFFFED1
000007FE
FFFFFAFE
FFFFFEE0
FFFFFE16
FFFFF95F
00000227
FFFFFED4
00000B1D
FFFFFB8E
0000012D
FFFFF93E
FFFFFCFE
FFFFFDAB
00000638
FFFFF440
00000155
FFFFFC36
FFFFF9D6
FFFFF7CC
FFFFFCB3
FFFFF735
FFFFFF7E
00000426
FFFFFF4F
FFFFF965
00000408
00000292
00000059
FFFFF997
FFFFF6A6
FFFFFCD2
FFFFFFB4
00000317
00000B07
00000702
00000CCE
00000959
00000088
FFFFFC5F
00000541
FFFFF914
0000040F
00000967
00000991
00000471
FFFFFACD
00000003
0000044A
FFFFFA53
00000626
0000085C
00000343
FFFFFEA5
FFFFF9C5
0000082A
FFFFFA10
FFFFFBD7
00000904
FFFFF886
FFFFFD5D
FFFFF85E
FFFFFC65
FFFFFAE7
FFFFF8C5
00000772
FFFFFC35
000007F9
00000532
0000043A
FFFFFFC7
00000424
00000574
000007B9
FFFFF91C
0000041C
FFFFF756
FFFFF645
0000026C
FFFFFF94
00000088
00000B7E
000002C7
FFFFFCDD
000006A6
000000DD
FFFFF743
00000925
FFFFFC04
FFFFFFE9
FFFFFD8A
00000181
0000067D
FFFFFF10
00000066
000007F3
FFFFF9FD
FFFFFED8
000002C3
00000009
00000244
FFFFF9AF
00000159
FFFFFB6B
FFFFF7B3
00000139
FFFFF60F
FFFFF572
FFFFF622
FFFFF2A7
FFFFF732
FFFFF8CB
FFFFF2BB
FFFFF2FC
FFFFFE70
0000041C
FFFFFD7C
FFFFF9B7
FFFFFB00
000005EE
FFFFF349
FFFFFBB9
000004A5
FFFFF305
00000768
000007A9
0000075B
FFFFF4F9
FFFFFA7C
00000584
0000036E
00000576
FFFFF7D3
FFFFF7E4
FFFFFEE1
FFFFF79B
FFFFFA25
FFFFFAF6
FFFFF474
FFFFFA7B
FFFFF55F
FFFFF515
FFFFFFC0
FFFFF9D5
FFFFF98B
0000044C
00000289
00000528
000007EA
FFFFF9FC
000007A9
FFFFFC29
FFFFFFC8
FFFFFC9C
FFFFFF43
000002E0
000005DD
FFFFFFEC
0000036E
FFFFFBA8
FFFFFCD5
00000534
00000BBC
FFFFFCAE
FFFFFE93
FFFFFD68
0000036F
FFFFFF34
00000138
000001BB
FFFFFC7F
00000755
00000864
0000020D
000008D4
FFFFFFBB
00000A93
FFFFFE38
FFFFFCEA
FFFFFFEB
FFFFFE23
FFFFFF64
FFFFFA5F
FFFFFA4E
FFFFF4EA
FFFFF9DA
FFFFF787
0000059F
FFFFF737
0000024D
FFFFFAF3
FFFFFC99
0000051D
0000047A
FFFFFB99
0000029D
0000036F
FFFFF394
FFFFF456
00000351
FFFFF4EC
000002D1
FFFFF7AB
FFFFFC2D
0000019E
00000CC4
0000012B
000003E8
00000567
FFFFF946
FFFFFFA4
0000041B
FFFFFBEA
FFFFFEB2
00000A7E
0000013C
FFFFFE4E
000002BF
FFFFFC9A
00000664
00000064
FFFFFE5D
000001A7
00000235
0000009F
000007E9
00000098
00000491
FFFFFBB8
FFFFFC4E
FFFFFFE9
00000332
FFFFFA81
FFFFFD59
0000001C
0000029E
00000067
FFFFFBC7
FFFFFEB8
FFFFFF2B
000008FF
FFFFF9C8
FFFFF8F4
FFFFFC84
FFFFF7ED
FFFFF665
00000844
FFFFFF1F
FFFFFE76
0000092D
FFFFFC6A
FFFFFA33
FFFFF8B6
FFFFF795
FFFFF92B
FFFFFC4A
00000176
FFFFFF36
FFFFFFAE
FFFFFC79
FFFFFD5E
000000D5
FFFFFF3F
00000441
000005C8
FFFFF876
FFFFFF41
FFFFFB31
00000377
FFFFFB6A
0000040A
0000024E
0000001A
FFFFF89C
FFFFF9FD
00000940
0000036C
00000AF5
000006CF
0000077A
FFFFFD53
FFFFFE88
000000C2
000004CB
0000069A
FFFFFBAE
FFFFF732
000002C6
00000075
00000614
00000509
FFFFFAF3
FFFFFAA3
FFFFFE25
000003DE
FFFFFAB9
00000354
00000B6C
FFFFFBE9
00000323
00000CA7
000006ED
00000B85
FFFFFEB4
0000083E
FFFFFD82
00000234
00000032
0000007B
00000486
0000060D
00000493
FFFFFEE5
FFFFF8BC
000003DC
000000CB
FFFFFFC9
FFFFF71C
FFFFF52D
000001DF
00000101
000003D9
00000175
FFFFFFC2
00000587
FFFFFF60
00000228
FFFFFC82
000005A2
0000004B
FFFFFFEE
000004C3
000001F9
0000006E
FFFFFE2E
0000082D
FFFFF730
0000002E
FFFFF778
00000244
00000188
00000208
00000350
FFFFF882
FFFFFFA6
FFFFFE3A
FFFFFDC1
FFFFFCEE
FFFFF82E
000000D6
FFFFFA41
00000358
FFFFFE0B
00000CB3
FFFFFC1D
000000F8
0000036D
00000647
FFFFF91D
FFFFFB8B
FFFFFCD6
0000020B
000002D9
00000248
000003C1
00000A88
FFFFFA46
000001DD
00000409
0000086F
FFFFFBC1
00000423
000000FE
00000983
FFFFFDE7
00000ACB
FFFFFD97
FFFFFB60
FFFFFDC4
000000EF
FFFFFC43
00000648
FFFFF918
FFFFFEA7
0000090C
FFFFFED7
FFFFF975
00000632
000005C4
00000983
FFFFFCC9
00000794
0000061D
00000227
00000027
000006C1
FFFFFA89
FFFFF44E
FFFFF843
FFFFFE2A
000006EA
0000020B
00000216
00000340
FFFFFF22
00000757
00000A56
0000004B
0000051F
FFFFFE19
000002C4
00000277
000002E9
FFFFFEED
000008D3
00000575
00000101
FFFFFAE0
000002E0
000004B8
FFFFFA23
00000542
0000041E
000001B5
0000076C
000001D7
000001AC
00000301
00000362
00000437
FFFFF986
FFFFFC57
00000654
000007D7
00000716
0000078E
00000359
FFFFFFBE
FFFFFCCF
000001F4
000003C7
FFFFFFB3
FFFFFB2B
00000455
000002D3
FFFFFCF4
FFFFFF60
FFFFFCBF
00000A7E
0000056E
FFFFFC62
FFFFFB42
FFFFFBC0
000001B1
0000025A
000002F8
000003C5
00000521
0000061D
FFFFFB5B
000006A1
FFFFFFB0
FFFFFE1F
FFFFFBEF
00000427
0000066A
00000716
00000047
FFFFF970
FFFFFF35
FFFFF61D
000004C7
FFFFFE2C
FFFFF98A
00000177
FFFFFE35
FFFFFC1E
FFFFF8EE
00000222
FFFFF85F
FFFFF99B
FFFFFBEF
00000522
FFFFFB3F
FFFFFFD1
FFFFF4CC
FFFFF7BA
000001C6
00000372
FFFFFE6F
00000106
00000709
00000248
FFFFF99D
00000181
0000056A
0000014D
00000250
0000092E
FFFFF94F
0000009D
00000496
FFFFFC3A
FFFFFC0F
00000300
FFFFF713
FFFFFD6E
000002BE
00000121
00000C41
000000FC
FFFFFD05
FFFFFE55
FFFFFE93
FFFFFF49
00000428
FFFFF77F
FFFFFCFB
000002A6
000002F6
000004D2
00000475
FFFFFF36
FFFFFE45
000008C5
00000926
00000513
FFFFFF08
000006A8
FFFFFD86
0000038E
0000035A
FFFFF977
FFFFF5A1
FFFFFD9A
000000C4
000001DB
FFFFFD67
FFFFFEB9
0000050A
00000A16
FFFFFAD7
FFFFFCB9
FFFFFC34
00000529
000004BA
00000102
FFFFFBC7
000003F3
00000289
000004DE
FFFFFD0F
FFFFFBE8
000001E3
000004F1
000000B8
FFFFF85B
000000B7
0000019A
00000808
FFFFFCD9
0000005C
FFFFF5C3
0000057A
FFFFF9D0
00000C08
000004FC
000002DE
0000079E
00000277
FFFFFF48
0000002D
00000B44
0000081C
00000156
0000033C
FFFFF954
000001BE
FFFFFC62
FFFFFFBC
00000252
00000183
FFFFFA99
FFFFF983
00000A35
00000624
00000157
00000456
FFFFFD0B
FFFFFEE3
00000F23
FFFFFD42
000002D2
000006E1
0000076D
00000742
00000156
00000295
0000072F
0000092F
00000010
000000D5
00000C18
000009D4
FFFFFD46
FFFFFE2E
00000331
00000A61
00000820
00000A53
FFFFFD4E
FFFFFBDC
FFFFFD0F
00000757
FFFFFACE
00000178
000000D0
000001E4
FFFFFAC8
00000227
FFFFFACB
00000117
FFFFFF8A
00000533
0000004E
0000057D
FFFFF876
FFFFFE60
00000133
FFFFFDC0
FFFFFAB3
00000398
0000056C
0000004D
0000016D
FFFFFDD7
0000006C
FFFFFC68
00000211
00000150
00000114
00000816
FFFFFA93
FFFFFB6D
FFFFF95C
FFFFFD99
FFFFFEDF
000004FD
000003AA
0000097B
FFFFFE4E
FFFFFD96
FFFFFD72
FFFFF7F5
00000497
0000090D
FFFFFFC9
000004E5
FFFFF796
0000061E
FFFFFC7C
000005D2
00000121
00000152
FFFFFE3F
00000756
00000799
00000202
00000579
FFFFFE04
0000002A
FFFFF7F2
000002BE
FFFFFEE9
FFFFFCB3
FFFFF3B6
FFFFFB2E
FFFFFBBD
FFFFF852
FFFFFD4E
000000C8
000004E3
00000094
FFFFFCA5
FFFFFDCB
FFFFFB2D
000004AE
0000059A
0000063A
FFFFFBEB
0000062B
FFFFFD7D
FFFFFE1F
00000081
000009B6
000001A2
FFFFFF28
00000844
00000566
000000F4
0000077E
000000D7
FFFFFA04
000003C1
0000002C
0000051C
000001E2
00000716
FFFFFF2F
FFFFFE08
FFFFFB4A
00000C18
FFFFFE24
00000540
FFFFFADE
0000040C
0000053B
000005BB
00000542
00000943
0000061C
FFFFFF76
000001E9
000008B6
00000C11
00000444
0000047F
0000004C
00000229
FFFFFF32
00000251
FFFFF748
0000068A
FFFFFDA9
FFFFF8E9
FFFFFCCA
FFFFF76E
FFFFFFB3
FFFFFAA7
00000A5A
000003A8
000005D6
FFFFF8EE
FFFFF9CD
FFFFFF81
0000033C
FFFFFF97
FFFFF9D5
FFFFF696
FFFFF6FE
FFFFFFBE
FFFFFF4E
00000151
000003B3
000006AE
FFFFFEAF
00000659
00000673
000004AC
FFFFFBD2
0000073F
FFFFFCC1
00000665
FFFFF9E7
FFFFF743
FFFFFB1F
00000190
00000524
FFFFFFD1
FFFFFAC8
FFFFFEA2
0000003A
FFFFFAEB
0000021A
000001D5
00000782
000001B0
FFFFF963
0000038D
FFFFF562
FFFFFD4F
FFFFFB7C
FFFFF677
FFFFF8E8
FFFFFF52
FFFFFDE1
FFFFFB78
00000881
000001E3
FFFFF729
FFFFFA4D
FFFFFD91
00000389
FFFFFB31
0000038D
00000061
00000792
FFFFF65E
0000046A
FFFFFAB2
FFFFFB23
FFFFF7CC
000004A5
FFFFF9E0
FFFFF7F8
FFFFFF86
FFFFFB54
FFFFF6CC
FFFFFBFA
000005E0
00000BE8
00000478
FFFFFDB0
FFFFFEB2
00000DC8
000008F6
00000B66
FFFFFCA6
00000780
FFFFFE5F
FFFFF921
000006D3
00000864
FFFFFDC8
0000043A
00000909
00000223
00000036
FFFFFCD4
000009F2
00000810
000004EC
00000710
000002CD
FFFFFC7F
00000749
000005F9
FFFFFAF9
FFFFFDD6
00000AA9
FFFFF9EC
000001F8
FFFFFBC5
00000143
000000F2
00000386
FFFFFF01
00000C47
000004D7
000006BC
FFFFFCE4
FFFFFF4E
FFFFFD25
000002C4
00000554
00000416
FFFFFE7F
0000066A
FFFFFC28
000004EC
000006A1
FFFFFE98
000003C7
000007B0
0000031E
000005A0
00000149
000003E3
00000E86
00000A8C
00000589
000006AD
0000032C
00000CE9
000008C4
0000067E
000004B8
FFFFFE61
00000393
000009B8
FFFFFFCE
FFFFF01D
FFFFF3AA
FFFFFA42
000002B0
0000065F
FFFFF68A
FFFFEB2F
000003CA
FFFFFD6D
FFFFFE53
00000138
FFFFFA0A
000004C4
FFFFFEE8
0000048E
00000B4D
000001B8
FFFFFD86
FFFFFAE7
FFFFFFA2
FFFFFE41
FFFFFD78
FFFFF1E2
FFFFF9AF
FFFFFC0C
FFFFF75E
000003B2
000000A6
00000195
FFFFFD65
FFFFFE43
00000211
FFFFFBD2
00000B9B
00000261
000007C9
FFFFFE30
00000507
FFFFF349
FFFFF1CD
FFFFF74E
FFFFF143
FFFFF9B7
0000021F
000005B5
000004CE
00000766
FFFFFDA3
00000169
FFFFFC0A
FFFFFEF5
FFFFFD1A
FFFFFCBB
FFFFFF3C
0000016B
0000010A
0000080F
00000B20
FFFFF866
FFFFFC8E
000002DF
FFFFFDD9
0000014A
000007EA
FFFFF61E
FFFFF0B9
000000EC
FFFFF5D6
FFFFF7D0
FFFFF7A5
000001A6
FFFFF89E
000009BD
FFFFF604
FFFFFD13
0000056C
00000482
00000264
FFFFF295
FFFFFD57
FFFFF95B
000010A9
00000BF5
FFFFFC27
00000636
000002B8
FFFFFA45
FFFFFD10
FFFFFD45
0000014B
FFFFFA84
000007E5
000002F9
000005E0
0000042D
FFFFFB77
000003CC
0000093A
FFFFF89C
000005A5
00000907
FFFFF83D
FFFFFB19
FFFFFE05
FFFFF8BF
0000087A
FFFFFB03
FFFFF62B
FFFFFA1D
FFFFF7A7
000003B0
000001E4
00000613
000002CC
FFFFF8AE
000006BD
FFFFFA08
00000644
00000043
FFFFF924
00000512
FFFFF70C
FFFFFC4B
FFFFFFBD
00000723
FFFFFC00
000004DF
FFFFF60A
FFFFFE50
00000663
FFFFF43A
FFFFF4C2
FFFFF96B
000002FF
FFFFFD7D
FFFFF751
000002D8
FFFFFEAF
FFFFFDBA
00000BF5
0000072E
FFFFF712
FFFFF0A0
FFFFFDE8
00000E54
FFFFFA8C
00000AA7
0000123C
000000CC
00000103
000004B0
FFFFF4E7
0000039D
FFFFFD99
FFFFFA4D
FFFFFA5D
FFFFFA9F
00000703
FFFFF98F
00000496
FFFFF71A
000004FB
FFFFFE55
FFFFFDFE
0000079B
FFFFF67D
00000ACE
FFFFFF29
00000A8D
00000985
0000067F
00000572
FFFFFD55
FFFFFF0B
FFFFFACD
00000406
FFFFFD5A
00000AF6
FFFFFCDE
FFFFF39B
FFFFFA64
FFFFF777
0000026C
FFFFF803
FFFFF92C
00000518
00000490
000007B1
00000763
000004D4
FFFFFFBB
000006C7
000003A2
FFFFF6E6
FFFFFD28
00000546
000001AC
000003BF
FFFFF8D0
FFFFFF1F
FFFFF976
0000020D
00000800
000004D4
00000BF0
00000080
00000A62
FFFFF4A2
000008FF
00000795
FFFFFB0D
FFFFF8D3
0000035B
000000A4
FFFFFE62
000008F3
FFFFF2B6
000001E2
00000866
FFFFFC82
000004CB
FFFFFD7C
00000A96
FFFFF378
000000CB
00000098
000002E8
FFFFF7A9
FFFFFFC3
000006A3
00000768
00000473
FFFFFD9D
000005E7
FFFFFC41
000003C5
00000370
00000986
FFFFFC38
FFFFF8EB
00000BA1
FFFFF7D8
00000A02
FFFFFEBC
FFFFFC79
0000029A
FFFFF616
00000285
FFFFF881
000000A5
FFFFFBF7
FFFFFEE9
FFFFFEA1
FFFFFFFA
FFFFFFE8
00000543
FFFFFECD
FFFFFBA9
0000092E
FFFFFB6D
00000042
000001F9
00000289
00000346
00000440
0000004B
0000024F
0000093F
000002CA
0000098A
00000A58
00000DF5
00000A5D
FFFFFB02
FFFFFC59
0000018F
00000A55
FFFFFF20
FFFFF325
000004F7
FFFFF3C2
00000A2D
000004EA
000005ED
000005F7
00000306
0000028C
FFFFF5A0
0000068F
FFFFEC04
FFFFF7B5
FFFFF93D
FFFFF4BD
FFFFF3D9
FFFFFC0A
FFFFF0D8
000001BA
FFFFFB6A
FFFFF7BC
FFFFEF52
00000503
FFFFEB0A
000000E9
FFFFFCC2
FFFFF582
FFFFFC65
FFFFF59F
FFFFFB6F
FFFFFD2D
FFFFFDD7
FFFFF5AA
000004AB
FFFFFC84
FFFFF55D
FFFFFAC4
00000680
FFFFF564
000006AD
000000EB
00000B42
FFFFFFD2
FFFFF7A5
FFFFFEC4
FFFFF5EC
00000591
FFFFF99C
000003F7
00000254
FFFFFA92
000002AB
00000401
000007FC
0000011E
FFFFFB89
FFFFF6FE
FFFFFE0B
FFFFFB18
FFFFF3EA
FFFFF92B
FFFFF717
FFFFF6A8
00000619
000007D9
0000045B
FFFFF9C2
FFFFF42C
00000516
FFFFF821
FFFFFB46
FFFFEAC7
00000274
FFFFF21C
000006B8
FFFFFE66
FFFFE7FC
FFFFFAB6
0000001B
000007AE
00000145
00000E16
FFFFFB29
FFFFFDAA
FFFFFAF7
FFFFF8CD
00000123
FFFFFDEE
00000F09
FFFFFAB4
00000D34
000002B5
000002D3
000006A7
00000127
000004AF
000001E8
00000A08
00000A52
00000668
00000D1F
FFFFFE4E
00000475
FFFFFB04
FFFFFFAE
FFFFFBBD
000000F0
000001CD
FFFFF5FC
0000035E
FFFFFAED
00000009
FFFFF77B
FFFFF2E7
FFFFF580
FFFFF3AC
000001E7
FFFFF432
00000269
FFFFFD0D
000006D0
00000294
FFFFF733
FFFFF665
00000326
00000722
FFFFF90C
FFFFF57A
FFFFFAFF
00000358
FFFFFA69
FFFFF7A8
FFFFFFC7
FFFFFEB1
FFFFF948
FFFFF93E
FFFFFE8A
FFFFEDF9
FFFFEEEF
000002F6
FFFFFD04
0000024C
000001B8
FFFFEE49
0000088E
000000AF
0000003D
00000350
00000167
0000074A
0000035A
FFFFFF9A
00000044
0000082C
00000BBE
000001AF
FFFFF81A
FFFFF2F5
00000308
0000016F
FFFFFDE9
00000858
00000164
FFFFF1B8
FFFFFFBA
FFFFF79B
FFFFF14E
FFFFF99D
FFFFFB83
00001281
FFFFFDDD
FFFFFC72
0000008E
000005BD
000001B6
FFFFF4FF
000000C3
FFFFFB5E
FFFFF9F6
FFFFFA3E
00000684
00000BD3
00000862
FFFFF7FC
0000018B
000000CF
FFFFFCB4
FFFFF9CC
0000008B
00000716
00000354
00000AD6
00000985
00000261
000003CB
FFFFFE87
00000285
FFFFF55C
FFFFEE00
FFFFF20E
00000399
FFFFF1BA
FFFFFD6A
FFFFF654
FFFFF13A
00000281
000007DA
000001A8
FFFFFB09
00000539
FFFFFB09
000008FA
FFFFF6F2
FFFFF324
FFFFF683
000002DD
000000E8
00000043
FFFFFE70
FFFFF92B
FFFFFF14
FFFFF8CC
0000028C
FFFFFF0A
000001FE
FFFFFCBE
000004C5
FFFFF50E
FFFFFDC8
FFFFFF28
0000006E
FFFFFD24
FFFFFF5E
000002AE
FFFFF7A0
00000388
FFFFFD15
00000574
FFFFFAA1
FFFFF825
FFFFF846
FFFFF74E
FFFFF470
FFFFFA04
00000F8A
00000B29
FFFFFE8C
FFFFF927
00000198
FFFFFB41
00000C06
00000B93
FFFFF4F8
FFFFF402
000002CB
FFFFFFE9
FFFFF6B9
FFFFF803
0000011B
FFFFF63C
00000375
00000355
FFFFF347
FFFFF38A
FFFFF781
00000219
00000911
00000BCA
0000021B
0000004B
FFFFFBA7
FFFFFBA1
FFFFF734
00000785
00000485
FFFFF52F
FFFFFDB8
FFFFF4EA
FFFFF71D
00000624
FFFFF9E6
FFFFF548
FFFFF830
FFFFFB73
FFFFF4C8
00000180
000004EE
0000007C
0000000F
FFFFFB9F
FFFFFDB6
FFFFF961
FFFFF2B2
FFFFF789
FFFFF7B5
FFFFFFD6
00000712
00000433
0000136B
000006DB
00000CF7
FFFFF825
FFFFF67D
FFFFFA01
00000D54
FFFFF5E2
FFFFF615
FFFFFF4B
00000308
FFFFF9A1
FFFFFB93
FFFFFEAA
00000A16
FFFFF56E
FFFFFC27
00000801
0000093D
FFFFFF3B
000002E6
FFFFF1E6
000004E9
FFFFF5B9
FFFFF14C
000005AD
FFFFFAAC
00000AA1
FFFFF86D
00000687
FFFFFDF4
0000082F
00000C66
FFFFF9B2
FFFFFEB7
00001027
FFFFFAEC
00000520
000015FA
00000F9C
00000A20
00000A44
00000D28
00000910
FFFFF759
FFFFF306
FFFFFCC7
FFFFFD4D
0000044E
00000877
000008DC
FFFFF042
000003D3
FFFFF847
0000043F
FFFFFB32
FFFFF613
FFFFF28A
000001FA
00000053
FFFFEF16
FFFFF66A
FFFFFF4B
FFFFF9F9
FFFFFCB2
FFFFF7A8
FFFFFC19
FFFFFBAE
FFFFF8E0
FFFFF912
FFFFF2FF
00000E05
00000143
0000082D
FFFFFBA3
FFFFFDFD
FFFFF84A
FFFFF50E
0000000B
000000EC
000001AB
00000E46
FFFFFC48
FFFFFC48
FFFFFF16
00000E61
00000360
000003A3
00000F19
00000025
FFFFFC3A
00000285
FFFFF698
FFFFF1E3
00000C53
FFFFF449
00000F22
000009E6
000012CC
000001AB
000003FA
00000F2F
FFFFFEE8
FFFFF644
00000A9F
000000D7
00000988
FFFFF724
00000882
FFFFF9C4
FFFFF92F
FFFFF7C5
FFFFF3F4
FFFFFC52
FFFFFCF4
FFFFF531
0000000B
FFFFFAD3
00000EBB
FFFFF63D
000000A1
00000EE4
00000192
FFFFF92A
00000CC6
FFFFFD52
FFFFFF11
0000084F
00000777
00000C61
00000705
FFFFFFFF
FFFFF65A
00000446
000017AC
00001115
FFFFFE06
00000E2C
0000071D
000006E4
000013D5
FFFFFAF1
00000EC8
000016A9
00000B48
FFFFFF4F
00000D78
FFFFF129
0000004C
0000040A
00000767
000012AF
0000096D
000016C2
000003AD
FFFFF69F
000005FA
00000D13
00000076
0000084C
00001646
FFFFFB2E
0000004F
00000879
FFFFEE8C
00000CF9
000009BF
FFFFED60
FFFFFD87
000005AE
FFFFF8A2
000004DA
FFFFFBB2
0000059D
000006F2
FFFFF7B3
FFFFF455
00000610
0000062D
00000530
000012C1
00000643
00000337
000009E6
FFFFF6DB
FFFFF905
00000DCD
0000012F
FFFFF63A
000007AF
00000B21
FFFFF18D
FFFFF104
FFFFF823
00000501
00000137
000005F3
FFFFF22B
FFFFF425
FFFFF5DF
FFFFED6C
FFFFF7F8
FFFFF913
000001ED
FFFFEBBD
FFFFFFA8
00000DAF
FFFFFF38
000002A7
00000CE0
FFFFFEE6
00000017
00000C4D
FFFFFF5A
FFFFFAD9
FFFFF5F7
0000103D
00000586
0000066B
FFFFF95E
FFFFFA6B
FFFFF431
FFFFF95E
00000216
000004EA
FFFFF8FC
00001688
FFFFFE02
000008C1
00000873
00000A2C
00000F90
00000A29
FFFFFB36
FFFFFE5A
FFFFF8D8
FFFFEF45
FFFFF79C
00000B72
FFFFF3A6
FFFFF442
FFFFF82B
00000A13
000001AB
00000898
FFFFFAFB
FFFFEED4
0000003D
00000A54
FFFFFBAB
00000A21
000009B5
FFFFF6B1
00000BF3
000012D7
00000705
00000B16
FFFFFED1
FFFFFFFD
00000989
FFFFF1B2
FFFFEEE6
0000093E
FFFFEBAE
FFFFEF65
00000A9C
FFFFEFE5
FFFFEEC8
FFFFF14C
FFFFFB60
00000902
FFFFFA19
FFFFFAA7
000003E2
000006A4
FFFFFEFB
00000822
0000088D
00000B4E
00000464
0000101E
0000013D
FFFFEA29
0000012E
00000225
FFFFF769
000000BC
FFFFFE29
FFFFFA75
000002D4
000005B6
000005C8
FFFFF127
FFFFF340
FFFFFD77
00000969
000007A9
FFFFF51D
00000123
000006F7
00000EBD
FFFFF86F
000000F5
FFFFFF98
FFFFFA38
FFFFF5C4
FFFFF785
FFFFFCD9
0000087F
FFFFF49C
FFFFFDE3
FFFFEB39
FFFFE36F
FFFFFE36
0000008A
00000C78
00000089
00000A08
00000F20
000002EF
FFFFF7DE
FFFFFF6F
000013AC
0000016B
FFFFF85F
FFFFFB24
0000024A
FFFFEA5B
FFFFF73E
000000F7
FFFFF2DC
FFFFF0E2
FFFFF723
000005B4
FFFFEDCF
0000040D
FFFFEC5C
FFFFF060
FFFFEF66
FFFFF860
FFFFFFD9
00001249
000014B9
00000753
0000006C
FFFFFA6F
FFFFFF14
FFFFFB62
000008D3
00000686
FFFFF75B
00000209
FFFFF7A6
0000189D
FFFFF5AC
FFFFFB07
FFFFF270
FFFFFD6A
00000318
FFFFF705
000004BF
FFFFF622
00000A58
FFFFF3FC
00000F0A
00000B83
FFFFF801
00000048
00000D05
FFFFFBE7
0000083E
FFFFFC26
00000E48
FFFFF948
FFFFFA9E
FFFFF700
FFFFFFA8
00000633
FFFFEDE4
000004C7
FFFFE9F1
FFFFFB40
FFFFFE96
000000E8
00000564
FFFFEF68
000002C4
FFFFFFD3
000006B7
0000047F
FFFFEF10
00000834
FFFFFEA3
FFFFF159
000004C5
00000335
FFFFFF42
FFFFF912
FFFFFEC1
FFFFF9A3
00000335
FFFFF489
FFFFFD0E
00000D1A
000000FE
00000268
00000868
FFFFFC30
FFFFEF02
FFFFFBAB
00000020
FFFFFCD9
00000709
0000038E
00000965
0000029C
FFFFFE98
FFFFFBAC
FFFFFCF5
FFFFFFBE
FFFFFB4C
0000028B
0000020C
FFFFF188
000004CD
00000A39
000000C6
00000B98
FFFFFB9E
FFFFF2D0
FFFFEFCE
00000ACC
00000558
0000105B
00000873
00000E8E
00000635
FFFFFA4D
000004A6
FFFFFC02
FFFFF735
FFFFFA35
FFFFF476
FFFFFEE1
0000009D
FFFFF845
FFFFED21
FFFFF52B
000004EB
FFFFF197
FFFFFB0C
00000ABB
000009C4
00000323
FFFFF493
FFFFF41A
FFFFF720
FFFFF279
000008C5
00000EAA
0000000C
00001202
000010F1
00000ACF
00000AD3
000001C7
FFFFFF20
00000555
000004DF
FFFFF314
FFFFF573
FFFFEC29
FFFFEFD7
FFFFF36C
FFFFF2A7
FFFFF467
FFFFFFD2
FFFFFD49
FFFFF5C3
00000162
FFFFF02F
FFFFFCDD
FFFFF5AA
FFFFF94F
FFFFF4FA
000003AD
00000C2B
FFFFF342
FFFFF32D
000007A6
FFFFF55A
FFFFF402
000008DD
FFFFE8B3
00000969
0000062F
00000AF3
FFFFFAE9
00000DFB
0000002C
0000037A
FFFFF866
00001195
00000B8F
0000034E
00000A39
00000289
FFFFF0AB
FFFFFBBA
FFFFF9BA
FFFFF7E8
FFFFFA81
00000298
00000F5B
00000DAD
FFFFF7B1
000000E3
00000483
0000077D
000008C8
000004D4
0000099E
00000A93
00000898
FFFFF7ED
00000806
FFFFFB18
FFFFF6AE
000004B6
0000044D
FFFFF5FB
0000068A
0000078B
00000D6D
FFFFFF27
FFFFFA9F
FFFFF920
FFFFF449
FFFFF97E
FFFFFCB2
000005A3
000007C0
FFFFFC98
0000072C
FFFFF9CA
00000EB8
00000C56
FFFFF554
FFFFF962
FFFFFCAA
FFFFFC29
FFFFF5A0
00000158
FFFFF68E
FFFFFE83
FFFFFB89
FFFFF207
00001308
00000751
00000C38
FFFFFC90
00000533
FFFFFA08
FFFFFEDB
FFFFFBC8
00000F94
000002AB
00001354
00000FA4
00000551
00000B03
0000160B
000006A0
00000B37
000000DA
00000B0E
FFFFF70C
FFFFFFDA
000005EC
FFFFF4A6
00000EB2
FFFFF757
0000003D
00000522
FFFFF235
00000578
FFFFF608
FFFFED8E
000003BE
00001433
000010ED
00000C5F
000006CA
FFFFF2B3
FFFFFBEB
00000578
FFFFF5CE
00001332
FFFFE616
FFFFF231
FFFFF49D
FFFFFF1B
000000B5
FFFFF4F8
FFFFF4D4
000000ED
FFFFFE76
0000099D
FFFFF83F
00000AE9
00000264
000001F6
FFFFF51B
FFFFFA3E
FFFFFE58
00000678
000003FE
FFFFFFAA
00000A19
00000045
00000025
FFFFF597
FFFFF5C2
FFFFF1BF
FFFFEFC7
FFFFF805
0000054F
FFFFF8A3
00000A90
00000600
00001316
0000019E
000000FC
00000864
FFFFFCF5
FFFFFA5C
00000617
00000627
FFFFF66D
00000160
0000104B
FFFFF61A
FFFFF8D4
000013D0
FFFFFE7E
FFFFFD98
FFFFF7E8
FFFFEEE5
FFFFF9EC
FFFFF4FF
00000E4B
FFFFF8DF
FFFFFD15
00000181
000007FD
000005CE
00000CBC
FFFFFE7F
FFFFF72E
0000001A
FFFFFA2F
00000AF3
FFFFFC11
00000481
000000BE
FFFFEF07
FFFFFC7A
FFFFF937
FFFFFD20
FFFFFB86
000011A5
00000659
00000566
000000A4
FFFFF25A
000002C1
FFFFF44C
FFFFFA32
00000AF2
00000BB4
FFFFF42F
00000255
FFFFF879
FFFFEEC1
FFFFE913
FFFFFE06
FFFFFFF2
00000164
000001D7
FFFFEFFC
FFFFFDEF
00000A91
FFFFF81E
FFFFFE92
FFFFF812
FFFFEF74
FFFFF856
00000EEA
000008C0
FFFFF753
00000146
00000BEB
FFFFF257
FFFFF95C
FFFFFD26
0000044C
00000067
FFFFFDD3
00000EB3
0000081D
FFFFF683
FFFFFBC4
FFFFFEFE
000010D8
FFFFFF73
0000071A
FFFFF587
00000A63
00001132
00000917
00000749
00000598
0000047D
0000050A
0000106F
00000D48
FFFFEE89
00000C27
FFFFF99A
0000028A
0000082C
FFFFFA77
FFFFFECC
00000B70
000004C5
000003AE
00000A98
000005AD
00000D81
000005AF
00000565
000002F0
0000117A
FFFFFB25
FFFFFEBE
00000664
000009B1
00000423
00000D30
FFFFF58E
FFFFFEC0
FFFFF67D
FFFFF692
0000033D
00000D76
FFFFF80F
FFFFF859
000004FD
FFFFFF4C
00000383
00000910
FFFFF5AC
FFFFF3D8
FFFFF67C
FFFFFD7D
00000903
FFFFFF5D
FFFFF442
FFFFF8BF
00000D5B
00000050
FFFFFFC7
FFFFF9AD
FFFFF027
00000903
FFFFF2AB
00000002
00000C97
0000086B
000009A5
FFFFF5C6
FFFFFDC1
0000017B
FFFFEE3A
FFFFF99D
FFFFFD71
0000038F
FFFFFAAF
FFFFFFE7
FFFFFA21
FFFFFADB
000003D3
FFFFF482
FFFFF71F
000004E0
FFFFFA22
FFFFFEBD
FFFFFB52
FFFFF6B7
00000F8E
FFFFF6A0
00000B3F
00000312
00001010
FFFFFA3A
FFFFF78F
00000AAD
00000483
00000CA1
00000205
00000C13
00000929
00000009
FFFFFAEB
FFFFFB35
00000559
FFFFFB30
FFFFF805
FFFFFE27
000006BE
FFFFF281
FFFFF94E
FFFFF60A
FFFFF774
FFFFF4F2
000005EF
00000E9B
0000008B
0000028B
000007C6
FFFFF68A
FFFFEEE8
FFFFF7BB
FFFFF826
FFFFF2B2
00000ECD
FFFFFBD2
FFFFF4BA
FFFFF3BC
FFFFF4EA
FFFFF4C0
0000035B
FFFFFFD2
FFFFEB91
00000592
0000011F
00000032
00000F2C
FFFFEFBA
0000057A
FFFFFB1D
0000011A
00000B33
FFFFFF9B
FFFFFA2C
FFFFF4AC
000009FB
FFFFFD90
FFFFFF94
0000094E
0000143B
00000756
0000083E
00001491
00000469
00001042
00000903
0000068C
FFFFFEC5
00000769
0000062A
FFFFFFEB
00000A9F
00000200
0000011B
00000A4D
FFFFEF09
00000CFF
00000B6E
000008A9
FFFFFC2A
FFFFFD5B
00000FCE
FFFFF494
FFFFEBE4
FFFFFF6F
000005FE
0000002A
00000745
000004AD
00000218
FFFFF1C6
FFFFFA5D
0000060F
00000894
FFFFFADD
FFFFF599
FFFFFDF6
0000025C
FFFFFDBD
FFFFEBBE
0000014D
FFFFFB4A
00000234
FFFFFE28
FFFFFDF4
FFFFF970
00000522
FFFFFCB5
FFFFFC2A
FFFFFCD3
FFFFF67F
FFFFFD78
000003FF
0000081B
00000EA3
FFFFFFDB
FFFFF2DC
000001CB
FFFFF9D0
FFFFF2AD
0000072C
000003B6
00000DEF
FFFFF3C3
00000534
FFFFED03
FFFFFF45
FFFFEF21
FFFFEBA3
000006D6
FFFFEDA0
FFFFEAB5
FFFFE365
00000C8E
00000539
00000117
FFFFFF28
FFFFF81A
0000056B
FFFFFB38
000006E6
FFFFEDA6
FFFFFF8A
00000064
000003FE
00000532
00000E94
FFFFF93A
00000DF3
0000029E
000005E2
FFFFF5B7
FFFFFD7D
0000079E
00000D2F
00000DA1
00000E47
00000CCF
00000739
00000645
0000097F
000006CF
00000487
00000084
FFFFF710
000003E3
00000DA2
00000AD7
000011B5
00000C0E
0000056D
FFFFF16E
00000816
FFFFEF02
FFFFFE5F
FFFFF5CD
FFFFF308
0000001C
000002E5
000004D6
FFFFFA06
0000035C
FFFFF070
00000358
00000341
000008C9
FFFFF723
0000114C
FFFFF6C9
FFFFF327
FFFFFF9C
0000042A
00000A01
000003B8
0000080E
FFFFF9BD
00000DDB
FFFFF4E4
000007A6
FFFFF9A8
FFFFF33A
00000504
FFFFFA15
00001304
0000024B
00001330
FFFFF665
FFFFF545
FFFFFF58
FFFFFF79
00000F3B
FFFFFA46
0000083E
00000C32
00001134
FFFFFBCC
00000AD9
00000B30
FFFFEDFF
00000141
FFFFFC56
00000828
FFFFF4EF
000003BA
000001AE
00000D46
FFFFF85C
00000964
000009D6
00000B7B
00000FC7
000003F5
00000D00
00000404
0000037C
FFFFFDD6
00000190
FFFFFF89
0000035C
0000129D
0000033F
00000881
FFFFFFFC
00000803
FFFFF879
FFFFF004
FFFFF3BD
00000839
00000391
FFFFFF0E
0000065D
FFFFEF07
FFFFFE6A
00000908
FFFFFB79
FFFFF67D
000000DA
FFFFFDB1
0000102A
000016FB
FFFFEE5D
FFFFF94C
FFFFFC6A
FFFFF072
FFFFFC25
000003B1
FFFFF4CE
000006DB
FFFFFCB2
FFFFF694
FFFFEEA5
0000131F
00000726
FFFFFF31
FFFFF8B6
00000DC1
00000F58
FFFFFB9F
0000009B
FFFFF78E
FFFFF98F
0000014F
FFFFF823
00000588
FFFFF94D
FFFFFDF3
FFFFFFEE
FFFFF39F
FFFFF31B
000003AA
0000030B
000006C7
0000055C
0000023D
000007F4
00000C65
FFFFF7B1
000004C5
FFFFF679
FFFFEF41
000004F7
FFFFF4F2
00000533
000002FA
0000053C
0000024A
FFFFFAEB
00000BA6
FFFFED83
FFFFFF1A
00000D44
FFFFEC9B
00000555
0000105A
00000180
FFFFF3E4
FFFFF10D
00000004
FFFFFFB7
FFFFFE56
FFFFF7E0
0000031C
000014C0
0000065A
FFFFF97C
00000DEB
FFFFEB5D
FFFFFB3B
FFFFFA3E
FFFFFBA4
00000036
FFFFF98D
FFFFF304
FFFFF756
00000A91
FFFFF5E4
FFFFFE91
FFFFF1E8
FFFFF330
0000078B
FFFFFD7B
FFFFFA5F
FFFFFD3F
FFFFF58B
00000AFD
00000C49
FFFFFADC
FFFFF8A2
00000117
FFFFF887
FFFFFF36
FFFFFFB9
000005E6
FFFFF6DD
000004E2
00000657
000000C2
00000389
FFFFFB7C
00000618
000002A8
0000042E
FFFFF884
FFFFFCF0
000000D1
0000074D
00000418
00000821
0000060B
00000288
FFFFF79F
FFFFF6D9
0000052F
FFFFF94E
00000489
000001AC
FFFFFED5
000006DA
00000176
FFFFFD12
FFFFFA2A
00000969
0000044B
0000079A
FFFFFEED
00000008
FFFFF926
FFFFFBFD
00000B60
00000263
000000EC
FFFFFE39
00000070
00000902
00000738
FFFFF98B
FFFFFA36
00000218
FFFFFC0C
FFFFFEF4
00000239
FFFFFE5C
0000005B
00000399
FFFFFBF3
FFFFFE25
00000027
FFFFFE35
00000379
FFFFFBBF
FFFFFB3E
00000626
00000514
00000283
000005CB
00000436
FFFFF8E1
FFFFF7D3
0000025D
FFFFFD9E
FFFFFF3C
00000533
FFFFFFAF
0000059A
000000DA
000009A7
FFFFFA0D
000007DE
0000027C
000003FE
000001A5
000006F8
00000273
00000ACB
00000607
00000216
000008A9
FFFFFCF0
00000554
000001C5
00000208
00000688
0000063B
000001BE
FFFFF779
00000995
00000700
00000A57
00000E8E
FFFFFD6F
00000171
FFFFF809
FFFFF92A
FFFFFC8F
FFFFFF9C
FFFFFDEA
0000015C
000003A3
FFFFF9B5
FFFFFBB0
0000080A
FFFFF824
FFFFFF28
0000085E
FFFFFFAD
FFFFFBC3
00000229
0000044D
00000309
000002B3
000008C3
FFFFFDE7
FFFFFDDB
00000678
FFFFF950
FFFFFE66
000002D0
FFFFFC75
FFFFFFEB
FFFFFF1E
000001C4
00000260
000001ED
000003C7
0000015F
FFFFF99D
000000B3
FFFFFDAD
0000016E
000000C5
FFFFFF7D
FFFFF83F
FFFFFCB6
FFFFFF6D
000002C4
0000073C
FFFFF2E5
000002CA
FFFFFA6A
FFFFFD5E
FFFFFC2F
FFFFFF33
FFFFFD91
FFFFFA5B
00000358
FFFFFF5E
FFFFFC06
000005A6
00000413
FFFFF9AB
000006AD
00000876
00000214
00000269
FFFFFC56
000004E9
0000021B
000005DF
0000067C
FFFFFF48
000002C2
00000200
00000976
00000628
00000A6E
FFFFFF59
00000B1E
00000970
00000779
000004E4
00000048
FFFFFFC0
000003E6
00000B6A
000001A3
00000313
0000008E
0000022E
0000082B
00000673
0000080A
00000170
000003F6
000003A4
00000D09
00000129
000007E0
FFFFFDA3
00000290
00000599
00000333
0000027B
FFFFFEE7
000003DF
FFFFFEC2
FFFFFD49
00000873
FFFFFD11
FFFFFD53
00000614
FFFFFE8A
000005D6
000001DE
00000041
FFFFFCAB
00000241
00000866
FFFFFB9C
000006F6
0000044A
00000924
0000073B
FFFFFF85
0000013B
000003CB
00000388
00000161
000006E8
000008C2
FFFFFFA9
000005F1
000009B9
0000065D
FFFFFDEF
00000B75
FFFFFDCF
00000062
0000026F
0000001C
000003CB
000001DA
00000070
000007AF
FFFFFEB1
00000633
0000000C
00000313
FFFFFC93
FFFFFE65
FFFFFBA9
0000095B
FFFFFDBF
00000299
000000F5
FFFFF721
00000836
00000434
FFFFFE38
000003A1
FFFFFA72
FFFFFE00
FFFFFD34
0000008E
FFFFFEEB
FFFFFF10
FFFFFADC
FFFFFC0B
00000083
000000D0
FFFFFCF6
00000056
FFFFFEAD
00000426
00000309
00000A93
FFFFF8C5
000000B3
FFFFFD34
0000036F
000002E7
FFFFFEC6
FFFFFF96
FFFFFCFF
FFFFF7F2
FFFFFB2B
0000057A
00000175
FFFFFE04
FFFFFBEE
FFFFFDE2
FFFFFB64
00000403
FFFFF90B
0000035C
FFFFFA94
00000553
FFFFFEED
FFFFFEAF
00000591
00000245
000007C9
FFFFFDE1
00000797
FFFFFA09
0000021C
0000068B
000001A9
000001B4
FFFFFD49
00000256
000002A4
00000381
FFFFF83B
FFFFFDD9
FFFFFEE2
0000044B
FFFFFCF4
FFFFFF00
00000861
FFFFFB90
FFFFFFF7
0000064E
000004F1
000005A9
000001CD
00000864
00000564
000002B6
000007F1
00000BEF
FFFFFE8B
FFFFF7C7
FFFFF9F5
FFFFFDE2
00000229
000005DF
FFFFFC06
000004EF
000003D7
0000037E
FFFFFB92
00000508
FFFFF9AF
000004F9
0000032C
FFFFFD9D
00000065
00000472
FFFFFFF6
0000005E
00000124
0000064D
000000B9
FFFFF9B3
FFFFFB6C
0000042A
FFFFF631
000004F9
FFFFFDC3
0000070A
FFFFFD34
000009B6
00000153
0000084A
00000842
00000549
0000033F
FFFFFD10
000006C1
0000031E
00000549
FFFFFFFB
000005E4
00000ACA
00000C74
000004B6
00000A46
000007C7
000003CD
0000048F
000007AA
FFFFFFF9
00000955
0000078F
000004DB
00000848
0000054A
FFFFF4B8
FFFFFD3B
FFFFFAC6
FFFFF70D
00000246
00000017
FFFFFC05
FFFFFFD0
000004FD
FFFFFB67
FFFFFE3E
FFFFFB05
FFFFFC62
FFFFFABB
0000059F
000003B5
000004B7
00000168
FFFFFEBC
0000079B
00000553
FFFFFCBC
00000642
00000730
FFFFFF58
FFFFFD17
000001D0
00000048
000000F0
FFFFFC0C
FFFFFDDD
FFFFFA03
00000013
000004B5
FFFFFAF9
000002DE
FFFFF9F7
FFFFFBCA
FFFFFD05
FFFFFA3A
FFFFFFE3
0000096B
FFFFFB1F
FFFFFFA9
FFFFFF07
FFFFFBDA
FFFFF761
000000C4
000003AA
00000790
0000062F
FFFFFEE6
0000020A
FFFFFCA8
00000405
FFFFFDE1
FFFFFF76
0000049D
00000AA9
0000055C
000007B1
0000036A
0000002D
000005E1
FFFFF72E
FFFFFD46
FFFFFCA1
FFFFFDA4
FFFFFEE8
FFFFF6B5
FFFFFB6E
FFFFFF92
FFFFFDCA
00000571
00000452
00000203
000001CA
FFFFFB2F
000001BB
FFFFF951
FFFFFD9F
00000480
FFFFFDF1
FFFFFD7C
FFFFF969
FFFFFA95
000000A1
FFFFFA78
00000093
0000064E
000003F3
00000034
FFFFFF71
FFFFF9D4
000002D9
0000097E
00000259
00000048
0000083D
00000607
00000CC2
000001E7
FFFFFDC3
00000644
00000000
FFFFFC1E
00000BEF
000004E1
000003F3
0000015B
000000F9
000009EF
00000605
00000546
00000264
000003F3
FFFFFEB9
000002D8
00000274
000003D6
FFFFFD55
FFFFF92A
00000513
00000598
FFFFFDC2
FFFFFF4B
0000009C
00000239
000006F1
FFFFF89B
FFFFFB5C
FFFFFF1E
000002BC
00000573
000007E7
FFFFFDB5
000003CB
FFFFFBDA
FFFFFB0D
FFFFFB90
00000741
0000073F
00000786
00000099
0000016D
000001B4
00000758
FFFFF996
FFFFFBDB
0000028B
FFFFF613
0000064E
FFFFFBCA
FFFFFDCF
FFFFF79F
FFFFF7FF
FFFFF91C
FFFFFC6E
FFFFF796
FFFFFD97
000001BF
FFFFFE83
000004C7
00000864
FFFFFD3F
000002AC
FFFFF9CF
000009A4
000005CB
00000083
000007C9
FFFFF713
0000017D
FFFFF7E0
FFFFFD8C
0000029D
FFFFFF61
FFFFF9FA
FFFFFF44
0000030F
FFFFFADC
FFFFF6E5
000003C5
FFFFFAA9
00000008
FFFFFCA9
FFFFFEC9
00000536
FFFFF5D0
00000AC9
000003CD
00000208
00000DAA
000008D2
00000997
FFFFFD4D
FFFFFA7D
00000432
00000249
FFFFFEB9
FFFFFDAC
00000C27
00000A27
FFFFFF28
000008CB
00000DB2
FFFFFB15
FFFFEDFD
00000E1F
FFFFFBC6
000002DA
FFFFFAD7
00000673
FFFFF737
000001F2
FFFFF4F1
00000D95
FFFFFC48
0000042F
0000011B
FFFFFBB0
FFFFFB8E
FFFFFC78
00000B19
00000652
000005C7
FFFFFED6
FFFFF765
FFFFF8B3
00000DC6
000005E8
000009FA
FFFFF5BB
00000B85
FFFFF720
00000262
FFFFF7A7
FFFFFEC2
FFFFF2CC
FFFFFF1C
000004A5
FFFFFD24
FFFFF8D7
FFFFF998
0000012D
FFFFF436
FFFFFFE7
00000420
00000088
000007D5
00000205
FFFFF581
00000BCE
0000079B
00000EE8
00000B05
FFFFFE6C
FFFFFDF6
00000614
000001D2
FFFFFBAE
FFFFFD65
00000130
FFFFFDAA
0000040C
00000ADF
FFFFF8A3
FFFFFA7C
00000530
00000350
000009DC
0000061E
000000F6
00000105
00000D46
00000790
00000640
FFFFFDEF
000009F7
FFFFFC25
000003D9
FFFFF63A
00001404
00000333
000007B4
00000301
00000D42
FFFFF995
FFFFFAA8
FFFFFCBD
FFFFFCC6
FFFFFC63
0000045B
000007A9
00000766
00000A14
000006FB
000004C8
FFFFF68E
0000079D
00000753
FFFFFAF8
000001CA
0000001F
FFFFFE14
FFFFFFB3
FFFFF5E7
FFFFFA08
FFFFFCEA
FFFFF816
FFFFFD8B
0000055A
FFFFF53C
FFFFFE3A
0000050B
FFFFFA54
00000D44
FFFFFBB6
000004F6
00000EA1
00000490
00000291
00000584
000003AA
000003C3
FFFFFCD3
00000B67
00000164
FFFFFB53
000003BC
00000E9E
000008DE
FFFFFDAC
FFFFF84A
00000378
FFFFFF77
FFFFFE81
FFFFF546
0000003B
00000889
FFFFF8B2
FFFFF97F
00000C50
000000EB
000006F0
FFFFFAAC
FFFFFBD3
FFFFF9A9
00000958
FFFFF7A1
FFFFFE4E
FFFFF72F
FFFFF6BD
00000395
FFFFFE41
0000009F
FFFFFB51
00000286
000001C9
FFFFEFD1
0000036F
FFFFFBE9
FFFFF634
FFFFFB59
FFFFF990
FFFFF81E
FFFFFF3B
00000457
FFFFFA95
00000209
FFFFFFFA
FFFFFE14
FFFFFA31
00000219
FFFFFF46
000005D4
00000665
FFFFF868
FFFFFB1F
FFFFF85C
00000339
000002F2
FFFFF952
FFFFF7C6
FFFFFEAB
00000340
FFFFFE7B
FFFFFF41
00000647
FFFFF8FF
0000041B
FFFFFAAB
FFFFFEAC
FFFFF686
FFFFFEB3
00000938
0000063F
FFFFF842
0000032C
0000083C
FFFFFE34
FFFFFA2C
000006B9
000002B0
FFFFF453
0000026C
00000011
0000055C
000008A2
FFFFF8B3
000012B5
FFFFFFC9
000009DC
00000597
000002D1
000001FE
00000060
FFFFF8A5
00000917
000001E0
FFFFFFD8
FFFFFD4C
FFFFF8AE
0000028B
FFFFFEEB
00000C3B
FFFFFFAF
00000DB9
00000009
00000D70
000001F6
0000028A
00000B68
FFFFFC17
FFFFF224
000003F7
000009B8
FFFFFC86
FFFFFDDA
FFFFFC20
FFFFFA52
00000042
FFFFF7C6
FFFFFE4A
FFFFFEF7
00000205
FFFFFE61
FFFFF991
FFFFF93E
00000806
000004AD
000008D9
FFFFF5E0
00000585
000009C0
FFFFF663
FFFFFBF7
000001B8
FFFFFD45
000000F6
FFFFFD89
FFFFFE55
000006AB
00000687
00000B7F
000003B3
FFFFFBA4
00000F7E
FFFFFA7A
00000162
FFFFFF55
FFFFF934
000006E7
00000369
000005EA
000001F1
FFFFFBA8
00000024
0000042F
FFFFFAAE
FFFFFA5A
00000BE8
FFFFF536
FFFFFC21
FFFFFA0B
FFFFF1E2
00000341
00000409
00000296
0000028D
000007C0
FFFFFE44
00000230
FFFFF913
00000314
00000623
FFFFF5CE
FFFFF469
FFFFFC76
00000456
FFFFF94C
FFFFF459
00000655
FFFFFD55
00000427
00000845
FFFFFE57
FFFFFA52
00000257
FFFFF7EE
FFFFFC17
0000009E
000005B2
FFFFF14F
000008F8
FFFFF722
0000059C
00000196
FFFFF711
000002BC
000001D0
00000051
FFFFF40E
FFFFF45E
FFFFFFEC
000003CF
FFFFF050
FFFFFE57
FFFFFF81
FFFFF349
FFFFFEF3
00000978
FFFFF918
00000B99
000005CC
000009AB
FFFFFFF1
FFFFFA9D
00000D2E
FFFFFEC4
00000221
00001428
00000334
00000D64
FFFFFA3E
00000F0F
00000936
FFFFFF8D
00000167
00000A03
FFFFFC7A
FFFFFCE1
00000C3F
FFFFF97E
FFFFF1ED
0000098C
00000E43
FFFFFCB0
00000274
FFFFFF1A
000006BB
00000529
FFFFF8B6
FFFFFEB4
00000508
FFFFF5D7
FFFFF7B7
FFFFFBF9
00000532
FFFFF943
FFFFF94E
FFFFFD7A
000008AD
0000093A
FFFFFEA1
FFFFFCCF
0000001D
00000810
00000219
00000F98
FFFFF78E
FFFFFE71
000000BC
0000099C
0000009D
FFFFFAAB
000007A7
000008CD
FFFFFFA7
00000781
FFFFFEB4
000003FF
FFFFF94E
000005AB
00000581
FFFFF965
0000104F
000007EE
0000055A
00000A16
00000D5C
FFFFF5A0
FFFFF622
0000027D
FFFFFA85
FFFFFB40
00000056
FFFFFB72
FFFFFD1A
FFFFFA1D
000004C2
FFFFFEAB
FFFFF89C
FFFFFB0A
000009C9
0000090E
FFFFFC1B
0000043E
00000594
FFFFFE78
FFFFFA52
FFFFFC1A
00000532
00000476
000004F8
FFFFFF1D
FFFFFE33
0000085F
000008E7
0000024A
000006AE
FFFFF28C
000005AB
000004C0
00000282
FFFFFA01
FFFFF40E
FFFFF823
000001D0
0000003E
FFFFFAE1
FFFFFF38
00000A04
FFFFF566
0000011E
FFFFF8BA
00000335
FFFFFEB6
000005D6
FFFFF822
FFFFF977
00000470
FFFFF5B8
000005C6
00000AC6
000003C2
000008F5
FFFFF494
FFFFF5C9
FFFFF83D
000002C7
FFFFFCBE
FFFFF65F
FFFFFA13
00000722
00000554
000002D3
000002F7
FFFFF6FC
0000032F
FFFFFDD7
FFFFFF4D
0000001D
FFFFFFD6
FFFFF8A5
FFFFF3D8
FFFFFA61
FFFFF786
FFFFF8A8
FFFFF649
FFFFFDDD
FFFFFED8
FFFFF461
00000A03
0000065D
FFFFF65E
FFFFFF85
FFFFF7F1
000009FF
FFFFFFF0
000009E3
000002F6
0000005C
000000F0
FFFFF669
000002CB
00000042
FFFFFC2D
00000008
00000705
FFFFFDEC
FFFFF7C6
00000B92
00000023
FFFFFD3E
00000752
0000006E
FFFFF74B
000009B3
FFFFFADB
00000559
000009FB
000005E1
FFFFF9CA
FFFFFCD7
00000504
FFFFF764
FFFFFE88
000000AB
000008A3
000003F9
00000637
000002C5
000006BE
FFFFF9EF
00000C3B
FFFFF568
00000748
FFFFF68F
00000080
FFFFFEF0
FFFFFF23
00000595
00000C0A
000002A3
000008E8
00001077
000004E8
00000029
FFFFFCFB
00000606
FFFFFFEC
00000E8F
FFFFFE05
0000043D
000006F8
FFFFFF49
00000B8C
00000668
FFFFFE59
000002FF
000003B5
0000059A
00000512
00000870
00000189
FFFFF637
00000F67
FFFFFEC5
00000248
0000078F
000012CE
FFFFFEC5
0000020D
0000091F
FFFFFBDB
0000036C
00000647
000006E6
00000061
FFFFF77B
FFFFFFB4
FFFFFFF9
00001084
0000060B
0000093C
FFFFFA6F
00000537
FFFFFA66
FFFFFEC2
000006DB
FFFFFE5B
FFFFF655
000013F5
00000154
000004C2
FFFFFA67
0000098E
0000086F
00000735
FFFFFDA8
0000094E
FFFFF2FA
FFFFF4C3
FFFFFD18
FFFFFE53
00000213
FFFFF92A
FFFFF1F0
00000631
00000189
FFFFFE91
FFFFF405
000009B4
000002E0
FFFFFE18
0000000D
FFFFF520
FFFFF87B
FFFFFD5B
00000044
0000064E
000002CB
FFFFFA6A
0000096E
FFFFFDDB
000008A4
FFFFFB2D
0000094E
000008F2
FFFFFCD3
000000F0
FFFFFE16
000009DC
FFFFF991
000001DE
FFFFF342
FFFFFD2C
FFFFFC35
00000A25
FFFFF745
00000CC3
00000567
000007D6
FFFFFF40
000002EE
FFFFFD53
0000038D
FFFFFD25
0000009E
FFFFF9CE
FFFFFDE2
FFFFFCC6
FFFFF7C7
00000867
FFFFFBD7
0000015E
00000645
00000666
FFFFF895
FFFFF2ED
FFFFFFF7
0000012B
FFFFFFA6
00000521
FFFFF82E
0000041B
FFFFFC79
FFFFFECD
FFFFFB70
FFFFFB18
FFFFFDC5
FFFFFDA6
FFFFF763
0000080B
0000059B
000002F4
FFFFFF72
FFFFF5B0
0000060C
FFFFF140
FFFFF506
FFFFF36B
FFFFF390
000008E9
00000161
FFFFEFB7
FFFFFF24
FFFFFE9A
00000612
FFFFF859
000003FE
000002DB
000006E4
FFFFF9EE
00000079
FFFFFB12
000006E3
FFFFF39A
00000766
FFFFFCF8
FFFFFB44
00000A98
000005A1
FFFFFE36
FFFFF59D
00000336
00000F04
000000C7
00000A20
FFFFFF58
00000A19
00000BD1
FFFFFC33
FFFFFF2F
000006D1
000003EA
000011DA
FFFFFDEB
000009ED
00000132
00000F14
FFFFFFF2
00000D7D
000004F9
FFFFF98D
FFFFFDAE
FFFFFB6B
00000042
0000050F
FFFFF6B3
FFFFFBF8
FFFFEF63
FFFFFC58
FFFFF673
FFFFF7C9
FFFFFB5D
00000022
FFFFF66B
FFFFFEA5
FFFFFEA1
FFFFFB88
FFFFFB4C
FFFFFDFB
FFFFFFF6
FFFFF378
FFFFF743
000001F4
FFFFFBB7
FFFFF06A
FFFFF0E6
FFFFF16A
FFFFFD66
0000043E
FFFFF93D
000003DE
FFFFF750
FFFFFD47
000006AC
000008F3
000005F1
FFFFFB53
000006A6
FFFFF659
00000591
000004D2
FFFFFB7C
FFFFF619
000000C1
FFFFFCBB
FFFFFCA2
FFFFF97C
00000570
FFFFF705
FFFFF8F2
FFFFFA24
FFFFFAD7
00000B48
FFFFFB08
FFFFF460
FFFFFB9C
FFFFFF97
FFFFFEBC
00000435
00000243
FFFFFCC5
00000FA0
FFFFFB32
FFFFFD2E
00000234
FFFFF917
FFFFFFA5
FFFFFC43
FFFFF4C1
FFFFF51A
FFFFF703
FFFFFEE8
00000265
000002BA
00000001
FFFFFD25
FFFFF45C
FFFFFFC7
FFFFF578
000004E9
FFFFF796
FFFFFCDB
FFFFFE37
FFFFFA49
FFFFF40B
FFFFF9CC
000005FA
FFFFFF52
FFFFF65F
FFFFF8A7
FFFFF3D2
000005D7
FFFFF645
0000021E
0000094A
FFFFFCDB
00000682
000006F4
00000809
FFFFFD47
00000644
FFFFFE46
000006FF
00000345
0000088D
FFFFFBC2
FFFFFD02
FFFFF2C2
000005BE
FFFFFE79
FFFFF011
FFFFF84C
FFFFFB9A
FFFFF96D
FFFFFA8C
FFFFF886
FFFFFA39
0000076C
FFFFFC72
FFFFFD6B
FFFFFC54
00000756
00000546
000001ED
000001AE
0000046F
FFFFFE0E
FFFFF515
0000038A
FFFFF959
FFFFF438
FFFFF901
FFFFF7DF
FFFFFE66
FFFFF783
000002B3
FFFFF7DD
00000391
FFFFF734
000007C0
0000041F
00000206
FFFFFE07
0000062B
FFFFF885
FFFFF78E
FFFFF959
FFFFFE53
00000A94
FFFFF5F7
FFFFFDBA
FFFFF8DF
FFFFF638
00000969
000011B7
FFFFFD81
FFFFFC73
000005AF
00000395
FFFFF868
00000311
00000460
0000053F
000012EA
000008D3
00000CB3
000000F5
00000028
FFFFFC9F
FFFFF9A3
FFFFF7FC
FFFFFBD0
FFFFFF3F
0000024A
00000622
00000417
00000EBB
FFFFFCCF
0000090C
000002D3
000001CB
00000062
FFFFFA18
00000B99
000009D2
0000051F
00001055
000008CC
0000062A
000001C2
00000002
0000127D
00000CF9
FFFFFD8D
FFFFFFFB
FFFFFDE4
0000036A
000006A4
00000962
00000F1F
00000B02
FFFFFDCC
FFFFF5AE
0000121F
00000872
00000F34
00000046
00001485
0000074E
00000743
FFFFFE2F
FFFFFB55
FFFFF58E
00000144
FFFFFF1E
FFFFFCC7
00000108
FFFFF373
FFFFFF7A
000007F5
000004BE
0000056F
FFFFFEC4
FFFFF042
FFFFF64D
FFFFFBB2
FFFFFEC7
FFFFF15A
000001E1
FFFFFD3A
000006EB
FFFFF78C
000000A8
0000023E
00000047
FFFFFBED
00000179
00000BC8
00000C8E
000005EB
FFFFF882
00000823
0000017F
00000393
00000550
00000ECA
00000F5A
000001A5
00000CA9
FFFFFB1B
00000211
000001D1
00000B5C
0000034C
FFFFFC98
FFFFF547
000001A7
000008C8
FFFFF30E
00000359
FFFFFF5E
000006AB
00000B51
00000061
FFFFFC19
FFFFFD11
FFFFF6ED
00000BC2
FFFFFA57
00000839
000009FD
000002CB
FFFFFF36
00000508
FFFFF218
FFFFFF75
FFFFF20B
0000051A
FFFFFE28
00000017
FFFFF3C3
0000058C
FFFFF5FD
FFFFF27A
FFFFF9D8
FFFFEFAE
FFFFF540
FFFFF2E4
FFFFF78D
FFFFFD7D
FFFFF7DB
000000C8
FFFFFC55
FFFFF76A
00000303
000003AD
FFFFFEEA
00000EC4
0000077B
000000E0
FFFFFB9E
00000571
000003B3
000009C7
FFFFFEE0
FFFFF9DD
00000B7C
FFFFFECD
0000082B
000002EF
00000547
FFFFFF0A
0000071F
FFFFF9A2
00000586
00000424
00000043
00000AF7
FFFFF4E4
0000006E
FFFFFD69
FFFFFA15
FFFFF34B
FFFFF0C0
FFFFF57A
0000001A
00000226
00000F2E
FFFFFCE4
00000E50
FFFFFBB7
FFFFFE18
00000316
00000670
FFFFF902
000003FC
000003A0
000010F2
FFFFFE50
00000AF7
000008E7
00000314
000003A9
0000021F
00000BFA
000000F4
FFFFFAC4
FFFFF60C
000006A7
FFFFF986
0000099F
FFFFFFEB
000006D9
FFFFF91F
000001EB
FFFFF65C
FFFFF7B5
00000996
FFFFFF88
00000027
00000886
0000019C
0000092E
FFFFF997
FFFFFF0F
FFFFFF81
FFFFFA7E
FFFFFDA6
00000AD2
00000377
FFFFFF9A
00000BB0
FFFFFAA1
00000194
0000026D
FFFFFCDF
00000432
000004BC
00000479
0000028F
FFFFFBB2
FFFFFC7B
FFFFFBD5
FFFFF7AE
FFFFFA7D
FFFFFD9B
0000019B
00000045
FFFFF46D
FFFFFEC9
000002F4
00000611
00000957
0000090A
000002F2
0000066E
00000401
00000AEA
00000449
00000F77
000001C6
00000867
00000D22
000006BC
FFFFFA49
00000E96
00000935
00001082
00000770
000003CC
FFFFFFCC
FFFFFF5C
00000829
00000212
FFFFF550
000005A1
000008D6
00000AAD
00000267
FFFFFF68
000006E3
0000067A
FFFFFDA6
FFFFFB89
FFFFFE26
000009C4
00000304
FFFFF8EE
00000092
FFFFFD59
00000061
00000009
000001E5
00000243
FFFFFC3B
FFFFF958
0000014D
00000A29
FFFFF5D3
FFFFFD4C
FFFFFE4C
000005C9
000003E7
FFFFF7A2
00000352
000006E9
00000890
0000052A
00000409
000004EE
00000672
00000288
00000A81
FFFFF75D
00000460
FFFFFF8E
FFFFFA90
00000848
FFFFF4D0
00000044
000005FD
000004C2
00000312
00000339
FFFFFE74
000005EB
0000061D
000007D2
FFFFFAF0
00000403
FFFFFFD0
00000B70
FFFFF5B1
00000AE5
00000548
FFFFFA3C
000007AF
FFFFF9A7
000006EB
FFFFFCC0
0000013D
FFFFFFDB
000001E8
00000417
000003E5
000004EC
FFFFFA5D
FFFFFB34
FFFFFF0E
FFFFFA33
FFFFF76B
FFFFFBD0
0000027B
00000093
0000061A
000005B4
FFFFFAF9
00000758
FFFFFFC5
000000C2
FFFFFBA3
FFFFF610
FFFFEEB1
FFFFFC71
FFFFF9C3
FFFFF265
000006C4
FFFFFFB0
FFFFFDF7
FFFFFE61
FFFFFD48
00000040
FFFFFD67
00000845
0000062E
FFFFFE03
000009C2
FFFFFF60
00000070
FFFFFE71
FFFFF830
FFFFFD24
FFFFF9D7
000002D2
0000088B
FFFFFB8D
0000043A
FFFFFDFF
00000B3E
FFFFFC90
00000975
00000AA6
FFFFFC47
00000B02
FFFFFA32
FFFFF792
00000A6F
000000C5
0000048F
00000876
FFFFFF55
00000629
FFFFFA43
0000008F
000002EE
FFFFFF31
FFFFFE84
00000094
00000624
FFFFFE31
FFFFFA6D
FFFFFF2E
FFFFFEAE
000002BA
FFFFFC99
FFFFFF17
00000061
00000E59
000004CA
FFFFFCF0
FFFFFE35
FFFFFBFF
0000021B
FFFFF87B
0000010E
FFFFF4C2
FFFFFD83
FFFFFE31
FFFFFD40
FFFFFF11
FFFFF9D4
FFFFF678
FFFFFE01
00000596
000000A4
FFFFFC46
00000411
FFFFFAE5
FFFFFB78
FFFFF9A8
000009EC
000005BA
000008D6
FFFFFE70
0000031E
00000687
FFFFF873
FFFFFB25
00000561
FFFFF7D7
0000065B
000001BC
00000584
00000739
0000055A
0000016E
00000407
00000543
FFFFF81C
00000462
FFFFFD76
FFFFFF54
000000BF
FFFFF8BA
00000250
FFFFF7C4
000002C1
00000BC0
0000045E
FFFFFE50
00000488
00000411
00000243
000006B5
FFFFFECD
00000529
00000018
FFFFFC6C
FFFFFF61
FFFFF4BD
0000054C
FFFFF618
FFFFF9FC
00000669
FFFFF9EB
FFFFF6AD
FFFFF83F
FFFFF9BF
00000360
FFFFFABF
FFFFF885
FFFFF601
00000488
00000B1A
000004B9
000008A2
FFFFFE33
0000074D
00000363
000009C1
00000211
000001CA
00000352
000005E1
000002BB
FFFFFB57
000009A9
000004D8
FFFFFDDE
00000235
FFFFFD6A
0000034A
FFFFFC5A
000003D5
00000291
FFFFFCE2
FFFFF7CE
0000053E
FFFFFD27
FFFFF679
000000B1
FFFFF78E
FFFFFBD4
000006DF
0000015C
FFFFFE5C
000000A5
FFFFFC24
FFFFFCDE
000002C0
000009E6
000003A7
0000055E
00000205
00000411
00000752
000001C3
00000159
FFFFFC22
00000174
FFFFFE4B
000000B4
FFFFF8C7
000002DB
FFFFFC5D
FFFFF8B9
0000040C
0000018A
000000A3
000001B2
FFFFFEC9
FFFFF51B
00000716
FFFFFDA7
FFFFF9C2
00000146
FFFFFCD4
00000865
0000074F
0000071D
000005FA
FFFFFD3F
FFFFFC38
FFFFFE8D
0000088F
000005EE
0000058A
000000BC
FFFFFE54
FFFFF665
00000AEB
000000D8
FFFFF86C
FFFFFB37
FFFFFAED
0000080C
00000272
FFFFFE02
00000AED
FFFFFDD1
FFFFFF7D
000001F0
00000289
FFFFFA83
000002EC
00000A03
0000016B
0000053B
000005EA
FFFFFCC1
000005DA
FFFFFF1E
FFFFFBC3
00000C3E
000003DE
FFFFFEA8
00000623
00000123
FFFFFA64
0000045A
0000022B
000005D5
000004E7
000002F5
000004AE
00000BC2
00000F63
0000073C
00000A89
00000DC2
00000355
00000383
00000078
00000083
FFFFFCD9
00000403
000008DF
FFFFFC88
00000D72
00000629
00000B7A
00000808
FFFFFDD3
00000DD3
0000015B
0000009E
FFFFFD0C
000004D3
00000C25
FFFFFDA8
FFFFFB48
00000066
FFFFFE9E
000004A4
FFFFFBD2
00000F1A
00000805
0000055B
00000511
00000A90
00000207
000010F8
0000027D
0000023F
FFFFFC51
FFFFF708
FFFFFF47
FFFFFFA9
00000BBF
FFFFFA81
00000E12
00000C4A
00000472
00000D86
00000293
0000042F
FFFFFFB6
0000055C
FFFFFC44
FFFFF739
FFFFFD0D
000007CF
FFFFFD7B
FFFFF9D4
00000069
FFFFFD5E
FFFFF863
0000027D
000003BF
FFFFF82B
00000039
FFFFFDE4
FFFFFA50
00000921
000005C1
FFFFFC9B
00000B03
FFFFF886
FFFFFAB1
00000092
FFFFF3D8
00000707
000006AA
00000710
00000428
00000693
FFFFFAEB
FFFFFE92
0000065B
FFFFFC6B
000002CA
00000124
FFFFFB58
000002D8
FFFFFCD5
00000075
000009FE
FFFFFD14
0000039A
00000016
00000436
FFFFFBB8
FFFFFD38
0000012A
0000009E
FFFFFC48
000003AB
00000420
00000BEB
00000443
FFFFFCAB
FFFFF6CB
FFFFFC98
FFFFF6E8
FFFFFD75
FFFFFFB9
FFFFFBF5
000003D5
FFFFFE3C
000006A1
00000012
000001AA
FFFFF93F
00000467
FFFFFC9C
000001F1
000002EB
000005B1
FFFFFEE4
000009A3
00000257
00000B0F
0000037C
000002B5
000003DB
FFFFFC00
FFFFF8D8
FFFFFF3A
FFFFFFD9
00000431
0000083D
0000036A
0000059E
0000042E
FFFFFFCE
FFFFFD81
00000243
00000586
000004C4
FFFFFA86
FFFFFB0D
FFFFFED3
FFFFF8AD
000004C3
00000082
00000501
00000124
FFFFFA04
00000011
FFFFFBA0
FFFFFE3C
FFFFF86B
00000820
00000CAA
000000B1
00000227
0000027E
00000352
FFFFFB91
FFFFFE97
00000319
00000649
00000A0F
000007E2
00000766
0000067E
000001A3
00000467
000002C1
00000517
00000679
00000167
00000F17
00000742
00000430
00000266
FFFFFF61
00000368
00000751
00000CC0
FFFFFED1
FFFFF845
FFFFFD4F
000005C4
FFFFF928
00000732
000008F3
FFFFF43B
FFFFFE23
00000720
0000082F
FFFFFCC3
FFFFFB4D
0000043B
00000C23
0000078B
0000065A
000000F3
FFFFFF02
000001F4
FFFFFE13
FFFFFF34
0000015C
FFFFF9A2
FFFFF95D
0000015E
00000312
FFFFFE65
FFFFFEE6
00000240
0000058B
00000369
00000AD8
000001E5
000002DA
00000853
00000497
0000074E
00000391
00000A1F
00000D15
FFFFFF1A
FFFFFB45
00000811
00000A72
00000965
00000391
00000BE4
000008D8
000000ED
00000756
000008A4
00000330
00000FB0
00000436
00000463
00000597
000002B0
FFFFFCAD
000000AA
0000059B
FFFFF68B
000008FF
00000371
000002D9
000008D4
000001DF
0000048F
000008E6
00000550
00000396
00000802
00000867
FFFFFE77
FFFFFF2A
000003E2
FFFFFEB6
FFFFFD5A
000007EE
00000056
FFFFFA34
FFFFFCA4
FFFFFDB2
FFFFF3BD
FFFFFF1E
00000953
000001D2
00000892
FFFFF824
FFFFFEA1
000002E2
00000268
FFFFFFDE
FFFFFA32
FFFFF9F6
FFFFF89D
0000020C
00000B22
0000022B
FFFFFD0A
00000C8C
00000124
FFFFFC64
00000AAD
FFFFFFE1
000005F3
FFFFF7FE
FFFFFCB1
FFFFFDF8
FFFFF888
FFFFF32C
FFFFF6FB
FFFFFE79
FFFFF802
FFFFFEC4
000000FB
FFFFF648
FFFFFE59
00000621
FFFFFCAA
FFFFFFED
FFFFFD7F
FFFFF865
00000549
FFFFF5AA
FFFFFCFD
FFFFF63F
FFFFF2FB
FFFFFF06
FFFFFD3C
FFFFF7C8
FFFFFAAA
FFFFFC0B
000009C7
FFFFF715
FFFFF5EC
00000519
FFFFFCAB
FFFFFBD9
FFFFFEE1
FFFFF24B
0000054B
0000031D
FFFFF472
0000014C
0000042B
FFFFFCA9
0000018C
000005E6
0000029A
000003B4
000006EA
FFFFFF5F
FFFFFA9F
000006BA
FFFFF61E
0000068F
00000AD7
FFFFFC72
FFFFF7B7
FFFFFB6D
FFFFF5A5
000004FE
FFFFFFF3
0000043F
00000029
FFFFFBA5
FFFFFFB8
00000B92
00000799
00000304
0000057A
FFFFF3AC
FFFFF8CC
00000547
000001BA
FFFFF76D
000006FA
FFFFF9A5
FFFFF6AF
FFFFFB72
FFFFF55B
FFFFFEB1
000004D6
000005E0
FFFFF5BC
FFFFF764
FFFFF882
FFFFF4CA
0000046B
000005F0
FFFFF197
FFFFFC35
000003AD
FFFFF70C
00000162
FFFFFE76
00000344
0000031B
FFFFFEDE
00000473
FFFFFCD7
FFFFFF0D
FFFFF9C0
FFFFF3AA
FFFFFB76
FFFFFE6B
FFFFFEE0
FFFFF76F
FFFFFD94
FFFFFC0C
00000183
00000134
000000C9
FFFFFB7E
000001D8
FFFFFCB4
FFFFFD41
000001C5
00000212
00000031
FFFFFF8E
00000444
FFFFFCE8
00000739
00000948
00000049
FFFFFF60
000004D7
0000046C
FFFFF441
FFFFFA44
FFFFF686
FFFFFE25
00000425
000009F5
0000077A
00000B17
00000843
FFFFFC77
00000C4C
FFFFF846
000002E1
000008FA
00000304
FFFFFBD9
00000500
00000E5B
0000017F
000004AC
0000023C
00000413
000009B2
FFFFF9FC
FFFFF920
000005F9
FFFFF5AF
00000222
000007D8
FFFFFD38
FFFFFD69
000006AA
00000879
FFFFFAE3
0000080B
000003DD
FFFFFEF6
0000034B
FFFFF93A
FFFFF969
0000038C
FFFFF6F0
000003C7
00000765
FFFFF682
0000050A
FFFFF9B3
000002FC
FFFFFB25
FFFFFBCD
FFFFFE29
00000484
FFFFFBF7
FFFFF8C0
00000777
FFFFF826
00000665
FFFFFC89
FFFFFCF2
00000822
FFFFFA8A
FFFFF623
FFFFFF6B
FFFFFA1D
FFFFF981
FFFFFE7F
FFFFF49D
00000619
000009E0
000004A0
FFFFFEA6
FFFFFA32
0000039C
0000024F
FFFFFDCA
0000069C
000009B7
00000428
000000C6
00000563
FFFFFB10
FFFFF923
000005AB
FFFFFCC6
FFFFF9AA
00000241
0000018F
FFFFFE88
FFFFFC08
FFFFFEA0
FFFFFEFA
FFFFFF8D
FFFFFE4E
FFFFFB95
00000258
FFFFF706
FFFFFC01
FFFFFA35
0000069E
000001DA
00000416
0000014D
000002A4
FFFFFB2C
FFFFFB33
FFFFFCF0
FFFFF90C
00000567
FFFFF97D
FFFFF285
000000E5
FFFFFC55
00000A48
FFFFFF01
000006FB
0000028C
00000132
FFFFFEED
00000861
0000069C
00000617
FFFFFD9C
FFFFFBD5
FFFFFD28
FFFFFA1C
00000AED
00000437
FFFFF4C6
00000741
000001AE
FFFFFDD2
FFFFF8B2
0000010E
FFFFFED4
FFFFF634
FFFFFB4E
00000484
00000215
FFFFFAC7
00000429
00000180
FFFFF6BA
000002CB
00000847
00000736
FFFFFB5F
000002C9
FFFFFEE4
FFFFFC4C
FFFFFAC8
FFFFF3BD
0000043E
0000029D
FFFFFFC3
FFFFFC25
000002B8
FFFFF54D
00000777
FFFFF668
FFFFFD1B
00000400
0000052F
FFFFF54A
FFFFFC63
FFFFF1C5
0000043B
FFFFFDB7
FFFFF87D
FFFFF4D0
FFFFFCBE
FFFFFF8D
FFFFF39D
00000556
000003D1
FFFFF5C7
000001F3
FFFFFB17
FFFFF389
000007E4
000001B9
000001A7
00000471
00000731
FFFFF09E
000004E9
FFFFF19D
FFFFF1BE
FFFFFA3E
FFFFF941
000002FE
FFFFF7B1
FFFFF579
FFFFFBFC
00000D4C
FFFFFC2E
00000434
FFFFFB63
FFFFFF5C
FFFFFBB2
00000C2E
00000422
FFFFF9D7
FFFFFE69
00000967
0000059D
FFFFF7EA
00000704
FFFFFBC8
FFFFFE34
FFFFFB9F
0000087E
00000514
0000076F
FFFFFC6F
00000992
00000DA5
00000B73
000009D9
000000BB
00000FAE
00000C9F
00000997
00000E82
00000E0D
000002AA
00000142
0000031A
FFFFFF86
000001D0
FFFFF993
FFFFFCDF
FFFFFB9E
000002AC
FFFFFF60
FFFFFBA2
FFFFF587
FFFFFDAF
FFFFFAD8
00000081
0000064C
00000411
00000533
00000614
000003BF
000004A7
FFFFFADB
FFFFFDCF
00000366
FFFFFCF1
FFFFFA94
000008E5
FFFFFBED
0000015E
FFFFF9BC
000003F2
FFFFF63D
FFFFFAA5
FFFFFBF3
FFFFF917
FFFFFFBA
FFFFFAD0
FFFFF3F9
FFFFFAFC
FFFFF561
FFFFF5B0
000000AD
000002FF
FFFFFE80
FFFFFE4B
FFFFF9D6
0000012E
FFFFFDC6
0000009A
FFFFF789
000007BB
FFFFFFDE
000001D3
00000973
0000037A
FFFFFF0E
0000043E
FFFFF493
FFFFF9FF
000006C9
FFFFFF81
FFFFF4CC
FFFFF792
FFFFF3AE
FFFFFA81
0000058F
000001C9
00000656
FFFFF5A6
FFFFFD20
FFFFFC50
FFFFFCC2
FFFFFC32
FFFFFD68
FFFFFD56
FFFFF384
FFFFFE06
00000020
00000509
000002A0
FFFFF9F8
FFFFFD19
FFFFFBFB
FFFFFE2E
FFFFF53F
FFFFFCE8
FFFFFB0D
FFFFFDB1
000001C1
FFFFFDED
FFFFFF0F
000007DA
00000037
FFFFFC35
FFFFFEC9
FFFFFE43
FFFFF599
FFFFFBFB
0000052A
FFFFFE56
FFFFFEF3
000005CB
FFFFFADF
000002B1
00000C5F
FFFFFF6A
0000058C
000008C1
00000A6C
00000769
000000E1
00000097
FFFFF4C1
00000FCB
00000169
00000198
00000AFA
FFFFFF31
000004B3
000007EE
00000D8F
00000ACD
0000000D
FFFFF66D
FFFFF89A
FFFFFDE7
000000CC
FFFFF458
000008F0
000009B0
000006E2
FFFFF692
FFFFFDF2
FFFFFE55
FFFFF888
00000208
FFFFFC94
FFFFF56C
FFFFF9F9
FFFFFEE1
FFFFF93C
FFFFFD39
FFFFF463
00000425
FFFFFF8E
00000245
000000DD
00000425
00000661
FFFFFBDC
0000038D
00000229
FFFFFF4C
FFFFFADE
FFFFEED7
FFFFFF38
FFFFFB1D
FFFFF9F4
000001B1
0000011D
FFFFF76B
00000A3F
00000AF0
FFFFFB6E
000008F0
FFFFFABF
FFFFFBBC
FFFFFB91
00000503
00000115
FFFFFAC6
FFFFFB4C
FFFFFF97
FFFFFC8B
FFFFF318
000003E5
FFFFF54C
FFFFFEC2
FFFFFA2C
000005AC
FFFFFE0A
0000000D
FFFFF940
FFFFF6C7
FFFFFA92
000004C7
FFFFF93A
FFFFF7E5
FFFFF160
FFFFF9FD
FFFFEF3C
FFFFF926
000002F9
FFFFF31F
00000655
00000438
FFFFFAFE
00000A46
00000649
000002B8
00000DF0
00000BBA
00000BFF
000000A8
FFFFFFC0
FFFFFCE7
00000B2F
FFFFFE24
000009AE
000000BC
0000087B
FFFFFAB8
0000037F
FFFFEEA8
000007D8
FFFFF301
0000084F
FFFFFC53
00000718
FFFFF891
00000328
FFFFF4A7
FFFFFA4E
FFFFF91F
0000007A
FFFFFAB7
FFFFFE17
FFFFFCFD
00000934
00000327
0000065B
FFFFFE2E
FFFFFD89
000001D5
00000A54
FFFFED4C
FFFFF5F5
FFFFF2C1
000006FF
FFFFF442
FFFFFDE8
00000379
0000020C
FFFFFA33
FFFFFC53
FFFFF9F6
FFFFFF89
00000912
00000D19
000003AB
0000016B
000005FA
000009C6
FFFFFBC8
000002B2
FFFFFC2A
00000741
FFFFFA8B
FFFFF7AE
FFFFFF67
0000039C
0000010B
FFFFFC1E
FFFFFCD6
00000340
00000360
FFFFFB02
00000B13
000007D7
00000244
FFFFEAE5
00000015
FFFFFD93
00000A50
00000DC5
FFFFF827
FFFFFA41
FFFFFA1B
FFFFFC58
FFFFFE27
FFFFF8A3
00000AAA
000001B9
FFFFFA9F
FFFFFB23
00000492
FFFFF70B
FFFFFF8D
0000013F
FFFFFA4B
FFFFF4DA
FFFFF0D3
FFFFF9DE
000007DF
00000BE3
FFFFFB74
FFFFFB53
FFFFFF45
FFFFFD31
00000527
FFFFFF41
FFFFF89D
FFFFFCFD
0000038E
FFFFF623
FFFFFAE8
00000842
FFFFF48D
FFFFFAD7
000003C6
000005CA
FFFFFC83
FFFFF5BD
FFFFFE7C
0000065A
00000056
FFFFFEE2
00000A21
FFFFFD40
0000075A
FFFFF163
FFFFF875
FFFFFFA9
FFFFF5A5
FFFFF1B3
FFFFF7AB
00000494
FFFFFFB2
FFFFFE55
FFFFFD5E
FFFFFED4
FFFFFF14
FFFFFA47
FFFFFD3C
00000780
FFFFF6E1
00000A01
FFFFFDE2
0000019D
00000F4E
FFFFFF98
FFFFFF79
0000081C
FFFFFA10
0000025C
00000210
FFFFF55B
FFFFFF9F
0000042A
FFFFFEA5
00000A2C
FFFFF55F
00000D43
FFFFFEE4
FFFFFD09
0000061C
00000375
00000325
00000556
000000DC
00000125
FFFFFE1B
00000B98
00000423
FFFFFF43
FFFFF62B
FFFFFC0F
00000443
FFFFFE08
00000840
000000BD
FFFFFF32
FFFFFD64
FFFFFD1E
0000015E
FFFFFE3A
0000044C
0000023C
FFFFFB43
FFFFF930
FFFFFE86
000001E1
000008B9
000009BC
FFFFF9EA
FFFFF68B
FFFFFEB3
FFFFF4A7
FFFFF818
0000090E
000009E4
0000076A
0000044F
FFFFF632
0000034D
FFFFFEB8
000005CB
00000241
FFFFF89C
FFFFF5C1
FFFFFF3D
FFFFF5B3
FFFFF939
FFFFFFAA
0000003D
00000F94
FFFFF975
00000791
FFFFFE8A
00000AAE
0000022E
0000006F
0000072B
FFFFFE16
00000444
FFFFF709
00000864
000009AF
0000076B
00000198
FFFFFA63
FFFFFD9B
FFFFFF7F
000005C6
FFFFFF61
FFFFFC80
FFFFFF2A
000006AA
FFFFF9A8
0000083A
FFFFFB74
FFFFFF87
000001C6
FFFFFE9C
000009BE
000006EE
00000919
00000511
FFFFFB2E
FFFFF45A
FFFFF9DA
00000AC6
FFFFFE67
FFFFF7BC
FFFFFE5B
FFFFFD22
00000262
000003AD
FFFFFFE3
FFFFEFF4
0000068C
FFFFFC50
FFFFFA0E
0000006E
000007CB
FFFFFC9E
FFFFFB7E
000006C5
00000455
FFFFF5EF
FFFFFA81
0000025B
000001DA
00000ED3
FFFFF13E
FFFFF17E
FFFFFF87
FFFFF852
0000008E
FFFFFC40
FFFFFE9F
FFFFFCB7
000002A2
000001AC
0000031B
FFFFFC7C
FFFFFF15
FFFFFA3E
00000549
FFFFFC02
FFFFFCDB
000008B4
0000097A
000006D8
FFFFFE61
00000BDF
0000108C
00000D72
FFFFFA49
00000817
0000004F
FFFFFA0B
00000C9C
0000000B
00000EFC
FFFFFC01
FFFFFE51
00000807
00001008
000003B8
FFFFFB7B
000008A5
000008A5
000006CB
FFFFF5C3
FFFFEE7E
FFFFFADC
00000E39
0000038A
FFFFFD87
000008D9
FFFFFFEE
000005A0
FFFFF1DF
0000046F
FFFFF107
000003BD
FFFFFE1F
00000AC9
FFFFFF9E
00000305
FFFFF39B
FFFFFE30
FFFFFBED
000004D9
000009D8
00000313
00000435
FFFFFB68
000006F8
0000115E
00000CCB
000008E7
00000715
0000097F
000008F4
FFFFF84B
FFFFFD06
000002AB
00000118
FFFFEE69
FFFFF612
FFFFFFB1
000002B6
00000112
0000036E
FFFFECCF
FFFFF660
FFFFF2CE
0000126E
FFFFE93E
00000D9E
FFFFF6E1
FFFFF5B7
FFFFFB09
FFFFFFB7
000002B6
FFFFEE8F
FFFFF73E
FFFFFFFC
FFFFFFDE
0000058E
FFFFFE9D
FFFFFB9A
00000841
FFFFFBDE
FFFFFF1D
FFFFF4E3
FFFFFC4B
00000450
FFFFFE34
FFFFF768
000009E9
FFFFFC27
000006ED
000003DD
00000B4E
0000051D
00000525
FFFFFE36
00000677
000002DE
00000240
000001F2
FFFFFC44
00000A73
FFFFFB77
000013B1
FFFFF998
FFFFFBD2
00000676
0000017B
FFFFFA77
FFFFF550
00000430
0000045E
00000BD1
FFFFF71B
FFFFFE6D
FFFFFE01
00000242
FFFFFA6C
000000E3
FFFFFF13
FFFFFD1C
00000669
FFFFFEE7
0000048F
00000B3B
00000281
FFFFEFF2
000007B1
00000307
000004AF
00000CD2
FFFFF68F
FFFFFA4E
00000CF5
FFFFFF7E
000009C3
000004E3
00000AA2
0000033A
FFFFFDC4
FFFFFB7D
FFFFFC07
00000584
00000D67
FFFFF85F
00000047
00000363
00000206
FFFFFBC0
FFFFFE86
FFFFFAC0
FFFFFB29
000001CE
FFFFF6C3
FFFFFB17
00000227
00000155
000004A7
FFFFFF89
FFFFFF79
00000A59
FFFFFFF6
000007A6
FFFFFC9E
FFFFFFE8
00000671
00000479
00000920
00000B8E
FFFFFBFA
000006DC
00000E80
FFFFF7AB
00000715
FFFFF74D
00000275
00000547
000002C1
000000AF
00000753
00000905
FFFFFBAE
FFFFF584
FFFFEFC8
00000130
000003D3
FFFFFB0A
0000017A
FFFFF53F
000002AA
000009C1
0000003E
0000012A
FFFFF647
00000BAD
00000B2D
FFFFFC79
000004BD
FFFFFFB4
FFFFFE01
0000040A
FFFFF45E
FFFFF9FA
FFFFFA01
00000492
00000813
000004E1
FFFFF35B
00000550
FFFFF1C4
FFFFFEFE
FFFFFE6A
FFFFFA48
FFFFF85D
00000038
FFFFF9AE
0000014F
FFFFF8E9
0000090F
00000C0F
000001B2
00000715
FFFFFB5D
FFFFFF95
00000157
FFFFF7F3
FFFFF4AA
FFFFF46E
FFFFF941
FFFFFCF8
000009AB
000000C6
FFFFFC1D
FFFFFADE
FFFFFCC4
FFFFF943
FFFFFA96
0000080C
00000160
FFFFFCEE
0000087F
000006C0
000001B6
FFFFF923
FFFFFF04
00000C08
FFFFFBD8
000001B3
0000018B
00000082
FFFFF67C
00000828
0000083B
00000311
FFFFFC02
FFFFFD5A
FFFFFF3C
0000038C
000007F5
FFFFF922
00000EC7
00000517
00000029
000004AB
FFFFFE80
FFFFFF44
00000516
FFFFFE42
FFFFF591
0000014A
FFFFF39F
00000AA5
00000202
00000469
0000082E
FFFFFDB1
FFFFF75D
00000314
FFFFF80E
FFFFFC9D
FFFFF4EC
0000006A
0000024B
0000099F
FFFFF4B5
FFFFFF80
FFFFFC7D
000006C7
FFFFFADD
FFFFFE91
000001CB
FFFFF666
FFFFFA5C
000004F4
00000040
00000749
000006A1
FFFFFBCF
000000BB
FFFFFE9C
000000F0
00000942
00000380
00000734
0000079A
000006C6
000006F5
000006F4
0000086B
FFFFFC53
FFFFFC2D
FFFFFA04
00000509
0000056D
00000500
FFFFFD2F
0000025B
FFFFFA5E
0000053E
FFFFFFF1
000005C5
00000493
000003CC
00000289
FFFFFCEF
FFFFFECF
000003DF
FFFFFBA0
FFFFFC32
0000033C
00000166
FFFFFE10
0000042B
0000008D
000001F6
00000590
00000323
FFFFFD19
000002F2
FFFFFBA4
FFFFFF55
00000334
00000143
00000471
0000043E
FFFFFE44
00000161
FFFFFED7
000003A9
0000049B
00000143
FFFFFF45
FFFFFD19
FFFFF8A0
FFFFF9CC
00000178
FFFFFE6A
0000024A
FFFFFF7E
000006A7
FFFFFEEB
FFFFFF94
FFFFFF34
000008B0
00000447
FFFFFDC4
0000024C
00000088
00000545
0000038A
FFFFFDBB
FFFFF976
000001D2
000001A2
FFFFFEC4
0000048C
FFFFFAEE
0000053F
0000015C
0000039D
FFFFFD7B
0000024E
00000015
000003AA
000005DF
0000010E
FFFFFE9C
000006D4
000004B9
000000B6
0000052F
000000E8
FFFFFD2F
FFFFFCF8
000003C4
000002E4
FFFFFFCC
0000076A
FFFFFCB3
FFFFFAA8
000001FF
FFFFFC00
00000745
000000DE
FFFFF7E5
FFFFFCDA
000004B5
00000163
00000579
FFFFFFF7
000000C7
000002D2
00000DB1
00000719
FFFFFE09
00000917
FFFFF97C
000008DD
00000288
00000928
00000C49
FFFFFFCE
FFFFFBAB
000004A6
FFFFFA92
FFFFF964
000005E4
FFFFFF45
FFFFF9D3
0000006E
FFFFFB9D
FFFFFCCF
FFFFFEC6
FFFFF758
00000227
000001F5
000004AC
FFFFFBD9
00000066
00000090
FFFFFFE1
00000554
FFFFFBD9
0000038A
FFFFFE30
000005A0
FFFFFE1D
000008C9
FFFFFE4C
FFFFFC76
FFFFFE6C
0000012A
FFFFFBAC
FFFFFD0F
FFFFFA22
FFFFF747
FFFFFC13
FFFFFEE2
FFFFF900
000001CD
FFFFFDD6
000004D8
00000382
0000048E
FFFFFE14
000004F9
FFFFFFA2
0000016E
00000962
00000260
FFFFFD3A
000003AB
FFFFFC9A
00000657
00000449
FFFFFEE0
000001CF
00000278
00000089
00000554
FFFFFDF5
FFFFFF4F
00000542
FFFFFE4A
000007F7
000002B1
FFFFFA0F
000007C2
00000068
FFFFF884
FFFFFEB3
FFFFF6F5
0000022F
00000632
0000072E
000002B8
FFFFFE1D
00000293
FFFFF9F5
FFFFFFA4
0000031D
000002D5
FFFFFE77
000007CD
FFFFFF05
FFFFFD5F
00000808
FFFFFC8D
FFFFFD98
FFFFFA59
FFFFFB28
FFFFFD64
000001B8
000005B0
000001A0
000001E9
00000616
FFFFFED1
FFFFFEE9
00000295
0000020B
000003C6
FFFFFA66
0000009B
000002B4
0000028C
000007A5
FFFFFC66
00000007
FFFFFCC1
000007AA
FFFFFF86
000000D4
00000291
FFFFFE1D
FFFFFC49
FFFFFF5B
FFFFFAAA
0000022E
FFFFFB17
000001B4
000003B2
00000C24
FFFFF9A5
FFFFFAFA
FFFFF9D0
000005F9
FFFFFC33
FFFFFE19
000001E8
0000022B
FFFFFDC3
000000F0
FFFFFEB7
FFFFF761
FFFFFE23
FFFFFC79
000004FD
000005FC
0000044A
0000019F
FFFFF853
FFFFFBBD
FFFFF763
FFFFF8D8
FFFFFF7F
00000B20
000000B1
00000470
000006B6
FFFFFD26
00000228
000003A6
00000242
0000025E
00000261
000006D1
000005BC
00000266
000004D5
FFFFF7D9
FFFFFEF6
FFFFFBAC
00000589
000006A1
FFFFFC87
000003EA
0000026B
000006D5
0000041F
00000125
FFFFF694
00000E05
0000020B
0000062C
FFFFFF63
0000009A
00000B29
00000E89
FFFFF9AE
FFFFFC71
0000034A
0000056A
000007E3
0000040D
FFFFFB78
0000074C
000005D2
00000417
0000046B
00000647
FFFFF719
FFFFFEB4
000009D0
00000531
FFFFFE2F
FFFFFEF2
FFFFFB74
00000471
0000048E
0000004A
0000058B
FFFFFF62
FFFFFECD
0000057B
FFFFFC95
00000636
00000856
FFFFFA9E
000000CD
FFFFFAB1
0000056E
000005E3
00000557
FFFFFB1B
FFFFFD8D
FFFFFA54
000004D5
0000004C
0000069B
0000085A
0000113A
000004F8
00000F88
000000B9
00000D89
00000407
FFFFFD75
FFFFFCF4
000002E4
FFFFFB9C
00000733
FFFFFC8D
000001AF
FFFFFDB0
000003F0
FFFFFC02
00000174
000002FD
000003EA
000003D7
FFFFFC13
000006DD
000003D4
FFFFF7C8
FFFFF73A
FFFFF796
FFFFF95D
FFFFF83B
000002BF
FFFFF729
FFFFFF39
00000118
000000BB
000006A7
00000706
000007C1
00000201
0000026A
000009BD
00000A00
0000013F
00000286
FFFFF4D5
FFFFFE67
FFFFFAE4
0000034D
FFFFFBEB
00000325
FFFFFF87
FFFFFCFC
00000757
FFFFFA6F
00000019
000004E5
FFFFFAB2
FFFFF574
0000013A
FFFFFBA6
FFFFFF15
FFFFFB61
000003F8
FFFFF9FA
FFFFFFE5
0000079A
00000533
0000047D
FFFFFE9D
000002DD
000004AC
FFFFFCEC
000007A6
FFFFFA22
000008D5
0000001E
0000037D
0000039B
FFFFFDB8
0000034D
00000372
00000000
0000050C
FFFFFB2B
00000705
FFFFFD1E
FFFFFF09
FFFFFFE6
FFFFFFB8
FFFFFD26
FFFFFDC2
00000701
00000946
0000058C
000002B0
FFFFFBB7
FFFFFD03
00000020
FFFFFCA6
FFFFFB4D
000000F1
000001C5
FFFFFE4A
000003DD
FFFFFC13
FFFFF862
FFFFFDDE
FFFFF9F9
000000B5
FFFFFC8F
FFFFFD7C
0000015D
00000121
FFFFFB4E
000000DC
0000015D
000002FF
00000057
FFFFF845
0000016D
FFFFF47D
00000293
FFFFFEDB
FFFFF606
00000098
FFFFFD29
0000037F
0000097B
FFFFFCC5
000000B8
000007FE
00000AD7
00000903
000005F5
0000070F
FFFFFE61
00000185
000004C5
00000050
000005D6
FFFFFB45
FFFFF742
00000CBE
00000871
00000522
FFFFFCA4
00000D3C
00000435
00000993
0000056A
0000059A
FFFFFC98
FFFFFD2F
FFFFFEC3
FFFFFEAA
000002E1
FFFFFCF4
FFFFFCD0
FFFFFCED
FFFFFF7B
000003D7
FFFFFF10
0000040D
FFFFFF22
FFFFFD86
000001B4
FFFFFC39
FFFFFA89
000001C7
000004AF
000000E3
000003FF
00000529
FFFFF8D8
FFFFF92A
00000600
00000014
00000609
00000D71
FFFFFED7
00000C6F
FFFFFF28
000004AA
00000293
000007C1
00000A49
0000043A
000013ED
00000A0E
000002B0
00000DFD
0000028A
000009B8
00000987
00000F4D
00000ACA
FFFFFF6E
00000A55
000007A0
00000C12
00000491
000007E5
000002AE
00000550
00000490
000004E2
FFFFFF90
FFFFFEFE
FFFFFB90
FFFFFF50
000003D4
FFFFFC7C
FFFFF8ED
FFFFF642
000003B0
00000381
00000798
0000056E
FFFFFB3E
000001CB
0000026A
000001CE
00000103
