00000032
FFFFFEE7
FFFFFCCA
FFFFFCB4
00000126
FFFFFDC2
00000593
FFFFFF52
FFFFFE25
FFFFFEA7
FFFFFF05
FFFFFD69
000001D4
FFFFFEED
FFFFFD1D
FFFFFB86
FFFFFCFB
00000204
000003B0
FFFFFC3D
00000194
FFFFFC11
0000000F
FFFFFF07
000004B3
FFFFFCD0
0000009B
00000693
000000A9
000004EA
FFFFF9DB
0000018B
0000056A
00000694
FFFFFF60
00000198
0000009F
FFFFFE11
FFFFFDD5
FFFFFA9B
FFFFFC74
000001E8
FFFFFFEA
FFFFFF97
FFFFFCB3
00000196
000002D1
00000298
FFFFFF88
00000585
00000280
FFFFFF75
FFFFF908
FFFFFF0A
000001C9
FFFFFDCB
FFFFFD9B
FFFFFCA2
FFFFFCEC
000003A3
0000057E
0000011A
000003D8
000001F2
FFFFFDB4
FFFFFCF7
0000004E
FFFFFCD2
FFFFFD95
0000030F
FFFFFD89
FFFFFDFB
FFFFFC3D
FFFFFEB8
FFFFFA6F
00000082
FFFFF7F7
00000021
00000540
00000333
FFFFFE1E
FFFFFCD3
00000256
00000025
000000EC
FFFFFFA6
FFFFFFA6
0000036C
FFFFFEF4
0000033E
000005A5
00000098
0000017F
000002A0
FFFFFE4D
000000DD
000005F0
00000441
000001D4
FFFFFF5C
0000004D
FFFFFCB1
00000327
FFFFFC0C
000000E8
00000118
0000039D
FFFFFDE2
00000359
FFFFFD1D
00000187
0000017B
FFFFFEDF
FFFFFF4A
FFFFFAF3
00000519
FFFFFC2B
00000351
000006B4
FFFFFC4C
FFFFFCC4
FFFFFA56
000004D4
00000509
000000A7
FFFFFCB5
0000019C
00000107
000001E8
FFFFFCE9
FFFFFAB4
00000235
FFFFFE60
000002C3
FFFFFE6A
00000585
00000333
000000DD
00000247
00000089
FFFFFAF4
FFFFFDD2
000001B8
FFFFFF7D
000001DD
00000549
00000057
FFFFFED5
00000526
0000029D
0000031F
FFFFFFB8
00000077
FFFFFCF1
0000024D
FFFFFB82
FFFFFE70
FFFFFC27
00000338
00000057
FFFFFEB7
FFFFFC9F
FFFFFF99
00000260
000003EE
FFFFFB72
FFFFFD58
FFFFFED9
000001BF
0000044A
000001C8
000002C0
00000110
000003AD
FFFFFBB4
0000016C
000004A9
0000028F
FFFFFE5B
00000115
00000254
000001B2
0000003E
FFFFFAE7
FFFFFCE8
FFFFF906
FFFFFC21
00000110
00000294
000001B6
FFFFFF65
FFFFFE15
00000004
000000C0
FFFFFC60
0000023F
0000008A
FFFFFE63
00000026
000006E1
FFFFFEE1
000003E5
00000052
FFFFFE24
00000136
FFFFFFA8
000003B3
FFFFFF19
00000308
00000327
FFFFFF8D
FFFFFFCA
00000063
00000301
FFFFFF60
FFFFFF1D
FFFFFD9A
000002A1
000005BD
000000E7
FFFFFFF3
000003C3
00000295
FFFFFE76
000004DC
FFFFFF1D
0000028B
FFFFF94C
FFFFFAED
FFFFFA62
FFFFFBA5
FFFFFF07
FFFFFCC3
FFFFFCD1
FFFFFEBE
00000426
00000064
FFFFFBB1
FFFFFDB9
0000007C
000002CC
0000041B
00000234
00000210
FFFFFDDB
00000314
0000024B
0000026C
FFFFFE9C
0000031E
000001CD
000001B6
0000035D
FFFFFB01
00000005
00000230
0000081B
0000013B
FFFFFC4F
000000C3
00000700
00000106
FFFFFDF0
0000058B
00000332
000001CD
00000223
FFFFFE2F
FFFFFED3
0000044F
FFFFFABF
00000192
FFFFFB54
00000068
0000036F
000000AC
FFFFFDE4
FFFFFF38
00000221
000000BF
00000009
FFFFFF1B
0000039A
FFFFFC40
FFFFFB99
FFFFFCE3
FFFFFF34
0000017A
0000022A
FFFFFB7F
FFFFFF04
FFFFFD51
FFFFFEC1
0000039E
000004B1
00000239
000005E4
FFFFFE28
000000A2
FFFFFAAF
FFFFFB8E
FFFFFDD5
0000017F
FFFFFE6F
FFFFFC8C
00000119
FFFFFCB6
FFFFFD25
000007C2
000004B2
00000430
FFFFFE98
0000023C
000000A0
FFFFFDCE
000005A9
FFFFFF7B
FFFFFFE6
FFFFFDE8
00000019
FFFFFD99
000002DC
00000393
00000350
FFFFFF6E
000000C4
FFFFFDE4
00000487
FFFFFFD6
FFFFFEE4
00000006
FFFFFE82
FFFFFCB3
FFFFFD5A
00000344
00000474
000004A1
000000BC
FFFFFCBA
FFFFFE55
00000127
000002A5
00000042
0000032E
0000044A
FFFFFDD4
FFFFFCAD
000005C7
FFFFFD42
FFFFFF93
00000361
00000321
0000027E
000000C3
000001AF
FFFFFCE7
FFFFFF9F
0000031C
00000241
FFFFFFA5
000002CA
FFFFFBE0
FFFFFCF2
FFFFFC24
FFFFFDF3
000001F8
000001B7
00000016
00000278
00000137
0000019C
000000A1
000000A6
0000034C
FFFFFED6
000000F3
00000072
0000007C
FFFFFEF0
00000455
00000056
FFFFFDFA
00000087
FFFFFF63
FFFFFE4D
FFFFFA9D
FFFFFE7D
FFFFFF8D
FFFFFFC4
0000024B
FFFFFACA
000000DA
00000048
000000D5
FFFFF8B9
00000363
000003C2
FFFFFFCB
000005A5
000001D4
00000267
000001A9
0000029C
00000613
FFFFFEB2
0000061B
FFFFFE41
00000136
00000022
FFFFFD55
000001DC
00000581
000001EB
0000014B
FFFFFE98
00000563
000002CE
000001D0
FFFFFE1B
FFFFFF5B
FFFFFFD6
00000459
000002B4
FFFFFE7D
FFFFF9C4
FFFFF993
00000335
00000068
FFFFFE13
00000064
FFFFF99D
FFFFFEF5
000001F6
00000521
FFFFFBA8
0000004B
FFFFFE0B
0000002B
FFFFFD6C
000003BA
FFFFFCE9
000002F5
FFFFFDB4
FFFFFC5C
0000044B
FFFFFF85
FFFFFC29
000002C4
00000928
00000393
FFFFFD64
FFFFFDFB
FFFFFE32
FFFFFF8D
FFFFFED6
FFFFFF2B
00000187
FFFFFCB2
00000086
FFFFFF04
FFFFFD5E
FFFFFF01
000001C5
0000038F
000000AF
0000002B
FFFFFDA4
00000384
000002BE
00000353
FFFFFF03
FFFFFF39
FFFFFE0A
FFFFFC4A
0000039A
FFFFFF39
00000018
FFFFFC22
FFFFFEF8
FFFFFEF7
0000000D
FFFFFEE0
FFFFFB7D
FFFFFCC2
FFFFFA82
FFFFFC2A
000003E0
000003CC
000004BA
00000387
000004B4
00000395
FFFFFD13
FFFFFC7A
0000025A
FFFFF9F1
FFFFFB75
000000C3
000003A0
FFFFFECA
000003CD
000002A7
000002E6
FFFFFE28
FFFFFE64
FFFFFDB5
FFFFFC26
000001A7
00000127
000002FD
FFFFFD7C
000004C4
FFFFFF44
FFFFFCB4
0000002A
FFFFFDA9
000004CE
000003B2
0000052C
000000AE
00000150
00000410
0000000B
FFFFFCD0
FFFFFA57
FFFFFFA2
FFFFFB67
FFFFFD28
FFFFFDAE
00000119
FFFFFE3D
0000060F
FFFFFC00
FFFFFE9B
FFFFFD26
FFFFFD1C
000002FB
00000091
00000288
FFFFFE14
00000713
0000017E
00000472
FFFFFD78
00000379
000006B0
00000551
000002B1
000005C5
FFFFFED4
FFFFFE21
000002A2
FFFFFF10
000000C6
00000008
000002B7
0000009C
FFFFFF77
00000092
FFFFFE2A
00000006
FFFFFDEC
FFFFFF25
000003B9
00000337
FFFFFD77
FFFFFD77
00000059
00000232
FFFFFC02
000000BF
FFFFFD08
FFFFFE0F
0000020E
00000462
FFFFFC5B
FFFFFC72
000003CE
FFFFFD02
FFFFFBEA
000000FC
0000015F
0000019D
000000A1
000000FD
FFFFFE43
FFFFFC5F
FFFFFF1E
FFFFFE73
FFFFFE5C
FFFFFE26
FFFFFACD
0000025D
FFFFFD21
00000572
FFFFFB39
00000298
00000253
FFFFFEE8
00000499
00000246
FFFFFDC2
FFFFFE69
000001AC
00000397
0000003E
00000029
00000321
00000383
FFFFFDD6
FFFFFD8D
FFFFFB5F
FFFFFCD9
00000113
FFFFFE3D
000000E0
FFFFF9FF
FFFFFD37
0000033A
FFFFFF13
FFFFFEBB
FFFFFD52
FFFFFD70
000002BC
0000023A
000004E0
00000491
FFFFFE83
FFFFFED5
FFFFFB8F
FFFFFC6D
FFFFFE2B
0000006C
FFFFFD84
0000046F
0000007D
00000116
00000145
00000442
00000023
000004CA
00000554
0000044E
0000054C
FFFFFD9E
000001E3
0000012F
FFFFFE97
000000C8
0000038E
FFFFFC62
FFFFFF20
FFFFFCF2
00000021
FFFFFD64
FFFFFFF0
00000143
FFFFFFBD
00000002
FFFFFCCC
0000005D
000001B4
FFFFFF77
00000419
FFFFFEC2
00000388
FFFFFCE4
000002B0
FFFFFE99
FFFFFC14
FFFFFE13
0000018D
00000205
FFFFFFD7
FFFFFDB5
00000149
FFFFFE8E
0000000F
00000318
FFFFFF8C
0000052C
FFFFFEB1
FFFFFDC9
FFFFFB26
FFFFFECB
0000014C
FFFFFA5F
00000185
FFFFFFBC
FFFFFB1E
00000095
FFFFFDAD
FFFFFEDA
000000FA
00000174
000002CB
000001AD
FFFFFE3A
FFFFFEB2
FFFFFF00
FFFFFEBC
FFFFFA8C
0000009A
000000E3
FFFFFA54
000000EF
FFFFFA2E
FFFFFD0F
FFFFFED3
FFFFFE2E
FFFFFF26
FFFFFC9E
FFFFFFA0
FFFFFF0C
FFFFFB42
FFFFFE0F
00000142
FFFFFF4B
FFFFFFEA
000005AA
000003EF
FFFFFAFD
00000234
FFFFFCF8
FFFFFD57
FFFFFD53
00000280
00000369
0000006B
FFFFFFFC
00000236
0000032D
000003A4
00000477
00000356
00000107
00000096
FFFFFFA9
000001E8
000002FA
FFFFFF7D
FFFFFC0C
FFFFFBBE
00000425
FFFFFFEF
0000068A
FFFFFF16
000000C6
000002ED
000001B4
FFFFFEAA
0000000B
FFFFFC8B
000001A2
000000EA
FFFFFD14
00000402
000000B6
0000034D
FFFFFCE4
000001ED
FFFFFF02
FFFFFCE8
FFFFFBF9
FFFFFD96
000002E5
FFFFFDC8
FFFFFB92
00000103
FFFFFF07
FFFFFFA7
FFFFFF48
FFFFFF4C
FFFFFEB3
FFFFFE31
FFFFFC9F
0000035A
00000406
FFFFFA8A
FFFFFC75
FFFFFF4E
00000354
FFFFFCCC
00000163
FFFFFE76
0000050F
FFFFFCE0
00000389
0000051E
000000D4
0000030C
00000675
FFFFFB83
00000210
FFFFFE73
FFFFFB86
00000352
000000B2
FFFFFAC1
000001BF
00000394
00000066
FFFFFC0C
FFFFFED2
00000659
FFFFFC7B
000000D7
FFFFFB5D
000002AC
FFFFFF68
FFFFFFB4
0000008F
0000026B
000002B5
FFFFFAC1
00000052
FFFFFB3F
000002D0
FFFFFD4C
0000033B
00000321
0000003B
FFFFFE1A
00000137
FFFFFE21
FFFFFFF2
FFFFFFBB
000002D6
00000617
0000022B
00000182
FFFFFDCF
000004AE
000003F4
FFFFFF0D
FFFFFDDA
0000069B
00000388
00000565
0000012B
00000342
00000155
000000AB
000001E0
FFFFFF9A
00000135
FFFFFFA4
00000311
FFFFFEA5
000001F9
000002A6
00000172
0000024A
FFFFFAEA
FFFFFC0E
0000006B
FFFFFE73
000001E2
FFFFFDA5
000003E2
FFFFFF04
FFFFFFA4
0000014D
FFFFFDAE
0000036C
000000BA
00000025
FFFFFEEB
FFFFFFEC
00000046
00000406
FFFFFF1E
00000497
0000038F
00000444
FFFFFD6B
000001B1
FFFFFAF9
FFFFFC8F
FFFFFE94
FFFFFDBC
000000A7
00000056
0000021B
FFFFFF09
0000017A
FFFFFE19
00000013
FFFFFBFF
FFFFFB51
FFFFFB73
000004B9
000004D3
00000078
FFFFFD2E
00000715
0000000A
FFFFFF54
FFFFFE9A
0000028A
00000506
00000125
FFFFFCD1
0000021A
00000494
0000024F
00000063
FFFFFD9E
00000537
00000406
00000206
FFFFFF34
00000072
0000027F
FFFFFFCA
FFFFFF7C
FFFFFDA7
FFFFFEC7
0000008C
FFFFFC7A
0000011A
FFFFFF92
FFFFFB48
00000026
FFFFFFBA
FFFFFF03
FFFFFED5
0000027A
0000037E
0000001B
000005AF
FFFFFFDF
FFFFFF25
00000042
000003F8
00000257
FFFFFC4F
000001DB
00000024
00000123
0000005D
000001C7
FFFFFD17
00000312
FFFFFEEB
FFFFFC7F
FFFFFE59
0000026A
0000017C
FFFFFF1A
FFFFFEFA
FFFFFF2B
000001E9
0000013D
000001BE
FFFFFCF0
00000494
00000473
0000029F
00000018
FFFFFE5A
000000E2
FFFFFE79
FFFFFC12
FFFFFF44
FFFFFDF7
FFFFFF7F
00000159
FFFFFD85
FFFFFED4
FFFFFE8B
000000BC
00000156
0000061C
FFFFFF30
00000461
0000042A
0000062A
00000407
0000068C
FFFFFD68
0000018D
FFFFFC05
000005ED
00000102
00000133
FFFFFEC2
FFFFFFC1
00000529
FFFFFFA9
FFFFFDD6
FFFFFF34
FFFFFE06
00000263
FFFFFC8E
00000401
000004A2
FFFFFFE6
FFFFFF42
FFFFFEC7
000003AE
FFFFFBB8
FFFFFED8
00000303
FFFFFC31
000001E8
FFFFFAF8
00000454
FFFFFEDB
00000270
000002F1
00000394
FFFFFF0A
FFFFFEBC
FFFFFEDB
000003DB
000000CE
000000A0
00000173
00000010
000001C0
FFFFFCA3
FFFFFDE9
FFFFFF19
FFFFFC4B
FFFFFD91
00000274
FFFFFE02
FFFFFECB
000001A9
000004B3
FFFFFD44
FFFFFF21
0000051D
FFFFFBFB
FFFFFB11
00000129
000000E3
0000007A
000001AE
FFFFFCA6
00000179
0000001D
FFFFFB08
0000002E
00000396
FFFFFF90
000002A5
0000052E
00000003
00000059
0000017C
FFFFFB29
FFFFFDA4
FFFFFDBB
00000049
FFFFF98D
000001A8
FFFFFF25
FFFFFC78
FFFFFEEB
FFFFFCA2
FFFFFD13
00000226
000000A9
00000186
00000349
FFFFFF54
FFFFFEBC
FFFFFFCD
000000A6
FFFFFE61
000001EB
00000487
FFFFFF04
00000141
FFFFFD00
FFFFFFCF
FFFFFF79
FFFFFE50
000002E8
FFFFFEB8
FFFFFBAF
00000042
FFFFFE43
FFFFFBF6
FFFFFD8E
000000D2
FFFFFFF2
00000582
FFFFFF1C
00000097
FFFFFE98
FFFFFAA2
FFFFFE9A
000004D2
00000544
FFFFFF63
FFFFFEA5
000001BB
FFFFFD06
FFFFF882
FFFFFE68
FFFFFAB7
FFFFFCD1
FFFFF879
FFFFFE3E
FFFFFF5A
FFFFFFC2
00000061
000003A7
00000236
FFFFFD5B
FFFFFFE7
FFFFFEC1
0000005E
000002C4
00000504
000003A9
00000056
0000004B
FFFFFDCE
000005E4
00000214
FFFFFD5B
FFFFFF02
000001F5
FFFFFEE8
0000016E
FFFFFF97
0000017F
000002EF
00000443
FFFFFEF7
0000005B
0000008A
00000232
FFFFFE61
FFFFF91A
00000055
FFFFFC62
FFFFFD1B
FFFFF8B6
FFFFFB41
000000ED
FFFFFA5D
FFFFF98B
FFFFF959
FFFFFA47
FFFFFDE9
0000013D
FFFFFAAB
0000015D
FFFFFFC6
FFFFFE5E
00000421
000002AF
0000025C
00000205
0000033C
00000079
FFFFFD41
FFFFFDBA
00000061
00000071
000002DB
FFFFFD79
000002BE
FFFFFC8F
000004CA
00000371
000001C2
FFFFFD1C
FFFFFF5D
00000114
FFFFFC22
00000497
FFFFFF90
00000223
FFFFFCD7
FFFFFD06
0000014F
000000BB
0000010F
00000042
000001CE
FFFFFE21
FFFFFBBD
FFFFFF9C
00000291
00000276
FFFFFD23
FFFFFCA8
0000036C
FFFFFE00
0000040A
00000235
FFFFFEDF
FFFFFD9B
FFFFFB2B
0000006B
FFFFFA5C
00000034
00000143
FFFFFF7A
FFFFFFD6
00000010
00000060
00000065
000001A6
FFFFFFA8
0000001A
FFFFFEC7
0000030F
FFFFFF3A
00000380
FFFFFCCD
00000199
00000362
FFFFFC63
FFFFFFFF
FFFFFCB8
FFFFFF4A
FFFFFE26
FFFFFF45
0000012A
000001A6
FFFFFD5D
0000044F
FFFFFD3A
FFFFFDB4
FFFFFD9A
0000005C
000000C3
FFFFFD77
FFFFFBDB
FFFFFF9E
FFFFFB2F
FFFFFC2B
FFFFFC75
00000243
00000197
FFFFFEDB
FFFFF94E
0000013F
FFFFFE79
00000102
FFFFFFD2
FFFFFB0E
0000011A
FFFFFE04
FFFFFEF1
00000111
00000265
0000001D
FFFFFF7C
FFFFFC89
0000015A
000002EA
00000054
00000467
00000301
FFFFFF3F
FFFFFD8A
00000333
00000068
0000074B
00000318
000001C2
000000CF
FFFFFB70
00000037
00000215
0000038B
FFFFFD6F
00000219
FFFFFC18
FFFFFCDB
FFFFFFCD
FFFFFF8C
00000126
FFFFFF71
0000010B
FFFFFBF6
00000178
FFFFFDC2
FFFFFEFB
FFFFFDDA
00000394
FFFFFFC8
FFFFFF00
FFFFFC15
00000166
00000406
000002C3
0000019A
000000DC
0000018F
000000AB
000000B6
0000030B
000003D7
FFFFFF1A
FFFFFE07
FFFFFFB9
FFFFFE55
FFFFFE8F
FFFFFDC4
0000032B
000005CC
FFFFFF36
000000B4
FFFFFC00
FFFFFCF1
00000206
FFFFFCB3
000004C1
FFFFFEA9
0000020F
00000034
00000173
FFFFFC50
FFFFFFBE
FFFFFEB6
FFFFFC32
FFFFFFD3
00000447
000004E2
FFFFFDE3
00000457
00000050
00000207
0000007E
0000000F
FFFFFFB2
FFFFFDDD
FFFFFC3B
FFFFFEFD
FFFFFFE0
00000153
0000021B
FFFFFCFE
FFFFFEFA
FFFFFF71
000002F1
FFFFFCB2
000003E3
00000148
FFFFFB4B
0000003C
FFFFFBF5
000002C6
FFFFFC4F
FFFFF9D4
FFFFFC9B
FFFFFEBB
FFFFFDD2
000001DA
FFFFFC97
00000292
FFFFFBBD
000003B6
0000011A
FFFFFE36
000004B0
0000021A
FFFFFEC8
FFFFFDBD
FFFFFD5D
000000DA
FFFFFF77
0000021D
FFFFFDAF
0000032E
FFFFFBCD
FFFFFC01
FFFFFF8A
FFFFFE56
FFFFFF20
FFFFFD89
00000021
00000719
FFFFFFF0
FFFFFD1B
FFFFFC17
FFFFFD4E
FFFFFDA7
FFFFFF32
000003C1
FFFFFFAC
00000087
FFFFFF21
00000359
FFFFFEC0
FFFFFEA5
00000029
0000027C
FFFFFFD4
FFFFFED2
00000584
FFFFFC56
000002E8
FFFFFA02
FFFFFFCC
FFFFFD1D
FFFFFE09
FFFFFBD4
0000003B
FFFFFE61
0000026E
0000004E
000002DF
FFFFFE08
0000013D
00000237
FFFFFDFA
000003F7
FFFFFE27
FFFFFD0C
000001FA
FFFFFD9F
0000001D
00000056
0000029B
FFFFFF09
FFFFFDD4
00000181
FFFFFCE4
FFFFFF7D
000001BC
000001EE
FFFFFD61
FFFFFE20
0000022D
FFFFFD6F
FFFFFF88
00000341
000003AE
000002D7
000001AA
00000150
00000378
FFFFFFEB
00000280
0000051D
000004D3
000005B5
00000093
000002C1
FFFFFCC0
000002C0
FFFFFFC7
0000001F
0000026A
FFFFFB4F
000002B9
000000DA
FFFFFD42
000003C3
FFFFFE6E
FFFFFC70
FFFFFD80
FFFFFB03
FFFFFFED
000001C3
FFFFFD74
FFFFFF89
000001EC
00000305
FFFFFF26
000003A7
FFFFFE07
00000207
00000322
FFFFFEE3
0000008C
00000009
00000150
FFFFFF40
FFFFFD95
0000041B
FFFFFC57
0000037E
FFFFFE11
FFFFFE03
00000257
FFFFFC9F
FFFFFCF1
FFFFFDA6
FFFFFEB2
000002E8
FFFFFE68
000001A1
0000013F
000000A2
FFFFFF31
000001FE
000003A4
000001EB
FFFFFEDA
FFFFFD78
00000250
FFFFFE80
00000007
FFFFFB2D
00000180
FFFFFC3A
000003A1
0000037A
00000043
0000005E
000000FB
FFFFFE5A
FFFFFCF7
000001A4
000001EB
000001DC
00000022
FFFFFDFE
FFFFFD33
FFFFFCEE
FFFFFD5B
0000010E
FFFFFC86
FFFFFBD8
000001B0
00000116
FFFFFDD6
000001D0
0000008F
FFFFFDB0
FFFFFCE3
00000242
FFFFFD1B
0000062B
FFFFFF23
00000089
0000013A
00000478
00000053
00000006
FFFFFFB5
000004C4
FFFFFD83
FFFFFCBE
FFFFFFC3
FFFFFE9F
00000320
FFFFFE51
FFFFFCD4
0000006F
FFFFFE14
000002FF
000000EF
00000218
FFFFFD4B
00000129
000000FF
00000108
FFFFFD31
0000000C
0000070A
FFFFFB3F
00000053
FFFFFC57
00000014
FFFFFFC7
0000036F
000002D8
00000156
0000021C
FFFFFED7
FFFFFF58
FFFFFEFF
FFFFFEC3
0000003C
FFFFFFA6
FFFFFE88
FFFFFE6A
000001B7
FFFFFEB5
FFFFFE65
000005C9
FFFFFCD6
0000021B
FFFFFE68
00000285
FFFFFD89
000001EB
FFFFFD6E
00000114
FFFFFE43
00000480
FFFFFE21
FFFFFFFF
0000015D
FFFFFA72
000003DF
FFFFFF87
FFFFFB61
FFFFFB44
FFFFFE00
00000009
FFFFFE34
00000166
00000021
000001F7
00000038
00000018
000000B6
00000311
000001BA
FFFFFCCF
FFFFFCE9
FFFFFC96
00000247
000002CA
00000168
FFFFFEA3
FFFFFBC1
FFFFFEE6
FFFFFCFA
000001B7
FFFFFFD0
FFFFFBA3
0000001A
FFFFFF31
0000044F
FFFFFDBA
00000257
000002C6
FFFFFE74
000000A5
00000007
FFFFFFC7
000001FD
00000092
FFFFFE6C
FFFFFFF4
FFFFFF62
0000002B
FFFFFF07
FFFFFC9F
000000B3
00000421
00000554
00000217
000002DA
FFFFFF3F
0000059A
000003DB
000001B8
000000C7
000001A6
000001B2
000000C4
00000207
FFFFFBDC
00000404
FFFFFD29
00000667
000001C2
FFFFFD79
00000021
FFFFFE0B
FFFFFEBF
FFFFFFAF
00000056
000002F9
FFFFFF74
FFFFFBBE
FFFFFDD0
000001B4
FFFFFCD5
FFFFFDFF
0000027F
00000271
00000322
FFFFFDA6
00000137
000002E0
000003C7
FFFFFEE8
FFFFFD36
FFFFFCE3
FFFFFFAB
FFFFFD62
FFFFFE3F
0000001F
000001E7
FFFFF83B
FFFFFD78
000000A7
FFFFFCE6
00000028
FFFFFE9A
00000211
FFFFFEEE
000000FE
FFFFFDF3
000001FA
000000AF
000004F0
000002AA
0000013F
00000228
FFFFFC82
000004D1
FFFFFD4B
00000069
FFFFFC35
000000C4
000004C0
FFFFFC6E
00000626
FFFFFB17
00000449
FFFFFF45
00000360
FFFFFC05
00000142
000000F3
00000047
FFFFFF6F
FFFFFA6C
FFFFFC19
FFFFFD06
FFFFFD28
FFFFFE5F
000000FB
FFFFFD56
00000117
FFFFFFCD
0000021C
FFFFFD28
00000170
0000017D
FFFFFF75
FFFFFDC9
00000044
000000B5
FFFFFFE4
FFFFFD04
FFFFFD85
FFFFFD3E
0000014E
FFFFFF72
FFFFFCDF
0000004E
000001D3
FFFFFCD0
FFFFFEA1
FFFFFF84
0000025B
0000015F
000003E7
0000029F
FFFFFE72
0000030A
FFFFFE49
00000532
FFFFFEF1
FFFFFE72
000003F7
FFFFFA78
000000E6
00000120
FFFFFEB0
FFFFFE40
00000018
000002E9
FFFFFD9B
00000001
00000239
00000232
00000463
00000147
000003BA
0000018C
000003A9
FFFFFFD3
00000101
FFFFF9D5
FFFFFAB6
FFFFFE1E
FFFFFC6A
FFFFFD96
FFFFFF70
FFFFFF1C
FFFFFFF1
000000EB
00000236
00000169
FFFFFECE
FFFFFFBE
000002A8
000001A4
0000035F
00000076
00000464
FFFFFEB2
FFFFFC8A
00000068
FFFFFDBF
FFFFFCD9
FFFFFBD6
FFFFFE22
FFFFFF9C
0000005F
FFFFFE12
0000042B
000002D5
FFFFFF37
FFFFFF4E
000002B2
000000AA
000003FC
00000074
000002B7
FFFFFEB8
FFFFFC13
FFFFFE55
FFFFFF45
FFFFFE5F
000003C2
0000029C
00000028
000002A1
000002DE
FFFFFF87
0000010B
00000292
00000424
FFFFFE9A
00000291
0000038D
FFFFFC8F
FFFFFEF0
0000019E
FFFFFBC2
FFFFFE90
FFFFFF30
FFFFFE00
00000020
00000399
0000016D
FFFFFEEA
000001BE
000002AB
FFFFFE59
00000330
FFFFFC6D
00000025
FFFFFF1E
00000404
00000115
FFFFFF53
FFFFFF62
000000D4
FFFFFFAB
FFFFFF01
FFFFFFA2
00000262
FFFFFEDD
00000258
FFFFFF6D
FFFFFC6D
0000040B
000002FF
00000168
FFFFFD26
00000008
00000484
FFFFFED6
000003F4
00000065
0000000E
00000191
00000051
000002AB
000004F3
FFFFFEFB
FFFFFD58
FFFFFD78
0000030C
FFFFFF91
00000316
000001B5
0000010E
000002AE
FFFFFEEA
FFFFFE31
000002FF
000001A5
00000352
0000002E
FFFFFD4A
000004AB
00000274
FFFFFEA3
FFFFFD94
000001A8
FFFFFCB5
FFFFFA5D
FFFFFED4
0000028C
000000FD
0000011C
FFFFFEA0
FFFFFDCB
00000090
FFFFFFCF
00000478
00000002
0000006A
00000074
FFFFFFCC
FFFFFDC0
FFFFFE8B
00000196
000002E8
FFFFFFE0
00000238
FFFFFE64
0000034A
FFFFFF95
FFFFFF8A
000005AD
000000EB
00000404
FFFFFEAA
FFFFFFB1
0000011D
FFFFFF5C
0000032F
FFFFFF6E
000003D6
000003A8
00000616
FFFFFFBF
00000306
000002CB
000004F4
000002FF
FFFFFFBB
FFFFFFB2
00000259
FFFFFD77
000002BA
00000477
00000304
00000405
0000000A
00000048
FFFFFCCD
FFFFFF18
00000591
FFFFFF9F
00000210
FFFFFD2A
FFFFFF7D
FFFFFF6A
0000000F
FFFFFA91
00000075
FFFFFDD4
FFFFFFC0
FFFFFE04
FFFFFC30
FFFFFDCB
00000005
00000109
FFFFFC62
FFFFFEA5
0000008C
FFFFFFC5
000001C2
000000F8
0000050E
00000115
000002C1
00000133
00000081
000002A1
00000459
00000158
000002D0
000001BF
0000056C
FFFFFFA5
00000363
000002B5
00000206
0000050E
FFFFFECD
00000238
000003AB
0000042D
0000031A
FFFFFFB7
000002CD
00000283
00000470
FFFFFF67
FFFFFC58
00000322
00000075
FFFFFFCD
FFFFFF24
FFFFFE16
FFFFFD46
FFFFFE06
FFFFFD29
000000B1
00000012
FFFFFD90
FFFFFE9E
FFFFFEB0
FFFFFC16
00000153
000001A4
FFFFFD65
FFFFFDCB
FFFFFFE7
000000F3
FFFFFF13
000001ED
FFFFFD84
00000086
000000C3
0000011A
FFFFFE96
00000132
FFFFFE95
FFFFFE17
000001BE
0000020F
0000061D
0000078B
000004B3
000000E7
FFFFFE72
FFFFFD27
FFFFFF29
00000190
000000C5
000000CE
00000149
00000242
00000104
FFFFFF3F
00000152
FFFFFF5C
FFFFFDA7
0000010C
FFFFFF3A
0000029C
000002C5
FFFFFC10
0000038B
FFFFFEDA
FFFFFDF6
FFFFFF19
FFFFFE31
00000275
FFFFFEC0
0000031D
000001A9
000001EE
FFFFFC8F
0000021E
FFFFFC61
FFFFFFA4
00000115
FFFFFDEF
000001BF
00000010
00000282
FFFFFE1D
000004B3
00000325
00000282
00000493
00000152
0000030C
000002A8
00000503
000002CC
0000028C
FFFFFE4C
FFFFFD61
00000075
000000F5
FFFFFCE3
FFFFFD4A
FFFFFDBA
FFFFFFC8
FFFFFF52
FFFFFBDE
FFFFFB37
FFFFFC39
000000CE
00000268
FFFFFC14
0000026A
0000020A
FFFFFD09
FFFFFD41
0000026E
FFFFFBFD
FFFFFBAD
FFFFFF16
0000032D
000001A7
FFFFFE89
FFFFFEE9
FFFFFD50
FFFFFFE8
FFFFFEA3
0000031A
FFFFFFBA
00000239
0000026C
FFFFFDC4
FFFFFE1F
000001CF
000001D6
00000144
000001A8
00000088
00000098
00000184
FFFFFFDA
00000671
0000019D
00000052
00000233
FFFFFF7C
0000011B
FFFFFDBD
FFFFFEBB
00000238
0000012A
0000045F
00000080
000003B1
00000061
00000098
00000215
00000389
000000BC
FFFFFE2F
0000012C
000001C9
000002F2
0000022C
000000C1
FFFFFF19
00000195
FFFFFF13
0000003A
FFFFFECF
000001A6
00000332
FFFFFF8B
FFFFFEE8
000001BC
FFFFFFCD
00000263
00000013
00000116
FFFFFECE
0000026D
FFFFFFF6
00000017
FFFFFE34
FFFFFB92
FFFFFDD1
FFFFFF4B
FFFFFC14
FFFFFE74
FFFFFD1C
0000007A
FFFFFC72
FFFFFEF1
FFFFFC43
FFFFFCB1
00000541
0000055F
00000075
FFFFFF4C
00000218
FFFFFE29
00000134
000000B3
000002EA
000001D1
FFFFFE39
FFFFFFF9
00000303
FFFFFE51
000000EC
FFFFFE96
0000028F
FFFFFDF8
00000274
FFFFFD0B
00000261
FFFFFDCA
0000004E
00000204
FFFFFC8E
0000006E
FFFFFF4B
000004A3
00000294
FFFFFE89
FFFFFB8B
FFFFFF4A
000004A3
0000014C
0000022D
00000080
00000100
FFFFFDC3
FFFFFDD9
00000376
FFFFFF58
00000268
000003C5
00000206
FFFFFC06
FFFFFDE3
FFFFFEEF
00000284
FFFFFF18
00000194
00000319
00000081
FFFFFD70
000001F5
00000454
FFFFFD0C
00000125
000001B2
FFFFFF06
00000139
0000044D
000002C0
0000028B
FFFFFEFA
FFFFFF03
00000140
FFFFFD86
0000003F
FFFFFE51
FFFFFF1C
0000016B
FFFFFEB6
00000203
FFFFFE44
FFFFFC9D
FFFFFCEC
FFFFFFAF
0000010F
00000192
00000186
FFFFFF29
000004C7
00000172
FFFFFFB3
FFFFFCAE
0000031B
000000DC
00000299
FFFFFF4C
0000029F
00000116
FFFFFDD5
00000355
0000003C
000002D0
FFFFFE80
00000081
00000058
0000015A
000002E7
0000022A
0000005E
FFFFFF24
FFFFFDD3
FFFFFE04
FFFFFC7B
FFFFFCF5
FFFFFC6E
FFFFFBED
FFFFFFDE
FFFFFCB0
00000245
FFFFFFE3
00000130
FFFFFCAD
0000028E
FFFFFFD1
FFFFFF46
FFFFFE9E
0000028F
00000347
0000054B
FFFFFE59
FFFFFEF9
0000025D
FFFFFDE6
0000009B
FFFFFDCB
FFFFFD20
FFFFFC9D
FFFFFC8B
000002E9
FFFFFB08
FFFFF97D
FFFFFE15
FFFFFBBB
FFFFFE98
0000011E
FFFFFB83
000004A6
FFFFFF37
00000320
FFFFFD1F
00000590
FFFFFD9A
000004B1
000003F1
FFFFFDCB
FFFFFA1C
FFFFF99F
FFFFFE28
FFFFF988
FFFFFC36
00000288
000001FB
0000047F
000001BE
00000359
000005A1
00000290
FFFFFBB9
00000588
FFFFFFB2
FFFFFD18
FFFFFC42
0000013D
00000229
0000045A
0000043C
FFFFFDFB
FFFFFE19
00000535
0000056A
0000058C
FFFFFFE9
000002E3
000006B5
00000042
00000470
FFFFFBDD
000001CB
FFFFFF2B
00000266
000004EF
FFFFFE23
00000465
FFFFFF68
FFFFFC94
FFFFFD88
000002A7
00000278
FFFFFE5F
0000071D
000009B5
00000905
FFFFFFE8
FFFFFC4F
FFFFFF31
0000020B
FFFFFEEE
000000B5
000004B4
FFFFFD7E
000004B5
000004F2
FFFFFE14
FFFFFD8B
00000A62
00000107
FFFFFEEC
FFFFFE76
0000079C
000002DC
00000B1F
FFFFFE5A
000005B4
00000296
00000019
000001B7
0000050E
00000165
FFFFFFC3
00000125
FFFFFBB2
FFFFFB01
0000069F
000007D3
00000410
000006DE
FFFFFEE9
000001C1
FFFFFC6F
000002BC
00000635
000003B1
FFFFFBD6
FFFFFC8E
FFFFFF0B
00000476
00000499
FFFFFE95
FFFFFE3B
FFFFFD39
FFFFFCBC
FFFFFCE9
FFFFFE31
FFFFFD37
00000150
FFFFFF6C
000002A6
FFFFFB46
000002E2
0000007C
FFFFFD53
FFFFFF92
000000DA
FFFFFFEE
00000440
0000039E
000002F5
FFFFFC7D
FFFFFD1B
FFFFFF50
000000C5
FFFFFE10
FFFFFC3A
000003D1
00000492
FFFFFF00
0000007B
000007FD
000006F6
0000048F
00000018
000003C7
FFFFFF79
00000412
FFFFFDF6
000007AC
FFFFFDFF
FFFFFD9B
FFFFFC03
FFFFF999
FFFFFFC8
00000215
FFFFFF86
FFFFFD7C
FFFFFA80
0000021E
000002B6
00000286
00000085
00000063
FFFFFDE7
FFFFFD9E
FFFFFA51
FFFFFC37
000000E1
000000EE
FFFFFDB7
FFFFFAF7
FFFFFE30
FFFFFADC
FFFFFCDE
FFFFFE97
FFFFFDF1
00000121
FFFFF915
FFFFFE11
000001B3
FFFFFD23
FFFFFF8D
0000013F
00000618
FFFFFF2F
0000000A
FFFFFCC7
FFFFFB52
000001D3
FFFFFC45
000002FB
00000235
FFFFFB80
FFFFFE61
FFFFFEC2
FFFFFC44
FFFFFD52
FFFFFC2B
00000021
000004F5
FFFFFD1C
FFFFFBCA
00000048
00000046
FFFFFF1A
00000153
FFFFF967
FFFFF76C
FFFFFCD4
00000002
FFFFFC9F
FFFFFD89
FFFFFC75
FFFFFDF6
FFFFFA4B
FFFFFBFD
0000000C
00000429
000000C4
FFFFFE89
FFFFFAA4
FFFFFED2
FFFFFCB8
00000528
FFFFFF66
0000025E
FFFFFF46
FFFFFFBD
00000281
FFFFFC45
FFFFFD38
FFFFFE02
FFFFFC0C
0000001D
FFFFFC9E
000002C9
FFFFFC68
00000302
FFFFF9E8
FFFFFFF7
000007DA
00000249
0000053F
000002B6
00000762
FFFFFC9E
0000086F
00000285
FFFFFC3E
0000004C
FFFFFF17
FFFFFCCD
0000003C
FFFFFCE5
FFFFFB52
0000016C
000002D2
00000167
000000D0
FFFFFD4C
FFFFFEDC
FFFFFF2C
FFFFFBCE
FFFFFBCF
FFFFFE55
0000057B
00000299
0000062D
0000020A
FFFFFD21
FFFFFB9C
000000E4
000002B9
FFFFFE02
00000374
000001D5
00000450
00000275
00000268
00000416
FFFFFFA1
FFFFFCA3
000004A5
0000009B
FFFFFD94
000001BF
000001D6
FFFFFFD8
FFFFFE18
000003B7
0000034F
FFFFFB45
000003E9
FFFFFE3E
FFFFFDF3
FFFFFCF1
000002CB
FFFFFFE6
FFFFFE43
FFFFFBB8
FFFFFF9D
FFFFFE50
00000067
FFFFFDFE
00000228
000000A1
FFFFFD39
FFFFFE75
FFFFFEEB
00000280
FFFFFE1E
FFFFFDA8
FFFFFC41
0000007F
000002EF
00000115
FFFFFAFC
FFFFFE64
FFFFFD89
FFFFFF71
FFFFFE81
FFFFFC3D
000003B4
FFFFFBE6
FFFFF8EB
000000A7
000004B1
FFFFFEE0
FFFFFFCB
FFFFF8E0
FFFFFE28
0000008B
FFFFFE48
FFFFFDD7
FFFFFB84
FFFFF62B
000001DE
FFFFFA13
FFFFFE01
FFFFFFA1
000003D0
FFFFFD6B
00000448
FFFFFEFA
FFFFFBDE
FFFFFD95
000000AF
0000035F
00000498
FFFFFF69
000003E6
000005AB
000005D8
FFFFFF1B
FFFFFDAD
FFFFFE34
FFFFFF82
FFFFFFC8
0000011E
0000030D
FFFFFE30
FFFFFDAE
FFFFFFD1
0000025E
FFFFFEFA
0000030D
FFFFFD2D
FFFFFFD0
000002FC
0000044C
000002FC
00000063
0000065F
FFFFFE13
FFFFFDA1
0000035C
0000051F
0000040D
00000315
FFFFFEC3
00000721
FFFFFFE4
000004E7
000004CB
FFFFFB04
00000563
FFFFFB85
00000443
00000378
00000528
000002F4
FFFFFEFC
000000EB
00000585
FFFFFAF3
FFFFFF28
FFFFFF07
000005B8
00000608
FFFFFD4F
FFFFFE4B
00000050
FFFFFC6E
FFFFFDCA
FFFFFED9
FFFFFAE8
FFFFFB0E
FFFFFD33
FFFFFC6F
FFFFFC99
FFFFFD2B
000000A3
FFFFFCD3
00000647
000005EF
FFFFFB6F
00000545
000001C6
FFFFFDB2
00000285
0000000B
FFFFFFAE
FFFFFC68
00000312
FFFFFC8C
FFFFFFE5
00000150
FFFFFC55
00000902
00000406
0000025A
0000012E
000007A9
000004F0
0000026A
FFFFFBC9
FFFFFED0
FFFFFBFE
FFFFFD27
FFFFF911
FFFFFE4B
000002B7
FFFFFDF0
FFFFFC33
000001BE
00000167
000000BC
0000018C
00000233
000001A0
000001B5
FFFFFD02
FFFFFF0E
FFFFFB62
FFFFFE9D
FFFFFFF4
000002F4
00000398
FFFFFE0D
FFFFFDC9
0000024C
FFFFFC4A
FFFFFC38
00000230
FFFFFF58
FFFFFEA7
000004B9
FFFFFEBA
000001D6
0000040D
0000046C
000000D3
FFFFFED2
00000424
00000462
FFFFFC44
000001D0
FFFFFF89
FFFFFE10
FFFFFD96
0000006C
FFFFFDA4
000003A8
FFFFFC0D
FFFFFE92
00000148
FFFFFC8B
0000043C
FFFFFAF6
FFFFFDB0
FFFFFBC6
000003E2
FFFFFBCB
FFFFFA4D
FFFFFB6D
00000366
000001C5
000005F7
000001EE
0000024F
FFFFFEF6
FFFFFE2F
FFFFFB06
FFFFFE45
FFFFFD72
000002DC
FFFFFCB7
000001BB
FFFFFCAC
000003B0
FFFFFA34
FFFFFDCF
0000048E
FFFFFE05
0000002A
000003ED
00000136
FFFFFEB9
00000668
00000183
00000495
FFFFFCF2
FFFFFE84
00000045
FFFFFF06
FFFFFFE1
FFFFFDD2
0000021B
FFFFFA23
FFFFFA0C
FFFFFCD2
FFFFFDAA
FFFFFCEC
FFFFFD32
FFFFF9EB
FFFFF75B
FFFFFDB6
0000029A
00000664
FFFFFF20
00000484
0000031B
FFFFFE1B
00000751
00000220
000006DF
FFFFFF0F
FFFFFB94
FFFFFD24
00000990
0000026E
00000359
000004B0
000000DF
FFFFFF57
000004A9
00000380
FFFFFE82
0000064A
000000F1
FFFFFFBF
FFFFFDFB
00000110
FFFFFCEC
FFFFFE04
FFFFFD95
FFFFFD27
00000118
FFFFFD72
000003D6
00000104
FFFFFD84
000003C0
FFFFFD49
000001E5
FFFFFE63
00000280
FFFFFAAE
FFFFFA6C
FFFFFAAD
000003B5
FFFFFFFF
FFFFFC4F
000004D4
FFFFFFB3
FFFFFEF6
00000063
FFFFFF22
0000003D
000003B1
00000345
0000039A
FFFFFDB7
FFFFFF03
FFFFFFA5
FFFFFEFF
000003A6
FFFFFCD3
000000DF
FFFFFE0A
FFFFFF8C
00000233
FFFFFE7B
00000543
000000FF
0000028A
000004E3
000005B0
FFFFF81F
FFFFFFCF
FFFFFEF3
FFFFFE9B
FFFFFF0B
000001F0
00000306
00000359
00000889
FFFFFEDB
0000040B
FFFFFDD8
00000125
0000018D
FFFFFB12
FFFFFC8E
00000030
FFFFFA57
00000406
FFFFFC08
00000255
FFFFFEC8
FFFFF9D7
000000AE
00000120
FFFFFD1A
FFFFFE80
00000576
FFFFFFA7
00000564
00000046
FFFFFE77
000004F0
FFFFFEFD
FFFFFD1A
FFFFFF9D
FFFFFF36
0000011D
000004F5
00000302
000004A6
00000284
0000001C
0000032B
000001C6
00000082
FFFFFFD6
00000081
FFFFFC38
FFFFFC4C
000002A6
00000386
FFFFFC6F
FFFFFEFA
00000821
00000401
FFFFFF7A
000001BD
FFFFFB48
00000071
000004C3
000001E2
00000129
00000341
0000022B
FFFFFDEA
FFFFFB6D
0000038B
0000031C
FFFFFFC7
00000097
000001C9
00000387
FFFFFF4C
00000180
00000752
00000048
00000423
00000369
0000040D
FFFFF7FC
00000104
FFFFFC1F
FFFFFFC1
00000180
FFFFFF2F
FFFFFE9F
FFFFFC92
000003F4
000002B7
FFFFFA69
0000026B
000001DE
000000E8
FFFFFA65
00000396
00000243
00000198
0000003B
0000053E
FFFFFF4F
00000106
000004E1
FFFFFD9D
FFFFFFAE
000002B1
000004DD
00000597
FFFFFDAF
FFFFFE3B
0000027D
FFFFF9FC
FFFFFF47
00000079
FFFFFBE0
FFFFFD50
000000F0
FFFFFEE0
FFFFFE7A
FFFFFABF
FFFFFC46
000000F4
FFFFFBEF
00000188
FFFFFC61
FFFFF9A7
00000236
FFFFFBE3
00000164
00000279
FFFFF8B8
FFFFFF0C
00000291
0000025F
FFFFFE11
FFFFFBBC
00000117
000002D2
000000DC
FFFFFB39
000001B1
FFFFFEBD
00000131
FFFFFE02
00000390
FFFFFD3C
000001D1
FFFFFA54
FFFFFF3C
FFFFFB44
000001D7
0000037D
00000520
00000261
FFFFFD6D
0000015F
00000327
0000008F
00000565
FFFFFB9D
FFFFFB40
FFFFFEAD
00000093
FFFFFDEA
FFFFFF02
00000002
FFFFFFC0
FFFFFA8E
FFFFFEC8
0000037D
FFFFFB0B
FFFFFF41
FFFFFEB9
0000000F
FFFFFF2A
0000048D
FFFFFED6
FFFFFF78
00000350
FFFFFFB2
00000365
000000A0
FFFFFFBB
000002CC
0000009E
00000239
FFFFFC7F
FFFFFD95
00000129
000002CF
FFFFFC93
FFFFFD2E
FFFFFD08
000004D5
FFFFFC2B
FFFFFD0D
FFFFFC00
FFFFFDC4
FFFFFE87
000001B0
00000155
FFFFFE0A
00000055
00000126
00000433
0000050C
000000F0
FFFFF81F
FFFFFE83
FFFFFF5B
FFFFFE20
FFFFFD44
000001E4
00000029
00000188
FFFFFE0F
FFFFFCF9
000000A9
00000138
FFFFFF4D
FFFFFFF4
FFFFFD81
FFFFFC77
FFFFFCE4
000000C3
FFFFFEC3
0000006A
00000670
FFFFFED3
000004F7
000005BF
00000083
FFFFFD72
0000077C
FFFFFE24
00000465
00000266
000000B4
00000345
FFFFFCB0
0000023D
FFFFFF58
FFFFFB83
FFFFFA7A
FFFFFF8A
00000177
FFFFFD02
0000024A
0000017C
FFFFFADF
00000564
FFFFFF03
00000123
FFFFFEC7
FFFFFD5E
0000015F
000005A8
FFFFFE59
FFFFFCEC
00000085
00000213
FFFFFF6D
FFFFFCF7
00000440
00000526
00000862
00000623
FFFFFFD9
FFFFFBF7
FFFFFCDB
FFFFFDB7
00000263
0000049E
FFFFFF97
FFFFFC51
FFFFFED3
00000163
00000034
FFFFFEB1
FFFFFB9B
FFFFFA90
000001ED
FFFFFD0B
000004F8
FFFFFD63
FFFFFBBB
FFFFFDF6
FFFFFBFA
FFFFFDB8
000004D7
FFFFFDCA
000004C1
FFFFFE51
FFFFFD34
FFFFFFD6
000002A7
FFFFFAD5
FFFFFD26
00000008
FFFFFF15
FFFFFBD2
FFFFFFA7
FFFFFCAF
FFFFF9E0
000004B1
FFFFFB11
00000247
0000060F
FFFFFD42
000001D3
000001C4
00000229
FFFFFE53
00000493
000000CC
000003E5
000004C3
000003ED
FFFFFFDA
00000131
FFFFFCDB
00000269
0000039E
00000462
FFFFFD3D
00000238
FFFFFFAE
FFFFFE99
00000205
FFFFFEAC
FFFFFB35
0000050A
FFFFFF88
00000475
FFFFFBB7
0000043F
FFFFFBAF
0000019B
FFFFFBF6
000002AB
FFFFFD4E
00000538
000002C0
FFFFFF17
00000050
FFFFFC6B
FFFFFEFD
FFFFFDFD
0000039D
00000628
000000B4
000000FF
FFFFFF49
FFFFFF95
00000215
000006BA
0000052F
0000040C
000002CD
FFFFFD74
00000362
FFFFFECA
00000404
FFFFFE07
FFFFFC5E
FFFFFF4A
00000561
0000046B
FFFFFFDC
00000412
000002C2
00000092
00000344
FFFFFBAB
000000B0
00000082
00000559
000002B0
FFFFFAD0
FFFFFAFD
FFFFFA39
FFFFFDC6
0000025A
FFFFFC1B
FFFFFAE6
FFFFFF41
FFFFFE6A
FFFFFFA7
FFFFFD99
000000C9
FFFFFCE1
0000007A
00000297
FFFFFFFF
0000035B
000000C2
FFFFFD0F
000005E9
00000163
FFFFFBAE
00000488
00000226
FFFFFF47
FFFFFAF6
00000215
00000189
FFFFFB04
FFFFFD0D
000002B4
000002E9
00000319
0000036D
FFFFFABD
FFFFFE57
000000CA
FFFFFE65
00000238
00000090
FFFFFCAD
00000061
00000272
000000C5
FFFFFE31
000003D5
00000637
00000379
000000FF
00000175
FFFFFD63
000002DD
000000C1
0000046B
FFFFFD73
FFFFFEF1
FFFFFC44
FFFFFCA6
000003A9
FFFFFA39
FFFFFD44
FFFFFE98
000001DE
FFFFFCF1
FFFFFC65
FFFFFD79
000003F9
00000087
FFFFFAD3
00000520
00000224
000000A0
FFFFFFC1
FFFFFD51
00000067
FFFFFCDA
FFFFFAC4
00000011
00000117
FFFFFC15
FFFFFD54
0000009A
000002A0
0000019C
FFFFFFB0
FFFFFD1D
FFFFFE85
FFFFFFEB
000001FC
000001D2
FFFFFED4
FFFFFDA5
0000023E
00000216
FFFFFE62
00000022
FFFFFCDC
FFFFFF70
00000486
FFFFFCDA
FFFFFE9D
FFFFFE0A
FFFFFF87
FFFFFBFC
FFFFFB3A
00000113
0000067F
FFFFFEF7
00000189
FFFFFD91
FFFFFFF0
000000E0
FFFFFF19
FFFFFF51
00000170
FFFFFEB7
FFFFFA1B
0000030A
FFFFFE7B
00000369
FFFFFEC2
FFFFFE39
00000562
000002AA
FFFFF82E
00000460
FFFFFD9B
FFFFFDF1
00000413
FFFFFF5B
00000085
FFFFFDF3
FFFFFB55
000003C4
00000193
0000030C
000000EC
00000398
FFFFF856
0000029F
000002FA
00000409
00000128
000002A5
FFFFFC21
000001E9
FFFFFFBB
FFFFFFC5
0000026F
FFFFFC2A
000002C5
0000049A
FFFFFBEA
00000429
FFFFFD0B
0000010B
FFFFFDD7
0000015C
0000006A
000002ED
00000439
0000067C
FFFFFD9A
FFFFFD3B
000002F2
FFFFFE79
FFFFFD72
00000113
FFFFFD9F
FFFFFE58
FFFFFC86
00000144
00000277
00000431
FFFFFEED
00000438
FFFFFED4
FFFFFC85
FFFFFAC7
000000D6
FFFFFE24
00000165
FFFFFE23
00000176
000000AC
FFFFFC93
FFFFFE7E
000000BE
00000253
FFFFFD51
00000207
00000689
FFFFFBF5
FFFFFC7A
FFFFFE4F
FFFFFB78
FFFFFD1E
FFFFFA93
FFFFFC68
FFFFFFA2
000000C7
FFFFFAD0
000000AE
FFFFFA92
FFFFFE07
0000011B
000000C4
00000393
00000378
FFFFFC0B
FFFFFFCB
00000146
0000050D
FFFFFB60
FFFFFCB3
00000777
00000514
00000168
FFFFFE69
FFFFFCBF
FFFFFF5A
FFFFFF06
FFFFFB28
FFFFFB5E
FFFFFDBA
FFFFFD9E
FFFFFF6E
0000041C
FFFFFCB5
00000231
00000281
FFFFFDAB
FFFFFEBE
FFFFFFD9
FFFFF9D7
FFFFFB1F
FFFFFCD0
00000001
FFFFFB69
FFFFFC93
FFFFF981
FFFFFFC3
000002E9
FFFFFEC2
00000381
000003D2
FFFFFE99
000000B5
00000206
FFFFFD41
00000486
FFFFFE5C
0000023C
00000471
00000232
FFFFFE66
000000BC
000004F3
FFFFFEAB
00000480
000003AC
FFFFFA0D
FFFFFEB3
FFFFFA4F
0000022D
FFFFFD69
FFFFFDED
0000007E
FFFFFEAD
FFFFF937
FFFFFCC6
FFFFFB39
FFFFF966
FFFFFE38
FFFFFC3A
000005C3
FFFFFBF4
FFFFFEFE
FFFFFEA1
FFFFFFD5
00000510
FFFFFB7F
000001CF
FFFFFF30
FFFFFD21
0000040A
00000006
FFFFFB3D
FFFFFE04
000000D8
FFFFFE27
000004D0
FFFFFC94
FFFFF9D3
00000000
00000579
000001B1
00000329
FFFFFF04
FFFFFE03
00000352
FFFFFF36
000003D7
FFFFFBA0
FFFFFA41
FFFFFC82
FFFFFDB3
00000023
FFFFFE91
FFFFFE52
FFFFFF96
00000461
00000344
FFFFFD59
00000370
FFFFFFD6
00000420
FFFFFF17
0000035F
000002BE
00000148
FFFFFF9B
FFFFFBBD
000004E4
FFFFFF62
FFFFFE48
FFFFFD3C
0000015A
0000069C
000000AA
000001DA
00000111
0000037C
000003B4
00000302
0000051C
00000343
00000171
FFFFFFC9
000005B7
00000844
FFFFFF99
00000546
0000043B
00000155
00000788
FFFFFEF1
0000009B
00000150
FFFFFED6
000003BF
FFFFFDA0
FFFFFF61
FFFFFC83
00000068
000003CE
00000199
0000049C
00000123
FFFFFBB9
FFFFFEA6
000001ED
000001D3
0000040F
000004CD
000003F5
00000002
00000292
000003E3
000000FD
FFFFFF7A
0000013D
FFFFFECD
000002BE
000001D2
FFFFFD84
FFFFFB61
0000044F
000001C7
0000056C
000004D3
0000071E
00000390
000004C3
00000351
000000B6
FFFFFBC5
000003F5
0000003F
0000014E
FFFFFDE5
00000445
0000053F
FFFFFD0B
0000007B
000000BC
000000F0
000000A2
0000000A
FFFFFFBC
FFFFFEFF
0000030A
00000188
FFFFF9F7
FFFFFD87
00000130
00000079
00000018
FFFFFC23
00000063
FFFFFC65
0000000C
000004A0
FFFFFD42
FFFFFECE
0000007A
FFFFFE66
00000076
FFFFFD6D
00000211
FFFFFB1A
FFFFFB48
000002A5
00000268
FFFFFE64
00000129
0000009E
00000761
0000046D
FFFFFF4D
FFFFFD80
FFFFFD2C
00000388
FFFFFB85
FFFFFFA6
FFFFFD82
FFFFFB4C
FFFFFBEA
FFFFFDEB
FFFFFE03
FFFFFAD0
0000005F
0000039F
0000048E
00000103
FFFFFF43
FFFFFC3B
00000045
000005DA
FFFFFC66
0000048B
000003A6
FFFFFF17
FFFFFE21
000004E7
0000016B
FFFFFEFC
000002D5
FFFFFFB6
000000BD
FFFFFAB1
FFFFFB3B
000003EB
000000C5
000001DB
000001C1
000002DC
0000030F
00000308
FFFFFD7D
000002D4
FFFFFFB2
0000048B
FFFFFD83
000000B0
00000013
000001BE
00000069
00000221
0000024D
FFFFFC90
FFFFFD7B
FFFFFDAF
FFFFFB97
FFFFFF7A
000000D7
000002F4
0000038B
000003C7
FFFFFCA5
FFFFFDE5
00000071
FFFFFF15
FFFFFFB2
0000020B
000003C9
00000015
000001AA
FFFFFDBF
00000435
00000204
00000042
FFFFFD4E
FFFFFF77
FFFFFF74
FFFFFF22
00000190
0000021F
00000748
000005B8
000000D3
0000046D
00000321
FFFFFDF9
FFFFFE36
FFFFFB04
FFFFF949
00000017
FFFFFB16
FFFFFE34
FFFFFD85
FFFFFB34
FFFFFF14
0000025D
FFFFFECD
FFFFFD9E
FFFFFE57
00000316
00000093
00000164
FFFFFFBF
000000B4
00000450
0000024C
FFFFFF0C
0000030E
FFFFFEBC
FFFFFE1E
FFFFFF5A
0000014E
FFFFFB90
FFFFFF6A
FFFFF830
00000215
FFFFFCB5
FFFFFC24
FFFFFD0E
FFFFFD47
FFFFFF9C
00000333
FFFFFD8C
FFFFFE29
0000045A
000004AD
00000747
FFFFFF04
FFFFFE2D
000002EE
FFFFFD9F
00000211
000001C1
00000331
000003C3
00000203
00000520
FFFFFEB8
FFFFFEF2
FFFFFD38
00000317
FFFFFEE1
FFFFFC53
00000337
FFFFFBE1
00000443
FFFFFC1E
FFFFFDF3
0000011A
000002DD
0000043D
000004AB
00000462
FFFFFC59
FFFFFDC5
0000050E
0000028C
FFFFFE49
FFFFFE77
0000053E
00000450
000004FB
00000266
000004F8
FFFFFEF3
FFFFFFFE
FFFFFD8D
0000024A
000005DE
00000273
FFFFFC84
00000078
FFFFFF49
00000226
FFFFFBF2
00000099
FFFFFAA7
FFFFFE51
FFFFFF31
FFFFFFB3
00000220
00000231
FFFFFC7D
FFFFFDF9
FFFFFB34
FFFFFC38
00000446
FFFFF880
FFFFFC88
FFFFFB7B
00000120
FFFFFC1D
FFFFF7FA
00000133
000002EF
FFFFFD5E
00000011
FFFFFBA7
00000346
FFFFFC95
000002EA
FFFFFCB7
FFFFFCA4
FFFFFDD7
0000052E
FFFFFD99
00000036
FFFFFDEB
00000115
00000020
0000008B
FFFFFB09
FFFFFCEF
FFFFFBCF
FFFFFBA8
FFFFFD02
0000026D
FFFFFC8F
00000457
0000032C
00000132
0000064F
0000013C
0000037D
000002B7
0000034D
0000029E
FFFFFD6E
0000048D
FFFFFAFD
FFFFFE2E
FFFFFF1A
0000027D
000000C2
0000036A
0000006A
FFFFFF00
FFFFF8A9
FFFFFCD8
000002CA
000000BF
FFFFFE08
FFFFFD9C
0000002A
000000A0
FFFFFE95
FFFFFB20
FFFFFDE2
000005F9
000005CB
FFFFFF14
0000020F
0000006B
FFFFFC39
00000335
000005E1
000001C9
0000017D
000003CD
FFFFFDDC
FFFFFF65
0000045F
00000131
FFFFFE78
FFFFFF89
FFFFFFB2
00000076
00000401
000001DB
0000042F
FFFFFDAC
FFFFFFD8
000002D3
0000049C
00000476
0000046A
FFFFFF99
FFFFFF23
000004B1
00000400
FFFFFE56
000002C3
000001F1
FFFFFC68
FFFFFD5B
000000F9
FFFFFBF4
00000349
FFFFFB7B
FFFFFB21
FFFFF88D
000002EE
FFFFFCDD
000000E6
FFFFFF4C
FFFFF9E1
FFFFF956
00000050
00000077
FFFFFF1E
FFFFFB32
FFFFFF40
00000236
000001EF
FFFFFCA4
00000125
00000348
FFFFFE2D
0000016E
FFFFFACD
000002C7
FFFFFE19
000001E7
FFFFFB23
FFFFFFC4
FFFFFF0D
00000466
00000412
FFFFFD02
000002DE
FFFFFD4D
00000078
FFFFFF06
00000365
000005DE
00000379
00000008
000003A5
FFFFFBD5
00000021
FFFFFC6F
00000337
00000465
FFFFFFC5
FFFFFEBA
FFFFFE48
00000386
FFFFFEB9
FFFFFD97
FFFFFFED
FFFFFF3C
FFFFFCB4
00000085
FFFFFE96
00000516
00000133
FFFFFEFF
FFFFFF24
00000142
FFFFFCA7
FFFFFDCB
000004C6
00000036
00000475
FFFFFE84
FFFFFF5B
00000100
FFFFFD0F
FFFFF9D7
00000003
FFFFFB02
000003F5
0000003A
FFFFFFCA
FFFFFD1E
000000FA
000001A8
0000030D
00000322
FFFFFEF7
00000154
FFFFFE21
000000B3
FFFFFE9A
00000110
FFFFFCCD
FFFFFE46
FFFFFBFF
FFFFFEC1
000000F2
0000045A
FFFFFE36
FFFFFE41
00000216
FFFFFB45
FFFFFE6F
0000029B
0000011F
000003C2
FFFFFE57
00000286
FFFFFCD5
0000029C
FFFFFE12
0000020D
FFFFFEBF
000001CA
FFFFFD06
FFFFFA06
00000287
FFFFFE75
FFFFFF4F
FFFFFF3C
FFFFFF4B
FFFFFC86
000000AD
00000318
000004BF
00000197
FFFFFC34
FFFFFF1A
00000264
000001A6
FFFFFE93
FFFFFD3B
FFFFF98B
000001FE
FFFFFD77
00000342
0000050B
000001CE
00000196
FFFFFD45
00000024
00000437
000000B7
FFFFFE6A
FFFFFFF9
FFFFFF1C
000001B2
00000209
00000407
FFFFFD44
00000308
000004CC
FFFFFE76
00000010
FFFFFABC
FFFFFD1D
000003F7
00000498
0000027D
000003E3
FFFFFFC4
0000032F
0000003C
000001A4
0000033E
000001E1
FFFFFFC7
000004F4
00000137
0000031A
000002F9
000005CA
00000110
FFFFFE8E
FFFFFD19
FFFFFDB7
00000551
000000A7
00000300
FFFFFC90
FFFFFF25
000000FE
000003AC
FFFFFD60
00000451
0000020C
FFFFFCF7
FFFFFAF5
FFFFFF67
FFFFFFB2
0000024B
000003F8
0000027D
FFFFFFEE
00000598
FFFFFFB0
FFFFFEAD
FFFFFED6
000001C2
000000CD
FFFFFDE0
000003C7
000004BB
FFFFFC7D
FFFFFF56
00000433
000000F5
00000060
0000045F
00000391
FFFFFE5C
000002D3
000007B7
0000083D
00000612
FFFFFDB8
00000492
FFFFFF8B
FFFFFE54
00000249
0000002C
0000069D
FFFFFD91
000001C9
000003C3
0000011C
0000053B
000002E7
FFFFFF10
00000012
0000029A
00000317
FFFFFF8A
000001E4
000001BA
FFFFFEEA
FFFFFEFA
FFFFFEF2
00000478
FFFFFB05
00000546
00000281
FFFFFFDD
000002D3
00000362
000001E1
00000071
FFFFF8F8
FFFFFD65
FFFFFD3E
FFFFFE91
FFFFFDDD
FFFFFE45
FFFFFFD0
000002F2
FFFFFE2A
FFFFFC96
000000D2
FFFFFDBE
FFFFFF1D
0000040B
000001B8
00000123
FFFFFFF5
0000014E
FFFFFBE1
FFFFFFB7
FFFFFCF9
000005F4
000000AB
FFFFFD4F
FFFFFFDC
FFFFFB92
0000024B
000000B4
00000207
FFFFFE06
FFFFFB83
FFFFFF3E
FFFFFF09
FFFFFF4B
FFFFFFC6
FFFFFF5C
FFFFFE03
FFFFFBCA
FFFFFFF4
FFFFFE18
00000320
00000665
000003A6
00000377
000000D2
00000264
00000218
000002D7
0000038C
00000071
00000468
0000012F
FFFFFC2E
FFFFFDF3
FFFFFD57
FFFFFFE0
FFFFFF7B
00000542
FFFFFD79
00000056
FFFFFC45
FFFFFD81
00000124
000001E1
FFFFFFF9
000005A6
FFFFFF6B
000002DF
00000011
FFFFFD43
FFFFFBFE
FFFFFAC1
00000029
00000296
FFFFFC14
000001CE
FFFFFC6A
00000282
00000093
000005E2
000004C1
0000033D
000002C1
000000E2
00000501
FFFFFF8E
FFFFFD30
000000A3
FFFFFBB9
FFFFFEA8
FFFFFEFA
0000004B
FFFFFE4B
FFFFF78C
FFFFFCD5
000002C0
FFFFFDD4
0000022B
FFFFFE81
FFFFFEFB
0000017C
FFFFFF9C
FFFFFD7C
00000356
000003F1
00000279
000004AE
FFFFFD40
00000454
000002CE
000004E7
00000170
000005A4
FFFFFFAF
000004DD
00000135
00000115
000000E8
0000027F
00000477
FFFFFF44
00000380
0000002E
0000022C
0000024C
00000219
0000013D
00000146
0000028B
000004BA
0000022D
FFFFFD53
FFFFFF1F
00000392
00000220
FFFFFD0E
FFFFFE39
FFFFFD99
0000009E
00000079
FFFFFE81
0000005C
000001EC
0000015A
FFFFFCF6
FFFFFFC5
0000035C
0000005F
00000114
FFFFFE31
FFFFF84D
FFFFFB4C
FFFFFBD3
FFFFFD70
000002A7
FFFFFDB8
00000060
FFFFFBE3
FFFFFEFB
00000092
FFFFFF9B
FFFFFC9C
00000090
00000206
FFFFFDB7
FFFFF9C4
000000E9
FFFFFEF0
000001EA
FFFFFF87
00000576
000000C6
0000034A
0000010F
FFFFFF26
FFFFFD86
00000064
FFFFF9E3
FFFFFEC4
0000018C
000001BD
FFFFFE67
000000D9
0000029A
FFFFFD34
FFFFFDB1
FFFFFFB6
000002D9
FFFFFD7E
FFFFFDB7
00000295
FFFFFDD0
FFFFFDD1
0000065E
FFFFFBAD
0000042C
FFFFFBFA
000000D0
FFFFFCCC
FFFFFBD2
00000103
FFFFFEBE
FFFFFFCE
00000007
00000109
FFFFFFDD
FFFFFF74
FFFFFE05
00000240
00000146
FFFFFFDA
0000044F
FFFFFC19
FFFFFB54
0000010E
FFFFFF9F
FFFFFC47
FFFFFF67
FFFFFF32
00000486
FFFFFA36
000001C5
00000482
FFFFFC92
0000004F
FFFFF9FC
FFFFFC89
000003B2
00000252
00000134
000001C1
FFFFFB35
000003C9
000003D5
FFFFFF9D
FFFFFE82
0000001F
000003B7
000000F8
000000E4
00000399
FFFFFF55
FFFFFC67
00000383
FFFFFEE2
FFFFFF25
0000028C
FFFFFCA6
FFFFFF9C
FFFFFDD1
FFFFFE9C
00000079
00000034
FFFFFC12
FFFFFBC6
FFFFFD4E
FFFFFD8B
00000318
FFFFFC5D
000000F3
FFFFFC15
00000661
000003F6
00000177
FFFFFCA5
FFFFFFD4
FFFFFD8F
00000092
00000172
FFFFFF8B
FFFFFD85
000001EE
000002AE
00000156
FFFFFF54
0000004A
00000064
FFFFFF22
FFFFFDCB
FFFFFAD6
FFFFFE04
0000009E
00000051
FFFFFF23
00000335
FFFFFF99
FFFFFFD5
FFFFFC03
FFFFF99F
000001E4
000000C1
FFFFFD4B
FFFFFC3C
FFFFFBF9
FFFFF9C4
FFFFFD14
FFFFF987
FFFFFB73
FFFFFDEC
FFFFFB0A
FFFFFC06
FFFFFE13
0000002D
000003E0
00000572
FFFFFE6F
000002DB
000004E7
000002AF
FFFFFF84
FFFFFA74
FFFFFF99
FFFFFCB2
00000553
00000648
FFFFFE99
FFFFFEE0
FFFFFF32
FFFFFEF1
00000373
0000000D
000005C2
FFFFFE53
000005CA
0000020D
FFFFFF6D
00000501
00000207
0000019D
FFFFFDA6
FFFFFEE7
FFFFFF6D
FFFFFD85
FFFFFB26
000005DE
00000314
000000D6
FFFFFA0F
FFFFFC33
00000417
FFFFFEE9
00000358
FFFFFDCA
000003EC
0000016C
00000024
0000022E
FFFFFF7C
0000060D
000006A8
0000037C
000008F2
000007F7
FFFFFB6C
0000068F
FFFFFE6F
00000345
000000BF
00000162
FFFFFFA2
FFFFFAA0
000000B7
FFFFFF33
FFFFFE01
FFFFFBAB
FFFFFFE3
FFFFFD4D
FFFFFE84
00000550
FFFFFA98
FFFFFC35
0000028E
FFFFFF1D
000001D4
0000029D
00000611
0000080B
FFFFFC53
FFFFFF84
FFFFFEAD
FFFFFC89
00000458
00000168
FFFFFA48
00000390
00000128
FFFFFC5C
FFFFFE16
FFFFFFF6
00000066
FFFFFF04
FFFFFA77
FFFFFB00
FFFFFC7E
00000186
FFFFFE48
FFFFFB3E
FFFFFEA8
0000018F
FFFFFB93
00000367
FFFFFDD7
FFFFFD00
FFFFFEF1
0000009C
000008AD
00000315
FFFFFD7B
00000034
FFFFFA1B
00000168
000002A6
00000320
000007FE
0000018C
0000016C
000001A7
FFFFFFB2
00000526
FFFFF946
FFFFFA3F
FFFFFCFB
FFFFFCEB
000002A8
FFFFFE02
FFFFFF38
FFFFFA05
FFFFFCB4
FFFFFDDB
000005B4
0000021C
FFFFFBE1
0000055A
FFFFFDD2
00000356
000002DF
000002F1
FFFFFB2D
00000067
000000D9
00000572
FFFFFCA5
FFFFF9F8
FFFFFA68
00000600
FFFFFE9A
FFFFFD87
000001AA
FFFFF737
000000E4
FFFFFF58
00000588
FFFFFAA3
FFFFFD99
00000167
FFFFFD9A
0000044B
FFFFFDC8
FFFFFFE6
FFFFFE69
0000059B
0000000D
0000013B
000001A3
FFFFFCB9
00000129
FFFFFC78
00000277
FFFFFAE2
FFFFFCAD
000005C9
FFFFFD0B
FFFFFD3C
FFFFFE6A
0000034E
0000027C
FFFFFE95
FFFFFC77
FFFFFE67
000002D5
FFFFFFD2
000001CB
FFFFFCA6
FFFFFD06
00000334
000000F7
FFFFFFD4
FFFFF981
FFFFFF2A
00000133
FFFFFE55
0000017D
FFFFFFBE
000004F0
FFFFFEDF
000001B2
00000068
000002D2
0000045F
FFFFFE3E
FFFFFF96
00000494
00000458
FFFFF971
00000625
000001BF
000001A2
000000A2
FFFFFC07
000001BC
FFFFFC77
FFFFFE45
FFFFFC36
FFFFF8DE
FFFFFEB5
00000094
0000015F
FFFFFF93
FFFFFB1A
FFFFFB10
FFFFFBE9
0000070E
FFFFFF79
00000084
0000010E
FFFFFEF2
FFFFF7AE
000002D5
FFFFFEA2
FFFFFC60
FFFFFCD6
FFFFFC40
FFFFFB9A
00000099
FFFFFD1F
FFFFFA38
FFFFFA5F
FFFFFF81
FFFFFC5A
000001CB
00000543
00000191
00000059
FFFFFAAB
FFFFFFBD
FFFFFAA2
FFFFF8DC
FFFFFBF7
FFFFFA3F
0000003B
FFFFFE40
FFFFFBA0
FFFFFBD8
FFFFFE42
00000598
000000FB
FFFFFBA6
000002E0
00000174
00000344
00000272
FFFFFD3C
0000032D
00000001
FFFFFF4A
000001D1
FFFFFE07
FFFFFFD1
FFFFFCD9
FFFFFB8D
FFFFFAF2
FFFFFD83
00000284
000003F3
0000006B
000001D3
0000042B
00000234
FFFFFE7F
00000478
FFFFFE72
FFFFFB66
00000153
FFFFFED1
FFFFFDC6
FFFFFC1F
FFFFFDDB
FFFFFFCD
FFFFFE3B
FFFFF972
FFFFFE4C
0000005D
FFFFFA01
FFFFFF82
000003E8
00000354
00000197
000006EA
0000056F
000001D8
FFFFFD24
00000647
FFFFFF0B
000002D4
00000006
FFFFF6E3
FFFFFA7E
FFFFFAC9
000001C4
FFFFFFC7
FFFFFC4A
FFFFFDBA
FFFFFC5F
FFFFFD5A
00000147
000002E3
FFFFFB9C
000003E1
000001A6
FFFFFED9
FFFFFE46
FFFFFD04
0000039D
FFFFFE98
FFFFFD2E
000001D7
0000035D
00000623
000004C4
00000204
00000327
000000ED
FFFFFEB1
0000043B
FFFFFFB4
00000497
000006F8
00000BFB
000006EA
000003C8
000002AA
00000493
00000258
000006A0
FFFFFC3F
000003C6
00000282
00000436
0000038A
000002B8
00000441
000001EC
000001EB
FFFFFDE9
00000431
FFFFFFD2
FFFFFE7C
00000027
FFFFFFCA
000000E7
FFFFFCCF
FFFFFD46
FFFFFF90
000002A2
FFFFFED8
00000615
00000383
FFFFFD02
FFFFF99A
FFFFFB9C
0000038D
000001D0
FFFFFD76
000003EB
FFFFFBBC
000000F2
FFFFFC93
000005E5
000004D7
00000003
FFFFFD4C
0000011B
FFFFFB6E
FFFFFFBE
000003C4
000001B5
0000014E
FFFFFCDD
000004EA
00000181
00000167
FFFFFCFB
000001EB
FFFFFFBA
FFFFFE56
0000053D
FFFFF728
FFFFFC2A
000002E8
00000076
000000EF
000003D9
FFFFFC0B
0000067A
000007BF
000006FB
000002EA
0000055E
FFFFFE90
FFFFFF0E
000002B5
00000272
FFFFFF10
FFFFFFC1
FFFFFFAF
0000034C
FFFFFCD9
000000F8
FFFFFCCF
FFFFFC48
00000476
0000014D
FFFFFCDC
000002E6
FFFFFD53
00000452
FFFFFE15
FFFFFBC1
000002CE
FFFFFC54
FFFFFF5F
FFFFFEDA
0000043A
00000211
FFFFFEF6
FFFFF8DA
FFFFFBCC
FFFFFCFF
00000611
FFFFF80E
FFFFF8E2
FFFFFBBA
FFFFFB70
00000282
000001FF
FFFFFF58
0000007B
FFFFFE69
0000056F
000003BB
00000606
FFFFFE37
FFFFFDE4
0000015F
FFFFFC39
00000138
FFFFFE3F
000002AD
00000285
00000443
FFFFFFDF
FFFFFDEE
00000401
000001DA
00000331
00000314
FFFFFEA0
FFFFFF40
FFFFFB06
FFFFFC5A
00000087
00000361
FFFFFFA1
FFFFFF6D
0000066B
FFFFFF29
FFFFFBEF
000003AB
FFFFFAD0
FFFFF87A
FFFFFFAA
00000042
FFFFFA4D
00000130
FFFFFC08
00000149
00000437
00000125
0000016C
000009AA
0000047F
FFFFFB4C
FFFFFB90
00000830
FFFFFC13
000002B4
00000235
000000BE
00000449
FFFFFB6C
00000295
FFFFFB69
FFFFFD7B
000005CA
FFFFFD71
0000017B
000001E5
FFFFFDBB
000003E9
FFFFFBA2
00000751
FFFFFE98
FFFFFDD4
000007A4
00000290
00000325
FFFFFE7D
FFFFFC71
0000018B
000001DE
000000E0
00000190
00000153
FFFFFCF6
FFFFFE2E
FFFFFDF1
FFFFFB8F
0000050E
00000079
0000040E
FFFFFCF1
00000257
00000446
000002C4
FFFFFB5D
000004A8
FFFFFAEA
FFFFFE49
FFFFFA80
0000029A
FFFFFB52
0000037C
FFFFFCD6
FFFFFE4E
FFFFFD2D
000000A6
00000098
FFFFFF20
FFFFFD43
FFFFFC4A
FFFFFE4D
FFFFFA28
FFFFFF82
FFFFFAE3
00000465
FFFFFB7F
00000351
000001B1
FFFFFFCD
00000343
FFFFFDBA
FFFFF970
00000166
FFFFFAB4
FFFFF791
000004D0
00000365
FFFFFA15
000000C1
FFFFFCD3
FFFFFE78
FFFFFD9C
FFFFFDA8
0000033C
FFFFFEB5
FFFFFDBB
00000043
FFFFFFBB
FFFFFC94
00000513
FFFFFC77
000005C1
000002F9
FFFFFFCB
FFFFFF8C
FFFFFD77
00000436
00000649
0000039C
000004FD
FFFFFE2F
FFFFFE47
000003FE
FFFFFF67
0000006F
FFFFFCD6
FFFFFAFE
00000418
FFFFF944
FFFFFC44
FFFFFC1B
FFFFFCEA
FFFFFDEB
FFFFFE5D
FFFFFFE7
FFFFFC21
FFFFFB5C
0000039B
000003C9
FFFFF6E3
0000051F
0000036D
000001E8
FFFFFD1D
000004C9
FFFFFAEB
FFFFFDE6
FFFFFDD6
FFFFFED6
000005CB
FFFFFD8D
FFFFFD22
0000056F
FFFFFE1E
FFFFFC76
FFFFFDE7
000000CF
0000025F
FFFFFEA0
FFFFFD45
000000A1
0000007E
FFFFFCFD
FFFFFFA0
FFFFFC6F
FFFFFD8D
000000B8
00000386
FFFFFF2D
FFFFFE8A
FFFFFE07
00000237
FFFFFF6E
FFFFFE75
FFFFFD18
000003B6
0000031A
FFFFFE68
00000134
FFFFFE97
00000222
FFFFFCE0
0000035A
00000341
00000100
000000A2
FFFFFEAA
0000006F
000002D8
0000006B
FFFFFCC9
FFFFFABB
0000021C
FFFFFF51
FFFFFF20
FFFFFEDD
00000167
FFFFFE54
00000345
0000007D
0000008E
000003BE
00000116
FFFFFF63
FFFFFED8
FFFFFF54
0000027A
FFFFFF5B
FFFFFD43
00000241
FFFFFAE9
FFFFFD8C
FFFFFB5D
FFFFFBFE
0000018E
000002B1
000000AC
FFFFFF8E
0000030E
00000494
0000049F
00000089
000006A5
000005C5
0000016F
FFFFFE58
00000098
FFFFFDE8
FFFFFF03
FFFFFE0E
00000053
0000024B
FFFFFF0B
FFFFFEF6
FFFFFEE9
FFFFFCFA
FFFFFE73
00000102
FFFFFF03
0000010D
000002F2
FFFFFF64
FFFFFF1D
000000A9
00000231
FFFFFDDF
000002C1
00000077
FFFFFF72
FFFFFD6A
FFFFFDCF
0000029C
000002E7
000001E9
000002F8
00000323
FFFFFFB0
FFFFFD45
000005EC
00000546
0000001A
000001FA
FFFFFEF5
FFFFFE48
FFFFFC93
00000015
000001CF
00000092
FFFFFF83
00000131
00000169
FFFFFCE6
FFFFFD87
FFFFFB61
FFFFFB5A
FFFFFB7D
FFFFFE41
FFFFFE7C
FFFFFA35
FFFFFC87
FFFFFC05
FFFFFD73
000002F3
00000237
00000020
00000350
FFFFFEB6
FFFFFFDC
0000021E
00000506
00000047
00000208
000000DE
0000001C
000002A3
FFFFFCF0
FFFFFE2C
000002C4
FFFFFDA2
00000362
0000023C
FFFFFE09
00000309
0000002E
FFFFFD4E
00000119
FFFFFF71
FFFFFCDF
000000A4
FFFFFE63
000002B7
0000031A
000000C2
0000010F
FFFFFD87
00000231
000002AE
FFFFFE10
FFFFFC98
00000003
FFFFFFE8
FFFFFF91
0000034B
FFFFFFFD
FFFFFD53
0000007D
FFFFFEF2
FFFFFF74
FFFFFA72
00000199
000000D1
FFFFFCD7
FFFFFE5E
00000196
000003D1
000001CB
000001CF
00000164
FFFFFF91
FFFFFDA0
0000028B
FFFFFEB3
00000367
FFFFFD65
FFFFFDD8
FFFFFC9E
FFFFFDFE
FFFFFF87
00000185
0000014D
FFFFFD5E
0000043A
FFFFFDE3
FFFFFF67
0000009B
00000290
00000015
FFFFFE67
FFFFFFA2
FFFFFED6
00000088
FFFFFDCA
00000310
000000E4
FFFFFE82
FFFFFFAF
0000000A
000000BB
000000D1
FFFFFF09
000000B4
FFFFFE8C
0000035D
0000022F
FFFFFC70
FFFFFD01
FFFFFFB8
0000000B
00000096
000001C9
00000192
FFFFFED2
000002B7
00000355
000001A3
FFFFFF5D
FFFFFD3C
FFFFFD60
FFFFFD55
FFFFFE05
FFFFFE4A
FFFFFBCF
FFFFFDE2
FFFFFFD5
00000166
FFFFFE87
00000493
FFFFFEBA
FFFFFCBB
FFFFFD8E
FFFFFFC1
000001D5
000003C7
00000411
FFFFFDD0
FFFFFE4C
FFFFFFED
00000359
00000408
00000285
FFFFFF4E
00000386
FFFFFD72
FFFFFE43
000000E9
FFFFFE6E
00000160
0000059C
000003DC
0000034E
00000081
0000010D
000004B0
000001A8
FFFFFEE4
000000DF
000000FD
FFFFFDA4
FFFFFCEB
0000005C
FFFFFE0D
FFFFFCC9
FFFFFF3E
FFFFFE1B
000000EB
000001D1
FFFFFDAE
FFFFFF25
FFFFFFA0
00000470
FFFFFF85
FFFFFFD7
FFFFFFD7
0000012C
000000D3
0000039B
000002E1
FFFFFE4D
00000192
FFFFFFF7
FFFFFD60
FFFFFF6B
000001B5
00000211
000000D5
00000307
000000CC
FFFFFF23
FFFFFC92
FFFFFF81
FFFFFF7B
00000449
000001B0
000002B2
000000A8
00000295
00000077
FFFFFED3
FFFFFC97
FFFFFFE9
FFFFFECF
000001E1
00000083
FFFFFF44
00000236
FFFFFFA7
000002E1
FFFFFF0A
0000013E
FFFFFFA6
0000015A
FFFFFDBF
FFFFFDFF
00000054
FFFFFDB4
00000175
00000002
000000ED
00000450
000001E8
FFFFFCED
FFFFFD2D
00000046
000001C5
00000202
00000222
0000008E
FFFFFFA7
00000195
000002A1
FFFFFD13
000002DE
0000046E
000004B4
00000108
FFFFFEB5
FFFFFEF7
00000444
00000372
000003DE
000004B9
000002F8
00000047
0000020E
00000121
00000251
FFFFFE46
0000028F
FFFFFF00
00000127
FFFFFEFC
000001C6
FFFFFDB4
FFFFFE5F
FFFFFCC4
FFFFFD67
FFFFFE6B
FFFFFC13
0000014E
FFFFFFCC
FFFFFEF9
FFFFFD15
FFFFFF06
FFFFFFBD
FFFFFC6C
FFFFFFE1
FFFFFAC2
FFFFFA4F
FFFFFCB9
FFFFFE85
FFFFFE1C
0000007D
0000028C
FFFFFF2E
FFFFFFF8
FFFFFCF2
FFFFFFA7
FFFFFE8E
FFFFFF62
00000310
0000035D
FFFFFED6
00000062
00000291
0000005D
000001D1
FFFFFF17
FFFFFDEC
FFFFFF39
0000064D
FFFFFF53
00000107
00000034
FFFFFFA9
000001D8
0000042C
FFFFFFC7
FFFFFF20
FFFFFEF4
0000006D
00000329
00000054
00000304
FFFFFEB7
00000143
000002F8
00000219
FFFFFBFF
FFFFFB94
FFFFFEC9
000001C7
FFFFFDA3
00000285
0000003B
0000022B
00000246
FFFFFE70
000000E7
FFFFFDB9
FFFFFBC0
FFFFFEDE
0000014F
0000012D
FFFFFE74
0000010F
00000563
0000017B
000001FC
000000E4
FFFFFF01
FFFFFE50
FFFFFF63
FFFFFDE6
0000005A
FFFFFF59
FFFFF9FB
0000002F
FFFFFD16
FFFFFC78
00000205
FFFFFC94
00000007
0000017A
000002BF
0000043C
000002B3
00000404
FFFFFF1D
00000362
0000043D
000005A4
000001A6
FFFFFD5C
FFFFFD5A
FFFFFEF4
FFFFFE2A
FFFFFDF8
000001D4
FFFFFDA4
0000005F
FFFFFC8C
000002E7
FFFFFEF8
FFFFFE6F
0000016B
00000102
000001AB
FFFFFD43
FFFFFD0B
FFFFFFB2
FFFFFD9B
00000224
0000031B
000001D3
00000536
FFFFFF55
000003F0
0000008D
FFFFFCD0
FFFFFE50
FFFFFF54
00000133
00000068
FFFFFD45
0000019F
000002F8
FFFFFE77
0000017B
00000193
FFFFFD8B
000001D4
FFFFFC1B
00000220
0000002E
00000170
000001FD
000002AC
00000298
FFFFFB5C
000000FB
FFFFFEC9
FFFFFFBE
00000143
00000192
0000012D
00000094
FFFFFCDD
FFFFFD82
00000201
000003AA
FFFFFCED
0000000F
00000244
FFFFFD78
000000B2
00000048
00000135
FFFFFEDC
000001E0
00000094
FFFFFEA4
0000018A
FFFFFCF7
0000008E
FFFFFF79
00000364
000003F5
FFFFFE2C
00000272
00000417
00000215
FFFFFD93
00000000
FFFFFFE3
000001C4
FFFFFF55
0000011E
FFFFFE24
FFFFFDF2
FFFFFD0E
00000117
0000000C
FFFFFFC2
FFFFFDA3
0000014D
00000117
00000167
000002F9
FFFFFC57
FFFFFF3D
0000002C
000001C4
00000377
000001A3
FFFFFFC0
0000033D
000000A1
00000123
FFFFFE70
0000008B
000002F8
00000217
00000394
00000336
FFFFFDEE
FFFFFEEE
FFFFFC8D
FFFFFEC6
FFFFFC06
FFFFFF6C
000003E0
00000081
FFFFFB2B
FFFFFD84
FFFFFD18
00000118
0000028E
0000015C
00000164
FFFFFF39
FFFFFE55
FFFFFEC0
FFFFF814
000002F9
FFFFFD25
FFFFFEA4
FFFFFEF9
000003C1
FFFFFF7A
FFFFFB69
FFFFFC4D
00000193
FFFFFAC7
FFFFF718
FFFFF7F5
FFFFF892
FFFFFF71
00000269
FFFFFD06
FFFFFF9C
FFFFFDEA
000001A9
000006D0
0000017F
000000B1
FFFFFD2D
0000012E
000000A1
00000437
00000421
000000B5
FFFFFA47
000000F9
FFFFF932
FFFFFFE0
FFFFFCA5
000000B4
000001A0
00000578
FFFFFFEB
FFFFF6F9
0000019B
0000027E
FFFFFDF6
00000467
000006FB
00000605
FFFFFD9E
000007AD
0000010E
00000500
FFFFFA88
FFFFFFF2
000001C0
FFFFF99E
FFFFFF0C
00000545
00000466
FFFFFBB5
FFFFFFEE
0000074E
00000050
FFFFFE03
FFFFFCA0
0000073F
000005C6
00000189
00000555
000004D8
FFFFFDDB
FFFFFAE3
00000235
FFFFFFD2
FFFFF9CA
FFFFFDD2
FFFFFDD8
00000665
0000004A
0000013C
FFFFFF1B
FFFFFDDF
0000068E
00000172
0000082E
FFFFFAF6
000001BE
00000040
FFFFFF59
00000192
FFFFFEB1
FFFFFAC2
FFFFFF37
000000B0
FFFFFCC0
FFFFFD8B
00000042
000001BF
FFFFF8E8
FFFFFA64
00000119
FFFFFCED
FFFFFFD9
FFFFFA7F
FFFFFEBC
FFFFFFED
00000408
000005FA
000000B8
FFFFFD47
FFFFFFCA
FFFFF9B7
000003D3
FFFFFA7B
000003C8
00000107
FFFFFB65
0000032B
FFFFFCB8
00000306
000004D6
000002EB
000002DD
000000CD
000003DD
FFFFFE32
FFFFFDB1
FFFFFFA8
FFFFFC13
000003BD
00000517
0000021E
0000012E
00000129
00000547
0000085D
FFFFFE08
000001BD
FFFFFE95
00000247
FFFFFDB1
000000FC
00000098
FFFFFEA4
FFFFFB6D
00000686
FFFFFBBE
FFFFFEC8
FFFFFEE5
00000277
00000692
00000265
FFFFFC28
FFFFFC82
FFFFFF4A
00000589
00000061
00000334
FFFFFF72
0000048D
FFFFFEB1
FFFFF9DB
000005BE
0000014D
FFFFFAF1
00000510
00000776
000007E8
00000320
00000048
FFFFFDE4
FFFFFD20
000004DC
0000023D
FFFFFB13
000006FB
00000141
00000438
000001EB
000000A5
000004AE
000001B2
FFFFF9A3
FFFFFEC7
FFFFFB72
000005A0
FFFFFFA3
FFFFFFC6
00000785
0000052C
000000F9
FFFFFBDF
00000203
000004A5
000001A0
00000290
000002E1
FFFFFEE7
000002C5
FFFFFE5E
000005C8
FFFFFAE7
FFFFFEE8
FFFFFFED
00000601
000007CD
000001F5
00000A22
00000121
0000040F
FFFFFF7B
FFFFFF50
000002A7
0000014B
FFFFFF19
00000358
00000385
000001FF
FFFFFF1B
00000096
00000269
000004FD
FFFFFE85
FFFFFAF6
FFFFFFA5
FFFFFFD7
FFFFFBFF
00000171
00000340
0000011F
00000107
FFFFFE98
000002AF
FFFFFBAB
0000022B
00000199
000005CF
FFFFFA7E
FFFFFF6C
FFFFFF9C
FFFFFEBC
00000116
FFFFFF40
00000380
00000375
0000058B
FFFFFFF3
FFFFFF7D
0000062F
0000051D
000001F5
000003A8
000006B1
00000211
0000064C
000002A6
00000374
FFFFFD0D
00000005
00000138
FFFFFBD6
FFFFFF25
000001AF
000002EC
0000049F
0000018D
FFFFFFAA
FFFFFD77
FFFFFE71
FFFFFA7A
FFFFFBB3
FFFFFF59
00000087
000003B4
0000043E
FFFFF9A8
FFFFFD88
000001DA
FFFFFDAB
0000044C
0000021A
00000162
00000022
00000152
FFFFFCE4
0000052A
FFFFFE54
FFFFFDC5
0000029F
0000048C
FFFFFED3
FFFFF901
0000000C
FFFFFFE2
FFFFFD36
000001ED
FFFFFBBE
FFFFFE71
FFFFFB6D
FFFFFFB8
00000158
FFFFFBE1
FFFFFFBE
FFFFFE0D
FFFFFEFF
0000011A
00000464
FFFFFEE3
000001CF
FFFFFE37
FFFFFD52
FFFFFE66
00000018
FFFFF9C9
0000006A
FFFFFA7C
00000235
00000157
FFFFFE2F
000003DA
FFFFFD43
FFFFF946
FFFFFC11
00000618
FFFFFB82
00000575
00000027
FFFFFFC0
00000595
0000069A
FFFFFA43
FFFFFFCA
000000E8
FFFFFEE8
FFFFFE63
FFFFFD4E
00000075
00000521
FFFFFACA
FFFFFDD6
FFFFFA00
0000034A
FFFFFA97
000004A8
FFFFFBF6
00000361
FFFFFD23
FFFFF8FA
FFFFFCEA
FFFFFDF8
FFFFFD8D
FFFFFA12
FFFFFFD5
000004BC
FFFFFA46
FFFFF9D2
FFFFFB7F
FFFFFADA
FFFFFDBB
FFFFFBB6
FFFFFEB1
FFFFFD75
FFFFFF04
FFFFFE3F
FFFFFDA0
FFFFFD3E
FFFFFBBC
FFFFFD2A
FFFFF865
FFFFFDF1
000001AC
00000140
FFFFFFD7
FFFFFBE5
FFFFF953
000007C5
0000056D
000009A1
00000351
0000009C
000004AA
FFFFFFDF
FFFFFE6B
FFFFFFB2
FFFFFF2A
00000573
FFFFFE41
00000032
0000033A
00000644
FFFFFE67
FFFFFEB8
FFFFFFF5
000000B0
FFFFFE04
FFFFFEC0
000002FF
FFFFFF7B
00000254
0000011C
0000027F
FFFFFD46
000002E7
FFFFF880
000003F0
FFFFFEC0
00000310
00000379
FFFFFCD2
FFFFFEED
00000315
FFFFFD18
FFFFF965
FFFFF798
0000027E
0000018D
00000219
000000B8
FFFFFE9A
000000CF
FFFFF93C
FFFFF9A0
00000246
00000178
000000C2
FFFFF873
FFFFFE2B
FFFFFB81
FFFFFFE4
FFFFFFFA
FFFFFEBB
FFFFFB08
FFFFFD52
FFFFFC38
FFFFFAB4
FFFFFCF4
00000151
00000660
00000078
00000211
0000021F
000005F6
FFFFFACE
FFFFFBB8
00000265
FFFFFBAC
00000506
000000B1
00000372
00000254
0000024C
000004D2
000001AA
FFFFFD4E
FFFFFC6E
0000013F
FFFFFD08
0000033A
000002A5
FFFFFD22
FFFFFFF1
FFFFFA95
FFFFFFB1
FFFFFF45
000001D5
0000052B
00000316
FFFFFD58
FFFFFD61
00000055
00000487
00000011
FFFFFA8D
FFFFF88B
FFFFFD64
000003C3
00000610
0000033A
000005EE
FFFFFE18
00000253
0000032A
000004F6
000002D3
FFFFFD3B
FFFFFD56
00000212
00000608
0000027C
00000054
FFFFFEF3
0000033A
FFFFFD70
00000259
FFFFF885
00000277
FFFFFB98
FFFFFE03
FFFFFC05
00000203
0000024C
000001BC
0000008C
FFFFFDB5
FFFFFB73
FFFFFB67
FFFFFF32
00000393
00000440
FFFFFEF3
0000028B
FFFFFCF9
00000382
FFFFFCBD
FFFFFCD9
000002CC
FFFFFCCF
FFFFFD63
FFFFFBDE
FFFFFA5E
0000060D
000000BE
00000691
FFFFFEF7
000003E0
FFFFFAC8
FFFFFC7A
00000482
FFFFFDAA
0000019F
FFFFFFAB
FFFFF9C9
FFFFF97C
FFFFF9C3
FFFFF8CE
000006DD
0000004A
0000000A
0000013A
000002D4
00000329
0000046D
00000424
0000046B
FFFFFC6B
00000611
FFFFFC98
FFFFFBD2
FFFFFBDD
FFFFFDF6
000004FD
FFFFFBD1
FFFFFB83
000001C8
000003CD
FFFFFA88
FFFFFC53
FFFFFF8D
FFFFFF4F
FFFFFB8E
FFFFFE65
00000117
00000016
FFFFFE17
FFFFFC20
00000106
0000033E
00000178
0000012F
000002E4
FFFFFE05
FFFFFFFD
FFFFFC49
00000133
0000000B
FFFFFF8E
FFFFFDD6
000000DE
00000000
00000044
0000008E
FFFFFF72
00000376
00000256
FFFFFFD4
00000308
00000019
FFFFFF44
FFFFFCFE
00000046
FFFFFEC5
000001A8
FFFFFC5D
FFFFFC58
FFFFFF94
FFFFFE33
0000043B
00000035
FFFFFF22
00000175
00000207
000000E9
0000037A
00000304
FFFFFD43
FFFFFF44
00000115
0000010A
0000007B
000003C2
FFFFFD2C
00000228
0000034A
00000276
00000585
00000013
00000000
FFFFFF56
0000000C
000003E6
0000023B
000001D4
FFFFFEA2
FFFFFF20
000003F4
0000017E
FFFFFE99
000003CC
FFFFFA70
0000014E
FFFFFEEF
FFFFFD6D
0000025A
FFFFFBFE
FFFFFDBA
FFFFFD0C
000000B1
FFFFFF03
FFFFFC7B
FFFFFDE0
FFFFFE6C
000003B3
FFFFFFB2
0000001F
00000008
000001AF
00000413
00000139
000003C1
0000002E
FFFFFE8C
FFFFFD24
000001D0
00000116
000001A5
FFFFFE56
00000376
00000377
00000103
FFFFFD46
FFFFFD64
00000150
0000033C
00000354
0000019C
00000255
FFFFFC06
00000203
00000030
FFFFFF7A
FFFFFFD0
FFFFFE07
FFFFFBD9
000001AB
00000019
00000148
000003F6
FFFFFE79
FFFFFE92
FFFFFE05
FFFFFC39
FFFFFC1E
00000390
00000385
00000062
000003DA
FFFFFCDC
000000E7
FFFFFFC9
0000018F
00000011
00000270
000002B5
0000001F
FFFFFFDB
FFFFFE83
000000C4
00000049
0000028A
000002AA
00000097
00000243
000004AE
0000046A
0000040F
FFFFFEC4
00000101
00000228
00000019
00000085
00000236
FFFFFF67
00000105
0000051F
0000044D
FFFFFFB0
FFFFFC5B
00000000
FFFFFCA0
000000AD
FFFFFDAB
FFFFFEFD
FFFFFC7C
FFFFFE16
FFFFFAE3
FFFFFF0E
00000249
FFFFFC53
FFFFFF06
0000009D
00000286
00000131
FFFFFBD5
FFFFFF76
FFFFFD14
FFFFFDB7
FFFFFDF7
000000F7
00000030
FFFFFE06
00000203
00000213
000001BA
000002C0
FFFFFE88
FFFFFEBD
000000F0
0000011F
00000131
00000213
00000273
00000265
FFFFFF82
0000040A
FFFFFF21
FFFFFD8D
000000A2
FFFFFFA3
FFFFFE65
00000020
00000270
00000046
FFFFFE5C
FFFFFFDB
0000028E
0000032C
000000CD
000000CC
FFFFFEC5
FFFFFEC6
0000023F
00000024
FFFFFD16
FFFFFEB0
000000B5
FFFFFDF4
000001E3
FFFFFF50
000000C0
FFFFFF1C
FFFFFC35
FFFFFBFE
FFFFFE34
FFFFFF6F
0000035F
000004F1
0000007F
FFFFFF2A
FFFFFF57
FFFFFDE2
000000CA
FFFFFF5D
0000018B
FFFFFDBA
0000022E
00000054
000000D2
00000052
FFFFFBCF
FFFFFE87
0000020A
FFFFFB7A
000001F8
0000035D
00000144
0000006E
FFFFFFC6
FFFFFE9E
00000444
000001F0
000001C2
FFFFFF2D
0000037F
000005B6
00000101
0000023C
00000253
000000AF
000000BA
FFFFFE66
000004D4
000000E1
00000508
00000481
FFFFFED6
000002C6
FFFFFEDC
00000288
FFFFFF81
FFFFFEDF
FFFFFF13
FFFFFD09
0000007D
00000031
00000427
00000190
FFFFFF59
000001A7
FFFFFF19
FFFFFECE
FFFFFE13
000000E8
FFFFFDB7
00000142
FFFFFED0
FFFFFE58
FFFFFCAC
FFFFFF44
FFFFFD5A
FFFFFEAE
000002C2
FFFFFEC2
00000378
FFFFFE58
00000255
00000238
0000032A
000003E4
FFFFFDCD
FFFFFFF5
FFFFFEEE
FFFFFED5
000002B0
0000033C
0000033F
000000BA
000000C2
00000136
FFFFFE8C
00000188
0000006D
0000051F
FFFFFE97
00000132
FFFFFFCE
000000AD
FFFFFED3
FFFFFF1D
0000015E
FFFFFD8C
00000327
00000025
00000159
00000250
00000370
0000015D
00000006
FFFFFF8E
00000353
00000379
000001ED
000003D9
FFFFFFE4
FFFFFF34
000003F7
FFFFFF05
0000018E
FFFFFC9C
FFFFFFFD
000003C0
00000214
FFFFFE35
000003B0
000000AA
00000027
FFFFFC36
000001E6
FFFFFF36
0000046A
000003D5
0000012B
FFFFFFFA
FFFFFE6D
FFFFFF44
FFFFFF43
000003A1
00000063
0000022D
000002E4
00000354
000001BB
00000218
FFFFFFEC
FFFFFC17
FFFFFDC5
FFFFFC70
FFFFFE8D
FFFFFC11
FFFFFFC0
000002C2
000000D5
FFFFFEB0
FFFFFE28
FFFFFBDD
FFFFFFC5
FFFFFFE8
FFFFFE47
000000E0
FFFFFE36
FFFFFCDC
FFFFFD68
00000309
0000022C
00000004
00000127
FFFFFE76
FFFFFE65
FFFFFE34
00000070
000001D9
FFFFFFEB
0000020C
FFFFFE40
FFFFFF3D
FFFFFF62
FFFFFEB9
000000BD
000001F5
FFFFFDF2
0000024F
FFFFFFAF
0000011A
000004F8
00000082
FFFFFF42
FFFFFC5F
FFFFFE00
FFFFFE74
FFFFFF1B
00000170
FFFFFDC8
FFFFFE98
00000236
00000392
00000325
00000361
00000014
00000008
00000266
0000008F
FFFFFD1F
00000084
000002F5
00000068
0000028E
0000013F
00000211
FFFFFD2D
FFFFFFD2
0000008D
000001C3
000000E5
00000074
FFFFFEAE
FFFFFF26
FFFFFEC0
FFFFFE4E
000001C1
000002EC
000000D4
FFFFFEF4
0000008D
0000033B
FFFFFC0C
FFFFFDA4
FFFFFB4D
FFFFFFE8
FFFFFF3B
FFFFFC52
FFFFFEBA
FFFFFB6D
000000DC
FFFFFDB7
FFFFFF86
FFFFFE4F
0000056B
000003B2
0000000A
000001A5
0000002E
0000024D
FFFFFE05
0000028C
FFFFFFF2
FFFFFFEF
FFFFFE3D
00000239
FFFFFF8F
000002C8
FFFFFEE2
FFFFFE14
00000343
00000132
000001ED
FFFFFEC4
FFFFFB94
FFFFFFB8
FFFFFE8A
000004B9
FFFFFE76
FFFFFE71
FFFFFD10
000003D0
00000126
00000000
0000044C
FFFFFFE7
00000025
000004AB
00000542
00000429
00000131
FFFFFBD2
FFFFFCA2
FFFFFE6B
0000037F
FFFFFFD0
FFFFFE3A
FFFFFF02
FFFFFC06
FFFFFF9D
000000BE
0000008D
00000124
0000017B
000002A5
000002ED
FFFFFBF4
FFFFFAAA
FFFFFDC1
00000154
FFFFFCCE
000001AB
000003D9
FFFFFEAC
FFFFFDA5
FFFFFEF5
00000000
FFFFFEFD
FFFFFC91
00000137
0000013C
FFFFFF43
FFFFFD19
0000011E
00000015
FFFFFD26
FFFFFE21
FFFFFFFF
FFFFFEB6
000000A1
0000006E
FFFFFDDF
FFFFFD7D
000000B7
FFFFFD3C
00000034
FFFFFDA0
0000016C
FFFFFE22
FFFFFA31
000000CF
FFFFFDED
FFFFFE77
FFFFFDD2
00000060
FFFFFE69
000000BB
00000277
000001A2
000003DC
00000025
00000061
0000027C
FFFFFCDB
000002BD
FFFFFD28
000001F4
FFFFFC98
FFFFFAC3
FFFFFC6E
00000311
00000244
FFFFFF61
FFFFFF9A
000001E1
00000340
FFFFFE9A
00000481
0000005C
FFFFFED5
000000D2
0000026E
FFFFFDCE
0000016A
00000239
FFFFFDB7
FFFFFD58
FFFFFF17
FFFFFE45
FFFFFC03
FFFFFFEA
FFFFFF3A
00000104
000001B9
000004C5
0000026E
FFFFFE3A
FFFFFCB6
0000019A
FFFFFFFB
FFFFFEC2
00000088
FFFFF92E
000002C4
FFFFFE6E
0000033C
00000427
FFFFFB97
00000117
00000166
00000256
FFFFFF77
FFFFFDCF
FFFFFC91
0000014E
FFFFFDF1
FFFFF938
0000016F
00000007
FFFFFAA5
FFFFFD09
FFFFFEB9
FFFFFF6F
0000014A
0000004A
00000134
00000315
FFFFFC62
00000105
00000405
00000403
00000054
000000CA
FFFFFDB8
00000144
FFFFFA9D
FFFFFE7F
000000EA
FFFFFBAD
00000322
00000355
FFFFFAE1
FFFFFC5B
00000226
00000341
0000034A
FFFFFC5C
000005FD
00000462
FFFFFE2B
FFFFFEC4
00000179
FFFFFEB6
000002C7
FFFFFCF7
FFFFFA24
FFFFF900
FFFFFDFA
FFFFFC97
FFFFFD88
FFFFFC13
FFFFFFE2
000001EB
0000005E
0000037C
000004EF
000000FE
FFFFFEBC
0000032D
FFFFFFE2
FFFFFE4F
000001BE
000003FE
000002FB
0000061E
FFFFFD68
FFFFFDCE
000003FA
00000217
0000020D
000004E8
000004FE
FFFFFD80
0000005A
000002D9
000001EA
FFFFFE84
00000202
FFFFFE60
FFFFFD0E
FFFFFE11
FFFFFEE2
FFFFFCB0
000001AD
FFFFFD56
FFFFFC80
0000008A
00000139
00000423
00000272
FFFFFED4
FFFFFA6D
FFFFFC07
FFFFFC00
00000012
FFFFFC95
FFFFFDBC
000004EB
0000031D
0000030A
00000070
00000360
FFFFFE1F
0000030E
00000146
FFFFFEFD
000003CC
FFFFFD42
00000562
00000545
FFFFFD2E
00000249
FFFFFFB6
FFFFFE92
0000042D
000001A4
FFFFFE05
00000064
000004B2
000002B8
000002E8
FFFFFEF8
FFFFFD47
00000177
FFFFFED7
FFFFFAF1
FFFFFC32
00000006
00000627
00000035
FFFFFF15
00000000
0000014E
FFFFFD1B
FFFFFE30
FFFFFCA3
FFFFFB31
FFFFFC1F
FFFFFFCA
00000414
FFFFFE0A
00000589
00000514
FFFFFC15
FFFFFA91
FFFFFFE8
000000A3
000000E2
FFFFFBF4
FFFFFCD9
FFFFFCD8
FFFFFE3E
000001C8
00000092
00000193
FFFFFDA7
000003E3
0000071D
0000013A
000001A3
000002D2
FFFFFDE0
FFFFFC7D
FFFFFE84
0000055E
000002ED
FFFFFD8B
FFFFFD43
000004FE
00000224
00000427
00000274
000002BE
FFFFFF35
FFFFFF53
FFFFFE98
000003FF
000000AC
000005E6
00000075
FFFFFE59
00000670
00000277
0000021B
0000036A
00000150
00000533
FFFFFE10
FFFFFFC0
FFFFFD9E
000002AA
FFFFFD65
0000006E
FFFFFD46
FFFFFC0E
000001DA
000000D5
FFFFFEEA
000004C3
000002FF
FFFFFF9A
00000298
00000216
00000160
FFFFFB98
FFFFFE4C
00000187
FFFFFD41
FFFFFAE2
0000010B
00000306
00000015
00000188
00000167
FFFFFADB
FFFFFD2D
FFFFFF9C
FFFFF9E9
0000032B
00000143
FFFFF97D
00000155
FFFFFAB7
FFFFFF13
FFFFFBD7
0000046F
0000004F
FFFFFB8A
0000015F
FFFFFD98
0000038C
FFFFFEAB
FFFFFD6B
FFFFFEA2
00000102
00000173
FFFFFF0A
00000000
FFFFFF29
FFFFFED5
00000077
FFFFFE8A
000002E6
FFFFFEAC
00000273
FFFFFE36
FFFFFE0A
FFFFFB0D
FFFFFE73
FFFFFF3C
FFFFFDC7
00000337
000002FE
0000011C
000003CC
0000001B
0000020B
FFFFFE80
000000CA
FFFFFCE8
00000300
FFFFFF55
000001F1
0000042F
FFFFFF56
00000459
000007F1
00000080
FFFFFD85
0000007D
FFFFFF17
FFFFFF45
FFFFFD93
FFFFFDA7
FFFFFD28
FFFFFE9C
000003CC
FFFFFCC1
FFFFFD4E
FFFFFF22
00000251
000001BA
FFFFFD2D
FFFFFEA3
000002C6
FFFFFEAC
00000400
000002D5
000000D0
00000001
FFFFFC40
FFFFFC2C
FFFFFF20
00000127
FFFFFC13
00000462
FFFFFEDF
00000173
0000002B
00000536
000001E0
FFFFFE31
FFFFFB87
FFFFFEBE
000003A6
00000465
FFFFFC03
00000423
000001A9
0000036D
000001C4
0000018D
0000003B
FFFFFE64
FFFFFFEB
FFFFFEC5
FFFFFDEF
0000010C
000003B5
0000039E
FFFFFF44
00000176
0000052B
000004B0
00000185
FFFFFE0C
FFFFFB25
000002EA
FFFFFB9A
000001B8
00000079
00000125
00000426
00000172
FFFFFF7B
00000235
FFFFFE23
FFFFFDA6
FFFFFED0
FFFFFDD1
00000175
FFFFFDF2
FFFFFED5
FFFFFE87
FFFFFFF8
00000037
FFFFF95F
00000113
FFFFFDE1
0000005C
000000F4
000001DA
00000057
FFFFFE50
FFFFFC7D
FFFFFDE9
000000D9
FFFFFBAB
FFFFFA8F
FFFFF7BF
FFFFFCE5
FFFFFBD8
000000ED
FFFFFBF0
FFFFFF77
FFFFFF8B
000000AA
000004FD
000004D2
0000010E
FFFFFEFA
000004E3
000002F9
000003C9
000002AE
0000031C
FFFFFFEB
00000154
000001AB
000000FB
00000484
FFFFFEA2
00000187
0000002A
00000370
000000DB
0000034F
FFFFFFF4
FFFFFFD9
0000039F
00000327
FFFFFF6A
00000481
0000026A
FFFFFF34
FFFFFF34
0000022D
FFFFFD99
FFFFFECB
FFFFFD47
FFFFFCFE
FFFFFFA7
0000000A
00000330
FFFFFC5C
FFFFFD1E
0000036E
00000419
0000028A
FFFFFF2F
00000427
000002D5
FFFFFC1C
0000023C
0000000A
FFFFFF8B
FFFFFA74
00000152
FFFFFFDF
00000230
FFFFFF62
00000357
000001F9
FFFFFDFE
000003C5
FFFFFFE3
FFFFFF34
FFFFFF63
FFFFFF0F
00000068
0000031F
00000064
000003F5
000002A1
FFFFFCE2
FFFFFEF6
00000383
000003EE
0000003E
FFFFFFFA
0000026A
000001CC
0000025A
FFFFFC8A
00000169
FFFFFC3F
FFFFFCCC
000000CD
FFFFF775
000001C1
FFFFFD5D
FFFFFDA8
000000F0
FFFFFF5A
FFFFFCE3
0000000C
FFFFFEF9
00000144
FFFFFDFC
00000109
000002D3
FFFFFD4D
FFFFFD94
0000020C
FFFFFAAF
00000275
FFFFFFFA
0000012B
FFFFFC6C
0000021E
00000003
00000115
FFFFFDBB
00000285
FFFFFDD2
000000F1
0000028E
FFFFFF8B
000002A7
0000007F
FFFFFD8E
00000046
FFFFFC77
FFFFFDC1
0000006A
FFFFFE72
FFFFFF84
0000008B
FFFFFFF3
00000339
0000014A
FFFFFC8D
00000249
0000026E
FFFFFEAE
FFFFFDF5
FFFFFF0E
FFFFFB79
000003B8
FFFFFC45
0000040A
00000309
00000129
00000316
00000203
FFFFF961
00000354
FFFFFEE8
000000CC
FFFFFD8E
FFFFFE12
0000017A
0000000E
0000070D
000005B1
000006B4
FFFFFDF8
0000025C
00000344
FFFFFF5E
FFFFFC25
FFFFFF62
000002CE
FFFFFDF9
FFFFFFE4
FFFFFFAA
FFFFFE8D
00000258
00000257
FFFFFFFB
0000004A
000001DD
FFFFF94A
000002B7
FFFFFA77
FFFFFEA0
FFFFFDDD
FFFFFEB9
FFFFFC93
FFFFFFCF
FFFFFFA7
FFFFFB00
00000073
0000011F
00000035
00000123
000000B0
FFFFFDD2
FFFFFE95
000001B3
00000004
00000099
FFFFFE0F
FFFFFD33
000000CD
FFFFFC8A
FFFFFF2C
FFFFFB9F
0000029E
000004CF
FFFFFBD3
FFFFFCB7
FFFFFD92
FFFFFDBF
000002FF
000002A1
FFFFFADB
FFFFFCFB
FFFFFF62
FFFFFDC5
000002E1
FFFFFE35
FFFFF953
000003D6
00000202
FFFFF7B7
FFFFFB64
FFFFFF6E
FFFFFE9B
FFFFFAA5
FFFFFC43
FFFFFA9F
FFFFFDB4
000004CD
FFFFFF4B
0000066A
FFFFFE95
00000682
FFFFFDFE
FFFFFD6F
00000235
0000053C
0000013C
FFFFFC64
0000049B
FFFFFE23
000000F1
00000035
000002AB
0000007F
000000C3
FFFFFA78
FFFFFA93
000001DF
000001CA
FFFFFC1A
FFFFFA39
FFFFFE7C
00000094
FFFFFC87
000000C4
00000088
FFFFFED9
FFFFFD5F
FFFFFCF3
00000089
FFFFFE01
FFFFFD7F
000004D6
FFFFFBEA
FFFFFE3D
FFFFFE06
0000043D
FFFFFDA2
000000AC
FFFFFF36
FFFFFA25
00000510
FFFFFDB0
FFFFFD05
FFFFFCB6
FFFFFB4E
00000375
FFFFFF91
FFFFFC35
00000110
0000008D
00000029
00000318
0000012D
FFFFFE21
00000889
FFFFFE7E
FFFFFF92
000005FC
FFFFFC2C
FFFFFDBB
00000304
00000290
FFFFFDF9
FFFFFC50
FFFFFE7C
0000033A
FFFFFCD1
FFFFFCE6
FFFFFBDB
000000C4
FFFFFE85
00000355
00000097
00000271
0000000E
00000017
00000214
00000128
FFFFFE4B
0000008E
00000582
000000C8
000000A4
FFFFFBCD
FFFFFCE0
FFFFFB9D
000001E3
000000FC
0000011B
FFFFFE5A
FFFFFE5F
0000033A
000003EC
FFFFFE0A
FFFFFD86
FFFFFEEE
FFFFFEB1
00000082
FFFFFCD8
000002F4
FFFFFF32
FFFFFBC5
0000023D
FFFFFB7C
FFFFFB73
FFFFFA97
00000600
0000014A
000000FD
FFFFFEB2
00000035
00000054
000004A9
FFFFFB5A
FFFFFE68
FFFFFFE4
FFFFFE6F
000002CE
FFFFFF28
FFFFFCD0
FFFFFE7E
000003CE
FFFFFE7E
FFFFFBDB
000003F8
00000110
FFFFFDCA
00000555
FFFFFDF7
FFFFFDAC
0000019C
00000141
FFFFFAAC
FFFFFF25
FFFFFBDC
0000003A
FFFFFCE7
FFFFFCF1
FFFFFB06
FFFFFB4C
000001C9
FFFFFD4F
00000308
00000116
0000027A
FFFFFF38
00000055
00000453
00000136
FFFFFF8B
FFFFFAAD
00000249
FFFFFB70
FFFFFBC0
FFFFFF3B
FFFFFCD2
FFFFFDCF
00000180
FFFFFF8C
0000055C
FFFFFD19
00000218
FFFFFD43
FFFFFD88
000004F5
00000238
FFFFFC43
FFFFFD5C
00000064
00000182
0000041C
0000040D
FFFFFAD7
FFFFFC40
FFFFFF2C
FFFFFBBD
00000233
00000135
FFFFFF35
FFFFFE64
FFFFFE62
FFFFFED2
FFFFFC31
0000029C
FFFFFCB9
FFFFFD3B
000001C8
FFFFFF45
000001E0
FFFFFEE7
00000158
FFFFFDE4
0000000B
0000018F
00000198
FFFFFDC7
000004CE
FFFFFF95
FFFFFDC9
FFFFFD65
000001AF
000002F6
0000045A
FFFFFF62
FFFFFAFF
FFFFFAB8
00000329
0000018C
FFFFFF31
FFFFFB93
00000102
000000D5
00000315
0000018F
FFFFFED0
FFFFFC9E
00000261
0000037B
00000297
00000096
00000402
00000376
00000162
FFFFFD27
FFFFFE0C
00000088
FFFFFD71
FFFFFF59
0000003C
FFFFFEBE
FFFFFD87
FFFFFEDF
000002FB
FFFFFCC8
FFFFFB83
00000204
00000031
FFFFFE96
0000044A
000001C4
FFFFFE92
FFFFFE80
000000C0
FFFFFEE8
FFFFFFFB
00000493
FFFFFDB2
FFFFFBB1
FFFFFD0E
00000206
FFFFFF31
FFFFFF24
FFFFFDF3
00000224
FFFFFE6E
00000108
FFFFFD50
FFFFFC3E
0000009A
FFFFFC9B
FFFFFA9A
000000A3
00000113
FFFFFBA4
000002EF
000002AC
0000028E
FFFFFE2F
00000438
00000116
0000011C
000005B6
0000024B
00000082
0000040B
00000111
00000094
00000009
FFFFFE88
FFFFFDB0
FFFFFB92
FFFFFD8F
00000087
FFFFFEF0
00000066
FFFFFEF8
000003CF
FFFFFC53
00000181
000001C2
00000161
FFFFFE9F
0000057C
FFFFFEE5
FFFFFF1A
00000415
FFFFFC5C
00000537
00000027
FFFFFFA2
0000027E
FFFFFC88
000001E3
FFFFFA08
00000174
000001DB
FFFFF88A
00000255
FFFFFFDB
FFFFFD1F
0000053B
FFFFFE08
0000058B
000000D0
00000285
00000671
FFFFFFC0
FFFFFE16
FFFFFE8B
000000EF
00000166
00000180
FFFFFCF8
000005C5
00000407
FFFFFF97
FFFFFDBE
000000E7
000002C1
FFFFFB88
0000010F
FFFFFEBD
FFFFFE13
FFFFFE46
00000318
FFFFFF16
000003E8
FFFFFEC7
000002F7
00000068
00000247
00000394
000004F0
FFFFFDFD
FFFFFD17
FFFFFC4A
000002B1
00000603
00000490
0000013F
00000321
0000024A
FFFFFE01
00000223
000006E8
FFFFFDB2
FFFFFE1D
000001A8
000003D6
0000001E
000002FC
000000EF
000002F0
FFFFFCB7
0000004A
FFFFFD63
FFFFFFAF
FFFFF8D6
FFFFFFD3
FFFFFB60
FFFFFEF4
00000454
0000001F
FFFFFE7C
FFFFFE9A
FFFFFF64
0000010C
FFFFFDD5
00000562
FFFFFDF6
000001CC
00000378
000004D7
000004B4
00000208
00000284
FFFFFF78
00000100
00000047
0000070B
0000023C
FFFFFFBC
FFFFFF08
00000037
00000225
000000FD
00000164
FFFFFD44
0000063E
FFFFFDA4
FFFFFDF5
FFFFFBEE
FFFFFE05
00000022
000002B0
00000072
0000004E
FFFFFB62
FFFFFD2A
000000AE
0000038A
FFFFFD36
00000194
0000015C
0000037A
000002E4
FFFFFFAA
000002C6
00000089
000004EF
00000209
0000006F
0000009A
000004BA
FFFFFFA5
0000019B
0000053F
FFFFFC31
000002A1
000003C6
0000005A
FFFFFE99
000004B4
FFFFFE3D
FFFFFEB4
00000316
000001A4
00000227
000001C9
FFFFFBB9
0000008C
FFFFFCAD
FFFFFF5D
00000079
00000262
00000188
000003EC
00000224
FFFFFCF2
FFFFFF3C
FFFFFF2A
00000005
FFFFFFBA
000005B2
FFFFFCCB
0000014C
000003C4
00000207
FFFFFF18
0000067F
FFFFFC55
FFFFFBAE
FFFFFE3E
FFFFFE1A
FFFFFA5F
FFFFFEA1
FFFFFF93
00000349
FFFFFE5C
FFFFFF9B
000001B8
0000018D
000002D2
FFFFFE2C
000000F9
0000023F
FFFFFE04
FFFFF9BE
00000093
00000334
FFFFFDA1
0000016B
FFFFFDCC
000000E1
FFFFFE29
FFFFFEA6
00000238
00000283
000003DB
000002A1
00000077
000001C1
00000032
FFFFFE4C
00000480
000002FA
00000013
FFFFFE6C
FFFFFEC1
0000037F
FFFFFE3F
FFFFFEAF
FFFFFE39
FFFFFCF6
FFFFFAF9
00000431
000000D5
000000F8
FFFFFEA6
FFFFFF67
000000A7
00000334
FFFFFD98
FFFFFAC7
FFFFFF75
000001DE
FFFFFEC8
0000032B
FFFFF95B
000001C9
00000168
FFFFFF71
FFFFF991
000001E7
FFFFFC7C
FFFFF97D
FFFFFEEF
FFFFFFA2
00000437
00000538
0000039D
00000385
0000008E
FFFFFF2B
0000014C
0000065D
FFFFFE8C
00000043
00000033
000001E6
000002F2
FFFFFEFE
FFFFFDC1
0000019B
00000235
000003A5
FFFFFD6F
000000BB
000000EB
FFFFFF4A
0000002A
FFFFFEBF
FFFFFC0A
00000227
00000390
FFFFFDD2
000002D8
FFFFFF30
FFFFFAEF
0000041B
0000041B
FFFFFFDB
0000038C
00000020
FFFFFEC1
FFFFFEEA
FFFFFBD5
FFFFFBD5
00000194
FFFFFE65
0000022B
000001ED
FFFFFC6C
FFFFFF38
FFFFFD39
FFFFFC99
FFFFFD83
FFFFFD6B
000000E0
00000016
FFFFFD22
FFFFFD36
FFFFFFBE
000001B5
FFFFFEBF
00000325
000003CE
FFFFFD46
00000032
FFFFFFD1
FFFFFF9B
FFFFFFE3
FFFFFF9F
FFFFFDF7
FFFFFF32
FFFFFF84
00000218
00000110
00000377
000002DD
FFFFFF9C
0000002E
00000028
0000008B
FFFFFE4A
00000160
FFFFFF18
00000254
000002C1
00000391
0000043B
00000102
FFFFF96A
FFFFFDB2
00000474
00000237
00000543
FFFFFFC7
FFFFFE4C
FFFFFBD2
FFFFFE1F
00000470
0000005A
00000232
FFFFFF8D
0000019B
0000017A
00000142
FFFFFFDE
FFFFFFEB
00000044
FFFFFBB5
FFFFFCA8
0000047B
FFFFFF51
FFFFFF77
FFFFFED0
FFFFFD3A
000000E7
FFFFFB66
FFFFFF51
0000003A
0000015C
FFFFFDE3
00000450
FFFFFE61
000003EC
FFFFFFCB
000000A4
00000053
00000124
00000221
000000E0
0000021E
000002A1
00000171
FFFFFCC5
FFFFFA4E
FFFFFA64
00000242
00000043
0000018B
FFFFFDCE
FFFFFBC4
00000059
000002C3
FFFFFCD8
000001F2
FFFFFD89
000001C2
00000023
FFFFFE00
FFFFFECD
000002CC
000000DF
0000039B
FFFFFD07
000002A4
00000120
FFFFFDAE
00000125
FFFFFE79
FFFFFE0C
FFFFFB1A
FFFFFE49
FFFFFBA8
FFFFFEBF
00000042
FFFFFF28
00000235
00000320
00000457
FFFFFD0B
FFFFFF6B
0000038D
FFFFFD89
000000E3
000000EB
FFFFFF32
00000273
00000072
000000C5
FFFFFAC9
FFFFFCC9
000001B0
000003A8
00000253
FFFFFC26
000004D3
00000039
000002C7
FFFFFF1D
00000289
00000131
FFFFFFFE
0000037F
FFFFFD4B
FFFFFD67
FFFFFEE4
FFFFFF6B
000002E9
FFFFFDD5
FFFFFDC4
FFFFFE1A
000000B8
FFFFFEC6
FFFFFB89
FFFFFDB9
FFFFFC38
0000000E
00000078
00000109
FFFFFE3E
0000005F
00000259
FFFFFC56
FFFFFF54
FFFFFCB3
FFFFFB90
000002C5
FFFFFDFA
FFFFFB63
FFFFFCA1
FFFFFDBF
FFFFFF72
0000018D
00000057
000000B8
FFFFFE34
00000034
00000077
FFFFFB1E
FFFFFD6C
FFFFFD64
000001D5
FFFFFEA1
FFFFFEF7
FFFFFCF2
FFFFFDA4
FFFFFFBD
FFFFFE46
FFFFFFF3
0000055E
0000002F
FFFFFD65
FFFFFAA6
FFFFFDB7
000000E3
00000247
00000479
0000029C
000004D2
00000498
FFFFFF1E
0000004E
FFFFFC96
0000039F
00000493
FFFFFF12
000000C5
FFFFFFD3
000002BC
000000B5
FFFFFEE8
000002AE
FFFFFF29
000001F2
FFFFFDCF
FFFFFB2E
FFFFFE71
0000022D
FFFFFE19
000005B0
0000028F
FFFFFDB4
0000010A
FFFFFD78
000001C1
0000025D
FFFFFDB3
000002DE
FFFFFFDC
00000044
FFFFFDBB
000000A7
FFFFFD64
FFFFFDDF
00000020
00000191
FFFFFD5B
FFFFFCFF
0000018C
00000047
FFFFFE5F
000002DC
FFFFFD5C
FFFFFE63
00000021
FFFFFEA7
FFFFFFD0
FFFFFF48
00000086
00000198
FFFFFD53
FFFFFF98
000001BA
FFFFFE71
0000020A
FFFFFE83
FFFFFCD3
FFFFFE95
FFFFFF17
FFFFFE46
FFFFFFB9
FFFFFE1D
FFFFFF62
FFFFFF68
00000092
0000014E
000001C7
00000172
00000098
FFFFFE22
FFFFFEE8
FFFFFCE3
FFFFFDC7
FFFFFFE9
00000128
FFFFFF50
000001B3
FFFFFED6
FFFFFDCA
00000040
000001E1
FFFFFF3B
000001A9
FFFFFD09
000001E8
0000015B
FFFFFF0F
00000164
0000029B
00000024
FFFFFD0D
FFFFFF82
FFFFFE28
000001E3
FFFFFF1B
FFFFFE41
FFFFFC9E
0000027D
00000086
FFFFFFF2
0000014A
FFFFFAE0
FFFFFD08
FFFFFF5B
FFFFFD11
000001A5
FFFFFD98
00000191
FFFFFE66
FFFFFA8D
FFFFFE2A
000001FF
FFFFFE7B
FFFFFE3B
FFFFFEAC
FFFFFFBA
000000A8
FFFFFC7D
FFFFFA60
000000CD
FFFFFD3A
00000140
00000062
000003B3
000003DB
FFFFFFDA
00000038
FFFFFD1A
FFFFFB68
0000015F
0000043F
FFFFFF6B
FFFFFDB1
000001A4
FFFFFF13
0000029E
FFFFFBB7
FFFFFD83
0000019D
FFFFFD4B
FFFFFF2E
0000028A
FFFFFE7D
FFFFFEDB
FFFFFED5
000000A2
FFFFFEC8
00000460
00000344
000004BF
000000C6
FFFFFBFD
FFFFFE89
0000007D
000005D1
00000038
00000101
000002AF
FFFFFBDD
0000001D
00000029
000002FE
FFFFFF89
FFFFFD5A
FFFFFF89
0000033B
FFFFFFE4
00000185
000002BB
000001E5
FFFFFF73
00000249
FFFFFB7F
FFFFFE31
00000319
FFFFFEE9
000001A8
FFFFFDD3
00000180
0000012D
FFFFFBFA
000000EA
0000002B
FFFFFC6D
00000047
000002ED
FFFFFE48
00000103
00000080
0000033F
000000C3
000000A6
00000025
FFFFFE5F
00000384
FFFFFC29
0000008E
00000049
FFFFFFA6
FFFFFED7
FFFFFE6E
0000012D
FFFFFFFD
00000034
000002C0
00000499
00000155
00000019
000000F6
FFFFFC74
FFFFFFD2
0000024C
000003B7
FFFFFFC9
0000007D
0000001A
0000002B
FFFFFE4C
FFFFFDCE
FFFFFF3B
FFFFFCFB
FFFFFC6E
000001EF
FFFFFD5B
000002C9
FFFFFF4D
FFFFFE4F
FFFFFF4E
00000263
00000083
00000405
FFFFFD05
00000199
000001CF
0000023C
0000042A
00000161
FFFFFEAB
FFFFFD6F
FFFFFDF5
FFFFFEEA
FFFFFCED
FFFFFE91
FFFFFFC7
00000165
FFFFFFF5
00000258
FFFFFD71
FFFFFB74
FFFFFECB
FFFFFD12
0000004D
FFFFFD47
000002BE
000003D4
00000019
00000351
FFFFFB15
000000E1
000002F5
FFFFFC9C
00000176
000000D3
00000097
0000003A
FFFFFDF6
FFFFFD27
000002EE
FFFFFE6B
FFFFFD31
FFFFFF04
FFFFFA82
00000064
FFFFFF19
00000292
0000015F
00000245
00000254
00000230
FFFFFFFE
FFFFFACD
FFFFFE7C
000001DA
FFFFFDA8
000001F2
FFFFFBA1
000000BB
FFFFFB34
FFFFFEAA
000001AB
FFFFFE21
FFFFFBAD
FFFFFE4A
FFFFFD39
000003CC
FFFFFE58
00000131
FFFFFBFA
FFFFFE99
0000008E
FFFFFF85
000005D7
000003B9
00000409
00000188
00000317
FFFFFF44
FFFFFC82
FFFFFD9E
FFFFFFB9
0000001B
0000013F
00000361
00000091
0000019B
FFFFFD9A
00000182
FFFFFE65
FFFFFC6E
FFFFFF6A
FFFFFBF7
00000276
FFFFFECE
00000203
00000245
FFFFFCC5
000003FD
00000040
000002B4
000000F8
FFFFFC8E
FFFFFFA8
000003AD
FFFFFFA7
FFFFFF4B
FFFFFDFE
FFFFFE09
000002DA
FFFFFDEC
FFFFFC62
FFFFFF83
000000DD
000000B8
FFFFFE20
FFFFFB19
FFFFFFCF
FFFFFB83
FFFFFCA2
FFFFFDAC
FFFFFA82
FFFFFE81
FFFFFE4D
000000A7
00000219
FFFFFE5F
FFFFFFB7
FFFFFE94
FFFFFFC3
00000211
FFFFFF84
00000212
FFFFFE98
00000166
FFFFFDF9
000004B1
FFFFFEFF
FFFFFD66
FFFFFEC6
FFFFFB5D
FFFFFE3A
FFFFFED4
0000004C
00000433
FFFFFB87
FFFFFB46
00000033
FFFFFD18
00000286
000001C7
00000236
FFFFFE2A
000000AD
FFFFF9D0
00000276
0000011C
000000F5
FFFFFEBE
00000781
0000019D
000000BC
FFFFFC28
FFFFFE4C
FFFFFD50
00000220
00000044
FFFFFF7F
0000033E
FFFFFCDC
FFFFFB22
00000685
000002F2
000005D2
000002D0
FFFFFC10
00000089
FFFFFD2D
FFFFFA12
FFFFF81A
FFFFFE66
FFFFFD1F
FFFFFDAB
0000050A
FFFFFDD6
000004CE
FFFFFB4F
FFFFFC7D
00000132
FFFFFF2B
00000488
FFFFFE84
00000107
00000035
00000322
FFFFFDC9
000000AB
FFFFFE45
000003A9
FFFFFEF1
FFFFFE64
000002F3
0000036E
FFFFFEBD
0000004E
FFFFFC5C
0000019B
FFFFFD49
00000549
00000692
FFFFFF11
00000126
00000546
00000051
FFFFFE1D
00000389
0000009B
00000015
FFFFFA2E
FFFFFD3F
0000012B
FFFFF7BB
FFFFF93B
FFFFFB2E
00000069
FFFFFC16
FFFFF9D2
FFFFF750
000003BE
00000153
000002EF
FFFFFCE9
FFFFF986
FFFFFDB8
0000003E
00000530
FFFFFE71
FFFFFAC5
FFFFFD7C
00000081
FFFFFD79
FFFFFEEF
FFFFFAB1
FFFFFE3F
00000132
FFFFFAFD
FFFFFC3F
FFFFFEC1
FFFFFE18
000001F1
FFFFFD29
000004D7
FFFFFC92
FFFFFC73
000001B0
FFFFFC53
FFFFF724
FFFFFE69
00000238
00000070
0000035A
FFFFFDC9
FFFFFEC0
FFFFFE54
FFFFFA4D
FFFFFD40
FFFFFF59
FFFFFE91
0000035B
FFFFFA56
FFFFFA97
0000037F
FFFFFE33
0000057F
000007B4
FFFFFF68
FFFFFFA8
FFFFF9F4
000004B7
FFFFFFB0
000002C7
000003CB
0000039C
00000086
0000048C
00000827
00000222
000001D7
00000448
FFFFFC4C
000000F3
00000259
FFFFFA6C
0000004A
000003A0
FFFFF9B0
00000197
000000C2
FFFFFA2F
FFFFFFC8
FFFFFA65
FFFFFBE9
0000006E
0000008F
000003DA
000001F1
FFFFF695
FFFFFA1E
FFFFFAE4
00000011
00000599
00000380
FFFFFE7A
000005AB
000007D8
000004F6
00000212
00000796
FFFFFE73
0000004D
FFFFFB0C
FFFFFEEA
00000202
FFFFFE4C
000000FA
0000006A
000006FB
00000117
FFFFFECE
FFFFFB2C
FFFFFC67
FFFFFED7
FFFFF9FB
FFFFFA62
FFFFFD3D
FFFFFE30
0000027C
000002D3
0000009A
FFFFFC41
FFFFFCE3
000002D2
FFFFFC55
00000213
000005C3
00000483
0000014C
FFFFFE44
FFFFFB4D
00000301
FFFFFE9F
FFFFFB63
0000025B
FFFFFC8C
FFFFFEB4
000007AB
00000497
FFFFFC8F
0000072C
000002D9
FFFFFEBE
FFFFFDB2
00000284
000001DA
00000338
000003AB
FFFFFC9A
00000280
FFFFFF6A
00000379
FFFFFF7B
FFFFFC56
FFFFFD35
000001FC
FFFFFFA3
FFFFFB99
FFFFFCCB
FFFFFFA3
FFFFFD21
FFFFFBC0
0000000C
0000056B
FFFFFD93
FFFFFCCE
000001A2
0000018D
00000023
FFFFFF13
FFFFFF3A
000003E3
00000157
FFFFFD37
FFFFFE18
FFFFFAF7
FFFFFBB4
FFFFFA05
FFFFFC7A
FFFFFFE6
FFFFFDBD
FFFFFBA6
FFFFFA13
000000C3
FFFFFEFA
FFFFFBDF
FFFFF91C
FFFFFE79
FFFFFBB6
0000044D
FFFFF9F1
00000108
FFFFFD4D
FFFFFF9C
FFFFFBA2
FFFFF8AA
FFFFFAF1
FFFFFC64
FFFFFE5E
000003C6
FFFFFCE9
0000035C
00000304
000003E8
0000015A
FFFFFE78
0000059C
00000577
000000DC
00000694
0000017E
00000451
00000356
000001C1
000005CC
FFFFFF40
00000350
FFFFFD61
FFFFFDD9
FFFFFF21
FFFFFDCB
FFFFFF7E
0000022E
FFFFF9C8
0000034B
FFFFFF7A
0000058B
FFFFFC19
FFFFFE4B
000004AE
00000173
0000012F
00000103
FFFFFA2B
00000444
FFFFFB79
FFFFFCA2
FFFFF9D7
FFFFFD69
FFFFFE51
FFFFF801
FFFFFF7F
FFFFFF52
FFFFFB4B
00000015
FFFFFA40
FFFFFD97
000004D8
0000000B
FFFFFAD8
FFFFFE4D
FFFFF882
FFFFFA72
00000072
FFFFF962
FFFFFF52
FFFFFF8F
FFFFFA14
FFFFFF54
000003B8
00000262
000000B0
0000019E
00000714
0000060A
FFFFFF65
00000285
000002B1
000001C5
FFFFFF58
00000091
00000299
FFFFFF01
FFFFFEEF
00000647
000002FB
000002DA
FFFFFCC9
000002B0
FFFFFAF8
00000240
000004C9
FFFFFFFB
FFFFFE66
FFFFFC80
FFFFFF41
000000F2
00000356
00000411
000002AB
000002F6
00000314
00000359
000002B3
000000F6
000005C1
0000026D
FFFFFDF7
FFFFFB98
FFFFFD4A
000002E8
00000704
00000014
FFFFFEF9
FFFFFDB1
000002F4
00000638
FFFFFC62
FFFFFAF7
FFFFFFC4
00000393
0000021B
00000143
FFFFFF16
FFFFFF20
000001AE
000002EB
000000AF
FFFFFE47
FFFFFB23
000003E4
0000039D
FFFFF994
FFFFFDC2
FFFFFEFF
FFFFFBDF
000001D7
000002F4
000003B5
00000588
00000377
FFFFFDEA
00000408
0000036F
FFFFFC41
00000156
00000762
FFFFFC3B
FFFFFC93
FFFFFD51
FFFFFEA4
FFFFFE75
FFFFFFDF
000001BC
FFFFFAFF
FFFFFE82
FFFFFEB9
FFFFFE62
FFFFFC2C
FFFFFE92
FFFFFAC2
FFFFF8CB
FFFFFD9E
FFFFFE0D
00000407
0000015E
000003C9
FFFFFD58
000000F3
000000F6
FFFFFF43
0000034A
0000003B
000002C0
FFFFFCCE
FFFFFDE6
FFFFFDCE
0000023A
000001DE
FFFFFEF5
FFFFFCA0
00000161
0000029D
FFFFFB6E
0000014A
FFFFFCB1
FFFFFEE6
FFFFFC0C
00000247
FFFFF9DF
FFFFFF82
00000010
FFFFFED3
FFFFFD67
FFFFFA90
0000051A
FFFFFE2F
000000C9
00000069
FFFFFC7D
000002D8
FFFFFE60
FFFFFB35
FFFFFB19
FFFFF86F
FFFFF9FE
FFFFFD39
FFFFF99F
FFFFF95C
FFFFF94A
00000108
FFFFFCCC
FFFFFD24
FFFFF9A6
FFFFF9D7
0000005D
FFFFFEBF
FFFFFC25
FFFFFE8F
0000037D
00000476
00000373
FFFFFFF3
00000347
00000132
FFFFFE39
FFFFFDB8
00000163
0000030A
00000131
FFFFFC07
00000467
0000028C
FFFFFC80
FFFFFD2D
FFFFFE0E
000000C5
00000222
FFFFFD51
FFFFFD9D
FFFFFE6D
000002EF
FFFFFEAD
0000003F
00000513
0000083E
00000724
FFFFFD81
00000573
000002E7
FFFFFFC0
00000368
000003B2
00000304
000000CF
0000011E
FFFFFD4A
00000326
FFFFFDBC
FFFFFBF0
FFFFFE7F
FFFFFB73
000006C4
00000072
00000124
FFFFFD88
000002A5
FFFFFDDA
00000343
000004D4
0000014A
000001AC
0000043A
0000042B
00000311
00000023
FFFFFD17
000003B3
000002BF
FFFFFC44
FFFFFD02
00000314
000003BE
0000003C
00000286
FFFFFE59
FFFFFC4A
FFFFFF71
000002B2
FFFFFFD5
FFFFFB3E
00000047
00000510
FFFFFFB4
FFFFFF25
0000052A
000003A8
FFFFFDB7
FFFFFEE9
FFFFFBF6
FFFFFD4D
FFFFFDC9
FFFFFB58
00000116
FFFFFFC1
FFFFFFB9
000001DF
00000223
FFFFFF53
000001C0
000002C4
FFFFFE16
FFFFFA6E
FFFFF8FA
00000022
00000387
000003F3
FFFFFE65
000000DE
0000067D
FFFFFD26
000001D2
000000DC
FFFFFDB4
00000123
FFFFFCCD
0000030E
0000033A
00000028
FFFFFCE8
00000012
000003C7
FFFFF9F4
FFFFFA9C
FFFFFE82
FFFFFA7E
000007FD
FFFFF94A
000002E3
FFFFFD78
FFFFFB96
FFFFFD70
0000015D
FFFFFC22
00000158
FFFFFF7E
FFFFFB1D
FFFFFF37
FFFFFD7F
FFFFFFCB
FFFFFE2F
0000017A
FFFFFD94
00000021
000003E0
000003B9
FFFFFD2B
000005B1
000001EF
FFFFFF71
FFFFFCFA
FFFFFBF1
000002E4
FFFFFE1A
FFFFFC63
0000001D
000005B4
000000F2
FFFFFC5A
FFFFFF9F
000004CA
000000EA
0000003E
FFFFF8B8
0000036C
FFFFFBD1
000000AD
0000008F
FFFFFC95
FFFFFE73
FFFFFD09
0000028B
00000412
0000036D
FFFFFCD4
00000221
000002E7
FFFFFF6A
FFFFF9B2
FFFFF89A
FFFFF984
FFFFFD64
FFFFFD16
00000438
FFFFFC9F
000000FC
FFFFFDA3
0000040C
0000050A
000001C6
FFFFF7E2
FFFFFFE5
000003DB
000002FE
000002C0
000002DC
0000019D
FFFFFE0A
FFFFFEBD
000006CD
0000014C
00000637
000004EB
000002F7
FFFFFEFB
FFFFFC37
FFFFFA9D
FFFFF9BC
FFFFFA33
00000090
00000009
FFFFF9C9
FFFFF715
FFFFF9B8
00000093
0000030B
0000065B
000003BB
FFFFFE0D
FFFFFE00
FFFFF8D6
FFFFFB2B
FFFFFB3B
FFFFFCFA
00000009
FFFFF89F
000003F2
FFFFFB5F
FFFFFC04
FFFFFAE7
00000173
00000078
FFFFFE5F
FFFFFFDD
FFFFFD0C
FFFFFBA5
FFFFFF3F
FFFFFFC2
FFFFFE29
00000201
FFFFFD56
FFFFFE1B
FFFFFA14
FFFFFEC1
FFFFF98B
FFFFF8D3
FFFFFC5D
FFFFFD20
FFFFFEA0
000007E0
000002E9
00000330
000003D8
FFFFFED7
000004F6
0000028C
0000073E
FFFFFD2E
FFFFFDF2
0000021B
FFFFF9E5
0000035A
FFFFFE25
FFFFFCB6
00000112
0000000F
FFFFFE87
FFFFFF29
FFFFFE98
0000016C
FFFFF8D2
FFFFFCDD
FFFFFD78
000000EC
000001F6
FFFFFD6F
FFFFFF7C
FFFFFDA8
FFFFFE64
FFFFFEFF
FFFFFD58
FFFFFF0E
000001C0
00000029
00000428
FFFFFEBB
00000147
000000D4
0000018A
FFFFFDE5
FFFFFEA5
FFFFFDCB
FFFFFD5E
FFFFFBD9
000005CA
00000243
FFFFFDA0
000003FA
FFFFFDE5
FFFFFAA9
FFFFFF70
00000464
0000027C
000005E0
000003CE
000000C5
0000036F
FFFFFD07
0000029F
000001B1
00000202
FFFFFE30
00000271
FFFFFC7D
00000081
00000257
FFFFFF99
FFFFFD86
0000016C
FFFFFC22
FFFFFE3C
FFFFFD0B
0000021D
00000070
FFFFFDE9
FFFFFFC2
FFFFFF9D
00000154
FFFFFE13
FFFFFBE7
FFFFFECA
00000299
FFFFFCCA
FFFFFDCE
FFFFFD8F
000001B5
00000047
0000037D
FFFFFB50
000000F5
00000498
00000162
000003F9
FFFFFE94
FFFFF829
FFFFFC6D
00000334
FFFFFAC6
000001A4
000002C1
FFFFFE7F
000001DF
000004B1
000004F2
00000105
000003A1
FFFFFF04
FFFFFEF2
000001FD
FFFFFE30
0000037F
FFFFFC9D
FFFFFEE9
FFFFFFC2
000001BD
000001B2
000001AC
FFFFFF70
00000614
FFFFFB04
0000049E
FFFFFE8F
0000035A
000003C0
00000381
000001E4
000005D4
000000C9
FFFFFE89
00000227
000000AC
0000027A
FFFFFC19
00000313
000002A3
00000300
FFFFFE4A
FFFFFC7F
FFFFFD14
00000020
FFFFFEC3
FFFFF9BC
00000035
00000739
000005F8
000001B7
00000299
000004B1
FFFFFF35
FFFFF8CF
FFFFFEB4
FFFFFE3F
0000029D
000000CE
00000212
000007EE
FFFFFD14
000004BF
00000442
00000159
000001B3
000001DC
FFFFF9A8
FFFFF61A
FFFFFA67
FFFFFF74
FFFFF950
0000022B
00000448
FFFFFCC8
0000041D
FFFFFFF1
0000025E
FFFFFC4F
00000181
0000018C
FFFFFE2B
FFFFF99A
000002D7
FFFFFFD8
00000516
FFFFFF38
0000013E
FFFFFF8B
FFFFFE08
FFFFFBBE
000002B9
00000149
000003CB
00000026
000003B3
FFFFFD61
000004A0
0000002F
FFFFFE9D
00000085
FFFFFC1F
FFFFFF31
FFFFFEBA
00000688
0000008E
FFFFFF8A
00000436
0000020E
000001A2
000000EA
FFFFFA09
00000313
FFFFFC3C
FFFFFF67
000005CB
FFFFFE68
000003BC
000000FD
FFFFFBF9
0000067A
0000003D
FFFFFF90
000006C8
FFFFFFB9
0000029D
FFFFFE4E
0000079A
00000264
FFFFFE91
FFFFFC15
FFFFFC98
FFFFF99F
FFFFFF10
FFFFFBAE
FFFFFFF7
FFFFFF3E
FFFFFF26
0000027B
000002EB
00000358
0000039B
FFFFFC90
00000283
000004CD
000003EE
FFFFFF6D
00000268
FFFFFE2D
FFFFFFD8
00000172
FFFFF9EA
0000042E
00000031
000000BC
000006F2
FFFFFDBC
00000166
00000137
00000402
000005B3
FFFFFE2C
00000361
0000060D
FFFFFE1A
0000020C
0000071A
00000254
00000197
000003C8
FFFFFFD5
00000110
0000034E
00000058
0000027A
FFFFFEC0
0000018C
FFFFFB58
0000035C
000006B2
FFFFFDA6
00000321
000002CF
FFFFFF0E
FFFFFABE
FFFFFFE4
FFFFF96D
FFFFFCAE
000000D2
0000029F
FFFFFCA9
FFFFFECA
000004D9
00000349
0000021E
FFFFFF7A
FFFFFBCE
FFFFFFD0
00000276
000001E9
FFFFFDD7
000003D1
FFFFFCFE
FFFFFE65
000000C9
000002D8
FFFFFDF7
FFFFFADF
FFFFFEB2
00000398
FFFFFCDC
FFFFFFCD
FFFFFA6A
FFFFFA17
FFFFFF6A
00000361
FFFFFB5A
FFFFFAEB
FFFFFF81
FFFFFBB3
000002FE
00000366
000000B8
FFFFFFE8
00000180
00000408
00000245
FFFFFF90
FFFFFFA2
FFFFFBE1
FFFFFD96
FFFFFDB5
FFFFFB43
FFFFFDD8
FFFFFB10
000000FF
FFFFFAB8
000000B9
000004CB
00000089
00000005
00000431
FFFFFEE0
FFFFFAEA
000007BA
00000029
0000040E
FFFFFE88
FFFFFD6B
00000049
FFFFFFDD
FFFFFF1B
0000057B
000001E2
000002E6
FFFFF9B2
00000355
FFFFFFB6
FFFFFE9A
FFFFFB7A
FFFFFD35
FFFFFEA4
00000019
00000335
000000A9
0000026D
00000133
FFFFFEB1
00000964
0000075C
FFFFFDBF
0000047D
FFFFFED2
000003CC
FFFFFBBD
000000EE
FFFFFB1C
00000252
FFFFFAB0
00000597
FFFFFF44
FFFFFA46
00000215
000000F5
FFFFFF91
FFFFFA9D
000002CC
FFFFFCAB
FFFFFCCC
FFFFFD4A
FFFFFB27
00000277
000003A2
00000053
00000088
FFFFFED2
000000D9
FFFFFF45
FFFFFD7A
FFFFFFF0
00000262
00000248
000001D8
FFFFFF1F
0000004D
FFFFFCD6
00000143
FFFFFE91
000003AD
00000309
0000071C
FFFFFF44
00000343
00000378
FFFFFFD5
000000AF
FFFFFDA5
0000036A
FFFFFFF2
0000027B
FFFFF940
0000024C
FFFFF896
0000005F
FFFFFB26
00000279
00000165
000000C7
000004D6
000002FE
0000014F
00000358
FFFFFEFE
FFFFFEBA
FFFFFFFF
00000175
000001F2
FFFFFE47
0000001D
FFFFFE49
FFFFFDC6
FFFFFB72
00000258
FFFFFF07
0000016C
FFFFFFE5
FFFFFFCA
FFFFFFDE
FFFFFEED
0000030A
000002C8
0000013A
FFFFFC35
FFFFFC46
00000415
FFFFFACD
000004A3
00000228
000001F0
FFFFFC68
000004F7
FFFFFF12
00000366
000005EE
FFFFFFFB
000002E5
00000382
000001E9
FFFFFBF9
00000367
00000394
0000022F
000003D8
FFFFFFED
000000D8
FFFFFAB1
00000289
FFFFFBB8
000002ED
000001E9
000000D7
000001C3
000001C4
00000088
00000035
00000490
000001A9
0000027A
00000213
00000135
FFFFFEDB
FFFFFDC5
0000010B
00000561
FFFFFA16
FFFFFC8C
FFFFFA97
00000868
00000394
FFFFFC37
FFFFFE24
FFFFFED3
0000026C
FFFFFB44
FFFFF880
0000009A
FFFFF9BB
FFFFFBE2
0000011D
FFFFFF35
FFFFFA5C
FFFFFE91
FFFFFBFF
FFFFFA23
FFFFFF55
0000040E
000000F8
000001EB
FFFFFEC9
FFFFFFEB
FFFFFDC1
FFFFFCE7
FFFFF721
00000047
000007BB
0000011B
0000039A
0000052A
000003A2
00000148
FFFFFE98
0000052E
0000038E
0000029F
000001D7
FFFFFF24
FFFFFC59
FFFFFF1B
FFFFFF50
0000010C
0000013C
0000014D
FFFFFAFE
00000045
000004C9
FFFFF9BD
FFFFFF8F
0000012D
000000F9
0000036E
000004A1
FFFFFBCD
FFFFFFD8
0000026A
0000036E
FFFFFC5F
FFFFFE40
00000494
00000002
00000495
FFFFFFD4
000005A0
FFFFFE18
FFFFFE87
FFFFF7C9
000000A2
FFFFFC2C
0000023F
FFFFFC83
00000544
00000575
0000027D
0000007A
FFFFFF8B
00000389
FFFFFEC9
000000A3
FFFFFDB2
FFFFFF5C
00000082
FFFFFC30
0000008B
0000018F
FFFFFE5A
FFFFFD86
00000303
0000050C
FFFFFD7C
00000052
FFFFFFF7
FFFFFE1E
FFFFFA32
FFFFFB8E
FFFFFEDD
000002A3
FFFFFD74
FFFFFCEA
000002F0
FFFFFDA6
FFFFFD77
FFFFFCCF
FFFFFF0A
00000269
FFFFFB50
FFFFFF40
FFFFFEC5
00000409
FFFFFE08
FFFFF9BF
FFFFFBE2
FFFFFAF4
FFFFFD39
FFFFF999
000000F4
00000386
FFFFFF6E
FFFFFFB3
FFFFFAC2
FFFFFD95
0000021D
FFFFFCE3
FFFFFE4C
000001FC
00000300
0000037A
00000353
FFFFFB4C
FFFFFB96
00000347
FFFFFDD1
000003A2
FFFFFC84
FFFFFB32
0000011F
FFFFFE6E
0000004B
FFFFFBEA
0000046C
FFFFFAE4
0000040D
FFFFFEC0
0000046E
FFFFFFA4
FFFFF8B1
000005F4
000001C7
FFFFFF55
FFFFFDF4
00000114
0000005F
FFFFFF4A
FFFFFC30
000004B1
FFFFFB8E
0000052A
00000046
FFFFFC9C
00000591
00000109
FFFFFB79
FFFFFEAA
0000006B
FFFFFD6E
000005FD
000001BB
000005AA
FFFFFF7D
000003FE
FFFFFE0D
0000004D
00000050
FFFFFFE6
00000392
FFFFFE7A
000001F7
000007B2
00000286
FFFFFB6C
0000043F
00000428
FFFFFDF1
00000086
00000282
FFFFFDAE
000000E4
00000281
FFFFFDF8
FFFFFA38
0000049D
000002D4
000001AE
FFFFFD2A
0000033C
FFFFFC87
FFFFFC71
FFFFFC36
0000023F
000006D4
000004AE
FFFFFFD6
0000068B
FFFFFF14
00000221
000003DE
000000FE
0000059F
00000006
00000076
00000153
FFFFFD06
00000673
FFFFFD89
FFFFFD22
FFFFFC66
FFFFFE61
FFFFFF17
00000071
00000511
FFFFFF6A
FFFFFE93
000003A6
FFFFFF9D
FFFFFEE4
FFFFFFBB
FFFFFDC8
0000041E
FFFFFF65
00000893
000005B7
000004D6
0000002D
0000036B
FFFFFBCE
0000048C
000001B6
FFFFFD08
0000016F
000006B3
00000219
00000362
FFFFFE20
FFFFFB49
FFFFFCD9
000003C0
FFFFFEDF
0000013E
00000252
FFFFFA6F
00000561
FFFFFD3F
0000074F
00000243
00000504
00000060
0000009B
FFFFFCB7
0000021D
FFFFFDCE
FFFFFBB8
000004C1
00000058
00000113
000001D5
000005D6
FFFFFDE9
00000585
FFFFFE20
00000233
00000089
FFFFFA7A
0000013E
FFFFFB6D
FFFFFF08
00000470
000002C2
FFFFFCF8
FFFFFC30
00000252
0000020E
FFFFFF5E
FFFFFD2F
FFFFFF56
000004FB
00000050
FFFFFF4A
00000616
FFFFFF84
FFFFFE32
FFFFFB34
FFFFFE4E
00000141
FFFFFE50
FFFFFFDD
000001BC
00000303
00000389
00000192
00000386
00000199
000004CC
FFFFFD77
0000069F
000002E9
00000578
000001D0
0000028F
00000536
00000388
FFFFFE52
FFFFFBE8
FFFFF9E8
FFFFFC31
00000475
00000254
0000064F
0000002F
00000074
00000194
00000670
00000467
00000244
0000010D
000006D0
000003DB
0000066E
00000386
FFFFFD37
00000051
FFFFFBC4
FFFFFEEB
FFFFFE55
0000007C
FFFFFE25
FFFFFC62
000001F5
FFFFFEC4
00000061
000004AF
FFFFFAF0
0000034B
FFFFFA9A
000000AB
000001A7
00000383
00000037
00000009
000003B6
FFFFFD1F
0000043F
FFFFFDB2
00000006
FFFFFDF8
FFFFFED0
FFFFFEFB
00000099
000000FD
0000030F
FFFFFD0A
FFFFFA1A
FFFFFC1B
00000138
FFFFFF9D
000000A4
FFFFFDD6
00000138
FFFFFD94
FFFFFE68
000003BC
00000278
FFFFFFB2
00000020
000001FC
00000222
FFFFFED9
FFFFFEEB
FFFFFB59
0000000A
FFFFFE6D
0000031E
000000B6
FFFFFD25
FFFFFF5D
000001D0
FFFFFFFD
0000068E
000000D0
000002D4
FFFFFE92
00000757
0000066F
FFFFFE57
000004C0
00000153
000003B1
000004EF
FFFFFF1F
FFFFFCCE
FFFFFA96
FFFFFCBC
FFFFFCD4
FFFFFF33
FFFFFF57
FFFFFF20
000001CF
FFFFFD7B
0000022C
FFFFFDAE
0000038C
FFFFFF7F
FFFFFA98
FFFFFDB1
FFFFFF02
FFFFFE08
0000011F
FFFFFFC0
FFFFFE10
00000557
00000042
00000335
0000005A
000002C5
00000640
00000241
FFFFF962
0000038F
00000411
FFFFFCB4
FFFFFA07
FFFFFD20
00000483
00000444
00000017
000002B4
FFFFFE5D
00000137
FFFFF814
000003B8
FFFFF983
000000AF
00000068
FFFFFAB6
FFFFFF82
FFFFFF0A
00000236
FFFFF890
0000023D
FFFFF955
00000666
FFFFFF74
FFFFFDD1
0000024E
00000183
00000175
FFFFFD29
00000219
00000008
FFFFFCCD
00000540
FFFFF97E
00000379
000001B8
000002BE
FFFFFEFF
FFFFFF68
FFFFFCDE
FFFFFDCB
00000039
FFFFFDF0
0000019F
FFFFFDD2
000000C5
FFFFFE61
FFFFFEF3
00000344
FFFFFCEA
FFFFFDEC
FFFFFED3
0000039D
000002A7
0000024D
FFFFFDA3
00000258
FFFFFE67
FFFFFC8D
FFFFFEA1
0000091E
FFFFFE71
000001D5
0000004E
00000372
00000069
000003EC
0000025C
FFFFFDA7
FFFFFC37
FFFFFA77
00000130
000003CC
FFFFF8D5
FFFFF9BB
00000253
FFFFFFB7
00000202
000000B1
FFFFFC8A
0000015E
FFFFF8B2
FFFFF9EB
FFFFFA05
FFFFFC66
00000228
FFFFFE41
000001BB
FFFFFD1C
FFFFFD92
FFFFFDEF
00000391
FFFFFC93
00000098
000003D0
FFFFFFF8
FFFFFF77
0000032C
FFFFFE96
00000075
FFFFFC35
00000301
000001C3
FFFFFF01
00000573
FFFFFE77
FFFFFE99
000001ED
FFFFFF1F
FFFFFD92
FFFFFAE2
000001DB
FFFFFFB2
FFFFFFAC
0000018E
000003E7
000000C6
FFFFFDC9
00000111
FFFFFA8C
FFFFFECA
0000006A
000002E5
FFFFFF1F
0000019E
000004D2
00000659
00000195
FFFFFF8B
000002D2
0000015B
FFFFFA83
0000016E
FFFFFAAF
00000148
FFFFFEE9
FFFFFC02
FFFFFA86
0000024F
FFFFFE09
FFFFFB73
FFFFFA80
000001C4
FFFFFB44
FFFFFFD9
FFFFFD0D
00000259
FFFFFA62
0000015D
FFFFFD78
0000012D
FFFFFCB6
00000289
00000420
00000284
FFFFFC20
000008D1
0000075A
000000B2
00000057
FFFFFE75
FFFFFC7D
0000027E
FFFFFF56
FFFFFD9C
00000116
FFFFF944
FFFFFCE7
FFFFFEEC
FFFFFEB2
000001AA
FFFFFA7F
000001F7
000002B1
FFFFFD96
00000211
FFFFFAE2
0000054F
FFFFFECD
00000174
FFFFFF25
FFFFFD9A
00000636
00000876
0000009D
00000750
FFFFFCD0
000002BA
FFFFFF5E
FFFFFB1A
FFFFF9DB
00000121
0000005F
FFFFF7D5
000000C2
0000006F
000003DA
FFFFFFAC
FFFFFE8C
000003E7
00000414
FFFFFD11
00000444
0000032D
00000114
FFFFF92A
FFFFF8F5
FFFFFDA3
FFFFF896
FFFFFDA6
FFFFFF1C
0000010E
000001D9
FFFFFC20
0000016C
FFFFFF64
000004C0
000007F4
000002E1
000001AC
000002BF
0000015D
000002EE
FFFFFD33
FFFFFF01
000002AC
FFFFFCBF
FFFFFDD8
00000116
000003C3
00000354
0000020A
000002D6
FFFFFEE7
000002E2
0000051F
00000667
0000027F
00000613
00000A40
0000048F
FFFFFD13
00000433
FFFFFD0D
000000A8
FFFFFFB8
00000054
00000394
000000C2
000002D5
FFFFFBF5
00000259
000002E5
000001BD
FFFFFC97
FFFFFD70
FFFFFCEF
000002F4
FFFFFDE1
FFFFFD72
00000019
FFFFFEA0
00000160
0000015F
FFFFFC61
000001DB
FFFFFD61
000000B0
FFFFFBEC
FFFFFB60
FFFFFD21
0000019A
FFFFF7D3
FFFFFABF
FFFFFFE8
FFFFFA7A
00000127
FFFFFAB3
000005E1
00000627
FFFFFEC0
00000320
FFFFFE7B
0000005D
00000298
000003C1
FFFFFCD7
0000017D
FFFFFDEA
FFFFFDAF
0000043D
FFFFFC69
FFFFFEB9
000001C9
00000334
00000430
000000F3
00000039
FFFFFF92
000000A5
00000261
00000763
00000907
00000298
FFFFFA77
FFFFF8B3
00000224
FFFFF828
FFFFF9BC
0000022B
FFFFFA41
FFFFFB3B
00000203
000000B4
FFFFFF07
000000C5
FFFFFE06
FFFFFDDD
FFFFFEE7
000002D6
00000194
FFFFFF6A
FFFFF9B7
00000432
00000052
FFFFFE96
0000033F
000003C0
FFFFFE12
0000048A
0000019C
FFFFFC79
00000292
FFFFFC6D
00000308
000002F3
0000035A
00000544
FFFFFB79
000000D3
FFFFFE44
000000D0
000000D1
000001AE
0000006C
00000153
00000038
FFFFFAB0
FFFFFEFA
FFFFFD82
00000092
FFFFFD39
FFFFFB0F
000004AA
000000F5
000002AB
FFFFFC90
FFFFFEBF
FFFFFFA4
FFFFF8C1
FFFFFCDF
FFFFFD6C
FFFFFC0F
FFFFFF09
00000557
00000454
000001E8
000003EC
FFFFFF0A
FFFFF9C5
FFFFFFBC
000004F0
00000101
FFFFFFA2
0000029D
00000442
0000020F
FFFFFAB7
00000335
000000FE
000000EB
000007CE
00000265
00000193
FFFFFEBB
000005FD
FFFFFFC9
FFFFFB29
000001D8
FFFFFF77
FFFFFC40
00000132
FFFFFEEA
00000200
FFFFFA0D
FFFFFC73
000003A1
000001F3
0000021D
0000006B
FFFFFCFD
FFFFFBF1
FFFFFD7A
FFFFFCBE
FFFFF9F9
FFFFFB1F
FFFFFA38
FFFFFC3F
000000B0
FFFFFBD4
FFFFFFA9
000000CA
00000554
00000122
0000027A
000004E9
000005D4
00000511
000001EE
0000048C
0000055A
00000010
000002D0
FFFFFF28
00000424
000000B2
FFFFFB6A
00000085
FFFFFFFE
0000059A
FFFFFBC7
FFFFFCC1
00000003
FFFFFF75
FFFFFF81
0000001A
00000434
00000184
FFFFFE9B
FFFFFEF8
0000003B
000002FD
FFFFFBFC
0000032E
FFFFFE94
FFFFFE64
00000127
FFFFFD36
FFFFFB06
FFFFFF65
FFFFFD9B
00000223
FFFFFCFA
FFFFFD56
000004B0
FFFFFDF4
FFFFFE47
FFFFF8C7
FFFFFFE0
FFFFFDEA
000002DC
FFFFFFF5
FFFFFEF7
FFFFFDAB
FFFFFC2D
0000049C
FFFFFEA4
00000267
00000305
00000117
FFFFFDF3
FFFFFF71
0000016D
000003F9
000002BA
0000045A
FFFFFC04
000000E0
000003BC
000006C3
0000058B
FFFFFDB1
000004F9
FFFFFAE9
FFFFF91A
FFFFFED1
FFFFF9BC
FFFFF7E7
000000BA
FFFFF754
FFFFFC40
0000014C
FFFFFF3F
FFFFFBC1
FFFFFE23
FFFFFCD8
FFFFFBEB
FFFFFE5F
FFFFFF6C
00000384
FFFFFE43
FFFFFE15
FFFFFFD9
FFFFFB3A
000000F0
00000431
FFFFFC64
FFFFFC37
00000098
FFFFFE6B
FFFFFDBB
00000358
000000A0
FFFFFFD5
FFFFFE55
FFFFFE4C
FFFFFFE6
00000011
FFFFFCDD
FFFFFEC4
00000160
00000019
000005C1
00000258
0000053B
0000001F
00000467
0000072F
00000814
FFFFFF0E
0000034B
000004E1
00000561
00000209
00000616
00000230
FFFFFDA2
FFFFFB28
00000339
00000031
FFFFF90D
FFFFF86F
00000020
FFFFFAD9
00000079
FFFFFD12
000003BE
000002C8
0000025E
FFFFFF63
FFFFFCC1
FFFFFFF8
000002B8
000001F1
00000123
FFFFFFCD
FFFFFBF2
FFFFFF2A
FFFFFDB0
000002A3
0000007E
FFFFFC7B
FFFFFF54
000001B9
00000192
0000008C
0000010D
0000016F
0000038A
00000287
FFFFFE0E
FFFFFADA
000003D6
FFFFFEFB
FFFFFE49
FFFFFC04
0000008C
000005FB
0000043F
00000378
000004AC
FFFFFF99
FFFFFE80
00000026
FFFFFE7B
00000081
000003CF
000004A6
00000148
00000315
FFFFFBF8
0000039A
FFFFFEFD
FFFFFCF6
FFFFFED6
FFFFFFDE
000000CB
000002B2
0000030C
FFFFFCBB
000002F6
00000152
FFFFFAF3
00000578
FFFFFA03
FFFFFBBA
FFFFFD9E
FFFFFF20
FFFFFC42
FFFFFF0C
FFFFFEB9
0000021C
000001C1
FFFFFC95
000000CB
0000011A
000000BF
00000391
FFFFFEFC
0000051F
00000287
000003C7
00000261
000002A0
FFFFFE66
000002F5
FFFFFCF0
FFFFFC02
000000D1
FFFFFCC0
00000067
FFFFFE87
00000064
FFFFFEDD
FFFFFCFC
FFFFFF71
FFFFFC7F
00000245
0000000E
FFFFFFBF
FFFFFDF3
00000282
00000036
FFFFFD92
0000032A
00000288
00000207
000001EB
00000031
FFFFFBB5
FFFFFE07
FFFFFBC8
00000039
00000234
FFFFFFBE
FFFFFBBE
FFFFFFDE
00000109
FFFFFF9C
00000223
FFFFFDF0
00000258
FFFFFBB5
0000056E
000006D7
0000050D
000003DA
0000025C
FFFFFFD1
0000040D
00000005
000001B0
FFFFFE6C
FFFFFDD7
FFFFFD03
00000351
00000294
FFFFFE51
000002A8
FFFFFE6A
0000019D
0000010A
FFFFFA92
00000053
00000032
FFFFFCAF
FFFFF9C7
00000087
FFFFFEC4
0000051A
0000036C
0000004A
FFFFFF1B
000002EC
FFFFFEB2
00000325
0000049F
0000060B
0000021B
FFFFFD9B
FFFFFE8E
FFFFFC80
FFFFFCF3
FFFFFF4F
FFFFF9CA
FFFFFCC4
FFFFFC52
FFFFFCB1
FFFFFF64
00000210
FFFFFED1
000003B7
0000045B
FFFFFEBA
FFFFFD21
00000601
00000158
FFFFFE41
FFFFFE80
00000100
FFFFFE12
0000054B
00000152
FFFFFECD
00000333
FFFFFF2B
0000009A
00000142
0000002E
000001A4
00000421
FFFFFAFE
00000179
FFFFFE63
FFFFFEAB
FFFFFB7A
FFFFFAE2
0000004D
000000C5
FFFFFE65
FFFFFB2A
FFFFFDAF
000000B7
FFFFFBD8
000002DE
FFFFFF1A
FFFFFBD2
000003BD
00000368
FFFFFEB2
00000138
0000035A
00000445
FFFFFECA
00000142
0000000F
FFFFFF1A
00000417
000001B4
00000244
00000380
00000120
00000134
FFFFFDA2
0000029A
FFFFFF60
FFFFFDEE
0000026D
FFFFFF72
000001D8
FFFFFC32
00000270
000000BD
00000303
000003FB
0000008D
0000036C
0000053F
00000676
00000055
FFFFFB13
00000047
00000285
FFFFFFE6
FFFFFF34
000001DF
00000237
FFFFFEB5
FFFFFF7C
FFFFFF6C
0000042D
FFFFFFB1
FFFFFFF0
000001EB
FFFFFD5B
00000393
FFFFFDF0
FFFFFFB3
000001E6
FFFFFCE7
FFFFFE27
FFFFFE2C
FFFFFF19
FFFFFD04
FFFFFCB5
0000023D
FFFFFE89
00000427
000003F3
00000492
0000038C
0000039F
00000449
0000056F
000006AE
FFFFFFC8
000004CD
FFFFFF90
FFFFFEB5
FFFFFCE5
FFFFFFC9
FFFFF6EB
FFFFFE3C
00000053
FFFFFDBA
FFFFFE88
00000324
00000750
0000035C
FFFFFD2B
000003BA
FFFFFF08
FFFFFE64
FFFFFF00
000003A2
FFFFFD02
000003E3
00000349
0000014D
000003BD
00000281
000002C2
00000455
000003F4
00000546
00000379
00000505
00000215
000002B8
000001E1
000005CE
00000186
00000457
000000D1
FFFFFECF
00000158
000006BA
0000024D
000005AC
00000114
00000565
FFFFFDEF
FFFFFD8E
FFFFFFAE
FFFFFFD3
000004B0
0000029E
FFFFFA22
FFFFFFBB
FFFFFF4D
FFFFFF5C
000004BB
FFFFFE52
FFFFFB8F
000004DC
FFFFFDD0
FFFFFF4B
0000024B
FFFFFF88
00000007
000001B2
0000047F
00000332
FFFFFEA9
00000298
00000653
0000011F
000003F3
00000319
0000010E
FFFFFF93
000003BB
000001E2
0000057E
FFFFFFF0
FFFFFEE2
FFFFFD9E
00000525
00000122
00000166
0000041D
FFFFFFAC
0000038E
00000554
FFFFFD59
FFFFFEEC
FFFFFAF8
FFFFFEEB
FFFFFF1F
FFFFFF37
0000004D
00000039
00000408
0000006F
FFFFFD3D
FFFFFE2E
FFFFF848
FFFFF9E1
FFFFFBE5
FFFFFC72
FFFFF99F
FFFFFE02
FFFFFCFC
FFFFFFD8
FFFFFE1B
00000398
000003D4
00000341
000003A1
00000438
FFFFFC87
00000181
00000058
000004DF
0000017B
FFFFFC97
00000396
00000207
000000C1
000002EA
FFFFFDA9
FFFFFF9B
FFFFFECF
FFFFFF78
00000641
00000185
FFFFFCF5
0000056F
000002F7
0000043F
0000043B
000001DD
000002C3
0000023E
000003F6
0000009F
00000262
0000009C
0000059D
00000527
000000B1
FFFFFFCE
000003C8
FFFFFFAA
FFFFFB48
FFFFFFF1
FFFFFE88
FFFFFF2F
FFFFFC7D
00000282
0000074D
000001D7
FFFFFD47
0000051E
FFFFFCE7
FFFFFD9B
FFFFFC4B
00000093
000006ED
FFFFFE19
FFFFFF2B
000001E1
00000659
000005CD
00000343
000001A7
0000056A
FFFFFED9
FFFFFF6E
FFFFFAFC
FFFFFDD7
000001EB
FFFFFCF9
FFFFF950
FFFFFC21
FFFFFB76
FFFFFFB9
FFFFFF40
00000475
FFFFFFA8
00000001
000003E5
00000400
0000053F
0000022F
000000F5
FFFFFB7B
FFFFFE34
FFFFFDA0
FFFFFCDF
FFFFFA11
00000158
FFFFFF6A
FFFFFC87
0000000F
000001A3
0000015E
FFFFFF69
00000042
000001D3
000003A9
FFFFFFFA
000003CD
FFFFFD4F
FFFFFFE9
FFFFFC17
00000088
FFFFFF47
00000210
000000F1
FFFFFC6D
FFFFFFD5
0000031F
000001CF
000007DB
00000443
0000003C
FFFFFC90
0000031A
00000438
00000057
0000054B
FFFFFF8E
00000442
FFFFFDBD
0000024A
FFFFFFF3
FFFFFCE4
FFFFFE19
FFFFFEAE
00000624
FFFFFFDB
00000163
FFFFFFB5
000004F8
00000433
FFFFFEF3
00000300
000003BF
FFFFFDB4
00000184
00000002
FFFFFA93
FFFFFA66
FFFFFC38
000000AD
FFFFFD41
0000021B
000000C1
00000106
000003D7
FFFFFC52
00000036
00000313
FFFFFD5B
FFFFFE24
FFFFFFBC
0000020D
0000013C
FFFFFCA2
00000105
000003BB
FFFFFD05
FFFFFFC7
0000030D
0000036B
00000457
000005F5
000005C6
FFFFFBDC
00000034
0000020E
FFFFFD75
000002EF
0000017D
000005EB
0000007F
FFFFFEAA
000002B7
FFFFFEB6
00000766
000006AA
000005F8
00000557
FFFFFCDA
FFFFFE58
FFFFFF0A
FFFFFEA8
FFFFFD5A
FFFFFF9F
FFFFFCF5
FFFFFFB6
FFFFFFA6
000001D8
FFFFFEAA
00000429
0000032E
FFFFFF35
000001ED
FFFFFD95
00000418
000003D1
FFFFFE7B
00000352
00000079
FFFFFEFF
000004AE
FFFFFD9D
0000009C
00000182
000003B6
00000228
00000119
000006FB
0000033F
00000179
00000629
00000753
0000058A
00000816
00000101
00000230
00000179
FFFFFCE6
FFFFFC9D
FFFFFFB0
FFFFFB97
FFFFFBC4
FFFFFFDE
0000013B
000003DB
00000323
000004E6
0000050A
000005C8
FFFFFF25
000005A0
0000056C
000000AD
0000020A
FFFFFCCC
FFFFFFCD
FFFFFE32
FFFFFC6C
000000F0
00000574
000002CC
FFFFFCDF
000001DB
00000083
FFFFFC83
FFFFFA38
0000003E
FFFFFEC9
FFFFFBE4
FFFFFC50
000000C7
00000007
FFFFFE20
FFFFFEA0
FFFFFF27
FFFFFA7E
FFFFFE8E
0000022B
FFFFFBE5
00000211
000006F3
FFFFFE4B
000002AB
FFFFFF74
0000061C
0000047D
00000155
FFFFFF40
0000021F
FFFFFF90
FFFFFD45
FFFFFB1B
000000BE
FFFFFE67
00000268
FFFFFFCA
0000013D
FFFFFF48
00000350
000000E2
FFFFFFCE
000001D7
FFFFFF88
00000520
FFFFFE55
00000211
FFFFFEC2
0000018F
00000052
000003F1
00000352
FFFFFFD6
FFFFFDC9
FFFFFE29
FFFFFED8
0000055F
FFFFFF56
FFFFFF9B
000001B4
0000030E
FFFFFFC2
FFFFFE3B
FFFFFC68
FFFFFEB6
FFFFFF9C
FFFFFF12
FFFFFFCE
000000FD
FFFFFEF7
0000000C
000001CC
00000023
FFFFFB5F
FFFFFD1C
00000377
00000468
FFFFFEC0
0000000E
0000068A
FFFFFE91
FFFFFCBB
00000262
FFFFFCF1
FFFFFB3B
FFFFFC1C
FFFFFC6F
FFFFFFEB
000003BC
0000001B
FFFFFFFA
00000213
0000016B
FFFFFD13
000002BD
00000469
FFFFFD4E
000001D6
FFFFFF28
FFFFFE1D
00000344
FFFFFD71
000000CB
FFFFFC1C
00000162
FFFFFEA0
FFFFFF18
00000070
FFFFFFDB
FFFFFE88
000000C1
00000619
00000472
0000000D
0000062B
0000043B
FFFFFD9A
00000368
00000228
FFFFFFA7
FFFFFF8A
FFFFFC6C
FFFFFE35
00000061
00000272
FFFFFFD1
000001FC
FFFFFEB0
0000025A
00000797
0000024D
FFFFFD7B
FFFFFC1C
000001BA
0000002F
00000110
FFFFFCFD
000000EE
00000281
0000046D
0000034F
FFFFFE3C
00000176
0000017E
0000050C
0000005E
000002DC
FFFFFF1D
000000E5
00000127
00000316
0000023B
FFFFFF8B
000001F9
FFFFFC3A
00000290
0000037E
000001DE
00000279
0000024F
000002BE
FFFFFDDD
00000001
FFFFFDED
000000F6
FFFFFDD0
0000025F
0000041A
FFFFFEA7
FFFFFEF1
FFFFFDDF
FFFFFC32
00000031
00000230
000002CF
FFFFFFB4
FFFFFEA1
FFFFFC73
FFFFFF17
00000064
00000262
FFFFFE75
00000314
FFFFFCAE
FFFFFFBA
0000041B
FFFFFFB7
00000043
FFFFFE75
FFFFFA96
00000020
0000020E
000000F5
00000445
FFFFFF9B
0000034A
000003BE
00000087
FFFFFED8
FFFFFC0B
000004BA
FFFFFFCE
FFFFFD93
FFFFFD49
FFFFFAB3
FFFFFE93
FFFFFF40
FFFFFE77
0000015C
FFFFFF9A
FFFFFC97
00000236
00000567
00000222
000002B5
FFFFFFCA
FFFFFE77
FFFFFC13
000005C3
0000007D
000001A0
00000335
FFFFFBCB
00000345
0000007C
00000263
000000FC
FFFFFE9E
00000232
FFFFFF94
FFFFFDA2
FFFFFCEC
FFFFFA9B
FFFFF9D6
FFFFFDE9
FFFFFFC2
00000342
0000049A
00000245
0000020D
FFFFFED7
FFFFFE7A
FFFFFE06
000002E7
FFFFFFD9
00000036
000002AE
FFFFFFDC
0000057D
00000090
000001F0
FFFFFCA3
FFFFFD21
0000024D
FFFFFC7A
0000005A
000000BD
FFFFFC2D
FFFFFF4B
000000F3
FFFFF9AE
00000126
00000179
000003B0
FFFFFDA5
0000019B
00000319
FFFFFF1A
000000FD
FFFFFF3C
FFFFFCAC
FFFFFF72
0000027B
00000039
00000612
0000007E
000004C7
000006AC
FFFFFC33
FFFFFCF1
FFFFFF0B
FFFFFEB9
000003F4
0000003E
00000253
00000731
000007B3
FFFFFD21
FFFFFED9
FFFFFEAF
FFFFFBE9
00000273
000001AE
00000160
FFFFFD9A
FFFFFD83
00000524
FFFFFEDC
000002F6
000000E8
FFFFFDD9
FFFFFEB3
FFFFFE36
000002F8
FFFFFE8E
0000006E
00000105
FFFFFE81
000003B2
FFFFFE6C
00000033
FFFFFF09
FFFFFE39
00000150
00000040
FFFFFCEA
00000012
000000A7
000000E1
00000311
FFFFFF55
0000079F
000000AC
0000020E
00000234
FFFFFED6
FFFFFFAF
00000179
FFFFFE96
00000283
FFFFFC87
FFFFFDA5
FFFFFEA7
0000007F
0000028E
000005B0
FFFFFE67
000004CE
000003CD
000000CA
0000036F
FFFFFFE6
00000418
FFFFFF57
FFFFFF61
FFFFFFF5
FFFFFB56
0000009B
000001DB
FFFFFF1F
0000033E
0000034B
FFFFFF9D
000001F6
00000478
00000457
0000034C
FFFFFA6B
FFFFFFFB
FFFFFB40
FFFFFD4D
FFFFFEDD
00000113
000000E4
FFFFFBB8
0000014A
FFFFFDD8
000000EB
FFFFFFF8
00000135
00000361
FFFFFEFA
FFFFFFFB
FFFFFEAD
00000306
00000085
FFFFFE4C
000002D5
FFFFFC28
FFFFFA24
000003DC
FFFFFEB5
00000375
00000475
00000050
FFFFFF37
FFFFFD90
FFFFFE6C
FFFFFD6F
0000052A
0000040C
0000028E
0000013C
0000034C
FFFFFFBD
FFFFFFC5
000001B4
0000006C
0000000F
00000191
FFFFFB98
FFFFFD46
FFFFFF05
FFFFFE4D
FFFFFCF6
FFFFFC71
FFFFFEF1
FFFFFB50
FFFFFE81
FFFFFFF8
000002BE
000000EA
000002F6
0000002E
FFFFFD07
0000013B
00000269
0000031D
000000E4
0000031E
00000288
00000044
00000301
FFFFFF04
000003D0
FFFFFE36
FFFFFC06
FFFFFFFF
FFFFFF82
FFFFFD16
FFFFF87C
00000083
00000082
FFFFFEEF
0000054D
00000156
00000387
000002A1
00000395
000000FA
0000087B
FFFFFFBA
00000421
000004A5
000009EF
FFFFFF39
FFFFFDBB
FFFFFD51
000002D7
FFFFFE1F
FFFFFED0
FFFFFF90
FFFFFEE3
00000175
000001AD
00000044
00000256
FFFFFD24
FFFFFA26
FFFFFE5A
000000F6
FFFFFE8E
FFFFFAA7
FFFFFB95
FFFFFE61
000002D3
0000018A
FFFFFAE4
000000E5
00000008
FFFFF945
FFFFFF1F
FFFFFF93
FFFFFC6B
FFFFFDBC
FFFFFCEA
00000405
000001EA
000002E0
FFFFFF0F
FFFFFF33
00000399
FFFFFD5E
FFFFFE14
0000004F
000000E1
0000019E
0000011C
FFFFFC70
FFFFF9E1
FFFFF83C
FFFFFEFD
000002F2
FFFFFA22
0000001B
FFFFFFB8
FFFFFA38
FFFFFC5D
00000191
00000035
FFFFFA10
FFFFFBBF
FFFFFE36
00000038
000000B8
FFFFFE0C
00000011
FFFFFC3E
FFFFFF9A
00000185
FFFFFEE9
00000265
FFFFFFD8
0000027E
0000051C
FFFFFF05
00000321
00000022
FFFFFDB7
00000361
00000036
FFFFFD8F
000001ED
00000506
00000082
00000003
FFFFFFAE
0000024D
FFFFFDD8
FFFFFF93
FFFFFF1F
FFFFFFBA
FFFFFC2D
00000011
000002E7
0000000A
FFFFFFFF
000004EB
00000413
000002E7
FFFFFE8C
FFFFFD95
FFFFFD33
FFFFFE23
FFFFFD4A
000003B4
00000545
00000369
000002F2
00000157
FFFFFA98
0000005F
FFFFFEED
FFFFFF2C
00000279
00000288
000000FE
00000367
FFFFFC39
000001B0
FFFFF8CC
FFFFFDE1
000000F3
FFFFFDA6
00000165
FFFFFF0E
FFFFFD24
000003B3
FFFFFF61
FFFFFA89
0000016D
FFFFFE93
FFFFFB43
00000144
FFFFFBDC
000001BF
FFFFFFB3
FFFFFD19
FFFFFEE5
0000004F
000000A2
FFFFFD9B
0000003C
00000330
FFFFFF12
000001F7
00000073
000003BE
FFFFFE96
0000000D
FFFFFF12
FFFFFFA4
FFFFFE10
000001A2
FFFFFF16
00000177
00000594
000005C0
FFFFFD58
00000082
00000062
000002B3
000000CA
FFFFFF44
000004FF
FFFFFD4F
000001B0
00000455
00000359
000000A9
FFFFFDD1
FFFFFC55
FFFFFC42
FFFFFAFE
000000BC
00000077
FFFFFBD4
FFFFFAD3
FFFFFBB9
FFFFFAAC
FFFFFE4A
FFFFFFE1
FFFFFDF1
FFFFFF97
FFFFFEC3
FFFFFF08
000000D6
000001D8
000003CA
0000042B
FFFFFD27
FFFFFE5A
FFFFFF63
0000000D
00000196
FFFFFF8C
FFFFFF60
00000351
000001D1
0000012B
FFFFFE95
000003C9
FFFFFF50
FFFFFDA3
FFFFFDC4
0000032E
FFFFFDFD
0000035E
00000225
FFFFFEE6
FFFFFDD5
0000027B
FFFFFEB9
FFFFFE1A
000003EE
FFFFFF40
FFFFFF44
00000339
00000220
000000C0
000001EC
000000A6
FFFFFDEF
FFFFFE96
000001E9
FFFFFFAF
FFFFFD9E
00000082
FFFFFF91
00000032
FFFFFE50
FFFFFE8F
FFFFFEFF
FFFFFEC3
FFFFFD57
FFFFFE47
FFFFFBFC
FFFFFFBE
FFFFFEBA
00000214
00000079
FFFFFF69
000004FB
00000232
00000300
0000039B
FFFFFF6B
FFFFFDE2
000000D7
FFFFFF38
FFFFFD9D
FFFFFE07
FFFFFE43
FFFFFF75
FFFFFD99
000002C6
FFFFFF09
00000257
00000172
000004A6
000003D6
00000074
000000F5
0000053F
FFFFFE3A
000001CF
FFFFFCAA
0000021C
000001B7
FFFFFE08
FFFFFCD3
FFFFFD6F
FFFFFBD4
00000221
FFFFFE3A
00000280
FFFFFE79
FFFFFBB0
FFFFFD8A
00000091
0000014A
000000EC
000000A3
00000084
0000008F
00000265
00000000
000002B3
00000272
00000003
00000404
FFFFFB23
FFFFFF47
00000066
00000048
FFFFFF3F
FFFFFF3E
FFFFFFC5
FFFFFE4B
FFFFFFE8
FFFFFC70
FFFFFE2D
000000A6
FFFFFE52
FFFFFCE0
FFFFFFFE
0000030E
00000187
0000036C
000005B7
000003F2
00000017
FFFFFE25
0000037E
000004AC
000000C5
00000015
FFFFFEED
00000088
00000103
FFFFFF9F
000001F4
000004D3
FFFFFF45
00000075
000001CA
00000102
000001D4
0000018C
00000127
0000017D
000002A5
FFFFFE94
000003BC
000003AD
00000041
FFFFFE8C
0000014B
000004F8
0000039D
FFFFFFB1
000003F7
000000B0
000000C4
000001B6
000001B9
0000014A
FFFFFB3C
FFFFFE45
FFFFFF25
FFFFFF00
0000037E
000002E4
FFFFFFF7
00000032
000000E8
FFFFFCBD
0000003B
FFFFFE49
000000AD
FFFFFC37
000001A8
FFFFFD6D
FFFFFE95
00000477
0000023F
FFFFFE42
FFFFFECB
0000011C
00000374
00000393
0000034E
00000058
000001B4
000003DA
FFFFFF45
000001F1
00000246
00000047
FFFFFDE7
000000DB
FFFFFD2F
000000B7
00000143
FFFFFEE7
0000018E
FFFFFD9B
0000026D
00000001
00000015
FFFFFFEF
FFFFFD89
FFFFFDD7
00000145
000002D4
000002D2
00000282
000003C3
FFFFFF1A
000001FE
000002C5
FFFFFEE2
000005A0
00000347
FFFFFFC3
000005BC
00000139
000001E5
000001AB
00000310
FFFFFE6C
00000337
000000FB
FFFFFD81
00000221
FFFFFE4B
FFFFFE84
FFFFFF70
0000016C
00000135
00000303
00000210
FFFFFFC8
00000034
FFFFFFBF
FFFFFFC3
FFFFFF92
000001D8
00000031
FFFFFF3B
FFFFFFF5
000000D3
FFFFFDC2
FFFFFE9D
FFFFFBB9
0000011D
FFFFFD72
FFFFFE3C
FFFFFF0B
FFFFFF2E
FFFFFE80
000002BB
00000259
00000158
FFFFFE2C
FFFFFC3E
00000214
FFFFFC8E
FFFFFF04
FFFFFF8A
FFFFFC94
00000400
00000200
000004AB
000002CF
FFFFFF9B
FFFFFFC3
00000068
000001CC
00000263
FFFFFEFD
000002F4
FFFFFF96
000001E2
FFFFFC3B
000000C3
FFFFFECF
FFFFFE1A
FFFFFDB0
FFFFFF3E
FFFFFD3F
FFFFFFC7
00000107
FFFFFF8B
000002CB
0000022B
00000153
00000211
000002A1
00000030
FFFFFE67
00000400
00000052
00000223
FFFFFDF7
00000520
00000390
000001A8
000003DE
FFFFFF98
00000514
00000142
FFFFFEAA
0000029D
FFFFFFC2
00000100
FFFFFED1
000001D0
FFFFFB34
0000014B
FFFFFC82
FFFFFFE5
FFFFFECD
00000287
FFFFFF55
FFFFFE03
000000C2
000001AD
000001D0
FFFFFF45
000001B8
00000180
FFFFFF1D
FFFFFD34
00000369
0000034A
00000137
FFFFFDCB
000001E4
000002E1
00000107
FFFFFFEF
000003AB
00000099
FFFFFF0D
0000007A
0000026B
00000264
000001BA
00000286
00000202
00000513
000002C4
00000331
000000E5
000001AE
0000007F
000000DD
000000FD
FFFFFED5
FFFFFCAC
FFFFFFD9
FFFFFAF3
FFFFFA8A
FFFFFFF4
FFFFFB9B
FFFFFCE0
FFFFFE4C
FFFFFBF9
FFFFFC43
00000109
FFFFFC19
FFFFFBB4
FFFFFDAC
FFFFFE3C
FFFFFF27
FFFFFBD6
FFFFFD2E
FFFFFF45
FFFFFE46
FFFFFBA8
00000409
000001A6
000000EB
000000D7
0000042C
FFFFFEA8
000001A8
0000016B
FFFFFE85
FFFFFBF0
0000007D
FFFFFEEE
FFFFFDFB
FFFFFFDA
FFFFFF9F
FFFFFE3A
0000013E
0000013E
00000000
0000029B
FFFFFE5B
FFFFFE9A
FFFFFDD7
FFFFFF5B
000000A2
FFFFFC91
FFFFFDCF
00000586
0000003A
0000018E
000003A0
000005B6
000001EB
00000626
FFFFFFA1
000002F8
FFFFFF57
00000026
00000020
000002A6
FFFFFE5D
000001E5
FFFFFDF7
FFFFFEA2
00000219
FFFFFC62
FFFFFDD2
00000154
FFFFFC0E
FFFFFE6B
FFFFFE8F
0000014A
00000130
FFFFFCD6
0000011F
FFFFFD5E
FFFFFFB2
0000026E
FFFFFEE1
00000101
FFFFFED4
0000026C
FFFFFD7D
0000015C
FFFFFF72
FFFFFFB8
FFFFFFAA
FFFFFDDE
00000095
FFFFFFAA
FFFFFDF3
FFFFFEA9
000003BF
00000442
000004DD
0000005A
00000123
000001BF
FFFFFEBE
0000004D
FFFFFF73
000000CB
FFFFFDF3
00000120
FFFFFA8C
FFFFFDF8
FFFFFC6C
00000028
FFFFFDC1
00000224
FFFFFEF0
000001F9
0000017F
0000044A
FFFFFD52
FFFFFED1
FFFFFE1D
FFFFFD93
FFFFFD7F
000000E7
000000FC
000001AB
FFFFFF4C
00000269
000000D9
000000D4
00000187
0000014F
FFFFFCF5
FFFFFC3A
0000000B
FFFFFE40
FFFFFEEB
FFFFFFA0
00000242
FFFFFDAC
00000295
FFFFFF23
000001E6
000002D0
000002F3
000003D4
FFFFFFC4
00000220
0000042C
000003AC
FFFFFE12
FFFFFA63
FFFFFDB9
FFFFFCFF
FFFFFDDE
000001C8
000000C2
00000025
000002DD
00000076
FFFFFE74
0000008B
FFFFFDFF
FFFFFF6F
000003E9
00000282
000003B7
00000399
00000326
FFFFFF53
FFFFFFA8
FFFFFEB1
FFFFFBA6
0000004D
FFFFFF00
FFFFFFB0
00000112
00000162
FFFFFEF9
FFFFFF0E
00000309
FFFFFAB9
FFFFFF16
FFFFFE4F
FFFFFD09
FFFFFE0F
FFFFFDD2
FFFFFFE3
FFFFFE97
000001D0
FFFFFDC3
FFFFFECD
FFFFFE19
FFFFFEA2
FFFFFFB9
000001D3
FFFFFE09
00000168
00000138
0000013F
0000048F
FFFFFFEF
000000B2
0000022C
00000104
000004B5
FFFFFFD3
0000054D
00000454
000001CB
000003C9
0000043D
FFFFFF88
FFFFFAC6
FFFFFEAF
00000063
FFFFFE76
00000397
FFFFFE8E
FFFFFFF9
00000153
0000017C
000002DA
00000175
00000436
000004E5
FFFFFB9F
FFFFFD54
000001A7
0000012D
000001C9
FFFFFC1F
FFFFFE77
000000BD
FFFFFC7A
FFFFFD37
FFFFFE09
0000025D
FFFFFC45
0000010E
00000269
000003B5
0000037D
00000356
FFFFFFBD
000002FE
0000015B
000000D6
000004D6
FFFFFE64
FFFFFFEE
00000230
FFFFFC3C
FFFFFECB
000000FD
FFFFFCEE
000003E9
00000193
FFFFFE35
FFFFFE71
000004AE
000000B1
FFFFFE2F
FFFFFF6B
000002E6
00000063
00000450
FFFFFF1F
FFFFFF1A
0000002D
FFFFFE6A
FFFFFDED
0000045A
FFFFFBE4
FFFFFFD5
FFFFFE0A
00000086
FFFFFE6D
00000455
000001DF
FFFFFC90
0000051F
0000023D
000003A8
00000166
FFFFFBDD
FFFFF8AB
FFFFFECD
FFFFFBDF
FFFFFF88
FFFFFF3F
FFFFFFD2
FFFFFD5A
FFFFFBB4
FFFFFF7E
FFFFFDB5
000002A0
000001C5
00000107
00000085
00000201
0000024C
0000035E
000002B1
FFFFFE9A
FFFFFD17
FFFFFE5A
FFFFFF90
FFFFFCD7
FFFFFD21
000004E5
000000A4
000000B9
FFFFFED3
000002B5
0000036C
FFFFFF81
FFFFFFA3
0000054F
000003C5
FFFFFE25
FFFFFE6F
000002AE
000002AB
FFFFFE6F
00000329
FFFFFE97
00000014
FFFFFEFF
00000106
FFFFFE46
FFFFFA36
0000001B
00000170
FFFFFEF1
000000AE
FFFFFD1B
0000001E
FFFFFB62
00000131
FFFFFFD3
00000058
00000412
000002C6
00000248
000005BA
000000E6
0000027A
FFFFFF93
00000069
FFFFFECF
FFFFFF25
FFFFFFA4
FFFFFEFF
FFFFFDEA
00000073
00000276
00000497
00000422
0000035E
00000169
000000D6
00000731
0000028F
00000226
00000180
FFFFFFE7
00000374
000002DA
FFFFFFB4
00000091
FFFFFE9F
000000CE
0000044E
000002AF
000002EC
FFFFFE9B
000000CB
0000016C
FFFFFD66
00000228
000001FA
FFFFFF44
00000183
FFFFFD02
00000209
FFFFFD14
FFFFFFC2
000001DC
FFFFFB7A
000002DB
00000340
FFFFFDF4
00000036
FFFFFF74
FFFFFF63
00000450
00000262
0000007B
00000040
00000489
000005A4
00000416
00000350
00000224
FFFFFEFF
FFFFFF0E
000001DC
FFFFFD6A
FFFFFE75
0000020B
FFFFFD2A
FFFFFD7B
FFFFFFCD
00000405
000004AF
000002C5
000005D3
000003E2
FFFFFFF0
000005EF
0000053B
00000117
FFFFFF3E
000000E3
0000016E
00000208
000004DC
00000111
FFFFFEEA
00000501
00000121
FFFFFC5A
00000130
FFFFFF08
FFFFFD22
0000029A
000003BC
00000498
FFFFFE3E
FFFFFF2E
000002A4
00000353
000000B4
FFFFFFCF
00000710
0000021B
00000031
FFFFFA2A
FFFFFDA3
FFFFFE91
FFFFFAC9
FFFFFC82
00000076
FFFFFD6C
FFFFFE05
FFFFFC80
FFFFFC63
00000283
FFFFFD6C
FFFFFC58
FFFFFB4C
0000001B
00000215
FFFFFD3B
FFFFFDBF
00000491
000002ED
FFFFFDFF
00000198
00000430
000002E9
FFFFFC8E
FFFFFEB1
00000057
00000171
FFFFFD7C
00000399
FFFFFDBA
FFFFFF2E
FFFFFF26
FFFFFCB8
0000032F
00000162
000001E2
000004DD
00000076
FFFFFF3C
FFFFFD92
000002C2
FFFFFF85
00000500
000000C1
0000009C
FFFFFDB6
00000340
0000008F
FFFFFEEF
00000313
000002C7
FFFFFFD7
000003AD
000003E1
FFFFFD75
000003B4
00000262
000002F9
000000B8
FFFFFDC1
00000097
FFFFFF72
FFFFFFF6
FFFFFD3D
000000A2
FFFFFE50
FFFFFFCD
00000455
00000002
0000012B
0000004D
000002AD
00000279
FFFFFFC2
000001C0
0000036A
000002BA
FFFFFE49
FFFFFEE6
000000ED
00000451
FFFFFDA2
FFFFFDDE
00000226
FFFFFEA1
0000036E
FFFFFED5
00000277
FFFFFC83
000000FB
00000007
FFFFFEE1
000002CF
FFFFFF7A
0000006D
FFFFFF0D
0000017E
000004C9
000000FD
FFFFFF3E
FFFFFE64
FFFFFE5B
FFFFFE0C
FFFFFD4D
000002DE
000002A6
FFFFFCB6
000001D6
FFFFFDBE
FFFFFE4B
00000085
FFFFFC4B
0000038F
FFFFFBDF
FFFFFF79
00000331
0000001D
00000132
000001AA
FFFFFFC0
0000030F
0000005A
00000441
00000597
FFFFFDC4
FFFFFD52
FFFFFEE8
000000FA
FFFFFDB6
FFFFFB7A
FFFFFFAE
FFFFFEA6
FFFFFC54
000001A4
FFFFFD5F
0000018E
FFFFFE67
0000001D
FFFFFF54
FFFFFD59
000000E2
FFFFFD10
FFFFFE5D
FFFFFBAF
00000227
00000038
FFFFFD71
FFFFFCBB
FFFFFEB3
000001A0
0000004A
FFFFFF3D
00000390
FFFFFCF8
00000016
000000A1
00000120
000001B2
000001A7
00000119
FFFFFDAB
FFFFFEED
0000025A
000000F4
00000067
000003E4
0000006C
FFFFFFB4
000000C3
FFFFFD96
FFFFFC97
FFFFFDEC
FFFFFE28
000001FF
00000110
FFFFFDAC
00000133
00000278
00000227
000005F2
00000097
000003E0
0000047B
0000035A
00000174
00000544
0000034F
FFFFFE4B
00000749
00000001
00000084
00000046
00000116
000004A2
00000353
FFFFFC52
FFFFFECE
FFFFFCAB
FFFFFFC4
FFFFFF06
FFFFFECD
0000014D
000001BB
00000212
FFFFFDD9
00000322
FFFFFCF5
00000299
00000196
000001F1
FFFFFE95
FFFFFBD1
FFFFFD11
00000069
000000D7
00000024
FFFFFF5F
FFFFFCE9
0000037E
FFFFFF39
FFFFFB95
00000346
FFFFFD9F
0000013A
FFFFFFE5
0000023B
FFFFFF38
0000048B
000003FC
000001EF
000003D8
00000483
000000B6
000002B6
FFFFFF51
0000018B
000001D1
FFFFFF69
000000A3
00000290
00000295
FFFFFD66
00000270
FFFFFEC2
0000014A
FFFFFD18
FFFFFA41
FFFFFFAE
FFFFFCD0
FFFFFA41
00000191
00000334
FFFFFFDB
00000025
0000033B
FFFFFDD7
000003F6
0000026C
00000175
000000F7
0000029B
0000019C
FFFFFED5
FFFFFDC4
00000122
00000128
FFFFFF6E
FFFFFBE1
00000024
000000FA
00000438
00000161
00000004
00000030
00000247
00000461
00000430
0000002D
FFFFFF8B
000001BC
FFFFFD83
FFFFFC60
FFFFFD62
00000240
0000001E
FFFFFD6D
FFFFFCD4
00000373
00000108
FFFFFFF0
FFFFFCBD
FFFFFE56
FFFFFF2E
000003CC
FFFFFE22
FFFFFE0D
000000BB
000002DF
0000023E
FFFFFD8D
00000038
0000005F
FFFFFE69
FFFFFF6C
00000386
FFFFFE43
FFFFFD6E
00000125
000000AD
FFFFFC6B
000001D5
000002A3
00000423
FFFFFCD2
0000003B
000001E5
00000385
FFFFFF44
00000122
FFFFFFE6
FFFFFE3B
000003A9
00000104
FFFFFE4E
00000367
FFFFFF1E
000001DC
FFFFFAA6
000004F0
FFFFFD7E
00000228
00000195
00000229
FFFFFEF1
FFFFFCD2
0000028C
FFFFFE2F
FFFFFE28
FFFFFF8D
FFFFFFD6
FFFFFE84
00000248
00000251
00000368
FFFFFCC0
FFFFFD6C
FFFFFE73
00000291
FFFFFCD4
FFFFFDF9
FFFFFFC0
FFFFFD72
FFFFF99C
FFFFFBE0
000002CD
FFFFFDEA
FFFFFD52
FFFFFB8A
000000F0
FFFFFE40
000004C2
FFFFF9A8
000004D1
FFFFFFC0
FFFFFEC3
FFFFFDA5
00000158
FFFFFE52
FFFFFAD3
FFFFFF1E
FFFFFE98
FFFFFB12
0000010A
FFFFFFD9
00000212
00000008
FFFFFE7F
FFFFFADF
00000101
00000387
000003EB
00000166
00000240
000003EA
0000045E
FFFFFD69
000003DB
0000011B
00000391
0000048E
000001F0
FFFFFD31
FFFFFD11
00000468
000003F1
FFFFFBEC
00000029
FFFFFE76
00000174
FFFFFA42
0000024A
FFFFFE69
FFFFFB0A
00000369
FFFFFF2E
FFFFFFCC
000003E5
FFFFFD43
FFFFFDC6
0000011A
000003DD
FFFFFED7
000000CE
FFFFFEF9
FFFFFDE0
FFFFFFD7
000004A4
FFFFFDCC
00000228
FFFFFFC3
FFFFFF84
000002FB
00000154
FFFFFD59
00000201
FFFFFF98
000003D9
FFFFFC5F
00000073
FFFFFB7A
000004F6
000001E4
00000722
000001E0
0000009E
0000001E
000007D4
0000064F
00000285
000004EA
0000045F
FFFFFF01
0000027A
FFFFFC19
000003E4
000000FF
FFFFFF91
FFFFFE8F
FFFFFC66
00000257
0000014E
FFFFFB1E
FFFFFFBD
FFFFFFFD
FFFFFE1A
00000359
000000F0
00000141
00000109
FFFFFFF7
FFFFFD7E
00000290
000000C4
000000C6
00000375
FFFFFBA2
FFFFFC7F
FFFFFB2A
000005A4
FFFFFDAB
00000111
00000339
000001D9
00000068
00000423
FFFFFB77
0000019F
FFFFFE37
000002D6
FFFFFBA9
FFFFFD2C
FFFFFDAB
FFFFFBA1
FFFFFED8
00000377
FFFFFCE0
FFFFFFD4
0000068E
FFFFFD3B
000001D7
0000047E
FFFFFDB7
0000019A
FFFFFD90
FFFFFE3D
FFFFFDB2
0000015A
00000373
000000D9
FFFFFEA1
FFFFFC35
FFFFFDF2
FFFFFCB6
FFFFFD49
FFFFFC96
FFFFFF50
00000095
FFFFFACD
FFFFFF19
0000026E
0000013A
0000028F
FFFFFA8D
00000271
0000040E
FFFFF8BB
FFFFFBEB
00000408
FFFFFDD1
FFFFFE71
0000019D
FFFFFF07
FFFFFD90
000004B6
FFFFFA0C
FFFFFD68
000001F1
FFFFFE01
FFFFFB4B
FFFFFE7D
FFFFFDD0
FFFFFDEC
FFFFFBD9
0000056C
00000133
FFFFFF6C
0000016E
000000A6
FFFFF904
FFFFFEDD
FFFFFFC3
FFFFFD43
0000057C
FFFFFF5B
FFFFFDE6
000004A3
000002C8
000003D4
FFFFFDC4
FFFFFFCA
00000243
000000C1
000002EB
00000322
0000013D
00000139
00000122
FFFFFB9D
FFFFFAD6
0000029E
FFFFFFF9
FFFFFC66
FFFFFE2C
000000FC
FFFFFD6F
FFFFFC11
0000027B
FFFFFD25
FFFFF7EE
FFFFFE39
FFFFFC26
FFFFFC3A
00000070
FFFFFCB2
000000DE
000003B2
00000296
FFFFFE1C
000002C7
000001C8
0000039D
000001B0
00000014
FFFFFB1B
FFFFFF9D
000002FC
FFFFFDC2
00000153
FFFFFB78
FFFFFC9F
00000056
00000192
FFFFFE1E
0000019F
00000197
00000657
FFFFFF2B
FFFFFF97
00000027
000003CD
FFFFFEDB
FFFFFB9B
00000479
FFFFFD10
00000247
FFFFFEC3
0000028D
000000B1
FFFFFBDF
000001D3
FFFFFFE3
FFFFFEF4
0000059D
FFFFFE44
000003DA
FFFFFFEF
000000B7
FFFFFC13
0000005D
0000006A
000002BC
00000015
FFFFFD69
FFFFFBF8
FFFFFDEC
000001E8
FFFFFE12
FFFFFAD3
FFFFFAC6
FFFFFD5D
FFFFFCA9
FFFFFE96
FFFFFE11
00000192
00000192
FFFFFF1D
FFFFFF2E
FFFFFA8E
FFFFFF5D
FFFFFCAB
FFFFFE75
FFFFFF81
000001F9
00000111
FFFFFC03
00000273
FFFFFF72
000000D9
00000281
0000016C
00000588
000001E2
FFFFFDC4
00000449
FFFFFDBD
000000E3
00000164
0000025D
00000414
FFFFFB12
FFFFFCD8
FFFFFFEB
00000030
000001B7
00000013
00000152
00000252
FFFFFE75
FFFFFE7D
FFFFFA99
FFFFFC00
FFFFFB4F
FFFFFB88
000000A3
000000DE
FFFFFBC9
0000045B
FFFFFCB9
FFFFFED2
FFFFFF4B
FFFFFECF
FFFFFBF1
00000129
00000197
FFFFFC45
0000001B
000006D7
00000039
FFFFFDF8
00000260
FFFFFD69
00000281
FFFFFF1E
0000022B
FFFFFF29
000000FA
FFFFFE32
FFFFFDAD
FFFFFEC1
FFFFFA5A
000005BE
FFFFFEA6
000003B4
FFFFFE22
00000004
FFFFFCD5
000003BA
0000037F
000000B7
00000038
00000444
0000035A
FFFFFED3
00000489
0000018A
FFFFFEF0
00000114
000000F6
000002CF
FFFFFBC0
FFFFFDAC
FFFFFF8E
FFFFFC5F
FFFFFCF4
000003C9
000000CD
000000C0
000001C6
00000345
FFFFFED4
000001B8
FFFFFF1D
00000137
00000119
FFFFFC61
FFFFFF0F
000000A9
0000040B
FFFFFFE9
FFFFFC03
0000026E
FFFFFF35
FFFFFDEB
FFFFFD87
FFFFFF7F
00000024
00000090
00000007
FFFFFF6C
FFFFFE13
00000379
FFFFFECC
0000001E
FFFFFF0F
FFFFFF7F
0000003A
0000035D
0000034B
FFFFFF26
0000000D
00000342
00000262
000001ED
FFFFFE7E
FFFFFEC9
FFFFFCFD
00000000
0000001A
FFFFFCBA
FFFFFF0E
000000B2
FFFFFC70
0000016B
FFFFFD70
00000111
0000004D
FFFFFF1D
0000015F
00000481
000002BA
0000027E
FFFFFC59
00000284
000002E6
FFFFFED7
FFFFFC46
000003FE
FFFFFF95
FFFFFF94
FFFFFEAB
0000012C
000001EC
FFFFFDA2
FFFFFF12
FFFFFDCF
FFFFFE39
00000232
FFFFFDB1
0000023E
0000020E
FFFFFFEC
00000334
FFFFFDF6
FFFFFFB9
000003E4
00000168
00000541
000000B3
00000552
00000143
00000056
FFFFFEF4
00000211
000001CD
000002AA
FFFFFE04
FFFFFCA9
FFFFF90B
FFFFFE4C
FFFFFD0C
FFFFFA7C
000000AA
FFFFFCB3
0000025C
00000144
000001C4
FFFFFF97
FFFFFDBC
FFFFFE7E
000002E5
00000214
00000067
FFFFFFE9
00000198
FFFFFEDC
000001E3
00000097
00000008
FFFFFECB
00000178
FFFFFCDB
FFFFFFAA
00000279
FFFFFC37
0000016C
0000024B
000000E0
FFFFFE2A
FFFFFB3E
FFFFFCF7
0000011D
FFFFFB7D
FFFFFD14
FFFFFB43
00000325
000000C9
FFFFFB24
00000121
FFFFFD07
000002B5
000002A6
0000045B
0000011D
FFFFFC89
FFFFFC55
00000428
FFFFFE38
FFFFFFF4
000000D9
0000004B
0000005A
0000019C
0000045C
000001AC
FFFFFFE5
00000252
000001BC
FFFFFE19
0000012B
000004A6
FFFFFCBB
000001F7
0000025C
FFFFFF29
0000024E
FFFFFDD9
00000092
FFFFFF00
000002D6
00000320
000001CD
FFFFF9DA
FFFFFD15
000002FB
FFFFFFFF
00000247
00000114
FFFFFC18
FFFFF837
FFFFFCBC
FFFFFC69
FFFFFCCB
0000046D
FFFFFE0D
FFFFFC71
000000C8
FFFFFAD5
FFFFFFCD
FFFFFEEB
00000091
0000044F
000002D4
FFFFFF49
000003B2
000001BD
0000058F
FFFFFFB0
FFFFFF1E
00000324
00000365
00000153
FFFFFD1C
FFFFFF65
FFFFFE29
FFFFFF2D
FFFFFC09
FFFFFD68
FFFFFDA6
FFFFFD36
0000065A
FFFFFE1E
FFFFFE12
00000371
0000052F
0000053A
FFFFFAE8
FFFFFF90
FFFFFA3D
0000019A
000000ED
000000C1
FFFFFE06
000003CF
FFFFFBA0
FFFFFE00
00000108
FFFFFE00
FFFFFBAD
00000217
FFFFFDB2
FFFFFEC9
FFFFFEF8
000001AD
000001F1
FFFFF992
000002A5
FFFFFD8F
FFFFFCB7
FFFFFEA6
FFFFFAF0
FFFFFC1D
0000026B
000005DC
000000A0
00000458
00000024
FFFFFDD8
FFFFFFF4
00000197
00000197
FFFFFFE2
FFFFFF42
FFFFFBB6
00000129
00000008
FFFFFD03
00000185
0000034F
FFFFFDA4
0000005B
FFFFFCD7
000003B0
FFFFFAD0
FFFFFF20
00000095
000002DC
FFFFFE49
FFFFFFFE
0000006F
FFFFFF00
FFFFFDC7
FFFFFEBD
0000008A
00000040
FFFFFC56
FFFFFD16
FFFFFFD2
00000004
FFFFFFA8
FFFFFFDF
FFFFFF4C
0000001E
000001B3
000003D2
00000125
FFFFFCCF
00000481
FFFFFD3C
FFFFFDC6
00000043
FFFFFF3C
00000392
00000470
FFFFFD2D
FFFFFF3B
000003CF
00000687
00000075
FFFFFFB6
FFFFFC05
0000009A
FFFFFF11
FFFFFC96
000005D9
FFFFFF6F
FFFFFFA5
00000002
FFFFFE90
FFFFFF55
0000033C
00000404
FFFFFD7E
0000016E
000001D6
FFFFFAFF
FFFFFC60
FFFFFD88
00000175
FFFFFD06
FFFFFA9F
000003DA
FFFFFDB5
FFFFFA74
FFFFFC4F
00000580
00000056
FFFFFC1E
000005B0
FFFFFF5F
FFFFFF8D
FFFFFF4D
0000049B
FFFFFE2F
FFFFFDD8
0000021B
FFFFFCDC
000003C1
000001A2
FFFFFFCF
FFFFFC17
FFFFFD50
FFFFFF31
FFFFFB78
FFFFFD71
000004F3
FFFFFE51
0000028E
FFFFFCC5
0000006D
FFFFFB3F
00000120
00000228
FFFFFAFA
FFFFFC96
FFFFFCBE
00000004
FFFFFFFA
FFFFFE95
00000145
FFFFFCB6
00000128
FFFFFAC8
00000178
FFFFFE3A
00000400
000001AD
FFFFFEE8
FFFFFABE
FFFFFFED
FFFFFDF1
FFFFFD53
000004A2
FFFFFA9F
FFFFFC21
00000239
000000B8
000002B0
0000038B
000002A9
FFFFFA67
FFFFFBE0
FFFFFD29
FFFFFDCF
00000340
FFFFFCEA
FFFFFFFA
0000015F
000004C6
FFFFFE47
FFFFFC06
0000026C
FFFFFD5B
FFFFFE0E
00000420
000003F0
FFFFFC98
00000030
00000161
0000033C
0000000A
FFFFFF6C
FFFFFE66
0000047A
00000138
000002EC
FFFFFD40
000004C1
FFFFFF22
0000059D
FFFFFDC8
0000041D
00000381
FFFFFD59
000000C7
000000B5
FFFFFE8D
FFFFFB9B
FFFFFB8E
0000045B
00000166
0000021E
0000007E
00000017
FFFFFC8C
0000007F
00000522
00000296
00000243
FFFFFE44
FFFFFD78
FFFFFE9E
FFFFFBBE
FFFFFB83
FFFFFDA9
FFFFFD8C
FFFFFA21
FFFFFDB7
0000024B
000001C4
000002D5
0000018A
FFFFFA7A
00000138
FFFFFDDA
FFFFFF03
FFFFFFED
000000A0
FFFFFE01
FFFFFD5D
FFFFFFA2
00000684
00000390
00000022
FFFFFFD6
000000EC
FFFFFECA
FFFFFE19
FFFFFB63
00000016
FFFFFB32
000001D0
FFFFFE82
000000C3
0000035B
FFFFFFD4
FFFFFC82
FFFFFF32
FFFFFFCD
00000147
00000090
000001F1
000000B6
00000142
0000035C
0000068B
0000027B
FFFFFD08
000001A9
FFFFF9AC
FFFFFB4A
FFFFFF57
FFFFFDFB
0000006D
FFFFFA09
FFFFFBE3
000000EC
0000002F
FFFFFA2D
FFFFF825
FFFFFF3E
000001A4
000002D8
0000003E
0000004B
00000010
FFFFFE63
000001DF
00000050
00000069
FFFFFEB0
FFFFF9BA
FFFFFE58
FFFFFCF7
FFFFFD49
000001B0
FFFFFF56
FFFFF998
FFFFFC9E
00000195
FFFFFE6E
000003F5
0000007E
00000333
000003AF
FFFFFC61
FFFFFA86
000000F5
FFFFFD06
0000030C
FFFFFF52
00000274
FFFFFECD
000003EC
FFFFFF33
00000033
00000357
00000669
000002CF
FFFFFEC0
000000D2
00000100
FFFFFFCF
0000034C
FFFFFF4F
000000E6
FFFFFE4B
0000003B
000000F4
00000224
0000007C
00000553
00000101
00000489
00000615
FFFFFC44
00000501
00000778
FFFFFE8C
FFFFFFD9
0000012B
FFFFFCF2
FFFFFBBA
0000016E
FFFFFD80
FFFFFFCC
000003E0
0000031D
FFFFFCBF
FFFFFC55
0000041D
00000074
0000037E
FFFFFE20
FFFFFE2F
00000317
FFFFFEB0
FFFFFCA1
FFFFFCC5
00000097
FFFFFF5F
00000396
00000393
FFFFFD86
000003FD
000002E7
00000469
0000048A
0000001A
FFFFFCE5
FFFFFC27
00000259
FFFFFC99
FFFFFFB4
FFFFFFDD
FFFFFD4E
0000047A
FFFFFC14
FFFFFAE2
FFFFFD7C
000000D2
0000001C
FFFFFBA7
0000033D
000002F3
000001D7
FFFFFEF8
00000149
000003E3
FFFFFB61
FFFFFD78
00000318
00000356
FFFFFF86
FFFFFE5F
FFFFFA6D
00000233
000000CF
0000014C
00000000
0000005C
0000011E
FFFFFD7F
0000042F
00000044
00000210
0000040C
00000340
0000048C
00000062
FFFFFBD8
FFFFF6D1
FFFFFF60
000001B5
FFFFF870
00000103
00000314
FFFFFE83
00000209
FFFFFF6D
FFFFFD93
FFFFFE06
FFFFFC80
0000005F
FFFFFFD1
FFFFF81C
FFFFFB41
FFFFFD60
FFFFFDCA
FFFFFD1D
FFFFF809
FFFFF936
FFFFFD50
FFFFFAF6
FFFFFD34
FFFFFC0A
FFFFFEBD
FFFFFD7E
FFFFFB3F
FFFFFB7A
000002FF
FFFFFF30
FFFFFF7F
FFFFFCCB
FFFFFE37
FFFFFC8D
FFFFFE5F
000005AE
00000145
000004DC
0000036A
00000494
000003B4
000000D9
0000031F
00000219
FFFFFDB7
FFFFFC31
FFFFFB3D
FFFFFDA8
00000199
FFFFFD19
0000043B
000001C8
FFFFFC95
FFFFFA08
0000011D
FFFFFFBB
00000194
FFFFFF09
FFFFFCDF
000003CB
0000003C
FFFFFBD7
FFFFFEEB
000000E6
000001B7
FFFFFC01
0000023A
FFFFFF8B
FFFFFAB7
FFFFFFD9
FFFFFF35
FFFFFEDA
00000102
000005C4
FFFFFDB5
FFFFFF17
FFFFFFEF
FFFFFF46
FFFFFFE5
000001DD
FFFFFEE2
FFFFFF3D
0000002B
FFFFFCE6
000003CF
FFFFFD6A
00000156
00000334
0000008D
FFFFFEA0
FFFFFF12
FFFFFD99
000000D3
FFFFFC2F
000001E9
FFFFFBAA
FFFFFE9C
FFFFFCBE
00000120
FFFFFFDD
000003F3
FFFFFA7F
FFFFFEA1
000000B6
FFFFFE2A
00000104
0000054D
000004CE
000005CD
FFFFFF4B
0000048C
000004A9
00000685
0000041A
0000005E
0000043B
000002E5
000001B2
FFFFFED8
000002D7
00000541
000003F2
0000026E
FFFFFEA5
00000057
FFFFFD35
0000000A
FFFFFDC7
FFFFFF38
FFFFF7B6
FFFFFDFA
FFFFFCC5
FFFFFBB8
00000590
FFFFF8A9
FFFFFFA8
00000043
FFFFFE59
FFFFFC05
FFFFFF84
FFFFFF46
FFFFFD3D
00000185
FFFFF802
FFFFFA5A
000001EA
FFFFFC2C
FFFFFF51
FFFFFD64
00000104
FFFFFEA8
FFFFFD93
FFFFFC31
FFFFFE69
000002D3
000000D3
FFFFFFF8
00000136
0000010F
00000340
FFFFFE86
0000023E
0000039C
FFFFFEBC
000001E7
0000022A
000004FF
00000286
FFFFFE3C
00000030
FFFFFFF5
00000435
00000034
FFFFFF14
FFFFFFEC
FFFFFDC4
0000011F
00000027
0000010E
00000227
FFFFFFBF
FFFFFD7A
FFFFFF61
000004CD
FFFFFE58
FFFFFE17
000001FB
FFFFFCEB
FFFFFE29
FFFFFFFD
0000008F
FFFFFEC5
FFFFFCCE
FFFFFF71
FFFFFFA4
000001EE
0000037D
FFFFFED8
00000206
FFFFFF90
000003C0
0000024E
00000376
00000363
000003AF
FFFFFD56
FFFFFC70
FFFFFC95
00000026
00000043
FFFFFD97
00000166
000000BB
00000034
FFFFFF4D
FFFFFE52
FFFFFFE1
FFFFFFCA
00000426
0000043B
0000029C
0000022D
00000106
FFFFFBA0
FFFFFEF0
00000142
FFFFFF89
FFFFFF84
FFFFFFD9
FFFFFE23
FFFFFE33
0000005D
00000477
FFFFFFE6
000002B0
00000332
0000015D
FFFFFFFC
0000033D
000001CE
00000414
FFFFFCD6
00000254
00000110
FFFFFFC3
000002FD
FFFFFE9D
FFFFFD24
0000014C
000003A6
000000A7
00000150
FFFFFEF3
FFFFFF07
FFFFFF9D
000001C9
00000459
00000674
FFFFFFA0
FFFFFC0F
FFFFFFB4
FFFFFDA0
000002C3
FFFFFF4F
0000010F
FFFFFEBE
000001A4
FFFFFFCF
FFFFFF70
FFFFFEB2
00000139
000002AC
0000017C
00000217
FFFFFFE2
0000019F
FFFFFDC6
000004B8
000002C1
FFFFFFDA
0000032A
00000018
FFFFFF60
000001FA
FFFFFFBA
00000293
FFFFFED3
FFFFFC52
00000351
0000042B
0000004E
00000182
FFFFFD43
FFFFFCA1
FFFFFE65
FFFFFD20
000001F0
00000328
00000380
00000171
0000036D
FFFFFFE8
FFFFFDC0
FFFFFDCB
0000017E
00000208
000003A2
000000E4
000000FC
00000028
000001D0
000002DC
FFFFFFE6
FFFFFDB7
00000431
FFFFFD6C
000002F2
FFFFFCFC
FFFFFE76
000000B1
FFFFFDA3
FFFFFE1D
FFFFFEDC
00000165
FFFFFCFC
FFFFFBD2
FFFFFC71
00000104
FFFFFE96
FFFFFB81
FFFFFC2F
FFFFFF01
FFFFFD2A
FFFFFDC7
0000021A
FFFFFEF9
00000166
000001FD
FFFFFF36
00000318
FFFFFE93
FFFFFE14
FFFFFE39
000000B4
FFFFFFA4
00000104
FFFFFE88
FFFFFE11
000000DF
00000333
0000044E
0000024D
00000075
0000032B
FFFFFE71
FFFFFFB4
000000DE
00000277
FFFFFF6F
FFFFFE3E
FFFFFD78
FFFFFDDC
FFFFFB78
0000012A
FFFFFFE1
FFFFFBAE
FFFFFF99
FFFFFD75
FFFFFEF5
0000014B
FFFFFDED
FFFFFDF3
FFFFFD75
FFFFFDED
FFFFFD19
00000082
FFFFFC57
FFFFFF7F
00000229
FFFFFDD4
FFFFFE68
FFFFFD62
0000027B
FFFFFF40
FFFFFD21
FFFFFFD2
00000041
000000A9
FFFFFEC9
FFFFFC06
FFFFFCCB
FFFFFF78
0000004B
FFFFFAC6
FFFFFF22
FFFFFFD9
0000012F
FFFFFFF2
FFFFFE26
FFFFFF70
0000027B
00000207
FFFFFD1A
00000120
00000290
000003D3
000007A8
00000289
00000520
000003BE
000004DE
0000033B
0000023F
000004A7
000004AA
00000208
000001DD
00000435
000006E6
00000581
0000046E
0000031C
000001E4
FFFFFEFA
000001B5
FFFFFF2D
000000EB
0000024C
FFFFFE40
FFFFFEE8
FFFFFF21
FFFFFEE6
FFFFFD98
FFFFFD02
0000016E
FFFFFFD0
FFFFFE0D
00000150
FFFFFD5A
FFFFFFD2
FFFFF984
FFFFFA43
00000082
FFFFFC97
0000014C
FFFFFA9D
FFFFFDE7
000000D2
FFFFFE8B
FFFFFF63
FFFFFF48
FFFFFB69
00000189
FFFFFE6C
FFFFFD11
00000111
FFFFFD09
00000365
FFFFFFD0
00000254
FFFFFC4B
00000258
000002D3
FFFFFF1B
FFFFFF4E
FFFFFCEB
0000017D
000001CC
000003FA
00000107
00000466
00000364
00000029
00000446
00000176
000003DE
000004A6
00000474
FFFFFECE
FFFFFE13
00000590
00000355
00000122
000003AA
FFFFFA6C
0000003B
FFFFFFB0
FFFFFEEC
FFFFFDE1
FFFFFCFD
FFFFFD77
FFFFFAA5
0000006C
00000191
00000476
000001AC
00000159
FFFFFFC1
FFFFFE6E
0000048F
0000034A
FFFFFDBA
0000015E
0000050F
0000047F
000001C0
000001B7
00000230
00000325
00000219
0000058A
FFFFFD2F
FFFFFDF5
FFFFFE4D
00000359
00000352
FFFFFE09
000002DE
FFFFFE1C
000000AA
0000000C
FFFFFE21
FFFFFDFE
0000004D
000002B9
FFFFFF57
FFFFFFAE
000000FF
000001D0
FFFFFDA1
FFFFFEBC
0000010A
00000161
FFFFFB11
FFFFFEC6
000000B2
FFFFFD7F
FFFFFFCB
00000039
00000101
FFFFFF37
FFFFFFDC
FFFFFFD7
0000006E
FFFFFB38
FFFFFB08
00000299
FFFFFD36
00000269
FFFFFCD9
FFFFFFFD
00000083
00000087
00000166
FFFFFFD4
FFFFFEEC
0000010A
FFFFFFA4
000001A8
00000483
00000134
00000266
FFFFFE6A
00000003
00000087
FFFFFDA7
FFFFFFE4
000004B1
000001EB
FFFFFE0F
00000101
FFFFFB97
FFFFFCAE
000001FB
0000006D
000004D7
FFFFFE51
FFFFFFE7
0000063B
FFFFFF3E
FFFFFF70
00000082
00000170
FFFFFCED
0000007D
00000034
FFFFFA90
FFFFFCE0
0000019C
FFFFFC51
FFFFFF06
FFFFFC9B
FFFFFCA1
FFFFFF78
FFFFFF65
FFFFFEDE
00000195
FFFFFD26
FFFFFB4C
0000014F
FFFFFE8F
FFFFFE6C
FFFFFFD1
FFFFFDD1
FFFFFE6F
FFFFFCC5
FFFFFD06
00000279
00000112
FFFFFDA0
FFFFFED1
00000462
000005B5
0000024D
000005A7
FFFFFEDA
00000190
FFFFFF3F
0000029C
FFFFFFEA
FFFFFD17
00000263
FFFFFE22
00000069
000001F1
00000109
00000081
00000256
00000273
00000110
FFFFFDB5
FFFFFFCF
FFFFFCB7
FFFFFCB6
000003B3
000002D2
00000203
00000247
FFFFFE52
00000346
00000249
000000A0
00000034
00000385
000003D9
000005F0
FFFFFD06
FFFFFD43
FFFFFD2C
0000018A
FFFFFF1D
FFFFFF2B
FFFFFDD7
FFFFFE95
FFFFFE0D
FFFFFFEB
000002DF
FFFFFEA1
00000066
00000164
00000110
000002AD
000000A9
0000036A
00000160
FFFFFF6A
FFFFFD62
FFFFFEB8
0000030B
FFFFFE2D
FFFFFDC7
00000204
000000C4
000002BA
000002AA
000000F9
00000134
000002E1
FFFFFB5C
000000D9
000001EC
FFFFFB55
FFFFFF69
0000015B
0000031D
000003AD
0000042D
FFFFFDC4
000003BA
0000055E
00000103
000000D3
FFFFFE54
FFFFFC5F
000003DE
FFFFFD0E
00000279
00000102
FFFFFE22
FFFFFF17
FFFFFD56
FFFFFF9D
FFFFFCDF
000002AE
FFFFFE58
FFFFFE4E
0000039F
FFFFFEBD
FFFFFDF3
FFFFFBE4
00000186
FFFFFF72
0000012C
FFFFFA3C
00000276
FFFFFFCE
FFFFFED0
00000088
FFFFFBAF
FFFFFC6A
FFFFFF86
FFFFFF9E
000001A4
0000001A
FFFFFCD7
FFFFFC26
FFFFFC7F
000000AD
FFFFFBA9
FFFFFDF3
FFFFFD9E
FFFFFAB4
FFFFFF24
FFFFFE86
FFFFFF04
FFFFFDCA
FFFFFFF3
FFFFFF5A
0000026B
00000214
000003CF
00000314
00000450
0000018C
000002D0
0000002E
000002CE
0000008F
FFFFFCB4
00000178
000000E1
00000173
FFFFFD5D
00000299
FFFFFEEF
FFFFFE2D
FFFFFEAD
000000B3
FFFFFDB3
000003B9
000001DC
000002FF
FFFFFF57
FFFFFC3C
FFFFFD66
FFFFFE6F
FFFFFD88
FFFFFF59
0000000B
FFFFFCFE
FFFFFDB7
000000F4
000000A3
000000DF
FFFFFF7F
000001AA
00000150
0000015E
FFFFFDC8
00000168
FFFFFF98
FFFFFF00
00000070
00000013
00000127
000000C7
00000469
FFFFFCFF
FFFFFE6A
FFFFFCA4
FFFFFF8B
0000014A
000000E5
00000123
000001D4
FFFFFE4C
000003A9
FFFFFD39
0000004B
FFFFFD9C
FFFFFE8D
FFFFFD26
FFFFFEB2
FFFFFF27
000002EE
FFFFFF3F
00000102
FFFFFEEE
000002C0
000001A5
00000184
FFFFFF39
00000129
FFFFFEEB
00000062
00000361
FFFFFF9B
0000003F
0000025E
00000099
FFFFFEAD
FFFFFF28
FFFFFD14
0000010E
FFFFF9C3
000000E8
00000324
00000009
FFFFFFFB
FFFFF9BA
FFFFFFAB
FFFFFD2E
0000036E
000000D3
0000006B
FFFFFF78
00000263
000001E7
FFFFFEB9
000000D1
00000168
00000044
00000503
FFFFFDDF
00000045
FFFFFE3C
00000074
FFFFFFAC
00000385
FFFFFD12
00000031
0000041E
FFFFFD2C
FFFFFE23
FFFFFE96
FFFFFC9C
FFFFFE02
FFFFFE3B
00000112
00000015
FFFFFE8A
00000166
0000033F
00000360
FFFFFFE6
000003AA
00000379
0000033B
000002DD
FFFFFEA8
FFFFFF6E
00000174
000003DC
000003DE
000002ED
00000247
00000190
FFFFFEDD
FFFFFC1E
FFFFFF4E
FFFFFB37
FFFFFA37
FFFFFD1B
FFFFFF76
00000216
000001BF
FFFFFEEB
00000269
FFFFFBBC
FFFFFEAF
FFFFFDE2
FFFFFF1C
FFFFFED7
00000184
FFFFFBF9
00000066
0000002F
000001DA
00000096
000000C8
FFFFFFD8
00000232
000000F2
FFFFFF4C
00000317
FFFFFF7C
0000038E
000001B9
FFFFFC71
0000008F
FFFFFE60
FFFFFA60
FFFFFEA8
00000072
00000297
00000625
0000008D
0000018A
0000026A
000000B5
00000337
000000D9
00000150
000001FE
00000040
000003FA
000001BF
FFFFFFE3
0000017C
00000225
FFFFFDC3
FFFFFFBF
00000136
0000031B
000000D5
000002BB
000003BE
00000417
000001A0
00000167
000001A5
00000065
FFFFFF8D
FFFFFF45
000001DD
FFFFFD0E
FFFFFE15
0000038B
00000191
FFFFFC2D
FFFFFD5D
FFFFFE46
FFFFFDB7
0000034E
0000008D
0000024F
0000012C
FFFFFED2
00000243
FFFFFE09
0000024A
0000009C
00000184
00000106
FFFFFDB4
FFFFFC30
FFFFFAF9
00000002
FFFFFEFC
FFFFFF46
FFFFFEEC
0000008B
FFFFFEE3
FFFFFD05
0000027D
000000B2
FFFFFF7B
000003DE
FFFFFE1B
00000151
FFFFFECD
000000E1
0000016B
FFFFFE7D
000000C2
0000027C
0000017E
000000ED
0000034A
FFFFFE3A
00000297
000002EF
FFFFFEB0
FFFFFFE0
00000134
000003BB
000003DD
00000124
00000195
000002CF
FFFFFEE2
0000010C
FFFFFE09
0000024F
FFFFFE6F
FFFFFF1E
000002B1
FFFFFD01
000002AC
FFFFFF3D
00000117
FFFFFEA3
00000408
0000042F
00000320
FFFFFD91
FFFFFE25
FFFFFFF6
FFFFFD3B
00000085
FFFFFE8F
FFFFFD26
FFFFFF5F
FFFFFC26
FFFFFF79
000000BF
0000003F
FFFFFE09
00000275
00000220
00000066
FFFFFEED
FFFFFEBD
00000190
000001CB
000000EA
FFFFFE5A
000004B9
00000301
FFFFFFC1
000004B0
FFFFFEC6
00000321
000003EB
00000398
00000035
00000120
0000001B
0000015D
00000257
FFFFFF31
FFFFFC7B
000001C6
00000229
000001D8
00000067
00000002
FFFFFF7E
FFFFFD2B
00000147
00000297
000002B1
00000050
000004F7
00000374
FFFFFF90
000000F2
0000006D
00000320
FFFFFF52
FFFFFF4C
FFFFFC4B
FFFFFFD6
FFFFFF6F
FFFFFD35
0000012C
FFFFFDFC
00000245
000000FD
000001D8
00000039
FFFFFBC2
FFFFFF88
FFFFFFC9
FFFFFEF5
00000198
FFFFFE0D
00000103
FFFFFEAB
000001E3
00000211
000000B2
0000024B
FFFFFD94
FFFFFE36
FFFFFF8E
FFFFFAEE
FFFFFEAE
FFFFFCFF
FFFFFE70
FFFFFFEE
0000003E
FFFFFCDE
00000386
FFFFFC28
FFFFFD9D
FFFFFC12
FFFFFC30
FFFFFF9C
FFFFFED5
FFFFFCE2
000001A1
000001DA
000001B3
FFFFFF06
00000149
000001DC
00000048
FFFFFDA5
FFFFFE44
00000192
FFFFFD4B
FFFFFFC0
FFFFFF91
00000191
FFFFFBEF
FFFFFEC1
0000001C
FFFFFD4E
FFFFFE91
FFFFFEF1
FFFFFE40
FFFFFF91
000001A3
FFFFFEBA
FFFFFE6A
FFFFFF31
FFFFFEA6
00000047
FFFFFD00
FFFFFF75
FFFFFE73
FFFFFF5D
00000608
00000343
00000174
0000033F
FFFFFF4C
00000217
00000474
000000AD
000002F7
00000041
0000000F
00000123
000000D2
00000336
00000161
000003F6
FFFFFC14
FFFFF979
FFFFFB3E
FFFFFC66
0000003A
FFFFFC45
FFFFFB7F
FFFFFAC8
FFFFFFDB
FFFFFE07
0000031A
FFFFFEFD
FFFFFF17
FFFFFF44
00000151
FFFFFE79
FFFFFD9C
FFFFFF22
FFFFFFDC
FFFFFC18
FFFFFCBB
FFFFFC1D
0000001C
FFFFFF4E
FFFFFB2E
000001C4
FFFFFFAE
000002E8
00000335
000001EE
FFFFFDBB
FFFFFFD4
FFFFFDAB
000001B9
FFFFFF06
FFFFFE37
FFFFFCE0
FFFFFD0C
000001A5
FFFFFD4F
FFFFFBCC
FFFFFD71
FFFFFEC0
0000007F
000001CD
00000066
000002B7
FFFFFD75
0000034B
FFFFFEE7
00000261
000000B7
000002F5
FFFFFEA1
0000040D
0000022F
000003FA
00000054
FFFFFED0
0000058C
0000028D
FFFFFF3D
000001D4
FFFFFE75
FFFFFE3A
FFFFFEC1
0000020E
000001A9
00000286
FFFFFD72
FFFFFEF1
FFFFFE4D
FFFFFCF2
FFFFFE3B
000002AE
FFFFFC1E
00000093
FFFFFEE9
00000024
000001CC
FFFFFCED
FFFFFBB3
FFFFFD55
FFFFFD3C
FFFFFEA6
00000135
FFFFFE96
FFFFFEF7
000001C5
00000162
00000117
FFFFFDE8
FFFFFF5E
00000259
000001DC
FFFFFF5E
000002F8
000003DE
FFFFFDDD
FFFFFDDF
000000F0
000000C6
FFFFFD53
00000037
FFFFFE15
0000000F
00000051
FFFFFA59
00000085
00000010
000003CC
FFFFFF3F
FFFFFF55
00000346
FFFFFF25
FFFFFE69
FFFFFF4A
FFFFFE69
00000167
FFFFFEDB
FFFFFF9D
FFFFFEC1
FFFFFDB9
00000060
00000090
00000286
00000236
00000527
00000119
FFFFFCB0
FFFFFE6F
FFFFFBD3
FFFFFFF9
0000026F
FFFFFE50
FFFFFE44
FFFFFE56
FFFFFE20
000000DD
00000227
000002C7
0000015C
0000022C
0000009A
0000030E
00000068
0000024B
0000067D
FFFFFFB8
00000889
00000120
FFFFFE0A
0000068F
0000009A
0000004B
0000018F
FFFFFE4D
FFFFFCB2
000001F2
000000B1
00000104
00000063
FFFFFAED
FFFFFCDA
FFFFF9C1
FFFFF8A7
000003E7
FFFFFE34
000001BB
00000128
00000246
00000172
FFFFFD8D
FFFFFEBB
00000217
FFFFF81D
FFFFFBD5
0000055C
FFFFFC4C
FFFFFBA3
0000048E
FFFFFF0F
000000F9
FFFFFCB1
FFFFFFA8
00000095
0000064D
000002F4
0000009C
0000009D
FFFFFFCC
FFFFFF9E
FFFFFF17
00000102
FFFFFC97
FFFFFCA2
FFFFF838
FFFFFC62
000002B2
FFFFFB9F
000003D2
0000000A
00000346
000004CB
FFFFFA42
00000298
000003D4
000001A9
FFFFFAD2
FFFFFE5A
FFFFFF03
FFFFFC48
FFFFFEB6
FFFFFE32
0000001F
FFFFFFF9
FFFFFF8D
0000039D
000001C2
FFFFFF16
00000267
FFFFFF74
00000032
FFFFFE03
FFFFFC44
FFFFFF84
FFFFFD23
000001B2
0000041B
0000044A
0000025B
000000DC
000005EF
FFFFFEAD
000004FE
FFFFFC50
00000200
000003CF
FFFFFA78
00000220
000001CB
0000034E
00000041
FFFFFDAE
0000027F
00000422
000001F0
FFFFFE97
000004FD
FFFFFA1F
00000444
00000203
FFFFFAE5
000000F8
000003AF
FFFFFCA9
000000B1
FFFFFBF2
FFFFFD70
000004F6
00000618
000002C4
FFFFFBF9
FFFFFC7A
0000023F
FFFFFB9A
0000039B
FFFFFEA9
FFFFFEA3
FFFFFC8D
FFFFFDC9
0000020B
FFFFFC78
FFFFFAED
FFFFFD45
FFFFFEB5
FFFFFE8E
000002D9
FFFFFC0D
00000083
00000441
000002AD
00000382
00000123
FFFFFBC3
000003DA
000002CB
00000127
0000034C
00000358
FFFFFDF5
000001B5
00000351
000004AD
FFFFFDEB
00000119
FFFFFD0D
FFFFFF8E
FFFFFB20
FFFFFBDB
FFFFF8DB
00000307
0000007D
00000411
FFFFF8DC
000000A2
FFFFFA83
FFFFFC52
FFFFFE34
FFFFFFD5
0000030D
FFFFFE1F
FFFFFF02
00000369
000003A1
FFFFFFE6
FFFFFF24
000000E0
FFFFFD40
FFFFFEE4
000003F9
00000210
FFFFFF89
00000328
FFFFFE3D
0000008E
0000035E
00000357
FFFFFB65
FFFFFFD4
000008E6
00000047
FFFFFFCD
FFFFFCE1
FFFFFED9
FFFFFD11
00000120
FFFFFF20
FFFFFC12
000000EE
00000151
FFFFFBD8
FFFFFBF0
FFFFFB15
FFFFFF98
FFFFFD24
000000BD
00000173
FFFFFCAE
FFFFFC2C
FFFFFA8E
00000405
00000034
FFFFFA87
FFFFFE05
FFFFFB68
00000258
FFFFFCF3
FFFFFCD0
FFFFFE71
FFFFFF66
FFFFFAC4
FFFFFEFB
FFFFFDA4
00000200
00000120
FFFFFF80
FFFFFC79
0000031E
FFFFFF78
FFFFFEFC
FFFFFD8C
FFFFFCA5
00000800
FFFFFE3B
FFFFFF92
FFFFFBBE
FFFFFC37
FFFFFD43
00000193
0000002F
00000081
00000064
00000219
00000133
FFFFFE91
FFFFFDC3
FFFFFDBF
00000471
FFFFFB97
0000005E
00000443
000000E7
FFFFFF5C
000002FC
FFFFFD30
FFFFF9AA
FFFFFD25
000001F6
00000265
FFFFFD8E
FFFFFA14
00000215
FFFFFE8E
0000056A
FFFFFB79
FFFFFE7A
00000068
00000117
FFFFFCED
FFFFFFDA
FFFFFAEE
FFFFFAEB
FFFFFC6C
FFFFFA86
FFFFFB2F
FFFFFC6B
FFFFFFE3
000007A1
000004C9
FFFFF91E
FFFFFB44
00000107
00000126
000004A7
000000CD
00000012
FFFFFED9
00000286
0000037B
FFFFFFFE
0000021D
FFFFFA84
FFFFFEE0
FFFFFFAC
000000FE
0000001E
00000461
00000691
00000070
0000007B
FFFFFDA4
00000391
00000140
0000014F
FFFFFC4E
FFFFFD12
FFFFFED6
00000423
FFFFFED8
000002A4
FFFFFCA5
000001CE
000005D6
000000B0
FFFFFCFE
FFFFFD3E
FFFFFF16
FFFFFB75
FFFFFF29
FFFFFC51
000001E5
0000036A
FFFFFC88
FFFFFA56
00000073
FFFFFDCC
00000313
FFFFFF47
0000006D
FFFFFD06
0000053F
00000184
FFFFFD5C
FFFFFD21
FFFFFAEF
FFFFFDE2
000005A3
000001EA
FFFFFD46
FFFFFEC8
FFFFFF44
0000002A
000006B4
00000557
0000022A
0000008F
FFFFFC0F
FFFFFDA9
FFFFFA98
00000068
000001A4
FFFFFFE7
000001E9
FFFFFCBC
FFFFFFB7
000001CF
FFFFFF12
FFFFFB51
FFFFFB8B
000000EF
FFFFFDDA
000002F4
FFFFFDC9
0000029D
FFFFFE4E
FFFFFC7E
0000032E
00000393
FFFFFB7B
FFFFFF3D
00000197
FFFFFA3A
00000075
FFFFFE0D
000003AE
00000564
0000032B
000002B7
000000FF
000003C9
000004D8
00000120
000000B4
FFFFFEFC
FFFFFE16
FFFFFD8F
FFFFFE58
00000528
00000306
FFFFFEAD
FFFFFB0F
FFFFFF53
0000045A
00000167
00000300
FFFFFD4E
FFFFFFC9
000000AE
FFFFFF18
000002C6
00000419
FFFFFF39
00000523
FFFFFECB
00000558
FFFFFDCF
000005B4
000002A8
FFFFFF88
00000010
0000008E
FFFFF7F5
FFFFFF98
FFFFFA04
FFFFFAB0
FFFFFDCE
FFFFFBEF
00000096
FFFFFF88
FFFFFF08
FFFFFE81
000001C5
000000C1
00000251
000000DC
FFFFFE30
000001D7
FFFFFAC8
0000045D
00000070
000002AA
FFFFFD4A
FFFFFC9D
FFFFFF21
00000434
FFFFFC85
000001B4
FFFFFA7B
FFFFFE7A
000000E2
FFFFFA3C
FFFFFF89
FFFFFD08
FFFFFC99
FFFFFEB8
FFFFFE63
FFFFFABC
FFFFFA1A
000000BB
00000277
FFFFFD80
FFFFFAB5
FFFFFEF7
0000012F
FFFFFF77
FFFFFC91
00000441
0000033E
FFFFFEF8
FFFFFE92
00000450
00000198
000003AA
0000030E
FFFFFE60
FFFFFF18
00000067
000004A4
00000462
000000BA
000004D0
FFFFFF7E
00000465
000001FA
000002B8
000006F9
000005EB
0000033B
00000710
00000788
FFFFFA44
000001C3
FFFFFC87
FFFFFAF5
FFFFFBCF
00000025
000003A0
00000102
00000003
0000058F
000003D4
00000082
FFFFFE20
FFFFFF0B
00000659
000003A3
FFFFFE20
00000810
0000024E
FFFFFD96
FFFFFF76
FFFFFEBA
00000163
0000084A
0000056C
0000003B
000005E8
FFFFFFA0
000004AB
FFFFFB13
FFFFFE8C
FFFFF8CB
000003F6
000002B0
FFFFFBEC
0000025C
00000015
FFFFFFB0
FFFFFC56
FFFFFEC3
0000014C
00000030
000002C7
0000013A
FFFFFCF8
0000058C
FFFFFD85
FFFFFEDA
FFFFFF35
00000230
FFFFFD0F
FFFFFE20
000002C4
00000636
00000298
FFFFFFD7
0000013B
FFFFFE1F
00000019
000000BA
000001B2
FFFFFD24
FFFFFDCC
FFFFFC96
FFFFFE09
FFFFFD8B
00000000
FFFFFE9E
00000078
000004A4
00000600
FFFFFE66
FFFFF5B8
FFFFFC84
00000147
FFFFF981
FFFFFCE6
FFFFFCD8
00000100
000001C3
00000388
FFFFFEB1
00000348
000002E6
FFFFFD61
000006F5
FFFFFBAE
FFFFFD5D
FFFFFF4D
FFFFFCA6
FFFFFF37
FFFFFFAC
0000015C
00000735
00000177
FFFFFEAF
00000329
000003E7
FFFFFD2E
0000004D
FFFFFB75
FFFFFB98
00000130
FFFFFA68
0000032C
00000075
FFFFF6CD
FFFFF714
000004C2
FFFFF9A2
0000027F
000000B6
FFFFFF25
0000045C
000002B1
FFFFF8D9
000006BB
FFFFFDA0
FFFFFE34
FFFFFE92
00000476
FFFFFD23
00000393
00000434
FFFFFC9F
00000225
000001A9
FFFFFB42
FFFFFF8B
FFFFFE42
FFFFFB2B
FFFFFAAA
00000700
000001D1
00000113
FFFFFFE9
FFFFFA76
00000045
000003B6
0000040A
FFFFFD72
FFFFF6F3
FFFFFD52
FFFFF6FD
00000269
00000825
00000348
000002AD
00000482
000004F5
FFFFFD31
00000004
00000280
FFFFFB59
FFFFFF9B
FFFFFB38
FFFFF90E
FFFFFF61
FFFFF860
FFFFFC0A
FFFFFD25
FFFFFA97
FFFFFC1B
FFFFF525
FFFFFED9
000001D3
FFFFF606
FFFFFE46
000001E6
FFFFFAF2
000000BD
FFFFFCAD
000003B5
00000182
00000182
000001FA
0000036D
0000002D
FFFFFCAC
000000E8
0000062A
00000597
FFFFFFAB
000005FF
0000014E
00000453
00000177
0000049A
00000294
FFFFFDE4
FFFFFB78
0000032B
FFFFFE20
00000436
FFFFFBE6
00000177
0000033D
000001BC
00000830
FFFFFEC9
000003A7
FFFFFCC7
FFFFF3D8
000000AC
00000CCE
0000038A
000004F3
FFFFFCD7
FFFFFBEB
000003A0
FFFFFCBA
000000F1
0000063C
00000031
FFFFFCB4
FFFFFC2B
000004E0
FFFFFECF
FFFFFFA5
FFFFFE63
00000852
FFFFFFE2
FFFFFD49
FFFFFE78
00000221
FFFFFA0E
000001F4
FFFFF9A6
00000292
000000A0
FFFFFA44
FFFFFC4B
FFFFFF50
0000040C
FFFFFFC3
FFFFFF73
FFFFFD12
000004D6
00000101
000004EC
0000011D
FFFFF9FB
FFFFFB69
00000175
FFFFF8A4
FFFFF988
FFFFFB2D
000005B8
FFFFFF00
FFFFFDCF
FFFFFA96
FFFFFC93
FFFFFADD
FFFFFA2B
00000008
0000052A
00000DE4
FFFFFC4F
FFFFF493
FFFFF753
0000051A
000003E1
FFFFF90A
FFFFFD01
FFFFFDB6
0000011F
FFFFFE52
FFFFFD46
FFFFFDB0
FFFFFF29
FFFFFD88
FFFFFF17
FFFFFC97
000003DF
0000092A
00000332
FFFFF891
FFFFFF35
FFFFFFEF
000000C6
00000470
FFFFF72D
0000046A
FFFFFD79
00000324
FFFFFBC6
00000398
FFFFFABD
FFFFFC32
0000008F
000001C9
0000021D
00000227
0000058C
FFFFFCDA
000000E1
FFFFFF3E
FFFFFF54
00000188
FFFFF899
000001A3
0000013A
00000558
FFFFFB8C
FFFFFAD6
00000326
00000496
FFFFF97C
FFFFFD77
000000F1
00000815
0000017D
FFFFFAE0
FFFFFCAD
0000029A
FFFFFCDC
FFFFFFD0
FFFFFB75
FFFFFAF0
FFFFF91B
FFFFFC2E
000002C1
000000C7
FFFFFB2B
0000035E
00000035
000006E7
FFFFFBB8
000005AE
000002ED
FFFFFD28
FFFFFE20
FFFFFCA9
FFFFFDF7
FFFFFEDC
FFFFFB4F
00000013
FFFFFC46
FFFFFF24
000000EE
FFFFFA12
FFFFFE6B
00000814
0000029F
FFFFFB95
00000915
000007BC
FFFFFDD7
000000A2
00000150
00000078
FFFFFB3F
FFFFFCAD
000002BD
FFFFFE88
FFFFFFA1
0000024D
FFFFFB82
000003EE
FFFFFE04
000002CA
000005D6
00000245
FFFFFF26
0000014B
00000273
FFFFFCC2
000003CD
FFFFFE16
00000289
0000058B
00000316
000000C2
FFFFFD11
000002F5
0000052C
00000777
00000637
0000039C
0000035D
FFFFFFD9
FFFFFCF7
FFFFFBB3
00000763
FFFFFF38
FFFFFBA1
FFFFFD54
FFFFFFB7
0000041A
FFFFFD95
000004E7
000004CA
0000059B
FFFFFCE2
000003B0
0000043A
000003C3
000003DD
FFFFFF21
FFFFFFF7
FFFFFDAB
00000563
FFFFFA69
FFFFFD01
FFFFFD46
0000026C
FFFFFCAF
FFFFFFEF
FFFFFF49
FFFFFBB7
FFFFFC80
0000041E
FFFFFE72
0000012D
FFFFFB4E
FFFFFB97
000000AB
000003F6
FFFFFC4C
0000078B
FFFFFB4A
FFFFFECA
FFFFFE8D
00000128
FFFFFD12
00000497
FFFFF697
FFFFFA10
FFFFF761
FFFFFDB1
FFFFFE25
0000009C
00000430
FFFFFEC9
FFFFFDB0
000001CF
00000144
000000DE
FFFFFF99
FFFFFB9A
FFFFFE46
FFFFFD84
FFFFFF28
0000004C
FFFFFC01
FFFFFF4F
FFFFFAE0
FFFFFC2C
FFFFFC5E
00000451
00000402
000002D0
00000041
00000421
FFFFFCEE
0000004D
FFFFFC10
FFFFFA59
FFFFFF71
FFFFFD53
FFFFF996
000004BA
FFFFFF0C
FFFFFEE2
000001D9
00000638
000003E0
00000389
000005E5
00000214
0000034E
0000007C
0000030D
FFFFFC7F
FFFFFAB0
FFFFFA6E
00000270
0000045E
FFFFFC10
000005A7
0000075B
000005E0
FFFFFF1D
FFFFFB83
FFFFFB1E
000004DE
FFFFFBFA
00000294
FFFFFB31
00000218
FFFFFF4E
FFFFFC01
FFFFFF9F
000007F2
00000036
00000424
0000041C
00000219
0000069C
FFFFFE61
000005E8
000004BB
0000048E
00000402
FFFFFC1F
FFFFFFA6
00000599
FFFFF9A6
FFFFFF08
00000580
000004EA
FFFFFE64
00000547
FFFFFE9D
000002F2
00000341
00000409
FFFFFDDA
FFFFFDAF
FFFFFD2E
00000159
FFFFFE8D
FFFFFB53
00000164
FFFFFEFD
0000061E
FFFFFFC0
000004D2
FFFFFD3A
00000132
000002EC
00000101
00000005
FFFFFB6A
FFFFFA43
00000065
000002DB
000001E1
FFFFF876
0000022C
000001D1
00000249
000000DC
FFFFFDF3
FFFFFCA3
000005D7
00000606
00000268
00000448
0000001C
FFFFF946
000000BF
00000532
FFFFFC2B
000002CB
000001EF
FFFFFB7E
FFFFFE72
FFFFFD8F
FFFFFAEF
FFFFFAE0
FFFFFA26
000004E8
FFFFFDC3
FFFFFF98
00000106
FFFFF93C
0000025D
000002A5
0000032C
FFFFFD58
FFFFFCB5
FFFFFD6A
FFFFFD07
0000029B
FFFFFAEA
00000224
00000067
FFFFF914
00000403
00000544
FFFFFD9C
FFFFFE1E
000003EA
00000224
FFFFF8D4
00000154
FFFFF942
FFFFFB3E
00000075
FFFFFB84
00000050
0000032B
00000117
0000023E
FFFFFDEF
FFFFF962
00000641
00000694
00000142
FFFFFD6F
FFFFF6D8
FFFFF934
000004F8
FFFFFF69
00000254
FFFFFCC8
FFFFFD84
00000235
00000114
FFFFFAA1
000004E4
FFFFFE82
FFFFFF18
FFFFF92F
00000024
0000035E
00000316
00000417
000002FC
FFFFFC03
FFFFFD6D
FFFFFC04
FFFFF945
00000508
00000795
FFFFFE86
FFFFFB45
00000069
00000510
00000219
0000034D
00000510
FFFFFBC2
FFFFF912
00000017
00000456
FFFFFA26
0000005A
FFFFFB42
FFFFFEB3
FFFFFA87
00000238
FFFFFF84
000003CE
000002FE
FFFFF8F9
0000037B
FFFFFD07
FFFFFD0D
FFFFFD71
00000601
0000051F
FFFFFF05
FFFFFF23
FFFFFC0F
000002A1
00000660
000006A6
000001B2
0000015C
00000625
00000283
00000164
0000037A
000004C7
0000070D
00000495
0000020A
FFFFFF0C
FFFFFE59
FFFFFB92
FFFFFE6F
00000232
0000014F
FFFFFC11
FFFFFAED
FFFFFC98
FFFFFC38
FFFFFDED
FFFFFE2B
FFFFFF2C
FFFFFF42
FFFFFF11
000004D3
FFFFFD6C
FFFFFF6B
00000429
0000026B
000003AF
000004C8
00000216
00000538
000000A7
FFFFFF54
000000E8
000002D2
FFFFFCDE
0000014F
000002ED
FFFFFD9E
FFFFFE75
FFFFFF4A
000001B7
00000210
000003BE
00000032
00000021
0000001D
0000004F
00000082
FFFFFEC9
FFFFFEF0
FFFFFD4A
FFFFFC70
FFFFFE06
00000193
FFFFFD86
00000207
FFFFFEDE
0000025D
00000135
00000175
000001D4
0000007C
0000008A
00000270
FFFFFF74
00000037
FFFFFE9E
FFFFFF13
FFFFFD61
00000452
FFFFFE23
00000158
FFFFFE93
FFFFFFF6
0000008A
000002BA
FFFFFB63
FFFFFC6D
000003B5
FFFFFF0C
FFFFFD64
000004EB
FFFFFE67
FFFFFEDC
FFFFFC18
FFFFFC90
00000228
00000066
FFFFFFAE
FFFFFCBB
00000154
FFFFFE1F
FFFFFEE3
00000203
000002DC
FFFFFE59
0000014C
000001FA
0000013F
FFFFFFDD
FFFFFF4B
FFFFFFB4
0000005C
FFFFFE70
FFFFFDAD
FFFFFBD0
FFFFFBE5
000000A4
000000FE
FFFFFD9B
FFFFFD97
FFFFFF28
FFFFFD7C
FFFFFFDD
FFFFFDAD
FFFFFFA4
FFFFFE55
FFFFFE72
00000283
00000281
000002C4
00000174
FFFFFE7E
FFFFFD37
FFFFFFEC
FFFFFE14
00000418
00000203
000001DE
FFFFFBE4
FFFFFA3B
0000035E
FFFFFD8F
FFFFF9F3
00000146
FFFFFF9C
00000245
FFFFFFD8
FFFFFEB2
FFFFFE6F
000002A8
FFFFFE2A
00000060
FFFFFEAD
000001BB
FFFFFC8F
000000F1
000002EC
000001ED
000000D5
000000FF
00000268
0000028B
00000185
FFFFFF48
00000009
0000010C
FFFFFCCA
FFFFFF5A
0000016B
FFFFFFD0
FFFFFDA9
000002DD
FFFFFF4D
FFFFFE18
00000096
000001CB
00000235
FFFFFC54
FFFFFE35
FFFFFDE4
000000BE
000001AA
0000010D
FFFFFE33
00000106
FFFFFDD4
FFFFFFE5
00000318
FFFFFF91
00000059
FFFFFEC5
000003EE
FFFFFDEA
000004BF
000000D2
00000084
0000027E
00000482
000000CD
00000118
0000025F
FFFFFE8C
00000364
FFFFFD24
FFFFFF29
FFFFFD09
00000082
0000025F
0000018E
00000010
FFFFFD30
FFFFFF3C
0000007C
FFFFFE55
000000F1
FFFFFFE7
00000268
000000C9
FFFFFE62
FFFFFED7
FFFFFCBC
FFFFFE08
000001D4
0000021A
FFFFFD24
000002E4
0000034D
00000296
000003F6
FFFFFFCB
00000231
000002EE
000003AF
FFFFFF2D
000004EA
000005A2
FFFFFCEC
FFFFFD17
000002CF
FFFFFFD0
00000060
00000358
FFFFFD5E
FFFFFED9
000001D4
FFFFFEB5
000000BF
000001C1
FFFFFEF2
FFFFFBDA
000000AB
FFFFFD40
00000062
000001AC
FFFFFBF5
FFFFFEAA
FFFFFF75
000000D2
00000048
FFFFFF29
FFFFFBCE
0000017F
0000019A
FFFFFEC8
FFFFFF78
FFFFFF43
0000005F
FFFFFCE5
FFFFFED4
00000021
FFFFFFBF
FFFFFE78
FFFFFDE3
FFFFFCD3
FFFFFEF1
FFFFFF0C
FFFFFF13
00000388
00000106
FFFFFD46
FFFFFE0D
FFFFFFC4
0000048D
000002D5
00000307
00000418
0000046F
FFFFFE56
0000034F
00000490
FFFFFEDC
00000073
000002F8
000002A8
FFFFFE1C
0000046C
00000279
FFFFFED3
0000018B
00000243
00000259
000001D0
0000003E
FFFFFDB6
00000053
00000004
FFFFFE96
000002CC
FFFFFE0F
FFFFFDB8
FFFFFE61
FFFFFDC9
0000011B
00000262
000000DB
FFFFFE80
FFFFFF00
000002AA
FFFFFF09
0000012E
000001AA
000000E1
FFFFFFF0
FFFFFFC9
0000009E
FFFFFC75
000001AB
0000030D
FFFFFFF3
FFFFFFAB
000001FF
FFFFFEB7
FFFFFEEC
000003E8
0000009F
FFFFFD48
0000012A
0000009E
FFFFFE51
FFFFFE84
000001FA
00000194
FFFFFCDD
000003F8
0000017D
FFFFFEEA
000001CD
00000169
000002DE
000000E4
00000288
00000061
FFFFFD64
0000032B
0000024E
00000343
000001FA
000002C6
00000042
000000A6
000001F3
00000099
FFFFFDCB
00000261
0000005A
FFFFFE9F
00000046
000000C6
FFFFFD77
000001E7
00000485
000000E9
000001E0
FFFFFEB7
000002BE
FFFFFFFE
FFFFFB8F
FFFFFD96
FFFFFDD4
FFFFFD43
FFFFFC9C
00000084
FFFFFE80
FFFFFF45
FFFFFCFA
00000227
FFFFFF47
000001DC
00000297
0000020A
FFFFF9B6
FFFFFE0E
FFFFFCAC
FFFFFBDF
FFFFFF21
FFFFFC80
FFFFFB6A
FFFFFD1C
000000C7
000001AF
0000019A
0000021F
FFFFFEFB
FFFFFE72
FFFFFFB4
00000171
FFFFFD54
FFFFFDEF
FFFFFAB4
00000655
00000241
000001DA
00000102
FFFFFD6C
0000025A
00000000
0000018C
FFFFFEAC
FFFFFFE3
FFFFFF14
FFFFFF49
FFFFFC62
00000142
0000021C
FFFFFDE7
FFFFFF9A
000000C5
000001C1
00000020
000001D4
000003E2
FFFFFCB2
000001EA
0000017B
00000020
FFFFFFE5
0000006D
00000024
000001B5
000000C3
FFFFFF64
000001CD
000003AD
FFFFFF98
FFFFFD44
FFFFFCE1
FFFFFB0A
0000017B
0000006C
FFFFFC66
FFFFFD61
00000022
FFFFFC9B
00000027
FFFFFD8F
FFFFFF44
FFFFFB97
00000179
00000022
FFFFFE12
FFFFFD3E
FFFFFF5B
0000044A
000000E0
000000E7
FFFFFCBA
00000233
00000049
FFFFFFD9
0000023C
00000326
FFFFFF53
FFFFF9A4
FFFFFA8A
00000215
FFFFFE05
FFFFFF3F
000000A5
000001E7
FFFFFF91
000000F6
0000022F
FFFFFE76
FFFFFCBB
000000B3
FFFFFF2C
00000119
000000FD
FFFFFE8E
FFFFFEA0
FFFFFB2F
FFFFFE0B
FFFFFFDF
FFFFFB71
FFFFFE91
FFFFFE66
FFFFFE29
FFFFFF27
0000035F
FFFFFFEB
FFFFFE38
0000030D
000005F2
FFFFFEC7
00000051
0000013F
FFFFFECB
FFFFFEFD
0000045D
00000221
0000002A
FFFFFEF1
00000239
FFFFFEDC
FFFFFE3A
FFFFFE90
00000303
FFFFFDA7
0000016A
000001FF
0000000B
00000038
00000040
0000034D
FFFFFCE1
000003C2
FFFFFC79
0000013C
FFFFFD48
FFFFFFA9
FFFFFCF7
FFFFFFC7
00000079
FFFFFFE8
000001AD
FFFFFF28
0000031E
FFFFFD04
FFFFFF09
000001E6
FFFFFF84
FFFFFF4A
FFFFFFE6
FFFFFC9A
000000B0
FFFFFC15
0000014F
FFFFFED2
00000139
FFFFFF1A
00000019
000001BE
FFFFFC84
FFFFFF02
FFFFFEC7
0000006F
FFFFFE2C
FFFFFF4E
FFFFFEA9
FFFFFC31
0000004E
000002AB
FFFFFDFC
FFFFFECD
0000036D
FFFFFEBF
000000C1
00000246
FFFFFEAE
FFFFFF76
00000278
00000329
FFFFFDE2
00000342
00000422
000000AD
000001E0
FFFFFEF5
FFFFFD6C
FFFFFF1D
FFFFFF0A
00000142
0000002C
FFFFFE9A
00000134
000002D2
FFFFFFEC
FFFFFDCB
FFFFFE17
000000CB
FFFFFEFA
000001ED
0000044B
00000235
0000038C
FFFFFE84
000001F2
000005B4
0000029B
000006B0
0000011B
0000021C
00000517
0000043A
00000203
000002DF
00000073
00000414
FFFFFCE9
FFFFFCA1
00000179
FFFFF998
FFFFFCE4
FFFFFF69
000001D5
00000404
FFFFFDA8
FFFFFE69
00000188
0000005F
00000018
FFFFFF81
FFFFFF77
FFFFFD56
FFFFFD4A
FFFFFB9C
0000011C
FFFFFF67
0000054B
00000566
0000016B
FFFFFD44
00000438
00000415
FFFFFE9C
00000323
FFFFFC54
FFFFFE99
00000163
FFFFFF34
FFFFFF9E
FFFFFEBA
FFFFFBA0
FFFFFA36
000000B2
000000E1
FFFFFD3C
FFFFFCF3
00000295
00000142
00000262
FFFFFFF3
00000316
0000037B
0000078F
000002E0
000009BF
000003FF
000001D4
000005FC
FFFFFF02
00000587
FFFFFFA8
000003DB
FFFFFFC4
00000085
FFFFFDB9
FFFFFE66
00000369
00000034
0000003C
FFFFFF6B
FFFFFFDB
000000DF
000004BE
000001C2
FFFFFEBE
0000053E
00000082
0000028B
00000000
000003CD
FFFFF954
FFFFFC8A
000002F3
00000319
00000117
FFFFFD93
FFFFF9E6
00000076
FFFFFBEF
FFFFFA9E
FFFFFF0B
0000032B
FFFFF4B0
FFFFFEDE
FFFFFD71
00000474
0000048F
00000138
FFFFFF39
FFFFFBE7
0000014B
000006E3
00000451
FFFFFCCA
FFFFFD9B
000000EB
FFFFFBF3
00000309
000003C3
0000028E
FFFFFD4E
0000004A
FFFFFCED
FFFFFE39
00000034
FFFFFD3D
000005DC
0000037C
00000007
00000469
FFFFF98A
00000008
000004CA
FFFFFFDE
00000737
000005CD
0000031A
000005C4
000001FB
000002ED
FFFFFD1D
0000029C
FFFFF95F
FFFFFECB
FFFFF9C6
000003CF
00000031
FFFFFFE0
FFFFFC34
FFFFFF1B
FFFFFEAC
FFFFFD74
FFFFFDA7
FFFFFAB5
FFFFFF8B
0000027B
FFFFFF75
FFFFFA89
00000326
FFFFFE9E
00000543
0000024E
00000473
00000428
000003FB
0000040F
00000075
FFFFFB62
FFFFF8B4
FFFFF654
FFFFFF7B
000001C6
FFFFFB21
FFFFFE37
FFFFF864
FFFFFAF9
FFFFF97E
0000018B
FFFFFFB8
FFFFF7FE
FFFFF99A
FFFFF835
FFFFFE51
FFFFF845
FFFFFC42
FFFFFC2E
FFFFFDAC
FFFFFF03
FFFFFB10
FFFFFC5B
FFFFFA10
00000265
FFFFFBB1
FFFFFB3B
FFFFFDB8
00000037
000000EC
FFFFFEB9
00000579
00000388
00000589
000007BA
FFFFFD39
FFFFFCCC
FFFFFF9D
00000218
FFFFFBDC
FFFFFAAA
000003C5
FFFFFFAF
FFFFFE5F
00000215
FFFFFBE3
FFFFFA57
FFFFFCE0
000000CC
00000032
000001D9
FFFFFFAF
FFFFFD65
FFFFFFCD
FFFFFFBA
0000023B
000001FF
FFFFFF30
000000B0
00000374
FFFFFC28
FFFFFCF2
FFFFFB15
FFFFFFB9
FFFFFC79
FFFFFB24
0000026C
0000052A
FFFFFD22
0000016B
FFFFFC82
FFFFF942
FFFFFC4C
FFFFFBF6
FFFFFC67
FFFFFEAE
FFFFFC82
FFFFFCF9
00000334
FFFFFAAF
FFFFFCEB
FFFFFE78
FFFFFB81
FFFFFDC4
FFFFFC7B
0000001B
FFFFF8C5
FFFFFC78
FFFFFF4B
000002B4
FFFFFE93
FFFFFF4A
000000A0
FFFFFE54
00000067
FFFFFEF9
FFFFFD17
FFFFFFFC
FFFFFBB1
000000C9
00000328
FFFFFBB5
FFFFFA99
00000087
FFFFFE93
FFFFFC93
FFFFFFB2
FFFFFBC4
000006DD
00000661
FFFFFEC8
FFFFFDD1
FFFFFEB4
FFFFFD23
FFFFFF80
FFFFFFB3
000001BC
FFFFF994
FFFFF9AD
FFFFFF5B
FFFFFAD4
FFFFFE64
FFFFFF9B
FFFFF844
00000322
FFFFF8FC
000001E3
000001F3
000000C0
000000A8
00000172
000004FF
FFFFFEA5
00000252
FFFFFFE9
00000076
FFFFFD03
FFFFFDF1
FFFFFCC8
FFFFFF27
FFFFFEB9
FFFFFFD8
FFFFFEC8
FFFFFF75
000002A9
FFFFFDC5
00000296
FFFFFDE3
FFFFFB70
FFFFFE39
FFFFFA8C
FFFFFD8A
FFFFFB00
00000246
00000433
000003EB
00000475
FFFFFF02
FFFFFF16
FFFFFC9E
000001EE
FFFFFF1A
00000292
FFFFFF37
0000009A
0000034D
FFFFFFAA
FFFFFC90
00000165
FFFFFB0A
00000296
FFFFFFCB
FFFFFD1F
FFFFFEFE
FFFFFF99
FFFFFC5F
FFFFFD40
FFFFFAE1
FFFFFC46
FFFFFEFC
000002EC
FFFFFC28
FFFFFD2E
00000115
FFFFFFFD
FFFFF761
FFFFF9F7
FFFFFBBB
FFFFFCE1
FFFFFDA5
FFFFFF95
FFFFFE18
00000086
FFFFFEBC
000001EF
000000DE
FFFFFEDF
FFFFFE56
000001A0
FFFFFBFF
FFFFFF05
FFFFFB23
FFFFFDD0
FFFFF94A
FFFFFC58
FFFFFF8D
FFFFFA84
FFFFFDCD
000002C9
0000038A
FFFFFFB6
0000010A
00000377
FFFFFC66
00000177
0000028D
FFFFFC6F
FFFFFDA7
0000039C
FFFFFA7B
00000458
00000276
FFFFFBB6
FFFFFD75
FFFFFF5C
FFFFFC88
FFFFFFA9
0000011B
FFFFFE30
000002F7
FFFFFDDF
00000070
000001E3
FFFFFD8C
FFFFFF16
000000D5
FFFFFBA0
FFFFF891
FFFFFEC2
FFFFFEC5
000001A4
FFFFFB10
FFFFFC3E
000002BE
FFFFFD3C
FFFFF88F
FFFFFD7D
FFFFFF23
FFFFF8BC
FFFFF9EB
00000167
FFFFFBED
000001C2
000000A1
FFFFFEC4
FFFFFE99
000000E0
FFFFFEBD
FFFFFE12
FFFFFE4E
00000196
FFFFFF10
00000574
0000010D
00000111
000000B5
000004F8
FFFFFEB9
FFFFFFBD
000006D2
0000006A
FFFFFD28
FFFFFE4E
FFFFF898
00000195
FFFFFB4E
FFFFFBE5
FFFFFA4F
FFFFFF64
FFFFFC44
000000DB
FFFFFF41
FFFFFE16
FFFFFEB0
000001A3
00000349
000002A1
FFFFFB73
FFFFFACE
FFFFFE3E
00000357
FFFFFC3E
000000BD
FFFFFFB2
FFFFFFA5
FFFFFC6D
FFFFFDFA
00000347
FFFFFC59
FFFFFF4D
000004B7
FFFFFA77
0000015A
00000334
00000052
000004EE
000004AA
000001D5
0000036E
000005CC
FFFFFE2F
00000302
000004A7
0000000D
FFFFFEAD
0000029B
00000020
FFFFFFD4
000004F6
000002E4
FFFFFFF7
FFFFFB97
00000242
0000004C
FFFFFA28
FFFFFE5F
FFFFFA4F
FFFFFB82
FFFFF84B
000001C2
0000000C
FFFFFB24
FFFFFF80
FFFFFCED
FFFFFE00
0000019C
000002A2
000000E9
000005DC
FFFFFCDB
00000356
000002BE
FFFFFDC1
FFFFFC44
000000B8
FFFFF97D
000000B1
FFFFFCFE
FFFFFD8D
00000165
000000A7
000001E2
000002EA
00000284
00000070
000003D0
FFFFF938
FFFFFFC3
FFFFFFA8
FFFFFD37
000000E9
FFFFFC5D
FFFFF97E
00000310
FFFFFA52
00000405
FFFFFD05
FFFFFA8C
000003A6
0000066A
FFFFFCA1
000003B6
FFFFFC20
000006DB
00000277
00000094
00000222
0000041A
FFFFFE80
000004C4
FFFFFEA9
0000010F
000001A9
FFFFFDC0
00000097
FFFFFF6C
FFFFFD5D
FFFFFF01
FFFFFDC6
0000045A
000000B1
FFFFFF12
FFFFFABC
FFFFFD67
FFFFFDB3
FFFFFE8C
000001A6
0000003B
0000009A
FFFFFCEC
00000320
00000258
0000078E
000001A7
000004CA
FFFFFEBA
00000512
FFFFFFEA
0000029D
0000057D
FFFFFEDE
000004D7
000002E4
0000009E
FFFFFE1C
000002FF
00000186
FFFFF9FC
FFFFFCC5
00000118
FFFFFFD6
FFFFFF6E
FFFFFE8C
FFFFFB36
0000033D
FFFFFFD2
FFFFFC4B
FFFFFDAC
FFFFFE41
FFFFFE5F
FFFFFBD2
FFFFFEA5
000001C2
FFFFFD25
0000047C
000002B8
FFFFF856
FFFFFDBF
00000476
FFFFFA2B
FFFFFE74
FFFFFEDC
FFFFFE98
000001D5
FFFFFC0C
000000D9
FFFFFFE5
000000F2
FFFFFED3
000000FD
FFFFFF80
FFFFFD87
0000013E
0000049D
000001A9
FFFFFD25
00000454
000007B0
00000408
FFFFFF1B
FFFFF9F0
FFFFFF19
FFFFFEC7
FFFFFD82
0000014C
FFFFFA08
FFFFFF88
000000F3
FFFFFC0B
FFFFFDC1
00000419
FFFFFC05
FFFFFCE2
00000607
FFFFFB53
0000033D
FFFFFD5E
000003D5
FFFFFE48
00000220
000003FB
FFFFFB4A
FFFFFEAD
FFFFFEE3
FFFFFF84
000000B0
000002FB
FFFFFB76
FFFFFD59
FFFFFC31
FFFFFC89
FFFFFC0D
FFFFFCCD
000000D7
000000D3
0000016F
000002B6
FFFFFC65
FFFFFBCE
0000005B
000001A2
FFFFFB8C
FFFFFD02
00000037
FFFFFF59
000000D2
000000DA
00000391
000000B0
FFFFFD3D
FFFFFF46
000006DD
FFFFFF38
00000132
000001D2
00000405
0000002C
000002E1
0000032E
FFFFFD0C
FFFFFC50
FFFFFC2C
FFFFFF33
FFFFFD83
000006FC
FFFFFA0E
000001FF
00000360
00000002
0000013D
FFFFFE91
FFFFFED5
0000014A
000002FC
FFFFFC33
00000245
FFFFFACA
FFFFFF01
00000056
000001A9
00000331
FFFFFFD2
000004B0
00000444
00000315
00000365
00000469
00000277
FFFFFEF1
00000482
FFFFFE16
FFFFFE70
0000056C
00000066
00000054
FFFFFAA8
0000020A
00000221
00000479
000006C9
00000125
000005A5
00000610
000000F9
0000012E
00000657
0000063D
FFFFFB05
000001CD
00000525
FFFFFE2B
FFFFFF3F
000000C5
0000014A
000000C6
FFFFFE87
FFFFFEB4
FFFFFD93
FFFFFD06
FFFFFEFC
FFFFFC95
FFFFFFB8
00000555
FFFFFDE9
00000184
0000038F
00000292
FFFFFD20
000005AD
000005AF
FFFFFC2D
0000009B
000001A7
FFFFFA53
0000024E
00000209
FFFFFE14
FFFFFE65
00000087
FFFFFC30
FFFFFF8C
00000664
000004C7
000001CE
00000134
FFFFF915
FFFFFB6D
0000007E
00000197
000002A9
FFFFFC66
FFFFFE57
0000029A
FFFFFD52
FFFFFC96
0000002D
FFFFFB97
00000174
000000DB
FFFFFEDF
00000595
00000324
00000585
0000042D
00000069
00000204
0000008F
FFFFFD13
000003DF
FFFFFEBE
00000196
FFFFFCA2
FFFFFCDA
FFFFFA86
00000266
0000031F
00000175
FFFFFD15
000003B5
FFFFFEDD
00000402
0000005A
0000061E
00000394
FFFFFC38
0000034C
FFFFFF9F
00000331
0000015A
0000064A
00000173
0000021A
FFFFFFF2
000002A0
00000066
FFFFFE7E
FFFFFCEC
000000E3
FFFFFD43
00000328
FFFFFE22
FFFFFC66
00000006
00000878
000001E6
0000006F
FFFFFCC7
000000D6
FFFFFFA3
00000264
FFFFFE2D
00000181
FFFFFFB6
00000096
0000030D
0000052A
00000250
FFFFFE54
FFFFFFC1
0000039F
FFFFFC8B
00000706
000000A0
00000007
FFFFFB9C
0000016A
FFFFFFC9
00000358
00000657
00000438
FFFFFDA1
00000387
FFFFFEF5
FFFFFBAA
00000160
00000399
0000016D
0000024C
000000E9
FFFFFF0D
FFFFFE21
FFFFFD89
FFFFFE5E
FFFFFF2F
0000005E
FFFFFC31
000000D3
0000030A
000003FC
FFFFFFFE
000004DF
FFFFFC6D
00000272
00000087
0000033F
00000364
0000005D
0000039F
0000041D
FFFFFF65
00000299
FFFFFD96
0000041F
00000135
0000002A
00000434
0000020A
FFFFF8C8
FFFFFD20
00000093
FFFFFCEC
00000013
00000169
000003F5
FFFFFD41
FFFFFE71
FFFFFF65
0000021B
FFFFFE84
000001F8
FFFFFE25
FFFFFE03
FFFFFEF8
00000185
00000134
FFFFF716
00000237
000000F0
FFFFFB00
00000050
000003D0
FFFFFF30
000002BA
0000032B
FFFFFB94
FFFFFF11
00000043
00000327
00000127
00000122
FFFFF6E7
0000010B
00000023
00000001
0000031D
FFFFFC51
000002F1
000005B4
000000D4
FFFFFB90
000005C0
FFFFFC54
FFFFFE69
FFFFFEF1
0000037F
000002AD
FFFFFD45
0000000A
00000108
FFFFFC44
0000018D
FFFFFE53
FFFFFEB6
0000025A
FFFFFE95
FFFFFBB2
FFFFFAB8
FFFFFFE2
FFFFFE5F
FFFFFFA7
FFFFFC10
00000301
000000B8
FFFFF8EF
FFFFFE90
FFFFFB03
0000012D
000002AA
FFFFFD5C
FFFFFF49
FFFFFF9E
FFFFFDFF
000001F5
FFFFFF4B
000002F0
00000483
FFFFFB60
FFFFFD73
0000020A
FFFFFCD8
0000036C
000000AA
FFFFFDD1
FFFFFFE7
FFFFFE81
0000021B
0000048B
FFFFFEBD
000000A3
00000108
0000030F
0000028A
000001E5
00000247
FFFFFD5D
FFFFFB92
FFFFFE7A
0000074D
FFFFFFF6
00000182
00000207
0000067A
00000673
0000021B
000001E6
FFFFFDB7
00000225
FFFFFBB9
00000176
00000272
FFFFFCBD
FFFFFF39
FFFFFEEE
000001E8
FFFFFF30
00000146
FFFFFF7E
000001E9
FFFFFD1B
00000112
0000050F
000001EC
FFFFFF13
0000051F
FFFFFDA0
0000014C
FFFFFFE7
00000472
FFFFFDC0
FFFFFE0D
00000060
FFFFFD9B
00000455
FFFFFC3B
FFFFFFFC
FFFFFC1B
FFFFFDFA
FFFFFAE7
FFFFFA7E
FFFFFA98
00000166
FFFFF8B0
FFFFFD78
00000765
0000046E
0000002F
00000596
FFFFFD38
00000190
FFFFFF82
00000110
00000457
0000014A
00000470
00000498
0000012C
000001D5
000000AC
00000308
00000336
000000B0
FFFFFC73
00000155
000002A9
FFFFFA51
FFFFFB87
FFFFFDC7
0000027E
FFFFFF1A
FFFFFC95
FFFFFD39
00000673
00000390
0000025A
000005B3
FFFFFC89
00000379
00000533
FFFFFD42
FFFFFC8D
FFFFFDA1
FFFFFC86
000001DF
FFFFFDDE
FFFFFD39
000000D9
FFFFFE80
FFFFFC0C
000002E3
FFFFFEB6
000002E5
FFFFFF4F
FFFFFEC1
FFFFFFE1
FFFFFCD1
FFFFFC3B
00000510
FFFFFCE5
FFFFFE2C
000005E6
000002F2
00000117
0000000F
00000579
0000027A
FFFFFEE2
FFFFFF50
FFFFFF7A
FFFFFDA5
FFFFFF56
FFFFFE78
FFFFFB2B
FFFFFB18
000000C9
FFFFFD57
0000029A
FFFFFF65
FFFFFE6D
000001DD
FFFFFFD8
00000444
FFFFFEF7
FFFFFC25
000000A5
FFFFFE88
00000362
000003EE
00000424
FFFFFD4D
00000018
FFFFFED0
000001A2
FFFFFCE8
0000024D
00000227
FFFFFEE0
FFFFFE33
FFFFFDC6
FFFFFB26
00000329
FFFFFC52
0000038E
0000019B
00000231
FFFFFEDF
000005D0
FFFFFB40
FFFFFC12
FFFFFFEB
FFFFFD46
FFFFFD67
FFFFFC76
0000009C
FFFFFBE9
FFFFFD30
FFFFFAC4
FFFFFEB7
0000054B
00000406
FFFFFE44
000005CD
FFFFFF32
0000011E
FFFFFB9D
FFFFFE4A
FFFFFF60
FFFFFA94
000001D2
000000E9
FFFFFB8F
00000362
FFFFFD4B
FFFFFA34
FFFFF970
FFFFFAB2
FFFFFAB1
FFFFFBC3
00000144
00000431
00000057
00000382
00000565
FFFFFE3A
FFFFFD1E
000000E8
FFFFF95A
0000060E
FFFFFDCD
FFFFFE93
FFFFFF60
000005CB
000005B6
000002F3
FFFFFE58
00000006
000003BD
00000234
000000C9
0000006D
FFFFFC94
00000428
FFFFFE06
FFFFFF08
00000160
0000046D
FFFFFD75
FFFFFDBE
FFFFFAEE
FFFFFFBA
FFFFFD4C
000002E2
FFFFFFB9
FFFFFEF5
FFFFFCAE
0000029E
FFFFF742
FFFFFF6E
FFFFFE25
00000019
FFFFFAEE
FFFFFBBC
0000025F
00000335
00000641
000006B4
0000073A
FFFFFDAF
FFFFFDA2
FFFFFEBE
00000926
FFFFFFBD
0000024D
000007BD
000001AE
00000411
FFFFFDD9
00000575
FFFFFD4F
FFFFFF0F
FFFFFD92
FFFFFEBF
FFFFFE2C
FFFFFF7A
FFFFFAFA
FFFFFF41
FFFFFE5E
000000C3
00000015
FFFFFD49
00000087
FFFFFD0B
000000C3
00000676
FFFFFCC3
FFFFFE21
FFFFFE42
FFFFFAA6
FFFFFFD2
FFFFFEBE
00000105
FFFFFADA
0000032E
000004D9
0000026F
FFFFFC17
00000319
FFFFFC7B
00000344
000003E7
FFFFFCC0
FFFFFD40
0000080F
000005E2
000004B2
00000059
FFFFFE95
FFFFFDDF
FFFFFBB6
FFFFFC28
00000151
00000012
FFFFF940
FFFFFA80
000001CC
00000082
0000051C
000000B6
00000289
FFFFFB67
0000016E
00000355
00000605
00000422
000005E4
FFFFFB1D
00000044
FFFFFB04
FFFFFCD3
FFFFFEDA
FFFFFB31
FFFFFC55
FFFFFBF0
000002C5
FFFFFAEB
00000423
000000F3
00000064
000003E8
FFFFFC12
000000DD
00000151
FFFFFC0E
FFFFFC75
00000206
FFFFFD75
0000049C
FFFFFE46
00000249
0000017B
FFFFFCC2
00000495
00000228
FFFFFD94
0000023B
FFFFFF6B
00000054
FFFFFFB7
FFFFFBBF
00000230
00000494
000007A1
FFFFFF7C
FFFFFCEA
FFFFFD0F
FFFFFE62
FFFFFBF8
FFFFFE6D
0000050E
FFFFFF5F
FFFFFCE5
000003BF
00000177
FFFFFE7E
0000011E
FFFFF825
000001E4
00000426
FFFFFEE3
00000209
FFFFFCD5
FFFFFEB6
0000000C
00000029
000000A8
FFFFFDA8
000006E2
00000232
00000007
FFFFFADF
FFFFFFBA
FFFFFB00
000001F1
FFFFFC74
FFFFFDDA
0000062A
FFFFF9CA
0000000B
FFFFFF5E
000003D8
FFFFFD6D
000004C4
FFFFFD2D
000005AB
FFFFFFAE
FFFFFCB2
FFFFFEFD
FFFFFA8E
FFFFFDE9
000001BB
FFFFF792
FFFFFBFE
FFFFFD35
FFFFFEBF
FFFFF8BF
FFFFFE80
000001DB
FFFFFCE1
0000043B
000003C7
FFFFFD7A
FFFFFEEF
00000225
FFFFF843
FFFFFFF8
00000676
00000740
000006A0
00000070
FFFFFF79
0000020D
FFFFF9AD
00000466
000003F6
0000041C
00000788
FFFFFC81
0000058E
FFFFFEF9
FFFFFF80
000001E4
000003E0
FFFFFD4F
FFFFFACB
00000135
00000599
FFFFFCAF
FFFFFC2C
FFFFFC0D
000002D6
00000958
FFFFFF25
FFFFFDA6
000007A6
00000344
000001D0
00000789
00000558
000000AF
0000069E
00000580
FFFFFD6C
FFFFFE56
FFFFFD28
0000005F
00000307
00000569
FFFFFDA7
FFFFF818
FFFFFF7A
000000D5
00000096
000001EE
FFFFFA8E
FFFFFB6F
000000B2
FFFFFB3F
FFFFFECF
FFFFFD30
000003B3
000004B0
000006AE
00000654
000005BE
00000109
000006C3
0000081C
000006BC
00000693
0000036D
0000001E
FFFFFF00
000005CF
0000044D
000002F2
000001A3
000001AC
FFFFFD85
00000063
FFFFFE5B
FFFFFD04
00000744
0000072A
0000019E
0000071C
FFFFFFC8
FFFFFFD2
000000AF
FFFFFF07
00000382
FFFFFFE3
FFFFFE65
FFFFFE05
00000357
000006A4
000004CB
FFFFFC03
00000076
0000095A
00000224
FFFFFEDE
FFFFFD38
000005CE
0000059A
00000250
FFFFFE85
000001EA
FFFFFFA8
FFFFFC8B
00000239
000005BD
000004D2
00000285
000002EF
FFFFFF6C
FFFFFF53
00000101
00000079
FFFFFBBC
00000621
00000035
FFFFFDFF
00000215
000004E0
FFFFFD6B
0000002B
0000027F
0000010D
00000327
FFFFFEE4
FFFFFF57
0000035E
FFFFFDF2
0000020C
FFFFFDB4
00000855
00000381
FFFFFB94
000004DF
000002FF
0000016E
FFFFF956
000002BB
FFFFFFA1
FFFFF8BD
FFFFFFCE
FFFFFAFD
FFFFFA70
000002C7
00000111
FFFFFF0B
00000104
00000456
FFFFFF7A
00000158
FFFFFC99
FFFFF804
FFFFFD24
FFFFFCF1
0000037B
FFFFFCAB
FFFFFF71
00000021
FFFFFF86
FFFFFE5B
00000460
FFFFFAE0
000001D7
000006B6
0000048E
FFFFFE8A
0000065E
000000B6
0000006E
0000033E
00000630
0000054A
000006EB
00000171
00000606
FFFFFB34
00000574
FFFFFE7A
FFFFFAAA
00000437
0000011F
FFFFFFC6
00000744
00000004
FFFFFF43
FFFFFFFF
0000037B
FFFFFD5B
FFFFFFA2
000001CC
FFFFFB66
FFFFFFD9
FFFFF41F
FFFFFB34
FFFFFEF4
FFFFF952
000001C1
0000078F
FFFFFAE4
FFFFFA83
FFFFFC16
000005D8
FFFFFEE7
000004BE
000001FD
FFFFFEBE
000002C5
0000000C
00000819
0000033A
00000649
00000545
000007C6
FFFFFE84
0000030F
FFFFFDF5
FFFFF977
FFFFFE24
00000229
FFFFFDCC
FFFFFA4F
000001B7
FFFFFEBB
00000202
FFFFFAC1
000002DC
FFFFFD3C
FFFFFDDA
FFFFFB51
0000003D
00000044
0000038B
00000576
000004D8
FFFFFE80
00000153
00000425
0000060B
00000423
FFFFF975
0000011B
000005CC
00000743
FFFFF81A
FFFFFB12
00000331
FFFFF95A
FFFFF961
FFFFFD8D
FFFFFF80
000003FC
FFFFFB75
FFFFFFC0
00000064
00000683
00000368
0000070C
0000076A
000000DF
000007A6
00000894
00000016
FFFFFF30
000000B6
FFFFFA9F
000005D5
0000044E
FFFFFBF9
00000902
000002BC
FFFFFDE3
0000038E
FFFFFBC8
FFFFFBA7
FFFFFEEB
FFFFFBC5
FFFFFD7D
FFFFF8F2
0000023F
FFFFFC30
000004BB
FFFFF8EB
00000254
FFFFFE53
00000260
00000435
FFFFFAAE
00000594
000001FE
000005EC
FFFFFF2D
FFFFFD37
0000038B
000001F4
FFFFFD96
00000882
FFFFFCD0
FFFFF749
000000E0
00000079
FFFFF80F
0000009A
FFFFFDBF
FFFFFCC5
000003E2
FFFFF75F
FFFFF859
000001F1
FFFFFBED
FFFFF971
00000477
FFFFFD39
00000443
00000624
FFFFFC01
000007A2
0000025C
000004C2
00000249
000003C5
000002AF
00000617
FFFFFE6C
00000188
00000046
FFFFFFDC
FFFFFA21
0000007C
FFFFFFA8
FFFFF985
FFFFFCF2
FFFFF653
FFFFFC08
FFFFFF95
00000558
000003D4
000003E6
FFFFFFFA
000001D4
00000335
FFFFFC57
000002F2
000002D1
FFFFFE56
00000216
FFFFFD89
0000011A
00000042
FFFFFCD2
00000269
FFFFFF7A
FFFFFF73
0000028F
000002A5
000001DB
000000AC
00000413
FFFFFE32
FFFFFC44
00000187
00000078
000001F0
FFFFFC3C
0000053F
FFFFFE0C
000002CE
000003A7
FFFFFA7A
FFFFFDB8
FFFFFB80
FFFFFF96
0000006E
FFFFFBFC
FFFFFDBB
00000429
FFFFFF96
000003DC
00000052
0000031A
000003F8
FFFFFF7F
FFFFFDD3
00000304
00000127
000001BA
00000188
FFFFFFAE
FFFFFBB6
FFFFFD05
FFFFFFF5
FFFFFE0E
00000065
FFFFFBD5
FFFFFD8B
FFFFFC4D
FFFFFFBC
00000427
FFFFFD48
FFFFFFF3
FFFFFA02
00000341
00000197
FFFFFFE0
000001EE
00000155
00000417
FFFFFEAC
00000106
FFFFFCA2
00000237
000001CE
000002B0
00000015
FFFFFF4F
FFFFFDAA
0000003A
FFFFFC8C
00000162
FFFFFDAB
FFFFFCB2
000001BD
FFFFFF95
0000018D
00000212
00000108
000003A3
FFFFFCA2
00000250
FFFFFAB1
000000DF
00000145
00000210
FFFFFCE3
FFFFFEFE
FFFFFA8C
FFFFFE3A
00000401
000002A2
FFFFFD0F
0000020B
FFFFFD14
000001A8
0000029C
00000073
FFFFFA35
FFFFF964
FFFFFF7B
FFFFFDA2
000001BB
FFFFFC99
FFFFFD43
000002B9
000003F9
FFFFFF78
FFFFFFFF
FFFFFEEF
FFFFFF0E
FFFFFE3C
FFFFFDC5
FFFFFFD5
FFFFFDB8
FFFFFE4E
000002C9
FFFFFA99
00000357
00000011
00000221
000003BC
FFFFFFEC
00000322
000000CE
000003CC
0000066A
00000193
00000014
FFFFFFC5
00000417
000001BE
FFFFFB09
FFFFFC3D
FFFFFC9E
00000094
FFFFFFA8
FFFFFAD1
000000F9
FFFFFCE4
000001EC
000000C7
FFFFFA86
FFFFFFBA
FFFFFC09
00000038
FFFFFF40
FFFFFDB7
0000027C
FFFFFAB1
000004D1
00000207
00000069
FFFFFA8A
000001FF
000003B5
000003B7
000001EC
0000001C
FFFFFEAD
00000305
FFFFFFD2
FFFFF98E
0000084B
0000047D
00000049
FFFFFD5F
FFFFFF6B
00000133
00000319
FFFFFFD3
FFFFFBC3
00000401
FFFFFDE2
000005A0
FFFFFD11
FFFFFFEF
00000150
FFFFFE70
FFFFFC77
FFFFFF2A
FFFFFFFA
FFFFFD4E
FFFFFFCE
FFFFFE23
FFFFFFF3
FFFFFDFE
0000020B
00000234
FFFFF8E2
FFFFFE03
00000150
00000277
FFFFFF48
FFFFFCF3
FFFFFB39
0000018F
000002FF
FFFFFDC4
FFFFFE07
000001D4
FFFFFA9F
FFFFF827
000004BD
00000530
FFFFFFFE
000004EA
0000020D
00000169
00000224
00000430
00000484
000001A1
FFFFFBBF
00000102
FFFFFF59
000002AE
00000073
FFFFF972
FFFFFED6
00000106
0000047D
0000046E
FFFFFDB2
0000010C
FFFFFCD3
FFFFFD97
00000266
000002D4
FFFFFF16
00000345
00000514
FFFFFDCF
000003C8
FFFFFCE4
FFFFFE14
FFFFFE9C
00000413
00000243
000002BE
00000472
000002A7
000002AC
FFFFFC72
FFFFFF99
FFFFFF62
FFFFFF6C
00000129
FFFFFBC1
00000013
000007E1
FFFFFEC1
0000068C
00000349
FFFFFDE6
FFFFFC2C
000004B7
FFFFFFA2
00000411
FFFFFF5A
00000297
000005AF
00000486
000002FF
FFFFFFC2
FFFFFE7D
FFFFFDA6
00000476
0000010B
FFFFFE93
FFFFFF2B
000001BC
00000215
0000005C
FFFFFCD3
00000236
0000026A
FFFFFC29
FFFFFFD9
FFFFFA93
FFFFFE5B
FFFFFC0E
000000CB
FFFFFD1D
00000450
FFFFFC75
000000C1
00000207
0000030A
000000C2
FFFFFED8
000001F9
000000A0
FFFFFCA6
000001B5
0000005E
0000013D
00000185
0000016B
FFFFFC22
000002A0
FFFFFCFA
FFFFFA79
FFFFFE47
0000032B
FFFFFD5F
FFFFFBA1
0000021E
FFFFFF75
FFFFFEC2
FFFFFF6D
00000225
FFFFFE8D
0000036E
FFFFFD82
00000082
FFFFFE7A
FFFFFEF5
00000460
00000151
000003E0
000000B5
000000F6
FFFFFE42
FFFFFDA5
000006CF
FFFFFF75
0000007D
00000263
000000B1
0000038F
00000386
FFFFFC92
000001F7
FFFFFEBA
00000023
00000162
FFFFFF4C
00000657
FFFFFE61
000003B4
00000557
00000024
FFFFFE7B
0000009E
FFFFFED7
00000560
0000014D
00000043
0000019F
FFFFFF3F
00000039
FFFFFD81
00000111
FFFFFF48
FFFFFF5A
000001E3
FFFFFF5B
FFFFFCA3
FFFFFE43
0000039E
0000009B
00000235
00000219
000001BC
FFFFFFE2
FFFFFD37
FFFFFDE5
000001C1
000000B9
FFFFFE10
FFFFFCED
FFFFFEEB
FFFFFFCF
FFFFFD64
000001BE
FFFFFFCA
0000012C
FFFFFE1E
000002CC
FFFFFED2
FFFFFC36
FFFFFBE6
0000033E
0000023C
00000376
00000005
FFFFFCC5
FFFFFCE5
0000034F
FFFFFC41
FFFFFE66
FFFFFEF3
00000156
FFFFFC8F
000002B7
0000016C
FFFFFE9E
00000457
000000F7
0000054A
FFFFFDD1
00000365
FFFFFE0E
00000327
FFFFF9F1
00000208
0000033A
0000048B
000001D1
FFFFFEB9
FFFFFF2C
FFFFFFCA
00000210
FFFFFDF1
00000177
00000509
000002C1
000000C6
00000255
FFFFFE4F
0000035F
FFFFFE31
0000027D
000001CA
0000011D
0000032B
00000084
FFFFFE8D
00000184
FFFFFB23
000006A5
FFFFFB71
000000F5
FFFFFF0F
FFFFFED6
00000195
FFFFFE6C
00000056
00000086
FFFFFE7A
FFFFFD6F
0000017F
00000100
00000608
FFFFFE33
FFFFFE39
FFFFFA30
0000013B
00000261
FFFFFE2C
00000153
000002BC
00000219
FFFFFF54
FFFFFF3E
00000176
000003E7
0000026C
00000023
00000154
000001AB
0000031D
FFFFFE03
00000011
000002FA
00000102
FFFFFBAC
FFFFFFB0
FFFFFF48
00000267
FFFFFEF2
00000380
00000168
FFFFFD97
000001EB
FFFFFDB2
FFFFFEB2
000001A7
FFFFF829
FFFFF8FE
FFFFFD64
000002B4
0000056B
000005D0
0000006E
0000042E
00000170
FFFFFD11
000004DC
0000049D
FFFFFCCC
00000300
00000251
0000008D
00000100
00000119
000002BA
00000233
FFFFFDF2
00000052
00000051
FFFFFB79
0000022C
FFFFFBAA
00000064
FFFFFE58
000001AA
FFFFFF6E
00000098
FFFFFA55
FFFFFAB0
000002C3
FFFFFC4F
00000011
00000576
FFFFFEFB
FFFFFE83
FFFFFA41
FFFFFC2D
FFFFFD8D
0000009A
000002B8
FFFFFCA3
FFFFFE0D
FFFFFE2B
00000088
000000AD
00000077
FFFFFFA8
FFFFFCCF
0000002B
0000028D
00000216
000000C0
FFFFFD89
FFFFFB07
FFFFFFF0
FFFFFF81
FFFFFADE
FFFFFD56
0000003E
000003E7
000000B2
FFFFFB29
FFFFFE08
0000029F
0000011D
00000722
0000009E
0000034A
0000004B
000001B4
FFFFFFC8
FFFFFDD8
000000DE
FFFFFCBC
FFFFFF8B
FFFFF937
FFFFFE66
FFFFFFE6
00000131
FFFFFA8E
00000403
00000413
FFFFFF8D
00000005
FFFFFE2B
00000718
000001ED
000002F9
FFFFFE26
FFFFFEA5
000002DC
FFFFFEE3
FFFFFD1C
FFFFFA35
00000283
FFFFF9EF
00000307
FFFFFCE1
00000140
00000185
FFFFFE35
00000170
FFFFFFDE
FFFFFE56
FFFFFC26
FFFFF9F4
00000262
00000062
00000217
FFFFFEB1
FFFFFC22
FFFFFB1A
FFFFFF0C
00000041
0000037E
000000D4
FFFFFC47
0000000B
FFFFFF0D
FFFFFE9A
FFFFFDD3
FFFFFA2D
FFFFFEB5
000003BE
0000025E
00000488
0000029F
000002FF
00000198
000001C0
0000031F
FFFFFDC7
FFFFFB01
FFFFFAE6
FFFFFC98
00000095
00000059
FFFFFF4F
FFFFFF80
FFFFFFEA
00000390
FFFFFAD3
00000044
FFFFFEE6
FFFFFF6E
FFFFFC9D
FFFFFC82
FFFFFAF0
000001DE
FFFFFF91
0000010C
00000319
00000686
FFFFFE12
FFFFFE2D
FFFFFFC8
FFFFFE29
FFFFFFEA
0000046F
FFFFFCC7
FFFFFDA3
0000000E
00000254
00000350
FFFFFE10
FFFFFE0E
FFFFFC41
000003AB
00000534
FFFFFDBD
0000000F
FFFFFB4E
00000051
FFFFFF92
00000132
00000181
FFFFFBF5
FFFFFCDD
FFFFFF4E
FFFFFCFA
00000256
FFFFFFB4
FFFFFB44
FFFFFCC6
FFFFFE9F
FFFFFF6E
000004BB
FFFFFAB5
000001ED
FFFFFFD8
FFFFFC8D
FFFFFBC1
FFFFFB5B
FFFFFCF7
000000E3
FFFFFD9F
FFFFFDF8
FFFFFF59
FFFFFB94
00000371
00000374
000002BF
000000B9
000000DD
FFFFFC36
000002C8
FFFFFC33
FFFFFF57
00000207
FFFFFF02
FFFFF940
FFFFFECE
FFFFFA68
00000274
FFFFFD34
FFFFFD8F
00000050
FFFFFC7E
000002BB
FFFFFC9A
000002BA
FFFFFE16
FFFFFDAA
000002F6
FFFFFFCF
00000315
000000A1
FFFFFEDF
000000CE
00000219
FFFFFDD0
FFFFFCB5
FFFFFEB1
0000029C
000001EC
000004FE
000001E8
FFFFFA62
FFFFFE09
0000015E
000005D5
000000A4
FFFFFB2E
000006B6
000002B0
FFFFFC74
FFFFFE89
FFFFFD80
000002E7
000000E1
00000192
FFFFFBD3
FFFFFDA6
FFFFFB3C
FFFFFF8A
FFFFF9D0
00000152
000002E6
FFFFFEED
00000113
00000233
000005BA
000007C9
00000667
FFFFFB79
FFFFFC4E
FFFFFFE6
0000011D
00000550
000004FC
FFFFFBC7
FFFFFDD2
000001AF
FFFFF9D6
FFFFFD00
00000242
FFFFFE5D
FFFFFD5D
FFFFFF0B
FFFFFE77
FFFFFD6A
FFFFFF38
FFFFFE8D
FFFFFAF1
0000015A
00000145
000001A9
FFFFFCEA
FFFFFC62
00000044
FFFFFDE0
00000161
00000187
FFFFFAEC
FFFFFB7F
FFFFF678
00000436
FFFFFD5B
00000103
0000048F
FFFFFC89
FFFFFC92
000002E1
FFFFFD8C
00000218
00000243
00000641
FFFFFF75
FFFFFE3D
FFFFFF78
FFFFFF24
FFFFFECE
000005D5
00000579
000002F8
000001B6
FFFFFFCE
FFFFFDD5
FFFFFD5B
000002BD
00000004
000001E7
FFFFFD7C
00000287
0000005C
FFFFFFD4
FFFFFE68
000000C8
000000BA
FFFFFC3E
FFFFFDCD
FFFFFC6D
FFFFFF74
FFFFFDA3
FFFFFF65
FFFFFD2D
FFFFFFEA
FFFFFBDA
FFFFFD50
00000049
00000505
FFFFF9DB
FFFFFAB9
FFFFFE40
000005ED
000007AF
FFFFFEA9
FFFFFEFF
FFFFFAB2
FFFFF951
FFFFFD61
0000001B
FFFFFC15
000002AD
000000CE
00000371
FFFFFD0F
000000C6
FFFFFC81
FFFFFEA1
00000323
00000096
FFFFFFDA
FFFFFF4D
000003D4
00000064
FFFFFDA1
000000C2
FFFFFD6B
00000169
00000159
FFFFFEFF
0000013A
FFFFFDBA
FFFFFD65
FFFFFD27
FFFFFEAE
FFFFFC6E
FFFFFC72
000001B3
FFFFFD8E
0000046D
00000056
00000309
FFFFFCC0
FFFFFF61
FFFFFDC8
FFFFFEDC
00000079
FFFFFEB6
000000B9
00000242
FFFFFE2F
FFFFFD54
FFFFFFDA
FFFFFD6A
FFFFFEBD
000000CE
FFFFFD15
00000422
000004E8
FFFFFD51
FFFFFEDE
FFFFFC12
0000008D
FFFFFE43
00000060
FFFFFD1E
00000382
000001AF
0000019D
00000213
00000019
FFFFFCAA
FFFFFDAC
FFFFFEC2
FFFFFEC7
FFFFFE64
000000FE
0000029A
000002C9
00000556
FFFFFE14
0000009C
0000042C
000003DD
FFFFFE82
00000042
000002B4
FFFFFD81
00000514
00000674
FFFFFDAF
FFFFFFC4
0000025A
0000024A
FFFFFE6A
000000A0
FFFFFC97
00000043
00000285
FFFFFED4
0000028D
00000165
FFFFFC26
FFFFFE6C
FFFFFB63
FFFFFC0A
000002BF
FFFFFC4C
000001F5
FFFFFF62
FFFFF9DC
FFFFFEE2
FFFFFEE6
FFFFFDD7
FFFFFFB6
0000000A
00000263
000000FF
FFFFFE5F
FFFFFF84
000003A9
00000280
FFFFFDA5
000002F6
000001DF
FFFFFE79
00000033
000001D9
FFFFFE25
FFFFFAEB
00000060
FFFFFD64
00000270
000004A2
00000297
00000000
FFFFFE9D
00000005
000003D0
FFFFFFBB
FFFFFBB7
FFFFFAFD
FFFFFDEE
FFFFFD5D
00000182
000001D4
FFFFFA2F
FFFFFF8E
00000025
00000166
0000030F
000003D7
FFFFFF86
00000762
00000265
FFFFFF26
FFFFFE9E
FFFFFAD2
000003DD
00000650
000004AA
00000233
000001B9
00000297
00000143
FFFFFFF5
FFFFFCCB
FFFFFD35
000001F1
FFFFFFEF
FFFFFDB0
FFFFFF14
FFFFFFBB
00000213
00000393
0000028E
000002EC
000000C6
000000B5
000001D0
FFFFFE64
FFFFFBA6
0000035D
000000EA
FFFFFC2F
FFFFFF09
FFFFFB13
000000CA
00000319
00000203
FFFFFD07
FFFFFC92
FFFFFB27
FFFFF96C
FFFFFE7E
000002C9
000002FE
FFFFFD10
FFFFFA60
FFFFFF36
00000096
FFFFFFDC
FFFFFF80
00000357
FFFFFF26
FFFFFB39
000001DF
00000060
FFFFFF6F
FFFFFFBC
FFFFFE21
FFFFFDA1
FFFFFE6B
FFFFFBB7
FFFFFE39
FFFFFB71
FFFFFD56
FFFFFAC2
FFFFFCB5
00000030
FFFFFE6D
00000032
FFFFFFEB
FFFFFFF0
FFFFFDBE
FFFFFD65
FFFFFCB9
FFFFFEC5
FFFFFCE4
00000436
FFFFFC72
00000008
00000007
FFFFFEA6
00000303
00000038
FFFFFF20
000000DF
000004E0
00000253
FFFFFC94
FFFFF876
FFFFFEF8
0000010C
000004F9
0000044E
FFFFFE9A
000002E7
FFFFFC93
000000B2
00000259
000001E2
00000164
00000187
FFFFFD43
FFFFFAAE
FFFFFA96
FFFFFE01
0000032C
FFFFFFAC
FFFFFE87
000001DD
0000010B
0000006D
FFFFFBE6
FFFFFFD9
0000033D
0000024A
FFFFFC38
FFFFFCFA
FFFFFEA9
FFFFFFB9
0000035D
000003D4
00000502
0000028D
0000002B
00000264
FFFFFD56
000002DB
FFFFFB81
FFFFFC44
FFFFFA53
FFFFF955
FFFFFF31
000005B3
FFFFFEAE
00000233
FFFFFF7F
FFFFFF00
0000026F
FFFFFB2B
FFFFFE1B
FFFFFFBA
FFFFFE39
000002B2
00000258
0000019E
000002BE
0000012B
0000004F
FFFFFD0C
FFFFFB8E
FFFFFAB0
0000007A
FFFFFB3B
000002CE
000000B1
FFFFFD42
FFFFF84A
FFFFFEF3
FFFFFDEB
0000033C
FFFFFAB8
FFFFFD2E
00000197
000000D2
FFFFFE12
FFFFFE9E
FFFFFD5F
FFFFFCA1
FFFFFBD3
000002B3
00000217
0000014F
FFFFFC5B
FFFFFB8B
FFFFFCF7
FFFFFFCC
FFFFFFF4
FFFFFF13
000000F2
00000063
FFFFFF5C
FFFFFDC3
FFFFFEE0
FFFFFB42
00000232
000001EC
FFFFFC1E
FFFFFC0B
000001C2
FFFFFE5E
FFFFFFCE
FFFFFFE3
FFFFFD5F
0000028D
FFFFFDEB
00000126
0000004B
FFFFFB2C
FFFFFE9C
FFFFFEAE
FFFFFF97
0000003B
FFFFFAEA
FFFFFF92
0000038B
00000305
FFFFFC8B
0000004E
FFFFFFC4
FFFFFBE9
0000028F
000000DD
FFFFFECF
FFFFFD9C
FFFFFD84
00000582
FFFFFDC0
000003D6
FFFFFEE3
00000596
000000FD
0000032B
FFFFFDC5
FFFFFF7F
00000433
FFFFFF2C
FFFFFF04
000002AB
000001E9
0000017E
00000004
FFFFF9D6
00000476
FFFFFA7F
FFFFFECB
FFFFFF72
FFFFFD70
FFFFFE66
FFFFFBB7
FFFFFCAF
FFFFFBDB
00000075
00000136
0000025D
00000080
000002CB
FFFFFB2E
FFFFFFAA
000001A8
FFFFFFC1
0000046C
000000CB
FFFFFF14
000003F6
FFFFFC4E
00000383
0000007E
FFFFFE90
FFFFFC83
00000105
FFFFFEAC
0000085F
0000035C
0000001A
FFFFFD0E
FFFFFE9B
FFFFF9D1
0000074E
00000558
FFFFFF06
FFFFFEFC
000004F5
00000447
FFFFFE9E
0000005E
000001D0
000001E7
00000309
000000C9
FFFFFC16
00000328
000003F3
0000003F
000002FF
00000227
00000154
FFFFFFB9
FFFFFB64
000001D2
00000481
FFFFFD45
FFFFFECA
FFFFF8B2
000001FF
000001AA
000003A1
FFFFFF9C
FFFFFD78
FFFFFE92
0000028E
FFFFF865
FFFFFF05
00000236
FFFFFAEC
FFFFFF21
FFFFFDEF
FFFFFDCE
000000C4
FFFFFD5F
00000288
FFFFFDEA
00000021
FFFFFF41
00000350
FFFFFC14
000004D5
FFFFFCBE
000000CE
FFFFFFEE
0000021C
00000498
0000006D
00000070
00000021
000003EF
00000476
00000285
00000260
00000162
0000012E
000001C7
0000004F
FFFFFD59
0000019A
FFFFFF4E
FFFFFF01
FFFFF8A9
000003A2
00000354
000006D1
00000501
FFFFFB57
FFFFFF3C
FFFFFF0C
00000127
000000E9
FFFFFCE1
FFFFFE7F
FFFFFE7F
00000032
FFFFFFFA
000000B3
FFFFFC1F
FFFFFC14
FFFFFD62
000002B8
000002D3
FFFFFF73
FFFFFCCB
FFFFFBF1
FFFFFCD2
FFFFFED5
000000A0
00000282
00000326
FFFFFFE7
00000349
00000014
00000048
0000010A
000001BD
FFFFFC28
00000215
FFFFFE7A
FFFFFDEE
00000071
000001EE
0000006A
FFFFFFD2
000000F6
0000016A
0000013E
000000D9
00000168
00000167
FFFFFED9
00000276
FFFFFE8B
FFFFFD8C
FFFFFE9E
0000016D
FFFFFD1F
000000D4
FFFFFFA7
0000040C
FFFFFFB7
00000570
00000404
0000003C
FFFFFE29
FFFFFD7B
00000315
FFFFFD97
00000146
0000017D
FFFFFD81
00000164
FFFFFBFC
000000E2
FFFFFED0
000002AE
000003AD
FFFFFE23
FFFFFC1C
00000230
FFFFFFE8
00000156
000001C4
00000115
000000D0
FFFFFEB4
0000004D
FFFFFF8E
FFFFFC47
FFFFFEE4
00000138
0000039C
000000F8
000005F4
FFFFFEB0
0000037C
FFFFFC24
FFFFFD17
FFFFFCFC
00000186
0000003B
00000087
00000065
FFFFFE60
FFFFFD2B
FFFFFF86
FFFFFD68
0000016A
00000300
FFFFFE1A
FFFFFF1B
FFFFFDE6
FFFFFF6B
0000004A
FFFFFD90
00000490
000003F7
00000004
FFFFFEF5
FFFFFE9E
FFFFFC60
00000350
0000033F
000003D4
FFFFFC5A
0000007D
FFFFFF03
FFFFFEFA
FFFFFD9B
00000012
FFFFFDBD
00000099
FFFFFFF7
0000008B
000002A7
000001D9
FFFFFD46
00000048
000002F7
FFFFFF35
00000143
000004F7
FFFFFDA3
00000467
FFFFFE9D
000003DD
0000028F
00000242
FFFFFCFA
00000329
FFFFFD92
000001F6
000004A9
00000278
0000052C
0000007B
FFFFFFC6
FFFFFFFE
00000387
0000001C
00000016
00000197
FFFFFFBD
FFFFF98D
FFFFFD38
FFFFFC49
FFFFFA87
000001C8
00000153
FFFFFD0D
FFFFFBF9
FFFFFD8F
00000456
000000E3
00000366
FFFFFB9B
FFFFFCE1
00000354
FFFFFE48
FFFFFE09
FFFFFCCB
FFFFFA26
0000047C
0000049B
FFFFFDD2
FFFFFF7D
FFFFFD34
FFFFFF31
FFFFFC95
00000127
00000063
FFFFFADD
00000149
00000014
000002C9
FFFFFD22
00000009
FFFFFD40
000000BB
FFFFFACC
FFFFFBEE
000000F3
000003EA
FFFFFE89
FFFFFE97
00000481
00000245
0000022E
FFFFFE71
FFFFFFAF
00000324
000000E7
0000028F
FFFFFC12
000002A7
000002B1
FFFFFDD9
FFFFFD5E
000001AD
FFFFFF9B
000000B1
00000336
00000285
000001B2
FFFFFAF3
0000023E
000006CE
FFFFFE86
00000398
000003FF
FFFFFD6B
000005A7
FFFFFFF7
FFFFFED5
00000373
0000017D
FFFFFF4C
0000010B
0000035C
00000084
FFFFFB38
000003E6
00000267
0000023C
FFFFFD19
FFFFFF11
FFFFFF26
00000591
FFFFFFBD
FFFFFAA8
FFFFFE25
FFFFFFFE
FFFFFDC0
0000028E
FFFFFD3A
FFFFFCAF
FFFFFFBC
0000002A
FFFFFF9C
000000FE
0000017E
FFFFFDCE
000003BD
0000039B
000001F4
FFFFFE5E
FFFFFE00
FFFFFF28
FFFFFAE5
FFFFFEA4
00000128
FFFFFB3B
FFFFFD7B
FFFFFD1A
FFFFFD1F
FFFFFC57
00000447
0000043A
00000313
FFFFFF6C
FFFFFB2A
FFFFFE31
FFFFFF40
000004C7
000002D1
FFFFFF16
000002DB
FFFFFDC6
FFFFFAA6
00000002
0000059D
00000271
00000493
FFFFFD1F
FFFFFCD6
0000009D
0000009D
FFFFFF7C
00000130
FFFFFCDE
000001C5
FFFFFFFB
0000000E
FFFFFDF1
FFFFFB21
00000204
FFFFFCE2
000000D3
FFFFFE50
00000151
00000081
FFFFFF39
0000002C
00000356
0000017A
00000387
FFFFFF75
000003C9
FFFFFD16
FFFFFFBB
FFFFFAF4
FFFFFEA2
FFFFFAD9
0000002F
FFFFFD35
FFFFFD4B
FFFFFEA0
FFFFFDDF
FFFFFEC2
FFFFFE7A
FFFFFFD4
000002E6
FFFFFFE2
00000267
FFFFFDC5
FFFFFD71
0000009D
FFFFFD4A
FFFFFCD2
FFFFFDEC
FFFFFFA4
00000348
FFFFFF4B
FFFFFDF3
FFFFFE68
FFFFFD41
FFFFFD02
FFFFFE01
FFFFFC0D
FFFFFC68
000000F6
000000DC
00000055
000001DC
FFFFFDBC
0000020B
FFFFFFDE
FFFFFB4A
FFFFFC7C
FFFFFF0C
FFFFFEE6
000004A4
FFFFFED5
00000384
000001D0
FFFFFF64
00000181
00000112
0000026B
FFFFFDFF
FFFFFA24
FFFFFC19
FFFFFCA1
000001F4
00000330
FFFFFE93
00000000
FFFFFB9D
FFFFFDA8
FFFFF934
0000002C
FFFFFD39
00000382
FFFFFD8D
000002D2
FFFFF9E1
00000062
0000042A
FFFFFF2E
0000048B
FFFFFC85
FFFFFEE0
FFFFFE1D
00000327
00000537
000000CF
00000159
FFFFFBE2
00000124
0000024F
000004BD
00000239
FFFFFD13
FFFFFE85
FFFFFC79
FFFFFDE9
00000056
FFFFFD54
FFFFFF04
0000022F
00000020
FFFFFFFB
000000AB
000001D6
FFFFFFA0
FFFFFFDC
FFFFFEF2
FFFFFF61
FFFFFDE0
FFFFFE5B
FFFFFD77
000001EE
000002A8
000000E6
000001E0
000003EE
00000435
FFFFFABC
000004C9
0000041D
00000054
FFFFFF9C
FFFFFEE1
FFFFFD52
FFFFFCD2
00000590
FFFFFEBB
00000477
FFFFFFA0
FFFFFD28
0000004E
00000340
FFFFFE0C
00000203
0000070C
00000303
00000079
FFFFF9A6
FFFFFC66
FFFFFE72
FFFFFAE1
FFFFFCA8
FFFFFF38
FFFFFF13
00000005
FFFFFB12
000004FE
FFFFFD95
FFFFFEA2
00000556
FFFFFB5A
0000042F
FFFFFDE9
000001D9
00000220
000000D2
FFFFFF2C
0000013D
00000561
00000183
0000062A
00000261
00000078
FFFFFBAD
000000AD
00000367
00000237
000007EF
FFFFFD54
000003CD
0000035B
FFFFFE93
0000016B
FFFFFCC4
00000552
00000151
00000141
FFFFFFE7
FFFFFF24
FFFFFF8A
000005BA
00000487
00000269
00000464
0000025E
0000018A
00000012
000004A6
000002FB
0000036D
FFFFFED2
00000437
FFFFFBE0
000006AC
00000486
000001EF
0000008B
FFFFF990
0000012C
FFFFFBC2
00000032
FFFFFBFC
000003A8
00000051
000000C9
00000372
000005B1
0000005E
000004B2
000001FF
0000023A
00000425
00000333
000001C1
00000034
00000171
FFFFFA05
FFFFFE4C
000000DD
0000022A
00000089
FFFFFC97
000001A4
FFFFFF63
FFFFFBD3
FFFFFB75
000005CD
00000240
FFFFFED3
0000001B
0000038B
FFFFFD82
FFFFFF81
000002B7
FFFFFF37
FFFFFAE9
000001AC
00000216
00000030
FFFFFEF6
00000174
000002BC
000004D5
FFFFFFC4
000000B4
0000059B
FFFFFCAF
FFFFFE86
00000139
FFFFFBF6
000005D7
FFFFFD1F
00000215
0000034E
000001D0
00000523
000001F4
00000117
FFFFFF97
FFFFFEBA
000005F8
FFFFFE0C
FFFFFE99
00000140
FFFFFEF9
00000452
00000083
FFFFFFCE
FFFFFFA8
FFFFFF35
0000030A
0000013F
00000617
000004BB
00000615
0000078B
000003E7
0000010F
00000532
000001A4
000005FE
0000033C
FFFFFADE
000000C6
00000230
FFFFFC28
FFFFFC87
FFFFFF2B
000005E3
0000028C
FFFFFFCB
000002AB
FFFFFF23
00000117
00000804
FFFFFFB0
00000476
FFFFFD14
000000B6
000003EF
00000523
00000188
FFFFFD16
FFFFFFB6
FFFFF8B1
000005E6
00000417
00000360
000005F2
000001AB
000004A0
00000403
000001DB
FFFFFFFF
0000049A
FFFFFC1F
00000050
FFFFFA5C
00000426
00000028
00000204
FFFFFE32
FFFFFF8A
FFFFFFFB
00000363
0000000B
FFFFFFC2
FFFFFD7D
00000099
FFFFFA28
FFFFFDA7
FFFFFBE0
FFFFFDC2
0000004D
00000471
FFFFFF06
FFFFFBB9
FFFFFF9F
FFFFFE18
FFFFFC9C
FFFFFA64
FFFFFBE4
000001DB
FFFFFCAD
000000A6
FFFFFC92
FFFFFD98
FFFFFE24
FFFFFDE9
00000152
FFFFFD9E
FFFFFEC3
0000014E
FFFFFC57
FFFFFA4D
FFFFFA27
000003D5
000001BC
FFFFFFC5
FFFFFA75
FFFFFC6E
FFFFF8D6
FFFFFC2E
FFFFFC3D
FFFFFD6F
000002FF
FFFFFEA9
00000087
FFFFFDEF
000000A6
FFFFFD07
00000786
0000041B
000009E7
00000021
FFFFFEC5
FFFFFE5B
00000654
FFFFFC91
00000431
000002BD
00000743
0000012D
000003D3
0000009C
FFFFFAD4
000004C5
FFFFFBFC
FFFFFE36
0000002E
000002B0
FFFFFB0F
000001F6
FFFFFD06
0000030F
FFFFFF8F
0000006F
FFFFFD4A
00000078
00000253
00000624
0000013F
0000004A
00000686
FFFFFC6C
0000000E
FFFFFDB2
0000021A
0000034C
000002BA
00000136
00000555
0000032D
FFFFFBB6
FFFFFFE2
00000383
00000029
FFFFFB90
000000BE
0000000B
0000010C
00000365
FFFFFBB3
FFFFFEEB
FFFFFD2B
FFFFFC51
FFFFFA45
FFFFFFFC
0000045D
0000015C
FFFFFE3C
FFFFFC7E
00000132
0000027C
00000737
00000269
FFFFFEE6
000007D7
00000222
0000044F
0000037A
00000170
0000047A
00000216
00000115
FFFFFD27
00000403
FFFFFED2
0000009A
000000F8
FFFFFFC4
FFFFFB70
0000004E
FFFFFC33
0000012F
FFFFFCE2
FFFFFF5B
FFFFF94D
000003A8
FFFFFB17
000001A1
000000E2
FFFFFCBC
00000089
0000016B
FFFFFC5D
FFFFFC2A
FFFFFD90
FFFFFD84
00000103
FFFFFE04
FFFFFB42
FFFFFC72
000000EF
00000123
000000ED
FFFFFBF1
FFFFFFC5
FFFFFCB0
000000A0
FFFFFF70
FFFFFD21
FFFFFF93
000000DA
FFFFFA23
FFFFFF46
FFFFFFE3
000000CF
00000027
FFFFFECC
000000A6
FFFFFCEE
000001D1
000003BF
FFFFFE2C
00000390
FFFFFC90
0000016F
0000007E
FFFFFEEF
000000C8
FFFFFF75
00000012
00000071
FFFFFDA4
0000035C
FFFFFFBB
FFFFFED0
FFFFFA8D
FFFFFA61
00000664
FFFFF6F3
FFFFFEAA
FFFFFC4A
0000045E
0000014A
00000088
00000008
00000049
FFFFFF17
000003EA
000002CF
000002E2
FFFFFF8C
00000196
FFFFFD08
FFFFFB80
000005BA
0000057F
00000260
FFFFFCA4
000001BF
FFFFFD2E
FFFFFE0D
FFFFFECE
FFFFFB51
FFFFF9B3
000003F5
FFFFF8BB
000000A6
FFFFFF98
0000037D
FFFFFF51
000002E6
FFFFFF33
FFFFF9D1
00000363
FFFFFFEB
00000050
00000253
0000005E
FFFFFFF9
FFFFF960
FFFFF9C3
FFFFFC3E
0000057B
FFFFFE1A
000002DC
000002EB
000000DD
00000089
000002B4
FFFFFE65
00000047
FFFFFE87
FFFFFE30
000001D5
00000145
FFFFFA8B
FFFFFE83
FFFFFE9F
FFFFFF3F
00000368
FFFFFEB1
00000567
00000086
0000022C
000000F9
FFFFFDB4
FFFFFB9F
FFFFFF03
FFFFFF12
FFFFFF82
00000276
FFFFFCB0
FFFFFE81
FFFFFDED
FFFFFBA5
FFFFFB18
FFFFFEC9
0000026D
FFFFF8C5
FFFFFD43
FFFFFE12
FFFFFF00
FFFFFD4A
FFFFFE36
FFFFFC5C
00000187
0000044A
FFFFFE1E
FFFFFC0C
0000017E
000002C0
FFFFFBFF
FFFFFFDB
FFFFFF2A
000005D9
FFFFFBCD
00000620
00000096
00000804
FFFFFE4A
000005D7
000002C2
000001C3
FFFFFD7B
FFFFFF34
FFFFFFC2
FFFFFBAB
FFFFFB2F
0000026F
FFFFFF35
000004CC
FFFFFED1
00000044
FFFFFD6A
000003DE
000001EE
000003A6
00000705
00000261
FFFFFB20
000005A5
FFFFFCA6
FFFFFE1B
000001FC
FFFFFAFB
000001B7
FFFFFB74
00000311
000003DC
FFFFFEA7
FFFFFF70
FFFFFFF9
FFFFFF6E
FFFFFC6F
00000218
FFFFFD8F
00000444
FFFFFBAA
FFFFFB9F
FFFFFDF0
000001B8
FFFFFF20
FFFFFC1A
00000445
000001CD
0000007D
000000D0
0000043C
000007D2
FFFFFCE8
FFFFFDF3
FFFFFA2A
FFFFFE06
FFFFFC4E
000005FF
000004B2
FFFFFB90
00000018
000004D0
00000752
00000282
000000FF
FFFFFD93
00000085
00000570
FFFFFF6A
000002E9
FFFFFD1F
FFFFFF69
000001BA
0000010B
FFFFFCE2
000001B8
FFFFFAD8
FFFFFB48
FFFFFC4C
FFFFFED4
00000181
FFFFFBA9
FFFFFA59
FFFFFED4
FFFFFCFE
000004D8
FFFFFB7F
00000184
000000C7
000000A4
00000189
000001A5
00000235
FFFFFBEF
FFFFFCDC
FFFFFC56
FFFFFB0E
FFFFFB4A
FFFFFE97
FFFFFE5E
FFFFFF6F
000003DF
000003EC
FFFFFC57
0000018E
FFFFFFDA
00000171
00000305
00000255
00000213
000003BF
FFFFFC6A
FFFFFFFB
FFFFFEA5
FFFFFE3A
FFFFFC29
000001B0
FFFFFEAD
FFFFFA9E
00000072
FFFFFF7C
FFFFFD51
00000521
FFFFFF79
00000067
FFFFFCD3
FFFFFD76
00000482
FFFFFC5B
00000538
000004E2
00000511
000002EE
000004D4
000001F9
0000071A
FFFFFF10
000005C2
00000587
00000109
FFFFFF6D
FFFFFF73
000002BE
00000164
00000354
000004DC
FFFFFFDA
00000379
FFFFFF13
FFFFFD16
FFFFFCBA
000001A8
FFFFFD2D
00000370
00000593
FFFFFE42
000005D1
FFFFFD68
FFFFFED3
FFFFFC36
FFFFFA76
00000271
FFFFFB60
FFFFFF09
FFFFFDB8
0000020B
FFFFFB15
FFFFFEBF
FFFFFEB9
0000001D
FFFFFCB3
FFFFF92C
FFFFFB1C
00000031
FFFFF943
00000685
0000016F
FFFFFE09
000001BA
0000040C
00000353
00000310
00000360
00000763
000001E3
000002AB
FFFFFB3D
00000222
FFFFF842
00000006
FFFFFEC6
FFFFFC83
0000045B
FFFFFD18
00000103
000001FD
FFFFFF29
0000044B
FFFFFD4D
FFFFFCE1
FFFFFEC5
FFFFFAB7
FFFFFE8B
00000272
00000086
000003C6
0000051A
FFFFFF91
FFFFFDD5
FFFFFEAC
FFFFFFC9
FFFFFEB8
00000638
0000034C
00000481
00000682
00000112
0000040B
00000209
000003D2
00000075
000001B8
00000268
00000172
00000010
FFFFFC08
00000028
00000209
0000046F
0000008C
000002D9
000005D0
FFFFFE82
000005C1
000004A1
000002BB
00000657
00000300
0000005C
0000036E
00000064
FFFFFEF7
FFFFFF82
FFFFFCB1
FFFFFBA6
FFFFFE55
0000005B
FFFFFE57
FFFFFD40
FFFFFE9E
FFFFF9A5
FFFFFCC6
FFFFFCE1
FFFFF955
FFFFFE8A
FFFFF9E1
00000019
00000424
000008AD
000001E6
0000053A
000008F6
000007E4
00000151
00000445
000003FA
0000023E
FFFFFF04
FFFFFDDE
0000013C
FFFFFC97
FFFFFC48
FFFFFD76
FFFFFF13
FFFFFC89
0000010A
FFFFFBC9
FFFFFF24
FFFFFE67
FFFFFFBF
FFFFFC59
FFFFFDD6
0000008F
FFFFFDC2
FFFFFDB5
FFFFFE50
0000025A
FFFFFFF7
FFFFFC69
000002D7
0000002B
0000014A
FFFFFD6B
FFFFFB36
000000CB
FFFFFE7A
FFFFFE7F
FFFFFB7D
FFFFFF65
00000165
FFFFFC9B
FFFFFE20
FFFFFF39
000002D5
0000024B
00000309
FFFFFC9B
00000419
000004D3
FFFFFC10
FFFFFC7D
000000CB
000003B7
000003AE
0000033F
0000037C
000001EF
FFFFFC70
000003B4
FFFFFDFB
FFFFFD6F
0000024C
00000212
FFFFFF75
FFFFFECF
0000011F
00000243
000002A3
000002C1
FFFFFF5D
00000267
FFFFFDDD
000001C3
0000023D
FFFFFC59
00000161
FFFFFFD1
FFFFFE37
0000006C
00000060
000002FD
00000376
FFFFFC68
FFFFFECA
00000308
000000C9
FFFFFE99
FFFFFCF3
FFFFFADB
FFFFFFCC
00000002
FFFFFB17
FFFFFAE6
FFFFFBE5
FFFFFB9F
FFFFFE2E
FFFFFDB3
000000B3
FFFFFFE6
FFFFFFE3
00000104
000000BA
FFFFFF38
0000014C
FFFFFB1A
00000175
000001D7
FFFFFFC4
0000005F
FFFFFC59
0000005E
FFFFFDE5
00000097
FFFFFEB7
FFFFFBE9
000001B8
00000164
FFFFFFAD
FFFFFE98
FFFFFC4E
FFFFFE42
000000A5
0000025D
00000205
FFFFFC85
FFFFFFF2
FFFFFC74
00000191
FFFFFD60
FFFFFCE6
FFFFFE5F
0000008C
FFFFFDB0
0000053C
0000037F
00000132
FFFFFC62
0000018B
FFFFFFD4
FFFFFF9F
00000381
00000031
FFFFFCA5
000002E2
00000070
000006A4
FFFFFEA6
FFFFFCCE
000003BB
0000032B
00000426
000001D8
000002AE
000002B8
0000054E
000003F0
0000046F
FFFFFF58
FFFFFC7C
00000341
00000341
000004E4
0000039D
0000043F
000002F1
000004B3
FFFFFE3A
00000335
00000151
FFFFFB42
FFFFFB85
FFFFFC3D
FFFFFBED
FFFFFD1C
0000018F
FFFFFE28
FFFFFCE7
00000131
000002A0
0000020D
000000A0
FFFFFB58
000003F7
0000034A
000001DB
FFFFF6B3
FFFFFAA4
FFFFF924
FFFFFAEB
FFFFFEC0
00000112
FFFFFB2E
FFFFFAE2
00000102
000001D2
0000002E
000003E7
00000352
0000024D
000002B8
FFFFFC4A
00000036
0000014C
FFFFFE70
FFFFFF45
00000144
000000CD
FFFFFD24
FFFFFB9A
00000070
00000063
0000033E
0000063B
FFFFFE88
FFFFFF8C
0000012E
0000035D
00000608
0000039A
00000254
00000326
000003B4
000000AD
FFFFFB38
0000013C
FFFFFCF9
FFFFFFD3
FFFFFF4E
0000004F
000004B7
00000383
FFFFFE3C
FFFFFC9F
000003A9
000002A4
000000F4
FFFFFCE0
FFFFFB54
FFFFFF11
000004B7
00000647
000003FB
0000041D
00000596
000004B9
00000361
FFFFFFC5
FFFFFFE1
00000145
FFFFFE30
FFFFFE7B
FFFFFD31
FFFFFB39
00000213
FFFFFCA5
00000347
FFFFFCD3
FFFFFAFC
0000009C
000001D3
00000010
FFFFFABD
FFFFFF88
FFFFFAEF
FFFFFD07
FFFFF9D4
FFFFFECC
000000AE
0000031C
00000166
FFFFFD5B
00000231
FFFFFD32
0000007E
000002B5
FFFFFB06
FFFFF981
FFFFFDAD
FFFFFDC1
FFFFF987
FFFFFD09
FFFFFB2D
FFFFFB86
00000261
FFFFFE5A
FFFFFC72
00000053
000002C3
FFFFFF25
00000147
FFFFFBFF
000000D9
FFFFFF26
00000314
FFFFFFAC
FFFFFF2B
FFFFFE7F
000001AF
000004FE
FFFFFDD5
00000290
0000030A
00000084
0000059D
000000D6
000005B9
00000410
00000736
000008C7
00000346
00000896
0000024F
0000015B
FFFFFFDC
FFFFFC8E
FFFFFBCC
FFFFFF58
FFFFFEED
00000356
FFFFFE02
000002E4
FFFFFA06
FFFFFCE1
FFFFFF20
000001F1
FFFFFBFC
FFFFFFE1
FFFFFF51
FFFFF9FA
FFFFFFBB
FFFFFF17
FFFFFDDE
FFFFFF3F
FFFFFE3F
000004FE
00000539
FFFFFCF7
FFFFFF64
00000414
FFFFFC67
FFFFFEDB
FFFFFE79
FFFFFC89
00000338
00000308
0000007E
0000024E
FFFFFC84
00000112
00000171
FFFFFDF9
00000221
000000BA
FFFFFEA7
FFFFFE59
0000030C
FFFFFE3E
00000478
0000061E
0000067A
00000439
000003DE
00000035
00000445
000001DE
0000025E
00000114
000001FD
FFFFF7DD
00000131
FFFFFEE2
FFFFFC6A
00000221
FFFFFC70
000007FF
00000614
0000002B
00000785
000001F3
000003C0
000004BA
FFFFFF0E
000000D6
0000070D
000002F9
FFFFFB00
FFFFFB5B
FFFFFB55
FFFFF854
00000184
00000342
FFFFFAA4
FFFFF935
00000567
FFFFFB26
00000281
000002A0
00000710
FFFFFDCE
FFFFFE4C
FFFFF6C8
000004DD
000000A0
FFFFFE51
00000265
FFFFFD24
FFFFFE9D
FFFFFF06
000007E9
FFFFFEB9
FFFFFEB6
000000B1
00000356
FFFFFF6C
FFFFF9ED
FFFFF773
0000071D
000000DF
000005BE
00000366
FFFFFF0A
FFFFF7D0
FFFFFC03
00000A73
00000934
00000316
0000032C
000003C8
FFFFFCDE
000002FB
0000069F
FFFFFF9F
FFFFFBA0
00000774
FFFFFFD5
FFFFFE83
0000014E
0000000E
FFFFFE2F
00000561
0000008B
FFFFFD61
FFFFFFBF
FFFFFF29
00000705
000007EF
00000165
FFFFFE62
FFFFF7CD
00000100
000000EF
00000243
FFFFFD35
FFFFFF6D
FFFFF818
FFFFFEED
00000164
000002E4
000001C9
000006B6
00000318
0000078D
FFFFFD5F
FFFFFEF4
000001CF
FFFFFE13
0000060B
0000018E
FFFFFDAB
00000696
0000012A
FFFFFC99
FFFFFFD1
FFFFF871
0000096D
FFFFF623
00000164
FFFFF583
FFFFFEF7
000004F6
000003D8
FFFFFE43
FFFFFDD1
FFFFF8FB
00000488
0000013C
FFFFF827
FFFFF536
0000011F
0000024C
00000787
000001B8
00000135
000000C1
00000685
00000AC2
0000011F
000003DC
00000495
000001C1
0000080F
FFFFFF09
000007E0
00000239
FFFFFB04
FFFFFE87
FFFFFD0F
00000784
FFFFFB04
FFFFFCBB
FFFFFBB9
0000010E
FFFFF982
FFFFFFBE
FFFFFEF2
00000143
FFFFF413
FFFFFF67
FFFFFCBE
000004E0
00000183
0000056B
00000265
00000454
FFFFFCE5
00000182
FFFFFA6F
000000D4
FFFFFB7F
00000527
0000003C
FFFFFD74
00000348
000000B5
FFFFFE98
FFFFFF40
FFFFFD3B
FFFFFE37
FFFFFBEF
FFFFFC1E
FFFFFD88
FFFFFE9E
00000AC8
00000403
FFFFFF6A
0000012D
FFFFFF3F
FFFFFEB7
00000489
000006C3
00000496
000002AD
000001DB
00000575
FFFFFD2D
FFFFFD8E
00000510
0000050A
FFFFFB34
FFFFFD3F
FFFFFED6
000008FF
000002AE
FFFFFBDB
FFFFF6A5
FFFFFA2D
FFFFF7A3
FFFFF9A7
FFFFFDF4
FFFFFA04
0000020C
FFFFFF8F
FFFFFFF7
FFFFFE18
00000132
FFFFF896
00000023
FFFFF86D
000000E5
000003F0
00000953
00000277
00000233
000002E4
00000220
00000403
FFFFFB93
FFFFFFD5
FFFFF8DE
FFFFF7BA
000004D0
FFFFF6E3
00000644
FFFFF9F9
000002D1
0000023E
FFFFFDB0
FFFFFF2B
0000038B
000003E1
FFFFFBCD
0000027B
00000155
FFFFFBF9
FFFFFF93
FFFFFA7B
FFFFFF92
FFFFFFA8
000003C0
00000152
000002E5
FFFFF708
FFFFF846
00000212
FFFFFF0D
FFFFFFEB
00000551
0000004F
00000002
FFFFFF81
0000018C
FFFFFFCE
000002E1
000002B2
FFFFFF0D
FFFFFCF8
FFFFF977
000001DF
FFFFF9BE
FFFFFDD3
000005F8
0000045D
00000171
FFFFFE17
000007F5
FFFFF95D
000001B8
FFFFFCE8
000005EF
000001A0
FFFFFE8F
FFFFFBE4
FFFFFC1E
00000507
0000054D
00000603
00000569
FFFFFA86
FFFFFE10
FFFFFE97
FFFFF9EF
FFFFF88A
FFFFFDA9
FFFFFFC2
FFFFFA4D
000003C7
00000133
FFFFF3F1
00000387
0000022A
0000014D
00000737
00000671
FFFFFB9B
0000052B
00000239
0000030D
00000571
000001DE
FFFFFE54
FFFFFE68
FFFFFCC5
00000681
FFFFFB8D
FFFFFE9F
0000045D
FFFFFADB
000003ED
FFFFFCB2
FFFFFD4F
FFFFFBEA
FFFFFDDB
FFFFF9D4
00000344
FFFFFDEA
00000C45
00000801
FFFFFFF9
FFFFFE85
FFFFFC5E
0000073C
00000653
FFFFF9B2
0000057F
0000038F
000004A9
00000220
000006AA
FFFFFEC2
000005BF
FFFFFEB4
000000EE
FFFFFB9C
FFFFF88E
000000F7
FFFFFCA5
FFFFFBC6
FFFFF9F1
0000061D
FFFFFAB5
00000003
FFFFFFCC
000000B1
FFFFFEC8
000000F2
000000E5
0000035B
FFFFFE15
FFFFFC8F
000003E5
FFFFFC9C
FFFFFAF2
FFFFFC36
00000740
00000724
0000003A
0000026D
000002C9
FFFFF88C
00000831
FFFFFCF1
000001BB
00000057
0000008C
000004C8
FFFFFA2F
FFFFFAF6
FFFFF9DE
FFFFFB4E
00000052
FFFFF74F
000000CC
FFFFFD5C
0000046F
00000563
000000F6
00000898
FFFFFDF8
000001A6
0000069D
000005CD
0000068D
FFFFF759
FFFFFDE8
0000009A
FFFFFCFD
FFFFFE82
000004D6
FFFFFE3D
000006D0
000003D5
FFFFFD97
FFFFFE73
00000396
000002F2
FFFFFB94
FFFFFDBE
FFFFFCF8
00000B88
FFFFFB80
FFFFFE06
FFFFFF27
00000467
FFFFFCA8
FFFFFEE6
FFFFFF13
000005CB
00000326
FFFFF9F7
0000012F
00000524
00000116
00000120
FFFFFBBB
FFFFFDB5
000005E4
0000025D
FFFFFED7
FFFFFD3F
00000025
0000047B
00000868
FFFFFF30
FFFFFBA1
FFFFFD3E
00000550
0000014F
000000A6
FFFFF822
FFFFFF4E
0000020F
FFFFFB54
FFFFFEBE
00000175
FFFFF8B5
000002BC
00000034
FFFFF344
FFFFF5D9
0000022C
000001B3
FFFFF834
00000403
FFFFFBA3
FFFFF56B
FFFFFC2C
FFFFFA1F
00000486
000002C6
000006F5
00000B03
FFFFFEA2
0000021B
FFFFFC7E
00000312
000002E6
FFFFF753
000005A1
FFFFFB56
FFFFFEB8
000004F9
000004E3
00000172
FFFFF956
000002D7
FFFFF6AA
00000366
00000575
FFFFFF96
000004F9
000002FC
FFFFFC41
0000031E
000002BE
FFFFFE86
FFFFFC25
00000506
FFFFFB25
FFFFFCA0
FFFFFEEC
FFFFFF10
00000684
FFFFFE5F
FFFFFC7B
00000479
00000364
FFFFFEBA
0000048C
FFFFFA11
FFFFFFBF
000001E5
0000008E
FFFFF6C8
00000134
FFFFFD5E
0000025B
FFFFFA39
00000247
FFFFFE16
000003C1
00000A07
000001DC
FFFFFCFB
FFFFFDF4
000003E7
FFFFFC26
FFFFF6AC
FFFFFFAF
FFFFF8E3
0000018A
FFFFF624
000003AE
FFFFFA73
FFFFFA55
FFFFFFBC
FFFFFF48
FFFFF8CF
000004A3
FFFFF8E4
00000147
00000697
00000224
0000013C
000001ED
00000587
00000161
FFFFFAAA
FFFFF80B
00000066
FFFFFC7E
000003B7
0000045E
FFFFFA6F
0000001D
00000455
FFFFF7C1
00000176
FFFFFD16
FFFFFC2F
00000244
FFFFFFE0
000000E3
FFFFFA8C
FFFFF952
FFFFFDD0
000001F4
0000032A
FFFFFFBD
FFFFFC15
00000077
FFFFFE33
FFFFFE30
FFFFFA4E
0000050E
000008BD
00000159
00000A34
00000162
000006D7
000006D0
FFFFFF4B
00000AC0
FFFFFACD
00000073
FFFFFA92
FFFFF7DB
000001FC
00000235
FFFFFDCF
FFFFF72B
0000058A
FFFFFE05
00000BC2
FFFFFCA7
000003C2
FFFFFECD
FFFFFD3E
000004E1
0000086E
0000001C
FFFFFDA9
0000038F
00000521
00000121
00000BC0
00000012
000001F5
FFFFFEE2
0000003A
0000021A
00000200
FFFFFF67
000000B5
00000065
FFFFFF89
FFFFFF9C
000000D3
00000384
000004BB
000001D4
FFFFFFD4
FFFFFBBC
FFFFFDF3
FFFFFB01
00000023
FFFFFD23
00000180
FFFFFEDA
0000036F
00000248
000002BC
00000825
FFFFFB6A
FFFFFF87
FFFFFD94
000003B1
FFFFFEFD
FFFFFCB2
FFFFFF78
00000596
00000134
0000055F
00000098
FFFFFE04
0000014A
00000146
FFFFFC63
000000D3
FFFFFE2A
00000052
FFFFFF4D
FFFFFC55
00000327
0000033A
FFFFFBC6
0000003F
0000018B
0000005E
000001AF
000000B6
000002E0
FFFFFEF3
FFFFFD17
FFFFFED7
00000015
FFFFFEC2
000007ED
FFFFFBA0
0000067A
FFFFFE5B
0000015B
FFFFFF66
00000118
00000071
000001E3
00000727
FFFFFE8A
00000000
000002A3
000000BC
000001EF
00000199
FFFFFAB2
00000277
FFFFFDF6
000003EE
FFFFFBF8
00000067
0000024D
FFFFFDC2
000003F0
000003BA
FFFFFF78
FFFFFF20
00000121
000002D5
FFFFFEDF
000002C8
00000166
FFFFFE40
FFFFFB96
FFFFFC04
FFFFFF95
0000075B
00000326
000001A4
FFFFFB97
000002F5
00000486
FFFFFD8E
00000224
FFFFFCCD
FFFFFA43
00000140
0000011A
000001B1
FFFFFEA8
000001E0
FFFFFF27
FFFFFEFF
FFFFFF14
00000568
FFFFFF91
FFFFFF59
FFFFFE26
0000023B
00000464
00000106
00000238
00000058
00000379
000004B8
FFFFFE81
0000032D
FFFFFF83
FFFFFED7
FFFFFABF
FFFFFE54
FFFFFCEB
FFFFFD4B
FFFFFF07
000002BB
FFFFFCEC
0000011A
FFFFFD88
0000027B
FFFFFD61
000005E1
FFFFFFB0
00000499
00000318
FFFFFE2A
FFFFFFC8
0000000C
FFFFFC3F
0000028F
00000028
FFFFFCCA
FFFFFFF8
FFFFFE77
FFFFFC92
000003ED
FFFFFD6B
0000002F
0000003E
FFFFFAA0
00000020
FFFFFE2C
FFFFFBEE
FFFFFDFC
0000024A
000000C0
FFFFFB9C
FFFFFCDD
FFFFFA1C
000004F8
FFFFFDC1
FFFFFF9A
FFFFFB0F
00000243
00000357
0000007D
00000155
FFFFFEAB
00000028
0000033F
FFFFFF64
FFFFFF37
000002DA
FFFFFBA4
FFFFFFF1
FFFFFB77
0000040F
FFFFFEF4
00000200
FFFFFE0A
FFFFFA34
FFFFFE08
FFFFFC1A
FFFFFF2F
0000011F
00000000
FFFFFDE4
FFFFFC4B
0000041C
FFFFFCE4
00000070
FFFFFDC3
FFFFFF85
000000A6
FFFFF9DF
000002F0
FFFFFFE2
0000005E
FFFFFFAD
FFFFFBC0
00000057
0000005C
FFFFFCB4
FFFFFF6F
FFFFF907
00000006
000001C6
0000017F
000001A1
00000191
000001EE
FFFFFC18
FFFFFFD4
FFFFFBB0
00000193
000001F6
FFFFFDED
00000179
000000D5
000000E8
FFFFFFD3
FFFFFC06
00000737
FFFFFFCD
FFFFFD56
FFFFFC5F
FFFFF9EF
000002DF
FFFFFF16
FFFFFF8B
00000148
00000381
000000B4
00000217
000002E8
0000019C
00000248
FFFFFDDD
000002B9
00000103
000004B1
FFFFFEED
FFFFFC7D
FFFFFFBA
000001F1
00000236
00000122
0000018C
FFFFFE8D
FFFFFB00
00000473
FFFFFD76
00000664
00000312
FFFFFDF1
0000036C
0000031A
FFFFFD84
FFFFFD53
FFFFFDBF
FFFFFFC2
FFFFFFD6
00000130
0000016A
FFFFFDD9
000003EC
00000145
FFFFFCDE
FFFFFAA4
FFFFFD71
000000E6
FFFFFF50
FFFFFE87
000003D7
FFFFFE1F
00000107
00000000
FFFFFF67
FFFFFE51
00000023
00000006
00000050
FFFFFD9A
FFFFFE78
0000003D
FFFFFD2D
0000034D
FFFFFE7C
000001C7
0000005E
FFFFFFA6
FFFFFD95
FFFFFE09
0000020B
000002FC
FFFFFF55
00000332
00000590
FFFFFF1A
000003D9
000000CE
0000022B
FFFFFBF2
0000009E
FFFFFD47
FFFFFC66
000000E9
FFFFFE26
FFFFFF3A
0000036F
FFFFFC4C
0000001E
FFFFF8BF
00000365
FFFFFAF8
FFFFFDD1
0000004A
000000DE
FFFFFE12
000002EE
FFFFFEFE
00000326
FFFFFD85
0000021B
FFFFFEA5
FFFFFDCF
FFFFFF72
0000021E
FFFFFE0C
000004A7
FFFFFF47
00000415
FFFFFDC5
FFFFFB99
000002AB
FFFFFFC4
00000164
00000381
FFFFFE4C
FFFFFCD4
FFFFFF32
FFFFFED3
FFFFFF16
FFFFFD40
FFFFFF6C
FFFFFB6A
FFFFFF19
FFFFFDDE
FFFFFDD3
FFFFFC0D
FFFFFE92
FFFFFDA8
FFFFFCA5
00000040
FFFFFBE6
FFFFFF47
FFFFFC30
FFFFFFB7
FFFFFEBD
FFFFFE66
00000266
FFFFFEA2
0000015F
FFFFFD7E
00000107
FFFFFB3A
FFFFFD77
FFFFFBF8
FFFFFAF4
FFFFFEF2
0000005E
FFFFFDB3
FFFFFD6F
0000034B
000000FC
000002BA
FFFFFFE1
000003AA
00000227
0000013D
FFFFFEDF
00000492
FFFFFF14
00000243
0000022B
FFFFF989
FFFFFD72
000000F5
000001EA
000002F3
FFFFFFE0
FFFFFF50
FFFFFD97
000003B8
000001D3
FFFFFE1A
FFFFFF49
00000051
FFFFFD9F
FFFFFDC3
FFFFFFC8
FFFFFC02
00000739
00000240
000003C2
FFFFFE64
FFFFFE1A
00000134
0000009D
FFFFFCFE
FFFFFE5F
FFFFFFE0
FFFFFEE1
FFFFF919
00000192
FFFFFDA1
00000473
FFFFFFAE
FFFFFDE2
FFFFFF65
FFFFFE4E
00000113
FFFFFD02
00000047
FFFFFF39
FFFFFDD4
FFFFFB3F
000002C4
FFFFFDEF
000005BC
FFFFFDF8
FFFFFDCC
0000016A
FFFFFE04
FFFFFDF0
FFFFFCCE
FFFFFD41
FFFFFEFC
0000067F
0000036F
FFFFFE54
FFFFFD0D
00000273
00000418
00000025
000000FA
FFFFFF10
0000052A
FFFFFCF4
00000185
FFFFFEB6
0000025F
FFFFFF0A
000001EB
FFFFFF07
FFFFFE92
FFFFFD63
00000234
FFFFFDCA
FFFFFC33
FFFFFF1A
0000021E
000004F4
0000038F
0000035D
FFFFFC99
000001DA
FFFFFFC6
FFFFFE86
FFFFFF0C
000000A5
FFFFFEEF
FFFFFE85
000001E3
FFFFFE5E
FFFFFE8B
FFFFFFD1
000000B0
FFFFFF26
FFFFFEDE
FFFFFBF6
FFFFFEFC
00000330
FFFFF980
FFFFFFF5
FFFFFBE2
FFFFFC8A
0000030B
000001D4
FFFFFE99
FFFFFFA6
000005CA
0000025C
000001B3
FFFFFFD1
000000CF
00000301
00000602
FFFFFC76
000003E6
0000006B
0000028C
00000161
0000041E
00000129
000003A9
00000035
0000002B
00000135
FFFFFD0D
00000453
FFFFFA8D
00000063
0000035D
FFFFFF7A
FFFFFD37
FFFFFD3B
FFFFFBA9
FFFFFEA2
FFFFFB8C
000004E8
FFFFFCB7
0000039C
FFFFFF76
0000023A
FFFFFE4A
00000300
FFFFFE2A
00000341
FFFFFBD2
000000DD
FFFFFA20
FFFFFFBE
000001A9
FFFFFEA7
00000007
FFFFFCF6
000001A5
FFFFFBB9
0000013B
FFFFFFF0
000002DB
00000148
0000012D
FFFFFDF6
FFFFFB8A
FFFFFDFE
FFFFFE19
00000170
FFFFFBD7
FFFFFF8D
00000356
FFFFFD1A
00000561
FFFFFAD8
00000679
FFFFFAEC
00000241
FFFFFF87
00000180
FFFFFDB8
FFFFFDFF
FFFFFFFA
00000203
000001B3
0000006C
0000011A
00000113
FFFFFE1B
FFFFFD46
00000308
000005D9
FFFFFDC0
FFFFFE27
0000060F
FFFFFC4B
00000044
00000439
0000064A
00000002
FFFFFD62
FFFFFDB8
000002B0
FFFFFDAB
FFFFFA6B
000003F3
000002F5
000002A3
FFFFFB10
FFFFFF15
FFFFFBC8
FFFFFE6E
00000158
FFFFFE75
FFFFFD9C
00000474
00000019
00000338
000002F7
FFFFFF35
FFFFFAC3
FFFFFFAD
FFFFFD4E
FFFFFD84
000001A9
FFFFFE4A
FFFFFDCD
FFFFFEF0
FFFFFFA8
FFFFFEEC
FFFFFD9E
FFFFF9BE
FFFFFB12
FFFFFB31
000000F4
00000089
FFFFFF75
00000398
FFFFFEE0
0000014C
00000118
00000010
00000463
FFFFFD36
000001E5
FFFFFDED
00000155
0000001D
000005D4
000002FC
00000071
FFFFFD2E
00000342
00000496
000001DA
00000541
0000040A
0000042C
0000015B
00000094
00000466
FFFFFFC4
FFFFFBD6
FFFFFA91
00000243
FFFFFAB8
FFFFFB49
FFFFFD9E
FFFFFF83
00000182
0000012A
0000069F
00000199
000003A9
00000035
000003DC
000007A4
FFFFFD48
000002F0
FFFFFE57
FFFFFF13
FFFFFB51
FFFFFFCA
FFFFFEAB
00000091
00000319
00000360
00000412
0000040F
00000039
000003D0
00000343
000001ED
FFFFFDBF
00000255
FFFFFF3C
FFFFFDF4
0000054B
0000061F
FFFFFE5F
00000137
FFFFFF5B
FFFFFBB6
0000035D
FFFFFEC9
000003A2
FFFFFE00
FFFFFBF7
000003A1
FFFFFD50
FFFFFA45
FFFFFCB8
00000195
FFFFFF5A
FFFFF9F1
00000461
00000729
FFFFFF80
000000F9
000004A4
FFFFFEC6
000000EC
FFFFFF67
00000309
FFFFFD8E
0000000E
FFFFFECE
0000043C
FFFFFF73
00000095
000002C0
FFFFFF83
000001FB
000002C5
0000035C
0000032F
00000664
000001B9
00000108
FFFFFF64
000004AD
FFFFFF7E
FFFFFED1
FFFFFED1
000005EE
FFFFFDF3
FFFFFD19
00000358
0000062C
000001F4
FFFFFE2A
000001E9
FFFFFB8E
FFFFFB49
00000407
00000654
FFFFFEBB
FFFFFF46
FFFFFFFD
00000397
FFFFFE5E
000000AB
0000034A
000000F6
FFFFFB8B
FFFFFCA1
FFFFFF1C
FFFFFB55
FFFFFFC8
FFFFFF36
FFFFFDFA
FFFFFCB6
FFFFFBC3
0000024F
FFFFFB28
000003E0
FFFFFE42
FFFFFE5C
00000397
FFFFFA88
FFFFFE83
00000546
00000340
000000A8
FFFFFCD8
00000212
000002DE
00000158
FFFFFE3D
FFFFFD86
FFFFFD5B
00000290
FFFFFD8E
FFFFFFAF
00000365
000004ED
00000170
00000176
000003A2
000002B4
FFFFFFD1
00000463
0000010B
00000416
000003C2
FFFFFD68
0000002B
000000CC
FFFFFF44
FFFFFF22
000001FD
0000035E
FFFFFEC6
000004CE
00000704
FFFFFF4B
00000068
00000412
00000075
FFFFFE0E
FFFFFEC0
000000C8
00000097
00000384
00000031
FFFFFC5C
FFFFF9C7
FFFFFD99
FFFFFDCA
000001CF
00000075
FFFFFC49
FFFFFCAC
FFFFF98A
FFFFFFCF
FFFFFA91
00000109
FFFFFE3C
000000F0
FFFFFBEF
00000390
0000022D
FFFFFFA0
000002A2
00000127
000004DA
000006FB
0000027C
00000065
00000126
0000031A
0000028F
FFFFFE55
FFFFFE59
FFFFFFF9
FFFFFC9D
FFFFFC23
FFFFFEDA
FFFFFC62
0000012F
000000E1
0000032E
000000D6
FFFFFC67
FFFFFE2A
0000003A
FFFFFDF7
00000275
FFFFFF42
00000036
000001C6
00000072
FFFFFE5E
FFFFFE72
FFFFFC91
FFFFFE83
000002D2
FFFFFCD7
FFFFFC60
000001A0
FFFFFC88
0000035E
00000600
FFFFFC19
00000338
00000389
FFFFFCFF
00000175
00000458
FFFFFCA7
FFFFFC79
FFFFFA5B
000002D9
FFFFFB5B
000000A7
000004A6
0000026E
000002BE
FFFFFD8E
FFFFFC0F
FFFFFFC3
FFFFFF0F
00000479
FFFFFE2A
0000037A
FFFFFEBE
FFFFFF25
FFFFFFA1
0000044D
0000037F
FFFFFDBD
FFFFFE5D
0000004F
00000109
FFFFF99F
FFFFFF12
FFFFFC17
000003DF
00000159
FFFFFF40
FFFFFED7
000005B5
FFFFFB9B
FFFFFC83
00000288
FFFFFFA4
00000011
00000260
FFFFFD9D
FFFFFB7B
FFFFFD1C
000004DD
FFFFFF78
FFFFFD2D
000002C2
FFFFFE5F
FFFFFD01
0000030A
00000426
FFFFFE7A
FFFFFE93
0000039A
000002FA
000002C1
FFFFFC2A
FFFFFD06
FFFFFEFE
FFFFFF36
FFFFFF83
00000013
0000008D
FFFFFF1E
FFFFFF8F
000001ED
FFFFFC17
FFFFFD07
000002CE
FFFFFA37
000001AD
FFFFFF8B
00000165
FFFFFBC3
FFFFFFB8
FFFFFDE1
FFFFFB80
00000391
000003F2
FFFFFB7A
FFFFFECA
FFFFFE7D
000002D4
FFFFF87F
FFFFFE87
00000039
000001A0
FFFFFB0F
00000007
FFFFFFDD
000001BC
00000187
0000047C
FFFFFDC1
0000005E
00000301
000003B1
00000269
00000028
FFFFFE7D
FFFFFD0F
0000015D
0000018E
000000A9
0000022D
0000041B
000002E0
FFFFFD32
0000059F
000001B2
0000018C
0000002A
FFFFFDFA
00000588
0000045B
FFFFFFA6
FFFFFDB3
00000123
00000393
FFFFFFE2
00000233
00000405
0000045C
FFFFFE9E
FFFFFB30
FFFFFE9F
FFFFFDBA
00000240
00000501
0000031A
00000134
000000C8
0000030F
000000E9
FFFFFD89
FFFFFA6A
FFFFFD71
FFFFFB57
FFFFFA4F
FFFFFFEB
FFFFFB87
FFFFFB9A
00000241
00000347
000001A2
00000150
FFFFFEEC
FFFFFBEE
FFFFFC49
FFFFFE04
FFFFFC22
00000316
FFFFF9BF
00000038
00000313
FFFFFEC2
0000037B
FFFFFCBD
00000487
FFFFFDE4
00000121
00000648
FFFFFDFA
FFFFFFAC
FFFFFF56
0000019F
FFFFFE3A
FFFFFB19
000002AA
00000352
FFFFFE12
FFFFFBFE
FFFFFD05
00000076
000003B6
FFFFFF62
FFFFFF36
FFFFFFEF
FFFFFD49
FFFFFED8
FFFFFBE7
FFFFFB0F
0000006A
0000007F
FFFFFD27
00000180
0000024B
FFFFFB7C
000004F3
00000114
FFFFFF2C
000001ED
0000024C
FFFFFF24
FFFFFE99
00000205
FFFFFC89
00000328
FFFFFF10
000003D0
0000022E
00000153
000000C9
FFFFFD5F
FFFFFC09
00000283
FFFFF984
0000041D
000002F0
FFFFFFD1
FFFFFB00
FFFFFDE7
FFFFFDA7
00000182
FFFFFC7C
00000098
FFFFFE20
000004AC
FFFFFD72
FFFFFE2D
FFFFFFB1
000002BC
FFFFFF2A
FFFFF9FE
0000024C
FFFFFDB9
000003D2
FFFFFE0B
FFFFFFB8
000000C9
00000263
FFFFFD94
FFFFFD57
00000260
00000275
FFFFFEC8
0000033A
FFFFFE30
FFFFFE83
00000438
0000048D
FFFFFF7F
0000040F
00000342
FFFFFC37
0000028E
FFFFFC2F
FFFFFB38
FFFFFE6A
FFFFFC9B
00000567
FFFFFC0F
FFFFFED8
00000571
00000123
FFFFFA8C
FFFFFD51
00000489
0000009A
FFFFFFAF
0000029C
00000369
FFFFFD92
FFFFFCC6
FFFFFA6A
000002F1
00000347
00000152
000001FA
FFFFFACD
FFFFFB9E
FFFFFFA6
00000392
00000041
FFFFFC83
0000030C
FFFFFF42
000002B1
FFFFF9B6
0000014B
FFFFFFC7
FFFFFE66
0000027C
000000FF
FFFFFC76
00000095
00000005
000002C2
FFFFFDF5
000003E5
0000014D
FFFFFF66
FFFFFBC8
000002A9
0000032A
FFFFFF3D
00000050
00000057
FFFFF7E9
FFFFFA0D
FFFFFE10
FFFFFF94
00000234
FFFFFF86
000000B8
00000066
FFFFFECC
FFFFFBBA
FFFFFA26
FFFFFD49
FFFFFAA6
000000B5
FFFFFB2A
00000251
00000287
FFFFFE42
00000175
00000353
00000179
FFFFFEEC
000002E9
00000333
FFFFFF47
FFFFFD55
FFFFFC4E
FFFFFD86
00000261
FFFFFFF7
00000465
FFFFFCFE
FFFFFC81
0000026C
FFFFFCB4
FFFFFE0C
000000AD
00000684
FFFFFFE3
FFFFFFB1
00000623
0000011F
00000317
FFFFFD85
0000018B
FFFFFF73
00000346
0000023A
000000C2
00000381
00000611
FFFFFE65
00000539
FFFFFB9D
000000BD
FFFFFFA9
FFFFFD57
FFFFFFFC
FFFFFFEE
FFFFFE27
000003D1
000003C7
FFFFFE65
FFFFFF66
00000240
FFFFFFB6
000004A1
000002DC
0000063E
000001C5
000001AA
00000068
000004FF
FFFFFDCD
00000459
00000399
FFFFFD50
FFFFFDA2
0000010D
000004FA
FFFFFCEE
FFFFFEDA
FFFFFCDC
FFFFFABB
0000015D
00000506
000002BC
FFFFFA3A
FFFFFEFA
FFFFFC36
000002DC
000000B6
FFFFFB66
FFFFFD0E
FFFFFD81
FFFFF956
FFFFFB23
0000014D
FFFFFB6B
000002D0
00000023
FFFFFE24
FFFFFB73
FFFFFCBB
FFFFFD4F
FFFFFD3B
000001D7
000001E8
00000088
FFFFFF2D
00000219
FFFFFE45
000002BF
000001E6
FFFFFDF1
FFFFFA85
FFFFFD98
FFFFFA02
000002A9
FFFFFD81
00000002
FFFFFD89
0000002E
00000245
FFFFFFA2
FFFFFD1B
FFFFFFBA
000004D8
0000004F
FFFFFB00
FFFFFCAF
000003A9
000003A4
FFFFFAF3
FFFFFCF8
00000725
000006B4
000004C2
0000036D
0000001D
00000242
0000050E
FFFFFE6C
00000359
0000013E
FFFFFD51
000004D6
FFFFFF7A
00000353
00000134
0000014B
00000476
00000192
000004C7
FFFFFB30
00000302
FFFFFEF9
000004BB
FFFFFDCF
0000011A
00000224
00000584
FFFFFD8F
FFFFFC39
FFFFFC82
00000367
FFFFFE06
FFFFFFCC
000003A4
00000056
FFFFFF58
FFFFFFB0
000000A4
FFFFFA06
000003D8
000006FA
00000247
000002F7
00000059
FFFFFFE8
000000FF
FFFFFDEE
FFFFFF8C
FFFFFF5E
00000487
00000126
FFFFFC05
0000050B
FFFFFF7A
00000104
00000351
0000018B
0000018F
000002E7
00000195
00000434
FFFFFDB9
FFFFFE8C
0000018C
00000464
00000485
FFFFFEA7
FFFFFC7B
FFFFFEA5
FFFFFF17
0000061C
00000241
00000454
00000520
000003FA
000000B1
00000359
FFFFFEE3
00000092
00000029
0000000C
FFFFFD53
000001E7
FFFFFEF4
00000187
0000008B
FFFFFECA
00000004
00000249
FFFFFCA0
00000560
000002B5
000000BC
FFFFFE3B
FFFFFC50
FFFFFDC6
0000001C
000000D8
FFFFFBD6
000003D4
000003F7
FFFFFCDE
00000433
FFFFFBDA
00000102
FFFFFF3E
000002A9
000002EA
000004A2
000003DF
00000243
FFFFFF89
0000057F
000003F2
000004C9
FFFFFFD8
000006E5
FFFFFF6D
00000204
0000021A
FFFFFF87
00000317
FFFFFE9C
0000056F
FFFFFE6A
0000000A
000003A0
0000052D
000004CE
00000612
000004FA
00000306
00000175
00000090
FFFFFFBB
00000025
0000002B
FFFFFF4B
00000131
00000284
00000396
00000192
FFFFFF27
0000005A
FFFFFFD2
000005EA
000000E3
00000568
00000209
00000177
FFFFFFCE
0000013C
00000494
00000207
FFFFFE3A
0000006C
FFFFFD34
FFFFFE3F
000004E8
0000003E
0000000B
0000028C
00000001
FFFFFD74
000002ED
00000385
FFFFFD5F
000000D5
00000513
0000028E
00000303
FFFFFEE7
FFFFFB79
000001D3
FFFFFF8E
FFFFFF9E
FFFFFB5C
FFFFFC8C
FFFFFD3E
FFFFFE60
FFFFFA60
00000259
FFFFFF66
FFFFFC36
FFFFFA3E
FFFFFB27
000000ED
00000174
000002FA
00000274
00000426
00000086
00000223
0000045E
0000013A
000002F6
000006B2
000004DF
000002DD
0000047D
0000016F
0000046D
FFFFFDE4
FFFFFD09
00000021
00000234
FFFFF9CC
0000006D
FFFFFA47
FFFFFCB0
FFFFFC59
00000053
FFFFFDB7
FFFFFE38
FFFFFCE3
FFFFFBD2
000000E4
FFFFFE89
FFFFFC6A
00000045
0000021A
000000BF
FFFFFFE2
000002A4
FFFFFD0F
000001CC
FFFFFDE0
0000007F
FFFFFD91
000004D8
0000020D
000001BF
FFFFFDF8
000000A3
FFFFFC02
FFFFFFB1
000002AF
00000439
FFFFF9FC
FFFFFBF6
000002DC
000000E2
0000009B
FFFFFFFC
0000060C
FFFFFEAC
000004AE
000000B8
000001D9
FFFFFE1D
FFFFFEE6
00000493
000004F4
FFFFFCA3
FFFFFD3A
FFFFFFA6
FFFFFF05
FFFFFED2
00000540
00000503
FFFFFE03
000002A9
0000000B
FFFFFCF6
FFFFFD66
0000014A
0000033E
FFFFFF6D
FFFFFDF7
000001B7
000000D1
00000517
FFFFFF83
FFFFFE42
000001DE
FFFFFFF5
FFFFFDEB
FFFFF9D3
FFFFFBF1
FFFFFC1B
FFFFFADE
FFFFFA5B
FFFFFA3B
FFFFFB75
00000001
FFFFFE78
00000399
FFFFFF20
FFFFFC63
FFFFFF3D
FFFFFFAB
FFFFFE37
00000352
FFFFFFFA
FFFFFD72
FFFFF813
FFFFF96E
0000053A
0000035E
0000016D
000000D1
FFFFFDBD
000000B5
FFFFFD49
000000B3
00000363
00000120
FFFFFF13
FFFFFE07
00000440
FFFFFBEB
FFFFFE0D
FFFFFBC9
0000004D
FFFFFC0A
0000016C
000000E7
000000EA
0000007B
0000005F
FFFFFFE9
0000046F
FFFFFFF7
FFFFFC40
FFFFFF05
FFFFFD7B
00000461
000000FE
FFFFFF0A
FFFFFF0B
FFFFFBC8
FFFFFE7F
FFFFFDF4
FFFFFF84
00000146
FFFFFC71
FFFFFFCB
FFFFFCA7
FFFFFFB7
00000698
0000058C
000003C5
0000061F
0000020C
00000079
000005FC
000002B7
000000AD
000000E1
00000306
00000043
000002A4
0000022E
000004D6
00000117
FFFFFAE8
FFFFFC79
FFFFFB3C
FFFFFFD1
FFFFFFF7
FFFFFED4
FFFFFD94
FFFFFB68
FFFFFA9F
FFFFFDD3
FFFFFCF5
00000229
00000125
000001A1
000002B2
00000223
FFFFFD77
0000006B
00000067
FFFFFC8B
00000257
0000010E
FFFFFD3F
FFFFFF8C
FFFFFBCA
FFFFFE52
FFFFFD93
FFFFFB62
FFFFFFDA
000002C1
00000197
FFFFFFD1
000005B2
FFFFFD38
00000218
000003D1
000000AE
00000248
FFFFFF76
FFFFFBE5
00000036
FFFFFB87
0000028A
FFFFFA95
FFFFF9D6
000000FA
0000012F
000003BA
FFFFFE7C
00000780
FFFFFD42
FFFFF65E
FFFFFD0A
0000020F
000003A6
000001C3
0000001F
00000572
00000326
0000008A
FFFFFCA8
00000078
FFFFFFA8
FFFFFC12
FFFFFC83
FFFFFB8F
FFFFFA4E
FFFFFF57
FFFFFCE5
000000A6
FFFFFDA4
FFFFFC22
FFFFFDD4
FFFFFF2B
FFFFFE5B
0000009C
00000256
000001BA
000005F7
000005A9
000002BF
00000541
00000032
000000D6
FFFFFC31
FFFFFF7C
0000026C
00000143
0000023F
0000009E
FFFFFCE8
000001FD
000002E5
FFFFFFE5
FFFFFD36
000000B2
000001C8
FFFFFFF7
00000177
000000ED
000002BA
FFFFFCAD
000000FF
000003A6
FFFFFEF6
00000475
000001C4
00000025
FFFFFEC4
0000038F
000003A0
FFFFFD89
0000010D
00000182
00000267
0000001F
000001CD
00000189
FFFFFD43
FFFFFE88
FFFFFE28
FFFFFEA0
FFFFFFDC
FFFFFFA9
FFFFFE60
0000042D
000001A4
FFFFFB6B
FFFFFED1
00000267
FFFFFDEA
FFFFFD0F
00000208
FFFFFF7C
00000277
FFFFFDBF
000001B4
FFFFFB8D
00000199
FFFFFE42
000003D5
0000024E
FFFFFF21
00000235
FFFFFD86
FFFFFE06
FFFFFDA2
FFFFFBC5
FFFFFE86
FFFFFC40
FFFFFC6E
FFFFFE7F
FFFFFE83
FFFFFF5F
FFFFFC7E
FFFFFF70
FFFFFC81
FFFFFBF0
FFFFFF74
00000052
FFFFF728
FFFFFCEA
FFFFFC25
FFFFFD56
000001F5
00000238
00000031
000001DE
FFFFFEDA
FFFFFD54
00000172
FFFFFD81
0000028D
FFFFFAF0
FFFFFE7B
00000189
FFFFFE6C
FFFFFB78
FFFFFC10
FFFFF6C4
FFFFFEBB
FFFFFB10
FFFFFBE7
FFFFFEB6
FFFFFB81
FFFFFB90
FFFFFC4D
FFFFFA2D
FFFFFE33
FFFFF894
FFFFFFB9
FFFFFB72
00000003
000000BF
FFFFFD90
0000009D
FFFFFF0D
FFFFF907
000001C6
00000021
00000018
FFFFFE7E
000006FD
FFFFFB89
00000531
00000190
000000D8
00000364
000005FE
00000157
FFFFFD69
000001BC
000000D3
00000262
00000313
FFFFFD6D
000000E4
00000446
FFFFFE79
FFFFFA37
FFFFFDD1
FFFFFFB3
FFFFFB7F
FFFFF870
FFFFF98C
FFFFFC74
FFFFFCDB
FFFFFE28
FFFFFFBA
00000214
FFFFFF1B
0000021F
FFFFFE9A
FFFFFE9F
FFFFFB67
FFFFFC53
00000104
FFFFFCC7
FFFFFE79
0000006A
FFFFFDF0
00000006
00000051
00000282
000001E8
000000E6
FFFFFFA2
00000169
FFFFFEB8
00000027
FFFFFEBD
FFFFFFC6
00000293
0000053C
FFFFFE56
000003E9
0000011E
000003CD
FFFFFE5E
000004FD
000005FE
FFFFFEB4
FFFFFEBB
00000532
0000024C
000002D6
000004EA
0000059C
00000A1F
00000316
0000067C
000005C0
00000089
FFFFFB2B
FFFFFB79
FFFFFC30
FFFFFA8C
FFFFFEC3
0000027C
FFFFFF10
00000297
FFFFFC17
000001C0
FFFFFC58
FFFFFF24
FFFFFDDD
0000018A
000000A1
FFFFFD0C
FFFFFF8E
00000438
0000040A
00000388
0000050F
00000216
0000055B
FFFFFEC8
000001B2
00000410
FFFFFD43
0000002D
0000006B
00000302
FFFFFE0B
00000153
0000033E
FFFFFE13
FFFFFF2F
000006A6
FFFFFF3C
0000029A
0000063E
000001A9
00000265
000002E7
00000160
0000017E
0000006E
FFFFFBC4
FFFFFBCE
000000EB
FFFFFF77
FFFFFD79
000000D3
FFFFFF1E
FFFFF8F9
00000005
FFFFFB49
FFFFFB99
0000027D
FFFFFDFB
000000A6
00000408
0000011B
FFFFFB0F
FFFFFE44
FFFFFC44
FFFFF96C
FFFFFC94
FFFFFF84
FFFFFDB4
FFFFFDE4
FFFFFC71
FFFFFF59
00000220
00000104
FFFFFE2C
000002CD
FFFFFF52
000002BF
FFFFFE08
FFFFFE68
0000043E
FFFFFBB6
FFFFFA34
00000113
FFFFF999
FFFFFB21
FFFFFAEA
FFFFF9B1
FFFFF8C1
0000006B
FFFFF950
FFFFF8D0
FFFFFB8C
FFFFF9C2
FFFFF96D
FFFFF8F7
FFFFFD57
FFFFFA42
FFFFFBD7
000000D5
FFFFFE17
0000044C
00000065
FFFFFE28
000001A1
00000021
FFFFFEF6
FFFFFFD0
000003C1
FFFFFFDD
FFFFFF69
000002B9
FFFFFDF5
FFFFFE83
00000124
00000024
000000CC
00000210
FFFFFBDE
000003FC
FFFFFE3B
0000014B
00000095
0000012E
000001F0
FFFFFB8A
FFFFFF26
000003DE
0000019E
FFFFFF3F
000002C9
00000360
00000006
0000026D
000001E6
FFFFFD26
FFFFFF78
FFFFFB70
FFFFFEF5
FFFFFD79
FFFFFEBA
00000355
FFFFFFBB
0000018D
FFFFFBBC
000000EC
0000033C
00000185
000000D7
FFFFFEAA
FFFFFECB
FFFFFE41
FFFFFD50
FFFFFFED
FFFFFED8
FFFFFC92
0000044E
FFFFFC2B
000000BC
000000CA
FFFFFF4A
FFFFFD79
000000F6
000001BE
FFFFFD75
FFFFFDAD
FFFFFD56
FFFFFE80
00000145
FFFFFF86
00000087
FFFFFD42
FFFFFE22
FFFFFF5A
FFFFFB33
FFFFFD67
FFFFFFDB
FFFFFF0F
FFFFF89A
FFFFF9C5
00000437
FFFFFC4C
FFFFFD23
FFFFFF46
FFFFFEC1
00000411
FFFFFE56
000001C5
0000023B
00000076
000000BD
FFFFFCB2
FFFFFB83
FFFFFE87
FFFFFD20
0000019B
FFFFFF13
00000090
FFFFFDBC
00000486
FFFFFE9A
FFFFFF8D
FFFFFDD8
FFFFFF9D
000005DF
FFFFFBD9
0000024E
0000053E
00000202
FFFFFF15
FFFFFECB
000004F1
00000426
0000019F
00000322
000001B2
FFFFFDAB
FFFFFD64
FFFFFD1A
00000080
FFFFFABF
FFFFFA37
FFFFFF43
FFFFFC90
FFFFFD37
000000D3
FFFFFC7B
00000095
FFFFFFA4
FFFFFECE
FFFFFC71
00000018
FFFFFF6C
00000272
000002DA
00000123
0000017B
0000011F
00000179
000001E8
FFFFFCCA
FFFFFE34
0000033C
FFFFFE58
FFFFF8D0
FFFFFF62
0000000F
FFFFFA73
FFFFFE13
000003EC
FFFFF873
FFFFFFC3
00000060
FFFFFF6A
FFFFFFFA
FFFFFE39
FFFFFDFF
FFFFFB8B
FFFFFA8C
000001A6
000002BF
00000048
FFFFFC2F
00000186
FFFFFB7F
000002F6
FFFFFF09
FFFFFFFA
000003A2
00000074
FFFFFDD8
FFFFFE93
FFFFFD24
000002F2
FFFFFD80
FFFFFE1F
00000134
00000145
FFFFFD15
00000019
00000575
000003F1
000001F8
000003AD
00000373
FFFFFDAD
00000284
FFFFFE1C
FFFFFFE2
00000188
FFFFFB9F
FFFFFD8C
00000038
00000090
FFFFFFA9
FFFFFF08
000000A8
00000105
000001ED
00000027
FFFFFA3D
000001D2
FFFFFF52
FFFFFF7C
00000447
00000304
FFFFFE7C
FFFFFE31
00000195
0000004D
0000004E
00000124
0000007D
FFFFFCFC
000000A5
00000438
FFFFFC03
00000002
FFFFFEBF
FFFFFDBF
FFFFFAAD
FFFFFF46
FFFFFE65
FFFFF9F9
FFFFFBEC
FFFFFD10
FFFFFD33
0000009A
00000085
000000EF
000000AB
000001AB
FFFFFF77
00000634
FFFFFF9E
FFFFFF1C
FFFFFEE1
000001A3
00000382
000003E7
FFFFFE29
FFFFFEF7
FFFFFDC6
FFFFFA1A
000000E1
FFFFFD52
FFFFFFD8
000000FF
000001B7
FFFFFD55
00000118
00000190
FFFFFED2
FFFFFE31
FFFFFC4F
000003EF
0000031B
FFFFFD6F
00000194
FFFFFCA4
0000058E
000002EF
000005B9
000001BF
FFFFFFFF
FFFFFF9A
000004B6
00000555
000002A7
0000031F
FFFFFE04
00000051
0000014F
FFFFFDD5
FFFFFC70
0000011A
000004EF
0000022F
000001DF
FFFFFB80
FFFFFD09
0000004A
FFFFFA9E
FFFFFD04
FFFFFF42
FFFFFB6F
FFFFF9AB
FFFFFFED
000000B8
FFFFFF44
FFFFFE35
00000086
00000181
0000009F
00000497
000001CD
FFFFFDA6
FFFFFB4D
FFFFFC54
FFFFFEB5
FFFFF9C2
FFFFFC82
FFFFFBD3
00000168
0000012B
00000313
000002FF
FFFFFEE1
0000027A
FFFFFCFB
FFFFF98B
FFFFFD91
000006A0
FFFFFDBD
FFFFFE95
00000138
000004C2
FFFFFC54
FFFFFFF1
00000024
FFFFFBF2
0000022E
000000B8
FFFFFD09
FFFFFF6F
FFFFFC25
00000111
FFFFFFFA
0000066D
FFFFFCE6
00000513
000003A1
000004F4
00000075
00000276
0000013F
000002A1
000001FF
FFFFFCB2
0000006F
FFFFFEAC
0000013A
000000B8
000003E6
FFFFFFB1
00000168
FFFFFB8C
000003D2
00000600
FFFFFFE2
FFFFFFD2
FFFFFF88
FFFFFCCD
00000023
000000D4
00000423
000003F4
00000250
FFFFFF5A
FFFFFDC4
FFFFFCFE
FFFFFF48
000000E5
000001AB
FFFFFB32
FFFFFA4A
FFFFFBCB
00000052
0000051E
000001A0
0000013B
0000018E
00000263
00000116
FFFFFDBC
FFFFFB7D
00000312
FFFFFEDB
000002F1
00000397
FFFFFA26
00000056
FFFFFA26
000000FE
0000035C
0000064A
FFFFFF4A
00000019
FFFFFB0F
FFFFFF85
00000072
00000217
000003EF
FFFFFDAC
0000024D
0000072C
00000381
00000058
00000067
FFFFFD82
FFFFFEFE
0000014D
000001A1
000005F3
FFFFFC0F
FFFFFDBD
000001C0
00000108
000004D5
FFFFFE67
FFFFFCB2
00000322
FFFFFE43
000003A1
00000293
FFFFFFA8
000000EF
00000277
FFFFFF83
0000022E
FFFFFDD9
000003C2
FFFFFCFD
00000349
FFFFFD49
FFFFFE60
00000497
00000261
0000028C
FFFFFFD3
00000073
FFFFFD15
FFFFFA2E
FFFFFF82
FFFFFDFA
000000B0
0000050D
FFFFFEDA
FFFFFED3
00000996
000006AA
FFFFFFA1
FFFFFB0C
FFFFFEDD
00000239
FFFFFC6D
FFFFFE1F
FFFFFF8A
00000410
FFFFFBCC
FFFFFF48
00000008
FFFFFDDC
00000605
FFFFFBB8
0000024E
00000256
FFFFFE23
00000097
00000032
FFFFFBB6
0000006B
FFFFFF02
0000006D
0000041E
FFFFFFCD
000003EB
FFFFFFF4
00000183
FFFFFD80
000003C1
000003E3
FFFFFC7F
0000065C
00000389
000005C3
00000011
000002A7
FFFFFCE2
000000AC
00000067
FFFFFC80
00000408
FFFFFB2D
FFFFFA3C
FFFFFF8F
FFFFFB96
FFFFF9E4
FFFFFF55
FFFFFC6A
FFFFFB58
0000009C
FFFFFB12
FFFFFB07
FFFFFDEA
00000059
FFFFFB64
0000013C
00000498
FFFFFD88
00000083
000000DB
FFFFFED8
FFFFFC88
FFFFFCA6
FFFFFEB6
FFFFFB3E
FFFFFD8A
0000029E
FFFFFFFE
FFFFFC9A
0000048D
00000511
FFFFFF10
000002D8
FFFFFFD1
00000325
00000346
000003F7
FFFFFEFF
000002DD
000000F8
00000054
FFFFFC98
FFFFFF33
00000038
00000088
FFFFFCE6
FFFFFC82
FFFFFAF0
FFFFFF32
FFFFFFCD
00000064
000004AB
FFFFFE99
00000132
00000514
FFFFFEFC
FFFFFF52
000001DD
FFFFFD3C
000003D7
000001A5
000003BE
FFFFFCFC
00000174
0000024A
00000240
000001CC
FFFFFFFD
FFFFFBE5
000002A3
0000041D
FFFFFDDE
00000171
000002C0
000000B0
FFFFFCD7
FFFFFB7F
FFFFFD04
000002A6
FFFFFC84
0000050F
FFFFFBFD
00000581
FFFFFDFF
FFFFFDC0
FFFFFCB7
000000F3
FFFFFB2D
00000177
FFFFFCB6
00000109
00000164
FFFFFFF8
FFFFFF19
FFFFFE55
FFFFFE44
00000630
0000010A
000004E2
00000152
FFFFFB5E
000003C8
FFFFFC09
FFFFFBEC
FFFFFBD9
FFFFFC7D
FFFFFE1F
00000389
0000013D
000000E4
000000A4
0000038F
FFFFF9B1
FFFFFB79
FFFFFBB2
0000037B
00000373
FFFFFB61
FFFFFA7E
FFFFFDCB
00000142
FFFFFDDC
FFFFFC93
000002CE
00000394
FFFFFDF0
FFFFFD27
FFFFFCB4
000002B4
000002B7
000001F4
000003E5
0000058B
FFFFFA2D
FFFFFE51
FFFFFE8E
00000520
000000C4
0000004C
000002BC
FFFFFDD0
FFFFFDEF
000001E2
FFFFFD59
FFFFFF2C
000003CC
FFFFFDB3
000004A0
00000207
FFFFFF75
00000243
FFFFFB7E
FFFFFFD8
FFFFFCD3
FFFFFE6B
FFFFFFC5
FFFFFDF1
0000008D
FFFFFC27
FFFFFC62
00000205
000001A9
FFFFFF31
00000007
000000DA
FFFFFDD2
FFFFF85D
FFFFFA38
FFFFF925
0000020D
FFFFFB55
00000074
FFFFFDD6
00000136
FFFFFD49
FFFFFE56
FFFFFBBD
FFFFFC19
000002E8
FFFFFF99
FFFFFD39
FFFFFE8B
FFFFFF52
FFFFFD4E
FFFFFE36
000000CC
000004C4
00000363
000003DD
FFFFFE86
0000033A
000005B6
0000001F
000000D9
0000001A
0000008B
000002A6
0000012F
00000686
FFFFFB40
000005AD
FFFFFD88
FFFFFFE4
FFFFFE72
000003EE
FFFFFE73
FFFFFC19
FFFFFC90
000002AC
FFFFFD89
FFFFFD09
FFFFFC21
FFFFFF0E
FFFFFDC4
000002F9
FFFFFE2B
FFFFF5B0
FFFFFDEE
FFFFF8CB
00000633
FFFFFFEC
000001BE
000004BE
0000027A
000000E8
00000505
00000654
000004F6
FFFFFEE1
FFFFFD84
0000039D
FFFFF9FF
000004ED
FFFFFF15
000001CA
FFFFFE8E
000002CA
FFFFFB29
FFFFFF75
00000252
FFFFFE00
00000020
FFFFFCA8
000001DE
00000197
FFFFFE48
FFFFFE22
FFFFFF94
000000A1
FFFFFB86
FFFFFB50
0000026A
000004BA
FFFFFF56
FFFFFF61
FFFFFE92
000005AE
000001D5
0000062A
FFFFFF40
000003B4
FFFFFCF4
FFFFFE6F
FFFFFD01
FFFFF9C4
FFFFF8C5
000001EC
00000258
FFFFFCEF
00000300
000000AA
FFFFFB7B
FFFFFCFB
00000245
00000329
0000003C
00000376
FFFFFBCC
00000524
FFFFFBD6
00000168
0000020A
0000011A
00000025
0000017F
FFFFFF6A
00000310
000001C4
FFFFFBD7
00000333
0000016C
000000A3
00000365
000002A0
FFFFFDF6
000003AD
FFFFF93A
000001C0
FFFFFC39
0000020C
00000221
FFFFFAF6
00000605
000002BC
FFFFFC4A
00000267
FFFFFEBF
000000E9
00000568
000000F5
FFFFFC5A
FFFFFA46
00000205
FFFFFCE6
00000260
FFFFF983
FFFFFC7F
FFFFFD24
0000051A
0000016A
FFFFFFF5
FFFFFF66
FFFFFC42
FFFFFED2
FFFFFFC7
FFFFFBC4
00000221
0000033B
000001AA
00000000
FFFFFD3C
0000010D
0000070E
FFFFFE75
0000055C
00000894
FFFFFF56
FFFFFD1B
FFFFFF66
FFFFFE0E
FFFFFDF3
000002E8
000005EC
0000023B
000004F2
0000002A
FFFFFA0F
000005F5
FFFFFE0F
00000106
000003C3
0000026A
FFFFFC76
0000054E
000001B5
0000037A
00000647
000005E1
000002D7
00000533
00000137
FFFFFFD2
000000FC
00000122
FFFFFE22
FFFFFF11
FFFFFE1E
FFFFFD8C
FFFFFCD4
00000125
FFFFFFA4
00000028
00000100
000000B1
FFFFFDC4
00000441
00000240
FFFFFFB5
FFFFFF9F
FFFFFBAC
000005D4
FFFFFF52
00000495
FFFFFB24
FFFFFF3A
FFFFFE0A
000000D9
00000302
FFFFFBA6
0000049E
00000314
FFFFFEFD
00000386
FFFFFF31
FFFFF8F7
FFFFFC70
0000014D
00000195
FFFFFC57
FFFFF92C
FFFFFCE2
FFFFFE58
FFFFFC9A
FFFFFF9A
FFFFFF8D
00000219
00000291
000001AA
0000024A
FFFFFFF9
FFFFFE0B
0000064F
00000303
00000799
000001C9
00000450
00000492
FFFFFEEC
FFFFF92A
FFFFFF5B
0000040A
FFFFFF03
00000071
FFFFFFED
0000033E
00000027
FFFFFF6C
000000F5
FFFFFF36
000004AB
FFFFFA2A
00000145
000003C3
FFFFFBF7
0000021C
00000256
000003C3
FFFFFE22
FFFFFA8A
FFFFFB87
FFFFFBB5
0000039B
FFFFFC46
FFFFFF2A
000000DF
FFFFFD7B
FFFFFE76
FFFFFEF6
00000490
FFFFFF54
FFFFFC0D
00000134
0000007C
00000297
0000009B
000004D8
FFFFFCC8
000001A5
0000025A
FFFFFD24
00000300
00000076
0000063A
FFFFFF58
00000032
FFFFFB52
000000BD
000001CB
00000139
0000015B
00000299
FFFFFD93
0000018A
FFFFFFFC
000000A2
FFFFFE64
FFFFFF47
FFFFFDA4
FFFFFDBA
FFFFFE1B
FFFFFF59
FFFFFC3F
00000505
FFFFFACD
FFFFFE73
FFFFF8A0
FFFFFC42
FFFFFB4B
00000287
0000015F
FFFFFEE0
00000097
00000018
FFFFFEAC
00000529
0000067B
FFFFFC92
FFFFFEB2
FFFFFC6C
000001B3
FFFFFFA4
FFFFFD31
0000032C
00000313
FFFFFC23
FFFFFF06
000000E3
00000153
000005C0
000004C7
00000280
0000018E
0000049E
00000255
00000017
00000472
00000080
FFFFFF7A
FFFFFCF3
FFFFFC7F
FFFFFCD1
FFFFFF62
00000121
FFFFFC14
FFFFFC29
0000025C
0000008B
000000D2
FFFFFE25
FFFFFC6D
FFFFFE7A
00000145
0000034C
00000508
000006D4
FFFFFE8B
0000029D
000000B5
0000054A
000001BB
00000745
0000013C
000005A0
00000185
000000F5
000003A9
00000190
FFFFFE08
FFFFFFF1
0000026A
000004E0
FFFFFF1B
0000015C
FFFFF9B7
0000003F
0000013A
FFFFFF74
000000D2
FFFFFFF9
000000B8
00000306
0000003F
FFFFFF23
000001A4
FFFFFF8C
000000E0
00000149
00000245
FFFFFE81
FFFFFF17
0000017E
FFFFFD4E
FFFFFF1E
00000088
000004BE
FFFFFC4F
00000189
0000022B
00000154
FFFFFC75
000003CC
FFFFFB67
FFFFFDA2
0000002E
000003FD
FFFFFE86
000003B2
FFFFFD94
FFFFFF60
0000021B
00000212
0000014B
00000522
FFFFFB3D
00000221
00000445
00000093
00000021
FFFFFE36
000001E8
FFFFFF69
FFFFF9B6
00000048
000000FF
00000042
FFFFFD9B
FFFFFF02
FFFFFDEA
00000100
00000006
00000140
FFFFFEF3
0000003B
FFFFFA86
FFFFFBE4
00000162
FFFFFDA2
FFFFFB9E
00000265
0000029D
000004F4
00000280
FFFFFD69
000002DF
00000372
FFFFFC61
FFFFFD04
00000035
FFFFFC16
FFFFFD2B
00000000
FFFFFE05
000001E1
000000F5
000005D8
FFFFFCFA
FFFFFE22
000004F1
FFFFFD44
000001F1
0000011E
FFFFFE4C
FFFFFD5E
00000118
FFFFFE7D
FFFFFF00
000002F4
FFFFFEF3
000003F7
FFFFFFBB
0000008A
0000001F
FFFFFC26
FFFFF821
00000296
FFFFFBCC
FFFFFC79
FFFFFD4E
FFFFFEF1
FFFFFEF7
FFFFFD01
FFFFFF5B
FFFFFB64
00000041
FFFFFE04
00000380
FFFFFF56
00000160
FFFFFEE9
00000062
FFFFFE98
0000018B
00000273
FFFFFDEC
000000DC
FFFFFD09
00000194
FFFFFD97
0000007C
FFFFFF2A
FFFFFFDE
00000231
000001D1
FFFFFEFF
00000020
000002AE
00000049
0000003D
000000F3
FFFFFEF6
000002D0
FFFFFB2E
0000016E
FFFFFD37
FFFFFE3A
FFFFFC72
FFFFFD8F
FFFFFC96
00000329
0000026E
FFFFFDF1
00000036
00000339
FFFFFE6A
FFFFFB5B
000001DC
0000027A
0000000B
0000030B
FFFFFFAF
FFFFFD71
000002DA
FFFFFEDC
FFFFFC36
00000543
00000632
00000381
FFFFFC8E
000002F1
FFFFFCD8
0000040A
FFFFFE54
FFFFFD81
00000388
FFFFFBB4
00000168
0000002B
FFFFF82B
FFFFFB5F
FFFFFFFA
000001B0
FFFFFC68
00000055
00000250
FFFFFFDD
FFFFFAFF
FFFFFE9F
0000017D
FFFFFD73
00000104
FFFFFF85
FFFFFB51
FFFFFF8D
FFFFF7B7
FFFFFA16
FFFFFFA9
FFFFF8CD
FFFFFBF2
FFFFFE3B
FFFFFEEC
FFFFFA86
FFFFFED7
FFFFFFD4
000005B4
FFFFFC0D
000003EC
0000033E
FFFFFC71
0000002F
0000048C
FFFFFD36
000003C3
FFFFFAF5
00000184
0000000C
FFFFFD6B
FFFFFFB7
FFFFFED0
FFFFFF4E
FFFFFFB9
FFFFFBA1
FFFFFE66
0000005A
FFFFFDA3
00000152
FFFFFB31
FFFFFEE9
000002E5
00000298
FFFFFD34
000000FC
000001F6
00000394
00000074
FFFFFD50
FFFFFF89
FFFFF7CF
FFFFFCC0
FFFFFB5F
00000181
FFFFFAD1
FFFFFACE
FFFFFDAE
FFFFFC02
FFFFFC80
000003A0
0000028A
FFFFFFFA
FFFFFCFB
FFFFFFFF
FFFFFD76
00000158
FFFFFF8C
0000005A
000002F3
FFFFFDC9
FFFFFC9B
FFFFFD42
FFFFFBDA
FFFFFF92
FFFFFEFF
FFFFFAD3
00000297
FFFFFD80
000000DC
FFFFFAC2
000001C9
FFFFFCE1
FFFFFDE4
00000322
00000103
000000E9
0000004D
FFFFFF80
00000222
FFFFFF62
00000326
FFFFFDB6
000003CF
FFFFFF78
000000C3
0000002E
0000005F
FFFFFD79
FFFFFBA6
000001CA
000002B6
FFFFFF6A
FFFFFEBA
00000063
FFFFF959
FFFFF809
FFFFFB86
FFFFFD3D
FFFFFE81
FFFFFCC8
FFFFF8ED
FFFFFAAD
FFFFF9CA
000001CA
FFFFFE66
FFFFFCCB
0000014E
0000017D
00000265
FFFFFEA6
00000125
0000027E
FFFFFE2B
FFFFFC41
FFFFFD6A
FFFFFE17
FFFFFE9F
00000145
FFFFFEC2
FFFFFE78
FFFFFB41
000006AF
0000043B
FFFFFE6C
FFFFFD52
00000660
FFFFFE38
000000B0
FFFFFDD1
00000599
FFFFFB4D
0000023B
FFFFFD4E
00000210
FFFFFD99
00000104
0000006F
FFFFFDD1
000005A8
FFFFFB42
FFFFFB11
00000168
00000238
FFFFFF9D
0000017E
0000025C
000001BF
FFFFFE85
00000826
0000002D
FFFFFE18
00000042
FFFFFB14
FFFFFE2A
0000032E
FFFFFA19
FFFFFCD2
000004F3
FFFFFDC9
0000035F
000002E8
FFFFFBB9
FFFFFEBB
FFFFFE9B
0000020E
00000091
FFFFF915
FFFFFA5A
0000002E
000002CF
000002C2
FFFFFE22
000003DE
FFFFFB88
FFFFFE6A
0000039C
FFFFFC8A
0000022C
0000003C
FFFFFDB1
FFFFFB5C
000000CA
FFFFFF59
000003F7
00000336
000000C1
0000013A
00000374
00000449
000002C9
000001B2
000005FE
0000026F
FFFFFF27
FFFFFD6F
FFFFFDF5
FFFFFB9F
FFFFFEC2
FFFFFE2A
FFFFFF5D
00000136
00000040
0000016D
FFFFFF9F
0000006B
00000143
00000433
00000247
00000045
0000037A
FFFFFFE3
FFFFFD2A
FFFFFE33
FFFFFF7B
0000033B
000004A3
000001FB
00000230
FFFFFAE1
00000196
FFFFFE57
FFFFFEEE
00000417
0000005E
FFFFFF13
00000332
00000126
00000216
FFFFFFBD
FFFFFB44
0000004C
FFFFFA8F
FFFFFCED
000000A3
00000490
FFFFFD0B
000002A5
000003F5
FFFFFDD5
00000096
000000F4
000006BF
00000186
FFFFFE62
FFFFFD8C
FFFFFEEA
00000204
FFFFFAFA
FFFFFF3D
FFFFFECC
FFFFFDA7
FFFFF8CE
FFFFFF20
FFFFF9A4
FFFFFD02
000001ED
0000009D
00000196
FFFFFDDE
00000357
FFFFFE54
FFFFFF45
FFFFFF1F
00000164
0000037C
FFFFFF52
FFFFFB8F
FFFFFDF9
FFFFFA75
FFFFFEBC
FFFFFF3F
FFFFFE58
000002A3
000002C7
0000002F
00000092
FFFFFF77
FFFFFFB9
00000183
000001EB
00000038
0000051B
FFFFFBBF
FFFFFE67
000002EB
FFFFFCFE
0000021E
000002B2
FFFFFB40
FFFFFF6F
FFFFFF1A
0000038B
00000414
FFFFFC3E
00000048
FFFFFA53
00000137
FFFFFF08
FFFFFDF7
FFFFFE21
FFFFFED8
FFFFFC9A
FFFFFECC
00000291
FFFFF9C1
00000058
0000057B
000004BF
FFFFFE27
00000386
0000025E
FFFFFB7C
FFFFFE33
000000A2
FFFFFC90
FFFFFFC8
000002B3
FFFFFFE7
FFFFFF8E
FFFFFE3B
FFFFFDD8
FFFFFEC4
FFFFFF41
000002A4
0000009D
00000034
FFFFFB73
FFFFFECE
FFFFFAFF
FFFFFEA2
000000F6
FFFFFBA4
FFFFFC4B
000002C8
00000012
000002BF
FFFFFB6C
FFFFFFE4
FFFFFFFA
000002B8
00000632
00000767
00000624
FFFFFF9E
FFFFFF25
FFFFFE21
FFFFFC6D
FFFFFEDE
00000028
00000063
00000155
000002BC
FFFFFF4F
FFFFFFB5
00000656
FFFFFF17
000003CE
000001B2
FFFFFAED
FFFFFC96
00000102
000000E9
FFFFFDF5
00000232
FFFFFF13
FFFFFC2B
0000022F
FFFFFCE6
000000CE
00000016
FFFFFE6A
000005E0
0000046E
FFFFFD54
000001C2
FFFFFC7F
FFFFFE07
FFFFFF20
FFFFFE27
00000109
0000012D
000002C3
000000CA
FFFFFAB7
000002CD
00000334
0000034D
000000FC
00000553
000002C7
FFFFFFC3
0000026B
000000CB
000002E3
FFFFFE0C
FFFFFF92
FFFFFC62
FFFFFFE9
FFFFFFEC
000002C8
000001A7
00000243
00000440
000002ED
FFFFFFC7
0000032A
FFFFFF8B
00000483
000000A1
FFFFFCB2
00000093
FFFFFDC2
FFFFFAF8
FFFFFDBA
00000099
FFFFFCE4
00000135
FFFFFD9D
000002BC
FFFFFF4C
00000241
000000B5
0000041D
FFFFFF7D
00000432
00000378
0000005B
FFFFFE4F
FFFFFE40
FFFFFE7E
FFFFFB6E
FFFFFEE8
FFFFFBD9
FFFFFFD7
000002F8
000001F5
FFFFFA46
FFFFFFD8
FFFFFC2A
FFFFFE78
00000003
FFFFFD8B
FFFFFE8B
000000FC
000002E5
000001F6
000005A1
FFFFFEB9
FFFFFEEC
FFFFFFD6
000001AD
000000AA
00000130
0000031F
00000136
FFFFFFF1
00000104
0000007C
FFFFFC0E
FFFFFD8B
000003EA
0000036A
000001F3
000001DE
FFFFFCC5
FFFFFDC8
FFFFFCBF
000002E8
FFFFFBB7
FFFFFD3B
00000009
00000039
00000523
000003FF
FFFFFF51
000002E2
FFFFFD52
FFFFFFCA
00000187
000002CC
0000004A
FFFFFA45
FFFFFFCE
0000012C
FFFFFE74
FFFFFE90
FFFFFF0F
FFFFFFE0
00000270
FFFFFFD1
00000043
FFFFFF47
FFFFFC41
FFFFFBC5
FFFFFE05
FFFFFF96
FFFFFFBB
0000021A
000003A7
000000EF
00000259
FFFFFF93
FFFFFDDC
FFFFFFAD
000003A0
FFFFFDE4
FFFFFF8D
00000428
FFFFFE31
000002A0
00000396
FFFFFFAC
FFFFFD87
00000373
00000470
0000050F
FFFFFD23
FFFFFD6F
00000371
0000021E
00000392
0000039B
FFFFFD23
FFFFFF73
FFFFFBB5
0000014A
0000038D
000001D0
0000002B
FFFFFE13
00000239
000002FF
FFFFF9D3
FFFFFF27
FFFFFFD8
000003FD
FFFFFFB5
FFFFFCF2
00000204
000002BC
00000261
0000013D
FFFFFFDF
00000478
FFFFFF98
00000134
00000166
0000008E
00000004
FFFFFED8
00000175
000000A8
FFFFFD15
00000361
FFFFFE30
00000159
00000245
000001A7
0000013F
00000491
FFFFFF25
00000067
00000028
FFFFFE51
0000024E
FFFFFDA4
0000035F
000001DA
FFFFFFD1
FFFFFEB1
000000AF
000003A3
000002C0
000002A7
000000EF
00000074
FFFFFC94
0000009E
FFFFFF9C
FFFFFFA2
FFFFFCB4
000002FD
FFFFFDFE
000003FD
0000005F
FFFFFA0F
FFFFFD62
0000005D
0000027F
FFFFFE66
0000000B
000001D1
FFFFFF0B
FFFFFCD9
FFFFFC5F
0000002E
FFFFFFF5
00000237
0000038E
FFFFFD33
00000178
FFFFFC0C
0000042F
FFFFFCE3
00000443
FFFFFA74
FFFFFB0C
000002CA
FFFFFED1
FFFFFE86
000004BD
00000416
FFFFFD5B
00000255
000003B2
FFFFFC62
000000F6
FFFFFEE2
FFFFFFFB
000002FC
FFFFFC6B
FFFFFCBF
000002A2
FFFFFE9D
FFFFFDB0
FFFFFFE4
FFFFFD1F
FFFFFF37
0000018E
00000662
FFFFFBB5
FFFFFD08
FFFFFCA0
FFFFFF16
FFFFFF5F
FFFFFFBB
00000073
FFFFFED1
00000375
00000102
0000024A
0000061F
0000050D
00000253
FFFFFB75
FFFFFA84
0000010C
FFFFFD36
FFFFFE3E
0000011E
FFFFFF2A
FFFFFABE
FFFFFE5D
00000172
00000139
00000245
FFFFFE69
000000E6
000003B7
FFFFFE18
FFFFFC91
000002C9
00000008
00000255
FFFFFC9A
0000020C
FFFFFEDC
FFFFFF83
000005DB
00000066
FFFFFD95
00000232
FFFFFC86
FFFFFF80
FFFFFE49
FFFFFB9B
000000FB
FFFFFCCE
000001DB
FFFFFDEA
FFFFFFAC
00000085
000005F0
FFFFFF4B
FFFFFCAE
FFFFFCD7
0000042A
FFFFFF65
FFFFFECC
000001B1
FFFFFC5F
FFFFFE94
FFFFFE07
00000346
FFFFFC69
0000012F
FFFFFE93
00000219
FFFFFB7A
FFFFFC89
FFFFFA65
0000060E
0000010E
00000291
FFFFFF1F
0000010C
FFFFFFDE
0000004A
FFFFFDB7
00000377
FFFFFD88
FFFFFB20
FFFFFEA8
FFFFFD81
FFFFFD64
FFFFFB7F
FFFFFF20
FFFFFE50
00000090
00000198
00000024
00000105
00000103
FFFFFECA
000001B3
FFFFFFDA
000002D3
0000022C
000000D0
FFFFFC6C
FFFFFEA2
FFFFFA66
00000154
00000396
FFFFFF6F
00000643
000004D0
00000236
0000002E
FFFFFD9B
000000A6
0000016F
00000176
FFFFFBCC
FFFFFE2B
FFFFFAE0
00000195
000001A0
0000010E
00000207
FFFFFE9C
FFFFFE46
FFFFFFAD
00000086
FFFFFCC1
000001D2
FFFFFC92
FFFFFD57
FFFFFD78
00000028
00000049
FFFFFF5A
00000371
FFFFFD69
000000AF
00000433
FFFFFE70
FFFFFFE8
000001EB
00000017
0000011E
00000450
FFFFFFD0
FFFFFF9E
FFFFFE86
00000041
0000036B
00000327
00000191
FFFFFE32
0000015F
FFFFFE12
FFFFFC07
FFFFFE89
FFFFFCEB
FFFFFF69
FFFFFEBE
0000020B
000002DE
000000BB
000001C4
FFFFFB5D
FFFFF9B2
000003F9
00000120
0000009D
00000344
000001C2
00000196
FFFFFFE7
FFFFFDD9
FFFFFC06
00000013
FFFFFEB5
00000033
FFFFFFCF
FFFFFDF2
000004CD
FFFFFDC8
FFFFFFC8
00000130
000001C2
000002D7
FFFFFDE8
000001EC
000001E1
FFFFFE9F
000000FA
FFFFFD16
0000047A
00000074
00000283
0000009A
0000017F
00000079
00000254
000000E8
FFFFFCBD
FFFFFF0B
000002E4
FFFFFD4F
FFFFFCFD
000002DA
FFFFFE67
000000FA
FFFFFEC1
FFFFFAFE
FFFFFD3D
FFFFFE09
FFFFFD99
FFFFFFDB
FFFFFC70
000004B7
00000066
FFFFFF68
00000016
FFFFF9F2
00000482
FFFFFE57
FFFFFE12
000001AA
FFFFFE1C
00000221
00000212
FFFFFFEB
000001A9
FFFFFE9A
FFFFFFF4
0000043E
FFFFFC3C
FFFFFFBF
000002A6
FFFFFD06
FFFFFD2C
000000BF
0000014D
0000027A
00000283
FFFFFDBC
FFFFFF42
FFFFFF32
FFFFFD7C
00000176
FFFFFFFB
FFFFFE68
FFFFFBC4
FFFFFE1F
000004FB
00000353
00000005
FFFFFF7E
00000302
FFFFFD54
00000007
00000087
FFFFFFC8
00000302
FFFFFEFB
FFFFFF3E
FFFFFCB9
0000024B
FFFFFDE4
0000029B
000004BF
FFFFFEFF
FFFFFF4D
000004D4
FFFFFEDE
0000013F
0000001E
FFFFFED0
00000372
00000378
0000053C
FFFFFAE8
FFFFFF44
FFFFFAAC
0000004D
FFFFFA9F
FFFFFE73
FFFFFABB
FFFFFE3F
FFFFFAD9
00000457
00000430
0000050E
FFFFFF1B
FFFFFA91
FFFFFF50
000001E8
000004E2
00000169
FFFFFF4A
00000253
00000467
FFFFFFC7
FFFFFBED
FFFFFBB9
000001B4
00000222
000001A4
00000481
000003EF
FFFFFD63
00000140
FFFFFF0A
FFFFFFFA
00000030
00000055
00000568
0000024E
00000412
FFFFFEC4
FFFFFD8C
FFFFFFAE
FFFFFE39
FFFFFFB1
FFFFFB06
0000040B
000003D8
000000DB
0000001A
000000AE
0000000B
000000E0
FFFFFFB4
0000050E
000001A0
0000056A
000005E1
000005B0
00000069
000000E9
0000002B
00000445
00000130
000004BB
00000054
0000007D
FFFFFE5A
000000C0
000001A7
00000020
FFFFFC99
00000256
FFFFFFFB
00000439
00000309
0000040D
FFFFFD59
FFFFFEA5
FFFFFFC2
FFFFFE99
00000186
0000032B
000002C2
000001B9
00000148
0000028D
FFFFFCAD
000000D3
FFFFFEDA
FFFFFE9B
00000308
FFFFFC75
FFFFFD19
000001DA
FFFFFF62
FFFFFCAE
FFFFF924
00000200
000002A2
FFFFFBE7
00000122
0000026F
FFFFFF11
000000BD
FFFFFBCE
00000066
FFFFFECC
00000066
000001AF
FFFFFD4C
000004CB
0000028B
000002FB
00000026
00000110
FFFFFF12
0000026F
00000202
000000DF
FFFFFCFE
FFFFFD9B
FFFFFDB1
0000004F
000002DB
FFFFFEE8
FFFFF87B
FFFFFF0C
FFFFFECA
FFFFFE06
FFFFFF9D
00000111
000000C4
FFFFFDF0
0000025E
00000271
FFFFFEB2
FFFFFD01
FFFFFDFA
00000155
0000007F
FFFFFCB9
FFFFFDE2
FFFFFEE6
FFFFFCF6
FFFFFF66
000000A4
FFFFFF87
FFFFFB83
FFFFFE9E
00000303
FFFFFB68
FFFFFF36
FFFFFCD8
FFFFFFA0
FFFFFE00
FFFFFF07
00000240
FFFFFF86
000003D3
FFFFFDCE
FFFFFFE7
FFFFFD10
FFFFFD28
000001A7
00000040
00000292
000004D4
FFFFFD66
00000231
000000BD
FFFFFD1E
FFFFFC9B
000002FE
FFFFFEDB
FFFFFE9F
00000566
FFFFFF80
0000012C
FFFFFDF9
FFFFFE72
FFFFFD06
00000344
00000278
00000159
FFFFFE05
0000030B
FFFFFF8A
00000294
00000023
000001D5
00000176
00000415
FFFFFC13
0000050B
000003B8
00000362
FFFFFFDD
0000031D
00000356
0000030A
FFFFFEEA
0000028A
FFFFFF13
0000049F
00000473
FFFFFDF0
00000087
000001C4
0000009D
00000517
000003C1
0000049B
FFFFFBA0
0000024B
00000545
0000019B
FFFFFE74
000000B6
000000A2
00000529
FFFFFFEA
FFFFFD7B
0000028D
FFFFFFB7
00000460
FFFFFEBF
00000019
000000EF
00000090
0000005C
0000032A
00000224
000003BA
0000046B
00000284
FFFFFEB0
000002E7
00000431
FFFFFF5E
000002D1
000000B0
0000033F
00000032
FFFFFDD0
FFFFFDFA
FFFFFFBF
FFFFFC2D
0000008A
FFFFFEC3
FFFFFFC5
FFFFFD6A
00000127
FFFFFFFA
0000016A
0000031D
FFFFFD45
FFFFFEBA
FFFFFFBA
00000018
000000A3
FFFFFCDA
0000007D
000003A5
000002ED
000006A0
FFFFFFCB
000002F7
FFFFFECB
00000341
000000A7
0000008F
FFFFFEBC
FFFFFF95
FFFFFD75
FFFFFF67
FFFFFC23
FFFFF99C
0000010A
000002C7
000003B7
FFFFFF2F
00000016
0000012E
FFFFFDF4
00000017
FFFFFE7F
FFFFFE71
FFFFFD2D
00000028
FFFFFE65
FFFFFDF4
FFFFFC66
FFFFFF98
FFFFFF8B
FFFFFE19
000000AC
FFFFFDC4
FFFFF9E1
000003C6
00000466
FFFFFFF1
FFFFFF57
0000060F
FFFFFE9C
FFFFFD37
0000038A
00000575
FFFFFF6F
FFFFFF60
0000014C
FFFFFF80
FFFFFB6A
FFFFFF24
FFFFFF80
00000391
FFFFFD64
FFFFFEDF
FFFFFF86
FFFFFCFB
0000020B
FFFFFFAD
00000306
FFFFFF75
FFFFFFAE
FFFFFF34
FFFFFE52
000001A3
FFFFFFDB
FFFFFE27
FFFFFF54
00000257
0000000C
FFFFFFAE
FFFFFF75
FFFFFF11
0000011F
00000364
00000241
FFFFFFFA
FFFFFEEE
FFFFFDBD
FFFFFE21
FFFFFC90
FFFFFD45
FFFFFBA0
FFFFFA4B
FFFFFD82
FFFFFF01
FFFFFD7B
FFFFFB1C
FFFFFF0B
FFFFF93D
00000351
0000009F
FFFFFD8B
000001FA
FFFFFE70
00000558
FFFFFDB6
00000164
FFFFFFD6
00000125
FFFFFF72
FFFFFE0E
0000002F
FFFFFC94
FFFFFFE0
FFFFFD27
FFFFFDAA
000000B6
FFFFFD72
FFFFFF76
0000028B
000001F0
0000028D
FFFFFDFB
FFFFFDB8
0000011C
000000C0
FFFFFF3A
FFFFFD69
000002B8
0000017C
00000222
FFFFFFF0
FFFFFED5
FFFFFF6D
00000152
FFFFFBD8
0000015B
FFFFFE02
FFFFFE85
FFFFFFBE
FFFFFE0C
FFFFFFEA
FFFFFD74
FFFFFE2A
0000003F
000005EF
FFFFFE3E
FFFFFCC7
FFFFFFC1
000000FE
FFFFFD9D
00000137
0000051E
00000461
00000447
FFFFFF6F
FFFFFF68
000002E5
FFFFFF28
FFFFFE82
00000145
0000042A
0000046F
0000015C
FFFFFEA6
000003B8
FFFFFE71
00000229
000000D5
FFFFFF8B
00000204
0000010C
0000018B
FFFFFCC9
000002CC
FFFFFE36
FFFFFB12
FFFFFF3C
FFFFFD94
0000019C
0000033F
FFFFFDD9
FFFFFF43
0000049D
00000356
FFFFFE62
FFFFFFF1
000001B0
00000525
FFFFFB64
FFFFFC7D
000000F9
FFFFFC86
FFFFFD4B
FFFFFDC1
FFFFFC06
FFFFFF6C
FFFFFEE5
00000285
00000180
FFFFFE7E
FFFFFB3A
0000030E
FFFFFFC9
0000014D
FFFFFE84
FFFFFC47
FFFFFC5C
FFFFFFFB
0000028A
00000279
FFFFFF54
FFFFFEC2
FFFFFC4B
00000349
FFFFFF2F
000002FC
00000520
0000028E
FFFFFBD4
FFFFFE37
FFFFFDC5
00000346
00000046
000005CE
FFFFFD6B
FFFFFFAA
FFFFFB78
000001E6
0000012C
000000EF
00000156
FFFFFF5A
FFFFFCB8
FFFFFFEA
0000067C
000000C2
0000035F
FFFFFD79
FFFFFF6F
FFFFFFAD
0000040D
00000097
FFFFF9BF
00000603
FFFFFF6D
000003C2
FFFFFB44
000006AE
000001AC
00000448
00000296
FFFFFE37
000003B1
FFFFFCD4
0000035E
FFFFFB8D
00000077
FFFFFFA5
FFFFFD57
00000116
FFFFFE81
FFFFFFB6
0000004F
FFFFFB66
FFFFFC6A
FFFFFDA9
FFFFFE57
000001A9
FFFFFAFC
000004E2
FFFFFE1A
00000165
0000050F
000000D7
00000102
000001D5
0000004F
000003C6
FFFFFFA5
FFFFFBAA
FFFFFC49
000003B4
00000162
FFFFFFEB
00000076
FFFFFD0A
00000280
000002F3
FFFFFEA2
00000375
000002F0
FFFFFCCE
FFFFFD5A
000003BD
000000DF
0000042D
FFFFFD2F
FFFFFC36
FFFFFDA0
FFFFFB8C
000000C9
FFFFFC56
00000046
00000275
FFFFFEA4
FFFFFC3A
FFFFFB43
00000116
0000001A
00000367
FFFFFA1D
0000030B
FFFFFC90
FFFFFE85
FFFFFD33
FFFFFF08
FFFFFE6D
000004B9
FFFFFFBB
00000092
0000014A
0000034E
000003B8
00000463
00000298
000000BC
FFFFFE35
FFFFFC6C
000003F7
FFFFFDC0
00000001
FFFFFAA9
FFFFFE68
00000050
00000362
000000C4
FFFFFFDA
00000458
FFFFFDC1
0000011B
0000004F
00000032
0000033F
000001B4
FFFFFEC7
0000058E
FFFFFD4D
000001A2
00000435
0000009A
FFFFFFC3
00000339
FFFFFDDB
00000409
0000033A
FFFFFEFC
00000056
FFFFFF5E
000002BA
000002C4
00000126
FFFFFC50
00000059
FFFFFED4
FFFFFDCE
FFFFFF23
FFFFFC7C
00000145
00000306
00000264
FFFFFF09
00000393
FFFFFD6B
000000C1
FFFFFE92
00000204
FFFFFF83
FFFFFD59
FFFFFD44
0000019C
FFFFFC53
000000C7
0000041D
FFFFFE64
00000189
FFFFFFBE
0000011A
FFFFFABA
00000146
000001A2
FFFFFF1B
FFFFFE38
0000038E
FFFFFD3E
FFFFFBB3
FFFFFF31
FFFFFF65
000003FF
0000035C
FFFFFE39
00000265
000002F6
00000142
FFFFFED3
FFFFFE9D
FFFFFFA2
FFFFFA19
FFFFFD78
FFFFFFA6
FFFFFF47
FFFFFD6A
000003E4
FFFFFE27
FFFFFD66
FFFFFE72
00000111
FFFFFD26
FFFFFDE0
FFFFFFDA
FFFFFEE6
00000473
000003A1
FFFFFE72
FFFFFB9B
FFFFFC27
FFFFFB6B
FFFFFAEC
FFFFFD46
FFFFFCC7
FFFFFF36
FFFFFD4A
FFFFF9BB
0000029B
0000021B
FFFFFEAB
FFFFFECE
FFFFFDF6
00000308
0000018A
00000066
0000001E
FFFFFFF0
FFFFFFE0
0000002F
000000E5
000002D9
FFFFFDBF
FFFFFFCB
0000003A
00000024
00000125
00000195
00000632
FFFFFF16
FFFFFFAD
00000472
0000033F
FFFFFE75
0000033D
000003AF
000004AB
0000034A
0000009E
FFFFFED2
00000647
00000490
00000330
00000031
FFFFFEB4
FFFFFAA9
FFFFFDAE
000002E7
FFFFFC86
000001D1
FFFFFDEC
FFFFFD29
000002C7
0000006C
FFFFFBF3
FFFFFE80
FFFFFFCB
000001A0
FFFFFD4D
00000139
FFFFFB6B
FFFFFF99
000003FA
00000135
000001D7
000002EC
00000670
FFFFFEEF
0000036B
0000027C
FFFFFC83
00000531
00000031
FFFFFF5A
000002F1
FFFFFE76
000000C4
FFFFFED9
000001C9
FFFFFE11
FFFFFDAA
0000021B
FFFFFD03
00000401
00000055
00000194
FFFFFE2A
0000025A
FFFFFAE3
FFFFFE57
0000013B
FFFFFF89
00000358
000003AC
000002F9
00000212
000005D7
0000050F
00000139
00000262
00000331
000000F8
FFFFFDC6
000003CD
000002DF
FFFFFE6A
FFFFFB3A
00000167
FFFFFE7E
000004C5
FFFFFCF2
00000288
FFFFFDF9
00000286
00000354
00000536
FFFFFFC4
000002A0
0000043A
00000301
000003F5
000002FE
000001D9
000004F8
00000082
FFFFFE49
0000007F
000005EF
FFFFFD34
00000030
000000A4
00000015
000000FC
FFFFFDF0
000000C5
FFFFFD16
FFFFFCDF
00000042
FFFFFEAD
FFFFFCF6
FFFFFEF9
FFFFFE19
000002FC
FFFFFB0C
000001FE
0000001C
0000013E
FFFFFDA9
00000151
00000335
0000019A
FFFFFF9A
000003C7
FFFFF98F
00000024
FFFFFEEF
FFFFFFAE
FFFFFC9F
FFFFFF2E
00000408
0000054A
FFFFFFB5
00000471
000005B9
FFFFFE15
FFFFFDF7
000002D7
000002A4
0000021B
0000018B
FFFFFC6F
00000586
000000B3
000000DC
FFFFF971
FFFFFF9F
FFFFFDA6
00000058
0000051C
00000315
FFFFFEC3
FFFFFE66
FFFFFEA6
FFFFFF1C
0000043C
00000190
000001C3
0000028A
000000CE
FFFFFEB1
000003DA
000004F1
00000787
0000033C
FFFFFFA4
FFFFFCA3
0000012E
FFFFFA5D
FFFFFEEC
FFFFFD5E
000000AB
00000037
00000095
FFFFFC9D
FFFFFE34
00000182
FFFFFD35
000002F1
0000014A
000000A5
FFFFFFD6
00000242
FFFFFF4A
0000022C
00000014
FFFFFD4D
FFFFF877
FFFFFE7A
FFFFFCFF
FFFFFFB7
000000B9
0000034F
FFFFFE73
FFFFFFE1
0000015F
000002FE
FFFFFFC6
FFFFFFAC
000005DB
FFFFFD72
000002BD
FFFFFF53
FFFFFD7D
FFFFFE67
FFFFFFA7
00000218
FFFFFC0D
0000046E
0000033A
0000014E
FFFFFF01
000001AF
FFFFFEE1
00000410
00000415
FFFFFEBB
0000014D
FFFFFDC8
00000055
0000045A
0000060A
00000194
000000DE
00000545
FFFFFFB4
00000354
0000036C
00000277
000001F8
FFFFFD9C
FFFFFE7D
FFFFFB87
FFFFFDD5
FFFFFBF0
FFFFFEE6
FFFFFBFE
0000016A
FFFFFC20
00000306
FFFFFA2F
000004A5
FFFFFFAF
000003FE
0000014C
0000049A
0000037C
00000055
FFFFFE91
FFFFFC9F
000002A1
00000420
0000038D
FFFFFF1E
FFFFFE96
FFFFFF36
FFFFFF5E
000001AC
000003BD
FFFFFC6B
00000145
FFFFFE4E
FFFFFF89
FFFFFE2E
FFFFFF34
0000002B
FFFFFE9B
FFFFFE33
00000179
FFFFFEC3
FFFFFCFE
FFFFFD5A
000001EA
00000102
FFFFFF0F
FFFFFB92
FFFFFBCD
00000346
FFFFFE4F
FFFFFF9B
FFFFFFAF
0000010D
FFFFFBC4
FFFFFF59
FFFFFC81
000003A4
FFFFFE66
00000052
0000023F
FFFFFE4F
FFFFFEBB
FFFFFF96
000000ED
FFFFFDEF
00000062
00000335
FFFFFE66
0000022A
FFFFFEFC
00000261
FFFFFEA3
00000044
0000036D
000001B9
FFFFFDE8
000005F9
FFFFFFC7
FFFFFEA9
0000006C
FFFFFF81
00000053
FFFFFC1D
FFFFFEC7
FFFFFF8A
FFFFFD3F
FFFFFBA4
00000168
FFFFFE5C
FFFFFE8A
FFFFFC37
000002E8
0000004E
000000E4
00000035
0000010D
FFFFFFF7
FFFFFF8F
0000006D
FFFFFEC0
000002EF
000001BA
FFFFFD6D
FFFFFE36
FFFFFE8F
00000061
00000356
00000398
FFFFFEDD
0000031B
00000376
FFFFFFEF
FFFFFE08
FFFFFB7C
FFFFFE7D
FFFFFF90
000000A0
00000164
000001CD
FFFFFDBC
FFFFFBF4
00000139
0000000A
0000035C
FFFFFFCC
FFFFFE6A
FFFFFD63
00000156
00000513
00000587
0000009B
000002BB
000001C9
00000154
000000A4
0000044E
00000150
FFFFFBA1
000000A3
0000022A
00000105
FFFFFB7B
00000244
00000163
FFFFFD5B
0000041F
FFFFFEA8
FFFFFD65
0000034B
00000197
000001C9
000002C4
0000030B
FFFFFF52
0000013E
0000013C
FFFFFF97
FFFFFD44
FFFFFAA8
FFFFFD44
FFFFFF30
FFFFFB8F
FFFFFFF4
000001AA
FFFFFDD8
000000B3
000004AC
00000394
00000242
00000273
FFFFFE16
000001C6
00000022
000003D3
FFFFFDA9
FFFFFD74
0000029E
FFFFFFDF
FFFFFDB4
FFFFFF57
FFFFFF37
0000058B
00000457
FFFFFF5E
000000A2
FFFFFD1E
FFFFFD7D
000005DE
000003C9
FFFFFFE0
FFFFFC1F
FFFFFEE0
FFFFFE0C
FFFFFD4C
00000154
000002C4
FFFFFD69
FFFFFFF4
0000024E
00000258
FFFFFD63
0000020D
0000034D
00000326
FFFFFED5
0000026D
0000032B
000000E2
FFFFFF91
FFFFFDFF
FFFFFD86
FFFFFF7E
FFFFFBCF
FFFFFFD3
0000009E
000001FE
FFFFFFEB
0000024E
00000053
000003AF
FFFFFEC0
FFFFFF49
FFFFFF84
FFFFFFD3
FFFFFFB2
000000FB
0000048A
000003AF
0000053A
FFFFFD5C
FFFFFC22
00000473
00000438
000002EB
00000336
FFFFFE94
FFFFFD32
FFFFFDA8
0000028D
FFFFFF58
0000046F
00000366
00000507
00000415
FFFFFD43
FFFFFF44
FFFFFDE5
FFFFFD44
FFFFFF88
00000223
00000233
000001E6
FFFFFAEB
FFFFFF50
FFFFFD29
0000009E
FFFFFF8E
FFFFFF39
FFFFFC92
FFFFFCB0
00000086
FFFFFDAB
000002A7
FFFFFD3F
00000463
000002B3
FFFFFF75
00000362
000000C8
000001F1
000004A0
000001C9
FFFFFC53
FFFFFCE5
FFFFFBF8
FFFFFF53
000000F6
000002BF
FFFFFD66
00000109
FFFFFF5E
000001B3
FFFFFD99
0000021B
00000425
FFFFFEB3
FFFFFD08
000000AD
000001AD
000002F8
FFFFFD38
00000269
FFFFFD7E
00000137
00000022
0000007A
FFFFFE38
00000189
0000003C
FFFFFEE1
FFFFFE54
FFFFFD96
00000115
FFFFFCC7
FFFFFE12
00000087
FFFFFDA9
0000026A
000001D5
FFFFFEC8
00000194
FFFFFF3E
000006C4
0000006B
FFFFFF86
00000483
FFFFFC12
FFFFFEDF
FFFFFD11
0000003C
000002AE
0000012E
00000077
FFFFFCF1
FFFFFBF3
FFFFFD78
00000101
FFFFFB15
FFFFFF3E
FFFFFED7
000000FF
00000220
000003A2
00000047
00000336
FFFFFC4C
00000071
00000435
FFFFFF78
000001F2
FFFFFEBF
000000CE
0000011A
00000308
00000291
00000073
FFFFFF73
00000044
000003CD
00000049
00000119
000001F2
00000351
00000090
FFFFFE1B
FFFFFE94
00000067
00000383
00000396
0000011B
000001A8
FFFFFDA1
FFFFFE00
FFFFFEC4
00000228
FFFFFD12
FFFFFD93
FFFFFCD6
000003C5
FFFFFE1C
FFFFF9EB
FFFFFB45
0000008C
000000F0
FFFFFD52
0000022A
FFFFFB09
000001F4
000002B4
0000011F
FFFFFB58
00000095
00000470
FFFFFE83
FFFFFF8B
FFFFFD3D
00000130
FFFFFE94
FFFFFED1
FFFFFE13
FFFFFC58
00000210
0000063D
000003E1
FFFFFF5F
00000188
FFFFFFF0
FFFFFDE2
FFFFFFE5
000003DD
000000AF
00000191
FFFFFBD1
000002E7
0000031F
00000165
0000026D
FFFFFCDA
FFFFFF70
FFFFFE4A
FFFFFCC2
FFFFFE3F
00000318
0000005E
000000D6
00000090
00000037
00000016
0000032D
FFFFFE5C
00000222
00000181
FFFFFD3C
FFFFFDB5
00000252
00000265
FFFFFFA9
00000066
000002FF
FFFFFD47
000001FA
FFFFFD8B
FFFFFEA5
FFFFFFDF
00000423
0000031B
0000022C
0000011A
000000EF
000003F2
00000497
00000563
0000011B
00000055
FFFFFD71
FFFFFE6D
000000BB
FFFFFEE6
0000052A
00000066
000001B3
FFFFFF32
FFFFFE47
FFFFFC8F
00000021
FFFFFFB0
FFFFFCCD
FFFFFEEB
FFFFFE4B
000001B0
000001D4
FFFFFD37
FFFFFD4D
FFFFFFC7
FFFFFF52
FFFFFF75
FFFFFEBE
0000041A
FFFFFF36
00000065
00000052
0000021F
FFFFFFE1
00000194
000003C7
FFFFFC4E
FFFFFFC4
FFFFFC9A
FFFFFE8B
0000043C
00000096
0000041A
00000311
0000029A
FFFFFF72
000004DC
00000133
00000019
00000784
00000699
FFFFFE0D
FFFFFFA2
00000140
000004C0
00000034
000005C9
00000339
00000226
FFFFFEA4
FFFFFF90
00000388
FFFFFEC4
0000010D
000001EB
000005CA
FFFFFE93
000000C0
0000007C
0000055D
00000270
00000189
000004AB
FFFFFE62
0000000E
000000AB
0000026E
000003AF
00000021
FFFFFA59
FFFFFDCE
0000004E
FFFFFE80
000002D0
0000008C
0000000F
00000335
FFFFFEA4
FFFFFF68
000000C9
FFFFFE89
000001F9
FFFFFE7B
FFFFF79E
FFFFFBC8
FFFFF7BF
FFFFFFB3
0000001C
00000072
FFFFFE93
FFFFFCDF
FFFFFD14
0000022A
000001A4
0000016B
FFFFFF5D
00000129
000003B3
00000414
000004F9
000002B9
000001CC
FFFFFEC9
FFFFFEA3
FFFFFDE6
FFFFFEAB
FFFFFFE2
0000037F
FFFFFE0A
FFFFFD86
FFFFFDBE
FFFFFC2F
FFFFFC6A
FFFFFE4F
0000025C
000005EB
FFFFFFF1
FFFFFF99
00000023
FFFFFF64
00000187
00000335
FFFFFCFB
00000328
00000089
FFFFFD64
00000138
FFFFFE48
FFFFFE6E
FFFFFDCD
FFFFF91D
000001DF
00000153
FFFFFC15
FFFFFF67
FFFFFDBA
FFFFFEC0
FFFFFD69
FFFFFF69
000002F2
FFFFFFD6
000000AF
FFFFFE2C
0000018C
0000011B
00000016
FFFFFF74
FFFFFEC3
00000138
0000009E
00000344
000001E7
000004E7
00000191
000003FD
FFFFFC9B
FFFFFDD0
0000012F
0000032A
FFFFFEC8
FFFFFD21
0000004E
0000023A
FFFFFE10
FFFFFF34
0000030D
FFFFFEBE
FFFFFC4D
000001C2
00000000
FFFFFDFD
0000033C
00000046
FFFFFDAE
000002B3
00000254
FFFFFE6E
FFFFFCCA
000000DC
FFFFFE7F
0000047F
FFFFFDD1
FFFFFCC8
FFFFFCA2
FFFFFD16
000000C0
00000359
0000031F
FFFFFD99
000001DA
0000024B
FFFFFF91
00000159
0000006F
FFFFFE41
FFFFFFF0
00000106
00000130
000000F6
0000005D
FFFFFC7E
000000AB
FFFFFFE8
0000024D
00000016
FFFFFEC4
00000048
FFFFFE19
FFFFFF5B
FFFFFA42
000001DC
FFFFFDA2
00000264
0000015C
FFFFFD30
FFFFFE6B
000001EE
00000453
FFFFFF42
FFFFFDCC
0000054C
FFFFFD99
00000125
FFFFF6CD
FFFFF94D
00000509
000000C8
0000005D
FFFFFD2C
000007B7
000003DF
00000336
FFFFFC4A
FFFFFC07
00000214
FFFFFD07
FFFFFA34
000001B8
FFFFFDFD
FFFFFE5C
000001AA
FFFFFC40
FFFFFCEB
FFFFFDE8
FFFFFD3C
FFFFF8F1
FFFFFDB7
0000034D
00000391
000000F3
00000079
FFFFFA51
FFFFFBC0
000004FF
FFFFF8C7
00000425
000001C8
00000011
0000002D
FFFFFCFE
FFFFFE1F
FFFFFD9E
00000464
000002C4
FFFFFF15
FFFFFEB0
FFFFFF10
FFFFF883
FFFFFECE
000000C0
FFFFFDB5
00000007
FFFFFB3E
FFFFFD4C
FFFFFAFF
FFFFFF02
FFFFFF64
00000106
FFFFFDAB
000001F3
00000598
FFFFFF4E
FFFFFC30
000002CC
000002F1
000000E8
FFFFFCE5
FFFFFAB6
FFFFF82B
0000001C
000002B3
000004AC
FFFFFF70
FFFFFD75
FFFFFCBF
FFFFFE00
000000E6
000001EF
000004E0
FFFFF607
FFFFFF5A
FFFFF672
FFFFFF69
000000E0
0000021A
00000591
FFFFF865
FFFFFEFD
000000F5
0000033B
FFFFFAF0
FFFFFD97
00000247
FFFFF776
FFFFFF1C
FFFFFD1A
000002AB
0000087C
FFFFFE14
FFFFFCF0
FFFFFE1C
000000BC
FFFFFC7E
FFFFFE9F
000002B2
000003BF
0000025D
FFFFF410
FFFFFCC8
FFFFFB1C
FFFFFF05
FFFFFF7F
FFFFFA31
00000412
FFFFF613
0000007F
0000006C
FFFFF9F1
00000219
FFFFF9AD
FFFFFF3A
FFFFFA72
FFFFFD8A
00000020
00000476
FFFFFED8
FFFFFB27
00000303
0000091F
000003BE
00000680
FFFFFD19
0000007B
00000069
FFFFFDDB
FFFFFFA2
00000182
FFFFFE55
FFFFFF50
0000019F
00000037
FFFFFF2A
FFFFFFD2
000000B7
000004ED
00000558
FFFFFACC
00000079
FFFFFB0A
0000030C
0000006F
FFFFF999
FFFFF83D
FFFFFD9B
000001CD
FFFFFF6C
FFFFFBB9
FFFFFF3C
FFFFF94D
000001B4
FFFFFCE6
FFFFFFEA
000000A5
000000D3
FFFFFD3B
FFFFFEB7
FFFFFA4A
FFFFFF65
FFFFFB6F
FFFFFEFB
FFFFFD2A
00000242
FFFFFD95
00000443
FFFFFE11
FFFFFDA0
FFFFF911
000001E0
000002AC
FFFFFBD8
00000925
000000F7
FFFFFF99
FFFFFB1A
0000019D
0000056A
00000482
FFFFFF8B
FFFFFD28
00000568
FFFFFD78
FFFFFD0A
00000293
FFFFFEB6
FFFFFE78
FFFFFCEC
FFFFFA3E
FFFFFE3A
000003FE
000001CF
000000FB
00000218
FFFFFAD7
000001BD
FFFFFC46
FFFFFFD8
000001E9
00000291
FFFFFFF9
FFFFFF6B
00000192
FFFFF97D
FFFFFBFB
FFFFFEBE
00000340
FFFFFEE5
FFFFFE77
0000040A
0000020F
0000005A
00000219
00000095
FFFFFD82
FFFFFF16
0000040A
FFFFFFEC
FFFFFD45
00000338
FFFFFCFA
00000512
0000039B
0000017C
FFFFFD76
000000CB
000003CC
0000044A
FFFFFE6C
000003CE
FFFFFFC4
00000720
000007FB
0000048D
00000633
FFFFFBBA
000000C4
FFFFFB30
FFFFFBC4
FFFFFE28
000000CE
000002D0
FFFFFFFB
0000008E
FFFFFBE5
FFFFFE71
000000EE
000003EA
FFFFFCDB
FFFFFDBD
FFFFFF9A
FFFFFDB5
FFFFFED8
FFFFFFB9
FFFFFEDA
FFFFFE96
FFFFFAC7
00000478
FFFFFBEB
0000047E
00000135
FFFFFFC0
00000010
00000279
FFFFF96B
0000011B
FFFFF914
0000014D
FFFFFD86
0000063E
0000005F
FFFFFE37
0000025F
0000041A
000004D7
0000011C
0000033F
FFFFFAEC
00000370
00000171
FFFFFE62
000001E8
00000217
000003A9
000004C5
00000497
FFFFFFBE
00000365
FFFFFCDD
00000011
FFFFF8CA
FFFFFEEC
FFFFFA20
FFFFFD9D
000004AA
FFFFFDB0
00000071
FFFFFDFE
FFFFFDB8
000001E7
00000251
0000035B
0000036F
FFFFFCA1
FFFFFF2E
FFFFFEE0
000000F8
FFFFFE15
FFFFFD6B
000008DB
0000020A
00000644
00000572
00000254
0000013A
FFFFFF58
00000283
000002DC
0000023E
00000046
000001BE
000000C8
000002F2
00000296
00000095
FFFFFF73
00000098
00000008
FFFFFA95
0000030D
FFFFFF58
000004E5
000002A7
FFFFF915
00000184
00000535
00000284
000003B1
FFFFFAB8
FFFFF816
FFFFFC93
00000127
FFFFF9E9
FFFFFBD8
FFFFFD68
00000433
0000042E
000000CD
FFFFFBC4
000005F8
0000039B
FFFFFFCC
FFFFFE9F
FFFFFC26
000000F3
000000F8
FFFFFFE4
00000172
FFFFFE05
00000269
FFFFFF2A
FFFFFF2A
FFFFF9EE
FFFFFBDE
00000218
FFFFF701
FFFFFCDC
FFFFFF28
FFFFFBC3
00000035
000003F1
0000028E
FFFFFBDE
FFFFFEE8
00000327
00000395
FFFFFD00
0000005E
00000004
FFFFFEB7
000000F6
FFFFFFD3
0000027C
FFFFFE37
FFFFFFC1
0000009D
00000349
FFFFF91A
00000171
FFFFFDD5
00000996
0000015C
FFFFFF96
00000085
FFFFFBD8
00000603
000002EF
000005F7
FFFFFB60
00000339
00000628
000001F5
0000040C
FFFFFEA8
00000112
FFFFFF73
0000006D
0000049E
000000A1
FFFFFD26
0000019D
FFFFFEAF
00000198
FFFFFB96
FFFFFA11
00000376
0000027A
FFFFFC51
00000404
00000267
00000319
FFFFFF17
FFFFFEF5
00000079
00000597
00000745
00000455
FFFFFEBE
FFFFFDC4
FFFFFB69
0000003F
FFFFFD4E
00000032
FFFFFCF8
0000025C
00000039
FFFFFA93
FFFFFEC6
FFFFFC25
FFFFFFCB
FFFFFBC3
00000362
FFFFFD71
00000550
FFFFFDF1
000006A7
00000376
FFFFFBE6
00000783
000002FD
0000042E
000003E1
FFFFFE4B
000000F3
000003A6
FFFFFE44
FFFFFDEF
0000018B
FFFFFFF3
FFFFFE7A
FFFFFE51
FFFFFE82
0000043A
0000033B
00000309
0000051D
FFFFFE9A
FFFFFFDC
00000868
FFFFFC1E
FFFFFF52
00000144
00000127
000004F9
FFFFFD33
000003F0
00000369
0000030C
00000103
FFFFFEBE
FFFFFD0D
000007C1
000003DA
FFFFFFA4
00000754
FFFFFB5B
FFFFFB0E
FFFFFF78
000002C0
000004DA
FFFFFA67
FFFFFC6E
FFFFFF23
FFFFFF88
FFFFFD1F
FFFFFF66
00000438
000003B5
0000032B
FFFFFEB4
000000A8
000004FD
FFFFFEB0
FFFFFF53
00000264
FFFFFF18
FFFFFF14
FFFFFF0D
00000567
00000673
FFFFFCFF
000003CA
FFFFFFE7
FFFFFE39
FFFFFD22
FFFFFD40
FFFFFA2B
FFFFFBDA
FFFFFC72
FFFFFE30
FFFFFDCD
0000009C
00000292
FFFFFE80
0000010F
FFFFFAFF
0000014A
00000359
FFFFFC80
0000012D
00000118
FFFFFEC4
000006D2
000001D2
FFFFFFB4
FFFFFF70
FFFFFFC9
000007A5
FFFFFF97
00000079
FFFFFBCC
00000550
00000031
FFFFFEFF
FFFFFA76
FFFFFE6D
FFFFFAF1
FFFFFE85
FFFFFFDE
0000001C
FFFFFECD
FFFFFF35
00000147
FFFFFE2C
FFFFFD3E
FFFFFD25
0000008C
0000014F
00000203
000001D8
000001A7
FFFFFC97
FFFFFD39
000002AC
FFFFFE66
00000219
0000012C
00000183
0000022E
000000F3
FFFFFEA3
FFFFFCEC
FFFFFD7E
FFFFFFB4
00000014
0000012B
FFFFFFA6
000004E2
FFFFFF94
00000590
00000184
00000035
00000426
FFFFFF6F
FFFFFCB2
FFFFFABC
FFFFF9FB
0000022C
00000091
00000160
0000050D
FFFFFD17
000001F9
00000097
FFFFFE52
FFFFFD2D
000000DD
FFFFFE3D
FFFFFD14
00000112
00000142
0000019B
FFFFFC41
00000201
FFFFFE5C
FFFFFD70
FFFFFDC7
FFFFFF30
FFFFFF1C
000001FD
FFFFFD5A
FFFFFE23
000001B2
FFFFFF43
FFFFFC47
FFFFFBF1
FFFFFEFD
000001CA
00000294
00000030
000004A3
0000042F
00000293
FFFFFEE8
00000303
FFFFFF33
FFFFFEDD
000005B2
FFFFFDAA
00000403
00000218
00000407
00000032
FFFFFDF4
000000A3
00000418
000003E0
00000230
00000453
FFFFFF67
FFFFFEFA
FFFFFDDE
000003E0
0000002F
000001A4
FFFFFCE1
FFFFFBE4
0000002C
0000003A
FFFFFFE4
FFFFFB09
FFFFFE65
000001FC
FFFFFF34
FFFFFB0F
FFFFFB9F
0000046A
00000372
FFFFFD69
FFFFFBBC
FFFFFC8E
FFFFFDCF
00000832
000001AF
0000049C
000003BD
FFFFFEC5
000000D9
00000346
000001A5
00000306
0000040F
00000251
000002D7
FFFFFFE1
0000044F
0000035B
FFFFFE30
FFFFFC79
00000344
00000092
00000017
0000020D
FFFFFDF2
FFFFFEB8
FFFFFE6C
000002B5
000001A3
00000424
FFFFFF75
00000216
FFFFFDFB
FFFFFF9F
FFFFFD54
FFFFFE78
FFFFFBCC
00000193
FFFFFB7E
FFFFFBB5
FFFFFEC5
FFFFFD7C
FFFFFCCB
00000292
00000097
00000539
0000047A
0000046E
000003EE
FFFFFDFC
0000010F
000001FB
FFFFFE3D
000001BC
00000053
000002E4
000001D3
FFFFFF3B
FFFFFFD5
0000055A
00000442
FFFFFD71
000002EF
FFFFFC4A
0000021A
FFFFFFEE
0000027B
0000000F
FFFFFCA1
000001B0
FFFFFE6B
00000531
000002E4
FFFFFA95
FFFFFFBB
FFFFFB8A
00000471
000000E4
0000040A
00000234
FFFFFE4D
FFFFFCC9
FFFFFE2B
FFFFFB4C
0000036D
FFFFFC75
00000245
000000F1
0000024D
000000D3
0000021B
FFFFFEEE
FFFFFEF0
0000051A
00000009
00000521
0000004C
000000E1
FFFFFFDF
FFFFFD40
0000010D
FFFFFD74
FFFFFC08
FFFFFCCC
FFFFFE82
0000024F
FFFFFEE9
000000ED
0000011F
FFFFFE33
00000109
FFFFFF5B
FFFFFCF9
00000387
FFFFF77D
FFFFFCE9
FFFFF875
FFFFFB83
00000027
FFFFFC38
FFFFF90D
000001BA
FFFFFCA1
0000036A
FFFFFC4D
FFFFFECC
FFFFFC1A
FFFFFD7A
FFFFFE81
FFFFFFDB
FFFFFB54
0000023C
00000550
0000020F
0000052F
FFFFFF5D
FFFFFE31
FFFFFD1D
FFFFFCAC
0000053B
0000047A
00000437
FFFFFD54
0000029B
FFFFFDB3
00000553
FFFFFE57
000000E9
FFFFFBD0
0000018D
FFFFF8E6
FFFFFE29
FFFFFCF4
FFFFFE65
0000001C
FFFFFF57
FFFFF8D5
FFFFFF2E
FFFFFA29
000004B0
00000554
FFFFFE52
0000020B
FFFFFE78
00000293
0000046A
FFFFFD63
FFFFFF3B
00000448
000004EF
FFFFFEB7
FFFFFB8E
00000000
FFFFFB4D
000002D2
00000259
000002E8
FFFFFC85
FFFFFED4
0000011D
FFFFFB6D
FFFFFDE2
FFFFFD9F
FFFFFC41
00000167
FFFFFCDA
FFFFFA8D
FFFFFF7E
FFFFFEC3
FFFFFCFF
00000015
000002C7
000001D4
0000014D
000001AD
00000255
00000396
000003FC
FFFFFF44
000002C8
00000420
FFFFFF28
00000260
00000127
0000010B
000002E6
00000201
0000030C
000005A8
FFFFFF6B
000003E5
0000052C
000005D4
FFFFFB20
000003CE
000000C7
00000092
FFFFFBEB
0000016A
FFFFFD8E
00000283
00000310
000000EB
FFFFFF16
000005FC
000004C3
00000707
00000634
00000273
0000069A
0000035E
000005CE
FFFFFF71
00000037
0000097A
00000395
000000D9
0000005E
0000011B
0000066D
FFFFFFD3
00000190
FFFFFDAC
FFFFFA8A
FFFFFC30
FFFFFC3A
000000DA
0000006C
00000043
000000A9
000001D7
FFFFFB61
000002F5
FFFFFFA3
FFFFFBD1
FFFFFE77
FFFFFD13
0000021C
00000041
000000FC
000002A8
0000012A
FFFFFF88
00000750
0000071B
FFFFFFB5
00000620
0000020A
FFFFFCD7
FFFFFEA5
FFFFFCF7
FFFFFA79
0000025C
00000014
0000011B
FFFFFCDE
FFFFFC06
FFFFF829
FFFFFAEB
FFFFFFDC
FFFFFC66
FFFFF8F9
FFFFFE70
FFFFFA78
000002AB
FFFFFEA7
FFFFFCDB
FFFFFFE8
FFFFFD57
FFFFFEF6
000000D3
0000026D
0000049A
FFFFFD31
00000177
000002B8
FFFFFFF9
000004CF
000005C7
00000409
0000010B
FFFFFDE2
000003BF
00000522
FFFFF89D
0000044E
00000134
000003C0
FFFFFD4A
FFFFFF7D
000003D4
00000216
FFFFFE2E
00000038
FFFFFF65
00000334
FFFFFAB2
00000213
00000439
000003E0
00000285
FFFFFBF0
FFFFFB29
FFFFFEFB
FFFFFE5F
FFFFFD69
FFFFFD7B
FFFFFE3C
000000C0
00000046
000008CD
000000FD
0000085D
0000091E
000005BF
FFFFFEBB
00000025
0000056A
000001A5
00000368
0000024D
FFFFFD16
0000039D
00000348
000001EA
0000073A
000003FC
0000012B
00000321
000001CD
0000010E
FFFFFDEB
00000427
FFFFF9E7
000000ED
0000001C
FFFFFEFA
FFFFFD30
FFFFFF0D
FFFFFB73
00000376
FFFFFF8D
0000007A
FFFFFE0B
00000201
000003D2
00000063
0000055E
FFFFFE2E
FFFFFD1B
FFFFFED5
00000420
0000004D
00000096
000000D0
FFFFF9E2
00000214
FFFFFE15
FFFFFEAC
FFFFFC4E
0000014C
FFFFFC50
0000001F
FFFFFE72
FFFFFCA6
00000465
00000134
000003F9
000004CF
FFFFFCF8
FFFFFFC8
0000058D
0000003F
FFFFFBAE
FFFFFFC2
FFFFFCAC
FFFFFFBD
FFFFFCAB
000004F5
FFFFFF9C
FFFFFAD7
FFFFFDA9
FFFFFEF5
FFFFFEEA
FFFFFCAE
FFFFFFFD
FFFFFE28
FFFFFCF5
FFFFFAC6
FFFFFEDE
000005ED
000000FF
00000273
FFFFFF14
000002B4
FFFFFF13
FFFFFF0D
FFFFFC19
00000420
000003A8
FFFFFD63
00000517
FFFFFEE3
000000EA
00000249
0000017C
00000163
FFFFFFB6
FFFFFCF2
FFFFF823
FFFFFC66
FFFFFE17
FFFFFE9B
FFFFFFE8
FFFFFDF4
FFFFFFD5
FFFFFFA5
FFFFFC43
FFFFFF50
0000073B
000001EA
FFFFFF97
000001FA
00000135
00000632
00000029
FFFFFFDB
00000256
00000356
00000500
FFFFFF0F
FFFFFE52
FFFFFD8C
000001F8
FFFFF9A9
00000041
FFFFFDE3
00000045
00000353
FFFFFBBD
FFFFFD53
FFFFFF38
00000019
FFFFFD52
FFFFFA88
00000010
000000D9
00000000
00000151
FFFFFED0
FFFFFF07
FFFFFD07
000004C3
FFFFFED8
000000F7
00000087
FFFFFF55
0000033D
00000258
FFFFFDF1
00000168
FFFFFF65
FFFFFD74
0000003C
FFFFFC5C
FFFFFFD6
FFFFFD09
FFFFFD59
00000154
0000019F
00000227
FFFFFD30
000001D0
FFFFFE5A
FFFFFDAD
FFFFFEAD
00000243
0000029F
FFFFFF5C
FFFFFE0C
00000097
0000026C
0000015F
FFFFFF4A
00000106
0000008C
FFFFFF00
FFFFFFB4
000004B8
0000018F
00000172
FFFFFB3D
FFFFFEE8
FFFFFD73
FFFFFF2A
FFFFFF80
FFFFFE72
FFFFFB35
FFFFFDEE
00000475
000000D3
000004A6
000000AE
00000344
00000386
00000017
00000417
0000050F
FFFFFD13
FFFFFFD7
FFFFFCD5
00000001
FFFFFE2E
FFFFFAA1
FFFFFF96
FFFFFFC7
FFFFFE08
FFFFFF7B
FFFFFEB2
00000115
00000331
FFFFFCDA
0000038A
FFFFFD7D
00000104
00000106
00000323
00000358
FFFFFDFD
00000524
FFFFFE0C
FFFFFFF6
FFFFFFB6
FFFFFD3B
0000029F
00000151
FFFFFFC8
000000AD
000003AB
000001CF
00000270
000001AB
000002FE
00000316
0000026D
000000F5
FFFFFBE1
FFFFFDBD
00000206
000001E3
0000042B
FFFFFE5E
0000009D
00000569
000001BA
00000192
00000402
00000236
0000018A
000003C8
000006B1
0000056F
00000117
0000025E
FFFFFD5F
FFFFFDCF
00000107
00000238
FFFFFE13
000000CF
FFFFFED9
FFFFFBEB
FFFFFF02
FFFFFFEF
0000007F
FFFFFCA2
FFFFFE11
FFFFFE6F
00000004
FFFFFCA2
00000330
FFFFFE7E
FFFFFEDB
00000266
000000CA
000003E1
00000212
0000032C
00000159
FFFFFF7C
0000004D
00000217
FFFFFFF1
000000DD
00000399
FFFFFD7F
000000C6
FFFFFDA3
FFFFFD3A
FFFFFC66
00000109
FFFFFF85
00000027
FFFFFCF7
FFFFFF97
FFFFFEA6
FFFFFF75
00000258
00000104
0000015C
FFFFFF8D
FFFFFDC1
0000036B
FFFFFD42
00000073
000001FC
0000009E
0000003B
FFFFFD9C
0000015D
000004B1
00000241
00000039
000000CD
00000175
FFFFFE4D
FFFFFDD6
FFFFFE42
FFFFFC1F
FFFFFE58
FFFFFD5C
000001C6
FFFFFF2E
FFFFFEBF
FFFFFD24
000000C9
0000015A
000000F5
FFFFFF11
FFFFFDD3
000000EA
00000265
FFFFFCDB
000001C3
0000026B
000004E8
0000011B
00000165
000001C7
00000140
0000024B
00000262
00000237
000004E0
0000002A
FFFFFF69
00000455
00000137
FFFFFFFF
000002FA
000003C6
FFFFFD68
FFFFFCAB
FFFFFE3F
FFFFFC34
FFFFFE98
0000026E
FFFFFF3B
FFFFFD0D
FFFFFD75
FFFFFF00
000002C5
000000C0
00000106
FFFFFFB4
FFFFFE15
00000305
FFFFFE16
FFFFFD93
FFFFFB54
FFFFFF85
000001B1
000000B2
000001F9
FFFFFD61
FFFFFF38
000003A7
000001E4
000000DF
FFFFFBC5
FFFFFCB9
00000214
000003E2
FFFFFB96
FFFFFFEE
FFFFFE6D
FFFFFFDC
00000151
00000378
0000006A
00000396
000002BD
00000094
FFFFFE9B
FFFFFF77
000002CB
FFFFFEA3
FFFFFD22
FFFFFCC7
00000241
0000014A
0000042F
FFFFFECD
00000226
FFFFFF0F
00000466
000003E9
FFFFFEBB
00000202
0000000F
00000308
00000341
0000044D
FFFFFEC7
000001FA
FFFFFF29
FFFFFDF6
000000C9
FFFFFC92
FFFFFDAB
000001AA
00000232
0000029F
FFFFFCD6
FFFFFEBF
FFFFFDA1
FFFFFF63
FFFFFCC4
FFFFFCBC
FFFFFC62
FFFFFF3E
FFFFFAE9
0000026B
000000C7
FFFFFFE7
FFFFFF36
FFFFFD80
000001D3
FFFFFB8C
FFFFFC03
FFFFFD92
00000394
00000172
FFFFFF83
00000165
000002CB
000002E7
000001B7
000000C8
FFFFFE10
000004E8
FFFFFEA9
FFFFFFD5
00000053
0000015C
000003A1
000000BE
0000049B
0000002D
FFFFFDFD
FFFFFE3D
FFFFFD3A
FFFFFEDC
00000288
FFFFFE58
0000020E
00000096
000001DC
FFFFFD24
0000008A
000000B4
FFFFFF83
0000026A
FFFFFCC4
FFFFFE26
00000125
00000174
FFFFFF8E
FFFFFB55
FFFFFF4C
FFFFFDD7
FFFFFE60
FFFFFE1C
FFFFFF0B
FFFFFD1A
FFFFFDB6
000000FB
00000299
00000250
FFFFFFD0
00000282
0000029E
0000020B
0000018A
FFFFFFA2
0000052D
00000531
00000500
000004B6
00000084
000002BD
00000641
0000011F
00000346
000000C2
FFFFFF02
00000144
FFFFFFC5
FFFFFF87
000001A5
00000315
000002A3
0000037D
FFFFFF4B
FFFFFCFB
000000AB
FFFFFE7A
FFFFFCE0
FFFFFDF3
FFFFFD4F
FFFFFE22
00000051
FFFFFF66
FFFFFD8E
FFFFFEF7
FFFFFED8
00000271
FFFFFF48
FFFFFE5D
000000B9
00000053
00000098
FFFFFE28
FFFFFE6B
FFFFFDF0
FFFFFFDD
FFFFFD13
0000005C
FFFFFCED
00000130
FFFFFFEF
000001C0
000002DE
00000219
FFFFFE17
FFFFFC87
0000045C
FFFFFFD3
00000306
0000002A
0000025A
FFFFFFF1
000000F5
FFFFFF0C
FFFFFEF8
FFFFFFA7
FFFFFF3A
00000450
FFFFFDCB
000003EF
FFFFFFBE
00000160
000000CB
000002A4
FFFFFCFC
00000226
000003C3
FFFFFDF3
FFFFFEB4
00000321
00000103
FFFFFFD7
FFFFFD59
FFFFFF49
FFFFFEC0
000000A6
00000013
FFFFFE95
0000013F
FFFFFCA9
FFFFFCBF
FFFFFE4F
0000019F
FFFFFECC
000000E4
00000167
FFFFFD83
FFFFFC55
000000E5
0000044D
00000262
00000003
00000239
FFFFFD18
FFFFFE25
FFFFFB1D
FFFFFEA3
0000000A
FFFFFCEC
FFFFFD7E
FFFFFB30
FFFFFCFE
0000004D
0000007F
00000375
000000ED
00000268
00000569
00000241
00000324
000002F2
00000400
FFFFFFBC
00000026
0000007C
000001CE
FFFFFFDB
FFFFFFAD
0000031F
FFFFFF1D
FFFFFF4D
0000001B
FFFFFE7F
FFFFFE62
FFFFFF35
0000032A
FFFFFEB8
000000EE
00000218
FFFFFC10
00000509
000004E1
0000014C
00000161
0000038B
FFFFFFDA
FFFFFF15
00000160
000000D1
0000033A
0000027D
FFFFFDA1
FFFFFF65
FFFFFFED
0000013E
FFFFFED4
FFFFFDE3
FFFFFC99
FFFFFEA3
0000019D
00000345
00000286
0000004A
FFFFFF18
FFFFFF15
00000283
00000281
FFFFFFEC
0000007C
00000295
00000158
0000044D
000002F0
000003CB
000001ED
0000053A
00000194
000002F5
FFFFFF43
000002DC
FFFFFF2A
000001EA
FFFFFEA7
000000FE
00000124
FFFFFDFB
FFFFFD84
FFFFFFFE
FFFFFD1D
FFFFFFED
0000004C
FFFFFFF4
FFFFFEA9
0000034A
00000670
0000003B
0000004C
FFFFFEF2
000003D7
000001F0
00000225
000000D6
00000272
FFFFFF35
0000001E
0000008B
FFFFFF8E
0000009E
FFFFFF5F
FFFFFF73
FFFFFFDB
00000203
FFFFFE57
FFFFFF42
FFFFFE6A
000000D4
0000000E
000000A6
FFFFFC85
FFFFFDF8
000003FD
FFFFFE6D
FFFFFD19
FFFFFC26
FFFFFD1E
00000268
FFFFFDB5
FFFFFB42
0000011B
FFFFFC7D
00000244
00000859
000006AC
00000232
00000138
00000197
000001BF
000001C6
000001F4
FFFFFD65
FFFFFB49
FFFFFFEA
FFFFFE42
FFFFFF65
FFFFF989
000002AF
00000057
FFFFFD8D
FFFFFD20
FFFFFEFC
FFFFFD47
FFFFFD79
00000206
FFFFFCD1
FFFFFDD7
FFFFFCA2
FFFFFE75
FFFFFF6E
0000016A
FFFFFE29
00000309
FFFFFE8B
00000262
00000400
00000198
000006BB
FFFFF9EE
FFFFFC76
FFFFFD85
FFFFFA2B
FFFFFF79
0000005E
FFFFFA0C
FFFFFBAC
FFFFFF21
0000002D
FFFFFE08
FFFFFDE7
000001AB
FFFFFC00
00000411
000000E1
FFFFFDD6
FFFFFCB4
FFFFFC53
FFFFFF13
FFFFFF3D
000004E5
FFFFFE1D
00000378
FFFFFB9B
FFFFFA86
0000009A
FFFFFC58
FFFFFB74
000000C2
FFFFFF1B
000000BB
000001C0
FFFFFEF3
FFFFFBAD
0000014C
FFFFFA8C
000001B8
000001CC
0000018F
FFFFFA6A
000000ED
FFFFFC48
00000144
FFFFFF39
0000002B
00000267
FFFFFD15
00000354
FFFFFFF5
0000001A
00000212
FFFFFEB3
FFFFFE45
00000295
FFFFFFF9
FFFFFEE0
00000118
FFFFFBD2
000007F4
0000008E
FFFFFD01
00000231
FFFFFE8A
00000106
FFFFF9D3
FFFFFD62
0000034B
000002AE
FFFFF935
FFFFFBAE
FFFFFCCF
000006AD
000001D2
000002ED
FFFFFD49
000005E9
000000AA
000001A4
000006B7
000001B7
FFFFFBA5
0000010A
FFFFFD46
FFFFFEDB
FFFFF873
000000AC
00000386
FFFFFFB3
0000009B
FFFFFEF1
00000112
0000041B
000000B8
FFFFFDD0
000000CB
00000299
0000006F
0000068C
000002B3
00000756
0000058A
00000186
0000054F
000002A1
00000061
FFFFFDDE
FFFFFFE1
00000411
0000026C
000005C5
00000861
0000062F
FFFFFF6F
00000039
00000168
00000296
000000CE
FFFFFC1D
000002DA
FFFFFEFA
000001C3
00000397
00000405
FFFFFE8C
0000032D
0000018B
000003C1
FFFFF9CC
FFFFFBF6
000002E0
0000014E
FFFFFEE1
FFFFFC47
000001D9
FFFFFC09
00000089
0000058B
000005A9
FFFFFC32
000002B4
00000267
FFFFFF27
0000025D
00000020
00000537
FFFFFEE8
000000D8
00000210
0000023C
000003FA
000002E5
000004E3
FFFFFE9C
00000104
FFFFF991
0000037A
00000244
FFFFFE02
FFFFFFBE
00000065
FFFFFF7B
00000638
000008FD
00000322
FFFFFF52
FFFFFF73
0000032C
0000073C
000009D2
FFFFFF6C
0000058F
0000058F
FFFFFFF5
00000667
FFFFFF53
00000367
00000230
00000495
0000022A
0000023D
FFFFFCDF
000001B9
000001DA
FFFFFE11
FFFFFC71
FFFFF8AA
00000100
00000063
FFFFFD1E
000000FC
FFFFFD5A
0000006C
000000EA
0000016D
FFFFFCDB
000004CE
00000312
FFFFF826
FFFFF8E2
FFFFFD05
FFFFF8E8
00000100
FFFFFB14
FFFFFD7B
FFFFFBA5
FFFFFE93
FFFFFCAD
0000024D
00000225
FFFFFDF1
0000057A
FFFFFD62
00000256
FFFFFD33
FFFFFF06
FFFFFA18
FFFFFF9E
FFFFFDE6
FFFFFA57
00000210
00000217
0000001F
FFFFFFD4
000003E4
FFFFFAE3
FFFFFCDE
FFFFFFCD
00000273
0000013C
FFFFFD74
000001DA
FFFFFDC8
0000006B
FFFFFCC2
FFFFFF82
FFFFFFBE
0000016B
00000405
000004A2
000002F6
000003DA
000004EF
FFFFFCBA
FFFFFEF2
FFFFFF9C
FFFFFC24
0000030E
FFFFFDDB
FFFFFF90
00000228
000000CE
00000003
00000085
FFFFFF6C
FFFFFE8A
FFFFFE11
FFFFFC4B
FFFFFB2B
FFFFFC4F
000001FA
FFFFFF01
FFFFFF5D
000005E5
FFFFFF53
0000035C
FFFFFDA7
FFFFFF71
0000001B
FFFFFE9F
FFFFFBDE
FFFFFE11
FFFFF984
FFFFFFEB
FFFFFE7A
FFFFFA80
FFFFFE13
FFFFFFBF
0000016A
000002C8
00000186
0000034F
FFFFFF58
FFFFFDC2
00000238
00000248
FFFFF9EB
FFFFFF96
FFFFFD7C
FFFFFF91
FFFFFA2E
00000127
000002B5
FFFFFF1E
FFFFFABD
FFFFFBC5
FFFFFD60
FFFFF9C0
000001B9
FFFFFD33
000000F8
000002F5
FFFFFA87
00000213
00000206
FFFFFBDC
FFFFFE02
00000413
00000141
000000AB
FFFFFFE7
FFFFFFF5
FFFFFDA3
FFFFFC3A
00000254
0000063C
000004D9
0000044A
00000619
00000582
FFFFFF9B
000004CF
0000047E
000000B9
FFFFFC73
00000528
000001CE
00000282
00000176
FFFFFE87
00000063
FFFFFEEB
FFFFFDA8
FFFFFBC6
FFFFFF65
00000014
FFFFFEB7
00000080
FFFFFCA4
000000D1
FFFFF9AD
FFFFFCC4
FFFFFF9F
FFFFFC10
000000F5
FFFFFDCC
FFFFFF5B
0000026C
00000067
00000451
FFFFFFF1
FFFFFC89
0000025A
000000F1
00000330
0000034A
FFFFFBD7
000001DB
00000001
0000029C
000003BF
FFFFFCDA
000002B9
FFFFFDE5
FFFFFD1F
00000555
FFFFFF86
000002BB
FFFFFFE0
0000072D
FFFFFD74
000004D9
FFFFFE50
FFFFFFA6
FFFFFCA1
00000570
0000018F
00000010
0000026E
0000001C
0000064B
0000039E
00000002
000001CB
0000001B
FFFFFC3B
00000338
00000197
FFFFFE40
FFFFFDA2
00000417
FFFFFF4C
FFFFFDE8
000002D1
FFFFFC4B
000004A8
000001D8
000002EF
00000547
0000021E
FFFFFF1C
000001CB
0000054B
FFFFFE9C
FFFFFCA7
FFFFFF84
FFFFFB8E
00000329
00000201
FFFFFFAB
0000010D
FFFFFADA
0000045B
00000110
FFFFFAF7
FFFFFF63
FFFFFE6B
0000019A
0000051F
00000048
FFFFFF88
00000023
FFFFFD48
00000578
0000057B
0000003F
00000376
000004E1
00000553
000003A3
000002D0
0000002A
00000411
0000049D
FFFFFE09
0000027F
FFFFFB10
000000A8
00000477
000003C5
0000050F
FFFFFA6C
FFFFFB46
FFFFFEFF
FFFFFB0C
FFFFFF30
FFFFFAD8
FFFFFEEE
FFFFFD55
FFFFFFC4
0000054D
FFFFFBD0
00000538
FFFFFA00
FFFFF7DC
000001E9
FFFFFFA7
FFFFFDBB
FFFFFEC5
FFFFFE7D
FFFFFEC3
FFFFFF8C
FFFFFF1C
00000338
0000003A
FFFFFEAA
FFFFFFF3
FFFFFD67
00000BB0
00000237
0000055D
00000508
00000255
0000025C
0000064F
000004EE
00000792
FFFFFD93
00000413
FFFFFCBD
FFFFFD43
FFFFFDEB
000002F8
FFFFFD56
0000039F
0000025A
000001B7
00000576
000002A1
FFFFFBB4
000000B1
FFFFFD0D
00000432
FFFFFEB7
FFFFFC46
FFFFFFF6
FFFFFCE7
FFFFFE3C
FFFFFD79
FFFFFE6A
FFFFFEF2
000000FC
000001D9
000004D8
000004EC
FFFFFE14
FFFFFEB2
FFFFFAC2
FFFFFF3D
000004D2
00000162
000003A1
0000014C
FFFFFD1C
FFFFFF7B
00000248
00000111
0000003C
FFFFFF5B
000002DF
FFFFFBCA
000002C6
FFFFFE6F
0000052D
0000040E
FFFFFF58
FFFFFC92
0000001B
000003E2
FFFFFF7F
FFFFFC3D
00000257
000001EF
00000200
FFFFFC4E
FFFFFB8E
FFFFFB75
FFFFFE3E
FFFFFB3F
FFFFFE04
0000032A
FFFFFEFB
FFFFFFFF
0000019F
000002CC
0000039F
FFFFFEBB
FFFFFD9B
FFFFFD17
FFFFFD0D
FFFFFC3E
FFFFFFA1
FFFFFF9F
0000045E
FFFFF93F
FFFFFCD4
FFFFFD58
FFFFFD9E
FFFFFE8A
0000033A
000001C4
0000043D
FFFFFE76
FFFFF83F
0000046B
0000038E
FFFFFD18
FFFFFF68
000002D9
FFFFFE75
FFFFFA41
FFFFFC7D
FFFFFBA8
00000440
000001B9
FFFFFF8A
FFFFFD10
00000060
FFFFFC84
FFFFFD7A
FFFFFBF3
00000138
000002ED
0000067C
FFFFFECC
00000111
000002AB
FFFFFFBB
FFFFFAF3
0000015D
FFFFFE58
0000003B
FFFFFC16
FFFFFF88
0000018C
000002E2
FFFFFDBA
0000044C
FFFFFA37
0000032E
00000676
FFFFFBD5
00000146
00000773
0000063F
FFFFFE37
000007BB
00000175
00000069
000001FF
00000331
FFFFFD52
00000078
FFFFFAB4
FFFFFB8A
FFFFF994
FFFFFE36
FFFFFC75
FFFFFC97
00000297
FFFFFC46
FFFFFEC9
FFFFFB53
00000090
000003E2
00000364
0000023A
FFFFFE69
FFFFFAA4
0000036A
FFFFFA43
00000652
FFFFF97C
00000254
FFFFFC1E
FFFFFF9E
FFFFFC21
FFFFFE9F
0000056F
0000001D
FFFFFAD9
000002A8
000003E7
FFFFF926
FFFFFFBC
FFFFFE2B
FFFFFBBE
FFFFFB31
000004EA
FFFFFB14
FFFFFE28
FFFFFF63
FFFFFB64
FFFFFDCC
00000012
000001C6
FFFFFDE7
00000444
00000108
FFFFFB11
FFFFF963
FFFFF83D
00000130
0000025D
FFFFFF98
FFFFFE45
FFFFFD9E
FFFFFE53
0000017A
0000008F
FFFFFF72
FFFFFBBF
FFFFFEAF
00000031
FFFFFDB9
0000035A
0000036C
00000480
FFFFFE5A
000003FB
0000007C
000004B8
FFFFFEDE
00000333
00000251
00000409
00000114
FFFFFD0A
FFFFFE8D
000003D0
0000029C
FFFFFE0B
00000309
00000034
FFFFFE08
000000BD
FFFFFC5A
000008CC
00000381
000004A0
00000323
FFFFFA24
000001A1
00000325
FFFFF8E4
FFFFFD07
0000034F
FFFFF90F
FFFFFE71
00000032
00000093
0000008C
FFFFFFB1
00000289
00000216
FFFFFED8
000004AD
FFFFFCC6
FFFFFC3F
FFFFFD13
0000068D
FFFFFFA6
FFFFFC95
00000616
00000443
000006A0
00000232
0000035E
0000024D
FFFFFE99
FFFFF9CE
00000022
FFFFFD68
FFFFFF6A
00000681
0000060F
00000225
000006DF
FFFFFFAD
000001B3
FFFFFF0B
FFFFFE6B
FFFFFF39
FFFFF976
000000ED
00000353
FFFFF8BF
FFFFFF8F
000005C0
000001DE
0000038A
000001E8
000000BD
00000100
FFFFFD1D
000002B5
000000DC
0000010C
FFFFFEAD
0000089A
000002C7
000000C8
00000068
00000446
FFFFFBDF
00000274
FFFFFD92
FFFFFF6D
FFFFFB79
0000023D
FFFFFF68
00000132
00000716
FFFFFBE2
FFFFFD85
FFFFFE6D
FFFFFF52
FFFFFBAF
0000065F
000004E5
000004AB
FFFFFFC5
000004C7
0000014F
FFFFFFF6
FFFFFE32
0000028A
00000848
0000033A
000001AE
00000464
FFFFFE63
FFFFF977
FFFFFAA1
0000002C
FFFFFC0F
00000353
FFFFFF4E
FFFFFBAD
FFFFFFA4
0000022D
0000041C
0000041A
FFFFFF75
00000477
0000038E
000000D9
FFFFFD83
000002A6
000002E7
0000049A
FFFFFC45
000000F0
00000343
0000021C
000005A4
000002F3
FFFFFF22
0000005C
FFFFFBF9
00000167
FFFFFA1F
FFFFFCCF
FFFFFDA2
00000182
00000301
000000E6
FFFFF880
00000218
FFFFFD11
FFFFFF6A
00000359
00000002
00000054
00000573
FFFFFF7B
000003DE
FFFFFDA2
FFFFF930
00000042
0000020E
FFFFFC34
FFFFFF5A
FFFFFB2C
00000079
0000017D
FFFFFE30
FFFFFF4B
FFFFFDD3
000001C5
00000532
FFFFF8B9
FFFFFD09
00000125
FFFFFA6D
0000009E
00000285
0000044C
00000395
00000499
000002C5
FFFFFE97
000000D6
00000423
FFFFFEB7
00000434
0000022D
0000063F
00000629
00000181
000003F3
000006AA
FFFFFCA8
000003BE
00000542
FFFFFD21
00000461
FFFFFFE5
FFFFFD8C
0000002B
00000034
00000741
00000285
0000040E
FFFFFD11
000004DD
FFFFFCC6
FFFFFEE1
00000668
FFFFFBAA
00000215
00000422
FFFFFB71
FFFFFEFE
000002F4
FFFFFB10
00000222
00000438
FFFFFF8B
FFFFFB59
000002E7
00000000
000000F7
FFFFFE0D
FFFFFC38
FFFFFC97
00000477
000000BA
FFFFFDAF
00000078
FFFFFB9C
000004BE
FFFFFF4F
000004A1
0000015A
FFFFFB75
0000046E
00000186
00000234
0000004D
00000336
0000000E
FFFFFCA5
FFFFFAB8
000002C3
FFFFFF8D
00000131
FFFFF83F
FFFFFB51
000001D0
0000009E
00000818
00000369
FFFFF7BE
FFFFFE4B
00000139
000002F7
00000228
FFFFFED8
00000194
000001C7
FFFFFE4D
00000853
FFFFFDA5
0000068A
FFFFFE6E
000003EB
000004F3
FFFFFDAD
FFFFFFC0
FFFFFDEF
00000217
00000016
00000480
FFFFFEA1
000006BC
0000015B
00000508
000003B8
FFFFFD06
000001A1
FFFFFEEB
00000081
FFFFFA44
00000200
FFFFF939
000004C0
0000002C
FFFFFD6B
FFFFF7E6
0000024C
FFFFFB08
00000384
00000538
00000458
00000104
0000051F
0000035B
FFFFFEF0
0000023E
0000018A
FFFFFF89
FFFFFDC2
000002A3
FFFFFBA9
FFFFF909
FFFFFD40
FFFFFC11
00000596
FFFFFF28
FFFFFCA9
FFFFFD2D
FFFFF675
00000085
FFFFFED2
FFFFFC4A
FFFFFFA1
000006D0
FFFFFF81
FFFFFE1F
0000010C
0000047E
FFFFFAED
FFFFFB2B
00000061
FFFFFD92
0000030A
FFFFFDEB
000000F2
FFFFF9C5
00000161
00000342
FFFFFB75
000005FE
0000042E
FFFFF9B7
FFFFFDB4
FFFFFEF1
00000245
00000143
000001E4
0000035E
FFFFFF49
000005AB
FFFFFCDD
FFFFFD78
00000185
0000047C
FFFFFC99
00000527
FFFFFBB8
FFFFFE66
000004CA
FFFFFD3F
FFFFFFB8
FFFFFF87
00000282
FFFFFE69
FFFFFD7C
FFFFFAE8
00000545
FFFFFBAF
FFFFFA68
FFFFFF32
FFFFFF94
FFFFFFD6
FFFFFE2A
FFFFFCCE
FFFFFEF5
FFFFFE34
FFFFFAAB
000002CF
FFFFF9D6
FFFFFFD7
FFFFFBFA
000003B4
FFFFFE64
FFFFFF26
FFFFFC32
FFFFFE6F
00000869
00000014
FFFFFEB8
FFFFFDC9
FFFFFFC3
00000061
000003B6
000001CA
000001BA
000001D2
00000150
0000011E
FFFFFD2C
FFFFFF71
FFFFFD2A
FFFFFE16
FFFFF8A9
FFFFFE81
FFFFFD2F
FFFFFDEF
000001F6
FFFFFF7D
FFFFFC08
0000007E
FFFFFCA9
FFFFFBE7
00000587
FFFFFEC7
000002C1
FFFFFEED
FFFFFC70
000003F8
00000483
0000027C
FFFFFD3B
0000013D
FFFFFC71
FFFFFFFC
FFFFFD2D
00000607
FFFFF9B6
FFFFFC6F
FFFFFE1D
FFFFFFBD
FFFFFF14
FFFFF9E9
0000023C
FFFFFC18
FFFFFDEB
FFFFFE33
FFFFFD35
FFFFFFE7
0000046C
FFFFFFCD
FFFFFF8B
FFFFFDF5
000000CD
FFFFFE76
0000025E
000001CB
FFFFFF9E
000000F5
00000354
00000090
FFFFFDC2
FFFFFBD6
000000BD
FFFFF9F5
FFFFFDB8
FFFFFFE5
FFFFFA72
FFFFFF7A
FFFFFC2D
0000006B
00000150
FFFFFE1A
FFFFFB01
FFFFFE8F
000003E1
FFFFFB7B
FFFFFE56
00000451
FFFFF9B2
FFFFFC66
00000025
FFFFFF59
FFFFFCF3
00000191
000000AB
FFFFFE41
000001F8
000000B9
FFFFFCC3
FFFFFE34
00000295
000002FB
FFFFFD24
FFFFFE96
00000313
FFFFFF90
000004CB
FFFFFE50
FFFFFE2C
00000028
FFFFFF5C
FFFFFD1C
00000004
FFFFFC79
FFFFFCAC
FFFFFDD9
000004AE
FFFFFFE3
000001EA
00000214
FFFFF70B
000002BD
000000A5
FFFFFF69
00000167
FFFFFD48
FFFFFCA5
00000147
000000AA
FFFFFDD1
00000486
0000024D
FFFFFCD5
000004CA
00000456
FFFFFBA9
0000009F
00000141
FFFFFE85
000002D6
0000020E
00000118
FFFFFC2A
FFFFFFA5
00000208
0000027E
0000030C
FFFFFD02
0000002C
000000CB
000000C5
000002A1
00000177
00000445
000004FA
FFFFFF3C
FFFFFE91
0000015A
0000013F
000001CD
00000462
00000046
FFFFFC95
00000079
FFFFFD45
000000B0
FFFFFF0F
FFFFFDF7
00000080
0000031D
00000274
FFFFFCF5
000000BB
00000193
00000030
FFFFFCCD
000000AD
00000023
000002E3
FFFFFE9C
00000262
FFFFFDFA
000001DA
FFFFFC39
FFFFFC74
00000041
0000014A
000001E7
000000BD
FFFFFFFA
00000037
000003BF
00000115
000002D8
FFFFFCF5
0000022F
00000054
FFFFFF97
00000147
000000B0
00000111
FFFFFF88
FFFFFFA4
000000F3
FFFFFD64
000002EE
0000000D
FFFFFFBB
00000020
FFFFFED6
FFFFFC1E
FFFFFC81
00000484
FFFFFEEC
00000415
00000195
000003A6
FFFFFD20
000003FE
FFFFFF0D
FFFFFC77
FFFFFE03
00000219
0000022E
FFFFFFF8
FFFFFF9B
FFFFFE54
00000153
FFFFFF6D
0000036B
000005D4
0000034A
FFFFFEDE
00000190
FFFFFEE5
FFFFFFC8
FFFFFD92
FFFFFC91
00000180
FFFFFCCE
FFFFFB20
FFFFFDB5
FFFFFFBB
FFFFFFF9
FFFFFD7E
00000383
00000369
000000BD
00000218
FFFFFD8B
00000092
FFFFFFBE
FFFFFE54
00000311
000002E8
FFFFFE7B
00000050
0000024E
FFFFFF13
FFFFFE9F
FFFFFC41
FFFFFC6B
000001BC
FFFFFCF0
000004D0
0000026D
FFFFFC9A
FFFFFCE3
FFFFFC92
FFFFFE2F
FFFFFF22
00000367
00000142
FFFFFC5A
FFFFFD80
FFFFFD9E
FFFFFEE8
000000CA
FFFFFF8D
0000000F
0000042F
00000204
00000285
0000050F
00000502
FFFFFF6F
FFFFFFBB
000004C6
000000FC
FFFFFF92
FFFFFD7F
000001E0
FFFFFC62
000000A9
00000859
FFFFFA95
00000068
FFFFFF3F
00000226
00000433
000000A5
FFFFFFCB
00000402
FFFFFDAC
000000BD
00000295
FFFFFE52
000001F2
00000546
00000044
FFFFFEE6
FFFFFD70
FFFFFD42
FFFFFE9D
00000132
FFFFFEB8
FFFFFF4D
FFFFFD7F
FFFFFC2E
00000217
FFFFFC64
FFFFFBCC
FFFFFE5D
000001DA
FFFFFC95
FFFFFDB3
00000221
FFFFFE58
FFFFFE34
00000167
FFFFFB70
000002B9
00000542
FFFFFF66
0000022B
FFFFFF4C
0000018B
00000027
000001D5
000000BF
FFFFFDFE
00000399
000001EB
FFFFFE14
00000151
000004D1
FFFFFCF8
FFFFFE2B
000002D9
00000074
FFFFFFBA
00000606
FFFFFE81
0000003A
0000044E
FFFFFF77
000004E1
0000068C
FFFFFE69
0000027D
FFFFFBEF
FFFFFBA1
0000065F
FFFFFEF8
00000403
FFFFFF82
000000A4
FFFFFDDA
FFFFFF04
FFFFFBA5
000000C1
FFFFFFD7
FFFFFBFE
0000026E
FFFFFDF6
FFFFFF66
00000065
000002EE
FFFFFDF8
00000527
000001BA
00000087
00000697
0000022F
FFFFFB6C
00000443
FFFFFF60
FFFFFFA1
0000047B
0000004D
FFFFFD1B
FFFFFF88
000000C3
FFFFFDD2
FFFFFE31
00000059
000002EC
000004DB
FFFFFD6A
FFFFFE17
00000486
000001F3
FFFFFD58
00000170
0000033D
00000261
000002B2
000000F4
FFFFFDC3
FFFFFD6E
00000062
0000042E
FFFFFF1F
00000280
FFFFFE11
0000024F
FFFFFE43
FFFFFEED
00000241
000002C3
0000035F
FFFFFF34
00000166
0000006B
FFFFFD34
0000010D
FFFFFF90
FFFFFEAB
00000158
0000009A
FFFFFF35
0000003D
0000022C
FFFFFE30
00000372
FFFFFF0A
000002E0
00000018
000000D4
0000024F
00000163
FFFFFF40
FFFFFD19
FFFFFDAC
00000186
00000168
00000268
00000000
00000469
0000033C
FFFFFF8F
FFFFFA3E
000001DB
FFFFFEF7
00000186
00000013
FFFFFEE4
FFFFF9E6
0000008A
000004F6
0000010E
0000020C
FFFFFF5C
00000560
0000065D
FFFFFFE6
00000216
FFFFFF17
0000075C
FFFFFF09
FFFFFA99
FFFFFF2D
FFFFFC6E
FFFFFF65
00000062
FFFFFF78
FFFFFBD1
00000148
00000098
FFFFFC73
00000394
FFFFFEE1
FFFFFEC4
0000016B
00000446
000003E8
FFFFFEBA
0000035F
000003BC
FFFFFF46
FFFFFE4C
000000F9
00000061
FFFFFCE4
00000044
FFFFFFAD
FFFFFBDE
FFFFF7E9
00000034
FFFFFBA8
FFFFFE8C
00000079
FFFFFF60
FFFFFE5B
00000347
00000495
FFFFFCBE
FFFFFE4F
FFFFFE3C
00000051
0000053E
00000244
FFFFFEF8
FFFFFE92
0000024F
FFFFFDD7
00000204
FFFFFF19
000002BD
0000046C
00000045
0000014D
0000003A
00000564
00000086
FFFFFEAC
00000075
FFFFFB47
000000F2
000001AB
00000324
00000278
00000448
000005E1
0000002B
FFFFFE68
000005CF
000001E7
000002C5
FFFFFF68
000001C0
FFFFFE97
FFFFFF49
000004D6
FFFFFCFC
000000E9
000000BB
FFFFFE50
00000060
000000EF
FFFFFB86
FFFFFCFC
FFFFFEC2
000000A5
FFFFFEB0
FFFFFAB7
000003BD
00000154
FFFFFB11
000002EB
0000028D
FFFFFF58
000000B4
00000111
FFFFFFEB
00000507
FFFFFF99
0000049C
FFFFFFD4
FFFFFC04
000001FC
FFFFFD9D
FFFFFF31
000002D6
000001A0
00000317
0000025A
FFFFFEBA
FFFFFB26
00000304
FFFFFDA9
FFFFFE4A
00000330
FFFFFC08
000000EA
FFFFFBB2
000000DC
00000028
FFFFFC2E
000005AC
FFFFFECA
FFFFFE76
00000649
000002E6
FFFFFFBD
0000052E
FFFFFBD5
FFFFFFE1
00000314
FFFFFDA9
FFFFFFED
FFFFFD0F
000001DA
FFFFFFA6
FFFFFFAF
FFFFFFB7
FFFFFE54
FFFFFFFB
FFFFFCFA
FFFFFD70
00000136
FFFFFEE7
FFFFF96C
0000003D
000001EE
0000002E
FFFFF920
FFFFFE49
FFFFFC0E
FFFFFCE9
000000CA
FFFFFE13
00000164
000001E1
00000028
000001D5
FFFFFFD3
0000033E
FFFFFB6F
FFFFFCE1
FFFFFD17
0000018E
FFFFFFAC
FFFFFFBF
FFFFFC17
FFFFFFE8
FFFFFDDC
00000260
00000075
00000235
00000051
FFFFFE82
0000021A
FFFFFFCB
0000012C
FFFFFEE8
FFFFFCBD
FFFFFEC6
FFFFFB56
000002B9
0000015F
FFFFFA10
FFFFFFD6
00000347
FFFFFE28
FFFFFFB6
FFFFFFDB
FFFFFB5A
FFFFFBD6
000005D1
FFFFFA69
00000446
FFFFFD9F
0000015B
000000E2
FFFFFB96
FFFFFC1C
FFFFFA8F
0000020A
FFFFFEF3
FFFFFE0E
00000258
FFFFFBCA
FFFFFC05
FFFFFC6A
000000C3
FFFFFCBC
FFFFFF76
FFFFFBF7
00000254
FFFFFE1C
FFFFFB7C
FFFFFE79
00000176
00000256
FFFFFC52
FFFFFE46
FFFFFE1E
00000055
FFFFFE05
FFFFFD7E
00000173
FFFFFC10
0000038B
FFFFFEA3
FFFFFAE9
FFFFFECD
FFFFFA32
00000131
FFFFFE6E
FFFFFCC6
FFFFFF97
FFFFFE52
00000041
00000083
00000408
FFFFFAAF
000001F2
FFFFFFC2
000002DF
00000253
0000013C
FFFFFF9E
000001A0
FFFFFB19
FFFFFDD6
00000153
FFFFFA12
FFFFFF84
FFFFFB1F
FFFFFFF5
FFFFFD6D
FFFFFA5B
FFFFFD18
FFFFFDFD
00000321
00000166
00000309
000003BE
0000002A
FFFFFEC9
00000576
0000014A
FFFFFC62
FFFFFDB4
0000046A
0000048D
FFFFFDC9
000001AA
0000022C
00000146
FFFFFD46
FFFFFF27
000001FA
FFFFFBB8
FFFFFC5C
00000199
FFFFFC83
000000EC
000005C5
FFFFF9D6
00000274
00000585
FFFFFBDE
FFFFFFF3
FFFFF8FD
FFFFFB6F
FFFFFB90
000000B8
FFFFFE8B
FFFFFEE7
FFFFF842
FFFFF9FC
00000242
FFFFFAED
FFFFFF2C
FFFFF8F6
00000370
FFFFFD8A
FFFFFDA7
0000005A
FFFFF8E0
FFFFFFBE
00000268
00000258
0000042D
00000858
000009E2
00000169
0000010F
000001F5
00000201
FFFFFFF4
00000261
FFFFFC15
FFFFFDA5
00000299
FFFFFE09
FFFFFE5D
000001E6
FFFFFCC6
FFFFFCD8
FFFFFECC
00000558
0000085A
FFFFFF71
FFFFFF65
000001B7
00000377
FFFFFFCB
FFFFFCB8
FFFFFD08
FFFFFDD8
000006EC
000001A7
FFFFFC2A
00000061
FFFFFE8C
0000023E
FFFFFB22
000004B7
FFFFFD73
FFFFFCA6
FFFFFF62
FFFFFC8F
FFFFFC8B
FFFFFC61
FFFFFF7B
FFFFFDEA
FFFFFEB2
FFFFFC72
FFFFFD5B
0000029F
FFFFF98C
FFFFFC8E
000003B9
FFFFFC7F
000000C9
FFFFFE18
00000232
FFFFFFD3
00000256
00000388
FFFFFF57
FFFFFE2B
0000050C
FFFFFDA7
FFFFFD7F
FFFFFC3D
000001DB
00000146
FFFFFCF2
000004AA
FFFFFC42
0000005D
FFFFF9D1
FFFFFC20
00000294
FFFFFBFD
00000434
FFFFFCC9
000002DF
0000009F
00000084
FFFFFC92
FFFFFCEA
FFFFFE5E
00000051
FFFFFCDC
00000367
0000022C
FFFFFC05
00000002
FFFFFB84
FFFFFCE9
000000C9
000001E8
00000348
000000D6
0000002B
FFFFF837
FFFFFCE4
FFFFFED5
000005E1
000002BD
FFFFFF00
00000011
FFFFFDFA
FFFFFCEE
0000023F
00000119
00000723
000003B6
00000481
0000017A
00000156
00000879
00000428
0000065E
FFFFFD7D
000003E1
000001BD
FFFFFF1E
FFFFFE0F
FFFFFB31
FFFFFF0D
0000020E
FFFFFEEE
FFFFFC91
00000095
FFFFFC8C
00000486
000000E8
0000026B
00000228
000003C0
000003B9
00000286
000000A0
0000026A
FFFFFFE3
FFFFFFF5
FFFFFEC6
0000041F
FFFFFEE7
FFFFFE77
00000024
FFFFFFBF
FFFFFFD9
FFFFFE53
FFFFFD62
000000E5
00000424
0000006F
00000315
FFFFFC50
000004BD
FFFFFD06
0000011A
000001B9
FFFFFE4E
FFFFFD6A
00000575
00000122
00000598
FFFFFD8A
000002BF
000004C4
00000130
00000210
000001E7
FFFFFF93
00000091
FFFFFE92
FFFFFEF7
FFFFFDA8
0000026B
FFFFFC39
FFFFFBCF
00000440
000003E7
0000045E
00000066
00000140
0000015A
000004A3
0000010E
00000147
FFFFFA62
000001E2
0000042C
FFFFFFDB
FFFFFE06
FFFFFE23
FFFFFE29
000005BA
FFFFFDF1
000000C6
0000009F
0000021F
0000000C
FFFFFE02
FFFFFDE7
FFFFFFEF
FFFFF99F
FFFFFEB8
000000A3
0000000B
FFFFFFB0
FFFFFACD
0000018A
000001D6
FFFFFF4B
FFFFFF89
FFFFFCC7
00000145
000003E8
00000417
0000028E
FFFFF9EC
FFFFFB46
00000263
FFFFFDA3
FFFFFB70
FFFFFC6C
000001B3
FFFFFEFB
0000019A
FFFFFC1E
FFFFFD4E
000000D5
FFFFFE21
FFFFFC3D
FFFFFB44
FFFFFD5D
FFFFFA5F
FFFFFCF6
FFFFFAE0
000000AC
000001A6
00000098
000002CB
00000269
00000377
FFFFFBBF
0000037F
00000089
FFFFFBAF
FFFFFD5A
FFFFFCC8
0000013E
00000367
FFFFFDEC
00000309
FFFFFD5D
FFFFFF5B
00000021
FFFFFBDF
0000013D
FFFFFAA1
0000018D
000001E9
000003B2
00000074
FFFFFBBB
FFFFFDF4
00000122
FFFFFD3A
FFFFFBF4
00000342
0000005D
00000336
000002D6
00000645
0000050C
00000028
0000035C
FFFFFD97
000006DC
FFFFFF82
000002FE
000003F8
00000113
0000023C
00000038
FFFFFE3B
000002F1
00000153
FFFFFD0D
FFFFFC64
FFFFFDA4
0000053B
0000011B
FFFFFD98
000003E8
FFFFFE87
00000312
000005B3
FFFFFF49
0000012F
FFFFFC04
FFFFFE55
FFFFFC4E
FFFFFF48
FFFFFC8F
00000218
FFFFFCA0
FFFFFB4E
00000117
FFFFFEC2
FFFFFD7D
00000397
000000F0
FFFFFF8B
00000383
FFFFFF40
FFFFFFE0
FFFFFCD0
0000005F
FFFFFDDA
0000012A
FFFFFB13
FFFFFFF3
0000057B
00000269
0000039B
FFFFFEBC
FFFFFF94
0000028F
0000017E
FFFFFBE8
00000160
FFFFFCD0
FFFFFB45
00000253
00000124
FFFFFE67
000000BB
FFFFFE2E
FFFFFA4E
FFFFFF22
FFFFFDD0
FFFFFBEF
FFFFFE16
FFFFFE94
000002B0
00000379
00000290
FFFFFEB8
000002D2
00000697
000001FC
00000190
FFFFFDF6
FFFFFD7D
FFFFFED2
FFFFFF4E
FFFFFA31
00000095
00000175
FFFFFE00
000002EC
FFFFFF06
0000000E
00000265
FFFFFF06
FFFFFA34
00000287
FFFFFF34
FFFFFB98
FFFFFBA3
FFFFFFCF
FFFFFCC7
000002CD
000000F9
0000015B
FFFFFEC8
000003D8
00000363
FFFFFE47
FFFFFBD1
000001B6
FFFFFAE7
FFFFFCCF
000002EE
FFFFFDE5
0000037B
FFFFFFFD
000002B9
FFFFFE09
FFFFFE1A
FFFFFCD9
FFFFFCBC
FFFFFD7D
0000006E
FFFFFD2C
000001C2
FFFFFFDD
FFFFFDBA
FFFFFE92
FFFFFF97
0000032A
00000250
FFFFFFF1
FFFFFDEC
FFFFFAC5
FFFFFD72
00000201
0000043F
FFFFFCFD
FFFFFE66
FFFFFEF8
FFFFFC18
FFFFFFDA
FFFFF98F
000000AC
000000D6
FFFFFF55
FFFFFFDC
0000005D
00000108
FFFFFDC8
000004CA
FFFFFD28
FFFFFC72
FFFFFDE0
00000044
FFFFFB36
FFFFF982
0000056B
FFFFF935
00000046
FFFFF783
00000038
FFFFFF14
FFFFFBB3
FFFFFBE0
FFFFFC16
FFFFFF4A
00000232
FFFFFEEF
0000006C
0000019B
FFFFFDF8
0000025A
0000032A
00000129
FFFFFFB8
FFFFFEE0
00000243
000004D5
FFFFFFFA
000003D9
FFFFFBDB
FFFFFFE9
000000F0
FFFFFB8B
FFFFFAAF
0000020F
000001D5
FFFFFECD
FFFFFF98
0000016C
FFFFFC90
00000275
000003AF
00000053
FFFFFF51
00000213
00000080
000002ED
0000024E
FFFFFB2D
00000160
0000019F
FFFFFEC1
000000F9
00000150
00000103
00000315
FFFFFF41
FFFFFCB1
FFFFFD81
FFFFFDC5
FFFFFE90
FFFFFF3C
FFFFFC9B
00000381
FFFFFDBD
FFFFFEA3
FFFFFEAD
00000216
000004F7
000002B0
FFFFFF8F
000000BB
FFFFFEBC
000002C3
FFFFFBDA
00000262
FFFFF7F3
0000024D
FFFFFFA9
FFFFFFA3
FFFFFEA5
FFFFFD6E
FFFFFDC9
FFFFFF11
FFFFFFBB
000001AC
FFFFFE66
FFFFFB14
0000027A
00000277
00000173
00000368
FFFFFEF1
FFFFFE65
FFFFFB44
FFFFFAAB
FFFFFDC3
FFFFFEFA
000001B0
FFFFFF8A
FFFFFD07
0000013B
00000445
FFFFFDC2
000001EF
000001BF
00000333
FFFFFE7B
000003AF
0000002A
FFFFFF2E
FFFFF952
FFFFFC36
FFFFFF83
FFFFFECA
FFFFFAE3
FFFFFB7B
FFFFFFCA
FFFFFE80
0000005A
000004C9
00000189
000000D5
FFFFFFF8
000004A2
000001E4
000003A2
00000296
000005B2
000000F2
000003B1
FFFFFC18
FFFFFE8A
000004C6
FFFFFF5D
FFFFFF51
00000283
FFFFFEED
00000208
FFFFFF86
FFFFFC1E
0000036A
FFFFFB6F
000000A7
000000E8
FFFFFD3D
0000009C
FFFFFF34
FFFFFE94
0000037E
00000529
000000CA
FFFFFDB9
00000519
00000196
FFFFFDC5
FFFFFF30
00000089
00000486
000002CC
0000027D
FFFFFE4D
FFFFFF57
FFFFFFDA
000000A1
00000084
00000164
000004D9
00000609
00000350
FFFFFD80
00000162
000000B3
FFFFFDE4
00000293
00000059
FFFFFC75
000002C5
FFFFFD78
FFFFFC01
000003A8
FFFFFC74
FFFFFEA8
FFFFFEE1
00000199
0000028D
00000533
FFFFFFA4
00000524
00000450
00000209
00000236
FFFFFEC9
FFFFFC9F
FFFFFD04
000001B3
FFFFFB6C
0000008B
FFFFFEBB
FFFFFFEF
FFFFFEFB
0000050C
FFFFFE3A
000000BD
FFFFFC69
FFFFFD22
FFFFFE41
000003B2
0000015C
FFFFFCCD
00000165
FFFFFF6C
FFFFFFCA
00000463
00000133
000000F6
FFFFFFCA
00000037
FFFFFB31
0000005B
00000321
FFFFFB70
FFFFFC11
FFFFFC89
FFFFFF53
FFFFFD85
00000075
FFFFFF04
0000018D
FFFFFCA6
000000BE
00000166
00000222
FFFFFF65
FFFFFE17
0000006E
FFFFFEA5
00000128
0000000D
0000002A
00000516
FFFFFECC
000001E4
FFFFFEE0
FFFFFC65
0000014F
FFFFFF14
0000052B
0000030C
000004DC
FFFFFED2
00000008
0000028F
FFFFFFA3
000001D0
0000026C
0000026A
FFFFFEAB
FFFFF9E8
FFFFFE4A
00000248
FFFFFB81
FFFFFCEC
FFFFFD56
00000190
FFFFFE9E
FFFFFED1
FFFFFC33
0000036C
00000520
0000003C
FFFFFF06
FFFFFBA9
FFFFFA96
FFFFFF53
FFFFFF08
FFFFFDD5
000002F5
00000093
000001CF
FFFFFBA2
00000343
0000013C
00000410
FFFFFEF8
FFFFFBFE
0000009E
000000C2
0000018C
FFFFFD88
00000559
000001DA
FFFFFE8B
0000030F
00000129
00000137
FFFFFBB5
0000024A
FFFFFDCB
0000029D
FFFFFAF4
00000412
FFFFFEAF
000000A8
FFFFFD8B
FFFFFA8F
00000030
FFFFFDBA
000000A4
000001FB
FFFFFF4E
00000677
0000062E
000000FD
000001E7
00000544
00000337
00000417
000001D6
000002D8
FFFFFBF1
FFFFFD70
000000D2
FFFFFC56
00000387
000003CF
0000016C
0000063A
00000501
000000F0
00000241
0000049D
000006D0
FFFFFF4C
FFFFFE51
000001A9
FFFFFB54
000002AB
00000440
FFFFFD91
FFFFFEDB
FFFFFF16
00000391
000004B1
00000392
00000207
FFFFFF2C
0000040C
0000043B
00000289
FFFFFD13
FFFFFD31
00000165
00000418
FFFFFBBD
FFFFFCDF
FFFFFFE0
00000101
FFFFFF41
FFFFFDF9
FFFFFFED
000001CC
FFFFFB4E
FFFFFF00
FFFFFDBB
FFFFFB41
FFFFFBF1
000003EB
000003E9
0000036E
0000005F
000003A4
0000025F
00000629
000002B3
000001C3
FFFFFF1D
FFFFFF17
000001C9
FFFFFDE9
00000057
0000006A
FFFFFE31
00000124
000001DB
FFFFFF5F
000003FE
000001F5
FFFFFDCB
000002D5
000001C0
FFFFFC09
FFFFFB83
FFFFFE40
00000186
00000128
FFFFFD57
000000C7
FFFFFCC4
FFFFFCB3
00000258
FFFFFF3C
00000455
000000BB
FFFFFB92
FFFFFE19
FFFFFE85
FFFFFF6C
FFFFFDB2
FFFFFC93
FFFFFDB7
0000026B
FFFFFD10
0000011F
00000484
00000297
FFFFFDE2
0000012A
00000099
00000501
000003D1
FFFFFE3A
FFFFFE95
000001AD
FFFFFE52
0000002B
FFFFFD47
00000048
000004BA
FFFFFFFB
00000095
FFFFFC0E
FFFFFDD5
00000598
0000010B
00000231
00000113
000000E3
000002A1
00000422
FFFFFEF4
0000003F
FFFFFE30
FFFFFF7D
FFFFFD25
000000B6
FFFFFAEF
FFFFFBAD
00000044
0000007C
FFFFFDE2
0000004E
FFFFFF81
FFFFFE1E
00000483
FFFFFDB4
000002C7
00000086
0000047F
00000462
00000268
FFFFFE27
FFFFFC1D
00000173
000004CD
FFFFFB5A
000000A5
FFFFFFC9
FFFFFDE6
FFFFFD91
00000468
00000253
00000202
000002C3
FFFFFEDD
00000245
000001F3
FFFFFE80
000000E5
FFFFFE3B
FFFFFC47
FFFFFEFA
FFFFFE20
00000212
00000156
000001EA
0000032A
FFFFFEFA
000001DA
000004EC
FFFFFFFA
00000060
FFFFFDD3
000003AB
0000018F
FFFFFE96
FFFFFD65
FFFFFAE2
000004A6
FFFFFE1A
FFFFFF53
FFFFFC07
FFFFFF1C
FFFFFFF8
FFFFFC1A
FFFFFF56
000002F2
FFFFFCA8
00000392
0000065E
00000495
000000F7
000002D0
000000F8
0000032E
FFFFFBE2
00000161
FFFFFE1F
0000021D
00000003
FFFFFF14
00000239
FFFFFC6E
FFFFFEA1
000002FF
FFFFFC20
000005D2
000001A1
FFFFFE8C
00000420
FFFFFE9B
00000001
000003F2
FFFFFC4C
0000000A
000002C3
00000213
FFFFFC41
FFFFFFEB
FFFFFDF2
FFFFFE37
FFFFFFF0
FFFFFE82
000000C0
FFFFFAC4
000000C7
0000011C
00000351
0000050A
FFFFFE6B
FFFFFC1D
FFFFFD1A
FFFFFDF5
00000207
FFFFFEDF
FFFFFD4F
FFFFFD9B
FFFFFCAD
000000B0
0000023D
00000107
FFFFFF48
000004DC
0000077F
FFFFFE93
00000005
000002F3
00000211
FFFFFE0B
FFFFFE38
0000043B
FFFFFCC2
FFFFFB1D
00000214
FFFFFF05
000001BB
00000010
FFFFFF96
00000239
FFFFFF2B
FFFFFF8F
000000B9
FFFFFA35
FFFFFDB1
0000057E
FFFFFEE0
FFFFFF73
FFFFFCDB
FFFFFFC9
FFFFFB17
000000C5
FFFFFC18
FFFFFBAE
FFFFFF60
0000001B
FFFFFDE5
0000045C
000004AC
00000171
FFFFFFD0
000003E0
FFFFFEEF
FFFFFDB4
0000039C
FFFFFDE0
FFFFFD72
0000020E
000000B0
FFFFFA14
FFFFFC4F
00000011
FFFFFCBB
00000182
00000298
0000002C
0000037A
0000058C
FFFFFCA2
FFFFFE59
0000017C
00000243
FFFFFFEC
000002D7
FFFFFBE4
FFFFFB4D
FFFFFDD2
FFFFFC28
FFFFFD80
FFFFFE11
FFFFFCDB
FFFFFEC6
FFFFFB5D
FFFFFF2F
FFFFFF1A
000001A0
FFFFFF75
FFFFFC28
FFFFFEE7
FFFFFDAE
FFFFFD84
FFFFFDEA
FFFFFCF1
0000039B
000002D9
000003D9
000000FF
0000032D
FFFFFC56
FFFFFB37
FFFFFA13
0000038A
FFFFFE51
FFFFFB8F
FFFFFF5A
00000108
00000109
00000032
FFFFFD6F
FFFFFC80
0000013B
0000056C
00000180
0000028A
0000045C
FFFFFF02
FFFFFE65
0000028F
000001B2
FFFFFE9B
00000127
00000003
0000014B
FFFFFFE3
0000014A
00000213
000003A6
00000317
00000299
FFFFFEF2
FFFFFF5B
00000260
FFFFFD5B
FFFFFFB3
0000029C
FFFFFDA6
000001ED
0000036B
00000218
0000039B
000002EF
00000047
00000367
00000467
00000463
00000626
0000035F
000007FD
0000040B
000008FF
00000791
000003EB
0000055B
FFFFFF62
FFFFFFF2
000002B6
FFFFFFB4
00000122
FFFFFD92
FFFFFC83
00000043
00000021
000004AB
0000027F
0000015C
FFFFFFA7
FFFFFC1C
FFFFFCC6
FFFFFEEF
FFFFF8BF
FFFFFF45
000001C3
000003B4
00000055
00000201
00000577
FFFFFE3F
000005D1
00000184
00000218
000004A8
00000295
0000015D
FFFFFC29
FFFFFFA9
00000141
0000014F
000001A0
FFFFFFFE
000000FB
000001B3
000000D3
FFFFFC31
000001E9
00000597
0000006E
000001DA
FFFFFFD6
00000403
FFFFFD02
00000316
00000549
FFFFFF43
000000B2
FFFFFD82
00000112
FFFFFDF7
00000594
00000292
FFFFFC56
FFFFFF5B
000001B9
FFFFFDAC
FFFFFD76
FFFFFB47
0000006C
00000109
0000010F
000001B3
FFFFFD28
FFFFFC7C
FFFFFF47
FFFFFDF3
FFFFFB2A
FFFFFCEF
000001C8
FFFFFFE6
000004B9
00000108
FFFFFEB8
0000010F
00000131
FFFFFCD3
FFFFFE73
00000236
000001D0
00000319
FFFFFF57
000001EF
FFFFFF62
000005FD
0000027D
00000539
00000173
000002D1
000002A9
FFFFFF8D
00000513
FFFFFBF4
00000243
0000061B
FFFFFE87
000000E3
000002E0
0000010E
00000383
FFFFFF14
00000431
00000205
00000030
000004D0
0000013F
00000407
FFFFFD6A
000000A8
FFFFFE85
FFFFFF1E
FFFFFE2D
FFFFFA89
00000001
FFFFFE28
FFFFFCDE
00000101
FFFFFDD0
000002BB
FFFFFF8A
FFFFFA14
000003AB
000001B3
FFFFFDB2
000000D8
FFFFFFCD
000002A6
FFFFFE12
FFFFFC69
00000238
00000014
00000232
0000049A
00000197
00000244
000000A7
00000100
0000005E
000000D0
FFFFFEA3
00000333
FFFFFD74
FFFFFCCC
000000FA
0000013F
FFFFFE2F
FFFFFEE9
FFFFFECC
FFFFFDB3
FFFFFFBE
FFFFFE8B
FFFFFDB6
00000170
00000000
00000257
FFFFFEDA
FFFFFEB3
000001FB
00000285
000002BC
FFFFFF32
FFFFFEE7
0000029A
FFFFFE45
FFFFFDD4
00000219
000001DE
00000330
FFFFFF98
FFFFFEF0
00000118
0000028F
00000229
FFFFFE56
00000378
FFFFFCEC
FFFFFE0F
000000D6
FFFFFEAB
FFFFF959
000001D3
FFFFFEA3
FFFFFFD4
FFFFFF25
00000049
FFFFFA89
00000007
FFFFFE5B
FFFFFDF1
FFFFFD12
0000025F
FFFFFC1A
FFFFFC00
FFFFFC31
FFFFFAA0
000001C8
0000024F
00000135
FFFFFFB4
000000E2
FFFFFB0C
000001F0
FFFFFD35
FFFFFDCF
000002DD
000001BB
000002E1
000001F3
FFFFFEE4
00000072
FFFFFFC0
FFFFFE63
FFFFFBA7
00000190
FFFFFBB0
00000080
000001A5
000000A5
00000286
FFFFFEB2
000000A8
FFFFFFE0
0000011B
00000039
FFFFFF72
00000291
FFFFFCDA
00000088
FFFFFF98
FFFFFD09
FFFFFF13
FFFFFB33
FFFFFF9A
FFFFFE5E
000003E7
FFFFFF20
0000027A
00000167
000002A1
000004C7
000001F5
000001A1
00000062
000003D0
00000134
FFFFFE94
000002F0
00000006
FFFFFC40
0000002A
00000266
0000034A
FFFFFFBA
FFFFFE53
000004CD
FFFFFD10
FFFFFEBC
0000033A
0000033D
0000014B
FFFFFF8C
FFFFFF3D
0000023C
FFFFFC55
0000000F
0000014E
00000171
FFFFFD75
0000022A
FFFFFDC8
FFFFFD32
FFFFFA3C
000000ED
FFFFFD98
FFFFFE98
FFFFFFB6
FFFFFEEE
0000006F
FFFFFD1D
FFFFFF28
FFFFFE6C
FFFFFFF3
FFFFFEFB
00000285
FFFFFFE8
FFFFFFAC
FFFFFCD0
000001ED
000002D4
000000D7
00000041
0000004F
0000002C
000005AB
000004DF
000001A5
FFFFF92B
0000022A
FFFFFEBB
FFFFFFDC
000002BE
FFFFFEE7
000002B6
00000534
000006AC
000002DD
FFFFFFAA
000002E4
00000021
00000230
00000271
00000046
FFFFFD7F
FFFFFC6A
FFFFFFE9
FFFFFEEF
FFFFFE9C
FFFFFBFC
FFFFFD2B
00000346
FFFFF8F8
FFFFFF84
000000DC
0000018F
000000F7
0000034B
00000035
00000290
000004F3
0000036C
FFFFFE4A
000004C2
FFFFFEE6
000002AF
0000006F
FFFFFC9F
FFFFFD14
FFFFFEC5
0000024C
FFFFFDE0
000005AF
FFFFFFAF
FFFFFEFB
0000014B
FFFFFD91
FFFFFBC3
0000003B
FFFFFDC5
FFFFFEF5
0000005B
FFFFFE7D
FFFFFAD6
0000019C
FFFFFD5B
000000F1
000003DE
FFFFFEF9
00000185
000004CE
00000302
00000026
FFFFFFE4
00000196
0000021C
FFFFFB87
FFFFFC9E
0000001B
FFFFFDD6
FFFFFC04
000003BE
FFFFFF21
FFFFFC74
00000069
FFFFFFEA
0000000E
000002B5
FFFFFC0A
00000302
0000001B
00000428
000000FA
0000035A
000000DC
00000277
000000E1
FFFFFCB8
00000293
0000026D
0000008A
FFFFFE76
000003F7
0000001D
00000243
FFFFFD70
00000146
000000A9
FFFFFF99
FFFFFE8C
00000082
FFFFFAD9
FFFFFC7F
00000317
000002C7
FFFFFFC6
FFFFFD34
00000128
0000013A
FFFFFEAF
0000000E
FFFFFE5A
000001E8
FFFFFE87
FFFFFDDE
00000159
FFFFFF61
00000101
FFFFFE67
00000062
FFFFFE88
FFFFFD90
FFFFFE06
00000284
FFFFFE99
000005C5
0000071B
000004FD
FFFFFE15
0000037E
0000017B
00000685
0000042A
00000319
00000295
00000016
00000414
FFFFFEAC
000000A2
000005BF
FFFFFF5F
00000382
FFFFFD7D
00000311
FFFFFE16
FFFFFFF7
00000188
FFFFFD33
FFFFFE5A
FFFFFC65
FFFFFC2C
000000F2
000003BE
00000401
FFFFFD21
00000181
0000002B
FFFFFCF0
FFFFFFC6
0000034D
FFFFFBAA
FFFFFD31
0000031C
FFFFFC55
00000187
FFFFFF9C
0000011B
0000019C
00000098
00000214
FFFFFE3F
FFFFFED1
FFFFFE68
FFFFFF15
FFFFFE2C
0000012D
FFFFFFC7
FFFFFEB9
0000031A
00000065
00000476
000002A1
0000007B
0000001F
FFFFFDC6
000000F4
FFFFFE74
FFFFFEFD
FFFFFEB8
FFFFFF7E
FFFFFD8C
000001C4
FFFFFD76
FFFFFF2D
FFFFFF00
FFFFFEA9
0000027B
FFFFFECF
00000269
FFFFFF25
000002DE
0000036E
0000016C
0000007B
FFFFFEB1
FFFFFC29
FFFFFC3B
FFFFFBCC
FFFFFEFB
FFFFFEA2
FFFFFBBD
FFFFFDB2
000002DE
FFFFFEDD
00000178
000003F1
00000237
FFFFFE21
000004ED
00000262
0000014C
00000739
0000018B
0000032A
FFFFFCD5
FFFFFCF6
0000015C
000001FD
FFFFF9AB
FFFFFE24
00000017
FFFFFEED
00000105
FFFFFDFF
00000000
0000010A
000001CE
000001AF
FFFFFF66
00000008
000002C1
FFFFFEF4
0000015D
FFFFFBD0
FFFFFD9C
FFFFFE8C
FFFFFF31
FFFFFC48
FFFFFB75
000001A4
0000045B
00000447
0000009E
0000027D
0000003C
000005CB
000001DE
FFFFFF5E
000001A0
FFFFFFB0
FFFFFEC5
0000011D
FFFFFDC1
FFFFFFF2
FFFFFDEC
FFFFFC61
FFFFFD87
FFFFFDDD
00000345
FFFFFEBD
00000204
000004E2
00000314
FFFFFDF8
000004FF
000000C1
FFFFFD59
FFFFFB26
0000011B
FFFFFD15
FFFFFC0E
FFFFFB90
0000008A
FFFFFD4A
00000144
FFFFFEBB
000000E1
FFFFFE86
FFFFFCD3
FFFFFD72
00000309
00000075
FFFFFBE2
FFFFFC96
FFFFFC64
00000076
000000EF
0000028E
FFFFFFC9
FFFFFD5A
0000029F
00000408
000002D2
00000539
0000015A
000003A5
FFFFFF74
0000027C
FFFFFE62
0000005B
000000A3
00000383
0000029F
000000DF
00000518
FFFFFEDE
00000485
FFFFFDCB
0000050C
00000577
0000032C
00000096
00000221
00000253
FFFFFF02
000002C4
0000034B
00000177
0000000A
FFFFFD92
FFFFFD3E
FFFFFC60
FFFFFFAD
FFFFFF57
FFFFFE50
0000029F
FFFFFD1B
FFFFFD79
FFFFFDE8
0000027C
FFFFFED2
FFFFFFBD
FFFFFCA9
0000005A
FFFFFD0B
FFFFFB39
FFFFFB86
00000109
FFFFFFD1
000001F5
FFFFFCC3
FFFFFED7
00000252
00000179
0000005F
FFFFFCF3
00000347
FFFFFF09
0000025F
0000003A
FFFFFF7B
00000125
00000124
0000024B
000003A8
FFFFFF40
FFFFFE64
00000311
0000032F
00000589
FFFFFEA8
000000AA
00000434
00000444
000005DF
00000285
000003DB
FFFFFE2A
FFFFFDDF
FFFFFFAE
000000C5
FFFFFF83
FFFFFF92
00000074
FFFFFE09
000002AD
FFFFFD68
FFFFFF21
FFFFFDD2
FFFFFE69
000000D9
FFFFFFDB
FFFFFDD6
FFFFFD36
FFFFFF70
00000167
0000046D
000002EF
00000217
FFFFFF5B
FFFFFE41
00000132
FFFFFF6E
FFFFFFBF
FFFFFF93
FFFFFC90
FFFFFD33
0000006D
FFFFFCBA
FFFFFD79
FFFFFBFF
FFFFFF46
FFFFFC4E
FFFFFEEB
0000016F
00000070
00000184
FFFFFD1E
0000033B
FFFFFCD6
FFFFFED0
000003D4
FFFFFFB1
00000564
00000058
00000509
00000270
000000E0
000002CE
FFFFFE8E
FFFFFE5F
FFFFFFB5
FFFFFFF3
000003CE
FFFFFEE3
FFFFFF7A
000003B2
000004F3
000002BA
FFFFFD5B
00000002
FFFFFDE7
FFFFFE05
FFFFFE80
00000273
00000228
FFFFFEE6
FFFFFE8A
FFFFFD8A
00000081
00000372
0000011A
00000003
00000318
00000162
00000313
00000292
FFFFFD4A
FFFFFE03
FFFFFE9F
0000001D
FFFFFEC8
FFFFFD5A
FFFFFCDD
FFFFFC26
FFFFFF06
FFFFFE53
000000FF
FFFFFB59
FFFFFF6B
00000052
FFFFFE92
FFFFFE50
FFFFFDAF
FFFFFC51
00000097
00000198
000001CA
000004E6
00000389
00000708
000003B8
00000303
0000010C
FFFFFE5C
FFFFFB94
00000220
00000280
FFFFFD05
FFFFFD5F
FFFFFDA0
FFFFFD1A
00000287
00000159
FFFFFF7B
000003A2
000000C2
000000B4
000001B1
000001A1
0000002D
FFFFFE4D
000000AD
000001E4
0000069E
00000059
00000471
00000457
FFFFFF26
00000258
FFFFFEA8
FFFFFE45
000002E5
00000154
FFFFFF8D
FFFFFD0B
000002C4
000002B0
FFFFFEBC
00000144
0000038C
00000578
00000534
FFFFFE87
00000175
00000060
000002C4
FFFFFDD9
FFFFFFC1
00000026
000000CC
FFFFFD8A
00000237
FFFFFDC9
0000004D
0000007B
FFFFFD3E
FFFFFFFC
FFFFFDB9
FFFFFD17
FFFFFB65
00000058
000001FA
000000DD
0000013D
FFFFFF45
FFFFFD14
FFFFFE4E
FFFFFD10
00000172
000001CB
000001C1
0000028D
000001F4
00000501
00000370
FFFFFDAF
FFFFFDE1
FFFFFEEA
0000012F
FFFFFF17
000001CD
0000020B
FFFFFE79
0000026C
FFFFFE59
FFFFFFA8
0000019B
000000FB
0000042C
0000004C
FFFFFF3E
00000358
0000041C
00000327
000003CD
FFFFFFD9
00000019
FFFFFEEE
00000276
FFFFFD76
FFFFFDDC
FFFFFF8F
FFFFFFB8
FFFFFE77
00000233
FFFFFF73
00000126
000004F6
00000239
00000319
000003EE
000000D6
FFFFFEBD
FFFFFEFE
000003EA
FFFFFFC6
000002EC
000003D3
FFFFFE77
000000A0
FFFFFC6F
FFFFFED1
FFFFFD9B
FFFFFFB8
00000220
FFFFFCD0
FFFFFBE4
00000068
FFFFFBA5
FFFFFBC1
0000018F
0000007F
000000F7
FFFFFBF5
FFFFFD11
000000D4
FFFFFC42
FFFFFB44
FFFFFFF9
0000029D
00000174
FFFFFD7E
FFFFFF3C
000001CC
FFFFFDF0
FFFFFF05
FFFFFECF
0000028A
000005F7
000004E1
00000047
00000267
0000020E
000000EA
000004A4
00000469
00000213
FFFFFC4A
FFFFFF62
FFFFFD92
00000308
FFFFFDC1
0000034F
FFFFFCC8
FFFFFEAC
FFFFFB03
FFFFFAD0
FFFFFF0D
00000210
FFFFFEB3
FFFFFAD2
FFFFFF0E
FFFFFC57
FFFFFACF
00000064
00000306
FFFFFE3D
FFFFFE99
00000236
000001BA
FFFFFE96
FFFFFF6A
00000401
FFFFFF6C
FFFFFE92
FFFFFF3F
FFFFFEEA
00000069
00000161
FFFFFE0E
FFFFFD13
00000010
000001D5
0000049D
000003E2
0000008D
000001E8
0000006A
0000007E
0000016A
FFFFFEB5
000001F1
0000008F
00000036
FFFFFEFA
FFFFFF2F
FFFFFFAF
00000243
0000008C
FFFFFE93
FFFFFF60
FFFFFEF3
FFFFFD1F
FFFFFF40
FFFFFCC1
000000F7
00000074
FFFFFE12
FFFFFDA7
FFFFFFDA
0000033F
FFFFFFF6
FFFFFCB3
FFFFFDA6
0000024F
0000008D
0000017F
000001C6
FFFFFFAF
00000493
FFFFFFEB
FFFFFF2E
FFFFFE40
000004ED
00000100
000005C9
00000468
FFFFFE67
000002F5
0000013F
000001F8
0000020C
000002F1
FFFFFECC
FFFFFD68
0000022B
FFFFFF2C
00000318
00000237
00000165
00000484
000002CF
FFFFFE52
000000A7
FFFFFE1E
FFFFFEC1
FFFFFD8D
FFFFFF3D
FFFFFD57
FFFFFE3A
FFFFFCE9
FFFFFD90
FFFFFD46
FFFFFEE6
000002A2
00000018
FFFFFF3A
000001F3
FFFFFBFE
000000D7
FFFFFAA5
FFFFFF0C
FFFFFE36
00000004
FFFFFCC1
00000162
FFFFFBCA
000000CE
FFFFFBD5
00000683
000005AB
0000016C
000000BF
FFFFFCB7
000003FD
0000018A
00000268
00000111
FFFFFE96
000001BA
00000343
FFFFFDCB
00000306
FFFFFF57
00000461
000000DD
00000276
FFFFFF72
00000383
000005EA
00000236
FFFFFD4C
00000001
00000409
FFFFFB5A
FFFFFF6D
FFFFFEC1
FFFFFC63
FFFFFF31
00000546
00000105
00000152
FFFFFF78
FFFFFFE4
FFFFFF3E
00000404
FFFFFF07
0000034D
0000011F
00000282
FFFFFF24
0000007A
0000016F
00000447
FFFFFDD1
FFFFFF31
000003A6
FFFFFF64
00000118
000002C5
000000C0
FFFFFF26
00000446
0000003E
FFFFFF84
0000021F
00000157
FFFFFBEB
000000D6
000004DE
FFFFFD94
FFFFFD0D
FFFFF9B4
00000335
FFFFFF7A
FFFFFD08
FFFFFC32
FFFFFE75
00000018
FFFFFEBA
FFFFFF63
00000119
00000233
FFFFFC15
00000264
FFFFFB83
FFFFFB67
00000609
0000083A
0000058D
FFFFFACA
FFFFFC7D
000001A4
FFFFFE5D
FFFFFD8C
FFFFFC8F
FFFFFD47
FFFFF759
FFFFFE8E
00000126
FFFFFB9A
0000006F
000002EF
0000005B
FFFFFDE5
000004AE
00000359
00000270
000002DA
00000043
00000179
FFFFFB74
FFFFFCA2
FFFFFE48
FFFFFDA1
000001F5
00000089
FFFFFE69
FFFFFC13
FFFFFE46
FFFFFFC7
FFFFFCC5
FFFFF9D7
00000249
FFFFFFF3
FFFFFEBF
000001FC
0000004D
FFFFFF42
00000334
0000038D
000003DE
000005D4
0000018A
00000386
000001E4
FFFFFD1D
FFFFFDA6
FFFFFDC4
000004C5
000005DE
0000050F
00000062
000000BB
000003F0
000005BD
00000430
00000343
00000285
0000010C
FFFFFF2D
FFFFFC88
000002AF
FFFFFD61
000005D1
00000273
00000038
FFFFFB30
FFFFFFC9
000004B0
00000214
000003B1
00000047
FFFFFCEE
FFFFFD24
0000000F
FFFFFF77
FFFFFC9F
FFFFFF20
000003A1
FFFFFC90
00000085
000000B1
000002F1
FFFFFA64
FFFFFCB7
FFFFFED6
00000085
000004A3
FFFFFEC6
FFFFF8FC
FFFFFC7D
FFFFFAA4
FFFFFE6E
0000036B
00000257
FFFFFCFD
FFFFFB1E
FFFFFF64
0000046A
0000016C
FFFFFD34
FFFFFDDB
FFFFFD0F
FFFFFB67
000004A0
0000020A
00000110
FFFFFFCA
FFFFFC80
FFFFFB0D
FFFFFA4E
00000287
0000034F
000000AC
000004B8
FFFFFBB3
000004ED
FFFFFDEB
00000131
0000028D
FFFFFD46
FFFFFFD7
0000003D
FFFFFC12
FFFFFE97
000002E6
0000047D
FFFFFD1E
FFFFF9D6
FFFFFEBE
000001DA
FFFFFFBE
00000112
00000016
000000F1
FFFFFB54
00000137
00000289
FFFFFD6C
FFFFFDE1
00000116
0000038A
FFFFFD0B
FFFFFE8D
00000073
000004AC
000002CB
00000246
00000310
00000218
FFFFFCA0
FFFFFE84
00000272
FFFFFFD8
FFFFFF88
000001E9
FFFFFE6B
FFFFFF8B
FFFFFC5F
0000022C
00000244
FFFFFFD0
FFFFFF18
FFFFFCCF
0000003C
FFFFFE33
FFFFFCEA
FFFFFB75
00000073
FFFFFD10
000004F2
00000155
FFFFFC28
00000026
0000025F
00000201
FFFFFAF6
FFFFF9CE
00000171
00000384
FFFFFEC0
00000256
FFFFFCF3
FFFFFD12
FFFFFEB7
FFFFF90F
FFFFFCE2
FFFFFD6C
FFFFFB0A
FFFFFF98
00000172
00000126
00000475
0000011A
FFFFFE05
FFFFFF2A
0000007E
000000C3
000002D6
00000273
00000357
FFFFFB4F
00000268
00000114
FFFFFD14
FFFFFFE8
00000348
FFFFFE46
FFFFFE53
00000105
FFFFFDDB
0000042C
FFFFFB32
FFFFF93D
00000170
00000180
0000037C
FFFFFCF9
FFFFFEB7
FFFFFF95
FFFFFBC8
FFFFFDDA
FFFFFF4F
FFFFFF75
FFFFFB7E
FFFFFC15
00000004
FFFFFE89
00000021
FFFFFBA0
00000635
FFFFFC54
FFFFFB0F
00000184
FFFFFE50
000002B5
FFFFFFC9
000001A5
0000019B
00000063
0000000B
00000116
FFFFFF5F
FFFFFDEF
00000203
00000047
000003ED
0000017A
000001DD
0000006B
00000492
FFFFFFEA
000000EA
0000022F
FFFFFF40
FFFFFDE5
FFFFFB77
000000B3
FFFFFD91
FFFFFE51
FFFFF938
FFFFFC60
FFFFFEE9
FFFFFCDA
FFFFFCB7
FFFFFC80
0000047D
0000001F
FFFFFCF0
FFFFFED9
FFFFFF8D
00000257
FFFFFD1E
000003D4
FFFFFF53
00000394
FFFFFCF9
FFFFFF39
000002AB
0000044B
FFFFFEA6
0000008E
FFFFFD47
FFFFFF08
FFFFFBA8
0000001C
FFFFFCBD
000000F8
FFFFFF0B
FFFFFE43
000000E3
0000032A
FFFFFFF8
00000152
FFFFFAF1
000001A7
FFFFFA56
FFFFFA7E
FFFFFF2B
FFFFFDC2
FFFFFDDA
00000116
000004A8
FFFFFF6E
FFFFFD2F
000001E5
FFFFFEAF
0000027D
00000498
00000078
FFFFFBA9
000005F7
00000126
00000200
0000011B
FFFFF9BF
000004F2
FFFFFFB7
000003A6
FFFFFFAC
0000011A
FFFFFE41
FFFFFDBA
00000255
FFFFFED9
000002D8
FFFFFE94
FFFFFE99
00000015
FFFFFEEE
FFFFFA7F
000004AE
00000274
000002DD
FFFFFFFA
0000037C
0000020F
00000386
00000257
000003A1
FFFFFD32
000001E3
00000056
FFFFFDA6
FFFFFC6A
FFFFFCB7
FFFFFC58
0000049F
000006F6
000000E6
FFFFFD89
000000CE
00000392
00000089
000003F1
0000027F
FFFFFCB0
FFFFFED2
FFFFFDBB
00000034
0000005B
FFFFFED4
0000011D
FFFFFBCC
FFFFFBED
000000AB
FFFFFFCA
FFFFFDE2
00000262
00000101
00000110
FFFFFFBD
000003C9
00000061
FFFFFC79
FFFFFDCF
FFFFFB9E
0000029D
000004C1
000000FA
FFFFFEB5
FFFFFEB4
0000007E
FFFFFC13
FFFFFE7D
FFFFFF7E
00000264
00000157
00000354
000003B4
000001EB
FFFFFE20
0000000D
00000306
FFFFFDE7
FFFFFF1C
0000048F
00000314
0000020F
0000035F
000001FC
FFFFFEC2
FFFFFE10
0000041C
0000025C
FFFFFDD1
000002B6
00000121
FFFFFD26
FFFFFD2E
000002D9
FFFFFEEE
FFFFFAC4
000001C1
FFFFFE77
FFFFFE9C
FFFFFD50
0000017A
0000020E
00000014
FFFFFE3E
0000011D
0000038E
FFFFFD73
000002CD
0000009A
000003DB
FFFFFF74
FFFFFD24
0000019A
000000DB
0000019C
FFFFFE76
0000026B
FFFFFE50
FFFFF7FF
0000035A
FFFFFDD4
00000186
000000EB
FFFFFA39
000001D4
FFFFFE9C
00000080
FFFFFA65
FFFFFCF9
00000050
000003E0
000003CE
FFFFFE80
FFFFFF1C
FFFFFF4D
0000012C
00000159
000001BB
FFFFFEB9
FFFFFDCC
00000348
00000096
FFFFFF40
000000E7
00000095
FFFFFA24
00000106
000001B1
FFFFFF9C
FFFFFDA1
FFFFFE23
000000E4
0000004D
0000004D
FFFFFD0E
0000013D
FFFFFD08
000000DF
000002A2
FFFFFD82
FFFFFDF6
000003FE
FFFFFFB6
0000049F
000003BC
00000027
00000423
00000005
000002B1
000003C2
FFFFFDE5
000002AB
FFFFFE91
00000248
00000184
FFFFFE03
000004E5
FFFFFE4C
FFFFFF5F
00000185
00000017
00000036
00000033
0000001F
000000E5
0000017F
00000433
FFFFFF95
00000232
00000462
0000006B
FFFFFFBA
FFFFFE7E
FFFFFC6C
FFFFFFB2
000001EB
00000310
00000346
FFFFFE24
FFFFFD90
FFFFFE22
FFFFFAD8
FFFFFE9B
FFFFFC7A
FFFFFEDA
00000123
FFFFFC70
0000007F
FFFFFBC6
FFFFFED0
000002D7
00000281
00000324
FFFFFE7F
0000019B
0000005A
0000005E
0000017D
00000111
FFFFFBF2
00000144
000004D8
00000288
FFFFFE75
FFFFFDD1
00000318
FFFFFF58
FFFFFDD6
00000082
000002EB
0000005F
00000262
FFFFFE7B
FFFFFDE3
00000509
FFFFFFEF
000000EE
FFFFFB67
FFFFFF16
0000008E
0000010D
00000138
FFFFFC27
00000360
00000046
000003A0
FFFFFECF
00000012
00000094
FFFFFD81
00000123
000002DB
00000194
FFFFFF46
FFFFFFBF
FFFFFC9E
FFFFF90C
FFFFFEBD
00000510
000002E5
FFFFFFAC
FFFFFD9A
0000020B
FFFFFE84
00000012
FFFFFEBF
000001A7
FFFFFBE5
0000015A
FFFFFF8E
000000DD
0000016E
FFFFFD05
0000012D
FFFFFD00
000001AB
FFFFFFE3
00000089
000002A6
00000462
00000053
00000355
0000004F
FFFFFB84
00000013
000001EA
FFFFFF1E
FFFFFF4D
FFFFFC4C
FFFFFF06
FFFFFC28
FFFFFFF6
FFFFFCA8
FFFFFE3C
FFFFFD1A
FFFFFC73
FFFFFF60
000000CD
00000471
FFFFFFC9
00000030
FFFFFF38
000000D6
0000007F
0000022B
00000473
00000370
00000279
0000029B
0000002D
FFFFFE1E
FFFFFEBF
FFFFFE5B
00000252
000002C3
00000086
00000460
0000050C
FFFFFFE4
FFFFFD61
000002FE
000001A2
00000462
000002B4
000002CA
00000012
00000052
FFFFF932
FFFFFCB3
000002AF
000003BE
0000008E
000000CD
00000073
00000232
00000469
00000045
00000071
00000253
0000003C
000006B0
00000503
FFFFFE77
FFFFFEAA
0000010C
FFFFFFBF
FFFFFDE5
FFFFFDF8
0000015F
00000194
0000029C
0000032B
FFFFFC85
000001F7
FFFFFE97
00000093
FFFFFED4
FFFFFFE3
FFFFFF33
00000166
FFFFFE95
000000DF
FFFFFBE0
0000013D
000003B0
00000257
0000022F
00000123
FFFFFF1C
000001C1
FFFFFD77
00000016
0000003C
00000374
FFFFFD12
FFFFFE79
FFFFFE73
00000185
FFFFFE69
00000107
FFFFFE17
FFFFFC5E
FFFFFE46
00000102
0000008A
000000AE
FFFFFD71
00000478
00000116
FFFFFD7B
FFFFFC69
FFFFFE2E
00000290
00000364
00000290
FFFFFDA5
000002B8
0000008C
FFFFFB69
00000134
FFFFFF0E
000001A9
FFFFFE6D
0000009D
FFFFFFB4
00000250
FFFFFE56
FFFFFD23
000001F8
000004A2
00000578
0000046A
000000F4
00000502
FFFFFA94
FFFFFDAF
0000023E
FFFFFFCA
000003B6
000001AA
FFFFFCEB
FFFFFF79
000001A0
FFFFFA53
00000047
FFFFFB40
000000B4
FFFFFCDF
FFFFFFE9
FFFFFDEA
FFFFFF63
FFFFFE16
000000FB
000001F8
00000353
00000450
FFFFFFF6
FFFFFF38
FFFFFF5F
FFFFFD46
00000232
FFFFFEF9
0000026E
FFFFFFDF
000003D5
FFFFFCE8
FFFFFE78
0000000F
00000214
00000150
0000016A
FFFFFB87
FFFFFE88
FFFFFD3A
FFFFFD2B
FFFFFEEE
000002FC
FFFFFE87
FFFFFE2C
FFFFFFAF
000001CD
00000268
FFFFFED5
00000285
FFFFFF40
FFFFFDEA
000002BC
FFFFFEBA
FFFFFDE3
FFFFFB4A
FFFFFEF7
0000025D
0000049C
00000305
FFFFFABA
FFFFFBFC
FFFFFF42
00000039
000002E0
FFFFFF31
FFFFFE89
00000002
FFFFFC2B
FFFFFF98
FFFFFC38
00000291
000003B8
FFFFFB7D
000000D3
FFFFFFAD
000000B3
000002F4
000002B6
00000204
FFFFFD5F
FFFFFD5E
FFFFFE13
FFFFFC01
FFFFFDC5
FFFFFC18
FFFFFFF9
FFFFFF4E
FFFFFF48
FFFFFCF9
000000BB
FFFFFD62
FFFFFE16
FFFFFE9B
FFFFFF3F
FFFFFFC3
0000020A
FFFFFB88
FFFFFBD6
FFFFFCBE
FFFFFE1B
0000027F
FFFFFB3E
FFFFFC7F
0000002A
00000023
FFFFFE64
0000022D
00000176
FFFFFD9A
FFFFF9CC
FFFFF7A5
FFFFFB6D
FFFFF9B9
FFFFFD79
00000114
00000029
000003CE
0000020F
FFFFFC90
FFFFFE59
FFFFFFC7
FFFFFFBE
FFFFFDD4
000000DA
000002E8
0000006E
FFFFFD2A
FFFFFBC6
FFFFFD2F
FFFFF9FF
FFFFFC9A
FFFFFDB2
000001E8
FFFFFDF6
FFFFFDEA
FFFFFB78
00000032
0000033F
000000DD
00000036
FFFFFE8E
FFFFFD0F
FFFFFE4E
FFFFFF47
FFFFFF40
000001E5
FFFFFA63
FFFFFD36
FFFFFD27
0000024E
00000132
FFFFFC99
00000503
000001F1
0000019D
FFFFFE75
FFFFFDCF
FFFFFD4F
00000663
00000721
000002A1
FFFFFD93
FFFFFEBA
FFFFFD21
00000146
00000144
FFFFFB5F
000000C8
FFFFFF48
FFFFFF77
FFFFFEA4
FFFFFB28
000002CB
00000540
00000321
FFFFFFFE
000001E4
FFFFFF2E
00000329
FFFFFCCB
FFFFFEA4
FFFFFE77
FFFFFDCF
000000BF
FFFFFD2F
FFFFFF50
FFFFFECA
00000088
000001CD
000006D8
00000002
FFFFFD36
FFFFFF25
FFFFFCF1
FFFFFE16
00000107
FFFFFD9F
000001DD
00000023
FFFFFA81
000001E8
0000006C
00000163
FFFFFFD4
FFFFFE36
FFFFFD86
00000003
0000019D
00000067
FFFFFE35
FFFFFAFA
FFFFFC47
FFFFFE41
0000023F
FFFFFDD3
00000135
FFFFFE8C
000001E5
FFFFFF1D
000003A9
FFFFFF37
FFFFFC9B
0000010C
FFFFFFB1
FFFFFC3F
FFFFFE99
FFFFFC8F
00000199
000004BA
0000025B
FFFFFC10
FFFFFEA0
0000023B
FFFFFEA8
FFFFFB85
00000236
FFFFFEAE
000001EF
FFFFFD9C
000000DA
FFFFFDE8
FFFFFDF0
FFFFFCAE
000001F3
FFFFFCF1
000002B6
000002D7
FFFFFD15
00000000
FFFFFECB
00000165
000004B0
FFFFFFA2
000000E3
FFFFFD07
FFFFFB06
FFFFFEC6
0000005B
000003B5
0000035A
000002F0
FFFFFE93
000002E1
00000627
0000017D
0000047F
000002D6
000004AE
00000193
FFFFFB5F
FFFFFC66
000000C3
FFFFFE57
FFFFFBC5
FFFFFE1B
FFFFFD1F
00000173
FFFFFFAC
0000003F
00000343
FFFFFFD8
FFFFFC45
FFFFFAB3
00000029
0000034F
000002A4
FFFFFD6B
000006D6
00000137
000000C3
000001C0
00000157
00000447
0000040A
00000248
00000132
FFFFFB1F
FFFFFC2B
00000137
0000004E
000002B7
0000013E
FFFFFCFD
FFFFFACC
00000234
FFFFFE9A
000001B4
FFFFFAC6
FFFFFEA0
FFFFFC04
FFFFFF17
000000EE
FFFFFCF2
FFFFFAB2
00000194
FFFFFD55
0000001E
FFFFFE80
00000018
0000002D
FFFFFF3B
00000417
FFFFFE43
FFFFFE32
FFFFFE9B
FFFFFD96
00000053
00000060
00000093
0000020B
00000306
FFFFFF80
0000004D
FFFFFCC6
00000179
FFFFFF5D
FFFFFC05
FFFFFB1E
FFFFFFE0
FFFFFF53
0000008E
00000489
0000024D
0000019E
0000011A
000000F2
00000050
FFFFFE9C
FFFFFF1F
0000003D
00000201
FFFFFF11
000001F5
FFFFFBB1
0000009A
00000264
00000477
00000319
000000A6
00000152
FFFFFEBE
00000051
FFFFFB95
FFFFFB89
00000042
0000007A
FFFFFEFC
FFFFFE79
000001A8
FFFFFDDD
FFFFFF24
FFFFFFA9
FFFFFE05
0000018A
000001C2
FFFFFD28
0000001D
0000053E
00000094
000003B7
FFFFFD42
FFFFFF2D
FFFFFE34
000000B6
FFFFFF6E
0000019C
00000346
FFFFFEF9
FFFFFF73
FFFFFBF2
FFFFFD40
00000230
00000327
FFFFFF2C
0000033F
000004E1
00000092
000003D7
FFFFFD91
FFFFFBFC
000000E5
FFFFFF95
00000507
FFFFFE47
FFFFFE9A
00000186
0000017D
00000013
0000041A
FFFFFDE9
FFFFFECE
000001DA
00000034
00000009
00000465
000002A0
FFFFFE7C
FFFFFD43
000000EE
FFFFF867
00000341
000001E9
FFFFFBF8
FFFFFD54
FFFFFFB3
FFFFFFAF
FFFFFB45
000001B0
0000006D
FFFFFF1E
000000EA
FFFFFEA0
00000422
00000046
00000014
000001BA
FFFFFDBB
0000022B
000003AA
FFFFFDEB
FFFFFA60
00000521
0000026E
FFFFFEC7
FFFFFAD2
FFFFF9CD
FFFFFCAF
FFFFFD20
FFFFFFE9
00000112
FFFFF91C
FFFFFB61
000001DF
FFFFF974
FFFFFD81
FFFFFCF4
FFFFFF9C
FFFFFDC3
00000469
FFFFFDA1
FFFFFDE4
FFFFFF02
0000052C
00000137
0000044A
000004ED
0000007F
FFFFFEE3
FFFFFF12
0000021B
FFFFFE67
FFFFFE9E
FFFFF9E3
00000212
00000175
FFFFFDFB
0000004A
00000219
00000663
000002C2
FFFFFCBC
000003C1
000000ED
FFFFFF09
000001D1
FFFFFF58
00000746
FFFFFFD2
FFFFFE98
FFFFFE64
FFFFFDC0
0000010E
00000326
00000095
0000019D
000002C2
0000033E
00000152
FFFFFE0A
FFFFFBA6
FFFFFEAD
00000153
FFFFFDBB
FFFFFA48
FFFFFC0C
FFFFFD87
FFFFFF6A
FFFFFD31
FFFFFD8F
FFFFFF57
FFFFFF46
FFFFFD02
FFFFFC30
FFFFFCEE
FFFFFE15
FFFFFECF
00000243
FFFFFDA0
0000033D
00000088
00000021
0000028F
000001BE
FFFFFDFD
000002EE
FFFFFFDF
000005FF
00000017
0000027C
FFFFFF2E
FFFFFED7
00000069
FFFFFDC3
FFFFFE61
FFFFFE50
FFFFFE87
0000045C
FFFFFD45
FFFFFED4
000003AD
0000021F
FFFFFF45
FFFFFE46
00000602
FFFFFE01
00000045
FFFFFC98
FFFFFFF5
FFFFFC6A
FFFFFF5C
FFFFFB7C
FFFFFF02
FFFFFD7A
FFFFFB09
FFFFFDCB
00000120
000000CC
0000036D
000005EB
000001D5
000000E1
FFFFFC14
FFFFFC04
00000372
00000060
00000571
00000384
FFFFFECF
00000311
FFFFFF50
0000018C
FFFFFDA7
0000019B
000000CD
000003CB
FFFFFD9A
FFFFFC62
FFFFFF50
00000059
000003A5
0000045A
000002FB
FFFFFE3C
FFFFFB41
0000016B
000000F4
000000E9
00000197
00000195
FFFFFFE8
FFFFFF32
FFFFFB63
000000E4
FFFFFD7F
FFFFFEC1
FFFFFED3
00000048
FFFFFB5C
0000024E
FFFFFF0C
FFFFFCEE
FFFFFD56
FFFFFBA0
FFFFFBF6
000002C9
FFFFFE28
0000054E
FFFFFEF7
FFFFFDD4
000000F2
FFFFFD97
FFFFFC46
FFFFFE1E
FFFFFFD1
FFFFFCD0
0000041A
FFFFFFAD
0000015D
FFFFFB44
FFFFFDD6
00000276
000000E8
00000417
0000058B
00000206
0000002D
000003C9
00000042
FFFFFD15
000001A7
000000F7
FFFFFE51
0000035F
0000005F
000002F3
000001F7
FFFFFD77
0000024C
FFFFFE39
FFFFFF79
0000010A
0000002F
00000050
000000B9
0000029C
FFFFFAEB
000000FD
FFFFFFB7
FFFFFFA0
FFFFFBA1
0000033C
FFFFFB97
0000014A
0000016F
FFFFFCBE
00000076
FFFFFAF6
FFFFFED7
000000C5
00000331
FFFFFE4F
FFFFFC9E
FFFFFD55
FFFFFD63
0000024F
0000036C
0000031E
000001FD
0000047B
FFFFFE1A
FFFFFFB8
000002B2
00000264
000000EC
FFFFFDBA
FFFFFD8C
00000353
FFFFFCF9
00000168
FFFFFD05
00000028
00000189
FFFFFCB0
FFFFFDE6
000002B5
FFFFFBAE
000001EE
FFFFFAB0
0000021C
FFFFFEA7
00000212
FFFFFEDD
FFFFFEF8
000000BA
000000F2
FFFFFD24
FFFFFFB9
FFFFFE10
00000197
000002D5
FFFFFEFC
FFFFFE6D
FFFFFDDE
FFFFFC81
FFFFFC5E
00000072
FFFFFFE9
000002B4
000003EF
00000193
00000005
FFFFFB5C
FFFFFD01
0000016A
0000025C
00000215
00000283
FFFFFAD9
FFFFFAFF
FFFFFD7B
00000344
00000230
FFFFFE34
FFFFFD9A
0000037C
000001A6
FFFFFE21
000000DB
FFFFFC8E
00000518
FFFFFFB9
FFFFFEB5
FFFFFD60
FFFFFF4A
FFFFFE96
000002C0
00000629
0000024E
FFFFFF3D
FFFFFD27
FFFFFF14
FFFFFF58
FFFFFF30
0000007E
000000FB
00000372
FFFFFE2D
00000186
FFFFFC12
FFFFFD90
FFFFFE52
FFFFFD64
FFFFFC69
FFFFFE09
FFFFFDF6
FFFFFE75
00000208
000001C3
FFFFFF8D
FFFFFB85
00000098
00000138
00000478
FFFFFDAA
FFFFFDDD
0000035B
000000EE
FFFFFE39
FFFFFDE1
FFFFFB3B
FFFFFAD4
00000477
000001F9
FFFFFEE7
FFFFFE6C
FFFFFDAB
FFFFFE5E
FFFFFA1C
FFFFFFFA
FFFFFAC8
000000F4
FFFFFDC4
00000011
00000205
000000C0
00000304
000000CB
0000016A
00000233
00000185
00000327
000000C0
00000242
FFFFFF7D
FFFFFE3A
000001BE
00000307
FFFFFFE5
000000BF
FFFFFE34
FFFFFCEB
0000007E
000000E1
FFFFFCA8
00000089
00000330
00000177
00000199
00000021
000000E0
FFFFFF84
FFFFFDEF
FFFFFE8B
000003F0
000004A7
00000028
FFFFFDAC
FFFFFE3F
000001AA
0000032E
000000ED
FFFFFCCC
0000000C
FFFFFF3D
FFFFFF07
000000DC
FFFFFEA1
0000029F
000005AE
FFFFFDDC
00000426
FFFFFD90
FFFFFE2B
FFFFFD0E
000003F0
000000BB
0000019D
0000055E
0000014F
FFFFFFF3
FFFFFFC0
FFFFFF26
FFFFFE89
00000091
000000E0
FFFFF97E
FFFFFB0A
FFFFFF05
FFFFFE95
FFFFFDFE
FFFFFFC7
FFFFFCCA
FFFFFBDF
FFFFFD8E
FFFFFF75
000002A7
FFFFFD67
FFFFFBD7
FFFFFD46
FFFFFB55
0000010C
FFFFFFCC
00000229
0000016E
0000001B
FFFFFD68
00000160
FFFFFD57
00000579
FFFFFEAD
00000625
000002E3
0000039B
00000036
FFFFFE8D
FFFFFDE6
000000B2
00000393
FFFFFCF1
FFFFFF0E
FFFFFBD9
000000CB
FFFFFD1C
00000249
00000176
FFFFF8F2
FFFFFDE1
FFFFFDC2
00000346
FFFFFFB2
FFFFFEC5
00000186
FFFFFD7C
00000050
00000015
0000004A
00000123
00000001
000001F2
FFFFFDDC
000000F8
FFFFFFA2
00000293
FFFFFFC7
00000198
FFFFFE55
000003A1
FFFFFFB5
000002C3
00000406
000003DB
FFFFFF96
00000168
FFFFFFFA
FFFFFF3C
FFFFFEB0
00000407
0000047C
FFFFFD74
000000AC
0000006A
FFFFFD59
000001A4
000000CA
FFFFFBD4
00000606
000000B6
FFFFFAF5
FFFFFEAF
FFFFFD3A
FFFFFF02
00000222
000000ED
00000014
FFFFFF72
00000079
FFFFFF92
FFFFFF7D
FFFFFEE4
000001B7
00000114
00000291
000001CC
000001BF
00000244
00000263
00000272
FFFFFD41
00000233
000003CF
FFFFFC5F
000000CC
00000192
0000048A
00000043
000003D5
00000376
000000C3
000001F3
FFFFFEA7
FFFFFFEA
000002F5
00000400
FFFFFDBF
FFFFFF57
000000A9
FFFFFC60
00000257
00000531
00000429
0000012D
FFFFFD7E
00000123
FFFFFAFE
0000007B
0000037D
FFFFFED7
FFFFFD1F
00000110
000002B8
000001E7
000003E1
FFFFFE04
FFFFFF7E
0000016E
000001E5
FFFFFEF5
FFFFFE83
00000224
FFFFFFF0
FFFFFBEF
FFFFFF0C
FFFFFD9D
FFFFFB24
0000018B
FFFFFFF8
00000352
00000046
FFFFFF5F
00000340
FFFFFF3F
FFFFFF56
000003F7
FFFFFFB5
00000094
0000013C
0000012A
FFFFFF0B
00000399
FFFFFCF9
0000036C
0000015F
FFFFFF5B
FFFFFF43
FFFFFE7D
00000045
FFFFFCD2
FFFFFD0C
FFFFFE79
FFFFFD3C
FFFFFE72
FFFFF984
0000008A
FFFFFD85
00000204
00000295
0000035F
00000187
0000058A
FFFFFD6B
FFFFFF26
000000E3
FFFFFC55
0000037E
FFFFFEF3
FFFFFF43
00000332
FFFFFE3D
00000239
FFFFFDD7
00000188
FFFFFFDA
FFFFFD00
FFFFFF05
0000010A
0000036C
FFFFFD67
FFFFFE5B
FFFFFCB2
000001E6
000002B4
FFFFFEB4
000000C2
00000354
FFFFFD52
00000290
FFFFFAC1
FFFFFEB1
FFFFFDC1
FFFFFFA1
000003D9
000000AA
00000039
FFFFFC24
FFFFFED8
FFFFFDD7
FFFFFD5F
FFFFFDD6
FFFFFE2B
FFFFFE38
FFFFFE5B
FFFFFE92
FFFFFFBC
FFFFFD07
000000A7
FFFFFD8F
FFFFFAC9
FFFFFA62
FFFFFFCE
00000176
FFFFFFA5
00000563
FFFFFD86
000004B8
000000D1
FFFFFE55
00000154
FFFFFE70
FFFFFF9D
000004E5
FFFFFE53
0000026D
FFFFFC83
FFFFFDE5
000001CB
FFFFFECA
00000269
FFFFFF53
00000132
000000A7
000004B7
0000038E
000004AF
000002BF
0000008F
0000004C
000002CA
00000067
FFFFFD49
00000015
0000018E
FFFFFE51
0000031E
FFFFFDD2
FFFFFEAC
FFFFFEE7
00000353
FFFFFE20
FFFFFD65
FFFFFED2
0000054B
0000029C
000001D6
0000033E
FFFFFF1F
00000390
FFFFFF75
FFFFFF17
FFFFFFD6
FFFFFF72
00000168
FFFFFDF0
00000075
FFFFFB3B
FFFFFB84
FFFFFE27
000000B3
FFFFFD57
FFFFFC0E
FFFFFE9E
FFFFFDD4
00000078
000001C4
000001D5
000003D3
00000016
00000118
FFFFFE3C
00000321
FFFFFE33
00000488
000001C1
FFFFFEF8
FFFFFDEC
FFFFFE02
FFFFFF8A
00000382
00000511
FFFFFCF6
000000EF
0000057E
FFFFFEB9
000004B7
00000390
00000322
FFFFFDC7
00000441
000000A9
000002AC
FFFFFF6B
000002CD
FFFFFD0A
FFFFFDB7
FFFFFFD0
FFFFFE05
FFFFFD7F
FFFFFE48
FFFFFF11
FFFFFE0E
FFFFFE66
FFFFFE64
000000AB
000001B6
0000009D
FFFFFEE5
FFFFFE50
FFFFFDA4
FFFFFE5F
FFFFFF42
FFFFFA88
FFFFFE5E
FFFFFEA3
FFFFFEF5
FFFFFF32
FFFFFB86
FFFFFC4F
FFFFFF10
FFFFFFA4
FFFFFDA4
FFFFFB72
FFFFFEE4
FFFFFF5B
FFFFFED9
FFFFFF20
000000D7
000006D9
00000487
000001FC
00000471
FFFFFEFB
00000456
0000024B
0000022D
0000026F
00000531
FFFFFE25
0000011F
000000C7
00000055
FFFFFFC9
FFFFFEA5
000001CE
FFFFFCB0
000003E6
000001DF
FFFFFFDD
000001E5
FFFFFDD1
00000139
FFFFFF99
00000366
FFFFFFD9
000002FA
FFFFFFD0
000001EB
00000228
00000234
00000337
00000264
FFFFFF20
FFFFFDEA
00000224
00000181
000000E0
FFFFFDFF
FFFFFF59
000003A9
000002DA
00000226
000002C7
0000026F
0000012D
0000006B
000003DD
000000B6
FFFFFDD5
000002EF
FFFFFDCC
00000397
000001A4
FFFFFD72
FFFFFE87
000002F1
FFFFFD1E
00000022
0000023E
000003C7
0000009E
FFFFFDCB
000001C5
FFFFFF03
FFFFFCF6
000000B7
FFFFFC2D
00000116
00000170
000000D2
0000002E
00000037
FFFFFCFC
0000026B
FFFFFEE5
FFFFFEFE
FFFFFE5E
FFFFFB2C
FFFFFB91
0000025D
00000099
FFFFFDB1
000000DD
FFFFFFA7
00000474
0000035D
FFFFFFD7
00000216
FFFFFD8F
FFFFFF26
FFFFFDC6
FFFFFF14
FFFFFDE3
FFFFFC9E
FFFFFD26
000003D6
0000031C
000001C0
FFFFFCEC
000000BF
0000026B
000003BF
00000084
0000033D
FFFFFF30
00000328
00000681
0000050F
000001B2
00000336
FFFFFF5A
FFFFFE95
00000296
000002C4
000004AA
000002BA
0000002C
FFFFFDF5
0000011C
FFFFFE9D
FFFFFFA3
00000234
0000003D
FFFFFF2A
FFFFFE7C
000002C3
FFFFFCD9
FFFFFD16
FFFFFFAF
FFFFFAFF
FFFFFF37
FFFFFF07
FFFFFDE0
FFFFFC0C
FFFFFEF2
00000195
0000017B
FFFFFECA
FFFFFDCE
FFFFFAF2
FFFFFFB9
0000025C
00000224
FFFFFCAB
00000144
FFFFFBD6
FFFFFE02
00000061
FFFFFE97
FFFFFB75
00000225
000002CC
000000D2
000000BC
0000022D
0000002D
FFFFFD8B
FFFFFFC0
FFFFFD14
0000006B
FFFFFC37
FFFFFFD4
FFFFFCB4
FFFFFE78
00000162
00000184
000001DD
FFFFFDAA
FFFFFF8F
00000212
0000005C
FFFFFD5A
FFFFFD96
FFFFFBC6
00000057
FFFFFD85
FFFFFFCF
FFFFFBCA
000004F7
FFFFFC8B
000003DE
FFFFFD42
000000A4
0000001C
00000130
0000007E
FFFFFB87
FFFFFFDF
0000017D
FFFFFDB7
FFFFFCB7
FFFFFE1D
00000003
FFFFFC45
FFFFFFD9
0000009B
0000017C
00000278
00000311
FFFFFFF8
FFFFFF53
FFFFFD33
FFFFFE28
FFFFFF39
00000188
FFFFFE67
000001F6
00000025
FFFFFDD6
0000015D
FFFFFF74
00000309
0000041C
00000207
000000D4
FFFFFEE5
FFFFFC32
FFFFFEC8
0000021E
FFFFFE22
0000004A
FFFFFFA9
FFFFFF6D
FFFFFE04
00000061
00000051
FFFFFF89
FFFFFAE9
00000069
FFFFFB24
FFFFFFB2
00000215
00000189
0000005B
000003CF
0000034F
FFFFFE01
000003CF
FFFFFF09
000004CB
000003CD
0000016D
000000FC
0000011F
0000020B
FFFFFC38
00000234
0000029F
0000017D
FFFFFC7F
FFFFFBF7
000003F6
FFFFFF1B
000003DB
FFFFFE60
000003F7
000000E7
0000026A
0000004E
000002BC
00000206
FFFFFF59
00000519
00000176
FFFFFF2C
00000411
FFFFFF7E
000004DF
FFFFFE22
0000035F
FFFFFF61
FFFFFDBD
00000028
0000015B
FFFFFFFC
000003FF
00000187
FFFFFC70
FFFFFAF9
FFFFFF41
FFFFFD8B
000003AE
0000012C
FFFFFDE4
FFFFFA4F
000003AD
00000172
FFFFFC3F
00000456
FFFFFAE7
0000024C
FFFFFEDC
00000157
00000368
0000016B
00000103
FFFFFF97
FFFFFB47
FFFFFED7
000001E8
FFFFFD5D
FFFFFE93
FFFFFFA2
000001ED
00000247
FFFFFDA8
00000138
00000344
00000235
000004D4
FFFFFE9B
00000001
000001B9
FFFFFC5C
FFFFFFCF
00000273
FFFFFE0E
0000008B
0000034E
FFFFFD87
FFFFFFC6
0000001A
FFFFFD35
FFFFFCA4
FFFFFCA6
000002D7
00000246
00000189
00000226
000001A4
FFFFFD25
FFFFFC1C
000002FB
FFFFFDA6
FFFFFF5B
FFFFFC21
0000044C
0000025C
FFFFFD44
FFFFFF0E
000002DA
FFFFFD39
00000270
00000720
00000497
000000FF
0000035C
FFFFFF6D
00000393
0000009F
FFFFFD92
FFFFFCDB
000002E9
FFFFFC7F
FFFFFBB9
0000012B
0000017B
00000157
0000020B
FFFFFCAD
000002C8
00000180
00000780
0000034B
FFFFFEFE
FFFFFD09
FFFFFCBB
000001F9
000002F4
FFFFFFD6
FFFFFF4F
FFFFFAB7
00000115
FFFFFFB8
FFFFFF94
FFFFFF0B
000005D9
FFFFFF33
000002D2
0000017F
000002C3
000001E6
FFFFFD3F
000000FF
FFFFFE6A
00000351
00000336
FFFFFE69
FFFFFECB
000007D7
00000196
0000006D
FFFFFFA2
FFFFFA89
00000481
FFFFFDE2
0000029C
FFFFFFA0
0000035E
FFFFFECF
FFFFFF51
FFFFFE8D
00000202
0000021C
FFFFFFC0
FFFFFDFD
00000180
FFFFFB69
FFFFFF8A
FFFFFC68
0000014B
00000171
FFFFFD20
00000120
FFFFFD91
FFFFFCE8
FFFFFC90
00000042
0000000F
FFFFFA1B
FFFFFEFF
FFFFFDAD
FFFFFF4B
FFFFFBB5
FFFFF9F6
00000387
00000368
000000F9
FFFFFEBC
FFFFF94E
000000C5
FFFFFE5D
FFFFFFC3
000001F7
00000057
FFFFFE04
000001D8
FFFFF9B5
FFFFFBD3
000000B2
FFFFFC0A
000001CD
FFFFFB87
000001CC
00000197
FFFFFF0E
FFFFFDDB
FFFFFCE7
FFFFFF95
0000013E
FFFFFDDD
000001E4
FFFFF997
FFFFFC24
0000013E
FFFFFDAB
FFFFFE95
FFFFFEBC
00000296
FFFFFF76
0000009F
00000216
000004AA
000001BE
0000013F
0000072D
00000444
0000007A
0000072F
FFFFFEA0
000000BE
FFFFFDCE
0000022C
00000470
00000427
FFFFFC95
FFFFFF08
FFFFF9CA
00000022
FFFFFBFE
FFFFFC92
FFFFFA36
FFFFF81F
FFFFFDB8
00000038
000001DF
FFFFFA94
FFFFFE17
FFFFFC7D
0000017A
FFFFFA75
FFFFFA76
0000002A
FFFFFD3D
FFFFFF81
000001CC
FFFFFDEA
FFFFFE74
000003BD
FFFFFA02
FFFFF745
FFFFFB41
FFFFFD44
00000246
0000032E
FFFFFBF9
00000058
FFFFFDC3
FFFFFD12
FFFFFF64
FFFFFE33
000001E1
FFFFFE2C
000000BF
FFFFFF67
FFFFFE7F
0000068E
000004E9
00000372
FFFFFF23
000002D3
000003F7
000001B2
00000016
FFFFFF3C
FFFFFD68
FFFFFDC8
00000543
0000061B
FFFFFC83
0000034A
000000B5
00000401
FFFFFD4D
000001CD
00000013
FFFFFC5D
00000052
0000048C
FFFFFEAC
0000028F
00000359
000002DB
FFFFFCE7
FFFFFFFA
FFFFFFD0
000001AC
00000021
FFFFFD60
FFFFFA78
0000003C
00000089
FFFFFFF0
00000169
00000210
0000014B
000001B5
FFFFFC18
FFFFFDEF
00000304
0000033A
FFFFFD04
FFFFFBFD
00000427
FFFFFCE7
00000016
FFFFFCBE
FFFFFCE8
0000022E
00000121
FFFFFB9D
000001F1
FFFFFF9F
00000167
000003E1
00000201
000007BE
FFFFFF52
00000179
00000143
00000389
FFFFFE46
00000195
FFFFFB46
FFFFFDF6
FFFFFBB8
0000027E
FFFFFA89
00000327
0000022D
000004EA
0000020E
000000CC
FFFFFE02
00000082
FFFFFEFB
00000250
FFFFFD58
FFFFFF36
00000154
FFFFFF08
0000027B
000003C4
FFFFFF69
0000004C
FFFFFC99
000003C7
0000018C
FFFFFE92
000003F3
000002C0
FFFFFDC1
FFFFFEB3
0000001B
00000244
00000502
00000060
00000015
FFFFFE18
FFFFFF64
00000476
FFFFFE08
00000038
FFFFFFA4
000004E3
0000003F
000000F3
FFFFFDE3
0000037B
000001A6
0000025A
000002FE
00000283
0000049D
000004F1
0000032B
FFFFFC53
000001AE
FFFFFC69
00000248
00000412
000004A5
000002E4
FFFFFDFF
FFFFFE8D
000000E8
FFFFFFF3
FFFFFF8A
FFFFFFD8
FFFFFE6D
00000186
FFFFFD96
FFFFFDF6
FFFFFD2F
000000E0
000003B7
FFFFFE01
00000363
FFFFFCED
000001A1
FFFFFB6C
FFFFFFE8
0000040D
00000203
00000390
FFFFFFA9
00000351
FFFFFE7F
0000003A
000001E2
00000614
000001FF
00000161
00000243
FFFFFF7F
FFFFFD4E
FFFFFC5C
00000328
FFFFFDFA
FFFFFE54
00000209
FFFFFA96
00000078
FFFFFE30
FFFFFEB5
FFFFFF87
00000158
0000034F
FFFFFE84
FFFFFF88
00000262
FFFFFFB0
0000025A
FFFFFD3F
000001DF
0000014F
FFFFFE79
FFFFFB3C
00000193
00000198
FFFFFF92
FFFFFDE1
000000C7
FFFFFC69
FFFFFC8B
FFFFFBB2
FFFFFC74
FFFFFFE3
0000038E
00000503
000000DE
FFFFFD91
FFFFFD58
000005F0
0000027C
000002C8
FFFFFFBC
FFFFFAC7
FFFFFC17
FFFFFCC2
FFFFFD7E
FFFFFC39
00000323
000001BD
0000016B
0000012C
FFFFFE85
00000265
000002D7
FFFFFD05
00000537
FFFFFB00
000003BB
FFFFFC16
FFFFFB94
FFFFFE55
000000AE
00000294
00000345
000000CF
FFFFFBAB
000000E5
FFFFFE99
00000523
FFFFFF61
FFFFFEF7
FFFFFF7F
FFFFFCA0
000002FC
FFFFFEC3
FFFFFC26
00000104
0000039B
FFFFFEA1
00000196
00000235
000000A5
FFFFFDB0
000001E0
FFFFFA7D
FFFFFE8E
FFFFFF82
000002A5
FFFFF9A0
FFFFFC90
FFFFF982
000003F4
FFFFFC67
FFFFFD07
FFFFFDBE
FFFFFCFD
FFFFF893
FFFFFDCA
FFFFFEEC
FFFFFA03
FFFFF8D3
00000325
0000012F
0000019B
FFFFFA18
FFFFFB2E
000000A2
FFFFFE66
000006FD
FFFFFEF1
0000053F
FFFFFFFF
000000AA
000002A1
000003D8
FFFFFCC7
00000301
FFFFFEE4
00000000
FFFFFB26
FFFFFF44
FFFFFE92
0000029F
FFFFFFC8
FFFFFD30
0000003A
00000106
FFFFFDB0
00000644
FFFFFF82
FFFFFF03
FFFFFA52
FFFFFBAC
FFFFFE8D
FFFFFF82
FFFFFFF1
FFFFFDE6
00000013
FFFFFBCE
FFFFFE5A
FFFFFAFF
FFFFFC59
00000393
000003B8
000001B6
00000097
FFFFFDE5
FFFFFA76
FFFFFF6B
00000062
FFFFFE5E
FFFFFF89
FFFFFA5B
0000003C
FFFFFFAB
00000715
FFFFFC01
000001C0
FFFFFFEC
0000016B
00000137
FFFFFFC4
0000000C
000000EC
FFFFFF1B
000004F4
000000DB
00000220
FFFFFE83
