00000068
000000F1
FFFFFF03
FFFFFFFE
00000293
FFFFFE65
000002B0
0000008D
000000FF
000001A5
FFFFFF14
00000030
FFFFFE3E
00000117
0000013C
000000DC
FFFFFF74
00000005
FFFFFEF9
FFFFFF02
00000143
00000000
FFFFFDDC
FFFFFFEA
FFFFFF54
00000178
FFFFFF24
00000301
FFFFFEB9
00000162
FFFFFC29
FFFFFF0F
000001DA
00000155
00000052
0000000D
00000264
FFFFFD51
0000012D
FFFFFD70
FFFFFFFC
FFFFFE7C
00000124
00000060
00000158
FFFFFDA5
00000069
0000004F
FFFFFFED
00000062
FFFFFE12
FFFFFDC5
FFFFFD9E
FFFFFF40
000001C7
FFFFFFC8
000000E4
FFFFFFA0
FFFFFD55
FFFFFE9A
FFFFFDBF
000001E3
FFFFFEF3
00000139
000000E2
FFFFFF2C
FFFFFCED
000000EA
FFFFFDA5
FFFFFCE3
FFFFFD9F
FFFFFF12
FFFFFDCB
0000014F
000001A1
00000256
000002B0
FFFFFF91
FFFFFF4E
00000014
00000360
FFFFFDE8
FFFFFCE7
FFFFFDF6
000000B9
FFFFFED0
FFFFFF7C
00000150
0000000D
FFFFFFAF
00000036
FFFFFFEE
00000066
00000061
FFFFFC34
000001D0
000001B7
FFFFFFD6
00000122
0000024A
FFFFFFB7
FFFFFFBA
FFFFFEF1
FFFFFFE8
FFFFFE9D
FFFFFF23
00000092
FFFFFEC6
FFFFFF70
0000011D
FFFFFDBE
00000245
FFFFFDF7
FFFFFEA6
FFFFFE97
FFFFFCC8
FFFFFC77
FFFFFF1E
FFFFFFFE
00000428
FFFFFFCE
000000B2
FFFFFF99
FFFFFCD7
FFFFFF72
000000F9
000000B6
00000018
FFFFFDE6
FFFFFE40
0000004C
FFFFFF63
00000089
FFFFFD46
00000031
00000169
000002B0
000000E1
FFFFFDB0
FFFFFCC0
FFFFFE2D
FFFFFE8D
FFFFFE9B
00000098
00000249
FFFFFE8D
FFFFFDA1
0000038E
000001D9
FFFFFE38
FFFFFFAC
00000251
FFFFFD66
FFFFFFB8
FFFFFFED
00000058
000003FF
000002B0
000003BD
0000016D
000001C2
FFFFFFB7
00000187
FFFFFFCE
000000D0
FFFFFE11
FFFFFECA
00000092
FFFFFF9C
000000EE
FFFFFEF3
000002A1
FFFFFFFA
00000162
00000330
00000099
0000010A
00000189
0000020B
0000018F
00000019
00000027
FFFFFD4B
FFFFFE93
00000315
000000D3
000000C3
0000012B
FFFFFF19
FFFFFE45
FFFFFD8D
FFFFFCDD
00000266
00000093
000000A7
000002AC
000001A0
000001C6
FFFFFEA8
FFFFFE3B
FFFFFECB
FFFFFFD6
000000F6
FFFFFC67
00000116
FFFFFDED
00000113
FFFFFE78
0000015B
00000011
FFFFFC67
FFFFFEB4
0000006E
FFFFFF5F
FFFFFFC1
FFFFFFA2
FFFFFF8F
00000122
00000373
00000079
0000017F
000002B1
FFFFFF0C
0000016B
000002A4
FFFFFBFF
FFFFFD42
FFFFFF34
0000029B
000001FA
FFFFFD36
FFFFFE76
FFFFFFE3
FFFFFF93
00000113
FFFFFEE2
00000069
FFFFFECB
FFFFFD22
FFFFFF73
FFFFFF7A
FFFFFD96
0000010E
00000264
FFFFFD89
FFFFFC16
0000033E
000001E8
000000C9
FFFFFE41
FFFFFF02
00000011
000001D8
00000360
FFFFFF92
0000010A
FFFFFFF7
000000D1
00000234
00000058
FFFFFD31
00000319
00000367
000001E5
000001A0
000002FE
FFFFFDDF
FFFFFEFA
00000036
0000022E
00000079
FFFFFD9E
0000000A
000003AA
FFFFFF7A
FFFFFEDD
00000100
FFFFFF89
0000003E
000001DC
FFFFFF04
FFFFFED6
00000375
000002D8
0000009D
0000003B
000000DA
FFFFFFB2
000000A4
0000009E
FFFFFD62
000000A9
000000E2
0000002A
FFFFFBB9
FFFFFD17
000000F1
00000150
000001E6
FFFFFF28
00000330
0000031B
00000132
00000079
0000012E
000002A2
00000088
FFFFFEDA
FFFFFE56
FFFFFF80
FFFFFF87
0000018A
FFFFFEAC
FFFFFD7D
000000B4
FFFFFD05
000002C9
000001D0
000000A9
00000209
0000009D
000001FA
000002FB
0000004D
FFFFFE4F
FFFFFC27
FFFFFF43
00000048
FFFFFC1D
FFFFFDDE
FFFFFD5A
FFFFFF1E
FFFFFBB0
FFFFFC82
FFFFFA17
FFFFFBA9
FFFFFDEC
000000F5
FFFFFE7D
0000019F
FFFFFC13
FFFFFBF9
FFFFFE70
00000126
00000197
000000BC
000000DF
FFFFFF98
FFFFFE67
000002E6
00000344
00000275
FFFFFF1C
000000B2
00000042
FFFFFFC9
0000028E
00000005
FFFFFF8F
000002C0
0000024A
FFFFFE59
FFFFFDBD
0000008E
FFFFFE82
00000086
000000BD
FFFFFDE7
000002F5
FFFFFE9F
00000072
0000037A
FFFFFF3B
0000021E
000000B4
000002C2
FFFFFDED
0000012C
FFFFFDA5
FFFFFF04
FFFFFD58
000002C9
FFFFFE21
FFFFFE06
FFFFFF6E
000001A0
FFFFFFFB
FFFFFF32
FFFFFFB6
FFFFFFA5
000000FE
00000091
FFFFFF0F
0000024A
00000421
000000E7
FFFFFCE1
000000EC
FFFFFDE9
FFFFFE6F
FFFFFF71
000000AB
FFFFFCAC
00000075
00000155
FFFFFFFF
FFFFFF46
000000FD
00000065
00000035
FFFFFBF7
000002D2
0000025E
000002C1
0000037B
000001F4
000000DA
FFFFFE5E
0000007B
FFFFFC54
000000F3
00000022
FFFFFED6
FFFFFC01
FFFFFEF9
FFFFFCFC
00000072
000002E2
FFFFFE10
FFFFFF16
FFFFFFA5
FFFFFD59
00000214
FFFFFF1A
00000035
FFFFFFCA
FFFFFF22
FFFFFC9B
00000131
FFFFFFD7
00000003
0000005A
000000A0
000001E9
FFFFFE7E
00000146
FFFFFF34
00000005
FFFFFD9D
FFFFFEB2
FFFFFBAB
FFFFFC26
FFFFFE8C
0000024C
00000141
00000042
000000F7
00000133
FFFFFECB
0000024E
00000253
000002E7
FFFFFF7A
FFFFFFF1
FFFFFFC0
0000029A
FFFFFEBA
00000393
00000127
FFFFFF6C
0000010E
FFFFFDFE
000000F7
00000313
0000011B
00000252
000000B9
FFFFFE35
FFFFFE94
FFFFFB78
FFFFFF9C
FFFFFEA2
FFFFFEA3
FFFFFCB9
FFFFFF60
FFFFFFA5
FFFFFE10
00000046
FFFFFF90
00000047
FFFFFF47
FFFFFEC8
000000E3
FFFFFFFF
FFFFFE81
0000009B
FFFFFFA7
00000037
FFFFFF3B
FFFFFE23
000000DD
FFFFFEA0
FFFFFFF0
0000021A
FFFFFD23
FFFFFEF6
FFFFFCF9
FFFFFE79
0000041A
000000C7
00000043
0000006C
FFFFFE14
FFFFFF5A
FFFFFFBE
000002DE
000002BC
0000009D
00000262
FFFFFEB4
0000001B
FFFFFF67
FFFFFD60
000000C9
FFFFFF5C
FFFFFEAB
FFFFFEC0
000000D8
00000286
FFFFFDFD
0000034F
000002EA
000002BD
FFFFFFF4
FFFFFD71
FFFFFFDB
00000082
000000F6
FFFFFE84
0000002F
000002F6
FFFFFCC0
FFFFFF11
0000004E
FFFFFC16
FFFFFD28
00000230
FFFFFF98
000000E4
FFFFFEB9
FFFFFF07
FFFFFCF6
000000C1
00000111
FFFFFCF1
FFFFFC96
00000108
FFFFFFE9
0000016F
000000F5
0000002F
FFFFFFC6
000001D0
00000000
000000A6
000000A0
FFFFFE1B
FFFFFF53
FFFFFC79
FFFFFCD3
FFFFFCEC
FFFFFE2D
FFFFFB53
FFFFFDD9
FFFFF9F7
FFFFF951
FFFFFF7E
FFFFFE0C
0000016F
FFFFFF59
FFFFFD47
00000020
0000004C
FFFFFE43
0000009E
FFFFFE60
FFFFFEA9
FFFFFD92
FFFFFCA5
FFFFFD69
FFFFFE50
FFFFFE79
FFFFFF69
FFFFFE63
FFFFFDEA
FFFFFE36
FFFFFC5D
FFFFFC71
FFFFFCC5
00000063
FFFFFD42
FFFFFDB5
FFFFFD27
000001F6
FFFFFE38
FFFFFDB2
FFFFFF19
FFFFFD56
FFFFFC4C
00000014
FFFFFECF
FFFFFFB1
FFFFFEB9
000000B2
000000E6
00000023
FFFFFEE0
0000015C
0000004F
FFFFFFC9
00000277
0000014D
FFFFFE30
FFFFFFBD
FFFFFF10
0000015E
00000101
FFFFFEFF
00000051
00000072
000001ED
000002F3
FFFFFEE5
000000D5
00000068
FFFFFE47
00000142
000001E8
FFFFFE60
FFFFFC12
FFFFFF9B
0000010A
FFFFFDF6
FFFFFD5A
0000003E
0000000D
00000010
FFFFFE8D
00000184
00000129
000000B1
FFFFFF22
FFFFFDEC
00000154
00000028
00000011
0000018F
FFFFFF1E
FFFFFF72
FFFFFE11
FFFFFE89
FFFFFF70
000000A0
000001DE
00000048
000000DB
0000016D
0000016D
0000022C
00000068
FFFFFF17
0000023A
00000224
000002EC
000000DA
FFFFFF34
FFFFFFB3
FFFFFEE0
FFFFFDD3
FFFFFF0F
0000004E
FFFFFE14
0000014F
FFFFFE7D
FFFFFDD1
FFFFFEEC
FFFFFEF8
FFFFFFC9
FFFFFE11
FFFFFF26
FFFFFD8B
FFFFFDF3
FFFFFE7E
FFFFFDA3
FFFFFF3C
FFFFFF3C
FFFFFE0E
00000112
FFFFFFD0
FFFFFED1
00000009
000000A6
00000030
0000005A
FFFFFF3B
000000AF
FFFFFEB8
00000181
00000016
000000C5
00000155
000000D2
FFFFFF3E
FFFFFF53
0000007D
FFFFFF0C
FFFFFF91
FFFFFECA
FFFFFD01
FFFFFDCE
00000292
FFFFFF35
FFFFFED1
000001D1
0000027E
00000169
00000098
FFFFFFE4
00000061
FFFFFE98
FFFFFF48
FFFFFEE7
FFFFFFFD
FFFFFE34
FFFFFFFB
FFFFFF95
00000082
00000180
00000199
FFFFFFD8
FFFFFF62
FFFFFDE2
FFFFFE8C
FFFFFDD3
0000010D
FFFFFE15
FFFFFEE0
0000014F
0000001F
FFFFFFCD
000003FA
000001A9
0000024C
000000FD
000002AD
FFFFFFD9
000002B6
0000024F
00000313
000000C7
00000101
00000160
000001EF
00000357
0000007F
00000264
000000A6
00000019
FFFFFF74
00000015
FFFFFF5C
0000010B
0000003D
FFFFFF74
000000F5
FFFFFF81
0000006A
FFFFFE76
FFFFFE08
FFFFFFAB
0000014A
000001AF
00000115
00000190
00000103
0000016C
00000168
FFFFFF69
FFFFFE38
00000193
00000038
00000163
00000393
FFFFFFF3
00000322
000003BF
000003B7
00000223
00000170
00000273
0000026A
FFFFFF7B
FFFFFE5F
FFFFFF6C
FFFFFFAF
FFFFFE2A
FFFFFE66
FFFFFE59
FFFFFE9D
0000009B
0000019C
FFFFFFDB
0000002B
00000222
00000133
00000175
0000009A
FFFFFE9D
000000B0
FFFFFE0F
FFFFFED3
FFFFFE07
FFFFFF60
FFFFFDF4
FFFFFE59
FFFFFCDC
FFFFFD9B
FFFFFF69
000001E6
000001D4
00000530
00000383
0000034E
000002F3
00000350
00000292
00000042
FFFFFEFE
FFFFFF57
FFFFFD3B
00000010
FFFFFF3B
FFFFFD65
FFFFFE87
FFFFFD94
00000016
00000083
000000AE
FFFFFE6B
00000017
00000184
FFFFFF8B
000000C8
FFFFFF83
0000024E
FFFFFFD1
0000009C
0000003E
00000280
0000020F
000001A7
00000237
00000319
00000373
0000008F
FFFFFD82
FFFFFFAD
00000073
FFFFFECB
FFFFFF68
FFFFFF4D
FFFFFFFF
FFFFFE14
0000005E
FFFFFE32
FFFFFF30
0000015F
000001E8
FFFFFE84
FFFFFF01
FFFFFEFE
FFFFFF30
FFFFFD17
FFFFFC82
FFFFFDEB
FFFFFDD4
FFFFFEAE
FFFFFF01
FFFFFCF9
FFFFFE63
00000193
0000026C
FFFFFF23
FFFFFE1A
000001DC
FFFFFF45
FFFFFFF6
00000018
FFFFFED8
FFFFFF7E
FFFFFE74
FFFFFF29
000000FD
0000008A
00000148
FFFFFECE
FFFFFE95
FFFFFF7F
FFFFFFD7
FFFFFFD8
00000289
000001AB
00000141
000002EA
000001CA
000001EC
0000006A
000001A0
FFFFFF9E
FFFFFF6A
FFFFFF9A
FFFFFF22
00000014
FFFFFF88
00000109
FFFFFD5D
0000007A
0000003F
000000B4
00000206
FFFFFE42
00000034
FFFFFF25
00000051
0000002A
0000022E
00000054
FFFFFF90
0000019C
0000016B
FFFFFF7E
00000123
00000133
FFFFFEC5
FFFFFF1C
000000B3
00000329
00000111
FFFFFFA9
000001EC
000000BA
0000020E
00000232
000001D7
00000295
00000059
00000294
FFFFFFC2
00000229
00000164
000003BD
00000189
000002D7
00000106
FFFFFF6D
0000006F
FFFFFFCE
00000097
0000009D
00000038
FFFFFF4C
FFFFFEEC
FFFFFE54
FFFFFD7D
FFFFFD77
000000DA
0000004D
00000129
FFFFFF2E
FFFFFEED
FFFFFE22
000001C4
FFFFFF9A
0000027C
00000213
FFFFFF98
FFFFFFCE
00000099
000000BE
00000106
FFFFFFBB
FFFFFFFE
FFFFFDEF
FFFFFEC1
00000183
FFFFFD16
FFFFFEE8
FFFFFF34
FFFFFD8F
000001D6
000001B1
000002D7
0000017E
00000328
000002E7
FFFFFF39
FFFFFE8F
00000263
FFFFFD85
0000000E
0000005F
00000093
FFFFFDE8
FFFFFD4B
FFFFFFA3
FFFFFEB2
FFFFFDCD
FFFFFF8C
FFFFFED3
FFFFFFF2
FFFFFD63
000000DF
FFFFFF24
00000081
FFFFFE83
00000157
00000281
00000070
00000012
0000006A
00000190
FFFFFFCC
FFFFFFDC
00000339
00000291
FFFFFD19
FFFFFDCA
FFFFFFB6
FFFFFD0F
FFFFFD74
FFFFFF58
00000018
000000ED
FFFFFF75
000000C9
00000343
FFFFFEC0
00000161
000000BA
000000A5
000001C6
00000004
000002D8
FFFFFD9F
000000ED
00000200
FFFFFF66
0000017E
000000A0
FFFFFE8F
00000262
FFFFFE68
000001CE
000000E0
FFFFFF83
0000026D
0000028F
00000199
00000311
FFFFFF30
FFFFFDBF
FFFFFDC1
FFFFFEE6
00000100
00000029
FFFFFD04
FFFFFCDA
FFFFFD63
00000068
FFFFFF4D
FFFFFFEE
00000233
FFFFFED7
FFFFFF2B
00000228
00000100
00000009
FFFFFFD1
00000098
FFFFFD4E
FFFFFFFB
00000001
FFFFFF23
FFFFFE58
FFFFFE0C
FFFFFD39
FFFFFD76
FFFFFE48
0000022B
000001CD
000000C8
FFFFFFCD
FFFFFF8B
00000008
FFFFFF6F
000000EE
000000A2
FFFFFF58
FFFFFED3
FFFFFF49
FFFFFF7E
0000006F
0000012E
0000000B
00000238
FFFFFED6
000000B5
FFFFFDA7
FFFFFDD5
FFFFFE72
FFFFFFEB
FFFFFF4B
FFFFFDCF
FFFFFFAD
0000009E
00000222
FFFFFDF4
000001F6
0000010E
000001C2
000000EC
FFFFFE77
FFFFFFFD
FFFFFFCD
FFFFFE08
FFFFFEFF
FFFFFE44
FFFFFE32
FFFFFBCD
FFFFFE8F
0000018B
00000057
FFFFFF8F
FFFFFD78
FFFFFF2A
FFFFFF7F
00000034
FFFFFC99
0000016B
00000056
00000069
FFFFFF8A
FFFFFC21
FFFFFFAC
00000170
FFFFFDC7
00000150
FFFFFEB2
FFFFFE17
00000066
00000160
0000031F
000001DD
00000168
FFFFFF12
FFFFFDDC
0000021F
FFFFFF14
0000016B
FFFFFF89
00000262
000001DD
FFFFFF63
00000047
FFFFFCB9
FFFFFEA9
0000005B
FFFFFF04
FFFFFF4D
FFFFFDFC
FFFFFEF4
FFFFFD2D
00000032
FFFFFFFD
FFFFFE55
FFFFFF4C
FFFFFD0D
FFFFFF7A
FFFFFEB7
FFFFFDD2
FFFFFEDC
FFFFFD55
00000175
FFFFFEBC
00000287
FFFFFFF7
FFFFFDA4
000001D1
000001C8
00000283
FFFFFFCC
00000087
FFFFFF01
FFFFFF68
000002FC
FFFFFECB
000001F5
0000030A
FFFFFEF4
00000069
00000331
FFFFFE92
FFFFFF1D
0000026B
000001D7
00000109
FFFFFD6F
FFFFFBAE
FFFFFF94
00000078
FFFFFA90
FFFFFF89
FFFFFEB2
FFFFFDB2
000001B0
FFFFFFC5
FFFFFF80
FFFFFF2B
FFFFFE8D
FFFFFF52
FFFFFFB2
FFFFFE8F
000000FD
FFFFFF88
FFFFFDFB
FFFFFD2D
FFFFFE03
00000093
00000069
FFFFFFA8
00000199
00000192
FFFFFBEC
FFFFFE71
FFFFFE1E
FFFFFF6C
0000016A
FFFFFF1E
FFFFFFC4
00000302
00000006
00000163
00000116
00000118
00000332
00000097
0000012B
0000038F
000000CF
FFFFFEF5
0000027F
FFFFFE04
FFFFFD05
FFFFFDA7
FFFFFD5C
FFFFFC14
FFFFFFCC
FFFFFE44
00000130
FFFFFFC7
0000013C
00000057
FFFFFE9E
00000085
FFFFFE9D
FFFFFFD0
000001FA
00000381
0000023F
FFFFFEB7
000002AB
0000021E
0000025A
FFFFFFC4
000001C1
000000C5
FFFFFE12
FFFFFEB1
FFFFFDB1
00000313
0000023D
00000218
000003E1
00000034
00000098
00000190
00000316
FFFFFF8E
FFFFFEDF
00000143
FFFFFD86
FFFFFF70
00000073
000000C8
00000184
00000071
000003B5
000001B6
00000307
FFFFFD5C
FFFFFF87
0000027C
00000054
FFFFFFB7
000001C4
FFFFFD0A
FFFFFC65
00000033
FFFFFBDE
FFFFFEAE
FFFFFCED
FFFFFCA4
FFFFFF72
FFFFFDED
000000EE
0000024A
FFFFFEEE
FFFFFD86
00000036
0000015A
000000B0
00000038
00000259
00000029
000000E0
00000309
FFFFFE6D
00000281
0000051C
00000209
000003F3
FFFFFF1D
000001C4
000001E4
FFFFFE85
FFFFFD5E
FFFFFD5C
000000BC
00000196
FFFFFF06
FFFFFDD2
FFFFFF84
FFFFFFC0
FFFFFEF1
00000368
0000005C
0000027A
000000D6
00000193
FFFFFE7D
000001F2
00000100
000001A7
FFFFFFD7
0000035F
FFFFFE37
00000200
0000029B
000003C0
00000038
00000201
0000017A
000000B5
000000A3
FFFFFF77
0000025C
FFFFFF92
FFFFFEAF
FFFFFDCB
00000176
00000069
FFFFFD32
000001C1
FFFFFE14
FFFFFCB0
0000038F
000000CA
00000340
FFFFFFEF
FFFFFEFB
0000000E
FFFFFDF4
FFFFFD8E
FFFFFECB
FFFFFF6F
FFFFFC8E
00000063
FFFFFC30
00000017
FFFFFE36
FFFFFF2F
FFFFFBFB
FFFFFF4E
FFFFFFC7
FFFFFF98
0000024E
0000011B
000000C6
000000DC
00000034
00000075
FFFFFF23
000001BE
000001ED
0000003C
FFFFFE3C
000002F3
00000053
000002C2
FFFFFE7F
FFFFFF86
00000103
FFFFFF5C
FFFFFEE0
00000158
0000034D
FFFFFEB9
FFFFFE1E
FFFFFEB0
000000BE
FFFFFF00
FFFFFE9E
FFFFFE83
0000018A
00000198
FFFFFF4E
00000141
00000205
000001A7
FFFFFE50
00000151
000000E6
FFFFFFC9
00000176
FFFFFFA8
00000084
00000063
000000FB
FFFFFEEC
00000053
00000088
000001FB
000001AA
FFFFFF23
0000036E
FFFFFE4C
FFFFFDE4
00000086
FFFFFF7B
00000072
FFFFFE49
0000006C
FFFFFC93
FFFFFDF2
FFFFFCB5
FFFFFF80
FFFFFD1F
FFFFFE32
FFFFFEC9
FFFFFE84
FFFFFD6C
0000005C
FFFFFCF9
FFFFFD33
0000021A
FFFFFF02
00000317
FFFFFD68
FFFFFC86
FFFFFEB9
000002A0
FFFFFE1D
FFFFFFBA
FFFFFE7D
FFFFFE53
FFFFFF95
000000CD
FFFFFE5E
FFFFFD59
000002AB
FFFFFDE8
000001A6
000000E2
FFFFFE9D
000000FA
FFFFFF60
FFFFFF22
FFFFFEB2
0000018D
0000010F
00000351
FFFFFED7
00000319
00000155
FFFFFF22
FFFFFE84
00000006
0000033A
0000001A
FFFFFD9F
FFFFFD75
FFFFFED8
000000AA
FFFFFFB6
FFFFFFD5
00000158
00000097
FFFFFFC2
FFFFFC80
FFFFFE63
FFFFFF69
FFFFFE40
FFFFFEBF
FFFFFF01
FFFFFF0D
FFFFFF9F
FFFFFCCF
0000009E
0000013D
FFFFFFC9
000000D6
00000276
FFFFFECD
000004D6
000002F2
00000086
00000259
000001E9
00000086
FFFFFE7D
FFFFFCFB
FFFFFED4
FFFFFEC2
FFFFFC3F
FFFFFFBD
FFFFFEBE
00000056
FFFFFECF
0000010B
00000185
FFFFFE3F
FFFFFF60
00000273
00000009
FFFFFFDB
00000314
FFFFFF36
00000081
FFFFFC73
00000041
000001EB
FFFFFD1A
0000019A
00000288
FFFFFFFE
FFFFFEC6
FFFFFE1D
FFFFFF34
00000245
00000030
000001B3
0000004C
000000FB
00000039
FFFFFEFB
0000020A
00000243
000002F1
FFFFFF79
00000174
000001B7
0000044A
00000175
00000598
FFFFFE39
FFFFFFA6
FFFFFDEE
00000013
0000013B
FFFFFF1D
FFFFFD8C
FFFFFF6F
0000023F
FFFFFF4D
00000025
FFFFFEF3
000000D3
FFFFFFA5
00000205
00000216
FFFFFCCE
FFFFFEDB
FFFFFE49
0000025F
FFFFFED8
FFFFFD87
000002AF
FFFFFFB3
FFFFFE01
FFFFFF0D
000000FB
FFFFFFAD
00000247
FFFFFFCC
FFFFFD89
000002B4
FFFFFC5D
000001D5
000001DA
FFFFFF66
00000072
FFFFFCF1
000000BA
FFFFFCC5
FFFFFF7C
FFFFFCA1
000000C8
00000097
FFFFFEC8
000001BA
0000018C
000001CF
00000290
FFFFFE33
00000214
00000451
000000FE
0000011E
000000D3
00000029
00000052
FFFFFE07
FFFFFE07
FFFFFE75
FFFFFC42
00000041
FFFFFD77
FFFFFCAF
000000FA
00000089
FFFFFEAD
00000045
FFFFFD9B
000001BF
00000198
00000084
FFFFFE4F
0000029A
FFFFFFA4
FFFFFF54
000001D4
FFFFFD31
FFFFFF7B
FFFFFDFB
FFFFFE17
0000029D
FFFFFFA3
000000DB
FFFFFFCA
FFFFFDE0
00000209
000002AE
FFFFFF9A
00000138
000002C9
000001A8
000001B5
FFFFFEA8
000000BD
FFFFFD91
0000017C
000002FB
000000C5
FFFFFF91
000001AF
FFFFFFA1
000000B3
00000246
00000134
000000BE
FFFFFE0D
FFFFFE67
FFFFFE23
000000C1
FFFFFD60
00000131
FFFFFF3B
FFFFFF2A
FFFFFF09
000000DB
FFFFFDB5
0000000A
FFFFFDE7
000000DF
00000260
FFFFFF8E
FFFFFF19
000000E4
FFFFFFF1
FFFFFFD6
00000172
000000A5
00000177
FFFFFEF0
FFFFFCE5
FFFFFEE3
0000009D
FFFFFE97
0000002D
00000000
FFFFFD45
FFFFFCB3
FFFFFFD0
0000001C
FFFFFF29
FFFFFFCC
FFFFFEBD
FFFFFF9D
FFFFFF82
00000228
0000003A
000001C1
000000E6
00000301
000001A5
FFFFFF1E
000000CF
FFFFFECC
FFFFFF4A
FFFFFF1A
FFFFFE7A
FFFFFEDB
00000079
00000083
00000026
FFFFFE60
FFFFFE2D
FFFFFEE0
FFFFFF3E
FFFFFE44
000000C2
FFFFFCCC
00000090
00000156
FFFFFF9F
00000115
0000000F
000000FD
FFFFFFAD
FFFFFF19
00000047
FFFFFED9
00000123
FFFFFFEB
FFFFFD4C
FFFFFD4C
FFFFFD91
FFFFFEC9
FFFFFF4F
0000009A
FFFFFFDE
FFFFFEB2
FFFFFF42
00000066
FFFFFEEA
00000030
00000003
FFFFFED0
FFFFFDB9
FFFFFDC7
FFFFFE16
0000005E
00000064
FFFFFF99
000003B2
00000119
FFFFFCC1
00000067
00000248
FFFFFE05
00000326
000000E5
FFFFFDCB
FFFFFF92
FFFFFF68
FFFFFD0C
FFFFFDD8
FFFFFE92
FFFFFE49
000000BF
0000009F
FFFFFEE2
000000C4
FFFFFF3B
0000021A
0000003A
0000008E
00000334
00000222
00000164
FFFFFF40
FFFFFE34
0000008E
FFFFFF60
000001F5
FFFFFE29
FFFFFF36
FFFFFF51
FFFFFBF0
FFFFFCD9
FFFFFF4F
FFFFFE39
FFFFFEE8
FFFFFF3F
FFFFFB6E
FFFFFF56
FFFFFFF4
FFFFFF58
000001CA
000001AD
00000333
000000DB
000003CA
FFFFFFF8
FFFFFF66
000003D9
00000087
FFFFFFAA
FFFFFF2F
00000045
0000001C
FFFFFED8
000000E1
000000B8
FFFFFF85
00000204
0000046E
00000164
000001CB
0000036B
000001A4
00000203
000001FD
FFFFFFF5
FFFFFF3F
0000000E
0000003F
000000E4
FFFFFF1D
FFFFFFDB
0000013C
FFFFFDEE
FFFFFF27
00000259
000000B7
FFFFFFA1
000000DC
00000300
FFFFFFDA
00000220
00000014
000002CF
0000016D
FFFFFE9B
00000144
FFFFFF1D
000000D7
0000001D
00000200
000000C0
0000003B
FFFFFE41
00000014
00000086
FFFFFEE8
00000188
000000F2
FFFFFFD3
000001A7
00000152
FFFFFE40
FFFFFE66
000000C8
FFFFFE58
FFFFFE70
FFFFFC72
000001D1
FFFFFFCB
0000005E
00000029
FFFFFCE4
FFFFFEFE
0000018A
FFFFFDEF
FFFFFD53
FFFFFEF5
FFFFFFE2
00000010
0000031D
000001E1
FFFFFE50
0000015E
FFFFFFF3
FFFFFF87
00000082
000000C7
FFFFFFA8
FFFFFE21
FFFFFE7B
FFFFFDD6
FFFFFF39
FFFFFFAA
00000150
00000039
FFFFFDAD
FFFFFFAB
FFFFFEF0
0000010A
FFFFFF95
FFFFFF71
00000368
00000011
00000101
0000014A
FFFFFF2A
FFFFFF98
00000008
FFFFFE12
00000081
FFFFFEB0
FFFFFED5
FFFFFE68
0000018F
FFFFFDF1
00000102
FFFFFFC2
FFFFFFD3
00000055
00000103
FFFFFE93
0000013A
FFFFFF06
FFFFFE52
000002E9
0000036F
00000287
FFFFFFCB
000001DD
FFFFFE3F
000001C1
0000023B
00000086
FFFFFE7A
FFFFFEA5
000001DC
FFFFFFFF
00000197
FFFFFE4D
FFFFFE11
00000190
FFFFFFCA
FFFFFE19
0000012E
00000045
FFFFFF4A
000000AB
0000009C
FFFFFCCA
FFFFFE49
00000094
0000001B
000001BD
FFFFFF6E
0000026C
00000044
00000069
00000201
FFFFFE7B
0000026A
0000013C
FFFFFD79
FFFFFF26
00000046
0000007F
FFFFFF03
00000048
FFFFFF42
FFFFFE02
0000005C
FFFFFFFE
000000B6
00000119
FFFFFF76
00000125
000002B8
00000051
FFFFFE5B
FFFFFE58
FFFFFF23
FFFFFF11
FFFFFEC2
FFFFFF8A
FFFFFF73
FFFFFE2E
00000249
0000018A
000001AA
00000274
FFFFFFF6
FFFFFECB
FFFFFFF4
00000222
0000020D
FFFFFF28
00000263
000000E5
FFFFFFB4
FFFFFE68
00000223
000001BF
0000019D
000001EB
000001A7
00000059
FFFFFE2E
000000B3
FFFFFCCA
FFFFFE57
FFFFFEE0
FFFFFE72
FFFFFFB4
00000033
FFFFFD52
FFFFFCE7
00000194
0000006A
FFFFFF06
FFFFFF0B
00000000
0000015A
00000032
0000001E
FFFFFF22
000000DA
000000A9
00000012
0000019F
000001FE
00000156
FFFFFEC4
0000009A
00000224
FFFFFF49
000003AD
000001CB
0000008A
00000365
0000008A
FFFFFFD2
000000CB
FFFFFF74
00000046
FFFFFF01
00000109
000001D9
000000BC
00000152
00000191
00000282
00000004
00000075
0000013D
FFFFFED0
000000F0
000002A6
000002C6
FFFFFD58
00000145
FFFFFDB4
00000000
0000003A
FFFFFD7A
FFFFFC7D
0000006F
FFFFFEC8
FFFFFC51
FFFFFD00
000000EE
0000007A
FFFFFFB4
FFFFFE96
0000002A
FFFFFEAA
000001B2
FFFFFEB5
000000C0
FFFFFFB1
FFFFFE6C
0000017C
FFFFFFCB
FFFFFF75
0000005E
0000002E
00000318
000000FB
FFFFFCF6
FFFFFF31
0000005B
FFFFFDCF
00000047
FFFFFDF0
FFFFFEB0
FFFFFFC7
FFFFFB8F
FFFFFFC6
FFFFFE1B
FFFFFECB
FFFFFF3C
FFFFFF18
FFFFFEFF
0000012C
FFFFFF85
000003B5
0000016A
0000027F
FFFFFEB2
00000334
00000138
00000232
FFFFFFE3
00000224
FFFFFFF3
FFFFFE1E
FFFFFF03
FFFFFF6D
FFFFFED8
FFFFFDA9
FFFFFD7D
000000B8
FFFFFD96
FFFFFF04
000003B0
0000045B
00000306
0000003F
000002C4
00000015
00000170
000002D7
FFFFFFD3
FFFFFEA0
FFFFFE79
FFFFFCB2
FFFFFD7A
FFFFFE10
FFFFFE82
FFFFFC78
FFFFFE10
FFFFFF72
000000CD
0000006B
FFFFFF83
FFFFFD6C
000001B9
FFFFFE53
FFFFFE28
FFFFFF64
FFFFFD7B
FFFFFCEA
FFFFFD25
000000A6
FFFFFE55
FFFFFE86
00000013
000000DF
0000005C
FFFFFEFF
FFFFFD8B
FFFFFD5F
FFFFFD58
FFFFFD99
FFFFFEE4
FFFFFF07
FFFFFC61
FFFFFE42
FFFFFFF5
FFFFFE8D
FFFFFF89
FFFFFF4D
FFFFFF27
00000038
00000093
FFFFFF06
FFFFFF12
FFFFFFDF
FFFFFF1A
00000184
FFFFFE69
0000023C
000001F7
FFFFFF1C
0000002C
FFFFFE96
FFFFFEDE
0000004F
FFFFFDB9
FFFFFF18
FFFFFF55
000000C7
FFFFFFA4
000000A6
FFFFFC74
FFFFFE11
FFFFFF1F
00000213
00000086
00000117
FFFFFEA6
00000190
FFFFFE98
FFFFFEB6
00000246
0000021C
0000008E
FFFFFFCE
FFFFFEF2
FFFFFF21
0000006C
00000010
0000036F
FFFFFEF7
000000ED
000001C1
FFFFFE17
000000FA
000001AB
FFFFFE9D
FFFFFE53
00000257
000000BF
00000083
00000127
0000023A
FFFFFEEF
000002E9
000002EE
000002A5
FFFFFF6E
000003BB
FFFFFE5F
FFFFFFEB
0000025E
0000004D
00000120
00000185
000000B5
FFFFFF7F
FFFFFEB3
0000012C
0000012E
FFFFFE51
FFFFFEFA
FFFFFD83
00000244
000001DA
00000056
FFFFFF03
000002C4
FFFFFF79
FFFFFE28
000001D7
FFFFFE60
FFFFFF0C
FFFFFFB6
FFFFFE0E
00000049
FFFFFF3C
FFFFFF68
FFFFFCD9
FFFFFF1C
FFFFFD4E
FFFFFE39
0000005D
0000007B
FFFFFCAF
00000281
FFFFFFFC
FFFFFF58
0000003E
00000143
FFFFFD5A
0000026F
FFFFFF44
00000081
FFFFFE5B
FFFFFE68
FFFFFD60
FFFFFE7D
00000195
FFFFFF4A
FFFFFEAA
0000005A
0000000E
FFFFFD6B
FFFFFE93
FFFFFF95
FFFFFEAF
FFFFFD9C
FFFFFF5A
FFFFFE02
000000A0
0000010B
FFFFFDE3
FFFFFD5D
00000015
FFFFFEC9
FFFFFDA9
00000156
000000E5
FFFFFDB6
FFFFFE58
FFFFFF62
FFFFFDE5
FFFFFBD1
FFFFFD1A
FFFFFE34
FFFFFF80
FFFFFCB7
FFFFFEAD
FFFFFE8F
000000F8
0000015A
000001C4
0000003A
FFFFFF9B
0000010B
0000018E
000001C4
00000006
FFFFFF22
00000016
00000185
FFFFFD6C
FFFFFE3F
FFFFFDE6
FFFFFF16
00000014
000001AA
FFFFFF49
FFFFFF98
FFFFFEB7
000001BE
0000027F
FFFFFE20
FFFFFF23
FFFFFEEA
FFFFFEB4
000000DE
FFFFFF45
00000042
0000000B
FFFFFDE4
FFFFFF68
FFFFFF68
00000115
FFFFFF27
00000082
000001F1
000002D5
FFFFFFB9
FFFFFFAD
00000099
000001FC
FFFFFF8C
FFFFFFC4
00000134
0000018E
FFFFFFD1
00000053
0000005C
FFFFFEA6
0000007A
00000238
00000117
FFFFFE7E
00000197
00000144
000002E5
00000043
00000430
FFFFFE34
00000103
00000202
000000C5
00000069
FFFFFEF7
FFFFFD24
000000A4
00000022
000000FE
FFFFFE17
000000B0
FFFFFF91
FFFFFDFB
00000003
0000017A
FFFFFF38
FFFFFDA8
FFFFFFE7
FFFFFE0A
FFFFFEF8
FFFFFE86
00000071
00000179
0000018F
00000295
FFFFFFEA
00000208
0000016C
FFFFFD35
00000157
000001A8
FFFFFFC3
000001E9
FFFFFEF1
FFFFFF3F
00000069
FFFFFF09
000000FD
000001D8
00000214
000002E4
000002AF
000000FE
00000246
00000203
000000F8
FFFFFEC3
FFFFFED8
FFFFFF93
00000040
FFFFFEDC
FFFFFEF6
FFFFFE7F
0000025F
00000000
00000141
000000FA
00000194
0000025E
00000216
0000006E
0000026E
0000012B
000000F3
FFFFFE80
0000016E
00000292
000003A2
000001A0
0000010D
000000DF
00000001
FFFFFCE4
000000E9
FFFFFFFB
000000CE
0000008E
FFFFFF63
FFFFFEE8
FFFFFCE7
FFFFFFCC
00000096
FFFFFED4
FFFFFFB1
0000009D
0000017A
FFFFFECB
000002A3
00000369
FFFFFFF6
0000016F
000002E3
0000021A
FFFFFF42
000000D0
000001B3
00000158
0000025F
00000340
00000115
000000F3
FFFFFF96
00000171
FFFFFFDE
FFFFFF94
FFFFFEF5
FFFFFED5
0000011F
0000019A
FFFFFF7A
FFFFFF12
FFFFFF5C
FFFFFE62
FFFFFF35
00000027
FFFFFED1
FFFFFEB9
FFFFFEDB
FFFFFFF1
000000E4
0000004C
00000013
00000277
000000F2
000000D0
FFFFFFF3
00000314
000000F9
000001E5
00000189
000000E3
FFFFFFFC
00000065
FFFFFF1E
00000050
00000022
FFFFFF6F
FFFFFD12
00000190
00000052
FFFFFE70
000000FB
FFFFFF67
FFFFFF32
FFFFFEF5
00000133
FFFFFEF4
FFFFFEAB
00000095
FFFFFD9A
FFFFFC7B
FFFFFE78
FFFFFFA1
00000185
000000BF
00000328
000001AD
00000119
00000108
FFFFFF1D
0000018B
FFFFFD50
FFFFFF04
FFFFFCF3
FFFFFEB2
00000157
000000ED
000001AE
FFFFFE45
FFFFFDFC
000000DB
FFFFFF42
FFFFFDE9
00000328
FFFFFFED
000001F0
00000229
FFFFFE8D
FFFFFE37
00000222
00000028
000000C2
FFFFFF09
00000007
000000FC
0000011B
FFFFFF42
FFFFFFC3
0000007E
00000180
FFFFFFBD
0000023D
FFFFFF0D
00000078
000002F6
FFFFFFD9
000000D0
FFFFFEEA
FFFFFE7B
00000138
000001C1
00000240
00000264
000000F0
000000CD
0000014D
000003AB
00000058
FFFFFEF3
FFFFFED8
00000004
00000068
FFFFFE85
FFFFFDEA
FFFFFEF2
FFFFFFCA
00000055
FFFFFF72
FFFFFF57
0000016B
FFFFFF73
FFFFFE51
0000025F
FFFFFF48
FFFFFEC1
000001EE
FFFFFE3C
000001DD
000001D1
0000010B
FFFFFF1D
FFFFFD3B
FFFFFDDB
FFFFFF9A
FFFFFC7D
00000162
000001FA
000002C5
FFFFFF50
FFFFFE31
000000A9
000000D9
FFFFFEF4
00000324
000000B0
00000133
0000023C
FFFFFF9A
000001FE
0000012F
000000CB
000001EB
000000C3
000001C3
0000008F
FFFFFFB7
FFFFFFDF
000000FF
0000007E
FFFFFEDE
FFFFFE98
FFFFFEDC
00000228
000000BF
000001B1
0000009A
FFFFFED2
FFFFFDF6
FFFFFFBF
00000065
00000138
00000196
FFFFFFCE
00000011
000000F0
0000000E
00000157
00000020
000000C0
FFFFFE85
00000045
00000121
FFFFFD22
FFFFFFAF
000000CD
FFFFFFC4
000001E5
FFFFFFED
00000031
FFFFFFA1
0000022E
0000004A
FFFFFD94
FFFFFE5D
FFFFFE98
FFFFFF0D
000001E9
000002D4
FFFFFF9B
FFFFFFB1
00000054
FFFFFEE6
00000032
FFFFFF13
0000008D
FFFFFF16
00000112
00000270
000001D6
00000065
00000098
00000235
000002A1
FFFFFEA1
000000E7
FFFFFE7B
00000062
FFFFFE6A
FFFFFFF8
FFFFFD6E
FFFFFE3E
FFFFFED1
FFFFFEE3
FFFFFEED
00000023
FFFFFD0A
0000034A
FFFFFFA7
FFFFFEA1
0000011A
FFFFFF4C
000000DB
00000278
00000252
0000004F
000001B9
00000167
00000154
0000017E
00000192
FFFFFE7B
00000224
00000144
00000053
00000136
00000044
000001AC
0000029F
00000001
FFFFFF7F
FFFFFED3
00000214
FFFFFF40
00000016
00000023
0000020E
0000007F
FFFFFF55
FFFFFF5C
00000271
00000059
00000268
FFFFFC57
FFFFFD07
FFFFFE39
FFFFFFD6
FFFFFEC3
FFFFFF2C
FFFFFE3C
FFFFFC58
FFFFFE8B
FFFFFFED
000000C8
FFFFFDD5
00000169
FFFFFEF6
FFFFFDE9
00000256
000001E2
00000186
00000297
000001F9
000000AA
000003EB
00000001
00000288
0000010A
00000176
0000011A
FFFFFE2B
FFFFFE3D
FFFFFE8A
00000187
FFFFFD05
0000000E
0000015F
FFFFFF2E
0000015F
00000002
FFFFFDDA
00000167
000000B7
0000020B
000002FB
FFFFFF33
00000029
0000004B
FFFFFFC9
0000017E
FFFFFF89
0000007A
00000155
FFFFFF5B
0000013E
00000293
00000207
FFFFFE3E
FFFFFFC4
FFFFFE50
00000005
FFFFFF57
00000045
FFFFFE75
FFFFFE73
00000007
FFFFFFC7
000001B2
000002E8
0000024B
0000011E
0000033D
FFFFFF24
FFFFFF19
00000257
FFFFFF88
FFFFFFB1
FFFFFF99
FFFFFEC7
FFFFFFBB
FFFFFFF0
00000131
000001A6
FFFFFEFE
0000006B
FFFFFE87
FFFFFF2E
FFFFFEC9
FFFFFEB9
00000027
FFFFFDE3
FFFFFD71
FFFFFE1F
00000125
00000135
00000039
000000AB
00000060
00000067
00000101
FFFFFF4F
00000066
FFFFFD79
0000009E
000001E8
FFFFFE26
FFFFFEF3
00000083
00000145
FFFFFE97
FFFFFEF1
FFFFFFDF
FFFFFD75
FFFFFFBD
FFFFFFDB
FFFFFFE2
FFFFFD02
FFFFFF91
FFFFFE16
FFFFFBF6
FFFFFF3C
FFFFFE99
00000113
FFFFFEFB
00000063
FFFFFFCB
FFFFFE43
00000046
FFFFFF2F
FFFFFF9C
FFFFFDD5
00000057
0000004F
0000009B
FFFFFD37
00000030
FFFFFE6C
FFFFFF4C
0000018F
FFFFFCAA
FFFFFE71
FFFFFD88
FFFFFE8F
FFFFFE32
FFFFFE9E
FFFFFF28
FFFFFFEC
FFFFFE16
FFFFFCD7
FFFFFDC9
000000D3
FFFFFEF4
0000009A
FFFFFC43
FFFFFF34
FFFFFD73
FFFFFEEC
0000010D
000001EE
00000018
0000011C
FFFFFEBA
0000002D
FFFFFF17
0000014A
00000056
000000EB
0000021A
0000011D
FFFFFF92
0000013F
FFFFFC68
FFFFFDE2
0000009C
FFFFFE5E
FFFFFB91
FFFFFD85
00000152
FFFFFBD8
FFFFFDDF
00000002
000001F7
000000B6
FFFFFE5B
00000130
00000164
FFFFFEB8
FFFFFFAA
FFFFFF50
00000115
000000C9
00000073
00000220
FFFFFE5E
00000275
FFFFFF15
FFFFFFF3
FFFFFF52
00000043
0000010C
00000154
FFFFFE77
FFFFFF00
FFFFFD6C
FFFFFFAA
000000D0
00000051
FFFFFF3F
0000009F
FFFFFFB8
FFFFFFFD
FFFFFDB3
FFFFFE59
000000F8
FFFFFD85
000000AA
000000BA
FFFFFF2C
FFFFFD9D
0000024D
00000057
0000007A
FFFFFCF8
00000121
FFFFFED8
000000C6
0000024F
FFFFFF67
00000143
000000FD
0000015E
FFFFFFCB
000000E3
0000021E
000000AF
FFFFFE68
FFFFFF8F
0000035D
00000246
00000170
0000023B
000002B4
0000002C
000001E4
00000099
FFFFFEB4
FFFFFECE
FFFFFF09
00000156
FFFFFEEC
FFFFFF53
FFFFFE6E
FFFFFF58
FFFFFC01
FFFFFDBD
FFFFFF28
0000012B
00000168
00000085
00000090
000000E2
0000034D
FFFFFDE0
000000A5
FFFFFDE3
FFFFFF4F
FFFFFF93
00000005
FFFFFD28
FFFFFDA3
FFFFFDBE
FFFFFE5E
FFFFFF4B
FFFFFF88
0000021E
FFFFFE42
00000103
FFFFFF0D
00000030
000000F9
FFFFFE95
000000F2
0000004B
000000C1
FFFFFE8A
FFFFFC2E
FFFFFF7F
0000018E
FFFFFEEB
FFFFFE3B
FFFFFEA1
FFFFFF96
000001AB
000001B3
0000035E
0000006D
FFFFFF82
000001F9
0000009E
00000288
FFFFFE54
FFFFFFA6
0000016F
FFFFFEA4
00000151
000000C3
0000025D
00000011
FFFFFFF6
FFFFFF13
FFFFFED0
FFFFFF3E
FFFFFF38
0000015C
FFFFFE5B
FFFFFEF1
00000180
FFFFFF1D
0000016D
FFFFFFE4
0000007B
000001A5
FFFFFF53
FFFFFE0B
FFFFFFA1
0000007E
FFFFFCFC
00000044
FFFFFFBA
FFFFFF08
00000236
000000A6
00000032
0000004F
00000308
0000005E
FFFFFE6E
00000289
FFFFFE06
FFFFFFBD
FFFFFFFD
FFFFFFF9
FFFFFE25
0000019C
00000158
000000BC
0000035F
00000229
0000004A
00000182
FFFFFF05
FFFFFFC3
FFFFFF7D
FFFFFF1E
00000220
000001E5
00000059
0000010D
00000088
0000015C
00000272
00000035
000000EF
FFFFFD53
000001D6
00000240
FFFFFCE4
FFFFFF9F
FFFFFFAE
FFFFFFB0
FFFFFF21
00000166
00000003
0000033D
FFFFFF5F
0000027D
00000097
FFFFFF0A
00000222
FFFFFF92
FFFFFE3A
FFFFFF8B
0000028A
0000011F
0000003B
0000021F
FFFFFF37
00000297
FFFFFF7C
0000014C
0000007C
0000033B
00000072
000000AE
FFFFFF08
FFFFFF73
0000019F
0000005F
000002A7
0000036D
000001DC
00000279
0000004C
000001B4
0000021F
000002E0
000000DD
000001BE
FFFFFE91
FFFFFE7D
00000199
00000243
000000B9
FFFFFEB3
000000EE
FFFFFF49
FFFFFE11
FFFFFEF2
00000184
000002CC
000002C1
000000D0
0000000D
000002D3
00000183
FFFFFEAB
FFFFFD82
FFFFFEAD
FFFFFEB4
FFFFFC70
FFFFFF61
FFFFFD97
FFFFFEF2
FFFFFC17
FFFFFF09
0000009D
00000163
FFFFFF74
000002AE
FFFFFF42
000001EB
00000294
00000329
0000008A
000000C7
000000DD
FFFFFF21
FFFFFE3D
FFFFFEBC
00000188
FFFFFD2B
FFFFFD84
00000199
FFFFFE96
00000214
00000284
FFFFFFA2
FFFFFFDB
FFFFFF7F
FFFFFE69
0000023C
FFFFFE5C
000001BB
00000006
00000009
000000A6
0000002D
FFFFFDD9
0000012F
FFFFFFD7
00000163
FFFFFE38
FFFFFEF6
000000BD
FFFFFD52
FFFFFF22
FFFFFF12
FFFFFCDD
000000EA
FFFFFF1C
FFFFFF02
FFFFFF31
FFFFFFC3
FFFFFF35
FFFFFCE9
FFFFFE38
FFFFFFB1
FFFFFF81
FFFFFE4B
00000224
000002EA
FFFFFFF5
FFFFFE68
00000199
0000010B
000000E6
00000057
000001CC
FFFFFFFC
00000086
FFFFFFC2
000000AB
00000245
FFFFFF78
0000022E
00000150
000001F7
00000012
0000010C
FFFFFE32
00000125
0000027C
00000011
FFFFFE61
00000279
0000012E
000000EF
FFFFFD20
FFFFFEB8
FFFFFDA8
FFFFFF8D
0000011A
FFFFFE70
00000138
FFFFFE7C
00000333
00000394
000001FA
000000E0
000000BB
FFFFFEC3
0000008C
000002C0
FFFFFFEC
000000A4
FFFFFF63
0000007F
00000133
FFFFFF5E
FFFFFE45
0000004B
FFFFFF8F
FFFFFDE4
FFFFFFD9
0000001E
FFFFFF67
00000112
FFFFFFA3
0000026C
000002FB
00000221
0000020E
00000027
FFFFFF73
000001AD
00000072
0000031A
00000051
000001FE
FFFFFE88
FFFFFFD0
FFFFFF3D
FFFFFF21
0000000D
FFFFFF43
0000029F
FFFFFD1E
FFFFFF0D
FFFFFE7B
00000067
FFFFFEF2
FFFFFFCB
0000013B
FFFFFEB7
00000004
FFFFFF30
00000315
00000345
000001E4
FFFFFEE2
FFFFFE5E
00000117
FFFFFE3A
00000065
000000B7
00000161
0000010D
FFFFFE68
FFFFFEB8
FFFFFF68
FFFFFFA2
000000F5
FFFFFFE5
0000019C
000000D4
00000085
00000035
FFFFFE70
FFFFFECE
0000010C
FFFFFFD1
FFFFFEA0
FFFFFE71
FFFFFFA3
FFFFFFC1
FFFFFFAA
00000081
000000E0
000002B8
0000007C
00000147
FFFFFF7C
000000AA
00000076
00000237
FFFFFF4B
FFFFFFD6
FFFFFEB5
FFFFFE15
FFFFFE78
FFFFFFE8
FFFFFD00
FFFFFF57
FFFFFDAE
0000010E
FFFFFF91
FFFFFD01
FFFFFF2E
0000027D
FFFFFE70
FFFFFFAA
0000014D
000000DD
0000024A
0000015B
00000160
FFFFFED6
000000DC
00000210
FFFFFFCE
FFFFFE6E
00000058
00000130
00000079
000001C6
00000191
FFFFFF12
000000C0
00000153
0000032A
FFFFFF57
FFFFFFEE
000000B1
FFFFFF22
00000042
000000D1
FFFFFCFF
FFFFFE84
FFFFFF3B
FFFFFF32
FFFFFE52
FFFFFF91
FFFFFC80
FFFFFF11
FFFFFCFA
FFFFFD41
00000006
FFFFFE7E
00000075
FFFFFDC0
FFFFFDB5
FFFFFF3F
FFFFFDA9
FFFFFEF2
FFFFFD73
00000029
000000EC
FFFFFF12
0000007B
00000100
00000173
FFFFFF52
FFFFFFE7
000002BD
000002D5
000003CA
0000002D
FFFFFE8B
000000A6
0000019E
FFFFFE7D
00000146
FFFFFE59
00000017
00000042
00000004
0000015C
FFFFFFF9
00000175
000001CF
FFFFFFE0
FFFFFEF1
0000005E
FFFFFE4E
000000D4
FFFFFF13
FFFFFEFA
FFFFFFE5
00000049
000000EA
FFFFFEDF
00000149
FFFFFF98
000001F3
FFFFFFF4
FFFFFEE2
000001B0
0000006B
00000101
FFFFFF44
FFFFFF2D
00000109
0000008B
0000007F
0000016F
FFFFFE8B
000000B8
FFFFFEBF
FFFFFF75
FFFFFFD8
FFFFFF68
000000CF
FFFFFE7C
0000009A
FFFFFF69
00000106
FFFFFE82
FFFFFE5C
FFFFFDEF
FFFFFEB7
FFFFFE75
000000DA
FFFFFFA1
FFFFFFDE
000000EF
00000152
0000012F
FFFFFF89
FFFFFF77
FFFFFEDD
FFFFFFF1
FFFFFFB5
FFFFFE4B
000000B8
00000104
00000120
FFFFFFEF
0000007A
FFFFFF42
FFFFFF29
0000004C
00000177
0000004E
FFFFFEDE
FFFFFE99
FFFFFFEB
FFFFFEC4
00000060
FFFFFF6C
00000070
0000020C
FFFFFF46
00000116
000000A6
FFFFFFE6
FFFFFFC0
FFFFFF92
0000002C
00000238
FFFFFF64
0000010A
FFFFFFE7
00000048
0000008D
000000F4
FFFFFFDD
000000CC
FFFFFD49
FFFFFF89
FFFFFFAE
0000028C
000000BA
00000078
FFFFFE8F
0000007C
00000127
FFFFFF4D
FFFFFFC2
00000001
000000A0
FFFFFF65
00000098
FFFFFFDA
FFFFFE55
00000023
00000030
00000045
0000005B
FFFFFFF0
FFFFFFAF
FFFFFF53
FFFFFEAE
0000018B
0000018B
FFFFFF9B
FFFFFFAF
FFFFFE2A
00000163
FFFFFF32
00000111
FFFFFEB5
FFFFFF3B
FFFFFFEF
FFFFFE7A
FFFFFF57
FFFFFE10
00000085
FFFFFE97
FFFFFE1A
FFFFFFDE
FFFFFDD2
FFFFFDAC
FFFFFF26
00000086
00000087
0000004C
00000192
FFFFFEAF
FFFFFE7D
FFFFFFAA
00000034
00000107
FFFFFEAE
FFFFFEEA
000000F9
000000A4
FFFFFFD4
FFFFFE1E
0000002D
00000069
000001C1
00000005
00000069
00000178
FFFFFED6
0000007F
FFFFFF5A
00000042
0000013F
FFFFFDE8
FFFFFE3B
FFFFFF09
000002F7
FFFFFEA3
0000010F
FFFFFE70
FFFFFFF8
0000026E
00000034
00000162
FFFFFED7
00000326
00000093
00000076
00000069
00000150
00000115
000000F9
FFFFFFE0
FFFFFFE1
FFFFFEDD
000000A8
0000006F
FFFFFFB1
FFFFFF19
FFFFFFE9
FFFFFF60
FFFFFEF9
000000B5
FFFFFF83
FFFFFF5B
FFFFFFD6
FFFFFE69
FFFFFEAD
00000099
FFFFFF25
FFFFFF98
0000004D
FFFFFFF5
FFFFFF11
FFFFFFF4
00000037
000000DF
FFFFFF8C
00000017
FFFFFDCE
000000E0
FFFFFE1E
0000001C
00000051
FFFFFFE3
FFFFFF32
FFFFFDAA
FFFFFF8A
FFFFFD35
FFFFFFA2
FFFFFDE1
00000106
FFFFFF9B
000000FA
FFFFFFAF
000000A4
FFFFFF6A
000000B7
00000017
00000177
000000A2
0000000E
FFFFFDE0
000000AD
000001EE
00000204
000000D8
0000009D
00000161
000000B8
000000A5
FFFFFFD2
00000069
0000003C
00000092
000000A6
FFFFFF75
00000120
FFFFFE49
00000038
FFFFFF1C
FFFFFECF
FFFFFFE9
000000D8
FFFFFFF8
0000005E
FFFFFFB8
FFFFFFCF
FFFFFFC1
0000039B
0000004D
FFFFFFDB
000000E4
FFFFFF5C
FFFFFE87
FFFFFF73
FFFFFFA0
0000011F
00000038
00000030
FFFFFFF3
0000011C
000001B7
00000155
FFFFFF1D
FFFFFCFC
FFFFFF66
FFFFFFE0
00000226
000001C7
FFFFFFF8
FFFFFF95
FFFFFEF3
00000028
000000D6
00000000
FFFFFEC1
FFFFFF43
FFFFFF3D
0000012A
FFFFFFD8
0000018B
00000043
00000147
FFFFFF6B
FFFFFFD0
FFFFFFD1
FFFFFF8E
0000000A
0000002E
00000100
00000031
00000115
FFFFFFFA
00000191
00000014
FFFFFFBF
FFFFFFB9
00000083
FFFFFE4A
FFFFFF1A
0000002B
0000003F
FFFFFF11
FFFFFFE2
FFFFFFAE
000000F1
FFFFFF3E
FFFFFF2B
FFFFFEEE
000000BB
FFFFFF8D
FFFFFF44
0000009C
FFFFFE51
FFFFFE3F
FFFFFEC6
00000000
FFFFFE28
FFFFFFB0
0000006B
FFFFFE7E
FFFFFE0B
00000005
00000157
0000019A
FFFFFF9B
FFFFFFD4
00000039
000000D1
00000012
00000029
000000D6
00000074
FFFFFFF0
0000015B
FFFFFF73
FFFFFF09
FFFFFEA4
FFFFFFF4
FFFFFF48
0000017F
FFFFFF6D
0000008D
00000068
FFFFFF5C
00000000
0000018E
FFFFFFFA
FFFFFED8
000000CA
FFFFFF56
000001A6
0000021E
000001BC
000001A7
FFFFFF2C
FFFFFF2B
FFFFFF3D
FFFFFFE4
0000003D
000000F6
FFFFFF9A
FFFFFF6E
0000007A
FFFFFEBC
FFFFFE36
000000E7
0000002C
FFFFFFEA
FFFFFFB4
0000003E
000001E0
FFFFFF0C
0000013F
FFFFFF38
FFFFFF9D
FFFFFF9A
00000165
00000020
000000E5
FFFFFE63
FFFFFFB9
FFFFFFDA
00000118
FFFFFEE3
FFFFFFD0
FFFFFE66
000000F3
00000132
00000105
00000059
00000071
FFFFFFB0
000000B7
FFFFFFC1
FFFFFEB9
000000A1
FFFFFF35
000002D3
00000010
000001F2
FFFFFF65
FFFFFFCF
00000102
00000092
FFFFFFA3
000001BC
0000005E
0000001F
FFFFFF50
00000187
FFFFFE5C
FFFFFFE3
00000237
FFFFFF53
000001BA
FFFFFFBE
0000005F
FFFFFEFA
000001FD
FFFFFF16
0000012C
FFFFFEF9
FFFFFF33
00000060
000000F6
FFFFFE7B
00000099
0000009E
0000001E
FFFFFF0A
FFFFFD81
FFFFFFDE
FFFFFFAB
00000222
0000006B
0000005E
FFFFFF97
00000000
00000013
000000ED
FFFFFF64
000000C9
FFFFFFF7
FFFFFF66
FFFFFF72
FFFFFF13
FFFFFFF4
FFFFFF12
FFFFFED2
00000175
FFFFFEDA
00000114
000001CD
000001C3
FFFFFFAA
00000078
00000064
FFFFFEE9
000000CD
FFFFFF86
FFFFFFC4
000001BB
FFFFFEC0
FFFFFEAB
0000006D
FFFFFF7D
00000103
FFFFFE55
FFFFFF74
FFFFFFBB
FFFFFF9C
FFFFFE83
FFFFFFF2
FFFFFFE0
00000052
FFFFFFC9
00000030
FFFFFFA5
FFFFFE2A
00000087
FFFFFE3C
000001AB
FFFFFF0F
0000008C
FFFFFEC6
FFFFFEBA
FFFFFEAA
FFFFFDF5
00000033
FFFFFF8A
00000120
FFFFFEE6
0000008A
00000039
FFFFFF3C
FFFFFFF8
0000021B
000000B7
0000027D
0000012A
FFFFFFE0
000000B7
0000005A
FFFFFF20
FFFFFFA8
00000157
FFFFFEF3
00000065
FFFFFF02
FFFFFF2B
FFFFFEFD
0000003E
FFFFFEEA
FFFFFFF0
FFFFFE9E
00000151
FFFFFECC
0000015C
00000054
FFFFFF93
FFFFFD86
FFFFFFE3
FFFFFF73
000000A7
FFFFFE1B
00000074
FFFFFEAE
00000181
FFFFFFCA
FFFFFF6B
000000E9
0000023A
0000009C
00000101
0000025B
0000004C
FFFFFF90
00000145
0000021B
00000102
FFFFFFC5
FFFFFF20
FFFFFF9C
FFFFFFFD
FFFFFFBE
000000C2
FFFFFFD3
FFFFFED1
0000014E
000000B3
000001D8
FFFFFDE2
00000081
FFFFFEF8
000001EE
FFFFFF4B
FFFFFF64
FFFFFE2D
0000008B
FFFFFF8A
00000076
00000100
FFFFFEAB
FFFFFE25
0000011D
FFFFFFA5
00000104
00000155
FFFFFE46
000000CF
FFFFFF6A
FFFFFEED
000000E5
FFFFFF3A
00000168
FFFFFFBB
FFFFFE99
000000A8
000001A2
000001E1
FFFFFF2E
FFFFFEA5
FFFFFFB0
FFFFFE92
FFFFFE7D
0000010F
FFFFFFCB
00000020
FFFFFEDB
FFFFFF62
FFFFFE5A
FFFFFF98
0000006A
FFFFFE77
0000017F
00000009
FFFFFE75
000002BE
FFFFFEB5
FFFFFFFD
FFFFFDDC
FFFFFFCA
FFFFFDF4
FFFFFFF9
FFFFFFDC
00000216
00000010
FFFFFF5A
0000011E
FFFFFF90
FFFFFFD3
FFFFFE98
FFFFFFCE
FFFFFEB6
FFFFFD9A
FFFFFDF1
FFFFFE40
FFFFFFB2
000001F4
000001F4
FFFFFD7F
0000015D
000001EE
FFFFFF2C
FFFFFEA1
0000019F
FFFFFE50
FFFFFDF9
FFFFFF54
FFFFFE28
0000015A
FFFFFEAA
FFFFFEED
FFFFFF98
FFFFFED5
00000171
FFFFFFD1
000000DF
0000000F
000000F6
0000028F
FFFFFF32
0000006A
0000011E
00000164
00000080
FFFFFD7E
FFFFFF45
0000016C
FFFFFF77
FFFFFF0E
00000096
00000119
FFFFFDEB
FFFFFF74
00000112
FFFFFE0D
00000154
FFFFFED0
00000009
FFFFFC9E
FFFFFE27
00000094
FFFFFE26
FFFFFF3F
FFFFFE47
0000009F
FFFFFED4
000000E0
0000004E
FFFFFFEF
0000002A
FFFFFED5
FFFFFF7F
FFFFFEB2
00000176
000000A5
0000004E
00000165
00000047
FFFFFEFA
FFFFFF27
000000AA
FFFFFF87
FFFFFFD1
000000FA
FFFFFF65
000000E1
FFFFFFA0
FFFFFFD0
FFFFFF7F
FFFFFE80
00000044
00000116
FFFFFED1
00000107
000000B6
000000A3
FFFFFEAE
FFFFFEC2
0000008F
FFFFFEEB
000000E1
00000175
000000BC
00000063
FFFFFFB4
FFFFFFB0
000002CD
00000315
0000033F
0000008E
00000141
00000148
0000000E
00000007
00000073
000000DC
FFFFFE40
00000007
FFFFFFD0
0000025E
00000100
0000007F
00000146
FFFFFF69
FFFFFFFE
FFFFFDCB
FFFFFE40
FFFFFEC2
0000017C
FFFFFE87
00000158
FFFFFECF
0000018F
00000255
FFFFFF5E
000001D3
FFFFFF0D
000002F6
00000014
000000DC
000001A5
00000017
FFFFFF40
00000169
FFFFFEA1
00000203
00000092
00000255
FFFFFE1B
00000132
FFFFFF96
00000165
0000029D
00000000
000000B8
0000027E
0000025C
0000024C
FFFFFE47
00000088
0000017A
0000019B
000001FB
FFFFFEFE
FFFFFF8E
00000029
00000072
000000A0
FFFFFFFD
FFFFFEA6
FFFFFF59
FFFFFFAB
0000002D
FFFFFED7
00000004
FFFFFEA1
FFFFFD7E
FFFFFE2F
000001AF
FFFFFFBA
000000D2
0000030B
000001E2
0000005C
FFFFFF8B
0000027E
000000A7
FFFFFD4E
000000CE
00000232
0000002D
00000011
FFFFFFF8
00000022
FFFFFF6D
FFFFFEFF
00000028
00000134
00000002
000001E9
FFFFFFA0
FFFFFEA4
00000073
FFFFFFB2
00000156
000000F8
00000074
000001B6
FFFFFE24
FFFFFF40
FFFFFE49
00000203
FFFFFF92
FFFFFF41
00000094
00000300
00000267
0000019E
0000016A
00000076
FFFFFF2C
00000108
FFFFFE3B
FFFFFE54
FFFFFFD2
FFFFFE19
FFFFFFD1
FFFFFFF2
FFFFFFFA
000000E2
FFFFFFFE
FFFFFDFD
FFFFFF48
00000067
FFFFFF25
FFFFFE12
FFFFFFA9
000001CB
FFFFFEA7
00000228
0000025E
0000026C
FFFFFE6D
000001F9
FFFFFED9
00000188
FFFFFF02
FFFFFFCE
00000236
FFFFFEB2
FFFFFF32
00000093
000001D4
FFFFFFEA
FFFFFFA8
00000058
FFFFFEF4
00000048
000000DE
000000A7
00000050
000000BA
FFFFFF16
0000008D
000002A5
0000021C
00000266
00000112
00000096
0000001A
FFFFFD5D
FFFFFD5B
FFFFFDFC
FFFFFEA8
FFFFFF23
FFFFFEB0
0000003F
0000023B
FFFFFF26
000000F8
000000AB
FFFFFEA9
0000023C
FFFFFD96
000000C4
FFFFFE43
FFFFFE3B
FFFFFEE6
FFFFFDCE
FFFFFED1
FFFFFE7D
FFFFFDBC
000000F5
FFFFFEB1
FFFFFFF1
00000382
FFFFFF93
00000128
00000028
00000139
000001F0
00000109
00000087
FFFFFFCC
000001D8
0000007B
FFFFFFFA
00000304
000000DE
FFFFFF94
0000002D
FFFFFFFD
FFFFFED9
FFFFFEDF
00000012
0000000A
FFFFFF40
FFFFFE45
0000007B
00000087
FFFFFFE6
FFFFFF0A
0000012F
FFFFFF8F
0000024B
FFFFFF32
0000007D
000000AB
0000001E
00000006
0000005A
000000CE
000000C1
00000067
0000017A
00000339
FFFFFDF4
00000242
0000023C
FFFFFF65
00000352
0000002B
0000016E
0000027C
00000291
FFFFFF1B
00000073
FFFFFFF1
000003D3
0000027B
0000024A
0000001A
000000B6
FFFFFFFA
FFFFFDAD
FFFFFDA3
00000009
FFFFFE77
FFFFFDB0
FFFFFD28
00000065
FFFFFF5B
00000148
FFFFFE3D
FFFFFDE0
FFFFFF3D
000000BB
FFFFFFB9
FFFFFEEF
00000251
0000000D
000001EB
000000E0
000001D7
0000003C
0000021A
FFFFFF09
0000001B
FFFFFEE6
FFFFFFF1
FFFFFEE1
000000DA
FFFFFE7F
FFFFFE07
FFFFFDA2
FFFFFFB4
00000044
000002D3
FFFFFEB6
00000031
00000118
00000022
000001C0
000000AE
FFFFFF7C
FFFFFF5C
FFFFFDAC
FFFFFDBC
00000057
FFFFFDB1
FFFFFFD7
00000030
FFFFFDDA
FFFFFFAC
FFFFFD7A
000001AA
000000CA
FFFFFFAE
FFFFFF5B
FFFFFF17
FFFFFEFF
000000EC
00000209
FFFFFFC2
0000009E
0000017A
FFFFFE37
00000248
0000005A
00000129
0000013D
FFFFFF46
FFFFFFE4
FFFFFE88
00000111
FFFFFFD5
000000DD
FFFFFFDD
FFFFFF13
00000082
FFFFFF7D
FFFFFF37
0000018B
000001F3
000001ED
00000210
FFFFFF15
000002AF
00000026
FFFFFFC4
FFFFFFAF
FFFFFEC0
FFFFFFC9
00000050
00000073
FFFFFFF7
FFFFFF21
000001A3
00000074
FFFFFF8C
FFFFFFEC
00000153
00000088
FFFFFF34
FFFFFF70
000000F5
000000AB
FFFFFE05
FFFFFE22
FFFFFF4F
00000042
FFFFFE98
00000116
FFFFFDCF
FFFFFDCA
FFFFFEDE
FFFFFFFB
FFFFFEF2
FFFFFF41
FFFFFDC7
00000196
00000005
00000275
FFFFFF63
FFFFFFCF
000001A2
FFFFFF15
000000C9
FFFFFFB4
0000027E
00000286
00000042
FFFFFF43
FFFFFF1E
FFFFFF8F
000001CC
000001F1
000000E2
FFFFFF9A
FFFFFFC7
000000C8
00000168
FFFFFD81
FFFFFE02
FFFFFFD7
00000064
0000009A
FFFFFEA0
FFFFFF15
FFFFFF93
FFFFFE58
000000D5
00000035
FFFFFFDB
FFFFFF82
FFFFFFDC
FFFFFF24
FFFFFF25
FFFFFFCF
FFFFFF02
FFFFFF8E
00000255
00000170
FFFFFEEF
000001A8
FFFFFFA2
00000147
FFFFFF5C
000000B8
00000142
FFFFFCDC
FFFFFE94
FFFFFE91
00000070
000000C4
FFFFFDEB
00000098
FFFFFFA0
FFFFFEFC
FFFFFF4A
FFFFFF3D
0000009C
FFFFFDC6
000000BB
FFFFFE14
0000012F
FFFFFE4C
FFFFFFD3
00000118
0000012C
FFFFFE25
FFFFFED6
0000005C
000000A5
00000040
00000093
FFFFFE02
000000E8
FFFFFF20
FFFFFEC7
000000CF
FFFFFF0F
FFFFFF52
FFFFFDC3
FFFFFEAE
00000160
FFFFFE2D
FFFFFDD7
FFFFFED9
FFFFFD1C
FFFFFD93
FFFFFD1E
FFFFFFF1
FFFFFEDA
FFFFFED8
0000010D
00000170
00000251
FFFFFF3C
FFFFFE45
FFFFFF32
FFFFFFD4
00000114
FFFFFE8F
FFFFFC80
FFFFFDE1
FFFFFC21
FFFFFEE7
FFFFFD1A
FFFFFDBD
FFFFFDC8
FFFFFDBB
FFFFFC2D
00000129
FFFFFF43
FFFFFFBF
000000C8
FFFFFF1A
FFFFFEFC
000001AE
FFFFFE6B
FFFFFEB5
00000155
00000058
FFFFFF5E
FFFFFEC2
000002E0
000000E2
FFFFFE96
00000185
FFFFFE2A
00000020
FFFFFDE0
000001B7
00000182
FFFFFF87
0000011B
0000000D
FFFFFEFB
FFFFFF5E
000000E4
FFFFFFD3
FFFFFDEF
FFFFFE4D
00000043
FFFFFF11
000000B7
FFFFFE3D
FFFFFF47
0000006B
FFFFFFE0
FFFFFEDC
000000FB
FFFFFFF4
00000253
000001DA
FFFFFFB6
0000006F
FFFFFF37
00000094
FFFFFE89
FFFFFF9B
FFFFFEF4
FFFFFE26
00000028
000001D2
00000091
00000253
00000158
0000013F
00000167
00000278
FFFFFF69
FFFFFF02
00000202
0000012A
FFFFFEEC
FFFFFF5F
FFFFFF5A
FFFFFE51
FFFFFE36
FFFFFD8A
FFFFFE0A
FFFFFF62
000000C4
00000213
FFFFFF09
FFFFFF6C
00000027
000001DE
000000F0
FFFFFFFC
00000289
FFFFFF70
FFFFFF56
FFFFFE8B
00000284
FFFFFE6F
0000007D
00000062
FFFFFFAD
FFFFFEB8
000000ED
00000053
00000262
00000241
000000DD
00000051
00000229
000000BF
FFFFFF76
FFFFFE69
FFFFFEC3
000000D5
FFFFFEEE
FFFFFE6E
00000180
FFFFFF6C
FFFFFCF9
FFFFFF21
FFFFFCA6
FFFFFE53
00000031
00000171
000001FD
000001AE
0000027D
0000005B
FFFFFEA0
00000129
FFFFFD61
FFFFFD4B
FFFFFD21
FFFFFD91
00000048
FFFFFFA7
FFFFFE38
FFFFFE16
FFFFFE87
00000296
FFFFFF77
FFFFFECA
000001BC
00000153
FFFFFFF3
FFFFFF78
00000048
FFFFFDBA
FFFFFFD7
0000007F
FFFFFE91
00000264
000001D8
000000B1
FFFFFFD3
00000152
FFFFFEEA
FFFFFDFE
FFFFFFA0
FFFFFDF7
00000121
000001C4
FFFFFE45
FFFFFE64
FFFFFEBB
00000070
000000BD
00000092
0000009B
00000148
FFFFFF41
00000122
FFFFFF69
00000217
0000014E
00000251
00000157
000001B8
FFFFFFA6
FFFFFEC1
000000DC
000001C4
000001A8
FFFFFEFF
0000023C
000001F0
00000290
000003AC
FFFFFF37
000002DF
000000CF
00000114
FFFFFFB0
000001AE
000001E7
FFFFFE6D
000001DF
000000C1
000001B3
0000019C
FFFFFEE5
000000C3
FFFFFFE7
FFFFFF40
00000127
000000A7
FFFFFEE2
0000013C
FFFFFFD1
FFFFFF64
000000AC
FFFFFDA0
00000124
FFFFFED8
FFFFFD7A
FFFFFE47
00000076
00000019
FFFFFF49
FFFFFDAF
FFFFFEBF
00000199
FFFFFF83
0000017C
000002A3
000000D2
000001D5
FFFFFEE2
0000009D
FFFFFFF0
FFFFFF98
00000075
FFFFFFFC
FFFFFE50
00000168
FFFFFE50
FFFFFFBA
FFFFFE5E
000000FE
000000AE
FFFFFFFD
FFFFFF4A
0000026B
00000211
FFFFFEB9
000000A5
0000004D
FFFFFF76
000001A3
00000091
000001EE
0000002F
000001A7
FFFFFED8
00000173
FFFFFF7A
FFFFFF0F
FFFFFE19
FFFFFE78
FFFFFE83
FFFFFEB7
00000060
FFFFFE72
00000105
00000098
00000099
00000256
FFFFFEEF
00000035
000001D7
0000014B
0000005D
000001C6
FFFFFEC1
FFFFFE74
FFFFFBB6
FFFFFC1B
FFFFFE7A
FFFFFE26
FFFFFBF4
FFFFFB9B
FFFFFEA4
FFFFFF19
00000147
FFFFFD67
00000114
000000BE
FFFFFD22
FFFFFF07
000000A0
FFFFFF09
FFFFFE22
FFFFFF9E
FFFFFE5D
FFFFFF29
000001A3
0000013C
FFFFFFEC
FFFFFFF6
FFFFFFD5
FFFFFE3E
0000005B
000000FB
FFFFFDBF
FFFFFF27
FFFFFF8F
FFFFFF40
FFFFFFF3
FFFFFECC
FFFFFDAD
FFFFFF68
FFFFFFE1
00000086
00000146
0000017D
FFFFFE85
00000097
FFFFFED5
FFFFFEBD
0000002B
FFFFFE73
FFFFFEB6
FFFFFD28
0000017B
0000005D
FFFFFE6B
FFFFFF11
FFFFFE95
FFFFFE3E
00000057
FFFFFEFD
FFFFFCED
FFFFFFDA
FFFFFCBC
00000068
00000010
FFFFFDB6
00000116
FFFFFEB7
000000A9
FFFFFF50
000002FF
00000037
000001FE
00000113
FFFFFE5A
0000023F
FFFFFFCD
00000273
0000023E
0000004D
000000C3
000000A4
0000005D
000000E5
0000003F
000002D8
00000163
FFFFFF77
FFFFFF5B
FFFFFE51
00000018
000001A3
0000006B
000000F0
FFFFFE3C
FFFFFDA0
FFFFFF90
FFFFFFEC
FFFFFF2A
00000013
00000000
000000AB
FFFFFF79
00000119
00000189
FFFFFE90
000000BC
FFFFFEE5
FFFFFE90
FFFFFEE1
FFFFFFC6
000000B9
00000088
FFFFFFD9
FFFFFEA8
FFFFFCDB
FFFFFCF3
00000067
00000067
000000D5
00000110
00000108
000001D9
000001EB
000002B6
000001DE
000001D5
000001FC
000000F4
00000012
FFFFFFA8
FFFFFFDF
00000090
000001D0
FFFFFE5D
00000112
00000028
00000032
000001DC
000002CC
00000252
000001BB
0000009C
0000022E
FFFFFF9A
0000012C
FFFFFFCB
FFFFFECB
00000146
FFFFFF22
000002A7
00000160
00000233
00000226
FFFFFF95
00000147
00000028
000001C7
FFFFFDF2
FFFFFDCB
00000091
0000008A
00000191
0000008F
FFFFFD99
FFFFFF76
00000042
FFFFFE66
FFFFFE2A
00000134
00000039
FFFFFFA8
FFFFFEF1
00000128
FFFFFFE0
00000247
FFFFFFE3
FFFFFF71
0000019F
00000130
FFFFFF19
00000034
0000023E
FFFFFE2F
000001C9
FFFFFEE2
00000204
00000050
00000050
FFFFFF7D
000002A6
FFFFFF4D
0000015E
FFFFFDCB
FFFFFDBF
FFFFFF51
FFFFFDD0
FFFFFDCB
FFFFFF5A
FFFFFD54
FFFFFEE1
000000A1
0000023B
00000090
0000026F
0000037C
00000365
FFFFFF84
000000D9
000000D4
FFFFFEED
FFFFFDEE
FFFFFF06
FFFFFE82
00000184
000001B6
FFFFFFB5
0000007B
000000DB
FFFFFED1
FFFFFE57
FFFFFF18
FFFFFE5C
FFFFFF0D
FFFFFE56
0000004A
0000002B
FFFFFE14
FFFFFF51
FFFFFF82
FFFFFEB7
FFFFFDD1
FFFFFEA6
00000191
FFFFFEF8
FFFFFEC8
FFFFFFD3
FFFFFF37
FFFFFDAF
0000011C
FFFFFEA1
0000008C
000000A0
00000111
FFFFFD98
FFFFFF4A
00000177
FFFFFE99
FFFFFE82
00000125
00000183
000000E5
00000254
000000D0
0000019C
00000029
FFFFFFA9
00000136
0000020C
00000079
00000114
0000001E
FFFFFD7A
FFFFFFE5
FFFFFD42
FFFFFEA5
FFFFFC28
FFFFFDAC
FFFFFD33
FFFFFE70
FFFFFE7A
FFFFFC87
FFFFFC88
000001B2
FFFFFE73
0000004A
000001F7
FFFFFF0D
000000A8
000001D4
FFFFFFFC
FFFFFD7C
FFFFFFB3
FFFFFD66
00000062
00000072
FFFFFC24
00000169
FFFFFFE6
FFFFFCDF
FFFFFF9E
FFFFFDD2
00000062
FFFFFFCC
0000000F
FFFFFEED
FFFFFFF0
FFFFFE1D
FFFFFF06
FFFFFF3A
FFFFFF01
00000135
00000031
FFFFFE1A
0000009E
FFFFFE79
0000025A
00000013
FFFFFF70
FFFFFE54
FFFFFE66
FFFFFDF3
000000F3
FFFFFE52
00000037
FFFFFF12
00000172
0000013C
FFFFFE9F
FFFFFDBF
FFFFFECB
FFFFFF6F
0000003F
FFFFFDEB
FFFFFE88
FFFFFE95
FFFFFFB2
FFFFFDF5
000000F6
00000056
000000B6
FFFFFEB8
FFFFFF2C
FFFFFE88
FFFFFDD7
FFFFFF35
000001FF
FFFFFC7F
FFFFFF79
0000013E
FFFFFD15
FFFFFD5B
000001E3
FFFFFF0B
000002EF
FFFFFE2C
FFFFFF74
0000020C
FFFFFD75
FFFFFCDA
FFFFFE90
00000054
FFFFFEA4
000000CA
000001BB
00000122
00000137
00000141
FFFFFF82
000000B3
000000A1
FFFFFF8A
FFFFFF93
FFFFFE3B
FFFFFFDE
FFFFFFE9
000000BE
000000FF
00000058
00000014
FFFFFF11
FFFFFDCC
FFFFFEB1
FFFFFF6C
FFFFFF71
FFFFFF0F
FFFFFC6B
FFFFFDB1
FFFFFE61
FFFFFE73
FFFFFE22
00000003
000000C1
FFFFFE65
000000B9
FFFFFE5E
0000015C
00000256
FFFFFE96
FFFFFFE4
00000003
FFFFFEA9
FFFFFFF4
000000FD
FFFFFF75
00000140
FFFFFF95
00000169
FFFFFF22
FFFFFCEA
FFFFFDCA
FFFFFD46
00000161
FFFFFDDD
FFFFFF7A
FFFFFF87
000000F5
00000168
FFFFFE5F
00000219
00000338
FFFFFF31
FFFFFF1D
00000115
00000148
FFFFFCEA
FFFFFE2D
FFFFFDBD
FFFFFDD8
00000238
0000010E
00000084
00000124
000000E1
FFFFFEAE
000000F4
000000AC
00000039
FFFFFDFD
FFFFFDA7
000001B7
FFFFFE0B
FFFFFD5D
FFFFFF08
FFFFFF78
000000C1
FFFFFE19
000001F9
FFFFFE7E
0000012E
FFFFFF55
FFFFFDC3
FFFFFD1F
00000133
FFFFFF82
000001D2
00000144
00000000
00000000
00000133
000001E8
0000021B
000002EB
FFFFFE0B
00000096
000000DA
FFFFFF5B
FFFFFED6
FFFFFD63
0000005A
FFFFFF95
FFFFFF62
FFFFFFA1
FFFFFFE8
FFFFFDD1
00000176
FFFFFF67
000001DB
FFFFFE27
00000191
00000154
00000035
FFFFFFF7
FFFFFDFC
FFFFFF73
FFFFFE56
FFFFFDD9
00000054
00000147
00000114
00000142
FFFFFECB
FFFFFD89
00000244
0000037D
000001FC
0000002B
000000C8
FFFFFC98
FFFFFFE4
FFFFFE50
FFFFFED6
000001AA
FFFFFFBE
FFFFFEC8
FFFFFFA7
FFFFFFD4
FFFFFF83
0000016B
0000032A
00000278
FFFFFD6F
00000204
FFFFFE72
FFFFFE67
0000006F
000001CD
FFFFFFF2
FFFFFF33
00000014
FFFFFF76
FFFFFFC6
FFFFFFB6
FFFFFEF4
00000129
000000AE
000000F5
0000011D
00000193
000000DC
00000121
000001A8
00000061
FFFFFFBC
FFFFFFC4
00000132
FFFFFE6F
FFFFFD59
FFFFFEB9
FFFFFF5B
000000A8
FFFFFD8A
FFFFFF8B
00000011
FFFFFE11
00000010
000000C5
000000A0
FFFFFF9B
FFFFFFE4
0000006D
00000105
0000001E
00000052
0000026E
000001FF
FFFFFCC2
00000074
FFFFFE0F
0000013B
FFFFFFE3
00000059
00000302
FFFFFF81
FFFFFF3A
FFFFFF7D
FFFFFE89
FFFFFF1B
FFFFFFC5
0000003E
00000165
0000001F
FFFFFD92
000000F5
00000071
00000235
00000028
000000AF
FFFFFE6D
00000169
FFFFFFE6
00000268
0000003D
000000FA
FFFFFF83
FFFFFEC4
0000012F
00000102
FFFFFFD2
000001BD
00000133
FFFFFF03
00000117
FFFFFE70
FFFFFFC7
00000216
FFFFFFFB
FFFFFE7C
000003A2
0000014B
000001D9
000000FA
00000404
FFFFFF27
000000AE
FFFFFF86
FFFFFE58
FFFFFE28
FFFFFF2A
FFFFFF3D
FFFFFF74
FFFFFF72
FFFFFF60
FFFFFF28
FFFFFE33
0000016B
0000003C
FFFFFE7D
000001EA
000002D6
000002D7
00000211
000001D6
FFFFFF31
000000F8
000000D1
FFFFFF25
00000081
FFFFFF78
00000123
0000006D
00000187
0000005E
FFFFFE74
FFFFFEF4
00000144
FFFFFF65
0000003F
FFFFFFD2
FFFFFF9E
00000229
FFFFFE25
000001CD
00000179
FFFFFF01
FFFFFC52
00000080
0000010F
00000138
00000016
000000A3
FFFFFD87
FFFFFF54
000000E9
FFFFFEB9
FFFFFF7E
FFFFFED9
FFFFFD6F
FFFFFEDE
000000BA
FFFFFEFE
FFFFFDB2
FFFFFDA9
000001AA
FFFFFFF1
FFFFFD02
FFFFFF95
FFFFFDE0
FFFFFFC8
0000001D
00000075
000000B8
FFFFFCCE
00000060
00000252
000000BA
00000021
FFFFFDD0
FFFFFF48
FFFFFFBB
FFFFFF5C
FFFFFF59
00000031
FFFFFCDE
FFFFFEC3
FFFFFF1B
FFFFFDF6
0000016D
FFFFFF68
000001BE
000000F5
00000225
00000013
000001CE
FFFFFF3E
00000085
00000016
000001AD
00000043
FFFFFDA4
00000250
00000030
00000225
FFFFFDC0
FFFFFE33
FFFFFEA4
0000004C
00000169
FFFFFDCA
FFFFFE46
0000035B
FFFFFF51
0000001D
0000018A
0000006D
FFFFFE64
000001C0
00000179
000000D5
FFFFFEDC
FFFFFEE0
FFFFFE68
0000020F
FFFFFF21
FFFFFF11
FFFFFE5B
FFFFFFFC
FFFFFE07
FFFFFFCC
FFFFFF57
000000F1
FFFFFF67
000001D9
000000F9
FFFFFEF0
FFFFFDDB
00000013
00000221
FFFFFF42
FFFFFF25
00000014
FFFFFFA7
0000001E
000001C6
000000F2
00000049
0000005B
FFFFFE16
00000016
FFFFFE56
00000160
00000113
FFFFFFC3
FFFFFD40
0000008F
00000293
000000CC
FFFFFEC8
FFFFFF50
0000012A
FFFFFD96
FFFFFDC1
0000001B
FFFFFFDF
FFFFFF62
FFFFFFEB
00000100
FFFFFFEC
FFFFFD66
000002AF
000001A4
FFFFFCF1
FFFFFFFD
0000025F
0000015C
00000154
FFFFFF43
000000F0
0000004F
FFFFFD99
00000029
00000226
FFFFFEAF
000000FB
FFFFFE20
FFFFFEDE
FFFFFE6D
000001BE
0000008C
000000FE
FFFFFE00
FFFFFD16
00000105
000001EE
FFFFFFD2
0000007D
00000055
FFFFFF7E
FFFFFEB1
FFFFFF3C
00000256
000001A1
FFFFFEB4
FFFFFDD8
0000016F
0000019C
00000317
FFFFFFD2
00000029
00000228
00000165
FFFFFF37
0000018B
FFFFFF3D
FFFFFD14
FFFFFDEA
00000187
00000070
FFFFFCDE
FFFFFF82
00000041
FFFFFD69
00000130
FFFFFEFC
FFFFFDD7
FFFFFDB7
00000188
000000BB
0000019B
000000FD
FFFFFCB4
000000B4
FFFFFFEC
FFFFFE8C
FFFFFE24
00000199
FFFFFF53
FFFFFF7D
00000143
00000153
FFFFFE4E
000000AD
00000378
000001AD
FFFFFF0F
FFFFFE38
FFFFFEC6
000002C8
000000D5
0000020A
FFFFFE08
FFFFFD45
FFFFFFB2
00000223
FFFFFE56
00000076
000000D4
FFFFFF9F
FFFFFD0F
0000006E
00000086
FFFFFE83
000001B6
0000017F
FFFFFE32
FFFFFF7F
FFFFFFF1
0000007A
000000D8
000000AD
000000B4
00000306
FFFFFF77
00000266
000002A0
FFFFFEC5
00000073
FFFFFD48
FFFFFD8D
FFFFFFF3
0000001B
FFFFFDDE
FFFFFE99
FFFFFF66
00000029
FFFFFDED
000000F2
FFFFFF8A
00000222
FFFFFEC0
FFFFFD66
FFFFFF71
000001B5
00000393
00000297
00000004
FFFFFF47
00000123
FFFFFFF4
FFFFFE36
FFFFFF1A
FFFFFF89
0000017B
000000C1
FFFFFC6E
FFFFFEA4
FFFFFDA1
FFFFFF55
00000069
FFFFFD98
FFFFFF05
FFFFFF7F
FFFFFF6E
FFFFFF62
0000029F
00000283
00000261
00000059
00000094
FFFFFF4E
FFFFFEB9
000002CB
FFFFFF77
00000188
FFFFFDE0
0000029C
FFFFFF6E
FFFFFE8C
000002D3
00000091
000001AD
00000372
000000A6
FFFFFF65
FFFFFF62
0000011C
0000018F
0000006A
FFFFFF22
FFFFFE7E
FFFFFE41
000000B6
FFFFFDB1
00000147
00000010
0000014D
FFFFFDEA
000000E9
FFFFFE9E
FFFFFFD6
FFFFFF01
FFFFFE5F
000001A6
00000358
FFFFFF7A
000000ED
000001CB
00000265
000001DB
0000011D
FFFFFF85
0000006E
FFFFFCAC
000001C1
000000EA
FFFFFCD1
FFFFFCFE
FFFFFEAF
FFFFFE24
FFFFFDB5
FFFFFD4F
FFFFFD24
FFFFFFB2
FFFFFEAA
FFFFFE67
FFFFFE72
000001B1
FFFFFF52
FFFFFD9B
FFFFFD5D
FFFFFF44
00000155
FFFFFE3C
FFFFFEEB
FFFFFE77
FFFFFE76
FFFFFBDC
FFFFFD4F
0000014A
FFFFFDED
FFFFFFB9
FFFFFE03
FFFFFD1E
FFFFFFCF
00000027
000000B1
00000263
000000FD
FFFFFE5E
FFFFFFB8
000001AF
FFFFFFD7
FFFFFDB1
0000006D
0000025E
FFFFFFFE
FFFFFF45
00000111
000001C5
00000111
000002A0
00000172
FFFFFF85
FFFFFF2C
FFFFFF5B
FFFFFEFD
00000135
FFFFFE8C
FFFFFFE6
00000165
FFFFFFEF
FFFFFD3D
FFFFFE22
00000190
FFFFFCEB
0000012E
FFFFFF4B
0000016C
FFFFFDD1
FFFFFE01
FFFFFFF3
00000034
00000050
FFFFFE1A
FFFFFF60
FFFFFE42
FFFFFEDA
FFFFFFFF
000001CE
000000F9
00000309
0000001E
000000EF
00000310
00000149
00000176
FFFFFEA0
FFFFFEFC
0000022A
00000217
000001A0
000000B2
000003CF
000000A9
FFFFFDD0
FFFFFDD8
FFFFFFE3
00000181
FFFFFED0
0000004D
FFFFFF76
FFFFFD3E
0000005C
0000004C
FFFFFBF0
FFFFFD43
FFFFFD64
FFFFFD5B
FFFFFD80
000001D6
000001B9
FFFFFEFF
FFFFFE45
FFFFFFB7
FFFFFE73
000000B1
00000106
FFFFFEFB
00000023
000000CA
FFFFFF50
0000014B
000000AF
FFFFFE97
0000002D
000001CD
00000048
FFFFFE39
FFFFFE5E
FFFFFF03
FFFFFDDA
0000014D
00000226
0000003A
000001F3
FFFFFF1B
FFFFFDCD
000000A2
000001E5
FFFFFDCD
FFFFFF04
FFFFFFF3
000000AE
FFFFFEB9
FFFFFDD7
FFFFFFE5
FFFFFF0F
000001C6
00000232
FFFFFFD6
FFFFFEC7
000000B5
0000000E
FFFFFFED
FFFFFDF9
FFFFFDE1
FFFFFF91
00000051
FFFFFEC6
00000009
FFFFFF42
000000A6
00000251
FFFFFFD4
FFFFFF55
000000E7
000001CA
FFFFFEDD
FFFFFE33
FFFFFF08
FFFFFDA0
FFFFFBFB
FFFFFFA9
FFFFFE0B
FFFFFED9
00000002
FFFFFB4F
FFFFFF4B
000000ED
00000003
FFFFFF45
0000016C
00000003
FFFFFEE9
0000008E
0000008A
00000291
000000AB
FFFFFE9E
00000333
00000100
FFFFFCAB
0000017C
0000017A
0000010E
FFFFFF79
00000007
000001B9
FFFFFF39
000001E9
FFFFFF6D
0000003E
FFFFFE1B
FFFFFF67
FFFFFED6
FFFFFF0F
FFFFFE99
00000015
00000180
000000BB
FFFFFE2A
0000023A
FFFFFEC8
FFFFFF7F
FFFFFE86
000000D0
00000028
00000015
00000143
000000E2
FFFFFFAD
00000151
0000000E
FFFFFD33
FFFFFD8E
FFFFFE6C
FFFFFDCC
0000005B
FFFFFDDC
FFFFFE0B
FFFFFD49
FFFFFFB3
FFFFFF2F
0000020B
0000002A
FFFFFF99
FFFFFF0E
FFFFFE5D
FFFFFE12
00000119
FFFFFE13
00000004
FFFFFF17
FFFFFF0C
000000D6
FFFFFF07
0000005C
FFFFFCEC
FFFFFF5D
FFFFFE82
00000057
0000003A
00000140
00000272
FFFFFEBD
000000C5
00000052
FFFFFEE4
00000299
00000168
00000017
00000298
000000EB
00000076
00000269
00000348
00000288
FFFFFFE0
FFFFFF4A
000000EA
00000187
FFFFFF6A
FFFFFDDA
FFFFFFE6
FFFFFFEE
FFFFFEDA
FFFFFE94
FFFFFED5
FFFFFE6B
FFFFFF86
000000CF
00000027
FFFFFFDE
0000009E
00000018
FFFFFEBE
FFFFFF01
FFFFFEE6
000000E4
00000030
0000015C
FFFFFEA6
000000E5
00000016
0000002B
FFFFFDB4
00000178
FFFFFF27
FFFFFD9C
0000009A
00000076
000000A5
FFFFFEBA
FFFFFF9A
FFFFFFB8
FFFFFEB4
00000244
00000073
FFFFFE95
FFFFFEDD
FFFFFE14
FFFFFF8B
000000D0
FFFFFFAB
FFFFFEFD
000000C1
00000012
0000024B
00000161
FFFFFE11
00000072
00000041
00000032
00000217
0000025B
000000B1
0000016B
00000128
00000155
FFFFFF49
00000297
00000050
FFFFFBA3
FFFFFC8A
FFFFFE74
FFFFFCE3
FFFFFE0F
FFFFFF7E
FFFFFC33
FFFFFE7B
00000074
FFFFFFE4
FFFFFF27
FFFFFFEF
00000161
0000029C
00000104
00000241
000000FB
0000018E
000000A6
FFFFFE6E
FFFFFF78
FFFFFF44
FFFFFECA
FFFFFFF6
FFFFFCD7
FFFFFC55
000003D4
0000027D
00000206
000002DD
00000124
00000088
00000040
000000DB
00000327
FFFFFECB
FFFFFCBC
FFFFFBDD
FFFFFDD1
FFFFFFF4
FFFFFD61
FFFFFE82
0000001D
FFFFFCC0
FFFFFDE4
FFFFFFF6
FFFFFE43
FFFFFD8C
FFFFFF54
000001B0
FFFFFF0D
000001D1
FFFFFFF8
FFFFFF67
FFFFFF6F
FFFFFD53
000002C1
00000000
FFFFFECD
FFFFFE1F
FFFFFFAA
000000B4
FFFFFFA0
000001BC
FFFFFFC3
000001A6
000000B0
FFFFFF99
0000016D
000002A5
0000021F
00000288
FFFFFE3A
FFFFFE8F
FFFFFE43
FFFFFCFA
FFFFFEDB
FFFFFCCB
FFFFFD3D
FFFFFE50
000000A4
000000A3
FFFFFFB5
00000155
000001B2
00000049
FFFFFF69
00000036
00000009
FFFFFFF3
000000E5
0000022B
FFFFFE84
00000002
000001D4
FFFFFF32
00000127
0000007A
FFFFFD39
00000168
FFFFFEEE
FFFFFF4D
FFFFFF88
FFFFFEA0
FFFFFE46
FFFFFEF4
FFFFFF21
000001B3
FFFFFF62
00000052
0000025D
FFFFFE28
000000D0
FFFFFF99
000001BD
FFFFFF59
000000A4
FFFFFE9C
FFFFFF96
FFFFFDE4
000002B6
0000021C
FFFFFE79
FFFFFD4D
FFFFFF6F
000001D6
000001DF
00000210
0000025B
000000EA
00000064
0000036C
FFFFFF9A
0000021C
00000022
FFFFFFF4
FFFFFDE2
00000055
000000E7
00000087
FFFFFDAF
FFFFFE51
FFFFFF9F
FFFFFFB8
FFFFFD4E
FFFFFFD3
00000126
FFFFFEC6
00000099
FFFFFFF4
FFFFFEFB
FFFFFEBE
000000AE
00000272
0000018D
FFFFFE62
FFFFFF76
FFFFFF5B
FFFFFFA8
FFFFFE96
00000189
FFFFFE1C
000001A1
00000271
FFFFFD32
00000056
FFFFFE24
FFFFFF94
0000005E
FFFFFE84
00000280
00000325
00000152
FFFFFE92
000000D7
00000068
00000075
FFFFFFEC
FFFFFF0B
FFFFFF8F
00000108
00000159
00000058
FFFFFF84
000000FA
FFFFFEC1
FFFFFE3B
FFFFFE6E
00000090
000000B7
0000004C
FFFFFEC6
00000149
00000212
FFFFFE17
FFFFFD7C
000000E4
000001E3
FFFFFF7A
00000110
0000021D
000002BA
FFFFFEE4
FFFFFFF1
FFFFFF05
00000049
00000102
FFFFFEE8
00000094
FFFFFF15
000000C9
FFFFFFBA
00000101
0000004F
FFFFFF15
FFFFFF82
00000046
FFFFFFBF
00000187
FFFFFF59
000000D8
00000332
00000088
00000296
0000013C
FFFFFE1D
000000B4
00000048
00000200
00000044
FFFFFE23
00000204
FFFFFFB0
FFFFFD2C
00000102
FFFFFFBE
FFFFFF37
FFFFFDE0
FFFFFE90
FFFFFF71
FFFFFECE
000000D9
0000029E
0000013A
FFFFFF5B
0000021D
FFFFFEA1
FFFFFD85
FFFFFEA6
000000F5
0000026D
FFFFFCC3
FFFFFE8E
FFFFFFD0
FFFFFDA9
FFFFFD63
FFFFFF63
00000080
000000D8
FFFFFEA5
000001F5
FFFFFE3A
FFFFFF05
00000053
FFFFFFAB
000001D0
FFFFFF54
00000149
000000E2
00000146
FFFFFF93
00000052
FFFFFE38
FFFFFD7D
FFFFFDC3
000000A5
00000165
00000127
FFFFFFD3
0000002B
000001A4
FFFFFF7B
000000CE
FFFFFFD6
00000070
FFFFFFB9
000002F8
FFFFFE5A
000000CB
000000DC
0000007D
FFFFFEF7
0000018D
0000015E
FFFFFF37
FFFFFF18
000000E8
FFFFFE34
FFFFFFDE
0000009C
0000003E
FFFFFECC
00000056
FFFFFF89
0000019C
00000073
00000100
FFFFFDEC
FFFFFE1E
000000E2
000001AA
0000007B
0000004C
0000015C
00000149
00000010
FFFFFF10
000000BA
0000019B
FFFFFFA7
000001AB
FFFFFE67
00000020
000002BB
FFFFFF95
00000164
00000200
FFFFFEB5
0000006E
000001B8
000000C5
FFFFFF5E
FFFFFE88
FFFFFEF4
FFFFFBFD
FFFFFDA0
FFFFFCF3
FFFFFD92
FFFFFF69
0000011A
FFFFFEB1
0000012F
FFFFFFCE
00000120
0000022E
00000000
000001BF
0000016A
0000009E
000000CF
000001C1
000000ED
FFFFFE3B
FFFFFDDC
FFFFFD7D
FFFFFFA3
0000008C
FFFFFE90
FFFFFD2F
000002B3
0000005E
000001F8
00000018
00000234
00000078
0000006C
FFFFFFF9
00000116
00000367
0000021F
000001FB
00000346
00000205
000002FE
00000138
000002A5
000003B1
00000277
000001E2
00000169
FFFFFE8F
000002AB
0000011F
00000286
FFFFFFA8
00000027
000001C6
00000022
FFFFFE3A
FFFFFE7A
000000F8
000002F7
FFFFFD5F
FFFFFFE8
FFFFFF23
0000006C
FFFFFE07
000001A6
000002CB
FFFFFF3C
000000B3
FFFFFE96
FFFFFFA4
00000078
0000003C
00000098
00000196
FFFFFFCF
000002C4
00000018
0000012E
00000047
FFFFFE8D
00000017
00000048
FFFFFE1A
000000E1
000001C0
000000E1
FFFFFFF8
FFFFFF0A
FFFFFEF0
FFFFFF1B
FFFFFFB2
000001C3
FFFFFEFE
FFFFFE7B
00000144
FFFFFE28
FFFFFD82
00000107
000000C6
FFFFFFF9
00000258
FFFFFFB2
00000147
00000223
0000006A
00000010
00000184
0000001D
00000175
0000020B
00000115
00000157
00000097
0000007C
00000107
00000066
FFFFFEC2
FFFFFDC4
000001C1
FFFFFF01
FFFFFF0A
FFFFFE13
FFFFFF3D
FFFFFE28
FFFFFCF2
00000071
000001C2
00000014
FFFFFFC7
FFFFFFF0
00000075
FFFFFF67
FFFFFEF6
0000013B
00000067
0000004E
FFFFFD5A
FFFFFDFC
000001C6
000000D6
FFFFFD91
FFFFFF08
00000096
0000010A
FFFFFEDC
FFFFFFD0
00000253
FFFFFE22
FFFFFEE4
00000146
FFFFFE52
00000017
00000272
000000D3
0000020B
0000000F
00000044
00000251
00000204
FFFFFFB4
FFFFFFFC
FFFFFF20
000001EB
000000A0
000000F9
FFFFFCCE
FFFFFE1B
FFFFFE65
0000001B
FFFFFF4A
FFFFFEA3
FFFFFF55
FFFFFF1D
FFFFFCC6
FFFFFF4C
FFFFFE31
FFFFFF0F
FFFFFCDC
FFFFFED5
FFFFFEBD
FFFFFF4A
00000232
00000038
00000163
00000180
FFFFFE6F
000000F2
000000D9
0000018E
0000012D
FFFFFEF4
000000F6
FFFFFF4F
00000103
000002AE
00000314
0000027A
FFFFFD3A
FFFFFEDC
000000B0
FFFFFFEB
FFFFFFDA
FFFFFF29
FFFFFE57
FFFFFEDF
FFFFFCC5
0000006E
00000142
00000000
FFFFFD04
FFFFFDF4
FFFFFE5B
FFFFFE93
000000CC
00000102
000000A5
0000027F
00000025
FFFFFFE2
0000015C
FFFFFEB5
FFFFFF4B
0000016B
0000000B
FFFFFF4B
0000007D
000002D6
FFFFFFA7
FFFFFF7B
00000207
FFFFFEE3
FFFFFFEE
FFFFFF8A
000001AB
00000216
00000009
00000509
00000207
000001D7
000003CE
0000035C
00000274
FFFFFE63
FFFFFD3A
0000008A
00000067
FFFFFDF5
FFFFFDA2
FFFFFFEB
0000008E
FFFFFDB4
00000161
000000D8
00000150
FFFFFE34
FFFFFE0B
0000014E
00000037
00000049
FFFFFEBB
FFFFFD10
FFFFFEEF
FFFFFD6B
0000014E
000001A0
FFFFFFBB
0000010C
FFFFFEA8
FFFFFFE3
FFFFFE5C
000001E2
000001B9
00000095
FFFFFDED
00000040
FFFFFD4F
00000116
00000183
FFFFFD73
0000016E
FFFFFEB8
FFFFFE0C
FFFFFE3D
FFFFFD39
FFFFFEF1
00000045
FFFFFD1A
0000029D
00000156
FFFFFFCB
0000011C
000003CC
00000095
00000005
FFFFFF7A
00000260
FFFFFD86
FFFFFF96
FFFFFF5F
0000002C
FFFFFDF0
FFFFFFB9
000000FC
FFFFFE0B
FFFFFD06
FFFFFEF7
000000BD
FFFFFF6C
FFFFFE31
FFFFFFE3
FFFFFE86
00000026
FFFFFFCE
FFFFFE95
FFFFFF5E
FFFFFE81
FFFFFFD6
0000015F
00000120
FFFFFE21
FFFFFE22
FFFFFFD2
0000001F
FFFFFD96
FFFFFDFD
FFFFFF76
FFFFFF0E
00000008
FFFFFF20
FFFFFDE3
FFFFFFC6
0000014B
FFFFFEED
000000EC
000001F5
00000156
FFFFFFB4
FFFFFF6D
00000127
000003ED
0000009B
00000272
000000D2
0000027C
FFFFFF9F
0000027F
0000026C
FFFFFE27
FFFFFF82
00000132
FFFFFDD0
FFFFFE58
FFFFFE75
FFFFFF73
FFFFFFA1
FFFFFE99
FFFFFF99
FFFFFE6A
FFFFFEA1
00000356
FFFFFF65
000000A4
FFFFFFD3
000002A0
00000085
00000251
00000136
FFFFFFA7
FFFFFF3C
000000D9
00000117
FFFFFCFF
00000087
FFFFFD8A
FFFFFEB7
000001BD
FFFFFFE5
000000F4
000000B9
FFFFFD6B
FFFFFE4A
FFFFFF28
00000061
00000043
FFFFFE97
FFFFFEAE
FFFFFEFB
00000095
00000039
FFFFFDDE
000000AE
FFFFFF9A
0000019D
FFFFFEFA
FFFFFE4D
000001E6
FFFFFFF5
0000000A
000001F0
FFFFFF61
FFFFFF8F
FFFFFF9E
FFFFFFA9
0000027C
00000146
FFFFFF46
FFFFFE1D
FFFFFE66
0000017A
00000001
00000179
FFFFFD75
0000009F
FFFFFFFF
0000024C
FFFFFFCA
FFFFFE05
FFFFFFAE
00000186
FFFFFF24
FFFFFEC0
000000E6
FFFFFFBD
000000B0
FFFFFDA5
FFFFFF75
00000061
FFFFFF2E
FFFFFE50
FFFFFD87
000000FD
00000185
000000B3
0000001F
00000081
FFFFFFCD
FFFFFF35
000000C4
000001A6
FFFFFFF8
0000006C
000000B4
FFFFFE86
0000016E
00000150
000002BE
000002A3
FFFFFF38
FFFFFF92
FFFFFDF3
FFFFFF4B
FFFFFD27
FFFFFFB6
FFFFFFCF
FFFFFFA9
FFFFFDCA
FFFFFEA2
FFFFFF03
00000022
00000020
FFFFFF33
FFFFFF02
00000229
0000019F
FFFFFFEE
FFFFFE6A
0000005D
FFFFFE24
FFFFFFF5
00000122
000002FB
FFFFFEDB
000000A1
FFFFFFAA
000001C5
00000021
00000080
FFFFFF57
FFFFFDFE
FFFFFED2
FFFFFE56
00000018
000000CD
FFFFFD34
FFFFFEB7
FFFFFED6
000001BF
FFFFFF1C
FFFFFFF3
FFFFFFC2
FFFFFEFA
00000039
00000002
FFFFFE8D
FFFFFFD0
FFFFFEBE
0000007C
00000104
FFFFFE8D
FFFFFE7F
00000003
FFFFFF23
FFFFFCCF
FFFFFFC3
FFFFFEFF
FFFFFDB8
FFFFFE04
FFFFFF68
FFFFFFC9
00000104
FFFFFEEB
FFFFFE52
00000009
FFFFFDF1
FFFFFCED
FFFFFE27
0000004B
FFFFFDF4
FFFFFFDF
FFFFFD4A
FFFFFF30
000000AE
0000000C
FFFFFF18
FFFFFDD4
FFFFFF46
FFFFFEC6
FFFFFE0F
FFFFFEB5
000000C5
0000010F
0000018D
FFFFFDB1
000000E9
000001C1
00000093
00000041
FFFFFE86
00000096
0000007C
FFFFFDA7
FFFFFDCF
FFFFFFBC
FFFFFF17
FFFFFFEE
FFFFFF22
FFFFFE83
00000096
0000007B
FFFFFF0A
FFFFFF17
FFFFFD8D
FFFFFF2A
FFFFFF30
000000CA
FFFFFF45
FFFFFF7D
00000234
FFFFFFD5
000000C4
0000004F
FFFFFFF0
000001F6
00000212
000000F5
00000016
FFFFFF2B
FFFFFF3B
FFFFFEEF
FFFFFF76
FFFFFF23
00000000
FFFFFED2
000000CC
FFFFFE6E
FFFFFFBA
FFFFFD96
FFFFFE2E
0000000A
FFFFFF28
000000C6
FFFFFE5E
FFFFFD5F
FFFFFF56
00000142
0000016E
FFFFFFAB
FFFFFFAE
FFFFFF3C
0000007D
FFFFFD93
FFFFFED9
000000FB
FFFFFFA0
FFFFFD18
FFFFFF2E
FFFFFF96
FFFFFD8E
FFFFFD16
FFFFFFA3
FFFFFEA5
FFFFFE91
00000218
0000013D
00000123
0000016F
000001A8
00000044
000001E7
000001A8
00000211
00000114
FFFFFFC1
00000067
FFFFFEC3
00000164
FFFFFF81
FFFFFE7A
FFFFFE8B
0000000D
0000025C
000001A6
FFFFFFD6
000001AE
FFFFFFB0
000000CE
00000103
000000E9
000000E5
FFFFFF11
000000E1
00000186
FFFFFCD6
FFFFFF95
FFFFFFEB
FFFFFF8D
FFFFFF5B
000000B5
FFFFFF73
00000352
000001FE
00000205
0000000E
FFFFFF6F
00000166
00000360
00000060
0000018E
FFFFFFC4
0000015B
00000006
FFFFFF75
FFFFFF88
0000014A
00000008
FFFFFE85
0000003A
FFFFFECA
0000019D
FFFFFEC2
00000034
FFFFFF31
00000000
FFFFFE6D
0000024B
FFFFFE89
0000017C
000000A8
FFFFFECE
FFFFFD46
FFFFFFE0
00000046
FFFFFEC4
00000046
00000104
000000BC
0000005A
FFFFFF55
FFFFFDB1
FFFFFFB0
00000022
00000020
00000128
000000E5
FFFFFF79
00000097
FFFFFEBB
0000000E
FFFFFEA3
FFFFFF5E
00000125
00000172
FFFFFF37
000001A2
FFFFFFE8
0000008A
FFFFFF7D
FFFFFE51
FFFFFE2F
0000005B
FFFFFE74
FFFFFEC0
FFFFFEE7
FFFFFEF6
FFFFFE85
FFFFFFF8
000001CF
FFFFFDD5
00000109
00000053
FFFFFE7F
FFFFFD6F
00000082
FFFFFFF5
00000132
00000091
00000183
FFFFFEE6
FFFFFE87
FFFFFE6F
FFFFFFC1
FFFFFCFF
000000A7
FFFFFEAB
0000001C
FFFFFFC2
FFFFFFAC
FFFFFE74
000000A9
00000083
00000064
000000FF
FFFFFFDB
0000006D
0000003B
000001F9
FFFFFFC5
00000124
00000038
FFFFFF1A
00000078
FFFFFFBA
00000030
0000005C
0000017A
FFFFFECC
FFFFFF36
FFFFFE15
FFFFFF7F
00000039
00000156
FFFFFE80
FFFFFEE3
FFFFFE8A
FFFFFFA7
00000167
FFFFFF8F
FFFFFDBA
FFFFFE76
0000003C
0000019B
0000005F
FFFFFE99
FFFFFEAC
0000020F
00000133
00000148
FFFFFDC8
000000F7
000000A9
FFFFFF58
FFFFFF4C
0000005E
FFFFFE8B
00000245
0000019C
000000AC
FFFFFE9B
FFFFFD2C
FFFFFCCB
0000000E
FFFFFFDC
00000007
FFFFFF94
00000065
0000014C
00000353
FFFFFFCF
00000225
00000026
00000096
000002B5
000000C0
FFFFFF05
000001B4
00000010
00000231
000002E2
000001BE
00000052
FFFFFEC6
00000111
FFFFFF42
00000054
00000101
FFFFFEE2
0000021E
FFFFFEE2
000000A5
000001F3
FFFFFF99
FFFFFFF4
000000B4
000000A0
00000018
FFFFFFCA
0000003E
00000123
0000007F
FFFFFF49
FFFFFE3F
FFFFFD17
FFFFFE3F
FFFFFD6E
FFFFFF29
FFFFFEBF
FFFFFD64
0000027E
00000101
FFFFFE0D
FFFFFE29
000000B5
FFFFFFF3
0000010E
FFFFFE73
0000000D
FFFFFFF9
FFFFFED4
00000134
0000005E
FFFFFE7F
FFFFFFBE
FFFFFD7D
FFFFFD1E
FFFFFE51
0000018C
FFFFFF23
FFFFFFA9
FFFFFF7E
000000F6
0000004B
0000021B
000000A2
FFFFFF0B
000001D8
000001B4
000001E9
FFFFFF99
0000015A
000001FA
0000020B
000000FD
00000100
FFFFFF73
FFFFFDE2
00000045
0000017C
FFFFFEFE
FFFFFEFF
FFFFFEFE
000000E8
0000005F
FFFFFFF0
0000005A
FFFFFFC3
0000001C
FFFFFDDA
FFFFFFAA
FFFFFE84
00000032
0000015F
FFFFFE17
FFFFFFA8
FFFFFF9C
000000A5
FFFFFF43
0000007C
000000D9
FFFFFFCD
FFFFFEA5
0000016C
FFFFFE55
FFFFFF1C
FFFFFD9D
FFFFFEA6
000002AE
FFFFFFEF
0000001A
FFFFFEBF
FFFFFFE6
000000B1
FFFFFE92
0000007E
0000013B
000000D5
000000A6
FFFFFF1D
000000DE
FFFFFFD3
FFFFFF56
FFFFFEE1
00000222
00000223
00000168
FFFFFFC5
000001BD
FFFFFFEB
FFFFFE4E
FFFFFEDB
FFFFFE67
FFFFFE07
FFFFFE27
00000049
FFFFFF4D
FFFFFD47
FFFFFE6D
0000011D
00000168
00000149
000001CC
00000057
00000127
000000EA
FFFFFF1D
FFFFFD60
FFFFFE73
000000BD
00000186
00000329
000001A8
FFFFFECE
00000102
FFFFFFDA
FFFFFF1A
00000212
FFFFFEDC
FFFFFF17
FFFFFF60
00000395
000000ED
000000CF
FFFFFD8E
000001C4
FFFFFFB0
0000007C
00000021
FFFFFE64
000001BD
0000013A
00000065
00000050
0000005B
FFFFFC21
0000011E
FFFFFD23
FFFFFB55
00000196
FFFFFDA3
FFFFFE76
FFFFFD0E
000001A0
FFFFFF9E
FFFFFFD5
00000245
00000101
000002FB
000000CE
FFFFFF3F
000002FA
FFFFFFC7
FFFFFDB6
FFFFFB85
00000109
FFFFFE87
FFFFFC50
FFFFFC3E
FFFFFCFB
FFFFFE7E
FFFFFDE1
000001CC
000001B3
FFFFFF36
000000D6
FFFFFEBE
0000009C
FFFFFC07
FFFFFEB0
FFFFFED1
0000014B
000001B7
FFFFFF14
00000230
0000015F
000001AF
00000004
000002F9
FFFFFFC2
FFFFFC51
FFFFFDC2
00000290
FFFFFEC8
FFFFFF4F
FFFFFF90
00000002
FFFFFFBD
FFFFFF26
000000FB
0000021D
FFFFFE05
000002BF
000004BE
00000214
00000110
FFFFFF85
000001B4
FFFFFBEA
FFFFFE28
FFFFFFBD
FFFFFDEB
FFFFFF8B
FFFFFDD8
00000385
00000064
00000131
0000017F
FFFFFCC8
FFFFFE7A
FFFFFFD9
000002D3
FFFFFEB2
00000410
FFFFFF5E
0000030A
00000015
000000BF
00000005
00000233
000000DE
0000012B
FFFFFF62
FFFFFCE9
0000018D
00000057
FFFFFFAD
FFFFFC61
0000015D
FFFFFFBA
00000164
00000053
000000BF
FFFFFEDC
000002A8
00000416
0000005C
000002C2
FFFFFDC9
000000F0
00000131
00000183
FFFFFC7F
00000234
00000025
FFFFFED4
000001CC
FFFFFDCF
00000035
00000110
FFFFFF6D
000000A5
FFFFFC13
FFFFFCCB
00000088
FFFFFF7A
FFFFFCF5
FFFFFF91
0000001F
FFFFFE4A
FFFFFD5A
FFFFFF9A
00000041
FFFFFDA9
000003A9
00000303
FFFFFFB6
FFFFFFED
00000195
FFFFFE93
0000014E
00000171
FFFFFF15
FFFFFF5D
FFFFFF8C
FFFFFEF2
FFFFFF90
0000010C
000000A4
00000416
FFFFFDCB
FFFFFEEC
000005CA
0000011F
FFFFFFA0
0000057D
000000D5
000002B5
FFFFFD25
FFFFFFCA
00000167
FFFFFBDC
FFFFFBD7
0000021B
00000186
FFFFFE6E
FFFFFFBA
FFFFFE28
FFFFFDC0
FFFFFF98
000000A0
0000014C
0000001C
00000035
FFFFFDD9
00000098
000000B8
0000010D
FFFFFE1D
FFFFFF05
FFFFFD3E
FFFFFEB3
000000E7
FFFFFF2B
FFFFFFBE
00000470
000001CE
FFFFFE77
FFFFFFE2
FFFFFF83
000000F8
000003D3
FFFFFF38
000001DD
00000027
FFFFFB63
FFFFFCD1
000002AB
00000233
FFFFFCCC
FFFFFE24
00000128
00000113
00000290
FFFFFD91
FFFFFE57
FFFFFFBF
0000011C
FFFFFF5C
FFFFFE3C
FFFFFD59
FFFFFB75
FFFFFFED
FFFFFFE1
FFFFFC84
00000253
FFFFFD5A
FFFFFCAE
FFFFFE10
FFFFFF4B
FFFFFF1D
0000021E
000003FC
00000430
FFFFFFF6
00000455
00000601
FFFFFF8E
00000091
000001DF
FFFFFDAC
0000012F
000001FD
FFFFFD5C
00000085
FFFFFFE7
00000337
000003E3
0000028A
FFFFFCAC
FFFFFD49
FFFFFE30
FFFFFE9B
000002D7
0000031F
FFFFFCA9
0000032A
00000344
FFFFFE46
00000191
FFFFFE4B
FFFFFE95
000001ED
FFFFFF67
FFFFFFB0
0000020C
FFFFFF23
00000183
00000106
00000152
0000004C
FFFFFDC1
00000281
00000317
FFFFFD08
FFFFFFF6
00000162
00000145
000001B2
FFFFFE4E
FFFFFD76
00000068
000001CC
FFFFFFD2
FFFFFDAB
000002BA
FFFFFE71
00000094
0000017A
FFFFFDF0
FFFFFF4F
000006B8
FFFFFF99
00000028
FFFFFBA9
FFFFFDE5
000000ED
000001A4
FFFFFCCC
FFFFFE44
0000014F
FFFFFE65
00000061
FFFFFFAF
0000004E
FFFFFEEE
FFFFFE59
FFFFFF8B
FFFFFF31
000000C9
FFFFFF5E
FFFFFE22
FFFFFFDF
00000336
00000273
FFFFFF6A
00000317
000001D4
000003C6
000001C3
FFFFFF6B
00000201
0000018E
FFFFFFC3
0000025E
000002C8
FFFFFFC1
FFFFFF5F
FFFFFF70
00000013
FFFFFD73
0000007B
FFFFFF89
FFFFFF09
000002A9
FFFFFFD0
FFFFFBAC
00000062
00000035
00000077
0000021B
FFFFFC22
000000CB
0000036A
000000C7
000002F8
00000386
FFFFFF2F
FFFFFD3A
00000145
00000105
FFFFFF88
FFFFFED6
FFFFFFA7
FFFFFE40
FFFFFEB1
00000152
FFFFFF7D
00000129
FFFFFF69
00000370
0000042A
00000269
000001B5
FFFFFFE1
000002BA
FFFFFD42
000000D2
FFFFFFC2
000000B8
FFFFFFC6
FFFFFF7E
0000008C
FFFFFFE2
FFFFFECE
000001B7
FFFFFD5B
FFFFFDFF
000002F8
000002EC
000002AA
FFFFFF4E
FFFFFF23
00000329
FFFFFECE
FFFFFCD6
FFFFFFBB
FFFFFE4B
00000145
0000001A
00000370
0000022A
000001A7
00000268
FFFFFF74
00000045
00000189
FFFFFF4C
FFFFFF3E
000000B6
00000210
00000273
FFFFFE20
00000084
00000224
FFFFFD48
00000069
FFFFFB06
FFFFFD08
FFFFFD10
000000D6
FFFFFDF0
000002BC
00000136
00000292
0000004E
00000069
FFFFFF13
000002D2
00000278
0000004C
FFFFFF68
000002F2
000000BE
FFFFFD02
0000019C
00000248
000002B7
000001BB
00000057
00000171
0000015B
0000032B
00000200
0000021A
FFFFFECD
FFFFFFC6
00000318
00000125
0000008B
00000080
FFFFFBBE
0000037C
FFFFFE86
FFFFFC4C
000000BC
000001FD
FFFFFEEE
FFFFFF8E
FFFFFFE3
FFFFFFC5
FFFFFF30
FFFFFD5C
FFFFFE97
FFFFFC34
FFFFFD36
FFFFFEA8
00000206
FFFFFE9A
00000038
FFFFFF03
00000089
00000406
FFFFFDA7
000001E7
FFFFFF17
000000DF
FFFFFC16
FFFFFBCB
FFFFFF91
00000062
00000196
00000097
00000189
FFFFFF48
00000187
FFFFFFCE
FFFFFE30
000000A7
FFFFFE09
00000105
000000D8
000000B6
00000359
FFFFFE89
FFFFFEAA
000001B9
0000004D
0000046A
FFFFFEE1
000003AB
FFFFFFBA
0000005A
FFFFFFDB
FFFFFF5E
FFFFFDE1
0000004D
0000033F
FFFFFD75
FFFFFEE9
FFFFFD72
FFFFFC4E
FFFFFF76
FFFFFC90
00000166
FFFFFE4E
FFFFFD58
FFFFFFE4
FFFFFFBD
FFFFFD25
FFFFFAF8
FFFFFDBB
0000013E
FFFFFFD3
00000230
00000184
FFFFFB0B
FFFFFD6A
FFFFFD71
FFFFFEEA
FFFFFF50
00000072
FFFFFF05
000002D5
FFFFFE87
0000018D
0000038B
000003E2
0000023E
FFFFFC73
FFFFFFC9
000002F3
FFFFFF19
0000009E
0000011E
00000269
FFFFFDDA
00000179
00000382
0000029A
000002EF
00000352
0000003B
000001A7
FFFFFEC3
FFFFFE3C
FFFFFEF9
00000225
000000C1
FFFFFE59
000000B6
FFFFFE66
000001BF
0000024C
FFFFFEAC
00000287
0000050E
FFFFFDE6
000003BD
00000178
0000017B
FFFFFF3E
000001A2
00000207
FFFFFFCD
FFFFFD33
000001AF
0000020B
FFFFFE76
FFFFFFC4
FFFFFFA2
FFFFFF58
FFFFFE71
000001B7
FFFFFF02
000002DF
FFFFFDFE
FFFFFD28
FFFFFF85
00000231
0000034F
000001AF
00000130
FFFFFFE9
FFFFFD86
000002EC
FFFFFD9E
FFFFFFFF
000001F5
FFFFFE95
0000012E
FFFFFF3B
FFFFFF96
000000C7
FFFFFCBF
000000C1
FFFFFE13
FFFFFEF3
FFFFFF8E
FFFFFEEF
FFFFFEF1
000002C1
FFFFFFA3
FFFFFE82
000000F6
000001EE
FFFFFF9F
00000186
FFFFFFFE
000000B9
000000BA
FFFFFDF6
FFFFFCC9
00000137
FFFFFE93
FFFFFE80
00000084
FFFFFE30
0000002E
FFFFFF7E
FFFFFD7A
00000040
00000297
00000164
000001FD
0000023F
FFFFFECC
00000024
FFFFFEC9
FFFFFECC
FFFFFEB2
0000000E
000001E3
000000CA
000000DC
000001A7
FFFFFEF1
FFFFFF8B
FFFFFDBD
FFFFFD81
FFFFFD8E
FFFFFE86
FFFFFD8B
FFFFFC36
FFFFFD02
00000063
FFFFFFF6
00000104
FFFFFDED
FFFFFFD6
00000014
FFFFFE9B
00000167
000000CF
FFFFFEE2
0000009E
00000199
FFFFFFED
FFFFFEB1
00000228
FFFFFFAD
000001B1
0000018D
00000166
0000001C
FFFFFFA9
FFFFFE11
FFFFFFEE
00000188
00000263
000001AD
FFFFFF3E
FFFFFD4F
FFFFFF71
FFFFFF0D
FFFFFF1A
0000000C
FFFFFF42
00000059
0000009C
FFFFFDBC
000001AB
000001EB
0000021D
FFFFFEB4
FFFFFF74
00000025
FFFFFF0C
FFFFFD5E
FFFFFD06
FFFFFECC
FFFFFFE5
FFFFFFA6
000000D2
FFFFFDE1
FFFFFF4F
FFFFFF75
FFFFFE21
000001B8
FFFFFEFF
FFFFFF6A
FFFFFE54
FFFFFCE7
FFFFFDDF
000000A9
FFFFFF08
FFFFFE12
000000C1
FFFFFF65
FFFFFE8E
FFFFFEC1
FFFFFDA2
00000061
FFFFFE41
FFFFFEB3
000001D5
00000143
0000020F
FFFFFF36
00000141
FFFFFFA2
FFFFFEDA
000000F8
000000C0
0000018C
00000203
0000013E
000000CA
FFFFFEFE
FFFFFF2C
000000F4
FFFFFF23
FFFFFDC8
000000AD
0000021D
00000293
0000017A
FFFFFDFC
FFFFFFF9
FFFFFFA5
FFFFFD3F
0000023A
FFFFFFDF
FFFFFEBB
00000000
FFFFFF88
000000CE
FFFFFEF2
00000009
FFFFFF05
FFFFFFDD
FFFFFFE0
000002A9
FFFFFF0B
00000067
00000000
00000078
000000B5
FFFFFDEB
00000209
00000009
00000150
0000002D
FFFFFFBD
0000002F
FFFFFFD9
FFFFFDC0
FFFFFF0F
00000083
FFFFFEA3
00000111
000002C9
FFFFFF0E
00000189
000003A7
FFFFFFE5
00000045
0000004A
000000D7
000002A3
00000165
FFFFFFFA
FFFFFDC5
FFFFFD0F
FFFFFF8E
FFFFFECB
FFFFFE53
FFFFFE19
0000006D
000000E8
00000186
FFFFFF90
FFFFFFD5
0000013F
FFFFFE41
000001B6
00000124
FFFFFF0F
00000064
FFFFFDE3
00000125
FFFFFF32
0000007B
FFFFFEDD
FFFFFE88
00000028
FFFFFEE5
0000003E
FFFFFFEC
FFFFFF45
000000FF
00000135
FFFFFF50
FFFFFFB3
FFFFFF04
FFFFFDE4
00000003
FFFFFE9F
00000307
000002D1
0000023C
FFFFFF5E
0000027F
00000240
00000300
00000042
000000F0
FFFFFFDC
0000000A
00000014
00000103
000000A2
00000317
0000044D
000000F7
000000EF
FFFFFE7A
00000152
000003DD
00000090
FFFFFDE6
00000124
00000160
000000C2
FFFFFFA8
FFFFFF45
FFFFFF04
FFFFFFBC
FFFFFEC0
FFFFFFC0
FFFFFFC6
FFFFFEED
FFFFFE9D
FFFFFF30
000000A1
FFFFFEDF
FFFFFF6E
000001D1
FFFFFDD7
0000012C
FFFFFEFD
00000073
00000137
FFFFFFCA
00000164
FFFFFF49
FFFFFD65
0000002D
FFFFFF4D
00000068
FFFFFE59
FFFFFEF9
000000D9
FFFFFDDE
00000068
FFFFFFDA
000000CC
00000166
FFFFFEC0
0000024D
000000A6
0000009A
000000DE
0000022D
00000339
FFFFFEFA
00000118
FFFFFFE6
FFFFFD55
00000126
FFFFFEC5
000000E8
FFFFFD62
FFFFFCF1
FFFFFDDB
FFFFFE8A
FFFFFF1A
0000003E
00000121
0000019D
00000195
00000274
0000026B
0000004B
0000006A
FFFFFEB0
00000196
00000051
0000027A
00000275
000000F3
0000008A
000001FA
0000015B
FFFFFDEA
FFFFFE92
FFFFFCC4
FFFFFE4A
FFFFFFF3
00000121
FFFFFC40
00000027
00000111
FFFFFFE5
00000155
FFFFFFF9
FFFFFDDB
FFFFFE64
FFFFFD9F
0000009B
0000005C
FFFFFF87
FFFFFEF9
FFFFFF9F
FFFFFF6F
FFFFFBF8
FFFFFF75
000000D6
FFFFFCF2
FFFFFF74
FFFFFEF5
FFFFFEB6
FFFFFEA7
00000139
FFFFFF71
00000150
000002D2
000000F5
000000FE
00000031
0000015D
000000C4
00000062
000001E5
0000012F
FFFFFF97
000000D3
0000003C
FFFFFF68
00000179
00000109
000001D8
0000025B
00000005
FFFFFF52
00000378
00000076
00000111
00000352
FFFFFD5E
FFFFFEBE
FFFFFD7E
000000F1
FFFFFFED
FFFFFD62
00000250
0000007B
FFFFFED4
FFFFFE6F
0000009F
FFFFFEAB
FFFFFE31
FFFFFDBE
FFFFFEFB
FFFFFEEF
FFFFFD59
FFFFFD20
FFFFFEDA
00000139
FFFFFF02
00000041
00000115
FFFFFF75
000001E5
FFFFFF4D
FFFFFFA0
FFFFFE66
FFFFFFBF
FFFFFFAF
FFFFFFCF
FFFFFD72
FFFFFEA1
00000155
FFFFFEEC
000000FD
000001F5
00000154
0000008B
FFFFFD8E
FFFFFDA5
000002CB
FFFFFF20
FFFFFF12
FFFFFFE0
FFFFFFD0
000001E2
FFFFFFD5
FFFFFF39
00000166
FFFFFF6D
00000282
FFFFFF21
FFFFFFF6
FFFFFE92
FFFFFC8C
FFFFFD9A
FFFFFDA1
FFFFFB99
FFFFFC0D
FFFFFC4E
FFFFFBC6
FFFFFD5E
000000DF
00000170
00000191
000001B2
000002BE
00000290
00000074
0000004E
000001C6
FFFFFEED
FFFFFE6C
FFFFFB68
FFFFFBFA
FFFFFC9C
FFFFFCCB
FFFFFF6F
FFFFFE94
FFFFFC99
000000FF
00000251
000001F4
FFFFFF1D
00000149
00000066
FFFFFF4C
FFFFFFDD
00000230
FFFFFEA8
00000195
00000142
FFFFFD94
FFFFFFE1
FFFFFEF2
000002FE
FFFFFFC7
FFFFFF2D
FFFFFED1
FFFFFFBF
FFFFFCF4
0000003D
00000113
FFFFFE27
FFFFFE6A
FFFFFD8A
FFFFFE41
00000126
FFFFFEF4
00000165
00000112
FFFFFE92
0000022B
FFFFFEFD
FFFFFF6A
FFFFFE85
00000041
0000013F
000000BF
FFFFFF19
00000199
00000059
00000036
000002B5
000002BC
FFFFFCFB
FFFFFF14
FFFFFF7F
FFFFFDDB
FFFFFD26
FFFFFD67
000001C2
00000107
FFFFFEC4
000000C8
000000D6
FFFFFF62
FFFFFF87
00000109
00000021
FFFFFED0
000000FF
00000012
0000012E
FFFFFDCB
FFFFFE55
0000020B
FFFFFDE2
FFFFFE80
000001F4
00000353
FFFFFF68
00000178
0000028D
00000224
0000003F
0000015C
000002FE
0000012B
00000298
000001BA
FFFFFF72
FFFFFFAD
FFFFFC84
00000025
FFFFFEAE
FFFFFFC5
0000009F
FFFFFDE0
FFFFFD53
000001EA
00000145
FFFFFEDF
000002C2
FFFFFF8A
FFFFFE2F
00000109
FFFFFDE0
0000006D
000000AB
FFFFFF41
FFFFFF6C
FFFFFFA6
FFFFFF36
FFFFFC09
FFFFFF9C
FFFFFE99
00000002
FFFFFF79
FFFFFD85
FFFFFEF8
000000F4
FFFFFD53
00000113
000001EC
0000007C
FFFFFFBC
0000015F
00000234
FFFFFFF6
00000285
FFFFFF07
0000000C
0000021B
FFFFFFD0
00000295
FFFFFEC5
FFFFFFA7
000000B2
FFFFFDFF
00000075
FFFFFEF2
000000C0
FFFFFE21
FFFFFF31
FFFFFE7D
FFFFFE7B
FFFFFF59
FFFFFDD8
FFFFFD6B
0000016A
FFFFFDDE
00000010
00000190
00000105
000002C0
00000185
FFFFFE7F
00000135
FFFFFCFF
00000049
00000040
00000259
000000C7
FFFFFF15
FFFFFF71
00000226
FFFFFFC4
00000095
FFFFFD62
00000100
FFFFFFFB
FFFFFE84
0000007A
FFFFFE92
FFFFFDB4
000000F7
000001BC
FFFFFEE1
000000B8
00000143
FFFFFFA0
FFFFFFD1
000000C9
FFFFFD36
0000013D
0000010C
0000026C
00000286
0000012F
FFFFFDE1
FFFFFEB4
00000209
FFFFFFED
FFFFFFE7
FFFFFF26
FFFFFE54
FFFFFE4C
FFFFFEF0
FFFFFF9C
000000E6
000000DE
0000000A
FFFFFC1C
00000096
0000016C
FFFFFF18
0000005B
FFFFFEF9
FFFFFDCD
FFFFFDB6
00000220
00000264
FFFFFF40
FFFFFE84
FFFFFF53
FFFFFDC9
0000011E
00000307
FFFFFEBA
FFFFFD89
FFFFFCDF
FFFFFEBC
0000008B
FFFFFE5C
FFFFFDFC
FFFFFEFF
000001B0
FFFFFF10
FFFFFE59
00000051
FFFFFC91
FFFFFFEA
FFFFFFB8
0000009F
0000001E
00000196
00000032
00000151
FFFFFF12
FFFFFE54
FFFFFE4D
FFFFFEE3
FFFFFF48
000002B5
FFFFFFB7
0000031F
00000300
00000167
FFFFFFC6
FFFFFD95
FFFFFDE3
FFFFFEA7
00000126
FFFFFFDB
00000251
FFFFFEEB
FFFFFEBC
FFFFFF4C
00000051
0000015B
FFFFFF1C
00000246
FFFFFFEC
0000002E
0000024A
000001BF
000000FF
000000B8
000000D6
000000AD
000001EE
0000029D
00000207
FFFFFF97
00000114
0000026B
00000212
000003F0
00000184
0000008A
000001B4
0000037B
0000028F
FFFFFF64
0000026A
0000001B
00000183
0000024A
00000053
FFFFFD40
FFFFFF09
FFFFFFA9
FFFFFA68
FFFFFF9E
FFFFFE23
FFFFFEFD
FFFFFE29
FFFFFF33
00000231
FFFFFFCA
0000033F
FFFFFEE8
00000214
00000116
000002A7
00000011
000000B9
FFFFFFE1
0000011E
FFFFFED7
00000133
FFFFFDCF
00000012
0000019A
000000FD
000000D1
000001DD
00000037
00000177
00000025
00000393
00000103
000000FA
000001A2
FFFFFF57
0000021B
FFFFFF19
FFFFFE89
FFFFFFF2
FFFFFF81
FFFFFE1C
FFFFFFB6
FFFFFEE9
FFFFFF0E
FFFFFEC1
00000131
0000002C
000000BB
FFFFFFF6
FFFFFE8B
00000216
00000049
00000365
FFFFFFC8
00000195
FFFFFF90
00000419
00000373
0000016C
0000004D
FFFFFFD6
000002F9
00000130
00000103
FFFFFFEE
FFFFFE37
000002C2
FFFFFEE8
00000239
00000011
0000019D
0000024E
000002CC
0000006F
FFFFFF7B
FFFFFF2C
FFFFFF65
00000032
FFFFFDFC
FFFFFF96
FFFFFE8A
FFFFFF41
FFFFFD4C
FFFFFD87
FFFFFFAD
FFFFFD57
000000DC
FFFFFFFD
000000F3
00000018
FFFFFE13
000000F2
0000002E
0000011C
FFFFFED0
FFFFFFAE
FFFFFF8E
FFFFFFAB
FFFFFFBF
00000263
000002D8
00000000
000000C2
000000BA
FFFFFE01
000000C2
0000008A
FFFFFE1E
FFFFFF68
FFFFFFDB
FFFFFF4A
000000D4
000000F6
FFFFFED3
FFFFFE55
000001E9
FFFFFFFE
00000360
0000029C
000000F5
0000032C
000002A8
0000002D
0000014B
000001D0
0000014D
FFFFFF39
000001A7
0000013B
0000017D
FFFFFFE1
0000010B
000000B7
FFFFFFD5
FFFFFF4B
FFFFFF29
0000030E
000000A4
000001DF
000001D1
FFFFFF4C
00000052
FFFFFCF3
FFFFFE0F
00000012
FFFFFEFB
000001B6
0000018F
FFFFFFB0
FFFFFD46
FFFFFFF7
0000006B
FFFFFE12
FFFFFE7C
FFFFFF5F
00000203
FFFFFF43
FFFFFDDF
FFFFFE56
FFFFFF5B
FFFFFD8F
FFFFFF0B
FFFFFE4F
FFFFFF2F
000001C9
000000C4
00000171
000000D7
000000DD
0000013A
0000028C
0000019C
0000018A
00000226
000000EB
FFFFFF63
FFFFFFF1
FFFFFFE4
00000023
FFFFFEE1
00000089
0000018B
00000106
00000187
FFFFFE9B
FFFFFEF8
00000009
FFFFFF34
FFFFFEBF
FFFFFE28
FFFFFFEF
FFFFFDD2
FFFFFD5D
000001C4
FFFFFDF2
FFFFFFCE
000001B6
000002A2
FFFFFF00
00000085
000000AD
0000020A
00000304
0000010C
FFFFFFF9
00000018
0000028C
00000251
000001AE
FFFFFF08
00000146
FFFFFF1A
00000166
FFFFFDF9
00000157
000000DA
FFFFFF01
00000109
FFFFFCB8
0000005F
00000048
FFFFFF47
0000024D
000000F1
FFFFFE92
0000005D
FFFFFFFE
FFFFFF53
FFFFFFAF
000003CA
00000243
FFFFFEEC
FFFFFF59
FFFFFFFE
00000051
FFFFFBD1
FFFFFFA3
0000014E
FFFFFCF0
FFFFFDEF
FFFFFE72
00000140
00000095
0000005B
FFFFFF69
FFFFFFE8
000001FF
000000B1
000001F2
FFFFFE76
00000223
00000118
000002FC
00000057
0000011B
FFFFFF37
00000155
FFFFFFD0
00000023
FFFFFE71
00000055
FFFFFDBC
000000E1
000002C3
FFFFFFA3
FFFFFDE9
FFFFFEC8
FFFFFF00
FFFFFF2E
FFFFFFF7
00000034
00000166
FFFFFD96
0000026F
00000035
00000157
FFFFFF6B
FFFFFFC9
00000180
FFFFFDB4
00000124
FFFFFD2B
FFFFFE23
0000004B
000001FF
00000023
FFFFFEE7
00000078
0000009B
00000305
00000025
0000002F
00000017
00000346
0000025E
000000CF
0000015D
00000226
000000AD
00000157
FFFFFF2C
FFFFFE4D
000000FB
FFFFFF3A
FFFFFF23
FFFFFED5
FFFFFD78
00000031
FFFFFF3C
FFFFFFDE
FFFFFE5F
FFFFFEF6
0000004C
000000D8
FFFFFF53
FFFFFDEC
00000100
0000028F
00000426
00000071
0000010E
0000007E
00000093
00000014
00000080
FFFFFE92
00000060
FFFFFD1B
FFFFFFA8
FFFFFF3A
FFFFFE02
FFFFFE25
FFFFFEFE
00000194
FFFFFE0B
FFFFFE28
FFFFFCDE
FFFFFCC9
FFFFFB36
FFFFFE31
FFFFFC7C
00000072
000001CE
FFFFFF23
FFFFFDC0
FFFFFE44
FFFFFE98
FFFFFF2F
FFFFFDCC
FFFFFFD2
00000252
00000320
00000080
00000293
0000019E
FFFFFF95
0000005C
FFFFFF30
000000D2
00000042
00000073
000001AE
000002A2
000000D3
00000109
00000053
FFFFFE7C
FFFFFDD5
0000007F
00000007
FFFFFF1F
FFFFFCD5
0000007D
FFFFFD73
FFFFFF0D
00000096
000000BA
FFFFFE3F
0000005B
FFFFFFF0
00000053
00000127
0000002F
FFFFFEE6
FFFFFE99
FFFFFEE7
FFFFFFB3
00000185
00000000
FFFFFF63
FFFFFE6A
FFFFFE79
FFFFFDF7
FFFFFE01
00000248
0000016D
00000235
00000211
FFFFFCA4
000001C6
FFFFFF59
000003D4
0000014F
00000074
00000140
FFFFFF71
000000A3
FFFFFE46
000001E4
00000101
FFFFFE8C
FFFFFF12
000001B3
000000C3
FFFFFFDE
00000109
FFFFFE91
0000000A
000001B2
FFFFFF04
FFFFFE69
0000008D
00000079
000000F3
FFFFFEB2
FFFFFF04
FFFFFF76
FFFFFE18
FFFFFE70
FFFFFF5D
FFFFFF9C
000000B5
FFFFFE10
FFFFFC92
FFFFFE7F
FFFFFE9E
0000002B
FFFFFED8
000000C1
FFFFFF5B
0000003C
000001BF
000001CA
FFFFFE8B
00000100
00000177
FFFFFE83
FFFFFFE8
FFFFFD48
FFFFFDC5
FFFFFE83
FFFFFD9A
0000006F
FFFFFE2F
FFFFFEF8
00000132
FFFFFE03
00000117
FFFFFFF1
FFFFFFA9
FFFFFE66
FFFFFED1
00000093
000000E6
FFFFFE14
00000144
FFFFFEFE
000000FC
0000012B
FFFFFE38
00000009
00000229
FFFFFEEF
0000006A
FFFFFFC7
0000000F
FFFFFEFF
000000B4
00000057
FFFFFF1B
00000064
0000017F
FFFFFF11
FFFFFF98
0000005F
000000A3
FFFFFFD2
0000001A
FFFFFFBA
FFFFFFB7
FFFFFD4A
00000164
FFFFFF90
0000004F
0000011A
00000066
000000EB
000000D7
00000284
FFFFFF44
000000ED
000001FF
FFFFFF84
FFFFFEB4
000000F3
0000010A
FFFFFFA6
FFFFFF92
FFFFFFD7
000001A7
0000011A
0000022A
00000292
000000DD
00000098
00000200
FFFFFFE9
0000017D
00000142
000001C0
FFFFFD5E
000001C6
FFFFFDC4
FFFFFFF5
FFFFFFE6
FFFFFE87
FFFFFDF1
0000000A
00000111
FFFFFF53
FFFFFE4A
FFFFFF00
000001B4
000000BB
FFFFFF23
FFFFFE88
FFFFFF77
FFFFFF0C
FFFFFF83
FFFFFFF4
FFFFFFEC
FFFFFFFB
FFFFFD83
FFFFFD83
00000110
FFFFFE26
0000007F
0000007C
00000023
FFFFFEF2
FFFFFFEE
FFFFFEA2
00000125
FFFFFE6A
0000010B
FFFFFED1
FFFFFE0C
00000190
00000071
FFFFFFD4
000002EA
00000025
000000C1
000000AB
00000266
00000034
FFFFFBFC
00000056
000000DC
FFFFFFD3
0000000A
0000001A
FFFFFF68
FFFFFE14
FFFFFEAC
FFFFFF82
0000000A
00000103
00000202
FFFFFE5C
FFFFFED6
FFFFFF4B
00000084
000000F9
000000BC
00000071
FFFFFE77
0000023E
FFFFFF90
000001A6
FFFFFEF3
0000003E
000001B2
00000247
00000165
00000201
0000016F
000000F6
FFFFFFE1
000001D4
000000F0
FFFFFF7B
00000010
FFFFFFE9
00000014
00000207
FFFFFF1C
FFFFFFDD
FFFFFF4F
000001F0
00000168
FFFFFF3D
0000009D
0000003F
0000022E
FFFFFF95
FFFFFEAB
FFFFFEED
FFFFFF64
0000034D
FFFFFF62
00000211
0000011C
FFFFFF71
00000158
00000218
0000025E
00000108
00000175
000001B0
00000057
FFFFFFCF
FFFFFE5C
0000003C
FFFFFFF2
FFFFFF37
00000183
FFFFFF6E
FFFFFF6A
00000121
00000091
00000236
00000037
FFFFFFED
FFFFFDB3
FFFFFED7
000000A5
FFFFFF91
FFFFFF7A
00000067
0000014B
FFFFFE79
000001C6
FFFFFEBE
00000067
FFFFFFDA
00000123
FFFFFE18
00000042
00000030
0000009D
FFFFFE34
FFFFFE48
FFFFFF81
FFFFFFBD
FFFFFF79
FFFFFF79
FFFFFECF
FFFFFEDD
0000012D
FFFFFF34
00000021
FFFFFED3
FFFFFECA
FFFFFFD7
FFFFFF9C
FFFFFF26
FFFFFE78
0000002D
FFFFFEE6
FFFFFDA3
FFFFFFF0
FFFFFE2E
000000D2
0000020D
FFFFFE3D
00000000
FFFFFFF7
FFFFFECC
FFFFFE9A
000000E0
FFFFFFE2
FFFFFE97
FFFFFF93
00000009
FFFFFEBA
0000027D
000001CA
000001A1
000000D8
FFFFFED4
FFFFFF98
00000026
FFFFFFE5
FFFFFF19
000000B2
0000010F
FFFFFEEE
FFFFFECF
00000261
00000278
00000120
00000186
00000338
00000347
00000050
0000026B
000002BB
FFFFFE71
00000070
FFFFFF30
FFFFFEEB
00000082
FFFFFE78
FFFFFFA3
FFFFFF82
0000000B
0000003F
FFFFFEAB
FFFFFEF8
000002CD
00000170
00000075
0000027B
00000267
FFFFFED9
FFFFFFBD
000000F7
000000A8
FFFFFE9A
0000005C
0000012D
FFFFFF23
FFFFFE86
FFFFFF32
00000163
000000D8
00000058
000001EF
FFFFFF80
00000038
FFFFFE55
00000157
0000017D
FFFFFE1D
FFFFFFF6
FFFFFF7F
0000008E
000000C1
FFFFFF18
FFFFFDD7
FFFFFEC0
FFFFFFEA
FFFFFE1B
FFFFFEE9
FFFFFF10
FFFFFFAC
00000140
00000107
FFFFFD26
00000179
000000EC
FFFFFEB7
00000071
0000003B
00000221
000000E7
FFFFFE8A
00000182
00000160
0000008A
0000009B
FFFFFDA1
0000008B
00000182
00000062
00000095
00000139
FFFFFF83
0000004D
FFFFFFD7
FFFFFFE6
00000206
FFFFFFBF
00000283
0000028A
FFFFFE2A
0000013C
FFFFFFFE
00000091
0000003B
000002BA
00000184
FFFFFFCC
FFFFFED1
0000025A
0000016C
00000371
FFFFFF73
FFFFFDE8
FFFFFF18
FFFFFDA3
FFFFFE7F
FFFFFF09
FFFFFE60
FFFFFF7B
FFFFFE2D
FFFFFFAC
00000083
000002E6
FFFFFF05
FFFFFF2B
FFFFFFE3
0000016A
000001F7
0000007A
00000110
FFFFFD4E
000000E1
00000114
FFFFFFDE
FFFFFD99
FFFFFF72
000000C9
FFFFFDF3
000000F5
FFFFFE8A
00000173
FFFFFFC4
000000BE
00000212
FFFFFFE6
0000014E
0000015E
FFFFFE0C
FFFFFF53
FFFFFE93
FFFFFCB7
FFFFFFDA
FFFFFF84
FFFFFF1F
FFFFFECC
00000017
00000079
0000004A
FFFFFE3B
00000100
00000040
FFFFFFFF
FFFFFF43
FFFFFFAA
FFFFFDE3
FFFFFE98
FFFFFF18
FFFFFF37
FFFFFF40
FFFFFF0F
00000064
FFFFFFA0
FFFFFF00
FFFFFFB8
FFFFFF6D
00000014
0000008D
0000021F
FFFFFEDA
FFFFFF0F
000001CD
000001D0
00000155
FFFFFDCA
00000086
FFFFFF92
FFFFFFBA
FFFFFF15
FFFFFD74
FFFFFFA8
000000B0
00000122
FFFFFE6E
FFFFFFAA
FFFFFF37
FFFFFF5C
FFFFFE93
FFFFFDE7
0000004E
FFFFFF40
0000003B
FFFFFFF6
0000007D
FFFFFFFF
00000117
FFFFFE36
FFFFFC74
00000183
0000009E
FFFFFE07
0000017E
00000011
FFFFFF9C
00000228
000001B0
00000025
0000003E
FFFFFEDE
FFFFFFC9
FFFFFFBA
FFFFFF16
00000051
000000C2
FFFFFFAE
FFFFFFF5
FFFFFF1D
FFFFFEC8
0000014E
FFFFFEC3
000000E7
FFFFFC86
FFFFFE27
00000064
FFFFFF97
FFFFFFCB
FFFFFF80
00000027
000001DE
000001DF
000000EA
00000108
000001A0
FFFFFFAC
FFFFFF50
FFFFFFCB
00000201
FFFFFF80
00000046
0000002F
000000D2
000001D5
00000100
000000FD
00000040
FFFFFF84
00000089
00000249
FFFFFF03
FFFFFFB2
000001B5
000001E1
0000007A
FFFFFFFA
0000005F
FFFFFE3B
00000284
0000020F
FFFFFF53
00000148
0000014B
0000007C
00000086
0000001C
FFFFFE24
FFFFFFF2
00000170
0000000A
00000202
00000016
FFFFFD52
FFFFFF06
FFFFFF88
FFFFFCEA
00000042
FFFFFFC1
FFFFFD2E
FFFFFDDC
FFFFFE76
FFFFFF6A
FFFFFDB6
FFFFFE3F
FFFFFF8B
FFFFFFB6
FFFFFD7E
00000048
FFFFFF44
FFFFFF1E
FFFFFF2B
FFFFFDD7
FFFFFFBD
FFFFFCC1
FFFFFD94
FFFFFE18
000000EF
FFFFFD1F
FFFFFCE3
00000085
FFFFFFFC
0000000C
0000004E
FFFFFCD5
FFFFFC54
FFFFFFFD
00000107
FFFFFFE6
00000029
FFFFFCA2
FFFFFFB3
00000013
FFFFFEC5
FFFFFFD8
FFFFFEAB
FFFFFFC6
FFFFFD6D
FFFFFC54
FFFFFE44
000002B3
00000291
FFFFFC41
FFFFFDB5
0000032C
00000196
FFFFFF6E
000001B6
000000EE
FFFFFE71
FFFFFD46
FFFFFE41
FFFFFE2E
000001A3
000001E3
FFFFFF90
FFFFFDBF
FFFFFE54
00000005
000001FD
00000372
FFFFFF05
000000F5
0000015B
FFFFFFCA
00000309
FFFFFEBE
FFFFFFEF
FFFFFFC8
0000006E
FFFFFD66
FFFFFCF6
00000058
FFFFFE85
FFFFFF99
FFFFFCA1
FFFFFF1C
FFFFFFCC
00000402
00000286
FFFFFF27
FFFFFD9B
000002F5
0000025B
00000129
00000245
00000121
FFFFFF66
0000018F
FFFFFD7E
000000DF
000000E2
FFFFFFAE
0000009D
FFFFFDC4
FFFFFF69
00000003
00000153
FFFFFDD6
FFFFFD6E
00000219
FFFFFEDF
FFFFFE94
FFFFFF02
00000295
00000287
FFFFFFF7
FFFFFC5A
FFFFFEB0
FFFFFC45
FFFFFFBE
00000058
FFFFFE10
FFFFFEB9
0000020E
FFFFFCCE
000001CA
FFFFFCCF
FFFFFE4F
FFFFFDE8
00000072
FFFFFF6B
FFFFFE71
FFFFFF41
00000033
00000101
00000069
00000018
FFFFFF51
0000010E
FFFFFDF8
000000B9
FFFFFE02
FFFFFD17
000000C1
FFFFFF3E
FFFFFEF7
FFFFFDAE
FFFFFD36
FFFFFCCC
FFFFFF01
FFFFFE5F
FFFFFE39
0000001C
FFFFFEB5
FFFFFF27
000001CF
00000084
0000008E
0000004D
FFFFFE7E
FFFFFD72
FFFFFDF7
FFFFFFFA
FFFFFE06
FFFFFE72
FFFFFD44
FFFFFCC4
FFFFFBDE
FFFFFC8A
FFFFFFA0
FFFFFD76
FFFFFC84
0000010A
FFFFFE09
000000C8
00000110
FFFFFF26
000000F5
FFFFFFE2
00000094
FFFFFD16
FFFFFF33
FFFFFF8A
FFFFFEA5
FFFFFAFD
000002CA
00000074
00000380
0000028C
FFFFFFBE
00000305
0000017F
000000B0
00000437
00000024
000001BE
000003D9
FFFFFFFB
FFFFFDC8
00000132
FFFFFE5E
00000170
0000018B
000001B0
000001F4
0000035C
FFFFFC56
0000005B
FFFFFE44
FFFFFD3F
FFFFFE2F
00000150
FFFFFFB8
00000247
FFFFFDE8
FFFFFD76
00000182
0000015B
FFFFFF96
FFFFFF28
000000BC
FFFFFF7F
0000018F
FFFFFF45
FFFFFF16
000000D8
FFFFFF64
FFFFFD20
FFFFFD4E
00000188
FFFFFFD2
000000C1
00000136
00000297
00000026
FFFFFFE2
00000288
FFFFFF33
000001DA
FFFFFF4A
0000005F
00000126
000000E1
FFFFFE92
00000064
00000031
FFFFFFDB
0000004A
00000030
00000261
0000014F
000002E1
FFFFFD57
00000011
0000030F
FFFFFF35
00000247
FFFFFD66
FFFFFE0D
00000087
FFFFFEA6
FFFFFF8E
00000141
0000043B
FFFFFF12
00000238
FFFFFDC7
FFFFFE58
FFFFFE1B
000001B4
00000369
00000049
00000277
00000147
FFFFFEDD
FFFFFF5A
FFFFFDC6
FFFFFE4C
FFFFFDDF
FFFFFF1C
FFFFFF76
FFFFFF78
FFFFFEA2
000000B7
00000228
000001AF
000000FD
00000017
FFFFFE58
000000CB
FFFFFFCB
FFFFFEA0
0000000F
FFFFFF95
FFFFFDE6
FFFFFD72
FFFFFD50
FFFFFEBE
FFFFFE8F
FFFFFE0A
0000006F
0000021B
FFFFFEE9
0000016E
00000170
0000035C
00000315
FFFFFCBE
00000223
FFFFFEC4
FFFFFF1E
000002F3
00000268
00000180
FFFFFF35
000001C4
FFFFFF83
000001B9
0000040B
0000019E
FFFFFD7C
00000216
FFFFFD86
FFFFFF49
00000075
FFFFFFB3
00000137
00000109
FFFFFE18
FFFFFFDC
0000009A
FFFFFED4
0000029F
00000020
00000162
00000162
000001A4
FFFFFFD6
FFFFFD15
0000021C
000000F5
00000037
FFFFFEB2
000000EA
00000091
FFFFFEE1
FFFFFEE1
00000118
FFFFFE5A
FFFFFFF3
000001CA
00000051
0000001C
00000025
FFFFFF48
000000EA
FFFFFD1C
FFFFFF2F
00000190
FFFFFF3E
FFFFFE83
FFFFFE15
FFFFFF84
0000008D
00000154
00000167
00000339
00000305
FFFFFEA6
FFFFFF0A
FFFFFED5
00000233
0000021B
FFFFFFF4
FFFFFDF4
FFFFFFFB
00000107
FFFFFF63
FFFFFF6C
FFFFFF10
0000002D
00000118
0000028D
FFFFFFE0
0000000E
FFFFFDB1
FFFFFDC9
0000010C
FFFFFDDF
000000CB
FFFFFED3
FFFFFF61
00000250
0000016A
FFFFFF6D
FFFFFDA1
FFFFFF62
000000F7
00000012
FFFFFD28
FFFFFF36
00000192
000001B0
00000255
0000023F
FFFFFEA0
0000043E
FFFFFD81
FFFFFF16
00000177
000003FA
0000026C
00000051
00000478
00000001
00000373
FFFFFFEC
000000F1
00000204
FFFFFF35
000000D4
FFFFFFBF
00000141
00000436
000002E5
000002D1
00000002
FFFFFF80
000001B1
0000002E
00000331
00000373
000002D9
000003B2
00000335
FFFFFF93
000000A7
000000C6
000004D2
00000539
FFFFFE9E
0000025F
00000294
00000325
00000088
FFFFFFAE
FFFFFB7B
FFFFFD8C
00000018
FFFFFC21
FFFFFEE4
FFFFFE4E
FFFFFCC2
FFFFFEA2
000000C1
FFFFFE29
FFFFFE46
FFFFFCAC
00000427
FFFFFD17
FFFFFF5E
FFFFFE68
000000DF
FFFFFFD9
FFFFFD17
FFFFFEAD
FFFFFEA4
FFFFFF0B
FFFFFDAC
FFFFFFDB
FFFFFE97
FFFFFF25
FFFFFE1B
00000121
FFFFFF70
00000085
0000037B
FFFFFFAC
FFFFFF1E
00000010
00000387
FFFFFFC0
0000043A
00000124
0000030D
0000003D
000002B6
000000A5
000001C3
FFFFFFFA
00000132
FFFFFE76
000000A7
FFFFFE14
FFFFFD64
FFFFFCCD
000000F1
000002DB
FFFFFEB1
FFFFFEEB
000000F1
FFFFFD31
FFFFFE7E
0000017C
FFFFFF95
FFFFFF93
FFFFFCD0
00000297
0000012B
FFFFFF88
FFFFFEC6
FFFFFD1F
FFFFFE4F
FFFFFDEB
FFFFFF77
FFFFFE65
FFFFFC03
FFFFFC7F
0000005D
000002B4
00000140
FFFFFD8B
FFFFFDA0
00000045
000001AD
00000071
000003B4
FFFFFF37
FFFFFC7D
FFFFFE19
FFFFFDC1
FFFFFFD7
FFFFFED1
0000000F
FFFFFFC6
FFFFFF92
FFFFFE81
000000E6
000000FC
FFFFFF2F
FFFFFE57
FFFFFDDD
00000241
00000068
00000103
FFFFFD50
FFFFFC75
FFFFFF0D
000001B2
FFFFFE29
FFFFFCAF
00000241
000001A6
00000061
0000023C
000001E3
000001C5
FFFFFF66
00000089
00000353
FFFFFDA7
000000DD
FFFFFE0B
00000054
FFFFFEF9
00000169
FFFFFEEF
FFFFFFEB
FFFFFE9C
FFFFFEA6
00000168
FFFFFF95
0000033E
000000BD
00000365
00000289
000001C6
000002D2
000000A3
0000024E
000000DD
FFFFFEFB
000001DD
FFFFFFFF
0000003E
00000015
000001C6
00000177
FFFFFE8F
000000D9
00000230
00000305
00000003
00000340
000001AA
00000044
FFFFFF80
FFFFFED7
FFFFFF41
FFFFFE28
FFFFFD43
FFFFFBD3
FFFFFFBC
FFFFFF82
FFFFFF5D
FFFFFFE2
00000032
00000111
FFFFFB13
FFFFFFA8
FFFFFBF3
FFFFFFE0
FFFFFF1E
FFFFFF72
00000072
FFFFFEF8
FFFFFCDD
FFFFFF5E
FFFFFF6A
FFFFFFC4
000002E6
0000022C
FFFFFE16
00000228
00000050
0000017E
000000BC
FFFFFE47
FFFFFE66
FFFFFFC9
00000090
FFFFFD18
0000019F
00000223
0000000A
FFFFFFB3
FFFFFDCD
00000166
FFFFFFC1
000000E8
FFFFFDE3
000001C3
00000079
000001D0
00000065
FFFFFFF7
000005EF
0000025D
0000043D
000000C2
000000D8
FFFFFFA6
000002BD
FFFFFF27
FFFFFFBE
FFFFFFC3
0000023F
FFFFFEE1
FFFFFDB4
0000014C
FFFFFF59
0000017D
FFFFFF97
FFFFFFC0
0000010D
00000209
00000215
FFFFFF48
FFFFFF71
00000366
FFFFFF80
FFFFFD1D
FFFFFF8C
00000044
00000272
FFFFFEDF
FFFFFD5D
000002B9
FFFFFFE1
FFFFFEC4
00000322
FFFFFF43
FFFFFEB1
FFFFFED1
00000218
000002BD
FFFFFF62
FFFFFFB6
FFFFFFD9
FFFFFEE9
FFFFFCA3
FFFFFD6E
FFFFFB66
FFFFFB50
FFFFFF5F
FFFFFD23
FFFFFDCD
FFFFFCCF
FFFFFCE2
000000A2
FFFFFF35
FFFFFDA5
FFFFFDF3
00000084
0000023D
FFFFFDC8
FFFFFF90
FFFFFF7E
00000065
FFFFFEBD
00000069
0000017D
00000332
000004BD
FFFFFE04
0000008B
FFFFFCDF
FFFFFDD5
FFFFFF02
FFFFFC54
FFFFFCE1
FFFFFCC6
000000FF
FFFFFFFC
FFFFFDE0
0000005B
FFFFFF19
FFFFFF4C
000000AD
000000E7
00000175
00000137
000000A6
FFFFFDE1
FFFFFE9A
000003DC
00000251
000002D2
FFFFFEFC
FFFFFED7
FFFFFFD3
FFFFFFC6
FFFFFF64
FFFFFF38
FFFFFC97
00000061
00000090
00000366
0000010D
000000F4
000000F6
FFFFFE73
FFFFFFFE
00000008
FFFFFC7F
00000161
0000017A
00000095
0000001D
0000009A
000001C7
00000111
0000032D
000003BA
0000010B
000002AE
000002D2
00000077
0000031C
FFFFFEC5
FFFFFDBB
FFFFFF6E
FFFFFEF3
00000008
00000136
00000176
FFFFFDAF
FFFFFF11
FFFFFE47
FFFFFF6A
0000015D
00000044
0000006F
000000FE
FFFFFE92
FFFFFF8B
FFFFFF13
00000030
FFFFFE8D
00000037
000001FC
0000003A
00000373
00000303
FFFFFEF5
00000128
FFFFFEE8
FFFFFE51
FFFFFFC9
FFFFFD8E
FFFFFF6A
000001D8
FFFFFF9D
00000161
FFFFFE0C
FFFFFECD
FFFFFFA3
0000030A
00000013
000002F0
00000202
FFFFFF29
00000434
00000263
0000025B
000000A7
FFFFFFB4
FFFFFFD4
FFFFFDB2
00000367
0000004E
00000229
FFFFFE73
000000D2
FFFFFF8A
FFFFFE58
FFFFFEE3
0000031A
000002F2
0000016F
FFFFFFFD
FFFFFEE4
00000015
FFFFFDB3
FFFFFECF
00000103
000000ED
FFFFFC27
00000000
000001A0
00000135
00000201
0000011A
00000446
000004F6
000002D3
FFFFFE9B
0000004A
000003B4
000004AE
00000111
FFFFFCF6
FFFFFF53
FFFFFCFE
FFFFFE5B
00000026
FFFFFE04
000002B6
00000132
FFFFFF3A
00000145
FFFFFE0A
000001E1
0000010D
00000180
FFFFFE0D
000001B2
00000178
FFFFFEA9
FFFFFEF8
0000015B
00000043
000001F6
0000017D
FFFFFEE7
0000034A
FFFFFF2D
0000025C
FFFFFFF9
00000047
FFFFFEA3
FFFFFFC9
00000233
000000D3
000001D1
FFFFFF4B
FFFFFEF2
000000F1
000003AF
0000019D
000001AC
0000014D
000000A8
000000B0
000002D1
00000312
FFFFFDAF
FFFFFEB1
FFFFFF78
00000101
FFFFFE9A
FFFFFFBC
0000006B
FFFFFFBC
FFFFFFDF
0000036F
000002BD
00000236
FFFFFFD6
000000D2
0000020E
00000028
000001DD
000000B0
FFFFFFC9
FFFFFFA3
000000A8
FFFFFFA0
FFFFFD43
FFFFFC2E
FFFFFDF9
FFFFFD04
000000B3
00000154
00000256
00000255
FFFFFEAF
FFFFFD81
000000A0
FFFFFE61
FFFFFEB8
FFFFFF96
000000B2
00000011
FFFFFE12
00000049
00000140
000000A7
00000037
0000030B
0000034D
FFFFFF03
FFFFFDD8
00000107
FFFFFE96
00000094
FFFFFF06
0000029D
FFFFFE62
FFFFFE2C
00000085
FFFFFF68
000002B6
FFFFFEBD
FFFFFF91
00000156
FFFFFEBC
FFFFFE8F
FFFFFFDF
00000122
00000020
00000297
000001E6
0000039C
0000012E
000001B5
000000AF
00000100
00000267
FFFFFFC9
FFFFFF30
000000AD
FFFFFFEE
0000010E
00000133
FFFFFF69
0000021E
000000A0
0000027E
000000B0
FFFFFD99
FFFFFDDB
FFFFFDB9
000000D3
FFFFFBE4
FFFFFEE2
00000125
000000ED
FFFFFEA4
000001C5
00000006
000000DC
000001C4
00000001
FFFFFF80
0000012D
00000499
FFFFFE43
FFFFFFE8
FFFFFEA6
0000037D
0000016C
FFFFFE24
00000354
0000004E
000001C3
FFFFFE8C
00000159
000003C9
00000062
FFFFFCC8
FFFFFEEB
FFFFFFE7
00000074
0000015C
000004B3
00000489
00000119
000001C6
0000026F
0000014B
00000330
000001C6
00000204
FFFFFBD5
FFFFFC50
FFFFFEE1
FFFFFF77
00000126
FFFFFDE5
000001B1
FFFFFD45
FFFFFDCF
FFFFFE29
FFFFFBD8
FFFFFF0B
FFFFFC6F
0000035D
FFFFFF26
FFFFFF9F
000000A5
0000009D
FFFFFF3C
FFFFFEB4
FFFFFBCB
FFFFFF79
FFFFFDC2
FFFFFEC8
FFFFFEED
FFFFFDD4
FFFFFFE9
FFFFFC29
00000156
000001A0
000003AC
FFFFFDB9
FFFFFFA8
FFFFFF82
FFFFFF98
FFFFFF60
000003D5
FFFFFE15
0000039C
00000245
00000253
000001D8
00000283
FFFFFE20
00000000
00000000
000000EC
FFFFFE65
0000014B
FFFFFC43
FFFFFD3A
FFFFFC48
00000305
FFFFFF16
0000034B
FFFFFEF5
FFFFFEFE
FFFFFFB2
FFFFFD99
00000342
00000154
FFFFFF58
FFFFFEA3
FFFFFE82
FFFFFF6C
000003FB
000000C3
FFFFFF78
00000022
FFFFFF13
00000208
000003AC
FFFFFFEC
FFFFFFD7
000000E7
000002B4
00000458
000001EF
000000BF
FFFFFBD8
00000038
FFFFFD5A
FFFFFED6
FFFFFFFF
00000025
00000212
FFFFFDD0
FFFFFCF8
000002BB
FFFFFFFA
000004A5
FFFFFFD8
00000216
00000127
0000010E
000002DA
000000D0
FFFFFA9D
FFFFFCA9
00000005
FFFFFE5D
FFFFFF96
000000F4
FFFFFF5E
00000103
FFFFFDE7
FFFFFF68
00000173
00000075
000001CD
00000162
00000045
00000148
00000165
00000150
FFFFFD3B
000002B6
FFFFFF01
00000238
0000027A
FFFFFFBD
000001D5
00000368
00000189
FFFFFFDE
0000022E
FFFFFE0F
00000111
000000EE
FFFFFEFB
FFFFFED0
FFFFFE0F
00000150
00000351
FFFFFFE6
0000022C
FFFFFDB3
000000D8
FFFFFF25
000001D2
00000015
000002B6
00000082
FFFFFE8A
FFFFFF19
FFFFFEB4
FFFFFE68
FFFFFEBA
000001BA
0000011F
FFFFFF80
00000024
00000088
00000025
FFFFFE75
000001CF
FFFFFFE6
00000087
00000000
FFFFFE52
00000083
FFFFFF55
FFFFFE8E
FFFFFF74
0000004F
FFFFFE52
000000A2
FFFFFFFE
FFFFFFDF
000000CC
0000017F
FFFFFD26
00000023
FFFFFDA0
FFFFFF42
00000079
0000019E
FFFFFF3B
FFFFFDE7
FFFFFF26
FFFFFE7E
000002A1
0000024F
0000019B
FFFFFECE
FFFFFEC2
0000001C
FFFFFF8E
FFFFFEF3
FFFFFE48
FFFFFFEA
FFFFFFA9
00000038
FFFFFF25
FFFFFF0F
0000016E
0000001B
0000007F
FFFFFE81
0000002F
FFFFFE07
FFFFFFED
FFFFFDA4
FFFFFEF2
0000010E
FFFFFD73
FFFFFE27
FFFFFF89
FFFFFEE1
FFFFFDD5
FFFFFEB1
FFFFFCCA
FFFFFF87
00000075
000000DE
00000306
0000028F
00000201
00000364
FFFFFDFB
FFFFFF71
000000B2
00000090
FFFFFD19
00000007
FFFFFE38
FFFFFDAC
FFFFFE55
FFFFFF8D
0000004B
000000A4
FFFFFDC8
000000AA
FFFFFD2C
00000177
000000A2
FFFFFF21
FFFFFF7D
FFFFFE79
FFFFFC90
000000A2
00000120
000000C3
000001FA
FFFFFE6E
FFFFFD9B
0000010F
000003D2
00000045
0000038A
FFFFFF04
FFFFFF74
0000005C
00000086
0000026D
00000012
0000002B
00000037
FFFFFF74
FFFFFE33
000000A3
000000C8
00000294
0000042B
000000FE
FFFFFE96
0000011C
FFFFFE81
000001C4
FFFFFE68
FFFFFF43
FFFFFEFD
FFFFFE29
FFFFFD31
FFFFFFF6
FFFFFD8A
FFFFFFD1
FFFFFF97
FFFFFF2F
00000080
00000188
FFFFFFAC
00000266
0000006A
00000000
FFFFFF61
FFFFFFC1
FFFFFF72
FFFFFF54
00000163
00000241
00000117
000000DB
FFFFFDCB
FFFFFF8C
FFFFFF2C
00000124
000001AF
000002DB
000002CA
0000012C
000000BF
00000152
000000A5
FFFFFD0F
FFFFFE90
FFFFFCBA
FFFFFEA4
000000D9
000000E6
FFFFFFA5
FFFFFB2D
FFFFFECC
0000007D
0000014D
000002BE
FFFFFE32
0000011E
00000000
000001CB
FFFFFF51
0000006D
FFFFFF11
00000197
00000217
FFFFFEAD
000000D0
00000084
FFFFFFE6
00000070
000002A1
000000B6
00000001
FFFFFE03
FFFFFF1E
000001F7
FFFFFFF3
0000003E
0000014A
FFFFFF71
FFFFFEAD
FFFFFFD5
FFFFFFAD
FFFFFED1
FFFFFF00
FFFFFECC
FFFFFE46
FFFFFFC7
FFFFFF89
FFFFFFEA
00000138
FFFFFE58
000000BE
FFFFFFAE
0000006B
FFFFFEE6
FFFFFEE8
FFFFFFA6
FFFFFE0C
00000216
FFFFFE31
00000299
000000EA
0000042F
0000005D
000000A2
FFFFFF41
FFFFFE85
FFFFFFDF
FFFFFEA7
00000140
000003CB
FFFFFFB5
00000238
000000A3
FFFFFEC2
0000007F
FFFFFF23
FFFFFFB6
FFFFFFD4
00000180
0000011B
FFFFFFE0
0000018B
00000141
000000D0
FFFFFF33
0000006F
00000174
FFFFFFDD
000000AF
00000262
FFFFFE05
FFFFFFA1
FFFFFF75
000003BE
000000FD
00000282
00000339
000002F8
0000001A
FFFFFF42
FFFFFEA9
FFFFFF79
FFFFFF7D
FFFFFDE2
FFFFFFA5
000000D8
FFFFFF9A
FFFFFFFE
00000144
00000098
00000223
00000201
00000212
FFFFFFD2
00000179
FFFFFFFA
00000260
00000312
FFFFFFD6
FFFFFFA7
FFFFFF09
FFFFFDDA
0000009F
000001A4
0000002B
FFFFFE94
00000154
00000075
FFFFFE77
FFFFFDC2
000000B2
FFFFFFE9
FFFFFE30
FFFFFFBB
FFFFFE1A
FFFFFE9E
FFFFFE1C
FFFFFE95
000000DC
000001D8
000000FB
FFFFFEAC
00000105
000000D8
FFFFFE8E
FFFFFE86
FFFFFF0E
FFFFFEE8
00000026
FFFFFF9B
00000162
FFFFFFF1
00000190
000000BB
FFFFFEE3
FFFFFE09
FFFFFF77
FFFFFF70
FFFFFFC9
0000000D
FFFFFFB9
FFFFFF05
00000139
00000147
FFFFFD68
FFFFFDD8
FFFFFED9
000000EA
000000AF
000001B3
FFFFFFC9
FFFFFF30
FFFFFE83
FFFFFFB8
FFFFFE6E
FFFFFEE1
FFFFFED4
000001F4
0000004C
FFFFFF99
00000152
00000147
FFFFFFB7
000000FC
FFFFFEB8
FFFFFFFA
0000003D
00000145
0000019B
0000026E
0000029D
000000B4
FFFFFF85
FFFFFEAF
FFFFFD52
FFFFFF48
FFFFFEBC
FFFFFE71
000001CB
00000306
FFFFFFB6
00000160
FFFFFE90
00000000
00000140
000001A1
FFFFFFDD
FFFFFFD4
00000258
FFFFFFBD
000001E6
FFFFFFE7
000000A7
000000E5
00000132
0000003F
00000055
0000024C
0000025C
FFFFFD92
0000002C
FFFFFD6B
000000A2
FFFFFDA5
000001DB
000001A2
0000007D
FFFFFFF2
00000075
0000006E
FFFFFE53
00000020
00000237
FFFFFF22
0000002F
00000152
FFFFFF39
FFFFFD4D
FFFFFF3C
FFFFFE48
00000184
FFFFFED8
0000000E
FFFFFE29
00000191
00000393
000000F2
000000B8
FFFFFE84
000002B9
0000002D
00000026
0000017E
FFFFFEA9
FFFFFFC3
00000190
FFFFFE24
FFFFFF92
FFFFFF0B
0000006A
0000009C
FFFFFE6D
0000007C
000000E1
FFFFFF47
00000013
000001B3
00000026
00000111
000000D5
00000059
FFFFFDC8
00000088
FFFFFDFB
0000003F
FFFFFF74
FFFFFFF7
FFFFFCD5
FFFFFF59
000000C6
FFFFFFBC
000000C8
FFFFFEB6
FFFFFE9E
00000136
0000017E
FFFFFD06
FFFFFE2D
FFFFFE3F
FFFFFFEF
00000159
000000EC
00000110
0000019D
000001B4
0000019F
00000043
00000017
FFFFFFC9
0000007E
00000071
FFFFFE5D
00000058
FFFFFF5D
FFFFFDEA
0000014E
0000007F
0000001C
0000006A
0000011F
00000154
FFFFFF20
FFFFFF70
00000110
00000044
FFFFFEB9
0000005F
FFFFFF74
FFFFFE15
FFFFFD86
FFFFFEFB
00000102
FFFFFF44
000001E0
FFFFFF47
FFFFFEA9
FFFFFF02
FFFFFEB7
0000005C
FFFFFEF7
FFFFFDD3
00000001
FFFFFEE1
0000005C
00000061
FFFFFF94
FFFFFDC1
FFFFFEEB
0000023A
FFFFFF61
FFFFFEF0
FFFFFE76
FFFFFF63
FFFFFF23
FFFFFED0
FFFFFF4C
00000082
FFFFFDB8
000001A4
FFFFFE4B
000000FB
00000161
00000195
0000005C
FFFFFE8C
FFFFFEA5
00000064
0000013F
00000221
FFFFFE65
FFFFFEA7
000001E4
FFFFFEFB
FFFFFF39
0000010A
FFFFFEF7
FFFFFF50
0000028E
000001B9
FFFFFF09
FFFFFFAB
FFFFFDEB
FFFFFE44
FFFFFFF1
FFFFFF4A
FFFFFF90
000000D2
0000006F
FFFFFEF3
FFFFFECB
FFFFFFA9
00000071
00000045
000000F4
FFFFFEC1
0000022F
FFFFFF46
FFFFFE60
FFFFFF36
FFFFFF92
FFFFFF4A
FFFFFF8F
00000068
0000001D
FFFFFE03
FFFFFE3C
FFFFFF4B
FFFFFD3D
000002AD
00000219
000000AA
FFFFFD1B
FFFFFF0F
FFFFFED0
00000023
0000015A
000001CE
FFFFFFE3
FFFFFD8D
FFFFFEAD
00000000
000001A8
FFFFFEA9
FFFFFFDC
FFFFFE76
FFFFFD9C
0000000B
FFFFFF33
FFFFFCD8
FFFFFD94
000000CB
FFFFFDD8
FFFFFDA8
FFFFFEB6
FFFFFFB3
000000A5
FFFFFF5F
000002AD
00000078
FFFFFAF1
00000010
FFFFFE15
FFFFFEDE
000000E1
00000305
FFFFFD48
000003AC
0000045C
FFFFFEC2
000000BF
000002F5
00000038
FFFFFFA7
000000A8
FFFFFF81
FFFFFC82
0000032C
00000273
FFFFFF79
FFFFFEC5
0000016F
FFFFFD51
FFFFFFFB
FFFFFFF8
000001D5
FFFFFD06
00000315
FFFFFEC5
FFFFFF14
00000324
0000024B
0000015C
FFFFFEDA
000001F7
FFFFFFA7
FFFFFE6F
000002F7
FFFFFDEF
FFFFFF3B
00000083
FFFFFFEE
0000004C
FFFFFE67
FFFFFF33
00000225
FFFFFE56
00000214
000000FF
FFFFFB5E
00000254
FFFFFFFD
FFFFFF18
FFFFFDBA
00000073
0000000B
00000289
000001FD
0000027B
00000133
FFFFFDA1
FFFFFE05
FFFFFED1
FFFFFE20
FFFFFEC7
FFFFFF18
00000058
00000319
00000002
FFFFFEFD
FFFFFED2
FFFFFDF0
00000121
FFFFFD3E
FFFFFFC2
FFFFFF58
FFFFFD4D
FFFFFD18
00000428
FFFFFEF0
FFFFFDB8
00000064
000002A4
FFFFFF5C
00000086
FFFFFEA9
000001BE
FFFFFC40
000001AF
0000016B
FFFFFEB7
FFFFFF2A
00000050
FFFFFFF7
FFFFFF4B
000004C4
FFFFFD92
FFFFFF7E
00000584
FFFFFFCF
0000004D
FFFFFF2A
FFFFFDB4
000001DD
FFFFFDAF
000001AF
FFFFFEFB
FFFFFEDF
00000133
FFFFFC26
FFFFFD81
FFFFFF55
FFFFFE43
000000AA
00000204
00000007
00000112
FFFFFF73
FFFFFFEA
00000323
FFFFFF11
00000277
0000039D
FFFFFEC8
00000395
00000024
00000103
000000BA
00000103
00000186
000002BC
0000019C
00000262
FFFFFF5C
FFFFFFAF
000001C6
FFFFFEC2
0000016F
00000198
FFFFFB8C
FFFFFF0C
FFFFFD51
FFFFFF94
FFFFFFBA
FFFFFD66
00000115
FFFFFF45
FFFFFF7E
00000058
00000115
FFFFFE88
00000199
000002C4
FFFFFFBB
FFFFFEFA
00000141
FFFFFEC5
000001CC
FFFFFE38
0000025C
FFFFFD74
0000015C
FFFFFF5B
FFFFFEDC
FFFFFE32
000000A0
FFFFFC2D
00000037
00000088
0000004E
00000127
000003B5
0000012F
00000285
00000243
00000293
000001FB
FFFFFB67
FFFFFC78
000001F4
FFFFFF59
FFFFFE3D
000000CE
FFFFFF81
0000004C
00000185
00000074
FFFFFF82
FFFFFE27
FFFFFE7D
FFFFFE68
000001BE
00000071
00000415
FFFFFF7C
FFFFFF8E
FFFFFD0F
FFFFFD70
000002DA
FFFFFE0C
FFFFFE47
FFFFFF1D
FFFFFF40
FFFFFF9A
00000203
FFFFFC00
FFFFFD8B
000003F3
FFFFFE97
FFFFFD49
FFFFFDA3
FFFFFE8F
0000008A
00000199
000003CA
000001ED
00000333
000003B8
0000013E
0000004E
00000117
FFFFFDBA
000001A8
FFFFFF13
FFFFFB8F
FFFFFD53
FFFFFE30
FFFFFC0E
00000105
000000F1
00000193
FFFFFDD4
0000024B
FFFFFFB9
FFFFFDD5
FFFFFED2
0000004D
FFFFFFB9
00000376
FFFFFF19
FFFFFD66
FFFFFC31
00000129
FFFFFFEF
000000EC
FFFFFEAD
FFFFFEFC
00000147
00000362
FFFFFFA9
0000018A
FFFFFFD5
FFFFFE7D
FFFFFD86
FFFFFF4A
0000002A
000000B8
0000038E
000000B3
FFFFFFFA
000002A6
FFFFFF66
0000010B
FFFFFE79
FFFFFF7A
FFFFFE75
FFFFFF6F
FFFFFCED
FFFFFC5B
000001C2
000000DE
000001F7
0000006B
0000013B
FFFFFCC6
00000227
FFFFFFB1
00000217
000000CF
FFFFFE14
00000332
00000145
FFFFFD83
00000322
00000150
00000220
000001B7
00000053
FFFFFFC1
FFFFFE9C
000002F0
0000031B
000002D5
FFFFFFD0
00000005
000001E9
00000189
FFFFFF95
00000044
FFFFFE9E
FFFFFDD8
000000C9
FFFFFD5B
00000269
FFFFFDE6
FFFFFCBD
00000545
FFFFFF73
FFFFFF5B
000004B3
FFFFFE60
00000249
00000147
FFFFFEF5
000000F2
FFFFFEC3
0000022F
FFFFFF76
FFFFFE45
FFFFFEB2
FFFFFFFD
00000521
FFFFFAD3
FFFFFD6C
000004B4
FFFFFD40
0000008D
000002EB
FFFFFBDB
FFFFFF1D
0000010D
FFFFFFAA
00000176
0000004F
00000004
00000465
FFFFFE90
0000012F
FFFFFFB6
FFFFFEE0
00000186
FFFFFCB4
FFFFFFEF
0000004F
000001A7
0000018C
FFFFFF33
00000292
000000BD
00000393
0000025E
0000010D
0000023B
00000458
FFFFFFC3
0000037C
FFFFFF27
00000019
000002A0
FFFFFFD6
0000016A
0000023C
00000296
000001A4
FFFFFFD8
0000036C
FFFFFEBD
FFFFFCFD
00000242
FFFFFFFE
FFFFFFDB
000003DF
FFFFFF06
0000003D
FFFFFF33
FFFFFDCD
FFFFFD06
FFFFFFC2
0000008F
FFFFFD93
0000015D
FFFFFE86
000000BB
0000044F
FFFFFF35
0000007C
FFFFFF0C
00000251
00000272
0000026C
FFFFFF08
000000BC
FFFFFF6B
00000029
00000010
00000206
FFFFFDB7
000001CB
FFFFFF04
00000190
000000B3
00000098
0000038A
FFFFFF09
FFFFFF8C
00000013
0000004E
000000BB
FFFFFF4E
FFFFFDBD
00000289
FFFFFDC4
FFFFFF9A
FFFFFD85
000002ED
00000068
FFFFFF5C
FFFFFF3E
000002BE
00000180
000001FA
FFFFFDE1
000001BA
FFFFFD4E
FFFFFE43
0000004A
FFFFFFC7
FFFFFFB1
000000CC
000000D3
00000133
FFFFFEA0
FFFFFF83
0000026C
0000033B
0000019C
00000018
FFFFFF4B
FFFFFD78
FFFFFD67
00000249
FFFFFF74
FFFFFCCD
00000329
00000184
FFFFFF5D
FFFFFEF6
000001BF
00000175
FFFFFE63
FFFFFE14
00000086
00000041
0000025F
FFFFFE21
000000CF
00000146
FFFFFDE7
FFFFFEE5
FFFFFFA7
00000178
00000210
00000355
00000002
00000299
FFFFFEB7
000000FF
00000147
000000BE
00000061
00000097
FFFFFDC6
FFFFFF7B
FFFFFCEA
00000387
FFFFFF7B
FFFFFFA1
000002D6
FFFFFE62
FFFFFE90
FFFFFDAC
FFFFFD2F
FFFFFD1C
000000C6
FFFFFF51
FFFFFDEE
00000129
000001BF
FFFFFD12
FFFFFE8A
00000191
00000127
FFFFFC26
0000010D
00000070
FFFFFC8E
FFFFFFCA
FFFFFEA6
FFFFFEFE
FFFFFFA2
00000029
FFFFFD60
00000273
000000C6
FFFFFEC7
000001BF
FFFFFF30
FFFFFDB2
0000000D
FFFFFF68
00000070
FFFFFE13
FFFFFFAA
0000026B
00000073
000000FD
00000199
00000125
00000161
FFFFFD62
000002DE
000000F8
FFFFFD81
FFFFFEC3
FFFFFFB3
FFFFFD72
00000060
000002F5
000000BC
FFFFFBF8
00000276
FFFFFE19
000000D2
FFFFFECD
FFFFFD14
FFFFFF2E
00000121
000001EC
FFFFFD21
FFFFFF9C
00000136
FFFFFE4C
FFFFFE96
FFFFFE0C
FFFFFE3E
FFFFFE3D
000000E3
FFFFFE97
000002B4
FFFFFED1
FFFFFF4B
0000002F
FFFFFDCB
00000338
000000DC
FFFFFE55
FFFFFC4C
000000C8
00000088
FFFFFE69
FFFFFF1D
FFFFFD86
FFFFFD78
FFFFFDD1
000000B2
00000167
FFFFFFEC
0000004D
FFFFFF61
0000002F
FFFFFDD2
0000004F
0000017B
0000017B
00000115
FFFFFF6C
FFFFFF01
FFFFFF2D
FFFFFFAF
FFFFFEC3
FFFFFE07
FFFFFFEC
000000C4
0000026A
FFFFFEB9
00000001
0000009A
FFFFFEF9
00000086
FFFFFEE2
FFFFFDE6
FFFFFF85
000000EA
FFFFFC7F
FFFFFDF3
FFFFFD68
00000048
00000072
FFFFFFAE
00000189
00000166
00000162
FFFFFFBF
FFFFFF5F
0000006B
FFFFFEB9
FFFFFFC1
FFFFFF28
FFFFFF6E
000000B4
FFFFFE61
00000020
0000023D
000000A8
FFFFFF76
FFFFFF63
0000001D
000001CC
FFFFFF72
FFFFFE76
FFFFFFD6
FFFFFD71
FFFFFFCB
00000192
FFFFFF7C
000001B9
FFFFFDC6
FFFFFFFB
FFFFFDD4
FFFFFD79
FFFFFE7A
0000006A
FFFFFD75
FFFFFF8F
FFFFFDEA
000000F3
FFFFFE5D
0000007E
FFFFFE99
FFFFFF3E
00000133
00000117
FFFFFEE8
FFFFFF76
000001F9
00000041
FFFFFEA5
0000018C
000000F1
FFFFFF58
00000321
00000327
00000149
FFFFFEAE
0000026E
FFFFFFA9
FFFFFF3D
FFFFFE1B
FFFFFFD1
FFFFFF4A
000000F2
0000014A
FFFFFFA4
FFFFFFFE
0000023D
0000002E
FFFFFF03
FFFFFF41
FFFFFEDB
0000007C
000000A6
FFFFFF7D
FFFFFF3F
00000133
FFFFFF08
00000111
00000274
00000210
FFFFFEAE
FFFFFFE1
FFFFFEDE
FFFFFE5C
FFFFFCB7
FFFFFCCD
00000009
FFFFFFA1
FFFFFE57
FFFFFDF3
FFFFFEA2
FFFFFFCF
000001C7
00000215
0000003D
FFFFFE96
FFFFFE53
0000009D
FFFFFF24
0000012E
FFFFFFDA
FFFFFF6E
0000003E
FFFFFFBA
00000042
FFFFFF75
00000062
FFFFFF8C
FFFFFF50
FFFFFF38
00000273
FFFFFF9F
000001EE
FFFFFFA7
000000B2
00000082
FFFFFE72
0000011E
000000C0
FFFFFEA1
FFFFFF9B
00000184
00000132
00000229
FFFFFEA0
FFFFFF94
000001C1
0000004F
FFFFFFF6
000000B2
FFFFFF1C
000000F5
FFFFFE9B
FFFFFFB7
FFFFFFA8
FFFFFE2A
000000F2
00000170
FFFFFDBB
000001D4
00000186
FFFFFEDB
FFFFFFA0
000000B5
FFFFFD33
000000C2
000000C1
FFFFFF64
000000ED
00000174
000000C8
FFFFFFFD
000000EA
00000133
FFFFFF04
FFFFFFAE
000000DE
0000008A
00000000
FFFFFF79
000000B2
FFFFFE4D
FFFFFF2A
FFFFFFAD
FFFFFF58
00000092
00000081
FFFFFE0D
000000AF
00000027
00000096
0000007E
FFFFFCFC
000000AB
FFFFFF0B
FFFFFD88
FFFFFEC1
FFFFFCFB
FFFFFFE8
FFFFFE8D
FFFFFEBA
0000007D
FFFFFF6C
00000097
FFFFFE83
FFFFFF25
FFFFFE2C
00000122
00000032
00000173
FFFFFF2C
FFFFFF20
000001CE
000002DA
00000038
0000027E
00000198
FFFFFF87
00000059
000001C3
000001A0
00000087
FFFFFF46
FFFFFFD7
00000012
FFFFFEEA
FFFFFE68
00000073
0000029D
00000171
00000253
0000041E
0000012C
FFFFFFE8
FFFFFE33
FFFFFE11
FFFFFFC0
FFFFFCDB
000001AA
FFFFFFF3
FFFFFF04
FFFFFFFE
FFFFFDF4
FFFFFE99
000000D5
FFFFFCEC
00000293
FFFFFFCB
FFFFFE8A
000000D0
00000105
000001B5
000000D4
0000010C
FFFFFE13
FFFFFE58
FFFFFD1D
0000009E
0000032E
FFFFFF86
FFFFFDE6
FFFFFFA4
FFFFFE35
00000037
0000003C
000001A9
00000028
000000A5
FFFFFFD9
0000028A
00000246
0000004C
FFFFFF1D
0000006D
00000284
00000235
0000005D
FFFFFEE8
FFFFFFB1
0000012F
FFFFFE0B
FFFFFEB6
0000021B
FFFFFF75
FFFFFF70
0000031C
000001F7
0000010E
000001F0
00000239
00000084
FFFFFDFE
FFFFFF29
FFFFFD6B
FFFFFFE3
FFFFFEF0
FFFFFDC1
FFFFFF9E
FFFFFECF
FFFFFE59
FFFFFD36
00000262
FFFFFFA0
FFFFFE01
000001EF
FFFFFF32
000000E1
0000013C
FFFFFE13
FFFFFFDF
FFFFFEA5
FFFFFE75
00000119
000000C0
FFFFFE76
00000014
FFFFFED3
00000207
FFFFFF33
FFFFFFED
00000119
00000031
FFFFFEFF
FFFFFF0B
0000007C
00000038
00000030
00000133
00000104
FFFFFE78
00000086
FFFFFF66
FFFFFE71
FFFFFF00
FFFFFD33
FFFFFE12
FFFFFE83
FFFFFE71
00000057
00000112
00000083
FFFFFF9C
00000008
FFFFFE15
FFFFFF71
000000E8
000000F7
FFFFFDEF
0000002A
000000F4
FFFFFE89
00000168
FFFFFFA4
0000018C
FFFFFE28
00000184
00000160
FFFFFF43
FFFFFF43
FFFFFE0E
FFFFFDCF
00000028
FFFFFF62
FFFFFFDA
FFFFFDFC
FFFFFC12
000000FF
FFFFFD33
000000E6
FFFFFF69
000000CB
0000014D
00000202
000000D4
FFFFFF7D
FFFFFF11
FFFFFD91
FFFFFEE5
000002EB
0000018F
000001A7
0000023C
00000004
FFFFFDD4
00000190
000000DD
00000201
00000143
0000008E
000002B4
0000001E
0000021F
00000064
FFFFFF43
FFFFFEDA
00000113
0000000E
0000016A
000000CB
00000152
00000319
FFFFFFD0
000001A9
00000184
000000BC
000002C2
00000093
000000B2
0000010F
FFFFFF48
000002A2
0000019E
00000043
FFFFFFF3
FFFFFF8B
00000206
0000024F
00000091
FFFFFF64
FFFFFEF3
FFFFFEF8
FFFFFF70
FFFFFEAA
FFFFFEFD
00000064
FFFFFE94
00000269
00000175
0000010A
00000135
000000CC
00000178
FFFFFFAA
FFFFFE04
FFFFFEF5
FFFFFDC4
FFFFFCA2
FFFFFDDF
FFFFFE82
FFFFFF3C
FFFFFE99
00000046
00000003
000000EE
000001F5
FFFFFF94
00000281
FFFFFE50
0000015C
00000034
00000148
00000053
FFFFFFA1
00000073
FFFFFEBF
0000004E
FFFFFE16
FFFFFE62
00000089
00000054
FFFFFF78
FFFFFDF0
000000EE
00000296
0000016D
FFFFFFA9
000000DF
000001A7
FFFFFE49
FFFFFF66
00000121
FFFFFD70
00000087
00000121
FFFFFEC8
00000113
FFFFFEA1
00000060
000000C3
0000014B
FFFFFEC9
FFFFFF61
FFFFFEAC
FFFFFFE9
0000013C
0000023D
FFFFFE11
00000052
FFFFFF78
FFFFFDD4
FFFFFCB5
FFFFFE2A
00000059
00000076
000001EA
FFFFFDBD
FFFFFEBD
00000111
FFFFFF44
FFFFFEDF
000001AF
FFFFFEF6
0000006D
FFFFFF96
FFFFFDEF
FFFFFFFA
FFFFFF11
FFFFFD90
00000039
000000AE
00000123
00000076
FFFFFF2E
00000089
0000026E
0000011F
00000027
000001C7
FFFFFF38
0000012C
FFFFFFFB
FFFFFFAC
00000081
0000008C
FFFFFFD8
000001D0
FFFFFEBB
FFFFFF54
00000111
00000219
FFFFFFC0
0000006D
FFFFFF7E
FFFFFF5F
000000B8
000001C0
00000317
000003A3
0000007D
000001D3
000002B5
FFFFFFD8
00000122
FFFFFF65
FFFFFF67
FFFFFF91
00000289
000000BF
FFFFFF8E
00000088
000002C2
0000003A
00000166
FFFFFFD6
0000012D
FFFFFEB6
0000015F
FFFFFE57
FFFFFF89
000000C5
FFFFFD8A
FFFFFF6E
00000009
00000070
0000004D
FFFFFE10
FFFFFE33
00000045
00000164
0000015F
FFFFFF71
FFFFFF8B
FFFFFE36
00000130
FFFFFFC6
FFFFFE4A
FFFFFD80
FFFFFF9C
000000BD
FFFFFFA8
FFFFFF21
FFFFFE06
00000093
FFFFFDF9
00000197
00000059
000000C3
0000011B
0000017A
0000000A
00000079
FFFFFE04
FFFFFF62
0000007A
0000001D
0000003E
FFFFFCDF
FFFFFE34
0000000F
0000011F
00000020
FFFFFCDD
000000B0
FFFFFF23
00000150
000001C9
FFFFFF75
00000001
FFFFFFED
FFFFFED1
FFFFFFE5
00000033
FFFFFF4D
000000B9
FFFFFC8E
0000011B
000000F3
FFFFFC43
FFFFFC21
FFFFFFBD
FFFFFBA8
FFFFFD8F
FFFFFF04
FFFFFDEE
000000E7
FFFFFE3F
FFFFFDE7
FFFFFF9F
FFFFFE17
FFFFFDC1
FFFFFDCD
0000015D
FFFFFF9E
FFFFFE2E
00000190
FFFFFFB4
FFFFFD53
FFFFFEF9
FFFFFE01
0000018F
0000008B
000002FD
00000161
FFFFFF95
0000006C
000000FE
FFFFFF21
00000188
00000014
00000080
000002BF
FFFFFDBA
00000023
0000002B
00000086
FFFFFE07
FFFFFECD
FFFFFCAE
FFFFFFA2
0000007A
FFFFFEC3
000000D8
00000277
FFFFFFBE
FFFFFE73
FFFFFF4F
FFFFFEC9
FFFFFF93
000000D1
00000242
000001C7
FFFFFD9C
00000189
FFFFFF81
FFFFFF3A
00000082
000000C1
FFFFFF7C
0000016D
0000021F
00000243
00000054
00000218
0000019F
000000FA
0000028F
00000314
FFFFFD54
FFFFFC56
FFFFFE24
000000B9
000000E3
FFFFFFE2
FFFFFFB4
00000049
FFFFFD6F
FFFFFFD7
00000133
000001B6
FFFFFF5A
FFFFFEE7
0000007E
000001D2
FFFFFE10
FFFFFF1A
0000027D
0000015E
000000E0
00000254
00000269
000003D4
FFFFFEEB
000001BA
0000001A
FFFFFE45
0000023F
00000070
0000009D
000000E0
000002B9
FFFFFF0B
00000116
00000101
FFFFFF00
000003B9
000001FA
0000021B
00000068
00000103
0000035A
000002AC
000003D9
000004C9
FFFFFF40
FFFFFFED
FFFFFF6F
000002FB
FFFFFD1D
0000005B
FFFFFFCD
FFFFFD82
000000A1
0000037C
FFFFFFC5
0000005B
FFFFFEB2
FFFFFD6E
000001C8
FFFFFF36
FFFFFF3E
FFFFFF62
FFFFFFC1
FFFFFC80
FFFFFD5F
00000163
0000010B
000000E5
FFFFFF43
00000074
00000163
FFFFFFF7
FFFFFD4D
FFFFFCC2
0000010D
00000097
FFFFFE66
00000218
00000322
000002CC
000000F4
FFFFFDC3
FFFFFE81
00000092
00000116
FFFFFF6E
00000089
FFFFFEA0
00000174
0000017D
FFFFFF74
FFFFFF8E
000000AC
000001F5
FFFFFF67
FFFFFF5A
00000330
0000001D
0000021A
00000352
FFFFFEBF
FFFFFF59
000004B0
FFFFFF24
00000130
00000251
FFFFFF3F
000000F7
00000257
FFFFFF00
FFFFFDF7
00000013
0000013B
000001E7
FFFFFE8D
FFFFFFBE
0000014F
FFFFFEB2
00000018
000000D9
FFFFFFFD
000002BE
FFFFFF61
FFFFFF62
00000082
FFFFFF25
000001F4
00000303
FFFFFE5E
0000012E
00000018
0000013A
FFFFFE3F
FFFFFE86
000001FA
00000081
FFFFFFE8
FFFFFF8A
FFFFFFED
000000CF
00000040
00000124
000002DF
0000029C
0000003F
000003E5
00000088
FFFFFF63
000002C4
0000026F
FFFFFF59
0000014E
000000BF
FFFFFDBC
FFFFFFA2
FFFFFFDF
FFFFFEAB
FFFFFFF4
FFFFFE03
00000155
FFFFFF32
FFFFFED3
000002A0
0000012A
00000161
00000099
000000B6
0000028D
00000272
00000219
FFFFFF2A
FFFFFFB4
0000037E
FFFFFEC8
000002D9
00000148
0000029B
000002A0
FFFFFE7B
00000285
FFFFFE8C
FFFFFE9D
FFFFFF1B
FFFFFE92
0000016C
00000122
00000076
000001A2
FFFFFEA1
00000022
0000015D
FFFFFF7C
00000052
000000B4
0000035A
FFFFFDA9
FFFFFD9E
FFFFFF96
FFFFFF54
000000A1
0000013D
000000CE
FFFFFEFB
00000167
FFFFFFFD
0000005C
0000014E
000000D1
000002EE
000001E3
00000080
0000013C
000001BD
FFFFFD0E
FFFFFD54
000001EB
0000002B
FFFFFF74
0000012F
0000001E
FFFFFE6C
000000B2
0000018B
00000110
000001F2
FFFFFF63
FFFFFF64
000001D0
FFFFFD77
FFFFFF88
FFFFFD81
00000074
00000147
FFFFFE42
00000128
00000303
FFFFFF1A
00000322
000003CF
0000007C
00000228
FFFFFFCE
00000289
000003E3
FFFFFEFF
000000D1
00000226
0000022E
0000022D
0000037C
00000228
000001AF
FFFFFEA1
000002AE
0000030A
0000004C
FFFFFF96
00000042
FFFFFD2B
00000000
00000245
00000046
000002A1
000000EF
0000013D
000002D1
000000C2
FFFFFF82
FFFFFF64
FFFFFD56
0000007A
FFFFFEB5
00000056
FFFFFDC6
000000B5
FFFFFC31
00000048
FFFFFD5E
FFFFFF88
0000011A
0000023D
FFFFFF43
000000EC
0000009C
00000033
FFFFFE8B
000000B8
FFFFFF1F
00000193
000000D5
FFFFFDBB
FFFFFE79
FFFFFDD9
FFFFFDA2
FFFFFF92
0000010E
0000024D
FFFFFED4
000001B5
FFFFFED0
FFFFFFAC
FFFFFEA6
000000D1
000001BF
FFFFFE14
0000016D
FFFFFD69
FFFFFCF3
FFFFFDC1
FFFFFEB5
FFFFFE03
FFFFFE57
FFFFFFF4
FFFFFCD0
00000205
0000018E
FFFFFE25
FFFFFF22
000001FC
FFFFFFB6
FFFFFE43
0000004C
FFFFFF37
000003A7
000000F3
000002CB
FFFFFFF5
FFFFFE04
0000025B
00000196
000001CF
00000031
00000059
00000253
FFFFFF9B
FFFFFDA3
000000AB
0000004F
00000070
000000E0
000003ED
FFFFFEE2
FFFFFF01
000002B0
FFFFFFAF
FFFFFE5A
00000149
00000116
FFFFFE04
FFFFFD33
00000214
00000141
FFFFFE14
FFFFFD37
00000070
FFFFFEA6
FFFFFF92
00000186
000001CB
FFFFFCE2
000001EB
00000023
FFFFFDE4
FFFFFE97
00000155
0000000A
FFFFFF89
00000010
FFFFFE44
FFFFFE5A
0000003D
FFFFFF91
FFFFFDD3
FFFFFF80
FFFFFF2F
FFFFFEBD
00000063
00000132
00000072
000002DB
00000097
FFFFFF95
FFFFFFA1
FFFFFE05
000000E1
FFFFFDD4
FFFFFD53
FFFFFFA5
FFFFFE55
00000089
000001B0
FFFFFF2D
FFFFFE9D
0000015A
000001AC
FFFFFFC4
FFFFFFD0
000001CF
000003A4
FFFFFEC1
000001F3
000001F1
00000376
00000011
FFFFFFEC
000000DE
00000066
00000047
0000018B
000002B4
0000005D
FFFFFDE2
00000195
FFFFFFA5
00000266
0000032D
FFFFFE6E
000001C9
00000320
0000002A
000000D6
00000199
0000026F
FFFFFDDF
00000024
000001A3
000000A7
FFFFFF82
FFFFFF8C
00000170
000001E8
FFFFFF66
000002F5
000001E5
000001C5
0000020C
00000249
FFFFFEA7
00000375
FFFFFD82
FFFFFD8B
FFFFFFB3
FFFFFFF9
0000004B
FFFFFE3A
00000184
FFFFFEAC
000000B2
FFFFFFAC
FFFFFFE2
0000012E
FFFFFF72
000001C4
00000000
0000013B
FFFFFFD1
00000236
FFFFFC52
FFFFFD7A
00000131
FFFFFFED
FFFFFC52
FFFFFC9F
FFFFFFC6
FFFFFDDA
FFFFFD1D
00000071
FFFFFD7F
FFFFFEF7
00000062
FFFFFEEE
000000A1
0000013B
FFFFFF88
FFFFFE40
FFFFFE93
FFFFFF4A
FFFFFB57
000000D3
FFFFFD2A
FFFFFF7B
00000058
0000002A
FFFFFD33
000000A3
FFFFFD49
00000066
00000427
FFFFFFD9
FFFFFE29
FFFFFFC6
0000014E
FFFFFF42
00000092
0000013D
FFFFFD62
0000003D
FFFFFE8F
FFFFFDF3
000000F8
00000116
FFFFFE8B
000000E3
000002D4
FFFFFFBA
0000013A
FFFFFED8
000001A6
00000340
FFFFFFAD
FFFFFF9F
FFFFFE21
FFFFFBFF
FFFFFD1B
FFFFFBD9
FFFFFF51
FFFFFC92
FFFFFE11
FFFFFE0C
FFFFFFB8
FFFFFF9E
FFFFFF94
0000010B
000001D3
00000086
00000208
000000FC
00000000
FFFFFE81
00000073
FFFFFF92
FFFFFDC7
FFFFFEF6
FFFFFDF6
FFFFFCCA
00000190
FFFFFE4A
00000154
00000021
FFFFFF15
000000AD
FFFFFAC4
00000082
0000002A
FFFFFED2
FFFFFDE1
FFFFFD90
FFFFFD77
FFFFFF57
000000B8
FFFFFFBD
FFFFFD60
FFFFFEE1
000000DF
0000027B
FFFFFECB
00000084
00000047
FFFFFFA4
0000011F
FFFFFF4C
FFFFFD23
FFFFFE0C
FFFFFE70
FFFFFFCF
00000091
FFFFFEC9
000001DC
00000257
000000BD
0000008F
FFFFFD91
FFFFFE1A
FFFFFE23
FFFFFFD2
000000B0
FFFFFF9B
FFFFFF45
FFFFFF5F
FFFFFEAE
000000EF
FFFFFD8A
FFFFFC6D
FFFFFF72
FFFFFF99
0000012C
FFFFFDD4
FFFFFE2A
000000F1
0000033D
000001F3
000000EB
000000C8
FFFFFE7A
FFFFFBE8
FFFFFE2F
FFFFFD1F
FFFFFEB7
FFFFFEDE
FFFFFFD9
FFFFFC78
FFFFFDF4
00000083
FFFFFDD1
FFFFFFD7
FFFFFF36
FFFFFFC7
FFFFFD83
FFFFFD35
0000011C
0000009F
FFFFFF05
000001A5
000001D9
00000113
FFFFFE87
00000034
0000023F
FFFFFDAE
00000057
000000EE
FFFFFFC7
FFFFFE40
00000312
000002D9
00000157
000001EF
FFFFFF4D
00000000
FFFFFFCD
00000336
0000010C
000002C9
FFFFFF1F
00000331
000001AF
00000066
FFFFFE58
FFFFFF60
000002F9
00000019
FFFFFE5B
000000E2
FFFFFDC4
FFFFFD0C
00000037
FFFFFEB2
00000296
0000026E
FFFFFDFC
000000B9
FFFFFFF4
FFFFFCF5
000000F7
000001AA
FFFFFFEC
0000005F
FFFFFF89
FFFFFF7B
000000F8
FFFFFFE4
FFFFFBF7
FFFFFD1F
FFFFFF89
FFFFFFF1
0000006F
000000E9
00000032
FFFFFF02
FFFFFE56
000001CE
FFFFFEA8
000001BD
FFFFFF8E
FFFFFFFF
00000120
00000372
FFFFFFD8
00000429
000001A8
FFFFFEC8
00000061
0000027F
00000198
FFFFFDF0
000002E5
000001CD
00000409
FFFFFF4E
00000197
00000401
00000279
0000016C
0000031D
FFFFFFDB
FFFFFDA5
000003BC
00000254
00000309
FFFFFF0E
00000114
FFFFFF5D
FFFFFDD2
00000103
FFFFFF83
FFFFFC0B
000001AE
0000004F
FFFFFF43
FFFFFF10
FFFFFD71
FFFFFE98
00000085
0000003B
FFFFFDCE
0000002E
FFFFFE5C
00000074
0000001B
0000004F
FFFFFFF2
0000036B
0000006B
FFFFFE86
FFFFFEF0
00000132
00000147
00000034
FFFFFEF6
00000024
000001E1
FFFFFFD0
FFFFFD7D
00000105
FFFFFEE0
FFFFFF6E
00000120
FFFFFEE8
FFFFFF3E
00000355
FFFFFF38
FFFFFFFD
0000019A
0000006F
000000F1
FFFFFD59
0000017C
0000022A
00000070
00000345
FFFFFD95
00000032
00000135
FFFFFFFE
FFFFFF06
FFFFFFDD
000002C2
000000CD
FFFFFEFB
00000113
FFFFFFB5
FFFFFE6D
FFFFFF45
00000054
000004D4
000001CF
FFFFFDC1
0000025B
0000036F
FFFFFFA3
000002EE
0000020E
FFFFFCC9
FFFFFC98
FFFFFFEC
FFFFFFDB
FFFFFFC7
000000B9
000000F0
FFFFFF61
FFFFFF5E
00000138
0000016D
FFFFFC70
FFFFFC5B
FFFFFE25
FFFFFCA2
FFFFFF7B
FFFFFF46
FFFFFCB0
000001FB
FFFFFD47
FFFFFEF9
00000167
0000034C
0000009F
FFFFFF13
000002BA
00000246
000001F0
0000017C
FFFFFF59
FFFFFE5A
00000138
00000093
00000057
FFFFFD65
FFFFFFE4
000002AD
FFFFFE88
00000183
0000014B
0000007D
FFFFFF65
FFFFFECF
FFFFFFEC
000000FF
00000087
000001B3
0000002E
FFFFFF66
FFFFFE70
FFFFFE35
FFFFFF30
000002B1
FFFFFE96
00000036
FFFFFF4C
0000014C
FFFFFCB5
FFFFFD4F
000002F0
00000220
0000015B
FFFFFED5
0000030C
00000047
FFFFFF3E
FFFFFCA2
FFFFFC30
000000B4
000001AA
0000003A
FFFFFFA4
00000275
FFFFFF59
00000092
FFFFFEBD
000002E3
00000278
000000D4
000000B3
00000154
0000037E
FFFFFFE6
000000C2
FFFFFFF2
000000B4
00000251
00000072
00000187
00000041
000001BF
00000068
00000158
00000054
FFFFFF8B
FFFFFF97
00000303
000000CF
0000011E
0000021A
000001D6
0000030D
00000240
00000198
00000242
00000040
00000026
00000098
FFFFFD71
FFFFFF59
FFFFFE8F
0000020F
FFFFFCB5
FFFFFF49
FFFFFD47
FFFFFDDA
FFFFFC89
000002C1
FFFFFFBB
00000088
000001C1
000001A7
FFFFFE9E
00000008
FFFFFEE9
FFFFFEF0
00000235
000001E7
00000105
FFFFFD43
FFFFFD7F
FFFFFFC2
00000136
00000122
FFFFFE23
00000044
FFFFFEA9
000000FB
FFFFFC6E
00000068
FFFFFF40
FFFFFCD1
0000019E
0000026C
00000399
00000154
0000011A
FFFFFF3D
000002B5
00000154
00000260
00000383
00000000
0000009A
FFFFFBB3
FFFFFE53
0000001C
FFFFFF32
FFFFFED0
0000011C
FFFFFD88
FFFFFE97
00000104
000000D7
FFFFFE7C
FFFFFED0
00000243
000000F8
0000001A
0000006B
FFFFFD3E
FFFFFDB2
FFFFFF15
FFFFFE77
FFFFFCBE
000001F1
FFFFFDAF
00000056
FFFFFE99
FFFFFD83
00000022
FFFFFEF2
FFFFFF5A
00000057
FFFFFFCA
FFFFFF1B
FFFFFE4D
00000130
0000000D
FFFFFEC6
FFFFFC84
00000237
00000156
FFFFFFA9
00000221
000000BF
FFFFFF2A
FFFFFF54
FFFFFE22
FFFFFE8C
000003CE
000001BB
FFFFFE8C
FFFFFE32
00000110
FFFFFF6C
000002AB
00000119
FFFFFECF
000000AC
00000297
FFFFFDAD
FFFFFDB2
FFFFFFBE
FFFFFE45
FFFFFD13
00000131
FFFFFF28
FFFFFF16
FFFFFF17
FFFFFF0C
FFFFFEC3
FFFFFEA2
FFFFFE61
00000045
000000B8
00000086
FFFFFFA2
00000127
FFFFFF9D
0000003A
FFFFFFAE
000001B7
00000103
FFFFFEEF
FFFFFEF6
0000010C
00000407
000003D9
FFFFFF7B
0000004E
00000329
FFFFFEAD
0000028B
0000008E
FFFFFE06
FFFFFFD1
00000024
FFFFFF8A
FFFFFE84
0000007E
FFFFFDA4
FFFFFEF9
00000152
FFFFFCEB
FFFFFF5E
FFFFFFF0
FFFFFFD7
00000254
00000029
FFFFFD08
FFFFFD28
000000AC
FFFFFDAF
0000022E
0000004F
FFFFFF97
00000385
FFFFFDCE
FFFFFE16
000000A7
FFFFFD68
FFFFFE47
00000001
0000004D
FFFFFE11
FFFFFCF5
00000339
FFFFFDCB
000002A2
000001ED
0000043E
FFFFFBEB
0000005E
FFFFFD82
FFFFFE56
FFFFFCE2
FFFFFCF8
000001DB
FFFFFCD4
000004B8
0000018D
000001E3
FFFFFFEF
000004ED
000001A4
000002BD
FFFFFE65
FFFFFD48
00000053
FFFFFCC8
000000CD
FFFFFE99
00000194
FFFFFFDE
FFFFFC6B
00000477
FFFFFE12
000000D9
FFFFFF51
000001D8
FFFFFFB4
00000133
FFFFFDE8
0000028F
00000276
00000149
0000004E
0000025E
0000013E
FFFFFD74
00000328
000003AE
0000024A
0000036E
0000014D
000003AD
00000421
0000043A
FFFFFFD0
000005F1
00000009
000000F5
FFFFFD39
00000215
00000107
00000032
000000C6
FFFFFCD1
FFFFFCEC
FFFFFB1C
FFFFFC44
0000053E
000002E0
FFFFFED1
000004B9
000002CD
0000033B
00000235
0000061C
00000526
00000324
00000055
000004EC
000000C5
FFFFFD5C
00000230
00000381
FFFFFE85
FFFFFCCA
FFFFFE43
FFFFFEDD
00000020
00000006
00000036
FFFFFD8B
00000103
FFFFFD53
FFFFFE67
FFFFFE15
FFFFFCD9
FFFFFE2F
FFFFFFB6
0000036F
FFFFFDF9
000000AF
00000218
FFFFFDB7
FFFFFF1B
FFFFFF0E
00000357
000003CB
FFFFFE8A
FFFFFF47
00000050
FFFFFF4F
0000006F
000002B8
FFFFFFEE
00000005
000003B2
000002E8
000003E0
00000219
FFFFFFCC
00000123
000003AF
00000196
FFFFFE0A
000002B2
00000174
FFFFFE7F
FFFFFEDC
000001BA
000002FE
FFFFFD64
FFFFFFBF
00000009
FFFFFD4A
00000136
FFFFFC9B
000003FB
0000038D
00000147
FFFFFE44
0000003E
000000C1
FFFFFF0F
FFFFFE82
000001F1
0000023D
FFFFFADA
000001B2
00000217
FFFFFEB5
FFFFFE8A
FFFFFEA9
FFFFFDB0
FFFFFDB3
000000F5
FFFFFF10
0000005A
000004B7
000005EF
0000020E
FFFFFF88
FFFFFE74
FFFFFE47
FFFFFE9F
000001A0
0000031A
FFFFFDF1
FFFFFEAF
FFFFFE25
FFFFFE4F
00000156
000002AA
FFFFFE04
FFFFFA45
0000033C
000000DE
00000045
000004AE
FFFFFFD0
00000080
00000097
FFFFFDAF
FFFFFE21
000001F0
FFFFFE7A
0000048D
00000290
FFFFFE33
0000005F
FFFFFE24
00000081
FFFFFDDD
FFFFFC78
FFFFFCFF
000002E9
0000027D
000000FE
00000381
0000023B
FFFFFE03
FFFFFDEC
FFFFFF12
0000000B
FFFFFE09
0000027F
0000047E
000000CA
000000CF
000003A8
000000E7
000005BA
FFFFFCC9
FFFFFF7E
FFFFFFB4
0000016F
FFFFFEFF
FFFFFFC7
FFFFFFF3
FFFFFE40
FFFFFE0B
FFFFFF55
00000015
FFFFFDFD
0000024E
0000033E
0000053C
0000012A
FFFFFFFD
000001CC
000002ED
000003F0
FFFFFE51
00000460
000004C1
FFFFFF43
000000A6
000001EC
000002D2
FFFFFDC9
FFFFFDA7
FFFFFF35
FFFFFDE2
0000013E
000002BF
FFFFFFE4
0000000C
FFFFFF1C
0000022C
000000D2
00000101
00000149
FFFFFBE3
FFFFFDBB
FFFFFFAB
00000027
00000026
0000007B
FFFFFECF
FFFFFEA9
FFFFFDD5
FFFFFEAB
0000012D
FFFFFE92
000001D6
FFFFFC97
FFFFFCD9
FFFFFC7B
0000033C
FFFFFF73
0000021F
FFFFFFD0
FFFFFF2C
FFFFFF7D
FFFFFFD9
000002B8
00000247
000004AE
00000414
000003BF
000003DF
0000018E
000000C6
FFFFFF14
00000281
000000DA
000000B4
000001A0
000000AA
FFFFFFFD
0000019D
FFFFFD3E
FFFFFD11
FFFFFF1C
00000181
FFFFFC55
FFFFFD4E
00000226
FFFFFCA7
000000EB
FFFFFEE4
000000DC
FFFFFD27
00000112
FFFFFCC3
000001B3
FFFFFD0A
FFFFFE16
00000210
FFFFFAE5
FFFFFE0F
FFFFFECE
000002E8
FFFFFD31
FFFFFE67
000001E2
FFFFFD3C
FFFFFF79
0000013C
FFFFFFA4
00000289
00000458
00000389
000000D2
0000036A
00000472
0000045A
FFFFFE3E
FFFFFF02
00000237
FFFFFE6A
00000069
00000410
000002C3
FFFFFE17
00000225
00000498
FFFFFF92
FFFFFEED
00000195
000000A4
000002DD
00000411
000005E2
0000002A
00000227
00000149
0000013E
FFFFFF58
000000CF
000003C7
00000322
FFFFFDAC
0000051F
0000013B
00000267
00000294
000000E6
FFFFFEA1
FFFFFBAE
FFFFFBD8
FFFFFF48
FFFFFEB5
0000021D
000001A0
0000004C
0000014E
000002D5
00000106
0000013F
000000AF
00000183
FFFFFFD1
00000165
000003CC
0000021A
000001F8
0000049A
FFFFFF63
000003A7
FFFFFFEC
000003D3
0000035B
FFFFFDA7
FFFFFD59
00000260
FFFFFE08
00000026
00000048
FFFFFAF8
0000000B
FFFFFE1F
FFFFFFFD
0000030A
FFFFFEF8
FFFFFEF2
000003DB
FFFFFFD5
FFFFFD68
FFFFFFC2
FFFFFF78
0000012E
0000021F
FFFFFE68
000002FD
0000033A
000002FA
000002FF
000001D3
FFFFFF23
0000022D
FFFFFFF1
0000030C
000003B3
00000575
00000336
FFFFFE3B
00000237
00000472
FFFFFFD3
FFFFFD6E
00000302
00000491
FFFFFFA9
0000038F
000000E9
FFFFFE75
FFFFFD58
000000D9
00000103
FFFFFE46
FFFFFD78
0000026E
0000032F
000002D6
000002AE
FFFFFE5E
FFFFFDD8
0000004C
0000015F
00000088
FFFFFDF4
00000008
FFFFFFF0
FFFFFCA9
000002ED
FFFFFCF6
0000012E
FFFFFFE7
FFFFFE47
FFFFFB03
FFFFFE28
FFFFFDBB
FFFFFD85
FFFFFBF8
FFFFFDD3
0000014B
FFFFFF8D
00000232
00000026
00000375
000002FC
00000119
00000158
FFFFFC76
00000151
FFFFFD0F
0000007E
FFFFFD99
FFFFFFAE
FFFFFC60
000000D4
FFFFFD37
FFFFFFE6
00000216
000002D1
00000034
0000026C
000000B4
FFFFFF6B
00000307
00000159
FFFFFC59
FFFFFFC2
FFFFFF67
FFFFFDB0
FFFFFEDE
0000007A
FFFFFF2B
FFFFFDD1
FFFFFBD4
FFFFFD04
FFFFFC88
FFFFFE6B
00000363
000000F2
00000001
FFFFFE04
000001D5
000000E1
00000294
00000260
000003A9
FFFFFEE6
FFFFFE8B
0000005E
FFFFFCD0
FFFFFDBE
FFFFFF94
00000135
000003C7
000004AF
0000024C
00000176
00000213
00000604
00000566
00000396
00000156
FFFFFE4F
FFFFFDED
00000186
00000294
FFFFFEA7
FFFFFD89
FFFFFF44
FFFFFD70
0000011A
FFFFFBCE
00000153
00000068
0000027D
FFFFFE72
FFFFFD47
FFFFFDB6
FFFFFD82
FFFFFED9
000002AD
00000348
FFFFFF20
FFFFFF6A
000002AE
00000471
000002D1
00000370
FFFFFC25
0000001D
FFFFFA39
FFFFFFCE
FFFFFCF3
000000FF
FFFFFF5C
00000159
FFFFFAFB
FFFFFDE2
00000101
00000205
FFFFFFA1
FFFFFE76
00000135
FFFFFD81
00000173
FFFFFE22
00000088
FFFFFEB7
000000A9
000001FF
000000E3
00000085
FFFFFDDB
FFFFFCD8
00000076
000001DD
FFFFFEA3
0000005F
FFFFFDE0
FFFFFF34
FFFFFE13
FFFFFF65
FFFFFE51
FFFFFF19
FFFFFFC1
00000000
FFFFFF05
FFFFFF13
FFFFFEB3
0000005F
FFFFFFD3
00000070
00000109
FFFFFF58
FFFFFF4E
FFFFFEDF
FFFFFDD5
00000295
00000014
000000D2
FFFFFE96
FFFFFF5C
FFFFFFC5
FFFFFFC0
FFFFFD7F
00000066
00000095
FFFFFE7A
FFFFFD8F
00000044
FFFFFFD1
00000162
0000002D
FFFFFEF1
FFFFFF7C
000001CA
FFFFFEED
FFFFFFC1
00000132
00000023
FFFFFD3F
FFFFFFEE
FFFFFB23
FFFFFDCF
FFFFFE67
FFFFFD58
FFFFFBF6
FFFFFDAD
FFFFFC6E
FFFFFF50
FFFFFF3F
FFFFFCD1
FFFFFEB9
FFFFFE39
00000072
FFFFFECB
FFFFFDCB
FFFFFEBB
FFFFFECC
FFFFFD42
FFFFFFF1
0000007F
00000209
FFFFFD5B
000000BD
00000259
0000019B
0000000C
000002AA
FFFFFF13
00000013
000000AC
FFFFFDE2
00000272
0000042F
000000D2
000000AE
FFFFFFCF
FFFFFED3
00000442
FFFFFDD0
0000005B
000000C4
0000012A
00000089
FFFFFCFF
FFFFFC44
FFFFFF7D
FFFFFF0A
FFFFFD16
00000077
FFFFFE2C
00000097
FFFFFC58
000001E3
0000002C
0000002E
FFFFFFFF
FFFFFED5
00000383
FFFFFF7F
FFFFFDA6
0000026E
FFFFFEA8
000001EF
0000009C
FFFFFEEA
0000011C
FFFFFEB1
00000146
FFFFFF32
00000071
00000450
00000000
FFFFFEB0
00000055
00000075
FFFFFE90
000000FE
0000035E
FFFFFF42
000000A9
FFFFFE8A
FFFFFF46
000000C0
00000203
FFFFFF01
00000093
FFFFFE79
FFFFFE64
00000216
FFFFFE0D
FFFFFFDC
FFFFFF83
00000294
00000265
0000004E
00000102
FFFFFE0D
FFFFFE9C
FFFFFF70
FFFFFE00
FFFFFF07
FFFFFBE4
0000003C
FFFFFCBC
FFFFFCE5
FFFFFF82
FFFFFEDC
00000248
000003A4
FFFFFEC4
00000247
000000A4
00000172
00000126
FFFFFF18
00000259
0000015B
000000FD
000002E6
000000FB
00000368
00000043
FFFFFFEE
000000D5
FFFFFD90
FFFFFFD0
FFFFFDAD
000000E8
FFFFFDD1
FFFFFE43
00000233
00000140
FFFFFEC4
000000B5
0000019B
000000F2
00000017
00000164
FFFFFFDE
00000283
0000013A
000000BC
FFFFFCF9
000001B6
FFFFFE02
00000085
FFFFFEAE
FFFFFE76
0000020A
FFFFFE15
00000233
00000228
00000281
0000032E
00000323
00000187
000004F3
000000E9
000002A6
000004F3
00000094
FFFFFF90
FFFFFF93
000002A9
000001EB
00000362
00000001
000000E7
0000009D
000000D3
00000262
0000017F
FFFFFF1E
00000023
0000039F
000001D1
FFFFFF19
FFFFFFDC
00000040
0000005C
FFFFFCEA
FFFFFDF8
000000B1
000000E7
00000033
FFFFFE6B
00000062
FFFFFF5C
FFFFFEA3
00000263
00000309
FFFFFF9A
FFFFFDF2
FFFFFF09
00000230
00000141
000000CB
0000007C
00000081
00000052
000002A5
000002FB
FFFFFF5D
000000F3
00000049
00000080
FFFFFD31
000001E6
000000B1
00000164
00000247
FFFFFDC3
FFFFFFBC
00000248
0000001A
00000050
00000165
FFFFFDFA
FFFFFF1D
000001CE
FFFFFE40
000000A1
0000002E
000000EE
FFFFFEFC
00000046
FFFFFDA4
00000076
00000006
FFFFFDDA
FFFFFDB8
FFFFFF92
FFFFFFB8
FFFFFEEE
FFFFFF66
00000145
0000022A
FFFFFFAA
000000C2
FFFFFE61
00000257
FFFFFC3D
FFFFFEA9
FFFFFD93
00000243
FFFFFDED
FFFFFD0D
FFFFFE84
FFFFFFFD
FFFFFE31
FFFFFD0C
FFFFFE8F
00000049
FFFFFDD0
00000109
000001BA
0000002F
0000022E
FFFFFF4C
FFFFFEBE
FFFFFBEE
FFFFFD95
FFFFFE68
FFFFFE69
FFFFFFB1
FFFFFE5C
FFFFFFB8
00000029
FFFFFE61
FFFFFF14
00000019
0000007F
00000103
FFFFFDC9
000000BC
000001BD
FFFFFDC9
0000033D
FFFFFFDF
FFFFFFBE
0000035B
FFFFFEEE
00000125
00000038
FFFFFD8B
0000006F
FFFFFE40
FFFFFF11
FFFFFDE4
00000039
FFFFFC7E
FFFFFFE7
FFFFFDCA
0000006E
FFFFFF3D
FFFFFE3A
FFFFFEDA
FFFFFBF1
FFFFFD8B
FFFFFE60
FFFFFF40
FFFFFFF2
FFFFFC97
FFFFFF34
000001FE
FFFFFF65
00000085
000002FF
000002EC
00000319
000001A6
00000139
00000182
00000195
FFFFFCAB
FFFFFF7B
FFFFFECF
00000112
000000DC
FFFFFF91
000001DC
0000008A
00000294
0000003D
00000201
FFFFFFB6
000001CE
FFFFFE41
0000025C
000000E2
FFFFFF01
FFFFFF52
FFFFFFCC
FFFFFD77
FFFFFE05
FFFFFFD4
FFFFFEB5
0000010E
FFFFFD7F
0000028B
FFFFFF1D
00000388
0000010F
000001F7
FFFFFD48
00000248
00000201
000002DF
00000213
00000270
000001FA
000001C5
FFFFFF90
0000029B
00000145
0000012B
00000286
FFFFFF6E
FFFFFDBF
FFFFFEBA
FFFFFE63
FFFFFFB2
FFFFFE25
0000000D
FFFFFDC4
FFFFFE0E
FFFFFF2B
0000015E
FFFFFF07
00000008
FFFFFED5
FFFFFE5A
00000104
FFFFFFF2
00000094
FFFFFFFB
FFFFFFF5
000003BB
0000005D
00000143
0000001B
FFFFFF1A
FFFFFFA2
0000003A
FFFFFD5D
FFFFFFE6
FFFFFFBE
FFFFFFB9
00000053
000000E3
0000024A
0000006E
000001E3
0000002F
000001BF
FFFFFE18
0000014C
00000002
FFFFFEA0
000001B9
000000CF
00000188
00000073
FFFFFCD8
000000E0
FFFFFE08
FFFFFF5B
00000074
FFFFFF96
FFFFFE93
FFFFFE5A
FFFFFDF7
0000009F
0000029E
0000039F
00000145
FFFFFF5A
00000014
FFFFFD8D
FFFFFF3F
00000279
000001CC
FFFFFE9B
000000D2
FFFFFD42
FFFFFDD4
00000090
00000153
000000E7
00000156
FFFFFF00
000001F6
FFFFFF13
000000CE
0000018B
0000022A
0000011D
FFFFFF52
00000242
00000028
FFFFFFBB
FFFFFFE7
000002B3
000000CC
0000007D
FFFFFF97
00000230
000001AB
FFFFFFF1
FFFFFEA1
FFFFFC8E
0000015D
FFFFFF59
FFFFFE71
00000120
FFFFFC43
000000AC
FFFFFD76
FFFFFFC4
FFFFFEC3
000001D1
0000037D
FFFFFF4C
00000000
FFFFFECD
0000010F
FFFFFF07
0000016B
FFFFFF6E
FFFFFD5F
00000187
FFFFFF7F
00000022
000000F8
FFFFFF4B
FFFFFDC7
00000109
FFFFFC3C
FFFFFEE7
000000FA
00000067
FFFFFE71
FFFFFEFA
FFFFFCA8
FFFFFEC5
000000FA
FFFFFF11
0000020F
000001B5
FFFFFF50
FFFFFFB3
FFFFFF1E
0000033D
000000E8
000002B2
00000219
00000209
0000037F
00000208
FFFFFF84
000002A3
FFFFFFE3
FFFFFE4D
FFFFFCB9
FFFFFFE0
FFFFFE1B
FFFFFD6E
FFFFFC0C
FFFFFC56
FFFFFCB8
FFFFFE15
FFFFFE4E
0000023B
FFFFFDB4
FFFFFE6A
FFFFFF92
00000080
00000116
FFFFFEC3
FFFFFDD9
000000C7
FFFFFE66
00000054
000001A5
0000015C
00000038
FFFFFDF5
00000129
FFFFFE11
FFFFFD55
FFFFFE95
FFFFFD83
FFFFFCCE
00000105
FFFFFE0B
FFFFFF23
FFFFFFDA
FFFFFF76
FFFFFDA2
FFFFFC2E
FFFFFFCD
0000006C
FFFFFFB9
FFFFFE5A
000001AF
FFFFFE29
0000001E
00000027
000000E7
0000024D
0000010F
000001CC
00000023
00000202
000001D0
000001C9
FFFFFF6C
00000340
FFFFFE20
FFFFFF99
000001A7
00000044
FFFFFFDE
FFFFFEB0
000001B1
FFFFFFF8
00000138
000000E6
000001A0
FFFFFCAA
00000213
00000008
FFFFFC80
00000189
FFFFFE23
FFFFFF69
FFFFFDF3
FFFFFD96
FFFFFEC2
FFFFFDA1
FFFFFDF2
FFFFFE48
FFFFFEDC
FFFFFF8D
FFFFFFF2
FFFFFFD4
00000072
FFFFFCB1
FFFFFFFF
FFFFFE0D
000000BE
FFFFFF4F
00000000
0000006A
FFFFFE36
00000157
FFFFFF0A
FFFFFF1D
000001AE
FFFFFF62
000000D7
FFFFFE33
0000035E
FFFFFD30
00000155
0000039D
0000026E
FFFFFE95
00000034
000003CE
FFFFFE55
FFFFFC04
0000008C
FFFFFDCE
FFFFFD46
FFFFFE8C
FFFFFE2E
FFFFFEEA
0000000D
0000031A
FFFFFE91
FFFFFF99
FFFFFE25
000001C8
000000A8
FFFFFF7F
00000218
FFFFFFE6
0000002D
FFFFFFB5
000002A1
FFFFFCA5
FFFFFE8C
0000025E
FFFFFE2B
FFFFFF46
00000077
000000AF
0000007C
FFFFFE3D
0000014B
00000069
FFFFFE8A
0000030D
FFFFFFF4
000000DE
FFFFFDED
0000025D
FFFFFF18
FFFFFE62
FFFFFFB8
00000063
FFFFFF3D
00000066
FFFFFE4B
0000022B
FFFFFDF0
000001C2
0000020F
0000015C
00000042
0000009C
FFFFFD7B
FFFFFEBA
FFFFFE51
FFFFFC4C
0000018F
FFFFFB0D
00000048
FFFFFDCF
FFFFFE0D
FFFFFF88
000000E5
FFFFFFA3
FFFFFF0A
FFFFFEC1
00000046
FFFFFF65
FFFFFADF
FFFFFCD0
FFFFFFE5
FFFFFEAA
0000015F
FFFFFD9A
FFFFFEE9
00000200
FFFFFFAA
000000D2
000002C8
0000020F
FFFFFE7D
000003DC
0000029B
00000118
00000048
FFFFFE0E
000000DE
00000125
FFFFFEFB
00000268
000001E1
00000036
000003CB
FFFFFDCA
FFFFFEDF
000002D6
000001FB
000001D1
00000092
0000023B
FFFFFFED
000000BB
FFFFFFEC
000002F3
FFFFFF4E
00000254
000002D2
00000031
00000029
FFFFFD61
00000172
0000028B
FFFFFF4D
000001EC
FFFFFE32
00000171
FFFFFF03
0000009A
FFFFFF0F
FFFFFF5A
00000221
000001E1
0000015A
FFFFFE4A
FFFFFFA0
00000316
0000002B
FFFFFF93
000002B3
FFFFFD84
00000130
00000050
FFFFFEA8
00000162
000001D5
FFFFFE7A
FFFFFF56
000000C7
FFFFFE8E
00000047
FFFFFD1D
FFFFFF8B
FFFFFFCC
00000136
FFFFFF88
00000076
FFFFFD7E
FFFFFBAE
0000039B
00000048
FFFFFDD0
000001A7
FFFFFF6E
00000064
FFFFFF54
000001D7
000000B1
00000195
FFFFFFEC
00000162
FFFFFF57
000001CD
FFFFFEA3
FFFFFD52
FFFFFFF6
0000003A
FFFFFDE2
000001E8
000000AD
FFFFFE7F
FFFFFDD9
00000166
FFFFFD31
FFFFFC75
FFFFFDA3
FFFFFF2E
00000010
000000F6
FFFFFE36
00000171
0000013E
FFFFFD3B
FFFFFDB1
FFFFFF4D
000000AA
FFFFFEAE
FFFFFD95
0000011B
FFFFFDE7
000000C9
0000009A
000002E5
0000028A
FFFFFF56
FFFFFFE8
00000064
000001CA
FFFFFF8E
FFFFFF48
00000000
0000014C
FFFFFFE1
00000081
000003A3
FFFFFFA7
000001C0
FFFFFF5B
FFFFFD37
00000178
00000105
FFFFFED4
FFFFFF50
FFFFFD8B
000001A3
000001D4
FFFFFD4B
FFFFFDAE
0000021D
FFFFFEE0
FFFFFF28
0000003F
000001B2
FFFFFEFC
0000004D
0000007B
FFFFFE27
00000350
FFFFFE34
FFFFFE5E
000002A4
FFFFFFBA
00000110
00000381
FFFFFE83
FFFFFF18
FFFFFE72
00000250
000001FC
FFFFFC41
000000A6
FFFFFEFC
FFFFFD90
0000018F
FFFFFFF7
0000002A
FFFFFE2D
FFFFFE46
000000E6
00000143
FFFFFE20
FFFFFE19
FFFFFF2F
FFFFFE6A
000000CB
FFFFFF25
FFFFFE1C
FFFFFEE7
00000170
00000054
FFFFFEF1
FFFFFDFB
0000020D
0000018A
000001F6
FFFFFFCE
00000380
00000269
0000032B
FFFFFD2C
FFFFFEDF
0000007E
FFFFFEB5
00000281
0000003F
00000281
FFFFFFCF
FFFFFFEA
0000002C
FFFFFF2F
00000179
0000010D
FFFFFEDE
FFFFFFDC
00000162
FFFFFFC0
000003E9
FFFFFF2D
00000188
00000067
FFFFFE4E
FFFFFDD6
FFFFFDCD
000001A8
FFFFFCDD
FFFFFE5A
FFFFFE00
000000C7
FFFFFF0A
00000040
000000B7
FFFFFFBA
FFFFFE4B
FFFFFDFC
FFFFFDAE
FFFFFDE5
00000279
FFFFFEC3
FFFFFF8A
000000B8
0000010B
000001F5
FFFFFEF8
FFFFFF5C
00000296
FFFFFEFC
000002CE
FFFFFF56
00000310
0000008B
00000165
000002D6
FFFFFF49
00000080
000001D8
FFFFFFEF
000001E7
00000259
0000014B
FFFFFF49
00000272
FFFFFFFB
000002D3
00000083
00000248
FFFFFFC8
00000031
000002D9
0000009B
0000037E
000002BC
00000274
000001A0
00000305
00000239
000002D2
00000115
FFFFFEE5
00000086
00000089
FFFFFEDC
FFFFFED6
00000091
00000130
00000047
FFFFFCDD
FFFFFEC8
FFFFFDB1
0000006A
00000276
FFFFFEAB
FFFFFF24
FFFFFF7C
FFFFFE80
FFFFFFAF
00000004
FFFFFF3A
000000AA
FFFFFEC2
FFFFFE0D
000002D4
FFFFFF9C
00000277
00000032
0000023F
00000249
FFFFFE88
FFFFFF09
000000D9
000001A6
000001A5
00000073
000000A6
0000003E
0000018F
000000B0
FFFFFFD4
00000215
FFFFFDA4
00000083
FFFFFD4F
000000D8
000001CA
0000012A
FFFFFFEA
FFFFFDFE
FFFFFE09
FFFFFE24
FFFFFD0C
FFFFFD8B
FFFFFDED
FFFFFB9C
FFFFFF8E
FFFFFE3A
FFFFFF3B
FFFFFF80
FFFFFF66
FFFFFFCD
FFFFFF7D
FFFFFD47
FFFFFF6D
000000C9
FFFFFECE
00000012
FFFFFF48
00000101
FFFFFE1A
0000012C
FFFFFFEA
00000153
FFFFFF1E
FFFFFEE8
00000074
000001CB
00000195
0000018B
00000093
000001B0
00000100
0000039B
FFFFFE92
0000000E
FFFFFF0A
FFFFFFD4
00000041
FFFFFF34
FFFFFF87
FFFFFE9B
FFFFFF4D
0000016C
0000010F
0000008D
FFFFFE0E
000002AB
00000099
000001F3
000001F8
000000BA
000000CC
FFFFFF78
FFFFFE5E
00000318
FFFFFE48
0000026B
00000244
00000014
0000023F
00000159
00000096
FFFFFE6F
FFFFFE7F
00000023
FFFFFE6E
000000D7
00000298
FFFFFE61
00000358
FFFFFFD5
000000CF
000000E5
FFFFFE37
FFFFFFC5
FFFFFFD3
00000215
00000250
00000180
00000000
FFFFFEED
FFFFFFE3
00000064
0000000E
FFFFFE3B
FFFFFF4A
FFFFFE7B
00000000
0000010C
FFFFFF63
FFFFFDED
FFFFFE4B
FFFFFF9B
FFFFFEBF
0000005C
FFFFFEDB
FFFFFF2E
FFFFFE8D
000000E3
00000052
00000017
FFFFFEB5
000001A4
FFFFFED6
FFFFFE4D
0000004F
FFFFFF71
FFFFFF48
000000B6
000000BD
00000137
000000C3
00000025
00000063
FFFFFF3A
0000010B
FFFFFFDE
FFFFFFDE
000000F9
00000016
FFFFFF05
FFFFFE75
000001AB
FFFFFFFF
00000010
000001C6
00000067
0000005B
00000068
000000A9
000000CD
FFFFFF1E
FFFFFF96
FFFFFED4
FFFFFDE1
00000145
0000008E
0000004A
0000040E
00000127
000000A3
0000011E
FFFFFF51
00000021
FFFFFE91
FFFFFE91
FFFFFE8F
00000031
FFFFFB2F
FFFFFF65
FFFFFDB1
FFFFFD7B
FFFFFE04
000000AD
FFFFFFC6
0000012C
FFFFFF21
FFFFFE59
000000AA
FFFFFEF8
FFFFFE99
000000FB
FFFFFE65
FFFFFF1F
FFFFFFD4
00000030
0000001D
FFFFFEE3
FFFFFE72
000001B6
FFFFFD8A
FFFFFF45
FFFFFF44
000000CE
00000161
00000037
FFFFFFA5
FFFFFEDC
FFFFFF5A
00000115
000001CB
FFFFFEE5
00000174
000000F0
FFFFFE03
00000028
FFFFFE0E
FFFFFCDB
FFFFFE5A
000001E4
FFFFFFBA
000001A5
FFFFFEBA
FFFFFFAB
FFFFFDFB
00000106
FFFFFF38
FFFFFE19
FFFFFC83
FFFFFDD5
FFFFFE6F
FFFFFF7B
FFFFFF14
FFFFFCFE
FFFFFD80
00000165
00000047
FFFFFEB1
0000011D
FFFFFFFF
00000073
000000F8
FFFFFE02
0000016A
0000006B
FFFFFF51
FFFFFCEB
FFFFFE64
0000006F
0000008D
FFFFFD03
FFFFFE24
FFFFFF9A
FFFFFFF1
FFFFFFEE
000000D0
FFFFFEF3
0000012F
00000120
00000286
0000001F
000000EB
000000C6
000000AE
FFFFFE1A
00000017
0000023D
FFFFFEC7
0000032F
0000014C
0000019E
00000176
000001F5
FFFFFF73
00000086
000001A3
0000015E
000000D7
FFFFFE52
000000C0
FFFFFDD5
000001A9
00000007
FFFFFFF2
FFFFFFEF
0000014C
00000031
FFFFFF97
FFFFFFAA
FFFFFF66
00000246
00000036
FFFFFE1D
FFFFFDE0
FFFFFE79
FFFFFF6A
0000002B
FFFFFE41
FFFFFFA9
FFFFFF0E
FFFFFEF5
000000F2
FFFFFF21
0000009B
000000C6
000001EE
FFFFFFDA
0000006A
000000FD
00000158
FFFFFE58
000000B7
0000000D
0000007F
0000003B
00000146
000000C7
FFFFFF7D
FFFFFF3F
FFFFFEB3
FFFFFD67
000000D0
000001A0
FFFFFFC2
00000139
0000006B
FFFFFE5D
FFFFFF8E
0000019A
FFFFFF36
00000115
0000013E
0000031F
00000017
FFFFFFAB
FFFFFF0B
FFFFFD46
FFFFFFD7
0000018C
000000A5
000000CE
FFFFFFD1
000001A0
0000025F
00000281
000000A5
FFFFFFC2
00000157
FFFFFEFB
0000027F
00000163
00000148
0000006F
00000285
FFFFFEB7
00000046
0000007F
00000080
0000016E
FFFFFE89
000000AC
FFFFFE5C
00000285
0000016E
000002A5
FFFFFE45
000000DA
FFFFFF1A
000002EB
FFFFFF32
00000162
0000011E
FFFFFFF3
00000091
FFFFFE7F
000002B2
FFFFFFED
FFFFFEAD
000000F0
FFFFFFA7
000000C1
0000005D
0000000A
00000031
FFFFFFF7
FFFFFECB
0000004D
000000B9
00000059
FFFFFE75
00000177
FFFFFE33
FFFFFFC5
000000FD
00000163
000000E3
FFFFFF6F
FFFFFE45
000000A8
FFFFFE44
FFFFFE9E
FFFFFE94
000001F1
00000030
FFFFFED5
FFFFFEA0
FFFFFEA3
00000012
0000024E
00000159
0000014B
0000000A
00000143
FFFFFF8E
00000220
0000001A
000000CA
0000003C
00000140
00000070
00000144
000000A1
000000A1
00000153
0000006F
FFFFFF66
FFFFFF9A
FFFFFE23
FFFFFE2A
FFFFFD2D
FFFFFD44
00000073
FFFFFEA9
0000018C
FFFFFFE9
FFFFFFBC
FFFFFE80
FFFFFDC9
00000055
00000036
FFFFFF79
FFFFFFE6
FFFFFE41
FFFFFF7D
00000053
FFFFFD3B
FFFFFF01
0000020B
FFFFFE26
00000100
FFFFFE8E
FFFFFFA2
00000000
00000051
00000048
FFFFFE92
FFFFFF5B
000001DE
000000B2
000000AB
00000077
0000006D
0000016D
FFFFFE6E
FFFFFFD3
0000002A
000000C8
FFFFFEFE
000001C4
FFFFFEB9
00000075
00000166
0000018B
0000022D
0000012C
000001B2
FFFFFF1C
FFFFFF6A
FFFFFFDB
00000068
FFFFFF8A
0000008B
0000018B
00000005
00000147
FFFFFEC8
000000EA
00000108
FFFFFE9F
FFFFFD97
FFFFFEED
FFFFFF8E
FFFFFFB3
0000009F
FFFFFEA7
0000001A
FFFFFD42
00000008
FFFFFDB7
00000288
FFFFFD41
FFFFFE75
00000142
000000D0
0000003D
000000C3
FFFFFF5C
FFFFFD6D
FFFFFDC0
000001D0
FFFFFF76
00000140
FFFFFF8B
FFFFFD8A
FFFFFF0E
00000049
00000121
00000024
00000026
0000023B
0000031B
000000C3
0000019A
000001BB
FFFFFFE6
00000188
00000224
FFFFFF19
00000297
000001B3
00000224
FFFFFF76
00000035
00000133
FFFFFF82
000001D5
FFFFFE0E
00000050
0000015E
00000037
FFFFFFAF
FFFFFEB6
FFFFFF46
FFFFFFDF
FFFFFFD2
0000000C
FFFFFE7F
0000004C
FFFFFF66
FFFFFEA9
FFFFFFA3
FFFFFE26
000000D8
00000040
00000001
FFFFFF36
00000052
00000146
00000179
00000024
00000272
0000019A
00000003
000000CF
000000FF
FFFFFFEC
FFFFFFA6
FFFFFF87
00000114
000000B5
0000017E
0000001E
00000060
0000009E
FFFFFE6A
00000000
FFFFFFDE
000000A6
FFFFFE91
0000026A
FFFFFF13
0000029C
FFFFFF42
00000251
FFFFFF8A
FFFFFFEF
00000294
FFFFFFF1
000000E2
00000192
FFFFFEC1
FFFFFF34
FFFFFEBF
FFFFFE9C
0000002B
00000034
FFFFFFF6
000000F6
FFFFFFEE
FFFFFEDB
FFFFFFFB
FFFFFE77
00000064
FFFFFFD0
00000027
0000019D
FFFFFFF8
FFFFFED3
FFFFFDB4
FFFFFE6B
00000091
FFFFFE65
FFFFFEAD
FFFFFE50
FFFFFE87
FFFFFFD5
FFFFFDBD
000001B3
FFFFFF8A
00000183
00000207
00000195
000001F2
00000084
00000093
000000E1
0000009F
FFFFFF54
0000014E
00000049
00000028
000001AF
000002BD
FFFFFF3E
00000165
000001F8
FFFFFEE9
FFFFFE3B
0000012E
00000093
0000031A
FFFFFEF1
FFFFFEDF
FFFFFD82
000001B8
FFFFFF59
FFFFFEBD
FFFFFE50
0000014B
FFFFFEE7
FFFFFF9A
0000001C
FFFFFF0A
FFFFFF8F
0000020F
FFFFFEF4
0000015F
00000096
000000CD
FFFFFF72
000001F5
00000294
FFFFFF85
00000125
FFFFFF52
000000A1
00000031
000000B5
0000005B
FFFFFF26
00000047
FFFFFF7B
000000E1
FFFFFEE7
FFFFFEA3
00000239
000001D2
00000245
FFFFFE56
FFFFFE6F
0000020D
FFFFFF52
00000281
FFFFFDCF
0000015F
FFFFFEE3
00000192
00000063
FFFFFF10
FFFFFF6A
FFFFFDAA
FFFFFFC0
000000E3
FFFFFE35
00000042
FFFFFFD3
0000000F
00000052
000002BB
0000002D
FFFFFF3D
0000002D
000000D1
FFFFFFD4
000000EB
FFFFFE9F
FFFFFE27
00000019
FFFFFFF2
00000106
000000DE
0000008C
000000DA
FFFFFF10
FFFFFEE3
000000F3
FFFFFE89
FFFFFFE1
000000EF
FFFFFE86
000000AC
FFFFFEC7
FFFFFF27
00000055
FFFFFEBF
0000009B
FFFFFF1C
FFFFFE8A
FFFFFEA7
FFFFFE83
0000010F
FFFFFFEC
FFFFFE55
0000006D
0000011B
FFFFFF0E
FFFFFF56
FFFFFFF3
FFFFFDD6
000000D7
FFFFFFF3
00000289
000000AA
0000001C
000000DD
FFFFFEE8
00000033
0000025A
FFFFFF1E
00000117
FFFFFFDC
00000088
00000062
FFFFFF22
FFFFFDC9
FFFFFF7B
0000003B
FFFFFF81
00000030
00000137
00000179
000001E1
FFFFFFB5
FFFFFF42
FFFFFF08
000000D4
FFFFFFC7
000000E5
00000029
FFFFFFB6
FFFFFDE5
00000092
FFFFFF66
00000012
0000007A
FFFFFFE4
FFFFFF97
FFFFFEBD
FFFFFFFB
FFFFFF41
FFFFFFEF
0000004F
000000F9
FFFFFEE5
FFFFFFBA
FFFFFF55
FFFFFF00
FFFFFFF9
FFFFFE7B
FFFFFFDB
0000000D
000001B6
000000C6
FFFFFE10
00000025
00000169
FFFFFED4
FFFFFE7C
FFFFFEB7
FFFFFE41
FFFFFF28
FFFFFFB8
00000034
00000135
FFFFFF11
00000300
000000D2
FFFFFE55
00000145
00000078
FFFFFE82
FFFFFF79
FFFFFFD8
FFFFFDF4
FFFFFDD2
FFFFFDA9
0000005A
00000092
0000012E
FFFFFDF7
FFFFFEEA
FFFFFDA4
FFFFFF77
000000EE
00000184
FFFFFE82
FFFFFF83
000000D3
FFFFFEDE
FFFFFF0D
FFFFFEF9
FFFFFDF1
FFFFFDE4
FFFFFF14
FFFFFEDB
FFFFFECA
FFFFFE99
FFFFFF59
FFFFFD7E
00000055
00000215
FFFFFFEE
00000270
FFFFFE84
FFFFFF5C
FFFFFFEF
FFFFFFD1
0000023F
00000093
FFFFFEC3
FFFFFED8
FFFFFF04
FFFFFFE9
FFFFFDFC
FFFFFFB9
FFFFFF4F
FFFFFEA7
FFFFFED2
000000C1
FFFFFF51
FFFFFF94
000000C8
FFFFFFA0
FFFFFF6D
000000F8
FFFFFFD0
000001B0
0000006C
FFFFFE86
00000047
FFFFFEBB
000000B1
00000106
00000206
000000A1
FFFFFF2E
000000E7
00000158
FFFFFE11
FFFFFEC3
00000003
FFFFFF2B
FFFFFF6A
FFFFFFA6
FFFFFFF6
00000156
000001B9
000000B8
FFFFFF7D
00000049
FFFFFFA0
0000000B
000001FB
FFFFFFF5
FFFFFFC7
000000CF
FFFFFF14
FFFFFEC0
00000034
000000C7
FFFFFFF4
FFFFFFA0
FFFFFFEF
FFFFFF41
000000B8
FFFFFDF6
FFFFFF50
000000A1
000000D2
FFFFFFAF
000000BD
00000061
000000BD
0000004A
00000020
FFFFFF45
FFFFFFA5
FFFFFEBC
0000001C
00000127
0000010B
00000047
00000029
0000010E
000000F6
000001E7
00000215
000000DF
00000075
00000224
FFFFFFEA
FFFFFEF0
FFFFFF61
0000003D
0000011C
0000003D
FFFFFE6E
FFFFFDFF
FFFFFEED
000000CF
000000F8
00000085
0000015F
FFFFFEE6
00000156
FFFFFF4D
FFFFFFA7
FFFFFF1E
00000156
000000D3
FFFFFFBF
FFFFFF7D
FFFFFFBE
FFFFFDEB
000000BB
00000063
0000006E
00000051
FFFFFDD1
FFFFFF7E
FFFFFFC0
FFFFFDEE
FFFFFF63
FFFFFEA9
00000050
FFFFFF2D
FFFFFE50
000000D6
FFFFFF09
FFFFFF95
00000107
FFFFFE56
00000034
0000015A
FFFFFF3D
00000045
FFFFFEEB
FFFFFF09
000000CF
FFFFFFE3
00000124
FFFFFF35
FFFFFE04
FFFFFED3
000001CD
000001D3
FFFFFFEA
FFFFFFBE
FFFFFF71
00000033
00000015
000000F6
FFFFFFCB
0000005D
FFFFFFEC
00000019
FFFFFF70
000000E3
00000266
FFFFFF62
FFFFFF25
FFFFFDAE
FFFFFEEB
000000D4
FFFFFFC2
00000018
FFFFFFF7
000000CC
00000010
FFFFFFC5
FFFFFF5D
000000F7
FFFFFE0F
FFFFFF00
FFFFFF38
00000064
FFFFFE94
00000011
FFFFFE79
FFFFFFD5
FFFFFFE8
FFFFFE2C
0000004B
FFFFFF7B
00000004
FFFFFFEC
FFFFFFED
000000F0
FFFFFF4C
0000007E
FFFFFF93
FFFFFF51
FFFFFF8C
00000213
FFFFFF9C
0000005B
0000005A
00000120
FFFFFF35
FFFFFFDF
00000039
FFFFFE13
FFFFFE63
FFFFFE47
FFFFFFE3
00000108
0000005D
FFFFFDEB
FFFFFD41
0000002F
00000179
0000020F
0000018A
00000004
FFFFFCF1
FFFFFF10
00000070
0000008A
FFFFFFCC
FFFFFE22
00000031
FFFFFD05
00000002
0000020D
000000C4
00000110
0000009D
FFFFFFF5
00000023
00000012
FFFFFE73
000000C5
000000EE
00000178
FFFFFD90
FFFFFF3C
FFFFFE94
000000F9
0000028D
000000ED
00000034
FFFFFFE0
FFFFFEE5
FFFFFDA6
FFFFFF32
00000052
FFFFFE6C
FFFFFDF2
FFFFFFF1
000000BA
00000069
000002CC
FFFFFFC5
00000031
FFFFFFC5
000001BC
00000074
000000BE
00000075
00000023
00000130
0000007D
00000007
FFFFFEDA
000000A5
FFFFFF83
00000097
FFFFFFD5
FFFFFF0D
00000128
000002FE
00000055
0000017A
000001BD
0000015F
0000002F
00000254
00000086
000000F1
FFFFFECD
FFFFFEFF
FFFFFF0B
0000005E
0000001F
000000E4
FFFFFE9E
00000070
FFFFFDE3
00000078
FFFFFF01
00000237
00000010
FFFFFF94
00000034
00000116
00000048
0000009C
FFFFFEDC
FFFFFEFF
FFFFFFAF
FFFFFE54
FFFFFFBF
FFFFFED9
FFFFFEB2
00000072
00000121
00000152
FFFFFF63
FFFFFF21
0000006E
FFFFFF9A
FFFFFF16
FFFFFE4D
00000127
000000B1
FFFFFFEC
FFFFFE47
FFFFFFCA
00000091
FFFFFF3C
00000178
0000000D
FFFFFFCC
FFFFFEE9
FFFFFE73
FFFFFEEA
0000001F
000000EC
FFFFFEBC
FFFFFEFF
FFFFFF03
FFFFFF04
FFFFFDF9
FFFFFFE3
FFFFFF4C
00000025
00000370
000000DC
000000CB
00000065
FFFFFE84
FFFFFF38
FFFFFFAA
FFFFFFB5
00000067
FFFFFE0F
FFFFFE24
00000004
FFFFFEFE
FFFFFFDC
00000073
00000169
00000219
000000B3
FFFFFE19
FFFFFF84
FFFFFDED
000000B2
000001B7
00000085
FFFFFF50
FFFFFFE4
FFFFFF0A
000000D9
00000032
FFFFFFC3
0000001C
FFFFFFDA
00000085
00000047
00000007
FFFFFFF5
00000029
000000EE
FFFFFF6E
000000E3
000001AB
FFFFFE65
FFFFFDE3
0000007B
0000008D
FFFFFDD6
FFFFFE24
00000014
0000014D
000000FF
0000004B
FFFFFE4B
FFFFFF4F
00000030
000000A2
FFFFFDB4
FFFFFEC4
FFFFFD17
FFFFFF68
FFFFFE80
FFFFFEE0
FFFFFFA7
FFFFFD75
FFFFFFC8
FFFFFED2
FFFFFEF1
0000004A
FFFFFDA7
FFFFFE3B
000000A6
FFFFFFA6
FFFFFFA0
FFFFFF39
FFFFFD96
FFFFFE2C
FFFFFF64
0000013C
00000197
FFFFFE6E
FFFFFED3
0000002E
FFFFFEEA
00000005
0000002B
FFFFFFE9
FFFFFF33
00000096
FFFFFEFC
000000FC
00000254
00000219
00000156
FFFFFF16
000000AC
0000022F
FFFFFEEB
00000261
000001C7
FFFFFE30
FFFFFE78
00000004
FFFFFE77
00000089
FFFFFE5E
FFFFFED7
0000003B
0000000F
FFFFFBFF
FFFFFBBF
FFFFFB20
FFFFFFEB
0000017A
FFFFFEF9
FFFFFF2D
FFFFFD9A
FFFFFE83
0000011F
0000007D
FFFFFCFB
0000000F
FFFFFC97
FFFFFF0B
0000001B
FFFFFDFB
0000012A
0000008F
FFFFFEB0
FFFFFD4B
FFFFFF78
FFFFFF5E
FFFFFD8F
000000E7
000001D3
FFFFFF58
FFFFFEA1
FFFFFFF8
FFFFFFE6
0000009C
FFFFFEAB
0000009E
00000031
00000186
00000138
FFFFFF2E
00000098
0000015A
00000124
FFFFFECD
000001E4
FFFFFE0E
000000E9
FFFFFF71
FFFFFF1A
FFFFFDA1
FFFFFE20
FFFFFF11
FFFFFD39
FFFFFEBA
FFFFFEBC
000000DB
00000128
00000120
000001B7
00000192
FFFFFEEE
000001B1
FFFFFEC1
00000199
00000021
000000F5
00000218
000000A3
00000223
00000008
FFFFFD41
00000009
0000021E
FFFFFF3E
FFFFFD72
FFFFFFB8
FFFFFEA4
000000F0
0000026C
00000214
0000046E
000001C2
00000059
FFFFFF4B
FFFFFF26
00000017
FFFFFEF9
FFFFFCB1
FFFFFEEE
FFFFFD41
FFFFFF41
00000006
FFFFFEEF
FFFFFE66
FFFFFF0C
FFFFFED8
FFFFFF34
0000003B
FFFFFFCE
000000DC
FFFFFF82
000001DD
FFFFFF56
000000DB
FFFFFFA5
0000019D
FFFFFE83
FFFFFECA
00000085
000001F6
FFFFFFD3
0000023E
FFFFFF88
FFFFFE2D
FFFFFDDC
0000009A
0000027F
FFFFFE47
00000142
00000019
000001C8
000000AB
00000167
000001A1
000000E2
FFFFFECA
FFFFFF95
000000B4
0000003A
FFFFFEBA
FFFFFEF9
FFFFFF9B
FFFFFED3
000001A0
FFFFFF03
00000067
FFFFFFC2
000000B0
FFFFFD6C
FFFFFF52
FFFFFD6C
00000274
FFFFFE53
FFFFFE4E
FFFFFE4E
00000066
FFFFFD9A
FFFFFE0B
0000013B
FFFFFE00
000002C3
FFFFFFFE
000000D9
000000D4
0000033E
0000003C
00000202
FFFFFECE
000001EA
000001F5
FFFFFED2
00000141
FFFFFEE7
FFFFFEAF
FFFFFE75
FFFFFF11
000000A5
000001DB
000002C5
0000003D
FFFFFE17
FFFFFF35
00000033
FFFFFEDA
FFFFFECF
FFFFFF43
FFFFFE3B
FFFFFDCE
FFFFFFAD
000001BF
FFFFFFA6
FFFFFDB4
FFFFFFBB
FFFFFF5D
00000218
000000F1
FFFFFFA4
FFFFFE3C
0000004D
0000001E
FFFFFE3E
FFFFFD71
00000233
FFFFFEA1
FFFFFBED
FFFFFEC9
FFFFFE9A
00000044
FFFFFDED
000001E0
00000201
00000270
FFFFFF7F
FFFFFF22
00000043
0000017F
000002D8
00000190
00000257
FFFFFF6E
FFFFFF6F
00000081
0000004F
0000004E
FFFFFFFA
FFFFFE5F
000001D4
0000017A
000002D7
00000047
FFFFFFF3
FFFFFD7B
FFFFFF9E
00000058
FFFFFF51
FFFFFDE0
FFFFFE6C
00000035
000000EF
FFFFFD4C
FFFFFF10
0000013B
FFFFFFFB
FFFFFE8A
FFFFFCD2
FFFFFEAB
FFFFFE83
FFFFFFC1
0000006A
000000C1
FFFFFEDD
00000105
00000137
00000034
FFFFFE38
0000005B
00000108
FFFFFE2A
FFFFFD94
000000D3
FFFFFDDC
FFFFFDCA
FFFFFF9D
FFFFFFEF
000001BC
0000022F
00000394
000003D7
FFFFFF84
00000016
FFFFFF15
0000005D
FFFFFFC1
000002AC
FFFFFEF4
FFFFFFE1
000001A6
0000006F
FFFFFF14
FFFFFEAE
FFFFFE8B
00000031
FFFFFEBB
FFFFFF22
000001DF
FFFFFF54
FFFFFF72
000002A5
00000098
FFFFFF7A
00000156
FFFFFF87
FFFFFFF2
00000384
00000334
00000282
FFFFFE62
00000004
FFFFFF98
FFFFFE96
FFFFFDD3
FFFFFE9D
0000012D
FFFFFDFF
FFFFFD6D
FFFFFFF1
FFFFFCE8
FFFFFE3C
00000005
000000EC
00000148
FFFFFFB9
FFFFFF6C
FFFFFDE1
FFFFFFFB
00000265
0000016D
00000064
FFFFFF39
FFFFFF9C
FFFFFEB4
FFFFFD76
FFFFFFA4
FFFFFEBE
0000006A
00000088
0000020E
FFFFFD58
00000065
00000053
FFFFFE92
00000126
FFFFFF51
0000024E
FFFFFDF6
000001B2
FFFFFEEE
FFFFFFDF
FFFFFE2C
FFFFFE9F
FFFFFFAD
000000B8
00000124
00000094
FFFFFEDC
FFFFFE8B
FFFFFF1F
000000F3
FFFFFE23
FFFFFECB
FFFFFD4E
FFFFFFED
FFFFFDAF
FFFFFF96
FFFFFF59
FFFFFF5C
FFFFFCD9
FFFFFD6E
FFFFFE6A
FFFFFFE7
000000DC
FFFFFED5
FFFFFE86
00000195
00000021
0000022F
FFFFFF7C
000001E2
00000121
000001E3
000000E6
FFFFFF39
0000028D
000000E5
00000201
FFFFFF0B
000001CF
FFFFFFB3
FFFFFF25
0000003E
000000DB
00000066
00000156
00000083
00000221
FFFFFF5E
FFFFFFBB
0000025A
000003ED
FFFFFFCD
0000004B
FFFFFE44
00000063
FFFFFEA9
0000016D
FFFFFFA8
000001B3
FFFFFF04
FFFFFCF0
000001F6
00000098
00000079
000000BE
0000001F
FFFFFF7A
FFFFFF62
FFFFFF95
00000019
FFFFFF4F
FFFFFE91
FFFFFFB5
FFFFFE20
FFFFFD68
0000024E
00000262
FFFFFDFE
FFFFFF92
FFFFFE11
FFFFFEFF
00000243
000003EE
000001FF
000000F5
00000231
FFFFFFC3
000000D0
00000289
FFFFFD29
FFFFFF6B
00000214
000000FC
FFFFFF06
000000B2
0000000F
00000153
0000008F
0000003C
FFFFFFD6
FFFFFEF0
00000189
00000179
FFFFFFA0
00000167
FFFFFF75
FFFFFE57
000000DF
000002E3
0000009F
00000072
00000335
FFFFFDE5
00000143
000000BF
FFFFFF12
00000013
FFFFFEF1
000001D4
FFFFFEFE
FFFFFE64
FFFFFFCA
0000003E
FFFFFDC6
0000004F
000001FA
0000001D
0000002C
FFFFFDF8
FFFFFFF3
FFFFFFE8
0000006F
0000010F
FFFFFFE6
00000012
FFFFFF4F
FFFFFEC6
FFFFFF43
FFFFFE04
00000187
000001ED
FFFFFEE1
FFFFFEE0
00000343
FFFFFE48
FFFFFE8C
FFFFFD48
00000085
00000336
FFFFFE93
00000163
FFFFFE2D
FFFFFFBD
FFFFFD8A
000001D3
FFFFFEC4
000000FD
0000018C
FFFFFE47
FFFFFF13
000001C1
FFFFFCC1
FFFFFEBE
00000105
FFFFFE80
FFFFFFF9
FFFFFF21
FFFFFF96
FFFFFEE8
FFFFFEF6
FFFFFF3A
FFFFFF51
FFFFFCDA
FFFFFD8C
0000036D
FFFFFD85
00000120
0000024C
FFFFFE1E
00000102
00000022
00000224
FFFFFF72
FFFFFF77
000000D1
0000017F
000002E7
00000244
000000C0
000000D3
FFFFFFBE
0000001A
00000013
00000113
FFFFFF53
00000103
FFFFFF00
FFFFFD15
FFFFFE2D
FFFFFFE0
FFFFFF62
FFFFFFA0
00000158
FFFFFD93
FFFFFF48
000001D6
FFFFFEA8
00000060
FFFFFC18
FFFFFEA0
000000B5
FFFFFEE7
000000BC
FFFFFF9D
FFFFFF26
FFFFFE05
000000AE
0000035F
FFFFFFF0
FFFFFDC9
FFFFFF0A
FFFFFF22
FFFFFE33
FFFFFF97
00000046
FFFFFC0C
FFFFFF03
FFFFFD92
FFFFFE78
000000A8
FFFFFEAD
00000057
FFFFFF19
FFFFFE37
FFFFFD6B
FFFFFF73
FFFFFE87
FFFFFC73
0000007B
00000028
0000001F
00000294
0000037E
0000011D
00000058
0000015D
00000167
000000F7
00000052
FFFFFEDE
00000135
000000AB
FFFFFEC4
FFFFFEEC
FFFFFEF2
FFFFFD2D
0000009C
00000196
0000008C
00000225
000000CF
00000191
00000008
00000026
FFFFFEDC
FFFFFDEC
FFFFFE7E
FFFFFE8D
FFFFFEBB
FFFFFFEF
FFFFFF48
000001C7
00000155
00000104
00000167
FFFFFFBB
FFFFFDEC
FFFFFF43
FFFFFE9F
FFFFFDE1
FFFFFE6D
FFFFFE93
FFFFFEAE
00000161
00000107
00000216
0000012B
000001DC
00000090
000003B2
000000A6
000000F9
000001E3
00000124
FFFFFE29
FFFFFFBB
FFFFFE08
0000002B
FFFFFFC6
00000078
FFFFFF1E
FFFFFDE3
FFFFFF09
FFFFFFCE
FFFFFE55
FFFFFDE2
00000123
000001C6
FFFFFF7C
FFFFFD86
FFFFFF7F
FFFFFD79
00000224
00000033
000001B1
FFFFFEB2
00000166
000001B2
0000005A
000002D1
0000024C
0000010C
FFFFFE80
00000297
000000FB
0000018A
FFFFFF00
000001AD
00000276
FFFFFF41
0000007A
000002C9
000000C3
000001BC
000000BB
FFFFFFAD
0000007F
000002DF
00000193
FFFFFE9D
FFFFFF50
FFFFFDC2
0000005F
FFFFFE2B
00000193
FFFFFE08
000000B2
FFFFFFA5
00000161
FFFFFEBA
FFFFFEB7
00000120
0000007B
FFFFFFBF
FFFFFE53
FFFFFE52
FFFFFE2A
000001D0
00000143
00000063
00000199
FFFFFF51
00000073
000000D5
0000007B
00000264
0000011D
FFFFFFE4
0000019D
FFFFFFFA
FFFFFEDF
FFFFFECE
FFFFFD8C
FFFFFF4F
00000103
FFFFFD1F
FFFFFFAA
FFFFFCF5
00000079
00000051
FFFFFEAA
0000008B
0000003E
FFFFFE72
0000005A
000000FB
0000008C
000000D4
00000326
0000047F
000000A6
0000011A
00000021
FFFFFE37
000000A5
FFFFFF0A
00000067
FFFFFEB9
00000026
FFFFFEB8
FFFFFF56
FFFFFFE3
0000003A
FFFFFF7B
0000005E
FFFFFEE1
0000008C
FFFFFE55
FFFFFF6F
FFFFFE95
FFFFFEDD
0000006A
000001C1
FFFFFEDD
0000000C
FFFFFE72
0000014B
0000006E
00000139
FFFFFEB1
FFFFFFD6
0000009D
FFFFFE38
FFFFFD53
FFFFFFC5
FFFFFEFC
FFFFFE85
00000013
FFFFFE0E
FFFFFED5
FFFFFEAC
00000300
0000009F
00000009
0000016E
FFFFFEF8
FFFFFEA0
000002D9
000000E7
00000294
000000A5
FFFFFF6D
00000057
00000134
FFFFFF60
FFFFFF39
0000001B
000000F7
00000078
FFFFFF8F
FFFFFFCB
FFFFFE3E
FFFFFF9A
FFFFFE8A
00000032
0000000F
FFFFFFFA
FFFFFFFF
FFFFFF71
00000072
000002BD
0000023C
FFFFFF65
0000012B
FFFFFE8D
000001C7
FFFFFF89
FFFFFFF2
0000021F
00000221
00000116
0000018F
0000018E
000000E2
FFFFFFEC
000001B1
FFFFFFDE
FFFFFEEA
FFFFFF0A
FFFFFF4B
00000122
000002AB
FFFFFFC7
FFFFFF40
00000134
000000FA
FFFFFD98
000001D3
000000E4
0000004F
FFFFFECF
FFFFFE1F
FFFFFFE2
FFFFFFDC
000002A2
000001C5
00000323
00000093
0000025F
00000371
00000240
FFFFFFD3
00000028
00000131
00000071
0000027A
FFFFFF98
00000015
00000057
0000020F
000001EA
0000027E
000001FE
0000018D
00000080
00000225
FFFFFF70
0000002A
000000D9
FFFFFF3E
00000157
00000193
000000EB
FFFFFFC1
FFFFFF4B
000000EC
000000C8
0000013C
FFFFFF72
FFFFFF56
00000040
FFFFFEEA
FFFFFE8A
FFFFFFC0
0000013F
FFFFFFC7
00000099
FFFFFF40
00000086
FFFFFE40
FFFFFEE8
FFFFFD3E
FFFFFD33
0000009D
FFFFFDB5
FFFFFFDE
FFFFFEB5
00000024
FFFFFF76
00000040
00000121
FFFFFF3D
FFFFFF81
00000082
00000096
FFFFFFA5
FFFFFFDF
00000171
FFFFFFF6
FFFFFE46
0000020C
00000159
000001E4
00000058
00000096
00000303
0000011C
FFFFFF87
FFFFFF63
000000BC
000000A3
00000112
00000143
000002D5
00000216
0000019E
00000380
000002D3
000000A5
000004D9
00000205
000002E7
FFFFFF8B
FFFFFF78
FFFFFDB0
0000010C
FFFFFFBB
FFFFFE31
00000060
FFFFFE6A
FFFFFD99
FFFFFF54
FFFFFC89
FFFFFF8B
FFFFFF1A
FFFFFFA6
FFFFFC18
FFFFFD9F
FFFFFDD1
FFFFFDE3
FFFFFF00
FFFFFF49
FFFFFEF0
0000014E
FFFFFE31
FFFFFEC3
FFFFFF2F
0000011A
FFFFFF16
FFFFFD1A
FFFFFCA1
FFFFFC9C
0000006B
FFFFFE4B
0000012E
FFFFFC4B
FFFFFEDD
00000019
FFFFFF51
000000D0
000000CC
FFFFFCF8
FFFFFD65
FFFFFEDC
00000111
00000046
FFFFFFA0
0000022C
00000297
FFFFFFD2
000000B2
00000161
000001CF
00000053
FFFFFE98
00000278
FFFFFF04
00000222
000000C6
00000282
00000276
00000018
000000BF
000001E8
00000158
FFFFFFF4
FFFFFF55
FFFFFEDC
000001BD
FFFFFFA3
00000091
0000020D
00000098
FFFFFEA3
FFFFFFE8
00000185
0000001D
FFFFFE3C
000000F2
FFFFFE6B
0000025F
00000229
00000280
FFFFFFC3
000001BB
FFFFFF45
FFFFFF2B
00000049
00000088
FFFFFFEC
00000042
FFFFFFA8
00000016
00000167
0000006E
0000004D
FFFFFFD1
00000027
FFFFFDB6
FFFFFF47
FFFFFE19
FFFFFFF8
00000118
FFFFFDD4
FFFFFD1A
00000023
FFFFFF78
000000EC
FFFFFF1F
000001BF
FFFFFF27
FFFFFF37
00000007
00000005
00000080
FFFFFDF3
FFFFFFB2
FFFFFE7F
FFFFFECE
FFFFFF78
FFFFFE17
FFFFFD40
FFFFFF06
000000C7
FFFFFD71
FFFFFFAD
0000017F
000000CD
0000019D
00000151
FFFFFFAA
0000009F
FFFFFF8B
FFFFFEF1
0000032C
000002AB
0000020C
FFFFFE22
FFFFFD52
FFFFFFE9
FFFFFF98
FFFFFCFE
FFFFFDEF
FFFFFE2A
FFFFFF91
00000050
FFFFFFDA
FFFFFEDF
FFFFFEE9
FFFFFFD4
FFFFFED9
000000D3
0000025D
0000016C
00000063
FFFFFF7C
000000CB
00000093
0000006F
000001E2
00000224
FFFFFEDC
00000125
00000180
FFFFFF12
FFFFFE04
FFFFFFF2
FFFFFF4D
00000031
FFFFFE3C
FFFFFE3F
FFFFFDD5
000000C9
FFFFFD5B
FFFFFEC2
FFFFFF30
00000093
00000061
FFFFFE4E
0000000A
000001C2
FFFFFF5B
00000082
00000015
FFFFFFD1
00000110
00000052
0000012C
FFFFFE62
FFFFFD75
FFFFFE15
FFFFFF64
00000040
00000301
0000001F
0000008E
00000026
00000180
000000C8
000000BE
000000E6
00000032
FFFFFECA
FFFFFEE4
FFFFFDBF
FFFFFD3B
00000068
0000022E
0000002F
FFFFFF3C
FFFFFE99
FFFFFFC1
0000007C
000000F1
FFFFFF8C
FFFFFD14
FFFFFF01
FFFFFDBC
FFFFFEDA
FFFFFE12
FFFFFD38
FFFFFDF1
00000020
FFFFFD7D
FFFFFEC1
FFFFFC91
FFFFFCEC
FFFFFE53
000001B2
FFFFFF97
0000000F
00000094
FFFFFEC0
FFFFFE12
FFFFFE89
0000004B
FFFFFF54
FFFFFEBD
FFFFFF9B
FFFFFCE0
0000001F
0000019D
FFFFFC21
FFFFFD22
FFFFFDDA
FFFFFEB7
FFFFFC56
FFFFFE07
FFFFFF99
FFFFFF0A
FFFFFCEC
FFFFFFEB
FFFFFFB4
FFFFFD75
000000AA
FFFFFE1F
FFFFFFFB
0000001C
FFFFFF22
FFFFFC4C
FFFFFE93
FFFFFE02
FFFFFCC1
FFFFFE60
FFFFFD8C
FFFFFCE3
000002BB
000000CA
FFFFFC66
FFFFFFE7
FFFFFD7C
FFFFFE1A
FFFFFFD0
FFFFFF3C
FFFFFE20
FFFFFEEA
FFFFFDB6
00000070
FFFFFEFF
000002C0
FFFFFD8E
00000231
FFFFFDD5
FFFFFEB8
FFFFFFCE
FFFFFE1B
000002C8
FFFFFF22
FFFFFD42
00000026
FFFFFDCE
00000004
FFFFFBEF
FFFFFFEE
FFFFFE9C
FFFFFF23
FFFFFF63
0000039F
FFFFFF7D
FFFFFF5F
000001E3
FFFFFF2D
FFFFFEDB
FFFFFE67
0000009F
00000168
FFFFFE06
000000DB
00000046
FFFFFE01
00000362
0000027A
FFFFFF1B
0000020D
00000156
00000135
FFFFFFCF
FFFFFE69
0000010D
FFFFFFC7
FFFFFEA2
FFFFFF2E
000001EF
FFFFFB64
FFFFFE7E
00000085
00000263
000000E6
00000322
000002EC
FFFFFF91
00000168
00000395
FFFFFED0
00000342
0000014B
0000000E
FFFFFF85
FFFFFE85
FFFFFE12
FFFFFF91
FFFFFF06
FFFFFDB2
FFFFFF48
000000BA
00000202
FFFFFF70
00000031
FFFFFD84
FFFFFE61
000001D4
FFFFFE03
0000002A
FFFFFFB9
FFFFFE3B
0000022D
FFFFFFE9
00000045
00000026
00000107
00000258
FFFFFE77
0000018F
FFFFFF0D
0000046D
FFFFFF9E
FFFFFD92
0000005C
000001FC
FFFFFDD1
00000101
FFFFFEA1
FFFFFFC6
000000DC
0000008A
00000007
FFFFFF5D
000000CC
FFFFFEB4
000002BB
000002AF
FFFFFFE2
00000261
00000000
FFFFFE8A
FFFFFE53
000000C6
000000D8
00000272
FFFFFE9B
FFFFFCB9
000000F9
FFFFFF2F
00000060
FFFFFED5
00000119
FFFFFFA8
FFFFFDD0
FFFFFF40
0000049D
0000001E
FFFFFEF0
00000118
FFFFFF6F
FFFFFF62
00000204
00000412
0000024A
000001AE
00000036
0000015A
000001FE
0000027E
00000246
000003F6
FFFFFF4A
FFFFFD5D
FFFFFDE7
FFFFFDBF
0000000A
FFFFFC3E
0000015A
FFFFFE2F
FFFFFFC6
000002E3
FFFFFE78
FFFFFFF6
000002A9
000001B1
FFFFFFB8
000001D3
FFFFFDEB
FFFFFCD8
0000015C
0000026D
00000048
FFFFFDE3
000001E3
000000CA
000002B9
00000001
00000074
000001D3
FFFFFD91
FFFFFFCB
000000E8
FFFFFF25
FFFFFFFB
FFFFFC5B
FFFFFF00
FFFFFD1D
FFFFFF71
0000031A
FFFFFF61
FFFFFF51
FFFFFD9F
FFFFFFA3
FFFFFF93
0000014C
FFFFFEEE
0000004E
FFFFFCDE
00000192
FFFFFD7B
FFFFFD38
00000110
FFFFFE6A
FFFFFDA1
FFFFFE9E
FFFFFBF1
FFFFFE36
00000099
0000044F
000000A6
FFFFFD9B
FFFFFE41
FFFFFE0F
FFFFFFBA
0000015C
00000122
FFFFFE42
00000030
FFFFFD32
FFFFFD14
0000005F
FFFFFDA9
FFFFFD5D
FFFFFC7D
00000224
00000028
FFFFFEF0
000003A6
FFFFFDD2
FFFFFEFB
FFFFFFD3
FFFFFFF6
0000010E
FFFFFF57
FFFFFFE0
00000295
FFFFFECB
FFFFFE25
00000305
FFFFFFA3
0000016A
0000007F
00000063
000001F5
000001AA
0000012B
00000236
000000AE
FFFFFF6F
FFFFFFF7
0000017C
000001F8
FFFFFE46
FFFFFD9C
FFFFFE86
FFFFFBF5
FFFFFE47
0000007D
FFFFFF09
FFFFFF44
FFFFFEFA
00000142
FFFFFF2A
0000022A
000002C4
00000155
000000CA
0000016B
FFFFFF16
FFFFFE1B
FFFFFE9B
FFFFFE1A
FFFFFEA0
0000017C
FFFFFD26
FFFFFD27
FFFFFD34
0000002E
FFFFFD07
0000022F
FFFFFDA4
00000016
00000382
0000015C
000000B4
0000028F
00000243
0000005B
FFFFFE6B
000000E9
000000A6
FFFFFD23
000002D2
0000009C
0000009E
FFFFFE4A
FFFFFDC7
00000338
FFFFFE80
FFFFFF58
FFFFFEAC
FFFFFEF0
00000075
0000003E
000000F0
000002F3
000002B0
FFFFFF8C
00000364
000002FB
00000211
FFFFFE98
FFFFFCA6
000000C9
FFFFFEBB
00000172
00000186
FFFFFE95
FFFFFEB7
000002F8
00000135
00000144
0000006E
00000172
FFFFFC6B
FFFFFCD0
FFFFFF18
FFFFFE9D
FFFFFFB1
00000104
000003E1
FFFFFFE2
FFFFFDDC
000000F7
FFFFFE70
FFFFFF9A
00000030
000000C9
00000054
00000045
FFFFFF0D
FFFFFD04
000000C8
000001E3
FFFFFBBC
000000B2
FFFFFCF0
FFFFFDDE
FFFFFF01
000001BB
FFFFFD54
FFFFFE85
FFFFFF5B
FFFFFDD0
FFFFFDF6
000000E6
FFFFFF0D
0000004B
000002B5
FFFFFE65
FFFFFD31
FFFFFFD1
FFFFFC60
00000091
FFFFFDF1
FFFFFDFF
FFFFFCE1
FFFFFE00
000004D2
000002F3
FFFFFFCF
00000264
FFFFFF8D
000000F4
000000C8
FFFFFF55
0000000E
00000030
FFFFFF30
000001A8
0000019E
00000261
0000000E
0000012B
00000175
FFFFFF88
000000B8
FFFFFF91
000001ED
0000010E
00000304
000003DF
FFFFFDAF
0000021C
000002BC
FFFFFE14
FFFFFFD5
FFFFFD4F
00000026
FFFFFCFB
FFFFFCE8
0000001F
FFFFFE1C
FFFFFD40
FFFFFE67
FFFFFCA1
FFFFFFDF
000001BE
FFFFFD00
FFFFFE60
00000302
FFFFFFCC
FFFFFD20
FFFFFFB0
FFFFFE11
FFFFFF11
00000089
00000172
000000E4
00000022
FFFFFF81
00000305
FFFFFF21
0000011C
00000098
FFFFFF4C
0000000D
FFFFFE4E
00000334
000001F4
0000002A
00000189
0000009C
FFFFFF89
000001BB
00000277
FFFFFFA4
000000C6
FFFFFFDB
000001D4
FFFFFEEF
FFFFFD81
FFFFFEA0
FFFFFFE3
FFFFFCCF
FFFFFECE
FFFFFE5F
FFFFFD95
FFFFFFAE
FFFFFF51
00000147
FFFFFCE5
00000132
00000015
00000007
000000F9
0000020E
000000CA
FFFFFD50
00000141
FFFFFDD5
000001D1
FFFFFF94
00000000
FFFFFEF2
0000003F
FFFFFE3C
FFFFFF49
00000145
00000052
FFFFFCFE
FFFFFDAA
FFFFFF1A
0000003D
FFFFFE8C
000001CC
FFFFFD53
FFFFFFDE
FFFFFE17
000000F3
FFFFFFEB
FFFFFE85
FFFFFE99
FFFFFD9E
FFFFFEAB
00000085
FFFFFFBC
000001BD
00000265
FFFFFFF7
FFFFFF94
FFFFFD06
FFFFFF79
FFFFFEAA
FFFFFF1A
FFFFFDAA
00000049
FFFFFEBD
0000006E
FFFFFEC4
FFFFFFCB
000000A2
FFFFFD74
FFFFFEBD
00000080
0000036E
FFFFFFC3
FFFFFEB3
FFFFFF42
000000E5
FFFFFCC7
000002D8
FFFFFE95
00000163
000000D7
000002B2
000000F5
FFFFFFBF
0000008B
FFFFFFA5
00000099
FFFFFD19
00000150
FFFFFDA6
FFFFFC2F
FFFFFD0E
00000186
000000D9
FFFFFE04
FFFFFEFC
FFFFFBD9
0000001D
FFFFFE5A
FFFFFF7C
FFFFFCBC
FFFFF9AD
FFFFFC26
FFFFFD99
FFFFFC30
000000AE
FFFFFF9C
FFFFFE47
FFFFFFF1
FFFFFE02
FFFFFFE8
FFFFFFE7
00000077
FFFFFFFF
000002AA
FFFFFE97
FFFFFFD2
0000016A
0000011C
00000058
FFFFFE55
0000009F
00000122
00000071
0000008C
0000026E
FFFFFF60
FFFFFE82
FFFFFF1D
FFFFFD0B
FFFFFF70
FFFFFEB6
FFFFFF30
FFFFFFBE
FFFFFFF9
0000010F
00000167
FFFFFE97
FFFFFE2A
FFFFFEEA
00000030
0000032E
0000007D
000002EA
FFFFFFE6
00000005
0000016A
000000A1
FFFFFFCE
00000063
FFFFFFC2
00000085
FFFFFD09
0000002F
000000EE
000000A3
0000015E
00000222
0000017E
FFFFFFEC
FFFFFFCA
000001E9
00000337
00000029
FFFFFFD6
000001AA
00000044
FFFFFEBC
FFFFFE9F
FFFFFDEE
FFFFFDA9
FFFFFFE0
FFFFFBAA
FFFFFCF4
FFFFFEC4
FFFFFFB9
FFFFFDFB
FFFFFDC8
000000E3
FFFFFF06
000001A4
FFFFFD44
0000004A
FFFFFE1A
000001BE
000000EC
00000158
FFFFFEF2
FFFFFF30
000000A4
000001C7
0000012F
00000254
FFFFFFE0
00000301
0000022D
00000224
00000303
00000268
FFFFFE26
00000076
FFFFFFF1
0000000A
0000035B
000000D5
FFFFFEC1
00000159
0000009A
FFFFFF37
000000A7
00000122
FFFFFF60
0000005C
000002D9
0000011F
00000290
FFFFFE61
0000007C
00000192
FFFFFF4F
FFFFFEEE
FFFFFFA9
FFFFFFBD
00000002
000000A0
FFFFFE1A
000000BD
FFFFFB74
FFFFFF04
FFFFFFF1
FFFFFEEA
00000128
00000058
FFFFFED7
FFFFFF69
FFFFFF90
00000198
00000050
FFFFFF45
FFFFFEDA
FFFFFE2A
000000FA
0000011B
FFFFFE36
FFFFFE29
FFFFFEB3
000001ED
FFFFFF70
00000162
0000011C
FFFFFFD2
000001CD
FFFFFF93
FFFFFE05
00000044
000002EB
FFFFFFEE
FFFFFFAD
FFFFFFAC
00000386
0000033C
000001E0
000000AA
FFFFFF0C
FFFFFD77
00000090
00000005
00000119
000002A9
FFFFFEE7
00000189
FFFFFE09
FFFFFE6A
00000056
00000031
FFFFFEF2
FFFFFFEB
FFFFFDB8
FFFFFED9
FFFFFFF3
FFFFFF99
FFFFFE27
000000D8
FFFFFF75
00000210
FFFFFD77
FFFFFDCD
00000058
FFFFFE86
00000109
FFFFFF06
FFFFFE9C
FFFFFDF3
FFFFFF8B
00000075
00000021
FFFFFFA7
00000157
000000CA
000000F7
FFFFFFA1
FFFFFFCF
FFFFFF60
FFFFFE52
FFFFFEF3
FFFFFE5C
FFFFFDF8
FFFFFE19
FFFFFFAD
FFFFFFD4
FFFFFE70
0000001D
FFFFFF15
0000022C
FFFFFE28
0000007D
0000024C
FFFFFE22
00000120
FFFFFCE8
FFFFFD22
000001C6
FFFFFF2B
0000016C
FFFFFEEA
0000036A
0000027B
000001CB
FFFFFF28
00000040
000000AE
FFFFFDB6
0000016E
0000022D
FFFFFE5F
FFFFFDDD
FFFFFFEA
0000001C
00000191
FFFFFFE0
00000389
FFFFFF76
00000062
FFFFFF08
0000013B
FFFFFD5E
0000011E
00000161
FFFFFDD9
000002D4
00000038
FFFFFF91
FFFFFFD5
00000199
00000337
00000101
FFFFFF30
00000145
FFFFFFA9
000002DF
0000002A
000002E8
FFFFFE5C
000001FC
FFFFFE18
FFFFFF0A
FFFFFFBC
FFFFFFA0
000002DF
000001BD
FFFFFF52
FFFFFF1C
000001B6
FFFFFFDF
00000188
FFFFFF14
FFFFFFDE
FFFFFD32
FFFFFE01
FFFFFDA2
000002F7
FFFFFFBF
0000002E
FFFFFBC8
FFFFFDA4
000000D5
00000327
000000B9
000002F3
FFFFFFAC
FFFFFDE2
000001F2
00000276
FFFFFEA8
000001F6
000000AE
FFFFFEF6
FFFFFE79
00000212
FFFFFFA0
FFFFFE4E
00000046
00000079
000000A3
FFFFFFD4
0000001C
000002A5
FFFFFFAA
FFFFFF72
FFFFFE4B
FFFFFF8F
FFFFFF8C
0000000B
FFFFFCE9
FFFFFCC0
0000019D
FFFFFE3A
FFFFFE95
FFFFFE30
FFFFFBB2
000000DF
FFFFFF02
0000004D
FFFFFF97
00000293
FFFFFF21
000002AA
0000014E
FFFFFF82
FFFFFE02
FFFFFF60
FFFFFDA2
0000000A
FFFFFE95
FFFFFDFC
FFFFFD3D
FFFFFD86
00000011
FFFFFE3C
00000163
FFFFFEC4
FFFFFEF0
000002B6
00000185
FFFFFEB8
FFFFFEA8
FFFFFF06
FFFFFFFE
0000001E
0000000A
00000124
FFFFFF88
000000FA
FFFFFE0F
FFFFFEFD
00000088
00000117
FFFFFF15
000001E5
0000033A
00000075
000002BF
0000006C
0000031D
00000088
0000029C
00000127
00000141
00000312
FFFFFE2C
000000B8
00000069
0000009D
00000295
FFFFFF82
000001B1
0000013D
000001AC
FFFFFF8D
FFFFFFC6
00000057
00000080
0000007D
FFFFFDC0
FFFFFFFF
FFFFFDC7
FFFFFF84
00000100
FFFFFD9F
FFFFFE10
00000251
FFFFFE73
000001DB
FFFFFEDE
0000020D
FFFFFDB7
00000218
00000131
FFFFFFF1
FFFFFCAC
000000C5
0000019E
00000365
0000004C
0000000F
FFFFFE86
00000290
00000125
000001D2
0000023D
00000303
FFFFFFEC
FFFFFFED
FFFFFFEE
0000025B
00000195
00000164
00000347
000003AD
000003B8
000003E2
0000023C
000002F4
000003C9
FFFFFFB4
00000273
00000142
0000032E
FFFFFF77
FFFFFFB6
FFFFFFCE
FFFFFFB0
FFFFFFD8
FFFFFF0C
FFFFFE77
FFFFFD74
FFFFFDA6
FFFFFFE1
FFFFFEB5
FFFFFF66
FFFFFDEC
FFFFFE7D
FFFFFEAC
FFFFFE1E
00000140
0000019C
00000320
FFFFFF31
000001AB
0000024B
0000020D
FFFFFEE1
FFFFFD38
FFFFFF8B
0000005A
FFFFFCCF
00000000
FFFFFFBA
FFFFFED1
FFFFFEF6
FFFFFF21
FFFFFDF9
00000045
00000065
FFFFFFB7
00000287
000000AF
00000114
00000058
FFFFFFAA
00000261
000001B0
0000007C
FFFFFF01
FFFFFEBA
000000FA
0000026E
00000162
FFFFFF95
0000004F
000000D9
FFFFFF0A
00000277
0000004C
000000D7
FFFFFEF8
FFFFFF61
00000268
FFFFFFDE
FFFFFDD9
FFFFFF68
0000013E
FFFFFBC5
FFFFFC6A
FFFFFF9B
FFFFFDCB
FFFFFF71
FFFFFFF0
FFFFFE71
FFFFFBF2
FFFFFDA3
FFFFFCA8
FFFFFF60
FFFFFE14
FFFFFD82
FFFFFCFB
FFFFFC4B
FFFFFF89
FFFFFD7D
FFFFFED4
0000009B
00000249
FFFFFDB1
FFFFFE43
FFFFFC99
FFFFFE9A
0000000F
FFFFFFBD
000000D5
00000401
00000282
00000311
000000A7
000003B8
FFFFFE16
FFFFFFC0
00000065
000002DF
000001E4
FFFFFF75
000001D1
00000061
FFFFFF52
00000261
00000225
0000016D
00000132
000002B6
FFFFFFE2
00000205
00000104
0000004B
FFFFFEE2
000000CB
FFFFFFD1
000000A8
FFFFFD41
FFFFFE6E
000001B7
00000050
FFFFFE1B
00000249
000002A9
FFFFFE53
0000028F
FFFFFF4B
0000013F
FFFFFDF3
0000030B
0000009F
0000013B
FFFFFC85
00000050
00000278
0000019E
00000203
000000FE
FFFFFFCA
00000232
0000019E
0000007A
00000105
FFFFFE77
FFFFFE0D
0000015C
00000124
FFFFFF03
FFFFFF60
000000BA
00000091
FFFFFDEE
FFFFFE18
000000E4
FFFFFFEC
FFFFFE05
FFFFFFA7
FFFFFF41
000001E5
FFFFFE6D
FFFFFDB5
FFFFFF24
000000B9
FFFFFFBD
FFFFFF30
0000012F
FFFFFEE6
FFFFFEF4
FFFFFD59
FFFFFE55
FFFFFEAC
000000ED
FFFFFED9
000001B8
FFFFFEC8
FFFFFDCB
0000015A
00000012
FFFFFF83
00000020
0000007C
00000224
00000068
FFFFFCFB
FFFFFF28
FFFFFE3C
FFFFFD62
FFFFFEAC
FFFFFEBE
000000BF
000000E2
FFFFFF51
00000245
000001CA
FFFFFEE1
FFFFFCEB
00000124
0000002E
FFFFFEAA
FFFFFD01
FFFFFF40
FFFFFF2D
000000DC
FFFFFC8E
FFFFFCCF
FFFFFE30
000003C8
0000013E
0000013B
FFFFFFBE
0000009F
FFFFFFD5
FFFFFFA7
0000002A
000003E3
000000E2
FFFFFBEB
FFFFFD9F
00000029
00000063
FFFFFCEB
FFFFFE29
FFFFFB18
FFFFFBAE
00000092
000000EE
00000009
00000212
FFFFFE38
FFFFFFDD
FFFFFFA3
00000087
FFFFFEA7
FFFFFE40
FFFFFE02
FFFFFF8C
FFFFFEA2
00000208
00000045
00000033
0000009A
00000033
00000203
0000019D
FFFFFFD6
00000359
FFFFFF31
00000299
0000029D
0000053E
00000379
00000130
FFFFFD8E
FFFFFF4A
00000040
FFFFFFE9
FFFFFD55
0000017F
000000EB
000001EA
000000F3
FFFFFFB6
FFFFFEA1
00000226
000001DE
FFFFFDAE
00000183
FFFFFD54
FFFFFD5A
FFFFFC7A
FFFFFF47
FFFFFF31
FFFFFDA8
000001FC
FFFFFE1B
FFFFFEE9
FFFFFDC0
FFFFFD6C
0000029D
0000035C
FFFFFFD1
FFFFFE29
FFFFFF11
FFFFFF57
0000001A
FFFFFE5D
00000121
000002E7
FFFFFF5B
FFFFFF0E
00000085
0000010C
FFFFFD50
000001D2
00000063
FFFFFF08
000000EA
000002B5
0000015F
00000198
FFFFFF0E
FFFFFF4A
FFFFFFF6
FFFFFEA4
0000004C
FFFFFDA5
FFFFFF74
00000149
0000001D
FFFFFFF1
000000F8
000000A8
FFFFFF21
0000002C
0000019A
000000D4
00000259
00000108
FFFFFFFC
000000A2
00000141
FFFFFFDA
FFFFFF1C
0000004B
FFFFFE2B
FFFFFE74
0000037A
FFFFFE5E
FFFFFE39
00000282
00000254
FFFFFE21
FFFFFE6C
FFFFFDFD
FFFFFE52
FFFFFF15
000001E9
000000CD
0000009B
00000175
FFFFFF98
FFFFFE7A
FFFFFEA2
FFFFFFA2
000001B9
0000025E
0000008A
FFFFFFF3
00000176
00000252
000000E7
00000185
00000149
0000022B
FFFFFF69
000000FD
FFFFFF9C
FFFFFDEA
000000B1
FFFFFF2C
000000D1
FFFFFD83
FFFFFC80
FFFFFF7D
FFFFFFA3
00000180
00000196
FFFFFF3C
FFFFFF59
000001BE
00000148
FFFFFEE8
FFFFFFC0
FFFFFF1F
FFFFFDD9
000001DC
00000198
00000139
000001DD
FFFFFF90
0000025D
00000260
00000117
FFFFFE82
FFFFFE5F
0000004C
00000122
0000045E
0000039E
FFFFFE62
FFFFFE9D
00000083
FFFFFFC3
00000099
0000029E
000002B3
00000125
FFFFFE01
00000288
000001EC
0000025C
FFFFFF7A
00000052
000000CF
FFFFFF9B
FFFFFFF6
0000020D
FFFFFE22
FFFFFF82
FFFFFF8F
FFFFFF05
00000049
FFFFFEE0
FFFFFFCA
00000219
0000028E
000001D2
0000008B
FFFFFFA1
FFFFFFB9
FFFFFEC9
FFFFFF2F
00000270
FFFFFD7D
00000137
000001B2
FFFFFFA6
000000F9
FFFFFE1C
00000287
00000230
FFFFFE63
00000169
00000105
FFFFFFC1
FFFFFE91
FFFFFE86
FFFFFF6D
FFFFFEB6
FFFFFECD
FFFFFF07
00000275
00000123
FFFFFE76
FFFFFFB6
0000019A
00000278
FFFFFDD6
FFFFFFCF
0000012E
000000B8
000001CD
00000193
0000020C
0000035C
0000020A
FFFFFF0B
FFFFFFD7
FFFFFE0A
FFFFFFE7
FFFFFE0E
FFFFFE7C
FFFFFD9B
FFFFFF97
FFFFFEDC
FFFFFFAF
FFFFFE35
FFFFFFBC
00000139
FFFFFF72
FFFFFD6C
00000273
FFFFFFBF
00000166
00000010
0000018A
00000176
FFFFFEB6
000000D3
FFFFFF07
FFFFFE32
000000E6
FFFFFDEC
0000002C
00000167
FFFFFF6B
0000003B
FFFFFE98
FFFFFE14
0000012B
FFFFFD7D
000001C3
00000195
FFFFFD82
000000BD
00000006
FFFFFF90
FFFFFF4F
00000288
FFFFFFA3
000001B3
FFFFFFF5
00000181
0000019D
FFFFFE83
FFFFFE93
FFFFFF78
FFFFFF3E
00000104
00000022
FFFFFD3B
00000009
00000173
FFFFFF06
00000227
00000259
FFFFFE7D
FFFFFFAA
00000309
FFFFFEAD
FFFFFFD0
000001D4
0000024D
0000043C
000002F5
0000006C
00000117
00000221
0000003B
FFFFFEFE
FFFFFDED
FFFFFE12
FFFFFDD9
FFFFFE6E
FFFFFD11
FFFFFE3B
FFFFFD47
00000004
FFFFFE3B
0000015D
0000002D
00000060
FFFFFF1A
FFFFFEF5
FFFFFD64
FFFFFFE4
00000227
00000002
00000000
FFFFFF4A
00000119
00000052
FFFFFFBB
0000030A
0000000E
0000016C
FFFFFF6D
000000C1
000001D3
FFFFFFE0
000000DC
FFFFFF98
00000220
FFFFFFEA
0000038A
000000C1
00000222
FFFFFEFD
000002E7
00000097
FFFFFE71
000001E1
0000030D
00000258
FFFFFDE0
FFFFFDDC
FFFFFC59
FFFFFEFC
FFFFFEEF
FFFFFE3B
FFFFFD5C
00000234
FFFFFF53
000001FD
00000110
FFFFFE52
0000027B
00000238
00000156
FFFFFEE1
00000181
0000004A
00000042
FFFFFFEF
000001AF
000000D3
FFFFFEB9
FFFFFFCE
000002F3
0000002C
FFFFFCFF
FFFFFDE5
FFFFFD69
FFFFFDB5
FFFFFC49
00000007
000000A3
FFFFFF8C
FFFFFE43
00000235
FFFFFE2D
0000014C
FFFFFF1F
FFFFFEB3
000001DC
00000283
000001B6
00000273
FFFFFEC3
00000164
FFFFFBAC
00000082
FFFFFF37
FFFFFE70
00000024
FFFFFF6E
FFFFFDF7
FFFFFCE6
FFFFFFBC
000000E3
00000358
FFFFFFFA
FFFFFEDD
0000007C
00000102
FFFFFE6B
00000259
00000068
FFFFFBCA
00000016
FFFFFF24
FFFFFE5F
FFFFFF95
FFFFFC90
FFFFFE9F
FFFFFE16
FFFFFDCD
000000EC
000001E3
FFFFFF7C
FFFFFD48
FFFFFE81
00000042
FFFFFFC7
FFFFFF2A
000001E6
0000016E
000001A9
FFFFFE23
00000001
FFFFFF5C
FFFFFF97
FFFFFDDD
000000AC
FFFFFE96
FFFFFEDB
0000013F
0000019D
00000107
000001C5
FFFFFDC7
FFFFFE3E
000001CC
FFFFFFA8
00000246
FFFFFDFA
FFFFFFF3
0000001F
0000023D
FFFFFF16
FFFFFFD5
FFFFFEC8
00000071
000001C5
000000EE
00000364
000000D7
0000009D
00000332
00000049
0000009D
000003BB
00000373
00000039
FFFFFD6B
00000316
FFFFFD82
FFFFFF4B
00000021
FFFFFEC7
FFFFFF95
000000D4
FFFFFD4F
FFFFFD1B
000000DA
FFFFFE94
FFFFFCBA
FFFFFFA3
FFFFFFC5
00000110
0000038F
00000127
0000005F
000003A4
000000EA
FFFFFF18
FFFFFD84
0000016C
000000A3
FFFFFB9F
FFFFFFD9
FFFFFF7D
FFFFFDA4
FFFFFD4E
FFFFFAEB
FFFFFAED
FFFFFAC4
FFFFFA82
FFFFFF70
000001F1
FFFFFF37
00000109
00000133
0000025C
00000438
FFFFFF75
FFFFFF38
FFFFFE72
FFFFFF96
00000181
FFFFFFFA
00000138
FFFFFEE0
FFFFFFFC
FFFFFC7F
0000020F
FFFFFF06
0000008C
FFFFFF66
00000191
FFFFFFC1
0000005B
000000F1
FFFFFEBD
FFFFFFF5
FFFFFCBA
00000170
FFFFFD31
00000131
FFFFFBD0
FFFFFD93
FFFFFD5B
FFFFFF03
000001D1
FFFFFDDD
FFFFFE5F
FFFFFFDA
00000071
00000090
FFFFFEEF
FFFFFD4F
0000004F
00000127
0000004D
FFFFFDF4
FFFFFC10
FFFFFF18
FFFFFF89
FFFFFF6D
000000DE
FFFFFD68
FFFFFCAD
00000162
FFFFFE73
00000044
00000019
FFFFFEE9
FFFFFDAC
FFFFFE69
FFFFFD55
FFFFFE68
000001AC
000000F7
00000032
FFFFFC9E
00000210
0000025D
00000052
000000DF
FFFFFFFF
000000B9
FFFFFF35
000002C1
FFFFFFD0
FFFFFDA5
00000289
FFFFFDF5
FFFFFFC6
FFFFFED6
FFFFFCA2
00000152
FFFFFF23
FFFFFFDF
000000C4
000000A4
00000264
0000030F
FFFFFEB8
00000161
000001CB
FFFFFCE3
FFFFFDCF
FFFFFC57
0000029D
FFFFFF25
FFFFFE3F
FFFFFF8F
000000A4
FFFFFCCE
00000036
FFFFFD81
FFFFFCEA
FFFFFFCD
0000005E
FFFFFFE3
0000001E
FFFFFF78
FFFFFF38
FFFFFE67
00000091
00000077
0000017C
FFFFFD81
FFFFFF8A
0000008C
00000025
00000229
000000E4
00000162
FFFFFFED
FFFFFC3B
FFFFFE40
FFFFFB88
FFFFFF16
000001E6
FFFFFF5A
FFFFFB7F
FFFFFD83
FFFFFFD3
FFFFFD2C
FFFFFDAB
00000288
000001F5
0000031E
FFFFFF1F
00000244
FFFFFD33
00000244
000000B8
00000434
0000041F
0000022E
000004F2
000001F5
0000021D
000001CF
0000051D
00000255
000000A6
00000498
FFFFFE81
FFFFFC08
00000271
FFFFFEF6
00000216
00000020
00000155
FFFFFD74
00000006
FFFFFE6A
000000FD
000001A4
00000041
00000127
FFFFFF70
FFFFFE35
FFFFFE84
00000355
FFFFFED1
FFFFFF87
000002BA
00000168
FFFFFFAF
FFFFFEEC
00000569
FFFFFF66
FFFFFEF4
FFFFFF81
FFFFFD6E
00000106
FFFFFF50
FFFFFEE1
0000030D
FFFFFF52
FFFFFF97
0000015A
FFFFFD57
FFFFFEA0
FFFFFF36
00000026
0000010B
00000142
0000004F
FFFFFDD7
000000D1
FFFFFD4C
FFFFFFD3
000000F4
0000028E
0000012D
FFFFFDBD
000000FA
FFFFFF57
FFFFFEBC
000001CD
FFFFFE36
0000032E
00000033
FFFFFFEF
000002DF
FFFFFD98
FFFFFF7C
0000014B
00000033
FFFFFFEF
FFFFFFCD
FFFFFEF4
FFFFFD80
000002C1
FFFFFE87
FFFFFD2F
FFFFFF21
FFFFFFCC
000000D5
00000477
FFFFFF77
00000105
00000342
0000018F
0000038D
FFFFFF4D
00000641
00000061
FFFFFF0F
00000236
FFFFFFFC
00000226
00000298
FFFFFE4E
000001B1
FFFFFE05
0000006B
FFFFFC22
0000003A
00000149
00000104
FFFFFDAC
FFFFFC40
00000131
FFFFFBD1
FFFFFFCF
FFFFFEC4
000004E2
0000011F
0000020B
FFFFFE7B
FFFFFE38
FFFFFEE2
FFFFFD70
FFFFFF7A
0000001B
FFFFFE13
FFFFFFDE
FFFFFE7C
FFFFFE02
FFFFFC74
FFFFFF90
FFFFFD32
FFFFFFC7
FFFFFE37
FFFFFFC4
000001C5
FFFFFF51
FFFFFD71
000000B0
FFFFFF08
FFFFFE18
FFFFFC51
00000304
FFFFFE1F
0000021F
FFFFFDF3
FFFFFEA0
00000202
FFFFFE96
FFFFFCE3
00000156
000001F2
0000010A
000002FE
00000203
00000144
00000259
000000F9
000003A8
000000CC
000002DF
0000028B
0000011B
FFFFFFE2
0000011C
000001D0
00000003
00000054
FFFFFF09
FFFFFEE0
FFFFFF5A
00000136
FFFFFFAF
FFFFFF50
000001A2
0000002D
0000008B
FFFFFDC1
000001FC
000002C7
FFFFFED1
000001D4
FFFFFE5D
0000019B
FFFFFFDF
000001A5
000002A1
FFFFFEDE
FFFFFE81
00000150
FFFFFDB6
FFFFFC44
FFFFFEE4
FFFFFF81
FFFFFD61
000002FE
00000195
00000253
00000490
000003EB
000000B0
000001AF
0000027D
FFFFFDA2
000001BB
FFFFFED4
FFFFFEF0
000001CD
000000AA
FFFFFED8
FFFFFBF4
FFFFFCFC
FFFFFFD4
FFFFFFCB
00000118
0000019D
00000167
FFFFFEB7
FFFFFE17
00000203
00000076
0000003E
0000037B
00000413
00000088
FFFFFFFB
00000274
000000E7
00000158
0000007B
00000602
FFFFFD9B
000001C2
00000029
000000F7
FFFFFED5
FFFFFD95
00000220
000002A6
0000018E
000000F1
FFFFFD31
FFFFFFA4
0000003A
FFFFFE69
00000422
00000421
0000028D
FFFFFE6F
00000395
00000447
000003B4
000000FE
FFFFFEC8
FFFFFEE0
000004EF
0000015A
FFFFFE0D
FFFFFFDC
FFFFFEAD
FFFFFF04
0000023D
FFFFFDC5
FFFFFFBA
000001E2
000000CE
FFFFFF45
000001CA
0000036C
00000103
0000004A
FFFFFD4E
000000F6
00000268
0000004C
FFFFFD6B
000003AB
00000357
0000014F
FFFFFEEC
000002E8
00000408
00000146
0000019C
000001DC
000001AC
00000294
000003DC
00000572
0000011F
FFFFFE5C
000000DC
00000291
FFFFFE11
FFFFFCE0
0000039D
00000027
0000011A
FFFFFDF8
FFFFFED4
0000020E
00000232
000000AF
00000229
FFFFFEEF
FFFFFC32
FFFFFD35
FFFFFF1E
000000E8
000003BF
00000009
00000213
000001FD
000001BA
0000027B
000001AC
0000000E
000000F7
FFFFFFCF
00000142
FFFFFDBA
000003F9
00000092
0000019C
FFFFFD5E
000002AE
00000086
000003EB
000002C6
FFFFFEC1
FFFFFE98
FFFFFFEA
FFFFFAFE
FFFFFD95
FFFFFDDC
FFFFFE9A
FFFFFF2B
FFFFFFD5
FFFFFE8F
FFFFFF9D
FFFFFE71
FFFFFDAC
000002E3
FFFFFF89
FFFFFF31
FFFFFE54
00000171
FFFFFF28
00000175
FFFFFFCB
000002B4
FFFFFF74
000000F6
00000385
00000343
0000035C
FFFFFFA6
FFFFFDA6
FFFFFF5D
000000D6
FFFFFD39
000000DF
000000EE
FFFFFD94
FFFFFEA4
FFFFFEF7
0000018F
0000026B
FFFFFCED
FFFFFF70
FFFFFE3E
0000012B
00000386
000001B7
0000022B
FFFFFE2D
0000022A
00000057
FFFFFFBB
000001A1
0000041D
00000139
FFFFFE8F
00000304
00000099
00000354
000001C3
FFFFFEB7
00000337
0000014B
00000362
000002EB
00000034
FFFFFF46
FFFFFF51
FFFFFE40
FFFFFCE9
FFFFFDE1
FFFFFD6E
000002C4
000000BF
0000009F
00000308
FFFFFB7D
FFFFFEB4
FFFFFE10
000000E1
FFFFFF17
FFFFFDDD
FFFFFDFC
FFFFFDE5
0000012E
00000025
0000040B
00000093
000002C1
FFFFFF27
00000099
000003E3
FFFFFF91
FFFFFEA7
FFFFFE2C
FFFFFE46
00000273
FFFFFDCE
FFFFFDFA
0000000D
0000035E
00000212
FFFFFF21
00000484
0000019B
FFFFFED3
0000027F
000001F4
00000282
0000005B
000002C3
00000136
00000169
00000275
0000023B
00000295
FFFFFFB7
0000001C
00000179
000000FB
FFFFFEC0
00000066
FFFFFF04
000002AA
FFFFFE2B
000000AC
00000151
FFFFFEA2
FFFFFFEC
0000016E
FFFFFFA9
000001E9
00000002
FFFFFD1A
FFFFFF97
FFFFFF4C
00000133
FFFFFF6B
FFFFFF50
00000138
00000122
0000019B
FFFFFEC6
000000FD
000000C9
FFFFFFC3
FFFFFD78
000003B4
000001EB
00000050
000002C9
000002E0
FFFFFEB7
00000146
0000015C
FFFFFE75
FFFFFCF7
FFFFFBE5
FFFFFF10
FFFFFC26
FFFFFF97
FFFFFDA6
FFFFFB5D
FFFFFC71
FFFFFE25
000001A8
0000028E
FFFFFF1B
FFFFFF96
00000055
00000212
FFFFFE71
FFFFFF1A
FFFFFF09
FFFFFF45
FFFFFF2F
0000015B
000002B8
00000103
0000019D
FFFFFEEE
00000033
FFFFFF2A
000002C6
00000303
0000008D
0000042B
FFFFFEB6
00000153
00000235
FFFFFFC4
000002A8
FFFFFF6D
FFFFFE57
FFFFFD75
FFFFFF08
000001D7
FFFFFCF1
FFFFFFF7
00000171
00000077
00000027
0000015E
FFFFFD48
0000002C
FFFFFE3D
FFFFFECE
00000106
000000C3
FFFFFF3E
0000005D
FFFFFE74
0000006E
FFFFFD3C
FFFFFD0C
FFFFFE6D
000000A9
000001D7
00000168
FFFFFCB3
FFFFFE4F
FFFFFF78
FFFFFFBE
FFFFFF5E
00000025
FFFFFE34
FFFFFF6C
0000012E
FFFFFD16
00000334
000002D4
0000006B
00000179
FFFFFE5A
FFFFFE90
FFFFFDCE
FFFFFE19
000000D8
0000004F
000001F6
FFFFFFBE
FFFFFE82
00000051
FFFFFF15
00000385
000000C6
00000030
0000027E
FFFFFDDA
FFFFFDCE
00000125
0000001C
00000285
00000273
FFFFFF77
00000287
000001B1
FFFFFF61
FFFFFE74
FFFFFECB
FFFFFE77
0000006C
FFFFFF0A
0000008C
FFFFFF41
0000019B
FFFFFFBD
0000026D
00000181
FFFFFFE5
FFFFFD02
FFFFFCE3
FFFFFF5F
FFFFFDB7
0000017F
FFFFFD06
00000028
FFFFFFA3
000001C7
FFFFFD83
000001EC
FFFFFF44
FFFFFE9C
00000235
FFFFFE16
00000164
FFFFFEE7
FFFFFDD3
FFFFFF45
FFFFFF6A
000000DF
000000E7
FFFFFF9B
000001CA
000002D9
00000057
FFFFFE98
FFFFFDF4
FFFFFE33
FFFFFECD
FFFFFE04
FFFFFEA0
000000D3
0000023B
FFFFFE58
0000017D
000000EB
0000015D
00000138
FFFFFE49
0000022D
000000CB
00000303
000002AF
00000287
00000162
00000354
000004F0
FFFFFF46
0000005D
00000055
FFFFFED9
FFFFFD28
FFFFFDAD
000001D5
FFFFFF71
FFFFFF24
000001A5
00000017
000000AE
000002A2
000001FE
FFFFFFC2
00000036
FFFFFFAD
00000119
000001A4
00000128
00000055
000003AA
000000EC
000000DF
00000158
FFFFFFFA
000001FA
000004C4
00000390
00000494
00000044
00000160
FFFFFEC4
FFFFFE8E
FFFFFFFB
00000104
000001B9
FFFFFEB9
000001A1
000002F5
FFFFFDB7
FFFFFF8F
0000015C
FFFFFF88
00000220
0000009A
000001D4
000001E6
FFFFFFC2
0000046F
000002D6
0000024A
FFFFFE34
00000021
00000054
FFFFFECC
000000F5
FFFFFE86
000000D8
FFFFFDD9
FFFFFC57
FFFFFC83
000000BE
FFFFFCC6
FFFFFF90
000000C7
00000210
0000018F
FFFFFDFE
FFFFFD66
0000021A
FFFFFCAC
FFFFFE4B
FFFFFED9
FFFFFEBE
00000114
000000B8
FFFFFE15
FFFFFEA9
FFFFFD9E
FFFFFCA4
0000015A
00000160
00000260
FFFFFF99
0000031B
00000118
0000037F
00000291
0000012A
00000271
000001E6
00000134
00000396
000003B1
000000F0
000001EE
000000BD
000001CD
00000229
FFFFFD79
FFFFFF34
000002D6
FFFFFFD9
FFFFFFE3
00000270
0000015D
FFFFFF4E
0000008B
FFFFFE73
000000AD
FFFFFFAB
FFFFFE4C
FFFFFFC6
000001DD
FFFFFF2D
00000230
00000150
00000052
00000188
FFFFFF8D
FFFFFD4D
FFFFFC90
FFFFFF66
0000008E
00000074
FFFFFF68
FFFFFE9D
000000AB
000000F7
FFFFFFC8
000001D0
FFFFFEFA
FFFFFFBC
00000103
00000404
000001D8
0000013E
FFFFFF5B
FFFFFE4B
FFFFFEF1
00000025
0000033B
0000033E
FFFFFDD7
FFFFFDDB
00000148
0000007B
000000B9
00000208
000000F3
FFFFFD25
FFFFFD5C
00000172
00000286
0000010A
FFFFFDCB
000000C0
FFFFFF8C
00000534
000004C7
00000223
FFFFFF34
FFFFFF70
FFFFFDC4
000000AD
FFFFFF1C
000001B4
FFFFFEAF
FFFFFF35
FFFFFD59
FFFFFDED
FFFFFEB3
0000006A
00000021
FFFFFEBA
00000219
000001BA
00000256
FFFFFF84
FFFFFFCB
0000028B
FFFFFCD9
0000019D
FFFFFE4A
FFFFFECA
00000039
000000C7
00000020
FFFFFED4
FFFFFDBA
FFFFFF94
FFFFFE49
FFFFFD30
000000F0
FFFFFF7A
00000157
FFFFFE5B
00000185
000000CA
FFFFFE80
FFFFFEED
FFFFFCC9
00000035
FFFFFF8D
000000E2
00000290
00000066
0000011F
00000168
0000019F
FFFFFDE9
00000179
0000019E
FFFFFDE9
FFFFFEE2
FFFFFF55
FFFFFF8D
FFFFFEDA
00000273
000002CB
FFFFFF86
0000004E
000000AD
FFFFFECD
00000118
00000359
000001D2
0000016E
FFFFFE36
000001DB
FFFFFEDB
FFFFFF47
00000161
0000020B
000000A5
000001B6
FFFFFC40
FFFFFD42
FFFFFF3A
FFFFFFF2
FFFFFE6A
00000000
000000C5
FFFFFE89
FFFFFF80
FFFFFFD2
FFFFFE26
00000023
000001E6
FFFFFEF1
FFFFFF05
0000014E
FFFFFF80
0000004B
FFFFFDE8
FFFFFED9
FFFFFEA8
FFFFFE8A
FFFFFF74
FFFFFF81
FFFFFC8E
FFFFFD1C
FFFFFDB9
FFFFFAE1
FFFFFFE1
FFFFFD88
FFFFFEDC
FFFFFFA4
FFFFFFCF
FFFFFEFF
FFFFFEC0
FFFFFEDF
0000006F
FFFFFF6D
00000228
FFFFFDEB
00000037
FFFFFF73
0000017F
00000145
FFFFFF2E
FFFFFC9B
00000139
FFFFFFDC
0000020C
FFFFFEEE
00000108
00000293
0000009A
0000011A
000000A2
00000095
000000BB
FFFFFE9D
FFFFFDD4
000000E1
FFFFFBC3
FFFFFE94
000001A0
000002A3
FFFFFDE5
00000123
00000050
FFFFFE0B
0000017F
00000115
FFFFFFC2
0000022B
00000134
0000010B
0000018F
000001DD
FFFFFEEC
0000022E
0000034C
FFFFFF11
00000254
FFFFFE5F
FFFFFFA6
0000017E
000002C3
FFFFFFD7
000001D7
00000009
0000023C
000001B7
00000040
00000094
000000D4
FFFFFEEC
FFFFFF74
000001EA
FFFFFEC0
FFFFFEA9
FFFFFF5C
FFFFFE00
FFFFFF0A
0000021D
00000247
00000188
FFFFFEF6
000000BF
00000051
000000FF
000000C2
00000104
FFFFFF27
FFFFFFA9
FFFFFDF1
FFFFFFB4
FFFFFFD0
000000D5
00000262
FFFFFFBC
00000191
000001F1
FFFFFEE7
00000162
00000180
FFFFFFA1
000000B0
FFFFFF64
000002DD
0000005C
FFFFFF5C
FFFFFEB8
000001E8
FFFFFE13
FFFFFDA2
000000ED
00000116
FFFFFE6F
FFFFFF3C
000000C0
FFFFFF6A
00000016
FFFFFF42
00000058
FFFFFE5D
FFFFFF29
FFFFFF41
00000298
00000022
FFFFFCFD
000001A4
FFFFFF59
000001E5
000000EA
FFFFFE43
FFFFFDA2
00000029
FFFFFEB7
FFFFFFDA
FFFFFF15
FFFFFDD9
00000122
FFFFFF06
000001A7
00000022
000001E4
0000009C
FFFFFF4C
FFFFFF45
0000002E
FFFFFFEA
FFFFFED2
FFFFFF7B
FFFFFF93
FFFFFD8C
FFFFFD6B
FFFFFFFC
FFFFFBBC
00000014
FFFFFE64
00000130
0000016A
FFFFFFED
FFFFFD96
FFFFFEBE
00000171
FFFFFF84
FFFFFE1A
000000F2
FFFFFF41
FFFFFE8A
FFFFFF48
00000235
FFFFFD12
FFFFFD8A
0000034D
00000079
00000023
FFFFFFC6
000001A3
0000002F
0000015A
FFFFFFF4
00000038
FFFFFE99
0000012B
FFFFFF51
FFFFFFD0
00000088
FFFFFFFE
FFFFFD2C
000000FD
FFFFFE53
0000015A
00000215
000000B5
FFFFFE85
0000015D
00000039
000000A7
00000060
00000000
0000004E
0000011F
FFFFFE44
00000000
000001B8
00000162
FFFFFCE8
FFFFFD4A
000001CC
FFFFFEFE
FFFFFE79
FFFFFF92
FFFFFF89
FFFFFF5D
FFFFFF8A
FFFFFC52
FFFFFDF8
0000003F
FFFFFE8D
FFFFFECC
FFFFFCBF
FFFFFFE5
FFFFFF7F
FFFFFE66
FFFFFE61
00000019
FFFFFEED
00000107
FFFFFFB6
000000A8
FFFFFD09
FFFFFEDC
FFFFFF0F
000000E0
FFFFFF4D
00000008
FFFFFFF8
FFFFFC5B
FFFFFE16
00000272
FFFFFF05
00000100
0000003C
00000055
00000237
FFFFFEA0
000002C4
00000095
FFFFFFFB
00000005
FFFFFFE8
FFFFFEC9
000002E9
FFFFFFCF
000001B2
0000012C
000001B7
00000209
0000019B
FFFFFE88
00000174
FFFFFEC3
00000178
0000002B
00000052
0000015B
00000097
000001C1
FFFFFFF2
FFFFFF0A
00000055
FFFFFC41
FFFFFFDC
FFFFFF5B
FFFFFEDA
FFFFFFE2
00000009
FFFFFC60
FFFFFE44
FFFFFC8D
FFFFFC77
FFFFFD3B
FFFFFE74
000002AC
0000008C
000003DC
000002D5
000000F8
00000100
00000172
FFFFFFDF
FFFFFE87
00000189
0000003B
FFFFFF4E
00000130
0000017A
0000020D
000000C1
0000020A
00000134
FFFFFF58
FFFFFDB6
FFFFFEE4
FFFFFCB9
0000010A
FFFFFCC9
FFFFFB26
FFFFFF75
00000105
FFFFFFBB
00000016
00000050
00000073
00000218
000001C7
0000013D
000001BC
0000015B
000001F5
FFFFFE5F
00000236
FFFFFFAE
FFFFFE2B
000000A3
FFFFFE9B
00000081
0000007C
000002B6
FFFFFDF6
FFFFFF99
0000003E
000000A2
000000CB
FFFFFE89
000001E0
00000129
FFFFFE3B
FFFFFEC5
FFFFFE2E
00000090
FFFFFFAC
00000246
FFFFFEA8
00000044
00000271
00000068
00000190
00000184
FFFFFFBF
000000A8
00000077
00000180
00000270
000001F6
FFFFFE5E
FFFFFF80
FFFFFBEA
FFFFFDEA
00000143
FFFFFFAD
FFFFFC77
0000012E
000000A2
FFFFFF6E
FFFFFFB0
000001B1
00000185
FFFFFFE3
00000136
00000191
00000119
FFFFFF08
FFFFFDC1
0000012A
FFFFFDF6
00000085
FFFFFEF4
FFFFFF6F
FFFFFF41
FFFFFE72
FFFFFDD0
00000012
FFFFFD29
FFFFFC1B
FFFFFF45
000001E3
FFFFFE27
FFFFFC8F
000000F1
00000050
0000011D
FFFFFF26
FFFFFEEA
000001FD
00000063
FFFFFF92
000000AC
FFFFFEAB
FFFFFED2
FFFFFE9B
FFFFFF4B
00000203
FFFFFE10
FFFFFF25
0000004C
0000032A
00000034
00000015
FFFFFF17
FFFFFF63
000001DB
0000017E
000000C0
0000032C
FFFFFF00
0000012D
0000032B
FFFFFEB4
FFFFFFCF
FFFFFBF4
FFFFFFC6
FFFFFF0E
FFFFFF5A
FFFFFE43
00000029
FFFFFE75
00000163
000000FF
00000269
000000AC
FFFFFF69
FFFFFFA0
00000146
0000005D
FFFFFF2D
0000000E
FFFFFDC2
FFFFFB19
FFFFFFB0
0000016A
FFFFFFE8
FFFFFEC1
000000A8
FFFFFE29
FFFFFEEC
FFFFFFA9
FFFFFDE1
FFFFFEE0
0000005E
FFFFFD43
FFFFFE09
0000021D
000000A7
0000009E
FFFFFF51
FFFFFCEC
000000B1
FFFFFF4F
FFFFFE7C
FFFFFD3D
FFFFFF9E
FFFFFF0E
FFFFFF44
0000003E
FFFFFD3A
000001C6
000000E6
00000028
000000C8
000001EF
00000172
FFFFFF5A
FFFFFEF4
00000141
00000001
FFFFFD87
FFFFFFD6
00000309
FFFFFFF2
00000039
00000109
FFFFFFA8
FFFFFF64
FFFFFF01
FFFFFEC7
00000030
FFFFFD72
000001AE
FFFFFDA4
0000023E
FFFFFDE4
00000152
FFFFFFDA
FFFFFF39
000001FC
0000009C
000001F8
0000014D
00000185
FFFFFFF7
0000017C
00000075
FFFFFF38
FFFFFFAB
00000241
0000033D
FFFFFE1E
00000090
0000012F
FFFFFE76
FFFFFE04
00000021
0000013E
FFFFFFA5
00000121
00000126
0000004A
00000170
000002E2
000002D3
FFFFFF89
FFFFFF75
00000369
0000016C
0000012F
000001D8
FFFFFEBF
0000025C
000001BE
FFFFFEE9
00000069
0000020A
FFFFFFA6
FFFFFE61
000001F4
00000065
0000002D
00000042
00000226
0000020F
0000002C
00000200
FFFFFF9C
FFFFFF58
FFFFFE9C
FFFFFE30
FFFFFE51
FFFFFED7
FFFFFD37
FFFFFD37
FFFFFF09
000000C0
FFFFFFDC
00000278
FFFFFEC2
FFFFFFEB
00000081
000002D6
FFFFFF08
FFFFFE62
FFFFFF4A
FFFFFF00
00000050
00000027
00000129
000000BC
0000003D
FFFFFDF6
00000187
FFFFFE17
FFFFFDFB
FFFFFDE9
FFFFFE82
FFFFFCAA
FFFFFDBB
000001C9
FFFFFEC3
FFFFFF55
FFFFFE0D
FFFFFD0D
FFFFFE0B
FFFFFDEC
0000018C
FFFFFD57
0000000D
FFFFFF05
000001B3
FFFFFFB4
FFFFFD2E
000000C1
FFFFFF5D
FFFFFF1B
FFFFFE4D
0000005D
FFFFFE45
FFFFFD5F
0000007C
FFFFFD9D
0000000C
FFFFFFD4
0000011E
FFFFFD73
00000191
0000035B
FFFFFE48
FFFFFF89
FFFFFF2C
0000009B
00000136
FFFFFF2E
FFFFFF26
FFFFFFFE
FFFFFCCB
FFFFFC6D
FFFFFD11
FFFFFD86
000000AB
FFFFFDDF
FFFFFE68
000001A1
00000010
00000121
0000019E
FFFFFFC2
FFFFFFBC
FFFFFE22
FFFFFD9B
00000002
0000004B
000001D9
FFFFFEC5
FFFFFFDB
00000019
000000D5
FFFFFF0F
FFFFFE26
FFFFFFF9
FFFFFEAD
0000017A
FFFFFF77
000001A2
000000F2
00000144
FFFFFFBC
000000FE
FFFFFEC4
000000BE
000000D8
000000E8
FFFFFEE6
0000016C
000001B0
00000183
FFFFFF5A
FFFFFFB0
FFFFFCAF
FFFFFF22
000000A7
00000054
FFFFFF47
00000000
FFFFFFBC
00000136
00000189
00000020
0000015D
00000199
000000AD
FFFFFF70
00000075
FFFFFD8F
FFFFFECA
FFFFFE92
FFFFFF80
00000033
FFFFFDE2
FFFFFFC3
0000014E
FFFFFF69
FFFFFE5A
0000003C
FFFFFE89
FFFFFB79
0000005E
FFFFFEC3
FFFFFBD2
FFFFFE4B
FFFFFDE7
000001AF
FFFFFE83
FFFFFEA2
00000079
0000020F
FFFFFE77
FFFFFF2B
FFFFFF76
00000178
00000233
0000004B
00000295
00000072
FFFFFE9C
000001F1
FFFFFF1E
00000185
FFFFFE0C
FFFFFD73
00000146
FFFFFF6B
FFFFFC9A
FFFFFEC2
FFFFFFAC
FFFFFCC1
FFFFFFF3
FFFFFB77
000000E4
FFFFFBA3
FFFFFEAD
FFFFFBE4
FFFFFB5F
FFFFFE78
FFFFFDE5
FFFFFFAF
00000021
FFFFFFEA
00000075
00000181
00000023
0000026D
00000386
0000009F
00000064
FFFFFF7B
FFFFFD43
000000AC
000000B5
FFFFFE44
0000023F
0000002C
000001FB
000000D7
000000B3
FFFFFDAE
000001E5
FFFFFFA6
FFFFFFA4
000001DE
000003FF
FFFFFEC3
FFFFFDF3
FFFFFF65
0000008F
FFFFFF06
FFFFFE89
FFFFFE15
FFFFFDC0
FFFFFFB6
FFFFFD42
0000014E
00000364
FFFFFF8B
00000307
FFFFFF60
00000051
FFFFFDDF
FFFFFF80
FFFFFFC3
0000021A
00000073
FFFFFF2D
000000D1
FFFFFDFC
00000064
FFFFFFAA
FFFFFFFD
00000114
FFFFFE5C
FFFFFBCC
000002EE
000002D6
FFFFFBE3
FFFFFDAD
000002F2
FFFFFD03
000002C9
FFFFFEED
00000466
FFFFFEA5
000000F6
000000E4
FFFFFE04
00000257
00000281
FFFFFE7A
FFFFFF57
00000150
FFFFFA81
FFFFFF3D
0000022F
FFFFFC34
00000127
000001B5
FFFFFEBB
FFFFFFB0
FFFFFD52
000001B1
00000026
FFFFFE37
FFFFFFE5
00000079
FFFFFEAB
FFFFFF49
00000064
00000089
00000228
00000160
00000165
FFFFFFC3
000001E6
0000021B
00000024
FFFFFE41
000000C7
0000018D
00000176
000001AA
00000126
00000202
0000020C
FFFFFE6D
0000013C
00000320
FFFFFC65
FFFFFE29
0000013E
FFFFFCA9
FFFFFF8A
00000282
FFFFFBA7
00000195
FFFFFD36
0000005A
00000158
00000084
00000136
FFFFFF1D
FFFFFD3D
0000014C
0000017F
0000033F
FFFFFEC6
0000016D
000002E1
FFFFFC94
FFFFFF76
0000025C
FFFFFF6C
FFFFFF76
FFFFFDDF
FFFFFEC2
FFFFFC7E
FFFFFF21
000000BF
FFFFFEC1
00000032
000000C7
FFFFFFCA
000004E6
FFFFFFD0
00000022
000005BF
0000015A
0000032B
000001F4
0000019E
FFFFFF23
00000164
00000133
000000EF
FFFFFE6C
0000021C
000001C7
FFFFFFFF
000000AB
00000272
FFFFFF59
FFFFFEDC
0000032A
FFFFFE5E
00000043
FFFFFF86
00000135
000000AF
FFFFFE66
FFFFFC6C
00000289
FFFFFE76
FFFFFC8E
0000029A
FFFFFC9C
FFFFFDF4
0000016D
FFFFFF80
00000043
00000181
000000F4
FFFFFEB3
000000D4
FFFFFD14
00000140
0000022D
000000E3
000002D5
00000084
FFFFFFCE
000003FA
00000564
000000CB
00000020
00000222
00000396
00000053
000001E8
FFFFFD35
FFFFFDD4
0000036E
FFFFFEBD
00000045
0000005F
000001EE
FFFFFF60
FFFFFE1E
0000022A
FFFFFEF6
00000256
0000041B
FFFFFF23
FFFFFFBE
FFFFFE56
FFFFFF01
FFFFFFB5
000001EB
00000050
FFFFFFBB
00000114
000001E3
0000011D
FFFFFE2E
000001AA
FFFFFE54
FFFFFE9F
00000100
FFFFFD76
FFFFFDD9
000001CE
FFFFFDA7
FFFFFD06
00000277
FFFFFFA1
00000111
00000379
000000BA
000002AD
000001F4
FFFFFECC
000002A4
FFFFFB95
000001BE
0000000C
FFFFFE20
00000074
FFFFFDCA
FFFFFC15
00000157
FFFFFCBE
000003BA
FFFFFF4D
00000075
0000036E
00000017
FFFFFFFA
000000C4
00000132
000001F5
00000324
FFFFFDD0
FFFFFE7E
000000F9
FFFFFD71
FFFFFEA2
000001B8
FFFFFE5D
00000211
FFFFFCF9
FFFFFE36
FFFFFF45
0000019A
FFFFFEBB
0000013B
000000EF
FFFFFD95
FFFFFE5E
FFFFFD8C
000004F7
FFFFFD29
FFFFFE9C
0000021C
0000016C
FFFFFDD4
0000021E
0000016D
000001D1
FFFFFEC6
000001C4
00000201
FFFFFDED
0000020C
00000044
FFFFFE6E
FFFFFDBA
FFFFFC96
FFFFFFAB
FFFFFD1F
FFFFFECF
00000141
00000065
FFFFFE1C
FFFFFE91
FFFFFEC7
00000241
FFFFFE71
FFFFFF51
00000112
FFFFFE22
000003A3
000000EE
FFFFFF8B
FFFFFE4E
00000547
FFFFFE59
000003DB
00000419
FFFFFFD6
00000091
0000040C
000001CB
0000031A
00000046
FFFFFF3F
000001D0
00000018
FFFFFE83
FFFFFFDC
0000021A
FFFFFFAC
000000F3
FFFFFFB5
00000272
000002A5
0000033A
00000351
FFFFFF58
000001A1
FFFFFE38
00000213
FFFFFEEA
0000002C
FFFFFE09
0000005D
FFFFFF62
FFFFFEF4
FFFFFFB0
0000012C
FFFFFF3B
00000147
000000C0
00000030
000001A4
000001B5
FFFFFDE9
FFFFFE79
FFFFFEA5
FFFFFEEA
FFFFFF6C
FFFFFF0C
000001AE
00000133
0000009C
00000319
00000170
0000033B
000003E8
00000237
0000022E
00000145
0000027A
000001DF
FFFFFE74
FFFFFF86
000002FB
0000003E
FFFFFEEE
000001A8
FFFFFFE6
FFFFFE48
0000008F
0000021B
00000191
000001CB
00000227
00000422
00000170
000002AD
000000D2
000000AB
000001A6
0000008A
000001A1
FFFFFF77
FFFFFFFB
FFFFFF48
FFFFFEBB
FFFFFF32
000000AB
FFFFFEA6
FFFFFD08
0000028F
FFFFFF7E
00000390
00000128
FFFFFFDD
FFFFFF6E
00000024
FFFFFF42
FFFFFEF5
000002F7
FFFFFF5D
FFFFFBA7
FFFFFF12
00000155
00000095
0000009D
FFFFFEB0
FFFFFF69
FFFFFF49
FFFFFE57
FFFFFE61
FFFFFF06
000002FD
0000016A
00000221
000000D2
FFFFFF51
FFFFFF58
FFFFFF52
000002C6
00000109
FFFFFFC5
FFFFFF9C
00000070
FFFFFEA8
FFFFFF0A
00000227
00000028
0000045D
00000139
00000208
00000440
FFFFFECB
FFFFFECA
000000A5
FFFFFFD7
000002E4
0000001F
FFFFFF0D
FFFFFE41
FFFFFF00
FFFFFC5A
FFFFFDBD
FFFFFECF
FFFFFE10
00000182
FFFFFCCA
FFFFFF77
00000066
FFFFFAF8
00000230
FFFFFE5E
FFFFFBCA
FFFFFF67
FFFFFEA0
FFFFFDA0
FFFFFD79
000001C7
FFFFFFBB
00000267
00000115
0000006F
FFFFFDCC
FFFFFFFB
00000074
FFFFFDE3
FFFFFFEB
FFFFFE9A
FFFFFCFC
000001B7
FFFFFE47
FFFFFDE3
00000043
00000265
FFFFFF54
FFFFFD3B
FFFFFFEE
00000194
FFFFFFE1
000000A2
00000279
FFFFFDCD
0000025E
00000223
000002AB
FFFFFFDF
0000017D
00000343
FFFFFECE
000000FF
00000393
FFFFFFF0
FFFFFDA4
0000004D
FFFFFE4D
0000006B
00000212
FFFFFFF0
00000192
FFFFFF7A
00000073
0000013D
00000238
00000339
00000162
000000CE
FFFFFFBE
000000E0
FFFFFFD8
FFFFFD76
FFFFFFF1
FFFFFEE3
00000184
FFFFFCEC
FFFFFDDD
0000015D
FFFFFEDE
FFFFFED4
00000254
00000111
FFFFFE28
000001AF
FFFFFE8B
FFFFFC55
FFFFFF0A
FFFFFEA4
FFFFFD8A
000000CD
00000109
000000E9
0000002E
FFFFFF6A
00000054
000002C4
000000B0
FFFFFE6B
FFFFFDB2
00000092
FFFFFE89
0000006D
FFFFFF7B
FFFFFEA9
FFFFFEB8
FFFFFE39
0000004F
00000015
FFFFFE65
FFFFFFF4
FFFFFE14
FFFFFEAA
FFFFFE5D
FFFFFF63
000000E1
FFFFFD4B
000001D1
FFFFFEDC
000000CF
FFFFFE2F
FFFFFC87
0000002B
FFFFFE46
FFFFFCC8
FFFFFFB3
FFFFFFD0
FFFFFECF
000001A3
FFFFFE81
FFFFFE0F
FFFFFED5
000000CE
000000F9
0000014C
FFFFFEFD
0000006D
FFFFFE34
000001D2
0000024F
FFFFFFDC
000000EB
000001AC
FFFFFFAE
0000018B
0000019C
000001AA
00000152
000000B1
00000286
00000353
FFFFFF13
00000107
FFFFFE15
FFFFFF22
000000D6
000002B5
FFFFFF95
FFFFFFD6
000002CE
FFFFFF07
00000153
000001D3
FFFFFE9F
00000241
00000282
00000110
00000072
FFFFFF90
FFFFFFDC
00000333
FFFFFF1F
00000013
FFFFFF84
000001C4
FFFFFF2F
FFFFFF72
0000008E
FFFFFF21
00000287
00000038
FFFFFF85
00000066
FFFFFFE9
FFFFFE08
FFFFFFFF
00000058
FFFFFF73
000000DC
00000019
FFFFFF77
000002D5
00000015
00000074
00000160
0000028D
00000085
000002E8
000001EC
FFFFFF0A
000001DF
00000161
000001A5
00000176
00000242
FFFFFFB7
000000C7
00000091
0000016D
FFFFFF1F
00000054
FFFFFEB1
00000178
00000203
FFFFFE7F
00000218
000002B4
FFFFFF5E
FFFFFF5B
FFFFFEE5
00000267
FFFFFD70
FFFFFEB2
00000004
FFFFFFD3
000003EF
000000D4
000000CC
00000416
0000018D
000002B4
000000FB
000001B2
00000300
FFFFFF74
FFFFFD89
FFFFFF5E
FFFFFE4A
FFFFFDAE
FFFFFF30
0000007F
0000009B
FFFFFFE8
00000150
FFFFFF40
FFFFFFBE
FFFFFFCB
FFFFFE18
000000FC
FFFFFF09
FFFFFF4E
FFFFFF8C
FFFFFF8A
00000090
FFFFFF89
FFFFFE62
FFFFFD06
FFFFFCFF
FFFFFEEA
FFFFFDFF
FFFFFDD2
FFFFFD49
000001A1
0000005D
FFFFFF45
FFFFFFA3
FFFFFF6A
000000AF
000001A0
FFFFFFA1
000001F8
FFFFFFA5
000002E9
FFFFFE96
000001F2
000001CC
00000007
0000020D
0000017C
0000011F
FFFFFFAB
000000EC
0000002B
0000004A
0000029F
0000019A
00000236
00000070
00000250
000001AC
00000309
0000003A
0000016D
00000313
FFFFFFB2
000001BC
FFFFFFD3
FFFFFFFF
000000C1
00000161
FFFFFF49
FFFFFF60
0000017E
FFFFFF2D
00000219
00000171
00000021
0000001E
FFFFFDA2
00000113
FFFFFE00
FFFFFE84
000000E6
FFFFFE45
FFFFFF8F
0000021F
000001B0
FFFFFFCA
0000010A
00000222
00000218
000001DF
FFFFFFA7
0000016F
FFFFFFA3
FFFFFDCA
FFFFFE54
FFFFFD7C
FFFFFEA8
FFFFFEDB
FFFFFF07
FFFFFF68
FFFFFEE8
000001D8
00000050
0000007E
0000014D
000001DD
00000309
00000253
0000011C
000002DC
FFFFFEBD
FFFFFF2F
FFFFFF46
000001FD
000000EF
0000014B
0000000E
FFFFFF96
00000081
FFFFFFB8
FFFFFCFD
0000009A
FFFFFE83
FFFFFEB5
0000000C
FFFFFD38
FFFFFD29
FFFFFEE9
FFFFFF70
000000EC
FFFFFFE7
FFFFFE9B
0000027D
00000077
FFFFFF51
00000164
000000DE
FFFFFF2A
000001DD
FFFFFEFB
00000195
FFFFFE8E
00000187
000000D2
FFFFFF91
00000203
000002A4
FFFFFFF6
FFFFFE9B
00000075
000001DC
0000012D
00000260
0000004E
000001DD
00000158
000001F9
00000189
00000474
00000437
00000307
000004C2
00000279
000002E1
FFFFFEE7
FFFFFDD3
000000E6
FFFFFD0A
FFFFFCD1
FFFFFEEF
FFFFFFF5
FFFFFEA2
00000002
0000009B
00000224
FFFFFEEF
FFFFFE11
FFFFFE72
FFFFFE72
00000068
000000AC
FFFFFF8E
FFFFFF87
FFFFFFF3
00000191
FFFFFE6F
000000F7
000001CD
FFFFFF37
FFFFFE40
0000022B
000000CA
000000FC
FFFFFF73
000002CF
00000138
00000192
FFFFFF6E
FFFFFE84
00000258
000000A0
FFFFFFC6
FFFFFF35
FFFFFEB2
0000004C
FFFFFF23
FFFFFF29
00000145
FFFFFED0
0000006B
FFFFFD4E
0000020E
00000097
FFFFFE36
00000132
0000005F
000001EE
00000411
00000013
FFFFFE1B
FFFFFD4D
00000146
FFFFFFD1
FFFFFFE8
00000059
FFFFFFC9
00000253
00000025
FFFFFE72
000002DA
0000013E
FFFFFECC
00000272
00000296
0000006F
000000AB
000000F9
0000000E
00000258
FFFFFFD7
FFFFFF65
0000023B
000001FD
FFFFFF0C
FFFFFF7E
00000291
000002C1
00000133
00000147
FFFFFFF8
000002D7
000001E1
FFFFFFE9
00000290
00000105
00000139
000002CB
FFFFFFE0
000001D7
000001F8
000002A0
FFFFFF98
000002E7
FFFFFEA8
0000017C
FFFFFFD2
0000004F
FFFFFD7E
FFFFFF2A
FFFFFE27
FFFFFE1F
FFFFFD99
FFFFFD9B
FFFFFFAE
00000228
000000A4
00000219
00000181
FFFFFF1A
FFFFFE61
FFFFFE85
0000028D
000001D9
000002A1
0000031E
000002F4
FFFFFF30
0000037B
00000122
00000210
FFFFFDC5
FFFFFD75
FFFFFEFD
FFFFFFF5
FFFFFD39
FFFFFF62
FFFFFEBC
FFFFFF1C
00000045
00000276
00000095
00000142
00000229
000001C6
00000069
00000356
000000C7
00000166
FFFFFFF8
00000153
00000055
0000002B
0000011D
00000117
000001C3
000000BD
000003EA
00000002
FFFFFE94
FFFFFF81
00000061
FFFFFDAB
0000000D
000000CD
FFFFFF74
000000FD
0000003F
0000016A
00000016
FFFFFF06
0000010F
FFFFFF2E
000000C9
000002AE
0000019C
00000155
FFFFFE5A
00000124
0000028A
00000169
00000135
00000314
FFFFFF04
FFFFFECB
FFFFFD51
FFFFFEF9
FFFFFCC8
FFFFFFA5
000001DA
FFFFFD65
FFFFFD8F
FFFFFFC6
FFFFFE67
00000131
000001D2
00000142
FFFFFFDC
FFFFFDCC
0000015C
FFFFFE01
00000107
000000D7
FFFFFF28
FFFFFD08
0000026C
000000E4
0000000F
00000037
000000E2
FFFFFF6A
00000083
FFFFFF64
00000034
FFFFFEA4
FFFFFFB6
FFFFFE82
FFFFFE51
FFFFFE0C
FFFFFEC2
FFFFFF91
FFFFFF99
FFFFFF53
000000E3
FFFFFF50
FFFFFE91
0000001D
FFFFFE26
FFFFFCD5
0000022C
00000067
FFFFFF06
0000023B
FFFFFED3
FFFFFE95
00000223
000000AD
FFFFFE34
FFFFFFBB
0000001C
FFFFFF8A
FFFFFF94
FFFFFEAD
FFFFFD77
FFFFFFCA
000000E4
00000147
000002C4
000002EB
000001ED
0000016F
000001DA
0000000C
00000099
00000290
00000265
000000EF
FFFFFF86
00000020
FFFFFFD8
000000FB
00000044
FFFFFE43
FFFFFD53
FFFFFE4E
FFFFFF02
FFFFFFB5
000000EE
FFFFFD81
FFFFFE06
FFFFFE4E
FFFFFC8C
FFFFFD3E
000001E0
FFFFFDF2
00000140
0000002C
FFFFFE78
FFFFFF9F
000002AC
000001E1
FFFFFF61
00000230
FFFFFEAE
FFFFFE21
FFFFFFC0
FFFFFDDF
FFFFFDB8
00000069
0000002D
00000075
FFFFFFE8
FFFFFDE7
FFFFFDA3
000000B4
FFFFFEAA
00000138
FFFFFE01
000000E8
000000F5
00000097
000000F7
000002E7
FFFFFEA9
0000008E
000002C2
000000FD
FFFFFE9E
FFFFFCFE
FFFFFC6E
FFFFFD2B
00000217
FFFFFDC3
00000271
00000329
00000263
000000FB
0000022F
000000BC
00000294
FFFFFF35
FFFFFFDE
000000A5
000000B9
00000185
000000DC
00000019
000001DC
0000006B
FFFFFEF2
FFFFFD9C
FFFFFD31
000000EE
0000010C
00000084
0000022F
FFFFFFE5
FFFFFF56
FFFFFC96
FFFFFF13
FFFFFD93
000000AB
FFFFFF2B
FFFFFC32
0000001D
0000012C
FFFFFE41
000002C2
FFFFFF1C
000001CB
FFFFFFE9
000000E4
FFFFFEE5
0000008F
FFFFFE26
FFFFFF45
00000173
FFFFFEE7
0000024A
00000283
000001F9
FFFFFFC4
00000233
000000F1
FFFFFE54
00000264
00000426
0000007B
FFFFFEF9
000002E1
00000269
FFFFFF21
000002E3
00000244
0000024A
FFFFFCC5
FFFFFFD8
00000137
FFFFFBB7
FFFFFBBF
FFFFFFAC
0000003D
FFFFFF78
000001E4
FFFFFE15
FFFFFD23
FFFFFF95
000000B2
000001AF
00000213
00000090
FFFFFE6C
000001D5
00000259
0000023D
0000019E
FFFFFE7B
FFFFFF31
FFFFFFBC
00000267
0000002D
0000025A
000002C0
FFFFFF90
000001C4
FFFFFE64
00000026
FFFFFED1
FFFFFF3A
00000110
FFFFFE62
000001BF
00000191
00000089
FFFFFDF6
FFFFFE72
FFFFFF99
0000003D
FFFFFEF2
00000180
FFFFFED9
00000139
00000401
FFFFFEDE
0000021A
00000062
00000111
00000016
FFFFFDC6
00000309
000000A1
0000004C
000002BC
0000027D
00000136
FFFFFF47
FFFFFFC5
000002BE
000002C6
00000057
0000012E
0000012E
FFFFFF1B
FFFFFEFD
FFFFFF30
FFFFFE68
FFFFFF51
00000131
FFFFFDD2
000002B8
00000044
FFFFFDB2
FFFFFF6E
FFFFFE4C
0000039A
00000142
FFFFFD76
FFFFFF78
FFFFFD1C
FFFFFE02
000000A0
000000FE
00000011
000000CB
000000B9
FFFFFBB2
FFFFFF61
00000207
FFFFFF15
00000024
00000077
FFFFFCDF
FFFFFE1B
FFFFFE29
FFFFFE7C
FFFFFFBE
FFFFFD30
00000227
FFFFFF55
00000080
FFFFFE5B
FFFFFE75
000001DD
FFFFFE9F
FFFFFE77
00000229
0000008B
000001CB
FFFFFF18
00000052
000002A9
00000193
FFFFFFDB
00000235
000000A9
00000397
0000028E
000000E6
000002F3
000001E3
FFFFFDAA
FFFFFFB5
FFFFFC43
FFFFFF29
FFFFFBAD
FFFFFD14
000000F7
000000A8
FFFFFF77
FFFFFEA0
FFFFFCEE
FFFFFC07
000000AE
FFFFFD77
00000028
FFFFFFE2
000000C8
000001BF
FFFFFF26
FFFFFEF9
00000045
FFFFFD54
000000AB
FFFFFEA3
00000058
0000018E
FFFFFFCE
000001B3
FFFFFFC7
00000145
00000310
00000009
000000A1
FFFFFFC0
FFFFFFFA
00000067
FFFFFEAE
000001B5
00000162
00000252
FFFFFE15
00000254
FFFFFEEE
00000017
FFFFFEC9
000001AC
000000CE
FFFFFD87
FFFFFF8C
FFFFFF21
000001FB
00000167
FFFFFF5F
FFFFFDCA
00000091
0000026F
000002A5
FFFFFF61
00000110
000003AE
0000023C
000000A6
00000446
000002EE
00000098
000002D0
00000315
0000036C
000002B1
FFFFFDA7
FFFFFEEC
FFFFFEEB
0000025B
FFFFFF53
FFFFFF65
0000032D
000001A4
000001CF
00000220
FFFFFF60
FFFFFF63
00000053
000000A3
FFFFFFEF
FFFFFCF8
FFFFFFE2
FFFFFE2D
FFFFFFC8
00000121
0000003F
0000000E
FFFFFF5F
0000018E
FFFFFF85
0000025C
FFFFFDB0
FFFFFD02
000000EB
FFFFFCF5
0000003E
000002CF
FFFFFF47
000000AE
000002BF
FFFFFD3B
FFFFFF95
FFFFFFF4
FFFFFFE7
FFFFFFC2
000002AE
000000D5
000001C0
000000C4
000000E6
0000013F
000002C4
FFFFFFBB
00000056
FFFFFDA5
FFFFFFD7
FFFFFF9D
000001BA
0000018C
FFFFFDE3
FFFFFD43
00000142
00000089
00000362
FFFFFE4E
000000EB
FFFFFF80
FFFFFE98
000000E9
0000021D
0000032D
0000019D
000000C2
FFFFFD68
FFFFFEBA
FFFFFF90
FFFFFC18
FFFFFF2A
FFFFFF54
FFFFFE8E
FFFFFFB4
000000A7
FFFFFFEF
FFFFFF15
00000253
FFFFFF12
FFFFFF01
0000010B
000000EB
000002A6
000000B0
FFFFFD02
00000095
00000091
0000004B
FFFFFE4B
0000007F
0000022F
FFFFFF60
000000DE
FFFFFFEA
FFFFFEA3
FFFFFFDE
FFFFFF84
000001B4
FFFFFF26
000001E4
0000016C
00000143
FFFFFE8A
FFFFFFED
FFFFFD6E
FFFFFEBF
00000050
FFFFFE3C
FFFFFF05
FFFFFFBF
FFFFFDD6
FFFFFE52
00000213
FFFFFD1B
FFFFFFEA
FFFFFC55
FFFFFD96
FFFFFCEF
00000272
FFFFFE22
FFFFFE61
00000154
FFFFFEEF
00000038
00000032
00000059
FFFFFF54
000001D2
0000019A
FFFFFEB2
00000060
00000369
00000370
FFFFFF3E
FFFFFF41
FFFFFEAE
000002B5
00000245
00000090
0000012E
0000015D
00000039
FFFFFFAA
0000026C
000001C1
00000545
00000100
00000012
0000012B
000001F4
00000025
00000096
000000C7
00000235
FFFFFE20
FFFFFCB7
FFFFFD27
FFFFFEFF
00000181
00000038
FFFFFEF7
0000015F
FFFFFC92
0000016F
00000263
0000003D
FFFFFE97
00000155
0000015E
FFFFFF9B
0000010F
000002C2
FFFFFFC0
00000078
00000027
FFFFFFEB
FFFFFF9B
FFFFFEC9
FFFFFEB0
000001E5
FFFFFE58
00000340
000000BE
00000352
00000440
FFFFFF60
00000302
FFFFFF7B
FFFFFD48
000002B8
000000A2
00000354
0000000F
0000018B
000002BC
FFFFFD9B
FFFFFEE8
0000017E
000000AA
FFFFFD66
FFFFFED4
FFFFFDE9
00000062
FFFFFEAF
0000003C
FFFFFD17
FFFFFE83
FFFFFC68
FFFFFF4B
FFFFFDA1
000000ED
00000070
FFFFFCFD
FFFFFE99
0000012E
000001BF
FFFFFD29
00000059
FFFFFEED
FFFFFFDD
0000035D
FFFFFF4E
0000023E
000000E9
FFFFFF6A
FFFFFE41
FFFFFF3C
000002A8
000002B0
00000104
000003A7
000001F9
00000220
0000005F
00000174
FFFFFF0D
0000017E
FFFFFF38
00000222
FFFFFE88
FFFFFE0F
FFFFFFB1
0000019E
00000165
000000BE
FFFFFF3D
FFFFFE56
00000172
FFFFFFBE
00000250
FFFFFDF7
00000065
FFFFFE36
FFFFFFD3
FFFFFE75
FFFFFEEF
00000409
FFFFFEE5
000003A5
FFFFFF41
FFFFFC74
000002BF
0000027A
000002A4
FFFFFF09
FFFFFE28
FFFFFD10
0000021A
0000037E
00000150
00000187
FFFFFFA1
FFFFFDC3
00000190
000002CF
00000106
000000E6
FFFFFF3B
FFFFFF4E
FFFFFF84
000001B1
FFFFFDA6
00000063
FFFFFFE3
FFFFFE20
000001EC
FFFFFE59
FFFFFEB9
FFFFFD4C
000000CD
0000029A
FFFFFBFE
00000493
00000132
FFFFFED5
00000007
FFFFFFC3
FFFFFC8C
FFFFFDEC
0000005E
FFFFFDA2
FFFFFE48
FFFFFFF2
FFFFFB53
FFFFFE6D
FFFFFE2A
FFFFFB7B
FFFFFFA5
FFFFFE52
FFFFFFBD
FFFFFF14
FFFFFD23
000000C5
FFFFFEEE
FFFFFEEE
00000134
00000047
00000106
0000003D
0000001B
0000001D
FFFFFD6C
00000083
FFFFFCE9
FFFFFDD1
FFFFFE58
00000133
FFFFFD65
00000019
0000016F
00000229
FFFFFED4
00000039
0000012B
FFFFFFB0
FFFFFD8B
00000206
FFFFFFBE
FFFFFC2B
FFFFFE81
FFFFFC66
FFFFFD89
0000027D
FFFFFEE9
00000286
FFFFFF2F
00000181
FFFFFF69
FFFFFA60
0000020D
000001AF
FFFFFFFC
00000049
000000E1
FFFFFEBA
FFFFFF03
0000049D
0000024D
0000024B
FFFFFF91
FFFFFE34
FFFFFBAE
FFFFFB27
00000150
000001FF
FFFFFFAB
00000173
0000012A
FFFFFC20
0000014E
000002AD
00000327
FFFFFBCB
0000001E
FFFFFE4C
FFFFFDF6
00000108
FFFFFEEF
FFFFFD0C
00000044
000001C8
00000129
FFFFFD88
FFFFFD0C
FFFFFC0C
000001A3
FFFFFF97
FFFFFCB5
000002FD
FFFFFD3B
000000E6
000000BF
FFFFFFA1
000003A1
00000081
00000001
FFFFFF1F
FFFFFFB3
0000002B
FFFFFFE5
000000F1
FFFFFF7F
000003E3
00000074
000002CB
00000268
FFFFFF9A
0000017D
FFFFFEA2
000000DA
FFFFFFBF
0000000B
FFFFFE04
FFFFFDEA
00000113
00000087
000002DF
00000315
00000129
FFFFFF33
FFFFFF6E
FFFFFFFF
000002A3
000001B4
FFFFFE1A
000001A1
FFFFFEAB
000000FF
FFFFFF41
0000023A
FFFFFD2F
FFFFFFDF
00000079
00000019
FFFFFD96
000002B7
00000091
00000189
00000251
FFFFFE66
FFFFFD98
0000037A
FFFFFF8B
FFFFFD31
FFFFFF80
FFFFFAC5
FFFFFCB0
FFFFF958
FFFFFFC5
FFFFFF36
FFFFFD18
0000007A
FFFFFE31
000000C0
000001F3
0000027D
0000032E
FFFFFF60
FFFFFDFC
00000268
0000015C
FFFFFE46
00000034
00000010
FFFFFEFB
FFFFFFF0
FFFFFF8E
FFFFFF82
FFFFFDEC
FFFFFFC0
FFFFFF0B
00000230
FFFFFFE9
FFFFFFB1
FFFFFFD0
FFFFFEBE
FFFFFE2F
0000005C
FFFFFF7C
FFFFFF0E
FFFFFFD2
FFFFFD9B
FFFFFD83
FFFFFBF6
FFFFFD76
FFFFFE11
FFFFFEDD
00000284
FFFFFE17
00000006
0000027B
FFFFFDA2
000003D6
00000099
00000151
000001FC
FFFFFFCC
00000030
FFFFFFA0
00000173
00000242
0000008B
0000023F
000000B2
00000513
FFFFFF38
FFFFFC40
FFFFFF36
FFFFFD8E
FFFFFDA6
FFFFFEFC
FFFFFD0C
FFFFFE72
FFFFFE5E
FFFFFCE2
00000099
00000158
FFFFFC4A
00000048
00000054
FFFFFE8C
FFFFFFDE
FFFFFF42
FFFFFF4C
000001CC
FFFFFDD3
FFFFFEBF
0000044F
FFFFFF98
FFFFFDC5
000000DE
FFFFFE98
00000000
000001F6
000000E8
FFFFFF01
00000147
000002B8
FFFFFF0B
00000315
0000016C
FFFFFEE0
FFFFFF81
FFFFFB89
FFFFFD7D
0000017C
FFFFFFC8
FFFFFEA2
FFFFFE02
FFFFFF31
00000084
FFFFFAC2
00000259
FFFFFE9D
00000072
FFFFFDC7
00000092
FFFFFD0E
FFFFFE99
FFFFFC2F
000001CC
FFFFFC5D
FFFFFFC1
FFFFFDAA
FFFFFE53
FFFFFD75
FFFFFDA5
000001AB
FFFFFEA5
000000D2
FFFFFEA5
FFFFFED0
FFFFFD97
FFFFFBBD
000000A0
000002A0
FFFFFEC9
0000015B
FFFFFC66
00000353
FFFFFF71
FFFFFDF8
000002F1
FFFFFED6
FFFFFC41
0000008F
FFFFFEA8
0000029A
FFFFFA38
FFFFFFCB
00000178
FFFFFC41
FFFFFC37
FFFFFFB9
FFFFFE87
00000010
000000B5
000000D7
FFFFFDC2
000002A8
000002A2
00000252
FFFFFF41
FFFFFF0D
000000F5
FFFFFEB5
FFFFFE21
FFFFFEBE
FFFFFEEB
FFFFFCD6
FFFFFD5E
000000C9
00000012
FFFFFC36
FFFFFE34
FFFFFFAB
FFFFFD95
FFFFFE4E
FFFFFE07
FFFFFF9A
FFFFFF41
0000017B
FFFFFEA7
0000016F
FFFFFDC7
000002DF
0000028B
FFFFFEF3
FFFFFFAA
0000019A
00000070
FFFFFE21
FFFFFE85
FFFFFD95
000000B0
FFFFFE16
00000158
FFFFFEAC
FFFFFEFA
FFFFFE81
0000009C
FFFFFF49
00000015
FFFFFE49
0000031C
000000A9
000001E7
000000DF
000001B3
FFFFFC70
FFFFFEF9
FFFFFEA9
FFFFFC85
FFFFFC36
FFFFFD53
FFFFFE48
0000010B
FFFFFF1A
000003AF
0000011E
FFFFFF3F
000001F4
000002F8
FFFFFF9B
00000200
0000016D
FFFFFFC3
0000029D
00000199
000004E1
00000074
000000F0
000004D2
0000022A
FFFFFDEB
00000395
FFFFFBFD
FFFFFC62
FFFFFD8D
FFFFFD66
00000110
FFFFFD5E
000000E1
FFFFFDBA
FFFFFCDF
00000095
0000004E
0000028B
00000114
FFFFFE2A
000001BF
000000A5
FFFFFF1D
FFFFFF98
FFFFFF93
FFFFFEA3
FFFFFF36
FFFFFDEA
000001A3
FFFFFFE5
FFFFFFFC
FFFFFDBE
000001C7
00000186
FFFFFDDF
000001AC
FFFFFF1F
FFFFFF8B
00000256
000001F7
FFFFFDA9
FFFFFF44
FFFFFF27
FFFFFE73
000003D8
000001B5
00000354
0000041B
000001A8
0000004A
FFFFFF88
0000026A
0000023C
0000027D
0000024E
FFFFFF0E
FFFFFEF4
FFFFFEB5
000000CB
00000149
FFFFFD9C
00000116
FFFFFD06
000000F2
00000246
FFFFFD9A
000000DE
FFFFFF49
FFFFFFA2
00000031
000002BC
00000188
FFFFFFD0
FFFFFE6E
0000006F
FFFFFF10
000001B1
000000BF
00000206
0000003E
FFFFFEDC
00000249
FFFFFCEE
FFFFFFE8
00000233
FFFFFF30
000001C5
FFFFFE7B
0000001F
000001B1
FFFFFE5F
FFFFFF97
00000037
00000039
000000BA
FFFFFF68
FFFFFE2C
000000E3
000000B1
000002A6
FFFFFDFF
FFFFFFFC
FFFFFDD3
FFFFFE89
FFFFFE23
000002F9
000002A0
0000006E
FFFFFF68
0000009E
FFFFFFBA
0000022E
FFFFFF1A
FFFFFF54
FFFFFFAF
000000AC
FFFFFD37
0000018E
00000019
FFFFFF9C
FFFFFE40
00000191
FFFFFD55
0000010E
FFFFFEB2
00000159
00000614
00000080
0000037F
000004A4
0000019F
0000016D
FFFFFF98
FFFFFDF1
00000062
0000014B
00000227
0000037A
0000012F
FFFFFD02
000002A3
00000070
00000148
FFFFFE62
000001D0
FFFFFC99
FFFFFE07
000001F1
FFFFFFF3
000001BA
FFFFFF4A
FFFFFFD8
FFFFFC99
FFFFFE7D
FFFFFF27
FFFFFC0C
000003C0
000000AF
FFFFFD5D
FFFFFBDB
FFFFFE39
FFFFFEAD
0000006C
FFFFFD56
FFFFFFE6
FFFFFF5C
00000083
FFFFFF56
FFFFFD4A
0000014D
00000082
FFFFFDB8
FFFFFFC2
FFFFFE98
FFFFFD59
00000200
000001D6
FFFFFDDE
FFFFFF53
0000023F
FFFFFE40
FFFFFF90
FFFFFE51
FFFFFF43
FFFFFCCB
00000086
00000099
00000105
00000248
0000019D
FFFFFF1C
FFFFFEED
0000027C
FFFFFF54
000000F8
0000009F
000000C3
FFFFFE99
00000214
0000018F
FFFFFF9E
FFFFFF93
FFFFFD2E
000000B5
00000045
0000010A
000001CE
0000001F
FFFFFD1C
FFFFFE15
0000007B
000000D9
FFFFFF4D
0000034C
0000046B
FFFFFF9C
FFFFFF95
00000038
00000185
000001F7
000000B8
FFFFFDE1
FFFFFE15
00000039
0000021B
FFFFFD7A
000001A3
0000016B
FFFFFFDF
FFFFFE1C
FFFFFE75
FFFFFDE4
000000A7
FFFFFEF7
00000050
FFFFFDA4
000001F7
FFFFFFE1
FFFFFD57
FFFFFE23
00000054
00000161
00000103
00000326
FFFFFFB4
FFFFFF30
0000004B
FFFFFFDA
FFFFFEFC
FFFFFFBF
FFFFFE74
0000029C
FFFFFE1F
0000002F
0000009C
0000024F
FFFFFEB5
FFFFFCB2
FFFFFECD
00000160
FFFFFF09
FFFFFF3A
FFFFFED4
FFFFFED5
FFFFFDCB
000000CD
FFFFFDF8
FFFFFD19
000000C0
FFFFFD6B
00000296
00000296
0000004E
FFFFFFE6
0000001E
FFFFFFF2
000001D5
FFFFFE9D
0000016B
0000010C
FFFFFD09
FFFFFBEC
00000319
00000044
00000156
0000002E
FFFFFFE5
FFFFFC92
FFFFFD75
FFFFFDBC
0000004D
FFFFFE55
FFFFFFA1
00000104
FFFFFD04
FFFFFDAE
FFFFFEF0
000000AF
FFFFFDD6
FFFFFE37
FFFFFF3C
FFFFFFA0
0000007B
0000021A
000001C1
FFFFFE2F
0000026A
0000022C
0000000D
FFFFFE93
000000F6
FFFFFFDA
FFFFFF29
FFFFFF6C
FFFFFF01
FFFFFEC7
00000041
0000003E
FFFFFCFF
000000C1
FFFFFE1E
FFFFFE0D
00000203
00000021
FFFFFFE4
FFFFFD47
00000160
FFFFFC90
FFFFFD59
FFFFFE5B
000001F2
FFFFFF5A
FFFFFE40
FFFFFE35
FFFFFDFD
FFFFFE2F
FFFFFF97
FFFFFECB
FFFFFE0A
000000E3
0000007A
FFFFFFB7
00000215
FFFFFF7A
FFFFFF19
000001AB
000001AF
0000009C
FFFFFDDF
FFFFFF5F
FFFFFCC5
FFFFFEF8
FFFFFB1F
FFFFFE76
FFFFFEFE
FFFFFDE3
FFFFFFAF
0000017C
000000A9
FFFFFF2B
0000001F
00000085
000001C4
FFFFFF82
000001DB
000001B3
FFFFFF98
FFFFFF3A
0000006D
000001CC
FFFFFFEB
FFFFFE7B
00000172
00000116
0000019D
000000C9
FFFFFF3E
FFFFFC8B
000000FA
0000009F
FFFFFC6B
FFFFFFA4
FFFFFF93
000000E1
FFFFFFA8
FFFFFDDB
0000005E
000002A8
000003D8
0000032F
FFFFFF3B
00000281
0000001B
00000061
00000054
00000009
FFFFFF6E
FFFFFDC6
FFFFFE6B
FFFFFFB5
00000345
0000017F
FFFFFF8D
0000009D
FFFFFE79
00000299
000002F2
FFFFFF81
FFFFFF60
00000108
FFFFFFC7
FFFFFFEC
FFFFFE37
00000060
FFFFFE70
00000112
000001EC
FFFFFF6C
000001C4
FFFFFE95
00000051
0000029A
000000AA
FFFFFE3C
FFFFFE1B
000001A4
00000209
0000001C
FFFFFF6C
FFFFFEEC
FFFFFCAE
FFFFFD79
0000014A
00000089
00000076
FFFFFF3A
0000009C
FFFFFEB3
FFFFFF4A
FFFFFF4D
FFFFFD4B
00000134
00000103
FFFFFFF5
FFFFFE0B
FFFFFF3E
00000045
000002C1
00000071
FFFFFFF3
0000016E
0000028E
00000063
FFFFFF71
00000157
0000008D
FFFFFE82
FFFFFE81
FFFFFAFD
FFFFFD3F
000001A8
FFFFFEAB
FFFFFDFE
FFFFFD3C
00000116
00000122
000002C8
00000006
000002D1
0000020B
00000149
0000019D
FFFFFFF0
FFFFFE61
FFFFFD64
FFFFFFC7
000002CC
000000B8
000000B8
FFFFFF06
000000DF
FFFFFF89
00000110
FFFFFD85
FFFFFE9C
FFFFFC8D
FFFFFF71
000000C8
00000037
FFFFFEFA
FFFFFF0C
000001EE
FFFFFEBA
FFFFFCF3
00000125
FFFFFEA7
FFFFFF17
FFFFFF36
FFFFFF28
00000085
FFFFFF9C
00000054
FFFFFFB2
0000025B
FFFFFD6A
FFFFFE39
000000B1
000000FB
00000114
FFFFFFD9
FFFFFD2F
FFFFFD60
FFFFFFDE
FFFFFF70
FFFFFE49
00000124
FFFFFF70
FFFFFE6D
0000015C
FFFFFFD2
FFFFFF88
FFFFFFE3
FFFFFE96
00000037
FFFFFE07
FFFFFEB8
FFFFFF49
000000A9
FFFFFF1B
FFFFFE71
FFFFFD64
000001E5
FFFFFE4A
000002E4
000001E0
00000279
00000275
FFFFFEAB
FFFFFE32
FFFFFD7F
FFFFFFFB
FFFFFF7F
FFFFFDC5
FFFFFBE5
FFFFFEE8
00000012
FFFFFFE4
FFFFFE25
FFFFFF07
FFFFFF2A
FFFFFD5D
FFFFFCA7
FFFFFFA5
FFFFFF06
000000D6
FFFFFCC5
FFFFFEC7
FFFFFF58
00000104
0000005D
FFFFFDF5
FFFFFFA2
FFFFFD5E
00000036
00000062
0000003F
FFFFFE2F
000000B5
000000ED
000001B6
0000002C
FFFFFF5F
FFFFFE6B
FFFFFEDC
000001DA
FFFFFE3D
FFFFFF4A
000000D0
FFFFFE28
00000002
0000019A
00000218
00000008
FFFFFF03
000001EB
FFFFFEF6
00000021
00000057
000001D7
00000185
00000110
0000020C
000002E0
00000118
FFFFFDBB
000002A5
FFFFFE87
000000A2
0000012F
0000003F
0000038B
000002DB
00000330
000001A8
0000002F
FFFFFEB3
000003D4
00000274
00000203
0000025B
00000205
00000122
00000475
000003D9
000002F9
000002B9
000002CE
FFFFFFB9
00000160
FFFFFEB2
FFFFFF2B
FFFFFF09
00000316
00000112
FFFFFF24
FFFFFFB6
00000058
FFFFFF95
FFFFFF58
000002C2
00000089
FFFFFFB5
FFFFFF49
FFFFFF1E
00000029
FFFFFDF6
FFFFFED3
FFFFFED5
FFFFFF13
FFFFFF55
00000212
00000212
00000116
0000010A
000000EB
0000019E
FFFFFEF0
00000222
0000016F
00000198
00000055
FFFFFFBA
00000391
FFFFFF92
FFFFFD93
FFFFFD62
0000004D
FFFFFE77
FFFFFE61
FFFFFEBE
FFFFFEB3
0000021E
000001B3
FFFFFE01
FFFFFE26
FFFFFEB6
FFFFFFF8
00000172
000001C9
0000014D
000000ED
00000142
00000179
0000023B
00000161
0000002C
FFFFFF1D
00000001
0000018A
00000325
FFFFFE13
00000098
00000048
000000D2
FFFFFD95
FFFFFB26
FFFFFD43
FFFFFDCF
FFFFFF6E
FFFFFDF5
FFFFFD81
FFFFFC66
FFFFFD20
000001C1
FFFFFFE4
FFFFFECD
FFFFFEE2
00000088
FFFFFEDC
FFFFFD09
FFFFFCC6
FFFFFF42
FFFFFE40
FFFFFFA6
FFFFFD15
0000000D
FFFFFEBA
FFFFFFAB
00000127
FFFFFE97
FFFFFEDE
00000196
00000284
FFFFFE09
FFFFFED4
000002D4
000000AB
000001A8
000002FF
00000133
0000004B
FFFFFF63
FFFFFE27
FFFFFD13
FFFFFBB6
FFFFFE77
FFFFFF8B
FFFFFF15
000001C0
FFFFFFB6
FFFFFEC2
FFFFFD75
FFFFFE3D
000001EA
FFFFFF6B
FFFFFD95
FFFFFF79
000000AF
FFFFFF60
FFFFFFE7
FFFFFF0E
FFFFFF91
FFFFFF7B
000001F3
00000335
000001C8
00000177
00000092
00000376
00000237
FFFFFFCB
00000069
000002C0
FFFFFE6B
00000052
000000C5
000000D1
000000F9
0000009B
0000021C
FFFFFDEF
0000010C
FFFFFF02
FFFFFDEB
FFFFFE56
FFFFFF54
0000024D
000001E4
00000001
FFFFFE29
000000BB
00000146
0000030D
00000173
FFFFFE7D
0000010B
FFFFFE19
FFFFFE32
FFFFFF11
000001D0
FFFFFFB3
00000162
000000F1
FFFFFEC2
000001E4
00000280
FFFFFDF5
0000008E
FFFFFCC1
FFFFFDBC
00000284
FFFFFCCB
FFFFFDBF
000000E0
FFFFFDD3
FFFFFD6C
FFFFFC0B
FFFFFEF3
000002C6
FFFFFF66
FFFFFF55
00000211
00000183
0000006D
00000044
000003C0
00000253
000000BD
FFFFFFE3
FFFFFF65
0000000C
000001EE
000001ED
00000196
0000025D
00000034
00000092
FFFFFDD9
000000C7
000000DF
FFFFFE0B
00000231
000003B4
FFFFFD7F
FFFFFF2C
FFFFFFCE
00000046
FFFFFEC3
FFFFFEB4
00000040
000001C3
FFFFFBFE
FFFFFF5B
00000136
000001D7
FFFFFEB8
00000129
0000014A
FFFFFCBF
000001DD
FFFFFE11
0000008B
FFFFFF3D
00000201
0000006C
0000002A
FFFFFEA6
FFFFFFAE
FFFFFC74
00000111
000001C4
00000231
FFFFFFF3
0000016F
00000343
FFFFFE1E
FFFFFDA5
FFFFFD4E
000000D9
FFFFFD72
0000001C
00000465
FFFFFEF5
000003D1
000001A0
FFFFFF61
00000177
000000A9
00000023
0000039E
000004B6
000000C8
000000E5
FFFFFFFB
FFFFFFAF
00000141
00000048
FFFFFCC4
FFFFFD4A
FFFFFF1C
FFFFFFC5
FFFFFC6D
FFFFFADE
FFFFFCB5
FFFFFC27
FFFFFC71
0000008B
000000A9
000002ED
FFFFFEB8
FFFFFEB6
000000E7
00000112
00000176
FFFFFF3E
0000001F
00000188
0000004D
FFFFFF50
FFFFFDCE
FFFFFF92
FFFFFEEA
FFFFFF25
000001C0
0000032E
0000038A
FFFFFE26
FFFFFC62
FFFFFF92
00000045
000000C3
000000D6
000003AE
FFFFFE25
FFFFFF17
FFFFFEFF
0000018B
FFFFFC14
FFFFFC7F
00000025
00000156
FFFFFD40
0000011B
FFFFFB83
0000021A
000001EF
00000265
00000261
FFFFFCA9
FFFFFCAE
00000302
0000011C
00000202
FFFFFE3B
FFFFFE9F
FFFFFDAF
FFFFFEE6
FFFFFFA6
000001FC
FFFFFC87
FFFFFC91
FFFFFCCF
00000122
000000B8
FFFFFF3C
00000124
0000012C
FFFFFE43
00000130
FFFFFF93
FFFFFEFF
FFFFFFF7
000000E5
00000192
FFFFFD78
0000008E
000002CF
000000DE
FFFFFCC6
FFFFFEDB
00000092
000001E7
00000078
FFFFFD87
000001BC
FFFFFE72
00000152
000001E4
0000010D
FFFFFEBB
00000274
FFFFFED8
FFFFFCFE
FFFFFF6E
FFFFFE5F
0000002C
FFFFFF4E
FFFFFEEE
000000F4
00000270
FFFFFE73
00000007
00000075
FFFFFE1A
FFFFFFB7
00000175
00000006
00000154
FFFFFFC7
000002C3
FFFFFF6C
FFFFFF7B
FFFFFE57
FFFFFED9
000000E8
FFFFFEE3
000000CC
FFFFFF9B
FFFFFEBB
00000001
00000132
0000028E
FFFFFF3B
FFFFFFCD
FFFFFF2A
0000020A
00000092
00000114
000000B7
FFFFFDB1
0000042A
000001D1
0000010A
FFFFFF0D
FFFFFD7C
FFFFFF21
0000022F
FFFFFF3C
00000016
FFFFFE30
000001E4
0000003F
000001A5
0000026F
00000125
0000002A
00000203
FFFFFFA6
0000005C
00000276
000001DE
00000159
00000363
FFFFFD97
0000026A
FFFFFEED
FFFFFF09
FFFFFFEA
FFFFFDDE
00000056
FFFFFFAB
FFFFFFB2
FFFFFE0A
0000012E
FFFFFBAD
00000000
FFFFFE8D
FFFFFC5E
FFFFFF7A
00000051
000000C7
00000011
000000FB
FFFFFFC1
00000398
FFFFFFAB
000004DB
0000039F
00000226
0000019E
00000259
0000030A
0000021C
0000018F
00000331
FFFFFFC6
000000B3
00000176
FFFFFD54
FFFFFF11
FFFFFEA1
FFFFFD2C
FFFFFF3C
FFFFFF40
FFFFFCF5
FFFFFCA7
FFFFFE40
FFFFFED7
000000A5
FFFFFF14
FFFFFC35
FFFFFF6C
FFFFFF00
FFFFFF98
00000209
FFFFFDDD
000002E1
FFFFFE42
00000074
0000008F
FFFFFFE7
FFFFFEB2
FFFFFF09
FFFFFE45
FFFFFE5D
FFFFFCA4
000000B9
FFFFFC5B
FFFFFCDD
FFFFFDAC
00000118
FFFFFE7A
FFFFFFC0
FFFFFE36
000000E7
FFFFFE52
FFFFFE6C
000001C6
00000165
FFFFFE92
FFFFFEF5
00000194
FFFFFF9B
FFFFFF9A
FFFFFE21
000000EB
00000022
FFFFFEC2
FFFFFEC1
00000050
FFFFFBCC
00000043
FFFFFFB7
000001F0
00000126
00000123
FFFFFE76
00000248
000002A6
0000001C
000003FC
000001CF
000001ED
0000016C
FFFFFEAD
000001A5
FFFFFF3F
FFFFFF93
FFFFFF24
0000010D
0000003F
FFFFFD13
FFFFFC15
FFFFFE32
0000004C
FFFFFF05
FFFFFF98
00000003
FFFFFFB3
0000024A
FFFFFF4F
00000101
FFFFFF1A
00000198
00000009
000001CC
FFFFFFF4
0000028B
000001B5
000002B5
000002E2
00000033
00000163
000002AB
0000049A
00000114
00000152
00000193
000000C3
FFFFFDA8
FFFFFF5C
0000000A
FFFFFC85
0000014C
0000030E
FFFFFDE6
00000173
000003D2
000000FD
000001BB
000004CE
000003C2
000001C1
FFFFFFB6
00000059
000002BC
0000028C
00000167
000002E0
FFFFFF02
FFFFFF5F
FFFFFF53
000002EE
FFFFFF2D
0000003A
FFFFFE93
FFFFFD79
000000E1
FFFFFFD3
FFFFFDEB
0000003B
000001E7
0000015E
FFFFFF7B
FFFFFE86
000002F9
0000016B
000001CC
0000034E
00000272
0000001B
00000000
FFFFFC04
00000222
FFFFFD96
FFFFFDEB
0000013F
FFFFFC86
FFFFFC02
000000A6
0000005F
000002C3
FFFFFFCE
000002F1
0000011F
0000031B
000003B4
FFFFFFA4
000001AB
000000D9
FFFFFD44
FFFFFF26
FFFFFF2A
000001E9
FFFFFEB4
FFFFFF18
00000037
FFFFFF4F
FFFFFDD7
000001E6
000002F4
000001A5
FFFFFF77
000000D8
FFFFFFB8
0000040A
FFFFFDDC
FFFFFF84
0000021F
FFFFFE8F
FFFFFD9F
0000019B
FFFFFF7D
0000012B
FFFFFF1D
FFFFFFF2
FFFFFF6E
00000020
00000270
000001C8
FFFFFF10
00000083
FFFFFEF6
FFFFFB75
00000126
FFFFFE16
FFFFFC84
00000012
FFFFFEE9
FFFFFEB0
FFFFFFC8
FFFFFFEC
FFFFFC62
FFFFFBB5
FFFFFD91
FFFFFEBD
0000016E
00000329
FFFFFD52
000001A5
0000000C
FFFFFFE8
000000CA
00000296
0000039E
FFFFFDEF
000003E4
00000431
000000F0
0000002B
000003EE
000002DD
00000194
FFFFFFD4
000001E6
000000DF
FFFFFF81
00000199
000003DD
0000025F
00000027
000001FD
00000118
FFFFFE5A
000002A8
00000103
FFFFFDC7
00000095
0000013A
FFFFFF87
FFFFFDFB
000002FF
FFFFFEB3
000001D0
FFFFFF05
FFFFFDB5
000002DE
000002B3
FFFFFF02
000000DE
FFFFFFAD
00000063
FFFFFF0C
0000039E
FFFFFEDB
FFFFFFCF
FFFFFD52
00000086
000000A7
FFFFFEBE
000000DB
FFFFFE2F
00000108
00000078
FFFFFF77
000001F7
0000017F
00000187
00000186
FFFFFEA1
000003C8
00000118
000001EB
000000CA
00000126
0000002D
FFFFFFAF
FFFFFEEE
FFFFFCA0
FFFFFE7B
0000009F
00000045
FFFFFFC6
000000F2
FFFFFE79
0000012E
00000073
00000108
00000121
FFFFFCD3
000001C2
000001F1
000000CF
FFFFFFCB
00000094
0000010E
0000004D
0000009F
FFFFFECC
FFFFFF59
0000022C
FFFFFFC7
FFFFFF37
00000226
000001F8
000001BB
000000A4
FFFFFE70
FFFFFE4B
0000016D
00000007
000002CC
FFFFFE27
FFFFFE26
FFFFFEEB
0000024B
FFFFFECF
000001C0
000001F2
FFFFFDA0
FFFFFDF2
FFFFFDA9
00000008
FFFFFF15
FFFFFF67
0000004D
0000024B
FFFFFEC9
FFFFFE3F
00000014
000001F9
FFFFFC97
FFFFFB8B
FFFFFFA3
FFFFFB71
FFFFFBEC
FFFFFB57
FFFFFBE5
FFFFFB73
FFFFFBB9
FFFFFF65
FFFFFEF1
FFFFFD84
FFFFFF9E
FFFFFE63
FFFFFFBA
00000098
FFFFFDBC
FFFFFF61
FFFFFFA3
00000163
FFFFFCAF
000000F7
FFFFFF55
FFFFFDCA
FFFFFEEE
0000028B
FFFFFFE4
FFFFFD3F
FFFFFD36
FFFFFF7A
000000D9
FFFFFE82
00000157
000000BE
FFFFFFED
0000010F
FFFFFF4A
FFFFFE6F
FFFFFEE4
00000099
FFFFFF21
FFFFFF3C
FFFFFF6B
FFFFFE87
000000DB
00000284
FFFFFFD0
FFFFFEE2
000001E7
FFFFFE43
FFFFFFB9
00000284
00000014
FFFFFEDB
FFFFFEF5
0000008E
000002C0
00000242
FFFFFEAF
000002BD
00000265
FFFFFEC1
000001D3
00000019
FFFFFF5F
00000203
FFFFFCDD
FFFFFF6D
0000013F
000001E5
FFFFFD69
FFFFFE22
00000082
00000022
FFFFFECA
FFFFFF15
0000009B
000001D5
FFFFFCC3
FFFFFE9E
FFFFFD69
00000087
FFFFFD09
FFFFFE4D
00000049
00000228
0000028A
000000C3
FFFFFEBB
FFFFFD7F
00000213
000001E0
FFFFFFB9
0000029B
00000371
000001C2
FFFFFE8E
000003CF
FFFFFF80
FFFFFFD7
FFFFFC6E
FFFFFE16
FFFFFCDC
FFFFFCC2
FFFFFF9F
FFFFFFCA
FFFFFCFF
FFFFFE2B
00000272
00000110
00000238
FFFFFF03
FFFFFE74
0000013D
0000010E
FFFFFD1C
FFFFFE88
000004BF
00000486
000001D9
FFFFFF2E
000001B4
000000CE
0000026A
00000005
00000255
00000284
FFFFFC51
FFFFFCB9
FFFFFD5B
00000149
FFFFFD5F
FFFFFF7F
FFFFFE4A
FFFFFC63
FFFFFE3B
00000300
FFFFFF77
FFFFFE90
00000174
FFFFFEB4
FFFFFF73
0000036E
00000279
0000029D
FFFFFD83
000001A4
000000AD
FFFFFEF9
FFFFFD9E
00000343
000001A6
0000021C
FFFFFFD9
000002A1
FFFFFD83
000001E3
000002CA
00000030
000001F4
0000015C
FFFFFF04
00000113
FFFFFF11
0000019F
000000BA
000003BC
0000032D
0000011D
000000D7
00000246
000002DC
000004A2
00000379
000000D6
00000023
00000139
000001C1
000003F1
000003A0
FFFFFE31
FFFFFDA6
FFFFFF23
FFFFFAC6
FFFFFEB1
FFFFFFEB
00000009
FFFFFBE3
FFFFFD6C
FFFFFE27
0000006F
FFFFFC39
FFFFFEF3
00000148
00000142
0000014C
FFFFFFBE
FFFFFF5E
000001E7
0000032A
FFFFFF92
FFFFFE74
00000132
FFFFFFCE
FFFFFF66
00000158
FFFFFEC9
FFFFFC88
FFFFFCC3
FFFFFE45
0000002A
FFFFFEE6
FFFFFAB2
FFFFFC54
FFFFFE8A
FFFFFFD9
FFFFFFD0
FFFFFCA9
FFFFFE18
FFFFFF45
FFFFFEB1
FFFFFC96
FFFFFFBD
FFFFFD56
FFFFFD83
FFFFFDF7
000001BE
FFFFFEB1
FFFFFF00
0000020D
FFFFFFE3
0000008D
00000305
FFFFFE91
0000009D
000001FA
FFFFFE0F
FFFFFFBE
FFFFFF9B
0000032C
FFFFFE9E
0000001C
FFFFFFD7
000001CA
00000041
FFFFFFDF
FFFFFFE3
00000027
FFFFFD14
000001B6
FFFFFF20
000000A1
0000016F
000001C5
000002C1
00000310
FFFFFF42
0000019A
FFFFFDFA
00000224
FFFFFF33
FFFFFE3C
00000163
00000094
000001D3
FFFFFEEB
00000009
FFFFFF2C
0000007B
000001AB
FFFFFE01
FFFFFEE5
FFFFFC4C
0000004D
FFFFFF16
FFFFFF51
FFFFFCDB
FFFFFE34
FFFFFC9E
00000189
FFFFFF91
FFFFFDC3
000002D8
000001FA
FFFFFEC2
000000C2
00000145
FFFFFF6F
000001E2
0000014A
FFFFFF58
000001BA
00000162
FFFFFEBD
00000076
FFFFFF5D
FFFFFF27
FFFFFFD8
00000172
000000D9
00000259
0000028A
000000DB
FFFFFF4A
FFFFFF5D
00000189
FFFFFE74
FFFFFE80
FFFFFE9C
FFFFFE48
0000040D
000001B4
0000030A
000000E7
FFFFFE9D
000000BA
FFFFFE79
FFFFFF3F
000002E3
00000053
0000037B
000003B5
00000240
0000000D
FFFFFF9B
FFFFFF13
FFFFFBAE
000001A6
00000097
FFFFFC64
FFFFFFA0
00000280
00000006
FFFFFE9E
FFFFFD29
FFFFFFEE
FFFFFF9E
FFFFFEEB
FFFFFF0A
000000FE
FFFFFEA6
FFFFFE5D
FFFFFE2F
00000048
0000038C
FFFFFE8A
000001AB
000000EE
0000006E
FFFFFF5C
000002B5
00000079
FFFFFFD8
000001A0
FFFFFFA5
000003C1
000003AD
00000376
00000210
0000000C
000002B6
0000027C
FFFFFD02
0000031F
FFFFFE9A
0000009E
FFFFFFE8
00000133
0000019C
FFFFFE9B
0000011E
00000020
FFFFFF02
0000037B
00000201
FFFFFE7C
00000310
000002E2
00000171
FFFFFF9A
FFFFFEEB
FFFFFDCE
000001C5
FFFFFE37
FFFFFDFC
0000029F
000001E8
FFFFFF8D
FFFFFF95
FFFFFED8
00000175
00000263
FFFFFFD7
000000E5
000000CD
FFFFFE91
00000267
FFFFFFDE
000001A4
FFFFFFF1
FFFFFD9E
0000007B
00000015
00000081
FFFFFF0C
FFFFFE55
00000151
FFFFFF77
00000064
000000EF
000000F0
00000006
FFFFFE51
FFFFFEC2
FFFFFD90
00000297
FFFFFF53
FFFFFE2D
FFFFFF30
000001A9
00000388
FFFFFE5D
00000199
0000008B
000000D5
FFFFFEB4
FFFFFD7C
000000F3
0000023C
00000029
00000347
000000C1
FFFFFDD3
00000070
FFFFFF71
FFFFFCED
FFFFFD84
FFFFFB4E
FFFFFCF4
FFFFFBDB
FFFFFB5E
0000010F
FFFFFF4E
FFFFFD91
000000CC
00000035
0000021A
0000015C
FFFFFF57
0000014E
FFFFFE5B
000001DB
FFFFFED4
0000009A
000002AA
00000060
00000297
FFFFFF77
000001E8
FFFFFE2C
0000036F
FFFFFEE1
000000F2
FFFFFF2F
000001BA
000000A0
000000C0
FFFFFFF2
00000264
0000016B
FFFFFEF3
0000024A
0000021D
00000262
00000420
00000176
00000113
FFFFFB87
FFFFFC9E
FFFFFDA1
FFFFFF7E
FFFFFD8C
FFFFFBC7
FFFFFE4D
FFFFFDF6
FFFFFCE8
FFFFFD37
000000BC
FFFFFFAC
FFFFFF3A
FFFFFC34
FFFFFBC7
00000025
00000119
FFFFFEBF
FFFFFF62
FFFFFEA1
000000C7
00000270
0000014A
0000010A
FFFFFD75
FFFFFFFC
00000203
FFFFFEAA
FFFFFC5B
FFFFFEBC
FFFFFF69
00000026
00000012
000000D6
FFFFFD40
FFFFFE5C
00000154
000001A1
0000007A
FFFFFCF5
FFFFFEBC
FFFFFD12
FFFFFD59
FFFFFFEC
00000121
FFFFFE77
FFFFFC50
000001A6
FFFFFE1F
FFFFFED9
00000282
FFFFFF4F
FFFFFCDC
0000010E
FFFFFCE2
000000FF
FFFFFE87
FFFFFEF3
FFFFFEC4
FFFFFD5B
000000CA
FFFFFFC7
FFFFFE50
FFFFFE44
FFFFFFCE
FFFFFC2E
00000033
FFFFFCF5
000000EA
000001EB
000000D7
FFFFFDCB
000002E9
FFFFFFB3
00000290
00000323
00000244
FFFFFDBB
00000047
FFFFFFB6
00000138
0000011A
0000006F
00000115
FFFFFE28
FFFFFD5E
FFFFFEDE
FFFFFF4C
000001A2
FFFFFE33
000000B0
FFFFFD53
FFFFFFF1
000002FA
000000D0
00000057
00000400
FFFFFD1A
00000246
000002BE
0000000F
FFFFFDEC
00000076
FFFFFF36
00000068
000003A5
FFFFFE25
00000125
000000FC
00000278
FFFFFF73
000001B7
000000A7
0000048E
000002BB
000002C3
00000210
FFFFFB27
FFFFFFAF
FFFFFFDD
00000022
000000B9
FFFFFF26
FFFFFFCD
FFFFFFDB
000000F7
0000011D
000001AC
0000026D
FFFFFF0C
FFFFFD82
000001C4
FFFFFF0F
FFFFFCF7
0000001B
000003A0
FFFFFD7B
000003CE
000000D8
FFFFFF03
00000287
000003B9
00000205
000002BE
00000070
FFFFFEE8
FFFFFFB0
FFFFFEF8
FFFFFE55
000000F8
00000154
0000003C
FFFFFF3C
FFFFFEF8
FFFFFD28
FFFFFF20
FFFFFD78
FFFFFF6D
FFFFFD3B
000001A8
FFFFFD71
00000156
FFFFFFF4
FFFFFD9B
000000E8
000003B8
00000018
00000164
0000000E
000000A9
FFFFFD54
00000307
00000243
000003D0
00000190
000001A2
00000003
000002C4
0000034E
000002F9
FFFFFFE8
00000168
000001E0
00000268
FFFFFDD3
00000394
000002B2
FFFFFEDD
FFFFFEFE
FFFFFEE0
0000014F
FFFFFF51
00000040
FFFFFFEE
FFFFFF9F
FFFFFD19
0000014E
FFFFFDA6
FFFFFF5A
FFFFFE5F
00000266
FFFFFD61
FFFFFA0E
00000123
FFFFFD35
FFFFFBC6
FFFFFEFC
FFFFFF24
000001D6
FFFFFB02
FFFFFFA9
FFFFFF93
FFFFFECF
0000005C
FFFFFF10
FFFFFE6C
00000191
00000321
00000275
FFFFFFD8
00000437
00000259
00000303
0000045F
00000345
00000223
00000042
00000262
00000174
FFFFFF0C
0000020C
FFFFFF10
FFFFFD34
000001E3
0000020D
FFFFFE33
0000031C
FFFFFD45
FFFFFECA
00000030
FFFFFBF4
FFFFFFB4
00000028
000000B4
FFFFFF81
FFFFFAB3
FFFFFED8
FFFFFFD0
00000051
0000017E
00000384
FFFFFD07
FFFFFED0
000001A7
FFFFFFA0
0000003C
000001DB
FFFFFF69
0000010F
FFFFFEB3
FFFFFF33
00000218
0000049E
00000131
FFFFFFE8
0000037F
00000174
000002CA
000003BB
FFFFFED9
FFFFFD27
000001D8
FFFFFC29
000000A2
00000029
FFFFFDB1
FFFFFDFA
FFFFFFF8
FFFFFD7C
0000034A
FFFFFD93
000002C1
0000036A
FFFFFC50
0000017C
00000292
FFFFFD27
FFFFFF1D
FFFFFFE4
0000026B
FFFFFD4F
000001AD
00000320
000002BF
000000F4
00000385
FFFFFEE8
0000018F
FFFFFEDE
000001B5
00000177
000000F1
0000011E
0000006C
FFFFFD19
FFFFFC8D
0000007D
0000023D
000001C8
FFFFFEAA
00000307
00000001
00000141
000001CE
FFFFFDC8
FFFFFD01
0000025E
FFFFFF3C
000000BC
FFFFFDFC
0000004D
0000006C
00000223
FFFFFF06
0000002C
FFFFFDE4
000003B7
00000097
0000019F
FFFFFECA
000004C6
FFFFFE93
0000012E
00000185
FFFFFE32
00000083
00000079
000001AE
FFFFFF4D
0000036A
00000135
00000172
00000134
FFFFFC89
FFFFFF96
FFFFFF6D
FFFFFF96
FFFFFEF9
0000002D
FFFFFD8E
00000029
00000066
0000014E
FFFFFD05
FFFFFF28
000000FD
FFFFFBAD
FFFFFDD7
00000103
FFFFFD9C
00000237
FFFFFFB8
0000001F
FFFFFE62
FFFFFBBD
0000023E
000001EB
0000006E
00000185
000002BE
FFFFFF64
00000062
000001EB
0000002B
FFFFFF80
00000132
00000032
000003F8
FFFFFF02
00000149
00000053
000001BC
FFFFFE3B
00000342
0000012A
FFFFFD0A
00000030
0000004C
00000187
FFFFFFF1
0000023F
FFFFFE62
000000F6
00000171
000002F7
0000030A
00000148
00000296
FFFFFED7
00000403
00000183
FFFFFEB3
000000E5
00000408
00000341
0000033C
00000053
00000240
FFFFFF66
FFFFFD66
00000041
00000249
00000141
FFFFFED0
FFFFFF92
FFFFFCF4
00000116
FFFFFE36
0000012C
FFFFFEFB
000001E2
0000016F
00000291
FFFFFE35
0000059C
000001B7
FFFFFDBA
000005C2
00000155
0000028F
000000E2
000001CA
0000038D
FFFFFDB1
0000011E
0000031D
FFFFFF72
0000031B
000001F5
FFFFFE1B
0000033B
000000E8
00000157
FFFFFC94
FFFFFEF0
00000121
FFFFFE80
FFFFFBDF
FFFFFDA7
FFFFFE95
00000193
000000B4
000000BF
FFFFFE47
0000005D
FFFFFEB5
00000298
FFFFFE66
FFFFFD37
0000045B
00000609
00000236
00000259
0000031E
000004CA
00000181
0000029B
000003FF
000000B3
00000341
000000CA
FFFFFD9E
00000123
FFFFFD5B
FFFFFE10
FFFFFFCC
FFFFFED4
0000024A
0000013F
000001DC
000000B1
00000231
FFFFFE11
000001EE
FFFFFE35
FFFFFD54
FFFFFF64
00000125
FFFFFEEE
FFFFFEDC
0000024A
000000D8
FFFFFD22
00000101
FFFFFE37
FFFFFE11
FFFFFCBF
0000022F
000002C0
FFFFFE4C
00000129
FFFFFE2A
00000202
000001CD
FFFFFDAD
0000020B
FFFFFFBE
FFFFFE84
FFFFFF9B
FFFFFC1E
FFFFFE88
FFFFFE22
0000017F
000002BA
FFFFFDB9
000003C5
0000030E
00000116
000000E6
00000225
00000143
FFFFFF4B
000000EE
FFFFFF02
FFFFFFED
FFFFFD66
00000140
FFFFFBF6
FFFFFFA7
00000294
00000014
00000314
FFFFFFE0
00000006
FFFFFE18
00000124
FFFFFFF9
FFFFFE4C
00000152
00000155
FFFFFFB5
FFFFFBB8
00000140
FFFFFBF2
FFFFFCAC
FFFFFE61
FFFFFC3C
FFFFFC44
000000CF
FFFFFFD4
FFFFFFD9
FFFFFD4D
FFFFFF3C
FFFFFF14
00000229
FFFFFD8F
FFFFFD72
000000B4
000002CC
FFFFFEC0
0000033A
00000236
FFFFFFBF
FFFFFDBE
FFFFFFBF
0000003C
000001B3
0000008C
0000014F
00000239
0000005C
FFFFFE01
00000251
000000E1
FFFFFE50
00000414
00000220
FFFFFF08
0000026B
FFFFFEEF
FFFFFDB7
000002D3
00000122
00000045
00000151
FFFFFFE6
00000114
00000327
00000308
000001B7
00000339
FFFFFF67
00000389
FFFFFEAD
FFFFFF52
000000FF
FFFFFD64
00000148
FFFFFEA6
FFFFFCE1
FFFFFD67
000001AD
0000005D
00000083
0000016D
000000E7
00000033
FFFFFDC3
FFFFFFC0
FFFFFEA4
0000027C
FFFFFE9C
000001A5
FFFFFF6E
FFFFFF83
0000019D
FFFFFF72
FFFFFF91
00000149
FFFFFEB1
FFFFFEC4
0000007F
00000104
0000005E
00000131
FFFFFE97
FFFFFDB7
000000A4
00000089
FFFFFF6A
FFFFFF35
FFFFFE13
FFFFFF93
FFFFFED7
FFFFFFAB
FFFFFFCC
FFFFFE7D
0000001B
00000393
00000043
FFFFFFCE
00000075
FFFFFDD3
FFFFFFFA
000000CA
FFFFFF6C
00000134
00000426
FFFFFF06
FFFFFE14
FFFFFE59
FFFFFF0A
0000007E
FFFFFE22
FFFFFD89
FFFFFD14
FFFFFFE1
000001EE
000000B1
00000132
FFFFFF6A
FFFFFEEC
00000035
FFFFFFA6
FFFFFE51
00000072
FFFFFFDE
FFFFFCEE
FFFFFEE0
000000FD
FFFFFD98
FFFFFFAD
FFFFFFA7
0000004B
FFFFFEBC
00000004
FFFFFDC3
FFFFFCA9
FFFFFF7E
FFFFFE90
FFFFFD52
FFFFFE98
FFFFFEA9
FFFFFF27
FFFFFFF8
FFFFFF46
FFFFFE3E
0000004A
FFFFFFE4
000000D6
0000024E
FFFFFFB9
FFFFFF95
FFFFFFA2
FFFFFF54
FFFFFE20
FFFFFF2B
0000027A
000000EC
FFFFFF22
0000032B
00000060
FFFFFD31
FFFFFD8F
FFFFFA20
FFFFFB93
FFFFFDB9
FFFFFD15
FFFFFD2F
FFFFFF07
FFFFFA03
FFFFFF39
0000002F
FFFFFE6C
00000093
000000E1
000002B5
00000309
00000097
0000022F
FFFFFEAA
FFFFFFD0
FFFFFDF6
000000FE
00000323
0000005E
FFFFFE0C
FFFFFFA1
FFFFFF36
FFFFFF2F
000001BB
000000B1
000000FF
000000D7
000000D4
00000097
000001DE
FFFFFD94
000000B5
FFFFFEB7
000000A6
FFFFFE31
00000182
FFFFFFC1
FFFFFE69
000000B1
FFFFFE8E
FFFFFECD
000001C0
0000008C
FFFFFE5D
000002A0
00000007
000000CE
000001CA
FFFFFF12
FFFFFF13
FFFFFE82
FFFFFD22
FFFFFD8D
FFFFFE0C
FFFFFF69
FFFFFE97
FFFFFE42
FFFFFF7D
FFFFFDFD
FFFFFFA6
FFFFFDB3
0000001D
0000010C
FFFFFE9D
FFFFFFE2
FFFFFF77
FFFFFE1D
FFFFFC4F
FFFFFDB8
FFFFFE86
FFFFFCD4
FFFFFB97
FFFFFD90
FFFFFBB6
FFFFFF10
FFFFFC79
00000036
FFFFFF4C
000002A2
000000BE
FFFFFDBC
00000083
000003C9
FFFFFE8E
000001B2
FFFFFE26
FFFFFF20
00000152
FFFFFF0D
000001DE
FFFFFF7E
0000027C
FFFFFF48
000001E0
000000B7
FFFFFD91
FFFFFE0C
FFFFFE3E
FFFFFC2C
FFFFFD10
FFFFFF40
FFFFFFF3
FFFFFC30
000000D0
FFFFFFDD
FFFFFECB
00000171
FFFFFF2E
00000096
0000034B
000002DD
00000160
FFFFFDCD
FFFFFD4B
000002E3
000001DD
FFFFFE7A
00000240
000000A7
000000C0
FFFFFF82
00000298
FFFFFFEA
FFFFFFCC
000004FB
00000119
0000000C
00000307
00000285
00000228
FFFFFD0D
00000115
00000050
FFFFFFFF
00000297
FFFFFD3C
00000090
00000133
00000200
0000034E
000002CE
000000A8
0000016E
FFFFFF0E
000001AC
000001C1
FFFFFF32
0000008A
FFFFFDF5
FFFFFCD6
FFFFFDE2
0000008E
00000237
FFFFFEAF
FFFFFC63
00000070
FFFFFF42
0000027F
000003F9
0000034E
000000A8
FFFFFF6F
0000033B
000003CF
FFFFFF04
00000053
0000028E
00000271
0000019D
FFFFFF1A
FFFFFFA3
FFFFFEA4
FFFFFF93
FFFFFEA0
00000286
FFFFFDBB
FFFFFED6
00000134
00000145
FFFFFFC5
FFFFFC08
000000CB
FFFFFD95
FFFFFBF4
00000263
FFFFFFAD
000001EE
FFFFFE39
000000D1
00000185
FFFFFEF3
FFFFFF28
FFFFFECD
FFFFFFC3
000002BA
00000160
FFFFFD1F
FFFFFF59
FFFFFEFA
00000005
000000F5
FFFFFF9A
00000017
00000123
0000014D
00000411
000001C3
0000025B
000002BB
000001CE
000000E9
0000008A
FFFFFDEA
FFFFFF84
0000000C
00000092
FFFFFF42
FFFFFC0A
FFFFFD0D
FFFFFEB1
0000019D
0000005D
FFFFFDE1
FFFFFEDC
0000004C
FFFFFF0C
FFFFFEF3
0000009A
FFFFFD71
FFFFFE99
FFFFFFE2
000000D5
0000019E
00000368
00000126
00000200
000000B7
00000309
FFFFFD41
FFFFFEED
FFFFFE0E
FFFFFDC2
FFFFFDBC
FFFFFB6C
FFFFFF1F
FFFFFEB2
FFFFFB70
0000024F
000000B3
00000253
000001F6
00000273
FFFFFF98
FFFFFFC3
0000025F
00000368
FFFFFC0E
FFFFFF1E
FFFFFEDB
00000117
FFFFFE12
00000031
FFFFFE26
0000002E
FFFFFC1E
FFFFFFBB
00000072
00000157
FFFFFCC8
FFFFFE92
FFFFFF8F
0000014A
00000109
00000252
FFFFFED7
FFFFFCED
FFFFFD30
FFFFFDB6
FFFFFD31
000000A7
FFFFFC1A
FFFFFC55
FFFFFD32
FFFFFEDB
FFFFFEA2
FFFFFCD4
FFFFFDEC
FFFFFF71
00000149
00000158
00000226
FFFFFFD8
FFFFFD88
FFFFFC05
FFFFFCF4
FFFFFE33
FFFFFF53
FFFFFD38
FFFFFFC2
0000003D
FFFFFEAF
FFFFFF92
FFFFFD3C
FFFFFDD9
FFFFFD41
FFFFFF12
FFFFFE52
FFFFFEB5
FFFFFE34
FFFFFCF8
00000325
0000014F
00000215
FFFFFDED
000000FD
00000074
FFFFFE3B
FFFFFF52
000002D8
00000058
FFFFFD3F
FFFFFDB2
000000CC
FFFFFBCD
000001EF
FFFFFCDB
FFFFFDD4
FFFFFD0E
000000C7
00000304
00000221
00000131
00000319
FFFFFF2E
000002B2
0000000F
FFFFFEDE
FFFFFE80
FFFFFDC2
00000019
FFFFFF2B
FFFFFED9
FFFFFD41
FFFFFF2C
FFFFFFE0
FFFFFD56
000000DB
00000139
FFFFFFCC
FFFFFFCA
000001F0
FFFFFEB9
FFFFFB5A
FFFFFEED
FFFFFF9C
FFFFFEFF
FFFFFDDA
FFFFFF6A
0000005F
FFFFFEC3
FFFFFD70
FFFFFF21
0000008C
FFFFFC2F
FFFFFE47
0000025D
0000015C
0000022A
00000154
FFFFFDDF
FFFFFEFB
FFFFFE58
000000EB
FFFFFE88
00000215
000002B5
000001C9
FFFFFE62
00000272
000001A3
FFFFFE00
000001C5
FFFFFF75
FFFFFF98
00000126
000001D5
000000BE
00000014
FFFFFD69
FFFFFFB2
FFFFFFC7
FFFFFDAE
0000037E
00000195
FFFFFC92
FFFFFF92
0000003F
000000C3
00000017
FFFFFE31
00000113
FFFFFD39
00000122
00000054
00000197
FFFFFE36
FFFFFE0B
FFFFFE34
FFFFFEAB
FFFFFBE2
FFFFFD45
000000CA
00000083
FFFFFD9D
FFFFFEAB
FFFFFDC5
FFFFFF74
00000025
FFFFFDA2
0000018C
00000169
00000160
FFFFFEBC
FFFFFCF4
FFFFFFAC
000001D1
FFFFFEE4
000003C6
FFFFFF54
FFFFFFB9
0000015B
00000140
000001A9
000000A9
FFFFFF38
0000022F
000002B5
0000021A
FFFFFE40
00000180
000000FC
00000064
FFFFFFBD
00000376
FFFFFFB2
FFFFFDD4
FFFFFFFB
FFFFFC9E
FFFFFD2D
FFFFFEB6
FFFFFCE3
FFFFFDAB
00000156
FFFFFE3A
00000040
00000088
000000A4
FFFFFF56
FFFFFF44
0000024B
FFFFFE93
FFFFFF0C
FFFFFFD2
FFFFFC21
FFFFFE16
0000008A
FFFFFD8F
FFFFFD7E
FFFFFEF8
FFFFFDDD
FFFFFE36
FFFFFF8A
000001BB
000001D2
FFFFFEC6
00000096
FFFFFDED
FFFFFF8E
FFFFFDCC
FFFFFF5E
FFFFFE6C
FFFFFEB1
FFFFFEAF
00000190
FFFFFF63
0000011A
00000011
FFFFFDA5
FFFFFBFB
0000027A
0000006D
0000010B
0000002F
FFFFFAAB
FFFFFEA9
FFFFFF79
FFFFFF9A
FFFFFBEB
FFFFFED0
00000111
FFFFFDA2
FFFFFEEE
FFFFFF55
FFFFFB5E
000000AC
00000030
FFFFFAF6
FFFFFDEC
FFFFFD68
FFFFFBE9
FFFFFCBB
FFFFFE40
FFFFFBD1
FFFFFE52
FFFFFC9F
FFFFFD5D
000000E5
00000161
00000145
FFFFFE05
000001CA
00000293
000001F2
FFFFFF06
FFFFFD68
00000188
FFFFFFE5
00000261
FFFFFEA6
0000028E
FFFFFFAB
00000311
FFFFFEFD
000000E3
FFFFFE1D
FFFFFEFD
00000158
FFFFFF56
FFFFFFC0
FFFFFCDB
000001C5
FFFFFBFD
FFFFFBB0
000001B9
FFFFFFFE
00000304
FFFFFF41
00000130
0000001A
000002EA
FFFFFEEB
FFFFFB9F
000003BA
FFFFFCC0
FFFFFFA9
000002F8
00000246
FFFFFDDC
000002D5
FFFFFC54
FFFFFCB9
FFFFFDA1
FFFFFF5E
0000039C
0000022D
000000E5
00000551
000001DA
00000242
00000017
0000026D
00000219
00000060
FFFFFD85
0000006F
FFFFFF15
FFFFFEE8
000002C4
FFFFFF3B
FFFFFBF2
0000037F
FFFFFD0A
FFFFFD92
000002A5
000002E7
0000038A
FFFFFB5C
FFFFFE4A
00000238
FFFFFF30
FFFFFDE1
000002B8
00000065
FFFFFD0A
FFFFFFA7
FFFFFF2F
FFFFFCC6
FFFFFFD4
00000214
0000017A
00000393
0000014E
0000037A
0000032A
0000011B
0000028E
00000100
000002A6
FFFFFF2F
00000138
000001B7
000001FC
FFFFFF29
FFFFFDD4
FFFFFD04
FFFFFEB7
0000034F
000000C7
FFFFFF43
0000066C
00000644
FFFFFD8C
00000215
00000060
00000468
00000010
000000B8
FFFFFD6F
0000028A
FFFFFE7C
FFFFFBC8
FFFFFE9A
00000479
FFFFFE0C
00000217
000003DC
0000048C
FFFFFE78
FFFFFEF3
FFFFFC56
000001AE
000002C0
FFFFFDA8
FFFFFF48
0000020B
FFFFFE00
00000275
0000005C
000001CE
000000E3
0000003E
FFFFFFA3
00000118
000000D4
00000329
000000E9
000001E4
FFFFFE19
000003D3
0000017D
000000D8
FFFFFF7A
00000012
00000266
0000001E
0000024B
FFFFFE74
0000031E
FFFFFD93
000000AA
0000031C
FFFFFE44
00000176
000001F0
FFFFFCFF
FFFFFE2E
0000025A
000003F6
FFFFFD44
0000001B
00000184
000001B6
00000524
000001F7
FFFFFF79
00000596
00000194
00000129
00000085
00000068
FFFFFC38
FFFFFE2A
FFFFFA20
FFFFFC1D
FFFFFB72
FFFFFDDF
FFFFFC8F
FFFFFEDA
FFFFFFB0
00000164
FFFFFFFB
00000303
FFFFFD78
FFFFFE50
00000505
00000337
FFFFFBA0
FFFFFEBA
000001A6
FFFFFD6E
000001EA
000001B6
FFFFFF3A
FFFFFF90
FFFFFF4A
FFFFFF34
0000052A
FFFFFEF2
00000263
0000019E
00000065
FFFFFEBF
00000372
FFFFFDDB
FFFFFD40
0000017F
FFFFFDBB
00000100
000000FF
0000013B
FFFFFC4E
0000043D
00000077
FFFFFECE
FFFFFC61
000000DC
FFFFFEF9
00000427
0000017D
FFFFFE5E
00000151
000000A4
FFFFFFFF
00000067
00000226
FFFFFEA6
FFFFFF71
00000049
FFFFFE4C
00000444
00000329
FFFFFE9B
00000082
000001BA
FFFFFCE2
FFFFFF75
FFFFFCBB
FFFFFD68
FFFFFD34
FFFFFF2A
FFFFFF0A
00000133
FFFFFDCB
0000030F
0000023A
FFFFFE92
000002ED
FFFFFE2C
FFFFFE8B
FFFFFFB2
FFFFFD39
000001AA
FFFFFE5F
0000022D
FFFFFE62
FFFFFC48
00000014
000003CC
00000060
0000029E
0000032C
0000033D
00000084
FFFFFF54
0000005D
0000022C
00000173
FFFFFF93
FFFFFD13
FFFFFF63
FFFFFC7D
FFFFFC2B
000001AE
FFFFFA4C
FFFFFF55
FFFFFD6F
0000033A
0000020E
000005A3
000000BE
0000020F
FFFFFECF
FFFFFE2B
000002C5
FFFFFEE3
FFFFFA27
FFFFFAA3
FFFFFBBA
FFFFFF6F
FFFFFB3B
FFFFFE1D
FFFFFDAA
FFFFFEF4
FFFFFDDC
FFFFFF7D
FFFFFDA1
00000210
FFFFFFC9
FFFFFE2F
FFFFFCD0
00000310
0000004A
FFFFF9B1
FFFFFD99
FFFFFD39
FFFFFE40
FFFFFFFE
FFFFFE22
FFFFFE81
FFFFFFD1
FFFFFE3C
0000010A
FFFFFC01
000001B6
000002DD
FFFFFFCF
FFFFFB65
000001F7
0000019D
00000241
FFFFFFC2
FFFFFCE5
FFFFFD4D
FFFFFFDA
FFFFFE1B
FFFFFEB9
00000442
000000CC
FFFFFE03
FFFFFDA3
00000336
FFFFFDA7
FFFFFE92
000002A2
0000026D
FFFFFF82
000001FC
FFFFFFA9
FFFFFEA5
000000D4
0000003E
00000167
FFFFFC58
FFFFFF6B
0000008B
00000238
FFFFFFC4
00000299
000000A7
000000E6
00000005
FFFFFDFA
FFFFFF14
00000103
000003F0
000002B8
FFFFFF50
FFFFFFFF
000001D2
FFFFFEBD
FFFFFFF2
FFFFFED0
FFFFFDF8
FFFFFEA8
000001EC
FFFFFBA2
FFFFFDD8
FFFFFE34
FFFFFDE3
FFFFFF30
000003A3
FFFFFFB7
0000014D
00000569
FFFFFFB0
FFFFFE85
0000005A
00000028
FFFFFD5C
FFFFFDF1
0000005F
FFFFFEFA
FFFFFF08
000000E8
FFFFFCAA
FFFFFC67
FFFFFE18
FFFFFF59
FFFFFFEC
0000013F
FFFFFD1F
FFFFFD9E
000001C1
FFFFFE98
00000470
000000A4
000003CC
FFFFFF38
000002F7
00000383
FFFFFE7F
00000462
FFFFFE58
00000039
FFFFFEED
00000283
000002F0
0000033F
0000002B
0000041E
FFFFFFE7
FFFFFCE3
000000F8
FFFFFEA0
00000061
000000FB
0000003E
00000319
00000012
FFFFFCF4
FFFFFFDD
FFFFFD9C
FFFFFF6D
00000385
00000300
000000BD
00000098
000000AB
FFFFFD27
00000112
FFFFFC07
FFFFFC93
00000219
FFFFFFED
00000159
000000A6
FFFFFFC4
FFFFFBD0
FFFFFD52
FFFFFDA4
FFFFFA25
FFFFFD79
00000168
FFFFFD03
0000008E
00000428
000002B7
FFFFFE58
FFFFFFC5
0000012C
FFFFFBC6
00000252
00000236
FFFFFC2A
FFFFFE2B
FFFFFE2A
00000173
FFFFFAF9
000001FE
FFFFFA4D
FFFFFACB
000001FF
00000209
FFFFFF26
FFFFFE13
FFFFFF93
000000B9
000004C7
000002B2
00000259
00000527
000001F8
000000E7
0000046E
FFFFFD5A
FFFFFF89
FFFFFFE6
00000029
FFFFFE5D
FFFFFFE7
00000000
0000000D
0000001F
FFFFFDC6
000000C0
FFFFFB60
0000009B
00000364
FFFFFF74
FFFFFCF9
FFFFFD1D
FFFFFF20
FFFFFEEE
0000004A
FFFFFBDD
0000023C
000001D7
FFFFFD32
FFFFFCB7
FFFFFF49
00000175
FFFFFE08
00000071
00000159
00000015
FFFFFEBE
FFFFFDE8
FFFFFCC8
FFFFFF7C
FFFFFD57
0000001C
FFFFFD8A
FFFFFCC2
FFFFFB2B
FFFFFF33
00000013
000000D5
FFFFFE8B
0000002C
FFFFFE35
FFFFFCC7
FFFFFE52
FFFFFD8C
000001DB
FFFFFD9F
FFFFFD9D
000000A2
FFFFFBEE
FFFFFF80
FFFFFE60
FFFFFC7F
FFFFFE4E
FFFFFC34
FFFFFA50
FFFFFE8A
FFFFFA6B
FFFFFF7F
0000005D
FFFFFFF7
0000013F
0000014B
00000038
000000EF
FFFFFF64
00000180
00000171
0000012D
FFFFFDE3
FFFFFFFE
0000006C
FFFFFE59
FFFFFED0
000000C3
FFFFFD39
FFFFFFFF
FFFFFFD7
000001CB
00000051
00000156
00000039
FFFFFFE3
0000007C
0000003D
FFFFFF50
FFFFFFBA
000000A4
00000070
FFFFFEB9
FFFFFEAA
FFFFFD11
FFFFFEA4
00000072
FFFFFEB0
0000014B
FFFFFFE2
FFFFFE59
FFFFFFC9
FFFFFEE6
FFFFFF84
FFFFFE9A
FFFFFEA3
00000094
0000016E
00000015
0000006C
FFFFFE49
FFFFFFF4
00000291
FFFFFE68
FFFFFF44
FFFFFEB0
FFFFFED5
0000006D
FFFFFEB8
000000DF
000000CB
FFFFFF33
0000011F
00000098
0000010E
00000040
FFFFFEFD
FFFFFEBA
FFFFFEA9
00000147
0000001D
FFFFFE53
0000002D
FFFFFEEE
FFFFFFBB
000000DC
FFFFFE81
FFFFFEBD
FFFFFF4C
000000AF
000001D9
000001B2
00000186
0000013E
FFFFFDAF
000000E0
FFFFFFF3
0000026B
FFFFFE8D
000001B3
FFFFFE84
00000144
FFFFFD34
00000155
00000155
0000000E
0000007F
FFFFFDF5
FFFFFEC4
000001F4
FFFFFE9D
FFFFFE2B
00000109
FFFFFDBC
00000034
FFFFFDC0
FFFFFD5D
FFFFFED3
FFFFFE84
FFFFFF03
0000007F
FFFFFF6F
000001C7
000001FD
FFFFFD28
FFFFFED6
FFFFFF80
0000000C
000000F5
FFFFFFBC
00000232
000000A8
00000039
FFFFFF67
FFFFFEDB
0000003D
FFFFFFFB
000001BD
FFFFFFDF
FFFFFE76
FFFFFE7D
000001FE
FFFFFE35
FFFFFF99
FFFFFF05
00000083
FFFFFE70
0000039A
0000010B
0000006B
000001C3
00000010
000001FD
FFFFFF46
FFFFFF9B
0000010E
0000010E
00000169
00000013
00000152
0000003A
000001E9
00000110
FFFFFFF7
000000AE
0000037F
00000114
00000336
0000003D
00000017
000000E6
00000113
0000029C
00000183
FFFFFEE7
FFFFFF1E
FFFFFFF6
00000158
FFFFFE66
00000064
FFFFFEFD
FFFFFF83
00000092
000001BF
0000004F
FFFFFF81
00000160
FFFFFEEC
FFFFFE42
FFFFFE5A
FFFFFF0C
00000247
FFFFFE8B
FFFFFFDA
00000180
00000166
FFFFFF81
FFFFFF55
00000115
FFFFFF4A
00000026
FFFFFDCD
00000091
FFFFFD9B
00000166
00000235
FFFFFEA0
FFFFFF00
FFFFFF9B
FFFFFE19
00000041
00000013
FFFFFECD
000000E8
FFFFFFC8
0000019C
FFFFFDDC
FFFFFFEC
000001B2
FFFFFF64
0000002C
FFFFFEBC
FFFFFCAC
FFFFFE07
FFFFFF52
00000029
FFFFFFB9
FFFFFE45
000000A6
FFFFFDA1
00000055
FFFFFF18
000001D1
FFFFFEB4
000000FB
0000000D
00000009
FFFFFF77
0000007C
FFFFFF19
000000E7
FFFFFEFA
FFFFFE85
FFFFFF16
000001FA
00000069
00000138
000001BB
FFFFFFD0
00000218
FFFFFFCB
00000033
FFFFFE87
FFFFFFCB
000001C7
FFFFFDE7
FFFFFF2F
FFFFFC6A
FFFFFF05
0000006D
000001BD
FFFFFF04
FFFFFF40
FFFFFFE3
FFFFFF1A
FFFFFDE9
FFFFFF06
000000A3
00000051
000000D8
00000212
FFFFFE87
FFFFFF42
00000118
FFFFFFCF
FFFFFF4C
000000D5
FFFFFEF5
000000F5
FFFFFFA2
FFFFFFD5
0000029B
FFFFFF18
FFFFFEA0
FFFFFF4A
000000E5
FFFFFF01
000000AD
FFFFFFCD
FFFFFDA2
FFFFFCA8
00000059
0000017B
0000012B
000002AB
00000122
FFFFFF1A
0000002E
0000023C
FFFFFFA6
FFFFFFCC
FFFFFE73
0000007F
000000B8
0000004C
000000EA
FFFFFECF
FFFFFE6F
00000294
000000B3
000000B2
FFFFFEA9
000002B1
00000185
FFFFFF6D
FFFFFFE5
0000018E
000001F6
FFFFFF83
FFFFFF53
FFFFFE09
FFFFFF08
0000006C
000000DF
FFFFFE9A
FFFFFD98
FFFFFDCB
FFFFFF94
00000029
FFFFFEDC
FFFFFFA1
0000013E
00000010
00000019
0000006D
00000158
FFFFFDE7
FFFFFF23
FFFFFD2D
FFFFFFB2
FFFFFF27
FFFFFF2B
FFFFFFCF
FFFFFD59
00000071
0000023F
00000137
FFFFFED2
00000186
000001C2
0000002B
00000248
FFFFFF4A
0000004A
FFFFFF11
FFFFFE9E
FFFFFDC3
000001A3
00000099
000001D5
00000149
000000CE
0000004F
FFFFFFDD
000000CA
00000139
FFFFFF0C
FFFFFE6A
0000014B
0000023E
FFFFFEFF
000000DC
FFFFFDFC
FFFFFE1D
FFFFFEEF
FFFFFFCB
00000200
000000DF
00000006
00000074
FFFFFE39
FFFFFFC5
00000032
00000110
0000021B
000001D5
FFFFFFF3
00000147
0000012E
0000018E
0000003D
0000006A
000000F5
FFFFFE8D
FFFFFFDA
FFFFFD98
FFFFFF45
0000001F
00000025
00000008
FFFFFE9E
FFFFFFA3
FFFFFFCC
0000014C
000000A9
0000032B
000000E2
FFFFFDD5
FFFFFF1C
FFFFFFF9
FFFFFF88
FFFFFF27
FFFFFE60
FFFFFF42
000000E0
00000004
00000008
FFFFFFA9
000001EE
0000017C
000001D1
FFFFFEF3
0000006C
00000101
00000345
00000307
000001CC
00000262
FFFFFF71
FFFFFF91
FFFFFF06
0000004A
000001A7
00000131
00000016
FFFFFE25
FFFFFE23
000000AD
000001F3
00000165
00000165
000000B3
00000066
FFFFFEE9
FFFFFFF1
FFFFFF5A
FFFFFE41
00000109
00000093
00000259
000001CF
000001C0
FFFFFFA4
FFFFFFCC
000001B2
00000149
00000000
FFFFFBD3
00000244
00000172
0000017F
00000152
FFFFFE50
0000006B
FFFFFCF8
00000142
000000B1
00000181
FFFFFF6A
000001A1
0000012B
FFFFFF92
FFFFFF5E
FFFFFE0D
FFFFFEE7
FFFFFE30
00000033
FFFFFF43
FFFFFEAC
FFFFFEBF
FFFFFDD2
FFFFFF2A
FFFFFFEA
FFFFFE4C
00000054
FFFFFFA3
FFFFFE47
FFFFFF28
FFFFFF0B
FFFFFF4A
FFFFFF70
FFFFFD24
000001E7
00000055
0000010A
000000DD
FFFFFD98
FFFFFE99
00000020
000000C9
FFFFFFF8
000000E0
0000033F
00000202
FFFFFF29
FFFFFED0
00000101
FFFFFEBD
0000018B
FFFFFF57
FFFFFE34
000000AC
000000DB
FFFFFDE8
FFFFFDC1
00000108
FFFFFF6A
00000087
FFFFFF3A
000001C5
000000AF
0000010E
00000000
000000F2
000001B4
00000155
FFFFFF74
00000119
FFFFFF61
0000009A
00000268
000001A9
FFFFFF87
000000B6
000000F5
000000E0
FFFFFF4B
00000156
00000111
FFFFFEA5
0000009B
000000D4
0000025F
0000016D
00000045
FFFFFF79
FFFFFD9E
FFFFFECB
000000B2
FFFFFFDB
00000196
00000114
FFFFFFEA
FFFFFFD6
FFFFFE3E
FFFFFF45
FFFFFE76
FFFFFEC1
000001A4
FFFFFEB8
FFFFFD88
FFFFFF1A
FFFFFF58
FFFFFEEB
00000058
FFFFFFDF
FFFFFFD5
000000EF
FFFFFE30
00000047
00000292
0000036E
00000278
FFFFFE73
FFFFFE3A
000001F3
000000F8
00000189
FFFFFF94
FFFFFEF8
FFFFFF76
FFFFFFCF
00000133
FFFFFE22
FFFFFFA6
FFFFFD6C
FFFFFDDA
FFFFFF29
FFFFFFFE
000001D8
FFFFFF38
0000000D
FFFFFF29
000000D8
000001FF
00000096
00000089
FFFFFF7C
FFFFFFF8
000001CE
FFFFFE23
FFFFFF42
FFFFFFFB
000000E1
FFFFFEAA
FFFFFFBE
FFFFFFC5
FFFFFF1C
FFFFFFEB
000001DD
FFFFFF0E
FFFFFD6B
FFFFFFF1
FFFFFF5E
FFFFFFA9
FFFFFFF4
FFFFFFC8
FFFFFFEE
FFFFFE02
000001C3
0000006F
FFFFFF5D
FFFFFDAD
FFFFFDB5
00000120
FFFFFF35
FFFFFEBE
FFFFFF89
FFFFFD4C
FFFFFF7E
FFFFFEEA
00000105
FFFFFF38
FFFFFECA
FFFFFF5E
FFFFFF2D
FFFFFF59
000000F1
FFFFFF20
00000055
FFFFFE8D
FFFFFF92
FFFFFE2E
000000E7
FFFFFEEA
0000018E
00000162
000000FF
000000F7
0000003F
00000084
0000002E
00000010
FFFFFD85
000000C1
FFFFFE6B
FFFFFF36
00000009
00000018
000000A0
0000003D
FFFFFFC2
000000CC
000000BE
FFFFFECE
FFFFFFE5
FFFFFECD
FFFFFF03
FFFFFFF8
00000075
00000142
0000001E
FFFFFF89
FFFFFDE8
FFFFFED7
0000002F
0000008C
0000008A
00000094
FFFFFFD3
FFFFFF82
000000A4
00000326
FFFFFE17
FFFFFE9A
00000108
0000001F
FFFFFE8D
FFFFFE68
FFFFFE75
000000F9
FFFFFF7E
FFFFFD1D
FFFFFFF7
FFFFFEF6
FFFFFDB2
FFFFFF1E
FFFFFF1A
FFFFFF0D
00000050
FFFFFF17
FFFFFED1
000000D0
FFFFFEBB
FFFFFFC9
FFFFFF68
FFFFFD2D
0000025D
FFFFFECD
0000026D
FFFFFC55
FFFFFD35
00000206
FFFFFF9C
0000003C
FFFFFF06
FFFFFEAE
FFFFFF83
FFFFFF1E
FFFFFCE2
0000002C
FFFFFF29
FFFFFE64
FFFFFD19
FFFFFD93
FFFFFDE7
00000011
FFFFFFF7
FFFFFEAF
00000039
FFFFFF00
00000149
FFFFFE0A
FFFFFFBB
00000017
000002F4
0000021C
00000000
00000001
0000004C
FFFFFEDC
000000EC
00000019
0000037E
000000BD
FFFFFFFE
FFFFFEC7
00000294
0000001B
FFFFFFDD
FFFFFCD1
FFFFFF13
00000228
0000015F
FFFFFFCA
FFFFFE05
FFFFFC8D
FFFFFE13
00000027
FFFFFE65
FFFFFDC7
0000009C
00000286
00000217
0000007C
FFFFFF48
00000064
00000029
FFFFFF71
FFFFFE0C
00000197
00000181
FFFFFFBE
FFFFFEB7
FFFFFE9E
FFFFFE6C
FFFFFFE6
00000241
00000062
FFFFFE41
FFFFFE2D
00000154
00000000
0000025E
00000148
FFFFFEDC
FFFFFE8F
000000E2
000000D5
FFFFFE97
FFFFFEFD
FFFFFEF8
00000259
000000C9
00000028
FFFFFF86
00000167
000001D7
FFFFFE5F
FFFFFF0C
FFFFFE70
FFFFFFC6
FFFFFFFC
FFFFFDAD
FFFFFF3E
FFFFFF92
FFFFFF4E
FFFFFFD0
FFFFFFC4
000001E1
FFFFFF79
000000FF
FFFFFD84
FFFFFE80
FFFFFFFE
0000028E
000000DB
00000074
FFFFFD4B
FFFFFF6F
FFFFFFC9
00000337
FFFFFF2D
00000146
00000250
00000016
00000269
000001C5
000000CB
FFFFFE71
00000389
FFFFFFF3
00000041
FFFFFF4B
FFFFFEBE
00000074
FFFFFDFC
00000012
FFFFFFC8
FFFFFFCC
00000281
000001F5
FFFFFEA8
FFFFFDA7
000000AF
0000025F
FFFFFFE9
00000061
FFFFFF27
FFFFFF4F
FFFFFF33
FFFFFFF6
FFFFFFA1
00000149
0000011A
FFFFFF80
FFFFFEBB
00000084
FFFFFFE7
00000180
FFFFFF8E
FFFFFD40
FFFFFDEC
FFFFFDC2
0000019E
000001B2
000000E6
000002D9
00000117
00000092
FFFFFF80
0000018E
000001FD
FFFFFF9E
FFFFFF70
000000DA
FFFFFFDF
FFFFFF62
00000110
000000EE
0000027A
00000058
FFFFFEA6
FFFFFF07
0000027E
0000003E
00000206
0000014C
FFFFFFA2
FFFFFF32
000001EC
00000263
FFFFFF80
0000017A
FFFFFFF7
00000038
FFFFFEA0
FFFFFFC2
00000070
00000056
FFFFFFB9
FFFFFE62
FFFFFD17
0000000E
0000005F
000000FA
FFFFFDB0
000000A6
00000305
00000018
00000328
00000006
0000000B
0000002A
FFFFFEAE
FFFFFF6C
FFFFFF39
FFFFFFD4
FFFFFECB
FFFFFD4A
FFFFFF46
00000077
00000144
00000172
000001F3
00000035
0000024B
000002EC
FFFFFF1D
FFFFFFB0
00000106
00000139
FFFFFF44
000000D1
000000C1
00000045
FFFFFF92
FFFFFFB8
FFFFFFB3
FFFFFF28
FFFFFE28
FFFFFF72
FFFFFF0E
FFFFFF5D
000000DC
00000159
00000161
FFFFFF6E
FFFFFF01
FFFFFFC7
000001FE
00000290
000000D7
0000012A
000000B3
0000008E
000001AF
FFFFFD63
FFFFFDFC
FFFFFFF1
FFFFFEAF
0000019C
00000153
0000021B
FFFFFED9
000000C2
00000067
FFFFFFE6
00000071
FFFFFF60
00000152
FFFFFDD9
FFFFFF1A
00000133
00000186
0000020A
00000089
FFFFFED9
0000001A
000000C2
FFFFFFF8
000001A0
FFFFFFFD
FFFFFDF6
000000E4
00000069
00000268
FFFFFFE6
00000136
FFFFFFE8
FFFFFE62
00000045
0000007B
00000009
FFFFFF8A
FFFFFF1B
00000215
000000CC
00000023
000000AC
000000AE
00000218
FFFFFFC2
000001F1
000000D7
FFFFFEF7
000002AE
FFFFFFE2
0000012A
FFFFFDF6
00000090
FFFFFFCB
000001D6
FFFFFF0B
FFFFFE84
0000002B
00000202
00000222
000000FA
FFFFFFAF
FFFFFEEA
FFFFFFB9
FFFFFE33
FFFFFEC6
0000013D
FFFFFD4B
00000178
000001CA
FFFFFF2D
FFFFFEB3
FFFFFD36
FFFFFED0
FFFFFFBA
00000081
FFFFFDED
FFFFFFA8
000001AD
000001C4
0000001E
00000166
FFFFFE5A
FFFFFD5D
FFFFFE00
FFFFFFAC
FFFFFF59
00000006
00000064
00000213
00000071
0000017C
0000004C
FFFFFF6C
FFFFFF86
00000148
000000EC
0000016E
00000039
0000006B
0000012B
FFFFFE8F
FFFFFF1C
000000BD
FFFFFF62
FFFFFE9B
FFFFFE9F
FFFFFF12
FFFFFEF2
FFFFFF8E
0000000F
FFFFFF34
FFFFFFCF
FFFFFFB0
FFFFFEFA
FFFFFF20
000000B1
00000119
FFFFFE2E
FFFFFF2E
000001C9
00000276
0000007C
FFFFFFDA
FFFFFF00
FFFFFE72
FFFFFD71
FFFFFE8E
FFFFFE40
FFFFFFEA
FFFFFFA5
FFFFFE14
FFFFFF8D
FFFFFCCE
FFFFFFFE
FFFFFCCD
00000094
0000001C
0000003D
FFFFFD0B
0000010D
000000E1
FFFFFF8B
FFFFFF4B
000000C6
FFFFFFB1
00000048
000001CC
FFFFFDF8
FFFFFF76
FFFFFDA8
00000026
FFFFFEF9
00000004
000000A1
FFFFFC75
FFFFFD30
FFFFFF43
00000098
00000001
FFFFFE4A
0000000D
FFFFFF7D
FFFFFDEC
00000011
FFFFFE2B
FFFFFDE0
FFFFFF9B
0000013C
0000000F
FFFFFF65
FFFFFFC9
FFFFFFAC
00000164
0000000E
FFFFFFB9
FFFFFF5C
00000051
00000109
00000093
000001AE
FFFFFDC8
FFFFFE20
000001C0
000002B8
000000DB
FFFFFF9F
FFFFFE4D
000000BA
000000B4
000002C0
00000058
0000006C
FFFFFE3A
000002BF
00000426
00000344
FFFFFEAE
FFFFFF4C
FFFFFEC1
00000303
0000028F
FFFFFFAC
FFFFFEB6
FFFFFDEC
FFFFFE74
00000341
000002C8
000001E5
000001E4
FFFFFFC1
00000275
00000135
FFFFFF94
00000349
FFFFFD64
FFFFFE79
00000141
00000179
FFFFFF04
FFFFFECD
FFFFFE8C
FFFFFF03
FFFFFDAD
FFFFFD22
0000016F
FFFFFEF2
000000DA
FFFFFCD1
FFFFFEF2
FFFFFF0F
00000084
000000EF
000002A2
00000003
000000A2
FFFFFF4A
FFFFFF02
FFFFFE40
0000002E
000000FB
000001C5
FFFFFDF4
0000015F
000002A0
000002FD
00000310
FFFFFF9E
FFFFFF86
FFFFFF5A
FFFFFE33
00000266
00000123
FFFFFFAB
0000018B
000001F9
FFFFFE28
FFFFFFFB
00000352
000001B3
00000107
0000029F
FFFFFFAB
FFFFFF0E
00000032
FFFFFE41
0000005E
0000015C
0000031A
FFFFFE2F
FFFFFF48
FFFFFC1E
0000002C
FFFFFC7F
FFFFFEA7
FFFFFF9D
FFFFFB8C
FFFFFF4D
FFFFFDFC
FFFFFE90
FFFFFF48
000000BC
FFFFFF14
0000006E
FFFFFF2C
FFFFFC68
00000085
00000076
FFFFFFA5
00000073
FFFFFF94
00000022
FFFFFEB5
000001AA
000001CC
000001C1
0000032C
0000005C
FFFFFDBF
FFFFFDFC
FFFFFFC6
00000159
0000021E
00000252
FFFFFEA3
FFFFFD8F
000000D1
FFFFFCBB
FFFFFE79
FFFFFBD3
000000BF
FFFFFF28
00000136
0000002A
FFFFFDB5
FFFFFE76
FFFFFEFA
0000012A
00000275
0000029F
FFFFFF55
FFFFFDB9
0000016B
FFFFFE38
FFFFFFB4
FFFFFEE1
00000391
000000C9
00000273
00000042
FFFFFE37
00000106
000000C7
FFFFFF86
FFFFFD53
FFFFFEDE
FFFFFD82
000000C1
FFFFFF3B
FFFFFE61
000000BD
FFFFFE80
FFFFFF7A
0000001E
FFFFFD90
FFFFFFD4
FFFFFE62
FFFFFEA0
FFFFFEDF
FFFFFF34
000002B4
00000186
FFFFFFAA
0000016F
FFFFFEFE
00000286
FFFFFE13
0000016E
FFFFFFA4
FFFFFF4B
00000049
00000258
00000168
FFFFFFBF
FFFFFE7A
00000266
0000026C
0000017D
000000B6
FFFFFFE7
FFFFFD6E
000002AE
FFFFFCC4
FFFFFE1B
FFFFFD55
FFFFFD77
00000062
00000030
FFFFFEFA
00000124
FFFFFD63
0000012E
000000BA
000000F5
00000046
FFFFFDFF
FFFFFE34
000000BE
FFFFFDCD
000000D9
FFFFFFF0
000000CC
000000D1
000001A9
FFFFFED3
0000015C
00000251
000002E3
000003E5
0000011A
000000DA
0000023D
FFFFFF04
0000025B
FFFFFDC8
FFFFFFBD
FFFFFCF6
000000CF
00000095
FFFFFE13
FFFFFEAA
FFFFFE1F
FFFFFF46
000001CD
FFFFFF14
0000029C
00000072
0000006F
0000005E
000002CE
00000022
FFFFFE6F
0000021A
00000027
FFFFFF82
000002EF
0000021E
0000008C
FFFFFFC5
00000274
FFFFFEE8
FFFFFBD2
FFFFFCD1
FFFFFDC5
FFFFFE53
000001F1
FFFFFF07
FFFFFE8D
FFFFFDAE
FFFFFD79
0000011F
FFFFFE29
FFFFFE5D
FFFFFE74
FFFFFFEB
00000066
0000000A
FFFFFE01
0000003F
00000173
FFFFFE59
0000009F
FFFFFF70
FFFFFE23
000002D8
FFFFFF1B
00000027
00000225
FFFFFF66
0000011B
000001F4
FFFFFEE0
00000199
00000219
FFFFFE07
FFFFFE21
FFFFFF40
000002D2
0000024C
FFFFFEF5
0000008E
FFFFFFF2
000003A7
000002DB
FFFFFF1E
000002C8
FFFFFE43
0000012A
FFFFFE0A
FFFFFE49
FFFFFCE2
FFFFFCDE
FFFFFFFF
FFFFFE84
FFFFFE36
00000184
00000390
FFFFFFAF
0000038B
0000027E
FFFFFF96
00000045
00000284
000002F5
00000081
00000205
00000081
0000020E
000000B9
00000134
000001AF
FFFFFFD3
FFFFFF7C
00000022
000001ED
FFFFFF53
FFFFFFD6
0000017E
0000034C
FFFFFFD6
000000CF
FFFFFFDE
FFFFFE8B
FFFFFFDC
FFFFFE97
FFFFFDB9
FFFFFC5F
000000D7
00000223
00000112
FFFFFE8F
0000020F
0000031D
0000023D
FFFFFEDD
FFFFFF8C
FFFFFF92
0000009B
000000A2
000002A0
FFFFFECC
FFFFFF7F
000001E5
FFFFFFDB
0000016E
FFFFFFD8
000002C3
00000068
FFFFFE45
000000BF
00000337
00000245
000001E5
00000162
000001F8
0000027F
FFFFFF6E
FFFFFFAD
FFFFFFA4
00000008
FFFFFE42
000000F5
0000007B
FFFFFE22
0000003A
FFFFFD2D
FFFFFF53
FFFFFE98
FFFFFE82
FFFFFC4D
FFFFFEA5
00000066
FFFFFE23
FFFFFE56
FFFFFF92
000000B1
FFFFFE62
FFFFFEC6
FFFFFF5B
FFFFFF2A
000000A6
FFFFFDD2
FFFFFF02
00000098
FFFFFDB9
FFFFFDD5
FFFFFFAD
FFFFFD53
00000250
00000238
000000A6
FFFFFDFB
FFFFFCE9
FFFFFD95
000000E0
FFFFFF13
FFFFFEF0
00000099
FFFFFE3F
FFFFFF36
00000173
FFFFFF66
0000016E
0000019B
0000035C
00000356
000002A6
FFFFFE86
FFFFFEAE
0000017B
00000432
FFFFFFDE
0000013E
FFFFFCCA
FFFFFE6A
00000070
FFFFFDBD
00000076
FFFFFEF4
00000192
00000208
00000029
0000014F
00000121
0000028E
FFFFFF78
00000228
000000E3
000000BE
FFFFFFBE
00000185
0000019D
000003FD
FFFFFFB5
000003BF
0000019E
00000026
0000000D
0000033B
0000028B
FFFFFFF1
FFFFFFF0
0000024A
00000314
00000348
000001CC
000001E2
FFFFFEF2
FFFFFD5A
0000028F
FFFFFF0A
FFFFFFB5
000001A9
FFFFFE29
00000013
FFFFFFBF
FFFFFFA4
FFFFFE9A
FFFFFD48
FFFFFF7C
FFFFFFFB
0000019C
00000258
FFFFFFDC
FFFFFDD9
FFFFFD02
FFFFFD67
FFFFFE44
FFFFFCE4
00000077
FFFFFF76
FFFFFD80
000000E7
000000BF
0000001F
000000F7
000001DE
FFFFFE5B
00000150
0000023F
FFFFFDD5
00000277
FFFFFFAB
FFFFFF57
FFFFFEC8
FFFFFD29
0000002C
0000009B
FFFFFF7A
000001C3
000000F3
00000028
FFFFFF55
FFFFFF82
00000124
FFFFFE67
000000D3
FFFFFE52
FFFFFF87
FFFFFF5D
00000154
000001A8
FFFFFFFD
FFFFFF45
FFFFFF91
00000008
00000230
0000015C
FFFFFF6F
000003FB
000002CB
00000075
FFFFFD2F
FFFFFF73
FFFFFEDF
FFFFFFD0
FFFFFE38
FFFFFDCC
FFFFFE4D
FFFFFE07
FFFFFF37
FFFFFD57
000000BC
FFFFFFA0
FFFFFF41
FFFFFE55
FFFFFE10
FFFFFF6F
00000034
0000005D
FFFFFFAC
00000274
000001DF
0000031F
00000234
FFFFFE4A
000001EF
00000257
FFFFFE50
FFFFFFC1
FFFFFF7D
000002F9
000001B8
0000024A
0000016F
FFFFFE43
FFFFFE20
FFFFFD21
FFFFFE03
FFFFFD25
00000104
FFFFFD5E
000000A7
FFFFFD57
FFFFFF1F
00000065
000001B8
00000074
00000120
FFFFFE0A
FFFFFD44
FFFFFF32
FFFFFED3
00000079
FFFFFF0E
FFFFFFC7
00000141
00000104
00000243
FFFFFD3D
00000140
FFFFFF3F
000000B0
FFFFFF29
FFFFFEAF
000000D5
00000218
000002F5
00000256
000000AB
000000A8
0000022D
FFFFFFDE
FFFFFEA7
00000151
FFFFFEAF
FFFFFFB7
FFFFFE94
00000152
000000EA
000000F6
000000EB
FFFFFF29
000000BC
FFFFFF90
FFFFFF72
00000108
000000B6
FFFFFD39
000000D3
FFFFFEEF
FFFFFEF3
FFFFFF1C
FFFFFF02
FFFFFF71
00000127
0000007A
FFFFFF90
FFFFFFCE
00000179
00000091
FFFFFEBD
FFFFFEB7
00000137
000001E3
00000012
FFFFFFAD
00000032
FFFFFF08
FFFFFEB7
00000134
FFFFFF5F
0000003F
FFFFFC45
000000C2
FFFFFF4B
000000E3
FFFFFF32
FFFFFF81
FFFFFF43
00000067
FFFFFEDE
000000DD
00000068
00000078
00000194
00000125
FFFFFDDA
0000007B
0000002A
0000017A
FFFFFFBE
FFFFFFB9
000000D0
000000BD
FFFFFF94
00000134
FFFFFF99
FFFFFE75
0000008B
0000000E
FFFFFFDB
FFFFFDFA
0000010E
FFFFFDEA
FFFFFE52
FFFFFE78
00000116
FFFFFF79
FFFFFDF8
00000047
FFFFFDAA
FFFFFD93
FFFFFC48
FFFFFFCD
000000DF
FFFFFD4D
FFFFFDEF
FFFFFFDA
FFFFFC9B
00000013
FFFFFF75
000000E2
00000149
000002C3
FFFFFF0E
00000002
00000243
000002A3
FFFFFEBE
0000004A
000000D7
00000258
0000018F
000001C9
00000039
FFFFFF50
000002C3
FFFFFFC0
00000134
00000376
00000139
0000004E
00000191
FFFFFF15
FFFFFF02
FFFFFDB1
000000AE
FFFFFFB1
000000E5
FFFFFFAB
0000026E
0000017D
0000004F
FFFFFFA6
00000026
FFFFFF50
FFFFFE94
FFFFFD94
FFFFFDAA
FFFFFF83
FFFFFF81
000000F0
FFFFFE26
FFFFFFDA
FFFFFF67
FFFFFCCF
000001A1
000002E0
0000001E
0000029C
000001AB
000000AE
00000224
FFFFFE71
FFFFFE1F
000000BC
00000126
00000005
FFFFFF15
FFFFFF0B
00000166
000001B5
00000051
FFFFFFD6
FFFFFF75
0000021F
FFFFFFC1
000000C6
000001D8
0000006B
000000B2
FFFFFF3D
FFFFFE1E
000000EB
FFFFFE49
0000020A
FFFFFFD1
000000CE
FFFFFF8E
FFFFFE95
FFFFFF3C
FFFFFDFB
FFFFFF7B
00000225
000000A9
00000045
FFFFFE73
FFFFFF6E
00000186
FFFFFFB1
FFFFFD92
0000012B
00000254
FFFFFF98
000000D4
000000DE
000002F5
000000A8
FFFFFF78
FFFFFF7D
00000026
00000318
00000012
00000195
00000073
FFFFFE73
0000003F
00000018
00000160
00000328
FFFFFF1C
FFFFFEC0
FFFFFF4C
00000117
0000017A
FFFFFEF1
FFFFFE85
FFFFFEA4
FFFFFF3C
FFFFFE63
FFFFFE47
000002A8
FFFFFF55
00000005
FFFFFFC3
FFFFFFE6
000000D4
FFFFFE02
00000040
0000011A
FFFFFD67
000001AF
FFFFFD35
00000061
0000019D
FFFFFEED
0000014A
FFFFFE26
00000287
FFFFFF13
00000115
000000F4
FFFFFF5D
FFFFFF59
FFFFFDC9
FFFFFE8E
FFFFFF8D
000000BD
0000004E
FFFFFE31
000003DC
FFFFFDE0
FFFFFF9B
000000E8
00000064
0000000E
000000D8
00000060
FFFFFCE6
000000D1
FFFFFD59
FFFFFE0D
FFFFFF57
0000019C
00000038
FFFFFE64
00000038
FFFFFDC2
0000008F
00000211
00000123
FFFFFF53
FFFFFDA9
FFFFFDA4
00000360
0000016A
0000004E
000002D8
00000256
FFFFFFD6
000000EE
00000106
00000280
FFFFFF43
00000179
FFFFFF3D
00000103
0000010B
FFFFFE97
00000172
000000A0
FFFFFFDE
0000008C
FFFFFE76
FFFFFDB3
00000199
FFFFFCF7
FFFFFEB1
FFFFFE99
00000021
0000010C
00000218
FFFFFE8E
FFFFFE43
00000272
FFFFFFB7
000001B1
0000012F
0000000C
00000183
00000235
000000F4
000000DA
FFFFFE28
000001F5
000001CE
00000097
00000044
000001D1
FFFFFEC1
000000FF
FFFFFE7F
000001F0
0000024D
FFFFFF7B
00000138
00000079
FFFFFDA2
FFFFFEC3
000000FD
FFFFFDE0
FFFFFD63
FFFFFD1D
00000016
FFFFFEAD
00000006
00000083
000000A0
00000084
00000340
FFFFFDB5
00000178
FFFFFF2C
000001B5
0000009A
000001C1
0000002D
FFFFFF40
FFFFFD58
0000006E
000001A9
FFFFFF2C
0000016F
000000F3
00000192
FFFFFE5B
FFFFFF55
00000290
0000009F
0000045E
00000278
00000298
000000A5
00000227
FFFFFFF5
0000013E
FFFFFFE3
00000024
FFFFFF2B
FFFFFEAA
00000052
0000001A
000001FB
0000014E
00000105
FFFFFFCA
FFFFFF85
FFFFFFA1
0000002C
0000027A
FFFFFFB2
00000055
FFFFFEA9
0000000B
FFFFFF08
0000006B
000002AC
000003AA
000002E0
FFFFFF99
FFFFFF4C
00000061
000000BC
000000F4
0000011D
0000008C
00000190
0000000D
00000085
00000040
FFFFFC90
FFFFFE9C
FFFFFD2E
000001B3
FFFFFE12
FFFFFFAF
FFFFFDFB
00000110
0000000B
00000161
000000D0
00000199
FFFFFF0E
00000053
0000005D
0000020C
FFFFFFA8
00000322
00000098
00000110
000000F9
0000001A
000000E9
FFFFFEF5
00000229
000001DF
FFFFFEC9
00000282
00000089
FFFFFF08
00000114
000000F1
00000081
FFFFFF32
FFFFFF99
000000CB
00000250
0000003E
0000014F
000001CF
000001AD
0000032E
FFFFFF48
FFFFFF95
FFFFFF16
000000CC
0000007D
0000019F
0000020A
FFFFFF8E
FFFFFDC3
00000178
0000005E
000000AD
FFFFFF76
00000154
FFFFFF0F
0000032E
00000229
000000D4
FFFFFFBF
000002AB
000003F1
0000007C
FFFFFF5D
FFFFFF37
00000207
0000017B
0000025E
FFFFFFD4
000001BA
00000006
FFFFFD84
FFFFFEA5
FFFFFE59
00000170
00000282
FFFFFEFD
0000011F
000001CE
FFFFFFE9
FFFFFF9A
00000168
00000017
00000071
000001BB
00000303
00000241
FFFFFF86
0000023A
0000005D
FFFFFFF8
0000012A
000000E9
FFFFFE2B
0000020A
000000EB
FFFFFE0C
FFFFFFFF
FFFFFF6F
00000000
000001C9
0000002C
00000095
0000017F
FFFFFD9A
00000083
FFFFFDB4
FFFFFD80
000001E1
FFFFFDDE
FFFFFD9E
FFFFFED2
FFFFFED2
0000018F
FFFFFE8D
00000157
FFFFFF7E
FFFFFE07
00000073
000000C9
0000003C
FFFFFE14
FFFFFDFE
000000C9
FFFFFEC2
FFFFFCE2
FFFFFD43
FFFFFE33
00000180
0000000D
FFFFFEB9
FFFFFCF4
FFFFFF87
0000012C
FFFFFF79
FFFFFEF6
FFFFFD61
FFFFFECE
FFFFFFB1
FFFFFE30
FFFFFD45
000001A7
FFFFFE05
0000013E
0000033E
FFFFFF00
0000009F
00000024
FFFFFEF4
FFFFFFEF
0000019C
0000018D
000003D4
000000A5
000000CD
FFFFFF67
FFFFFFFF
00000064
000000AA
FFFFFF15
00000081
000002B6
000000FF
FFFFFF9A
000000BB
00000154
000000E9
FFFFFEFF
00000292
FFFFFDC1
0000002B
FFFFFCF2
000000AB
00000159
FFFFFE23
00000085
FFFFFFA4
00000019
00000097
00000025
0000007B
FFFFFD05
000000CB
FFFFFE45
0000008C
FFFFFD47
FFFFFED9
FFFFFEFB
FFFFFEC3
FFFFFE19
000000FB
FFFFFD88
FFFFFEA8
FFFFFFB3
FFFFFF3F
FFFFFB72
000001C2
FFFFFED6
000001CC
FFFFFEAD
00000041
FFFFFE44
00000245
000001E9
FFFFFF29
FFFFFEF2
0000012B
0000001B
00000145
FFFFFFB2
00000034
FFFFFE8D
FFFFFFB8
FFFFFFBB
FFFFFE0B
0000008B
FFFFFFA2
FFFFFD64
FFFFFD2F
000000BE
0000009D
FFFFFD2B
FFFFFD92
00000363
00000267
0000023D
FFFFFF9A
FFFFFE47
0000010C
00000042
00000174
00000000
FFFFFC00
FFFFFDDF
FFFFFF46
FFFFFEC1
00000169
FFFFFF99
FFFFFE5C
FFFFFEB0
FFFFFF7C
000000C4
00000148
FFFFFE8E
0000008D
FFFFFF13
00000074
FFFFFD8A
00000081
FFFFFDFA
00000129
00000150
00000099
FFFFFF04
FFFFFF76
FFFFFEA0
FFFFFF75
000002A7
FFFFFE00
FFFFFF1C
FFFFFEB5
00000036
FFFFFEBE
FFFFFF60
FFFFFF94
0000004D
FFFFFD6B
FFFFFDF2
000000BE
FFFFFCB5
00000146
FFFFFFB9
FFFFFE0A
FFFFFEE7
000000A1
FFFFFEA0
000001B1
FFFFFE32
FFFFFE81
FFFFFEA7
000000FE
FFFFFEE7
000000FF
FFFFFF3A
FFFFFE69
00000128
FFFFFF2D
000000D0
FFFFFD7F
FFFFFEF2
FFFFFD44
FFFFFBDA
FFFFFFB8
0000006A
FFFFFE42
00000010
00000110
FFFFFEDB
000000B9
FFFFFE80
00000003
00000248
000000CB
FFFFFE16
00000125
00000071
FFFFFE02
FFFFFEC4
FFFFFEC6
000000FC
FFFFFE0C
000000D3
FFFFFDE8
000001D4
000000EB
00000031
000000EC
000001D6
00000219
00000275
FFFFFF0C
FFFFFF5F
0000003D
0000003D
0000015B
000000FB
FFFFFF18
000000B5
FFFFFD0A
FFFFFF64
00000008
0000029B
000001DE
0000005A
00000056
00000009
000000E3
00000042
FFFFFE83
000000D3
FFFFFF37
000001E3
0000004B
FFFFFF3D
00000138
0000007D
000001D5
FFFFFFBD
FFFFFFC8
FFFFFF78
000001C1
0000025A
FFFFFF25
FFFFFF2B
FFFFFF2D
FFFFFE12
0000006C
00000179
FFFFFE59
FFFFFF44
FFFFFD94
FFFFFF84
FFFFFF65
FFFFFDC8
FFFFFF3C
FFFFFE91
FFFFFE32
00000000
FFFFFF4D
00000077
FFFFFE91
FFFFFF0C
0000002F
00000027
00000041
FFFFFFEE
FFFFFF97
000001D6
000000B6
00000177
00000186
00000126
00000065
00000256
00000119
FFFFFF39
FFFFFF14
FFFFFF4C
FFFFFF04
000000A2
FFFFFC9C
FFFFFF01
000000D1
FFFFFFF7
FFFFFD93
FFFFFF02
00000009
000000B9
FFFFFFF7
000000EB
000000E9
000001C3
000000CD
0000006A
00000159
FFFFFE99
FFFFFF02
000000FB
00000072
FFFFFF81
000001CE
0000015C
FFFFFF83
000002AE
0000020A
00000152
FFFFFF42
00000103
00000025
0000021A
FFFFFF9F
FFFFFFF4
000000CD
000001C0
00000222
00000191
00000316
FFFFFEC8
0000001C
000002DC
0000027F
0000012D
000000BE
FFFFFF12
000001C8
00000271
0000016D
000001A0
00000189
FFFFFEB9
FFFFFC49
0000004B
00000014
00000282
000000D8
00000007
FFFFFDC4
FFFFFE77
00000078
000001D0
00000229
00000179
000000C0
0000016F
FFFFFE8E
000001D9
0000003F
FFFFFF58
FFFFFFD8
FFFFFCE6
00000014
000000E0
0000012C
000000DF
FFFFFD83
00000046
00000025
FFFFFF4E
0000003E
000000C9
FFFFFF2E
FFFFFF21
000000A1
FFFFFFFE
00000191
FFFFFE9F
0000012A
FFFFFF65
FFFFFF8A
0000019E
000002C6
000000BD
FFFFFFE5
00000046
FFFFFEF0
FFFFFF64
00000119
000000CD
00000090
FFFFFFF3
00000186
00000062
000001E0
FFFFFF35
FFFFFF61
FFFFFD53
0000028F
FFFFFF28
FFFFFF78
FFFFFE25
FFFFFF5E
000001FB
FFFFFDEC
000000E6
FFFFFEC3
FFFFFFE5
FFFFFDD4
FFFFFCEA
000000CE
FFFFFECD
FFFFFE4A
FFFFFF76
00000003
00000249
0000011B
FFFFFEDD
00000131
00000083
FFFFFFE3
FFFFFF3B
FFFFFEDD
FFFFFC0B
FFFFFF28
FFFFFCDB
00000080
FFFFFF03
FFFFFD81
FFFFFDB1
FFFFFCE5
FFFFFFC2
00000175
0000008D
00000215
00000233
FFFFFF81
0000002E
00000186
00000132
FFFFFE9B
00000079
000000A6
00000009
00000038
FFFFFF77
0000023C
000000A6
FFFFFEA9
FFFFFEA5
0000005D
FFFFFE14
FFFFFFC9
FFFFFEC1
00000169
FFFFFE4A
FFFFFF8B
FFFFFF8B
FFFFFE4B
FFFFFFEA
FFFFFDF6
00000141
000000D0
FFFFFF0C
FFFFFCFF
FFFFFF48
FFFFFCB6
FFFFFE53
00000056
FFFFFF0E
00000009
00000154
000000EF
00000294
FFFFFFF4
FFFFFEF7
00000022
00000048
FFFFFE9C
0000002D
00000123
000000FF
00000046
00000186
000000C6
FFFFFF3C
000000BB
00000150
0000017F
FFFFFF9E
FFFFFEEF
00000089
00000117
00000058
FFFFFFD9
FFFFFFCF
00000185
0000007F
FFFFFDBE
FFFFFFB5
FFFFFEFA
FFFFFF07
FFFFFFBF
000000E8
000002F1
00000104
000001A5
00000050
000002A7
000001AC
00000161
00000222
FFFFFF82
000000DC
0000013E
0000009B
FFFFFE21
00000153
FFFFFFC0
FFFFFE61
000000DC
00000164
FFFFFF68
00000076
00000214
00000058
FFFFFF72
000001D4
000000D8
00000022
FFFFFE31
FFFFFD19
00000018
FFFFFF5B
00000086
0000017C
00000092
FFFFFEE3
FFFFFDC1
00000021
FFFFFF02
FFFFFED6
FFFFFD82
000000EF
FFFFFF15
FFFFFE39
FFFFFD44
FFFFFECE
00000070
FFFFFE72
FFFFFE48
000000C4
000002D3
FFFFFFCB
00000311
000001F3
0000014F
000000BF
FFFFFE19
FFFFFF25
FFFFFD20
FFFFFE82
FFFFFEDD
00000146
FFFFFE1B
FFFFFE44
FFFFFF77
0000009D
00000120
FFFFFFD5
FFFFFF34
00000055
FFFFFEDA
FFFFFE85
FFFFFFD2
FFFFFE35
FFFFFEB0
FFFFFE8C
00000134
FFFFFF9B
FFFFFE81
00000111
000001BF
000000D1
000001C7
000002C3
FFFFFFD2
FFFFFF93
000000EE
FFFFFFF4
FFFFFD45
FFFFFFFD
FFFFFE50
FFFFFF74
00000273
FFFFFFD0
000000F2
FFFFFE3F
FFFFFE85
FFFFFEE6
FFFFFE34
000001F9
FFFFFF92
FFFFFDF6
FFFFFECB
FFFFFFFE
00000170
0000028C
00000038
00000081
000001A0
FFFFFDED
FFFFFF04
000000B6
FFFFFE34
000000D9
00000001
00000023
000001BA
0000000B
000000C6
FFFFFF82
0000019D
0000042B
000002B1
FFFFFF30
000002B9
00000096
000001E5
FFFFFF2D
FFFFFE5C
00000056
FFFFFF89
00000173
0000016D
00000124
FFFFFDEB
FFFFFEE8
FFFFFE51
000000C1
00000056
000000C9
FFFFFE8A
FFFFFE8C
FFFFFEF0
0000008D
0000010B
FFFFFEE7
FFFFFEE8
000001BA
FFFFFF73
000000B6
000000EE
000001B9
0000028B
00000272
00000038
FFFFFF49
000000EB
FFFFFF24
000001F6
FFFFFE57
FFFFFF28
FFFFFFB3
00000031
FFFFFECB
FFFFFCC0
FFFFFE21
FFFFFE79
FFFFFD6C
FFFFFD80
FFFFFEDF
FFFFFEF7
FFFFFF19
FFFFFF79
000000B0
FFFFFF12
FFFFFDC5
0000002E
FFFFFD5E
FFFFFD79
FFFFFDB8
00000029
FFFFFFFE
000002FE
00000121
FFFFFFAA
FFFFFE17
FFFFFFAD
000001F3
0000015C
FFFFFE35
FFFFFE50
FFFFFC6B
00000078
FFFFFCC5
FFFFFD00
FFFFFF2A
FFFFFD27
FFFFFF07
FFFFFCB3
000000F4
000001F1
FFFFFFF7
FFFFFEBE
00000073
FFFFFF66
000001B5
00000123
0000031A
FFFFFBC0
FFFFFF51
FFFFFDC4
FFFFFFCC
FFFFFF59
00000180
FFFFFDD7
00000022
000000EB
FFFFFF47
00000154
FFFFFECB
FFFFFC8E
FFFFFD6D
000000C0
FFFFFD48
FFFFFEB9
FFFFFE18
FFFFFEA6
00000043
0000002C
FFFFFF9D
00000199
FFFFFE90
FFFFFF7F
00000276
FFFFFDDE
00000091
FFFFFDE9
00000231
FFFFFEAF
FFFFFD8A
FFFFFE92
000001D8
FFFFFF31
FFFFFF15
0000023F
FFFFFD19
00000187
FFFFFF83
FFFFFEE6
00000312
FFFFFE81
FFFFFE02
0000009F
000000F9
0000021E
FFFFFE89
00000025
FFFFFF97
FFFFFF4E
000001AE
00000166
000000D7
FFFFFDE7
FFFFFDA3
00000005
FFFFFFF9
FFFFFF82
FFFFFDCA
FFFFFFE0
FFFFFD27
FFFFFE9B
FFFFFF03
0000020C
FFFFFEDC
000000A6
0000026F
0000025E
00000237
000000A3
00000066
FFFFFDA6
FFFFFC8C
FFFFFF6F
FFFFFF39
0000004B
000000C4
FFFFFE8A
0000007A
FFFFFED5
FFFFFFB0
0000006E
00000088
FFFFFE89
0000007F
0000017E
0000019D
FFFFFFE0
FFFFFF6E
00000021
00000190
0000027E
00000080
00000129
000000D1
000001A5
FFFFFF80
FFFFFF77
000000F6
FFFFFFB8
00000071
000000FF
00000134
FFFFFF05
00000044
FFFFFD8B
0000002C
00000098
0000007B
FFFFFFFF
00000242
0000008D
FFFFFDE5
000000BE
000000DD
FFFFFE85
00000258
00000319
0000013A
00000051
FFFFFF4B
FFFFFEE9
FFFFFDC1
FFFFFFC2
FFFFFDED
00000049
FFFFFD58
FFFFFE4D
FFFFFE6A
FFFFFDF9
FFFFFD97
FFFFFEA0
FFFFFF24
FFFFFC3C
000001C6
00000270
00000138
FFFFFF50
FFFFFF11
000001C4
FFFFFEEB
FFFFFE8A
00000284
00000266
00000030
00000196
0000026F
00000037
FFFFFF1C
0000013B
00000006
0000035F
FFFFFEC1
FFFFFE19
000000FE
FFFFFDD8
FFFFFF07
FFFFFE55
FFFFFEEB
0000011B
FFFFFE79
0000009B
00000008
0000019A
00000290
FFFFFEC8
000001B0
0000012C
0000010D
000002C4
FFFFFF73
0000001F
FFFFFEBA
FFFFFE64
000001E7
FFFFFDBE
FFFFFFAB
0000032D
FFFFFE53
FFFFFF8D
00000019
FFFFFF2F
FFFFFF87
FFFFFFEC
FFFFFE0F
00000095
0000020B
FFFFFFB8
0000001F
000001E7
00000142
FFFFFE40
00000016
000000D6
FFFFFE09
00000135
FFFFFE88
000002CF
00000007
00000115
000001CA
000001D4
0000007C
FFFFFE6F
000001F6
0000011B
FFFFFE1B
00000264
000000B2
000001F0
000002F9
000001BB
00000164
00000178
0000020A
00000061
FFFFFEE1
FFFFFED0
00000252
00000356
00000016
FFFFFF4F
FFFFFDE1
FFFFFFF4
0000007C
FFFFFF87
FFFFFF36
000000D0
0000013E
FFFFFDAE
00000048
00000109
00000087
000003DE
00000022
000001E3
FFFFFFBF
00000360
000001CC
000000FB
FFFFFFDC
0000013F
0000003E
000003D4
00000269
0000035E
000003BD
FFFFFF2C
00000333
000003D4
FFFFFFBA
FFFFFE88
00000135
FFFFFF06
FFFFFFCA
00000040
FFFFFF46
000000ED
00000032
00000138
FFFFFC63
000001C9
FFFFFEC4
FFFFFFA4
FFFFFEA7
FFFFFFFF
00000180
FFFFFFF9
FFFFFF2C
000002B0
FFFFFF7F
0000000F
000002C4
000001AA
FFFFFF91
FFFFFEAF
FFFFFE7F
FFFFFE5B
FFFFFEAF
FFFFFF30
00000199
000001BC
00000238
00000132
FFFFFF04
FFFFFD79
00000069
FFFFFEE0
FFFFFE41
FFFFFD78
FFFFFD4B
00000058
FFFFFDEC
FFFFFFB6
00000018
FFFFFFD7
00000070
FFFFFE1E
FFFFFD5F
0000007A
FFFFFFD1
0000008B
000000C6
FFFFFDC0
FFFFFF4A
00000244
FFFFFEF2
00000011
000001E2
000002EA
000000ED
0000036E
0000033E
0000014B
FFFFFE7C
FFFFFEAC
00000146
FFFFFD8E
FFFFFF13
FFFFFEF2
000000C5
FFFFFDED
00000171
FFFFFE47
FFFFFCFF
FFFFFF11
00000071
FFFFFE6C
FFFFFD56
FFFFFD1A
FFFFFF63
FFFFFFFB
000001C0
000001A0
00000260
000002E8
000001CA
00000127
000001FD
0000000A
0000036C
000001A2
FFFFFF25
FFFFFE90
0000020D
FFFFFE2E
FFFFFDCB
00000018
00000085
0000009C
FFFFFD29
FFFFFF82
FFFFFC9C
000000A1
FFFFFEC9
FFFFFB8B
FFFFFF6D
00000087
FFFFFCC9
FFFFFE61
FFFFFFDF
FFFFFF27
0000029A
FFFFFD77
000001F3
FFFFFFD4
00000021
FFFFFEED
FFFFFF4A
00000120
0000004B
FFFFFFC2
FFFFFE2B
FFFFFEF6
FFFFFFE6
0000012E
00000103
00000052
FFFFFCB7
000000C6
00000027
FFFFFD13
FFFFFD85
FFFFFC11
00000053
000000E9
00000205
000002D7
00000376
0000037E
000000E5
000000B8
0000013A
000000EE
000002B5
FFFFFDAB
FFFFFDF8
FFFFFE8D
FFFFFF3E
FFFFFE69
FFFFFE23
FFFFFC3F
FFFFFF9C
FFFFFF23
0000003A
FFFFFF14
00000285
000001F5
000000E5
0000027C
FFFFFE15
FFFFFFB6
FFFFFFFB
FFFFFE58
FFFFFFA5
FFFFFDD2
0000000E
000001C7
FFFFFD25
000001E3
000000A7
0000007B
FFFFFBDB
FFFFFDE0
FFFFFEF8
00000022
FFFFFE3C
00000113
FFFFFE90
0000007F
00000179
00000181
0000005A
00000295
000000DE
000002D2
000001AD
FFFFFFFE
FFFFFF4E
000002C5
FFFFFEDD
0000007F
00000191
00000244
00000088
00000159
00000305
00000102
FFFFFED7
FFFFFEF7
00000097
FFFFFF62
00000005
FFFFFC3D
FFFFFDE6
FFFFFD21
FFFFFCA3
FFFFFF6D
0000000D
00000016
0000023D
FFFFFED2
FFFFFE82
000001C5
00000040
FFFFFF75
FFFFFF74
FFFFFFFE
000000E8
FFFFFED3
000001D3
00000083
FFFFFF1B
FFFFFD6C
FFFFFDD2
00000240
FFFFFCB0
000000C4
00000096
FFFFFD4B
FFFFFF3D
FFFFFFB1
0000018C
000000AA
000001C3
00000024
FFFFFFC2
FFFFFD4B
000001D0
00000370
0000014E
000001BF
000000AC
0000007A
000000AC
00000096
FFFFFFC9
00000056
FFFFFE57
00000300
000000A5
FFFFFF79
FFFFFF28
FFFFFEFC
FFFFFDEF
FFFFFC53
FFFFFD96
FFFFFE7B
FFFFFF35
00000227
FFFFFCFE
FFFFFDFC
00000131
FFFFFEF0
FFFFFE93
0000018A
FFFFFF92
FFFFFCA4
00000174
000003B7
00000092
FFFFFFAE
FFFFFDB7
FFFFFD92
FFFFFD02
FFFFFEB0
FFFFFFFC
FFFFFD8E
FFFFFCCD
FFFFFE54
FFFFFD65
FFFFFFDE
FFFFFC3D
FFFFFC24
FFFFFDF0
FFFFFF87
FFFFFE83
FFFFFC06
FFFFFBF2
FFFFFF20
000001A6
FFFFFF9C
000000FF
FFFFFF40
FFFFFF32
000000B9
000000C6
FFFFFF4F
000001AB
000002EC
000002D9
0000005C
00000114
000000D1
00000235
FFFFFDDB
0000020C
000000D3
FFFFFE2C
000001F1
FFFFFE8C
FFFFFDC8
000000C9
00000190
0000017E
0000001E
000001AA
FFFFFF0C
0000003A
000001CD
FFFFFF30
000000A2
00000137
0000010A
0000012B
FFFFFDCE
00000020
FFFFFFD0
00000065
000000A7
FFFFFDC2
FFFFFE10
000001C2
0000011F
FFFFFE72
FFFFFC33
FFFFFE9C
FFFFFEBA
FFFFFD8A
FFFFFE8D
FFFFFD40
FFFFFF7D
FFFFFD35
FFFFFEA7
FFFFFE2E
FFFFFEE1
FFFFFFE4
FFFFFF93
FFFFFF40
FFFFFEC2
000000EA
000000B4
0000019C
FFFFFD8D
FFFFFE7F
000000DE
FFFFFEAF
FFFFFF47
000002DB
FFFFFF59
000001B4
00000089
00000197
00000079
FFFFFCF4
FFFFFF91
FFFFFEB4
0000004A
FFFFFED7
FFFFFF66
FFFFFF3B
FFFFFF9F
FFFFFCAE
FFFFFF63
FFFFFF33
FFFFFF4F
FFFFFD81
0000004C
FFFFFE1C
FFFFFEF6
FFFFFE55
FFFFFF47
00000018
0000002A
00000236
FFFFFF70
FFFFFE93
000000D5
FFFFFF26
FFFFFEEC
FFFFFF03
000000EA
000000A2
000001BE
FFFFFEBC
FFFFFDC0
00000098
0000010C
0000009C
00000076
FFFFFED2
00000048
FFFFFF00
00000062
FFFFFF48
000001DA
FFFFFDE0
00000180
FFFFFEF8
0000004C
FFFFFDFB
0000006C
000000D1
FFFFFD20
FFFFFC4E
FFFFFDDA
FFFFFED2
FFFFFCF2
FFFFFE57
FFFFFDC7
00000179
000001DC
FFFFFEA1
000000A5
FFFFFF55
FFFFFF9E
000000B9
0000006C
FFFFFE87
FFFFFE14
FFFFFF30
FFFFFF68
000001CC
FFFFFF51
FFFFFF66
FFFFFFA6
FFFFFF90
000000ED
FFFFFE34
000001EF
00000069
FFFFFE34
FFFFFF99
000002BA
000001E8
FFFFFFF2
00000239
000000AD
FFFFFD80
FFFFFEF2
000000D4
FFFFFE76
0000010F
FFFFFD6D
FFFFFF1F
FFFFFDDA
FFFFFF8F
FFFFFEFE
FFFFFF39
FFFFFF39
0000016D
0000016D
00000251
000000C0
FFFFFF6D
000002CF
000001DF
0000006E
00000069
00000103
FFFFFFCF
FFFFFEE3
0000010A
0000010C
000002BC
00000058
FFFFFF7F
0000011F
FFFFFF3C
FFFFFFAB
FFFFFC7E
FFFFFE47
0000000E
FFFFFE0C
FFFFFEC3
FFFFFF79
FFFFFF35
FFFFFE4E
FFFFFE8E
FFFFFDEE
00000091
FFFFFDE3
0000012D
FFFFFFA7
FFFFFE6E
FFFFFCDD
FFFFFFB1
00000159
FFFFFDF2
00000280
000001FD
00000050
0000007B
00000290
FFFFFFF9
FFFFFDFF
FFFFFFE7
FFFFFD74
FFFFFE36
00000025
00000016
FFFFFFDC
000000B4
FFFFFF38
0000009E
000001A4
000001FF
FFFFFFBE
FFFFFE9F
FFFFFE31
FFFFFF9E
000001E4
00000090
00000067
00000080
FFFFFF00
FFFFFFF7
000000F6
FFFFFEA9
FFFFFE35
00000077
FFFFFF78
FFFFFFD5
FFFFFFCD
FFFFFFB1
FFFFFFB6
00000136
000000F5
000001D3
FFFFFFA7
FFFFFE09
0000019C
00000000
00000150
FFFFFFAB
00000258
000001D4
00000019
000000DB
FFFFFFB8
FFFFFE76
FFFFFF6E
000000ED
FFFFFE85
00000147
000000D1
FFFFFFF9
FFFFFEA0
00000006
FFFFFF2A
FFFFFE85
0000006B
FFFFFDD1
00000075
0000018B
FFFFFCEE
00000025
FFFFFF04
FFFFFF86
0000014E
00000135
0000011D
00000005
000000DB
FFFFFEAF
FFFFFF2A
FFFFFF55
00000068
000000C1
000001A8
00000128
FFFFFF8A
00000118
000000C2
0000019A
00000079
FFFFFF28
0000007B
00000050
FFFFFE1B
00000041
000001CB
FFFFFF9F
0000003E
000000CA
00000173
FFFFFF83
0000003A
000000EC
FFFFFFCF
000002BC
FFFFFFE2
000000FB
00000134
000000B8
00000233
0000001F
00000129
00000249
0000025F
FFFFFEEE
FFFFFF64
000000E9
FFFFFF74
00000033
FFFFFEE6
FFFFFFBE
00000024
FFFFFC56
FFFFFCD4
FFFFFE27
FFFFFDF5
FFFFFF9E
FFFFFD3F
FFFFFE39
00000099
FFFFFEF1
FFFFFD63
FFFFFE99
FFFFFE58
FFFFFE16
FFFFFD0B
00000007
FFFFFFB1
FFFFFF8A
FFFFFDB8
FFFFFF63
FFFFFE61
FFFFFD90
00000039
0000000B
000001CF
FFFFFFE0
00000269
000002FF
000002C5
FFFFFF11
00000193
FFFFFEAB
000002E9
000001AC
0000010B
000002C9
000002AA
00000061
FFFFFFCC
00000115
00000137
00000100
00000251
00000050
FFFFFF82
00000020
00000086
00000043
000000A6
FFFFFF17
FFFFFFDE
FFFFFD55
0000004B
00000003
FFFFFD42
FFFFFDCD
000001A5
FFFFFE69
000000BC
FFFFFEFE
FFFFFD6D
FFFFFD70
FFFFFF05
FFFFFF0C
FFFFFF6D
FFFFFE91
000000C6
FFFFFDDF
00000050
FFFFFFBA
FFFFFFFC
FFFFFF0D
FFFFFE32
00000000
FFFFFF06
FFFFFECF
0000001A
FFFFFE70
0000006E
0000009D
FFFFFFFA
FFFFFF7D
00000004
FFFFFE33
00000127
FFFFFFD4
0000029C
000001AF
00000074
000000E5
00000217
FFFFFFB7
000001C0
000001CF
000000EF
FFFFFEE0
0000021B
0000021B
0000015A
00000239
FFFFFFFE
FFFFFF06
FFFFFF12
FFFFFE62
FFFFFF2B
FFFFFDFD
FFFFFFB0
FFFFFD53
FFFFFCC6
FFFFFF12
FFFFFD8B
FFFFFD27
FFFFFD89
FFFFFF2B
00000124
00000261
000000DC
00000090
000000F6
FFFFFF4E
FFFFFFA7
FFFFFF37
FFFFFE96
FFFFFCC4
FFFFFF0E
FFFFFEFE
FFFFFFD3
FFFFFDDB
00000001
00000034
FFFFFE47
0000018A
00000288
FFFFFFB6
00000274
0000020D
00000107
00000121
000001E9
FFFFFEE1
FFFFFEF3
00000076
FFFFFFC3
00000004
00000150
0000011D
FFFFFDD5
FFFFFF1A
FFFFFFAB
FFFFFF6B
FFFFFED7
FFFFFD0F
FFFFFD8F
FFFFFE18
FFFFFE41
FFFFFEBD
0000010B
FFFFFDD5
000001F8
000000EA
000001B2
00000070
00000270
0000025E
FFFFFFF4
00000012
00000173
000000D1
FFFFFF73
00000089
FFFFFF4A
FFFFFD7F
FFFFFEE8
0000009A
FFFFFFFD
FFFFFD86
0000015A
0000013E
FFFFFFE9
FFFFFE44
FFFFFF43
FFFFFF0F
FFFFFEE9
FFFFFE25
FFFFFD3D
00000098
FFFFFF9F
FFFFFFA8
00000016
FFFFFFA3
0000011F
00000099
FFFFFDDD
000001D4
FFFFFF59
000001C5
FFFFFE3E
00000031
0000002B
0000012E
FFFFFF95
0000018A
FFFFFE61
00000000
FFFFFF83
0000011B
FFFFFFC6
FFFFFFB5
000000F2
00000250
00000293
00000300
0000001A
FFFFFF79
FFFFFE4C
FFFFFF30
FFFFFF49
000000DB
FFFFFE54
FFFFFE7E
FFFFFE37
00000044
00000127
FFFFFEE5
000000A2
000000A9
FFFFFE9C
FFFFFFD5
FFFFFE57
FFFFFDF2
00000066
000001ED
000000E3
00000101
FFFFFF04
000000C3
00000099
FFFFFDC0
000000C8
FFFFFDD0
FFFFFE10
FFFFFD5C
FFFFFE43
FFFFFE98
00000024
000000FD
00000045
FFFFFDE1
000000FF
000000A4
00000180
FFFFFF64
00000115
FFFFFEDD
00000056
FFFFFF90
FFFFFEE8
FFFFFEB9
FFFFFF41
000000A8
FFFFFF25
FFFFFE6B
FFFFFF84
FFFFFFAD
FFFFFFE1
00000157
0000015F
FFFFFE59
000000C0
0000001B
0000005F
FFFFFF33
000000BA
FFFFFFE5
00000078
FFFFFEB9
FFFFFEE4
FFFFFEA8
FFFFFFC4
0000008F
FFFFFFF9
FFFFFFCE
FFFFFEDC
FFFFFF19
00000066
000000F7
FFFFFFA9
00000010
FFFFFE71
000000B4
0000005F
FFFFFFA2
FFFFFFD5
00000011
000001BE
FFFFFF2E
0000002A
0000013D
FFFFFF1A
FFFFFF99
FFFFFE82
00000033
FFFFFF46
000000EF
FFFFFEFA
00000150
FFFFFF80
FFFFFF53
FFFFFEF1
FFFFFFFE
000001A6
FFFFFF6E
FFFFFF05
FFFFFF0E
0000003E
FFFFFEEC
FFFFFDF3
FFFFFEBB
FFFFFF00
FFFFFE35
FFFFFF18
FFFFFDBA
00000162
000000C8
00000098
FFFFFF3A
FFFFFFEE
000000FA
0000001A
FFFFFFFA
00000164
00000070
FFFFFF3C
FFFFFF98
FFFFFFEF
FFFFFF3F
000000B8
FFFFFFAE
FFFFFFD5
FFFFFF92
FFFFFF92
0000004D
000001EE
000000A4
FFFFFEBA
FFFFFDE5
FFFFFF91
00000090
FFFFFE71
FFFFFF82
FFFFFE2E
00000074
000000F4
FFFFFF83
FFFFFFB0
FFFFFF23
FFFFFF27
0000004A
000000B2
FFFFFF94
0000006A
000000A3
00000184
FFFFFFC0
FFFFFF53
FFFFFF02
FFFFFEE0
FFFFFEE6
FFFFFF4B
FFFFFFCF
FFFFFFE8
00000023
000001A0
FFFFFE80
FFFFFE49
FFFFFFBF
FFFFFF92
FFFFFF81
FFFFFF29
FFFFFE4E
0000016D
00000077
FFFFFF72
FFFFFF29
FFFFFE1E
FFFFFEB2
FFFFFFB9
0000002E
000000E8
00000002
FFFFFE70
FFFFFEA1
FFFFFEC1
FFFFFEC4
FFFFFEA6
000000D3
0000005B
FFFFFFD2
00000034
00000013
FFFFFFFA
00000064
FFFFFEB3
0000010E
FFFFFF83
0000004C
FFFFFF53
FFFFFFAF
00000109
0000005D
00000020
FFFFFCD7
FFFFFF41
00000022
00000293
FFFFFF8C
FFFFFFB2
FFFFFE8E
00000029
00000009
0000009E
00000193
FFFFFE13
0000003C
00000149
000001A3
0000024C
0000027B
000001A1
FFFFFF58
00000031
FFFFFF35
00000036
0000003C
FFFFFED3
000001E3
00000094
00000012
FFFFFFA7
000000B6
FFFFFECA
0000014A
FFFFFEB6
0000003B
FFFFFF6B
FFFFFFAE
FFFFFF63
000000D7
FFFFFFE9
FFFFFE84
FFFFFF78
FFFFFF60
FFFFFF10
0000004B
FFFFFF9B
00000037
FFFFFF24
000000AA
FFFFFF6F
FFFFFE8A
FFFFFF44
00000069
FFFFFF78
FFFFFF4C
FFFFFF37
000000E0
FFFFFF90
0000002A
FFFFFDBE
00000058
FFFFFFF0
0000001D
00000071
FFFFFE12
FFFFFD65
000000E1
FFFFFF82
0000019B
00000078
000000EE
0000000B
0000015A
0000015C
FFFFFFA0
0000022F
FFFFFFC0
000002F4
00000026
00000121
0000020E
FFFFFFE9
FFFFFEEC
FFFFFE93
00000110
00000076
0000024D
FFFFFFBB
0000000B
00000076
000000A5
000000EF
000001A7
FFFFFED6
0000001A
FFFFFFF8
000000D1
FFFFFF9A
00000255
FFFFFF3E
00000107
FFFFFFE8
FFFFFE96
0000006D
FFFFFD90
000000C6
00000038
0000008A
FFFFFDFC
00000044
000000DD
000001FE
00000141
00000095
FFFFFCF5
FFFFFECA
FFFFFFF6
00000188
FFFFFFA7
FFFFFF33
FFFFFED5
00000010
0000002E
00000130
FFFFFFC0
0000013F
FFFFFF35
FFFFFFB6
FFFFFFDA
000000BD
FFFFFFD4
00000005
00000059
000000C6
FFFFFF3A
FFFFFF07
FFFFFE8F
FFFFFE9D
00000099
00000070
FFFFFE73
FFFFFFEC
000001BF
000000EA
000000D3
FFFFFF19
FFFFFFBE
FFFFFF93
FFFFFF45
FFFFFEA2
FFFFFE9A
00000123
000000D1
FFFFFEB2
FFFFFED4
00000018
00000097
FFFFFEF2
FFFFFE87
000001A9
00000046
0000001D
000000C7
00000027
FFFFFE88
FFFFFE1A
0000001E
FFFFFF4F
FFFFFF33
FFFFFF1A
FFFFFDBD
00000037
0000009B
FFFFFF2A
FFFFFE04
000000C0
000000C9
000001A0
0000002C
0000008B
000000C6
0000007C
0000009A
FFFFFF26
00000147
000000F4
FFFFFEE0
00000096
00000087
0000022F
FFFFFFFA
FFFFFFB2
000000B4
00000020
FFFFFFC8
00000177
00000124
0000007E
FFFFFEF9
FFFFFFF9
FFFFFEEB
FFFFFFD9
000000FA
000001C7
0000004F
0000001C
FFFFFDDB
FFFFFFC3
FFFFFF43
0000000D
00000006
FFFFFE04
00000097
00000025
000000AD
FFFFFFAA
00000089
0000020A
FFFFFF98
000000C1
000001CB
000000BE
FFFFFE7C
FFFFFF77
FFFFFFF9
0000009A
00000093
000002C4
00000092
FFFFFFFC
FFFFFF3C
FFFFFFD8
FFFFFF03
FFFFFEA1
FFFFFFD5
0000004C
FFFFFEF9
0000000F
FFFFFFC7
0000010F
0000000E
000000EF
FFFFFF57
FFFFFF9F
000000B2
000000CB
00000026
FFFFFFB1
00000267
000001BF
000001C4
FFFFFE26
000000DD
FFFFFFAF
FFFFFF90
FFFFFFB3
000000FB
0000013C
000000FB
000000A1
000000D6
FFFFFF63
FFFFFF37
000001CD
FFFFFFAB
FFFFFF65
FFFFFE6C
00000028
00000183
0000008B
00000120
FFFFFE6C
FFFFFEC2
FFFFFF4B
FFFFFFF7
FFFFFF26
FFFFFEC1
000000C9
00000045
0000000A
0000000A
FFFFFDBE
FFFFFFD2
FFFFFFB4
000002DF
0000001F
FFFFFFA0
FFFFFEFA
0000000D
00000014
FFFFFE6F
0000007E
00000191
000000D0
FFFFFF61
FFFFFF26
FFFFFFCA
00000007
FFFFFFBD
FFFFFEE3
FFFFFFA8
FFFFFFFA
00000113
FFFFFF67
000000F1
FFFFFE3D
FFFFFFE5
00000044
FFFFFFE3
FFFFFF2C
FFFFFFD1
0000017E
FFFFFF6D
000000BC
00000041
00000006
FFFFFE72
000000C1
00000089
000000BC
FFFFFF04
FFFFFF5F
FFFFFF21
FFFFFEE3
FFFFFFF6
FFFFFEF4
000000EF
000000D1
FFFFFF7F
FFFFFE99
0000008D
FFFFFDA2
000000EA
FFFFFF2A
FFFFFEEB
FFFFFF9F
FFFFFEAF
FFFFFF80
FFFFFF7D
FFFFFF9E
FFFFFF7C
FFFFFF4C
FFFFFE5B
FFFFFF7D
FFFFFF63
FFFFFFF0
FFFFFEE6
0000031D
00000160
00000053
0000016E
0000021C
00000050
0000006E
FFFFFED4
00000099
0000000C
FFFFFF25
FFFFFE6A
FFFFFF23
00000112
FFFFFDE7
FFFFFFB5
FFFFFE50
FFFFFF20
FFFFFE58
00000125
000000C9
FFFFFF74
FFFFFFEE
00000079
FFFFFFE4
FFFFFEF2
000000E7
00000228
FFFFFED9
00000002
FFFFFE5D
FFFFFEBA
FFFFFFF3
0000007A
000000A3
00000283
FFFFFF9E
FFFFFFB8
0000002E
000000C7
000001C7
FFFFFFDE
00000159
000000A2
0000004C
FFFFFE59
00000031
000001E5
0000004E
FFFFFF81
FFFFFF98
FFFFFE8D
000000FB
000000ED
000000AA
FFFFFF92
FFFFFFDF
FFFFFF22
000001C9
00000013
0000008D
FFFFFED7
FFFFFF91
000002B1
00000071
00000140
00000197
FFFFFF84
FFFFFF21
000001E8
00000136
000000EB
FFFFFD34
FFFFFCC3
FFFFFEBC
FFFFFF25
FFFFFE25
FFFFFF9C
FFFFFFA9
00000045
000002C3
0000032A
00000120
000001A2
FFFFFEE7
FFFFFECE
FFFFFDD3
00000210
FFFFFF44
000000E7
FFFFFF03
FFFFFDDF
00000111
FFFFFF2D
FFFFFE90
000002CC
FFFFFE4C
FFFFFEB2
FFFFFCD1
0000015D
000000B7
FFFFFE2A
FFFFFFE5
000001C5
FFFFFDFE
FFFFFCAD
FFFFFFF8
FFFFFEC4
000001AE
FFFFFED9
000001DE
0000012F
FFFFFD8D
FFFFFDEF
FFFFFF54
FFFFFEED
FFFFFE85
00000318
FFFFFFD6
FFFFFF84
00000106
0000015F
FFFFFF81
00000353
000002E7
00000037
00000250
00000248
00000075
FFFFFFA8
00000107
000001B1
FFFFFEFC
FFFFFDFD
00000007
FFFFFDCD
FFFFFB94
FFFFFF50
FFFFFC32
FFFFFB0D
FFFFFF91
FFFFFCEB
FFFFFFCC
00000247
000000D6
FFFFFF1D
FFFFFE7D
FFFFFD8B
00000154
000000BA
0000003F
000003A8
000000C2
FFFFFFE0
FFFFFFCB
FFFFFDC6
FFFFFE7C
0000039A
000002EF
000002AD
000001E2
00000094
FFFFFFDA
00000236
000003C5
0000007E
000000F7
000002D8
FFFFFDFB
000000B3
0000017B
000002DB
000001AA
00000180
FFFFFF23
FFFFFE5F
FFFFFE79
00000232
000002A4
0000014E
000000E8
FFFFFE1D
FFFFFE10
000001E4
00000162
0000008F
00000150
000000B7
00000378
FFFFFDA5
FFFFFE60
00000234
FFFFFED7
FFFFFEA2
FFFFFDCD
FFFFFCAA
FFFFFE74
FFFFFD33
FFFFFB03
FFFFFBCE
FFFFFE30
FFFFFCC6
FFFFFD0D
00000006
0000023F
000001CB
00000233
000004CB
000000E8
FFFFFF63
00000465
00000131
FFFFFDC8
FFFFFDAA
FFFFFF57
FFFFFD40
FFFFFBC5
000000E2
FFFFFE57
00000353
FFFFFFEF
FFFFFF38
FFFFFFF9
0000013B
FFFFFE90
000001BC
00000262
00000217
FFFFFFE3
FFFFFFD4
FFFFFC38
FFFFFDB1
FFFFFB70
000000AD
0000010B
FFFFFF0D
000001F8
00000105
000001A5
000001BE
0000027E
FFFFFE81
000000F4
00000125
00000023
FFFFFE30
FFFFFFF5
00000143
FFFFFF3D
FFFFFEDD
FFFFFEC8
00000029
FFFFFED8
00000154
FFFFFDAE
00000032
00000184
00000308
00000305
FFFFFF34
000000A9
FFFFFCCA
FFFFFCE5
000001AA
000001B3
FFFFFEB6
0000023E
00000086
FFFFFEB3
FFFFFD5B
00000195
FFFFFE19
000002B8
00000210
FFFFFDEC
000000ED
000001B3
000000FF
000001AE
FFFFFFF0
FFFFFFF3
FFFFFE94
FFFFFB96
FFFFFF4B
000001FD
FFFFFE37
00000092
FFFFFE18
00000319
00000176
000000C4
00000278
000001C2
FFFFFE79
000000F3
FFFFFCB4
FFFFFDE8
FFFFFF48
0000028A
FFFFFCF6
FFFFFE69
FFFFFD67
FFFFFF10
FFFFFE71
FFFFFE0B
FFFFFECF
000002E2
0000015A
00000037
FFFFFFB0
FFFFFFFD
FFFFFCBA
FFFFFE93
FFFFFF4D
FFFFFED8
FFFFFD05
FFFFFF1A
00000194
00000018
FFFFFA81
FFFFFE90
00000045
FFFFFFAB
FFFFFE71
00000000
00000201
00000303
0000039C
0000022D
FFFFFE68
FFFFFFCB
FFFFFF32
00000087
FFFFFFC6
FFFFFE07
FFFFFFC8
00000133
00000171
FFFFFDA6
000001B0
FFFFFF95
FFFFFC5F
0000007E
000001D9
00000149
FFFFFE5B
0000005A
FFFFFF4E
00000377
0000006C
FFFFFFAC
FFFFFDEC
FFFFFE19
FFFFFF65
FFFFFD82
00000051
FFFFFE9E
0000005C
FFFFFF77
FFFFFFE1
00000072
0000017C
FFFFFDC9
FFFFFDC1
0000006E
FFFFFFE9
000001AE
0000000E
00000143
000003AB
00000146
FFFFFD81
FFFFFEF1
00000444
FFFFFD6C
000001EC
000001D6
FFFFFF00
FFFFFFEC
FFFFFD84
FFFFFD7D
FFFFFD2F
0000006C
00000193
FFFFFFA7
000004C9
0000007E
000000B5
FFFFFEBD
000001B9
000002E2
00000402
FFFFFD05
FFFFFF5E
FFFFFED9
FFFFFFB0
0000011F
FFFFFF09
FFFFFBA0
00000118
FFFFFEB8
FFFFFE9B
FFFFFFDB
FFFFFFD0
FFFFFEA6
FFFFFFB4
FFFFFE96
00000172
0000015E
00000101
FFFFFCDC
000000DF
FFFFFB01
00000097
FFFFFD54
FFFFFF5A
FFFFFE23
00000016
00000148
0000046B
0000029B
00000180
0000047A
000001AD
FFFFFEA1
000003F7
FFFFFF54
0000029D
FFFFFCFA
FFFFFE22
FFFFFDF1
FFFFFD2D
FFFFFCBC
FFFFFC1F
FFFFFEB4
FFFFF9AB
FFFFFA13
00000211
000001E9
000001E1
000000BB
FFFFFF43
0000009E
00000022
FFFFFDDE
FFFFFED6
00000037
000004D0
00000341
000002AE
FFFFFE91
FFFFFF01
000000FF
0000018E
0000019A
FFFFFE39
000001A5
00000485
FFFFFF24
FFFFFDEF
000004CC
0000013B
00000125
FFFFFFC6
000003D9
FFFFFECA
FFFFFDE1
000003F4
000000CD
00000143
00000355
FFFFFEA5
00000047
FFFFFFDF
00000212
0000030A
FFFFFEA3
00000176
00000163
FFFFFEA9
000001B5
FFFFFE21
000002B8
FFFFFEE1
00000249
FFFFFE0F
00000188
00000393
00000137
FFFFFF13
0000022E
FFFFFE81
000002E8
000000F9
FFFFFE56
FFFFFEA0
FFFFFD89
0000036A
FFFFFE3D
FFFFFFB8
FFFFFA46
FFFFFAF3
FFFFFFC3
FFFFFCE7
FFFFFE30
FFFFFE48
FFFFFFA0
FFFFFD87
FFFFFCEF
FFFFFDBC
000000E9
FFFFFF80
FFFFFFBD
FFFFFF54
FFFFFEC7
FFFFFF53
FFFFFDF1
FFFFFF4B
FFFFFF41
FFFFFEFB
00000217
0000011E
FFFFFFB5
FFFFFECC
FFFFFBB8
FFFFFAED
FFFFFC68
00000435
000002CC
FFFFFFD7
000000F6
00000125
FFFFFEBC
00000459
000003BF
00000354
FFFFFFCA
00000016
0000007C
000001B8
FFFFFD95
FFFFFE77
000000A7
FFFFFF72
0000002E
FFFFFD88
FFFFFFAE
FFFFFE62
FFFFFF92
FFFFFEA1
000002B0
FFFFFE27
00000140
000002BF
00000110
000000C6
FFFFFE27
000001E4
FFFFFF84
00000232
FFFFFFA8
FFFFFE3D
FFFFFE7D
000003A1
00000282
0000027D
000003A8
FFFFFEAD
000000F3
0000005B
00000286
000003A7
FFFFFE59
FFFFFE6C
00000246
FFFFFFA5
FFFFFF57
FFFFFD12
000002EF
00000142
FFFFFF01
FFFFFCB0
00000201
FFFFFC5C
000000B1
FFFFFED7
00000103
00000288
FFFFFF0C
FFFFFD71
000001CC
FFFFFBDA
FFFFFD19
FFFFFDBD
00000227
FFFFFCA2
FFFFFED9
FFFFFE46
FFFFFEC7
00000107
000000CC
FFFFFF1D
0000049C
000004E7
00000045
00000164
000002A7
000001D2
00000384
FFFFFFB9
FFFFFEAF
0000015E
FFFFFB4D
FFFFFC1F
FFFFFFCD
000002D7
0000014C
00000166
0000012D
000001D9
FFFFFDAB
00000098
000002AE
FFFFFFBA
FFFFFE59
FFFFFEF8
0000044B
000003EF
00000091
0000040C
FFFFFF6E
0000003C
00000059
00000194
FFFFFF0D
FFFFFD12
00000039
FFFFFAD0
FFFFFB9F
FFFFFB60
FFFFFA5B
FFFFFD97
FFFFFE31
FFFFFE8C
00000120
00000270
000003A0
FFFFFFB0
000002B7
0000010E
000001B9
FFFFFEF1
00000007
00000372
0000017E
0000035D
000002E4
FFFFFE6D
00000047
00000342
000000F4
0000013B
FFFFFF17
FFFFFDB5
FFFFFEC5
00000093
0000020C
000001E1
FFFFFE09
0000004B
0000016F
FFFFFC33
FFFFFB23
FFFFFDD9
FFFFFED9
00000103
0000021B
FFFFFC03
000000D5
FFFFFDBB
00000158
000001D2
0000007D
0000026C
FFFFFD6B
000001EA
FFFFFDB5
FFFFFDE1
0000006D
00000286
000001D3
000002C3
FFFFFD96
000001AA
00000255
FFFFFE77
00000034
FFFFFE85
00000160
FFFFFF24
000000E2
0000011F
0000015C
0000020A
FFFFFE3F
FFFFFF9D
00000079
FFFFFDFB
FFFFFF00
FFFFFE2C
0000004E
000000C9
FFFFFC64
FFFFFE0E
FFFFFC49
FFFFFC8A
000001F6
FFFFFFEE
000001C4
000001BD
FFFFFE11
FFFFFE08
000000E7
00000077
FFFFFFC8
000000FF
FFFFFF23
FFFFFECB
FFFFFD0B
00000088
FFFFFF9C
FFFFFECF
FFFFFD15
00000240
000001FD
FFFFFF7E
FFFFFF8F
000001B7
FFFFFF7E
FFFFFED3
0000018F
00000155
00000167
00000261
FFFFFD6E
FFFFFEEA
00000096
FFFFFE1B
000000DD
000001DE
00000203
FFFFFD30
0000018D
FFFFFDC3
FFFFFE4D
000000E8
FFFFFD84
FFFFFEC5
00000049
FFFFFE21
FFFFFB83
FFFFFC9F
FFFFFF1B
FFFFFCDF
FFFFFD0A
FFFFFF93
FFFFFF7D
000000AC
FFFFFEE6
FFFFFF98
000000D7
FFFFFE68
FFFFFD6D
0000008C
FFFFFFCF
FFFFFDD5
FFFFFF48
FFFFFE4A
FFFFFFA0
FFFFFFDB
000002AF
FFFFFDE8
000003E6
000002A9
FFFFFE47
00000206
0000025D
000001B3
00000277
FFFFFDEB
00000005
FFFFFF9B
FFFFFDA6
FFFFFF05
FFFFFE21
00000257
FFFFFF0F
FFFFFEC6
FFFFFD7C
FFFFFF3B
00000264
000001BF
00000142
00000171
FFFFFFB8
000001FB
FFFFFE01
FFFFFEB4
FFFFFF20
0000015B
000000BE
FFFFFE5B
FFFFFCC3
0000000F
000000C0
000002B6
000000B1
FFFFFF84
000000CD
00000392
000002AE
000000A6
000000FC
FFFFFF90
FFFFFFA7
FFFFFF6C
FFFFFBA1
000002A9
0000002A
000000E6
FFFFFEFA
FFFFFDF3
FFFFFE88
FFFFFDA3
FFFFFEF3
000001DF
FFFFFB28
FFFFFF09
FFFFFB4B
FFFFFBA8
FFFFFC86
FFFFFB20
000000B6
000002EC
000001C4
000000C4
FFFFFC69
FFFFFCE3
0000004E
FFFFFED4
00000137
FFFFFF67
0000020F
FFFFFB6C
FFFFFC0A
000000D5
FFFFFF2B
FFFFFB1E
FFFFFFC0
FFFFFA01
00000071
000000D8
000000CF
FFFFFF89
FFFFFC93
000002B9
000000C8
000000D1
000001A2
FFFFFC5E
FFFFFC66
000001B0
FFFFFE11
000000F6
FFFFFCD6
FFFFFF05
FFFFFC20
00000000
FFFFFF30
000001CF
FFFFFF70
FFFFFE1F
00000164
00000434
FFFFFF88
FFFFFE2E
00000410
FFFFFFBA
FFFFFE88
00000014
FFFFFE18
FFFFFF8E
FFFFFD80
FFFFFD5E
FFFFFDE0
000000CA
0000012F
000000EA
0000016A
FFFFFEBD
FFFFFD9E
00000143
00000524
000001A8
00000246
000001CC
FFFFFF0C
00000081
FFFFFFD7
0000027A
00000334
00000174
000001B4
FFFFFE03
00000033
FFFFFD98
00000233
000001C6
FFFFFC81
FFFFFBAE
00000276
000001EF
FFFFFC84
0000023E
0000009E
00000126
0000008E
00000124
00000112
0000007C
0000009F
FFFFFF44
000002D7
00000198
FFFFFEC5
FFFFFF4B
FFFFFF1F
00000138
00000127
FFFFFECF
00000147
000001B9
FFFFFD79
000000A1
FFFFFC90
0000002F
FFFFFDD0
00000271
FFFFFDF5
0000012C
FFFFFD8F
FFFFFEDB
FFFFFD9D
FFFFFC36
0000013E
FFFFFD13
00000025
00000288
FFFFFC53
00000465
0000047D
000004A9
0000016C
00000372
000005D4
000002F8
FFFFFFEA
00000267
FFFFFE38
FFFFFC15
FFFFFE16
FFFFFD01
FFFFFB14
FFFFFD7D
FFFFFE01
FFFFFC70
FFFFFED7
000002FA
000002FF
00000023
000000C6
0000007F
0000023C
0000019D
000002CA
00000395
0000012A
0000005E
FFFFFFBC
FFFFFFEE
FFFFFF97
FFFFFC00
FFFFFEB6
FFFFFD29
0000018C
FFFFFE28
FFFFFF9E
FFFFFFF9
00000275
FFFFFFA4
000001B5
FFFFFFE7
FFFFFE1D
000000B6
FFFFFC5D
00000077
FFFFFD86
FFFFFE83
FFFFFE4D
FFFFFF69
FFFFFB0E
FFFFFAC5
FFFFFEF3
00000521
00000049
000000A0
0000036C
FFFFFEE1
000002BE
FFFFFD4F
FFFFFDB9
00000398
FFFFFCCE
FFFFFE60
FFFFFE17
FFFFFDA9
FFFFFD80
FFFFFC04
0000012A
FFFFFE3C
FFFFFC6C
00000154
FFFFFE3B
000001D8
00000114
0000016B
FFFFFF21
00000329
000000F4
FFFFFCE2
FFFFFEB5
FFFFFE30
FFFFFFC4
FFFFFFBD
00000026
0000017B
FFFFFE35
00000066
FFFFFFDC
FFFFFFE1
0000000E
FFFFFF28
00000196
00000261
FFFFFFD4
FFFFFE98
000000A7
0000010B
000001F7
FFFFFE07
000001CF
00000247
000000E4
00000003
FFFFFF36
FFFFFD5D
00000191
00000092
FFFFFC00
FFFFFD93
000001CC
FFFFFFB5
FFFFFE6B
FFFFFF31
0000003E
FFFFFF17
000002E1
FFFFFF84
000000EF
FFFFFF9C
FFFFFD76
FFFFFC88
FFFFFF3B
FFFFFFA3
00000021
FFFFFF42
FFFFFF49
0000018B
00000075
FFFFFE43
000000BF
FFFFFEDC
FFFFFF30
FFFFFEE6
FFFFFD90
FFFFFE95
00000027
0000003D
FFFFFF21
FFFFFF9A
0000001F
000000D8
00000113
FFFFFE37
00000293
FFFFFDCC
0000007B
000003CF
00000478
00000277
FFFFFE35
000001FD
00000117
FFFFFE8E
FFFFFDAE
000000D5
0000034D
00000328
000001E5
00000183
FFFFFF86
0000012C
FFFFFF7B
0000008F
FFFFFBEA
FFFFFE69
000002D8
000000C3
FFFFFED5
0000004A
0000020B
FFFFFFC1
0000033A
FFFFFBCE
00000027
00000390
0000011A
FFFFFEAB
FFFFFF96
0000005D
0000031F
FFFFFF24
0000002C
000002C7
00000178
00000426
000000D6
000002C3
FFFFFE86
00000168
FFFFFF72
00000543
FFFFFF95
FFFFFDF5
00000025
000003C9
00000291
FFFFFFD5
FFFFFBAE
FFFFFFD3
FFFFFECD
000000E7
FFFFFBD8
00000339
FFFFFE20
FFFFFFD2
FFFFFE21
0000016E
000000E3
FFFFF9E3
FFFFFE02
FFFFFEB1
FFFFFEEC
00000000
000003F3
00000201
FFFFFF0D
00000431
000004C1
0000013D
00000233
000001A2
00000018
00000250
FFFFFF1B
FFFFFC88
FFFFFF8F
FFFFFFB4
0000014B
FFFFFF1E
00000321
FFFFFCB0
FFFFFDBC
FFFFFE8A
FFFFFDCE
FFFFFEBD
FFFFFE6B
FFFFFEE0
FFFFFC9F
000000B5
FFFFFEEC
FFFFFEA6
FFFFFE4E
00000049
00000071
000000DB
000002E7
FFFFFEFB
FFFFFD26
FFFFFE7A
FFFFFD12
FFFFFE49
000001ED
FFFFFE5F
FFFFFD38
00000073
FFFFFCFC
FFFFFF6A
FFFFFEF4
00000113
0000024F
FFFFFCAD
FFFFFF7F
FFFFFF5E
00000093
FFFFFFB3
000000BE
000001A8
0000019E
FFFFFEC7
FFFFFDB9
FFFFFD49
FFFFFFED
FFFFFEE2
FFFFFC94
FFFFFEE8
000001A3
000000BC
FFFFFE50
00000055
FFFFFD05
FFFFFCF9
00000122
FFFFFDA7
FFFFFF23
FFFFFE82
FFFFFC52
00000000
FFFFFF62
FFFFFF96
0000006D
000000A4
FFFFFF5D
FFFFFF5C
FFFFFEC6
FFFFFF84
FFFFFFB8
FFFFFED7
FFFFFEE4
FFFFFCB1
00000186
000000EF
FFFFFEA4
0000009C
000000CC
000002F8
0000032C
00000026
FFFFFEC8
000002CE
FFFFFFF1
00000366
0000044F
000003CE
FFFFFE99
FFFFFCAB
00000034
0000016B
000000C7
000001D3
0000028C
FFFFFF4A
FFFFFE81
FFFFFE4B
FFFFFD5B
FFFFFE56
0000014D
0000015C
FFFFFE6E
00000281
FFFFFD0B
000001A2
FFFFFEDD
0000001E
FFFFFCCC
FFFFFDD7
FFFFFDD7
000000B9
FFFFFA64
FFFFFDC0
FFFFFE45
FFFFFE8E
000000BE
FFFFFFB5
FFFFFF58
00000269
00000088
000002A9
000001BF
FFFFFF44
0000020A
FFFFFE64
00000472
FFFFFEBD
FFFFFC85
000000B6
FFFFFDF2
FFFFFD25
000000E0
FFFFFE95
FFFFFC09
FFFFFF6F
000001D8
FFFFFEC4
0000007C
FFFFFC41
FFFFFC08
FFFFFCA5
000000B7
FFFFFF1F
FFFFFE6B
00000162
FFFFFD80
FFFFFE6F
FFFFFF6C
FFFFFE99
0000015A
FFFFFF06
0000049A
00000046
FFFFFEF2
FFFFFFDC
FFFFFF5F
00000050
00000056
FFFFFFF9
00000171
FFFFFE12
FFFFFDEC
FFFFFFA4
FFFFFC53
FFFFFE4F
FFFFFEE4
FFFFFCF0
FFFFFF6A
FFFFFDA6
FFFFFD33
0000003F
00000171
0000011C
0000004A
000001E2
FFFFFD88
FFFFFFCE
FFFFFF45
00000135
0000023A
FFFFFCE6
FFFFFF76
00000022
00000050
FFFFFFA3
FFFFFC36
FFFFFFDD
00000176
FFFFFB90
00000192
0000044C
000000A6
FFFFFFA4
0000008F
0000023B
000000DE
0000039B
FFFFFE56
000002DF
FFFFFE51
000001E0
0000009B
000001D5
00000114
00000063
000000E6
FFFFFF47
FFFFFC31
FFFFFDF9
00000060
FFFFFD02
FFFFFDC3
FFFFFD9E
FFFFFFBA
000000C9
FFFFFF63
FFFFFC68
00000212
00000172
FFFFFF95
FFFFFF30
FFFFFF40
0000008D
FFFFFDC3
00000066
000002E7
FFFFFC28
FFFFFDFB
000001F1
FFFFFF21
FFFFFE1C
FFFFFE2D
FFFFFDFC
FFFFFF83
0000005D
FFFFFCEC
FFFFFD2F
FFFFFE06
FFFFFE88
FFFFFC1B
FFFFFEBC
00000062
FFFFFDAC
0000016A
FFFFFF9D
00000156
000001D7
FFFFFD6A
000000D4
FFFFFF10
0000037C
000000F6
0000002C
000003F1
00000438
00000493
0000010D
000002AE
FFFFFF55
FFFFFF57
FFFFFAE9
FFFFFDD4
0000005E
FFFFFC80
FFFFFF34
FFFFFF9E
FFFFFDDD
FFFFFF18
00000023
000001E0
000003DA
FFFFFF43
FFFFFFAC
00000276
000002DE
FFFFFDC9
0000004B
FFFFFE4D
00000078
FFFFFF50
FFFFFF07
FFFFFE3F
FFFFFF6D
FFFFFF2B
FFFFFDC2
00000163
000001F9
00000021
000003FC
0000029C
FFFFFE9C
00000383
00000125
00000715
FFFFFDB8
FFFFFE33
FFFFFE13
FFFFFF9C
0000004D
00000025
000002D9
FFFFFDA9
FFFFFC89
FFFFFCE1
FFFFFFBB
000001F6
FFFFFE6F
00000237
FFFFFEC0
FFFFFFE2
FFFFFC81
FFFFFD77
00000051
FFFFFF28
00000179
FFFFFF16
0000012A
000001AF
FFFFFE0F
FFFFFEF2
FFFFFDBC
FFFFFDC0
000000B5
FFFFFF7D
00000299
FFFFFF66
0000002F
000000E8
FFFFFECA
00000107
000003CE
00000170
000004DA
000001BC
000000B2
000004E4
FFFFFED9
00000043
000001C0
FFFFFC08
000000AC
FFFFFCCA
FFFFFDBB
000000B9
FFFFFDC6
FFFFFE2C
00000082
FFFFFD89
FFFFFE55
00000137
00000115
000001D3
FFFFFDE5
00000428
FFFFFFFB
FFFFFF12
0000045E
000001EB
00000022
00000267
00000253
FFFFFDB9
FFFFFCD4
00000069
FFFFFE65
000000DE
FFFFFE02
FFFFFEF9
FFFFFF75
FFFFFD99
000001C1
00000345
000001B7
FFFFFF19
FFFFFFE9
0000025F
00000119
00000277
FFFFFF65
FFFFFEE1
FFFFFFD2
000002A4
FFFFFF2C
00000114
000002CA
FFFFFD94
00000136
FFFFFEE7
0000019F
000000A3
00000336
00000148
000000AE
FFFFFCD4
FFFFFD5D
FFFFFFFB
00000115
FFFFFB96
FFFFFE09
00000168
FFFFFF28
FFFFFD54
FFFFFD93
FFFFFD4D
FFFFFF21
FFFFFF43
FFFFFD46
0000029B
FFFFFD90
FFFFFFD1
FFFFFCA1
0000016D
FFFFFDB6
FFFFFF10
00000008
FFFFFFFE
00000433
FFFFFDB1
FFFFFED4
FFFFFE14
FFFFFEFF
00000060
FFFFFC25
FFFFFE20
FFFFFCA0
0000017C
FFFFFE22
FFFFFD90
FFFFFECC
00000121
000000AE
FFFFFF58
FFFFFE69
FFFFFFF5
0000009E
00000323
FFFFFF9C
FFFFFF11
0000025C
FFFFFFCE
FFFFFE1C
FFFFFF67
FFFFFEEE
0000003C
FFFFFE40
FFFFFEA0
FFFFFCAA
00000104
FFFFFFB6
000002CB
FFFFFF7F
FFFFFD81
FFFFFF16
00000148
FFFFFFFB
000001FE
FFFFFFE5
FFFFFF94
0000008B
00000072
00000303
FFFFFFAC
00000149
000002E8
00000145
FFFFFE7A
FFFFFE50
000000BA
0000005D
FFFFFE77
00000074
FFFFFCF7
FFFFFF4B
FFFFFCE5
0000019F
FFFFFF5B
FFFFFF64
0000012F
0000032F
FFFFFEAD
FFFFFFF4
00000378
FFFFFFF8
00000072
FFFFFE73
00000187
FFFFFEC4
FFFFFE1A
FFFFFC5F
FFFFFF61
FFFFFEB3
FFFFFF38
00000432
FFFFFD10
FFFFFFA3
FFFFFEC9
0000010C
FFFFFE5B
00000309
0000037B
00000043
000000F0
FFFFFEAC
0000012E
00000288
000001F4
000000C1
FFFFFECC
FFFFFFC4
0000041F
000002D1
FFFFFFDA
000003C1
000004E5
00000084
FFFFFD72
00000439
00000251
0000026E
00000443
FFFFFFAA
FFFFFF5C
00000178
FFFFFD4F
FFFFFFA8
000002C1
FFFFFDD2
00000067
000000B3
0000023E
00000458
FFFFFE41
FFFFFECE
00000046
00000275
00000373
0000029F
000002BF
000002FF
FFFFFEBD
000003B6
00000104
FFFFFEB8
0000017B
FFFFFF8F
FFFFFE27
0000019E
FFFFFFDE
FFFFFE41
FFFFFF84
000001FC
FFFFFDC3
FFFFFDFE
0000005C
FFFFFFC2
00000089
00000162
0000055F
00000219
FFFFFF2F
0000020A
FFFFFEA4
000000EF
FFFFFF99
FFFFFE14
FFFFFC99
FFFFFFCB
FFFFFDB8
FFFFFF00
FFFFFED7
FFFFFFC0
FFFFFD62
0000006B
0000026F
000000E8
000003F4
FFFFFEDE
FFFFFD61
00000142
00000484
000000FF
000002A7
FFFFFEDE
FFFFFFD8
FFFFFF32
FFFFFDE2
00000011
FFFFFD3A
000000D5
00000359
000001B3
000001A4
000001AF
00000005
0000018A
000000DF
00000357
FFFFFE68
FFFFFE9A
FFFFFF04
000000B8
00000175
FFFFFF9D
FFFFFC40
0000005E
FFFFFD04
0000031A
00000248
0000011B
0000010E
FFFFFFC8
0000001C
FFFFFF89
FFFFFF1D
00000089
FFFFFF29
FFFFFF8A
FFFFFE2E
FFFFFEB3
FFFFFE9B
FFFFFE8E
FFFFFDBC
000000CC
00000018
00000011
FFFFFFB6
00000094
FFFFFE43
0000011A
000000C4
FFFFFF49
000002A1
FFFFFD2A
FFFFFEF2
000000E9
000000CE
FFFFFEAB
000000C3
FFFFFFA8
00000161
FFFFFE7E
0000023C
000001DB
0000007E
00000033
FFFFFF91
000000BA
00000090
FFFFFFB8
FFFFFFBC
00000107
00000160
FFFFFE40
00000115
00000133
FFFFFF17
000000AF
FFFFFF10
000001C5
00000245
FFFFFE36
000000C9
00000020
00000097
FFFFFF12
000000EE
000001F0
FFFFFEAC
0000032F
0000005A
00000079
000000D7
FFFFFDDB
FFFFFEBA
0000003C
FFFFFE53
FFFFFE75
000001FA
00000017
FFFFFE17
FFFFFE5A
FFFFFEC5
FFFFFF88
000002D9
FFFFFFE6
000001C3
000000CD
0000005C
FFFFFF67
000000C2
FFFFFF1F
FFFFFFF4
FFFFFE06
0000017B
FFFFFEFA
000000FC
0000010D
0000006F
00000098
0000001D
00000132
00000198
0000008B
FFFFFE60
000000AE
FFFFFF75
FFFFFE6C
00000090
FFFFFED1
FFFFFDC2
00000017
FFFFFF7C
0000002B
FFFFFEEE
0000004E
00000123
FFFFFF5D
0000011D
00000038
FFFFFFF6
FFFFFF7A
00000193
FFFFFF46
FFFFFEE5
0000011B
FFFFFFD8
0000004A
000000F7
000000F8
FFFFFFCE
FFFFFF4F
00000071
00000068
FFFFFE3C
FFFFFDE9
000001E7
FFFFFF60
FFFFFF49
00000176
00000156
FFFFFF6A
000001D1
00000036
FFFFFEB7
FFFFFF95
0000010C
000000FB
FFFFFEDF
000000FB
000000A6
FFFFFF81
FFFFFF89
0000007A
FFFFFEA6
FFFFFF1F
00000046
00000223
FFFFFFDE
FFFFFF92
0000017F
FFFFFE0C
00000231
00000133
00000117
FFFFFFEC
FFFFFF12
00000087
FFFFFE60
FFFFFFA3
00000062
000000FA
FFFFFDBC
FFFFFE0D
FFFFFFBD
FFFFFF0D
000000D9
FFFFFBA1
0000011B
FFFFFE8E
0000003F
0000022D
000000A8
FFFFFFFB
FFFFFE4A
0000012B
FFFFFE4E
00000082
FFFFFFAE
00000006
0000012B
00000082
00000112
000000F1
FFFFFEAC
0000020C
00000196
000001E5
00000186
00000199
0000026B
00000295
00000147
00000085
000001C8
0000031A
00000220
00000331
000000A8
FFFFFEDD
000000E4
00000026
0000013B
00000022
FFFFFE9E
000000B7
00000201
FFFFFFE1
00000030
FFFFFD9B
FFFFFF92
FFFFFEB6
FFFFFEC2
000000EE
00000135
FFFFFE55
0000003E
00000346
0000016C
00000165
00000024
0000029D
000001D2
00000000
00000060
000000C3
000000B0
00000059
000000A4
00000088
FFFFFEFF
0000011D
00000109
000001AE
0000018F
FFFFFFC0
0000024C
00000138
000000E6
FFFFFEEF
000001AE
00000125
FFFFFF7C
0000006B
FFFFFF40
0000005C
FFFFFE1B
FFFFFF66
FFFFFEB3
FFFFFFA9
FFFFFF32
FFFFFF4F
000000D2
FFFFFF4E
FFFFFF04
000000E9
0000001E
FFFFFEFB
FFFFFE94
FFFFFECD
FFFFFE90
FFFFFFDD
FFFFFF29
FFFFFEC4
000001F8
00000036
FFFFFF7C
000000A7
FFFFFEB1
0000005F
FFFFFFF3
000000D3
00000069
FFFFFD8B
FFFFFFAD
FFFFFDFF
00000139
FFFFFDEB
000000A6
000001ED
00000074
00000254
0000016C
00000080
00000082
0000026E
000000FD
00000004
00000173
000001C4
000000DA
00000077
FFFFFEB9
0000002D
FFFFFEAE
0000009E
0000003A
000002CC
00000147
000000DC
00000036
00000245
000000CE
000000B2
FFFFFF24
0000025D
FFFFFE7B
00000043
FFFFFFDE
FFFFFE46
00000075
FFFFFEDD
00000108
00000054
00000134
FFFFFEE9
00000040
FFFFFF62
00000109
FFFFFFA9
00000028
00000058
00000031
0000012D
FFFFFEF1
FFFFFEFD
0000019D
FFFFFE7F
000000F6
FFFFFEFA
0000008B
FFFFFF6B
0000002C
00000186
0000002E
0000014D
00000186
FFFFFE38
00000178
FFFFFF60
0000008E
0000014D
FFFFFF37
0000012B
FFFFFFC8
FFFFFF6C
0000014B
000001BE
FFFFFEF4
000001FA
000001B2
FFFFFFC9
FFFFFEF3
FFFFFEB9
FFFFFF51
00000163
0000012E
FFFFFDD2
FFFFFEA1
FFFFFF3D
00000159
000001C5
000002C7
0000010B
00000186
00000103
0000012F
00000231
00000003
FFFFFF18
00000009
0000020F
00000088
000001C0
0000019B
00000025
000001DE
FFFFFFA6
00000098
FFFFFFE7
000000A6
FFFFFF46
00000059
FFFFFEC7
000001ED
00000078
FFFFFF81
FFFFFEEA
00000251
FFFFFFD9
000001F2
0000017E
000000F4
000000DD
00000042
00000127
FFFFFE32
000000E1
00000138
FFFFFE01
FFFFFFF4
FFFFFE18
0000003C
FFFFFF8D
FFFFFFD4
FFFFFF54
FFFFFFBB
0000017D
FFFFFD12
0000023F
FFFFFCF2
00000049
FFFFFECC
00000121
00000105
FFFFFFED
0000017D
00000224
FFFFFEDC
00000235
000000DF
000000F5
FFFFFF0E
00000124
FFFFFFD9
FFFFFFC3
FFFFFF71
00000004
00000058
000000A4
00000285
0000012A
000000A5
FFFFFFDF
0000005C
00000016
0000012E
FFFFFFDF
0000008B
FFFFFF49
00000187
FFFFFF65
0000001D
000001D8
FFFFFD76
00000034
FFFFFD26
FFFFFFBA
FFFFFFE5
FFFFFF9A
00000028
0000017A
FFFFFFF3
000000A4
0000020D
000000E9
000002F6
FFFFFFFB
000001E5
FFFFFF5B
00000045
00000021
0000018C
FFFFFEB0
FFFFFF18
000000FC
000000FF
FFFFFF52
FFFFFF13
FFFFFE46
000000BF
FFFFFFB3
FFFFFE99
FFFFFF49
000000C2
0000016A
000000D2
FFFFFE4B
00000019
00000175
00000078
00000146
00000010
000001EF
000000E9
000000AE
0000013F
00000005
00000009
000000DB
00000061
FFFFFE92
0000013F
0000000C
FFFFFF9F
FFFFFE3F
FFFFFE7E
000000C8
0000009C
FFFFFF45
FFFFFE69
FFFFFEB0
00000091
FFFFFE84
FFFFFFFC
FFFFFDF0
FFFFFEE3
FFFFFDA2
0000005F
FFFFFF05
FFFFFF17
0000007C
FFFFFE50
0000010F
FFFFFF4C
FFFFFFA2
FFFFFE8F
0000015B
0000004B
00000063
FFFFFEB4
FFFFFEDF
00000245
FFFFFF80
00000136
00000362
000000F9
000001F8
00000078
FFFFFF67
FFFFFED3
00000091
0000008D
00000189
FFFFFDD3
FFFFFFAC
FFFFFE48
FFFFFFE3
FFFFFF77
FFFFFF53
FFFFFE92
FFFFFF5A
FFFFFF6E
FFFFFF2A
FFFFFF24
FFFFFF2D
0000006F
FFFFFF8B
000001BD
00000216
000000C9
FFFFFF98
FFFFFFE5
00000033
000000C9
00000255
00000093
00000057
0000015B
00000058
0000009C
00000064
000000E9
FFFFFED8
FFFFFECF
00000023
00000076
0000019E
FFFFFE2B
00000110
FFFFFF79
0000012F
000000E0
FFFFFF51
0000005E
00000037
FFFFFEFC
FFFFFEA5
FFFFFE48
FFFFFFA6
FFFFFE23
FFFFFED1
FFFFFFFF
FFFFFF6F
FFFFFE8E
FFFFFD58
FFFFFCBD
0000012C
FFFFFE38
FFFFFD08
FFFFFF6E
FFFFFF08
FFFFFF63
000000D1
FFFFFE8A
FFFFFC86
FFFFFD77
00000025
FFFFFBEE
FFFFFD80
FFFFFFF5
FFFFFED5
FFFFFF58
0000008A
FFFFFEBF
00000030
FFFFFE6E
000000BE
FFFFFFAC
FFFFFFEA
FFFFFE68
FFFFFD3E
FFFFFD8C
00000162
FFFFFE3E
FFFFFF02
00000066
000000E9
FFFFFED5
FFFFFE7E
0000012D
FFFFFFE9
00000227
00000036
FFFFFEFD
FFFFFE30
FFFFFE8F
FFFFFEC1
FFFFFDD5
FFFFFDDC
FFFFFECA
FFFFFF53
FFFFFD82
000000AC
FFFFFEF6
00000062
FFFFFDFE
000000B0
FFFFFDD1
FFFFFDE1
FFFFFEE1
0000018B
0000001A
FFFFFC16
FFFFFF51
FFFFFFA5
FFFFFDA4
FFFFFFAA
000002A4
0000010B
FFFFFFC0
FFFFFF27
000000A1
00000030
FFFFFF99
000001CF
000000FC
0000017B
00000164
FFFFFD6D
0000010A
00000082
00000224
0000001C
FFFFFF68
0000026B
FFFFFFCB
000000C4
FFFFFF44
FFFFFF91
FFFFFDE6
FFFFFBCC
FFFFFF13
00000108
FFFFFF5B
FFFFFC29
FFFFFE0C
FFFFFDE3
FFFFFE0B
FFFFFE46
00000294
0000005B
FFFFFE27
00000097
000000D7
FFFFFD76
FFFFFDC3
FFFFFFA7
FFFFFE7D
FFFFFFAA
00000168
FFFFFDB4
FFFFFF54
FFFFFEF8
FFFFFD30
FFFFFDFD
FFFFFEE4
FFFFFD4D
000000E2
FFFFFFC3
0000000F
FFFFFE5A
FFFFFF0E
00000064
FFFFFEE9
FFFFFF45
FFFFFEF5
FFFFFEB7
000000F9
FFFFFF8F
FFFFFE02
0000014F
00000295
FFFFFF6D
FFFFFFD9
FFFFFF1E
FFFFFEB8
0000013B
FFFFFD3E
0000018C
00000059
000000BC
0000029A
000001A2
FFFFFFC8
0000029D
FFFFFF9F
FFFFFE1F
FFFFFFD8
FFFFFDFF
FFFFFFE7
FFFFFF20
FFFFFE56
0000000B
FFFFFF68
FFFFFFC5
0000012D
FFFFFD4E
00000011
FFFFFEBD
00000039
FFFFFE81
00000205
FFFFFF95
FFFFFF28
000000FC
00000045
000001B3
FFFFFDC9
FFFFFFD1
0000015B
FFFFFED8
00000198
0000009F
000002E1
000000E5
00000123
0000034F
00000184
00000108
0000030F
000001DD
000003C7
00000151
00000156
FFFFFFDE
FFFFFE02
FFFFFE50
FFFFFE93
00000057
0000012C
FFFFFD9E
FFFFFF2C
FFFFFE98
FFFFFF9D
FFFFFFF1
0000012E
FFFFFF37
000002AA
000001C1
00000089
00000362
000000A2
FFFFFF24
FFFFFCBD
00000100
000001DE
000000FE
FFFFFE74
FFFFFD9D
000001CF
FFFFFD61
000001F2
FFFFFE5D
000001B9
00000075
00000196
FFFFFFD1
0000014D
FFFFFFDD
FFFFFDDA
00000047
00000288
0000027D
FFFFFF3E
00000025
0000015B
00000240
000003A6
FFFFFFFE
FFFFFE39
FFFFFDC5
FFFFFFFD
FFFFFE74
000001AA
FFFFFF79
FFFFFE45
FFFFFFCA
000000BD
0000006F
000001E7
FFFFFF73
00000036
00000270
00000108
FFFFFED0
FFFFFCF0
FFFFFFB0
000001AE
00000096
FFFFFFC2
FFFFFE01
FFFFFF60
FFFFFF12
000000A7
00000084
00000051
FFFFFD68
FFFFFFF7
FFFFFFFA
FFFFFF1F
FFFFFF74
FFFFFF5A
FFFFFEBF
FFFFFEC8
FFFFFE0E
FFFFFFD9
FFFFFF05
FFFFFC75
00000127
FFFFFFEA
00000162
FFFFFF8D
FFFFFFD0
FFFFFE52
000000B2
FFFFFCE5
FFFFFFFB
FFFFFFEF
00000010
FFFFFEFA
0000012A
0000009D
FFFFFDB6
FFFFFEE4
000000A1
0000033D
FFFFFFC9
FFFFFD01
00000101
FFFFFF7A
FFFFFED5
FFFFFF12
000000B5
0000022E
FFFFFFDD
0000028E
00000100
000001E7
0000004E
00000000
00000083
FFFFFDD4
0000003A
FFFFFF35
0000003F
000000F5
FFFFFF35
FFFFFE97
FFFFFD55
FFFFFF33
00000366
00000162
FFFFFF92
FFFFFFE8
0000010E
FFFFFEA8
000000C1
FFFFFFFA
FFFFFDEB
FFFFFF87
0000025C
FFFFFDE9
FFFFFDF8
FFFFFFB9
FFFFFEA4
FFFFFEF8
00000018
00000064
FFFFFF1E
FFFFFF87
FFFFFD7A
00000080
FFFFFE92
FFFFFFD0
FFFFFEA7
FFFFFE3D
FFFFFD83
FFFFFFCF
00000059
FFFFFE78
FFFFFEDB
FFFFFF69
0000009B
000001E5
FFFFFEC3
FFFFFF24
FFFFFECE
FFFFFFC6
FFFFFDDF
000001E0
0000005A
FFFFFFD4
FFFFFE7C
000001F4
00000177
FFFFFEE5
FFFFFEAE
FFFFFE83
FFFFFF64
FFFFFDDE
FFFFFE42
00000046
FFFFFE0A
FFFFFD99
0000021B
000000B0
0000019B
000000F4
FFFFFFAE
000000C3
000000A7
FFFFFFBF
00000072
0000023F
000000DA
000001BD
000000CC
00000003
000000E3
00000275
000003B2
0000002D
FFFFFEFE
0000009D
FFFFFE30
0000018B
0000027D
FFFFFE5B
FFFFFEE6
000000A1
000000C3
000000CB
FFFFFF8C
00000015
FFFFFFEE
00000111
00000048
0000000A
00000222
0000037E
00000380
0000021F
000002A6
00000029
0000028B
000000EA
00000018
000000B8
00000006
FFFFFE5C
0000008A
FFFFFF38
FFFFFFD2
FFFFFE32
FFFFFD52
FFFFFE8D
000000C2
FFFFFE72
00000297
0000021E
00000228
000002D0
00000291
0000035A
0000015C
000001DE
00000261
FFFFFFE3
FFFFFE3E
FFFFFDEB
FFFFFFB4
FFFFFD85
0000008D
FFFFFE1F
FFFFFD7E
FFFFFF1D
FFFFFFD5
000000CA
0000002C
FFFFFE17
FFFFFFBE
FFFFFFCC
000000C6
FFFFFD3D
0000010C
FFFFFED4
00000105
00000036
FFFFFFCC
00000010
FFFFFF74
0000018A
000003F8
FFFFFFC0
FFFFFDB8
000001CF
0000010C
FFFFFFDC
FFFFFEF2
00000115
000001AF
FFFFFFE8
00000056
FFFFFF90
00000090
FFFFFF28
000002EC
0000002C
0000006C
0000011B
0000013E
000001EF
FFFFFE20
FFFFFEA1
0000010F
FFFFFF83
000000FE
FFFFFF76
FFFFFEE6
00000005
FFFFFF68
FFFFFEE5
000000A6
FFFFFF8F
FFFFFF8C
00000012
00000070
000002AF
00000000
FFFFFFA5
000000B5
FFFFFF71
FFFFFEC1
FFFFFEB0
FFFFFBEE
000000C4
0000003F
FFFFFD79
000000AE
00000164
FFFFFF2B
FFFFFFA5
0000017C
FFFFFFA1
00000133
000000B2
00000237
FFFFFF4F
FFFFFF46
000000F9
FFFFFF56
FFFFFE48
FFFFFF3F
00000269
FFFFFDC7
00000202
00000135
0000014F
000003F2
00000021
0000004A
00000265
00000280
00000035
00000231
000001D4
FFFFFEE4
FFFFFFF9
000001EF
0000003B
FFFFFE82
000002CE
FFFFFEBA
FFFFFEBF
00000113
0000002F
FFFFFF15
FFFFFFE1
FFFFFE42
FFFFFED4
FFFFFFA7
FFFFFF98
0000009E
00000089
FFFFFF44
FFFFFDC8
0000002E
FFFFFFC5
FFFFFE59
FFFFFD37
0000005E
FFFFFD51
FFFFFD83
0000004F
FFFFFDAB
FFFFFE0A
FFFFFD12
000000D0
00000003
FFFFFE39
FFFFFE07
FFFFFF9B
FFFFFE72
00000040
FFFFFF1D
FFFFFEA7
FFFFFD72
FFFFFE78
FFFFFFDB
FFFFFEA0
FFFFFEB6
FFFFFF4D
FFFFFD6E
00000057
0000008B
00000072
00000232
FFFFFEDD
FFFFFF6D
00000047
FFFFFE8E
000001AC
000000F8
FFFFFF32
000001FD
0000013A
FFFFFDE9
00000163
FFFFFF89
FFFFFE10
00000138
FFFFFF30
00000182
00000069
FFFFFFA9
00000180
FFFFFD91
0000019C
000001D9
FFFFFE01
00000136
FFFFFE0A
0000005A
FFFFFE54
0000001C
FFFFFE94
0000000B
FFFFFCBC
00000109
000000C9
FFFFFED0
00000050
00000163
FFFFFD43
00000159
00000291
FFFFFDBB
FFFFFEB1
00000111
FFFFFF45
00000103
00000100
FFFFFE88
FFFFFEEB
FFFFFE79
FFFFFDFA
000002A7
FFFFFDC2
FFFFFEC0
000003BD
FFFFFBAD
FFFFFF3E
00000308
FFFFFCD9
000000A1
00000125
0000008D
FFFFFFF6
FFFFFE61
000001DE
000001CA
FFFFFEFD
FFFFFDE4
0000021B
000000A7
FFFFFF4A
FFFFFF72
FFFFFFF8
000000CB
FFFFFE45
0000018B
FFFFFF23
FFFFFE9E
00000126
FFFFFCD6
FFFFFF35
0000015D
FFFFFEC8
FFFFFE3F
000001E6
00000044
000001DE
FFFFFECE
000000D3
FFFFFE9D
000000FF
000001F9
0000014F
0000005F
FFFFFED9
FFFFFF5D
00000501
000000A7
00000155
00000075
00000126
000001A8
00000198
FFFFFF37
FFFFFE4C
FFFFFF6E
FFFFFC9C
FFFFFF5F
0000014C
FFFFFF48
FFFFFD6D
00000057
FFFFFD4A
FFFFFF6D
000000D3
0000018C
FFFFFF0D
00000106
00000142
FFFFFE62
0000010B
00000032
FFFFFEEF
00000165
FFFFFF51
FFFFFE42
FFFFFE1C
FFFFFEEF
FFFFFD68
FFFFFFF0
00000012
000001A5
FFFFFFAF
00000064
000000FE
FFFFFF9F
FFFFFF52
FFFFFE4F
00000057
FFFFFF77
FFFFFF87
FFFFFEFA
FFFFFED0
FFFFFFA1
00000005
FFFFFEBF
FFFFFF2C
00000016
FFFFFF56
FFFFFDBD
FFFFFE99
FFFFFFEB
FFFFFECC
0000009B
000001E4
FFFFFCB9
FFFFFDC2
FFFFFE34
FFFFFD6E
00000126
FFFFFF3F
FFFFFFEE
0000023E
FFFFFECE
FFFFFE53
FFFFFFE7
0000000E
000001E2
FFFFFED0
0000013C
000001D3
00000121
0000016A
0000018C
FFFFFE11
FFFFFE32
0000013E
00000116
FFFFFFAF
00000000
00000123
0000015F
FFFFFFCC
000001C9
00000100
FFFFFD01
000002D2
FFFFFEC1
FFFFFE46
000000C6
FFFFFBFD
FFFFFFC7
FFFFFFD1
FFFFFDF9
00000187
000001AD
00000006
00000103
000002BE
00000250
000002E0
00000179
00000087
000000AC
FFFFFF7F
FFFFFEFE
FFFFFE5D
FFFFFC70
FFFFFFFB
00000144
FFFFFF50
000000E7
FFFFFECD
000000A1
000000C9
FFFFFF01
00000052
FFFFFFFC
000000EC
0000022C
00000127
FFFFFF3D
FFFFFFBE
00000278
000001D7
FFFFFEAE
FFFFFFB3
0000012B
0000014E
0000021F
FFFFFEAA
00000178
00000310
FFFFFF1F
FFFFFE04
FFFFFE6D
FFFFFE22
00000001
FFFFFFDD
FFFFFD6D
00000115
FFFFFF14
FFFFFD5D
000001F2
FFFFFF2C
FFFFFFD9
00000091
FFFFFDCF
FFFFFE20
FFFFFE23
00000107
FFFFFF73
000000D8
00000118
000001DF
FFFFFF03
00000066
FFFFFF33
FFFFFEAF
000000D5
000000CC
FFFFFECB
0000012E
FFFFFD53
FFFFFE2A
FFFFFF9C
000001D5
00000082
FFFFFFDE
FFFFFFF3
00000199
FFFFFEB0
000000D3
FFFFFE95
FFFFFE32
FFFFFEDA
FFFFFD2A
000000A7
00000212
FFFFFE87
0000004E
FFFFFF69
FFFFFFFA
FFFFFECE
FFFFFEDF
0000015F
0000008B
000000ED
FFFFFFA3
000003EB
FFFFFF92
FFFFFFB2
000002F6
FFFFFE83
0000011F
FFFFFF72
00000060
FFFFFF6F
000000E3
00000149
FFFFFF5F
0000003B
FFFFFC84
000000DE
FFFFFE40
FFFFFEEB
FFFFFFD2
FFFFFCBC
FFFFFD7B
FFFFFDF9
FFFFFF61
FFFFFFBC
FFFFFEB4
00000097
0000023A
000000BD
FFFFFF4F
00000099
FFFFFE91
000002BC
FFFFFD00
FFFFFEB0
FFFFFD6D
FFFFFDD1
0000031F
FFFFFFF7
FFFFFDA8
0000012D
FFFFFDF1
00000145
00000069
FFFFFFAB
0000012E
000001A9
FFFFFF02
0000021E
000000DB
000001C8
FFFFFD08
000002ED
00000019
0000014A
000001E5
FFFFFED0
FFFFFFD6
0000013A
FFFFFF8C
FFFFFEFD
FFFFFFB8
FFFFFF37
FFFFFD31
000001E6
FFFFFC76
FFFFFE71
0000004C
FFFFFC36
FFFFFE67
0000014B
0000017C
FFFFFEF2
FFFFFF33
000001D4
FFFFFFEF
000000EA
0000008F
00000080
FFFFFF56
00000042
FFFFFC97
000001B4
FFFFFEF1
FFFFFC93
0000002F
FFFFFE0F
0000020F
000000F9
000000C6
00000055
000001BF
000001F5
0000039C
FFFFFF90
00000174
0000010B
FFFFFDF7
FFFFFF5F
00000024
FFFFFEB6
FFFFFF9D
0000009A
FFFFFD39
FFFFFF5F
FFFFFF36
FFFFFF52
FFFFFF6B
FFFFFE19
00000274
FFFFFF72
00000215
FFFFFFCE
00000077
FFFFFF36
000000CB
0000019B
FFFFFDFA
FFFFFEB8
00000266
000000A9
FFFFFE19
00000281
FFFFFF51
FFFFFDDE
000002B1
FFFFFD4E
FFFFFD84
FFFFFF30
00000072
000000FA
FFFFFE1B
000001D2
000001DB
000001E6
00000091
0000010B
0000013A
00000219
FFFFFF32
00000082
FFFFFF68
0000002D
000001B4
0000005A
FFFFFF3E
00000251
0000021B
000000BA
000001CD
00000024
FFFFFEFE
FFFFFF85
FFFFFEBD
FFFFFE19
00000015
FFFFFE95
00000080
00000256
FFFFFFA0
FFFFFEED
0000021F
00000278
FFFFFF68
00000020
000000F9
0000010C
000003A6
FFFFFE07
00000317
FFFFFFB5
FFFFFCC5
00000228
FFFFFF2F
FFFFFEA4
000000F9
FFFFFE03
FFFFFEB6
FFFFFF96
FFFFFECE
FFFFFF16
FFFFFDF6
00000103
FFFFFF0D
FFFFFFA3
FFFFFC6D
00000031
00000152
FFFFFEB7
000000B0
000001A9
0000002B
FFFFFF65
00000021
FFFFFF46
FFFFFEF2
0000009D
000001A5
00000160
FFFFFE45
FFFFFEA9
FFFFFF59
FFFFFE21
FFFFFE3E
FFFFFEDA
FFFFFFF2
00000146
00000166
FFFFFD55
FFFFFF67
FFFFFFF5
FFFFFE10
FFFFFF1A
FFFFFE21
FFFFFF61
00000065
FFFFFFAB
FFFFFE74
FFFFFF82
FFFFFF83
00000176
FFFFFF31
FFFFFED8
000001AE
0000015E
FFFFFEAB
000000ED
FFFFFEF1
FFFFFF0A
FFFFFE9C
00000072
00000070
000002C2
FFFFFE73
FFFFFE72
0000026A
0000019E
00000050
000001E0
FFFFFE88
000000B7
FFFFFF84
FFFFFF7A
FFFFFEB5
FFFFFF52
000001A2
00000010
000001E9
FFFFFFA3
0000004D
FFFFFFE7
FFFFFE86
FFFFFD6C
000000C3
FFFFFDC9
0000017C
FFFFFE83
FFFFFD4F
00000177
000001D4
FFFFFE9F
000000CE
0000013E
FFFFFF28
000001F2
00000054
00000014
00000146
FFFFFE63
FFFFFF97
00000167
0000002A
0000012F
00000034
FFFFFF08
000001A5
FFFFFDFC
FFFFFF56
FFFFFEF6
FFFFFDB6
FFFFFE2D
000000CB
FFFFFFC0
FFFFFDF3
00000096
000000DB
FFFFFF65
0000011A
FFFFFFD9
00000007
00000020
FFFFFF7D
0000006E
0000013B
0000014D
00000012
0000005E
000001C6
FFFFFE70
FFFFFFAA
FFFFFF11
FFFFFF3D
FFFFFF1C
FFFFFFF5
00000043
000000AD
0000017C
FFFFFDAC
FFFFFFB8
FFFFFF0C
000000FF
FFFFFF6C
FFFFFF59
FFFFFF9E
FFFFFF3A
FFFFFFE7
FFFFFFCE
FFFFFEE1
FFFFFED4
FFFFFF7C
00000148
FFFFFF7B
0000000E
00000057
000000A4
FFFFFF13
FFFFFF16
00000054
FFFFFFC5
0000005E
FFFFFF56
FFFFFFF3
00000018
FFFFFF4D
00000096
00000090
FFFFFEC7
0000007A
000000A3
00000102
0000012C
FFFFFFA6
FFFFFF47
000000DE
FFFFFF4E
00000003
FFFFFFFC
000000C9
0000000D
FFFFFF98
00000063
FFFFFFAB
000000F3
FFFFFEC3
FFFFFDE6
00000031
FFFFFFB7
0000007C
000001F8
FFFFFF80
000000E0
FFFFFFA0
FFFFFF77
00000026
00000098
00000028
00000134
FFFFFE3C
FFFFFEE6
FFFFFF91
000000C7
FFFFFFB1
FFFFFFAC
FFFFFE10
FFFFFEC9
FFFFFE5C
000000A6
00000190
00000171
FFFFFF83
FFFFFF48
FFFFFED1
FFFFFFDA
0000002A
FFFFFF8F
FFFFFF7E
0000003A
FFFFFF4F
FFFFFE07
FFFFFE1B
FFFFFDE0
FFFFFF80
FFFFFFE7
00000032
FFFFFE05
00000052
FFFFFFD2
FFFFFE97
FFFFFD9C
FFFFFF01
FFFFFF7E
FFFFFF7B
FFFFFFE3
FFFFFF62
FFFFFFE8
000000AA
000000F2
FFFFFE0C
000000C4
FFFFFEAD
000000D7
FFFFFF11
FFFFFF59
FFFFFDEB
00000007
FFFFFED6
FFFFFEE6
FFFFFE48
FFFFFF75
FFFFFEC2
FFFFFED9
FFFFFFD5
000000A3
00000127
FFFFFFF8
0000004F
FFFFFE8A
00000016
FFFFFED8
00000028
0000008D
FFFFFE76
FFFFFF6D
00000023
FFFFFF43
FFFFFF8A
FFFFFFFB
0000009C
00000081
FFFFFFD9
0000006E
00000228
00000010
FFFFFF3E
0000003E
FFFFFF04
FFFFFE02
FFFFFEAC
00000072
FFFFFF62
FFFFFF25
FFFFFC70
FFFFFDDF
FFFFFDD4
0000011C
FFFFFDB5
FFFFFEA9
000000BA
000000A7
0000001F
0000018B
FFFFFF33
00000022
0000019D
0000010D
FFFFFF72
FFFFFEFE
FFFFFFEA
FFFFFEBC
000000A7
000000A4
0000012F
FFFFFFD4
00000117
FFFFFF6F
000000B6
FFFFFF96
FFFFFFE9
FFFFFF23
00000087
00000038
FFFFFFAD
00000048
FFFFFE5D
FFFFFED8
FFFFFFB9
FFFFFF11
FFFFFFD2
FFFFFFC3
00000082
FFFFFE96
00000033
FFFFFFB7
000000D7
FFFFFE61
FFFFFEF1
0000014B
FFFFFE7A
000000CB
FFFFFDEA
FFFFFFD7
FFFFFFB2
FFFFFF41
00000105
FFFFFF01
00000142
0000002B
00000073
0000006A
000000E6
FFFFFF4D
0000000E
00000005
0000003B
FFFFFE37
FFFFFFCA
FFFFFDF1
0000003C
00000038
0000018A
00000151
00000023
00000108
000000F3
FFFFFFAB
FFFFFFC1
00000103
00000122
00000012
FFFFFEB2
00000104
00000091
FFFFFEDB
FFFFFF93
FFFFFE87
FFFFFF95
00000056
00000203
0000000A
000001AF
FFFFFF9C
000001F1
00000061
0000013E
FFFFFF73
00000112
FFFFFFF4
FFFFFFC9
FFFFFF3F
FFFFFEF3
0000020A
FFFFFECD
FFFFFFEE
FFFFFF69
00000082
FFFFFEFF
00000107
00000097
00000048
FFFFFCE5
000000E1
00000018
FFFFFFE4
FFFFFF0F
0000008F
0000008D
000000CB
0000014B
00000041
FFFFFEAB
000000C5
FFFFFEFB
00000085
000001E9
FFFFFEEC
00000049
0000006F
FFFFFF57
FFFFFF7C
00000054
00000012
FFFFFFF5
000000D5
FFFFFEE5
000000AE
FFFFFFC8
000000A6
FFFFFF16
000000DF
FFFFFF72
00000102
0000003C
00000000
FFFFFF65
FFFFFEB0
FFFFFF66
0000001B
FFFFFFA4
FFFFFEF7
FFFFFF07
0000008E
FFFFFFDD
00000115
FFFFFFB6
000001AB
FFFFFF4B
0000019D
000000AC
00000083
0000003B
00000140
FFFFFF9B
0000004F
FFFFFECF
FFFFFF90
FFFFFFF7
000000AE
00000089
FFFFFFC5
00000056
0000012D
FFFFFEF9
000000F2
00000006
00000192
0000002D
000000F2
FFFFFFD1
FFFFFEE5
FFFFFF02
FFFFFFEA
00000071
0000002B
FFFFFF4D
0000006A
0000000E
FFFFFFB9
00000001
FFFFFF7B
00000128
000000AC
FFFFFFC9
FFFFFFAB
FFFFFEB3
00000172
0000002A
000001B0
00000117
FFFFFFA8
000000D4
FFFFFFF8
000000F3
00000122
000000D1
FFFFFF5A
0000008E
00000190
000001DB
00000061
FFFFFE98
FFFFFEBE
FFFFFE5F
000000E6
FFFFFF7B
000001B9
FFFFFF2E
00000247
FFFFFFF1
00000084
FFFFFE82
00000122
000000E1
000000F6
FFFFFFCC
FFFFFF0C
0000001D
00000052
00000016
FFFFFFB5
FFFFFFF7
FFFFFF26
FFFFFEFC
000000C8
000000C5
00000145
FFFFFE92
00000009
00000077
0000019B
0000007E
FFFFFF82
0000024C
FFFFFF33
000002A0
FFFFFE73
FFFFFF58
FFFFFF7D
00000034
000000BD
00000181
00000090
FFFFFF66
000000E0
00000149
00000143
0000003E
FFFFFF03
FFFFFFE1
00000094
FFFFFF40
FFFFFFD1
FFFFFEF4
FFFFFFAB
00000103
0000016B
000000D1
FFFFFF5A
FFFFFF42
00000004
FFFFFE3F
0000000A
FFFFFE7C
FFFFFE95
FFFFFF50
FFFFFFD9
FFFFFEEA
FFFFFF2B
000001A9
0000002E
FFFFFFC2
FFFFFE01
00000012
FFFFFFE2
0000011A
FFFFFFA3
FFFFFEB5
000000BD
FFFFFFDD
FFFFFF52
FFFFFFA2
FFFFFFDF
FFFFFFCA
0000010B
00000057
FFFFFEC0
FFFFFF4A
FFFFFF58
FFFFFFA0
FFFFFF9B
00000031
FFFFFECA
FFFFFEFD
000000B1
00000169
000000A3
00000014
000000D0
FFFFFF13
00000143
000000B5
00000098
FFFFFF90
00000121
FFFFFFD6
FFFFFEB3
FFFFFFC2
FFFFFE8D
FFFFFF9F
0000000C
00000106
FFFFFE96
0000005A
FFFFFFA8
00000081
FFFFFDE4
0000004D
000000C0
000000A4
FFFFFE7F
0000006C
FFFFFF85
FFFFFFA8
FFFFFF18
FFFFFF8F
000000D1
FFFFFF9B
FFFFFF37
FFFFFF3F
FFFFFF04
00000018
000000FB
00000065
00000211
FFFFFF6B
FFFFFEC6
0000012B
0000009A
0000018F
FFFFFF0A
0000002D
0000011E
FFFFFEE0
FFFFFFDD
000000BA
FFFFFF6B
0000009B
FFFFFE7F
FFFFFFE5
FFFFFFE9
FFFFFFB3
FFFFFEB0
0000025A
FFFFFF55
000001E3
FFFFFF22
000000BC
FFFFFE4B
000000B4
FFFFFFF6
00000133
FFFFFF40
00000005
FFFFFE77
00000015
FFFFFE5F
00000172
FFFFFF5D
FFFFFF8E
000000D7
FFFFFFFF
00000117
000001B7
0000014E
FFFFFEE8
00000056
000000D4
00000177
00000058
0000017F
FFFFFFBF
0000017C
FFFFFF28
00000031
FFFFFEEE
FFFFFFB8
00000080
00000115
FFFFFE38
0000009C
0000004D
0000027A
FFFFFF57
000000C2
FFFFFF71
000000A5
FFFFFFB0
000000BD
FFFFFFFA
FFFFFFE6
00000093
FFFFFF8F
00000165
FFFFFDEF
000000A1
FFFFFED8
FFFFFD93
FFFFFF92
000001A3
0000023A
FFFFFDB3
FFFFFD53
000000F8
FFFFFDE4
FFFFFEC4
000001EF
000000BD
FFFFFDAC
FFFFFF3E
00000113
FFFFFE9E
000002A2
00000157
FFFFFC1F
00000375
FFFFFCC2
FFFFFDC0
000002AB
FFFFFF14
000001FD
FFFFFDD4
FFFFFDB5
FFFFFE73
FFFFFCC1
00000078
00000180
FFFFFE4C
0000025A
000001B1
FFFFFE00
0000032E
FFFFFF3F
000000A4
000002E8
000001C2
00000161
FFFFFFB2
FFFFFF85
FFFFFCFE
0000000A
FFFFFE10
00000040
0000013B
FFFFFC55
FFFFFC59
000000A7
0000015F
FFFFFDFF
FFFFFEFE
FFFFFEBC
FFFFFBF8
FFFFFEA1
000002C3
FFFFFFA2
FFFFFF1D
000002F1
FFFFFE9E
00000006
00000159
FFFFFFD1
FFFFFFC3
00000342
FFFFFF54
FFFFFFF6
FFFFFBE2
000001F4
FFFFFF0D
FFFFFF9C
00000243
FFFFFCA1
0000001C
000000EB
FFFFFE9D
0000010F
FFFFFC69
FFFFFF42
00000243
FFFFFCA2
00000015
00000233
FFFFFF1C
FFFFFE45
00000160
FFFFFED3
000000D7
000000F0
00000030
00000253
00000184
FFFFFFA8
FFFFFEAC
0000013A
0000001B
FFFFFFD8
00000085
FFFFFE2C
00000162
FFFFFE0E
FFFFFEAC
0000008C
FFFFFC81
00000113
FFFFFD33
FFFFFD11
000003AA
00000023
0000014F
00000302
00000080
000002F2
FFFFFDED
000001DA
00000268
FFFFFCF2
FFFFFFC2
00000049
FFFFFEC6
00000024
00000098
000002AF
FFFFFF2E
FFFFFEB8
FFFFFE59
FFFFFEAE
000000FF
0000003D
FFFFFC75
00000013
000001C9
FFFFFD8D
FFFFFF4E
00000164
FFFFFEAE
0000005D
FFFFFDF9
FFFFFE75
FFFFFE06
0000003E
000000FA
FFFFFFBC
FFFFFDEF
00000268
FFFFFF6A
FFFFFDA7
FFFFFDE3
FFFFFC3D
00000034
FFFFFEB0
FFFFFDBB
000002E4
FFFFFCD7
FFFFFC33
FFFFFD53
FFFFFEA7
FFFFFF5C
0000003B
FFFFFF32
00000162
FFFFFF28
FFFFFE64
FFFFFD18
FFFFFF7B
000001CC
00000092
FFFFFFCE
FFFFFCE2
FFFFFE8D
00000049
FFFFFC4C
FFFFFD43
FFFFFC54
FFFFFE3C
FFFFFF7B
00000020
FFFFFF7D
FFFFFED6
00000162
00000193
00000267
000001C6
00000169
FFFFFDC3
00000164
FFFFFD98
FFFFFDA7
FFFFFF9C
0000017D
00000202
FFFFFEC5
000001C4
0000015E
00000044
00000049
0000015C
00000001
0000024F
FFFFFE9B
000003EC
FFFFFDE9
0000024F
FFFFFBFF
FFFFFE7E
00000364
FFFFFF12
FFFFFF0F
000000F2
FFFFFE58
00000105
00000019
FFFFFBCF
0000002B
0000016E
FFFFFCB2
FFFFFEBF
FFFFFF46
FFFFFDA7
000000D5
FFFFFE0C
000000D9
FFFFFDED
0000007B
000000C4
FFFFFF1A
FFFFFE32
000002D7
000002B9
00000217
FFFFFD08
0000013F
FFFFFF97
FFFFFE51
FFFFFE91
0000015D
FFFFFEFB
FFFFFDBD
FFFFFF78
0000012B
00000060
FFFFFE26
FFFFFF0C
FFFFFF80
FFFFFF59
00000082
0000017B
00000092
00000085
FFFFFFF3
FFFFFD53
FFFFFFA4
FFFFFDF3
FFFFFF94
00000165
FFFFFD2A
0000016E
00000318
00000060
FFFFFE14
FFFFFF90
00000024
000000F2
FFFFFFC7
FFFFFF31
FFFFFFAF
FFFFFFC1
FFFFFD61
000000E3
00000451
FFFFFC97
00000128
00000112
FFFFFD04
000001FF
00000021
FFFFFDE0
FFFFFE21
FFFFFE84
FFFFFE19
FFFFFE10
00000002
FFFFFDBF
FFFFFCEF
00000155
FFFFFFC2
FFFFFD7F
0000011D
00000258
00000084
0000018A
000000E5
00000019
00000174
000000E7
FFFFFEB3
00000410
00000176
FFFFFE2A
0000032D
FFFFFF1D
FFFFFDF7
FFFFFF20
FFFFFD18
0000003D
FFFFFECC
FFFFFEF3
FFFFFEFC
FFFFFEA2
FFFFFEBE
0000047D
FFFFFCE0
0000033B
00000286
FFFFFD99
0000034F
0000002D
FFFFFCA1
000001ED
FFFFFECD
00000277
FFFFFC33
FFFFFDA7
00000343
FFFFFC93
FFFFFD41
0000007C
FFFFFF77
000003D0
FFFFFEFD
000001F0
0000044C
FFFFFC5B
0000044D
0000022E
0000003B
000000F0
00000215
000001E7
FFFFFE68
0000001D
000000F8
FFFFFE7E
FFFFFD9B
000001DB
FFFFFF7F
FFFFFCC4
000001FD
0000000F
FFFFFDA4
000000EF
000000B0
FFFFFFE5
FFFFFDCE
0000008E
00000264
00000291
00000235
0000016F
00000095
000002F0
000002D5
000000AB
0000029F
0000008C
00000191
0000020E
FFFFFF0F
FFFFFEC1
000001B4
00000015
FFFFFE42
FFFFFF12
FFFFFE38
FFFFFD1B
FFFFFD8D
FFFFFEDB
00000102
FFFFFC9F
FFFFFF7A
00000154
FFFFFC4D
00000145
FFFFFF81
FFFFFE33
FFFFFF99
00000404
FFFFFD06
FFFFFF0D
0000024C
FFFFFC6A
FFFFFF47
00000088
00000020
FFFFFF18
0000011C
00000272
000002C1
FFFFFFC8
00000132
FFFFFFCF
00000144
FFFFFE3B
00000102
FFFFFFC8
00000026
FFFFFEA0
FFFFFFE8
FFFFFFE4
000003B5
0000004C
000000B5
000000F3
FFFFFF3A
00000007
00000045
FFFFFE3F
0000023B
FFFFFDA0
000002AD
000000B5
FFFFFE2E
00000117
FFFFFFB2
FFFFFCC2
00000082
00000194
FFFFFF2C
00000284
FFFFFDA8
0000018E
0000030C
FFFFFE9B
FFFFFFF8
FFFFFFAE
000002D5
000000AC
000000EC
0000027E
0000016F
0000015D
00000226
00000362
000001E4
00000086
00000173
FFFFFCDD
0000007D
000000F4
000000D4
FFFFFE80
00000094
000001B5
FFFFFE9B
0000004A
00000171
000000D8
FFFFFE25
FFFFFF66
00000035
00000128
00000132
000001C8
00000038
FFFFFE88
00000161
000001CD
FFFFFE35
00000140
FFFFFDE4
FFFFFD05
FFFFFF28
000001E9
FFFFFEFA
FFFFFE71
0000023D
000000B6
00000066
000000AF
0000011C
0000009F
FFFFFF51
FFFFFE3F
000002EE
000001AC
0000016D
0000007B
0000007F
00000077
00000127
FFFFFF91
FFFFFFDF
000003BD
000000FE
FFFFFF8E
00000052
000000EA
0000004F
FFFFFF74
FFFFFC71
000001CF
FFFFFEF8
FFFFFED7
FFFFFFB6
000001F2
FFFFFDBB
00000185
00000297
FFFFFEFC
00000496
FFFFFD88
FFFFFF70
000003AA
FFFFFD35
FFFFFFB1
00000392
FFFFFF45
00000050
FFFFFF8E
000000A6
0000054B
FFFFFFD7
000005BB
000002CC
FFFFFE42
000001EC
FFFFFF39
00000102
FFFFFD5A
00000112
000001AB
000001D4
FFFFFD51
FFFFFDC5
00000271
FFFFFF5E
FFFFFEDD
000000B8
FFFFFF31
00000187
FFFFFDF9
FFFFFEEE
000001AA
00000118
00000015
FFFFFE32
0000012F
000000F3
00000173
FFFFFDB8
FFFFFE34
FFFFFED0
FFFFFC2E
FFFFFEEB
000001F3
FFFFFD61
FFFFFF00
0000028F
FFFFFFDB
00000011
000001D5
FFFFFF24
000000E6
FFFFFCE2
FFFFFC96
FFFFFE80
0000008F
FFFFFE34
FFFFFF34
FFFFFD25
FFFFFBF8
00000156
FFFFFFBC
0000011B
00000132
0000000C
FFFFFE0A
FFFFFF72
FFFFFDF6
FFFFFE88
FFFFFEDE
FFFFFEFE
FFFFFFE2
FFFFFDA0
FFFFFDB2
000000A6
FFFFFF60
0000000A
0000013C
00000082
000000F3
0000003E
FFFFFEE8
FFFFFD6A
FFFFFF92
FFFFFEF2
00000005
00000080
FFFFFEA8
FFFFFDCC
0000011E
00000168
FFFFFE9E
FFFFFE46
FFFFFF70
FFFFFF57
FFFFFE46
FFFFFF64
FFFFFED2
FFFFFFF7
FFFFFFF8
0000007A
00000049
0000014B
FFFFFF87
0000008F
FFFFFE71
0000016E
0000020C
FFFFFFD2
00000003
0000010A
FFFFFE7D
FFFFFD83
FFFFFF84
000000E6
00000245
FFFFFD2F
FFFFFC7E
000000C5
FFFFFC07
FFFFFCF6
000003BE
FFFFFEA3
00000063
FFFFFF34
000001F9
FFFFFF47
00000001
FFFFFEAC
FFFFFED8
FFFFFD9F
FFFFFD4A
00000017
FFFFFDDA
FFFFFEB2
00000077
00000276
FFFFFFBC
00000218
00000015
000000DC
00000014
000000E4
00000043
00000059
00000136
FFFFFF12
000000C1
0000017F
FFFFFF9A
0000010F
00000128
FFFFFD4B
FFFFFD99
000000C2
FFFFFE92
000001DF
FFFFFFC1
FFFFFE60
FFFFFD27
FFFFFF12
FFFFFEFE
FFFFFF6D
FFFFFF8D
FFFFFFDF
FFFFFE00
FFFFFE7B
FFFFFF9D
FFFFFFD4
FFFFFF3C
00000055
FFFFFED3
FFFFFFBC
FFFFFDBC
000001A7
FFFFFEB5
0000004D
000001D6
0000012A
FFFFFFBC
FFFFFD1F
00000183
0000030B
00000025
FFFFFFA9
FFFFFF23
00000045
00000198
FFFFFEBA
FFFFFEA4
0000008D
0000012B
FFFFFD60
FFFFFEAA
FFFFFDD5
000000B7
FFFFFF54
000000FC
00000057
00000337
FFFFFF22
FFFFFF1B
FFFFFD8B
FFFFFEC1
FFFFFF61
000001D7
FFFFFEFB
FFFFFCEC
0000005F
FFFFFDAF
FFFFFF08
0000022E
FFFFFEF3
FFFFFE07
FFFFFEFD
000002B1
00000083
FFFFFCFE
FFFFFF86
0000005E
0000018B
00000059
FFFFFF23
FFFFFD3B
FFFFFD99
FFFFFFC1
FFFFFFB0
FFFFFED9
FFFFFE3E
FFFFFF00
FFFFFF50
000000AB
000000B6
FFFFFDAB
FFFFFDDF
00000064
FFFFFD10
FFFFFDC1
0000026F
FFFFFC82
000000BA
000002DF
FFFFFFFB
000000D6
00000350
000001A2
00000139
00000231
0000025C
FFFFFF2F
00000394
00000282
FFFFFFAC
FFFFFF80
00000147
FFFFFEB6
00000390
FFFFFED8
000000CE
0000001D
FFFFFF26
00000209
FFFFFFC1
000001B7
00000136
FFFFFFBD
FFFFFFBC
0000000B
00000012
00000024
FFFFFFAC
FFFFFDA1
FFFFFCF6
FFFFFF40
000000EA
FFFFFFFB
00000224
0000004D
000000A3
FFFFFEDB
FFFFFE41
FFFFFF4B
0000025D
0000004C
FFFFFFB6
FFFFFF7D
0000005A
00000113
FFFFFF6E
FFFFFEAC
000001CA
0000007B
FFFFFEE1
00000252
FFFFFF4A
000000A8
00000170
FFFFFEE9
FFFFFEEB
000002A0
FFFFFF3B
FFFFFF42
00000379
FFFFFFA4
00000169
00000181
0000006A
FFFFFF5F
FFFFFF2C
FFFFFF03
0000009C
00000068
000000CB
FFFFFF5C
000000DD
00000362
00000140
FFFFFF25
FFFFFF56
FFFFFF2E
FFFFFE83
000000E6
00000184
0000015D
FFFFFE6D
FFFFFF4F
0000017C
FFFFFFD2
FFFFFE39
00000008
FFFFFF13
000002F5
FFFFFEF5
00000203
000001A8
00000062
0000011B
FFFFFFAE
FFFFFF62
FFFFFECD
FFFFFFBB
00000219
000002B2
FFFFFDB9
0000019E
FFFFFF98
FFFFFE39
00000088
00000051
00000102
0000018F
0000006B
FFFFFF65
000000C4
FFFFFFC3
00000113
00000087
FFFFFEDA
0000003B
FFFFFFA2
0000016D
00000100
FFFFFFDB
00000113
000003AB
FFFFFFA3
FFFFFFD7
0000000C
FFFFFD99
FFFFFF2A
FFFFFE51
FFFFFE28
000000AC
FFFFFFED
FFFFFDFA
FFFFFFA3
FFFFFD3C
0000003D
FFFFFFF6
0000014A
0000014C
FFFFFFF3
FFFFFE5C
00000049
FFFFFF70
00000036
FFFFFDC1
FFFFFE9E
000000E9
00000065
FFFFFF51
00000146
0000007C
FFFFFFE2
00000036
FFFFFF1E
FFFFFF3D
00000190
FFFFFDA8
00000082
00000424
FFFFFF23
0000015A
000000D5
000000A3
FFFFFF5A
FFFFFF82
FFFFFD86
FFFFFF02
0000002D
0000013C
FFFFFDBE
00000085
FFFFFF6F
FFFFFD0C
000000F3
FFFFFD4C
FFFFFE25
FFFFFE82
000001B8
FFFFFEF5
FFFFFFBF
FFFFFF82
000001F3
000002AC
000001B4
00000248
0000027F
00000150
FFFFFE6B
00000041
00000051
FFFFFE00
0000011B
FFFFFE5B
000000B4
000000B1
FFFFFF48
FFFFFED3
000001C2
FFFFFF4D
00000019
FFFFFE91
FFFFFF73
0000005F
FFFFFF1D
000001A0
FFFFFEFF
FFFFFEC3
FFFFFD49
0000007C
FFFFFD06
FFFFFFED
FFFFFE56
00000228
FFFFFEB0
FFFFFF01
FFFFFF07
00000167
FFFFFEAD
000000A1
FFFFFE97
FFFFFDA7
0000028A
FFFFFE10
FFFFFF23
FFFFFD64
000000B0
000001BB
FFFFFF22
0000011A
00000095
FFFFFEC4
FFFFFE10
000001AE
000000A8
FFFFFFF3
000000A3
FFFFFE9C
FFFFFFBF
000000E7
FFFFFEA7
FFFFFE40
0000010A
0000034D
0000016A
00000053
FFFFFFC6
00000156
000000C3
FFFFFF90
000001A5
000001EC
FFFFFF7D
000000A2
00000299
000001B5
FFFFFFA8
00000096
FFFFFE0A
00000202
FFFFFDE7
FFFFFDDE
FFFFFFC8
00000182
FFFFFD86
000001CA
FFFFFEAD
FFFFFC68
FFFFFE5D
0000022B
FFFFFE8F
00000062
000000C2
FFFFFF89
000001E7
000003BC
FFFFFE98
00000209
FFFFFDB3
FFFFFE7F
FFFFFE57
FFFFFF67
000002FC
FFFFFF65
FFFFFE01
FFFFFE05
00000103
FFFFFF47
000001B6
FFFFFFD3
FFFFFEF2
000001EE
00000070
000000AE
0000012E
0000007B
00000129
FFFFFFD0
00000238
00000050
000001DB
0000014B
00000093
000003F3
00000224
FFFFFEED
00000004
000001E0
000001D7
FFFFFDC0
FFFFFDB6
0000006C
00000169
FFFFFF4D
000000A1
FFFFFD15
FFFFFF8A
FFFFFF07
FFFFFDE8
FFFFFE85
FFFFFFF3
FFFFFCB7
00000074
FFFFFFB8
FFFFFF77
FFFFFFA4
FFFFFF71
00000008
FFFFFFEA
FFFFFF77
00000079
000000C9
FFFFFEC8
FFFFFF84
FFFFFFDC
000000B8
FFFFFE8E
000000C5
FFFFFFFB
FFFFFF7B
FFFFFEF9
FFFFFF90
000001B4
00000077
FFFFFEEA
00000053
FFFFFD98
FFFFFEEA
FFFFFF3A
FFFFFFCB
0000007F
000000ED
FFFFFF38
000002A3
000000B0
000002FE
FFFFFEBA
FFFFFF95
00000112
FFFFFF59
FFFFFEF2
FFFFFF74
FFFFFFAD
000000D4
00000140
FFFFFF1B
000000E7
0000009A
000000BA
FFFFFFEA
FFFFFF0F
FFFFFFE8
00000196
00000081
0000028E
0000038E
000000C4
FFFFFEC1
FFFFFF6E
FFFFFF4B
0000003E
FFFFFFD1
000001BE
000002A5
FFFFFF59
FFFFFF3E
FFFFFF43
000000EE
FFFFFF3C
FFFFFFB6
FFFFFED7
FFFFFDAA
FFFFFFF1
0000002A
0000021E
