FFFFFCC1
00000160
00000266
FFFFFF4E
00000324
FFFFFD07
FFFFFB9C
00000197
FFFFFC3B
000001BB
00000115
0000006D
FFFFFBEC
000001B0
FFFFFCD8
000002AF
0000003A
000002D6
FFFFFEC7
FFFFFE5C
FFFFFF2E
FFFFFA5A
000003DA
00000047
FFFFFF25
FFFFFBE8
FFFFFF93
FFFFFCDE
00000172
FFFFFD31
FFFFFDA7
FFFFFBE6
0000010A
FFFFFF18
FFFFFA33
000001F5
00000123
FFFFFFCC
000001B4
0000015B
FFFFFC78
0000035D
00000344
FFFFFE83
00000237
FFFFFBE9
0000017B
FFFFFBCA
FFFFFBB1
FFFFFFCB
FFFFFE55
00000204
00000309
FFFFFF30
FFFFFCE5
00000141
FFFFFE5C
00000596
FFFFFEEF
0000019C
FFFFFCB4
000000A9
FFFFFDD6
FFFFFF5C
00000337
FFFFFFAF
00000022
00000223
000001B1
000003F0
00000239
FFFFFE83
00000375
FFFFFCCE
00000260
FFFFFCB4
000001F8
FFFFFE11
FFFFFD86
00000252
FFFFFD14
0000020F
FFFFFF26
FFFFFE60
0000036B
FFFFFC6E
FFFFFF5E
0000040F
000002F2
FFFFFF6A
FFFFFDF8
00000146
FFFFFEE1
FFFFFCA2
FFFFFE1F
FFFFFDA6
0000008C
000002A7
000000CF
00000368
FFFFFBBE
000003E4
FFFFFE92
FFFFFC9F
000002E5
0000024C
FFFFFCE7
00000263
0000014C
0000016B
000002A4
000000D6
FFFFFF23
FFFFFD70
000002DB
FFFFFF90
FFFFFEE5
00000066
FFFFFDAF
FFFFFFF3
00000137
FFFFF95F
FFFFFE75
FFFFFBF2
FFFFFC01
FFFFFF75
FFFFFF87
00000265
000000E5
0000016C
000000F8
FFFFFEBB
FFFFFD94
00000273
000001E3
FFFFFEDD
FFFFFE12
FFFFFB92
0000029B
00000506
FFFFFDA5
0000013C
0000040E
FFFFFE62
00000228
FFFFFCFC
00000264
00000208
FFFFFF5D
000000D1
000000EE
FFFFFE1E
FFFFFDC9
FFFFFE18
00000121
FFFFFE5C
FFFFF7A5
000001F7
FFFFF8DA
FFFFFDCE
00000156
00000159
000001C8
00000065
00000345
FFFFFB71
00000144
FFFFFE50
FFFFFEE1
FFFFFF96
000001AF
00000343
FFFFFF2F
FFFFFF66
000004B3
FFFFFDC7
FFFFFFD6
FFFFFF54
00000014
FFFFFE83
FFFFFE97
00000145
FFFFFEC2
0000027D
000000BB
FFFFFD24
00000372
00000316
FFFFFF0A
FFFFFD71
FFFFFE55
00000319
FFFFFDC4
FFFFFEE0
000000F4
00000000
000000EA
000002BD
FFFFFD86
FFFFFD2A
FFFFFCBC
FFFFFCCC
FFFFFB0D
FFFFFDD9
FFFFFC66
00000213
FFFFFEE1
FFFFFD65
FFFFFCFF
00000285
FFFFFF8B
FFFFFBFE
000001D9
00000109
FFFFFDF0
FFFFFFFA
FFFFFC7F
FFFFFE89
FFFFFCF5
00000294
000001C3
FFFFFE62
00000135
00000075
FFFFFF78
000001C7
FFFFFE1F
FFFFFDA9
00000137
000002D4
00000168
FFFFFEA2
00000565
FFFFFBCD
FFFFFD59
FFFFFF8D
FFFFFF93
FFFFFEFA
0000019D
FFFFFE4C
FFFFFFC8
000002C8
FFFFFD96
FFFFFF9E
0000003A
FFFFFF90
FFFFFC46
00000437
FFFFFE5B
0000006D
0000043B
FFFFFCEF
000001B8
000000E2
FFFFFC46
000005A3
000004F4
FFFFFF47
000002AD
00000360
FFFFFED5
00000028
FFFFFFDA
000001FB
0000001D
00000199
0000020A
FFFFFCCD
FFFFFE49
FFFFFFD0
0000030E
000001F1
000003CC
FFFFFE2B
00000118
FFFFFFC4
FFFFFEA1
00000140
FFFFFC6E
FFFFFD6F
FFFFFF41
FFFFFF15
0000009D
FFFFFF17
000000E3
0000043C
000002CB
000002D7
FFFFFF22
000001A8
FFFFFEE0
0000033F
00000192
000001A8
0000042F
00000228
000000A2
FFFFFDFD
00000448
000001B2
FFFFFDDC
FFFFFEFF
000000F2
FFFFFE31
0000035A
FFFFFD6A
000001F9
FFFFFD96
0000039A
FFFFFF31
0000005C
FFFFFEA0
FFFFFE5E
00000366
FFFFFDF2
0000004F
FFFFFDA5
FFFFFBE4
FFFFFE49
FFFFFEA4
000001DC
FFFFFBF8
FFFFFBD9
FFFFFC46
FFFFFE23
FFFFFF65
0000012F
0000048B
00000220
0000018F
FFFFFDB9
00000343
FFFFFB13
0000000D
FFFFFDD5
00000096
000003AE
FFFFFADB
0000022E
00000477
FFFFFEC5
000004A3
000000ED
0000006E
000001BD
FFFFFE04
00000162
0000023C
FFFFFE60
00000258
FFFFFD68
0000002A
00000131
000004C4
00000035
0000004E
000001A9
FFFFFDF0
00000268
00000087
FFFFFDCB
FFFFFB2C
FFFFFF1D
000002C3
000001C0
FFFFFF49
FFFFFDFD
FFFFFD61
0000002F
FFFFFFE3
00000115
00000336
0000004B
000000A4
000004D8
00000129
00000277
00000071
FFFFFF18
000000D3
00000209
000001BD
FFFFFF2D
FFFFFCF9
00000105
FFFFFC6F
0000001F
FFFFFFB9
00000207
FFFFFB2D
FFFFFF42
00000024
FFFFFD0E
00000059
000001A7
FFFFFEBD
00000426
FFFFFF81
000002A1
00000083
0000024D
000004E5
0000038C
000000B4
000003A7
FFFFFE16
FFFFFC55
FFFFFFC1
FFFFFD3A
FFFFFF2C
00000316
FFFFFDA2
000000FD
FFFFFD46
FFFFFCEC
FFFFFBDE
FFFFFF5B
FFFFFD57
FFFFFCE0
FFFFFD2D
00000128
FFFFFBD4
FFFFFE3A
FFFFFE33
FFFFFFC4
00000001
00000171
00000013
00000016
FFFFFF9E
00000461
FFFFFE4C
FFFFFD2B
FFFFFADD
00000122
FFFFFF58
0000000C
FFFFFD6D
000001CF
FFFFFF5E
FFFFFF30
FFFFFE96
00000074
000001A6
FFFFFEC9
0000030D
00000162
00000287
FFFFFD4B
000000B1
00000114
FFFFFE33
FFFFFFE5
FFFFFC9E
FFFFFEBF
00000005
FFFFFD06
000000E5
FFFFFF74
0000009C
00000358
000003E1
FFFFFC61
00000240
FFFFFD79
FFFFFFC4
0000028C
00000425
FFFFFE54
00000073
00000103
000000B0
FFFFFF50
00000034
00000095
FFFFFD8E
00000168
0000009D
00000305
FFFFFE37
FFFFFADC
00000174
FFFFFF86
FFFFFF35
FFFFFF7A
000003C8
0000002E
00000461
FFFFFB09
FFFFFF05
000000E4
FFFFF9F0
FFFFFCC9
FFFFFA6E
FFFFFF3C
0000004D
00000000
00000361
0000009C
FFFFFCAA
FFFFFF89
0000014B
FFFFFF62
FFFFFFE1
FFFFFD47
FFFFFA2E
00000317
FFFFFBDC
FFFFFB4E
FFFFFE63
00000041
FFFFFEC8
FFFFFE40
FFFFFD7E
FFFFFD00
FFFFFE8F
FFFFFB9C
FFFFFCB8
FFFFFE19
0000008F
FFFFFCF9
FFFFFC6F
FFFFFFF8
0000008F
FFFFFE05
FFFFFF7D
FFFFFDCB
FFFFFF7A
FFFFFEAE
FFFFFE49
FFFFFE3B
00000050
FFFFFC05
FFFFFF04
000000AD
FFFFFCB8
00000245
FFFFFD91
FFFFFA30
0000005C
00000508
000001E7
0000048A
FFFFFD63
FFFFFF99
FFFFFF95
0000046B
FFFFFD8D
00000044
FFFFFF43
FFFFFC42
FFFFFE03
FFFFFA90
FFFFFFD2
FFFFFCB2
FFFFFE69
FFFFFDBF
FFFFFF54
0000005E
FFFFFE3B
00000123
FFFFF956
000001CF
FFFFFB14
FFFFFBE6
FFFFFD9B
FFFFFE98
FFFFFF44
FFFFFCA1
FFFFFFE7
FFFFFDE5
000000A8
000001FF
FFFFFF00
0000027A
FFFFFDB0
FFFFFE0B
FFFFFFDA
FFFFFDEC
FFFFFFB9
0000019D
FFFFFEA6
00000055
FFFFFD8D
00000040
000001A0
FFFFFD79
00000106
000000CF
FFFFFF98
000003C4
FFFFFE24
FFFFFF78
FFFFFE8E
FFFFFF39
FFFFFD3B
FFFFFF8D
FFFFFFD6
FFFFFB11
00000354
0000007A
FFFFFE12
FFFFFCB3
FFFFFF8F
00000162
FFFFFD8A
FFFFFDF3
000002AA
FFFFFC3C
00000122
0000045F
0000012B
FFFFFC89
00000157
FFFFFC9A
FFFFFDFF
00000189
FFFFFD96
000001AB
FFFFFF40
FFFFFEC4
0000022D
FFFFFF59
FFFFFF53
FFFFFE6E
00000062
000001F4
0000003E
000000C5
0000009F
00000462
0000042A
00000053
FFFFFCF7
0000016B
00000125
00000570
000001F9
0000012B
00000253
FFFFFDF3
00000149
00000151
FFFFFFE0
FFFFFFCE
00000157
00000278
000000B3
000002B2
000000F5
FFFFFFCF
000002BD
FFFFFC71
FFFFFF27
00000492
FFFFFB5F
FFFFFEFE
FFFFFE9C
FFFFFDBE
FFFFFF43
FFFFFC6D
00000375
FFFFFE68
000000AD
FFFFFF7C
FFFFFDEE
FFFFFF44
00000338
FFFFFE68
00000173
FFFFFD23
000000F8
FFFFFDF3
0000028F
FFFFFEB2
00000035
000000EA
00000072
0000013C
FFFFFD17
FFFFFE1D
FFFFFFA8
FFFFFFF4
00000140
FFFFFFD6
FFFFFC12
000001F1
FFFFFFA5
FFFFFF81
0000009B
000000B5
FFFFFE40
FFFFFE0D
000000BD
FFFFFF94
FFFFFE65
FFFFFE8E
FFFFFDB3
FFFFFFEE
FFFFFD98
0000008B
00000228
0000032B
FFFFFF5C
FFFFFF3F
00000282
00000048
FFFFFE1D
00000269
FFFFFDB2
FFFFFF80
00000219
FFFFFEFF
000002F1
0000035B
000003A4
FFFFFEB8
00000306
000001CD
0000013A
0000024F
FFFFFF84
FFFFFC3D
FFFFFEAF
00000071
FFFFFDD5
FFFFFE17
00000162
FFFFFEEF
0000020F
000001A8
000000B5
000001CC
FFFFFE5C
00000329
FFFFFE52
FFFFFE15
FFFFFECA
FFFFFE0D
FFFFFDC5
FFFFFDEB
000001D7
FFFFFF3F
FFFFFFB9
FFFFFD71
000003AD
FFFFFDD4
0000001A
0000018E
FFFFFF34
FFFFFFA9
FFFFFFD6
FFFFFCC1
FFFFFF16
00000333
0000002B
000001B1
0000010C
FFFFFFE3
FFFFFF35
FFFFFF39
FFFFFD30
FFFFFDB7
FFFFFF5D
FFFFFDDF
FFFFFDAC
FFFFFF77
000000B1
FFFFFD42
000000CD
FFFFFC95
000001F3
FFFFFFAE
FFFFFE4D
00000195
FFFFFDF7
0000000B
0000017B
00000109
FFFFFE7D
0000009F
FFFFFCFA
FFFFFF7C
FFFFFF3F
000001F6
FFFFFE2C
FFFFFCAC
000001E8
FFFFFCB3
FFFFFF1B
FFFFFDDD
FFFFFAC3
00000056
000001CD
FFFFFCCC
00000037
000004A7
FFFFFC82
FFFFFF98
0000006B
000000EA
00000185
00000126
FFFFFE69
000002C3
FFFFFEF8
000001AE
000001F4
0000010C
FFFFFD4F
0000009F
0000023A
00000094
0000018F
000001B7
00000378
0000028E
000003DA
00000261
00000052
0000017A
00000197
00000285
FFFFFEA3
00000219
FFFFFD93
FFFFFCF7
FFFFFF0E
FFFFFCCF
FFFFFBBE
000001E3
FFFFFF84
0000046A
FFFFFE63
FFFFFF1D
000001BE
00000093
000000BC
0000007D
00000244
00000129
00000113
0000029E
000001DC
FFFFFE03
0000006C
0000039D
FFFFFC1A
FFFFFF97
00000377
FFFFFE25
00000213
00000017
00000091
FFFFFF17
0000011E
FFFFFD5E
000000E2
0000020E
0000001A
FFFFFD8A
000001D5
FFFFFF6F
FFFFFEB6
FFFFFE95
0000006E
000002C2
FFFFFD11
000002FA
FFFFFCFF
00000039
0000027C
00000447
00000213
000002B3
FFFFFE62
00000032
000001B1
000000C5
000003DC
000002CB
00000192
FFFFFE3F
000000D9
FFFFFC71
FFFFFEC4
00000145
FFFFFEC6
00000115
FFFFFC17
FFFFFEF1
FFFFFEBA
00000148
0000001D
FFFFFCD2
FFFFFF72
FFFFFC0B
FFFFFFAC
FFFFFD9F
FFFFFE28
00000140
FFFFFF20
FFFFFB72
0000009D
0000008B
0000012A
000000B2
00000132
FFFFFD0E
FFFFFE26
000001A3
FFFFFEC5
FFFFFEE0
FFFFFFB9
FFFFFC09
0000005F
000000DB
FFFFFE09
FFFFFF72
FFFFFDBD
FFFFFDFD
FFFFFF3C
000001B0
00000180
000001EF
FFFFFC35
00000003
FFFFFB71
00000042
FFFFFD57
FFFFFF28
FFFFFFEC
FFFFFC54
FFFFFCC1
00000058
FFFFFEAA
00000011
00000309
000000C5
000002A3
FFFFFDBA
000000F0
00000220
FFFFFE6B
00000291
FFFFFC9C
FFFFFF7A
FFFFFFBC
FFFFFFBD
00000023
FFFFFDBD
000000E2
FFFFFF22
00000155
0000023D
000002F2
0000017B
00000315
FFFFFDC1
FFFFFF73
00000098
00000170
FFFFFDF8
000000E9
FFFFFEBC
FFFFFCA3
FFFFFDDC
00000378
FFFFFE88
0000006C
00000258
000000E1
FFFFFDE6
000001A9
FFFFFF55
FFFFFD75
000000DD
00000163
FFFFFDB5
00000061
00000034
FFFFFFBF
00000150
000000D1
0000027E
FFFFFB81
0000003D
FFFFFD02
00000221
FFFFFEE9
FFFFFD3F
FFFFFE1E
00000055
FFFFFCDA
00000087
0000022A
00000185
000000D1
0000016E
00000418
FFFFFFDF
FFFFFC44
00000312
00000081
0000025E
FFFFFE70
FFFFFE5F
0000012B
00000060
00000117
00000152
0000007C
FFFFFD11
FFFFFF78
0000032B
0000003D
FFFFFEE8
000000BC
FFFFFFC4
00000070
FFFFFFD6
FFFFFE95
00000214
FFFFFEB5
00000233
000001A6
FFFFFEF7
FFFFFEC2
00000068
0000008B
000001EA
000003E4
000001DD
000003FF
FFFFFFC7
FFFFFD85
FFFFFE2E
FFFFFFCE
FFFFFE2E
000001D2
000001E0
FFFFFF1A
FFFFFE30
00000286
0000014F
000001DE
00000103
FFFFFEB0
00000145
FFFFFEDE
FFFFFECD
000000B5
00000108
000001E7
FFFFFEE0
00000298
0000031C
FFFFFF17
00000283
0000020D
000002F9
000001B9
FFFFFE51
FFFFFFD0
00000374
FFFFFD36
00000361
FFFFFB76
FFFFFBB4
FFFFFFED
FFFFFDCC
FFFFFFD7
000000FA
FFFFFEC2
FFFFFB69
000000F7
FFFFFF96
FFFFFFA4
FFFFFF2A
FFFFFDBA
FFFFFE5A
00000084
FFFFFF6A
000000B7
FFFFFC7C
00000381
000000C8
FFFFFE43
00000160
FFFFFE23
FFFFFB75
000000D8
000000DA
FFFFFB0E
00000525
FFFFFD9C
00000127
000000EB
FFFFFB4C
000002C4
FFFFFFEB
0000001D
0000012C
FFFFFAA7
FFFFFC13
FFFFFFA9
00000321
00000021
FFFFFF48
FFFFFF4D
FFFFFED2
FFFFFFA7
00000119
FFFFFE21
FFFFFDED
0000024A
000001D1
FFFFFD0F
0000011A
0000005A
FFFFFB3C
000002D3
FFFFFFFD
00000061
FFFFFC93
FFFFFED4
0000006C
FFFFFB68
000001A3
0000028F
FFFFFE46
FFFFFC4D
0000005C
0000003D
000000D7
00000349
000000AF
0000007F
FFFFFA3C
00000605
000000C5
000000CB
FFFFFCBE
00000053
0000007A
00000329
FFFFFFD0
FFFFFB11
00000095
000000B6
00000064
FFFFFF41
FFFFFE9E
FFFFFF3C
FFFFFDBE
FFFFFDF0
00000329
FFFFFD59
000002EA
FFFFFF30
FFFFFFD6
0000029C
000000E3
FFFFFF94
00000277
00000010
00000258
FFFFFD86
000002B2
0000012B
00000225
000000E6
0000019C
000001B0
FFFFFDC9
00000560
FFFFFFA9
0000005C
000000A8
00000119
FFFFFD2C
FFFFFDD4
0000004B
00000309
FFFFFC5C
000001DB
0000024A
FFFFFDAE
FFFFFE68
FFFFFC1D
00000140
FFFFFE18
FFFFFFA0
000000A0
FFFFFF48
FFFFFE98
000000D8
000002E7
FFFFFC4C
00000167
00000009
000002C1
0000000C
0000002D
FFFFFDD3
0000048E
FFFFFECA
FFFFFDE0
FFFFFE44
FFFFF9CB
00000424
00000002
00000572
00000462
0000000B
FFFFFE7C
00000037
FFFFFD7D
000001C9
FFFFFE60
FFFFFC29
000001F5
00000004
000002B7
FFFFFE65
FFFFFDC7
FFFFFC29
FFFFFED2
FFFFF793
00000392
000001D5
FFFFFD3F
00000355
FFFFFB14
FFFFFEE5
FFFFFA41
FFFFFD35
0000021E
FFFFFCF5
0000015A
FFFFFEFA
00000017
0000016E
000001F0
FFFFFC96
FFFFFF3F
00000489
FFFFFFFA
FFFFFEB0
00000175
00000017
000000FE
FFFFFFE0
000001AC
0000011F
FFFFFBDA
FFFFFA49
0000028B
FFFFFF68
000000E8
000001E7
000000D4
FFFFFE1D
00000630
FFFFFC94
00000108
FFFFFD02
00000180
000000B7
FFFFFF49
00000183
FFFFFDD3
FFFFFC8F
FFFFFEB2
00000384
00000084
000005AB
00000060
FFFFFE10
FFFFFEF7
FFFFFD44
000003CE
FFFFFEAE
FFFFFDED
0000000D
FFFFFC06
FFFFFC5B
FFFFFF80
00000358
00000173
FFFFFDB6
000000E2
FFFFFD65
FFFFFFE4
FFFFFF15
00000356
FFFFFECC
000002BA
FFFFFB23
FFFFFB23
FFFFFC08
FFFFFD25
000000EE
FFFFFF98
00000005
00000092
0000023D
FFFFFC09
000000DF
FFFFFF6D
FFFFFFBC
00000053
000002EB
00000058
FFFFFE86
FFFFFD69
FFFFFFFA
00000026
FFFFFE6B
00000395
FFFFFD1F
00000250
FFFFFE62
0000013F
00000010
FFFFFE07
000000E3
FFFFFB18
000001BD
0000032F
0000013B
FFFFFF6B
FFFFFC34
FFFFFE5B
0000005F
FFFFFB25
00000291
00000178
00000056
00000307
FFFFFCC3
00000197
FFFFFC12
00000021
FFFFFFED
FFFFFB8A
00000351
0000012C
0000017C
FFFFFF55
00000279
FFFFFE6F
FFFFFC86
00000394
000000C0
0000046B
FFFFFEA0
00000120
FFFFFD0C
00000254
000001BD
0000020A
FFFFFCB4
FFFFFDE6
FFFFFE65
00000081
FFFFFFF0
000000A6
00000446
000001A8
FFFFFE5B
000001C0
0000019D
00000051
000000AF
00000063
0000015D
FFFFFF6A
FFFFFECF
00000014
FFFFFAF9
FFFFFB4E
00000180
0000022A
00000006
FFFFFDDD
FFFFFE83
00000567
FFFFFEF8
FFFFFC95
FFFFFE03
00000410
00000371
00000376
00000342
FFFFFFC0
00000376
FFFFFEEC
00000088
FFFFFE7A
FFFFFCA1
00000236
000000D0
000003A5
FFFFFC98
FFFFFCCE
FFFFFDB3
00000530
0000024B
000000CA
FFFFFD4C
FFFFFC96
FFFFFD76
FFFFFF69
FFFFFE19
00000347
000001C7
00000147
0000025E
00000033
FFFFFCCA
FFFFFD83
FFFFFFC4
00000111
000002FB
FFFFFE23
FFFFFDB3
FFFFFF9A
00000031
000001B1
FFFFFCF1
FFFFFD87
000001BD
FFFFFEE9
000002A9
FFFFFCF6
000000A6
FFFFFEAF
00000271
00000298
FFFFFF43
FFFFFE6B
00000316
000002AB
000003C1
00000233
FFFFFD08
FFFFFE44
0000003A
FFFFFC47
00000210
FFFFFE48
0000009B
FFFFFFDF
FFFFFD27
0000014F
FFFFFDC4
0000020F
FFFFFC59
FFFFFB9B
000000B4
00000148
00000379
FFFFFB99
FFFFFCB2
FFFFFF82
00000116
FFFFFDC4
FFFFFE4C
0000015F
00000050
00000657
FFFFFD8F
FFFFFF57
FFFFFD87
FFFFFF1B
00000223
0000008C
FFFFFF41
FFFFFCDA
FFFFFF27
FFFFFDB3
00000253
000003ED
FFFFFDF5
00000197
00000198
FFFFFEB5
0000012C
FFFFFF8C
FFFFFCB6
FFFFFC0A
000001F6
FFFFFE5A
00000073
000000E4
000003DA
000000C5
FFFFFE20
FFFFFEDD
000000E8
FFFFFFEF
000002EF
FFFFFBAA
000000D5
FFFFFFB6
0000028C
FFFFFDF2
FFFFFFF6
00000070
000000DA
0000019A
FFFFFE3D
FFFFFBDE
FFFFFD04
FFFFFF72
00000164
FFFFFEB1
000002A6
000000EB
000001B0
FFFFFD7E
FFFFFFD8
FFFFFA18
FFFFFB83
FFFFFA70
FFFFFC07
FFFFFCD8
000003C9
000000BB
00000507
FFFFFD95
FFFFFDB9
FFFFFFB7
FFFFFC7A
0000058A
00000346
0000011C
FFFFFF84
00000031
FFFFFC50
00000172
00000018
00000345
FFFFFEEE
00000085
FFFFFF52
00000145
FFFFFDE2
000001C9
00000018
000001F9
FFFFFEAF
000001BB
00000029
00000468
FFFFFF55
FFFFFF49
FFFFFE08
FFFFFEB7
FFFFFF0C
FFFFFA5F
00000128
FFFFFEED
00000425
000001BA
000000A6
FFFFFD92
00000257
FFFFFEF3
FFFFFE3C
00000062
FFFFFD4B
FFFFFF04
FFFFFDBC
FFFFFB28
00000132
FFFFFEA6
00000221
00000608
0000007A
000003B8
0000003D
FFFFFE90
FFFFFE1E
FFFFFF48
FFFFFE83
FFFFFCC0
FFFFF92E
FFFFFDC9
FFFFFE82
00000185
00000084
00000201
FFFFFE29
0000021F
0000014D
FFFFFD71
FFFFFEE0
FFFFFCA7
0000053C
00000378
FFFFFB65
00000048
FFFFFFB6
FFFFFEA8
0000015E
FFFFFE04
00000112
00000248
0000017B
00000175
00000013
FFFFFF48
FFFFFA6F
FFFFFECC
00000120
FFFFFFFB
FFFFFC24
FFFFFE42
FFFFFB69
000001C4
FFFFFEB8
FFFFFB6A
00000193
0000000B
FFFFFEDA
FFFFFFCD
00000223
0000008D
000000BD
FFFFFF75
000001EB
00000554
0000003E
0000033C
FFFFFC99
FFFFFEE2
00000058
00000392
FFFFFDC0
00000119
00000548
FFFFF9C9
00000079
FFFFFB12
FFFFFBFF
FFFFFD19
000002CA
000000CA
000000FF
00000169
0000013A
FFFFFB77
FFFFFEAC
FFFFFD4A
FFFFFE4B
FFFFFFDE
000004DD
FFFFFF51
FFFFFDD2
FFFFFF19
000000B4
000004DD
000002A8
00000150
0000028C
000001E1
FFFFFF79
FFFFFD15
00000373
00000367
FFFFFF9F
000003B6
0000037F
FFFFFEFF
FFFFFDD3
00000022
FFFFFE64
FFFFFCC0
FFFFFCA8
FFFFFD68
FFFFFC6E
00000106
FFFFFBC5
FFFFFE15
FFFFFB58
FFFFF838
00000026
00000287
FFFFFEE1
FFFFFF3C
FFFFFF82
FFFFFD4A
FFFFFCF3
00000054
00000237
00000425
FFFFFF02
FFFFFE99
FFFFFF68
FFFFFD3F
00000087
FFFFFD02
00000500
FFFFFBB4
FFFFFDF9
FFFFFFE8
FFFFFFCB
FFFFFC19
000002D0
FFFFFF10
FFFFFEA4
000000DB
FFFFFCE2
000005D2
FFFFFFED
00000333
FFFFFD60
FFFFFD27
FFFFFCEA
00000253
FFFFFE03
00000007
FFFFFF8E
FFFFFD59
FFFFFFCF
00000146
FFFFFDC5
000000CC
00000459
FFFFFDFC
FFFFFF01
00000177
FFFFFF06
FFFFFE30
000000F2
FFFFFFDA
0000024C
FFFFFD91
00000432
FFFFFCDF
0000001E
FFFFFE3D
FFFFFB5B
000000EB
0000003D
00000069
FFFFFD7E
FFFFFD91
FFFFFC57
FFFFFFEF
0000015A
00000278
FFFFFE4E
FFFFFECB
000003DD
00000221
00000204
FFFFFDC5
FFFFFD75
000000BA
00000149
FFFFFF36
FFFFFE0E
00000260
0000014C
FFFFFF9A
000002D1
000003DD
FFFFFE1C
FFFFFF26
000000DB
FFFFFA70
00000067
FFFFFC98
FFFFFF8C
000000C9
FFFFFF61
FFFFF8F0
FFFFFF45
FFFFFF7A
FFFFFC34
00000041
000001C1
FFFFFDAB
FFFFFF69
00000323
FFFFFF93
00000539
000005D1
00000246
FFFFFE1D
00000220
FFFFFFE0
00000103
0000033E
FFFFFE26
00000434
FFFFFF67
FFFFFF90
FFFFFDB2
FFFFFF9A
0000057D
FFFFFFC2
FFFFFFD4
0000039A
000002B9
000001C1
FFFFFE58
FFFFFD7A
FFFFFD9A
00000004
FFFFFEEC
FFFFFE87
FFFFFCD4
000002CE
0000043E
00000017
00000118
FFFFFBDE
FFFFFD57
0000007A
FFFFFEAF
00000282
00000454
FFFFF9E3
00000286
FFFFFCD7
FFFFFEEB
0000010A
FFFFFDE3
FFFFFDEA
000001A4
FFFFFEE7
0000010E
FFFFF873
0000007B
000002CB
FFFFFD50
FFFFFF12
000003AB
FFFFFE42
000000CB
00000383
FFFFFF0C
FFFFFC0B
000000C0
00000517
FFFFFDAF
0000013E
0000037A
FFFFFA5E
00000263
FFFFFA79
FFFFFD1B
00000291
FFFFFE7D
00000141
FFFFFBC6
00000153
000000F4
FFFFFD95
FFFFFD82
FFFFFE37
FFFFFF99
FFFFFFA0
0000038D
000004E7
FFFFFE5B
FFFFFDCF
FFFFFC09
0000002C
FFFFFAAA
FFFFFC3D
00000105
0000005D
FFFFFCB9
FFFFFAF9
00000163
00000001
FFFFFB20
00000110
000000F8
000000CB
000003B1
FFFFFD49
000001CD
000001F0
000000F2
FFFFFF3B
FFFFFF58
FFFFFF6B
FFFFFDF3
FFFFFBC7
000004A6
000000C6
FFFFFD7D
00000085
0000011E
FFFFFFC8
FFFFFF4E
000002E6
0000040B
000001EB
000003B6
0000054F
00000602
000003D4
000001CF
0000025F
FFFFFF03
FFFFFD6C
FFFFFF7A
00000049
000003E3
00000338
0000001D
FFFFFF7F
000003E2
000002F0
FFFFFE4C
00000026
00000163
00000313
00000364
00000393
0000006F
000000D5
0000014E
00000170
FFFFFC9F
000004B9
FFFFFCBC
FFFFFDF3
FFFFFE16
FFFFFE97
000002CA
0000025B
FFFFFE5A
00000121
FFFFFC3E
FFFFFCE9
FFFFFFD9
FFFFFED0
0000005D
0000027E
000001CD
FFFFFB56
0000035C
FFFFFF95
000003FD
FFFFFDBC
000000D2
FFFFFEA9
00000130
FFFFFE31
00000317
FFFFFD07
FFFFFE38
0000018A
FFFFFE27
000003C4
FFFFFF7F
FFFFFF37
00000115
00000024
FFFFFBF3
FFFFFDCD
FFFFFCE0
00000059
0000004A
FFFFFC7D
FFFFFF5A
000002D3
000000D8
0000009C
FFFFFB8C
0000019B
000000D7
FFFFFDA0
000003FF
000002D8
FFFFFDED
0000023D
0000034A
FFFFFDB4
FFFFFC2C
FFFFFDC1
000001E5
FFFFFC2E
FFFFFF92
0000028C
00000253
00000130
000001D7
FFFFFEE8
0000021E
FFFFFC14
000000E6
0000019B
FFFFFDA9
00000158
FFFFFE76
000000E5
000002F5
00000441
FFFFFF15
00000297
000000D9
00000031
000003DB
FFFFFE06
000004BF
FFFFFEEA
0000020E
00000162
000005DD
000003D3
FFFFFF43
FFFFFFD8
00000520
FFFFFD91
000002A7
00000487
FFFFFE4C
000001CC
000001DE
0000037E
0000028D
00000072
FFFFFF06
000003E5
0000011F
FFFFF9F0
0000004E
FFFFFF91
FFFFF964
FFFFFBE3
000000AE
FFFFFC80
FFFFFBC2
00000051
FFFFFF20
00000332
FFFFFFAC
FFFFFF1F
FFFFFEA7
FFFFFB9A
FFFFFF6F
0000023E
00000065
0000010E
FFFFFFA8
00000318
FFFFFCC9
FFFFFF09
000002F5
FFFFFD88
0000049B
0000020F
000000E8
FFFFFF95
000002AE
00000346
0000036E
00000386
00000190
FFFFFE49
0000027A
0000002F
FFFFFE3D
FFFFFBF6
000001EC
000003A6
FFFFFF20
00000053
FFFFFBF0
000004B7
FFFFFC48
0000032D
FFFFFFC8
FFFFFB9C
FFFFFF09
000003EA
0000001B
0000022E
FFFFFEDD
00000397
FFFFFD91
00000034
0000072E
000005DC
00000199
00000482
000003FA
FFFFFFFE
FFFFFC68
FFFFFC93
0000014D
00000227
FFFFFC4A
000002E2
FFFFFD3B
FFFFFB31
FFFFFE82
000002D2
00000148
00000143
00000298
FFFFFF8E
FFFFFFF0
000001DD
0000011F
FFFFFCDD
FFFFFD7A
00000478
00000365
FFFFFDE9
FFFFFB70
0000012B
FFFFFB15
0000019B
0000006A
FFFFFC61
FFFFFCC2
000000F9
FFFFFAA4
FFFFFA73
FFFFFF2D
FFFFFDEB
FFFFFF42
FFFFFDB1
00000227
00000621
FFFFFC02
FFFFFAF0
FFFFFD6E
00000289
00000199
FFFFFEE1
FFFFFD75
000003C7
FFFFFED7
FFFFFDD9
000002FD
000000C1
0000009D
00000526
00000143
FFFFFE18
FFFFFEA0
FFFFFF66
00000185
FFFFFEF7
00000087
000003AA
FFFFFDC8
00000283
FFFFFEBC
000000ED
FFFFFFE7
FFFFFC53
000002F7
0000033B
FFFFFC02
FFFFFF1E
00000201
FFFFFEEB
0000033C
FFFFFF69
FFFFFFA0
FFFFFF94
0000007B
0000016C
FFFFFFC2
FFFFFEE7
FFFFFF06
FFFFFFED
00000026
FFFFFBBA
000001FD
0000027B
FFFFFF5D
FFFFFDA3
FFFFFD3C
00000245
000002B2
FFFFFFB7
000003AB
000001D9
00000415
000000BD
00000051
000002E9
FFFFFD74
FFFFFF0C
FFFFFE52
00000394
FFFFFB15
FFFFFE95
00000335
FFFFFD76
00000253
FFFFFD72
0000048A
FFFFFF12
0000032E
000001D6
00000388
000003A8
00000296
FFFFFCBA
FFFFFEDA
000003C9
000002B6
000003C8
FFFFFF00
0000042E
FFFFFE88
0000010D
FFFFFFC9
FFFFFB4B
FFFFFD77
FFFFFCE8
0000008B
00000214
FFFFFD5C
000000F2
FFFFFD93
000001B6
FFFFFCBC
00000149
FFFFFD83
FFFFFF0F
FFFFFFBB
FFFFFEC6
FFFFFC3A
00000361
000003B5
000002E4
0000026D
FFFFFA72
00000055
00000101
FFFFFEB2
FFFFFD8B
000000E1
FFFFFE70
FFFFFCE6
FFFFFF49
FFFFFE28
FFFFFEF8
0000019F
FFFFFEC6
000000E8
0000033A
00000220
0000008D
FFFFFD0D
000004B7
00000125
FFFFFCFD
0000018A
FFFFFD84
00000161
FFFFFEE5
000002D2
000001A0
00000348
FFFFFE8A
00000313
000002DD
FFFFFFA3
FFFFFF08
00000115
FFFFFE8E
FFFFFCFA
000002B2
000000BA
FFFFFEDC
00000139
FFFFFF9C
FFFFFBC4
FFFFFDD3
00000219
FFFFFF33
00000304
000003F3
000000E7
FFFFFEF1
FFFFFCDC
000002A1
FFFFFCD6
00000195
0000000B
FFFFFEFD
00000218
00000259
0000066A
000002EF
00000182
00000314
00000021
000004F7
00000503
FFFFFECE
00000051
00000269
000004C5
00000226
00000101
0000031F
FFFFFE69
00000629
00000032
FFFFFE28
FFFFFC46
000002B0
FFFFFF55
FFFFFE7F
FFFFFFD9
FFFFFF69
FFFFFC0F
FFFFFDDB
FFFFFE01
FFFFFB9E
FFFFFF4F
00000115
0000003D
FFFFFAC4
00000201
00000103
FFFFFC5A
FFFFFD07
FFFFFB51
FFFFFE0C
FFFFFE41
FFFFFD17
FFFFFD10
FFFFFC6B
FFFFFE86
00000508
00000232
FFFFFFB8
00000222
000002A6
FFFFFCBF
FFFFFC5E
FFFFFF4B
FFFFFE8D
00000216
FFFFFC2A
FFFFFD26
000001D7
00000316
0000000C
000004AE
00000066
0000042B
00000237
000003D4
FFFFFF3C
000003AA
00000103
FFFFFDB6
000000B3
FFFFFDF0
FFFFFE15
FFFFFA8C
FFFFFA58
FFFFFB4E
00000156
FFFFFB24
FFFFFBC7
FFFFFB58
FFFFFFB1
000002FE
FFFFFFDB
FFFFFFF8
FFFFFEF9
000003C6
FFFFFDA3
FFFFFE74
FFFFFE23
0000004D
00000027
FFFFFB36
000001C3
00000300
FFFFFF41
00000347
FFFFFCBF
000000C2
FFFFFFFB
FFFFFAA5
0000023A
FFFFFF45
FFFFFDB2
00000328
FFFFFC06
FFFFFF3F
FFFFFD6F
0000006C
FFFFFE59
000000F0
FFFFFC23
00000055
FFFFFCC2
FFFFFD64
0000009E
00000174
FFFFFFDC
FFFFFD7B
FFFFFCB3
000002C1
00000052
FFFFFEAA
0000016B
FFFFFE16
FFFFFB88
FFFFFD92
FFFFFDF4
FFFFFE05
FFFFFDD2
FFFFFFA1
0000059A
FFFFFFC9
000000EB
000001FC
000001DE
00000151
FFFFFCA4
FFFFFC4B
00000278
000000FF
FFFFFB50
FFFFFEE3
FFFFFEE2
FFFFF9B8
FFFFFBED
FFFFFD5F
FFFFFDFA
FFFFFCA1
FFFFF9DE
FFFFFFCF
FFFFFEFC
FFFFF91A
000002C7
FFFFFE9F
0000047D
00000347
00000081
0000002F
FFFFFBA3
FFFFFE49
000001C6
000001F8
000001E9
FFFFFE71
FFFFFCB6
00000357
00000271
FFFFFE66
FFFFFCBA
FFFFFE09
000002C8
FFFFFC81
0000004B
FFFFFE49
00000501
000003E1
FFFFFE1E
FFFFFBB5
00000039
0000023E
FFFFFE07
00000037
000000F4
00000295
FFFFFC93
00000025
0000014E
FFFFFF87
000004AF
FFFFFE87
000000ED
000002C3
000001B9
FFFFFDD2
FFFFFF36
0000028A
FFFFFFC8
FFFFFFD3
000000A4
FFFFFD7B
FFFFFFDC
FFFFFE86
FFFFFF5A
FFFFF9AB
FFFFFF5D
00000347
00000147
FFFFFFE5
FFFFFE6D
0000021D
00000115
000001FB
FFFFFCAE
FFFFFCFA
FFFFFE3D
FFFFFDC3
FFFFFF9B
000000A3
00000023
0000024A
FFFFFCF9
00000289
FFFFFE52
00000135
000000C8
0000012C
000001AE
FFFFFE55
000001DA
00000227
000000DE
00000000
000000F8
FFFFFCED
000004D1
FFFFFFD1
000003BF
FFFFFD3D
00000161
00000417
0000041A
00000072
0000036D
00000424
000005E7
FFFFFF88
000005D1
0000067B
FFFFFFBC
00000432
000003B5
0000036F
000005F1
000003D5
0000025E
000003DD
FFFFFEFE
00000359
00000156
000000FC
FFFFFE26
FFFFFCC2
FFFFFCD4
0000028F
00000252
FFFFFFFB
FFFFFE71
00000159
000002EB
0000020F
0000009E
0000042B
00000076
0000012A
000003F0
FFFFFD92
00000355
FFFFFFF6
00000290
0000077B
000001CA
000000FE
00000189
FFFFFCBC
0000048D
000002DC
00000222
00000359
000000B7
FFFFFE90
FFFFFFC2
FFFFFD85
FFFFFEBE
000002D6
FFFFFE58
FFFFFE5F
FFFFFED4
FFFFFDDD
00000073
00000565
FFFFFF22
00000030
000000A7
0000005B
FFFFFC75
0000026F
FFFFFDC0
0000027B
000000F5
00000293
FFFFFF57
00000209
FFFFFD58
FFFFFEC5
000002B1
FFFFFDF3
FFFFFC76
FFFFFF87
FFFFFC12
FFFFFBAC
FFFFFA6B
FFFFFD2D
FFFFFCCE
FFFFFD48
FFFFFD5A
00000062
000001BF
0000001B
0000003E
FFFFFF50
FFFFFD0F
00000441
000005F0
0000005C
00000416
FFFFFD3D
FFFFFDDE
0000034F
000000BD
FFFFFF7E
00000394
00000160
00000102
FFFFFCC3
FFFFFE9B
FFFFFF39
FFFFFD4D
0000016D
FFFFFDC9
FFFFFE11
FFFFFF9E
00000593
000002D6
FFFFFF9A
FFFFFFA2
0000051C
FFFFFB07
FFFFFC0D
FFFFFE02
00000157
FFFFFFBA
00000360
0000005A
00000531
00000221
000001A8
0000013A
000000BD
FFFFFB9B
FFFFFECD
FFFFFE38
FFFFFFB4
FFFFFB03
FFFFFA98
FFFFF8E4
FFFFFD12
FFFFFD85
FFFFFD53
0000025C
FFFFFE6E
0000019A
FFFFFFDC
FFFFFE8F
FFFFFCD0
FFFFFD34
FFFFFDE8
00000445
FFFFFFE2
00000167
0000051B
FFFFFE58
FFFFFEC2
00000111
00000220
0000001B
FFFFFD65
00000021
FFFFFA1D
000001CE
FFFFFFDD
FFFFF856
000002CD
0000032E
0000007A
FFFFFD96
FFFFFF6E
FFFFFCAD
000001E4
0000003F
000002D9
0000023D
00000376
000000D5
FFFFFCE9
FFFFFD5F
FFFFFE38
000001DC
00000074
FFFFFC6F
000004D7
00000154
FFFFFD39
FFFFFFE3
FFFFFCFC
FFFFFAEA
00000007
000001FE
FFFFFCD3
FFFFFB05
FFFFFC7A
00000120
0000043B
00000187
FFFFFD1E
00000144
00000172
FFFFFE04
FFFFFED0
FFFFFFD6
FFFFFE93
FFFFFB48
FFFFFF8E
000000A0
000003A6
FFFFFCA4
FFFFFEB9
000005C1
00000498
000001C7
FFFFFC08
0000048B
00000694
FFFFFD75
FFFFFD32
00000199
00000485
00000381
00000120
FFFFFDF4
FFFFFBC4
FFFFFD21
FFFFFFA4
0000007F
000002E6
FFFFFE30
FFFFFFF2
0000020B
FFFFFC95
0000012E
FFFFFEDD
FFFFFDEC
FFFFFF00
FFFFFD6E
FFFFFC70
FFFFFE28
FFFFFFD6
FFFFFE53
00000495
FFFFFF1D
000001E0
000000F2
FFFFFFA3
000002E1
FFFFFFC4
FFFFFF2B
FFFFFFC0
FFFFFE51
00000341
FFFFFDE8
FFFFFA91
00000495
FFFFFF39
0000002B
FFFFFECA
FFFFFD77
00000279
000000A2
FFFFFBD8
00000294
000002C6
00000180
000000C4
FFFFFE58
FFFFFFF4
0000047C
0000027D
0000024C
0000040E
000006FD
FFFFFE38
0000011B
00000077
FFFFFF78
000000F8
0000015B
0000041F
FFFFFEA0
0000051E
00000205
FFFFFDFD
000000EF
00000313
FFFFFE4E
0000042E
FFFFFE50
FFFFFD7F
00000186
FFFFFFD8
FFFFFCCA
FFFFFEDF
FFFFFF4C
000003F6
FFFFFF89
FFFFFF0D
FFFFFFF1
000004DF
000001D2
FFFFFB9D
00000157
FFFFFD12
FFFFFF1E
000002EF
FFFFFFA7
FFFFFEED
FFFFFC68
FFFFFC2E
00000027
0000040F
FFFFFF5F
FFFFFC83
00000048
FFFFFDD5
000000B4
00000099
FFFFFE6A
000001ED
FFFFFFF4
FFFFFF38
00000185
000001D6
FFFFFE25
FFFFFF6D
00000197
FFFFFC12
0000021A
0000007F
FFFFFBDF
FFFFFFAE
FFFFFDBB
FFFFFDC7
FFFFFDCC
FFFFFC5C
FFFFFF64
FFFFFEA5
FFFFFF44
FFFFFCCC
0000045E
0000051A
FFFFFC9D
000001FF
FFFFFF10
FFFFFFF4
FFFFFDEC
FFFFFF2F
00000460
00000113
00000166
00000430
00000148
000000A3
00000228
000001B7
000003D2
FFFFFFD5
FFFFFCD4
FFFFFD1D
FFFFFFBE
FFFFFE3A
FFFFFDD5
00000021
FFFFFE65
000001BA
FFFFFD20
FFFFFD06
00000183
0000009A
00000151
FFFFFF2C
000001BD
FFFFFE5C
FFFFFD7C
FFFFFD9E
00000223
FFFFFE56
FFFFFCAD
000000B5
FFFFFEA2
FFFFFD40
FFFFFFFD
00000003
000000CB
000001FB
FFFFFEA4
00000296
FFFFFFF9
FFFFFDED
000004F0
0000046F
00000084
000001A6
0000008F
FFFFFD74
FFFFFE57
FFFFFFD8
FFFFFC40
FFFFFDEA
FFFFFF3B
FFFFFD94
FFFFFE14
00000164
000000F5
FFFFFF34
00000221
00000310
000000A0
FFFFFD4D
00000152
FFFFFEE8
FFFFFE0B
FFFFFDE1
FFFFFC59
FFFFFE5C
FFFFFCBC
FFFFFFB4
FFFFFC65
000000D1
FFFFFFCB
0000034D
FFFFFF66
0000025E
FFFFFFB0
0000045A
0000028E
FFFFFE76
000000CD
FFFFFF79
FFFFFE51
FFFFFF32
FFFFFDB7
FFFFFEF0
FFFFFF37
FFFFFBC5
00000114
FFFFFF37
FFFFFC28
000001EE
FFFFFF0A
FFFFFE57
FFFFFF55
00000101
FFFFFE5D
FFFFFF73
FFFFFF60
FFFFFFEF
000002FA
0000034E
00000010
FFFFFEA5
000002DB
00000136
0000021E
0000041F
FFFFFD34
0000008D
FFFFFFBA
00000132
FFFFFF44
FFFFFD29
00000182
FFFFFE41
00000039
000000BB
FFFFFB33
FFFFFD81
FFFFFECD
00000165
FFFFFCC1
FFFFFDD7
FFFFFB91
FFFFFE39
FFFFFF76
FFFFFF21
00000179
000001D8
0000031C
FFFFFE4A
000002D6
FFFFFE8D
0000001E
000000AE
FFFFFEE6
FFFFFCB3
FFFFFCFA
00000060
FFFFFCAA
00000190
000001EB
FFFFFDFE
0000021B
00000197
0000028C
000000A1
000001F1
FFFFFF6A
00000224
FFFFFD7E
000002C3
FFFFFEE1
FFFFFD42
00000063
000002D5
FFFFFF09
00000278
FFFFFEFF
FFFFFF94
FFFFFEA2
00000384
0000001B
0000000B
000000D7
000002F9
00000253
000001D5
000000A6
000000B8
FFFFFFDD
0000011D
000000D5
FFFFFF15
FFFFFE39
FFFFFF45
FFFFFECC
FFFFFFE6
FFFFFBBF
FFFFFF25
000002A2
FFFFFD20
0000004C
FFFFFEB5
FFFFFE1A
000000DF
FFFFFDF1
000000F4
0000003C
FFFFFC53
0000011B
FFFFFDFD
0000025A
000000EF
FFFFFE3B
0000013B
FFFFFF38
FFFFFEB6
FFFFFD6A
FFFFFEC2
00000116
FFFFFECC
00000204
0000029D
0000027E
000000C0
FFFFFCB4
000001D5
FFFFFD60
FFFFFE7C
0000018A
FFFFFCB7
000000BD
FFFFFE4F
FFFFFEF2
FFFFFDDA
0000004B
FFFFFFFF
00000049
FFFFFF9F
000002BD
FFFFFCFC
0000026E
FFFFFFE0
FFFFFD3A
FFFFFFAF
FFFFFD3C
FFFFFE52
000001D3
FFFFFC17
FFFFFDDE
FFFFFF2B
FFFFFDDA
000000C5
00000132
FFFFFF4B
00000070
FFFFFECA
00000134
0000025D
FFFFFFEB
FFFFFFEC
FFFFFE4F
FFFFFE46
000001EA
00000260
00000135
00000141
FFFFFFD3
FFFFFF8F
FFFFFFDC
FFFFFFED
0000027F
FFFFFCC7
FFFFFEFB
00000213
0000026C
0000000D
FFFFFFA7
00000047
00000023
FFFFFF8D
FFFFFDCD
FFFFFC67
FFFFFFF6
FFFFFF4E
000000BF
00000039
0000005F
FFFFFEB7
00000012
FFFFFFAE
000002DC
00000000
000002FD
00000327
000003A9
000002D0
000002D2
00000021
FFFFFC94
000002FB
FFFFFD94
000001A1
00000064
FFFFFDFF
FFFFFC86
FFFFFFCD
FFFFFE2A
FFFFFE08
FFFFFEE6
000002E9
0000015F
0000033C
0000021E
000000B3
FFFFFF7A
FFFFFC0B
FFFFFD85
FFFFFFC1
FFFFFCBC
FFFFFE0D
FFFFFFF0
FFFFFF9B
FFFFFEE6
000001BF
FFFFFED9
FFFFFF2A
0000032B
0000004D
0000002B
FFFFFF82
0000018B
000001A5
FFFFFE04
000000E8
00000320
FFFFFE66
FFFFFFFB
000003D9
000000E6
FFFFFED5
000001AF
FFFFFF80
000001BB
FFFFFF44
00000161
FFFFFF6E
FFFFFE2E
FFFFFE6E
FFFFFD85
0000022C
FFFFFDDA
FFFFFFDD
0000014B
FFFFFF24
00000179
00000026
FFFFFEFF
000001C6
000000E4
FFFFFF0B
FFFFFF9B
000001D0
FFFFFE58
0000002D
0000010F
000001FD
00000148
00000202
0000033B
00000211
FFFFFFB0
00000058
00000308
0000002C
000000C9
000002B5
FFFFFFF8
00000045
00000286
FFFFFEDB
00000086
FFFFFFED
000001BE
00000454
00000477
00000145
000002F9
000001E3
00000399
00000082
00000280
0000012D
0000024D
FFFFFFB8
00000145
FFFFFE6D
FFFFFD61
00000093
FFFFFEF6
FFFFFEE7
FFFFFEC8
FFFFFDEB
FFFFFDB4
FFFFFF9B
000002DA
00000044
00000001
0000004C
000002BD
000000F2
00000048
0000048E
00000211
00000272
00000219
FFFFFFD2
FFFFFF50
00000286
FFFFFF05
00000131
FFFFFF7B
000002F2
FFFFFE1B
0000011C
FFFFFF9F
00000070
FFFFFFFD
FFFFFB13
FFFFFD75
0000003B
00000089
000001B4
FFFFFF0E
FFFFFEC2
FFFFFE96
FFFFFFEF
0000008A
FFFFFE2D
00000318
000001BF
FFFFFFB9
FFFFFF04
FFFFFC0C
FFFFFDAD
0000019D
FFFFFF9C
0000006A
0000012A
00000040
00000318
00000017
FFFFFE3B
FFFFFFDC
0000016C
FFFFFDBF
FFFFFFB3
00000049
FFFFFDE5
FFFFFFD3
FFFFFE27
FFFFFFB1
000002C4
000003D5
000002AA
FFFFFE51
00000129
FFFFFF4A
FFFFFD4B
000001F1
00000039
00000090
FFFFFDF9
00000014
FFFFFDE5
FFFFFFB1
0000025D
000003C9
00000177
000001C9
00000066
FFFFFE89
00000208
000005BD
00000249
0000025D
000000F4
000003A5
000003DB
000000F8
000000A0
000000C8
0000007D
00000200
00000186
FFFFFEFC
000000F4
FFFFFE87
00000136
0000000A
00000232
FFFFFF10
00000341
FFFFFF03
FFFFFC84
FFFFFF57
FFFFFB95
00000164
FFFFFF64
FFFFFF1B
FFFFFF1D
FFFFFE44
FFFFFCB8
00000343
FFFFFE25
0000019D
FFFFFD94
FFFFFEC7
00000292
FFFFFE75
00000096
FFFFFE9F
FFFFFC02
FFFFFBB3
FFFFFE80
FFFFFC67
FFFFFE8B
FFFFFF72
FFFFFE16
FFFFFCDC
0000016E
00000129
FFFFFF94
000003B3
FFFFFEE8
FFFFFC6B
FFFFFDC1
FFFFFF3E
00000219
0000012B
000001B1
000000DB
00000154
FFFFFCC0
00000047
00000070
00000046
00000299
FFFFFDFE
000003FA
FFFFFED2
00000278
FFFFFF65
000000A3
000000FD
FFFFFFD3
FFFFFF6D
00000146
00000276
00000556
000005A8
000004E4
0000019D
0000066C
000002EB
0000010A
000005C5
000000D8
FFFFFFE9
000002EB
FFFFFD51
FFFFFF58
FFFFFE5E
000000BC
FFFFFFA6
0000014E
FFFFFE1C
FFFFFD6A
FFFFFEC0
FFFFFDAB
00000196
FFFFFD98
FFFFFD87
FFFFFC8C
00000075
FFFFFFCF
000000BF
000001CF
0000014D
000002CC
FFFFFF60
00000109
000001B1
FFFFFFAE
FFFFFF6E
FFFFFFB9
000004CD
FFFFFFC3
00000383
0000004E
000003ED
00000034
00000203
FFFFFBF1
FFFFFC90
00000018
FFFFFD88
FFFFFEE9
FFFFFCFE
FFFFFDBD
FFFFFBA0
FFFFFC51
FFFFFF0E
FFFFFB66
0000014B
FFFFFE87
FFFFFB40
FFFFFC9E
00000496
0000020A
00000364
000001AA
000000E4
00000241
FFFFFDB1
00000192
FFFFFD44
0000027F
0000025E
00000410
FFFFFDAA
FFFFFF84
FFFFFDD3
FFFFFF04
FFFFFD3F
FFFFFE4F
000001A4
00000375
FFFFFCA2
FFFFFE9F
FFFFF97C
FFFFFECB
FFFFFEF7
FFFFFAD7
0000016A
FFFFFDF1
FFFFFCED
FFFFFD8B
FFFFFE32
FFFFFFCB
FFFFFF6E
000000E6
00000126
000001C8
000000B6
0000000F
000001D3
FFFFFB1A
FFFFFD89
000001AF
FFFFFCA3
FFFFFB0E
FFFFFE75
000000EE
FFFFFD0B
FFFFFD04
00000000
FFFFFDB5
0000012C
FFFFFD24
FFFFFCCF
00000170
0000003E
0000035A
000000AA
FFFFFF6E
00000081
00000294
FFFFFE39
00000021
FFFFFFC9
00000050
FFFFFDC3
FFFFFBB7
FFFFFE70
00000293
FFFFFE69
000003BB
000000A0
FFFFFA9D
00000045
0000024A
0000076B
000002AB
000001DF
FFFFFC2F
00000026
00000391
00000226
FFFFFEBB
FFFFFC70
FFFFFEBE
00000215
000004A1
00000406
FFFFFFD6
FFFFFD23
00000034
0000017D
00000308
00000181
FFFFFCDB
000003DE
FFFFFDCB
0000009B
FFFFFC72
FFFFF9AB
00000235
FFFFFF8F
00000170
FFFFFC1E
FFFFF961
FFFFFF30
FFFFFBAA
0000001B
FFFFFAD0
FFFFFCC6
FFFFFDD3
FFFFFCFB
FFFFFC58
FFFFFF0F
FFFFFF70
FFFFFFEE
FFFFFA07
FFFFFDF9
FFFFF912
000001CF
00000276
FFFFFD62
FFFFFD63
FFFFFC87
00000076
00000227
FFFFFF7C
FFFFFE5C
FFFFFFD8
FFFFFBCB
000002B5
FFFFFDD2
000002CC
0000015F
FFFFFBFA
00000142
FFFFFF4A
FFFFFCB5
FFFFFE78
0000022A
000002E8
FFFFFEE0
0000040C
FFFFFC9F
FFFFFDC0
000005EC
00000053
0000045E
00000166
00000117
FFFFFC4D
FFFFFE92
00000194
0000027E
FFFFFFA7
FFFFFFF2
0000024E
0000014C
FFFFFF4E
FFFFFF07
FFFFFED7
0000024B
000000DF
FFFFFEF3
FFFFFFC9
000002E9
00000121
000001C4
FFFFFEAF
000002AA
0000056F
FFFFFE8E
00000017
FFFFFD18
FFFFFB4C
FFFFFEC6
00000146
FFFFFF3E
FFFFFB52
FFFFFC09
FFFFFFB5
FFFFFEF2
0000044D
00000348
FFFFFD61
FFFFFF4B
FFFFFED3
FFFFFA35
FFFFFED9
FFFFFD24
000001E9
FFFFFF71
FFFFFF92
FFFFFB3C
FFFFFC80
FFFFFDCC
FFFFFD3C
00000240
FFFFFE70
00000151
FFFFFE7D
00000119
FFFFFDAA
00000388
000001C2
FFFFFE63
FFFFFB09
00000233
0000028C
FFFFFF70
000002A7
00000050
FFFFFED9
00000048
000002CD
0000005F
FFFFFEA0
000001FC
000002DD
FFFFFDB1
00000176
0000027A
FFFFFE7F
FFFFFCE8
00000107
FFFFFC83
FFFFFDB1
00000005
FFFFFE97
000000D6
00000098
00000219
0000014B
FFFFFEB4
000003F7
FFFFFED4
FFFFFE08
FFFFFDFE
00000082
000000CE
FFFFFD3A
000001AD
FFFFF93C
FFFFFD4E
FFFFFF36
FFFFFEDE
FFFFFBA2
00000297
FFFFFD2E
FFFFFE3B
FFFFFD0D
000002A5
000003F4
FFFFFF47
FFFFFE52
FFFFFF31
FFFFFD3E
FFFFFDE5
FFFFFDAE
FFFFFF0A
FFFFFFBB
FFFFFE7B
FFFFFCAF
FFFFFD0C
FFFFFCD3
FFFFFDFF
000004EC
00000204
00000052
0000047B
0000028B
00000487
FFFFFFDC
000006D4
0000016D
FFFFFFCC
00000368
FFFFFF42
FFFFFDC5
00000363
FFFFFDB7
FFFFFE97
FFFFFD8E
000000CF
FFFFFBBC
FFFFFDC5
00000111
00000057
0000021E
0000006C
FFFFFD3C
FFFFFB47
00000314
0000021C
FFFFFFE1
FFFFFEFE
000005F9
FFFFFE95
0000017F
0000019F
000001A8
FFFFFC2B
FFFFFAB5
0000004B
00000267
FFFFFD73
0000025D
FFFFFDDC
00000078
FFFFFDB2
00000114
FFFFFF8E
FFFFFCBD
00000215
00000045
00000209
FFFFFACD
FFFFFF3F
FFFFFFB0
FFFFFD53
FFFFFC1C
000000A6
FFFFFD9F
FFFFFAA8
FFFFFFD4
0000028E
FFFFFFC0
00000070
00000119
FFFFFB72
FFFFFD11
00000021
FFFFFD9A
FFFFFD94
FFFFFF4B
000001F9
FFFFFACD
FFFFFE3F
000001DB
FFFFFD06
0000002D
00000028
0000005A
000000D1
00000366
0000052E
FFFFFF3F
FFFFFC07
FFFFFE7B
FFFFFCAB
FFFFFDEF
FFFFFF40
FFFFFCF6
FFFFFCB3
FFFFFF94
00000206
00000530
000004E8
00000007
000006A3
00000232
000001E3
FFFFFDDC
0000029F
FFFFFEAF
00000052
FFFFFF37
FFFFFE52
00000294
00000046
FFFFFEDC
000000B1
000002E4
FFFFFB7F
FFFFFFFC
FFFFFDBC
FFFFFED4
FFFFFD00
FFFFFE46
FFFFFDED
00000004
0000002E
FFFFFFB4
FFFFFCD8
FFFFFD3D
000003CC
00000030
000002A2
FFFFFDD4
0000049C
000005AE
FFFFFFEA
FFFFFF19
00000092
FFFFFCB2
FFFFFE9F
FFFFFEBA
0000013F
0000001E
000002A6
FFFFFDC4
FFFFFD27
000002CB
00000061
FFFFFD46
00000359
00000007
FFFFFF84
FFFFFEDF
00000174
FFFFFF3D
FFFFFE29
0000020A
00000336
000000D6
FFFFFDC5
00000078
0000039D
00000299
000003F0
000002B2
0000045A
000001FA
FFFFFEE4
FFFFFFDE
0000074B
0000020B
00000230
000004C9
FFFFFF1B
FFFFFF5D
FFFFFEF8
FFFFFFB8
FFFFFD2C
FFFFFF78
FFFFFE76
FFFFFFC7
FFFFFED8
000000B6
000001B7
FFFFFE58
FFFFFC24
FFFFFF90
00000000
FFFFFCAF
FFFFFBFA
FFFFFC33
FFFFFFA3
FFFFFDF9
00000081
FFFFFEC0
FFFFFB43
FFFFFC43
000000EE
0000035C
000002E0
FFFFFE85
FFFFFFD5
00000280
000001B5
0000048D
000002E5
000001A9
000002A7
FFFFFC9F
FFFFFEC4
000001E3
00000479
0000015F
FFFFFD2A
000002B0
FFFFFF65
FFFFFA1A
FFFFFF61
000001B5
FFFFFCA6
FFFFFBA2
FFFFF9F1
0000008C
FFFFFE85
FFFFFD82
00000333
FFFFFDE6
000002B6
000000DF
000000C3
00000106
FFFFFF1B
FFFFFBF8
FFFFFEE6
00000159
FFFFFE78
00000254
00000203
FFFFFD14
00000068
000004A3
FFFFFD02
00000235
FFFFFF78
000002EF
000003D0
FFFFFD23
00000340
0000044F
FFFFFA7E
FFFFFFD1
000000B0
FFFFFF42
FFFFFEFF
00000005
00000101
00000278
000001C3
FFFFFFD4
0000019B
FFFFFFA4
00000176
0000006E
FFFFFCE1
00000247
00000016
FFFFFE34
FFFFFF60
FFFFFF17
00000366
FFFFFFDD
000001C7
FFFFFFFC
FFFFFF61
000002DC
FFFFFDD8
00000000
FFFFFCFD
FFFFFE0A
FFFFFEDC
FFFFFF25
00000173
00000536
00000124
FFFFFE11
00000035
000002D6
FFFFFEA5
FFFFFF8A
FFFFF9FA
FFFFFCFD
000002B1
FFFFFDAB
FFFFFE2D
00000461
FFFFFD19
0000019B
000001BF
000001ED
00000289
FFFFFFC6
000001D7
0000025D
0000008D
000001E1
00000011
FFFFFFC1
000000D2
FFFFFF50
00000209
FFFFFC7C
0000023B
FFFFFF9D
FFFFFB5D
00000250
000000EC
FFFFFD9A
FFFFFE5B
0000040D
00000000
FFFFFFFB
00000075
000002C4
0000014E
0000003E
FFFFFEF2
0000029E
FFFFFD3C
FFFFFCB3
0000035D
FFFFFFBD
00000216
FFFFFE42
00000238
0000017C
00000055
00000042
000005BF
0000042A
00000105
FFFFFF74
FFFFFEBF
FFFFFC38
FFFFFED9
FFFFFD62
FFFFFE2D
00000069
000000E0
0000005D
000002D6
FFFFFD09
FFFFFE10
000000E9
00000538
00000072
FFFFFE21
00000042
FFFFFEFD
FFFFFBCC
FFFFFE25
FFFFFF2C
FFFFFDB9
00000352
00000086
0000036B
00000233
00000205
000001E9
FFFFFF54
000003D5
000002FA
FFFFFCCA
00000179
FFFFFF1B
00000413
FFFFFF17
FFFFFF4A
FFFFFFCA
FFFFFAE1
FFFFFAB8
FFFFFEEB
FFFFFE8A
FFFFFECB
00000082
00000146
FFFFFD2B
FFFFFC43
00000265
00000281
FFFFFCAD
FFFFFA53
FFFFFDF9
FFFFFEF9
00000023
000001E6
FFFFFA75
FFFFFE5F
FFFFFC3D
0000001D
000001B1
FFFFFF4B
0000013F
FFFFFDC5
0000007F
00000219
FFFFFFB0
FFFFFBE9
FFFFFEAB
000001F2
0000016C
00000201
00000095
00000071
0000020D
000001C9
00000037
00000019
00000076
FFFFFB08
FFFFFCBF
FFFFFE0A
FFFFFC38
FFFFFFA4
FFFFFF87
000000CB
FFFFFC88
FFFFFE2D
FFFFFFE3
0000023B
FFFFFD10
000002B5
FFFFFF36
000002EE
00000033
FFFFFEE9
FFFFFC57
000000C6
FFFFFE19
FFFFFFD3
FFFFFF7D
FFFFFE3A
00000156
0000015C
00000304
0000023B
FFFFFFAC
00000489
FFFFFD20
0000032E
FFFFFE0A
FFFFFDE8
FFFFFE1F
0000027D
0000010A
FFFFFDED
000003B0
000001E4
0000005B
FFFFFCA7
00000034
FFFFFFC8
00000140
00000257
000000D6
000003D9
FFFFFF26
000004AC
000003BF
000000EF
00000324
FFFFFF4A
FFFFFE8D
00000335
000002C6
FFFFFEC0
FFFFFD81
FFFFFE36
FFFFFDAE
FFFFFFF3
FFFFFDD2
FFFFFC94
00000446
FFFFFCAA
FFFFFF47
000000F9
FFFFFBD1
FFFFFB22
FFFFFC48
FFFFFEA0
00000213
FFFFFEC8
FFFFFEC2
FFFFFC04
00000098
FFFFFFEE
0000032A
0000020F
FFFFFE7C
000001B9
FFFFFBDB
FFFFFB7E
0000007D
FFFFFF64
0000000F
0000002F
0000012E
FFFFFE41
FFFFFE41
FFFFFC37
FFFFFD9E
FFFFFFDE
FFFFFCDC
FFFFFF21
FFFFFD88
00000144
FFFFFEAE
FFFFFBD7
0000001E
FFFFFDAF
FFFFFD41
FFFFFCD6
FFFFFDB6
00000201
00000041
FFFFFD6F
0000031A
00000051
0000006F
FFFFFD84
00000028
FFFFFD77
FFFFFF6E
FFFFFE30
FFFFFEB2
000000AC
00000299
0000057B
000000C5
00000457
FFFFFE56
0000028F
000001C2
FFFFFE93
0000038A
FFFFFFC8
FFFFFE16
0000040F
000002A2
FFFFFE2C
FFFFFB52
FFFFFEC9
00000175
FFFFFAB5
FFFFFE8D
FFFFF9E0
FFFFFA85
FFFFFD93
FFFFFE5B
0000013D
FFFFFCC7
0000022F
00000071
FFFFFDEA
000002B1
FFFFFED4
000000A3
FFFFFE63
FFFFFBFB
FFFFFC0F
FFFFFAC7
FFFFFE46
000000B6
00000053
0000014D
FFFFFFEB
0000025D
00000337
00000129
00000399
00000018
FFFFFD3D
00000364
000001FF
00000290
00000332
000005D5
0000023F
00000259
FFFFFF45
FFFFFE12
FFFFFDA1
000000F4
FFFFFFB8
00000355
FFFFFF7B
000002DE
FFFFFE34
FFFFFCCC
FFFFFE79
000003BB
00000091
FFFFFF9C
FFFFFD50
00000312
FFFFFE3C
FFFFFFFD
00000383
FFFFFE41
FFFFFF01
FFFFFFDC
000003E4
00000665
FFFFFC98
000000B1
0000021B
000001AF
000001D7
00000171
000000E4
0000026F
FFFFFC4F
00000195
FFFFFBBD
0000012C
FFFFFF7F
FFFFFB1E
00000063
FFFFFF12
FFFFFE8C
FFFFFFDA
FFFFFD66
00000042
000005B1
FFFFFFD0
00000284
0000008F
00000300
000003C5
00000062
000000E7
00000006
FFFFFD64
0000013A
0000023B
FFFFFD90
FFFFFF6E
FFFFFBA0
FFFFFAB1
00000069
FFFFFD46
FFFFFC57
FFFFFECF
FFFFFC95
FFFFFD58
FFFFFFB6
00000183
FFFFFCE8
000005DA
000002F6
00000134
00000322
FFFFFD59
FFFFFE74
000001B3
FFFFFF18
FFFFFE61
FFFFFF38
FFFFFC2A
FFFFFDB0
000004A7
FFFFFD52
00000195
0000024C
FFFFFF31
00000050
0000019F
FFFFFFE1
FFFFFD15
FFFFFE84
000000DE
00000379
FFFFFDE3
00000072
FFFFFCF6
00000122
FFFFFDAA
FFFFFD83
FFFFFEF2
FFFFFD06
FFFFFDB0
FFFFFDF1
FFFFFF97
0000005F
000000E8
FFFFFF3A
FFFFFBA2
FFFFFDAC
0000002D
FFFFFC51
FFFFFD64
000000C1
FFFFFD3C
0000023E
00000601
00000049
FFFFFF5F
000001D0
00000017
00000279
000001B0
000000A6
FFFFFFEA
00000450
FFFFFE74
0000045D
FFFFFE9F
FFFFFD7A
FFFFFE93
000000FD
FFFFFF25
00000018
FFFFFE61
00000306
FFFFFEB4
00000021
FFFFFF1A
FFFFFE10
FFFFFE01
000002C9
000002C7
00000355
FFFFFF1F
00000131
0000004A
00000428
000002DA
FFFFFEA5
FFFFFF17
FFFFFDAA
FFFFFF0A
FFFFFD88
FFFFFECA
FFFFFF07
FFFFFF62
0000018D
00000206
FFFFFD21
000000C3
000002FA
FFFFFD48
00000303
FFFFFD16
FFFFFF42
00000485
0000037F
00000003
00000281
FFFFFFCB
FFFFFE98
000001B2
00000470
00000043
000001BD
000004B7
000001FD
000000F3
FFFFFE1B
00000073
FFFFFFCA
00000428
FFFFFCB3
FFFFFBC5
0000024B
00000091
0000030F
FFFFFF92
000000D9
000001CB
000001D3
FFFFFECF
000002D2
FFFFFF0B
FFFFFFA7
FFFFFE91
FFFFFD2C
00000159
FFFFFA2F
FFFFFF29
FFFFFC02
000000B0
00000173
FFFFFECC
0000015C
00000086
0000005B
0000027A
FFFFFF12
FFFFFFEB
FFFFFF5D
00000242
000002EE
00000102
FFFFFF11
000000DA
000000C1
FFFFFFA4
00000074
000001AF
FFFFFBE8
0000010D
FFFFFE4E
000000E2
FFFFFDF9
FFFFFE8E
FFFFFF4A
000002DE
000000D0
00000004
FFFFFCCA
FFFFFFEE
0000011E
000003EE
0000030D
0000031E
000000EE
FFFFFEC6
FFFFFF7A
00000106
00000079
FFFFFEA4
FFFFFE10
000002CC
000000B2
000004DD
FFFFFFD1
000000C7
FFFFFE91
00000543
FFFFFEB3
FFFFFF94
FFFFFE71
0000001F
000000CF
00000134
FFFFFFB3
00000272
FFFFFE28
000001C9
FFFFFF53
FFFFFC38
00000003
FFFFFE4D
FFFFFC49
0000020D
000001D0
FFFFFE62
FFFFFDC8
FFFFFBAD
FFFFFDC6
FFFFFD3F
00000201
FFFFFD43
0000006A
00000049
00000683
000005BE
FFFFFFCF
0000025E
000004A0
0000054D
FFFFFE56
000004DD
000005ED
FFFFFF9E
FFFFFF04
FFFFFF6B
FFFFFECC
FFFFFDC8
0000022C
00000021
FFFFFEAA
FFFFFFCB
FFFFFF07
00000221
0000010D
00000271
000000F9
FFFFFEA0
0000030B
FFFFFF5A
00000096
00000337
00000219
00000057
00000371
000001AD
000001EE
FFFFFE6B
000002AB
000001E9
0000043C
000002A5
FFFFFFA0
FFFFFEFF
000004B1
0000015B
FFFFFD66
FFFFFF88
FFFFFCF8
FFFFFE0F
FFFFFDF9
FFFFFD3F
00000243
FFFFFD5E
FFFFFF6F
FFFFFD7D
00000349
000000BB
FFFFFEA5
FFFFFF7D
FFFFFE65
000001BD
000000EA
0000025D
FFFFFE40
FFFFFD49
FFFFFEC4
FFFFFA70
FFFFFDD7
FFFFFCD0
FFFFFE18
FFFFFFAA
000005CF
FFFFFB4C
FFFFFF1D
00000255
FFFFFA88
FFFFFE7B
FFFFFDB8
000000EA
FFFFFF83
000001FD
FFFFFC32
FFFFFCA5
FFFFFD72
000001EC
FFFFFF7F
000003CD
FFFFFF15
0000027A
0000007D
00000424
FFFFFF91
000001F6
FFFFFE69
0000007A
FFFFFC6D
00000003
FFFFFE50
000001F3
00000130
00000465
00000217
00000075
FFFFFCCB
FFFFFA1F
FFFFFA8A
FFFFFA5B
FFFFFBAE
FFFFFD0A
FFFFFB53
FFFFFF21
0000015E
FFFFFEDD
0000026D
FFFFFD40
0000020A
FFFFFFD6
00000134
0000028F
000000D1
FFFFFF4E
FFFFFFF0
FFFFFDE2
00000032
FFFFFF0C
0000010B
FFFFFE0B
00000205
FFFFFF62
0000014A
000000AE
00000149
FFFFFC34
FFFFFFDF
FFFFFF95
FFFFFE23
FFFFFFAF
000000F4
00000394
FFFFFE51
FFFFFF0B
FFFFFE22
00000364
000002D9
FFFFFEF9
FFFFFCE7
0000018E
FFFFFC35
FFFFFD22
FFFFFF71
FFFFFD84
FFFFFDE8
FFFFFFC7
FFFFFF06
FFFFFDC2
FFFFFDEB
FFFFFCA5
FFFFFFE9
000001E7
0000010E
FFFFFF32
0000030C
FFFFFE35
FFFFFC23
FFFFFEC6
FFFFFDAF
FFFFFC9F
00000273
FFFFFF3A
000003A5
FFFFFF1A
FFFFFE8D
0000002F
00000037
0000021D
FFFFFFBC
000000FA
000000BE
FFFFFFF3
0000013B
0000017C
FFFFFDBE
00000239
000000AA
FFFFFC9A
0000005B
000003CF
000001FC
00000021
FFFFFD4B
FFFFFCA1
00000367
FFFFFC33
FFFFFE13
FFFFFEB9
FFFFFCAF
FFFFFDF6
FFFFFAEA
FFFFFF29
FFFFFD08
FFFFFC70
00000336
00000198
FFFFFE5C
00000357
00000361
000000EC
00000022
0000002D
000004D7
0000005B
00000237
00000038
00000021
FFFFFD96
FFFFFF16
00000521
00000175
000002CF
00000205
FFFFFFBC
FFFFFEF8
FFFFFBBF
0000010B
FFFFFF59
FFFFFC5F
FFFFFD90
000001A1
FFFFFE0F
FFFFFF43
00000151
00000060
00000203
00000001
FFFFFEEE
00000125
FFFFFF69
FFFFFE9D
FFFFFCEE
00000191
FFFFFEE5
FFFFFD58
FFFFF978
FFFFFFF0
00000063
FFFFFE08
FFFFFE43
FFFFFD32
00000254
FFFFFD36
FFFFFC6F
FFFFFB4E
FFFFFCCA
0000009E
FFFFFDC8
00000157
FFFFFF49
00000022
FFFFFF6E
0000023F
FFFFFF77
FFFFFED9
FFFFFF5C
000000EF
00000229
0000009C
FFFFFE48
00000242
FFFFFEA3
FFFFFEBD
FFFFFD72
00000438
FFFFFD49
FFFFFE6D
000001B8
FFFFFF97
0000037B
FFFFFE87
00000034
FFFFFE3D
00000315
FFFFFFE1
000004E0
000001B1
0000018A
000002AE
FFFFFD3B
FFFFFCEB
FFFFFE2A
FFFFFF01
00000212
0000023B
FFFFFD5B
FFFFFDDB
FFFFFF56
0000029E
00000236
FFFFFF3C
FFFFFCEB
000000E6
FFFFFD25
0000014A
00000321
FFFFFD39
000001CB
00000353
FFFFFFE9
FFFFFDF5
FFFFFCF7
FFFFFD74
FFFFFEB1
FFFFFDF5
FFFFFF0E
FFFFFF1E
FFFFFEE8
000000BA
000000E8
FFFFFFB5
FFFFFD5D
FFFFFE60
000001AC
FFFFFCAD
FFFFFB03
FFFFFEBB
FFFFFF3D
0000004C
00000142
00000292
00000278
00000020
000003D4
FFFFFFC0
000001D9
FFFFFE92
0000001E
FFFFFE28
FFFFFDA5
FFFFFE30
00000202
0000021C
00000550
0000014D
FFFFFF25
00000107
FFFFFE9A
FFFFFE39
FFFFFF1A
FFFFFE00
FFFFFEF5
FFFFFC81
000002C9
0000015B
00000040
FFFFFDC9
FFFFFF39
FFFFFCB2
FFFFFF97
FFFFFE56
FFFFFECC
000000D9
FFFFFD95
000002BA
FFFFFFBB
000002B5
00000387
00000442
FFFFFE8C
000000A7
000001D0
FFFFFDB4
000000D4
FFFFFFA1
000002C4
000004DF
00000366
0000060A
000004CB
000005E4
FFFFFF0E
FFFFFEBF
FFFFFE9D
FFFFFEEE
00000022
FFFFFE2C
FFFFFDEE
FFFFFD34
00000177
0000026E
000002C8
0000044B
FFFFFD9F
FFFFFF8D
00000175
00000220
000000B4
FFFFFCB3
0000000A
FFFFFC27
FFFFFE29
FFFFFF82
FFFFFF27
FFFFFDC5
FFFFFE78
FFFFFC9B
FFFFFF58
FFFFFE38
000002B0
000000B6
00000099
FFFFFECF
FFFFFC70
FFFFFF34
FFFFFBB2
00000137
FFFFFDAB
FFFFFBD1
000000E4
00000102
FFFFFB09
00000081
00000041
00000109
FFFFFE18
FFFFFC5C
FFFFFAEC
FFFFFCCC
FFFFFE8E
00000431
00000269
FFFFFF89
00000295
00000239
00000308
FFFFFF3E
0000019C
000000F4
000000DB
FFFFFE59
0000019E
FFFFFE30
00000299
00000018
000002FD
FFFFFC6E
FFFFFDEE
FFFFFAF3
FFFFFE3C
0000015D
00000114
FFFFFFFB
FFFFFE75
00000103
00000562
00000402
00000227
000004D3
000000A3
000004DC
FFFFFF16
FFFFFFD2
FFFFFDBA
0000046A
FFFFFEF5
FFFFFE8A
FFFFFF51
000002EF
00000256
00000041
000004F1
00000417
00000073
00000164
00000414
000001CA
FFFFFE2C
FFFFFE9F
0000014D
FFFFFF30
FFFFFF5C
00000316
0000024D
00000341
000003C6
FFFFFD93
000002F9
00000327
00000281
000000B9
00000270
FFFFFB79
FFFFFFC4
0000013F
FFFFFAC6
0000028C
00000207
00000065
00000350
FFFFFEED
FFFFFE18
0000026E
FFFFFD6B
00000428
00000284
FFFFFE0C
0000016A
000000A0
FFFFFD67
FFFFFC8B
FFFFFCB8
FFFFFC02
FFFFFEBF
FFFFFC2F
FFFFFBCB
FFFFFD15
00000081
FFFFFC85
FFFFFE07
FFFFF995
FFFFFD2A
FFFFFD48
00000443
0000020F
00000259
FFFFFA65
00000032
FFFFFE6B
FFFFFE9C
00000470
00000156
000002D6
FFFFFD07
000001FA
FFFFFD93
FFFFFFED
000000ED
000001EF
FFFFFE51
000003C6
00000064
0000010F
00000141
0000027B
FFFFFD89
000000A1
00000146
00000605
0000027F
000004A3
00000382
0000014F
000000AB
000005D0
0000022F
00000354
000002C4
FFFFFF9B
00000046
00000206
FFFFFDC5
FFFFFC99
00000577
FFFFFF99
0000013B
FFFFFED4
FFFFFD85
FFFFFCB7
FFFFFD48
000000C7
000001C9
FFFFFF97
000000C4
FFFFFDC5
000004FA
000001E5
FFFFFDF8
FFFFFF5B
FFFFFDBD
000001F8
FFFFFF9C
000000DB
0000014E
00000180
0000035E
FFFFFEBA
FFFFFF88
FFFFFDEB
0000000F
000002BA
FFFFFF9C
0000017B
FFFFFE44
FFFFFF5B
0000005E
00000198
00000042
000001BB
000003E3
FFFFFED1
00000088
0000000B
00000040
FFFFFD9D
FFFFFE27
FFFFFFAA
FFFFFFE0
FFFFFCDD
000000C9
00000190
FFFFFE8D
FFFFFF82
FFFFFFE8
FFFFFD8D
00000272
FFFFFDA2
FFFFFEDC
FFFFFFA9
FFFFFE88
00000056
0000022C
FFFFFE21
FFFFFD91
FFFFFECD
0000015B
0000029A
FFFFFEEA
00000081
0000009B
00000242
FFFFFFE6
0000004B
00000366
00000077
000001F3
FFFFFC08
0000017A
000000B5
FFFFFC95
FFFFFE74
FFFFFDAF
0000008C
FFFFFF95
0000019A
0000041A
FFFFFF59
00000337
FFFFFF48
FFFFFEAE
FFFFFDD8
FFFFFE87
000000A3
FFFFFFD8
FFFFFEEE
FFFFFAD0
FFFFFF52
FFFFFFAD
FFFFFBEA
FFFFFEF7
FFFFFE02
FFFFFDD3
FFFFFE48
0000033C
00000575
00000308
FFFFFEE2
00000004
FFFFFFAB
000003D0
000000F0
000001A1
FFFFFCA4
000000D8
FFFFFCB9
00000287
000002D5
FFFFFE31
000000C0
FFFFFD12
00000097
FFFFFD6E
FFFFFD75
FFFFFF35
FFFFFC7A
FFFFFBBF
FFFFFE2B
000000D0
FFFFFF51
FFFFFE46
FFFFFF86
FFFFFE51
00000252
FFFFFED5
FFFFFF3B
00000086
000001A7
FFFFFF44
00000033
FFFFFF0A
FFFFFD6A
00000006
00000137
FFFFFF86
FFFFFDF6
FFFFFDC1
FFFFFD7A
FFFFFFD0
FFFFFE23
00000217
FFFFFE94
FFFFFD1E
FFFFFEDE
FFFFFF85
FFFFFD28
0000029C
FFFFFE2E
FFFFFE32
00000138
00000351
FFFFFEFA
0000028C
000001AB
00000109
000001D3
00000085
FFFFFCAE
FFFFFE46
FFFFFF53
FFFFFDC9
FFFFFE6F
FFFFFECC
FFFFFC77
FFFFFEFB
FFFFFEEA
00000106
FFFFFF2B
FFFFFCF5
FFFFFFDC
FFFFFE47
FFFFFDF9
FFFFFC13
00000023
0000006A
FFFFFD0C
00000238
FFFFFE1C
FFFFFF6D
FFFFFE4F
FFFFFE6F
0000005E
FFFFFF9D
FFFFFD8A
FFFFFE1A
000001E9
FFFFFDB5
FFFFFCA0
00000060
FFFFFCCA
0000022E
FFFFFE06
00000021
000001F7
FFFFFE50
00000077
00000024
FFFFFF74
FFFFFF12
0000019D
0000008D
FFFFFCC2
000001EC
00000046
000001D2
00000070
FFFFFFF8
00000011
00000366
0000006D
FFFFFEAE
000001F2
00000442
000001CD
FFFFFE9C
000003A9
FFFFFFD5
FFFFFEBF
0000026E
00000231
000000C5
FFFFFF09
FFFFFF10
00000097
000001E7
00000219
00000299
000000D0
0000034C
FFFFFECE
00000040
FFFFFEBA
FFFFFEBE
00000087
FFFFFE2A
FFFFFD87
FFFFFEF4
0000001C
00000092
FFFFFE3B
FFFFFE88
0000011B
00000233
0000015C
FFFFFE65
FFFFFD10
FFFFFE9D
FFFFFD05
FFFFFEBB
00000158
FFFFFB96
FFFFFC95
000001BE
000000A3
FFFFFD21
00000043
000000C4
0000026C
FFFFFF31
FFFFFD4F
FFFFFD2F
FFFFFCAB
000002F3
0000026D
FFFFFF87
FFFFFF83
0000010C
000000DF
FFFFFDED
00000067
00000176
00000058
0000001C
FFFFFD6A
FFFFFF3D
FFFFFC26
FFFFFDA5
FFFFFF4E
0000005D
00000099
FFFFFB89
FFFFFDDB
FFFFFC8B
FFFFFBC8
FFFFFBC2
FFFFFDE5
FFFFFD32
FFFFFF25
FFFFFDA4
FFFFFCFD
FFFFFC4E
FFFFFCAA
FFFFFEC9
000001EC
00000177
FFFFFE9C
000000D4
00000433
00000135
FFFFFF30
000000B2
000001A6
000001D4
FFFFFFF1
FFFFFDF2
FFFFFEAB
FFFFFF1A
FFFFFF2F
FFFFFD98
FFFFFF4E
FFFFFFEE
00000266
FFFFFE06
0000017F
FFFFFF08
0000019A
FFFFFE9F
000002B6
00000383
FFFFFAA7
FFFFFFF4
FFFFFF14
FFFFFFB7
00000148
000001E3
FFFFFC0B
FFFFFF97
FFFFFB54
000001D8
0000021A
FFFFFDBB
FFFFFF89
00000214
000002C1
FFFFFD68
FFFFFFE0
FFFFFF18
000000D4
FFFFFF39
00000172
0000016E
FFFFFE31
FFFFFF74
000000EC
000003CA
FFFFFE67
FFFFFCFB
000000E3
FFFFFB13
FFFFFEE4
000000F4
0000001A
FFFFFC75
FFFFFD52
FFFFFFA0
FFFFFF00
FFFFFF63
000001DC
00000437
FFFFFF0E
FFFFFE12
000000E4
000001C2
FFFFFFEE
FFFFFD03
FFFFFE44
FFFFFF7D
FFFFFD4F
FFFFFF01
FFFFFD40
FFFFFEB7
000001FA
FFFFFF1F
000002A6
FFFFFFD9
FFFFFEDA
FFFFFEFE
000000E9
00000056
00000034
000001F6
00000208
FFFFFF59
00000325
00000152
000003E8
00000198
000001E9
FFFFFFFC
00000398
00000008
000001E0
00000055
0000015B
000000BF
000004D1
00000339
00000264
00000229
000001F6
00000257
00000204
0000008D
FFFFFE7E
00000060
FFFFFCB2
00000020
000001D1
00000168
0000029B
00000279
0000022B
00000360
FFFFFF8A
000000F8
000000F8
00000341
000004DF
FFFFFE83
000001DA
00000351
0000019A
000000DC
00000148
0000021D
FFFFFF28
000000D6
FFFFFF93
FFFFFF1A
FFFFFE76
FFFFFCF8
FFFFFF7F
FFFFFF26
FFFFFD9D
00000108
000001E7
00000001
FFFFFC6F
00000005
000001C9
FFFFFFFB
FFFFFE3B
000001C2
FFFFFFD2
000002AF
FFFFFF47
FFFFFCE3
FFFFFDBF
000000C2
FFFFFF01
FFFFFE61
FFFFFEB6
FFFFFEC5
00000173
00000264
00000035
00000073
00000029
FFFFFFF1
0000025D
000000DF
00000157
00000454
0000009B
FFFFFF0F
00000340
0000004A
FFFFFEA4
FFFFFE6E
000000DA
00000281
FFFFFF2D
FFFFFF1F
FFFFFE95
FFFFFDB0
FFFFFF3F
000000B8
000001A9
FFFFFE10
00000030
FFFFFF6A
000001B1
FFFFFE90
FFFFFF98
FFFFFD89
FFFFFFD9
FFFFFF21
00000265
FFFFFE1A
000002CB
00000304
FFFFFE69
00000064
00000003
000002A1
0000002A
000000EA
0000041A
000000FF
FFFFFDBE
000000F1
FFFFFFF0
FFFFFEAE
FFFFFE44
00000299
FFFFFDF4
00000081
FFFFFD5C
0000004C
FFFFFC23
FFFFFF27
FFFFFF60
000001ED
00000244
0000001D
FFFFFDA4
FFFFFD79
FFFFFFD6
0000019E
00000200
00000238
0000016F
00000249
00000218
0000029D
000000AB
000000D9
00000054
FFFFFD9C
000000E6
0000018E
FFFFFFCA
FFFFFE7C
00000049
000000BA
FFFFFBEC
00000099
FFFFFD90
FFFFFFE9
FFFFFF7B
0000011E
00000084
FFFFFF35
0000023A
000000D4
00000016
FFFFFECB
FFFFFF3F
FFFFFE4A
FFFFFF21
FFFFFF9F
FFFFFF0A
FFFFFCE4
00000281
000003CD
000000F7
000000BD
0000012C
000000A6
00000473
00000440
0000000B
00000382
000003E4
0000048C
FFFFFFBC
00000145
00000263
000002CB
000003C9
00000236
FFFFFD62
FFFFFE3F
FFFFFBC9
0000003D
00000216
FFFFFFBC
FFFFFD15
FFFFFD07
00000027
00000048
00000012
FFFFFD95
FFFFFDC9
FFFFFEA3
00000070
000001B6
00000189
000001F0
00000322
000000F9
00000289
FFFFFF99
0000036C
FFFFFED5
00000188
00000216
00000168
000001D0
00000392
FFFFFED6
00000210
0000033D
FFFFFDD3
000001E4
000000AB
000002B2
000000FF
FFFFFEF8
000000D2
0000032A
0000007D
0000026F
FFFFFE21
000001A8
0000029B
FFFFFB3D
00000074
000003D1
0000035B
FFFFFE03
00000146
0000029D
FFFFFD4F
0000044B
0000013B
FFFFFBD2
FFFFFF03
000003CF
FFFFFF68
00000088
00000243
FFFFFDF6
FFFFFECE
FFFFFFC1
FFFFFBE8
FFFFFEC3
FFFFFF68
FFFFFC9A
00000043
00000219
000001F5
00000192
000000B2
000001EE
0000022F
00000174
FFFFFDEE
0000014D
FFFFFEAF
FFFFFA67
FFFFFEB2
000001D0
00000196
000002F5
000000E5
FFFFFFD4
FFFFFE67
00000145
0000023E
FFFFFB87
000002F1
000001F9
0000027F
000001C1
FFFFFD35
FFFFFED8
00000168
00000136
00000229
FFFFFB51
FFFFFF35
FFFFFF38
FFFFFC86
00000419
FFFFFE47
FFFFFF71
000002F3
FFFFFD66
FFFFFCC2
00000102
FFFFFCB9
FFFFFBD0
FFFFFB09
00000063
0000010D
FFFFFD61
FFFFFA41
FFFFFCF3
FFFFFE5B
000000AA
FFFFFF56
FFFFFBB6
0000004A
000000EA
0000001C
00000362
0000022C
000003F3
00000372
FFFFFD78
FFFFFECB
FFFFFF39
00000124
000000FD
00000065
000000C0
FFFFFFAC
FFFFFA98
00000171
000000AA
FFFFFDF4
FFFFFEB7
FFFFFDFA
FFFFFE98
00000152
FFFFF91B
0000009E
FFFFFFF5
FFFFFB9D
FFFFFF30
FFFFFC73
FFFFFD59
FFFFFB9F
FFFFFBDC
000003E5
FFFFFEC8
000003AF
000002F7
0000009B
00000346
FFFFFC5F
0000017B
FFFFFE08
FFFFFD8D
FFFFFE70
FFFFFDB6
FFFFFE09
FFFFFF3A
FFFFFFF5
000001E3
000000AF
FFFFFD42
FFFFFF81
FFFFFEFB
0000021A
FFFFFE06
000003F7
FFFFFDFC
000000D8
0000022F
FFFFFB96
FFFFFF98
0000017F
FFFFFBFB
000003A6
FFFFFE4F
000002EF
FFFFFFCA
0000014E
000001EB
FFFFFFB9
0000030B
FFFFFEF8
FFFFFE2B
FFFFFC4F
00000076
0000029A
00000321
00000346
0000004C
0000007B
00000309
000001DC
FFFFFFB2
000002DD
FFFFFF4E
FFFFFDA9
00000093
FFFFFB2C
000001AE
00000272
00000062
0000027C
FFFFFD35
0000003D
00000134
0000048E
000002E6
FFFFFB89
FFFFFFB8
000002F9
00000472
0000015D
FFFFFF04
FFFFFF75
FFFFFB9B
0000023B
00000343
FFFFFD91
00000494
00000303
0000041E
FFFFFF99
00000018
FFFFFFF6
FFFFFB4E
00000086
FFFFFFA3
FFFFFD8D
FFFFFCC9
FFFFFE70
00000355
FFFFFD58
FFFFFE68
FFFFFE3C
000002B5
0000025A
00000009
0000016F
00000051
FFFFFF28
FFFFFDFF
FFFFFFB8
00000016
FFFFFDC4
FFFFFCD2
FFFFFCD3
FFFFFFFF
FFFFFE6E
000001B0
FFFFFF8E
FFFFFFCC
00000226
000004C5
FFFFFF39
0000024E
FFFFFF6E
000000E9
0000043B
FFFFFF3C
FFFFF9FF
000001BE
00000245
FFFFFFEE
FFFFFC89
FFFFFF27
FFFFFF40
FFFFFC1F
0000006D
FFFFFED7
FFFFFD10
FFFFFABC
FFFFFA61
FFFFFBD0
000001AC
0000004A
0000000D
FFFFFFD5
00000198
0000010C
000001D4
FFFFFFBF
FFFFFEB4
00000307
FFFFFCF6
0000002C
0000020F
FFFFFE3D
000004B1
000003B1
00000268
0000017F
00000448
FFFFFDC7
000001D3
FFFFFE19
FFFFFFA7
00000366
FFFFFD5F
00000329
00000019
0000009E
FFFFFEAB
0000001E
FFFFFEDC
000002C1
000001F2
FFFFFC89
0000005C
FFFFFFFD
FFFFFF9D
0000003C
FFFFFEBB
FFFFFE60
FFFFFFB3
0000035A
0000006A
0000004E
FFFFFEC8
000002D6
FFFFFDBB
000000C4
0000008A
0000004B
00000601
00000196
FFFFFB76
FFFFFD1D
FFFFFEE0
FFFFFE9E
0000025A
000000EF
00000222
FFFFFE95
FFFFFF88
000000C3
FFFFFF9D
000003A8
FFFFFE9C
00000270
0000026A
00000264
0000017B
00000232
FFFFFC8B
000000F8
FFFFFDB0
00000166
00000299
00000305
00000017
FFFFFF37
FFFFFCF3
0000009A
00000046
0000019D
00000094
00000062
FFFFFE2C
FFFFFBEF
00000456
FFFFFFD9
FFFFFB12
FFFFFCC4
FFFFFF64
000002B1
00000434
00000055
00000064
FFFFFE6A
0000023E
FFFFFFC1
FFFFFF0D
FFFFFF56
00000181
FFFFFEB3
FFFFFDB7
0000019A
00000085
0000009E
000003BB
0000039E
FFFFFE8C
0000036E
0000058B
0000009E
FFFFFD56
FFFFFF2A
0000013E
FFFFFB4A
000002C8
FFFFFF4B
000000B1
000000EC
00000283
0000006F
000000E7
FFFFFE39
0000059E
00000223
FFFFFE29
FFFFFEB0
000001F4
00000225
FFFFFE05
FFFFFEFB
FFFFFFF1
000003DC
FFFFFFF4
00000332
FFFFFE73
FFFFFC44
00000203
FFFFFE37
0000005C
FFFFFFB9
00000165
00000158
FFFFFEB7
00000076
FFFFFF9E
000000B1
000000A5
FFFFFCD6
FFFFFEAA
0000025F
000003AE
FFFFFCF7
00000134
FFFFFB5F
FFFFFD4C
00000060
FFFFFD78
00000335
FFFFFF1E
000004DB
0000027B
FFFFFF07
00000310
0000013F
000000BE
0000020D
FFFFFF16
FFFFFFAF
FFFFFBF9
0000019B
00000104
FFFFFFC1
FFFFFDAE
FFFFFD95
0000019A
00000007
000003D1
000000B0
FFFFFF98
FFFFFEAA
000002AC
0000008D
FFFFFF1C
FFFFFFB8
0000055E
000005C4
00000050
FFFFFCEE
FFFFFFA6
00000117
00000421
000003FA
0000012E
00000111
00000343
FFFFFF6B
0000005B
00000425
00000247
00000151
0000010F
FFFFFE30
00000078
00000062
00000398
0000004D
000000B5
0000042E
00000011
FFFFFF56
FFFFFD71
FFFFFCE5
0000026D
FFFFFDCD
FFFFFBDE
FFFFFDBB
FFFFFF86
FFFFFC35
000003FC
00000408
FFFFFF39
00000379
000000C1
FFFFFE19
FFFFFEF7
FFFFFF74
FFFFFFAA
FFFFFEAA
FFFFFBC5
FFFFFD0E
000001F0
000001F0
0000018F
FFFFFE55
FFFFFC2C
000000B7
000002AA
000000F0
FFFFFF35
FFFFFF08
FFFFFE95
FFFFFEA4
FFFFFFB7
FFFFFCDA
00000104
00000243
FFFFFE92
0000066B
FFFFFF09
000004F7
000005CF
FFFFFF72
0000044E
0000059B
FFFFFAFC
000001C5
FFFFFE5D
0000004F
0000012A
FFFFFE3D
0000006C
00000361
00000211
FFFFFE97
000001E4
0000002B
FFFFFD95
00000218
000002AD
000002C0
FFFFFE79
0000014B
FFFFFDA9
000001EF
000002C9
00000055
00000139
FFFFFD67
FFFFFF43
FFFFFF81
000001C2
0000025E
000003A6
00000408
FFFFFFEE
00000233
00000209
00000193
FFFFFC0F
00000181
00000171
00000205
FFFFFA9C
FFFFFC45
0000001D
FFFFFD63
FFFFFCF1
FFFFFE62
FFFFFAC4
FFFFFBAB
000000D6
0000004A
FFFFFEFE
FFFFFFD5
FFFFFD2F
00000268
FFFFFC2C
000000D3
0000020E
FFFFFE38
0000004E
FFFFFE5F
00000111
FFFFFDD3
0000037B
000004C1
FFFFFEA3
FFFFFD4D
FFFFFC46
FFFFFF2B
FFFFFEDC
FFFFFC00
00000067
00000221
FFFFFE76
FFFFFEA5
FFFFFE9A
000004CB
0000026D
FFFFFE58
000000DF
000002A0
000000E2
00000230
0000010D
FFFFFD9A
0000010C
FFFFFEEB
FFFFFEEC
00000035
000001A1
FFFFFF7E
0000025E
FFFFFE7E
FFFFFE73
000000BD
000001CA
FFFFFF94
FFFFFE6E
FFFFFFFE
FFFFFD84
FFFFFFCC
0000000C
00000083
00000110
000001B0
0000025E
FFFFFCF0
FFFFFDCD
FFFFFE19
FFFFFDC6
FFFFFCC4
FFFFFD71
FFFFFDB7
FFFFFF77
FFFFFEAC
00000357
FFFFFF8C
FFFFFD03
FFFFFFAC
000000DE
FFFFFD22
FFFFFF48
00000040
FFFFFFEB
FFFFFF90
FFFFFF70
0000010E
0000020D
FFFFFFFF
FFFFFC13
FFFFFD4F
FFFFFE15
FFFFFDB9
FFFFF996
FFFFFACD
FFFFFF20
FFFFFC54
FFFFFA8A
FFFFFEFC
0000036C
0000008E
FFFFFDA2
FFFFFFB7
0000041B
0000041D
000003EF
000000BB
FFFFFDAA
FFFFFEF5
FFFFFD19
FFFFFF5F
000002B2
00000159
0000015B
0000019B
FFFFFBDA
000002C5
FFFFFB67
FFFFFD6B
00000036
FFFFF9C2
FFFFFEE4
000000A5
FFFFFB2F
FFFFFF68
FFFFFEFC
FFFFFE4C
FFFFFF19
FFFFFD3D
FFFFFD19
FFFFFF40
000002E4
FFFFFFC2
00000321
FFFFFD38
FFFFFFA8
FFFFFE50
FFFFFD20
0000022D
FFFFFE33
FFFFFBFB
FFFFFEF9
FFFFFBC0
FFFFFF5C
000001E5
FFFFFDD2
FFFFFEF4
FFFFFC94
00000152
0000014D
00000314
0000012D
FFFFFD5F
FFFFFC99
00000330
FFFFFF79
00000247
0000030B
FFFFFF7B
FFFFFE51
FFFFFF77
FFFFFAD7
FFFFFCE8
FFFFFB22
FFFFFE17
FFFFFE74
FFFFFDCC
FFFFFC54
000000ED
FFFFFCFB
0000011C
000002A1
FFFFFFC5
FFFFFE03
00000040
FFFFFE2E
FFFFFBC1
FFFFFD8F
0000022F
FFFFFD5F
000001F8
0000042E
FFFFFC15
00000103
0000014B
000003EB
00000133
0000032F
FFFFFE88
FFFFFF87
FFFFFB5A
FFFFFB84
FFFFFB91
00000042
FFFFFDD1
FFFFFE56
FFFFFD2F
000002E9
FFFFFEB2
00000464
000002E1
FFFFFF26
FFFFFE2A
FFFFFE11
000000F1
FFFFFD84
00000208
FFFFFD79
FFFFFE01
000000CD
FFFFFF6A
0000014A
FFFFFF9D
FFFFFF46
0000015A
00000317
00000153
FFFFFE58
FFFFFE98
000001AC
00000217
FFFFFCE2
FFFFFE6B
000001C0
FFFFFFC7
FFFFFFEA
00000317
000002E4
00000067
00000465
FFFFFE01
FFFFFD49
FFFFFDC8
000000D3
FFFFFBF5
000001AA
00000318
FFFFFFD1
FFFFFF01
FFFFFFE1
0000008C
FFFFFC1D
FFFFFDE0
00000057
FFFFFF0A
00000223
FFFFFE2D
FFFFFE02
FFFFFFE2
000002CB
FFFFFD8A
00000344
FFFFFDA4
FFFFFCB6
FFFFFD70
FFFFFFA8
00000014
00000116
000000BF
FFFFFDEC
0000022F
FFFFFFCB
0000014C
000000DF
FFFFFE58
FFFFFFCD
000002C4
00000499
0000048C
0000002F
FFFFFFA8
FFFFFF8A
FFFFFC27
000002C2
FFFFFEB9
FFFFFFA4
FFFFFBD9
000001EE
FFFFFDA8
FFFFFE2D
FFFFFDEF
00000111
FFFFFFEF
0000042F
FFFFFF3B
000000F5
FFFFFE9A
FFFFFE33
000003A2
FFFFFF42
000000DC
FFFFFC41
000001D5
FFFFFF0A
FFFFFF50
000001FA
0000040D
00000487
00000010
00000176
00000353
FFFFFED8
00000144
00000407
00000343
000001B3
000003AA
00000395
000004B1
0000009E
0000003D
000005AF
00000178
00000373
FFFFFF70
000001F6
FFFFFBE7
FFFFFFAC
00000212
000001A0
FFFFFCC3
000001B0
FFFFFF59
00000011
FFFFFBFB
FFFFFB5C
FFFFF9BA
FFFFFEA0
00000170
FFFFFBD8
0000017F
FFFFFBFD
FFFFFCDB
FFFFFDEF
FFFFFFBE
FFFFFB3C
00000136
FFFFFC02
FFFFFE65
FFFFFE22
00000043
00000249
FFFFFD53
FFFFFF6D
00000018
00000087
0000029A
FFFFFCA6
FFFFFE34
FFFFFFDB
00000025
000000E6
00000075
FFFFFE44
000000CC
0000008C
FFFFFEE1
FFFFFC50
FFFFFCD4
FFFFFDDF
FFFFFF8F
0000014E
000004C9
0000002F
FFFFFC2E
000002C3
000001AB
00000239
FFFFFF57
000005E8
0000029E
000000A7
FFFFFFCE
000000C7
FFFFFDD7
00000294
FFFFFD5A
FFFFFF8D
00000249
000001F7
00000347
FFFFFF66
00000091
00000292
000005CF
0000044D
00000420
FFFFFE8F
0000045A
0000006D
FFFFFEE9
00000201
00000603
000002ED
0000022B
FFFFFFF4
0000030F
FFFFFF5C
FFFFFD3A
00000383
FFFFFE81
FFFFFEFF
000004AC
FFFFFF8E
FFFFFEF8
FFFFFD54
00000218
000006C5
0000057E
FFFFFF07
00000557
FFFFFF6F
00000218
000001E3
00000444
FFFFFF05
00000067
000000CE
00000284
FFFFFE77
FFFFFD79
000002F3
00000196
FFFFFE75
FFFFFF4D
FFFFFCE9
0000033E
00000305
00000312
00000292
000004D7
FFFFFDAB
FFFFFE5C
FFFFFCA3
FFFFFEDF
0000021B
FFFFFCCD
FFFFFF0D
FFFFFEC4
00000230
000001C7
00000005
FFFFFF9F
00000428
FFFFFF6B
FFFFFECE
FFFFFF46
00000200
00000145
FFFFFEE0
00000248
FFFFFF3A
FFFFFD87
00000376
FFFFFE5B
FFFFFE45
FFFFFE81
0000027F
FFFFFEF0
000002A4
00000463
FFFFFFCF
0000006A
0000019C
00000304
0000056F
00000428
00000291
00000014
0000041C
FFFFFE33
00000089
0000008E
00000031
0000021F
FFFFFFB5
000003CE
00000055
FFFFFF77
000001DD
FFFFFF74
FFFFFF0D
0000030B
FFFFFEC3
0000014D
FFFFFF15
FFFFFE47
00000244
FFFFFDF5
00000395
00000470
00000053
000001E0
FFFFFE1D
0000001B
00000080
0000018A
00000076
FFFFFF72
000000DA
FFFFFF2C
00000134
FFFFFF2B
FFFFFE8A
000000F3
00000013
FFFFFD6C
00000057
00000095
FFFFFD08
FFFFFD72
000001B7
FFFFFD61
FFFFFD08
00000203
00000375
FFFFFEC1
FFFFFDE5
FFFFFE41
00000057
FFFFFEA3
000003B8
FFFFFE08
00000271
00000146
FFFFFD68
000002AF
FFFFFE5C
0000011B
00000238
000000BB
FFFFFFF0
00000205
FFFFFC29
FFFFFF89
0000011B
FFFFFC55
FFFFFFFC
00000062
0000032A
00000351
00000005
FFFFFCD5
FFFFFDFF
0000006C
FFFFFD53
00000232
00000343
00000123
00000176
FFFFFF5D
0000019F
FFFFFE41
000002D0
FFFFFF63
00000120
FFFFFC20
0000011B
000003C5
00000349
FFFFFE86
00000300
00000346
00000220
00000394
0000025B
0000033A
FFFFFFF1
00000385
00000144
000003EC
000002B9
0000042F
00000114
000001D9
FFFFFFCD
FFFFFFC1
FFFFFE0F
00000003
000002C9
FFFFFED8
FFFFFD1F
FFFFFD9E
FFFFFC5F
FFFFFF4F
000001C7
FFFFFED4
FFFFFFBE
000003A9
000001D6
00000541
000001A0
0000051A
FFFFFEEC
00000313
FFFFFFD9
FFFFFF6E
00000081
FFFFFFB8
000001D7
0000017E
000000A1
FFFFFF86
FFFFFF9A
FFFFFDD2
00000397
FFFFFF7F
FFFFFE6E
0000039B
FFFFFF64
FFFFFEE9
FFFFFC3C
FFFFFFAC
00000297
FFFFFBD9
FFFFFD5A
FFFFFEBB
000000CA
00000120
FFFFFD26
FFFFFE59
FFFFFF1C
FFFFFED5
FFFFFD80
FFFFFC85
0000019B
FFFFFD4A
FFFFFEC4
000001E5
FFFFFE7D
00000059
FFFFFEB7
FFFFFBFD
0000007C
FFFFFBD2
FFFFFDC8
FFFFFCCA
FFFFFB48
00000255
FFFFFF10
FFFFFD89
FFFFFFD3
000001DD
0000020A
FFFFFF0E
FFFFFD42
000000A0
0000051E
00000515
000001B1
0000012C
000001EB
000003FB
00000349
0000019E
0000044C
00000368
00000166
FFFFFF9D
000005B1
000000B6
000000F9
0000037E
00000590
000000C5
FFFFFFAE
FFFFFF65
0000024B
000002B2
FFFFFFBB
000001B5
FFFFFEFF
000001C1
0000021D
000000B9
00000065
FFFFFFD7
000002D1
00000084
000003A4
000000B2
0000013C
0000025D
000003DA
000001AF
FFFFFEFA
00000226
000004F4
00000295
00000088
000001C1
FFFFFEF2
FFFFFEE7
0000018F
00000072
000002F2
FFFFFF0F
000000B0
FFFFFF94
FFFFFE96
000001C5
000000D1
FFFFFE54
FFFFFF93
0000026D
00000302
FFFFFDFD
FFFFFFAD
FFFFFF6D
0000021A
00000100
FFFFFE34
FFFFFE1C
0000023E
000001F4
FFFFFE57
00000233
000000F2
000000E7
000001F6
FFFFFF8C
FFFFFEAC
00000489
000000B2
FFFFFD24
FFFFFF9C
FFFFFDF1
FFFFFD49
FFFFFC57
FFFFFF8C
000000A3
FFFFFB9B
FFFFFCEF
000000A0
FFFFFC9B
FFFFFFD1
FFFFFFFA
0000021D
FFFFFC05
FFFFFEA5
0000018F
FFFFFF17
000001BC
0000013E
FFFFFF57
FFFFFF7D
00000355
FFFFFF03
FFFFFFE5
0000035F
FFFFFAC5
FFFFFE46
FFFFFF2E
FFFFFDF1
FFFFFF98
0000019A
0000021A
FFFFFDE5
000000FB
000002A3
FFFFFF8D
0000012E
00000025
FFFFFE15
FFFFFD4D
00000229
00000237
000005BE
000003E8
FFFFFF2F
FFFFFF75
00000160
0000014D
000001C0
FFFFFF01
FFFFFEB6
FFFFFC51
FFFFFC13
FFFFFCFA
000001CD
FFFFFC19
FFFFFFE0
000002AF
00000010
000000D3
00000244
00000285
FFFFFE93
00000343
000002FE
00000495
FFFFFF54
FFFFFEA6
FFFFFD4C
FFFFFEDF
00000305
FFFFFCDC
FFFFFFA4
0000024D
FFFFFFD8
00000025
000000FD
00000115
FFFFFC94
0000004E
FFFFFEA5
FFFFFBB6
FFFFFC85
00000155
00000184
00000039
FFFFFD6C
0000027F
00000297
000000AB
000001E1
FFFFFB8E
0000013C
00000177
0000024C
000002A8
FFFFFBF0
0000029D
FFFFFE52
00000069
FFFFFE65
FFFFFD6B
00000006
00000270
FFFFFF74
00000163
FFFFFE76
000002DC
000000FD
000001B0
00000139
FFFFFD88
FFFFFFAB
FFFFFDC6
FFFFFE51
FFFFFF4E
0000025D
0000011B
00000168
0000016A
0000004F
00000160
000002EE
FFFFFE18
FFFFFEBB
0000010F
00000273
0000035F
0000011D
FFFFFFA4
FFFFFD7B
FFFFFEE4
00000319
00000297
00000373
FFFFFE1A
FFFFFF1D
00000082
FFFFFCFA
FFFFFF5E
FFFFFE12
0000009F
FFFFFDD7
00000144
FFFFFEEC
FFFFFE61
0000005C
FFFFFECA
FFFFFF88
00000325
FFFFFDE5
00000188
0000019D
FFFFFF02
000001F1
FFFFFF87
FFFFFD56
FFFFFF1D
FFFFFD46
FFFFFB0C
00000029
FFFFFBDA
00000038
FFFFFF02
FFFFFEF5
FFFFFD92
FFFFFB5D
FFFFFBF9
FFFFFD85
FFFFFDF4
FFFFFDF9
000000A7
0000007B
00000122
0000041A
00000012
0000008B
FFFFFFD4
00000328
00000363
000001F4
FFFFFE99
000003DF
FFFFFD9F
FFFFFF47
000001E7
FFFFFDEC
00000183
FFFFFE8A
FFFFFD5E
00000036
FFFFFFE4
FFFFFF33
FFFFFDFD
FFFFFF38
FFFFFEF8
000002E6
FFFFFDED
FFFFFDF3
00000262
000002E7
FFFFFEA1
000000AE
00000180
0000035B
FFFFFF60
00000229
000004BD
00000205
000004D3
00000014
000001EE
FFFFFEC7
000001B1
000000D8
FFFFFE6F
FFFFFEBE
FFFFFF81
FFFFFF1B
FFFFFA40
FFFFFF02
00000077
FFFFFD9D
0000023C
0000035C
FFFFFF38
FFFFFE86
000001DB
00000329
00000461
FFFFFEF1
00000048
FFFFFEF4
00000347
000001EC
00000092
00000022
FFFFFD73
0000007C
FFFFFC84
FFFFFF66
FFFFFFF3
000001D0
FFFFFE59
0000010F
FFFFFC3A
0000021F
00000389
00000137
FFFFFF7A
000003F6
00000286
FFFFFD54
FFFFFE4A
0000013C
00000456
00000337
000001C6
FFFFFDC0
0000002B
000000F0
00000075
0000028E
0000031E
00000197
00000346
FFFFFF8F
FFFFFF24
FFFFFE5A
000000EE
000001F1
FFFFFF84
00000282
FFFFFD96
00000485
FFFFFFFA
000001F3
00000064
000002FE
00000199
000002FB
000001E6
000001E1
00000433
FFFFFD7F
FFFFFEA8
FFFFFFFA
FFFFFE58
FFFFFC4E
FFFFFF77
FFFFFB77
FFFFFFA0
FFFFFDA8
0000011E
FFFFFC1D
FFFFFFD9
FFFFFC6B
FFFFFBD7
FFFFFBBB
FFFFFD69
FFFFFE93
FFFFFFAF
FFFFFF11
FFFFFF74
00000006
000002CE
FFFFFF4B
00000385
000002A6
000000E3
FFFFFBB3
0000008F
FFFFFC3B
FFFFFBFD
FFFFFDAC
FFFFFF76
000000C8
FFFFFCBB
FFFFFB62
FFFFF9BC
FFFFFE52
FFFFFD31
0000007D
FFFFF9D0
FFFFFAD8
FFFFFF45
FFFFF854
FFFFFE55
00000241
FFFFFDD3
FFFFFE36
FFFFFD59
FFFFFFB4
FFFFFFCB
0000013B
FFFFFE5D
FFFFFEF2
FFFFFCAF
FFFFFEAC
FFFFFD38
FFFFFC86
FFFFFC43
FFFFFB2B
FFFFFE5C
00000005
0000032C
000000F9
FFFFFFCC
000000AD
000001B5
FFFFFEC8
00000270
00000333
00000013
000003B9
000000BB
FFFFFF3D
00000281
000004A3
000003FE
0000039B
FFFFFF3A
00000157
FFFFFE96
FFFFFCA6
FFFFFB62
FFFFFB87
FFFFFF0C
FFFFFFAF
FFFFFBA4
FFFFFA94
0000000B
000000D4
0000020A
00000257
00000218
000004BD
000004AE
0000023F
0000032B
00000403
FFFFFA84
FFFFFC60
FFFFFF54
FFFFFF14
000000B8
FFFFFFFE
0000009D
FFFFFE3D
FFFFFF8B
FFFFFF91
FFFFFE50
FFFFFFE5
000000B4
FFFFFFCD
FFFFFF21
0000018F
000000C3
FFFFFF13
00000331
00000212
0000010C
00000309
00000469
00000287
0000005E
FFFFFFB1
00000351
FFFFFDA4
FFFFFEA2
0000038B
000000E9
000003BE
FFFFFE3A
00000180
FFFFFF9D
FFFFFF18
000000AC
FFFFFED7
000003A9
FFFFFEFD
00000223
FFFFFEF2
00000313
FFFFFDC8
000000C2
0000035F
FFFFFF58
FFFFFEE8
FFFFFEB1
000003B5
FFFFFD8E
FFFFFFE0
000004F3
0000004F
0000018D
FFFFFEE7
FFFFFD37
00000068
FFFFFD86
FFFFFDDF
FFFFFD92
FFFFFD62
FFFFFEDE
FFFFFE2A
FFFFFF14
FFFFFF8F
FFFFFF0C
000000EB
FFFFFCE2
FFFFFD4E
000000CE
FFFFFF25
FFFFFECE
FFFFFCD0
FFFFFF95
0000009F
FFFFFDEB
000003A4
000002C3
000004B8
FFFFFFE6
FFFFFE7A
00000240
000000D7
FFFFFDBF
00000374
FFFFFF03
FFFFFE6B
000000DB
000001C8
FFFFFB1E
000003AD
FFFFFD73
00000089
0000030B
FFFFFF92
000000E8
0000015C
FFFFFE04
FFFFFCC1
FFFFFD11
FFFFFD65
00000255
00000201
00000171
FFFFFBD6
00000256
00000106
0000026E
00000419
000002B1
FFFFFDE6
000000C8
000002F1
00000013
00000026
000004FC
FFFFFFE7
FFFFFD19
FFFFF999
FFFFF915
FFFFFCCC
FFFFFCB8
FFFFFAA8
FFFFFFA8
0000012B
FFFFFB69
FFFFFE52
00000207
000001F2
00000273
FFFFFFCB
00000196
FFFFFF34
00000289
FFFFFCE5
FFFFFE71
FFFFFDF1
00000153
FFFFFCE8
0000002F
FFFFFA7C
FFFFFD9E
FFFFFB44
000005AE
0000011F
0000059D
000005F2
FFFFFE61
FFFFFDDB
FFFFFE6F
0000068E
00000104
000001BE
FFFFFA4F
FFFFFA3C
FFFFFDA4
00000016
0000006C
FFFFFD67
FFFFFE44
0000007E
FFFFFE8C
000000C4
000000E0
00000077
FFFFF96A
000001EE
00000112
FFFFFB08
FFFFFDE2
FFFFFE06
FFFFFDB9
00000203
FFFFFE86
FFFFFD05
00000033
FFFFFEC4
0000033A
FFFFFDDA
FFFFFFBC
000000AE
FFFFFB86
00000003
00000310
FFFFFD35
0000021B
FFFFFD56
FFFFFFE3
FFFFFF71
FFFFFCEF
FFFFFFE2
0000041B
FFFFFEE5
000001B8
FFFFFD2B
00000164
000000AA
0000013B
FFFFFEB5
FFFFFBE7
00000255
FFFFFE05
FFFFFE27
00000233
FFFFFFB0
0000000F
FFFFFE94
FFFFFD3E
FFFFFDCE
00000089
FFFFFE2C
FFFFFC85
000000FF
FFFFFE66
FFFFFF8A
FFFFFDA9
0000002F
0000014B
00000523
0000057E
FFFFFFE0
000001F3
FFFFFF5C
FFFFFF8A
00000197
FFFFFE21
00000065
00000423
0000044A
000003FB
000003E7
0000035E
FFFFFD61
0000036C
0000058E
FFFFFF2A
000001C7
00000389
FFFFFFE7
FFFFFBEB
00000170
00000023
00000409
00000314
000002E5
000005BA
0000033E
FFFFFFC7
0000044D
FFFFFECE
0000014A
000002B6
00000263
FFFFFE67
00000399
000000E1
000006D9
00000440
0000002A
000002B9
FFFFFE5D
FFFFFA6F
FFFFFC10
FFFFFE01
FFFFFEFE
FFFFFD8C
FFFFFE76
FFFFFF79
000000DD
00000143
FFFFFD12
FFFFFC04
FFFFFB48
FFFFFCE7
FFFFFCF7
00000379
FFFFFCAC
000000F0
0000033F
FFFFFEB5
00000445
FFFFFDA1
0000012A
FFFFFD0E
00000222
FFFFFE40
00000524
FFFFFC17
00000236
FFFFFEA3
00000061
000006E7
00000559
FFFFFDB3
FFFFFF95
00000433
0000002B
0000018C
0000063C
000002B4
00000179
0000017F
FFFFFFB6
FFFFFE9C
0000000D
000002B1
FFFFFED6
00000249
0000016B
FFFFFFCF
0000058F
FFFFFF93
00000110
00000558
000001F9
00000334
FFFFFB02
FFFFFFA5
00000117
FFFFFFE4
00000374
FFFFFED4
FFFFFD5A
0000009E
FFFFFE72
FFFFFD2B
FFFFFBA4
0000024C
FFFFFD56
000003A4
FFFFFD86
FFFFFAEF
00000589
000003B0
00000188
FFFFFE5D
000004C4
FFFFFFD9
0000022F
FFFFFB40
FFFFFC07
FFFFFF00
FFFFFF8D
00000630
000006F6
00000043
00000115
000001D3
00000162
000004AE
FFFFFEE2
FFFFFB5C
00000066
00000332
000000D3
FFFFFDD5
FFFFFE84
FFFFFDAC
FFFFFF35
FFFFFD29
000000B3
FFFFFDCC
0000049A
00000027
FFFFFC75
FFFFFD8A
FFFFFC7C
FFFFFE33
000003CC
FFFFFD7F
000001EF
FFFFFF33
00000001
FFFFFD95
00000104
FFFFFD73
000000D2
FFFFFD9C
FFFFFDDA
FFFFFEBA
FFFFFE20
0000029A
FFFFFE0F
FFFFFEE8
FFFFFD5E
FFFFFD3F
FFFFFB56
FFFFFC4F
00000174
00000050
FFFFFD51
000001B0
000003CC
0000022F
FFFFFDC2
00000305
FFFFFD73
FFFFFE51
00000342
0000024C
000004F3
FFFFFBF6
000000D1
FFFFFE3B
FFFFFDFB
FFFFFD50
FFFFFCAB
000000E6
00000219
00000164
FFFFFF15
FFFFFACF
FFFFFADA
0000037C
0000012A
00000050
FFFFFFD6
00000067
FFFFFF43
FFFFFCA4
FFFFFDD8
FFFFFD10
FFFFFD4F
FFFFFD08
0000038E
000001A5
FFFFFE43
00000016
00000209
FFFFFFBE
000001FF
FFFFFD56
0000017B
FFFFFF3A
0000012E
FFFFFDD8
FFFFFC59
FFFFFC3D
FFFFF9BF
FFFFFAD1
FFFFFEC6
000000DE
FFFFFB94
FFFFFF0B
FFFFFE25
00000198
FFFFFD9B
0000020C
00000291
000001CB
FFFFFD92
FFFFFFCA
0000047E
FFFFFF31
000003E0
FFFFFFA5
000004DD
0000026A
FFFFFC4C
00000137
00000044
0000013C
FFFFFA6C
FFFFFBCA
00000000
0000035B
FFFFFFE4
FFFFFE8E
FFFFFD31
FFFFFF8B
FFFFFDC6
FFFFFCC4
00000148
FFFFFCCC
0000023F
00000051
FFFFFF9B
000003EF
000003E6
FFFFFFF6
FFFFFE5F
FFFFFE85
000000B1
000000EB
FFFFFEBC
FFFFFCEB
FFFFFE33
000001FF
00000030
FFFFFF03
FFFFFE97
FFFFFBC6
FFFFFA55
FFFFFFEC
000000D9
000000DF
FFFFFC31
000003E1
000005F9
00000368
00000338
FFFFFF9E
FFFFFE24
00000169
0000038E
000002A5
0000032A
FFFFFB45
FFFFFF64
00000411
0000048C
0000040E
0000022A
FFFFFFA2
FFFFFDB6
FFFFFD97
FFFFFD7B
FFFFFD78
FFFFFF7C
FFFFFCAB
FFFFF9E5
0000031E
FFFFFE67
FFFFFA40
FFFFFF07
FFFFFDDA
FFFFFE0A
FFFFFF41
0000025F
0000020D
00000143
00000098
FFFFFDFD
FFFFFAA3
FFFFFDA9
FFFFFF9A
FFFFFFA8
FFFFFFD6
00000024
FFFFFF6B
0000019F
FFFFFDEA
FFFFFEC9
000003D2
000003E7
000003BF
00000096
00000036
FFFFFF01
FFFFFFD6
FFFFFD94
00000139
00000525
00000298
FFFFFBCF
FFFFFCCB
FFFFFC82
000001BE
FFFFFE36
0000023C
FFFFFA9B
FFFFFB34
FFFFFFA9
FFFFFE50
00000138
FFFFFEFA
00000131
0000004F
000002B9
FFFFFF65
00000504
00000302
00000207
0000011D
000002C2
FFFFFD3F
FFFFFB5B
FFFFFF83
00000186
0000034D
00000356
000001EC
000002C3
00000309
0000017C
FFFFFF78
FFFFFFB6
00000466
FFFFFDCA
00000415
FFFFFDF6
000000D3
000004A3
000004DC
000001C7
0000037D
FFFFFF39
000001BB
FFFFFEA7
FFFFFD72
0000007C
000002FC
FFFFFD0D
FFFFFE1E
FFFFFBC3
FFFFFCA1
FFFFFF2C
FFFFFF61
FFFFFF68
000000D3
FFFFFDA4
FFFFFFFB
00000182
FFFFFD26
0000000D
00000081
000003CE
0000012B
000000EE
00000505
000000EE
00000388
000001BA
000001AE
FFFFFEFE
FFFFFEE0
FFFFFCE4
00000237
0000023E
0000023B
00000482
FFFFFE2B
FFFFFCED
FFFFFCF8
FFFFFF11
FFFFFBFC
000002E8
00000067
00000359
FFFFFEC6
000001D0
FFFFFC0C
FFFFFDEB
00000371
FFFFFEEC
000001E9
000000A3
0000039E
FFFFFD4A
FFFFFD4D
FFFFFDAD
FFFFFDBD
00000171
00000220
FFFFFEBB
000000C4
FFFFFEB7
FFFFFC30
FFFFFEDC
FFFFFE59
00000074
FFFFFEDB
FFFFFEE4
0000010A
FFFFFD85
000001DD
FFFFFFA2
FFFFFF2C
FFFFFCA5
000001B1
0000032C
FFFFFF34
FFFFFE14
FFFFFE74
0000035D
000001EF
FFFFFEDD
00000068
FFFFFEFD
00000171
00000397
000000A7
FFFFFE45
FFFFFE95
00000028
00000020
000001B3
0000028B
FFFFFCFE
FFFFFF91
FFFFFF40
00000155
FFFFFEB5
FFFFFDD1
FFFFFFE1
000000FB
000002EA
FFFFFDD8
00000061
00000058
000000E3
0000015A
000003AC
00000027
FFFFFEC8
FFFFFCDD
FFFFFE45
00000329
0000029A
FFFFFF85
000001DC
0000000F
FFFFFC41
00000075
FFFFFE6F
FFFFFF0F
000001B7
000000F5
000001DD
00000216
FFFFFD37
FFFFFF6A
FFFFFAD5
FFFFFCAB
FFFFFDE0
000004D0
00000359
FFFFFF9E
FFFFFF43
FFFFFF26
00000003
000001AA
000000E1
FFFFFF56
00000127
0000000E
0000030E
00000709
00000418
00000190
FFFFFF7A
000001B4
000001D7
000004E6
0000023C
000001A1
FFFFFCDD
0000015C
FFFFFF24
FFFFFE90
FFFFFE6D
FFFFFECD
FFFFFEDF
FFFFFF60
FFFFFE6F
FFFFFE5C
FFFFFD7E
FFFFFD7F
00000084
0000002E
FFFFFE51
00000101
00000323
0000007A
000003B6
00000016
FFFFFE6A
FFFFFD43
FFFFFF16
00000468
000003F9
00000578
0000046F
000000CE
FFFFFD4A
FFFFFFCF
FFFFFECE
000001D7
FFFFFE30
FFFFFED5
FFFFFDA8
00000156
00000399
000001D4
00000062
FFFFFCFC
FFFFFE79
0000001B
00000155
FFFFFFBF
0000017F
000003D3
00000066
FFFFFDE1
FFFFFD46
FFFFFCFE
00000101
00000095
FFFFFDB5
FFFFFE9C
000002BB
FFFFFDC6
000000F3
FFFFFFD6
0000031D
00000239
FFFFFE07
00000082
FFFFFE80
FFFFFF9F
FFFFFD39
FFFFFF7D
FFFFF888
FFFFFE08
FFFFFFC5
000003E0
FFFFFEC3
0000001C
00000182
0000016C
0000011A
00000102
FFFFFC54
00000215
0000008A
0000029B
000000DC
FFFFFC0E
FFFFFE74
FFFFFF25
FFFFFFCD
000001DE
00000053
FFFFFE83
FFFFFDAF
FFFFFD3B
FFFFFC5F
FFFFFD49
000002E1
FFFFFF16
FFFFFF49
FFFFFD8A
000001E5
00000081
0000007B
FFFFFFA7
FFFFFD5A
FFFFFEF7
0000028E
000000DF
00000153
000000D2
00000125
FFFFFE43
FFFFFE2B
0000005A
FFFFFBD6
00000043
FFFFFC39
00000195
FFFFFED8
FFFFFF26
00000121
00000001
00000197
00000053
FFFFFEBF
0000022E
FFFFFE78
0000010D
FFFFFE2D
00000346
000004FF
FFFFFE27
FFFFFDAE
FFFFFF5A
FFFFFE2B
00000012
FFFFFDDD
00000553
FFFFFD0A
FFFFFE77
00000153
000002D9
FFFFFC11
000000AB
0000002C
00000181
0000001D
00000180
FFFFFFC1
FFFFFD55
00000149
00000079
00000327
FFFFFEAE
FFFFFCD4
FFFFFE12
FFFFFD3E
FFFFFF72
FFFFFEEC
0000042A
000006FA
00000219
00000230
FFFFFE51
FFFFFFD8
000000C3
FFFFFFB0
0000001F
FFFFFFDC
000000D4
000000F4
FFFFFF03
FFFFFE99
FFFFFCCB
FFFFFC78
000001E6
FFFFFF77
00000178
00000020
0000033F
FFFFFF7A
0000001A
FFFFFF40
00000132
00000314
000000B4
0000010A
0000041B
FFFFFFA5
000001DB
FFFFFFD9
0000041A
000003E3
0000007A
0000024A
FFFFFE24
00000106
FFFFFFE6
00000128
00000192
0000005F
FFFFFECF
FFFFFCF5
00000180
FFFFFEF3
000002ED
00000302
FFFFFF11
00000246
00000318
00000458
FFFFFC6B
0000002D
FFFFFED7
00000334
FFFFFF02
FFFFFB90
FFFFFF71
FFFFFC19
FFFFFE0F
FFFFFEE5
00000359
FFFFFFF3
FFFFFE97
FFFFFD39
000001B7
00000198
FFFFFFFF
FFFFFFC1
FFFFFF5D
FFFFFEDF
FFFFFEAF
000000BB
00000187
FFFFFE5E
0000027E
FFFFFE86
FFFFFDB1
FFFFFE81
000002AD
00000045
0000019B
FFFFFD5A
000000BD
FFFFFEFC
FFFFFE13
FFFFFFAC
FFFFFD41
FFFFFF90
000001C6
00000354
FFFFFEDE
0000008A
FFFFFD4A
FFFFFE99
000000A6
000000D6
FFFFFEFD
FFFFFBB8
00000030
FFFFFC9A
FFFFFE96
FFFFFF32
FFFFFE93
FFFFFE40
000000B3
00000116
FFFFFE7D
FFFFFE5B
FFFFFDCB
FFFFFE64
0000000A
0000005D
FFFFFF16
00000013
FFFFFEBC
FFFFFD0A
FFFFFF61
00000087
0000017F
0000019A
00000352
00000081
000002C6
FFFFFF3C
00000177
00000025
FFFFFEE4
0000014E
FFFFFFE2
00000034
0000005C
FFFFFCE0
FFFFFFC3
0000034B
FFFFFF50
00000261
FFFFFF00
FFFFFFC1
FFFFFD92
FFFFFE84
00000211
FFFFFFFF
FFFFFEEF
FFFFFBDA
000000A0
0000017C
00000046
00000124
FFFFFF01
0000057E
FFFFFFA1
00000124
FFFFFB4D
FFFFFFE4
00000153
000001C1
00000526
FFFFFEEB
FFFFFEB7
0000029D
00000132
00000023
FFFFFDCD
FFFFFD47
FFFFFBF6
0000033C
000000D8
FFFFFF9B
00000052
FFFFFCF8
00000026
000000F4
000000F9
FFFFFF34
FFFFFEDE
0000006D
0000003E
FFFFFCF5
0000014A
0000014E
000000B2
FFFFFE6F
FFFFFE7D
000000C7
FFFFFF28
000001F1
00000128
FFFFFF33
FFFFFDFC
0000007E
0000031C
000003ED
00000247
FFFFFF70
00000006
FFFFFD32
FFFFFDE4
00000081
0000030A
FFFFFE2A
FFFFFFAC
FFFFFDA2
FFFFFE95
00000066
00000149
000000D4
00000047
FFFFFF9C
000000DE
000000D1
FFFFFF0E
FFFFFD8E
FFFFFE41
00000112
000001D4
00000040
FFFFFEA7
00000056
FFFFFFCF
00000117
000001DF
000000C4
FFFFFDC8
00000384
00000308
00000470
00000032
00000146
FFFFFE65
FFFFFED9
FFFFFC02
FFFFFD5C
000003BF
FFFFFFF3
00000016
FFFFFFCF
00000185
FFFFFBD0
000000EB
FFFFFF85
00000120
FFFFFF2B
FFFFFFDD
00000211
00000097
00000160
00000321
00000013
00000094
00000020
000001D9
FFFFFD86
FFFFFFD7
0000028F
FFFFFEA4
00000545
0000007B
000002F8
FFFFFE07
00000146
FFFFFB6D
0000001D
0000008E
000000A4
00000008
FFFFFEB8
FFFFFF3A
FFFFFFC7
FFFFFE4D
FFFFFFEB
FFFFFDAA
00000193
FFFFFE31
00000114
0000022F
00000249
0000003C
0000005C
FFFFFE33
FFFFFFC1
FFFFFF9D
0000027D
FFFFFFD7
0000014B
00000041
FFFFFF8D
00000287
FFFFFD22
0000005C
FFFFFEE1
0000010E
FFFFFEDE
FFFFFECF
FFFFFEA2
FFFFFEFA
FFFFFD42
FFFFFEAA
000002D0
FFFFFCE3
FFFFFE64
00000283
FFFFFCF4
00000493
FFFFFD35
FFFFFF0D
FFFFFB3E
000002F2
00000212
0000043C
00000207
FFFFFEED
FFFFFF97
00000075
FFFFFF73
000000E8
FFFFFCF9
FFFFFFA7
FFFFFF4D
FFFFFE8A
FFFFFF0C
FFFFFE17
00000118
00000002
FFFFFF80
00000332
00000340
FFFFFE5D
FFFFFF81
FFFFFE98
00000215
FFFFFFC9
FFFFFF65
00000264
FFFFFCF8
FFFFFF54
FFFFFDD6
FFFFFD5A
000001A9
FFFFFFEF
FFFFFCF9
FFFFFDCD
FFFFFDAE
00000067
00000323
000002A6
FFFFFD38
000001C3
0000021E
000002AA
0000030F
FFFFFFD9
FFFFFEC3
FFFFFEB6
000001A0
FFFFFF7E
0000008C
000000C0
FFFFFE91
00000216
0000021F
000003F7
000000B2
FFFFFF62
00000387
FFFFFECA
FFFFFD26
FFFFFF32
FFFFFE51
FFFFFCF0
000001C0
0000013A
FFFFFFCB
FFFFFE41
00000128
FFFFFDE3
FFFFFD5A
00000008
FFFFFC55
FFFFFFFA
FFFFFB3A
FFFFFFF6
0000002A
FFFFFB1A
00000127
00000143
FFFFFDEB
FFFFFD78
FFFFFF2D
000000F2
000000BB
FFFFFD4F
FFFFFF58
FFFFFF82
00000388
0000011C
000001B1
00000183
0000028B
FFFFFED7
FFFFFE83
FFFFFFA7
FFFFFE22
000002A8
FFFFFEF9
00000183
000002FA
FFFFFD42
FFFFFE18
000002D3
FFFFFF1F
00000097
000000C1
FFFFFF53
FFFFFD9A
FFFFFD6B
FFFFFF5F
000000FB
00000268
FFFFFC13
FFFFFF7D
000004FC
00000461
FFFFFF06
00000479
FFFFFF3A
FFFFFD83
000004A6
000001A4
FFFFFD4B
FFFFFEE6
FFFFFBB1
FFFFFDDA
000000DA
FFFFFF9B
FFFFFCDB
FFFFFFE7
00000180
000000E9
000000DD
FFFFFF86
00000264
00000139
FFFFFFF5
FFFFFD38
FFFFFD5A
FFFFFFD3
FFFFFFC9
00000202
0000004D
0000020C
000001F4
00000218
FFFFFECD
000000F8
00000105
FFFFFDBA
FFFFFFAE
FFFFFCD0
FFFFFD01
FFFFFCFC
00000115
FFFFFE34
00000098
FFFFFEFE
00000153
FFFFFFA8
FFFFFFD5
FFFFFF4D
00000281
FFFFFFF0
00000006
000003D3
FFFFFF74
FFFFFEBB
FFFFFCF4
FFFFFEC1
FFFFFEA0
00000374
00000234
FFFFFEDA
00000034
FFFFFD5D
FFFFFF1C
00000194
0000006E
FFFFFF06
00000320
000000B5
FFFFFD06
00000220
000000B8
000002A2
000000C7
FFFFFE1B
00000134
FFFFFF12
FFFFFFEB
000000FE
FFFFFFCC
FFFFFD9C
FFFFFED4
000000BC
000004EA
FFFFFE69
00000091
00000264
0000029B
FFFFFE8E
000002BE
FFFFFF4B
FFFFFEFE
FFFFFE3A
0000029E
00000492
00000194
FFFFFE5D
000004F6
00000180
00000221
000000A3
00000230
00000366
FFFFFF20
00000343
FFFFFE03
000001C3
00000088
FFFFFDDA
00000034
FFFFFD67
FFFFFF92
FFFFFEBE
FFFFFF31
00000038
FFFFFE7C
FFFFFF14
0000011D
FFFFFDB1
000000F8
0000012C
00000070
000000FD
FFFFFF47
000002A0
000000D9
0000005F
00000191
FFFFFBC0
00000123
FFFFFFA0
000002A4
00000181
FFFFFDFD
00000046
000003EB
0000009B
FFFFFD2C
00000096
00000237
FFFFFE9B
FFFFFF5E
000000A3
000000E9
FFFFFEFC
0000012D
FFFFFF46
FFFFFF68
FFFFFE1D
FFFFFF2F
0000001A
FFFFFE62
000001CB
FFFFFFFD
FFFFFD96
000000FF
000000A2
FFFFFD29
FFFFFFB9
FFFFFD20
FFFFFDB2
00000232
FFFFFF1E
FFFFFDF3
FFFFFF03
FFFFFEA4
FFFFFF73
FFFFFD8E
00000006
FFFFFCE9
00000088
FFFFFE3D
0000017E
FFFFFF10
FFFFFE8D
0000012F
FFFFFEE0
FFFFFD9A
000002C4
000000F1
0000024C
0000027B
0000036E
000000F9
FFFFFEF0
FFFFFEAA
00000317
0000014C
FFFFFE2F
000000FD
FFFFFEF5
00000078
FFFFFEFA
FFFFFF8B
FFFFFF5D
000001F3
FFFFFDFD
000002C9
FFFFFB58
FFFFFD45
FFFFFC93
FFFFFD26
FFFFFEC0
FFFFFC95
FFFFFD98
FFFFFD00
FFFFFF80
000001E8
00000267
FFFFFFCF
000002A6
FFFFFFAA
FFFFFDCE
00000268
00000352
FFFFFE69
0000010E
0000010E
000000F2
00000379
00000065
FFFFFE58
00000426
000003F0
00000217
0000003C
FFFFFBB7
FFFFFD24
FFFFFEC5
FFFFFFE2
FFFFFD40
FFFFFDBA
FFFFFE48
FFFFFF49
00000319
FFFFFE5F
00000224
FFFFFEA3
FFFFFF50
FFFFFDCD
0000010A
000003DE
FFFFFE27
FFFFFDE6
000002D2
FFFFFFCF
FFFFFCA6
000000FB
FFFFFCC7
00000206
000001B9
000002D1
FFFFFF11
0000031C
00000245
FFFFFEA4
0000024C
000002AD
FFFFFF5E
000002AE
FFFFFFCF
0000020D
FFFFFE92
FFFFFF68
00000266
000000FA
FFFFFD9D
00000203
00000396
FFFFFE66
000003B8
000001F7
0000021A
00000267
00000604
0000033A
0000018F
00000359
000003C3
00000008
FFFFFEAF
000001E6
00000001
FFFFFF1F
000001B4
00000124
000000A8
FFFFFC57
0000028F
00000181
0000051A
000001F5
0000009E
FFFFFCC3
00000496
00000245
00000113
0000032D
000001B0
FFFFFE5B
00000227
FFFFFFEA
FFFFFF91
FFFFFEFC
FFFFFECC
0000008A
FFFFFD84
FFFFFDA1
00000042
FFFFFE48
FFFFFE23
00000060
00000168
000000F6
0000010E
FFFFFE78
FFFFFFF8
0000028D
00000287
FFFFFDCF
FFFFFE9B
FFFFFE71
0000003B
FFFFFF3A
FFFFFB2B
FFFFFF66
00000090
0000008B
000000E3
FFFFFF87
FFFFFE34
FFFFFF92
FFFFFEF2
00000289
0000048B
00000379
000003AD
FFFFFE74
000003E0
FFFFFFEC
FFFFFF8F
000002C2
000002D1
0000037D
00000023
FFFFFD60
FFFFFE07
0000038B
FFFFFF02
FFFFFD40
FFFFFE75
FFFFFD41
0000000B
FFFFFF24
0000030A
FFFFFC15
00000292
FFFFFFE4
0000010F
FFFFFFB3
000002DA
FFFFFF71
00000125
000002E5
000000D1
0000007E
FFFFFEE5
0000004F
0000023E
FFFFFF19
FFFFFF56
0000020F
000002E2
00000339
FFFFFDA1
FFFFFE34
000002D2
000000FE
FFFFFFDF
FFFFFDBE
FFFFFF36
FFFFFE2B
FFFFFFE4
00000085
FFFFFF0B
FFFFFEFE
0000013E
FFFFFD8E
FFFFFCEA
FFFFFF6A
FFFFFE95
00000095
FFFFFA64
00000011
00000125
FFFFFE64
000002F8
FFFFFF5A
0000014A
00000344
FFFFFF59
00000186
000003DC
0000026D
00000064
FFFFFFC2
FFFFFD5B
FFFFFE91
FFFFFE26
FFFFFFC0
00000111
00000129
FFFFFF8F
00000248
0000027D
000001BC
0000001C
FFFFFECD
FFFFFF19
000000A7
00000276
FFFFFFBB
00000553
0000032B
FFFFFDB8
FFFFFDD3
FFFFFF39
000004A1
FFFFFD61
00000240
0000043C
FFFFFFD8
0000035D
0000045E
0000004A
0000018D
FFFFFF50
0000049E
0000018B
FFFFFFD8
00000283
00000399
0000022D
00000303
0000004B
000001C0
000002A8
0000042B
00000345
0000026A
0000006A
FFFFFF64
FFFFFE93
000000A6
FFFFFF18
FFFFFCB5
FFFFFDD5
000000DB
0000027F
00000232
FFFFFF5A
FFFFFC71
00000244
0000026B
00000423
FFFFFF31
0000007A
FFFFFE91
00000027
000001DA
000000F7
FFFFFF12
000000AF
000003E6
000002E0
000000BB
00000294
000002FA
FFFFFEC8
000000DE
00000210
FFFFFD3F
FFFFFE6A
FFFFFEE0
FFFFFD83
FFFFFD57
FFFFFFFC
00000131
00000331
FFFFFC34
FFFFFF4B
FFFFFEA9
FFFFFD6E
FFFFFD6F
FFFFFE8E
000000BE
00000163
FFFFFD65
0000005D
0000023C
000002A0
000000EB
FFFFFF50
FFFFFF36
00000091
FFFFFE79
000001C8
FFFFFDE5
FFFFFF3B
FFFFFE52
0000027F
0000002C
FFFFFD5A
FFFFFE5F
FFFFFEED
000002F8
000002BB
0000024A
0000020A
00000044
000000C0
FFFFFE1D
000000EF
FFFFFFF4
0000015A
0000013C
FFFFFFA5
FFFFFDFA
FFFFFEFD
FFFFFE0F
00000324
FFFFFEE8
00000205
FFFFFFDF
FFFFFF51
00000078
FFFFFDD7
FFFFFD55
00000328
FFFFFC39
00000290
FFFFFFB4
FFFFFE96
000001BF
FFFFFE1A
0000030B
FFFFFD66
FFFFFE6E
0000010C
FFFFFD80
FFFFFF69
FFFFFEBC
00000183
00000031
FFFFFFD4
FFFFFC39
FFFFFC3F
000002FA
0000022F
FFFFFE9A
0000025C
FFFFFFEC
FFFFFE71
000002F5
FFFFFFB7
00000364
0000019B
00000208
00000041
FFFFFE3B
FFFFFFED
FFFFFB6B
00000087
00000221
FFFFFF69
FFFFFF46
00000090
0000043B
0000013B
000003FD
0000014A
FFFFFE30
0000036C
000002F4
000004D5
FFFFFB76
FFFFFD87
FFFFFB60
FFFFFDDC
000001E7
FFFFFB68
FFFFFCA6
FFFFFEA3
FFFFFD61
00000247
0000002A
0000012D
FFFFFCDE
0000016B
000000F5
FFFFFC59
00000157
FFFFFB18
00000131
000002E8
0000013B
FFFFFCE9
FFFFFDEC
FFFFFE08
FFFFFFE1
000001A6
000001E1
FFFFFDC4
00000121
000001C3
FFFFFCE7
FFFFFD5F
00000370
00000018
FFFFFF74
FFFFFDDF
FFFFFF23
000002DC
00000156
FFFFFEA4
00000364
000002C5
0000017C
FFFFFF29
00000003
FFFFFF8B
00000181
0000008A
000002B8
FFFFFF47
00000286
FFFFFF77
FFFFFED9
00000008
000001C2
FFFFFFF6
FFFFFF73
FFFFFF0F
00000287
0000013F
00000084
FFFFFD86
000000E4
FFFFFF4D
FFFFFC6C
00000134
000001BD
000001C2
000000EE
00000085
FFFFFCE7
FFFFFEE8
0000005C
000000A3
FFFFFFC8
00000143
FFFFFEEA
FFFFFE13
FFFFFD8B
FFFFFFC7
FFFFFDC5
00000067
FFFFFF56
FFFFFF90
00000230
FFFFFFB6
000002FF
00000252
00000599
0000031F
FFFFFF53
FFFFFF3D
FFFFFF33
00000082
000002AE
000001DE
000001EF
FFFFFF78
000003CE
FFFFFCD3
FFFFFD24
FFFFFDE9
0000001B
FFFFFB6B
FFFFFE20
FFFFFE44
FFFFFF52
FFFFFB3C
FFFFFEFF
FFFFFFBA
FFFFFC83
000000B1
0000011E
FFFFFE2A
FFFFFE0B
0000007E
FFFFFD9C
FFFFFF54
0000005E
FFFFFDAC
FFFFFD19
FFFFFE02
00000345
00000014
FFFFFAB2
00000175
FFFFFCD7
FFFFFF5C
FFFFFD0D
00000028
FFFFFEF2
FFFFFF7A
FFFFFE01
0000000D
FFFFFD75
FFFFFF74
000002B9
FFFFFFD8
FFFFFEDF
0000023F
00000314
00000118
00000150
0000027C
FFFFFFEF
00000001
FFFFFC7E
00000099
FFFFFA89
FFFFFBF3
FFFFFC11
FFFFFC8C
FFFFFE3A
FFFFFF19
000000B2
000004A8
0000005F
00000017
000003D0
FFFFFEE2
FFFFFF30
000001AD
FFFFFD78
0000005D
FFFFFCDF
00000220
00000123
FFFFFD76
0000006A
FFFFFE64
000001B1
FFFFFDA1
0000014D
FFFFFCE1
000001CD
FFFFFFD7
FFFFFD74
000002CF
FFFFFD26
FFFFFDF9
FFFFFFC0
FFFFFFE2
0000002A
00000270
0000022B
FFFFFE7B
FFFFFF4A
FFFFFEA9
FFFFFF36
FFFFFC85
FFFFFD43
FFFFFE74
000001D1
FFFFFFDB
FFFFFFFA
FFFFFD88
00000107
FFFFFDA0
FFFFFE28
00000227
000001F8
FFFFFEDF
00000094
0000000F
00000077
FFFFFF3D
FFFFFFA9
FFFFFF92
FFFFFC85
000002F0
FFFFFE1A
0000002C
FFFFFDE4
FFFFFD59
FFFFFD27
FFFFFE33
FFFFFC89
00000219
FFFFFCB8
FFFFFFE6
00000251
FFFFFCC3
000001C2
0000009B
FFFFFD39
FFFFFD99
FFFFFDAD
FFFFFE6E
FFFFFF2D
00000025
FFFFFE16
000001F8
FFFFFE2C
FFFFFEBA
FFFFFDD3
000000D8
000000ED
FFFFFDD0
0000039A
0000002A
FFFFFF22
00000026
0000003D
FFFFFD9C
00000207
FFFFFDA0
0000005C
000001B2
FFFFFEE4
000000BC
FFFFFE85
FFFFFE02
000003D0
FFFFFF66
0000005B
00000491
000003A7
000000BB
0000058E
000000A0
00000278
000000D6
00000515
FFFFFFA8
00000256
000001F6
00000025
000001C1
FFFFFFC5
000001FF
000002DF
00000153
FFFFFDE7
FFFFFBC5
FFFFFE2C
FFFFFF54
FFFFFEDA
000000F0
000000D3
FFFFFC43
FFFFFD7E
000000FE
FFFFFEDC
FFFFFCCC
00000045
000002F5
FFFFFFFE
00000465
FFFFFEAD
FFFFFF5E
FFFFFFE0
FFFFFEDA
0000018E
0000016C
FFFFFE7A
0000000D
FFFFFDB0
FFFFFF4E
0000019A
000000B0
FFFFFF16
FFFFFEFB
FFFFFE4E
00000195
FFFFFE0F
FFFFFF25
00000399
0000021E
00000376
000002E4
FFFFFD51
00000245
00000352
000003FC
FFFFFDD3
FFFFFD99
000001C0
FFFFFC12
FFFFFC61
FFFFFE48
FFFFFEB3
FFFFFC0F
FFFFFFD9
FFFFFD93
0000007B
FFFFFE40
00000284
FFFFFFE0
00000200
0000008A
0000008A
FFFFFEA5
00000130
0000027A
FFFFFD6D
000001CB
FFFFFDFD
000002D2
0000013B
00000036
FFFFFE4A
FFFFFE3A
FFFFFE44
00000053
000001C7
FFFFFCAD
00000051
00000275
FFFFFE8D
000000E9
000000DD
FFFFFFE7
FFFFFF61
000003DE
0000011E
0000019B
000000B4
000001E6
00000172
00000114
FFFFFE87
0000041A
FFFFFE9C
0000017F
00000159
FFFFFE47
0000026C
00000417
000000FC
FFFFFF54
FFFFFD43
FFFFFE45
00000288
FFFFFE01
000001A4
FFFFFEB0
FFFFFD23
FFFFFF18
0000042F
FFFFFECC
FFFFFF0F
FFFFFF58
FFFFFC7B
00000045
0000028A
0000010C
000000EB
000000C7
FFFFFCD1
FFFFFF14
0000005C
FFFFFC80
000001B5
00000225
FFFFFC8B
FFFFFD39
FFFFFC8F
FFFFFF29
FFFFFDB8
FFFFFECE
00000275
FFFFFF17
00000039
FFFFFE83
FFFFFD0F
FFFFFE2C
FFFFFEE1
0000011F
FFFFFE62
00000109
00000073
FFFFFE0A
FFFFFBC0
00000209
00000239
FFFFFFBA
FFFFFF7B
0000018C
000001CD
0000023C
000001F9
0000002A
FFFFFDC8
00000316
FFFFFFEA
FFFFFEDA
FFFFFFEB
00000149
00000388
FFFFFE3A
0000002F
00000471
00000103
000001AA
000002B9
000000FA
00000452
0000052B
00000312
00000484
00000480
000001C4
00000004
FFFFFE75
FFFFFC35
FFFFFFF0
FFFFFEA0
00000052
00000188
FFFFFDF0
FFFFFF70
00000099
FFFFFDDB
FFFFFF6E
000003B5
0000002E
0000006C
FFFFFD5B
000000F3
00000345
00000438
00000128
000001BF
00000306
FFFFFDA7
0000038B
FFFFFED0
00000258
000002BA
00000240
000000FD
FFFFFE4E
FFFFFF81
FFFFFDAE
00000176
FFFFFD6C
FFFFFE7F
00000683
00000147
000005EB
000000DB
0000040D
FFFFFEFB
000000E0
000000F1
0000007B
FFFFFE5A
FFFFFE1A
00000117
FFFFFD67
FFFFFE15
00000011
000002B2
FFFFFE6B
000000C4
0000010D
FFFFFFB3
000000B0
000003C5
FFFFFE04
FFFFFF07
FFFFFEE1
00000045
FFFFFC06
0000035E
000003AC
000004BD
FFFFFEC1
FFFFFFDD
000000E4
FFFFFF0C
FFFFFD47
00000165
00000102
FFFFFF91
FFFFFD29
00000021
FFFFFEF5
000001F2
FFFFFFA1
00000078
00000194
FFFFFE63
FFFFFEC5
000001C0
00000204
FFFFFD2A
00000640
00000212
00000348
FFFFFEAB
FFFFFC24
00000067
FFFFFA0F
FFFFFA34
FFFFFA5C
FFFFFAF5
000000D7
FFFFFCB8
FFFFFF43
00000237
00000079
000000E7
00000273
FFFFFB61
000000CD
000001E2
FFFFFDB5
FFFFFEEB
FFFFFBFA
00000105
FFFFFE16
000000A1
FFFFFCAE
FFFFFDB3
FFFFFEF7
FFFFFF4D
000001C4
00000237
FFFFFDD9
FFFFFBBB
00000462
0000023A
000002C0
0000065A
FFFFFF4D
FFFFFFD0
000002C1
FFFFFEEC
FFFFFE44
00000394
0000036E
000003F2
FFFFFB7F
FFFFFD82
FFFFFE53
00000143
00000045
FFFFFD3D
FFFFFCD4
FFFFFCBA
FFFFFCF1
FFFFFF39
FFFFFC45
FFFFFE89
0000031B
0000003B
00000110
FFFFFE53
FFFFFD50
FFFFFD50
FFFFFF87
000003F8
000001F6
FFFFFF9D
FFFFFBE0
FFFFFE26
FFFFFC83
FFFFFBA5
0000012D
FFFFFAF6
FFFFFFAD
000000F0
FFFFFD59
FFFFFBEE
FFFFFDDF
0000020B
0000024B
FFFFF9FF
FFFFFE34
FFFFFBE4
FFFFFCC3
FFFFFEEA
FFFFFDCC
FFFFFEC4
0000010A
0000029A
0000021D
00000312
000000D9
FFFFFE6B
0000017C
0000025E
0000002E
FFFFFE0A
FFFFFA0D
FFFFFCFA
FFFFFE03
0000020D
000002C4
000002EF
FFFFFDA7
FFFFFFA2
FFFFFCFA
0000042E
00000242
FFFFFE9A
00000252
0000021A
FFFFFF89
0000010E
0000017C
0000032A
FFFFFD12
00000287
000002D3
000004E1
00000163
FFFFFEFC
00000078
FFFFFD87
FFFFFB73
FFFFFEB2
FFFFFC7B
00000271
FFFFFD59
0000001C
000000E6
FFFFFE59
FFFFFCE5
FFFFFBA0
FFFFFEE9
000000FC
FFFFFEA3
0000048A
00000237
FFFFFFF6
00000213
FFFFFE08
FFFFFCD3
FFFFF93C
FFFFFD77
FFFFFC4B
000000B5
FFFFFD5F
00000132
0000004D
FFFFFEE3
0000021B
FFFFFD8D
FFFFFE90
00000054
000000C4
FFFFFF83
FFFFFCDB
FFFFFCA0
000000F4
00000030
FFFFFFE7
000002E5
FFFFFC4F
FFFFFDFA
FFFFFF0F
FFFFFB29
FFFFFEC2
FFFFFF57
FFFFFB97
FFFFFB01
000000AC
FFFFFF33
0000006D
000000B6
00000609
0000004B
FFFFFF90
FFFFFEC9
00000440
FFFFFC69
00000101
00000359
FFFFFC86
0000011F
FFFFFC0C
FFFFFB4F
FFFFFFB2
000003B7
FFFFFD2F
000000A9
000003A4
000000D5
FFFFFF69
FFFFFEBF
FFFFFC6D
FFFFFBA1
0000024E
00000104
0000044B
0000039A
00000068
FFFFFEAA
00000092
00000032
00000058
00000250
000000B8
0000015C
00000228
00000151
FFFFFE42
0000010F
00000354
000003E9
0000004F
00000047
FFFFFCF0
FFFFFC2E
000001A0
FFFFFD90
FFFFFEED
FFFFFCA4
000000FB
FFFFFB92
FFFFFF5E
00000168
FFFFFEFD
FFFFFC67
0000023C
0000003D
000001AB
0000048E
000002DA
00000015
0000032C
00000100
FFFFFE7A
00000208
000003CF
00000382
FFFFFE3C
FFFFFB51
FFFFFD45
000001B5
00000006
0000016D
FFFFFD2C
FFFFFEBF
FFFFFF46
FFFFFDA7
FFFFFFBD
FFFFFE71
FFFFFA12
FFFFFB9B
FFFFFF74
FFFFFDCB
FFFFFF06
FFFFFCA4
FFFFFE6E
FFFFFDCD
FFFFFF45
000000A7
0000016B
0000019E
FFFFFFE5
FFFFFD57
00000302
0000053C
000007CD
0000042F
00000326
000000E4
0000022A
FFFFFC5D
FFFFFE98
FFFFFE7A
FFFFFE5A
FFFFFF27
FFFFFD74
FFFFFF92
FFFFFB06
0000009B
FFFFFED0
000001CD
FFFFFEF1
FFFFFCA3
00000077
FFFFFC0C
FFFFFAD3
000000E8
000000C7
000000F8
FFFFFF4E
FFFFFE24
0000022C
FFFFFA9D
FFFFFDD1
000001DB
FFFFFEA9
00000177
00000098
FFFFFC81
00000079
00000231
FFFFFE75
FFFFFD3D
00000220
000000BE
000000FF
FFFFFCDD
FFFFFE30
FFFFFD27
FFFFFB52
FFFFFD78
000000FB
FFFFFF9B
00000037
00000116
0000046F
00000023
FFFFFFD2
00000131
0000046D
000004D1
00000084
FFFFFF73
000002E0
FFFFFE18
FFFFFC91
FFFFFB79
FFFFFBF3
FFFFFDF1
FFFFFFD6
FFFFFE14
0000041E
FFFFFCE8
FFFFFE4A
FFFFFF39
FFFFFEF9
FFFFFAE5
FFFFFD45
FFFFFB8D
000001B8
FFFFFEFD
0000005C
0000026A
FFFFFF42
FFFFFC6B
0000011E
FFFFFE10
000001B9
FFFFFEFD
FFFFFD83
FFFFFDF6
FFFFFBA5
0000028A
000000F6
0000024B
FFFFF99E
000001E2
0000034C
00000268
FFFFFCC2
FFFFFF8B
FFFFFE6D
FFFFFC8E
FFFFFD16
FFFFFDC8
FFFFFC8B
0000002C
FFFFFEB0
FFFFFEDF
00000490
00000299
000001FE
FFFFFFB6
0000025F
FFFFFEB4
000000B8
0000020C
000000D6
FFFFFED5
000001FC
FFFFFFA4
FFFFFCD5
000003B6
FFFFFF04
FFFFFFC9
000001C5
000003F4
FFFFFDD6
000002E9
000000A0
00000407
FFFFFF86
FFFFFF94
0000035C
000000F7
FFFFFD8F
FFFFFD8D
FFFFFF6C
FFFFFF8E
FFFFFD45
FFFFFE32
00000284
FFFFFE3F
FFFFFEF9
000000EA
FFFFFC17
000001C5
0000021E
FFFFFD68
FFFFFEC1
FFFFFFBA
FFFFFCAE
FFFFFAA7
000001C6
FFFFFC15
00000314
0000052F
FFFFFAE0
000004F1
0000009A
FFFFFC82
FFFFFEBE
FFFFFEF1
FFFFFD1A
00000640
0000024F
FFFFFE2F
FFFFFFB2
0000028C
FFFFFBD6
FFFFFD7C
0000002B
00000251
000002A0
00000191
FFFFFD2C
FFFFFEFD
FFFFFF4D
FFFFFCD5
FFFFFD4C
FFFFFF0C
FFFFFE3D
00000506
0000030A
FFFFFEA3
0000007F
FFFFFC4B
FFFFFFA7
FFFFFC39
00000498
0000061A
000000AE
0000066F
00000346
00000422
FFFFFCCB
0000020F
FFFFFEFA
FFFFFEAF
00000233
FFFFFF05
000001E6
FFFFFE6A
FFFFFDFA
FFFFFC00
FFFFFC2F
000002C3
00000299
000004DA
FFFFFD51
000001CD
FFFFFF25
0000044F
000001B8
00000050
FFFFFFD1
000000D7
FFFFFF97
000001BB
FFFFFDAD
0000005B
000004BC
000001AE
00000173
00000179
00000036
FFFFFDA6
FFFFFDB0
000001CB
000001C2
00000075
FFFFFE2B
0000015D
FFFFFF2D
00000136
000000F2
FFFFFDF5
FFFFFE8F
FFFFFB6D
00000106
00000189
FFFFFEA4
FFFFFB33
000000AD
FFFFFC29
FFFFFFA5
FFFFFD2B
00000054
FFFFFF67
FFFFFCFA
FFFFFCF5
FFFFFC3E
00000373
FFFFFA8E
FFFFFCBD
FFFFFFB4
FFFFFFE9
FFFFFD97
FFFFF97F
00000231
FFFFFC93
FFFFFC22
00000540
00000004
00000458
FFFFFC4B
FFFFFC65
000000D5
000001F3
00000001
FFFFFE74
FFFFFBB7
FFFFFC12
FFFFFD70
000002D4
FFFFFCCE
0000002D
00000027
FFFFFD35
FFFFFC30
FFFFF7BA
FFFFFD35
0000012C
FFFFFC95
FFFFFE78
FFFFFA79
FFFFFBFB
FFFFFF60
000000A5
FFFFFFF3
FFFFFA20
00000276
FFFFF9DF
FFFFFE2E
FFFFFD5F
00000276
000002AB
FFFFFDD8
00000404
FFFFFEAD
000001FB
FFFFFF6E
00000156
FFFFFFC6
FFFFFDD8
00000148
FFFFFF07
FFFFFE58
0000023E
00000084
00000091
000000CE
FFFFFCFB
000002FF
FFFFFEF7
FFFFFEB5
FFFFFB51
FFFFFA6B
FFFFF6F6
FFFFFA3E
FFFFF1E6
FFFFFDA9
FFFFFD8B
FFFFFBA2
FFFFFADB
000000A5
FFFFFD6E
FFFFFF9C
00000262
000002A5
FFFFFEC7
00000729
FFFFFE2C
FFFFFCAE
FFFFF9D3
FFFFFEE2
FFFFF78D
FFFFFCDE
00000098
FFFFFF83
FFFFFF2B
FFFFFCD1
FFFFF9DA
0000038E
FFFFFC71
000001C3
FFFFFC73
FFFFFF5D
FFFFFEE8
FFFFFDD4
FFFFFE6B
000002F3
000001FA
FFFFFD58
0000000C
FFFFFB6E
FFFFFA4B
FFFFFF57
00000111
FFFFFED0
FFFFFEF4
00000225
FFFFFAF0
FFFFF91C
FFFFFA5B
FFFFFAFF
FFFFFD62
00000241
FFFFFE88
FFFFFE4D
FFFFFFD9
FFFFFB7C
000001A7
FFFFFD48
00000314
FFFFFBEB
FFFFFBBA
FFFFFAB1
FFFFFCE6
FFFFF8DB
0000007C
FFFFF905
000000BE
FFFFFBB4
FFFFFB84
FFFFF7CB
FFFFFE22
FFFFFA34
FFFFFE85
00000448
FFFFFB98
FFFFFDA1
00000159
000000C4
FFFFFD02
FFFFFE81
FFFFFD0D
00000148
00000454
00000104
FFFFFDA4
FFFFFDFC
000003C3
FFFFFE3F
0000024B
00000102
FFFFFF86
0000009B
FFFFFE9B
FFFFFF51
000002A9
00000278
FFFFFEE1
0000045C
0000024C
FFFFFB64
FFFFFCC8
FFFFFD2B
00000224
0000062D
FFFFFE5E
FFFFFC64
FFFFFD84
00000127
FFFFFFED
00000356
FFFFFF45
FFFFF933
FFFFFB06
FFFFFCBD
FFFFFD40
FFFFFE6A
0000040B
FFFFFE67
00000318
FFFFFE6B
0000008A
00000136
FFFFFF71
000002B9
00000561
0000005D
00000193
FFFFFFE5
000000F3
00000054
FFFFFAF9
FFFFFBD2
00000094
00000221
FFFFFCD3
00000244
FFFFFA65
FFFFF858
0000021F
00000241
FFFFFA17
00000180
FFFFFAA4
FFFFFE4E
FFFFFEA8
0000006C
00000137
FFFFFF4D
00000356
FFFFF9B6
FFFFFE92
000002E4
FFFFFE5A
FFFFFDBE
000003E0
00000188
00000429
FFFFFECE
000000A5
FFFFFF9F
0000060F
FFFFFEBC
FFFFFEB3
0000049D
000004E3
FFFFFD11
FFFFFE38
FFFFFDC8
FFFFFBE2
000001C3
FFFFFF25
FFFFFF38
00000545
0000015A
0000007A
000002EF
0000002C
0000041D
000003D5
00000085
FFFFFD08
000000DE
FFFFFD98
FFFFFF88
FFFFFD93
FFFFFBB4
FFFFFEFC
FFFFFBA6
FFFFFF80
00000313
FFFFFFCF
FFFFFD66
FFFFFDC1
000003CA
000002D1
FFFFFDB7
00000341
00000307
FFFFFC5C
FFFFFBF6
FFFFFB3D
FFFFFDFC
FFFFFB49
FFFFFAFB
000002E7
00000338
FFFFFF3A
0000074C
0000082F
FFFFFC24
00000302
FFFFFFB5
FFFFFDAC
000005DE
00000403
000002DA
FFFFFC21
FFFFFC57
FFFFFD6D
0000058F
FFFFFBBE
0000004E
0000018A
00000263
00000519
FFFFFE6C
000000C4
FFFFFF3A
000005B9
FFFFFF77
FFFFFEC7
00000168
00000449
00000044
FFFFFF27
000000DE
0000022F
FFFFFD78
FFFFFF20
000004CC
FFFFFD65
0000001B
FFFFFE64
FFFFFDFF
FFFFFB8C
0000013C
FFFFFB53
FFFFFA1F
0000008A
FFFFFE3B
FFFFFD3C
FFFFFB3B
FFFFFACE
00000006
FFFFFCB2
FFFFFD1D
FFFFFE9E
00000052
FFFFFAF6
0000049C
0000004B
000005C6
FFFFFD14
0000027C
00000104
000003D5
000001DB
0000041C
000001FA
000004DC
0000047A
00000084
000006AD
FFFFFF78
FFFFFCA0
000000F5
FFFFFDA1
FFFFFBAF
0000005B
000003DC
FFFFFFAD
FFFFFC05
FFFFFC08
FFFFFE62
FFFFFC4F
000001F5
00000136
0000049D
FFFFFF42
FFFFFCD5
FFFFFCA5
000000F4
0000003A
FFFFFD8F
000001B5
FFFFFA8B
FFFFFB49
FFFFFBB7
FFFFFBA6
000003C4
FFFFFFBF
FFFFFD58
00000077
000002AF
000000E0
FFFFFB19
00000061
FFFFFC51
FFFFF9A1
FFFFFBBB
FFFFFE8C
0000002B
FFFFFB0E
FFFFFF25
FFFFFDCC
0000036A
00000123
FFFFFCF8
00000744
000003F1
FFFFFF36
000003C4
FFFFFFF4
FFFFFF05
FFFFFFD8
0000032A
0000006F
00000624
FFFFFD57
FFFFFF66
000001C0
000004A8
FFFFFFB6
FFFFFCB8
FFFFF9C9
FFFFFE0A
FFFFFB53
00000185
00000116
FFFFFCE5
FFFFFD4B
00000172
000002B1
FFFFFEA3
FFFFF9C7
00000001
0000011A
FFFFFFEF
00000105
00000078
FFFFFBF3
FFFFFC05
FFFFFE12
FFFFFFA0
000000DC
00000186
FFFFFC2F
FFFFF98D
FFFFFF73
FFFFFF14
000000AB
0000014E
FFFFF91F
00000502
00000506
FFFFFED8
0000026F
000002F0
000002E3
FFFFFF0C
FFFFFC1F
000002A2
FFFFFDD5
FFFFFE61
0000012D
FFFFFEB4
FFFFFD42
0000033D
FFFFFBAD
FFFFFE47
FFFFFFE9
FFFFFCDD
FFFFFE6E
FFFFFCF5
FFFFFE63
00000050
FFFFFAFF
00000389
FFFFFE99
FFFFFE02
FFFFFF86
0000008A
FFFFF9C4
0000025C
FFFFFD89
00000113
FFFFFC1A
0000019F
000002B1
FFFFFD8D
0000033D
00000392
FFFFFD7F
0000006F
000003DF
0000036E
000000CB
FFFFFFBB
FFFFFD14
00000396
000001F7
00000291
FFFFFF3D
000003EE
FFFFFF43
0000022B
000004BB
000002C5
00000784
0000032F
00000023
000008E4
0000056C
FFFFF76A
FFFFFC08
FFFFFAD0
FFFFF907
FFFFFC03
0000020A
FFFFF75E
000000EA
FFFFFC65
0000023B
000000D1
00000416
00000614
000005AC
000000F6
000005BD
FFFFFEF1
FFFFFD87
FFFFF859
FFFFFE5A
FFFFFA0F
FFFFFC36
FFFFF899
FFFFFA6C
FFFFFB74
FFFFFA74
FFFFFAB6
0000025C
FFFFFEDB
FFFFFFBF
FFFFFB69
0000017C
000001F9
00000076
FFFFFDD0
00000407
000005ED
0000005B
0000000A
00000124
000004B5
000001E5
000004F3
FFFFFEAE
FFFFFE10
00000877
000003B3
0000012D
FFFFFEA2
0000036B
000005BC
00000520
FFFFFDC7
00000176
FFFFFD0F
FFFFFF73
00000617
00000599
000005BC
FFFFFD1E
FFFFFE0A
00000238
FFFFFF27
00000021
FFFFFF7F
FFFFFDA7
FFFFFD48
000001E9
FFFFFB32
000001C9
00000053
FFFFFDB2
FFFFFFC6
FFFFFE63
FFFFFE4C
00000157
00000248
FFFFFBD3
FFFFFE37
FFFFFEDB
000003D9
FFFFFEAC
FFFFFDFD
FFFFFCD1
FFFFFEED
00000078
FFFFFEF0
FFFFFA4A
FFFFFD72
0000029F
000002DB
FFFFFCBF
00000033
FFFFFEBC
FFFFFD38
00000172
FFFFFFC8
00000341
000002C1
00000055
FFFFFCF8
FFFFFE84
FFFFFE57
FFFFFE52
000000B2
00000040
00000144
FFFFFD10
FFFFFDDB
FFFFFC2A
FFFFFE1B
FFFFFA75
FFFFFCDB
000001E4
FFFFFE53
0000025D
00000267
FFFFFD2D
FFFFFDD5
FFFFF928
FFFFFCA9
00000163
FFFFFA7D
FFFFFFBE
FFFFFE43
FFFFFFFE
FFFFFDCF
FFFFFF72
FFFFFFD1
FFFFFCEA
FFFFFDB2
FFFFFD23
00000124
000005A1
FFFFFEBA
FFFFFB23
FFFFFCF4
FFFFFE53
FFFFFC20
FFFFFF2D
000000D2
FFFFFAFC
00000075
FFFFFF1F
FFFFFF08
FFFFFED2
00000054
00000316
000002AA
FFFFFFCF
000003DF
FFFFFC40
0000022E
FFFFFDE8
00000069
FFFFFD78
00000262
FFFFFDF2
FFFFFD77
000001F6
00000183
FFFFFD21
FFFFFF29
000000BC
FFFFFE7E
FFFFFE16
00000127
FFFFFDD4
00000010
FFFFFE8B
00000600
FFFFF9ED
FFFFFF0C
FFFFFE78
FFFFFCD7
00000028
FFFFFFF1
FFFFFC8D
FFFFFE8A
FFFFFFC5
FFFFFF17
FFFFFD29
000001D0
FFFFFB3C
00000402
FFFFFFEF
FFFFFB40
000003FC
0000057B
00000125
FFFFFBE6
FFFFFD16
FFFFFD1C
FFFFFC17
00000216
FFFFFF4B
FFFFFC4A
FFFFFC25
0000000B
FFFFFD2A
FFFFFF16
000000AD
FFFFFECF
FFFFFAD3
FFFFFDC0
00000010
FFFFFD68
FFFFFD1D
0000030C
FFFFFDC3
FFFFFE18
00000537
FFFFFE4D
FFFFFD0E
FFFFFF39
FFFFFDC5
00000144
FFFFFB07
00000003
00000170
FFFFFB42
00000005
00000438
FFFFFDAB
000000F2
00000264
FFFFFD9F
00000297
000003E4
FFFFFECE
0000028F
00000062
FFFFFE1B
FFFFFC9D
FFFFFFBC
000001A8
FFFFFEC8
000004A2
00000376
000000C5
000003FE
000000BB
FFFFFED2
FFFFFFCF
00000401
0000063C
000001A7
000003B7
000003D3
000002FD
000001F4
FFFFFF55
FFFFFE24
FFFFFD67
00000105
00000317
00000231
000000BD
0000012A
0000021E
00000704
FFFFFEF4
FFFFFD65
FFFFFE28
000003BF
00000011
FFFFFFD0
FFFFFF72
FFFFFBCD
FFFFFE3D
FFFFFDC5
FFFFFF63
00000218
FFFFFDD7
FFFFFFD0
FFFFFF33
0000018A
0000024F
FFFFFBC6
00000235
00000127
FFFFFECC
000001D8
00000160
00000502
000002E6
000001AB
000005A7
FFFFFBDD
0000023D
FFFFFF25
000001D9
FFFFFD1F
FFFFFCD4
0000012F
0000031F
000001FA
FFFFF84F
FFFFFE27
FFFFFD63
FFFFFB3C
00000198
FFFFF9C4
FFFFFDA1
FFFFFD24
FFFFFB76
FFFFFCCA
FFFFFC0D
FFFFFC2E
000000EA
000000A4
FFFFFDB7
FFFFFF46
FFFFFEEF
FFFFFE1C
FFFFFB4B
FFFFFDCA
00000272
000002E5
00000371
FFFFFFAA
0000006A
FFFFFB65
FFFFFB36
FFFFFF62
000002D9
000004DB
0000006D
FFFFFE5F
0000046D
00000090
FFFFFC35
0000004A
00000382
00000289
FFFFFF77
FFFFFF25
FFFFFEA7
000002FF
00000398
FFFFFB95
0000004F
FFFFFB97
00000292
FFFFFFAB
FFFFFC52
FFFFFDF8
00000312
FFFFFD41
FFFFFE4F
FFFFFCD2
FFFFFD8B
FFFFFE60
0000019A
0000033E
FFFFFF68
FFFFFB6E
00000376
0000003B
FFFFFDC2
FFFFFE09
00000160
FFFFFE13
FFFFFE3A
00000166
FFFFFE3B
FFFFFD96
FFFFFD69
FFFFFF40
000000D2
00000340
000000F7
FFFFFC2B
000002E5
00000057
FFFFFF90
0000023C
FFFFFCBF
000000ED
FFFFFFC9
000005C0
00000522
FFFFFEC0
000003BD
FFFFFDC6
0000049C
FFFFFFB8
FFFFFCDB
FFFFFBC8
00000048
000001AE
000000D6
FFFFFF38
FFFFFFCD
FFFFFC40
FFFFFB0E
00000089
FFFFFEEB
00000126
FFFFFDE2
FFFFFB44
00000140
FFFFFEF0
FFFFF9D0
FFFFFF77
FFFFFB49
FFFFFFE0
0000000A
FFFFFDE0
FFFFF986
FFFFFD7A
FFFFFA26
0000014E
FFFFFE73
000001DA
FFFFFF81
FFFFFCAD
00000153
000001DA
FFFFFD86
FFFFFC1F
FFFFFAA7
FFFFFBE0
000000C7
FFFFFEDF
FFFFFD0F
00000367
00000449
00000073
000000C2
00000189
FFFFFE08
FFFFFE4E
FFFFFC91
000000DE
00000205
FFFFFC1F
000000A7
FFFFFF0D
FFFFFE56
00000340
0000011A
FFFFFC82
00000233
00000075
FFFFFFA0
00000358
000000E2
FFFFFFBF
FFFFFE54
000001C3
00000154
000001B0
00000394
FFFFFC5F
0000017D
FFFFFE69
00000297
00000319
000002AA
FFFFFD8E
0000007B
FFFFFF06
00000063
FFFFFE63
FFFFFE40
FFFFFE56
000001A5
0000025F
00000016
FFFFFF61
FFFFFA7C
0000039F
FFFFFF21
FFFFFF1D
FFFFFB9F
FFFFFC7E
00000100
FFFFFBCF
FFFFFDEC
0000005E
FFFFFEF0
0000024A
000002F0
FFFFFD75
00000015
000001A5
FFFFFD85
00000392
FFFFFB24
FFFFFDB5
00000223
000000A3
FFFFFD04
FFFFFF87
FFFFFE3B
FFFFFF96
FFFFFE16
FFFFFC8B
FFFFFFCF
FFFFFB7E
00000279
FFFFFD99
0000039B
FFFFFB2B
FFFFFF34
FFFFFE44
00000047
FFFFFE25
FFFFFCE0
000001CC
00000006
00000033
000001FA
00000159
FFFFFFE1
FFFFFE66
000000C1
000001AB
FFFFFC19
FFFFFF24
FFFFFCF1
FFFFFF21
00000274
FFFFFD9A
00000300
00000290
FFFFFD8D
0000037A
000000C7
FFFFFF77
FFFFFDF5
000001DD
000001F6
FFFFFD7C
0000065A
000001D4
FFFFFB73
0000008A
FFFFFDA1
000002AA
FFFFFF24
00000061
FFFFFD0D
0000031E
00000205
FFFFFFEE
FFFFFD28
000000A2
00000413
00000224
000000B8
FFFFFFED
FFFFFED8
FFFFFF29
00000472
000004EC
00000264
000002D9
000000E3
000002F9
FFFFFDC0
FFFFFE15
FFFFFDE7
FFFFFE95
FFFFFC19
FFFFFC6D
00000037
FFFFFF05
000001DC
000002E0
000003B1
0000016A
00000149
FFFFFF5B
000001A6
000001AB
000001AD
FFFFFC7C
FFFFFB76
FFFFFC57
FFFFFF08
FFFFFC94
FFFFFF03
FFFFFEFD
FFFFFDF1
0000029D
00000322
FFFFFE6D
000000FB
00000179
FFFFFD1B
00000372
FFFFFFC9
0000019D
00000421
FFFFFB33
FFFFFCB1
0000001B
FFFFFEB8
00000100
FFFFFDCA
FFFFFBE5
FFFFFF69
00000163
00000199
FFFFFB6A
000001D8
FFFFFFF3
FFFFFE83
000000D1
FFFFFDFD
FFFFFD09
000001F1
00000034
FFFFFFD0
0000017E
FFFFFBC8
00000229
FFFFFEA0
FFFFFCC2
000001C2
FFFFFD06
FFFFFFAB
0000028F
00000408
00000410
00000250
FFFFFB1E
00000220
0000004F
FFFFFCC5
00000528
FFFFFC2D
0000022D
000002CD
FFFFFFC4
000005C6
000002E4
FFFFFEC0
000002FC
000000D5
000000E4
FFFFFDB7
FFFFFF8A
0000057A
000002B4
FFFFFE48
FFFFFFE1
FFFFFAEC
0000024E
00000054
00000322
FFFFFEF3
0000002B
FFFFF89D
FFFFFC9E
0000004D
FFFFFC48
FFFFFBBF
FFFFFF07
FFFFFE58
00000043
00000537
FFFFFD05
FFFFFF35
000003D0
000000D0
000003B3
FFFFFF95
0000017A
FFFFFC17
0000005E
FFFFFD1A
000001E0
000002F8
FFFFFF87
FFFFFD57
000001D9
FFFFFD1C
FFFFFC22
000001BA
FFFFFED9
000003D2
0000013B
FFFFFCBB
FFFFFD42
00000019
000002D9
FFFFFDCF
FFFFFE07
FFFFFB08
00000195
FFFFFCC8
FFFFFBA7
FFFFF872
FFFFFC34
FFFFFD12
FFFFFB05
FFFFFF24
FFFFFFDB
FFFFFBBB
000001E7
FFFFFD78
0000028A
00000198
FFFFFCF8
FFFFFDF4
FFFFFC7A
FFFFFE46
FFFFFF7B
FFFFFC07
0000029E
FFFFFDAF
FFFFFEE8
000000FA
FFFFFC32
FFFFFF3A
000002DF
00000404
0000004F
000002CC
FFFFFCBE
FFFFFEE6
00000009
00000153
FFFFFE5A
FFFFFC76
FFFFFEBC
FFFFFE8D
0000021A
FFFFFD54
FFFFFFE8
00000010
FFFFFEC2
FFFFFFEE
00000259
00000278
0000039F
FFFFFC35
000000B8
FFFFFF34
FFFFFF4F
0000010A
0000030A
FFFFFB39
000001B5
FFFFFDFA
FFFFFF4A
FFFFFC10
FFFFFE99
0000003E
FFFFFEE4
FFFFFE3A
00000159
000000BB
00000051
00000021
FFFFFC6E
FFFFFB60
0000006B
0000017E
FFFFFF15
0000012E
00000018
FFFFFBD0
FFFFFBCD
0000006A
FFFFFAF3
FFFFFD9F
000000A3
0000022B
FFFFFBCB
FFFFFCF4
000002C0
FFFFFD52
FFFFFD9F
00000174
00000194
FFFFFE96
00000320
FFFFFBFD
0000013D
FFFFFFB9
FFFFFC86
FFFFFB11
0000012B
FFFFFE66
0000060C
FFFFFE51
FFFFFE30
FFFFFCFC
00000272
000002D0
FFFFFEB0
00000148
000000F9
FFFFFFF5
FFFFFDA1
000000F7
00000035
000000D2
FFFFFC81
FFFFFBA8
FFFFFF49
000002A0
FFFFFFE7
FFFFFEB3
FFFFFBFB
FFFFFCD2
FFFFFF22
FFFFFE15
FFFFFEB2
000001D4
FFFFFD74
FFFFFDBC
0000011A
FFFFFEB4
00000022
0000037A
00000185
000003FA
00000021
0000033C
FFFFFE19
000001D2
FFFFFF37
00000134
00000079
0000019E
0000009B
FFFFFE1D
000005AE
0000055B
00000401
00000482
000004D6
0000039C
00000296
FFFFFF08
FFFFFFF5
FFFFFD30
000000A0
FFFFFDB2
FFFFFC7F
000000C2
000002DA
000000FE
FFFFFF6D
FFFFFFAD
0000003B
0000025F
000004D2
FFFFFDED
FFFFFC17
00000226
FFFFFCC2
0000061E
FFFFFE85
FFFFFFCD
00000279
000001B1
FFFFFD70
000003AB
0000016A
FFFFFE4F
0000025D
FFFFFCC0
FFFFFDB5
FFFFFF50
00000002
00000353
00000191
00000000
FFFFFABF
FFFFFE92
FFFFFD08
FFFFFC59
00000030
FFFFFCDC
FFFFFF42
FFFFFD92
FFFFFC6A
00000052
FFFFFAB9
FFFFFD3F
FFFFFD36
FFFFFCE6
FFFFFF0B
0000010F
FFFFFFFE
FFFFFDA3
000000C6
00000225
FFFFFD5C
0000049B
FFFFFF52
00000244
000001CD
FFFFFE5D
FFFFFE59
FFFFFD07
FFFFFEC2
FFFFFAFE
0000013F
FFFFFFE3
00000221
00000396
00000167
FFFFFFA6
FFFFFFA0
0000033A
00000309
000003CE
FFFFFB7A
FFFFFD1F
FFFFFD95
00000106
FFFFFF9E
000001E4
FFFFFBE5
0000045D
FFFFFE93
00000052
FFFFFE9A
FFFFFEAC
FFFFFC44
000001D2
FFFFFE90
0000005A
0000015C
000000B1
00000142
00000328
000004CE
FFFFFE47
00000569
000003B9
00000480
000002FE
000000E1
0000017D
000005A0
FFFFFFD0
000002F9
FFFFFC81
000002F8
FFFFFC51
FFFFFFF9
000001AD
FFFFFF73
00000070
FFFFFE56
00000020
0000016E
FFFFFD78
FFFFFF7A
0000008A
000001EA
FFFFFF8C
FFFFFE61
FFFFFC4D
FFFFFB5F
0000026C
00000070
FFFFFF5B
FFFFFD1F
00000072
FFFFFE60
000000E5
0000000C
FFFFFD39
FFFFFF8C
0000008E
FFFFFFA0
00000341
FFFFFDA1
FFFFFDB0
00000189
00000381
000001D0
FFFFFE4C
FFFFFE2A
FFFFFF15
00000215
FFFFFD8C
00000000
FFFFFB9D
00000067
FFFFFE09
000001C7
000000A3
00000136
000001C6
000003E4
FFFFFC52
000001BB
0000040D
FFFFFFE4
00000379
FFFFFF66
FFFFFE8F
0000025E
FFFFFC6E
0000007F
0000013A
FFFFFC83
00000124
00000047
0000012B
0000016D
FFFFFF69
00000238
FFFFFED3
FFFFFBEC
FFFFFEC2
FFFFFC3B
0000005A
0000037C
FFFFFE7B
000002DA
0000032E
00000279
FFFFFDC0
FFFFFDF5
00000174
000000E8
FFFFFE28
FFFFFEBB
FFFFFCA4
FFFFFFA4
FFFFFB46
000000ED
FFFFFE6C
00000084
FFFFFF50
FFFFFAF7
FFFFFD3F
FFFFFD85
0000046F
0000020F
FFFFFE0C
0000019F
00000360
000001EA
FFFFFE86
FFFFFD69
0000014A
FFFFFCE2
FFFFFE71
00000388
000000D5
FFFFFDED
FFFFFEDE
00000481
FFFFFE19
0000013C
FFFFFED2
FFFFFCD0
FFFFFCA5
000000FA
FFFFFD41
FFFFFC2F
FFFFFC6B
FFFFFE24
FFFFFE8B
00000182
FFFFFF5B
00000130
FFFFFFBE
00000348
0000011F
FFFFFBFE
000000A7
FFFFFEFD
FFFFFFE1
FFFFFAD5
0000046C
FFFFFCA4
FFFFFBAE
00000337
00000212
FFFFFE97
FFFFFFAD
FFFFFED7
0000007D
000000B1
FFFFFED5
0000015E
0000024A
00000466
FFFFFFC2
FFFFFFB6
00000368
0000030D
000000E9
000002DD
FFFFFB6B
FFFFFFB8
000001C6
FFFFFF8A
FFFFFD21
FFFFFB8C
FFFFFEB1
000003AC
FFFFFCF3
FFFFFFE2
000000DC
0000002A
FFFFFBDB
0000042D
000001E4
FFFFFEA1
00000286
FFFFFF55
000000D8
FFFFFCCF
000003AD
0000004A
FFFFFE3C
000004F0
0000040C
FFFFFF20
000001CE
0000000E
FFFFFC60
00000370
00000466
00000167
000001F8
0000015F
00000319
00000403
FFFFFF06
FFFFFE67
FFFFFF09
000001F9
00000231
00000036
0000035D
00000131
00000028
FFFFFF2B
FFFFFD09
000000EC
FFFFFDA1
000001C6
FFFFFE11
FFFFFD83
FFFFFF55
00000075
0000005D
00000293
00000329
FFFFFF25
FFFFFE07
FFFFFC12
FFFFFFB0
0000019D
000000D6
FFFFFF55
00000012
00000270
FFFFFE17
000001AC
FFFFFB83
0000029C
000002C4
FFFFFFE6
FFFFFB12
000001A2
FFFFFE68
000002D7
0000045D
0000037E
FFFFFFC7
0000046A
00000222
000006BA
00000006
FFFFFB81
00000064
FFFFFF94
FFFFFE9E
FFFFFF87
FFFFFE42
0000013E
000002C2
000003E3
00000158
00000094
00000297
000000D7
000003FA
0000050B
000001FA
00000471
FFFFFFD6
FFFFFDB7
FFFFFF8A
FFFFFCA1
FFFFFECF
0000018E
00000086
00000008
0000000C
FFFFFF3F
FFFFFCFA
000002D8
00000082
000002A5
000001B5
00000052
FFFFFEFF
000000CD
FFFFFD68
FFFFFDFE
FFFFFC71
000001D4
FFFFFE66
FFFFFD9D
FFFFFD8A
FFFFFD87
FFFFFF98
0000018B
FFFFFDDE
00000040
FFFFFB9C
00000233
FFFFFC2D
00000492
FFFFFB28
000001F7
000003A2
FFFFFF51
00000083
FFFFFC92
FFFFFC91
0000002B
FFFFFFE0
FFFFFAC5
0000014A
FFFFFF34
FFFFFF97
00000358
FFFFFFD1
FFFFFE66
FFFFFDD1
00000022
FFFFFF31
FFFFFC9A
00000215
FFFFFF08
00000066
FFFFFC7F
000003E8
0000044F
00000031
FFFFFD7F
FFFFFE86
000004B1
FFFFFEB8
FFFFFE4F
00000111
00000262
000001C4
FFFFFB09
FFFFFDB9
FFFFFD08
FFFFFF8F
FFFFFD66
FFFFFCC4
00000384
FFFFFD97
00000455
00000319
00000298
000000CF
000003AF
0000025D
00000481
000000CA
FFFFFB51
FFFFFFF0
FFFFFEDE
000003C0
000004AB
FFFFFCCA
00000230
000002C0
FFFFFDF1
FFFFFC46
0000008A
000001A3
FFFFFD37
FFFFF802
00000197
FFFFF7B2
0000002E
FFFFFC00
000001AE
000000A8
0000023E
FFFFFEB6
FFFFF962
FFFFFE94
FFFFFD33
FFFFFB41
FFFFFDC2
00000046
00000070
000000D8
FFFFFEB7
FFFFFE72
00000537
FFFFFF76
000004A7
FFFFFE29
FFFFFD2E
FFFFFCE3
0000026E
00000145
FFFFFDBC
FFFFFDEF
00000036
FFFFFBCB
FFFFFB98
FFFFF9DD
FFFFF94E
FFFFFA95
FFFFFF38
FFFFFC32
FFFFF9B1
FFFFFAFB
FFFFFFE0
00000241
00000364
00000068
000000D5
FFFFFF9D
00000438
FFFFFEB9
00000426
FFFFFD3D
00000420
FFFFFD67
FFFFFCF2
0000003F
FFFFFBCC
FFFFFDAE
000000A4
FFFFFFA0
00000113
FFFFFF1A
0000009F
FFFFFFE0
FFFFFC8B
00000624
0000002C
FFFFFD96
0000006A
00000057
FFFFF958
00000141
FFFFFA48
FFFFFCC2
000000AC
FFFFFF0D
000001D1
00000239
00000043
FFFFFF02
FFFFFEAB
00000451
FFFFFFBD
00000337
FFFFFE17
FFFFFF12
00000395
FFFFFBF7
0000031F
FFFFFF3F
FFFFFD96
FFFFF994
FFFFFF23
000001F3
000000CD
00000499
FFFFFC0F
FFFFFC59
FFFFFF54
FFFFFC19
000000D6
00000320
FFFFFBB1
000001C8
FFFFFDBA
FFFFFB29
FFFFFFA7
FFFFFBD3
000005B9
0000045A
FFFFFE40
00000173
0000006E
FFFFFB35
0000004E
000002D3
0000022B
00000078
00000079
FFFFFD19
FFFFFF3D
000000A5
FFFFFC17
FFFFFDF2
FFFFF9CF
000004C6
000008F9
000001AD
FFFFFF6B
0000030E
FFFFFC8A
0000075D
FFFFFD7A
FFFFFF83
FFFFFE2E
FFFFFCB9
000000F5
FFFFFC8E
0000022A
FFFFFD80
FFFFFB3E
FFFFFD43
FFFFFA2F
FFFFFB10
FFFFFDC4
FFFFFE63
000002B9
FFFFF816
0000028A
FFFFFC13
0000018C
000000A6
FFFFFB2B
00000339
FFFFFDA8
FFFFFD59
00000001
000000D3
FFFFFF1A
000004BE
000002CF
FFFFFE06
00000076
000003D9
000002E7
FFFFFDB5
FFFFFDC1
000001AB
FFFFFBA2
FFFFFDBF
000002B0
0000001A
0000041F
FFFFFE63
FFFFFDE0
00000181
000002FD
00000204
FFFFFE17
FFFFFD2F
000000BA
FFFFFEDA
00000239
FFFFFEAC
FFFFFD81
000001BF
00000002
00000020
FFFFFDF5
0000001D
00000226
00000660
00000086
FFFFFF46
000000BA
FFFFFD93
FFFFFDC5
FFFFFEB7
FFFFF958
000001AE
FFFFFD56
FFFFFDD6
000000C6
00000024
FFFFFE4A
FFFFFF0F
FFFFFB65
FFFFFB66
FFFFFAAD
FFFFFC76
FFFFFE7C
00000022
00000091
FFFFFE82
FFFFFF7B
FFFFF9A1
FFFFFBD2
00000032
FFFFFC04
FFFFFD8C
FFFFFF26
FFFFFC56
FFFFFD3C
00000114
0000036C
000002B9
000000CE
00000153
00000117
000002BC
FFFFFADB
FFFFF86C
FFFFFF6E
FFFFFD0E
0000004B
FFFFFB86
000000F5
FFFFFACE
FFFFFDB6
FFFFF987
00000040
FFFFFFBD
FFFFFA93
FFFFF937
FFFFFBEE
000001F9
00000001
00000066
FFFFFCD6
FFFFFDBE
FFFFFFEC
FFFFFC9A
0000006F
FFFFFE65
FFFFFF0D
000001E2
FFFFFC9A
FFFFFE5D
000001EE
000000F2
FFFFFFA9
FFFFFD93
00000471
FFFFFEE6
FFFFFA7E
FFFFFC9F
0000038D
FFFFFD6D
FFFFFE6A
00000500
000001C6
000002BD
00000092
0000006B
000000F5
0000013D
FFFFFFC4
FFFFFC7D
FFFFFD5A
000001BC
000001AD
FFFFFDAF
00000378
00000514
000003C1
000001CB
00000077
FFFFFA16
FFFFFAD3
FFFFFDB5
000002FB
FFFFFA1F
000000CC
00000201
0000001C
FFFFFC7F
000002A1
FFFFFE78
FFFFFB14
FFFFFDF8
00000168
0000014E
FFFFFC32
00000268
FFFFFEDE
FFFFFDF9
FFFFFF45
FFFFFF02
FFFFFECC
00000031
FFFFFCD0
00000347
000003BF
FFFFFCCF
0000008A
FFFFFF04
00000320
00000192
00000328
0000076D
FFFFFD47
0000001D
000003A6
FFFFFDEA
0000060C
0000015A
00000341
000004E3
FFFFFF19
00000125
0000025B
FFFFFFF3
FFFFFF55
FFFFFEE4
00000385
FFFFFE54
00000060
00000122
FFFFFD21
00000252
FFFFFB03
000006E7
000007C0
FFFFFE14
000001F1
FFFFFD02
00000199
FFFFFD13
00000287
000000B2
FFFFFF7B
FFFFFD23
FFFFFD17
FFFFFBE5
00000229
FFFFFB15
FFFFFD27
FFFFFF66
FFFFFE17
000002EA
000001CF
FFFFFA0A
0000033B
0000029F
000003BB
000001BA
FFFFFEE8
FFFFFD7B
FFFFFE64
FFFFFE6E
00000108
0000016E
FFFFFDF0
FFFFFB0D
FFFFFCBC
FFFFFF03
FFFFFDF8
FFFFFFE1
000000F3
00000203
FFFFFAD9
00000495
0000030F
00000301
FFFFFB53
0000006A
FFFFF8B8
0000016E
FFFFFA74
FFFFFF8C
FFFFFD1E
000000B1
00000190
000001B8
FFFFFED3
FFFFFD7D
FFFFFBB9
FFFFFCDD
0000051D
000001C7
0000017C
0000051E
0000038C
000000B7
FFFFFF2A
FFFFFF3B
00000397
FFFFFF33
FFFFFCE9
000003F7
0000013D
00000546
00000540
0000011C
00000012
000002BC
00000388
000000BA
FFFFFA63
FFFFFDE3
00000073
00000042
00000331
0000033A
FFFFFCF6
FFFFFCB1
FFFFFEC2
FFFFFB95
FFFFFC71
FFFFFD32
FFFFFFF8
000001EC
FFFFFDD6
FFFFFCE4
FFFFFFD8
FFFFF692
FFFFFDAE
FFFFFE52
FFFFFB75
000001E8
FFFFFC75
00000308
FFFFFBFC
FFFFFB6D
FFFFFE43
00000001
FFFFFF4D
FFFFFFAA
0000055D
FFFFFDF9
FFFFFEE8
FFFFFCB0
00000293
FFFFFEFA
00000431
0000041D
FFFFFE5D
00000075
FFFFFD6B
FFFFFE75
000003FD
0000019A
000003B8
FFFFFC4C
000003F1
FFFFFDD2
000001DC
000000F6
000001E8
FFFFFC45
FFFFF9E4
FFFFF9E8
FFFFFCF3
FFFFFC89
FFFFFBBC
000002E9
FFFFFE5D
00000021
FFFFFF5D
FFFFFB1B
00000030
00000125
FFFFFA41
00000295
FFFFFAA5
FFFFFB41
FFFFFC6D
00000439
000002F6
FFFFFD2A
0000028A
0000060B
0000051E
00000736
00000499
FFFFFCD9
0000069D
00000500
FFFFFFF2
00000042
FFFFFF1E
00000266
FFFFFA2B
0000026E
000000E5
FFFFFD24
000003B4
FFFFFB48
FFFFFFA2
FFFFFBD1
00000019
FFFFFFDD
000001AC
FFFFFF97
FFFFFB7A
00000234
000000B9
0000053E
FFFFFFD7
0000035F
FFFFFFD4
0000016B
FFFFFBB2
00000328
000003C8
FFFFFDA4
00000048
FFFFFE8A
FFFFFF1D
FFFFFCD2
FFFFFE58
00000064
000000B0
FFFFFE04
000000BB
FFFFFE9A
FFFFFDB2
FFFFFF63
000000DF
0000010C
FFFFFE9D
FFFFFE94
FFFFFD4A
FFFFFD36
00000274
FFFFFBD2
00000176
FFFFFC8B
FFFFFDCB
0000016A
FFFFFD17
FFFFFF44
0000016A
FFFFFFB9
FFFFFFBF
00000087
FFFFFEC6
0000011F
FFFFFC84
000001F5
0000028D
FFFFFF8A
FFFFFE45
FFFFFF65
FFFFFBB6
FFFFFEFB
FFFFFE30
FFFFFCB8
FFFFFD12
FFFFFD0D
FFFFFD40
FFFFFE38
FFFFFDDE
00000164
00000083
0000030E
0000022E
0000000A
FFFFFDA8
FFFFFC69
00000211
00000335
FFFFFD3E
000000CD
000001C4
000001AA
FFFFFF2A
FFFFFEE6
00000158
00000061
0000027B
0000008F
FFFFFD47
0000001C
0000014D
FFFFFE1E
00000310
0000006B
00000424
00000357
FFFFFF82
FFFFFD58
FFFFFB71
FFFFFFCD
000001BC
00000183
000001FC
FFFFFE16
00000030
FFFFFF41
000002A2
000000E4
FFFFFD97
FFFFFDE5
00000082
0000017D
00000293
00000288
000004C7
FFFFFE72
FFFFFED8
0000038C
0000008F
000000BF
FFFFFFFA
FFFFFD1F
00000442
00000152
FFFFFEB3
FFFFFF38
0000008A
FFFFFEF9
FFFFFF18
FFFFFF4B
00000168
000001D1
00000180
000002E8
FFFFFF5D
FFFFFE74
00000008
FFFFFD65
FFFFFED9
000001AB
00000295
FFFFFE80
00000062
FFFFFF3B
FFFFFFCE
FFFFFCA9
00000020
FFFFFFEB
0000005B
FFFFFF75
00000010
FFFFFFCC
00000055
FFFFFFE4
FFFFFD18
0000012D
FFFFFF4E
00000394
FFFFFFE3
FFFFFF81
00000034
FFFFFDF1
0000013C
000003F3
0000020D
FFFFFF6B
0000011D
00000261
FFFFFB29
FFFFFFBB
FFFFFFF5
FFFFFF20
FFFFFFFA
00000332
FFFFFFFE
0000027E
000000B1
00000172
00000463
0000021B
0000012E
FFFFFCFF
FFFFFF2F
FFFFFF50
FFFFFF35
000000FC
00000239
FFFFFBAD
FFFFFC09
000000E3
00000235
00000204
00000091
000003EC
00000069
000000E7
0000004A
00000327
FFFFFDB5
00000054
FFFFFECD
FFFFFF13
FFFFFEAC
000002D0
00000031
FFFFFE4D
0000021E
FFFFFEE9
FFFFFFB4
000000EA
FFFFFD64
000000EF
00000189
FFFFFDE9
FFFFFDF2
000001BB
0000005E
0000015D
FFFFFE68
00000194
0000019C
FFFFFE47
00000316
00000005
FFFFFD0C
FFFFFEEA
FFFFFE75
FFFFFFB1
00000259
00000069
00000058
FFFFFB10
0000007D
0000012C
FFFFFCE7
FFFFFD7A
FFFFFCAC
FFFFFE44
000000C5
FFFFFDB5
FFFFFE8E
FFFFFC32
000002BD
000000E3
FFFFFDF1
FFFFFDEF
FFFFFD06
00000566
000000E2
0000014D
FFFFFF87
FFFFFEF7
000002D7
FFFFFEC3
FFFFFE80
FFFFFFC0
00000019
00000043
00000095
00000014
FFFFFE39
000002A3
00000199
00000150
000001F4
FFFFFFE2
FFFFFE43
0000009C
00000260
000000F1
FFFFFFF1
FFFFFF4A
FFFFFBB0
00000109
FFFFFFAF
FFFFFFA8
FFFFFF0E
00000211
FFFFFEE5
FFFFFEB0
FFFFFEF9
FFFFFE81
FFFFFFF3
FFFFFF0C
FFFFFE91
000000EE
FFFFFDEF
FFFFFE72
00000167
FFFFFCCB
FFFFFF51
FFFFFF7A
FFFFFE68
FFFFFDBF
FFFFFF68
00000305
00000100
00000083
FFFFFED0
000000DE
FFFFFCF1
FFFFFF94
00000069
00000236
0000032E
000001B1
000001F0
FFFFFD90
00000012
0000003C
FFFFFFAF
FFFFFEED
00000018
FFFFFDCE
FFFFFD58
FFFFFEB3
000001C3
0000022C
FFFFFFFF
FFFFFED2
000001C9
00000090
00000480
00000210
000000F6
FFFFFF8D
FFFFFE12
FFFFFD1F
FFFFFD4B
00000160
0000004D
000000BE
00000184
0000007F
FFFFFF10
000001BC
FFFFFE3A
FFFFFF8A
000001E0
0000015C
FFFFFEC9
000001C4
FFFFFF17
00000143
FFFFFEED
00000273
FFFFFF3B
00000001
FFFFFF76
00000264
00000036
00000249
FFFFFEDF
FFFFFD39
FFFFFEBD
FFFFFDE4
0000039A
FFFFFF13
00000168
00000200
FFFFFDC8
FFFFFE0B
FFFFFECB
00000062
000000F4
FFFFFF56
0000031E
FFFFFEE3
0000008B
0000013C
00000227
FFFFFCB0
00000074
FFFFFF13
000000DC
FFFFFEFE
FFFFFED6
0000002F
FFFFFD6A
FFFFFCCE
FFFFFD53
FFFFFCA1
000000E8
FFFFFD3E
FFFFFEB2
FFFFFF54
FFFFFC83
FFFFFF65
00000391
FFFFFF6F
FFFFFF51
FFFFFE28
0000019A
000002B8
FFFFFE24
00000059
00000074
FFFFFFF3
FFFFFCEA
00000176
00000279
0000019B
FFFFFDF7
FFFFFE9B
00000175
FFFFFE4D
00000088
0000002E
FFFFFF4E
00000083
FFFFFB94
FFFFFE1E
000003CC
000002C0
00000111
FFFFFFA3
FFFFFF09
000000ED
FFFFFF2A
FFFFFFA9
00000265
FFFFFD0F
FFFFFE11
00000237
00000136
FFFFFFA5
00000046
00000212
FFFFFEE3
000000B1
00000295
FFFFFF8A
0000001B
FFFFFF34
0000008A
000000CC
FFFFFEEA
FFFFFF10
FFFFFD72
FFFFFDD6
0000003C
00000009
FFFFFE30
FFFFFFF7
000003B6
00000460
000001D6
00000358
0000014F
000001EE
00000039
0000011F
FFFFFCD4
FFFFFE02
00000154
00000055
FFFFFFF8
FFFFFF2A
FFFFFF5B
000000F9
FFFFFDAC
0000008E
00000114
000001F4
FFFFFFD4
000002D9
FFFFFF96
FFFFFCF4
FFFFFEBF
00000118
000003BA
000001D6
000002C5
FFFFFD51
FFFFFDD1
00000486
00000059
000003D2
0000002D
FFFFFEC0
FFFFFE35
FFFFFE3E
FFFFFF94
00000125
FFFFFD28
FFFFF9BC
000000CD
000002C6
0000005B
000001E3
FFFFFECE
000001B3
000002A1
FFFFFE21
0000015A
FFFFFE11
00000144
FFFFFE64
00000117
00000047
FFFFFC87
FFFFFF10
0000004F
000001B1
0000023A
FFFFFEEA
FFFFFF7A
0000030B
FFFFFF8D
FFFFFC5C
FFFFFD98
FFFFFE94
0000008B
FFFFFFDA
FFFFFE81
0000034D
FFFFFE5C
FFFFFEA9
000002FE
FFFFFF0C
0000003F
FFFFFF65
FFFFFEDA
FFFFFDD4
FFFFFC9F
FFFFFFBE
FFFFFFFA
00000034
00000294
00000067
000000EE
0000011A
00000023
00000001
00000147
FFFFFFD1
FFFFFF48
FFFFFFBD
00000223
FFFFFD5F
00000269
FFFFFF14
0000024A
0000019E
FFFFFE34
0000014B
FFFFFEA7
000000E6
FFFFFF95
00000015
00000032
0000009A
0000010D
000002B0
FFFFFDE9
FFFFFFB1
FFFFFABC
FFFFFB05
FFFFFF68
FFFFFDB1
0000025B
00000159
00000000
00000152
FFFFFF96
FFFFFEAD
FFFFFCDC
00000010
FFFFFF1F
FFFFFED5
FFFFFF7A
FFFFFEBD
0000007E
FFFFFE11
00000099
FFFFFFAC
00000099
FFFFFD5C
00000073
00000002
00000442
FFFFFE41
000001B2
00000136
FFFFFD90
000001AB
00000187
0000035C
00000089
FFFFFF22
000000D3
00000053
FFFFFF9F
FFFFFD96
FFFFFE3E
FFFFFFE5
FFFFFE76
FFFFFDEC
00000077
0000030D
00000085
0000008F
FFFFFF1B
FFFFFFC1
0000007F
000003D5
00000413
FFFFFE06
FFFFFDA8
FFFFF9D1
FFFFFC96
00000034
FFFFFF52
FFFFFFBD
FFFFFCEE
FFFFFA8C
FFFFFFA3
FFFFFFDB
FFFFFED8
FFFFFEA1
FFFFFFBA
FFFFFF3C
000000DF
FFFFFF7B
FFFFFC75
00000409
FFFFFEA7
FFFFFF44
000000BB
FFFFFF26
FFFFFF19
000001EB
FFFFFD29
FFFFFFE5
FFFFFE5C
0000009F
00000093
000002B7
FFFFFEBC
FFFFFECE
00000438
00000162
00000036
0000008E
00000142
0000017F
FFFFFFF7
FFFFFC8F
00000090
FFFFFF9C
0000003B
000001E7
00000370
FFFFFD76
0000026C
00000265
000002F3
000004BE
0000026E
FFFFFCE0
FFFFFDFE
0000008E
FFFFFEE9
FFFFFC3B
0000015E
FFFFFFD4
0000005E
00000055
00000083
000000C0
000002D0
0000022F
FFFFFE9D
000000CE
00000187
000000A2
00000236
FFFFFD23
FFFFFCC1
0000020C
0000007C
00000380
00000376
FFFFFFAB
00000110
FFFFFEB3
FFFFFDAF
FFFFFFED
FFFFFF97
00000104
FFFFFE4F
0000017C
FFFFFD84
0000027D
00000083
0000033D
000002FF
FFFFFF52
00000075
000000C4
0000058B
00000633
00000432
000002BE
00000069
FFFFFCE7
000001E9
FFFFFFAF
0000012A
FFFFFC97
FFFFFCA5
FFFFFE41
FFFFFF58
FFFFFFDE
FFFFFE11
FFFFFEB2
FFFFFE42
FFFFFD9E
FFFFFE1B
00000237
FFFFFD21
00000151
FFFFFF73
0000000A
0000021C
FFFFFFDC
FFFFFECE
0000017F
00000018
FFFFFEA0
000002CE
FFFFFD6B
FFFFFF62
000001F4
FFFFFF05
0000035D
00000183
FFFFFEE2
FFFFFE74
FFFFFEEE
00000198
0000027B
00000143
000001DB
0000003B
000000AD
0000004D
FFFFFECD
FFFFFDEC
FFFFFF03
FFFFFF31
00000157
00000011
FFFFFE48
00000285
FFFFFFAA
FFFFFED6
00000345
FFFFFD5F
FFFFFE1A
000000C8
FFFFFDB0
FFFFFD53
FFFFFF93
FFFFFF9D
000000C5
0000014A
0000023F
000001FA
0000029E
FFFFFE61
FFFFFF45
000000D8
0000023E
FFFFFF54
FFFFFF21
FFFFFE9A
000000E9
FFFFFD08
FFFFFDF8
00000036
FFFFFF22
FFFFFD05
FFFFFEBB
00000249
FFFFFFDD
00000031
FFFFFD83
FFFFFBC3
FFFFFD5E
FFFFFE5E
000000CA
0000029B
FFFFFE76
FFFFFE36
0000033A
FFFFFF39
FFFFFF04
FFFFFDBC
FFFFFF7F
FFFFFEE2
FFFFFF67
00000234
000003BE
000001C5
FFFFFB54
FFFFFD2E
FFFFFFE6
FFFFFA88
FFFFFCDC
FFFFFD78
000000F2
FFFFFC1F
0000004B
00000352
000001B8
FFFFFF5E
00000222
0000048F
00000140
FFFFFF07
00000353
000003EB
FFFFFDB2
FFFFFF97
FFFFFE28
FFFFFBD0
00000144
FFFFFE7C
00000256
FFFFFF58
FFFFFC38
FFFFFE06
FFFFFF93
FFFFFF41
000002E6
00000330
0000035B
0000007E
000001AA
FFFFFEE3
00000099
00000056
FFFFFE7C
FFFFFF95
FFFFFDE4
0000049B
FFFFFF7F
00000080
000002A4
FFFFFDA2
FFFFFFDC
FFFFFE61
000001EC
0000007A
FFFFFDED
000000EE
00000107
000002B0
FFFFFEE9
FFFFFDF7
FFFFFE97
FFFFFD76
FFFFFA15
00000054
FFFFFC10
FFFFFA33
FFFFFB40
000003BF
FFFFFD4D
00000031
000002BD
000003C8
00000465
00000232
FFFFFCEA
FFFFFD68
000001E1
00000280
0000031D
FFFFFF4C
0000026E
FFFFFFF2
FFFFFDFB
0000044E
FFFFFE46
FFFFFF49
00000137
00000228
00000253
00000249
FFFFFFD4
00000381
000002A5
00000411
FFFFFEBA
FFFFFBCB
00000026
FFFFFD84
FFFFFD53
00000034
0000010D
00000046
FFFFFBD4
FFFFFDF9
000001D4
00000103
FFFFFF0D
FFFFFF5F
0000027F
0000017F
FFFFFE8D
00000157
FFFFFD83
FFFFFF9E
FFFFFE0E
00000298
FFFFFDD1
FFFFFE80
FFFFFC30
FFFFFEA7
000001A6
00000057
FFFFFCAD
FFFFFE7E
00000138
000000B4
FFFFFF96
000000B7
FFFFFB92
FFFFFABE
00000020
FFFFFB63
FFFFFF60
FFFFFB74
FFFFFFC1
FFFFFEEC
0000000F
00000057
FFFFFDE9
FFFFFFB9
00000084
0000004A
0000029B
FFFFFC9D
000000B9
000004C4
FFFFFCC6
FFFFFF3E
000002D1
00000243
000001CB
000002D5
FFFFFFAC
0000014E
000001AF
FFFFFF6D
00000149
000002BF
000002BB
00000070
FFFFFF1B
FFFFFF98
FFFFFF92
00000206
FFFFFDFD
00000106
0000029F
0000008C
00000385
FFFFFE51
000002AC
000002EF
000004D9
FFFFFF8D
00000093
FFFFFE07
00000041
FFFFFE24
FFFFFCA0
FFFFFCA3
FFFFFE27
0000015B
000002B1
00000144
FFFFFF4E
FFFFFDF6
000000D8
000000DE
FFFFFFD2
FFFFFE75
FFFFFD32
00000052
000003E1
000001B2
0000034C
0000036E
FFFFFF26
00000269
00000265
0000030C
00000035
000001B0
FFFFFBAF
FFFFFF78
0000011B
00000047
0000002A
FFFFFDB6
FFFFFC89
0000004A
FFFFFF0F
00000045
00000206
00000147
FFFFFDCD
FFFFFDB9
FFFFFDDB
FFFFFDC8
0000020A
000002B6
FFFFFAAB
FFFFFE2E
FFFFFAF8
000001A0
FFFFFD25
FFFFFB0A
FFFFFED6
FFFFFE70
00000073
FFFFFFFF
FFFFFFAB
00000021
FFFFFFD4
0000033D
00000287
00000376
00000371
FFFFFF11
0000007B
FFFFFF24
000000D1
FFFFFCEB
FFFFFFE2
00000028
FFFFFE16
FFFFFFD2
FFFFFE6C
FFFFFD30
FFFFFD6C
FFFFFD8B
0000022F
0000047F
000002B2
0000026C
000001C7
FFFFFDB6
00000313
000003A6
FFFFFFDD
FFFFFE71
00000239
000003D5
00000052
00000366
00000014
0000050C
00000033
0000036E
000002D4
FFFFFFC4
000000D6
000003A7
0000038C
FFFFFF36
FFFFFEB0
00000343
00000149
0000010C
0000010F
000001BF
000000DB
00000428
000000CB
FFFFFF80
FFFFFE7D
FFFFFC72
00000285
FFFFF932
FFFFFFE0
FFFFFFC2
0000013A
FFFFFDFD
FFFFFE11
00000388
00000327
FFFFFF38
00000397
FFFFFE4E
FFFFFD98
000002BC
FFFFFEB5
FFFFFD95
000001F5
FFFFFF34
FFFFFAF6
00000313
FFFFFF95
FFFFFDAF
FFFFFC82
FFFFFCE0
000001DC
00000186
FFFFFF20
FFFFFF51
00000349
FFFFFEA3
00000047
00000229
0000015C
000002C4
FFFFFCEA
0000049C
00000171
FFFFFF9C
00000002
0000010D
FFFFFF19
000004CC
000000F0
00000335
000000F4
000001B8
FFFFFE52
00000006
00000096
00000122
FFFFFEAE
00000367
00000215
0000003E
00000261
FFFFFC51
FFFFFE61
FFFFFF53
00000365
00000147
FFFFFCAD
FFFFFE5D
FFFFFCF7
FFFFFB7D
FFFFFE01
0000018D
000001B4
FFFFFDBB
00000260
00000053
FFFFFE0E
FFFFFF91
FFFFFF48
FFFFFCB2
FFFFFEAA
FFFFFD6F
FFFFFC8F
FFFFFCEB
00000316
0000022B
FFFFFF37
00000033
00000151
FFFFFD43
0000034D
0000023C
000001B6
0000042B
0000049A
00000245
000003C7
00000162
000001EA
0000043B
00000068
FFFFFCFB
FFFFFE71
00000499
000005B3
FFFFFDDA
00000007
FFFFFE65
0000010C
000000A1
000002B8
0000054E
00000353
000006E1
000001E9
FFFFFC5B
FFFFFE1E
FFFFFCB0
0000054C
FFFFFCC9
00000204
00000137
0000047A
00000355
FFFFFC14
FFFFFED0
FFFFFE98
FFFFFE70
FFFFFE8E
FFFFFFAA
FFFFFC7E
FFFFFEDD
00000557
000001FF
000002C1
FFFFFBDF
0000045A
0000027E
000005CF
FFFFFF57
000005E9
00000140
00000043
FFFFFEC9
00000116
FFFFFFD8
0000001A
FFFFFAFF
00000030
00000656
00000592
FFFFFF99
00000595
0000043F
00000073
00000499
00000245
0000056A
FFFFFED6
00000205
00000470
0000079E
00000792
FFFFFFFD
FFFFFDAA
000000B1
FFFFFD9B
FFFFFF8B
00000594
FFFFFE22
FFFFFBAE
FFFFFBA7
FFFFFB1B
000001B9
000002F7
000000F1
000000BB
FFFFFD6B
00000242
FFFFFF3E
0000027A
FFFFFCD3
FFFFFE6C
FFFFFADA
00000174
00000244
FFFFFF1C
FFFFFEDC
FFFFFFEC
0000009F
000003AB
00000381
FFFFFFA9
000001ED
000000FA
00000643
00000457
0000014F
000003E0
FFFFFE7C
FFFFFE90
0000076D
FFFFFFA7
000001B0
0000063C
FFFFFDF4
00000418
000001E4
FFFFFD37
0000048E
FFFFFC8C
000001B6
FFFFFA76
00000218
FFFFFBF0
FFFFF9EA
FFFFFF63
FFFFF624
FFFFFE6B
000003C8
000004C8
00000495
000008B3
00000500
000002BB
00000186
000006A4
FFFFFF32
00000463
FFFFFF0D
000003A2
FFFFFF8D
0000039D
000000DA
00000091
FFFFFEDD
FFFFFC30
000003E6
000002AE
FFFFFE37
00000468
FFFFFCEF
FFFFFB56
FFFFFF4A
0000021F
FFFFFEC8
0000024B
000000A8
00000391
FFFFFB5F
FFFFFE7D
000004C7
0000029E
FFFFFC0E
00000261
FFFFFC28
000000EE
FFFFFEB8
000003E9
000001FE
FFFFFF04
0000011F
000001A2
0000014C
FFFFFCE4
0000022D
FFFFFED1
FFFFFF2C
00000095
FFFFFBE9
00000040
FFFFFC0E
FFFFFF5E
000000EB
00000200
FFFFFBBF
FFFFF9DC
FFFFFDF7
FFFFFFB9
FFFFFBE2
00000077
FFFFFD37
FFFFFF72
00000264
FFFFFF99
00000194
00000408
000004F4
000004B2
00000499
00000119
000000F1
00000109
00000486
00000172
FFFFFFF7
0000057D
FFFFFE2D
0000017F
FFFFFEDB
FFFFFA89
FFFFFB64
FFFFFC70
00000018
FFFFFC74
00000336
FFFFFE6B
000001BA
FFFFFC98
FFFFFB1E
000000E0
000000A0
FFFFFB99
FFFFFDAF
FFFFFDE3
FFFFFAC4
00000292
00000026
0000021F
00000560
0000030D
FFFFFE5C
FFFFFC54
0000001D
FFFFFC05
FFFFFBF9
000004E5
FFFFFD78
FFFFFB8E
000003A5
FFFFFF4F
000002F1
FFFFFC7C
FFFFFA96
FFFFFFF7
00000129
00000533
FFFFFCB5
000006D9
FFFFFE8F
FFFFFF00
0000010C
0000050B
000001D8
00000062
000002A7
FFFFFFCD
FFFFFA89
00000371
00000586
FFFFFD7C
FFFFFBFE
0000043D
FFFFFCC5
000003B8
0000037A
0000039F
FFFFFED5
FFFFFE95
00000574
00000448
FFFFFC74
000002CF
00000599
FFFFF92A
000000AD
FFFFFF95
FFFFF69B
000000CA
FFFFFFE2
FFFFFFF7
000000E6
00000059
000003D1
FFFFFCFF
FFFFFB92
0000007B
000001C4
FFFFFB3C
FFFFFD65
00000009
FFFFFEDF
0000050C
00000672
0000052C
000007A0
000007AF
000008CB
000000BF
00000154
0000023F
00000325
0000046B
0000051A
00000140
FFFFFE0E
FFFFFC25
FFFFFE8D
FFFFFEEC
FFFFFCE4
FFFFFF0C
0000014D
FFFFFDB3
FFFFFAC3
FFFFFFA8
00000253
00000279
0000035B
FFFFFE34
000001BA
00000172
00000294
0000002C
FFFFFDC7
FFFFFAE5
000005A0
0000008E
0000073A
000005FC
00000949
FFFFFE8B
000000BF
FFFFFFA2
00000569
FFFFFF40
00000512
FFFFF9B0
000005F7
0000001F
FFFFFA0C
FFFFFE8E
0000023C
0000016A
FFFFFEA7
FFFFFDD9
000005A4
FFFFFF1E
FFFFFF90
000005F7
FFFFFDD7
0000027C
FFFFFF5F
FFFFFB94
000002D6
FFFFFB35
FFFFFAF9
00000626
FFFFFCAC
FFFFFE80
000003A7
000000C7
FFFFFC25
FFFFFC0F
00000099
0000013C
FFFFFD17
FFFFFFB0
FFFFFFFA
00000167
0000026A
000001FC
000004C6
FFFFFAF2
FFFFF81B
00000180
FFFFFDEE
FFFFFD0D
000002D3
000000F1
FFFFFD39
0000036E
FFFFFD3A
FFFFFC5D
FFFFFB14
FFFFFF48
000001CA
FFFFFC39
FFFFFFA7
FFFFFD29
0000003F
FFFFFBF2
FFFFFB6E
FFFFFBA4
FFFFFB00
FFFFFF9C
000002C6
FFFFFEF3
00000886
000004DB
FFFFFF63
00000241
000003AB
00000107
FFFFFA8B
FFFFFD91
FFFFFC0D
0000004B
FFFFFC33
00000560
FFFFFC12
FFFFFD0B
000006BF
000002AE
FFFFFD98
00000711
0000079E
000006CC
FFFFFBFE
00000590
00000382
0000018E
FFFFFFCE
FFFFFEBC
FFFFFDF9
000002ED
00000899
0000022C
000000AD
0000050E
00000697
FFFFFC31
000003E4
00000173
00000066
000000DA
00000019
FFFFF98D
FFFFFB7C
FFFFF8CD
FFFFFD9B
FFFFFFFF
FFFFFAA4
000000E2
FFFFFD4B
0000006E
FFFFFF4D
00000762
0000024B
00000142
FFFFFEF4
00000249
FFFFFE2F
000001D9
FFFFFD98
00000071
00000180
FFFFFF0A
00000603
FFFFFBA0
00000254
00000356
FFFFFCAF
FFFFFC40
FFFFFB31
FFFFFCEE
0000029B
0000018C
00000199
FFFFFF36
00000145
00000503
000004C5
FFFFFF53
FFFFFCDE
0000026A
FFFFFCBA
0000014C
FFFFFFD0
FFFFFC11
000002E3
0000038A
000002C6
FFFFFFC1
FFFFFF7C
00000061
0000052E
0000066B
00000280
000003D1
00000443
0000066B
FFFFFCAE
FFFFFBF3
0000021A
FFFFFFE7
0000012E
00000842
00000280
0000004E
FFFFFF5E
FFFFF9A2
FFFFFACB
0000002D
FFFFFC87
FFFFF9DB
00000078
FFFFFAF6
FFFFFC16
0000023F
FFFFFFC0
FFFFFB6D
00000200
000002A1
FFFFFEF8
00000121
FFFFFB18
FFFFFDFD
0000010F
FFFFFEEE
00000370
FFFFFB31
FFFFFE37
FFFFFF95
FFFFF9DE
FFFFFBCF
0000033D
00000001
000001AC
00000265
0000058B
FFFFFDB0
FFFFFBD0
000003D1
00000498
FFFFF9C3
FFFFFC72
000001B1
FFFFFFF5
0000041C
FFFFFE6A
00000018
0000027B
00000065
00000368
000002DD
FFFFFFB5
00000161
FFFFFD25
FFFFF8F8
00000169
00000450
FFFFFA7D
FFFFFF49
FFFFFDC1
00000088
FFFFFDF7
FFFFFB40
FFFFFE13
000000F5
FFFFFFD8
00000190
00000333
00000369
FFFFFEAE
00000543
FFFFFA89
FFFFFDC1
0000038D
00000235
FFFFFA2A
00000459
000003EB
FFFFFC2E
00000098
00000472
000003FA
000004C4
00000548
FFFFFEC6
000004A6
000004E9
00000059
000001FB
000002EA
00000154
00000067
0000022F
FFFFFEAD
FFFFFF0A
FFFFFBF1
FFFFFD4B
00000106
000003DE
000001C5
FFFFFDC4
00000276
FFFFFECE
FFFFFE66
FFFFFDF0
FFFFFD8E
FFFFFF0F
FFFFFC03
FFFFFF66
FFFFFDCF
FFFFFC84
00000086
FFFFFFB2
0000019F
FFFFFEAE
00000457
FFFFFCB9
00000235
FFFFFFFD
FFFFFFA4
00000364
000004E8
000002B1
00000399
FFFFFD92
00000125
0000001E
0000054E
00000230
000005F8
FFFFFC37
FFFFFE3C
FFFFFDE3
FFFFFB33
000001FC
FFFFFE03
0000010D
FFFFFD21
FFFFFC4B
0000022F
FFFFFF84
0000012B
00000162
FFFFFE65
FFFFFC2B
FFFFFEC5
00000201
000001E1
FFFFFFFA
FFFFFDE1
FFFFFBFA
FFFFFB99
FFFFFD52
0000003A
000002DC
FFFFFC1B
00000086
000001AA
000002CD
000001C5
00000115
FFFFF932
FFFFFF89
00000082
000002F1
0000030B
FFFFFC93
FFFFFEB4
FFFFFD74
FFFFFD0A
FFFFFD6A
FFFFFEBE
000000DF
FFFFFF75
FFFFFF52
FFFFFEA6
000002D1
FFFFFEBB
FFFFFE86
FFFFFD8F
FFFFFDF3
000001F9
FFFFFACA
FFFFFED5
0000048C
FFFFFE94
0000024F
00000198
00000083
FFFFFC8C
0000025A
FFFFFC85
0000008C
FFFFFE5F
FFFFFE4A
00000117
00000190
00000114
00000182
0000019A
00000039
00000257
FFFFFDDD
FFFFFB74
FFFFFEE9
FFFFFCFD
FFFFF8FB
FFFFFFEF
00000386
FFFFFF54
FFFFFCCC
00000428
FFFFFE9E
FFFFFBB0
0000022E
FFFFFCAD
FFFFFF6D
000003D6
FFFFFDC2
0000025F
FFFFF97E
FFFFFFB4
000000DE
FFFFFBCE
FFFFFA5B
FFFFFF47
FFFFFBD4
FFFFFC36
FFFFFEAF
FFFFFED1
0000002D
FFFFFF91
FFFFFB99
FFFFFB9D
00000021
FFFFFD73
0000020F
FFFFFE80
000002EA
00000176
FFFFFD75
FFFFFF27
FFFFFD35
00000495
00000084
FFFFFEE3
000003A1
FFFFFAAB
00000169
0000015D
FFFFFEDE
0000009D
00000144
00000187
00000203
00000010
FFFFFEF0
FFFFFE21
000000D3
FFFFFE0A
FFFFFA0C
FFFFFF0D
FFFFFE11
FFFFFDCB
FFFFFCCF
000000B8
000003FB
FFFFFD9B
000000BC
FFFFFFD3
00000035
00000495
FFFFFEA2
FFFFFFE1
0000012B
FFFFF9EF
FFFFFE9C
FFFFFEB2
FFFFFE70
00000031
0000022C
0000023A
FFFFFD69
0000038B
000003A2
FFFFFD94
00000228
FFFFFF36
FFFFFED4
FFFFFEF2
FFFFFFF6
FFFFFEF2
00000044
FFFFFF00
FFFFFDF4
00000320
0000005B
FFFFFCFA
FFFFFE0C
FFFFFDB9
FFFFFD6B
00000226
FFFFFE6F
FFFFFD8E
FFFFFE01
00000169
0000044D
FFFFFC8B
000002EA
00000007
0000018F
000002F9
FFFFFFEF
0000026F
00000312
00000117
000000A9
0000011B
FFFFFF4C
FFFFFE98
000000D2
0000019A
00000194
00000468
FFFFFEEF
00000308
00000233
000001E2
000000BB
FFFFFDE1
FFFFFE0B
FFFFFF32
FFFFFE2B
FFFFFE0E
FFFFFF78
FFFFFFDC
00000183
000000FC
FFFFFC06
FFFFFE20
000000FA
000000E4
000002B4
00000000
0000005B
FFFFFD17
000000DC
FFFFF936
FFFFFDA4
FFFFFD4E
FFFFFFAD
0000004A
000003FC
000001B2
FFFFFE0A
FFFFFD11
FFFFFD0E
00000260
0000021C
FFFFFD5C
00000147
FFFFFE74
FFFFFDE7
00000256
000004DD
00000126
FFFFFE71
0000026C
FFFFFDE2
FFFFFF3B
0000005E
FFFFFD51
000003A9
FFFFFF2B
00000058
FFFFFF9D
000004FA
000000FA
FFFFFE29
000001DF
000001BC
00000048
FFFFFB77
FFFFFB60
FFFFFFD2
0000013E
00000176
00000038
00000156
FFFFFD15
FFFFFF29
00000357
00000092
FFFFFFDC
000002CE
0000026F
0000054B
FFFFFE6E
FFFFFC9E
00000032
00000095
00000056
0000019B
00000319
000002A3
FFFFFFB0
00000465
000002FB
0000010E
FFFFFE10
FFFFFBA9
FFFFFB41
000002F5
FFFFFE9E
000000EA
00000293
FFFFFD6D
FFFFFC94
FFFFFE71
00000064
000002DE
00000307
FFFFFF29
FFFFFDEF
FFFFFF06
FFFFFE90
0000005D
000001EA
FFFFF8CF
FFFFFCEA
0000026F
0000014B
000000CA
000000F1
FFFFFF12
FFFFFD2C
0000029A
FFFFFE1E
000003CF
FFFFFDF7
000002B4
00000183
00000242
000003DD
000004CF
00000489
0000056F
000000B5
000002A3
FFFFFDE1
000002C4
0000006C
00000065
00000504
0000016B
FFFFFFC5
FFFFFDA9
00000063
00000252
00000055
00000297
0000025C
00000369
00000089
FFFFFDB2
FFFFFB58
FFFFFE1B
00000194
FFFFFDB9
000001F3
FFFFFF76
FFFFFF3E
000000C4
00000456
000000A2
000002CC
0000053E
00000647
FFFFFCED
FFFFFD79
FFFFFC68
000001AC
FFFFFDF8
00000110
FFFFFE00
FFFFFBF1
FFFFFD38
0000008B
0000020A
FFFFFF68
FFFFFDBC
FFFFFD6C
FFFFFF1A
FFFFFF16
FFFFFEAC
FFFFFB94
FFFFFD3D
00000178
FFFFFF27
000004D3
000001F0
FFFFFE1F
0000026E
FFFFFFC4
FFFFFF2B
FFFFFE2E
000003B8
000002CA
FFFFFC7C
00000252
FFFFFFAF
00000301
0000045F
00000059
FFFFFC23
00000164
0000000D
0000036F
00000490
00000271
FFFFFEB6
FFFFFC79
000002C2
00000057
FFFFFECE
0000014B
00000474
0000053D
000004B2
000005DF
000003DD
00000306
000004F6
000001FD
00000461
FFFFFDBB
000000EB
0000001C
FFFFFBB3
0000004E
FFFFFB0B
00000209
00000075
FFFFFF36
0000033E
00000274
FFFFFEA8
FFFFFC3A
0000019B
FFFFFC14
00000359
000003AF
00000401
0000014F
00000134
000002DA
00000166
0000014F
000003D7
FFFFFFBA
FFFFFD58
0000033F
000001D3
00000041
00000219
0000034A
000001A1
000001D6
FFFFFF27
0000006D
000001E1
FFFFFC6C
FFFFFCC0
FFFFFCDC
FFFFFC71
FFFFFC97
FFFFFD7A
FFFFFA9F
FFFFFE4C
FFFFFC93
FFFFFF0C
FFFFFD71
FFFFFE31
FFFFFFFF
FFFFFCB4
FFFFFC02
000001A8
FFFFFEE7
00000229
FFFFFD8E
FFFFFE37
FFFFFFC1
FFFFFF11
0000027E
FFFFFEC1
FFFFFF66
00000317
0000042C
FFFFFF91
FFFFFDF8
FFFFFD77
FFFFFD3A
FFFFFFB6
0000006E
000001AE
000002C3
00000152
FFFFFF4D
FFFFFFC6
00000247
0000033C
FFFFFC93
FFFFFD2C
FFFFFED2
000000B5
FFFFFDC7
00000300
00000159
00000194
00000038
000000DC
00000278
00000501
00000117
FFFFFFF1
000000F5
FFFFFFCF
00000087
0000006F
00000273
0000034D
FFFFFE9E
000000CC
0000047E
FFFFFCD3
FFFFF913
FFFFFFD6
0000015A
FFFFFB5C
0000015C
00000143
FFFFFF1D
FFFFFADC
FFFFFFFF
0000020C
FFFFFF42
000000FD
FFFFFF78
000002A3
000001D6
FFFFFC97
FFFFFC98
0000040E
000001C8
0000041F
000001B4
00000265
FFFFFFF6
00000539
00000645
00000279
FFFFFD8B
FFFFFF63
000001A9
000002EE
0000035D
FFFFFDD1
0000016F
FFFFFEB2
FFFFFFB1
FFFFFF06
FFFFFDE5
000002D1
FFFFFF43
FFFFFE5D
FFFFFCCA
000000E3
0000004A
00000082
00000137
FFFFFC3A
FFFFFEF5
000001ED
000003BC
FFFFFE51
FFFFFD43
000000CE
FFFFFFD9
FFFFFD98
0000013A
00000079
FFFFFFBD
00000189
00000008
00000166
FFFFFE72
00000081
FFFFFDA9
FFFFFF73
FFFFFED5
FFFFFEF8
FFFFFCBB
FFFFFF27
FFFFFE31
FFFFFEF8
FFFFFE59
000000FC
FFFFFF77
000001F5
00000019
FFFFFD1A
FFFFFFBF
FFFFFE72
000001CD
000000E0
FFFFFFDA
000001E1
FFFFFEDF
0000030B
FFFFFF91
FFFFFE21
FFFFFEF9
0000011B
FFFFFF98
0000014A
00000251
FFFFFDBC
0000003F
0000018A
00000099
FFFFFEF2
000000CA
000001FE
00000269
FFFFFDF1
FFFFFE45
00000091
FFFFFFD4
FFFFFFE7
000001F6
FFFFFE14
00000167
FFFFFFB0
0000022E
FFFFFD79
FFFFFE2A
FFFFFD53
FFFFFF84
FFFFFED1
000001D6
000000B6
00000185
FFFFFC2F
000000D1
FFFFFEFB
0000042D
00000136
000000BE
FFFFFCFA
00000084
00000007
000000AD
FFFFFF6E
00000037
FFFFFD5C
FFFFFDB0
FFFFFF8D
FFFFFF2D
00000094
000001A3
FFFFFE2E
000001BB
0000027D
FFFFFEC1
FFFFFE89
00000213
FFFFFEFE
0000021D
FFFFFE7C
FFFFFBC3
FFFFFE15
FFFFFDE1
0000012D
FFFFFF97
000001FC
FFFFFD29
FFFFFE38
FFFFFFC1
FFFFFBBA
FFFFFF50
FFFFFF37
FFFFFEF9
FFFFFF07
00000101
FFFFFF67
0000011B
FFFFFE68
FFFFFE01
FFFFFFE4
000000E7
0000010B
FFFFFF23
00000120
FFFFFD8E
FFFFFFF9
FFFFFCF1
FFFFFC9B
FFFFFD8B
000000B9
000002A3
000001A4
FFFFFF36
FFFFFE4B
FFFFFC5B
00000135
FFFFFDAD
00000033
00000269
000003F2
000002AF
00000004
FFFFFE97
000001D5
FFFFFE4F
FFFFFE87
FFFFFEE2
FFFFFDDF
00000445
FFFFFE7D
FFFFFE81
FFFFFCBC
FFFFFFCC
00000212
FFFFFEEE
FFFFFE50
0000021A
0000043C
00000358
000001F8
FFFFFDFE
0000011E
FFFFFCFC
FFFFFFC7
00000139
00000030
000000DD
000002FB
FFFFFD94
000000F7
0000008A
0000009B
FFFFFE72
000000FD
FFFFFDDD
FFFFFF44
FFFFFE2F
00000121
00000289
000002C2
FFFFFF25
00000113
FFFFFFAE
FFFFFEF1
0000024E
FFFFFEF5
FFFFFE30
00000337
00000276
FFFFFC74
FFFFFF07
FFFFFF22
000000ED
FFFFFFCC
FFFFFE03
FFFFFD7F
FFFFFE39
00000028
FFFFFFFF
FFFFFF7B
FFFFFE4A
FFFFFE0B
FFFFFF71
FFFFFDC3
FFFFFEBA
00000237
FFFFFFC1
00000147
FFFFFC7C
000000CA
000001DC
000003FA
FFFFFC81
FFFFFD31
FFFFFC6E
000000E4
FFFFFF99
FFFFFF14
FFFFFF6B
FFFFFFB6
000002A4
00000376
00000168
FFFFFD7C
FFFFFE4F
00000302
FFFFFE48
00000144
FFFFFCB1
000001FA
FFFFFE75
00000104
FFFFFD09
FFFFFEC9
00000158
00000542
0000011D
000001F7
FFFFFCE0
000000F0
FFFFFE69
000004F2
FFFFFEF6
FFFFFE64
00000172
FFFFFE37
000001AC
FFFFFC8E
FFFFFE8D
00000254
000001B7
00000185
00000144
00000093
FFFFFFDA
FFFFFE66
0000021A
FFFFFC96
0000029C
00000188
00000271
000003DC
FFFFFDD2
000000F3
FFFFFF07
000000ED
000001AD
00000256
000003B9
0000002C
FFFFFE0B
0000012E
0000016E
000000BF
FFFFFCD1
00000222
FFFFFF92
00000345
FFFFFD8B
FFFFFF26
00000289
FFFFFEDC
FFFFFFCE
FFFFFFC0
0000006F
FFFFFFC6
00000054
FFFFFED3
FFFFFF4F
00000324
0000000D
0000030C
FFFFFF99
000000D9
FFFFFF39
00000393
000000E6
0000004E
FFFFFF94
000000E1
000000A8
FFFFFFD9
000001BD
FFFFFF0A
000000D0
FFFFFE8B
0000010F
FFFFFF10
FFFFFF90
FFFFFE57
00000138
FFFFFD73
FFFFFEB0
FFFFFC2C
FFFFFE0A
FFFFFFE1
00000054
0000016C
0000009D
FFFFFE9A
FFFFFED4
0000026E
FFFFFF00
FFFFFEAA
000000C1
FFFFFEC0
FFFFFD17
00000062
FFFFFB13
0000005E
FFFFFF96
000000C8
FFFFFFD1
FFFFFE28
FFFFFFF4
00000045
000000A4
00000165
00000356
0000030D
FFFFFFB2
FFFFFF78
00000128
000000DD
0000025C
FFFFFDF0
FFFFFEA8
FFFFFD4D
00000248
FFFFFE24
0000017C
FFFFFDCD
FFFFFD81
FFFFFF7D
000000B0
FFFFFD99
000001AA
0000016B
00000144
FFFFFF33
00000210
FFFFFBDD
0000016E
000001B0
00000121
00000188
FFFFFFBD
0000018E
FFFFFD16
00000140
FFFFFFF3
FFFFFE5D
00000192
FFFFFFD3
FFFFFF13
FFFFFE8C
00000070
00000114
FFFFFE1A
FFFFFEA7
00000191
000000FE
00000334
FFFFFE1D
FFFFFFAE
FFFFFD27
FFFFFDF4
000001FC
FFFFFF62
FFFFFCFD
FFFFFCA9
00000384
FFFFFDF9
000001D3
FFFFFDDC
FFFFFDAA
00000142
FFFFFE42
FFFFFFBF
FFFFFE73
FFFFFE8C
000002EE
FFFFFFAB
FFFFFF31
000000D6
000000FB
000001C3
FFFFFFF4
FFFFFFCF
FFFFFDD6
FFFFFCBA
0000014B
00000296
00000181
0000013C
FFFFFDE5
FFFFFFA1
FFFFFCDC
00000330
000000B9
00000171
0000008D
FFFFFE22
FFFFFFE6
FFFFFC9D
FFFFFFE3
FFFFFEA3
000001CC
00000191
FFFFFF32
FFFFFC24
FFFFFEB2
00000214
000001A8
00000333
0000008A
FFFFFFC5
FFFFFEFD
000000D5
00000288
00000070
FFFFFE17
0000005B
FFFFFF74
000000E2
FFFFFD2D
FFFFFFDF
00000178
FFFFFD9E
FFFFFD45
FFFFFF22
00000242
FFFFFE8C
000001CC
00000036
0000013B
FFFFFFE4
00000204
00000171
FFFFFE57
FFFFFF6F
000004BA
000000AC
000001EA
FFFFFF83
00000184
FFFFFEFC
00000198
000000E6
000001E8
0000013E
FFFFFF3D
FFFFFD97
FFFFFEAB
FFFFFE7F
0000009F
000001B0
FFFFFD98
000000F3
00000047
FFFFFDA5
FFFFFFAA
FFFFFF11
FFFFFFCF
FFFFFEAA
FFFFFEC8
00000262
FFFFFE65
FFFFFF6A
FFFFFCFB
00000479
000000FA
000002F5
00000105
0000011A
FFFFFFF8
000000DF
FFFFFEF2
00000202
000000E1
FFFFFFAD
FFFFFE43
FFFFFD58
00000064
FFFFFCAC
0000020E
FFFFFF9D
000001C9
FFFFFF0C
FFFFFEF6
FFFFFF51
0000016B
FFFFFCBE
00000119
FFFFFE00
00000141
0000019D
000002D1
00000087
FFFFFD5B
FFFFFC4A
00000025
00000126
FFFFFDB3
000002B3
FFFFFF0C
0000013E
FFFFFD4B
000002B1
FFFFFCDD
FFFFFFE2
FFFFFDB9
FFFFFE45
FFFFFBF2
000000FA
0000010C
FFFFFF92
000001A4
FFFFFE6C
0000002E
FFFFFF6E
FFFFFDED
000000D5
000001F9
000005E2
FFFFFF0A
00000404
FFFFFB62
FFFFFFB1
00000011
FFFFFF56
FFFFFF5A
FFFFFEFE
0000019B
FFFFFFF7
00000309
FFFFFF81
000000CE
000000C5
FFFFFFAC
000003A5
00000030
FFFFFF2C
FFFFFF85
FFFFFF97
FFFFFE1A
000002F8
000000B7
FFFFFF7B
FFFFFF80
00000080
FFFFFFD4
FFFFFE5B
FFFFFFAC
000001A9
FFFFFF6B
00000088
FFFFFE80
FFFFFF74
FFFFFFA2
FFFFFFF3
00000109
FFFFFDF9
FFFFFFD9
FFFFFE0B
000000C6
FFFFFE38
FFFFFFB7
FFFFFD58
FFFFFEFC
0000005A
00000362
00000009
00000283
00000281
00000280
0000025A
000001FC
00000191
000003BE
FFFFFFFA
00000367
00000457
FFFFFFB0
FFFFFE38
FFFFFFE5
FFFFFD0C
FFFFFF4E
FFFFFF94
FFFFFD25
00000091
FFFFFF83
00000002
FFFFFCE4
00000041
FFFFFE87
FFFFFCA4
00000140
00000023
FFFFFD39
0000000F
FFFFFEAC
FFFFFDB6
00000067
FFFFFDDE
FFFFFE8B
0000000A
FFFFFF80
00000002
000000C2
00000116
FFFFFFC1
000003F5
000001F5
00000006
000000E6
FFFFFFD4
00000251
00000205
FFFFFCAC
0000018F
FFFFFF4D
FFFFFE7F
FFFFFE39
FFFFFFD2
FFFFFF74
000000AB
0000019C
FFFFFF3B
00000177
FFFFFCA6
FFFFFCCD
00000362
FFFFFF62
0000026C
FFFFFC36
FFFFFCD5
000002A7
0000042E
00000441
00000102
000002D5
FFFFFF4D
FFFFFF17
FFFFFE12
00000175
000000AB
FFFFFD8F
FFFFFFBB
0000020B
FFFFFE4D
000001D2
FFFFFFBB
FFFFFF70
00000220
FFFFFE67
FFFFFC1C
FFFFFDB7
FFFFFFA4
FFFFF9F2
FFFFFCE7
FFFFFE99
FFFFFFB0
00000109
000000D9
00000319
FFFFFFC6
000000E7
00000076
FFFFFF73
000000D0
000001E8
000001EE
FFFFFDEE
000000E7
FFFFFB12
FFFFFE3E
FFFFFE74
FFFFFB8C
FFFFFF40
00000114
FFFFFE90
FFFFFDF8
FFFFFF48
00000269
00000213
FFFFFF53
FFFFFF3B
FFFFFE42
FFFFFFDE
0000014D
00000131
0000035A
0000005E
00000037
FFFFFD4C
00000334
FFFFFED6
00000413
0000004F
00000077
00000145
0000025A
000001FE
00000413
000002DF
00000283
000001DC
FFFFFD25
FFFFFCC6
FFFFFFB3
FFFFFF72
000000E9
FFFFFC0A
FFFFFD17
0000039A
FFFFFCF2
FFFFFFA0
00000251
FFFFFFF2
FFFFFD38
FFFFFED1
00000119
FFFFFC87
00000112
FFFFFF75
000000FA
FFFFFF2F
FFFFFE28
0000017F
FFFFFEBC
FFFFFF1A
000001C1
FFFFFF87
FFFFFFAE
0000020A
FFFFFDE7
0000000F
00000049
FFFFFF79
000002D8
00000203
FFFFFFDD
FFFFFE32
FFFFFFC2
0000007F
FFFFFE4A
000000F2
FFFFFF05
FFFFFEC6
00000177
FFFFFE5D
00000192
00000205
0000017D
00000283
000001C6
0000026D
00000016
0000032E
FFFFFE65
00000319
0000015C
FFFFFEEB
FFFFFFF7
FFFFFDCF
FFFFFDE6
FFFFFCCD
FFFFFFC4
000002A4
00000096
0000034C
FFFFFE14
FFFFFFFA
FFFFFD2F
FFFFFF92
0000007D
FFFFFD0F
0000007E
0000037B
FFFFFEF1
FFFFFFF7
FFFFFF2A
0000006E
FFFFFE03
FFFFFE92
FFFFFBAB
00000065
00000118
FFFFFD4A
FFFFFFEE
00000019
FFFFFD23
000001D0
000003C4
FFFFFDAE
00000163
FFFFFE70
FFFFFED6
FFFFFE40
FFFFFE2D
FFFFFCC1
FFFFFDE1
00000190
FFFFFD5E
FFFFFE01
0000024C
FFFFFFFC
00000219
00000216
000001F4
0000013F
FFFFFF84
FFFFFE8B
00000286
000000F1
0000020D
00000055
00000308
FFFFFFEB
00000012
0000008A
FFFFFCA1
00000060
00000088
FFFFFD59
0000000C
000000AA
000000C5
00000014
00000048
0000034A
FFFFFEBD
000001DA
FFFFFC8F
FFFFFF56
FFFFFEE7
FFFFFCE4
FFFFFECE
000000C6
FFFFFF37
FFFFFF5D
FFFFFDB2
000000D4
000002FD
00000259
0000020A
00000083
0000012F
000001DC
0000012B
00000064
00000123
0000023F
FFFFFF0F
FFFFFE75
000001E7
000001DA
00000439
0000003B
FFFFFDB8
000002DF
00000108
FFFFFDE3
00000134
FFFFFDF7
0000023D
FFFFFD23
0000016D
000002E1
FFFFFE65
FFFFFEBF
00000185
FFFFFF80
FFFFFE9A
FFFFFFB3
FFFFFD82
FFFFFF92
FFFFFFF1
00000098
000000A8
FFFFFC94
FFFFFEBF
0000011E
00000143
FFFFFDA0
000002E4
000001A3
FFFFFE15
00000026
FFFFFEC6
0000033B
FFFFFDD4
FFFFFFE5
FFFFFE89
FFFFFDD7
FFFFFE1E
000003FA
000002FC
00000402
0000002A
00000191
00000402
00000245
0000016B
0000033D
FFFFFF89
FFFFFEF1
00000365
0000031E
000001AC
FFFFFCF8
00000048
FFFFFFB4
FFFFFEA7
0000039F
FFFFFDE5
FFFFFFE6
FFFFFD38
FFFFFF55
FFFFFEA7
00000024
0000019F
FFFFFFD9
00000202
00000200
FFFFFFAD
0000020C
FFFFFF46
00000121
000005E1
000000FD
00000070
FFFFFF11
FFFFFDEF
0000007B
00000206
FFFFFFED
FFFFFE4B
FFFFFDDB
00000229
FFFFFF8C
FFFFFE1D
000000B1
FFFFFBE3
FFFFFD7C
0000029C
0000010A
000002AC
FFFFFEBD
0000016E
FFFFFE2A
FFFFFD76
000001F3
FFFFFD30
00000170
000000D9
000000BC
0000019D
FFFFFCA4
FFFFFDD6
FFFFFB82
FFFFFC69
FFFFFCD3
000000E4
0000016C
000000CB
FFFFFE91
FFFFFD98
0000019C
FFFFFDB2
00000297
00000239
FFFFFFEF
0000002F
000000F6
00000279
000001CF
0000027A
FFFFFF89
FFFFFE0F
FFFFFF18
FFFFFF51
00000202
000003D7
000004F3
00000147
00000293
FFFFFFBD
000000FC
000000CF
FFFFFFAB
0000005D
FFFFFD2F
FFFFFF98
00000236
FFFFFEAF
00000416
0000010D
00000335
0000003E
00000046
00000032
FFFFFFF3
00000125
000004D0
FFFFFDF7
00000158
000001C7
FFFFFE4A
000000F0
FFFFFEC8
FFFFFFE6
FFFFFE69
FFFFFF85
000000DB
FFFFFE73
0000018E
00000105
00000240
00000442
FFFFFCDB
0000021F
FFFFFF3F
FFFFFFE3
00000052
FFFFFF73
FFFFFB7E
0000009F
FFFFFEDF
00000002
FFFFFE00
FFFFFCA6
00000243
000001A1
000000BF
00000075
00000234
000001F8
FFFFFEE7
00000182
00000116
FFFFFBE5
FFFFFF7A
FFFFFDC7
FFFFFF77
FFFFFFAF
FFFFFFA4
0000008C
00000367
0000032F
FFFFFC6F
FFFFFC1C
000000DA
FFFFFF21
000000A1
FFFFFF6C
00000135
00000054
FFFFFE2E
000000C4
000001FD
0000027E
00000172
000003A1
0000026F
00000044
00000024
0000045A
00000196
000001A7
00000183
000003F8
FFFFFE13
000003DF
FFFFFECD
FFFFFF65
00000204
00000481
000004C3
00000406
0000033A
000003F0
00000029
FFFFFDC6
0000041E
0000006B
FFFFFFC1
FFFFFCD4
000000A2
FFFFFE35
FFFFFE53
00000150
FFFFFF1E
FFFFFF57
FFFFFB46
0000007F
000000ED
FFFFFE48
FFFFFFE5
000000CA
FFFFFFC3
FFFFFF13
0000000F
FFFFFC71
00000475
0000027E
00000066
00000455
000002A5
00000361
FFFFFF25
000002EC
0000024B
FFFFFF7F
00000503
000003D5
00000318
FFFFFE98
00000022
00000370
FFFFFFD9
FFFFFEFF
FFFFFD87
FFFFFFF0
FFFFFF3E
000001EF
00000238
00000142
0000019A
FFFFFE08
00000000
0000000C
FFFFFB38
00000027
FFFFFFEB
FFFFFD68
000000F8
FFFFFF4D
00000007
00000110
FFFFFF93
FFFFFE8B
FFFFFE2A
FFFFFFE1
FFFFFD30
000001F3
FFFFFE8B
FFFFFE8B
FFFFFDCF
00000178
00000122
0000034E
FFFFFFE2
FFFFFE77
FFFFFFF5
00000172
0000058B
0000050D
FFFFFB65
FFFFFD4B
FFFFFFC2
FFFFFBD9
FFFFFA2F
FFFFFBA6
FFFFFA23
FFFFFF6E
FFFFFF0C
FFFFFDD2
FFFFFD4F
000001FE
FFFFFF8A
FFFFFD28
00000479
FFFFFFFD
FFFFFF06
FFFFFD52
FFFFFE45
FFFFFD23
0000010F
FFFFFF74
00000314
000001A7
0000045F
000002AD
0000053F
000002EC
FFFFFDF3
00000345
FFFFFF65
FFFFFC43
FFFFFD0D
FFFFFD58
000005D2
00000591
FFFFFF2F
FFFFFC28
FFFFFC61
FFFFFBE1
FFFFFDB1
FFFFFEF0
FFFFFB36
FFFFFD45
FFFFFD41
FFFFFDD5
FFFFFF88
FFFFFF53
000003F7
00000458
FFFFFE7F
FFFFFDA0
FFFFF8DC
FFFFFD7B
0000008E
FFFFFFFD
000002DE
FFFFFDB9
FFFFFC98
FFFFFF9B
FFFFFF99
FFFFFD7F
00000242
FFFFFB16
FFFFFF21
00000335
FFFFFD0D
FFFFFF84
00000092
FFFFFFA5
00000076
FFFFFD5A
FFFFFD06
FFFFFEDA
FFFFFF73
000001A4
FFFFFEC4
FFFFFACF
000001A7
FFFFFFE8
000000AB
FFFFFE40
00000206
FFFFFF2D
00000147
000004B3
000003AF
000003A3
00000012
FFFFFF8B
FFFFFD5E
FFFFFED2
FFFFFEB5
FFFFFE7F
FFFFFE48
FFFFFD44
FFFFFD4D
FFFFFFF9
FFFFFD55
000001E4
FFFFFF50
FFFFFEA5
00000098
FFFFFE95
00000168
00000231
00000088
FFFFFF54
00000071
000002E1
0000022B
FFFFFE92
FFFFFF59
0000005D
0000019F
00000739
00000048
0000004B
FFFFFF10
000003DB
FFFFFF95
00000190
FFFFFDA0
FFFFFEE0
000000BA
00000022
000003A2
FFFFFE9E
FFFFFE39
00000408
00000088
FFFFFDBD
00000412
00000485
000002E5
00000209
00000340
000000E6
0000033F
FFFFFDB6
FFFFFDA0
000001CC
0000025F
FFFFFD6A
FFFFFC63
FFFFFE85
00000069
FFFFFC1A
FFFFFFD7
000000D2
000000DF
FFFFFF5A
FFFFFF31
FFFFFEB7
FFFFFFFE
000001D8
FFFFFD51
FFFFFE2C
FFFFFE13
FFFFFBE8
FFFFFE85
FFFFFB8E
FFFFFF69
FFFFFBA5
FFFFFE8D
000001CC
000000AC
FFFFFEC7
FFFFFE92
FFFFFE1B
0000010A
FFFFFD9A
0000002A
FFFFFBFF
00000045
FFFFFE53
0000003B
FFFFFED5
0000011A
FFFFFF14
FFFFFD23
FFFFFF3D
0000048F
FFFFFF5A
000002A4
00000164
00000129
000003A2
FFFFFEAA
000003CF
FFFFFEBF
FFFFFF11
0000039A
FFFFFEA2
FFFFFFD9
0000027C
00000672
00000315
FFFFFDBE
FFFFFCBB
00000117
FFFFFD69
000000B1
FFFFFB9F
000001AF
000001A5
000002A3
FFFFFD20
FFFFFF1C
FFFFFF86
FFFFFCDD
0000024E
0000038F
FFFFFC1B
FFFFFF33
FFFFFC37
FFFFFCDD
0000025E
00000174
FFFFFF7B
0000025B
FFFFFC5F
0000026F
FFFFFC6F
FFFFFDA5
FFFFFEFA
00000106
00000377
FFFFFFA4
FFFFFB1A
000000EC
FFFFFD9E
FFFFFFA6
FFFFFDAA
FFFFFFF4
FFFFFE34
00000248
00000205
00000271
FFFFFE85
0000018F
FFFFFECB
FFFFFF6A
0000027C
FFFFFFAB
00000179
FFFFFE73
0000037B
FFFFFF9D
FFFFFD47
000000B1
000001D6
FFFFFB4E
FFFFFECD
000001A2
000002FC
FFFFFC93
FFFFFF17
000001CB
FFFFFEF4
FFFFFD7C
FFFFFB6F
FFFFFD48
00000010
FFFFFB6B
00000009
0000006C
000000C4
FFFFFFC8
FFFFFE1F
FFFFFD98
FFFFFF91
FFFFFE20
FFFFFD0E
FFFFFFE2
00000326
00000025
FFFFFEB3
FFFFFC2A
FFFFFCC0
00000221
FFFFFFCE
FFFFFEA2
000003CA
FFFFFFCE
FFFFFE1B
000001FB
00000082
000001AF
00000083
FFFFFE81
0000004A
FFFFFDC5
FFFFFF5A
FFFFFFC6
FFFFFFAE
0000009B
FFFFFCC1
00000107
000002BA
FFFFFD9F
FFFFFD16
FFFFFE34
FFFFFE47
0000033A
FFFFFD75
FFFFFE51
FFFFFF62
0000033F
FFFFFF90
FFFFFE5D
FFFFFFBA
FFFFFF99
000002EB
00000190
00000095
FFFFFE57
FFFFFF43
00000369
FFFFFFB7
FFFFFDA6
FFFFFF85
0000013D
00000308
FFFFFD64
000002F1
00000282
000000CF
000001F5
FFFFFFA8
FFFFFFAC
000001E0
0000010C
00000182
FFFFFC65
FFFFFCF9
FFFFFD0D
0000014D
FFFFFABE
FFFFFFDF
000000EC
FFFFFD68
000001DA
000003B1
00000284
00000180
000002FE
FFFFFEE3
FFFFFC4B
00000115
FFFFF947
FFFFFFE7
000001DB
0000031E
000001C2
FFFFFC95
FFFFFC6C
00000077
0000016F
00000335
FFFFFDC7
FFFFFCA4
FFFFFF8A
0000002C
000002B1
FFFFFC0F
FFFFFE27
FFFFFB7E
00000036
0000042F
0000031A
00000268
00000037
000002BA
00000494
000001E5
FFFFFDF8
FFFFFDB5
FFFFFF6F
0000016F
FFFFFD1C
FFFFFF7F
00000048
FFFFFC40
00000009
000000BE
00000017
00000298
FFFFFDCA
00000243
FFFFFE04
0000029E
FFFFFBD4
FFFFFE7D
FFFFFDF4
0000038B
FFFFFE3B
0000016D
00000379
00000058
FFFFFE11
000000F4
00000092
0000043C
00000416
FFFFFDFD
0000016C
FFFFFCA2
00000280
FFFFFEFB
FFFFFC7D
0000016B
000002EE
FFFFFEF7
FFFFFE94
00000397
000000E3
FFFFFE24
FFFFFCD2
00000481
00000125
00000026
000003A7
FFFFFDE8
000000D5
FFFFFD50
FFFFFDEC
FFFFFD09
FFFFFD12
FFFFFF0D
00000268
000000D8
FFFFFE1B
FFFFFE3D
0000004D
FFFFFE58
FFFFFFE4
00000172
FFFFFF11
FFFFFEE2
00000381
FFFFFEB1
FFFFFE5D
FFFFFA6B
000000BD
FFFFFEC2
FFFFFFB7
FFFFFF12
FFFFFF5D
FFFFFDDF
000000FC
00000458
FFFFFDA7
00000173
000004EF
00000245
FFFFFE84
FFFFFF02
00000238
00000245
FFFFFC78
00000038
FFFFFFEF
0000002A
00000136
000003B8
0000027E
00000265
FFFFFBB8
FFFFFE52
FFFFFF2F
000002FD
000001C0
FFFFFCC2
00000235
FFFFFFD3
00000376
000001A2
FFFFFF0D
FFFFFE8C
0000020D
FFFFFF4F
FFFFFF31
00000245
FFFFFE75
FFFFFDC2
000001FD
FFFFFD87
FFFFFE4A
FFFFFDD3
0000016C
00000151
0000028A
FFFFFF55
000002A8
00000288
FFFFFFF1
FFFFFFFB
000000F6
00000006
00000022
0000023F
0000006F
000004B8
000000FA
000000D1
0000008D
FFFFFD32
FFFFFDE1
FFFFFCEF
FFFFFE89
FFFFFE0F
FFFFFF1B
FFFFFB3F
FFFFFBC4
00000290
00000069
FFFFFE24
FFFFFCF9
00000306
FFFFFFA1
FFFFFF95
00000377
FFFFFF9E
00000112
000002BA
0000046F
00000354
0000016E
00000338
00000259
000000E2
FFFFFE75
FFFFFD23
FFFFFC5B
FFFFFAD5
FFFFFDC4
FFFFFFA7
0000012D
FFFFFD15
FFFFFF38
FFFFFD22
FFFFFEB6
FFFFFCD9
FFFFFFF2
FFFFFF05
FFFFFD1D
FFFFFB58
00000186
FFFFFDE7
FFFFFD1F
FFFFFF5D
00000225
000000C4
FFFFFCE1
FFFFFE92
FFFFFEED
000002ED
0000031E
FFFFFFA4
FFFFFE1A
FFFFFF12
FFFFFF05
FFFFFFE6
FFFFFE07
FFFFFE37
FFFFFBB5
FFFFFD3A
FFFFFF2C
FFFFFDBC
00000338
FFFFFD0A
00000187
0000036B
00000000
00000198
FFFFFE16
FFFFFF8F
00000259
00000163
0000012C
0000028A
FFFFFF83
FFFFFFC5
0000037E
FFFFFE99
00000000
000000B3
FFFFFFDF
FFFFFEA8
FFFFFB28
FFFFFEAF
FFFFFE46
FFFFFF9B
FFFFFCAC
00000078
FFFFFE48
000000D9
0000004F
00000096
00000098
FFFFFD89
FFFFFEE7
00000016
000001C6
0000012A
FFFFFD5B
FFFFFE09
FFFFFAD2
FFFFFCD4
00000316
000003A8
000000E7
000001BC
FFFFFEDA
00000098
FFFFFE72
0000030C
FFFFFE28
00000429
000000D3
FFFFFF1E
FFFFFA86
FFFFFFD6
FFFFFF4A
00000152
FFFFFC43
FFFFFE53
FFFFFC66
000001CB
FFFFFE56
00000363
0000024C
FFFFFC2F
FFFFFE30
FFFFFE56
00000329
00000136
FFFFFE53
FFFFFBFE
FFFFFFF7
FFFFFEF6
00000157
00000289
000000C5
FFFFFDE0
FFFFFE25
FFFFFF73
0000004A
FFFFFC84
FFFFFD96
FFFFFF83
FFFFFE4A
FFFFFD8C
FFFFFC43
FFFFFE59
FFFFFEEA
FFFFFE27
0000031C
000003B3
000001BC
000002A6
0000042F
000000E7
0000036B
FFFFFF30
FFFFFCDF
FFFFFD97
FFFFFF1A
FFFFFE08
FFFFFFF4
FFFFFB60
FFFFFB1A
00000200
00000186
0000025F
0000032F
000002BB
0000016B
FFFFFFE8
FFFFFD2D
FFFFFE33
00000051
000002CE
FFFFFCF4
FFFFFDD3
00000154
FFFFFF9E
00000176
FFFFFFB5
FFFFFFDE
FFFFFFCB
00000417
FFFFFC70
FFFFFEAC
000001E8
00000015
FFFFFCB6
000000BB
0000008E
00000148
00000131
FFFFFDDC
FFFFFE46
FFFFFECA
000002A9
00000166
00000013
FFFFFADF
FFFFFF17
000001AA
FFFFFDFA
FFFFFCEA
0000010D
0000005F
00000010
000000E9
FFFFFE48
FFFFFD2D
FFFFFBDA
FFFFFFD3
00000113
000001D0
00000024
000003B8
000002AE
000004A1
00000261
FFFFFF4F
000003EF
00000500
FFFFFF49
FFFFFF7B
00000043
FFFFFE77
00000316
FFFFFE73
00000515
FFFFFEB5
00000012
FFFFFF09
00000374
000003A8
FFFFFE39
000001CC
FFFFFD18
FFFFFC82
FFFFFE0D
FFFFFD8A
FFFFFCB2
FFFFFF97
0000005D
FFFFFF12
000003B6
000003DE
FFFFFFBF
FFFFFCA9
00000154
000002C8
FFFFFDC2
00000104
FFFFFAC3
FFFFFB03
FFFFFBD4
FFFFFF9E
00000030
FFFFFCF3
FFFFFDEF
00000137
00000222
FFFFFEA9
FFFFFEEF
000000B0
00000406
FFFFFFC7
FFFFFFA0
00000200
FFFFFD12
FFFFFD56
FFFFFF3D
FFFFFCEC
0000018B
FFFFFE67
0000015C
00000233
00000087
FFFFFF3F
FFFFFCCD
0000045C
0000016C
00000096
FFFFFF2E
FFFFFCEF
000001B5
00000127
0000019E
00000049
FFFFFE50
FFFFFDCC
000000BD
FFFFFE41
FFFFFF35
0000023D
000002D4
FFFFFD15
FFFFFCF8
FFFFFEBB
00000134
FFFFFFD4
FFFFFCCD
000004D8
000001C7
FFFFFDC4
FFFFFE23
00000101
00000050
FFFFFEAA
FFFFFDA1
00000150
FFFFFBD2
0000007C
FFFFFCE0
FFFFFB97
00000270
00000146
00000203
FFFFFD00
FFFFFDEC
000003C1
00000066
00000285
00000026
00000233
00000339
FFFFFFAC
00000361
0000008B
000003E1
00000384
FFFFFB90
00000157
FFFFFF61
FFFFFD98
0000031D
00000065
FFFFFF9F
000001B1
FFFFFF3F
FFFFFE3A
FFFFFEE7
FFFFFD02
00000174
FFFFFCCC
FFFFFD24
FFFFFD73
00000014
FFFFFD94
00000216
FFFFFE1B
FFFFFB0D
FFFFFD8A
FFFFFF4D
FFFFFC87
FFFFFF51
FFFFFD33
000000E6
FFFFFB31
000000F9
000000D1
0000026C
FFFFFFCA
FFFFFBD9
FFFFFB80
FFFFFFFB
0000018C
FFFFFDFE
0000012A
00000068
FFFFFDFF
FFFFFD2F
00000405
0000003F
FFFFFEDF
000001A6
FFFFFF75
00000194
000001D0
FFFFFDBD
FFFFFD03
FFFFFDA9
00000250
FFFFFE59
00000022
FFFFFF70
FFFFFF90
00000086
0000016F
FFFFFFB5
000001EF
0000062D
FFFFFF7F
000003B0
FFFFFDBA
0000003B
FFFFFDA0
FFFFFCFA
000001FE
0000027F
00000293
FFFFFFB7
FFFFFF6A
000002C0
00000015
FFFFFF0E
FFFFFCF2
FFFFFD82
00000244
FFFFFF76
000003A3
000000ED
FFFFFE17
FFFFFFFE
0000034B
00000018
000002ED
FFFFFF48
FFFFFF88
FFFFFE52
FFFFFC20
FFFFFE98
00000215
FFFFFF15
0000005F
FFFFFB4B
FFFFFFBF
00000135
FFFFFC23
FFFFFDC0
FFFFFD23
00000105
000003DF
FFFFFDA2
FFFFFB54
FFFFFB45
000003A1
00000280
FFFFFCFE
FFFFFF87
0000038D
00000464
000003F2
000002C5
FFFFFE0D
FFFFFF48
0000006F
00000119
000001A0
00000007
FFFFFF13
FFFFFE85
0000006E
FFFFFF9B
FFFFFE49
FFFFFDB1
00000237
FFFFFE87
00000391
FFFFFFD7
FFFFFDD2
FFFFFF45
00000221
00000410
0000003F
FFFFFE34
000000D7
0000015C
00000252
00000168
FFFFFCEA
FFFFFFBC
000006EE
000002BE
FFFFFD71
FFFFFE85
FFFFFD07
00000030
FFFFFFC9
00000201
FFFFFEC5
00000108
FFFFFFC8
FFFFFEC5
0000035D
0000038A
FFFFFCBB
00000236
FFFFFFE4
00000177
FFFFFE33
FFFFFD31
00000008
FFFFFDCD
FFFFFF99
FFFFFCCD
00000067
FFFFFDDA
00000067
0000010C
00000138
FFFFFD0E
FFFFFD44
00000014
FFFFFE64
0000010E
FFFFFD32
FFFFFC4D
FFFFFEE0
000002BE
FFFFFA21
FFFFFE37
00000097
FFFFFDAC
000001A7
0000002A
FFFFFE09
00000038
00000159
FFFFFB9C
FFFFFF4E
FFFFFE4C
FFFFFDF0
0000006E
FFFFFC63
FFFFFDD7
FFFFFB93
00000261
000000E2
000002CD
000002CD
FFFFFF73
0000026D
FFFFFD80
FFFFFF9F
0000041C
FFFFFE66
FFFFFECA
FFFFFE1D
FFFFFFD7
000000EC
0000000A
00000012
00000024
00000422
FFFFFF0F
0000012B
FFFFFEB2
FFFFFF27
00000019
00000053
0000003E
00000374
00000094
FFFFFFC1
0000050D
000006FB
FFFFFF6B
FFFFFFEB
FFFFFDD6
FFFFFFF5
000000C4
000007B4
FFFFFFDD
00000024
00000482
FFFFFF16
FFFFFD8C
000002DE
000003D5
00000177
000001D6
00000182
00000020
FFFFFD5D
FFFFFC09
0000029B
00000343
FFFFFC6B
FFFFFE0F
FFFFFF82
FFFFFFF9
FFFFFFD1
0000019B
00000299
000003A5
FFFFFE0A
0000009A
000000A5
000003F0
FFFFFF09
00000231
0000032F
00000383
00000358
FFFFFD75
000000A5
00000013
00000005
000002F6
000002A5
00000217
00000288
FFFFFE20
FFFFFF8C
FFFFFE55
000002D1
0000015C
FFFFFCB1
00000164
0000027A
FFFFFF07
0000026F
000000A2
FFFFFF83
0000018A
000001D1
FFFFFFCF
FFFFFE75
FFFFFFA7
00000187
FFFFFF9F
00000211
000002E8
00000025
000001FA
000003BB
FFFFFDAB
FFFFFF4B
00000006
00000266
000001C6
FFFFFF16
FFFFFEB7
FFFFFEE5
00000112
FFFFFF97
0000050B
000001A4
FFFFFEB4
00000243
FFFFFEDD
FFFFFFDC
0000014E
000001F3
FFFFFD34
FFFFFDCE
FFFFFE68
000000A4
FFFFFDFE
FFFFFF5C
0000003D
00000128
FFFFFC72
FFFFFE3A
FFFFFB0A
000001C3
FFFFFF14
FFFFFF5D
00000028
00000536
FFFFFD70
000000FA
FFFFFF95
FFFFFE96
00000177
000001C5
FFFFFEA6
000002C1
00000516
000000A2
FFFFFEC3
00000439
000000BC
0000017B
FFFFFED7
00000015
0000010D
00000254
000001D7
FFFFFD40
FFFFFDD0
00000125
FFFFFDE5
000000F6
FFFFFD65
00000146
FFFFFF11
FFFFFBD3
000002FE
FFFFFD9A
00000048
FFFFFDA5
FFFFFB57
00000018
0000013A
0000000B
0000007B
0000029D
FFFFFFB2
FFFFFCD0
0000000C
00000432
000002D9
0000002A
0000004C
000000F2
FFFFFD68
FFFFFF67
FFFFFAD4
0000004C
FFFFFE9A
FFFFFED5
FFFFFE5F
FFFFFEEA
FFFFFEA8
FFFFFEB7
00000251
FFFFFF4D
FFFFFE5F
FFFFFDD4
FFFFFB02
00000293
0000008F
00000278
FFFFFF84
FFFFFE41
000000B6
00000127
000002F3
0000022B
00000143
0000023D
00000124
000000E2
000000DF
000000BC
000001CF
FFFFFEC0
FFFFFFED
FFFFFE3B
FFFFFE86
000002DC
00000108
FFFFFDA5
FFFFFE8D
0000030F
FFFFFF02
0000015D
FFFFFF77
00000155
0000017D
FFFFFD27
000001E0
0000031C
00000169
FFFFFFE8
00000109
000003DA
000001D2
0000031B
0000033A
0000054C
000000C4
FFFFFFBD
0000006B
FFFFFFCE
FFFFFF85
000004B1
000005D1
FFFFFFAF
00000258
000000B0
000001E7
FFFFFF1C
FFFFFC05
0000034F
0000016E
0000036A
000002CD
FFFFFC18
00000099
FFFFFE72
FFFFFF24
0000006D
0000021A
000000F8
0000026F
0000001B
FFFFFDF8
00000252
000003BC
000003E6
000000A7
0000026E
00000122
000004DE
00000111
0000028D
00000171
FFFFFDE1
00000091
000001F4
00000286
00000003
000002EC
000001A9
FFFFFBD7
FFFFFD44
00000182
FFFFFD43
00000080
000001C1
FFFFFF05
FFFFFC1A
FFFFFF86
000000D0
00000160
000003CF
FFFFFE92
FFFFFF8E
FFFFFF59
FFFFFEE4
000001D5
FFFFFC1E
000000BE
000001DA
FFFFFEFC
FFFFFBF2
FFFFFA1A
000001BD
0000012F
00000125
FFFFFD84
FFFFFCED
FFFFFFDD
FFFFFC22
FFFFFA38
FFFFFC5B
FFFFFDC0
FFFFFDFB
0000030E
FFFFFC32
FFFFFD72
0000008C
0000032F
FFFFFE0F
0000001B
FFFFFEE4
000001E2
00000234
00000173
FFFFFCC2
FFFFFBED
FFFFFCE7
000000A4
000002B0
FFFFFD0F
FFFFFBB8
FFFFFE73
00000171
00000028
0000031F
00000098
00000062
FFFFFE54
000001D1
00000047
FFFFFE53
FFFFFF97
FFFFFE3D
FFFFFEC9
FFFFFF30
000001ED
FFFFFD56
FFFFFE96
FFFFFF7D
000001D3
FFFFFE7E
FFFFFDCA
FFFFFE99
FFFFFD04
00000434
FFFFFCED
0000014A
FFFFFF8A
000002DB
00000248
00000269
FFFFFFEC
0000054F
00000082
00000066
000001A5
00000523
0000008D
FFFFFDCE
FFFFFF6F
FFFFFEDD
000001BF
FFFFFF9E
FFFFFCE9
000002AB
000002D3
0000014D
FFFFFFB1
0000030F
000002FE
FFFFFCC6
000002D5
FFFFFF9F
FFFFFDE1
00000204
FFFFFBE7
FFFFFFA8
000000B7
0000044B
00000107
000001C9
FFFFFF94
00000320
000002C8
FFFFFDA8
0000031B
00000231
FFFFFE43
000002A1
FFFFFECF
FFFFFDE0
FFFFFD15
FFFFFE63
00000185
00000304
FFFFFFCB
FFFFFF1B
00000098
FFFFFF70
FFFFFE7B
FFFFFB6A
FFFFFF9E
FFFFFFC1
FFFFFD62
00000174
FFFFFBEB
FFFFFF72
FFFFFC16
FFFFFE5D
000001CD
00000104
00000253
00000081
000004D8
0000024A
FFFFFFF7
000004C2
FFFFFD2F
000002E0
000002AD
00000079
FFFFFE14
FFFFFF48
0000012B
000002A0
00000017
00000176
FFFFFE9A
000000FA
0000031C
FFFFFF7B
00000290
FFFFFCC7
FFFFFF19
0000022B
FFFFFEDB
000002BA
00000365
FFFFFF5E
FFFFFBF5
FFFFFF59
00000170
0000007E
FFFFFF36
FFFFFC0D
FFFFFDCD
FFFFFD92
0000009F
FFFFFD44
FFFFFFA0
FFFFFC6A
0000026A
000000DB
FFFFFFEF
FFFFFE8D
FFFFF9BC
0000000D
000000C7
00000203
000000E9
FFFFFD29
FFFFFF9D
FFFFFFBE
FFFFFDAB
FFFFFCCB
FFFFFC05
0000006A
00000009
FFFFFCB2
0000000C
000000C7
FFFFFFE9
000000FF
00000142
000000C0
0000026D
FFFFFC9A
000000FD
FFFFFFEE
FFFFFEA2
0000025B
FFFFFCAE
00000111
FFFFFDEA
FFFFFCF6
FFFFFF0E
FFFFFA91
FFFFFC48
00000187
FFFFFE4D
FFFFFB5C
FFFFFE26
FFFFFB5E
FFFFFBC8
000001F6
0000032A
000001BC
000000A2
FFFFFF5D
FFFFFEC6
FFFFFEAE
00000014
00000236
000000CF
00000270
000001D3
000002E8
FFFFFCD4
0000023E
00000141
000003FB
000001C1
FFFFFD85
00000071
FFFFFEB2
FFFFFF01
FFFFFFD5
00000076
FFFFFFFC
000000D7
00000139
FFFFFD58
FFFFFECA
FFFFFDF4
0000038D
000000A1
FFFFFD9B
0000035A
FFFFFED8
000000E5
FFFFFDF3
FFFFFEC2
00000153
000003C0
FFFFFE7C
000000FB
000001D5
FFFFFEC3
FFFFFFB9
0000007B
FFFFFDEB
00000338
000001EC
FFFFFF18
0000014A
000000AD
000004A5
00000376
FFFFFED6
0000005E
00000212
00000342
FFFFFFA1
00000126
FFFFFDF2
FFFFFAC2
000001FB
0000019C
000001F1
00000381
00000174
FFFFFF8A
00000035
FFFFFFC6
FFFFFFFB
FFFFFFA6
00000485
0000013B
00000316
00000268
00000292
00000027
0000037A
000004D0
FFFFFC95
FFFFFDE4
000001E1
FFFFFE1B
FFFFFCCA
FFFFFF00
0000008A
FFFFFFE7
00000049
00000214
000000C0
FFFFFF9F
FFFFFE15
00000011
00000004
FFFFFE00
FFFFFE82
FFFFFB6E
000001A4
00000463
FFFFFFAD
FFFFFF6E
FFFFFCE2
FFFFFF58
000002FE
FFFFFDC4
00000090
0000046A
FFFFFDE7
00000389
00000032
000001E2
FFFFFFAC
00000119
000003BE
000004A7
FFFFFF7D
FFFFFF09
FFFFFFC6
000002E0
FFFFFFB9
FFFFFDA9
000000C1
FFFFFECB
00000258
000000DB
000000D8
FFFFFB29
FFFFFA02
FFFFFCCA
FFFFFAFE
00000179
FFFFFF11
000001D0
000003AC
00000618
00000566
0000047C
00000450
000002CC
00000030
FFFFFF96
00000418
000002CF
FFFFFEED
00000325
FFFFFC80
FFFFFF99
FFFFFC58
FFFFFF9A
FFFFFED9
FFFFFF82
FFFFFFA4
FFFFFC40
00000086
000001F3
0000059B
000001F1
FFFFFD12
FFFFFFE5
FFFFFDDF
FFFFFFD6
000001FA
0000009E
0000017D
00000500
00000236
0000007B
FFFFFDD9
000001DA
FFFFFF69
000003F4
0000010C
000001FA
FFFFFB8D
FFFFFF28
00000408
000000D3
FFFFFE2B
FFFFFE81
FFFFFC56
0000032E
000000EB
000001F5
FFFFFF2F
FFFFFD48
00000332
FFFFFFF2
0000016F
000000BB
FFFFFD54
FFFFFCFD
FFFFFFA6
0000026E
000001C7
0000026B
000001B9
000001DA
00000143
FFFFFECD
00000516
FFFFFF9A
0000031F
FFFFFE9E
00000318
FFFFFAB2
FFFFFDB8
FFFFFD5A
FFFFFCB8
000002A9
000001E9
000002B1
0000016E
00000212
0000029F
0000030F
0000021C
FFFFFE18
FFFFFEAD
FFFFFF14
FFFFFEBA
FFFFFE4B
FFFFFFBA
FFFFFF2A
00000096
0000000B
0000032F
000004C6
00000072
00000657
000002CA
000004A0
FFFFFF59
000003C7
FFFFFF50
000002A7
FFFFFB44
0000018B
FFFFFF74
000004B3
FFFFFD16
FFFFFF63
00000352
000001E7
0000051D
0000006C
FFFFFE93
000003B1
00000271
00000278
FFFFFDBA
0000013C
FFFFFF71
FFFFFFA9
FFFFFDE9
0000007E
0000011E
FFFFFCE3
0000016C
FFFFFE09
00000481
FFFFFE3F
0000025D
00000586
FFFFFFA4
00000395
FFFFFFE7
FFFFFEC5
000002AD
00000348
FFFFFEA6
00000063
FFFFFFE9
000001E8
FFFFFD6A
0000001B
000002D9
00000068
000002BB
0000022E
0000018A
0000017A
00000066
FFFFFE29
FFFFFFE4
000002BF
0000023B
FFFFFF39
FFFFFE56
0000029C
FFFFFD25
0000009C
FFFFFDC3
FFFFFFA9
000000D5
00000279
FFFFFB49
0000029E
FFFFFD02
FFFFFE46
FFFFFE20
0000012E
00000288
FFFFFD6B
000000B5
000000B7
FFFFFF5B
FFFFFD5E
FFFFFC3E
FFFFFF2A
FFFFFB6C
FFFFFCF5
000000F2
FFFFFD88
00000259
000000AC
000000B0
0000003E
FFFFFFE7
FFFFFE90
0000004C
FFFFFEF3
000003A4
FFFFFF9A
FFFFFE0E
FFFFFD1B
FFFFFD82
FFFFFE2B
FFFFFE61
0000001F
FFFFFFD1
000000BC
FFFFFE67
FFFFFF57
FFFFFEB3
000004B3
00000137
FFFFFEF5
FFFFFFFE
FFFFFF5F
FFFFFE79
FFFFFF99
000000C0
FFFFFD4F
00000035
FFFFFFBD
FFFFFFE7
00000031
FFFFFF3F
FFFFFF41
000000D7
FFFFFE33
00000258
FFFFFEDB
FFFFFD84
000000CD
00000015
FFFFFDA0
FFFFFE9F
FFFFFEDF
FFFFFE41
FFFFFD43
00000257
000000D1
00000005
FFFFFF25
FFFFFF18
FFFFFD97
000000B6
FFFFFDD0
000001F9
FFFFFFA7
00000566
000000F9
FFFFFECE
000002DB
000004F7
FFFFFFAD
FFFFFD4B
FFFFFE23
000001E3
00000153
00000239
0000000E
FFFFFE34
000000ED
00000272
FFFFFF00
0000011B
0000019B
000006E5
00000261
FFFFFEB9
000003C0
FFFFFEDB
000001A0
000003E2
00000105
000002EC
00000126
0000038C
FFFFFF3A
00000185
000000BB
00000001
00000038
FFFFFD50
FFFFFC50
000000B3
0000033F
FFFFFC78
000000F9
00000307
FFFFFDA8
FFFFFF79
000003D6
FFFFFD1E
0000042B
FFFFFEB0
FFFFFE65
00000287
00000442
000000B1
FFFFFF16
FFFFFD09
0000009C
000001C1
0000018F
000000CA
00000102
0000008F
FFFFFAEB
FFFFFF24
0000010D
00000074
FFFFFB6B
000001A4
000000D3
FFFFFEE0
FFFFFC9B
FFFFFE3D
FFFFFD21
FFFFFC53
00000024
FFFFFF63
FFFFFB87
FFFFFE1C
0000024B
000000BC
FFFFFF43
FFFFFEF7
000000D8
000000FA
0000002D
FFFFFF01
FFFFFB98
FFFFFBE8
FFFFFD05
000001EB
0000004B
00000453
0000022C
FFFFFD72
00000154
000001BF
0000005E
FFFFFD26
FFFFFEB1
FFFFFD09
FFFFFDD8
000002A7
0000078B
FFFFFEA9
FFFFFE72
00000232
FFFFFFCB
FFFFFF7D
FFFFFCCA
0000006C
000001F8
FFFFFE5A
00000403
FFFFFD9D
FFFFFD16
FFFFFDB3
FFFFFFD6
FFFFFFBF
FFFFFB17
000002CC
00000104
FFFFFDD6
FFFFFE47
000000EB
FFFFFDC3
FFFFFF9D
FFFFFFF5
FFFFFEA5
FFFFFCAE
FFFFFD72
FFFFFF54
FFFFFEEF
000003A1
000001AD
000001AE
FFFFFF29
0000012F
FFFFFF53
00000345
FFFFFFFA
FFFFFEF4
0000027C
000003FA
000001AB
000001AB
FFFFFE69
FFFFFEF5
00000173
000001E6
0000026B
000004C1
00000363
FFFFFF3B
FFFFFCB5
FFFFFF59
FFFFFE34
0000018E
FFFFFD2B
00000377
000002A1
FFFFFE07
0000001C
00000237
FFFFFEE5
FFFFFC55
FFFFFC2C
FFFFFE3F
0000024A
000000CB
FFFFFF37
000002EB
FFFFFCD9
00000391
FFFFFE87
FFFFFE47
0000025B
00000269
FFFFFF60
FFFFFE92
0000011F
00000098
00000209
FFFFFE05
FFFFFFAF
0000020B
FFFFFEEF
FFFFFF0C
0000016D
00000163
FFFFFE0C
0000027A
00000108
00000080
00000053
0000034F
00000047
000000C9
FFFFFEDE
0000044F
FFFFFE49
000001A2
00000618
0000032B
FFFFFDB3
000002D6
000000F7
FFFFFCC6
FFFFFB81
FFFFFF93
FFFFFFF2
FFFFFE37
FFFFFB14
FFFFFF5F
FFFFFDE0
FFFFFEB3
000004BA
000000A5
0000015A
00000177
00000487
0000008B
000004A9
00000284
00000766
FFFFFE05
FFFFFEE5
FFFFFF30
FFFFFEC9
000003AF
FFFFFAC9
FFFFFFC6
FFFFFE57
000000F9
0000009A
00000135
0000001E
000000A2
FFFFFEDB
FFFFFE76
FFFFFF2A
FFFFFE35
FFFFFE5F
00000189
000000A4
0000042D
000001FA
000002E6
00000133
FFFFFD56
FFFFFDAD
00000314
00000011
FFFFFDA6
00000167
00000444
000001F0
0000041C
FFFFFE1F
000000F8
00000364
00000211
00000318
00000091
FFFFFDBF
FFFFFB95
00000291
FFFFFEF6
FFFFFB7B
FFFFFCA4
FFFFFC96
FFFFFD6C
FFFFFBF0
FFFFFE11
FFFFFD8B
000000E0
FFFFFC5B
FFFFFE10
FFFFFF08
FFFFFED6
FFFFFB6D
FFFFFC2E
00000086
000001D0
00000052
00000203
0000028C
00000119
FFFFFA39
FFFFFB59
FFFFFBD8
FFFFFC67
0000036B
FFFFFC95
00000049
0000019F
00000001
FFFFFFCC
00000018
00000232
000003E9
FFFFFFAE
FFFFFEAD
FFFFFEC7
000003AD
FFFFFC6F
FFFFFFDB
000002B2
00000084
000000E4
FFFFFD90
00000188
000000E5
00000316
0000067F
000005E9
FFFFFE25
0000025D
FFFFFEA0
00000036
FFFFFCB9
FFFFFECD
FFFFFD60
0000000E
FFFFFCBD
FFFFFD47
FFFFFFD8
FFFFFC77
FFFFFD4A
FFFFFBCF
FFFFFC2D
FFFFFE62
000000AE
00000349
000002C2
FFFFFF97
0000015E
00000411
FFFFFB25
FFFFFEC8
FFFFFFF8
000001A5
FFFFFF7C
FFFFFF88
FFFFFE92
FFFFFFFC
00000150
FFFFFD14
FFFFFE08
00000201
000000E9
00000020
FFFFFE58
FFFFFE50
FFFFFFAD
FFFFFF19
FFFFFC9B
0000027C
000003A9
0000033F
00000164
0000048C
000001DA
00000330
FFFFFB6A
FFFFFF0A
0000006E
FFFFFEC6
00000216
FFFFFE68
FFFFFF7F
0000004F
0000013C
FFFFFE6E
FFFFFD71
000002DA
FFFFFD83
000001EC
FFFFFE03
FFFFFB26
FFFFFF99
FFFFFD1F
FFFFFFB9
FFFFFCE2
FFFFFE6B
00000113
FFFFFBFB
0000022A
000001EF
000003D1
FFFFFEEC
FFFFFD59
00000042
FFFFFD4F
FFFFFE91
FFFFFFC1
0000005B
FFFFFEC2
00000047
000000A1
FFFFFF47
000000A6
FFFFFCD2
FFFFFA45
FFFFFBAF
000001A4
FFFFFD77
FFFFFFE3
FFFFFC57
000000EB
000000BC
FFFFFDE5
FFFFFFD0
FFFFFFE6
FFFFFFE2
00000232
000003EA
00000147
0000025A
FFFFFF05
0000001F
000003CA
000000A7
00000235
00000055
FFFFFEF3
FFFFFEB5
FFFFFC0A
FFFFFAC0
FFFFFF33
00000393
000002E1
0000026E
FFFFFD3C
000000E9
FFFFFF6C
FFFFFDAD
000000CB
00000087
FFFFFDD8
000000FF
FFFFFC72
0000009C
FFFFFD0E
0000047F
000005B1
00000060
FFFFFE43
000002F3
FFFFFDCF
FFFFFF6F
0000032C
00000179
FFFFFDD3
FFFFFEF2
000003C7
FFFFFE9B
000004B8
00000212
FFFFFD77
0000038C
00000349
00000108
FFFFFF3E
FFFFFE4E
FFFFFE2E
000002AE
000000A8
000000BC
000002C1
FFFFFE9A
000002C1
FFFFFE02
FFFFFF3B
FFFFFD5C
FFFFFE6B
000004C8
FFFFFFE4
FFFFFC62
FFFFFDAD
000003FD
000000CE
FFFFFFC8
00000353
0000004D
FFFFFD4A
FFFFFFA7
00000132
FFFFFDA6
000003C9
FFFFFE1E
000000C5
FFFFFC3F
FFFFFFF8
FFFFFF5B
FFFFFED5
00000144
000001FF
FFFFFDDD
FFFFFF40
FFFFFBC6
FFFFFD41
00000469
0000006B
0000018D
00000160
FFFFFFEB
00000051
FFFFFE09
000001E0
000001C1
FFFFFF29
00000275
FFFFF969
FFFFFF64
FFFFFD9D
FFFFFF25
FFFFFFA3
FFFFFDF7
FFFFFBB7
0000016E
00000371
000000E8
000001D6
00000029
0000041E
00000360
0000001C
000000BF
0000065A
00000064
FFFFFF5F
000001AE
00000449
00000441
00000041
000002A4
FFFFFF4C
00000305
000001D7
FFFFFED4
00000144
00000005
FFFFFDA3
FFFFFCF0
FFFFFED2
000002B7
0000043F
0000019C
00000065
00000147
FFFFFDD4
FFFFFFB2
FFFFFD2A
000000B2
0000013E
FFFFFFCB
0000024F
00000284
FFFFFD9A
FFFFFEA8
000002B9
FFFFFE87
FFFFFF6D
FFFFFFE9
FFFFFEAD
FFFFFC03
FFFFFCB1
FFFFFDBE
FFFFFE0A
FFFFFEBB
FFFFFBA0
00000284
000002A2
FFFFFF20
00000069
FFFFFD03
0000039D
000002A4
FFFFFF09
FFFFFA35
FFFFFF49
0000032F
00000193
000000F6
FFFFFE38
000003B4
00000293
FFFFFE5A
FFFFFC95
FFFFFE65
FFFFFE32
00000074
00000411
FFFFFDEA
FFFFFE45
000000D9
00000190
FFFFFD6E
FFFFFEEA
FFFFFDA3
FFFFFDE8
00000030
FFFFFCF9
FFFFFD41
00000113
FFFFFF18
00000294
FFFFFF58
000000FF
FFFFFF2D
FFFFFE33
FFFFFD8A
FFFFFEDF
FFFFFE2E
00000265
00000297
FFFFFCE0
FFFFFB82
FFFFFBB4
FFFFFD8F
FFFFFE3B
000004CC
000000ED
FFFFFE14
FFFFFB85
0000013E
00000316
00000281
FFFFFF88
FFFFFE49
000001F0
FFFFFF08
000002B7
FFFFFE69
0000028C
FFFFFF85
00000285
0000028E
FFFFFEED
FFFFFE7F
FFFFFF1A
00000071
00000417
0000042F
FFFFFE84
FFFFFC87
0000002B
000000C0
FFFFFF7B
000002CF
0000016E
0000015E
FFFFFEA6
FFFFFF55
FFFFFDAA
FFFFFE8F
000003C3
0000028F
000002A5
FFFFFFE1
00000080
FFFFFEF7
000000F8
00000084
FFFFFCF2
000000DB
FFFFFEFA
FFFFFBD2
FFFFFDAA
00000266
FFFFFE90
FFFFFB25
00000258
FFFFFEA2
FFFFFD51
000000D6
00000194
0000008F
FFFFFC76
FFFFFC1D
00000119
00000080
FFFFFD91
000003E4
FFFFFF2F
FFFFFF3C
FFFFFE45
00000353
000003F7
FFFFFEEA
00000395
FFFFFDF5
0000038E
00000210
FFFFFF71
FFFFFBE8
FFFFFAF4
FFFFFAB0
000000E5
000000B6
00000006
FFFFFAA7
000000B1
0000019A
00000263
FFFFFE4D
FFFFFF0B
FFFFFCD9
FFFFFC9B
FFFFFF59
FFFFFE68
FFFFFB57
FFFFFF06
0000000B
00000083
FFFFFBDC
FFFFFDAE
000003C8
000002F9
0000013A
FFFFFD46
00000452
0000011D
FFFFFD5D
FFFFFDDB
000001FF
000002A2
00000344
0000022B
000000C3
0000016C
00000628
00000400
000003F5
FFFFFFD1
000000B4
FFFFFFDE
000001C9
FFFFFD6E
FFFFFEF0
0000024A
FFFFFFAA
000000E3
00000262
FFFFFD98
FFFFFD9E
FFFFFD0E
FFFFFDA5
00000358
00000016
00000150
FFFFFF0C
0000020E
00000036
0000048D
FFFFFA3F
00000073
FFFFFEBC
0000001A
0000016F
000001B7
FFFFFDEB
FFFFFBCB
00000174
0000014F
000000E2
FFFFFF16
FFFFFF7F
00000204
0000020E
0000010C
FFFFFDA4
FFFFFE45
FFFFFE35
0000026E
FFFFFED1
FFFFFB8A
FFFFFF98
FFFFFC12
00000271
FFFFFD2B
FFFFFB00
FFFFFE8C
0000041F
FFFFFFBC
000001B1
FFFFFE12
FFFFFD96
00000118
00000204
00000188
FFFFFCDB
000004B4
0000019F
00000641
FFFFFCE7
FFFFFFE2
FFFFFD7B
000004A0
0000038F
0000018A
0000039E
FFFFFDA7
00000110
00000101
00000203
FFFFFEBB
000000BB
0000011C
FFFFFDAE
FFFFFE9C
FFFFFDC3
FFFFFF18
FFFFFE8F
000001AD
FFFFFCF5
FFFFFF38
000002B7
FFFFFD48
000002C2
000000F7
FFFFFF21
00000050
0000006D
FFFFFBEC
FFFFFE22
000002A6
FFFFFFD3
FFFFFF1B
000002CD
000000AC
FFFFFEC1
000002F9
0000000C
FFFFFEF0
FFFFFFB8
000000CA
0000004A
FFFFFF14
FFFFFFAA
00000187
000003CD
FFFFFBFF
00000039
FFFFFE41
00000470
00000071
000003F3
FFFFFF82
000002EB
000002D1
FFFFFC6A
FFFFFF1E
00000294
FFFFFEDF
000001FE
00000108
00000356
0000007D
FFFFFE88
00000381
000004F3
000004B5
FFFFFBD1
000002BE
000001B2
FFFFFE45
00000062
FFFFFFF1
000001F8
0000005C
FFFFFD5C
000005EA
FFFFFC68
FFFFFE8E
FFFFFC7C
00000330
FFFFFE46
FFFFFF74
FFFFFDCD
000002DF
000001A4
FFFFFEED
FFFFFEBE
0000034A
FFFFFBC8
FFFFFE14
00000050
00000218
00000068
000001D4
00000211
FFFFFFB8
00000108
FFFFFF48
FFFFFDD1
FFFFFFA4
0000011B
00000519
00000067
000003F8
FFFFFD1E
FFFFFC69
FFFFFD1D
FFFFFF96
000000AE
FFFFFC1B
FFFFFE20
000001BA
FFFFFEEC
FFFFFD2F
0000032B
000001E6
00000208
000002F6
000002B4
0000056D
FFFFFF76
00000124
FFFFFE6A
00000115
000001A0
000000B1
FFFFFFE4
00000000
000001DE
FFFFFCCD
FFFFFB51
FFFFFF52
000000B5
FFFFFCE6
FFFFFCE6
FFFFFDF3
00000033
FFFFFBEE
FFFFFEEC
FFFFFEA8
FFFFFD38
FFFFFDE0
000003CA
FFFFFD74
FFFFFD57
FFFFFCF7
FFFFFC06
00000126
00000249
000000A0
FFFFFEEC
00000524
000002D3
00000350
FFFFFE30
FFFFFC6A
FFFFFFD0
FFFFFD4C
000002A9
FFFFFCB2
FFFFFDEE
FFFFFCD2
FFFFFED7
FFFFFC90
FFFFFCF3
FFFFFFC0
FFFFFF24
FFFFFDEF
FFFFFEB1
00000010
00000052
FFFFFECB
000002AA
000002B5
FFFFFBC1
00000089
FFFFFF93
0000015D
00000033
0000015C
000003B4
000000AA
FFFFFFE9
0000006A
000000AF
FFFFFC5E
FFFFFF5D
0000001B
FFFFFE69
FFFFFCC1
00000058
FFFFFF47
FFFFFC01
FFFFFFAA
FFFFFDBC
0000022A
00000054
000001A0
0000011A
0000010B
0000038B
00000478
FFFFFFC0
FFFFFC0F
FFFFFCED
00000342
0000036C
00000089
FFFFFE52
0000025D
FFFFFC64
FFFFFE42
0000028E
0000018C
0000008A
FFFFFD71
000003D9
00000378
0000028C
00000419
FFFFFDFE
000000F4
FFFFFD23
FFFFFC2A
FFFFFE1B
FFFFFF3E
FFFFFDE3
FFFFFC95
0000023F
00000143
00000416
FFFFFF92
FFFFFDD2
FFFFFCC5
0000003E
000001C5
FFFFFEEB
00000207
000001AF
FFFFFB9B
FFFFFBA1
00000201
FFFFFD96
0000014F
FFFFFE7B
FFFFFDED
000004A2
FFFFFF6E
FFFFFE28
FFFFFE97
0000022F
000004AA
00000069
000003EF
FFFFFD06
FFFFFCE6
FFFFFF64
FFFFFE1A
0000004B
FFFFFE72
FFFFFBCB
FFFFFF41
FFFFFC6A
FFFFFCCD
0000014D
FFFFFEF9
FFFFFDE1
00000029
000000E5
00000384
0000003A
FFFFFE8A
000001CD
FFFFFE2D
FFFFFB35
FFFFFCA3
0000005B
000002AA
0000007E
FFFFFC81
FFFFFA5B
FFFFFD2F
FFFFFC26
000001E8
FFFFFE6C
000001C3
0000021C
FFFFFEB7
FFFFFFF0
FFFFFD53
00000241
0000013D
FFFFFB4D
FFFFFC1E
FFFFF996
FFFFFB34
FFFFFBA0
FFFFFFB0
000000E0
FFFFFC3D
0000003B
000001B1
FFFFFF3F
FFFFFE50
FFFFFFCB
0000028B
FFFFFF08
FFFFFD29
0000015D
FFFFFDDD
0000017F
FFFFFDE2
FFFFFEF7
FFFFFF26
FFFFFC8C
0000000E
FFFFFFAD
FFFFFE25
0000023C
FFFFFD8E
FFFFFFA7
000002C3
000003C8
00000253
FFFFFE29
FFFFFFB2
0000015E
00000185
00000245
000002A4
FFFFFFF4
FFFFFDC1
FFFFFEE8
00000166
FFFFFFFB
00000349
FFFFFF4D
FFFFFEAF
00000097
FFFFFC0E
FFFFFB17
FFFFFF27
FFFFFDF0
FFFFFB33
FFFFFBDD
00000028
00000127
000002F6
FFFFFF03
FFFFFFC4
FFFFFD4D
00000192
0000036D
00000338
0000045A
00000319
000000BF
FFFFFEC9
00000317
000004A2
FFFFFEB7
000000E8
FFFFFFEC
0000062C
000005FD
00000544
FFFFFEEF
00000089
FFFFFF9F
FFFFFEBC
FFFFFDB4
00000011
FFFFFCB3
0000001E
FFFFFCDB
FFFFFE8F
000000F9
FFFFFDCA
FFFFFFA5
FFFFFC70
FFFFFD9B
0000013D
000001AE
FFFFFEE7
0000035E
000001B8
0000014E
FFFFFEE9
000002B9
000004A8
FFFFFCF0
FFFFFD04
0000028C
0000039C
000002E2
FFFFFE95
FFFFFD6A
FFFFFF01
FFFFFD98
0000023B
000002A9
FFFFFD09
000001A5
00000435
0000023D
FFFFFDBC
FFFFFD5C
FFFFFE80
00000378
FFFFFF11
FFFFFF13
0000051A
000002EB
000001AA
0000019A
000002DC
000004A0
FFFFFE58
00000076
0000009A
FFFFFFA8
00000255
00000282
0000008A
000003A9
FFFFFD02
000004B4
000003B7
000004BB
000002F1
00000175
000004FD
000000F5
00000370
000005AF
FFFFFBD2
FFFFFFC3
FFFFFDCD
0000018F
FFFFFEAF
FFFFFB02
FFFFFD05
00000037
FFFFFA91
0000033E
00000311
0000047A
00000336
FFFFFC43
0000014C
000002D1
00000040
00000087
FFFFFD68
FFFFF9F0
FFFFFBB5
FFFFFCBB
000000E2
FFFFFBF1
FFFFFC1A
FFFFFE37
00000028
FFFFFFE1
FFFFFCF1
00000209
0000046B
FFFFFC76
FFFFFF6D
FFFFFFC3
00000295
000000BB
FFFFFDCC
FFFFFC90
FFFFFC9C
FFFFFE8C
0000044A
FFFFFC83
FFFFFC22
0000010D
0000008F
00000304
FFFFFEEA
0000005A
FFFFFD57
FFFFFBB7
FFFFFE69
FFFFFF4C
00000187
FFFFFD40
FFFFFE9C
000001A4
0000035C
0000047E
00000404
000000A7
000003B3
00000053
00000226
FFFFFD37
FFFFFDDC
00000085
00000162
FFFFFD86
0000038C
FFFFFEE5
000002A1
FFFFFD01
FFFFFE69
000001F1
000000F4
FFFFFF3E
000002A0
00000086
0000031D
FFFFFD0E
0000031C
FFFFFE78
FFFFFE11
00000466
00000384
00000310
FFFFFC3A
FFFFFEEB
FFFFFFFB
FFFFFD87
0000026E
00000006
0000022C
FFFFFCCC
FFFFFF8C
FFFFFFB2
0000029C
FFFFFF44
FFFFFD28
00000087
00000120
FFFFFF45
FFFFFCA0
FFFFFF71
FFFFFAA0
0000006D
00000237
FFFFFAAD
FFFFFDC8
FFFFFF50
FFFFFE23
FFFFFDD3
FFFFFF61
FFFFFCD1
FFFFFEC0
00000053
FFFFFF14
00000146
0000019C
FFFFFE42
FFFFFEA6
FFFFFF04
FFFFFEAF
000000F5
FFFFFEF3
0000009E
FFFFFEA6
FFFFFB1A
FFFFFECC
00000047
00000153
FFFFFE23
FFFFFF69
FFFFFF72
FFFFFF61
FFFFFE18
00000190
FFFFFED7
FFFFF869
FFFFFD83
00000075
FFFFFAEC
FFFFFEE5
FFFFFB8E
FFFFFD0F
FFFFFEC2
FFFFFF17
000001E9
000003BC
00000048
00000074
FFFFFE21
0000006E
FFFFFD8B
00000055
0000007F
FFFFFE9D
FFFFFC1F
FFFFFFB5
000001EA
000000CB
FFFFFDE5
00000205
00000337
00000113
0000039A
FFFFFFAD
00000019
0000012D
000001AD
00000107
00000130
FFFFFEF3
FFFFFD33
FFFFFDA0
00000518
0000004F
FFFFFED1
FFFFFE0B
0000011F
FFFFFFC7
000001E5
000000A6
00000576
FFFFFD2C
0000013E
00000086
FFFFFCBE
FFFFFF59
00000209
FFFFFD77
FFFFFE2C
FFFFFFA0
FFFFF918
FFFFFAD5
FFFFFE1B
FFFFFAEB
000000EE
FFFFFECB
FFFFFDB0
00000072
FFFFFBB0
00000244
0000037F
00000357
FFFFFCAB
00000237
FFFFFD81
000000A3
FFFFFFAE
000001B2
000006D9
000002F9
00000251
00000020
FFFFFF8A
0000009C
FFFFFCE8
FFFFFE5C
00000334
FFFFFC2C
00000177
0000009E
00000554
00000284
FFFFFF1A
00000020
00000331
FFFFFA08
FFFFFD88
FFFFFFE4
FFFFFFD1
FFFFFE3A
FFFFFF04
FFFFFF5F
FFFFFF1E
000000E2
000000E6
0000028F
000000DB
FFFFFD8B
FFFFFBE1
FFFFFC9E
FFFFFC2A
000000C8
FFFFFFC4
FFFFFE65
0000003E
FFFFFAA7
0000018C
FFFFFDD1
00000029
00000396
00000303
0000051A
FFFFFD9E
000008BB
000002FD
0000051B
FFFFFFE3
FFFFFE76
FFFFFDB1
FFFFFFAE
FFFFFFF8
FFFFFCB2
FFFFFDBF
FFFFFEFC
FFFFFE6A
FFFFFF98
FFFFFBA0
00000398
000001D8
00000299
000000FF
00000293
FFFFFFA2
FFFFFFC9
FFFFFEF4
00000116
00000083
FFFFFF7E
000001B2
000000A7
00000276
00000106
FFFFFD73
FFFFFE51
FFFFFFAF
FFFFFDA3
FFFFFE18
FFFFFF11
FFFFFEF1
FFFFFB60
000000BE
00000011
FFFFFFE9
FFFFFF80
00000081
000000B0
FFFFFF12
00000272
FFFFFD43
00000179
00000299
00000317
FFFFFFB7
00000310
00000160
000002BD
00000391
000002E9
000001ED
00000149
00000412
00000109
FFFFFD03
FFFFFEFA
FFFFFCD4
FFFFFE4B
FFFFFDFD
FFFFFECB
FFFFFEBB
00000043
FFFFFE7E
FFFFFF16
00000048
000001AF
FFFFFED9
FFFFFF11
FFFFFE83
0000009C
00000048
FFFFFD5E
FFFFFD9F
FFFFFF9F
000000B2
FFFFFFEE
FFFFFE86
00000055
FFFFFE89
0000032F
00000194
FFFFFF60
00000398
0000027C
00000066
00000105
FFFFFFFA
000000FE
000000E3
00000105
FFFFFD3F
FFFFFF9B
FFFFFE3D
FFFFFF1B
000000B6
FFFFFF0F
FFFFFFA9
FFFFFD1A
00000113
00000095
000000B8
FFFFFFA2
FFFFFDC2
000000C7
00000109
00000076
000001FD
FFFFFF63
0000034E
0000024C
000000AF
00000221
00000280
FFFFFE84
0000013A
00000313
FFFFFF58
FFFFFE87
000000AB
FFFFFDE3
FFFFFE5D
FFFFFEC9
00000136
FFFFFD10
FFFFFCE9
FFFFFE0A
FFFFFFB0
FFFFFD81
00000065
FFFFFFA5
FFFFFD96
FFFFFD2B
FFFFFDD7
FFFFFDCE
FFFFFECE
0000026F
000002CD
FFFFFE90
FFFFFEB5
00000012
000002DE
00000122
00000163
000001A3
FFFFFCBC
0000011A
000000A6
FFFFFFB0
00000139
FFFFFDAF
FFFFFE36
FFFFFD55
FFFFFDD2
0000021E
000001F9
00000080
FFFFFFED
000001CA
FFFFFE72
0000035A
0000032D
00000242
FFFFFE43
000003AB
00000227
FFFFFFDE
00000343
000000A9
FFFFFEEC
000000A0
000000FC
000001E3
000002B9
FFFFFE95
00000104
000001BF
FFFFFFD8
000000C0
00000238
0000016F
00000031
000000A4
FFFFFFFD
FFFFFE59
FFFFFF16
FFFFFDEF
FFFFFED7
FFFFFD1B
0000007E
FFFFFEEE
0000005B
0000001E
0000018D
FFFFFE53
FFFFFED3
00000005
00000216
FFFFFE59
000002BD
00000076
FFFFFE9C
FFFFFF4D
0000027E
00000239
FFFFFDCD
0000022A
00000117
00000280
00000181
000000B9
FFFFFE85
000000EC
00000175
FFFFFE40
FFFFFF08
00000309
FFFFFE9F
FFFFFD80
FFFFFF79
0000021A
FFFFFFDF
FFFFFDB2
000001A2
FFFFFECB
FFFFFED1
000001EA
FFFFFF62
00000390
000001D0
000000E5
000002C8
00000328
0000000B
FFFFFF86
00000150
00000192
FFFFFEE1
FFFFFFEA
FFFFFE0A
FFFFFEC6
FFFFFDE6
00000178
FFFFFD5A
000000D6
00000014
000000E1
FFFFFF4B
000001B3
000000CA
000000DD
FFFFFF23
00000172
000000C1
0000011A
00000081
FFFFFF57
0000002B
FFFFFF74
FFFFFF72
FFFFFD84
FFFFFE31
0000000C
FFFFFF84
FFFFFF3B
00000239
00000314
000001EB
FFFFFF9F
00000068
000000B3
FFFFFE33
0000012F
FFFFFF7C
FFFFFDA3
000001EB
FFFFFF76
FFFFFE89
FFFFFD87
FFFFFDA3
FFFFFF0C
FFFFFF87
FFFFFF31
00000178
00000361
0000033A
00000254
000000CC
FFFFFEF0
FFFFFD53
00000143
000001D6
FFFFFEB6
FFFFFF95
000001C5
FFFFFE3E
0000020B
FFFFFE63
FFFFFF4E
000000B5
FFFFFFDC
0000003C
FFFFFF96
0000016C
0000003D
FFFFFFE2
00000218
FFFFFFA6
FFFFFE34
FFFFFDE3
FFFFFF2B
00000150
FFFFFEF2
FFFFFF4E
FFFFFC8F
FFFFFEED
000002C5
FFFFFEA4
FFFFFE92
FFFFFF7A
000002AE
00000263
000001AB
00000234
000000E4
0000014C
00000207
FFFFFE73
FFFFFDE9
00000160
000001ED
000000A0
0000014B
00000190
FFFFFFF3
FFFFFC9B
FFFFFFF0
00000044
FFFFFD22
0000000F
FFFFFDD2
FFFFFC27
FFFFFCC8
00000050
FFFFFD72
FFFFFEB8
0000025E
00000125
FFFFFD4A
0000019B
FFFFFE64
FFFFFD7C
00000195
FFFFFDD5
0000017E
00000081
000000F9
FFFFFF45
00000095
FFFFFF29
FFFFFE4B
000002D0
0000002D
FFFFFF51
000000C5
00000175
000000B9
000001CE
000001C4
000001AE
00000316
000001A1
000000A2
0000001E
00000283
000001F1
00000118
000003FE
00000069
00000056
0000010A
00000066
FFFFFF4E
00000178
0000021F
00000064
FFFFFFA8
0000024F
FFFFFE5D
FFFFFF32
0000015D
000001A9
000000A2
FFFFFFAA
FFFFFE52
000001CB
00000108
FFFFFE02
00000133
0000006A
FFFFFFD1
000000D5
000002CB
0000031C
00000048
000002BF
0000027B
FFFFFEF6
000000D3
FFFFFE72
FFFFFFC7
000001DF
FFFFFE5D
000000CB
00000142
FFFFFDA7
FFFFFCED
FFFFFD6C
FFFFFD41
FFFFFCE7
FFFFFE1D
FFFFFF83
FFFFFD8A
FFFFFEB0
FFFFFE41
FFFFFE76
00000291
00000080
FFFFFD3A
FFFFFDA1
0000027B
FFFFFF0B
0000016B
FFFFFBD2
FFFFFD4F
FFFFFFDE
FFFFFDDA
FFFFFFD2
FFFFFFF1
00000092
FFFFFD59
FFFFFE95
FFFFFECF
000001D0
FFFFFFB7
00000299
0000021F
FFFFFF6A
00000187
00000312
FFFFFF6C
00000286
00000319
000002C9
0000022B
000003C2
00000273
0000012E
000000A8
FFFFFF80
00000169
FFFFFDD6
FFFFFE94
FFFFFFFE
FFFFFF37
FFFFFF01
FFFFFE48
FFFFFDA4
FFFFFE32
000001B1
FFFFFF68
FFFFFFE1
000001B3
00000413
0000014F
0000029E
000001F7
FFFFFFCF
FFFFFF60
000002FD
FFFFFFFE
000000DF
0000003E
0000021D
FFFFFF07
0000016E
000000AC
FFFFFF6D
FFFFFF0C
000000BD
FFFFFEC3
00000161
00000325
00000016
00000134
00000247
FFFFFF42
00000068
FFFFFD88
FFFFFD98
FFFFFD45
00000061
00000136
00000110
000000F6
FFFFFF0C
0000023D
000001C0
0000002D
FFFFFFDF
FFFFFD78
00000161
FFFFFF4F
FFFFFF8C
00000156
00000085
000001CF
FFFFFE68
000000FF
000000B0
FFFFFD5B
000000FD
FFFFFF19
00000217
0000021E
00000164
FFFFFFFA
000000D3
FFFFFFBD
FFFFFE79
00000178
FFFFFF5A
0000028A
00000020
000000F0
000000D9
000000B2
00000146
000001E5
FFFFFF66
00000092
00000202
00000393
000001A6
FFFFFF97
00000129
000002CC
0000028E
000001A4
FFFFFFFB
000003B2
00000490
00000199
000002AB
FFFFFFAD
0000044D
0000011B
00000425
000000B6
FFFFFC4D
FFFFFC8A
FFFFFEFF
000000F6
00000067
0000006A
000000C2
FFFFFF5D
FFFFFF3C
FFFFFE6B
00000145
FFFFFCE8
00000007
FFFFFD77
000000EE
FFFFFF44
FFFFFEA7
FFFFFC4C
FFFFFF04
0000028A
000000D3
000002BD
000000FA
00000175
FFFFFF33
000002CE
000001F3
FFFFFDF7
00000535
FFFFFF50
FFFFFCB0
FFFFFEF3
0000018F
00000339
FFFFFED8
000002A2
00000285
FFFFFD0E
0000038A
FFFFFF5F
00000563
00000519
FFFFFDFC
000000FC
0000015B
0000020B
0000037F
00000087
FFFFFDCC
FFFFFA14
00000020
FFFFFE1A
FFFFFFA2
FFFFFCF0
0000013B
0000002B
000000B4
FFFFFEB0
0000025F
FFFFFD44
0000023D
FFFFFF59
0000025C
FFFFFE28
FFFFFFE6
000000A4
FFFFFB1A
FFFFFCAA
000002BE
FFFFFDDD
FFFFF913
FFFFFA13
00000271
FFFFFD8A
FFFFFDD3
FFFFFA77
0000018D
00000257
FFFFFE42
00000479
00000132
0000005A
0000042D
FFFFFFA7
0000047F
0000001E
00000337
000000B6
00000247
000004DE
00000222
FFFFFDC6
FFFFFEB8
00000203
00000165
FFFFFE25
0000010C
FFFFFF7A
FFFFFBC2
00000255
FFFFFF13
FFFFFEC0
00000118
FFFFFDD2
00000100
FFFFFD25
FFFFFD0E
FFFFFD54
FFFFFEB1
FFFFFFE0
FFFFFC93
FFFFFC43
FFFFFEE4
FFFFFE2F
FFFFFFF8
FFFFFD8C
FFFFFE7C
FFFFFCD7
00000692
FFFFFED0
FFFFFD70
FFFFFA5F
FFFFFB15
000001F7
00000745
FFFFFF25
00000232
0000036A
FFFFFE38
FFFFFC94
000000D1
000000FC
FFFFFC73
FFFFFEBB
000001F4
FFFFFC64
FFFFF9D2
FFFFFFFC
00000004
FFFFFA42
00000110
FFFFF903
FFFFFC24
FFFFFE75
FFFFFF2B
FFFFFBD5
00000204
FFFFFFB0
000001B8
0000049E
00000050
FFFFFFF4
000001FC
FFFFFF01
00000397
FFFFFE5A
FFFFFFA2
FFFFFC04
FFFFFB5C
000000CF
FFFFFB31
FFFFFD8E
FFFFFEE9
FFFFFFA7
FFFFFEE8
FFFFF91C
0000012E
FFFFFBA5
0000019C
FFFFFD34
FFFFFE27
FFFFFF99
FFFFFC59
00000127
0000023C
FFFFFC57
FFFFFDEF
00000012
FFFFFCE1
0000000C
0000000B
FFFFFC52
FFFFFF78
0000019A
000000C5
0000017B
FFFFFDD1
FFFFFDAB
FFFFFBEA
FFFFFC9C
000001E6
FFFFF9D5
00000230
FFFFF931
FFFFFA34
FFFFFF9D
FFFFFD79
FFFFFD75
FFFFFEC7
00000021
00000485
000002BF
0000045F
000005A5
FFFFFF16
FFFFFFC1
00000244
0000044F
000000AE
000002D6
FFFFFBBC
000001AA
FFFFFFDF
000002D4
000002FB
00000126
00000335
00000052
000000BA
00000584
000002A2
00000332
FFFFFBF2
FFFFFFD5
000004DA
FFFFFDF5
FFFFFD71
00000178
00000113
FFFFFD1D
FFFFFAC2
FFFFFF79
000000C7
FFFFFEF6
000001D8
0000011C
00000399
FFFFFCF6
FFFFFDC8
0000014F
FFFFFD73
FFFFFBC8
00000050
000001FE
FFFFFE40
00000049
FFFFFD35
FFFFFE3E
000000C6
0000012B
FFFFFEC9
000001B7
000000D0
FFFFFCF9
000002A1
FFFFFE01
FFFFFDF8
FFFFFED0
FFFFFE54
FFFFFD20
FFFFFA19
000001D9
000005E1
0000016B
000004FC
FFFFFFC6
000006D3
00000457
FFFFFCA9
00000117
00000126
00000245
FFFFFD66
FFFFFE8B
000005FE
00000473
0000009B
FFFFFC11
00000403
000001CB
000001A3
00000440
00000469
000005C5
FFFFFE3B
FFFFFE54
00000250
000003B4
00000295
FFFFFF43
FFFFFE10
00000422
0000036E
00000056
000001C1
FFFFFDE1
FFFFFF81
00000157
FFFFFCF8
0000012E
0000036A
0000005B
000003ED
FFFFFF51
FFFFFFF1
00000248
FFFFFE8F
FFFFFD9D
00000161
FFFFFEFA
FFFFFD92
FFFFFDE3
000003FA
FFFFFF30
000000DB
0000002C
0000021B
FFFFFF0F
FFFFFD4E
FFFFFF40
FFFFFE1A
0000013C
00000042
FFFFFF19
FFFFFD80
FFFFFCD1
000003EC
FFFFFF4A
0000029A
00000099
FFFFFC17
FFFFFF10
0000002C
FFFFFFF5
FFFFFBF6
FFFFFD52
FFFFFBE1
FFFFFE7A
FFFFFD04
000000E3
0000016C
FFFFFF06
FFFFFE1C
FFFFFD3F
000001CA
FFFFFC77
FFFFFEE7
FFFFFB69
FFFFFBC7
FFFFFDF0
FFFFFD76
FFFFFE20
000002FF
FFFFFB88
FFFFFE32
0000075B
FFFFFED4
000000E1
000003FB
0000056D
0000029B
FFFFFFB3
FFFFFF65
FFFFFE90
00000352
000000A2
00000618
FFFFFF2C
00000194
FFFFFF95
FFFFFE45
0000006F
000001E3
0000015A
000000EB
000002BC
FFFFFCB9
FFFFFF36
00000053
FFFFFC0B
000001F2
00000125
000001C4
FFFFFD34
FFFFFD55
FFFFFF58
FFFFFB75
FFFFFE9E
00000561
FFFFFDD9
FFFFFDAC
FFFFFEF6
00000319
FFFFFDE1
FFFFFE28
00000168
FFFFFF2D
FFFFFFC7
FFFFFD9C
00000130
FFFFFFDA
FFFFFBB3
FFFFFFE4
0000001D
FFFFFECF
00000588
000000D9
00000480
FFFFFD16
FFFFFB70
0000016A
FFFFFDF8
000000BD
00000138
FFFFFF6F
0000009B
0000011A
FFFFFD57
FFFFFE1E
0000005C
0000032E
000000A3
00000081
FFFFFD08
FFFFFCAD
FFFFFCC3
FFFFFDDE
00000201
000002DA
00000148
00000231
00000151
00000625
FFFFFF47
0000069A
000003C7
00000077
FFFFFDF6
0000009D
FFFFFE98
00000067
0000005A
000003DA
0000023A
0000014C
FFFFFE5D
FFFFF9FA
00000002
FFFFFF8A
000002FC
FFFFFB67
FFFFFBC1
00000078
00000098
000005A9
FFFFFDF8
000000B2
000000BB
FFFFFFCB
FFFFFAF8
FFFFFD22
00000100
0000048E
000002A3
FFFFFD40
00000144
0000048B
0000018C
00000540
000000C2
FFFFFF09
0000025E
FFFFFC61
0000069C
000004F6
0000004D
00000000
FFFFFD0F
FFFFFBFF
FFFFFB64
FFFFFDD5
000005C9
000005BA
FFFFFFEB
000002B8
0000019A
00000146
00000183
0000026B
FFFFFA37
FFFFFF2D
00000318
FFFFFF73
FFFFFBFE
0000013B
FFFFFD67
FFFFFECD
00000118
FFFFFB64
FFFFFBBA
FFFFFF0D
0000008B
FFFFF9C8
FFFFFEEC
FFFFFF36
FFFFFD5A
FFFFFD41
00000388
00000174
00000559
FFFFFF65
00000269
FFFFFE98
FFFFFD56
000001C4
FFFFFBE8
FFFFFE9E
00000095
000002A3
000002BD
00000185
FFFFFB9E
00000033
FFFFFD9A
FFFFFF8C
FFFFFE97
0000018B
00000391
FFFFFA73
FFFFFAB2
FFFFFFB9
FFFFFA07
FFFFFA8D
FFFFFCC4
FFFFFF12
000002A7
000000F3
000000BD
000000D1
FFFFFD14
00000199
000000CC
00000101
000000F5
FFFFFD9C
0000033B
FFFFFC9D
FFFFFE40
000001E6
FFFFFCCB
FFFFFE60
FFFFFEAB
0000002C
FFFFFD24
FFFFFBE6
FFFFFFE3
FFFFF7B0
FFFFFEA1
FFFFFD62
00000179
000001AC
0000029E
000001CE
FFFFFC8F
FFFFFF7C
FFFFFFB5
00000046
000002C5
00000113
000000E6
00000648
FFFFFC0F
0000021B
FFFFFFD2
0000046C
00000405
FFFFFDA3
FFFFFD81
000001B9
FFFFFE01
FFFFFCB2
FFFFFE1B
FFFFFF88
FFFFFDF9
FFFFFCEE
0000016D
000004F5
FFFFFC96
000000BA
FFFFFEA3
000001BE
00000224
0000021A
0000058D
FFFFFE28
000000B0
00000094
FFFFFFCC
0000014F
00000127
000000C5
FFFFFFF4
FFFFFC98
0000049F
FFFFFE3B
000002F4
FFFFFE19
FFFFFDDD
00000228
0000025B
FFFFFF63
000001EB
0000018C
FFFFFECF
00000232
FFFFFD6E
000001A4
0000016B
00000360
FFFFFDE3
000001A9
FFFFFE0D
FFFFFE6B
FFFFFE84
FFFFFB60
FFFFFDA1
FFFFFDE7
00000101
FFFFFE8D
FFFFFE42
0000002B
000000ED
FFFFFC17
000000CA
0000018D
FFFFFF71
FFFFFEB2
00000106
00000035
0000012D
000003DB
00000016
FFFFFFA7
0000037A
00000460
FFFFFFFD
00000159
FFFFFDE7
FFFFFDB4
FFFFFDF2
FFFFFD05
0000005D
FFFFFE3F
00000045
000001DC
00000226
000000A7
0000027A
000001FF
FFFFFD80
0000032B
FFFFFF06
0000021C
00000283
FFFFFE75
00000386
FFFFFD4A
FFFFFFDF
FFFFFFC7
0000017C
FFFFFBCE
0000014C
FFFFFF2C
FFFFFBF9
FFFFFF53
00000096
FFFFFFA3
0000047F
00000017
00000270
00000032
FFFFFFC8
0000031A
000002C4
FFFFFB2A
0000035D
FFFFFD0E
FFFFFEF0
0000026B
FFFFFEDA
000001FA
0000020B
FFFFFF24
00000457
FFFFFD71
00000140
00000184
FFFFFFCA
00000269
FFFFFE61
000002CB
00000256
000002F7
000002C0
00000357
FFFFFBA3
FFFFFE81
000000EC
FFFFFEA4
FFFFFF93
FFFFFFAD
000002CB
0000012B
00000013
FFFFFEBD
FFFFFF96
FFFFFCAF
0000031A
000001C7
FFFFFCA0
00000008
000002CE
000000BE
FFFFFDCC
00000516
FFFFFF51
000000D6
FFFFFDFF
00000160
00000421
000000F8
FFFFFD59
FFFFFE87
00000061
FFFFFE51
00000410
000002F6
00000006
FFFFFD74
FFFFFB43
FFFFFB94
FFFFFFC2
0000017C
FFFFFE59
FFFFFC0A
0000027B
FFFFFBCD
FFFFFE83
00000346
FFFFFC07
000001BB
FFFFFE86
FFFFFB7F
00000087
000000B0
00000072
FFFFFF1E
FFFFFC3C
000004B1
FFFFFCF3
FFFFFEF0
FFFFFDEE
000000C0
FFFFFC71
FFFFFF4A
FFFFFF2E
00000175
0000009B
0000033A
FFFFFDF3
FFFFFEE0
000002D5
FFFFFFF1
000000BB
0000010A
0000037F
FFFFFF20
FFFFFCAC
00000372
FFFFFF62
FFFFFEBF
0000011D
00000154
000003D1
FFFFFDA4
00000297
FFFFFE42
FFFFFFD2
FFFFFFC1
FFFFFE2B
0000039E
000001AC
FFFFFED7
00000151
000001DC
FFFFFFFF
FFFFFCDB
FFFFFF72
FFFFFFEE
0000010D
FFFFFF22
000001AF
FFFFFD30
FFFFFDE1
00000194
FFFFFF89
00000070
FFFFFE9C
00000104
FFFFFF31
0000012B
FFFFFFC9
FFFFFAD5
000002F3
0000036E
000000F8
FFFFFDE6
FFFFFCEB
FFFFFDB5
FFFFFC8A
00000154
FFFFFE54
FFFFFCB3
00000103
00000304
FFFFFD61
0000002A
0000000B
000001CE
00000077
FFFFFDC7
FFFFFF00
00000254
FFFFFD0D
000000AF
FFFFFCCE
FFFFFD7A
000001C2
000001B9
0000036E
000001E4
FFFFFDF3
FFFFFF1A
FFFFFD76
00000272
0000003F
FFFFFCB5
FFFFFD30
FFFFFFEF
0000020F
0000008C
FFFFFFA4
00000150
FFFFFDB4
000003E9
FFFFFE17
000000F6
FFFFFFEF
000001D6
FFFFFC87
00000397
FFFFFC50
FFFFFEB8
FFFFFB02
FFFFFB88
FFFFFA40
FFFFFDD2
0000024A
FFFFFFF8
FFFFFCCB
000000F6
0000007B
FFFFFFB7
00000421
000002B5
FFFFFF0B
FFFFFBF5
000000DF
FFFFFDAC
00000389
00000010
FFFFFEF5
FFFFFFFF
0000013A
FFFFFEFA
000001F9
FFFFFF42
00000132
000003B0
FFFFFDC9
000000C3
000001CF
000002DC
000001DE
FFFFFEC1
FFFFFFE1
000000A8
000000E7
FFFFFD86
00000103
0000035C
FFFFFF7E
FFFFFD3B
0000039B
000000E4
FFFFFF37
000000F0
000002B3
0000016A
0000008C
000000D8
00000413
FFFFFF35
FFFFFCC0
FFFFFFB9
000003B9
00000026
FFFFFEF9
00000187
00000394
00000051
0000002B
00000108
00000418
FFFFFE60
FFFFFF41
FFFFFF6E
00000261
FFFFFBE7
FFFFFFA0
00000276
FFFFFD8F
FFFFFD23
0000037F
000001C7
0000019F
000002A0
00000193
0000003A
000001D3
FFFFFD34
FFFFFE6A
FFFFFF71
FFFFFE80
000003D6
FFFFFC2C
00000220
000000F6
FFFFFFAC
FFFFFCA6
FFFFFF2B
000001F4
0000028D
000002C1
0000029F
FFFFFDE0
00000164
FFFFFF17
000000C5
FFFFFE10
FFFFFE64
FFFFFF3F
FFFFFFDF
FFFFFEFE
FFFFFD0B
00000299
000003A0
000000E2
0000018A
FFFFFC16
FFFFFFEE
00000296
0000009A
FFFFFDEF
0000020F
FFFFFD82
FFFFFFD7
FFFFFCA3
000002EA
FFFFFF7A
FFFFFFD5
000001B1
00000203
FFFFFF5D
FFFFFE9D
000003DA
FFFFFFDA
000000DF
FFFFFD05
000001AF
FFFFFE9D
000002B7
FFFFFCF9
00000134
FFFFFF1A
FFFFFD5B
000000A5
00000004
0000013C
000001D8
FFFFFEA5
0000029B
FFFFFF25
FFFFFFE1
FFFFFF6F
0000007E
000001E7
000003A3
FFFFFD74
FFFFFBD6
FFFFFC8B
FFFFFE1B
0000045E
FFFFFC50
000002BE
FFFFFD55
0000014D
FFFFFD06
00000487
00000293
FFFFFD11
00000377
00000350
000000C7
FFFFFE4F
FFFFFF56
00000282
000000C7
00000188
FFFFFEF3
FFFFFC6E
000000B9
FFFFFE07
000002AA
FFFFFF9C
000002C4
0000005E
FFFFFEC1
0000019C
000005AA
FFFFFC2E
0000016B
FFFFFE58
000002F6
0000019D
FFFFFD33
FFFFFFE5
00000070
0000043B
FFFFFD85
FFFFFDF0
FFFFFC72
FFFFFF59
0000023B
FFFFFFD0
FFFFFE1F
00000254
FFFFFF6D
00000392
00000336
FFFFFE98
FFFFFDE5
FFFFFC92
FFFFFBE5
0000017E
00000136
FFFFFD82
FFFFFE0B
FFFFFBEA
FFFFFD4B
FFFFFCA7
FFFFFFC3
00000191
00000075
000001E0
FFFFFE6F
FFFFFE9D
000000E3
0000004A
FFFFFEE6
0000003D
FFFFFF3F
00000099
FFFFFD6B
00000225
FFFFFF5C
00000051
FFFFFE83
000002C2
FFFFFE64
FFFFFD00
FFFFFFA8
00000084
FFFFFDF3
FFFFFFF9
FFFFFF6C
00000217
00000129
FFFFFFDF
000001C9
FFFFFE88
0000029A
0000004A
0000006B
FFFFFD08
0000017F
00000279
FFFFFD38
FFFFFC37
00000226
FFFFFB61
FFFFFCFC
0000017D
000001E7
FFFFFB03
0000025D
FFFFFD4D
FFFFFC4E
0000007F
FFFFFD16
000000FD
00000043
000001C9
0000012A
FFFFFC79
FFFFFD76
FFFFFDFD
0000016B
FFFFFEEB
00000065
0000024B
0000012B
000004D7
FFFFFFC4
000001E7
FFFFFDE9
00000192
00000083
00000215
FFFFFC27
00000050
FFFFFAF9
00000353
FFFFFE8A
FFFFFA55
0000001B
FFFFFDB5
FFFFFE79
0000000E
FFFFFED7
FFFFFB69
00000184
FFFFFF83
FFFFFEA3
FFFFFF99
FFFFFE2E
FFFFFDC8
FFFFFB9A
000004AD
FFFFFE07
FFFFFFE1
FFFFFF67
FFFFFE2C
FFFFFD2E
FFFFFC01
00000459
FFFFFB1E
FFFFFFE9
FFFFFCA5
000001F8
00000584
0000009C
00000248
00000394
0000043C
FFFFFF9D
00000271
0000012B
00000033
00000349
FFFFFF09
0000003D
0000010D
FFFFFD1C
FFFFFF78
FFFFFF3F
000001A3
00000065
00000258
FFFFFE6C
00000247
FFFFFE3F
00000466
FFFFFF69
FFFFFE0E
FFFFFE12
0000021B
000000C4
0000015A
0000002C
FFFFFB65
0000000C
000000BB
FFFFFE42
000000A7
00000198
0000037D
000004B4
FFFFFE30
00000027
FFFFFC30
00000031
00000575
FFFFFFE8
00000527
FFFFFF8E
0000021E
0000039D
FFFFFFAF
FFFFFD77
00000141
000002EB
0000006C
0000030D
FFFFFFC8
FFFFFBB7
FFFFFF5A
00000133
0000020B
FFFFFFB3
FFFFFFB4
FFFFFE73
FFFFFDEB
FFFFFCBB
FFFFFBE8
FFFFFD75
0000019C
FFFFFE92
0000009A
FFFFFD2A
FFFFFD9E
FFFFFAC5
FFFFFCE5
000000EB
FFFFFF58
0000015B
0000007C
FFFFFE0A
FFFFFE31
000000BD
00000007
00000221
00000052
00000392
FFFFFE50
FFFFFF04
000002B2
0000025B
00000223
00000314
FFFFFC6F
FFFFFEB4
FFFFFF46
FFFFFE56
FFFFFE82
00000019
00000080
00000165
00000135
FFFFFDD6
FFFFFD05
FFFFFD1A
FFFFFBC6
FFFFFE1D
FFFFFFE4
0000013B
FFFFFEED
0000004B
FFFFFFFF
0000008D
0000002A
00000082
FFFFFF81
FFFFFDD2
FFFFFDA3
FFFFFF5E
00000007
00000178
000001FD
0000009E
FFFFFF3D
000000DA
FFFFFDEC
0000019C
00000255
00000286
FFFFFFB2
FFFFFF57
0000005B
FFFFFFCB
FFFFFEBC
FFFFFBED
FFFFFF25
000000DF
00000379
000000A5
0000003E
FFFFFEAC
FFFFFFB0
FFFFFDC4
0000019A
FFFFFF1F
0000037C
00000296
FFFFFF7A
FFFFFEFD
00000173
000000AC
000000C4
FFFFFEA1
0000001A
00000120
FFFFFEE3
000000F4
00000169
0000002C
FFFFFD13
FFFFFD71
000002CF
000000B1
000003CE
000001EE
000001DC
FFFFFFDD
00000354
00000417
FFFFFF3B
FFFFFF23
FFFFFFFA
00000449
000006E0
00000117
FFFFFF54
000000E2
FFFFFCFE
FFFFFD5E
000001D5
00000154
00000294
000001FD
000000C3
00000201
FFFFFE06
00000174
FFFFFD41
FFFFFEF9
FFFFFD4C
000001E8
000003D3
0000005E
00000097
FFFFFF4F
0000000D
000001FC
00000139
00000387
FFFFFE40
0000003B
0000020F
000002B6
00000144
000000FA
000002E3
FFFFFF64
00000209
000004E9
000000D2
000002D4
FFFFFC75
FFFFFF0E
000000BC
FFFFFC3C
FFFFFF6E
FFFFFD04
00000095
00000166
FFFFFCEB
FFFFFF21
FFFFFD6B
FFFFFF27
000000F0
FFFFFEB5
00000238
000000B2
FFFFFF59
00000386
FFFFFFA0
000000F1
000002E2
FFFFFF79
000000D6
FFFFFFF9
00000110
FFFFFEE1
FFFFFDBB
FFFFFEEC
00000003
0000001C
FFFFFCCA
FFFFFEEC
00000037
00000031
0000023C
FFFFFFF5
000002AA
00000339
FFFFFF25
FFFFFEA1
FFFFFD0A
000002C4
000000F9
00000370
00000194
FFFFFC28
000001FE
0000010C
FFFFFF0B
0000014C
FFFFFC3B
FFFFFF1D
FFFFFEF3
0000002E
FFFFFE87
FFFFFF62
000000B6
0000002C
00000219
FFFFFE62
0000010B
FFFFFD86
FFFFFCF4
00000020
FFFFFD13
00000082
00000258
FFFFFDF9
0000008B
FFFFFE21
FFFFFEB2
FFFFFE95
FFFFFAA2
0000002B
000000E4
00000237
FFFFFF29
00000128
000000C9
FFFFFDB3
FFFFFF3D
0000003A
FFFFFD11
FFFFFE02
FFFFFFB8
FFFFFB48
FFFFFDDF
00000037
FFFFFD9D
FFFFFF57
FFFFFEE8
000001FE
00000113
FFFFFFD9
000000F0
FFFFFE2C
FFFFFF19
0000011E
000000EC
FFFFFD82
00000281
FFFFFF90
000000E0
FFFFFFF3
FFFFFFFF
FFFFFD28
0000021C
FFFFFF1B
FFFFFDDE
00000306
0000020B
0000025A
FFFFFEBD
000001C6
FFFFFFC5
FFFFFD97
00000310
00000431
FFFFFD09
FFFFFE1B
FFFFFC92
FFFFFF81
000000E6
FFFFFEF5
000001A0
FFFFFE95
00000129
FFFFFFF3
00000331
00000142
000001C7
FFFFFD97
FFFFFF83
FFFFFB1A
FFFFFC56
000000E6
FFFFFD7A
FFFFFEC4
0000003B
FFFFFE7F
FFFFFF8E
FFFFFACD
00000260
000000B2
FFFFFDE7
00000106
FFFFFEE1
FFFFFD49
0000014C
FFFFFDC5
FFFFFFE5
000000FA
FFFFFF47
0000021E
0000002E
00000153
FFFFFE6F
FFFFFF6E
000003DA
000004AB
000002FE
00000465
FFFFFFB5
00000176
000000C4
FFFFFFEB
FFFFFFE8
00000010
0000013A
FFFFFFB5
FFFFFEDD
FFFFFF03
FFFFFE91
000002B4
FFFFFF40
000002D1
0000044F
0000007B
000000A2
000000AE
FFFFFEA3
FFFFFD20
FFFFFBA0
FFFFFD6C
FFFFFF66
FFFFFDF8
00000288
00000156
FFFFFCCF
0000004F
00000198
FFFFFEFC
00000372
00000070
0000017B
00000185
FFFFF9F6
FFFFFEDA
FFFFFD72
0000011C
00000123
0000011F
FFFFFE40
FFFFFE53
00000188
FFFFFFB5
00000291
FFFFFD89
0000005B
0000008B
000002D5
00000111
FFFFFF52
00000017
FFFFFB95
FFFFFFE9
FFFFFEA9
00000072
FFFFFC54
FFFFFC7C
000002A2
FFFFFEC2
FFFFFDE8
FFFFFED7
FFFFFDF5
FFFFFE24
FFFFFF8E
FFFFFEAD
00000056
FFFFFFEB
FFFFFD8B
0000007E
FFFFFCAE
FFFFFD57
0000007A
FFFFFE93
000000F4
0000022F
000001DB
0000019F
FFFFFF90
0000045A
00000054
FFFFFD09
0000023F
FFFFFF0C
0000015D
FFFFFCC5
000001F2
00000305
000004A8
00000027
FFFFFFEF
FFFFFFEE
000001EE
000003B2
0000004E
0000035A
FFFFFFC0
FFFFFD24
0000013C
000002AB
000003DC
FFFFFD98
FFFFFC42
00000052
00000369
FFFFFEF6
0000027A
FFFFFF57
00000206
00000419
0000025C
000000B6
FFFFFF83
00000168
FFFFFF4A
000001A8
0000008A
FFFFFEE6
FFFFFE98
00000015
FFFFFFB6
FFFFFE8F
000001D8
FFFFFDA6
00000100
FFFFFCA4
FFFFFCEF
FFFFFD27
FFFFFF09
FFFFFE7F
FFFFFF79
FFFFFF39
FFFFFC78
FFFFFD3F
FFFFFE11
FFFFFF9A
FFFFFFBE
FFFFFD82
FFFFFEBC
FFFFFD8E
00000074
FFFFFD23
00000136
FFFFFE3C
FFFFFF5C
00000236
000003E2
000001FB
00000263
FFFFFE69
00000168
0000018D
FFFFFD3A
000000C1
FFFFFE72
FFFFFE40
000000D8
FFFFFD19
00000088
0000020F
00000008
FFFFFEDF
FFFFFFBA
000000E6
0000016E
0000001A
00000232
000001CB
000001A6
FFFFFF24
0000022C
FFFFFF0A
FFFFFFAE
FFFFFF5C
FFFFFF16
00000211
FFFFFF51
000005C1
00000210
000003EE
0000016C
00000067
FFFFFDE3
000000A8
00000245
0000025D
0000014D
00000406
FFFFFFA2
FFFFFC3A
FFFFFEA7
FFFFFB6D
0000017F
000001D5
FFFFFCF5
FFFFFED4
FFFFFEAE
FFFFFD2B
FFFFFF60
00000223
FFFFFBC7
0000026F
FFFFFF3D
000002DD
000001B9
FFFFFE92
000002CC
00000256
000001BA
FFFFFE5A
00000169
FFFFFF5B
FFFFFFCC
00000116
FFFFFFD7
00000219
FFFFFF18
FFFFFEC3
00000237
000000F2
00000332
000000A0
000000C9
0000008A
FFFFFDB5
00000449
0000001A
000000BD
FFFFFED4
00000221
FFFFFD8B
FFFFFFAC
FFFFFDA2
FFFFFE79
FFFFFFBA
00000130
FFFFFC5E
000000C3
00000297
FFFFFFAD
FFFFFF5C
0000027A
00000326
FFFFFE91
00000397
000001E1
FFFFFDB4
FFFFFDB4
000003BA
FFFFFFDD
00000058
FFFFFF2B
FFFFFC14
00000245
0000009B
FFFFFFF8
FFFFFFAF
00000199
00000120
FFFFFD7A
FFFFFBFF
FFFFFF1D
0000013A
FFFFFB64
FFFFFCD2
000000DD
FFFFFC91
FFFFFCE0
FFFFFDBE
00000169
00000099
FFFFFDE7
000001BF
FFFFFFE8
FFFFFCC2
00000034
00000188
FFFFFAD8
FFFFFFC7
FFFFFB49
0000006F
FFFFFFB0
FFFFFB2B
FFFFFC22
00000158
FFFFFE33
FFFFFDCE
0000003A
000002E0
000001FC
FFFFFEA7
0000023F
FFFFFFB9
FFFFFDA9
0000015A
000002DA
00000011
FFFFFE87
FFFFFC76
000000AF
FFFFFE69
FFFFFC55
00000183
FFFFFCAE
FFFFFCD6
0000013F
FFFFFC05
000000C7
000001EC
FFFFFDA3
000002D9
FFFFFD09
000001C9
FFFFFE35
00000204
000003AD
000000ED
FFFFFDD9
FFFFFE4C
00000185
00000121
FFFFFDFC
000001B3
FFFFFB82
FFFFFFC2
FFFFFDEF
FFFFFD19
000001FA
FFFFFD8F
000000C2
FFFFFDA7
FFFFFD3A
00000069
000001A1
FFFFFE92
FFFFFF32
FFFFFF87
FFFFFF6F
000000A1
00000200
00000034
00000017
00000282
00000175
000000F6
000002B5
0000040E
FFFFFF1B
000001B0
00000018
FFFFFD35
00000161
FFFFFF3B
FFFFFD3D
FFFFFE86
FFFFFE01
FFFFFC26
FFFFFD1B
FFFFFE0A
00000225
000000A4
000001C5
000000E6
00000270
FFFFFDB9
0000013E
000002D9
0000016C
FFFFFFD4
FFFFFF88
FFFFFF80
FFFFFCE4
FFFFFE2F
FFFFFEC3
FFFFFF7E
0000051D
00000248
FFFFFCAB
000002A6
FFFFFCDE
FFFFFFF7
000002E3
FFFFFEE5
FFFFFCCF
0000018B
00000156
FFFFFE8C
FFFFFF27
FFFFFDE9
FFFFFEBB
FFFFFDB6
FFFFFC3B
00000216
000000DA
FFFFFF07
0000036E
FFFFFECF
00000360
0000012A
000000A4
FFFFFFD7
000001AA
FFFFFE6D
FFFFFFC1
00000214
0000003F
FFFFFF4C
00000129
0000026B
FFFFFFB2
FFFFFE8A
000004C9
00000267
FFFFFDBA
000001DF
FFFFFED4
FFFFFDC9
00000044
000002EC
000001BA
FFFFFF1E
00000243
000000A7
FFFFFCED
FFFFFDE6
FFFFFEAF
FFFFFC17
FFFFFD47
FFFFFFAA
FFFFFE70
00000209
FFFFFF06
00000002
FFFFFE0B
FFFFFFA6
FFFFFE08
FFFFFCCB
00000288
FFFFFF69
FFFFFE58
000000EC
FFFFFFA0
000000AC
FFFFFC69
FFFFFBDE
00000035
FFFFFE88
00000331
000002DB
00000268
00000123
00000019
00000030
FFFFFDFB
00000166
000001C4
000005F6
00000214
FFFFFD9E
000000C6
000002E8
00000130
FFFFFE4D
000001C2
00000021
0000031E
000002CA
FFFFFED9
FFFFFE4E
FFFFFE5B
000000C9
0000039F
FFFFFEA3
FFFFFFED
0000000A
FFFFFC30
FFFFFEBC
0000029F
FFFFFFE2
FFFFFE49
FFFFFE6C
FFFFFFBD
FFFFFD1D
FFFFFDF4
FFFFFEA1
000002CC
000004F9
00000196
FFFFFC74
FFFFFC5D
FFFFFF1B
FFFFFF5C
000000BA
00000028
FFFFFDA1
FFFFFFB3
00000232
000002E7
00000014
00000305
00000070
FFFFFD6B
FFFFFFEA
FFFFFFF4
FFFFFD70
00000041
00000140
00000354
0000034F
0000004A
FFFFFF16
0000022F
000001F5
FFFFFF5B
00000152
FFFFFF02
FFFFFEA8
00000030
FFFFFF90
00000134
0000015C
0000004B
00000098
FFFFFF84
0000004F
FFFFFE88
FFFFFEAC
00000012
FFFFFE71
FFFFFD4F
FFFFFFE6
FFFFFFF7
FFFFFFBA
FFFFFF45
FFFFFFC2
000001EB
00000045
FFFFFE70
FFFFFBF2
00000070
00000109
00000050
00000204
FFFFFED5
FFFFFCD3
00000042
FFFFFE4C
0000004B
00000048
FFFFFFFD
FFFFFDC1
FFFFFFE5
FFFFFFB7
FFFFFC6B
000001DA
0000016A
FFFFFC9D
FFFFFF70
000000C4
FFFFFF88
FFFFFC9F
00000475
FFFFFDCE
000000E6
000001C3
00000107
00000175
00000143
FFFFFF79
00000257
00000180
FFFFFEEC
000000F3
FFFFFFE6
0000030A
00000019
0000007F
FFFFFFF7
0000016A
FFFFFE26
00000180
FFFFFF4A
FFFFFF37
0000023A
FFFFFF78
00000033
FFFFFED9
0000016C
0000020E
FFFFFDA2
00000361
000004B9
FFFFFEF4
FFFFFB6B
FFFFFCA6
FFFFFC85
FFFFFF22
FFFFFE9B
FFFFFDAD
000002B3
FFFFFF37
00000258
FFFFFEB7
FFFFFDE6
000002FE
00000082
00000280
FFFFFF56
00000287
FFFFFDEA
FFFFFE27
FFFFFF13
FFFFFF4C
00000015
00000134
00000196
00000076
000000BC
0000020F
FFFFFEE7
FFFFFF49
0000014F
FFFFFB86
000001E9
FFFFFF18
FFFFFD4F
FFFFFDF7
FFFFFBD3
00000271
FFFFFD85
FFFFFD09
FFFFFF75
FFFFFE85
000000BC
FFFFFE49
00000215
00000074
000001E0
FFFFFE87
FFFFFFF3
0000013F
FFFFFD0F
FFFFFF87
FFFFFF72
0000003D
00000004
00000016
FFFFFF43
000002A2
00000119
000001AE
000001AD
00000324
00000431
00000318
0000027A
FFFFFE60
00000003
0000038D
FFFFFE31
000000E5
0000011A
00000468
000002DF
00000668
000001CA
0000010B
FFFFFEC6
00000034
FFFFFFB5
000000DE
FFFFFEA3
FFFFFF18
0000038B
FFFFFE50
00000035
00000008
FFFFFE38
FFFFFE13
0000030D
00000115
000003A8
FFFFFEB6
00000228
FFFFFD68
FFFFFFCC
FFFFFE08
FFFFFCD4
FFFFFFD8
0000003F
FFFFFD95
FFFFFEF8
FFFFFDBD
0000029F
FFFFFE8A
FFFFFC9B
0000033F
000000DF
FFFFFD1F
FFFFFE74
FFFFFE15
FFFFFF7F
FFFFFD78
FFFFFE15
000002B9
FFFFFEE0
0000010A
000001AA
FFFFFE4A
FFFFFCEC
00000418
FFFFFEBD
00000255
00000473
000002D7
FFFFFFA6
00000090
FFFFFD0F
00000219
FFFFFFAD
FFFFFE35
FFFFFED8
FFFFFFA7
FFFFFD44
00000227
000001BE
FFFFFF43
000001C4
FFFFFFE0
FFFFFF49
FFFFFF22
FFFFFD75
FFFFFFED
000002F2
0000001F
00000002
000000B6
FFFFFEFA
000001D9
0000014E
FFFFFF3E
FFFFFF21
FFFFFDB0
FFFFFEA6
FFFFFD78
FFFFFD1C
FFFFFDF7
00000291
00000551
FFFFFC81
000000DD
000003D8
00000344
00000431
000002E5
00000048
0000044C
FFFFFE5E
00000000
00000215
FFFFFFAD
0000038B
000001DC
0000015C
00000056
FFFFFF38
FFFFFECE
00000200
FFFFFE34
FFFFFCA7
FFFFFD14
FFFFFCAA
FFFFFABD
000000BF
000004DF
FFFFFE03
FFFFFE8A
FFFFFC5D
FFFFFB9A
FFFFFFDC
00000311
FFFFFF1E
00000186
000001C8
00000024
00000461
0000011F
000001E0
0000019D
00000012
00000524
00000097
FFFFFC79
FFFFFA2C
00000177
FFFFFDD7
000000C1
0000019A
000002F3
FFFFFDB9
000000E7
000000E1
FFFFFEA1
FFFFF9ED
0000001A
FFFFFA49
FFFFF8CF
FFFFFC49
FFFFF9D5
0000016E
0000015E
FFFFFCFC
FFFFFE89
000000EA
00000185
FFFFF9EF
FFFFFF2C
00000300
FFFFFE87
0000024B
FFFFFC2F
FFFFFE04
FFFFFE91
FFFFFFC0
0000020D
0000020A
000000E3
00000404
000004F1
00000384
FFFFFF26
000002CB
FFFFFE0F
000001CD
FFFFFFC1
FFFFFD14
000001E3
00000116
FFFFFD90
FFFFFE1F
FFFFFD26
FFFFFBC5
FFFFFFEF
FFFFFD58
FFFFFE3D
FFFFFBB1
00000487
00000345
FFFFFE85
FFFFFFCF
00000611
00000350
00000384
000003AE
FFFFFCF3
FFFFFCB2
FFFFFA75
FFFFFE33
00000025
FFFFFCAB
0000008E
00000148
00000154
000003AA
0000046E
000002F8
00000260
000001FB
FFFFFD84
0000052C
0000053C
000006FB
000003E6
FFFFFE3A
FFFFFF0B
000003BF
0000008E
FFFFFEC5
FFFFFB6F
FFFFFDAA
FFFFFE38
FFFFFACA
FFFFFC4F
FFFFFA71
FFFFFF89
000000FD
FFFFFD88
0000022C
FFFFFA5E
FFFFF984
FFFFFDC9
000002B2
FFFFFE5E
FFFFFE8C
00000288
00000115
000003D3
FFFFFF90
00000451
0000025D
FFFFFBE2
00000026
FFFFFFF6
0000023A
FFFFFCC9
FFFFFF70
00000332
0000022C
FFFFFD4D
FFFFFDB6
0000012D
0000019D
000000E3
00000415
00000187
000001A3
FFFFFF9B
0000030F
000003AD
FFFFFF5E
00000158
000000B6
FFFFFF95
FFFFFC95
00000038
FFFFFE89
FFFFFDA5
FFFFFAAE
FFFFFD87
0000002F
00000165
FFFFFBFF
FFFFFB44
FFFFFB09
0000004A
FFFFFD3F
FFFFFD9E
00000245
FFFFFCED
FFFFFF2D
000000FB
000003A3
FFFFFF72
0000011E
000001A5
FFFFFE98
000000A7
FFFFFE78
FFFFFDAE
FFFFFFF9
0000007D
00000495
00000145
00000003
FFFFFC0F
FFFFFFBC
00000299
0000061A
000005AE
FFFFFC77
000000E8
FFFFFE83
FFFFFC71
0000028A
0000031A
FFFFFF9D
00000007
00000112
000000FA
00000216
00000122
FFFFFF04
FFFFFE85
00000021
FFFFF9C5
000004C4
0000003D
000000F3
FFFFFCD0
FFFFFEDB
FFFFFEDF
FFFFFF92
FFFFFE01
FFFFFC53
FFFFFC26
FFFFFC46
FFFFFF30
0000064D
FFFFFF6E
FFFFFAB5
FFFFFE02
00000002
000002BA
FFFFF8F7
FFFFFFA2
FFFFF92E
FFFFF911
FFFFFBDD
00000055
FFFFFE8C
FFFFFCE0
0000007B
000000A1
FFFFFF04
00000315
FFFFFD38
00000134
000003CC
FFFFFD4D
FFFFFEDF
FFFFFC2F
FFFFFE27
FFFFFD1E
FFFFFDB6
00000130
FFFFFFC3
FFFFFC9A
FFFFFE48
0000023D
00000174
FFFFFCA0
FFFFFC97
0000050B
000002F9
FFFFFFAF
FFFFFFBD
FFFFFD25
000005A7
00000503
00000424
000004B8
FFFFFE41
FFFFFEDC
0000021E
0000045F
000003B1
FFFFFD57
0000038C
000002A9
00000005
0000015C
0000049E
FFFFFF60
FFFFFBB9
000000EC
FFFFFB3E
000003AD
000001F5
FFFFFACA
00000208
FFFFFAAB
FFFFFCC4
000001D4
00000081
00000134
00000062
FFFFFF76
FFFFFB09
FFFFFEB4
FFFFFBF7
FFFFF9FD
00000489
000000B2
000008D9
FFFFFD32
00000372
00000379
00000375
00000091
00000126
00000235
FFFFFECB
FFFFFDDC
0000028E
00000174
FFFFFE8F
00000239
00000474
FFFFFC7F
FFFFFDC8
FFFFFE30
00000199
FFFFFF28
FFFFFE00
00000140
FFFFFF62
000003ED
000003A9
00000581
00000149
000002D2
FFFFFF67
00000500
FFFFFE81
000005A3
000002D2
FFFFFFF7
FFFFFE76
FFFFFD1D
00000215
FFFFFF7C
FFFFFEB2
000001E5
FFFFFC5B
FFFFFF63
FFFFFC65
FFFFFEBA
FFFFFDC1
FFFFFFD2
FFFFFEA9
00000172
00000173
000002F4
FFFFFB19
FFFFFE87
000002AD
FFFFFE11
000003E3
00000527
000003BC
000002FA
FFFFFFC0
00000469
FFFFFE97
FFFFFE6C
FFFFFC74
FFFFFF78
FFFFFF20
000004BA
0000018B
0000048D
FFFFFFAD
0000033F
FFFFFFA1
FFFFFE79
FFFFFE6C
FFFFFE69
FFFFFB57
000002CA
FFFFF993
FFFFFE56
00000091
000001BB
FFFFFE4C
FFFFFFB5
FFFFFF8A
FFFFFFF0
FFFFFF2E
000001E3
00000261
FFFFFC8E
FFFFFD33
FFFFFB33
0000005C
000000BA
FFFFFE85
FFFFFB6A
000001B7
0000021C
00000095
FFFFFE63
000004EF
FFFFFD15
000003C0
FFFFFBE5
00000420
000004E7
000004DA
00000053
00000689
00000187
FFFFFDA9
FFFFFF12
00000169
000003A5
00000107
000002A7
FFFFFE5F
000001DF
FFFFFD19
FFFFFDC1
FFFFFD5D
000000E9
000001B0
00000426
FFFFFE53
FFFFFBD7
FFFFFF1C
FFFFFBE5
FFFFFD2B
FFFFFD36
000002BF
FFFFFD6E
FFFFFEF3
FFFFFFD6
00000214
00000163
00000366
FFFFFAA3
FFFFFC5C
FFFFFFDC
00000001
0000034E
00000302
FFFFFB6C
FFFFFFEC
FFFFFEAE
FFFFFEF7
FFFFFCEA
FFFFFB3D
FFFFFD17
FFFFFF38
FFFFFADD
FFFFFB43
FFFFFBCD
00000295
FFFFFDF5
00000485
FFFFFFC2
00000313
000000D8
000001BF
FFFFFD8D
00000484
000005A0
FFFFFCFF
FFFFFD61
FFFFFDF3
FFFFFBC8
000004DD
000000B7
FFFFFE68
0000027B
FFFFFE08
FFFFFD0E
FFFFFE3B
FFFFFF6D
000003DE
FFFFFFAB
FFFFFF1F
FFFFFE7A
0000001A
FFFFFFF0
FFFFFC9A
000002BA
FFFFFEFF
FFFFFBD2
000003EC
00000100
0000043B
00000025
FFFFFC45
FFFFFC28
FFFFFEE0
FFFFFCD0
FFFFFE42
0000013E
FFFFFCD9
00000122
FFFFFEEC
00000011
000003D1
FFFFFF77
000005E1
00000726
000003E4
000000A7
00000314
FFFFFBCC
FFFFFA0E
FFFFFE04
FFFFFE20
00000464
000003B1
FFFFFF8D
FFFFFD20
FFFFFAD3
00000303
FFFFFDEB
FFFFFEA0
FFFFFDAB
FFFFFCEE
FFFFFF8E
000002BA
FFFFFE53
FFFFFFB4
FFFFFCD4
FFFFFF9C
FFFFFE30
FFFFFF28
00000080
0000041E
FFFFFBBD
FFFFF9CF
FFFFFC77
FFFFFF65
FFFFFE14
FFFFFDC7
FFFFFF1A
FFFFFE44
00000079
FFFFFCD1
000002E0
FFFFFE82
00000293
FFFFFFF9
FFFFFC15
00000053
0000050A
00000268
FFFFFA5C
00000190
FFFFFB53
0000040A
0000047F
FFFFFC05
FFFFFE66
FFFFFB79
0000010F
000004D0
FFFFFADB
FFFFFC3E
0000042A
00000397
FFFFFCE0
FFFFFD9C
FFFFFE17
000000F8
00000396
00000239
00000105
00000052
FFFFFAE3
FFFFFDD7
FFFFFB98
FFFFFFCD
000000C2
FFFFFF91
00000193
FFFFFC28
FFFFFF54
FFFFFF39
0000026D
00000079
00000153
00000343
FFFFFA2E
000001F8
FFFFFF82
FFFFFECE
00000002
00000083
FFFFFE44
000002DE
FFFFFEEB
FFFFFD2F
0000017D
FFFFFD3F
FFFFFE7B
000004B5
FFFFFE5C
FFFFFEAD
FFFFFBE1
000002D2
FFFFFB98
00000351
00000262
FFFFFE95
00000072
FFFFFF7F
000003F5
00000462
000000A4
FFFFFED9
FFFFFD19
FFFFFDBB
FFFFFB69
FFFFFF29
00000337
00000212
FFFFFED6
FFFFFDEC
000000A5
FFFFFF98
00000125
FFFFFC71
000003E5
000000F6
FFFFFD7D
FFFFFE05
FFFFFF0A
0000022D
FFFFFDBD
FFFFFD8A
FFFFFE82
00000085
FFFFFCF2
FFFFFBA6
FFFFFF7A
FFFFF700
FFFFFC9E
FFFFFF9F
FFFFFD69
00000087
0000022A
000004B4
00000092
FFFFFEC6
000003FD
000003DE
00000017
0000027B
FFFFFECC
000002A7
FFFFF910
FFFFFA6D
FFFFFA74
FFFFFE13
FFFFFB2A
FFFFFB3B
FFFFFAED
FFFFFDE9
00000643
0000017F
000003EC
000003E1
00000691
000002C9
FFFFFE2E
000002A0
FFFFFF29
FFFFFDB0
FFFFFC9A
FFFFFC4E
000000F4
00000154
FFFFF97E
FFFFFD22
00000205
FFFFFFCC
00000088
0000052C
000001C3
00000004
00000557
FFFFFFCD
000004FE
00000153
00000214
FFFFFD21
0000018A
FFFFFF8A
FFFFFEF2
000000E0
00000158
FFFFFE53
FFFFFD5A
FFFFFF78
FFFFFF6F
FFFFFC4B
FFFFFEE0
FFFFFBC8
FFFFFEF8
FFFFFDC1
FFFFFF13
00000083
FFFFFC7D
FFFFFABE
FFFFFD16
0000009D
FFFFFE54
000000F6
FFFFFC03
FFFFFFF4
FFFFFFBB
00000210
FFFFFA92
FFFFFC64
FFFFFC47
0000005A
FFFFFED7
00000189
00000196
FFFFFE71
FFFFFD11
00000026
FFFFFF10
FFFFFC5F
FFFFFD93
FFFFFFE1
00000136
FFFFFE9A
0000030D
00000066
FFFFFE08
FFFFFD9E
00000140
FFFFFEC6
FFFFFB10
0000002B
FFFFFE6B
0000000A
000000CB
FFFFFC49
00000088
FFFFFF07
FFFFFFAE
FFFFFC1C
FFFFFA8F
0000029F
FFFFFE0D
000001C4
000003DF
00000292
0000035E
00000151
0000052F
000002BA
000000AC
000006A3
000000C9
FFFFFD23
000001CC
FFFFFA3B
0000075F
FFFFFBB9
000001FC
0000016A
000003E1
00000184
0000054A
00000125
000005C4
0000003C
FFFFFFBF
000000A1
FFFFFC62
00000553
00000290
FFFFFCCE
0000002D
00000101
00000287
FFFFFF42
FFFFFF0F
00000067
00000232
00000164
FFFFFF80
000001B0
FFFFFE0E
000001F5
00000260
FFFFFD4F
000001AC
000005BF
FFFFFED7
000000C9
FFFFFDE6
0000005F
000000CF
000000E6
FFFFFDC4
FFFFFD2C
00000197
FFFFFCA5
000000CE
000002D4
00000104
FFFFFD4D
0000010C
00000333
000000CB
FFFFFD35
00000303
00000205
0000010D
FFFFFFE9
FFFFFFD0
FFFFFCA5
0000011D
00000279
00000022
FFFFFD2F
0000008A
00000024
000001A2
00000291
FFFFFBDD
00000231
00000184
000001B1
0000014E
FFFFFBCD
FFFFFD24
FFFFFDFB
00000181
FFFFFF90
FFFFFEA6
0000034E
FFFFFEC2
FFFFFB46
000004FE
00000018
00000044
FFFFFF07
0000079B
00000320
00000315
000005FC
FFFFFD20
00000065
FFFFFE6F
0000009E
FFFFFFE8
00000036
0000042D
FFFFFA7E
00000009
00000287
000000F2
000003B1
00000544
00000201
FFFFFA66
FFFFFD9A
0000018B
0000018F
000002EC
0000019A
0000016E
FFFFFE5A
000001F3
FFFFFCB5
00000303
FFFFFDD8
00000184
0000008B
00000094
FFFFFD9F
0000028F
00000421
FFFFFF37
00000082
00000533
FFFFFE51
FFFFFDEE
FFFFFD1A
0000032C
FFFFFE5D
0000002F
00000294
FFFFFE60
00000257
FFFFFD15
0000019C
FFFFFE77
00000013
FFFFFE52
0000016D
00000226
000004C8
000001D2
000003C1
FFFFFBF0
FFFFFE84
FFFFFCA9
000001DE
FFFFFD07
FFFFFC2D
FFFFFE4D
FFFFFCF7
FFFFFECA
00000140
000000CA
FFFFFF2C
00000034
FFFFFF9B
FFFFFDFB
FFFFFF3E
00000205
FFFFFC50
000000F0
FFFFFBDA
FFFFFD62
00000094
FFFFFE97
FFFFFC02
FFFFFFA0
FFFFFE7C
FFFFFD29
FFFFFD67
0000043A
00000192
FFFFFD6F
00000621
000002F4
000000FF
FFFFFF8C
FFFFFCA3
00000459
FFFFFBA6
FFFFFC55
FFFFFE47
FFFFFF0B
0000026F
FFFFFE61
FFFFFE9B
000000CC
FFFFF9CB
FFFFFF8F
00000097
FFFFFD45
FFFFFC00
00000139
00000007
FFFFFCC0
FFFFFDD1
FFFFFF2E
FFFFFD0F
FFFFFED9
00000140
FFFFFCEB
0000005B
000000D2
FFFFFFDF
FFFFFF0F
00000230
00000388
000000AE
000001D8
FFFFFF42
00000389
0000031C
FFFFFDA3
FFFFFE7D
FFFFFC92
FFFFFFE0
FFFFFF39
FFFFFA5D
000000C6
00000499
FFFFFF1D
000002DC
00000129
00000277
FFFFFD9F
FFFFFD9D
00000129
FFFFFD77
FFFFFB94
FFFFFFC6
00000000
00000014
FFFFFE1F
FFFFFCA5
FFFFFEC2
00000393
000002F4
FFFFFF3A
000002A3
00000008
000001AB
FFFFFDF6
FFFFFEE7
0000017A
00000016
FFFFFB47
FFFFFF00
FFFFFE30
00000302
000000A0
FFFFFC71
FFFFFC81
00000270
FFFFFD22
FFFFFE69
FFFFFA9F
FFFFFB65
FFFFFFEA
FFFFF828
00000374
00000419
FFFFFE42
00000147
000004BF
FFFFFFCF
000000C5
FFFFFF78
000002E2
FFFFFD6C
00000241
FFFFFD88
000001EB
00000507
00000312
00000128
000002B8
00000231
FFFFFDB3
FFFFFF31
0000024C
FFFFFAC1
0000007A
FFFFFBAB
00000185
0000022E
FFFFFC20
00000028
FFFFFC03
000003F1
00000467
FFFFF940
000000E9
FFFFFD9A
00000284
FFFFF9AE
0000008E
FFFFF9DB
FFFFFDFB
FFFFFEAB
FFFFF9EE
00000123
0000005D
FFFFFDAB
00000130
00000330
00000038
000000F5
FFFFFE6F
0000008C
00000307
FFFFFFA2
FFFFFF52
FFFFFFA6
000000CD
FFFFFEA0
FFFFFD43
FFFFFF6C
000001E9
0000026D
FFFFFD91
FFFFFE5F
0000025A
00000067
00000338
FFFFFE8B
0000058C
FFFFFDAE
0000043B
000001FF
FFFFFFD2
00000561
FFFFFCB3
FFFFFE74
000001E0
00000183
FFFFFF2F
FFFFFEB0
0000012F
FFFFFFF5
FFFFFDC5
0000003E
0000053B
FFFFFF27
0000005E
FFFFFFAB
00000486
00000013
FFFFFFB5
FFFFFFB8
FFFFFD63
000000BA
FFFFFED4
FFFFFA9A
0000024F
FFFFFCD6
000001BC
FFFFFEB4
FFFFFEFB
FFFFFCF0
FFFFFE47
FFFFFFF9
0000013A
FFFFFEAA
00000175
000000D2
00000376
00000466
000006A9
00000426
000005A6
FFFFFE37
00000472
00000761
0000020A
0000042E
00000696
FFFFFDF9
FFFFFD43
FFFFFB43
0000009A
FFFFFBDE
00000261
00000071
FFFFFF1E
0000007C
000002EE
0000021D
000002EC
FFFFFF07
FFFFFEA9
FFFFFEF6
FFFFFEF2
000000D1
FFFFFFE5
FFFFFFCB
00000048
00000305
FFFFFF6E
FFFFFDA1
000002FE
000001B5
000000B1
000001F8
FFFFFCB9
FFFFFFD4
FFFFFC66
FFFFFCCE
FFFFFF3E
000001DC
FFFFFEC4
00000004
FFFFFE26
FFFFFCC5
000000A1
000000F5
FFFFFED8
FFFFFDC1
FFFFFD0E
FFFFFC54
00000098
FFFFFD8C
00000344
000003A3
00000264
FFFFFCCB
0000042F
00000292
FFFFFF28
FFFFFCDA
00000080
FFFFFBF1
FFFFFA33
FFFFFFB8
FFFFFE77
00000082
FFFFFF2E
000003D0
FFFFFEC1
000000E9
000002E2
FFFFFBB3
0000049E
00000021
FFFFFD62
0000031F
FFFFFEDE
FFFFF819
FFFFFBE1
00000020
00000146
FFFFFE6C
FFFFFCDF
0000034D
FFFFFD72
00000016
FFFFFBB9
FFFFFDC7
00000118
FFFFFDD5
FFFFFDD6
000001C3
FFFFFFF1
FFFFFFDC
000000F4
FFFFFDBB
000001B5
FFFFFE32
FFFFFDBD
FFFFFFEA
00000118
00000228
0000005D
FFFFFF94
0000006B
000000FC
FFFFFFD4
FFFFFB90
FFFFFDB4
FFFFFB8F
00000548
000005B4
00000150
FFFFFF55
0000026B
FFFFFEBF
FFFFF676
FFFFFBF7
FFFFFC7D
FFFFFE0C
FFFFFCAB
FFFFFEAE
FFFFFACD
0000012E
0000023C
00000094
000000EB
000000EF
0000046C
0000012E
00000515
FFFFFC80
FFFFFB12
FFFFFF7D
0000007A
FFFFFCC6
000001B2
FFFFFE90
FFFFFDDC
FFFFFEDE
FFFFFFC5
0000032F
00000163
00000327
FFFFF881
FFFFF926
FFFFF85B
FFFFF5D9
FFFFFE77
FFFFFB6F
FFFFFB1C
0000035A
FFFFFF07
0000023A
FFFFFE74
00000071
FFFFFF1C
FFFFFF96
00000018
00000301
00000239
000002AE
0000017E
00000294
0000039C
000001C2
FFFFFFB7
FFFFFDFD
FFFFFF1E
000001CD
0000008A
FFFFFCED
000000E7
FFFFFC28
00000397
FFFFFB0C
00000389
FFFFFF13
00000075
FFFFFCBE
FFFFFE8E
FFFFFFD4
00000226
FFFFFDE0
FFFFFD93
FFFFFD9F
FFFFFF11
00000199
FFFFFD2C
FFFFFAC5
FFFFFBF7
FFFFFFB6
FFFFFE86
FFFFFEE6
FFFFFFF7
FFFFFC3B
00000515
000001BE
0000018D
00000430
FFFFFE6D
FFFFFE3C
FFFFFCB7
FFFFFB1A
FFFFFD37
0000022E
FFFFFECE
00000102
FFFFFF67
FFFFFC1B
000001DD
00000487
FFFFFCAD
00000070
FFFFFCC5
FFFFFDC8
FFFFFDDE
FFFFFAB3
FFFFFDF9
FFFFFDEA
FFFFF9E9
FFFFFF8F
00000126
000000FE
000001E5
0000022A
000002F0
00000015
00000268
000002A6
00000304
00000173
00000031
FFFFFDED
FFFFFE71
00000023
000004C3
0000017B
00000218
00000124
00000390
0000016C
0000005C
FFFFFC1F
00000172
FFFFFDE5
FFFFFB47
FFFFFF12
FFFFF972
FFFFFBF1
0000001B
FFFFFF6D
00000051
FFFFFFE3
00000125
FFFFFE47
FFFFFECA
FFFFFFBF
FFFFFC46
FFFFFF88
FFFFFF19
FFFFFD75
FFFFFD65
FFFFFDE7
FFFFFD21
FFFFFA00
000000A8
FFFFFD53
000001FE
00000134
00000120
00000073
FFFFFE30
FFFFFB92
FFFFFC3B
FFFFFCD1
0000012A
00000085
000003A6
00000072
FFFFFCAA
FFFFFE8D
00000608
FFFFFDAD
0000044D
000000CA
0000011F
00000605
00000365
FFFFFC86
FFFFFF21
00000096
FFFFFE0F
000002FC
FFFFFEC1
0000000A
000000B6
FFFFFAA7
FFFFFFBF
000001C4
FFFFFDCB
0000029D
FFFFFF17
00000098
0000002C
000000BB
0000027F
FFFFFE08
00000252
000000DC
FFFFFF34
00000254
000006E9
FFFFFF8C
0000024D
FFFFFB36
FFFFFEE1
FFFFFD1E
FFFFFCE8
00000310
FFFFFD8D
FFFFFCAE
000003CB
0000053C
00000609
00000332
FFFFFE55
FFFFFEF0
0000002D
FFFFFE0F
000001DE
00000347
00000142
00000467
000004A2
00000447
00000363
0000075A
000001F6
0000010D
FFFFFBA3
FFFFFCC2
FFFFFEC3
0000011C
FFFFFFA9
00000237
0000056E
FFFFFCD9
0000013D
FFFFFE63
FFFFFDD9
00000108
FFFFFFF4
00000087
000002E6
00000315
0000018A
FFFFFF93
FFFFFD73
FFFFFC28
00000269
FFFFFE08
FFFFFBEB
FFFFFDEB
FFFFFE2C
FFFFFC54
FFFFFD2D
0000009E
000000CB
FFFFFFDB
000001F1
0000049E
FFFFFF85
FFFFFF20
FFFFFFDF
FFFFF933
FFFFFD13
0000007B
00000020
FFFFFF92
FFFFFFF2
00000161
FFFFFE8D
FFFFFDB8
FFFFFCBB
0000027C
FFFFFBFF
FFFFFD79
FFFFFF12
000002EB
0000042A
FFFFFFD8
000002F5
0000056C
FFFFFEB2
FFFFFAF2
0000004F
00000159
FFFFFF28
FFFFFE92
0000037B
FFFFFB2F
FFFFFB4B
FFFFFD01
FFFFFE59
0000008A
FFFFFE58
FFFFFE79
000002FC
00000374
0000026D
FFFFFEE6
000002F4
FFFFFBEA
000003EA
000002D3
000000A4
000002DF
FFFFFC39
000002C2
FFFFFFF7
00000249
000000F8
000002F5
000001A3
FFFFFF6F
0000020B
FFFFFF6E
FFFFFD14
00000115
FFFFFBDA
FFFFFEBB
00000046
FFFFFEEC
FFFFF80C
FFFFFF93
000000B1
FFFFFA1B
00000337
00000141
000000DA
FFFFFC3D
FFFFFC2C
0000025F
FFFFFA41
FFFFFFB7
0000025B
FFFFFD9D
00000187
000002D1
FFFFFF10
FFFFFC81
FFFFFD7A
FFFFFEFC
FFFFFADE
00000302
00000140
FFFFFCDB
00000275
FFFFFACE
FFFFFD39
FFFFFB8E
000002A7
FFFFF91E
FFFFFBC6
FFFFFDB0
000001AF
000001C7
00000102
FFFFFFA9
000001AD
FFFFFDBA
0000035D
0000003E
FFFFFB9D
FFFFF86F
FFFFFAE3
FFFFFD24
FFFFFEF7
0000031C
00000290
000001CD
00000035
000003E9
000002A1
000002B3
FFFFFCF3
00000482
FFFFFE37
0000027F
FFFFFF6D
00000045
000001FF
000002DD
0000032F
FFFFFEDD
00000038
FFFFFB4C
000001AF
FFFFFB00
FFFFFDEC
FFFFFEE3
00000169
FFFFF76A
FFFFFD7B
00000009
FFFFFB1C
000000E9
00000186
FFFFFFF4
FFFFFD47
00000026
000002AD
FFFFFCA6
00000070
FFFFFD76
000002AB
FFFFFEC2
FFFFFD63
000001CC
FFFFFC69
0000006A
FFFFFE6C
000002E4
00000375
00000463
FFFFFCDD
0000056D
000003B0
000000EC
0000033D
FFFFFF1A
FFFFFFD6
0000012C
000004C6
000005DC
FFFFFF5C
0000024D
FFFFFBF8
FFFFFB1D
FFFFFE9F
FFFFF9D2
0000045B
FFFFFC26
FFFFF8A1
FFFFFF22
00000118
00000379
FFFFFE06
000003D5
00000498
000003E8
000002EC
000004C0
000001AE
000001A5
00000046
FFFFF8D5
0000003C
FFFFFD9A
FFFFF98C
FFFFFE7C
FFFFFECC
FFFFFA47
FFFFFB25
000005D2
00000283
0000056B
FFFFFE6D
FFFFFE56
0000049E
FFFFFFF4
FFFFFF0D
000001B8
FFFFFED6
0000035D
00000051
FFFFFA71
000000B9
FFFFFC00
FFFFFC05
000001DA
FFFFFF04
0000049E
000003F5
0000029B
0000044A
000002C3
000001B5
000000FC
FFFFFA51
FFFFFC76
FFFFFD97
FFFFFF43
000003A5
00000163
FFFFFE48
FFFFFCB2
FFFFFC06
FFFFFC40
00000277
FFFFFAAB
00000214
000004A3
000003C8
FFFFFDA6
000004C6
000001F7
0000055E
00000712
000003B2
00000069
FFFFFE16
0000000D
FFFFF98B
FFFFFDD9
FFFFFA45
FFFFFBF1
00000183
0000042B
000001D8
000004E4
000001E0
000002BA
00000026
0000016B
FFFFFFD0
00000498
FFFFFF07
000002D2
00000293
0000027B
0000006B
0000017A
00000124
0000026A
00000401
00000016
FFFFFDCA
000000A4
FFFFFFB3
FFFFFA01
FFFFFB79
FFFFFC11
FFFFFDF4
000000D5
FFFFFE91
FFFFFB6D
000002FB
FFFFFD22
0000005D
FFFFFCE7
00000105
000002A7
00000011
0000003E
FFFFFC7D
FFFFFA95
000000E1
FFFFFD69
FFFFF864
FFFFFB8C
000001B1
0000005C
000001A3
0000021C
00000061
00000554
0000024B
00000194
000002B7
00000216
00000334
FFFFFCF2
FFFFFD21
000001A4
0000029A
FFFFFD08
FFFFFE92
000001C6
FFFFFF24
FFFFFDCF
FFFFFD60
FFFFFF9A
000000EE
FFFFFE9C
000000F2
00000303
00000035
0000019D
0000008C
FFFFFD39
FFFFFF93
FFFFFD0C
FFFFFD66
00000046
FFFFF9B4
FFFFF9BE
FFFFFCE2
FFFFFE90
0000073D
FFFFFEA0
00000700
000003D6
000002E0
FFFFFF84
000006DA
FFFFFF5E
00000485
FFFFFF70
0000030D
FFFFFF9F
FFFFFE94
000002B8
FFFFFD0B
FFFFFEBC
00000219
FFFFFF50
FFFFFAFA
FFFFFB41
FFFFFB9B
0000011F
FFFFFF75
FFFFFF56
FFFFFDF2
FFFFFF96
FFFFFF05
FFFFFFB1
000004B6
000002BD
000000CE
FFFFFE43
000003BD
000000A6
000000FA
000004C3
000003EB
FFFFFBFB
FFFFFD51
FFFFFE28
FFFFFEBD
FFFFFDFD
FFFFFF5E
0000006B
FFFFFDFD
FFFFFD8D
FFFFFE27
FFFFFFE9
00000059
000002BC
000001AD
FFFFFF2B
FFFFFE01
FFFFFF1C
FFFFFF01
000000D9
00000490
00000165
00000197
FFFFFD7A
00000175
FFFFFE08
000002E0
FFFFFF88
FFFFFF5B
FFFFFBFC
FFFFFEF5
FFFFFE26
FFFFFF5D
FFFFFEC1
00000139
FFFFFE7D
FFFFFEE1
FFFFFCF9
FFFFFFDA
FFFFFBD6
FFFFFE28
00000012
FFFFFF93
FFFFFAB5
000000B0
FFFFFD86
00000192
000001C5
0000055F
00000127
000000CB
00000230
FFFFFE3D
FFFFFF9B
FFFFFFE2
00000124
FFFFFFD4
000000C4
000004B9
FFFFFFB6
0000024B
FFFFFEDD
000003D0
0000024E
FFFFFFDE
FFFFFD5E
0000022D
FFFFFC8D
FFFFFBCF
0000001E
FFFFFF42
00000019
000002C1
0000022E
000000E6
FFFFFCD2
FFFFFFA6
000001C4
FFFFFE08
00000386
0000024A
FFFFFFD5
FFFFFCD4
00000098
FFFFFCB5
FFFFFF7E
00000023
FFFFFDE5
FFFFFFE6
0000028A
0000017E
FFFFFEF4
000002DA
FFFFFCF9
00000207
000003CD
000000E2
00000164
FFFFFE79
FFFFFE0E
0000029C
FFFFFF53
FFFFFEE7
0000030A
FFFFFD4B
FFFFFF31
FFFFFE89
00000221
FFFFFD0E
00000225
00000001
0000006F
00000282
00000008
000000A0
FFFFFCFC
00000184
00000168
0000000C
00000326
0000018E
000000E1
000001D2
00000151
00000075
FFFFFFB4
FFFFFEF8
FFFFFB3A
FFFFFFD7
FFFFFF3E
FFFFFC22
FFFFFC5F
000002A5
0000019D
00000401
FFFFFFA0
FFFFFD42
00000550
000001D0
00000000
000001A8
000000B6
FFFFFBC3
00000167
FFFFFFFC
00000093
FFFFFBA2
FFFFFEFE
00000281
FFFFFF60
00000372
FFFFFEBF
FFFFFA6E
FFFFFC15
FFFFFE74
FFFFFF19
00000020
FFFFFF27
FFFFFAC6
000000F6
000000AC
FFFFFDB6
00000201
FFFFFED5
00000002
0000034F
000001E7
FFFFFE24
000002FE
FFFFFF92
FFFFFF1E
0000019F
000001D6
FFFFFC7C
00000032
00000183
FFFFFE30
00000240
000002B6
000000E5
FFFFFD96
FFFFFDE9
FFFFFD73
00000180
FFFFFE52
FFFFFEE1
00000086
00000290
FFFFFFAE
000000DD
000000A9
00000242
FFFFFE29
00000002
FFFFFC2E
FFFFFE75
FFFFFF67
00000119
000003CA
0000011B
FFFFFEE8
FFFFFEF5
0000017B
000002BC
000000A2
FFFFFE50
FFFFFF98
0000006A
FFFFFF51
000000D4
FFFFFE6B
FFFFFCF0
FFFFFDD9
FFFFFBDA
FFFFFD07
00000176
FFFFFFF8
000001CA
0000002D
FFFFFB94
FFFFFF56
0000021D
FFFFFD2D
FFFFFCB9
000001EA
000000C5
00000178
FFFFFBCE
FFFFFEF2
00000329
00000000
FFFFFB52
FFFFFF6B
FFFFFD24
FFFFFBCE
FFFFFF18
FFFFFE01
000000AB
FFFFFDBF
FFFFFF12
000002D2
FFFFFAE1
000002C8
FFFFFD99
00000043
0000035B
000001F4
FFFFFC34
FFFFFFAC
000001B0
00000019
FFFFFF3E
0000031E
00000071
00000145
000003AC
FFFFFFDA
FFFFFE77
FFFFFFF8
0000002F
FFFFFEDD
00000327
00000163
00000198
000002BD
00000285
000002AB
000001AB
000000EA
0000048B
FFFFFC8C
FFFFFE7D
FFFFFF14
FFFFFAF1
FFFFFED0
FFFFFA82
FFFFFAFE
FFFFFC79
FFFFFFFA
00000542
FFFFFDF0
00000111
00000205
00000366
000000F1
FFFFFED0
000006F6
00000074
00000243
000002E0
FFFFFF7B
00000152
000004B9
000003F3
FFFFFE41
000002A7
00000208
FFFFFE4D
FFFFFEA1
FFFFFF13
FFFFFFF4
FFFFFF01
FFFFFE6A
000000E4
000003DF
00000332
FFFFFDA7
FFFFFD8F
FFFFFAB5
FFFFFF22
FFFFFEC8
000000EA
00000181
FFFFFE3C
0000007B
FFFFFEB7
FFFFFB91
FFFFFE31
00000241
FFFFFD1E
000003BE
00000023
000001BE
FFFFFD8C
000000E3
0000010D
00000094
0000014D
00000327
00000159
FFFFFCC7
000002F1
0000033B
FFFFFF70
FFFFFF85
FFFFFCFA
000000BD
0000022A
FFFFFDE5
FFFFFDCE
FFFFFF78
000000FB
FFFFFE18
FFFFFAA1
FFFFFEDB
FFFFFD2F
00000078
FFFFFC60
FFFFFBE8
00000033
FFFFFE34
FFFFFF01
FFFFFE73
00000035
00000087
000000FD
FFFFFF7B
00000235
FFFFFE8F
FFFFFF6B
0000042F
0000043E
FFFFFFF5
0000049E
0000002F
0000006A
FFFFFFCE
00000494
000002C8
FFFFFEE0
00000074
0000027A
0000023D
000000C8
00000003
FFFFFF32
FFFFFE9B
0000013D
FFFFFD22
FFFFFE60
00000115
FFFFFC0C
FFFFFD56
FFFFFF6C
00000174
0000024F
FFFFFB92
000001FE
0000049A
000003A4
FFFFFFDA
00000101
000004D2
FFFFFFB8
0000002B
FFFFFE5E
FFFFFCD4
FFFFFC17
000001BE
FFFFFBBF
000000D2
FFFFFF8A
FFFFFED5
FFFFFE5F
00000028
000000EE
FFFFFBF6
FFFFFBCF
FFFFFF16
00000105
00000119
000000AB
FFFFFC7F
FFFFFF55
0000021D
000005DA
0000012C
FFFFFEF2
FFFFFEAB
00000539
000000D1
0000010A
0000018E
00000580
0000016C
000001BA
00000277
FFFFFE31
000001B2
FFFFFF84
0000038E
00000279
0000010E
FFFFFF51
00000525
0000025F
00000284
000004DB
0000036C
FFFFFFB4
000003D6
00000190
000000CC
0000015B
FFFFFE2E
FFFFFE00
00000073
0000026C
FFFFFBB4
FFFFFF2F
FFFFFDB7
FFFFFD5B
00000202
0000001D
FFFFF9D9
FFFFFD88
000001CB
0000029A
000003E8
00000476
FFFFFFD9
FFFFFD76
00000448
000003AD
0000025F
00000280
FFFFFFEB
00000001
000003CA
00000128
FFFFFF49
FFFFFA4E
000001F0
000002B5
FFFFFE2F
00000397
FFFFFB77
FFFFFF25
000002E8
00000452
00000708
FFFFFD9E
FFFFFF60
00000002
00000190
000004F7
000001E1
FFFFFAA0
FFFFFC71
FFFFFE9E
FFFFFC06
FFFFFACD
FFFFFE91
FFFFFF67
0000035F
FFFFFC46
0000007A
FFFFF7F5
FFFFF960
000002F6
00000091
0000002B
FFFFF966
00000112
FFFFFE67
00000318
FFFFFE3F
000002CA
FFFFFBD6
FFFFFAA2
0000001E
0000058E
FFFFFAB6
FFFFF82E
00000314
FFFFFFD1
0000029B
0000072E
000005A1
FFFFFA80
FFFFFEDA
0000026C
FFFFF72E
000000CD
FFFFFF18
FFFFFFC5
00000334
000000D1
0000060B
00000418
0000030B
FFFFF9BA
000000FA
FFFFFA3E
FFFFFCCF
FFFFFA88
FFFFFFEB
FFFFFF6F
FFFFFF58
0000021F
FFFFFF62
0000021E
0000019E
FFFFFCDD
00000058
FFFFFA80
FFFFFD6B
00000255
FFFFF7F2
FFFFFF02
0000029F
00000131
00000108
00000245
000004F9
00000117
FFFFFDE8
FFFFFFFC
FFFFFA55
FFFFFC2A
FFFFFC9C
FFFFFE03
FFFFFFEB
FFFFF853
FFFFF781
FFFFF9DD
00000349
000002F4
FFFFFE83
000002B5
FFFFFC75
FFFFFAAA
FFFFF7D9
00000140
FFFFFD05
00000436
00000522
00000001
000000E0
FFFFFC5E
00000049
FFFFFD83
00000209
FFFFFFD1
FFFFFEBA
0000028C
00000664
FFFFFB4A
00000550
FFFFF97E
FFFFFDF4
0000006A
FFFFFB79
00000467
FFFFF9C7
FFFFFC65
0000004F
0000001C
0000016E
FFFFFAF3
000001EF
FFFFFF64
FFFFFA0E
000002EF
FFFFFFBA
000000E7
FFFFFDFE
FFFFFB72
00000381
FFFFFB64
000003ED
000002E1
000001EE
FFFFFF6C
FFFFFC7F
FFFFFC62
FFFFFE7F
000003E9
FFFFFFFE
000001A7
000005CF
00000331
000002C2
FFFFF9DA
FFFFFE02
00000B0A
000002A1
FFFFFFB5
00000148
00000351
0000041C
FFFFFCA9
FFFFFA5E
FFFFF9A3
FFFFFB31
000001C3
FFFFFF6C
FFFFFF6A
FFFFFFC1
FFFFFD9D
FFFFFB56
0000010C
FFFFFF29
0000015E
FFFFFABB
FFFFFB7B
FFFFF736
FFFFF80C
000005B9
0000001D
FFFFFC74
FFFFFE2C
00000372
FFFFFE5C
FFFFFE88
0000059A
00000472
0000010B
FFFFF9E6
FFFFFBE1
00000234
FFFFFA92
FFFFFD02
000000B5
FFFFFC95
FFFFFFCB
FFFFFFB6
000001E5
000001A8
FFFFFB14
FFFFFECF
FFFFFC9D
FFFFFB3E
FFFFFBAD
FFFFFD36
00000313
FFFFFC96
FFFFFF3A
000001C1
FFFFFA2C
FFFFFAD9
FFFFFB67
FFFFFEFF
FFFFFFBB
FFFFFF3E
00000052
0000001C
FFFFFE36
00000413
FFFFF978
FFFFF9AD
FFFFF9E0
00000161
FFFFFF8F
00000203
00000254
00000274
FFFFF9B9
000003D0
FFFFFF4C
00000343
00000225
FFFFFE45
000000D9
0000054A
000002E1
FFFFFA7F
000001CB
000001F6
00000606
0000002A
FFFFF9F6
FFFFF864
FFFFFDC2
FFFFFBD6
FFFFFC23
00000729
0000034A
FFFFFA59
FFFFFB63
FFFFFEAB
FFFFFCC1
00000100
FFFFFE40
0000080A
0000008C
000000D9
0000012B
0000058B
FFFFFF3C
FFFFFD99
00000480
FFFFFCD1
000001B6
FFFFFAE6
000001C8
00000089
FFFFFC04
FFFFFE38
FFFFFBC0
0000024C
FFFFFE2D
0000018E
FFFFFC0F
FFFFF93A
000003BE
FFFFFB1D
FFFFFE68
000004D9
FFFFFF9D
0000021C
000004BB
FFFFFF4F
000002C3
000001E7
000001D4
00000492
000001D4
FFFFFFF8
00000022
0000000F
00000629
0000079A
0000079C
00000775
00000185
FFFFFC95
FFFFFDD9
000000A7
000005FF
FFFFFF91
FFFFFD15
FFFFFE7E
000003CC
FFFFFB65
FFFFFFA4
FFFFFA5E
FFFFF83F
FFFFFA60
FFFFFCDC
FFFFFCCB
FFFFFA94
FFFFF99C
0000026A
FFFFFC36
FFFFFB11
FFFFFEFA
00000115
00000189
FFFFF8AE
00000503
FFFFFF32
000002AB
FFFFF794
FFFFFD29
FFFFFB16
00000499
000005DC
FFFFFC6F
00000258
000000D7
FFFFF80D
FFFFFE51
FFFFFD97
00000680
FFFFFCF0
000004F9
FFFFFD4F
FFFFFD65
FFFFFEC1
FFFFF8FD
FFFFFAA8
0000008C
FFFFFE2D
FFFFF8EF
0000003C
00000483
000002DE
FFFFFB64
FFFFF93E
0000053D
FFFFFADB
00000162
FFFFFD7D
FFFFFEB4
0000006D
FFFFFA76
0000003E
FFFFFA7E
00000104
000000D8
00000363
FFFFFA05
FFFFFA88
FFFFF91C
0000014D
FFFFF8DC
000002C4
FFFFFCFB
00000203
FFFFFEA8
FFFFFC43
FFFFFF28
FFFFF949
00000296
FFFFF932
000004BA
00000181
00000118
00000629
00000083
000003E9
00000150
0000022C
FFFFFF6E
00000355
00000152
FFFFF780
0000026C
000000CE
FFFFFD43
FFFFFBDA
0000030D
000003A3
00000166
FFFFFBA8
00000284
00000232
00000091
00000129
FFFFFE92
0000012E
FFFFFBE8
FFFFFF2C
FFFFFC42
FFFFFF9D
FFFFFB79
FFFFF8BF
FFFFFB8E
FFFFFC25
000002A0
FFFFFED5
000002F4
FFFFFFF9
FFFFFD21
00000644
0000058C
000000DA
FFFFFF94
00000078
000000F5
FFFFFF37
00000000
FFFFFDEF
FFFFF9BD
0000069C
00000375
000003B3
FFFFFF24
FFFFFC20
00000082
FFFFFAE6
FFFFFC1E
FFFFFBD6
FFFFFE67
FFFFFEF6
FFFFFEFF
FFFFFCCB
FFFFFE6C
0000017A
FFFFFF76
FFFFFF6C
000001BB
FFFFFFE8
FFFFF8EE
FFFFFE85
FFFFFBD8
FFFFFC1F
00000086
FFFFFFC3
FFFFFD11
FFFFFAC3
FFFFFB1C
FFFFFCF1
FFFFFBDA
00000191
FFFFFB46
FFFFFD0C
FFFFFC93
00000613
00000324
FFFFFE92
FFFFFDA5
000003E1
000008C9
FFFFFE0F
FFFFFDAC
000000D2
0000048A
0000032E
FFFFFF3C
FFFFFF3F
FFFFFDE9
00000242
00000202
FFFFFED4
FFFFFE52
00000226
00000232
FFFFFC0F
000006CC
000009B7
000000E9
00000367
FFFFFCAC
000001D1
000001E9
FFFFFA56
000005CA
FFFFFB7A
000001CA
FFFFFE8B
FFFFFEAC
000000A4
000004D7
000003B8
00000564
FFFFF9B1
000003C2
0000035A
FFFFFC91
FFFFFEAB
FFFFF92E
FFFFFACD
FFFFFB59
FFFFFE3F
FFFFF95F
0000021C
FFFFFD00
FFFFFC3D
FFFFFFCB
FFFFFE47
FFFFFEC5
00000453
000008B2
00000552
00000179
FFFFFF02
000007B1
00000706
FFFFFBA5
FFFFFD6C
00000486
0000019A
FFFFFFE7
FFFFFF3B
FFFFFF5F
FFFFFE38
000002D6
FFFFFCE4
000003E3
00000219
00000108
00000055
FFFFF865
000009EA
FFFFFE02
FFFFFD9B
FFFFFDAB
FFFFFDAF
000002B1
0000016A
000000EE
FFFFFEE2
00000146
FFFFF892
FFFFFA8E
000001CB
0000013A
FFFFFFAD
000000F3
FFFFFC3D
FFFFFA0E
0000036F
FFFFFA73
00000183
FFFFFC99
0000038B
00000388
FFFFFE4A
FFFFF8F4
FFFFFE76
00000147
000000D3
000001E9
FFFFF915
FFFFFF37
FFFFFAF6
0000019A
FFFFFF7E
FFFFFE71
00000282
FFFFFAAF
FFFFFCE7
00000361
000001E2
00000046
FFFFFEC6
00000201
0000014E
FFFFFF62
0000014B
000000BA
00000012
FFFFFDC6
FFFFFCD5
0000001E
FFFFFE38
FFFFFCFD
FFFFFE2A
FFFFFFE3
00000032
FFFFFE14
FFFFFE94
00000131
00000009
FFFFFEB6
FFFFFD31
FFFFFCCF
FFFFFCFE
FFFFFCEC
FFFFFE6B
FFFFFF34
FFFFFBFC
00000084
00000209
FFFFFFA9
FFFFFDA3
FFFFFF01
FFFFFE41
FFFFFFD0
FFFFFFE6
000001C1
00000080
000002AA
000002E3
000000FE
0000027C
00000068
FFFFFDE2
FFFFFD7A
000001DC
FFFFFDFD
FFFFFF17
00000130
FFFFFDA4
000000FD
000001F4
FFFFFD0F
00000280
00000196
00000554
FFFFFB5E
00000408
000000D0
FFFFFE5E
000002ED
FFFFFD0B
00000279
FFFFFF3D
FFFFFF8A
FFFFFDE3
00000214
00000069
FFFFFCFF
FFFFFF73
00000370
FFFFFDEE
00000113
00000370
00000270
0000000C
0000025B
FFFFFFC4
FFFFFEA9
FFFFFF30
FFFFFFA1
000000F2
FFFFFDC8
00000003
FFFFFF26
000000E3
000002D0
FFFFFF17
FFFFFEA7
00000198
FFFFFC49
0000004C
00000053
FFFFFEE1
FFFFFB6C
FFFFFF12
FFFFFE7B
0000006B
000002E9
00000183
00000243
0000020C
000003F0
00000144
FFFFFE46
000000EB
FFFFFEBB
FFFFFE55
FFFFFCB8
FFFFFC17
FFFFFC3F
FFFFFF11
0000002F
FFFFFF63
FFFFFC2B
FFFFFFDD
00000338
FFFFFDF5
00000002
00000161
00000087
FFFFFD40
FFFFFF91
FFFFFF24
FFFFFF30
FFFFFE52
000002A9
00000198
FFFFFFD8
000002F1
00000138
FFFFFFF7
FFFFFEBA
FFFFFE7A
FFFFFD07
FFFFFDD5
FFFFFFAA
FFFFFF5E
FFFFFE72
FFFFFE10
FFFFFD09
0000009E
FFFFFE09
FFFFFD83
FFFFFDD0
0000032B
00000061
0000021D
000000B0
FFFFFD8C
0000037A
FFFFFE94
FFFFFF85
FFFFFE8C
00000083
0000007C
FFFFFF17
0000000F
FFFFFE80
00000234
00000261
FFFFFDEE
FFFFFF9B
FFFFFF7E
FFFFFCF0
000001D9
FFFFFFEF
FFFFFDE8
00000316
00000042
FFFFFFDE
00000150
000001D3
FFFFFFD4
FFFFFC14
FFFFFBCE
FFFFFE37
FFFFFECF
FFFFFF3A
00000076
000001DC
000001C8
FFFFFFB3
FFFFFEDD
000001DA
00000195
FFFFFF94
FFFFFDC9
FFFFFEFF
000002B1
FFFFFD2B
FFFFFEA0
00000277
FFFFFDAD
FFFFFEAB
00000051
0000018D
00000005
00000293
FFFFFED7
FFFFFE6D
0000021C
000002F3
00000199
FFFFFE3F
FFFFFC6A
FFFFFE5D
FFFFFB03
000000DD
0000012D
FFFFFC54
00000005
FFFFFF88
FFFFFE6B
FFFFFF5C
000003C3
FFFFFEE0
000000F7
FFFFFDA1
FFFFFDD6
0000017D
00000278
00000109
000000E8
FFFFFBF0
FFFFFD8C
FFFFFC1E
00000250
FFFFFBF3
FFFFFFAB
00000159
FFFFFAD3
000002F5
FFFFFFE7
00000040
FFFFFF78
000000DB
000001E2
0000006E
FFFFFF64
FFFFFDB6
000001D2
FFFFFE63
00000314
FFFFFFA0
FFFFFE63
000000A7
000001AD
FFFFFBDC
00000256
FFFFFCB0
000000B7
FFFFFD80
FFFFFC5C
FFFFFE99
00000005
0000025B
FFFFFF86
FFFFFD42
FFFFFFDB
FFFFFE1F
00000240
FFFFFF1A
FFFFFC61
0000000F
FFFFFEEC
000000CD
FFFFFC39
000002BC
0000024B
00000417
00000303
000000B0
FFFFFE9C
00000394
000000B2
FFFFFE18
0000001C
FFFFFF54
FFFFFD8C
00000297
FFFFFF71
FFFFFD56
FFFFFE6E
000000C8
FFFFFEE2
000001D8
FFFFFDC0
FFFFFEAF
FFFFFEDF
FFFFFC90
FFFFFEE6
000000B7
FFFFFFA7
FFFFFD6D
FFFFFF4F
FFFFFED1
FFFFFE5E
00000263
FFFFFF28
0000000F
FFFFFFC2
FFFFFEB7
FFFFFDDD
00000137
FFFFFED2
0000032F
0000001C
FFFFFC35
FFFFFEAF
00000268
00000312
0000011F
FFFFFF03
00000394
000001AF
00000194
FFFFFCC2
00000383
0000019D
FFFFFD33
FFFFFF46
FFFFFDE8
0000011C
FFFFFD58
FFFFFC9B
FFFFFF63
00000028
000001D0
FFFFFBE5
0000018B
000001CB
FFFFFFC2
FFFFFF0F
00000221
FFFFFDFA
000002E8
00000106
FFFFFCF6
FFFFFFF1
0000022F
FFFFFDDA
00000009
00000183
FFFFFFC8
0000012B
00000042
00000289
FFFFFFA4
000001B1
FFFFFE4C
000004E2
000003ED
00000107
000001D8
FFFFFF0D
0000028F
00000195
0000019F
0000024D
000001C2
00000379
0000040D
000000CF
00000378
FFFFFEBB
000000B1
00000101
00000095
00000299
FFFFFF91
00000476
000000D8
000001D9
FFFFFF59
000002DE
FFFFFF99
FFFFFCDF
0000001F
FFFFFDDA
FFFFFFB9
FFFFFC15
FFFFFF0B
FFFFFB95
0000024F
FFFFFE65
000002BF
FFFFFCEF
000001EB
00000286
FFFFFF17
00000017
000003AE
000002CE
0000031A
FFFFFD2E
000002E9
FFFFFF72
FFFFFEBD
FFFFFDE5
00000294
0000021B
0000007A
FFFFFF2E
FFFFFDD2
FFFFFB1C
FFFFFA70
00000373
FFFFFB75
FFFFFD38
FFFFFF35
FFFFFC29
FFFFFFF7
0000020A
000000CC
FFFFFEE0
FFFFFE2A
00000001
FFFFFEC8
00000275
0000014E
FFFFFD07
FFFFFEB4
FFFFFFCF
FFFFFD06
FFFFFC71
FFFFFCB1
FFFFFE27
FFFFFDDD
FFFFFE88
00000302
000000F7
FFFFFEEF
0000011A
00000093
0000029A
FFFFFDEC
FFFFFF09
FFFFFEF0
00000055
FFFFFFD9
000001A4
FFFFFDA9
00000250
FFFFFF84
FFFFFC78
FFFFFEE7
FFFFFE54
FFFFFE1A
FFFFFF0D
FFFFFDAE
00000000
FFFFFF45
00000354
FFFFFE3A
FFFFFDD1
FFFFFEAF
FFFFFE2B
FFFFFFA6
FFFFFF9E
FFFFFF0B
00000195
00000384
0000028C
0000016E
FFFFFF3A
000003AB
000004DB
000004C9
000002F2
000003F6
00000163
00000087
00000450
00000229
FFFFFF1A
0000002E
FFFFFDA6
FFFFFCC8
00000169
FFFFFECB
00000298
00000129
FFFFFEA7
FFFFFF28
FFFFFF4B
FFFFFD73
FFFFFE8D
00000063
FFFFFCFF
FFFFFD48
0000007D
FFFFFED1
000001D8
FFFFFE53
0000012A
000001DE
00000095
00000370
FFFFFE9C
FFFFFED8
FFFFFF6B
FFFFFE75
FFFFFDD7
0000016F
FFFFFD37
0000002E
FFFFFEB5
FFFFFC68
FFFFFD7B
00000135
000002A5
00000154
FFFFFDAA
0000015F
000001D4
000000E8
000000C7
00000187
FFFFFE4D
FFFFFCCD
00000331
FFFFFE6D
0000005D
FFFFFFB1
00000220
000000A1
000000B0
FFFFFF29
000002F3
FFFFFF07
00000403
0000013C
000001D3
0000004B
FFFFFE37
00000109
FFFFFFC4
FFFFFFF7
00000314
00000131
00000211
00000045
00000000
00000156
FFFFFFA6
000003DA
FFFFFD1D
FFFFFDE6
0000013A
FFFFFF53
FFFFFD2B
FFFFFC9A
00000093
FFFFFEEA
FFFFFDAF
00000328
FFFFFDD1
00000237
FFFFFC54
0000007B
FFFFFCC3
00000019
00000018
000000AE
FFFFFF28
FFFFFB4F
FFFFFF54
0000015B
FFFFFF32
FFFFFED3
0000030D
000000A4
FFFFFF5C
00000047
00000629
00000431
FFFFFFFC
00000255
FFFFFD16
0000043B
FFFFFE49
0000067E
FFFFFDCF
FFFFFB09
00000076
000002CB
FFFFFE0D
FFFFFE6B
FFFFFEB0
FFFFFCCB
FFFFFCBE
FFFFFEF3
FFFFFB43
FFFFFFF5
00000266
000001B2
0000004A
FFFFFFFC
FFFFFF59
FFFFFE6C
FFFFFB6C
FFFFFE94
00000014
FFFFFDDB
FFFFFB9D
FFFFFE22
00000099
00000036
000004A0
00000326
0000061B
000000DA
FFFFFF62
FFFFFE40
000000D7
FFFFFEE7
0000041F
FFFFFE04
FFFFFD36
000003EE
FFFFFED9
00000238
00000143
0000053F
FFFFFE45
00000372
FFFFFC2C
00000086
0000044E
0000045B
000005C8
FFFFFEC9
000002DE
0000082F
FFFFFA51
000004EE
FFFFFCA0
FFFFFA4D
FFFFFB8C
FFFFFE39
FFFFF96E
FFFFFFEF
FFFFFDD6
FFFFFFDF
000001C6
000000B5
000002E5
000001A7
FFFFFA48
FFFFFAB5
0000000C
00000642
FFFFFDA0
FFFFFC43
000001B3
00000262
000001D9
00000028
00000104
FFFFFEBF
00000037
000000DD
FFFFFF79
FFFFFB77
00000139
FFFFFED4
00000477
00000985
00000257
FFFFFFED
00000086
00000079
0000051B
00000573
000001E5
0000028A
FFFFFED7
0000063A
000004F3
00000752
00000423
00000383
000001B7
0000001E
000004E7
FFFFFC7F
FFFFFC17
000001CC
000003FB
FFFFFEDF
FFFFFDD2
FFFFFAC0
00000288
FFFFFA25
000002CA
00000433
0000029E
FFFFFD86
00000108
FFFFFDE0
FFFFFD88
FFFFFF7C
FFFFFD56
FFFFFDA6
FFFFFFB2
000003CE
000000EB
0000033B
FFFFFF97
000000E5
000001B4
FFFFFE40
000003F7
00000335
FFFFFC41
FFFFFFE0
00000489
FFFFFAFB
FFFFFCE5
FFFFFEC4
FFFFF986
FFFFFBD6
FFFFFE54
FFFFFED2
FFFFFF41
0000002C
000000A0
00000274
00000114
FFFFFDA6
FFFFFF9D
000004C7
00000063
00000273
000000B8
0000020F
FFFFFD57
FFFFFD34
FFFFFF0E
FFFFFD28
FFFFFCFE
000003B3
00000392
0000007F
00000338
000001B3
FFFFFECE
FFFFFAF7
FFFFFACD
FFFFFEE2
FFFFFD76
FFFFFCC4
000001D5
FFFFFD56
00000497
000001B4
FFFFFB7B
FFFFFDB1
FFFFFF34
FFFFFB92
0000036E
FFFFFEA9
000000CE
0000010B
FFFFFF74
FFFFFCE4
FFFFFBB6
0000011D
00000486
00000539
0000010A
FFFFFD43
FFFFFF69
FFFFFF0F
FFFFFF6C
FFFFFC94
FFFFFBD3
FFFFFB51
FFFFFE9B
000000B1
FFFFFDC9
00000179
000000BB
000002C2
FFFFFED4
FFFFFE4E
00000096
FFFFFFB8
FFFFFD16
FFFFFEA2
000000FC
FFFFFD8D
00000415
000006AB
FFFFFFE7
00000824
00000208
0000067F
0000018C
FFFFFE41
0000028A
FFFFFDC7
00000345
0000039A
00000162
000000DF
FFFFFE09
0000048D
0000064C
00000214
0000010B
FFFFF9B5
0000025D
000005DE
000006CE
FFFFFEE1
FFFFFF59
00000506
FFFFFF3A
0000008E
FFFFFE12
00000318
000003E3
000000DE
FFFFFF53
FFFFFE7B
00000229
FFFFFF4D
0000034F
00000467
FFFFFED9
00000156
000001AC
FFFFFD5A
000003D9
FFFFFE34
000002D6
000000BB
FFFFFE47
FFFFFA14
FFFFFA63
FFFFFB3E
FFFFFAC1
00000299
00000212
000003C2
FFFFFD8E
FFFFFD62
FFFFFBB3
FFFFFF68
00000279
00000036
FFFFFE03
FFFFFB7C
FFFFFE21
0000033E
0000009C
00000141
FFFFFE30
000002C7
FFFFFDF0
000004A6
FFFFFD5A
FFFFFE6A
000004FA
00000179
0000039E
000003CB
FFFFFE8C
0000059D
0000043E
FFFFFC1D
FFFFFF25
FFFFFF2D
FFFFFA73
00000138
FFFFFD8F
00000133
FFFFFA88
FFFFFA9B
FFFFFAB0
FFFFFDB0
00000410
FFFFFC43
FFFFF9DA
FFFFFD9B
FFFFFFAF
FFFFFA35
FFFFFE3C
FFFFFDB0
FFFFFEB3
FFFFF970
FFFFFF42
FFFFFDF9
FFFFFCC6
000003DC
FFFFFEA5
000000C0
00000013
FFFFFDAC
00000221
00000137
FFFFFED7
000002FD
00000041
FFFFFDD1
FFFFFC62
0000005E
FFFFFF75
0000005E
000001A9
FFFFFC01
FFFFFBD1
000000E3
000001E7
000001C3
FFFFFE19
000003D6
0000069C
FFFFFA9C
FFFFFE8A
0000042E
00000496
FFFFFC5B
FFFFFEC5
FFFFFF11
FFFFFB72
FFFFFD58
FFFFF7CD
FFFFFB57
FFFFFBC8
0000004E
FFFFFD34
FFFFFD8E
FFFFFE5F
FFFFFDBD
000000E8
0000005A
FFFFFF33
000000E3
0000022F
0000004A
FFFFFBFB
00000447
000001FE
FFFFFA43
000003B8
FFFFFD89
FFFFFEFE
FFFFFE1C
FFFFFE09
FFFFFCC9
00000214
FFFFFE2B
FFFFFDDC
000002A2
000001A4
000006AC
000004B6
0000028B
FFFFFE42
000002B8
00000163
000006AF
00000442
000002B8
0000006D
FFFFFE97
000001F5
000000EE
FFFFFCCE
FFFFFD97
000000A0
00000196
000000A8
FFFFFC4C
FFFFFC09
FFFFFD43
FFFFFC34
FFFFFED4
FFFFFCBA
00000340
00000169
00000359
FFFFFF42
FFFFFC2E
000004B1
000002DD
FFFFFFAA
00000225
FFFFFB70
FFFFFEF0
000006C6
000003C6
FFFFFF66
FFFFFF52
FFFFFD01
0000013D
FFFFFAC1
0000020A
FFFFFAFD
FFFFFDC4
FFFFF9D7
FFFFFBB1
FFFFFC45
00000237
FFFFFCB8
000001AB
000003D1
00000334
00000555
FFFFFE9D
0000028D
000003B6
FFFFFF09
FFFFFB20
00000472
FFFFFFAC
FFFFFBCE
00000002
FFFFFA98
000001AA
00000450
FFFFFCA5
00000204
0000017A
FFFFFF3B
000003B1
FFFFFF59
FFFFFFB5
FFFFFF21
FFFFFEE6
FFFFFAE2
00000237
FFFFFDD3
FFFFFE49
FFFFFD0C
00000117
FFFFFE2C
FFFFFDC6
000003D5
000003C3
FFFFFE6C
00000159
00000214
000000C9
FFFFFEE3
00000413
FFFFFEF8
000001A2
00000160
FFFFFC1F
FFFFFE0E
000005C5
000000EA
000003A5
FFFFFDFC
FFFFFFD9
FFFFFCF2
00000146
000004B3
000000D0
FFFFFEF4
00000027
000001A6
FFFFFF98
FFFFFF79
00000302
0000046B
000001DF
00000496
00000320
00000094
000003FA
FFFFFF3C
FFFFFEC3
000002DC
FFFFFDE9
FFFFFF1C
FFFFFDA9
0000001B
000000D9
FFFFFD8E
FFFFFC1F
0000008B
00000024
FFFFFE39
00000222
FFFFFD78
FFFFFFBF
000000DF
0000048F
0000033A
000005BC
FFFFFDA6
0000008E
00000255
000005E7
000006D7
000004A2
0000054E
00000046
00000680
0000055B
FFFFFF68
0000006C
FFFFFF11
000002FC
FFFFFCA3
FFFFFEAF
00000666
0000027A
00000793
FFFFFF8D
FFFFFAE1
0000022F
000002BA
000003BA
FFFFFF76
00000236
0000015C
FFFFFFB6
00000361
FFFFFE9F
00000107
FFFFFF7F
00000248
000003BE
0000016E
00000166
FFFFFAA0
FFFFFF79
FFFFFC41
FFFFFF19
00000590
000003A5
000000E4
FFFFFEDC
0000042A
000004F2
000003DB
FFFFFF90
FFFFFD00
00000529
FFFFFCA9
FFFFFBF8
FFFFFC0C
FFFFFC8B
FFFFFEFF
00000340
0000049F
000000D3
000002F7
00000276
FFFFFDAB
FFFFFFFD
FFFFFF6C
FFFFFFC5
00000209
000000E5
00000544
0000018C
FFFFFB73
00000274
FFFFFF0E
000001AF
FFFFFF1B
FFFFFF22
FFFFFC62
000002BC
FFFFFF5B
000000BC
000002BF
00000249
0000011B
00000151
FFFFFFB7
FFFFFED3
FFFFFE79
00000083
FFFFFDE6
FFFFFCDE
FFFFFE44
FFFFFE90
FFFFFE53
FFFFFD4A
0000020C
FFFFFF14
FFFFFD5A
FFFFFE0E
FFFFFD7A
FFFFFD6D
00000188
00000231
FFFFFD70
000000D1
000001AB
FFFFFDEF
FFFFFEE6
00000021
FFFFFD71
FFFFFCA7
0000007D
00000687
FFFFFCCA
FFFFFBD5
00000367
00000405
FFFFFEC9
00000467
FFFFFC85
FFFFFCE8
00000389
00000088
000000C6
000000F2
00000470
00000058
00000024
000002D3
0000005B
000000EF
FFFFFFB7
FFFFFEED
FFFFFF13
FFFFFFB5
000003EB
000004F7
00000095
000001F3
FFFFFDF2
FFFFFCD5
000000E2
FFFFFED6
FFFFFCE7
FFFFFC74
00000207
00000370
FFFFFD3A
FFFFFD39
FFFFFDBE
FFFFFD23
FFFFF830
000006C8
0000021E
000002B0
00000254
FFFFFEAF
00000535
FFFFFD37
0000007C
FFFFFE86
FFFFFD1D
000000C7
00000373
00000289
0000031A
000005AD
FFFFFF7D
00000041
000004E2
FFFFFE8E
FFFFFF81
FFFFFEF3
00000274
FFFFFFB1
FFFFFE81
FFFFF98F
FFFFFE20
FFFFFE60
FFFFFEA6
00000295
FFFFFA45
FFFFFA25
FFFFF8E3
00000229
0000003E
FFFFFF27
FFFFFFB6
FFFFFBCD
FFFFFE22
000002D6
FFFFFC60
000001BA
00000048
FFFFFD37
FFFFFE04
FFFFFE7A
00000556
0000039B
FFFFFFD1
0000012B
FFFFFC46
000003BA
FFFFFDC7
FFFFFA9C
FFFFFD47
0000011D
FFFFFEF1
000003BF
00000316
FFFFFF05
FFFFFCD8
0000023F
0000011D
FFFFFF50
FFFFFF03
00000170
0000034F
FFFFFE09
00000149
FFFFFF82
FFFFFEAA
FFFFFE05
FFFFFF57
0000001F
000002F8
FFFFFE11
FFFFFC1D
00000221
00000119
0000019E
FFFFFCFA
FFFFFDA2
FFFFFFC4
00000443
000000BF
FFFFFF59
FFFFFE23
00000090
000004CA
0000001D
FFFFFF8D
000002BB
FFFFFEB8
0000033F
0000040D
0000023A
000003E1
FFFFFE1A
00000341
000003B2
FFFFFD0C
00000079
0000041C
FFFFFF45
FFFFFD77
FFFFFF3D
000000FF
00000373
0000027D
FFFFFE9A
FFFFFBFC
000000C6
000000C7
FFFFFE84
0000001D
000002A3
00000286
0000004C
00000204
000000EC
FFFFFD8B
FFFFFF3C
FFFFFFDD
FFFFFE8F
FFFFFCD0
FFFFFDA4
00000198
FFFFFA60
FFFFFDB9
FFFFFE7D
FFFFFEFE
000000C0
FFFFFD39
FFFFFAB3
000001B5
00000136
00000080
00000660
FFFFFE42
FFFFFE3D
FFFFFFA8
FFFFFFDB
FFFFFE41
000002B6
FFFFFF79
00000002
FFFFFDAE
000000EB
FFFFFD95
00000263
FFFFFF09
0000001B
00000114
00000188
FFFFFEDA
FFFFFE31
00000117
000001F4
000000C9
FFFFFC75
00000441
000000A1
00000269
FFFFFE75
FFFFFCB8
FFFFFD98
0000002A
FFFFFF8E
000000A5
00000182
FFFFFB91
000000AD
FFFFFFEF
FFFFFF75
FFFFFE5B
00000060
FFFFFD81
FFFFFC5D
FFFFFA9D
000001B1
0000022D
FFFFFF8B
FFFFFAC3
0000017B
FFFFFD6D
FFFFFED0
0000029A
000000A3
FFFFFCFC
FFFFFD7B
FFFFFC36
FFFFFD3D
FFFFFFFD
FFFFFC6F
FFFFFBE3
00000199
00000022
00000355
00000341
FFFFFED6
000001FD
00000344
000001C8
000001A9
0000014E
FFFFFEFD
FFFFFFBE
0000011F
0000026A
00000215
000001C2
0000013B
FFFFFD4C
000002F1
00000520
00000497
0000054C
FFFFFD86
0000002F
FFFFFF2E
000006B6
0000009A
000001D6
000001C9
FFFFFF1A
FFFFFDEB
FFFFFD1D
FFFFFFDA
FFFFFC1C
000003F6
000004BE
FFFFFF4D
FFFFFEF4
0000006C
0000028F
FFFFFE13
FFFFFF51
FFFFFE2F
000000AB
FFFFFF9F
00000464
FFFFFF65
00000008
FFFFFE3D
FFFFFFDB
FFFFFCFB
FFFFFCFD
000004E9
FFFFFD40
00000110
FFFFFDE3
FFFFFE18
00000213
000000B5
FFFFFF29
FFFFFE5E
FFFFFF83
00000312
FFFFFE9E
FFFFFE0F
FFFFFE83
000001C2
00000056
0000000B
00000261
FFFFFED9
00000176
FFFFFF17
FFFFFDF7
FFFFFD91
0000045A
000004CE
FFFFFF96
FFFFFDED
00000120
FFFFFE56
FFFFFF8E
FFFFFA53
FFFFFF53
0000013A
00000381
FFFFFCA7
0000031B
FFFFFFAC
FFFFFE3F
00000344
FFFFFF66
FFFFFD1C
FFFFFB4B
FFFFFDFE
FFFFFD3E
FFFFFF98
00000204
000000BE
00000036
0000001D
00000226
FFFFFC7A
FFFFFE69
FFFFFBDE
000002CD
00000155
0000041C
0000006C
FFFFFD01
FFFFFC6B
00000160
000000A4
0000012F
FFFFFD96
0000000A
FFFFFCB7
00000436
FFFFFE33
000000EF
00000560
FFFFFFAE
000007B0
00000493
0000027F
FFFFFD71
000000AD
00000623
00000198
0000000E
000001B4
000003D7
0000039A
00000219
0000004A
00000213
000003AB
00000530
00000425
0000005F
FFFFFD9F
FFFFFF9E
FFFFFE9A
00000425
0000022C
FFFFFA8B
FFFFFCD6
FFFFFF6B
00000262
FFFFFF4E
000000F2
FFFFFD41
FFFFFCE4
FFFFFEBC
FFFFFE91
00000084
00000054
000002BC
00000303
00000221
FFFFFD6A
FFFFFFBC
FFFFFCAE
000000F0
FFFFFF93
00000059
0000001A
00000117
FFFFFFAC
000000BB
FFFFFFDA
FFFFFE96
FFFFFFF8
000001DB
FFFFFE9C
0000033E
FFFFFFC3
0000007D
FFFFFF85
000002A5
000003C9
0000007E
00000254
000002B3
00000197
FFFFFDF2
FFFFFE69
000000CA
FFFFFFF9
000000C4
FFFFFFCE
000004BD
00000446
FFFFFBD7
FFFFFC53
00000157
FFFFFD08
0000016C
FFFFFF34
00000390
00000197
FFFFFD16
000000D1
FFFFFE62
FFFFFB5F
FFFFFEF9
0000013C
FFFFFF73
0000040D
0000045A
00000039
000000E9
FFFFFEB7
000000FF
FFFFFE7B
000001BC
00000381
000002E7
FFFFFF1E
FFFFFF9B
00000452
0000030E
000002FF
0000022D
FFFFFEBB
FFFFFF4E
FFFFFEB6
000001ED
FFFFFE11
FFFFFC75
FFFFFEFC
00000247
FFFFFE3B
FFFFFEBC
FFFFFEB3
FFFFFF6D
FFFFFFE9
FFFFFD0C
00000546
FFFFFCC8
000000EC
000001E4
FFFFFE0E
000000E7
FFFFFB6A
FFFFFD67
00000088
00000197
FFFFFD4B
FFFFFDA1
FFFFFD2A
FFFFFEED
0000039F
FFFFFCF8
0000005B
FFFFFF0D
00000160
FFFFFE73
FFFFFCA1
FFFFFEC3
000003A4
FFFFFF21
0000031C
000000E6
0000024E
FFFFFDB2
FFFFFCF6
00000503
FFFFFDFE
000002E2
FFFFFCB3
FFFFFD27
FFFFFFB7
FFFFFF99
00000133
000002F0
0000017A
000000D9
000000D3
00000340
000002C4
FFFFFE9F
FFFFFE6B
00000428
FFFFFFB8
FFFFFF76
FFFFFDAE
000002AD
000000BC
FFFFFFE7
00000418
000004EC
000002F4
000000C0
FFFFFEA3
00000336
000001BE
FFFFFF02
FFFFFF29
000002F0
FFFFFDB0
000002BD
FFFFFD14
000003CE
00000306
FFFFFE6E
FFFFFFC1
0000001A
FFFFFC45
FFFFFEF6
FFFFFCCD
FFFFFDFB
0000005B
FFFFFF86
FFFFFD36
00000177
0000012F
00000112
FFFFFF58
0000022D
FFFFFD59
000002C7
FFFFFD90
00000274
FFFFFEBA
FFFFFDDD
FFFFFE7C
00000121
00000330
000000AE
FFFFFE19
000001CE
000000AD
FFFFFFBC
FFFFFF65
00000100
FFFFFFE9
FFFFFE09
FFFFFDF5
FFFFFCFE
FFFFFECA
FFFFFF30
FFFFFFA6
000002EC
00000033
0000029E
FFFFFDBE
0000025A
FFFFFC09
00000230
FFFFFF4A
FFFFFADD
FFFFFEA1
FFFFFEF0
000000E0
FFFFFF7E
0000016F
FFFFFEDE
FFFFFD15
FFFFFCCB
FFFFFE1D
000002B1
FFFFFD7C
000000F3
FFFFFD76
FFFFFE93
FFFFFE53
FFFFFE94
0000022C
FFFFFBFC
FFFFFC57
FFFFFD9C
FFFFFF8E
00000190
FFFFFF70
000000B8
FFFFFFF7
FFFFFC2C
FFFFFCA2
FFFFFCFD
FFFFFC55
00000101
000002F8
FFFFFFEF
FFFFFED6
FFFFFEAC
FFFFFEEE
00000317
000002FE
000002DA
FFFFF99E
FFFFF92D
FFFFFF8C
000003E6
00000040
000003CC
FFFFFFED
00000285
000000BD
FFFFFC9B
FFFFFEC8
00000458
FFFFFF34
000001A8
FFFFFF7E
FFFFFED4
FFFFFE3D
FFFFFDB6
FFFFFE57
00000064
FFFFFE24
FFFFFDA9
FFFFFEAB
FFFFFAD7
FFFFFC4D
FFFFFE99
FFFFFD35
0000019B
0000002D
0000002A
FFFFFF45
FFFFFCBE
FFFFFE77
0000013D
0000007A
000001B7
0000002F
FFFFFE22
00000225
FFFFFCBC
FFFFFFF3
0000014B
FFFFFE5E
FFFFFE25
FFFFFF90
FFFFFFF0
00000444
00000386
FFFFFD09
FFFFFE87
FFFFFCD6
00000117
FFFFFEB9
0000034B
00000329
FFFFFDDC
FFFFFD20
FFFFFC2B
FFFFFD5A
FFFFFF62
FFFFFF23
FFFFFF3C
FFFFFC94
00000422
00000232
FFFFFF73
0000009A
FFFFFD1D
00000182
FFFFFD2C
000001E3
0000022A
00000131
000002B1
00000122
FFFFFD9E
000003C3
000001F3
FFFFFB64
FFFFFDDD
0000012C
FFFFFCAA
00000224
FFFFFCB8
FFFFFD27
FFFFFE70
FFFFFBE1
FFFFFF15
FFFFFC19
FFFFF9CD
0000031F
FFFFFFAB
FFFFFEA3
FFFFFCDB
FFFFFE74
FFFFFE2E
FFFFFF31
FFFFFACC
FFFFF93F
00000350
FFFFFACD
00000045
FFFFFEBA
FFFFFD10
FFFFFE31
FFFFFCEA
00000071
FFFFFFFC
00000021
00000398
00000223
FFFFFFD1
FFFFFFCC
FFFFFD44
FFFFFDDC
FFFFFD51
00000363
000002E4
00000414
000000CD
FFFFFE37
FFFFFF20
0000017A
FFFFFDCA
00000261
00000143
0000030F
FFFFFEFA
FFFFFCCA
FFFFFE22
0000021B
FFFFFE80
000001B9
FFFFFD6C
FFFFFE65
FFFFFE30
FFFFFD27
FFFFFE4E
FFFFFEC6
FFFFFE57
00000136
00000262
FFFFFE4A
FFFFFF61
00000164
00000290
FFFFFF42
00000299
FFFFFD52
FFFFFE51
0000007F
FFFFFFE4
FFFFFFA7
0000013A
FFFFFF59
00000378
FFFFFFD7
00000043
00000184
00000007
FFFFFE10
FFFFFDCA
FFFFFE86
FFFFFF4C
000000F8
FFFFFEE7
FFFFFE8E
FFFFFEA8
FFFFFEB0
00000073
0000012D
FFFFFD9F
FFFFFF42
FFFFFE74
00000192
000001CE
FFFFFF72
0000000B
00000241
FFFFFF3F
FFFFFFB8
00000518
FFFFFDFE
00000089
00000302
00000205
00000200
00000337
FFFFFDBD
0000048D
000002F5
00000559
00000173
00000124
000001DA
000002A1
00000375
FFFFFF81
FFFFFE13
FFFFFF5A
000000AC
00000052
000000A0
FFFFFDBA
FFFFFCAA
FFFFFE86
FFFFFF9D
FFFFFD80
FFFFFDE6
FFFFFB98
0000000A
FFFFFC6E
0000006C
00000270
0000035A
FFFFFD42
0000036C
00000280
00000424
000003E5
FFFFFF25
FFFFFFD8
0000044E
0000000E
00000405
0000023D
000000F8
FFFFFFF6
0000026C
00000054
000000A5
000000CE
000001A8
FFFFFED0
000001F2
0000022C
FFFFFE47
000000E2
FFFFFC79
000000B6
FFFFFCC3
FFFFFF80
FFFFFD4C
00000342
FFFFFD64
000001A1
FFFFFD14
000000E8
FFFFFFC5
FFFFFDFC
FFFFFF3B
000000A3
FFFFFDB2
FFFFFEA1
FFFFFE60
FFFFFF8B
00000009
FFFFFB96
00000079
000000A1
FFFFFFD9
00000060
000001E4
FFFFFF3A
FFFFFE31
FFFFFF9F
00000003
FFFFFFB9
FFFFFEE4
FFFFFACB
FFFFFE65
FFFFFC4B
FFFFFD0C
FFFFFFF0
FFFFFD6D
00000172
00000048
0000006E
000001E0
00000018
00000007
FFFFFD94
FFFFFEB2
0000001B
FFFFFE9F
00000034
FFFFFF53
00000175
FFFFFC97
FFFFFDB7
00000257
0000018B
FFFFFF22
00000202
FFFFFC0D
FFFFFAD5
FFFFFC53
000000DB
FFFFFBCC
FFFFFBD7
FFFFFB85
FFFFFD0D
FFFFFDA3
000003A6
00000006
00000000
00000175
00000059
FFFFFBF1
0000021F
0000021C
FFFFFECF
FFFFFE8E
000002AB
FFFFFD70
FFFFFE3F
FFFFFF44
FFFFFF3E
000000EA
FFFFFFB7
FFFFFE9F
FFFFFB83
FFFFFC32
FFFFFE6C
FFFFFF7A
0000019C
FFFFFEDA
000001AB
FFFFFD63
FFFFFD6F
0000025A
00000231
FFFFFE74
FFFFFF47
000000D0
FFFFFB7B
0000025F
000001D2
0000039E
000000FA
00000047
FFFFFF67
FFFFFF3B
00000225
FFFFFFA4
000003D7
0000032B
0000025F
00000214
FFFFFF69
FFFFFE8E
FFFFFEAC
FFFFFF15
00000280
00000211
FFFFFE06
0000005C
0000005C
0000004F
FFFFFD98
000001E6
000001EE
00000345
FFFFFF33
00000138
0000013C
FFFFFDA8
0000006E
000000BB
FFFFFD60
FFFFFFAD
FFFFFDCA
0000036F
000002BB
FFFFFEC4
FFFFFE63
FFFFFEA3
00000239
FFFFFF86
000002AA
000000FB
000000B2
0000028B
FFFFFEAA
FFFFFEA3
0000018F
000001BD
FFFFFAFE
FFFFFC29
FFFFFD1C
FFFFFE32
00000217
FFFFFF84
FFFFFE70
FFFFFF10
FFFFFF12
FFFFFF2A
00000382
00000257
FFFFFDCB
FFFFFD57
FFFFFCDF
FFFFFDDF
FFFFFF90
0000005E
FFFFFF73
000000AD
00000013
FFFFFE19
FFFFFFA8
FFFFFFE8
FFFFFD7F
FFFFFB57
FFFFFE96
000001B6
00000352
FFFFFF3B
FFFFFBDC
FFFFFF47
FFFFFDDA
0000011A
FFFFFE56
000002A0
000000A8
FFFFFDE8
00000118
0000022C
0000006F
000001B7
000004C4
00000015
000001DA
000000D1
FFFFFE1E
FFFFFF36
000001AF
FFFFFC9E
FFFFFD5C
0000056D
00000196
000001B7
00000028
00000324
000001CC
00000249
00000034
FFFFFFA8
FFFFFC71
FFFFFE40
FFFFFF34
FFFFFF3C
FFFFFE3F
00000163
FFFFFB6C
000000E6
00000291
FFFFFE2F
FFFFFF3A
00000333
FFFFFC35
FFFFFBDF
FFFFFB62
FFFFFD45
FFFFFD65
FFFFFD8D
FFFFFEAD
FFFFFECD
FFFFFDB9
FFFFFEF6
00000064
FFFFFDF3
00000159
FFFFFF24
000002D3
00000302
00000186
0000038F
FFFFFDCF
FFFFFF19
FFFFFD75
FFFFFDC4
FFFFFCD7
FFFFFD49
FFFFFD77
0000029A
FFFFFE0C
FFFFFAE9
FFFFFFD6
FFFFFD1A
000000BE
00000117
FFFFFF5B
000004A5
FFFFFD84
000003C0
FFFFFBA9
0000046B
FFFFFE12
FFFFFFD3
0000012A
FFFFFCAC
FFFFFEBB
00000039
FFFFFD2A
FFFFFF33
00000029
FFFFFEA4
FFFFFE4D
FFFFFE97
000000B9
FFFFFF83
FFFFFF2F
00000109
FFFFFE46
0000009B
FFFFFE99
FFFFFFBD
FFFFFF7D
00000051
FFFFFE5B
FFFFFDED
000000A3
FFFFFC61
FFFFFE89
FFFFFE24
FFFFFF33
00000084
FFFFFFEF
FFFFFC75
00000384
00000058
00000227
000001EB
00000477
FFFFFE64
000001F2
0000010C
FFFFFAC2
FFFFFF29
FFFFFE5F
000000B7
00000101
FFFFFF8A
FFFFFE61
00000150
0000003D
0000036C
FFFFFE48
000004AC
0000014C
FFFFFF05
000003DC
FFFFFDFC
FFFFFE92
FFFFFE05
0000014D
000001DC
00000130
000002CC
FFFFFCF7
FFFFFDAA
00000323
FFFFFDFD
000000E7
000002D2
FFFFFD83
000002C5
FFFFFC4F
FFFFFFF6
00000093
00000362
FFFFFC5E
00000121
00000103
000003E9
FFFFFE78
FFFFFD79
FFFFFD21
FFFFFEAB
FFFFFE98
FFFFFDED
0000019E
00000042
FFFFFC3B
00000173
FFFFFFC6
00000237
FFFFFDFA
FFFFFDB3
FFFFFEC2
FFFFFE21
FFFFFEDE
00000261
000000A9
000003AB
000000AA
000000F3
000001B2
000000D1
0000021B
000001A8
FFFFFDA4
00000295
00000069
000002D1
FFFFFF7F
FFFFFF52
0000025D
FFFFFEA4
FFFFFEC0
000000B0
FFFFFD45
FFFFFF19
00000082
000002EB
00000115
FFFFFF82
0000003C
00000010
0000037B
FFFFFE6C
00000100
FFFFFFA0
FFFFFE7D
000003CD
00000141
000002D4
0000031E
FFFFFF22
00000098
FFFFFDFB
000001C3
FFFFFBA7
FFFFFEEB
00000159
00000095
FFFFFF09
000000A2
000003CB
FFFFFF39
00000244
FFFFFDDF
00000393
FFFFFFB0
0000027A
FFFFFF77
0000005D
FFFFFF82
FFFFFE74
000000AE
FFFFFC97
00000099
000002DD
00000292
0000032C
00000331
FFFFFF62
000001AB
FFFFFCC7
0000007D
FFFFFF70
000000EB
0000004B
FFFFFDAC
00000246
00000056
00000067
FFFFFBB5
FFFFFB76
00000319
FFFFFE7C
0000027E
FFFFFF1B
FFFFFF28
FFFFFF25
FFFFFEBE
FFFFFE3D
00000099
FFFFFCD1
00000187
FFFFFD35
FFFFFB16
00000263
FFFFFD6D
FFFFFF27
FFFFFF0C
00000081
FFFFFD7B
FFFFFA2F
FFFFFD3F
FFFFFDC3
0000028E
00000107
00000134
00000096
FFFFFE56
FFFFFEE9
FFFFFED1
FFFFFBC0
00000091
FFFFFD83
00000221
000000F8
FFFFFDF6
00000314
FFFFFCD9
FFFFFFCC
FFFFFE79
0000004A
000000DE
00000509
FFFFFED5
0000033A
000002BA
0000015B
0000001B
0000012B
FFFFFED7
FFFFFAA2
00000030
FFFFFFAE
00000307
FFFFFD53
FFFFFD67
00000099
FFFFFF65
FFFFFD97
00000110
FFFFFE49
FFFFFE00
0000006E
FFFFFDF9
000003B7
00000138
FFFFFD3A
0000015F
FFFFFD43
FFFFFCA9
0000004D
000000D4
0000024D
FFFFFD14
FFFFFF91
FFFFFDCB
0000062D
FFFFFD48
FFFFFFF9
FFFFFF0C
FFFFFF9B
000001AC
FFFFFED6
00000033
0000028F
00000278
000003F0
FFFFFEA6
FFFFFDCC
00000294
000002DB
0000049B
00000019
0000005C
FFFFFFCA
FFFFFE42
000000B0
FFFFFF1A
0000022F
000001D1
FFFFFE24
0000007F
FFFFFCB7
00000316
FFFFFE2B
FFFFFF77
000004DF
000005DC
0000027A
000000C7
0000008A
00000313
FFFFFC62
FFFFFEFA
000000AB
FFFFFE5A
FFFFFBF4
FFFFFF56
000001F1
0000027E
FFFFFFFE
FFFFFB5A
FFFFFE98
FFFFFFF5
00000181
FFFFFD11
FFFFFE22
000001B0
FFFFFD2A
FFFFFF6E
00000321
FFFFFD63
FFFFFF4E
000001E9
000000AD
FFFFFECF
FFFFFFA7
FFFFFEDB
FFFFFD1E
FFFFFEEE
0000042A
FFFFFD7D
FFFFFE0E
FFFFFFFB
000000C8
00000209
FFFFFC86
0000004C
00000051
FFFFFCC3
FFFFFF20
00000005
FFFFFCA1
0000047B
FFFFFED6
000000FC
FFFFFDCD
000003D5
0000031D
00000063
0000005A
FFFFFE86
FFFFFEF1
000000C2
000000E4
FFFFFE71
0000003E
FFFFFA84
FFFFFEB9
0000037D
000001EB
00000080
FFFFFD46
000000CB
000000D7
000001D3
FFFFFDD7
FFFFFD37
00000148
FFFFFB02
FFFFFF9D
FFFFFD90
00000283
00000180
00000488
000001F9
00000186
00000181
0000034F
FFFFFE2B
FFFFFEC1
00000026
000003EE
00000393
FFFFFDEC
000003A4
FFFFFE59
FFFFFE51
FFFFFF76
FFFFFF6C
0000023E
0000011D
00000100
00000201
FFFFFFBC
FFFFFD42
0000009F
0000023A
00000176
FFFFFBFE
000000AD
00000288
FFFFFF6E
000000B0
FFFFFC28
0000018C
000000FA
FFFFFF10
FFFFFDE5
FFFFFFFE
00000089
00000052
FFFFFB41
00000097
FFFFFBC8
000000EA
FFFFFFD3
FFFFFF37
FFFFFF69
0000026C
FFFFFD78
00000218
0000050F
00000067
000000DE
00000398
00000169
00000307
FFFFFF4F
FFFFFFA3
FFFFFCA2
00000333
00000422
FFFFFDA0
000000EC
FFFFFDB3
00000099
0000000B
FFFFFCFE
FFFFFD51
FFFFFD53
000003B1
FFFFFF00
FFFFFDAB
FFFFFBAD
FFFFFD03
00000257
00000031
FFFFFD07
000000EF
000001BA
00000070
FFFFFFF1
FFFFFD9B
FFFFFFB1
00000052
FFFFFE69
FFFFFEBC
00000016
000000CE
FFFFFCEA
FFFFFF9D
FFFFFF3A
00000013
FFFFFE8D
000003B1
FFFFFF49
00000405
FFFFFDFD
FFFFFF81
0000015C
000002D0
000004E6
FFFFFDD7
FFFFFC9E
FFFFFFE9
FFFFFEFD
000001B5
FFFFFACC
0000029D
0000014F
00000240
FFFFFF9B
000000C3
FFFFFEE1
00000173
000000C0
FFFFFF50
0000059E
FFFFFF26
FFFFFDD1
000000F7
0000037E
00000245
000001F6
00000080
00000204
FFFFFD43
000000FF
00000139
00000006
FFFFFE56
FFFFFF31
FFFFFDBC
FFFFFE56
00000415
000001C4
00000077
00000109
00000272
FFFFFE43
FFFFFF1C
FFFFFE05
000001BE
FFFFFDD4
FFFFFF06
0000004F
FFFFFEFA
FFFFFF40
0000046B
FFFFFD50
00000419
0000029D
0000009E
00000307
00000071
00000503
0000000C
00000007
00000497
FFFFFE0A
00000211
FFFFFDA3
FFFFFE7F
00000012
FFFFFEB9
FFFFFE55
FFFFFE16
00000236
FFFFFD17
FFFFFEB2
FFFFFCE7
FFFFFE1F
000000B4
FFFFFC29
FFFFFE6B
FFFFFE43
0000026B
00000001
FFFFFD64
FFFFFD4B
000001A3
00000270
FFFFFEA8
00000443
FFFFFEF7
00000414
FFFFFC20
00000423
FFFFFA70
FFFFFF4B
FFFFFFA1
0000016B
FFFFFF3D
FFFFFC3B
FFFFFCD0
FFFFFF82
FFFFFD6E
000000EA
FFFFFCA7
FFFFFDEC
000000D9
000001C8
00000532
00000381
FFFFFF77
000003D1
0000008A
0000000B
FFFFFFDF
FFFFFFC5
FFFFFE53
FFFFFDF4
FFFFFCD0
FFFFFF3A
FFFFFD9E
00000377
FFFFFCC0
FFFFF994
FFFFFFCE
00000091
00000022
000000C6
FFFFFFB0
FFFFFE25
0000040F
FFFFFE64
FFFFFF00
000003F3
000002F4
00000029
000001C2
FFFFFFDB
0000011F
FFFFFCDE
000001AB
FFFFFF2E
FFFFFE81
000000C5
00000229
FFFFFFF4
FFFFFE27
000001FF
FFFFFF26
FFFFFB17
FFFFFCEB
FFFFFD90
FFFFFB59
FFFFFA87
FFFFFC25
FFFFFB30
FFFFFC83
FFFFFE73
0000019C
000001DC
FFFFFF09
000002A2
000003D7
FFFFFE27
FFFFFF5D
000003DC
00000183
0000012F
000006BC
00000076
FFFFFCF5
FFFFFD16
FFFFFA92
0000016E
FFFFFD78
FFFFFD05
FFFFFAFA
FFFFFF5E
FFFFFD13
00000652
0000001A
0000030A
000003A2
0000043C
00000031
FFFFFD99
00000147
00000721
FFFFFC6F
FFFFFC35
FFFFF85F
FFFFFBA0
FFFFFBC3
FFFFFD89
FFFFFC67
000000EA
FFFFFA4C
FFFFFF3A
FFFFFDE2
FFFFFE3A
FFFFF7C0
FFFFF970
FFFFFB40
FFFFFD2B
000001B0
FFFFFC1D
FFFFFAB3
FFFFFEB0
FFFFFE8D
0000016E
FFFFFA17
FFFFFF20
00000209
FFFFFFED
000000E1
000001D4
FFFFFE30
0000004D
000000A6
000001B8
00000354
000003D6
000002D1
000005D6
00000155
0000003E
FFFFFCE0
FFFFFF09
0000014E
FFFFFF60
FFFFFB29
FFFFFC14
000000B9
00000082
0000030C
FFFFFBD0
00000366
FFFFFE2E
FFFFFE28
FFFFFADE
0000000D
00000258
0000014B
FFFFFCC8
FFFFFC2C
FFFFFEEE
FFFFFD14
FFFFFEB4
FFFFFF2D
FFFFFC46
FFFFFEA0
00000376
00000014
000000DD
FFFFFD5B
FFFFFD20
FFFFFFD7
FFFFFC63
FFFFFDB1
FFFFFBF5
FFFFFE77
000001C1
0000036C
000000EC
000004EB
000000C0
FFFFFE28
FFFFFFE8
00000231
FFFFFC91
00000179
00000080
FFFFFEE8
FFFFFCD2
FFFFFEDD
000001B9
FFFFFBEF
00000140
00000010
FFFFFDE0
000002CF
00000364
0000033B
FFFFFF9F
FFFFFFA5
0000019C
00000409
0000015B
000002F4
00000156
00000156
000000F8
0000005F
00000024
0000046F
000001E8
FFFFFF84
FFFFFAEF
00000360
FFFFFBFF
FFFFFBA5
0000003C
FFFFFF02
FFFFFA72
FFFFFFE8
FFFFFEBA
00000173
000003C0
FFFFFF5C
FFFFFF33
0000034E
FFFFFC9D
00000242
FFFFFEFD
00000163
000000D4
FFFFFF87
FFFFFE94
00000172
00000112
00000102
FFFFFD48
00000056
00000351
00000252
000000A6
FFFFFD8E
FFFFFE5A
00000179
FFFFFCDF
FFFFFC02
FFFFFFA4
FFFFFC32
0000004C
FFFFFBA2
00000234
000004FD
0000027F
FFFFFD63
FFFFFD27
FFFFFF5A
0000019E
000005B3
000000E2
FFFFFFFF
00000594
00000121
FFFFFE19
00000222
FFFFFEE8
FFFFFBEB
0000007F
FFFFFC87
000002EE
00000423
FFFFFE1C
FFFFFFDF
FFFFFEFE
00000256
FFFFFDB2
FFFFFCDF
00000032
FFFFFCA2
FFFFFB5E
FFFFFF55
000002C4
000003AC
FFFFFFDE
FFFFFCF4
FFFFFB7B
FFFFFF88
000001C7
000002F5
00000058
00000250
FFFFFF20
FFFFFE58
FFFFFD35
00000078
0000007A
00000105
0000025C
FFFFFF98
00000158
00000370
FFFFFF7B
FFFFFEB4
00000367
0000029F
00000340
00000006
0000023D
FFFFFEC8
FFFFFD40
FFFFFFE4
FFFFFC6E
FFFFFFB2
000000F5
FFFFFEA8
FFFFFE40
0000023A
00000199
00000193
00000202
FFFFFC2C
FFFFFE0E
00000142
000002C1
000004DD
FFFFFEBB
FFFFFFDB
FFFFFEB2
FFFFFD07
00000008
0000016C
FFFFFDB1
FFFFFE9B
0000035D
0000049E
000002B1
000004FD
FFFFFE55
FFFFFD69
FFFFFD8E
00000185
FFFFFF2B
FFFFFBFF
FFFFFFDB
FFFFFF1B
FFFFFFA2
00000124
00000032
FFFFFD62
FFFFF8FE
00000283
FFFFFC2F
FFFFF9AC
FFFFFF0B
0000018B
FFFFFE2A
FFFFFD39
FFFFFC6D
0000018A
000000BD
FFFFFC5A
00000372
0000015A
FFFFFFC6
FFFFFCC1
FFFFFF79
FFFFFC5C
FFFFFCAC
00000276
FFFFFEE8
00000065
FFFFFC8F
FFFFFDA0
FFFFFD32
FFFFFF0C
FFFFFD92
FFFFFC94
FFFFFE6B
000001CF
000004C8
FFFFFC7B
000001B9
FFFFFE49
00000296
00000019
FFFFFE7F
FFFFFDF9
FFFFFDDE
FFFFFC4F
FFFFFC47
FFFFFC5D
FFFFFD4D
FFFFFCAA
FFFFFECF
FFFFFE51
FFFFFFDF
0000002D
00000023
000003D0
00000277
FFFFFF90
FFFFFD51
0000022B
FFFFFE75
0000030C
FFFFFFBC
000001FD
00000249
0000045E
00000092
000000FC
FFFFFF04
FFFFFF94
FFFFFF84
FFFFFFB3
0000011F
FFFFFE51
000004B0
FFFFFDCA
0000022F
00000043
000001E6
00000065
FFFFFD34
000000C2
0000016F
FFFFFF43
000001B0
FFFFFFA7
00000482
00000018
0000004D
FFFFFD1B
00000041
FFFFFCB4
FFFFFCA6
00000266
00000363
00000175
0000026B
00000033
0000018D
0000030C
FFFFFFA2
FFFFFD42
FFFFFF04
FFFFFCC6
FFFFFF28
FFFFFD24
0000001C
0000007F
00000154
FFFFFF7E
FFFFFFDB
FFFFFEE5
000000F3
FFFFFFE0
FFFFFFAE
FFFFFE1A
00000546
FFFFFE37
00000464
0000008F
00000254
FFFFFD94
00000060
FFFFFFEA
00000102
00000127
FFFFFE36
FFFFFC13
FFFFFDEB
00000144
FFFFFE4E
FFFFFB8F
000000E6
0000012F
00000136
FFFFFF5A
000002B6
000004E9
0000022B
FFFFFBCF
000002AB
FFFFFE8D
FFFFFB91
000000FE
00000062
FFFFFF39
00000262
FFFFFD5D
00000194
000003C1
FFFFFFFF
000002F9
0000005C
00000387
0000021D
00000608
FFFFFF27
00000020
00000294
FFFFFD3D
000003E7
0000011A
000000F2
FFFFFB42
0000004A
FFFFFC74
FFFFFE14
00000204
FFFFFE8E
FFFFFC9E
00000280
FFFFFE35
FFFFFF80
000000BA
FFFFFD2D
00000553
00000419
FFFFFDE1
000003AF
000004EB
00000480
00000216
FFFFFF9A
FFFFFC41
FFFFFBB7
00000033
FFFFFFBB
FFFFFE4A
0000057D
FFFFFC38
FFFFFEB4
0000005E
00000334
FFFFFE3B
0000022B
00000180
000001BB
00000089
00000453
0000026F
FFFFFFD3
FFFFFF3C
FFFFFF77
FFFFFB69
000000E2
000003F6
FFFFFC9E
FFFFFB50
0000025A
FFFFFD53
FFFFFB8B
00000136
00000226
0000008B
0000032C
FFFFFE21
FFFFFCD4
FFFFFC25
FFFFFD17
FFFFFEC4
0000014F
FFFFFD03
00000290
000002AC
FFFFFD4F
000002B1
FFFFFED9
FFFFFE18
FFFFFC6E
000002EB
FFFFFE43
00000193
FFFFFE3E
FFFFFED5
FFFFFF17
FFFFFD56
0000007B
FFFFFF2D
00000058
00000101
000003C1
00000398
FFFFFF71
FFFFFF1C
0000006A
0000030C
00000349
00000076
00000028
00000190
0000055A
000002AD
0000026B
FFFFFDFC
00000006
00000252
FFFFFCBD
00000228
FFFFFC31
000000C4
000002B8
FFFFFD2B
0000002D
000004A5
0000029C
FFFFFE0D
FFFFFE01
FFFFFFE5
0000017E
00000094
FFFFFD68
000004A2
FFFFFC0A
FFFFFE66
0000041F
000001EC
00000568
FFFFFE25
000004ED
000002F1
00000184
FFFFFF5A
FFFFFE19
FFFFFD61
FFFFFF8D
FFFFFF94
00000215
0000019A
FFFFFAE3
000000B1
00000238
000002A0
00000193
000003EA
FFFFFE66
0000039E
00000127
00000467
00000236
000003D3
00000090
FFFFFDC6
000002F2
FFFFFCD6
00000051
000002F0
FFFFFE6A
000000BA
0000011E
000004C9
FFFFFD46
0000036F
00000223
0000043C
00000371
000002AE
00000098
FFFFFCDB
00000351
00000305
000003DC
FFFFFF05
FFFFFBAE
FFFFFD47
0000006C
FFFFFD03
00000179
FFFFFCE0
0000031F
FFFFFC5A
FFFFFE40
FFFFFE37
000001ED
0000023D
FFFFFE78
000002CA
FFFFFB54
FFFFFAC1
FFFFFE4C
000000CF
FFFFFACC
00000095
FFFFFB56
FFFFFDA9
FFFFF8D6
00000158
0000012A
000002F1
00000007
000002AD
000002AE
000001EF
000001C2
000002BA
00000259
FFFFFE92
00000239
00000348
0000024D
FFFFFF89
000002AE
0000008C
FFFFFF7C
FFFFFFE3
FFFFFEDE
FFFFF83D
FFFFF9F2
FFFFF87B
FFFFF8A1
FFFFFA09
FFFFFA12
FFFFFAF8
FFFFFC06
FFFFFC66
0000058D
FFFFF8F6
00000364
FFFFFF29
FFFFFF53
00000112
FFFFFBA2
FFFFFEE3
000002AC
FFFFFF41
0000001B
FFFFFECE
FFFFFE8D
0000054D
00000275
000002DB
FFFFFF19
0000058E
FFFFFFB8
FFFFFFEB
00000385
0000024D
FFFFFED9
FFFFFD7B
0000045E
000000D5
0000014D
FFFFFD6B
000003DA
FFFFFF49
FFFFFA8A
FFFFFE9D
00000203
000002AB
00000097
00000517
FFFFFEF7
FFFFFC68
FFFFFD66
FFFFFE0E
000000F0
00000094
0000007F
FFFFFD5E
FFFFFDCF
FFFFFDD2
000000F9
00000067
000000AF
0000012F
0000002F
000000D7
0000008B
000000F8
00000400
000000E5
0000033E
FFFFFF0A
FFFFFE97
000001E6
FFFFF8C8
FFFFFF6D
00000061
FFFFFCE5
000002C6
FFFFFCD7
FFFFFC7B
FFFFFB7A
FFFFFFFB
FFFFFDDB
000002F5
FFFFFB67
00000161
00000436
0000003D
FFFFFF93
0000021A
00000030
FFFFFD2A
0000000C
00000107
00000371
00000137
00000004
000003E5
00000205
FFFFFFE3
000003C9
00000009
FFFFFB43
0000050C
FFFFFE01
FFFFFCAD
FFFFFEFB
FFFFFFD3
FFFFFFC1
FFFFFCEA
000002C2
FFFFFD0E
FFFFFFB1
00000055
FFFFFB76
FFFFFE17
00000139
00000231
FFFFFEDC
FFFFFE70
00000408
0000033C
FFFFFCFB
000002FB
FFFFFCF4
00000110
000001C3
00000086
FFFFFA5C
0000014B
00000618
00000282
FFFFFFA6
00000270
000000C0
0000027C
FFFFFF1B
00000175
000004A0
0000049A
00000921
000001C4
0000028E
00000290
0000003A
00000341
FFFFFE1C
00000039
00000082
FFFFFE9A
FFFFFDEB
000004B0
FFFFFFAE
FFFFFABA
00000056
00000036
000001B3
000001A5
0000035D
FFFFFE23
0000009B
000003C4
00000335
FFFFFA9B
000001D3
00000427
000002FC
00000295
000002E9
FFFFFE45
0000037D
0000038E
000001DE
FFFFFDAF
FFFFFF4D
FFFFFCFB
FFFFFE2E
00000151
FFFFFE0C
FFFFFE48
FFFFFC2D
FFFFFC50
FFFFFCB8
FFFFFAC7
0000018E
00000086
000003E9
FFFFFDFA
FFFFFBB9
FFFFFD09
FFFFFF08
FFFFFC4B
FFFFFBCF
000000BB
FFFFFD59
FFFFFC96
FFFFFB5D
FFFFF9C4
FFFFF952
FFFFFD7D
FFFFF928
00000147
000001B5
000005D6
00000041
0000008B
FFFFFE50
000002AD
FFFFFF2A
FFFFFDAA
0000004F
FFFFFEA8
FFFFFC30
000000B3
000000DC
FFFFFE18
FFFFFEF6
FFFFFDEF
FFFFFCEE
000001DE
FFFFFCB9
00000081
FFFFFE63
0000020B
00000239
FFFFFF80
FFFFFFE6
00000027
FFFFFF48
00000087
FFFFFCC1
FFFFFDA6
FFFFFCF6
00000096
000002DC
0000042A
00000372
000003D2
000000D2
FFFFFF68
000000B0
FFFFFBB1
FFFFFDE9
000002B6
FFFFFA68
0000022C
FFFFFEB4
00000230
0000065A
0000034C
000002FC
FFFFFE26
000000B3
0000017A
FFFFFDA7
FFFFFD9D
FFFFFA9C
FFFFFB19
0000032E
FFFFFF3D
FFFFFFC3
00000215
FFFFFE5F
0000021D
FFFFFE0D
00000431
0000003D
000001DC
0000056C
000004A9
000004EA
000000C6
0000013A
FFFFFC16
000003F2
00000320
0000032F
FFFFFE9C
000001ED
000003F8
FFFFFE3C
FFFFFF55
FFFFFB96
FFFFFABE
00000299
0000002D
00000296
00000277
FFFFFAC6
000001B2
FFFFFD45
0000016D
0000015A
00000439
FFFFFC97
000001E8
FFFFFD51
0000042A
000000EA
FFFFFD0A
FFFFF96B
000001A2
FFFFFFE0
FFFFFA33
00000150
FFFFFD94
FFFFFC08
FFFFFC3B
FFFFFD28
00000367
000001C0
FFFFFF88
FFFFFC86
FFFFFDFE
FFFFFE07
000000B5
000001E5
000002F7
FFFFFD8A
FFFFF9E7
FFFFFB95
FFFFFA17
FFFFFCE6
FFFFF8C9
FFFFF854
FFFFF8E4
FFFFF7C4
FFFFFC1B
FFFFFB1B
FFFFFCD3
00000240
FFFFFE71
FFFFFD9A
0000021C
000004B1
0000003F
FFFFFFFE
000001E0
00000033
FFFFFCF9
000003A0
FFFFFBA0
FFFFFE39
0000014B
FFFFFE7E
FFFFFF66
FFFFFE31
FFFFFD78
FFFFFC7E
00000201
FFFFFF0E
FFFFFBF5
FFFFFED4
0000002F
FFFFFC3C
FFFFF84F
00000158
FFFFFAE5
000002BF
FFFFFBDA
FFFFFFE9
0000014C
FFFFFBA8
FFFFFE31
0000006C
FFFFFD8E
000000FC
FFFFFE29
FFFFFD97
FFFFFD1A
00000103
FFFFFE07
FFFFFD55
00000499
00000203
000000DF
FFFFFF3C
FFFFFB07
00000414
00000585
00000574
FFFFFEB9
FFFFFDDD
00000039
000000B9
FFFFFF48
FFFFFD3B
FFFFFDDA
0000011A
FFFFFE01
FFFFFDF4
FFFFFF9F
FFFFFD1D
FFFFFDE6
FFFFFD6B
FFFFFB13
FFFFFDB9
FFFFFB67
0000005D
FFFFFC0F
FFFFFF2A
00000039
FFFFFDF9
FFFFFA74
000001E4
00000194
FFFFFB75
FFFFFD1B
FFFFFE11
000003AA
0000010C
000002AD
FFFFFFCC
000000B7
000002AB
00000232
000001A6
FFFFFF13
FFFFFB82
FFFFFC35
FFFFFCA5
FFFFFDE2
00000274
FFFFF99D
FFFFFCE1
FFFFFC48
0000020D
FFFFFD32
FFFFFE12
00000737
0000041F
FFFFFF75
000001DC
0000073A
000002EB
000002AF
FFFFFC2E
FFFFFCC6
000001BE
0000002E
000003F5
00000612
00000228
0000066D
FFFFFFFD
FFFFFE04
FFFFFF79
FFFFFDEA
FFFFFF3E
FFFFFD53
00000009
FFFFFF76
FFFFFBF7
00000486
FFFFFFE8
FFFFFCB9
FFFFFBD7
FFFFFED4
FFFFFDDF
000000F7
000000D4
0000011D
FFFFF997
FFFFFA00
FFFFFDCE
00000023
FFFFFC72
FFFFF84E
FFFFFD17
00000110
FFFFFC94
000004C5
000001D7
FFFFFFE3
000000E4
FFFFFC8D
000002BB
000001B6
0000033D
000004A3
0000000B
000001BA
0000010E
00000042
FFFFFDD0
0000018B
FFFFFF6C
FFFFFB04
FFFFFBF9
0000022F
000001A0
000001E8
FFFFFFCA
FFFFFC1C
FFFFFF87
FFFFFFD4
00000274
FFFFFFB5
0000026A
00000207
00000266
FFFFFDB2
FFFFFE9F
0000031C
FFFFFE4B
0000015F
FFFFFBC1
FFFFFF78
0000004D
00000215
FFFFFD4A
000003D1
0000029D
000002AA
000000CD
FFFFFF72
00000298
FFFFFC5F
FFFFFD8E
FFFFFECE
000000BE
0000002F
0000028E
FFFFFF21
0000015C
00000707
FFFFFF5B
FFFFFF21
000002AD
FFFFFDDC
00000438
00000324
FFFFFCBD
FFFFFCE2
000000CD
00000106
FFFFFFD1
FFFFFD28
FFFFFFAE
FFFFFD9E
000001E8
0000011B
FFFFFBE6
0000034E
0000019C
00000230
00000275
00000291
FFFFFF07
FFFFFD62
000002F7
FFFFFC1A
000000BD
000000F3
00000143
000000FE
0000016F
00000080
000002DD
00000269
000003CE
FFFFFD87
FFFFFF41
00000096
FFFFFF97
000000B1
FFFFFF2E
00000005
FFFFFD1C
FFFFFECF
0000027E
FFFFFF1E
FFFFFF21
FFFFFD9D
00000140
00000127
00000448
FFFFFE96
00000355
000001B7
FFFFFE04
FFFFFC5F
FFFFFB94
FFFFFCFD
FFFFFB09
000000D6
00000041
00000174
FFFFFBAB
FFFFFD1D
FFFFFD7A
FFFFFCC5
FFFFFF2B
00000145
000000D8
FFFFFBF2
FFFFFDAA
000000D5
00000253
FFFFFEE9
00000074
FFFFFD96
00000202
FFFFFEC9
0000025C
FFFFFF13
FFFFFB3B
FFFFFBE3
FFFFFB46
FFFFFC84
FFFFFFFB
FFFFFEAD
FFFFFEC9
FFFFFCC0
000000D3
00000159
FFFFFCF5
FFFFFD64
FFFFFF0C
0000029F
0000043D
000002DE
FFFFFE57
FFFFFC5B
FFFFFC9F
FFFFFC78
FFFFFB71
00000045
0000009A
FFFFFFEF
FFFFFED5
000000B6
FFFFFC00
0000038D
000002CE
00000110
FFFFFFCE
00000110
000001B4
000001C0
FFFFFF07
00000274
0000014E
00000532
00000332
00000002
FFFFFDE5
00000260
00000513
FFFFFF02
FFFFFD84
FFFFFE6B
0000037F
FFFFFF1B
000001D0
FFFFFE34
00000294
0000044F
000002B6
FFFFFEC2
000001FF
FFFFFE81
000004EB
0000051E
00000472
FFFFFEDB
FFFFFF8F
00000406
00000107
FFFFFDE0
FFFFFCE4
00000281
000000E2
FFFFFE29
FFFFFAEE
FFFFFD6A
FFFFFF77
000001A0
FFFFFFA8
000001CD
000000BA
0000004A
FFFFFEAC
FFFFFAEB
FFFFFE82
FFFFFF14
00000013
FFFFFC7C
FFFFFFA6
00000255
00000329
00000352
FFFFFD56
FFFFFD34
000002CB
0000018F
FFFFFD36
FFFFFFDF
FFFFFEA8
000001D6
0000040A
0000010A
FFFFFF56
000000A4
FFFFFA55
00000127
000001C7
FFFFFE73
0000037A
00000005
00000271
0000005A
FFFFFEB0
FFFFFD97
FFFFFEEA
000000D6
FFFFFCC2
00000066
00000192
00000152
FFFFFBC4
FFFFFF2A
00000078
FFFFFF2D
FFFFFBAB
FFFFFB8C
00000082
FFFFFE2A
0000017E
FFFFFC00
00000166
00000064
FFFFFB19
0000010D
FFFFFE65
FFFFFB0F
000001E7
0000015E
FFFFFCCE
FFFFFF00
00000030
00000476
00000204
0000034A
000003CA
000000B8
0000027E
000004BC
FFFFFFE0
000002C2
FFFFFF3C
FFFFFE9E
FFFFFE05
FFFFFD3C
FFFFFED8
FFFFFF74
FFFFFE0D
000003BA
00000058
0000031E
FFFFFF50
00000584
00000226
00000335
FFFFFDD0
00000338
000001AE
000000D3
FFFFFADB
00000096
FFFFFF17
0000005D
FFFFFC3E
00000204
FFFFFE79
00000309
0000029F
FFFFFD0E
FFFFFAF8
FFFFFE54
000002CC
00000063
FFFFFD6A
FFFFFE83
FFFFFFF8
000001F1
FFFFFEDB
FFFFFE76
00000466
FFFFFC46
00000045
FFFFFF9D
000001BC
FFFFFFAC
00000036
FFFFFE71
FFFFFF9E
FFFFF987
FFFFFED7
FFFFFC8D
FFFFFDCA
FFFFFDFD
FFFFFE8C
FFFFFB56
00000006
00000272
000000E4
FFFFFC8F
000003CB
FFFFFEEC
FFFFFE9E
0000006F
FFFFFC9C
FFFFFFD3
000000F0
00000189
FFFFFE88
FFFFFD04
FFFFFBF7
00000052
FFFFFE41
00000143
0000022B
0000016D
00000237
FFFFFD95
FFFFFD38
000000C9
FFFFFE63
00000278
000001C1
FFFFFD7B
FFFFFE0A
00000075
0000008A
FFFFFFC7
FFFFFD8C
0000008E
FFFFFCEE
FFFFFBD2
000002AC
000003BA
000001FE
0000002E
000003D0
00000315
000004C5
000003A1
00000453
FFFFFF85
FFFFFDC2
FFFFFEEE
FFFFFD18
00000139
FFFFFF8F
00000404
0000066F
FFFFFF28
FFFFFCF8
FFFFFCDA
FFFFFC96
FFFFFD05
0000017F
FFFFFCB6
000003CE
00000360
FFFFFE50
0000011E
00000262
000001FD
000003FF
00000452
000000B2
FFFFFFE3
00000480
FFFFFF0E
00000190
00000312
0000010E
00000058
FFFFFD94
FFFFFB85
FFFFFE4B
FFFFFEA8
FFFFFC3C
FFFFFDF0
00000010
0000035C
FFFFFE83
FFFFFCD1
FFFFFA92
00000165
FFFFFF05
00000075
000000F7
FFFFFD35
FFFFFCA7
00000163
00000296
00000082
FFFFFE6F
FFFFFE2F
000001A7
00000449
00000282
FFFFFC90
00000537
00000224
000003B9
000000D4
000001FB
FFFFFEE3
FFFFFE22
000003EC
0000033D
FFFFFD93
000001BE
FFFFFF67
0000024D
FFFFFF07
FFFFFBB4
FFFFFF15
000000B4
FFFFFE8E
0000038C
00000271
FFFFFD80
FFFFFFEA
00000230
00000236
FFFFFFB8
00000521
FFFFFF4D
0000000B
FFFFFCFF
000000CF
FFFFFE26
00000464
0000044A
000002B7
FFFFFD5C
00000003
FFFFFEB4
FFFFFF5F
0000024C
00000363
FFFFFBB9
000000C1
FFFFFD88
FFFFFEE7
FFFFFFA9
FFFFFE42
FFFFFC9F
FFFFFEA6
0000001D
FFFFFE92
FFFFFDC2
FFFFFB59
FFFFFCCE
FFFFFFE9
FFFFFB8F
FFFFF911
00000150
FFFFFE49
FFFFFB64
00000386
000000CC
000001AE
0000035A
000000F7
FFFFFECF
00000016
00000117
00000329
000001EE
FFFFFC45
FFFFFD4D
FFFFFDDF
FFFFFDCD
00000068
FFFFFD69
00000001
00000235
FFFFFBC5
FFFFFE91
00000231
FFFFFFB6
FFFFFCE0
FFFFFFFC
00000112
FFFFFD2C
FFFFFE0F
FFFFFEA5
00000085
00000194
000005F4
FFFFFD89
00000275
0000053A
0000023F
00000289
0000038E
0000001F
00000067
FFFFFF1F
FFFFFF9C
000002B3
000004EE
000000C8
FFFFFE68
000000E2
FFFFFF96
000000DB
00000244
00000112
FFFFFD39
00000477
000003AC
FFFFFDBB
000000A1
00000178
FFFFFDAA
0000027A
FFFFFF2D
0000019D
FFFFFC78
FFFFFF16
0000023F
FFFFFD14
00000213
FFFFFDFC
FFFFFEF9
FFFFFC0E
0000029B
000000B5
00000251
FFFFFF16
0000007A
0000017C
00000482
000002DE
FFFFFE21
00000098
000001CA
00000366
FFFFFF4A
0000020C
FFFFFD2A
FFFFFA9E
FFFFFBBF
FFFFFE34
FFFFFDBA
FFFFFFC8
00000104
FFFFFF1D
FFFFFB67
FFFFFD17
FFFFFFC3
FFFFFA52
FFFFFB88
FFFFFF47
FFFFF6AB
FFFFFAC7
0000010E
FFFFFAA6
FFFFFD18
FFFFFF7B
FFFFFCD6
FFFFFDCC
00000135
FFFFFC4B
0000009D
FFFFFC18
FFFFFFAB
FFFFFCAD
FFFFFE0A
FFFFFE69
0000036B
FFFFFD40
00000317
FFFFFAEB
FFFFFD4E
FFFFFC95
0000035A
FFFFFD75
000004EF
00000213
00000024
00000360
FFFFFF7A
FFFFFFC3
00000484
FFFFFD8D
000001FC
00000002
000002E1
000000F9
00000263
00000272
00000303
000003B2
00000303
FFFFFE9C
0000012F
FFFFFEDC
FFFFFEF9
0000042E
000000F6
000000CD
000002F6
FFFFFF31
FFFFFE5C
000001BC
FFFFFF68
FFFFFDF4
FFFFFF6D
FFFFFF1C
FFFFFF14
FFFFFD81
000003B9
FFFFFE25
00000027
00000016
0000032F
FFFFFE3D
00000188
000002BB
FFFFFAF8
FFFFFD3B
FFFFFF1A
000003FE
FFFFFEBE
FFFFFFC9
000004B4
00000221
00000275
000002EC
FFFFFE66
FFFFFC42
FFFFFCF3
FFFFFEBF
FFFFFE98
00000156
00000167
FFFFFECB
00000047
FFFFFFCB
00000066
0000013B
FFFFFF22
FFFFFC22
FFFFFEAA
FFFFFFCE
FFFFFFE2
FFFFFFDC
FFFFFE6D
FFFFFCAC
000001FD
FFFFFF20
FFFFFE53
00000306
FFFFFDF8
FFFFFE78
FFFFFC94
FFFFFE70
0000040C
FFFFFE64
000002DB
FFFFFF41
FFFFFEFE
FFFFFEE3
0000014E
0000005C
00000207
FFFFFB9E
FFFFFF01
00000180
00000013
000003BB
000000A9
FFFFFB96
FFFFFFC6
FFFFFD99
FFFFFF01
FFFFFCD6
FFFFFF73
FFFFFE8C
0000045B
00000009
FFFFFC80
00000009
0000051E
000001EB
FFFFFEB6
00000347
000002FB
0000021A
FFFFFEAB
00000078
000001B6
FFFFFFC1
FFFFFDE0
0000044B
0000004B
FFFFFD16
00000067
FFFFFDAE
FFFFFDB3
FFFFFFD0
FFFFFF8E
000002A1
FFFFFDF1
00000217
FFFFFEFA
FFFFFDD5
000001FA
00000022
0000055A
0000009D
FFFFFB96
FFFFFD5E
00000059
FFFFFA39
000000BA
FFFFFF06
FFFFFDB8
FFFFFF24
FFFFFD41
FFFFFB0B
FFFFFCA4
FFFFFCE3
00000046
FFFFFFE0
FFFFFD04
FFFFF9DA
000000D9
00000179
000002CF
000002A8
00000044
0000031A
FFFFFEB6
FFFFFEC7
FFFFFF8D
0000047D
FFFFFF3C
FFFFFF31
FFFFFBEA
FFFFFDF9
FFFFFF79
FFFFFD33
FFFFFC89
FFFFFFE2
FFFFF956
FFFFFA02
000001ED
FFFFFA77
FFFFFF16
00000248
FFFFFE95
FFFFFDF2
FFFFFC5D
FFFFFE82
FFFFFCD6
00000226
00000336
00000510
FFFFFE6E
FFFFFE59
0000030C
0000037F
000002A5
FFFFFDB5
00000308
FFFFFDF5
FFFFFDA4
00000041
FFFFFD85
FFFFFC75
00000270
000001DE
FFFFFFDC
000003A3
00000266
00000026
FFFFFAE2
00000114
FFFFFDF5
000002B7
FFFFFFB0
00000180
FFFFFF25
000001A6
000000BF
000002FD
FFFFFE56
FFFFFDAE
00000141
FFFFFE85
FFFFFC9B
0000021F
00000553
FFFFFF72
FFFFFDDE
000002A4
0000006E
00000272
00000019
00000154
000004C3
000002FC
FFFFFE17
FFFFFD66
FFFFFD40
0000006A
FFFFFD28
FFFFFE80
00000646
000002AD
0000048B
000000A8
00000365
FFFFFF9A
000003FF
00000434
00000483
000003C1
00000469
FFFFFE76
000003E7
00000432
00000207
FFFFFFE6
0000025E
00000082
FFFFFFE0
FFFFFC35
FFFFFF22
FFFFFFEA
0000016A
00000466
0000035A
00000215
000000FF
000000D1
FFFFFFE5
00000067
000004E2
FFFFFF96
000002ED
000001CD
FFFFFF3E
000004E6
000000A2
0000018C
FFFFFF8B
FFFFF9AA
FFFFFEC1
FFFFFA4D
000001EC
00000204
FFFFFBAD
00000011
0000002E
FFFFFC32
0000025B
FFFFFECC
FFFFFE31
FFFFFDB3
FFFFFD7F
00000043
0000034A
00000132
FFFFFE7F
FFFFFDD4
FFFFFA54
FFFFFF2F
FFFFFFDF
0000017F
000001AB
FFFFFD23
000004DB
FFFFFC34
FFFFFE13
FFFFFECF
000000BD
0000003F
FFFFFD54
00000073
00000198
FFFFFEC2
FFFFFD5D
FFFFFE1C
000000A0
0000001A
FFFFFE8A
0000016B
0000003F
FFFFFD81
FFFFFFA0
000001D1
FFFFFD41
FFFFFF6C
FFFFFE06
FFFFFDB9
000002A5
0000032D
0000029E
000001DF
FFFFFD2E
000001E6
00000278
00000227
000005F3
00000247
00000017
000003A9
000003CE
000002E7
FFFFFFED
00000272
00000516
0000025C
00000213
000002C4
00000225
FFFFFF0E
FFFFFDF4
FFFFFFF7
00000432
FFFFFCE7
000000D4
FFFFFFC6
FFFFFDCD
FFFFFE4B
FFFFFCBC
FFFFFF15
FFFFFFF0
FFFFFFB6
0000007A
FFFFFD3A
0000008C
000000C1
FFFFFEB2
FFFFFCF1
FFFFFF36
00000083
00000329
000002CD
000002B6
FFFFFE58
000003A9
FFFFFF3A
FFFFFCED
FFFFF911
FFFFFCBE
FFFFFF0F
0000034C
FFFFFC58
FFFFFED8
FFFFFB0C
FFFFFCF7
000002E2
FFFFFE28
FFFFFE34
0000037F
FFFFFD3F
00000149
00000321
FFFFFDBE
FFFFFC28
FFFFFBD0
00000365
FFFFFC1A
0000003D
FFFFFB7E
FFFFFD71
000001C3
00000162
000002C7
FFFFFEA9
FFFFFE11
000002AC
000003D7
FFFFFDBD
FFFFFE8A
0000006E
FFFFFCCC
FFFFFE47
FFFFFE29
000000B8
FFFFFDB1
00000180
000001A2
000004D0
FFFFFF65
00000105
000003EB
000004CE
FFFFFC7A
FFFFFCAB
FFFFFF4D
00000190
00000012
00000055
000000AA
0000015D
0000011B
FFFFFCC7
FFFFFF3E
00000184
000001F8
00000223
00000211
0000017E
00000537
FFFFFFD6
00000282
0000010E
000002F5
0000085A
000002DB
FFFFFF76
00000144
0000048F
0000027A
00000315
00000101
000002D7
FFFFFAEA
0000016C
00000396
000003BF
FFFFFC12
FFFFFA80
FFFFFD5F
00000255
000002B8
FFFFFCA4
FFFFFE0E
FFFFFCE8
000001B2
FFFFFA64
00000260
FFFFFDF5
FFFFFE38
FFFFFB7A
FFFFFB59
FFFFFAE1
000000B1
FFFFFD0C
FFFFFEF4
FFFFFDB4
FFFFFE4E
FFFFFEA1
FFFFFCC0
00000138
FFFFFB93
000000C2
FFFFFEC2
0000004E
00000267
00000239
FFFFFF27
FFFFFF6C
FFFFFAE8
00000004
FFFFFE3D
FFFFFDD0
FFFFFD70
FFFFFE30
FFFFFC84
FFFFFB19
FFFFFC94
00000076
FFFFF97B
FFFFFF1E
00000079
0000009B
FFFFFF28
00000446
FFFFFF1F
FFFFFFC4
FFFFFD71
000005DD
00000031
000000AA
FFFFFFB8
FFFFFD81
0000027F
000003BD
000004E8
FFFFFD60
000000BF
FFFFFEB3
FFFFFCCC
FFFFFDEB
FFFFFB8D
FFFFFD44
000002A6
FFFFFDF7
FFFFFBA0
FFFFFF84
00000196
FFFFFE4F
00000344
FFFFFF76
000004B2
FFFFFD02
FFFFFC9E
FFFFFDE0
FFFFFFE6
00000225
000001F2
000000E7
FFFFFD03
FFFFFF01
0000013F
0000014E
FFFFFF01
FFFFFEA4
FFFFFD37
FFFFFE0D
000003FE
FFFFFE84
FFFFFE2F
000001FC
0000035B
000002B9
00000317
00000384
000001EC
00000244
0000028B
FFFFFFD9
00000119
FFFFFDFD
FFFFFE1B
FFFFFC44
000002CA
00000359
00000173
FFFFFFA8
FFFFFED1
FFFFFBB3
00000263
FFFFFBF9
00000246
00000199
000000AC
FFFFFF80
FFFFFEAE
FFFFFDA1
FFFFFBE1
00000020
FFFFFF34
000000EA
FFFFFC98
FFFFFF9F
FFFFFD1B
00000402
FFFFFE32
000002D5
FFFFFE26
0000013D
FFFFFFA2
00000287
FFFFFF82
FFFFFD37
FFFFFEDD
0000006C
FFFFFE71
00000058
0000024E
FFFFFBB8
FFFFFE10
FFFFFB13
FFFFFDE4
FFFFFEEF
FFFFFFCC
FFFFFDA4
00000233
00000230
FFFFFEB5
0000000A
00000398
FFFFFFD5
00000325
FFFFFEBD
FFFFFD0D
00000393
0000014C
FFFFFE5C
FFFFFEDA
0000047D
000003A5
FFFFFF0A
FFFFFF03
FFFFFC1B
FFFFFE70
00000373
FFFFFDAC
000001A0
0000026F
00000094
00000000
FFFFFB83
FFFFFFA8
0000004B
00000082
FFFFFF54
000000E4
FFFFFDE7
FFFFFA9F
FFFFFA08
00000056
000003C5
FFFFFF80
FFFFFCDF
FFFFFCD0
FFFFFB19
00000118
FFFFFFB7
FFFFFEED
00000308
FFFFFEE3
FFFFFCE2
FFFFFD85
FFFFFCC5
0000011A
FFFFFEC4
000002DD
0000011E
FFFFFEB1
00000267
0000012F
000001CA
FFFFFECC
0000025D
FFFFFECC
000000E1
FFFFFFA7
FFFFFDF2
FFFFFAB2
FFFFFF35
FFFFFF61
FFFFFBEE
FFFFFBCD
000002C1
00000018
FFFFFB05
FFFFFDCE
FFFFFEB2
FFFFFEAD
FFFFFC8D
0000026A
000001BB
FFFFFE81
0000000B
FFFFFFE8
0000002F
00000113
00000182
00000299
FFFFFEEA
000003D7
FFFFFFD2
FFFFFFA1
00000003
000001F3
0000025F
000004B3
00000187
000005D9
FFFFFFE2
0000043D
FFFFFFBB
00000326
FFFFFD17
000001DC
FFFFFEDC
FFFFFD3E
FFFFFF78
FFFFFE82
0000009E
00000207
FFFFFDF0
0000052F
000001AD
000000E5
000004A0
0000044F
000002D1
000004D5
0000063D
0000014C
000000C1
FFFFFC49
000004B1
FFFFFE03
FFFFFEE3
000003AD
0000016B
FFFFFCDC
00000234
000002C4
FFFFFFD1
FFFFFE19
FFFFFD3C
0000018A
0000000D
FFFFFCB3
FFFFFACA
FFFFFEF8
FFFFFDC1
FFFFFAE1
FFFFFC07
FFFFFFCF
000001AF
FFFFFABF
0000042A
00000242
FFFFFACB
FFFFFEDA
0000006B
00000082
FFFFFCB9
FFFFFECD
000000BF
FFFFFFEF
00000052
00000359
00000160
FFFFFF8F
FFFFFC9E
000000A6
00000023
00000123
00000022
FFFFFEB2
FFFFFDC3
FFFFFF90
000000E2
000001A1
000000FA
00000321
00000114
FFFFFF8C
000004E6
00000011
0000014D
FFFFFD4D
0000043A
0000022E
FFFFFD83
FFFFFF55
000000EC
0000070C
00000742
0000031D
000000F9
00000045
00000197
00000182
0000012C
FFFFFF41
FFFFFFE0
0000020C
00000429
FFFFFD36
FFFFFD25
000003C5
0000032D
FFFFFBA7
FFFFFDAE
FFFFFC72
0000024B
00000086
000001A9
FFFFFE2C
0000025E
000003CF
00000307
0000025A
FFFFFFE8
0000020C
FFFFFD75
00000047
FFFFFD7D
00000070
00000336
FFFFFDCB
FFFFFFFF
00000307
00000355
FFFFFCAF
FFFFFFDC
FFFFFE37
FFFFF99B
FFFFF9BE
FFFFFCE2
FFFFFF2F
FFFFFF38
000000A0
FFFFFFB9
FFFFFCC5
0000002E
FFFFFE09
FFFFFE97
FFFFFE29
0000023D
00000318
00000346
FFFFFC75
000001DA
00000378
00000423
00000524
000004D7
FFFFFE8A
FFFFFF5C
000001AE
0000025F
FFFFFB14
FFFFFB6B
FFFFFD09
FFFFF9D0
FFFFFED7
00000408
000003DA
FFFFFDE4
0000011D
FFFFFF98
FFFFFD6C
00000240
00000024
FFFFFEDF
FFFFFBBF
00000324
000000AF
000000E6
000000A3
0000008B
000000F3
0000051B
00000201
0000026B
FFFFFCA7
FFFFFE9D
FFFFFE6A
FFFFFCBC
0000020E
00000348
0000041E
000003F1
00000267
FFFFFDE6
00000267
00000148
0000013E
FFFFFF8C
FFFFFFAE
FFFFFFEB
00000099
FFFFFCBD
FFFFFE10
00000260
000003C4
FFFFFB93
FFFFFCDA
000003A4
00000239
000000AF
FFFFFCFF
FFFFFCFD
FFFFFCC3
FFFFFCAC
FFFFFDCC
FFFFFCCB
000000F1
FFFFFE68
FFFFFC7F
000000B5
FFFFFDA3
FFFFFF05
000000D2
FFFFFF3A
FFFFFDAA
00000104
FFFFFF12
FFFFFBE6
FFFFFC9E
FFFFFE3F
000002DB
FFFFFF91
000001B4
FFFFFF26
000003B9
0000008B
FFFFFDEA
FFFFFFB5
000002AC
FFFFFB7E
FFFFFF61
0000039C
00000379
FFFFFF59
000001D8
000000EB
0000003E
FFFFFEF1
FFFFFCA2
FFFFFB70
FFFFFD15
000001A2
000001EB
000000B2
00000192
FFFFFF5A
FFFFFEAE
00000067
00000077
FFFFFC52
FFFFFC9D
000000C6
FFFFFD70
00000090
FFFFFB65
FFFFFEAF
FFFFFF73
FFFFFF6A
00000340
00000506
000002FE
00000227
00000424
000000B8
FFFFFF13
00000272
FFFFFDE0
FFFFFE9A
00000562
FFFFFFE7
000002AB
00000249
FFFFFF8C
FFFFFD53
000001B6
FFFFFE2A
FFFFFE1E
00000097
00000094
FFFFFEAB
FFFFFCCF
FFFFFF5D
000002C2
FFFFFFEE
0000046A
FFFFFE34
FFFFFF86
FFFFFF87
00000235
0000007B
FFFFFF79
FFFFFC71
FFFFFE5B
00000346
00000474
FFFFFF8C
FFFFFF00
00000287
00000245
FFFFFEAE
FFFFFE9A
000004A5
FFFFFE86
0000032B
FFFFFC44
FFFFFD70
000000FD
000001FA
00000053
FFFFFCFF
FFFFFB96
00000043
0000015E
FFFFFE17
000001EA
000000EB
FFFFFF42
000000C2
00000028
00000199
00000212
000000C4
FFFFFE21
FFFFFE8F
0000017D
FFFFFEEB
FFFFFC80
FFFFFCBA
FFFFFFBE
FFFFFE04
FFFFFD2B
0000011C
FFFFFC22
000000BE
FFFFFDDF
FFFFFB85
FFFFFE12
FFFFFC03
FFFFFEDC
000000FB
00000125
FFFFFA6D
FFFFFF62
FFFFFFA8
FFFFFD5B
FFFFFD5F
000001F4
000000E9
0000039B
FFFFFCBC
FFFFFFCB
FFFFFFA9
FFFFFC04
FFFFFBE4
000002D3
00000321
0000010A
00000146
0000004E
FFFFFB3E
000002D3
00000087
FFFFFE85
0000014A
FFFFFE84
00000178
00000153
00000256
000001D4
0000019A
000000DE
000000F1
000001A0
FFFFFEEA
00000418
000004F3
FFFFFD23
00000208
000005E9
000003C0
FFFFFFB3
00000155
FFFFFE49
FFFFFE96
000000E8
00000103
FFFFFF21
00000098
FFFFFD3E
00000234
FFFFFDE8
FFFFFED8
00000411
0000027F
00000490
FFFFFFE5
000005C4
00000586
000003FF
FFFFFCE6
000003E6
000004EF
FFFFFCA9
0000039C
000003E3
FFFFFF36
FFFFFC8B
0000041D
FFFFFDF8
FFFFFD1F
FFFFFD77
FFFFFC73
FFFFFECC
FFFFFD27
FFFFFF76
00000082
FFFFFE55
00000276
00000143
FFFFFFD5
000001EA
FFFFFD21
00000116
FFFFFCE7
0000038A
FFFFFE26
0000035B
00000095
000003B0
00000104
FFFFFEFA
000000D8
FFFFFEEF
FFFFFD2C
0000008E
FFFFFF06
FFFFFEBC
FFFFFFDD
000001AD
FFFFFF15
FFFFFFE8
FFFFFD33
FFFFFE24
00000186
FFFFFDFD
FFFFFD7D
FFFFFDA1
FFFFFDC8
0000022A
0000004C
FFFFFE92
FFFFFECF
00000041
00000059
FFFFFFFD
FFFFFE8E
000000A7
0000010D
00000284
00000052
FFFFFD57
FFFFFED4
FFFFFDCD
FFFFFFBD
000000D0
FFFFFFA2
FFFFFD79
FFFFFE82
FFFFFF38
FFFFFF0F
000000D0
FFFFFDF4
FFFFFF01
FFFFFE9D
FFFFFE81
FFFFFFD9
FFFFFCD3
FFFFFEF5
000001DA
FFFFFFDD
00000290
0000000A
FFFFFD45
000002C4
000000DE
0000024F
0000042D
FFFFFBBC
FFFFFEB4
FFFFFCC4
00000017
0000010A
FFFFFE20
00000010
FFFFFDE7
0000006A
FFFFFE83
FFFFFF45
0000021E
FFFFFD0E
FFFFFFEA
00000052
0000016A
000005C5
0000005D
FFFFFD1B
FFFFFDCF
FFFFFFA4
00000278
0000024B
000000E8
FFFFFD1D
FFFFFE6E
00000068
000003BF
00000229
000000F9
FFFFFF3D
FFFFFEBD
FFFFFDFF
000001CC
FFFFFF3A
FFFFFE07
FFFFFC75
0000005C
FFFFFF5F
FFFFFF61
FFFFFF46
FFFFFFA9
FFFFFC65
FFFFFD92
00000167
00000041
00000257
FFFFFD8F
00000067
FFFFFF71
FFFFFEC0
FFFFFBC5
000000E5
FFFFFEEC
FFFFFDCF
00000186
FFFFFFA3
FFFFFD24
FFFFFB7A
00000286
FFFFFFF5
00000576
FFFFFF67
0000008C
FFFFFFC4
FFFFFEB6
FFFFFCF3
FFFFFFF4
FFFFFEF2
00000046
FFFFFD89
0000004C
FFFFFF27
0000009E
FFFFFFF2
FFFFFB21
0000001F
FFFFFFF0
00000374
FFFFFE8A
FFFFFD5D
000001F7
FFFFFECF
000001EA
FFFFFDD7
FFFFFFC2
00000115
0000014F
00000050
FFFFFF8D
FFFFFF04
FFFFFECF
FFFFFEFD
FFFFFD4C
FFFFFEA1
00000329
000002C9
FFFFFF14
00000130
0000021F
FFFFFDD6
00000085
FFFFFC1A
FFFFFC99
FFFFFE27
FFFFFE0D
00000158
FFFFFDD6
FFFFFBDB
FFFFFD1D
0000003B
000001C5
FFFFFFDB
FFFFFFA2
00000246
00000417
00000126
0000001A
FFFFFF55
FFFFFE98
0000021E
000000BD
0000016C
0000027D
FFFFFF2B
00000031
000000A8
0000017A
00000003
000000A1
0000001B
FFFFFEE1
FFFFFF3B
00000007
FFFFFEBF
FFFFFE5D
FFFFFF01
FFFFFFBF
000000FC
000002B8
00000041
FFFFFD94
FFFFFEA2
FFFFFDAE
0000013A
FFFFFE68
000000AE
FFFFFD43
FFFFFCE9
FFFFFE99
FFFFFDB1
00000049
0000003B
000000D9
0000003F
FFFFFF44
000001F0
FFFFFF3A
FFFFFF9B
FFFFFE58
00000034
FFFFFD80
FFFFFE65
FFFFFE64
FFFFFC99
FFFFFC47
FFFFFE9F
FFFFFF11
FFFFFFEC
00000348
FFFFFEC5
FFFFFE5C
FFFFFFA0
FFFFFF06
FFFFFC6B
0000008F
FFFFFCE7
000000E3
00000096
FFFFFF35
0000013B
FFFFFDF9
FFFFFFFE
FFFFFD8E
FFFFFD9A
FFFFFDB4
0000000D
FFFFFDD2
FFFFFC6C
FFFFFD87
FFFFFD3A
FFFFFF41
0000020F
000002ED
000001F8
FFFFFB8B
FFFFFDB3
FFFFFEDF
00000537
000001B3
FFFFFFB8
FFFFFDCF
FFFFFDE9
000001DD
FFFFFF23
FFFFFF1E
00000072
FFFFFF9C
00000111
00000136
FFFFFEC5
0000016D
FFFFFF7E
000000C6
FFFFFBC4
FFFFFFBA
00000147
00000255
000001ED
000003C7
00000087
0000024D
FFFFFC9D
00000087
FFFFFF7B
00000330
000001C1
FFFFFF73
0000000F
FFFFFE08
FFFFFC72
FFFFFF33
FFFFFCFF
00000214
0000009D
FFFFFD52
FFFFFF53
FFFFFE33
000000B4
FFFFFFBE
00000189
000001F5
FFFFFFFC
000002B3
000004AF
FFFFFE3F
00000295
0000044C
00000110
FFFFFAED
FFFFFCAE
0000039D
00000322
000003F8
FFFFFF85
00000199
000001EC
FFFFFDAB
0000003D
0000019A
FFFFFE5F
FFFFFE8E
FFFFFE63
FFFFFDA6
FFFFFF3B
00000095
00000213
000000CA
FFFFFD6B
FFFFFE8E
FFFFFFB1
FFFFFCF4
000000A2
0000014C
FFFFFDDD
00000158
000000E5
00000050
00000070
00000168
FFFFFE73
FFFFFEA1
00000039
FFFFFEB5
FFFFFF8D
0000009E
FFFFFFD1
FFFFFDD6
00000185
000000FA
FFFFFFA8
FFFFFFDA
FFFFFEE3
FFFFFE15
FFFFFEB3
000000CB
FFFFFE22
FFFFFF02
0000002D
FFFFFEC5
FFFFFDC5
00000112
000000C7
000004FF
FFFFFF19
FFFFFEBF
FFFFFEC5
FFFFFE50
FFFFFDC3
000000B5
FFFFFF99
0000012D
000001EE
FFFFFDE9
0000027E
00000031
FFFFFE02
FFFFFECE
000001D3
FFFFFCBE
FFFFFFFF
000002FD
000000C9
000000C0
FFFFFE39
FFFFFFDE
FFFFFF53
0000021F
0000004D
00000309
FFFFFE45
FFFFFF7A
000003EF
000002F7
0000035A
000000E5
FFFFFD26
FFFFFCDC
00000090
000001BA
FFFFFFB3
000001B4
FFFFFCB6
00000104
FFFFFF34
FFFFFE6A
FFFFFA48
00000101
FFFFFF4C
00000193
00000004
00000116
FFFFFE9E
FFFFFECF
FFFFFF3F
000000ED
0000000E
FFFFFFA1
000002C7
FFFFFFDA
00000076
00000173
FFFFFF44
FFFFFE0B
000001FC
FFFFFF01
FFFFFE03
FFFFFED4
FFFFFE07
FFFFFEF5
0000017E
FFFFFDFB
0000011F
FFFFFEAD
000001DB
00000062
FFFFFF60
FFFFFE24
000000E9
FFFFFFC1
FFFFFE5D
FFFFFBEF
FFFFFF26
000000F2
0000007A
0000053F
00000247
FFFFFCDC
FFFFFD83
FFFFFF60
FFFFFF69
00000116
FFFFFDC2
FFFFFFE4
FFFFFFD7
00000097
0000023B
0000008C
FFFFFFBE
FFFFFF69
00000196
FFFFFF1B
FFFFFEF8
FFFFFC82
0000009D
FFFFFFFC
00000011
FFFFFE25
000000F7
FFFFFF87
FFFFFF1E
00000128
00000259
00000235
00000284
0000006B
FFFFFED6
FFFFFF56
FFFFFF4B
000001CC
FFFFFED4
FFFFFCB0
FFFFFFD5
000001D0
FFFFFF89
00000308
00000147
0000010A
00000090
FFFFFE04
FFFFFE29
00000081
000003A2
00000567
000000FA
00000275
FFFFFE0A
FFFFFDB0
000000DE
0000017F
FFFFFCEC
FFFFFF81
FFFFFF1B
FFFFFE73
FFFFFD1A
FFFFFD7E
FFFFFD42
FFFFFE83
0000020D
000001A5
FFFFFECF
FFFFFECA
00000035
FFFFFFB7
FFFFFEDF
FFFFFEF5
000001A6
00000270
FFFFFE0A
0000000E
FFFFFCF2
FFFFFBD4
FFFFFCED
FFFFFF27
FFFFFF96
FFFFFE16
FFFFFC94
FFFFFFF7
00000211
FFFFFF14
00000054
FFFFFD19
0000002D
00000100
000004F7
00000306
FFFFFE2B
FFFFFD03
FFFFFD21
FFFFFED9
00000233
0000026E
0000020E
000000C3
00000154
FFFFFE83
000000B7
FFFFFF06
00000359
00000047
FFFFFEAD
FFFFFF4E
FFFFFC8A
FFFFFEED
000001FB
000001F1
FFFFFFF3
FFFFFDF6
FFFFFC6E
0000005E
00000224
00000280
000002D1
FFFFFF5C
0000001C
0000029E
000002BB
000002D7
FFFFFD24
00000019
0000034E
000001B1
FFFFFF6E
FFFFFE40
FFFFFF11
00000084
000001C0
000002D5
000001EC
00000184
FFFFFF8E
00000086
FFFFFEC9
FFFFFEE4
FFFFFD80
FFFFFEFF
00000279
FFFFFCCD
FFFFFC7F
000000AE
FFFFFE20
FFFFFF6C
FFFFFC19
00000094
FFFFFFD7
FFFFFF25
FFFFFD36
FFFFFFD3
00000042
FFFFFF5F
FFFFFEEF
FFFFFDEB
000003C7
0000027F
FFFFFF84
FFFFFEE3
000002F8
FFFFFC43
00000388
000002EE
FFFFFFE4
0000017E
00000161
000000D0
FFFFFED4
000000B3
FFFFFF5A
000004A1
000001DA
FFFFFF35
FFFFFEC4
000001DC
000000FA
000002E4
FFFFFE09
00000408
000002C0
00000121
FFFFFFF5
00000210
0000013D
000003E0
000000AA
00000166
FFFFFF66
000003BC
00000045
000004E4
FFFFFA8C
FFFFFF27
FFFFFEAF
FFFFFD30
FFFFF943
FFFFFD1A
FFFFFDFA
FFFFFE9B
FFFFFCF3
00000449
FFFFFDCA
0000014A
00000279
0000024D
00000126
0000067A
FFFFFFAA
FFFFFE8A
000001FF
FFFFFEA3
FFFFFF6C
FFFFFDD0
FFFFFFDE
0000005A
00000002
FFFFFD18
000000A6
FFFFFCEF
000000C5
0000022F
000003D2
FFFFFBF5
FFFFFD01
0000010A
000004A4
FFFFFFED
FFFFFC78
FFFFFEAA
FFFFFC4F
FFFFFFB1
00000370
000001D9
FFFFFF06
FFFFFC78
0000020B
000002E9
FFFFFF27
FFFFFFFD
00000028
000001B1
000001C0
FFFFFF7A
FFFFFE10
000000D5
00000089
FFFFFDAB
000002A0
FFFFFD8A
FFFFFFBF
000001F6
000002C2
000003DB
FFFFFCC2
FFFFFFC2
000001C1
00000198
00000125
FFFFFC09
FFFFFB14
FFFFFCCD
FFFFFBD0
0000017F
FFFFFB4F
FFFFFCA0
000000AC
00000110
FFFFFB42
FFFFFC71
0000009B
00000167
FFFFFDB5
00000203
00000339
FFFFFE34
FFFFFD0F
FFFFFDF5
FFFFFE2B
00000115
FFFFFE43
000002DF
0000054B
000001C0
00000342
FFFFFBC2
FFFFFEB3
00000468
00000482
FFFFFF95
FFFFFDCC
FFFFFF53
00000152
000000A4
00000014
000003BE
FFFFFCFB
00000361
0000027B
0000020C
FFFFFFF4
FFFFFFB8
FFFFFE9E
FFFFFF1A
0000033C
00000123
00000373
00000538
FFFFFCAD
FFFFFF7B
00000276
00000116
FFFFFF3C
00000220
000002B0
0000024D
000001D8
000000A6
000005F8
FFFFFFF0
00000270
FFFFFBD1
000002A3
00000378
00000158
000001D9
FFFFFF81
FFFFFFF1
FFFFFB53
FFFFFD05
FFFFFD45
FFFFFEC8
00000078
000000B2
FFFFFCAF
FFFFFEBE
FFFFFE36
000001B4
FFFFFE84
FFFFFC0F
FFFFFE40
FFFFFCF2
00000332
00000270
FFFFFCA2
FFFFFECA
0000004B
FFFFFEF1
FFFFFEF7
FFFFFE68
0000016E
FFFFFF13
FFFFFE00
0000018E
00000155
000000D8
0000047D
FFFFFE93
FFFFFDAC
FFFFFFBC
00000437
00000333
FFFFFBF9
000001FD
00000071
00000120
0000028B
FFFFFF58
000000D0
00000541
FFFFFF02
000001EE
FFFFFF46
FFFFFF35
FFFFFE57
FFFFFB77
0000019E
FFFFFF2D
000003BA
FFFFFC53
FFFFFCC6
FFFFFD3B
FFFFFD27
FFFFFC57
00000235
FFFFFFC9
FFFFFFD9
FFFFFF40
FFFFFEA4
00000249
0000007E
FFFFFF22
FFFFFE40
00000079
000000B4
FFFFFC66
FFFFFF9B
FFFFFF49
FFFFFF4D
00000317
00000321
FFFFFDDE
FFFFFDE4
FFFFFF90
00000659
0000022E
FFFFFF15
FFFFFFAC
0000022F
FFFFFCA3
000004AE
0000046C
000000DA
FFFFFE23
FFFFFDFA
00000243
000001B5
FFFFFEE3
00000257
FFFFFF2D
00000027
000003F3
00000089
FFFFFEED
000001F4
00000448
FFFFFC8E
0000032C
FFFFFBA4
000001CB
000000F6
000003A5
0000035D
FFFFFBD1
FFFFFE88
000003B1
FFFFFFCB
FFFFFCBB
FFFFFF49
FFFFFF8E
00000256
00000066
FFFFFE67
FFFFFD79
00000228
FFFFFD47
FFFFFFB3
FFFFFE65
000004B7
FFFFFDF9
FFFFFD4D
FFFFFF9D
0000018F
FFFFFE18
0000034F
FFFFFB6D
FFFFFE6A
000003CC
00000287
00000237
FFFFFE3A
000000B6
FFFFFC71
0000029F
00000201
FFFFFFEE
FFFFFE05
FFFFFF1C
00000009
000002B0
000000AF
FFFFFDFA
00000240
FFFFFEE1
FFFFFEC6
FFFFFDEF
FFFFFFBF
FFFFFFD5
FFFFFCF1
000001AA
00000095
00000183
0000045F
FFFFFE4B
FFFFFD16
000003E5
0000035A
FFFFFEC4
00000006
000001AF
00000092
00000202
00000148
FFFFFF04
FFFFFF9F
00000427
0000024A
FFFFFEB6
00000206
FFFFFFDB
000001D0
FFFFFFC9
0000002A
00000134
FFFFFED5
FFFFFE9F
000001FE
FFFFFFB7
FFFFFC43
0000025B
000002AE
FFFFFE04
00000047
0000001C
FFFFFF54
FFFFFE77
00000227
FFFFFCC4
FFFFFDDA
FFFFFF0C
000002A3
000000DE
FFFFFD48
FFFFFD75
0000046E
FFFFFE6A
00000275
FFFFFF4C
FFFFFF82
FFFFFE3A
00000290
000000F1
FFFFFE67
FFFFFF2C
FFFFFE88
FFFFFF61
000003E8
0000000D
00000066
FFFFF942
FFFFFD25
000001FE
000000EF
000000E2
FFFFFC08
FFFFFE74
FFFFFFC5
FFFFFF40
FFFFFA85
FFFFFE88
FFFFFF53
FFFFFF8D
0000002D
FFFFFD1D
00000202
000002C2
000002E6
000003B9
FFFFFE69
FFFFFD39
FFFFFF3A
000001BC
FFFFFD29
0000036B
FFFFFDD3
000002A3
000001A1
FFFFFF97
0000024B
FFFFFE1F
0000041B
000005CE
00000741
00000031
FFFFFDF2
00000429
00000251
000004A5
FFFFFE61
0000031A
FFFFFCD1
FFFFFCF1
00000199
00000149
0000011F
000001E5
FFFFFEE0
0000021F
0000039E
000000C7
00000156
0000016C
000000A7
FFFFFF0B
FFFFFE96
FFFFFDF9
FFFFFFEE
00000034
000002E3
000003A7
000001FE
FFFFFDC9
FFFFFF6A
0000025A
000001D1
FFFFFF01
FFFFFED4
00000238
00000246
FFFFFF24
00000440
000005CB
000001D2
000005C5
0000018E
FFFFFBC7
FFFFFDD6
FFFFFDE9
000000DA
FFFFFDB7
FFFFFF11
FFFFFDB5
FFFFFD6F
000000F0
FFFFFD71
000001B5
00000010
0000023C
FFFFFC11
FFFFFC5E
FFFFFF77
00000336
000002C0
00000292
FFFFFECB
00000014
FFFFFD4D
FFFFFCFE
FFFFFD7E
0000030D
FFFFFC80
FFFFFE31
FFFFFC6E
FFFFFD8F
000000E9
FFFFFE61
FFFFFC6B
FFFFFBD5
FFFFFD62
00000022
FFFFFCE1
FFFFFEC4
00000298
FFFFFD2F
FFFFFC65
000000AF
FFFFFF76
00000012
FFFFFF9A
00000165
00000104
00000189
FFFFFE90
FFFFFDD0
00000043
00000434
000004EC
FFFFFF92
FFFFFDD5
FFFFFEAA
000000B5
00000305
FFFFFFB7
000000AA
FFFFFE08
000003C7
000001A4
FFFFFF9D
00000275
FFFFFFF3
FFFFFD04
FFFFFFBB
00000487
FFFFFD9A
000000CA
FFFFFF23
FFFFFFC8
00000315
000001A3
0000026D
000002F3
FFFFFEA8
0000032D
000005B8
00000369
FFFFFFA0
000002CD
00000079
0000035E
00000310
0000011B
00000002
0000046E
FFFFFF37
FFFFFE8C
0000046A
0000025D
FFFFFF2E
0000032A
00000128
00000112
00000291
00000329
00000321
0000011F
FFFFFD05
0000031C
00000306
FFFFFE67
FFFFFEC1
FFFFFDF9
FFFFFEE1
FFFFFE5A
FFFFFE99
FFFFFB9C
000001A7
FFFFFCB7
FFFFFEAD
FFFFFD31
000000D9
FFFFFD06
FFFFFD8D
FFFFFFC1
FFFFFF00
00000025
FFFFFC91
00000006
FFFFFD56
000001E7
0000041A
000001EA
00000079
FFFFFE79
00000170
00000480
0000035A
FFFFFEE4
000000F9
FFFFFF3A
FFFFFECE
00000275
00000273
00000251
0000003D
FFFFFE23
000001E5
0000029B
0000021C
000000D9
000001C1
0000005F
FFFFFF39
000001AC
00000061
000005F8
00000438
000002E8
FFFFFF11
FFFFFC16
FFFFFF2A
FFFFFEFF
FFFFFEF4
FFFFFBCC
00000071
000000B4
000002E5
FFFFFD66
0000030A
000004D5
0000016E
00000063
FFFFFE00
000000A2
00000525
000004E3
00000236
FFFFFD28
00000095
FFFFFC92
FFFFFC67
FFFFFC57
0000014B
FFFFFCD9
FFFFFD37
FFFFFBC7
FFFFFD97
FFFFFCE6
FFFFFEC2
FFFFFB78
0000023A
00000179
000000E9
FFFFFF0F
0000015E
0000020A
FFFFFF81
0000001C
000001E3
FFFFFF1A
FFFFFF4D
0000018B
00000028
FFFFFDDC
FFFFFE4D
FFFFFDAA
FFFFFFD0
FFFFFD36
FFFFFE29
00000038
0000013F
FFFFFBED
FFFFFF59
FFFFFD55
FFFFFE0E
00000330
FFFFFEAA
00000251
FFFFFE4B
000000D1
00000279
0000040E
FFFFFFB5
000000EB
00000023
00000317
00000487
000000EC
00000050
00000199
FFFFFFDD
FFFFFECF
FFFFFEDB
FFFFFD98
FFFFFFF8
FFFFFC0F
FFFFFD2E
FFFFFC7F
FFFFFF59
FFFFFE12
FFFFFEED
000002A1
FFFFFF2F
00000162
000001D5
000001D1
00000120
FFFFFEE0
FFFFFEED
0000028D
FFFFFE52
0000013F
FFFFFDD8
FFFFFD7D
FFFFFDEB
00000105
00000090
0000028F
000000B3
FFFFFC6A
00000210
FFFFFE71
FFFFFC86
FFFFFE1F
00000065
FFFFFD34
000000FF
FFFFFD71
00000261
0000015A
FFFFFF56
00000038
FFFFFF3C
000000DD
000002F5
FFFFFE43
0000017E
0000038A
00000003
0000029A
0000029B
0000009E
FFFFFE20
00000371
0000021D
FFFFFEBE
00000093
00000064
000002CA
000000C0
0000037E
00000220
FFFFFEB0
FFFFFE7E
00000087
FFFFFEDF
000000FE
0000000F
FFFFFF9B
00000060
000000ED
FFFFFC6B
00000290
00000226
00000018
FFFFFE0E
000001BB
FFFFFFFC
00000013
FFFFFE14
0000013D
FFFFFF4F
00000016
FFFFFE28
FFFFFC94
FFFFFDFE
0000018E
FFFFFE74
00000015
FFFFFF6C
FFFFFE2F
FFFFFDEE
00000197
000000E9
FFFFFF41
FFFFFD5D
FFFFFCAF
FFFFFF5C
0000023C
00000009
FFFFFE85
000001DE
00000074
000002AA
000001C6
FFFFFD12
0000031C
000003B2
00000456
0000011A
00000025
00000283
000000C7
FFFFFE1A
0000025C
0000042D
FFFFFF9A
00000111
FFFFFD76
FFFFFEE0
FFFFFCD4
FFFFFDFC
FFFFFD74
00000050
FFFFFCE5
000000D3
FFFFFBAA
FFFFFC45
FFFFFC0A
FFFFFF33
00000068
0000011F
FFFFFF15
FFFFFBE7
000000F9
FFFFFEDF
00000216
FFFFFEA8
000000EB
FFFFFDBF
FFFFFE10
FFFFFFDE
00000309
FFFFFF3F
FFFFFCEF
000005B8
000002CC
000000DC
000001BE
00000000
FFFFFFC8
00000080
00000095
FFFFFDFE
00000208
000002ED
FFFFFE83
000001DC
00000277
FFFFFEB7
000001BB
FFFFFE9A
00000205
FFFFFBFA
FFFFFD0E
00000155
FFFFFDD2
FFFFFD87
FFFFFE98
FFFFFC95
FFFFFCFF
FFFFFE8B
00000066
00000400
FFFFFDEC
FFFFFEDE
FFFFFE1F
00000318
FFFFFDF2
FFFFFF8C
FFFFFC8A
0000016A
FFFFFEF8
FFFFFF24
FFFFFB6C
FFFFFE86
000002FF
FFFFFE2B
00000174
FFFFFF9C
FFFFFE6E
FFFFFCA7
FFFFFF37
FFFFFD7E
00000177
FFFFFF75
FFFFFCE5
FFFFFF2E
FFFFFFB2
000001F6
FFFFFE82
FFFFFFC4
00000333
FFFFFFE6
0000038D
0000004C
0000002D
0000027F
0000006E
00000048
00000047
000000C4
FFFFFD01
FFFFFFF2
FFFFFE51
FFFFFD27
0000002B
00000100
000000AD
0000014B
000001E4
FFFFFFEA
FFFFFBAE
FFFFFF89
FFFFFDD9
000003D2
FFFFFDDB
000000EF
FFFFFE3D
000002A9
000001A4
0000012E
FFFFFE5D
00000134
FFFFFF8D
00000148
FFFFFF54
00000038
FFFFFE1D
FFFFFF15
FFFFFF43
000000C9
00000090
00000477
FFFFFE27
000000D2
FFFFFCA1
00000207
FFFFFFFD
FFFFFC03
FFFFFFF9
00000045
000001DC
000000E3
000003EE
FFFFFC4D
000002E7
FFFFFF56
FFFFFF0E
FFFFFCD3
FFFFFFF2
FFFFFD7C
FFFFFE1C
FFFFFF0C
00000185
FFFFFE7B
FFFFFF6F
0000023E
0000024C
FFFFFEB1
000002EB
FFFFFF8C
FFFFFFB0
FFFFFC2E
FFFFFC71
FFFFFF99
FFFFF9D0
FFFFFF36
FFFFFBB6
0000002C
000000FE
000002C2
FFFFFE3D
000000A7
000002E7
FFFFFF41
FFFFFF62
FFFFFE45
FFFFFE46
FFFFFF29
0000019F
FFFFFBBA
FFFFFF23
00000066
000000DA
FFFFFEF3
000002F4
FFFFFE6D
FFFFFE7A
00000129
000001D8
FFFFFF0D
00000194
FFFFFD40
00000201
000001FF
000003A2
000001EF
000000F7
000005AC
000003DF
00000466
FFFFFD90
000001DD
000005B8
000002E1
FFFFFEF2
FFFFFE6B
FFFFFEC3
00000158
FFFFFD1F
FFFFFCC3
000001DC
00000084
FFFFFDF4
00000191
FFFFFDFF
FFFFFF93
FFFFFF7E
000002F7
FFFFFFB0
0000010B
000000EE
00000146
00000216
FFFFFDEF
000000DF
FFFFFEA0
000002F0
0000026B
FFFFFEAA
00000073
0000003D
FFFFFDC7
00000190
FFFFFF4C
FFFFFFAF
0000019E
000000B4
FFFFFE26
FFFFFE53
FFFFFF35
FFFFFDA4
FFFFFFFC
FFFFFDCB
FFFFFEC7
0000002B
000000E3
FFFFFD90
FFFFFF41
FFFFFADA
FFFFFE6F
FFFFFE4D
0000010D
000002D2
00000167
FFFFFF77
FFFFFD73
00000375
FFFFFEF7
FFFFFF0F
FFFFFC2E
FFFFFBC5
FFFFFD1A
FFFFFC44
FFFFFE68
000000A2
FFFFFFF7
FFFFFDB1
0000011B
FFFFFD9E
FFFFFE61
FFFFFDE9
00000154
FFFFFFC8
FFFFFF19
FFFFFEBD
0000002F
FFFFFD6F
FFFFFE50
FFFFFD1D
FFFFFC78
FFFFFF3F
FFFFFEE5
000000A0
000000EC
000000C8
0000037E
00000458
000003C4
FFFFFF96
000001E2
00000346
00000200
0000031E
00000582
000001F7
0000010F
0000049B
0000018E
000003DE
FFFFFF43
00000037
00000098
00000047
FFFFFFAB
FFFFFEBE
FFFFFB21
00000157
FFFFFF53
FFFFFD52
FFFFFF13
FFFFFE22
FFFFFCB7
FFFFFDD8
00000064
FFFFFFEF
FFFFFE9D
000000B3
FFFFF9C9
00000044
FFFFFCF0
FFFFFDC6
000003F9
0000003F
0000044D
000005A8
000004DC
FFFFFFF6
00000371
000003B1
0000063B
FFFFFCCC
FFFFFF36
FFFFFBF0
FFFFFE9E
00000142
FFFFFFCE
00000315
FFFFFE6A
FFFFFCBB
00000479
000003D5
FFFFFFD6
FFFFFF84
FFFFFE5B
00000013
000001BC
FFFFFDD3
00000278
000002A0
000000F8
FFFFFEA8
000000FB
FFFFFF58
FFFFFF1A
FFFFFE02
00000165
FFFFFCFA
FFFFFCC8
0000008F
00000172
FFFFFF5E
FFFFFCF6
00000072
0000003F
FFFFFF20
00000055
000000D6
FFFFFC08
FFFFFD57
0000036E
FFFFFF68
00000123
FFFFFDFA
FFFFFF04
000002BF
FFFFFF67
FFFFFFFE
FFFFFE92
FFFFFCD7
FFFFFDEC
000000AC
FFFFFDF2
00000230
FFFFFFC7
00000378
FFFFF8FC
000001B9
FFFFFF6D
000001DE
00000212
00000290
0000005D
000001EE
0000001A
FFFFFB78
000000FA
000001FA
0000012F
FFFFFABB
FFFFFCAC
FFFFFD3E
FFFFFEE9
FFFFFEF3
00000174
00000117
00000262
0000039F
FFFFFC37
FFFFFE97
FFFFFD7A
FFFFFDB6
FFFFFFE4
FFFFFAFA
FFFFFE63
FFFFFF1A
000002E6
FFFFFDE0
FFFFFECB
FFFFFE62
00000063
FFFFFDCD
FFFFFE3D
FFFFFEB6
000001A8
FFFFFDC9
FFFFFF1D
FFFFFE4C
FFFFFFF3
FFFFFEF3
000000E1
000001B3
FFFFFF57
00000144
FFFFFDCD
FFFFFE1C
00000022
000004D6
00000359
FFFFFE8C
FFFFFF79
00000220
0000049D
000000D8
000001F6
00000314
FFFFFD03
FFFFFED6
FFFFFD1B
FFFFFDB9
00000062
FFFFFFCF
FFFFFD9D
FFFFFF0C
FFFFFE31
00000183
FFFFFDD2
000002D2
0000043B
0000016D
000002DA
00000324
0000004E
FFFFFF1E
0000010D
000000EA
FFFFFC43
FFFFFC44
FFFFFFF8
00000035
FFFFFCA9
000002C5
FFFFFCF2
FFFFFC7E
00000002
00000345
0000003F
0000041B
000004DB
FFFFFD52
000001C1
000001D4
000000FC
FFFFFF94
FFFFFAF8
00000088
FFFFFF6C
00000496
0000046C
0000027B
FFFFFD78
FFFFFF7E
FFFFFED0
FFFFFD60
FFFFFFF0
FFFFFE41
000001CA
00000289
0000058B
00000051
00000234
FFFFFEFF
FFFFFED0
FFFFFE5A
00000539
0000065A
000002A7
00000021
0000015F
00000439
00000340
000001C8
000000CE
FFFFFE3F
0000030B
000000A1
000001C3
00000126
0000037A
FFFFFE19
FFFFFCDB
FFFFFB03
FFFFFE44
0000013E
FFFFFD02
000001FA
0000013C
00000011
FFFFFE60
FFFFFFC4
FFFFFEB1
000001A7
FFFFFDA5
000000D7
FFFFFF38
FFFFFE08
0000019F
000001DE
000000D2
FFFFFEC7
FFFFFDA8
FFFFFD3D
FFFFFF28
00000273
FFFFFED7
00000211
FFFFFF76
000000B2
0000025E
FFFFFD7C
FFFFFF88
00000469
000000D1
0000039F
0000026D
FFFFFF86
00000365
0000023D
000000C4
00000013
FFFFFD5C
000000BD
FFFFFEEB
FFFFFC02
FFFFFE5D
00000182
FFFFFFD0
0000019E
0000047C
000002C3
000001DF
FFFFFD28
0000032B
0000030C
FFFFFF4D
00000266
FFFFFFB2
FFFFFE38
FFFFFF46
00000256
FFFFFED9
00000383
FFFFFECF
FFFFFD50
00000128
00000166
FFFFFED5
FFFFFE37
FFFFFC4F
00000365
0000018E
FFFFFDAE
FFFFFF71
FFFFFEFF
FFFFFDEE
FFFFFDB2
00000198
00000071
FFFFFD1F
000000DA
0000009B
FFFFFF3C
000003DB
00000031
000002D1
FFFFFB3F
000004AA
00000474
00000012
00000428
000002F2
FFFFFEEC
FFFFFDEC
0000020B
FFFFFE54
FFFFFBDB
000003E9
FFFFFE2F
000000B7
FFFFFEDA
FFFFFD46
00000198
FFFFFDB9
00000377
FFFFFD25
00000390
0000034B
0000027A
00000360
00000080
00000363
0000000C
00000028
FFFFFF7F
00000033
FFFFFE4D
FFFFFC9B
FFFFFDFE
000002DB
FFFFFC59
FFFFFD43
00000343
FFFFFE9B
FFFFFF4C
00000395
FFFFFEBB
FFFFFBAB
00000006
FFFFFD41
FFFFFBEE
000001C9
000002C6
FFFFFC85
FFFFFD2B
0000027D
FFFFFEF8
000002CD
00000233
FFFFFE9D
FFFFFF3A
FFFFFFB0
00000112
FFFFFE4D
00000165
000001A5
FFFFFCEA
00000036
0000012E
0000032B
00000296
FFFFFF66
00000140
FFFFFF93
FFFFFE96
00000291
00000028
0000000F
00000388
FFFFFDDC
FFFFFD95
FFFFFEBE
0000020C
FFFFFCD0
FFFFFEEB
FFFFFD99
00000133
00000220
FFFFFC73
0000001E
FFFFFEF5
FFFFFD6A
FFFFFEAA
FFFFFFDA
FFFFFB3D
FFFFFB86
FFFFFB79
FFFFFE1E
FFFFFE9A
FFFFFC94
FFFFFDB7
FFFFFFDD
0000015A
000001ED
FFFFFD58
FFFFFFD3
FFFFFE67
000000E0
000001BD
00000077
000001A3
FFFFFFB6
FFFFFF44
FFFFFFB5
FFFFFE2F
FFFFFE42
00000020
000001D8
000001B3
FFFFFEB1
FFFFFD18
FFFFFE12
FFFFFC34
FFFFFD8E
00000003
000001A4
00000152
000001FE
000001EB
000000EB
FFFFFE4D
000001DC
FFFFFFF3
00000217
00000196
00000080
FFFFFDFC
0000031F
0000018E
00000088
00000093
FFFFFEC5
000001FE
FFFFFE18
0000042F
FFFFFD50
FFFFFF54
00000082
0000008D
FFFFFF00
000003C1
00000193
000000A1
FFFFFEC6
FFFFFED3
FFFFFCB7
FFFFFDAC
FFFFFC45
FFFFFD62
000002C3
000001AD
000004C9
000002DF
FFFFFF39
FFFFFF3B
0000025E
00000263
000004B6
FFFFFE3C
0000012B
00000497
FFFFFE06
FFFFFF5D
00000112
000001B9
0000010B
00000157
00000013
FFFFFD40
000000F8
FFFFFD11
FFFFFC41
000000E2
0000007B
FFFFFCFD
FFFFFEBF
00000136
FFFFFFF8
0000000B
000003F6
00000111
FFFFFE76
000000DA
00000224
0000014D
00000353
FFFFFFFD
0000017F
FFFFFEF7
FFFFFEDD
FFFFFFFD
FFFFFA96
FFFFFDF6
00000073
FFFFFF98
000002BE
00000011
000001A4
00000145
000002ED
FFFFFEF2
FFFFFDD7
FFFFFF2E
FFFFFE2C
0000049B
000002BE
00000402
FFFFFE08
FFFFFE6D
000000D7
0000032E
FFFFFFA8
FFFFFCB3
FFFFFEA9
FFFFFD22
0000006F
FFFFFC99
000000A6
000000A9
00000262
FFFFFE81
0000043A
FFFFFE78
FFFFFF7F
000002DB
00000214
FFFFFDEC
00000300
0000015B
FFFFFD4F
FFFFFE7F
0000021B
000001B2
FFFFFEC7
0000004E
FFFFFEF8
0000001A
FFFFFE99
000001FA
00000186
000002F3
0000022F
000001B0
00000222
00000434
000002A3
00000442
FFFFFD5B
000005B5
FFFFFF7D
FFFFFDAF
00000188
00000149
FFFFFDFE
000001DF
FFFFFBD2
0000013B
FFFFFB4C
FFFFFD19
FFFFFB49
FFFFFF3F
FFFFFCAE
000001AE
00000161
00000021
000003F7
FFFFFFF4
000000D7
000001C9
FFFFFEEC
000001FD
FFFFFD68
000000DF
FFFFFF07
0000018E
00000123
FFFFFC69
FFFFFD08
FFFFFE62
FFFFFDE8
000001A2
00000622
00000055
0000021E
000000AB
00000199
FFFFFECC
000004BE
FFFFFF8F
000003A2
00000327
FFFFFCF2
00000188
0000002D
FFFFFFB5
00000200
FFFFFE4F
0000001D
000003BE
0000051A
00000303
FFFFFF96
FFFFFFE4
00000124
FFFFFFAF
000001D1
0000036D
FFFFFDC1
FFFFFD5C
00000248
000001C7
FFFFFAAB
FFFFFD3F
FFFFFE53
FFFFFAF5
FFFFFBBF
0000031C
FFFFFD8B
0000022B
0000047C
FFFFFCB3
000002EC
00000266
0000012B
FFFFFFA1
0000014A
FFFFFF94
FFFFFF1D
000000EA
FFFFFEF5
000000B7
FFFFFCE4
FFFFFE64
FFFFFE6F
FFFFFF0D
000002A5
000002A5
000004B8
000003C2
00000164
0000033D
00000050
00000161
FFFFFB51
FFFFFED1
FFFFFDBF
00000036
FFFFFEF5
FFFFFF1F
FFFFFFEC
FFFFFF8B
00000054
FFFFFDA7
0000003C
FFFFFF51
FFFFFF7C
FFFFFF45
FFFFFF4B
000001D3
FFFFFD35
000003A0
FFFFFCC9
00000135
FFFFFF35
FFFFFE61
000001B0
000001C5
0000028E
FFFFFFCE
FFFFFD57
00000435
00000234
0000005F
0000023B
FFFFFF1B
0000012A
000005FF
000000DA
00000370
000002BF
FFFFFFC8
00000379
FFFFFF96
00000242
000001B0
0000018F
00000140
00000123
FFFFFC72
000000C0
FFFFFDF8
FFFFFC82
000001BE
000000AB
FFFFFC9B
000003FD
00000447
00000468
000004A9
00000560
00000205
FFFFFFFF
00000437
FFFFFFDE
00000245
000003D1
FFFFFFE8
FFFFFC27
000000A4
FFFFFF7E
0000001C
000001BD
FFFFFE11
FFFFFF46
FFFFFC48
00000133
00000146
FFFFFFCD
FFFFFF71
FFFFFC82
FFFFFE7E
0000013C
000003B9
0000053C
00000026
FFFFFEBD
000003C6
000004D4
000000C9
00000151
00000282
000000EA
FFFFFEAA
FFFFFEA7
FFFFFCB2
FFFFFED8
FFFFFFAC
FFFFFED2
FFFFFCDD
00000285
00000272
FFFFFE97
FFFFFF5C
0000017B
FFFFFBDB
000000EC
0000007D
FFFFFD7A
000000D9
FFFFFEF7
000001AA
FFFFFDEF
FFFFFE15
00000436
0000015C
0000005C
FFFFFF1B
0000036E
FFFFFF21
000001CC
FFFFFFF7
000002AE
FFFFFF4A
FFFFFF51
FFFFFB94
00000174
FFFFFFC7
0000000D
000004F1
FFFFFD96
FFFFFF81
FFFFFF3C
0000003A
FFFFFCF9
000000C4
FFFFFA45
0000003D
FFFFFE44
0000035C
00000486
00000076
FFFFFE1E
0000034E
00000062
00000025
00000067
000000E8
0000023D
000000F3
000002A6
00000279
000000FE
000003C3
FFFFFDF3
00000208
0000006F
FFFFFFB8
FFFFFD40
00000370
FFFFFBB9
000000C0
000000C4
FFFFFE57
FFFFFF98
000000FD
0000000D
00000115
FFFFFF99
FFFFFC6D
0000010C
FFFFFB9D
FFFFFC47
FFFFFF2C
FFFFFFBE
FFFFFE44
FFFFFE95
00000016
FFFFFE26
00000241
FFFFFF26
0000004D
FFFFFE3D
000001C6
0000019A
FFFFFCB3
FFFFFFC9
00000110
FFFFFFDF
FFFFFF55
FFFFFF34
00000064
0000000B
FFFFFF60
FFFFFE07
FFFFFFF5
000001C3
FFFFFFDA
000003BB
FFFFFE24
FFFFFF59
000003B8
FFFFFF4A
FFFFFC72
FFFFFDC6
FFFFFFF0
0000023A
000003F6
FFFFFFEB
FFFFFCAE
000001FD
FFFFFEAA
000001B1
FFFFFE81
0000000F
FFFFFE55
00000077
FFFFFD74
FFFFFDAC
FFFFFDFA
FFFFFDBB
FFFFFE44
0000025B
FFFFFED5
FFFFFCBD
00000214
FFFFFF1C
0000010F
FFFFFEC5
000004D8
000001A8
00000047
0000037C
FFFFFE14
FFFFFE75
FFFFFE57
000000C8
00000062
0000015A
000002B5
0000007C
00000064
000000DB
000000CE
00000107
000000CF
0000022A
FFFFFD22
FFFFFDF8
FFFFFEE2
FFFFFD41
FFFFFBEB
FFFFFD07
000000AB
FFFFFDF8
FFFFFCFF
FFFFFFFD
FFFFFE4F
FFFFFDF0
FFFFFE43
FFFFFD33
00000371
FFFFFEFB
00000008
00000088
000001FE
000000BC
FFFFFEE7
FFFFFF05
FFFFFF21
FFFFFDC9
000002D4
FFFFFCCE
FFFFFCDE
FFFFFFAB
000000B7
000000F7
FFFFF9E4
FFFFFDFD
FFFFFEBC
FFFFFE86
0000004D
000002A6
FFFFFD11
FFFFFEB2
FFFFFC66
FFFFFDCC
FFFFFC58
000000FA
FFFFFD7A
00000136
FFFFFFC1
FFFFFBE9
FFFFFD40
0000018E
00000266
0000042B
FFFFFE96
00000047
0000019E
FFFFFFA9
0000012C
FFFFFC1E
0000016A
000000C2
FFFFFF60
0000017B
FFFFFF2E
00000088
000001F2
00000212
0000031B
000003F1
000000B7
FFFFFFC7
00000375
0000027D
FFFFFE03
000002FE
0000024C
000001E2
00000077
00000155
000002FB
000004E1
000003C9
00000542
00000520
0000044C
0000003D
0000057D
00000280
FFFFFFD5
00000579
000006A3
000004BB
00000651
0000017E
FFFFFF06
0000003D
FFFFFE3A
FFFFFEC9
FFFFFD70
FFFFFE74
00000228
FFFFFC6D
0000000A
FFFFFFD1
FFFFFE26
00000368
00000174
00000096
000000B2
0000016D
000001B1
FFFFFE06
0000012E
00000397
FFFFFF33
000001FD
FFFFFEEE
00000308
0000040D
00000317
FFFFFE30
00000085
FFFFFB71
000001BA
FFFFFF51
FFFFFD00
FFFFFA98
FFFFFEF1
FFFFFEB9
FFFFFFBB
00000271
FFFFFFAB
FFFFFD0C
0000004C
FFFFFFD3
0000005D
FFFFFF16
FFFFFEA9
FFFFFDDA
00000049
FFFFFED8
FFFFFE32
000000BC
FFFFFEB9
FFFFFDD6
FFFFFF27
00000000
00000098
FFFFFF9C
FFFFFF20
00000472
000001D7
00000124
00000162
00000414
FFFFFED2
FFFFFEA9
FFFFFFE7
FFFFFDF5
FFFFFFF9
00000135
000001A9
000000DC
0000009F
00000311
FFFFFD69
FFFFFED8
FFFFFFBE
FFFFFF47
0000004C
FFFFFDF9
FFFFFD81
FFFFFE18
FFFFFBEF
00000041
000000C8
000002F7
00000094
FFFFFE99
00000380
000003BF
000002BF
0000005D
00000130
00000000
000000D1
FFFFFF94
000002A9
000002FD
000001D4
FFFFFDBD
00000179
00000320
FFFFFF1E
FFFFFE66
00000019
00000138
000004DD
00000344
0000026C
FFFFFDC3
00000153
FFFFFED4
00000129
FFFFFEA5
00000261
00000116
FFFFFD6C
FFFFFFA5
FFFFFD27
FFFFFF2B
00000309
00000114
00000121
0000017D
0000022A
FFFFFD24
FFFFFFDB
000003A0
FFFFFBFD
FFFFFABA
FFFFFD10
FFFFFCDC
00000142
FFFFFFCA
FFFFFC9C
00000193
FFFFFD83
000001D0
FFFFFC35
FFFFFC76
00000111
FFFFFD98
0000015E
FFFFFECC
00000202
FFFFFEC0
00000206
FFFFFF0E
0000014C
FFFFFF16
00000181
FFFFFEE9
00000163
000000B1
000002D6
FFFFFE5D
0000034E
000001C0
0000022C
000000A7
000001D6
00000114
0000004E
00000157
FFFFFC63
000001E5
FFFFFC3B
FFFFFDD2
FFFFFD9C
FFFFFCA8
FFFFFDD4
FFFFFE15
000001E6
00000392
0000036E
0000008D
FFFFFDAA
FFFFFECC
0000006C
FFFFFF0B
FFFFFB5F
00000157
FFFFFEA3
0000017E
00000294
00000091
FFFFFDD9
FFFFFD11
0000027E
FFFFFE46
FFFFFE9E
000003A0
FFFFFF41
FFFFFE1D
0000060C
0000012E
FFFFFE59
FFFFFFFB
0000025A
FFFFFF42
FFFFFD76
FFFFFF71
0000026F
0000009F
FFFFFD6F
FFFFFCF4
FFFFFCF8
00000025
00000133
FFFFFEFA
00000024
FFFFFFEA
FFFFFF74
FFFFFF67
FFFFFEE3
FFFFFF15
00000136
FFFFFE4F
FFFFFE8C
FFFFFAB0
0000000C
FFFFFE3D
FFFFFCFB
0000009B
FFFFFF42
FFFFFEAF
FFFFFBC6
FFFFFF2A
0000008D
FFFFFD89
FFFFFE50
000001B3
FFFFFF46
00000192
FFFFFD26
000001EB
FFFFFDE1
0000021A
FFFFFFCA
0000016C
0000017D
FFFFFDED
00000142
FFFFFE3B
00000176
000002FE
FFFFFE96
00000097
000003DD
FFFFFDD7
00000423
FFFFFEA8
00000100
0000029A
FFFFFFBE
00000556
00000074
000000E8
00000138
FFFFFAAE
000000F3
FFFFFE66
00000222
FFFFFE9B
00000409
FFFFFE77
000003A3
000002D6
FFFFFF2D
000003AB
000001C1
000001AD
FFFFFF7B
0000013A
00000043
FFFFFC67
FFFFFE62
0000026F
FFFFFD58
000003FB
00000421
00000124
0000034C
FFFFFE0B
FFFFFBC7
FFFFFFD3
FFFFFF48
000001E4
000000D4
00000064
FFFFFC38
FFFFFA1A
00000526
00000337
FFFFFDA8
FFFFFF73
000002B6
FFFFFD2B
000001AC
00000331
0000002E
FFFFFD95
FFFFFB25
FFFFFC8B
FFFFFF1B
FFFFFF12
FFFFFEE9
0000022A
000001E4
0000018B
FFFFFEB3
FFFFFAE4
0000013B
0000001C
FFFFFF7D
FFFFFD43
FFFFFFE4
FFFFFC0A
FFFFFC2D
00000098
FFFFFF1C
000001E3
FFFFFBCE
0000017D
FFFFFE5D
FFFFFED9
FFFFFDF5
FFFFFDB4
FFFFFE24
FFFFFE4D
FFFFFDC4
000001BD
00000266
FFFFFEDE
000003C1
0000045E
0000018A
00000501
000000EA
0000006F
0000001B
00000108
00000548
000001CF
FFFFFF9F
FFFFFE0E
FFFFFC8E
000002D2
FFFFFE62
FFFFFEBB
00000346
FFFFFDB9
0000013E
000001A9
FFFFFBA5
FFFFFD67
FFFFFBF4
FFFFFF4F
FFFFFCB4
FFFFFC3B
00000135
FFFFFF77
FFFFFB54
000002C8
0000017B
FFFFFE27
FFFFFCE7
FFFFFF8D
FFFFFFD1
FFFFFDF5
000001D5
FFFFFF90
FFFFFC08
00000158
FFFFFD84
00000397
FFFFF9C8
000001F8
FFFFFC13
000001E7
FFFFFF46
00000181
00000433
FFFFFFC6
00000400
FFFFFEB1
00000168
000001A5
0000006A
FFFFFD19
00000580
000001FC
00000129
0000054F
00000225
00000213
00000275
FFFFFC2F
FFFFFC7D
FFFFFCF2
FFFFFFD5
0000000B
FFFFFC39
00000389
FFFFFFD9
00000298
00000083
FFFFFC80
000001E9
FFFFFF2F
0000018F
000003F9
FFFFFC2A
00000220
FFFFFEF1
0000015B
000001F0
000002B4
000000BB
0000018D
000004F9
FFFFFE94
0000021F
000000B9
FFFFFCF9
FFFFFC79
FFFFFE35
000004A3
0000026E
0000010D
FFFFFD23
00000110
00000469
0000010D
FFFFFF8C
00000054
FFFFFFEA
FFFFFDCE
FFFFFF07
FFFFFB32
FFFFFE52
FFFFFE26
FFFFFCE4
0000009B
FFFFFF8A
FFFFFE8E
00000075
FFFFFC75
00000425
000001C4
00000059
FFFFFBBB
000003BF
0000065B
FFFFFEEE
0000005F
0000018A
FFFFFF13
00000052
0000004C
00000011
FFFFFE5F
FFFFFFDA
FFFFFB78
FFFFFB9C
FFFFFD53
FFFFFAA7
FFFFFD99
FFFFFE2A
FFFFFED6
FFFFFD46
FFFFFFA2
0000014C
FFFFFD80
FFFFFF2B
FFFFFD5E
FFFFFCA2
00000298
00000002
000004FE
000000F3
00000009
FFFFFDE1
0000050A
FFFFFD49
FFFFFD49
000001E2
FFFFFCDF
000005B3
00000389
00000218
000000BB
0000062D
000002FE
FFFFFF6A
FFFFFF33
0000053C
00000501
00000409
00000097
FFFFFF17
FFFFFF19
FFFFFDCC
0000024E
00000338
00000163
00000132
000003C4
0000036B
FFFFFEB2
FFFFFFEE
00000448
00000062
FFFFFDAC
FFFFFD83
00000068
FFFFFED9
FFFFFDA3
FFFFFE70
000001FB
FFFFFE81
FFFFFE36
FFFFFF7B
FFFFFF5C
FFFFFCC9
FFFFFF40
FFFFFF71
FFFFFDBC
FFFFFEFE
0000039C
FFFFFF89
FFFFFA12
00000259
00000489
000002AE
FFFFFF16
FFFFFF55
00000717
FFFFFDB2
000002E5
0000010E
FFFFFEC0
FFFFFA4F
00000100
00000103
00000140
FFFFFB7C
FFFFFED9
FFFFFEE5
0000024C
FFFFFD3D
0000012E
FFFFFD7B
FFFFFF4B
FFFFFE0A
FFFFFD5E
00000328
FFFFFF34
FFFFFCF5
000002FC
FFFFFD20
FFFFFC39
FFFFFFFB
000000F6
FFFFFD38
000001C1
00000449
000000A8
FFFFFE67
00000291
FFFFFFE5
FFFFFDCC
FFFFFEF7
00000039
0000006F
FFFFFE04
000000F0
00000236
FFFFFFD0
00000039
FFFFFCD4
FFFFFCE8
FFFFFE6F
FFFFFCD1
FFFFFF87
FFFFFF9A
FFFFFED5
00000255
000002B8
00000024
000001A4
0000001D
FFFFFFEC
0000008F
FFFFFF9D
00000159
FFFFFB29
000001FC
00000154
00000082
FFFFFC06
FFFFFE99
FFFFFBFB
00000135
000001C5
000001A9
0000007A
00000110
00000373
00000227
000000F1
000001E8
00000487
0000011C
FFFFFE6F
FFFFFD36
FFFFFDE7
0000007B
000003FC
FFFFFF66
FFFFFF14
FFFFFFCB
00000174
000002DC
000005A2
FFFFFF18
000001EA
000000DD
000002E2
000000E6
FFFFFD91
FFFFFF92
000000E3
FFFFFBD0
FFFFFFCA
00000280
00000134
FFFFFC46
000001CC
000001BE
FFFFFD9B
0000032B
FFFFFE6D
FFFFFDF7
FFFFFECA
0000049E
FFFFFF93
00000067
0000056E
FFFFFDEF
000003DC
00000296
000000B8
FFFFFF6D
FFFFFC60
00000020
0000015F
FFFFFBB3
FFFFFDAF
00000291
FFFFFF5D
FFFFFC78
00000314
0000026A
0000032A
00000172
00000328
0000039C
FFFFFE34
00000334
FFFFFF5F
FFFFFFD8
FFFFFD37
000000F5
FFFFFF1B
FFFFFE8E
00000179
000002FD
FFFFFE9E
000003AA
000005C6
0000034D
FFFFFF3E
00000591
00000376
00000139
FFFFFEE8
FFFFFFF0
FFFFFCB7
FFFFFFC4
00000076
FFFFFE10
FFFFFD1A
000002F0
FFFFFA01
FFFFFE54
0000000D
FFFFFDC0
FFFFFE8D
FFFFFC91
FFFFFF52
00000049
00000083
00000137
FFFFFDB7
FFFFFC34
00000078
FFFFFFB7
FFFFFD60
000001EA
FFFFFDD3
00000050
FFFFFFEF
FFFFFE39
0000012B
FFFFFD4F
FFFFFF2D
FFFFFE96
FFFFFCF5
FFFFFD32
FFFFFCDC
FFFFFFBB
FFFFFD4C
FFFFFF59
FFFFFE7F
FFFFFFDA
FFFFFEFB
000002E0
00000115
FFFFFFA5
FFFFFE78
FFFFFE02
FFFFFB4C
FFFFFE5E
FFFFFFB5
FFFFFF56
FFFFFC89
FFFFFB6A
FFFFFFBA
FFFFFD33
0000025F
FFFFFF13
000000BE
00000279
FFFFFDC9
FFFFFF73
00000314
FFFFFE39
000003FA
FFFFFFE6
000001ED
FFFFFEB3
FFFFFACF
00000219
FFFFFB46
FFFFFF67
00000169
FFFFFBF5
000001BA
FFFFFDB0
FFFFFF70
000002E3
FFFFFB1B
FFFFFDB5
00000077
000002F8
00000066
FFFFFDC4
00000106
FFFFFA9C
000001F8
00000231
FFFFFC4F
0000008F
FFFFFF1F
00000273
00000231
000001B5
FFFFFDBB
FFFFFDD2
FFFFFDEC
FFFFFFC2
FFFFFD18
0000017D
0000031A
00000130
FFFFFE2E
FFFFFDE3
00000292
FFFFFD7E
000001D7
FFFFFE49
FFFFFE9D
00000009
00000023
FFFFFBDF
FFFFFE85
FFFFFB76
FFFFFB4D
00000188
00000250
FFFFFDC1
FFFFFE67
0000032D
FFFFFC82
00000152
FFFFFEE4
FFFFFD72
FFFFFFE5
00000131
00000233
000005DE
FFFFFE56
FFFFFFB8
00000148
000000AF
000001B4
00000048
000003EA
FFFFFBE6
FFFFFBA1
FFFFFF6D
FFFFFD20
FFFFFAD7
FFFFFB30
FFFFFA69
FFFFFA6D
0000002B
0000014E
00000159
0000004B
000000BF
FFFFFE15
00000583
FFFFFCE1
FFFFFE15
FFFFFF57
FFFFFFEC
FFFFFCE5
00000201
000000D9
FFFFF997
FFFFFDCA
FFFFFF6A
FFFFFFCD
FFFFFFB0
0000016E
FFFFFB14
FFFFFEA4
000001FD
00000397
000003CE
000001B2
FFFFFBDA
00000147
000000F7
000000BF
FFFFFB0B
FFFFFE0A
00000063
00000376
000001FA
000002B7
FFFFFB25
FFFFFD9F
000000B0
FFFFFCD4
00000227
0000014E
FFFFFC8A
000001FC
FFFFFC5E
FFFFFF74
000001F4
FFFFFD33
FFFFFDEF
FFFFFBBA
FFFFFDB1
000002B1
FFFFFC8C
FFFFFA70
FFFFFC17
FFFFFFCA
FFFFFF08
000001BE
00000135
FFFFFF44
FFFFFC43
00000210
FFFFFDA5
FFFFFE8D
FFFFFB07
FFFFFE04
0000010E
FFFFFA96
00000076
00000122
FFFFFE8E
FFFFFFB0
FFFFFD0D
FFFFFD83
000000C2
000001BA
00000414
FFFFFF85
FFFFFD7B
FFFFFE33
FFFFFCBC
FFFFFC37
0000039E
00000205
000005C6
00000536
FFFFFF1C
0000023E
00000157
000003EB
FFFFFF2D
000001A1
00000210
00000558
FFFFFFE0
000001F6
00000092
FFFFFF29
FFFFFDF1
000004CB
0000056F
0000040E
00000094
FFFFFCFD
FFFFFD5A
0000014C
0000001C
FFFFFD05
FFFFFD87
0000005B
000000BC
0000034E
FFFFFF85
000001C5
00000275
FFFFFFDE
000000C5
FFFFFCAF
FFFFFCBE
000000D4
FFFFFE6E
FFFFFDFE
00000273
0000018A
0000011A
00000286
000001CF
0000010A
FFFFFE3C
FFFFFCAE
000003E2
FFFFFD36
FFFFFD82
000003F1
00000007
0000005C
000001FE
FFFFFDE2
FFFFFD9E
000000DA
000001DE
FFFFFF74
000003F2
FFFFFE51
FFFFFEB4
000001D1
FFFFFFBA
FFFFFAF6
0000001A
000001B3
00000150
0000052A
FFFFFE77
FFFFFC22
FFFFFC7C
FFFFFAA5
FFFFFDAC
FFFFFB3E
FFFFFC90
FFFFFCA5
00000296
FFFFFF18
FFFFFF8A
00000077
FFFFFA22
0000009A
00000188
FFFFFEBB
000000C9
000001CB
FFFFFE52
FFFFFF7F
00000311
0000011E
FFFFFD1D
FFFFFFB4
000003F1
00000110
FFFFFD4D
000000FA
000003AD
FFFFFE8B
FFFFFD0A
FFFFFC1D
000003B0
00000021
00000022
00000625
FFFFFEDD
000000D8
FFFFFF77
00000401
000000E6
FFFFFEB1
FFFFFDAE
FFFFFBEA
000004C3
FFFFFAF3
FFFFFF7E
00000355
00000111
00000068
000000CB
FFFFFEB4
FFFFFE67
FFFFFDC9
00000343
FFFFFC4F
FFFFFB6E
0000014F
FFFFFFD7
FFFFFED2
FFFFFE40
000000E8
0000037B
0000024B
FFFFFEC9
00000291
FFFFFCBC
FFFFFDD5
FFFFFF38
FFFFFD71
FFFFFEBD
FFFFFEBE
FFFFFD43
000002FE
FFFFFD8C
FFFFFEB7
FFFFFEE1
00000124
00000136
FFFFFF6C
00000249
00000259
FFFFFD58
00000345
000000F1
FFFFFE96
FFFFFF46
000000D3
000004A6
0000009A
FFFFFD05
000000A4
0000001B
00000305
FFFFFF4A
FFFFFAD5
000003EB
FFFFFF85
FFFFFD36
FFFFFFAA
FFFFFCB7
0000014E
FFFFFC95
FFFFFFC1
FFFFFDE7
FFFFFF5F
00000404
00000462
FFFFFEE7
0000009A
000001B4
FFFFFE28
00000059
FFFFFE3A
00000396
00000288
FFFFFCCD
00000000
FFFFFF49
000003CD
000004BE
000004C2
FFFFFFB0
00000103
0000022D
0000035E
FFFFFA94
FFFFFED8
0000029F
00000265
FFFFFEF7
00000041
FFFFFB87
FFFFFE30
FFFFFB66
FFFFFD0F
FFFFFD77
FFFFFCBB
FFFFFB4A
0000009E
FFFFFE24
FFFFFBF6
000000ED
000002A7
FFFFFDF4
FFFFFEBF
FFFFFD4E
FFFFFED8
FFFFFEEE
FFFFFD7E
FFFFFBD9
00000344
FFFFFF66
000002A7
FFFFFF52
FFFFFD19
0000015E
0000013E
000003D6
FFFFFD04
FFFFFF17
FFFFFA60
00000053
FFFFFE2B
FFFFFF5D
FFFFFF5E
FFFFFEE8
FFFFFC0D
FFFFFE6F
FFFFFE2A
0000020E
000001BC
FFFFFD33
000001BD
FFFFFC62
00000073
0000018D
FFFFFE57
FFFFFE2A
FFFFFF8A
FFFFFC34
FFFFFFE5
0000016D
00000079
FFFFFF2D
FFFFFFA6
000003C4
FFFFFD24
FFFFFFF2
000002D6
FFFFFEF1
00000425
0000006B
00000195
0000007A
FFFFFB75
FFFFFE22
FFFFFCA8
00000034
0000011B
FFFFFF9A
000001CC
000000EB
0000027A
FFFFFE9D
FFFFFCF0
FFFFFCDA
FFFFFC1B
000000BD
FFFFFFBA
000001E1
FFFFFFE0
000004BC
000002D5
000002A2
000002A9
000000AF
FFFFFD3F
000000B9
FFFFFF29
000003EE
000002D9
FFFFFCCD
00000041
000000C2
FFFFFE12
FFFFFB69
00000163
FFFFFBA8
FFFFFE23
00000248
00000175
000000E0
00000419
FFFFFFFC
00000423
00000541
00000186
FFFFFFBB
00000114
000000EA
FFFFFDD7
000000E8
0000018D
FFFFFDB3
0000033F
FFFFFF52
0000005A
FFFFFFDB
FFFFFC2B
000002B3
00000121
000001EF
FFFFFFA9
0000028A
FFFFFB01
00000264
FFFFFE35
000001C5
000001F0
000000F4
000000E2
FFFFFD88
FFFFFD16
0000012C
FFFFFF19
000001C6
FFFFFF9F
FFFFFE9F
FFFFFFD3
0000005E
FFFFFD6C
FFFFFC82
FFFFFD8D
FFFFFFA1
000001D2
FFFFFC9C
000000B6
0000065C
000003E4
00000406
FFFFFE94
FFFFFE1B
FFFFFD4F
00000406
000000A4
FFFFFED1
FFFFFFB1
000005DC
FFFFFEBC
00000181
000002AC
FFFFFFB9
FFFFFDD8
0000024D
00000095
FFFFFCA2
FFFFFFB6
FFFFFBF2
FFFFFEF3
FFFFFD22
0000018E
FFFFFAB7
00000109
00000347
0000006D
FFFFFABE
FFFFFFD9
0000016E
0000034B
000003E9
0000025F
00000466
00000398
FFFFFFA0
00000411
FFFFFF93
FFFFFF0A
FFFFFEA7
FFFFFE51
000002BA
FFFFFE9C
FFFFFF70
00000326
000003A1
FFFFFBC3
FFFFFDF8
FFFFFFEA
00000352
FFFFFDE5
FFFFFDEB
FFFFFF70
000001E7
FFFFFB68
0000054C
00000376
00000647
0000032C
00000209
FFFFFEFE
FFFFFB2F
FFFFFEE5
FFFFFEEA
00000010
00000021
0000026B
000001B7
FFFFFF4A
0000010E
00000439
000003E8
000000F8
00000273
00000024
00000209
FFFFFC66
00000079
FFFFFDB1
FFFFFBB5
0000035F
000001B8
000003D4
FFFFFEC1
000003A7
00000490
00000045
FFFFFFDA
FFFFFEF0
000004E1
00000462
0000029C
FFFFFF33
00000189
FFFFFF93
00000152
FFFFFF3F
0000020B
FFFFFF0D
00000053
FFFFFFE3
00000111
FFFFFF8F
00000044
00000127
0000010F
0000029B
00000401
00000452
00000093
000003C9
00000412
00000342
FFFFFD72
FFFFFE79
FFFFFB70
000002D9
FFFFFCF8
000000DE
FFFFFF01
000000D7
FFFFFA27
FFFFFB58
FFFFFC4F
FFFFFFE0
FFFFFB92
FFFFFC06
FFFFFB5E
FFFFF8D6
FFFFFB50
000000E1
FFFFFF6E
000005A6
00000538
FFFFFFAC
00000243
0000040D
0000044B
FFFFFEE8
FFFFFF25
FFFFFDFA
FFFFFE54
00000280
0000030F
0000036F
FFFFFC83
FFFFFDCD
FFFFFF95
FFFFFECC
FFFFFC8A
FFFFFCD0
FFFFFD14
000000E1
FFFFFCD9
FFFFFD76
0000022E
FFFFFE79
000002CB
000003F9
FFFFFEF0
00000264
FFFFFF84
000000A1
00000502
0000035B
000002BB
000002F0
00000092
0000043E
000002E0
FFFFFE1B
FFFFFFB6
00000103
FFFFFCD7
FFFFFE5D
FFFFFC98
FFFFFF1F
FFFFFD6A
000000F8
0000000F
000000A2
0000027A
00000279
00000333
00000059
FFFFFB5D
FFFFFCB2
FFFFFC73
FFFFFF77
FFFFFC24
FFFFF85B
FFFFF982
FFFFF9E4
000002AE
00000179
FFFFFE49
000001A2
FFFFFC74
00000393
0000034D
000004C7
000001FE
0000010C
00000275
00000220
00000054
0000043C
FFFFFE90
0000054E
FFFFFF7A
000001E4
FFFFFC12
FFFFFC28
FFFFFC72
00000102
000000AA
FFFFFCE4
FFFFFA88
FFFFF96F
00000047
0000046C
FFFFFFFF
0000043C
0000006C
00000064
000000FC
FFFFFF5D
000002C4
FFFFFF99
FFFFFF16
00000126
FFFFFD5B
00000030
FFFFFC5E
FFFFFE22
0000003B
FFFFFDD6
FFFFFD7B
FFFFFE0F
FFFFFE87
FFFFFFD8
0000010F
000000B9
000000CE
00000007
FFFFFBAA
FFFFFDF7
FFFFFF1F
FFFFFB8C
0000028B
FFFFFF49
0000034C
FFFFFF48
FFFFFC68
FFFFFE63
FFFFFA0F
0000039E
00000226
FFFFFF5F
FFFFFBF7
FFFFFFD5
00000277
00000052
FFFFFF67
FFFFFBAA
0000010C
000002C0
000000A1
0000013D
00000371
00000243
FFFFFD7B
FFFFFD26
00000070
000001C4
000000DA
FFFFFF93
000001E4
000000EC
0000006A
000000A9
FFFFFF67
FFFFFE41
00000187
0000012C
FFFFFF03
FFFFFF4F
FFFFFFB9
FFFFFE0F
FFFFFEF3
FFFFFC43
0000029C
FFFFFD49
FFFFFB7A
FFFFFD72
FFFFFBE7
FFFFFD4B
FFFFFFC1
FFFFFFA0
FFFFFAF5
00000047
FFFFFDBC
000001D3
FFFFFA5F
FFFFFEAC
000001C0
FFFFFDD1
000001C4
FFFFFBB8
000000F5
FFFFFC9F
FFFFFD31
FFFFFFCD
FFFFFFEE
000001B3
000000C5
FFFFFB97
FFFFFC86
FFFFFA69
FFFFFF2F
FFFFFFB3
000002F7
000003A5
0000038C
000000FF
FFFFFBAB
FFFFFC4E
00000253
FFFFFDF8
FFFFFC6E
00000110
FFFFFCED
00000098
FFFFFE33
FFFFFF44
000000BE
FFFFFFEE
0000007C
FFFFFFB5
0000002D
000000C8
FFFFFFDA
0000015F
00000248
00000047
00000008
FFFFFB80
00000089
FFFFFE01
FFFFFD9B
FFFFFBAD
0000027E
FFFFFE69
000000AA
00000267
000004A0
000000EC
000003F9
000001C1
FFFFFEB6
0000030C
FFFFFF45
FFFFFF09
000000C1
000000F4
000003B7
FFFFFECC
FFFFFFFF
FFFFFF83
00000215
FFFFFE6D
FFFFFF39
0000009E
00000544
00000361
FFFFFD7E
00000499
00000186
0000022E
FFFFFF8A
FFFFFCE4
00000046
FFFFFE33
FFFFFFB2
00000003
000004E7
000002DE
FFFFFF37
00000452
000005D5
00000032
FFFFFEF2
FFFFFE26
FFFFFF9B
00000441
000003A1
FFFFFE6B
FFFFFD3E
00000262
000001FD
FFFFFF0C
0000003D
00000221
0000048E
FFFFFE22
FFFFFEEE
0000029E
00000503
FFFFFDB0
FFFFFAB4
FFFFFD11
00000363
FFFFFF4E
FFFFFA8E
00000067
FFFFFF3B
FFFFFCE5
FFFFFC51
00000105
FFFFFD7D
000000F5
FFFFFF8C
000001FC
FFFFFF76
FFFFFFB5
00000343
FFFFFC08
00000093
FFFFFDCE
FFFFFF0A
00000059
FFFFFE95
00000057
000001A7
FFFFFC80
FFFFFE32
000004D8
0000005D
FFFFFF80
00000322
00000208
FFFFFB98
FFFFFE84
00000209
0000027A
0000001B
000002A4
FFFFFE20
FFFFFEA6
FFFFFE51
000000EC
FFFFFFCF
000001C9
000002E2
000001E3
FFFFF9F1
FFFFFE58
0000026F
FFFFFDD5
0000013B
FFFFFF29
FFFFFEFD
FFFFFECA
00000068
0000025B
000003C5
00000271
FFFFFCDC
FFFFFEB4
0000021A
FFFFFF76
FFFFFE44
FFFFFE66
FFFFFC3A
FFFFFB8E
0000010E
000002F3
FFFFFD11
FFFFFE56
FFFFF9FB
FFFFFC04
FFFFFCA2
00000009
FFFFF9E8
FFFFFCED
FFFFFBCF
FFFFFF03
FFFFFDEF
00000029
000003BF
000002F7
0000038E
FFFFFEE4
FFFFFEDC
00000246
00000296
0000011C
FFFFFF6E
FFFFFF9A
0000022E
FFFFFEA2
FFFFFB58
FFFFFDF8
00000243
00000362
000004F9
FFFFFC3F
FFFFFFEA
0000019C
FFFFFF36
00000179
00000160
0000025E
FFFFFEAC
00000232
FFFFFE86
FFFFFE1D
0000005B
00000137
FFFFFF95
00000004
000001F9
FFFFFFEF
FFFFFFCD
00000076
00000305
FFFFFD0A
FFFFFBDB
FFFFFF1B
FFFFFF4E
000000AF
FFFFFE82
FFFFFC2A
FFFFF948
FFFFFDDC
00000559
000000C8
00000368
0000025F
0000028E
00000439
00000035
FFFFF993
0000034F
FFFFFCA0
FFFFFDBC
FFFFF969
FFFFFA96
FFFFFBDB
FFFFFF03
00000107
FFFFFC90
FFFFFC32
000000B7
FFFFFC72
FFFFFF94
000001BE
FFFFFC79
0000026C
0000009C
FFFFFD5A
00000299
000001A2
000001CC
00000184
000001E2
FFFFFF44
0000054B
FFFFFFAB
000003FA
00000329
FFFFFE28
000003C0
0000037A
FFFFFF38
00000106
000002C1
FFFFFEC0
00000506
0000014C
FFFFF97A
FFFFFA96
000000B7
FFFFFF0C
FFFFFE12
FFFFFACA
FFFFFB63
0000035D
FFFFFEAD
00000131
FFFFFFEE
000005F2
00000697
0000025A
000001CD
00000050
000005ED
0000039B
0000020B
FFFFFCF2
FFFFFC0E
00000010
FFFFFE8E
00000328
0000024A
FFFFFE21
FFFFFE03
FFFFFB94
FFFFFBE5
FFFFFEEA
FFFFFD76
FFFFFED2
000001ED
FFFFFDF1
FFFFFBF7
FFFFFF80
000001E5
FFFFFE5D
000001E2
000003DF
00000024
FFFFFB5C
FFFFFF6F
FFFFFEFB
FFFFFEB3
FFFFFE50
0000001B
00000139
0000008B
00000266
FFFFFFA6
000000FA
FFFFFE60
FFFFFE17
00000393
FFFFFF53
0000047F
FFFFFF14
000003F2
FFFFFDD7
0000007F
FFFFFC43
00000278
FFFFFE79
0000018F
FFFFFD14
FFFFFCE9
00000028
FFFFFD13
00000363
FFFFFE71
FFFFFC05
FFFFFC87
FFFFFB9D
000000FE
FFFFFF4A
FFFFFF89
FFFFFDC2
FFFFFA09
00000101
FFFFFBE5
00000274
000003F3
00000649
FFFFFF66
000005C8
FFFFFEDA
00000003
00000130
000004AA
000002D6
FFFFFBC7
FFFFFB12
FFFFFD9B
FFFFFBBA
FFFFFE1E
FFFFFF31
FFFFFC90
FFFFFF1A
FFFFFAFC
FFFFFAEC
FFFFFBB1
FFFFFEA6
00000277
FFFFFE00
0000028E
FFFFFF60
FFFFFC09
FFFFFE05
FFFFFF3D
FFFFFE9D
00000254
FFFFFEE9
000002C8
000001CF
FFFFFCC0
FFFFFE49
00000312
000001C1
FFFFFCF1
FFFFFD10
FFFFFC83
FFFFFDFF
FFFFFCD8
FFFFFD35
FFFFFFB8
FFFFFE57
FFFFFF3F
000000C3
00000297
0000019A
00000391
0000012E
00000387
0000049F
FFFFFFC8
0000021C
FFFFFEDA
FFFFFF14
FFFFFDAB
FFFFFD57
FFFFFE44
00000315
FFFFFF1C
000001E6
000000B8
FFFFFED1
00000242
FFFFFD40
FFFFFB3E
FFFFFDC8
FFFFFD97
FFFFFBBB
0000016B
FFFFFE08
0000015D
000000A8
FFFFFB26
00000101
FFFFFF3D
000002B1
00000311
FFFFFF7D
0000018B
FFFFFE0A
FFFFFFB0
000003EB
0000032F
00000324
0000022D
00000465
00000246
FFFFFDAE
0000008F
FFFFFDD6
00000155
FFFFFFB5
FFFFFFE9
000004D6
00000176
00000102
FFFFFA42
00000009
FFFFFC26
FFFFFB55
000004F2
FFFFFDB7
000001AF
FFFFFF28
00000212
FFFFFFD3
FFFFFFAE
000000C5
FFFFFE66
00000231
00000156
FFFFFAEE
FFFFFE3A
FFFFFF5C
FFFFFE49
FFFFFE2F
FFFFFF73
FFFFFE74
FFFFFF80
FFFFFF0E
FFFFFD51
0000007B
000001B1
0000013F
FFFFFF41
FFFFFBD9
FFFFFF46
FFFFFDF4
000003EE
00000301
0000033E
00000635
000000F9
FFFFFDB5
0000001B
00000100
0000041F
FFFFFE7E
000002EF
000002B0
000003DE
000000C5
00000346
0000048C
000000BA
000002CF
0000029B
000000C8
00000080
0000002E
000003FA
00000257
000001B9
00000431
FFFFFFE6
00000482
000000A1
00000064
000001CC
FFFFFDC2
000000D3
00000106
00000032
FFFFF8FB
FFFFFDEA
00000442
0000049A
000003D2
000003A3
FFFFFDDA
000000FF
000002EF
00000539
000001AA
00000175
0000045A
FFFFFEA3
FFFFFC88
FFFFFEA2
FFFFFE1F
FFFFFF4C
FFFFFBCF
000000C7
00000370
000003B9
FFFFFF00
FFFFFDFB
000000CD
FFFFFDBD
FFFFFD0C
000001FE
FFFFFD6C
FFFFFC6A
FFFFFDC8
FFFFF994
000001FC
FFFFFF7C
FFFFFA49
000001C4
FFFFFE84
FFFFFF3C
FFFFFFEA
FFFFFF6A
FFFFFCFF
00000004
FFFFFFC7
000002C2
000003C6
FFFFFC7F
00000154
000000E8
000000AD
FFFFFBCA
00000242
FFFFFE28
FFFFFDAB
000003DF
FFFFF9FA
FFFFFFED
FFFFFE42
0000016C
FFFFFABB
FFFFFD63
FFFFFB37
FFFFFE84
FFFFFE3D
FFFFFED1
FFFFFF29
000000EB
FFFFFD68
FFFFFE0C
00000077
FFFFFA4A
FFFFFC57
FFFFFC1A
FFFFFA9C
FFFFFE43
00000442
00000405
FFFFFE61
000000EB
000001E7
00000199
FFFFFB24
00000125
0000021E
00000136
0000020A
00000317
00000300
000003CE
0000017C
FFFFFD4D
FFFFFF0E
000003A4
FFFFFCFD
FFFFFE22
FFFFFF92
000002C3
FFFFFF52
0000020B
FFFFFEBA
00000033
00000388
00000471
FFFFFF5C
000003A8
0000019E
00000205
00000030
FFFFFF98
0000033F
0000031C
00000139
FFFFFEA2
FFFFFF8B
FFFFFF8C
FFFFFEBD
FFFFFF04
00000048
FFFFFB65
FFFFFEBE
0000035D
0000006D
FFFFFE97
FFFFFF69
FFFFFF32
000000AF
FFFFFF15
FFFFF9B3
FFFFFE81
FFFFFD59
0000025C
FFFFFF53
FFFFFDB1
FFFFFE5F
000002ED
FFFFFD37
00000094
00000182
00000015
FFFFFF09
FFFFFB58
FFFFFC92
000001E3
FFFFFC1A
FFFFFC17
FFFFFCC1
00000285
00000506
0000034A
FFFFFE96
000001BE
00000108
FFFFFEED
FFFFFDF4
000001E4
00000277
FFFFFCAD
FFFFFDD8
FFFFFE9D
FFFFFE63
FFFFFDAC
FFFFFE91
000001A9
000004BE
FFFFFD57
FFFFFA0D
FFFFFEEC
0000059D
00000362
FFFFFEB5
000005EA
FFFFFE09
FFFFFF6A
0000037B
FFFFFC96
0000022C
000000E6
00000010
000002B1
FFFFFFBA
0000027F
FFFFFBD3
00000029
00000246
FFFFFCC0
00000176
FFFFFEEA
FFFFFEDF
000003D8
FFFFFDD9
00000407
0000017F
FFFFFDFB
000001FF
FFFFFEE6
000001DA
FFFFFF27
FFFFFFA2
000002AD
0000013E
FFFFFFEA
FFFFFF47
FFFFFE0A
0000054F
FFFFFE7E
FFFFFD0B
FFFFFE0B
FFFFFCDF
0000001C
000002AC
00000173
000002F7
0000009D
000001FF
FFFFFAD5
FFFFFEAC
0000005F
000000E5
00000313
FFFFFCC4
FFFFFDD2
0000006A
FFFFFCCB
FFFFFDF7
FFFFFF1B
0000016B
FFFFFF33
FFFFFF56
FFFFFD30
FFFFFF2D
FFFFFF3A
FFFFFD81
0000004F
000002F5
0000033B
00000051
00000253
FFFFFE69
FFFFFD4D
00000095
FFFFFD81
000001D7
000000B8
00000115
FFFFFCB2
00000120
00000147
0000041A
00000132
000003D3
FFFFFF82
FFFFFE25
0000034D
FFFFFBB4
FFFFFDBC
00000095
FFFFFF58
FFFFFEA1
00000097
FFFFFB64
0000008C
0000024B
FFFFFDD8
000001B2
00000234
0000000A
FFFFFF87
000000C4
FFFFFB72
FFFFFDD8
FFFFFCF2
FFFFFB37
FFFFFE8E
00000111
FFFFFBD5
000000C2
FFFFFED5
00000192
000001DC
00000410
FFFFFC35
00000117
FFFFFDBB
FFFFFD76
00000023
FFFFFF28
000001CB
FFFFFD95
000002C8
FFFFFE27
000000CC
00000704
000005C9
00000064
0000005B
FFFFFFEB
0000006C
FFFFFEFB
FFFFFEFE
FFFFFF94
FFFFFFF2
FFFFFEB4
00000237
0000026C
00000143
FFFFFFDE
FFFFFC7B
FFFFFD14
000003DD
FFFFFF79
0000006B
0000008F
000001F8
00000242
FFFFFFC6
0000008C
0000013B
FFFFFAD7
FFFFF9C7
00000002
0000014C
FFFFFB8F
FFFFFC9E
00000025
000002AD
000000A1
FFFFFD2A
FFFFFB32
FFFFFEB0
FFFFFF72
FFFFFF2E
FFFFFE3E
000005DC
FFFFFFD2
00000147
00000290
FFFFFDDB
0000016D
00000003
000001BA
00000267
FFFFFF50
000001BF
000005CC
FFFFFEB1
FFFFFF97
FFFFFE6B
FFFFFE95
FFFFFE82
00000442
FFFFFE3E
000000D3
FFFFF9A1
000002C3
FFFFFC16
00000224
FFFFFDB2
FFFFFEB8
FFFFFFAE
FFFFFB0D
FFFFFD14
FFFFFD08
000000FA
000002D2
FFFFFF25
000000A9
00000228
000002FB
FFFFFE7A
0000013D
00000767
0000031D
000000A4
FFFFFFC5
000003FA
FFFFFD93
FFFFFED6
FFFFFD39
FFFFFC77
000002D7
00000180
000001A6
000003D1
0000035E
000000CD
000002D4
FFFFFDC4
FFFFFC82
FFFFFD7C
00000387
FFFFFAE8
00000164
FFFFFB0B
FFFFFE06
00000383
000001BA
0000024D
FFFFFDA9
FFFFFF86
0000033E
00000145
000000C0
FFFFFF34
0000018B
FFFFF993
FFFFFDAD
FFFFFBE7
000000C7
FFFFFDC4
FFFFFFEA
FFFFFEB7
00000562
00000399
00000225
000003F9
00000032
00000610
00000456
FFFFFFE8
0000025B
000003BC
FFFFFCFB
00000111
FFFFFFC5
00000104
FFFFFDEC
FFFFFF29
FFFFFE0F
000000A1
0000005B
0000012B
00000353
FFFFFF79
FFFFFE64
FFFFFC12
FFFFFC9C
FFFFFF23
FFFFFE3B
FFFFFFE7
FFFFFF42
000002DB
FFFFFE11
000003DB
FFFFFE96
FFFFFEA2
00000168
00000036
FFFFFE21
000001A6
FFFFFFA1
FFFFFC04
FFFFFB22
FFFFFFC1
000003FD
000000A3
FFFFFFA8
FFFFFFE6
000000CB
000001E5
FFFFFE4C
0000010D
FFFFFFE9
FFFFFDC0
FFFFFBEE
FFFFFD03
FFFFFD41
0000001E
000002EC
FFFFFF57
000003E7
FFFFFFC3
FFFFFF7B
00000241
0000040A
000003C0
0000027B
00000190
00000090
FFFFFDCD
0000009C
000003E4
000003AF
FFFFFF1B
00000057
FFFFFE48
FFFFFF07
FFFFFE8E
FFFFFCEF
FFFFFF20
0000035A
FFFFFF64
000003A0
FFFFFEBB
FFFFFD79
FFFFFDA8
FFFFFF33
FFFFFE74
FFFFFE32
FFFFFDE6
00000150
FFFFFEC4
FFFFFD5D
FFFFFB02
FFFFFF0A
0000038C
0000012F
000000CF
00000001
FFFFFC0F
FFFFFDB8
0000037D
FFFFFFC7
000000CC
FFFFFD59
FFFFFB3E
FFFFFE69
00000537
000000BB
0000004C
00000102
FFFFFD8F
FFFFFC6A
FFFFFD55
00000039
FFFFFFFC
FFFFFE5F
FFFFFD88
FFFFFD81
00000169
FFFFFF42
FFFFFD51
FFFFFE20
0000019D
FFFFFEBF
00000064
00000015
FFFFFBE0
00000056
FFFFFDB0
000001BF
FFFFFDE3
FFFFFC23
FFFFFE97
000001E8
00000129
FFFFFE7F
FFFFFF1A
FFFFFF12
00000009
00000038
FFFFFFB7
FFFFFE38
000000F5
00000453
000002FA
0000017A
000000F9
00000004
000001B6
FFFFFE84
000000E4
00000014
0000011B
0000016D
FFFFFF0B
FFFFFD4E
0000001E
0000013D
FFFFFAE4
FFFFFD5F
000000E2
FFFFFCBC
FFFFFC27
FFFFFFC7
FFFFFF8A
00000321
FFFFFD50
000001D3
FFFFFD47
FFFFFC0C
FFFFFC28
FFFFFCDF
00000000
00000171
FFFFFECD
FFFFFA50
FFFFFCCD
000000BD
0000023A
FFFFFE5A
FFFFFE61
0000003B
000000D0
000001A1
FFFFFE3A
FFFFFE7D
0000023F
FFFFFF6E
000001A5
0000007B
FFFFFF00
FFFFFEA8
FFFFFCF3
FFFFFEC5
FFFFFBB9
FFFFFD44
FFFFFCA2
FFFFFCE0
FFFFFE0C
FFFFFB9A
FFFFFCDF
FFFFF9C1
FFFFFD51
FFFFFFE6
FFFFFBD8
FFFFFE24
FFFFFB31
000000AF
FFFFFECD
FFFFFF30
00000126
FFFFFD11
FFFFFF69
FFFFFDD5
FFFFFE2C
000001C4
00000311
0000028C
FFFFFCE8
FFFFFD2E
000002AC
FFFFFD0F
0000011E
FFFFFF71
FFFFFE56
000002D8
000000F5
00000255
00000031
FFFFFE35
FFFFFC3B
0000019D
0000004E
FFFFFF69
000000B6
000001C9
FFFFFFC7
00000033
FFFFFE09
000001F4
FFFFFBD8
FFFFFF85
FFFFFFFB
00000532
00000769
00000465
00000046
00000158
000000B4
00000167
FFFFFBFA
FFFFFE61
00000396
0000013A
00000363
FFFFFEF3
000000FA
000001EE
FFFFFF75
FFFFFF10
FFFFFC62
000001F9
FFFFFDD2
FFFFFF3F
00000222
000000A2
FFFFFF43
0000003A
000001ED
FFFFFE70
0000029C
00000194
0000016B
FFFFFD91
000000D5
FFFFFED4
FFFFFCCA
FFFFFB4A
FFFFFC5D
00000324
00000223
00000204
000000A2
FFFFFCB3
FFFFFF34
FFFFFE1B
000000DE
FFFFFFB6
FFFFFDFF
FFFFFDAC
000002FA
00000194
FFFFFDBF
FFFFFF48
FFFFFE07
FFFFFD01
FFFFFE66
00000142
FFFFFE2A
00000025
FFFFFFB0
00000278
FFFFFFFA
00000370
0000016A
FFFFFE7A
FFFFFE05
FFFFFEAE
FFFFFD48
FFFFFDA8
000000D5
FFFFFCE4
00000197
FFFFFB4A
FFFFFE34
00000061
00000373
000000B2
FFFFFC71
00000318
00000090
00000323
FFFFFECB
00000171
000000C1
000001CD
000002AD
FFFFFF27
000000AF
0000002D
FFFFFFC6
00000339
00000286
000001EB
0000019C
FFFFFEE4
00000315
FFFFFBE4
0000024C
0000000E
FFFFFFB4
0000008C
FFFFFF3B
FFFFFE13
FFFFFF0D
FFFFFC9F
0000024D
FFFFFF52
FFFFFFC3
FFFFFEB1
FFFFFBAF
0000021E
FFFFFF7C
0000025A
000000F4
000000F6
00000257
0000024B
FFFFFBBA
FFFFFD8E
00000376
00000076
000002E6
000001C5
0000015D
FFFFFD17
000002AA
FFFFFF18
FFFFFC81
FFFFFF0F
0000029C
FFFFFAB7
FFFFFDD7
FFFFFBDC
00000263
0000019C
FFFFFF05
00000257
00000240
0000017D
0000031B
0000001A
000003A3
0000007E
0000023F
FFFFFE98
000002CA
FFFFFE1E
FFFFFBF2
FFFFFF7E
00000363
FFFFFECF
FFFFFEFC
000002F7
000003AD
FFFFFD87
FFFFFF4C
FFFFFADA
FFFFFCE6
FFFFFE4F
FFFFFDF5
FFFFFCE7
00000177
000001CB
FFFFFE09
FFFFFCD8
FFFFFEA7
FFFFFEBD
00000102
0000004A
000000FB
00000003
00000355
000002D3
0000019F
000001BF
FFFFFF4D
FFFFFD9F
FFFFFF50
000000ED
FFFFFED0
0000037E
000005D1
000002BA
FFFFFE5E
FFFFFFE3
FFFFFD62
000000FE
FFFFFEBC
0000016B
FFFFFFFA
00000357
FFFFFE33
FFFFFF11
000000CE
000001C8
FFFFFE7B
00000006
FFFFFC7D
FFFFFED5
FFFFFCFE
00000042
FFFFFB84
FFFFFB7D
00000148
00000206
FFFFFDDF
FFFFFD49
00000226
FFFFFC1D
000001B4
000004D3
0000000A
FFFFFF76
FFFFFE3B
FFFFFFCD
0000036A
00000218
00000264
00000093
FFFFFFDB
FFFFFB51
00000204
FFFFFBEC
000002B2
000000AC
00000134
FFFFFF60
FFFFFBA2
FFFFFFF2
FFFFFE09
00000061
FFFFFBE4
FFFFFDA0
000001CB
FFFFFD21
FFFFFF72
FFFFFF6E
00000092
00000164
FFFFFEF9
FFFFFC7B
000001BE
0000019A
FFFFFEAC
FFFFFDC8
00000280
FFFFFD76
0000014A
FFFFFF81
00000130
0000037E
FFFFFEC9
000002B2
FFFFFE44
00000180
FFFFFC61
000000E4
000000D8
000002B1
000000CE
000000AA
00000388
000002B2
00000099
000000B9
00000121
FFFFFC53
FFFFFFC6
FFFFFEDE
FFFFFAC5
FFFFFECD
FFFFFBFC
00000241
000002FF
00000334
000002DD
00000333
000003A6
FFFFFE8A
FFFFFF0C
FFFFFE16
0000003D
00000005
FFFFFEB5
FFFFFCEA
FFFFFA9E
FFFFFE9D
FFFFFFEA
00000091
FFFFFCCE
FFFFFC98
FFFFFDD8
FFFFFFF5
FFFFFF65
0000026D
00000062
0000016A
000000B9
FFFFFD54
00000027
00000196
FFFFFEC5
000002DE
FFFFFF05
00000135
000002B1
000002E7
000000D1
FFFFFB1E
FFFFFBCE
FFFFFA53
FFFFFD0E
FFFFFC25
000001EB
FFFFFDD0
0000032C
FFFFFE25
FFFFFEA1
0000002D
0000020D
FFFFFDFF
FFFFFFC6
0000026C
FFFFFDE5
FFFFFC3D
00000200
FFFFFE3E
FFFFFFCF
000000BD
FFFFFFCC
FFFFFE17
FFFFFDFA
00000117
000001FA
FFFFFD62
FFFFFE3A
0000003C
FFFFFCFD
00000186
FFFFFDA9
FFFFFEDB
FFFFFED8
000000B9
FFFFFCC6
