FFFFF8FD
000016C4
00000779
FFFFF4E4
0000146A
0000066C
FFFFF747
000008A7
00000773
FFFFFFC5
0000092E
FFFFFCC5
0000068E
00000C4F
00001686
00000821
000012D2
00000B42
00000463
FFFFF683
FFFFFD6A
0000061F
FFFFF58B
000003CE
00000792
000001A8
000007D3
FFFFFB83
FFFFF945
0000055C
00000674
00000483
FFFFFEED
FFFFF1BD
FFFFF6CE
0000012B
FFFFFB7E
FFFFEF91
00000D1B
FFFFF34A
FFFFFAB1
FFFFFF27
00000616
00000C54
00000CE1
FFFFFED9
FFFFFF09
FFFFF13E
00000A9E
FFFFF678
FFFFFCBB
00000232
000003E9
00000997
FFFFEFDB
00000A42
00000322
FFFFF4DC
FFFFF74E
0000003C
FFFFFA11
00000573
FFFFF9A5
00000334
FFFFF383
00000634
000007BA
00000E73
000003E4
FFFFEDFC
000003EB
FFFFF2AE
FFFFFA33
00000076
FFFFEFDC
FFFFF8CB
FFFFFFE3
FFFFEDE0
FFFFF19F
00000FEB
FFFFE86C
FFFFFB89
0000071F
FFFFFE23
FFFFEE01
FFFFFADD
000010C8
00000467
000012A6
00000A02
0000078E
000004B5
000001E0
FFFFFFD5
FFFFF62B
FFFFF07F
FFFFFB9F
FFFFFC95
FFFFFCCC
FFFFF6F3
FFFFF78E
FFFFEEAE
FFFFEF7A
FFFFF5ED
FFFFFEF5
00000121
FFFFEFA1
00000659
FFFFF3F4
00000424
000011BF
0000054A
00000AFB
FFFFF566
00000262
000008B4
FFFFFCD1
00000470
00000C63
FFFFFBFA
0000054D
00000E07
000005D6
FFFFF9C5
00000D3C
000001EA
FFFFFFC5
FFFFEF5E
FFFFFCBC
FFFFFA67
00000C48
0000007B
0000024D
00000251
00000852
FFFFFAF0
000005D5
FFFFFBD4
FFFFF3A4
000002CC
FFFFF30D
FFFFFA23
FFFFFB07
0000047B
000010AD
00000BA2
FFFFFE80
000010C7
00000030
00001250
FFFFFE96
FFFFFFE6
00000B6B
FFFFFEA6
0000100B
00000198
00000E57
00000444
FFFFFDA2
0000048F
000005E8
FFFFF713
00000AA0
00001484
00000E65
FFFFF018
000005CE
FFFFFF1E
FFFFF840
FFFFF66B
FFFFEDA7
00000771
0000029F
FFFFFA71
FFFFFF98
FFFFF686
FFFFFDFB
00000FF4
00000AB8
0000046D
FFFFF0F5
FFFFF413
FFFFF9CF
FFFFF5C1
FFFFFE26
FFFFFCCE
FFFFF84F
FFFFF907
FFFFF0A5
FFFFFF94
FFFFF7D3
000006A0
0000009F
000003F2
000001A4
FFFFFC7B
00000F20
FFFFF207
0000078C
000000C4
FFFFF3E2
000005B7
FFFFF810
FFFFFC3A
00000544
FFFFF8D6
FFFFF83A
00000296
FFFFFFC3
FFFFFBAA
00001028
0000119E
00000DC7
00000EA0
0000063C
00000A80
FFFFF4C1
FFFFFF10
FFFFFE22
FFFFFFC3
FFFFF5B0
FFFFFC26
FFFFFC42
FFFFFA1C
FFFFF8F9
000007D4
00000AD6
FFFFFFB0
00000FED
000009CA
00001184
00001508
FFFFF6C4
00000084
FFFFF9EF
FFFFFF88
FFFFF758
FFFFFF62
FFFFFB17
00000318
FFFFF74B
00000033
FFFFFF9B
00000CEE
FFFFFC8C
000002A7
FFFFFF4D
FFFFF1F9
FFFFED40
00000E5E
FFFFECE8
FFFFED8E
FFFFF5CF
00000A69
000002F2
00000565
000016A5
000009E8
FFFFFB21
000009AE
FFFFFA5B
000008D4
000007B2
00000117
FFFFFE30
00000B0A
00000FF2
00000617
000001D9
00000C50
FFFFEFB1
FFFFFE17
000013CC
FFFFF689
000003D4
0000083D
FFFFF3F0
00000FE2
0000041C
0000029A
00000E9C
00000C25
00000CDB
000004AC
00000209
00000827
FFFFFBA6
000005CB
00000CF9
00000C16
00000A44
0000041C
00000368
FFFFF084
00000ABE
FFFFF72C
00000B64
FFFFF2B8
FFFFF0AF
FFFFFE45
FFFFFFF3
FFFFF5EF
000009CE
FFFFF550
FFFFFEBD
FFFFFCC2
FFFFF52D
FFFFFEEA
FFFFEAF4
0000024E
FFFFFFB3
00000494
FFFFEC51
0000013E
000001FD
000005B4
FFFFFE9E
FFFFFCAD
000007B0
0000027D
00000495
00000396
FFFFFD7A
FFFFFAC8
FFFFF422
0000068C
FFFFF50B
FFFFF1C5
FFFFFACA
FFFFF926
FFFFF75F
000009C8
FFFFF252
FFFFFA9C
FFFFF444
000002B3
FFFFFFA1
00000271
FFFFF0AD
00000A0F
FFFFF633
FFFFFF97
FFFFFBD4
0000097B
00000A29
FFFFF5C5
00000216
FFFFFBC0
00001097
FFFFF5D4
FFFFFD26
000007C3
FFFFEFE0
0000087F
00000B5E
FFFFF263
FFFFFFB0
FFFFF736
FFFFFB73
000002BC
FFFFEEEA
00000540
FFFFF867
FFFFF654
FFFFFB64
000005BD
00000734
000002E3
FFFFFE23
FFFFF53B
FFFFF0F3
FFFFF0CD
FFFFF370
0000037F
0000038D
00000C2E
000004D3
00000CD4
00000226
00000494
00000F37
00000B86
000007DF
00001313
00000DD2
00000937
000004F1
FFFFEDA6
FFFFED23
FFFFF2D3
FFFFF89D
FFFFEF1F
0000078F
00000357
FFFFF182
FFFFEB53
000002F2
FFFFFC10
FFFFFFEA
FFFFFED7
FFFFF2C8
FFFFFAFF
FFFFFC3C
FFFFFCC3
FFFFFC70
FFFFFFA9
00000C3E
FFFFFEDF
00000961
0000098D
00000149
FFFFFE74
FFFFF806
00000AA6
FFFFFD2C
000003BC
FFFFFDC1
FFFFF83A
000004D5
00000920
FFFFEFAC
0000023B
FFFFFF4D
FFFFF0FB
000007A5
FFFFF79D
FFFFFB10
00000E2A
FFFFF6EB
FFFFF50E
00000B00
FFFFFF67
00000D97
00000418
0000114D
000005AD
0000168E
00001218
FFFFF6FE
FFFFFC83
FFFFFBF8
FFFFFC57
FFFFF6DD
000001A0
FFFFFC99
000002F7
FFFFFB32
FFFFFDFD
FFFFFD28
0000018D
FFFFF7AA
FFFFFA3C
FFFFED2B
FFFFF54F
000003AC
FFFFFCCA
FFFFFEAB
000001A5
FFFFF6D3
FFFFFF8E
FFFFF8C1
FFFFF405
FFFFEBC6
FFFFFEBB
FFFFF677
FFFFEC8C
FFFFF76C
FFFFF72B
00000135
FFFFFB5E
FFFFFF07
0000003B
FFFFF922
FFFFFC2F
0000034A
000011C0
FFFFF6FD
0000004B
FFFFF3A6
FFFFF2BB
FFFFF251
0000070E
000001F2
FFFFF20E
000000B4
0000034F
00000685
000004D9
FFFFF957
FFFFF30F
0000127C
FFFFF368
FFFFF2A8
FFFFF7DC
FFFFF756
0000010F
000004B4
00000B39
00000105
FFFFFD50
00000EC9
FFFFF738
FFFFF3CC
FFFFF857
000005B6
00000197
FFFFF673
00001050
FFFFFFB5
FFFFFC3E
0000014A
000008F1
FFFFFFF2
FFFFECBA
000005A4
00000074
FFFFF5C3
00000292
FFFFFB89
FFFFFF92
000010E6
00000F0B
00001637
0000034E
00000EF0
00001730
0000143C
000006AA
00001536
000007DB
0000199F
000002E4
FFFFF8F6
000004F9
00001316
FFFFFAAC
FFFFF596
00000082
00000C22
00000B53
FFFFFA96
0000056D
FFFFF946
0000050E
FFFFFCCC
00000322
FFFFF738
00000A9E
00000858
FFFFFEFE
00000B41
FFFFF43F
00000B44
00000BF8
FFFFFBD3
FFFFFA23
FFFFFB51
FFFFF6EF
00000C10
000019C0
00000D8F
0000106D
00000BCE
FFFFFC30
0000128B
00000E6B
000008DB
00000374
FFFFF438
FFFFFDA4
000001AE
FFFFF9ED
FFFFF9AC
00000620
FFFFF70D
0000073B
FFFFFFAC
FFFFF205
FFFFFE11
000001EC
FFFFF1F4
FFFFFB5E
FFFFFF81
FFFFF7F2
000005AB
000003A2
0000031E
000002D6
FFFFF6A6
FFFFFEC2
FFFFFD2F
FFFFFD71
000000BA
00000004
FFFFF895
000006FC
FFFFFF2B
FFFFF2E9
FFFFFEA7
FFFFFB1E
FFFFFF8C
FFFFFF28
000002C4
00000B4E
FFFFFE51
0000080A
000004EE
00000772
FFFFFEC2
00000246
FFFFF79B
000003E5
FFFFFBD4
FFFFFF87
FFFFFAAA
FFFFF7E0
FFFFFA5C
FFFFFE47
FFFFF6F4
FFFFF4C1
FFFFFDA4
FFFFFFE7
FFFFFD7E
FFFFFE39
000002BF
FFFFF7A7
FFFFFB1D
00000746
FFFFF961
000003C8
00000E27
FFFFFD51
000005D2
00000364
000006DE
FFFFFD79
000004AA
00000621
00000603
000007D9
00000388
00000986
FFFFFF43
000000DB
FFFFF845
00000233
FFFFF8DC
00000000
FFFFFBD0
FFFFFFD7
FFFFF95E
FFFFF6B7
0000021A
FFFFF762
0000012E
FFFFF223
FFFFFF74
0000061A
0000019C
000004BE
00000035
FFFFFE11
0000044A
00000A37
FFFFFC71
000005C5
00000982
00001222
00000DAC
FFFFFB46
0000021F
000006EC
FFFFFA4E
000001A1
000007DB
FFFFF6F7
000002C0
FFFFFACE
FFFFF1EB
00000BCE
000002D9
FFFFF82D
00000463
FFFFF9F8
00000E06
FFFFF88B
00000E81
00000704
FFFFF792
000005C3
000009C8
FFFFF413
000002AB
0000043D
00000614
FFFFF8B9
FFFFF6C4
00000613
FFFFFB7E
FFFFFB50
FFFFFB70
00000318
FFFFFA6D
0000036C
00000225
0000031E
FFFFFC84
FFFFFB94
00000218
000004F2
FFFFFABA
FFFFFC47
00000305
000003D4
00000425
00000709
00000061
FFFFFFC2
FFFFFDC1
0000017E
FFFFFB2C
00000A13
FFFFFA11
000004FC
00000E44
000006D9
FFFFFDA6
00000AD8
FFFFFFC4
00000A8E
FFFFFD08
00000514
0000059C
000000DE
FFFFFFA3
000005C1
FFFFF5E3
FFFFFC44
0000046D
00000AD2
00000BF0
FFFFFF9E
FFFFF1AD
00000AB6
FFFFF1A9
000001BF
00000321
FFFFFE1F
0000012A
000003CE
0000013F
00000659
00000D11
000008A7
000004E6
000001C5
0000001A
000005FD
FFFFFCAF
FFFFFCEB
00000BED
000007C0
FFFFFF86
FFFFFA3B
FFFFFDB8
00000439
00000A42
000005BF
000001A6
0000046D
000003D9
FFFFFD72
FFFFF9E9
FFFFFF65
FFFFFF25
FFFFF9DD
00000881
FFFFF8F9
00000463
00000483
FFFFF4DE
FFFFFE25
000003F7
FFFFF236
FFFFF729
00000141
00000297
FFFFF1B7
00000013
FFFFF56A
FFFFF46B
FFFFF87B
00000248
FFFFF968
000002EB
FFFFFE51
FFFFF9F9
00000494
FFFFF719
FFFFFFA9
FFFFF720
FFFFF8F5
0000080D
FFFFF765
000003FE
FFFFFE0D
000000D9
FFFFFB73
FFFFFF05
00000263
0000050F
000002CA
0000041F
0000079E
0000051D
FFFFFD8A
FFFFF901
000004A3
0000066C
000001E2
FFFFFBDF
FFFFFE8A
FFFFF198
000007F2
0000032A
FFFFFE01
000006BE
FFFFFFE9
00000D11
FFFFFF4E
000002E7
FFFFFFF1
00000231
FFFFFDD4
FFFFFD33
000000FF
FFFFF8EB
000006C6
00000733
00000CD3
00000800
000005EE
00000A64
000001CB
00000C17
000009B1
00000B68
00000626
0000067F
00000FB3
FFFFF72E
FFFFFD71
0000042B
000003CD
FFFFFF61
00000C02
000004BB
000001B5
FFFFF744
0000075F
000005D6
00000BA1
FFFFFAE4
FFFFFF5A
00000401
000006AA
00000949
FFFFFB8C
000002D0
000001BE
FFFFFF76
FFFFF44B
FFFFFB38
000007E3
FFFFFBAC
000002A2
00000602
000004D4
00000400
000008A0
00000579
FFFFFC88
000005D1
000002A2
0000015F
FFFFFECD
FFFFFDCB
00000924
00000AF6
000005F2
000003FB
FFFFF9EC
00000DC1
FFFFFB91
FFFFFC82
FFFFFF74
000007D0
000008DF
00000705
000000E5
FFFFFEB2
000003D9
00000D64
000003E5
FFFFF9DA
00000890
FFFFFF0D
FFFFFEED
00000223
000000C8
00000053
000006F2
000007E8
00000198
FFFFFB6F
FFFFF54E
FFFFFEA2
FFFFF862
00000B33
FFFFFE39
00000CED
00000109
FFFFF6D3
FFFFFE80
00000711
FFFFFC48
00000905
00000178
00000189
FFFFFFFF
00000528
FFFFFC85
FFFFFD97
00000353
FFFFF7DC
FFFFFD7C
000001D8
FFFFF799
FFFFFF5A
000002F0
FFFFF034
00000356
FFFFF456
FFFFF2BE
FFFFFCC0
FFFFFA88
FFFFFB3B
0000066D
00000283
0000030F
00000084
FFFFFB88
00000109
00000345
000008BC
000000D2
00000144
00000197
FFFFFD61
00000723
0000076D
FFFFFEFF
FFFFFDE7
FFFFFB38
FFFFFE5C
FFFFFA2F
000004E4
FFFFF48A
FFFFFFD3
FFFFF9AF
FFFFFC38
FFFFF5C4
FFFFFC44
00000D01
000008BB
FFFFFC6A
00000CBF
00000A03
FFFFFB3F
FFFFFD91
0000014A
FFFFFE17
0000018C
00000F2F
000003A0
FFFFFEED
00000808
FFFFF9A6
FFFFFDDD
00000CA1
00000236
00000A37
00000E97
000005EC
FFFFFDEE
FFFFFCB8
0000099A
FFFFFBC2
FFFFFABD
000004C8
000009A3
00000ABB
FFFFFE8D
000002D2
FFFFFBC9
FFFFFC4F
00000820
FFFFFED8
FFFFFF83
FFFFFE11
0000016E
FFFFFD02
FFFFF931
FFFFFD37
000006C0
00000806
FFFFFD37
FFFFFD90
FFFFFF20
00000202
FFFFFE4B
0000025A
000000DF
00000729
00000C9E
000008B2
FFFFFB2C
000004B1
000006CE
00000410
FFFFF6AD
FFFFFB65
FFFFF53D
00000140
FFFFFBF8
0000091C
00000564
00000815
FFFFFC84
FFFFFFA1
FFFFFABF
FFFFFBEE
FFFFF7C2
FFFFFDF8
000008A5
000000FF
FFFFFF42
00000A5D
FFFFFD71
FFFFFFAA
00000000
0000044C
FFFFFF99
0000060E
FFFFFF7D
00000933
FFFFF895
00000820
000008A9
FFFFFB30
00000063
FFFFFF17
0000076C
FFFFFB85
000005C2
FFFFF7E1
00000AA6
00000C32
FFFFFC90
FFFFFEEA
0000069F
FFFFFC99
FFFFFECA
FFFFFEF0
FFFFF89A
0000061E
00000295
0000008A
00000194
000005E7
FFFFF88F
00000AA9
FFFFFB8E
00000092
FFFFFE43
FFFFFFF1
FFFFFDC7
00000A04
FFFFF78D
0000067E
FFFFF38C
FFFFFFD5
FFFFFD35
FFFFFB9A
000001AA
FFFFF6CC
FFFFF636
00000191
FFFFFF3A
FFFFFA5A
FFFFFCA8
FFFFF89E
00000F28
000000D7
00000128
000003F8
000003D5
FFFFF98E
FFFFF7DC
00000518
FFFFF7F4
FFFFF57B
00000839
00000016
000005E6
00000004
00000022
FFFFFE2A
000002EA
FFFFFE87
FFFFF9F6
FFFFFBC3
FFFFF815
FFFFFBFC
FFFFFC94
FFFFF81F
00000114
0000013B
000006D7
00000559
FFFFFEDC
FFFFF61F
FFFFFDC4
00000258
FFFFFE9A
0000096F
000004F4
FFFFFDD3
FFFFFF86
000003EE
FFFFF889
00000103
00000A25
00000477
0000005F
0000040E
FFFFFCB8
FFFFFE38
0000071D
0000087C
000004AF
00000969
FFFFFEDA
FFFFF82E
00000093
FFFFFDF4
FFFFFF99
00000167
00000A97
00000327
FFFFFBAF
00000245
000009CC
000006D3
FFFFF94C
FFFFFC5C
000004A1
00000578
00000A01
000004CE
FFFFF957
000002DC
FFFFF849
000009D3
0000036E
00000483
FFFFF4F3
FFFFFDC5
000009F3
00000E8D
0000062F
00000130
00000600
00000948
000006F1
0000017E
FFFFF62C
00000C9D
FFFFFEE6
FFFFF317
00000585
000007BD
000001B4
00000AB1
FFFFF775
0000074E
FFFFFF18
FFFFF19C
FFFFF770
FFFFF467
FFFFF8A2
0000071B
FFFFF5DC
FFFFED3B
FFFFF363
000003B5
000001D9
00000DC7
000005E6
000008F0
00000E08
FFFFFE2F
FFFFF812
000001A7
00000071
00000180
00000C26
0000080B
FFFFFEF7
00000C34
00000219
00000ABC
FFFFF31A
00000843
FFFFF502
FFFFFAED
FFFFFD7F
FFFFFFA9
00000B46
FFFFF4E3
FFFFFA08
FFFFFA10
FFFFF3BA
00000116
00000701
00000750
FFFFFF83
00000947
FFFFFF3E
0000076B
FFFFFFCB
0000043A
FFFFFCEF
0000075B
FFFFFBA0
00000AEC
FFFFF9E4
00000049
00000B76
00000A26
00000958
FFFFFD0B
FFFFFB86
FFFFF908
FFFFFAB9
FFFFFDFB
FFFFFAA4
0000028E
FFFFF8AC
FFFFF71A
00000061
FFFFFED2
00000E6E
00000E00
FFFFF730
0000050A
00000E03
FFFFF581
00000150
FFFFED48
FFFFFE68
000000B7
FFFFF1C2
FFFFF8DC
FFFFF926
FFFFFA87
FFFFFECD
00000290
00000339
FFFFFFF0
00000277
00000484
00000013
FFFFFE6E
00000953
00000723
FFFFF5D2
FFFFF505
FFFFFD47
FFFFF6A5
FFFFF70A
FFFFF405
FFFFED82
FFFFFBE9
FFFFFB69
000002DE
FFFFF00C
0000000A
000005D5
00000443
FFFFF819
FFFFF98D
0000077C
00000CE7
00000989
0000026F
FFFFF8AE
FFFFFF60
00000983
0000021B
0000067A
00000688
FFFFF784
00000C51
000007DC
FFFFF3AE
0000112C
FFFFFE40
FFFFF3B1
00000516
000006E4
0000004C
000004A0
FFFFFEE9
0000060A
0000046C
FFFFF359
FFFFF252
00000535
00000146
FFFFF7D3
0000061B
FFFFF87D
FFFFF771
FFFFF27C
00000305
FFFFF352
0000006E
FFFFF0CE
FFFFF015
FFFFF0F4
FFFFF45C
00000243
FFFFFFCF
0000020D
FFFFF3D0
FFFFF71C
000000AB
000004D4
FFFFF225
FFFFF838
FFFFF912
FFFFF92D
0000036F
00000C50
00000FE4
000001EA
FFFFFB14
000008F1
000007D9
FFFFF794
000009F6
FFFFF61D
FFFFF6F5
FFFFFF9F
FFFFFF0B
FFFFFA62
FFFFFB45
FFFFF94A
FFFFFCE4
000005AB
FFFFFA01
FFFFF589
000002BF
FFFFFAA7
00000A53
0000037D
0000092F
FFFFFBC5
FFFFFF88
000002FB
0000038D
00000D0B
FFFFF2A5
FFFFFC5A
FFFFFAB3
00000369
FFFFFCB1
FFFFFF15
FFFFFB0B
FFFFFF36
0000137B
000005B5
FFFFED4A
00000C48
FFFFFCF3
FFFFFB55
00000AE5
FFFFFA30
0000036A
000005ED
00000255
000004A8
00000466
00000BE1
00000087
00000A15
00000C5D
0000107C
FFFFF7E3
0000022E
FFFFF9F5
00000CCA
0000050C
00000DB6
FFFFF8F0
0000074F
FFFFFD9F
000008D5
000006C5
00000A38
FFFFFDCB
0000020E
FFFFF73B
000002B8
00000C0C
FFFFF34F
000006C9
0000046D
FFFFF5F1
0000010D
00000D8C
FFFFFED0
00000B61
00000DF8
000004E3
0000031E
00000A42
FFFFFD88
0000157F
000009F3
FFFFFA01
00000A15
FFFFF741
FFFFFFC5
FFFFF1B3
FFFFF6B4
FFFFFCD6
000000CB
00000E8F
000005E7
0000004E
0000010B
000000EE
000007DB
0000084D
FFFFFD2A
FFFFFD18
00000ADE
000007B0
FFFFFC31
00000C43
00000F6F
FFFFFE89
00000740
000000F7
FFFFFFC2
FFFFFC07
000002E4
00000AEC
000009F0
FFFFFC1C
000011F9
00000E24
FFFFFC2E
00000520
00000613
000005BF
00000749
FFFFFD7A
FFFFFBB7
FFFFFF91
FFFFF962
FFFFFCF2
FFFFEC84
FFFFFD74
000004DD
FFFFF122
00000F0B
00000404
00000F3F
00000AB3
00000DA5
00000B70
FFFFFF64
FFFFF9DE
00000456
FFFFF8E8
FFFFF856
FFFFFCAF
FFFFF8E5
FFFFF323
00000524
FFFFFDC8
000003E8
0000069C
00000029
FFFFFE05
0000089C
0000014A
000006C3
00000B65
FFFFF6EB
FFFFF123
FFFFF80A
FFFFFDB3
FFFFF215
00000C44
0000013C
000004DC
0000051F
00000396
FFFFFA15
0000051C
FFFFEE62
FFFFE8C7
FFFFFBAD
FFFFFD0E
FFFFF3DA
FFFFF68D
FFFFF894
FFFFFD97
FFFFFAA9
FFFFF862
000007FA
00000C0D
0000072C
00000D09
0000033A
FFFFFCC6
00000D2F
FFFFF697
00000580
FFFFFD82
00000D6E
FFFFFD13
00000683
FFFFFD44
FFFFFD80
00000881
00000A23
FFFFF9F2
000005D7
000002D0
00000259
FFFFF89B
000014A2
00000060
00000DB5
FFFFF971
FFFFFE64
000008D9
00000D09
00000439
00000225
FFFFF74C
00000799
00000897
0000087C
FFFFFCBF
00000380
000008DC
FFFFFB07
00000B84
FFFFFB14
FFFFFE02
FFFFFB43
FFFFFC68
FFFFF290
00000273
00000009
FFFFF64A
FFFFF86F
FFFFF361
00000400
FFFFFEB5
0000021D
FFFFF9A6
0000042D
00001194
00000F00
000005B4
FFFFF897
FFFFEFD7
000005A9
FFFFFA5E
FFFFE9E5
FFFFF9B1
000001E2
FFFFFD5C
000000E1
00000511
FFFFFFA4
000004A8
FFFFFC81
FFFFFB76
FFFFF534
00000D96
0000019E
0000079C
00000353
FFFFF7B3
FFFFFBBF
FFFFFF8F
00000739
00000248
0000049C
FFFFFC18
00000985
000007AA
FFFFFE67
00000072
0000099A
FFFFFD98
0000095F
00000473
00000974
FFFFFC12
FFFFFF25
FFFFF686
FFFFF68B
0000025D
FFFFF7E9
00000515
0000056A
FFFFFB43
FFFFFC2A
FFFFF9DC
FFFFF23B
FFFFF591
00000954
FFFFF60D
0000181A
FFFFFCD3
00000708
FFFFFF81
FFFFFBE3
00000214
00000756
0000068D
FFFFFB28
FFFFF1BB
00000050
FFFFF751
00000A1D
FFFFFF90
FFFFF680
0000000D
000003A2
FFFFFE56
FFFFFF28
FFFFF6AC
FFFFF4BE
FFFFEE24
00000264
00000640
00000894
000008C2
00000C76
000003F3
00000735
000008E9
0000042B
FFFFFC39
000004C7
00000486
00000CD8
FFFFFCD1
00000D83
FFFFF9F2
FFFFFA6D
FFFFF62D
00000C80
FFFFF3FB
FFFFF1BA
00000449
00000217
00000B45
00000147
FFFFEE1E
FFFFF305
000003BE
000002AA
00000E61
FFFFF855
FFFFFB2A
FFFFF7B1
FFFFF753
000013DF
000001C1
00000382
FFFFFF35
FFFFF8CE
0000094F
000002E7
FFFFEDD3
FFFFFE5D
FFFFF920
FFFFFCB1
00000CF4
00000A78
000013BC
00000E39
00000E2F
00000B11
00000C87
FFFFFC85
0000020F
000005FD
FFFFFA8C
FFFFFE44
FFFFFD87
00000130
0000041C
00000570
00000378
FFFFFFEA
00000CEA
FFFFFC71
FFFFFB88
00000650
FFFFFC4F
00000051
FFFFFD23
000003F2
00000550
00000082
FFFFFA6E
0000021D
0000002E
FFFFFECC
FFFFFDE5
FFFFFFB8
FFFFF844
FFFFFB5F
FFFFF95F
FFFFFCB0
0000038D
FFFFFCF8
0000046F
FFFFFFC0
FFFFFE40
FFFFFD2E
000002BC
0000014B
FFFFFB70
000002B6
FFFFFEFF
000003DA
FFFFFD3B
FFFFFCA1
0000024B
00000227
00000131
00000159
00000229
FFFFFC40
0000069B
000001E2
0000062D
00000754
000001B8
00000D51
FFFFF705
FFFFFBDD
FFFFFCD6
FFFFFBC6
FFFFFB8E
FFFFF8A4
FFFFF929
FFFFF95A
FFFFFD83
000001D0
FFFFFCCF
000001B9
FFFFFD42
0000023D
FFFFFADF
FFFFFFBF
0000042B
FFFFFB1D
FFFFFEC7
FFFFFB3D
FFFFFE08
FFFFFACD
000002D9
FFFFFC73
00000120
FFFFF99F
000002B7
FFFFFD12
FFFFFE9F
0000025B
000004E5
000002E9
00000237
000006EF
0000035E
00000469
FFFFFB85
FFFFFD9A
FFFFF8F8
FFFFFF7D
FFFFF8EF
00000038
00000334
0000024F
000003AD
FFFFFF7D
FFFFFF1C
FFFFFC00
00000349
FFFFFDBC
FFFFFEAF
000003F5
0000050F
FFFFF44F
FFFFFFB7
00000187
FFFFFA9E
00000053
FFFFFAFC
FFFFF81D
00000445
00000301
00000035
00000053
FFFFFE79
0000005E
00000277
0000043E
00000837
FFFFFD1A
00000367
FFFFFC5A
000001BF
00000090
FFFFFD2F
FFFFFB69
00000177
00000145
FFFFF83D
FFFFFE9A
FFFFFFE1
00000026
0000057A
FFFFFF13
00000464
FFFFFFC0
FFFFFE9A
0000055D
FFFFFD89
000005C9
FFFFFC2A
00000114
FFFFFC39
0000064A
000002F2
FFFFFD80
FFFFFB81
000001C2
00000156
FFFFFC2B
FFFFF768
FFFFF619
FFFFFA65
00000317
FFFFFCC3
FFFFF943
000000D6
FFFFF5B7
FFFFFA36
FFFFFB66
FFFFFDD3
FFFFFFA7
000002C8
00000219
FFFFFB6B
FFFFFD15
00000516
0000033A
FFFFF895
FFFFFB27
FFFFF85F
00000587
000000E8
00000154
FFFFF8F6
0000018E
00000173
00000230
FFFFFF74
FFFFF99A
FFFFFEF8
FFFFF929
FFFFFB99
FFFFF8BB
FFFFFBF7
FFFFFC4F
FFFFFBF7
FFFFF242
FFFFF9B3
FFFFFE17
FFFFF768
FFFFF967
FFFFFACE
FFFFF5F4
000000B4
00000036
FFFFFBD2
FFFFF779
FFFFFC84
FFFFFAC7
FFFFFD47
00000138
00000056
0000071B
FFFFFAD6
0000007F
000007EF
FFFFF84A
0000069D
0000048F
FFFFFD0C
0000000C
FFFFFF4B
00000004
000002E9
FFFFFD28
FFFFFA84
FFFFFE7C
000005E4
00000213
FFFFFE03
00000891
00000764
00000363
00000187
FFFFF829
FFFFFDB6
FFFFFD9B
000000E3
000006DB
000002EF
000007AD
0000084D
FFFFFB27
0000027E
0000002E
FFFFFE04
FFFFFD79
000001B3
FFFFFC6A
00000567
FFFFFB34
000004B0
000000DD
00000041
FFFFFCF9
FFFFFA53
FFFFFE83
000008D5
FFFFFF93
0000007B
000003A4
00000620
FFFFFD3C
000003FC
000002E0
00000095
FFFFFBE4
0000004F
000001AC
0000066B
FFFFF6A7
0000016A
000003FC
000002C0
FFFFFA8D
000004D2
0000026F
0000008D
FFFFFE61
FFFFFD96
FFFFF987
000002D3
FFFFF97A
FFFFFB5C
00000372
000008C4
FFFFFC8E
FFFFFA27
00000512
FFFFFD0F
FFFFF92C
FFFFFC2D
FFFFF715
FFFFFD87
0000059C
FFFFFE1A
00000767
FFFFF88C
00000049
FFFFFD36
0000039F
FFFFFA8B
00000319
000004AD
FFFFFC62
00000336
FFFFFCBE
FFFFFBAE
FFFFFB31
FFFFFB5E
FFFFFA2D
FFFFFEB0
FFFFFA3F
FFFFFBFB
FFFFFE5F
FFFFFF71
0000016C
FFFFFC3A
FFFFF517
FFFFFBDC
FFFFFC2D
FFFFFF42
00000364
000002BC
000000BC
FFFFFC77
FFFFF96E
FFFFF8A2
FFFFFBF2
FFFFFF18
FFFFFD7B
FFFFFEAF
FFFFFC01
0000007E
FFFFF768
FFFFFEAF
0000047E
00000109
0000064E
FFFFFA49
000001AF
FFFFFE76
00000451
0000012C
00000698
000001C4
000000CF
0000012A
0000064D
00000581
0000044B
00000787
FFFFFE54
000000BF
FFFFFAB6
FFFFFAD0
FFFFFE7C
FFFFFCA4
00000056
FFFFFED0
FFFFFA29
FFFFF930
000000F1
FFFFFFB9
FFFFFE03
FFFFF7C7
0000019C
0000023B
FFFFFDE8
FFFFFEAF
FFFFFA44
000002C1
FFFFFD45
FFFFF8CF
0000038F
FFFFFA19
FFFFF991
00000121
00000B91
0000026E
00000426
0000010D
FFFFFEFA
FFFFF7C0
000001B9
FFFFFCC4
FFFFFFF5
FFFFF507
FFFFFE00
00000150
00000295
FFFFFDB7
FFFFFD02
000005A0
000000D3
000002E1
00000916
00000428
00000255
000000D7
000001F7
FFFFFF35
FFFFFEA8
000000A0
000005FA
000003B8
0000057B
000006FC
00000677
000008B0
0000006B
00000209
FFFFFD07
00000370
00000241
FFFFF454
FFFFFCF1
00000145
FFFFF59B
FFFFF98E
000006F6
000002A2
000003F2
FFFFFCE7
FFFFFCDC
FFFFFBA4
00000259
FFFFFF72
000006D9
FFFFFAFE
FFFFFC26
000003E8
00000187
00000467
000000BF
FFFFF899
FFFFFB13
FFFFFD33
000001A2
00000127
FFFFFE3B
FFFFF758
FFFFFD2A
FFFFFED4
FFFFF365
0000014E
FFFFFCDE
FFFFFC53
FFFFFEE1
FFFFF844
000003F3
FFFFFEAC
FFFFFA68
FFFFFFAA
000007DF
FFFFFAD0
FFFFFD55
FFFFFE6C
0000001D
00000498
FFFFF69F
00000127
FFFFFBBB
FFFFFEAC
00000776
00000133
000002A8
0000005A
000007DB
000003B0
00000499
FFFFFC48
FFFFFB61
FFFFF995
00000231
FFFFF83B
00000472
0000014D
000000A0
FFFFF838
FFFFFDCB
000002D6
000004AB
0000072A
00000133
FFFFFF95
000002F1
0000043C
000004DB
FFFFFDFE
000002AB
FFFFF995
0000061C
FFFFFDE1
FFFFFDB1
FFFFF8D4
0000024A
FFFFFC9F
FFFFF6A8
FFFFFC5E
FFFFF68B
00000096
0000000D
FFFFF979
FFFFFA06
FFFFFA86
00000335
00000779
0000036D
000006D5
00000196
00000384
FFFFFE7C
FFFFFDAB
FFFFFD58
000006F0
FFFFFC4B
FFFFFC7E
FFFFF86C
FFFFFC32
FFFFFD4B
00000186
FFFFF590
FFFFF4BA
FFFFFF29
FFFFF7D3
FFFFF981
0000010E
0000002B
000001D3
0000027F
00000817
0000070A
FFFFFCBD
FFFFFF93
0000031B
FFFFFE47
00000444
000005DD
FFFFFF83
FFFFF46B
0000022E
FFFFFFCB
FFFFFBFE
FFFFF93A
0000017C
FFFFFFDA
FFFFF942
0000037C
FFFFFBCF
0000046F
FFFFFE7D
FFFFFA7D
FFFFFADA
00000029
FFFFF613
FFFFF6E9
0000074B
00000836
00000571
000001E7
000002A1
0000015C
0000025E
00000401
FFFFF5EC
0000008C
FFFFFBC1
FFFFFCE8
0000000D
000005AC
0000002C
000001CB
FFFFFD1F
FFFFFD96
FFFFFB7F
00000531
000001F3
000001DD
0000024B
000004BD
FFFFFDE4
00000786
00000621
00000033
00000103
00000573
00000223
000002E3
0000018C
000002C7
FFFFFA3C
0000010D
FFFFFCEE
FFFFFF9B
000000DF
FFFFFDA6
FFFFFE10
000000B2
00000300
FFFFFFF2
0000012E
00000699
FFFFFE60
FFFFFCDE
000005DC
000001D3
000003C6
FFFFFC79
FFFFFCAB
FFFFFEA8
FFFFFD73
FFFFFC51
FFFFF63A
00000559
FFFFFCFB
00000153
FFFFFCF1
00000236
FFFFFFB8
00000447
00000195
00000675
00000688
FFFFF964
FFFFFB07
FFFFFA35
FFFFFF83
FFFFFC4D
FFFFFFFF
FFFFF7EE
FFFFF7DD
FFFFFAAE
FFFFFCF1
FFFFF9F4
FFFFFCCC
FFFFFE94
0000032E
FFFFFD34
FFFFFD61
00000567
FFFFFDAA
FFFFFA27
0000033D
FFFFFD1D
FFFFFF94
00000566
000000CD
FFFFFE81
00000188
FFFFFD85
FFFFFE1D
FFFFFDC8
FFFFFBCB
FFFFFF45
FFFFFFA5
0000071E
FFFFFA78
000000DA
0000013C
FFFFFF00
000002F2
FFFFFD53
0000006E
FFFFFF11
FFFFFC6A
FFFFFFED
000002EF
FFFFFCC5
FFFFF97C
0000020A
FFFFFC13
00000221
00000607
FFFFFE2F
000004CF
0000030C
FFFFFC6C
00000371
00000148
00000297
FFFFFC68
FFFFFA69
FFFFFDEA
00000390
FFFFFC36
FFFFFF77
FFFFFD74
0000000E
FFFFFF7F
FFFFFBD8
00000371
0000047E
000006CB
FFFFFD81
000000C0
FFFFFD34
0000033F
000004A0
FFFFF9A6
000001B1
FFFFF82B
FFFFF9BF
FFFFFBDA
FFFFFF27
00000332
0000002C
FFFFF83F
FFFFFBF7
FFFFFC41
FFFFFAA8
FFFFFD46
FFFFFCC8
00000104
000002C3
0000046D
FFFFFEA9
FFFFF75E
000003DE
FFFFFD42
0000031E
FFFFFE6A
00000005
000002AC
FFFFF99D
FFFFFE96
FFFFFA01
FFFFF8FD
FFFFFE4A
FFFFFC22
FFFFFCD9
FFFFF745
FFFFFBCB
FFFFFCC1
FFFFF808
FFFFFEA3
FFFFFEBF
00000618
000004D6
FFFFF5BF
FFFFFEAB
0000010B
FFFFF913
FFFFF83D
FFFFF80D
FFFFFE4E
FFFFF5BD
FFFFF933
FFFFFC69
FFFFFBAF
FFFFFB23
0000042E
FFFFF69E
0000009E
00000564
FFFFFD6E
0000014F
FFFFFE25
FFFFFB89
0000038C
FFFFFBAB
000000E4
FFFFFF97
FFFFFD75
000000DA
000002DF
0000016F
000001C5
0000014E
FFFFFF45
000001A6
FFFFFA44
FFFFF78E
FFFFF969
000000A9
00000433
FFFFFBCB
FFFFFF96
0000023F
FFFFFEBF
FFFFFC14
FFFFF71C
FFFFFEB4
FFFFFFA3
00000672
FFFFF97B
000000BC
00000308
FFFFFA02
000001CA
FFFFFFED
000001DF
00000450
FFFFFECB
FFFFFC1B
0000024A
000002F0
FFFFFC2D
0000023A
0000027F
000001A9
FFFFFADB
000001B8
FFFFFFC7
FFFFFEDD
FFFFF98E
00000259
0000036B
FFFFFF10
000002AA
0000074B
0000015B
FFFFF9E8
000004D9
FFFFFE1D
0000045C
000000E4
FFFFFE0E
00000000
FFFFFFFA
FFFFFAF4
FFFFF8EF
FFFFFC54
FFFFFF9C
FFFFFA74
00000074
000003A7
FFFFFB70
0000006E
000000D5
FFFFF8E1
FFFFFE21
0000021D
FFFFF812
FFFFFEAA
FFFFF7B3
00000036
000000A7
FFFFFA60
FFFFFFFC
FFFFFD84
FFFFFE9C
FFFFFBCF
FFFFFAD3
FFFFF882
FFFFFE82
FFFFFDB9
00000185
000002C5
FFFFF879
FFFFFAE5
000003E3
000001B7
0000076F
000002A0
00000754
000008F4
00000451
000000BE
0000002B
000000C3
FFFFFA24
FFFFFE6C
000002FE
FFFFFD05
FFFFFF45
FFFFFFB4
00000510
00000112
00000182
0000044D
FFFFFDD6
FFFFFE09
FFFFFBC0
00000171
00000737
0000018C
0000003F
FFFFFC19
000003D4
FFFFFD70
FFFFFEC8
00000322
FFFFFED1
FFFFFD9B
FFFFFD13
000002C8
00000016
FFFFFD36
FFFFFEBB
FFFFFFD9
FFFFFD21
FFFFFD88
000002CB
FFFFFC1B
FFFFF704
FFFFF963
FFFFFF33
FFFFF9B3
000001BC
FFFFFA4B
FFFFFCC5
000001EC
FFFFFDD0
000005FA
00000202
00000286
FFFFFBB1
FFFFFF9F
00000041
00000543
0000023D
00000040
0000011C
00000200
000003F3
00000561
FFFFF76A
00000347
0000048D
FFFFFDD6
00000356
0000028F
FFFFFEF0
FFFFFF33
FFFFFA10
FFFFF9F8
FFFFFEC0
000004DA
FFFFFC0A
00000470
FFFFFC29
FFFFFB47
FFFFFD3D
00000693
FFFFFF7E
FFFFF81F
FFFFFC58
FFFFFFB6
000004D0
FFFFFAAC
000003E6
0000018A
0000025C
000001B4
00000291
000000C5
000003E1
00000570
0000035A
000006F0
FFFFFDE9
00000069
FFFFFC85
0000006A
FFFFFE90
0000007F
0000042C
FFFFFE84
FFFFF62D
FFFFFB30
000000F3
FFFFFC84
FFFFFA65
FFFFFBBC
FFFFFA49
FFFFFE32
FFFFFC1E
FFFFFC40
0000002F
000000C0
000005F7
00000103
000004DB
0000005F
00000526
FFFFFF51
0000033B
00000459
FFFFFC18
FFFFFF22
0000011B
FFFFFC1A
FFFFFE25
00000054
FFFFFF81
FFFFFFA9
FFFFFC78
FFFFF706
000004EE
000005D7
FFFFF77B
FFFFFE87
FFFFFCB7
FFFFFB59
0000004D
FFFFFB62
00000481
000000CF
000000CB
FFFFFA31
FFFFFE66
00000181
FFFFFF44
00000171
FFFFFE2C
000003BC
000006F7
0000012F
00000188
FFFFFE15
00000333
00000237
FFFFFCEA
FFFFF98B
0000025F
FFFFFF86
FFFFFCB7
00000681
FFFFFC2B
FFFFF957
FFFFFAA5
000001D9
00000423
000000A1
FFFFFDBE
FFFFFF98
FFFFFE32
FFFFFC30
00000165
FFFFFDDF
FFFFFD71
FFFFF9C8
FFFFF730
FFFFFEA3
FFFFFA33
FFFFFB1D
FFFFFC33
00000488
FFFFFC17
FFFFFB47
FFFFFFDA
FFFFFC5B
FFFFFC6F
FFFFF955
FFFFFF8C
FFFFFFF3
0000026D
FFFFFEC5
FFFFFF49
000000A2
FFFFFF12
FFFFFF8C
0000011F
FFFFFFE1
0000031D
FFFFFDF9
FFFFFFDC
0000020F
000002CC
000003F4
000003AE
FFFFFAA7
0000020D
FFFFFBDB
FFFFFCF3
000001AA
FFFFFC9A
FFFFFDA7
0000024E
FFFFFA6C
FFFFFD6D
0000042F
FFFFFCE5
00000157
000005BC
000004DC
0000003B
0000002A
FFFFFE40
00000376
00000229
FFFFFD4A
FFFFF6E1
FFFFFF48
FFFFFC99
FFFFFAE1
FFFFFA34
0000019B
0000013F
FFFFFF06
FFFFFA5A
FFFFFC6A
FFFFFC0C
FFFFFE50
FFFFF70E
FFFFFAB0
FFFFFDF7
FFFFFBA8
FFFFF648
FFFFFB55
000003F0
FFFFFDEB
000000F5
0000004A
FFFFFFC9
FFFFFA5E
FFFFFF4E
FFFFFAB0
000003D2
FFFFFCD0
00000003
00000568
FFFFFE14
FFFFFA57
FFFFFC8E
0000007F
000002A8
000000D8
FFFFF80D
0000050C
FFFFFFCC
FFFFFA29
FFFFFE75
FFFFF9B4
FFFFFCEF
FFFFFEE9
FFFFFF36
FFFFFE25
FFFFFA33
FFFFFEB4
00000563
000005F1
FFFFFCDB
FFFFFAF0
FFFFFC5F
FFFFFD6B
000006CC
FFFFFE6A
00000081
FFFFF90B
FFFFFE5F
FFFFFF31
00000185
00000599
FFFFF872
00000429
FFFFFE26
000004A5
000005C4
00000793
FFFFFF38
FFFFFD28
FFFFFE9D
FFFFFF29
FFFFFBEA
0000067F
00000538
FFFFFACA
000000AA
FFFFFDA0
FFFFFF61
000001D3
0000019F
00000019
000001F2
FFFFFF02
FFFFFCF8
0000018F
FFFFFB64
FFFFFFE5
FFFFFD68
00000217
0000021A
0000006A
000000D6
FFFFFF02
00000720
000003F2
00000127
00000530
00000007
0000032C
000003B6
00000518
00000774
000003AC
00000083
00000564
00000743
00000360
000002F9
0000008E
FFFFFDFF
00000390
000005A4
FFFFFD48
0000026C
000002C9
FFFFFF89
FFFFFF7D
000003B1
00000181
FFFFFCD4
000002A5
FFFFFEC8
000003DC
0000026B
FFFFFCB0
FFFFFC28
FFFFFCD1
FFFFFBC2
FFFFFEDD
0000022A
000000D7
00000329
000001AF
FFFFFFF7
FFFFFDFD
00000000
FFFFFFF0
00000123
00000097
FFFFFFF1
00000023
FFFFFB6F
FFFFFC99
FFFFFF85
FFFFFE36
0000018D
0000004A
000000DF
FFFFFC53
FFFFFE59
FFFFFE95
FFFFFE3C
0000015B
FFFFFC9C
FFFFFD89
00000121
0000037B
FFFFFFA6
FFFFFE3D
0000024F
000000E6
FFFFFFDE
00000304
000002B6
00000372
FFFFFD7B
FFFFFD98
FFFFFB45
000000B8
FFFFFC36
FFFFFDBA
FFFFFCD7
00000378
00000569
000005B5
00000490
000001E0
0000017D
FFFFFD3E
000004A1
0000033B
00000262
FFFFFE98
FFFFFEF2
00000180
FFFFFF98
FFFFFE80
FFFFFEB7
00000130
FFFFFDA2
0000040B
FFFFFEB2
00000148
FFFFFD6B
FFFFFDCC
FFFFFFF3
FFFFFC27
FFFFFDED
00000182
FFFFFE0B
0000031F
000004C9
FFFFFF9F
0000033C
0000043D
FFFFFE68
0000036E
FFFFFFC6
FFFFFEBE
FFFFFDF1
0000065B
0000037B
00000473
00000527
FFFFFFE8
000002B8
00000017
00000525
FFFFFEE5
FFFFFFDC
FFFFFE82
00000244
000002B1
FFFFFDDF
FFFFFF9D
0000036C
00000282
000000B3
00000499
00000419
FFFFFEA3
00000487
000002BB
00000405
FFFFFD28
00000049
FFFFFDFB
00000674
00000409
FFFFFF03
0000048D
00000116
0000007A
00000520
000002F1
FFFFFFBB
000002CF
FFFFFC3A
FFFFFF47
000000D8
FFFFFFCA
FFFFFFB2
00000262
000002C4
000003D2
00000752
FFFFFE2D
00000152
000004F3
FFFFFD3B
0000048C
FFFFFFC1
00000197
FFFFFF9F
00000018
0000010D
00000398
00000001
FFFFFCDB
FFFFFE00
00000201
000000C1
00000216
000002B1
00000041
FFFFFEE8
00000230
FFFFFF4A
FFFFFF62
FFFFFEBC
000000D4
00000670
000002AC
0000067C
0000018B
0000077A
FFFFFE31
000001D0
00000321
000000D8
0000061B
000002D3
00000096
00000090
000004E1
00000634
00000055
0000040F
000004C8
000001A2
FFFFFD08
00000440
0000049C
FFFFFF37
FFFFFFD1
000003E1
FFFFFDA8
000004C8
00000497
000000B2
FFFFFF53
FFFFFFA2
000004BC
000004BF
0000016E
00000228
FFFFFBFD
00000297
000005D5
000001C1
000004D3
000001BD
FFFFFDFC
000001F3
FFFFFF02
FFFFFF88
FFFFFF56
00000131
FFFFFEEF
00000379
FFFFFE8E
00000270
FFFFFF51
00000355
0000016F
000000AB
000002D1
00000213
000000E0
FFFFFF8E
0000018B
FFFFFFD4
FFFFFD26
00000410
00000436
FFFFFD54
0000000C
0000002B
0000029C
FFFFFDCD
FFFFFDE5
FFFFFE10
0000015D
000002BA
000000C8
00000175
0000016F
000002E1
FFFFFC9F
FFFFFB76
FFFFFD00
FFFFFFD7
FFFFFC17
00000157
00000015
00000105
0000002D
00000152
FFFFFB82
FFFFFD63
00000205
000003E5
FFFFFE6A
FFFFFE4C
FFFFFEF5
000004FE
FFFFFBF1
FFFFFF68
00000050
FFFFFC14
000003C4
000000E7
FFFFFE98
00000260
FFFFFD08
FFFFFA9A
00000105
000000A0
000001A2
000003E8
000000E7
00000071
00000076
00000025
000001BE
000000A3
0000009D
FFFFFFE5
00000310
00000154
FFFFFCC8
0000016F
000002B5
FFFFF903
000000C9
FFFFFDB1
FFFFFE94
0000048C
0000024A
FFFFFEC0
00000080
00000233
0000039C
FFFFFDF5
0000043E
000001A1
000005F3
00000418
FFFFFE12
000004B6
000001BC
FFFFFDC8
000005E9
0000044F
FFFFFDB9
000000BA
0000024A
FFFFFD84
FFFFFD5D
000004AB
FFFFFD45
FFFFFFAC
0000027E
FFFFFEB8
FFFFFFA7
0000035B
0000005C
000002A8
00000226
FFFFFDA7
0000015E
00000212
0000038A
00000029
0000001E
000001FB
000002E8
0000053A
00000093
0000024C
0000044A
FFFFFF48
000000A4
000004E4
000001D7
00000600
0000074E
000004FE
0000007A
0000003D
FFFFFD18
FFFFFD86
FFFFFDAD
FFFFFABC
000001E6
000003A8
FFFFFE44
FFFFFB1F
FFFFFF0B
00000096
FFFFFC0C
FFFFFE35
00000492
FFFFFE96
FFFFFF1C
FFFFFEA1
FFFFFDC4
00000187
FFFFFF6F
000002E5
0000055F
00000361
000005EE
00000220
FFFFFDC5
00000538
00000254
0000032D
000001EA
000002F0
FFFFFEFD
FFFFFBF0
FFFFFEE0
FFFFFDBF
FFFFFAEB
FFFFFFDD
00000193
000001D4
FFFFFDED
FFFFFF57
00000094
000000AA
FFFFFB9B
FFFFFE2D
FFFFFDEF
FFFFFF14
000002C9
0000003A
FFFFFFD7
FFFFFF58
000004F0
00000483
FFFFFE25
FFFFFFBA
0000033B
000003AE
000001F7
FFFFFCD8
00000022
FFFFFDBB
0000000A
FFFFFFC7
0000036C
0000053A
000004DE
FFFFFFCC
00000349
0000010E
0000060E
FFFFFF70
FFFFFFB5
FFFFFFD8
FFFFFF05
FFFFFF28
0000012E
FFFFFB96
0000003B
FFFFFEDE
FFFFFE1C
FFFFFCA6
0000013E
FFFFFD85
00000389
00000343
0000014D
000002AA
FFFFFFBE
FFFFFE27
FFFFFD3E
0000032F
FFFFFFDD
0000069A
0000046C
0000004D
0000020A
FFFFFFF2
0000051F
FFFFFD66
00000460
00000025
000005F9
00000589
000002AF
FFFFFFA4
00000540
FFFFFE99
00000315
0000029D
00000105
FFFFFFFE
000001D3
FFFFFF1E
FFFFFD28
FFFFFF78
0000027C
FFFFFEDC
000000AD
0000021B
00000247
00000048
00000030
00000033
000001A3
FFFFFE3C
0000023D
FFFFFD25
FFFFFE24
00000162
FFFFFF98
FFFFFF8A
000002B1
000002CF
0000024D
00000214
FFFFFDA0
000000DA
00000044
0000031D
00000282
FFFFFEB0
FFFFFD09
FFFFFB89
00000140
00000122
FFFFFF18
00000471
00000470
FFFFFF56
00000391
0000042D
0000028F
FFFFFF16
FFFFFEA0
0000047B
000002E0
000006C9
00000008
00000671
0000096B
00000519
FFFFFFBF
00000569
FFFFFE8A
0000000F
FFFFFE9A
000000B3
FFFFFC99
FFFFFFFB
00000100
FFFFFDA0
FFFFFE5D
0000026C
0000006E
00000075
FFFFFD64
FFFFFED4
000002C0
000000FF
00000179
FFFFFED1
0000003F
00000645
00000050
00000020
0000029D
0000034B
FFFFFD79
FFFFFF2F
000001EC
FFFFFDB3
0000021E
FFFFFCD4
00000250
000000EB
000004E6
FFFFFDAE
00000266
FFFFFD5D
00001302
000004C2
00000FBF
0000000B
FFFFEF43
00000120
0000066F
000005AF
000016B0
FFFFFF7C
FFFFF909
FFFFFDBE
00000707
FFFFF55D
00001511
000001FA
FFFFF935
000004D0
00000DC0
000000B0
00000562
000007E0
FFFFFC8D
FFFFF788
00000591
000008F7
00000F46
00000381
FFFFFE2A
FFFFF40E
00001014
FFFFFA7E
000000C9
FFFFFAC4
FFFFF858
FFFFF8B4
0000016B
FFFFFA4B
0000027E
FFFFF2FB
FFFFF488
FFFFEC8D
000006E4
000002AF
FFFFF50D
FFFFFE20
FFFFFAFF
FFFFF319
000013B4
FFFFFF8D
FFFFF264
000009FA
FFFFF48F
FFFFF198
FFFFF541
FFFFF579
FFFFFEDE
00000A31
FFFFECB6
FFFFF8D8
FFFFF8A1
FFFFF719
FFFFF50E
FFFFFFE4
FFFFF7B4
FFFFF5CA
FFFFFCF4
00001309
FFFFFAED
FFFFECD1
000001FC
FFFFE986
FFFFFE1E
FFFFF825
00000920
000000AF
FFFFF237
00000706
FFFFFF3D
00000400
00000D20
00000CE8
00000298
FFFFFC41
FFFFFF5C
00000A72
0000182B
0000177F
FFFFFAFB
00000CDA
FFFFF52A
000004F8
00000831
0000020A
FFFFFF55
000005AC
FFFFFE48
FFFFF827
FFFFFCE2
000000DA
FFFFF46E
FFFFFA7A
FFFFF143
FFFFFBA9
FFFFF9BC
000000AC
0000054B
FFFFF490
0000050B
00000767
FFFFF297
00000B2F
00000BF7
000001CF
000001B2
FFFFFD35
FFFFF0A9
FFFFFB3E
000005AB
00000D3A
000007F3
FFFFEB28
000006B0
00000DDB
FFFFFA80
0000158A
FFFFFB8C
0000021B
0000079C
FFFFF500
0000005F
FFFFFCB4
000006AE
00000B76
00000031
0000000E
FFFFF45D
00000EDA
000004F3
FFFFF6CD
000008FB
00000AEF
000003AA
000009A2
FFFFF253
0000146C
000001AA
0000036F
0000061C
0000026B
FFFFF8D3
00000AFC
FFFFEA0D
0000079A
00000862
FFFFFD7D
000013E0
0000044F
FFFFF0EF
FFFFF26D
FFFFF4E7
00000302
0000027D
00000CA9
FFFFEC74
FFFFEF6D
00000B2E
FFFFEBEB
00000BA8
000014B0
FFFFEF18
FFFFFA54
00000E6E
FFFFFD6D
FFFFF4E9
00001365
FFFFFCA5
000002AF
00000330
FFFFEC27
FFFFF813
00000F89
FFFFFEA9
00000DCD
000007E3
FFFFFBC4
FFFFF23B
00000A64
FFFFF54D
FFFFF9E8
FFFFF7AA
00000DC9
00000B13
FFFFF9B7
00000DC0
FFFFFECB
FFFFF7BE
FFFFFD9D
000002E7
00001135
FFFFF2A6
FFFFFC2B
FFFFF7F0
FFFFF613
FFFFF5A1
0000043F
FFFFF58E
FFFFFDFA
FFFFF8CF
00000AB8
FFFFFC4F
00000749
FFFFFE4B
000002DB
00000063
FFFFF2DA
FFFFF7A7
00001736
FFFFEF8E
00000CB1
FFFFFADB
FFFFF0F4
0000020C
FFFFFE34
FFFFFF2B
00000788
00000BD8
0000018C
FFFFFCA1
00000B85
FFFFF1FF
FFFFF70F
FFFFFAE6
000001BE
000005C7
00000336
FFFFF14C
FFFFF9C6
FFFFFB98
FFFFF5C8
FFFFF2D4
00001611
FFFFF552
FFFFFD6D
00000175
FFFFF4ED
000002A5
0000048A
00000AB9
FFFFFF5F
FFFFFDE0
00000F4A
FFFFFDAC
FFFFEAD2
FFFFEF45
0000006C
0000067A
00000BBF
000009F2
FFFFE33C
FFFFF17B
00000D4A
FFFFF023
000004ED
FFFFF850
FFFFE544
00000754
000004C4
0000023F
0000097B
0000012B
00000950
FFFFFB9C
FFFFFA52
00000C40
FFFFE213
00000303
00001806
FFFFCFF1
0000081A
0000056F
FFFFF4A7
00000809
000007ED
000006AC
00000604
FFFFF5FA
00000ED9
FFFFFC62
FFFFF029
00000E1F
00001098
FFFFF834
0000025D
FFFFFFB3
0000050F
0000014D
00000A5D
000005F8
00000008
000004FE
0000043B
0000096E
000004B5
00000032
00000D68
00000A86
FFFFEF82
FFFFEED6
0000004B
FFFFF3B6
000005C0
00000167
FFFFF21A
00000CDA
00000409
00000238
00000DD6
FFFFF800
000002E6
FFFFE7D7
FFFFF43B
000015EF
FFFFF8F6
00000913
00000CDB
FFFFF79E
FFFFFB14
00000773
00000D52
0000150A
FFFFF5E0
00000E6C
00000B10
00000399
00000799
000014CE
FFFFF5D3
FFFFF942
0000047A
FFFFFAF1
00000D6A
000009B2
000008B9
FFFFFB09
FFFFFF43
00001509
FFFFF847
000000AF
00000A68
FFFFEFF8
FFFFF696
FFFFFFBC
FFFFF1D4
FFFFF702
0000124A
FFFFF1CB
FFFFFEA9
00000A9D
FFFFE5BE
000002C9
00001524
00000024
FFFFFC32
FFFFFF50
FFFFEFFE
00000F71
FFFFF7B6
FFFFFE15
000008C9
00000467
FFFFEDD4
FFFFF0B1
FFFFFD02
FFFFFC87
FFFFFFA3
00000859
FFFFF580
FFFFF1C8
FFFFF6F3
FFFFFF04
FFFFF9F2
FFFFF1AC
FFFFE61D
FFFFEC5C
0000084C
FFFFF71C
00000CA6
000007B3
00000AC4
FFFFF1A5
FFFFF7FF
FFFFEC9D
000004F0
000012DE
FFFFF1EB
00000259
000010B9
FFFFF8EE
FFFFF419
00000CB4
FFFFEB82
00000124
0000198D
FFFFEA8B
0000124A
00000391
0000035C
000009B3
FFFFF42C
FFFFFD62
000003E9
FFFFFF34
FFFFF451
FFFFF871
000006D7
0000058A
FFFFFA80
FFFFEC76
FFFFF4EC
00001453
FFFFF8BC
00000568
FFFFF545
000002EA
FFFFF42E
FFFFF9B1
00000D70
FFFFFBFA
FFFFFEAB
00000391
FFFFFC04
FFFFFA5D
FFFFFF9A
FFFFF678
00000349
00000ADB
FFFFF72A
00000CE6
FFFFFB4A
FFFFE9F6
00000222
FFFFFC39
FFFFFF7D
FFFFF588
0000065F
00000343
000001BC
00000651
000009BD
0000045F
FFFFF4B7
FFFFF6E9
00000875
FFFFFD92
FFFFFD88
FFFFED26
00000694
FFFFF595
FFFFF5A2
00000045
FFFFFFDC
FFFFF14D
FFFFF037
000000F3
FFFFFF92
FFFFF20C
00000748
FFFFF6A6
FFFFFCAB
00000247
000005D1
000002F7
0000031F
00000574
00000009
000000FC
00000BA8
00000E8D
FFFFF0D3
FFFFF7F4
FFFFFE34
FFFFFE3F
000001B6
FFFFFF67
FFFFED40
FFFFFB66
FFFFEB94
FFFFF2BC
00000825
FFFFF312
000007D3
000004D0
FFFFE704
00000260
0000049B
00001551
0000168C
FFFFFFE7
FFFFFEA7
FFFFF84C
00000316
00000290
FFFFFDCF
FFFFEF5B
00001144
FFFFF6C4
FFFFF968
0000131D
FFFFE884
FFFFEA38
0000111E
FFFFEA77
FFFFFC60
FFFFFB0F
00000A28
FFFFFE8B
000007A1
00000949
0000038A
FFFFF308
000005C7
FFFFF09E
FFFFFC27
FFFFF39E
00000963
000002BB
00000370
00000A07
FFFFF9AE
00000CD0
FFFFF954
0000065E
FFFFEF7C
00000B2F
000000A4
000005F8
FFFFFF96
FFFFFFF6
FFFFFD6D
00000EF6
00000375
FFFFFAEE
FFFFFD6B
000000C9
00000EEB
00000417
FFFFF984
FFFFED72
FFFFF54C
00000CFB
FFFFF351
FFFFF39C
00000997
0000032A
0000010C
00000902
00000E12
FFFFFBBA
FFFFF8F7
000001C8
FFFFFAD9
FFFFEA26
00000BD1
FFFFF167
FFFFF7F0
000009B2
00000A26
FFFFFC3D
0000110D
FFFFF907
FFFFF6BE
FFFFF444
00001224
FFFFF815
FFFFF693
000010FC
0000009B
00000224
00000C2D
000004D8
00000EF7
0000051B
0000066D
00000E38
FFFFF2C3
FFFFF5AD
FFFFFA6A
FFFFF2F5
FFFFF643
000001B1
000004F5
00000A29
0000031D
FFFFF758
00000442
FFFFF83B
FFFFFE46
00000244
FFFFF563
00000291
00000382
00000265
FFFFFF41
FFFFFFF5
00000A26
000000D6
0000024A
0000009C
FFFFF880
FFFFF8B1
FFFFFC6C
00000345
00000796
FFFFFE74
00000338
000002AB
000004D3
000004E3
00000743
00000D89
FFFFFFA6
000004F6
FFFFF7B4
00000307
FFFFF3D9
FFFFFF86
FFFFF5C0
FFFFF2C6
00000133
00000D53
FFFFFB48
00001011
000004B1
000000A7
FFFFFC39
00000A9F
0000052E
000008E3
00000822
00000A45
00000072
000004E0
FFFFFB1C
000003C7
00000847
FFFFF97D
FFFFF648
FFFFF391
FFFFFD19
FFFFFA9E
FFFFF254
FFFFFBD0
FFFFFE7D
FFFFF30E
FFFFFCCD
FFFFF819
000002F8
FFFFFBF8
FFFFFACC
0000019D
000004E5
00000B1D
00000AD7
00000560
00000C36
00000916
FFFFFBAD
FFFFFC31
000003EC
FFFFF7DF
FFFFF53A
FFFFFF0C
FFFFFC11
FFFFF935
000008D7
0000007B
00000A4E
FFFFF912
000008C2
000000A1
FFFFF6D4
000003EA
00000968
0000068D
0000107F
00000BE6
00000091
00000245
00000477
000008FA
FFFFFF8F
FFFFFCC1
FFFFF8D1
FFFFF2B6
000000C7
0000002A
FFFFFD29
FFFFF213
FFFFF0E5
0000011E
FFFFF691
FFFFFBAD
000003D2
0000033F
00000557
FFFFFEE3
00001033
FFFFFEA1
00000147
000004BF
00000755
FFFFFB69
FFFFEEA6
FFFFFF6E
FFFFEFDF
FFFFF071
00000257
FFFFF6BC
FFFFFA92
FFFFF50D
00000001
FFFFF523
00000781
FFFFFED2
FFFFFC18
FFFFF44D
FFFFF8F6
FFFFFD22
FFFFFAA5
FFFFFA85
FFFFFED9
FFFFF7D5
00000246
00000026
00000429
000001A3
00000719
000003C1
00000188
00000D50
000002B2
FFFFFD2F
0000041E
000003FD
FFFFFA7C
000008E4
0000077B
0000004C
FFFFFFA9
FFFFF97B
FFFFF7F7
FFFFFB5A
000004CD
FFFFF802
00000985
FFFFF9A3
FFFFFFF6
FFFFEBAF
FFFFFFC5
00000460
FFFFF6C1
FFFFFAD3
FFFFFA5B
FFFFF0DD
FFFFF342
00000188
FFFFFAF3
0000019C
0000063B
FFFFFE06
0000072F
00000974
FFFFFA2E
0000061E
00000361
FFFFF9FB
00000D1E
00000630
00000DB3
00000404
000008A5
FFFFFCFC
FFFFFFE3
FFFFF977
FFFFF7F3
000003A0
FFFFF695
0000041B
00000125
00000418
000005FC
00000298
000004B6
00000884
FFFFFF93
000007F1
FFFFFB27
00000D0C
000009FA
000002F1
00000444
FFFFF8E7
FFFFFE4F
FFFFFE8A
000008AE
0000016D
000000E3
FFFFF4CB
FFFFF612
000004E6
0000028A
00000284
000004DF
000003EF
FFFFFF6A
FFFFFF1A
00000645
000001AB
FFFFFB80
00000DF2
0000065D
00000707
FFFFFC26
00000364
FFFFFAD9
FFFFFD88
FFFFFB1E
FFFFFE34
FFFFFFEA
00000925
FFFFFEB1
000003C3
000004F0
00001832
FFFFFE5D
00000A37
0000078F
FFFFFBE8
FFFFFE7E
000003BA
FFFFF4A1
00000333
FFFFF54B
FFFFF95A
000001D6
FFFFFC54
00000826
00000ADD
000005BB
00001209
00000297
0000059C
00000A23
FFFFF987
00000E3E
000005F5
FFFFFB97
0000054C
FFFFFCA6
FFFFFE4A
FFFFFE65
0000077F
000002CC
0000023F
FFFFF94A
00000749
0000003B
0000064D
FFFFFA26
00000494
0000014F
0000030E
00000A0F
FFFFF9C8
FFFFFAC7
FFFFF8EE
000008EE
FFFFFE3C
FFFFFCD8
FFFFF6AF
0000037C
FFFFFBB6
0000014C
FFFFFA62
0000018C
00000286
FFFFFE35
000007C8
000000C4
FFFFFBF0
FFFFF7DF
FFFFFE49
FFFFFE25
FFFFFFC2
000002A9
00000788
000005BB
0000045B
FFFFF637
000001C8
FFFFF80D
FFFFF8F6
000004CF
FFFFF660
00000290
FFFFFAC0
FFFFFC42
FFFFFCDA
0000088C
FFFFFCF8
FFFFFD2A
FFFFFCE7
000007C1
000002D7
000007B1
FFFFF6B4
0000049B
000001C1
FFFFF423
00000721
FFFFFA8C
00000129
00000A32
000001F6
FFFFF969
0000024D
00000700
0000085C
000000D2
00000806
FFFFFB41
000007F2
FFFFFF86
0000007C
000009DC
00000E62
FFFFFEFD
00000A59
00001300
FFFFFE77
00000BE0
00000E20
00000BAB
00000A44
FFFFFBE1
00000316
000003DF
FFFFFA03
000001F5
FFFFF8CC
000002FF
00000914
FFFFF9C7
FFFFFA44
FFFFFF11
000008F0
FFFFFAC8
000004BC
0000109C
00000148
0000039B
000004B6
FFFFF983
0000099B
00000E39
00000EE3
00000943
FFFFF8B0
0000107A
000014D7
0000033B
FFFFFA94
FFFFF6F7
FFFFFE9E
00000851
00000A1F
FFFFFBD4
000009F8
FFFFF714
FFFFF813
000009A8
0000074C
000005E9
FFFFF68D
FFFFFB40
FFFFFEA1
FFFFF83F
FFFFFF52
FFFFF148
FFFFF6D7
FFFFFE03
00000392
00000C12
0000052E
00000047
FFFFFE54
FFFFFEBC
00000549
FFFFEE93
00000258
FFFFF161
FFFFF5BF
000001F2
000005A3
FFFFF757
FFFFFCB8
FFFFFDC5
00000B63
00000546
00000C09
000005B8
FFFFFDE7
0000071E
FFFFFF49
00000ADA
FFFFF996
FFFFFE7C
FFFFF592
FFFFEE69
000001A8
FFFFF343
FFFFFA28
00000700
00000152
FFFFF4F1
FFFFFC90
00000203
FFFFF473
00000453
00000A85
00000304
0000069C
00000A55
FFFFFDC5
FFFFFB06
000004FD
FFFFF4E2
000005C7
00000A3B
0000022A
FFFFFCE2
FFFFFC92
FFFFFDF5
0000002D
FFFFFACB
00000053
000004D7
000004C7
000007E9
0000018C
FFFFF77E
000009A5
FFFFFB91
000005ED
FFFFFB0D
FFFFEFE8
FFFFEFF6
FFFFF907
FFFFF8C7
FFFFF613
00000367
00000836
FFFFFFB5
000009CE
00000492
00000041
000005CA
00000A2F
FFFFFF98
0000075E
FFFFFB7C
000003F2
000001D9
FFFFF785
FFFFF1BB
00000511
FFFFF8AA
FFFFF5B2
000000A8
000002A7
FFFFF5EB
00000377
FFFFFCB9
FFFFF06C
FFFFF0B2
000005FC
FFFFFE41
FFFFF2A9
00000A74
00000305
00000A9C
0000108B
FFFFFA5B
000003CF
0000113F
00000C8C
000004B8
00000231
FFFFFDD0
0000066C
00000473
FFFFF4CE
0000072F
FFFFFFBD
FFFFF50E
00000F1A
FFFFF5BB
FFFFFE0E
FFFFEEA1
FFFFFE75
00000106
000009F0
FFFFF8ED
FFFFFB2E
00000060
00000A5B
FFFFFE33
0000080A
FFFFF90F
FFFFF383
00000691
000009AE
00000236
00000819
FFFFF6CE
FFFFF524
00000604
FFFFFCD1
FFFFF34B
FFFFF11B
FFFFF49B
FFFFFF7F
FFFFFB79
FFFFFDDB
000004DF
00000066
000003FB
00000790
00000021
FFFFFD00
FFFFFE44
FFFFF8E4
FFFFFB23
FFFFFC94
00000500
FFFFFA77
00000341
00000353
FFFFFD90
FFFFFF64
00000591
000016F1
00000F2F
00001211
000019B9
00000C4A
00000E58
000013F0
00000255
FFFFFC28
000005F7
FFFFFD72
FFFFEF45
FFFFF8E0
00000B75
FFFFF63D
000012E8
000008F9
00000C73
FFFFF59C
FFFFF397
FFFFF905
FFFFE7E2
000007B1
FFFFF776
0000002F
FFFFFBE8
00000558
FFFFFAFE
FFFFFF18
FFFFF07F
00000816
FFFFF2E1
FFFFF0A3
00000D07
00000D6A
FFFFF0BC
0000076D
00000F73
00000C98
00000A1C
FFFFE9C0
FFFFEFA6
00000C22
FFFFFE4A
00000465
0000107F
FFFFF869
FFFFF8E3
00000AEB
FFFFF8E7
FFFFF7B1
00000B85
00001210
FFFFF820
0000165E
00000CD5
00001B7B
00000F89
FFFFF6D1
000009B1
000016E9
00000957
000019D7
FFFFFCE1
000007C8
FFFFE8B3
000002EE
FFFFF47A
000005E2
FFFFFEF3
FFFFF20C
FFFFF8EF
FFFFFCE6
FFFFEF67
FFFFFEA7
FFFFF633
FFFFF79D
000009D0
FFFFEDC4
FFFFFE55
FFFFE9D3
00001483
000005C1
FFFFF201
FFFFFDA7
00000320
00000182
FFFFFE51
FFFFF64C
FFFFF655
0000084C
00000C07
FFFFFE17
FFFFEB9A
00000CB7
000012A3
FFFFF80C
00000407
FFFFF8AA
FFFFFC33
00000421
FFFFF847
FFFFF654
FFFFF99D
FFFFEF64
FFFFF358
00000A65
FFFFEE3F
000009C2
FFFFF399
FFFFFFFB
00000579
FFFFF86C
FFFFFD02
00000413
FFFFFEF1
0000074D
FFFFFEA0
FFFFF3EE
FFFFF8E6
FFFFED0F
FFFFFDD4
FFFFFC68
FFFFEF20
FFFFF13E
00000DBC
00000106
FFFFF699
FFFFF372
000009B8
FFFFF124
FFFFFBFA
00000519
FFFFF4D8
FFFFFA46
00000C57
FFFFF8DE
000013EA
FFFFF801
00000105
FFFFFC88
FFFFF9B0
FFFFFA69
FFFFF842
FFFFFA5E
00001BBC
FFFFF6E3
000008EA
000002F4
00001580
00000EE5
FFFFFD1A
00000504
000006A1
FFFFFAFE
FFFFFE22
FFFFF4D1
00000522
FFFFFF4C
FFFFEFC6
FFFFF438
FFFFF6BC
FFFFF681
FFFFF5B1
FFFFFE1B
FFFFFD26
000011C6
FFFFF5CD
FFFFFC96
FFFFF1AC
00000E3F
000006C1
00001893
000009DA
FFFFFFAF
FFFFF43A
00000AAA
00000FAD
000002C1
0000109F
00000BCE
FFFFF942
000011E1
00000208
FFFFF151
00000BDE
000002E3
00000B93
00000E5A
000000E4
00000E3A
FFFFF702
00000230
00000008
00000E71
000004D5
000006BB
FFFFFC0B
FFFFFCD8
FFFFF7D8
FFFFFD02
FFFFED33
FFFFF7B7
000008F6
FFFFEBAF
FFFFF89C
FFFFFD28
FFFFFE54
FFFFEFA9
FFFFEAF9
FFFFF7A3
FFFFEF2A
0000018B
FFFFEF7A
00000218
000000BA
FFFFEFF9
FFFFF355
00000966
FFFFFCE4
FFFFF721
FFFFECB0
FFFFF599
FFFFF4E3
FFFFF203
00000564
FFFFFF3F
FFFFFCE2
000000AA
00001273
000012A5
00000235
00000953
FFFFF4FE
00000342
0000070E
00000A1C
0000067D
00001760
00000762
00000503
00000801
00001457
00000097
FFFFEC82
00000340
00000B7D
00001925
00000476
FFFFFBE7
FFFFF97C
0000016F
00000802
000000D3
00000A90
000000F3
00001FCF
0000038E
0000055A
0000129D
0000203F
0000084D
0000037E
00000B83
FFFFFBA2
0000119A
FFFFFA79
00000251
00000488
FFFFF985
000017DE
FFFFF25D
0000015A
00001623
FFFFF9E8
000013CB
FFFFF9C6
FFFFFE1C
FFFFFBEB
00001639
000002A5
FFFFEEC1
0000020F
FFFFFBCD
00000BDC
FFFFFD93
000013F1
FFFFFFBF
0000177B
FFFFFB12
000002FB
FFFFEF35
000000DA
FFFFF83D
000017E2
000003D9
00000755
00000502
0000074C
00000D98
00000C50
00000F0E
000003C0
FFFFFBF1
000019A2
00000468
FFFFFF2B
FFFFFCF4
0000148C
FFFFF578
000002DA
000009E8
00000D65
000003BE
FFFFFA25
FFFFF96A
0000109F
FFFFF34B
FFFFF153
FFFFFBB6
00000ED3
FFFFF265
0000105B
FFFFFF40
00000202
000002F9
00000ABE
FFFFF6D1
FFFFF386
00000F50
FFFFFEC4
00000574
00000C59
FFFFEEE1
FFFFF1F4
FFFFF0F4
FFFFF4A0
0000050B
FFFFFA33
FFFFFE2E
000008DC
00000C6A
00000452
FFFFFF25
00000751
FFFFFA3D
00000467
00000AC6
FFFFFE23
00000D5F
0000086C
FFFFEFE7
00000A5F
000008B3
00000329
00000633
FFFFF200
FFFFF3CB
FFFFEC21
000003D1
FFFFF7EE
FFFFFCDF
00001472
FFFFEA8F
FFFFFC1D
00000A3A
FFFFFC09
FFFFF7CF
00001478
00000C7D
00000E23
FFFFF657
FFFFF376
000018CC
00000D19
FFFFF972
000004BD
FFFFFB8A
FFFFFE67
FFFFFE6A
0000022D
000002D3
FFFFFDC6
000002AB
FFFFFD39
00000491
00001109
FFFFF3FE
00001452
000009C7
FFFFF353
FFFFF77F
0000006B
FFFFFB8B
FFFFF13D
FFFFEDC8
FFFFF415
00001778
FFFFFF5E
FFFFEDB6
00000336
000002B2
0000047A
FFFFF5ED
000006E1
FFFFF2BB
FFFFE9D4
FFFFF765
0000020F
00000340
FFFFFBA7
00000036
000009BF
00000F0B
00001139
00000E1F
00000672
00000397
FFFFEA20
00000619
00000AC5
FFFFF647
0000112E
FFFFF4A4
FFFFF7DC
00000084
00000FA7
000005B9
000000B9
000007F4
FFFFFFC6
00000CD9
00000BBC
FFFFF435
00001278
FFFFF711
FFFFF9A3
FFFFFFF9
00001737
00000454
FFFFFCAF
000009BA
0000110E
00000FF3
FFFFFED6
0000058B
00000232
FFFFFC40
000007F3
FFFFFA3B
FFFFF35D
FFFFFDC7
0000094E
000004D5
FFFFFD12
FFFFEF39
000008A9
FFFFFC4D
00000E8C
00000A5A
0000034F
FFFFF9E3
000014A3
0000125F
00000CDF
00000427
FFFFF8B3
0000073D
000003E6
FFFFF1BC
FFFFFE50
FFFFEBF5
FFFFEBA6
000008FA
FFFFFB2B
FFFFF25A
00000905
00000747
000004EA
00000E5B
FFFFF416
FFFFFD39
FFFFFC01
000003C3
00000E73
00001293
00000EC2
00000427
000006AC
000011D1
00001D46
FFFFFAF7
FFFFFE52
FFFFEF78
FFFFFD8A
00000850
000002E6
FFFFF93C
FFFFFFCB
FFFFF3CB
FFFFFBFC
00000442
00000281
000016C5
00000025
000013E6
FFFFFB3A
FFFFF8C4
00000F96
000014D8
FFFFFE57
FFFFF614
00000711
00000022
FFFFFF68
00001AF2
00001564
0000098B
FFFFF254
FFFFFD3B
FFFFF570
00000B43
FFFFFD85
00001058
FFFFFCE8
FFFFF5EB
00001FB4
00000B74
FFFFF691
00000283
FFFFF8FB
FFFFFD3E
00000004
FFFFFF4B
FFFFF14D
00000984
FFFFFAB7
FFFFF737
FFFFFDEA
0000080B
FFFFF239
00000D33
FFFFFFB9
FFFFF185
000001F5
FFFFEE8C
FFFFF8D5
FFFFF668
00000B85
0000001E
FFFFF5E5
FFFFF548
FFFFE8B9
000009DD
FFFFFF20
FFFFFA09
FFFFFFA3
FFFFEC5A
00000BDB
00001009
00000373
FFFFF140
0000079D
00000CBE
00000292
FFFFF940
00000DD2
FFFFFD19
0000097E
000008CC
FFFFF949
FFFFFC41
FFFFEEA2
FFFFFDF5
FFFFEF9E
FFFFFED3
FFFFFFA8
FFFFFA95
0000051F
00000D61
FFFFFFE3
00000BD3
0000044B
FFFFFD81
000006F3
00000586
FFFFFFC3
FFFFF9E9
FFFFFCE2
000004BB
FFFFFB58
FFFFFD69
FFFFFC52
000002EB
FFFFF9EE
FFFFFECE
FFFFFC1E
FFFFFF82
00000490
FFFFF918
FFFFF9A7
00000331
00000595
0000041F
00000485
FFFFFB6A
00000E1C
FFFFF78E
FFFFFB8C
0000016A
000001C7
FFFFF180
FFFFFBAD
FFFFFB6C
FFFFFF48
FFFFFB6E
FFFFFC20
FFFFFE86
000009B0
000009D9
FFFFFED2
FFFFFA12
FFFFF8AD
FFFFFEBD
0000072B
FFFFF753
FFFFF532
FFFFFED4
FFFFFDE6
FFFFF54C
FFFFFC06
FFFFFBF5
FFFFF777
FFFFED46
FFFFFA5F
FFFFF236
FFFFF706
000003F7
FFFFF777
000002C0
00000409
FFFFF27F
FFFFF831
FFFFF962
FFFFF21F
00000055
000005A6
FFFFF95C
FFFFFE36
FFFFEEC0
000004D8
FFFFF972
FFFFF6C7
0000047E
FFFFFCE8
FFFFFC56
FFFFFD59
00000188
00000112
0000024C
000009A8
00000092
FFFFF77A
FFFFFB07
00000A19
00000A2C
FFFFFFB9
FFFFF83E
FFFFF245
FFFFF556
00000009
0000064B
FFFFFC62
000007CF
00000169
00000092
00000415
FFFFFE94
00000195
00000BBB
000000F6
0000053D
FFFFF99E
00000161
000008A1
000009DD
FFFFFC1A
00000356
FFFFFE54
FFFFFFB7
00000B62
00000731
00000463
00000237
000001A5
FFFFFFC0
00000C97
FFFFFBA1
0000038C
0000079E
00000435
FFFFF7FE
FFFFFCDC
FFFFFD6F
FFFFFF2B
000000C1
00000956
00000467
FFFFFFD2
0000022C
00000197
FFFFF69C
000005E6
FFFFF6EF
0000064D
FFFFFD22
00000191
FFFFFF7B
0000081A
FFFFFDA6
FFFFFD28
FFFFF71C
FFFFFB4B
00000208
FFFFFA15
00000571
FFFFF3B9
FFFFF47A
0000075F
FFFFF54F
00000547
FFFFFA3B
FFFFF9D0
00000563
FFFFFC9E
000002AB
FFFFFF10
FFFFF3C7
00000A40
FFFFFD7C
FFFFFC80
0000083D
00000537
FFFFF729
FFFFFBFB
0000023B
000003E6
FFFFF999
00000300
000000DA
FFFFFE3B
0000029A
FFFFFE9E
000004C0
00000E76
0000084B
FFFFFDC8
0000057F
000000C8
FFFFF840
0000023E
00000359
FFFFFEF2
00000787
FFFFFB90
FFFFFA2B
000003C9
FFFFFD39
FFFFF72F
FFFFF681
00000019
00000388
FFFFF969
00000747
FFFFF971
000001CD
FFFFF30F
000003B0
FFFFF708
FFFFFB39
000008CF
000004F5
FFFFF553
FFFFF60E
0000081D
00000407
FFFFF91C
FFFFF753
FFFFFA65
000000ED
FFFFFFA8
000000B3
000006F4
FFFFFEBB
FFFFFC7F
00000A36
000006BE
FFFFFC03
FFFFFFE6
FFFFFCA8
FFFFFCE1
FFFFF60F
FFFFFE54
FFFFF5A7
FFFFF0C7
FFFFF670
FFFFFF23
FFFFF9AB
FFFFFB41
000001C8
FFFFFD35
0000060C
FFFFF45B
FFFFFCF7
00000485
FFFFF5B5
FFFFF363
000001E9
FFFFE946
00000520
FFFFF62B
FFFFF261
000005EA
FFFFFE04
FFFFFB49
000005B5
FFFFFDF3
FFFFF926
0000020C
00000330
FFFFF253
FFFFF95D
FFFFF870
FFFFF650
000000C5
00000024
FFFFFAB4
FFFFFC27
FFFFF0CF
FFFFF866
000003AF
FFFFF2D2
0000035A
FFFFF453
00000080
FFFFF838
00000887
00000A3E
FFFFFD12
0000009A
0000042D
FFFFFCC4
FFFFF2A1
FFFFF902
FFFFFB73
FFFFF87F
FFFFFF1D
FFFFFCBA
00000607
FFFFF462
000005D7
FFFFF704
0000028F
00000195
FFFFF048
FFFFF708
FFFFF5AF
FFFFF836
FFFFFE8D
FFFFF662
FFFFFEAF
FFFFFD00
FFFFF4C6
00000420
00000519
0000007A
0000070E
0000109E
000004A9
000008F8
00000246
0000061D
FFFFF5B2
0000058B
00000660
000001D4
FFFFFC0D
FFFFFBFB
00000C05
000007D4
FFFFF850
FFFFF65D
FFFFF8B1
FFFFFBE4
FFFFF5CA
00000849
FFFFF23F
FFFFF5BE
000002B9
FFFFFC4A
00000BF8
000005BE
00000B6F
FFFFFF48
FFFFFE87
0000076D
000005EC
FFFFFC44
000001CF
FFFFF82E
00000118
FFFFFAA4
FFFFF07B
FFFFF206
FFFFFA38
FFFFFEC9
FFFFF99B
FFFFFE1C
FFFFFFE2
00000282
FFFFF765
000003FF
FFFFFCC1
FFFFFCC4
0000017E
00000EE9
FFFFFF77
FFFFFFE1
FFFFFDE3
FFFFFED8
FFFFFDC4
000002FF
FFFFF860
00000791
00000BE6
FFFFF72D
FFFFFE81
00000021
FFFFF9E2
FFFFFD00
00000A37
FFFFFEDF
00000D22
000006C3
00000937
FFFFF71B
00000057
FFFFF3C9
FFFFFF45
000007DE
FFFFF362
FFFFFCE3
00000A2A
FFFFFFAB
FFFFFC4A
FFFFF9A6
FFFFF755
FFFFF1E4
00000422
FFFFFE0A
FFFFEF58
FFFFFF18
FFFFF8A4
00000200
FFFFFB68
FFFFF9B3
00000181
FFFFF827
FFFFF6A5
FFFFF81B
FFFFFC5E
00000798
FFFFF663
00000671
FFFFFC70
FFFFF449
00000382
000004E9
00000048
000007B3
FFFFF8D9
FFFFF552
FFFFF8A5
FFFFFD53
0000091D
FFFFF934
0000057B
FFFFFEC1
FFFFF8D4
000002D5
FFFFFEF6
FFFFECAD
000000AB
FFFFF63A
FFFFF80C
FFFFFC14
FFFFFFFE
FFFFF7E8
FFFFFE9C
FFFFF99D
FFFFFDF7
FFFFFF4C
FFFFFD01
000003A8
FFFFF73E
FFFFFFCC
0000007B
FFFFF989
000000A3
00000663
FFFFF737
FFFFFD70
FFFFFB74
FFFFF460
FFFFF79F
000000CC
000005D8
00000540
00000033
00000185
FFFFFE99
000006AA
FFFFFFB0
FFFFFF38
0000095A
FFFFFB57
00000798
FFFFF8CD
000000CE
FFFFFD6C
0000088D
FFFFFA15
0000080B
FFFFF75E
00000BC3
FFFFFA34
FFFFF64C
FFFFF3D9
000003D8
FFFFF991
FFFFF6E4
00000A36
FFFFFAB6
FFFFF6D2
FFFFFD72
00000143
0000039B
00000AF4
000002D5
00000406
00000580
0000077C
FFFFFE79
FFFFF306
FFFFF618
00000439
FFFFFC41
0000011D
FFFFFD46
FFFFFCF1
000003A2
FFFFFFBE
0000022E
000006C3
FFFFF4A9
FFFFEFEF
FFFFE8B7
FFFFF4C4
FFFFF357
FFFFFF40
FFFFF326
00000AA3
00000021
FFFFFA6D
00000A37
000007B5
FFFFFE93
000001A1
FFFFFCFC
FFFFF6EF
FFFFFDF0
FFFFFD4C
FFFFFC89
FFFFFDC4
00000599
FFFFFD74
FFFFF9E4
FFFFFEC0
000009AD
FFFFFF99
FFFFFCB9
0000030E
00000608
FFFFF938
00000618
FFFFFAE9
FFFFFC46
000008A4
0000089C
000004CB
000003AF
000008CC
FFFFF83A
FFFFFFE8
FFFFFC73
00000176
FFFFF7DA
FFFFFB20
00000925
FFFFFD29
FFFFFB8E
FFFFFA14
FFFFF9A1
00000F57
00000BA6
0000057B
00000080
FFFFF78D
FFFFF619
FFFFF680
00000358
FFFFFF06
0000041F
000003B0
000008E4
0000021D
00000929
FFFFF071
FFFFFF1F
000000EF
FFFFF75B
00000715
00000460
FFFFF30F
000003A0
00000081
FFFFF03B
FFFFFA90
FFFFF74A
FFFFFAC7
FFFFF962
FFFFFD59
FFFFF563
FFFFFD22
FFFFFECD
FFFFFF78
FFFFF97B
000009E0
FFFFFE5C
00000047
0000060A
000002A6
FFFFF587
00000D14
FFFFFCE8
FFFFFD27
00000B31
FFFFFF77
FFFFF3CA
FFFFFEBE
FFFFF6E3
FFFFFCBE
00000773
000002AA
FFFFFD65
FFFFFAC4
0000018B
FFFFFB67
FFFFF941
FFFFF10F
FFFFF8C0
FFFFE7EF
000001F5
FFFFFCF7
000003E4
0000042D
FFFFF981
FFFFF639
FFFFFB63
00000D57
000002BB
FFFFFD67
000009C9
00000E46
FFFFFDF9
FFFFFFC6
FFFFFABE
000010D5
FFFFFF6F
FFFFFDFE
0000028A
FFFFFD91
00001247
00000C5A
000002FF
FFFFFF83
0000115E
00000291
00000520
000000E1
00000E46
00000BAA
00000D31
FFFFFEBA
00000837
FFFFFD6F
FFFFF9F0
000003DE
FFFFF30A
FFFFFA9C
FFFFEC31
FFFFF514
000008F3
FFFFFA92
00000445
00000D0C
00000189
000009B9
FFFFF4AD
0000075B
00000F66
0000033D
00000910
FFFFF532
FFFFFE81
FFFFFB22
000013AB
FFFFF3AA
000017AC
FFFFF942
00000741
00000ECE
00000443
0000029A
000003A8
000000E2
FFFFF1B9
FFFFF63C
FFFFF1C3
FFFFFA89
FFFFF90E
000003A9
FFFFF1A8
FFFFF00C
000001C5
FFFFEE3B
0000017B
FFFFFAB5
00000A9A
00000376
00000351
FFFFFA4E
FFFFF96C
000000DB
FFFFF2DA
FFFFED44
FFFFFDB2
FFFFFA30
FFFFFAD5
FFFFFFD8
FFFFF6EF
FFFFFE7F
FFFFFD21
FFFFF82E
00000F1D
FFFFF9B6
00000AB2
000002EC
FFFFF8F0
000008ED
00000887
FFFFFF71
0000035F
FFFFFB35
FFFFF7F3
000002A7
000000F6
00000417
FFFFF388
FFFFF258
000002F4
00000190
000007AA
00000D39
FFFFFE28
FFFFFD0E
00000276
FFFFF3BF
00000058
FFFFF9DF
000002CD
00000B47
0000041E
00000DB0
FFFFFE1C
FFFFF3BE
00000597
FFFFFECD
00000CD3
FFFFF779
FFFFE9EE
FFFFFAE6
00000764
000004AC
FFFFF1D1
FFFFFD56
FFFFF2BF
00000EB0
FFFFF394
000006A4
00000804
00000E39
0000142F
FFFFFB13
00000E76
0000059F
FFFFF8E8
00000170
FFFFFA32
000017BC
FFFFF992
00000E19
00000847
000005EA
FFFFFC5B
FFFFFEED
00000774
FFFFF830
00000625
FFFFFCCA
00000181
FFFFF38F
FFFFFD3D
FFFFFDA8
FFFFFE61
00000623
000005F0
FFFFE95B
FFFFF493
000005FD
000000D2
FFFFFB35
000011CB
0000021D
FFFFF764
FFFFF70B
FFFFF528
00000724
00000AAC
FFFFF6A0
000005DC
FFFFFB80
0000093F
FFFFFC78
FFFFFDB4
FFFFFAFB
0000047D
FFFFF9CA
00000868
00000B6C
00000D31
00000C72
000007C6
FFFFF595
00000A05
00000A9F
000000B6
0000092F
FFFFF371
FFFFFC83
00000502
FFFFFC6A
FFFFF69A
000007BF
FFFFFBDF
000007FF
000002DD
FFFFFE00
FFFFF1B7
FFFFE9A7
00000276
FFFFED5A
000006AA
FFFFFC6E
FFFFF3E6
0000057B
000008A5
FFFFFF39
FFFFF261
000004AC
000000C9
000003F4
00000735
FFFFF8E5
FFFFFD87
00000C6F
000006C2
00000A20
000008E3
FFFFF3CE
000003F5
00000ADC
000001BC
00000231
FFFFE792
FFFFFF07
00000FD3
00000604
FFFFF937
FFFFF866
FFFFEB5A
FFFFF5A9
00000995
FFFFFBFE
00000275
00000F5E
FFFFF4E8
FFFFF97A
0000036E
00000279
FFFFFB28
FFFFFDBD
00000881
FFFFFE0D
FFFFFCCD
FFFFF052
FFFFF6E2
FFFFF825
FFFFF91D
0000012A
FFFFF84A
FFFFF536
FFFFFFB5
FFFFFE4E
000002DF
00000404
FFFFEC9C
00000B5F
FFFFFB6E
0000070C
FFFFEC3A
FFFFE7DD
FFFFFA12
0000009E
0000075D
000009D9
00000F1B
FFFFF6CD
FFFFFA97
FFFFFD41
00000141
FFFFEA3F
000004CC
FFFFFFE8
0000059C
FFFFF778
FFFFF489
00000DB6
FFFFF936
0000017A
00000206
0000060D
00000AE0
00000558
00000973
0000032C
0000022B
FFFFF7CA
00000606
FFFFF356
000001A7
FFFFEAA5
FFFFF67C
FFFFFAED
FFFFF5D3
000009E3
FFFFF1ED
FFFFF73F
FFFFF796
0000099B
00000871
FFFFFA6C
FFFFFD76
0000005F
000004B3
FFFFEFAC
FFFFED4F
FFFFF266
00000D34
FFFFF240
FFFFF01A
0000076B
00000B6A
00000A65
0000029B
000003C2
FFFFF93D
0000028D
00000A62
0000051D
FFFFEED8
FFFFE8EA
0000055E
00000D1B
FFFFF81E
FFFFEA5E
00001274
000006B3
FFFFF93A
000002EA
000002F0
FFFFF229
FFFFF7C1
FFFFF394
FFFFF03B
FFFFFB5E
FFFFF5B8
000000B0
00000018
000005EE
00000221
00001495
00001368
FFFFF786
00000A1A
00000836
000000C7
0000022E
FFFFF269
FFFFF646
FFFFFDAF
FFFFFFC1
FFFFFC17
0000012D
FFFFF676
00000E62
000005A5
0000072D
FFFFFDD6
FFFFF6B0
0000092F
000008E1
FFFFF534
FFFFFCC4
FFFFFD33
00000989
00000AFF
00000554
FFFFFA5B
FFFFF74C
00000960
FFFFFD56
FFFFFA67
FFFFF280
00000EA6
000002C6
FFFFF19A
FFFFFD7E
FFFFF7AE
FFFFEF23
FFFFF6FB
00000E49
0000001C
FFFFF280
FFFFF07C
FFFFFF22
00000FD9
00000920
FFFFF2F0
FFFFEFF6
000000A1
FFFFF6BC
FFFFFCCC
00000A52
00000225
00000367
FFFFFD98
FFFFFE95
00000F9C
00000C8B
FFFFF8AB
FFFFFCBA
00000857
0000064F
FFFFFDD9
FFFFFA83
FFFFFC1F
FFFFF4FA
00000B35
000002FF
FFFFFEC1
FFFFF1CC
00000ADD
000003D6
0000059B
00000515
00000405
FFFFFB91
0000030E
0000086F
FFFFF7A2
FFFFFF78
000003E9
00000A31
FFFFF5F4
FFFFF952
00000858
00000D83
FFFFFBAF
00000B32
000008CC
0000027E
FFFFFFA5
0000023F
FFFFFCE3
000003BD
00000006
00000784
00000C52
FFFFFEFD
FFFFF0A7
FFFFFA1E
FFFFFCE6
00000617
00000D66
00000D4E
FFFFF249
FFFFFB41
00000402
FFFFFD2E
FFFFFE56
FFFFF190
000001D4
FFFFFE7C
00000268
FFFFFAC1
00000405
FFFFF57E
FFFFF9D7
FFFFFF86
0000035D
000006EB
0000020F
000008B7
FFFFF532
0000069C
000002A4
0000043B
FFFFF32F
00000945
000001F9
0000034F
FFFFF769
000009EB
0000047D
00001013
000007BB
00000232
0000091E
FFFFFD0C
FFFFF8F8
0000094E
0000075E
FFFFF54B
FFFFFA27
000002BA
00000590
FFFFF3ED
00000708
00000355
FFFFF97F
00000449
000003C2
00000137
FFFFFB0C
000005B7
00000AB7
FFFFF929
FFFFF8B1
00000132
FFFFF3E7
FFFFF8BA
0000039D
FFFFF6CB
FFFFFA5D
00000C1C
000007F0
00000307
FFFFF650
0000047E
0000019E
00000EEC
FFFFF701
0000064F
000008BD
00000968
FFFFFE64
0000168B
FFFFFFF2
FFFFFD43
000009C4
FFFFFEE0
00000554
FFFFFF50
FFFFF2B5
FFFFF4FD
FFFFECE4
00000AAC
00000013
FFFFFB70
00000711
00000560
FFFFFFD4
FFFFFDB1
FFFFEFC1
FFFFF99D
FFFFFC4E
00000AF6
0000040C
FFFFFFE7
00000F20
FFFFF7B4
FFFFEE03
FFFFFF2A
0000021A
FFFFF525
00000467
000004C8
0000022D
FFFFFCED
00000A68
FFFFFFEF
FFFFF62A
000001E8
00000A72
FFFFF0A4
00000816
FFFFEFA1
FFFFE4D7
0000021B
00000272
00000631
000005FB
00000188
FFFFEC0B
FFFFF4B9
0000005C
FFFFF1A2
FFFFF730
FFFFF95B
FFFFFEF6
FFFFFE62
000005AE
000004CB
000004C7
00000C4F
FFFFF686
0000002F
000001C8
FFFFEA72
FFFFF2D3
00000D0A
00000060
FFFFF803
00000385
0000028E
FFFFF9C1
00000A40
00000A2C
0000008C
0000001E
FFFFFD4D
0000000D
FFFFF8E1
FFFFEEC3
FFFFFDBE
FFFFFF02
FFFFF3BF
FFFFFD30
FFFFFA8A
0000007B
FFFFFF52
FFFFF777
FFFFF67B
00000942
00000ADF
000006C0
00000E96
000009CA
00000A32
FFFFF35D
FFFFF802
000003AE
00000C40
FFFFF605
FFFFFEDD
00000164
FFFFFFF5
0000027E
FFFFFFDB
FFFFF7CC
FFFFF9E0
0000054C
FFFFF232
FFFFEEFE
00000A02
00000308
FFFFF23C
FFFFF950
0000082C
FFFFF9D2
00000BF8
00000214
00000159
000009F1
00000B94
FFFFF066
000001EA
00000B0C
000005A2
000004E9
FFFFFA9B
0000167B
000011C9
00000325
00000D20
000008A8
FFFFFE44
FFFFFCEC
FFFFF7D3
00000AE5
000004C3
FFFFF9A3
FFFFFE17
00000EFB
FFFFF3F8
FFFFF5D3
FFFFE401
0000081E
00000C39
FFFFFA81
00000C55
FFFFFABC
FFFFEBD5
FFFFFC14
FFFFFBA6
FFFFFDDF
FFFFFCA2
0000059C
FFFFF669
FFFFF971
000004DB
00000441
FFFFF9EE
000006DF
00000441
00000EB4
0000005B
FFFFF594
FFFFFAAC
000011EF
0000004E
00000C4F
000002BE
000006DF
FFFFFBF9
00000158
000008F6
00000E5C
00001111
00000B6D
FFFFF5FB
00000434
FFFFFA4D
FFFFF647
FFFFFA6A
0000082B
FFFFFA8E
FFFFF134
0000112A
FFFFF00E
FFFFF9DE
FFFFF4B5
FFFFF935
FFFFF53F
00000441
FFFFF83A
FFFFFFA9
FFFFFBA4
FFFFF9F0
0000083E
FFFFFAAB
FFFFF36E
000006A8
FFFFFC90
FFFFF380
FFFFF1B2
FFFFF090
00000B32
000002BF
FFFFF8E8
FFFFFD29
FFFFF3E8
000000F6
FFFFFF65
000000F7
00000E4E
FFFFF39B
00000640
000010EC
FFFFF11C
FFFFFAED
00000C56
FFFFF30A
FFFFFD3C
000003FB
FFFFF6CA
000004E8
000004B6
000002F5
FFFFFCA3
FFFFFDEE
0000022B
000003BC
0000072B
00000159
000005D4
FFFFFF46
000009B7
FFFFFC80
FFFFF143
FFFFF981
000002CB
FFFFFD3B
FFFFFB94
FFFFF921
00000A39
FFFFFB0C
FFFFF667
FFFFEE39
FFFFF2B6
FFFFFB6A
FFFFF53A
00000857
000007D7
0000074D
00000452
000001A4
FFFFEF77
FFFFEEF8
0000060D
000002E4
FFFFFAC1
000012D9
000000FA
FFFFFDF4
FFFFF36D
00000384
FFFFFA93
00000515
FFFFFB1B
00000C03
0000142C
0000007F
00000526
FFFFFB8D
FFFFFDC1
FFFFF260
00000CA9
00000ADD
FFFFF9EC
FFFFFC8E
FFFFFD4B
FFFFFF01
FFFFE7E9
FFFFF107
FFFFED70
FFFFFD0D
00000A4C
000006E3
0000078A
00000EAC
000009F2
00000358
FFFFF60F
000002FA
000003C8
00000A9D
00001748
FFFFF395
00000B77
000005EC
FFFFF33E
FFFFF842
FFFFF369
00000F05
FFFFFA83
FFFFFBAB
00000FA2
FFFFE975
00000CB4
00000E83
000002C0
0000072A
FFFFFE89
00000CC2
FFFFEA71
000006A1
0000020C
FFFFFBB7
0000052F
00000097
FFFFF27C
FFFFFA33
0000030D
FFFFFFC2
FFFFF6E5
FFFFEE97
000002BC
000006FB
00000A0B
00000989
000001FD
FFFFF8A8
FFFFFCDA
00000E31
000002A7
00000CCD
000004C5
FFFFFDEC
00000911
00001569
00000295
00000503
0000040C
00000B43
00000651
FFFFFB52
FFFFFE38
00000D18
00000535
FFFFF327
0000092E
00000D8E
FFFFFA74
00000136
FFFFFC0B
0000097A
FFFFF773
0000073B
FFFFF6C4
FFFFF469
FFFFFAE5
0000061C
00000464
000005FF
FFFFFDB4
FFFFFE26
000004C2
FFFFF179
FFFFFB37
00000754
FFFFF805
00000BB6
000012F1
FFFFF289
00000832
00000353
FFFFFFF0
FFFFFC89
FFFFFE81
FFFFEEDE
0000063B
00001013
FFFFF795
FFFFF041
000009E6
FFFFEE6E
00000327
FFFFF785
FFFFEFBE
FFFFF79B
FFFFFE0E
FFFFFF6B
00000511
FFFFFBF7
000009A7
FFFFFEFE
00000274
FFFFF31C
00000490
FFFFF8B2
FFFFFB1D
FFFFF3C0
000005AC
00000052
FFFFF70D
000007E3
FFFFF23A
FFFFF478
000000D5
00000945
FFFFFA98
000002E5
00000372
FFFFF388
FFFFF979
FFFFEFC0
0000016B
0000030E
0000009D
FFFFF6C6
000003BD
FFFFFD38
FFFFF471
00001714
FFFFFD51
00000294
000009C8
00000493
00000153
FFFFFBF9
00000626
FFFFFA70
FFFFFB5E
00000F32
FFFFF197
000006B4
00000DB2
FFFFF09E
00000423
0000133F
FFFFF7BE
FFFFFD11
00000133
00000C4F
FFFFFB8E
00000072
00000532
FFFFEF8E
000000E8
00000070
00000FFE
000002AF
00000F08
000004E5
FFFFFA3B
0000005A
FFFFFD0E
FFFFFCA8
0000061B
000003F8
00000874
000004F8
FFFFFD33
000004E4
00000538
00000664
FFFFFC9E
FFFFFB5F
000014A7
FFFFF964
FFFFFC9A
00001631
000019A7
00000355
00000A28
000009A5
000001F1
FFFFFF7D
0000071E
FFFFF61C
FFFFF23B
FFFFFDD6
0000036E
FFFFED53
00000CA2
FFFFF653
FFFFF57F
00000B07
00000629
00000336
FFFFEEBA
FFFFFB25
0000002D
FFFFFABD
00000ECC
FFFFFEB2
FFFFED7D
000002C2
FFFFF9A5
000005FF
FFFFFFA8
0000092C
FFFFF9D2
FFFFF41A
FFFFF8CD
FFFFEE72
00000DCF
FFFFFC19
FFFFF836
FFFFFB04
FFFFF684
000001CE
FFFFF7D4
FFFFFA4C
FFFFFEE9
0000080A
FFFFFF35
00000B54
FFFFFC53
FFFFFF42
00000A5F
FFFFFCBA
00000031
000014ED
00000112
00000A01
FFFFF5B4
FFFFFCE7
000003EE
000006D9
00001AE6
FFFFFBD8
00000FB0
FFFFF823
0000073E
FFFFF668
FFFFF88F
FFFFFF13
FFFFFF21
FFFFFDDE
FFFFF562
FFFFF6EA
000000B7
00000810
0000050E
FFFFF7C1
FFFFFF99
00000EEC
FFFFEC62
000005AE
FFFFFA0F
FFFFFD1E
00000FF9
FFFFFDF6
000009E2
000013D2
FFFFF2AC
00000067
FFFFFA71
00000DB1
00000323
FFFFF1A2
00000516
00000882
FFFFF393
000000B7
FFFFFD06
0000045B
FFFFF64C
FFFFFE23
00000496
FFFFFE05
FFFFEE3C
000001C8
FFFFFC53
FFFFF98D
FFFFFF7C
FFFFE7E3
FFFFFF0D
00000F55
000000FC
00000A72
FFFFF926
FFFFEDB6
000001E1
FFFFF762
FFFFFB6F
00000299
00000044
000000EB
FFFFF1C1
00000095
FFFFFB8F
0000096C
FFFFFD89
FFFFF810
FFFFFBB5
00000AD5
000004F0
0000099B
FFFFFED9
00000317
FFFFFC72
00000F10
FFFFEEDF
00000186
000008C6
FFFFF30B
FFFFFE7E
00000492
FFFFF321
FFFFFE5B
00000867
FFFFFE20
FFFFFF91
000002AA
FFFFFADB
FFFFFE89
00000C50
00000179
00000576
FFFFFF2A
FFFFFF58
FFFFF949
FFFFFBB2
FFFFFE7B
00000580
000005C8
0000003D
00000344
00000335
FFFFFE8F
FFFFFE73
000003F3
FFFFFC1B
FFFFFC48
FFFFFE2E
FFFFFEF7
FFFFFF02
FFFFFD15
0000034E
000004A4
000004B3
00000172
FFFFFF65
FFFFFB5F
00000328
0000024C
00000417
FFFFFC97
FFFFFA93
00000233
FFFFFB2A
FFFFFE3D
FFFFFD77
FFFFFC33
FFFFFBD8
FFFFFC73
000000BB
00000222
FFFFFD91
FFFFFECB
FFFFFF0B
FFFFFBD7
00000124
FFFFFE8C
FFFFFD95
FFFFFEF9
000000B6
FFFFFD64
FFFFFC5D
FFFFFAA0
00000022
FFFFF605
000002C9
00000191
000004C6
000000A8
0000058A
0000071A
FFFFFD1A
000002AF
0000037A
FFFFFE70
00000099
0000059A
FFFFF864
0000035E
0000046F
FFFFFC89
00000623
FFFFFC82
000002A9
000002C0
FFFFFBB0
00000130
0000067A
FFFFF87A
FFFFFA87
0000001E
00000237
FFFFFB0B
000002A5
FFFFFD8E
FFFFFEA1
FFFFFC41
FFFFF8D6
000001C5
FFFFF89E
FFFFFBB1
0000004E
FFFFFF91
FFFFFBCF
FFFFF99C
FFFFF92F
000003CF
FFFFF8E0
FFFFFA35
000000DA
FFFFFBEB
FFFFFE02
FFFFFBD5
0000012F
FFFFFE25
FFFFFF7E
FFFFFDA3
0000033E
FFFFFB9C
FFFFFC6A
FFFFF575
FFFFF6DE
FFFFF985
FFFFF913
FFFFF80F
00000265
000000EC
FFFFFCD9
000000A0
FFFFFF87
00000506
FFFFF840
000005D1
FFFFFB6B
000001B1
000004B7
FFFFFA4E
FFFFFD2D
FFFFFC3A
0000028F
00000001
000002A3
FFFFFE29
0000020A
00000242
FFFFF777
0000027B
FFFFF308
FFFFFD9B
FFFFF857
FFFFF8C4
FFFFFC63
000000C5
FFFFFB1E
000001EE
000001AB
000001B0
FFFFFB24
FFFFFD3B
FFFFFEF0
FFFFFA74
FFFFF74C
FFFFFDA8
00000352
FFFFFF3E
FFFFFB91
00000682
FFFFF8A6
FFFFFE52
000005F3
FFFFF4D4
00000371
00000199
FFFFFE5E
FFFFFE3A
000004F0
FFFFFBE8
FFFFFFF2
FFFFFEFF
FFFFFC3A
FFFFF6A8
FFFFFD0F
00000577
FFFFF725
FFFFFDDA
FFFFFE11
FFFFFA6C
FFFFFB58
FFFFF9BF
00000018
000000B5
000001CC
FFFFFB48
FFFFF92A
0000039E
FFFFF88B
0000000A
00000309
00000021
FFFFFC44
FFFFFACC
FFFFF945
FFFFFE75
FFFFF9B8
FFFFFEFE
FFFFFD59
FFFFFE2F
FFFFF9CF
00000071
FFFFF938
00000124
FFFFFE96
00000582
00000725
0000030A
00000180
00000679
000005E7
00000130
FFFFFDF3
FFFFFBDC
000002CC
FFFFFFE7
FFFFFEBD
0000009D
00000444
FFFFFFA1
FFFFFDC1
FFFFFE2E
FFFFFFBD
0000027A
000001B5
000005A9
000008BA
000001AA
00000967
FFFFFCCF
FFFFFC86
FFFFFE79
FFFFF9ED
00000539
000004D9
FFFFF703
00000105
000002C6
FFFFFABA
FFFFFF34
00000318
FFFFFD53
FFFFFD71
FFFFFF75
000002C8
0000016D
FFFFFEB5
FFFFFA2C
000004D0
00000565
000003E4
FFFFFBA5
FFFFFE75
FFFFF3D9
000002D2
00000578
00000460
FFFFFFF3
00000436
0000054C
000001C5
00000396
00000158
00000421
FFFFFAD8
0000043C
00000070
FFFFFCB3
FFFFFBDC
000008F6
FFFFFAA0
000005AA
00000491
00000613
FFFFF8EC
00000472
FFFFFD7C
FFFFFF1F
0000037E
00000329
00000230
FFFFFAF1
FFFFFDDF
000002B7
0000053C
0000063B
FFFFF94B
0000026A
FFFFF98A
FFFFFAF4
000005B6
FFFFF996
000004CD
00000AC0
FFFFFED9
000005A8
000001CA
000000AB
FFFFFF33
00000328
FFFFFA35
FFFFFB61
0000084A
000000B1
000000AF
FFFFFEB2
0000009C
0000063B
FFFFFBDE
FFFFFC7E
FFFFFEBD
000000E7
FFFFF94F
FFFFF9E7
000001E0
FFFFF8D2
FFFFFCA9
FFFFF937
0000049A
00000157
0000040F
FFFFFECC
FFFFFBBD
000004FF
FFFFFE67
FFFFFB4B
FFFFFC78
FFFFFA50
0000000D
0000027D
FFFFF921
FFFFFA8D
00000197
00000149
FFFFFC5F
0000069E
FFFFFD32
00000044
FFFFFD73
FFFFFCFA
FFFFF8AE
0000019C
000002A0
FFFFF7AE
FFFFFC86
000004F1
000000ED
0000026F
00000410
FFFFFDDF
000000A5
FFFFFD2B
FFFFFAB9
00000643
000003B9
00000433
000003C5
FFFFFFA3
000002BF
00000199
FFFFFB90
FFFFFE72
FFFFFA3F
FFFFFF86
FFFFFC44
00000218
FFFFF6CA
FFFFF92D
FFFFFB5D
000000C9
FFFFF9F5
00000120
000005B8
00000021
00000011
00000058
0000056C
FFFFFEF6
000001DB
FFFFFC3A
FFFFFFAA
00000448
FFFFFC67
FFFFFE3E
000003EF
FFFFFB27
FFFFFFF0
000003D5
0000043B
FFFFFB33
FFFFFFDC
FFFFF8BB
FFFFF564
0000003E
FFFFFD07
FFFFFD3A
FFFFFEA5
FFFFFE52
FFFFFF81
FFFFFF44
FFFFF96B
00000493
FFFFFC92
000000B7
FFFFFBB5
00000B10
FFFFFAF8
000004BC
FFFFFBF8
00000446
00000839
FFFFFBDB
FFFFFF6B
000006F2
00000469
FFFFFFA4
00000709
000001C0
0000015E
FFFFFC34
FFFFFD27
FFFFFF00
FFFFFE43
0000024C
FFFFFF3F
FFFFFFD0
000004BD
FFFFFD92
000003EC
FFFFFF3B
0000019D
FFFFFD3A
00000206
000001BD
0000065B
FFFFFC91
00000467
FFFFF6D7
FFFFFEB2
FFFFFF0C
FFFFF4D2
FFFFFC91
FFFFFEA4
FFFFF6BE
FFFFFB69
000001C8
FFFFFB36
FFFFFDD9
FFFFFDFB
FFFFFB79
FFFFFF1C
FFFFFF9F
FFFFFAFB
FFFFFF14
FFFFF73B
FFFFFC8B
00000072
FFFFF879
FFFFFC22
FFFFFCD7
000002DB
000000C6
0000024C
0000006D
0000018D
0000037A
FFFFFD72
FFFFFD80
FFFFF852
000003EA
FFFFF877
000004A9
FFFFFCF1
FFFFFEE7
FFFFFACE
FFFFFD29
FFFFF9CF
000000C9
FFFFFEAE
FFFFF8C7
FFFFFA82
000002A1
000001FD
0000081C
0000084E
0000059B
00000378
FFFFFDA9
FFFFFFC8
00000100
000004E0
FFFFFEBC
FFFFFC6E
000003E6
000004AD
000005E4
FFFFFED5
FFFFFD2A
00000117
FFFFFB28
FFFFFD1C
FFFFFB41
FFFFF837
FFFFF8C4
000001E5
FFFFFBEA
FFFFFB79
FFFFF7C8
0000040A
00000C60
00000398
000001BE
000006E5
FFFFF8B6
000004B7
000005BA
FFFFFD9C
000006CE
0000024E
00000282
FFFFFFE9
FFFFFF96
000001DE
000003CF
0000018D
00000717
00000A64
FFFFF8A0
FFFFF7F5
000001E7
FFFFFC44
FFFFFF38
FFFFF656
000000B8
000002A1
FFFFFB25
00000464
FFFFF793
FFFFFD3A
000005AB
FFFFF874
FFFFFC9E
0000058B
00000481
000000B7
FFFFFC32
00000107
FFFFFEC2
FFFFF4C4
0000006C
FFFFFC7B
FFFFFA3C
00000706
FFFFF701
00000289
000003D6
00000210
FFFFFDCD
000006DD
FFFFFF9C
00000461
FFFFFD37
00000320
000001D8
FFFFFCDF
00000017
FFFFFE73
FFFFF98B
00000157
000005F8
FFFFFCFF
FFFFFFAF
00000B61
00000B45
00000354
000001F9
00000CFF
00000FBD
FFFFFFFA
000006A8
000012DB
FFFFFD35
000008AC
FFFFFC23
FFFFF8AE
00000619
00000AAA
00000C2B
FFFFFC9D
00000292
00000166
FFFFFD55
FFFFF5BD
00000344
00000294
FFFFF998
000000AB
FFFFF6E6
FFFFFFA4
00000A87
00000D9B
00000C0C
FFFFFF2D
FFFFF783
00000487
00000AA6
FFFFFBC2
00000C09
FFFFF77B
0000064E
000009D2
FFFFF88B
00000489
000001D0
000006D0
FFFFFA6B
FFFFF61B
FFFFF934
FFFFF7F7
FFFFFAA6
FFFFF814
FFFFFDBB
FFFFF9C2
0000071B
FFFFFC6C
FFFFFA1E
FFFFFDF6
FFFFF143
FFFFEF15
FFFFF2D0
FFFFF4C7
0000047F
FFFFFFF0
FFFFF56D
FFFFF689
FFFFF6B5
0000057D
0000073A
0000125A
00000907
00000C02
000005B0
FFFFF95F
00000083
00000354
00000B9A
FFFFFBB1
00000B01
FFFFF692
FFFFFC63
FFFFFC17
FFFFF3CF
00000B0D
FFFFF6E8
00000BC0
FFFFFD4F
FFFFFDE5
FFFFFC7A
00000146
FFFFF8D7
FFFFFE8A
00000191
0000037C
FFFFFAEF
0000034B
FFFFFE47
000000CC
FFFFF867
00000108
000003E8
FFFFF2A5
00000BF6
0000044B
FFFFFC68
00000AAE
000009F4
000001CB
0000094E
FFFFFB14
FFFFF434
FFFFF4C7
000002F4
000001B2
FFFFF98F
00000682
000003ED
0000004D
00000150
0000018C
000000CA
000007EB
FFFFFAA3
FFFFF25B
FFFFF5C8
0000014D
FFFFF8D5
FFFFF3E0
FFFFF8A8
FFFFF9F6
FFFFFFBF
FFFFFF43
FFFFFFA6
FFFFFAE5
00000867
FFFFFEAA
FFFFF896
00000E73
FFFFF836
FFFFF4AE
FFFFEEE9
FFFFF4E1
FFFFFD63
FFFFFA58
FFFFF64A
FFFFED5B
FFFFF919
0000088C
000003FF
FFFFF739
00000524
0000012D
FFFFFB4C
FFFFF932
FFFFF5B7
FFFFFB88
000000AD
0000031E
FFFFF8A2
FFFFFC95
FFFFF772
FFFFFD60
00000023
000000B8
00000134
00000152
FFFFFA17
00000339
00000BEB
00000584
FFFFF9B1
00000283
FFFFFDE0
00000D1B
00000049
FFFFF9E5
000000DC
00000C54
FFFFF3CE
00000674
FFFFFF18
FFFFFFA1
00000352
00000771
FFFFFDAE
00000232
FFFFF9FA
FFFFF5A1
00000728
FFFFF3F8
00000544
FFFFF77B
FFFFFBB2
00000A1A
00000616
FFFFF216
FFFFF95D
000006D1
FFFFF87F
FFFFF1B5
0000058F
FFFFFD99
00000A23
FFFFFDDD
000008D6
FFFFFDA6
00000F32
FFFFFAC3
FFFFF71C
FFFFFCEC
FFFFF5ED
000002A4
FFFFFDB1
FFFFFA13
000001C9
00000411
FFFFFB79
FFFFF37E
000000E8
FFFFFD58
000003D1
FFFFFB81
00000214
000008F2
00000CA1
FFFFF83F
FFFFF5B5
FFFFF3D2
000006E3
FFFFFF91
FFFFF3DF
0000092A
00000E04
FFFFF6C8
FFFFFCBB
FFFFF151
FFFFF3DA
00000C87
FFFFF9C7
000007B0
FFFFF839
FFFFFC60
00000A52
FFFFFCF8
FFFFF56F
FFFFF706
00000460
000004A5
000005C6
FFFFFDE4
0000036E
0000086F
000003F1
FFFFF606
FFFFF793
FFFFEDB8
FFFFF580
FFFFFCA4
00000A9E
FFFFF361
FFFFEF66
FFFFFC26
FFFFEF5B
FFFFFB92
FFFFF429
FFFFFC17
FFFFF02B
FFFFF8BC
FFFFF6A0
FFFFF62B
FFFFF6E7
FFFFFD0D
FFFFEB32
000003B7
00000B38
FFFFF615
000003F6
00000D4D
FFFFF48E
000002E2
00000C0A
FFFFF3D8
FFFFF563
FFFFF84E
FFFFF6E2
FFFFFBCC
FFFFFF0B
0000032A
FFFFFC0E
000005B8
FFFFFE4F
00000317
00000518
0000069D
0000050F
FFFFFDD8
00000306
FFFFFF12
00000037
FFFFFD83
00000294
FFFFFBF0
FFFFFD3C
FFFFF830
000003C5
00000A70
FFFFFEB2
000008CB
FFFFF9DE
FFFFF95B
0000042A
FFFFF6A7
000003D5
FFFFFC9F
FFFFF6AC
0000030A
FFFFF932
FFFFF8FE
FFFFFA62
000004FB
FFFFEF5A
0000052B
000002B6
FFFFF13D
FFFFFB51
FFFFF8C2
FFFFFC8E
FFFFF89E
FFFFF3A1
FFFFF997
FFFFF556
FFFFFCD9
FFFFF5C4
000003F0
FFFFF81E
FFFFFE09
000002DB
000006F9
FFFFFF90
FFFFF32A
FFFFFC24
FFFFFA83
FFFFFB4B
FFFFF9C3
00000040
FFFFF713
FFFFFECB
000007D0
FFFFFE59
00000A36
00000921
FFFFFE69
0000006B
000005FA
00000368
00000B72
0000069C
0000037C
00000248
FFFFF36B
000006EE
00000555
FFFFFAE8
FFFFFD66
00000E76
FFFFF856
000001DB
0000055F
FFFFFB48
FFFFFD4B
000006CE
00000A18
FFFFFE8C
FFFFF4F5
FFFFFB33
FFFFFC50
00000053
FFFFF5D7
FFFFF597
FFFFF934
FFFFFF86
FFFFF4C8
00000426
FFFFFC46
FFFFFA3A
FFFFF893
FFFFFEB7
FFFFFE9F
FFFFFC74
FFFFF5BD
FFFFF956
000005C4
000006BD
FFFFFECD
FFFFF3F1
0000033E
FFFFFECE
0000026F
FFFFFB9E
0000067B
00000A94
FFFFF432
00000A05
000001A7
FFFFFCDA
FFFFF932
FFFFFE0B
FFFFF765
FFFFF0F0
FFFFF6D4
000006D1
0000005F
000007B5
FFFFF9BA
000008B2
FFFFF86B
000000F2
FFFFFDF6
00000568
000004A6
000005AE
FFFFF358
FFFFFB4B
0000007A
FFFFFFA7
00000BCB
FFFFF3D4
FFFFFD51
00000A15
FFFFF76A
FFFFF097
00000898
FFFFFC1A
FFFFFB34
0000022B
FFFFF2E8
FFFFF7C6
FFFFFFD1
00000266
000006E3
FFFFF886
00000561
00000163
00000885
FFFFFD49
00000432
FFFFF2F4
FFFFF98E
000002DE
FFFFF99B
FFFFF920
FFFFFA75
FFFFFA5A
FFFFFB61
00000DAB
00000659
000006FC
00000AFA
FFFFFA4F
FFFFF9AB
00000A9F
FFFFFC0A
0000071A
00000581
FFFFF823
FFFFF279
FFFFF613
FFFFFDC1
FFFFF536
000003A5
FFFFFE9A
FFFFFD39
00000BE5
00000625
000003A6
0000093B
FFFFFF5F
00000669
FFFFF97A
FFFFF904
00000220
0000008C
FFFFFF72
00000646
000007D6
00000762
FFFFF9B6
FFFFFB91
FFFFFBB0
FFFFFCDA
FFFFFD95
FFFFF8DB
00000D30
FFFFFDAA
FFFFF7AA
FFFFEB70
FFFFFB5A
00000013
FFFFFAC0
000000E1
FFFFF3E8
FFFFFA6A
FFFFFFA5
FFFFF9BD
FFFFFC9B
00000A1F
0000046F
00000CFB
FFFFFB36
FFFFF74B
000007EF
0000054A
FFFFF37D
FFFFFD28
FFFFF84D
00000022
FFFFF7CA
00000249
00000039
FFFFF9BD
FFFFF4F1
FFFFFF79
0000094B
0000020A
FFFFFC44
00000A13
FFFFF9CD
FFFFF4BC
FFFFFB54
FFFFF301
FFFFFE9F
FFFFEEE5
FFFFF0C0
FFFFEB50
000005A8
FFFFF9A8
000005D9
FFFFFC2A
FFFFF9DC
00000039
00000192
FFFFF740
00000116
00000175
00000E26
00000513
00000009
FFFFFAF3
00000595
FFFFFEB7
000009D9
00001054
FFFFFAD1
000001B5
0000055C
FFFFFCF3
00000C88
000002D1
FFFFF076
FFFFF69E
00000599
FFFFFFC1
000009BC
FFFFFEAD
00000485
FFFFFE52
00000444
FFFFFFC8
00000293
FFFFF502
00000047
000003B1
0000042A
000002C4
000001AE
FFFFF702
FFFFF0DD
FFFFF720
000005D8
0000054D
FFFFFA35
FFFFEB8C
FFFFF76E
00000A11
FFFFFA9D
FFFFF40C
FFFFF2A5
0000020F
0000086F
FFFFF5D0
00000419
0000084D
FFFFF32C
FFFFFBF1
FFFFF3C6
0000042D
000001F8
0000019C
FFFFFF1A
00000B9F
00000B59
FFFFFD89
FFFFF89C
000007F7
FFFFF6D0
FFFFF3F4
000002B4
00000E47
FFFFFFD4
FFFFFAB9
00000016
FFFFFC53
00000949
FFFFFB4A
00000AAF
FFFFFCF7
FFFFEF0A
000003F7
FFFFF5DE
FFFFF350
0000081C
00000782
00000EB0
FFFFF8D8
FFFFF3DD
FFFFFB4D
00000982
FFFFFADE
FFFFFE60
FFFFF7EB
0000002B
00000364
0000017B
000002C2
FFFFFD3F
FFFFFF6D
000002BE
00000092
FFFFFF66
FFFFFDB8
000007BF
000002B0
FFFFFD0F
00000DCB
00000A26
FFFFF3D1
FFFFF6E8
FFFFF63A
00000BB1
00000CDC
FFFFFE67
0000075F
00000551
000004C8
FFFFF452
0000028B
00000074
00000598
000001C5
FFFFFDE7
FFFFFF52
FFFFF2AB
00000348
FFFFF9C4
FFFFFB8B
000002C7
FFFFF86B
0000084E
0000026B
000001C1
00000152
FFFFFD54
00000C32
FFFFFBE1
FFFFF63A
000006A8
00001192
00000202
000003AB
0000075C
00000A1A
FFFFFF0D
00000313
FFFFFFCC
00000D02
00000C46
00000224
0000018D
FFFFEFE6
0000048A
FFFFF70E
0000000B
0000031E
0000024D
FFFFF53C
00000869
FFFFF38B
FFFFFC99
000004AD
00000E61
00000B21
FFFFFA95
FFFFFE45
FFFFFD40
FFFFEF90
0000169F
0000087C
00000760
000007F6
FFFFFFF4
0000015D
00001277
00000852
00000AFD
FFFFFDFF
FFFFFCAD
000005D1
FFFFF425
00001247
00000372
0000044C
FFFFFE99
FFFFFCD0
00000731
FFFFF6C8
FFFFF9FE
FFFFFFD7
000006D5
FFFFF5C0
FFFFF90D
FFFFF620
FFFFFCC8
000003B0
FFFFFA13
FFFFFE48
000005BE
00000CD2
FFFFF581
00000615
FFFFF27B
FFFFF969
000008E7
000003A0
000004CB
FFFFFA46
00000BFC
FFFFFBB7
000006A6
00000A18
FFFFF726
FFFFF34A
00000619
FFFFFBF4
00000127
FFFFF35F
FFFFF1E9
FFFFF61B
FFFFF927
FFFFF311
FFFFFD5A
FFFFF5AF
FFFFF9B2
FFFFFF53
FFFFF9CD
00000442
FFFFF245
FFFFFB71
FFFFF388
00000797
0000064B
000007F0
00000C2A
FFFFF9D2
00000D22
FFFFF5BA
00000BA7
FFFFF7A8
0000049B
FFFFF976
00000972
FFFFF4F8
FFFFFDE4
0000059F
FFFFF3A0
FFFFF67D
0000028B
FFFFF3CA
FFFFFB80
0000055F
FFFFF017
FFFFFD07
FFFFF3D3
FFFFFE98
00000586
FFFFF891
FFFFFABA
FFFFFBBC
00000903
FFFFFD28
00000736
FFFFFA1B
FFFFFAA4
FFFFFFAE
0000018C
00000542
FFFFFE28
00000F00
000008B8
00000F7C
000002C2
00000E5F
0000209F
000003D1
FFFFF960
FFFFFDEC
FFFFFBFD
000005E0
00000BEA
00000325
0000037E
FFFFFC19
00000171
000003BE
000002E1
00000C94
FFFFFCD8
00000568
FFFFF46F
00000A28
00000014
0000066C
000007F2
FFFFFACA
00000494
00001061
00000037
00000E3C
00000857
000017E8
000008A8
FFFFFE89
FFFFFA32
FFFFF460
FFFFF25B
000006C4
FFFFFA9E
FFFFFF7D
FFFFFE7F
00000032
00000638
FFFFFC8B
FFFFF56F
FFFFF2B9
FFFFEAFE
000005B1
00000130
FFFFF946
000002C3
0000064B
00000213
FFFFFF24
00000B2B
FFFFFAA5
FFFFF725
00001133
FFFFF5C9
FFFFFD2D
000003BD
0000052F
00000B76
0000010B
00000DAC
000000C9
FFFFFA0D
FFFFF6F0
00000234
FFFFFE30
FFFFFD10
FFFFFBE0
000007E2
00000407
FFFFFAEA
FFFFFD98
FFFFF084
FFFFF3FE
00000E10
00000E2C
0000002F
FFFFFC0D
00000BD8
FFFFFD6B
FFFFFDFD
00000378
FFFFF643
FFFFF1BC
FFFFFEDC
FFFFEFFC
000006B2
FFFFF99F
0000079D
FFFFEE80
FFFFFCCA
FFFFFECE
FFFFF759
000001E1
FFFFF558
FFFFF3CA
FFFFF807
00000324
FFFFF7E6
FFFFF991
FFFFF342
0000034C
00000B01
FFFFFABA
00000EEC
000004C5
000004C4
00000165
0000105C
FFFFFCD3
FFFFFBCE
FFFFF600
FFFFFA83
000006CB
000003A6
FFFFFC16
0000037F
FFFFF9AC
FFFFFD6D
FFFFFE88
FFFFF85E
FFFFFEB5
FFFFFCFC
000000FC
00000091
FFFFFD3A
FFFFF40D
FFFFEF44
FFFFFD78
FFFFF09A
FFFFF81B
00000355
FFFFF531
FFFFF5D2
FFFFFB70
00000205
FFFFF5FA
FFFFF81B
FFFFF0C5
00000695
000009CC
FFFFFF65
000003DE
FFFFFBDB
FFFFFB17
000003EA
00000425
FFFFFAC0
00000C93
FFFFFF26
FFFFF11F
FFFFFDBA
FFFFFEC1
00000891
FFFFF886
FFFFFF48
00000755
000003BD
0000087E
00001190
FFFFFE14
000008FC
00000A95
00000E4D
000005F0
00000BD3
00000F02
FFFFFE75
FFFFF7BC
FFFFFB4C
FFFFF5CC
000006DF
0000054F
0000099C
FFFFF9A7
FFFFFCF4
FFFFF625
0000029A
00000630
FFFFF987
00000B93
FFFFEF38
00000ADC
000004DC
00000D6B
000001FC
FFFFF6E2
000002B2
00000964
000007AB
FFFFFD2F
FFFFF28E
00000360
FFFFF6E0
FFFFFB0E
FFFFF41F
FFFFF1A4
00000712
FFFFF667
FFFFFA3B
FFFFFDFB
FFFFFC02
0000073E
00000652
00000482
FFFFF564
FFFFFD9E
0000019A
0000069C
FFFFF9A2
000002AA
FFFFFA0B
FFFFFC45
FFFFFD50
FFFFFBAD
FFFFF5CE
000003AE
FFFFEBCB
00000403
00000960
FFFFF8F8
000001AE
000000BB
000003EC
0000098A
00000280
000003DD
FFFFF594
FFFFF17F
00000016
000004AA
000000AB
FFFFF6F2
000001D7
FFFFECC5
FFFFF244
0000018A
0000032D
00000060
00000359
FFFFF943
FFFFFB96
FFFFFD3B
00000643
000004D9
000000DC
FFFFF6AF
00000564
FFFFF82F
00000806
FFFFF961
FFFFFA88
FFFFEF43
FFFFF5F9
00000209
FFFFFAA9
0000010C
00000900
00000D16
0000081D
000012A7
000012DA
000006BB
000004B9
000007C4
00000E3F
00000B79
00000566
00000391
00000385
FFFFFBD3
FFFFFA76
FFFFF8FB
0000063F
FFFFF48D
0000057D
000003CE
FFFFF70C
0000023C
FFFFFA4A
FFFFECA9
FFFFFC85
FFFFEF8A
FFFFF12C
FFFFFC43
FFFFF6A6
FFFFF1D3
FFFFFA67
FFFFFD22
00000140
FFFFF85F
00000C2A
00000180
FFFFF76A
00000455
FFFFF95D
00000468
00000415
00000293
FFFFF65B
000007B1
FFFFFC91
00000131
000005AF
00000644
FFFFFA52
FFFFF500
FFFFF81F
00000AD8
FFFFFCBD
FFFFFA18
00000C0A
000000B3
00000983
00000D67
000003DF
00000C54
FFFFF458
FFFFF3F2
FFFFFFD3
00000655
00000B5D
FFFFFCF0
FFFFFF51
00000246
FFFFFD6E
FFFFFF4D
FFFFFA29
00000FAE
FFFFF5D9
00000E53
00000FE9
FFFFF9BB
00000A9D
00000608
00000267
FFFFF52B
FFFFFE3D
FFFFFD88
FFFFF23E
FFFFF7FA
FFFFFF0F
FFFFF3A0
FFFFF4C1
FFFFFB44
FFFFFDBA
FFFFF4D3
FFFFF6DE
FFFFF919
0000080C
FFFFF8B3
FFFFF3F7
FFFFF451
FFFFFAC1
FFFFF3CD
FFFFF448
00000881
FFFFF5A7
FFFFF153
FFFFFB2F
FFFFFBAA
FFFFF7D4
FFFFFC21
FFFFFF25
FFFFF9A5
FFFFF95E
FFFFFF00
000006E6
000005DC
00000467
FFFFF312
00000195
FFFFFCE6
00000240
0000007D
FFFFFF8A
0000027A
FFFFFFEB
FFFFFB63
FFFFFF62
FFFFF7F1
FFFFF9E6
FFFFF60F
00000331
FFFFFF8C
FFFFF75B
0000050A
00000611
FFFFFF6E
FFFFF86E
FFFFFE4B
FFFFFCA6
FFFFFBB0
FFFFF886
000005A2
FFFFF8F0
FFFFF313
FFFFF605
FFFFFAC2
00000177
FFFFFEEC
00000236
00000160
FFFFF651
FFFFF9BC
000005CC
FFFFFEA8
FFFFF71F
FFFFF942
00000445
FFFFEBCC
FFFFFDB2
FFFFECA3
FFFFF2BE
FFFFF813
FFFFEE6C
0000062A
FFFFF78C
FFFFF873
FFFFFAFE
0000039B
FFFFFA01
FFFFFCC7
FFFFF6B4
00000032
000003EB
FFFFF290
FFFFFF83
0000029C
FFFFFEF5
000000C6
000004ED
000006C0
FFFFFFC0
00000B87
00000EC2
000002C4
FFFFFCBC
00000CBB
00000487
FFFFFAB4
000009A0
0000088D
00000173
00000079
0000016B
FFFFF7DC
FFFFF5A2
FFFFFBCC
FFFFF3CF
FFFFF94F
FFFFF388
FFFFF9E6
FFFFF978
FFFFFB63
000006D9
FFFFFDB0
0000010E
FFFFFF9D
000002F1
0000075D
FFFFFBC7
00000758
00000900
FFFFF5D2
FFFFFC7C
00000161
0000052D
FFFFFB29
000000E7
FFFFF5FB
000002D0
FFFFFEBE
00000033
FFFFFB0B
0000033C
FFFFFA10
000003D6
FFFFF97C
00000050
FFFFFF30
00000723
FFFFFE4F
FFFFFF16
0000057E
00000629
0000055A
FFFFF938
FFFFF8DA
000004A5
FFFFF973
00000072
FFFFF27D
FFFFFF1B
00000274
000002A0
FFFFFBCC
000005A3
FFFFFC50
FFFFFAFC
0000047E
00000058
FFFFF636
FFFFF87B
00000451
FFFFFF39
FFFFFCA6
00000C48
00000BC9
00000BEB
00000024
00000F19
0000087A
000011C9
FFFFFC33
000006B7
FFFFFCAB
FFFFF6F5
0000002B
FFFFFB69
00000421
0000009D
FFFFFCDE
FFFFF277
00000540
00000348
000006C0
FFFFFABB
FFFFFF7A
FFFFFBD5
FFFFF1D8
FFFFFC7E
FFFFFE32
00000691
FFFFFF6F
00000A3C
FFFFFEBA
FFFFFF0B
FFFFFDC6
00000B43
FFFFFA32
00000A04
00000112
000000FC
000001D0
00000054
FFFFFC21
FFFFF73D
FFFFFB0F
FFFFF513
FFFFFEE3
0000056E
000000B4
0000034F
FFFFFEA4
FFFFFDCE
FFFFF5E2
FFFFF193
FFFFFB4A
FFFFF648
000006E6
00000823
00000308
0000022B
FFFFF837
000000A6
FFFFFD6E
FFFFF88F
FFFFFCCC
FFFFF9B1
000004BE
0000005B
0000045A
FFFFFA6F
FFFFFBCD
FFFFFF8D
0000047D
FFFFFFA7
FFFFF4E7
FFFFFD82
FFFFFB3B
FFFFF1E7
FFFFFAB1
FFFFF87C
00000295
0000007D
FFFFF7AD
FFFFFDE7
0000074B
000008D0
FFFFFA51
000006C5
FFFFFAB1
00000598
00000E94
FFFFFBF5
00000937
00000930
FFFFFEF4
00001368
00000922
000004AF
FFFFFEE7
000001E7
0000048D
000002CC
00000285
FFFFF820
FFFFFFFC
FFFFF58C
FFFFF689
FFFFF614
FFFFFC86
000006D4
0000054F
FFFFF38F
000009B6
FFFFFB5E
FFFFF352
FFFFFE40
000005D8
000004BD
FFFFFCAB
FFFFF990
FFFFFC1D
FFFFFC85
FFFFF411
FFFFFD76
FFFFF644
FFFFF847
FFFFF93A
FFFFF506
FFFFFACF
FFFFFF1A
00000102
0000065A
00000054
00000A8B
FFFFF874
FFFFF1B3
FFFFFD9C
0000065E
000000D9
0000049A
0000015E
FFFFF52A
FFFFF993
00000042
FFFFFAB6
0000027B
FFFFFE8F
00000109
FFFFFBF0
FFFFFDAA
FFFFF69E
FFFFFB61
FFFFF267
FFFFF87E
FFFFF991
00000026
FFFFF891
00000A47
FFFFFEDB
FFFFFF09
FFFFFAE3
FFFFF706
000003E6
0000064F
FFFFEFC6
FFFFFF74
000001FC
FFFFFD33
FFFFF682
00000634
FFFFF59B
FFFFFD58
00000008
FFFFFE82
FFFFFE49
00000643
00000466
0000096A
00000848
000008CB
FFFFFCCF
FFFFF9A5
FFFFF87E
0000032F
000000B1
FFFFFBB0
000002F6
0000001D
FFFFF345
FFFFFCCD
FFFFFCD1
00000510
FFFFF8E6
00000180
00000403
00000184
000007BB
FFFFFF30
FFFFFAF9
00000287
00000781
FFFFF28C
0000013C
FFFFF995
FFFFFDFE
00000307
FFFFFAE3
0000049D
FFFFF8D3
00000286
FFFFFCD5
FFFFFC76
FFFFF6D7
FFFFFEC4
000001A3
FFFFF8F8
000001E8
FFFFFB2B
FFFFF5BB
FFFFEFC1
FFFFF4E1
FFFFF720
0000018D
FFFFFE08
00000803
FFFFF662
000002A2
FFFFFEDB
FFFFFA39
FFFFFC88
00001004
00000656
00000CAB
00000E1F
00000BD2
00000860
00000B53
00000CCB
FFFFFE25
00000558
00000616
00000347
FFFFF80C
00000429
000006D9
000008B3
FFFFFB71
FFFFFDA9
FFFFFBF0
0000065C
FFFFFF87
00000123
00000034
FFFFF4F8
0000037C
FFFFF8A0
FFFFFB78
FFFFF87D
FFFFF01D
000003D0
FFFFF708
00000235
FFFFFDF7
000008A2
00000290
0000032E
00000370
FFFFFB4A
FFFFFD86
FFFFFF66
FFFFF811
FFFFFC52
00000A93
00000481
FFFFFC91
FFFFFCE0
00000B33
000006AE
000005D6
000000E9
000000EA
FFFFFC7F
FFFFFED1
0000029D
FFFFFE14
00000049
00000423
FFFFFBCD
FFFFFA70
FFFFFCA7
FFFFFE35
FFFFF98C
FFFFF92C
FFFFFBEC
FFFFFD63
000001CA
00000BA1
000009D3
00000280
0000024C
00000B27
00000214
FFFFFD15
FFFFF8E1
00000203
FFFFF66D
FFFFF546
00000033
000004A8
000003A4
000003C3
FFFFFAF5
FFFFF44C
FFFFFFB1
FFFFF448
FFFFF923
FFFFFFF3
FFFFF7D3
FFFFFDD4
FFFFF970
000005F4
0000019E
FFFFFBCA
000002C7
FFFFF943
FFFFF453
FFFFF5C4
FFFFFBBA
FFFFF6E0
000014CE
00000DDD
00000660
FFFFFA6C
FFFFF4ED
00000277
00000B80
FFFFFEDA
000008B4
00000C42
000002C0
FFFFF943
FFFFFCC8
FFFFFCCD
000008B0
0000083A
FFFFF689
00000884
FFFFF715
FFFFF544
FFFFF3CA
FFFFF1FB
FFFFF3F0
FFFFF861
FFFFFBAE
FFFFFFC2
FFFFFAEF
0000103C
000009D6
0000056B
00000276
000001CE
000007A7
FFFFFE33
0000000A
0000014B
00000401
00000190
00000029
FFFFFCEA
FFFFFBE6
00000733
FFFFF690
00000486
FFFFF847
0000051A
0000055D
FFFFFFD2
FFFFFF1E
FFFFF264
FFFFFC94
000008D8
000000F8
000008DE
00000C61
00000BF6
000007C5
00000806
FFFFFCAD
FFFFFD88
FFFFFB46
00000BA6
FFFFFE61
00000463
FFFFF6D8
FFFFFBD7
00000230
FFFFFC3F
FFFFFE3A
0000083C
FFFFFA42
000006E6
00000270
FFFFFDA9
000002B3
FFFFF527
FFFFF930
FFFFFBDA
0000036C
FFFFF29D
FFFFFCA2
00000863
FFFFF7D2
FFFFFAAD
FFFFFB9A
FFFFF254
FFFFF9E3
0000095D
FFFFFF5A
FFFFFD19
000004A8
FFFFF59D
000001F5
0000120D
FFFFFBB6
00000F8B
FFFFFEEE
FFFFF976
00000711
000000E5
0000084B
FFFFF43B
00000012
00000864
FFFFF71B
00000812
FFFFFD15
00000989
00000AE5
FFFFF323
FFFFF538
FFFFFB2A
FFFFFF48
FFFFFB14
FFFFFED3
FFFFF10D
FFFFFEB9
000006A8
FFFFF9D3
FFFFFEBA
000008BE
FFFFFEA4
000002B0
00000174
FFFFF777
FFFFF104
0000075B
FFFFF6FC
FFFFFD9D
00000337
FFFFF9CE
FFFFF926
000007E0
FFFFF80D
FFFFFB19
00000E06
FFFFF6F9
FFFFF6CE
00000854
0000077D
FFFFFF38
FFFFFD23
FFFFF0A9
FFFFF82F
FFFFFCB6
000001C5
FFFFF48F
FFFFFB4D
FFFFEE8D
FFFFFC33
00000855
000005A0
FFFFFE8F
FFFFFED8
000005AA
00000ADA
FFFFF462
00000514
FFFFF5C6
00000658
FFFFFB93
00000117
00000450
FFFFFB83
00000933
00000A90
FFFFFB88
00000823
FFFFFA31
000006B7
FFFFF84E
FFFFF60E
FFFFF39C
000008DC
00000997
FFFFF00C
000003C8
00000293
000008C9
000000C7
FFFFF97C
FFFFFA9C
FFFFF289
FFFFF98F
000000A8
FFFFFE99
FFFFFA8D
FFFFF92C
000000B1
000004E0
00000168
FFFFF08C
FFFFF795
FFFFFFDB
FFFFEE26
00000A88
00000C49
00000D14
00000CD7
FFFFF9AC
000002FA
FFFFFEFD
FFFFFBEF
FFFFFF8D
00000659
FFFFF84E
FFFFF268
FFFFFAED
FFFFF3D2
FFFFF250
FFFFEFC6
FFFFFD99
00000052
00000008
FFFFF4DE
FFFFFB7F
00000CDD
00000969
00000577
FFFFFF2A
00000BD7
0000044F
FFFFFE26
FFFFFE2D
FFFFFD24
FFFFF9D8
000004B4
FFFFF544
FFFFF786
FFFFF0B5
FFFFF8BC
000000FC
000007BD
FFFFF946
FFFFF994
0000080F
FFFFF632
FFFFF51C
FFFFFBD9
FFFFEDDF
FFFFFDE7
FFFFFC1E
FFFFF7EF
00000295
FFFFFE71
FFFFFB96
00000958
FFFFF5C0
FFFFFEE9
00000A65
0000039E
0000056B
00000B25
FFFFFEDD
FFFFF4A6
000018D4
000008E8
FFFFF7B5
FFFFEF02
FFFFF6B9
FFFFED2E
00000833
00000266
00000443
FFFFFCCF
FFFFF6C5
FFFFEE07
FFFFF7E4
00000B83
FFFFF199
0000029D
000004F7
000000C0
00000093
000000FB
FFFFF22A
FFFFFC98
00000390
00000149
00000070
000003C2
FFFFFD3D
00000C28
FFFFF7FB
000003FD
FFFFFFBD
FFFFF575
0000000F
000003E4
00000C3D
000005B9
FFFFFC18
00000A75
FFFFF82B
000007FB
FFFFF63C
000008E1
00000DAC
00001168
FFFFFBEF
FFFFFE80
000002E1
FFFFFFDE
FFFFF316
000005AE
FFFFF156
000002E0
FFFFF7B0
000004A4
FFFFF698
000001FA
FFFFF118
FFFFEE8D
FFFFFDC0
FFFFF3D9
FFFFF681
FFFFFB58
FFFFFA16
FFFFECFA
0000048F
FFFFEB3B
00000132
FFFFF68F
FFFFEDD9
FFFFFE10
FFFFF7A3
FFFFF604
00000C67
0000031A
FFFFF15C
FFFFF93C
FFFFF763
FFFFFE7D
000007B2
0000014F
FFFFFE17
00000658
00000478
FFFFF500
00000908
00000252
00000810
000005E1
00000527
0000020F
FFFFF54C
FFFFFFE4
FFFFF4F8
00000351
FFFFEFF6
FFFFF442
FFFFFF90
FFFFF4DA
FFFFFC19
FFFFF60D
FFFFF926
FFFFF5D9
FFFFFE32
FFFFF87C
000001E2
00000BFB
00000A60
FFFFF820
000007B4
FFFFFD1C
FFFFF347
FFFFF86E
0000004B
FFFFF70B
000006E5
FFFFFB19
FFFFF5B3
000003E9
000006D7
FFFFF714
FFFFF9EC
FFFFFE8B
000009A0
0000075B
0000015A
FFFFF477
00000051
000003DE
000005B7
00000097
FFFFFE1C
000005C7
0000142F
0000077D
FFFFFFA0
00001587
000010FF
000002F9
00000482
000009F1
000006CB
FFFFFEA6
000008D4
FFFFFEED
00000821
00000F21
000002FF
00000471
FFFFFD3D
00000748
FFFFFCDB
FFFFFA33
FFFFF515
0000072A
0000033D
FFFFF821
FFFFFF6B
00000AE2
FFFFF3DF
FFFFFFBF
0000090E
FFFFF96A
000009BF
FFFFFCC2
00000430
000001DA
FFFFFB9A
00000BDA
00000103
00000AA9
FFFFF2FC
00000650
FFFFF86E
FFFFFF0D
FFFFFE36
000000B4
FFFFF877
FFFFFF63
FFFFFD5C
FFFFFA50
FFFFFF18
FFFFF2E9
FFFFFCD0
00000624
FFFFF43C
00000107
00000041
FFFFF9F0
FFFFF35F
FFFFFD62
FFFFF807
00000006
FFFFF9C2
FFFFF64B
FFFFFA43
FFFFFA85
FFFFFC97
FFFFF90E
FFFFFADF
FFFFEFCC
FFFFEF49
000009E6
00000A53
FFFFF503
00000AE8
00000030
FFFFFEAF
FFFFFD19
FFFFFE3C
FFFFF841
FFFFFAE1
0000014E
0000037A
FFFFFDD9
000006E1
FFFFF29F
00000A3E
00000155
000006C4
00000898
0000095A
000008F3
FFFFFFDF
00000F26
000007A9
FFFFFDCD
FFFFFE76
000004DF
0000041B
000005AF
00000410
FFFFFA5B
00000D16
FFFFF8FD
FFFFF9DF
000001FD
FFFFFCF9
000000DF
000005DE
FFFFF96A
00000E54
FFFFF712
FFFFFC2D
FFFFFD8C
FFFFFC81
FFFFFB09
00000891
FFFFFFE3
FFFFEF43
00000B8E
00000125
FFFFFCA4
00000052
FFFFFAF8
FFFFF20A
FFFFFAF0
0000003B
0000012D
00000983
FFFFFD7E
FFFFF81E
000009EA
FFFFF9B9
FFFFF8F7
FFFFEFD6
FFFFFED0
FFFFED89
FFFFE9AE
000004B4
FFFFFEE3
00000565
FFFFFCCC
FFFFFA41
00000310
00000BD4
FFFFF845
000002E7
FFFFF7A1
FFFFFE80
00000853
0000011F
FFFFF688
00000743
FFFFFB67
FFFFF764
0000002A
FFFFF786
FFFFFA2E
000008D8
FFFFFDA8
0000015F
00000175
FFFFFF42
FFFFFB53
00000846
000001FD
FFFFF612
FFFFFEC3
000000E0
000000A8
FFFFFD2C
000004A4
FFFFF02D
00000B50
FFFFFC9D
FFFFF90A
FFFFF895
FFFFF677
FFFFFFE2
FFFFFBB6
0000040E
FFFFEECF
FFFFFE06
FFFFF5F6
00000397
0000000D
FFFFFBB6
FFFFF73A
FFFFFCC0
FFFFF0A5
FFFFFA52
00000AB1
00000AB8
FFFFFB41
0000037D
FFFFF920
FFFFFB5E
FFFFFA10
00000B13
FFFFF896
00000550
FFFFF380
FFFFEEB8
0000090F
00000D59
0000029A
00000009
FFFFFA40
FFFFFCE5
00000169
FFFFFBAE
FFFFEE0A
FFFFFA93
FFFFF940
FFFFFA8C
00000B54
FFFFF724
00000906
000006B4
FFFFF914
00000717
FFFFFC4A
FFFFF85D
FFFFFBDD
00000A63
000003BA
FFFFFEC3
FFFFFBB4
FFFFF472
00000299
0000060B
00000461
000002D4
FFFFFEB1
00000713
FFFFF77E
000005FC
0000062A
FFFFFB8B
0000046B
00000097
FFFFF64E
00000359
FFFFFEB5
FFFFFD8C
FFFFF9F1
FFFFF12E
0000034A
FFFFF8B3
FFFFFCA9
FFFFF7B2
00000CD7
0000090A
FFFFF8F1
FFFFF8DB
FFFFF9F9
FFFFF3A3
00000292
FFFFF89D
FFFFFB0E
FFFFF5B3
FFFFFAA7
FFFFF2F3
FFFFF80F
FFFFF423
FFFFFD18
00000797
FFFFF89A
FFFFFB47
00000B2A
0000049D
00000428
FFFFFA09
FFFFFAFE
FFFFFCD9
000003CC
FFFFF4D8
FFFFF74F
00000643
00000619
FFFFFFAC
FFFFEFF3
0000015B
000002FE
FFFFFF1E
00000B81
000009C2
000006F0
00000493
FFFFFB73
FFFFF37B
FFFFFFA1
FFFFF254
00000044
00001082
FFFFFCBD
FFFFFBF4
FFFFFD06
FFFFF7FF
FFFFFDD8
FFFFFBF1
FFFFF81C
FFFFF892
00000318
FFFFF79F
0000088D
00000030
FFFFFC22
0000042D
0000068C
FFFFF9FD
00000345
0000067F
FFFFF67E
FFFFFF61
0000068C
00000112
FFFFFE14
000008DE
FFFFFDCA
00000292
FFFFFD4F
FFFFF72E
00000519
FFFFFC00
FFFFFAAE
FFFFF571
FFFFFC0D
FFFFFF53
FFFFFA20
FFFFF639
FFFFFE6D
00000475
000002A6
FFFFF9C1
FFFFFC42
FFFFF8F7
FFFFEEA0
FFFFEA60
FFFFFA8F
FFFFFBDD
000003FD
000003DB
00000206
FFFFFD72
000009DD
FFFFFDE0
00000355
FFFFF253
00000658
FFFFFF5C
FFFFF6D3
00000624
0000041A
FFFFF3CF
FFFFF462
00000221
FFFFF763
FFFFFA31
000003A9
00000E8D
00000021
000002C1
FFFFF949
FFFFFD73
0000063A
00000D5A
FFFFFCB7
00000536
00000472
000002D6
FFFFF775
FFFFFD25
FFFFFE3F
FFFFF679
FFFFFCB7
FFFFF81A
00000716
0000041D
FFFFFC91
FFFFF462
00000095
FFFFFBA7
FFFFFE53
FFFFFCE7
0000009E
FFFFF470
000004C3
FFFFFDF1
00000379
000003A0
FFFFF369
0000016D
00000681
FFFFFE91
FFFFF4F4
00000168
FFFFFACA
FFFFF430
FFFFFA28
FFFFFD25
FFFFFBD9
000000CB
000001A3
FFFFFCF5
FFFFFC12
FFFFFC97
00000278
00000A90
FFFFFC9E
FFFFFA3E
FFFFF511
FFFFF6DF
FFFFFF49
FFFFFC19
FFFFFB6B
FFFFF733
000006CB
FFFFF7FE
FFFFFF54
FFFFFED9
00000A73
0000083E
00000991
FFFFF3E6
FFFFFD55
0000076C
00000865
FFFFF5E1
00000426
00000937
FFFFF679
000001AF
FFFFFBD1
FFFFFBE9
FFFFF6A5
FFFFF481
FFFFFEC9
0000005F
000000BB
00000DA6
000000AC
FFFFFE3D
FFFFFD90
00000D62
00000349
000007B3
00000874
00000DF5
00000BA5
FFFFFE91
0000095F
00000447
000005C2
000008A7
FFFFF8FD
FFFFFE8F
00000518
00000350
00000529
000001BD
FFFFF68A
FFFFFF12
000006FB
FFFFFC79
FFFFF6E0
000007AE
FFFFFE7E
FFFFFF6E
FFFFFD36
FFFFFB2F
FFFFFF2B
00000E13
00000012
0000025B
00000577
000002B9
FFFFF965
00000319
00000A9A
0000122A
FFFFFE20
FFFFF9A8
FFFFF2F0
FFFFF3D4
FFFFF9A0
0000060C
0000036D
FFFFF273
FFFFFC93
0000021B
FFFFF515
00000287
FFFFF88A
FFFFF889
000002FB
FFFFF5D4
FFFFEFA3
FFFFFB49
FFFFFB81
00000497
000003D4
FFFFF84A
0000040C
FFFFFFFC
FFFFF90D
00000B9B
FFFFFC8A
00001114
FFFFFC4D
00000878
FFFFF58F
FFFFFD6B
FFFFF294
0000045A
FFFFFB8E
000001E8
000007C9
0000060F
0000004F
FFFFF995
FFFFFE8F
FFFFF662
00000338
00000913
00000DDA
00000627
FFFFFA2F
FFFFFDB5
FFFFF66C
FFFFF48F
FFFFF976
FFFFFA2C
FFFFFA49
0000011E
FFFFEFBF
FFFFF557
FFFFF24C
000001A6
00000879
00000166
0000056F
FFFFFC7E
00000415
00000995
0000025A
000007D8
000000D2
000003A7
00000A14
FFFFF528
FFFFFDF2
FFFFF5EA
00000142
00000696
FFFFF84A
00000E40
00000383
000000F1
0000052E
FFFFFCC7
00000161
FFFFFF19
FFFFFB1A
FFFFFF30
00000ADE
00000854
00000E6C
00000628
FFFFFE7D
FFFFF7AB
FFFFF605
FFFFF7F3
00000A33
00000A1A
FFFFFA5C
000008E4
000002C1
FFFFF7A1
00000A7B
0000066B
FFFFF805
0000083D
FFFFF61C
0000073C
0000073E
FFFFFD3D
00000487
FFFFF6B3
FFFFF4DE
0000002E
00000A39
FFFFFBBF
00000713
FFFFFF67
FFFFFE57
FFFFF864
FFFFF2AC
FFFFFA78
00000077
00000556
000004BE
FFFFFDDE
00000500
0000053D
FFFFFE63
00000FB3
0000093E
000001C0
000008D1
00000C29
0000089D
0000077F
00000453
00000612
00000123
00000BC0
FFFFF67F
00000A10
FFFFFDE7
0000003D
FFFFF8AD
FFFFF7D2
FFFFFD09
FFFFFC4A
FFFFF808
0000025C
000003F9
FFFFFCFC
FFFFFC7F
FFFFFD69
000005CF
FFFFF975
FFFFF17A
FFFFF67E
FFFFF9FD
FFFFFD2C
FFFFF822
00000840
0000001E
FFFFF9CD
00000507
FFFFFF4D
FFFFF5DF
FFFFFBB4
FFFFFB22
0000034C
0000024A
0000057C
FFFFF734
FFFFF295
FFFFFB21
00000436
FFFFF9A1
000001BF
FFFFF798
FFFFF40B
FFFFEEE3
FFFFFE47
FFFFFE4D
FFFFFE65
00000708
000008ED
FFFFF698
0000048D
0000062B
FFFFFC94
000002F8
00000D8D
FFFFFBCF
00000214
00000AE3
FFFFFC6C
000000BC
FFFFFAD5
000008AD
FFFFF35F
00000639
0000063E
000005BB
FFFFF49E
0000022A
0000059A
00000810
FFFFFB6C
FFFFFDB2
FFFFF3A7
00000443
FFFFFDFB
FFFFFBAA
FFFFFC8A
FFFFFCEC
FFFFFD0D
0000072B
FFFFFA03
FFFFF7CC
FFFFF599
FFFFFF21
FFFFFD8B
0000064F
FFFFF4E2
FFFFF4AC
FFFFFA0E
00000495
FFFFF6AA
FFFFF82D
FFFFF8CE
FFFFFC29
0000047F
FFFFF48D
FFFFFA30
FFFFFA0F
00000067
FFFFF730
FFFFFC8F
FFFFFB7F
FFFFFD61
FFFFFED4
FFFFFCF6
00000732
FFFFFFCD
FFFFFC0C
FFFFFEE3
FFFFF5CA
FFFFFE32
00000940
FFFFF8CC
00000680
0000031C
FFFFF6CA
FFFFF4A7
FFFFFAD5
FFFFFCAC
0000045B
FFFFFB14
000000B5
00000796
FFFFF7A1
0000096A
00000032
FFFFF73F
FFFFFEA1
FFFFFCFA
FFFFFAA7
FFFFFFEE
FFFFFFA3
FFFFFED2
00000777
FFFFF9C4
00000906
FFFFFB07
FFFFFFCE
FFFFFAE3
000006DF
FFFFF796
FFFFFFCA
00000873
FFFFFD4C
0000020B
FFFFFFEF
FFFFFD6F
FFFFFDD4
FFFFFCEB
FFFFFB50
FFFFEE79
FFFFF269
FFFFF728
00000570
00000584
FFFFF191
FFFFFE3A
000003F9
FFFFFB4E
FFFFF993
FFFFFF06
FFFFFBF1
FFFFFC74
0000057F
FFFFFBF9
0000082D
FFFFFD4F
FFFFF7BA
FFFFFD63
FFFFF8EA
FFFFF93A
FFFFFA0F
0000007F
FFFFF25F
FFFFFA4C
FFFFFDA1
FFFFFAA1
000002FF
00000A88
FFFFFD8E
FFFFFE2F
000001E9
FFFFF602
FFFFF8D9
00000A16
FFFFF865
00000686
000010F4
FFFFFD25
FFFFF325
FFFFFE2C
00000399
FFFFF4FE
FFFFFAC4
00000042
FFFFF474
FFFFFE06
FFFFFE1B
FFFFFC07
FFFFF4D8
FFFFF970
000005D8
FFFFEEB0
FFFFFA0F
00000285
0000028E
FFFFF90C
00000065
FFFFF233
FFFFF534
00000706
000006B3
FFFFF8E1
FFFFF63E
FFFFF510
FFFFF577
00000093
FFFFFB1B
000008C8
FFFFF8FD
FFFFFD89
00000053
00000872
000003B2
000009DA
FFFFF326
FFFFF041
FFFFFB9A
FFFFF930
FFFFFEDC
00000080
000006B7
FFFFFAE8
00000C27
FFFFF6E8
0000032F
0000061A
FFFFFD67
FFFFF9ED
FFFFFC6A
FFFFFCC2
FFFFFB9B
FFFFFCCA
FFFFFD8B
FFFFF62C
FFFFFAB0
FFFFF841
FFFFF267
FFFFF3C1
FFFFFA9B
0000048B
FFFFFC71
000006AE
00000BEE
FFFFFCCA
00000036
00000CBA
0000049F
FFFFF74E
FFFFF5EF
FFFFF684
00000724
00001060
FFFFFA52
FFFFFF66
000006F6
FFFFF94C
FFFFFE9B
FFFFFE96
00000555
FFFFFBC0
FFFFFB54
000002EB
FFFFFE85
FFFFF203
0000088E
FFFFFDF2
00000300
FFFFFF03
00000615
00000CC3
00000F59
000005B4
FFFFFD93
FFFFFBA9
000006AC
FFFFFBE5
000005B5
000001CB
FFFFF80C
FFFFF839
000007A3
FFFFF558
FFFFF7E9
FFFFFF86
000004BF
FFFFF90F
FFFFF680
00000046
000000C8
0000095B
FFFFFE76
0000060A
FFFFF78C
0000016E
FFFFF9BE
FFFFFBAD
00001018
00000074
00000379
000004E2
FFFFF68F
FFFFF92A
000001B4
FFFFF7AC
0000032A
00000D26
FFFFF6BC
0000097E
FFFFF5D2
FFFFFB9D
FFFFF7AB
FFFFF48C
FFFFFA83
000002FB
000005A3
FFFFF6FC
FFFFF799
000000F0
00000596
00000072
00000944
FFFFFF8F
FFFFF9A6
00000B33
0000015E
000004CF
000008DE
000002C1
FFFFF424
FFFFF780
0000008E
FFFFEA9B
FFFFF351
FFFFFEC8
FFFFEDDA
FFFFFA08
FFFFF75E
00000D1C
FFFFF63A
00000D13
000007B7
00000B57
000004D0
000001D1
FFFFFBCE
FFFFFED6
FFFFF8E7
00000686
FFFFF7D6
FFFFF101
FFFFF859
FFFFEFA7
0000037E
FFFFF9F0
FFFFF4F7
00000325
FFFFF7B4
FFFFFA89
000005AA
0000020F
FFFFFF4F
00000949
FFFFF777
FFFFF6EC
00000709
FFFFF722
FFFFFDD0
FFFFF65D
FFFFF998
FFFFFD80
00000022
FFFFFA81
FFFFF3B9
00000364
00000951
FFFFFB3F
FFFFF42B
FFFFFDF6
FFFFF59F
00000D55
000007A8
FFFFFD64
00000490
0000079E
000000A4
0000024D
FFFFF6AF
FFFFFDB6
000001CF
000004FC
0000070F
000007DA
FFFFF724
00000F44
FFFFF7CD
00000A5D
0000103B
FFFFFAB7
000006A3
FFFFFE9F
FFFFF25D
FFFFF4A5
FFFFF03B
FFFFF509
000004F5
FFFFFC61
FFFFF55B
00000479
FFFFFF8F
FFFFF1CA
00000126
FFFFFB06
FFFFFEFD
000000CC
FFFFF0AD
FFFFFD05
00000892
FFFFF968
FFFFFC87
00000582
FFFFFA02
00000562
000008FB
FFFFFFE9
FFFFF83E
FFFFFEAB
0000021D
00000D2A
00000B4F
00000317
00000BA1
00000A68
00000B8B
FFFFFF29
FFFFFB73
000003A8
000007FF
FFFFF7BF
000003B5
00000B42
FFFFFE0C
FFFFF7B0
0000019D
00000510
00000963
00000163
000010FC
FFFFF920
0000070E
FFFFF8C9
FFFFF9D2
0000028A
00000457
000002F6
FFFFFDA1
000009B3
FFFFF4D2
00000B1C
FFFFF2FA
0000122D
00000A68
000008E1
FFFFF380
000001FE
000004B1
00000CEE
FFFFFE0D
FFFFFF95
FFFFF9D8
00000517
000000B6
00000279
000006CE
FFFFFE33
000000F8
00000154
0000076A
FFFFFF75
0000044F
000005C6
FFFFFDB4
FFFFFD02
FFFFEA12
FFFFFC06
FFFFFE43
00000938
FFFFFC71
0000032A
FFFFFBAD
00000018
00000E92
00000FE1
000000A5
00000809
00000071
0000091D
000006FE
00000269
000006CA
0000036E
FFFFFA8F
00000BB6
FFFFF9FC
FFFFFE73
000009BC
0000060C
000006CA
00000244
00001031
FFFFF329
00000111
00000D50
000001C3
00000020
000008F3
FFFFF53C
00000A38
0000046B
FFFFF22F
000002E4
0000013C
00000340
00000BA2
FFFFFC6A
FFFFF7B3
000001C6
00000008
FFFFF198
0000065D
000002CA
FFFFF2EB
000008EC
FFFFFE32
FFFFF9E9
00000790
000000A6
FFFFFE79
FFFFFE5D
FFFFF32A
FFFFF02D
FFFFF935
FFFFF7CF
FFFFFEC7
FFFFF76B
FFFFF0A3
00000B64
000007B2
000005EC
FFFFFED7
FFFFFF95
FFFFF55D
00000B98
00000088
000004FE
FFFFF842
FFFFFAB9
000006EB
FFFFF6FD
FFFFF79C
FFFFF982
00000011
FFFFFDED
FFFFF559
00000205
00000530
FFFFFF72
FFFFFB41
00000442
FFFFF9ED
00000519
00000593
FFFFF684
FFFFEF8C
FFFFFB12
00000A27
000006B7
00000568
00000577
FFFFF811
FFFFFBCC
00000175
FFFFFE04
000014C8
FFFFFC4E
000003E3
000006B2
000006D0
FFFFFD85
00000552
00000827
FFFFF8E0
FFFFFF1E
FFFFFC41
FFFFFC76
000005C9
FFFFFA9C
0000022F
FFFFF0BF
0000046D
FFFFF883
00000769
FFFFFDE7
FFFFFC99
0000076A
00000488
FFFFFF62
000003DC
00000D8A
FFFFF8AE
00000486
00000286
00000036
00000A54
000008D7
00000332
FFFFFD5D
00000737
FFFFFA7D
FFFFF7EE
00000609
000006AD
00000571
FFFFF378
000001BB
FFFFF032
0000068F
000005D5
FFFFFBB5
FFFFF49B
00000771
FFFFF5B0
FFFFF6E1
00000E6F
FFFFF96E
00000939
FFFFFA92
000001F0
FFFFF88E
00000FA4
000007A0
00000811
FFFFF613
000006EF
00000E83
000006C8
0000027C
00000389
000002E1
FFFFF67D
00000988
000012AF
00000EC3
FFFFFF80
FFFFF980
00000718
FFFFFD40
FFFFF35C
FFFFF511
000002E6
FFFFF734
FFFFFD24
000005FC
FFFFFFDE
FFFFFB78
FFFFFE60
FFFFFAE3
00000AEB
000008AC
FFFFF851
FFFFFD1B
FFFFFF64
00000C96
FFFFF7D7
000004CB
00000721
FFFFF677
FFFFFB32
FFFFF63F
000003A8
000009D3
FFFFF625
FFFFF420
00000088
FFFFFB21
000000B9
00000740
FFFFFB21
000001F1
0000058D
00000AEB
FFFFFE6E
000003D4
FFFFF5D5
FFFFFF3C
000001AB
000002B8
FFFFF8D9
FFFFF867
FFFFFBE9
FFFFF354
000006EF
FFFFEEA9
FFFFF730
0000027B
FFFFF06E
FFFFFAC3
FFFFFB27
FFFFF721
FFFFF47C
00000439
FFFFFF74
0000087E
00000B31
00000526
FFFFFE57
FFFFF6C3
FFFFF4CC
00000DFA
00000EEF
00001277
000002E6
00000133
000007D3
00000910
FFFFFFDB
FFFFFA09
00000156
FFFFF596
FFFFFA94
FFFFFB59
FFFFFF8A
00001127
FFFFFF99
FFFFFDF9
00000369
FFFFFE37
00000268
FFFFFFAC
FFFFF2A8
FFFFF3A0
00000A0D
FFFFF075
000004AE
FFFFF9D6
000004CE
FFFFFCBF
FFFFF53D
00000026
FFFFFFFB
FFFFF535
00000E24
FFFFF25F
0000017E
FFFFFB77
FFFFF800
00000852
FFFFFBE3
00000676
00000983
00000696
FFFFF6F6
FFFFFED5
000005C5
00000D78
FFFFFC4B
00000174
FFFFFA1D
FFFFFF80
0000021E
FFFFFAF4
FFFFFBE0
FFFFF968
00000189
00000CF6
000009C1
00000279
FFFFF9FD
000008F3
FFFFFCE4
00000371
000004C0
FFFFF114
FFFFFEA4
FFFFF8D0
00000524
FFFFFC1F
FFFFFAE9
00001029
000011CD
FFFFFCCF
FFFFFE7B
FFFFFB49
FFFFF879
00001149
00000111
FFFFF95B
00000F01
0000092C
0000005D
00000F09
FFFFFC24
00000916
FFFFFCAE
000005FF
000004EE
000011CC
00000B82
FFFFFBB6
FFFFFC52
00000160
000007F2
FFFFFCA4
0000065B
FFFFFAE2
000000E8
FFFFFD33
00000655
0000070F
FFFFF2AD
00000111
FFFFFF74
FFFFFBA8
000000D0
FFFFF786
FFFFF8D5
FFFFFDF3
00000C31
FFFFFE1A
FFFFF81E
00000923
FFFFF907
FFFFFF7F
0000098A
FFFFFE6D
00000080
00000709
00000758
000003E3
0000024E
00000C11
000007A6
0000047C
FFFFFA99
0000024F
0000020D
FFFFFE5C
FFFFFBDA
FFFFFEA8
FFFFF6EB
FFFFFB41
0000072E
0000093D
00000121
000007E6
000007D5
FFFFFF54
FFFFF858
000009AF
00000C6F
00000EC3
00000F1D
0000100B
FFFFFF5D
00000AB9
00000DEC
00000264
00001166
0000063B
000002FF
0000072E
0000065E
FFFFFF27
FFFFFD2A
0000009E
0000007B
00000CE6
00000903
000007CE
00000EA0
FFFFF92C
00000684
FFFFFB38
FFFFF5F8
0000008B
FFFFFDD1
0000001F
000009FD
00000369
0000068E
00000B20
FFFFFE93
000000F8
0000088B
FFFFF8E7
000000B7
0000037A
FFFFF69D
0000074B
FFFFF6AB
FFFFFB0B
00000564
000001BE
FFFFF334
FFFFF56C
000014F0
0000046F
0000086F
FFFFFEE4
00000371
0000047D
000005F4
00000B1D
00000DBA
FFFFF66F
0000069A
00000487
00000AA2
000003ED
FFFFFEC9
FFFFFE9D
FFFFF63A
FFFFFFF3
00000225
FFFFFFAE
00000362
FFFFFC79
0000024C
00000E6C
000007A5
00000401
000006D5
FFFFF58D
FFFFF538
FFFFFAA5
FFFFFC47
00000974
00000156
FFFFFBE9
FFFFFF62
00000730
00000C9F
FFFFFEDC
0000056E
00000031
0000080D
00000392
00000B03
000002A6
00000650
0000055E
000005C0
00000248
000000C5
00000215
0000089F
000005C7
FFFFF6BD
FFFFFDA0
000000E9
FFFFF5FB
000007AC
000003A9
000005BF
00000200
FFFFFC36
FFFFFCE0
0000076C
0000028F
FFFFFB66
FFFFF999
000003F1
FFFFF5AE
00000126
0000023A
FFFFFE02
FFFFFF96
000004D3
FFFFF7A8
00000736
FFFFFC5A
FFFFFC88
FFFFF73D
FFFFF5E2
FFFFFD4E
FFFFFEB2
FFFFFE1B
FFFFFE0A
0000010A
FFFFFA88
000005A6
00000A0A
00000677
FFFFFC33
000003CA
FFFFFE72
00000716
000004AD
FFFFFDE1
00000372
FFFFFB3A
FFFFFE4E
00000637
FFFFFD88
FFFFF4F0
FFFFF97E
FFFFF86A
FFFFF63A
000001F8
FFFFF822
0000045A
00000268
00000396
00000733
FFFFFC1B
000003DC
FFFFFC93
FFFFFF08
0000045B
00000A78
0000000B
FFFFFCB0
00000960
0000020A
00000821
FFFFF424
FFFFF6BD
FFFFFC2C
00000AFB
00000169
FFFFFCA9
000008BB
0000002C
00000059
FFFFFF02
000000B7
FFFFFF63
FFFFF922
000004AD
00000166
00000769
FFFFFBE6
FFFFFBC4
00000172
00000358
FFFFF9AF
FFFFFBBC
FFFFFB80
0000000D
FFFFF7D2
FFFFF260
00000727
FFFFF684
FFFFF943
FFFFFC0F
000005A9
FFFFF0FB
0000030F
FFFFFF68
000003A9
00000A95
00000CBB
FFFFF833
FFFFF591
FFFFF305
FFFFFA42
FFFFFE87
0000038D
000004A0
FFFFFCC7
0000011A
FFFFFC6A
00000B20
000006F2
00000405
00000806
00000A45
00001016
FFFFF963
0000046C
00000EEF
FFFFFDEE
FFFFFB72
0000031F
0000021D
FFFFF36B
0000050E
FFFFF82E
FFFFFC86
FFFFFBF1
FFFFFC35
FFFFF653
00000167
FFFFFD92
000006D1
0000061A
0000048D
0000019B
FFFFF641
FFFFFA97
0000011B
FFFFF6E1
00000013
00000436
000001E5
0000078F
0000028A
00000953
FFFFFCC0
000008E4
000003DA
00000F73
FFFFFFF7
000005FB
0000046F
00000185
FFFFFDD8
FFFFFBED
0000016E
00000971
000000E1
FFFFFDA4
00000572
FFFFFE32
00000B46
FFFFF4FA
FFFFFE74
000004B7
FFFFFB46
FFFFF6F4
00000894
FFFFFF63
000006C1
000008CB
00000AF7
00000142
FFFFFE78
FFFFFB23
FFFFFFDF
FFFFF75B
FFFFF9F0
FFFFF765
FFFFFA51
FFFFF44B
00000052
FFFFF933
FFFFF609
FFFFF0EE
000002CD
00000A0D
FFFFFD5B
FFFFF931
00000C6B
FFFFFE26
0000072B
000001A3
000001B3
FFFFFE5E
0000035A
FFFFF70D
FFFFFE15
FFFFFD6D
FFFFFA74
00000342
FFFFFB4B
000005F3
00000090
00000381
0000017F
FFFFFFA9
FFFFFC9E
00000567
00001181
000002AF
FFFFFFC1
0000013F
000006CC
0000004E
00000176
00000118
000006BC
00000A7F
00000985
0000055B
000005F5
000008EB
FFFFF615
000000E1
00000A91
FFFFF8FD
FFFFFE4F
0000089C
FFFFFC98
FFFFF6BA
FFFFFABC
0000055C
0000043E
000002BB
FFFFFF2E
000001B3
FFFFF899
0000016F
FFFFFCD8
FFFFF655
00000820
00000627
FFFFFB00
FFFFFFDF
FFFFFB60
FFFFF43E
FFFFF98F
000002D8
00000304
00000422
FFFFFA0A
0000077B
0000015C
000003F3
FFFFF97B
0000008E
00000049
FFFFF8DE
FFFFFF91
FFFFF569
FFFFF6A2
FFFFF22F
FFFFFC0B
FFFFFADB
FFFFF2A8
00000241
00000351
000002D9
00000C7C
00000261
00000676
FFFFFE29
FFFFFEAB
00000684
FFFFFD83
FFFFFAF0
00000B0A
0000016C
000001F4
FFFFFB82
FFFFFB89
FFFFFF96
000001EF
00000BE9
00000A63
FFFFFDF9
FFFFF9E9
FFFFFBC1
00000DC2
00000B26
FFFFFF5E
00000794
0000099A
0000088B
FFFFFDD1
FFFFF728
FFFFF8CC
FFFFFFD3
0000010D
00000687
000000B5
000011E1
00000462
FFFFFC2D
000005AD
00000C91
000009F6
00000C73
00000413
FFFFFE9D
00000025
FFFFFB7A
FFFFFC71
FFFFFCA9
000000E8
00000669
FFFFF691
0000078E
000006B6
0000068C
FFFFF9F5
FFFFFAE4
0000001B
00000060
00000506
000000DA
00000898
00000B23
FFFFF0E9
FFFFF2CB
00000ABC
0000057D
FFFFF648
FFFFEDF7
FFFFF5B0
FFFFF252
000001AD
0000096D
0000046A
FFFFFB4E
FFFFEF72
FFFFF8A0
FFFFFA66
00000392
FFFFF58A
FFFFFF0B
00000D2D
000002D3
00000A64
FFFFFC3C
FFFFF5CB
FFFFFECC
00000735
FFFFF6EE
00000155
000005E1
FFFFFDE9
FFFFFBC6
00000E95
FFFFF8E3
000006ED
FFFFFACC
000002E7
00000665
00000AF9
00000245
000001AF
00000A22
0000020C
0000083C
00000A3B
000001DE
00000C0E
00000602
FFFFFC74
0000004A
FFFFFCAB
0000004C
000003F8
FFFFFD71
FFFFF9A6
FFFFFB54
FFFFF92B
000006F1
00000417
FFFFFCEF
0000051D
0000099C
000003AB
FFFFF865
000008AD
00000B01
00000229
0000021C
FFFFF9A7
000003A6
00000644
000005C9
000004B4
000000AE
00000289
00000101
FFFFFFE0
FFFFFB74
FFFFFCDC
00000126
FFFFF8AE
000003D7
FFFFF59F
00000025
000004C5
00000C5D
000002A5
000000B8
00000154
FFFFFCD2
FFFFF9D0
FFFFFDDF
FFFFFB19
00000449
00000042
FFFFFD04
00000280
FFFFF4CB
00000B17
FFFFFF43
FFFFF11D
000006FA
00000638
FFFFF93C
000004D1
FFFFFE84
0000009E
FFFFFB2F
000006E0
FFFFF6F9
000007BF
FFFFEEEC
0000061F
FFFFF56A
FFFFF2E3
000001CB
00000E5A
000010A2
00000F4F
00000229
FFFFF4A7
FFFFFD88
00000D84
00000B38
FFFFF55F
FFFFFA1D
0000146E
FFFFF883
000016B5
000001EB
00000A48
0000001A
00000BDD
FFFFFD65
FFFFFBF9
000001EC
FFFFF22A
00000A50
FFFFF2DE
FFFFF137
00000079
000006E2
00000C09
00001061
00000CDF
000007A4
0000021E
00001E81
0000058A
0000032D
00000AAD
FFFFF0A9
0000086E
00000320
0000037D
FFFFF372
000003E7
FFFFF42C
FFFFEF77
0000004A
FFFFFD45
FFFFF74A
000004A2
FFFFEB54
FFFFF4AD
0000065E
FFFFEE45
00000579
FFFFF691
000007C7
FFFFF384
000004C7
FFFFFB11
00000869
000002D9
FFFFF96C
000002D9
00000050
FFFFF1E4
00000ED7
FFFFF2DD
FFFFEBCF
00000052
00000124
000002EF
FFFFFAF9
FFFFFE6A
00001680
00000500
FFFFF6DE
FFFFFF15
00000BDF
FFFFFFEB
000006A6
FFFFFC67
FFFFF7E4
FFFFF3B1
000006D6
00000E08
FFFFFD5A
000003BC
FFFFF0DD
FFFFF926
0000136A
000003BC
000003C2
00000A32
FFFFEE35
FFFFF137
FFFFFA24
0000051C
FFFFEF74
00000D83
FFFFFEAA
FFFFF430
0000104E
00000680
000011E3
FFFFF853
FFFFF8FE
FFFFF9B3
0000086A
000001A4
000003DF
00000562
00000AA4
00000385
FFFFFEED
FFFFFD5B
FFFFFE08
000006CE
FFFFFFDE
000002E4
00000609
FFFFFB6F
0000046E
FFFFFEAD
0000061C
FFFFF68C
0000048C
00000E81
00000558
00000CFA
000002B1
00000904
FFFFFBF6
FFFFF9E9
FFFFE82A
FFFFF133
FFFFF705
FFFFF1BC
00000697
00000396
FFFFF2CD
FFFFFECD
FFFFFD6E
FFFFF63A
0000097E
FFFFFF44
FFFFF97C
FFFFF9AF
FFFFEBA2
FFFFFEED
FFFFF7F1
FFFFFD72
FFFFF94D
FFFFFC83
FFFFE89E
FFFFE8E7
00000295
000008F7
000008D8
00000202
0000077C
FFFFF4E5
FFFFF697
FFFFFF37
00000033
0000015F
0000007A
000008E1
00000BEF
FFFFFE35
FFFFF699
FFFFF389
00000486
FFFFF068
FFFFF987
FFFFFAC9
00000B72
FFFFF55B
FFFFF372
FFFFEEEE
FFFFE83B
FFFFFC5B
FFFFF2AF
000002AD
FFFFF5CC
FFFFEC3B
FFFFF3D1
00000642
00000908
FFFFFEEB
00000DA5
FFFFFDB6
00001181
FFFFFA39
FFFFFF08
FFFFEC43
00000276
FFFFFD43
FFFFEE6C
FFFFF7E5
FFFFF0C2
FFFFF877
FFFFF896
0000056E
FFFFF4E9
FFFFF59F
00000A13
FFFFF60D
0000161D
00000A34
FFFFFE3F
FFFFF1CB
00000438
00000399
FFFFFDAA
000003ED
000018CC
00000EEC
00000F45
0000125A
00001A48
00000C7B
FFFFEA07
FFFFF89C
FFFFF1C7
000013FA
FFFFF962
FFFFFE5A
FFFFFCE6
FFFFEDFB
000012DA
000020A5
00001F08
0000055C
0000029D
FFFFFCC9
00000ED5
0000025A
000006EB
000006DA
FFFFF432
FFFFF5BA
FFFFFCC5
FFFFEF17
FFFFF082
0000081D
FFFFFA4A
FFFFFD1F
FFFFF941
00000E45
FFFFF855
FFFFEFBC
FFFFF8CE
00000868
FFFFEB5C
0000018F
FFFFF9AA
FFFFFA2C
FFFFFDFB
FFFFFC31
FFFFECB1
00000ED0
000003C7
000001E3
FFFFF79C
00000903
FFFFED0A
FFFFE7FC
FFFFED55
FFFFF93C
FFFFF6A6
FFFFF72E
FFFFFD94
0000089C
00000F9B
FFFFFCDC
FFFFF552
000008C5
00000265
FFFFFEA4
00000207
FFFFFEE7
000012A9
00000C9E
000013FF
FFFFFAA1
FFFFF6A3
FFFFF78B
00000059
00000798
FFFFFBB3
000016C4
00001339
00000813
00000C54
FFFFF8DF
00000CD6
000000B6
FFFFFEB3
FFFFFD8C
000003F1
FFFFFE72
FFFFF74B
FFFFF728
000000A7
FFFFF0B7
FFFFFDEE
FFFFFF48
FFFFED3E
FFFFF378
000000BE
00000432
00000A54
00000C93
FFFFF78F
FFFFFA17
000001F5
000008B3
00000276
FFFFFD0A
FFFFF647
FFFFFB1E
FFFFF809
00000BFB
00000518
FFFFF725
FFFFFA51
00000250
0000041B
00000D91
FFFFF6D3
000005ED
FFFFFDC2
000001E2
FFFFF507
000005AC
000004D0
FFFFF79D
0000109E
FFFFEFE9
FFFFECCD
000001A7
FFFFF541
FFFFE34F
FFFFF650
FFFFFA6E
FFFFFA15
FFFFFE2A
00000CEF
00000A02
FFFFF9A3
00000B9F
00000A77
FFFFF47B
00000DD5
000010FF
00001660
000003A5
0000011B
FFFFEB0F
FFFFFF88
00000A31
000000F2
FFFFFAEE
FFFFF80A
FFFFF81B
000008CC
000007FC
00000CEA
FFFFFA47
FFFFF4A6
FFFFFD00
FFFFECAD
FFFFF38E
FFFFF49A
00000770
FFFFFFC3
000009C0
FFFFF7A6
FFFFFC77
00000488
FFFFFCB3
FFFFFAF3
000008A3
FFFFF809
FFFFF420
FFFFF904
FFFFF473
FFFFF17E
FFFFFF24
FFFFF399
FFFFFA6B
000010D7
FFFFF19F
FFFFEE5E
FFFFEA1A
000004F0
00000193
00000B5E
FFFFED10
FFFFFA36
FFFFF122
00001600
FFFFFBB6
000001A5
000009FE
0000019A
000002B9
00001A9A
00000A55
00000F3C
FFFFFF71
00001113
0000121E
0000041F
FFFFF697
FFFFFC43
0000118A
000007C7
00000275
00000C4E
0000120C
000001C9
FFFFFBA0
00000328
00000CA3
000015E8
FFFFFEAA
00000B52
FFFFF7CE
FFFFF640
FFFFF8AC
FFFFF4C1
FFFFFA9E
FFFFF7AA
FFFFFCEA
FFFFF728
00000969
0000076B
FFFFF32C
FFFFFE3B
FFFFF545
FFFFFDDB
00000FE8
0000156E
FFFFFF71
00000F37
FFFFF87F
FFFFEDF3
00000294
FFFFF698
FFFFF930
FFFFF875
00000999
00000900
FFFFFDDA
FFFFFE7F
FFFFFE65
FFFFFC76
00000217
00000E53
FFFFF61C
0000146B
00000DD8
0000032B
0000173A
FFFFFE0B
0000090D
FFFFF1B9
FFFFF2D8
FFFFF12F
FFFFF130
00000CD6
000017E9
00000237
FFFFF3A2
FFFFF384
00000ABC
000013E7
00000738
0000065E
00000B0E
FFFFF7E6
000015AA
FFFFF839
FFFFF8D4
00001010
0000128C
000001A6
00000744
0000089D
000014DC
FFFFF6CD
FFFFF8DB
FFFFFAD2
FFFFEF32
FFFFFF8C
FFFFEFE3
FFFFF5F9
0000076D
FFFFF78D
00000AA8
FFFFFE9B
00000ED0
0000004B
FFFFFCA4
00000D03
FFFFFD00
FFFFF9C4
00000964
00000218
FFFFFBCF
00000644
000000BA
00000134
00000F7B
00000518
00000C87
000000EE
FFFFF0D4
FFFFE9A1
FFFFF5D3
FFFFF493
FFFFE37F
00000008
FFFFFCE8
FFFFFA39
FFFFFFFA
FFFFEE85
FFFFFD09
FFFFEC34
00000103
FFFFF481
0000042B
FFFFFEC1
0000077A
FFFFF4A4
FFFFF563
FFFFF855
FFFFF143
FFFFF60D
FFFFF89C
FFFFF6B6
00000356
FFFFF278
FFFFF839
0000107D
FFFFFB2C
000002FA
0000010D
FFFFEFC5
FFFFF0E2
00000C89
FFFFFAD5
00000D87
00000BF3
000001D6
00000FE8
00001D7E
FFFFF953
00001592
000017DB
00000F76
FFFFFF7D
FFFFF9C0
0000045D
FFFFF83D
000004FD
FFFFFACF
FFFFF32F
FFFFF9D2
FFFFFE36
FFFFFAA4
000006C2
00000CAD
00000FE4
FFFFFC9D
00000202
FFFFF72F
0000028E
FFFFFDDB
00000446
00000077
FFFFFB29
000005AC
000013C6
00000587
FFFFFCD5
0000029E
00001597
00000560
00000295
FFFFFF4C
00000118
FFFFF8E2
000001AE
000006F2
00001979
FFFFF6A3
0000097D
00000D02
FFFFED31
FFFFF435
00000879
000006B2
FFFFF187
FFFFF657
FFFFFD16
000007EC
00000AC8
FFFFFC4F
FFFFFAD2
0000096C
FFFFF834
000005E9
00000780
FFFFFC0A
FFFFFFC0
00000CB8
000002F5
FFFFFA9C
FFFFF564
00000CFE
FFFFFE6C
00000EB3
000000ED
000005FC
FFFFFC84
00000441
FFFFF508
FFFFF4A0
FFFFFB76
FFFFF9A8
000005B3
FFFFEC0D
FFFFF6EF
FFFFFA44
00000185
FFFFE8BB
FFFFF6FD
00001288
0000088E
00000358
FFFFFFFA
00000312
000006C2
000018A1
000002E2
FFFFE633
00000EBD
FFFFFEE8
FFFFF78C
FFFFFF70
FFFFF827
FFFFF983
00000118
FFFFEEDB
000008F8
000003A7
FFFFF294
FFFFF73F
0000086F
FFFFEC29
00001747
0000042F
00000CF8
FFFFF65E
00000DB1
FFFFF453
00001656
FFFFF07F
00000A34
FFFFF3B3
0000079D
FFFFECFB
FFFFEE52
FFFFF534
0000070F
00000B43
FFFFF7A0
FFFFFD71
000008C9
00000836
0000023F
00000341
00001612
000000A5
FFFFFCCE
00000133
00000FDD
FFFFE91A
00000071
FFFFF9A5
000000E0
00000444
FFFFF4A1
000002D3
FFFFE8CF
000000EC
FFFFFDDF
00001937
FFFFFA7E
FFFFE65A
000011F6
00000F35
FFFFFAE2
0000091B
FFFFF10D
FFFFF811
00001279
000005B5
00000CC8
FFFFF3D1
00000782
000001A5
00000F7B
FFFFF2B1
FFFFF63C
00000C61
00000B0E
FFFFF0DC
00001852
FFFFEFC3
FFFFFD61
00000265
0000040F
000006D1
0000043C
0000052A
000009FF
FFFFEE1C
FFFFFDB6
0000015D
000008BF
FFFFEDA1
FFFFE653
FFFFF05F
FFFFEF97
00000940
FFFFEAD4
FFFFEB5A
0000058D
000001BE
FFFFF133
FFFFF73B
FFFFFD1D
FFFFF8F8
FFFFF8BD
FFFFF2E5
000002BA
00000C42
FFFFF08B
FFFFFAA1
FFFFF342
FFFFFBA3
FFFFFE5A
FFFFFB44
FFFFFE87
FFFFF8E1
000013E5
000011CF
FFFFEB45
000011C8
0000063F
000003E8
000012CB
FFFFFD7C
00001129
000007DE
FFFFF886
FFFFF9F1
00000FE6
00000556
FFFFF0E6
0000009C
FFFFF13C
000003B6
FFFFF493
FFFFFE2D
FFFFFC2D
000006DE
FFFFFFF7
00000CF1
FFFFFAEF
FFFFFCFB
00000BAF
FFFFE751
00000A0F
FFFFF1DC
00000D96
FFFFF514
FFFFFA57
000011D4
0000041F
FFFFEDFF
00000132
00000B67
FFFFE789
00000ED0
00000F0E
00000A5D
FFFFF707
0000078D
000001BC
FFFFFFD0
00000644
FFFFF2FB
00001019
00000F8F
0000150B
FFFFF2CB
FFFFFC19
00000AF8
FFFFF943
FFFFFC93
0000186F
FFFFF832
FFFFF7F8
FFFFE4C0
00000279
00000261
FFFFE9C9
00000285
FFFFF12B
FFFFF45F
0000183F
0000076B
FFFFEBE5
000014FB
0000089B
FFFFEC4A
FFFFF06E
FFFFFCEA
FFFFEF81
00000DA4
0000069F
FFFFF4A6
000005D7
FFFFF71A
FFFFF7FD
00000213
FFFFF855
FFFFF71B
FFFFF3BE
FFFFF842
FFFFEE3A
FFFFF41F
FFFFF1F1
FFFFF646
00001116
FFFFF300
00000551
00001363
FFFFF8AF
00000D88
00001C26
00000AFA
FFFFFF92
FFFFFA31
00000FA5
FFFFFEFC
000002BD
FFFFEDE1
00000A17
00000560
FFFFEE78
FFFFFCB6
0000048A
FFFFF2EE
FFFFF783
FFFFFAD0
000004F5
FFFFFDB1
00000DD1
00000FB1
FFFFF2F3
0000013F
00000F3A
FFFFF0B9
00000AA3
00000F91
FFFFFB3A
0000136F
FFFFFCA2
00000E3E
0000163B
FFFFF6AF
FFFFFE18
FFFFF085
0000048F
00000C6A
0000108B
FFFFF1CD
FFFFF0A0
00001198
00000D8D
000002D4
00000705
FFFFFE1D
0000039F
FFFFFDEE
FFFFFC9F
FFFFEEB2
FFFFF8A3
000008F9
FFFFF40E
000003A9
FFFFF283
00000862
FFFFF2C5
FFFFFF18
FFFFE33A
FFFFFB04
FFFFFD33
FFFFF5F9
000012AB
000006AC
00000FB3
FFFFF7DB
000004D7
FFFFE75E
FFFFF811
00000F92
FFFFFB19
00001077
FFFFFBCB
FFFFEB11
0000001A
0000114F
FFFFFED4
00000116
00000474
FFFFFA80
00000587
000007BC
000006A2
FFFFE533
000000F0
FFFFE824
FFFFF51E
FFFFEB23
FFFFF7BB
00000613
0000184A
000027C1
FFFFF3E1
FFFFF2FB
FFFFFD1F
000012B5
00001CCE
00000B63
FFFFF315
0000012A
0000030B
00000759
00000294
FFFFEF67
FFFFF51F
000009AF
FFFFFD28
FFFFFC3B
FFFFF450
FFFFEF51
FFFFF8D4
00000147
00001479
FFFFF9E1
FFFFEDF1
00000C48
00000787
FFFFF243
FFFFFAEB
0000067E
FFFFFCAF
FFFFF356
000011C2
FFFFF9BB
00000DF5
00000721
0000012C
FFFFF7C6
00000746
FFFFFBBD
0000037D
00000C62
FFFFFE76
000009F1
FFFFF668
FFFFEE46
FFFFFE6D
00000085
FFFFF492
00000695
00000843
FFFFF76D
00000133
FFFFF85C
0000038F
FFFFFFE9
FFFFF303
0000083E
00000338
FFFFF87B
00000318
FFFFF3BE
000013AB
00000CD5
0000067B
0000068A
00001737
00000089
FFFFFB59
00000B62
FFFFFBB0
000000B2
00000B92
FFFFFDC6
00001140
FFFFF709
FFFFF195
00001AE8
00000576
FFFFFBA6
000003E3
00001A3D
FFFFFE98
00000B21
FFFFFCFC
0000018B
FFFFFEF1
00000B2D
00000A07
FFFFF462
FFFFE81C
FFFFFA09
00000491
FFFFFDFE
00000070
000005AD
FFFFFB87
FFFFFF9C
FFFFF471
FFFFF1C8
FFFFF9EA
00000FD3
00001723
00000B3F
FFFFFB55
FFFFF943
00000168
FFFFEF57
FFFFF2E4
00000351
0000097E
FFFFF547
00000526
00001183
00000B33
00000271
FFFFF411
00001312
FFFFF2DE
FFFFED84
00000FD6
0000037D
FFFFF29F
00000F1F
FFFFF2CB
00001FD9
000006E3
000009D4
00000C6F
000003E0
0000051B
00001E00
00000847
FFFFFEFA
00000A27
00000600
FFFFE216
00000074
000008CD
FFFFFCB6
FFFFEBEC
FFFFEBAC
0000007B
FFFFFDA2
FFFFF0BD
FFFFFCE5
00000EB6
00000F08
FFFFF517
00001575
000003D0
FFFFFCB0
000007F1
000009DA
000012A7
FFFFFC4C
00000ABC
FFFFFAC9
0000119D
00000A09
FFFFF91D
FFFFF4D3
000007FE
FFFFEC7A
FFFFF272
00000700
000001A2
00000D64
000003FF
FFFFF25C
FFFFF8A7
FFFFEA36
FFFFF6C6
FFFFF8FE
FFFFFAB1
FFFFF700
FFFFF88D
FFFFED1E
00000460
000012BF
FFFFF6B7
000011E9
FFFFF8E1
00000C98
00000D38
00000A14
FFFFFBFE
0000047D
FFFFFAB9
FFFFF60C
00000535
FFFFFF7A
FFFFFBCC
FFFFF80C
00000516
0000075F
FFFFF978
FFFFED06
FFFFFBAE
FFFFFA5A
FFFFF194
00000ABC
00000724
FFFFEF60
000002C4
000006F0
00000630
FFFFFA2E
000005B0
FFFFFC99
FFFFF890
00000478
00000045
00000CCE
000007AA
0000091E
FFFFFB26
FFFFF702
00000C42
FFFFFF8B
0000037F
00000764
000010DB
FFFFFE8E
00000663
FFFFF637
00000CCC
FFFFFCFE
FFFFFA60
FFFFF673
FFFFF54C
FFFFFC0F
FFFFF8B7
FFFFF92A
FFFFF5CA
FFFFF3A2
0000050B
FFFFF8DB
000003FA
FFFFFDF6
FFFFFF52
FFFFFCF5
000004E9
00001117
00000031
00000A77
00000AA1
FFFFFE03
00000D7B
FFFFFDA2
00000BD9
FFFFFD61
00000685
000000AE
000004E3
FFFFFACD
FFFFF552
000006D0
0000046E
00000B12
FFFFFE2C
00000C22
FFFFFBCB
FFFFFD03
FFFFF92B
FFFFFCB4
FFFFFFF8
00000273
0000013D
00000535
FFFFF8FB
00000474
00000063
0000016E
FFFFF7B0
FFFFF954
0000004B
FFFFF887
0000013D
0000097C
00000632
FFFFF071
00000475
FFFFFB38
FFFFF63C
FFFFFD9B
000005CA
00000347
FFFFF838
FFFFF8A9
000005DA
00000548
FFFFFAA0
FFFFFC79
FFFFF9F0
00000667
00000ACC
0000027B
FFFFF9A0
FFFFFC9D
00000691
00000C00
FFFFFE49
FFFFFD6D
FFFFF471
FFFFFD7D
000001C2
FFFFFEA3
FFFFFCD1
000009FA
0000004F
00000CFC
000004EB
FFFFFB50
00000D55
FFFFFDA4
FFFFFE1D
00000744
00000B5E
00000F17
00000AB2
000009E8
00000BD2
0000008B
0000033F
FFFFF99C
FFFFF690
FFFFFA2E
00000116
00000BF7
000003F4
000000DD
00000706
FFFFFB6A
FFFFF869
00000B70
00000F8D
00000970
FFFFFE00
FFFFF3DD
FFFFFB43
00000C2F
0000059A
00000241
FFFFFF8D
FFFFF433
FFFFFB59
00000400
00000822
FFFFEFF3
FFFFF559
FFFFED14
FFFFFAB5
FFFFF9B6
FFFFF6B2
00000540
000002FC
00000113
000007B1
000007C8
0000066A
FFFFF869
000000A8
00000677
FFFFF7BA
000009F5
FFFFF886
FFFFF9D5
FFFFFF4B
00000433
0000041B
000006CA
FFFFF563
FFFFEDA6
FFFFFCFB
FFFFF70B
00000123
FFFFF50D
00000A91
00000501
FFFFF83C
FFFFF323
FFFFF844
FFFFF9A2
FFFFFBE3
00000042
00000B6F
FFFFFF48
00000D81
FFFFFD25
FFFFF80C
FFFFF97D
FFFFFBAC
FFFFF1D1
FFFFFE80
00000309
000000C1
FFFFFE10
000009C5
FFFFFB7E
00000957
00000C0F
0000071B
000001C3
00000462
FFFFF93B
000000F5
FFFFF3A5
FFFFFDD0
00000956
00000554
FFFFF092
FFFFF662
00000A4A
FFFFFD50
FFFFFEE2
FFFFFC68
000009C5
FFFFFA77
0000002D
FFFFFB50
0000023F
FFFFFE56
FFFFFE9B
FFFFF69C
FFFFFD03
FFFFED36
00000263
000009FC
FFFFFD84
FFFFFD93
FFFFFF4E
000004FA
000000F1
FFFFF86A
000001F8
0000017A
FFFFFCCB
FFFFFF09
FFFFFFB2
00000984
FFFFFC91
000003C7
FFFFFBD6
0000049B
000009A7
00000C97
FFFFFCF5
FFFFF135
FFFFF78D
FFFFFA6E
FFFFF949
0000051D
FFFFFB2D
FFFFFB33
0000026D
0000086D
FFFFF6B8
00000E1C
FFFFFE2B
00000199
00000238
FFFFFA30
FFFFFBBC
000000AA
FFFFF7F0
000012C2
00000192
FFFFF3FC
FFFFFFE1
FFFFF0ED
FFFFFE8F
FFFFFA67
000001B3
FFFFF693
FFFFFF86
0000014E
FFFFF4CF
FFFFFAC6
0000068A
000001BC
FFFFFA2A
00000823
FFFFFA12
FFFFFF00
FFFFF396
FFFFF659
FFFFFB9B
0000093E
FFFFF686
FFFFFE51
00000B20
000006CE
00001230
00000649
FFFFF8B4
000001F1
0000004A
000002B7
FFFFF9CF
0000081A
00000431
FFFFFE0B
FFFFFE6A
FFFFFC30
00000327
00000748
FFFFF462
FFFFFDCF
000001E5
FFFFF119
0000102E
0000081D
00000098
000003B0
00000629
FFFFF9C1
FFFFFA10
00000125
FFFFFE8A
0000020F
000002D0
000006D6
00000CFD
FFFFFC0B
FFFFEE3D
FFFFFAF3
000008EB
FFFFFDE6
FFFFFF1F
FFFFFD94
0000025C
000003C3
000005D4
0000007C
00000246
0000088D
FFFFFCF0
0000110C
FFFFF05A
FFFFF622
FFFFFA74
000007C5
FFFFEFF8
FFFFFBD8
FFFFF985
FFFFF6F1
000003FD
00000043
000002FC
FFFFFF72
FFFFF9F5
0000080B
FFFFFFE4
FFFFFD1F
0000028D
00000C5E
FFFFF777
000000EB
FFFFF4D0
00000B5C
FFFFFC00
FFFFFFE5
FFFFFEB6
FFFFF99E
00000815
FFFFFBDC
FFFFF5E3
000001A7
FFFFFA8E
FFFFFF1D
FFFFFD80
FFFFF8B1
FFFFFF32
FFFFFF5C
000008B9
00001286
00000534
00000428
FFFFF4CA
FFFFF80E
000000C8
FFFFF88E
00000B5F
00000BF9
0000024C
FFFFFB14
000002D8
000005DC
00000C6B
FFFFFA77
FFFFF0A0
FFFFF44E
FFFFFA7F
FFFFF881
FFFFF93C
0000099A
000002F5
0000045E
000000E8
000005F2
000008FD
FFFFFD12
0000031E
00000012
00000CAA
FFFFFBBE
FFFFF92C
FFFFF1DA
00000A5E
000009E0
FFFFF44F
00000550
FFFFEDCA
FFFFFF4F
FFFFFF60
FFFFFEC2
00000339
00000A72
00000BEB
00000AFF
FFFFFA32
0000098F
0000076C
FFFFFEF1
FFFFFD52
00000BDB
00000F60
00000388
FFFFFED7
00000760
FFFFFCA3
FFFFF376
0000079B
FFFFF8DE
0000046F
FFFFFF16
FFFFF9BC
FFFFF803
FFFFFF0A
00000346
FFFFFFA4
00000AFD
FFFFF700
FFFFF63A
FFFFFE0C
00000662
FFFFFC5E
FFFFF31B
FFFFF169
00000846
FFFFFDFD
FFFFFD14
00000F13
FFFFFC15
FFFFF196
FFFFFA89
FFFFFDBC
000005D0
00000472
00000773
00000088
0000010E
0000066B
00000BF2
FFFFF274
00000186
FFFFF6B2
FFFFF4F7
FFFFFFA1
FFFFF844
00000746
FFFFFE22
FFFFF8E1
00000272
00000628
FFFFFCEB
FFFFF7AF
0000113B
00000BC6
00000F9F
FFFFF9D5
FFFFF46D
FFFFF79F
00000235
000007BB
0000022C
00001068
FFFFFC88
00000359
FFFFFD89
FFFFF6FC
FFFFF3EC
FFFFF64B
FFFFF9A2
00000391
FFFFF453
00000B4E
0000072A
FFFFF420
00000705
FFFFFC7D
FFFFEF95
000000A9
00000734
FFFFFC3A
FFFFFE15
FFFFF497
FFFFFD17
FFFFF163
FFFFF917
0000080F
FFFFFCB9
FFFFF5FC
00000055
0000081A
0000044E
FFFFFA9A
00000587
FFFFFA79
FFFFFE03
00000150
FFFFFE89
FFFFEDBF
FFFFF760
000005D5
000004C4
000002B0
FFFFFFE1
FFFFEB37
FFFFF9C2
00000BEB
FFFFF83D
FFFFF317
FFFFF717
FFFFF8EE
FFFFFF85
00000111
FFFFF3AF
FFFFF813
FFFFF7B4
00000394
FFFFF8BC
FFFFF368
FFFFFFB8
FFFFFA3A
00000023
0000011C
00000ED1
FFFFFC28
FFFFFE59
00000317
FFFFF8FB
FFFFFC14
000019CF
0000084C
0000077A
00000EF8
00000DA7
0000023C
00000936
000011A8
FFFFF8CC
00000D7F
00000645
00000F9C
0000055F
000001F5
000002FF
000001FB
FFFFFB7A
0000051F
FFFFFACB
000006DA
FFFFF488
0000020F
000003E4
000009F2
FFFFF93F
00000A7D
FFFFFAE7
FFFFF953
FFFFFDE9
FFFFEF40
FFFFF843
000006DB
00000998
FFFFF539
00000154
FFFFFFCB
FFFFF9E8
000001EA
FFFFFF46
000004D4
0000051A
00000998
000006AE
0000059E
000002D4
FFFFF7A0
00000526
00000FD0
00000BCF
000002CD
FFFFFF4A
000005C4
000015C7
000012CB
0000181C
FFFFF511
FFFFFD5F
FFFFF1A6
0000085D
00000492
00000BE0
00000015
FFFFFD1D
FFFFFB88
FFFFFCE5
FFFFFB30
FFFFF3DF
000004E4
00000103
FFFFFEAC
0000038E
FFFFF47C
FFFFF430
000004E0
000004A7
FFFFFBAB
00000B4D
00000DE0
FFFFFE04
0000057C
FFFFFDE4
000003CF
00000B20
FFFFF9A7
FFFFFDB3
0000032A
FFFFFCA5
FFFFFDAE
00000D41
00000F72
00000F47
FFFFF901
FFFFFC6F
FFFFF2B8
FFFFF645
FFFFFBE8
FFFFF673
FFFFF9D3
FFFFF9AD
00000954
000009A1
FFFFFC7E
00000695
00000963
0000006D
FFFFF027
00000A16
00000AD7
000002BE
00001237
FFFFF7D6
000002C5
00000E3B
FFFFFED7
00000778
0000089C
0000047E
FFFFFA1C
FFFFF97D
00000626
FFFFEF56
FFFFF710
00000770
00000625
0000034C
0000064D
000005E4
00000B6C
FFFFFEC7
FFFFFFD4
FFFFFF73
FFFFF8E8
FFFFF767
FFFFFA5D
00000539
FFFFFA03
FFFFF970
00000BDE
FFFFFB05
000008FE
0000057A
FFFFFF68
00000759
FFFFFA2F
00000B7B
0000063B
FFFFF557
FFFFFF6D
00000927
FFFFFA64
FFFFFC57
00000733
000001D9
00000275
00001026
FFFFF9F7
00000910
000006A9
FFFFEF42
0000018E
0000083D
00000327
00000324
FFFFF724
000008C7
FFFFF8B9
00000403
00000285
FFFFF9A9
000004B8
00000ECE
00000B63
00000070
00000688
FFFFFABE
FFFFF959
FFFFFE5E
00000069
000006C8
FFFFF6BE
00000779
00000636
FFFFF474
000003AE
FFFFF707
000000EB
FFFFF596
000008B6
00000937
FFFFF525
FFFFFD1F
FFFFF459
0000000B
00000EDF
000001C1
000003EA
000002D9
FFFFFBE1
FFFFF334
00000699
00000491
FFFFFAAD
FFFFFB71
FFFFFFFC
FFFFFC59
00000942
000005FB
00000395
00000A0C
FFFFFD85
00000319
000007F3
000005EC
0000001E
00000D5B
00000557
FFFFFAD6
00000A8C
FFFFF95D
FFFFFAF9
00000869
FFFFF488
FFFFF681
0000047B
FFFFF570
FFFFFAD1
00000BBE
0000072C
FFFFFA97
00000127
FFFFF911
00000029
00000586
FFFFFD88
00000901
00000498
FFFFF46D
0000043A
FFFFFBA5
FFFFFE85
FFFFEFE0
FFFFFFA2
FFFFF527
FFFFF91B
0000021B
FFFFFF17
FFFFFB7B
00000E20
000008D9
00000826
000006BC
00000BAB
FFFFF79F
00000C4A
FFFFFAFC
FFFFF897
FFFFF218
0000037E
FFFFFE0E
FFFFFF17
FFFFFD97
FFFFFCD3
00000695
00000088
FFFFF5E2
00000225
FFFFF490
FFFFFA8D
FFFFFF0B
FFFFFE63
FFFFF743
00000044
000000B9
000001CF
00000BF8
FFFFFB28
FFFFF9CD
FFFFFA8B
FFFFFBA3
FFFFF6C3
FFFFF4FF
00000AB9
00000622
FFFFFE8B
0000009D
FFFFEEAD
00000508
FFFFF334
FFFFFC0F
FFFFF7F0
00000253
FFFFF6D2
FFFFFD7A
00000B8A
00001010
FFFFFD8E
000002E7
00000017
00000111
FFFFF64A
FFFFF3EF
FFFFFB46
000002BA
FFFFFF24
FFFFF861
00000A1F
FFFFFFBF
FFFFFEB0
00000F23
FFFFF5CC
000006EE
00000160
0000042B
FFFFF9E3
FFFFFB30
00000011
FFFFF65B
00000993
FFFFF557
00000EC4
00000541
FFFFF860
FFFFFE98
FFFFFF06
00000501
FFFFFA50
000004E8
00000239
00000DAA
FFFFFA82
FFFFFE80
00000AEF
00000263
FFFFFBCA
000000B5
00000988
FFFFF206
00000F1C
FFFFFA31
FFFFF56B
00000A6B
FFFFFE28
0000044E
FFFFF5DF
FFFFFA75
FFFFF92B
000004F4
0000004B
0000046E
0000001C
00000555
00000C08
FFFFFFA3
FFFFF9B3
FFFFFE2A
FFFFFFE9
FFFFFC9B
00000BA9
FFFFF8F5
FFFFFA7E
FFFFF97B
00000451
00000403
FFFFF900
FFFFFDDD
0000092C
FFFFFABA
0000091F
00000D6E
FFFFFBDF
0000061D
00000567
FFFFF4BF
FFFFF6A7
0000055B
FFFFF290
00000BF8
000003D4
00000781
00000387
FFFFFEE7
00000543
FFFFF9F3
FFFFFB3D
FFFFFDF9
FFFFFCE9
00000421
FFFFF914
FFFFFE53
00000357
000003AF
FFFFFA39
FFFFFEE3
FFFFF7E8
000001EA
000005B4
FFFFF73C
00000F39
00000AF3
FFFFFE45
00000548
FFFFFD3B
000001F3
00000E18
00000CCA
00000A8E
FFFFFF70
FFFFFC59
000001DB
FFFFFAD2
FFFFF4B5
FFFFF678
0000127E
FFFFFF0F
00000084
FFFFFD11
FFFFF8EB
0000088D
0000019C
0000067A
00000F46
FFFFF4ED
FFFFF28E
FFFFF783
FFFFF46D
FFFFFD09
FFFFF9B8
FFFFFE43
FFFFFCFD
00000976
00000365
00000243
FFFFFBFD
000002EA
00000055
0000074A
0000015A
FFFFFFE7
0000086F
00000171
FFFFFEF5
00000581
000010B8
00000F8C
00000527
00000DEC
FFFFF7E8
00000A43
00000757
0000043F
000016FB
FFFFF692
FFFFFA73
000002B6
FFFFFF1F
FFFFF96F
000001E8
00000610
00000278
FFFFEFED
00000AEF
000003CE
00000BFB
000009F6
000008B1
000002B3
FFFFF6EF
FFFFFA12
FFFFFB23
0000102F
000003B1
FFFFF4B7
FFFFF92B
00000132
0000017F
000009D3
FFFFFD55
000009B6
FFFFF5BB
000001F2
FFFFF846
00000209
FFFFFF70
FFFFF7D6
FFFFFD6E
FFFFFFFE
FFFFFB0C
FFFFFA52
FFFFFCD2
000003D6
0000128E
0000117F
000011EF
00000940
00000635
00000048
FFFFFFAE
FFFFFCF3
FFFFFE1F
FFFFF436
FFFFF2B6
FFFFFFED
0000082C
FFFFFB35
FFFFFB2F
00000967
0000090A
00000861
000009E0
000007C9
FFFFFD96
00000927
FFFFFEDB
FFFFFCB1
0000077E
FFFFFD8E
00000BE4
000003A1
FFFFFBE2
FFFFFCF1
000003A2
00000301
FFFFF7B6
FFFFFDA6
0000073D
FFFFF791
0000025D
00000A9F
00000278
00000C92
00000AD0
000007D4
000007B9
0000079B
FFFFFDAA
FFFFF956
FFFFF3B1
FFFFF961
FFFFF84B
00000AF5
FFFFF1C5
FFFFFDAF
FFFFFB31
FFFFFC35
00000BC1
FFFFF941
FFFFF3CB
000000A8
FFFFFCE0
FFFFFE44
FFFFFB10
00000938
00000991
0000015D
00000C6B
FFFFFCD4
000004BD
00000D57
000005E5
00000120
FFFFFAF7
000005B1
FFFFFE11
00000733
FFFFF219
000007F7
00000A2F
FFFFF6F1
00000A2E
00000856
00000BB4
00000230
00000666
FFFFFE11
00000409
FFFFF9A5
FFFFFE36
FFFFFAC4
000000DB
00000FB7
FFFFFAE7
FFFFF6C8
FFFFFCFA
00000898
00000955
000004F3
00000476
00000CCE
00000366
000004AC
FFFFFAFB
000007ED
FFFFFAD2
000008B3
00000471
00000901
000000DC
FFFFFFC8
00000395
00000E54
FFFFFC37
FFFFF7AD
00001517
000004AC
000008FC
000007A2
00000390
00000961
000014D1
FFFFFC07
00000A9E
00000F0B
0000040C
FFFFF284
00000170
FFFFF760
FFFFF7DA
FFFFF812
00000AE8
FFFFFCCE
0000014E
FFFFFF76
FFFFF00E
0000081D
FFFFFA58
00000C3A
00000720
00000A8D
FFFFED69
000000FE
000001F7
FFFFFB3C
FFFFF155
00000074
000002E6
000003F5
FFFFF2FB
00000A85
00000C68
FFFFEF1E
FFFFFDA1
FFFFFA43
FFFFE918
FFFFF6C8
FFFFF7DA
FFFFF942
FFFFF59C
FFFFE6C5
FFFFF79C
FFFFED45
FFFFFD59
FFFFF08F
FFFFFA65
0000083A
000002D2
00000560
FFFFF40A
FFFFEF24
FFFFEEB2
FFFFFC40
FFFFFF50
FFFFF34C
FFFFF6F5
00000111
FFFFF187
FFFFF91E
000011AD
FFFFF7B8
FFFFF658
FFFFF9CC
FFFFFB6B
FFFFFF23
FFFFE94A
FFFFEC5D
00000519
FFFFF64A
00000676
FFFFF4C5
000007C0
FFFFF941
FFFFF68F
FFFFF75E
FFFFFBCC
000004AD
00000E03
00000C4C
FFFFF17F
FFFFF9AB
00000D57
FFFFF43B
0000048A
FFFFF0F6
FFFFFD8F
FFFFFA24
00000706
0000028E
FFFFFB86
00000986
FFFFF8EE
FFFFFB53
FFFFF433
FFFFF325
0000030B
FFFFF698
00000175
FFFFF04A
0000022A
FFFFF896
FFFFFD33
00000A94
000009A6
0000091A
FFFFEBA0
0000114F
FFFFFB47
00000141
00001032
000006EE
00000139
FFFFFE3E
FFFFFD4E
FFFFF686
FFFFF92E
FFFFFA30
000005CD
000007C3
000011AA
FFFFF767
000001A0
FFFFF8D6
FFFFFCF2
FFFFEDBF
FFFFF861
0000001D
00000423
FFFFFE8E
0000072D
00000690
000001C4
000003E9
FFFFF483
FFFFFE65
00000E3B
FFFFF7B5
FFFFFCE9
FFFFFECC
FFFFFE3F
FFFFF4AD
000005AE
00000784
FFFFFF9D
FFFFFE70
FFFFF630
FFFFFC73
000005E1
0000012C
00000208
FFFFF8ED
0000032D
FFFFF814
FFFFFAFF
00001AC3
FFFFFEB7
00000D6A
FFFFF559
FFFFF981
FFFFFFEC
000001FB
00000456
0000032A
FFFFF5FB
000008E3
FFFFFBDC
00000042
00000666
FFFFF6CC
00000664
FFFFF694
00000B6C
0000008E
0000026A
00000A74
0000016D
0000042B
000005D6
00000301
0000004A
00000E12
00000F04
00000580
00001208
FFFFFE85
00000C6F
FFFFFEC8
000002BA
00000229
FFFFFDF3
00000CE0
00000157
000002E0
FFFFFF19
0000166B
00000AB7
00001286
000010D4
000001A5
00000BED
0000092F
FFFFFE72
000011E8
0000027A
FFFFF813
FFFFF703
FFFFFBA8
FFFFF257
00000F4C
FFFFFEB4
FFFFF7EC
FFFFECC1
FFFFFDF9
FFFFFB4B
0000059E
FFFFFFAE
FFFFF51B
FFFFF191
0000007F
FFFFFBE2
00000578
FFFFF919
00000C48
00000901
00000511
FFFFF9BD
00000A3F
0000047F
00000D8C
00001087
00000427
00000572
00000EB0
FFFFF6AD
FFFFF7A0
FFFFFDD7
00001241
FFFFEFB8
0000084E
FFFFECE0
FFFFFCFA
FFFFFE38
00000489
0000084D
FFFFF054
0000001C
0000055A
FFFFF4E7
FFFFF55C
FFFFEA66
00000F84
FFFFFE28
FFFFFBCE
00000B03
FFFFF7D1
FFFFFEDD
FFFFEB5C
000000F2
FFFFFA3A
00000704
FFFFFE05
0000032E
FFFFF1F7
00000D56
FFFFFB17
00000CA0
FFFFFEA4
FFFFF978
FFFFF604
FFFFF937
FFFFF40D
00000953
000002C5
FFFFFA65
FFFFFA4F
FFFFFD38
FFFFFB4B
000007FF
0000040E
FFFFF26D
FFFFF989
FFFFF95C
0000034D
0000097E
FFFFF1C5
FFFFF568
0000070D
00000BF1
0000064B
00000DBA
0000012F
FFFFFFFE
00000460
00000A54
FFFFF716
FFFFF49E
FFFFF940
FFFFEF40
000008B7
FFFFE932
FFFFF299
FFFFF1C6
000006BC
FFFFFB0B
FFFFF8B7
FFFFF83D
00000CDB
FFFFF2A9
00000559
FFFFEFDB
FFFFEF40
FFFFFE3E
00000EBE
00000677
FFFFF771
FFFFEA68
FFFFFB38
00000281
FFFFE862
FFFFF7F1
FFFFFF7B
FFFFEB58
FFFFF6DA
00000245
FFFFF009
000008AC
FFFFFAA0
FFFFF277
FFFFFDD5
FFFFF790
FFFFF111
0000182B
0000029E
FFFFFACF
000003FB
FFFFF9B9
00000164
00000123
FFFFF95F
00000FD2
00001281
00000879
00000A7D
00000BEE
FFFFFCFB
00000055
000006FC
000000F2
FFFFF25E
FFFFF97D
FFFFFF6B
000000EA
00000427
FFFFF03E
FFFFFC52
00000EF6
0000070E
FFFFF2CD
FFFFFB7A
FFFFFBBF
FFFFF8F3
000006DC
FFFFFC79
FFFFF506
00000425
FFFFF4DB
FFFFF853
FFFFFB13
FFFFF427
00000931
0000046B
000000AC
00000493
FFFFFEBB
0000089D
FFFFF384
FFFFF934
FFFFFA52
FFFFF89B
FFFFFA6F
0000036B
00000B39
00000CB9
000009B6
FFFFEE77
FFFFF9AF
000008A4
FFFFF7DC
000006C1
FFFFF79E
FFFFF94A
FFFFF6E3
0000071E
FFFFEDFC
FFFFF2EA
FFFFEC40
0000077D
FFFFF96F
FFFFFC01
FFFFF4F8
FFFFEFB8
000000DB
FFFFF425
FFFFFF13
FFFFF896
FFFFFBC0
FFFFF8B6
0000097A
FFFFFF0F
0000060B
FFFFF08B
FFFFF1D9
000005F4
FFFFF49C
FFFFEF8A
FFFFE39E
FFFFEDE8
FFFFEB74
FFFFF8DC
FFFFFA19
FFFFFEB7
00000E50
0000052C
00000686
FFFFFBDD
000005FA
0000095C
0000068A
00000A21
FFFFFA25
00000572
00000DC6
FFFFFE7C
FFFFF93D
FFFFEF2B
0000000C
FFFFF2B3
FFFFFD33
00000B6E
FFFFF981
FFFFF921
FFFFF88E
FFFFF903
00000C16
FFFFF440
00000522
000000A2
FFFFFFB1
00000172
00000A42
FFFFF5EC
00001710
FFFFF883
00001167
000007FB
00000F6D
FFFFF979
FFFFFFC7
0000023B
FFFFF6C4
FFFFFAD8
FFFFF987
FFFFF3DC
0000009D
FFFFFA40
FFFFF4AD
00000271
FFFFDCE8
FFFFDEE2
FFFFE3A0
000002A2
FFFFF2F4
FFFFFF04
FFFFEC2E
FFFFF454
FFFFED7C
FFFFF3C6
00000448
FFFFF0BE
FFFFFE47
FFFFFB86
FFFFFE42
00000921
00000462
000003BA
FFFFF475
000004CF
00001179
FFFFF312
000000A6
FFFFFFC7
00000E15
FFFFFE2B
00000A77
00000703
FFFFFC57
FFFFFB58
FFFFFDB9
FFFFFDBA
0000043B
000008AE
00000970
FFFFEDDD
00000DF5
0000072E
FFFFF8B5
000002F4
FFFFFD91
00000BA2
0000040A
00000884
000011BD
00000476
000006C2
FFFFFDA5
00000552
00000AD2
00000090
00000C2C
FFFFEB9F
FFFFFA97
FFFFF1AB
FFFFF81D
000004CE
FFFFEFB2
FFFFEE2B
FFFFFF1A
FFFFFB73
FFFFF143
FFFFFFEC
000007BF
00000521
FFFFF86C
00000450
FFFFFB30
00000482
000007A9
FFFFF8DC
FFFFFAE1
FFFFFC2F
FFFFF962
000011FE
00000738
000009FD
FFFFFFBB
00000539
FFFFFCA2
FFFFFC6A
FFFFF2BF
00000087
00000582
FFFFFAE7
FFFFFED4
00000246
00000DA7
FFFFFA0B
FFFFFD2D
FFFFFDB5
FFFFFFED
0000015E
FFFFFBD0
FFFFFE73
FFFFF86D
FFFFFC0F
00000696
0000068A
FFFFFEA5
FFFFFEAF
FFFFFBE6
000000AB
00000344
00000655
00000AA7
00000314
00000136
000003AF
00000234
000003F6
FFFFFAE8
000007BE
000004FB
00000981
0000010C
FFFFFFC3
FFFFFED7
000000DB
000003FB
FFFFFF1D
FFFFFF9E
FFFFFE1B
FFFFFF60
00000251
FFFFF97E
FFFFFC59
FFFFFEF6
FFFFFB4F
FFFFFF3B
FFFFFBE3
FFFFFFAF
FFFFFA84
0000065A
00000585
00000000
FFFFFDC5
000003A6
00000140
0000073F
0000061C
FFFFFE0A
FFFFFC08
0000024A
FFFFF963
FFFFFFFC
000000EB
FFFFFB63
FFFFFB5F
FFFFFE32
FFFFFC66
FFFFFD3E
FFFFF867
FFFFFA67
FFFFFBB3
FFFFFA40
FFFFFA06
0000056B
0000012B
FFFFF850
FFFFFE64
FFFFFCE7
FFFFFB92
000001D2
FFFFF7F5
FFFFF8CB
0000032E
FFFFF474
0000040F
0000017A
FFFFFAC7
0000032C
FFFFFB3F
FFFFFFAA
FFFFF867
FFFFFBBF
00000461
FFFFFB37
FFFFFDD9
00000108
0000046E
FFFFF85B
0000035F
000004D6
FFFFFA7B
000005AF
000009C8
00000387
00000095
0000043E
FFFFFB68
FFFFFFFC
FFFFFB82
FFFFFC96
FFFFFF1C
FFFFFC6F
00000361
FFFFFA8B
00000485
0000003E
0000037A
0000034F
000004CB
FFFFFDBE
FFFFFFF6
00000895
FFFFFE33
0000023B
FFFFFE7E
FFFFFB89
00000243
00000746
000002D1
00000145
000005FC
FFFFFD74
00000510
0000046D
FFFFFF8F
FFFFF668
FFFFFF7D
00000382
FFFFFB07
00000338
FFFFFDD4
0000066F
FFFFFD97
0000066A
FFFFFF65
00000CBF
000001F8
0000096B
FFFFFE9B
FFFFFC85
FFFFFDCE
00000109
0000012E
FFFFFC39
FFFFFB2A
000000A0
000004B5
000000BC
FFFFFC60
FFFFFAC3
0000013B
000007FD
0000029D
000007D2
0000003C
FFFFFD75
FFFFF8F3
FFFFFB85
FFFFFFF8
FFFFFCC3
000002DC
00000531
FFFFFCF2
FFFFFE61
FFFFFEAE
FFFFFE69
FFFFFDF5
FFFFFD11
000003F4
00000246
00000518
00000295
FFFFFDB3
FFFFFFA3
000003A9
00000542
00000A14
0000041B
000004D8
00000B75
00000204
000002BC
00000C5B
000005A4
00000277
0000004C
000005A6
FFFFFA69
000005EB
0000046A
FFFFFB5E
00000191
FFFFFD80
FFFFFF22
FFFFF9AD
FFFFFBF9
FFFFFF3C
FFFFFD40
FFFFFC50
FFFFF948
FFFFFB53
FFFFFE12
00000172
FFFFF9AE
000005A5
000000A0
FFFFFBBA
00000282
FFFFFF55
FFFFFFDA
FFFFFBAB
FFFFFF90
FFFFFC7C
FFFFFE81
000001BA
FFFFFBDC
00000003
FFFFF92B
FFFFFD4A
000002F0
00000322
FFFFF8CD
FFFFFFBF
FFFFFEA2
000000C5
00000120
FFFFFF9F
0000018A
000001E2
FFFFFAF8
FFFFFFE5
FFFFFE69
FFFFFCB1
00000581
0000024F
00000263
FFFFFC95
FFFFFAF3
FFFFF688
0000004D
FFFFFD09
0000026D
0000039B
FFFFFF6F
FFFFFE91
FFFFFEA6
00000540
000002A5
000005FC
00000984
000007DE
FFFFFCA1
00000053
000001AE
00000582
FFFFFD88
FFFFF9D2
00000232
00000166
0000077A
000004C9
0000033C
0000002C
000000D1
FFFFF8AC
FFFFFB04
FFFFFB20
0000000B
FFFFF64A
000002CE
000003ED
FFFFFF61
00000558
FFFFFC07
00000011
00000117
000001DC
FFFFFCCD
FFFFF6D9
FFFFFE86
FFFFF905
FFFFFC4D
FFFFFEFD
000007C7
0000007C
FFFFFA64
000004F1
0000007C
000004E3
000000A4
000005AD
00000330
00000374
FFFFFF62
00000570
00000287
FFFFFD71
0000041E
00000ECC
00000657
FFFFFCED
0000011E
00000469
FFFFFF31
0000038F
00000533
00000A96
0000095C
0000061A
FFFFF89A
0000036F
0000045D
0000015B
FFFFFAF2
000002B9
FFFFFBFE
00000416
00000089
FFFFFC76
00000468
00000376
FFFFFA6E
0000017B
00000216
FFFFFFDB
00000580
FFFFFBCC
FFFFFBED
FFFFFFB3
000001D8
FFFFFA29
FFFFFE32
0000001F
00000340
000002A0
00000065
FFFFFD4D
00000162
FFFFFD78
0000059F
000001B7
FFFFFBF0
FFFFFB4F
00000297
00000605
0000027C
000002AD
FFFFFEEA
FFFFFBBB
FFFFFF3D
FFFFFE78
00000296
00000321
00000183
FFFFFC55
FFFFFD5C
FFFFFDE5
FFFFF9EC
FFFFFF77
00000718
FFFFFDD4
0000023B
0000000C
00000012
00000049
000000A6
0000085A
0000007C
FFFFFF7B
000000A1
000002BB
00000629
FFFFFEC3
FFFFFD72
FFFFFC0A
0000006D
FFFFF9B5
FFFFFF50
000000D0
00000056
FFFFFD11
FFFFF866
FFFFFF98
FFFFFAD4
FFFFF8A3
FFFFFC1E
FFFFFBD8
FFFFF690
FFFFF9BB
FFFFF6E9
FFFFFF24
00000140
000003B7
000003D8
0000041C
00000849
00000392
FFFFFC66
00000412
FFFFF95B
FFFFF7E1
000003C2
FFFFFD40
000000AB
000005F7
00000610
0000070F
000002D7
FFFFFE86
0000050F
00000013
00000018
FFFFF8EB
FFFFFD27
000005EF
000003AC
000006B3
000001EE
00000191
000001EE
000006DD
00000198
000005BD
00000891
0000083F
000006AB
FFFFFF73
FFFFFECE
00000138
0000045B
000008F0
FFFFFFC8
00000824
FFFFFFAC
0000021E
00000027
0000044F
00000152
FFFFFD58
0000064E
00000B49
000005FC
FFFFFBEA
00000807
FFFFFF30
000005DC
0000011C
0000039B
FFFFFD65
000007FE
FFFFFECD
000006F4
FFFFFD64
00000320
FFFFFE35
FFFFFC1A
000006A4
FFFFFCF7
000004B0
FFFFFA4D
0000005E
00000458
00000334
0000045A
FFFFFC7C
00000497
0000020E
FFFFFA53
FFFFFF4A
0000042A
FFFFFF8F
FFFFF99F
FFFFFEEE
000006EE
FFFFFF5D
00000451
00000084
00000244
00000928
00000CB2
FFFFFE16
00000116
00000148
000009A8
0000055C
FFFFFAF5
FFFFFC19
FFFFFCF3
00000202
00000513
FFFFFEA0
00000694
00000169
000007CC
00000924
FFFFFE82
00000382
000001A1
00000621
0000049B
FFFFFC40
00000348
0000061D
00000786
FFFFFC4A
00000407
0000030F
FFFFFB96
FFFFFD3A
FFFFFFC7
FFFFF947
FFFFF9D9
0000018B
FFFFFD6A
000001B2
00000200
FFFFFABA
000004F7
FFFFFD2C
FFFFFD7F
00000809
FFFFFDAA
FFFFFF79
FFFFFEF4
000000B6
000003C9
FFFFFE93
FFFFFD9F
000001CB
FFFFFBF5
FFFFFA91
FFFFFBD3
0000002F
FFFFFD8F
FFFFFCAA
FFFFFEC0
00000006
FFFFF931
FFFFFD2E
00000112
000004E0
FFFFFC16
000001A6
00000153
FFFFF9D0
FFFFFE79
00000303
00000129
0000056C
0000028B
00000119
000001F8
000003FC
FFFFFF2C
000001EB
FFFFFC4A
FFFFFE03
00000485
000000D8
000003DC
0000012E
000004C2
00000504
00000039
00000681
FFFFFE20
0000017B
FFFFFC41
FFFFFDB7
FFFFFC18
0000013B
000009FD
0000097A
FFFFFAB3
00000608
0000020E
FFFFF71C
00000B35
0000027B
000000F7
00000B88
FFFFFE31
FFFFFB24
00000459
FFFFF830
00000341
FFFFFB8D
FFFFF490
0000072E
00000307
FFFFFE6E
0000071A
0000101A
FFFFFDCA
0000064E
0000013A
FFFFFA04
00000956
00001177
00000AE8
FFFFF96A
0000039F
00000432
FFFFFA3D
0000069C
00000AB6
FFFFFD49
0000007C
00000140
FFFFF68C
FFFFF9FE
00000338
FFFFF5EE
FFFFF60B
FFFFF3FF
FFFFFD93
00000621
00000E99
00000420
000002F7
00000BA6
FFFFFE9E
FFFFFBE8
00000673
FFFFFEC2
FFFFF8B1
00000318
FFFFF94C
FFFFF85A
00000105
00000192
000003F7
FFFFF5DF
FFFFFBE2
FFFFFEFD
FFFFFC64
FFFFFDCB
FFFFF797
FFFFF943
FFFFFFC6
0000045B
FFFFFDDF
FFFFFF2A
00000E17
FFFFFDE7
00000057
FFFFFBF5
FFFFF5A1
000001BC
FFFFFFCF
FFFFF633
FFFFFB97
00000367
FFFFFA52
FFFFF86B
FFFFFB59
000002C7
FFFFEDB3
FFFFFC90
000002D8
FFFFFEB8
0000085C
FFFFFA64
00000936
000004F1
FFFFF942
0000036B
00000839
0000075B
00000008
00000580
000004AC
0000034B
FFFFF983
0000049B
0000001E
00000B99
FFFFFE47
FFFFF13D
FFFFF8BA
FFFFFEEF
FFFFFB80
00000A1F
000006BA
FFFFEFC9
FFFFFFBD
0000074E
000007A7
000001C8
FFFFF9CF
000005F1
FFFFFD1A
0000035C
0000068B
FFFFFDE8
00000340
FFFFFDF9
000005C2
000009C2
FFFFF2FA
FFFFFF28
FFFFF527
00000209
000004E1
000001A2
FFFFFADA
0000004E
FFFFFDCE
0000013A
00000D0F
FFFFFF0A
FFFFFBEC
FFFFFB61
00000727
00000150
FFFFFFCC
0000048B
00000DC0
FFFFFC3B
00000B1F
000006EF
FFFFFFF0
0000057C
FFFFFD38
000009C8
00000854
000005EC
0000028D
00000594
FFFFF8D8
FFFFF64D
FFFFFDE1
0000099A
00000314
00000527
FFFFFAF8
000008E2
00000F0F
000006F0
00000134
0000098B
000006E8
00000224
FFFFFCE1
00000390
FFFFF7AC
0000079F
FFFFFA21
FFFFF759
FFFFFCE0
00000778
000001CA
0000005D
000005AA
000000FA
FFFFFE95
FFFFFAED
0000000E
FFFFFEDD
00000491
FFFFFE8F
000005B2
FFFFF6EF
0000041A
FFFFFDB6
FFFFF8BA
0000076F
00000792
FFFFFBCE
000002FA
000005FD
0000050A
000001CD
0000096D
0000038B
FFFFFBB0
00000408
0000098A
00000BDB
00000FA8
FFFFF668
00000085
0000039F
FFFFFF2A
000008A3
FFFFFFD5
FFFFFE14
000009E8
0000021F
0000033A
FFFFF6A3
000003D2
000001D9
FFFFF801
0000008D
00000A2E
0000010D
00000A56
FFFFFB21
FFFFFEC8
FFFFFF0F
FFFFFA81
00000367
FFFFFA50
00000600
000006B8
00000350
FFFFFF2B
000009A6
00000B3C
000006AA
00000255
00000AFA
00000085
0000048E
000003CF
000003DA
0000012D
00000378
00000B4D
000002C8
0000093B
0000017A
FFFFFF61
00000719
FFFFFDD3
FFFFFF68
FFFFF220
FFFFFC7F
FFFFFB29
000003B0
FFFFFB89
FFFFFDA1
00000775
000004AC
FFFFFF1E
00000A83
00000428
FFFFFF85
FFFFFDDF
FFFFF39E
000007A6
FFFFF9B7
FFFFFBC1
FFFFFFCA
FFFFFFE8
FFFFFA9F
FFFFF87C
FFFFFFB8
0000033A
0000054D
FFFFFDDD
FFFFFAE3
00000082
FFFFFFC7
0000037E
FFFFFCBC
0000087C
FFFFF731
FFFFFFFB
000008D7
FFFFFBFA
00000ADE
FFFFF9C8
FFFFFFA4
FFFFFB33
FFFFFC29
FFFFFE31
0000046B
FFFFFAAA
FFFFFEF9
FFFFFF51
FFFFF82C
00000323
FFFFFD94
0000027C
000008A8
00000066
FFFFFA12
0000040F
00000403
00000086
FFFFF3B2
FFFFFEE6
FFFFFD52
FFFFFB0C
00000476
000009AA
FFFFFB97
000000E3
0000070D
FFFFFC98
0000040F
FFFFF78A
FFFFF9A5
FFFFFF62
00000A27
FFFFFF23
00000424
00000A3F
FFFFFE34
0000047D
0000039F
FFFFF92B
00000B96
FFFFF9F4
FFFFF999
00000B13
FFFFFFD2
FFFFF7FD
00000039
FFFFFD58
0000049A
00000977
00000CFC
FFFFF89F
000000B9
FFFFFDCA
FFFFF634
0000044D
FFFFF7F7
FFFFFEA3
FFFFFD0F
FFFFFE7C
FFFFF2B4
FFFFFD3C
0000002E
FFFFFAC9
FFFFF57D
FFFFFA0E
FFFFF799
FFFFF8C2
FFFFFB1D
000004AD
00000263
00000804
FFFFFE51
FFFFFAFC
FFFFF980
000003EE
FFFFFCA9
FFFFFFC7
FFFFFA81
FFFFF661
0000041E
FFFFF719
00000289
FFFFFEB0
FFFFFB03
000005C4
FFFFFC5C
00000027
00000029
000000B1
00000474
FFFFFDFB
FFFFF6B5
FFFFFD76
0000058F
FFFFF4AD
FFFFF8CE
FFFFFB68
FFFFF349
FFFFFB70
FFFFF3BC
FFFFFBC3
000007CE
0000048E
0000006A
0000062A
00000ADD
FFFFFC81
000007E7
0000031A
00000BEC
0000029D
FFFFF98F
00000027
FFFFF69B
00000203
00000655
FFFFFAC9
00000128
FFFFFEBF
00000336
000012C2
000002BB
FFFFEF0E
FFFFFBB5
FFFFF8DF
FFFFF9E3
0000090A
FFFFF286
FFFFFE60
00000A2E
000009C0
FFFFF671
FFFFFE97
FFFFF967
0000007D
FFFFF846
FFFFFDA5
FFFFF44F
FFFFF1D8
FFFFFC69
00000009
00000162
FFFFF6C5
000002F9
FFFFF6D0
FFFFFDBE
000001E5
FFFFFF8E
FFFFFB93
000006D3
FFFFFE9D
FFFFFE6C
00000A72
FFFFFFEF
000006F5
FFFFFEA2
0000014F
FFFFFB6C
FFFFF969
FFFFF67F
0000030C
FFFFFCCD
00000419
000001C6
00000260
00000D67
00000C1E
FFFFFEBD
00000919
00000190
00000642
FFFFFF99
00000ADC
000001E7
00000C57
FFFFFE10
FFFFFB7D
FFFFF4FA
000007B6
FFFFFF88
00000677
000002D5
FFFFFBE6
00000451
0000011F
00000158
FFFFF883
00000497
FFFFF857
00000159
000004BD
FFFFFD66
FFFFF46B
00000EAB
00000167
00000417
FFFFFDEC
FFFFFA47
0000009E
0000074A
00000047
FFFFF7C7
FFFFF959
FFFFF4AC
FFFFF775
FFFFFE57
FFFFFC1F
000002A4
FFFFF922
00000480
0000025B
000000A1
FFFFFA28
00000416
FFFFF9D7
00000861
FFFFFF43
FFFFFF13
FFFFFB49
0000016A
00000103
FFFFF2F6
FFFFF937
FFFFFAA9
FFFFF3EC
0000002D
FFFFF6AA
000000CF
0000073A
FFFFFE61
0000068F
FFFFFBB3
00000055
0000002D
FFFFFC86
0000031E
00000297
FFFFFA2B
FFFFFFB3
FFFFF4B2
000009D8
0000024A
FFFFFF6B
FFFFFFAB
00000268
FFFFFCA9
000002FA
00000583
0000016F
00000BBD
000004D7
FFFFF8DC
FFFFFE1C
0000073A
FFFFFB9C
000004E7
00000A9B
FFFFF8EE
00000161
FFFFFF85
FFFFFEAC
00000795
000007A7
000007F6
FFFFFDBE
FFFFF320
FFFFFD18
FFFFF9AA
00000067
FFFFFDBF
FFFFFBEC
FFFFEF45
FFFFF3D3
0000032A
FFFFF952
FFFFFEED
FFFFFDC9
FFFFF700
FFFFF894
0000000E
FFFFFDA8
FFFFF5E8
FFFFF77A
FFFFF977
000006AC
000003B1
FFFFF8E3
FFFFF9D2
00000054
FFFFFC9F
FFFFEE91
FFFFFC8C
00000EE0
000002C4
00000A6B
0000013D
FFFFF312
0000047F
00000506
FFFFF837
00000E4A
00000354
FFFFF473
FFFFFBA0
FFFFF7CC
0000057D
00000F1D
0000014F
000004AD
000006BD
00000F41
FFFFFC7A
FFFFF62C
0000057F
00000D32
FFFFFD31
FFFFF71C
FFFFEFDB
00000459
FFFFF6D1
FFFFF00C
FFFFF027
FFFFFF29
00000714
FFFFFD29
FFFFF5FF
00000AA7
FFFFF5F5
00000E17
FFFFF59E
FFFFFDC1
FFFFF612
0000086C
00000359
00000221
00000174
FFFFFD67
FFFFFDF7
00000F05
FFFFFB55
00000BC1
000001D5
FFFFFB9D
00000244
FFFFF577
00000025
FFFFF7AE
FFFFF4D8
FFFFFB55
FFFFFDD7
FFFFF7C2
FFFFFC3F
00000B7B
00000846
00000B1F
FFFFF343
FFFFFDD5
FFFFFC41
FFFFFD85
FFFFF303
FFFFF2B7
FFFFFD3E
00000D40
00000AEC
000009BA
FFFFFB3A
00000FDC
000000F3
000000CA
00000BA7
00000A8D
000001D2
FFFFF7E8
00000452
FFFFF970
00000A3A
FFFFFC3E
00000494
00000E19
FFFFFFFE
FFFFF7EB
FFFFEF4D
000009FD
00000601
00001015
FFFFFB8E
FFFFFB93
00000E0C
FFFFFD9A
FFFFFAA4
000005EA
FFFFFB00
000001D9
0000015A
FFFFF507
FFFFF17F
000002CD
000003CF
000004EE
FFFFF3D2
00000192
000005DC
00000456
FFFFF2AD
FFFFF11C
FFFFF0C4
FFFFFA5F
00000A81
000008F9
00001191
00000034
0000030A
FFFFF766
00000DB9
00000569
000002E1
FFFFFE58
00000073
000002A4
FFFFF5F9
00000E8A
000005E8
00000633
00000913
0000018C
00000341
0000016D
FFFFF987
FFFFFDA6
000000C9
0000067D
FFFFEFE5
00000705
000008DE
FFFFFF9A
FFFFFE15
FFFFF805
FFFFFE61
FFFFFF4D
00000FE1
00000229
FFFFF7A4
0000037A
000007CC
FFFFF5F2
00000EBC
FFFFFFE2
FFFFFC89
000002B4
FFFFEC65
00001445
00000EB3
FFFFEE52
FFFFFB80
FFFFFDAD
000006A6
FFFFF244
FFFFFB24
FFFFF3CB
FFFFFB68
FFFFF243
00000209
0000028B
000001FA
0000079B
FFFFF671
00000AD1
FFFFFB1C
FFFFF3A8
00000783
FFFFF1ED
0000037B
00000342
FFFFFCB4
000007B2
00000055
FFFFF77B
FFFFFAC3
000000A6
0000095C
FFFFFB9E
FFFFFEFF
FFFFF318
0000065A
000002DC
FFFFFE3B
FFFFEEEE
FFFFFD42
FFFFF75D
FFFFF8BF
0000040F
00000897
FFFFFCDE
FFFFF5B8
FFFFF93D
FFFFF366
FFFFFDF1
0000018A
00000614
FFFFF341
00000632
000002A0
0000069B
FFFFF6DE
FFFFFBD6
FFFFFA4E
FFFFFA7D
FFFFFD33
FFFFF765
000003F9
FFFFEE0F
FFFFFBB5
FFFFFF5A
00000FE3
FFFFFE8E
00000233
FFFFFEEB
000008C8
FFFFEDD8
FFFFFC71
0000059E
00000713
FFFFF624
000006BB
00000132
FFFFF53D
0000092D
FFFFF439
00000360
00000159
FFFFFEA2
00001006
000005A7
000001F1
FFFFFC19
FFFFF4A0
00000866
FFFFFD0C
00000400
FFFFFBD3
FFFFFEA3
00000EB3
00000522
FFFFF038
0000079A
0000091D
00000CFA
00001074
00000562
FFFFFE35
000005D2
000007B9
00000C8C
00000745
00000564
FFFFF891
00000A0F
000006C5
FFFFFA6F
00000C1A
FFFFF8BC
FFFFF644
FFFFFC05
FFFFF6D7
00000072
FFFFF8BE
00000349
FFFFF2E1
FFFFFE0E
FFFFF971
00000466
FFFFFA5A
FFFFF9B1
00000624
FFFFF91F
00000569
00000057
000008FB
FFFFF2F2
FFFFF4A6
00001124
00000638
FFFFF2B9
00000285
00000C27
FFFFFD51
FFFFFFBE
FFFFF42B
000009B4
FFFFFFE5
0000061D
00000648
FFFFF8B8
00000322
FFFFF3A4
FFFFFC5B
FFFFF153
00000B19
000000AE
FFFFFF4E
0000034B
00000A67
FFFFEF80
FFFFF77D
FFFFFC84
FFFFF70E
FFFFFEC9
00000A34
FFFFFB78
0000068F
000003B1
FFFFFD9E
FFFFFC86
00000199
FFFFF609
FFFFFDC3
FFFFF999
00000035
000001F7
00000881
FFFFFE83
FFFFFFC5
FFFFFBF8
00000AA8
FFFFF3D5
FFFFFED5
00000945
FFFFFD9E
00000A8B
FFFFFBAE
00000620
000002D3
000000D0
00000146
0000028B
FFFFEFF6
00000079
FFFFF2D5
FFFFFD9C
FFFFFBED
00000A37
0000019E
FFFFF3DB
000008D5
FFFFFCCB
FFFFEBB6
FFFFFC36
FFFFED6C
00000A2D
FFFFF957
FFFFFBEC
FFFFFB5D
000003C4
0000098B
000001B0
00000441
FFFFEEC3
FFFFFD51
FFFFEFB1
00000C81
00000CD9
0000096F
00000242
00000231
00000BF2
00000B18
0000059A
FFFFFE89
0000080A
00000DEE
FFFFFC40
FFFFF38B
000002DA
00000208
000003A8
FFFFF512
000006BB
000007C1
00000163
FFFFFC16
000009A8
000000F9
FFFFF989
00000238
000003C1
FFFFFC80
0000020B
0000060F
FFFFFFA2
FFFFF329
FFFFF836
FFFFFFDD
FFFFFB63
000006FC
00000328
FFFFF7AF
00000BA3
000001BD
FFFFF095
FFFFF826
FFFFFA83
FFFFFAEA
000007DD
00000089
FFFFFD29
000000AB
00000BDF
FFFFF805
FFFFF5DD
FFFFF3EE
0000034D
FFFFF143
FFFFF948
00000385
FFFFF431
FFFFFB87
00000BC4
FFFFF4E2
00000F5B
FFFFFCE2
FFFFF5D9
0000040B
FFFFF946
FFFFF948
FFFFFBA7
FFFFFF46
000013A6
00000690
00000622
FFFFF5D2
FFFFF29C
FFFFFFF9
000003D1
00000693
0000010D
FFFFF45C
00000036
000002F1
00000AB8
FFFFFA57
FFFFED93
FFFFFE8B
00000859
0000073A
00000847
00000686
FFFFFF90
FFFFF342
FFFFF443
0000070F
FFFFFCD9
000008A5
00000433
FFFFEB55
FFFFF6C2
FFFFF459
FFFFF3A7
FFFFF9D3
00000709
00000824
0000003D
00000780
FFFFFA98
FFFFFFBD
00000665
00000909
FFFFFF14
FFFFFA5D
FFFFFF59
0000094A
00000855
000010B3
FFFFFC26
FFFFF371
FFFFFCFD
00000F0D
FFFFFEF4
FFFFF994
FFFFF71F
FFFFFC82
00000375
FFFFF61B
00000207
0000018A
FFFFF73B
000002A5
000006EA
FFFFFEAC
00000669
00000E70
FFFFFCBC
FFFFF634
00000D91
00000305
000006FD
FFFFF239
0000055E
000003AF
FFFFF9A1
FFFFFC3B
000003CD
FFFFF896
0000017B
FFFFF7B2
FFFFF335
FFFFF01F
FFFFEED1
00000F1E
00000A8B
FFFFF671
FFFFFA8E
00001023
00000FB6
0000004E
0000072E
FFFFF7F5
FFFFFE78
00000E3A
000005B1
FFFFFB0B
FFFFED9B
00000917
00000FEC
00000246
00000961
FFFFFDDE
FFFFF300
FFFFFC7A
0000015B
000001AD
FFFFF9BE
FFFFFEB6
FFFFFC7E
FFFFF704
0000029F
00000CEC
FFFFEFF6
FFFFF553
000001EB
0000040C
FFFFF8E5
FFFFF448
FFFFFFD1
00000278
FFFFF4F2
FFFFFABE
FFFFFA3D
FFFFF863
FFFFF01B
FFFFFC58
FFFFF9C2
0000052D
00000ECA
000004BF
FFFFF319
FFFFF59E
000002EF
FFFFFD88
000002FF
FFFFF911
FFFFFE07
000002F7
00000606
0000006C
FFFFF2D0
00000651
00000DE8
FFFFF41E
00000B0D
00000404
00000F95
00000797
000006E9
FFFFFA3D
00000175
FFFFF47A
000003C0
000002AA
000006CC
0000001E
00000222
FFFFF777
FFFFF3D7
FFFFF84B
0000092F
FFFFF8B8
FFFFFA69
FFFFFAC5
00000B52
000002AF
FFFFFFEA
0000034A
FFFFF691
FFFFF573
000001B1
FFFFF3E6
00000A64
00000BEA
FFFFF702
FFFFF6E8
FFFFF2F9
00000434
00000142
000005A5
FFFFF7A0
00000A33
00000CB5
0000095F
FFFFFBB7
00000AB5
FFFFFAD4
FFFFF647
FFFFFD29
FFFFFB26
FFFFF094
FFFFF3D8
FFFFEF68
FFFFEB27
FFFFF15E
FFFFF7D5
00000E8E
FFFFFD9B
FFFFFEB2
000007C0
000011F4
00000871
FFFFFF0F
00000A58
FFFFFFEA
00000D4F
0000021B
FFFFF709
00000A07
FFFFFE03
00000718
FFFFF6FB
0000040E
00000115
000008E5
0000057D
000008BC
000007DC
00000223
FFFFFF13
FFFFF3F4
00000DE5
00000137
FFFFFD2E
00000A0F
00000721
00000A86
0000011B
FFFFFD88
FFFFFFF3
FFFFF0E5
0000045D
00000CBF
0000039C
FFFFFD85
000011E4
00000763
FFFFFE45
00000AB9
00000F9A
000009DE
FFFFF914
00000829
0000016B
000007BB
FFFFF051
000006BF
FFFFFF45
FFFFF919
00000E0D
00000ECC
FFFFFF9D
00000ACC
000000EE
000009FA
0000074F
FFFFFF02
0000076B
0000094E
FFFFF58E
000006AA
FFFFFE12
FFFFFA7D
FFFFFF41
FFFFFEFB
FFFFF443
FFFFFCBB
FFFFF845
000000AC
FFFFFCA5
00000832
FFFFFDFF
FFFFFECE
0000050C
00000609
FFFFF99C
FFFFF466
FFFFF953
FFFFFF16
0000036B
00000AD6
FFFFF5B4
00000765
0000050F
FFFFF376
FFFFF2CA
0000039F
000009E8
FFFFF9CD
FFFFF8EA
FFFFF4E1
000000AC
0000059E
000011A1
FFFFF6B4
FFFFFED7
FFFFF792
FFFFF9B6
FFFFFF0C
00000000
FFFFF811
0000027B
FFFFF265
000003C4
FFFFFB64
0000034A
FFFFFEB9
000009F7
00001111
00000029
FFFFFC7B
FFFFFFA7
0000014F
FFFFFA95
000003DB
0000047C
FFFFF7F7
FFFFFD6A
FFFFFDB1
FFFFFC02
00000A74
0000096E
000006A4
000007FF
FFFFFD00
000008F5
FFFFF6C9
FFFFF6E2
00000083
000003D1
00000914
000004EA
000007EC
FFFFF9A4
00000791
0000042F
FFFFFC2E
FFFFF79C
FFFFF893
FFFFF706
FFFFF8F4
FFFFFC6B
00000179
000001E9
FFFFFB52
FFFFFF28
FFFFFAB2
00000407
FFFFFBFF
FFFFFD0E
FFFFF92D
FFFFFB02
00000690
00001044
FFFFFC06
00000997
000006A8
00000862
FFFFF37B
FFFFFA9A
0000000D
FFFFFD71
FFFFFCD2
FFFFF7B2
00000993
FFFFF376
FFFFF82B
0000079A
00000CE8
00000187
000007ED
00000A35
FFFFF2E6
0000031B
FFFFFBB1
000008A7
FFFFF93B
FFFFF45B
000005F0
FFFFF891
00000182
0000029B
FFFFFC8C
FFFFFADB
FFFFFDF5
FFFFEA28
FFFFFB3F
FFFFE16F
FFFFEFF2
FFFFE6DC
FFFFF8AE
FFFFE812
0000048E
FFFFE145
FFFFF3EC
FFFFF4F6
00000475
00000A72
FFFFF6EF
00000371
FFFFF618
FFFFF225
0000014D
FFFFFCB8
00000C7F
FFFFF843
000001B2
00000A3B
FFFFF8E1
00000650
FFFFEF89
000010C2
FFFFF670
0000046B
000000BC
FFFFF89E
FFFFEE4B
FFFFF40D
FFFFEFAF
000008BE
FFFFEF0D
00000377
00000051
FFFFF29C
0000071F
00000A2C
0000024C
000001AE
FFFFFFD7
FFFFF699
00000A54
FFFFFE6D
FFFFFAF0
FFFFFA41
0000034C
000006F8
FFFFF559
00000659
000004DA
00000AEC
FFFFFC96
00000748
FFFFFA25
0000093C
00000075
00000549
00000526
FFFFF591
0000022C
00000342
FFFFFA5A
00000230
000000C3
FFFFF203
0000039D
FFFFFF84
00000191
000004B9
00001120
00000507
00000DDE
FFFFF5AD
FFFFFBA0
000009E8
000000DD
0000016F
00000F35
00000568
00000A55
FFFFFCCE
00000A8B
FFFFF39C
FFFFFF88
00000543
00000503
00000142
FFFFF7FC
FFFFFAD6
FFFFFB63
FFFFFBE4
FFFFFCF5
00000582
00000B19
FFFFFD92
FFFFFBB4
000010DA
FFFFF80C
FFFFFA1B
FFFFFF13
00000E46
00000C45
000005C6
00000439
00000922
FFFFFE5B
FFFFFDAD
0000004E
000006AF
FFFFFE19
FFFFF7F4
0000040C
0000004F
FFFFF95C
00000FCE
FFFFFC8A
00000843
00000EA0
00000B84
000004D3
FFFFFA2B
00000468
FFFFFB8D
FFFFFEED
00000682
00000BD4
000001CB
FFFFFD22
00000049
FFFFF1B8
000007EC
FFFFF990
FFFFF4C6
FFFFFA55
FFFFFCBF
00000944
00000413
0000075B
FFFFF67D
00000927
FFFFFE0D
000002A2
FFFFFF00
00000CDB
FFFFF5F2
00000B36
FFFFFC65
FFFFFEB8
FFFFFA71
FFFFFB50
FFFFFC94
FFFFFEDF
FFFFF7D2
FFFFFBFB
FFFFF9EA
FFFFF7C4
00000932
FFFFF62D
FFFFFA0F
FFFFF4F4
FFFFEFB6
00000F0C
0000060F
FFFFF9F5
FFFFFCA2
FFFFF5FD
FFFFF403
FFFFFF23
00000271
00000987
FFFFFBEA
FFFFFDED
FFFFFB33
FFFFFCC4
FFFFFFB8
FFFFFD22
FFFFF14C
0000071A
FFFFFC3C
000000A6
FFFFF14B
FFFFF360
FFFFF08D
FFFFF2B6
FFFFFEAA
00000CC4
0000008C
FFFFF8FB
00000B0D
FFFFF57D
00000560
FFFFFDC1
FFFFFBB8
FFFFF7EC
0000012C
FFFFFBB0
FFFFF858
00000252
00000CF0
FFFFF403
FFFFFAF4
FFFFFDC7
00000721
00000702
FFFFFE19
FFFFFAB2
000009CA
FFFFFFAF
00000ADC
FFFFFA19
0000057D
FFFFF43E
FFFFFB12
FFFFF135
FFFFFAEC
000008CA
FFFFFDCE
FFFFFE65
000006B5
FFFFF2B2
FFFFFCD5
FFFFFBBE
00000A8B
0000094F
00000C85
00000280
0000001F
00000A6C
00000181
0000082A
00000212
00000039
FFFFE7A1
FFFFE886
FFFFEAC2
00000CC1
FFFFFB67
00000B93
FFFFF0B1
FFFFF799
FFFFF44F
FFFFF89D
00000A2A
00000460
0000016D
FFFFFFAB
FFFFF9E4
00000406
000000EA
FFFFFE3D
FFFFFBE7
000001D7
000001E6
000005C6
00000029
0000089A
FFFFFD65
00000A85
00000681
FFFFFD45
FFFFF01A
FFFFF3B0
00000C33
FFFFFD6F
FFFFF2ED
FFFFF961
FFFFFED8
FFFFFD39
FFFFF671
000001DA
FFFFEBEB
FFFFF33E
000004D1
FFFFF754
FFFFFA14
000004B0
0000048C
00000336
000006B3
FFFFF898
0000021A
FFFFF7BB
00000966
0000040F
0000009E
FFFFFC48
00000083
00000352
FFFFFCE7
FFFFF900
FFFFF1FA
FFFFF5D4
0000023E
00000D1B
00000E68
FFFFF8A8
00000EF9
00000A8A
000003AF
00000D9C
FFFFF668
00000277
0000010A
00000301
00000303
0000090E
00000F8C
FFFFF72E
00000C58
00000BE9
000002F8
FFFFF74E
0000077C
FFFFF427
FFFFFB6C
00000C57
FFFFFD85
000006C3
FFFFFAD4
00000950
FFFFFCF9
FFFFFB9D
FFFFFD82
00000A4C
FFFFFC49
000005E7
00000500
FFFFFF03
FFFFF9B3
000003C2
00000385
0000022E
FFFFFB4C
00000564
FFFFF6CB
FFFFFB64
FFFFF6C5
FFFFF9C4
00000586
FFFFFCB5
FFFFFB9A
FFFFFF41
0000059A
FFFFFFF2
0000091D
000000BC
FFFFF60C
00000887
000002E6
00000019
FFFFF7E4
FFFFFCA8
00000B3E
0000031D
FFFFF82E
000001E4
00000319
FFFFFBEB
FFFFFEE9
FFFFF982
FFFFFAEB
FFFFFE16
000002C5
FFFFFA20
00000385
FFFFFAA3
FFFFFE55
00000ABB
FFFFFB00
000006D2
FFFFFE29
000000C2
000004B9
0000064E
00000207
FFFFF7CB
FFFFF972
000000D2
000000F4
FFFFFD2E
FFFFFA1B
FFFFF3DE
FFFFF885
FFFFFB50
0000086D
00000666
FFFFFAD7
FFFFF7B0
FFFFFEC7
FFFFFB2B
FFFFFDFF
00000264
FFFFFBCE
000005D3
000002CF
00000304
0000015B
00000484
000002A8
FFFFFFD3
000001D7
FFFFF789
FFFFFBBB
FFFFFC29
FFFFFA35
FFFFF56E
FFFFF767
00000738
FFFFF65D
00000189
0000070B
00000583
FFFFFC8B
000003B1
00000591
FFFFF956
00000508
0000063D
000008F0
FFFFFED6
0000063B
00000115
FFFFF898
0000018B
FFFFFC23
0000023B
FFFFFFA9
00000113
0000015B
00000488
00000907
000000B0
FFFFF5AF
000003D7
000002CB
000000E9
FFFFFEEC
FFFFF793
FFFFFB99
0000023B
FFFFF78E
00000267
FFFFFA47
000003B7
FFFFFA42
FFFFF8E7
FFFFFCB5
00000BF6
FFFFF93A
00000464
000003C4
FFFFF6FC
FFFFF9DE
000006FE
FFFFF8ED
000002A6
FFFFFF83
0000013E
00000A56
000004F3
FFFFFD05
FFFFFE6F
000005E5
00000875
FFFFF9D6
FFFFF85E
FFFFFDA3
FFFFFF92
00000522
FFFFF914
FFFFF9DC
00000B71
00000088
0000054E
FFFFFCF9
000002A3
FFFFFDA0
000001C3
FFFFFEB0
FFFFFE03
0000026C
FFFFFCA2
00000496
000006DA
00000122
FFFFFF21
FFFFFD41
FFFFF9DE
000003E2
FFFFFC36
FFFFFBF4
FFFFFEB4
FFFFFF41
00000992
00000339
00000594
00000058
FFFFFDBD
00000724
000002E9
0000046E
00000603
000003E5
FFFFFF2B
000005F0
000001B6
FFFFF41E
00000187
00000886
00000948
00000440
00000198
0000092F
00000223
000002FE
00000D46
00000E26
00000E24
00000409
00000D28
000008CE
00000529
00000A58
0000080C
000003BB
000009D4
00000773
00000484
00000570
00000941
FFFFF75F
00000762
00000245
00000870
000008EA
FFFFFC8F
00000C6A
FFFFFF45
0000028C
FFFFFE99
00000AD0
0000005D
FFFFF7B5
00000942
000000EC
FFFFFF53
FFFFF9C3
00000252
FFFFF1A4
000007F9
FFFFF781
000002AA
FFFFFB0F
FFFFFF06
000006A2
FFFFFD1B
00000294
000003B5
00000051
0000011B
00000598
000002A2
FFFFFCE2
0000047B
00000022
FFFFFE22
000005A5
FFFFFC34
FFFFFA8B
00000C4D
00000967
00000876
000001C6
FFFFF940
FFFFFE35
FFFFFE9B
FFFFF2A6
FFFFF949
FFFFFD4A
00000611
00000082
000001B4
00000752
0000062E
0000066B
FFFFFB7F
FFFFFF32
00000563
FFFFFCB5
FFFFFA56
000003E2
FFFFF468
00000AD6
00000196
FFFFFB24
FFFFFDE2
0000080C
0000041E
FFFFFB22
000000C1
0000079D
FFFFF9FC
0000085E
000002EB
FFFFFCCA
0000080E
0000008B
FFFFFB67
00000A6D
00000BD5
000009D9
00000CF5
00000010
000002A4
FFFFFEB2
00000A08
FFFFFE78
FFFFFFF0
000003BA
00000744
0000018E
FFFFF5C3
0000025A
0000097A
FFFFFE9C
FFFFF88F
0000071F
00000706
00000012
0000017B
FFFFFE56
FFFFFD22
00000164
FFFFFDE8
00000372
00000576
00000683
00000944
00000706
00000C1D
FFFFFF9E
000001D1
FFFFFDA6
0000002E
00000C23
000003EF
FFFFFF33
FFFFFFB5
0000073F
FFFFFDCF
00000464
0000052E
00000724
00000CEF
000000D0
00000273
000003B9
000006D4
0000070B
FFFFFD05
FFFFFB99
000000B7
FFFFFA6A
FFFFFB43
000004A0
00000882
00000268
FFFFFE44
FFFFFDF0
000005D6
00000076
00000DBA
00000AF0
00000DBB
000004FA
00000021
0000091B
0000006A
00000AD5
0000090B
FFFFFAC5
FFFFF817
FFFFF97F
000004A3
FFFFF94E
FFFFFEFA
0000002A
FFFFFA1F
00000403
FFFFF769
FFFFFC26
00000667
FFFFFF59
FFFFF7A1
FFFFFD7B
FFFFFB2A
000004DF
FFFFFD6A
FFFFFBD1
FFFFF83F
00000788
000006B4
FFFFFEA3
00000238
FFFFFC9E
000002F8
00000008
FFFFFD27
FFFFFC60
FFFFF7F7
00000134
00000C89
FFFFF6BC
000001A2
FFFFFCD4
00000770
00000011
FFFFFB3D
FFFFFF4F
FFFFFF66
00000962
00000123
FFFFFD17
000005A6
0000007C
FFFFFB89
00000728
00000178
00000ACE
0000051B
FFFFF851
0000023D
00000669
FFFFF561
FFFFFCD3
FFFFFAEC
FFFFF279
000005E3
FFFFF586
00000651
00000263
FFFFF53D
000002EF
FFFFFEBF
000002DF
FFFFF996
FFFFF3B8
FFFFF240
FFFFFACC
FFFFF6DE
FFFFFC54
FFFFFD0F
FFFFF769
000002C3
FFFFFA79
FFFFFC42
FFFFFA14
FFFFF5E8
FFFFF664
000002BE
FFFFFCA4
FFFFFF5D
FFFFF798
FFFFFFC2
FFFFFE7E
000004B2
0000030F
000003BB
00000259
FFFFFC69
FFFFFB86
FFFFF913
FFFFF669
00000010
00000841
0000047D
000008FB
00000279
00000677
000004BB
00000437
0000007D
FFFFFCE8
00000371
FFFFF9A1
00000048
FFFFFAB0
00000050
00000204
FFFFFBB4
000005CB
FFFFF8C5
FFFFFCFB
000009BD
FFFFF871
000002BE
000002C6
000006B0
00000CA2
00000ED2
FFFFFA47
FFFFFDDA
000001D9
FFFFF63C
FFFFF580
00000091
FFFFF9B5
00000805
FFFFFCA0
FFFFFB43
FFFFF5F3
FFFFF6D8
FFFFFD5D
000002C2
000000BE
FFFFF6A5
000001F9
FFFFFA92
000003CC
FFFFF474
FFFFF504
FFFFFEB3
FFFFFBAF
FFFFF84E
FFFFFD34
FFFFF54E
0000077F
FFFFF738
00000084
FFFFF929
FFFFF362
FFFFFF51
FFFFF97E
FFFFFDF4
FFFFF508
000000F0
00000628
FFFFF989
000003BB
FFFFFA29
000002D1
0000017A
FFFFF6E8
0000033A
00000244
FFFFF729
FFFFF921
FFFFF7A0
FFFFF614
00000607
FFFFFAEC
0000037E
0000011E
00000033
FFFFFE67
FFFFFFD6
000007DA
000001A1
FFFFF91E
FFFFF504
000005A7
000001C2
00000334
00000B0E
000001F5
00000796
000001AE
0000018A
00000338
0000055B
00000687
00000651
00000611
0000070D
0000010A
0000036A
00000612
00000B82
00000993
FFFFFF13
FFFFFF45
FFFFFB45
00000349
FFFFFCDA
FFFFFC5C
FFFFF380
FFFFF3F9
FFFFFDFF
00000024
FFFFF908
00000232
00000911
FFFFFA94
00000521
00000193
FFFFFD00
FFFFFDAC
FFFFF9E9
FFFFFA53
00000E7B
FFFFF5AA
FFFFFCF5
000002BF
00000105
FFFFFC50
00000082
FFFFECDC
000003E0
00000645
00000BB6
FFFFF897
0000049B
FFFFEF4D
FFFFFC33
00000445
FFFFFDCA
00001421
FFFFF768
FFFFF8C4
FFFFFAB8
FFFFFA32
0000061F
000007CD
00000226
FFFFF0CD
000001FC
FFFFFE4B
000006C9
FFFFFBE7
000006FA
000011CE
000000E6
00000C56
000001D4
0000063C
FFFFFD97
FFFFF5CE
FFFFFF23
FFFFF873
00000B73
0000096B
00000FEF
FFFFF885
00000943
FFFFFF74
FFFFF3B3
FFFFED37
FFFFFB2C
0000109B
FFFFEF2E
0000019B
00000597
00000860
00000425
0000101A
FFFFEE18
00000134
000007AC
00000DE6
FFFFFF4A
0000064A
FFFFFF0C
FFFFF1BB
00000826
FFFFEA7B
FFFFF581
000008C5
FFFFF26D
00001272
00000201
FFFFFEA0
FFFFF8A8
FFFFFA34
FFFFF22A
000008EA
000004EA
FFFFF041
00000AFB
FFFFFF66
FFFFFEBF
FFFFFA1D
FFFFF12C
FFFFFBD7
00000D6D
000007C3
FFFFF379
FFFFFD66
0000036D
00000ADF
FFFFEE67
000007D4
0000146E
FFFFFB55
FFFFF580
00000848
00000795
FFFFFC06
FFFFF13C
FFFFFBBC
00000075
FFFFF9E0
00000049
00000002
FFFFF9AC
00000E3D
FFFFEFE6
FFFFFCF6
00000954
00000975
0000101D
00000821
FFFFF24A
FFFFFC1F
FFFFF811
FFFFFCD8
FFFFF272
FFFFF6C2
00000054
00000724
00000AED
FFFFF4F0
00000094
0000001D
FFFFF9EE
00000A45
FFFFF841
0000002A
FFFFF7BF
FFFFFB10
00001891
00000256
00000C3D
00000888
FFFFF9DD
000000FC
FFFFF894
000003DC
00000218
00000DDD
00000D98
FFFFF3B2
00000B5D
FFFFFA91
FFFFFFD7
000001B7
000010E3
FFFFF207
0000032F
0000041C
FFFFFFCB
000001D9
000004DF
FFFFF7FC
0000058F
FFFFFF33
FFFFF6F2
FFFFFE5D
FFFFF7CB
00000A65
FFFFEF60
FFFFFC43
00000C17
FFFFF749
00000136
FFFFF386
000006B6
000000E0
FFFFFEC2
000009B2
FFFFF70C
FFFFFA0E
FFFFECAD
FFFFFE1E
FFFFEF8E
0000013C
FFFFFF3F
FFFFFAC5
000000D2
00001211
00000025
FFFFF966
00000781
0000085A
FFFFF603
0000042E
FFFFFDB6
00000D39
FFFFFC8D
00000A0A
FFFFF116
00000E0B
FFFFF727
00000E20
FFFFF326
FFFFF869
0000046C
FFFFFC3C
FFFFF5DA
FFFFFBF9
00000D23
FFFFFF06
FFFFFA89
00000368
FFFFF6BA
FFFFF508
FFFFF620
000004FE
0000007C
FFFFE95B
0000014F
00000A9D
FFFFF9BB
00000B93
000015AC
00001215
0000070A
00000386
000000A5
00000AEC
000006B6
FFFFFE68
FFFFFA2B
00001256
FFFFF7D2
FFFFF910
FFFFF267
FFFFF420
FFFFF468
00000DF3
0000053B
00000A70
000015F9
00000C18
00000B3B
FFFFF711
000002DC
00000712
FFFFFD21
00000980
00000063
00000630
FFFFFFD5
FFFFFBE3
FFFFFDD8
00000F4C
FFFFFD09
00000A9E
FFFFFE22
0000176E
FFFFF28F
FFFFEDF6
FFFFF095
000013EA
000009D0
000004B0
FFFFF3C8
FFFFF6E0
FFFFF93D
00001AD2
FFFFFB8E
FFFFFB7D
000007E7
00000333
000011A1
0000108D
00000BE6
00000D6A
FFFFFA79
000008C8
000004A9
FFFFF0F6
FFFFFF16
0000080B
00000C88
00000172
0000004C
FFFFF339
FFFFFDC8
FFFFFD8E
00000CE8
00001139
00000B73
00000837
00000412
00000876
FFFFFA98
00000BF5
FFFFF73E
FFFFF592
FFFFF4EA
000001B7
00000C64
FFFFFD81
0000138D
000006D4
0000053A
00000EDF
000006C1
FFFFFAEC
0000012E
00000574
00000ED2
0000096F
000002A2
00000109
000005DE
FFFFEDBB
FFFFEFA6
00000064
FFFFFFC0
FFFFEEB4
FFFFF649
00000218
0000110C
00001286
FFFFEEB1
00000F1E
000008E7
FFFFFFEE
000004F1
FFFFF233
FFFFFD88
FFFFF928
FFFFF256
FFFFF92B
FFFFF2B0
FFFFF7A9
00000016
0000001C
FFFFFC39
FFFFFF4A
000008B7
000008DF
FFFFEFA4
FFFFF4F7
00000103
0000026F
000000B9
00000CD7
FFFFF558
FFFFF873
000004EA
0000003C
FFFFF508
000009D2
00000E93
FFFFF7E6
FFFFF918
0000022C
0000041A
FFFFFB6B
00000052
000007DB
FFFFF8E5
00000A12
FFFFFAA0
00000203
00000726
000014A6
00001512
FFFFFE7B
FFFFFF82
FFFFF164
00001356
00000235
00000F9F
FFFFFD38
FFFFF3EC
00000AF9
00000096
FFFFFAD1
000002F5
00000350
FFFFFE23
FFFFF44E
FFFFFDD2
FFFFF77B
00000884
FFFFEEB7
0000040C
FFFFF893
000001F7
FFFFFA6E
00000867
000007A3
000006D2
FFFFFBAD
FFFFF80C
00000E4E
00001157
00000F16
FFFFEF2A
FFFFF856
00000C53
000004C0
FFFFFAED
FFFFFFDB
FFFFFD72
FFFFF21F
FFFFF110
0000033F
FFFFFDB4
FFFFFEF0
FFFFF36E
FFFFF5A4
00000BAA
FFFFF160
FFFFFF8A
00000841
FFFFF849
FFFFF08E
FFFFF0E2
0000018E
00001317
FFFFE976
FFFFF2CB
FFFFFB16
00000B07
FFFFFFE1
FFFFF37A
FFFFF2A5
0000008E
00000E10
FFFFFBCC
00000496
FFFFFD6C
00000D71
FFFFF5FD
FFFFFB10
00001420
FFFFF7EA
FFFFF6AC
00000627
FFFFFFD4
00000819
00001243
FFFFF7CA
000001EA
0000082C
00000C24
FFFFF6AE
000001B2
000013CB
FFFFFFEA
FFFFF670
FFFFFB70
FFFFEBE6
00000488
00000550
000012A2
FFFFE4CD
FFFFF926
FFFFF71A
FFFFF6BD
000003E0
000009B9
00000790
00000A2E
00000A13
00000F8E
00000DBD
000002D3
00000545
FFFFF9F4
00000217
000004D3
0000036C
00000051
0000011A
FFFFF24E
FFFFF86C
FFFFFAB9
00000D06
00000473
00000788
0000089B
00000D2B
FFFFF634
00000793
00000720
00000ACA
FFFFFA87
00002022
FFFFF2D8
FFFFEE32
FFFFFEFF
00000DB5
FFFFFF66
000015FD
FFFFF811
00000313
FFFFF6F5
00000798
0000023E
0000055F
FFFFFB7B
000005FA
FFFFEB3E
FFFFF1B4
FFFFF5C7
00000564
FFFFF523
00000820
FFFFF44B
0000030F
FFFFF657
FFFFF3CB
FFFFF8B1
0000037D
00000CFD
00000638
000004D4
000011DA
000010D2
00000616
00000114
FFFFF5FA
FFFFF94E
FFFFF6AC
FFFFFA2A
FFFFFB8D
FFFFF93C
00000BDB
000004F2
00000400
FFFFED2C
00000121
00000B6D
FFFFFEBA
00000206
00000311
FFFFFFCE
FFFFF8F7
00000878
000009A0
000000E5
00000D7C
0000040C
0000033D
00000987
00001083
00000054
0000061D
FFFFFF60
00000F0B
FFFFF170
00000084
FFFFF156
FFFFFA06
000004F0
00000C3B
00000BC1
FFFFF86C
0000024E
00000A93
00000105
0000005D
00000C40
FFFFF093
00000392
FFFFEFEC
0000042B
FFFFF013
000009AA
FFFFF61A
0000022B
FFFFFC86
FFFFF673
0000079F
FFFFFCB2
FFFFFE4F
FFFFF7F6
000004C4
000000C0
FFFFFF4B
FFFFFE89
FFFFFF6D
FFFFFEBA
0000015A
FFFFFF2A
FFFFFCDF
FFFFFCE5
FFFFFCD5
FFFFFD29
00000092
FFFFFF55
FFFFFF12
000001A0
FFFFFE92
FFFFFD50
FFFFFC62
FFFFFFA7
FFFFFF25
00000541
FFFFFE85
FFFFF97A
FFFFFAAC
000003BD
00000086
FFFFFFD7
00000405
00000465
0000010B
00000142
0000032E
0000008A
00000552
000004FC
FFFFFD17
0000036A
00000139
00000439
00000114
000000B1
FFFFFBF3
FFFFFD4B
00000458
000000B3
FFFFFE8A
0000000B
FFFFFE7D
0000035C
FFFFFEA0
0000001D
FFFFFBEF
FFFFFF53
0000004C
FFFFFACD
FFFFFA22
FFFFFA6C
FFFFFA8F
FFFFFF7B
000000F2
00000023
FFFFFD5E
FFFFFFFB
00000142
FFFFF9F7
00000650
FFFFFA07
000003BF
00000260
FFFFFF64
00000230
00000376
FFFFFF19
FFFFFC0B
00000081
FFFFFF80
00000288
00000534
000000FF
000002EA
00000036
FFFFFB7B
0000003D
00000016
00000322
00000380
FFFFFD6C
000002C9
00000570
00000322
FFFFFE0E
00000085
000000D7
0000006A
FFFFFD07
00000235
FFFFFAFA
FFFFFA99
00000032
000000A3
FFFFFD41
00000252
000000A7
00000165
000002F0
FFFFFFBD
00000000
FFFFFC83
000000FF
FFFFFCE4
FFFFFF90
000001E6
FFFFFDD2
FFFFFB7A
0000040D
FFFFFC77
FFFFFC8B
00000217
FFFFFD5D
FFFFFDC0
000003A4
00000291
000002C8
FFFFFD42
000001BA
FFFFFED5
0000000E
FFFFFFAF
0000064F
FFFFFE19
00000018
0000005D
FFFFFCA6
00000675
FFFFFBF8
FFFFFE14
00000187
FFFFFFF1
FFFFFF90
0000003D
FFFFFFDA
00000011
FFFFFD83
FFFFFA84
FFFFFA68
FFFFFD69
00000301
0000002E
0000008E
0000001F
FFFFF8BE
FFFFFE9F
FFFFF952
FFFFFEDC
FFFFF9C8
0000017F
0000008E
FFFFFE6B
FFFFF8D3
FFFFFE94
FFFFFEDA
0000006C
FFFFF8FC
FFFFFF77
FFFFF966
FFFFFD48
000000EE
0000004D
FFFFFF43
000001A6
000001DC
FFFFF966
00000181
00000401
00000068
FFFFFB48
000000C6
00000187
FFFFFC32
FFFFFA8C
FFFFFA3A
00000084
FFFFFB6B
FFFFFE03
FFFFFCE9
00000314
FFFFFA2F
FFFFF8B0
000000AC
FFFFF986
FFFFFA77
FFFFFAA7
00000112
00000075
FFFFFF36
FFFFFB32
FFFFF964
FFFFFE2A
FFFFFF8F
FFFFFA74
FFFFFEC6
00000076
FFFFFAC9
FFFFFF7C
FFFFFD59
FFFFFB16
FFFFFE22
FFFFFC9C
FFFFFEAE
FFFFFC4B
FFFFFCE2
00000452
FFFFFEDD
FFFFFBB5
FFFFFF0C
FFFFFF2D
FFFFFDE5
FFFFFBE3
FFFFFEBD
FFFFFC09
00000061
FFFFFC86
FFFFFCDD
00000058
000005AC
FFFFFBED
FFFFFD2D
0000011B
FFFFFFDF
FFFFFF7C
00000365
FFFFFBE7
00000183
FFFFFEE2
FFFFFD0B
FFFFFDFE
FFFFFA9D
FFFFFFAC
FFFFFAA3
00000051
FFFFFE9A
FFFFFF72
000003EA
00000207
FFFFFEC2
0000010A
0000012F
FFFFFEA5
0000013F
FFFFFAF5
FFFFFDF0
FFFFFC25
FFFFFF26
FFFFFA8B
FFFFFD4E
FFFFFFA8
FFFFFCB7
FFFFFD08
FFFFFC3C
FFFFF7F0
FFFFFD70
0000012B
FFFFFE7E
FFFFFD06
0000031A
0000013E
FFFFFD51
FFFFFFE4
FFFFF975
FFFFFED1
0000019A
00000146
FFFFFE88
00000049
FFFFFDAF
FFFFFD67
FFFFFD5A
000000F3
0000017E
FFFFFE15
000001DC
FFFFFB98
FFFFFF45
FFFFFC6C
00000086
FFFFFC42
00000071
FFFFFFDF
FFFFFE1F
00000042
00000246
FFFFFBE6
FFFFFA09
FFFFFEE1
FFFFFF63
000002A8
FFFFFE63
0000017D
000000DF
FFFFFB57
00000164
0000002C
FFFFFD2D
FFFFFDD6
FFFFFD51
00000550
0000035C
000002D4
00000260
FFFFFE91
FFFFFC42
FFFFFE90
000004BA
00000002
FFFFFD32
FFFFFF24
FFFFFAE2
FFFFFA16
FFFFFD4C
FFFFFEA0
000000CA
FFFFF964
00000157
000000DC
000002F9
FFFFFD49
000000DC
FFFFFEBC
0000038F
FFFFFF4D
FFFFFD26
FFFFFD9D
00000237
FFFFFF5A
FFFFFFB7
000001A2
00000348
FFFFFEBF
FFFFFB48
FFFFFAF5
FFFFFE47
FFFFF9C8
FFFFFD40
FFFFFB92
FFFFFA7C
000000ED
FFFFFA9B
FFFFFCB2
00000055
0000017B
FFFFFE71
FFFFFFF7
FFFFFA43
FFFFFF61
FFFFFFB0
FFFFFBDD
000004FC
FFFFFED9
00000394
0000029F
FFFFFF56
00000094
00000140
00000461
FFFFFDDB
FFFFFC2C
FFFFFD4B
FFFFFF47
FFFFF9CC
FFFFFAF3
FFFFFDE9
FFFFFCC6
0000016F
FFFFFB08
FFFFFE98
FFFFFC98
00000174
000000F8
FFFFFFDB
FFFFFF4B
0000007C
0000011E
FFFFFD5C
FFFFFCBB
000000F7
000003AA
FFFFFFC8
000001AA
FFFFFB35
00000023
0000051A
00000369
0000010B
FFFFFB93
FFFFFFE3
FFFFFEB8
FFFFFB0D
FFFFFE49
00000346
FFFFFD9F
00000131
0000006B
FFFFFACB
0000016F
000000A9
00000000
00000341
FFFFF8C2
00000171
FFFFFEA8
FFFFFEBD
FFFFFE3E
FFFFFB19
00000255
000000C0
00000173
FFFFF9FA
00000026
FFFFFE34
0000007F
FFFFFF11
000001FF
000002E5
0000017F
FFFFFDC6
FFFFF9B1
00000331
FFFFFE52
000001F1
FFFFFF7B
0000024B
00000055
FFFFFE56
FFFFFEFD
000001FB
000001D9
FFFFFFA6
FFFFFEE1
0000001B
FFFFFF65
FFFFFB52
FFFFFFD8
FFFFF7AB
FFFFFDBE
FFFFFBB2
FFFFFDA5
000000E9
FFFFFD78
FFFFF864
000002D1
000001F8
0000019A
FFFFFBAC
00000224
FFFFFF5B
FFFFFF44
FFFFFFCB
FFFFFE2F
0000018D
FFFFF9DF
FFFFFED4
FFFFFD9D
FFFFFD28
FFFFFDDC
000001E1
FFFFFCF0
FFFFFC3C
00000109
00000349
FFFFFC39
00000411
FFFFFC03
FFFFFF37
FFFFFEB9
00000469
FFFFFC82
FFFFFD25
FFFFFED9
FFFFFC14
FFFFFBA1
FFFFFC12
FFFFF822
FFFFFCC1
FFFFFD33
FFFFF9C7
000000D4
0000006E
00000079
FFFFFC0E
FFFFFB6A
FFFFF78C
FFFFFD3A
FFFFFD17
FFFFFA88
000000DA
000001EC
FFFFFEA7
FFFFFEE3
FFFFFFE5
FFFFFC95
00000300
FFFFFC2D
00000106
FFFFFC10
0000015F
FFFFF9E3
00000322
FFFFFC6D
FFFFFAA1
0000042C
FFFFFCA5
00000095
FFFFFD2C
FFFFFF42
FFFFFE55
FFFFFBAC
00000201
FFFFFDD7
FFFFFEC8
FFFFFC93
FFFFFEBC
0000032A
000000B1
00000126
FFFFFD67
FFFFFAA3
00000117
00000176
FFFFFC96
FFFFF8D6
FFFFFB9D
FFFFF900
FFFFF95E
FFFFF98D
FFFFFFA9
FFFFF9FA
FFFFFADF
00000131
FFFFFAFD
FFFFFDFF
00000240
FFFFFBCB
FFFFFC70
FFFFFEA6
FFFFFF8D
00000257
FFFFFC6E
FFFFFD40
FFFFFE12
FFFFFAAA
FFFFF84C
FFFFF86A
FFFFFCB3
00000000
000000E5
FFFFFB1B
FFFFF945
FFFFFDE9
000001EE
FFFFFDEA
00000341
FFFFFFB7
FFFFFFF0
FFFFFD60
FFFFFA81
00000224
00000065
00000482
00000223
FFFFFC33
FFFFFFFC
0000014E
FFFFFE29
000003ED
FFFFFB35
00000671
FFFFFA08
00000633
FFFFFD73
FFFFF97C
0000006F
000001CD
00000177
00000156
00000B91
000008C8
00000721
000003B8
00001067
00000AB0
00000AC6
00000A10
0000032F
000002AF
FFFFFE3B
FFFFF543
00000415
000002A9
FFFFFE90
000001A8
FFFFFCFC
FFFFF9FF
FFFFF936
FFFFFA3A
FFFFFBBA
FFFFF4E4
FFFFFB4C
00000479
FFFFF54E
FFFFF3A1
FFFFFD0B
FFFFF73F
FFFFF709
000004A2
000002D4
00000661
00000051
0000031B
FFFFF9ED
FFFFFCFA
0000001C
00000659
00000773
FFFFFCDF
FFFFFDD7
00000801
00000089
FFFFF6A7
0000074E
FFFFFA00
FFFFF6C2
FFFFFC40
FFFFFE25
000001CA
FFFFFEDB
FFFFFA42
FFFFFEB1
FFFFFAD4
FFFFF704
000002F1
FFFFFC3F
FFFFFD02
FFFFFB6D
FFFFFC68
FFFFFEC0
FFFFFA85
FFFFFC8A
FFFFFE44
0000012A
00000307
000000A5
00000934
FFFFFE30
000003DC
000002A2
000003B2
00000170
FFFFF9E7
0000073B
FFFFFFB5
FFFFFEB0
FFFFFFDB
00000808
0000040D
000003CB
FFFFFDCE
FFFFF7FD
FFFFEF14
0000055E
FFFFFCC9
FFFFF6FC
0000013E
FFFFFCA0
FFFFF71B
FFFFF7EE
FFFFF9C4
00000418
FFFFF881
FFFFF868
0000019E
000000FA
00000337
FFFFFE23
0000008A
00000475
FFFFFDC4
00000C09
00000458
FFFFFE88
FFFFFE97
FFFFFEDE
FFFFFD43
FFFFF96B
FFFFFF94
FFFFFC54
000004DE
FFFFF79C
FFFFF99E
FFFFFA02
FFFFFF4A
000002AE
FFFFF7CE
FFFFF6F6
FFFFF97A
00000059
FFFFFC16
FFFFFD51
00000247
00000299
00000667
0000028A
FFFFF90F
FFFFFB6B
0000013C
FFFFF789
FFFFFEAE
000001BA
FFFFFBB3
FFFFFC92
FFFFF674
00000661
FFFFFD2C
FFFFF761
000005EB
FFFFFDE4
FFFFFACD
FFFFFFD1
FFFFFD55
00000866
FFFFFC72
FFFFFD51
000004E8
FFFFFC8F
00000281
0000020C
000004F0
000008BA
FFFFFC19
FFFFFEF2
FFFFFB59
FFFFF4D2
FFFFFF15
FFFFFFB1
0000043E
0000014C
FFFFFEDE
000003F8
000009DC
000005BB
0000023B
00000796
00000424
FFFFFB3D
FFFFFF2E
000000F1
FFFFF7BE
0000046E
FFFFF6A8
FFFFFA34
FFFFFADC
00000056
0000034B
FFFFFD1C
000003B9
FFFFFBC1
FFFFF68E
FFFFFDA9
FFFFFCEC
FFFFFEAA
000003F0
FFFFFA01
FFFFFE4F
FFFFF9F6
00000420
FFFFFD41
FFFFFD93
000005BD
00000796
000000FE
0000032A
000007DD
00000A95
FFFFFE25
FFFFFAB9
FFFFF674
FFFFF8BA
000005B1
000003AD
FFFFF613
FFFFF78C
FFFFF649
FFFFFF2B
FFFFFF76
00000170
FFFFFFC4
FFFFFEAA
FFFFFC46
FFFFF424
FFFFFFE3
FFFFFFE0
FFFFFD89
FFFFF615
FFFFFEB5
00000373
FFFFFE6B
0000001E
FFFFFE43
FFFFF3E7
FFFFFD8B
FFFFF737
000001F7
FFFFFFA8
FFFFF90B
FFFFF739
FFFFFC7A
FFFFFA71
FFFFFC28
00000359
FFFFFAFF
FFFFFD09
00000506
0000097E
000005E7
FFFFFA10
00000766
000007F6
FFFFF9E2
FFFFF27B
FFFFFEA4
FFFFF49F
000000CA
00000460
0000019F
FFFFFCFB
FFFFFB6F
FFFFF4B3
00000290
00000975
000004A0
00000A63
00000D72
000004FB
FFFFFF42
000006F0
000000AC
00000263
FFFFFF96
00000079
FFFFFAEA
00000081
00000180
00000637
00000386
00000648
00000329
00000BD2
FFFFFF7A
000001C9
00000056
00000C69
FFFFFFF8
FFFFFFB8
00000016
FFFFFE0E
000005F7
0000064C
FFFFFFF0
00000A1F
000002AB
FFFFFF1D
FFFFFCD3
FFFFFB12
FFFFF6BB
FFFFFE2B
FFFFF6ED
FFFFFAD4
FFFFFD01
000003D1
FFFFFA68
FFFFF884
FFFFF517
FFFFFE92
FFFFF373
FFFFF0C7
FFFFF322
FFFFF6AE
FFFFF5E3
FFFFF66E
FFFFF2DF
FFFFF3E3
FFFFFF3E
FFFFFDDC
FFFFFF7C
FFFFFA2B
0000065F
FFFFFD64
FFFFFE66
FFFFFC2B
FFFFFFE4
0000008C
FFFFFC89
0000025F
000002D2
000001B8
FFFFFD81
FFFFFB96
FFFFFE85
00000057
FFFFFC6B
FFFFFC39
FFFFFC8F
FFFFFEC7
000001F4
00000398
FFFFF961
00000201
FFFFFFC1
FFFFFEE4
FFFFFD32
000003FE
000000D6
FFFFF6F7
FFFFFCD1
0000020A
FFFFF78B
FFFFF5EF
0000019C
FFFFFCED
000004E8
000003AA
00000066
000009E2
000000AD
0000054D
FFFFFCFE
00000BF3
00000799
00000922
000007BC
000004CC
00000014
FFFFFFF1
0000081B
FFFFFEEB
00000354
FFFFF931
FFFFFD12
000002E5
FFFFF60B
FFFFFA85
FFFFF829
00000025
FFFFFAD8
000001F7
FFFFFA9E
00000262
0000049F
0000061F
0000066B
00000699
0000055A
00000797
FFFFFA79
000002F4
FFFFF72F
FFFFF9DA
FFFFFB5D
FFFFFE41
FFFFFD57
0000022A
0000020C
FFFFF6E7
00000116
FFFFFFDC
FFFFFDF9
FFFFFD81
FFFFFECA
00000122
FFFFF891
FFFFFE77
FFFFF8F3
0000066B
FFFFF918
FFFFFF8A
FFFFFA77
FFFFF9FA
FFFFFAE2
000006EA
00000120
FFFFFB90
FFFFFEE7
FFFFFA3C
0000020A
0000075F
00000087
FFFFF989
0000022A
FFFFF4CA
FFFFFA98
00000178
00000566
FFFFFCB5
0000029C
FFFFFDB8
FFFFFD6E
FFFFF75D
FFFFFE78
00000306
FFFFF7A9
FFFFFF91
FFFFF759
FFFFFCA6
000001C2
FFFFF253
FFFFFA8B
FFFFFCE9
FFFFF865
FFFFFA60
FFFFF939
00000054
FFFFFA10
FFFFFA5C
FFFFFAB0
0000054D
00000272
FFFFFA97
FFFFF819
000004AA
FFFFF6C3
00000224
0000055A
FFFFFF87
0000041C
FFFFF78B
FFFFF4E0
000003FC
FFFFFB3D
FFFFF61B
FFFFF7EC
FFFFFEE7
FFFFFB5A
FFFFF469
00000133
FFFFFA06
00000117
000002E4
000008B2
FFFFFFBB
000002E6
FFFFFD92
0000038D
FFFFFF8A
0000016B
000002EE
FFFFFED1
FFFFF659
FFFFFE41
FFFFFE00
FFFFFFAA
FFFFF949
FFFFFD99
FFFFFA6E
FFFFFC9D
FFFFFE46
FFFFF742
000005D0
FFFFFD47
00000229
000008D1
0000020E
00000242
FFFFFD5E
00000379
000004E1
FFFFFE71
FFFFFD81
000000DB
000002F4
000004AD
000003E5
00000074
0000039A
000005BE
FFFFFE90
000000FB
FFFFFEA9
FFFFFB3A
FFFFFC62
00000998
FFFFFC42
FFFFFF54
FFFFFEEF
0000026B
000008C6
0000085E
0000049B
FFFFFF8C
00000116
FFFFFE4F
00000785
00000565
00000B50
FFFFFFEC
0000081A
000007F4
FFFFFC32
0000009B
000003A9
00000758
0000004C
00000250
00000803
00000515
FFFFF6D7
FFFFFB57
FFFFFC55
000003B7
FFFFFF2B
0000000E
000001F7
FFFFFEB2
000003A6
FFFFF7BF
FFFFF65A
FFFFFB7E
00000142
00000798
000006B1
0000074A
00000028
FFFFFDC4
00000947
00000077
00000981
000000F8
000005BE
00000246
0000060D
000002FE
0000061E
000003BF
FFFFFCDA
0000015A
FFFFF9FC
FFFFF831
FFFFFC95
FFFFFF48
FFFFFEE3
FFFFFC8D
000001AE
000001A5
FFFFFA10
0000000F
FFFFF55B
0000025F
00000768
FFFFFF71
00000571
FFFFFA3A
000003B9
FFFFFE67
FFFFE9C8
FFFFFCAD
00000978
000007C9
00000064
FFFFFCAF
000009E1
000003B9
00000A47
FFFFF77B
000012C1
000005C7
FFFFF203
00000CBC
FFFFFE00
00000952
0000076E
00000BE3
000008FE
00000F4E
FFFFFA3F
00000213
00000CAA
00000839
FFFFFC89
FFFFF676
FFFFF415
00000388
000003FA
FFFFFBFE
FFFFED4E
FFFFFEBF
FFFFFE67
FFFFF3FD
FFFFF47B
FFFFFF16
00000233
FFFFFDA9
00000908
FFFFFC4C
FFFFFD62
00000C65
000004DC
FFFFFF67
000001A0
FFFFF16F
FFFFEEB5
FFFFE9FA
FFFFEAD4
FFFFEFA1
FFFFEFF1
FFFFF61F
0000049F
00000054
FFFFF578
FFFFF3D8
000001D0
FFFFF6F0
FFFFF9EB
0000054D
0000026B
FFFFFBB4
0000038C
FFFFF5E5
FFFFFBC9
000003BF
FFFFF82C
FFFFFB6C
0000043A
FFFFEC4F
FFFFEFAD
00000258
FFFFEE75
FFFFFCAC
FFFFFD55
FFFFF8BB
FFFFF312
FFFFF616
FFFFFC71
FFFFF672
00000618
FFFFFDDF
000000B4
FFFFF58D
FFFFFCD7
FFFFFBB5
00000B09
000002DB
00000237
FFFFFC3C
FFFFFBAC
FFFFF294
00000E47
FFFFFD5A
FFFFFDCB
00000816
FFFFF8C4
FFFFFC7F
00000560
00000722
00000708
FFFFFBBE
FFFFEF16
0000011C
00000135
00000D4C
FFFFFF10
00000197
FFFFF3FF
FFFFFC5C
00000012
00000034
000008A1
00000A1D
FFFFFCBD
FFFFF8D2
000007DE
0000067D
00000B35
FFFFFDE7
0000111B
FFFFF3CA
00000050
00000451
00000510
FFFFFF41
FFFFF8C3
00000C2B
FFFFFBC2
FFFFFF9F
00000651
FFFFFA63
FFFFFCB2
00000FFB
000000D0
00000526
FFFFF97C
00000956
00000233
000004BC
FFFFFFC4
0000042E
0000092E
FFFFF87D
FFFFF59C
FFFFF3EF
00000181
FFFFFAF6
FFFFF755
00001097
00000096
FFFFFFA8
FFFFFC36
FFFFFB3C
FFFFF64B
00000878
0000168F
FFFFEEFA
00000DAC
FFFFFFF8
0000005F
FFFFF9A6
00000B2D
FFFFF939
FFFFF5AF
FFFFFD5E
FFFFF408
FFFFFCF9
00000C2F
00000A22
FFFFFA24
0000074E
FFFFF40B
FFFFEF1F
000002DA
0000090C
FFFFF80F
000000AE
FFFFFBBC
FFFFFDB4
000007F0
FFFFFA1A
00000870
0000053D
000005F1
00000B17
00000786
000009D6
FFFFFA9C
00000D63
00000A43
FFFFED4F
000009EF
FFFFFF10
FFFFFC81
FFFFF72D
FFFFFFAE
000000EF
00000D9D
00000909
00000DCC
00000C44
00000DE0
000010A6
0000116C
00000101
FFFFFA25
0000004B
000006EA
FFFFFF59
00001259
0000064D
FFFFF85E
00000937
00000211
00000942
00000DF6
00000C5C
FFFFF9DC
000003F5
FFFFFB6F
FFFFFE6D
FFFFFA1A
0000047F
0000043F
FFFFFA32
FFFFFE22
FFFFF616
FFFFF2BA
FFFFFD92
00000487
FFFFF198
00000065
FFFFFEC3
FFFFF7A7
0000057E
000006F7
00000286
00000CA8
00000C24
FFFFFEC7
00000977
00000048
FFFFFBE2
FFFFFE61
000006CA
FFFFF975
FFFFF6FC
FFFFF65F
00000669
000002C5
FFFFF844
FFFFFA0B
FFFFF196
00000307
FFFFFA0A
FFFFF209
000004DD
00000544
FFFFF522
FFFFFCB6
FFFFFA0D
FFFFF4D7
000001A8
FFFFFF1D
FFFFFEDD
00000470
0000032C
FFFFF7B9
000000EE
FFFFFCDE
FFFFF840
0000030E
00000224
000005EF
00000763
FFFFF61A
00000412
00000BF0
00000257
FFFFFF75
00000762
FFFFEF4E
FFFFF3B8
0000062A
00000AA4
00001312
FFFFFF06
00000781
00000898
00000E6E
000000D3
0000034B
FFFFFA72
0000076C
000003B1
FFFFF58F
FFFFFC4D
000000AC
FFFFF203
000004BE
FFFFF820
FFFFFF5F
FFFFFE1C
FFFFFE8F
000001F1
FFFFFC7F
FFFFFE3B
000007F4
FFFFFC35
0000034D
FFFFF181
00000461
FFFFFE33
FFFFEF3E
FFFFFED4
000001CB
FFFFF408
000003BF
FFFFFAC9
FFFFF98A
00000A3B
000000AE
000009FF
FFFFFBDA
0000065F
FFFFF09B
FFFFEE95
0000084E
00000E0A
00000633
FFFFF3A7
00000581
FFFFF70E
00001053
00000A08
FFFFF69C
FFFFF060
00000FAA
000012D4
00000B48
FFFFF67B
FFFFF862
000008EA
FFFFFA9A
FFFFEDEA
00000677
FFFFFBFA
00000273
000007DD
00000311
0000028C
00000C41
000000AD
FFFFFFA2
000009A7
FFFFF8C8
00000BFE
FFFFFD71
FFFFFEBB
FFFFF1A2
FFFFF89E
00000718
00000FDE
FFFFF784
00000A74
000001BE
FFFFFEEB
000000A0
FFFFFA02
FFFFF421
FFFFF631
FFFFEADD
FFFFEE5F
FFFFFEF9
FFFFEBA6
FFFFEB4D
FFFFF97E
00000865
FFFFFDD8
000000EE
FFFFF5DC
FFFFF288
FFFFEC59
FFFFFA01
FFFFEEC4
000007FD
FFFFF5BA
00000498
FFFFF23D
FFFFF7FB
0000095A
FFFFF267
FFFFF43F
FFFFFAE6
FFFFF194
FFFFECF5
FFFFF848
FFFFF76F
00000019
000002C3
FFFFF675
000006B0
00000B8A
FFFFF6C8
FFFFFC79
000009B1
0000095A
FFFFF215
FFFFEE7C
FFFFF39E
000001B1
FFFFF943
FFFFF6E9
FFFFFB62
000002CB
0000065D
FFFFFBE9
FFFFFB17
00000FCC
0000075F
000009ED
FFFFE4A4
FFFFFD38
FFFFFA1A
0000006B
000008C9
FFFFEAD6
FFFFF91A
FFFFF4E1
FFFFF372
FFFFFCD6
FFFFFF1F
000005B5
00000C42
00000E89
00000359
FFFFFEAD
0000093E
FFFFFC48
FFFFF2E2
000000B6
FFFFFD23
000002FF
0000062E
00000188
000001F6
FFFFF69E
00000612
0000129E
FFFFFF2B
0000004D
00000E84
00000773
00001105
0000129A
FFFFFDAE
000003F8
FFFFFBA0
FFFFFC76
FFFFFA53
FFFFF651
00000163
000003F1
FFFFF361
00000811
FFFFF191
FFFFF953
000006FE
00000D12
FFFFFAAC
000007F2
FFFFFF7D
000006F3
00000FE7
00000CBB
0000076E
FFFFFC2C
FFFFFCB3
00000097
FFFFF7DF
00000337
FFFFFBC5
FFFFFBDD
FFFFF8DC
FFFFFDE0
0000032F
FFFFFDFF
FFFFF987
0000047A
FFFFFEAD
FFFFF436
FFFFF83C
FFFFF287
FFFFFA9E
FFFFF60A
FFFFFB7B
0000088E
FFFFF92F
FFFFFB3D
0000065C
000002CC
000005B3
FFFFFCAC
00000C34
000002B7
000000AC
FFFFF6BE
FFFFF976
00000018
FFFFF9FC
FFFFFB08
FFFFFD73
FFFFF460
000001B1
FFFFF04D
FFFFFB41
FFFFF78B
FFFFFAAF
00000566
FFFFEDED
0000003E
00001056
00000188
FFFFFBA3
00000254
FFFFFAF1
000006F0
0000049E
FFFFF68B
0000077C
FFFFFAB0
00000577
00000394
FFFFFFFF
00000023
FFFFFDDE
0000016A
00000EB4
FFFFF837
FFFFF975
FFFFF914
FFFFFAAE
00000759
000001E5
FFFFF7CB
00000834
FFFFFAE2
FFFFEFC1
FFFFE9F6
FFFFFA96
FFFFF300
FFFFFB9D
00000045
FFFFEF6C
FFFFFAB8
00000105
FFFFFF7F
FFFFF5BB
00000766
0000046D
00000408
FFFFF7FA
FFFFFCEE
FFFFFC34
0000025E
FFFFF8A5
FFFFFA20
FFFFFD20
000004C7
FFFFFC4B
FFFFFB36
FFFFED89
FFFFEF19
FFFFFE88
FFFFFAF6
FFFFF81B
FFFFEDA3
FFFFFB24
0000092A
0000091E
FFFFF36F
FFFFF55D
FFFFE86F
FFFFF7A8
00000928
00000BA6
FFFFF4A1
FFFFF4EB
FFFFFB98
FFFFF8EE
FFFFF357
FFFFF935
00000FDF
00000BB2
00000765
0000002C
FFFFFA31
00000000
FFFFFB69
00000D4C
00000383
000001B1
000002AE
FFFFFBD3
00000BD7
0000088B
000004BA
FFFFFB95
FFFFFF22
00000082
000013C2
00000B01
00001216
000006AD
FFFFF275
FFFFFBF2
000000C3
FFFFF569
00000080
000010EC
FFFFF870
000013B3
000005C5
000015D5
00000EEF
00000C5D
00000CE2
00000F48
FFFFFE2D
0000018E
0000082E
00000B25
00000889
00000BA0
FFFFFD04
FFFFFCD3
00000FC2
00000CCB
0000070D
FFFFFA79
FFFFF0B4
FFFFF975
FFFFFE7C
00000540
FFFFFFEC
FFFFF86F
FFFFFEA9
FFFFFFD9
00000CBE
FFFFFEC6
00000811
000001D7
FFFFF94E
000000A5
00000EEC
FFFFF926
FFFFFFD4
FFFFFEC3
0000034D
0000028B
000003D7
FFFFFEDB
0000031B
000000DF
00000572
FFFFF660
000006A4
FFFFF3ED
00000747
00000147
FFFFFFC2
00000A9B
FFFFF70F
FFFFFF01
FFFFF597
FFFFF68D
00000A2F
FFFFFAB3
00000FD4
00000040
FFFFF85C
FFFFFBE1
FFFFF4E1
000001A8
FFFFF77D
00000054
00000687
0000063D
FFFFFDC2
000000EB
FFFFF821
0000086F
00001331
0000078C
0000002D
FFFFF4E1
FFFFFE98
FFFFFC81
00000A5A
0000156E
000006BD
FFFFFCF2
000008D5
00000EFF
00000219
FFFFFC4A
FFFFFA7E
FFFFF7C1
FFFFFA57
00000299
FFFFF520
FFFFFC44
FFFFFB93
000013D9
000009A0
000008F5
00000628
0000076A
000005F4
000005CE
FFFFF680
0000089F
FFFFFAAA
0000087B
000001D5
FFFFFB2A
FFFFF396
FFFFFB2A
FFFFF902
00000E30
00000337
FFFFF721
FFFFFB29
FFFFEEAE
FFFFFEAD
0000043B
FFFFFB6F
FFFFFBFA
FFFFF821
FFFFF5F4
0000023A
FFFFFF3B
FFFFFEE4
FFFFF779
FFFFFBC0
000005CB
00000C75
000004C7
00000DEB
00000B32
00000472
FFFFF879
000006F6
FFFFFDD3
FFFFFB1C
00000BE8
FFFFF415
000001F8
FFFFF674
FFFFF099
000004E6
000000BF
000002FD
FFFFF87D
00000935
000006D7
00000194
000004E8
000003A1
FFFFFB68
FFFFFF95
0000019A
FFFFFC01
000007C2
FFFFF2A1
FFFFFB7E
FFFFF4D8
FFFFF27B
000007C1
00000231
FFFFFA33
00000655
FFFFF444
FFFFF290
00000966
000001EE
FFFFFB0C
0000008E
FFFFF062
00000578
00000330
FFFFFB9B
00000FFE
FFFFF7DE
000004EE
000005D7
00000028
FFFFFEA8
000005C3
FFFFFFEF
00000FC6
00000C7E
FFFFFA6D
00000A37
000003A1
FFFFFECC
00000D76
000002FD
00000491
FFFFFC5A
FFFFF2F3
0000090C
0000030D
FFFFF7BC
FFFFFF75
00000771
000009BA
FFFFFC8C
00000E30
00000A4F
00000661
FFFFFD9B
000002E5
0000023F
00000A2F
00000FB2
FFFFF6DD
FFFFF6D0
00000673
FFFFFC51
00000D72
00000B2F
FFFFF84C
FFFFFD05
0000087F
000015D0
FFFFF9A5
FFFFFB3A
00000157
0000023D
0000047A
00000B64
FFFFFDD0
000007E8
00000B79
00000669
00000C9C
000006E2
00000839
FFFFFA48
000001AF
00000B43
FFFFF991
FFFFF8DC
FFFFFDEE
FFFFFF6F
000003A2
00000CEF
00000F9E
FFFFFE6D
FFFFFC24
FFFFF32A
00000131
FFFFFE81
000006CA
00000075
FFFFFA9B
000001EA
000000E7
FFFFF65E
000009A5
00000377
00000F3D
00000476
0000110E
00000FA3
00000C23
0000141D
FFFFFF33
00000A55
00000755
000008F2
0000032A
FFFFF9A8
00000545
FFFFF883
FFFFFB81
FFFFFE6F
FFFFFCC7
00000E65
FFFFFAFB
00000CA0
00000B67
00000078
00000CC6
FFFFFC9E
0000050C
FFFFF449
00000B26
FFFFF99D
000009C1
FFFFFD38
FFFFFA59
00000508
00000768
FFFFFD9B
00000448
0000128F
FFFFF978
00000567
00001427
000009B8
00000A03
000000B4
FFFFFD38
FFFFFBFE
FFFFFF06
0000068E
00000378
00000B1F
FFFFF8B2
FFFFF752
FFFFF657
000000B1
00000702
FFFFFFB7
FFFFFBC8
00000C71
FFFFF2C5
FFFFFDEB
FFFFFFD8
FFFFFBE9
FFFFF20A
FFFFFAC2
FFFFFB60
FFFFF791
FFFFFB5E
00000540
000004A8
00000A02
FFFFFEAD
0000016C
FFFFFEAE
0000042D
0000097B
00000AA6
FFFFFA95
00000871
FFFFFC41
FFFFEE73
000001A3
FFFFF9A9
000007CF
0000087B
0000043D
0000071A
0000104D
000004C3
00000C31
00000D99
00000C8E
000005D0
0000027A
FFFFF88F
000009F9
00000048
0000067F
FFFFF6CF
FFFFFBFA
00000386
FFFFF9DF
FFFFFBE6
00000B1C
FFFFF8C6
0000078E
FFFFF37F
FFFFF4DA
FFFFFC4F
0000066A
00000AA1
FFFFF0E7
FFFFFD0C
FFFFFA51
0000136A
00000BFF
FFFFFB6F
FFFFFDBB
FFFFFE3F
00000658
000007C3
00000D4B
00000046
FFFFF97A
0000070D
000001FE
0000087D
0000036C
FFFFFFD9
000004B5
FFFFFF5E
00001ACB
000001EA
00000A8A
FFFFF370
00000561
00000F68
0000096E
0000036F
0000012A
FFFFF9A8
00000390
FFFFF515
FFFFF5DB
00000862
FFFFF561
0000046D
000008D8
00000340
00000817
000000AF
FFFFF318
0000075C
FFFFF3CE
FFFFFFFC
FFFFFF5B
FFFFF68C
000008A7
0000038A
00000BB3
FFFFFDCE
00000DDC
00000A5E
FFFFF5B3
0000011D
FFFFFC6A
FFFFF824
00000CCC
FFFFF9F8
00000031
FFFFFBE9
0000036E
000005C6
00000B95
0000065D
00000162
000002C3
00000BAD
00000653
000002CE
FFFFFA71
FFFFF380
00000850
000006A8
FFFFFD79
FFFFF98E
FFFFF401
0000041C
000004A6
0000088F
00000E40
FFFFF9B2
00000437
00000783
000002B5
0000029E
00000415
FFFFF470
00000271
FFFFFA8D
0000038B
FFFFF979
000007C0
FFFFFE30
0000024D
FFFFF6F4
FFFFFBB6
FFFFF965
00000771
00000B97
FFFFFDB3
00000540
FFFFF836
000005B4
FFFFFB0A
FFFFFA24
FFFFFF70
00000125
00000A57
00000930
00000954
FFFFF336
00000A39
00000C23
FFFFFC2F
000002F7
FFFFFB8F
000004A7
FFFFFCCF
00000BF2
FFFFF1B7
FFFFF2AD
0000071E
000002E8
000001BB
FFFFF905
FFFFFE77
FFFFF632
FFFFFA22
FFFFFD97
00000536
FFFFF668
0000045F
FFFFF167
FFFFFE26
FFFFFEF9
FFFFF455
FFFFFDF0
00000A29
0000080A
000011D5
FFFFFC79
FFFFFBBD
FFFFF585
FFFFF8BE
000004BE
000006F1
00000363
00000EC7
000007CC
FFFFFFB3
00000402
000001D9
FFFFF65C
00000556
FFFFF8C7
00000D54
00000340
FFFFFEF5
00000BBF
00000246
000011B5
FFFFEE11
00000646
FFFFEE78
FFFFE89C
000015ED
FFFFEF20
FFFFF118
000008A7
FFFFF735
000001D7
FFFFF9D0
FFFFFD57
FFFFF7A2
00000BA1
FFFFF65F
FFFFF3E5
00000E09
000007B6
0000001F
FFFFFA85
00000599
FFFFFFCA
00000705
FFFFFE9A
FFFFF82C
0000044A
000006B8
FFFFF26C
00000A24
00000646
000006EE
FFFFFDA5
0000081D
FFFFF6BA
0000090D
FFFFFE8D
FFFFF39D
00000BBF
FFFFFC9C
FFFFFB21
00000AD3
00000547
FFFFF29C
FFFFF7AC
FFFFFE6B
FFFFF705
FFFFFEAA
00000096
FFFFFD06
00000696
00000CBD
FFFFFCD3
0000147D
00000FC6
FFFFFC34
000009B3
00000591
00000BAE
00000754
000009FA
000012A0
00001233
000003CF
00000BBC
FFFFFB0D
FFFFFA9E
FFFFF0B7
000001B0
00000107
FFFFF941
00000EC9
000007F9
FFFFFBD9
FFFFFDDB
FFFFF39A
000001DE
000010EA
00000460
FFFFED3A
00000ABE
FFFFF0E2
FFFFF3CE
000006AD
FFFFFA32
FFFFF4CA
FFFFED9A
FFFFFCC4
FFFFEEED
000007B1
FFFFEE1B
00000314
FFFFF847
000008F5
FFFFF24F
FFFFEFED
FFFFFD1F
000003B5
FFFFF3CD
00000CC8
00000129
FFFFFD18
00001121
00000001
FFFFEBEB
00000F2A
FFFFFFC9
FFFFF360
FFFFFFFB
FFFFED43
0000219A
FFFFF362
FFFFEDAF
FFFFFF22
0000051A
FFFFF24D
00000654
FFFFE9F7
FFFFFECE
00000271
00000CD1
FFFFF6C8
00000BD5
000004E3
00000640
FFFFFDBB
000001F3
FFFFFB7C
00000713
FFFFFE1B
FFFFF705
00000285
000005B9
FFFFF57A
FFFFFF07
0000054C
FFFFF36C
00000924
00000625
000001D1
FFFFECE8
0000077E
FFFFF9E4
000004C6
FFFFFF46
000003B0
FFFFF728
000012B9
00000DCA
FFFFF101
00000204
0000112F
FFFFF1AE
000006E3
FFFFF6A3
FFFFFB93
FFFFF6EF
0000048C
FFFFF3FF
000007A1
FFFFEE95
0000004D
FFFFF796
000000B8
000002BA
FFFFFC88
FFFFF3A5
0000001C
000001A4
00000275
FFFFF5A2
00000191
00000335
FFFFF644
0000120F
0000082F
0000026F
00000E60
00001621
00000CD2
000012FD
00000467
00000244
00000998
00000A92
FFFFF0D6
0000086B
00000A51
FFFFF915
000003DA
FFFFFE2E
00000E5C
00000D34
00000032
00000C11
FFFFFC55
00000E41
000007BB
00000525
0000064E
FFFFF838
000005A3
FFFFF02B
FFFFFA27
000000D6
000004C7
FFFFFDDD
000006DD
FFFFF7A9
000000A4
FFFFFCE7
FFFFFE5F
00000BFE
FFFFFAD0
FFFFFF3E
00000673
000001A0
000000FF
FFFFF5E1
FFFFFD0E
00000081
FFFFF29C
FFFFF8E9
0000090C
FFFFFBA1
FFFFFC69
FFFFFA01
00000310
000004FA
FFFFFCE2
00000D99
000009FD
00000857
FFFFEC90
00000E9E
00000464
0000018F
FFFFFBEA
00000691
FFFFFF78
00000D90
00000657
00000D38
FFFFFDE7
00000D81
FFFFF9BA
FFFFFEDF
FFFFF85E
FFFFF62F
0000090D
00000736
FFFFF95D
00000A0B
00000322
000000FB
FFFFFBBB
FFFFFF6D
000002E7
FFFFFD54
00000ACA
000005FC
000004BF
000002FD
FFFFF72E
0000134A
FFFFFA62
FFFFF61F
00000C3B
00000639
FFFFFB37
0000028B
FFFFF1AF
00000FC4
FFFFF5BB
FFFFF1D1
000011EA
FFFFF9A5
FFFFE829
FFFFFAA3
00000868
FFFFF9D4
00000513
FFFFF0D4
FFFFF219
FFFFF567
000005E9
FFFFEB74
FFFFFFEB
00000115
FFFFF8CA
FFFFFD90
FFFFF535
FFFFF533
000002D0
FFFFF99A
FFFFFDE8
00000E83
000001D9
FFFFE8DE
FFFFFE16
FFFFF6F1
FFFFF107
00000F9C
FFFFFC5B
FFFFEDBB
00000385
00000307
FFFFF097
00000697
000006C5
FFFFFC6D
FFFFFEF4
00000332
FFFFF640
0000025E
0000060E
FFFFF812
FFFFFB2A
000004CA
FFFFFA2B
00000D06
000003DD
FFFFEF63
FFFFF643
FFFFF3E1
FFFFF1BA
FFFFF7EE
0000008F
FFFFF9F7
FFFFF3DA
00000874
0000025E
000001B3
000000A9
FFFFF378
FFFFF7AE
0000017E
FFFFF3E9
00000941
FFFFFD51
FFFFFA6F
00000D3C
FFFFFE40
FFFFF161
0000040C
FFFFF61C
FFFFF4F1
0000058D
FFFFFC21
00000177
000007D0
FFFFFB8F
00000555
00000235
00000679
FFFFF686
FFFFFF03
0000031F
FFFFF27A
FFFFF9D4
00000CE2
FFFFFF6B
00000AB5
000008E1
FFFFEF7D
000001AF
FFFFF3A6
000004FB
FFFFF83F
0000002B
000008BE
000008C0
00000AEC
FFFFF50B
0000090A
00000910
000003A6
FFFFFA58
00000A14
000007C9
000005EF
00000B46
FFFFF86E
00000102
00000326
000005AB
00000FBC
FFFFF67A
FFFFF9B1
FFFFFB95
000006B0
FFFFF68C
FFFFF083
FFFFE7B5
FFFFF0EB
FFFFFA6B
FFFFFBBD
000001E5
FFFFF689
000011D6
000000FF
FFFFF138
00000B0F
00000F62
FFFFEF93
FFFFFAC6
00000013
FFFFF823
FFFFFEEC
FFFFF9CC
FFFFFA92
FFFFF436
FFFFF669
000001DE
FFFFF876
FFFFEE5B
FFFFFC44
0000097C
FFFFF61C
0000110D
FFFFFAF4
FFFFF486
00000106
000001AE
FFFFFE92
00000DD7
FFFFFEE8
FFFFFE50
0000085D
0000049B
00000028
000008DB
0000042B
FFFFF818
000009F9
FFFFFD6D
00000493
00000063
FFFFFA34
FFFFFB8B
FFFFF3C8
000009A4
FFFFFC51
FFFFFDBF
FFFFFD13
00000001
00000096
00000A76
00000025
00000407
0000021C
000004F2
00000224
000001B2
FFFFF596
000004BC
FFFFF5B3
FFFFFFE2
FFFFFE40
FFFFFCB1
0000015B
00000C2E
FFFFFCAD
FFFFF9F7
FFFFF9BC
FFFFFCA5
FFFFF721
000001E7
0000094B
00000DC6
00000725
000001CB
FFFFFF28
00001018
FFFFFA0B
FFFFFAB8
00000699
000011B4
000002EE
00000549
00000368
0000080A
000009A8
FFFFFB82
FFFFFD85
FFFFF656
00000783
FFFFFB22
FFFFFDAB
00000432
000006D4
FFFFFE95
000010C6
FFFFFC36
FFFFFD88
000003D3
FFFFF594
FFFFFB93
0000001B
FFFFF269
FFFFF96A
0000034C
0000072C
00000A4F
FFFFFD96
00000C31
000006DE
000001A3
FFFFF8EC
000004C5
FFFFFD06
00000747
FFFFF642
FFFFFE99
FFFFEB53
FFFFFB38
FFFFFC61
00000296
FFFFF65F
000007C7
FFFFFB05
00000D74
FFFFFB38
00000715
FFFFF7C8
000019B6
00001390
FFFFE51A
0000103F
00000053
FFFFFDB3
00000896
FFFFFFF0
0000081F
000000DC
FFFFF96D
FFFFFBF8
FFFFFE42
FFFFF9E2
000000BA
00000C22
FFFFF174
000002B1
00000A0E
FFFFF546
FFFFFF8E
FFFFFF66
FFFFFDB2
FFFFFC7A
000004CB
FFFFF629
000002B9
FFFFFFAE
0000073D
FFFFF423
000003CF
00000726
FFFFF446
00000403
FFFFF77A
FFFFFCC0
FFFFFCD9
FFFFFA32
00000A2E
0000015F
FFFFFC86
000003AD
00000198
0000001E
0000027D
FFFFEC0F
FFFFE401
00000816
FFFFFF67
FFFFFC09
FFFFFB33
FFFFF9EF
FFFFFED2
000003B6
000001F9
FFFFFE86
FFFFFAFD
00000223
FFFFFEF0
FFFFFBAC
00000289
0000014B
FFFFFC82
000000AF
FFFFFDD8
00000671
00000125
000001B2
FFFFFFE6
FFFFFFDA
00000045
00000567
0000029C
0000033D
0000006E
000001E7
FFFFFD47
FFFFFFCE
FFFFFEDE
000001AC
000002DD
FFFFFD8A
FFFFFD4F
0000037E
FFFFF960
FFFFFE25
FFFFFF4E
00000383
00000337
0000035A
FFFFFEDA
FFFFFB2C
FFFFFDEA
000003D0
00000041
000002EF
0000008A
0000054A
00000575
00000186
0000062E
000001AA
FFFFFE9F
000000FF
00000646
FFFFFC7A
FFFFFC2F
FFFFFA64
FFFFFAB5
0000016A
00000140
FFFFFA94
00000115
FFFFF910
FFFFFFBB
000002A9
000003CC
000003FD
FFFFFED2
00000685
FFFFFD95
FFFFFCAD
000002FB
FFFFFC06
FFFFFC5E
FFFFFDAF
FFFFFB69
00000274
00000592
FFFFFEDA
000003E4
000002F2
FFFFFE17
00000325
FFFFFE29
0000020D
000001BC
FFFFFFE9
00000058
FFFFFAF4
FFFFFCEB
FFFFFD24
000000B0
00000722
00000003
0000046F
00000513
000000E7
FFFFFF36
00000157
FFFFFF3B
FFFFFEF1
00000578
FFFFFEA8
000002F6
000005A5
00000059
FFFFFEEA
00000551
0000062E
FFFFFD50
FFFFFA29
0000028B
FFFFFF3B
000002BF
FFFFFF09
FFFFFF61
FFFFFFA8
00000231
FFFFFEC5
00000075
FFFFFC47
00000425
000006D8
00000460
00000226
FFFFFEBC
0000018F
00000486
FFFFFF7C
FFFFFCBF
FFFFFE67
00000173
FFFFFB13
0000038F
00000600
FFFFFE4D
00000476
000003A2
0000033D
000000C8
00000676
000004A8
000001E6
00000300
000002DA
000000CA
000003DA
000002C1
0000017E
0000063F
FFFFFE55
FFFFFA79
FFFFFE09
00000365
FFFFFF11
FFFFFCF8
FFFFFEE4
00000636
FFFFFFF7
0000064B
00000276
000000D0
FFFFFE21
00000227
FFFFFB10
FFFFFA63
00000383
00000304
FFFFFAA2
FFFFF933
FFFFFFDB
00000142
0000024A
00000592
000000CF
FFFFFFA4
000004E0
000005F3
FFFFFEB7
FFFFFD33
000001B5
FFFFFD84
000005E0
00000173
FFFFFF9E
000002C5
FFFFFD6F
FFFFFEAF
000000E2
000005B8
FFFFFEB6
00000244
000003AB
00000424
00000120
00000337
FFFFFBE6
FFFFFDD9
FFFFFF8B
FFFFFEB3
0000029B
00000327
FFFFFCA4
000004C6
000002CD
000004BC
FFFFFB3F
0000024F
FFFFFE7E
FFFFFE68
00000407
000005DB
00000836
0000035D
00000351
000001A1
000002C3
00000317
000001D7
0000016B
0000014D
00000545
00000422
000001C5
FFFFFBBF
FFFFFF08
FFFFFF55
FFFFFCB9
FFFFFC9E
000000B3
00000237
0000039C
FFFFFAAA
FFFFFF39
FFFFFA68
00000011
00000094
000001AC
00000145
000002C5
FFFFFD3E
FFFFFEB7
00000298
FFFFFE4D
0000009D
00000564
FFFFFFCC
00000434
00000040
00000451
FFFFFD56
00000202
FFFFFCE3
FFFFFE8B
FFFFFB9D
FFFFFBE8
FFFFFF5B
000002D5
FFFFFD4A
00000261
000001A7
FFFFFF48
00000211
0000027C
00000183
0000043E
00000236
00000651
000000C9
0000039B
0000028E
000007D3
0000016A
FFFFFFF9
FFFFFE2C
000004E5
000005B9
FFFFFEB5
000001F6
000000BD
000003A2
000001D6
000001FE
FFFFFE56
FFFFFBF3
000003FF
000004C7
0000003F
0000012C
000003AD
FFFFFFB4
FFFFFEC7
FFFFFD24
000003E6
00000533
FFFFFEFA
000000F5
00000154
00000133
00000420
00000034
0000035A
FFFFFC7E
FFFFFC35
000001E4
000000BA
FFFFFE0B
FFFFFE9E
FFFFFE4E
00000278
FFFFFCDF
FFFFFFC6
000001CA
00000054
FFFFFF32
00000514
FFFFFCB1
000001D6
000004B3
FFFFFF56
00000413
00000083
FFFFFE0E
0000006D
FFFFFDAD
FFFFFD95
FFFFFFA9
0000047F
FFFFFECC
00000219
00000418
FFFFFFB9
00000182
FFFFFCDB
0000060B
000003DA
000007E0
00000212
000002A5
00000358
FFFFFC5B
000000EF
FFFFFF6D
0000038B
000001C6
0000000B
00000751
0000015E
00000490
FFFFFE79
FFFFFFB0
FFFFFCF2
0000048E
00000294
0000040B
00000458
00000293
FFFFFFAA
00000641
000007EA
000001B0
0000064B
000000B2
00000754
00000675
FFFFFE3B
FFFFFF7A
000004D4
00000503
FFFFFF04
00000432
00000070
000004D2
00000491
0000033F
0000049A
FFFFFE50
000002FB
000004F9
FFFFFEBE
FFFFFCAE
00000046
FFFFFC90
FFFFFBFD
FFFFFA64
FFFFFAEF
00000235
FFFFFD79
FFFFFF7D
000004D3
FFFFFEB8
000002BC
00000423
FFFFFFCF
000001E8
FFFFFF4B
FFFFFE4A
FFFFFC96
00000283
FFFFFED5
FFFFFA40
000006F2
000000E7
FFFFFBEA
00000554
FFFFFE99
00000257
00000316
000001BB
0000010B
00000575
FFFFFBDF
FFFFFDE3
FFFFFEF2
000002A6
00000236
000000DF
00000226
00000097
FFFFFCCE
FFFFFAD4
0000013B
FFFFFEF0
FFFFFC8D
FFFFFFCE
000000B7
00000592
00000177
FFFFFEFA
000003BD
000007B4
00000341
00000125
FFFFF992
FFFFFAE2
FFFFFF93
000003D2
FFFFFD27
00000260
000000B9
00000070
000003EC
00000310
000004CC
0000031E
FFFFFEC5
000008C0
FFFFFF82
00000205
00000409
00000639
000001E5
000003E9
00000645
00000705
FFFFFCEA
000000A2
000004F9
000002FB
000001F8
FFFFFF87
FFFFFC0E
FFFFFF57
FFFFFF6E
FFFFFE10
00000034
FFFFFF89
FFFFFD63
FFFFF802
000003D1
FFFFFDBE
FFFFFBED
FFFFFFBC
FFFFFEAE
FFFFFEE7
000004C7
000001AA
FFFFFD4F
FFFFFD85
FFFFFECE
000004A5
000004DA
FFFFFED5
FFFFFEDA
0000063C
00000533
FFFFFDCE
0000033E
00000274
000001F1
000001EB
000002DD
FFFFFE2E
FFFFFE2E
FFFFFFB5
FFFFFE3F
FFFFFBAE
00000132
000002DF
FFFFFA7D
00000001
FFFFFB02
00000063
FFFFFC9E
FFFFFE9C
FFFFFD2D
000003FF
00000181
0000008C
00000688
FFFFFD4F
FFFFFC8B
0000072C
FFFFFD0D
00000601
FFFFFB37
00000390
00000109
FFFFFDE8
000001E2
0000019D
0000030B
000000F2
000001CC
FFFFFDBB
000000A7
FFFFFC9E
00000158
0000026C
00000170
FFFFFDDD
00000779
00000129
000003C1
00000572
00000230
FFFFFFA8
00000131
000004E3
000005E5
00000330
00000377
000000A2
000004AD
FFFFFD57
FFFFFC6C
0000038F
FFFFFD04
000000BF
0000029F
0000017A
00000380
FFFFFC15
00000664
00000753
0000056C
FFFFFC2D
0000035B
FFFFFCA5
FFFFFFA5
FFFFFF7C
FFFFFAF2
FFFFFFF7
FFFFFF8D
FFFFFEF2
FFFFFD6D
00000407
FFFFFDA5
FFFFFE76
000001CE
00000404
FFFFFF70
FFFFFE2F
FFFFFCD5
000001FB
FFFFFF56
00000305
FFFFFFD6
FFFFFFE0
FFFFFE1F
FFFFF601
FFFFFFEE
FFFFF8B7
FFFFFA71
FFFFFF81
000002CE
000004FE
FFFFFC22
00000646
000007D6
0000069C
000000B0
0000017F
000005DD
FFFFFD54
00000747
FFFFF83C
FFFFFEC1
FFFFFB88
FFFFF7B2
00000625
0000002C
00000398
00000508
FFFFF7A2
0000011C
FFFFF9FD
FFFFFB75
FFFFFF5C
FFFFF77B
00000189
00000685
FFFFFDDD
000005CE
000002EF
FFFFFC01
000000D5
000007DD
00000456
FFFFFB79
FFFFFAAC
FFFFFB42
0000078C
FFFFFD4F
000001F0
000009D1
FFFFFC43
FFFFFB11
FFFFFF3B
00000863
00000326
0000043C
000000ED
FFFFFF7D
FFFFFFF9
00000864
0000066D
FFFFFF7B
FFFFFF30
00000809
0000019E
FFFFFC41
FFFFFF19
00000428
00000935
FFFFFF91
000003C3
000008A4
0000049E
0000033F
00000436
000002C6
FFFFFD2C
FFFFF66C
00000143
00000099
000002F5
FFFFFE63
000002DB
0000055B
FFFFFDAC
0000022D
00000049
FFFFFE54
000001AB
000003ED
00000009
000005A3
FFFFFC88
000001A5
0000008B
0000039B
0000068F
000004D6
000003E1
000000EA
000000EE
0000062F
00000021
0000063F
00000396
000006A5
000008BD
00000686
00000351
FFFFFC6A
00000427
00000091
FFFFFC61
FFFFFEC2
FFFFFA82
00000453
00000446
FFFFF79E
00000CB1
0000012D
00000755
00000A94
FFFFFEB1
000002F0
0000055C
00000775
000002D5
FFFFF5B0
0000019B
00000421
FFFFFDDF
FFFFFEDC
00000312
FFFFFB88
00000024
00000854
0000064A
FFFFFD62
000000E0
FFFFFD99
FFFFFD10
FFFFFE05
FFFFFE26
000004EB
FFFFFEE2
00000705
0000001B
FFFFFD44
0000006B
FFFFF7BC
FFFFFEED
FFFFFAF2
000001C4
FFFFFE23
FFFFFD10
000003B0
000001FB
00000239
00000740
FFFFFCEA
0000017C
00000436
00000531
FFFFFD17
00000680
FFFFF64F
FFFFFE94
000003F4
FFFFFB99
FFFFFDE7
FFFFFC00
00000224
000002FB
FFFFFB8E
0000035D
00000640
000006B6
00000025
000004F7
00000B1E
FFFFF837
FFFFFFDA
00000344
FFFFFF56
0000021A
FFFFFF49
00000206
00000985
00000417
FFFFFB83
FFFFFFD1
00000085
00000548
0000088D
000002C8
FFFFFBBB
FFFFFF8B
FFFFFE57
FFFFFBA0
0000006E
FFFFFBF7
FFFFFB65
000002C5
000004B8
FFFFFD01
000004AD
FFFFFA38
FFFFF9E4
FFFFFE74
FFFFFA11
FFFFFD3E
FFFFFFEC
000007BB
FFFFFE23
00000443
FFFFFAB1
FFFFFEBD
FFFFFA94
000000DA
00000456
0000012C
000001E6
000000DC
0000046F
FFFFFBAA
FFFFF92D
0000021C
FFFFFEE0
FFFFFF2B
000003D1
00000363
FFFFF5F7
000000F5
FFFFFD7B
000005BE
00000782
FFFFFD24
FFFFFDF4
00000307
000004D0
00000330
FFFFFFBB
0000047A
FFFFFDA1
000001DF
FFFFFE4D
000001C7
000005EE
00000125
FFFFFD72
0000032F
FFFFFB37
FFFFFCC7
00000159
00000113
FFFFFAED
FFFFFF8F
FFFFF798
FFFFFAF2
FFFFFF19
FFFFF52B
0000007E
0000063E
0000034D
000006A1
FFFFFD20
000002D8
000002F0
FFFFFD04
FFFFFD39
FFFFFCA9
0000007F
FFFFFC8A
000000C1
00000040
00000781
FFFFF2C5
FFFFFE3E
00000653
FFFFF6B9
FFFFFAB7
FFFFFCC5
FFFFFEAD
00000568
0000006C
FFFFFCF6
FFFFFE76
000000A0
FFFFF9B3
0000034A
00000402
00000147
FFFFFC0C
FFFFF661
00000837
FFFFFA9B
00000298
0000037B
FFFFFB25
00000123
FFFFFC47
FFFFFBC8
FFFFFAC8
0000027F
000002F0
000001B4
FFFFFCF3
0000047D
0000020B
00000026
000002EC
FFFFFAAA
00000775
FFFFFCEA
FFFFFB9C
00000564
000001DF
000001F8
000004FE
FFFFFECC
000003DB
FFFFF9C4
000006C7
0000001E
0000028D
000002E2
00000123
000000D4
00000A50
FFFFFFA9
00000210
000004EE
FFFFFEF2
000003AA
00000520
FFFFFE71
FFFFFD5E
FFFFF8F0
FFFFF843
FFFFF9E4
000003D5
FFFFFDA5
00000203
FFFFFBD0
FFFFFF6B
FFFFFC5C
0000081B
00000B5C
FFFFFD8B
FFFFFF85
FFFFFFB2
00000433
FFFFFAE0
000000C9
00000573
FFFFFC3C
FFFFFBB6
FFFFF8D8
FFFFFDCA
FFFFFC7F
00000471
0000016E
000003DE
FFFFFCFF
0000021C
00000685
FFFFF94E
00000306
FFFFFAEA
000001B1
0000031E
000003E4
00000338
00000561
FFFFFEC2
0000052A
FFFFFEED
000000AD
000000C1
000005F7
000002EC
FFFFFB22
FFFFFF89
0000046C
FFFFFCB9
000003D8
000006BF
FFFFFCE1
FFFFFBE0
FFFFFAAE
FFFFF9BE
FFFFFEBE
FFFFFC3F
FFFFFEC9
FFFFF9EF
FFFFF702
FFFFF9C0
00000494
000005BF
0000028B
FFFFFFD3
FFFFFE09
FFFFF9FB
FFFFFFDF
FFFFFD3A
FFFFF919
000001B7
FFFFFD11
FFFFFCD2
FFFFFCE1
00000054
FFFFFFD3
0000020B
FFFFFCDB
00000379
FFFFFB05
00000445
FFFFFC09
FFFFFE5A
000003A6
FFFFFB62
00000219
00000213
FFFFFFD9
0000021B
0000003E
FFFFFEC5
00000919
00000AA1
FFFFFFA7
000000F2
000003CD
000007A8
00000003
00000650
FFFFFF13
FFFFFE6F
000006C2
FFFFFF7B
00000324
FFFFFC7B
00000464
00000154
0000016E
000006C7
00000508
FFFFFDF9
00000A3F
00000488
000005A4
0000053E
00000623
FFFFFF25
000006A6
0000043F
00000908
00000565
00000840
FFFFFEED
000002FF
0000040A
000004A5
000004BF
FFFFFDB2
FFFFFFED
00000736
00000193
FFFFFBC9
FFFFFF1D
000001D1
000004FE
000005D4
000008ED
00000790
00000414
000002D2
00000AA1
000002B3
FFFFFF90
FFFFFCFE
FFFFFA56
FFFFFD95
FFFFFCFB
0000032A
0000011E
000000A1
000004FE
FFFFFC92
00000861
00000670
00000683
FFFFFFD7
000005D4
FFFFFB59
000001BD
FFFFFEB3
00000367
00000590
FFFFFB5B
00000131
FFFFFED0
FFFFFD9B
00000173
000004EC
0000037F
000008C5
000001F3
000000CA
000005D4
000006F2
000006CF
0000075B
FFFFFD7E
00000523
0000033B
0000008B
FFFFFB48
000006C2
00000265
FFFFFB09
FFFFFB91
FFFFFC8D
FFFFFD74
000001F6
0000001C
0000003E
0000043A
FFFFF75D
0000079C
000007E0
00000339
FFFFFC75
00000389
00000907
000000CE
FFFFFE0B
000003A8
000001D4
00000986
00000867
00000365
FFFFFEC5
FFFFF7DD
FFFFFF80
00000442
00000117
0000001F
0000025D
FFFFFD78
FFFFFF5B
00000897
0000075A
000005EB
0000040E
0000062B
FFFFFF85
000009C9
0000002A
FFFFFC7C
00000309
FFFFF6E1
0000012F
0000013A
FFFFFEED
00000460
FFFFFECC
00000311
000007A3
000004BD
00000246
000003FB
000001CB
000005F5
00000298
000003EC
0000069B
FFFFFC6E
FFFFFD11
0000045C
00000444
00000058
00000110
000000EB
00000119
FFFFFE32
00000345
FFFFFD32
FFFFFD6E
FFFFFC69
000001B5
0000061D
FFFFFF6B
000005E1
FFFFFCCB
00000485
00000709
00000304
000000CB
FFFFFF95
00000558
0000028C
00000451
000000FE
FFFFFD4C
00000441
0000051B
00000197
00000373
00000383
000000A7
00000405
000000DA
FFFFFF60
00000260
FFFFFEEC
00000270
FFFFFF46
00000206
FFFFFC34
FFFFFD51
000004F5
FFFFFC08
000002C7
FFFFFF51
000003D3
000003D8
FFFFFEAC
FFFFFCA8
0000048F
0000043F
000000E3
000002E8
FFFFFCAD
00000028
FFFFFE21
00000126
FFFFFD01
000004C6
00000207
0000023B
FFFFFFB2
FFFFFF58
000002F6
0000061B
FFFFFE91
FFFFFED9
FFFFFED2
FFFFFF81
000000D2
0000033F
FFFFFDFE
FFFFFE1B
FFFFFDD7
FFFFFF01
FFFFFDBD
FFFFFE4A
FFFFFF97
FFFFFBD5
00000083
FFFFFD29
0000017F
0000068B
00000088
00000331
00000168
FFFFFCFB
FFFFFD9D
000000D6
0000016A
FFFFFE28
0000035C
0000062A
0000031E
FFFFFDC4
0000010F
00000121
00000556
000005CE
FFFFFEC8
FFFFFFFD
0000072C
0000005A
00000062
FFFFFFAD
000003D1
00000134
0000005F
0000000C
0000042E
00000139
0000001A
FFFFFE73
FFFFFB9F
FFFFFBF7
000006D3
FFFFFD7F
0000020D
00000553
000007E2
00000312
00000085
FFFFFF5C
00000392
000005AE
00000219
00000740
0000011E
00000013
FFFFFF8C
0000035C
0000081C
00000367
00000426
000003A4
FFFFFEDC
00000353
0000064F
000000E5
FFFFFFA7
FFFFFD93
FFFFFEFE
0000035E
FFFFFEDA
000000BB
000003B2
0000062A
0000016D
FFFFFFBC
0000066F
000000F6
00000354
0000051E
000004A6
00000547
00000267
00000177
000005F2
00000032
0000037E
FFFFFFE6
FFFFFE3A
00000027
00000381
FFFFFB2E
00000357
FFFFFC5B
00000187
FFFFFF3C
00000320
0000039A
00000202
00000094
000003C5
0000028A
00000548
FFFFFF1D
0000015D
00000796
0000056B
0000006F
00000421
FFFFFFE3
00000420
00000050
00000624
00000114
000001C6
FFFFFF14
FFFFFCAB
000004CE
0000013D
FFFFFFFB
000002F9
0000047D
00000387
0000037F
000006A2
0000054C
FFFFFF02
00000157
00000029
00000642
00000356
00000141
FFFFFE7D
000003AF
FFFFFCA6
000005D3
00000313
00000336
000000B5
00000270
000004E3
00000077
FFFFFFF2
FFFFFBEE
FFFFFFAE
000005BB
00000473
FFFFFE0A
FFFFFDA0
000006C8
FFFFFDFA
00000556
0000036C
00000485
0000007A
FFFFFECA
FFFFFC6A
FFFFFE5A
FFFFFDF2
FFFFFDE9
FFFFFE06
000003E8
00000323
FFFFFFE6
FFFFFE63
00000013
000002A9
000003D2
FFFFFC18
FFFFFC10
FFFFFFDE
0000036B
00000417
FFFFFC8B
000000E1
FFFFFDCC
FFFFFFD3
FFFFFEDE
00000297
00000006
FFFFFB32
FFFFFF93
FFFFFF55
0000066D
0000046E
00000154
FFFFFD26
FFFFFDFE
FFFFFCCB
000004C6
FFFFFFF5
FFFFFED0
FFFFFFF6
00000437
FFFFFF52
00000228
FFFFFAAB
FFFFFFD1
FFFFFFA9
FFFFFFCC
FFFFFF39
FFFFFFBC
FFFFFBD9
FFFFFDC4
FFFFFE41
FFFFFDC4
FFFFFDAC
000002DD
0000029B
FFFFFD31
FFFFFF9E
0000042A
FFFFFD35
FFFFFF45
00000546
0000039F
FFFFFC90
FFFFFFFF
00000326
FFFFFFBD
FFFFFF6E
FFFFFCC0
00000502
00000312
00000496
FFFFFC31
0000015D
FFFFFA97
0000005C
000003E4
FFFFF998
000001A6
00000556
FFFFFC70
000003AE
FFFFFF03
000003AB
00000257
FFFFFED9
FFFFFF5F
FFFFFF75
000006BE
00000676
00000373
0000023D
000004BA
FFFFFED6
000001F2
FFFFFE54
FFFFFEE8
000001CF
FFFFFF44
00000186
FFFFFFB0
FFFFFE83
0000041C
000001BC
000001BE
000000B5
000000D6
FFFFFFA4
0000051A
000002C8
FFFFFD66
000001BA
FFFFFFE8
FFFFFBB5
00000099
FFFFFD83
00000204
FFFFFFBD
FFFFFCDC
00000067
0000050E
000000BA
FFFFFECD
FFFFFDF2
00000133
FFFFFE7B
FFFFFDDE
0000027C
FFFFFD5E
000002D6
0000030E
000001D3
FFFFFF31
FFFFFE4E
00000207
FFFFFF85
FFFFFEAD
0000009F
00000019
00000198
FFFFFD44
FFFFFE52
00000147
0000023D
00000203
000001E6
FFFFFCCA
00000587
00000683
FFFFFCD7
00000300
00000161
00000104
FFFFFFC1
000003DA
FFFFFD62
FFFFFF03
0000041D
000001EB
FFFFFDFB
000004F4
0000037C
00000151
FFFFFB75
00000013
FFFFFE35
00000109
FFFFFC9A
00000355
00000479
FFFFFC64
FFFFFF90
00000026
000000F0
000003A6
0000062D
00000007
00000171
000004C7
FFFFFE03
00000000
FFFFFC5C
FFFFFF59
00000397
FFFFFDA4
FFFFFD05
FFFFFEA1
FFFFFCAB
00000436
000005E6
00000234
FFFFFCB4
00000497
FFFFFD56
FFFFF978
FFFFFEF8
FFFFFE6B
000002EE
FFFFFE27
FFFFFBC5
FFFFFDC3
00000247
FFFFFFC1
FFFFFF4E
FFFFFFA6
FFFFFEAA
0000026D
FFFFFE8F
FFFFFE78
FFFFFBC2
00000377
00000544
FFFFFED6
00000269
000005C9
FFFFFE79
000000E0
0000065E
FFFFFFC8
0000037E
00000842
00000176
FFFFFF07
FFFFFFAD
00000352
0000029F
FFFFFBD4
00000003
FFFFFE5A
FFFFFDBB
000001FA
FFFFFF7A
00000181
FFFFFC0D
000001B9
FFFFFE14
00000236
FFFFFF5D
000000FC
FFFFFCA6
000000CA
00000561
00000051
000001B6
000003F8
000000D9
0000081B
FFFFFDCE
0000052C
000006D5
000005B5
FFFFFEE4
00000473
FFFFFFE0
00000049
000004C5
00000105
0000006B
000005CD
FFFFFC7E
FFFFFC2B
000000F7
FFFFFDA3
00000095
00000158
0000005A
00000034
FFFFFD5B
00000231
FFFFFC88
000001AE
00000022
FFFFFF04
FFFFFA56
000000CD
FFFFFE98
00000118
00000340
00000020
000004DB
00000227
FFFFFE53
00000034
0000053B
00000095
0000029C
00000197
FFFFFD45
FFFFFB89
FFFFFE0B
FFFFFF41
000002B9
000000F3
FFFFF869
FFFFFD7A
0000019D
FFFFFB54
FFFFFF9F
00000616
00000032
000003BD
000003A6
00000055
00000375
FFFFFE96
00000355
FFFFFD3E
000002DB
000004DE
00000853
000002B3
FFFFFEF2
FFFFFE98
00000070
0000027A
FFFFFF50
0000003B
FFFFFB7F
FFFFFCDB
00000200
000001DB
00000429
00000416
000003C6
0000001E
0000060F
00000323
000003D2
FFFFFFB1
FFFFFF74
FFFFFE84
FFFFFF8D
FFFFFC24
00000295
FFFFFE0E
FFFFFFD9
000000D3
000001F0
FFFFFDDD
FFFFFEA9
000001D0
000004B8
0000067E
FFFFFF7D
000002BA
00000439
000001E1
00000359
FFFFF699
FFFFF7C0
FFFFFB48
00000757
00000046
FFFFFC11
0000007F
000001A3
FFFFF93D
000000A0
FFFFFC2C
00000697
0000067F
000007AE
FFFFFF1F
00000F89
00001344
000014FC
FFFFFD05
FFFFFCDA
000000A9
FFFFEE3A
FFFFF345
0000048D
000003CC
FFFFF65C
000002F7
FFFFFA5E
FFFFFD0D
FFFFFD41
000007F8
FFFFF6BF
000006DB
00000BDD
00000562
00000F9E
FFFFFD7C
000001A7
00000956
FFFFFE15
0000043B
FFFFFAA6
000003D4
FFFFFBFC
FFFFF199
0000078B
0000016E
00000217
00000C73
FFFFFE84
FFFFFDA0
00000F81
00000147
FFFFFAB2
00000BC3
0000015C
00000B49
000005B8
FFFFFA0F
00001196
00000392
00000A61
000000F6
FFFFFB6D
0000010A
FFFFF395
00000493
FFFFFD0D
000003FD
00000434
00000F19
FFFFFC29
FFFFFC58
0000013F
FFFFF201
000008CF
00000830
FFFFF7E7
FFFFFCF5
FFFFF80B
000002E3
00000A40
00000302
0000091D
000003D7
FFFFF4AB
000008E6
FFFFFD75
FFFFF788
000001B5
FFFFF9D5
FFFFFA96
FFFFFD00
FFFFF543
00000A88
FFFFF9CE
FFFFEC30
FFFFFA38
00000F04
FFFFF4F2
000005A8
FFFFFE0C
00000187
0000083C
000003AF
FFFFFF17
FFFFFDE2
000010AB
FFFFF464
FFFFFF7F
00000F25
00000405
FFFFF8BA
000005C7
FFFFEFEA
FFFFFA29
FFFFFB4C
FFFFF7AD
000007DB
0000002A
00000352
FFFFFDB4
00000F1C
FFFFF59A
00000932
00000460
00000757
FFFFF915
00000B7E
FFFFFE42
FFFFFBAD
FFFFFA50
00000440
FFFFF9DD
000001E8
000000B3
FFFFF199
00000668
FFFFF326
FFFFF08D
000004BE
00000280
000009BF
00000D9F
FFFFFE37
00000A6D
00000009
FFFFF24C
00000EDA
FFFFFBF4
FFFFF011
00000780
00000C6B
FFFFF18C
00000906
FFFFFFBA
FFFFFEB0
FFFFFBCB
FFFFFECB
0000020F
FFFFF5C9
FFFFFBD0
FFFFEF84
000003D5
00000516
000004FB
000001A2
FFFFF703
FFFFF687
00000BE6
FFFFFB35
FFFFEF63
0000048E
FFFFF7F6
FFFFF879
0000001E
FFFFFD7F
FFFFFD36
FFFFFF28
FFFFFF32
FFFFF322
FFFFF5BD
FFFFF82C
0000012C
FFFFFD44
00000510
FFFFF85E
FFFFFD0C
00000937
FFFFF0B0
FFFFF7B5
000003A4
FFFFF83D
FFFFFE7F
00000D83
FFFFF6BD
00000716
FFFFF7E9
000001AF
FFFFF7CC
000002E4
FFFFF4D8
FFFFF851
FFFFF402
FFFFFECF
FFFFF517
000000DB
FFFFFE51
00000687
00000618
00000B86
00000CD1
FFFFFA85
0000108F
00000A23
000005D0
FFFFF040
00000182
FFFFF701
FFFFF423
00000C6B
FFFFF10C
0000041A
FFFFFBD8
FFFFFAA2
00000EB4
FFFFF50F
00000EFF
FFFFFFAB
00000325
FFFFFE4D
00000564
00000EBC
00000190
00000BD1
000000E1
00000080
0000040E
0000020A
00000CB4
0000041F
0000058A
FFFFFD7F
FFFFFDBC
000007A3
FFFFFE79
00000322
0000098A
FFFFFB12
FFFFF726
FFFFF2FA
FFFFF515
FFFFF9D0
0000135B
000006D2
00000468
FFFFF39B
FFFFEF3C
FFFFF234
00000B70
000013E9
000010C7
000007B5
00000A10
FFFFFA41
00000AA2
000010ED
000013A7
00000B9C
00000B5C
000003E8
FFFFF3F4
00000646
FFFFFFDD
FFFFF91F
0000079C
000001FD
000001FF
00000351
000004B9
00000F88
00001129
00000FEE
FFFFFABB
00000212
FFFFFA7C
FFFFFACF
0000154F
00000A78
FFFFFC6F
FFFFFBAD
FFFFFB54
FFFFF268
FFFFFEB8
00000CE2
0000025E
0000105D
FFFFF5F7
FFFFF6A7
00000564
000006CA
00000161
FFFFF865
FFFFFEF7
00000A60
00000402
FFFFECCF
FFFFF969
000009DF
FFFFF2EB
FFFFFF60
00000E80
00000CFA
FFFFFCC6
FFFFFB8C
FFFFF847
00000B4C
FFFFFD0A
00000DB0
000000F5
00000319
0000053C
00001046
00000FFC
FFFFF701
00000082
FFFFFFC4
FFFFF878
FFFFF95E
0000089E
00000B51
FFFFF5BC
FFFFFB8B
000001E7
00000276
FFFFF699
FFFFFD2E
FFFFF066
FFFFFDD8
0000014D
000001AE
000009EE
FFFFFE22
FFFFF4F3
00000261
FFFFFEDD
000000C2
FFFFF06F
FFFFFF65
00001279
FFFFFFD3
000007C9
000005BF
FFFFFCE6
FFFFFE1F
FFFFFD5F
0000041E
00000E2F
00000B6C
0000042D
000004B1
000001CC
FFFFFC0A
FFFFFFBE
FFFFFAA4
FFFFF80D
000003C4
FFFFF6C3
FFFFF755
FFFFF5F5
FFFFFA93
FFFFF9AC
00000182
00000553
00000639
00000222
0000042B
000004FB
000001E9
FFFFFF0D
00000764
000001AC
0000125A
0000082E
00000188
00000651
0000035C
FFFFFD52
FFFFF939
00000B06
00000173
000004BD
FFFFF876
FFFFF82B
000007ED
FFFFF4BD
FFFFF6F0
00000127
FFFFFAEC
FFFFF03C
FFFFFB3C
FFFFF900
FFFFF147
FFFFFA9F
00000CE2
00000236
FFFFFC2E
FFFFFD73
FFFFFF83
FFFFF753
FFFFFD99
000006DD
00000D92
0000024D
00001167
FFFFFF32
0000022D
FFFFFE62
FFFFF510
00000B6F
00000A8C
00000E7E
000003DA
FFFFF39C
FFFFF22A
FFFFFC56
FFFFF890
00000404
00000388
00000897
000003E3
000001D8
00000608
FFFFFB00
00000FEA
000005B5
00000AC7
FFFFF211
000008F9
FFFFFDED
000004B0
FFFFF250
FFFFF0F8
FFFFF5D4
FFFFF235
FFFFFF00
00000832
FFFFED55
FFFFFC1A
FFFFFAAA
000001B0
FFFFFE8A
FFFFFC33
000002D7
FFFFF83C
FFFFF654
00000335
FFFFFBCF
FFFFF7CF
000009FE
000007CC
FFFFFE52
000003D8
00000130
FFFFFC24
00000796
FFFFFE78
FFFFFB64
FFFFFE85
FFFFF680
FFFFFD51
FFFFFA45
000002E5
FFFFFFE2
00000092
000008A2
00000233
FFFFF31D
FFFFEDE6
FFFFFDC9
FFFFFE2D
FFFFF11B
FFFFF68D
FFFFF8A5
0000031D
FFFFFA0F
0000027A
00000E62
00001400
0000099D
FFFFFDA1
FFFFF084
FFFFF2A3
FFFFFEF8
00001B03
FFFFF643
00000A9D
00000281
000000E8
00000380
000006DF
FFFFFD17
FFFFF9A1
00000367
FFFFF10E
000004B0
000000B9
000002D7
00000678
000006E5
000001FE
00000C71
00000257
FFFFF67A
FFFFEEE1
00000337
FFFFFCB8
FFFFF410
00000564
000006C3
000001F3
0000031E
000002F1
00001E6F
FFFFF851
0000038D
00000E3C
000004D5
00000A82
00001040
00001B1C
00000850
FFFFF7DD
0000041C
FFFFF5A1
00000547
000000AB
FFFFFA9C
00000298
FFFFF32D
000002E8
FFFFF4C4
FFFFFFC9
00000567
0000014B
FFFFFE60
00000299
FFFFF484
FFFFFB3E
FFFFFB71
FFFFF2A9
FFFFFDF9
0000017A
FFFFF912
00000657
FFFFF35E
00000237
00000685
00000678
FFFFFEF2
FFFFFCC2
00000590
00001180
00000734
00000FD7
FFFFFE7E
FFFFFF3B
FFFFFF56
00000847
0000009B
FFFFF6DA
FFFFF520
FFFFF7CB
0000002A
000003DB
FFFFF6CB
0000010E
FFFFFE8D
FFFFF18C
00000B4B
00000FE4
00001602
FFFFF9C0
FFFFF462
00000496
00000162
FFFFFDEA
000006D0
000016E8
00000C2F
00000D5C
00000ED2
00000313
FFFFFFC4
000001BA
FFFFF853
000005E7
00000319
FFFFFEDB
FFFFEFC3
FFFFFDBA
FFFFF88A
FFFFFBF3
00000FAA
00000773
00000767
0000112B
0000081F
00000792
FFFFF526
0000096C
0000112C
000000F8
0000027B
FFFFFAEB
00000D20
FFFFFFA0
000001E9
FFFFFC8A
00000CAA
FFFFFACD
000000A4
00000AFC
00000A33
FFFFFFCC
FFFFF928
00000E98
FFFFF851
0000036C
FFFFF72D
FFFFEBE7
FFFFE56B
FFFFF313
0000000A
FFFFF640
00000869
000003D0
FFFFF898
FFFFEB75
000008DE
FFFFF783
FFFFFA52
FFFFEFB0
0000002B
FFFFFF05
00000EE2
FFFFF5B3
00000A28
FFFFFE5A
00000945
FFFFFD6B
00000E43
00001323
00000C3D
00000E77
00000190
000003AE
FFFFF1B7
FFFFF85E
FFFFFBE3
00000344
FFFFF83B
000006AA
FFFFF655
00000A51
FFFFF759
FFFFFB04
FFFFFE3C
000001D7
000009AB
0000042A
FFFFFE6F
00000EF0
00000446
FFFFF2B3
FFFFF358
FFFFFBBC
FFFFF5BF
FFFFFB08
FFFFF604
FFFFFD1E
00000057
FFFFF575
FFFFEE09
0000072D
FFFFF2B4
FFFFFC9A
FFFFFD12
FFFFF9A7
FFFFF189
FFFFFEA5
FFFFF3CF
FFFFF480
00000EDC
FFFFFB7E
00000490
0000064C
00000E07
00000163
FFFFF838
FFFFF6A1
FFFFFA67
00001869
000004F3
00000CD4
00000B45
000014F4
0000111E
00000344
000016BA
000015FF
FFFFF7AE
FFFFF411
FFFFF07D
FFFFF262
FFFFF87D
00000072
FFFFFEBE
FFFFF4E0
FFFFF357
FFFFFBF4
00000FB1
00000647
FFFFFE9F
FFFFF107
0000094C
00000754
00001341
FFFFF13D
FFFFF59C
FFFFFEF8
FFFFF162
00000B6D
FFFFF584
000006CC
FFFFFA53
FFFFF871
000002F8
00000C09
FFFFF8EA
FFFFFB7A
00000709
FFFFFDAC
00000807
FFFFFD31
FFFFF4DB
FFFFF607
FFFFFB32
FFFFFAEF
FFFFFCB9
FFFFFA2E
0000044C
000009BE
00000C49
00000593
00000213
FFFFED5A
FFFFF064
0000042D
FFFFFDCD
FFFFFA9C
FFFFF2E0
FFFFF2B7
FFFFF6F3
000002E2
FFFFFCC3
0000075A
00000255
00000E0A
00000391
FFFFF3A9
000004A0
00000533
FFFFF8BB
FFFFF6FD
FFFFF854
FFFFFA80
000013ED
FFFFF657
0000045D
FFFFFED0
000011FF
0000037A
000004FE
00000464
0000066F
0000046C
000009BC
FFFFFB6D
FFFFF8C0
FFFFF769
FFFFFAA8
FFFFFDC0
FFFFF769
FFFFF812
00001B4D
00000EB4
0000045F
000017BA
00000EEC
00000D89
FFFFFDF0
00000905
FFFFF91E
00000D79
FFFFF378
FFFFF513
0000046E
00000FEF
00000324
FFFFF76F
00000000
FFFFEB1D
FFFFFFEB
00000528
FFFFEFE8
FFFFF9C1
FFFFFE4B
FFFFF23C
000015D7
0000020A
000007F4
FFFFFF23
FFFFE8F3
FFFFF89A
00000C77
00000C47
00000D96
FFFFF9F3
FFFFF3CE
FFFFF918
000003EB
FFFFF374
FFFFF26D
FFFFFD2C
FFFFF2B9
00000451
00000192
FFFFF71B
FFFFE8FA
00000161
FFFFF215
00000470
FFFFFEDF
FFFFF3DF
FFFFEEFB
FFFFF088
FFFFFB3E
FFFFEDF0
FFFFF626
FFFFE78C
FFFFF4BD
FFFFEF18
FFFFFB5C
FFFFFADE
0000004B
FFFFF904
FFFFFB01
0000034A
FFFFF335
0000085D
00000EF7
00000787
00000A0B
FFFFF101
FFFFFC54
FFFFFCD7
FFFFF989
0000122D
00000A9D
000003D0
00000568
000001F5
0000064A
00000324
FFFFFB6F
000003DD
FFFFF7D1
FFFFFDF3
0000046D
FFFFF01F
0000000C
FFFFF685
0000091E
FFFFF451
000006EC
00000672
FFFFFAEF
00000271
00000494
FFFFF715
FFFFF1F9
FFFFEEC9
FFFFF275
000007F7
000003D5
FFFFFCD9
FFFFFE96
FFFFF9E9
0000022D
00000B5A
FFFFFFEC
000002EA
000003C6
FFFFFE8F
0000002E
FFFFF57B
FFFFF9D3
00000255
FFFFFFD3
FFFFF5AA
FFFFEF17
00000B08
00000D33
FFFFECDF
00000380
00000D06
00001059
FFFFF7A0
0000066A
000001E8
00000D44
0000049B
0000112D
00000117
FFFFF5E1
FFFFFCC9
FFFFF5CC
FFFFF950
FFFFF099
00000629
000009C0
00001094
00000F71
0000093C
FFFFF742
00000AF4
000007FD
000006D7
000005FF
00000F37
FFFFFE64
FFFFF86D
0000085B
FFFFFA3C
FFFFF8A4
000002DD
FFFFF97E
0000119E
00000D12
00000D22
FFFFF448
FFFFF1E5
FFFFFD75
0000075C
FFFFFB30
00000A81
FFFFF61F
FFFFEEA4
000003F9
00000425
FFFFF7FF
000000F7
FFFFF36C
FFFFF262
0000012A
0000045A
FFFFF00B
00000899
00000D77
0000108E
FFFFF1FE
FFFFFF84
FFFFED63
FFFFF2EF
00000C4D
FFFFEBBB
FFFFEFC4
000010B7
FFFFFE3D
FFFFF6FD
FFFFFCC9
00000B86
FFFFFD58
FFFFF621
0000027D
00000B1E
FFFFFFFB
00000572
00000804
00000C02
000012A1
000012F4
00000E45
FFFFF397
00000EEF
00000E75
0000177F
00000563
0000023C
00001158
00000CF3
000003E6
000001D0
00000590
FFFFF86B
FFFFEE97
000009D9
FFFFF4CF
FFFFF0D7
FFFFF1AE
FFFFFE37
0000011C
FFFFFD10
FFFFEB69
FFFFFDA1
FFFFF2B3
FFFFF43B
FFFFFBFD
0000054A
FFFFFED6
FFFFFF98
000000C4
FFFFFF09
FFFFEE3F
FFFFEC89
000004A9
00000F80
00000EC1
000000D7
00000CAC
FFFFFE0D
00001042
FFFFF71E
00000B81
00000827
00000C60
00000CCB
00001193
FFFFFF41
00000D95
000008B8
00000718
FFFFF78A
00000E32
00000D92
000004EC
FFFFFB61
00000A33
00000AD7
0000017A
FFFFFD62
000001E3
000002C8
FFFFFAE4
FFFFFECA
FFFFFDAD
00000891
FFFFFD06
00000547
FFFFF228
FFFFFBB2
0000035E
FFFFFC04
0000066F
FFFFF90F
000010C4
000010B5
FFFFF0E1
FFFFF447
00000271
0000078C
FFFFF5B2
FFFFFC79
FFFFF686
FFFFF1D2
FFFFF681
0000056E
FFFFFC06
0000166F
00000BF2
00000A34
00000310
00001160
FFFFF70D
FFFFF6C3
000009C3
FFFFF8D4
00000288
FFFFFDDA
FFFFF7BF
000002F9
00000E94
FFFFFBAC
FFFFF966
000015F7
00001264
00000FF3
FFFFF2CF
FFFFF958
000000C7
0000002F
0000040B
FFFFFC95
FFFFEF31
0000040C
FFFFF825
FFFFFE2B
00000C90
00000F68
00001488
000007DA
00000C4E
FFFFF6A5
FFFFFAB2
000009EE
00000EF9
0000049C
00000D09
000003CC
000005E7
00001456
0000034E
FFFFF719
FFFFF5F4
FFFFF594
00000304
FFFFFCD3
000000CC
FFFFFA96
FFFFEC0F
FFFFF95D
FFFFFAC8
FFFFF954
00000870
00000AD4
00000A2B
00000A68
00000C70
FFFFFB1A
0000076C
00000C56
FFFFFDD1
FFFFF2F5
FFFFFB40
FFFFF5B8
00001545
00000F05
00001626
000014A1
000003B3
000007C2
000004B3
0000006D
00000194
FFFFF92A
00000242
FFFFFFAC
0000061A
0000012A
FFFFFDD7
FFFFFA95
FFFFFE7C
FFFFFCD2
000005CE
0000096E
00000A2A
FFFFFD93
000005A1
000004CE
FFFFF96F
FFFFFAF1
FFFFF9FB
FFFFFD17
00000172
FFFFFB4D
00000054
00000731
FFFFFCD5
000002C6
FFFFF97A
00000B1A
FFFFFF4C
00000172
00000718
FFFFF749
FFFFFEBE
00000389
FFFFFE53
0000072E
000007B1
FFFFFE01
00000B58
000002EC
000006E0
0000078B
FFFFFDF1
FFFFFF16
FFFFFE8A
FFFFFEF0
FFFFFFE9
FFFFFB84
000002F9
FFFFF974
FFFFFEF0
000000F0
FFFFFED6
FFFFFAEA
00000269
0000054A
00000098
FFFFFF7C
00000284
000000F0
FFFFF986
FFFFFCE5
00000165
000001C4
0000092C
FFFFFB85
000004B2
FFFFFE95
FFFFF7A0
00000286
0000032C
FFFFFF5B
000003F2
00000109
FFFFFC60
0000012F
000005EA
FFFFFAD7
0000017A
FFFFFA96
0000032E
FFFFFB94
FFFFFD63
00000080
FFFFFF5B
000000B3
FFFFF92B
FFFFFC6D
00000098
FFFFF981
FFFFFEE2
FFFFF692
FFFFFF04
FFFFFF60
FFFFF839
FFFFFE18
FFFFF871
000003CA
000001F1
000001DB
FFFFFF5A
FFFFFF9F
00000093
0000062A
FFFFFCEA
FFFFFCB0
FFFFF970
FFFFFCB5
000002FA
FFFFFBA3
000007A9
FFFFF810
FFFFFD6C
0000051C
FFFFFB32
FFFFFD24
0000043F
FFFFFAFF
FFFFFA4C
FFFFFA82
FFFFFE32
000001E3
FFFFF98E
FFFFFBAE
FFFFF787
00000208
00000076
000001FB
00000195
000007DC
00000520
FFFFFAD7
000001CA
FFFFFC6D
000002B3
FFFFFFE8
FFFFFBB3
FFFFFBA3
0000054E
FFFFFCF9
FFFFF9BC
FFFFFB8A
FFFFF7EE
FFFFFB73
FFFFFD66
FFFFFB4B
0000052C
FFFFF8EE
FFFFFDDA
0000054E
FFFFFCE1
FFFFFF00
FFFFFF70
FFFFF8C1
00000217
FFFFF5FD
0000030F
FFFFF6FE
FFFFFEA8
00000808
FFFFFAF1
000000B8
00000694
FFFFF70D
00000315
000001CD
00000381
FFFFFCFF
FFFFFDA5
00000189
00000061
FFFFFFAC
0000046A
FFFFFEDC
FFFFFEA1
FFFFFC18
FFFFFDA8
FFFFF761
FFFFF4BB
FFFFFD7B
FFFFF9F4
00000121
FFFFFEF4
00000187
FFFFF9CC
FFFFF9AF
000005CF
FFFFF925
FFFFFF98
00000701
FFFFFFD8
FFFFFCC7
FFFFFC79
FFFFFFF9
000000E6
000004A9
0000007F
FFFFFF7D
FFFFFD3E
000000AB
FFFFFC72
FFFFFFA6
FFFFFDD0
FFFFFC2F
00000684
FFFFFC1E
FFFFF862
000007A9
FFFFF8A1
000004D8
000002DB
FFFFF5B5
FFFFFF2A
FFFFFC8E
0000006E
000003FD
00000467
FFFFFA2B
00000005
00000084
00000523
00000633
000001E6
FFFFFFA3
000007E9
000005A5
FFFFFF36
00000D09
000004E6
000004E8
FFFFFD78
FFFFF8FB
0000071A
000000E5
00000437
00000336
000006E8
FFFFFF35
FFFFFC7B
000000CB
FFFFFCFB
00000211
FFFFFA2C
FFFFFA8A
00000680
00000494
FFFFFFC2
0000009C
0000085E
000004E7
FFFFFB5C
FFFFFD79
000002AA
000009D7
000001E2
FFFFFE81
FFFFFCBF
000001DB
00000174
FFFFF907
FFFFF81F
FFFFFC6D
00000199
FFFFFB66
0000012F
000000BD
000001E6
FFFFFACD
FFFFF58F
FFFFFA75
FFFFF7DD
FFFFFBF4
FFFFFBF2
FFFFFEE7
FFFFFA7C
000000B0
FFFFF8F9
FFFFF977
FFFFF9F3
000001D1
FFFFFAA6
FFFFFB41
FFFFFDA0
FFFFF96E
FFFFFA63
FFFFFC68
FFFFFC5F
FFFFFCD6
00000139
FFFFFC17
0000028D
00000143
FFFFFCB0
000006AB
000001B7
FFFFFB4F
FFFFFEAE
0000056F
0000004D
FFFFF998
FFFFFE24
FFFFF801
FFFFFEC7
FFFFFA2D
FFFFFDBA
FFFFF908
FFFFFE99
FFFFFD7B
FFFFF89F
00000562
0000056D
0000014E
FFFFFE20
FFFFFF2E
00000451
FFFFF89A
FFFFFC4A
00000030
FFFFFDA3
00000013
00000917
000003A0
FFFFF282
FFFFFA02
0000068D
FFFFFD70
FFFFFCCD
FFFFF8C4
FFFFF905
0000006B
00000723
FFFFFB91
0000016D
FFFFFDA9
00000138
FFFFF888
FFFFFA22
FFFFF8A7
FFFFFF45
FFFFFD0A
FFFFF681
FFFFFE21
FFFFFC29
FFFFFED3
0000007A
FFFFFC91
000000A4
000001E0
00000098
FFFFFB05
000007B2
FFFFFEDE
0000023A
000001F0
000004A9
FFFFF9CB
0000062E
00000BBC
0000051D
FFFFFEC4
0000054F
FFFFFE9B
FFFFFB97
FFFFFE20
FFFFFABA
FFFFFE34
00000217
FFFFF752
FFFFFBD3
FFFFFDA4
FFFFFF24
000001AC
0000058E
FFFFFB22
FFFFFEB4
FFFFFFAE
FFFFFC6A
00000296
FFFFF9D5
FFFFFA8E
FFFFFF0B
FFFFFCC7
0000008D
FFFFFE1D
0000011F
0000053F
FFFFFF66
FFFFFBB8
FFFFFFCF
00000344
00000227
00000481
0000057A
FFFFFB16
000000E9
000002AC
FFFFF4C2
FFFFFF8B
FFFFFE8F
FFFFFC5A
FFFFFC76
FFFFFD4E
FFFFF7EB
FFFFFF6A
00000159
FFFFFFF3
FFFFFCA0
000000B6
FFFFF916
FFFFFA55
FFFFF59F
FFFFFDB7
0000034C
FFFFFF13
FFFFFEA0
FFFFF985
0000015B
FFFFFEDD
0000043D
FFFFFE60
000001C0
FFFFFF19
FFFFF3D3
FFFFFE71
FFFFF879
FFFFFE15
FFFFFFE9
FFFFF596
00000256
FFFFFD2C
FFFFFD96
FFFFF889
0000041B
FFFFF9A0
00000159
00000236
FFFFF991
FFFFFAEB
FFFFFBCC
FFFFFD9D
FFFFF588
FFFFFB29
00000094
FFFFFFE4
FFFFFA9D
00000187
000004A4
000001F1
FFFFFF09
FFFFF872
FFFFFD5B
000002ED
00000273
FFFFFDA2
0000021E
FFFFFC6C
0000008A
FFFFFB5E
000002D3
FFFFFF7F
FFFFFF6E
FFFFFE55
000005F9
000003AF
0000035A
000004C3
FFFFF95D
FFFFF62B
FFFFFF44
FFFFFCFB
0000024A
00000854
FFFFFEEB
FFFFFDAD
000001CD
FFFFFEB6
FFFFF7DC
FFFFFC69
FFFFF63B
FFFFF77D
000006D3
FFFFFA42
000005BB
FFFFFC4C
FFFFF7B1
00000379
0000055B
00000336
00000261
FFFFFC2B
FFFFFCCD
FFFFFE01
FFFFFF6F
FFFFFFD6
FFFFFF3E
00000298
FFFFFC77
00000839
00000044
000003C3
000007C0
FFFFF816
FFFFFAE5
000001C2
FFFFFAFA
FFFFF89E
FFFFF8BB
FFFFFA8F
00000091
00000635
FFFFFEF2
FFFFF8C0
000001A6
000006CC
FFFFFDE1
FFFFFEB3
FFFFFCD1
000006A7
00000186
FFFFFF66
FFFFF637
FFFFFEA8
FFFFFDFE
000002DC
FFFFFED8
0000060B
FFFFFE80
FFFFF82F
000001D6
FFFFF8B1
FFFFFA53
000002A2
000000E0
FFFFF879
FFFFF98D
FFFFF7E1
FFFFFF16
00000543
00000840
00000672
FFFFFF66
FFFFFF0B
FFFFFE4E
00000268
000005C5
000004B3
00000015
000003D5
00000618
00000507
FFFFFB6E
000001F1
FFFFFA02
0000011B
FFFFFC6A
FFFFFBEC
000008AB
FFFFFD25
FFFFFCAF
0000037C
000004B0
0000059F
000002AE
FFFFF4E0
FFFFFE21
00000137
FFFFFA99
FFFFF922
FFFFF7C8
FFFFF92B
FFFFFF49
0000022D
FFFFF83D
000001A7
00000BBA
00000FF3
0000040A
00000B45
FFFFFAE7
00000C7A
00001E6F
00001447
0000138B
FFFFFC87
0000002A
00000512
000002E7
FFFFF996
0000009E
00000417
0000008C
00000A89
FFFFFB3E
FFFFF7DF
00000000
000004BE
000008B5
FFFFF86C
00000779
0000086A
FFFFF9D1
FFFFFC3E
FFFFF4F0
FFFFF394
00000327
00000F21
FFFFEFD8
000013BF
00000E8B
00000E8F
000002B9
FFFFFB09
00000822
0000122C
FFFFFDD1
00000033
00001690
00000562
FFFFFEA0
FFFFFFC8
FFFFF11C
FFFFFD69
00000B4E
00000C13
FFFFEE10
00000371
FFFFFB9E
0000017D
00000394
0000058B
FFFFF942
FFFFFC46
FFFFF696
FFFFFC37
FFFFF777
00000119
FFFFF575
FFFFF0A5
000000EF
FFFFFED1
FFFFF5BD
FFFFF4C1
FFFFFBA3
00000590
FFFFF9B6
FFFFFC27
00000640
FFFFFAAC
FFFFFE2E
FFFFF884
00000B89
FFFFF782
FFFFF7A1
FFFFFB46
FFFFF7B3
00000AFF
FFFFFA5A
FFFFF7A5
00000725
FFFFFBDB
FFFFF2BC
00000FAE
FFFFF6D8
00000D7D
FFFFFEAC
FFFFFFDC
FFFFFA3F
0000044A
FFFFF7FB
FFFFF503
FFFFFCDA
0000007C
FFFFF791
0000051B
FFFFF84B
FFFFF641
FFFFF7A8
00000581
00000155
00000836
00000E01
00000CFF
0000072B
FFFFFAEF
0000012F
00000402
0000088E
FFFFED42
FFFFF907
FFFFFF37
00000A14
000008B9
0000066E
000003A2
FFFFF6E5
FFFFFB1C
FFFFF493
00000AC3
FFFFFA40
000003B3
FFFFFAB3
FFFFF2A0
FFFFF8DA
00000BAC
00000F1E
FFFFFAA5
FFFFFEAA
FFFFF86A
FFFFFC23
FFFFFD1F
FFFFFBBD
0000000C
FFFFF53B
FFFFFB14
FFFFFAD8
0000024A
0000032A
FFFFFC1A
FFFFF52E
FFFFF5FE
00000358
FFFFF72A
00000645
000002E5
FFFFF78E
FFFFF6F7
FFFFF714
FFFFF5E2
FFFFFA76
00000B3C
00000855
00000DE4
FFFFF4ED
000007DF
FFFFF26A
0000061B
FFFFFD76
FFFFF63E
FFFFF528
FFFFF8D3
FFFFF8CA
00001669
FFFFFE87
00000453
0000031C
0000069E
FFFFFD0F
FFFFF3A7
00000344
FFFFFC91
FFFFEFA7
0000005E
FFFFFE63
FFFFF7FB
FFFFF680
000004E0
FFFFF97D
FFFFF984
FFFFFD27
00000894
00000BED
00000787
FFFFF331
000004B9
FFFFFF68
FFFFFE01
FFFFF116
00000083
FFFFF3A5
FFFFFE9F
FFFFF302
FFFFF5D2
FFFFFAAB
FFFFEF35
00000505
FFFFF9D4
FFFFF5D3
FFFFF554
00000688
FFFFF3E1
FFFFEC49
00000187
FFFFF5F8
FFFFF835
FFFFFB06
00000006
00000029
0000038D
0000063A
FFFFFF02
000001C0
FFFFFB97
FFFFF492
FFFFFC47
000000C0
FFFFED57
FFFFFA2F
FFFFFE8A
FFFFFC60
00000791
00000610
0000034E
FFFFFF13
FFFFFE3A
00000EFD
FFFFF8E0
00000794
FFFFFFB9
FFFFFFFA
FFFFF3EE
00000014
00000182
00000AF9
FFFFF93A
00000811
FFFFFEB6
FFFFFF68
00000C9B
000008D6
FFFFF94F
00000952
0000049D
FFFFF695
FFFFF66F
000001D7
00000928
00000885
FFFFFC39
00000A02
0000030D
000001E9
00000086
FFFFF9BC
FFFFF331
00000DB9
FFFFFC8E
FFFFF7CB
FFFFF775
FFFFFC82
FFFFFA66
FFFFF79B
FFFFFF3D
FFFFF76D
0000036A
0000003A
00000BC7
FFFFF644
000006A8
FFFFEA96
00000A1E
0000125B
FFFFF5D4
00000312
00000114
FFFFF090
FFFFF9E5
FFFFFFC6
FFFFFEE9
0000021F
00000C22
FFFFF68D
0000099F
FFFFFDF0
FFFFF7B1
00000963
FFFFF8D0
FFFFF2C5
FFFFFBEE
00000DCA
00000690
00000B32
FFFFFA1B
00000559
FFFFEE93
00000599
FFFFFC53
0000044A
0000153C
00000CD5
000004FB
00000587
00000A51
FFFFF7AD
FFFFFCAC
FFFFF80E
00000298
000010AE
0000176C
00000EA3
FFFFFE58
FFFFFD34
FFFFF8E1
FFFFF666
FFFFE878
FFFFF3DE
FFFFF3CF
00000517
FFFFF603
00000B0C
FFFFF365
000001EB
00000AF8
0000039A
0000030C
FFFFFB08
FFFFF95D
FFFFFD3E
000009AC
0000073F
000000EC
FFFFFDA3
FFFFF830
00000A6B
00000369
FFFFFE04
FFFFF86D
00000625
0000007E
FFFFFA3C
FFFFFD7F
00000367
000002FF
FFFFFEE8
FFFFF8E9
000006C8
FFFFF3AA
000000CD
FFFFF166
FFFFF67B
FFFFF317
FFFFFE8D
00000589
FFFFEF18
FFFFF987
FFFFF635
FFFFFC00
00000471
000006E8
FFFFFD43
000009D8
000001B0
0000032D
00000959
00000F97
FFFFFC3E
0000029F
FFFFFA5A
000007F8
FFFFFCDA
0000037F
00000975
000002B1
FFFFFE45
FFFFF97F
FFFFFB4B
FFFFFE0E
00000489
00000278
000007EA
FFFFF8CD
FFFFFABA
00000928
000003A1
FFFFFE9B
FFFFFCD9
FFFFFFDB
00001031
00000402
000001D1
FFFFF600
00000B0F
00000BBE
00000C7E
000007C1
FFFFFE7B
00000647
FFFFF797
FFFFF823
00000CE2
FFFFFAFE
FFFFFDE7
FFFFFDF5
FFFFFA9B
FFFFFE38
000009B1
00000F3A
000009DF
00000B3B
00000885
00000C7B
FFFFFF8D
FFFFF39D
00000588
000007AE
000009F5
00000E0E
00000626
FFFFFB34
FFFFFF18
FFFFF494
000004DF
00001217
000008E7
0000035F
00000745
FFFFFD67
000000A1
00000975
FFFFF818
00000A8A
FFFFF727
00001428
0000090F
000002EF
00000D58
FFFFFFC2
00000036
00000405
FFFFF14A
FFFFFE8D
00000D29
000009B8
FFFFFD5C
FFFFF94F
00000AC2
00001065
FFFFFF16
000006F2
FFFFF4EA
0000032C
000003FB
0000138A
00000B89
FFFFF1BC
FFFFFF67
FFFFF178
00000DFA
00000761
00000121
000001A8
0000040F
FFFFF4E7
00000478
FFFFF49F
FFFFF2CA
00000076
FFFFFB26
FFFFFED2
FFFFFF5B
FFFFFC48
00000859
000000D9
0000013D
FFFFEF66
000000C9
FFFFF510
FFFFF3CA
FFFFFED6
00000674
00000BF0
00000361
000002A2
0000147F
FFFFFFF5
00000379
FFFFF8A9
FFFFF9A3
FFFFF632
00001EDA
00001046
00000428
00001122
00000BA1
FFFFF7DD
00000901
0000075E
000008FF
0000000A
FFFFF825
FFFFF423
FFFFF22C
00000110
000003F7
00000B18
00000C98
00000B1B
00000915
0000004F
000000AF
FFFFF95E
000007B3
00000930
0000087D
FFFFF87A
FFFFFACC
FFFFFE91
000011CE
0000065E
00000F1A
00000859
0000090E
FFFFF72B
00000B05
00000B51
00000E3D
000001D6
FFFFF4FD
FFFFF093
FFFFFFDA
0000089D
FFFFF9A3
00000F67
000002AB
FFFFF402
0000045E
FFFFFF43
00000146
FFFFEF0F
FFFFFE63
00000386
0000049F
FFFFF83D
FFFFF93B
00000970
FFFFF7C2
FFFFF89E
FFFFFE3B
FFFFFDB1
000000F2
FFFFFD8E
FFFFFEAD
FFFFF89C
00000B68
00000883
FFFFF8CC
FFFFF885
0000004F
FFFFF9A4
00000B5F
00000B1F
FFFFFA1E
00000048
00000AE7
0000063A
FFFFF316
FFFFF41C
00000838
00000393
00000221
00000291
FFFFFF10
FFFFF89F
FFFFF3DC
FFFFFBBD
00000154
FFFFF2BE
000005C6
FFFFFD8E
FFFFF80A
FFFFEE49
FFFFEECE
FFFFF19D
000008B4
00000026
000004CF
00000228
FFFFFFC3
FFFFF7FE
FFFFF249
FFFFFA99
FFFFFADC
FFFFF6B3
000003E3
000005E7
0000006A
FFFFF616
FFFFFDB2
000009F1
000000CD
FFFFFB2D
000008CF
0000023A
FFFFFE9E
FFFFFDEA
000007DC
FFFFFEC8
00000ABF
000002F7
000007E0
FFFFFF66
FFFFFE6F
FFFFF7F4
FFFFF96D
FFFFFBB7
FFFFFA19
0000056C
000002E8
FFFFF162
FFFFFF43
000016BE
00000237
FFFFF83C
000011A9
FFFFF488
00000645
FFFFFDAB
FFFFFF53
000001B3
FFFFFFF7
00000623
FFFFF5A2
000005F7
FFFFFC6F
FFFFFFB2
00000713
FFFFF28D
FFFFF8F6
0000073C
FFFFF90A
000010E2
FFFFF7F5
FFFFF8A1
FFFFFB95
FFFFF788
00000820
00000341
FFFFFA90
FFFFFAA3
FFFFFEF3
FFFFFABA
000006AA
00000B2E
FFFFFF5A
FFFFF8C1
0000026F
FFFFFF85
FFFFF784
000003A6
000007CD
FFFFFDFF
FFFFFC14
00000094
FFFFFED8
00000640
FFFFFA60
FFFFF9DB
00000245
FFFFFD59
00000C2F
FFFFFD21
FFFFFCF1
FFFFF9A5
0000094A
00000910
00000323
FFFFFEAD
FFFFFD35
000005C1
000004D3
FFFFF9D9
FFFFFDF9
FFFFFD3A
00000011
000008A9
0000076B
00000519
00000366
00000D59
00000812
00000677
00000AD3
0000024B
00000155
00001286
00000674
FFFFFD97
0000079B
0000040E
FFFFF713
FFFFFFAF
0000022C
FFFFEC15
00000C4A
000007F7
FFFFF35D
FFFFFDE6
FFFFF8A9
000001EE
FFFFFC57
00000A82
FFFFFCC0
000001E1
FFFFFEFD
FFFFFD9C
00000479
00000350
000005C0
FFFFF703
FFFFFAC9
00000624
00000FA4
FFFFF7E5
000010E8
FFFFF853
000000FB
FFFFF500
000004BB
00000339
FFFFF154
000005EA
00000050
FFFFFFC5
000000EE
0000033F
FFFFFDBB
FFFFF9D3
FFFFFB35
FFFFF547
FFFFFE4F
00000160
FFFFF9A8
FFFFF829
FFFFFFB8
FFFFF1F4
00000976
000000A9
FFFFFD3C
00000AAF
FFFFF8A6
FFFFFF04
FFFFFBAD
FFFFFC7C
FFFFFEB8
00000EB7
00000307
000003DB
FFFFFED4
0000039A
FFFFF8E4
00000712
FFFFFF14
00000093
00000025
FFFFF622
FFFFFCB9
00001178
00000794
00000C34
00000791
FFFFFE41
FFFFF1D5
FFFFF902
FFFFEFD5
FFFFEE18
000007B8
FFFFFDA9
FFFFFA12
FFFFFC46
000007D5
FFFFFF04
00000BE6
000002F6
FFFFF244
00000DD6
FFFFFF91
FFFFFF18
00000039
FFFFFC28
FFFFF560
00000857
FFFFF6FB
FFFFF231
0000010E
FFFFF6B3
FFFFFB53
0000019C
000002C8
FFFFFD0B
FFFFFE9E
00000560
00000029
FFFFF4C5
FFFFFB99
FFFFFD41
FFFFFBC6
00000213
00000742
000004DE
FFFFFE5B
FFFFFEAD
00000044
FFFFFA9A
FFFFFD9F
000000CA
FFFFF955
00000548
00000449
FFFFF912
000000D3
00000EFC
00000C78
00000124
000001AD
000003AC
FFFFFB5B
FFFFFB5A
0000031C
00000BBE
000006CB
00000F9B
00000002
FFFFFBD2
000002CF
FFFFFED2
00000242
0000054A
FFFFFA15
FFFFEC18
FFFFF380
FFFFF5DA
FFFFFEDE
00000689
FFFFF587
00000AC3
FFFFF6AE
000009A4
0000047E
FFFFF60F
000003BE
FFFFF283
FFFFF8FB
FFFFFE0D
FFFFFBCC
FFFFE989
0000040C
FFFFFCEA
FFFFFAF3
FFFFF8B2
FFFFF52C
FFFFF890
FFFFF7E2
00000C26
000011BF
00000BDB
FFFFFBD6
FFFFFA7E
FFFFFA9C
00000230
00000649
FFFFFAAD
00000875
00001511
000000D4
00000607
00000146
FFFFF453
00000AA0
FFFFF3C9
0000069A
0000084D
000007F7
FFFFF6F9
00000B11
000003FB
FFFFF6B0
0000041E
FFFFF4C9
FFFFFB1B
00000059
0000015D
FFFFFF9E
00000DF7
FFFFF79B
FFFFF5EC
000008B2
FFFFF89C
FFFFFA26
00000A06
FFFFFBC1
FFFFF41D
0000020B
00000B62
0000061C
000000B7
0000070F
FFFFF84F
FFFFF98F
FFFFF90C
00000460
00000B59
FFFFF70C
00000041
000005F0
00000472
FFFFF88B
000007D9
0000089E
FFFFF90A
0000073C
FFFFFC76
FFFFF128
FFFFFCB8
0000014B
FFFFFB69
FFFFFDC5
000006EA
00000668
FFFFF6C0
FFFFF565
FFFFF8DF
FFFFF6A3
000002B2
0000014A
FFFFF907
000002D6
FFFFFCD5
000009FD
000000A6
00000A8A
FFFFF7A4
FFFFFEFF
FFFFF8B3
FFFFFD8F
FFFFFE70
FFFFFECB
FFFFF749
FFFFFCA2
000001AD
FFFFFC23
00000537
FFFFEDAF
00000387
FFFFF1CB
FFFFF48B
00000007
FFFFF49D
FFFFFFD5
0000094A
000003B7
00000560
0000044A
FFFFFD95
00000344
000010D4
FFFFFCDE
00000D32
000005B3
FFFFFA6E
FFFFFE8B
FFFFFB53
0000041D
00000597
FFFFFC76
000007D1
00000087
000003E6
FFFFFE3A
000004B5
FFFFF951
FFFFFE7E
FFFFF851
000003E1
FFFFF604
00000154
FFFFF6C2
FFFFF91B
FFFFF1AA
00000AAB
00000B90
000005C6
FFFFF4BC
000004D7
000000F0
00000D54
00000023
FFFFFA3B
00000984
00000FA7
FFFFFCA0
0000008D
0000054C
FFFFF9B3
00000983
0000104C
00001018
0000145A
00000118
FFFFFB6F
00000C97
FFFFFC82
00000C5E
FFFFF758
FFFFFA33
FFFFF6E7
00000E78
FFFFFC88
000006AD
FFFFFFE0
FFFFF4A9
FFFFFBF1
FFFFFC6F
FFFFFBEA
FFFFF575
FFFFFE29
FFFFF897
0000043F
FFFFF324
FFFFEE25
FFFFFAA0
FFFFFDC7
FFFFF69E
00000388
0000006F
000004FB
FFFFFD70
00000046
00000CE7
FFFFFE99
FFFFF471
FFFFF98C
FFFFF016
0000097C
00000205
FFFFF553
000009A7
0000007A
FFFFF5EE
FFFFFECE
0000005D
0000008E
00001311
00000A99
00000108
00000693
000000FD
FFFFF591
00001049
00000743
00000640
FFFFF654
FFFFF883
FFFFFA94
FFFFFA98
000007C6
00000507
00000227
FFFFFA2B
FFFFFF08
FFFFFE31
0000068D
FFFFFC71
00000549
00000200
FFFFFE44
FFFFFDA8
00000841
FFFFFD49
FFFFF819
FFFFF9FD
00000AF0
FFFFFD7C
00000723
00000B7F
000008E4
FFFFF6A6
FFFFF3DA
FFFFFD1C
00000BAF
FFFFFB59
00000C2E
00000E69
00000069
FFFFF8FB
0000013A
000005BF
FFFFF6CB
FFFFFE1A
FFFFF962
000002F2
000005F0
FFFFFE45
00000E92
00000A4F
FFFFF3C7
FFFFFB80
0000047D
FFFFF173
00000737
000011FC
FFFFF4C8
FFFFFDEE
FFFFEB2E
FFFFEAC1
00000292
000002BE
FFFFFB3B
FFFFF750
FFFFF644
FFFFEDDC
FFFFFF31
0000017A
000002EC
FFFFFFB8
FFFFF39C
FFFFF806
0000072C
00000231
FFFFFBCF
FFFFF712
FFFFF906
FFFFFA39
FFFFFEEC
FFFFFD3C
FFFFF7AE
FFFFFD86
FFFFF3C0
FFFFF9E8
FFFFFE2D
FFFFF582
FFFFF4C3
FFFFFA0A
FFFFF908
FFFFF7D8
000000E9
FFFFFEB0
FFFFF7AD
0000020C
FFFFFC84
FFFFF203
FFFFF8C6
FFFFEE11
FFFFFC55
0000056E
000002A3
FFFFF2F4
00000232
FFFFF9E5
00000897
FFFFFCB9
FFFFF335
000003BB
00000C51
FFFFF82B
00000FB5
FFFFFD91
FFFFFEA0
FFFFF818
00000123
0000024C
FFFFFFDD
00000176
00000617
00000D59
FFFFFFF3
FFFFF06B
000002A7
0000012D
FFFFF499
FFFFF5B8
00000484
FFFFF8FB
FFFFFD53
00000147
000000DE
FFFFF95D
000003C5
000006E0
0000077D
0000078E
000001F0
FFFFF4B9
FFFFFEE6
0000058A
FFFFF8D0
0000096F
0000069D
FFFFF903
000007CF
000006E1
00000D4B
FFFFFF8D
FFFFFFAA
000003DA
00000FC1
FFFFFAB1
00000236
00000FDC
FFFFFF05
000013DC
FFFFFC14
FFFFF26B
FFFFFA77
FFFFFBC9
000000C9
FFFFFE68
FFFFFF30
FFFFF874
FFFFFEEA
FFFFF527
0000037B
00000DF2
000002A6
0000031A
00000A76
00000894
FFFFFD58
00000A27
00000563
00000181
FFFFFD44
00000008
FFFFFFB1
FFFFF71E
00000404
0000021B
FFFFFE09
00000475
00000287
0000042B
000003E9
FFFFFB75
000006BF
0000060D
00000EC4
FFFFFA92
00000214
000005A2
0000094D
FFFFFCE0
FFFFFBE2
FFFFFF46
FFFFFF30
00000BF7
0000049F
FFFFF332
FFFFEF6D
00000805
FFFFF5CF
FFFFFD00
FFFFFBB5
FFFFFC30
FFFFF3C5
00000B2F
00000B46
000001E0
FFFFFFC6
FFFFFF3D
00000742
0000050F
FFFFFC09
FFFFFE2E
00000A03
00000287
FFFFF0DA
FFFFF87B
FFFFFCF7
000004FE
FFFFF6B5
FFFFFCD0
FFFFF417
FFFFFBD6
FFFFFD26
00000213
0000007F
FFFFFC74
000009D8
000001BB
00000BF3
000009D8
000004D9
000003BB
00000464
FFFFF908
FFFFF2D7
FFFFF8D6
000001BA
000002CA
00000AA1
0000048F
FFFFF336
FFFFF6F2
000002BF
000005EE
FFFFF71D
FFFFFF6A
000009A7
FFFFF929
000011D1
FFFFFFF9
FFFFF687
0000062F
FFFFF651
0000047E
00000313
FFFFFA4B
00000A69
FFFFF157
FFFFF119
FFFFFE91
0000035C
FFFFFD36
FFFFFBB8
FFFFF3BE
FFFFFE5F
000008D9
0000065A
FFFFFA27
FFFFFFE2
000000C5
FFFFFC07
00000965
000001BD
00000A0F
00000F9F
0000033A
FFFFF892
FFFFFCF3
FFFFFCFB
FFFFFA30
FFFFF9D0
00000CEC
FFFFFA4F
0000023A
00000918
FFFFF9BF
FFFFFC18
FFFFF7FB
FFFFF262
FFFFF544
0000023D
FFFFF4E9
00000264
0000068E
00000217
00000357
FFFFF3E8
00000080
FFFFF9AE
00000188
FFFFF678
000006CE
000001BC
FFFFF0C4
00000657
000000EE
FFFFFE75
FFFFFC0F
FFFFFDE0
00000386
000007C9
000006C3
FFFFF986
FFFFFE86
FFFFFB83
00000725
00000386
0000171B
00000861
00001038
000010AE
00000877
00000921
00000378
00000367
0000145C
00000B2C
00000290
00000A1D
00000BD2
FFFFF110
FFFFEDE4
FFFFFA44
FFFFF6A6
FFFFF7C4
00000479
FFFFF17B
FFFFF926
FFFFF3F8
FFFFFCB3
00000DA5
0000035B
000006B1
0000135F
FFFFFDBC
FFFFFAAC
FFFFF8DF
00000978
00000C88
00000179
00000A81
000009D5
0000099F
00000D0B
00000963
FFFFFAA1
00000A37
FFFFFEEA
FFFFF7A3
FFFFFC09
0000018C
FFFFF942
FFFFF872
FFFFFE42
00001195
FFFFFA13
FFFFF9BE
FFFFFC91
00000146
FFFFFD48
0000046A
FFFFFE8B
000007C6
FFFFFB04
000010D7
FFFFF9A8
FFFFFEFD
0000022C
FFFFF472
FFFFF97B
FFFFFA4A
0000035C
FFFFF6AA
FFFFFB37
FFFFFAC1
FFFFFF1D
FFFFF5B7
000002A1
00000AA3
FFFFFD77
FFFFFC5A
0000048C
000004A9
FFFFFCD1
FFFFFCC1
FFFFF506
FFFFFB6E
FFFFFFA0
00000CD3
0000086E
FFFFFDC1
00000096
00000271
00000A20
000003A0
FFFFF9DF
000008E0
0000133A
0000091D
00000C6C
000003CA
FFFFFA64
000002C1
00000614
000009C2
FFFFFDAF
0000086F
FFFFFCA5
0000065F
FFFFFCEA
00000108
FFFFF608
0000052C
000008BA
00000D58
00000C90
00000437
000006FE
000006A8
00000608
000006C5
FFFFF9FB
FFFFF6E4
FFFFFD78
000001ED
0000052E
FFFFF70D
00000862
FFFFF408
000002DB
00000CEE
FFFFFE34
00000A42
00000613
FFFFFE68
00000E33
00000843
FFFFFCFF
FFFFF661
00000375
FFFFF2CD
FFFFFBA7
000001B4
FFFFF646
FFFFF3C4
FFFFF41C
FFFFFB94
000005D1
FFFFFF27
FFFFF345
000004E4
00000AA6
000004B4
000001C5
00000707
000005A3
00000894
FFFFFB4F
000007FC
000001CF
00000489
00000757
00000237
000003BC
FFFFF079
FFFFF86F
00000246
FFFFEE32
FFFFEFE5
0000007E
FFFFF6C7
FFFFFC3C
FFFFF183
000001FA
00000C04
00000EDB
FFFFF3C2
00000053
0000033E
FFFFFB41
000009BC
0000099F
FFFFFC21
FFFFFD25
000001C3
FFFFF8AE
000003DE
0000036F
00000414
FFFFFF24
FFFFFC29
00000F12
0000039D
00000226
FFFFF963
000003BC
000005B9
0000038B
00000702
FFFFFFEF
FFFFFA8B
FFFFF9ED
FFFFFF3B
0000010E
00000251
000001F8
000001DE
000002BC
00000E14
FFFFFF02
FFFFFCF6
00000590
00000806
FFFFFB39
00000559
00000E29
FFFFFD31
000007DF
00000B67
0000090A
00000271
FFFFF5ED
FFFFFAFE
FFFFFE1A
00000C89
FFFFFA3C
00000902
FFFFFEE3
FFFFFEF3
000003BF
FFFFF72E
FFFFF6CF
00000EA0
FFFFF7CC
0000060E
FFFFF54C
000004AA
0000065E
FFFFFFAB
FFFFF85B
00000590
FFFFFF74
FFFFFA8F
FFFFF8E0
00000957
00000781
FFFFFC41
000005C3
FFFFFE59
000003FE
FFFFFFCC
FFFFF9D8
FFFFFFE1
FFFFF928
FFFFFD7B
000002D6
FFFFFB13
FFFFFF5F
FFFFFF1E
00000162
00000811
000003E1
00000D0C
000000A9
FFFFF60B
00000362
FFFFFC5F
00000927
FFFFFFA2
FFFFFA62
FFFFFE67
000006FA
FFFFFF35
0000043A
0000121A
FFFFFAA1
00000299
000006F0
FFFFFB35
00000F2F
00000D7D
000007BB
00000525
00000207
FFFFF5A6
00000992
000003D8
00000495
0000005E
FFFFF9D9
FFFFF9BC
FFFFFA9B
000007CB
000003E4
FFFFF731
FFFFF83A
FFFFFCB7
FFFFFF05
0000030E
FFFFFB64
FFFFFA60
FFFFFE24
00000643
00000AEB
00000316
FFFFFBD3
FFFFFD1F
00000A6B
FFFFF5E1
FFFFFAFD
00000849
000001A6
FFFFFE4D
FFFFFB34
00000426
FFFFFE6E
00000A4E
FFFFFD7C
FFFFFCC5
00000901
00000635
FFFFF85F
000007D4
0000044D
000009D0
0000045B
0000021A
FFFFFC7E
00000D00
FFFFFB65
FFFFF5F1
00000A04
000003BE
00000A6A
0000048A
00000669
FFFFFFD6
000003CD
FFFFF4C3
FFFFF776
000006F7
000004C7
00000CEA
0000053D
0000038B
FFFFFDA7
00000C76
0000015D
00000177
FFFFFE29
00000898
FFFFF9F1
FFFFF94A
FFFFFC92
000007E2
FFFFFE49
FFFFFAE5
0000031B
000004F0
FFFFFF4F
00000173
0000045B
00000536
000007EE
FFFFFE52
FFFFFA68
000005FF
000003CB
0000027D
FFFFF936
0000013C
FFFFFD40
FFFFF921
FFFFFC7A
FFFFFFFF
000007DD
FFFFFD57
FFFFF831
FFFFF955
FFFFF7D6
000002D3
00000517
00000427
FFFFFDFF
000005E0
FFFFFECF
00000199
FFFFFE33
FFFFFC4E
FFFFF6AA
FFFFF53D
FFFFFE49
FFFFFFD8
FFFFFD83
FFFFFB5E
FFFFFAC7
FFFFF64C
00000077
000006AB
000001B4
FFFFFD05
FFFFF815
0000028C
00000193
FFFFFC69
FFFFFD1D
00000183
FFFFF7C3
FFFFFB62
0000004E
FFFFFDE8
00000131
FFFFFA04
FFFFFFD1
FFFFFDB0
FFFFFAE1
FFFFF580
000006A7
000001CE
FFFFFDBC
000001A1
FFFFFB64
FFFFFE96
FFFFF812
0000029D
FFFFF957
0000047E
00000647
000007DB
00000817
FFFFFCD0
FFFFFE11
00000323
000001BF
FFFFFEFD
000005D9
00000155
FFFFFE29
00000227
FFFFFA74
00000133
00000016
000001DA
FFFFF74A
FFFFFC7B
00000048
FFFFF6DF
FFFFF1EE
FFFFF71D
FFFFFB54
FFFFFC11
FFFFFD42
0000012C
FFFFFC29
0000020E
FFFFFDF1
00000140
FFFFFAD7
FFFFFB26
00000837
FFFFFD77
0000043E
000005B7
FFFFFDBE
00000139
FFFFF727
FFFFFCDB
FFFFFFCE
FFFFF8D0
0000049B
FFFFF8E4
00000186
FFFFFA9F
FFFFF849
000003E2
000000BF
FFFFFC72
FFFFFE34
00000539
FFFFF9F6
00000391
FFFFF5A6
FFFFFD59
FFFFFEC1
000006C8
FFFFFC1F
00000105
00000215
FFFFF68A
FFFFFC55
00000244
0000023B
00000400
FFFFFB5A
000000B4
FFFFFA10
FFFFFFB2
00000182
000003BB
FFFFFEEE
FFFFFC30
00000139
000002D2
00000483
00000611
FFFFFE42
0000034D
FFFFFC37
FFFFFE0E
00000141
0000002E
FFFFFDCB
FFFFFF21
FFFFF928
00000253
000006E1
FFFFFCD3
FFFFFCF6
FFFFF810
FFFFFDA8
FFFFFEBC
00000536
FFFFFA7E
FFFFFAFB
FFFFFD70
000003BB
FFFFFAC1
00000073
000006F6
FFFFFE26
FFFFFF13
000003E6
00000069
FFFFF738
0000032D
000008D1
0000086F
FFFFFF36
FFFFF958
FFFFF9F0
000001AF
00000367
FFFFFD3B
00000551
00000314
000001DB
FFFFFFEA
FFFFF46F
FFFFF9B5
FFFFFF6F
FFFFF812
0000015E
FFFFFB06
000006B9
FFFFFC72
0000008E
FFFFFDF2
00000002
FFFFFEE9
FFFFFE74
0000070E
00000504
0000026A
000000A3
000002BF
FFFFFAC8
000002D5
00000263
0000009D
000001CD
00000567
000002BB
00000696
000000A2
FFFFFBE0
FFFFF8DA
0000055F
00000609
FFFFFA03
0000025D
00000214
FFFFFA1B
FFFFF68B
000002F0
000001A8
000003DE
FFFFF6C4
0000008B
FFFFF5DC
FFFFFB76
FFFFFFBE
000001C9
FFFFFBEB
000001A5
FFFFF896
FFFFFE3A
00000767
00000813
00000499
000000E0
FFFFFBCF
00000005
FFFFFDFF
000008D8
FFFFFB73
000002AB
000007E2
FFFFFF51
000003CB
00000775
FFFFF04D
FFFFFBC4
FFFFFE45
000003F1
FFFFFDC7
000002E8
00000522
FFFFFD97
FFFFFCA1
000003D1
00000708
00000A54
FFFFFF33
FFFFF867
000005B0
00000276
FFFFFF19
FFFFF190
0000021C
000004E1
FFFFF7CA
FFFFFEE5
000002CC
FFFFFAEE
000004DF
FFFFF92B
00000924
0000042B
000002B1
FFFFFB56
000003CF
000000E9
000000C3
FFFFFEEB
00000541
000000F2
FFFFFBBD
FFFFFAAC
0000069A
FFFFFDB0
FFFFF8A5
0000026B
FFFFFA1B
FFFFF9B1
000007A7
000004EC
FFFFF8A5
FFFFFF8C
FFFFFB63
00000234
FFFFFC76
0000034E
FFFFFE23
FFFFFF29
00000132
00000507
000001DE
00000472
FFFFFEB6
FFFFF88A
0000020F
000003EF
FFFFFC90
00000395
00000104
FFFFFB07
FFFFFA78
0000066E
FFFFFEB5
FFFFFFDF
FFFFF934
0000032E
00000045
FFFFFDE6
FFFFFFD8
00000104
FFFFF0EA
FFFFFAF5
FFFFFEBC
00000623
00000286
FFFFFFF8
FFFFF8AD
FFFFF801
FFFFFB79
000003BE
000004E2
FFFFF857
00000091
FFFFFEEA
00000223
FFFFF9A2
FFFFF182
FFFFFCED
000001BB
FFFFF4CA
FFFFF8DA
00000750
000006B9
0000000E
00000191
00000060
0000047D
FFFFF92B
FFFFFD83
FFFFFE7C
FFFFFA4E
00000327
0000091D
00000029
00000368
FFFFFE51
FFFFFF96
FFFFFD57
00000536
00000239
FFFFFBA9
FFFFFBDF
FFFFFA29
FFFFF8A9
0000010E
00000740
00000554
FFFFFE0A
000008F2
0000063C
000003A9
FFFFFCD7
00000166
000004D5
FFFFFDDB
FFFFF638
FFFFF979
FFFFFA54
FFFFFB2C
FFFFFC03
FFFFF3C1
FFFFF877
FFFFF96F
FFFFFAB8
00000241
FFFFFB18
FFFFF410
FFFFF938
000003AE
FFFFFB7D
FFFFF9CA
00000435
00000364
FFFFFAB9
FFFFFB43
FFFFFFA4
000002BC
FFFFFC71
FFFFFA1D
FFFFF7C8
00000111
FFFFFD90
00000000
FFFFF5FA
FFFFF95C
FFFFF746
FFFFF8A7
FFFFFDCB
FFFFFE36
FFFFFD8C
FFFFFB46
000005BD
000004F6
FFFFFCAE
0000059C
FFFFF605
FFFFF913
FFFFFA69
00000411
FFFFFDDE
FFFFF78E
00000004
FFFFFEFA
FFFFF6F3
00000272
FFFFF96A
FFFFEC8B
FFFFF324
FFFFF870
FFFFFA42
00000851
FFFFFD40
FFFFF9DD
FFFFFA3E
00000155
FFFFFD93
0000011F
FFFFF914
00000643
FFFFF7DB
FFFFFA6E
000000D8
FFFFFCF1
FFFFFA09
FFFFF4E8
FFFFFF8A
000001F4
00000276
FFFFFD64
000000FA
FFFFFE1C
00000542
FFFFFC90
00000839
000003C3
FFFFFF59
00000543
FFFFFE7E
000002CA
FFFFFE36
000005C8
FFFFF601
FFFFF718
FFFFFBAF
FFFFFB24
FFFFF9BB
FFFFFF3A
FFFFF5FF
0000006B
00000124
FFFFFDA5
FFFFF89F
00000040
FFFFF87E
FFFFF979
FFFFFC14
000001CE
FFFFF982
FFFFF48B
FFFFF9E8
000003A4
FFFFFA25
FFFFFDCE
FFFFFFB7
000001D0
FFFFF831
FFFFEDC2
FFFFF425
FFFFFE36
FFFFFD84
0000023D
FFFFF645
00000098
00000701
FFFFF985
FFFFF64E
FFFFFBCB
0000043E
00000114
00000183
000002FF
FFFFF8DC
FFFFFD56
0000024C
FFFFFF44
FFFFF8EB
FFFFFB4E
FFFFF757
FFFFF9DF
FFFFF8BB
000002DA
0000053A
FFFFFE64
000007DE
FFFFF8AE
00000065
00000201
FFFFF9B4
000000CB
000002C0
0000036A
FFFFFE88
FFFFFEAA
FFFFFBE4
FFFFF610
000000E5
00000780
FFFFFD5C
FFFFFC79
FFFFF828
FFFFFCC9
00000242
FFFFFCC7
FFFFF705
FFFFFA40
FFFFFFE9
FFFFFFA3
000005B9
00000165
FFFFFE81
FFFFF8C8
FFFFFDA2
FFFFFC97
000008CC
0000048C
FFFFFAB5
FFFFFADD
FFFFF985
FFFFFF20
FFFFF62A
FFFFF8FC
FFFFFFC1
FFFFFF1B
FFFFF524
FFFFFA80
FFFFF9A8
000002E7
FFFFF8FD
FFFFFFA4
FFFFFF08
FFFFFFC8
FFFFF699
FFFFF7AD
FFFFFFD8
FFFFFAA2
000006B5
0000074F
FFFFFBE3
FFFFFFBE
FFFFF5AE
0000031F
00000860
00000A61
00000D29
00000B00
FFFFF932
FFFFFEC6
00000769
FFFFFE2C
FFFFFDC7
FFFFFA87
0000072F
000002BE
FFFFF8EE
00000B59
FFFFFFDC
FFFFFF0A
FFFFF591
FFFFF36D
FFFFFA65
FFFFF847
0000034B
000002AE
FFFFFF5D
FFFFFBAD
00000991
FFFFF5B8
FFFFF6F5
FFFFFEA0
FFFFF52D
FFFFF451
FFFFFACE
FFFFF9F5
FFFFFE76
00000348
00000211
FFFFF3C5
0000033E
0000072F
00000847
00000400
0000065F
FFFFFE3A
00000E44
00000560
000003F9
00000518
000002FD
FFFFFC95
000001BD
000005EF
00000280
000004CE
00000060
FFFFFF90
0000039C
FFFFF909
00000396
FFFFF8DA
FFFFF8B5
FFFFF930
00000048
000002D8
FFFFFCB4
FFFFFAF8
FFFFFF25
00000057
FFFFF698
FFFFFD63
FFFFFEE9
FFFFF82D
FFFFFF60
FFFFFBAD
0000040F
00000B9E
000009D8
0000021D
FFFFFD95
00000442
000004FE
FFFFFF5D
00000891
00000598
00000486
FFFFF701
00000472
00000DD7
000005BD
FFFFF87B
00000C43
FFFFFB2C
FFFFFED5
000004E9
00000B6B
000005CA
00000418
FFFFFF92
000000BF
00000664
00000462
FFFFF842
FFFFFB79
00000687
FFFFFB03
FFFFF8D4
FFFFF851
FFFFF5A4
00000453
FFFFFA56
00000335
00000721
000005B9
00000704
FFFFFDE4
FFFFFD59
FFFFFFA2
FFFFFD47
000003B7
FFFFFA70
FFFFF861
FFFFFC57
FFFFFAC5
000009BA
00000375
FFFFFE69
000001F8
FFFFF607
0000066E
00000182
FFFFFE2F
FFFFFD2F
0000102A
FFFFFE2F
FFFFFE13
000004D7
000000D4
FFFFFC54
00000A0D
00000157
00000913
0000020E
FFFFFFF3
0000017F
000007CD
00000BB8
FFFFF733
000008AE
FFFFF9D0
00000187
00000ADE
FFFFF768
00000AA7
FFFFFB79
FFFFFD1B
00000C48
0000081C
00000989
00000211
FFFFF9BB
FFFFFF3E
FFFFFDE1
FFFFFF14
FFFFFBE1
FFFFF948
000007EE
0000004A
00000AC9
00000815
00000A5E
000001E5
00000A6B
00000191
FFFFFF05
00000174
FFFFF67D
FFFFF933
FFFFFF6D
FFFFFF8C
00000278
FFFFFDAD
FFFFFF2C
FFFFF9C8
000007DE
0000027D
000001B2
00000041
00000514
0000082E
00000759
000001BC
0000089B
0000019D
FFFFFE38
FFFFF835
00000C27
00000399
000006A3
00000298
0000053A
FFFFFCCA
00000A03
FFFFFC9E
FFFFF912
0000049A
0000006F
00000364
00000778
FFFFFBFA
0000043B
FFFFF9F1
FFFFF99E
FFFFF8D6
0000064F
0000010E
0000045A
FFFFFE7E
00000141
FFFFFE9E
0000030B
FFFFFAC0
FFFFFEC9
00000619
00000019
FFFFF976
000005CF
FFFFFE52
0000049B
000000E4
000001B3
FFFFFDC2
FFFFFAA5
0000061D
FFFFF484
FFFFF115
FFFFFB04
0000009E
00000A81
FFFFFA48
FFFFF7C2
000000AD
FFFFFE69
FFFFFE78
FFFFFF83
FFFFFE30
00000190
FFFFF26F
FFFFF885
000007FC
FFFFF729
FFFFF2B0
00000047
FFFFF776
FFFFF902
FFFFF8B1
000008CA
FFFFFF92
00000880
FFFFFF47
00000102
000006E4
00000317
0000012F
0000028D
00000477
000005E9
FFFFFB0E
FFFFF67B
00000C75
FFFFF9B7
000001AE
FFFFFCBE
000001A9
000002C6
00000BEB
00000185
000005A3
00000994
FFFFFB04
FFFFFF9D
0000074B
000001A2
00000BD5
00000C04
FFFFF90F
000006B5
000004BF
00000AF6
000000FC
00000347
FFFFFADE
FFFFF9F5
FFFFFE53
FFFFFD05
FFFFFFFF
00000122
FFFFFE2D
FFFFFC07
FFFFFED6
FFFFF8FC
000003BC
FFFFFBCE
FFFFF5BE
FFFFF986
FFFFFD81
FFFFF936
FFFFFFB2
FFFFFCB7
0000013E
00000B75
000006E2
FFFFF974
00000698
FFFFFF88
FFFFF6AC
0000018A
00000239
FFFFFE2B
00000522
00000AC4
0000015D
00000DF1
0000027A
00000CB0
000001DE
00000155
00000701
00000312
FFFFFE89
FFFFF906
000008A5
00000855
FFFFFADA
00000A4B
000002EB
FFFFFFA8
000002C1
FFFFF9DC
000003F9
FFFFFA81
000004CB
0000083C
0000075F
FFFFFACD
FFFFFFE4
FFFFFFE8
000001A8
FFFFF5AB
FFFFFC84
0000090D
0000099C
FFFFFF01
FFFFFBCE
FFFFFBC0
FFFFF4DA
FFFFF3A5
FFFFF24D
0000012A
00000293
FFFFFD1B
FFFFF698
FFFFF605
0000000C
000001BA
00000C68
FFFFFF18
FFFFFB6B
000003AC
FFFFFBD2
0000036F
00000297
FFFFFC64
000002D6
FFFFFF7C
000000A7
FFFFFD45
FFFFFD74
FFFFFD35
000004EF
000002BE
000005A6
FFFFF5CA
FFFFF2BA
FFFFF63D
FFFFFCDE
FFFFF46A
FFFFFFC6
00000047
FFFFFAAF
FFFFF731
00000D12
FFFFF7C9
000006C2
000007B1
00000574
FFFFFA2B
00000283
00000A5F
FFFFFEF8
FFFFF78E
FFFFFC46
00000689
FFFFFED1
FFFFFC26
0000067E
0000015E
FFFFFD1E
FFFFF46C
00000473
00000209
FFFFFC81
FFFFFDA9
000003C2
FFFFFF04
FFFFFA53
00000202
00000218
00000323
00000962
00000694
FFFFFF6F
FFFFFEDF
000008B9
FFFFFD11
FFFFF9E1
0000045E
FFFFF7E6
FFFFFF3D
00000251
FFFFFE93
FFFFF83C
FFFFFD7B
FFFFF957
FFFFFCF9
0000040B
00000B45
FFFFFCA1
000004CC
FFFFFEE3
FFFFFABA
FFFFFCEF
FFFFF8CF
00000261
FFFFF92A
00000928
00000232
FFFFF7E5
00000119
0000072A
0000030F
FFFFFDCE
FFFFFF07
FFFFFFB1
00000BA0
00000A4D
00000ADC
00000031
000005E6
FFFFFA08
FFFFFC29
000009E1
0000047F
000003E0
0000052B
FFFFFB61
00000869
000007D7
000002E9
FFFFF99F
FFFFF6A3
FFFFF909
000006ED
000001F6
FFFFFE62
000009A3
000007CE
000009AD
FFFFF705
FFFFFDEE
000002B4
FFFFFE68
000003E7
FFFFFCBC
000004BA
FFFFF29B
FFFFF843
00000015
FFFFFD22
FFFFFA25
000005AF
00000352
0000058E
FFFFF7ED
00000255
0000009B
00000395
FFFFF7E3
FFFFF982
000000FA
FFFFF958
00000705
00000A1B
00000140
0000001E
00000788
FFFFFDCB
FFFFFB5D
00000023
00000006
FFFFFCA7
000001BB
FFFFF9DA
FFFFFC9F
FFFFF558
FFFFF9AA
FFFFFCE8
00000F8B
FFFFFE94
00000C46
00000CB0
000000AE
0000070E
000009A6
00000649
00000576
000001AC
FFFFFA1C
00000433
00000998
000001AE
000002D8
0000048D
00000091
00000804
00000833
000004A4
000001C3
FFFFFC21
FFFFFB53
000005F6
FFFFFD0D
FFFFFCC8
FFFFF9C3
FFFFFF1E
FFFFFD05
000007DD
FFFFFDB8
FFFFFDCB
FFFFFACF
00000434
0000069D
FFFFFD97
000002F6
00000300
00000281
FFFFFA32
00000031
FFFFF817
FFFFFB72
FFFFFE05
0000070E
FFFFF98B
00000AF4
000004D7
FFFFFBAF
FFFFFB17
000000B9
000008B3
00000368
FFFFFCFE
0000051B
00000826
FFFFF64F
FFFFE730
FFFFFD32
FFFFE8CB
FFFFE5F4
FFFFFFB4
FFFFFFCB
00000608
FFFFF68B
FFFFFC89
FFFFFBEE
000011BF
00000045
FFFFF300
FFFFF9D6
00000FD6
0000138D
0000133E
000018B6
FFFFFE6F
FFFFF060
0000004D
FFFFF9D9
FFFFF154
00000A46
0000098F
FFFFF716
00000504
0000047A
FFFFF293
FFFFEBF0
00000381
00000F3C
FFFFF3F8
FFFFFFEE
FFFFF7C1
FFFFF946
00000024
000006DF
FFFFFB6A
FFFFEF40
FFFFFF85
FFFFF07F
000002BD
0000124F
FFFFFA1D
FFFFFC2C
00000CBC
FFFFF37C
00000D4F
0000035E
000008B4
FFFFF1F3
00000F7D
00000BDB
000000FB
FFFFFF47
00000689
00000B98
000006B7
00000221
FFFFFCDB
000002EE
FFFFE6A2
FFFFFB49
00000286
FFFFFF8E
FFFFE9FB
FFFFF4F3
0000096A
00000021
FFFFF9A4
00001194
0000101A
00000CFD
FFFFF8F1
FFFFFBB0
00000708
FFFFF7B5
FFFFF6ED
FFFFF0A7
000002C2
0000006D
00000132
FFFFF764
FFFFF7B9
FFFFF43F
FFFFF0F6
FFFFF8C1
00001686
00001124
FFFFFAB2
00000481
00001AFD
FFFFF710
00000CB4
0000022F
FFFFFA52
00000600
FFFFFB83
000013FF
0000096F
00000500
00001458
00000142
0000156D
FFFFFF75
FFFFEE38
FFFFF21D
FFFFE75E
000002CE
FFFFFCA1
FFFFF95C
00000041
0000032B
00000C33
FFFFF35A
00000E39
FFFFFF2B
FFFFFC72
00000240
00000383
00000685
000006C0
FFFFFF21
FFFFFDF3
FFFFFCE2
000005CC
FFFFF26F
FFFFEF49
FFFFEEA3
FFFFF06B
FFFFED4C
FFFFFC19
00000F91
000017F7
00000052
000008BF
FFFFFF2E
0000096D
00000B79
0000029F
FFFFF5CF
00000A00
000006BC
00000C14
0000064B
000005D4
00000486
000002AA
00000914
0000065E
00000A7A
FFFFFE52
00000D46
FFFFF2CD
FFFFF86B
FFFFFA17
FFFFFC0B
FFFFEF88
FFFFFD25
00000169
FFFFFB2B
FFFFF47B
00000DD4
FFFFFC68
FFFFE296
FFFFFAEE
FFFFF7CA
FFFFF671
00000C4A
FFFFF18D
00000C42
00000804
0000044B
FFFFFF87
FFFFFE32
000016D0
000003D1
00000954
FFFFFD61
000003FA
000002B5
000013C9
00000DB4
00000094
00000D91
FFFFFBF4
FFFFF5AD
00000643
000008B7
FFFFF568
000002E2
00000150
0000021B
00000449
FFFFF864
000001F6
FFFFFD2C
FFFFF363
FFFFF177
FFFFFF16
FFFFF1F9
FFFFE91A
FFFFEDE5
00001777
FFFFFA05
00000B56
00000FCC
00000785
0000046A
00000D68
000010CE
FFFFF07B
FFFFF2B3
FFFFF57D
FFFFEA40
FFFFE35C
FFFFE5F3
FFFFFEED
FFFFF6D7
FFFFE5B4
FFFFFBE8
FFFFFA46
00000CE9
00000888
000000C8
000019C5
FFFFFB9F
FFFFFBF2
FFFFF5B1
FFFFF768
000006DA
FFFFF9B0
FFFFFC2B
00000BA6
FFFFEE06
000007BD
0000041D
FFFFF8A5
0000045A
FFFFFA83
FFFFF60C
FFFFF2F2
00000914
FFFFF0FC
00000049
FFFFF299
FFFFE5B0
FFFFE89B
FFFFF8FC
00001499
FFFFF138
FFFFF697
000008F6
00000BEE
FFFFF9C4
000000C3
FFFFFB9B
FFFFE625
00000819
FFFFFC24
00000857
FFFFF8D1
00000803
FFFFF363
000008C1
FFFFFFB5
FFFFF3B8
FFFFF430
FFFFEFB5
FFFFFA5B
FFFFFAA6
FFFFFE6A
FFFFFE73
FFFFF429
00000E6E
FFFFF4E5
00000297
FFFFE7F8
FFFFF4E7
FFFFF0AB
FFFFFE81
00000211
FFFFF41C
0000094B
FFFFF39C
FFFFFB12
000004D6
FFFFF73A
FFFFEBE2
00000BEE
0000046E
00000E53
00000689
FFFFFDE2
00000B0B
FFFFF287
FFFFF91B
000000C1
FFFFFFAE
0000074F
00000596
00001443
0000078F
00001243
FFFFF80E
00000ADE
000004A1
FFFFFACC
00001095
00001675
00000672
FFFFF605
FFFFF5B5
FFFFFB9E
00000980
FFFFFB35
FFFFF293
FFFFFD1A
FFFFFFD2
FFFFF889
00000521
FFFFEB5B
FFFFFE0E
FFFFEBF2
00000882
FFFFEED3
00000648
00001030
FFFFE6B9
FFFFF878
FFFFF262
000006EC
FFFFFA62
FFFFEA14
FFFFF856
FFFFF6E6
FFFFF5E9
FFFFFDE2
00000961
000003DF
000000B8
FFFFF1FD
00001205
FFFFF5AC
00000156
00001167
FFFFF83C
00000767
FFFFFD1E
FFFFFE76
FFFFEF11
FFFFE740
00000567
0000063C
FFFFF605
00000404
FFFFFE38
FFFFFBB3
000003B5
FFFFEBF6
FFFFEBA2
FFFFFC73
000001CA
FFFFF25A
00000FF6
FFFFFE27
00001217
FFFFF978
FFFFF459
FFFFF979
00000081
0000077E
000005F9
0000069E
00000313
FFFFF3D8
FFFFF43B
000000CA
FFFFF55D
FFFFF42A
000004FC
00000018
FFFFF70D
FFFFF6CD
0000045D
0000045C
FFFFFE45
FFFFEBE5
FFFFECD8
FFFFFBEF
FFFFF18B
FFFFF450
FFFFE990
0000117D
FFFFFDAC
FFFFFBC1
00000540
FFFFFA7A
00000750
FFFFEF73
000009DE
00000147
000005B4
FFFFEAB3
00000C34
00000491
FFFFFE25
FFFFF073
FFFFF05D
FFFFF33F
FFFFFCB9
00000509
FFFFF37F
00000BD3
000011FF
FFFFFC6A
00000335
FFFFFC0C
FFFFFD81
0000141E
000008B9
FFFFF412
000000EF
000002A1
000002E0
00001755
000008FD
00000F1E
000002C3
00000039
00000A27
0000045E
00000AC0
FFFFF4CE
FFFFF3E1
FFFFFF76
000005DB
FFFFFAA7
000014C9
FFFFFFAA
00000393
00000605
00001258
00000067
000007E4
00000193
FFFFF501
FFFFF38C
000007BE
0000035C
FFFFFEBA
000000F0
FFFFF223
FFFFEF5A
FFFFF4E3
FFFFFCA0
FFFFF5C3
00000C90
FFFFFE51
FFFFFCBD
00000992
00000AC6
000008D1
FFFFFCB1
000010A7
00000AD5
0000097B
00000340
00000554
FFFFFE9D
0000087D
00000C9B
00000732
FFFFF2F7
0000070A
FFFFFC15
00000F73
000006BF
FFFFF3FE
0000174E
0000197A
00001B4B
00000E2C
00001DB2
00001232
FFFFF050
00000B13
FFFFFBB3
FFFFFD19
FFFFFA16
FFFFF740
FFFFECC0
FFFFFE40
FFFFF416
FFFFF110
FFFFF49E
000006E6
FFFFF52C
FFFFF125
000003A0
FFFFFABB
00000774
00000337
FFFFFBA1
00000663
000018AD
00000BD2
00000C85
000013BC
FFFFF085
FFFFECF3
FFFFF87D
FFFFE9F4
FFFFEDB4
FFFFFB22
FFFFF51B
00000232
000004BD
FFFFFD77
FFFFFDF6
FFFFF1F5
FFFFF045
000010B9
FFFFFECB
0000093F
FFFFF3DB
FFFFF6C5
FFFFFF56
FFFFEE54
000007CE
00000644
FFFFEDB8
FFFFF152
00001228
FFFFF6FF
FFFFF6D3
FFFFFC6F
FFFFF682
FFFFF86F
FFFFFBF9
FFFFE8C6
FFFFFF28
FFFFFBC7
FFFFEBEC
FFFFF272
00000EFF
FFFFFD0B
0000099C
FFFFF10E
FFFFFA84
FFFFF55D
FFFFFC4C
FFFFF4DB
00000389
000002AE
FFFFFA59
FFFFFB5B
00000B0C
0000022E
FFFFFC89
FFFFF71B
FFFFF048
FFFFEBD1
FFFFFBD2
000002AC
FFFFF2D7
FFFFE07D
FFFFEE7F
FFFFF3F5
FFFFE9C2
FFFFEB19
FFFFFE34
000008E3
0000097E
00000A0A
00001030
00000BB0
00000393
000000CF
00000BE7
FFFFFCF7
FFFFEF84
000001EB
FFFFFE6C
FFFFF402
FFFFFC92
FFFFF707
0000029A
0000049B
FFFFFE81
000002D6
00000035
FFFFFCED
00000B80
00000381
FFFFFAB9
00000A34
00000705
0000085D
0000085F
00000047
0000009F
000000A0
00000043
00000332
00000AC3
FFFFFDDE
FFFFF87A
FFFFFD8D
000004A2
000004A7
00000432
0000009C
000008CC
00000991
0000037A
00000366
FFFFF583
FFFFF618
FFFFF77B
FFFFF26F
00000141
FFFFF596
FFFFFB55
00000340
FFFFF598
FFFFF812
000004D7
FFFFFB40
FFFFF63F
FFFFF89C
0000015E
00000065
FFFFFB90
00000333
00000765
00000AF1
FFFFFBE8
00000853
FFFFF6F3
00000335
00000574
FFFFFCC1
0000051C
FFFFFD23
FFFFFFA4
FFFFFAB7
000003A3
00000548
00000290
000005ED
FFFFF9FB
000004B4
FFFFF738
0000050F
FFFFFB4A
FFFFFC99
FFFFFA81
FFFFF978
000009EC
000002A6
0000029F
FFFFFB48
FFFFF7D3
FFFFF9AC
00000409
FFFFF853
00000085
00000001
FFFFFAFD
FFFFF904
FFFFF7A4
FFFFFF88
FFFFFDB5
FFFFF5D5
FFFFF98D
FFFFFC67
FFFFFB13
FFFFFA95
0000033E
000009A8
FFFFFFE3
000002E6
FFFFF6BC
00000572
FFFFFD52
FFFFFE99
FFFFFA90
0000068D
00000005
00000296
0000006B
FFFFFC1C
FFFFFAD6
000009AE
FFFFFC80
FFFFFBAC
FFFFF80E
00000332
000002C9
00000C54
FFFFFD9A
FFFFFE88
00000815
00000364
FFFFFDC3
00000974
00000401
FFFFFA88
0000044A
00000418
FFFFFEAB
FFFFFDB1
000000E2
FFFFFFF5
000008FD
FFFFFA6A
FFFFFC8D
FFFFFB9E
00000659
000004A4
FFFFFA83
00000558
FFFFF5F1
FFFFFDAA
00000520
0000036E
FFFFF6FF
FFFFFCF6
FFFFFBEF
00000563
FFFFF76C
000004D5
FFFFF86A
FFFFFF91
FFFFFA25
FFFFFC6A
FFFFFE0A
000005FD
000003CF
00000852
000005C7
00000090
FFFFF776
FFFFF2C3
FFFFFAFC
000005D7
FFFFF1CD
FFFFF83D
FFFFF9FD
000000BF
FFFFF755
FFFFF916
FFFFF410
FFFFF362
FFFFF6FD
FFFFF7DB
FFFFFD9C
FFFFFA42
FFFFF4B5
FFFFF505
FFFFFA04
FFFFFB13
000005B5
FFFFFF08
00000195
FFFFFF68
FFFFF92A
00000596
000000F2
00000C73
FFFFFF94
00000613
0000058E
FFFFFD69
FFFFFC0D
FFFFFF81
0000034C
00000BA7
FFFFFF60
000005AB
000006B0
00000053
FFFFFEEF
FFFFFBC2
FFFFFF1D
00000870
00000A76
000004CE
FFFFF899
00000687
FFFFF766
00000956
000008BE
00000873
00000A6F
0000047C
FFFFFF82
00000012
0000013F
00000807
00000331
FFFFFBBF
0000072A
00000D5B
FFFFF92A
00000108
000000A5
00000543
000003DF
FFFFF704
0000018D
000006CD
0000024B
FFFFFCB2
00000A3C
FFFFFFE9
FFFFF94B
FFFFFAB0
FFFFFC06
FFFFFE94
FFFFFE35
FFFFFDE0
00000005
0000025B
FFFFF8D8
FFFFF624
FFFFFDF8
FFFFFDDA
0000013E
00000683
0000000F
00000420
FFFFF4A6
00000079
FFFFFBB1
000002B3
00000388
FFFFF48F
FFFFFB90
0000080F
0000038D
FFFFF926
000003FE
FFFFFC13
000008E7
FFFFF6CF
FFFFFAD5
FFFFFC64
0000034C
FFFFFB1C
00000AFD
FFFFFF45
0000061C
FFFFFE37
00000913
000004F1
000004E4
00000AFA
00000A36
FFFFFAEE
FFFFFA47
FFFFFD65
FFFFFB38
000003DD
FFFFF951
000001D4
000008C0
FFFFFE23
FFFFF9E2
FFFFFA43
FFFFF8F5
FFFFF965
0000002F
FFFFFA61
000000BB
00000530
FFFFF912
00000391
00000490
00000015
00000614
00000670
000000E3
0000074E
FFFFFD95
FFFFFFFF
000000DE
FFFFFC4B
FFFFF1D9
00000091
FFFFF3B4
0000072A
0000049F
FFFFF5C6
FFFFFD3C
FFFFF95B
FFFFF816
00000624
FFFFFEFD
000007C3
FFFFFC44
FFFFF83D
000009DC
FFFFFDBB
000003AE
0000085B
0000011C
00000590
000003F4
FFFFFAF1
FFFFFFD6
0000003C
000003F6
FFFFFB66
FFFFF78B
FFFFF41D
FFFFFA4D
FFFFFA93
FFFFF434
00000546
0000010E
FFFFFB83
FFFFFC06
FFFFFF90
FFFFFC6D
0000034F
00000A17
FFFFFD21
FFFFFFB2
FFFFF894
FFFFFFFA
00000C76
00000D3C
FFFFFE9E
00000494
00000209
000002A4
000003D9
000008C3
000007E4
FFFFF600
FFFFEE63
FFFFFA42
FFFFF879
FFFFFF7B
000002DC
000000AF
00000038
000004AD
FFFFFD1F
0000085F
FFFFFE96
FFFFFC0E
00000767
FFFFFD07
0000024F
FFFFFBDA
0000074C
00000935
FFFFFEBC
00000598
0000096D
00000A70
0000023D
00000189
0000058D
00000276
00000159
FFFFFDB1
FFFFFA66
000005C4
000002FA
FFFFFD9E
FFFFFA8A
FFFFF9C9
FFFFFA5D
0000017F
FFFFFCB0
FFFFFE38
FFFFFE70
00000888
FFFFFFA5
00000840
0000051C
00000BE3
FFFFF916
00000883
000001EE
0000064E
000001D7
FFFFF99A
000000C0
FFFFFE3E
00000124
FFFFF9BA
FFFFF2D8
FFFFFA5C
000000D5
0000022D
FFFFF702
FFFFF1EC
FFFFF441
FFFFF671
FFFFFE35
FFFFFC1B
00000967
FFFFF845
00000150
00000410
FFFFFA9E
00000376
00000409
FFFFF1F9
FFFFF8F4
FFFFF727
FFFFFF2D
00000365
00000589
FFFFF9CA
FFFFF67E
FFFFFC0B
00000387
FFFFF9B4
0000046F
000000E0
FFFFFF5B
FFFFFCF7
000000A2
FFFFFF60
0000074C
000005F4
0000073A
FFFFFB2F
00000DDA
00000815
00000A1A
FFFFFA39
FFFFFBAD
000000FC
000003CA
00000AE3
FFFFFCDD
FFFFFE30
FFFFFE84
0000071A
00000096
FFFFFE5D
0000023F
FFFFFC1C
FFFFF656
FFFFFE58
FFFFF72F
FFFFFDD2
FFFFFE61
00000176
FFFFF8C3
FFFFFB1C
000002D7
000006FD
00000574
FFFFF9A9
000001FD
FFFFF7EE
00000775
FFFFFD65
00000567
FFFFFECD
00000B56
000006B8
000003E4
000000BF
000003F2
FFFFFA85
00000A56
FFFFFEA7
FFFFF50A
FFFFFBC9
FFFFEFD3
0000076D
FFFFFF83
FFFFFA4C
FFFFFD5F
FFFFF9E2
00000284
00000F8A
00000A1D
000006CB
000009EE
00000B8A
00000508
000000F7
000002DC
FFFFFB56
FFFFFCCE
00000648
FFFFF71B
FFFFFB31
0000028D
FFFFFDFF
00000012
FFFFFEEE
FFFFF83A
FFFFFDE3
00000653
0000031D
FFFFFAA5
FFFFFFEE
00000392
FFFFFDC1
FFFFF971
FFFFFA51
FFFFFA39
FFFFF7BC
FFFFFA3A
FFFFFE53
00000003
0000027E
00000907
0000079F
0000010F
FFFFFC78
FFFFF6AA
FFFFF995
FFFFFC87
FFFFFE4E
00000082
FFFFFF44
FFFFFC1F
000001C3
000001E0
FFFFFFB2
00000552
FFFFFEBA
0000068B
FFFFFE12
00000940
0000083D
000010E5
0000028D
FFFFFEC3
FFFFFAF9
FFFFFE91
0000085E
0000060F
00000058
0000062C
FFFFFE1F
FFFFF93C
00000627
FFFFFE50
00000CD3
00000176
000007C8
FFFFFDB5
0000056B
FFFFFB49
FFFFFD25
FFFFFFF2
FFFFF810
FFFFFA06
00000AD6
FFFFF81A
000009CE
00001050
0000021E
0000064C
00000415
FFFFFAD1
000006A1
0000074D
FFFFF59B
FFFFFF0E
FFFFF91B
FFFFFCDB
FFFFFA6A
000006E6
00000702
FFFFFCE5
000007E4
00000799
000009E4
FFFFFD85
FFFFFECF
FFFFF6D7
FFFFFF74
FFFFFF47
0000053B
000003A7
00000764
FFFFF579
FFFFFCE7
FFFFF8BE
000001B4
FFFFF832
0000043F
FFFFFC97
FFFFFB1D
00000A27
00000372
FFFFF37B
00000597
FFFFFD88
00000654
00000B75
FFFFFC8A
00000808
FFFFFFA4
00000777
0000110C
000005A3
00000FA5
000003A6
00000462
000006BB
FFFFFAC7
00000302
00001278
FFFFFF10
00000941
000004CB
FFFFF660
00000353
00000096
FFFFFD1E
00000BA5
FFFFFFC3
000006B5
000000B3
00000381
00000796
FFFFF7D7
000009F9
00000322
FFFFF507
000009E6
FFFFFFEB
0000085C
FFFFFE5D
00000715
FFFFFACD
0000067E
FFFFFB26
FFFFF2B9
FFFFFAFE
00000799
FFFFF66E
FFFFF7F2
FFFFFD76
FFFFFE20
FFFFFB49
FFFFFF1E
00000529
00000AE6
FFFFF786
FFFFF63F
0000078F
FFFFF698
FFFFFB5C
FFFFF968
0000081F
0000068E
FFFFFB42
FFFFF833
00000583
FFFFF678
FFFFFC1A
000007B3
FFFFFEC0
00000A88
000006BE
00000726
FFFFFE5B
FFFFFF5E
00000683
0000071F
00000649
00000A61
00000132
00000CC6
00000BF5
FFFFF57D
000006BF
0000067C
FFFFFC0F
FFFFFF66
00000970
00000586
FFFFF99F
FFFFFCFD
FFFFFCAE
FFFFFD92
00000A4E
000009B3
00000883
FFFFF4D4
0000017B
000002F0
FFFFF86B
FFFFFF69
FFFFFBC4
00000482
FFFFFB98
FFFFFF1B
FFFFF627
FFFFFF46
00000644
FFFFFC40
00000337
00000DC3
FFFFFBCB
0000076E
FFFFFEC4
00000849
000007E9
00000785
FFFFF5D7
00000212
FFFFF8BC
000001C0
FFFFFF90
FFFFFE7A
0000012C
0000045F
FFFFFEFB
FFFFFDC4
FFFFFC2F
FFFFFCB4
FFFFFBC4
0000096A
FFFFFF3D
FFFFFE69
00000668
00000566
FFFFF530
FFFFF80E
00000A6F
00000817
00000287
00000B42
00000138
00000582
FFFFFCAE
FFFFFFDA
00000317
00000064
FFFFFF55
00000B27
FFFFFBCF
00000465
00000DDB
000003AD
FFFFF593
FFFFFE0D
0000055B
00000023
FFFFFBEA
0000032E
FFFFF44B
00000044
FFFFFFA0
FFFFFC1C
00000532
0000024D
FFFFFF34
FFFFFEDF
00000C42
FFFFFDF1
00000A81
000006BB
FFFFFE7C
000001BF
000005AD
FFFFFF4F
FFFFFAE2
000004F5
00000A1C
FFFFFA0C
FFFFFCC4
FFFFFD8D
00000A4E
0000077A
FFFFFF9F
FFFFF5C9
00000085
FFFFFCE9
FFFFFBB5
000001DB
00000266
FFFFF945
FFFFFB2D
FFFFFD67
00000B62
00000434
00000C6C
00000914
FFFFFACA
0000068F
0000110C
FFFFFB1C
FFFFFA25
FFFFF1AE
FFFFFA06
FFFFFDCF
0000073E
FFFFFDFF
FFFFFD94
FFFFFA53
FFFFFF7B
FFFFFD50
FFFFFACB
000009DD
FFFFF956
000003BD
000000EB
000000B3
FFFFFFF4
0000033A
00000544
FFFFFDA0
000007E6
00000919
FFFFE909
00000799
00000887
FFFFF71F
0000023E
FFFFFB2A
FFFFF712
00000523
FFFFFD1A
00000219
FFFFF71D
00000BCC
FFFFFDC0
FFFFFD13
FFFFFF62
00000368
0000047E
FFFFFCF4
00000AAB
00000141
0000018C
000000E7
00000521
0000082D
000004EE
FFFFFCB9
00000890
FFFFFA5B
00000888
000009BB
FFFFF7DB
000006FE
FFFFFC23
FFFFFD45
000006F7
FFFFF5BC
FFFFF7E3
0000048B
FFFFFBAF
FFFFF72F
000009D8
FFFFFF9F
FFFFFB28
FFFFF8F9
FFFFFA89
000004CB
000001D9
FFFFFF13
0000035D
00000F71
0000013B
000007D6
000003BF
FFFFFCDC
FFFFFF76
00000443
00000099
00000552
FFFFFFE8
000006A0
FFFFF9C4
FFFFF7BA
00000C0B
000002DA
000000E5
FFFFF76C
0000046C
000009C6
FFFFFDC6
FFFFF79F
00000BCF
00000A1E
FFFFFC6B
00000823
00000606
FFFFF6EE
FFFFF681
000003EA
000000D7
0000076E
0000042F
0000045E
00000AF3
0000011C
FFFFF40F
00000583
00000878
000001F5
FFFFFBDB
00000A99
FFFFFC80
000007E0
0000015A
00000E2D
00000851
FFFFFC42
000002C5
000006BC
0000073C
FFFFFE4F
00000AC9
000004A4
00000220
FFFFF7D7
0000080E
00000662
00000769
00000657
FFFFFE7F
00001138
00000C22
00000B0D
000010A0
00000057
FFFFFDB9
FFFFEE5E
FFFFFAD0
00000204
00000746
FFFFF3E1
FFFFFCCE
FFFFF6D2
00000A3B
FFFFFE2F
FFFFFA8D
000005EE
FFFFFEAD
FFFFF708
00000457
0000050B
FFFFF8D5
FFFFFE90
00000386
00000715
00000486
FFFFF895
00000B6B
FFFFFE82
0000031A
000003A1
00000647
00000665
FFFFFF00
FFFFFD39
FFFFFAAD
FFFFFFF2
00000535
00000B52
000006DA
00000056
00000D4E
00000FA3
00000135
0000029E
FFFFFEB6
FFFFFCC2
FFFFF5B8
0000075A
FFFFFCAC
00000795
FFFFFB19
FFFFFAA2
FFFFFB21
00001127
00000271
00000806
000004A7
FFFFFDF3
FFFFFC06
00000D38
0000004C
FFFFFECB
00000038
FFFFF7E8
00000903
000001D1
00000472
00000A60
FFFFF76D
0000060C
FFFFF61B
000005C7
FFFFFC82
FFFFFE5F
000005C6
00000459
00000702
0000116A
FFFFF8A0
FFFFFF04
00000DB7
FFFFF362
FFFFF778
00000040
00000470
0000090B
FFFFF983
FFFFF443
0000008F
FFFFF7C3
FFFFF4E6
FFFFFBD9
FFFFF9BD
FFFFFA0A
0000060A
0000086F
FFFFFE77
000001E1
00000437
000001F7
FFFFFAD9
0000019A
FFFFFDF8
FFFFF5E4
000007A5
00001120
00001DF9
FFFFF373
0000018D
0000073F
000004B7
FFFFF760
FFFFFED6
FFFFF75F
00000699
FFFFF602
FFFFFE86
FFFFFD8B
00000732
00000ABA
00000C42
FFFFF795
00000585
00000904
FFFFFCAC
00000116
000006BD
00000592
FFFFFA44
FFFFF792
00000317
FFFFF56E
FFFFF388
000000E2
FFFFF897
FFFFF50D
FFFFF4CE
00000072
FFFFFD0D
FFFFF4F5
FFFFFF08
000001CD
FFFFFD5D
FFFFF977
00000482
0000094E
000001E9
FFFFF6D4
FFFFF889
000007E9
00000207
000001A7
00000316
FFFFFE26
FFFFF5A4
00000C2D
000009A8
00000290
FFFFEFEB
000009D6
000001D9
FFFFF66C
FFFFFF97
FFFFFCB4
0000036F
00000862
FFFFFB47
00000AF8
FFFFFF1C
00001012
FFFFFE2E
FFFFFBE8
00000D92
FFFFFF66
00000406
000002ED
00000825
00000706
00000223
00000DA5
FFFFFC68
0000000F
FFFFF943
FFFFFCFF
FFFFFAE1
000005F3
00000ED2
FFFFF9C0
FFFFFE07
00000598
00000536
FFFFFC76
00000E10
000008C4
0000021C
FFFFFCF6
000011A5
FFFFF5E0
FFFFF7E8
00000A65
FFFFFB26
FFFFFA20
FFFFF501
FFFFF2F3
FFFFFA27
000010F9
000009D2
FFFFF09D
FFFFF757
000006CE
000005A0
FFFFFEAD
FFFFF212
00000135
FFFFFFAB
FFFFF2A2
FFFFF6B2
00001676
FFFFFF8F
00000552
00000800
FFFFF73B
000004ED
FFFFFD6A
FFFFFB49
00000BC6
000011F2
00000277
00000BB6
FFFFFFE6
FFFFF205
000014A0
00000977
00000ACD
00000BE0
00001503
00000BCC
FFFFF246
000003E5
FFFFEB08
FFFFF539
0000091F
FFFFEB9F
000003CC
0000102C
0000038E
FFFFFF15
FFFFF2A3
00000475
FFFFF5F5
FFFFFC6A
FFFFEE37
FFFFEED9
00000807
FFFFF93F
FFFFF31D
FFFFED67
FFFFEF79
000001A5
000004EB
FFFFF892
FFFFFEC1
FFFFFF4D
00000F68
000006DF
FFFFF51B
FFFFF858
00000178
00000A9D
FFFFFE99
FFFFF485
0000092D
FFFFF9EC
FFFFF1BE
00000105
FFFFF71C
FFFFFCE5
000011EC
00000DE9
FFFFF5E9
0000026D
00000409
00000634
0000020F
FFFFF963
0000029A
00000399
0000099E
00000253
FFFFFA6E
00000B29
00000CAB
00000C4A
FFFFFA75
0000118C
00001288
000016D0
0000048F
00000E04
000015F3
00000C37
00000339
000000D0
00000850
00000C50
FFFFF8AD
00000DEB
FFFFF90A
FFFFFFC6
FFFFF72C
FFFFFAF0
FFFFF5F9
000011D6
00000ACF
00000105
00000181
FFFFFD65
00000091
000008A2
000004E9
0000089A
FFFFFF66
000002B1
FFFFF749
000002A0
FFFFFE21
0000021F
FFFFF15A
0000039F
FFFFFCA1
FFFFF81C
FFFFFA47
FFFFEF12
00000FD6
0000002A
FFFFFF27
00000938
FFFFFDC1
FFFFEBDC
000007C8
FFFFFA71
FFFFEF0B
FFFFF1A0
000007EA
FFFFF4CD
FFFFF25D
00000283
FFFFF2D3
FFFFFD01
FFFFF59E
FFFFF28B
00000344
000008C1
00000564
00000923
FFFFEFD7
FFFFEF6A
00000C51
FFFFF49D
FFFFF85E
00000F5C
00000906
00000BB3
FFFFEF1A
FFFFFB7B
FFFFE765
000012ED
FFFFFB4F
00000987
0000054C
0000046F
FFFFFEFA
FFFFF105
0000034E
FFFFF626
FFFFF4F1
000008A8
00000040
000016AF
FFFFF548
FFFFF029
000002C5
00000A86
FFFFF699
FFFFFBF3
00000601
FFFFFCFD
00001273
FFFFF8C0
FFFFF7E0
0000036C
FFFFFFFF
00000849
00000055
FFFFF1BC
0000059A
000008AE
0000067F
FFFFF75A
000006D1
00000711
FFFFF3B7
00000E2A
00001553
0000039B
0000161F
00000467
0000090D
00000A73
00000353
FFFFF262
000016FB
000011FD
000004D6
00000CAD
00000358
00000CDE
FFFFFFEF
00000305
FFFFFCBE
00000AC2
FFFFF954
000007DA
0000027E
00000F94
FFFFFDE5
0000140C
FFFFF97B
FFFFEB23
000001AC
FFFFF9D1
00000CDB
000000BA
FFFFFC0F
FFFFF3EC
00000FD5
00000405
FFFFFC38
FFFFFD21
FFFFFB26
FFFFF7AB
FFFFF6F7
FFFFFEF3
00000C66
FFFFF390
FFFFED49
FFFFF596
000001B7
00000C4A
00000EC1
00000338
00000448
00000209
FFFFFDF4
FFFFF51B
FFFFF519
0000039F
0000022F
FFFFF8DE
FFFFFEE4
0000040E
FFFFEFB7
FFFFF1A5
FFFFF47E
FFFFF1A4
00000134
000008D4
00000D53
00001124
FFFFF654
0000013C
FFFFFE9F
FFFFFD19
FFFFE6BA
FFFFF821
FFFFFEB6
000000E8
FFFFFFB2
000005E4
FFFFEA8D
FFFFFAC8
FFFFEAE9
FFFFEB61
00000CF1
000009A7
FFFFF3AA
00000566
000009A4
FFFFFC9C
0000002C
FFFFF56B
FFFFF9E7
FFFFFB60
FFFFFA88
FFFFF520
FFFFF8DB
00001655
0000084B
00000D63
00000E83
00000546
00000731
00001266
00000A45
000008A4
00001E5F
00000F1A
FFFFF50A
FFFFF57E
FFFFE388
00000B86
FFFFF3BB
FFFFE7B1
00000575
FFFFF3D0
FFFFF04F
0000059A
FFFFF21B
FFFFFF51
000004E8
FFFFFB74
00000E29
000015F1
00000DCD
00000DCB
FFFFF1F1
FFFFF41E
FFFFF8BD
FFFFFA2F
FFFFF34D
FFFFEAD3
00000C99
0000096A
FFFFFF1F
FFFFF8BC
FFFFF8A9
FFFFEFD9
00001915
0000004C
00000985
00000E08
00000203
00000AAE
FFFFFFB3
FFFFEE1D
FFFFF78D
000007D2
FFFFF747
FFFFEA56
000011AE
00000CA1
FFFFF67B
00000CB4
FFFFF3F8
FFFFFB8F
00000A4A
00000161
00000264
0000161A
00001016
000008D4
FFFFFB5F
000001D2
FFFFE976
000002A3
00000156
00000A98
00000731
FFFFFFAC
FFFFF3E2
00000213
00000A1D
000003E2
FFFFE989
FFFFECE6
0000053A
000001ED
FFFFEBFF
FFFFFB25
FFFFFDAA
00000E9E
00000BFB
00000633
00000364
00000228
00001696
00000B5A
000011E1
FFFFF257
FFFFEB2F
FFFFF051
FFFFEE54
00000510
00000517
00000BE2
000005C6
FFFFF722
000001DF
000007F7
FFFFF18F
0000093C
00000847
00000491
000007B4
00000342
0000046F
FFFFE6BD
000002ED
FFFFFCCF
FFFFFC3E
FFFFFEDD
00000049
FFFFF510
00000D63
00000DBF
FFFFFF4F
FFFFFCCC
000000D7
FFFFFB5D
FFFFFC47
000001E2
00000125
00000F4B
00000292
FFFFEBCB
FFFFEEDB
FFFFFBFB
FFFFFF16
FFFFFEED
000015CA
000000F5
FFFFFDFE
FFFFFC32
FFFFF7E7
FFFFEBB8
FFFFECCB
FFFFF516
00000512
FFFFF3B7
00000FCD
000009FF
FFFFF25E
00000756
00000BBE
00000D7F
00000CA6
FFFFFE28
FFFFF1F3
00000CB8
FFFFFACA
0000000D
FFFFFFDC
FFFFF748
FFFFEDBF
00000DE9
00000BA0
00000263
0000068F
FFFFFE2F
00000557
FFFFF302
FFFFF414
FFFFFC47
FFFFF7AC
0000016E
FFFFFF96
FFFFFDD8
000015A9
00000283
000003AD
FFFFEB92
FFFFF5A4
000000D7
00000E2D
0000018E
00001703
000012C7
00000585
FFFFEFF0
FFFFFDC4
FFFFF305
FFFFFB08
00000719
FFFFF752
FFFFE5EB
000003B6
FFFFF5F3
0000053F
FFFFF6D2
FFFFF671
FFFFF890
00000A63
FFFFFC12
FFFFF890
FFFFF751
00000669
FFFFF194
FFFFFB40
FFFFF8DF
FFFFF73E
FFFFFCD6
000010C2
00000B84
FFFFFB87
00000E33
0000003A
FFFFFB47
FFFFFF6A
FFFFFC7B
FFFFFFFF
00000ED0
000018AC
0000198D
00000577
00000DDF
00000084
0000095D
FFFFFF4E
FFFFFB70
000007C1
FFFFF1C7
00000D2F
000010FE
00000953
FFFFEF24
000004AD
FFFFFD93
FFFFF090
FFFFF8DF
00000501
00000682
FFFFEE79
00000ECE
000005F6
0000095C
FFFFF660
0000087D
000003F4
FFFFFBA1
000004AB
00000AA1
FFFFFDF8
000003F0
FFFFFA64
0000109F
00001026
00000A16
FFFFFC59
00000325
FFFFEB96
FFFFF17D
FFFFFCCA
FFFFFA90
FFFFFEE3
000009BD
FFFFF4D5
FFFFEDFF
FFFFFFB6
00000EEE
FFFFF78D
FFFFF055
FFFFF5B5
FFFFF60F
00000832
00000805
FFFFF2D4
FFFFFFF2
00000327
FFFFF0A8
FFFFFF75
FFFFF8A1
FFFFF4A0
FFFFFA8B
FFFFFE08
000001D2
FFFFF512
FFFFF601
FFFFFC45
000007E2
00000012
FFFFF892
00000144
00000571
FFFFFCEF
FFFFFEBA
00000563
FFFFFDEC
FFFFF4D5
0000010E
00000535
000003A3
FFFFF9F8
000001C1
FFFFF654
FFFFFF7A
FFFFF7D6
00000744
00000682
FFFFF949
FFFFF6BB
00000627
00000269
FFFFFF54
FFFFF9DF
00000093
00000536
0000073E
00000503
000001B7
0000063B
000003B8
00000427
00000BB9
000001DB
FFFFFFFB
000001A2
FFFFFE09
FFFFFD2F
0000062A
000006CF
FFFFFF59
FFFFFA75
00000052
FFFFFBED
00000162
00000458
FFFFF70F
FFFFFE46
0000048D
FFFFFE1A
000002A2
00000943
FFFFFA87
FFFFFDB4
0000033F
FFFFFD8F
FFFFF73C
FFFFF95F
FFFFFED8
00000516
000003E2
FFFFFD91
0000003C
00000765
FFFFFEF5
000009D4
FFFFFCB1
FFFFFD7D
FFFFFAB1
FFFFF75E
FFFFFB27
000001F3
FFFFFF30
FFFFFDDD
FFFFFE50
FFFFFC8F
00000103
00000584
00000016
000000EA
FFFFFC25
FFFFFD67
FFFFFC11
FFFFF9FA
0000017B
000001A1
00000003
FFFFFEEE
00000390
FFFFFEF4
000003DB
0000036A
FFFFFEFC
000006D9
0000009D
00000732
FFFFFA53
FFFFFC45
FFFFFDDD
FFFFF625
FFFFFAC9
FFFFFAD0
FFFFF592
FFFFFB3E
000003F5
FFFFF86A
FFFFFB3B
00000239
00000705
FFFFFEFE
00000092
00000446
000000DF
FFFFFD5F
00000423
00000025
FFFFFE75
FFFFFAEA
000002C6
000009B3
FFFFFE54
FFFFFFC6
00000593
00000824
FFFFFBBD
0000011B
FFFFFB2E
000000AF
000005DF
FFFFFFC1
FFFFFF62
000007C8
00000185
FFFFFC2D
00000601
FFFFF6ED
FFFFFF00
FFFFFDF1
FFFFF79D
FFFFF763
FFFFF5EB
FFFFF868
FFFFFA9A
FFFFFC60
000004FE
000004F3
FFFFFDF9
FFFFF7FC
FFFFF96E
FFFFF970
FFFFF235
00000006
FFFFF97F
FFFFFD99
FFFFFE26
000001C8
FFFFFA59
FFFFFE35
FFFFF418
00000299
000009EF
0000057A
FFFFF7BA
0000053C
0000012B
00000163
00000285
FFFFF962
000002D0
000000C4
000000C0
FFFFFC75
000006A6
FFFFFFBF
FFFFF7A2
FFFFFE61
0000031E
FFFFF87D
FFFFFFC5
FFFFFB28
FFFFFE97
FFFFFBE2
FFFFFC5F
00000030
FFFFFD6B
00000018
0000053E
FFFFFFFA
FFFFF915
FFFFF8D3
FFFFFBB9
00000131
FFFFFCF2
FFFFF8D4
0000020B
000005C0
FFFFFF07
0000017E
FFFFFB28
FFFFFD59
FFFFFC87
00000253
00000247
00000072
FFFFFF24
000008BC
000001CC
FFFFF9B3
00000253
FFFFF7CF
FFFFFCFB
FFFFFE1F
000008C1
00000438
FFFFFE11
FFFFFA72
FFFFF970
FFFFF6AF
FFFFFB22
00000955
0000037C
FFFFFC10
FFFFF935
FFFFFC4B
FFFFF755
FFFFF9F5
00000486
FFFFF869
FFFFF742
FFFFFFE4
FFFFF77C
FFFFF8BE
FFFFFAAA
FFFFF3FC
FFFFFB39
FFFFFF24
FFFFFEA7
FFFFF9D9
FFFFF904
00000224
FFFFF49A
FFFFFE61
FFFFFFFF
FFFFFBDF
FFFFFC28
FFFFF0ED
FFFFF81A
FFFFF14E
FFFFF636
000006B3
00000943
00000176
0000035F
0000001A
00000318
00000984
000000E3
00000672
0000023E
FFFFF925
FFFFFEE1
FFFFF7CB
FFFFFA3A
0000010F
FFFFEFEC
00000731
FFFFFB4C
FFFFF9C1
FFFFF941
0000004D
FFFFFC24
000002B4
0000046C
000005B7
FFFFF685
FFFFFE9B
000007C3
000000ED
FFFFFA00
FFFFFFA4
FFFFF580
00000097
FFFFF726
FFFFF99B
FFFFFECF
FFFFF7DF
FFFFFC21
FFFFFD03
00000169
FFFFF656
FFFFF980
FFFFF8A8
FFFFF47F
00000206
FFFFFEA3
0000012C
000004D4
0000025D
0000003A
FFFFFD0F
FFFFF799
FFFFFDFB
000000E0
00000316
FFFFFBC6
FFFFFDCB
FFFFFEDB
FFFFFAD4
FFFFFE91
FFFFFC4C
000008BB
FFFFFEA6
00000943
000000BE
FFFFFF01
0000003E
000005B9
0000093C
FFFFFCD2
FFFFFEF6
000008D6
FFFFF784
FFFFFF32
0000001F
FFFFFECC
FFFFFBCF
000008F0
FFFFFBCC
000002FC
000002A6
FFFFFDB2
FFFFFE77
0000085C
FFFFFB0B
FFFFFE90
FFFFF6A3
0000039F
FFFFF9E8
FFFFFA2F
00000038
FFFFFA1E
FFFFFD74
FFFFFC5F
00000393
000001BC
FFFFFEDD
0000014E
00000225
00000BA1
000007DC
FFFFFDAE
00000862
0000040D
00000D00
FFFFFEB0
00000353
000002E5
FFFFF9E3
FFFFFE24
00000291
FFFFFCDA
FFFFFDEA
FFFFFE7A
00000316
000000CD
FFFFFEF3
FFFFF7F5
FFFFF3A7
000000B4
FFFFFFA6
00000264
FFFFFA88
FFFFF8BC
00000350
00000171
00000215
FFFFF955
00000017
00000535
FFFFF873
FFFFFDD9
000001B1
FFFFF8CA
FFFFF845
0000047D
FFFFFBB3
00000089
0000021B
FFFFFA41
FFFFF78F
00000081
0000069C
FFFFF533
00000134
FFFFFB03
FFFFFA0C
FFFFF829
000000A7
FFFFF4BE
FFFFF6B3
FFFFF40F
FFFFF750
0000048C
00000104
00000058
FFFFFAFC
FFFFF664
FFFFF416
FFFFF964
00000330
000002AF
FFFFFF18
FFFFFF3C
000008F7
FFFFF884
FFFFFA36
FFFFFB10
FFFFFD42
FFFFFE4F
0000009C
00000377
FFFFFF19
FFFFFC18
00000046
FFFFFEBC
000001F3
FFFFFF19
FFFFFE48
FFFFF723
FFFFF7D1
00000344
0000045F
FFFFF7D4
FFFFFB9E
FFFFF581
FFFFFF15
00000666
FFFFF6E1
000005E3
00000959
FFFFFEFB
0000017E
0000037A
FFFFFDFA
00000112
00000D6C
0000034F
FFFFFE37
000003C0
FFFFFA76
FFFFF798
FFFFF96F
000002CB
000000AA
FFFFF852
FFFFFEC9
000000DE
0000058B
00000737
FFFFFB6D
00000721
00000385
FFFFF7CC
00000748
FFFFFE92
FFFFFEA1
FFFFFF65
FFFFFEC9
FFFFFC83
000003EA
000006F0
FFFFFB49
00000192
FFFFFBF3
FFFFFDB9
000005EC
FFFFFE2D
0000089D
FFFFFEC8
FFFFF789
FFFFFAD8
0000015A
000000A1
FFFFFF8B
00000274
00000727
FFFFFBE6
FFFFFFE6
FFFFFFCF
00000799
00000404
FFFFFBBF
FFFFFD2E
FFFFF80A
0000047F
FFFFF620
FFFFFE63
FFFFF8D9
0000002D
FFFFFD4E
FFFFFC6E
FFFFF948
FFFFFEDE
FFFFFBD6
00000451
FFFFFDE7
FFFFFE62
FFFFFD02
FFFFF987
FFFFFE47
FFFFF7B7
0000021A
00000430
FFFFF993
FFFFF773
FFFFF915
FFFFFE34
00000A9C
00000258
FFFFF80F
FFFFFF43
FFFFF879
FFFFFA12
000004B5
0000053A
FFFFF9A3
00000467
00000572
FFFFF53E
FFFFF855
FFFFFB81
FFFFFE23
FFFFF65C
FFFFF9C4
FFFFF925
FFFFF282
FFFFF7B7
FFFFFBBC
00000C56
FFFFFC80
00000175
FFFFFADA
FFFFF6DA
0000043F
00000237
00000143
00000309
000001D0
00000347
000003D4
0000011D
FFFFFDF1
FFFFF72A
000001B6
0000060F
00000257
FFFFFA8A
FFFFFA64
00000395
FFFFFC61
00000074
00000525
FFFFFCDB
00000319
00000277
000016C5
FFFFFAA8
FFFFFB77
00000398
00000EF8
000009E8
00000FA3
00000728
000002E1
0000004F
0000062B
000011BD
FFFFF420
000010D8
00001104
FFFFF64F
00000908
FFFFF845
FFFFFE30
000008FE
FFFFF3C4
FFFFF13D
FFFFFCC7
FFFFEBC1
FFFFF967
000011DC
FFFFFB0D
FFFFFAC9
0000003C
00000C87
FFFFF7D3
00000951
FFFFFD72
FFFFF3B9
00000677
00001443
FFFFFF0D
00000CDF
FFFFF656
000007B2
00000581
0000106D
00001756
FFFFFA8C
FFFFFD0B
0000085D
000006AB
FFFFFE46
FFFFF9DC
0000053A
FFFFF3D6
FFFFFCD0
0000008E
00000B60
00000698
000009F2
000008C5
FFFFFF25
00000EE2
0000190D
0000022F
00001289
00000A2A
FFFFF0F1
FFFFFD2C
00000859
FFFFFFA6
FFFFFDA5
FFFFF16D
0000038F
FFFFFCF9
FFFFFA54
0000072E
FFFFFF18
00000907
00000A62
00000B32
000008C6
FFFFFE2C
00000066
FFFFF7B1
00000139
00000675
00001062
00000E70
0000180E
FFFFF8A5
FFFFF7B0
000000BC
FFFFEE4A
FFFFF1CA
FFFFF301
FFFFE8B1
FFFFF994
000008E1
FFFFFB06
FFFFF05D
FFFFFFC5
FFFFF72A
00000DAD
FFFFF2EA
FFFFE9C0
FFFFF069
FFFFFAED
FFFFF485
FFFFFD4F
000009D1
FFFFF967
00000BC2
00001334
FFFFF6DB
000016AF
FFFFFA65
FFFFFEDC
00000BCC
000008DD
FFFFEF5B
FFFFFDA9
FFFFF8F4
FFFFF8D0
FFFFF34F
FFFFF2D5
FFFFFE35
0000034B
FFFFEFF6
0000046A
000014B3
FFFFFD23
FFFFF953
00000494
00000418
00000762
00000813
00000FE0
FFFFFB8E
000008B1
FFFFFB3F
FFFFF795
FFFFFA17
0000093A
FFFFF11E
00000FE6
000005D5
00000920
000009D0
00001064
FFFFED1B
FFFFE74B
0000088A
0000069B
00000BD8
FFFFF97C
FFFFF921
00000BF6
FFFFFCAA
00000023
00000CFB
0000011A
00000B51
000002E4
FFFFF405
00000267
00000941
FFFFF450
0000035E
FFFFF799
FFFFFF1B
FFFFF055
FFFFFA80
FFFFF642
00001190
FFFFF14C
FFFFF316
0000034D
FFFFF657
FFFFF41C
00000524
00001673
0000087B
FFFFEFF1
00000343
FFFFF834
FFFFF5A4
000009BA
FFFFF721
FFFFF640
FFFFFFA6
FFFFF755
000000F3
000000BE
0000100B
00000B02
FFFFF99F
FFFFFB94
FFFFFF85
000007BF
FFFFF791
FFFFFBAB
FFFFFB97
0000072E
FFFFFC0B
000002F1
FFFFF3CE
00000D09
00000981
000004F2
00000165
FFFFFC6A
00000AD2
0000058E
0000015B
FFFFF524
FFFFEE30
FFFFFCEE
000007A6
00000084
FFFFFE41
0000036B
FFFFFD52
00000346
000009A5
0000125B
FFFFFDC1
FFFFF266
0000010E
000019A7
FFFFFEC6
FFFFFE4E
000009AA
00000BD3
FFFFFF5B
FFFFEACC
00001272
0000102C
FFFFF956
00000101
00000C53
0000039A
00001488
FFFFF4EB
00000336
FFFFFD7A
FFFFEFA4
000006E7
000011E4
FFFFEFC6
FFFFEBD8
FFFFF4EC
FFFFF6BC
FFFFE961
FFFFF39E
00000491
00000383
0000153B
00000C53
000016FB
FFFFF07A
000009E4
FFFFFFB3
00001439
FFFFF9FD
0000055F
000006BF
000010C3
FFFFF37D
00000C3B
00000384
00000A4E
FFFFFF6E
000003D5
00000D60
000009C7
000002B8
000007AC
FFFFFA83
FFFFEC0B
00000C38
000002A8
000000DF
00000ACA
FFFFFEF9
0000049A
00001278
00000775
00001189
FFFFF302
00000158
FFFFF936
FFFFFE0D
FFFFF3E9
FFFFFBD8
FFFFF3B4
00001045
FFFFF897
FFFFFF08
00000ED8
000003DC
000000EC
FFFFFDC7
FFFFF884
00000C3D
0000138B
FFFFFB7F
000000B9
FFFFFEDC
000004B0
FFFFFCA6
FFFFFF1D
00000AAB
FFFFFAB7
FFFFF6E6
FFFFFE56
00000A6D
FFFFF9AB
00000E16
FFFFFE1A
0000043D
00000CB3
FFFFF0A9
00001205
FFFFF79B
FFFFFC08
0000013D
00000C11
0000183D
00000F83
FFFFF681
000010C8
000010AF
000000C2
00000D65
00001A1E
FFFFE78C
FFFFEBB2
00000884
000006BA
FFFFF52E
000000B6
FFFFFB37
FFFFF768
00001394
FFFFEE63
FFFFF699
00000257
FFFFF146
FFFFFF55
00000889
FFFFFA27
FFFFFEA7
FFFFF69D
00000A23
000000D6
FFFFF4CE
FFFFF47F
FFFFFD84
FFFFFAD6
0000083E
000001FA
00000C14
00000521
00001889
FFFFF8BE
FFFFFD7E
000009BC
00000097
000011E9
000002D3
00000D74
FFFFFB5D
FFFFFDB2
FFFFFBE8
FFFFED44
FFFFF31B
00000E15
FFFFFAC3
FFFFF08B
00000B71
00000D0F
000011F3
00000DF8
FFFFF252
0000083C
00000393
0000112B
FFFFFE84
00000082
FFFFFB60
FFFFFD23
00000244
FFFFF71C
FFFFE92E
FFFFF00D
FFFFFE0F
0000123A
00000015
FFFFE896
FFFFFFF5
00000291
FFFFF2FC
FFFFED86
00000C46
FFFFFC60
0000134B
00000480
FFFFFA36
0000025D
FFFFF3C6
FFFFFEA3
0000072F
00000068
FFFFFF7F
FFFFF322
0000092F
FFFFFFA8
00000EF1
00000D9D
00000D9A
FFFFFD59
0000089F
FFFFFE81
00000659
00000DB0
FFFFFEBB
FFFFF5B4
FFFFF127
00000959
FFFFFD0D
0000076C
FFFFE5E1
FFFFFEEB
00000245
00000AD6
00001BD7
0000037C
00000D01
00000E57
000015B4
0000061C
00001730
00000B9F
FFFFED63
FFFFEAEA
0000080D
FFFFEE23
000001F2
FFFFFF84
FFFFFA8C
00000565
FFFFFFE9
000004BD
0000043B
FFFFF3D1
00000320
FFFFF90C
FFFFFE7F
FFFFF280
FFFFF72D
FFFFFF38
00000CB7
FFFFFF4B
FFFFF3B8
FFFFFD58
FFFFF677
00001007
000001EE
0000060A
FFFFFF84
FFFFFFF7
FFFFFD80
00000AB1
00000B83
FFFFFAC5
00000F0A
00000E6D
00000277
000001D7
00000322
FFFFEF46
FFFFEECE
FFFFE83C
FFFFF6C0
00000C9E
FFFFFD3A
0000043F
00000765
0000072A
00000670
00000233
FFFFFA47
0000099D
0000071A
FFFFFB76
FFFFFD9B
FFFFFE81
FFFFF9C6
FFFFF4F9
FFFFFFAD
FFFFF53E
FFFFFD66
00001097
00000991
00000817
000017A4
FFFFF140
FFFFFBDE
FFFFFECE
FFFFF405
FFFFF900
FFFFFFC1
FFFFF2AC
00000271
FFFFF419
FFFFF74C
00001463
00000CCA
00000797
00000444
FFFFF9C7
0000118D
FFFFFFEE
000009A6
00000F4D
00000343
000000F9
0000033A
FFFFF836
FFFFF996
000003F0
00000F20
00000AF4
FFFFF255
FFFFEF5A
FFFFFFB6
000004A8
000009F5
00000179
FFFFEF00
FFFFFF2B
00001A56
00000344
FFFFFC85
FFFFF814
FFFFF960
FFFFF93B
00000207
000003A2
FFFFF163
FFFFF67B
FFFFF424
FFFFFCAB
00000B14
FFFFEB61
FFFFF331
FFFFE90A
0000030E
FFFFF25E
FFFFF1AF
00000B28
FFFFF85F
FFFFF778
00000A0F
00000CE0
0000022F
00000890
FFFFF989
00001007
00000E71
00000C00
00000C32
00000B64
000007DB
000012E3
0000046F
00000439
00000222
00000990
FFFFFF1C
00000118
00000180
FFFFFD74
FFFFFFF8
FFFFFC17
000000D9
FFFFFEE9
FFFFFEE6
FFFFFABB
00000174
FFFFFDBC
0000097B
00000231
00000168
FFFFF965
FFFFFDA6
FFFFFD8D
0000070F
00000492
FFFFFB7B
000000B8
FFFFFC39
0000010F
00000421
00000681
FFFFF4B0
FFFFF854
00000415
FFFFFC2C
FFFFF598
00000611
FFFFFF7E
FFFFF6FB
00000198
0000069F
FFFFFBD1
00000694
FFFFFC98
FFFFFA83
FFFFF78B
00000476
FFFFF97A
0000010E
FFFFF7BC
FFFFF7D8
FFFFFFEF
00000333
FFFFFE14
00000090
0000010F
FFFFFAD6
FFFFFD43
FFFFFB8D
FFFFFD6C
00000642
00000563
000004D3
FFFFF900
00000001
FFFFF919
0000083C
FFFFFF67
FFFFFE27
FFFFFA45
FFFFFA15
0000075B
FFFFF653
00000002
FFFFF9FA
FFFFFF29
0000080E
000002AC
000001EB
FFFFFCFA
FFFFF890
FFFFF641
FFFFFDFC
00000029
00000313
000007F8
FFFFFF47
FFFFFD56
00000140
00000206
000000DB
FFFFFCD5
000001DD
00000742
000003A0
000002FE
FFFFF924
FFFFFDCF
000005C2
000002A7
00000556
0000042B
000003B1
000003CE
FFFFFB79
FFFFF8F6
00000251
000005AF
FFFFFD1A
00000231
00000807
FFFFF62B
000001DC
FFFFF49E
FFFFF73A
FFFFFFD8
FFFFF442
00000037
000003FF
FFFFFF3F
000000FF
FFFFFDC3
FFFFFA5A
FFFFF61A
FFFFF62A
FFFFFED9
FFFFFAFB
00000628
0000013A
0000040F
00000178
0000068A
FFFFFA35
000002B4
FFFFF96F
FFFFF462
FFFFFFD0
FFFFFEA1
000003D3
FFFFFB1E
FFFFFD71
FFFFFAC8
0000055A
00000791
FFFFFDC0
FFFFF8D1
FFFFFDA3
FFFFFC00
00000023
0000017D
00000028
FFFFFA05
000003F3
FFFFF514
0000005B
000003CB
00000041
FFFFF8A0
000005A6
FFFFFDD9
FFFFF9D4
00000224
00000414
000009C9
000001B9
FFFFFC37
FFFFF6E6
FFFFF990
0000033D
FFFFFE81
FFFFF6DA
FFFFF701
FFFFF22D
FFFFFADA
FFFFFECF
FFFFF995
00000316
FFFFFB14
000001A7
00000455
0000004C
00000014
00000254
000001DD
FFFFF680
FFFFFC0D
FFFFFA03
FFFFFEB3
000004B7
0000047D
000000DA
00000023
000002BA
FFFFFE6B
FFFFFF0F
FFFFFA5F
FFFFFC94
FFFFFD13
FFFFFAD1
FFFFFE91
0000046D
00000255
FFFFFF4E
FFFFFFC9
0000043E
FFFFFCF2
0000006D
FFFFFE2E
00000417
FFFFFF12
FFFFFE2B
FFFFF7AB
FFFFFDB9
00000000
000002CC
FFFFFDE9
FFFFF6C5
FFFFF703
000000D4
0000022A
FFFFFD2A
FFFFFC7D
FFFFF902
00000082
00000142
FFFFFF8F
FFFFF687
FFFFFD96
0000018E
FFFFF651
000000FE
FFFFFAD5
000008BB
000006C5
FFFFFC71
000002E6
0000057F
FFFFFE32
FFFFFA12
FFFFFC61
0000042B
00000167
0000001A
00000151
FFFFFAB0
FFFFFB5D
FFFFF990
FFFFF788
000002CE
000003C5
00000629
00000B15
FFFFFEB4
FFFFFEC6
00000544
FFFFFD1F
00000A4F
000004A5
FFFFFDAA
FFFFFD4E
000001B5
FFFFFFDF
00000B2F
00000510
00000138
FFFFFEC6
FFFFFD68
00000902
FFFFFF15
0000045A
00000457
FFFFFDC3
FFFFFDF2
00000337
FFFFF8FE
FFFFF9F7
0000008D
00000581
00000179
0000009E
FFFFFB8C
FFFFF838
000001FE
0000072B
FFFFFF4C
000000AD
000006D2
FFFFFFFA
0000029F
0000042B
0000038C
FFFFFBE2
FFFFFB3D
0000029B
FFFFF90E
000002D2
0000015C
00000028
FFFFFC76
000002D1
FFFFFDF3
00000241
FFFFFBE8
FFFFFEEF
000005F7
0000014E
FFFFFE98
FFFFFC46
FFFFF517
FFFFF6FE
00000113
FFFFF780
FFFFFA92
FFFFFA49
FFFFF725
FFFFFF8B
FFFFF82D
FFFFFBFC
0000001C
FFFFFC0D
00000356
FFFFFF43
FFFFFFF2
FFFFFD31
FFFFFCBF
00000024
00000360
00000833
00000296
FFFFFAC0
0000048A
00000363
FFFFF710
FFFFFF2F
FFFFFAC5
FFFFFDDE
FFFFFD76
FFFFFE93
000001AF
00000423
FFFFFDE7
FFFFFB29
00000208
FFFFFC72
FFFFFFA5
00000017
FFFFFD71
FFFFFD45
0000031D
FFFFFD05
FFFFF899
00000358
00000513
FFFFFC8C
FFFFF9D9
0000052F
000000A2
FFFFFF35
000000BE
FFFFFD69
FFFFFE71
00000036
000001C2
000001CF
0000008B
000002BE
FFFFFFEE
000001BB
FFFFF997
00000295
FFFFFA56
0000004A
000001DA
FFFFFF68
FFFFF88B
FFFFFF40
FFFFFFBD
FFFFF64F
FFFFFA67
FFFFFCD6
FFFFFEAE
FFFFFC0B
000004E3
000001AA
000004BD
000000BA
FFFFFACC
FFFFF7CE
00000337
000002C8
FFFFFD02
00000299
0000038D
00000804
00000374
000002FE
FFFFFC72
FFFFFEA6
00000471
FFFFFD58
FFFFFC29
0000006C
000004F2
FFFFFA2F
00000404
00000026
FFFFFA89
00000117
FFFFFC8B
FFFFFD54
FFFFFB0B
FFFFFC19
00000583
FFFFFC4C
FFFFFD1F
00000732
00000077
FFFFFC85
00000123
FFFFF8DE
FFFFFBCB
00000B6F
00000635
0000007F
FFFFFB98
FFFFF76A
00000310
FFFFFE35
FFFFFE6E
FFFFFA72
FFFFFAC5
FFFFFEB9
FFFFFA8C
FFFFFB9D
0000019A
0000031C
FFFFFC12
000009AE
FFFFFE0B
000005D7
FFFFF8AA
FFFFFE03
FFFFFB78
00000517
00000470
FFFFFB17
FFFFF872
FFFFFFB7
0000069B
0000085B
FFFFFBBB
FFFFFF9E
000003FA
0000022E
FFFFFDAB
FFFFF7AF
00000174
000008C5
00000093
0000018F
FFFFFE79
FFFFF665
FFFFF9A7
FFFFFE53
000000FA
FFFFFDA3
FFFFF4A2
FFFFFE55
FFFFFEB1
000004E8
FFFFFEC0
000000E0
FFFFFBEB
FFFFFF9B
0000034E
FFFFFC20
0000044B
00000504
00000392
FFFFFCA1
0000073D
FFFFF65A
FFFFFF94
FFFFF8B6
FFFFFE76
FFFFFA66
FFFFFEF6
FFFFFDC1
00000366
FFFFFAA0
000003D0
00000856
FFFFFE09
FFFFF45F
FFFFF893
00000889
00000814
00000819
0000018F
FFFFF66F
FFFFF4EA
FFFFF995
000004AE
00000718
000008B8
00000158
FFFFFDD5
FFFFFBE3
000003EC
FFFFFA44
FFFFFB36
FFFFFA9F
00000260
FFFFF707
00000356
000004D6
FFFFFEC2
00000512
FFFFFE85
00000845
FFFFFCEE
FFFFFDB1
0000060B
00000415
FFFFFAC5
00000036
FFFFF84E
00000281
FFFFFD09
FFFFF8BF
000003B3
FFFFF474
FFFFFBE9
00000750
FFFFF76F
00000257
00000675
00000069
FFFFFB22
FFFFFD59
FFFFFF51
00000447
FFFFFFC6
000003B1
FFFFF8FA
FFFFFB81
00000150
FFFFFC31
FFFFFDC1
FFFFF6B5
FFFFF8E0
FFFFF8CF
00000161
0000024A
FFFFF946
FFFFFFFE
FFFFFCDB
000003C9
FFFFFE2F
00000340
FFFFFE38
00000705
FFFFFCE1
000004AF
000005C9
00000486
FFFFFF02
FFFFFCF7
00000472
00000486
00000050
FFFFFACB
0000005C
FFFFFEAD
000005FB
FFFFFE0F
FFFFFFC1
FFFFFFC6
0000035E
00000395
000004C6
00000751
00000300
FFFFFE2E
000008F1
FFFFFB28
00000055
0000031B
0000052F
000005ED
FFFFF84E
FFFFFEDE
0000072C
000000EC
0000024A
FFFFF9BF
0000024B
000005F7
00000250
000000EE
FFFFF8F8
00000733
FFFFFB36
FFFFF261
0000006E
FFFFF4FB
FFFFFBC4
0000097D
00000627
00000A7E
000000F9
FFFFFFCF
00000F7B
FFFFFA32
000001FD
00000AA5
000007B7
0000035C
00000A0C
FFFFFDA4
00000A64
0000007C
FFFFFD38
00000C8B
0000098E
FFFFFD44
00000D46
000005C8
FFFFFC9A
00000500
00000AD8
FFFFF9B5
0000042A
FFFFFB54
FFFFFA3F
FFFFF752
000000D2
00000396
00000348
FFFFF9CE
00000799
00000A09
000004DC
00000793
FFFFFECD
00000EA8
FFFFF725
00000464
00000112
FFFFF9DE
00000418
FFFFF6FA
00000195
FFFFFE83
0000048B
00000031
FFFFFDF8
FFFFFBF8
FFFFFB2D
FFFFFF01
FFFFFA35
FFFFFDC8
FFFFF794
000000B4
FFFFFDB6
00000261
FFFFFEBD
000000C6
00000567
FFFFF811
00000553
FFFFFCA3
000001EF
00000949
00000080
FFFFFA2D
FFFFFD45
FFFFFB2F
FFFFFA17
00000257
FFFFFB1C
FFFFFD06
000002EC
00000500
00000648
0000046C
FFFFFA39
FFFFFA1A
FFFFF67D
00000B08
00000422
00000419
000006AA
00000275
FFFFFF2B
000002E4
000001A6
00000679
FFFFFC3A
0000005B
FFFFF858
FFFFFF86
000003DB
FFFFF4BD
FFFFFFA6
0000017A
FFFFFE13
00000816
0000087D
FFFFF9A2
FFFFFF61
00000AE9
FFFFFC64
00000469
00000B02
FFFFFC1A
00000454
00000655
00000800
FFFFFB8C
FFFFFB13
FFFFF971
FFFFF909
FFFFF8D4
00000022
FFFFF852
00000E6D
FFFFFF66
0000019F
0000035B
00000726
FFFFFD2D
FFFFF7E1
FFFFFEEF
FFFFF9F5
00000264
000007FF
00000E24
FFFFFEAD
00000760
0000089C
000003B7
00000007
00000F2E
FFFFF86C
0000050A
FFFFF6EF
FFFFFD47
FFFFFA93
00000556
FFFFFE05
000005ED
FFFFFE95
00000531
0000010D
0000100C
00000234
0000059B
FFFFFDAC
00000386
00000736
FFFFFCEA
FFFFFCB7
0000002E
FFFFFCE0
FFFFF8BB
FFFFFF07
FFFFFF6C
FFFFFC02
FFFFFE1F
FFFFF788
FFFFFAF9
FFFFF87C
000008B3
FFFFFFAC
00000707
000003C1
FFFFF825
000009F1
00000515
FFFFFC94
00000230
000007C9
FFFFF747
00000840
FFFFFCCC
FFFFFE7D
00000AB1
FFFFFB22
00000606
FFFFFA1C
FFFFFA83
000003C4
FFFFFE98
000004C2
FFFFFCB3
FFFFFD36
000006BD
00000624
00000B0F
00000CA5
FFFFFF03
00000AA4
000008A8
00000635
FFFFF88D
00000732
FFFFFB9A
FFFFFBF0
00000360
FFFFFA86
0000076E
FFFFF86D
0000022C
00000AC4
FFFFFB4C
00000328
0000038C
00000821
FFFFFF97
FFFFFDE7
00000326
0000055D
FFFFF5AF
FFFFFB13
FFFFFBFE
FFFFF8C5
FFFFF581
FFFFF5DA
00000CA1
00000A98
FFFFF9B4
FFFFFB12
FFFFF9EB
FFFFF9AC
FFFFFE56
FFFFF4F2
00000186
FFFFFD52
00000977
FFFFFCE7
0000064B
000006CC
0000087C
00000554
000002C0
FFFFFF08
000008A1
FFFFFD9E
00000436
FFFFF449
000000F5
0000005F
FFFFFA5C
000008BC
000005A7
FFFFF968
FFFFF6BE
000002A0
00000932
00000EDE
00000E90
00000408
00000603
0000076A
00000327
000009F7
00000F11
00000B88
FFFFFBB4
000001C6
0000059E
FFFFFBF7
000001EC
FFFFFF78
00000360
00000C91
FFFFFD96
00000954
0000007E
00000466
0000076E
000008C2
000001CA
FFFFF932
000005DB
000000AB
FFFFFA8B
FFFFF984
FFFFF637
00000112
00000061
FFFFFF77
FFFFFFCF
FFFFFA18
0000077C
FFFFFA90
00000026
FFFFFD52
FFFFFC0B
000002A8
000002A6
FFFFF851
000008FE
000006A3
00000EB4
00000412
00000A6B
000001CE
FFFFFBDA
FFFFFD4A
FFFFFAB9
FFFFFE57
000005B9
FFFFFD4F
FFFFF9E5
FFFFFF75
FFFFFB96
000006C1
FFFFF6B9
00000455
00000508
FFFFFE96
0000056B
00000366
FFFFFBC5
FFFFFE15
00000C66
0000004D
FFFFFFA7
FFFFFE0B
00000B92
FFFFFAAA
00000C35
0000099B
000008CE
00000FF8
FFFFFFD6
000001B6
00000490
00000831
000005E9
0000002B
000010D1
00000319
00000FAE
00000560
00000C1C
FFFFFF9E
000006D7
0000039A
00000558
0000078F
000001F2
00000187
FFFFF82D
FFFFFF6D
FFFFF9A8
000000EB
FFFFFE95
0000010D
0000036C
FFFFFAB2
00000C6E
00000149
FFFFFFBC
00000427
FFFFFAA0
FFFFF8E9
FFFFF6DD
FFFFFB8F
00000411
FFFFF6CD
FFFFFBA7
FFFFFB3F
000008ED
FFFFFF5C
FFFFFC27
FFFFFAC8
0000039A
00000504
000006AE
FFFFFC38
00000454
FFFFFC3F
00000832
000000D5
00000AB9
FFFFFB70
0000020F
FFFFF59C
00000095
FFFFF9A4
FFFFF580
000003E6
FFFFFB1C
FFFFFA50
0000004B
FFFFFD83
00000576
FFFFFDF0
FFFFFF8C
FFFFFEFF
00000194
0000023D
FFFFFDF0
FFFFFD0C
00000769
00000645
FFFFFBA0
FFFFF96B
FFFFF7FF
FFFFFBB6
FFFFFFC3
FFFFFB3A
000001A2
0000056E
FFFFF9F8
00000146
00000132
00000894
000000E3
FFFFFD13
00000547
0000037C
000004BD
00000017
00000237
FFFFFB17
00000015
0000059C
0000098B
000003F8
0000042C
000008DD
FFFFFE0D
00000513
FFFFF7B3
00000690
000008C3
0000033F
00000AF4
000002F5
FFFFFEED
FFFFFEB6
000000CA
0000057E
0000052F
FFFFFE2E
FFFFFB60
0000062B
FFFFFC25
00000763
0000020C
FFFFF41F
FFFFFEE3
FFFFFAEB
FFFFFF3A
00001174
0000028E
FFFFFDCF
FFFFFC37
00000AB7
FFFFF72A
FFFFF8C5
00000828
FFFFF8C3
FFFFFE62
FFFFFA83
FFFFFCE6
FFFFF762
FFFFFD05
0000045F
00000C15
FFFFF925
FFFFFD66
FFFFF85F
000004B2
FFFFFA64
000004B3
FFFFF7FB
0000027B
000001D1
FFFFFF61
0000023E
FFFFF9BC
00000C3D
0000067C
FFFFFBB3
000002D8
0000029F
FFFFFC31
000004B2
00000682
00000439
FFFFF77F
0000070B
FFFFFED6
00000386
00000824
0000025D
000003A3
00000B68
FFFFFCB6
FFFFFE78
00000AC2
FFFFF678
000006A2
00000544
00000821
000006B6
00000322
FFFFFF4C
FFFFFEB7
00000298
000007C9
FFFFFEA1
000006A7
000007FF
0000010A
000006C8
FFFFFD56
00000652
FFFFFCB2
0000067C
00000187
0000091C
00000092
00000295
000004CF
000009ED
FFFFFA9F
00000753
00000949
FFFFF5B7
FFFFFF60
0000003A
FFFFF8A4
FFFFFF25
000009FE
000005A5
00000F2C
00000CD5
FFFFFD1C
00000606
000009E1
000001EF
FFFFFA55
00000191
FFFFFFE1
00000C63
FFFFFFA8
FFFFFDC2
FFFFFC3C
00000855
FFFFFB40
FFFFFE45
FFFFFD7D
00000498
FFFFF428
FFFFFB29
FFFFFE91
FFFFF383
FFFFF858
FFFFF85B
00000381
000003F5
00000206
FFFFFAF1
FFFFF9A3
FFFFFDF5
FFFFFFE1
FFFFF789
FFFFF7A6
FFFFF97F
00000519
000004CB
FFFFFCB8
0000011F
000008A9
FFFFFAA5
FFFFFFFF
FFFFFF53
0000055F
000006D7
FFFFFE8F
00000291
FFFFFC09
00000375
00000546
FFFFFD84
FFFFFEF8
FFFFFC9B
FFFFFFA6
FFFFFF7B
FFFFFB7A
00000339
00000576
000002CF
FFFFFD14
00000981
0000025D
FFFFFF9B
0000006D
0000067D
0000057A
000006A7
000002AF
000002B4
0000012A
000005A0
00000923
000000CD
000006F6
0000058E
FFFFFE88
00000246
00000703
000002B4
FFFFFDEC
0000038D
00000274
0000061A
FFFFF940
FFFFFEC0
FFFFFABF
FFFFF807
FFFFFAE6
FFFFFE10
00000666
0000025F
000001D2
FFFFFF97
00000958
FFFFF90F
000008ED
0000026A
FFFFF745
00000211
FFFFF97B
00000090
FFFFFFF3
FFFFFE3B
FFFFFEF1
FFFFF7A0
0000074D
FFFFFE99
000001E8
FFFFFEB2
FFFFFFC3
FFFFFF25
000008A9
000003BF
000005CB
00000351
FFFFFB2E
000005FD
000009ED
00000278
00000082
FFFFFC36
00000990
FFFFFE49
FFFFFBDD
FFFFF9A0
FFFFFD52
FFFFFEAA
0000043E
FFFFFB1D
000006BC
00000549
00000531
0000055A
FFFFFEE9
00000297
000001C1
00000062
FFFFFAD3
FFFFFB69
FFFFFF39
FFFFFC00
FFFFFC7B
FFFFFC56
FFFFFD2C
000003D0
FFFFFF4E
FFFFFD26
00000464
FFFFF927
FFFFF9BC
FFFFFD23
FFFFFC1C
FFFFF9B8
000000D4
000002FD
FFFFFEC7
000006B7
FFFFFD7B
00000268
FFFFFAA8
000001D6
000002B1
FFFFFDA3
0000021E
00000523
FFFFFD7D
0000047C
FFFFFFD9
00000480
FFFFFC43
0000004E
000004A2
000003A5
FFFFFE1F
00000802
00000417
00000553
000003AE
00000ABC
00000B55
00000FBD
00000132
00000565
00000202
000007A1
0000090B
0000096C
FFFFFAB7
000003A0
FFFFFD78
FFFFFA6B
0000044C
000004A4
FFFFFE47
FFFFFD04
FFFFFA57
00000496
0000085C
000006EB
FFFFFE31
00000429
FFFFFB70
000002E9
0000010F
00000270
FFFFFE6A
00000283
000003D8
FFFFFC9A
00000659
0000037B
000000F5
000008F9
00000321
00000431
FFFFFEA7
000006FD
00000864
00000051
00000334
000004F8
000004B6
FFFFFCF1
000004E7
FFFFF8E6
FFFFFC67
00000167
FFFFFE36
FFFFFD7E
00000386
FFFFF841
FFFFFC73
FFFFFE9B
FFFFFC39
00000177
FFFFFFF7
FFFFFAAC
00000635
FFFFFDCE
00000307
00000361
000003A0
00000160
0000032A
FFFFFD54
00000339
00000271
FFFFFE54
FFFFF80F
FFFFFEC5
0000006A
0000015D
00000822
00000B70
00000895
00000B74
FFFFFF4A
FFFFFB1A
FFFFFEE4
00000206
00000232
FFFFFF24
00000773
000008FB
00000C30
00000887
FFFFFD4C
00000007
FFFFFF17
00000505
000009A6
00000091
0000049C
00000335
000009CF
00000147
00000171
00000515
000001D4
FFFFFD18
00000025
000005A4
000004F8
FFFFF8BD
00000047
00000000
000000D4
FFFFFD47
00000330
00000348
00000641
00000349
FFFFFF56
000000FF
000004DE
FFFFF9B9
FFFFF95D
000001BD
00000300
000002C8
FFFFFDC5
FFFFF840
FFFFFD34
FFFFF7EC
00000315
FFFFFDD6
000008E2
00000652
000000F5
00000949
FFFFFDBF
00000641
FFFFFC88
00000452
00000035
00000B35
00000058
00000343
0000019A
00000101
FFFFFEB7
000000A0
000000B9
00000851
00000647
000000B4
00000451
000002E0
00000416
FFFFFF64
FFFFFCB1
00000A58
000004F9
00000347
FFFFFFE3
FFFFFB45
FFFFFB62
FFFFFDFE
0000025A
FFFFFEA7
FFFFF9D7
FFFFFD4B
FFFFFA89
FFFFF836
FFFFF9BB
00000372
FFFFF938
00000100
000006D1
FFFFFD01
00000134
FFFFFE22
00000505
000000A9
00000239
FFFFFBA0
000006BB
00000BDB
0000025F
00000062
00000BF4
0000067D
00000500
FFFFFF30
00000220
FFFFFC97
00000237
FFFFFD3B
00000770
FFFFFE56
FFFFFCD4
FFFFFD61
FFFFFB92
FFFFFE61
00000216
0000020A
FFFFFFBD
00000215
FFFFFAC1
FFFFFEA8
FFFFFCBE
FFFFF8CE
FFFFF774
00000490
0000051B
FFFFFC8E
0000071D
00000B01
000001FA
00000291
FFFFFD86
FFFFFF27
FFFFFF2E
00000583
FFFFFA7C
00000044
FFFFF8A3
FFFFFCAA
FFFFFFC8
00000029
FFFFF98F
FFFFFB34
FFFFFFAA
000000DA
FFFFFFCC
00000482
00000302
000006EB
00000690
000000D4
00000477
000001F9
0000023E
000003FE
FFFFFEFA
FFFFFDB1
00000046
FFFFFE77
000006B7
000002F4
00000301
FFFFF64F
FFFFFFF3
FFFFFFE0
FFFFFD74
000004FC
00000768
0000043B
FFFFFB39
FFFFF893
FFFFFB17
000001A4
0000071B
FFFFF733
000002B3
000004AD
FFFFFD12
FFFFFE20
FFFFFA30
0000063B
000008A4
FFFFFE60
0000038D
FFFFF9DB
FFFFFCFF
000003CE
FFFFFF11
00000102
000001FD
00000224
000005A6
0000041C
FFFFF751
FFFFF8E9
00000164
00000840
0000007F
000001E1
FFFFFE44
00000193
00000022
FFFFFAE1
00000376
FFFFFB90
FFFFFEB0
0000057D
000005E3
0000058B
00000746
000003C8
00000045
00000511
FFFFFD00
FFFFFC7B
FFFFFDBC
FFFFFFAD
0000088B
00000C6D
FFFFF705
FFFFFF69
00000313
000006A7
00000AB2
00000674
FFFFFA26
FFFFF5F1
FFFFFED5
FFFFF99F
00000329
000003AD
FFFFFF61
FFFFFA52
FFFFF9BB
FFFFFE0E
000000F0
0000068C
00000680
000002A0
FFFFFE22
000005CB
FFFFF6F5
FFFFFA3D
000004DE
000001DE
000004A4
0000091C
FFFFF9DC
00000394
FFFFF8F7
00000BA8
00000B1D
FFFFFCB1
FFFFFB4C
FFFFFB01
000001FD
00000487
FFFFFDC9
00000531
0000040C
FFFFFD16
0000076D
FFFFFCAC
00000245
FFFFFB73
FFFFFB49
FFFFFEA9
000000F2
FFFFFCC6
FFFFFD97
00000676
000008A0
00000031
00000058
FFFFFEA9
0000021D
0000072A
00000532
00000749
FFFFFF40
0000056C
000004C2
0000008F
00000649
0000057D
00000865
FFFFFA91
00000322
FFFFFED8
000002D7
FFFFFFC7
FFFFFAA5
FFFFFF57
00000370
FFFFFF33
00000185
00000660
00000003
00000B4C
0000076E
FFFFFA6A
00000193
00000660
00000134
000001BE
0000011A
00000112
00000607
000008DE
FFFFFB71
FFFFFC00
000007A4
00000282
00000286
000005C7
FFFFFDD4
00000966
000000B2
FFFFFD62
FFFFFDCB
00000376
000008BC
00000184
000004FD
FFFFFB52
00000128
00000346
FFFFF8F9
FFFFFD41
FFFFF81E
0000004D
00000541
00000225
000005B0
00000AED
000008C2
00000E26
FFFFFBFC
FFFFF788
0000088E
00000C28
FFFFFF15
FFFFF40D
FFFFFFAB
FFFFF7CE
FFFFFE75
FFFFF9C7
000004E3
FFFFF49A
00000352
00000099
FFFFF6C2
00000188
FFFFFB06
FFFFF0EA
FFFFED9E
FFFFF6C5
000007E6
FFFFFBB5
FFFFFF97
FFFFFE0A
000006AE
FFFFFAE1
0000050E
FFFFF9B9
FFFFFD35
00000CA4
00000466
00000C8C
FFFFF95D
00000485
00000428
00000585
00000777
0000059B
000002DC
FFFFF916
FFFFFDB2
0000045F
00000D67
FFFFFA70
000005F6
FFFFFA7E
FFFFEEAE
FFFFFE35
FFFFFFE9
00000077
0000026E
FFFFFEB4
FFFFFE72
FFFFF7F7
00000996
000006CE
00000B00
FFFFFB61
00000CF2
FFFFF21D
FFFFFD3B
0000035A
00000417
0000027D
00001063
FFFFFEC7
0000031C
FFFFFACB
FFFFF4CD
00000943
FFFFFA7D
FFFFFEBD
FFFFFF3F
FFFFFF4E
FFFFFE15
FFFFEDFB
0000046F
0000021A
000001DD
FFFFFBD8
00000BB5
00001879
000002F8
0000086F
FFFFFF65
00000166
00000A33
FFFFFC0F
00000015
FFFFFB73
FFFFF6AF
FFFFF400
FFFFFC58
000005E9
FFFFF6D5
FFFFFAD1
000000E7
FFFFFA0F
00000B1A
FFFFF96A
FFFFF7A8
FFFFFE2B
000003F2
00000F06
0000059B
FFFFFAD0
FFFFFECB
00000E83
00001322
000006A9
000001BA
00000092
FFFFFB27
000005CC
FFFFFC8E
FFFFF718
00000965
00000E1C
00000E72
FFFFF7D1
0000050F
00000764
FFFFF5A4
FFFFF1F2
00000922
0000087C
FFFFFF90
FFFFF9C9
FFFFFEBB
FFFFEEAF
00000E0B
FFFFF73B
0000023D
FFFFF770
FFFFF2FB
FFFFF4A4
0000007E
FFFFFF56
FFFFFD53
00000973
00000432
0000035C
FFFFF65A
000007A5
00000C58
FFFFFD1A
FFFFF40C
FFFFF030
FFFFFB52
000007F6
000001EF
FFFFF601
00000982
00000E71
0000016A
0000088E
FFFFF74F
FFFFF68B
00000384
0000070F
FFFFF81F
000004FD
000007E7
FFFFF71F
00000E06
FFFFF153
00000E90
000000AA
FFFFF802
FFFFFD51
00000454
FFFFF399
00000917
00000B1B
00000C07
00001172
00000462
00000D54
00000823
FFFFF766
FFFFFE7D
FFFFFA84
00000EDB
00000008
FFFFFDA7
FFFFEB11
000003F1
000004A1
FFFFED86
000000AE
00000C29
FFFFFDF8
FFFFFFBA
FFFFFC70
FFFFFD4D
FFFFF694
FFFFFA0B
FFFFFE12
FFFFFF11
000000ED
000004F9
FFFFF817
FFFFFD1F
0000077D
000001A0
00000937
00000CDD
00000165
0000033A
00000716
FFFFFEFF
0000063C
000007E6
FFFFFC1D
00000A86
FFFFFBEA
FFFFFCCA
000000F8
00000A45
00001302
000008C2
FFFFF766
00001017
00000B78
FFFFFB60
000005CF
FFFFFECE
00000A4B
00000513
00000236
00000172
FFFFF063
00000305
000005E7
FFFFF593
FFFFFFBA
000001EE
00000160
00000B6D
FFFFFD13
FFFFF35C
FFFFFB7A
FFFFFC33
00000255
FFFFFADE
FFFFF382
FFFFEEE5
FFFFF016
FFFFFC51
000000ED
FFFFFD7D
00000015
FFFFFF63
FFFFEBFB
FFFFEDBC
FFFFEDF2
000006DB
FFFFFB76
FFFFF754
FFFFFAB8
FFFFFF9E
000009D3
00000928
FFFFFBE2
00000A77
00000B32
00000105
FFFFFB18
00000A6C
000008CE
FFFFFDFF
00001370
00000BDB
000011DF
000005EF
00000446
000006AA
000010E6
00000948
FFFFFD2E
FFFFF67C
FFFFFCA7
0000057D
000010A2
0000077C
000003AA
FFFFF9D2
FFFFFB32
FFFFFDC6
FFFFF378
FFFFFF9A
00001035
000017F7
FFFFFE22
FFFFF199
FFFFF7F9
FFFFF9D3
FFFFEFDF
FFFFFFC4
0000097F
00001497
000011DE
00000A7A
FFFFFC88
00000B6C
00000281
FFFFF734
FFFFF757
0000115C
00000410
000000C2
FFFFF714
FFFFF871
000000ED
FFFFFEC4
0000064E
0000056D
0000012A
FFFFFEC5
00000350
FFFFF835
0000031E
000006DC
00000D9B
00000D1F
000001C9
FFFFF76B
0000015B
FFFFF8E0
FFFFFD2E
FFFFF690
00000112
FFFFF8B8
FFFFF9F2
FFFFFCCF
FFFFF784
000009FF
FFFFFBF0
FFFFFFBC
0000085A
00000690
FFFFFCF5
00000916
FFFFFC55
00000C1E
00001175
00000FF9
FFFFF957
FFFFEE83
FFFFFC1F
FFFFF275
00000650
FFFFFBFE
00000AAE
00000C38
00000CC6
FFFFF21D
00000AE9
FFFFF54B
FFFFF88F
FFFFFE90
FFFFFD9D
00000286
FFFFF57F
000007EE
FFFFF86A
FFFFEF4C
FFFFEC62
00000927
000005BF
FFFFFDAC
FFFFFD69
00000B08
00000270
FFFFFE79
FFFFFEF6
FFFFFD44
00000816
00000457
00000D4D
FFFFFB65
0000057D
00000296
FFFFF93B
FFFFFEB5
FFFFFB81
FFFFFA08
00000838
0000094D
FFFFEDDF
FFFFFB11
FFFFFC2E
FFFFFFC2
FFFFEEBB
FFFFF44D
FFFFF1E7
FFFFFE71
FFFFFC35
FFFFF947
FFFFE9BC
FFFFF499
FFFFFAFB
000006C9
0000031E
000006E0
FFFFFBBD
00000219
000013F0
FFFFFDF6
0000115D
FFFFF9BD
FFFFFE8F
0000033A
FFFFF8E2
FFFFFE05
FFFFFF92
FFFFF70A
00000BD3
00000849
FFFFFB50
000004F3
FFFFFC18
FFFFF550
FFFFFD43
000007BB
00000F56
0000020F
00000558
FFFFEF3E
FFFFF07E
000002F2
000007BB
FFFFF9AF
000001BA
FFFFFCB3
FFFFF965
000009EF
FFFFF9DE
0000025E
FFFFF7EA
FFFFEDE2
FFFFF599
00000AC6
FFFFFAAC
0000029C
00000A7A
0000009F
0000088D
00000156
0000020C
FFFFFFA1
000004E6
FFFFF84E
00000F18
00000AB9
00000270
00000337
FFFFF90F
000005A5
000008D1
00000765
0000033C
0000081B
FFFFFCE6
00000D57
00000220
0000006F
0000000B
FFFFF846
000005EA
000010EF
0000067D
000004F5
FFFFF97F
FFFFFA1A
00000214
FFFFF28F
FFFFF77F
FFFFF517
FFFFF815
0000050B
FFFFFE21
FFFFE7B3
FFFFF1C4
000006EA
0000079E
00001360
FFFFFEF4
FFFFE989
FFFFECAA
FFFFFCA0
0000064A
000006A9
00000EF0
FFFFEA4F
FFFFFAFD
FFFFF61C
FFFFF4E7
0000075B
FFFFFF19
FFFFF526
FFFFFF49
FFFFF8D7
000001D5
FFFFFB32
00000C9B
FFFFF550
FFFFFEAE
00000FA1
FFFFF468
00000B5C
00000383
00000393
0000058E
FFFFF8EE
FFFFF7DF
FFFFF3DA
000004BA
00000C2B
FFFFF9EA
FFFFFC51
00000EA7
00001056
000006E3
FFFFF88C
0000028E
00000ABD
00000761
FFFFFAB9
FFFFF78C
FFFFFDD2
FFFFFE43
0000054B
FFFFFAF5
FFFFED40
FFFFF9AC
000005E9
000001D4
0000008E
00000423
FFFFF579
000006BC
00000865
00000232
000009DD
000006DF
00000282
FFFFFAA4
FFFFFB16
000006A3
FFFFF53B
FFFFF31B
FFFFECE6
FFFFF43A
FFFFFE43
0000002E
FFFFF522
00000E24
FFFFFF57
00000E08
00000CE3
000010A6
0000073F
0000090C
00000621
FFFFFBDE
00000575
FFFFFE16
00000D0F
00000738
FFFFF4F2
0000040D
000004D8
000002FA
00000528
0000015D
00000646
0000000A
00000575
00000208
FFFFFD6C
000000AC
00000304
0000051E
FFFFFBF6
000001B0
FFFFFDB5
00000253
000003C2
FFFFFFD4
FFFFFD0E
FFFFFD9C
000004F2
FFFFFC21
FFFFFC64
00000354
000000D9
000000FA
FFFFFCF0
0000057C
00000250
0000047E
000000EF
00000675
FFFFFE6C
FFFFFDBC
00000656
000003CD
0000043B
00000364
000004EA
000000A2
0000021F
000000A5
00000506
00000679
0000030C
0000006B
FFFFFF35
FFFFFCB2
00000226
0000009C
FFFFF997
00000202
0000039E
FFFFFB80
FFFFFE7E
0000013A
FFFFFBE8
FFFFFBEB
FFFFFC91
FFFFFAE9
FFFFFBB5
FFFFFBC8
FFFFFB2D
00000035
FFFFFDCD
FFFFFA94
FFFFFF54
0000007D
000000C9
FFFFFDD9
FFFFFD34
00000382
000000F6
FFFFFDA6
00000673
0000023B
0000011B
000002BF
000005B2
000000FE
FFFFFDA0
000001FF
000003A2
00000025
000005FC
0000061B
00000479
00000577
000000D2
FFFFFD62
FFFFFEA1
00000454
FFFFFF14
00000454
00000076
000003DF
FFFFFF91
00000297
0000035B
FFFFFF70
FFFFFFAC
000004E1
00000259
FFFFFDD2
FFFFFCDE
FFFFFDB5
000000F8
00000257
FFFFFD8B
FFFFFBC6
000002DB
0000032A
000003CC
000000A1
000000AF
FFFFFAB2
FFFFFE22
000001EA
000001A8
000005DA
FFFFFDE7
FFFFFD39
0000037F
FFFFFE8D
FFFFFF70
00000432
000004D1
000001D6
0000032E
000003A4
FFFFFBE7
000003CA
FFFFFF32
00000485
000003EC
000000D5
00000604
000001D4
0000053F
0000061E
FFFFFE85
000005E0
00000426
FFFFFC0C
FFFFFE3F
0000043B
0000018A
FFFFFD7E
FFFFFE35
000002CF
FFFFFD71
000004C8
000000DE
000004CA
00000228
FFFFFC12
FFFFFCEF
00000008
000000C7
00000082
000000CA
0000045E
000000C1
FFFFFCB8
FFFFFF18
000000D3
0000028E
0000026A
FFFFFFBC
FFFFFC88
0000025D
FFFFFEFD
000002E2
FFFFFFEC
0000017B
FFFFFC7F
000004A2
0000032C
000002EA
0000034A
FFFFFDA1
0000041F
00000339
FFFFFB4D
FFFFFAAF
00000271
FFFFFB3D
FFFFFCD9
FFFFFCEE
FFFFFE47
FFFFFDC4
00000445
0000039B
FFFFFDF7
0000052E
0000058D
FFFFFF0B
FFFFFFA3
00000457
00000219
000001AA
FFFFFDD4
FFFFFD6E
FFFFFD92
FFFFFDA8
000002C3
000002AA
00000016
0000051A
FFFFFD2D
00000514
0000076E
000000CD
00000226
00000604
00000635
00000094
00000081
0000023C
FFFFFF3F
00000598
FFFFFE20
FFFFFC74
FFFFFE35
000006CC
00000221
00000137
000005DC
0000019E
00000631
000001BA
0000030F
000003B4
000001B5
FFFFFB9B
FFFFFC9D
FFFFFBA1
FFFFFD79
FFFFF9F3
00000316
FFFFFBC6
FFFFFBE1
00000109
FFFFF848
FFFFF927
FFFFF811
FFFFFFAA
FFFFFA9F
0000016A
FFFFFA93
FFFFFD65
000004E6
00000101
FFFFFB33
FFFFFFDB
FFFFFD67
00000386
FFFFFDD9
FFFFFBA6
000000C6
FFFFFC9F
FFFFFCE6
FFFFFE3D
FFFFFB3D
0000038B
FFFFFDA9
00000236
FFFFFF17
FFFFFBC2
00000378
FFFFFF4E
FFFFFD0E
000000AC
000003D5
FFFFFE8C
FFFFFD6F
FFFFFF7F
00000102
FFFFFD8B
00000603
00000320
00000060
00000250
0000012B
00000541
00000359
000003F5
FFFFFC80
0000050B
FFFFFD2A
00000369
FFFFFEA3
FFFFFD24
00000068
FFFFFE3B
00000155
FFFFF96A
000006C8
00000542
0000034D
000004DB
0000039E
0000016B
00000526
00000554
00000360
000008A9
0000053A
00000507
000004F4
000001A3
00000045
000003CF
0000035E
FFFFFC53
FFFFFCBC
00000268
FFFFFE3C
FFFFFE2C
000002D8
FFFFFFAC
00000282
0000054D
00000086
000004DC
00000496
00000062
00000769
00000824
000002E5
00000540
000001DF
FFFFFE99
0000082A
00000187
00000686
000006D4
000001D4
0000085C
000001A9
000004B2
FFFFFF14
000003E8
FFFFFFA1
000003E6
00000269
000002FA
FFFFFDE1
00000263
FFFFFD18
FFFFFECF
000003E4
00000494
0000039C
FFFFFF6C
000001ED
00000266
FFFFFC4D
FFFFFCB5
FFFFFD0D
000005B3
FFFFFD38
FFFFFE30
00000594
FFFFFD28
FFFFFCDD
00000010
FFFFFCB8
FFFFFDD6
0000026D
00000525
00000312
00000368
0000051A
FFFFFEC2
000000F8
FFFFFDB1
000001D6
000000E1
0000021E
000002FD
000002A7
FFFFFF69
000001A2
00000399
FFFFFE5F
000002C9
FFFFFC7B
000001EA
00000252
000004F6
FFFFFE22
0000025D
00000038
FFFFFDD3
FFFFFE5B
00000144
00000003
FFFFFD59
000000C9
00000274
FFFFFF3D
00000308
00000178
0000041A
000007A2
00000446
00000303
0000086B
0000040C
FFFFFDC8
000004E4
00000243
FFFFFE85
000002E8
0000023C
00000009
000002FE
0000007B
FFFFFC51
FFFFFFA3
FFFFFAB0
FFFFF950
00000422
0000019B
FFFFFB8C
00000200
000002A4
FFFFFA66
0000014C
0000060E
0000003C
FFFFFBD1
FFFFFF55
00000026
0000063B
00000350
000007C9
000002BA
FFFFFD6E
00000371
0000027F
000003F3
FFFFFF49
FFFFFDA1
FFFFFE02
FFFFFF8C
00000182
00000029
00000548
000005CE
000002EA
0000041A
000007EF
00000446
0000026E
00000329
00000894
000001BC
00000007
FFFFFF59
000000B9
0000047F
000007CB
FFFFFF02
0000018E
0000026A
0000028A
000004EE
00000324
0000020F
00000122
00000584
000000D4
00000395
000001A6
000001B7
000001A7
FFFFFFE0
FFFFFF56
000001EF
000005FF
FFFFFC5C
000005FD
FFFFFD7D
FFFFFE3D
FFFFF960
FFFFFAD5
0000005E
00000482
FFFFFD9B
000000DF
FFFFFBFE
0000025B
FFFFFFB8
000000EC
0000005D
FFFFFF26
000003CE
00000299
00000182
000001FA
00000748
00000400
FFFFFCCD
0000038C
000003FC
FFFFFC36
FFFFFC81
00000090
FFFFFDBE
0000028C
00000271
00000667
FFFFFFCC
000004F8
0000097A
00000243
FFFFFF1D
0000033E
0000020C
FFFFFBEA
FFFFFC44
FFFFFB10
00000294
FFFFFD37
00000472
FFFFFF5C
000002A6
000000D6
0000020A
0000043A
0000027F
FFFFFF88
00000309
FFFFFC28
000003B9
00000025
FFFFFA98
FFFFFB88
0000081D
FFFFFF9B
FFFFFFC5
FFFFFEB2
FFFFFD2B
FFFFFEAD
0000050A
00000259
00000001
000001AA
FFFFFEDA
00000351
00000040
FFFFFEA1
00000580
00000078
0000058A
00000286
000002B3
0000006E
00000050
FFFFFD39
FFFFFBE3
000002B6
FFFFFCC1
FFFFFCEC
FFFFFE71
000000BA
000002E5
00000431
000001B7
0000057B
0000015F
00000225
FFFFFDA0
0000084B
FFFFF9A3
000002E0
FFFFE920
FFFFF3DB
FFFFF709
00000C0C
000005AE
00000481
FFFFF0AE
FFFFFE4D
FFFFFB6B
000002BA
000001BB
FFFFFFB7
00000797
00000BEB
00000EDB
000008F1
00000BE4
00000452
00000341
00000926
FFFFFD41
000001CD
FFFFFC96
00000FCC
FFFFFF97
FFFFF9F1
FFFFF6ED
FFFFEFD4
000003CB
FFFFECFE
FFFFFD05
FFFFF5B8
FFFFF27C
00000304
FFFFEF50
FFFFF8ED
000000D8
FFFFF239
FFFFFDF5
00000A7E
FFFFFB56
00000710
FFFFF6DC
00000004
00000184
FFFFF8CD
00001341
FFFFF0CA
FFFFFA94
000007BA
000006D4
FFFFF669
FFFFEED2
FFFFEE80
FFFFF59C
000001B0
FFFFEE94
00000AA0
FFFFF34F
0000028E
00000465
0000022B
FFFFF9BE
FFFFEE54
FFFFFAAC
FFFFF72F
FFFFF9CB
FFFFFA68
00000D2F
FFFFF5DA
FFFFFF3D
00000545
FFFFEE8E
00000713
FFFFF64F
00000260
00000D99
FFFFF7FD
000001CA
FFFFF7B3
00000115
FFFFFEE9
FFFFF263
FFFFFABE
000001EA
FFFFF376
FFFFFAAB
00000179
FFFFFE5C
000015D0
00000F13
0000029F
000001E6
000001D0
000004BD
0000084C
00000563
FFFFF31F
00000030
FFFFF70D
FFFFFAB3
0000062C
FFFFFAC9
0000041A
FFFFFE21
FFFFFC44
FFFFF458
FFFFFAAF
000006BF
FFFFEFFA
000004E5
FFFFFD6B
FFFFFCF5
00001116
0000015C
000001AE
FFFFF5C4
FFFFF2DD
00000969
00000603
FFFFFD53
000006FD
FFFFFB6A
0000010C
00000796
0000045F
FFFFFFFF
00000AF5
00000CF3
FFFFF7D1
000008FE
FFFFF640
FFFFF172
00000DC0
FFFFFE07
000002A6
0000104E
00000F59
00000251
000011F8
FFFFFC53
000011EC
FFFFFDCC
FFFFF443
00000EB6
0000007E
FFFFF167
FFFFF71B
000007CD
00000105
FFFFF882
FFFFF7CA
00000921
FFFFF83E
00000291
000003CD
FFFFF011
00000294
00000583
FFFFF09F
FFFFF4AE
00000BFD
0000080B
FFFFF65B
00000C59
FFFFF154
00000334
FFFFFAFE
00000595
FFFFFE7D
FFFFF424
FFFFFAA9
000008A7
0000001C
FFFFFA9E
FFFFFA1E
FFFFFF8D
FFFFF601
000004B6
FFFFFE55
00000519
FFFFFE0C
FFFFF210
FFFFF26C
FFFFFA88
000000AB
00000589
FFFFF85A
FFFFF2D2
00000158
00000E6D
000003F5
FFFFFE5D
FFFFFC31
00000332
000009FC
00000206
00000C09
0000005A
FFFFEA62
FFFFF886
00000187
FFFFF901
FFFFF7F2
0000000D
000005FE
FFFFEE68
FFFFF2FC
000003A2
FFFFF77B
00000501
FFFFF9E2
0000062E
FFFFF715
00000360
FFFFF263
000004F6
00000088
FFFFF8C9
FFFFFD26
FFFFF590
FFFFF945
00000B47
0000014A
FFFFF42B
000000C4
FFFFFF1D
00000DF8
FFFFFDEF
0000066F
FFFFF363
00000776
FFFFF55F
00000479
FFFFFC94
00000227
000006DA
0000035E
FFFFF9C2
00000F0E
FFFFF0E5
00000442
00000FB1
00000936
FFFFF6E4
00000EB7
000010A6
000006EA
FFFFFC0D
FFFFFDA8
FFFFEA19
FFFFF5C4
000006B1
FFFFF5F3
FFFFFAE0
FFFFFFC6
FFFFFC4B
FFFFFFC1
FFFFF4A8
FFFFF7C4
FFFFF612
FFFFF400
00000ED8
00000205
FFFFFE59
FFFFFF1C
FFFFFD4A
0000103B
FFFFF43D
FFFFF976
000002BA
FFFFEA51
00000AA4
FFFFF47C
FFFFEC09
00000E7E
00000871
000006CA
FFFFFB62
FFFFFB76
00000747
FFFFFB63
00000640
000009D8
0000060A
FFFFF1FF
FFFFEB49
FFFFFC25
00000953
00000AA3
FFFFF7C1
FFFFF477
FFFFFDD9
FFFFFB24
00000CDD
FFFFED39
00000836
FFFFEC81
FFFFF6BD
FFFFFB7B
0000098E
FFFFFE10
00000647
00000387
FFFFF457
FFFFF503
FFFFEC8A
FFFFF925
FFFFFA8A
FFFFF697
FFFFF4C8
00000648
0000007E
0000000A
FFFFF6B0
00000446
FFFFECD5
FFFFF8CE
00000612
FFFFFC37
000001D5
00000817
000001BA
000005FF
FFFFEEA8
FFFFFB90
FFFFF099
FFFFF096
00000BDF
FFFFEE87
FFFFF17C
FFFFFCD1
000001E6
00000A23
FFFFFD12
00000338
FFFFF8D0
000009C0
00000992
00000BEF
FFFFF6CF
00000462
FFFFF288
00000352
000004B5
FFFFFDC5
00000BDB
00000916
000008E7
FFFFF53F
00000A9E
000006D7
000003A1
FFFFFB22
000008F6
FFFFF337
0000088D
FFFFF99E
00000314
00000999
00000B15
FFFFF78B
0000051E
FFFFFCDE
FFFFF671
FFFFF287
FFFFEFE9
000000ED
FFFFF69D
FFFFFEAF
FFFFFAF0
FFFFF417
FFFFF898
FFFFF883
FFFFF645
000008C1
0000084B
00000ABB
000007B4
0000062E
000000FF
FFFFF23B
00000BE5
00000200
FFFFF92D
FFFFF89E
FFFFEE27
FFFFF5C7
FFFFE39E
FFFFF3A6
FFFFFDCA
FFFFE752
FFFFFCAD
FFFFE1B2
00000737
00000A94
00000AED
FFFFF898
FFFFF962
000009B1
000007B8
0000036C
FFFFFC49
00000484
00000879
FFFFF546
00001138
00000228
FFFFFA35
FFFFF4AE
00000056
FFFFF711
FFFFF013
0000063A
0000031E
000000DF
FFFFFA76
FFFFFA53
FFFFF822
FFFFFC96
FFFFFBB3
00000DFE
FFFFFE2E
FFFFFFCC
000014AF
000002EA
FFFFFD94
00000C9A
00000DAF
FFFFF7F4
FFFFF715
00000312
FFFFFA61
000004C1
000003B1
000005FE
FFFFFF42
00000728
FFFFF3AB
FFFFFBB9
FFFFF320
00000738
FFFFFF7D
FFFFFD2A
FFFFFF4F
FFFFF8E3
FFFFF92E
00000637
000005A2
00000C3B
FFFFF923
FFFFF86F
0000009A
FFFFF46B
000002E2
00000435
FFFFFC1A
00000A7D
FFFFFABB
FFFFFF88
FFFFF944
FFFFF71F
00000071
000004EE
FFFFFA4A
00000279
FFFFF5E2
0000033A
FFFFFCBB
FFFFF9A6
00000403
FFFFECF0
FFFFFCE9
00000C63
FFFFF5C3
0000032D
FFFFF295
FFFFF959
FFFFFAB1
00000312
00000738
FFFFFFAB
FFFFFE03
FFFFFBF8
FFFFF7C0
FFFFFBC9
FFFFF8FF
0000019F
00000AE2
0000127D
FFFFF767
FFFFE61D
FFFFE7B7
00000CBE
FFFFF44E
FFFFFF82
FFFFF502
0000014A
00000670
000011C1
00000E00
000012B8
00000F6C
FFFFFC4E
FFFFFD2E
FFFFF9AC
00000F52
000000DD
00001058
000002E6
00000440
FFFFE73E
FFFFFF17
FFFFF580
FFFFFC00
FFFFF1F1
00000B41
00000570
FFFFF58B
FFFFFBEA
FFFFF708
00000E51
FFFFF3DA
FFFFFDDF
0000076D
00000265
0000122B
FFFFF7C2
FFFFFA0C
000001A5
00000D59
0000057F
FFFFFE5C
00000511
FFFFF44A
FFFFFBE7
00000025
FFFFFA07
FFFFFA88
0000056A
000018C8
FFFFF81D
FFFFFC96
0000040D
FFFFF63A
FFFFF9B5
00001880
00000F60
00000862
00000ACC
000000F8
FFFFF537
FFFFF9C7
FFFFF7FD
FFFFFC02
000004B8
FFFFFA4E
0000006C
000002BC
00000810
0000050A
FFFFEE33
00000312
0000136A
00000C60
0000074F
00000C13
0000063B
00000014
0000181D
0000034E
00000EC3
00001286
00000304
FFFFFE65
FFFFF980
0000026D
FFFFFE0E
00000019
0000042D
00000079
FFFFF720
FFFFF96A
00000A15
00000C82
00000234
FFFFFD91
00000450
FFFFFE9E
00000A1F
00000C2A
00000CF6
FFFFFBB2
FFFFFF96
FFFFF750
000003A4
FFFFFE09
FFFFFD34
00000092
FFFFF82C
000002FE
000004E0
FFFFF91A
FFFFFE19
FFFFF913
00000232
000002C6
FFFFF96E
FFFFFDC8
FFFFFD6D
FFFFF5DC
FFFFFC4B
FFFFF90F
FFFFF758
FFFFFEAD
0000066A
FFFFFBF8
000003C0
FFFFFBE3
FFFFF54D
000002C8
FFFFF98E
FFFFF6C6
FFFFF4FE
FFFFF91D
FFFFFAA7
FFFFF520
FFFFF635
00000167
FFFFF7F9
0000066D
FFFFFBC2
000003DE
FFFFFE20
000005C1
00000062
0000029C
000003C9
00000081
000006DA
00000096
00000274
FFFFFE2C
00000D00
FFFFFD9C
00000DB5
FFFFF58E
0000052C
000007E6
00000107
00000B7C
FFFFFC9B
000000D3
FFFFFE60
000009A5
0000030D
FFFFF351
FFFFFC66
00000390
FFFFFDD1
FFFFFE9D
00000458
FFFFFDBE
FFFFFE4E
FFFFFFAE
000004A4
FFFFFF55
FFFFF834
0000053A
0000098E
00000592
000003A4
FFFFFF43
0000033C
FFFFFD0E
FFFFFD65
FFFFF45D
FFFFFD10
FFFFFFCD
FFFFF985
000005BA
0000003C
FFFFF408
FFFFF4AC
000005CC
FFFFFB96
00000575
FFFFFA16
FFFFF8CE
00000646
00000BAA
FFFFF5AF
FFFFFD86
FFFFFAA3
FFFFFAC8
00000680
FFFFF9B3
FFFFF918
FFFFFDCF
00000674
000004DD
FFFFF98B
FFFFFDEB
00000AE2
FFFFF9F6
00000185
000001D3
FFFFF599
FFFFF8C7
00000816
00000023
0000021E
000005DE
FFFFFFE0
000005CB
000009EE
FFFFFFE3
FFFFFCB3
0000017C
0000037F
FFFFFBD1
FFFFF526
FFFFF985
FFFFFC76
FFFFFBFD
0000051C
FFFFFAB6
FFFFFDC8
00000138
000003ED
FFFFF56B
000007CB
FFFFF938
FFFFFE36
FFFFFC89
00000586
0000033C
00000648
FFFFFBA3
FFFFEFFB
00000825
000002D1
FFFFF71A
00000A54
FFFFFB28
FFFFFD90
FFFFFD63
FFFFF61C
FFFFFE6E
0000004C
FFFFF436
FFFFF70C
FFFFF70B
00000333
FFFFF999
FFFFFDF4
FFFFF9AA
FFFFFED0
00000238
00000689
FFFFFC8F
FFFFF8D7
000000B0
000003A7
FFFFF8B6
00000386
000000F4
FFFFF9CE
FFFFFD5B
0000021D
0000076C
00000759
FFFFF70F
FFFFF6A5
FFFFFD65
0000019D
000003EE
FFFFF749
FFFFFA78
FFFFFDC1
00000612
FFFFFA07
00000802
FFFFFFE3
FFFFFA44
FFFFF845
FFFFFD25
00000155
000008A0
FFFFFC25
FFFFF3E2
FFFFF20F
00000298
FFFFFDA5
FFFFF39B
FFFFFECF
FFFFEF40
FFFFF8E1
FFFFF52C
000005A3
00000297
00000492
00000053
FFFFF63D
000000E6
000001E4
00000814
FFFFF99C
FFFFFB88
00000371
0000097C
FFFFFBA7
FFFFFC61
0000000F
FFFFFD90
FFFFF7DD
00000232
FFFFF7C6
FFFFF790
00000684
000000A2
FFFFF88D
FFFFF5C6
FFFFF524
FFFFFC60
FFFFFC16
FFFFFB5A
FFFFF52C
FFFFF8DE
FFFFFBAA
000005E1
FFFFF206
FFFFFED9
FFFFFE46
FFFFFC9E
00000449
00000B26
000005C7
00000284
000006B7
00000794
000000EB
0000097C
000001A5
00000836
FFFFF863
00000530
FFFFF78D
FFFFF100
000008D4
FFFFFE48
FFFFFC4E
00000520
000004F7
FFFFF605
FFFFFDC6
00000445
FFFFFD64
FFFFF73A
00000273
FFFFF9D6
0000008E
000003C2
FFFFFB8E
00000071
00000359
000004F0
00000583
0000037D
FFFFFC3A
00000425
FFFFFE2D
FFFFF9FA
FFFFFEB5
000005F0
00000097
FFFFFBA5
00000A9C
00000576
000004D1
000000C3
FFFFFD2F
0000053C
00000156
0000056D
0000033E
FFFFFB1A
FFFFF842
FFFFFC72
000003F0
0000031A
FFFFFD8E
FFFFFCDD
FFFFF918
00000635
FFFFFE4F
FFFFFC6E
000003CD
FFFFFEB1
000003AC
FFFFFB88
FFFFFD03
FFFFF966
0000037A
FFFFFF7E
000004EC
FFFFF836
00000506
0000024E
000008DD
00000113
000000A2
00000895
0000038E
FFFFFCE4
000009C8
000002F5
FFFFF518
FFFFF900
FFFFFEAE
000001FC
FFFFF6EF
00000184
0000009F
FFFFFD57
0000057C
FFFFF278
FFFFF978
FFFFFD83
0000054B
000003B9
00000393
0000007E
00000440
FFFFF622
FFFFFCA2
FFFFFC1E
FFFFFAB9
FFFFF59D
0000010E
FFFFF362
FFFFFBFD
FFFFFD02
000004C0
FFFFFA36
FFFFFC8E
FFFFF799
FFFFFFF0
FFFFFBE7
FFFFF634
000002FA
FFFFF9A6
000001FE
FFFFFAFD
FFFFFB9B
00000372
FFFFFC69
0000024D
000001F6
000002ED
0000038A
00000556
FFFFFC01
FFFFFB2B
00000793
00000670
0000040F
000001EC
00000ACE
000006CF
00000906
000006B2
00000161
00000191
FFFFFD3D
FFFFF947
000000A3
FFFFFFCD
00000855
00000296
FFFFF907
FFFFFC63
FFFFF8EC
FFFFFD50
000001C4
FFFFFB01
0000051D
00000536
000004A3
00000279
00000E25
0000007A
FFFFFF45
00000139
00000412
00000879
0000066B
FFFFFC09
00000259
FFFFFE64
FFFFFBE1
FFFFFE5B
00000364
FFFFF8E9
FFFFFE91
0000032B
00000697
000001CE
0000095F
FFFFFF29
00000DC4
00000CB2
00000905
0000052B
FFFFFDC1
FFFFFFBE
FFFFF867
FFFFFB41
00000164
000006FF
00000248
000001EA
FFFFFA68
0000034D
FFFFFAFC
FFFFFC27
FFFFF922
FFFFF932
FFFFF30A
FFFFFED3
FFFFF5E1
0000078C
FFFFF692
FFFFF4F7
FFFFF88D
FFFFFBFB
FFFFFAB8
FFFFF821
00000000
FFFFFCF5
FFFFF868
0000036D
00000948
000003EB
FFFFFF49
FFFFFF74
FFFFFD79
FFFFFD5B
000006E1
FFFFFB9C
FFFFFC75
FFFFFF38
FFFFFF04
FFFFFF22
000002F3
FFFFF801
000003CE
FFFFFD3A
FFFFF7FF
FFFFF976
FFFFFE91
00000594
00000000
0000015F
00001062
00000435
00000AF5
FFFFFD25
000008F5
00000CC6
00000476
0000030D
000009A0
00000120
000004D1
FFFFFC20
FFFFFE7B
000009BB
00000063
000005C9
00000148
000003DB
FFFFFBF5
FFFFFEB0
FFFFF86A
000004FF
FFFFF8C0
00000297
FFFFFBBC
FFFFF964
FFFFFE1C
00000335
FFFFFBE9
FFFFFD1B
000001E2
00000AA4
FFFFFDEA
000006C6
00000077
FFFFF79E
000005C8
FFFFF9EE
0000081F
00000727
FFFFFA5B
0000006D
FFFFF05E
00000444
000000AA
00000404
FFFFFEA2
FFFFF278
FFFFEFC1
FFFFF6FA
FFFFFB6B
0000031D
FFFFFBF8
FFFFFC77
FFFFF2EE
00000057
FFFFFE2F
FFFFF55D
FFFFFEDE
FFFFF95E
000000CE
FFFFFD2A
FFFFF879
FFFFFF68
0000032B
FFFFF4F6
00000BDC
00000293
FFFFFE37
0000092A
00000012
000006E8
FFFFFF24
000008AE
000000E5
FFFFFC24
FFFFFE89
FFFFF392
FFFFF490
FFFFF327
000001A9
FFFFFB70
FFFFF488
000002A7
0000021A
FFFFF98F
0000142D
00000C58
FFFFFC3B
00001214
FFFFF919
000002CF
00000DF0
FFFFFC3D
000004DF
FFFFF5F1
FFFFFAA2
00000AB5
FFFFF51C
00000559
000001C4
00000C0C
00000AFA
00000D5B
FFFFFEBD
00000359
00000BCF
00000360
000005AA
000014A9
FFFFFA4B
FFFFF880
FFFFF387
00000796
FFFFF846
FFFFEFB5
00001150
FFFFFA0F
FFFFF82B
00001603
FFFFFFDC
00000932
000002DE
FFFFF626
FFFFEBD4
00001092
00000B50
FFFFF680
0000141D
0000035B
00001044
00001559
FFFFF963
FFFFFD5A
00000664
FFFFFE0B
00000839
00000FD0
FFFFF9C0
FFFFF7F8
FFFFF5B0
00000158
FFFFFA75
FFFFF2EB
FFFFF80D
FFFFFD79
FFFFF828
FFFFFD4B
000001C2
000001C4
000008ED
00000ECC
000002B2
00001010
00000386
00000226
000003EE
FFFFFFA0
FFFFF569
00000837
FFFFFD38
FFFFF257
00000EFA
FFFFFB80
FFFFFD95
00001339
00000B0A
000004EC
00000BBF
FFFFFBC5
0000122F
FFFFF655
00000993
FFFFFBE0
FFFFFA86
000003DA
FFFFF889
000006F1
FFFFF81B
FFFFFF6F
FFFFFBD2
00000417
00000821
FFFFF39A
FFFFF531
00001632
0000063D
00000349
00001176
00000CF6
00000E32
00000864
FFFFF902
0000078E
00000FFE
0000070B
FFFFF7DA
000009AD
FFFFF52B
00000190
FFFFFC9B
FFFFF3DF
FFFFEEB7
FFFFFD24
0000063A
00000F3D
FFFFFBFA
00000373
FFFFF283
FFFFFA7B
00000FD0
FFFFF75B
000013BA
00000486
00000523
000009FA
FFFFFE17
000017DF
000005BA
00000191
00000C47
000000B4
00001104
000003E6
000002CC
00000CEB
000012AD
FFFFFAE1
FFFFFCF5
00000753
000006AE
FFFFFC5A
FFFFF5F4
FFFFFE85
FFFFFF0B
FFFFF5CA
00000EC9
000008B3
FFFFED7E
FFFFF6EB
000004D2
0000048C
000006F6
FFFFF748
FFFFFB8D
000009C6
00000970
000000A5
FFFFFA5B
FFFFEDA2
FFFFF949
00000A0F
FFFFF7AB
FFFFF452
000007D8
00000EA5
FFFFEFF6
FFFFF973
FFFFF106
FFFFFD21
FFFFFF1F
000003D6
FFFFF55D
00001273
FFFFFA34
FFFFEB8A
000000F7
FFFFF7B6
FFFFF644
000000A8
0000058C
FFFFE9DB
000002F9
FFFFF3BD
FFFFEAAC
FFFFF94A
00000A86
FFFFFB06
000007BE
00000B9A
FFFFF8EF
FFFFF915
000011B1
FFFFFEC9
FFFFFD45
FFFFFC4A
FFFFFFD3
000003D6
FFFFFF48
FFFFF7CA
00001E3C
000006E1
FFFFFEC8
0000050B
00000E1F
FFFFF5E3
000010D2
000011AC
00000A72
00001234
FFFFFC33
FFFFFFE5
000009BC
000006BA
FFFFF888
00000A1D
FFFFFF47
FFFFF4D9
00000DDF
FFFFFDAE
000001A3
FFFFF6A4
FFFFF4F3
FFFFFFFF
FFFFEE7B
FFFFFD17
000001BA
00000518
FFFFF2F7
FFFFFF19
FFFFF5C8
FFFFEBF9
FFFFFB65
FFFFFF3D
00000494
FFFFF1E9
FFFFFD38
00000CD6
FFFFFC47
FFFFFD2E
FFFFF57B
FFFFFCAD
00000443
00000130
000004D6
0000068C
FFFFF475
FFFFF828
FFFFF34D
FFFFE113
0000032F
FFFFF626
FFFFE8B3
00000147
FFFFE428
FFFFF422
FFFFF1D8
FFFFE9B6
0000065F
FFFFF100
FFFFF943
FFFFE7EA
FFFFF6B8
00000003
FFFFE9C2
FFFFF65D
00000CDE
00000317
FFFFF6F5
00000E40
FFFFF152
FFFFEEAA
FFFFF728
FFFFF213
000000B1
0000013D
FFFFF05E
FFFFEEDB
FFFFF2B1
FFFFF762
FFFFFD79
000008A6
000006DE
00000513
FFFFECE8
FFFFFC75
FFFFE911
FFFFFBFF
FFFFF726
FFFFF70B
FFFFFCD1
FFFFFC63
FFFFE9E5
00000E0B
FFFFFE3E
FFFFED6B
00001371
00000434
000001FA
FFFFFF0A
FFFFF75D
FFFFFCBB
FFFFF152
FFFFF4AC
FFFFF342
FFFFF926
00000550
FFFFF89F
00001090
0000057A
000004BD
000009AA
0000092C
00000177
FFFFFE2B
000003E8
FFFFFBC0
000004E2
00000753
FFFFFBFB
FFFFF66F
FFFFF8DC
00000880
00001705
FFFFF184
00000FBB
00000677
FFFFF0DA
FFFFF85F
FFFFEE13
FFFFF81E
FFFFF44B
FFFFF4B7
FFFFF227
FFFFF61F
000005FD
FFFFFAC0
0000018A
00000D13
00000712
FFFFEAAF
0000162B
FFFFFAA7
0000081D
FFFFFB83
FFFFFFAB
FFFFF21C
000006A4
FFFFFE78
FFFFFBEB
00000A95
000011FB
0000059E
000013D1
000012A1
FFFFEFF9
0000089C
FFFFFBB8
FFFFFAA1
00000246
FFFFF8F3
00000996
0000155A
00000739
FFFFFB27
00001874
00000AEA
00000552
00000DD6
FFFFFF4E
FFFFFEE5
00000819
000003BB
FFFFFD08
FFFFFF32
FFFFFAFA
000000C7
00000B64
FFFFED97
00000B43
FFFFFCE7
FFFFF67D
FFFFF6AA
00000132
00001384
00000F67
FFFFF093
FFFFFEEC
00000523
00000F6B
00000C2C
00001234
FFFFF477
00000874
FFFFF85D
FFFFFB9D
FFFFF525
FFFFEA47
FFFFEE9B
00000BB8
FFFFFD89
FFFFFCB8
FFFFF7FB
FFFFFAC3
FFFFF813
FFFFFEAA
00000FAC
00000C3A
00001269
00000EE2
000001A7
FFFFF6AA
00000B27
FFFFFFA0
FFFFF689
FFFFFBF2
FFFFF5AF
0000059E
000004CB
00000748
FFFFF677
00000076
000004EE
00000146
FFFFF19B
0000016C
FFFFFF05
00000B5B
FFFFF719
00000D0B
000001CD
0000033F
000005F5
00001988
000001D3
FFFFF0AC
000003FA
00000921
FFFFFC0D
FFFFF510
FFFFF955
FFFFFFD1
00000403
000003AC
FFFFFE43
FFFFF1FF
00000118
000001C7
FFFFFE85
00000CEE
00000A0B
00000ADA
000000A8
0000050F
00000136
00000531
FFFFF75B
FFFFF579
00000827
FFFFFCF2
FFFFFB38
FFFFFF07
00000136
FFFFF697
00000101
00000A94
FFFFF68D
000011D8
00001804
FFFFFF8B
000003F9
FFFFFADA
00000720
FFFFFD39
0000009D
FFFFF0E5
00000C17
00000CAB
000006C6
000001DD
FFFFFEAB
FFFFFB66
FFFFF524
FFFFF9C8
FFFFECE7
FFFFF3A7
FFFFF368
0000031F
FFFFFDEF
FFFFF65B
FFFFF8D0
000011B1
0000048B
00000925
FFFFF644
0000000A
FFFFF997
00000EB6
000000A3
0000163D
000008F7
FFFFFA83
00000980
00000419
00000AAC
FFFFFF1D
FFFFF8D1
000008D3
00000796
000004F0
000006EB
FFFFF61F
FFFFF834
FFFFF4A1
FFFFFCFD
FFFFFD3F
00000AF6
00000AB0
FFFFFD4B
FFFFFD42
FFFFF2CD
FFFFEFE1
FFFFF8C4
000000FC
0000024F
FFFFFC58
FFFFF750
FFFFFA90
FFFFF858
00000CB1
00000AAC
00000403
00000415
00000FD3
000012A7
00000E8A
FFFFF93F
000004BE
00000755
000004A7
00000AF5
00000A88
000002E4
FFFFFBA7
00000B93
FFFFFB8D
0000017A
FFFFF7AA
00000AE0
FFFFF567
FFFFFC31
00001069
FFFFF5AB
FFFFFE5A
FFFFFDA2
0000021F
0000094C
FFFFF577
FFFFFF15
FFFFFDBB
0000032E
00001430
00000D87
000008A3
00000B63
000019F2
00000075
FFFFF52B
00000B7F
00001332
00000706
000001EE
00000AC0
FFFFFA6A
000000E2
FFFFFD54
00000200
FFFFF4AA
000005CE
FFFFFA15
0000053E
00000A99
00000108
00000C23
0000032C
000009AC
000006E8
00000D1B
FFFFF285
FFFFFA5F
FFFFF93A
FFFFFAFE
FFFFF93E
FFFFFFF3
FFFFFCEF
FFFFFE69
FFFFFD26
FFFFF937
FFFFF304
000009C6
000009EE
FFFFFF89
00000121
FFFFF967
FFFFFDC5
FFFFF7CC
FFFFFBF0
FFFFF5F6
00000526
FFFFFDA5
FFFFFF97
00000563
FFFFFA24
FFFFFD8B
00000629
00000287
000008BC
00000BD7
FFFFFF25
FFFFFD36
FFFFF866
0000072C
FFFFF989
000007DF
00000A09
FFFFF5F4
FFFFF7C2
00000771
FFFFF702
FFFFFC29
000000CB
FFFFFEE3
FFFFFADC
FFFFF831
00000232
000003A9
00000A0B
FFFFF598
0000047A
00000693
FFFFFD2C
00000763
FFFFF650
00000979
00000C9B
0000057E
FFFFF97B
00000ABB
FFFFFC84
FFFFF91D
FFFFFFFF
FFFFFAA1
FFFFF571
00000A93
00000B49
0000063F
00000F3F
FFFFFB4E
FFFFFFE5
FFFFF7CB
FFFFFB08
00000579
000001E7
FFFFFAAE
FFFFFDCB
FFFFFE60
00000125
000002A0
00000035
FFFFF9A5
0000035B
000004E5
FFFFF29A
000005ED
000005BB
00000AD5
0000048F
FFFFFE57
FFFFFA00
00000063
00000983
000006DB
00000022
000004FC
FFFFEC6D
0000062B
0000099D
00000192
FFFFFE97
000000FD
FFFFF877
FFFFF3F8
FFFFFCC5
000004B7
00000A11
000005F8
FFFFFA6F
FFFFFD56
FFFFFF33
00000DB0
FFFFF5CE
FFFFF80E
FFFFF833
FFFFF16F
FFFFFBF1
0000102F
FFFFF456
0000000B
FFFFFC99
000007CA
0000006A
0000090C
FFFFFA19
FFFFF6A1
0000025F
FFFFF920
FFFFF3E7
FFFFF46F
000005B8
FFFFF7B5
FFFFFD1F
FFFFFE20
00000915
FFFFFC89
00000358
FFFFFE65
FFFFFCF9
FFFFF78F
00000011
FFFFF5E5
FFFFFA3D
000006F2
00000517
FFFFF585
FFFFF6DA
FFFFFF3B
000004F3
FFFFFEEC
FFFFFE5E
FFFFF49B
FFFFFF86
FFFFF80B
0000065C
0000064E
FFFFFE2F
FFFFFD58
000000A2
FFFFFB6D
000005CD
00000760
00000204
FFFFF719
000000AC
FFFFFCFC
FFFFFF44
00000921
FFFFFA32
FFFFF77F
FFFFFF48
FFFFF465
FFFFFA85
0000049F
FFFFF4C0
FFFFFB50
00000D64
FFFFF9D9
FFFFFDE3
00000065
FFFFF496
FFFFFC66
000000D4
FFFFFC34
FFFFFAB1
0000059D
FFFFFF6C
FFFFF344
000005F6
000006B8
0000033A
0000056E
0000018D
0000046D
FFFFFAB7
00000B34
FFFFF766
00000161
FFFFF99D
FFFFFB9A
000004D7
FFFFF69F
FFFFFA4E
FFFFFE7A
000002C2
FFFFF8D9
0000010F
FFFFFD8E
00000184
FFFFFF22
FFFFF250
00000157
00000348
FFFFFD9D
FFFFFAB1
FFFFFB91
FFFFFC12
FFFFFECE
FFFFFC53
000004C9
000008AB
000001C6
FFFFFCED
FFFFF971
FFFFFA75
FFFFF9C4
00000062
00000521
000003C9
FFFFF0A8
FFFFFBBF
000001C7
FFFFFA8F
00000381
00000405
FFFFFE63
FFFFFEA5
FFFFFF82
FFFFF080
FFFFEECE
FFFFEDF4
FFFFFD08
00000741
000006CC
00000077
FFFFFF38
000001CC
000007B1
0000122F
00001453
FFFFFC85
FFFFF852
000001E9
00000598
FFFFF9F3
FFFFFE6F
FFFFF84B
00000DCF
FFFFFBAA
000000F3
00000653
FFFFFA2F
00000739
000003EA
00000BEC
FFFFFE8A
000001E5
0000038F
0000082C
FFFFF784
00000955
FFFFF7C8
00000467
0000010E
FFFFFBD6
FFFFFC9C
000005E0
FFFFFA2E
00000081
FFFFF47A
FFFFF5FA
FFFFFB4F
FFFFFD58
0000036D
00000A0E
0000078F
000002FB
FFFFF779
FFFFF501
FFFFFA0C
000003C3
FFFFFEA5
00000291
00000A05
000008B0
FFFFF69C
FFFFF8C7
FFFFFAA0
FFFFF118
FFFFF94C
0000086E
FFFFFCC7
FFFFFEFB
FFFFFAA6
FFFFFDE6
0000084C
0000002B
0000009B
FFFFFFEE
0000094B
FFFFFC04
0000082D
00000197
FFFFF947
FFFFF7EC
00000272
FFFFF9C5
FFFFF9A1
00000501
00000445
00000647
FFFFFC72
0000055D
FFFFF7B9
FFFFF8F8
00000220
FFFFFB65
000009DA
000000EF
FFFFFCAF
000006D9
FFFFF71C
FFFFF672
FFFFFCF4
FFFFFFBB
000009AB
00000C86
00000085
FFFFFBAD
00000420
FFFFFAE0
FFFFFC4B
FFFFFA3F
FFFFF867
00000858
000002E3
00000F15
0000077E
FFFFFB8D
FFFFF6A0
FFFFF9F7
0000049A
0000018F
FFFFF7A0
FFFFF820
000004D4
FFFFFF82
0000074F
FFFFF384
FFFFFB58
00000034
FFFFFB3B
FFFFFE9D
000005A2
FFFFFEC2
00000769
0000096F
00000057
000003F4
00000174
00000D6F
FFFFF727
FFFFF68A
FFFFFED7
00000179
FFFFFA75
FFFFF38F
0000013C
FFFFFF95
00000741
FFFFFB10
FFFFFA09
0000002A
FFFFF6B8
FFFFF636
00000679
000002FF
000003DF
00000593
FFFFF828
FFFFF938
FFFFFE90
00000279
FFFFF7FB
00000454
FFFFFA1A
FFFFF625
FFFFFA5A
FFFFFA72
FFFFF0B0
000002A1
00000096
000002DD
FFFFF934
00000603
FFFFF59C
FFFFF362
FFFFFEC6
00000738
00000158
00000468
FFFFFEC9
FFFFF40E
00000401
000007FB
00000864
FFFFF924
FFFFFC37
FFFFFACC
FFFFF819
FFFFF035
FFFFEF67
FFFFFA6D
0000052D
FFFFFD9B
FFFFF873
FFFFFDB9
000003E6
00000039
FFFFFC04
FFFFFF60
FFFFFC08
FFFFF717
00000130
FFFFFAE4
FFFFF354
00000743
FFFFFC40
00000602
00000008
FFFFEFEC
FFFFFB67
FFFFFFF8
FFFFF9EC
FFFFF677
000003EB
00000539
FFFFF395
FFFFFB21
00000979
000006B8
000001E9
FFFFFF1E
0000005D
FFFFF2C1
FFFFF723
000004D2
00000096
FFFFF87F
FFFFF485
00000291
00000491
FFFFFC95
FFFFFF17
FFFFFE89
00000858
000001B6
FFFFFE7F
FFFFF35B
FFFFF662
FFFFFF44
FFFFFFC3
FFFFF3DF
FFFFFF68
FFFFF40D
00000066
00000C03
00000990
FFFFF388
FFFFF89D
FFFFF0D2
FFFFF63D
FFFFFC7F
FFFFF886
FFFFF7DE
FFFFFEF7
FFFFFFD4
00000892
000001C0
FFFFFB88
000007E3
FFFFF9C9
FFFFFF1B
00000445
00000A20
000009D2
00000C5A
00001066
00000599
FFFFFDA6
00000228
FFFFFB8F
000000B7
FFFFFADA
00000873
FFFFF236
000000B3
00000A53
FFFFF6AA
00000210
000007DA
FFFFFD5D
00000B58
00000BF7
FFFFFC9E
00000F8B
00000F0D
0000071F
00000471
FFFFFDD1
FFFFF9DD
FFFFFFFB
00000B3B
00000871
FFFFFAB3
0000053B
FFFFFC67
00000393
FFFFFB36
FFFFF843
FFFFF4C5
FFFFEFDD
FFFFFF1D
FFFFF671
FFFFF9A2
FFFFFD00
00000749
0000029D
FFFFFBFF
000008C6
FFFFFD0A
FFFFFB55
00000121
000006A0
00000B68
0000087A
00000579
000000E2
00000C7E
000002B7
FFFFFE09
00000180
000002FB
FFFFFC33
00000B7E
00000355
FFFFF636
00000C7E
FFFFFCC9
000008CB
FFFFFE7F
0000005A
FFFFF748
00000C78
000002B6
00000A9D
00000BE6
000001B1
0000027C
000005ED
FFFFFC7C
FFFFFB3B
00000996
000005B5
FFFFF990
0000031E
00000DE3
00001083
FFFFFB70
000001FD
FFFFFB40
FFFFFD1B
FFFFFFBB
0000003D
00000411
00000AD6
0000084E
00000582
FFFFFE8F
00000127
FFFFFF3E
FFFFFE36
FFFFF632
FFFFFDA3
FFFFFEB0
00000373
000004C9
FFFFFEB1
00000B5E
FFFFF8B1
FFFFF357
00000491
FFFFFE9B
000008B7
FFFFFDF3
00000833
FFFFFD20
FFFFFBAF
FFFFF280
FFFFF5BA
FFFFFEB7
FFFFFFE2
FFFFF9D4
00000415
00000612
0000084F
FFFFFADB
FFFFF541
00000111
0000006A
FFFFF6F6
FFFFFA6A
FFFFF960
FFFFFA20
0000077C
00000695
FFFFFFCD
FFFFFC13
000002C6
000001E4
000001B1
000007AF
00000389
FFFFF99B
00000200
FFFFF445
00000AB3
FFFFF724
FFFFF7C1
FFFFF836
FFFFF544
FFFFFEC5
00000C16
FFFFF645
FFFFFC2B
00000012
FFFFFEBE
0000003C
00000673
FFFFFE26
00000C50
FFFFF866
00000701
FFFFF388
FFFFFB6A
00000199
FFFFFACC
FFFFF4D2
FFFFFF3C
FFFFF893
00000102
FFFFFD7F
0000024F
000004DD
000002D4
FFFFFD0A
000007E1
00000787
000000A3
FFFFF015
000008C7
FFFFFE9A
0000057B
FFFFFBDB
000006D9
FFFFF68C
FFFFFA66
00000250
FFFFF8EE
FFFFF7E2
0000001D
FFFFFDF6
00000950
FFFFFFF6
00000025
FFFFFF5B
00000135
FFFFFEF7
0000067F
FFFFFC36
FFFFFBEF
FFFFFC21
000001F8
00000167
FFFFF9E1
00000C88
FFFFFCE7
000000CF
FFFFEF2C
0000019D
FFFFFC22
000010B5
0000097A
00000E92
FFFFF616
FFFFFE53
00000485
000000CE
000004CF
FFFFFC62
FFFFF534
FFFFF900
FFFFFDFA
00000649
000004F2
00000566
0000010F
FFFFFFC5
000009AC
0000021E
FFFFFA0F
00000775
00000C11
FFFFF799
FFFFF75F
00000BB6
FFFFFC57
00000AF1
FFFFFA5D
000008E7
FFFFFFEF
FFFFF796
000004CD
00000E8F
00000257
FFFFF450
FFFFFC18
000004B6
0000052B
00000732
FFFFFDE1
000007F9
00000276
00000031
FFFFF275
FFFFF7AD
FFFFF92B
00000A5E
FFFFFFB0
00000172
00000955
FFFFFCCB
FFFFFD91
00000027
FFFFFCFC
FFFFFB86
00000885
FFFFF629
000003D1
0000059F
FFFFFCBD
FFFFF83D
0000050F
0000002C
FFFFF223
FFFFFEC7
FFFFF4DB
FFFFFB15
00000600
0000065B
0000044C
FFFFFEAA
00000C96
00000CBC
00000E1C
00000786
FFFFFE40
FFFFFD64
000007A9
00000143
FFFFFCFF
FFFFFB9F
000003FE
FFFFFB62
FFFFF823
000007B9
000002B1
FFFFFEC4
FFFFF8E6
FFFFFAAC
00000248
00000BBB
0000062C
000008B8
FFFFF879
FFFFFBD3
FFFFF728
FFFFFB98
000002D5
FFFFFB2A
000008B5
FFFFFBE3
00000AAC
000006EC
000007A5
000004B0
00000001
000003A3
00000A70
FFFFFF86
0000009A
00000341
FFFFFDA5
FFFFF0E3
FFFFFB0F
0000052D
00000A04
FFFFFDF8
FFFFF2DD
FFFFF3F8
00000114
0000062F
00000636
FFFFF812
0000035D
FFFFF5D2
FFFFF7B3
000007D3
00000BA6
0000021A
FFFFF9AA
000004E2
00000486
00000219
FFFFEBB8
FFFFFC84
00000450
000003E0
000004F5
00000050
FFFFFD9A
00000420
FFFFFCF8
00000B75
000003EF
0000055C
FFFFF743
00000560
0000055C
00000738
FFFFFFC4
FFFFF156
000006B3
FFFFF4AB
00000D40
00000F08
000004E4
00000552
FFFFF80E
000000B9
00000796
FFFFFD33
FFFFFE12
FFFFFD50
00000967
00000BBE
FFFFF724
0000058E
FFFFFA6C
000002FB
00000365
FFFFF948
FFFFFAA4
00000CFA
FFFFFF70
FFFFFCA0
00000308
FFFFFA3C
00000778
FFFFF149
000004BE
FFFFF9B0
000004FB
FFFFFE6A
00000B41
FFFFF546
FFFFF8A4
FFFFFCC4
00000344
000005F0
FFFFFCBF
FFFFFCAF
FFFFF664
00000A92
0000041A
FFFFF9AF
000005A2
000000A1
00000087
00000067
0000018B
FFFFFB29
FFFFFCB4
FFFFF793
000006B4
FFFFFC42
FFFFFD4F
FFFFFAE4
FFFFFD92
00000AD2
00000C27
00000490
FFFFFEEF
FFFFF7D9
FFFFFE3B
00000519
FFFFF80B
FFFFF978
00000514
FFFFF92F
FFFFF4B9
0000066C
0000039D
FFFFF852
FFFFF3D8
0000011D
FFFFFB8A
FFFFFB7E
00000245
FFFFFF5F
FFFFF546
FFFFF914
FFFFFD4D
FFFFFD37
FFFFFED3
FFFFFD13
00000432
FFFFFDAB
FFFFFFDA
000003D5
FFFFF73B
0000064A
00000959
00000935
FFFFF736
FFFFFB37
0000049D
000000E9
FFFFFD4A
0000070E
FFFFFED2
0000029B
FFFFFFA8
FFFFF7FF
FFFFF3F7
00000001
FFFFF8C4
FFFFFCD2
FFFFFF41
0000023B
000006C5
000006E2
00000352
FFFFF04E
FFFFFA0A
00000A01
FFFFF737
00000BC4
FFFFF8C9
00000B55
FFFFFC79
FFFFF89C
00000E16
000007A8
0000069C
000000A1
00000281
FFFFF900
FFFFFB8A
FFFFF736
FFFFF975
0000020F
0000001B
FFFFF323
00000507
00000244
FFFFF821
FFFFF8F4
00000532
FFFFF941
0000095F
FFFFFB18
0000059F
FFFFF175
FFFFFF77
FFFFF6D9
0000015B
00000893
00000541
FFFFFB58
FFFFF17D
FFFFFE21
000002A6
00000404
FFFFF3E0
00000155
FFFFF90B
000005FD
000005DC
00000907
FFFFF156
00000309
00000342
0000075B
FFFFF658
000001BE
FFFFFB5D
00000D3D
0000053E
0000049C
FFFFFA96
FFFFF6B5
00000893
00000582
FFFFF9B0
00000572
FFFFF15D
FFFFF97E
FFFFFE57
00000C9D
FFFFFCA8
FFFFFAA3
00000029
0000064A
00000610
00000B2D
000005EC
FFFFFC18
FFFFF517
FFFFFB30
FFFFF9F8
FFFFFEA4
FFFFFA10
0000039A
0000005B
00000E39
00000836
FFFFF1F5
FFFFF769
00000906
00001192
000000FA
0000037E
FFFFF7CE
00000198
00000646
0000015A
FFFFF4D1
00000870
0000077D
0000029A
FFFFF53D
FFFFF192
000004B3
FFFFF336
FFFFFF06
0000041C
FFFFF9CA
FFFFF51E
00000892
FFFFF4A7
FFFFFD95
000009EB
FFFFFD5D
FFFFF453
000005DC
FFFFFC95
FFFFF875
00000436
FFFFF290
FFFFF9C6
00000320
FFFFFA66
00000027
0000064D
FFFFF07E
FFFFF92D
000004AB
000000D3
0000027E
00000923
FFFFFF5A
FFFFFEB9
00000881
FFFFF62B
FFFFFD9F
00000A9E
000008C6
00000575
FFFFF991
FFFFF676
FFFFFD01
FFFFF73A
FFFFFA14
FFFFF952
FFFFF613
00000BD0
00000E5E
00000082
FFFFFCD5
FFFFFAE2
FFFFF4C8
00000980
0000001E
00000998
FFFFFC6D
FFFFFFD5
FFFFF877
00000AC3
00000776
00000548
0000072D
FFFFFD5B
0000070A
FFFFFF85
00000E54
FFFFFB36
FFFFF80A
FFFFF055
FFFFF554
FFFFF464
FFFFF0D1
FFFFFAE4
FFFFF2C8
FFFFFB06
FFFFFF14
FFFFFD21
00000685
00000ACD
000003D0
FFFFFD1F
00000685
000004D2
00000C27
00000AF7
00000237
000001D7
FFFFFC96
FFFFFEFA
FFFFFC29
00000329
00000DB5
000003B1
00000988
000007A1
0000034A
FFFFFB43
FFFFFAE4
FFFFF696
0000007E
FFFFFE6E
FFFFFB88
000003B3
00000508
00000434
00000350
0000000E
00000B3E
000007BA
FFFFF7BB
FFFFF577
000005BE
FFFFF8A1
FFFFFCE1
FFFFF82C
FFFFFD7A
000002E3
FFFFFC93
FFFFF816
FFFFFE6C
0000062E
FFFFF4E4
FFFFFD68
FFFFFCD6
FFFFF588
0000078B
00000696
00000139
FFFFF446
FFFFF9DF
0000077B
000005FC
FFFFFE40
000001CD
00000B55
00000CF9
000008D5
00000F83
00000853
FFFFFC4E
FFFFFCF9
FFFFFDB2
00000C32
FFFFFC5D
00000064
000005EF
FFFFF6A4
00000176
000005FF
00000B54
00000010
00000AA7
0000025E
FFFFF763
00000865
0000009F
0000004C
00000266
00000CBC
00000162
FFFFFDFE
00000EEC
0000095D
0000068F
FFFFFEC9
0000012B
00000608
FFFFFC40
FFFFF854
00000701
FFFFFDA5
FFFFFC13
FFFFFEAE
FFFFFD2D
FFFFFC4F
FFFFFC24
FFFFFECE
FFFFF78A
FFFFFADD
FFFFFA8E
000002F3
000000BD
00000497
0000018E
000007B8
000006FB
0000068E
000003DE
FFFFFF36
0000046F
FFFFFF7D
FFFFF926
FFFFFBFD
FFFFFFC1
FFFFFB6E
FFFFFC34
0000036D
FFFFF79F
FFFFFD53
0000024A
FFFFFC0D
FFFFFAC0
000001FC
FFFFFDBE
FFFFFDA1
000003AD
FFFFFC9A
000002DD
FFFFF6B8
00000033
00000933
00000265
FFFFFACB
FFFFF8DC
FFFFFB6D
FFFFFDF5
00000137
FFFFF8FD
FFFFFEC0
0000033A
00000276
FFFFF645
FFFFFBE1
FFFFFB73
FFFFF22A
FFFFFA37
FFFFFF48
FFFFF905
FFFFF8C6
FFFFF9E1
FFFFFE8E
0000059C
00000506
00000385
FFFFFF5F
000006C6
FFFFFEED
00000BF2
0000029C
FFFFF9EB
FFFFFA12
FFFFFAF1
FFFFF9EB
FFFFF241
0000032E
FFFFFA5B
FFFFF80C
0000012C
FFFFF89E
000001F5
00000062
FFFFFE15
FFFFFC7D
FFFFF83B
FFFFF544
FFFFF7BC
FFFFFCF2
0000042C
00000229
FFFFF94F
FFFFFEA8
0000030D
FFFFF767
FFFFF8D1
FFFFFB73
FFFFF47F
FFFFFE27
FFFFF6DA
FFFFF8A1
00000062
000003C1
FFFFF7CB
FFFFF415
FFFFFB64
0000026C
000005B4
FFFFFE22
000006DD
00000363
000006B3
FFFFFAF8
00000197
000005A5
000002E9
FFFFF962
000001B6
FFFFF4FB
000006AD
00000220
00000199
FFFFF111
FFFFF7BE
FFFFF9B6
FFFFF8EC
00000483
000001BC
000001AC
00000BF6
00000932
FFFFFFAB
FFFFF6F0
000005EE
000009B1
FFFFF614
00000A00
FFFFFA04
000007B2
000005E6
FFFFF80B
FFFFF89C
00000288
00000507
FFFFFE6C
FFFFF5E2
000001FC
00000557
FFFFF704
FFFFF7AF
FFFFFA5D
FFFFFE7A
FFFFFA23
FFFFF3A4
FFFFFF1E
000003C8
FFFFF836
0000012D
FFFFF7DD
000004CC
00000333
FFFFFD59
FFFFF5F4
00000621
FFFFFC88
FFFFECAC
00000410
00000351
000002B7
00000653
000004E7
FFFFFCDD
FFFFFEAC
0000073E
FFFFFC95
000004D2
00000523
FFFFFA5A
FFFFFCB2
00000865
FFFFFC39
00000800
000004AB
00000504
FFFFFB1B
000000A2
FFFFFEC8
00000008
000002DB
FFFFFDCF
00000A1F
FFFFFCA4
00000411
00000200
00000276
000001E6
00000374
0000087F
000003A0
FFFFF918
0000021A
FFFFFAD1
00000039
00000020
FFFFFE69
FFFFF295
00000055
FFFFFA60
FFFFF2E0
000002D7
FFFFF93B
FFFFF400
FFFFF6C5
00000256
000004B9
FFFFFDBE
00000405
0000050A
FFFFF746
0000063F
FFFFFED8
00000248
FFFFF388
00000108
FFFFFF6C
00000386
00000669
00000446
00000115
FFFFF9A2
FFFFFA12
FFFFF989
00000865
00000D32
00000910
000002E5
00000317
FFFFFADE
FFFFFE16
000002B1
FFFFFAB6
0000085D
00000973
FFFFFE67
FFFFF8FB
FFFFFA1D
0000052B
FFFFFAF1
00000757
FFFFF7E9
FFFFFBF2
FFFFFB4A
FFFFFC0C
0000012B
FFFFF402
0000082B
FFFFFCF9
FFFFF4B4
FFFFFDD6
FFFFFBF2
0000086D
0000039F
FFFFFD4E
000003D5
000008A7
00000072
FFFFF967
00000254
000004C3
0000031F
000008A3
00000652
0000046E
000009C6
00000CBA
00000737
0000053B
00000080
00000045
00000868
FFFFF5CC
FFFFF9E6
00000436
FFFFFAEF
FFFFF360
FFFFF9A3
000008B9
00000B42
00000C9A
000002ED
00000390
0000066A
00000AD7
00000A59
000000CF
000008BC
000005C9
00000297
0000044B
FFFFFC0E
00000220
000007E1
FFFFF717
FFFFFC22
FFFFFDC7
0000005F
00000460
00000A81
00000128
FFFFF9D9
000002A4
FFFFF51D
00000753
FFFFFCAD
FFFFF7B2
FFFFF653
000002C7
FFFFF766
FFFFFDF5
0000004D
FFFFF898
FFFFF7D0
00000D30
FFFFF8A7
FFFFFAD7
FFFFFD41
00000176
00000804
00000892
FFFFF731
FFFFFBED
FFFFFE71
FFFFF9AF
FFFFFDFB
FFFFF333
FFFFF81D
0000041C
FFFFF25B
FFFFFBFF
FFFFFB07
0000070C
FFFFF623
000004A3
00000648
000004D9
FFFFFB1B
00000A85
FFFFFD4F
FFFFFC29
FFFFF970
FFFFFB45
FFFFF5C9
0000058C
000005D5
FFFFFC6C
FFFFFA4C
FFFFF28C
FFFFFAE6
00000EDE
000001B9
000002D1
00000A0E
000009E7
FFFFFF27
FFFFFEE6
00000690
FFFFFAF9
000005A4
00000C5B
00000378
FFFFFB7C
000001D8
00000016
FFFFF5C8
FFFFFBE3
FFFFFCDA
00000732
00000393
FFFFFEF6
000009FC
FFFFF5F6
0000053D
0000040E
00000553
0000075A
FFFFF7A8
FFFFFF25
FFFFF8A3
FFFFFDE1
0000045D
00000299
FFFFF10B
FFFFF2F8
FFFFFFF0
FFFFF9D0
FFFFF633
00000590
00001382
FFFFFEF4
FFFFF43F
000000E9
FFFFF813
0000026C
FFFFF9BA
0000080B
FFFFFB63
FFFFFAFD
000004EC
FFFFFD66
0000050B
000004C8
000006FB
FFFFFD0B
000001AE
00000269
0000086F
FFFFF781
0000069F
FFFFFF7B
FFFFFE9C
00000073
000000A2
0000040A
000004F5
FFFFFE14
FFFFFE84
FFFFFB82
FFFFFDA0
00000B42
FFFFFF98
0000009A
FFFFFCBD
000001B5
000008D3
0000037D
00000580
FFFFFEE7
FFFFF467
000001AB
FFFFFF71
FFFFFE46
000009C3
FFFFF61E
00000887
000006BB
FFFFF766
FFFFF8EE
00000866
00000460
000008DD
FFFFFE3A
00000486
FFFFF5A1
FFFFF2E6
FFFFFD96
00000569
0000013A
FFFFFE05
FFFFFFD9
000004A0
0000059A
FFFFFCED
0000022C
FFFFF381
00000428
FFFFF59E
000008E4
00001359
000010B2
000008F3
FFFFFB7E
000006B6
00000585
0000032D
000006AC
00000837
000007C1
00000303
FFFFFE1C
00000475
000006CC
00000B0C
00000838
000005B8
