FFFFF93E
000001DC
FFFFFC54
0000049C
FFFFFF44
00000464
FFFFF9F3
FFFFFD8B
000003E0
FFFFF843
000002AA
FFFFF855
FFFFFC49
0000018D
FFFFFD52
FFFFF7F5
0000006D
FFFFFC56
FFFFFD81
FFFFFEF8
000000C9
000000B3
00000540
FFFFFF5E
FFFFFFA6
FFFFFE9B
FFFFFA0E
FFFFFDD5
FFFFF826
FFFFFF50
FFFFFCED
FFFFFE69
FFFFFAEB
0000037B
FFFFFC5C
FFFFF890
FFFFF6B0
0000010E
FFFFFFB0
000002C2
FFFFFDBA
00000093
FFFFFBD4
FFFFF860
FFFFFF16
00000323
00000517
FFFFFD62
FFFFFC3D
FFFFFC0F
00000177
00000402
FFFFFF04
00000436
FFFFF835
00000265
FFFFF813
FFFFFF67
FFFFF81F
FFFFF841
FFFFFDDD
FFFFFF8F
FFFFF8BD
0000036A
0000037A
00000203
FFFFFD9F
FFFFFCCF
00000177
FFFFFD17
FFFFFA60
0000032B
0000015F
0000019D
FFFFF931
0000024F
0000011F
FFFFF95E
FFFFFD9E
000003C3
FFFFFE33
FFFFFEE1
000000BB
FFFFFC8E
FFFFFE56
FFFFFD2A
FFFFF8C0
FFFFFE78
FFFFFFBC
FFFFFD34
FFFFF8E1
000004B1
FFFFF82B
FFFFFD46
000004B1
FFFFFB46
FFFFF8B6
0000059F
0000003E
FFFFF9CB
FFFFF9B9
00000377
FFFFFD60
FFFFFCB8
FFFFFF6D
FFFFF987
FFFFFBE6
FFFFFCFF
000003C3
000002D0
FFFFFC87
FFFFFD4C
FFFFFDC7
00000231
FFFFFF38
00000058
0000010E
0000056D
FFFFFD03
FFFFFE97
FFFFFA4D
FFFFFC0B
FFFFF9C4
FFFFFCA1
FFFFFECD
FFFFFEDC
FFFFFF5A
FFFFFCBA
00000006
FFFFFC5B
FFFFFA30
FFFFFADF
0000013D
00000169
0000033D
00000299
00000200
FFFFFC0A
FFFFFA45
FFFFFD8D
FFFFFFB6
FFFFFF7C
FFFFFC67
0000019D
000001F8
FFFFFFDE
0000063D
FFFFFCCC
00000432
000001B2
0000085A
FFFFFA8D
000006D5
FFFFF908
FFFFFDAB
FFFFFB0E
00000205
FFFFFEBB
00000195
FFFFFB15
FFFFFD1D
FFFFFDF2
FFFFFEB7
FFFFFBE0
000003DF
FFFFFBE3
FFFFFF8C
FFFFFD27
FFFFFDB4
FFFFFB6C
FFFFFD06
FFFFFBBE
FFFFFCBA
FFFFFADE
FFFFF959
000001B6
FFFFFF31
FFFFFFAE
00000323
FFFFFF0B
000005D1
FFFFFF37
FFFFF8E7
0000044E
000007CC
FFFFFD97
FFFFFB91
FFFFFE7A
FFFFF7F0
FFFFFDB3
0000003D
FFFFFE54
00000090
00000165
000004B7
FFFFFEBE
00000231
00000523
FFFFFE3D
000003F9
FFFFF614
FFFFFFDE
000003C4
FFFFFD2D
000003B2
0000021A
FFFFFBF6
FFFFF99B
FFFFFA58
FFFFFB90
0000038E
000000FF
FFFFFF99
FFFFF7B5
FFFFFF3A
000001D9
FFFFFC57
000002F1
FFFFFCD7
00000215
00000475
FFFFF67C
FFFFFD4F
000002E9
FFFFF560
000003ED
FFFFF8A4
FFFFF7C9
000004D6
00000061
FFFFF5B6
FFFFFF8B
000000E3
0000016B
FFFFFA76
0000037B
FFFFFBF1
000000D4
00000260
FFFFFB9F
000003F3
00000010
00000140
000007B4
0000041D
FFFFFFF0
00000148
FFFFFD0D
000003B9
FFFFFD73
0000011B
00000136
0000052F
00000142
0000050B
FFFFFB57
FFFFF911
FFFFFB19
FFFFFF39
FFFFFA63
FFFFFD65
FFFFFDDD
000000AE
0000029A
00000387
FFFFFC2D
FFFFFCA9
FFFFFDDD
FFFFF8F0
FFFFFB96
0000037B
FFFFFFFE
FFFFFC33
000004DF
FFFFF82F
FFFFF65B
00000184
FFFFFAD9
FFFFFB1C
0000020E
FFFFFB88
0000028B
0000044C
FFFFFFA5
FFFFFC3A
000007BF
000005F6
FFFFFA75
FFFFFD03
00000063
000000E3
000007F1
FFFFFA39
0000031D
000006F6
FFFFFBA1
00000260
FFFFF9EE
000005B9
000001D9
FFFFFABA
0000042F
FFFFFA7F
FFFFFDC6
000000E5
00000216
0000015C
000002B5
FFFFFF84
00000754
000003D4
00000561
00000247
0000073B
FFFFFC71
FFFFFF5B
000001D6
FFFFFADB
0000035F
FFFFF9C0
FFFFFD91
FFFFFCFB
FFFFF771
000001FE
FFFFFE0A
FFFFFE78
FFFFFF14
FFFFFBF2
FFFFFC38
0000047D
00000098
FFFFFD37
00000341
000004E7
FFFFFDE2
FFFFFF0A
000000B2
FFFFF9EA
FFFFFA57
FFFFFD3F
FFFFF640
0000015F
FFFFFF92
FFFFFAEF
FFFFF956
000004F9
FFFFFFFD
000000CB
FFFFFC79
00000272
FFFFFF62
FFFFFE5E
FFFFFEBA
FFFFFA0C
00000403
0000032A
000003AD
FFFFFDB5
00000250
FFFFFC14
000001AA
FFFFFA9F
FFFFFC37
00000572
000000F4
000003DC
FFFFFD56
FFFFFCDB
FFFFFCAF
FFFFFEC3
FFFFF95C
FFFFF76C
000002E6
FFFFFDE0
00000048
FFFFFB6D
0000014F
FFFFFB6A
0000034B
FFFFFB90
FFFFFF14
FFFFFEE6
0000003C
00000121
0000051C
0000021C
0000044E
00000049
FFFFFFB5
00000364
0000015A
FFFFFCB0
000001F5
0000016C
FFFFF913
FFFFFA57
000001E3
FFFFFBAF
000007A5
00000247
000003F3
000004C7
FFFFFE1C
000000E4
00000256
00000217
000004F5
000005D1
00000063
000005C7
FFFFFCD3
000003F6
00000470
FFFFFC5E
000001D5
000004DA
000001B1
FFFFF79B
FFFFFCE3
FFFFFD9A
FFFFF695
000002EB
0000041D
FFFFFDA2
00000031
000000A2
FFFFF849
FFFFFD1F
000004E7
00000354
FFFFFFF1
FFFFFA69
FFFFFAD4
FFFFFD3D
0000006F
FFFFFE5C
FFFFFF24
FFFFFEDA
000000A8
FFFFFF61
FFFFFC59
FFFFFF3C
FFFFF8B2
FFFFFA06
000003A2
FFFFFCBA
FFFFFB4A
FFFFF9B4
FFFFFE66
FFFFF690
FFFFFC26
FFFFFAE7
00000125
FFFFFFDB
000000A7
000003CA
000003D2
FFFFF9EB
FFFFFA64
FFFFFC0E
FFFFFC1E
00000160
FFFFF6FC
FFFFFDD0
FFFFFE01
00000000
000001BE
FFFFFEBB
FFFFFE22
00000187
000001C0
000003B5
FFFFF9F5
FFFFF4C4
00000249
000001E5
FFFFF6A4
FFFFF9C0
FFFFFB4F
FFFFFB8F
FFFFFA83
FFFFF7AE
000000D2
0000031E
000003CA
FFFFFA2D
000007FB
FFFFFE49
000001CD
0000027B
FFFFFF90
FFFFFFA1
00000304
000001CD
FFFFFECF
FFFFFB50
FFFFFA8E
FFFFFEE9
FFFFF9EE
FFFFFC5C
0000027F
0000015E
FFFFFD0E
FFFFF742
FFFFF983
000001F4
FFFFFC53
FFFFFA7E
FFFFFEE8
0000042A
FFFFFF0E
00000521
FFFFFD01
FFFFFF1B
00000037
00000290
00000615
00000460
00000609
0000026B
00000220
000001C4
FFFFF702
FFFFFA52
000006B3
FFFFFFA7
000006CF
0000047A
0000025B
00000460
FFFFFDB9
000002B0
FFFFFBC5
0000014F
000005C9
000000C0
FFFFFB07
FFFFFFFA
000007BF
FFFFFE53
00000138
00000254
FFFFFE42
00000028
000004D3
FFFFFE51
FFFFF901
000004C9
000004A1
FFFFFEA0
FFFFFDE2
00000097
000000B2
FFFFFEA8
FFFFFD4A
FFFFFD9B
FFFFFC93
FFFFF8AA
00000202
FFFFF803
FFFFFD98
000002C8
00000094
000000A0
0000013A
FFFFFF92
0000020D
000003B9
00000025
FFFFFDC6
000007EC
0000015C
0000029E
00000246
FFFFFCA0
00000464
FFFFF4C0
FFFFFE74
00000252
FFFFFE1A
FFFFFB20
FFFFFAD8
FFFFF7DD
0000061B
0000011E
FFFFF410
FFFFF601
00000044
FFFFF6A6
FFFFFC04
FFFFFB6F
000004C9
FFFFFB41
000006FC
FFFFF2BC
00000E8B
00000390
00000663
00000341
000006E1
000007A8
FFFFFED8
FFFFFF61
FFFFFE23
0000012B
00000080
00000358
0000085C
FFFFFC04
FFFFFF37
00000886
FFFFFBF8
00000893
FFFFF77E
FFFFFFE8
FFFFFED6
000007F5
00000011
000009BA
FFFFFA52
000002D6
FFFFF74C
0000063B
000000FB
00000558
000002D7
000002CE
FFFFF930
FFFFFC46
000004F8
FFFFF4BF
00000142
00000A8F
FFFFFD43
FFFFF070
FFFFF421
FFFFFA40
000002CF
000000A0
FFFFFEEE
0000058A
00000257
00000717
FFFFF9BA
000003EF
0000022B
FFFFF5F8
000002DF
FFFFFBD5
00000CDC
00000688
FFFFF47E
000000E4
00000D71
FFFFFFCD
FFFFF34D
0000043A
FFFFFD0B
FFFFF89C
FFFFFD84
FFFFFA56
00000B6C
FFFFFEC3
FFFFF17E
0000095D
00000EDB
00000079
FFFFFD55
000007B6
FFFFF9D8
00000654
FFFFFD17
0000059D
FFFFF611
00000919
FFFFFE38
000003ED
000003A4
00000242
000003AD
FFFFFB0F
FFFFF91A
FFFFED5E
00000727
00000D75
00000970
00000CE5
000001B5
00000571
000003A5
0000044D
0000013D
000006E7
FFFFFCE8
0000078D
FFFFFB8E
000007BC
000001DC
FFFFF995
000003BD
FFFFF85F
FFFFF5A8
00000633
FFFFFA8C
0000042A
FFFFF8D9
0000067A
0000083F
FFFFF9DD
FFFFFC5C
FFFFFBF9
FFFFFBE7
FFFFF78A
00000699
000008CB
000001EC
000000D2
00000221
FFFFFDC5
FFFFFCE1
00000BF4
FFFFFD54
00000486
FFFFFB67
00000880
FFFFF9E6
000002F4
00000AA1
FFFFF9F4
000007B6
0000063D
FFFFFF85
00000647
00000148
FFFFFF30
FFFFFBC4
FFFFF6D7
FFFFF7C6
FFFFFDBA
00000289
FFFFF681
000003F6
FFFFF5F9
000006E7
00000C3D
FFFFFDFA
FFFFFC57
FFFFFCBB
FFFFFC32
0000050A
00000145
FFFFF1FD
00000593
FFFFFB5D
FFFFF9C4
FFFFFB0C
FFFFF378
000003B4
00000DF7
00000053
FFFFF482
0000091E
FFFFFE27
FFFFFD98
00000C61
00000B83
0000069A
0000149C
00000817
0000145F
000004B2
00000643
FFFFFDF1
000004F5
000001B6
00000818
00000A20
FFFFF54D
00000612
00000D74
FFFFF19B
FFFFFC9A
0000025B
0000065E
FFFFFD52
000005D4
FFFFFE03
FFFFF72A
FFFFFBAF
0000081E
FFFFF481
00000B40
FFFFFB6E
FFFFF766
000009DF
FFFFF6C8
FFFFF52C
00000A41
FFFFEE54
FFFFFB75
FFFFFF98
00000674
00001384
000010A4
FFFFF6D8
000009B1
00000EB7
FFFFF648
FFFFFBAD
0000038D
0000039B
FFFFFA9A
00000D9C
00000483
FFFFFAC9
000006CA
FFFFFBB7
FFFFFDC8
0000012B
FFFFF99D
00000C07
00000960
00000228
000005FF
000002B1
FFFFFD46
FFFFFC12
000012CC
00000675
00000B8B
000002F1
000006BC
00000259
00000C2E
FFFFF562
FFFFF60D
000005D6
FFFFFA8B
FFFFF921
FFFFF54D
0000052F
000006CF
00000199
FFFFF847
FFFFF76E
FFFFF84B
FFFFF79D
0000060A
00000A9E
0000020C
00000AA1
00000B85
000006B4
00000604
0000043E
FFFFF901
00000E73
000006A0
00000CDF
000007FA
00000BA2
FFFFFAB3
000008BD
00000011
000000E4
FFFFFB0A
FFFFF755
000008B3
00000684
0000049E
FFFFEFD9
000003EB
00000364
00000AC4
FFFFFA92
000004C9
FFFFF74E
FFFFF442
FFFFFCB2
00000557
FFFFF9C1
00000101
FFFFF126
FFFFF973
0000040D
FFFFFD89
00000286
0000074F
FFFFFC28
0000041B
00000D00
FFFFFBD5
00000293
FFFFF4FD
00000197
00000553
FFFFFE85
FFFFF9D2
FFFFFF58
FFFFF681
00000907
00000EA3
000003C0
FFFFFF2C
00000063
00000D13
000009C3
000004AA
000001A7
FFFFFE2F
00000A1D
00000155
FFFFFBEC
000009C9
FFFFFA47
0000020C
000011FF
0000028C
000006D0
00000CE8
0000025C
FFFFF968
FFFFF3BA
00000B61
00000971
0000034D
FFFFFDB0
00000E68
00000324
000008CA
FFFFF495
FFFFF557
00000758
FFFFFDA3
FFFFF987
FFFFFE04
FFFFFB0A
000005FF
00000BE6
FFFFF623
FFFFF47B
00000009
FFFFFD28
0000050A
FFFFFE89
00000319
0000006A
00000443
FFFFF38D
00000925
00000110
000002CC
FFFFF5E4
000005B4
000007C2
00000023
00000DB7
000001DC
FFFFFEA0
FFFFF9B4
FFFFFD4D
00000F3E
0000006E
FFFFFCED
FFFFF978
00000D50
FFFFF73D
0000063D
00000AE7
FFFFFAD5
00000664
FFFFF7A0
FFFFF25F
000006EE
FFFFFC41
FFFFFE08
0000028B
00000D77
FFFFF7A4
000001C2
FFFFFF28
FFFFF821
FFFFF9AA
FFFFF1F9
0000002F
FFFFF869
00000998
FFFFFD38
FFFFF299
00000707
FFFFFAD0
0000016D
FFFFFF68
FFFFFDF6
FFFFF941
00000671
0000111C
FFFFF26E
000008D3
00000791
00000419
FFFFF1F8
FFFFFAE5
FFFFFC2D
00000116
FFFFFC1F
00000975
FFFFFD0F
FFFFFEA7
FFFFFDB4
FFFFEDE6
000006B9
00000346
FFFFF67E
0000054F
00000970
FFFFFC8A
FFFFFE5B
00000265
000000EE
FFFFFA8F
FFFFFD1F
000008DA
FFFFF86D
00000C36
000005E8
FFFFFA51
0000085B
0000100E
FFFFF47E
FFFFF60A
FFFFFF86
FFFFF6CF
FFFFFC6A
FFFFFBC4
00000F66
0000073A
00000A4B
000004D2
00000122
000006D0
0000009F
00000783
000007EC
00001146
0000111E
000008DA
FFFFF1E5
00000209
00000D2C
00000630
00000856
00000635
FFFFFCAA
0000114F
000008BA
000002E0
000006CC
FFFFFB18
000008A3
00000038
000005CA
00000AF5
00000A29
FFFFFDBC
000009B8
FFFFFBC7
00000B02
00000571
FFFFFCA0
000001D3
FFFFF81A
FFFFF6F4
00000228
FFFFFD6A
00000892
00000201
FFFFFA78
FFFFF6C0
FFFFFA1B
0000016F
FFFFF97D
00000267
00000232
FFFFFD9F
FFFFF154
FFFFFAD2
FFFFFB9D
FFFFF901
000004F6
FFFFFD07
00000427
FFFFFB80
FFFFF90F
FFFFFF23
0000062D
00000815
00000879
FFFFFEEA
FFFFF6A0
FFFFFAA1
FFFFFD9A
FFFFFD3C
000003DC
00000F0D
0000096B
FFFFFCF9
FFFFF4BF
00000184
FFFFFD33
FFFFF4FB
FFFFFA21
00000636
FFFFFE01
FFFFFB0C
0000024D
0000034B
00000C2B
FFFFFFD5
FFFFFD8C
FFFFFAE0
00000848
FFFFFFE7
00000285
000009BA
0000000C
0000021F
FFFFF61C
FFFFF1A4
00000689
000000BC
000007FB
00000511
0000045D
00000678
000003EC
00000BEF
FFFFEB98
000002AD
FFFFF6FD
FFFFF3E2
FFFFF0E0
FFFFFEC8
FFFFF54B
FFFFFF2E
FFFFFB6A
000000D4
000000EB
FFFFFE9F
FFFFF2B5
000005F0
000009A8
FFFFFE5A
FFFFFF69
00000A4F
FFFFFAEA
FFFFFE96
FFFFF48C
FFFFFEF8
0000083E
FFFFFCA4
FFFFFCE6
000009D6
FFFFFCD9
FFFFFC54
FFFFFE16
FFFFFEFC
0000078E
FFFFF91E
FFFFFF8E
000002AE
0000078C
FFFFFF35
000007CB
FFFFFE19
FFFFFD5B
FFFFF98A
FFFFF684
FFFFFEE3
FFFFF72D
FFFFFDA5
FFFFFC1C
FFFFF878
FFFFFEE1
FFFFFFE4
FFFFFE18
FFFFFC36
FFFFFF62
FFFFFFC4
FFFFFD48
FFFFFFC6
FFFFF6DC
00000115
000001FD
000000F8
000001A9
FFFFFE42
0000072F
FFFFFC34
FFFFFD90
00000AD9
00000B54
00000A64
FFFFFE23
000002D7
00000515
FFFFFE9F
000000B8
00000970
00000456
00000375
00000344
FFFFF95F
FFFFF7D5
00000691
FFFFF331
FFFFF25F
FFFFFDA8
FFFFFAA2
FFFFFB41
FFFFF515
FFFFF92D
FFFFF89F
FFFFF272
00000335
FFFFF8C7
FFFFFB5F
FFFFFEC9
000009A0
0000002E
00000071
FFFFFE37
FFFFFF9D
FFFFF9BD
FFFFFDA9
FFFFF78D
000000C5
FFFFEEB3
FFFFFA0E
0000065E
000001A2
FFFFFCC8
00000BBE
FFFFFE24
FFFFF94A
000000BB
00000705
00000509
FFFFFCA2
00000403
FFFFFF40
FFFFFE65
0000082D
00000209
00000A31
0000006B
000005BF
0000039F
FFFFFA65
00000263
0000097E
FFFFFCD0
0000076A
00000264
00000A7D
0000072F
00000495
FFFFF8B8
FFFFFC67
FFFFFAAE
00000386
FFFFFDD3
000001E8
FFFFF811
FFFFF9F5
00000443
FFFFFC9B
FFFFF84A
000005D6
00000718
00000519
00000096
00000746
00000503
0000053D
0000044D
000003C0
0000037C
000004D5
00001176
0000015E
FFFFFC2D
000001BB
000004A4
000008FA
00000BAB
FFFFFFCF
FFFFFC25
00000014
FFFFF425
FFFFFDA2
000008BA
FFFFFADB
00000462
000001FD
000008EC
000000DE
FFFFFB54
FFFFFEE6
0000036B
0000089F
000003D0
00000A8F
00000B53
FFFFF6EA
FFFFFB5B
000005D7
00000686
FFFFFA3A
00000253
FFFFF3CC
FFFFFEE9
FFFFFC27
000003F4
FFFFF958
0000055B
0000068B
0000016B
0000087D
00000303
FFFFFE70
FFFFFEF3
00000627
000009A1
FFFFFF8C
00000920
00000BCA
FFFFFFD6
0000045B
FFFFFEA9
FFFFFE6C
FFFFFD35
0000115A
00000795
FFFFFE19
000001F1
FFFFFBDC
000004A7
000009D4
000005B4
FFFFFC77
FFFFFD4A
00000659
000002F7
FFFFFD5D
00000335
00000969
FFFFFAA2
FFFFFE91
00000A67
00000101
000000B4
00000868
000001EB
0000010E
00000283
FFFFF9B5
000002D9
0000011B
FFFFFAA5
00000600
000003DE
FFFFFD85
FFFFF8B7
000002C4
00000A74
FFFFFA77
000002E9
000009B1
00000AA0
00000E97
00000ABD
0000085C
000008EA
000005FF
000001F6
000003A0
FFFFF844
000003FA
0000042D
FFFFFD77
FFFFFF23
FFFFFFD5
00000CE8
FFFFFC61
FFFFF9E3
0000077C
0000085B
FFFFFDB7
0000077D
00000CD1
000004CD
FFFFFE54
0000049D
00000765
FFFFFD8C
00000B52
000002EA
FFFFF94B
0000004D
00000689
00000082
FFFFFCAC
00000676
00000485
0000061C
FFFFF63C
FFFFFC5E
FFFFF626
00000105
FFFFFFCB
FFFFF752
FFFFF8C2
0000036C
FFFFFF5B
FFFFF886
FFFFFE16
FFFFFD20
00000001
FFFFFB82
FFFFF591
0000072A
00000C53
00000377
00000453
0000003C
00000BB2
0000098C
000008DF
00000036
FFFFF56B
000001A0
FFFFF98E
00000200
FFFFFC8F
00000057
FFFFFD27
FFFFFF46
FFFFFE50
0000039E
000004B5
FFFFF943
FFFFFA3B
0000084B
0000016E
FFFFF8FE
FFFFF700
000004FE
FFFFFC0F
FFFFFFDC
FFFFF8F1
000004AF
FFFFF75F
000004DC
FFFFFD27
0000077A
00000896
00000243
FFFFFB8F
FFFFFAF5
FFFFFD2F
FFFFFE92
FFFFFEE0
000005F4
FFFFF3B3
FFFFFFF6
00000246
00000315
FFFFF87A
FFFFFBE5
0000041D
FFFFFE6F
000005E8
FFFFFDB5
FFFFF72E
FFFFFBF0
FFFFF8F1
0000042C
FFFFF8D3
0000007A
000003E7
FFFFFBF1
FFFFF649
FFFFF749
00000575
00000B3A
0000043C
00000971
00000E34
00000D94
FFFFFF30
00000032
00000547
00000BC2
00000405
00000A98
000004A8
00000C2E
00000D55
000007BF
FFFFF830
00000653
00000716
0000041E
000001EB
00000C05
000001AE
FFFFFC2A
FFFFFBED
000007EE
00000561
00000BFD
FFFFFE2B
000008BB
00000B13
00000935
FFFFFE9A
FFFFFD2C
00000A54
00000571
0000036A
00000362
0000021C
0000029F
00000A34
000003CB
FFFFF59D
0000000E
FFFFFF96
FFFFFFD3
00000C6D
00000737
FFFFF943
00000775
00000619
00000152
0000084A
0000046C
FFFFF8ED
FFFFFFEA
00000649
000008A8
00000088
FFFFF81A
FFFFF96A
000001C6
00000F3A
00000237
000001C0
0000041E
00000398
0000072C
000003F2
FFFFFB87
FFFFFF81
0000004B
00000705
00000464
000005EC
FFFFFC5B
0000030A
FFFFFD0A
0000029E
000007B5
FFFFFA92
FFFFFA9D
FFFFF43A
000002D3
FFFFFBE7
FFFFF55F
00000459
FFFFF757
FFFFF3CB
FFFFFD97
FFFFF69E
FFFFFE8C
000001CC
00000833
000000FB
00000749
FFFFFC91
FFFFFB05
000008F2
FFFFFFCB
00000346
FFFFFCFD
FFFFFE4A
00000175
000000E6
FFFFF962
FFFFFB44
FFFFF79D
FFFFFD24
0000027F
00000D86
FFFFF65C
00000670
FFFFFB4C
FFFFFDF2
0000037F
00000A68
00000A63
000003CB
00000155
00000082
00000505
000000CB
FFFFF7FE
FFFFF63C
FFFFF580
FFFFFD62
FFFFF822
FFFFFA59
00000144
FFFFFEC3
FFFFFF78
000004D9
FFFFFE46
FFFFFAD8
FFFFFF75
000002D1
00000AD7
FFFFFA15
000000A6
000006ED
00000CC1
000003F8
00000A22
00000233
000006BD
FFFFFD6A
FFFFFFF9
0000039B
00000015
000008A7
00000963
000005EA
FFFFF4D0
000002DB
FFFFFC7D
FFFFF8D0
FFFFFC30
0000060F
FFFFFD62
FFFFFF3F
FFFFFE5C
000000F9
00000671
FFFFFEF5
FFFFF78C
00000185
000003E2
FFFFFBEF
0000020C
00000132
000008FA
000009BE
00000699
FFFFFCE9
00000C6B
000001D3
FFFFFDC0
00000484
FFFFFBC9
FFFFFD86
00000343
00000CCF
FFFFF844
FFFFFDAE
FFFFFF4E
FFFFFB5D
FFFFF50C
FFFFFFE9
000001CB
00000C00
0000007F
000008A4
FFFFFFEE
FFFFFFD1
FFFFFFE7
00000AF0
000007D1
00000AFF
000003DA
00000506
FFFFF9F2
0000056E
000003BF
FFFFFC5F
000001BE
FFFFFCA1
FFFFFBAC
FFFFFDE8
000004A0
FFFFF55C
000007CF
0000043F
FFFFF813
000002C8
0000043C
FFFFFCCE
FFFFFD7F
FFFFF7A2
FFFFF2E5
FFFFF790
00000150
FFFFFFF4
FFFFF6B2
FFFFF9BE
0000029E
00000164
000004A4
00000776
00000E6C
00000B32
FFFFFF6C
FFFFFE96
00000815
0000043C
FFFFFDD1
FFFFFABF
FFFFFC8D
00000203
FFFFF9BA
000000ED
FFFFF854
000007C2
FFFFFE59
0000085C
FFFFFECE
0000106F
FFFFF7FB
00000654
000007B4
00000952
00000BD5
00000346
FFFFFAFD
00000A72
FFFFEA76
00000B79
FFFFF355
00000386
000008B8
FFFFFB76
00000914
00000499
0000055E
00000B24
FFFFFB4D
FFFFFDB4
FFFFF8F8
00000E4C
000001AB
FFFFFBC9
FFFFF95C
FFFFF61B
000001AC
00000B0B
00000598
FFFFFBFF
FFFFFFC1
00000512
FFFFFBC7
0000014A
00000892
0000025A
000007A0
00000317
000000A0
00000AEC
00000589
000009BA
FFFFFEA5
FFFFFA6E
FFFFF9E5
FFFFF8E1
FFFFFCE3
0000087C
0000014C
00000088
00000200
FFFFFEFE
FFFFFE60
FFFFF9D0
000008C9
FFFFFA50
00000365
FFFFFC03
FFFFF98D
FFFFF670
00000442
000007D1
00000840
000005C5
00000286
000006CA
000008C8
FFFFFF50
000000B0
FFFFF8E0
FFFFFBBC
FFFFFF28
FFFFFF23
FFFFF56B
FFFFF927
0000001D
FFFFFFFB
000001D6
FFFFF800
FFFFF8B8
0000019B
00000128
FFFFFCD2
00000118
FFFFFFF5
FFFFF734
00000932
00000374
FFFFFEA5
00000481
00000028
FFFFF7F8
FFFFFA43
00000124
000001E0
000007D6
00000868
0000004A
0000000B
00000249
000004E0
FFFFFCC6
000003F9
00000385
FFFFF94B
00000185
FFFFFE43
FFFFF266
FFFFFD56
FFFFFDC6
FFFFFFFE
FFFFFDB8
0000027A
00000400
000007FE
000000E9
000001C3
0000012E
000000A1
00000120
00000BFB
000001B8
FFFFFC98
00000892
00000438
0000092B
00000867
00000BB6
FFFFFE2E
FFFFFF1A
000009D8
000006BC
FFFFFF66
000008AA
000009BF
FFFFF7EA
0000024C
FFFFFDB9
00001126
000008E0
FFFFFA58
FFFFFCD5
FFFFFB99
FFFFFFC8
000001B9
00000869
FFFFF931
FFFFF9C8
00000805
FFFFFED1
FFFFFAFB
FFFFFA1D
FFFFFFF3
00000438
FFFFFB5B
FFFFFB64
FFFFF7C1
0000049B
FFFFFC71
FFFFF839
FFFFFB50
000003E2
FFFFFBB5
FFFFFE71
FFFFFF09
FFFFFCEF
00000910
000000C8
0000056B
00000B01
FFFFF504
000007BB
000004E3
FFFFF726
FFFFFE00
000006A1
00000049
FFFFFCB1
FFFFF922
0000045A
FFFFF666
00000CEA
0000081E
00000108
00000352
00000304
FFFFFF07
00000A99
FFFFFC18
000008F1
FFFFFFDC
00000A0C
00000783
FFFFFFB5
FFFFFC87
000008A5
FFFFFEF3
FFFFFE87
FFFFF8F6
FFFFFBDE
0000075B
00000234
0000056D
FFFFFAD7
FFFFFFE7
FFFFFFCF
000001BB
00000086
FFFFFD2F
FFFFFD76
00000237
0000014F
0000096C
0000007A
00000655
00000B1D
00000E08
000004CF
FFFFFA20
000009F4
FFFFFC47
FFFFF9F1
FFFFF790
000000A9
FFFFF4D5
FFFFF888
00000809
0000078A
0000012A
000009C1
FFFFFD72
FFFFFF82
FFFFF31A
00000514
FFFFF927
FFFFF78F
FFFFF7A1
FFFFF9F6
FFFFF8AC
00000594
FFFFFFFD
00000B84
00000025
00000546
FFFFF740
FFFFFB4E
00000527
000003A5
FFFFFA86
00000BBC
FFFFFA3F
00000978
000005CC
FFFFFF16
00000C12
000008AE
FFFFFDB3
00000A22
000002BB
FFFFFBC3
000008F9
FFFFFC25
FFFFFE71
00000137
000004E6
FFFFFD0E
0000012B
00000105
00000022
FFFFFAF1
FFFFF785
FFFFF798
FFFFFEDD
000001F0
FFFFFA8A
FFFFFF64
00000244
FFFFFC2A
0000099D
FFFFF69E
FFFFF920
0000055E
FFFFFE28
FFFFFA2D
FFFFFD8D
00000332
00000815
00000172
00000286
00000B00
0000043B
FFFFFB80
000006CB
0000086A
FFFFF9F6
00000603
000000CD
FFFFF8FC
FFFFFE26
00000D41
00000375
00000B84
00000842
0000014E
000005D3
FFFFFB9E
000001EB
00000106
000008AD
FFFFF925
0000007E
000008BE
FFFFFFE9
0000007B
FFFFF8B7
0000014A
00000ADC
0000061C
FFFFFCD8
0000077B
0000007F
FFFFFE82
00000730
00000957
00000669
FFFFFC6F
00000034
FFFFFC73
000006A8
FFFFFB96
000000A6
FFFFFFB5
FFFFFE0C
00000409
FFFFF733
FFFFF671
FFFFF82E
FFFFFD3E
0000090F
00000A78
000006D8
00000F8D
0000005E
00000653
FFFFFF33
00000471
00000770
FFFFFFE5
00000272
00000738
FFFFFD69
000002A0
FFFFFC94
00000AC9
FFFFFE7E
0000096F
FFFFF905
FFFFFC04
FFFFFDAB
FFFFFE4F
FFFFF7FC
00000460
FFFFF611
FFFFF7B9
00000143
0000114A
00000266
000007B0
0000060E
FFFFFFB8
0000068B
000005A4
00000371
FFFFF3B2
FFFFFFA9
FFFFFD7F
00000032
00000A06
00000390
00000401
00000085
FFFFFA56
FFFFF811
FFFFFC88
000002D2
FFFFFCA2
FFFFF27E
FFFFFC5E
FFFFF667
00000449
00000332
0000017E
FFFFFBD7
00000108
FFFFF5EF
00000E4F
000004F0
FFFFFF2A
FFFFF84B
FFFFF9EE
FFFFFB8D
000000E3
00000BF3
00000206
FFFFFD77
FFFFFE88
00000A7E
000000AC
00000381
000000DD
FFFFF607
FFFFF946
FFFFFDE8
FFFFFFBF
FFFFFFA1
000005DC
FFFFF893
000001B5
000006B6
00000049
FFFFFF25
FFFFFF6C
000002EB
FFFFFD83
000007DF
FFFFFFF6
00000DB4
00000148
FFFFF88C
000000B4
FFFFFF56
FFFFFE0B
FFFFF836
FFFFF75D
0000088A
000003A4
FFFFFD02
000002A3
FFFFFDFE
00000258
000001CD
000004C6
000003C0
0000052F
0000022E
FFFFFEEB
FFFFF698
00000667
00000283
0000083E
000002D3
000004F8
00000469
FFFFFC1D
000002A7
FFFFF97D
FFFFF9E3
FFFFF99F
000001D8
FFFFFF6F
FFFFFA7E
FFFFFE82
00000297
FFFFFE1F
000003B4
0000028C
FFFFFC49
FFFFFB99
FFFFFCD2
FFFFF7A8
000004C1
FFFFF820
FFFFFD76
FFFFFD08
000005B9
0000024A
000007EB
000005A7
FFFFFBD7
0000050F
00000AB0
000002DD
000000B1
0000097F
000006EB
000001D6
FFFFFCD1
FFFFFA48
00000D36
000007D2
FFFFFE4F
FFFFFFFC
000001D4
FFFFFE7E
FFFFF9B4
00000545
FFFFFDE1
FFFFFE7C
FFFFFA17
FFFFFDF4
00000887
FFFFFDA7
0000001A
00000745
00000C7F
000008E9
000004E5
FFFFFD05
FFFFF8ED
0000079E
FFFFFB71
00000035
00000507
FFFFFBC1
00000988
000008DF
FFFFFE1B
00000393
000000CD
FFFFFAD1
000000F7
00000450
FFFFF352
FFFFF7BC
FFFFFDD1
00000B5F
FFFFFA4F
FFFFFDA8
00000527
00000827
000003EA
00000068
00000465
FFFFFBA7
000004E0
00000024
FFFFFD08
000004D5
FFFFFD1A
0000071B
00000532
FFFFF961
FFFFFFDA
00000A4F
FFFFF5ED
00000606
FFFFFC85
FFFFF6E5
00000015
000007AF
000002C3
0000000C
00000544
FFFFFADA
0000078D
00000A1C
00000B6B
0000049F
FFFFF66E
FFFFFB1C
000006D0
00000B4B
0000052B
FFFFF282
FFFFF976
FFFFF722
000005D9
FFFFF722
FFFFFF0D
000001D7
000000D2
00000B91
FFFFF481
000002A7
FFFFFA7A
FFFFF91A
FFFFFC24
FFFFF857
FFFFF904
FFFFF081
FFFFFB3B
FFFFF2E0
FFFFFD34
000000C3
000001D6
00000965
00000292
FFFFF807
FFFFF651
FFFFF43F
FFFFF9A7
FFFFFCF1
FFFFF581
FFFFFEE3
FFFFFD40
FFFFF605
FFFFF8BF
00000613
FFFFFB5E
FFFFF66D
FFFFFAC6
FFFFFDB9
0000027B
000001DA
FFFFF998
000004DA
FFFFF608
FFFFF956
FFFFF569
000008A5
FFFFFA73
FFFFFAAB
FFFFFE51
0000057F
00000A04
0000060A
00000802
FFFFFD68
000004E7
00000777
FFFFFC32
FFFFF98F
00000289
00000293
000006F8
FFFFFFAC
FFFFF739
00000040
FFFFF8FC
FFFFFD4F
00000414
000000DB
FFFFFB13
FFFFFC3F
FFFFFE41
FFFFF8BD
FFFFFFC5
00000867
00000051
000002C5
0000056D
FFFFFCC6
000009E7
00000A4E
00000562
FFFFFC4D
00000147
0000085D
000008F5
FFFFF815
FFFFFF62
FFFFFF65
FFFFFA52
FFFFF8A1
00000BAD
00000C40
FFFFFA97
00000026
00000A78
FFFFFCD1
00000115
00000486
FFFFFE21
FFFFFBC0
0000044D
00000ACD
000009DC
00000571
0000018A
FFFFFF0C
000003DF
0000078C
FFFFFD9B
00000424
FFFFFD53
0000040E
FFFFF878
FFFFFD2A
000007AE
FFFFFCB1
00000004
FFFFFEA0
FFFFFE35
FFFFF2B1
000003DC
FFFFF7DC
00000094
0000066D
FFFFFE2F
FFFFFE0D
FFFFFC90
00000690
FFFFFDA0
FFFFFF54
0000060B
0000013B
0000056F
FFFFFCAB
FFFFF661
0000004A
FFFFFBC2
000003C6
FFFFFE75
00000E6E
000003ED
FFFFF934
FFFFFF18
000002C3
FFFFF4BC
FFFFF33E
FFFFF998
00000046
FFFFF40D
00000840
0000022B
FFFFFC8F
00000102
FFFFF900
FFFFF85E
00000000
FFFFFF31
FFFFFCFA
00000759
000002F1
0000023B
FFFFF5C9
0000022B
FFFFFB06
FFFFF5B6
FFFFFE7D
FFFFF936
FFFFF7F0
FFFFF2ED
FFFFFA19
FFFFFD56
FFFFF960
FFFFFBDA
FFFFF4D1
00000455
FFFFFC94
000006F1
00000386
FFFFFD2A
00000354
000009BB
0000011F
FFFFF4E1
00000895
00000246
FFFFF7B1
FFFFFD2E
000000E4
000004BA
00000159
0000038A
000002D8
00000585
000000CF
000004D2
FFFFFB5D
000003BD
0000017C
FFFFFC8A
00000086
00000071
FFFFFF45
FFFFFC50
0000075C
00000761
FFFFF909
FFFFFC5F
00000305
FFFFFB02
FFFFFA62
000005AA
000005DF
FFFFFA19
FFFFFBA7
FFFFFC90
0000079F
00000764
00000267
000005B0
000008FA
FFFFFDE0
FFFFF893
000003F9
0000031D
FFFFF99F
000002CF
00000283
FFFFFDD7
00000413
000009F5
FFFFF8F3
FFFFFD23
000002C3
FFFFF9F2
FFFFF477
00000595
00000845
FFFFFF38
FFFFF94C
FFFFFFC0
0000037A
FFFFFC1B
FFFFFD39
00000750
000002F9
FFFFFCC7
FFFFF4AC
000002CF
000001F3
0000054D
00000153
00000085
FFFFFF98
0000088B
FFFFF931
00000584
FFFFFC2B
000008B1
00000A0C
000000A8
FFFFF9E3
0000077C
FFFFFF1A
FFFFFDD1
000003E8
FFFFF61E
000007C4
FFFFFA66
0000031A
00000195
FFFFFFAC
FFFFF7C2
00000255
FFFFFCFE
FFFFFC9F
00000201
00000697
0000046D
00000002
0000099C
FFFFFFDD
000008D0
000005D0
FFFFFD8F
00000CF4
FFFFFD92
FFFFFBAD
FFFFF195
FFFFF7ED
FFFFF756
00000542
000007C3
FFFFF949
00000380
000002A3
FFFFFEA2
FFFFFC8E
00000163
00000094
00000290
00000443
00000672
000008ED
FFFFFEEE
0000020B
000000E5
00000066
00000272
FFFFFDC0
000001FD
00000A2F
FFFFFC7A
00000703
000000BD
FFFFFCBD
FFFFF612
FFFFFABA
FFFFFF12
000001C9
FFFFFDC1
000001CE
FFFFFB7B
FFFFF305
FFFFFF5B
00000128
000009DC
00000556
00000350
00000275
000007EB
00000656
FFFFFFD5
FFFFF604
FFFFFD8D
0000020E
00000262
FFFFFD60
FFFFF658
FFFFFF9F
0000054A
FFFFFE87
00000238
00000774
00000320
000004BF
FFFFFCFC
00000734
00000749
0000021C
00000932
FFFFFAD6
FFFFFFAD
FFFFF4D5
000002C7
0000069F
00000187
0000041A
FFFFFDBD
FFFFFF60
000006F8
00000802
FFFFFD05
FFFFFB7A
0000058C
0000055A
FFFFFD79
FFFFFF6F
000001A2
FFFFF841
FFFFFC4D
FFFFFC45
00000068
00000183
000009F7
FFFFFD06
000007A5
000000B5
FFFFF7D5
FFFFF798
000000F2
00000009
FFFFF301
FFFFFBBA
0000002E
FFFFFBC7
FFFFFA89
FFFFFEAD
FFFFF90C
FFFFF7F0
00000003
FFFFFA65
FFFFFF1C
FFFFFD94
FFFFFA28
FFFFFFF3
FFFFFF7D
00000595
00000512
FFFFFBA9
00000DE2
FFFFFF2F
000005CE
FFFFFFF2
000004A1
00000B2A
000007DA
FFFFFB35
FFFFF236
FFFFFB97
000001ED
000008D0
0000013E
000006FE
0000007F
000001FB
FFFFFBF2
FFFFF2E0
FFFFF55A
000001E3
000000A3
FFFFF39A
0000064D
000000D2
FFFFF1B9
FFFFF5AC
00000086
FFFFF23C
FFFFF974
FFFFFC87
FFFFFB64
FFFFFA36
FFFFF421
FFFFF4DB
FFFFF4B1
00000675
FFFFF4FA
FFFFF5CE
FFFFFE7D
0000000B
FFFFF76C
FFFFFD4D
FFFFFB50
FFFFF9D6
FFFFFCB5
FFFFFC50
00000005
FFFFFD5B
FFFFFF80
FFFFFC95
0000013B
0000015D
FFFFFBB1
FFFFFCBC
FFFFF736
000002DF
00000153
FFFFFDFD
000004EC
FFFFF1CC
FFFFF53F
FFFFFEA2
FFFFFC6A
FFFFEF80
000009D6
00000375
FFFFF3E8
FFFFFB61
FFFFFD45
00000141
FFFFFB6D
FFFFFB2D
00000327
00000293
FFFFFEBD
FFFFFBAD
0000087A
FFFFFD95
000006D8
FFFFFFDC
000004D8
000000E0
FFFFFC93
00000479
0000071E
000004A5
0000065B
000004D7
000003A7
00000386
00000024
000002D3
00000407
00000A4A
000001E0
FFFFFA7E
FFFFF6C2
000003C0
FFFFFD3F
FFFFF80E
FFFFFC46
00000358
FFFFF994
FFFFF066
0000042D
FFFFFB4B
00000850
FFFFFA4C
FFFFEF06
00000109
00000112
00000332
FFFFF555
FFFFFEC5
0000018B
00000065
FFFFFF23
FFFFFC76
FFFFFC31
00000059
FFFFFE4C
FFFFFA48
FFFFF4D4
FFFFFBCD
00000343
FFFFFDD7
FFFFF42F
FFFFFC36
FFFFFBE3
FFFFFD57
FFFFF3CE
00000473
FFFFFCA1
00000818
FFFFFED7
FFFFFF87
00000715
000002E8
FFFFFE21
00000368
000003AC
000000FE
FFFFFF39
0000034D
FFFFFC8F
000007E1
FFFFFCD0
FFFFFC64
FFFFF9A9
FFFFFB08
FFFFF48A
FFFFF1F3
000005C0
00000431
FFFFF2F5
000003DD
FFFFF7F7
FFFFF89B
FFFFFD1A
FFFFFFE7
FFFFFD11
00000318
00000229
0000040D
FFFFFA3D
FFFFFD2D
0000065B
000000AA
FFFFF55D
FFFFFA15
0000074D
00000B30
FFFFFBC9
FFFFFEF8
0000035C
0000084D
FFFFF974
FFFFFB1D
FFFFFA02
FFFFFC16
FFFFFEBA
0000007A
FFFFFA27
FFFFFD19
00000199
FFFFFEEC
00000381
00000273
00000085
FFFFFDCA
FFFFFE67
0000022A
000002AF
FFFFFCB9
FFFFFD03
00000032
FFFFFC0F
FFFFFC34
FFFFFE00
FFFFFC3D
FFFFFB9C
FFFFFB9A
FFFFFE22
FFFFFD54
FFFFFF26
FFFFFE00
00000360
00000143
FFFFFE5E
FFFFFD8F
000002B7
FFFFFE4E
FFFFFC9D
FFFFFF94
FFFFFE64
FFFFFD21
FFFFFF31
FFFFFC8B
00000273
FFFFFEC3
000003FF
FFFFFCBA
00000256
FFFFFF1E
00000099
000001B9
000001AB
FFFFFD0D
FFFFFDD2
00000038
FFFFFC87
0000003A
0000028C
FFFFFB84
FFFFFCCB
FFFFFF56
FFFFF831
FFFFFF34
FFFFFB69
00000224
FFFFFD85
00000056
000000F7
FFFFFC9F
FFFFFBDB
0000026F
FFFFFD9F
FFFFFEF7
FFFFFFC8
000002DB
FFFFFF90
FFFFFC00
FFFFFF9F
00000330
000000B3
FFFFFD4D
00000041
FFFFFEDA
FFFFFD89
FFFFFCD0
0000013E
FFFFFE05
FFFFFE53
FFFFFCA6
FFFFFEB1
FFFFFE72
FFFFFE7B
FFFFFD3A
FFFFFD42
FFFFFE80
00000246
000003F5
FFFFF9C2
FFFFFA6F
FFFFFE19
00000475
00000300
FFFFFF45
00000150
000004D3
FFFFFFC8
00000169
FFFFFFB3
FFFFFE06
0000011C
000000D7
0000019A
00000023
00000439
000002A9
00000125
000003E4
00000005
FFFFFD19
FFFFFEAA
FFFFFBD7
FFFFF97B
000001EB
000000C3
FFFFFFB2
0000017A
FFFFFDC1
FFFFFB7B
FFFFFDED
00000396
FFFFFB8E
FFFFFABF
FFFFFB3D
FFFFFF10
000000B4
FFFFFA93
FFFFFAF2
000000A9
00000348
FFFFFE51
FFFFFD65
FFFFFFCE
FFFFFF54
FFFFF8EA
FFFFFC4E
FFFFFED1
FFFFFB1B
00000012
000003B7
FFFFFFF0
0000025D
00000195
00000098
00000185
000003E9
FFFFFEC9
FFFFFF61
000001ED
FFFFFDD1
00000023
000002C0
FFFFFF72
FFFFFCBA
000001DA
FFFFFD4E
00000017
FFFFFEFE
FFFFFCCB
FFFFFEAD
FFFFFED1
0000009C
FFFFFACD
FFFFFE43
000002DB
000002E6
FFFFFF74
FFFFFD1A
00000323
FFFFFEDE
FFFFFCEF
FFFFFF3C
0000014F
00000127
000001E9
FFFFFEF3
0000011C
FFFFFEEF
FFFFFD96
FFFFFC04
000000A4
0000040A
000001A4
FFFFFF78
000003AC
FFFFFD07
FFFFFEEF
00000031
FFFFFE17
000002F1
000005F1
000001A9
000002F1
00000198
000004A4
FFFFFF96
0000009F
000002F8
FFFFFF67
00000042
FFFFFCA1
FFFFFDC7
0000048B
FFFFFC13
0000038E
FFFFFF06
FFFFFEE3
00000141
FFFFFCBD
000001AB
FFFFFD0C
FFFFFAB0
0000035D
000001D5
FFFFFA09
FFFFFBE6
000002A5
00000358
FFFFFDA1
000003EE
FFFFFC28
FFFFFFD6
FFFFFE5F
00000293
FFFFFFA3
0000007D
FFFFFD0E
FFFFFECE
FFFFFFFC
FFFFFBB2
000002A8
FFFFFFAB
FFFFFA97
FFFFFD0D
FFFFFFF1
00000227
00000470
0000043D
0000029F
FFFFFDF9
000002B7
FFFFFF23
0000011B
FFFFFC20
FFFFFE29
FFFFFC99
00000416
FFFFFD5E
FFFFFF97
FFFFFAD8
FFFFFC9E
000000A9
FFFFFF30
FFFFFC99
FFFFFFFF
FFFFFD3D
000000D8
FFFFFBE2
000002B4
FFFFFCCA
FFFFFFB4
00000192
00000318
FFFFFB2F
FFFFFBF3
FFFFFFEB
FFFFFE01
0000000A
FFFFFC1E
000002EE
FFFFFDDC
000001F5
000000BF
00000195
00000052
00000191
FFFFFFC5
000000BE
FFFFFEF9
FFFFFA99
FFFFFD69
FFFFFE2F
000000E9
00000193
FFFFF85A
00000051
FFFFFCCA
0000007D
FFFFFE26
00000267
FFFFFB13
FFFFFD72
FFFFFF11
0000018B
00000001
FFFFFA41
FFFFF859
00000127
FFFFFD11
00000024
FFFFFB36
0000023A
FFFFFF1D
FFFFFD9B
000000E9
FFFFFF05
FFFFFFDD
FFFFFC1E
FFFFFF40
FFFFFF48
FFFFFB67
FFFFFD15
FFFFFE47
FFFFFC0B
00000198
FFFFFA2A
FFFFFF58
0000033B
FFFFFD4A
FFFFFB1D
FFFFFEE6
000002D2
00000073
000001C8
FFFFFFE0
FFFFFD14
FFFFFDFF
000000AA
FFFFFEC9
FFFFFCBE
FFFFFABB
FFFFFBF7
FFFFFF33
FFFFFCFC
FFFFFC59
FFFFFDD3
FFFFFCDC
FFFFFC5F
000000AF
000002B0
000001C9
FFFFFCE2
FFFFFC15
FFFFFC07
FFFFFDBE
0000006F
00000303
00000079
FFFFFC55
FFFFFF59
FFFFFF9C
FFFFFC06
FFFFFF03
000001A0
FFFFFD29
FFFFFE19
FFFFFBAF
FFFFFDDB
FFFFFFA5
FFFFFDD5
FFFFFB98
FFFFFD1F
00000191
0000018E
FFFFFE85
0000017E
FFFFFDDD
FFFFFDCF
000000FC
00000372
000003F2
000000CA
000002F9
000000AB
FFFFFC38
000003DD
FFFFFD3F
FFFFFC4D
FFFFFD69
000001A6
00000489
000002DA
FFFFFEE1
00000224
00000609
00000336
00000444
00000432
FFFFFAA6
000000DC
0000011A
FFFFFB5D
FFFFFE25
FFFFFA9A
FFFFFCEE
FFFFFFE9
FFFFFE3B
FFFFFFC7
FFFFFE43
FFFFFC2A
0000015A
FFFFFE16
0000002E
FFFFFD6A
FFFFFE3E
FFFFFBD0
FFFFFC3D
00000222
000001EE
FFFFFD2C
FFFFFC28
FFFFFFF6
FFFFF9D6
FFFFFA6B
FFFFFD78
FFFFFCE9
FFFFFF35
FFFFFF98
FFFFF9E7
00000058
FFFFFCBC
FFFFFB72
FFFFFBCB
FFFFFF3F
FFFFFC6D
FFFFFC55
000001F5
00000046
FFFFFD31
FFFFFD38
FFFFFD4A
00000293
FFFFFBF6
00000021
FFFFFDB6
000001A6
00000086
FFFFFDB4
0000010B
FFFFFFD7
000000CE
00000195
000002AE
FFFFFC0E
FFFFFEE1
FFFFFE2D
FFFFFF73
FFFFFD1C
FFFFFE41
FFFFFE0A
FFFFFF04
FFFFFD09
FFFFFE35
0000048D
FFFFFAC1
FFFFFAB0
FFFFFB1F
FFFFFD59
FFFFFA20
FFFFFD25
FFFFFF63
FFFFFBA5
FFFFFA03
FFFFFC0A
00000097
FFFFFD93
FFFFF93A
FFFFFD5A
FFFFFB98
FFFFFF79
00000187
FFFFFFB1
000001AE
FFFFFCBC
FFFFFDA5
FFFFFAB8
FFFFFEC8
FFFFF9BC
FFFFFCEA
FFFFFFA7
000001AD
FFFFFFAE
000000E3
FFFFFDF6
0000018E
FFFFFFB3
000001F9
FFFFFB1B
FFFFFEBF
0000020C
000000A0
FFFFFA5B
00000285
FFFFFEC1
FFFFFF93
FFFFFBA6
FFFFFC1F
FFFFFAFA
FFFFFE71
FFFFFBAD
00000047
000001A7
FFFFFC14
FFFFF860
FFFFF7E2
FFFFFD6D
FFFFFB94
00000270
FFFFFB2C
FFFFFED0
000000CD
FFFFFF4F
000000BF
000001E1
FFFFFB1D
FFFFFD06
00000325
FFFFFCA7
FFFFFA50
FFFFFB99
FFFFFF62
FFFFFC00
FFFFFC24
00000246
FFFFFDB0
00000001
FFFFFE9F
FFFFFF9F
00000199
FFFFFEBA
FFFFFD84
000001A7
FFFFFE37
000002BF
000001F4
000001FA
000002EA
FFFFFC6E
FFFFFEF6
FFFFFB13
000001B0
000000E7
FFFFF9DC
000003E0
FFFFFC43
FFFFFDE9
FFFFFD05
FFFFFE4B
FFFFFD92
FFFFFF95
FFFFFCAC
FFFFFCC9
FFFFFE17
00000048
FFFFFF6E
00000007
FFFFFF9E
FFFFFF72
FFFFFB5A
FFFFFE7E
FFFFFF75
FFFFFD9F
FFFFFF44
0000005B
FFFFFD05
FFFFFFEF
FFFFFE05
FFFFFCA8
00000AEB
FFFFFAEB
0000039E
00000663
FFFFF0AA
FFFFFE50
00000956
FFFFFB6F
0000005A
000002F2
0000047E
FFFFFD77
FFFFFAC6
FFFFEA94
FFFFFC9E
0000065F
FFFFFC2D
FFFFFAE5
00001A63
FFFFE54A
0000135F
000001B7
00000E85
FFFFF366
0000013A
00000CCC
FFFFF38A
00000544
000010DA
000007FA
00000D0A
00000E04
000001A9
FFFFFE68
000007FD
FFFFF3ED
00000808
FFFFFE56
FFFFF79A
00000184
0000031C
0000052D
FFFFF8D0
00000369
FFFFFCCE
0000057C
FFFFFC29
FFFFFF44
0000085B
FFFFF6BA
FFFFFE5D
FFFFFD6F
FFFFF696
000004D5
00000646
FFFFF9B3
FFFFF77D
00000765
000003CB
FFFFFA67
00000C8F
0000048F
FFFFFB07
000007B7
FFFFFFE0
FFFFFDC5
FFFFF46F
0000115A
FFFFF856
FFFFF91C
FFFFFF0F
00000816
FFFFF2D0
FFFFF74F
000004A5
FFFFFB3B
FFFFF98A
FFFFFA5B
000007F2
0000040E
00000A7C
FFFFF7BE
00000E9F
FFFFFCFA
FFFFFABC
000007AD
FFFFF820
000009B4
FFFFFA3B
FFFFFA46
000002DB
00000851
FFFFF41B
FFFFF8ED
FFFFF6D2
00000490
000000EB
000007D4
00000814
0000082D
000008C8
FFFFF963
FFFFFFAE
00000394
000008A0
FFFFFEB1
FFFFFB7D
FFFFF2F5
00000E5C
00000A15
000003F2
FFFFFF39
0000062C
00000561
FFFFFF6A
0000041A
FFFFFA9C
FFFFFECA
FFFFF06E
FFFFFC4F
FFFFFB78
00000397
FFFFFDF7
FFFFED70
000000AA
000001E4
FFFFFE8F
000003CD
0000082E
FFFFF6B9
00000F99
FFFFFE82
00000B54
00001103
FFFFF9BF
0000092F
FFFFFC52
000005E1
00000769
FFFFF534
FFFFF73B
FFFFFF95
000001B9
FFFFFC4C
FFFFFBD1
0000018C
0000037D
FFFFF73F
000002A9
00000F97
FFFFF668
FFFFFDC5
00000D6B
FFFFF6E7
00000992
00000046
FFFFF872
FFFFFA63
FFFFF926
00000000
FFFFFFEE
000003F7
00000155
FFFFF608
0000056D
FFFFF9C7
00000CF5
0000007D
000004A3
FFFFFC69
FFFFFF54
00000188
FFFFFA0F
00000847
FFFFF352
FFFFF92F
0000044C
FFFFFCBE
00000187
FFFFFB29
000005E4
000007DC
00000253
00000B92
FFFFF6EE
FFFFFEC6
FFFFFF35
0000045D
FFFFF8BD
FFFFFAC1
FFFFF368
000009B4
0000144D
FFFFE874
00000FCA
FFFFFCE5
FFFFEBA3
00000B35
00000111
0000006C
00000006
FFFFF63B
FFFFEA2A
000011AA
FFFFFF44
0000063E
FFFFF818
000009BB
000011CA
000004ED
00000C18
000000DF
FFFFF75C
FFFFFC79
FFFFFC9F
FFFFFC4C
00000CDA
FFFFF77C
000011B1
FFFFFBB7
FFFFF41B
00001190
00000882
FFFFF4F4
00000FEA
FFFFEEAD
000009F3
00000032
00000836
00000252
000004B5
00000277
00000889
FFFFF917
00000E18
FFFFFE3F
00000121
FFFFFB47
FFFFF324
00001557
00000E71
FFFFFBDE
FFFFFC09
FFFFFF1B
FFFFF4DE
FFFFF193
FFFFEFBC
FFFFED52
00000FAC
FFFFFBD0
FFFFFB9F
FFFFF6D7
0000137D
00000DE4
FFFFF781
00000B1D
0000069F
FFFFF56C
FFFFFFC9
0000072D
FFFFFA47
00000FD5
00000E53
000004EE
0000083C
000011C7
FFFFF369
00000D61
00000B4D
FFFFF299
FFFFFEEC
000005EB
000000DD
FFFFF4B2
FFFFFE76
FFFFF676
FFFFF8D9
000008A6
00000C64
00000870
00000E6F
FFFFF41F
FFFFF411
FFFFF302
FFFFFC33
FFFFEEAF
FFFFFD43
FFFFED35
FFFFF9A2
00000A65
00000934
FFFFFB21
00000926
00000308
FFFFFD2D
00000A23
FFFFF020
000004F7
FFFFFCB4
FFFFFEB3
FFFFF6AA
FFFFFCD0
0000033C
FFFFFC58
0000059A
000003A6
00000B80
00001357
FFFFF026
FFFFFA13
0000083D
FFFFF585
FFFFFA67
00000F8F
FFFFF298
0000070B
FFFFFC12
00000340
000005F4
000017ED
FFFFF492
000004F0
00000A53
FFFFF309
FFFFFCAC
FFFFF4E1
FFFFF6E2
00000847
FFFFFADA
000013F5
00000EB8
FFFFF44A
000004C7
0000034C
000007DF
FFFFFE3D
000005B4
00001402
FFFFFA4F
FFFFF5CA
00000B47
FFFFFBB4
00000C64
FFFFF746
FFFFEC25
00000841
FFFFFF75
FFFFFC76
000009D9
FFFFF049
FFFFF79E
000003E1
FFFFF92E
00000FD8
00000C06
FFFFF08A
0000020C
FFFFFFA6
FFFFEF75
000008BD
FFFFF7A3
FFFFF5DD
000009E2
00000194
000002BA
00000993
0000094F
FFFFF5F2
FFFFF1EF
00000139
FFFFFF74
FFFFF92F
00000C80
FFFFF082
00000313
00000929
0000056D
00000FD2
00000190
00000293
FFFFFB50
FFFFFF55
00000E37
FFFFF3AD
FFFFFF6D
000006A3
FFFFEF29
FFFFF5FA
00000B2A
FFFFFF6D
FFFFF1DE
000003B8
FFFFFBCA
FFFFF6C2
00000EEF
FFFFFDDB
FFFFFB73
00000090
00000BBC
000001AC
00000C4C
FFFFF731
FFFFF641
000000E7
00000812
FFFFF4F0
000002BE
FFFFF9E3
FFFFFD2B
FFFFF2C1
0000077F
00000531
FFFFF841
FFFFF798
00000A14
00000500
000013CF
00000C92
0000039E
00000778
0000006C
00000593
00001127
00000B8E
000005F2
FFFFFEC0
000009CA
FFFFFA7A
FFFFFEC0
FFFFFD5A
FFFFF551
00000847
FFFFF892
00000C4A
00000070
FFFFF2EB
00000B9E
FFFFFFFF
FFFFF8C7
FFFFF67C
FFFFFB68
00000EE5
00000F1C
0000034A
FFFFFED7
FFFFF491
0000032B
00000403
00000336
000003F2
00000845
FFFFF071
FFFFF67A
FFFFF654
FFFFECED
FFFFFD64
00000380
FFFFF0D3
FFFFEB7D
000003BC
0000005E
0000045C
00001138
FFFFFF19
00000710
FFFFFC6E
FFFFF95B
00000602
000000B1
FFFFF6A4
00000C01
FFFFFD63
FFFFFECB
00000EBB
00001034
FFFFF320
00000A6E
FFFFF5A4
FFFFEE94
FFFFF7C8
FFFFEFAF
FFFFE9D0
FFFFF455
FFFFF130
00000507
FFFFFB8B
FFFFF881
00000E70
FFFFFBA8
FFFFFFD3
00000A21
000007E0
FFFFFA3B
00000EC4
FFFFF79D
FFFFFDB9
FFFFFA47
FFFFF657
0000039F
000007D7
000003C8
FFFFFCE0
00000A8C
000008EE
FFFFF887
FFFFEDCE
FFFFFFCD
FFFFFC2B
FFFFFE72
00000543
FFFFFDB6
FFFFF021
FFFFFB0B
0000000B
00000623
FFFFED38
FFFFF1E0
000009D4
FFFFE91A
FFFFF63E
000008AD
FFFFF79E
000004AD
FFFFFD73
FFFFF88D
FFFFF5AB
0000003F
FFFFF66C
FFFFF35F
0000071F
000008A3
00000B73
000001F6
00001617
00000297
FFFFFD8C
00001725
00000CBF
00000D20
00000414
FFFFF552
FFFFF15B
00000546
00000497
0000023A
0000094D
FFFFFEFA
FFFFF0A7
FFFFF2D4
00000548
00000628
00000A1A
FFFFF419
FFFFFD48
FFFFF169
FFFFFE13
00000F19
000002ED
FFFFFC15
00000B86
FFFFF072
0000087E
FFFFF28E
FFFFF7DA
FFFFFD66
FFFFFBDF
FFFFEF27
FFFFEB61
FFFFF1A8
FFFFFCB5
FFFFEA81
00000635
FFFFEF2C
FFFFFFB5
FFFFF2D0
FFFFFA4D
FFFFF81D
000001E2
FFFFFB4A
00000293
0000029F
FFFFFD7B
FFFFFC0F
FFFFF7D3
00000209
FFFFFC5B
000003DF
000006DF
00000589
000000B6
000001EB
00000386
00000124
00000612
000004FB
FFFFF9D8
FFFFFFE4
FFFFFE97
00000DC1
000001D2
00000108
000003D8
FFFFFC05
FFFFF8C4
FFFFFB0D
FFFFFCD0
00000504
FFFFFCF9
FFFFF7EE
00000262
000003A3
FFFFF6CA
FFFFFD2C
FFFFFD3F
000002B8
FFFFFAD4
00000054
FFFFFB5F
FFFFFD7B
FFFFFD99
FFFFF852
0000023F
00000943
FFFFFB61
00000291
00000075
00000670
000004C6
000005F7
00000B56
000005C1
FFFFFE09
00000484
FFFFF861
0000009C
0000018A
FFFFFF16
00000151
000001FD
00000826
FFFFFFE5
000009A9
000000A7
00000883
0000062B
FFFFFA59
FFFFFC8F
00000381
FFFFFDAF
000007EB
000008DB
FFFFFC13
00000504
000006C6
00000656
00000648
00000582
FFFFF78B
FFFFFAE7
FFFFFAD4
FFFFF962
FFFFF9D8
FFFFF2DA
FFFFFC1B
FFFFFFAC
FFFFFCFA
FFFFFBE2
000005FC
FFFFFC89
00000535
FFFFF9BF
00000450
FFFFFCAE
FFFFFD33
000002FB
0000003D
FFFFFE6F
000005D6
00000C1D
000005D2
000007D4
00000874
00000B08
00000A02
FFFFFEAE
00000094
000002C7
FFFFFEB3
0000092E
00000612
000006F6
000009DE
0000023F
00000006
FFFFFF31
00000066
FFFFF397
FFFFFF8B
FFFFFCF8
FFFFFA58
0000087A
FFFFFFBE
00000164
FFFFFF52
000007AD
0000078D
FFFFFBA9
00000074
000002E5
FFFFFFDA
000009EC
FFFFFD10
00000524
000009FC
00000053
000007D5
00000C13
000006F0
FFFFFFB4
0000014C
FFFFFFF9
FFFFFA5B
00000214
00000231
FFFFF4F5
000005E8
000004F8
FFFFFEB9
FFFFFBF1
FFFFF5D4
FFFFFB54
FFFFFC11
FFFFF9FB
FFFFFDE9
00000121
FFFFF99F
FFFFFDBA
FFFFFF3D
00000008
FFFFFCD7
FFFFFFB3
FFFFFB43
000006F7
FFFFFC51
FFFFF877
FFFFFF14
FFFFF87E
FFFFFF23
FFFFFF19
00000367
FFFFF786
0000001D
0000084C
FFFFF8B0
FFFFFD4D
000004D0
000007AA
0000071C
00000309
FFFFFBAC
0000054A
00000441
FFFFFC07
FFFFF921
FFFFFEE7
FFFFFFD4
000002D2
00000836
00000476
000003CE
000007D3
FFFFFD12
000000FC
000001EB
00000715
0000036B
00000409
00000263
000000D6
00000044
000000E6
00000ABF
000001CF
00000412
FFFFFD58
FFFFFFED
00000140
000008B2
00000561
00000358
000003CD
000003DD
FFFFFC75
000002BC
0000005E
00000682
0000028F
FFFFF73D
00000580
0000053E
0000050F
0000087B
000001F8
0000000C
000006D9
FFFFFA01
00000441
00000300
00000A22
000007C3
00000017
00000401
FFFFFA45
0000019D
000001BC
FFFFFE67
FFFFFEEC
FFFFFBE7
FFFFF999
FFFFFC66
0000058D
000009A4
000001AB
FFFFFBF7
000004F4
0000015F
000001CB
0000085D
0000048D
0000082C
000008D0
00000729
FFFFFCA7
0000038D
00000E04
00000A0A
FFFFFB7F
FFFFF698
0000046F
FFFFF8CE
FFFFFCAF
000000CA
FFFFF194
00000527
0000009B
000001F2
000006A9
FFFFF9DC
FFFFF4F9
00000417
FFFFFCE8
FFFFFE9F
000004F7
FFFFFFB0
FFFFFD16
0000049A
FFFFFC76
000003A0
0000066E
000000F3
000003D1
00000A99
FFFFFB64
FFFFFA45
FFFFF4F3
FFFFF6E4
FFFFF72F
000008FC
FFFFF84D
FFFFFD40
0000028A
FFFFF85E
FFFFFE9D
FFFFFEAD
0000065D
00000148
FFFFFD27
000001F7
00000627
00000710
FFFFFBCC
000008E1
FFFFF754
00000128
000007C1
00000087
FFFFF98D
0000074C
FFFFFC97
FFFFFE67
FFFFFE34
000003EE
FFFFF8B3
FFFFF891
FFFFFA54
FFFFFAD6
FFFFFE27
00000360
FFFFF9F9
00000000
000000CD
00000C3E
FFFFFF68
00000514
FFFFF7C8
00000169
00000A0E
FFFFF96F
FFFFFFF2
FFFFFDCC
0000036B
0000060B
FFFFFA06
FFFFF9E0
FFFFF789
FFFFFD40
000001DA
FFFFF859
00000DF5
0000012E
0000024E
00001011
00000B6D
0000088B
00000B8B
000001E6
FFFFFD84
000002A7
000006E8
00000D5E
00000BC7
000001D1
00000C91
0000060E
00000AD8
00000724
00000992
00000711
FFFFF715
000003FB
00000838
000003E0
00000988
FFFFFE92
FFFFFF7E
FFFFFEEC
000002F8
FFFFFC34
FFFFFCA5
0000012E
FFFFFC12
0000052A
FFFFFF05
00000912
000009FA
0000073A
000000E5
FFFFFD4D
FFFFFAD8
00000F04
00000216
00000688
FFFFFE3B
FFFFFE4E
0000003F
0000070E
0000074E
000003C6
0000040C
FFFFFE82
00000229
00000988
FFFFFF21
FFFFFF45
00000655
FFFFFB00
FFFFFE97
00000270
FFFFFF49
FFFFFF23
00000710
FFFFF8BE
FFFFFBC2
000007DC
000001FE
FFFFF815
00000639
00000AAD
FFFFFD07
FFFFFF05
000001F6
0000089F
000006D2
000004E2
00000790
FFFFFFCE
000001FD
00000145
00000C06
FFFFF778
FFFFFE06
000000AF
FFFFFE41
FFFFF952
0000014B
00000234
FFFFF997
00000373
000002A0
FFFFFE83
00000405
FFFFFCF0
00000490
000007AC
000003E6
FFFFFA22
00000339
FFFFF80D
FFFFF84D
00000245
FFFFFBE1
FFFFF924
FFFFFF4B
FFFFFE4F
FFFFF8E5
FFFFF66D
FFFFFDDF
FFFFFAE0
000004D2
00000400
FFFFF4C3
0000041C
FFFFF8BE
000003C0
000000C2
000005C8
000006D5
00000054
FFFFF806
FFFFFA30
00000B13
00000637
FFFFFEBA
000000A9
000005E0
FFFFF9C8
0000010A
0000018D
FFFFFE8F
FFFFF941
FFFFFF72
000003A6
000004F9
000004E9
00000195
00000061
FFFFFD32
FFFFFDBA
000004D5
0000061A
0000034C
00000081
000009EC
FFFFFE25
000000C9
00000723
FFFFF9B7
FFFFFD14
00000B59
0000089F
FFFFFE81
0000004F
0000061C
FFFFFC48
00000598
00000259
00000001
FFFFFD48
FFFFF824
FFFFFA16
0000000D
00000A24
0000042B
000000E1
00000732
FFFFFFCB
000003EC
FFFFFB8C
000008FE
0000075D
FFFFFD30
00000676
000004F8
FFFFFE84
0000070A
00000377
FFFFFC70
0000067A
000001C6
00000784
00000390
000003A9
FFFFFB2C
00000AB1
FFFFFB43
FFFFF949
FFFFF822
FFFFFEE6
FFFFF90F
0000009F
FFFFFC64
FFFFFE12
FFFFFBFF
FFFFFA87
FFFFFE87
000001FF
0000024F
000006FD
000003A7
00000012
0000067C
000003AA
00000425
FFFFFCA1
0000067E
FFFFFF14
FFFFF87B
FFFFFD73
000006FE
00000634
FFFFFE27
000002F7
FFFFF9B5
FFFFF764
FFFFFDB1
FFFFFF2E
FFFFF9CC
FFFFFFEC
000001B4
000005D1
00000490
FFFFFE62
000004C2
0000036C
0000069B
000005ED
00000207
0000086E
00000924
FFFFFCEE
FFFFFBDA
000009B1
00000587
00001099
00000508
00000D62
FFFFFA99
FFFFFE34
FFFFF59B
000004B7
0000063D
FFFFFB38
FFFFF89B
FFFFF9EB
FFFFF613
000004C8
FFFFF9A3
000000CF
FFFFFADB
FFFFFD59
000009E2
000000EA
00001047
0000147C
FFFFFF86
000005E9
FFFFFC92
00000CB5
0000014C
FFFFF7FC
00000279
FFFFF924
FFFFFB3D
000005D6
00000B4E
FFFFF902
FFFFFD57
FFFFFAC8
00000D22
FFFFF725
FFFFF713
FFFFF795
FFFFF4CA
FFFFFBDA
FFFFFD23
00000B1D
FFFFFF41
000006F4
FFFFFF86
000006C7
000003B9
FFFFF751
FFFFF17B
00000049
FFFFFC2F
0000087F
FFFFFDAA
FFFFF893
FFFFF942
0000031B
FFFFFB76
FFFFF147
00000506
FFFFFD9D
FFFFFAA3
00000180
FFFFFA53
00000A58
FFFFFC18
FFFFFA43
FFFFFF03
00000402
00000FDC
00000195
00000032
FFFFF6C5
FFFFFCDA
FFFFFFD1
0000001A
FFFFF82B
FFFFFC1D
0000045F
0000006D
FFFFFE5D
FFFFFB9E
FFFFF4E8
FFFFF3EC
00000592
00000032
FFFFFE5A
FFFFF887
FFFFFFA2
FFFFF64A
FFFFF573
FFFFF780
00000604
FFFFF9EE
FFFFF780
00000E50
0000012A
00000614
FFFFF7C7
FFFFF391
FFFFEE2A
000002AA
FFFFFB62
FFFFF8D1
000005B3
FFFFFD70
FFFFF83B
000004B5
0000008D
00000335
00000D03
0000032D
000003CF
00000442
00000028
0000021C
00000378
FFFFF631
000005FE
00000658
000001D5
00000582
0000050E
00000C8A
00000498
000007AB
000002ED
0000037D
FFFFFE46
FFFFFE2E
00000215
0000037D
FFFFFBBB
000003F1
000001B4
FFFFF38E
FFFFF919
000004F2
FFFFF7E0
0000004C
FFFFF8DF
FFFFFA98
FFFFFE03
FFFFEFD3
FFFFF21E
FFFFF1B5
FFFFF40A
000006CD
FFFFFB2D
FFFFF8DE
FFFFFD4F
00000333
FFFFFEAB
00000401
FFFFF15E
FFFFF963
FFFFFBED
0000007D
000008D3
FFFFFAD8
FFFFF910
FFFFF788
FFFFF852
FFFFFFEE
0000097B
FFFFF985
FFFFF8A2
00000166
00000A45
0000009B
00000C4F
0000005F
00000D6B
00000929
FFFFFF99
0000073B
FFFFF9AC
00000278
FFFFFD7C
FFFFF6F9
FFFFF369
FFFFF72C
FFFFF506
FFFFFBD3
FFFFEFFB
FFFFF817
FFFFEFE9
FFFFF21E
0000016A
00000E7D
00000082
FFFFFFD0
00000804
FFFFF9AC
FFFFFAF6
00000471
0000081E
FFFFFA75
FFFFF85B
000007B2
FFFFFDF2
FFFFF983
FFFFFF52
FFFFFD8B
FFFFEE94
FFFFFF31
FFFFF37E
FFFFF722
FFFFF653
FFFFFC34
FFFFFD99
FFFFF22E
FFFFF650
FFFFFBCA
FFFFF174
000000F4
FFFFFBD4
FFFFFF01
00000161
00000107
000006B7
000004CB
0000055F
FFFFFAF3
FFFFF29D
000005C3
00000189
0000000D
000004EC
FFFFF7A1
00000231
00000248
00000578
FFFFFE65
00000383
FFFFF95F
FFFFF950
FFFFF96D
FFFFF9FA
0000069F
FFFFF825
FFFFF9B0
000007E0
000006FA
00000010
000001FE
000005D5
00000E42
00000AB9
0000001D
00000E80
FFFFFB5D
000008A6
000008C3
FFFFFDDC
000009C8
FFFFF851
FFFFFE93
000008F6
FFFFF93E
000007AE
000002C4
000009A3
00000213
FFFFFD46
FFFFF859
FFFFF71E
00000AEF
00000A14
0000022B
FFFFFBF9
0000089C
FFFFF607
0000067D
FFFFFD87
FFFFFC73
00000504
00000200
FFFFFD4D
000009D4
FFFFFD5F
0000070A
FFFFFD8F
000002C7
000005A5
FFFFFB05
00000A18
00000A4D
00000A7E
000006FE
FFFFFF67
FFFFFDCE
000003DF
FFFFF482
00000031
00000030
FFFFF6DE
FFFFF05A
000002A9
FFFFFB08
FFFFF54B
FFFFF564
00000268
FFFFF9CA
000004CF
FFFFF9BE
00000892
FFFFF687
FFFFFB47
000006B8
FFFFF81B
FFFFF42C
FFFFF7DC
00000310
FFFFF3C6
FFFFF675
000003AC
FFFFF5F5
FFFFFE69
FFFFF690
FFFFF635
0000071D
000007CD
FFFFF495
0000012F
0000042C
0000069B
00000B03
FFFFFB89
00000AD7
FFFFF8A9
000009E3
FFFFFB9C
000000F4
FFFFFBD5
FFFFF599
000006E8
00000063
FFFFF6C7
FFFFF1EB
FFFFF7F9
000007A4
000009AA
FFFFFDA8
FFFFF970
FFFFFBF3
000006A7
00000009
000004F1
000007A6
FFFFF77D
000004A0
000006E2
FFFFFF26
000005DA
00000888
FFFFF9F2
FFFFF34D
FFFFF985
FFFFFFC8
FFFFF2DE
FFFFF8B4
FFFFF61C
FFFFFC49
000001B9
0000022B
FFFFFAC2
FFFFFC3C
0000093B
FFFFF50E
FFFFFB4B
000003E8
FFFFF736
FFFFFF93
FFFFFE3D
00000735
FFFFFAE7
FFFFF711
FFFFFD5C
FFFFF668
FFFFFD41
FFFFFFED
FFFFFF89
FFFFFCC0
FFFFF9C4
000006EA
00000765
0000041B
FFFFFC2B
00000697
000007F2
FFFFFF08
000004F3
0000016F
00000D5F
000004C9
00000116
00000BE1
0000015E
00000F37
00000626
FFFFFEA9
FFFFFEF1
000007C3
0000054E
FFFFFF79
0000005E
FFFFFC4E
00000640
00000725
FFFFFF11
00000608
FFFFFD23
000006CE
FFFFF463
000009A5
00000641
0000035E
00000250
0000115D
0000060A
00000B8B
000006AF
000003A0
FFFFFF18
FFFFFD35
FFFFFD88
0000038E
0000018C
0000025C
FFFFFFC7
000005EA
00000A66
000000AC
00000795
000002B8
00000480
FFFFF472
FFFFFCD4
FFFFF6D0
FFFFF9EB
0000050C
FFFFF51B
FFFFFD63
FFFFFC1F
0000043A
FFFFF06B
FFFFF555
FFFFF9C5
000001BA
0000012A
FFFFF9BE
000008B5
FFFFFF87
00000C84
00000ACE
FFFFFF63
0000000D
FFFFFDAE
00000368
FFFFFC43
000014A0
00000932
00000909
FFFFFE01
0000088B
00000CF6
000007DC
FFFFF921
FFFFFDC3
FFFFF129
FFFFF894
00000525
00000878
FFFFF7FB
000003DE
FFFFF6F1
FFFFFBFE
FFFFF9BD
0000029F
FFFFF93F
FFFFF87D
00000857
00000893
FFFFFF97
000001CA
FFFFFD8F
FFFFFFC7
00000118
FFFFFCE9
000005CE
FFFFF521
FFFFF59C
0000009D
000004F9
FFFFFB2E
00000097
00000383
00000340
FFFFF844
FFFFEFA5
FFFFFEF0
FFFFFE37
000000E0
FFFFF72A
FFFFF801
00000D90
000001E6
FFFFF834
FFFFFCF0
0000080F
FFFFFF7F
00000256
00000344
00000305
000003FD
000003EE
FFFFF6D9
000003A2
000001C5
FFFFFDA0
00000212
FFFFFBE0
00000705
FFFFFFF4
00000326
FFFFFECA
FFFFF8FE
000003DF
00000AD2
FFFFFF9A
0000097C
00000335
00000EE4
000006B7
FFFFFD4A
00000AB6
FFFFF6D4
FFFFFC24
FFFFF744
000002C9
0000039B
FFFFFC99
FFFFF7A4
FFFFFA16
FFFFFAE3
00000311
000004C7
FFFFFC27
00000AE9
000002A1
000001DB
FFFFF9D8
00000307
0000032B
0000044D
00000981
FFFFFABC
00000668
0000075B
FFFFF903
FFFFFEB4
FFFFFA54
000008F9
FFFFFC08
000009A3
FFFFFD10
0000091F
00000120
000005B3
000003F8
000000AF
FFFFFFC2
FFFFF87E
0000022D
00000967
FFFFFCFC
FFFFF682
00000A1D
FFFFFED7
0000011B
00000C9F
FFFFF862
000002CD
00000B52
FFFFFF7E
0000074E
000000CA
0000003D
FFFFFD16
00000314
00000A33
00000A6E
00000C0F
0000076E
FFFFF8EF
00000444
00001200
0000039F
FFFFFCE7
FFFFF80A
000002E8
00000736
000002DF
00000801
00000236
00000BA9
00000D7E
00000066
000009A8
0000013F
00000AEB
FFFFF525
0000017A
FFFFFF2B
FFFFF7F0
FFFFF2B2
000009F2
00000893
0000067D
FFFFF0D9
FFFFF72B
0000009B
FFFFF89C
FFFFFE1D
FFFFF22B
FFFFFCA5
0000058D
FFFFF948
FFFFF75E
000000B0
000002B1
00000514
FFFFF385
FFFFFEA4
00000E3F
00000D24
FFFFF843
00000282
00000615
FFFFF7C3
00000611
FFFFFFAD
FFFFFEAC
FFFFF752
00000371
FFFFF5AC
FFFFF3D4
FFFFFBB4
0000041A
0000029C
FFFFF945
000008E4
FFFFF79F
000001BF
FFFFFB66
00000017
FFFFFC7B
FFFFF361
FFFFF599
00000A75
00000A3A
FFFFFEB6
FFFFFA6F
FFFFFC5A
FFFFF6E1
FFFFFEEE
000003E5
000003E3
00000B5C
FFFFF1C2
FFFFFC64
00000255
00000547
FFFFF9F4
0000017D
000002CD
FFFFFC87
00000324
FFFFF9A2
00000821
FFFFFEE0
FFFFF4DE
00000603
00000ECE
0000055A
FFFFF938
000004A7
00000EA2
00000981
00000ACF
00000B16
FFFFFF16
000006CC
00000107
00000787
FFFFFC52
00000A0B
FFFFFAFE
00000309
00000524
FFFFF843
000009AD
00000288
000000CC
00000564
FFFFFB46
FFFFFF70
00000AA2
FFFFFE38
00001567
000002DD
00000167
00000E95
000007CC
000006A5
00000879
0000066D
FFFFFE8C
FFFFFC07
00000CC5
00000982
000000A6
FFFFF809
FFFFFF65
000000BE
FFFFFEDE
FFFFFBC3
FFFFF72B
00000D14
FFFFFB26
00000645
FFFFFAB8
000006D1
00000798
00000CB2
FFFFFB21
000007D0
00000C0C
FFFFFBE2
000004BE
00000571
FFFFFDA0
00000E9A
00000E09
000000FC
0000000E
FFFFFEE1
0000003D
FFFFFF30
0000043E
FFFFFCD1
00000B3E
0000053F
00000450
00000240
FFFFF875
FFFFFA5C
000003D0
FFFFFBC8
00000A90
00000765
00000927
0000050F
FFFFF502
FFFFF46D
FFFFFC5E
FFFFEFA9
FFFFF123
FFFFF4AE
FFFFEE7F
FFFFFB56
FFFFECF8
FFFFFD6C
0000026B
FFFFF99C
FFFFFEDA
FFFFFA44
00000C03
00000841
FFFFFB24
FFFFFD92
FFFFFC64
00000BF3
00000266
0000025A
000002B1
0000097B
00000206
0000097F
FFFFFFB5
FFFFF705
FFFFFEB4
FFFFF015
FFFFF511
FFFFF50E
FFFFF6C8
0000057B
FFFFF5C7
0000024E
00000685
FFFFFEAE
0000026F
FFFFFFED
FFFFFA9A
00000367
FFFFFE7A
FFFFFC21
FFFFFBA7
00000988
0000080E
FFFFFDCF
00000803
0000084A
00000CEE
FFFFF65E
0000068F
FFFFFEDD
FFFFF143
FFFFFD5C
FFFFF837
0000049E
FFFFFB84
FFFFFF9E
FFFFF06B
000003F0
FFFFF23A
FFFFF5ED
00000997
FFFFF71E
0000005D
FFFFFD89
FFFFFAD3
FFFFF717
00000D61
FFFFFCBF
FFFFFB36
FFFFFA0E
FFFFF6CA
FFFFFF52
000007D8
FFFFF9C0
FFFFFD19
00000096
00000458
FFFFF4E6
000002D1
0000035B
FFFFFFAD
FFFFFBB1
00000330
00000581
0000066D
00000D51
FFFFFEFD
FFFFF4C0
FFFFF723
0000059B
FFFFF812
FFFFF693
00000832
FFFFF8C0
000008F6
00000168
0000025B
FFFFFDB2
FFFFFAF1
00000BD2
FFFFF93C
FFFFFEB1
FFFFF7BE
FFFFFBF1
FFFFF722
FFFFF60E
FFFFF468
000009BB
FFFFF4EF
FFFFFBCB
00000152
00001183
FFFFFF73
0000035C
FFFFFDD8
FFFFF434
00000CC5
00000EF0
FFFFFA9E
00000E34
00000B2C
FFFFFB71
000001D4
00000586
FFFFF116
000002EB
00000D34
000005FE
00000485
00000FE9
00000032
FFFFF2E8
00000475
FFFFF567
000000BF
FFFFF383
FFFFFD4A
0000049E
00000461
00000CE2
00000436
000008CA
00000AA5
FFFFF76B
000005A9
FFFFFB8B
FFFFFA89
0000115B
00000EAF
FFFFF4B8
FFFFFE82
FFFFF8D6
00000569
FFFFF297
FFFFF82F
FFFFFFFE
FFFFFCA3
FFFFF595
FFFFFBA4
0000005B
00000886
00000036
000003C6
FFFFFB1A
00000A41
FFFFFF5E
FFFFFE5E
000000A5
FFFFFD9B
0000091F
FFFFFF4F
00000758
00000C53
00000DDE
00000341
FFFFFD02
0000032B
000005E8
0000022D
0000012A
FFFFF828
000003B7
FFFFF7F3
0000014D
FFFFF380
00000757
0000029E
FFFFFC87
000009EB
00000053
FFFFFCBF
000012AB
00000CDD
000004A2
FFFFFFE9
FFFFF684
FFFFF716
000002FB
FFFFF6A5
00000043
FFFFF9A4
FFFFF4D0
FFFFF142
FFFFF889
FFFFFFFF
FFFFF09D
FFFFF817
FFFFF9BB
FFFFFD06
FFFFFAAD
FFFFFFAD
FFFFF7FF
00000065
FFFFF6DC
00000125
FFFFFB97
0000018B
FFFFFBC2
000003A6
FFFFFAFD
FFFFFD1F
FFFFFB5F
000007B3
FFFFF6FB
FFFFFE0F
00000BCD
FFFFFECD
00000C16
000003A9
00000D22
00000886
FFFFFCFE
FFFFF387
0000078B
0000007B
FFFFFA4E
00000662
0000014A
FFFFFCBC
00000C3E
00000296
00000900
00000623
0000157B
00000995
0000049F
0000134D
0000076A
FFFFF5D8
FFFFFD9D
00000589
0000053D
0000056F
000000A9
FFFFF871
FFFFFEED
00000AD0
FFFFFBE2
FFFFF7A2
FFFFF354
FFFFFCFB
FFFFEE68
FFFFFADD
FFFFEBFB
FFFFFB34
FFFFF788
00000244
FFFFF88E
0000019C
00000E0A
0000016A
FFFFF393
0000140B
00000309
00000373
FFFFFD7E
FFFFFECD
FFFFF841
000001EA
FFFFFD87
000006D1
FFFFF83A
FFFFFB26
FFFFFFE3
FFFFFAEA
FFFFF5DE
FFFFFBEB
FFFFF857
000004F9
000000C7
FFFFF77F
000002AE
FFFFFD47
FFFFF8A3
FFFFFEB4
FFFFF231
FFFFFAC8
FFFFFB7A
FFFFF925
FFFFFFBC
000006A7
00000A1A
FFFFF8D1
FFFFF876
FFFFF4FB
FFFFFBCD
000000A3
FFFFFA05
00000415
FFFFFD5C
FFFFFB1C
FFFFF9FE
00000A64
FFFFFA83
000001D2
00000060
FFFFFE3C
00000640
00000638
000001C1
0000030F
FFFFF2B3
FFFFFBC7
00000193
FFFFFD46
FFFFF7FC
00000880
FFFFFCA4
000006E2
00000812
00000968
000003F6
FFFFFD21
00000576
FFFFF5FB
FFFFFAFD
000010A7
0000025E
000003E2
FFFFFB79
FFFFFD00
FFFFF5E5
FFFFFB15
FFFFF2B3
FFFFFC02
FFFFF92D
00000088
FFFFF648
FFFFFD06
FFFFF81B
FFFFF861
0000012B
FFFFF86D
FFFFFA34
00000DA5
FFFFFCF9
00000205
FFFFF3C1
000002DF
00000C99
00000488
00000A20
0000089E
0000023A
FFFFFE64
FFFFFCB8
FFFFF30D
FFFFF445
00000587
FFFFF9B3
000004A6
00000585
000003E5
FFFFF733
00000635
000005EB
FFFFEE9A
FFFFF252
FFFFF018
FFFFF171
000002E1
FFFFF545
FFFFF8E8
00000A94
0000022F
FFFFFE02
FFFFF187
FFFFF3D8
00000527
FFFFF9E8
000000C1
00000549
000005DB
FFFFFB25
000007E7
00000A5E
00000CC9
00000631
000000F0
FFFFFAB4
00000D1B
FFFFF6D9
FFFFF7F5
000001B1
0000000C
FFFFFA9B
FFFFFAD8
FFFFF3F8
000008B7
000007A4
FFFFFE8F
FFFFF868
00000B1E
0000048E
FFFFFD74
0000081B
FFFFFAB7
FFFFFDDD
FFFFF661
000002BF
00000313
00000433
000002A0
00000187
FFFFFEB4
FFFFF9D2
0000060B
00000BC3
000004BD
FFFFFB28
FFFFFE74
0000101C
00000353
000008BE
0000015B
FFFFFE26
00000248
0000007C
00000288
FFFFEB17
00000B50
00001131
00000398
FFFFF709
FFFFF994
FFFFFA86
00000609
FFFFFF26
0000019B
00000278
FFFFFBEC
00000194
00000DFD
000004B7
00000679
FFFFFC22
FFFFEC80
FFFFF5F6
FFFFF72F
FFFFFBA2
FFFFFA63
00000220
00000165
FFFFF74F
FFFFF7DA
00000389
FFFFFC9D
FFFFFD6B
000003C8
00000350
FFFFFF1D
FFFFF5F1
FFFFF5F2
FFFFFA75
FFFFF467
000000AB
0000057D
0000013D
FFFFFDBF
FFFFF697
FFFFF68B
0000066E
FFFFFF17
FFFFF6C4
00000148
FFFFF965
FFFFF48C
FFFFF44B
000006CD
FFFFFE8E
0000041E
00000891
000005CA
000009F6
00000035
FFFFF950
00000230
0000058A
00000834
FFFFFF02
FFFFFBBD
FFFFFD77
000006F7
000005AB
0000045B
FFFFFE42
FFFFFAC7
FFFFF958
000005BE
FFFFFC79
FFFFFD40
FFFFFA18
FFFFF7CB
FFFFF9A0
0000014D
00000722
000003B6
00000158
000008F3
FFFFFB14
FFFFFEF3
FFFFF7EE
FFFFF4B8
FFFFEEC4
0000027B
FFFFF996
00000C95
0000028C
FFFFF70D
00000289
FFFFF2F6
FFFFFB46
00000A31
000002A6
FFFFEA01
FFFFF8DA
00000BDD
FFFFF82D
FFFFFBD0
00000680
FFFFFA60
FFFFF5CB
000013C9
00000321
FFFFFD04
00000282
000007A2
0000062B
00000ADE
00000631
FFFFF5ED
0000010C
FFFFFB91
FFFFFC32
000002CF
00000781
FFFFF8D4
00000724
FFFFFAC7
FFFFF54A
FFFFF3F7
FFFFF825
FFFFFA78
FFFFFD99
FFFFF45A
FFFFF138
0000031F
FFFFF4D5
FFFFFEE5
000001EB
FFFFF966
00000180
FFFFFAE9
FFFFFDA1
FFFFFE15
FFFFFC1A
FFFFEFB6
FFFFFE1F
FFFFF63C
FFFFF772
FFFFFEF8
00000062
00000244
0000009E
000003B0
FFFFF69C
00000295
000008F9
000003E5
FFFFF422
000000A2
FFFFF3C1
0000035B
00000DF4
000003DC
FFFFFEDB
FFFFF790
FFFFF940
000006A1
000003D6
000002B2
FFFFF7EA
FFFFFFB2
FFFFF472
FFFFFFBE
000008AD
0000052E
FFFFF5CA
FFFFFEEC
FFFFFA96
FFFFF61F
000005AF
FFFFFCD1
FFFFFC53
00000BEE
0000046E
FFFFFCAD
FFFFFFD6
FFFFF865
FFFFFB1A
FFFFF695
00000007
000001AD
000009BC
FFFFFA54
FFFFFD49
FFFFFFB5
FFFFF980
000001C9
000001E7
00000B8A
00000979
FFFFFEAB
FFFFF852
FFFFFBFD
000009B5
00000192
00000747
FFFFF724
FFFFF9BB
0000031A
000001C6
FFFFF533
00000035
FFFFF3FC
00000619
FFFFFBD5
FFFFFE4C
000003C9
FFFFFCA1
FFFFFF92
000001C8
FFFFFEF9
FFFFF5FE
FFFFFB93
000002AB
0000040C
FFFFFDE7
00000510
FFFFF97E
FFFFFAAC
FFFFF2DB
0000101B
00000586
FFFFFFD7
FFFFF04B
FFFFF27A
000009C4
0000092D
00000888
FFFFFEB8
000006CE
FFFFF6AA
FFFFFC0F
FFFFF597
FFFFF866
FFFFFD7F
000005F6
FFFFF4EB
FFFFFF77
00000409
FFFFFA83
FFFFF576
000000CA
00000422
00000A79
FFFFFA18
000008DC
FFFFFCF3
FFFFFFDD
00000349
00000488
000003F4
FFFFEBF1
FFFFF92D
FFFFFC69
000001FD
FFFFF5BD
FFFFFB09
FFFFFB3C
FFFFF984
0000052A
000004BB
00000867
FFFFF70D
00000390
00000A80
000005AC
FFFFFF18
FFFFFA51
00000021
00000114
000000CF
FFFFFAC0
FFFFFCAE
FFFFFE0D
FFFFFBC3
FFFFF571
FFFFF673
0000035C
FFFFF48C
000009F9
000005E9
FFFFF560
FFFFF615
FFFFFF05
FFFFF661
FFFFF485
FFFFF4CB
0000084E
FFFFFDFA
000005AA
000004B2
000003EE
FFFFF95D
0000002F
FFFFF702
FFFFFC63
00000895
FFFFED9D
00000876
FFFFF40E
FFFFF7AC
00000172
FFFFF5E4
00000384
00000746
FFFFFA54
000000B4
00000757
00000053
FFFFF81F
00000322
00000772
0000005E
000006CA
00000CEE
000008B4
FFFFFD18
000007AA
000008C5
000002DA
0000045F
00000631
00000889
000004AA
000000D5
FFFFF8E4
000003BF
FFFFFFF9
FFFFF721
FFFFF5EE
000006EC
000007C6
000009C0
FFFFFFFA
FFFFFA12
000002D8
00000934
FFFFFFAD
0000043B
FFFFFF5E
FFFFFFC6
FFFFF563
0000041B
FFFFFBA7
00000984
FFFFFF3E
00000759
FFFFFFF8
00000557
00000001
000012B2
000008EE
00000D12
00000071
00000A0C
FFFFF68F
FFFFF781
FFFFF276
00000996
00000066
FFFFF4DE
00000670
00000A0B
FFFFFA1B
FFFFFD5B
FFFFFFC9
000001CE
000006B7
000000EA
FFFFF6B9
00000336
FFFFFFA9
000004DE
FFFFFAB2
000000FC
00000ED0
FFFFFA81
FFFFF71D
000000ED
FFFFFDF6
FFFFF8EB
00000563
00000844
FFFFFC7B
00000300
FFFFFF30
FFFFF167
FFFFFEF7
000001D5
000006E7
FFFFF1FB
FFFFF929
FFFFFDC3
000004CA
000000C0
FFFFF798
00000347
000002FD
FFFFF800
FFFFFC11
000007E8
000002FE
0000035F
00000249
00001145
FFFFFD20
FFFFEEA6
FFFFF4F7
FFFFF81C
FFFFF322
FFFFEF55
000005BF
FFFFFEE8
FFFFF692
0000018D
00000322
000008E5
FFFFF162
FFFFF2C9
00000023
FFFFF5E5
000009F0
00000AA5
000004C7
FFFFFC1B
FFFFEE95
FFFFFF03
FFFFFC71
FFFFFB9F
000002E6
FFFFFE83
FFFFFB66
FFFFFF60
FFFFFE4B
000001AD
FFFFFD53
00000B3E
0000088A
0000023F
FFFFF8F5
00000141
00000015
0000020C
00000275
0000062E
000005EB
FFFFFB3C
FFFFF2C3
00001320
000008F2
0000083B
FFFFF4C0
FFFFF893
FFFFFC17
FFFFFCA7
FFFFF601
FFFFF675
00000964
00000001
00000F6F
0000080F
00000842
00000EDB
0000066E
00000586
FFFFFAC3
00000164
000009D1
00000946
FFFFF1A8
FFFFFB1F
0000035B
00000862
0000003D
00000B99
FFFFF3D2
FFFFF63C
FFFFF70C
FFFFFDDB
00000CBB
00000726
000007A2
FFFFFC80
FFFFFF27
00000466
00000A4D
000009B8
FFFFF6C1
FFFFF761
FFFFF7D7
FFFFFB19
000006F2
FFFFFEAD
0000023A
FFFFFF41
FFFFFA96
FFFFFEF2
FFFFFC79
FFFFFB81
FFFFF6E5
FFFFF958
FFFFF7FE
FFFFFAB0
00000C15
FFFFFD08
000007AD
FFFFF952
FFFFFEF5
FFFFFD06
000002B2
00001090
FFFFF7F8
FFFFF677
00000052
FFFFFCC1
FFFFFFFF
FFFFFEC3
FFFFFE9E
FFFFFAC2
FFFFFE1C
000002E8
00000156
FFFFFB56
00000A75
FFFFFE84
FFFFFDCF
0000068A
FFFFFE0B
FFFFFFA4
00000221
00000C9A
00000B99
0000098D
FFFFFDBA
000002ED
00001DE8
FFFFFF16
00000A89
FFFFFC69
FFFFFA38
00000F5B
0000070A
00001733
00000DD2
000008A4
FFFFFB1D
FFFFFB13
FFFFFCFC
FFFFF797
FFFFFE7E
000007F7
0000042B
FFFFFAAC
00000459
0000073A
00000DC3
FFFFFEE8
000003CD
000007B9
FFFFFC9D
FFFFFD3B
00000977
0000005F
FFFFF33B
00001601
00000658
FFFFFC15
000003B3
0000140C
0000040F
000017AC
00000052
FFFFFE3E
FFFFF8DD
000002AD
FFFFF74C
FFFFF3AF
00000693
FFFFFFC6
FFFFF7A0
FFFFFE8E
FFFFF5FA
00000484
FFFFEC93
FFFFF99C
FFFFFB01
0000028B
00000892
0000043F
000004ED
FFFFEE58
FFFFF7D1
00000B5D
000003F7
00000654
00000A44
FFFFEFDB
00000A4D
FFFFFB54
FFFFF8D5
FFFFF308
FFFFF335
FFFFFE04
0000085F
FFFFFA6F
000001F9
FFFFF419
FFFFFDB0
FFFFFCA3
0000182E
0000050E
FFFFFC57
FFFFFA38
00000DA3
FFFFF8E8
00000281
0000032A
00000471
00000F76
0000004C
FFFFF25C
FFFFFA05
00000F0D
00001030
FFFFFA33
00000513
0000058E
FFFFFDEA
00000391
FFFFF506
FFFFFB41
0000021E
FFFFF9B0
FFFFF53D
00000932
FFFFFEE5
FFFFFB17
00000A75
000006A6
FFFFFE4A
FFFFFCCD
000000FC
FFFFFEBE
00000A1F
FFFFFCD5
000007BE
0000034B
00000898
FFFFF970
000008C0
FFFFF909
00000039
FFFFF99D
FFFFFC26
00001162
FFFFFB88
FFFFED22
FFFFF378
00000257
000003DF
000004DE
000004FC
0000037D
FFFFFDA2
0000166B
000002BD
FFFFFD42
00001782
00000C2A
00000816
00000512
00000618
0000065C
00000645
FFFFF96F
00000A7C
FFFFFFC8
FFFFF9E0
FFFFFC28
00000500
000006D1
FFFFFA0D
FFFFF951
000000CB
FFFFF4E1
FFFFF470
000007B5
FFFFF69C
FFFFFD71
FFFFFF31
00000C6D
00000044
FFFFEF24
00000D01
00000236
FFFFF893
00000BE9
FFFFFD8E
00000BF7
00000305
00000842
FFFFF170
00000932
00000754
FFFFFA84
00000645
000002BB
FFFFF433
FFFFFC60
FFFFFD20
FFFFFD31
00000C99
FFFFFD1D
FFFFFE34
000008B9
0000049D
000003C4
00000C16
FFFFFAA9
FFFFECCF
000005FC
FFFFFF8D
000000F8
00000CFB
00000118
000002C9
000002C8
FFFFF070
FFFFF1A8
FFFFF04D
000006B1
FFFFF7F4
FFFFF867
FFFFFDF2
00000409
FFFFFF17
00000644
FFFFF602
FFFFFD8D
00000205
FFFFFC75
000013DC
FFFFFF8B
00000309
FFFFF4E9
FFFFFFE5
000006E5
00000037
FFFFFB28
FFFFF409
FFFFFBA9
000014FA
0000070B
FFFFFB54
00000920
FFFFEE0D
00000682
000000A8
FFFFF573
0000093A
FFFFFA56
00000873
00001394
00000D6A
00000B2A
00001343
FFFFF5F5
FFFFFC3D
000006AE
00000372
000002A4
00000728
0000154B
00000091
FFFFF7D4
FFFFFC6A
FFFFFEB5
FFFFFA16
00000A3B
000006D1
FFFFFCDA
000007A7
FFFFFB05
FFFFFAB7
0000009C
0000148D
FFFFFE2E
FFFFFF5D
00000119
FFFFFFAA
FFFFFBC4
00001293
00000677
FFFFF021
00001388
FFFFF022
00001389
FFFFFDC4
FFFFFEA1
FFFFFEB7
00000146
FFFFF61C
FFFFFCD2
00000705
0000051F
00000E8E
FFFFF8A7
FFFFF800
FFFFF6E9
0000021B
FFFFEDFC
00000CFA
00000748
FFFFF3F6
00000150
FFFFFEF6
00000377
0000131C
FFFFFC7E
00000D32
000010E7
FFFFF98A
00000ADD
FFFFFAFD
FFFFFA51
00000439
000004D0
FFFFEFCB
FFFFF34E
FFFFF815
00000ECC
00000C65
00001085
00000B2D
0000064D
000003CB
FFFFFC8E
FFFFFD9F
FFFFFB97
00000AED
FFFFF5C1
00000BF4
FFFFFC10
00000A0C
000003B0
000004C7
FFFFFABF
000008DF
00000EE6
00001B1A
000010B4
0000135F
00000E4A
FFFFFD75
FFFFFD4C
000003E7
FFFFFCC6
FFFFFCE1
FFFFF4CC
0000061D
000000D6
FFFFFC5E
FFFFFA4A
00000B23
00000394
000004EF
00001170
00000A39
00000490
FFFFF654
00000321
FFFFFEB4
FFFFFB1B
FFFFF780
00000D97
FFFFEFD6
00000182
00000F02
00000295
FFFFF824
00000875
FFFFFE98
FFFFFC65
000005B6
FFFFECBF
000003C6
000004C5
000000B0
FFFFFBC7
00000CE2
FFFFFB7A
FFFFFB90
00001121
0000071C
000003A1
FFFFFEBB
0000040A
FFFFF7EB
000004BE
00000312
FFFFFAD4
FFFFFB47
FFFFFC02
0000084B
000002C9
FFFFFB1F
000005B8
FFFFF57F
000015A4
00000194
FFFFFB30
FFFFFC26
FFFFF5C9
FFFFF8C7
00001884
000005A5
FFFFF86A
00000A6E
00000C3D
FFFFFE21
00000EEC
000004CA
FFFFFC46
FFFFF659
FFFFFE5F
00000838
FFFFFBD8
FFFFF8A6
000002CC
00000160
FFFFFA6B
00000388
FFFFEEC1
000014CB
000006D6
00000374
00001253
00001396
FFFFFB32
00000820
FFFFFF25
FFFFFE88
FFFFF7F9
FFFFFDD3
FFFFFCF1
000006DD
FFFFFC62
FFFFF574
FFFFF298
000009F9
FFFFF58F
FFFFF88D
00000145
FFFFF16E
FFFFF1D1
00000559
0000087F
000001EB
FFFFFF19
FFFFF90C
0000093B
FFFFF2BD
00000175
FFFFFB19
FFFFF8AB
00000878
00000D87
00000627
00000104
FFFFFE95
000006AB
FFFFF6FE
FFFFFD9C
FFFFF62C
00000467
FFFFFC45
0000020C
FFFFF7AA
0000074A
00000970
000003B6
FFFFF9F3
00001341
0000063A
FFFFFD07
00000280
FFFFFE4B
FFFFFF3D
FFFFFE0C
FFFFFEDA
000007BC
00000090
00000CA5
FFFFFDAC
FFFFFA91
FFFFF673
00000191
00000297
00000163
FFFFFBFB
FFFFFA95
000002BB
0000095C
0000010E
FFFFFED2
FFFFFE5B
000009E0
00000D3A
FFFFF6C6
000000B6
00000C5A
FFFFF5E8
00000B03
FFFFFD25
FFFFF53A
FFFFFC26
FFFFF9AC
000003CE
FFFFF70B
0000030E
0000058E
FFFFF4B3
FFFFFC09
FFFFFF38
FFFFF66B
FFFFF1E6
00000541
FFFFFB13
0000077E
FFFFFBBD
FFFFFD91
0000079F
FFFFFADB
FFFFEC32
FFFFF387
FFFFF267
FFFFF600
FFFFFF27
FFFFFE3E
00000F91
00000AFF
000007E5
FFFFF91E
00000335
0000018E
00000B6B
00000AD1
00000B35
FFFFF7D0
FFFFFB74
FFFFFB37
000008CB
FFFFF9FD
000003CE
FFFFF460
FFFFFA18
000000AE
0000035A
000002BB
000004CF
FFFFFEB8
00000446
FFFFFA79
00000D04
000005C0
00000144
FFFFF8BA
00000AD4
00000CD3
FFFFF326
0000015E
FFFFFE4A
000005F6
000019EA
FFFFF963
FFFFF8A9
00000561
FFFFF3C7
FFFFF552
00000A5D
0000023A
00000135
FFFFFDEF
FFFFFA27
000000AD
00000806
0000057D
FFFFF412
FFFFFEB9
FFFFFAD1
FFFFFAF8
FFFFFB30
00000C6A
FFFFFD88
00000270
0000051B
00000363
FFFFF4E4
FFFFFCA9
FFFFFB7C
FFFFF8CA
00000466
FFFFF9F7
00000E81
00000040
00000430
00000B3A
FFFFF3EB
00000283
00000592
FFFFFF14
000005E7
FFFFF950
000005B8
00001AB2
FFFFE6D1
FFFFFB0E
000011A7
FFFFF2C7
FFFFF8C5
FFFFEA54
FFFFF92B
FFFFEDA9
FFFFEE78
FFFFF002
00000553
FFFFF4E2
FFFFF8A3
FFFFFC44
FFFFF29A
FFFFF8FA
FFFFF5A8
00000428
FFFFFBDF
0000066D
000006B5
FFFFFBDD
FFFFF33C
00000570
00000180
00001336
00000F13
FFFFF379
000000F1
00000BC8
00000781
FFFFF5C9
00000235
FFFFF5E3
FFFFF887
FFFFF391
FFFFF802
FFFFF705
FFFFFF6B
FFFFFE8F
FFFFFEE9
FFFFFC7B
FFFFF7D3
FFFFFAFA
FFFFF72E
FFFFF116
00000694
FFFFF554
0000080E
FFFFF51D
0000150B
FFFFF8ED
000003EA
00001A2E
0000050B
FFFFFA72
000012D9
00000461
FFFFFB9B
0000013A
FFFFF3F7
FFFFF629
FFFFF3B8
FFFFFEFF
00000597
00000232
00000774
000006EB
0000017B
0000068A
00001109
00000EBF
FFFFFB39
000004A4
000008E1
000004D9
FFFFF709
FFFFF246
FFFFF696
00000759
FFFFFE16
00000681
FFFFF989
00000003
000004ED
FFFFF59B
0000001C
0000011E
0000043D
000003AD
00000585
FFFFF5D7
0000107A
0000090A
FFFFFBD4
00000BC4
FFFFFA0F
00000563
00000E61
FFFFF6E1
FFFFFE89
00000319
000007EE
FFFFF296
FFFFFF4E
000003CA
000003CC
000010EE
00000282
FFFFFDBD
FFFFFE54
000009D4
00000452
00000848
FFFFF75B
00000943
FFFFFCF4
FFFFF7F0
00000235
00000E5B
FFFFFDDF
FFFFF204
FFFFFAE1
0000003A
FFFFF9C8
FFFFF58F
00000911
FFFFFB96
FFFFF2D2
00000D84
0000104B
FFFFFB51
000006BF
FFFFFAC9
FFFFF98D
0000065D
00000ABF
FFFFF712
FFFFFE8B
FFFFF7CC
FFFFF8B5
FFFFFE22
FFFFF5E5
000000EE
00000B2E
FFFFF799
00000269
FFFFFC19
00000E9A
00000562
FFFFF9A6
FFFFF622
00001021
0000074A
0000014F
0000032A
FFFFF2F1
00000200
00000401
FFFFFA2D
FFFFFFDA
00000769
FFFFFA9F
FFFFFA1D
00000C62
FFFFF94B
FFFFFBCA
00000775
00001B87
FFFFF600
FFFFF424
00000794
00000A71
00001267
000009AE
00000F3D
0000023C
000009C4
0000061C
00000E30
00000679
FFFFF715
00000D1A
FFFFF318
00000D42
FFFFFC55
00000689
FFFFFB29
FFFFFECB
00000B4D
FFFFEF0E
FFFFFA9A
00000953
FFFFF1D1
0000072D
FFFFF665
FFFFF905
000011A8
FFFFEF68
FFFFF4D7
000015EA
FFFFF3AD
FFFFFAE5
FFFFFBA7
FFFFFCE9
00000AAE
00000A83
00001010
000006EC
000001FB
FFFFFC9B
00000FF4
00000DF0
FFFFFF05
0000013E
000011F5
00000742
FFFFFDCB
00000E69
FFFFFA12
00000950
00000929
FFFFF1C2
00000239
FFFFF204
FFFFF61D
000003F9
0000064B
00000950
000006A4
00000BEC
FFFFF66E
FFFFFB49
00000D6E
00000427
FFFFFF38
000005D6
000009D6
FFFFF36D
FFFFFBD5
FFFFFAE8
FFFFF959
FFFFF9DD
FFFFFF41
0000019C
00000BB0
00000524
0000073B
FFFFE444
0000033E
0000041E
FFFFFAD4
FFFFF412
FFFFF984
FFFFF437
0000027E
FFFFF208
000004D5
FFFFF08D
00000782
00000055
FFFFF7EF
FFFFF8F0
00000A32
000008C1
FFFFFA68
FFFFFB2F
FFFFF96F
FFFFF143
FFFFF94C
0000093D
00000D5A
000006D3
0000081C
00000360
000016F4
FFFFFA09
00001091
000007DA
FFFFF63A
FFFFF864
FFFFFBF7
0000083A
00000B5A
FFFFF648
0000067B
FFFFFF01
FFFFFB4D
0000089D
00000443
00000A81
00000141
FFFFFD5A
FFFFF312
FFFFE951
FFFFEF07
FFFFF52E
00000290
FFFFFE2E
FFFFE998
0000005F
FFFFFBDC
FFFFFB80
FFFFFE42
000004EA
FFFFF6BE
00000091
FFFFEBFD
0000027A
FFFFF48E
000001BE
00000414
FFFFF92D
FFFFF91E
FFFFFEAC
FFFFF6E5
00000633
FFFFFBFB
00000727
FFFFFE77
FFFFFE30
00001121
FFFFFA42
FFFFFA5C
000003E6
FFFFF781
000001DB
000008D3
FFFFFB72
00000949
000009EC
00000DAD
0000165B
00000AB4
FFFFFB6E
00000E2E
00000DE7
00000FE5
00000094
FFFFF8AD
00000AFB
00001045
FFFFFD81
FFFFF399
FFFFF8DA
FFFFF8CE
000007B7
00000E4E
FFFFEDC9
000005CA
000009A2
000002ED
000002FC
00000DBE
FFFFFB8C
FFFFF4FA
FFFFFD23
0000022E
FFFFF313
FFFFF657
0000124E
FFFFFA0F
FFFFF4DF
0000098C
00000115
FFFFF48E
000003A1
FFFFF4AF
FFFFFA6E
00000819
00000BFB
000002F4
00000309
FFFFF8BE
00000629
FFFFF952
FFFFF511
000007B9
0000009B
00000614
0000042D
000005D5
FFFFF55F
FFFFFF00
FFFFFD6F
00000E1F
00000207
00000741
FFFFF794
FFFFFD67
00000A8D
00001642
00000A9A
FFFFED3C
00000D6B
0000085B
000003FC
00000868
00001283
FFFFFC8A
FFFFFA63
FFFFF6E2
FFFFF3E9
FFFFF289
00000813
FFFFF812
FFFFF78C
00000CBF
000005D0
0000003D
FFFFFFC4
FFFFF632
FFFFFC82
FFFFF4D4
0000033D
000009B7
00000884
FFFFF837
FFFFFE76
00000651
000004EB
FFFFF4C7
000010CE
FFFFF63F
000002CC
0000039C
FFFFF347
FFFFFCDE
FFFFF98B
0000114A
FFFFFD14
FFFFF585
00001076
0000069F
FFFFF747
FFFFF04C
00001386
0000066B
FFFFF115
000004E3
FFFFF2AA
FFFFF787
000006F7
FFFFFA1A
FFFFFC11
000000D1
00000481
FFFFFBAD
000007E1
0000010E
FFFFFD32
FFFFF4BF
00000869
FFFFF84F
000008F4
000007C6
000006AF
00000314
FFFFF1E8
FFFFFE8C
FFFFFFA5
00000631
FFFFFD12
FFFFFE7A
00000375
FFFFF939
FFFFEDB9
00000198
FFFFFD2B
FFFFFF3D
0000008C
FFFFF8FB
00000C74
FFFFF62A
FFFFEA48
FFFFEBB3
FFFFEFA1
FFFFF2D4
FFFFFCD6
FFFFF964
FFFFF787
000002FE
FFFFF741
FFFFFBF6
0000113F
000005F5
0000088C
FFFFF9F9
FFFFFC40
00000C5B
00000A25
00000585
00000647
FFFFF811
FFFFF9EC
000008D1
00000424
FFFFF98F
FFFFF57D
0000075B
FFFFECF7
FFFFFC60
FFFFF178
000005E4
FFFFFD0A
FFFFEBC7
FFFFF4D8
FFFFF3B2
000007C7
00000836
00000114
FFFFF40D
FFFFFF38
FFFFFD2A
FFFFF5E3
00000342
00000719
FFFFF574
000005BD
00000C84
FFFFFF8B
FFFFFB3B
0000046E
00000482
00000DE1
00000021
00001025
FFFFDEF2
00000029
FFFFEBEB
FFFFEFC6
FFFFF89E
00000269
FFFFFDE0
FFFFF8B9
FFFFF8B2
FFFFF718
FFFFFF14
000001E4
FFFFF4F8
FFFFFB4B
0000027B
FFFFFD27
FFFFFB58
FFFFFD7A
000005AB
FFFFFDFE
FFFFFDE3
00001116
FFFFF78B
00000AD0
FFFFFCA9
FFFFFD7B
FFFFF04F
00000719
FFFFFFBA
FFFFFDD0
FFFFF78F
00000376
FFFFFF0B
0000039A
000005C5
000004EE
FFFFFDB5
FFFFFE63
000005EF
0000012C
FFFFFC87
000006AE
00000158
FFFFF602
FFFFFDFA
FFFFF240
FFFFFE91
00000174
FFFFFB2F
00000009
0000041E
FFFFF5D5
000006D5
00000169
0000037B
000004FA
FFFFFBF9
FFFFF9E1
000009C0
FFFFFE5F
FFFFFEB7
FFFFFC06
000000DB
FFFFF61D
000000FB
0000024C
00000363
FFFFF98B
FFFFFD16
000001A8
FFFFFF2A
00000206
FFFFF573
00000C7E
0000043E
FFFFF4B5
000004C2
FFFFFFAA
FFFFFB7F
00000549
00000509
FFFFF3F7
FFFFFD59
00000640
FFFFF9F0
FFFFFA2A
000003AD
FFFFFA13
FFFFFAC5
000003F2
0000025F
00000113
FFFFF680
FFFFFF2E
FFFFFCAB
00000526
000000A8
FFFFF964
FFFFFD96
000001F7
000002CE
0000022E
000003E8
000003F6
000004D4
FFFFFC30
FFFFF8F1
0000002C
00000EC5
00000260
00000026
00000447
0000014C
FFFFFED0
000000AD
00000ABB
00000262
FFFFFD3A
000005CF
00000C05
00000024
FFFFFD2A
00000901
FFFFFE88
000009C1
0000082A
FFFFFF28
00000701
FFFFFEC1
00000323
000009A6
00000B0A
FFFFFD39
00000138
FFFFFCDA
000000B5
FFFFFC25
00000408
000002AF
00000714
000002C5
00000335
FFFFF8AC
00000046
FFFFF984
FFFFF9D6
FFFFF44C
FFFFF4A9
FFFFF5D4
00000032
0000009C
FFFFF89A
FFFFFE31
FFFFF9A3
0000097D
00000510
FFFFFD0A
FFFFFEC4
0000027A
FFFFF9E6
FFFFFD9C
FFFFFE24
00000063
FFFFFB32
000004A7
FFFFF9FC
00000505
00000F40
0000042C
FFFFFF5E
FFFFFC05
000002B7
FFFFFDE6
FFFFFDAC
00000398
000007AD
FFFFFD38
FFFFFB0D
FFFFF976
00000209
FFFFFAB4
FFFFFE09
0000044E
FFFFFD0C
000002E3
000006E6
FFFFFC4F
FFFFF95B
FFFFFDB6
00000717
00000403
00000614
00000756
0000037C
FFFFFABD
FFFFFBE3
FFFFFAE4
0000008F
FFFFF944
000002F1
000006BF
FFFFFA0E
00000949
00000280
FFFFFFBD
0000040D
0000055C
FFFFFBCD
FFFFF850
0000092F
00000934
00000281
FFFFF68E
FFFFFBE9
00000365
FFFFFBAB
000004F6
FFFFFBF4
000009E5
00000026
FFFFF7BA
00000827
FFFFFCC0
FFFFFE9D
FFFFF8C9
000007AF
00000101
00000933
00000946
000006FE
00000511
FFFFFBE6
FFFFFBD9
000000EF
FFFFFB2B
00000316
FFFFF965
00000696
0000073D
000003DD
000001C7
0000014F
FFFFFBE9
000003CB
000004F6
00000898
FFFFF9E6
000004FD
FFFFFD86
FFFFF952
FFFFFBEC
FFFFFF3C
0000006D
00000867
00000659
FFFFFB2E
00000027
FFFFFBF3
000003F4
000000A5
000002BD
FFFFFF21
000003A6
FFFFFE4B
FFFFFD41
FFFFFD70
000005A7
FFFFFF6E
FFFFF84D
FFFFFBBE
FFFFFEDB
FFFFFC86
FFFFFB3B
FFFFF7B6
000003FC
000006C7
000002E6
FFFFF795
00000127
FFFFF5AC
FFFFFC7B
0000022B
FFFFFD71
0000075E
00000088
00000274
FFFFFF0E
00000174
FFFFF7B6
FFFFFB02
FFFFF572
FFFFF687
000000FF
FFFFF561
FFFFFA4A
00000367
0000010C
00000DCF
FFFFFEDC
FFFFFA4A
00000574
0000092C
FFFFFDAD
FFFFFD7F
FFFFFC39
FFFFFBAA
FFFFF716
0000010A
FFFFFFC0
0000044C
000004DC
FFFFFDB6
FFFFFD48
00000644
00000057
000002E4
FFFFF9ED
000002A3
000005A5
000008E9
FFFFFEB3
00000132
FFFFFC3A
00000046
0000004D
00000BAC
00000A81
00000337
000005DE
000005BA
00000004
00000C53
FFFFFE9F
FFFFFF6C
FFFFFEE9
00000862
00000050
000003C8
FFFFFFFF
00000063
FFFFFDD5
000003DD
FFFFFC60
0000044C
FFFFF841
FFFFFEA2
FFFFF9DA
FFFFFB6A
FFFFFC4E
FFFFFB15
FFFFFDD2
FFFFF969
FFFFFA77
0000025D
FFFFFEDE
0000033C
000002C8
000001AD
FFFFF9BC
FFFFF9D7
FFFFFF3D
000000A2
FFFFF7FF
00000D60
0000008C
0000028B
0000005F
000003B6
00000330
00000158
FFFFFF11
FFFFFF05
FFFFF646
FFFFFED3
FFFFF6CF
FFFFF6C3
FFFFFBBD
FFFFFCB4
000002C4
FFFFFEBC
000004CA
FFFFFB04
FFFFF6FF
00000432
FFFFF67B
00000463
FFFFFFA1
0000051C
00000C02
000006B5
FFFFFE3B
0000018F
00000130
00000683
00000899
FFFFFC7F
FFFFFB46
000003B6
000003BD
FFFFF8A4
0000029D
00000961
000001A9
000001E0
FFFFFF02
000000D8
0000054B
FFFFFFDF
FFFFFC6A
00000219
FFFFF79D
FFFFFE2D
00000512
000005C8
00000BF6
0000086E
00000309
0000026A
00000832
000001BA
00000662
00000096
0000051A
000002C8
000002D2
000001ED
000009C2
FFFFFBAD
FFFFF7D8
FFFFF8CF
00000296
0000051A
0000030C
FFFFFE15
00000556
FFFFFCF8
FFFFF63C
000005A3
00000381
0000009C
00000310
FFFFFBE4
0000073F
00000421
FFFFFD49
FFFFFE96
00000750
0000038E
FFFFF9F8
000008B5
000006D1
0000034A
00000723
FFFFFA28
FFFFFC77
00000112
000001D3
FFFFFA3D
FFFFFD3C
000009F5
FFFFFC0D
FFFFFC1C
00000705
00000291
0000011F
0000031F
FFFFFEBD
FFFFFD4C
000000B9
00000A78
000001E8
00000A7A
000004BC
FFFFFB02
000002A9
00000049
FFFFFD2E
FFFFF676
FFFFF973
0000010F
00000633
000002EC
FFFFFBDD
FFFFFF77
000002D5
FFFFF849
0000000D
00000160
FFFFFDC0
0000072B
0000057E
000007D0
000002D9
FFFFFF41
FFFFFF24
0000026C
00000DAB
00000106
0000030E
FFFFFF47
FFFFFB7C
00000895
FFFFFAB0
00000149
00000165
0000070F
000003EF
00000641
FFFFFA31
0000022C
FFFFFDA2
000002BE
00000506
0000095C
000004E6
0000045C
0000051F
000009E8
FFFFFD2E
00000715
00000922
FFFFFAA7
FFFFF95D
0000003F
000000D9
00000067
000002A0
FFFFF96B
FFFFF9CB
FFFFF7FB
000001CD
FFFFFF0D
0000023E
000006DE
00000304
FFFFFD21
00000140
00000032
000003D9
0000078F
FFFFFB60
00000A29
FFFFFE74
0000058F
FFFFF9F6
FFFFFA40
FFFFFE5A
0000039B
FFFFFF32
000005EF
FFFFF8BE
0000079E
0000036A
FFFFFB49
FFFFFEBE
0000080B
000007C2
00000555
FFFFFBA1
FFFFFAEE
00000085
000009A1
0000048F
FFFFFDA9
000001A7
000001A5
FFFFF8A6
00000AED
000004A8
00000B92
FFFFFD77
0000094E
000006C8
0000085F
0000055C
00000698
0000044D
000003E8
FFFFF497
0000040C
000005D2
00000289
00000224
FFFFFAA6
FFFFF458
FFFFFF9B
FFFFFB34
00000872
000004BF
000005F7
FFFFFBF0
0000011F
000007CE
000001F5
0000080E
0000032E
FFFFF972
0000075B
000010D0
00000220
FFFFFA37
FFFFFD5C
000001BB
FFFFF72D
00000BF6
FFFFFC08
FFFFFFAB
00000586
FFFFFB9D
00000627
00000786
FFFFFB0C
0000016D
000003A4
FFFFFC11
FFFFF7F6
0000093B
FFFFF3B2
FFFFF51E
FFFFF9B8
FFFFFEE5
000005A3
00000E7E
FFFFF8D6
00000CB3
FFFFED93
FFFFFD0C
00000C20
0000001A
FFFFFD70
FFFFFA72
00000266
FFFFFB56
FFFFF9BD
FFFFFDBB
FFFFF5EF
000004CD
FFFFFA00
FFFFF782
FFFFFDE6
00000915
FFFFFE1F
FFFFF5CD
FFFFF1D6
FFFFFC70
00000A55
FFFFFEC0
000006D9
000003E3
00000B12
00000297
000001CB
FFFFFF24
00000B36
FFFFFB80
FFFFFCE5
FFFFFA78
FFFFFB01
FFFFF9D8
FFFFFBCA
000001BA
FFFFFDCD
FFFFF757
000007ED
FFFFEFC8
FFFFF67A
00000542
FFFFF667
FFFFFCBC
FFFFFAC5
FFFFF5B3
FFFFFF12
FFFFFCE0
FFFFF6DA
FFFFF67D
000000B9
FFFFF9DD
FFFFF1BA
00000597
00001013
FFFFFEAD
000002FA
0000077C
FFFFFFD3
FFFFFAD8
FFFFF0AA
FFFFF558
FFFFFF28
000002C9
FFFFF611
FFFFF16D
FFFFF9D9
FFFFF1DB
FFFFEF9D
FFFFFC63
FFFFFECA
000005B7
00000B2D
000002B5
FFFFFFDA
FFFFF4D7
FFFFF0B1
00000B4B
FFFFFE48
00000CF4
FFFFF448
0000021F
FFFFF652
000005D2
000009A3
00000083
00001087
00000835
00000DFE
00000792
00000216
FFFFFD96
FFFFFDE2
FFFFFE97
FFFFFC01
000006B2
FFFFF97E
000007D6
0000019D
FFFFF251
00000854
00000ABB
0000062B
00000613
FFFFFBAD
FFFFFAB6
FFFFFFD8
00000000
FFFFF671
FFFFF5C7
FFFFFF3C
0000074D
FFFFF7AA
000009FE
00000835
00000E82
FFFFFCFF
FFFFFB01
FFFFFEC8
FFFFF9AC
FFFFF294
FFFFFE36
00000147
00000A05
FFFFFEEB
00000233
FFFFFFDD
FFFFFE48
0000106C
FFFFFD82
FFFFFF07
FFFFFD1B
000009D8
00000504
FFFFFE4D
0000035A
00000473
FFFFF508
FFFFFA80
FFFFF7B5
FFFFF901
FFFFFA63
000001CE
FFFFFE43
FFFFFB5B
FFFFF9E5
FFFFF597
FFFFF138
000006FE
000004DC
0000104E
00000777
FFFFF4ED
FFFFFF94
FFFFFD9B
00000799
FFFFFDCC
FFFFF72A
00000008
00000BFA
00000241
FFFFF4CD
000004DC
FFFFF532
FFFFF8BA
00000B03
00000728
FFFFFB25
000000F0
0000047D
0000017F
000005F7
00000AC0
FFFFFDAB
FFFFFFD3
000011EA
00000C7A
00000326
0000096F
FFFFFB36
00000610
FFFFFAAE
00000FBF
00000D16
000000D2
000003CB
FFFFFB04
00000353
FFFFF364
FFFFF746
FFFFF4FB
FFFFFB2A
0000083F
FFFFFC51
00000539
00000818
FFFFFC05
000006FF
00000430
FFFFFF75
FFFFF7D0
00000AA2
FFFFF5C9
FFFFFCBE
FFFFFFDA
000005EE
FFFFFE01
FFFFFC24
FFFFF9DC
0000086E
00000567
FFFFFFD2
00000CA9
FFFFFCED
FFFFF788
FFFFF7AC
FFFFFD2A
0000001A
FFFFFF6A
000002E1
00000188
FFFFF490
00000A07
00000919
FFFFF528
FFFFFF44
000003BE
FFFFFD02
000001E9
FFFFFB42
00000AC5
FFFFFE2B
0000074F
FFFFFF14
FFFFF1FC
000003F2
00000A04
FFFFFEC4
FFFFFDDC
FFFFF632
FFFFFB1C
FFFFFE80
000005DD
FFFFFDE0
00000038
00001078
00000BBE
FFFFFF2C
FFFFFB77
FFFFF6F8
FFFFF3B9
FFFFFF37
FFFFFA45
000004F4
000002F3
FFFFF387
FFFFFCE6
000003F3
FFFFFA3E
FFFFF8A8
000001C7
FFFFF5E3
00000818
FFFFF422
00000EC7
0000038F
0000022D
FFFFFBC7
FFFFFDA4
FFFFFFAB
FFFFF526
000001FE
00000166
0000060C
FFFFFC5A
FFFFF4F6
FFFFFBB2
FFFFF6C9
FFFFF976
000003F8
00000856
FFFFFAB8
FFFFFA1B
FFFFFFAC
00000006
000003A2
000003CE
FFFFFFAE
FFFFF2B3
FFFFF501
FFFFF60F
00000619
00000D8F
FFFFFBFE
FFFFFBB2
000000D5
00000489
FFFFF7E4
0000051F
000008F2
FFFFFE9A
FFFFFA2F
00001066
FFFFFE71
00000018
000001EA
FFFFF4E8
FFFFFCA8
0000048C
00000957
000005F9
0000038F
00000892
0000076B
FFFFFE0B
FFFFF064
FFFFFFEE
FFFFFC0C
000007F6
FFFFFAE3
00000931
000003A6
FFFFFF5B
000008F5
00000A4B
00000390
00000062
FFFFF731
000003FE
0000063F
00000E89
FFFFFE6F
FFFFFBD0
00000750
FFFFF82F
FFFFF735
00000234
00000AAF
0000059A
00000596
FFFFF855
00000597
FFFFFAD5
FFFFFBD3
FFFFF8EC
FFFFF87C
FFFFF535
00000863
00000070
000006FB
00000180
00000224
FFFFF0C4
FFFFFF9A
FFFFF7A4
FFFFF87F
0000084E
FFFFF7CD
0000026B
000004F8
000002BD
00000373
FFFFF3A3
FFFFFB97
FFFFF8BD
FFFFFD20
00000346
00000653
000006A5
00000E02
00000A17
00000652
0000067B
0000011A
00000974
00000A8E
000009CE
00000C2D
000001F7
00000694
00000665
000003CF
FFFFFF5E
FFFFF799
FFFFF4DE
0000052D
00000661
00000BD6
FFFFFAD9
0000001F
000004BF
000004C4
FFFFF954
0000041B
000008AE
FFFFFD5F
000009E4
00000EF0
00000310
FFFFFD5B
0000033C
00000508
FFFFFCF7
00000032
00000006
FFFFF81C
FFFFF7D9
FFFFFE25
FFFFFEE1
FFFFF77F
00000E94
FFFFF760
00000AF7
00000525
FFFFF7CB
FFFFFFE8
000000A0
00000836
FFFFF2C5
0000015E
FFFFFD22
000007F3
FFFFFD12
00000886
FFFFF073
000003D2
FFFFFAA5
FFFFFF77
FFFFFACC
00000042
000003FA
0000036B
0000083D
0000020C
000001D5
000007E8
00000DF9
FFFFFCEA
000003F2
FFFFFBBF
0000088A
FFFFF2F3
FFFFFD24
FFFFFF0C
00000112
FFFFF136
0000080C
FFFFF888
0000004C
00000850
00000F81
000006AE
0000002F
00000B3A
FFFFFBF4
FFFFFBBD
FFFFF802
FFFFF3E2
FFFFFB63
FFFFFA64
FFFFFA26
FFFFFF3C
FFFFFC97
FFFFEDF7
00000777
000004E5
FFFFF3B3
0000011F
FFFFF96E
00000857
00000405
0000077D
00000509
FFFFF9BD
FFFFF9B4
00000A2D
FFFFF80A
FFFFFA41
0000035C
00000869
000006A2
00000559
FFFFF60A
FFFFF7D4
000009F4
000009BB
00000208
FFFFFC43
000001C9
FFFFECE3
FFFFFDD9
FFFFF9F9
0000019E
00000151
FFFFFCD9
FFFFFCF2
00000C3D
0000044A
FFFFFCDD
00000F99
0000100C
0000081E
FFFFFED2
00000230
FFFFF2DC
FFFFFEF6
FFFFFB45
000008F9
FFFFFAA0
00000657
FFFFFB03
FFFFFE61
FFFFF51D
FFFFFBA2
FFFFF364
0000071F
000008C3
FFFFF82C
0000082B
000005F9
000002D5
FFFFFCCE
0000027A
FFFFFBD2
00000668
0000032E
000004B4
00000283
00000242
00000656
FFFFFC24
00000021
FFFFF7C6
000004ED
FFFFFF1E
000001E2
FFFFFAF8
FFFFF45A
FFFFF32D
00000506
0000059F
0000026E
FFFFF5C9
FFFFEE0F
FFFFFD2D
00000B78
000005DD
00000D92
FFFFFAC6
FFFFF6D5
0000056F
00000156
000000A2
000000F9
000006BC
FFFFFF64
FFFFF1AA
FFFFF12B
FFFFFC9E
FFFFF339
00000E5A
FFFFF62E
00000A81
FFFFFBFD
00000AC8
FFFFF423
000007B0
000001AD
00000406
000001C2
00000C62
FFFFFCAC
FFFFFD94
00000668
FFFFF88E
FFFFF35F
FFFFF0D5
FFFFFB72
FFFFF9A6
FFFFFC56
00000470
FFFFFF70
0000033D
0000022D
00000CB4
FFFFF6A1
FFFFF54A
FFFFFB13
FFFFF496
00000F4D
00000A28
00000D3E
000002DA
00000846
FFFFF54D
000006BF
000012AC
00000BFE
00000F22
0000071C
FFFFF160
FFFFF7A5
FFFFFF1F
FFFFFC0D
FFFFFB26
FFFFF2DE
FFFFED97
FFFFF7E6
FFFFFF1A
00000BD2
FFFFFC79
000001EF
00000495
0000135A
FFFFF884
FFFFF51A
FFFFFB24
FFFFF67E
0000074E
FFFFF698
FFFFF57F
FFFFF03A
FFFFF1B0
FFFFFD8A
FFFFF19E
00000267
FFFFF8BA
00000F2B
00001171
FFFFFD1F
0000025F
FFFFFC4C
FFFFF30B
FFFFF1F3
0000069C
FFFFFF81
000005DA
00001592
FFFFF781
00000A70
00000AD7
FFFFFEC8
FFFFF95A
FFFFFCDF
FFFFFC23
FFFFFF3C
0000048F
FFFFF170
FFFFEDA9
FFFFFAFD
FFFFFBE9
FFFFF5D6
FFFFFF72
000013B4
00000FAC
000012DA
00000442
000013A6
00000D65
00000D9F
00000044
FFFFFCA6
00000B96
FFFFF896
FFFFFFCB
00000657
FFFFFE7C
000001E6
FFFFFD71
000008BF
FFFFF78E
FFFFECDE
FFFFF9F2
00000387
000000B4
000001E6
FFFFF01C
000004C7
FFFFFCAC
FFFFFFAF
0000088A
FFFFEFB2
000003BA
000008AC
FFFFFC8D
FFFFF77B
FFFFF3F4
FFFFFADA
FFFFF2CA
FFFFEFE0
FFFFFC6E
FFFFFB39
FFFFFD16
FFFFEF01
000006EF
0000027D
00000025
FFFFF48C
FFFFF201
FFFFFF28
FFFFECF1
00000966
0000098B
00000232
00000F71
000006A1
00000141
FFFFF9D1
00000B3A
000001E8
00000B4D
FFFFFDA5
0000051E
FFFFFBC9
00000538
000009CC
FFFFFFC5
00000AEE
00000CCD
00000675
000001CA
FFFFFBF1
FFFFF958
FFFFF6C4
FFFFFFAB
FFFFF834
FFFFFD22
00000873
FFFFFB12
0000066F
FFFFFD4F
000008ED
00000894
000009CE
FFFFEF4E
00000BA9
FFFFFF77
FFFFEBF0
00000A06
00000568
00000AA1
00000792
00000125
FFFFFD10
FFFFF143
FFFFEAAB
FFFFFB8F
000001FE
FFFFFA9E
FFFFFA4B
FFFFFDBE
FFFFFA9A
00000EE3
00000F29
00000302
0000103E
00000CC6
FFFFFABD
FFFFFF1B
FFFFFF08
00000417
00001113
FFFFFDFC
FFFFFDA6
00000348
FFFFF82C
FFFFF1FC
FFFFF480
00000042
000008FD
0000006B
FFFFFFCD
FFFFFB61
FFFFF347
FFFFF6EA
0000030D
000006F0
00000044
00000964
FFFFF469
FFFFEE58
000001CB
FFFFF3D1
00000E37
00000185
FFFFFCCE
FFFFFCBA
000000FA
00000A36
FFFFF681
FFFFFFDC
0000016F
0000047E
00000A84
FFFFF8AB
00000819
FFFFF77C
FFFFF02F
FFFFF760
FFFFF0E1
000000FC
FFFFFB12
FFFFF61B
00000914
FFFFF627
0000000F
FFFFEAED
FFFFEBA8
000004C2
FFFFF945
FFFFF709
FFFFE6CD
00000320
FFFFFDF4
FFFFFBAD
FFFFF797
FFFFDECA
FFFFF16D
FFFFFB05
FFFFE82C
FFFFE8DB
FFFFF7D3
FFFFF714
FFFFF3CB
FFFFFB84
FFFFFF9B
FFFFF8F5
0000074A
00000DA2
FFFFF2D7
FFFFF363
000009FE
FFFFF3E4
00000F68
FFFFFADC
00000C2F
FFFFF6D7
FFFFEF1E
FFFFF3B5
FFFFFC86
FFFFFEFA
00000D29
000004DF
FFFFFCBD
00000B86
FFFFFB6C
000006D1
00000E97
FFFFFF7B
000000C0
FFFFF8A0
000009B3
0000001C
00000DD3
00000E27
FFFFFDAA
0000106A
FFFFF870
FFFFF20E
FFFFFC58
000008B3
000001D3
000006E2
FFFFF3AC
FFFFFC25
FFFFF48F
FFFFF9B9
FFFFFCC1
00000AFB
00000FF5
FFFFF744
00001833
00000028
FFFFFA3C
FFFFF905
FFFFFC80
00000390
FFFFF521
0000031F
FFFFEBA7
FFFFFA10
FFFFF3BF
FFFFFF56
FFFFF4B6
FFFFE329
FFFFF766
FFFFF527
00000FB3
000002BE
FFFFFD96
FFFFFA02
000003DB
FFFFF583
00000433
00000F3D
000006C1
FFFFF92F
FFFFFBA4
FFFFEC9C
FFFFFBEA
0000074F
00000CF0
00000830
FFFFFBF3
00000516
FFFFE81D
FFFFF87A
FFFFF575
FFFFEAEC
FFFFF833
FFFFEFED
FFFFF373
FFFFF457
FFFFFBD1
000004D3
0000068E
00001348
FFFFFC38
FFFFF8A8
00000517
FFFFFF86
FFFFFF9C
FFFFFC8E
00000363
0000067C
FFFFFE77
0000024F
FFFFFD11
0000020D
FFFFF682
000005DB
FFFFFE13
FFFFF028
FFFFF9AF
00000071
FFFFFD6C
FFFFF918
FFFFFA50
FFFFE90B
FFFFED33
FFFFF0DE
FFFFF3BD
FFFFE52E
FFFFECCC
FFFFE3F0
FFFFF211
FFFFF6AA
FFFFED01
FFFFF8AA
FFFFF005
FFFFF69E
00000532
00000E23
000015A9
0000064D
FFFFFF67
FFFFF75C
00000D90
00000021
0000050F
FFFFECA2
FFFFFCBF
FFFFF74C
00001BD0
000004C0
000005AE
FFFFF0D6
FFFFF114
FFFFF9AA
FFFFF43A
00000C3F
000009DC
00000361
000007D0
0000015E
FFFFF104
FFFFF7E6
00000D9A
FFFFF87C
00000D19
00000323
FFFFFEEA
FFFFF81B
FFFFFF48
FFFFF6C8
FFFFFDC3
FFFFF1B1
FFFFE868
FFFFFC6B
FFFFF327
FFFFFE13
FFFFF71F
FFFFFA03
FFFFF755
0000003F
000004FB
000007BB
00000C70
FFFFF60E
000001D5
00000923
FFFFFB0B
00001144
FFFFFBF6
FFFFFD85
FFFFED59
FFFFF15C
FFFFFF54
FFFFF9D4
FFFFFA80
FFFFF91A
FFFFF33F
FFFFF609
000007D5
00000278
00000DBF
FFFFF0EB
FFFFFC14
FFFFFA20
FFFFFB00
FFFFF895
FFFFFCD7
000000B5
FFFFF956
00000CBA
FFFFFACE
FFFFFD42
000009AD
FFFFF1AA
FFFFF81E
000005DC
000003D1
0000077D
0000134E
000010E3
FFFFF85A
FFFFFD3A
FFFFF553
FFFFFB62
0000007F
00001075
FFFFFDAF
FFFFFE66
FFFFF794
00000204
00000207
00000038
0000087F
FFFFFF9D
00000E51
00000DFB
000016DA
000000DE
FFFFFAB5
000002BD
00000322
000009C5
FFFFF8D3
FFFFFF18
FFFFF187
000004EF
FFFFF5C4
FFFFF0EE
000013E4
FFFFF49C
FFFFEC52
000001B4
FFFFFBEE
FFFFED0A
0000020A
FFFFFA64
FFFFF31A
000008F5
FFFFF808
FFFFF7A8
FFFFF7A0
0000059A
FFFFF96C
00000034
FFFFFC25
00000A31
FFFFF868
FFFFFD38
0000015C
000003DC
00000BD6
0000050C
000009A9
0000055F
FFFFEDF6
FFFFF3DD
FFFFEACA
FFFFFD6A
FFFFF640
FFFFF9CF
FFFFF683
000001C1
FFFFF943
FFFFF843
FFFFF369
FFFFF938
FFFFEA53
FFFFFA8C
FFFFFF10
000007CF
FFFFF923
FFFFF9A6
00001126
FFFFF3FD
00000B64
00000978
FFFFF4B5
00000FD7
000011A4
000010CE
00000D71
FFFFFB46
0000014B
FFFFF44C
FFFFF9F2
FFFFF2A3
FFFFF9A1
FFFFF79C
FFFFF14A
FFFFFBBE
FFFFF0D9
FFFFF21F
FFFFF703
000001AA
FFFFF525
00000030
000003D0
000000DC
FFFFFE5C
FFFFFD08
0000070E
FFFFFD3A
00000101
FFFFFFD7
FFFFFA31
000000C6
00000419
00000996
000003C7
FFFFFA89
00000582
FFFFF894
000004EE
000005F0
FFFFED6F
FFFFFDA6
FFFFFC5A
0000042F
FFFFFC7B
FFFFF59B
FFFFFA26
FFFFFBCE
000008C9
0000006A
FFFFFBD0
0000074A
FFFFFE63
000000B8
FFFFFB53
00000579
00000277
FFFFFBB9
00000476
00000298
000001CC
FFFFFB54
00000196
FFFFFF68
00000173
FFFFFAA3
00000172
FFFFF7F5
000007B7
0000019B
00000011
00000017
000005FF
000004E9
00000A88
FFFFFCBC
00000224
FFFFFB7B
FFFFFF96
00000368
00000609
00000587
0000036A
FFFFFA6C
FFFFFE3C
FFFFFB03
FFFFEFC7
00000444
00000091
FFFFFB96
FFFFFD0D
FFFFF523
FFFFFD7A
000005A6
0000073F
00000210
000008EC
00000998
00000393
00000B2F
00000393
0000029F
000000E0
00000A05
000004B4
0000021C
00000028
FFFFFC85
FFFFF965
000001E4
FFFFFE7E
0000012F
FFFFFA62
000003A9
000001A9
0000020E
00000C99
00000AAD
00000011
00000A21
00000592
00000627
00000628
000001FC
00000015
000003CD
00000880
00000959
FFFFFF0F
FFFFFC15
FFFFFCA5
FFFFF708
FFFFFFF5
00000850
000001E6
FFFFFDE4
FFFFFF30
FFFFF625
FFFFF307
FFFFF4D4
FFFFF16A
FFFFF840
FFFFF6CF
FFFFF441
FFFFF5E9
FFFFF2EE
FFFFFA45
000003E6
FFFFFB3D
00000458
00000B31
FFFFFB0F
FFFFFD4C
00000BBA
0000010D
FFFFFB07
FFFFFAC2
00000389
0000039F
FFFFF6B9
FFFFFFD0
000002EC
FFFFFA4F
FFFFFA44
000001A4
FFFFFA0A
0000026A
FFFFFCAD
FFFFFEF3
00000711
FFFFFF14
FFFFF772
FFFFFD85
FFFFF916
FFFFFAEF
00000487
00000313
FFFFFF52
000002CF
00000028
000003FA
0000052C
FFFFFF55
FFFFFEA2
00000635
000003C6
000001F0
FFFFFB57
FFFFFFC2
00000648
FFFFFF56
FFFFF8C7
00000094
FFFFFE5B
00000111
00000D9A
FFFFF9C5
00000159
FFFFFF5B
FFFFF92A
00000687
000002FB
FFFFF91F
00000390
FFFFFF86
FFFFF7F1
00000716
00000554
000002CB
00000630
FFFFFFD4
000000E4
FFFFFD6F
000009FF
FFFFFA64
0000014E
000001A6
000000E0
FFFFF8F6
00000B75
000002A4
0000058C
FFFFFCD0
FFFFFB00
00000784
FFFFFCA7
000004C6
0000081A
00000360
000002D3
FFFFF76E
00000BB1
FFFFFCEF
00000568
FFFFFF22
00000876
000001C1
00000005
FFFFFDFC
00000022
00000E8E
000007E1
00000729
000008D0
00000535
00000778
FFFFFA99
0000025A
000000A2
000006D1
00000240
FFFFFE5D
00000496
000003C2
0000009E
FFFFFBE2
FFFFF9D8
000007ED
000009F7
FFFFFD89
FFFFFD24
000009A0
000005F5
000005C2
00000610
FFFFF5C1
FFFFFEA8
000002EC
FFFFF45E
FFFFFB6D
FFFFF3DD
FFFFF9A0
FFFFFD51
FFFFF7F0
00000058
FFFFFF6E
FFFFF89D
000002DA
00000043
FFFFF975
FFFFFDB7
FFFFF81F
FFFFF0E3
000000AB
FFFFF10E
FFFFF89C
FFFFF33A
FFFFF11E
FFFFFA67
FFFFF52A
FFFFF515
FFFFF96B
0000043A
FFFFFD52
FFFFFFFF
00000B84
000000CF
00000303
0000030D
0000012D
00000458
00000333
FFFFF861
00000879
FFFFFE96
00000042
00000967
00000321
FFFFF5C3
FFFFFA9A
00000215
FFFFFB4E
FFFFFD5A
000002EE
000005CA
0000005C
0000079F
FFFFF494
00000091
00000264
000001F3
000001A6
FFFFFECD
00000598
00000B15
0000020F
0000052F
FFFFFC40
FFFFFF11
FFFFF634
00000040
000007F0
00000893
FFFFFAB1
000004C5
FFFFFB1B
FFFFFD9E
FFFFFE86
FFFFF845
FFFFFAB5
000009B0
FFFFFC93
000000BA
00000180
FFFFFC10
00000483
FFFFFB75
FFFFF996
FFFFF88D
FFFFFB22
FFFFF9A3
00000144
000000A0
FFFFF6B0
FFFFF96F
FFFFF8D8
00000367
00000942
00000CA2
00000718
FFFFFB09
000003BF
FFFFFD0B
00000BAB
00000018
FFFFFD1C
00000075
0000041C
00000ADD
000000B1
00000825
000001AC
000005BC
FFFFFE6E
000000FE
00000716
0000090A
FFFFFFE6
00000936
00000294
000001BB
FFFFFE5D
FFFFFAD1
000003D0
FFFFFDE2
00000108
FFFFFC66
0000090C
00000315
FFFFFB69
000004EA
FFFFF9E1
00000667
00000953
00000975
00000084
0000071A
FFFFFEC1
FFFFFCBD
00000608
0000037D
FFFFFD00
00000486
000000D1
000004D7
FFFFFEDE
0000054F
FFFFFE59
00000873
FFFFFEB1
0000057C
000002ED
00000066
FFFFFB24
000000C2
FFFFF8E8
FFFFFFD9
FFFFFE53
FFFFFFB7
0000033E
00000784
FFFFFDC2
00000283
FFFFF7EA
FFFFF4FD
00000126
00000427
FFFFFD9A
FFFFFC41
00000050
000002D6
FFFFF832
00000484
0000024D
FFFFFEC8
000003CB
FFFFF876
00000273
00000907
FFFFFE98
FFFFFDE0
00000666
FFFFFAC5
00000477
FFFFFB9A
00000628
FFFFFC63
FFFFFF29
FFFFFD01
FFFFF694
0000079F
FFFFFD0A
FFFFFB1B
FFFFFF43
0000040F
000003FC
00000717
FFFFFF6B
FFFFFC02
FFFFFD3C
00000004
00000533
000003CC
FFFFF8C5
000001E8
FFFFFF5C
000006D9
000004CE
00000006
FFFFF8FD
FFFFFF6D
FFFFF8EE
FFFFFD5B
FFFFFCD7
FFFFFDC7
00000328
FFFFFCA0
FFFFFED4
FFFFF86A
FFFFF42E
0000009E
FFFFFD93
FFFFF7FD
0000038D
FFFFFB71
00000058
0000080F
FFFFFEF8
FFFFFCFF
000002F4
FFFFF9E1
000008A8
FFFFF9FB
FFFFFD99
0000049B
FFFFFDC8
00000090
00000C9D
0000031C
FFFFFEEC
FFFFFE3E
00000446
000006F3
000000CC
0000059D
000008B1
0000014F
FFFFFCBB
FFFFFCE8
000000EC
00000AA9
00000330
FFFFFF40
00000765
000004D5
000003DA
00000187
000004D4
FFFFFF55
00000682
00000A71
000000DE
000006DE
FFFFFF3E
FFFFFABA
FFFFF788
FFFFF645
FFFFF383
000000ED
00000379
FFFFFE63
FFFFFECB
000001E8
FFFFF809
FFFFFAAC
0000079A
000000C2
00000177
00000A0C
FFFFF95E
00000942
00000753
FFFFF976
0000001F
FFFFF821
FFFFFED4
FFFFFCB3
FFFFFB7E
000001C1
FFFFFA42
FFFFF74D
FFFFFB1B
0000087B
FFFFFB6E
000006FB
FFFFFC1E
FFFFFDB8
00000104
FFFFFB83
00000618
000005C3
00000CF9
000007EF
0000018D
000005C2
00000275
00000A3E
00000738
FFFFFE6D
000000C4
FFFFFC35
FFFFF984
FFFFFFF8
FFFFFD5E
000004C2
00000460
FFFFF6DD
00000001
FFFFF876
000003D4
FFFFFFEC
000007D5
000006B0
000005E4
FFFFFBCE
0000053C
000005BA
000002F1
000000F1
00000688
FFFFFB2B
00000AB2
00000D1E
000004AC
FFFFFCEA
FFFFFDBA
FFFFF9CA
00000D19
000006A4
0000078E
00000575
FFFFF5EB
00000A4F
FFFFFDC6
FFFFF965
FFFFF15C
00001B00
00000372
0000129C
00000350
00000644
FFFFFED4
00001042
00001415
FFFFFDCB
FFFFEF86
00000784
00000A47
00000B09
0000030F
000013FA
FFFFFFF7
FFFFE8C8
00000D96
00000E2F
FFFFFFC4
FFFFF479
00000E4F
000012E1
FFFFF80F
00000845
00001180
000010F3
00000C4F
00000083
FFFFFA04
0000106D
FFFFFE3E
000006FC
000005AC
FFFFFFC8
000005FA
FFFFFCF3
00000BDD
000001F4
00000C81
00000A0A
000001C1
FFFFFFC8
00000256
FFFFFB21
000001FA
FFFFFA61
00000534
FFFFF00C
00000830
FFFFFEB1
FFFFEA9D
FFFFEB6C
FFFFF8B5
FFFFFE69
000011BF
000006FE
00000850
00001394
000012A4
00000D50
00000C97
00000930
00001128
0000116F
000002C1
0000048A
000006FB
FFFFF621
FFFFEEF0
00000B02
000001DD
00000B19
00000FE2
FFFFF8E1
00000E16
FFFFF689
FFFFFBC8
00000B2F
FFFFFCA4
000000D1
FFFFF687
00000F15
0000042A
FFFFFACB
000001D4
00000209
00000704
00000DEF
FFFFF1D5
000004E4
00000B04
FFFFF723
0000064B
0000158B
00000216
FFFFF347
FFFFF4A7
00000137
FFFFFD0C
0000048F
FFFFF54C
FFFFFD3A
FFFFF6B7
FFFFF90E
FFFFFABC
00000153
000007A6
FFFFFC52
FFFFFE87
FFFFF933
FFFFF73C
FFFFEDD6
FFFFFFFC
00001015
FFFFFDC7
000006F5
FFFFFC2C
FFFFFA6E
FFFFFD48
000006E2
FFFFF3B3
FFFFF0D7
FFFFFA5D
FFFFEEE1
FFFFF556
0000089C
FFFFF695
FFFFF7E9
0000110F
FFFFF76B
00000C49
FFFFFB0A
000008E5
FFFFFB01
000001DD
FFFFFF74
0000085F
000000DD
000016F1
FFFFF8DE
FFFFFE31
000010F5
FFFFF6C0
000003F2
0000032A
FFFFFBE8
00000794
00000B13
FFFFF1B2
000001F3
0000088D
00000110
FFFFF504
0000015D
00000383
00000E3C
FFFFEDF5
0000002C
00000959
FFFFF634
FFFFEE41
00000209
0000070B
FFFFFF7E
00000EC5
00000CB5
00000A01
FFFFFB26
FFFFFAB6
FFFFF31F
000002FD
FFFFFC13
FFFFFEB7
FFFFF8F9
000002E5
000005F7
FFFFF6C4
00000666
FFFFF6EB
000003D8
000009A7
00000E52
FFFFFBF7
FFFFFF1F
FFFFFCF2
FFFFF8EF
000012F2
0000059E
00000BAD
00000890
FFFFFED3
00000B1B
00001258
0000053A
00000173
00000A67
0000124E
FFFFE85A
FFFFF5D1
FFFFFF95
00000572
FFFFFF84
FFFFF246
FFFFFF38
FFFFFD24
FFFFF2D7
FFFFF3F0
00001551
00000203
00000141
00000477
FFFFFF96
00000636
000008F4
00000C72
FFFFEFFB
00000B01
FFFFFB26
FFFFFA7A
00000C1A
00000CBF
FFFFF2B8
00000290
FFFFFC88
00000ACA
FFFFFB73
FFFFF5E7
FFFFF215
FFFFFC41
FFFFF91A
FFFFEBAC
0000079F
FFFFFD80
00000FB4
FFFFFEEF
000008D9
FFFFFD91
FFFFF781
FFFFFFF1
FFFFF801
0000070C
FFFFFB7A
00000D45
000008D7
000011D0
FFFFFF6F
0000056D
FFFFFE44
000009BB
0000034F
0000034F
000008F8
FFFFEC25
00000F4F
FFFFF560
FFFFF848
00000D1E
000004B0
00000B1E
00000154
00000ED4
000003E5
FFFFFD42
00000188
00000A53
00000504
000003AB
00000CDC
FFFFFCCF
FFFFED31
FFFFFDB2
FFFFEADE
FFFFEFC9
FFFFF869
FFFFF016
000008E1
FFFFFB30
FFFFE503
FFFFFCAC
FFFFF787
FFFFFA7C
FFFFFFD7
00000C2E
FFFFFE9F
00000600
000006C7
00000123
FFFFFB2C
00001414
000003C0
00000135
00000432
FFFFE9F1
00000531
FFFFFFD0
FFFFFA83
00000367
00000A8F
00000ED9
FFFFF219
0000125C
FFFFFF8C
FFFFFC6E
FFFFFDED
000001CD
FFFFFFDA
FFFFF9AE
FFFFF6AE
00000BDA
000006F6
000009F4
FFFFF231
0000064E
00000235
FFFFEBB0
0000031C
000001E0
FFFFEB53
FFFFF78D
FFFFF83C
FFFFF356
0000078A
FFFFEB81
00000501
FFFFF964
00000341
FFFFFADF
00000A59
00000010
FFFFEE76
00000A7D
00000648
000005A2
000001D9
0000016F
FFFFF7C1
FFFFF63B
00000860
FFFFE586
FFFFF363
00000098
000002F3
FFFFFF8F
00001382
00000828
00000239
00000F16
00000298
000017A3
000005A7
FFFFF711
00000B65
FFFFF88E
FFFFF4FC
000000D8
000002D0
FFFFF5D9
FFFFF2FF
FFFFF331
FFFFF500
00000392
00000F98
FFFFF9C3
0000153D
00000A6D
FFFFF50B
0000098B
FFFFF7EB
FFFFF35C
00001198
FFFFFFFE
00000B9D
0000063A
FFFFF288
FFFFFC3D
FFFFF468
00000459
00000937
00000A72
00000D3D
00000AB9
00000603
0000059F
00000F67
00000A4D
0000025F
0000008D
00000151
00000B48
FFFFF046
FFFFF2DF
FFFFFDCD
FFFFF500
FFFFFD50
0000083D
FFFFF93D
FFFFF621
FFFFF552
FFFFF936
FFFFF505
FFFFF6C5
0000069F
FFFFFC4C
000006DE
000007E2
FFFFFEB4
00000522
00000451
FFFFF70C
000003DD
FFFFFC6B
FFFFFB9A
00000093
000004B9
00000274
FFFFF440
FFFFFB10
FFFFF8AB
00000534
FFFFFBA1
00000810
FFFFF3FA
FFFFF994
00001158
FFFFF6E9
00000047
00000952
0000049C
000012CC
00000D12
FFFFFB42
FFFFFC35
00000942
FFFFFC2E
00000703
000000BC
0000021B
FFFFF838
00000716
000004D6
FFFFFCCB
FFFFFC15
00000BCA
00000D51
00000139
00000415
0000007F
00000F2F
00000D2C
FFFFFB99
000000C5
FFFFF72C
00000B18
FFFFF9B5
000002AE
FFFFF69B
000001FE
00000339
FFFFF9E1
000013D8
00000937
FFFFFB02
000000B9
FFFFFD91
FFFFF1D1
FFFFF83B
00000C4D
00000E9F
00000B2A
00000A96
FFFFFE37
FFFFF5C5
FFFFF512
00000624
0000055B
FFFFFE30
00000CCA
000011A2
00000404
FFFFF799
FFFFFB7B
FFFFFA90
FFFFFEEB
00000294
FFFFF72C
FFFFFCDA
00000C01
000007B6
FFFFFB97
00000365
FFFFF961
00000552
FFFFFA02
FFFFFE70
00000342
FFFFEFE4
00000EEB
FFFFF205
FFFFF675
00000208
000005B1
FFFFF631
00000674
FFFFFC7C
00000164
00000240
0000170E
00001031
00001427
FFFFFAED
000000C2
00000938
FFFFFBD1
0000085B
FFFFFD06
FFFFFC44
00000956
FFFFF33A
00000B89
FFFFF385
00000002
0000003C
00000E7C
FFFFFAFE
FFFFFC4A
0000043D
000000EC
00000794
000006C5
00000A27
FFFFFBE6
00000395
0000025C
00000F45
FFFFF7A2
00000A69
0000038F
FFFFF796
00000AA6
FFFFFF3E
FFFFFC9F
FFFFEEC0
000004C9
00000B9A
000004A5
FFFFF177
FFFFEEBB
000005CB
0000088C
FFFFFF1B
FFFFFFF8
FFFFFDDE
FFFFFAD8
FFFFF854
00000CF2
FFFFF971
0000185B
00000305
00000F73
000009BD
000006F7
0000035F
0000064F
FFFFFD4A
FFFFFC2F
FFFFF56B
FFFFFF06
00000A58
00000158
00000237
FFFFF5C3
FFFFFDF2
00000565
000000DB
FFFFFED9
000002F0
FFFFFCBB
FFFFF949
FFFFF85A
FFFFFFF4
FFFFFA5C
00000298
FFFFF53D
00000272
FFFFFCF1
FFFFF689
FFFFFB27
00000AB6
FFFFF3C6
000003C5
FFFFFA00
00000512
FFFFFB60
00000364
000007B0
FFFFFA4E
FFFFFD6F
000000C4
00000267
000006AA
FFFFFF0E
FFFFFD3B
FFFFFF52
FFFFFF0E
FFFFF866
00000C90
00000366
FFFFFEB6
FFFFFD1C
000005CD
000003B2
FFFFF5DC
FFFFFF76
FFFFFB85
00000403
0000056E
FFFFF9F8
FFFFF90B
000003EA
00000128
00000240
00000090
FFFFFF44
00000373
FFFFFB0F
FFFFF6C4
FFFFF92F
FFFFF590
FFFFF873
00000283
FFFFFEEA
000005ED
FFFFFE12
0000003A
000006EB
000005B8
0000090B
FFFFFED6
FFFFFCCB
00000356
000003C2
000000F9
000005F6
FFFFFB82
FFFFFDF7
FFFFFBC2
000000C1
00000369
0000014F
000000AC
FFFFF9A3
FFFFFC14
00000050
000003E4
FFFFFF08
FFFFFF0F
000001B9
00000681
FFFFF770
000005A2
000003E6
FFFFFBD8
FFFFFCB2
000003DB
000004F9
FFFFFDA9
0000020B
0000059C
FFFFFA98
000003CD
FFFFFDCB
000002DB
FFFFFE37
FFFFF72C
00000590
FFFFFF47
00000456
FFFFF818
FFFFFAAC
FFFFFB3C
FFFFFC71
FFFFF969
00000162
FFFFFD60
00000598
000001AC
000005F9
00000210
00000A25
FFFFFDF6
00000C54
000000C3
FFFFFF35
000001A8
FFFFFF75
FFFFFFD6
00000427
000002F1
00000689
000000D0
00000079
FFFFFCD2
FFFFFE16
000002D6
000000C0
FFFFF5BF
FFFFFC24
FFFFFDE8
FFFFFD7A
FFFFFD9E
FFFFFCBB
FFFFF71E
000007C0
FFFFFFE5
000008D1
FFFFFC1C
FFFFFFD2
FFFFF873
000006CC
FFFFFC5F
FFFFF888
FFFFFB2C
FFFFF4D1
FFFFF453
00000185
FFFFF72A
000003DA
FFFFF85E
FFFFFB8F
FFFFFD4C
FFFFF2C7
0000018A
FFFFFEA0
FFFFFDCA
FFFFFF88
00000131
FFFFFF27
FFFFFE24
FFFFFF10
FFFFFFC9
00000698
0000028A
000006D9
00000217
000001BB
000004AA
000000FD
FFFFFDC3
00000814
FFFFFC70
00000097
00000692
000000AC
000003F2
FFFFFDDA
FFFFF905
00000287
FFFFFE19
FFFFFEBA
0000042A
FFFFF95C
00000198
00000640
000001FE
0000024A
FFFFFEA3
0000067D
FFFFFD00
00000596
00000557
FFFFFEB8
FFFFFFD5
FFFFFE9E
FFFFFBF7
FFFFF703
FFFFFA6D
FFFFFB35
00000103
FFFFFDE2
00000101
FFFFFC11
FFFFFDDA
FFFFF5DA
FFFFF66D
FFFFFF19
FFFFF97B
FFFFFFFA
000003B2
FFFFFB9B
FFFFF98E
FFFFFE29
FFFFFD07
FFFFFB14
00000730
00000395
000004BD
000006AA
00000069
00000056
000003F7
00000559
FFFFFBA9
00000090
FFFFF84F
FFFFFDFD
FFFFFD6A
FFFFFE57
FFFFFF73
00000407
FFFFF9D2
FFFFFDFB
FFFFFD6B
FFFFF9C8
00000917
00000779
FFFFFC02
FFFFFA52
00000737
00000BF8
FFFFFC22
000002F4
FFFFFD56
FFFFFC69
00000BBE
0000081D
FFFFFD4A
00000B96
FFFFFC1C
000000C7
FFFFFC61
000008F9
00000830
FFFFFDB0
0000028D
FFFFFC01
000003EF
FFFFFAF1
0000016B
FFFFF840
00000557
000000C6
0000004A
FFFFFF3B
FFFFFA81
FFFFF9B9
00000343
00000204
0000047B
00000098
FFFFFF11
0000049E
FFFFFCAC
00000226
000003E9
FFFFFC6A
00000106
FFFFFE43
FFFFF61D
FFFFF513
0000005F
FFFFFA87
FFFFFCD6
0000046D
FFFFF989
FFFFF382
FFFFFDA4
00000024
FFFFFB21
FFFFFD72
FFFFF98A
FFFFFC4F
FFFFF96B
0000024C
00000247
FFFFFD40
00000415
FFFFFAAD
000006B7
0000018E
000005E8
000005CC
FFFFFDD2
0000041E
FFFFFB13
FFFFFAF5
0000035E
FFFFFC48
FFFFFD4F
00000174
FFFFFED6
0000030A
FFFFFEDA
FFFFFCD6
000001B2
FFFFFB03
000000BE
FFFFFA4E
FFFFFF04
FFFFF9A4
00000284
FFFFFA49
FFFFF58A
000005DC
000006D1
000009BF
000001E8
FFFFFC6F
FFFFFB49
000001DA
FFFFFE6C
0000024E
FFFFF98C
FFFFFFD6
0000062E
FFFFFB8B
00000210
FFFFF68D
FFFFFEAA
000008B5
0000009E
000004E4
FFFFFF63
FFFFF82A
FFFFFF6D
00000371
FFFFFFA3
FFFFF53A
000003D8
000001EF
000001EC
00000008
0000002D
FFFFFA79
FFFFFE6C
000002A9
FFFFFB37
00000062
FFFFFA27
FFFFFEA7
00000399
000003D4
0000008A
000003BB
00000244
FFFFFBA1
FFFFF5DD
FFFFFA92
FFFFFE3D
00000155
0000000F
00000049
FFFFFE25
FFFFFEA9
000001CA
000003D8
FFFFFBCF
FFFFFF7E
FFFFFD37
00000229
FFFFF90A
FFFFFC5E
FFFFFD53
FFFFF9FF
000000B2
00000409
0000085B
FFFFFDF9
FFFFF87A
FFFFFE6C
000005E4
00000804
000001C3
00000202
000002E0
000003EF
00000ECD
FFFFFCD9
FFFFFF3E
FFFFF6BA
FFFFFFE3
FFFFFD19
FFFFF9F9
FFFFF817
000003D2
FFFFFA2E
0000006E
0000035A
FFFFFEFC
FFFFF999
FFFFF50D
FFFFFB8F
FFFFF983
FFFFFFB0
FFFFFE31
FFFFF58B
00000345
000002A5
FFFFF717
FFFFF4F0
00000320
FFFFFB61
FFFFFB77
00000540
FFFFF943
000003A6
FFFFFBDD
0000008C
00000165
FFFFFD76
FFFFFC17
FFFFFF2A
FFFFFD07
FFFFFB4F
0000068F
000003C5
0000002F
FFFFF719
FFFFF4E6
FFFFF801
FFFFF7E4
000002D1
000003B4
FFFFFE01
FFFFF530
0000067D
FFFFFA7E
FFFFF3D0
FFFFF7C6
FFFFFF0A
FFFFFCE9
FFFFF560
FFFFFB16
FFFFFD4E
FFFFF86D
FFFFFD8C
FFFFF768
FFFFFF69
00000142
000002A6
000003F9
00000605
000006A5
FFFFF8AF
0000055F
FFFFF9EF
FFFFFD0C
00000603
00000000
FFFFFC27
FFFFFD09
0000071D
FFFFFB57
FFFFF986
0000023F
FFFFFB8C
FFFFFC1E
0000020B
FFFFFB99
0000051C
00000579
000003E2
FFFFFCC3
FFFFFF6C
FFFFFC17
FFFFFCAE
FFFFFC4A
FFFFFD2F
FFFFF891
00000121
FFFFFF31
FFFFF6A3
FFFFF227
FFFFFB74
000005C2
FFFFFEBA
FFFFF6BD
FFFFF718
FFFFF787
000001EC
00000736
FFFFFF97
0000018D
00000D97
00000840
0000025A
FFFFFFA2
FFFFFEB8
00000617
FFFFF8EF
FFFFFCB6
FFFFFB59
00000997
0000018E
FFFFF8C8
FFFFFE51
0000052A
FFFFFEEE
FFFFF79E
000004A7
FFFFFEEB
FFFFFC6B
00000A36
FFFFFE0F
00000415
FFFFFB97
FFFFFF8B
FFFFFE26
00000664
000005AD
FFFFFFDF
000001D9
00000167
FFFFFF07
00000544
FFFFFB46
FFFFF980
FFFFFB11
FFFFFC46
FFFFFA97
FFFFF8ED
FFFFFD29
FFFFFA46
00000245
FFFFFDCC
0000026E
FFFFFB46
000000ED
0000070B
0000061B
0000032D
FFFFFE29
00000278
FFFFFC7E
000000F4
000003EF
00000183
000001C0
00000AFE
FFFFFDDF
00000259
FFFFFB5D
00000469
00000E94
00000E69
FFFFFABC
0000093A
00000418
000011BE
FFFFF3F6
000004F9
FFFFF3B0
00000DED
FFFFF92E
000008EB
000002DF
00000224
00000A92
0000041F
00000875
00000678
00000671
000018B1
000007FB
00000174
00000E4A
00000F15
FFFFF52B
000012C4
FFFFF6A1
0000008F
000006B4
FFFFF84C
FFFFF7EE
00000712
00000CBC
FFFFF95A
FFFFFD5B
FFFFF87E
0000060B
000009B3
FFFFFB55
FFFFFB28
0000070A
000004DD
FFFFFA72
0000096C
000006A2
00000771
00000957
00000848
00000B33
000002E0
000004B8
00000476
00000032
00000754
00000124
FFFFF3CA
FFFFF3AC
0000020C
00000C4F
FFFFF509
FFFFF9DB
00000DA4
0000092D
00001062
00000363
0000026D
00000037
00000AC9
0000131D
00000AEB
00000BC3
0000073C
00000AE4
00000413
00000694
00000394
FFFFF666
FFFFFFA4
FFFFFAEC
FFFFF588
00000293
FFFFF80C
00000A05
FFFFFFB3
FFFFFF4E
FFFFF4F0
FFFFFE51
00000536
FFFFF48E
FFFFFDB3
FFFFF881
000000AA
FFFFF229
FFFFF5F6
FFFFF6E5
FFFFEFD8
FFFFFAA9
00000AA5
FFFFF6DE
FFFFFBA4
FFFFEF5E
FFFFFBA9
FFFFF993
FFFFF3B9
FFFFFFF6
00000092
FFFFEEA1
FFFFF91D
00000340
FFFFEFB9
0000036A
FFFFED68
0000002F
FFFFFD7D
FFFFFE22
00000268
FFFFF10A
FFFFF867
00000917
FFFFFC80
00000075
FFFFF800
00000652
00000841
FFFFF853
FFFFF6AA
FFFFFEA7
000004F8
FFFFFB50
0000070C
FFFFF821
00000211
FFFFFF0C
FFFFF655
00000969
0000083A
00000036
00000488
FFFFFA73
00000DD0
FFFFFFE7
FFFFF6D2
000008F0
FFFFF7FF
00000496
FFFFFEDB
0000071B
FFFFF9A4
00001219
000008D4
000001BD
FFFFF659
00001239
00000204
FFFFFC69
FFFFF711
0000090C
0000043A
FFFFFCB8
FFFFF9B6
FFFFF990
FFFFFC5D
00000263
FFFFF9A2
FFFFFE71
00000046
FFFFFC9C
FFFFFDFB
FFFFFC42
00000399
00000756
FFFFFA37
FFFFF807
00000953
00000CEE
0000010C
0000011A
000000C4
0000007E
000002A8
00000E5D
00000238
FFFFFB26
0000152D
00000B71
FFFFF1A1
000001D9
FFFFF7B9
00000408
00000807
000005BC
FFFFFE8B
000004ED
FFFFF59C
0000047A
FFFFFA94
FFFFFA8F
000007D2
000008A3
FFFFF776
FFFFFA09
00000947
FFFFF60B
0000040D
000002AB
FFFFF703
FFFFF804
FFFFF6A7
00000214
FFFFFDCE
FFFFF43F
FFFFFA60
FFFFFF17
00000816
FFFFF9B7
FFFFFA8F
FFFFFDC0
00000590
FFFFFB02
000007BD
FFFFEEB8
FFFFF8A2
00000770
FFFFF758
FFFFEF6D
FFFFF5B6
00000166
000006BF
00000B9D
FFFFFC1B
FFFFF6CF
FFFFFF31
FFFFF3C4
FFFFF209
00000A5C
00000C6A
FFFFFDCD
FFFFF8A8
0000073A
FFFFFCDA
00000C88
FFFFF4A5
FFFFFCF6
000002AE
FFFFF6A9
00000006
000004B5
00000914
FFFFFC33
FFFFFF0B
0000005C
FFFFFC66
FFFFEF85
FFFFF3DA
FFFFFE62
FFFFFF1A
FFFFFE5B
00000147
FFFFFE63
FFFFFC7F
FFFFFB7F
FFFFF68E
00000705
0000004F
FFFFF198
FFFFF4F2
00000043
FFFFF47F
FFFFF6EA
00000009
FFFFF857
FFFFF5B3
000013A5
FFFFF351
FFFFFA7D
000007FA
FFFFFBD1
00000129
00000C15
FFFFFB96
000007B7
00000AB0
FFFFFADB
FFFFEFF0
00000742
000004F1
FFFFFACE
0000050C
FFFFFA4C
FFFFFF8F
0000058B
FFFFF1E8
00000731
00000747
00000460
000002D9
FFFFFEE3
0000049F
FFFFFF9F
0000040F
FFFFF34D
FFFFF414
FFFFEB5E
00000074
FFFFF77E
00000B0E
0000099F
00000BE8
FFFFFDAA
FFFFEDD1
FFFFF5EF
FFFFF794
00000632
000006ED
000004DF
00000A93
0000031A
00000075
00000458
FFFFFBE8
00000633
FFFFFACF
FFFFFC82
FFFFF776
FFFFF3B6
FFFFF2B3
FFFFFEAA
000003ED
0000094F
0000084F
FFFFFED2
00000979
00000302
000007D2
0000034D
000003DF
00000081
FFFFFCE3
FFFFFA2D
00000994
000000CC
FFFFFF6F
00000ABC
FFFFED93
FFFFF9A4
00000668
00000AFE
00000701
FFFFF6D7
FFFFFA23
FFFFFA65
00000DE4
FFFFFA56
00001833
0000093E
FFFFF3D1
FFFFFA62
0000054F
00000385
FFFFFEB1
000009E3
0000032E
FFFFF24C
0000057E
000002E4
FFFFF26B
000004EC
FFFFF6A1
FFFFF3C7
FFFFFAEA
FFFFFF22
0000045A
000008B1
FFFFFCD0
FFFFFE59
FFFFF890
00000303
000000EA
FFFFFE62
00000494
FFFFFED6
00000DA9
FFFFF6D5
00000364
00000087
FFFFFBDD
00000CB5
00000B90
FFFFFCC3
FFFFFB5D
00000DE6
00000DA5
00000312
FFFFFED8
FFFFFCD8
000005D5
FFFFFB26
FFFFFFB2
FFFFFC38
FFFFF8CC
FFFFEB80
FFFFFA16
FFFFF199
FFFFFD48
FFFFFD26
FFFFFA79
FFFFFBC0
FFFFFC8B
00001BB4
00000520
00000707
00000711
FFFFFA33
00000707
FFFFFEAB
00000A2B
0000058D
00000E51
0000072A
00000035
000001FD
000013A0
000004D4
0000065B
FFFFFBF7
00000713
000002AA
00000F29
FFFFF95C
FFFFFC8C
FFFFFF26
00000559
FFFFFC91
000014F6
000000E9
00000170
000000B0
000008B3
00000309
00000102
00000373
FFFFF23B
FFFFFF66
FFFFFBFE
000004AE
FFFFFCCF
FFFFF50A
000005AC
FFFFF206
FFFFFDBE
000005A0
00000897
FFFFFA9B
FFFFFD3E
FFFFF7A9
00000A15
FFFFF625
0000012A
000002F0
0000007C
FFFFFF92
00000193
FFFFF8BF
000016AF
FFFFFC55
00000214
00000824
0000126A
000000C1
000007E9
000009EC
00000579
FFFFFAB1
FFFFF764
FFFFFFC5
0000070C
00000412
000002FD
00000109
FFFFFBD6
FFFFF080
FFFFED6A
FFFFF494
00000302
FFFFFB43
FFFFF9EA
FFFFFF78
000000CB
FFFFFD72
FFFFF366
FFFFEAAA
00000277
FFFFFD22
FFFFFF5D
FFFFFE09
FFFFFFA4
FFFFFE85
FFFFF4DE
FFFFFDA8
00000518
FFFFFD36
FFFFFB8D
FFFFFD54
000001DA
000000A8
00000421
0000074A
FFFFF8C8
000005DC
FFFFFB51
00000500
00000E3F
00000908
000002B2
FFFFFC03
FFFFEEB3
00000A6C
000002BB
FFFFF5A5
FFFFF40C
FFFFF9FD
FFFFF8A0
FFFFF542
00000357
0000087D
FFFFF798
000001E9
00000858
00000202
FFFFF2F1
000001BE
FFFFFEC3
FFFFF7EF
FFFFFEA0
00000A6C
0000018E
FFFFFA2B
FFFFF87C
FFFFFB1A
FFFFF8AF
FFFFF738
FFFFF0EF
FFFFFD08
000000D5
FFFFEEB8
FFFFEE30
FFFFF510
FFFFF974
000004CE
000005FF
00000840
000001EA
00000C72
FFFFFD56
00000C3D
000009B4
FFFFFF46
FFFFFCEF
00000AAA
000004AB
00000090
FFFFFF6C
FFFFFE41
FFFFEF40
FFFFFD27
FFFFF983
00000986
00000377
FFFFFAED
00000AB5
FFFFF68B
0000060D
FFFFF92E
FFFFFC84
FFFFEC83
FFFFF093
00000BCD
FFFFF87A
000001C0
00000CBB
000000EF
FFFFFB46
FFFFF887
FFFFFA62
000003A4
FFFFFD3D
0000106C
00001229
000000ED
FFFFF9C2
FFFFF40A
00000702
0000019B
FFFFF95D
00001FC5
00000547
000000B0
FFFFFEE8
FFFFF663
FFFFFC67
FFFFF98E
00000493
000013A7
FFFFF0B7
FFFFFF14
000000FC
00000744
FFFFFA6F
000000C0
FFFFF780
0000025F
00000119
FFFFFA67
FFFFFED0
FFFFFB64
FFFFFEA2
00000653
FFFFFE0F
00000163
00000257
000002A2
FFFFF843
FFFFFF99
FFFFFD43
FFFFFC51
FFFFEF57
FFFFFACC
00000068
FFFFFF69
FFFFFC38
0000011B
FFFFF087
FFFFFFFD
FFFFEFF9
FFFFFA71
00000136
FFFFFD5C
0000123C
0000100C
00000532
FFFFFD5E
FFFFEFF0
0000007F
0000109F
00000AFC
FFFFFBDD
000002A7
000004C4
00000091
FFFFF7D4
00000BEC
00000601
000002DF
FFFFF6C6
FFFFFF9D
00000BEE
FFFFF4E7
000000C2
0000029E
00000E06
000005EE
FFFFF87C
000008AC
000001FD
0000054D
0000080F
FFFFFE40
FFFFF330
0000024B
FFFFF2D8
FFFFFB84
FFFFF8A2
0000127C
0000043F
000003C5
FFFFEF6B
FFFFFBD7
00000907
0000004F
FFFFF05C
0000047D
FFFFF1D2
FFFFFE0A
FFFFF45B
00000917
00000A6E
FFFFFA2E
0000081A
000007E7
FFFFF7E7
FFFFFC82
0000014A
FFFFF2B6
000005B9
0000037D
FFFFF850
000009B4
0000055C
FFFFF5C6
00000894
000009D1
00000871
00000419
000004F5
FFFFECB3
000004D0
FFFFED75
FFFFFAD5
FFFFF808
FFFFED67
00000253
FFFFFA46
FFFFF6F7
FFFFF593
00000DD2
0000058F
0000022A
FFFFFFD3
FFFFFA21
FFFFF8A5
FFFFF936
00000905
FFFFFAD2
FFFFFE80
FFFFFE7F
FFFFF78C
00000360
FFFFFC9C
FFFFFD92
00000143
FFFFF314
FFFFF0AF
FFFFF828
00000A0B
0000021D
FFFFF730
FFFFFCD0
FFFFF036
00000425
00000561
FFFFF57E
FFFFF8BC
FFFFF565
FFFFFD4C
00000720
FFFFFD7F
0000038E
00000CF2
FFFFEF21
FFFFF9E2
FFFFFF37
0000038E
FFFFFF8D
00000093
FFFFFF0B
000003FA
FFFFF6D4
FFFFF97E
FFFFEF46
00000EC9
FFFFEF15
FFFFFECA
FFFFF771
FFFFEC87
000003D4
000007A1
FFFFF503
00000349
00000BC0
0000044A
00000CD3
00000FFC
FFFFF025
FFFFF55B
000004A0
00000132
FFFFF38E
FFFFF9FE
FFFFFD8A
FFFFFC5A
FFFFF983
00000B23
FFFFFCB5
FFFFEB54
FFFFFA63
FFFFFBC2
FFFFF24A
FFFFF8FC
FFFFF48B
00000415
FFFFF5DA
0000020F
FFFFF80C
FFFFFD27
FFFFF77A
FFFFF060
00000392
FFFFF850
FFFFFA65
FFFFF8D5
00000918
FFFFF530
000007DC
00000A85
FFFFFA2B
00000B43
000006D9
FFFFF10D
FFFFFFB5
FFFFFDF8
FFFFFD9A
00000370
FFFFFE15
FFFFFD68
FFFFFA41
FFFFF910
FFFFFFCC
0000034C
FFFFF4E3
000007CD
0000010F
00000AAA
00000BD4
000003E3
FFFFFBC1
000008E5
000005D3
FFFFF6E9
FFFFF33B
00000D50
FFFFFAB6
00000784
FFFFF661
FFFFFB29
000002A0
FFFFF21C
FFFFF5E1
00000B4E
000000D4
00000B49
FFFFF2E3
00000090
00000DE1
00000687
000004E8
0000139C
FFFFFF59
00000671
00000A4D
FFFFF89D
FFFFF625
FFFFFDA5
0000083B
FFFFFF9F
00000DA8
000019D8
0000112C
FFFFF975
000007F6
FFFFFC91
FFFFFF0D
00000419
FFFFF151
FFFFF984
00000507
00000933
0000006D
00000914
00000070
000008DC
00000C95
00000326
0000091C
0000035D
FFFFFDA5
FFFFFA32
FFFFFFEB
FFFFF9B9
000002C3
000013F6
FFFFFE8B
000005C1
000006DB
00000464
00000929
FFFFFD02
FFFFFDE9
000001B8
FFFFF75B
FFFFF63D
FFFFFC41
000002F4
FFFFFF3A
00000DE9
FFFFF6E8
FFFFFB98
00000906
0000083F
00000250
00000C3C
00000B4C
00000216
FFFFFB39
00001150
FFFFFFCE
FFFFEFB6
00000356
FFFFFEA9
00000C31
FFFFFF01
000008CF
00000E9A
00000667
FFFFF812
00000715
00000AD6
00000C52
000011C7
00000195
FFFFFF98
FFFFF7BE
FFFFFEFA
00000558
00000789
0000116D
FFFFFA08
000005C2
000004EA
FFFFF8EA
000011E8
00000B56
FFFFF4AC
FFFFFE7F
00000103
FFFFFF8A
FFFFFBB9
0000011D
00000095
00000C36
0000087E
0000081A
FFFFFE47
00000FAE
000000D2
000003A9
00000021
FFFFEF40
FFFFF688
FFFFF4D1
0000069A
0000020A
FFFFF7B0
000000B8
FFFFFD05
0000066E
FFFFF9A8
FFFFFDAF
0000075A
FFFFF058
FFFFFC70
00000620
FFFFFBC6
00001258
FFFFF089
000004C9
0000048B
000001D5
FFFFFCD8
0000041F
FFFFFA90
000009C4
FFFFFA74
000010E4
000000A3
00000BD1
00000726
00000463
FFFFFC8D
00000260
00000FFE
FFFFFCE9
FFFFF9DC
FFFFFC53
0000045D
FFFFFE2D
FFFFFEDA
FFFFFD50
000007E2
00000828
FFFFF8F8
0000086B
FFFFF6E5
00000D72
FFFFF98A
FFFFF4DA
000001B3
000010DA
0000016D
FFFFF725
0000087F
00000C5B
FFFFF9FA
00000887
00000BEB
000001D9
000009F9
000015C5
00000235
000005F2
FFFFFD75
FFFFEB4D
FFFFFD88
FFFFFDDE
FFFFFC34
00000D0E
0000010F
00000D8A
FFFFF4E0
FFFFF944
0000075C
FFFFFAFD
FFFFF962
000009F4
FFFFF962
FFFFFEBB
00000847
FFFFF808
00000A8F
FFFFF946
FFFFF719
FFFFFDD1
FFFFED4A
000003B6
FFFFFE33
FFFFF1B3
FFFFFE5C
FFFFFAA6
FFFFEE02
FFFFFD02
0000024B
FFFFF78F
000005C0
000014EA
00000CF3
FFFFFC13
FFFFFD90
FFFFFD9E
0000007C
000003D0
FFFFFDC4
0000075C
000005F0
0000056F
FFFFF10D
FFFFF151
00000344
FFFFF54D
FFFFF6D6
0000011E
00000313
00000A95
FFFFF119
000001C2
FFFFF523
FFFFFC9A
FFFFFF3E
00000371
000001ED
000006A3
00000335
000002BE
000006F5
000000A9
FFFFF283
FFFFFE36
00000BA8
FFFFFF9D
FFFFF5C8
FFFFF643
00001394
FFFFF9D6
0000087C
FFFFF3D7
00000615
FFFFFB2C
FFFFF495
00000D6A
000002EA
000003B3
FFFFE93A
00000111
FFFFF93E
FFFFE6AB
FFFFF757
FFFFF042
FFFFFAB4
FFFFFC8E
00000281
000003A4
00000B5E
FFFFF30D
00000F02
0000018E
00000D7D
0000076D
FFFFFB24
0000159C
000009AB
FFFFF604
00000488
FFFFEC71
FFFFF1F3
FFFFF216
0000019B
FFFFF81F
0000061F
FFFFE9E6
FFFFF9F5
FFFFF1E0
FFFFFDF9
FFFFF2E3
000002F6
0000059C
FFFFEE22
000008F3
FFFFFC6F
000002BA
00000100
FFFFFA52
00000810
00000473
FFFFFE41
0000039D
00001475
FFFFF353
FFFFF935
FFFFFC7F
FFFFF4B5
FFFFF00C
FFFFFF22
FFFFFA97
00000FA6
FFFFFDDF
FFFFEEB6
0000065F
FFFFF37B
FFFFFE78
FFFFED18
000002F2
FFFFFC92
FFFFF450
FFFFFA45
000008DF
00000ACB
00000C50
0000062E
FFFFF4A1
000000FD
FFFFFA18
FFFFFC5A
FFFFFEEF
FFFFFB05
FFFFFE52
FFFFF2AE
FFFFF909
000003B0
00000F74
00000B9B
FFFFF533
00000CBF
00000727
FFFFFD71
00001C7B
00001E47
FFFFFB1A
000001CA
0000059F
00000C30
000009E1
FFFFFBDF
00001383
000004C4
0000043C
00000A46
FFFFFE02
000000E9
FFFFFE62
FFFFFD05
000013C2
00000855
FFFFFEBC
00000A0F
FFFFF6FE
000005B3
00000094
00000087
00000E28
000002D8
00000262
00000047
00000869
0000048F
00000789
FFFFF435
FFFFFCF2
FFFFFFC6
FFFFFA24
FFFFEFB7
FFFFEF49
0000083E
FFFFF5BE
0000006F
00000ABE
00000FB6
00000880
0000065E
000000D8
FFFFF973
000005B6
00000A6C
00000113
FFFFFB42
00000329
FFFFF1BD
FFFFF796
000006F2
FFFFFF43
FFFFFD0B
FFFFF5CF
FFFFF9AC
00000225
0000046D
00000E1A
FFFFFFE2
00000770
000004B2
FFFFEA45
FFFFFF49
FFFFF470
FFFFF80A
FFFFFF08
FFFFF6C9
FFFFFE9E
FFFFEA07
FFFFF570
000001CF
00000C56
00000804
FFFFF507
00001068
FFFFF74B
FFFFF4B5
00000929
FFFFFDC9
FFFFFC72
0000009C
FFFFEDE7
00000E88
FFFFF575
000008E0
0000115E
000011F3
000009DC
00000C67
00000A9D
000007FB
000008B2
0000053C
0000104E
FFFFF6B5
FFFFF817
00000142
FFFFFF5C
FFFFF53F
000006E4
00000450
0000027D
FFFFEE15
000001A6
00000CE6
000003F2
00000540
FFFFFAB5
FFFFF3A9
0000116C
00000411
FFFFF344
000010F2
FFFFF54C
FFFFF709
00000A3A
00000773
000001C2
FFFFFAA7
FFFFFFD2
FFFFEC8B
FFFFF813
00000C55
000004BA
000003DD
00001BFC
FFFFFAAC
FFFFF225
00000F4B
00000514
00000BCD
00000588
00000028
FFFFF4F1
00000A0D
FFFFFA7A
00000D22
00000A82
FFFFFB1E
FFFFFD2D
000007BD
00000355
000005FF
FFFFF4F8
FFFFEF6D
FFFFFBA8
00000D08
FFFFFB47
0000146B
FFFFFA2E
00000C04
00000E1D
FFFFF892
FFFFFEE4
FFFFFC9E
00000C7C
0000054B
FFFFFE6D
FFFFF6F0
000004E1
FFFFFB84
000000DF
00000109
FFFFFA66
FFFFFF10
0000007D
00000EE9
00000F6D
0000001F
FFFFFD90
FFFFF507
000000D4
FFFFF28F
FFFFF2D0
0000076D
00000ED1
00000790
000003C0
FFFFFB05
FFFFFE9D
00000E7B
0000018A
FFFFF54D
00000D37
FFFFF384
000001B9
0000092E
FFFFF8D8
FFFFF824
FFFFFB04
00000C42
FFFFF573
0000086B
000000E1
00000273
FFFFFC53
00000AAF
FFFFEFEC
FFFFFECB
00000A7F
FFFFF6B4
000005EC
FFFFFE30
00000B54
FFFFFFC6
0000016A
00000B24
0000010D
00000984
FFFFFD37
FFFFFEDD
FFFFFF90
FFFFFDE4
FFFFF9F2
FFFFF2E1
000005FF
0000099F
000006DB
FFFFFA89
000003E7
FFFFFC67
FFFFFDA0
FFFFF7CA
FFFFF761
0000041B
00001268
FFFFF711
FFFFF5F0
00000693
FFFFF60A
00000E8E
000002E5
FFFFEC22
00000C2E
FFFFFC32
FFFFF716
00000BAF
FFFFEE32
FFFFFE98
00000117
FFFFFEE5
FFFFF4FA
FFFFFA4D
FFFFFEA5
FFFFEE96
FFFFF244
00000011
FFFFFA2B
FFFFF9F8
00000AA6
FFFFF23F
FFFFFA89
000006F2
FFFFF248
FFFFF258
00000874
FFFFFDD8
FFFFFB9E
FFFFF30A
000004A3
00000418
0000051E
00000402
FFFFEF0B
FFFFFCEB
FFFFF87E
00000C0F
FFFFFC31
FFFFF03A
FFFFFAF7
FFFFF62C
FFFFFCDF
00000B99
FFFFEA58
FFFFFBC0
FFFFF2A1
00000466
00000F53
FFFFFDB2
FFFFE822
FFFFFD43
FFFFFCA4
FFFFF906
FFFFFE19
00000E88
FFFFF6B1
FFFFFB29
FFFFFBAF
FFFFFEF3
FFFFF87E
00000183
FFFFFDAF
FFFFFB2C
FFFFF635
00000283
0000037E
00000BF9
00000786
FFFFFA2C
FFFFFB57
FFFFFDD7
FFFFF969
FFFFF6D9
FFFFF14D
000013C2
00000B66
0000067D
0000147E
FFFFF419
0000039E
FFFFF7F5
00000EED
00001077
000006B3
0000147D
00000C61
FFFFF084
0000016E
00000154
FFFFFEC6
00000596
000000CB
FFFFF9F5
FFFFFCB0
FFFFFAC7
00000799
00000599
FFFFFB0E
0000088C
00001189
FFFFFF74
FFFFF90B
FFFFEC9F
0000016B
00001586
FFFFF6AC
00000543
FFFFFEAE
FFFFFEC5
00000425
FFFFFC1D
FFFFF88F
FFFFFB17
0000039A
00000BD6
FFFFFF12
FFFFF986
00000384
00000501
00000245
000003B4
FFFFF610
FFFFF5CC
FFFFF186
0000029D
000002BA
FFFFF8FD
FFFFF3FA
0000030C
00000EAA
FFFFF598
FFFFFB44
00000B67
FFFFFA8A
FFFFF21F
000004AD
000007B3
FFFFFC13
FFFFF4D5
FFFFF9D2
FFFFF5F3
00000523
00000A34
FFFFFEA0
0000004F
00000B2C
00000500
00000963
000007EE
FFFFFA82
FFFFFA96
00000338
000009A0
000007EA
FFFFFD0F
0000074A
FFFFF874
FFFFFBE0
000010AF
FFFFFD42
FFFFFB6C
000001B8
FFFFF782
FFFFF9CA
000015F7
FFFFEE31
FFFFF331
000013E4
FFFFFEE5
00000457
00000548
00000D7F
FFFFF202
00000896
00001120
FFFFEFA4
00000726
00000C39
FFFFFD6A
00000CDC
00000697
FFFFF8CE
FFFFF70D
0000051C
00000654
FFFFF6E4
FFFFF78A
00000DB8
00000557
000007D3
000005A8
FFFFF229
FFFFF75F
00001150
FFFFFA30
FFFFEC97
FFFFFC22
000004D8
000009F8
FFFFF0F9
FFFFF811
000004DF
FFFFFD71
FFFFF7AB
FFFFED4C
FFFFFA5A
00000987
FFFFF2E5
FFFFF2F1
00001280
FFFFFD7E
FFFFFCF3
000006AD
00000BB5
00000B98
FFFFFB44
FFFFFF31
FFFFF8AA
FFFFF942
FFFFF7D1
FFFFF639
00000B0B
FFFFF147
FFFFFED0
FFFFFC88
000006A8
FFFFF99E
00000EF4
FFFFFEBA
FFFFF943
0000049C
00000CCC
00000904
FFFFF28C
0000006D
0000037E
FFFFFFFE
00000C5D
FFFFFCA6
FFFFFF2D
FFFFF2F3
0000039B
FFFFFCDF
000002A2
FFFFFB69
0000030F
000004B8
00000999
FFFFFE31
00000ED9
000002FB
00000A9A
FFFFF29B
FFFFFF16
00000C36
0000048E
FFFFF441
000002D6
00000172
FFFFFFDB
0000041B
FFFFF169
00000425
FFFFFAF7
FFFFFC41
FFFFF764
0000047B
00000ACB
FFFFF6B9
0000016E
FFFFFE67
FFFFF8A6
FFFFFD91
00000CA2
000009B9
FFFFF804
FFFFFE0E
00000DD4
FFFFF694
FFFFFE6E
0000102E
0000098A
000003CA
00000495
00001236
FFFFF98C
0000023D
FFFFEA91
FFFFF613
00000757
00000B5C
FFFFF980
000003A6
FFFFF7D1
FFFFEB05
000007F7
FFFFFB3B
0000125D
FFFFFB43
000004AD
FFFFFF66
00000D40
FFFFF88B
00000BD7
00000079
FFFFEECB
00000219
FFFFF0CC
00000922
00000620
00000482
00000340
FFFFF903
0000051B
FFFFFAC3
FFFFFFFD
FFFFFD96
FFFFF769
000011E7
FFFFF6B5
0000080A
FFFFF8D2
FFFFFCD5
00000977
000007DB
FFFFF42D
00000373
000012C0
0000027A
00000338
FFFFFB79
FFFFF346
00000A4D
FFFFF987
00000F8B
0000018C
00000FC8
FFFFFFAF
FFFFFDAD
000019E6
00000C8D
0000096B
FFFFFFA4
000003D3
00000187
FFFFEFEE
0000106A
000008B6
FFFFF04B
0000006E
FFFFFD88
00000481
FFFFF3BF
00000CE7
FFFFF783
000018A4
FFFFFFCF
FFFFF164
FFFFFF88
FFFFFA5C
000008FE
FFFFFDA1
FFFFFE2F
000002C9
FFFFECFA
00000256
00000922
00000850
00000D7F
FFFFFF3E
FFFFFE7E
000008A1
FFFFFBCA
FFFFED44
000011EB
00000836
00000B68
00000C72
FFFFFEC4
FFFFF54B
FFFFFC61
00000F31
FFFFF73F
00000FBC
00000475
00000A39
000000B3
00000AFD
00000026
00000789
FFFFF9F5
FFFFFEF2
FFFFFA69
FFFFFF61
FFFFFEEC
FFFFFBC0
FFFFF7BB
FFFFFB40
000002BA
00000687
00000054
00001195
FFFFF6DB
FFFFFCBF
FFFFEEFC
FFFFF321
FFFFF42B
FFFFF281
0000033E
000012AF
FFFFF62E
FFFFE7DA
FFFFFD8D
FFFFF5DD
FFFFEC53
FFFFFE72
FFFFF61F
FFFFEF69
FFFFF6E8
00000E5E
000005A1
FFFFFB6A
FFFFFE04
0000095C
00000951
FFFFFFC2
FFFFEC80
00000659
00000C04
FFFFFD27
00000994
00000E31
0000075E
FFFFF07D
000000EF
FFFFFD1F
00001005
00000B07
FFFFFDDF
00000D4D
000006ED
FFFFFA21
FFFFFDBB
00000BB9
FFFFF2A1
000004CE
00000B95
0000031E
00000A6C
00000AB6
00000CD5
0000035A
FFFFF95C
0000060E
000017AF
00001388
FFFFF8EC
FFFFF38E
00000E30
00000644
FFFFED20
00000C50
00000B6B
FFFFF334
0000062D
000010F9
FFFFFFD6
00001360
0000073B
00001636
FFFFFB62
00000281
00000FEA
000013BE
00000418
00001808
FFFFFCDE
FFFFF4CB
FFFFE920
FFFFEDE0
00000405
FFFFF43C
FFFFF9C5
000004DE
FFFFEE11
FFFFFD07
FFFFF8F9
FFFFFD26
0000002E
0000010C
FFFFF510
FFFFFCDA
00000C11
000008AD
00000243
00000409
FFFFF178
00000098
FFFFF5A0
FFFFFA56
000010D5
0000124D
FFFFF0F2
00000001
FFFFF417
00000C21
000006DF
FFFFFD2C
0000094A
000009A8
FFFFF700
FFFFFE05
FFFFE61F
00000CEC
FFFFF876
FFFFF2A6
00000F1F
FFFFF2B3
FFFFF89F
000000DC
FFFFFB59
FFFFF89B
00000035
000002B2
FFFFF1B2
00000449
FFFFFEA0
FFFFFF6E
FFFFFF54
000000A7
FFFFF3DD
FFFFF9BA
00000602
00000B3A
00000661
000002CC
000008A0
00000C32
000003C0
FFFFF4A6
FFFFFC9F
00000505
00000AF3
FFFFFFC4
00001062
000003C5
00000356
FFFFFC6F
00001104
000002ED
0000097B
00000C9A
00000481
000012DC
00001933
FFFFFCED
FFFFF9DB
0000062E
000000EC
FFFFF01C
FFFFFF27
00000B40
FFFFFCEF
000003AC
FFFFEFF0
00000A47
000005EC
FFFFF9F9
0000156D
FFFFFB1B
FFFFFAA0
00001670
000002E4
00000EB9
00000E1B
000019B8
FFFFF0D2
000011F8
FFFFFBFE
000003BA
0000056A
0000148E
00000F33
FFFFF9D8
FFFFFFDC
00000106
0000106A
0000087F
000002C3
000009B0
00000011
000005EF
0000035F
FFFFFF0F
FFFFF924
00000715
000004CF
00000BCA
FFFFFFAD
FFFFF628
FFFFFB8B
00000ABB
FFFFFA55
FFFFFC62
0000090B
00000C9A
FFFFEE07
FFFFFCB6
FFFFF126
FFFFF883
00000BF7
00000AAD
00000CE3
FFFFEEB4
00000F0D
000002FD
FFFFFB70
FFFFFFB7
FFFFFA03
00000882
FFFFF57B
FFFFF657
00000372
FFFFF86B
FFFFF939
FFFFE871
FFFFF839
00000CB7
00000AC6
000009B1
FFFFF6FA
00000C44
00000692
00000120
00000A0C
00000222
FFFFEF83
000006B7
00000804
FFFFFA5A
00000191
000014BC
FFFFFF4D
00000280
FFFFFDDE
000004F1
00000C33
FFFFF544
000002C1
000001E4
00000C2E
FFFFF9D2
00000930
000007E7
FFFFF95B
FFFFFD80
00000F15
FFFFF522
FFFFF659
FFFFFA81
FFFFF347
FFFFF4BE
0000071E
FFFFF935
0000114D
FFFFFCB0
FFFFFF91
FFFFFCE0
FFFFF38D
FFFFFB34
FFFFFF6F
000002CA
000018DC
0000077C
0000063E
FFFFF874
FFFFFED0
FFFFF4BE
000006F3
00000B53
FFFFFD68
0000082A
0000018C
FFFFF19D
00000449
000010F9
00000105
FFFFF420
0000056D
00000749
00000A21
FFFFF977
FFFFEEC4
FFFFFC8A
FFFFEF94
FFFFFE6D
FFFFF99F
0000075E
000007AF
FFFFFB4D
FFFFF29C
FFFFEEFD
FFFFF86A
00000487
000001F5
000004F9
000002EA
00000028
FFFFFFBE
000002DF
0000080D
FFFFF0A8
000001F6
00000390
FFFFFF1A
00000929
00000C50
000000A8
000004FF
000009F9
FFFFF6C6
FFFFF28D
FFFFF464
000008BD
000007C2
FFFFF522
FFFFFC0E
00000834
FFFFF524
FFFFFD1A
FFFFF261
FFFFFEAD
FFFFFF95
00000B5E
0000025D
FFFFF633
FFFFF251
00000AC9
FFFFEA48
FFFFFDF4
0000005A
0000093B
FFFFF88C
00000C52
00000F7E
FFFFFA96
FFFFFBC4
00000E0A
FFFFF3B5
FFFFFCC8
FFFFFEB1
FFFFF140
000005CF
FFFFFF9B
00000AA1
000006BD
00000F39
FFFFEC16
FFFFF79A
0000012F
0000115E
00000AC2
00000A16
FFFFF9B8
FFFFF4FD
00000118
000001C8
FFFFFE56
FFFFF9B2
00000BF5
FFFFFA04
FFFFFE33
0000024C
FFFFEC8B
FFFFF31D
FFFFF598
000004FE
FFFFFFBF
FFFFF0BB
FFFFF76E
FFFFEDA9
FFFFFAE1
FFFFFD6D
FFFFFA8A
FFFFEB4B
00000395
00000E12
FFFFFB03
FFFFF94D
00001806
FFFFFD26
FFFFFD17
FFFFFC17
FFFFFD4F
000002E7
FFFFED92
0000026C
FFFFFC2B
FFFFFCC6
00000613
FFFFEC8B
FFFFF2A3
FFFFF231
00000193
FFFFFE7E
00000413
0000065F
00000601
000007A7
FFFFFD1A
FFFFFDF0
00000C1C
FFFFF845
FFFFEFC2
FFFFF9EC
FFFFEEBF
FFFFE7E1
00000BFE
00000A50
0000076C
FFFFF511
FFFFF3E4
00000B63
000007B4
0000053B
FFFFFA0A
00000346
FFFFFA17
000005BB
FFFFF271
0000089F
FFFFFB7F
FFFFE746
0000095C
FFFFFCA2
000000F6
FFFFEADB
FFFFED94
FFFFF4DA
FFFFEF17
FFFFFFCB
FFFFE7DB
FFFFFF16
FFFFFD07
00000CD4
FFFFF8DF
FFFFFABC
000003CB
FFFFF37D
00000751
00000758
0000010C
00000CE0
FFFFF856
FFFFF401
000004F6
FFFFF892
00000748
FFFFFD17
00000C4F
00000088
FFFFF32F
FFFFEE35
FFFFEB3A
0000022B
FFFFF691
FFFFFBED
FFFFF063
00000296
FFFFF68A
FFFFF401
000000DF
FFFFF675
0000074C
000001AD
000000ED
00000988
000008FD
000000CA
0000152D
000000B1
FFFFF5B1
FFFFFA39
000008F1
FFFFF8D8
00000765
FFFFF334
FFFFF954
FFFFF715
FFFFF72F
FFFFFDD7
00000449
FFFFFB7D
FFFFF211
000006C6
0000142B
00000844
00000993
FFFFF4B3
00000F38
00000910
FFFFFB1D
FFFFFEBB
000002E9
FFFFF4BD
FFFFFF53
00000B8B
000009BB
00000081
FFFFFDF9
FFFFFAC0
0000023C
000003A4
0000149C
000008E6
000003B1
00000B01
00000D34
000002F7
00000B6D
FFFFF28D
00000D5A
000005CA
FFFFF71A
00001050
FFFFF843
000001A6
00000225
00000538
FFFFFD51
0000001F
FFFFF86E
FFFFF86B
FFFFFD5C
FFFFFD9D
FFFFFF60
0000040B
0000001A
FFFFF422
000008A3
000005AD
FFFFF50B
000005B4
000008A3
FFFFFEE6
FFFFFF07
000006BF
FFFFFDE5
00000F7D
00000884
FFFFFF62
00000E7A
0000007F
000009BE
FFFFFFB0
FFFFF2B6
0000018E
00000A70
000006C3
00000FE9
00000DB1
FFFFFA23
0000171C
00000B14
0000053F
000003D7
000017EC
00000F06
00000245
00000950
00000B24
FFFFFD5F
FFFFFEA6
FFFFE817
FFFFFCD9
00000ACB
00000722
FFFFFEED
00000C81
000003A8
FFFFF6D0
FFFFFE6C
FFFFFD9B
FFFFF80D
00000392
FFFFFBA9
FFFFFA62
FFFFFADA
FFFFF5C7
FFFFF0E1
FFFFFD01
FFFFFB69
00000A5C
00000CF5
00000551
FFFFFEBD
FFFFFE26
FFFFF938
00000378
FFFFFF3B
FFFFED35
00000B62
FFFFF5B6
00000043
0000032A
00000579
FFFFFB42
00000C27
00000C3D
000007B4
00000A8D
FFFFFB44
FFFFFB88
FFFFFA9B
FFFFF8A6
FFFFFC93
FFFFFE1A
FFFFF76B
FFFFFE90
FFFFEFE4
00000B2A
FFFFF99D
FFFFF56B
FFFFF6CD
00000296
FFFFF424
FFFFF636
FFFFFB2C
FFFFF716
00000A66
00000321
FFFFFCBB
FFFFFB7F
00000BAC
00000567
00000BC6
FFFFFB43
FFFFF65D
000007B9
000006B5
FFFFFF80
000001DE
00000589
00000932
00000501
00000570
00000729
FFFFEE64
FFFFFA60
00000837
00000198
FFFFF963
FFFFF74E
FFFFF79D
FFFFEEDB
FFFFF562
00000052
FFFFF41C
FFFFFD80
000002FC
FFFFF6A4
00000892
0000099B
FFFFFEFA
00000691
000005B8
FFFFFD77
FFFFF872
FFFFF7F0
0000059A
FFFFF541
000007DD
FFFFF8AE
000001EB
00000AE7
FFFFF40E
FFFFF6C9
FFFFF3CF
FFFFEFD4
00000823
000004CB
FFFFEB42
000000F6
FFFFF23A
000003E4
FFFFF39B
00000647
00000186
FFFFFECD
FFFFF8EB
00000BD3
00001044
FFFFF2EE
000001F7
FFFFF664
00001112
FFFFFE05
FFFFF91C
FFFFF176
0000085A
FFFFF4C6
FFFFF945
00000783
FFFFFD95
000005B7
FFFFFB47
00000570
00000783
000004F8
00000B70
0000087A
FFFFFF0C
00000FC9
00000225
FFFFFC87
00000470
FFFFF4D2
FFFFEA3D
0000033A
000006E7
FFFFED60
FFFFF69F
0000063E
00000318
FFFFFEF0
FFFFFD5F
FFFFF600
00000B4A
FFFFF80F
FFFFF002
000011A5
000007EA
FFFFF9A1
0000023F
0000073B
000000FF
00000774
00000329
FFFFF47F
FFFFFF6E
FFFFF904
0000011D
00000620
00000072
FFFFF865
00000934
FFFFFCDE
FFFFFBCC
0000017A
FFFFFDCB
FFFFE985
0000026B
FFFFF8A6
00000411
0000074A
FFFFFB18
000008F2
FFFFF979
0000018C
00000687
000003D2
FFFFFB52
00000527
FFFFF8AB
000004D8
0000034A
000008A8
FFFFFA30
0000010F
0000085F
FFFFF065
FFFFF401
00000284
FFFFF2EA
FFFFFA3A
000002FC
FFFFF306
FFFFF0AD
00000AD4
00000652
00000ECA
00000708
FFFFF1FE
FFFFEFE1
00000C5C
000002B8
FFFFFBA2
000005EF
00000116
000006A9
FFFFF656
00000417
FFFFF51B
0000045E
00000938
FFFFFFBC
FFFFFFC3
FFFFF2E0
FFFFFBED
000004E1
00000B67
0000023D
FFFFFC4B
FFFFFE44
0000007B
00000098
0000023F
FFFFFDA4
FFFFFF19
00000484
00000522
00001069
000001AD
0000032D
FFFFFA40
00000790
FFFFF68E
FFFFFA0C
00000807
00000317
00000601
FFFFFC3B
00000A4C
FFFFFE89
00000C77
FFFFFD88
FFFFFDAD
00000382
000008E1
FFFFF907
FFFFF701
FFFFF8DF
000006BE
FFFFF747
FFFFFDDA
FFFFF9AB
FFFFFD17
FFFFFC48
00001024
FFFFFEA6
FFFFF5F5
FFFFF941
0000012D
FFFFF97E
0000016E
FFFFFECC
00000688
0000117F
FFFFFE43
00000785
0000084F
00000AC0
000000A6
000004A9
FFFFF487
000006B4
000008AF
00000F44
000007CD
FFFFF24A
FFFFFA8C
FFFFF373
FFFFFD9F
00000749
FFFFF03F
FFFFFA91
FFFFF5F7
FFFFFFC4
FFFFF7BD
000002F1
FFFFFB3E
FFFFFB9E
00000683
FFFFF38A
FFFFF8E6
FFFFF3BB
FFFFF44D
000011E4
FFFFF948
000002D5
000014D7
00000874
FFFFFA20
000007A5
0000053C
FFFFFE07
000013B1
FFFFF69C
000007D1
000011FA
00000491
00000CE9
000014DC
00000445
FFFFFD8F
FFFFF8D5
FFFFFBDB
000006D7
FFFFFCBE
000004B2
FFFFF817
000004BB
FFFFF4EC
0000049F
0000089C
000005F4
00000271
FFFFFFA2
FFFFFE5D
FFFFFC88
00001364
0000042C
00001017
FFFFFE78
00001106
FFFFF482
FFFFFDA9
00000CFA
FFFFF7D6
FFFFFA9A
FFFFFED6
FFFFF676
FFFFF277
FFFFFB1B
FFFFF92D
FFFFF561
FFFFFB78
FFFFFD2E
000003EF
FFFFF869
000004DF
00000826
000000AE
000012C8
00000E3D
0000072C
FFFFFC84
000005F7
FFFFFA61
00000A07
FFFFFDFE
0000096B
FFFFFF0D
FFFFFC4C
0000001A
FFFFF42F
0000010A
FFFFF569
00000355
00000EC9
FFFFFEE5
FFFFF863
000012E0
FFFFF7C6
FFFFF5D9
FFFFFE25
FFFFFD98
00000460
FFFFF447
00001474
0000029B
000004FE
0000041B
0000081A
FFFFF8E5
0000011C
FFFFF381
FFFFF3C7
FFFFFD2E
FFFFFCC5
FFFFFDF6
FFFFFF91
000003EB
0000019F
FFFFFBEC
FFFFF0FB
FFFFFC1D
FFFFF652
FFFFFB50
FFFFF5BE
FFFFFD24
FFFFF758
FFFFEF88
FFFFEFC6
FFFFF1B2
FFFFFA3F
FFFFFB2C
FFFFF375
00000889
FFFFF3B8
0000022C
FFFFF9AD
000006C3
FFFFFA4A
000001E8
000007F6
FFFFF5C4
FFFFF636
FFFFF340
000001B8
000001BD
FFFFFFDE
0000056F
000005CE
FFFFFEF0
FFFFF6A6
000006F2
000005EC
00000730
FFFFF59F
FFFFF7E6
FFFFF1D6
00000BC5
FFFFF83C
FFFFFD0B
000005C2
FFFFF643
FFFFF3E7
FFFFFF99
FFFFFF34
FFFFFE2E
FFFFFB2F
FFFFFB5D
FFFFFA68
000005F7
FFFFF339
00000247
FFFFF9F1
000007D1
00000495
FFFFFE7A
000005E4
FFFFFCFB
FFFFF7BE
FFFFF6DC
FFFFF782
00000475
FFFFFBF2
000000F3
FFFFFC25
FFFFFF38
FFFFF5B8
0000049C
0000029F
FFFFFECD
000007FB
FFFFF6F2
00000152
00000F08
FFFFFAF0
000000DE
FFFFFF17
0000009A
00000566
FFFFF90A
FFFFF7E1
FFFFFFBD
000008A6
FFFFFB43
000002C1
00000904
0000091F
0000060F
FFFFF807
000007E4
FFFFFA3A
0000074F
00000BA4
000005CA
000004E7
0000098D
FFFFEDFF
000009AD
00000982
00000749
00000D3E
FFFFF462
FFFFFECD
FFFFFC04
00000750
FFFFF72A
00001278
0000033A
0000099A
FFFFF737
000004B9
FFFFFF2C
FFFFFF3D
FFFFF269
00000943
FFFFFBB6
FFFFF8C7
FFFFF7B0
FFFFFA58
0000084D
FFFFF514
FFFFE47C
00000CB8
FFFFF6E2
00000621
00000071
000005AD
000004A9
000001C7
FFFFFA53
00000718
00000B87
FFFFF390
FFFFFED0
00000F3C
0000004C
000002A7
000003BF
000007D7
00000688
FFFFFBE9
00000EEB
000008EB
0000005C
00000928
FFFFF48A
FFFFF981
FFFFFE37
00000124
0000064E
FFFFFB02
FFFFFF5D
FFFFF686
FFFFF7D8
FFFFF7E4
FFFFF3C9
00000B4F
FFFFFA96
FFFFFD6E
FFFFFC76
FFFFFDD1
FFFFFFD6
FFFFF98C
00000205
FFFFF28F
FFFFFDCC
000008D8
00001234
FFFFF92B
000005EB
FFFFF67B
FFFFFCEA
FFFFF8C1
FFFFFE0E
FFFFF951
000002A7
FFFFFEBE
FFFFFEE2
FFFFF077
00000B2D
00000879
00000100
000002D9
0000087D
FFFFFFE9
FFFFFE7D
000004F7
00000DF3
00000AAA
000008B1
FFFFF39C
00000222
0000066B
000004BE
00000DD1
00000358
FFFFF645
FFFFEF4C
00000125
FFFFF336
0000051A
00000904
FFFFFC1B
00000065
FFFFF5ED
FFFFFEB5
FFFFFC8B
FFFFF35A
0000066B
00000DB1
00000A18
0000082E
0000059A
00001579
000000E7
0000098C
00000CDE
00000263
00000566
FFFFF6EF
FFFFF820
FFFFF88E
FFFFF707
00000A93
00000063
FFFFF991
FFFFF8BD
0000021C
FFFFF41D
00000960
FFFFFE28
FFFFF867
00000048
00000B29
000002CC
FFFFFCC4
FFFFF109
FFFFFB8A
0000055A
FFFFFD15
FFFFF6D1
000002F2
FFFFFA36
FFFFFAF7
FFFFFA7F
0000038F
0000020D
000007C3
FFFFFB40
00000B19
FFFFF580
00000059
FFFFFE45
000004B3
0000027D
FFFFFB70
FFFFFB18
00000960
FFFFFEA5
0000024A
00000195
00000982
FFFFFB9B
FFFFFA39
FFFFFA5E
FFFFFEF7
00000C1E
FFFFFE3A
000008F9
000002AC
FFFFFD86
FFFFFEE6
00000072
FFFFF63E
0000053E
0000044A
FFFFFDAE
00000042
00000563
0000072A
FFFFF427
FFFFF6C3
FFFFFE17
FFFFF315
FFFFFDDE
FFFFF9A1
FFFFF5D5
00000440
FFFFFF78
FFFFFB3A
FFFFE278
FFFFFE3A
FFFFFE15
FFFFF4BC
FFFFFF7B
FFFFF42E
000006C6
FFFFE3C6
00000496
FFFFF887
FFFFF4ED
000007E3
0000002A
0000076A
FFFFF079
FFFFFF69
0000050C
00000300
FFFFF9D1
0000034E
00000A73
0000006E
FFFFFC63
FFFFF2F1
0000063C
00000B74
FFFFEB89
00000709
FFFFFBB8
00000160
000007F8
FFFFFEAC
FFFFEEFD
FFFFF623
FFFFFDEA
00000531
00000991
000000A0
FFFFF330
000001CA
000007AC
FFFFF831
FFFFF6D2
000005FF
FFFFF912
00000D5E
FFFFF7F1
000003CF
FFFFF2BF
FFFFF70E
FFFFEEDD
000000FE
0000091C
FFFFF5AC
00000902
FFFFFCC3
00000AE8
FFFFFFA8
FFFFF51A
FFFFF7FC
FFFFF754
00000244
FFFFF1DA
000005E5
FFFFF2E7
FFFFFCCA
00000100
000001D8
00000016
FFFFF808
000009BC
FFFFF820
FFFFF122
FFFFFE96
00000682
000005C8
FFFFFEA0
FFFFFAEB
FFFFF63C
FFFFF51A
00000255
FFFFF7A9
FFFFFFEE
000004FE
FFFFFFCF
00000F00
FFFFFFA4
FFFFF9C4
00000899
FFFFF71D
FFFFFC12
FFFFF8CF
FFFFF654
000006C4
FFFFF638
00000237
FFFFF4C0
FFFFF877
FFFFFDC0
00000A94
FFFFFFFB
000007AB
00000233
FFFFF8DC
FFFFFB77
00000420
FFFFFEF6
FFFFFEDC
0000074D
FFFFF6EF
000008C7
0000002B
00000E57
FFFFFC11
FFFFFA4F
FFFFFB03
FFFFF2DB
FFFFFA89
000004CE
FFFFFB31
FFFFFB79
FFFFFB3D
FFFFF9B1
FFFFF857
00000057
FFFFFC70
00000164
00000044
FFFFFBF1
00000BD9
FFFFF844
00000794
00000F42
000003ED
000009CC
0000083A
000006B7
FFFFFE2C
FFFFF6B9
FFFFFCDE
000007C3
FFFFF79D
FFFFFB08
FFFFFB6C
00000F3B
0000041E
FFFFF77F
00000F56
FFFFFBD3
00000236
00001241
FFFFFC9E
FFFFFC74
0000003A
FFFFFCA9
00000521
FFFFFD5D
0000036F
000000A5
FFFFFB09
00000685
FFFFF973
FFFFFCF1
FFFFFC6F
FFFFF463
FFFFFCB1
000007B1
FFFFED1A
000005AA
FFFFF2E1
000007BF
000010C3
000007C2
FFFFF445
00000569
0000003B
00000510
00000989
00001306
FFFFF4BD
000008D5
00000448
FFFFF949
00000AF0
00000F47
FFFFF3B8
FFFFFAAF
FFFFFFD3
FFFFFDC0
FFFFF505
000001C5
000005DA
FFFFF4C4
FFFFF44F
00000A72
FFFFFCA4
000001E3
FFFFF73A
000000EB
00000433
FFFFFACB
FFFFED6C
FFFFFD02
FFFFF87A
FFFFEFBD
FFFFF73C
FFFFF9DE
FFFFF69C
FFFFF0D2
FFFFFA3A
00000CEC
FFFFF871
00000496
FFFFFA71
FFFFF584
FFFFFBF3
000002DA
FFFFFA8A
FFFFFA07
FFFFEAC7
FFFFED7B
FFFFFDE2
FFFFF3DD
00000059
FFFFF319
FFFFF4E0
FFFFF31C
000006A3
FFFFF6C9
0000049B
FFFFFE7C
FFFFFA6E
FFFFF3BF
FFFFFE04
00000624
FFFFFDB5
0000031A
000000EB
0000032E
00000857
0000056A
000009BD
000005BA
00000471
FFFFF12D
FFFFFFAD
000008E2
FFFFF30A
FFFFFB08
000009F5
FFFFF665
00000523
000000FC
00000015
000007C0
000005D2
00000BDB
00000764
0000112F
00000208
FFFFF13D
FFFFFC52
FFFFECF8
FFFFF1BE
FFFFEA20
FFFFF890
FFFFED96
FFFFFBFF
FFFFF37F
FFFFF890
FFFFFFCD
000000D9
0000092A
FFFFFF8E
FFFFF3E9
000004BA
00000ECF
FFFFFBDA
FFFFF6B0
FFFFF9E3
0000061C
0000062D
00000001
00000A94
FFFFF11A
00000198
00000E9F
00000469
000001FF
00000CE8
FFFFF5E6
FFFFF6BF
FFFFFC76
00000552
FFFFF67C
00000445
FFFFFC7C
FFFFFC9A
00000EFB
FFFFF952
00000962
00000CE9
FFFFFF56
FFFFFC4E
FFFFFA08
FFFFFFCC
00000172
FFFFFF14
00000312
FFFFF7B9
FFFFFA42
0000096C
0000014A
00000549
00000408
FFFFF420
000002DE
00000377
FFFFF547
FFFFF4D5
00000B5D
FFFFFB86
FFFFF547
FFFFFFC6
FFFFF15E
000004AA
00000255
FFFFF770
FFFFF49A
0000059E
FFFFEEFF
FFFFFA9E
FFFFFF8A
FFFFF50C
FFFFEDEA
FFFFF73B
FFFFFAB4
00000C32
0000001B
00000B69
FFFFF504
00000007
00000A83
FFFFFC92
FFFFF8A0
00000A7F
FFFFF9FB
000008A8
0000031A
000009A1
FFFFFA79
FFFFFBD0
FFFFF0BA
000001D9
FFFFF789
0000018C
FFFFF5B3
FFFFFA26
FFFFFED6
000008B4
0000066E
FFFFF9D9
FFFFF885
FFFFFC39
00000305
0000069F
FFFFFB2F
0000037D
FFFFFF8C
FFFFF963
FFFFFD9B
000010E4
FFFFFFC2
000009A0
000006A7
000000B9
000006E9
FFFFFC7E
FFFFF85B
FFFFEF2F
FFFFF6D6
FFFFEDB8
FFFFF66A
00000616
0000003B
FFFFF178
000005D3
FFFFFFF6
FFFFFB3C
00000165
00000087
FFFFFF87
0000026E
0000015E
FFFFFF88
00000045
FFFFF7F0
FFFFFE4D
FFFFF9B8
00000698
FFFFF90F
FFFFFA32
FFFFFC76
FFFFFFDC
FFFFF91B
000000A0
FFFFFBB9
000009D2
FFFFECF9
FFFFFCD8
FFFFFAE5
FFFFF53B
FFFFFC50
FFFFF75B
000006D8
FFFFF9DA
FFFFF9F3
000008B3
00000556
FFFFFA1C
000000F2
000007FB
00000199
0000054F
FFFFFB56
FFFFFA2B
0000013A
FFFFFF8E
000003A7
FFFFFFB1
FFFFFE49
FFFFFE08
0000076B
00000235
FFFFF77D
FFFFFB18
FFFFFABA
FFFFFF0D
00000BF6
FFFFF811
FFFFFFB2
FFFFF64F
FFFFFD70
00000841
FFFFFC2B
0000021D
FFFFFAD1
FFFFF64A
0000046A
FFFFF7E4
FFFFF845
FFFFFDBD
FFFFFA6F
FFFFF37E
FFFFF8EA
00000441
0000078D
0000023D
00000332
00000496
FFFFFBBF
FFFFF6A4
FFFFF816
FFFFFDF5
FFFFF84F
FFFFFA51
0000070C
0000028E
000006B1
00000A3E
FFFFF8F5
00000470
00000301
FFFFFADF
0000029D
00000A82
FFFFFEFD
0000058F
000004B7
FFFFFDBA
FFFFF5E5
FFFFFCD4
FFFFFEBA
000006C6
FFFFFD36
FFFFF1CE
FFFFFA58
FFFFF8DE
FFFFF8B8
00000651
FFFFFD34
FFFFF6A3
FFFFF75D
0000023A
FFFFF7E2
FFFFFFEC
000004DF
FFFFF56C
00000204
FFFFFDD9
0000034B
FFFFFFC5
FFFFFB0C
FFFFFB7B
00000130
00000580
000004B6
FFFFFDF4
FFFFF8D8
00000560
0000095E
00000328
0000047E
FFFFFA04
0000035B
00000532
000005BD
FFFFF6C4
FFFFF906
FFFFFA18
FFFFFCE0
FFFFFD6E
FFFFFF4B
FFFFF29A
FFFFFAB6
00000571
FFFFFD5D
0000015D
FFFFFB1A
FFFFFDD1
FFFFF9A2
FFFFFCBE
FFFFFE17
FFFFFB24
00000704
00000253
FFFFF9AE
FFFFF571
FFFFF962
FFFFFD45
FFFFF717
0000001D
00000199
0000046E
FFFFFD99
FFFFFD95
FFFFF94D
FFFFF6B6
FFFFFAAA
FFFFF780
0000053D
FFFFF997
00000212
000000B5
FFFFFE42
FFFFF85C
FFFFF9B1
0000013D
FFFFFB4D
00000451
FFFFFBD9
00000846
00000218
00000244
000001C2
FFFFFCD0
0000030E
00000398
FFFFFC17
FFFFFD52
0000055B
FFFFFD81
00000052
00000753
00000649
FFFFFBD2
0000037E
FFFFFE9F
FFFFF4E4
000002FC
FFFFF710
00000134
0000052A
000003A6
FFFFFE08
FFFFF985
FFFFF82F
00000384
FFFFFE60
FFFFF9C5
FFFFFDF3
FFFFF797
FFFFFEC4
FFFFFC46
FFFFFE20
00000679
FFFFF65B
0000020E
FFFFF7B9
FFFFF8E4
FFFFFDC8
FFFFFFB8
000004AE
FFFFFE1C
0000019E
00000061
00000229
0000023C
FFFFFE50
00000353
FFFFFF9E
00000166
FFFFFD51
FFFFFFD5
FFFFFD7C
0000045A
FFFFF6F3
00000018
00000419
00000328
00000072
FFFFFFB3
FFFFFDA8
00000496
FFFFFEC7
0000022C
FFFFF484
FFFFF5D7
FFFFF928
FFFFFCA3
FFFFF877
FFFFF9AB
00000194
00000352
FFFFF4A6
00000414
FFFFF7D4
000003E9
FFFFFBB4
FFFFF9E3
FFFFF31E
FFFFFE27
FFFFFDDF
000004FD
FFFFFA1B
FFFFF174
FFFFFC00
FFFFFB46
0000003B
FFFFFCA2
000002E3
FFFFFDED
FFFFFD61
FFFFF8C2
000004E6
FFFFFD34
00000526
FFFFFED6
000007B3
FFFFF91D
000002E9
00000490
FFFFFE32
FFFFFED4
00000923
000004AB
0000022B
FFFFFD10
00000780
FFFFFF6A
000000DB
00000A52
00000D59
FFFFFC84
FFFFFA0C
00000295
000005CE
FFFFFE1D
00000423
000008BF
FFFFF68C
FFFFF881
FFFFFD02
00000050
0000022A
00000252
FFFFF810
FFFFF7CF
FFFFF7CD
FFFFFFC3
000004D8
00000615
00000150
FFFFFC59
FFFFFB8C
FFFFF666
0000008D
FFFFFF04
00000028
0000019B
FFFFFF81
0000020F
0000075E
FFFFFDEA
00000002
000003B4
00000397
000002AE
0000018C
000007F1
FFFFF79E
000001D5
00000778
00000404
00000009
FFFFFB74
FFFFF735
FFFFF9D2
FFFFFC15
FFFFF759
FFFFF90B
FFFFFE62
00000302
FFFFFB8E
00000B04
FFFFFC69
FFFFFF6B
FFFFFE40
00000405
FFFFFAC6
FFFFFB2D
FFFFF71A
0000007E
FFFFFD43
FFFFFAAB
FFFFF76A
FFFFF7DF
000002A9
FFFFF6CD
FFFFFD32
0000003D
000004ED
FFFFF50D
FFFFFFC6
FFFFF608
FFFFFE42
FFFFFBDB
0000020B
FFFFFAB0
FFFFFF4D
00000191
FFFFFC3F
00000215
FFFFFE17
FFFFFA44
FFFFFD23
FFFFFEA6
00000AA9
FFFFFE04
000007FC
000006CD
FFFFFEA2
FFFFFD47
FFFFF9EE
FFFFF8C3
FFFFFBCE
000003FD
FFFFFE5F
FFFFFC10
0000000A
000008EF
FFFFFF73
00000198
00000062
FFFFFEA8
FFFFF922
FFFFFC94
FFFFF8CF
FFFFF680
00000328
FFFFFEA7
00000051
FFFFF497
000004FB
FFFFFD57
000007E6
000003AA
FFFFF57D
FFFFF556
FFFFFDCC
FFFFFB2F
000000AE
FFFFF909
FFFFFFFC
FFFFF88E
0000075A
0000034B
FFFFF2D4
FFFFF815
FFFFFDDA
FFFFFBD3
000000FC
000008D1
000002B6
FFFFFC82
FFFFF9B0
00000064
000007F6
000002AB
0000021B
0000059E
00000326
FFFFFCCC
0000039B
FFFFF912
000002E1
00000502
FFFFFBF7
FFFFF754
FFFFFE66
FFFFF9A1
000003C4
00000323
FFFFFF4E
FFFFFBDD
000002FD
FFFFF986
000003AF
FFFFFBD7
00000574
00000013
000008AA
00000924
FFFFFA5B
000001F1
00000699
FFFFFDB2
FFFFF5F1
FFFFF22C
FFFFF8A2
FFFFF938
FFFFFF63
FFFFF8F4
FFFFF868
000001DA
FFFFFC78
FFFFFE07
00000007
FFFFF9AB
000001F3
FFFFFCC7
FFFFFE54
00000897
000001F7
0000036F
00000457
00000770
FFFFFD0E
FFFFFC49
000004D6
000003B0
000006C9
FFFFFF89
00000082
000005DE
FFFFFEFE
FFFFF77C
FFFFF7F4
FFFFFA93
0000023D
000005EE
000005FF
FFFFF45B
FFFFFBC3
FFFFFB8D
FFFFF902
FFFFFF1F
FFFFF7DE
FFFFFF3A
000006A2
00000264
FFFFFA7B
0000051D
FFFFFF7E
FFFFFBC2
FFFFFD39
00000072
FFFFFE4C
FFFFFD1D
FFFFF81E
FFFFF781
FFFFFCB4
FFFFFE09
00000133
FFFFFE49
00000101
000003CA
FFFFFAE6
FFFFFB5F
FFFFFF53
000004DD
FFFFF956
FFFFFC70
FFFFF7D8
FFFFFA8D
FFFFFCF0
FFFFFF87
FFFFF824
FFFFFD94
FFFFFF0B
FFFFFF4B
FFFFFE28
00000355
FFFFFA8A
FFFFFC9C
FFFFFAB2
000004E6
FFFFF43B
FFFFF7E8
0000010B
FFFFFE00
000005EE
00000460
FFFFFE3C
FFFFF399
FFFFF766
FFFFFDEF
00000874
00000689
FFFFFAF7
000001F1
FFFFFE67
FFFFFFB2
00000DA1
FFFFFF2D
FFFFF8D7
FFFFFAF4
000002DB
FFFFFD69
0000073F
00000602
00000596
000003ED
0000084A
FFFFFAF5
0000058E
00000B6A
FFFFFCB2
00000486
0000039D
00000295
000005AA
000007C0
FFFFFE2A
FFFFFA63
FFFFF9D5
000004CC
0000082A
FFFFFEE5
FFFFF583
FFFFF74F
FFFFF925
000007D6
000007CA
000001B7
0000016A
FFFFF429
FFFFFC2C
00000663
00000A1F
000006E9
FFFFFC05
FFFFFCAA
FFFFFE09
FFFFFDD2
00000101
FFFFF54B
FFFFFB9A
FFFFFCC6
FFFFFD48
FFFFF7E7
000002CB
FFFFFAEE
000000AF
FFFFF5CA
FFFFF8BA
FFFFF6B8
000001AA
FFFFFF0F
000002D4
FFFFF96B
FFFFF733
00000CEC
FFFFFFC6
FFFFF5D8
000007FA
00000278
000000D8
00000214
0000018C
FFFFFE3B
FFFFF914
00000591
00000154
FFFFFD39
000009CB
000005A7
00000130
000001D8
FFFFFDAB
FFFFF4D4
00000579
FFFFFFD6
FFFFF87B
0000084A
00000459
FFFFF9C7
00000668
FFFFFE25
FFFFFC20
FFFFF849
FFFFFE0E
FFFFF786
FFFFF394
FFFFF719
00000011
FFFFF86B
FFFFFB5C
FFFFF963
FFFFF593
FFFFFDE3
FFFFF8C7
FFFFFB90
FFFFF280
FFFFF9F7
000011A2
FFFFFEE8
FFFFFA8D
00000F92
FFFFFE26
FFFFF187
FFFFFE89
000007F3
FFFFFDC7
00000CF3
0000082F
000007D5
000003BA
FFFFF982
000000E5
00000699
FFFFFEAE
0000041A
00000981
00000423
FFFFFEB4
00000014
000008D1
FFFFFBE1
000007D8
0000045A
FFFFFB01
00000BB5
00000342
000007AB
0000000B
FFFFFF51
00000000
00000042
00000476
FFFFF844
00000116
000010DF
FFFFF25F
00000643
00000A3B
00000409
FFFFF950
00000D1B
FFFFF4AB
00000BF0
0000075B
00000702
000001BF
000001EE
FFFFFE3A
00000384
FFFFFC92
FFFFF2AD
FFFFFFC6
00000054
FFFFFDD6
00000323
00000383
FFFFFAB6
FFFFFEB2
00000419
FFFFF95B
00000592
000006BD
0000041E
FFFFF80F
FFFFFC0D
0000040D
0000012B
FFFFFC37
FFFFF8E3
FFFFF6FC
00000149
0000035C
FFFFFF30
0000030D
FFFFFB4E
FFFFF648
FFFFFDEC
000007CE
FFFFFDD7
0000115F
000001CC
00000E34
00000773
FFFFFF6F
00000AE1
FFFFFFF5
00000538
FFFFFAEE
000000E0
FFFFF979
000003BB
FFFFFA63
00000820
FFFFF2E4
FFFFFE93
FFFFF7CC
0000047A
FFFFFC74
FFFFF829
00000E80
FFFFF93D
FFFFF7EE
00000E7B
00000229
000001B6
00000949
FFFFFFE8
FFFFFD17
000002FA
FFFFF9A4
FFFFF2D4
000007E0
FFFFFC71
00000079
00000BA8
FFFFFCBB
00000EA7
FFFFFE1B
FFFFFD99
000009F3
0000099C
000006F8
FFFFFC14
00000407
00000829
0000038C
000012D9
FFFFFCE7
FFFFFA05
000007A4
FFFFF858
FFFFFCD0
FFFFFCF3
00000B75
FFFFFA31
FFFFFC23
FFFFFD07
0000020E
0000008D
0000082D
00000146
00000E09
0000017B
FFFFF33C
00000964
000007DE
FFFFF56C
0000104A
FFFFFDF7
000008CD
FFFFFB95
00000955
FFFFF982
FFFFFE67
00000888
FFFFF2ED
FFFFF468
FFFFFA0C
FFFFFFCC
00000EEE
FFFFFC74
FFFFF608
00000B07
FFFFFD0B
FFFFF273
0000000D
000003BD
FFFFF314
FFFFFB85
FFFFFBA5
FFFFF7A4
FFFFFFA8
FFFFFA33
000009EB
000001F2
FFFFFC2D
000001B1
FFFFFB38
00000F38
FFFFF356
00000433
000000B6
FFFFFA2C
FFFFF584
FFFFF5D9
0000035F
000002C7
0000042C
FFFFFB53
FFFFF122
FFFFFA39
0000071F
FFFFFF11
000007AA
00000E78
FFFFFF99
000005DD
00000F1B
FFFFF976
FFFFFF1B
00000D1C
00000218
00000E5E
FFFFFC0A
FFFFFDC9
FFFFFD5F
FFFFF47B
FFFFF41F
FFFFF501
00000114
00000B6E
00000702
FFFFFC4A
00000375
0000054E
0000005E
FFFFF805
FFFFFE38
0000012B
00000555
FFFFFEDB
0000052F
00000F74
00000B1D
FFFFF339
00000606
FFFFF581
FFFFF106
FFFFF94F
FFFFF562
FFFFFBCF
FFFFFEB8
00000DEF
00000570
000001DD
000006D5
FFFFFE14
000007E3
FFFFFFAC
000002DA
000006F0
00000096
00000013
00000168
FFFFF605
0000071B
00000E28
00000234
FFFFF516
FFFFF81C
FFFFFA67
FFFFF812
FFFFF946
00000271
FFFFFC75
FFFFFC6E
FFFFF4AA
FFFFFF4E
0000075D
FFFFFBCC
0000011B
000009E4
FFFFF87B
00000764
000009A1
000001D5
000003ED
FFFFF91F
FFFFFCE2
FFFFFE4F
FFFFF818
FFFFFACD
FFFFFE8C
FFFFFF47
FFFFF99C
00000317
00000B90
0000066A
FFFFFD1C
00000220
00000BED
FFFFF588
FFFFFF6D
000001D0
0000042E
000009FA
00000248
FFFFFA4D
FFFFFD6D
0000045B
FFFFF836
000003AC
0000011E
FFFFF4DD
00000A35
FFFFFBCF
FFFFFA9D
00000D2E
00000445
FFFFF0B4
00000E13
FFFFF7BE
000007F0
FFFFF6F7
00000FF4
000002D2
FFFFFD16
00000708
000008F0
FFFFF5D5
FFFFFDCE
0000061A
FFFFFE05
00000202
000008FC
FFFFFCAF
FFFFFD64
FFFFFD02
FFFFF497
FFFFF94F
00000484
00000236
00000406
FFFFFF66
00000229
FFFFF5DE
FFFFF5A6
00000974
000002FC
FFFFF824
FFFFFB10
FFFFF8EB
FFFFFEFF
FFFFF892
000001FF
FFFFF6E0
FFFFFF02
00000260
FFFFFB0C
00000A67
000009BE
FFFFFD32
00000741
0000093C
FFFFFFDA
0000009D
FFFFFFC7
000001F2
FFFFFEC6
00000054
FFFFFF78
FFFFF99B
FFFFEFAE
FFFFF896
0000007D
FFFFFFBB
00000548
0000027F
000000C1
FFFFFBB4
FFFFFA09
FFFFED9F
00000211
FFFFFD9F
FFFFFB87
00000791
000001EA
FFFFFF3F
0000031E
000005D2
FFFFFB35
00000734
000012A5
0000084C
000005F2
FFFFF699
00000B19
00000422
FFFFFF6E
00000374
00000B94
FFFFFFE3
0000002C
000000F2
00000261
00000563
FFFFF791
FFFFF4CD
FFFFF7EF
FFFFFAA9
FFFFFF11
FFFFF7EF
00000040
FFFFFF0C
FFFFF3EF
FFFFFDEA
00000C51
FFFFF891
FFFFF865
FFFFF8ED
000008C2
00000A7C
0000082E
FFFFFE08
0000057A
FFFFFAFC
FFFFF903
00000AA3
0000041D
00000939
000002EB
0000114F
0000041E
000007B9
FFFFFD01
000006C3
00000B78
000004C9
FFFFFE52
FFFFFE2E
0000087E
000001F6
000002A1
000002E7
FFFFFA66
00000899
00000BA7
00000241
00000328
00000157
000009C2
FFFFF31F
FFFFEFFC
FFFFFF11
FFFFFC7B
FFFFFA28
FFFFF3E0
0000066C
FFFFFEAB
00000C08
000008D8
FFFFF33D
FFFFFD72
0000075F
FFFFFA90
0000021D
FFFFFBAD
0000033F
FFFFF802
FFFFFF78
FFFFFCBB
FFFFF2BF
0000064D
000005B2
0000044B
000002E3
0000032E
000002D5
FFFFFA49
FFFFFB5C
FFFFFD6D
FFFFFA0A
FFFFFDA5
00000A2F
FFFFFBD7
00000C6D
00000BBC
FFFFFB32
00000CF5
000005B5
000002C6
0000021D
FFFFFD38
00000A6E
000005B4
FFFFF97E
000004A5
000003BA
FFFFFED6
000006C4
00000545
000009AC
00000E7F
FFFFFB53
00000E0F
0000062C
00000218
000003F2
00000991
FFFFFC0B
000006F8
FFFFF73F
FFFFFD9F
00000113
FFFFF64A
FFFFFC71
FFFFED2E
000001EB
00000236
FFFFFC42
FFFFF63F
FFFFF8C4
FFFFFFDF
00001066
0000006F
FFFFFED3
FFFFF1C6
FFFFEDA5
00000216
000009C5
FFFFF972
00000675
FFFFFE24
000006FE
FFFFFDF3
00000CB5
FFFFF5F2
FFFFFA60
00000526
FFFFF9C8
00000361
00001423
FFFFFFC2
FFFFFE32
FFFFFADD
00000DD7
00000BE3
00000539
FFFFFC7A
FFFFF801
00000ADF
FFFFFC65
FFFFFAC3
FFFFF4F4
FFFFF664
FFFFFC4E
00000DD3
FFFFF7AB
0000067A
FFFFF2B8
FFFFEEA7
0000036C
00000913
FFFFFEB2
00000B1F
000008B8
0000037F
0000092D
0000041F
FFFFF82B
000004D3
0000073D
000003FC
FFFFFC06
FFFFEA57
00000355
FFFFF577
FFFFF6E2
FFFFF16C
FFFFF97D
FFFFECA5
FFFFFECF
00000082
0000007C
FFFFF709
00000092
00000446
00000379
000007D9
0000127A
0000115A
00000BC1
000002F0
FFFFFAFB
000005FD
000003BB
FFFFF41F
000007EB
0000099D
FFFFF56A
000009FD
FFFFFB84
FFFFFB49
FFFFF172
FFFFFF4C
00000B31
FFFFFFAA
FFFFF1C6
FFFFF7F1
00000EFB
FFFFFAE7
0000049F
00001526
000008B3
FFFFFBF4
00000695
FFFFFC8D
000003C0
000007E8
FFFFF7CE
00000622
FFFFFDBA
FFFFFBCB
FFFFF9A3
FFFFFB14
FFFFF845
FFFFFEAC
000002B9
00000156
FFFFFF02
FFFFFC61
00000806
FFFFFC33
FFFFF47E
FFFFF738
FFFFF288
00000B88
000008E7
00000555
000009E8
0000020E
FFFFFBAA
0000077C
FFFFF8D6
FFFFF761
0000089E
0000078C
FFFFF629
00000A46
00000443
0000159B
000007D3
FFFFF655
00000C4E
00000BB7
FFFFFB84
FFFFF78A
00000BFB
00000B6E
FFFFFAD1
FFFFFAFE
000007ED
FFFFF11A
FFFFFE20
FFFFFE38
FFFFEF35
000000F6
FFFFF685
00000C97
0000010F
FFFFFEDB
FFFFEF5C
00000F32
FFFFF701
FFFFE992
000005F7
00000131
FFFFFCC0
FFFFFBB4
FFFFF336
FFFFFF14
FFFFFC81
00000E51
00000BC8
FFFFF876
FFFFFEF4
FFFFF3CB
00000AA4
00000E84
FFFFFFA4
FFFFFD35
00000161
FFFFFE0B
00000139
00000082
FFFFF157
000011DA
00000EFA
FFFFF61C
FFFFF9D7
FFFFFDF1
00000156
0000060F
FFFFF6E9
FFFFF269
FFFFFC04
00000841
FFFFFF6C
00000A38
000007CC
00000BCD
00001401
0000028E
000011E3
FFFFFA78
00000814
00000C23
FFFFFF74
FFFFFD2B
FFFFFD8F
FFFFF225
00000870
0000105B
FFFFF41A
FFFFF2EB
FFFFFEE9
000002B1
FFFFFA82
FFFFFD9B
00000725
FFFFEFB4
000000E1
FFFFF96D
00000320
FFFFF4A3
00000050
00000026
000005D6
FFFFF65C
FFFFFC4F
000000F1
FFFFFD18
FFFFF926
00000434
FFFFF80B
000008FB
00000316
00000140
FFFFF270
FFFFE9BE
FFFFFD03
00000941
FFFFF43D
FFFFFE8D
FFFFFD00
FFFFF7B0
00000D88
FFFFFB41
00000996
000005FB
FFFFF2DC
0000017C
FFFFFE08
FFFFFFD2
FFFFFBE9
000009CB
000006B9
000004F8
00000F95
000001C4
FFFFFED1
0000021D
FFFFFCC0
FFFFF502
00000456
00000897
00000E5C
00000ECA
0000054F
FFFFFCF4
000006AD
FFFFFF9D
FFFFFBBC
FFFFFF35
FFFFFBC8
FFFFFA78
000001EB
000004E8
000000F5
00000C81
FFFFFD54
00000AAD
FFFFFA4F
000002B0
00000AB4
0000002C
000004DF
00000451
FFFFFD0B
FFFFFF91
FFFFF9BF
FFFFF87F
FFFFFC94
00000780
0000027E
FFFFF18E
FFFFF3D8
FFFFF0F0
000005D6
FFFFFB21
FFFFF838
FFFFFAA5
00000365
0000089C
FFFFF161
FFFFF74F
00000628
000002E4
000001B7
00001033
00000381
0000013F
000001EC
00000DED
00000141
FFFFFBB9
00000072
00000059
FFFFEF92
00000860
0000021B
00000A72
FFFFEDAE
FFFFFE1D
00000F22
FFFFFC8D
0000014F
FFFFFD79
0000064A
FFFFFDB2
000006B4
FFFFFBA7
00001282
00000047
00000F60
00000473
00000DDB
FFFFFB0A
0000041B
0000019F
00001066
FFFFFD94
0000021A
FFFFFB91
FFFFFD51
00000CE0
FFFFFDA8
FFFFF9E8
FFFFF32F
FFFFF653
0000042A
00000A0E
000003C7
00000E1C
0000014F
FFFFF71B
00001347
0000129C
00000C57
000006F8
FFFFFFCC
FFFFF641
00000E3A
FFFFF348
FFFFF228
00000B3D
00000EFC
FFFFF707
00000092
000009C1
00000593
00000BE6
FFFFFBDC
00000244
FFFFF716
00000CAA
FFFFF935
FFFFF17F
FFFFFB3A
FFFFFF5A
FFFFF87C
000008AB
FFFFEFC6
FFFFED36
FFFFF79D
FFFFF772
FFFFFAC4
FFFFF6A4
FFFFF323
00000441
0000062A
FFFFFDE4
FFFFFBED
FFFFF6D8
00000664
000000B1
FFFFF6E6
FFFFF6CE
00000969
00000844
0000006B
FFFFF914
FFFFF965
FFFFFD8B
0000016A
00000C28
000002F6
FFFFFD3A
000010EC
0000061E
000015B4
0000115B
FFFFEC86
FFFFFF84
FFFFFBB4
0000022C
FFFFF97B
FFFFFAE3
000003EC
FFFFFE9D
FFFFFD2C
FFFFF890
00000357
FFFFF54C
FFFFF7D4
00000A30
00000CEA
00000929
FFFFEC48
000001AD
000015DB
FFFFF6C8
000008D1
00000E52
FFFFF88E
FFFFF944
00000269
FFFFF4EF
FFFFF9A3
0000003C
0000091C
000003DA
FFFFFE94
FFFFFC16
FFFFF6B4
FFFFFD1A
00000877
FFFFEDE6
FFFFEF96
FFFFF3BE
FFFFFB67
FFFFFC0F
FFFFFC51
0000047B
0000032C
00000A2D
FFFFF6CB
000000CA
FFFFFD67
00000B57
0000062B
000002F5
00000D02
FFFFFEDC
FFFFF93E
FFFFF6FE
000015BC
FFFFFCD9
FFFFFDD7
00000D74
FFFFF866
00000831
00001227
FFFFFFB1
FFFFEF0E
FFFFFD7E
000002C2
00000383
00000567
FFFFF9D1
FFFFF7C7
FFFFF301
00000DAD
0000120F
FFFFFD26
00000358
00000A29
0000073B
000002B2
FFFFFF5C
000001F6
000003C1
000003AC
FFFFFC2A
00000A2A
00000241
00000178
FFFFFDFA
FFFFFE9C
FFFFF28E
00000459
FFFFFA06
FFFFF591
00000BFB
00000133
FFFFFF4E
FFFFF18D
FFFFFF57
FFFFF716
00000148
0000084C
FFFFFB8D
000000C8
00000516
FFFFF499
FFFFF443
FFFFF9F0
FFFFF7B7
FFFFFD8D
FFFFFA62
FFFFFCD7
FFFFF89A
FFFFF22C
00000B07
000003C6
00000C4A
00000474
FFFFE5D5
00000615
000010D5
000004D1
FFFFF480
00000C6D
00000DCF
FFFFFBD5
FFFFF46E
00000877
0000060E
0000055C
FFFFFD84
00001176
FFFFF0AA
000003A0
000006DB
FFFFFC0B
00000E13
FFFFFBC2
FFFFF734
0000014A
000008C7
FFFFFA99
00000FD3
00001294
FFFFF774
000007EC
FFFFFE77
0000067C
000008DF
00000C46
FFFFFEB1
00000F2A
FFFFFB1A
FFFFF3D8
000008D2
0000089F
FFFFFFE6
FFFFF6FC
0000040A
FFFFFD6D
000007E3
0000059B
0000029B
000003B3
FFFFF5E5
FFFFFEDC
FFFFF90C
00000881
00000409
FFFFF31C
FFFFF9DA
FFFFF7D1
00000604
FFFFF9EA
FFFFF8E3
00000B99
00000F14
0000008D
000004BD
000008DC
FFFFFAA0
00001242
FFFFFF4D
0000073B
000008B4
FFFFFE1C
FFFFF463
FFFFF745
FFFFFCF4
00000339
FFFFF7F8
FFFFEE44
FFFFE38B
FFFFFA13
FFFFF465
FFFFF9D2
FFFFED76
FFFFFAFC
FFFFDC4B
00000BA9
FFFFF0C5
00000ADB
FFFFF3F6
FFFFF1B8
00000983
000006E6
FFFFFA4A
FFFFFFF5
FFFFFC5D
FFFFFD7F
FFFFF659
FFFFF23A
FFFFFE94
000003C4
FFFFF7F0
00000457
FFFFFAC3
FFFFF93E
FFFFFAEB
FFFFF428
00000268
FFFFFFD9
00000979
FFFFFC62
FFFFFCAA
00000A99
000005A4
0000019D
00000569
FFFFF987
FFFFF240
0000084B
0000068D
FFFFF683
FFFFF6C2
00000F64
00000333
000001E0
000003F2
FFFFF37F
000001E5
FFFFEE89
000000CB
000003F3
FFFFF91D
FFFFF424
FFFFFA0C
FFFFF089
000001DE
FFFFFD5E
00000635
FFFFFBCB
FFFFFF32
00000CAC
FFFFF584
FFFFF865
00000546
FFFFFCB6
000005E3
000005F7
00000661
FFFFFC63
FFFFFD0B
FFFFFFB1
0000025F
FFFFF93D
FFFFFB2D
FFFFFA56
00000528
FFFFF457
FFFFFFFA
00000FD9
FFFFF262
FFFFFA3F
000004B5
FFFFF060
00000723
00000CFA
000008A8
000006F6
FFFFFD24
00000319
FFFFFFAC
FFFFFC68
FFFFF577
00000139
FFFFFEE1
FFFFF320
0000096D
FFFFF81F
00000000
0000073A
000003A2
FFFFF8F7
00000B80
00000758
00000894
00001023
0000079C
00000A1B
000001D8
FFFFF8CC
0000127E
FFFFFEC5
00000207
00000309
00000EAE
FFFFFEBA
00000C5C
00000CD5
FFFFFA47
00000979
000008F9
FFFFFC5B
00000225
000006B8
00000827
000005BB
FFFFFEED
00000B9D
FFFFF460
FFFFF174
00000D00
00000BC5
000002DA
FFFFE3F6
FFFFFEE9
FFFFFD56
FFFFF33C
000002EC
00000CA2
0000086C
FFFFFAB7
00000324
FFFFF3BE
FFFFF94E
FFFFFFA0
000006D3
FFFFFC0D
00000744
FFFFFE5C
FFFFFEBF
0000078D
00000916
00000C61
FFFFF706
0000076E
FFFFFB43
00000B5F
FFFFFC34
0000076C
00000721
FFFFFF68
000000AA
00000210
000003B2
00000541
FFFFFC59
FFFFF5E2
FFFFF400
FFFFF792
FFFFF5AC
FFFFF644
FFFFF9FE
00000012
FFFFFEDF
00000508
FFFFEC58
FFFFF4E7
FFFFFBB5
000005F0
00000784
FFFFFEEB
0000042A
FFFFE638
00000CD3
00000AA2
0000022D
000009F3
FFFFFAE4
000000E9
FFFFF7A0
FFFFFA59
FFFFF314
FFFFFE63
FFFFF36B
FFFFEF0B
000010B0
00000D0A
0000146E
FFFFFBCD
000004C2
FFFFF762
000009E2
000003D4
FFFFFA80
FFFFFF64
0000017F
00000621
00000465
000007C0
00000578
FFFFFAA8
FFFFF3C0
FFFFF051
FFFFF195
FFFFF8CE
FFFFFD27
FFFFFF0E
FFFFF686
FFFFECB8
00000297
FFFFFE3C
00000229
000005CE
00000201
00000542
FFFFF52B
000002F2
000004D4
000009B6
FFFFFA1A
FFFFF4FB
000003AF
FFFFFEB2
FFFFF4AA
00000465
0000091C
000000D0
FFFFF356
FFFFFEE3
FFFFFB1F
FFFFFDD5
FFFFF760
FFFFF517
FFFFFCE6
FFFFF63B
000002BB
00000242
0000013F
000001CA
FFFFF9AC
FFFFFF66
00000007
FFFFFA31
FFFFF51C
FFFFF7EB
0000051C
FFFFFBDA
00000CE7
00000972
000000F7
00000E15
FFFFF787
FFFFFA00
FFFFFD29
FFFFF08F
FFFFEBCB
FFFFEF57
00000353
FFFFFC0E
00000755
000000EA
FFFFF9D0
FFFFF9D1
FFFFF891
00000938
FFFFFC6A
FFFFFD24
000010CF
000008FC
00000C31
FFFFF9B1
0000018B
000003B4
00000669
FFFFF0F3
FFFFFED4
FFFFFFD5
000000C3
0000034E
FFFFFCB4
FFFFFA70
FFFFF72C
000004FA
000005F7
FFFFFF77
0000144C
0000036D
0000069C
FFFFFF59
FFFFFF96
FFFFFCD6
000006EF
FFFFFFAE
FFFFF91D
000014F1
00000096
FFFFF724
FFFFFCDB
00000BE6
00000516
00000548
00000CD4
FFFFF994
000000BF
FFFFF651
000001CA
0000123C
FFFFF71A
FFFFFB50
000000D5
FFFFFCD9
FFFFFF3A
00000BC3
FFFFF7D7
000000ED
FFFFF647
000006FC
FFFFFF52
00000B40
FFFFFF3B
000007C5
FFFFF8BA
FFFFF506
FFFFFC8D
00000318
000000B2
00000671
000001DD
00000008
0000022B
FFFFEC26
FFFFF642
FFFFF41F
FFFFFFFB
FFFFFF32
FFFFF9AF
000003A9
FFFFFC9C
FFFFF4B7
000005D2
FFFFF677
FFFFFA43
FFFFFF26
000004C2
00000BFF
0000078B
00000838
FFFFF707
000004D4
000000C3
0000030B
0000058C
FFFFF7A3
00000905
FFFFFD5D
00000767
FFFFF7FF
FFFFF505
FFFFFDCF
00000958
FFFFE7CC
FFFFF94E
FFFFFA04
00000349
FFFFFB50
FFFFF884
FFFFF242
FFFFEF4E
00000010
FFFFF41C
FFFFF61A
00000150
FFFFF710
FFFFFE49
FFFFF0D6
FFFFFD63
00000CF4
000009E5
FFFFF980
FFFFF4E5
000005E9
FFFFFCF5
FFFFF2C9
0000091C
FFFFFE7B
FFFFF053
FFFFFD5D
FFFFF913
000003E1
FFFFF8C0
FFFFFC53
FFFFFE17
00000682
000005B7
00000028
FFFFFC85
00000BA7
FFFFF99A
00000432
FFFFFC2F
00000385
0000039A
00000ECC
FFFFF9E6
00000836
00000BC3
FFFFFEB5
0000097B
FFFFFB19
FFFFFCB0
0000016A
0000027F
FFFFFFA2
00000068
000001E1
FFFFFC05
FFFFF90F
0000073C
FFFFF409
00000354
FFFFFBB9
FFFFFC5C
FFFFFC88
00000080
FFFFF995
FFFFF4D9
FFFFF4CA
FFFFF833
FFFFEF8A
0000007B
FFFFF5C9
FFFFEAED
FFFFF73F
FFFFEC86
00000135
0000013C
FFFFFA1A
FFFFFD93
000009A4
FFFFFAEF
000000AB
FFFFF6AA
00000B65
000006EF
FFFFFF77
FFFFF5D7
00001251
FFFFFCA5
00000D16
FFFFF1EE
FFFFFF66
FFFFEFBB
FFFFFC75
FFFFF8B9
FFFFF4E1
000007F5
000004BA
0000069F
FFFFFCDB
000001F2
FFFFF31D
FFFFF585
000003AA
0000031A
00000F94
0000070E
FFFFF6DC
FFFFFAB9
FFFFEEE5
FFFFF7E5
FFFFFD48
00000772
0000089A
FFFFFF67
00000429
FFFFF363
0000022F
00000222
FFFFFD3A
FFFFF8C3
00000945
0000010F
000002B3
00000034
00000408
00000083
00000C95
FFFFFA82
FFFFF9E9
FFFFFFB1
FFFFFB07
00000BEC
0000024D
000002A1
FFFFFA4B
FFFFF115
00000248
FFFFF19A
FFFFFD1E
000001CF
FFFFFBF9
FFFFF2C2
000003C5
0000013C
FFFFF7FA
000002C2
00000645
FFFFFC87
000006B6
FFFFF06D
000000D4
FFFFF56B
FFFFFAC6
000004F3
FFFFFB83
0000108B
000003EF
00000746
00000ED2
00000259
FFFFFA17
FFFFF6CE
FFFFFB65
FFFFF796
0000034C
FFFFF41F
00000007
FFFFF9D6
FFFFF161
0000041F
FFFFFB37
00000386
FFFFF9C9
00000CB4
00000D18
FFFFF3E4
0000067A
0000044F
00000E46
FFFFFE05
FFFFFF19
FFFFFA3C
FFFFFDDD
0000094F
FFFFF559
00000050
FFFFF248
0000027D
000006F0
FFFFF860
FFFFF97F
FFFFFA9D
FFFFF59E
FFFFFD47
FFFFFCB2
0000088B
FFFFFC45
FFFFFFBC
0000014E
FFFFFD5E
00000539
00000545
FFFFFBBD
00000875
FFFFF8DC
FFFFFF6A
00000572
00000AA9
FFFFFE56
FFFFFB76
00000121
FFFFFD5D
000001EC
0000021B
0000068C
FFFFF758
FFFFFA87
FFFFFCD4
FFFFF4F6
FFFFFAD7
FFFFF5C3
00000805
FFFFFDA7
FFFFFE5B
FFFFF436
00000575
FFFFFB38
00000089
FFFFF6FE
FFFFF58D
FFFFF328
FFFFFE06
00000260
00000800
00000435
000002E8
FFFFFD92
0000034F
0000022E
00000005
000005DA
000008BE
FFFFFF6C
00000640
0000087B
00000529
00000781
FFFFFBD1
FFFFF9AD
FFFFF500
FFFFFF58
FFFFFE9A
0000047E
00000466
FFFFFF72
000001D3
FFFFF5A7
FFFFFE29
000001E1
FFFFFB17
FFFFFE34
FFFFF69F
FFFFFEA7
FFFFFE64
00000465
FFFFFD65
0000051B
000008A2
00000808
FFFFFFE0
0000022E
00000846
0000004A
000005AF
000009CE
000002BF
00000805
FFFFFAEC
FFFFFB66
00000529
00000496
000001CC
00000213
000004FD
FFFFF981
00000592
000004BA
FFFFF925
0000011E
000006DA
000004A4
000004F8
0000014F
0000073E
00000176
00000685
FFFFF9F2
00000813
00000AED
FFFFFC52
FFFFFAB7
000006F0
FFFFFD95
00000350
00000606
FFFFFD3F
000008A1
FFFFFED4
00000326
000000AB
FFFFFA90
FFFFFDDA
0000037E
FFFFFD62
FFFFFC7B
FFFFFB59
FFFFFC11
000000B8
FFFFFED6
FFFFFAD5
0000082D
FFFFFAC6
FFFFFE53
FFFFF6AA
FFFFFB1F
FFFFF9C6
FFFFF7AB
FFFFF3A6
FFFFFB85
FFFFF633
FFFFF750
00000199
FFFFF119
FFFFF4CB
FFFFF5CB
FFFFFB4B
FFFFFFF1
FFFFFEC6
FFFFFF27
FFFFFACD
FFFFF7C3
FFFFFCF5
0000044D
00000114
FFFFFBD5
FFFFFD1C
000002AF
00000359
FFFFFB72
000004D7
FFFFF133
FFFFF712
FFFFFFEF
000003DA
FFFFF78D
FFFFFBFE
FFFFF7C1
FFFFFBF5
00000573
00000043
FFFFF337
0000035B
00000157
0000006F
0000007A
FFFFFCEA
000002F0
FFFFF7A1
0000098B
0000012A
000005C8
0000048D
000002A0
FFFFFAA3
FFFFFE00
00000547
00000318
00000A2C
000002E9
0000071C
FFFFF8E5
000007C9
FFFFFFE1
FFFFF9B7
FFFFFD0F
00000287
FFFFF761
FFFFFAA0
FFFFFD34
00000200
000003C1
FFFFFA90
0000048E
FFFFFAC3
0000021C
000008FD
00000A69
0000055E
00000463
000005E7
00000468
FFFFF17A
FFFFFC17
000005F7
FFFFF725
FFFFF7E1
FFFFF51A
000006BC
FFFFFFBC
00000504
00000423
00000595
00000738
000004AB
FFFFFEC8
00000AE0
FFFFFA59
FFFFFFB2
FFFFF8C5
FFFFF9C5
00000807
00000018
000000C9
00000247
FFFFFC81
FFFFFEB0
000008F1
00000B1F
0000093A
FFFFFFB7
0000026B
0000034A
000008DC
000005CE
FFFFF28B
00000456
FFFFF8AC
FFFFF770
FFFFFE96
FFFFF62D
FFFFF5BD
000004D5
FFFFF868
FFFFFCE3
FFFFF9ED
FFFFFF0C
FFFFF976
FFFFF768
FFFFEFE3
FFFFFE2A
FFFFF9C3
FFFFFCE0
FFFFF95D
FFFFFDED
FFFFFCDE
FFFFF30B
FFFFFA11
FFFFF238
FFFFFDC6
FFFFFB21
FFFFF153
FFFFF94A
FFFFFE14
FFFFFC66
FFFFF67A
0000010B
FFFFFEBA
0000012E
FFFFFEAD
FFFFFBC3
0000012E
FFFFF6E9
0000006D
00000022
FFFFFD18
FFFFF63C
FFFFF92C
000004D8
000002B3
FFFFFCFE
FFFFFF92
FFFFFF8B
000005E0
000000AA
FFFFFA0E
00000356
000000B4
000000CC
000007A2
000005A0
00000D66
FFFFF608
FFFFF47A
00000504
00000322
00000203
00000545
FFFFF6E7
00000067
FFFFF778
0000026B
00000998
FFFFF651
00000093
00000707
0000057C
000004CC
FFFFFAE4
00000164
000001D2
000002D1
FFFFFD1A
00000241
00000451
FFFFFBA2
FFFFF7DA
000009FE
00000206
00000021
FFFFFC95
FFFFFBD5
FFFFFBE5
FFFFF752
FFFFFD7A
000001AB
FFFFF8B1
FFFFF83E
00000402
FFFFFAA0
0000023E
0000022B
FFFFFD5E
00000784
00000510
FFFFFCEB
FFFFF765
0000052E
00000CFF
00000093
00000086
FFFFFB55
FFFFF72E
FFFFFE44
FFFFF9E2
000003E7
000000AD
00000942
FFFFFE07
000001F4
00000373
FFFFFB76
000002AA
0000010A
00000397
FFFFF2CF
FFFFFD7D
000003FF
FFFFF528
FFFFF0C6
FFFFFF20
FFFFF853
FFFFFC99
FFFFFE36
FFFFFD60
FFFFF625
000005D7
FFFFFBDE
FFFFFAE0
00000355
FFFFF41A
FFFFF8DA
00000493
FFFFFB28
0000024D
FFFFFF45
FFFFF453
FFFFF70D
FFFFF637
FFFFF65A
FFFFF7B2
000003F1
FFFFFBC9
FFFFFB42
000002E3
FFFFFEE0
FFFFFA79
00000142
FFFFFB0E
00000199
FFFFFA81
FFFFF8A1
FFFFFD49
FFFFFCF7
FFFFFF7F
000002B7
FFFFF680
FFFFF5DA
FFFFFD52
FFFFFC41
FFFFFEA1
FFFFFE46
FFFFFCDE
FFFFFA82
FFFFFB09
FFFFF92D
000003E3
00000477
00000718
FFFFF62F
FFFFFBD4
000004A9
00000543
FFFFFDC1
FFFFFAD8
00000011
FFFFF623
FFFFFB53
FFFFFF68
FFFFF638
000003DD
FFFFF924
FFFFFE04
FFFFFAD7
000003AF
FFFFF888
FFFFFA7D
FFFFFF04
FFFFFD9E
FFFFF468
FFFFF674
000001E8
FFFFFBF2
FFFFFA48
FFFFF9C6
FFFFFC10
FFFFF79C
FFFFFA52
0000002A
FFFFF887
00000837
00000203
FFFFF471
000006C5
00000373
FFFFFCA1
FFFFFFD9
00000281
FFFFF796
000005DB
FFFFFE07
FFFFF40B
FFFFFA99
FFFFFCB2
FFFFF05F
FFFFF4B8
FFFFF2CE
FFFFFD89
FFFFF5EB
FFFFF5A6
FFFFFC5A
00000941
FFFFF831
00000496
00000A28
FFFFFE8C
FFFFFC15
FFFFFFDE
000008A0
00000CBD
000000FE
FFFFFC77
FFFFFA02
000000DD
FFFFF7B6
0000033B
000001D7
00000185
0000040D
FFFFFF34
FFFFF99C
000007BE
00000493
FFFFFD3F
00000797
000003FA
00000BEF
FFFFF92E
FFFFFC86
000002D3
000003A3
00000371
FFFFFF24
000007C9
FFFFF8EA
FFFFFB5D
00000104
FFFFFDDB
FFFFF8C1
FFFFF333
FFFFF6B5
0000000A
00000031
FFFFFCC2
FFFFF82A
FFFFF952
00000AAF
FFFFFB94
FFFFFC36
FFFFFBBB
00000576
FFFFFB6C
000000A3
0000001D
FFFFFAF1
000002A6
FFFFF834
FFFFFD10
FFFFF6C3
0000010A
00000252
FFFFFCD3
FFFFF36A
0000024B
00000079
FFFFFC69
FFFFFBB8
FFFFFD27
00000020
FFFFFC9F
0000021F
0000038B
FFFFFFB0
00000594
0000014E
FFFFFDE1
00000083
0000023C
0000089D
000008DE
FFFFFB05
FFFFF307
00000236
FFFFF9C2
FFFFF184
FFFFFF62
FFFFFE6D
FFFFFE72
FFFFF636
FFFFFC1D
00000059
0000116D
0000075F
00000363
0000032F
00000807
0000007D
FFFFFD28
0000032A
00000134
FFFFF455
00000513
0000094F
FFFFFF15
FFFFF940
FFFFFBCA
FFFFFFD9
FFFFFD10
FFFFF9B8
000007CD
FFFFFD99
00000B0E
FFFFF728
00000E54
000003F4
FFFFFC93
FFFFF8EB
FFFFFA76
00000F45
FFFFF80F
FFFFFBB2
00000404
FFFFFA71
00000B34
FFFFFF06
FFFFF356
000010B1
FFFFEF33
FFFFFD5E
000013CE
FFFFFE23
FFFFFDE1
00000147
FFFFF1AC
00000B56
FFFFFD6E
000003C4
00000A23
FFFFF762
00000CFE
00000887
FFFFF862
FFFFF67E
FFFFFEB5
00000670
0000033D
000007FC
00000B63
FFFFFD17
000002FC
FFFFFD82
000002AD
000008C4
00000BCE
FFFFF869
00000D1E
00000CE1
FFFFEF48
FFFFF3D3
FFFFFC74
00000192
FFFFFC3C
FFFFFA44
FFFFE89A
000002EC
00000B55
00000365
FFFFFC8B
00000C59
FFFFFA3F
FFFFF42C
FFFFF5A0
00000221
FFFFFD2A
00000022
FFFFEDD4
FFFFFE63
00000A58
0000053C
FFFFFF49
000001AF
00000380
000001A1
FFFFF6A9
FFFFFDEF
FFFFF3CD
FFFFF7FA
00000680
FFFFF7F5
FFFFFF95
FFFFF9FB
FFFFFA81
FFFFFFA5
00000C82
00000774
FFFFFDAF
FFFFF95F
00000F11
00000889
FFFFF1B5
000005B2
00001226
FFFFF393
FFFFF173
FFFFF795
FFFFFF53
0000088F
FFFFF244
00000326
000002E4
FFFFF6FF
FFFFF7DB
FFFFF078
00000C4E
FFFFFDBA
0000004F
FFFFFA13
FFFFF849
FFFFFB46
FFFFFA78
000003AF
0000014B
0000071A
FFFFFA80
FFFFF43A
000007D4
FFFFF332
FFFFFC68
00000A06
FFFFF5DA
FFFFF79D
00000A02
00000247
0000073C
00001720
FFFFF9BC
0000047B
FFFFF7D7
00000040
00000BB6
000002A5
FFFFF596
000000C3
00000714
FFFFFFA7
FFFFF8A3
0000012D
00000C79
FFFFF18E
FFFFF493
000007B3
FFFFF10C
FFFFFF46
00000737
0000020D
FFFFECC5
00000D97
0000068D
00000A00
FFFFF895
00000EE9
FFFFF878
0000042B
FFFFFB9D
000006E6
FFFFFD78
FFFFFBE3
FFFFFAE1
0000047C
FFFFFE5A
FFFFFEC7
000002A6
00000854
00000A3E
FFFFFA6E
FFFFF062
00000974
0000064E
FFFFFF44
000007FD
FFFFF868
0000006F
0000036F
FFFFFD54
00000633
0000088F
000009D1
000003FA
FFFFFB2D
00000399
FFFFFB5A
FFFFFF76
00000126
FFFFEE6C
00000C6A
0000038A
FFFFFAF9
FFFFEE87
FFFFF83E
FFFFF45D
00001624
00001408
FFFFE5AD
000006EA
FFFFF854
000007E6
FFFFFAF1
FFFFFA99
000001E0
FFFFF070
00000C06
0000035C
FFFFF02F
FFFFF435
00000324
FFFFF694
FFFFFEBF
00000343
FFFFF4E6
000004BA
FFFFEE07
000005C7
00000194
00000FB0
FFFFF848
0000061B
00000B77
FFFFFB25
FFFFF28F
000001BF
00000793
FFFFFD57
00000199
000004E5
0000072F
0000062A
FFFFF74F
FFFFF073
00000B23
000001F1
FFFFF577
FFFFF4D0
000000F1
FFFFFCCC
000006FE
0000021F
00000404
FFFFFDC8
FFFFF0CB
FFFFFC06
FFFFF746
FFFFFB60
FFFFF46A
FFFFF13D
000004E9
000000B7
FFFFFF99
00000CBF
FFFFFE02
00000195
00000287
0000053E
FFFFF957
FFFFFBDC
000000BD
FFFFFE04
FFFFF68F
FFFFF293
FFFFF1B9
00000F4D
FFFFFFA0
00000F89
00000D02
FFFFFC62
00000223
000000AB
00000768
0000076C
FFFFF088
000002E3
000006AC
0000010E
000009A6
000012E1
0000020F
FFFFF8A4
0000079A
000003A9
FFFFFC8E
0000054A
00000051
FFFFF440
00000410
00000526
FFFFF608
FFFFFEFD
FFFFF283
0000025E
FFFFF3C3
0000034F
0000003A
00000A96
FFFFE96E
FFFFF60D
FFFFF5A2
00000545
000001F4
000009A8
00000479
000000E3
FFFFFF7A
FFFFFA98
FFFFFFE8
00000587
0000045D
00000962
000001E7
FFFFED08
FFFFFBAA
000004DE
FFFFF48B
FFFFFC71
00000762
00000928
00000621
00000272
000006D8
FFFFFA72
FFFFF4EF
FFFFFB5A
000010AF
0000031C
00000C98
FFFFF722
00000093
00000284
0000091D
FFFFFEAB
00000E0C
000002A0
FFFFF8E5
FFFFF890
0000051F
000003B5
FFFFF22B
00000098
000004EC
FFFFF7D8
00000B92
00000D28
00000ACD
00000C61
000002FA
00000347
FFFFF02A
00000B7D
000009FD
0000116C
00000730
FFFFF475
0000060E
FFFFF010
FFFFF341
FFFFE757
FFFFFB7C
000003DD
FFFFEFE0
FFFFEE5E
FFFFFE4F
0000019F
00000AD7
FFFFF9E3
FFFFF133
000002B8
00000445
000009FB
FFFFFA88
FFFFF89C
FFFFF24D
00000DAF
000009CE
FFFFF55D
FFFFF5DB
00000ACC
FFFFFAF3
000006E3
FFFFF522
000005E9
FFFFFE62
FFFFFD81
FFFFF1F9
FFFFEEB7
FFFFF723
FFFFFF85
000003A2
FFFFFC46
000005C3
FFFFF94E
FFFFFFDF
FFFFFB18
FFFFFC96
FFFFF4FE
FFFFFB02
000008D3
000003C0
FFFFF409
000001A7
FFFFFD7A
0000066F
00000770
FFFFF758
FFFFE360
FFFFF745
FFFFFF09
FFFFFF9D
00000AD5
FFFFF7C2
00000220
0000073C
0000177A
00000632
FFFFFAB3
00000E27
FFFFFD6C
00000389
000011CE
FFFFF194
FFFFF649
000005D1
0000037A
FFFFFC70
0000072C
0000029B
FFFFF80E
0000023D
00000749
FFFFFA2A
00000026
000005E2
FFFFF44B
FFFFF6EE
00000C0A
FFFFF7BA
FFFFF264
00000C3C
FFFFF828
FFFFFBB0
FFFFFFDC
0000041D
FFFFFE78
FFFFFD6F
FFFFFEC4
FFFFF118
FFFFFB08
000006AC
FFFFF66B
FFFFF228
FFFFFF1C
000002CF
FFFFF7B8
FFFFF4D2
FFFFEE07
FFFFFD82
FFFFF75A
FFFFFEA3
FFFFFFAE
FFFFFB55
0000033A
FFFFF109
FFFFF81B
0000022E
0000049E
FFFFEFF3
000007A0
000003AF
FFFFFF02
FFFFF883
000003F1
00000F66
FFFFFBFA
FFFFF77C
00000111
0000039B
00000936
00000035
FFFFF308
00000A29
FFFFFD4D
00000B72
0000062C
FFFFFE1C
00000B6A
FFFFFCC2
000000EE
FFFFFAB1
0000104D
FFFFFE93
FFFFF745
FFFFFEBD
00000922
000005CB
FFFFFB9E
FFFFFDDE
FFFFF4FD
FFFFFF67
FFFFF9F0
000008D6
00000AE4
000007EA
FFFFF808
FFFFFA9E
FFFFF7ED
000005E9
FFFFF5C6
FFFFFFA4
00000A89
0000092D
FFFFFC01
FFFFF4A8
00000D1A
000007DA
FFFFFF03
000011F5
0000084C
00000CF3
FFFFFADF
FFFFF6E5
FFFFFEE9
000016CA
000004A9
0000112C
00000EF5
FFFFF698
FFFFF829
FFFFFEDA
0000060A
FFFFF952
FFFFFA05
0000047D
00000E86
FFFFF1B3
000001EF
FFFFFF47
FFFFFD9B
FFFFFB5B
FFFFFB6F
00000760
000005C4
FFFFFCA5
00000785
000008A1
000009C7
00000055
00000611
00000B99
FFFFFD06
000002CD
FFFFFBC1
0000066B
FFFFF50F
FFFFFDC4
000007C8
FFFFFFBB
FFFFF19C
000006D4
00000BE6
FFFFF3E8
000003DB
00000A28
FFFFF8D5
FFFFF3C2
00000928
FFFFFB98
FFFFF8CA
00000935
000010AD
00000052
00000237
FFFFFB44
00000269
00000973
00000C34
FFFFF927
FFFFFE3A
00000543
000002EC
FFFFFD21
FFFFFDC5
0000071C
FFFFFE7D
000002DC
FFFFFFA1
00000314
00000309
FFFFFC0C
00000516
0000008A
00000402
000003E9
00000582
0000011D
0000060C
FFFFFCF4
00000A59
FFFFFB7B
000001E6
000001F1
FFFFFF9F
0000069E
FFFFFD47
FFFFFC1A
FFFFFC29
00000427
FFFFF923
FFFFFA2D
0000035D
FFFFFAAA
FFFFFFEA
0000035B
FFFFFDD7
FFFFFDCA
FFFFFA6D
0000005B
0000042F
00000518
FFFFFD95
FFFFFF55
00000040
FFFFFAE8
0000016C
0000063C
0000038D
FFFFFE6E
0000073F
00000040
000002A4
00000663
000000E4
0000039A
FFFFFF22
00000204
00000514
00000559
0000079B
FFFFFAFD
0000018D
FFFFFF74
FFFFFE11
00000175
FFFFFD32
FFFFFDE2
000001D4
FFFFF91B
00000476
0000016D
000002F8
000004BB
000000E4
000002FD
FFFFFF42
0000008D
0000028C
000001E6
000007A8
000006AB
000002E9
00000594
000006A3
000000D9
0000043A
FFFFFE8B
000007E2
FFFFFCF0
00000556
00000BF1
00000622
0000096D
000006FE
000005C5
0000052D
000004F9
000009A0
FFFFFEE0
000005F4
0000005D
FFFFFE46
00000431
000007AC
FFFFFFF0
000002A9
FFFFFFE0
0000062F
00000197
000000EC
00000480
FFFFFDA7
FFFFFCD0
00000357
00000224
000006A2
000003E4
FFFFFB92
FFFFFEE6
FFFFFB43
FFFFFC13
FFFFF83F
00000240
00000234
0000011B
FFFFFE92
FFFFFF1F
000001FF
FFFFFD8C
FFFFFF25
FFFFFF98
000002EA
FFFFFD67
0000049D
00000558
00000220
00000245
0000069C
FFFFFEFF
0000022C
00000478
000002AF
000005BF
FFFFFD8C
00000490
FFFFF911
00000070
FFFFFE24
FFFFFFC8
0000007D
00000102
0000060F
0000015F
FFFFFF17
00000129
000004A6
0000053A
00000558
0000034E
000004D6
00000100
0000038E
00000462
FFFFFE26
00000037
0000028D
00000208
FFFFFC2E
FFFFFFE9
FFFFFB00
0000032C
FFFFFE68
000006FD
FFFFFEE4
00000208
0000075C
0000018A
FFFFFB3F
00000888
FFFFFB92
000000B3
0000053D
000004D8
FFFFFDF3
00000568
FFFFFF19
FFFFFEC3
FFFFFF35
000000C4
00000361
00000298
00000071
FFFFFD12
000005D1
FFFFFB94
000005FA
000005AF
FFFFFAB6
000001C8
FFFFFEB8
FFFFFEA9
FFFFFB90
000001AA
00000351
FFFFFFC3
00000031
FFFFFF55
00000438
00000187
0000064C
00000266
FFFFFC16
FFFFFE71
00000661
00000182
00000426
0000073A
000005ED
0000083A
000003DA
0000072C
000001EA
000005C5
0000033C
FFFFFCDD
000005A7
000004B0
000006D2
00000790
00000310
FFFFFD3D
00000021
FFFFFFE1
000003CD
00000440
000004B4
FFFFFF76
000004A5
000008FE
00000280
FFFFFE2F
00000270
00000106
000005B3
FFFFFE24
FFFFFF37
FFFFFC9E
FFFFFE34
00000155
00000001
FFFFFF5E
000004BC
FFFFFC74
00000040
FFFFFAE0
000003A1
0000030A
FFFFFB4F
00000674
0000049C
0000054B
FFFFFD4A
FFFFFC2F
FFFFFF8F
FFFFFB2E
000000EB
00000082
000001E3
FFFFFE04
FFFFFD6D
FFFFFEFD
FFFFFC29
0000044C
FFFFFFD7
00000270
FFFFFDD0
000004BF
FFFFFFB9
FFFFFB8A
FFFFFD13
00000084
000000F9
0000070A
000002B9
FFFFFE44
0000032F
FFFFFE6A
FFFFFF26
000006BD
0000054B
FFFFFF69
0000044B
000004D2
FFFFFCDD
00000185
FFFFFC9B
00000240
FFFFFF9B
0000048E
FFFFFD2D
00000477
0000011B
00000225
000001C0
00000626
00000097
000000A2
00000497
0000054A
00000428
FFFFFD57
0000034C
00000580
00000083
000001C1
000005E4
0000043C
00000178
000003D1
FFFFFC5C
FFFFFA2F
00000180
FFFFFF4B
FFFFFFAA
FFFFFE7E
000005A0
000001A1
FFFFFAF0
FFFFFACC
FFFFFC15
00000117
FFFFFD74
00000083
000003B4
FFFFFEA2
FFFFF81F
00000316
000003B7
FFFFFA89
000001B6
FFFFFFC6
FFFFF966
00000330
FFFFFE83
000000F7
FFFFFE88
FFFFFEE0
FFFFFFE6
FFFFFFF2
000001F1
00000249
FFFFFB4E
000002B9
000002D6
FFFFFFB9
FFFFFFEE
0000023F
FFFFF975
0000042D
FFFFFA57
000003FF
00000436
FFFFFF63
FFFFFD53
FFFFFE7C
FFFFF94C
000005E8
FFFFFF66
FFFFFFDB
0000044C
00000413
00000506
FFFFFEC1
0000045E
00000042
FFFFFDFF
000007B6
FFFFFE6B
0000035E
FFFFFF57
000000FC
FFFFFE79
FFFFFE3C
00000246
00000109
FFFFF6B1
FFFFFB3A
000005F1
00000610
000000DC
0000006C
FFFFFF7E
FFFFFCFD
FFFFFD20
FFFFFAB2
000003E0
000001F0
000002CF
FFFFF9A1
000004D0
FFFFF77A
FFFFFB87
00000496
FFFFFF48
000001C7
FFFFFC3D
FFFFFC38
0000021B
00000090
00000392
FFFFFEED
FFFFFD46
00000342
00000567
FFFFFFE0
FFFFFCE0
000002D8
000002CD
FFFFFF9D
FFFFFF6F
000001D5
00000236
00000345
00000073
000004A3
FFFFFDED
0000033B
000001CD
000005F4
FFFFFF35
0000012E
FFFFFC02
FFFFFC7A
FFFFFBB6
FFFFF9C7
0000008A
FFFFFA36
FFFFF9B7
00000021
FFFFFF17
00000193
0000055E
000005F2
FFFFFA41
FFFFFD93
FFFFFE2B
FFFFF8D5
FFFFFEE4
FFFFFE10
FFFFFED2
FFFFFB07
00000348
FFFFFD75
00000092
FFFFFF3F
000001AF
FFFFFDFC
FFFFFFA7
00000290
00000310
00000520
FFFFFDB7
00000109
000004C3
FFFFFBA5
FFFFFD73
00000392
00000071
00000313
00000143
000001CA
FFFFFF92
0000043A
FFFFFC2F
FFFFFF4A
00000567
FFFFFC30
0000038B
00000129
FFFFFB6D
00000024
FFFFFCA4
FFFFFD5F
FFFFFDF1
00000578
FFFFFCFB
00000614
000004A0
FFFFFFBD
FFFFFFC6
FFFFFA46
FFFFF80F
0000061B
000003DD
FFFFFB55
000002C8
FFFFFF80
FFFFF8E4
FFFFFC3F
00000327
FFFFFA71
FFFFFE8F
FFFFF904
000002B7
000005D0
0000090E
0000019E
FFFFFE29
0000076B
000006D0
FFFFFF28
0000009A
0000002D
FFFFFF70
FFFFFDC7
00000320
FFFFFDAC
FFFFFE5B
000003F1
FFFFFF6C
0000024C
00000181
FFFFFDF1
FFFFFC6E
0000026F
FFFFFDC5
FFFFFC31
FFFFFB78
000000F9
FFFFFDA1
000001F7
00000617
000003F5
00000408
000002C8
FFFFFC06
FFFFFF1B
0000029A
FFFFFE08
000004E9
000006FC
000000F9
00000714
FFFFFD67
FFFFFB95
0000014B
00000247
FFFFFDBB
FFFFFB8C
00000507
000004CB
0000005F
0000017D
FFFFFDCD
00000042
FFFFFD37
FFFFFFF8
FFFFFDF6
0000054D
0000016E
00000619
000001CC
0000015B
FFFFFCF5
0000048E
00000162
000003CE
FFFFFD52
000000C0
FFFFFBEE
000006D3
0000005C
FFFFFDD7
0000016E
00000234
000005CA
000002F5
FFFFFF83
FFFFF5B4
000009E8
FFFFF23C
00000634
00000362
00000690
FFFFF619
FFFFE6B9
FFFFE9E2
FFFFF4AE
FFFFEE32
FFFFFB66
FFFFF6BD
FFFFEF6E
FFFFEA23
FFFFE7AC
FFFFF1E0
FFFFF052
00000669
FFFFF4F2
FFFFFD5B
FFFFF891
FFFFFD33
FFFFFE3E
00000343
000003CC
FFFFF4D1
FFFFFFE5
00000C83
FFFFFA77
FFFFF828
0000011F
00000428
FFFFF78B
FFFFFAD6
FFFFFF7E
00000721
FFFFF1E7
FFFFF517
000009B4
00000110
FFFFF0CE
FFFFED0B
FFFFFCCA
FFFFFB08
FFFFF139
FFFFFACE
00000358
000009FF
000005D0
FFFFF722
FFFFF250
FFFFFE40
000010DD
00000266
0000029E
FFFFF30F
00000546
FFFFF70C
FFFFFEFA
FFFFFA4F
FFFFEFEC
FFFFFFF5
FFFFF304
FFFFF295
FFFFFB41
FFFFF9EE
FFFFFCCD
FFFFEB99
FFFFF1FC
FFFFFD50
0000087F
FFFFF749
00000173
00000BE9
00000701
0000139D
0000032A
FFFFFEC5
0000114F
00000CF8
00000E35
00001340
0000016A
FFFFFD2F
00001012
00000E22
00000516
000002A0
00000903
00000070
0000079A
000000A9
0000115D
FFFFF3CA
00000334
0000074F
FFFFFBDB
FFFFFED0
00000397
00000DA6
000007DE
000017DC
FFFFF89B
00000586
0000165C
FFFFFD70
FFFFF391
FFFFF745
00000A5A
00000A49
00000CD7
00000070
FFFFF1F4
00000DBC
FFFFFC27
000004DD
000008A7
FFFFEF3C
FFFFF9DB
FFFFF46C
000005EB
FFFFF58F
000001A7
0000057C
FFFFF945
000008B5
00000650
FFFFF900
0000061F
FFFFFDEF
FFFFFA1D
0000072D
00000493
FFFFF5F7
00000046
00000613
FFFFFE13
00000B5C
0000081E
FFFFF67E
00000573
FFFFFC7D
FFFFF8E4
FFFFEA7C
000001CB
0000005F
FFFFE078
FFFFF5B2
000002D8
FFFFE4D4
00000225
FFFFFBA1
000011F7
00000BF5
FFFFFEDD
FFFFFAB0
FFFFF90C
00000188
00000393
000009BE
FFFFFD7E
00000488
FFFFF150
000004E1
FFFFF44C
FFFFF74D
FFFFFA0F
000003A5
FFFFFBAD
FFFFFEA6
000007C4
00000DF8
FFFFFABF
00000067
FFFFFEAC
00000092
FFFFF326
00000DBF
0000059C
00000A17
FFFFFA20
00000DDF
FFFFFD3D
FFFFF99F
0000031A
FFFFFDA4
FFFFFDA1
000004AD
FFFFF54D
000009B9
00000769
000010F9
000011CA
00000BC1
FFFFF5FC
FFFFFBD1
FFFFF698
FFFFF3C9
FFFFFEED
FFFFF9DD
FFFFEFA3
00000309
000004CA
FFFFF387
FFFFFAA1
00000E5C
00000347
00000D00
000000AF
FFFFFA12
FFFFF21C
000005ED
FFFFFCF8
0000179A
0000072E
000014A2
00001167
00001472
00001677
000010C9
00001460
00000C7F
FFFFF188
FFFFF714
FFFFFC0B
0000093F
FFFFFB32
000005F8
FFFFEE92
FFFFEC3E
000008B7
00000267
00000487
0000033C
000004E8
00000D77
00000D65
00001343
00000F59
FFFFFEF0
FFFFF34D
000001A8
FFFFFAF8
FFFFFC0D
FFFFFDFC
00000805
00000584
0000017A
00000B3B
FFFFFBA3
FFFFF44D
FFFFF06E
FFFFFDBC
FFFFFE8B
FFFFF41F
FFFFF1AB
FFFFF53C
FFFFFB37
0000037E
FFFFFC17
FFFFF129
FFFFFD18
FFFFF460
00000534
00000BCE
FFFFFB28
FFFFF055
000007C1
FFFFF837
00000379
00000589
FFFFFF9F
FFFFF4A3
FFFFF653
00000E22
FFFFF011
000005E5
00000C24
00000341
00001261
0000100D
0000193E
00001795
000011F7
FFFFF85B
000009D1
0000026C
00000698
00000CD5
000008BB
00000913
000007FD
00000BF0
00000571
00001150
FFFFFA51
FFFFFC56
0000065D
00000A42
00001358
00000E87
FFFFF6BF
FFFFF7E8
FFFFFB85
00000711
FFFFFFFE
FFFFF3E0
00000520
00000D43
FFFFFA0A
FFFFF8A3
FFFFF65A
00000F4B
00000D9D
00000787
000001BB
FFFFF314
00000EAF
000003A5
FFFFFF8A
FFFFF711
FFFFFBA0
000008C7
00000216
000001B7
FFFFFD3C
FFFFFC9C
0000018F
000002C5
000007AB
00000522
FFFFFD9F
FFFFF16B
FFFFFD78
0000032D
0000054F
FFFFF8CE
FFFFFAB6
FFFFF7A9
FFFFFBE2
0000099E
FFFFFF37
0000041B
0000085E
FFFFFAAA
FFFFF6D1
00001054
FFFFFA7F
FFFFF57C
FFFFEDA4
FFFFF689
00000A11
00000454
FFFFEF5F
FFFFF744
FFFFFD60
FFFFF28D
00000BBF
00000CB2
FFFFFD7C
FFFFFDA8
000010CB
FFFFFABD
0000054F
00000E39
FFFFF964
00000950
FFFFFD5B
00000E21
FFFFF685
FFFFF84D
00000DEA
00000194
000003CA
00000B72
FFFFF249
FFFFF40F
00000233
FFFFFC6C
00000498
00000937
FFFFF566
0000028D
FFFFF437
FFFFED49
FFFFFBB2
0000044D
FFFFFB83
FFFFF0BD
FFFFF706
FFFFE76A
FFFFFDC2
0000008D
0000107A
FFFFFD81
00000AC6
000004C3
FFFFFFA2
FFFFFE77
00000A21
000014FC
00000286
00000511
000002B0
FFFFF9A3
00000876
0000025D
0000002D
0000015D
FFFFFB1A
00000E56
FFFFFA3D
FFFFFCA6
FFFFF354
FFFFF8C3
FFFFF144
FFFFF7BB
FFFFF241
FFFFE4A7
FFFFFCBA
000002DA
FFFFFFF4
00000605
FFFFF882
FFFFF48F
FFFFFC27
FFFFFE13
00000054
00000945
FFFFF8DB
FFFFFFA9
FFFFFF3B
000002E7
FFFFF64A
FFFFF268
0000074B
FFFFF606
FFFFF16B
FFFFFD14
00000330
FFFFFB98
00001279
00000FCA
FFFFF25A
00000615
FFFFFAAC
FFFFFC14
FFFFF2B6
FFFFF75F
FFFFF3BD
FFFFFF39
00000437
000004CC
FFFFF63E
FFFFF199
FFFFF78A
FFFFFFEF
0000021D
FFFFFF99
FFFFF3A3
FFFFFCA0
FFFFFE1D
000002EB
FFFFEE3F
FFFFF19C
FFFFF8F5
00000847
0000051E
000011EA
00000D63
0000054C
FFFFF660
000004A0
00000777
00000739
FFFFF8A6
FFFFFCCD
FFFFF9D7
0000024E
FFFFFED1
FFFFFD6F
0000031B
000003C6
00001044
0000009A
00000286
00000BC3
FFFFF997
0000007E
00000739
000002FE
0000077F
0000074F
FFFFF67D
000008F3
00000537
00000362
FFFFF975
FFFFF426
FFFFFAB2
FFFFF933
FFFFF583
FFFFFFF8
FFFFFB16
FFFFFCC2
FFFFF149
00000D54
FFFFFA69
FFFFFA6F
000008F5
000001B8
00000400
FFFFF69C
FFFFF947
FFFFF9D8
000008E5
FFFFF7A5
0000022A
00000129
FFFFF069
FFFFE92E
FFFFF6E6
00000348
FFFFF585
FFFFEBE9
FFFFF837
FFFFF186
FFFFFD36
000001C9
00000B17
00000C8D
FFFFF444
FFFFFF21
000000CA
0000068A
FFFFFA48
00000E03
0000013A
00000246
00000689
FFFFFED8
FFFFF92F
000004B7
00000883
FFFFFF60
00000024
FFFFF1D5
FFFFFE1F
000000C4
FFFFFC64
FFFFFCA0
FFFFEB4A
000004B3
FFFFFC31
FFFFFE44
0000013C
000006AD
FFFFFBFD
FFFFF58C
FFFFFDC5
FFFFFAA7
FFFFF8FC
FFFFFF5E
00000D8D
FFFFF901
000003A9
00000692
000006E9
00000796
00000E40
000005DE
00000782
000005D8
00000530
FFFFFDF1
000002E9
00000995
FFFFFE04
000007AE
00000813
FFFFFBB2
FFFFFBF6
FFFFFB58
00000099
000005B1
0000041C
000003AE
00000907
00000426
00000338
FFFFF863
FFFFF58C
FFFFF554
FFFFFA98
000005AF
FFFFF708
000000D7
FFFFFA3D
FFFFF58D
FFFFFB65
FFFFFB0A
0000001A
FFFFF8C8
FFFFFB63
00000B85
00000A6F
000001AC
000001FD
00000806
00000403
00000958
00000DF1
FFFFF916
FFFFFE72
000002F3
00000EF5
00000F96
00000047
00000911
FFFFFB79
00000B12
00000C1A
FFFFFF5C
000004A1
000000A0
000005C5
FFFFF556
00000249
FFFFF9F1
000002D0
000005AD
FFFFFBE5
FFFFF782
00000AE3
00000A59
00000AB4
FFFFF438
FFFFF484
FFFFF776
FFFFF7E4
FFFFFB71
00000355
FFFFF2E4
FFFFF942
FFFFFDF9
000000C3
0000046D
000002BB
0000059E
FFFFFFBC
FFFFFA8C
FFFFFE8E
FFFFFBF4
000002CD
FFFFFD27
FFFFFC32
FFFFF661
FFFFFFBC
000008CF
0000042B
FFFFFA55
FFFFFCBD
00000A46
0000048A
0000036F
000008FD
00000395
00000775
00000A2D
00000688
00000940
000006B0
00000528
FFFFFDDA
000009DE
00000483
FFFFFDD4
0000052E
00000005
FFFFFC82
00000914
FFFFFEF9
FFFFF72E
FFFFFDB9
0000015C
FFFFFD31
00000631
000007A3
FFFFFF9D
FFFFFC8E
00000383
FFFFFBA8
000002EB
FFFFFB5F
FFFFFD30
000002C6
FFFFFEFB
0000046C
FFFFFBAF
00000997
FFFFF866
000005A0
FFFFFED1
00000438
00000218
FFFFFEE2
FFFFF720
FFFFF8F0
000003F6
00000A2A
000001BB
000006CC
00000136
00000AEE
0000050D
FFFFFAA9
FFFFF634
FFFFF1DE
FFFFF7DD
FFFFF54E
FFFFF7B3
00000338
FFFFF512
FFFFFCB6
FFFFF8CB
FFFFFA69
000004B9
FFFFFE3E
0000026C
0000052E
FFFFFCE4
00000332
00000199
FFFFF8C1
FFFFFC7F
FFFFFE58
00000A36
000006B2
000008EF
FFFFFAEE
0000073F
00000E33
00000F9A
00000765
00000470
000007F0
00000232
00000141
FFFFFD1D
0000027E
0000095A
FFFFFD45
000000E3
FFFFFD05
FFFFFDAC
FFFFFD45
FFFFFEC0
FFFFFFED
FFFFF670
FFFFFAAD
FFFFFBE9
0000017D
000001FD
0000046F
0000035E
FFFFF859
000001F3
FFFFF630
000001B4
000000F5
FFFFFFC6
00000AD0
FFFFFB63
FFFFFD7D
00000879
00000657
FFFFF90E
FFFFFDB0
000000AB
000003BE
FFFFFB40
00000357
FFFFFCFA
000004C0
FFFFFEAE
FFFFFC1B
FFFFFC6F
FFFFFEEF
FFFFF540
00000A97
FFFFFDD7
00000348
000003AD
00000740
00000619
0000027C
FFFFFD04
000000C3
000000BB
FFFFFF13
00000208
FFFFF6A3
FFFFF774
FFFFFF82
00000057
00000029
FFFFF5F7
0000021C
FFFFFF9B
000004AB
00000153
0000046F
00000721
000002A1
FFFFF7F6
FFFFFD80
0000038F
FFFFF888
00000026
FFFFFEA7
FFFFFBEE
00000283
0000009C
000003C7
00000051
FFFFF43A
FFFFEFF3
FFFFF211
FFFFF85A
FFFFF7DD
FFFFFFE9
0000009F
000003C5
FFFFEF5C
FFFFF7A2
000000F3
0000059B
FFFFFB98
FFFFF3FB
FFFFF7E8
FFFFF812
00000800
0000015F
000000AA
00000032
FFFFFB82
FFFFFDCE
000001E6
0000018E
FFFFFB41
000006BB
0000022B
FFFFF561
FFFFFB3A
FFFFF7CF
000009BD
FFFFF7C3
0000016D
FFFFF874
000006E6
00000771
FFFFFB20
FFFFFAFC
FFFFFC9F
0000096D
00000ADE
0000090E
00000134
FFFFFD01
FFFFFA80
00000647
FFFFFFC1
00000583
000001C3
FFFFF68C
FFFFFA1F
00000E09
0000042A
00000336
FFFFFE55
FFFFFBA3
FFFFFF7B
FFFFFB6A
00000BDA
000000E8
FFFFFD38
0000052D
0000048F
FFFFFBDF
FFFFFCEB
FFFFFAB0
00000309
FFFFF6B7
00000675
000004D2
0000028F
FFFFFEBC
FFFFF745
FFFFF3BF
FFFFFA01
FFFFF6BA
FFFFF8FE
FFFFF3B5
FFFFFFC0
FFFFF381
FFFFFFED
FFFFF6EE
FFFFF5E7
FFFFFEA1
000005F9
FFFFF7B5
FFFFF93B
00000405
00000104
FFFFFFCB
FFFFF871
FFFFFE44
FFFFFBDF
FFFFF699
FFFFFCCE
FFFFFFE0
FFFFFBE6
000001C8
FFFFFA5C
FFFFFC3F
000001B0
FFFFFB04
FFFFF357
FFFFF67C
FFFFF900
000003BD
00000150
FFFFF42D
00000043
FFFFFFB2
00000DBC
FFFFFE1C
00000041
000008F2
FFFFFEBC
000002CE
FFFFFF8C
00000117
0000033C
FFFFFEB2
000007B9
0000085A
000006A0
FFFFFFBD
00000893
FFFFFD06
FFFFF5FC
FFFFFB18
0000022D
00000A3F
FFFFFD24
FFFFFB6F
FFFFFFBA
00000092
FFFFFF3D
FFFFFAC3
000007FA
00000189
FFFFF6F9
00000480
FFFFFA3B
FFFFF92C
FFFFF9BE
000000E6
FFFFFBBF
0000027F
FFFFF7A2
000004C4
00000851
000001D6
FFFFFA24
FFFFFF65
00000293
FFFFF8AA
FFFFFF1F
00000143
FFFFFD08
FFFFFC53
FFFFFA2A
0000041D
00000927
0000003E
0000018D
FFFFF9EC
000004D7
00000000
FFFFF84F
0000008C
00000D08
0000048A
FFFFFB5B
000001DC
000000FB
000005B0
00000649
FFFFFDC0
00000BC6
00000750
000005CD
00000507
00000AAB
FFFFF617
000003D3
000003D1
00000723
00000811
000003D0
000001A5
FFFFFAD5
FFFFFCC1
FFFFF97E
FFFFFC6A
00000940
00000624
FFFFFD7F
FFFFFDB4
FFFFFD82
FFFFFC68
FFFFFBC3
FFFFF46B
FFFFF1C8
FFFFFDB0
FFFFF259
FFFFF336
FFFFFB66
FFFFF40E
FFFFFB66
FFFFF79D
FFFFFDCD
000004D4
000004E8
0000030B
FFFFFA78
00000546
000002C2
00000D83
0000070E
FFFFFAEB
000004A4
000000D3
FFFFF630
000004E5
FFFFFAC2
FFFFFA43
0000092F
000003B2
000000B7
FFFFFD5D
000005BE
FFFFFFF0
00000092
000008BB
000008A1
FFFFFCE6
FFFFF720
FFFFFD39
FFFFF994
FFFFF940
FFFFFEAB
00000419
FFFFF298
00000283
000002AF
000006D6
000004E6
FFFFFF47
00000316
00000792
00000691
00000759
FFFFF91A
000006AB
FFFFFAEF
0000065C
00000E5E
000000F9
FFFFF773
FFFFFD12
00001018
00000532
FFFFFF7E
FFFFFF02
00000BA3
00000B4E
FFFFFFBF
FFFFF43D
FFFFF6B0
0000033D
FFFFFCB8
00000432
0000031F
00000827
FFFFF9CC
FFFFFF63
FFFFF47C
FFFFF5E8
000008CA
00000346
000000A8
FFFFFE91
FFFFFB90
00000346
00000552
000006FE
FFFFFF2D
FFFFFE61
FFFFFD6A
00000555
00000065
00000270
0000086A
0000020F
FFFFFE60
FFFFF71F
FFFFF7A3
FFFFFCF7
00000286
00000909
FFFFFB2C
00000569
0000054E
FFFFFDEF
00000853
00000889
00000C3F
00000670
FFFFF844
FFFFFF77
000005C1
FFFFFFF1
FFFFFD40
FFFFFBED
FFFFFA7F
000007DB
FFFFFEDE
00000675
0000024E
FFFFFF0B
00000766
0000034E
000001BC
00000983
00000686
000005C1
FFFFF433
FFFFEF0E
FFFFFA35
FFFFF70C
FFFFFB5F
00000993
FFFFF9C2
FFFFFFC9
FFFFFF20
000005CE
0000038A
0000000A
00001447
000004AE
FFFFFC6F
00000E7F
FFFFFA68
00000778
000011B8
00000626
0000052D
FFFFEFB3
00000320
FFFFEF0D
000000BF
00000323
00000DED
FFFFF690
FFFFF9FE
FFFFEF20
0000023E
FFFFF1CF
FFFFFEE6
FFFFF1E8
FFFFF364
FFFFE97C
FFFFFE78
FFFFFC89
00000752
FFFFF89F
FFFFF110
FFFFF73B
0000026C
00000639
FFFFF8F1
000010B9
00001392
00000001
00000DB0
00000CE4
FFFFFC01
0000054F
0000041D
FFFFFF32
0000115A
00000251
0000030F
0000045B
00000E2F
FFFFF84D
00000260
00000D6B
FFFFFE61
000003E8
FFFFF572
0000016B
FFFFF867
00000814
00000073
00000472
FFFFFA71
FFFFF50D
00000107
0000020D
0000000F
000001E4
FFFFFE87
FFFFFE93
FFFFF6A9
FFFFFC22
FFFFFBF1
FFFFF77F
FFFFF740
FFFFEFEE
FFFFF35C
FFFFEEBC
FFFFFBF8
FFFFF959
FFFFED77
FFFFF3D2
000004D6
00000250
FFFFF85E
000007D0
00000519
000005EC
00000572
FFFFF326
000002D6
000005B4
FFFFF6E1
FFFFFE43
FFFFF2B5
FFFFFBF4
FFFFF31C
0000002E
000003E1
FFFFF465
FFFFFE2D
FFFFFD45
00000679
00000E2F
FFFFF76F
000009C1
00000230
FFFFFBA0
000007D0
FFFFFAB8
00001085
00000DD8
00000C6F
00000455
00000E2E
000004A6
00000C15
00001412
0000047B
00000AB2
FFFFFCAD
FFFFFE24
FFFFFA9D
00000D59
00000221
00000CAC
000003B9
0000127C
0000026C
00000706
0000145A
00000300
00000E33
0000101E
FFFFF0F1
000009D5
00000B37
00000877
00001391
00000B35
FFFFF150
FFFFFB52
0000017A
00000765
FFFFF880
00000C79
FFFFFD8A
000004B8
FFFFFEEE
FFFFFB5C
FFFFFB91
0000025E
FFFFFCBE
00000654
FFFFFAEC
00000924
00000209
FFFFF383
FFFFF20C
FFFFFD58
FFFFFA6A
FFFFF8C0
FFFFF998
0000036B
FFFFF4BA
00000D82
00000575
0000027C
FFFFF7A1
FFFFF131
FFFFF0AC
FFFFF7DC
FFFFF8D1
00000C97
00000A30
000004D8
000001D4
FFFFF9A0
FFFFF062
FFFFF9C1
00001163
00000C20
FFFFF24B
000004C6
FFFFFFC1
00001393
000007C2
000007E7
0000075A
FFFFEDFD
FFFFFA11
FFFFFF1B
FFFFF1AB
00000773
000009A1
000003EF
FFFFF8DC
000006FC
00000446
000014F4
00000E49
00000B0C
00000BB8
FFFFFB25
0000092B
000005C3
000002D2
00001080
00000AAC
FFFFFB6F
FFFFFC12
000003E5
FFFFFE70
000006F3
FFFFEF6C
00000242
FFFFF41F
00000EF9
000010C0
0000026B
000008E2
00000469
00000750
00000014
FFFFFB5F
00000698
FFFFF8E9
FFFFED76
FFFFF672
00000C93
0000036A
00000FB8
FFFFF2E4
00000423
00000754
FFFFFBA3
000008C3
00000BDD
FFFFFCE1
00000812
FFFFFAB7
FFFFFC7C
00000F30
00000569
00000835
00000D2A
000008D0
00000461
00000F08
00000E88
000003FD
000002DE
00000ECC
00001709
00000919
FFFFFE44
FFFFFC9C
00000562
00000AE4
0000077B
000002DB
00000999
FFFFEE54
FFFFFE64
00000064
FFFFF45B
FFFFF7A6
FFFFFABE
FFFFF29D
FFFFF33D
FFFFFF24
FFFFFA55
FFFFFA5E
FFFFFE86
00000129
00000494
0000143C
000000B9
FFFFFBD5
00000CDA
FFFFFB8D
FFFFFF51
FFFFF2DF
00000542
000007A0
FFFFFB07
FFFFFB1B
FFFFEC90
FFFFF157
FFFFFA6B
FFFFF093
FFFFFA21
000009F4
00000190
FFFFFA98
FFFFFA7D
FFFFFD0C
00000074
0000053B
00000107
00000815
000007C5
00000233
FFFFFC33
FFFFF78C
0000012E
00000AE0
00000545
FFFFFA93
000007C3
FFFFF129
000001EC
00000221
000001F8
FFFFEE13
00000244
FFFFF8F5
000003C4
00000758
FFFFFF30
0000011B
FFFFF13C
FFFFFEBE
00000196
00001277
000005D3
FFFFFA12
00000176
FFFFE553
FFFFEEE6
FFFFF0A4
FFFFFC73
0000049F
FFFFF451
FFFFFE14
000005E0
000013E0
00000A54
FFFFFF52
FFFFF9D4
0000041A
0000067E
FFFFFA61
00000932
00000C5F
000012B9
00000E0F
FFFFFE3D
00000A70
000016F2
00000227
000009A9
0000070D
000003B3
FFFFF6E8
00000B7A
000001B2
00000065
00000F24
FFFFFDFF
FFFFFD16
00000069
00000B34
FFFFFCD5
FFFFF545
FFFFF4D1
000007CF
00000051
00000530
0000047B
0000088F
0000031F
FFFFFE9C
000003B0
FFFFF9A4
FFFFF42C
FFFFE730
FFFFFCC1
FFFFF636
000003FD
00000CA1
FFFFFFF6
FFFFFF75
00000A61
00000183
FFFFF540
0000006F
000007D5
000005C2
FFFFF880
FFFFF5C3
FFFFEC74
0000087E
00000395
FFFFFF46
000000B6
FFFFFF65
000009B9
00000E3B
000012D2
FFFFF757
0000076C
0000014C
0000045A
00000FA6
00000995
00000CE2
FFFFFE49
FFFFFB61
0000013E
FFFFF85B
000010DF
FFFFFEA8
FFFFF0A1
FFFFFEFA
FFFFFD58
00000858
FFFFF403
000000B0
FFFFF37C
FFFFFC79
FFFFF90D
FFFFF196
FFFFFA19
00000186
FFFFFCD0
000004B0
FFFFEC33
000009B1
000009FA
FFFFFC74
FFFFFF82
0000083F
FFFFF2DC
FFFFFB31
FFFFF98A
000000B6
FFFFF35A
00000205
FFFFEEA4
FFFFF85A
FFFFF6A5
FFFFFDD3
00000C8F
00001607
FFFFFD47
00000BC5
00000867
00000A22
000007A9
0000066F
000009E4
00000962
00000ECB
00000DDB
00000541
FFFFF961
000000D3
FFFFF50B
00000396
0000037E
FFFFF43F
FFFFF7A7
00000410
00000713
000001D2
FFFFFA2B
FFFFF986
FFFFFA4C
00000442
000005E2
0000024F
00000AC1
FFFFFAB6
000006DC
FFFFFEA2
FFFFF6D4
00000321
FFFFF154
FFFFF9A0
00000A82
FFFFFCAA
FFFFFA17
000004D7
FFFFFEDF
000000CB
000006AC
FFFFF20E
FFFFEE8C
FFFFFA38
FFFFFF48
0000097D
00000134
000001D8
FFFFFCE4
00000167
000006FA
00000032
FFFFFE9A
000002FC
FFFFF0BA
FFFFF786
FFFFFA95
FFFFFCBE
00000720
0000040C
000005B8
00000501
FFFFFD8A
000008D4
00000604
0000002D
00000C83
000003E9
FFFFFF85
00000792
FFFFFAD2
FFFFFF0B
FFFFF29E
0000037E
FFFFF915
00000EF0
000004B2
FFFFFD70
00000D78
000006D7
000003BA
00000CEE
000001D8
FFFFFA75
00000FB7
000006DC
FFFFF8FC
00000829
000000B3
0000009C
FFFFFAB5
FFFFF943
000004C4
FFFFFAB1
FFFFF757
FFFFF0DA
00000D59
FFFFFD86
FFFFEB9F
FFFFFBEC
FFFFF5C7
00000011
FFFFF8D3
FFFFEEC4
FFFFFF17
FFFFFFFD
0000041A
000004C7
FFFFFE98
FFFFF357
FFFFFBDD
FFFFF951
FFFFFD09
000006DD
00000D60
FFFFF1F8
00000402
FFFFF706
00000BFB
00000874
FFFFFC64
0000084C
000007E5
FFFFFAB7
00000BE9
FFFFFD95
FFFFFA7B
000008B7
0000030C
FFFFF449
00000BA4
FFFFFD30
FFFFF5A9
0000048D
0000053A
FFFFFBDE
FFFFFE3F
00000511
000006A4
FFFFFD94
000006A7
00000E80
00000069
FFFFED1F
0000160F
FFFFFA97
00000046
FFFFF95E
FFFFFDD5
FFFFFCE9
FFFFFA35
FFFFFFC3
FFFFF6CD
FFFFFBBB
FFFFFE27
00000A53
FFFFF778
FFFFFF83
000004F4
00000DD2
0000016D
FFFFFE6A
FFFFFD43
00000554
000005C2
00000313
00000CA8
FFFFF976
FFFFFA54
00000015
0000058E
FFFFFB82
FFFFF621
000000D4
000003FB
00000451
00000514
FFFFFFA9
FFFFFA7C
FFFFFB5B
00000222
000003AE
00000677
000001D7
00000685
00000AE9
FFFFF7E3
0000067F
FFFFFAA1
FFFFFE07
FFFFFCC7
FFFFFCF9
FFFFF87A
00000070
FFFFF8FB
FFFFFF3A
FFFFFAF0
FFFFF51E
000004D8
FFFFFC94
FFFFF752
FFFFFF22
FFFFFE64
FFFFFF12
00000875
000009AB
0000032C
FFFFF7FF
0000098D
00000592
00000526
000003AF
FFFFEF24
FFFFF9C3
FFFFFB34
FFFFFF85
FFFFFEBD
FFFFF4E9
FFFFF5D9
000003AB
000000DB
FFFFF958
FFFFF8D6
FFFFFB68
FFFFF69A
00000411
FFFFFFD0
0000024E
000005BE
00000452
FFFFFCCF
00000A98
000003BD
FFFFF471
FFFFF74A
00000B7E
FFFFEFD2
00000008
000004E3
FFFFF750
FFFFEF9C
FFFFF1F9
FFFFFE9A
00000E23
FFFFF4D9
00000323
FFFFFF32
FFFFFE38
FFFFF3EB
00000A5E
00000A7D
FFFFF925
FFFFFB85
0000090B
00000130
000009F3
00000845
00000374
00000ECF
00000A74
FFFFFD7E
0000014E
00000BA9
FFFFF971
FFFFFD78
00000B84
FFFFFD3F
FFFFFC94
0000065E
00000FAF
FFFFEBC1
000006C6
000007AC
FFFFFAEC
00000B31
FFFFF31C
00000467
00000BA8
FFFFF899
FFFFFD73
FFFFF922
FFFFFAD8
000005D5
FFFFFADA
FFFFF5EF
0000007F
FFFFF7DC
00000057
FFFFFB2D
0000008B
000005B1
00000732
00000A5F
FFFFFD1F
000006EA
FFFFFC4F
00000181
000001B2
FFFFFC46
FFFFF265
FFFFFD0B
FFFFF7A0
FFFFF67C
000006C5
FFFFF172
0000053B
000003B2
00000B68
00000516
000008A3
000006A0
00000764
000008A9
0000014D
000008D4
FFFFFDCB
0000034D
000001CD
00000097
FFFFFF44
FFFFF8A0
000005AF
00000577
00000280
0000070B
FFFFFB2B
FFFFF14A
FFFFF9E6
FFFFFE81
FFFFF5A0
FFFFFFF7
FFFFFCA0
FFFFF4AA
FFFFF873
FFFFF8A9
00000063
0000043F
FFFFFCA5
FFFFF687
00000631
FFFFFB4E
FFFFF1F1
00000647
FFFFFF74
FFFFF581
000002AE
00000862
FFFFF6BC
FFFFF9B5
00000F39
FFFFFF9C
FFFFEF41
00000727
FFFFFE92
FFFFFBC4
FFFFFAC9
FFFFF5BC
00000975
FFFFFB7A
FFFFFBBE
0000010C
00000A60
FFFFF0A1
00000401
0000043F
00000319
00000B2B
FFFFFC16
00000F3F
FFFFFDA6
00000582
FFFFF591
0000024C
FFFFF3EE
000001E5
FFFFFFCC
FFFFFA4F
FFFFFA43
FFFFF6A6
000008F8
FFFFF1E6
FFFFF164
FFFFFDF4
FFFFF8CA
FFFFF829
FFFFFA8B
0000007F
FFFFF9BC
FFFFFA28
FFFFF74B
FFFFF028
00000481
00000CC0
FFFFF954
00000FA8
0000095A
FFFFF440
FFFFFE49
00000A93
FFFFF7F5
FFFFF90A
FFFFFBEA
000006E0
0000092B
FFFFFC78
FFFFFCD7
000005A3
0000000F
00000527
000006B0
00000404
FFFFFB5C
000004AF
FFFFF70F
FFFFFCF0
FFFFFB39
000004C7
FFFFF50F
00000974
FFFFFA5E
00000304
FFFFFC7E
0000014E
00000735
FFFFFC59
FFFFFE02
FFFFF925
FFFFFAD6
00000A2E
000005F4
00000F35
0000030B
FFFFF318
FFFFF52D
00000FD8
FFFFF1C5
00000CDF
000003BA
FFFFFBCD
00000912
FFFFF67A
00000598
00000421
000001DD
00000206
0000027A
FFFFFC51
000006C2
00000878
0000081E
00000F76
000016E2
00000140
000007A2
0000085E
FFFFF6CC
000001FE
00000820
FFFFEF91
FFFFF63A
00000231
FFFFFC4F
FFFFF2FB
00000521
FFFFFD59
FFFFFEC4
00000E07
FFFFF7DC
FFFFF643
00000605
FFFFF5D6
00000594
00000B0D
FFFFFEC7
000006FA
000003AF
FFFFFBC0
0000079C
00000BD6
000002DD
00000CF2
FFFFFD93
FFFFF452
FFFFF6FF
FFFFFB97
FFFFF91E
FFFFFF8C
FFFFF203
FFFFF638
00000243
000007CB
FFFFF313
FFFFFE36
FFFFF424
FFFFFA8F
FFFFFE41
00000058
FFFFF98D
FFFFF5B5
FFFFF82E
FFFFFDC6
FFFFED2C
FFFFFE84
00000557
FFFFF58A
FFFFFDAA
00000D0E
0000061C
000008D7
000014A7
FFFFF435
000001AC
00000660
FFFFFA65
000002A8
00000BB0
000005C9
000003A4
FFFFFB61
FFFFF5ED
000006D5
FFFFF606
FFFFF56C
00000217
FFFFF7F8
FFFFF8F4
FFFFF697
FFFFEF07
00000A22
00000794
FFFFF7AE
FFFFFAD9
FFFFFD86
FFFFFE29
FFFFFD80
FFFFFF1F
FFFFF076
00000B7E
FFFFFAD6
FFFFF2BB
0000068B
FFFFFDE9
FFFFEA72
00000198
00000329
000001BE
00000817
00000987
FFFFEFB1
00000ADA
FFFFFD59
FFFFEFB5
000001A4
FFFFFDFA
FFFFFA57
000000B2
FFFFFFD8
FFFFFEF2
FFFFFE45
0000021F
0000033D
FFFFFEF1
000000C1
FFFFFFB8
00000130
FFFFFE4A
FFFFF42F
000005CC
FFFFF8CC
FFFFF541
00000162
FFFFFBA8
00000BCC
000008DE
00000D64
00000E5D
FFFFF70C
00000334
000006C3
00000318
FFFFFFCE
0000024E
FFFFFE04
FFFFFCE9
FFFFF2EA
000015B7
00000D45
FFFFF61C
000006AC
00000D01
FFFFF6F4
FFFFF684
FFFFFD2B
FFFFFC9E
FFFFFCB4
FFFFF67B
FFFFFAD3
FFFFFC15
FFFFFD31
FFFFF730
FFFFF86D
FFFFFAA0
FFFFF9B0
FFFFFBE3
FFFFF75E
000002A4
00000C9C
00000D58
FFFFF3FC
FFFFF3D2
000002F0
FFFFF6FE
FFFFF3A3
0000062B
00000664
FFFFF909
000006AF
00000769
00000313
000004E3
FFFFFA82
000002DF
0000031B
FFFFFA98
FFFFFBEF
00000797
FFFFFE49
00000489
FFFFF813
0000018D
0000031D
0000029C
FFFFF907
000008DE
FFFFFC47
00001251
FFFFFBEA
000003AB
FFFFF91D
FFFFF8AF
FFFFFF2C
0000029C
FFFFF9C9
00000F70
FFFFFA3F
00000312
FFFFF982
FFFFF894
00000504
00000807
FFFFFB3E
FFFFFA55
000007C9
FFFFFC68
000005E5
FFFFFC12
FFFFFE9D
FFFFFE4B
000003BD
FFFFF631
FFFFFEC8
FFFFF400
000000F1
000004FE
00000530
000001B4
000006CA
FFFFFE73
FFFFF4CE
0000039D
00000522
00000A4D
FFFFF8BB
FFFFFC2E
0000031C
FFFFF385
FFFFF8F9
000007B3
FFFFFA57
000002E0
000007F6
FFFFF929
FFFFFE93
00000B80
000004F8
00000B17
FFFFFD1A
FFFFF993
FFFFF9A1
000006DD
000007E5
000007AB
FFFFFAE8
FFFFFB9F
000003F4
00000B18
00000A45
FFFFFE71
0000006F
FFFFFD7C
FFFFFB42
FFFFFE7C
FFFFFE50
00000048
00000170
00000302
0000009D
FFFFFD2E
00000274
FFFFFA7A
000004A3
00000070
FFFFFCE8
FFFFFCED
00000131
FFFFFE8C
FFFFFF89
FFFFFBA3
FFFFFDD6
FFFFFF6A
FFFFF9A2
FFFFFEBD
000003A3
FFFFFB6B
00000011
00000260
00000236
FFFFFD45
FFFFFDEC
00000294
00000410
FFFFFA2D
FFFFFA59
0000025B
FFFFFE50
FFFFFDCA
FFFFF875
00000226
FFFFFCB5
0000008E
FFFFFF57
00000284
FFFFFD2A
FFFFFCB2
FFFFF9A4
FFFFFF37
0000002B
FFFFFED4
0000018E
0000050D
FFFFFCEE
0000032F
FFFFF7F8
FFFFF7E6
FFFFFFAF
FFFFFC8B
FFFFFC5A
FFFFFE58
00000248
000000C2
FFFFFB31
FFFFFEE5
FFFFFEBD
0000002E
000003F4
FFFFFC89
FFFFFC55
FFFFFF4C
0000003A
000003E1
0000001D
000001BA
0000027F
000004B6
FFFFFD52
FFFFFBA2
FFFFFFE8
FFFFFD1B
FFFFFA38
FFFFFB23
FFFFFEA2
FFFFF96A
00000181
00000378
00000178
FFFFF920
00000057
FFFFFD26
FFFFFE74
FFFFFC30
FFFFFF2D
000004A6
0000024A
FFFFFB59
00000430
FFFFFC8F
0000003A
0000000E
FFFFFFCB
FFFFFEBB
FFFFF7E7
FFFFF825
FFFFFF93
FFFFFC1E
FFFFFA8C
FFFFFB4B
000003F1
00000107
FFFFFBBD
000002C8
0000009F
00000229
000003D5
0000045E
000001F4
00000254
000002C4
0000053F
FFFFFFF2
00000424
000001BD
0000033A
00000671
00000537
0000042B
FFFFFF83
000003D4
00000342
0000018D
0000037E
FFFFFFDA
FFFFFDA7
FFFFFB20
000001B6
FFFFFE9E
00000294
000005AE
000002A7
FFFFFB32
0000051C
FFFFFC9E
000003DF
FFFFF844
000002F5
FFFFFB36
00000164
FFFFFD69
FFFFFF44
FFFFFFD5
000000BE
000004B7
FFFFFDA7
FFFFFFBA
FFFFFAA4
FFFFFBF2
FFFFFC00
000002E5
FFFFFF67
FFFFFD10
FFFFFADA
00000173
000000AA
FFFFFDA1
FFFFFB32
FFFFFB28
FFFFFE51
0000015A
0000015B
FFFFFE88
00000095
FFFFFD26
FFFFFDC6
FFFFFF3B
FFFFFD90
0000058B
000001D8
FFFFFB6E
000000E1
00000132
000000E1
FFFFFC8B
FFFFFAAE
FFFFFB49
FFFFFEC4
FFFFFDD5
000002AA
000002CA
FFFFFF55
00000051
0000021C
0000006C
00000306
000001E7
FFFFFB03
00000115
000004A4
FFFFFD4A
FFFFFFFA
FFFFFF5F
FFFFFE8C
FFFFFE01
00000100
FFFFFBE4
FFFFFEA8
000003AC
FFFFF703
FFFFFEC7
FFFFFB11
FFFFFE3A
0000032C
FFFFFC65
00000202
FFFFFC8F
FFFFFA9B
000000BF
FFFFFA55
FFFFFEB1
000001B4
FFFFFE5A
000001A8
00000340
FFFFFBF5
000000D2
FFFFFBD1
000001A8
000000A2
FFFFFD7D
0000004D
000002E5
000003D4
FFFFFBE0
FFFFFBBD
FFFFFCD8
FFFFFA85
00000184
00000431
FFFFFEA0
FFFFFADF
FFFFFD1C
FFFFFDF0
FFFFFF0E
FFFFFDF5
FFFFFE43
00000591
00000211
000004AC
00000192
FFFFFC3A
000000DD
FFFFFFC6
00000372
FFFFF7A5
000002F7
0000010C
FFFFFB70
FFFFFEE0
000003CB
0000023A
FFFFFD7F
000004EC
00000126
FFFFFE20
0000077D
00000569
000003ED
000002AA
FFFFFF89
FFFFFFC9
000002A9
000001E0
FFFFFC2F
FFFFFBF8
000005EB
00000096
FFFFFECC
FFFFFB7D
FFFFFC5B
00000179
0000017F
FFFFFF1D
FFFFFCF8
FFFFFC3E
FFFFFBE9
0000011A
000002B1
FFFFFB12
FFFFFF21
0000019F
FFFFFB96
FFFFFABC
FFFFFEB7
0000055F
000000C6
00000174
FFFFFF27
FFFFFFF0
FFFFF939
FFFFFF91
0000064E
FFFFFD85
FFFFFD27
FFFFFC18
FFFFFE8E
FFFFFF06
FFFFFE79
FFFFFB00
FFFFFB9E
FFFFFE4A
00000334
FFFFFAEA
000000F5
FFFFFA7D
FFFFFB35
FFFFFFD9
FFFFFE08
FFFFFB7A
FFFFFF61
FFFFFD82
0000005F
FFFFF73B
00000099
FFFFFE59
00000493
00000196
0000032D
FFFFFF2A
000004B8
FFFFFDED
FFFFFE8C
0000012B
000003AF
FFFFFD39
0000008B
FFFFFC92
FFFFF813
0000006B
FFFFFC8B
FFFFF9F8
000002C4
00000043
0000019E
000008F0
FFFFFFB0
FFFFFF84
FFFFFE71
0000034F
0000020A
00000632
FFFFFDF5
FFFFFEA8
FFFFFDDB
FFFFF89E
FFFFF94D
FFFFFDEC
FFFFFD55
00000095
FFFFFDFC
FFFFFD5B
00000352
FFFFFC07
FFFFFD5B
FFFFF965
FFFFF7E1
FFFFFDD8
FFFFFA61
FFFFF9A8
FFFFFEBD
FFFFFA92
FFFFF5AC
FFFFFEB0
FFFFF923
FFFFF935
FFFFFA66
FFFFFE52
FFFFFDB6
FFFFFF1D
FFFFFC99
FFFFFC17
00000064
FFFFFFB8
00000376
FFFFF820
FFFFFC2E
FFFFFE7D
FFFFFB65
00000184
FFFFFD59
00000115
FFFFFEE6
000003AB
000000F7
000001AD
FFFFFFCB
000001B2
FFFFFA5A
FFFFFCB7
00000382
0000058B
000005C8
00000032
FFFFFF0C
FFFFFDB7
FFFFFE1F
FFFFFE77
00000304
FFFFFEA9
000000C4
0000012A
FFFFFF78
0000042C
FFFFFA16
00000153
00000026
FFFFF85D
FFFFFEC0
FFFFFC82
FFFFF71A
FFFFFE44
00000597
FFFFFFAD
FFFFF879
00000313
000001FD
FFFFF95E
00000403
FFFFFFC3
FFFFF98D
000001D0
000000C5
FFFFFCBA
FFFFFECE
00000526
FFFFFAEC
0000014B
0000001A
0000021D
FFFFFB9A
FFFFFF22
0000035B
FFFFFE20
FFFFFED6
FFFFF9F8
0000015A
FFFFFD54
000005E2
00000085
FFFFFA55
FFFFFEA6
000000A2
FFFFFE31
FFFFFFA9
0000001F
FFFFFF68
00000354
00000287
00000224
FFFFFDD9
FFFFFCA0
FFFFF6D8
FFFFFF43
000004C1
00000372
FFFFF73D
0000025B
00000251
FFFFFDD6
0000034C
FFFFFB8D
FFFFFB80
00000297
000002BB
00000010
FFFFFB0A
FFFFF9C1
FFFFFC0D
00000398
FFFFFD3F
FFFFFD71
FFFFFFAC
00000038
FFFFFED8
00000097
FFFFFF88
000000AD
FFFFFB11
FFFFFC9E
FFFFFC4A
FFFFFE0D
0000015B
FFFFFE29
FFFFFBA9
00000193
00000048
00000060
FFFFF728
FFFFFB0B
FFFFFDD0
0000017E
FFFFF895
FFFFFB3E
FFFFFC1B
FFFFFC0F
00000316
FFFFFC10
00000301
000002A0
000000FC
FFFFFBE7
FFFFFE5A
0000034D
0000032E
FFFFFEEB
FFFFFE34
FFFFFDE3
FFFFFDFF
FFFFFEC5
FFFFFC79
FFFFFE9A
0000071E
FFFFFF03
00000405
0000010D
FFFFFA32
FFFFFA13
FFFFFD21
00000123
000000E8
000000E7
00000327
000000B3
FFFFF9C8
FFFFFC87
FFFFFD3A
FFFFFC67
FFFFFFB8
FFFFFC55
FFFFFABE
FFFFF8D5
00000390
00000596
FFFFFEAE
0000042F
000001F3
FFFFFFB7
00000148
0000043A
0000067C
000002ED
FFFFFDC3
FFFFFD65
FFFFFFC1
00000615
FFFFFE97
FFFFFEFD
00000607
000000B0
FFFFF944
00000258
FFFFFD86
FFFFFB80
0000018E
FFFFFC0C
FFFFFFF2
FFFFFB3F
FFFFFBDD
FFFFFFCD
00000245
000001A1
FFFFFDA5
000005BF
00000499
FFFFFE94
FFFFFF10
000002C8
FFFFFDDC
FFFFFFE7
FFFFFF03
0000007D
00000186
00000272
000000A0
FFFFFF3F
FFFFFDAD
FFFFFE8E
FFFFFAAB
FFFFFEDA
FFFFFCB5
00000018
00000103
FFFFFD7C
00000067
FFFFFE5A
FFFFFED0
FFFFFA7C
FFFFFEA3
FFFFF886
00000151
FFFFFD9D
FFFFFBBB
FFFFFF37
FFFFFF64
FFFFFF15
00000046
00000194
0000000F
FFFFFDD0
0000013B
FFFFFE3F
FFFFFE08
FFFFFFC9
FFFFFEA4
FFFFFCFD
FFFFFCF1
FFFFFCEB
000000C1
FFFFFDF7
FFFFFEFD
FFFFFF54
000002B7
FFFFFE1F
FFFFFD9B
FFFFFE39
FFFFFD0A
FFFFFF8C
FFFFFE73
FFFFFFCA
FFFFFD75
00000158
FFFFFFD5
FFFFFEA5
FFFFFB7B
FFFFFECE
00000187
FFFFFD2B
FFFFFD9B
FFFFFE18
FFFFFC6F
FFFFFEDC
FFFFFF37
FFFFFC6F
FFFFFE07
FFFFFE0A
FFFFFD97
FFFFFEC2
FFFFFC02
FFFFFFC1
00000066
0000012E
FFFFFF1B
FFFFFE5E
FFFFFCF3
FFFFFF9D
FFFFFCAB
FFFFFE20
FFFFFF0F
FFFFFDFA
FFFFFEF5
FFFFFDD4
00000137
FFFFFBDD
FFFFFDDB
FFFFFCDC
FFFFFC73
FFFFFB08
FFFFFEBB
FFFFFF31
FFFFFF11
FFFFFC46
FFFFFF16
FFFFFC2B
000002F6
00000120
FFFFFB6F
0000007D
FFFFFD38
FFFFFF18
FFFFFDCE
FFFFFE30
FFFFFFF3
00000016
FFFFFEB9
FFFFFD69
FFFFFB31
000000DD
FFFFFDF7
FFFFFF90
00000204
000000AF
FFFFFF4D
FFFFFF06
FFFFFEF6
00000026
FFFFFEED
FFFFFBBF
FFFFFB54
00000144
FFFFFEB9
000000A4
FFFFFC36
FFFFFE3C
FFFFFF2A
000003FB
0000027F
FFFFFE59
000001F9
FFFFFCCE
0000016A
FFFFFE5C
FFFFFC67
FFFFFCA0
FFFFFF15
00000026
FFFFFF3D
0000001E
FFFFFBA7
00000260
0000005D
FFFFFD82
FFFFFC52
FFFFFB8A
FFFFFE20
00000298
FFFFFB85
FFFFFEFC
000001C8
FFFFFFCC
FFFFFE99
FFFFFFE5
FFFFFFC7
00000130
FFFFFE32
00000117
FFFFFD56
00000237
FFFFFDC6
FFFFFCDB
0000010E
000003B6
FFFFFF01
FFFFFC22
FFFFFF88
FFFFFC1B
FFFFFFF6
000000D0
FFFFFD3B
00000245
FFFFFD27
FFFFFD57
FFFFFEED
FFFFFDBB
FFFFFD26
FFFFFE8D
FFFFFD95
FFFFFDDA
0000002C
FFFFFDDB
FFFFFEE0
000002C1
FFFFFF1A
FFFFFE72
FFFFFEF5
FFFFFDAA
FFFFFED7
FFFFFEF1
FFFFFF89
00000124
FFFFFFEC
FFFFFA6C
000001A1
000000D6
FFFFFDD1
FFFFFE17
FFFFFCE5
000001F0
000001D4
000001F1
FFFFFEF8
00000000
FFFFFD2A
00000148
0000030A
FFFFFB40
FFFFFE62
FFFFFE32
0000039A
0000019A
FFFFFEAC
00000243
FFFFFD35
FFFFFEC9
FFFFFDED
FFFFFD84
FFFFFDC6
FFFFFE74
FFFFFB4F
00000006
FFFFFC76
FFFFFD4E
FFFFFFCB
FFFFFDB3
00000010
00000029
FFFFFFFF
000000FB
00000182
FFFFFCAD
FFFFFC4A
0000012E
FFFFFEDD
0000030C
FFFFFB71
FFFFFD60
FFFFFC02
FFFFFCC7
FFFFFDBD
FFFFFCC9
00000000
0000000C
000000BB
FFFFFEEC
00000228
FFFFFF2F
FFFFFED3
000002EE
00000147
FFFFFD08
00000022
000000A4
FFFFFD80
00000087
00000378
0000013C
000000C1
FFFFFFE1
FFFFFCDC
FFFFFE66
FFFFFFBD
FFFFFFD6
000002A4
FFFFFFB8
FFFFFD19
000002E7
FFFFFEBB
FFFFFDAC
0000004E
0000006B
0000006D
00000098
FFFFFEA0
000000EC
00000059
FFFFFF4D
FFFFFE07
000000F7
00000320
FFFFFF88
FFFFFE54
000004BA
00000219
000000D8
0000019A
FFFFFEC7
FFFFFD7F
000000C2
0000019A
FFFFFF0A
FFFFFCDA
FFFFFCB3
0000017B
FFFFFF97
FFFFFCAF
FFFFFB41
FFFFFFAB
FFFFFE0E
FFFFFDD4
FFFFFF57
00000159
FFFFFFD1
00000242
00000015
000001AE
000000B6
FFFFFD52
0000006A
000000D8
FFFFFE0F
0000017C
FFFFFC8B
FFFFFAA0
FFFFFD4E
FFFFFB66
FFFFFC14
FFFFFC52
FFFFFDA5
FFFFFE0A
000000BF
00000073
FFFFFCEF
FFFFFF7F
FFFFF9D2
FFFFFB73
FFFFFFEC
FFFFFEC7
00000115
FFFFFEEC
FFFFFFE0
FFFFFDC2
FFFFFFAD
FFFFFBB1
FFFFFFC5
0000031F
FFFFFF16
FFFFFE28
FFFFFB9E
FFFFFE2B
FFFFFEE8
FFFFFF0D
000000A7
FFFFFE91
000003AB
00000062
FFFFFDB1
00000119
FFFFFE7C
00000072
FFFFFE26
FFFFFD6B
FFFFFC05
FFFFFDCE
FFFFFF6D
FFFFFA7B
FFFFFD6C
FFFFFC2F
FFFFFA01
FFFFFF29
00000130
00000148
00000243
000001B7
FFFFFF1B
FFFFFDEA
FFFFFE76
00000215
FFFFFB74
FFFFFEB7
00000091
FFFFFF30
FFFFFF75
FFFFFFE2
FFFFFDB2
FFFFFC2E
FFFFFEF1
FFFFFBDE
FFFFFD4E
FFFFFEBC
FFFFFD62
FFFFFC44
FFFFF996
00000238
FFFFFE64
FFFFFC90
0000000B
FFFFFFE7
00000181
00000405
00000212
FFFFFE67
000001D4
0000022B
00000055
FFFFFDAF
FFFFFF73
FFFFFB98
FFFFFEAC
FFFFFD36
FFFFFD1A
000000C2
FFFFFE70
FFFFFD0A
000000E4
000000BC
000001D0
000000A1
00000119
FFFFFE6B
FFFFFECD
00000136
FFFFFEE2
0000006F
00000193
FFFFFCC0
FFFFFD32
FFFFFCA4
FFFFFBE5
0000026C
FFFFFE8D
FFFFFF4D
0000001E
FFFFFDAF
00000065
FFFFFEBD
0000011E
FFFFFE66
00000157
FFFFFEF4
000002D9
FFFFFE60
FFFFFC53
FFFFFD64
FFFFFD24
00000223
FFFFFFEC
000000C1
0000018B
FFFFFEB9
00000029
FFFFFABC
000000E5
0000006E
FFFFFF1C
FFFFFECE
FFFFFDDA
FFFFFA9F
FFFFFF26
00000025
0000011C
FFFFFFE0
000002FF
00000070
00000095
FFFFFC6E
FFFFFF35
FFFFFEFC
FFFFFC88
FFFFFBFC
FFFFFBF9
FFFFFCA3
00000194
FFFFF9D4
FFFFFE91
FFFFFCA3
000000CA
FFFFFAC8
FFFFFA77
FFFFFE5B
FFFFFE51
FFFFF920
FFFFFEEB
FFFFFC76
FFFFFC21
FFFFFE80
000002A9
FFFFFCBF
FFFFFE67
000001BC
000000C1
FFFFFFC1
FFFFFFEC
FFFFFE70
000000CF
FFFFFC9B
FFFFFF26
00000180
000000E4
FFFFFDA4
0000005B
FFFFFE1A
FFFFFBB6
000000F8
FFFFFE95
FFFFFD08
000000B0
FFFFFD48
FFFFFF70
FFFFFF85
FFFFFC8C
FFFFF9F0
FFFFFEC4
FFFFFD53
FFFFFABD
FFFFFD37
0000036F
0000046E
FFFFFBA0
FFFFFBD9
FFFFFDE8
FFFFFFAA
000001EB
0000015D
FFFFFD05
FFFFFF9D
FFFFFC05
FFFFFBEF
00000038
FFFFFFDF
FFFFFDFB
FFFFFA3B
00000088
FFFFFC78
0000012B
FFFFFF80
FFFFFD59
FFFFFE4F
FFFFFFE3
FFFFFDC3
000000C0
FFFFFB9B
0000028E
0000035D
00000041
000000AF
FFFFFD46
FFFFFDE5
FFFFFC1F
FFFFFCD1
FFFFFED5
FFFFFE5B
FFFFFF1B
000000AB
FFFFFE8F
0000009D
0000000C
00000198
0000028D
FFFFFFD8
FFFFFDC9
0000012C
FFFFFC12
FFFFFE29
FFFFFCA0
000002AC
FFFFFD78
FFFFFB2A
FFFFFE97
FFFFFBC1
FFFFFCE3
FFFFFBE5
FFFFFF76
000000DD
00000105
FFFFFE77
FFFFFE5B
FFFFFE5D
0000014E
0000019D
00000216
0000011D
00000158
FFFFFD5C
0000016C
FFFFFCD3
00000220
FFFFFE75
000008CD
0000045A
FFFFFE57
FFFFFD82
0000007F
00000075
000000B8
FFFFFAD6
FFFFFEDB
000003F5
FFFFFEBB
00000615
000001A9
FFFFFC6E
0000090A
FFFFFE50
FFFFFC6C
00000440
00000069
FFFFF44B
FFFFF74A
FFFFFE8B
0000011D
00000049
FFFFFD3E
00000015
FFFFF931
000001AF
0000078A
FFFFF881
FFFFFF54
FFFFFFD9
FFFFFDC5
00000137
FFFFFD68
FFFFFF3D
000000BD
FFFFFD64
FFFFFE68
00000156
00000341
FFFFFDBC
FFFFFCEF
FFFFFE9F
FFFFFB0F
FFFFFC8B
00000460
FFFFFFD8
00000062
FFFFFBE5
FFFFFECA
000001CF
00000633
FFFFFCA3
FFFFFC95
FFFFF42C
FFFFF861
FFFFFA40
00000176
00000255
FFFFFE45
000003BF
FFFFFCF6
00000466
00000209
FFFFF9ED
FFFFFA0E
FFFFFFFA
00000024
FFFFFAEC
000001C3
FFFFFC73
00000298
00000685
FFFFFCEA
FFFFFF53
FFFFFB91
FFFFFA4D
0000003F
00000390
FFFFF8B8
00000299
0000012D
FFFFF95A
000001B4
FFFFFB1D
000004BE
00000293
FFFFFDAB
FFFFFA4A
0000026B
FFFFFBE5
00000309
FFFFFCBB
FFFFF794
FFFFFC07
FFFFFB98
FFFFFC4F
FFFFF949
FFFFFB21
FFFFFF0E
0000001F
FFFFF89C
FFFFFD54
FFFFFEE5
FFFFFF6B
000002FB
FFFFFF5A
FFFFFD13
000001B7
FFFFFC4F
FFFFFA7A
FFFFFE94
FFFFF9D1
FFFFFF97
00000217
FFFFFE6B
0000099E
000004EE
0000039A
0000074B
00000124
000007A8
000002DB
FFFFFE20
000002D0
FFFFFD40
0000053D
00000456
000001FA
00000782
00000052
0000054D
FFFFF61A
FFFFFD2C
000002BB
FFFFF58A
0000029E
00000111
FFFFFC3B
FFFFF87D
FFFFF9F5
00000340
FFFFF9B0
FFFFFC02
FFFFFBDE
000004E0
FFFFFE9E
00000150
000004E3
000000C8
FFFFF5D2
FFFFFEBD
FFFFFA2B
0000032F
FFFFF8B7
FFFFFBC8
FFFFFEF1
FFFFFD47
00000305
FFFFFA64
FFFFF62E
00000404
FFFFFFC3
FFFFFF7B
00000460
FFFFF9CD
FFFFF73F
FFFFFF85
FFFFFD75
FFFFF835
FFFFFBBA
FFFFFA9F
000001DC
00000210
00000361
000001D3
FFFFFFAD
000004F5
000001AB
FFFFFCD2
FFFFFA1E
000006DB
000002C7
000002AD
00000540
FFFFFF55
FFFFFC1C
FFFFFC93
FFFFFAA5
FFFFFDA4
FFFFF929
FFFFFF7B
FFFFFB6D
FFFFFBD4
FFFFF9F7
FFFFFF45
FFFFFE36
0000041D
FFFFFC38
FFFFF840
FFFFFA53
00000385
FFFFFD6E
FFFFFFFB
FFFFFE91
FFFFF3EE
FFFFFE1C
FFFFF9F7
000001DB
FFFFFF3F
FFFFF5E1
FFFFFF25
FFFFFCE5
FFFFF9E7
FFFFFD05
FFFFF67B
FFFFFAC7
0000011B
FFFFFCC9
FFFFF969
000000F6
00000110
000005A1
00000767
FFFFFA11
000000C4
000001B1
000003E3
FFFFF85D
00000090
000001A4
FFFFF7A2
FFFFFEEF
00000392
000007F8
FFFFF93B
FFFFF7DF
FFFFFD8A
FFFFF922
FFFFFCE2
FFFFFEBE
FFFFFFEA
FFFFFB9D
FFFFF9DC
000000FF
FFFFF993
FFFFFC79
FFFFFFA5
0000009A
FFFFFC1F
FFFFFD1F
FFFFF932
FFFFFB0C
000004FD
FFFFF7BF
FFFFFCA7
FFFFFE00
00000297
FFFFFE12
000007E9
FFFFFAED
00000776
0000026D
000004C2
FFFFFC61
00000045
00000326
00000283
00000219
000004F5
000005B1
00000436
FFFFFF81
FFFFFE8B
FFFFFEF6
FFFFF91A
FFFFF26B
FFFFFD54
000003BA
FFFFFB4B
FFFFFB42
FFFFFFFA
0000006C
00000158
0000015A
FFFFF938
FFFFFE39
00000640
FFFFFF0D
FFFFFE89
FFFFFF39
FFFFFA75
000002AE
FFFFFDE8
000002EA
FFFFFC5B
FFFFFCBC
FFFFF8D0
000001D0
000001C9
FFFFFD2C
FFFFF8ED
00000173
FFFFF649
FFFFF8DD
FFFFFE31
0000058B
000000F9
0000008F
0000006C
00000766
FFFFFC3A
FFFFFE21
00000164
00000508
FFFFFC3A
FFFFFF6D
00000750
000004DA
FFFFFDD1
000000AD
00000476
FFFFFDB4
000004D1
0000027B
000001DB
0000021C
0000028C
00000568
FFFFFB5C
000000B4
00000181
00000142
0000054B
FFFFFE20
FFFFFEE9
00000725
FFFFFAB0
000003D9
00000B53
FFFFFEA4
FFFFFB94
FFFFF98E
00000159
000002A6
FFFFF66E
FFFFF977
00000291
FFFFFF35
FFFFF680
FFFFFC55
FFFFFA28
00000207
FFFFFDBC
FFFFF620
00000162
FFFFFA8D
FFFFFC3C
000005BE
FFFFFEC2
00000174
FFFFF9FC
FFFFFC3D
FFFFFCCD
FFFFFFCA
FFFFFDC0
FFFFFFCB
0000045F
FFFFFD80
FFFFF7D7
00000013
0000025C
FFFFFC34
FFFFFB2C
00000215
FFFFFC12
FFFFFDDA
FFFFFFD2
FFFFF8F6
00000189
FFFFF9C7
FFFFFF17
FFFFFADF
FFFFFA48
FFFFFDEC
0000096D
FFFFF6B9
000003B9
FFFFFEA4
FFFFF8CC
FFFFFFF0
000003E6
FFFFFA2B
FFFFF8C2
FFFFFD20
000000C6
00000BFA
00000047
000002FC
FFFFFBDE
FFFFFD67
000001C5
00000902
FFFFFDA6
FFFFF92C
FFFFFD31
FFFFFEFA
00000435
FFFFFF01
00000075
000003E9
FFFFFE15
FFFFFEC1
000000E2
FFFFFA55
00000038
0000004C
FFFFF82C
FFFFFC8C
FFFFFFAD
FFFFF818
FFFFFAD6
FFFFFB30
00000322
00000166
000001EB
FFFFFCE3
FFFFF5F4
0000024D
FFFFFDE9
FFFFF67F
FFFFFDE8
0000052C
FFFFF530
00000319
FFFFFD72
0000063B
FFFFFF73
FFFFFC0A
FFFFFF33
000004AE
0000017D
000002D3
00000247
00000171
FFFFFB42
FFFFFBAF
FFFFFDAE
FFFFFB33
FFFFFDC3
FFFFFD3F
FFFFF593
00000361
FFFFFF5C
FFFFFF09
00000558
00000284
FFFFFFE9
0000032D
FFFFF8AD
FFFFF9A1
00000AEC
000007E0
FFFFFDDE
FFFFFDD1
00000345
FFFFFACC
FFFFFB3C
00000233
00000613
0000068C
000001B6
FFFFF977
FFFFFB9C
0000004D
0000026C
00000578
00000546
FFFFFDEC
FFFFFCAB
FFFFFC52
00000090
FFFFFB7E
00000350
FFFFFC24
FFFFFF07
000000C0
00000161
FFFFFEF0
FFFFFB34
FFFFFD00
FFFFFD18
FFFFF62E
0000002F
00000088
0000020A
FFFFFAD9
00000149
FFFFFC89
FFFFF939
0000056F
000002BD
FFFFFC5E
FFFFFD55
FFFFF6A9
FFFFF5C0
0000067B
0000015D
FFFFFD87
00000539
FFFFFF8E
0000081C
FFFFFF4C
FFFFF5CE
0000040F
000004E0
000003AD
FFFFFA49
FFFFFF77
FFFFFE75
00000051
00000431
FFFFFCDD
FFFFFB18
0000040E
00000B7F
000006BA
FFFFFE6B
FFFFFC03
000002BC
0000016F
0000012B
0000035B
00000264
FFFFF89E
FFFFFFD6
00000660
000007A5
FFFFFEFD
000004D6
FFFFFA2E
0000013E
FFFFFFB3
FFFFF656
FFFFF4BE
000004EE
00000434
FFFFF63D
FFFFFB2E
FFFFFD4A
FFFFFF66
FFFFFE93
FFFFFBC9
FFFFFB36
0000061E
00000708
FFFFFE05
000001DE
00000313
00000526
FFFFFDFA
FFFFFD54
FFFFFB30
FFFFFC54
FFFFFB62
FFFFF59B
FFFFF6FA
FFFFFACC
FFFFFA04
FFFFF81B
FFFFFF09
00000433
00000004
FFFFF75C
FFFFFF64
00000590
00000B19
FFFFFB75
FFFFF6F9
000004C9
FFFFF4A6
FFFFFAE7
FFFFFCAC
FFFFF467
FFFFFF2A
FFFFF79B
FFFFF8F3
0000086C
FFFFFEA2
000005D3
0000041A
FFFFF44D
000010A9
000016C3
FFFFFD42
000009BC
0000041A
00000478
FFFFF649
FFFFF52B
000000D6
FFFFEF24
FFFFEB1D
00000702
000002DE
FFFFEA5E
000001B0
000005D1
FFFFFF27
FFFFFAAE
000003A9
FFFFF087
FFFFF4F1
0000032D
FFFFF275
00000651
000004A2
00000697
FFFFFC6A
FFFFFB7D
0000062C
0000022F
00000C83
FFFFFD65
FFFFF66D
FFFFFA97
FFFFF744
FFFFF12C
000009E1
00000923
FFFFFFC9
FFFFFB40
FFFFFBAB
00000A95
FFFFFE56
0000075B
FFFFF9E7
000000E8
FFFFFBFD
000012A3
00000921
000001EC
00000E0F
00000076
0000021F
000005AF
000005BE
FFFFFED4
000007B0
000007D9
FFFFFEA7
FFFFFF13
00000E28
0000015B
00000472
FFFFF2B1
FFFFF415
00000469
00000253
FFFFF059
FFFFFA14
000006C8
FFFFFA8E
00000761
00000B36
00000329
FFFFF598
000001E3
0000061B
00000607
000007A7
FFFFFE7C
FFFFF1FA
00000068
FFFFF0D2
0000016B
FFFFFFDB
FFFFFEDB
FFFFF949
FFFFF79F
FFFFF5B7
FFFFF1B2
FFFFF858
FFFFFB93
FFFFEE36
FFFFECB3
FFFFFE19
FFFFF0F3
FFFFF21B
00000D9F
FFFFFDB0
000005C8
000014FC
00000A4D
00001238
00000182
000012B1
0000040B
00000E64
FFFFFF96
FFFFFBEB
00000479
FFFFF42B
000009C8
FFFFF736
000009A2
FFFFFFEC
000002AD
0000062E
FFFFFC2B
FFFFFF19
00000095
FFFFFDB9
FFFFF292
000002C0
00000ADC
FFFFFD5F
000005E0
000001EF
FFFFFA88
0000041A
0000001F
FFFFF297
00000041
FFFFFFD8
000007B5
00000712
000001C1
FFFFF753
00000BA5
000004BE
0000068C
FFFFF851
FFFFFE92
FFFFEFE7
FFFFF04E
FFFFFF5A
FFFFF52D
000008C4
0000014D
FFFFF9EA
FFFFFADD
FFFFF1E8
00000CC1
FFFFF682
000006C1
0000068E
000007B7
00000C03
000004FF
FFFFF0CA
00000D88
000006AA
FFFFF7DB
0000002A
00000950
000007A7
FFFFF89E
00000467
FFFFFA07
FFFFFD8B
FFFFF89D
00000458
FFFFEF6E
FFFFF414
0000042F
00000811
FFFFF835
FFFFF65F
00000407
FFFFFB83
FFFFF5A1
FFFFFA60
FFFFF29D
FFFFFBD3
FFFFFE8B
FFFFEB5C
FFFFF6CC
FFFFFB47
000006EF
FFFFFC90
FFFFFC28
FFFFF94A
00000406
FFFFFE80
0000087C
00000036
FFFFFAE3
00000EEB
FFFFF56A
0000002B
00000DCB
FFFFFA14
0000087B
00000036
000001BD
0000093A
000001FB
FFFFFABE
00000C0B
FFFFF59A
000004A6
000010B3
00000476
FFFFFE0A
FFFFFE83
FFFFFC71
FFFFF251
FFFFF560
FFFFFE7D
FFFFF320
000009AC
FFFFF8DD
FFFFF4E5
00000478
FFFFF13C
000004E5
FFFFFD84
FFFFF7BF
FFFFFF30
000006BD
FFFFFC6D
FFFFF40E
0000026F
0000034F
00000376
00000758
00000457
00000555
0000015C
00000734
FFFFFBA4
00000010
00000B05
000010F6
00000C73
FFFFFDB3
000012C1
00000F2E
00000D62
0000061C
0000068C
FFFFFFE7
FFFFFEF6
00000550
FFFFF57F
00000D72
00000C49
FFFFEE44
00000969
FFFFFFAD
FFFFFEAF
00000494
000002CE
FFFFF9FE
00000158
FFFFF7C9
FFFFF360
00000025
000002A8
FFFFFC6C
00000C54
FFFFF43E
FFFFF1DF
00000BA5
FFFFF553
FFFFF6B4
FFFFFF7A
FFFFF93F
FFFFF96E
00000583
FFFFFECE
FFFFFF6D
FFFFFFEC
FFFFFB69
000006C8
00000C97
0000021E
FFFFFC68
00000F47
FFFFF9E7
FFFFED27
000005E6
FFFFF889
FFFFFA58
0000046B
FFFFFFB0
FFFFF04B
FFFFF5F2
00000186
000005E2
000005C2
FFFFFAC4
FFFFFBB3
000008F6
FFFFFC77
FFFFFB2A
00000FE0
00000322
FFFFF6FF
FFFFF930
000001BF
00001069
FFFFFA28
00000588
00000000
FFFFFA5C
FFFFF899
FFFFF1E0
FFFFF88E
00000173
FFFFFDEC
00000462
FFFFF6A8
00000AC0
00000C31
00000B9A
FFFFF9B4
000008A2
000003B7
00000394
000008BA
00000206
FFFFF4D4
00000246
FFFFF814
0000041C
00000DF7
FFFFFC77
000004B3
FFFFFD8C
00001025
00000DB8
FFFFF87B
0000048B
00000104
0000049E
FFFFFE5F
000005AD
FFFFFD42
FFFFFA55
0000060B
FFFFF7CD
FFFFF825
00001239
FFFFF817
FFFFFB39
00000298
FFFFF28F
0000038C
FFFFEABD
FFFFFFBC
FFFFF5BF
FFFFF5FE
00000812
FFFFFA4B
FFFFF75C
000006D2
FFFFFD01
0000009D
FFFFF815
FFFFFDA1
0000063A
00000890
00000CAB
FFFFFD0F
FFFFFD76
000002F8
FFFFFD7F
00000A40
FFFFFCB9
000000E0
FFFFF585
FFFFFAAF
FFFFED51
00000475
FFFFFF3B
FFFFF3E3
0000019C
FFFFFC62
FFFFFCB2
0000010F
00000705
000005BA
FFFFFBF4
00000C1D
000009D5
FFFFFC64
0000086C
00000939
FFFFF9CF
000008C4
00000D2B
000002E8
0000048F
FFFFFB78
FFFFFD2E
000008DC
00000AFC
FFFFFE82
00000833
FFFFFE3E
00000881
0000077E
FFFFF876
FFFFF9C7
FFFFFEC8
FFFFEF9E
00000C5A
00000809
FFFFE8CF
00000313
FFFFFA7A
FFFFFB46
FFFFF1F3
FFFFFAE5
FFFFFE5A
FFFFFFF9
FFFFF67C
FFFFFFC0
000001F1
FFFFF8CB
FFFFFF49
000000DB
00000770
000003AE
FFFFFFFF
00000790
FFFFFC95
000002CA
000014AB
FFFFFD18
FFFFF793
00000453
00000B9E
FFFFFF5E
0000058C
00000A0C
0000028D
0000086D
00000BA8
FFFFF95F
0000041E
00000A6E
00000158
00000AE2
000001C8
00000883
00000AD5
00000799
FFFFF302
000003C7
000007E8
00000700
00000668
00000CBD
00000543
FFFFFF28
0000002E
FFFFFD35
FFFFF21C
FFFFF99B
FFFFFE77
000000CE
FFFFF9B3
00000D8D
FFFFF6BC
FFFFE793
FFFFF278
FFFFF680
FFFFEBCD
FFFFF52A
0000009C
FFFFF23A
FFFFFF60
00000063
FFFFFDF6
00000B96
FFFFFF08
FFFFFA5A
000008D8
00000ACA
00000B9E
00000C75
FFFFF9BE
000002E4
00000531
00000218
FFFFF7A3
FFFFFDBE
00000A0E
FFFFF8DC
000009D2
00000B9F
FFFFF8F1
FFFFF108
FFFFF8D7
FFFFFD0D
00000847
000002DC
FFFFEBB2
FFFFF6F8
FFFFF927
000000A9
00000AD4
00000606
00000481
00000F8D
00001050
000009A5
0000038B
00000DFF
00000331
FFFFFB83
FFFFF160
FFFFF4D9
FFFFFDFB
FFFFF8A9
000004D3
000003F8
00000366
FFFFFC2B
FFFFFC15
FFFFFB16
FFFFEA1B
FFFFFFEF
0000082D
FFFFF016
FFFFF971
FFFFFCDA
FFFFE9ED
FFFFF7F8
FFFFF9FA
FFFFF4EA
FFFFF6A3
000006B9
FFFFFA9C
0000047A
0000047F
FFFFF19C
00000011
FFFFFF10
FFFFF4C6
FFFFF8E4
FFFFF563
FFFFFAB4
FFFFF7F3
FFFFFEE2
FFFFF7DF
00000315
000001B9
FFFFF848
FFFFFF4E
0000017A
0000021A
FFFFF89E
000005DB
FFFFF9A2
FFFFFE27
FFFFF3F6
FFFFFF25
00000040
00000266
FFFFF9F4
FFFFF6C9
FFFFF7F1
FFFFFB1A
FFFFFD28
FFFFF846
000000EB
0000011F
FFFFF79A
FFFFFA4E
FFFFFEAC
FFFFFCC4
FFFFFDBA
00000175
00000620
0000016F
FFFFF762
00000195
00000571
00000680
FFFFFAF4
000007A5
FFFFFD5D
00000261
FFFFFB4C
FFFFFB8B
FFFFFCD9
FFFFFAD4
00000706
000005E2
00000181
FFFFFA4C
FFFFFEC3
00000622
000005F2
00000755
FFFFF76F
FFFFFBB8
00000B08
00000ADE
0000040E
00000501
0000012B
00000A80
0000049C
FFFFFF52
000000A9
00000699
FFFFFEFA
000002DB
00000743
00000454
FFFFFE12
FFFFFE03
FFFFFCBF
00000554
FFFFFAE4
FFFFF951
FFFFF364
FFFFF61A
00000189
0000094B
FFFFFF94
00000A94
000000B4
000001DC
FFFFFB42
FFFFF8EE
FFFFFA18
000003F9
FFFFFF97
FFFFFAC4
FFFFFE04
000002CB
FFFFFD55
000003F4
FFFFFB36
FFFFFF22
0000004F
00000737
00000B64
FFFFFE2B
FFFFFC66
00000B38
0000002B
000001FC
000004EB
00000B00
0000014F
000007EC
000008C9
000007B2
00000E5A
FFFFF6ED
000001A5
00000741
00000392
00000777
FFFFFE31
000007A4
FFFFF93B
0000006C
000005C7
FFFFFD48
FFFFFCF1
FFFFFCB4
00000A93
0000040C
FFFFF6BD
00000258
FFFFF890
FFFFFA2E
FFFFFEEC
00000139
FFFFFAF0
FFFFF78D
000003DA
FFFFFD84
000005C0
FFFFFBB7
FFFFFC45
000009D6
00000C5C
FFFFF767
FFFFF8FA
000004EB
0000035B
000002DD
00000D02
0000054B
FFFFF6C2
FFFFFD7D
FFFFFD4B
FFFFF96E
FFFFFCF0
000003CF
FFFFF9BA
00000338
FFFFFD95
000001A5
000000EB
0000087C
000001F0
FFFFF947
0000071D
00000312
00000BBC
FFFFFC07
0000017A
00000307
00000972
00000651
000004BC
00000656
FFFFFFD0
FFFFFC6C
000007A0
FFFFFFF9
FFFFFEA4
000000DF
FFFFFCF8
00000564
00000832
00000613
00000392
00000E73
000008C0
000007C4
00000189
FFFFFDD1
FFFFFBA5
000000C2
00000944
00000956
FFFFFE40
FFFFFEEA
0000081A
00000372
FFFFFCBB
FFFFFF47
FFFFFF95
FFFFFA6F
000006EF
00000523
00000657
00000040
FFFFFC91
000000A5
00000309
00000652
00000BE8
FFFFF9C2
0000016F
0000042E
FFFFFE3A
00000D93
00000D0E
000002B2
00000469
FFFFFF6E
00000627
00000358
FFFFF586
FFFFF6A0
000007EE
000007BD
00000220
0000049C
0000004C
0000096C
FFFFFFAB
FFFFF8F8
FFFFF838
000007FF
000001CA
0000051B
000007E8
00000288
FFFFFB0F
0000068D
00000309
00000203
00000048
FFFFFEA1
00000699
000009BE
000002F9
00000398
0000005A
FFFFFF68
0000037F
FFFFFD62
000002CA
00000252
00000448
00000062
FFFFF976
FFFFF3CB
FFFFF725
FFFFFBE9
000004F1
FFFFFEA8
FFFFFFEC
FFFFFC5E
FFFFF9E5
FFFFFDF0
FFFFF6EA
0000022B
FFFFF6ED
FFFFFF2D
FFFFFCD4
FFFFFC58
FFFFF9DF
FFFFF92B
FFFFFECF
FFFFFA34
FFFFFF74
00000074
FFFFF9D6
FFFFFF16
FFFFFF11
000000AE
000001CE
FFFFF255
00000620
00000232
00000342
FFFFFD88
00000757
00000782
FFFFFEFC
0000058D
0000090B
FFFFFA4A
FFFFFB5C
00000306
000002A2
00000060
FFFFF707
000009C5
0000001D
FFFFFD64
FFFFFB03
FFFFFCA3
FFFFFCB1
0000052B
00000419
00000ADD
FFFFFBB8
FFFFF51B
000000ED
FFFFFB46
000003BA
FFFFF935
00000AF1
FFFFFAC9
0000052F
FFFFFA36
00000318
00000138
FFFFF9BD
000006A8
FFFFFF9B
000005DF
FFFFFF3F
FFFFFDCF
FFFFFE1F
FFFFF723
0000016D
FFFFF9FD
FFFFFA8D
FFFFF482
0000003E
000000FA
000003A8
FFFFF68A
FFFFF64C
FFFFFDB4
FFFFFC56
00000351
00000524
FFFFFC98
FFFFF989
FFFFF47F
00000876
FFFFFD9C
FFFFF87C
FFFFFC12
00000105
000002DF
000001A3
00000077
00000297
FFFFFFBD
000007CB
FFFFFE37
FFFFF5B0
FFFFF0DE
FFFFF97F
FFFFFA6C
00000284
FFFFF9AB
0000090F
000004D6
FFFFFFD6
00000083
00000210
FFFFF7CA
00001081
00000A15
00000167
00000C38
FFFFFF47
000003BA
00000969
00000686
000002C7
FFFFFD90
00000706
000001FC
00000BDA
000004F3
FFFFFF08
FFFFFE46
00000063
FFFFFF5D
0000067B
FFFFFF01
00000BAC
FFFFF5F1
FFFFF94B
00000212
000006E5
00000587
00000325
FFFFF91D
FFFFFB16
FFFFFA81
FFFFFD27
00000A07
000001E1
0000002A
000005A1
00000952
000006CD
00000DD0
0000019C
00000241
000002F1
FFFFFFC4
000000B9
FFFFFD04
FFFFFE08
00000992
00000CF3
000004AB
FFFFFFF9
000001FB
0000049E
00000286
0000003F
FFFFFCC7
FFFFFC67
000007F3
0000001B
FFFFF8E2
FFFFFC51
00000121
FFFFFE71
FFFFFF8F
000004ED
00000352
000003BC
000000AB
FFFFFB88
FFFFF6BE
000000E6
FFFFFD3D
FFFFF9CD
00000626
FFFFFFD4
FFFFF8D2
00000242
000003EF
FFFFF458
FFFFFA7D
000000A1
0000032B
FFFFFD98
00000393
FFFFFB69
000004D7
FFFFFF81
000007B4
FFFFF5FE
FFFFFB81
FFFFFC4F
00000273
000006BA
00000264
00000645
000004BC
FFFFF740
FFFFFC4F
000004F8
000008D5
00000988
FFFFF9FA
0000045E
000000C1
FFFFFB08
FFFFFAD2
FFFFFEDE
FFFFF8E2
FFFFFD1C
FFFFF7FF
00000354
FFFFFB86
FFFFFB9C
FFFFFFCB
0000041F
000002F1
00000038
FFFFFCBA
FFFFFF74
0000092F
00000D3B
00000BC0
00000272
0000069F
FFFFFC2C
FFFFFBD1
FFFFFFD1
00000080
000001E0
FFFFFDE5
FFFFFD2C
00000B19
FFFFFC52
FFFFFE5B
FFFFFDDD
0000046A
0000012F
00000593
FFFFFA42
00000821
FFFFFB96
0000024D
000007B1
00000116
00000977
FFFFFFD7
00000044
000009C9
00001112
FFFFFC75
FFFFFA29
000002C9
00000B44
FFFFFFF1
FFFFFCCB
FFFFFFF6
FFFFFEDA
FFFFFF8E
FFFFFED5
000005C8
00000DA5
FFFFFF44
00000986
FFFFFEE6
FFFFFBE2
000003E6
FFFFFE01
0000033B
000002A6
0000048C
000000CB
FFFFFD08
0000066F
FFFFFCC5
000007C9
00000A4E
FFFFFBBC
FFFFFB4C
FFFFFA78
FFFFFC06
00000412
FFFFFC0D
0000017D
FFFFFC1B
00000144
FFFFFAA9
00000727
000005AB
000007C9
00000397
00000D8D
0000095D
FFFFFA24
FFFFFBF8
FFFFFBEB
FFFFFAEC
FFFFF602
0000039D
FFFFFA89
FFFFFA5C
FFFFFFF6
000001E6
FFFFFEDC
00000998
FFFFFAD3
FFFFFCC6
00000547
00000275
00000057
000004EE
FFFFFE8A
00000113
000006E2
00000664
000001A5
FFFFFCF6
FFFFFAA1
00000644
000001AE
FFFFF68B
0000039C
FFFFFF41
FFFFFF47
00000105
FFFFFED1
FFFFF58B
00000127
00000112
FFFFFCB7
FFFFFDA0
000000B9
FFFFFEF2
FFFFFE4F
FFFFF7FC
FFFFFF46
00000296
0000049B
FFFFFAC1
000001F8
FFFFFE55
FFFFFDA1
FFFFFC71
FFFFFE26
000005CC
FFFFFE7F
FFFFFDBA
FFFFFF7F
FFFFF792
FFFFFE4D
FFFFFE3A
FFFFF866
00000058
000000B7
FFFFFCA0
FFFFFD3C
00000188
FFFFFF0A
FFFFF725
FFFFF9BE
00000168
000001AC
000002D3
00000947
00000292
FFFFFDC0
FFFFFE24
FFFFFFBE
FFFFFFF1
0000057C
000001AB
000000AF
000008BE
FFFFF966
000000A4
0000056D
FFFFFA04
00000165
000009C9
FFFFFDE2
000001A4
FFFFFC3E
FFFFFE13
FFFFFFB0
000002A8
00000281
00000275
FFFFFCB3
00000286
000004DF
FFFFFFE2
00000520
FFFFFBE5
00000078
00000352
FFFFFF30
000006B4
00000307
00000C26
0000085B
FFFFFE3D
000001C5
00000826
000003C2
000003BC
000006BD
FFFFFFAA
FFFFFC2C
00000570
FFFFFAD6
000001BD
00000157
00000498
000007BE
000008E7
0000070D
000008FB
FFFFFFEC
00000882
000007A1
0000027E
000001F9
00000568
00000902
FFFFF846
FFFFFCC2
00000204
000003D4
FFFFFDF8
00000048
FFFFFCD8
FFFFFEE7
FFFFF897
00000069
00000370
FFFFFDFE
000001AC
FFFFF7E3
0000035F
FFFFFFDB
FFFFFE0E
0000002D
FFFFFC68
FFFFFDF1
FFFFFB5E
0000012D
000004EA
FFFFFD99
FFFFFBAE
000003BA
0000046C
000005DC
FFFFFEC0
00000DA9
FFFFF9EF
FFFFFD23
000001B4
FFFFFFD3
0000082B
FFFFFDF8
FFFFF5C3
FFFFF799
FFFFFC6E
FFFFFFAF
0000070B
0000009A
000000CB
0000039D
FFFFFA2C
000004AF
000001BB
0000090F
FFFFFA24
000002A7
00000138
00000014
00000685
FFFFFF54
000001E5
FFFFF837
00000566
00000057
FFFFFC98
0000044E
00000049
FFFFFE02
000000C0
FFFFFA08
FFFFFD02
00000282
000002EE
000000CA
00000842
00000590
00000491
000006E5
000003B8
00000857
0000088A
000004F2
00000883
000002AD
00000265
000002E2
00000583
FFFFFD5A
000005A7
0000006D
000002C7
00000119
00000143
00000330
00000447
FFFFFDB9
FFFFFB8E
FFFFFBC5
FFFFFFB4
000005CD
00000415
0000000B
000005F9
0000028B
0000023F
FFFFFC8E
0000047F
000002A3
FFFFFC94
00000273
0000063F
000001AA
000004B5
00000449
00000387
00000323
000003E9
FFFFF9FF
00000941
00000A28
000001E5
00000420
00000A87
000001C7
00000517
FFFFFDDC
000002C6
FFFFFF99
FFFFFDDC
FFFFFE83
000003AB
000002EC
00000569
0000051D
000008D4
00000161
FFFFFFF1
FFFFFF93
000006C6
000002B9
000006DB
00000405
00000229
0000007E
000000FB
0000036B
FFFFFF6B
000001B4
00000209
FFFFFBA3
000000D9
0000029A
00000228
FFFFFDEA
FFFFFF6C
00000489
FFFFFFFF
FFFFFDEF
FFFFFC54
FFFFFD89
FFFFFBF2
00000170
00000006
FFFFFBBC
FFFFF657
000002ED
00000395
FFFFFBF6
00000355
FFFFFC22
000003E3
000000DD
00000055
000000AE
000002DD
00000365
000005D6
00000329
00000204
00000068
0000081D
00000991
FFFFFE8D
FFFFFD48
0000013E
FFFFFB77
000002DB
FFFFFCC9
0000029F
FFFFFC94
0000034F
FFFFFF75
FFFFFCE2
00000384
FFFFFD9C
FFFFFD78
00000633
00000759
0000016B
00000631
000000D9
FFFFFF2F
00000498
000004DB
000000CC
FFFFFEE4
0000013F
000003BA
00000373
00000681
FFFFFE16
FFFFFD79
FFFFFA3A
00000016
000002C1
00000303
0000050F
00000947
0000058B
FFFFFE8D
00000150
000001C9
00000321
00000210
0000021C
000003EE
FFFFFE5E
FFFFFCA6
000002D5
FFFFFA96
FFFFFEF3
FFFFFCF2
00000261
FFFFFCC7
00000897
0000080B
0000023C
0000031A
00000710
FFFFFD6B
FFFFFEEB
00000463
00000403
0000025A
FFFFFBCE
00000270
00000158
000006D1
FFFFFDA4
FFFFF8F8
00000174
FFFFFF22
FFFFFF52
00000272
FFFFFC81
FFFFFB21
000001BC
FFFFFB66
00000635
0000014E
00000343
000005C0
0000038B
000002CE
00000073
00000155
00000031
000002A6
00000366
000008EB
00000489
000006B9
00000160
000003DA
00000383
000000E8
00000020
00000384
FFFFFA68
0000064A
000001C0
00000123
00000488
FFFFFC8B
FFFFFCA0
00000663
000002C4
FFFFFCBC
000002D6
000000D6
FFFFFF29
00000070
000003DF
0000011B
FFFFFD9A
0000080E
000001EF
FFFFFF1F
000003F4
FFFFFD86
FFFFFC98
000004EE
FFFFFADA
00000254
000000C5
00000082
00000301
000001C8
FFFFFCD6
000001A1
0000031C
FFFFFD49
0000046A
FFFFFAC8
000008AB
000002C6
0000020C
000001C5
00000640
00000155
00000949
0000023A
FFFFFB0E
000006F0
FFFFF848
FFFFFAFD
00000158
FFFFFE88
0000005E
FFFFFD8A
FFFFFD7F
FFFFFFE6
FFFFFC89
FFFFFB70
FFFFFB9F
FFFFFA6B
FFFFFA91
FFFFFD0F
FFFFF790
000005B4
00000314
00000620
00000762
00000933
000000D7
0000058E
000006E4
000005BC
FFFFFD50
FFFFFF03
0000014B
000006C0
0000070A
000002ED
FFFFFED2
000003CF
00000075
FFFFFFA0
FFFFFF1D
FFFFFDDD
FFFFFC9C
FFFFF911
00000031
FFFFFF31
FFFFF861
FFFFFB25
FFFFFEA4
0000065F
0000058F
0000052C
00000259
000001D1
00000179
00000423
00000694
FFFFFAEF
FFFFFC2D
FFFFFF2E
FFFFFE64
FFFFF7B2
FFFFFE2C
FFFFFC33
FFFFFED4
000000A9
000008A5
000009C6
000005F4
FFFFFE0C
000001EC
FFFFF98C
00000748
FFFFFEB8
00000290
FFFFFD39
FFFFFCA4
00000356
FFFFFE98
0000049D
FFFFFBAF
FFFFFD7C
FFFFFEB3
000003CE
FFFFF8F8
0000011D
00000280
FFFFFAD3
00000249
FFFFFEE9
FFFFFDF0
FFFFFBDC
000007A3
00000344
FFFFFC8D
000003FC
FFFFFB7A
FFFFFDB0
FFFFFB1A
00000445
FFFFF9DE
FFFFFF92
00000187
00000039
FFFFFC19
00000109
FFFFFAA2
000003F2
FFFFFD99
00000181
FFFFFDF9
FFFFF920
FFFFFE4C
FFFFFD6C
0000020C
0000049F
FFFFFFB6
FFFFFC49
FFFFFFCD
FFFFFAE7
FFFFFF04
FFFFFC57
FFFFFF13
FFFFFDB2
00000598
FFFFFDAD
000001DB
00000842
000000D4
FFFFFC50
000006BB
FFFFFCBB
000006B6
FFFFFBD7
FFFFFE65
FFFFFB96
FFFFFDE4
FFFFFA1E
000003CC
00000212
000003CC
FFFFFE2E
00000088
FFFFFC90
000004A5
0000066E
00000553
00000024
FFFFFCDF
000002FB
0000032D
00000509
0000039B
FFFFFFDD
FFFFFD8E
FFFFFDE6
FFFFF930
0000053E
FFFFF645
00000B40
00000555
000007A9
FFFFFDD8
0000043E
000004CB
FFFFFC68
FFFFFF42
00000541
FFFFF3DF
FFFFFF6C
FFFFFF73
FFFFF83E
00000A74
FFFFFBD7
FFFFFA21
00000BE0
00000336
000006CE
000001E9
000000D4
0000023A
FFFFFEA7
FFFFFDDD
FFFFFDB8
000009A0
FFFFF7A6
000006D4
00000B67
FFFFFB3D
000000E4
000003F2
000003C6
00000B5A
FFFFF770
FFFFF3C3
00000A89
FFFFFB68
00000161
FFFFFBCE
FFFFFD35
FFFFFECC
0000077A
0000095D
FFFFF509
000005E1
FFFFFDEE
00000948
0000099F
00000960
FFFFFBD9
00000073
00000404
FFFFF9C8
FFFFFF70
0000017B
FFFFEFEF
0000055C
FFFFF9DC
000005DD
0000043A
00000AD3
00000FC9
00000B8E
000001A0
000010D2
00000338
00000A5E
00000D81
FFFFFB7A
FFFFF587
FFFFF9F9
FFFFF87F
FFFFF512
FFFFF1C5
FFFFFD0D
000007BA
FFFFF9F1
FFFFF75A
000001CC
FFFFFAAF
00000711
FFFFFE9C
FFFFF885
FFFFF936
00000113
FFFFFE23
FFFFFDD2
000005BE
000001D4
00000423
FFFFF4A6
FFFFF866
000008C6
00000DBF
000005C1
FFFFEEA9
FFFFFB8E
00000214
FFFFFD74
FFFFF155
FFFFF81D
FFFFFF60
FFFFFEDB
FFFFFC3F
FFFFFE12
FFFFEF1B
FFFFF8C7
00000100
000009D1
FFFFF207
00000281
FFFFF5D9
FFFFFFB7
000000CD
FFFFFD7C
0000064A
000000C8
FFFFF818
00000219
00000898
000004FE
FFFFF589
FFFFF74E
FFFFF84B
00000908
000003C5
FFFFF578
FFFFEFE6
00000468
FFFFFE19
0000023A
0000048A
FFFFF938
FFFFEE74
000009C7
00000370
FFFFF836
0000080C
000000BB
FFFFF6B0
00000231
FFFFED78
00000357
FFFFF7BC
00000ECF
00000401
000005FE
000000E0
00000410
FFFFF789
0000005C
FFFFFB51
00000878
00000AD4
FFFFFAA7
FFFFFC55
FFFFFF45
0000055B
000003F8
0000000A
000003CB
FFFFFD05
FFFFFBE9
0000043C
00000174
000007DD
00000694
00000CF8
00000747
FFFFFE61
000003C8
FFFFF994
FFFFF543
000003F9
FFFFF97C
FFFFFF9B
00000366
FFFFEFAD
FFFFFBC5
FFFFFD78
00000293
000004C0
0000001C
00000174
FFFFFFEA
00000313
00000B33
000004F2
FFFFF5FA
000005FE
FFFFEBEB
FFFFFA5F
000001C5
00000B4D
00000D13
FFFFF522
0000032D
FFFFFC22
00000880
0000046C
FFFFF845
FFFFF37F
FFFFF84F
0000035F
FFFFF8ED
0000025B
FFFFFBDE
FFFFF8A7
FFFFF664
00000AE6
00000898
FFFFFCD6
00000A21
00000667
FFFFFA8D
FFFFFFD3
FFFFF7FF
00000182
FFFFF9E2
00000024
FFFFFBED
FFFFFBE9
FFFFFB3F
0000018E
0000017F
FFFFFB6C
FFFFF6B8
FFFFF96B
000000D3
FFFFF989
000002AE
0000070E
FFFFFDCB
0000070F
FFFFFADD
FFFFFF49
000002E5
FFFFFC65
FFFFF9A3
FFFFFB32
FFFFFC3A
00000514
FFFFF9FF
00000968
FFFFF2AB
FFFFFBD0
FFFFF91F
00000666
00000C98
FFFFFCB1
00000003
FFFFFC83
FFFFFE0A
FFFFF9BE
FFFFFDF5
FFFFF5A2
000007D5
FFFFFAD5
000007EF
00000A1A
FFFFFD31
FFFFFB15
000003E4
00000BED
0000087A
00000AAD
000008F7
FFFFFFD8
FFFFFE5F
0000038A
000008F2
00000924
0000079C
00000320
0000087E
00000549
00000065
FFFFFF4A
0000007A
FFFFEEEE
FFFFFA30
FFFFFFE5
FFFFFF64
000000DA
00000135
FFFFFD8F
0000056B
000009A2
FFFFF6BC
00000354
FFFFFF16
FFFFF7E4
FFFFFEBC
FFFFFBBD
FFFFF771
00000421
FFFFFD3C
00000435
FFFFEEEC
00000C77
0000085A
000006BE
FFFFF97F
00000EE4
FFFFFAA1
000005A6
FFFFF133
FFFFF43A
000008D3
00000541
FFFFFF2F
FFFFFFF9
000002CC
FFFFF33C
0000029B
FFFFF6D1
00000E08
FFFFFB69
00000324
FFFFFB98
000001E2
000006B1
FFFFF5C6
000003BC
00000BCE
000002CE
FFFFFC60
00000777
0000091B
00000882
FFFFF9B3
000004C8
FFFFFDDD
000000B0
FFFFFFD4
00000636
FFFFFEFF
0000057E
00000838
FFFFEFC1
FFFFF8D1
FFFFFDE0
00000243
FFFFFA14
FFFFFF9E
FFFFF73C
FFFFF6F8
FFFFFD06
FFFFF852
000009D3
0000067C
0000062F
FFFFFC28
0000047D
000003FB
000005BB
FFFFFC89
FFFFF700
FFFFF7BA
FFFFF82B
FFFFF53E
0000075B
FFFFFDC1
00000ADC
FFFFFE0F
FFFFF706
FFFFFAA5
FFFFFEF1
00000DD3
000000D9
FFFFF999
00000951
FFFFF8A0
00000572
FFFFF33C
00000294
FFFFF351
00000922
FFFFF232
FFFFFADF
00000768
00000B74
00000C91
000001E9
0000074D
FFFFFB48
00000C8C
FFFFF984
FFFFFA4B
00000570
00000A1D
FFFFF952
FFFFF752
00000B9A
00000042
00000199
FFFFF915
FFFFF9E8
FFFFF312
FFFFFDB3
00000EA9
FFFFFACE
FFFFFF0A
00000ACE
00000A3D
00000D0E
FFFFFD9C
FFFFFFAC
FFFFF734
FFFFFB21
000006F6
FFFFFC2C
FFFFFBD2
FFFFFD15
FFFFF9C7
FFFFF265
0000038E
00000AFA
FFFFFDC8
0000082E
0000015B
FFFFF6CD
00000C99
000005C8
FFFFFD3D
0000081F
000004CC
FFFFF864
000007F5
00000A46
FFFFF37F
00000C5B
00000126
00000210
FFFFFC99
FFFFF728
00000734
FFFFFA9B
FFFFFD11
FFFFF9A6
000000BA
0000054D
FFFFFA42
FFFFFCAA
FFFFFA26
FFFFF986
FFFFF94D
FFFFF845
FFFFF472
FFFFF164
FFFFFE01
FFFFFF6E
FFFFF2CB
FFFFF9F0
FFFFFA9B
000001B4
FFFFFB91
FFFFFB01
00000E6B
00000C20
FFFFF9DE
000000E6
FFFFFBD0
FFFFFFFA
00000003
FFFFF6D3
FFFFFFA0
FFFFFB87
FFFFFEEC
000005A8
000004DF
FFFFF7D7
0000025F
FFFFF596
FFFFF5C2
FFFFFF9D
FFFFF88B
FFFFFFAB
FFFFF683
000005B9
00000D52
0000062B
0000000E
0000013F
FFFFF911
FFFFF7ED
FFFFF04C
FFFFFDAF
000008EA
00000D00
FFFFF912
FFFFFEE4
FFFFF5EF
FFFFF780
000002D0
000006DC
00000649
FFFFFBA6
FFFFF73D
00000643
000007B1
FFFFF71B
FFFFF200
FFFFF68D
00000246
000004AA
00000DD8
FFFFFFE3
FFFFF640
FFFFFC43
FFFFFE0D
FFFFF812
FFFFF95E
00000489
00001137
0000076A
00000194
FFFFFC5C
00000139
FFFFFF62
000007A3
FFFFFED6
00000ED8
FFFFF882
00000B9A
FFFFF477
000006C1
FFFFF754
0000053D
FFFFFE5F
00000633
FFFFFDCD
FFFFF404
FFFFFFED
00000422
0000046C
FFFFF617
FFFFFC95
FFFFFD98
FFFFF4A8
00000466
0000035A
00000582
00000527
000007A5
000004D4
0000015C
FFFFFDF3
0000053E
00000088
FFFFFEE0
00000B93
FFFFFE17
000000C1
FFFFFCEB
0000008C
FFFFF6D9
FFFFF89A
0000043E
FFFFFB69
FFFFFCAA
FFFFFBD1
0000094F
0000047B
FFFFFEAC
00000FF8
00000479
FFFFFE20
FFFFFD4F
00000191
FFFFF7D4
00000365
0000003A
FFFFF47D
FFFFF9EF
00000024
FFFFFEE4
000001E6
00000CDE
0000107B
FFFFF818
000001FA
FFFFFE3D
00000B54
0000048D
00000A6A
FFFFF222
FFFFF8D3
00000F6E
FFFFF9BD
000005CB
00000957
FFFFFAD2
00000892
FFFFF43F
0000001B
00000698
FFFFF01C
000009B0
FFFFF5F1
FFFFFF6F
0000049F
FFFFF995
FFFFFD04
00000227
FFFFFE22
FFFFFD5D
0000037E
00000B3B
FFFFF8A6
0000061A
FFFFFDDC
FFFFFDFF
00000A26
FFFFFEE1
0000074D
00000CED
000003F6
FFFFFCC6
FFFFF751
00000902
00000380
FFFFFC09
000000A0
0000008D
FFFFEEF8
00000D44
FFFFF5FD
FFFFF453
000008B1
00000C8D
FFFFFB2C
00000C3A
000006B2
FFFFF569
FFFFF644
FFFFF2E7
FFFFEF9C
FFFFFEB9
00000962
FFFFFF6D
0000064F
FFFFFB26
FFFFF672
000008BC
FFFFFA0E
FFFFFFE4
FFFFFFCB
00000AFA
FFFFFF0A
000006CF
0000077A
FFFFF7C6
FFFFF1E1
FFFFEF76
FFFFF6E4
FFFFF8B9
000000AC
FFFFFB6D
FFFFFBCF
FFFFFA37
000003FE
FFFFF9C4
FFFFF95E
FFFFEFD9
00000C11
00000136
FFFFFFFF
FFFFFB3D
FFFFFA60
FFFFEB26
FFFFFDBE
FFFFFD7F
0000013F
FFFFFF71
FFFFF349
FFFFEEC7
00000E04
FFFFFAA8
000007AE
00000982
00000B42
00000423
00000213
FFFFF725
00000310
FFFFFD5B
000006DE
000003E4
00000779
FFFFF11D
000003EC
00000965
FFFFF878
0000020D
00000F01
FFFFEE1A
FFFFFBA4
FFFFF996
0000010D
FFFFF7DE
000007D3
FFFFFAC5
000005B2
FFFFFFD9
00000B73
0000096E
00000CE2
00000207
FFFFF93D
00000035
000006DA
FFFFF345
FFFFFBCB
00000CC3
0000050B
FFFFFC59
000010A6
00000EC1
FFFFF833
FFFFF846
00000F0B
FFFFF745
00000694
00000A3C
00000156
FFFFF6E1
FFFFEDAC
0000002B
0000010B
FFFFFADE
000006FB
00000AA3
FFFFF833
000000ED
00000EA2
00000143
000007A3
FFFFFBC0
FFFFF687
00000355
00000BA9
FFFFFE8E
00000957
000001F6
FFFFF7F8
00000527
0000047F
FFFFEFEB
0000054A
FFFFFF74
FFFFFBFD
00000E0E
000006C0
FFFFF6B0
FFFFFA6B
FFFFFF1A
FFFFEFE0
00000716
00000E2B
FFFFF6F6
FFFFF86C
FFFFEA3F
FFFFF1EA
00000413
FFFFFC22
00000190
0000089B
0000048B
FFFFF5BB
00000B11
00000401
FFFFFA6B
00000375
0000045C
FFFFFD76
FFFFFA52
000005DD
FFFFFE23
00000556
00000287
000005A7
FFFFFDF3
FFFFFDF6
00000440
FFFFF89F
FFFFF7D6
00000242
000001FE
FFFFF668
FFFFF595
FFFFFFBC
00000285
FFFFFB5C
0000000D
0000001B
000009A5
00000493
0000087A
000000AE
FFFFF536
FFFFFE50
FFFFF5A9
0000018F
00000D16
FFFFFE31
000009EF
FFFFF500
FFFFF4D8
FFFFFE9E
FFFFF8B1
FFFFF52F
FFFFF79F
00000999
0000000A
0000002A
FFFFF6D2
FFFFF416
FFFFFC98
FFFFFF9F
FFFFFC60
00000540
FFFFF9BC
FFFFFC97
00000C26
FFFFFE09
FFFFF924
FFFFFF36
FFFFF361
FFFFF92A
FFFFF0F0
FFFFFF66
0000009D
FFFFFB14
FFFFFA4B
00000265
000005E5
FFFFFF1C
00000604
FFFFF5C6
FFFFF7EF
FFFFFDC0
FFFFFE97
FFFFF6D6
000004B6
FFFFFD46
FFFFFCF8
00000CE4
FFFFFC94
FFFFF22B
FFFFFDD7
FFFFFFD7
FFFFFC61
FFFFFAB1
FFFFFA94
FFFFFBBE
FFFFF54E
FFFFFFF0
00000198
FFFFF703
FFFFF685
00000CAD
FFFFFB45
FFFFFE72
FFFFF88D
FFFFF192
FFFFFCDC
00000494
00000E82
000005FD
00000259
FFFFED7D
FFFFFCBF
0000099F
FFFFF8C6
FFFFF17D
000007EB
FFFFF6D9
00000D70
00000934
FFFFFAB6
00000A33
00000097
FFFFED47
00000202
000000C1
00000196
0000021A
0000021C
FFFFF881
FFFFF8AC
00000326
FFFFFD4B
00000C31
0000071D
FFFFFB95
000002D3
000003D2
FFFFFEBD
000000CF
00000495
FFFFFE63
FFFFFCFA
FFFFFE63
FFFFF71C
FFFFF968
000008E1
0000040A
FFFFF546
00000195
0000013F
0000045C
FFFFFD5D
00000DD0
FFFFF653
FFFFFE42
FFFFF980
00000632
000000AE
FFFFFA04
FFFFF9DC
FFFFF8BF
FFFFF37C
0000027D
0000036D
FFFFF9B4
00000CAD
0000019A
FFFFFC08
00000E98
FFFFFE37
FFFFFC2E
FFFFFA39
FFFFF88B
00000236
FFFFFDA1
FFFFFF4E
0000011C
FFFFFCCB
FFFFF866
FFFFF9C8
FFFFFEFB
FFFFFC3D
FFFFFDF0
000006DC
FFFFF9EA
000003DA
FFFFFB92
FFFFFAE2
FFFFF5C9
000002C0
00000C93
FFFFF8CE
000001D8
000005CB
FFFFFFC5
000007F3
FFFFFECA
000010D9
000002DB
000001D5
FFFFFCE6
00000819
FFFFFD90
FFFFFC41
00000095
00000791
00000835
FFFFFA34
FFFFF635
FFFFF159
FFFFF4A5
FFFFFF72
FFFFF89B
FFFFFE14
00000849
00000143
FFFFFBAB
00000368
FFFFFC5A
FFFFFD01
FFFFF6D5
FFFFF971
FFFFFF31
0000066E
00000936
00000A63
FFFFF83E
FFFFF110
0000110A
00000B75
FFFFF821
FFFFF970
FFFFFF73
FFFFF33B
00000988
FFFFFF34
0000048E
00000054
00000E7B
FFFFFCF2
FFFFF975
00000901
FFFFFD15
000003AC
000001AB
FFFFFE97
FFFFFC72
FFFFF9A0
FFFFFEA1
FFFFFFD9
00000B7A
00000ED2
000005D5
FFFFFC66
00000B74
FFFFF5E8
FFFFF5DA
FFFFF6E5
00000BDF
FFFFFB09
0000057B
00000B48
00000E0D
FFFFF741
00000170
00000090
000001E2
FFFFFD45
FFFFFB97
FFFFF4F2
000007FB
00000E8E
00000029
00000B9C
00000972
FFFFF59F
00000A3B
000003FE
00000088
FFFFEEDA
FFFFFB2B
FFFFF9C2
FFFFFDCC
0000088E
00000A9D
FFFFFFC7
FFFFF900
FFFFFE4B
FFFFFAE9
FFFFFC2F
FFFFFCAA
000010F5
00000770
FFFFFA6C
FFFFF693
FFFFFF4C
FFFFEF98
FFFFF98F
FFFFF528
000001AB
FFFFFD64
FFFFFD5A
00000658
FFFFFE11
00000262
FFFFFE60
00001042
00000A57
00000B06
000003F3
FFFFF8C2
FFFFF6AB
00000249
00000A3C
00001256
FFFFF9A3
00000703
FFFFFD14
000001F2
FFFFFC47
000003E7
0000097F
FFFFF829
FFFFF2DE
FFFFFDCB
FFFFF2BC
FFFFF78F
FFFFFCFF
FFFFF5F7
FFFFFDD3
0000073A
000002AC
00000ACC
00000EDB
FFFFFCC9
FFFFF9E1
FFFFFDA7
FFFFF7AB
000000B3
00000FA3
FFFFFDCA
00000187
00000047
FFFFFE49
00000028
00000095
FFFFF500
FFFFF58A
000009DC
00000A4E
00000A3E
FFFFF610
FFFFFD07
FFFFFFCF
FFFFF7DF
00000A2C
FFFFF827
FFFFF5AA
00000728
00000041
00000477
0000075B
FFFFFD21
FFFFF58A
FFFFF5F5
FFFFFDFE
00000D72
FFFFF954
000004EE
FFFFF487
FFFFFA3D
FFFFED6F
00000497
FFFFFE2D
000007C0
000001B0
FFFFF47A
FFFFF3AB
000002DD
00000188
FFFFF75C
FFFFFC7C
FFFFF605
FFFFE996
00000D1A
000008E1
00000193
FFFFFA8D
00000077
FFFFFC7C
FFFFFB12
FFFFEAFC
FFFFFCAB
000002F6
FFFFFDC9
00000814
FFFFF720
000003CA
FFFFF88A
FFFFF943
00000191
00000096
000006D5
FFFFFD69
00000039
0000011F
FFFFFD87
00000AE3
FFFFFE28
0000014D
00000B8F
FFFFF099
00000381
FFFFFC30
FFFFF7DB
FFFFF842
00000182
FFFFF324
FFFFFBF9
FFFFFAA1
FFFFF8EC
FFFFFE35
FFFFFC9C
FFFFF878
FFFFF91A
FFFFFBDB
FFFFFE4B
000002DC
FFFFFA4B
FFFFFEB5
0000004A
000001F2
FFFFFE24
FFFFF861
FFFFF901
000000AA
FFFFFD7E
00000DC2
000006CD
000000DB
FFFFFBDF
FFFFF94A
FFFFFA82
FFFFFF1B
0000072A
FFFFFD88
0000013B
00000308
00000339
FFFFFB77
FFFFFF69
0000005A
FFFFFE30
FFFFFDBB
00000124
FFFFFBB8
0000050C
00000D27
FFFFFDB2
FFFFF6E5
FFFFFFA4
FFFFFE89
FFFFFAAF
00000134
FFFFFAAC
00000078
FFFFFD3C
00001029
FFFFF763
00000AA6
00000834
FFFFF01F
00000152
000003F7
FFFFF5DC
FFFFFF49
FFFFFC36
00000437
FFFFF8FD
FFFFF6AD
0000043D
00000106
00000057
000001F2
000007F0
00000138
FFFFF46C
FFFFF76B
FFFFFB12
000006D6
FFFFFE6C
000002E3
00000228
FFFFF97F
0000067E
000007CB
00000037
FFFFFD77
FFFFFCDD
000005B8
000002CF
00000D21
0000058C
00000CC8
00000A2D
00000D4F
FFFFFF52
00000CE3
00000D08
00000426
00000624
0000029E
FFFFFC83
FFFFFDC3
000000D3
000007A2
FFFFFB07
FFFFF8FE
FFFFF42E
FFFFFBE9
00000037
00000840
FFFFFA72
000002DE
FFFFFC3C
00000105
FFFFF84A
FFFFFCB4
FFFFFB23
0000079E
00000052
FFFFFFF5
000000B3
000007A6
FFFFFF3D
0000089F
00000059
00000B1E
FFFFF523
FFFFFC5C
000003CA
FFFFFA74
FFFFFF76
000001AC
FFFFF83C
0000067A
FFFFFD93
000004C1
00000A16
FFFFFD1C
FFFFF57A
FFFFFB29
000003A8
FFFFFF21
00000131
FFFFF6BF
FFFFF850
FFFFF80B
FFFFFDC4
FFFFF246
FFFFFDF6
00000074
FFFFFE58
00000211
00000225
FFFFF721
000003FA
FFFFF82A
FFFFFC23
FFFFFE7C
00000471
FFFFFA3A
00000E3D
00000368
000009F2
00000687
0000017E
FFFFFD1E
00000571
FFFFFC67
FFFFFAA2
FFFFF97A
FFFFFE8E
FFFFF60B
00000443
00000446
FFFFF6C9
00000DA6
FFFFF75E
FFFFFBA2
0000051E
0000045F
FFFFF2CB
00000275
FFFFFE44
000008F2
000008B4
000003FC
00000825
FFFFFF74
00000AF2
FFFFFEC6
000007D7
FFFFF740
FFFFFFEC
0000038D
FFFFFB73
FFFFFBE9
0000083A
000004B2
FFFFF77A
FFFFFD16
FFFFFDA9
FFFFF76D
FFFFF9CA
FFFFFA92
00000642
0000010D
FFFFFDDA
000000C3
000002AA
FFFFFEC1
FFFFFA3D
00000478
FFFFFD7B
000000E2
00000ADA
00000304
0000006E
FFFFFFBA
FFFFFDCA
00000019
0000069A
FFFFF9BE
000004ED
00000C44
000005BE
FFFFFEFF
00000DB2
FFFFF6D4
FFFFF668
00000822
FFFFF6B7
FFFFF9CA
000006D2
0000063D
000008BC
FFFFF890
FFFFFC87
000004CB
000002EE
FFFFFFEF
000009FA
000009DC
0000049B
000000B7
000005C1
FFFFF9A7
FFFFFA28
FFFFF5D4
FFFFF697
00000030
FFFFFFBF
FFFFEECF
000006F9
FFFFFD93
FFFFFB94
00000044
000004D6
FFFFFE55
FFFFF563
0000072F
00000287
0000033D
000005D6
FFFFF96C
FFFFFBDC
FFFFF855
00000261
FFFFF97A
000003BA
00000143
FFFFFE30
000003C1
0000045A
0000001F
FFFFFF26
0000008B
00000021
00000662
0000004E
FFFFF2C9
00000337
000000DB
FFFFF34E
00000337
FFFFFD27
FFFFEF7B
FFFFF8C4
FFFFFFC5
FFFFF946
FFFFF68D
000005C2
000002FA
FFFFFD3D
FFFFFBAA
00000882
FFFFFA9F
FFFFFC70
00000989
FFFFF270
000002DF
FFFFFCD4
FFFFF9E0
000002BB
000009B2
00000CE1
000004B3
00000639
FFFFFFF7
FFFFF8B8
FFFFFDBE
FFFFFF6C
000003F6
00000C1B
00000AC1
FFFFF858
0000076F
FFFFFB10
000004C5
FFFFF902
FFFFFF87
00000354
FFFFFAB2
FFFFF9AE
0000078F
FFFFFDE6
0000037E
FFFFF618
FFFFF528
FFFFF8F4
FFFFF989
FFFFF49F
00000363
FFFFFC96
FFFFF5C5
FFFFFBC2
FFFFF808
0000096D
000002DB
0000030D
FFFFF9EF
000003CF
000005D2
0000048F
FFFFFC8E
0000029C
FFFFFF3E
FFFFF708
000000B5
0000034D
00000607
00000059
FFFFFE6F
000001DE
000009B7
FFFFFE8A
0000047E
FFFFFEFA
000000E4
FFFFFDE0
FFFFFB68
000010E3
FFFFF66B
00000209
000004B0
00000B52
0000023F
000007DA
00000882
FFFFFC3E
0000029A
0000035D
FFFFF812
000006EC
0000028B
00000DF9
00000146
00000159
00000560
000003C3
00000F75
FFFFF819
FFFFFE33
FFFFFEBF
0000086F
FFFFFEAB
000008E6
FFFFFBA1
FFFFF609
00000688
00000149
FFFFF8FD
FFFFFE76
FFFFF8C9
0000038D
FFFFFCBF
00000505
00000109
00000A06
000001B8
FFFFF947
FFFFFDBB
FFFFFF0E
000000EB
FFFFFF4C
000004BC
FFFFF84F
FFFFFBC2
FFFFF9D6
FFFFFA1C
00000096
000001CC
000004E4
FFFFFACA
00000550
00000873
FFFFF9B6
FFFFFE27
00000BC3
00001055
00000407
00000235
FFFFFB2B
00000637
000001C1
0000071E
FFFFFA1D
FFFFF5A2
FFFFFFEF
FFFFFD44
FFFFF9F5
0000020D
FFFFFF93
000000EC
00000765
FFFFFE3A
FFFFFA4D
FFFFF2C8
FFFFFAA1
FFFFFB9E
000003CB
FFFFFF9F
FFFFF332
00000858
FFFFFCC5
FFFFF12A
00000754
FFFFFF72
FFFFFC9F
0000040D
0000017E
00000308
FFFFFE73
FFFFFCEA
00000959
000001FE
FFFFFDC0
00000413
FFFFFE43
FFFFF57C
FFFFF9C0
FFFFF5C4
FFFFF489
00000340
0000029A
FFFFF997
00000181
FFFFFE47
00000046
00000400
FFFFFE6B
0000063B
000002ED
FFFFFBD6
00000358
000004E4
00000539
FFFFFEC7
000000CB
00000369
FFFFFE70
FFFFFCFE
FFFFFCA6
000006FF
0000071A
FFFFFA68
FFFFFAC0
FFFFF2EC
FFFFFE4D
FFFFF58C
FFFFF5E1
0000022F
FFFFFB71
0000014F
00000F4C
00000101
00000B74
FFFFFCE5
FFFFF658
FFFFF22E
FFFFF80E
FFFFFA83
000000FB
FFFFF6D0
FFFFFA10
FFFFF8B8
FFFFFCE2
FFFFFF45
000005E6
00000BE7
00000544
00000A67
FFFFFB28
FFFFF82C
FFFFFF6A
FFFFFED6
0000019B
FFFFF0F3
FFFFFE8B
FFFFFD7B
000007BB
FFFFFD93
FFFFFD6F
FFFFFD14
0000021D
FFFFF754
FFFFFD86
00000113
FFFFF71D
0000067B
FFFFFBF1
FFFFFA73
FFFFFE85
FFFFF65D
FFFFF6E1
FFFFF12A
FFFFF8FB
FFFFF2F4
0000008A
FFFFFC5B
FFFFF384
FFFFF9EE
FFFFFD43
FFFFF980
FFFFF491
000008A1
FFFFF541
00000185
FFFFFA35
FFFFFF87
FFFFFF65
000005A0
0000044F
00000E45
000006E6
000006ED
FFFFFB63
0000016F
000006F3
00000DDC
FFFFFF15
000000A3
FFFFFA95
00000182
00000652
00000D5F
FFFFFADB
0000020C
FFFFFBE9
FFFFFEBF
FFFFFE59
00000F8E
FFFFFD84
FFFFFA48
FFFFEA6A
00000A0F
00000029
000002D9
0000039A
000003C3
000006D6
0000048B
FFFFF85B
FFFFF6C0
00000635
FFFFF9FE
FFFFFEA6
000007DE
FFFFFDBB
FFFFFF10
000007BC
0000007C
00000208
000000CE
FFFFFA66
FFFFF6AF
0000020B
000005C8
FFFFFE6A
FFFFFAC5
000002E5
000007B4
FFFFF7BF
FFFFFCCD
0000081B
FFFFFE26
000004FE
00000293
FFFFF93A
000004D3
00000EAC
0000017B
000003BF
000000AF
FFFFFB3A
FFFFFCE1
FFFFF714
FFFFF9CF
00000114
FFFFFCF9
FFFFFAB5
FFFFFB56
000000B2
FFFFFB1E
FFFFFB12
00000003
FFFFF824
FFFFFEF1
00000E8C
000009EB
000004C9
000001B5
FFFFFBC1
0000017D
00000436
000005A9
000008C3
FFFFFD8A
FFFFFEB5
0000091F
00000AC3
FFFFF7C1
FFFFFCF8
00000241
FFFFF702
FFFFFA40
0000026B
000003D6
00000476
0000051A
0000045D
FFFFF918
000005D1
00000844
0000097A
00000270
FFFFF9F5
000002F1
00000774
0000027D
FFFFFA1A
0000005B
00000276
FFFFFE3A
00000015
FFFFFA91
00000A76
FFFFFAE0
00000A00
00000104
FFFFF700
FFFFF79C
00000459
00000028
00000C0E
0000028C
000003CC
000001DC
000001B6
FFFFFCE9
000000BD
FFFFFE23
000006D5
000003E3
00000390
00000261
000002E9
0000073E
0000062D
000007CA
00000622
FFFFF97E
FFFFFFF1
FFFFFE5F
00000D60
00000C78
00000B7D
FFFFF436
0000012E
FFFFFFBC
000002DC
FFFFF852
00000085
FFFFF939
FFFFFA65
00000683
00000196
FFFFFD9F
0000037E
FFFFFD23
FFFFF8B1
00000217
00000C5F
00000700
FFFFFBD5
0000048D
000007A9
000003B0
FFFFF9FD
0000080A
FFFFF8C2
FFFFFD46
000004EC
FFFFFD30
FFFFFDB9
000006B1
0000093C
0000000B
FFFFF806
000007D3
FFFFFFAE
00000073
00000408
0000013F
FFFFF464
FFFFFCFA
00000479
000004AC
FFFFF691
00000598
FFFFFA96
FFFFFE8B
FFFFFEC2
0000023C
FFFFF888
0000031C
FFFFF7B2
FFFFF6D2
FFFFFA46
FFFFFEEF
FFFFFC0E
000004A4
FFFFFEF8
FFFFF914
00000330
FFFFFCD6
00000801
FFFFFCBC
0000019E
FFFFF91F
000004FB
00000626
FFFFF930
0000039F
FFFFF8D7
00000860
FFFFF834
FFFFFA11
FFFFFC74
000009E3
FFFFFA4B
0000070B
000009E5
00000B52
0000034C
0000074A
00000414
FFFFF654
FFFFFF54
00000033
FFFFFEF2
FFFFFCD5
FFFFFE94
FFFFFEA4
FFFFFD0C
00000372
FFFFFAD7
000008A1
000004C6
FFFFF78D
FFFFFD36
FFFFFF3B
FFFFFC38
00000C83
0000066B
00000251
00000146
FFFFFAE6
00000663
00000F08
FFFFFDC3
FFFFFC23
FFFFFFA1
FFFFFDF0
FFFFFF49
FFFFF950
FFFFFFE2
FFFFF7A0
FFFFFDFE
FFFFFD1D
FFFFFFB1
FFFFF3EB
FFFFFFE5
FFFFFA1C
00000279
0000081D
FFFFFA35
FFFFF4B0
00000173
FFFFFB7E
FFFFFF37
000003F1
00000373
FFFFF789
FFFFFBC0
00000257
FFFFFBE1
00000507
FFFFFC16
FFFFFF77
00000038
000005F8
FFFFFBBF
000002B5
FFFFF893
FFFFF9A7
0000014B
FFFFFB04
00000951
00000806
00000309
00000C66
00000708
FFFFFDB3
0000028E
000002D5
000004E5
00000E7A
00000FBC
FFFFFFE1
FFFFFD8D
FFFFFBC2
0000050E
00000B1D
FFFFFBDB
FFFFFAB7
FFFFFAB2
00000316
FFFFFC8A
00000CE0
00000338
000006F8
FFFFFDCF
00000865
00000B44
00000BCD
000004A3
FFFFF4A1
000005CA
0000022F
000001BC
FFFFF7FC
00000436
0000037E
000000E2
FFFFFAB7
FFFFFA7E
FFFFFA9D
FFFFF1EA
FFFFF37F
FFFFFB82
FFFFFA6C
FFFFF286
FFFFF83F
FFFFF8E7
FFFFF764
000004D8
FFFFFC88
FFFFF8B7
FFFFFE4A
0000010B
00000520
00000299
FFFFFF83
000006EE
FFFFF78D
FFFFF69C
FFFFFB2E
FFFFFCB6
FFFFFF39
FFFFFEE7
00000154
FFFFFD70
FFFFFA29
FFFFFB7A
FFFFF639
FFFFF7CB
000004D8
FFFFF95F
000002DE
FFFFFE03
000005CC
FFFFF89A
FFFFFA78
000001EE
000004AD
000000DC
FFFFFFB7
FFFFF8D2
FFFFFA34
FFFFFA69
0000009F
FFFFF8AB
FFFFF829
FFFFFF57
FFFFFB7A
FFFFF838
000001C3
00000340
00000016
00000D61
FFFFFF41
00000735
00000B62
FFFFFDD9
00000CD3
000003F8
000003FB
000007ED
FFFFFBAD
FFFFFB52
0000016A
FFFFFDA9
000005B3
FFFFFFDF
FFFFFF8D
00000485
00000142
FFFFFB61
00000D75
000003D9
FFFFFFD0
FFFFF85E
FFFFF3C5
FFFFFD3A
00000D39
FFFFFAE7
00000989
FFFFF732
FFFFFE67
00000075
00000598
000002E3
FFFFFDE7
FFFFFA7F
00000B4A
00000084
00000072
FFFFFE04
0000091E
000002CD
FFFFFE2A
FFFFFFE8
FFFFFDF7
0000032E
00000120
00000AB2
0000010E
FFFFFDAF
FFFFFF4B
FFFFFB00
000006F4
000007A2
00000A72
FFFFFE93
00000B1A
00000891
FFFFFE96
FFFFFBE4
000003C0
FFFFFE02
FFFFFA26
000006BF
000005BE
00000209
FFFFFA94
000000ED
FFFFFCE9
000003B2
00000448
00000869
FFFFF60D
FFFFF660
FFFFF65B
00000211
FFFFF7DA
FFFFF865
FFFFF87B
0000028F
FFFFFCAA
FFFFF95A
00000032
FFFFFED5
FFFFFC7F
FFFFFDA6
FFFFFCD2
FFFFFF66
FFFFFADC
FFFFF75B
FFFFFFD9
FFFFF8A3
FFFFF7EC
FFFFF7CD
00000259
000008C0
FFFFF7B9
FFFFFE10
FFFFFDB8
FFFFF446
FFFFFE83
FFFFF9E2
FFFFF5E1
FFFFFB65
00000A53
000000F7
FFFFF71A
000001FE
FFFFFE63
FFFFF772
FFFFFCEA
00000370
0000049E
0000058C
00000274
00000045
FFFFF740
FFFFFFD8
00000356
FFFFFC70
00000372
000000CC
00000509
000000D7
00000196
000001F6
00000BE8
000000BC
00000829
00000529
000007E7
00000E32
FFFFFC43
FFFFFB5E
FFFFF822
FFFFFEBE
FFFFF867
FFFFFF08
000003EC
FFFFFF65
FFFFFDA7
000007B8
000001EE
00000114
FFFFFF1A
000007E3
FFFFFA7B
FFFFFB05
0000079A
0000007A
FFFFFAC9
FFFFFD6A
FFFFF68B
00000268
FFFFFBBF
0000108D
FFFFFD6A
00000009
0000061D
FFFFF74F
00000D3B
00000866
000000DD
00000465
FFFFF93E
000001BE
FFFFF65B
00000402
00000609
0000066A
FFFFF7A8
FFFFFE91
FFFFFED7
0000072E
000007E4
FFFFFCA8
FFFFFF72
00000426
00000529
FFFFFB13
00000A33
00000868
00000613
00000A6F
0000004C
00001023
00000389
FFFFF994
FFFFF737
FFFFF9E3
0000024E
000000B9
FFFFFA5F
FFFFF804
FFFFF3C9
FFFFFB97
00000031
FFFFFFE5
FFFFFB33
0000021E
00000901
00000A6A
FFFFF468
FFFFF8B3
0000041F
000002FF
00000792
0000014C
FFFFFDA8
0000012A
00000889
000005E0
FFFFFCDC
00000A5B
FFFFF8B0
FFFFFFE8
FFFFF7C0
FFFFFA99
FFFFFE2D
FFFFFEE3
FFFFF03A
000013CA
FFFFF721
00000076
FFFFFDAD
FFFFF45B
FFFFFCCB
FFFFFF8A
000003D0
0000047D
FFFFF1DF
FFFFF624
FFFFFF2A
00000386
FFFFFF7B
0000081C
FFFFFA7D
0000078D
000003B3
0000078C
00000569
FFFFFDEB
FFFFF82E
00000436
000004D2
FFFFFF19
FFFFFE16
FFFFFE0B
000008FB
FFFFFF69
FFFFF80F
FFFFFD20
000004B1
FFFFFF9E
00000CC4
000004C2
FFFFFFE8
00000A3B
00000405
FFFFFC42
000006F5
000003CA
00000178
FFFFFF31
00000388
0000022F
00000CBA
00000BEB
000002B3
FFFFF862
0000047D
0000049E
00000055
000003D6
000001EE
00000722
000008C0
00000404
00000064
0000038B
00000269
FFFFFE7C
000002EF
000006FC
0000012B
FFFFF217
00000051
0000041B
FFFFF145
00000414
000002A9
00000033
FFFFF889
00000312
00000166
FFFFF317
FFFFFCA8
FFFFFCA9
00000078
FFFFFD74
FFFFFDDF
000000C8
FFFFFE2C
FFFFFB0A
FFFFFFCE
00000A62
0000003B
FFFFF194
0000001B
00000110
FFFFFC86
FFFFF685
FFFFF48B
FFFFF9F0
FFFFFB34
00000228
000003B2
000005E4
0000038A
0000012C
0000038A
FFFFF69E
FFFFFDED
FFFFFDD9
0000013A
FFFFF5C4
FFFFFFCE
FFFFF903
00000493
FFFFFC36
FFFFFF36
FFFFFFA9
FFFFFF0D
FFFFFDE9
00000611
FFFFFCC0
000003A8
FFFFFBFC
FFFFFA72
FFFFFB9F
0000036A
FFFFF49F
000003A6
FFFFFFA7
00000298
FFFFFC61
00000C7E
FFFFF0A7
FFFFFEE9
000000FC
FFFFF87B
FFFFFC3C
FFFFFC2E
FFFFF859
00000A3C
FFFFF929
FFFFF58A
FFFFFC5F
000002A9
FFFFF865
0000052B
00000131
FFFFFB8D
FFFFFEFE
FFFFFDCD
00000078
FFFFF862
FFFFF049
FFFFF9AA
00000632
00000099
00000550
000002F0
00000308
00000516
FFFFFBE9
FFFFF7FD
FFFFF84C
000004CB
00000B63
00000660
FFFFFBC5
FFFFFFF8
00000A03
0000062A
FFFFFFE9
FFFFFDFF
FFFFFFDA
00000A55
0000022B
FFFFFEB1
000005E0
FFFFFCDB
00000CD1
FFFFFBC9
FFFFFE3C
000001E5
0000039A
000002C7
000005D7
00000843
FFFFFB5E
FFFFF53C
000003D9
FFFFF967
FFFFF8F3
000000FA
000002DF
FFFFFA52
0000030E
0000024E
FFFFFE59
FFFFFEEA
FFFFF66C
FFFFFD02
000006F8
00000275
FFFFFA40
00000267
00000CAA
00000194
00000292
00000658
00000162
FFFFFD82
FFFFF741
000000EB
FFFFFC44
FFFFFFEC
FFFFFD4A
FFFFFE58
00000122
FFFFFE42
FFFFFF40
0000016E
FFFFF849
00000A12
FFFFFCDC
0000096F
000007BF
FFFFFE02
FFFFFE10
FFFFFD30
00000481
FFFFFA01
FFFFFF7E
FFFFFB23
000002C5
FFFFFB47
FFFFF79A
FFFFFC82
FFFFFD36
000007F2
FFFFFB4A
FFFFF63F
FFFFFBE0
FFFFFADF
000001DA
00000038
FFFFF7E8
FFFFF8FE
FFFFFEC8
FFFFF9AC
FFFFFD59
0000018A
FFFFF7E3
000000C1
FFFFFDD3
FFFFF5D8
FFFFFD36
FFFFFB37
FFFFFCFA
0000004C
FFFFF81C
FFFFF68F
000002F9
FFFFFA70
FFFFF664
FFFFFD36
FFFFFF7C
000006EC
00000221
0000095C
00000374
00000948
FFFFFABF
00000716
FFFFF80B
00000325
0000081A
FFFFF8A8
000000A9
FFFFF847
00000AB2
FFFFF72E
00000188
00000382
000005F3
FFFFFD90
FFFFFE40
000006A4
FFFFFEC7
FFFFF6A9
FFFFF26F
FFFFFB87
FFFFFBD7
FFFFF582
FFFFFF3A
FFFFF970
FFFFFB90
000001A6
000004B2
000005A3
FFFFF75A
00000070
FFFFFA3B
00000341
00000711
000001A7
FFFFFDF3
00000456
FFFFF79A
FFFFFC72
00000418
FFFFFEF9
FFFFFD32
0000083A
000000C9
0000024A
00000748
000000F5
FFFFF884
FFFFFD0A
FFFFFE97
FFFFFFB2
00000BFE
FFFFFD33
FFFFF8D4
00000503
FFFFF605
FFFFF773
FFFFF9C3
FFFFF88F
FFFFFCB8
000003FB
00000296
FFFFFB55
FFFFFFDA
FFFFF48D
00000469
FFFFFCAA
FFFFF007
FFFFFFEE
00000635
FFFFF774
FFFFF651
FFFFFF25
FFFFFA18
FFFFFE5A
000001B8
FFFFF83B
FFFFED07
00000597
000001DC
FFFFF93A
FFFFFCD6
FFFFF8B9
FFFFF7FC
0000081F
00000B09
0000014F
0000009A
FFFFFD9A
000005EC
0000050B
FFFFFCFB
00000834
FFFFFF3E
FFFFF8CA
FFFFF886
00000607
FFFFFAED
0000025F
FFFFF860
FFFFFF63
FFFFFEC4
0000076E
FFFFFBAA
FFFFF8ED
FFFFFACB
FFFFFB14
FFFFFC24
00000023
FFFFFC21
FFFFF606
00000A2A
FFFFFEE7
000001A0
FFFFF803
FFFFFDD8
FFFFF2BC
00000274
FFFFFB5C
000005BB
FFFFFD7E
000000CA
0000032E
0000063F
000002FB
FFFFF8D3
FFFFFE49
FFFFF86C
FFFFF49C
0000017A
FFFFFC94
FFFFF6B1
FFFFFB8E
FFFFFC13
FFFFF937
FFFFF5F3
FFFFF1F0
FFFFFD31
FFFFFE1A
FFFFFB04
FFFFFF7A
FFFFFA15
0000023F
000002EA
0000080F
FFFFF2C9
00000200
00000B46
FFFFFBC4
FFFFFDFE
FFFFFE1D
000000D0
FFFFFADD
00000580
000004F7
000000DA
0000044C
FFFFFAB0
FFFFFD03
00000813
FFFFFD52
FFFFFCD7
000000C1
FFFFF7DC
FFFFFA66
FFFFFF03
0000014B
FFFFF7CF
000006F1
FFFFFD3F
00000945
FFFFFE8C
FFFFFBA3
FFFFF555
00000111
0000050D
FFFFFA73
FFFFF2DB
FFFFFAB7
000009CD
FFFFF774
FFFFF607
FFFFFE7C
000000FB
FFFFF5FD
FFFFF4ED
000006CF
0000062C
000001C4
000004D5
FFFFFEB4
FFFFFE11
FFFFFB12
00000937
FFFFF583
FFFFFC7B
0000018E
00000081
000003E0
FFFFF765
FFFFF373
000007B2
FFFFF4EB
FFFFF9B5
00000121
00000050
00000608
00000774
FFFFF8D8
FFFFF528
FFFFFD55
FFFFFFF3
FFFFFD86
FFFFF757
0000017D
FFFFFAA7
0000081D
0000052C
FFFFFD4A
FFFFFD22
00000392
000001EF
FFFFFD1C
000003C4
00000CD5
FFFFFB11
FFFFF198
000000D5
000000A9
FFFFF540
FFFFF856
FFFFFC42
00000218
00000300
000001A1
000001F6
FFFFFA6C
FFFFF617
FFFFF5DA
00000905
0000004F
000001CC
00000854
FFFFFBE4
FFFFF4F4
FFFFFD13
00000095
FFFFFE03
000007FC
0000070F
00000051
FFFFFA99
FFFFFFA1
00000787
000004F1
000006B0
FFFFF1B3
000001C9
FFFFF752
FFFFF540
FFFFF772
FFFFF950
FFFFF1BA
FFFFF37E
00000B25
FFFFFDB7
00000448
00000A89
0000007D
FFFFFA39
FFFFFA25
FFFFFFF9
FFFFF949
0000023E
00000872
0000011F
00000169
FFFFFFD4
00000A75
FFFFFAD9
FFFFFA67
FFFFFD22
00000154
FFFFFAE6
0000013E
FFFFFD76
000004F6
FFFFF948
000007F5
0000017F
00000034
00000F71
0000088D
0000077F
00000728
000005E7
00000366
FFFFFBA7
00000A53
00000630
00000215
00000B65
FFFFF4AA
000009CB
00000143
FFFFF33B
FFFFFF0F
FFFFFFCA
FFFFFF4D
00000241
0000037D
FFFFF9C9
0000037B
FFFFF7D3
00000406
00000874
FFFFF2FA
00000436
00000598
00000367
000000B1
000003C6
FFFFF311
00000D66
FFFFF637
000001D5
00000B3B
00000D6C
FFFFF97C
00000292
FFFFFBD8
0000024C
FFFFFE5E
0000048C
FFFFFD53
00000416
000008FE
FFFFEF66
00000118
00000754
FFFFEA91
FFFFEE60
FFFFFE73
000001CA
FFFFF6D6
FFFFF2F7
FFFFF5C4
FFFFF2A8
000006AF
FFFFF2A9
FFFFEFC2
00000479
FFFFFECD
00000392
FFFFF63B
FFFFF941
000002EA
00000739
FFFFFDC7
0000008C
FFFFFBEB
00000849
0000086C
00000392
000000D4
000007B8
FFFFF7A9
FFFFFFF5
FFFFF0FA
FFFFF8B3
FFFFFE32
FFFFF844
00000651
00000707
00000DB0
FFFFF9A0
FFFFF358
00000B96
000001DB
FFFFFC9B
00000026
FFFFF614
00000657
FFFFFCD7
00000307
000000CE
FFFFFE3A
FFFFFAB4
0000085F
000000F6
FFFFEEC1
FFFFEEC5
FFFFF35B
FFFFFB20
FFFFF964
FFFFFBE9
00000026
FFFFF81D
000000B1
FFFFFBC6
FFFFFBFE
FFFFFE0A
FFFFF6D6
0000040B
FFFFFDD9
FFFFF4B3
FFFFFB6B
0000005B
0000084B
00000281
FFFFFEAF
00000477
00000AE6
FFFFF8C9
00000897
00000915
00000376
FFFFFC8C
0000017F
FFFFF6CC
FFFFF278
00000172
FFFFFCA1
FFFFF2FF
FFFFF987
FFFFF240
00000B12
FFFFF6CD
FFFFF355
FFFFFBD0
00000219
FFFFF156
FFFFFC49
00000648
FFFFF5CF
FFFFFA51
00000BB9
FFFFFCB6
0000088A
000002C0
00000FFA
00000090
0000045C
00000BC1
000001A5
0000002A
FFFFFE85
FFFFFCF7
FFFFF5BA
FFFFF482
FFFFF651
FFFFFCF1
000002EB
0000057B
00000641
000004F5
FFFFFE97
00000720
FFFFFAC2
FFFFFF3F
000009EE
00000507
0000114B
00000075
FFFFFF63
FFFFFE92
FFFFFFB1
000003F1
FFFFFDED
00000634
00000927
0000096C
000004B1
FFFFF304
0000099D
FFFFFFAA
FFFFF1C8
FFFFFB41
FFFFF82C
0000032E
FFFFF091
0000007B
FFFFF574
FFFFFC6F
0000031E
FFFFF5EA
000001FF
FFFFF542
FFFFFA2F
FFFFF4AE
000001B3
FFFFFE7E
FFFFF295
0000032F
0000025C
00000366
FFFFF52E
FFFFFA74
FFFFFE10
FFFFF673
FFFFFAD1
FFFFF521
00000A8F
FFFFFDB9
FFFFF382
000000E9
FFFFF1E0
FFFFFC18
FFFFF5CD
FFFFF83E
0000065A
FFFFF505
FFFFF6CB
FFFFF956
FFFFF9E5
000003EB
FFFFFBA2
FFFFF3E9
000000B8
FFFFEF68
FFFFFBDB
FFFFF0CE
FFFFF946
FFFFF077
FFFFF72F
FFFFFEC0
FFFFF697
FFFFFB33
FFFFF913
FFFFF569
000000D3
FFFFF6C5
0000030D
FFFFFEDD
00000AEC
0000096E
FFFFF8E4
000009BA
FFFFF1FC
FFFFF949
FFFFFEF9
000006F8
FFFFFB68
FFFFFC76
FFFFF987
FFFFFDA0
FFFFF60E
FFFFF554
00000350
0000043C
FFFFFDA2
FFFFFA5D
00000468
00000B42
00000EF1
FFFFFBBB
0000092B
00000A0A
FFFFF337
FFFFF593
000007E5
00000112
00000ADA
00000DB0
FFFFFEF9
0000020E
00000D85
0000024A
FFFFF48C
000000F4
FFFFFF80
FFFFFBD3
000006B3
FFFFFA1A
000008D0
FFFFFAD1
FFFFFA74
FFFFF3C3
FFFFFE23
FFFFFA82
00000B15
00000674
0000029D
FFFFFCCE
000005A3
FFFFFD58
0000064F
00000A5B
00000099
000007EC
FFFFF62B
000003DE
0000030B
FFFFFDDD
FFFFF832
000003D6
00000693
FFFFFEC5
000002D2
FFFFF750
FFFFFC5F
FFFFFDED
00000277
00000C0C
00000779
0000036A
FFFFFA0B
000001E2
00000C68
FFFFFCDA
000004FC
00000374
000008CB
FFFFFF6C
00000970
FFFFF8FA
FFFFF3FD
FFFFF8DB
000002C6
FFFFF7F1
FFFFF061
FFFFF149
000002E7
FFFFFA46
FFFFFB61
FFFFFD81
00001017
000005A1
00000AF3
00000D9E
FFFFF8C5
FFFFF3BB
00000D13
FFFFF125
00000884
00000076
FFFFF52F
FFFFF776
FFFFFA7D
FFFFF91C
FFFFF661
FFFFF316
000001C6
000009AE
FFFFF028
FFFFFB3C
FFFFFF4E
FFFFF343
0000026C
FFFFFEC1
00000115
0000031E
FFFFF7BE
00000595
FFFFFBF2
0000035E
00000046
FFFFFE83
FFFFF810
0000065A
FFFFFEC7
FFFFFD9F
FFFFFFAE
0000026C
FFFFF66A
FFFFEDB2
FFFFFDAE
FFFFF0A0
FFFFF512
000003BD
0000074B
00000C42
00000161
00000362
000007D1
00000280
0000131D
000001F7
00000352
000005F9
0000018C
FFFFFCFB
FFFFFCD9
FFFFF1E6
FFFFFE48
FFFFFE6C
00000189
00000E59
FFFFFC27
FFFFFA43
FFFFF462
000007F5
000008AF
FFFFF64E
FFFFFFEA
00000493
FFFFFA08
000003EB
00000DFD
00000659
FFFFF571
000002F2
000006B4
00000770
00000000
00000B78
0000034E
00000B82
000004F4
000006B7
FFFFF4ED
00000C77
000005C7
00000212
00000E5C
00000423
0000001A
FFFFFAA2
00000F84
000011FE
FFFFFFA7
00000496
000008A0
00000639
FFFFFBFD
0000039F
FFFFF69E
FFFFFBC6
0000025F
FFFFF9CF
FFFFFFE6
0000015E
00000C5D
00000F0D
00000DD4
000004F7
000001ED
00000F67
000003BC
0000015E
FFFFFFE3
FFFFFAAC
FFFFF6F7
FFFFFB6D
FFFFF534
00000048
FFFFF500
000005CE
FFFFFB34
FFFFFDF2
000003F1
FFFFFD5C
FFFFFE61
00000DC0
000006C0
FFFFFD04
0000041B
0000080A
FFFFFAEF
0000045F
000002E2
00000D66
0000001F
FFFFFEB2
FFFFFAC4
000004E6
FFFFFF12
000000EB
FFFFFC8E
FFFFF4AE
FFFFFB36
FFFFFAF4
FFFFFBC5
FFFFF1C9
00000015
FFFFF6E7
FFFFFB25
FFFFF68D
000002A3
000005EB
FFFFF862
FFFFFCFC
FFFFFC0C
FFFFF1F6
FFFFF4B7
000003A4
000000C7
FFFFFF1A
0000058C
FFFFF954
0000012D
0000032A
FFFFF952
00000218
FFFFFFD4
0000035D
FFFFF3E8
FFFFFA59
FFFFFEDE
0000016D
000000B4
00000D1E
000001E9
00000B3F
FFFFFD64
FFFFF439
FFFFFF58
FFFFF00A
FFFFF948
FFFFEF1E
0000052B
FFFFFB76
FFFFEF5E
00000024
000002AB
00000635
00000A70
000007C4
FFFFF956
00000992
00000623
000003CC
000007A6
FFFFF182
FFFFFF7F
FFFFFA52
FFFFF9D1
000002A4
FFFFFBCE
FFFFF708
000006AC
FFFFF511
FFFFF18C
FFFFF438
FFFFF269
FFFFFDCB
FFFFFACC
FFFFF7C5
FFFFF49C
FFFFF74B
FFFFF7C0
000000CF
000007B9
0000067A
00000A47
000000A7
00000873
00000CA2
00000F67
FFFFF8D1
000006A3
FFFFF7EE
FFFFF6E6
FFFFFAA9
00000268
00000750
FFFFF8D4
00000178
000000B9
FFFFFAC0
FFFFF9C0
FFFFEAB9
FFFFF54D
FFFFFC7F
FFFFEFEB
FFFFF577
FFFFF577
FFFFFABB
FFFFFD2F
FFFFF983
FFFFF9BD
00000362
000004A4
FFFFF292
00000394
FFFFF1BC
FFFFFAA6
FFFFF3E8
000005F2
FFFFF84E
0000004F
000003E0
FFFFF6A1
FFFFF4B0
FFFFF72C
FFFFFFAF
FFFFFAFF
FFFFFE45
00000096
FFFFF428
000005E5
FFFFFC62
00000153
000000F9
0000083C
000005D6
FFFFEF88
0000030B
00000366
FFFFF938
FFFFFCF0
FFFFF7C1
00000583
0000024C
FFFFF3D1
000000EE
000002D9
00000425
FFFFF3B8
FFFFFECF
000006E7
FFFFFAFD
FFFFFC9E
FFFFFE45
000001D7
FFFFF659
FFFFFDD9
FFFFFA7E
00000125
000007E4
FFFFF475
FFFFF970
FFFFF761
FFFFFE97
FFFFFC1F
FFFFFA35
FFFFFD93
FFFFF40E
FFFFF90D
0000005B
FFFFF807
FFFFF7CF
FFFFFA21
FFFFFA37
FFFFF968
FFFFF7C6
FFFFFED1
000001B5
FFFFFC58
00000301
00000380
00000464
FFFFFA7F
000007DD
000009CD
0000084F
FFFFFBB2
0000003A
FFFFF26F
FFFFF1FC
FFFFF8A3
FFFFFED5
FFFFF928
FFFFFF88
00000364
00000088
00000050
FFFFFB40
FFFFFA31
0000036F
FFFFFD53
FFFFFE93
FFFFFB45
FFFFF922
000006D5
FFFFFF64
000001F1
000008A6
0000049D
0000081C
FFFFFCC0
000009B3
00000A65
FFFFFE51
FFFFFE3C
FFFFFDEF
00000882
00000A45
00000DAC
FFFFFA15
FFFFFA52
000001D0
FFFFFD62
000008AD
FFFFFC1A
FFFFF0C6
00000064
FFFFFA94
FFFFFEC6
00000279
FFFFFF7C
FFFFFA8A
FFFFFC63
0000072D
00000689
000001A3
0000051D
FFFFFE3E
FFFFFE21
FFFFF8BF
FFFFFE10
00000989
0000054B
FFFFFCFA
FFFFFBE8
FFFFF410
0000035E
00000501
0000031B
000007EF
FFFFF2EC
FFFFFAB8
00000154
FFFFFF8A
FFFFFE18
00000F6B
FFFFFD36
FFFFF85D
00000351
00000409
000000AE
0000050A
FFFFF773
FFFFFE07
000005F2
FFFFFEEC
FFFFFDC2
000006E2
FFFFFB59
00000155
FFFFFD08
FFFFF83F
FFFFF3E0
FFFFF33C
FFFFF3F4
FFFFFD6B
FFFFF7C5
FFFFFE41
FFFFF827
000000F5
00000366
FFFFFC02
0000015E
FFFFF6C9
FFFFF9C9
00000B0B
FFFFF20A
000000A9
00000344
FFFFFE8C
00000B44
0000059E
FFFFF980
00000B1E
000005D1
FFFFF3D7
0000001D
FFFFFD37
FFFFF71D
0000040F
FFFFFE29
FFFFF901
FFFFFBFD
00000208
000003B3
FFFFF5E6
FFFFFF52
00000601
000001E4
000005E6
000006AD
0000060B
000000C3
FFFFFFE9
FFFFFC12
0000060D
000004BC
000004E9
FFFFF3AE
FFFFFDBC
FFFFFFBA
000005CB
00000757
000005EB
FFFFF9D4
FFFFFF51
000008B7
000007B6
000006AA
000002E3
FFFFFE01
FFFFF6C7
FFFFFF07
FFFFFF15
000006B3
FFFFF8C5
FFFFFED2
00000461
FFFFFA20
000003D7
FFFFFF65
000003B5
FFFFF9FE
FFFFF337
FFFFFCCD
00000A7A
FFFFFE92
0000041F
00000201
FFFFF51F
FFFFFB9F
00000090
FFFFFAEC
FFFFFD37
FFFFF805
FFFFF5E5
FFFFF78E
FFFFF1CA
FFFFF81D
FFFFFBDE
FFFFFBCA
0000070C
00000485
000008B1
00000C5C
FFFFFAF4
0000060C
FFFFFE4E
FFFFF7AB
FFFFF191
FFFFFC8F
FFFFFACA
FFFFF774
FFFFF7E3
00000615
FFFFFBFB
FFFFFBE9
FFFFFEAD
000001C9
FFFFF399
FFFFFA85
00000126
0000025B
FFFFFD91
FFFFF6B4
000003CF
FFFFF5D1
FFFFFF9E
FFFFFEA3
FFFFFDA5
0000065E
FFFFF8CB
00000418
0000016B
000003D5
FFFFFAE1
FFFFFFFC
FFFFF68D
00000122
FFFFFCB3
FFFFF760
FFFFFD8A
FFFFFCDD
FFFFFFDF
FFFFF85E
FFFFF6A3
FFFFF59C
0000049D
00000537
FFFFEE2F
000008F8
0000019B
00000459
FFFFF910
0000006C
FFFFF6DC
FFFFF972
FFFFF77A
FFFFF6FC
00000085
FFFFFF8A
FFFFFF09
FFFFFFB5
FFFFFCC2
FFFFFE5D
FFFFFA22
FFFFF5B9
FFFFFD34
00000131
FFFFF707
000000F2
FFFFF3EB
FFFFFCDA
00000802
FFFFFB99
00000A51
00000397
000005C5
0000050B
0000000B
FFFFFFEC
FFFFF936
FFFFFA81
0000006B
FFFFF73D
FFFFF786
00000481
000004CA
000007DD
000004C3
00000876
FFFFFBD5
FFFFFEDF
000002F8
FFFFFB2F
00000054
00000A83
00000663
FFFFF75F
FFFFFED4
FFFFFFBC
000001CD
FFFFF584
00000095
FFFFFEE3
00000A52
FFFFF5A4
00000346
00000970
000004C5
00000BC6
FFFFFF39
FFFFFC63
00000BBF
00000265
FFFFF934
00000706
00000412
00000043
00000B4E
00000289
FFFFFB30
0000073D
00001030
00000129
FFFFF41B
000002AF
FFFFF81A
FFFFFD93
00000321
0000018E
00000884
FFFFF92C
00000892
FFFFF85D
FFFFF8D6
FFFFF599
000004F6
FFFFF27E
000003B4
FFFFFA10
FFFFFEE8
FFFFFDDD
FFFFF95A
FFFFF968
FFFFFEA1
00000563
000005B9
00000468
FFFFFCD8
FFFFFAE7
FFFFFA9C
00000965
00000BC4
00000957
0000029D
0000021F
00001012
00000BBD
000001CE
000002DC
FFFFFF4F
FFFFF5B8
FFFFF1A2
000001A3
FFFFFBC7
FFFFFA10
FFFFF771
000001B1
FFFFF724
FFFFFCFA
FFFFFC1D
FFFFF85A
FFFFF4A5
FFFFFD95
FFFFF8F8
FFFFF3A9
FFFFFF8C
FFFFF59F
000005C9
FFFFFE6C
FFFFF24A
FFFFFAC8
FFFFF624
000004C8
000006FE
FFFFF714
000006B3
FFFFFF67
FFFFF883
FFFFF04C
00000678
FFFFFCA9
00000234
FFFFFC76
000005AF
000000ED
FFFFFCA1
FFFFFECE
FFFFF3FC
FFFFF706
00000025
FFFFFF77
00000592
FFFFFFC5
FFFFF757
000003FF
FFFFF8D1
FFFFFC3B
FFFFF1F2
FFFFF945
FFFFFE94
0000001E
000005E9
0000038F
FFFFFC6B
0000068F
FFFFF88D
00000175
000001AC
FFFFFEC1
000003C9
000008D9
000005D7
000004A7
0000028A
00000467
FFFFFC7A
0000061E
0000086C
0000090D
FFFFFB8E
00000790
00000BF8
FFFFFD00
FFFFF93A
0000052B
FFFFFB92
00000621
00000AC3
FFFFFC1D
00000B7D
000000E7
FFFFF790
FFFFF840
0000040F
000004A7
FFFFF46B
FFFFF7ED
FFFFFAC5
FFFFFDB1
FFFFFCBF
00000015
FFFFF625
FFFFFB72
000001E8
FFFFF820
00000456
0000086C
00000228
FFFFFF26
00000013
FFFFF7A9
000007C8
FFFFFCEA
FFFFFC9B
00000852
0000087F
FFFFFAD3
FFFFF6E8
00000137
000004FF
FFFFF2C6
00000126
000000FA
FFFFFEE1
0000003C
00000416
FFFFF6DA
0000076C
FFFFFF7F
000007AB
0000043F
00000387
000000B0
FFFFF85B
00000BD8
00000042
0000067F
000003DA
0000026B
00000138
FFFFF97E
0000080A
000006F1
00000C24
FFFFF187
000002AF
0000009A
00000194
FFFFF041
FFFFF56D
FFFFF840
FFFFF7E4
FFFFFDE0
FFFFF92C
FFFFFD3F
FFFFFD34
FFFFFA80
FFFFF988
FFFFFE75
0000000B
FFFFFB6D
000009C0
FFFFFEDB
0000006D
0000034E
FFFFFC58
0000080D
00000252
FFFFF70D
00000770
FFFFFF1D
FFFFF5E8
FFFFF8F3
000002DA
0000017F
FFFFFF38
FFFFF695
0000011D
FFFFF70B
FFFFFEE6
00000B00
0000014D
000006DF
FFFFFE0E
00000FBF
0000030F
FFFFFCCC
000005F1
00000FA3
FFFFE861
00000587
00000F5D
0000149D
FFFFEDBB
FFFFFB6F
00000C0C
00000B78
FFFFFB5C
FFFFFDB8
FFFFF934
FFFFF09F
00000505
FFFFF974
00000294
000007B0
000004EE
FFFFFF10
FFFFFCFC
00000022
00000130
FFFFFC60
00000669
FFFFFE23
0000089C
FFFFF758
FFFFFAF8
00000532
FFFFFD7F
FFFFF9D9
FFFFF8C5
FFFFFB74
FFFFFE12
FFFFF9D1
FFFFF94D
FFFFF195
FFFFFCEE
0000037C
00000362
000001CF
FFFFF7A6
0000152B
FFFFEC97
FFFFED4E
00000A20
00000198
000002A8
FFFFF576
FFFFFA69
FFFFF9DA
FFFFFFA9
FFFFF4DC
000006DA
00000208
0000009E
FFFFFFD1
00000C55
0000020D
00000987
00000B7F
FFFFF8C8
FFFFFE92
FFFFFDAB
00000B5C
000009AF
000006BE
0000084C
000010CE
0000050D
FFFFFCBA
0000092E
000000E3
00000246
00000612
000001C3
FFFFFD4F
0000064A
00000FAA
000004B4
000006AB
FFFFF55D
FFFFFE1A
000010CC
0000083A
00000400
000002D5
000006F8
00000573
00000106
0000103F
FFFFFB73
FFFFFCD8
000003AF
000002D2
FFFFFEF8
FFFFFFAC
00000870
FFFFF486
00000DF1
FFFFEFCF
FFFFF929
000004AB
000008DE
FFFFEC8A
FFFFFF00
FFFFFC21
FFFFFF9A
FFFFF0AF
00000A6A
0000011E
00000885
FFFFFD7D
FFFFF6DD
00000715
FFFFF7CB
FFFFF613
FFFFF75A
FFFFEF9A
00000097
0000099A
FFFFF16C
FFFFF876
FFFFF908
FFFFF777
FFFFFC29
FFFFFBCD
000000BA
0000034F
FFFFF19F
FFFFFB25
00001E36
000002C7
0000092C
00000889
00000296
FFFFFF44
00000C6B
000006E9
00000211
00000625
00000335
00000254
FFFFFDE2
00000559
FFFFFE00
FFFFFD38
0000090B
FFFFF807
FFFFF9D3
FFFFF9FE
FFFFF3E8
FFFFF364
FFFFFFAB
000006A1
FFFFFD81
FFFFF817
000003BC
000003B9
FFFFF915
FFFFFF7D
00000352
00000034
FFFFFB94
000002CB
000009DD
FFFFFF19
FFFFFBA6
FFFFFF55
00000017
000004E2
0000071B
FFFFFD37
00000BCE
000008CA
000003FC
0000078F
FFFFF2F8
00000822
00000E78
FFFFFCA2
FFFFFDAA
000003EF
00000FF4
00000CF0
000004D3
FFFFFB85
00000BCE
FFFFFCF6
0000064E
00000019
000008C9
000007F8
FFFFF51E
FFFFFCD8
00000056
000001AC
0000031A
00000F73
00000EAE
00000BE5
0000079F
FFFFFBDC
00000684
00000D33
0000057A
00000CD9
00000CCE
FFFFFD1C
00000A1B
FFFFF634
FFFFF6A8
00000D39
00001157
00000251
00000434
000006C2
00000E81
FFFFFAB4
00000CBC
FFFFFCB1
0000014A
0000005B
0000067A
00000975
FFFFFC6C
00000DFD
000001F0
0000063D
000001E0
000018E7
0000076B
00000824
FFFFFFD9
00000987
FFFFFC12
00000AD3
00000604
00000076
000011E0
FFFFFAB4
000001D3
FFFFF7B0
FFFFF556
FFFFFDD2
0000029C
FFFFFA03
000002A1
FFFFF6D9
FFFFF60F
FFFFF7D1
FFFFFB55
FFFFF52E
FFFFFCE5
00000B3F
FFFFF6DA
FFFFFB14
000000F1
000004D7
00000843
00000226
000007D7
00000240
00000AF7
000006FF
00000043
00000870
00000247
000012B5
000001F3
000003BB
FFFFFEF8
00000A4C
FFFFF75A
00000034
00000329
FFFFFDC7
0000070A
FFFFFF05
000002C8
00000997
00000CFB
00000598
FFFFFC5D
000003C3
00000008
FFFFF822
FFFFF4B3
00000586
FFFFEEAF
FFFFF143
000000E0
000001F0
00000949
FFFFF484
FFFFFC48
FFFFFA78
000001DF
00000224
FFFFF84C
FFFFF57A
00000709
FFFFF8ED
00000417
00000213
FFFFFB76
FFFFF505
FFFFF917
0000098F
0000043F
000005FF
00000717
FFFFFF93
000003C2
FFFFFE36
FFFFFB4C
FFFFF3E0
0000094A
FFFFFC22
FFFFFE6F
FFFFFCF8
FFFFF729
FFFFFD42
00000324
FFFFF3E5
000004DF
00000E12
0000031D
00000432
00001384
00000687
00000885
FFFFF902
FFFFFCE6
FFFFFF77
FFFFFE9A
FFFFF9A5
FFFFED24
000000F8
FFFFFCB8
FFFFF219
FFFFFA04
FFFFFC81
FFFFFDCE
000004BC
FFFFFDD7
00000DB6
FFFFF9E1
FFFFFFB6
FFFFFF97
FFFFFE1F
00000958
000006C8
0000028A
000014B2
000002D6
00000401
000003C3
000003A8
FFFFF864
0000099C
FFFFFD3D
0000011C
FFFFF798
FFFFFE96
FFFFFCAE
FFFFF30B
FFFFF229
FFFFF660
FFFFF59E
00000417
FFFFFC3D
FFFFF4BC
00000567
00000C57
0000008D
FFFFF367
0000084F
000001E9
0000049A
000011B8
FFFFFB26
00000A14
00000A77
FFFFEF98
FFFFF8A7
00001006
000002B0
00000085
00000276
FFFFFAB1
FFFFFBA2
00001511
000010AF
FFFFFF97
000008B0
000000A7
00000903
FFFFF4F7
00000155
00000009
FFFFFA9D
FFFFF9F9
FFFFF444
FFFFF701
0000012D
FFFFF82E
FFFFFE1D
00000BDC
FFFFF8C5
FFFFF107
FFFFF54D
FFFFF808
FFFFFA8C
FFFFF4CC
FFFFF7CC
FFFFF1D7
FFFFF7C1
000000ED
FFFFF324
FFFFF38D
000008E1
FFFFF5D8
000002ED
000003D8
00000A4C
000000B1
00000DB1
00000B53
FFFFFB72
00000307
00000A43
000004E5
FFFFFE02
00000C65
00001152
0000034F
00000D30
0000078E
000007B7
000012E9
00000D3C
00000361
FFFFF4B5
00000E5B
FFFFFF4D
FFFFE9E7
000004BF
000002C4
FFFFFF48
FFFFF0B6
000002E2
FFFFFE83
000004A6
00000306
0000016F
000001D1
FFFFFD94
FFFFFD83
FFFFFBB6
000003C7
00000D79
000008A6
00000237
00000169
00000681
00000450
FFFFF342
0000035C
FFFFFB35
00000418
FFFFF650
00000D80
FFFFFC74
000002CB
00000AF4
00000FA2
00000A4D
00000107
000003C8
0000075B
FFFFF844
FFFFFF71
FFFFF7CB
00000380
FFFFF482
FFFFFDAC
00000350
FFFFF875
FFFFFE7F
0000054F
FFFFF4A6
00000273
FFFFF7F0
000000FC
0000087A
FFFFFE22
FFFFFCC7
00000AE6
FFFFFE92
FFFFF71A
000014A9
FFFFF666
FFFFF5D4
FFFFF956
FFFFF91A
FFFFFD3F
FFFFF8F3
00000270
FFFFF240
000001B1
FFFFFD3C
FFFFFDE2
00000494
FFFFFF99
000009C5
00000698
FFFFFD17
0000090B
FFFFFB42
FFFFFB08
FFFFF905
00000529
00001031
00000F66
FFFFFD37
FFFFF61A
00000660
000007F5
FFFFFD12
0000055E
FFFFFBBE
FFFFF870
000006D1
0000034C
000005EC
FFFFF8BA
FFFFFFD3
00000147
000007E1
FFFFF65F
FFFFFD08
0000043A
00000DF8
FFFFFDC9
000006B8
000008B6
00000B31
000007EF
FFFFFE70
00000A58
FFFFF5DB
000002AC
0000112D
FFFFFFC3
00000600
00000399
000003C5
00000861
00000CE8
00000459
FFFFF30C
00000095
00000A6C
000007DB
00000DB4
FFFFF8EF
FFFFF279
FFFFFE0C
FFFFFDD3
00000F26
FFFFFF85
00000920
00000A8C
00000860
00000BF4
FFFFFA6B
FFFFF47D
00001036
FFFFFBCE
00000E1C
FFFFFAE0
FFFFF06B
000000C1
000006FB
00000E4E
FFFFF718
FFFFEE71
FFFFFB7B
FFFFFA0F
000004B9
00000751
FFFFFA26
FFFFEFAA
00000A30
00000E74
FFFFFDDC
00000325
000002F3
FFFFF604
FFFFFA7F
00000F02
00000159
0000045A
00000928
FFFFFBAC
FFFFFBAE
000007D6
000009F9
FFFFF906
000011A9
00000282
FFFFFE5F
0000010E
FFFFF28B
000004F4
FFFFFDC1
00000F43
FFFFF3B0
000001C0
00001012
00000926
000009B1
FFFFF884
00000596
000013B0
00000046
00000E01
FFFFFC1B
00000360
00000829
FFFFFA79
FFFFFD5D
0000015A
FFFFFAEA
00000662
00000309
00000238
FFFFFA84
00000B87
FFFFFB81
FFFFF2AC
FFFFF99B
FFFFFE57
FFFFF7D0
FFFFFAD4
000003F5
FFFFEFFE
000005DC
FFFFF7E8
FFFFFCAC
000005A7
000006B1
00000C21
000003FD
0000096E
00000AE5
00000731
FFFFFE1A
FFFFF189
FFFFFAE4
FFFFFD43
FFFFFD7F
0000034B
FFFFFC9C
FFFFFE19
FFFFF7F5
FFFFF804
FFFFF1F8
FFFFF581
FFFFF90F
00000B88
00000740
FFFFF7FF
00000433
FFFFFDBA
FFFFF8C6
000004E5
FFFFFD18
000003BC
FFFFF783
FFFFFA16
00000DCB
000006A4
00000825
FFFFF6D7
FFFFF780
FFFFECB6
FFFFF1A6
FFFFF864
00000642
FFFFF942
00000424
FFFFF6EF
00000AEA
FFFFF51B
FFFFEE93
000011E6
FFFFFF89
0000047E
000011DA
FFFFF602
00000289
FFFFF4BA
FFFFFA4D
00000AC7
0000040B
0000063B
0000063D
00000277
FFFFFB41
00000164
FFFFF925
00000A07
FFFFFC90
FFFFFE39
FFFFFBC5
FFFFF53B
00000417
FFFFFC8F
FFFFEFCC
0000028B
FFFFF7A8
FFFFF97F
FFFFFD9A
FFFFFB76
000007E0
000002BD
000008B0
FFFFF54F
00000C1E
00000D3D
FFFFF521
00000063
000000D7
0000066F
000000F0
FFFFFD04
FFFFF663
FFFFF90C
FFFFFA1A
00000913
00000401
000001F6
FFFFF680
00000B55
000000D4
00000EFF
FFFFEBC9
FFFFE6A3
FFFFF376
FFFFEBF8
00000348
FFFFF75E
FFFFE9A2
FFFFFA8E
FFFFF4C1
FFFFFDBE
FFFFF1CD
FFFFF19F
00000221
00000514
FFFFF05C
FFFFEED2
FFFFFF30
FFFFF9D4
FFFFF53E
FFFFF276
000003E5
FFFFF678
FFFFFA04
00001042
00000F06
000000B6
FFFFF2CD
FFFFF930
FFFFF258
FFFFEA85
FFFFF3A7
FFFFF90B
FFFFF223
000002B3
FFFFF160
FFFFEE1B
FFFFF9B6
00000013
FFFFF657
FFFFFC93
FFFFED76
FFFFFDAA
000007BB
FFFFF53C
FFFFEE28
0000031F
000002FC
FFFFF0CB
000009A2
FFFFFA5A
00000099
000000E2
FFFFF91F
00000144
FFFFFC87
FFFFF7C3
FFFFF865
FFFFF592
FFFFF882
FFFFED02
FFFFF37E
FFFFFEFB
FFFFF189
000004CF
00000714
FFFFF4D9
FFFFFDAF
00000311
000008A7
FFFFFE99
FFFFF57E
FFFFFBAA
000000F2
000003EE
000008E1
FFFFFF24
000004F3
FFFFFD70
FFFFFC67
FFFFFE11
FFFFF9BB
FFFFF7A1
FFFFFA46
FFFFFC3B
FFFFFE28
FFFFF48B
000008C5
000008DE
FFFFFAAE
00000C03
FFFFE92A
FFFFF90C
FFFFE740
FFFFFCF6
FFFFF782
FFFFFA42
FFFFEE89
FFFFF4A0
FFFFFB73
FFFFF953
FFFFF82D
FFFFFD34
000002EA
FFFFFDF4
FFFFF9AC
0000078D
00000556
FFFFF091
FFFFF34D
0000027F
000001CF
00000FB6
FFFFF717
000007FE
000014A4
00000F2B
000001DA
000002DD
FFFFF51A
FFFFF2EA
00000C05
000009EE
FFFFFA66
00000F55
FFFFF70F
000005EB
FFFFF24C
FFFFF0A2
000003AF
FFFFFFCF
00000A98
0000070B
00000948
00000D37
FFFFF7CE
0000072A
FFFFF798
FFFFF8FC
FFFFF1B0
FFFFF224
0000038D
00000336
000002C2
00000F60
00000061
FFFFF976
FFFFF4E8
FFFFF481
FFFFFEBE
000004BB
FFFFFCC9
FFFFFC55
FFFFF7E6
FFFFF8A1
FFFFF0EB
0000077C
FFFFF49D
FFFFEC7D
000006D0
0000092E
FFFFFDFF
000000DE
0000036B
00000602
FFFFF5B7
FFFFFC2C
00000F08
FFFFFD75
00000E41
00000D0A
FFFFF0D8
000003B9
000005D1
000003E8
FFFFF6EC
0000078A
FFFFFF64
FFFFFEF0
00001121
00000626
FFFFF377
FFFFF362
FFFFF495
00000831
FFFFFF75
00000148
FFFFF805
00000B84
FFFFF932
000002E5
0000030C
FFFFFD24
000010F7
FFFFFC55
0000006E
00000437
00000433
00000211
00000EE1
FFFFFE58
000006E3
000000A1
FFFFF914
FFFFFC50
00000BB2
0000069D
00000193
00000228
FFFFF25D
FFFFFB4D
00000688
00000669
FFFFF84F
FFFFEDE4
0000021F
FFFFFC56
FFFFFB28
00000BF6
00000189
FFFFFF51
FFFFF146
00000558
FFFFFBF1
0000043C
FFFFEAF6
000003E2
FFFFFA83
FFFFFC0B
000009A9
000001D7
00000475
00000BB6
0000171C
FFFFFF0A
FFFFFC1F
00000200
FFFFF9C6
00000794
00000554
FFFFFDF9
00000B41
00000734
00000381
00000633
FFFFFF8B
FFFFFCFB
FFFFFC2C
00000BB0
00000FD1
000001B6
00000F80
FFFFFCFC
FFFFFA9B
FFFFF063
FFFFEC2F
FFFFFC22
000004FA
FFFFF323
FFFFF3AB
FFFFFA56
FFFFF63E
000007E2
000001EC
FFFFF543
FFFFF665
FFFFFC41
FFFFF7A6
00000359
FFFFFA0A
FFFFFE21
FFFFF880
000004E4
00000529
000006E7
FFFFFDD5
0000039C
FFFFFEFE
0000014F
FFFFFD10
000000AE
00000469
00000085
FFFFF639
FFFFF47C
0000014C
00000C04
00000881
00000994
FFFFFDA3
FFFFFBE0
FFFFF826
000000E7
FFFFFE75
000003F4
00000673
0000195D
FFFFFDD1
00000319
FFFFF175
FFFFEDC3
0000066A
FFFFF294
FFFFF0AB
FFFFFBFC
FFFFF8AD
00000C02
FFFFF8AC
FFFFFD6F
FFFFF3B9
0000071E
FFFFFC02
0000007E
FFFFFA96
FFFFFFD9
00000C3E
FFFFFA47
FFFFF5CB
000002FB
0000063C
00000092
FFFFFC6B
000011A7
00000426
FFFFF7A3
00000BE9
FFFFF1D6
000002CE
00000FC5
FFFFFDC5
FFFFFA27
00001456
000014F6
FFFFFAF1
00000853
00000C89
FFFFFF97
000011B5
00000DC6
00000815
00001282
00000AB8
00000C6C
000007FD
FFFFEE86
FFFFF2BC
FFFFFFF1
FFFFFF18
00000107
0000025E
FFFFF7C6
FFFFF6B0
FFFFFD58
0000028D
FFFFFAF4
000000B3
0000046A
000009BD
00000B4D
00000A10
FFFFFF62
00000467
00000063
FFFFED77
FFFFFFB1
FFFFF39E
0000081E
00001024
00000F06
00000376
0000003B
FFFFFCB8
FFFFF978
00000DFE
FFFFFAEF
FFFFFD05
00000278
000007D6
0000088F
0000018B
0000057C
FFFFFE1D
FFFFF4B7
FFFFFD85
00000536
FFFFFEA4
0000000C
00000607
000004B7
FFFFFFBE
00000477
000003D2
FFFFFD6C
FFFFFB86
FFFFFC8F
0000002E
00000399
FFFFFFFF
FFFFFDAA
FFFFFF0F
FFFFFDA5
00000272
000002C9
FFFFFCFD
FFFFFA96
FFFFFEDB
000004F3
0000099B
FFFFFF9E
000006E3
FFFFF84C
000002A1
00000265
FFFFFFF8
FFFFFCBE
FFFFFE6D
00000212
FFFFFBAC
00000121
00000566
FFFFFED7
0000016C
000005E0
00000218
00000489
FFFFFDE0
000000D6
000008E4
00000093
FFFFFF01
00000578
000004D2
FFFFFFA8
FFFFFEA9
00000057
FFFFFDF1
FFFFFDF2
FFFFFBD6
FFFFFF6E
00000207
FFFFFDB5
00000432
FFFFFF64
00000368
00000284
FFFFFEDE
000002F8
000002E0
FFFFFED8
FFFFFE7C
FFFFFE7A
00000AF0
00000458
00000121
00000472
FFFFFDFA
000002CA
00000015
0000038D
00000919
0000010D
0000034D
FFFFFB36
000005C3
000000A1
000002FF
FFFFFFAA
FFFFFFD1
0000052D
00000742
000007E6
FFFFFEC8
00000545
FFFFFD22
000005B3
000002FA
000001CF
00000415
00000607
0000073D
000005DF
0000000C
00000598
0000028A
0000019B
00000509
FFFFFE17
000003A6
FFFFFEDF
00000075
FFFFFF5C
FFFFFCF6
0000069E
00000219
FFFFFEDA
000002F1
FFFFF6C4
FFFFF86D
FFFFFE9F
FFFFFA0C
FFFFF734
FFFFF695
FFFFF7A1
FFFFFD2D
FFFFF911
00000580
000006D9
0000040D
000001B8
00000483
0000037F
FFFFFDE0
0000015B
FFFFFF5E
FFFFFD5D
0000028C
00000143
FFFFFF0B
000005E0
FFFFFE98
FFFFFE9B
0000084F
FFFFFC40
FFFFFD02
00000066
00000882
000002BA
0000002B
FFFFFFBD
00000087
FFFFFAC5
000001DB
FFFFFC0E
00000459
FFFFF964
FFFFF994
FFFFFD3A
FFFFFAF9
00000242
FFFFF911
00000126
FFFFFA9B
FFFFFF96
000002D6
00000779
FFFFFF64
FFFFFFB2
000001AA
FFFFFC76
00000373
FFFFFE68
0000032C
0000031A
FFFFFC75
000001F7
000003F2
FFFFFE29
000000C8
000000FB
000005AF
000006E6
000007F0
000000DE
000005FB
0000075C
000008ED
FFFFFE12
00000952
00000320
0000002F
FFFFFB91
000004B7
000002F4
00000754
FFFFFCEF
000003CF
000005AE
0000044B
000001FB
00000445
FFFFFBA2
FFFFFDB5
FFFFFD90
000003F1
00000108
00000339
FFFFFE98
00000137
00000502
FFFFFBC9
FFFFFCED
000005A6
00000332
00000522
FFFFFB37
0000061B
000001F4
00000169
FFFFFEE8
00000374
FFFFF9F1
FFFFF8B5
FFFFFDA7
0000012C
0000025F
000007ED
FFFFFF69
00000761
000003CC
FFFFFCB4
FFFFFDAC
0000040F
00000704
00000172
FFFFF73E
00000153
FFFFFE49
FFFFFCAF
FFFFFDD6
FFFFF94B
FFFFFC47
FFFFFB8C
000001D7
FFFFFDDD
00000309
FFFFFBED
FFFFFB4C
0000068B
0000056D
000000DB
FFFFFE4C
00000042
0000010D
000007F3
FFFFFDDF
00000802
00000298
00000173
000002A7
FFFFFFB3
00000453
000002CD
000000DC
0000024A
FFFFFB88
FFFFFE90
00000470
FFFFFE24
0000015E
00000234
FFFFFDE9
00000023
FFFFFFAE
FFFFFE03
FFFFFAE1
FFFFFC3E
FFFFFE70
00000325
000001C7
000000B4
FFFFFC67
FFFFFEF2
FFFFFFF4
FFFFFE6F
000007F5
00000091
FFFFFC9A
000002C0
0000032F
FFFFFF98
00000031
000000A4
FFFFFA7E
FFFFFA72
FFFFFAC6
0000021D
0000051F
00000535
FFFFFF19
FFFFFFC1
00000336
00000200
0000012F
FFFFFE04
0000030C
00000389
000003F8
000003B2
00000088
FFFFFD50
00000542
00000366
FFFFFA88
FFFFFEFF
FFFFFFEE
000003AE
00000652
0000042F
00000000
FFFFF795
0000053D
FFFFFDFE
000004C2
FFFFFE39
FFFFFC91
FFFFFF4F
000002E8
0000017C
00000006
000004B8
000003BC
FFFFFC49
FFFFF8F1
FFFFFF74
000004BF
FFFFF9E5
00000017
FFFFFC21
FFFFF977
FFFFFEC4
0000035D
00000131
FFFFFC55
FFFFFF42
FFFFFDD0
0000010D
FFFFFE2C
0000012D
FFFFFE57
FFFFFCE3
000000B4
FFFFFD08
00000357
00000440
000002A6
FFFFFE70
000006F5
0000036D
FFFFFE7D
FFFFFE09
FFFFFC62
FFFFFCD7
00000178
000005DA
00000347
FFFFFD2C
FFFFFEE9
0000054A
FFFFFDF1
FFFFFE77
0000035A
000001CD
00000133
FFFFFCD1
0000007C
000004C7
00000001
000006F9
00000191
00000626
000003AD
0000012F
FFFFFC63
0000072E
000004CA
00000413
0000021A
0000015F
000002F7
000005AC
0000055E
00000046
00000562
FFFFFF91
0000046F
00000039
FFFFF6E0
000000F7
000000C5
0000004E
000000AA
FFFFF853
FFFFFF4E
0000006C
FFFFFE4D
000003C0
0000087C
0000071D
FFFFFE81
0000016A
FFFFFCBF
FFFFFE7F
FFFFFE45
0000004E
0000008E
00000127
000002DF
0000071B
FFFFFFB2
FFFFFB3F
00000399
000006A3
00000138
FFFFFEF8
FFFFFD99
FFFFFFEC
FFFFFFB3
000006F8
000001DF
FFFFFC4F
00000503
FFFFFB84
FFFFFD5A
FFFFFFAA
000002A2
00000547
FFFFFFA0
000000B3
000000E0
000000F7
FFFFFD9A
FFFFFD02
000001D3
00000454
FFFFFF6D
FFFFFD25
FFFFFFD1
FFFFFA96
FFFFFF83
00000767
0000059F
00000494
000005CC
FFFFFF95
000000F5
00000080
FFFFFFEC
00000202
FFFFFCC2
FFFFF8E5
FFFFFD6D
FFFFFD01
FFFFFE71
FFFFF994
FFFFFC3E
FFFFF8BA
FFFFFC1C
000004FA
000000C0
0000062C
FFFFFBDC
FFFFFE99
0000044A
00000416
000003C0
00000757
0000060A
000000D0
00000011
000004C0
FFFFFED1
00000749
000001CC
00000720
00000553
FFFFFF19
FFFFFEB3
FFFFFD3D
00000259
FFFFFC79
0000039E
FFFFFE68
FFFFFE1E
FFFFFEA0
000006A3
000002DE
FFFFF7F8
00000341
00000046
FFFFFC3B
000003A0
00000288
FFFFFF18
000001A4
0000050F
00000144
FFFFFF15
00000316
000003A7
FFFFFF6A
0000021E
FFFFFDFB
FFFFFDE6
00000744
00000B78
FFFFFFC7
FFFFFBC7
000009B4
FFFFFBD4
0000043C
00000772
000005E8
FFFFFC83
000004C0
FFFFFBE0
FFFFFA22
FFFFFD29
FFFFF870
FFFFFF44
00000425
FFFFFF74
000000C5
00000282
0000029B
FFFFFFB6
FFFFFFDE
FFFFFFFD
FFFFFD1F
FFFFFD24
FFFFFD33
FFFFFE53
FFFFFFA0
FFFFFF29
00000305
FFFFFF84
FFFFFD9C
00000730
000006CD
FFFFFD55
FFFFFFCC
FFFFFF2A
FFFFFB77
FFFFFE8A
00000276
000001B9
00000285
00000489
00000851
00000543
0000018D
0000065A
FFFFFDC6
FFFFFD32
000008D3
00000335
FFFFFB20
000006A0
000003B5
0000001F
00000626
00000014
FFFFFFD2
0000043E
00000157
000004D5
000001C0
000003C2
0000027C
0000016F
0000032D
00000261
0000054E
00000494
FFFFFC38
FFFFFB84
0000027B
00000CA6
FFFFF67E
FFFFF09F
FFFFF38D
FFFFFFDC
00000543
FFFFF8D0
FFFFF23E
FFFFEFD4
FFFFF5C7
FFFFFFA6
FFFFFDAB
FFFFF234
FFFFF773
FFFFF2BD
FFFFF9F9
00000275
FFFFFE09
0000062C
0000081D
FFFFF880
00000258
FFFFF88B
000007F8
FFFFF58C
FFFFF0A1
FFFFFBE6
000007F0
FFFFFB3E
FFFFFC2E
00000940
0000033A
00000D0A
FFFFFEC3
FFFFF91D
000008D8
FFFFFE3D
FFFFF99D
000002B5
FFFFF640
FFFFF4AB
FFFFF88C
0000089E
FFFFFF7E
FFFFF44E
FFFFF87D
000006E6
FFFFFEE4
000000BD
FFFFF290
FFFFF8D0
000009A1
00000720
00000356
FFFFF434
000003AE
00000084
FFFFFF85
00000177
0000081E
00000064
FFFFF609
000004B0
FFFFFCDB
00000827
FFFFF772
FFFFFC08
000000A5
000001F1
FFFFFFCA
FFFFFB93
FFFFF211
FFFFF2CB
FFFFF843
FFFFFD5B
FFFFFB7D
000003EF
FFFFFF36
FFFFFAE8
FFFFF9A4
FFFFFF06
00000732
FFFFF528
FFFFF5F3
FFFFFBA8
000006BF
FFFFF959
FFFFFF96
000004EB
FFFFF5E8
FFFFF60B
FFFFF6BF
0000080B
00000A37
000004A1
FFFFF8E5
FFFFF70E
FFFFFA39
FFFFF458
FFFFFA83
FFFFFBD7
000001BF
FFFFFD60
00000967
000007F6
00000545
FFFFF4A3
FFFFF923
00000587
00000368
000000F2
000002C8
FFFFF815
FFFFFF49
FFFFF4E5
0000008B
000009B5
00000E95
FFFFFF54
000008A6
000008FA
FFFFFBA3
00000AFD
0000078C
FFFFF6AA
FFFFFC2E
FFFFFD45
FFFFFA33
FFFFF712
FFFFFA1F
000009EC
00000A20
000000EA
000004B3
000007A5
00000ADB
FFFFFF87
FFFFF970
FFFFF93B
000002A4
FFFFFA0C
FFFFFCF2
000004B0
000001DA
0000078D
FFFFF714
000009AD
FFFFFC31
FFFFFC69
FFFFFF8D
FFFFFCB1
FFFFFAEF
000001B4
00000408
FFFFF954
FFFFF1BB
FFFFFAC5
FFFFFE5E
00000759
0000026B
FFFFFC3E
FFFFFC2E
000006E5
00000289
00000358
0000055D
000001BA
00000199
0000040A
FFFFFF40
FFFFFFF0
0000040E
FFFFFB80
0000045D
FFFFFEC2
FFFFF1A9
000001C3
000001C7
00000AA6
000006B2
FFFFF297
000003E4
00000420
FFFFFA61
FFFFF36A
0000008C
00000202
FFFFF7F4
00000608
00000360
00000252
FFFFFD58
0000080B
000000A6
FFFFF582
FFFFF98E
00000126
FFFFFF8D
00000AB7
FFFFF37E
FFFFF3C8
FFFFFDEC
FFFFFC24
000005CF
000001E0
0000033C
FFFFFCCA
FFFFFB47
000005E7
0000128B
FFFFF7A7
FFFFFBAD
00000B2A
000002DF
FFFFFF5E
FFFFFCC5
FFFFFF64
FFFFF5D2
FFFFF8C3
FFFFF541
00000292
0000035C
00000229
FFFFF8C3
FFFFF9A1
FFFFFA2A
00000469
0000024E
FFFFFCA4
FFFFFD3E
000008B5
FFFFFE09
FFFFF72E
000002F4
FFFFF87F
FFFFED26
FFFFFE23
FFFFFD91
00000619
FFFFEEB9
000008E4
00000A1D
FFFFF64C
000005E5
FFFFFF32
00000685
00000246
00000788
000005D3
000009A7
0000067F
00000946
FFFFFDB4
000001E6
FFFFFE0D
000001AD
000000D4
FFFFFD99
FFFFFC10
0000004D
0000060E
00000D28
FFFFF9AC
000002EE
000007CD
FFFFF888
000000C6
000006EF
FFFFFC5B
FFFFFE24
FFFFFB8C
FFFFF9A9
FFFFF505
000009CD
FFFFFAC4
FFFFFE56
00000010
00000412
00000743
000006A3
000005C6
FFFFFF6D
0000014C
FFFFF698
00000066
0000062C
000003CD
00000079
0000081C
FFFFFECF
FFFFF5B2
0000026D
FFFFF92B
0000044F
FFFFFF8F
FFFFF439
FFFFF5CA
FFFFEFD3
00000283
FFFFFCDA
000005DD
FFFFF627
0000047A
00000BAA
FFFFFDC8
FFFFFF8C
0000035C
FFFFF382
000000ED
FFFFFB1E
FFFFF9B9
00000B13
FFFFF826
0000034A
00000097
00000033
FFFFF1D7
FFFFFA5C
000003E5
FFFFF3D4
FFFFFC56
00000529
000006BE
0000056D
00000B4B
00000415
FFFFF7E1
00000661
FFFFF6CA
FFFFF7CC
0000073C
00000324
FFFFF966
00000CE7
FFFFFB9D
FFFFFED4
FFFFFF2E
FFFFF52A
00000576
FFFFFCD3
000002AF
0000005C
FFFFF785
FFFFFDB2
000004AD
FFFFF879
FFFFF80C
000000E9
000000A1
FFFFF86F
FFFFFF3F
000001FD
00000179
00000409
00000660
FFFFFA5A
FFFFFEB3
FFFFFD47
FFFFFE3A
FFFFEDC0
FFFFFB57
0000001C
FFFFFE69
FFFFFC28
FFFFFE7E
00000651
00000AC4
FFFFFF45
FFFFFF91
FFFFFB75
FFFFFF94
0000076A
00000285
FFFFF755
000001CE
00000857
FFFFF88F
000004C8
FFFFF944
0000084D
000008FC
000004F7
FFFFFC74
0000000A
000007D4
00000714
00000C16
00000A03
000002C4
FFFFFA52
00000612
FFFFFA52
00000DF8
FFFFFD7A
0000083C
FFFFFD70
00000143
FFFFFE5D
FFFFF7BE
FFFFFC1F
0000077C
0000042C
0000051D
000005E6
FFFFF9D5
00000242
FFFFFBB9
00000572
FFFFFB16
FFFFFFF4
0000053C
0000058F
00000215
000005D2
FFFFF871
FFFFFB42
00000BCC
00000151
FFFFF401
000001AE
FFFFFE60
FFFFF9CE
0000079D
0000028E
FFFFF697
000005F9
0000023C
FFFFFD78
FFFFFBEA
000009EC
FFFFFDF4
00000ADE
00000D6A
FFFFFF6B
000000E6
FFFFFAD7
FFFFFCC8
FFFFF6A0
FFFFF48C
00000270
0000080F
00000B6C
FFFFF388
FFFFFD8B
0000028F
0000048E
FFFFF7DA
0000091C
000000F8
FFFFFD91
00000968
FFFFFF34
00000971
00000D2C
FFFFFCD8
00000A77
FFFFFE6A
000007FD
00000CA8
00000409
FFFFF757
00000DD2
000012BF
FFFFFA19
FFFFF90B
FFFFFB47
FFFFFE2B
FFFFEF8F
000001C5
FFFFFDFE
FFFFFFB3
FFFFFE5B
FFFFFD67
FFFFFE22
000002DF
FFFFFBFC
FFFFF66C
FFFFFC81
00000E75
0000043C
00000F64
FFFFFDB8
FFFFFCD3
FFFFFC63
FFFFF0FC
00000253
FFFFF193
FFFFFCDD
000005AB
FFFFFC52
FFFFFB94
FFFFF2EE
FFFFF6BF
FFFFF7B7
00000990
000002D2
FFFFFD4C
0000022C
FFFFF708
00000186
FFFFF44F
00000CC8
000002A9
00000390
0000001C
0000068B
000002C5
00000843
FFFFF7FD
FFFFF243
000006B5
FFFFFA23
000001E1
FFFFFAE6
FFFFFA51
0000092B
FFFFFDE6
00000101
FFFFFC9A
00000CB8
FFFFFC54
00000455
0000020D
00000684
0000018F
FFFFFCA0
FFFFFADE
FFFFFD76
00000214
00000EDF
FFFFF992
00000729
00000B0E
00000A00
0000026A
0000029E
0000026E
00000981
FFFFFDB2
000002F6
FFFFFABA
FFFFFF4B
FFFFFED3
00000803
FFFFF422
FFFFFB51
00000447
00000319
00000842
0000080F
FFFFF7F5
FFFFF824
000006B7
FFFFFCAA
FFFFFE04
FFFFF8CF
00000124
FFFFFFD5
FFFFEE2D
FFFFF478
FFFFFCBA
000009D4
000005B7
FFFFFD7F
FFFFF91E
0000020E
00000246
0000004B
FFFFF6F6
0000016B
FFFFFD20
FFFFFF28
FFFFFEF9
FFFFFCF9
FFFFFA31
00000064
FFFFF80E
00000130
000003F9
FFFFFCE8
0000045E
0000070D
00000AB8
0000074A
00000970
FFFFFF98
0000044C
00000909
FFFFFAAE
00000481
FFFFFCF6
000005E7
FFFFF857
FFFFF9AE
FFFFFBB8
000001C1
FFFFF843
FFFFF833
FFFFF4C2
000003C9
FFFFFFF9
000000BD
000002F9
FFFFF729
FFFFF7C6
FFFFFD35
FFFFFAAA
FFFFF6EC
00000557
FFFFFC5F
FFFFFD3F
FFFFF783
FFFFFC79
FFFFFB79
000002CD
00000500
0000091D
0000064C
000008D7
FFFFFABE
FFFFFE37
000007F5
000000CC
0000096A
000002D4
FFFFFFAB
00000BB3
000006B3
000005B9
FFFFFD04
00000631
000000E0
FFFFF462
FFFFFE8D
FFFFFEB3
FFFFFE78
FFFFFE89
FFFFF8A8
FFFFF7E4
FFFFFB27
00000327
FFFFFE44
FFFFFF97
000003A1
FFFFFCFA
00000600
0000046F
00000228
FFFFFF0D
FFFFFCC0
FFFFFA6A
00000208
FFFFFE9D
0000031E
0000071A
0000057E
FFFFFFF0
FFFFFA63
00000247
000008D8
0000032C
FFFFFE6B
FFFFFFC6
FFFFFD69
000002BC
FFFFFC74
0000057F
FFFFFCA1
000003BF
000009CD
FFFFFA27
000001AD
00000462
FFFFFD23
FFFFFAAF
000009FF
0000007D
0000099F
00000435
000005EA
FFFFFF52
000004AC
FFFFFC70
FFFFFFC2
00000161
00000166
FFFFFE32
FFFFFAD4
000002D2
000001A6
00000893
FFFFF874
FFFFFA94
FFFFF5A3
FFFFF573
FFFFF647
00000158
FFFFF916
FFFFFEDE
FFFFF37A
00000515
00000049
FFFFFEED
000000E5
FFFFF9CD
FFFFF9C6
00000199
FFFFF8FD
00000506
FFFFF202
FFFFF369
FFFFF924
FFFFF838
FFFFFADA
000002D6
FFFFFA42
FFFFFBAE
00000068
FFFFFF90
FFFFF8B9
0000022C
FFFFFCD5
FFFFF512
00000022
FFFFF74A
FFFFFEF2
FFFFFA41
000004E8
FFFFFA96
00000397
FFFFFF77
FFFFFE2C
00000547
000006D3
000005CF
FFFFFB43
FFFFF51B
0000032F
FFFFFD92
FFFFFC3E
FFFFF62E
00000483
FFFFFA47
FFFFFA23
000005AE
FFFFF375
FFFFF582
FFFFF899
FFFFF3CC
FFFFF48F
000004DA
FFFFFE78
FFFFFE81
00000046
FFFFF35A
FFFFF92B
FFFFFDA0
00000105
FFFFFD1C
FFFFFE7C
FFFFF89D
FFFFFD12
FFFFFAE2
FFFFFCFB
FFFFF4AD
00000027
FFFFFABF
000004BE
FFFFFF72
000008A6
FFFFFB4C
00000191
00000796
FFFFF680
FFFFFA41
FFFFFA4A
0000010D
00000121
000002C2
000006EC
FFFFFB82
FFFFFE60
0000028E
000005C5
FFFFFF8D
000002BC
FFFFFF42
FFFFFBFA
00000038
00000104
FFFFF7D1
0000068C
FFFFFB64
FFFFFD0D
000004E4
00000B30
00000426
FFFFFD58
FFFFFC74
000005DB
FFFFFBE6
00000027
FFFFFEBC
FFFFFE06
00000403
FFFFF9A6
00000627
0000012B
00000783
FFFFF7B8
FFFFFB3B
00000905
0000024B
FFFFFA40
000000B8
000008FC
00000007
0000042B
FFFFFB4F
FFFFFB51
FFFFF7EA
FFFFFE47
FFFFFD00
00000260
00000477
0000081F
FFFFFA04
00000104
00000049
000003E2
FFFFF928
000006A7
0000064C
00000714
FFFFFAA4
FFFFFE30
FFFFFEA1
FFFFFDF4
FFFFF53B
FFFFF62F
FFFFF4E6
FFFFF916
FFFFFD1A
FFFFFA9F
00000135
0000066C
FFFFFC5A
000005C6
000001E7
FFFFF645
000005CF
FFFFFE63
00000616
000002AE
0000001F
00000975
00000146
000007F1
FFFFFCB2
FFFFFA1E
00000586
FFFFF7B1
FFFFF695
FFFFF8C6
FFFFF80C
0000080C
FFFFFFBB
FFFFFFEC
FFFFF4F9
00000277
000004E7
000001F0
FFFFF73D
00000914
FFFFFA15
FFFFFBC6
000000B3
0000018C
FFFFFFBE
FFFFF888
FFFFF733
FFFFFDB4
FFFFFC69
000000B2
FFFFFF91
FFFFFD9E
FFFFF2D5
FFFFFDDB
FFFFFEE4
FFFFFFD6
00000181
FFFFFCE0
00000256
FFFFFDE9
FFFFF8A2
000004F4
FFFFFB7A
FFFFFE30
000005CA
FFFFFE68
000000B7
00000038
000007DA
0000027B
0000015C
FFFFFC5A
FFFFFBBC
FFFFF9E9
FFFFFABF
FFFFF7F9
FFFFFC5D
000003BB
FFFFF6E6
FFFFF913
FFFFFCEF
00000100
00000577
00000858
00000C08
00000137
FFFFFA4B
FFFFFBA4
000004BA
000008C4
0000054B
00000662
000004AA
FFFFF96B
000002DB
FFFFF6FF
000002BF
0000057B
FFFFF9AD
000004D0
FFFFFCC7
FFFFFE91
000007BB
000005AF
FFFFF968
0000006E
FFFFF9A1
FFFFFADF
FFFFFB31
FFFFFC27
FFFFFF11
FFFFFE4F
FFFFFF1C
000003B7
000002C9
0000017F
00000496
000006D8
FFFFFBFA
FFFFFE4C
000000DC
FFFFF443
FFFFF677
FFFFF7F2
FFFFFFC1
00000215
FFFFFB7B
FFFFFBB6
000003D1
0000028F
FFFFF967
FFFFFA71
0000051E
FFFFFB64
000005C1
0000017C
00000793
000006AF
00000198
FFFFFC97
000004E6
0000074D
FFFFFF9F
000004B6
FFFFF968
00000031
000009D6
0000000C
FFFFF00C
FFFFFAE1
FFFFF688
000003DD
00000330
000002D1
FFFFF6BA
00000327
000002C5
FFFFF3BC
FFFFFA58
FFFFFA64
0000015E
FFFFF49F
FFFFFB80
FFFFF4FB
FFFFF652
0000039D
000003C7
FFFFF3FE
FFFFF4A7
00000056
FFFFFD58
FFFFFCEB
FFFFF588
FFFFF3F1
FFFFF4F6
FFFFF88C
FFFFFE0F
FFFFF8D4
FFFFFA51
FFFFFEDE
FFFFFC23
FFFFFEB0
00000000
00000574
00000537
00000151
FFFFFF32
00000267
0000019C
FFFFFBA9
FFFFF85F
FFFFFE12
FFFFFF21
FFFFF32D
0000047F
FFFFF7D3
000002ED
FFFFFF0C
FFFFFDD8
FFFFF422
FFFFF6E1
0000004A
000001E3
FFFFF282
000000FE
000004B8
0000009F
FFFFFC82
0000000F
FFFFFFF0
FFFFFB7C
0000035E
0000043F
0000073A
FFFFFAFD
0000014D
FFFFFEF0
000001BB
000002FA
FFFFFC6B
FFFFFCDA
FFFFFCFE
FFFFFE7F
FFFFFB9E
000005FD
0000034B
00000431
000000ED
00000449
00000035
000006A2
FFFFFF20
000002BD
000003AD
FFFFFBFC
FFFFFF4A
FFFFF5BE
000002AA
FFFFFECE
FFFFF7EF
FFFFF651
FFFFF917
FFFFFE16
FFFFFA97
FFFFFDA1
FFFFF96C
FFFFFFBD
FFFFFCE1
FFFFF670
FFFFF84E
00000355
FFFFFBC0
FFFFFAEC
FFFFFA6D
00000395
0000050A
FFFFF8E6
FFFFFF13
FFFFFA51
FFFFFCAF
00000562
000003A2
FFFFF77B
FFFFFCBF
00000089
FFFFFB0F
00000154
FFFFFA99
00000686
00000087
000003C1
000002D2
FFFFFEC2
FFFFFE1D
FFFFFEBF
000006F4
0000005B
0000018C
000003FC
000005A5
0000007C
000004C2
00000078
00000291
FFFFF8A7
FFFFFAC0
00000111
FFFFF757
000005D9
FFFFF428
0000023D
FFFFFF9B
FFFFF8AE
FFFFFB69
000001A1
FFFFFBD9
0000043F
FFFFFF77
000001DF
FFFFF82E
FFFFFB30
FFFFFA0D
FFFFFAAA
00000784
FFFFF99D
FFFFFF64
00000292
FFFFFDC6
FFFFFBE8
FFFFFD3D
000005FB
00000967
FFFFFC21
000000D8
00000D56
00000501
FFFFF657
00000199
FFFFF81E
0000005D
0000043F
0000030C
FFFFFFBC
0000050D
FFFFFB41
FFFFF73A
FFFFF7A7
FFFFFFFB
000001B9
00000645
FFFFFF0C
FFFFFC75
000006E0
000001FA
000000D8
0000054C
000002FE
0000003A
FFFFFCCF
FFFFFD54
FFFFFBFB
FFFFFF4C
FFFFF88D
FFFFFC31
0000008C
000008A5
000006BB
FFFFF9C6
FFFFF966
FFFFFE80
000002B3
FFFFFF73
0000019E
00000976
0000022B
000002D4
FFFFFCCB
00000847
FFFFFD11
FFFFF697
FFFFFF41
FFFFFD69
000002D9
FFFFF97A
FFFFFFAC
000008F8
0000047D
00000589
FFFFFA04
00000014
00000E4B
0000038D
FFFFFC5B
00000AB4
0000029A
0000095C
00000228
0000047D
000007D4
FFFFFE38
FFFFFC90
0000090E
FFFFFAF6
FFFFF96B
FFFFFDC2
000001CB
FFFFFB00
0000000E
FFFFFABB
FFFFFF3A
000002EA
FFFFFFAA
00000A85
0000068F
0000063E
0000011D
FFFFFC55
FFFFFBB5
FFFFF176
000004F0
FFFFFE96
FFFFF615
FFFFF85C
00000006
000003FA
FFFFFF71
000005D8
00000B0B
0000033A
FFFFFFF0
00000CC7
00000B56
FFFFF76A
0000023B
00000572
FFFFFE67
00000218
000008A0
00000825
000008C0
000004F7
FFFFFF55
00000605
000000DF
FFFFFBCD
00000604
FFFFFE9C
00000173
00000821
FFFFFC56
00000308
FFFFFC30
FFFFFDCA
00000112
000000FB
000003E6
FFFFF99A
00000377
000000BF
0000010C
FFFFF778
FFFFFB63
000001F6
000000EA
000000C6
00000819
FFFFFB30
00000075
FFFFFE4C
FFFFFC9E
00000507
00000094
00000E46
00000815
000001C7
0000015F
00000BF8
000007EE
00000368
00000270
FFFFF7B9
00000334
000003AB
000002BD
FFFFF6EA
FFFFFF46
FFFFFF53
FFFFFA42
FFFFFE41
000001C9
00000311
00000446
0000091D
000000D7
000008BD
00000838
000000BC
00000721
0000043B
00000475
0000055C
FFFFFD16
00000811
000008B1
FFFFF786
FFFFFED9
00000410
FFFFFE1F
FFFFFFBA
0000047C
00000250
0000017C
FFFFF6A8
000000B9
FFFFF9D1
000004CF
0000001F
00000498
FFFFF5E4
FFFFF59C
00000481
00000002
00000405
FFFFF623
FFFFF899
FFFFFD92
FFFFF98D
00000190
FFFFF972
FFFFFEB0
0000032E
000006CB
00000B22
00000403
FFFFF5A5
FFFFFEDA
FFFFF5F9
00000605
FFFFF30B
FFFFF425
00000774
000000FC
000000F0
00000544
00000D50
FFFFFC3A
000008ED
00000689
FFFFFEB8
000006A1
00000A8E
0000073D
0000056A
FFFFFB44
FFFFF2DD
00000855
00000256
FFFFF560
FFFFFB8F
00000A30
FFFFF76B
00000725
00000262
000004D1
FFFFFB37
FFFFFE16
FFFFFF43
00000372
00000186
FFFFFCFD
FFFFF519
0000094D
00000335
00000659
FFFFFA5E
FFFFFFDA
FFFFFC55
00000668
FFFFFDE6
000001D2
00000256
0000053F
FFFFFBE9
FFFFF772
0000029F
FFFFF4A1
0000052C
FFFFF75F
00000210
00000697
FFFFFA53
FFFFFE54
FFFFFB16
FFFFF935
00000792
FFFFF7CB
FFFFFF30
00000238
000004F8
0000038F
FFFFFC0F
0000022F
00000A0A
00000701
FFFFFBCA
FFFFFF2C
FFFFF914
00000137
00000269
00000B75
FFFFF7A1
FFFFF4EE
FFFFFC8E
FFFFF956
FFFFF9A4
FFFFFA2C
FFFFF10C
0000054C
00000300
FFFFFDF6
FFFFF9A0
FFFFFA4E
FFFFF53E
000000B2
FFFFFA2F
00000151
00000694
000004E4
FFFFF8A8
FFFFF6AA
00000361
FFFFFE1E
000005B6
FFFFFAB7
000007E1
0000005B
00000785
00000DBA
00001079
FFFFFD13
FFFFF78D
0000039F
0000025E
FFFFFACA
FFFFFEB5
FFFFFF70
0000008D
FFFFFBC2
00000230
FFFFFE8F
FFFFFE4B
00000634
000001EB
FFFFFFAF
FFFFFE27
FFFFF770
FFFFFE75
FFFFFE05
FFFFF809
FFFFF9CE
00000492
000002E2
00000030
00000949
FFFFF949
FFFFFF85
FFFFFB7D
000001E2
FFFFF83A
00000647
FFFFFDDB
0000043A
0000057F
FFFFF56D
FFFFFF74
FFFFFCA5
FFFFFE30
FFFFFB8B
00000453
FFFFF92C
FFFFF756
00000C2D
00000A3E
FFFFFB02
FFFFFE6E
0000047A
00000B08
000005E8
00000B46
FFFFFAB5
FFFFFEE0
000004D5
00000188
000009AC
00000421
00000B55
00000878
FFFFFD81
FFFFF5FE
000006AD
FFFFFDD0
FFFFFA21
FFFFFC59
000008B3
000002D4
000008E7
FFFFFF53
FFFFFCD0
000006B0
0000031B
FFFFFC37
0000052A
00000966
000002AE
00000AD6
0000091F
00000187
FFFFFC90
FFFFFE44
00000B00
FFFFFF5C
0000012C
FFFFF482
FFFFFB59
FFFFF935
0000010E
FFFFFEDD
000001E4
00000445
0000038A
0000043B
FFFFFAC2
00000532
000002B2
0000024D
FFFFFA9F
FFFFFC98
000005E0
FFFFFD1E
FFFFFF31
FFFFFDDB
FFFFFDBB
FFFFFD14
0000054E
00000271
0000052F
FFFFFEBC
FFFFFFDA
00000FB1
000003AD
00000620
00000669
00000469
FFFFFE97
00000DE5
00000751
FFFFFFDB
FFFFF77B
00000A3E
FFFFF7B9
FFFFFA2E
0000066D
FFFFFD84
FFFFFA1F
0000090D
FFFFFA3B
FFFFF43E
FFFFFD6D
FFFFFCA5
0000021B
00000650
FFFFF688
FFFFF76F
FFFFFE70
FFFFF810
FFFFFABB
FFFFF848
0000057C
00000063
FFFFFCCA
000008EF
FFFFFB8E
FFFFF6F4
FFFFFBA6
000006CF
FFFFF6D9
FFFFFF79
00000791
00000A28
FFFFF6AA
000006E3
000007BF
0000013B
00000B03
FFFFFCA1
FFFFFED0
0000065E
000011B9
FFFFF272
FFFFF958
00000ACB
FFFFF01A
000001CC
000006BC
000005F7
FFFFF8AE
FFFFFB21
FFFFFFE1
FFFFFFC2
FFFFF86D
00000431
000006C4
FFFFF85B
000000EA
00000028
00000464
00000165
00000AB8
00000379
FFFFF7E2
FFFFF969
0000017F
FFFFFA72
FFFFFEAA
FFFFF893
FFFFF995
FFFFFC67
FFFFFCF2
000003EA
0000056A
00000037
000001D6
00000AE7
00000584
FFFFFD3D
FFFFFEF3
000004A7
00000447
FFFFFFB7
0000063B
FFFFFD2E
00000671
0000097F
000002CD
FFFFFD25
00000D56
FFFFF7AF
000002DC
000005E8
000004E3
00000A1F
FFFFFB34
FFFFFCF8
0000006C
0000089B
000007CF
00000533
FFFFFF0A
FFFFF6EB
0000010A
000002AD
FFFFF765
FFFFF9A9
000001AB
000001BF
FFFFF509
FFFFF2C7
000011D8
00000345
000004ED
00000B89
00000244
FFFFFE19
0000024E
00000E62
00000D0C
00000289
00000C83
FFFFFEEE
FFFFFF5B
000009A2
FFFFFEB0
00000127
00000028
00000106
000009E6
FFFFFDD3
00000A92
000003B7
FFFFFAFC
0000020F
0000027D
0000045C
000001DF
00000257
FFFFFAA0
000000DD
FFFFFD07
00000036
000003D8
FFFFFA7B
000000F4
FFFFFE71
FFFFFBFE
000006A4
0000039F
FFFFFB2E
00000354
FFFFFF78
00000020
00000796
0000069F
FFFFFCCC
FFFFFF14
FFFFFE71
FFFFF627
FFFFF5F4
FFFFF34C
0000023B
000004BC
00000511
FFFFFC5F
FFFFFEED
00000A73
FFFFFE7B
0000042B
00000612
000003BB
FFFFFD9B
0000051E
FFFFF9E4
00000073
FFFFFFE2
FFFFF96A
FFFFFD52
00000239
FFFFFA67
FFFFFD67
FFFFF6C6
FFFFFA5B
FFFFF744
FFFFF8E0
FFFFF5DA
FFFFFF22
FFFFFC7F
000005AD
0000019F
FFFFFE1C
FFFFFD92
FFFFFA01
FFFFFA43
FFFFF86C
000000D5
000002B2
000004EE
0000001A
FFFFF890
00000088
FFFFFFE4
FFFFF9EE
000000B2
FFFFFED0
000003E4
FFFFFEF7
FFFFFF2B
0000032B
FFFFFD2F
000004EA
00000550
FFFFFA53
FFFFFB2C
FFFFF575
FFFFF901
000000D3
0000003B
00000051
FFFFFCB5
0000094A
00000016
000002EB
000007C5
FFFFFD72
00000308
FFFFFF67
FFFFF8F1
FFFFFC8F
FFFFFE3D
FFFFFFD3
FFFFF77C
000008EA
0000001F
FFFFFE76
FFFFFA27
FFFFFE11
FFFFF8CD
FFFFF7DA
000003CC
FFFFFD7E
00000202
000000D7
FFFFFC16
000002CC
00000452
00000387
FFFFFC6D
000008A0
000003E8
000001A0
0000038E
FFFFFEE9
0000044F
FFFFFB2A
FFFFFC8A
FFFFFAC3
FFFFF989
00000522
FFFFFF7F
FFFFFFFA
FFFFFDB9
FFFFFE31
000001D3
FFFFFCD5
00000489
0000037A
FFFFF3E5
000003AE
FFFFFF95
00000494
000001BE
FFFFFE4F
00000593
00000680
FFFFFEE2
FFFFFDAD
FFFFFDBA
FFFFFD62
FFFFFC90
000002F4
FFFFF8E4
FFFFF84D
FFFFFDF0
FFFFF508
FFFFF7CB
FFFFFF0A
00000376
FFFFFF18
FFFFFD6F
00000521
000001F9
FFFFFDAB
000003C3
0000036B
FFFFFF00
FFFFFACC
000000BF
00000827
0000021F
000005F9
FFFFFDE7
000008D3
FFFFFBC7
FFFFFC8E
FFFFFD07
FFFFFCC3
FFFFFA3E
00000606
000002FA
0000019B
FFFFFE67
FFFFF7EA
FFFFFAC1
000007B5
FFFFF9CB
00000059
FFFFFB9C
FFFFFCA7
FFFFFD51
FFFFF732
FFFFF994
FFFFF711
000002DD
FFFFFA54
FFFFF98E
FFFFF9DA
FFFFFE10
FFFFFC26
FFFFFD62
FFFFF9E0
00000491
FFFFFAF0
00000377
000006AC
FFFFFD2D
FFFFFED5
FFFFFD6A
00000733
00000446
00000532
FFFFFFA6
FFFFFBDB
FFFFFF68
00000B4A
0000065F
000006A6
00000019
FFFFFC98
00000F63
000009B6
0000028A
FFFFFB43
000004E2
FFFFFA67
000003A6
FFFFFD86
FFFFFADF
FFFFFD0F
FFFFF6C1
FFFFFF3D
000006A0
000003CA
FFFFF8B2
FFFFFF9E
FFFFFDE2
00000220
FFFFFB62
FFFFFD08
FFFFF68F
FFFFF75F
0000010F
FFFFF618
FFFFF7A2
FFFFFB0D
00000185
FFFFF983
FFFFEFC2
FFFFFA3C
FFFFFF4C
00000095
FFFFF735
FFFFFAD8
FFFFFCFB
000006AF
00000881
FFFFFCC2
FFFFF740
FFFFF8E8
FFFFFDC9
00000283
000001BE
FFFFF89A
FFFFF92F
00000056
FFFFF923
FFFFF799
00000107
00000676
FFFFFD89
0000015B
000001E9
000002BE
0000017A
000006AC
FFFFFD9E
00000A46
FFFFFCA1
000008FD
00000217
00000046
00000264
0000019A
FFFFFCFC
00000277
00000262
FFFFFEA9
FFFFFC9E
FFFFFE4B
000003AA
FFFFFA42
FFFFFD33
00000338
000004EF
FFFFFED7
FFFFFF61
FFFFF731
FFFFFB82
FFFFFD9E
000000B3
FFFFFE9A
0000067C
00000283
FFFFFA04
00000098
00000620
00000BF9
FFFFFDF4
00000B08
0000035A
FFFFFB56
0000065E
00000736
00000966
FFFFF74C
FFFFFF74
FFFFFC1F
FFFFFD99
FFFFF730
0000000E
FFFFFEB9
FFFFFAC9
0000018B
0000013A
000004DA
FFFFFE1C
FFFFFF9E
FFFFFC35
000001C2
FFFFFFBE
00000693
00000466
FFFFF93B
FFFFFF5C
FFFFFE72
FFFFF9A7
000005AE
000000AE
FFFFFB64
00000524
FFFFFC6C
FFFFFB43
00000129
FFFFFB23
FFFFF69A
FFFFF77F
000000AD
FFFFFFBA
FFFFFDE1
00000014
FFFFFD8B
0000041B
00000785
FFFFFA55
FFFFFB39
FFFFF8BB
FFFFF6A2
FFFFFC98
FFFFFF93
FFFFFCF9
FFFFFA48
FFFFFEB3
FFFFFFF7
FFFFFF57
FFFFF819
FFFFFD9C
FFFFF8ED
00000538
00000662
00000204
FFFFFF54
FFFFFDCF
FFFFF65F
000000FC
FFFFFCE2
FFFFFBD6
0000040E
000007A8
000000C9
FFFFFCAB
FFFFFB6B
FFFFFE9C
00000803
00000DB9
0000072D
000002F8
FFFFFD97
FFFFFC74
FFFFF84B
00000145
FFFFF47E
FFFFF9BB
FFFFF890
00000491
000001A9
000003F2
FFFFFF51
FFFFFA63
FFFFFCF1
0000040F
000000F8
FFFFFF5A
FFFFF947
0000078C
00000164
000001AA
000002FA
FFFFFC15
000005DA
00000545
FFFFFBE7
000004CC
00000BBD
00000095
00000635
000006AA
FFFFFF60
000007A5
00000A30
00000298
00000006
000006EE
00000A38
000009B3
FFFFFAE8
FFFFFA07
FFFFFCA3
00000646
FFFFFD2B
FFFFFED1
FFFFFAC3
FFFFFF6D
FFFFFCA4
FFFFFF3A
FFFFF7E7
0000000A
00000101
000005B4
FFFFFE0E
FFFFF9FE
FFFFFEC0
FFFFFF4C
FFFFFC85
0000062B
FFFFFE14
FFFFFE86
FFFFFF39
0000016F
FFFFF811
FFFFFBB8
FFFFFDBC
FFFFF6F9
FFFFF4A5
FFFFFD4F
000001F9
0000023E
0000022F
FFFFFFEF
FFFFF4C8
00000340
00000229
0000042D
000001DF
000004D7
00000350
FFFFF987
0000031F
000005F9
FFFFFF3A
00000332
FFFFF959
000005C7
000003D2
FFFFFB8C
FFFFFB48
000004FC
0000062D
FFFFFC99
000000FD
FFFFFE8C
0000002F
0000034C
0000053C
FFFFFB47
FFFFFBDF
FFFFF5B7
FFFFF5F2
FFFFF6D6
FFFFFB79
00000258
FFFFFFB0
00000289
000002DB
FFFFF862
FFFFF8B4
FFFFFC2F
00000225
000002AD
00000845
FFFFF2C0
FFFFFE60
FFFFFB3D
FFFFFC92
000007C7
000005AE
FFFFFC39
000003F5
0000051F
FFFFFAA5
FFFFF5C3
000001A9
FFFFFD62
FFFFF655
FFFFFFE1
00000827
00000546
FFFFFFE6
FFFFF80B
FFFFF7A0
FFFFFF1A
FFFFF8CC
FFFFFE85
000003CE
FFFFF945
FFFFFD3D
0000032D
00000442
000004A2
00000536
FFFFF5BF
000000FF
000004AA
FFFFFDFD
FFFFFFE4
00000032
FFFFFE32
000003AB
FFFFFC50
00000794
0000003C
00000080
00000A26
00000233
00000003
00000240
000007F7
0000045E
000002B8
000002D6
FFFFF9D0
000001C3
FFFFFFF9
00000840
FFFFFDA9
00000CF0
FFFFFE05
00000454
FFFFFCA7
000001D3
FFFFFFAC
FFFFF363
FFFFFE14
000001AD
FFFFFB44
FFFFF9AA
FFFFFD29
000004D4
0000056B
FFFFFD9A
00000107
00000868
000003E7
FFFFFEF0
0000006D
00000576
FFFFF85A
000002A7
00000423
00000198
00000535
00000106
FFFFFED5
FFFFF590
FFFFF55F
FFFFF59C
FFFFFF46
FFFFFD99
FFFFFC18
FFFFFB2D
FFFFF48A
FFFFF6B9
0000012D
0000053D
0000048A
FFFFFDAF
00000253
0000033E
0000043D
0000076D
FFFFFF82
000003AC
FFFFF8DE
0000065B
FFFFF8C3
FFFFFDE4
00000D08
00000C01
FFFFF566
000006A0
000002D4
FFFFF83A
FFFFFBF4
FFFFF520
FFFFFBAD
000007A2
00000463
000009B3
00000E68
00000557
FFFFF1F9
FFFFFF5F
FFFFF816
000012A2
FFFFF836
00000C32
000001F3
FFFFF88A
FFFFEF42
FFFFFEC5
FFFFF676
FFFFFBDD
FFFFFCA3
00000883
FFFFFF9F
FFFFF50B
00000219
FFFFFACE
FFFFFE67
FFFFF93A
000000AF
00000A21
000000C5
FFFFF693
FFFFF7CC
FFFFFC74
FFFFFE5B
00000D3D
000002B4
FFFFFAA4
0000074A
0000030E
FFFFEF29
00000F01
00000124
000007F5
FFFFF176
FFFFFA68
FFFFFA4C
0000060C
00000128
00000337
00000A0F
0000007E
FFFFFE07
FFFFEED6
FFFFF37B
FFFFF429
FFFFEF96
FFFFF613
FFFFF587
FFFFFDFC
00000029
00000440
00000D8D
FFFFFF5A
00000442
000007B3
FFFFF40B
FFFFF155
0000041B
FFFFF3F4
00000699
FFFFFC5E
000008B1
FFFFFBA7
00000597
0000009B
0000036F
FFFFFC8E
FFFFF98E
000008F9
0000073B
FFFFFB30
FFFFFDF2
000004BD
FFFFFAE1
FFFFFA4E
0000066E
00000E19
00000849
FFFFF4E3
00000225
000005B2
FFFFFB07
0000075C
FFFFFD14
FFFFF81F
00000230
000003CD
00000031
000000B9
FFFFFDDF
FFFFF601
00000C32
000003ED
FFFFFCA5
00000272
00000AF3
00000403
00000410
00000BAB
0000059A
000006B1
000007B2
00000002
00000415
000008A3
0000033E
FFFFFD72
000006C0
FFFFFB37
FFFFF343
000008B5
FFFFF724
FFFFF01A
00000D3F
FFFFFF2E
FFFFFBDB
FFFFF6D0
00000082
00000D8B
FFFFFDB3
00000824
000008EE
FFFFF4D0
000008BD
FFFFF85B
000002BB
FFFFF957
00000774
FFFFFD6D
00000024
0000041E
000007FD
00000220
FFFFF881
0000054A
00000951
000001F8
0000003F
0000035F
FFFFF4AC
00000643
00000698
0000066B
00000645
FFFFF8C1
000002FF
FFFFFCFC
000006AE
000007EE
FFFFFFD6
00000DF5
000004A1
FFFFFA8F
FFFFFE62
FFFFF729
FFFFFE63
000007E5
0000066E
FFFFF5A4
FFFFF9BD
FFFFF8EA
00000275
FFFFFEF1
FFFFF458
FFFFFF06
00000839
000001FE
FFFFFAFB
FFFFF258
000005AE
000004E3
FFFFFDFD
FFFFFF79
FFFFFF9E
FFFFFA2E
00000046
FFFFFD41
FFFFF3D6
FFFFFD5C
FFFFF1EE
FFFFFAD9
FFFFF5AD
0000064F
FFFFF913
FFFFEEEF
00000C5E
0000041E
00000630
FFFFFA2C
FFFFF29A
FFFFFDDD
FFFFF663
000001B6
00000028
FFFFFC25
FFFFFE53
000004A0
FFFFFDDD
00000D24
FFFFF6FA
FFFFFA5E
000011C0
FFFFF704
FFFFFC1A
00000113
00000536
FFFFF788
0000020F
FFFFF9CC
FFFFF318
FFFFFE39
FFFFFC26
FFFFFB47
FFFFF7F9
000007A5
000002EC
00000236
FFFFFE2C
FFFFF75E
FFFFFCB0
FFFFFAE1
00000697
00000159
FFFFFE57
00000893
0000044B
00000406
000013F6
FFFFFCC2
00000E5E
00000D8B
000008DF
FFFFF492
000006B3
FFFFFEE2
0000089A
00000F3A
00000199
FFFFF59F
0000034E
00000499
00000160
00000413
000002C5
FFFFFD59
FFFFFD14
FFFFFCFC
000005B8
00000D17
000005A6
00000563
FFFFF796
FFFFF968
FFFFF65D
FFFFFEF5
FFFFFD24
00000673
000004C7
FFFFFB47
00000800
00000309
0000014F
FFFFFDF4
000002B1
FFFFFF82
000005D3
FFFFFBAA
0000098F
FFFFF980
FFFFF6FA
000005D6
0000036D
00000A8D
FFFFFDD0
FFFFF2BD
0000034E
FFFFFF4D
FFFFF881
00000BE6
FFFFF811
FFFFFC9A
FFFFEF32
00000226
00000C4B
00001106
FFFFFE0D
000005A0
FFFFFBAC
FFFFF9B9
FFFFFAB3
FFFFFFA8
FFFFFAA0
FFFFF690
FFFFFE7F
FFFFFB6D
FFFFF3C3
FFFFF949
FFFFFBCB
FFFFF9B6
FFFFF8F1
FFFFFB4D
FFFFF588
000003B7
FFFFFADB
FFFFEFE3
FFFFFBE7
FFFFFC8B
000001AF
00000155
00000999
FFFFF9AC
000008CA
00000564
000001D3
000002EE
00000638
FFFFF5E8
00000B71
FFFFF50B
FFFFF502
0000024E
FFFFFB25
FFFFF247
FFFFF52F
FFFFFCF8
FFFFF0A4
FFFFF326
0000009F
FFFFF3D0
FFFFF8B3
00000486
00000DBA
FFFFFB0D
00000012
00000C97
FFFFF7F2
FFFFFC77
FFFFF956
00000B4A
FFFFF938
FFFFFC1D
FFFFFE24
FFFFFF72
FFFFF2BA
FFFFF8C4
00000CF2
0000039C
FFFFF519
FFFFFEBA
FFFFFCF9
000003BB
FFFFFC4B
FFFFFBF8
00000126
00000E4A
000006E5
00000CEF
FFFFF111
FFFFFE15
FFFFFBDB
FFFFF4E6
FFFFFC85
FFFFF8C7
00000801
00000343
00000C53
FFFFFF04
00000CF0
FFFFFBBD
0000098E
FFFFFB5D
0000045D
000006A4
00000257
00000473
FFFFFD71
0000060A
00000A4C
FFFFFF84
0000028E
00000282
FFFFED1F
FFFFFDBF
00000365
0000023E
FFFFF7C2
FFFFFAA0
00000AE5
00001001
000007C2
FFFFF152
FFFFF2AA
00000551
00000909
FFFFF97C
000006C4
FFFFFBD1
FFFFF03A
FFFFFA6A
FFFFFE5E
00000BF3
00000461
00000344
FFFFF97C
FFFFFDE6
00000661
000002CC
00000B1D
FFFFFA4C
00000C25
FFFFFA9D
FFFFFDEB
0000038E
000008DE
000000DC
FFFFFB44
00000BAA
00000629
FFFFF7CF
FFFFFE15
00000A19
FFFFFD7B
0000019A
FFFFFFB3
000009A3
000007E0
FFFFF590
FFFFFA4E
00000196
FFFFF113
000000E8
000003D4
00000070
00000977
00000532
FFFFFF0A
FFFFF6A8
00000C72
FFFFFAB4
FFFFF1EB
000002B1
FFFFFF56
FFFFFF3D
000001C8
00000370
000014B8
00000421
00000BF6
00000348
000005C0
FFFFEEF1
FFFFF228
FFFFFC7C
FFFFFD87
00000292
0000057C
0000019C
00000AAD
00000255
FFFFF58C
FFFFFB88
0000050D
00000E7B
00000458
0000099E
00000567
FFFFF834
00000501
FFFFF57B
FFFFF9E4
FFFFF342
00000C26
00000771
00000198
FFFFF8E9
0000018E
FFFFFBD4
FFFFFBFD
FFFFFA10
000002C5
FFFFF841
FFFFF6FC
FFFFFF80
0000049C
FFFFF9C5
00000023
00000798
FFFFFB56
FFFFF348
00000316
00000921
00000ECE
FFFFFAF8
00000EA3
00000870
FFFFFCEA
00000217
000008FB
0000091A
00000152
FFFFFD82
00000527
000000CE
FFFFFB2E
00000094
00000E6C
00000028
FFFFFD1B
FFFFF5C5
0000038F
000000EA
0000053D
FFFFFB59
000001E9
000012E2
FFFFFD8F
FFFFFA50
000002BA
000002A4
FFFFF96E
00000806
00000F0B
FFFFF937
FFFFFDBF
FFFFF761
00000A09
FFFFFF62
000011C8
FFFFF98B
FFFFFF3B
FFFFFC60
0000025C
00000268
FFFFF924
0000056B
000000DA
FFFFF544
000004C8
FFFFFC7F
00000CED
FFFFF5A8
FFFFF771
FFFFF683
FFFFFC35
00000D83
0000019D
FFFFFCAC
0000006C
00000BD5
000001BD
00000451
00000075
FFFFF754
000001B4
00000244
FFFFF8FC
FFFFF8AD
FFFFF8B3
FFFFFBA5
FFFFF845
FFFFF9EA
0000007F
FFFFFDFC
FFFFF9E3
00000392
FFFFFB9F
000000DD
00000093
000004A4
FFFFFFAD
FFFFFE57
FFFFFD17
FFFFFC3D
FFFFFC34
0000022B
FFFFFFF8
FFFFFF1E
FFFFF840
00000406
FFFFFCBA
FFFFFFEC
0000016D
FFFFFD1A
FFFFFFCB
FFFFFB8D
00000143
FFFFFAD4
FFFFFF68
FFFFFC88
FFFFF8FE
FFFFFD36
000002ED
FFFFFFB3
FFFFFBB3
FFFFFC45
00000086
FFFFFC6F
0000038F
FFFFFF0A
FFFFFB4B
0000011F
0000011E
FFFFFB9F
FFFFFE4C
FFFFFF9E
0000006D
FFFFFCE1
000004CB
FFFFFD5D
00000051
FFFFFBA1
00000164
000004F6
FFFFFF17
00000083
FFFFFB8A
00000218
000003AF
00000205
FFFFFDD8
FFFFFE5E
000000E0
FFFFFDF2
FFFFFB8F
FFFFFF0A
0000008A
FFFFFD1C
FFFFFE0F
000000ED
FFFFFE3D
00000669
000002EF
FFFFFB6D
FFFFFB9A
FFFFFA9A
000000F3
FFFFFB1C
FFFFFF6D
FFFFF879
FFFFFB98
00000114
FFFFF87F
FFFFFFAD
FFFFFC21
0000021F
00000081
00000409
000001A5
000000E1
FFFFFDDB
FFFFFB89
00000121
FFFFFEAA
FFFFFD34
FFFFFC6F
000001FA
00000453
FFFFFBC5
00000344
00000598
00000023
0000006C
FFFFFBAB
000003B9
FFFFFFEA
FFFFFDE5
FFFFFEAA
00000217
FFFFFDD3
0000003D
FFFFFDCC
FFFFFFE4
FFFFFE2A
FFFFFDB0
FFFFF8F0
FFFFF8DA
FFFFFC69
FFFFFABF
FFFFFF3B
FFFFFC82
FFFFFB09
FFFFFB90
FFFFFCEE
FFFFFBDE
00000258
FFFFFEEB
000003FF
00000063
FFFFF97C
FFFFFD27
0000013E
FFFFFC63
FFFFFDFF
00000114
FFFFFEB3
FFFFF84F
FFFFFFFD
000001AD
FFFFFC18
FFFFFDE6
000004BD
0000000A
FFFFFB1A
FFFFFD88
FFFFFBFF
FFFFFDB9
FFFFFCC7
FFFFFECE
FFFFFE4C
00000202
00000093
FFFFFA72
0000046D
00000170
FFFFFEA8
00000469
FFFFF9C2
000001A8
FFFFF89B
000001AD
FFFFFEBC
FFFFFFC0
00000137
00000013
FFFFFCDA
FFFFF86E
00000460
FFFFFAEE
000000EF
000000B9
FFFFFF71
FFFFFEC9
000004E7
000003CE
FFFFFCCD
000002C4
00000634
FFFFFF0D
00000684
FFFFFF91
FFFFFA91
0000016E
FFFFFC77
FFFFFEF7
000003C9
FFFFFC8A
FFFFFCA5
00000070
FFFFFE12
FFFFFE18
00000266
FFFFFD18
FFFFFBB8
FFFFFCEA
000000B8
FFFFFE06
00000326
000001E5
FFFFFA71
0000026E
000003BE
00000206
000000E9
00000446
FFFFFF87
FFFFFCB2
FFFFFFE2
FFFFFEA8
FFFFFEAA
FFFFFC83
FFFFFC27
FFFFFE08
FFFFF819
00000170
000003AB
000000F8
FFFFFEFA
00000227
FFFFFCBB
FFFFFA28
FFFFFE89
000006DA
000003B5
FFFFFA63
00000638
0000034F
000000BE
FFFFFE57
00000442
FFFFFB83
FFFFF9CB
00000255
000004D5
FFFFFE9A
FFFFFBED
FFFFF9D1
0000006D
FFFFFF51
FFFFFD57
FFFFFF42
000004E3
FFFFF68E
FFFFFE2A
000000D3
FFFFF8D5
FFFFFEAA
FFFFFC15
00000217
00000170
FFFFFD1E
FFFFFAA4
FFFFFD7A
00000095
FFFFFEAA
FFFFFEB7
0000040F
FFFFFC0D
FFFFFC87
FFFFFB99
FFFFFB8B
0000005A
000001D0
00000007
FFFFFD6B
FFFFFC81
FFFFFA9E
00000182
FFFFFAFD
FFFFFC73
000001DB
FFFFFC4F
FFFFFC18
FFFFFB00
FFFFFE7A
0000005D
FFFFFCD2
FFFFFEBB
FFFFFDE2
0000035D
00000792
FFFFFF69
000001D3
000001B1
FFFFF871
FFFFFB87
FFFFF62E
FFFFFC62
FFFFFFAE
FFFFFA9F
FFFFFFDD
FFFFFA22
FFFFFA57
00000233
FFFFFF75
00000045
FFFFFC5A
000003DC
FFFFFB8B
00000106
000002D3
00000124
00000044
00000345
FFFFF7AA
FFFFFBAB
000001AA
000001D0
000001E4
00000296
FFFFFF89
FFFFF825
FFFFFED6
FFFFF839
FFFFF877
FFFFFF26
FFFFF8D2
FFFFF995
FFFFFB8C
FFFFFBDD
00000112
FFFFFEF4
FFFFF94D
FFFFFA31
0000000B
FFFFF8A9
FFFFF7C9
00000397
FFFFFB27
FFFFFD4A
FFFFFE5B
FFFFFD2F
000000B3
FFFFFC33
00000432
FFFFFBD0
0000005C
FFFFFDA1
00000A28
00000048
00000574
000005D2
00000071
000006FB
FFFFFEFF
000003E8
0000058F
00000A60
0000015D
FFFFFF85
000007CD
00000210
000003B8
0000029F
FFFFFCFF
000002EF
FFFFFC6B
00000455
00000290
FFFFFB02
FFFFFEFC
00000084
FFFFFF37
00000124
FFFFFB33
00000473
FFFFFFC8
00000022
FFFFFFE5
FFFFFDDD
0000025C
FFFFFBA0
FFFFFE4C
FFFFFB06
FFFFFCB6
0000007E
FFFFFD18
FFFFFE1A
FFFFFC10
FFFFFE75
FFFFFCA7
FFFFF93B
000001B7
FFFFFD45
00000145
00000341
FFFFFA8D
FFFFFC23
0000011C
FFFFFB04
FFFFFB89
FFFFFF75
FFFFFBD3
FFFFF9E2
FFFFFAF0
FFFFFF8F
FFFFFEA9
00000195
FFFFF5D2
0000001B
000002D4
000000CA
000005CA
00000564
FFFFFBC4
FFFFFC6F
000001DF
00000278
FFFFFEF3
000002B7
FFFFFBE6
FFFFF8EA
000000BC
FFFFFFFE
00000224
0000021A
000003DD
FFFFFCBB
FFFFFBA3
0000017C
FFFFFA9E
FFFFFB02
FFFFFC18
FFFFFAFC
FFFFF7F7
00000212
0000018F
FFFFFAD1
FFFFFE49
0000013B
FFFFFEFA
000000E5
FFFFFD4D
FFFFFC1A
0000027D
FFFFFD82
FFFFFF5B
00000094
FFFFFB02
00000097
FFFFFB67
FFFFFC6D
FFFFFBFA
FFFFFC25
FFFFFE4A
FFFFFA7D
FFFFFE32
FFFFFA80
FFFFFC76
FFFFFE9F
00000078
FFFFFA70
0000007A
00000040
FFFFF978
000001AF
FFFFF9D8
FFFFFEE9
FFFFFADD
00000068
FFFFF919
FFFFFDC8
FFFFFF9A
FFFFFCDD
00000152
FFFFFCC2
FFFFFB2C
000001AE
000005DF
000000FC
FFFFFE07
000002A4
00000008
FFFFFD96
FFFFFF9D
0000058A
FFFFFED9
FFFFFEBC
0000039E
FFFFFB86
FFFFFCE4
00000216
FFFFF99A
FFFFFA8A
FFFFFB54
FFFFFF8F
FFFFFD5D
FFFFFC59
000002DB
FFFFFD72
00000163
FFFFFC88
0000009F
FFFFF817
FFFFF9DD
00000072
FFFFFDCD
FFFFFE92
000001AF
000001E2
FFFFFE28
000003A9
000002C1
FFFFFB1A
FFFFFC47
FFFFFF8B
FFFFFB79
00000334
000000D5
00000074
00000514
000001B3
FFFFFE51
FFFFFB28
00000534
00000554
00000214
FFFFFD3A
FFFFFEE2
FFFFFE19
FFFFFA6B
FFFFF9B2
FFFFF94D
000004DB
FFFFFF81
FFFFFEDC
FFFFFC65
FFFFFAAA
FFFFFDE7
FFFFFD5D
00000184
000000EE
FFFFFCB0
0000036C
FFFFFD25
FFFFFF6C
00000094
00000365
FFFFFCD9
FFFFFCC2
FFFFFD31
00000180
000005B2
FFFFFEE4
000003EA
FFFFFAFA
FFFFFC53
FFFFFB1A
FFFFFAE4
0000040C
FFFFFCB5
FFFFFD54
FFFFFC1E
FFFFFC66
FFFFF93D
FFFFFB36
0000012A
FFFFFFDE
FFFFFEFF
FFFFFED6
FFFFFC3B
FFFFFE26
000000E4
FFFFFC27
000002B8
00000396
FFFFFA58
000002AA
0000048D
000000DA
00000023
FFFFFFBC
00001A8C
00000BAC
000006B7
00000D1A
000000A6
FFFFF6E1
00000E01
000005A6
00000FD1
0000013D
FFFFFE69
FFFFE9A6
000011A1
FFFFF577
00000DB2
FFFFFA32
FFFFF6A3
000000E2
00000BBF
FFFFE3AF
00000693
FFFFF4F5
FFFFF678
FFFFFA08
FFFFF871
FFFFF035
FFFFF93C
000001F1
00000C4B
FFFFFA92
FFFFF399
00000C95
000009C8
000001F9
FFFFF586
FFFFED3A
00000F72
000000F2
FFFFFEEB
00000502
00000E13
00000550
0000136D
FFFFFAD5
000008D9
FFFFEA36
00000158
FFFFF7DF
00000269
FFFFF0F7
FFFFF27E
00000000
FFFFF08A
FFFFFA0A
0000039D
FFFFFCB2
FFFFFC0F
00000697
000001F5
FFFFF211
00000588
000001CE
FFFFF659
000008D6
FFFFF204
000002D3
000008EE
00000B94
FFFFF393
FFFFF463
FFFFFC65
FFFFEF1E
FFFFF3DD
000008EF
FFFFFE44
00000EA9
FFFFFF8F
00000DBA
0000084E
00001415
FFFFF75C
FFFFF81C
000010FF
00000B33
FFFFF307
000018A8
00000612
000002D6
00000822
00000910
FFFFE8EA
FFFFEB9D
FFFFEB08
FFFFF7D5
FFFFF9E5
FFFFF808
00000451
FFFFFF08
00000554
FFFFF342
FFFFEF7A
0000121E
FFFFEDD0
FFFFF0E8
FFFFFFEB
00000803
000006CE
FFFFF7CE
FFFFFA67
FFFFFC11
0000060C
FFFFE40B
FFFFF74C
00000EBB
FFFFF89F
00000AD8
FFFFF174
000004C1
FFFFFCA9
FFFFF533
0000044E
0000140F
FFFFFB7F
FFFFED3A
00000F34
FFFFF7B7
000008BD
0000004F
FFFFFB27
FFFFF381
00000A22
FFFFFDB1
FFFFF62D
000011CA
FFFFFDB4
FFFFFA2B
FFFFF29C
FFFFEC8B
FFFFF7E9
FFFFF617
0000021B
FFFFFD30
FFFFF8B9
FFFFFE92
FFFFE7F2
00001117
FFFFF25B
000000C1
FFFFEC91
FFFFFB50
00000264
000004CE
FFFFF3A4
FFFFF173
FFFFEEEB
FFFFFBF3
FFFFEEFB
000001D0
FFFFFF79
000003DF
000004ED
FFFFF6C6
00000A84
FFFFECD7
FFFFE902
00000004
000004CD
FFFFF43C
000005D6
000003AB
000007A2
000006D6
00000722
FFFFF853
FFFFF9A9
FFFFFACE
0000001C
000004BB
00000050
000000BC
0000019D
00000B48
FFFFEE96
FFFFFB67
FFFFFA43
00000540
FFFFF61F
000007C8
000006F5
FFFFE603
00000868
FFFFEBB9
000002D4
FFFFE9F3
FFFFFF04
FFFFEE83
FFFFE31D
00000635
00000D7D
000004EC
FFFFFAD7
FFFFFB47
FFFFF8FC
FFFFFE3A
00000200
00000C6D
00000269
FFFFF0D1
00000733
FFFFFEAB
0000041C
FFFFF835
FFFFF381
FFFFFE5C
FFFFF8A0
00000BA6
FFFFF0C1
00000051
FFFFFCEC
FFFFF6CB
00000795
00001089
000006E4
0000000D
FFFFF6C8
FFFFF3F1
FFFFF3E3
0000016C
00000261
FFFFF959
FFFFFFCA
FFFFFF4B
FFFFF840
FFFFF194
FFFFE977
FFFFFD05
00000588
FFFFF183
00000257
00000D3F
FFFFF273
000007AC
00000C42
00000A37
FFFFF303
FFFFFA28
FFFFFBB9
FFFFFD5F
FFFFF7E8
00000B26
FFFFF559
FFFFECF2
000000F0
FFFFE9A5
FFFFF030
FFFFFEEF
00001291
FFFFFE90
FFFFEDE3
00001145
FFFFE867
FFFFF38D
000003EE
000006B2
00000090
00001587
FFFFF0A0
FFFFF6EE
FFFFEE11
0000060F
000008AC
FFFFFE34
FFFFF350
FFFFFD93
00000E14
00000FF1
FFFFFDA6
00000EA7
FFFFFC3B
FFFFF921
00000732
FFFFFE4C
FFFFFF3D
0000128D
000007E4
00000490
000002B6
000006BA
FFFFFB86
00001375
FFFFF794
00000463
00000D0C
0000052F
FFFFFAA4
FFFFF463
00000B5E
FFFFED02
FFFFFDA3
000000FD
00000966
0000073B
FFFFFDA4
FFFFF3C8
00000A43
0000079D
000008C3
FFFFF71D
FFFFFA69
FFFFF48F
00000537
FFFFF994
FFFFFA3D
00000AE8
FFFFED81
FFFFF129
00000B90
FFFFF8BD
00000038
00001266
000002E0
0000066A
FFFFFB60
FFFFF0FA
00000794
FFFFFB74
FFFFFE76
000003B3
FFFFFA4C
00001653
00000B2E
FFFFFA3A
FFFFFEF4
000005A0
000001EB
FFFFFF55
000008F3
00000A3E
00000033
FFFFF4EF
000016EF
000009AC
00000C27
000015F5
FFFFF438
FFFFFCE2
FFFFFA32
FFFFEE5E
FFFFFDDF
00000567
00000EDC
FFFFF3DB
FFFFFDA8
FFFFF1E3
000007A7
FFFFF381
000005F8
FFFFE779
000009D7
FFFFFE6C
FFFFF4D0
FFFFFAA6
000018F5
FFFFFF69
0000124B
0000072D
FFFFF4B2
0000081C
00000025
FFFFF6DB
FFFFFC76
000001D9
FFFFF7C5
00000C04
FFFFFA05
FFFFF58F
FFFFF36D
FFFFF763
FFFFFE90
FFFFE720
FFFFFEBF
0000058D
FFFFEF45
FFFFFFDF
00000688
00000A2C
FFFFFDE1
FFFFFAF2
FFFFF813
FFFFEA45
FFFFF1F9
FFFFE961
FFFFE7BE
FFFFFABE
00000826
FFFFF64A
0000050D
0000057B
FFFFF82B
00000F06
00001051
0000103B
FFFFFED5
000000C2
FFFFFBBC
00000FDF
00000D95
00000513
00000541
FFFFF5B8
0000084B
FFFFF96E
00000BFA
0000028E
FFFFFB27
FFFFF03F
FFFFE902
00000581
00000DFB
000003F8
00001215
000007DE
FFFFFEA9
00000266
FFFFF9A0
FFFFFF15
FFFFFABD
FFFFFFFC
FFFFFA02
000002B6
00000889
FFFFF60B
FFFFFFF7
00000523
0000085F
00000DCD
FFFFFE1D
FFFFF609
00000DE4
0000055F
FFFFEEF6
00000C7C
000011AF
00000597
FFFFFA26
00000654
000009C9
FFFFF244
FFFFFCF3
00000E83
FFFFFDF8
FFFFF005
FFFFFFD9
00000CD8
FFFFE926
FFFFFE81
FFFFFB57
FFFFF382
FFFFED5E
FFFFFCAD
FFFFEF2E
FFFFEB71
FFFFFFC5
000003B9
000000E0
00000DA9
00000314
00000FB9
FFFFEF69
FFFFFE3E
000015B1
00000861
FFFFFE7C
FFFFFE54
0000070F
FFFFFC8B
00000F52
000004CC
00000AC0
0000064F
0000154C
FFFFFBCC
00000639
FFFFFBCA
000013F4
000000C5
00000733
00000CBA
00000227
FFFFF767
00000C45
FFFFF847
FFFFF324
00000CFF
FFFFFAD7
00000F8D
0000035B
FFFFF84A
FFFFF88F
FFFFF33B
FFFFF719
00001279
FFFFF8F1
FFFFF1A4
000009E3
FFFFF168
FFFFFE58
FFFFFC08
FFFFF868
FFFFEEE8
FFFFFB6A
000005DA
FFFFF85A
000008CC
00000628
000013D1
FFFFF5EF
00000183
FFFFFC6E
000001BD
FFFFFA12
FFFFF4AD
00000993
FFFFF0EA
FFFFF771
00000BBE
FFFFFD3A
00000252
00000E7B
00001A49
0000049E
FFFFFDF2
00000532
FFFFFE32
000008F8
00000D96
000005D8
FFFFF9D2
00001045
FFFFF356
FFFFFB8A
0000101F
FFFFED4E
FFFFF78C
00001424
00000085
FFFFEF5E
000010E5
FFFFF6AB
00000887
00000BB8
FFFFF887
00000003
00000226
FFFFF2E1
FFFFFFFE
FFFFFEAB
FFFFF0E4
000010B7
0000079E
0000032C
00000A22
FFFFFCAA
000008FB
00000D20
FFFFFAD3
FFFFEEDF
00001040
0000145C
FFFFEA03
000009E9
00000218
FFFFF854
FFFFFB82
FFFFFAEC
FFFFF42E
FFFFEE43
FFFFFEEB
FFFFFD25
00000699
FFFFF3BB
FFFFF4C6
FFFFFE44
FFFFF26D
000007A5
FFFFFEFE
FFFFF652
FFFFF1E1
00000478
FFFFF6DE
FFFFF0BC
FFFFF53A
FFFFFE4B
FFFFECBA
FFFFF434
FFFFF9B6
000007E7
FFFFFE96
FFFFEB03
000005B4
000009F8
000000E1
000006F3
FFFFF5CF
FFFFF703
00000586
0000082A
00000976
FFFFF9B8
0000070F
000001D0
FFFFFC1E
FFFFF559
FFFFF6D0
000007CA
00000891
FFFFFCA3
00000432
0000017B
00000BD9
00000AC8
00000D64
FFFFF001
00000681
FFFFFBB0
00000B18
00000B49
00000722
FFFFFFE8
FFFFFC4E
000002A4
000005E8
FFFFFD6C
FFFFFBCD
FFFFFBB4
00000154
FFFFF6D8
FFFFF523
FFFFFEC9
FFFFF1B2
FFFFF900
FFFFF256
FFFFECA2
FFFFEC34
FFFFFD4B
FFFFEC7D
FFFFF9FA
FFFFFCAF
FFFFF421
000008F2
0000043F
0000057C
FFFFFB0F
000003EE
00000195
00000AEA
000007B0
FFFFF77F
00000690
00000921
FFFFF93F
FFFFFA5F
FFFFF43B
FFFFFBFF
00000AE1
000006F9
FFFFFDA7
000006EE
FFFFFE9F
FFFFF012
000004D7
000001AA
FFFFFFF3
FFFFFB93
00000708
FFFFFC20
00000091
FFFFFC18
FFFFFF08
FFFFFC25
000010EA
000000BD
00000348
FFFFFF69
0000088E
00000043
000011FC
00000BB3
FFFFF966
FFFFFDE1
00000824
000005B8
000014AA
FFFFFE5F
FFFFF46D
FFFFFECD
FFFFFC33
FFFFFA44
00000124
0000053F
FFFFF253
FFFFF5C1
FFFFFA97
FFFFFA10
FFFFF789
000002E7
FFFFF5D3
FFFFF6BE
000002B8
FFFFFAA5
00000653
FFFFFE00
00000C6A
00000888
000002C3
FFFFFA85
FFFFF921
FFFFF2EF
FFFFF70D
FFFFF637
00000715
0000005C
FFFFF40D
FFFFFE05
00001DD7
FFFFFF17
00000596
0000148E
FFFFF590
000005D8
00000900
00000EC3
000003D9
00000558
00000380
FFFFFD08
FFFFF7F5
FFFFFAE5
FFFFF8E3
FFFFFA88
FFFFFD4F
0000015B
FFFFF18B
000006AB
FFFFFE52
FFFFFF2B
FFFFF624
000006AB
000007EF
00000195
FFFFF257
00000245
0000097E
FFFFF86F
FFFFFD8F
FFFFF80D
FFFFFD76
00000174
000008B3
FFFFF6B0
00000258
00000272
FFFFF59A
00000263
0000025C
00000022
00001828
00000555
000012C7
FFFFFFDA
FFFFFD08
00000ED6
0000129C
00001525
FFFFF7FB
0000135C
000012A9
00000777
00000103
00000508
000006E6
00000434
00000DCB
00000703
000007A0
000006E8
0000035E
00000171
00000045
FFFFF506
FFFFFDCD
FFFFFDC6
FFFFFA93
FFFFFBDD
0000016F
FFFFFB94
FFFFFF17
000005F6
FFFFF8C2
0000040A
FFFFF900
0000078E
FFFFFB6C
FFFFF5BD
00000387
00000029
00000A5E
FFFFFE67
0000051A
00000292
FFFFFED8
FFFFFF1B
0000083E
FFFFFB9E
FFFFF2C2
000003FA
0000073C
00000ACA
00000561
000003A4
000004E3
FFFFF416
FFFFEE6E
FFFFF5A6
FFFFFEEC
0000069F
FFFFECA2
000001BF
00000134
FFFFFAD3
FFFFFD95
FFFFFE21
0000010A
FFFFFEBC
00000BDC
000010E9
00000234
FFFFF855
FFFFF65B
FFFFF572
FFFFF966
FFFFF034
FFFFFC2E
0000014F
00000DFA
000004DB
000002D8
00000C24
000005CC
000009F4
FFFFFCE6
000006CA
00000A3D
00000DCF
FFFFFECD
000003E3
0000056F
00000C83
0000000E
0000049A
0000093C
00000E8C
00001341
00000F9D
FFFFF1B3
FFFFF956
0000044A
000003C8
0000034F
FFFFFA0D
FFFFF347
000007C1
FFFFF85A
FFFFFC0D
FFFFF688
000009D0
FFFFF498
FFFFF11B
00000A89
FFFFFD7C
000005E3
FFFFFD5F
00000123
FFFFF304
FFFFF6CE
FFFFF643
FFFFFD44
FFFFF9F5
FFFFF944
00000893
00000C76
FFFFF9F2
FFFFF432
FFFFFF06
FFFFFF14
000005FC
0000097D
000007B7
FFFFF99A
00000426
FFFFFC59
00000B92
00000282
FFFFFBFC
FFFFF5DC
FFFFFF36
000000A4
00000489
00000C8D
FFFFF5B6
FFFFFB39
00000A08
FFFFFF58
0000078E
00000922
FFFFF9FD
00000918
FFFFF86D
0000009C
FFFFF72D
FFFFF201
FFFFFE1B
FFFFF562
00000B4F
FFFFF5EE
FFFFFB3A
0000011A
FFFFF374
FFFFF74C
00000459
0000058C
000007D3
FFFFF829
FFFFFDB3
00000585
0000031D
0000012F
00000732
00000BD0
FFFFF5C5
000007D9
00000401
FFFFF382
FFFFFC19
FFFFFF81
00000B70
00001706
0000141E
0000051F
FFFFFC86
00000381
00000B1A
0000113B
00000CA4
FFFFF653
00000BCC
FFFFFE48
FFFFEDE1
FFFFFCBE
FFFFF9EA
FFFFE818
FFFFFB63
FFFFEFB2
FFFFF967
FFFFEFC9
FFFFF944
FFFFF8EC
FFFFF177
FFFFF15B
FFFFEB2F
FFFFFEA3
FFFFF9D1
FFFFF588
00000435
000007E3
000007F3
0000012F
FFFFF8BE
FFFFF83A
000005E7
FFFFFB03
FFFFF014
FFFFFDC0
00000159
FFFFF54A
00000CC5
FFFFF5E6
FFFFED4C
FFFFFDAD
FFFFF86B
FFFFFA7B
FFFFF2B9
FFFFFD64
00000219
FFFFF657
000001E1
00000564
FFFFF391
0000067F
000005AC
FFFFECF0
FFFFF2EC
FFFFFCB2
FFFFFCA5
FFFFFAFD
FFFFFA89
FFFFFCAC
FFFFF332
000001B1
FFFFF94C
FFFFF787
FFFFF435
FFFFF52B
FFFFF837
00000302
FFFFF572
FFFFFE32
FFFFFA79
00000FAD
000005C0
FFFFF9A1
0000041B
FFFFF86C
FFFFF7BB
FFFFFF55
0000012F
FFFFF94F
FFFFFC92
FFFFF279
FFFFFA98
00000590
00000261
0000020F
FFFFF39C
000003AF
FFFFFE5B
FFFFF383
00000FD5
FFFFF363
FFFFEEF7
FFFFF862
FFFFF242
FFFFFE50
FFFFF813
FFFFF917
00000291
00000E84
000007BA
00000FF3
00000E2D
FFFFFF51
00000C8F
0000079F
000005AE
FFFFFA88
FFFFFE92
FFFFF995
000009F1
000006E0
FFFFFF47
FFFFF87D
FFFFF3CD
00000A9A
000012F1
00000AD9
FFFFFC46
00000638
FFFFFCFA
00000D47
00001057
0000002E
FFFFFC8E
0000067B
00000A29
000000DE
0000034B
FFFFF72F
00000841
0000078A
FFFFFA12
00000745
FFFFEF63
FFFFF879
FFFFF404
FFFFEB37
FFFFF687
FFFFF127
FFFFE649
FFFFF023
00000003
00000C90
000002CA
FFFFF44F
FFFFFA24
0000056D
FFFFF0A3
000007F1
FFFFF82B
FFFFF754
FFFFF5E3
000007B5
FFFFFA36
00000B5E
FFFFF9A7
000001EB
FFFFFFCF
000007F4
FFFFF3BC
00000079
000005BE
FFFFF647
00000E66
00000B21
FFFFFA6A
FFFFFBF2
000012CF
000014D6
00000CD9
00000E61
00000206
000003C8
000000F3
FFFFFF63
0000014C
000002D8
FFFFF8D8
00000EE5
00000174
FFFFF01F
FFFFFD6A
FFFFF433
FFFFF35D
00000136
00000895
000000E9
00000212
0000077E
FFFFED8E
000009C6
00000113
FFFFF654
FFFFF8A8
000003BD
FFFFFC9D
FFFFF262
FFFFFF15
FFFFFE2D
FFFFF966
00000998
0000047E
FFFFFCA6
00000076
00000D5A
0000055E
0000102D
00000115
00000B8F
00000634
0000024F
FFFFFF6C
FFFFFC9D
FFFFFA4C
FFFFFDCC
000001FA
FFFFF6AA
00000942
FFFFFE32
0000002C
000006D1
FFFFF492
FFFFF7AE
000004FF
00001215
FFFFF8E1
FFFFF8E5
0000084B
0000094D
FFFFFF66
00000784
FFFFFC61
00000265
00000094
00000926
FFFFFB1A
000002AC
FFFFFFB3
FFFFF58E
0000013D
FFFFFF0F
FFFFFDE0
FFFFF719
0000002E
0000098E
FFFFFD2B
FFFFF417
FFFFFD8D
0000031D
00000813
000002DA
FFFFFD70
FFFFFED3
00000359
FFFFF9B3
00000422
FFFFECC2
FFFFFAA0
FFFFFA84
FFFFFCD4
FFFFEB6C
000000EA
00000184
FFFFF766
FFFFFC24
000002BD
FFFFFEF0
FFFFF756
00000452
FFFFFD4C
FFFFFF72
FFFFF420
0000092B
0000055E
00000EC1
00000FE3
000007C9
FFFFEC5B
FFFFF6F8
FFFFF879
FFFFF80F
FFFFFD2C
00000A8A
FFFFFC0D
FFFFFE44
000005FB
FFFFFD2B
FFFFF5EB
FFFFFF1C
FFFFFE75
FFFFF6AE
FFFFF206
FFFFF6CE
00000070
00000031
0000049C
FFFFF4AB
FFFFFFE1
FFFFF852
000003A3
00000CAF
FFFFF8E7
FFFFF454
FFFFF8CB
FFFFF90A
FFFFED14
FFFFF792
FFFFF18D
FFFFEC7D
FFFFFBF9
00000775
00000216
00000A64
FFFFF749
FFFFF6D5
FFFFFCF6
FFFFF7C3
0000004E
FFFFFDD5
FFFFFB38
00000176
00000887
00000E28
0000071F
FFFFFD7A
00000BD5
000015C6
000007A8
000002A9
00000B73
000005CC
0000031B
00000094
FFFFFA0D
FFFFF7EF
00000863
FFFFF876
FFFFF88B
FFFFFD4C
0000025C
FFFFFEC9
FFFFFBAC
FFFFFA8C
FFFFF779
FFFFF352
0000005F
FFFFF725
000007BC
FFFFFDC8
FFFFFC65
FFFFF756
FFFFF74A
00000299
FFFFFD79
00000596
FFFFF821
00000230
FFFFFCF2
0000021A
FFFFF7AB
FFFFFED1
FFFFF4E0
0000029E
00000560
FFFFF69E
FFFFFA39
00000C30
00000260
000007D5
00000B74
FFFFFE72
FFFFFD66
FFFFFDE9
00000D44
FFFFFED4
00000F36
00000740
000003E0
0000092A
0000011F
00000080
0000006C
FFFFF67C
000000D8
00000355
FFFFF587
FFFFF9D8
FFFFFF29
FFFFF6ED
000002B6
000006E5
0000053E
00000054
000008C9
FFFFFCFF
00000AD2
FFFFF754
0000044C
FFFFFB44
FFFFF2CA
FFFFFE5D
FFFFFE15
00000C8F
00000620
FFFFFDF8
0000011E
FFFFFFAF
000005AA
FFFFFBB2
00000905
FFFFFF43
FFFFFD53
FFFFED2C
FFFFEDFA
00000173
FFFFF2C1
FFFFF701
FFFFECDF
FFFFF4BA
FFFFF59A
000005DF
FFFFFDC2
FFFFFE2C
FFFFFCDE
FFFFEFD8
000000B8
00000AA6
FFFFF740
FFFFF55F
000004BE
FFFFF5D2
FFFFF905
FFFFFDA4
000004C0
FFFFF9B4
00000712
FFFFFB05
00000603
000004EB
FFFFFD2A
FFFFFF7B
00000588
00000085
FFFFFDB5
000004C5
FFFFFF91
FFFFF3CD
00000A90
FFFFFA5E
000002AA
FFFFFA83
00001150
00001249
FFFFF56E
FFFFFE64
000003D6
000006EF
000008D5
0000052F
0000076D
FFFFFFC2
FFFFF5A2
0000078F
0000008A
FFFFFED0
000000E6
00000BF3
0000071E
00000ABC
000003E7
00000B69
000006C7
000002D9
000002B0
00000291
FFFFFD0F
FFFFFFC4
FFFFF55C
000003CD
FFFFFB7A
FFFFFA9A
000005A3
FFFFFA85
000001E7
FFFFF7E9
FFFFFC9F
FFFFF6EA
FFFFF9F4
FFFFF7CB
FFFFF700
FFFFFB3E
00000208
00000020
000003B6
FFFFFA21
0000044C
FFFFFB20
FFFFF821
00000A45
00000217
0000068E
FFFFFFD0
FFFFF080
FFFFF0A0
00000E76
FFFFF661
FFFFFFB3
00000A05
FFFFF515
FFFFFB23
FFFFFE78
000000C1
FFFFFF4C
000008CF
FFFFFE78
00000020
000008CA
000002CC
FFFFF5FC
FFFFFFFB
FFFFFD17
000001A4
0000033C
0000081B
0000083E
000002FA
00000A10
FFFFF4E1
0000052E
FFFFFA6B
00000A8E
00001225
00000D36
00000DA0
00000253
0000040E
FFFFFCF4
FFFFFD0F
FFFFF912
FFFFFF91
00000003
0000086C
FFFFFDF3
0000002C
0000023E
FFFFF2D2
FFFFFC52
FFFFFC91
000001A2
000002CD
FFFFFD14
FFFFFCC9
FFFFFBA6
000002A5
00000193
FFFFFFA8
000008DA
FFFFF75C
00000240
FFFFFF38
FFFFFE4E
FFFFF827
FFFFFDBF
FFFFF300
FFFFFFA0
FFFFF161
FFFFF87B
00000AE5
FFFFF312
FFFFEF06
00000351
0000033D
FFFFFD40
FFFFFCC8
FFFFECB0
FFFFF4FF
000006B5
FFFFF0E2
FFFFF76A
0000033C
FFFFEC7D
FFFFFB11
00000D37
000006D0
0000009F
00000D3A
FFFFFB76
00000302
00000433
00000388
FFFFF9E5
000005AF
FFFFFD0E
0000050B
FFFFFD24
FFFFFE38
FFFFFF0C
00000747
00000939
000002B9
FFFFF94F
0000091A
00000075
000006E4
0000027B
FFFFFC6F
FFFFF8B6
FFFFFDCE
00000562
00000709
00000160
000006C0
FFFFFF3E
FFFFFD3F
000008DF
000003DB
FFFFFF22
0000002E
000009FB
0000010C
FFFFFFF1
000004A9
0000036A
FFFFFB0B
00000DCB
0000004B
000004C5
00000799
0000010F
000005A4
000007CA
0000046D
FFFFFA65
FFFFFCC3
FFFFFD95
FFFFF739
00000EA4
000000E0
000008A4
000009D6
00000D8D
00001007
00000690
FFFFFB6A
FFFFFC5C
0000018B
FFFFFA11
000000B4
0000064F
000003A7
FFFFF987
FFFFFFDF
FFFFFF65
00000543
FFFFF9E1
FFFFFB0D
00001107
FFFFF983
00000B8A
00001293
00000ABA
FFFFFFDD
00000AE7
000012BB
000004BF
FFFFFB52
0000137B
0000104D
000006C1
000001AD
FFFFF907
000000BF
FFFFFACC
FFFFED3E
FFFFEE35
000007E1
00000004
FFFFF362
0000063F
FFFFF25A
FFFFF201
FFFFF9D1
FFFFFC80
FFFFF7AF
FFFFFB20
000006B4
FFFFFA70
FFFFF350
00000834
FFFFFB94
000007C7
FFFFFB9A
FFFFFF87
FFFFF8E0
FFFFFA0E
00000724
FFFFFD4A
FFFFFEF8
FFFFFC54
000001E9
0000070E
0000085C
FFFFFCC9
FFFFFE4D
0000061D
00000482
000005CE
FFFFF9C9
FFFFFE87
FFFFF7D6
FFFFF80C
00000EB3
00000E0A
00000080
00000541
0000097A
FFFFFF56
FFFFF521
FFFFF533
FFFFFA5A
0000053C
00000157
FFFFFCF2
FFFFFFE4
FFFFFDF4
00000D9A
FFFFFCA8
0000025F
000009B4
00000683
00000825
FFFFFFD2
FFFFF32A
0000028A
000005D1
FFFFFD7F
00000729
00000074
0000010E
000006AB
FFFFF80C
00000939
00000F54
FFFFFB9D
00000896
000005AE
0000043E
00000147
FFFFFC33
0000024C
FFFFFCEB
000002B5
FFFFFC5C
000000D1
00000090
FFFFF5F5
FFFFFBEC
FFFFFE8E
FFFFF8A1
0000063F
00000754
FFFFFB51
000004E1
FFFFF97A
FFFFF8EF
0000052D
FFFFFA5D
00000995
000008AA
00000436
FFFFF901
00000576
0000029F
00000E76
FFFFFDF8
000002E5
FFFFFF15
FFFFF51D
0000003F
0000038C
00000A6D
000006D2
FFFFFB8E
0000035E
000003D8
FFFFFA27
FFFFFEDD
000007CA
000007D1
FFFFFD55
000000A9
FFFFFD0F
000008FE
FFFFFC7E
00000271
00000162
00000439
FFFFF6D8
FFFFF8D7
FFFFFB6C
FFFFF4F5
FFFFFE3C
00000251
FFFFFE8C
00000415
FFFFFDFB
FFFFFD08
0000003B
FFFFFE63
FFFFFD78
FFFFFC62
FFFFFC3F
FFFFFF3C
00000914
0000001E
FFFFFCEF
00000A1E
000007C8
000000C8
FFFFF7FC
000002B5
00000041
0000039F
000000DD
FFFFFAB1
FFFFF2E1
FFFFF92C
FFFFF1AF
00000A28
000009EB
FFFFFE48
FFFFED5D
FFFFF4AE
FFFFF058
00000504
FFFFFEA1
FFFFFACC
00000256
FFFFFB23
FFFFF7C1
FFFFFF41
FFFFFC92
000000B7
0000067C
FFFFFAB4
00000351
FFFFFB47
00000333
FFFFF9DA
FFFFFCB7
FFFFF8B1
FFFFF6FA
FFFFFE46
FFFFF9D5
FFFFFFDE
FFFFFE5E
00000196
0000006E
FFFFFEF3
FFFFFA5C
FFFFFCA8
00000436
FFFFFC00
00000692
FFFFFEC0
00000617
0000074D
FFFFFF9F
FFFFF98B
000000FB
FFFFF745
FFFFF94C
FFFFF213
FFFFFDFE
00000779
FFFFF871
FFFFF4EA
FFFFF3F4
FFFFF7AC
000004D8
FFFFFCC5
FFFFFCCE
00000505
FFFFFDCF
000002BD
FFFFF9DD
FFFFFB0E
00000A44
0000051D
00000BD5
00000144
000001DC
FFFFF388
000000FC
FFFFFAFF
0000097F
FFFFFAC9
00000630
FFFFFE19
FFFFF754
FFFFFE93
00000719
00000B72
000004BF
FFFFFC49
00000027
FFFFFCC9
FFFFFD2A
00000447
0000085D
000009C4
00000323
00000860
0000046E
0000029A
00000080
0000052F
FFFFFFD7
FFFFF757
000004D3
FFFFF5F6
FFFFF68B
00000483
000006BA
FFFFFCD5
FFFFFA49
000008CA
FFFFF770
FFFFFA52
FFFFF877
FFFFF14F
FFFFF5F4
FFFFFF81
0000019A
000003CD
000001F4
FFFFFFB5
00000051
00000241
00000529
FFFFFF67
FFFFFDC3
FFFFFCAD
00000876
FFFFFA57
FFFFFEC3
00000361
000001BD
000005F2
000004C1
0000098F
000000ED
00000606
FFFFF914
00000067
0000020C
00000198
000005DA
FFFFFFA8
FFFFF7CF
FFFFF459
FFFFFF4D
000003F4
FFFFF64E
FFFFFEE4
0000012A
FFFFF97A
00000760
FFFFF78E
00000691
FFFFF6CD
FFFFF75B
FFFFED63
FFFFFEEA
FFFFFD6E
FFFFF7A9
FFFFFBAE
FFFFE97B
FFFFFC50
FFFFF897
FFFFF9C4
FFFFFBCD
FFFFF77F
FFFFFF96
FFFFF986
FFFFFDBC
00000208
0000052B
000002F7
FFFFF967
000000EA
FFFFF751
FFFFFAC5
00000105
FFFFF8DF
FFFFFEEB
FFFFFC3E
FFFFF6D1
FFFFF66F
000003B5
000007B6
00000643
FFFFFBDD
0000076C
FFFFFC61
FFFFFB4D
FFFFFFDC
FFFFFC76
FFFFF2C2
FFFFFA33
FFFFFE79
FFFFF822
FFFFF6F4
FFFFFA83
FFFFF968
FFFFF6EA
FFFFF612
00000297
00000086
FFFFFED3
00000313
FFFFFB82
FFFFFC76
FFFFFC6E
FFFFFFC0
FFFFF4EA
00000033
FFFFF5DB
FFFFFF0B
FFFFF8A6
FFFFF735
FFFFFBE1
000001B8
FFFFFFF9
FFFFFADA
FFFFF6FF
FFFFFFFD
FFFFFE2E
000004EC
000000E6
FFFFFFED
000001BE
0000034C
FFFFFA2A
FFFFF42D
FFFFF518
00000223
FFFFFFEF
000001E7
FFFFFC4F
0000008A
FFFFF462
FFFFFB2A
00000375
0000049D
FFFFFB7E
FFFFF69D
FFFFFA7C
FFFFFCFC
FFFFF15B
FFFFF474
FFFFFB56
00000634
00000044
00000122
FFFFF753
FFFFFFD6
000003C3
FFFFF7F6
00000313
FFFFF853
FFFFF619
FFFFFD69
000000B4
0000094B
00000E3E
00000256
000003E5
FFFFFB6A
000006E0
000009F1
00000CA5
0000005E
FFFFFA20
FFFFFA86
FFFFFD36
FFFFF905
0000040A
FFFFFC26
00000723
00000B4D
FFFFFD56
0000017B
0000020A
00000A3F
000006A4
00000AB2
FFFFFFF7
0000042D
0000080E
FFFFFA45
000002F9
000004F9
00000525
FFFFF3AB
000002FD
FFFFFE06
FFFFFC7F
0000007E
FFFFFD8C
0000034F
000002BB
FFFFEF65
0000038F
00000BA9
0000005A
FFFFFCF3
00000264
0000043D
FFFFF9A7
00000861
00000882
00000136
000003FF
00000890
00000BCB
FFFFFAD7
FFFFFB1E
FFFFFB25
000000DA
FFFFFD2E
FFFFFE94
00000418
0000060F
0000012C
FFFFFB75
000008EF
00000B5F
00000C7F
FFFFFFE5
FFFFFF54
00000050
00000060
0000050A
00000968
000001C8
0000057B
000008B2
FFFFFF3C
FFFFFBF2
000002AC
0000025D
FFFFFB11
FFFFF819
FFFFF686
FFFFFB42
FFFFF92F
FFFFF7A0
FFFFFE42
FFFFFFC3
FFFFFEF7
00000209
0000086E
0000044B
00000136
FFFFF3BD
000008FD
FFFFFC4B
FFFFFE00
000005DE
FFFFF898
FFFFF550
00000363
000007D2
0000001F
FFFFFEB8
00000BFE
FFFFFE9B
FFFFFA36
FFFFF9AB
FFFFFDA9
00000971
00000C2B
00000067
FFFFECF9
00000469
00000080
0000029D
FFFFFA21
FFFFF680
FFFFFE67
00000885
00000606
0000010C
00000533
FFFFF8DF
000000FC
0000023B
00000278
FFFFFCE1
000001B8
000003EB
FFFFFF68
00000115
00000008
FFFFFD4C
FFFFFFFC
000001A4
00000483
000003E1
00000613
00000074
00000609
00000385
FFFFF2D6
FFFFF74E
FFFFF920
FFFFFCFA
0000057D
FFFFFD45
0000046E
FFFFF74C
FFFFFE73
FFFFFE1F
FFFFF2F8
FFFFFF27
FFFFFC77
FFFFFE27
0000050F
0000007E
00000068
FFFFFE01
FFFFF9CE
00000013
FFFFF558
FFFFFC2B
FFFFF81E
FFFFFA9E
FFFFF934
00000253
000006D4
000002AD
0000067B
FFFFFC96
00000528
000005B1
000005F1
FFFFF944
FFFFF2BE
FFFFF6BC
FFFFF69D
00000C15
00000D1A
000002E3
FFFFF747
FFFFF807
FFFFF57B
FFFFFEC6
FFFFF9AF
000000E1
000005CA
FFFFFDCA
FFFFFF04
FFFFF62C
FFFFFB0F
FFFFFDE8
FFFFEFAC
FFFFF58F
FFFFFA93
0000083F
FFFFFF46
FFFFFE41
FFFFFE8A
FFFFF3EC
FFFFF84C
000002CD
FFFFF8EB
0000096E
FFFFFA75
00000251
FFFFFBCE
FFFFFE7B
FFFFFC09
000007DD
FFFFFBF8
00000122
000000D9
00000951
FFFFFF79
FFFFF48A
FFFFF41F
FFFFF897
FFFFFD6A
FFFFFF54
00000326
00000608
00000025
FFFFFD02
FFFFFD94
00000025
00000173
FFFFFD7D
00000783
00000854
FFFFF7B8
FFFFF871
FFFFF0DC
00000515
000004AA
00000BB7
FFFFFAB7
00000727
0000004C
FFFFFB3E
FFFFF426
FFFFF2B1
FFFFFF89
00000C86
00000391
FFFFF9B7
00000611
0000078E
0000023F
00000C74
FFFFFB1E
FFFFFBB2
FFFFF755
FFFFF6F1
FFFFFA54
FFFFFB45
000004F8
00000060
00000620
FFFFF5F8
00000475
00000132
0000072A
00000C76
FFFFF58B
FFFFFAE3
0000009D
00000451
0000095C
00000A19
FFFFF883
FFFFFB1A
00000283
FFFFFF26
FFFFFCE2
FFFFF232
00000437
FFFFF33D
FFFFFB39
00000ADD
00000548
000005E4
FFFFF4B7
FFFFFC54
FFFFFF85
FFFFFAAF
00000B89
0000079D
FFFFFA60
FFFFF72A
FFFFFD27
00000598
000003B0
000004F0
000002D8
0000018B
00000268
00000396
000001D3
00000A4D
FFFFF6AA
000003D7
00000125
00000C54
000000E4
000003FF
FFFFFD12
000008AE
FFFFF84B
FFFFFE63
FFFFF679
FFFFFD0C
FFFFFE0A
00000A11
0000074E
FFFFF8A0
FFFFFA2B
FFFFFD8C
00000137
0000053F
0000016C
00000A60
FFFFF4F1
00000743
FFFFFB55
FFFFFD7A
000006B1
0000035D
00000B2A
FFFFFE2B
FFFFFFC6
FFFFF9E5
FFFFF312
00000013
00000A3C
FFFFFB25
FFFFFCFE
00000479
FFFFF681
FFFFF708
00000576
FFFFF6D3
0000048B
000001F6
FFFFF9DB
FFFFFC76
FFFFFBEA
0000081B
0000021C
FFFFEFCB
000001CE
00000871
FFFFFCEC
0000083B
FFFFFE5A
00000936
00000994
FFFFF4B7
0000019F
FFFFFCC1
00000277
00000132
000001A8
00000478
FFFFFAAD
FFFFF7F3
FFFFFF66
FFFFFD67
000005CE
FFFFFEAD
000001E6
00000545
000001E6
00000B64
00000C97
0000010A
FFFFF4F4
FFFFFABD
0000043E
00000962
00000B2F
00000266
00000396
000001D7
000001B6
FFFFFCDE
00000303
FFFFFFCD
000005AE
FFFFFF46
00000406
00000177
FFFFFB02
00000244
0000055A
FFFFFCC8
00000C12
FFFFFC12
0000053B
FFFFF6CF
00000258
00000434
00000735
FFFFF94C
FFFFFE95
FFFFFAA8
FFFFF93B
FFFFFB48
00000915
FFFFFA48
FFFFFBD1
FFFFF906
FFFFFDE5
FFFFF5C0
FFFFF631
FFFFFF37
FFFFFD58
FFFFFB5F
FFFFFD25
FFFFFB50
00000B51
00000222
00000A7B
FFFFF85F
FFFFF730
FFFFFA30
000004D7
FFFFF21A
00000003
FFFFFD38
000004D6
000003C6
00000270
0000020D
000009A4
FFFFFBE3
FFFFF92B
FFFFFBA8
000004F3
0000090A
00000341
FFFFFA73
FFFFFBE5
FFFFF8E3
0000055B
000007AB
00000212
FFFFF562
000000D9
FFFFFD81
000009AC
FFFFFB7F
0000092B
FFFFFD1A
0000008C
0000032B
000003B7
FFFFF7E9
FFFFFD85
00000327
000004DE
0000016F
00000A5A
FFFFFB7E
00000261
00000020
000005E7
00000A46
FFFFFD0D
FFFFFA15
FFFFFB15
FFFFF676
000008BA
000009DB
FFFFFF23
FFFFFD8F
FFFFF40B
FFFFF5FB
00000595
00000CC0
00000520
FFFFF661
FFFFF9C0
FFFFFD6D
0000046E
FFFFFF1A
FFFFFD6E
FFFFF432
FFFFF866
0000034D
FFFFFF2E
00000680
FFFFFEF5
FFFFF9F4
00000948
0000126F
00000E81
0000100C
00000A39
FFFFFE56
00000438
FFFFF76C
00000564
FFFFFCD1
00000130
0000007C
000006C9
FFFFFE35
FFFFFF70
FFFFFBC8
FFFFF935
00000345
FFFFFD30
FFFFFE24
FFFFFBCA
FFFFF292
0000065E
0000016E
000001CD
FFFFFCF5
00000835
FFFFFAF2
FFFFFAA7
FFFFF8A7
000004EA
00000303
FFFFFA43
0000062C
FFFFFCAA
00000DB4
FFFFFF8A
000001F6
00000378
FFFFFEC3
000004FE
FFFFFF3E
000008C2
0000053E
FFFFF9A1
FFFFFA11
FFFFFA92
00000304
FFFFFA2A
FFFFF25F
FFFFFA6E
FFFFF7EA
FFFFFDF0
FFFFF96E
FFFFF942
0000006E
00000572
FFFFF9FC
0000014D
FFFFF80F
000004FB
000000EF
FFFFF438
FFFFFE82
FFFFFAD2
0000048E
FFFFF95A
FFFFFF60
0000086A
00000AD0
FFFFF97D
FFFFFF92
FFFFFCAC
00000864
00000A29
00000987
FFFFFC56
FFFFF8EB
000002DF
00000289
FFFFFC19
00000810
FFFFF950
FFFFFA55
FFFFF675
FFFFFB6E
FFFFFC6A
0000087C
FFFFFE1B
FFFFFBE4
FFFFF9CB
0000018C
00000B8E
00000415
FFFFFB3A
000008BE
FFFFFC29
FFFFFE00
000000D2
000004E0
00000179
0000009E
00000258
000001CB
0000046C
00000391
00000153
FFFFF36C
FFFFFC52
FFFFFEEA
00000A1A
00000D4C
000002BC
00000D1B
0000056E
FFFFFF3B
00000000
FFFFF4E6
00000D0C
0000066A
FFFFFC6D
000008A3
FFFFF7E9
00000A37
FFFFF8BB
FFFFFA09
FFFFFD97
000005A6
FFFFFF0B
FFFFFCD6
FFFFFFBF
00000726
FFFFF77E
FFFFF001
FFFFF917
FFFFFC55
000008ED
FFFFFCFC
FFFFFEC5
FFFFFEFD
00000531
FFFFFFEC
000000AE
FFFFFC9A
000000C6
FFFFFE1A
FFFFF96A
FFFFFBD6
FFFFF80E
00000572
000007E3
FFFFF83B
FFFFF531
0000044D
00000580
FFFFFDA0
FFFFF834
00000074
FFFFFA2B
00000355
FFFFFE78
00000641
FFFFFF22
00000857
FFFFFED6
0000067C
00000292
FFFFFE83
FFFFFE4C
FFFFFC58
00000400
FFFFFFEA
000001CC
0000000D
00000548
FFFFF6F6
FFFFFC56
FFFFF587
00000771
00000D40
0000000C
00000687
FFFFFEB0
FFFFFF1E
FFFFF9BF
000006E3
000009BB
000006C2
00000B4E
FFFFF952
FFFFEF62
FFFFFC2E
FFFFFEC7
000002FA
FFFFFFE0
FFFFF215
00000399
00000DB9
0000022F
FFFFFB0F
FFFFFF75
000000E2
00000271
000003C6
000003F2
FFFFF753
FFFFF60D
FFFFF613
00000A54
00000AC5
FFFFFF1B
000002D8
FFFFF7D2
FFFFF2FA
0000026B
FFFFFB27
0000071F
0000062F
FFFFFEB2
FFFFFCC9
FFFFFA59
000003CA
FFFFFB88
FFFFFC42
FFFFFD59
FFFFFF39
FFFFFAF2
00000541
000003C3
FFFFF7A3
00000231
00000292
00000327
000000CD
FFFFFEF2
FFFFFAC3
000004C3
FFFFFA8A
000008BC
FFFFFB1B
00000AE0
000004C4
FFFFFDD0
FFFFFD4B
000009A4
00000695
0000022C
FFFFF2FD
FFFFF6F4
0000002A
FFFFFA82
FFFFFB51
FFFFF643
000000F9
00000101
FFFFFCCF
00000203
00000B7F
0000080C
FFFFF053
FFFFF013
FFFFFBDE
FFFFFF48
00000A8F
00000161
000003D8
FFFFFF40
FFFFFDD1
FFFFFE62
FFFFFEC9
00000511
000005A8
00000257
00000B39
000004E5
FFFFFB2B
FFFFFE37
FFFFFEEC
FFFFF78A
FFFFFD7D
FFFFFDBA
0000055F
0000087F
FFFFFABD
FFFFFFA0
00000177
00000681
0000054D
00000185
FFFFFB73
FFFFFC1E
FFFFF94B
FFFFF9F1
FFFFF798
000006FC
FFFFFFF3
000000D6
FFFFFFB2
00000021
00000DAD
FFFFFE8B
FFFFFE90
00000296
FFFFFF12
00000099
FFFFEE05
FFFFF550
FFFFEE3E
FFFFF615
FFFFFA19
00000083
FFFFF859
00000459
000005F1
000006D3
FFFFFF67
00000114
0000026B
00000AD4
FFFFF36C
00000370
FFFFFAB4
0000049D
00001095
000000C4
0000003A
FFFFF895
FFFFF887
FFFFFE2B
00000312
FFFFFE7F
00000195
FFFFEF54
FFFFFA11
FFFFFADA
00000574
0000066B
00000578
00000309
FFFFFB32
00000296
0000054A
00000A3D
FFFFFACE
FFFFFDC8
FFFFFA77
00000112
FFFFFD68
FFFFFDE6
FFFFF326
FFFFFE82
FFFFFA17
0000053F
000004B1
000009D8
00000553
000005E5
FFFFFCDE
FFFFFC69
00000B43
00000887
00000001
FFFFF390
FFFFFA85
FFFFFBF4
FFFFFD98
FFFFF7A5
FFFFFA9C
FFFFFAFE
FFFFFD35
FFFFFC1F
FFFFFD6E
FFFFF072
00000107
FFFFF6EA
FFFFF935
FFFFFFF4
FFFFFA33
FFFFFCE5
FFFFFAA1
FFFFF82B
000007AA
FFFFFFDA
00000804
FFFFFB1F
00000EFF
00000269
FFFFFAAE
FFFFF78F
FFFFFD61
000003C3
FFFFF9FF
FFFFFF13
FFFFF656
FFFFF78C
FFFFF148
00000137
00000500
FFFFF47B
FFFFFBA0
FFFFFA3B
FFFFFA28
00000010
FFFFF413
000001DD
FFFFF444
FFFFFE81
FFFFFC68
FFFFF813
00000390
000005CD
FFFFF7F6
FFFFFD96
000008E6
FFFFFC5F
FFFFFA98
FFFFFD50
FFFFFF2C
00000487
FFFFFE8B
FFFFFB77
FFFFFD1E
FFFFFA7E
00000775
FFFFFE33
FFFFF9E0
FFFFFDBC
00000492
00000031
FFFFF756
FFFFFB0E
00000394
000000D2
FFFFFE8E
00000058
000003E0
FFFFFC3F
00000653
000000A8
00000515
000004A7
FFFFFD54
FFFFFDB1
00000D3A
00000062
FFFFFD54
FFFFFF48
FFFFF813
00000340
FFFFF74F
FFFFF6C0
00000468
000004F2
0000006F
0000073F
FFFFFF10
FFFFFC29
FFFFFFDE
00000285
00000222
000003AC
000005F8
FFFFFDDD
FFFFF93D
00000103
FFFFF392
000008F7
FFFFFF58
FFFFFE9C
FFFFFF00
FFFFFDFB
FFFFFC6B
0000002C
FFFFFEF5
FFFFFDF3
00000C8F
00000358
000001B1
FFFFFD0D
0000076C
000004E9
FFFFFCE0
FFFFFF76
FFFFFFE6
FFFFFEDB
FFFFF833
FFFFF9B7
FFFFFA3C
FFFFF697
FFFFFDDD
FFFFFFF4
FFFFFF59
000008D5
FFFFFF3A
0000074F
000007F7
00000270
FFFFFF38
FFFFFF89
000007F5
000005F3
FFFFFC96
FFFFFF63
FFFFFF38
00000AE6
FFFFF4F6
000005AD
000002D8
00000C64
FFFFFFEE
00000659
00000D40
00000362
FFFFFB54
00000895
FFFFFBF5
FFFFFC20
00000C06
00000184
FFFFFD82
FFFFFA44
00000306
FFFFFBA5
00000B14
00000126
000003AF
FFFFF504
FFFFFF86
FFFFFE6A
000004EB
FFFFF60A
FFFFFD6D
000001DA
FFFFF64B
FFFFF95E
FFFFF30B
00000275
FFFFFC03
FFFFF562
000007E4
FFFFFA14
FFFFF9A0
00000388
FFFFFBF0
00000BC3
00000AF2
000001E2
000004D9
00000B09
FFFFFBAB
FFFFFB58
000005C1
FFFFFA1F
0000087E
00000FD8
00000DAE
00000758
FFFFF7C9
0000068F
000014E4
0000090A
0000043A
FFFFFC62
FFFFFA6A
FFFFFABF
FFFFFD6F
00000A3D
FFFFF8EF
FFFFF9FE
000003EE
000007E6
00000623
FFFFFF6D
FFFFFD4B
FFFFFD49
00000276
00000E4A
00000553
0000093C
FFFFFA96
FFFFF9D5
FFFFFC05
FFFFF606
00000239
FFFFFE89
FFFFF858
FFFFFB35
000003C0
FFFFF555
0000096B
00000BE7
000009C4
00000498
00000AAD
FFFFFC74
FFFFFF94
00000A78
FFFFFF8B
FFFFF0FB
FFFFFD60
0000065F
FFFFF580
00000ADF
FFFFFBD2
FFFFF479
FFFFF730
FFFFF66E
000001FF
00000673
0000015B
00000160
FFFFFE15
FFFFFDE1
000001BE
000006C3
000009F1
00000415
FFFFFCF5
00000192
FFFFFE31
FFFFFA9E
000000A9
00000829
00000A0E
000005E0
000003D9
000006B4
FFFFFF04
FFFFFC21
FFFFF8FA
FFFFFCAF
00000035
FFFFFB3E
FFFFFE74
FFFFFCFA
FFFFF465
00000351
000005C6
FFFFFE94
FFFFFEF0
000000DD
FFFFFBA8
0000005C
000008E1
FFFFFF82
00000582
0000034E
00000C0C
00000422
0000026D
0000027C
FFFFF9C8
000008DC
FFFFF6C4
FFFFFFA9
FFFFFBF3
00000530
0000027F
FFFFFD6E
FFFFF6CE
FFFFFC39
FFFFFA61
FFFFFE12
FFFFFBAF
FFFFF870
000004D6
0000061F
FFFFF9E2
FFFFFF6E
FFFFFE18
FFFFFAA4
000000CE
FFFFFCA7
000000BE
00000861
FFFFFF82
00000159
00000123
FFFFF7AE
FFFFF9A3
FFFFF50C
FFFFF662
FFFFFAF5
000001D6
000007B9
FFFFF877
FFFFEF89
0000010B
FFFFFB4A
000005AD
FFFFFD53
000005F4
FFFFFE27
0000027A
00000435
FFFFFD93
FFFFF8F8
000003AA
FFFFF300
000000CD
00000845
0000050C
00000765
FFFFF726
000002C5
FFFFFBFB
FFFFFBD7
0000052E
FFFFFFAA
000004C2
00000046
00000783
00000008
FFFFFA6B
FFFFFFA0
0000045F
FFFFFCB9
000006A0
000009D9
00000207
FFFFFF22
000007D3
FFFFFE87
FFFFFBD0
FFFFFBBF
000006FD
FFFFFEA0
FFFFFB1D
000008F9
00000820
0000014E
FFFFFCC4
FFFFFEE6
FFFFFD5D
0000078C
000002D8
FFFFFE15
000009FB
FFFFF9FC
0000006F
FFFFFD5D
FFFFF788
0000028D
0000040C
FFFFFCF6
FFFFF7DE
FFFFF845
FFFFFFE4
000000ED
FFFFF947
00000542
00000B49
00000CC3
FFFFFB64
FFFFFD06
0000071F
0000020A
FFFFFD0F
000002CF
000008BC
00000212
00000962
00000091
00000C76
FFFFFE77
000005BE
FFFFFC81
FFFFFA2F
FFFFFA22
FFFFF90E
000002C4
FFFFFE2A
000003FB
00000526
FFFFFF46
FFFFFFAC
00000408
FFFFFD70
00000406
000001D7
FFFFFAF5
FFFFFEE1
FFFFFA8A
FFFFFCF8
FFFFF199
FFFFFA6D
FFFFFA63
FFFFF5FA
000000BF
FFFFFB8D
FFFFF6C5
FFFFF0E8
FFFFF701
FFFFFBDC
FFFFFCBD
FFFFFE0E
FFFFF530
FFFFF597
FFFFF97C
FFFFF390
FFFFF575
00000875
000003A2
FFFFF600
FFFFFFB6
000004B6
FFFFFFC6
FFFFFD82
00000306
FFFFFE91
FFFFF911
00000072
FFFFFFD1
FFFFFC59
000001F6
00000AE9
00000337
00000927
00000765
0000000C
00000988
000007C1
00000853
FFFFF640
FFFFFEA2
FFFFFABC
FFFFF7F7
FFFFF5A9
0000011E
FFFFFE40
FFFFF659
FFFFFC65
FFFFF68E
FFFFF8B9
000000A0
FFFFF9F2
0000089C
000005C7
FFFFF9CB
FFFFF9A1
FFFFF985
FFFFFCDB
00000521
FFFFFBF6
FFFFF713
FFFFF922
FFFFFF8A
000004E8
00000401
FFFFFEBA
FFFFFBC9
00000222
00000311
00000BBD
FFFFF910
00000837
FFFFFEC4
FFFFF730
0000036D
FFFFF9D0
00000249
000001BA
FFFFFD54
FFFFFC29
FFFFFA22
00000013
FFFFF3F6
FFFFFE27
FFFFFBA8
000005AD
00000240
FFFFFF3A
0000057E
000003E7
00000225
FFFFFD1A
FFFFFACA
FFFFFB8B
000007E9
0000052A
0000057E
00000127
00000161
00000331
FFFFF7DC
FFFFF685
FFFFF4FA
FFFFFCAB
00000008
00000045
FFFFFF5C
FFFFF646
FFFFFC53
FFFFF95C
FFFFFF35
000007F9
FFFFFD05
FFFFFB75
00000D55
00000507
000007F8
00000251
00000030
000003C1
000009AA
FFFFFBAC
0000059A
FFFFFAC7
0000049D
FFFFF578
000007FB
0000071E
000004E7
FFFFFA74
FFFFFDB4
0000079E
00000DD6
FFFFFEEE
0000027C
FFFFFB52
FFFFF13B
FFFFFBE4
000002DF
FFFFFB21
FFFFFB3C
00000033
FFFFF4A3
FFFFF509
0000044F
FFFFF662
0000028F
FFFFFC2C
FFFFF7D6
0000034E
00000B26
00000B9D
000006C0
FFFFFB69
0000005C
000005FE
